Info: Saved as "sign-painted.blend"
INFO Draco mesh compression is available, use library at C:\Users\SM - Dan\Documents\GitHub\slingmods-three-wheel-tour-rebuild\.tools\blender-4.5.2-windows-x64\4.5\scripts\addons_core\io_scene_gltf2\extern_draco.dll
10:33:41 | INFO: Starting glTF 2.0 export
10:33:41 | INFO: Extracting primitive: Cube
10:33:41 | WARNING: More than one shader node tex image used for a texture. The resulting glTF sampler will behave like the first shader node tex image.
10:33:41 | INFO: Primitives created: 1
10:33:41 | INFO: Extracting primitive: Cube.001
10:33:41 | INFO: Primitives created: 1
10:33:41 | INFO: Extracting primitive: Cube.002
10:33:41 | INFO: Primitives created: 1
10:33:41 | INFO: Extracting primitive: Cylinder
10:33:41 | INFO: Primitives created: 1
10:33:41 | INFO: Extracting primitive: Cylinder.001
10:33:41 | INFO: Primitives created: 1
10:33:41 | INFO: Extracting primitive: Cube.003
10:33:41 | INFO: Primitives created: 1
10:33:41 | INFO: Extracting primitive: Cylinder.002
10:33:41 | INFO: Primitives created: 1
10:33:41 | INFO: Extracting primitive: Cylinder.003
10:33:41 | INFO: Primitives created: 1
10:33:41 | INFO: Extracting primitive: logo paint clipped to plank
10:33:41 | WARNING: More than one shader node tex image used for a texture. The resulting glTF sampler will behave like the first shader node tex image.
10:33:41 | INFO: Primitives created: 1
10:33:41 | INFO: Extracting primitive: Cube.004
10:33:41 | INFO: Primitives created: 1
10:33:41 | INFO: Extracting primitive: Cylinder.004
10:33:41 | INFO: Primitives created: 1
10:33:41 | INFO: Extracting primitive: Cylinder.005
10:33:41 | INFO: Primitives created: 1
10:33:41 | INFO: Extracting primitive: logo paint clipped to plank.001
10:33:41 | INFO: Primitives created: 1
10:33:41 | INFO: Extracting primitive: Cube.005
10:33:41 | INFO: Primitives created: 1
10:33:41 | INFO: Extracting primitive: Cylinder.006
10:33:41 | INFO: Primitives created: 1
10:33:41 | INFO: Extracting primitive: Cylinder.007
10:33:41 | INFO: Primitives created: 1
10:33:41 | INFO: Extracting primitive: logo paint clipped to plank.002
10:33:41 | INFO: Primitives created: 1
10:33:41 | INFO: Extracting primitive: Cube.006
10:33:41 | INFO: Primitives created: 1
10:33:41 | INFO: Extracting primitive: Cylinder.008
10:33:41 | INFO: Primitives created: 1
10:33:41 | INFO: Extracting primitive: Cylinder.009
10:33:41 | INFO: Primitives created: 1
10:33:42 | INFO: Finished glTF 2.0 export in 0.6875855922698975 s

10:33:42 | INFO: Starting glTF 2.0 export
10:33:42 | INFO: Extracting primitive: Cube
10:33:42 | WARNING: More than one shader node tex image used for a texture. The resulting glTF sampler will behave like the first shader node tex image.
10:33:42 | INFO: Primitives created: 1
10:33:42 | INFO: Extracting primitive: Cube.001
10:33:42 | INFO: Primitives created: 1
10:33:42 | INFO: Extracting primitive: Cube.002
10:33:42 | INFO: Primitives created: 1
10:33:42 | INFO: Extracting primitive: Cylinder
10:33:42 | INFO: Primitives created: 1
10:33:42 | INFO: Extracting primitive: Cylinder.001
10:33:42 | INFO: Primitives created: 1
10:33:42 | INFO: Extracting primitive: Cube.003
10:33:42 | INFO: Primitives created: 1
10:33:42 | INFO: Extracting primitive: Cylinder.002
10:33:42 | INFO: Primitives created: 1
10:33:42 | INFO: Extracting primitive: Cylinder.003
10:33:42 | INFO: Primitives created: 1
10:33:42 | INFO: Extracting primitive: logo paint clipped to plank
10:33:42 | WARNING: More than one shader node tex image used for a texture. The resulting glTF sampler will behave like the first shader node tex image.
10:33:42 | INFO: Primitives created: 1
10:33:42 | INFO: Extracting primitive: Cube.004
10:33:42 | INFO: Primitives created: 1
10:33:42 | INFO: Extracting primitive: Cylinder.004
10:33:42 | INFO: Primitives created: 1
10:33:42 | INFO: Extracting primitive: Cylinder.005
10:33:42 | INFO: Primitives created: 1
10:33:42 | INFO: Extracting primitive: logo paint clipped to plank.001
10:33:42 | INFO: Primitives created: 1
10:33:42 | INFO: Extracting primitive: Cube.005
10:33:42 | INFO: Primitives created: 1
10:33:42 | INFO: Extracting primitive: Cylinder.006
10:33:42 | INFO: Primitives created: 1
10:33:42 | INFO: Extracting primitive: Cylinder.007
10:33:42 | INFO: Primitives created: 1
10:33:42 | INFO: Extracting primitive: logo paint clipped to plank.002
10:33:42 | INFO: Primitives created: 1
10:33:42 | INFO: Extracting primitive: Cube.006
10:33:42 | INFO: Primitives created: 1
10:33:42 | INFO: Extracting primitive: Cylinder.008
10:33:42 | INFO: Primitives created: 1
10:33:42 | INFO: Extracting primitive: Cylinder.009
10:33:42 | INFO: Primitives created: 1
10:33:42 | INFO: Finished glTF 2.0 export in 0.1469130516052246 s

Info: Saved as "sign-routed.blend"
10:33:42 | INFO: Starting glTF 2.0 export
10:33:42 | INFO: Extracting primitive: Cube.007
10:33:42 | WARNING: More than one shader node tex image used for a texture. The resulting glTF sampler will behave like the first shader node tex image.
10:33:42 | INFO: Primitives created: 1
10:33:42 | INFO: Extracting primitive: Cube.008
10:33:42 | INFO: Primitives created: 1
10:33:42 | INFO: Extracting primitive: Cube.009
10:33:42 | INFO: Primitives created: 1
10:33:42 | INFO: Extracting primitive: Routed cedar face 0
10:33:42 | INFO: Primitives created: 1
10:33:42 | INFO: Extracting primitive: Cylinder.010
10:33:42 | INFO: Primitives created: 1
10:33:42 | INFO: Extracting primitive: Cylinder.011
10:33:42 | INFO: Primitives created: 1
10:33:42 | INFO: Extracting primitive: Cube.010
10:33:42 | INFO: Primitives created: 1
10:33:42 | INFO: Extracting primitive: Routed cedar face 1
10:33:42 | INFO: Primitives created: 1
10:33:42 | INFO: Extracting primitive: Cylinder.012
10:33:42 | INFO: Primitives created: 1
10:33:42 | INFO: Extracting primitive: Cylinder.013
10:33:42 | INFO: Primitives created: 1
10:33:42 | INFO: Extracting primitive: LogoBounds_1
10:33:42 | WARNING: More than one shader node tex image used for a texture. The resulting glTF sampler will behave like the first shader node tex image.
10:33:42 | INFO: Primitives created: 1
10:33:42 | INFO: Extracting primitive: Cube.011
10:33:42 | INFO: Primitives created: 1
10:33:42 | INFO: Extracting primitive: Routed cedar face 2
10:33:42 | INFO: Primitives created: 1
10:33:42 | INFO: Extracting primitive: Cylinder.014
10:33:42 | INFO: Primitives created: 1
10:33:42 | INFO: Extracting primitive: Cylinder.015
10:33:42 | INFO: Primitives created: 1
10:33:42 | INFO: Extracting primitive: LogoBounds_2
10:33:42 | INFO: Primitives created: 1
10:33:42 | INFO: Extracting primitive: Cube.012
10:33:42 | INFO: Primitives created: 1
10:33:42 | INFO: Extracting primitive: Routed cedar face 3
10:33:42 | INFO: Primitives created: 1
10:33:42 | INFO: Extracting primitive: Cylinder.016
10:33:42 | INFO: Primitives created: 1
10:33:42 | INFO: Extracting primitive: Cylinder.017
10:33:42 | INFO: Primitives created: 1
10:33:42 | INFO: Extracting primitive: LogoBounds_3
10:33:42 | INFO: Primitives created: 1
10:33:42 | INFO: Extracting primitive: Cube.013
10:33:42 | INFO: Primitives created: 1
10:33:42 | INFO: Extracting primitive: Routed cedar face 4
10:33:42 | INFO: Primitives created: 1
10:33:42 | INFO: Extracting primitive: Cylinder.018
10:33:42 | INFO: Primitives created: 1
10:33:42 | INFO: Extracting primitive: Cylinder.019
10:33:42 | INFO: Primitives created: 1
10:33:43 | INFO: Finished glTF 2.0 export in 0.6954820156097412 s

10:33:43 | INFO: Starting glTF 2.0 export
10:33:43 | INFO: Extracting primitive: Cube.007
10:33:43 | WARNING: More than one shader node tex image used for a texture. The resulting glTF sampler will behave like the first shader node tex image.
10:33:43 | INFO: Primitives created: 1
10:33:43 | INFO: Extracting primitive: Cube.008
10:33:43 | INFO: Primitives created: 1
10:33:43 | INFO: Extracting primitive: Cube.009
10:33:43 | INFO: Primitives created: 1
10:33:43 | INFO: Extracting primitive: Routed cedar face 0
10:33:43 | INFO: Primitives created: 1
10:33:43 | INFO: Extracting primitive: Cylinder.010
10:33:43 | INFO: Primitives created: 1
10:33:43 | INFO: Extracting primitive: Cylinder.011
10:33:43 | INFO: Primitives created: 1
10:33:43 | INFO: Extracting primitive: Cube.010
10:33:43 | INFO: Primitives created: 1
10:33:43 | INFO: Extracting primitive: Routed cedar face 1
10:33:43 | INFO: Primitives created: 1
10:33:43 | INFO: Extracting primitive: Cylinder.012
10:33:43 | INFO: Primitives created: 1
10:33:43 | INFO: Extracting primitive: Cylinder.013
10:33:43 | INFO: Primitives created: 1
10:33:43 | INFO: Extracting primitive: LogoBounds_1
10:33:43 | WARNING: More than one shader node tex image used for a texture. The resulting glTF sampler will behave like the first shader node tex image.
10:33:43 | INFO: Primitives created: 1
10:33:43 | INFO: Extracting primitive: Cube.011
10:33:43 | INFO: Primitives created: 1
10:33:43 | INFO: Extracting primitive: Routed cedar face 2
10:33:43 | INFO: Primitives created: 1
10:33:43 | INFO: Extracting primitive: Cylinder.014
10:33:43 | INFO: Primitives created: 1
10:33:43 | INFO: Extracting primitive: Cylinder.015
10:33:43 | INFO: Primitives created: 1
10:33:43 | INFO: Extracting primitive: LogoBounds_2
10:33:43 | INFO: Primitives created: 1
10:33:43 | INFO: Extracting primitive: Cube.012
10:33:43 | INFO: Primitives created: 1
10:33:43 | INFO: Extracting primitive: Routed cedar face 3
10:33:43 | INFO: Primitives created: 1
10:33:43 | INFO: Extracting primitive: Cylinder.016
10:33:43 | INFO: Primitives created: 1
10:33:43 | INFO: Extracting primitive: Cylinder.017
10:33:43 | INFO: Primitives created: 1
10:33:43 | INFO: Extracting primitive: LogoBounds_3
10:33:43 | INFO: Primitives created: 1
10:33:43 | INFO: Extracting primitive: Cube.013
10:33:43 | INFO: Primitives created: 1
10:33:43 | INFO: Extracting primitive: Routed cedar face 4
10:33:43 | INFO: Primitives created: 1
10:33:43 | INFO: Extracting primitive: Cylinder.018
10:33:43 | INFO: Primitives created: 1
10:33:43 | INFO: Extracting primitive: Cylinder.019
10:33:43 | INFO: Primitives created: 1
10:33:43 | INFO: Finished glTF 2.0 export in 0.2123124599456787 s

Info: Saved as "points-10.blend"
10:33:43 | INFO: Starting glTF 2.0 export
10:33:43 | INFO: Extracting primitive: beveled eight-tooth gear rim
10:33:43 | INFO: Primitives created: 1
10:33:43 | INFO: Extracting primitive: Cylinder.021
10:33:43 | INFO: Primitives created: 1
10:33:43 | INFO: Extracting primitive: Cylinder.022
10:33:43 | INFO: Primitives created: 1
10:33:43 | INFO: Extracting primitive: Cylinder.023
10:33:43 | INFO: Primitives created: 1
10:33:43 | INFO: Extracting primitive: Cylinder.025
10:33:43 | INFO: Primitives created: 1
10:33:43 | INFO: Extracting primitive: Cylinder.026
10:33:43 | INFO: Primitives created: 1
10:33:43 | INFO: Extracting primitive: Cylinder.027
10:33:43 | INFO: Primitives created: 1
10:33:43 | INFO: Extracting primitive: Cylinder.020
10:33:43 | INFO: Primitives created: 1
10:33:43 | INFO: Extracting primitive: Cylinder.024
10:33:43 | INFO: Primitives created: 1
10:33:43 | INFO: Extracting primitive: Torus
10:33:43 | INFO: Primitives created: 1
10:33:43 | INFO: Extracting primitive: Torus.001
10:33:43 | INFO: Primitives created: 1
10:33:43 | INFO: Finished glTF 2.0 export in 0.02603912353515625 s

Info: Saved as "points-25.blend"
10:33:43 | INFO: Starting glTF 2.0 export
10:33:43 | INFO: Extracting primitive: beveled eight-tooth gear rim.001
10:33:43 | INFO: Primitives created: 1
10:33:43 | INFO: Extracting primitive: Cylinder.029
10:33:43 | INFO: Primitives created: 1
10:33:43 | INFO: Extracting primitive: Cylinder.030
10:33:43 | INFO: Primitives created: 1
10:33:43 | INFO: Extracting primitive: Cylinder.031
10:33:43 | INFO: Primitives created: 1
10:33:43 | INFO: Extracting primitive: Cylinder.033
10:33:43 | INFO: Primitives created: 1
10:33:43 | INFO: Extracting primitive: Cylinder.034
10:33:43 | INFO: Primitives created: 1
10:33:43 | INFO: Extracting primitive: Cylinder.035
10:33:43 | INFO: Primitives created: 1
10:33:43 | INFO: Extracting primitive: Cylinder.028
10:33:43 | INFO: Primitives created: 1
10:33:43 | INFO: Extracting primitive: Cylinder.032
10:33:43 | INFO: Primitives created: 1
10:33:43 | INFO: Extracting primitive: Torus.002
10:33:43 | INFO: Primitives created: 1
10:33:43 | INFO: Extracting primitive: Torus.003
10:33:43 | INFO: Primitives created: 1
10:33:43 | INFO: Finished glTF 2.0 export in 0.026080608367919922 s

Info: Saved as "points-50.blend"
10:33:43 | INFO: Starting glTF 2.0 export
10:33:43 | INFO: Extracting primitive: beveled eight-tooth gear rim.002
10:33:43 | INFO: Primitives created: 1
10:33:43 | INFO: Extracting primitive: Cylinder.037
10:33:43 | INFO: Primitives created: 1
10:33:43 | INFO: Extracting primitive: Cylinder.038
10:33:43 | INFO: Primitives created: 1
10:33:43 | INFO: Extracting primitive: Cylinder.039
10:33:43 | INFO: Primitives created: 1
10:33:43 | INFO: Extracting primitive: Cylinder.041
10:33:43 | INFO: Primitives created: 1
10:33:43 | INFO: Extracting primitive: Cylinder.042
10:33:43 | INFO: Primitives created: 1
10:33:43 | INFO: Extracting primitive: Cylinder.043
10:33:43 | INFO: Primitives created: 1
10:33:43 | INFO: Extracting primitive: Cylinder.036
10:33:43 | INFO: Primitives created: 1
10:33:43 | INFO: Extracting primitive: Cylinder.040
10:33:43 | INFO: Primitives created: 1
10:33:43 | INFO: Extracting primitive: Torus.004
10:33:43 | INFO: Primitives created: 1
10:33:43 | INFO: Extracting primitive: Torus.005
10:33:43 | INFO: Primitives created: 1
10:33:43 | INFO: Finished glTF 2.0 export in 0.024653196334838867 s

Info: Saved as "points-100.blend"
10:33:43 | INFO: Starting glTF 2.0 export
10:33:43 | INFO: Extracting primitive: beveled eight-tooth gear rim.003
10:33:43 | INFO: Primitives created: 1
10:33:43 | INFO: Extracting primitive: Cylinder.045
10:33:43 | INFO: Primitives created: 1
10:33:43 | INFO: Extracting primitive: Cylinder.046
10:33:43 | INFO: Primitives created: 1
10:33:43 | INFO: Extracting primitive: Cylinder.047
10:33:43 | INFO: Primitives created: 1
10:33:43 | INFO: Extracting primitive: Cylinder.049
10:33:43 | INFO: Primitives created: 1
10:33:43 | INFO: Extracting primitive: Cylinder.050
10:33:43 | INFO: Primitives created: 1
10:33:43 | INFO: Extracting primitive: Cylinder.051
10:33:43 | INFO: Primitives created: 1
10:33:43 | INFO: Extracting primitive: Torus.008
10:33:43 | INFO: Primitives created: 1
10:33:43 | INFO: Extracting primitive: Cylinder.044
10:33:43 | INFO: Primitives created: 1
10:33:43 | INFO: Extracting primitive: Cylinder.048
10:33:43 | INFO: Primitives created: 1
10:33:43 | INFO: Extracting primitive: Torus.006
10:33:43 | INFO: Primitives created: 1
10:33:43 | INFO: Extracting primitive: Torus.007
10:33:43 | INFO: Primitives created: 1
10:33:43 | INFO: Finished glTF 2.0 export in 0.03060293197631836 s

Info: Saved as "streetlight.blend"
10:33:43 | INFO: Starting glTF 2.0 export
10:33:43 | INFO: Extracting primitive: Cylinder.052
10:33:43 | WARNING: More than one shader node tex image used for a texture. The resulting glTF sampler will behave like the first shader node tex image.
10:33:43 | INFO: Primitives created: 1
10:33:43 | INFO: Extracting primitive: Cube.014
10:33:43 | INFO: Primitives created: 1
10:33:43 | INFO: Extracting primitive: Cylinder.053
10:33:43 | INFO: Primitives created: 1
10:33:43 | INFO: Extracting primitive: Cube.015
10:33:43 | INFO: Primitives created: 1
10:33:43 | INFO: Extracting primitive: Cube.016
10:33:43 | INFO: Primitives created: 1
10:33:44 | INFO: Finished glTF 2.0 export in 0.5409014225006104 s

10:33:44 | INFO: Starting glTF 2.0 export
10:33:44 | INFO: Extracting primitive: Cylinder.052
10:33:44 | WARNING: More than one shader node tex image used for a texture. The resulting glTF sampler will behave like the first shader node tex image.
10:33:44 | INFO: Primitives created: 1
10:33:44 | INFO: Extracting primitive: Cube.014
10:33:44 | INFO: Primitives created: 1
10:33:44 | INFO: Extracting primitive: Cylinder.053
10:33:44 | INFO: Primitives created: 1
10:33:44 | INFO: Extracting primitive: Cube.015
10:33:44 | INFO: Primitives created: 1
10:33:44 | INFO: Extracting primitive: Cube.016
10:33:44 | INFO: Primitives created: 1
10:33:44 | INFO: Finished glTF 2.0 export in 0.0707852840423584 s

10:33:44 | INFO: Starting glTF 2.0 export
10:33:44 | INFO: Extracting primitive: Cylinder.052
10:33:44 | WARNING: More than one shader node tex image used for a texture. The resulting glTF sampler will behave like the first shader node tex image.
10:33:44 | INFO: Primitives created: 1
10:33:44 | INFO: Extracting primitive: Cube.014
10:33:44 | INFO: Primitives created: 1
10:33:44 | INFO: Extracting primitive: Cylinder.053
10:33:44 | INFO: Primitives created: 1
10:33:44 | INFO: Extracting primitive: Cube.015
10:33:44 | INFO: Primitives created: 1
10:33:44 | INFO: Extracting primitive: Cube.016
10:33:44 | INFO: Primitives created: 1
10:33:44 | INFO: Finished glTF 2.0 export in 0.061350107192993164 s

Info: Saved as "bollard-light.blend"
10:33:44 | INFO: Starting glTF 2.0 export
10:33:44 | INFO: Extracting primitive: Cylinder.054
10:33:44 | WARNING: More than one shader node tex image used for a texture. The resulting glTF sampler will behave like the first shader node tex image.
10:33:44 | INFO: Primitives created: 1
10:33:44 | INFO: Extracting primitive: Cylinder.055
10:33:44 | INFO: Primitives created: 1
10:33:44 | INFO: Extracting primitive: Cylinder.056
10:33:44 | INFO: Primitives created: 1
10:33:44 | INFO: Finished glTF 2.0 export in 0.6601481437683105 s

10:33:44 | INFO: Starting glTF 2.0 export
10:33:44 | INFO: Extracting primitive: Cylinder.054
10:33:44 | WARNING: More than one shader node tex image used for a texture. The resulting glTF sampler will behave like the first shader node tex image.
10:33:44 | INFO: Primitives created: 1
10:33:44 | INFO: Extracting primitive: Cylinder.055
10:33:44 | INFO: Primitives created: 1
10:33:44 | INFO: Extracting primitive: Cylinder.056
10:33:44 | INFO: Primitives created: 1
10:33:44 | INFO: Finished glTF 2.0 export in 0.08879446983337402 s

10:33:44 | INFO: Starting glTF 2.0 export
10:33:44 | INFO: Extracting primitive: Cylinder.054
10:33:44 | WARNING: More than one shader node tex image used for a texture. The resulting glTF sampler will behave like the first shader node tex image.
10:33:44 | INFO: Primitives created: 1
10:33:44 | INFO: Extracting primitive: Cylinder.055
10:33:44 | INFO: Primitives created: 1
10:33:44 | INFO: Extracting primitive: Cylinder.056
10:33:44 | INFO: Primitives created: 1
10:33:44 | INFO: Finished glTF 2.0 export in 0.0822758674621582 s

Info: Saved as "armco-straight.blend"
10:33:45 | INFO: Starting glTF 2.0 export
10:33:45 | INFO: Extracting primitive: Cube.017
10:33:45 | WARNING: More than one shader node tex image used for a texture. The resulting glTF sampler will behave like the first shader node tex image.
10:33:45 | INFO: Primitives created: 1
10:33:45 | INFO: Extracting primitive: Cube.018
10:33:45 | INFO: Primitives created: 1
10:33:45 | INFO: Extracting primitive: Cube.019
10:33:45 | INFO: Primitives created: 1
10:33:45 | INFO: Extracting primitive: Cube.020
10:33:45 | INFO: Primitives created: 1
10:33:45 | INFO: Extracting primitive: Cube.021
10:33:45 | INFO: Primitives created: 1
10:33:45 | INFO: Extracting primitive: Cube.022
10:33:45 | INFO: Primitives created: 1
10:33:45 | INFO: Finished glTF 2.0 export in 0.6845624446868896 s

10:33:45 | INFO: Starting glTF 2.0 export
10:33:45 | INFO: Extracting primitive: Cube.017
10:33:45 | WARNING: More than one shader node tex image used for a texture. The resulting glTF sampler will behave like the first shader node tex image.
10:33:45 | INFO: Primitives created: 1
10:33:45 | INFO: Extracting primitive: Cube.018
10:33:45 | INFO: Primitives created: 1
10:33:45 | INFO: Extracting primitive: Cube.019
10:33:45 | INFO: Primitives created: 1
10:33:45 | INFO: Extracting primitive: Cube.020
10:33:45 | INFO: Primitives created: 1
10:33:45 | INFO: Extracting primitive: Cube.021
10:33:45 | INFO: Primitives created: 1
10:33:45 | INFO: Extracting primitive: Cube.022
10:33:45 | INFO: Primitives created: 1
10:33:45 | INFO: Finished glTF 2.0 export in 0.06994223594665527 s

10:33:45 | INFO: Starting glTF 2.0 export
10:33:45 | INFO: Extracting primitive: Cube.017
10:33:45 | WARNING: More than one shader node tex image used for a texture. The resulting glTF sampler will behave like the first shader node tex image.
10:33:45 | INFO: Primitives created: 1
10:33:45 | INFO: Extracting primitive: Cube.018
10:33:45 | INFO: Primitives created: 1
10:33:45 | INFO: Extracting primitive: Cube.019
10:33:45 | INFO: Primitives created: 1
10:33:45 | INFO: Extracting primitive: Cube.020
10:33:45 | INFO: Primitives created: 1
10:33:45 | INFO: Extracting primitive: Cube.021
10:33:45 | INFO: Primitives created: 1
10:33:45 | INFO: Extracting primitive: Cube.022
10:33:45 | INFO: Primitives created: 1
10:33:45 | INFO: Finished glTF 2.0 export in 0.06209993362426758 s

Info: Saved as "armco-curved.blend"
10:33:45 | INFO: Starting glTF 2.0 export
10:33:45 | INFO: Extracting primitive: Cube.023
10:33:46 | WARNING: More than one shader node tex image used for a texture. The resulting glTF sampler will behave like the first shader node tex image.
10:33:46 | INFO: Primitives created: 1
10:33:46 | INFO: Extracting primitive: Cube.024
10:33:46 | INFO: Primitives created: 1
10:33:46 | INFO: Extracting primitive: Cube.025
10:33:46 | INFO: Primitives created: 1
10:33:46 | INFO: Extracting primitive: Cube.026
10:33:46 | INFO: Primitives created: 1
10:33:46 | INFO: Extracting primitive: Cube.027
10:33:46 | INFO: Primitives created: 1
10:33:46 | INFO: Extracting primitive: Cube.028
10:33:46 | INFO: Primitives created: 1
10:33:46 | INFO: Extracting primitive: Cube.029
10:33:46 | INFO: Primitives created: 1
10:33:46 | INFO: Extracting primitive: Cube.030
10:33:46 | INFO: Primitives created: 1
10:33:46 | INFO: Extracting primitive: Cube.031
10:33:46 | INFO: Primitives created: 1
10:33:46 | INFO: Extracting primitive: Cube.032
10:33:46 | INFO: Primitives created: 1
10:33:46 | INFO: Extracting primitive: Cube.033
10:33:46 | INFO: Primitives created: 1
10:33:46 | INFO: Extracting primitive: Cube.034
10:33:46 | INFO: Primitives created: 1
10:33:46 | INFO: Extracting primitive: Cube.035
10:33:46 | INFO: Primitives created: 1
10:33:46 | INFO: Extracting primitive: Cube.036
10:33:46 | INFO: Primitives created: 1
10:33:46 | INFO: Extracting primitive: Cube.037
10:33:46 | INFO: Primitives created: 1
10:33:46 | INFO: Extracting primitive: Cube.038
10:33:46 | INFO: Primitives created: 1
10:33:46 | INFO: Extracting primitive: Cube.039
10:33:46 | INFO: Primitives created: 1
10:33:46 | INFO: Extracting primitive: Cube.040
10:33:46 | INFO: Primitives created: 1
10:33:46 | INFO: Extracting primitive: Cube.041
10:33:46 | INFO: Primitives created: 1
10:33:46 | INFO: Extracting primitive: Cube.042
10:33:46 | INFO: Primitives created: 1
10:33:46 | INFO: Extracting primitive: Cube.043
10:33:46 | INFO: Primitives created: 1
10:33:46 | INFO: Extracting primitive: Cube.044
10:33:46 | INFO: Primitives created: 1
10:33:46 | INFO: Extracting primitive: Cube.045
10:33:46 | INFO: Primitives created: 1
10:33:46 | INFO: Extracting primitive: Cube.046
10:33:46 | INFO: Primitives created: 1
10:33:46 | INFO: Extracting primitive: Cube.047
10:33:46 | INFO: Primitives created: 1
10:33:46 | INFO: Extracting primitive: Cube.048
10:33:46 | INFO: Primitives created: 1
10:33:46 | INFO: Extracting primitive: Cube.049
10:33:46 | INFO: Primitives created: 1
10:33:46 | INFO: Finished glTF 2.0 export in 0.6620752811431885 s

10:33:46 | INFO: Starting glTF 2.0 export
10:33:46 | INFO: Extracting primitive: Cube.023
10:33:46 | WARNING: More than one shader node tex image used for a texture. The resulting glTF sampler will behave like the first shader node tex image.
10:33:46 | INFO: Primitives created: 1
10:33:46 | INFO: Extracting primitive: Cube.024
10:33:46 | INFO: Primitives created: 1
10:33:46 | INFO: Extracting primitive: Cube.025
10:33:46 | INFO: Primitives created: 1
10:33:46 | INFO: Extracting primitive: Cube.026
10:33:46 | INFO: Primitives created: 1
10:33:46 | INFO: Extracting primitive: Cube.027
10:33:46 | INFO: Primitives created: 1
10:33:46 | INFO: Extracting primitive: Cube.028
10:33:46 | INFO: Primitives created: 1
10:33:46 | INFO: Extracting primitive: Cube.029
10:33:46 | INFO: Primitives created: 1
10:33:46 | INFO: Extracting primitive: Cube.030
10:33:46 | INFO: Primitives created: 1
10:33:46 | INFO: Extracting primitive: Cube.031
10:33:46 | INFO: Primitives created: 1
10:33:46 | INFO: Extracting primitive: Cube.032
10:33:46 | INFO: Primitives created: 1
10:33:46 | INFO: Extracting primitive: Cube.033
10:33:46 | INFO: Primitives created: 1
10:33:46 | INFO: Extracting primitive: Cube.034
10:33:46 | INFO: Primitives created: 1
10:33:46 | INFO: Extracting primitive: Cube.035
10:33:46 | INFO: Primitives created: 1
10:33:46 | INFO: Extracting primitive: Cube.036
10:33:46 | INFO: Primitives created: 1
10:33:46 | INFO: Extracting primitive: Cube.037
10:33:46 | INFO: Primitives created: 1
10:33:46 | INFO: Extracting primitive: Cube.038
10:33:46 | INFO: Primitives created: 1
10:33:46 | INFO: Extracting primitive: Cube.039
10:33:46 | INFO: Primitives created: 1
10:33:46 | INFO: Extracting primitive: Cube.040
10:33:46 | INFO: Primitives created: 1
10:33:46 | INFO: Extracting primitive: Cube.041
10:33:46 | INFO: Primitives created: 1
10:33:46 | INFO: Extracting primitive: Cube.042
10:33:46 | INFO: Primitives created: 1
10:33:46 | INFO: Extracting primitive: Cube.043
10:33:46 | INFO: Primitives created: 1
10:33:46 | INFO: Extracting primitive: Cube.044
10:33:46 | INFO: Primitives created: 1
10:33:46 | INFO: Extracting primitive: Cube.045
10:33:46 | INFO: Primitives created: 1
10:33:46 | INFO: Extracting primitive: Cube.046
10:33:46 | INFO: Primitives created: 1
10:33:46 | INFO: Extracting primitive: Cube.047
10:33:46 | INFO: Primitives created: 1
10:33:46 | INFO: Extracting primitive: Cube.048
10:33:46 | INFO: Primitives created: 1
10:33:46 | INFO: Extracting primitive: Cube.049
10:33:46 | INFO: Primitives created: 1
10:33:46 | INFO: Finished glTF 2.0 export in 0.13173437118530273 s

10:33:46 | INFO: Starting glTF 2.0 export
10:33:46 | INFO: Extracting primitive: Cube.023
10:33:46 | WARNING: More than one shader node tex image used for a texture. The resulting glTF sampler will behave like the first shader node tex image.
10:33:46 | INFO: Primitives created: 1
10:33:46 | INFO: Extracting primitive: Cube.024
10:33:46 | INFO: Primitives created: 1
10:33:46 | INFO: Extracting primitive: Cube.025
10:33:46 | INFO: Primitives created: 1
10:33:46 | INFO: Extracting primitive: Cube.026
10:33:46 | INFO: Primitives created: 1
10:33:46 | INFO: Extracting primitive: Cube.027
10:33:46 | INFO: Primitives created: 1
10:33:46 | INFO: Extracting primitive: Cube.028
10:33:46 | INFO: Primitives created: 1
10:33:46 | INFO: Extracting primitive: Cube.029
10:33:46 | INFO: Primitives created: 1
10:33:46 | INFO: Extracting primitive: Cube.030
10:33:46 | INFO: Primitives created: 1
10:33:46 | INFO: Extracting primitive: Cube.031
10:33:46 | INFO: Primitives created: 1
10:33:46 | INFO: Extracting primitive: Cube.032
10:33:46 | INFO: Primitives created: 1
10:33:46 | INFO: Extracting primitive: Cube.033
10:33:46 | INFO: Primitives created: 1
10:33:46 | INFO: Extracting primitive: Cube.034
10:33:46 | INFO: Primitives created: 1
10:33:46 | INFO: Extracting primitive: Cube.035
10:33:46 | INFO: Primitives created: 1
10:33:46 | INFO: Extracting primitive: Cube.036
10:33:46 | INFO: Primitives created: 1
10:33:46 | INFO: Extracting primitive: Cube.037
10:33:46 | INFO: Primitives created: 1
10:33:46 | INFO: Extracting primitive: Cube.038
10:33:46 | INFO: Primitives created: 1
10:33:46 | INFO: Extracting primitive: Cube.039
10:33:46 | INFO: Primitives created: 1
10:33:46 | INFO: Extracting primitive: Cube.040
10:33:46 | INFO: Primitives created: 1
10:33:46 | INFO: Extracting primitive: Cube.041
10:33:46 | INFO: Primitives created: 1
10:33:46 | INFO: Extracting primitive: Cube.042
10:33:46 | INFO: Primitives created: 1
10:33:46 | INFO: Extracting primitive: Cube.043
10:33:46 | INFO: Primitives created: 1
10:33:46 | INFO: Extracting primitive: Cube.044
10:33:46 | INFO: Primitives created: 1
10:33:46 | INFO: Extracting primitive: Cube.045
10:33:46 | INFO: Primitives created: 1
10:33:46 | INFO: Extracting primitive: Cube.046
10:33:46 | INFO: Primitives created: 1
10:33:46 | INFO: Extracting primitive: Cube.047
10:33:46 | INFO: Primitives created: 1
10:33:46 | INFO: Extracting primitive: Cube.048
10:33:46 | INFO: Primitives created: 1
10:33:46 | INFO: Extracting primitive: Cube.049
10:33:46 | INFO: Primitives created: 1
10:33:46 | INFO: Finished glTF 2.0 export in 0.16280674934387207 s

Info: Saved as "jersey-plain.blend"
10:33:46 | INFO: Starting glTF 2.0 export
10:33:46 | INFO: Extracting primitive: jersey profile
10:33:47 | WARNING: More than one shader node tex image used for a texture. The resulting glTF sampler will behave like the first shader node tex image.
10:33:47 | INFO: Primitives created: 1
10:33:47 | INFO: Finished glTF 2.0 export in 0.7192399501800537 s

10:33:47 | INFO: Starting glTF 2.0 export
10:33:47 | INFO: Extracting primitive: jersey profile
10:33:47 | WARNING: More than one shader node tex image used for a texture. The resulting glTF sampler will behave like the first shader node tex image.
10:33:47 | INFO: Primitives created: 1
10:33:47 | INFO: Finished glTF 2.0 export in 0.06699061393737793 s

10:33:47 | INFO: Starting glTF 2.0 export
10:33:47 | INFO: Extracting primitive: jersey profile
10:33:47 | WARNING: More than one shader node tex image used for a texture. The resulting glTF sampler will behave like the first shader node tex image.
10:33:47 | INFO: Primitives created: 1
10:33:47 | INFO: Finished glTF 2.0 export in 0.06349349021911621 s

Info: Saved as "jersey-red-white.blend"
10:33:47 | INFO: Starting glTF 2.0 export
10:33:47 | INFO: Extracting primitive: jersey profile.001
10:33:48 | WARNING: More than one shader node tex image used for a texture. The resulting glTF sampler will behave like the first shader node tex image.
10:33:48 | INFO: Primitives created: 1
10:33:48 | INFO: Extracting primitive: Cube.050
10:33:48 | INFO: Primitives created: 1
10:33:48 | INFO: Extracting primitive: Cube.051
10:33:48 | INFO: Primitives created: 1
10:33:48 | INFO: Extracting primitive: Cube.052
10:33:48 | INFO: Primitives created: 1
10:33:48 | INFO: Extracting primitive: Cube.053
10:33:48 | INFO: Primitives created: 1
10:33:48 | INFO: Extracting primitive: Cube.054
10:33:48 | INFO: Primitives created: 1
10:33:48 | INFO: Extracting primitive: Cube.055
10:33:48 | INFO: Primitives created: 1
10:33:48 | INFO: Finished glTF 2.0 export in 0.660926342010498 s

10:33:48 | INFO: Starting glTF 2.0 export
10:33:48 | INFO: Extracting primitive: jersey profile.001
10:33:48 | WARNING: More than one shader node tex image used for a texture. The resulting glTF sampler will behave like the first shader node tex image.
10:33:48 | INFO: Primitives created: 1
10:33:48 | INFO: Extracting primitive: Cube.050
10:33:48 | INFO: Primitives created: 1
10:33:48 | INFO: Extracting primitive: Cube.051
10:33:48 | INFO: Primitives created: 1
10:33:48 | INFO: Extracting primitive: Cube.052
10:33:48 | INFO: Primitives created: 1
10:33:48 | INFO: Extracting primitive: Cube.053
10:33:48 | INFO: Primitives created: 1
10:33:48 | INFO: Extracting primitive: Cube.054
10:33:48 | INFO: Primitives created: 1
10:33:48 | INFO: Extracting primitive: Cube.055
10:33:48 | INFO: Primitives created: 1
10:33:48 | INFO: Finished glTF 2.0 export in 0.06831026077270508 s

10:33:48 | INFO: Starting glTF 2.0 export
10:33:48 | INFO: Extracting primitive: jersey profile.001
10:33:48 | WARNING: More than one shader node tex image used for a texture. The resulting glTF sampler will behave like the first shader node tex image.
10:33:48 | INFO: Primitives created: 1
10:33:48 | INFO: Extracting primitive: Cube.050
10:33:48 | INFO: Primitives created: 1
10:33:48 | INFO: Extracting primitive: Cube.051
10:33:48 | INFO: Primitives created: 1
10:33:48 | INFO: Extracting primitive: Cube.052
10:33:48 | INFO: Primitives created: 1
10:33:48 | INFO: Extracting primitive: Cube.053
10:33:48 | INFO: Primitives created: 1
10:33:48 | INFO: Extracting primitive: Cube.054
10:33:48 | INFO: Primitives created: 1
10:33:48 | INFO: Extracting primitive: Cube.055
10:33:48 | INFO: Primitives created: 1
10:33:48 | INFO: Finished glTF 2.0 export in 0.05683112144470215 s

Info: Saved as "catch-fence.blend"
10:33:48 | INFO: Starting glTF 2.0 export
10:33:48 | INFO: Extracting primitive: Cylinder.057
10:33:49 | WARNING: More than one shader node tex image used for a texture. The resulting glTF sampler will behave like the first shader node tex image.
10:33:49 | INFO: Primitives created: 1
10:33:49 | INFO: Extracting primitive: Cylinder.058
10:33:49 | INFO: Primitives created: 1
10:33:49 | INFO: Extracting primitive: Cylinder.059
10:33:49 | INFO: Primitives created: 1
10:33:49 | INFO: Extracting primitive: Cylinder.060
10:33:49 | INFO: Primitives created: 1
10:33:49 | INFO: Extracting primitive: Cylinder.061
10:33:49 | INFO: Primitives created: 1
10:33:49 | INFO: Extracting primitive: chainlink alpha mesh
10:33:49 | WARNING: More than one shader node tex image used for a texture. The resulting glTF sampler will behave like the first shader node tex image.
10:33:49 | INFO: Primitives created: 1
10:33:49 | INFO: Finished glTF 2.0 export in 0.666295051574707 s

10:33:49 | INFO: Starting glTF 2.0 export
10:33:49 | INFO: Extracting primitive: Cylinder.057
10:33:49 | WARNING: More than one shader node tex image used for a texture. The resulting glTF sampler will behave like the first shader node tex image.
10:33:49 | INFO: Primitives created: 1
10:33:49 | INFO: Extracting primitive: Cylinder.058
10:33:49 | INFO: Primitives created: 1
10:33:49 | INFO: Extracting primitive: Cylinder.059
10:33:49 | INFO: Primitives created: 1
10:33:49 | INFO: Extracting primitive: Cylinder.060
10:33:49 | INFO: Primitives created: 1
10:33:49 | INFO: Extracting primitive: Cylinder.061
10:33:49 | INFO: Primitives created: 1
10:33:49 | INFO: Extracting primitive: chainlink alpha mesh
10:33:49 | WARNING: More than one shader node tex image used for a texture. The resulting glTF sampler will behave like the first shader node tex image.
10:33:49 | INFO: Primitives created: 1
10:33:49 | INFO: Finished glTF 2.0 export in 0.07939887046813965 s

10:33:49 | INFO: Starting glTF 2.0 export
10:33:49 | INFO: Extracting primitive: Cylinder.057
10:33:49 | WARNING: More than one shader node tex image used for a texture. The resulting glTF sampler will behave like the first shader node tex image.
10:33:49 | INFO: Primitives created: 1
10:33:49 | INFO: Extracting primitive: Cylinder.058
10:33:49 | INFO: Primitives created: 1
10:33:49 | INFO: Extracting primitive: Cylinder.059
10:33:49 | INFO: Primitives created: 1
10:33:49 | INFO: Extracting primitive: Cylinder.060
10:33:49 | INFO: Primitives created: 1
10:33:49 | INFO: Extracting primitive: Cylinder.061
10:33:49 | INFO: Primitives created: 1
10:33:49 | INFO: Extracting primitive: chainlink alpha mesh
10:33:49 | WARNING: More than one shader node tex image used for a texture. The resulting glTF sampler will behave like the first shader node tex image.
10:33:49 | INFO: Primitives created: 1
10:33:49 | INFO: Finished glTF 2.0 export in 0.0663447380065918 s

Info: Saved as "tire-wall.blend"
10:33:49 | INFO: Starting glTF 2.0 export
10:33:49 | INFO: Extracting primitive: Torus.009
10:33:50 | WARNING: More than one shader node tex image used for a texture. The resulting glTF sampler will behave like the first shader node tex image.
10:33:50 | INFO: Primitives created: 1
10:33:50 | INFO: Extracting primitive: Torus.010
10:33:50 | INFO: Primitives created: 1
10:33:50 | INFO: Extracting primitive: Torus.011
10:33:50 | INFO: Primitives created: 1
10:33:50 | INFO: Extracting primitive: Torus.012
10:33:50 | INFO: Primitives created: 1
10:33:50 | INFO: Extracting primitive: Torus.013
10:33:50 | INFO: Primitives created: 1
10:33:50 | INFO: Extracting primitive: Torus.014
10:33:50 | INFO: Primitives created: 1
10:33:50 | INFO: Extracting primitive: Torus.015
10:33:50 | INFO: Primitives created: 1
10:33:50 | INFO: Extracting primitive: Torus.016
10:33:50 | INFO: Primitives created: 1
10:33:50 | INFO: Extracting primitive: Torus.017
10:33:50 | INFO: Primitives created: 1
10:33:50 | INFO: Extracting primitive: Torus.018
10:33:50 | INFO: Primitives created: 1
10:33:50 | INFO: Extracting primitive: Torus.019
10:33:50 | INFO: Primitives created: 1
10:33:50 | INFO: Extracting primitive: Torus.020
10:33:50 | INFO: Primitives created: 1
10:33:50 | INFO: Extracting primitive: Torus.021
10:33:50 | INFO: Primitives created: 1
10:33:50 | INFO: Extracting primitive: Torus.022
10:33:50 | INFO: Primitives created: 1
10:33:50 | INFO: Extracting primitive: Torus.023
10:33:50 | INFO: Primitives created: 1
10:33:50 | INFO: Finished glTF 2.0 export in 0.7683730125427246 s

10:33:50 | INFO: Starting glTF 2.0 export
10:33:50 | INFO: Extracting primitive: Torus.009
10:33:50 | WARNING: More than one shader node tex image used for a texture. The resulting glTF sampler will behave like the first shader node tex image.
10:33:50 | INFO: Primitives created: 1
10:33:50 | INFO: Extracting primitive: Torus.010
10:33:50 | INFO: Primitives created: 1
10:33:50 | INFO: Extracting primitive: Torus.011
10:33:50 | INFO: Primitives created: 1
10:33:50 | INFO: Extracting primitive: Torus.012
10:33:50 | INFO: Primitives created: 1
10:33:50 | INFO: Extracting primitive: Torus.013
10:33:50 | INFO: Primitives created: 1
10:33:50 | INFO: Extracting primitive: Torus.014
10:33:50 | INFO: Primitives created: 1
10:33:50 | INFO: Extracting primitive: Torus.015
10:33:50 | INFO: Primitives created: 1
10:33:50 | INFO: Extracting primitive: Torus.016
10:33:50 | INFO: Primitives created: 1
10:33:50 | INFO: Extracting primitive: Torus.017
10:33:50 | INFO: Primitives created: 1
10:33:50 | INFO: Extracting primitive: Torus.018
10:33:50 | INFO: Primitives created: 1
10:33:50 | INFO: Extracting primitive: Torus.019
10:33:50 | INFO: Primitives created: 1
10:33:50 | INFO: Extracting primitive: Torus.020
10:33:50 | INFO: Primitives created: 1
10:33:50 | INFO: Extracting primitive: Torus.021
10:33:50 | INFO: Primitives created: 1
10:33:50 | INFO: Extracting primitive: Torus.022
10:33:50 | INFO: Primitives created: 1
10:33:50 | INFO: Extracting primitive: Torus.023
10:33:50 | INFO: Primitives created: 1
10:33:50 | INFO: Finished glTF 2.0 export in 0.09889769554138184 s

10:33:50 | INFO: Starting glTF 2.0 export
10:33:50 | INFO: Extracting primitive: Torus.009
10:33:50 | WARNING: More than one shader node tex image used for a texture. The resulting glTF sampler will behave like the first shader node tex image.
10:33:50 | INFO: Primitives created: 1
10:33:50 | INFO: Extracting primitive: Torus.010
10:33:50 | INFO: Primitives created: 1
10:33:50 | INFO: Extracting primitive: Torus.011
10:33:50 | INFO: Primitives created: 1
10:33:50 | INFO: Extracting primitive: Torus.012
10:33:50 | INFO: Primitives created: 1
10:33:50 | INFO: Extracting primitive: Torus.013
10:33:50 | INFO: Primitives created: 1
10:33:50 | INFO: Extracting primitive: Torus.014
10:33:50 | INFO: Primitives created: 1
10:33:50 | INFO: Extracting primitive: Torus.015
10:33:50 | INFO: Primitives created: 1
10:33:50 | INFO: Extracting primitive: Torus.016
10:33:50 | INFO: Primitives created: 1
10:33:50 | INFO: Extracting primitive: Torus.017
10:33:50 | INFO: Primitives created: 1
10:33:50 | INFO: Extracting primitive: Torus.018
10:33:50 | INFO: Primitives created: 1
10:33:50 | INFO: Extracting primitive: Torus.019
10:33:50 | INFO: Primitives created: 1
10:33:50 | INFO: Extracting primitive: Torus.020
10:33:50 | INFO: Primitives created: 1
10:33:50 | INFO: Extracting primitive: Torus.021
10:33:50 | INFO: Primitives created: 1
10:33:50 | INFO: Extracting primitive: Torus.022
10:33:50 | INFO: Primitives created: 1
10:33:50 | INFO: Extracting primitive: Torus.023
10:33:50 | INFO: Primitives created: 1
10:33:50 | INFO: Finished glTF 2.0 export in 0.12050366401672363 s

Info: Saved as "banner-frame.blend"
10:33:50 | INFO: Starting glTF 2.0 export
10:33:50 | INFO: Extracting primitive: Cylinder.062
10:33:51 | WARNING: More than one shader node tex image used for a texture. The resulting glTF sampler will behave like the first shader node tex image.
10:33:51 | INFO: Primitives created: 1
10:33:51 | INFO: Extracting primitive: Cylinder.063
10:33:51 | INFO: Primitives created: 1
10:33:51 | INFO: Extracting primitive: Cylinder.064
10:33:51 | INFO: Primitives created: 1
10:33:51 | INFO: Extracting primitive: Cylinder.065
10:33:51 | INFO: Primitives created: 1
10:33:51 | INFO: Extracting primitive: Cube.056
10:33:51 | INFO: Primitives created: 1
10:33:51 | INFO: Finished glTF 2.0 export in 0.6827883720397949 s

10:33:51 | INFO: Starting glTF 2.0 export
10:33:51 | INFO: Extracting primitive: Cylinder.062
10:33:51 | WARNING: More than one shader node tex image used for a texture. The resulting glTF sampler will behave like the first shader node tex image.
10:33:51 | INFO: Primitives created: 1
10:33:51 | INFO: Extracting primitive: Cylinder.063
10:33:51 | INFO: Primitives created: 1
10:33:51 | INFO: Extracting primitive: Cylinder.064
10:33:51 | INFO: Primitives created: 1
10:33:51 | INFO: Extracting primitive: Cylinder.065
10:33:51 | INFO: Primitives created: 1
10:33:51 | INFO: Extracting primitive: Cube.056
10:33:51 | INFO: Primitives created: 1
10:33:51 | INFO: Finished glTF 2.0 export in 0.06886816024780273 s

10:33:51 | INFO: Starting glTF 2.0 export
10:33:51 | INFO: Extracting primitive: Cylinder.062
10:33:51 | WARNING: More than one shader node tex image used for a texture. The resulting glTF sampler will behave like the first shader node tex image.
10:33:51 | INFO: Primitives created: 1
10:33:51 | INFO: Extracting primitive: Cylinder.063
10:33:51 | INFO: Primitives created: 1
10:33:51 | INFO: Extracting primitive: Cylinder.064
10:33:51 | INFO: Primitives created: 1
10:33:51 | INFO: Extracting primitive: Cylinder.065
10:33:51 | INFO: Primitives created: 1
10:33:51 | INFO: Extracting primitive: Cube.056
10:33:51 | INFO: Primitives created: 1
10:33:51 | INFO: Finished glTF 2.0 export in 0.06233072280883789 s

Info: Saved as "distance-150.blend"
10:33:51 | INFO: Starting glTF 2.0 export
10:33:51 | INFO: Extracting primitive: Cube.057
10:33:52 | WARNING: More than one shader node tex image used for a texture. The resulting glTF sampler will behave like the first shader node tex image.
10:33:52 | INFO: Primitives created: 1
10:33:52 | INFO: Extracting primitive: Cube.058
10:33:52 | INFO: Primitives created: 1
10:33:52 | INFO: Extracting primitive: Cube.059
10:33:52 | INFO: Primitives created: 1
10:33:52 | INFO: Extracting primitive: Text
10:33:52 | INFO: Primitives created: 1
10:33:52 | INFO: Finished glTF 2.0 export in 0.6647741794586182 s

10:33:52 | INFO: Starting glTF 2.0 export
10:33:52 | INFO: Extracting primitive: Cube.057
10:33:52 | WARNING: More than one shader node tex image used for a texture. The resulting glTF sampler will behave like the first shader node tex image.
10:33:52 | INFO: Primitives created: 1
10:33:52 | INFO: Extracting primitive: Cube.058
10:33:52 | INFO: Primitives created: 1
10:33:52 | INFO: Extracting primitive: Cube.059
10:33:52 | INFO: Primitives created: 1
10:33:52 | INFO: Extracting primitive: Text
10:33:52 | INFO: Primitives created: 1
10:33:52 | INFO: Finished glTF 2.0 export in 0.06984949111938477 s

10:33:52 | INFO: Starting glTF 2.0 export
10:33:52 | INFO: Extracting primitive: Cube.057
10:33:52 | WARNING: More than one shader node tex image used for a texture. The resulting glTF sampler will behave like the first shader node tex image.
10:33:52 | INFO: Primitives created: 1
10:33:52 | INFO: Extracting primitive: Cube.058
10:33:52 | INFO: Primitives created: 1
10:33:52 | INFO: Extracting primitive: Cube.059
10:33:52 | INFO: Primitives created: 1
10:33:52 | INFO: Extracting primitive: Text
10:33:52 | INFO: Primitives created: 1
10:33:52 | INFO: Finished glTF 2.0 export in 0.05747675895690918 s

Info: Saved as "distance-100.blend"
10:33:52 | INFO: Starting glTF 2.0 export
10:33:52 | INFO: Extracting primitive: Cube.060
10:33:52 | WARNING: More than one shader node tex image used for a texture. The resulting glTF sampler will behave like the first shader node tex image.
10:33:52 | INFO: Primitives created: 1
10:33:52 | INFO: Extracting primitive: Cube.061
10:33:52 | INFO: Primitives created: 1
10:33:52 | INFO: Extracting primitive: Cube.062
10:33:52 | INFO: Primitives created: 1
10:33:52 | INFO: Extracting primitive: Text.001
10:33:52 | INFO: Primitives created: 1
10:33:53 | INFO: Finished glTF 2.0 export in 0.7417254447937012 s

10:33:53 | INFO: Starting glTF 2.0 export
10:33:53 | INFO: Extracting primitive: Cube.060
10:33:53 | WARNING: More than one shader node tex image used for a texture. The resulting glTF sampler will behave like the first shader node tex image.
10:33:53 | INFO: Primitives created: 1
10:33:53 | INFO: Extracting primitive: Cube.061
10:33:53 | INFO: Primitives created: 1
10:33:53 | INFO: Extracting primitive: Cube.062
10:33:53 | INFO: Primitives created: 1
10:33:53 | INFO: Extracting primitive: Text.001
10:33:53 | INFO: Primitives created: 1
10:33:53 | INFO: Finished glTF 2.0 export in 0.05841469764709473 s

10:33:53 | INFO: Starting glTF 2.0 export
10:33:53 | INFO: Extracting primitive: Cube.060
10:33:53 | WARNING: More than one shader node tex image used for a texture. The resulting glTF sampler will behave like the first shader node tex image.
10:33:53 | INFO: Primitives created: 1
10:33:53 | INFO: Extracting primitive: Cube.061
10:33:53 | INFO: Primitives created: 1
10:33:53 | INFO: Extracting primitive: Cube.062
10:33:53 | INFO: Primitives created: 1
10:33:53 | INFO: Extracting primitive: Text.001
10:33:53 | INFO: Primitives created: 1
10:33:53 | INFO: Finished glTF 2.0 export in 0.08280253410339355 s

Info: Saved as "distance-50.blend"
10:33:53 | INFO: Starting glTF 2.0 export
10:33:53 | INFO: Extracting primitive: Cube.063
10:33:53 | WARNING: More than one shader node tex image used for a texture. The resulting glTF sampler will behave like the first shader node tex image.
10:33:53 | INFO: Primitives created: 1
10:33:53 | INFO: Extracting primitive: Cube.064
10:33:53 | INFO: Primitives created: 1
10:33:53 | INFO: Extracting primitive: Cube.065
10:33:53 | INFO: Primitives created: 1
10:33:53 | INFO: Extracting primitive: Text.002
10:33:53 | INFO: Primitives created: 1
10:33:53 | INFO: Finished glTF 2.0 export in 0.7010328769683838 s

10:33:53 | INFO: Starting glTF 2.0 export
10:33:53 | INFO: Extracting primitive: Cube.063
10:33:53 | WARNING: More than one shader node tex image used for a texture. The resulting glTF sampler will behave like the first shader node tex image.
10:33:53 | INFO: Primitives created: 1
10:33:53 | INFO: Extracting primitive: Cube.064
10:33:53 | INFO: Primitives created: 1
10:33:53 | INFO: Extracting primitive: Cube.065
10:33:53 | INFO: Primitives created: 1
10:33:53 | INFO: Extracting primitive: Text.002
10:33:53 | INFO: Primitives created: 1
10:33:54 | INFO: Finished glTF 2.0 export in 0.06746530532836914 s

10:33:54 | INFO: Starting glTF 2.0 export
10:33:54 | INFO: Extracting primitive: Cube.063
10:33:54 | WARNING: More than one shader node tex image used for a texture. The resulting glTF sampler will behave like the first shader node tex image.
10:33:54 | INFO: Primitives created: 1
10:33:54 | INFO: Extracting primitive: Cube.064
10:33:54 | INFO: Primitives created: 1
10:33:54 | INFO: Extracting primitive: Cube.065
10:33:54 | INFO: Primitives created: 1
10:33:54 | INFO: Extracting primitive: Text.002
10:33:54 | INFO: Primitives created: 1
10:33:54 | INFO: Finished glTF 2.0 export in 0.06595849990844727 s

Info: Saved as "marshal-post.blend"
10:33:54 | INFO: Starting glTF 2.0 export
10:33:54 | INFO: Extracting primitive: Cube.066
10:33:54 | WARNING: More than one shader node tex image used for a texture. The resulting glTF sampler will behave like the first shader node tex image.
10:33:54 | INFO: Primitives created: 1
10:33:54 | INFO: Extracting primitive: Cube.067
10:33:54 | INFO: Primitives created: 1
10:33:54 | INFO: Extracting primitive: Cube.068
10:33:54 | INFO: Primitives created: 1
10:33:54 | INFO: Extracting primitive: Cube.069
10:33:54 | INFO: Primitives created: 1
10:33:54 | INFO: Extracting primitive: Cube.070
10:33:54 | INFO: Primitives created: 1
10:33:54 | INFO: Extracting primitive: Cube.071
10:33:54 | INFO: Primitives created: 1
10:33:54 | INFO: Extracting primitive: Cube.072
10:33:54 | INFO: Primitives created: 1
10:33:54 | INFO: Finished glTF 2.0 export in 0.6922857761383057 s

10:33:54 | INFO: Starting glTF 2.0 export
10:33:54 | INFO: Extracting primitive: Cube.066
10:33:54 | WARNING: More than one shader node tex image used for a texture. The resulting glTF sampler will behave like the first shader node tex image.
10:33:54 | INFO: Primitives created: 1
10:33:54 | INFO: Extracting primitive: Cube.067
10:33:54 | INFO: Primitives created: 1
10:33:54 | INFO: Extracting primitive: Cube.068
10:33:54 | INFO: Primitives created: 1
10:33:54 | INFO: Extracting primitive: Cube.069
10:33:54 | INFO: Primitives created: 1
10:33:54 | INFO: Extracting primitive: Cube.070
10:33:54 | INFO: Primitives created: 1
10:33:54 | INFO: Extracting primitive: Cube.071
10:33:54 | INFO: Primitives created: 1
10:33:54 | INFO: Extracting primitive: Cube.072
10:33:54 | INFO: Primitives created: 1
10:33:54 | INFO: Finished glTF 2.0 export in 0.06974124908447266 s

10:33:54 | INFO: Starting glTF 2.0 export
10:33:54 | INFO: Extracting primitive: Cube.066
10:33:54 | WARNING: More than one shader node tex image used for a texture. The resulting glTF sampler will behave like the first shader node tex image.
10:33:54 | INFO: Primitives created: 1
10:33:54 | INFO: Extracting primitive: Cube.067
10:33:54 | INFO: Primitives created: 1
10:33:54 | INFO: Extracting primitive: Cube.068
10:33:54 | INFO: Primitives created: 1
10:33:54 | INFO: Extracting primitive: Cube.069
10:33:54 | INFO: Primitives created: 1
10:33:54 | INFO: Extracting primitive: Cube.070
10:33:54 | INFO: Primitives created: 1
10:33:54 | INFO: Extracting primitive: Cube.071
10:33:54 | INFO: Primitives created: 1
10:33:54 | INFO: Extracting primitive: Cube.072
10:33:54 | INFO: Primitives created: 1
10:33:54 | INFO: Finished glTF 2.0 export in 0.07246279716491699 s

Info: Saved as "traffic-cone.blend"
10:33:55 | INFO: Starting glTF 2.0 export
10:33:55 | INFO: Extracting primitive: Cube.073
10:33:55 | WARNING: More than one shader node tex image used for a texture. The resulting glTF sampler will behave like the first shader node tex image.
10:33:55 | INFO: Primitives created: 1
10:33:55 | INFO: Extracting primitive: Cone
10:33:55 | INFO: Primitives created: 1
10:33:55 | INFO: Extracting primitive: Cone.001
10:33:55 | INFO: Primitives created: 1
10:33:55 | INFO: Finished glTF 2.0 export in 0.7765913009643555 s

10:33:55 | INFO: Starting glTF 2.0 export
10:33:55 | INFO: Extracting primitive: Cube.073
10:33:55 | WARNING: More than one shader node tex image used for a texture. The resulting glTF sampler will behave like the first shader node tex image.
10:33:55 | INFO: Primitives created: 1
10:33:55 | INFO: Extracting primitive: Cone
10:33:55 | INFO: Primitives created: 1
10:33:55 | INFO: Extracting primitive: Cone.001
10:33:55 | INFO: Primitives created: 1
10:33:55 | INFO: Finished glTF 2.0 export in 0.06871843338012695 s

10:33:55 | INFO: Starting glTF 2.0 export
10:33:55 | INFO: Extracting primitive: Cube.073
10:33:55 | WARNING: More than one shader node tex image used for a texture. The resulting glTF sampler will behave like the first shader node tex image.
10:33:55 | INFO: Primitives created: 1
10:33:55 | INFO: Extracting primitive: Cone
10:33:55 | INFO: Primitives created: 1
10:33:55 | INFO: Extracting primitive: Cone.001
10:33:55 | INFO: Primitives created: 1
10:33:55 | INFO: Finished glTF 2.0 export in 0.06985282897949219 s

Info: Saved as "water-barrier.blend"
10:33:56 | INFO: Starting glTF 2.0 export
10:33:56 | INFO: Extracting primitive: Cube.074
10:33:56 | WARNING: More than one shader node tex image used for a texture. The resulting glTF sampler will behave like the first shader node tex image.
10:33:56 | INFO: Primitives created: 1
10:33:56 | INFO: Extracting primitive: Cube.075
10:33:56 | INFO: Primitives created: 1
10:33:56 | INFO: Extracting primitive: Cube.076
10:33:56 | INFO: Primitives created: 1
10:33:56 | INFO: Extracting primitive: Cube.077
10:33:56 | INFO: Primitives created: 1
10:33:56 | INFO: Extracting primitive: Cylinder.066
10:33:56 | INFO: Primitives created: 1
10:33:56 | INFO: Finished glTF 2.0 export in 0.7358708381652832 s

10:33:56 | INFO: Starting glTF 2.0 export
10:33:56 | INFO: Extracting primitive: Cube.074
10:33:56 | WARNING: More than one shader node tex image used for a texture. The resulting glTF sampler will behave like the first shader node tex image.
10:33:56 | INFO: Primitives created: 1
10:33:56 | INFO: Extracting primitive: Cube.075
10:33:56 | INFO: Primitives created: 1
10:33:56 | INFO: Extracting primitive: Cube.076
10:33:56 | INFO: Primitives created: 1
10:33:56 | INFO: Extracting primitive: Cube.077
10:33:56 | INFO: Primitives created: 1
10:33:56 | INFO: Extracting primitive: Cylinder.066
10:33:56 | INFO: Primitives created: 1
10:33:56 | INFO: Finished glTF 2.0 export in 0.07378649711608887 s

10:33:56 | INFO: Starting glTF 2.0 export
10:33:56 | INFO: Extracting primitive: Cube.074
10:33:56 | WARNING: More than one shader node tex image used for a texture. The resulting glTF sampler will behave like the first shader node tex image.
10:33:56 | INFO: Primitives created: 1
10:33:56 | INFO: Extracting primitive: Cube.075
10:33:56 | INFO: Primitives created: 1
10:33:56 | INFO: Extracting primitive: Cube.076
10:33:56 | INFO: Primitives created: 1
10:33:56 | INFO: Extracting primitive: Cube.077
10:33:56 | INFO: Primitives created: 1
10:33:56 | INFO: Extracting primitive: Cylinder.066
10:33:56 | INFO: Primitives created: 1
10:33:56 | INFO: Finished glTF 2.0 export in 0.0661318302154541 s

Info: Saved as "enclosed-trailer.blend"
10:33:56 | INFO: Starting glTF 2.0 export
10:33:56 | INFO: Extracting primitive: Cube.078
10:33:57 | WARNING: More than one shader node tex image used for a texture. The resulting glTF sampler will behave like the first shader node tex image.
10:33:57 | INFO: Primitives created: 1
10:33:57 | INFO: Extracting primitive: Cube.079
10:33:57 | INFO: Primitives created: 1
10:33:57 | INFO: Extracting primitive: Torus.024
10:33:57 | INFO: Primitives created: 1
10:33:57 | INFO: Extracting primitive: Cylinder.067
10:33:57 | INFO: Primitives created: 1
10:33:57 | INFO: Extracting primitive: Torus.025
10:33:57 | INFO: Primitives created: 1
10:33:57 | INFO: Extracting primitive: Cylinder.068
10:33:57 | INFO: Primitives created: 1
10:33:57 | INFO: Extracting primitive: Torus.026
10:33:57 | INFO: Primitives created: 1
10:33:57 | INFO: Extracting primitive: Cylinder.069
10:33:57 | INFO: Primitives created: 1
10:33:57 | INFO: Extracting primitive: Torus.027
10:33:57 | INFO: Primitives created: 1
10:33:57 | INFO: Extracting primitive: Cylinder.070
10:33:57 | INFO: Primitives created: 1
10:33:57 | INFO: Extracting primitive: Cylinder.071
10:33:57 | INFO: Primitives created: 1
10:33:57 | INFO: Extracting primitive: Cylinder.072
10:33:57 | INFO: Primitives created: 1
10:33:57 | INFO: Extracting primitive: Cube.080
10:33:57 | INFO: Primitives created: 1
10:33:57 | INFO: Finished glTF 2.0 export in 0.7529022693634033 s

10:33:57 | INFO: Starting glTF 2.0 export
10:33:57 | INFO: Extracting primitive: Cube.078
10:33:57 | WARNING: More than one shader node tex image used for a texture. The resulting glTF sampler will behave like the first shader node tex image.
10:33:57 | INFO: Primitives created: 1
10:33:57 | INFO: Extracting primitive: Cube.079
10:33:57 | INFO: Primitives created: 1
10:33:57 | INFO: Extracting primitive: Torus.024
10:33:57 | INFO: Primitives created: 1
10:33:57 | INFO: Extracting primitive: Cylinder.067
10:33:57 | INFO: Primitives created: 1
10:33:57 | INFO: Extracting primitive: Torus.025
10:33:57 | INFO: Primitives created: 1
10:33:57 | INFO: Extracting primitive: Cylinder.068
10:33:57 | INFO: Primitives created: 1
10:33:57 | INFO: Extracting primitive: Torus.026
10:33:57 | INFO: Primitives created: 1
10:33:57 | INFO: Extracting primitive: Cylinder.069
10:33:57 | INFO: Primitives created: 1
10:33:57 | INFO: Extracting primitive: Torus.027
10:33:57 | INFO: Primitives created: 1
10:33:57 | INFO: Extracting primitive: Cylinder.070
10:33:57 | INFO: Primitives created: 1
10:33:57 | INFO: Extracting primitive: Cylinder.071
10:33:57 | INFO: Primitives created: 1
10:33:57 | INFO: Extracting primitive: Cylinder.072
10:33:57 | INFO: Primitives created: 1
10:33:57 | INFO: Extracting primitive: Cube.080
10:33:57 | INFO: Primitives created: 1
10:33:57 | INFO: Finished glTF 2.0 export in 0.12007308006286621 s

10:33:57 | INFO: Starting glTF 2.0 export
10:33:57 | INFO: Extracting primitive: Cube.078
10:33:57 | WARNING: More than one shader node tex image used for a texture. The resulting glTF sampler will behave like the first shader node tex image.
10:33:57 | INFO: Primitives created: 1
10:33:57 | INFO: Extracting primitive: Cube.079
10:33:57 | INFO: Primitives created: 1
10:33:57 | INFO: Extracting primitive: Torus.024
10:33:57 | INFO: Primitives created: 1
10:33:57 | INFO: Extracting primitive: Cylinder.067
10:33:57 | INFO: Primitives created: 1
10:33:57 | INFO: Extracting primitive: Torus.025
10:33:57 | INFO: Primitives created: 1
10:33:57 | INFO: Extracting primitive: Cylinder.068
10:33:57 | INFO: Primitives created: 1
10:33:57 | INFO: Extracting primitive: Torus.026
10:33:57 | INFO: Primitives created: 1
10:33:57 | INFO: Extracting primitive: Cylinder.069
10:33:57 | INFO: Primitives created: 1
10:33:57 | INFO: Extracting primitive: Torus.027
10:33:57 | INFO: Primitives created: 1
10:33:57 | INFO: Extracting primitive: Cylinder.070
10:33:57 | INFO: Primitives created: 1
10:33:57 | INFO: Extracting primitive: Cylinder.071
10:33:57 | INFO: Primitives created: 1
10:33:57 | INFO: Extracting primitive: Cylinder.072
10:33:57 | INFO: Primitives created: 1
10:33:57 | INFO: Extracting primitive: Cube.080
10:33:57 | INFO: Primitives created: 1
10:33:57 | INFO: Finished glTF 2.0 export in 0.0807797908782959 s

Info: Saved as "floodlight-tower.blend"
10:33:57 | INFO: Starting glTF 2.0 export
10:33:57 | INFO: Extracting primitive: Cube.081
10:33:58 | WARNING: More than one shader node tex image used for a texture. The resulting glTF sampler will behave like the first shader node tex image.
10:33:58 | INFO: Primitives created: 1
10:33:58 | INFO: Extracting primitive: Cylinder.073
10:33:58 | INFO: Primitives created: 1
10:33:58 | INFO: Extracting primitive: Cylinder.074
10:33:58 | INFO: Primitives created: 1
10:33:58 | INFO: Extracting primitive: Cylinder.075
10:33:58 | INFO: Primitives created: 1
10:33:58 | INFO: Extracting primitive: Cube.082
10:33:58 | INFO: Primitives created: 1
10:33:58 | INFO: Extracting primitive: Cube.083
10:33:58 | INFO: Primitives created: 1
10:33:58 | INFO: Extracting primitive: Cube.084
10:33:58 | INFO: Primitives created: 1
10:33:58 | INFO: Extracting primitive: Cube.085
10:33:58 | INFO: Primitives created: 1
10:33:58 | INFO: Extracting primitive: Cube.086
10:33:58 | INFO: Primitives created: 1
10:33:58 | INFO: Extracting primitive: Cube.087
10:33:58 | INFO: Primitives created: 1
10:33:58 | INFO: Extracting primitive: Cube.088
10:33:58 | INFO: Primitives created: 1
10:33:58 | INFO: Extracting primitive: Cube.089
10:33:58 | INFO: Primitives created: 1
10:33:58 | INFO: Extracting primitive: Cube.090
10:33:58 | INFO: Primitives created: 1
10:33:58 | INFO: Finished glTF 2.0 export in 0.7063310146331787 s

10:33:58 | INFO: Starting glTF 2.0 export
10:33:58 | INFO: Extracting primitive: Cube.081
10:33:58 | WARNING: More than one shader node tex image used for a texture. The resulting glTF sampler will behave like the first shader node tex image.
10:33:58 | INFO: Primitives created: 1
10:33:58 | INFO: Extracting primitive: Cylinder.073
10:33:58 | INFO: Primitives created: 1
10:33:58 | INFO: Extracting primitive: Cylinder.074
10:33:58 | INFO: Primitives created: 1
10:33:58 | INFO: Extracting primitive: Cylinder.075
10:33:58 | INFO: Primitives created: 1
10:33:58 | INFO: Extracting primitive: Cube.082
10:33:58 | INFO: Primitives created: 1
10:33:58 | INFO: Extracting primitive: Cube.083
10:33:58 | INFO: Primitives created: 1
10:33:58 | INFO: Extracting primitive: Cube.084
10:33:58 | INFO: Primitives created: 1
10:33:58 | INFO: Extracting primitive: Cube.085
10:33:58 | INFO: Primitives created: 1
10:33:58 | INFO: Extracting primitive: Cube.086
10:33:58 | INFO: Primitives created: 1
10:33:58 | INFO: Extracting primitive: Cube.087
10:33:58 | INFO: Primitives created: 1
10:33:58 | INFO: Extracting primitive: Cube.088
10:33:58 | INFO: Primitives created: 1
10:33:58 | INFO: Extracting primitive: Cube.089
10:33:58 | INFO: Primitives created: 1
10:33:58 | INFO: Extracting primitive: Cube.090
10:33:58 | INFO: Primitives created: 1
10:33:58 | INFO: Finished glTF 2.0 export in 0.0962820053100586 s

10:33:58 | INFO: Starting glTF 2.0 export
10:33:58 | INFO: Extracting primitive: Cube.081
10:33:58 | WARNING: More than one shader node tex image used for a texture. The resulting glTF sampler will behave like the first shader node tex image.
10:33:58 | INFO: Primitives created: 1
10:33:58 | INFO: Extracting primitive: Cylinder.073
10:33:58 | INFO: Primitives created: 1
10:33:58 | INFO: Extracting primitive: Cylinder.074
10:33:58 | INFO: Primitives created: 1
10:33:58 | INFO: Extracting primitive: Cylinder.075
10:33:58 | INFO: Primitives created: 1
10:33:58 | INFO: Extracting primitive: Cube.082
10:33:58 | INFO: Primitives created: 1
10:33:58 | INFO: Extracting primitive: Cube.083
10:33:58 | INFO: Primitives created: 1
10:33:58 | INFO: Extracting primitive: Cube.084
10:33:58 | INFO: Primitives created: 1
10:33:58 | INFO: Extracting primitive: Cube.085
10:33:58 | INFO: Primitives created: 1
10:33:58 | INFO: Extracting primitive: Cube.086
10:33:58 | INFO: Primitives created: 1
10:33:58 | INFO: Extracting primitive: Cube.087
10:33:58 | INFO: Primitives created: 1
10:33:58 | INFO: Extracting primitive: Cube.088
10:33:58 | INFO: Primitives created: 1
10:33:58 | INFO: Extracting primitive: Cube.089
10:33:58 | INFO: Primitives created: 1
10:33:58 | INFO: Extracting primitive: Cube.090
10:33:58 | INFO: Primitives created: 1
10:33:58 | INFO: Finished glTF 2.0 export in 0.07023930549621582 s

Info: Saved as "grandstand.blend"
10:33:58 | INFO: Starting glTF 2.0 export
10:33:58 | INFO: Extracting primitive: Cube.091
10:33:59 | WARNING: More than one shader node tex image used for a texture. The resulting glTF sampler will behave like the first shader node tex image.
10:33:59 | INFO: Primitives created: 1
10:33:59 | INFO: Extracting primitive: Cube.092
10:33:59 | INFO: Primitives created: 1
10:33:59 | INFO: Extracting primitive: Cube.093
10:33:59 | INFO: Primitives created: 1
10:33:59 | INFO: Extracting primitive: Cube.094
10:33:59 | INFO: Primitives created: 1
10:33:59 | INFO: Extracting primitive: Cube.095
10:33:59 | INFO: Primitives created: 1
10:33:59 | INFO: Extracting primitive: Cube.096
10:33:59 | INFO: Primitives created: 1
10:33:59 | INFO: Extracting primitive: Cube.097
10:33:59 | INFO: Primitives created: 1
10:33:59 | INFO: Extracting primitive: Cube.098
10:33:59 | INFO: Primitives created: 1
10:33:59 | INFO: Extracting primitive: Cube.099
10:33:59 | INFO: Primitives created: 1
10:33:59 | INFO: Extracting primitive: Cube.100
10:33:59 | INFO: Primitives created: 1
10:33:59 | INFO: Extracting primitive: Cube.101
10:33:59 | INFO: Primitives created: 1
10:33:59 | INFO: Extracting primitive: Cube.102
10:33:59 | INFO: Primitives created: 1
10:33:59 | INFO: Extracting primitive: Cube.103
10:33:59 | INFO: Primitives created: 1
10:33:59 | INFO: Extracting primitive: Cube.104
10:33:59 | INFO: Primitives created: 1
10:33:59 | INFO: Extracting primitive: Cube.105
10:33:59 | INFO: Primitives created: 1
10:33:59 | INFO: Extracting primitive: Cube.106
10:33:59 | INFO: Primitives created: 1
10:33:59 | INFO: Extracting primitive: Cube.107
10:33:59 | INFO: Primitives created: 1
10:33:59 | INFO: Extracting primitive: Cube.108
10:33:59 | INFO: Primitives created: 1
10:33:59 | INFO: Extracting primitive: Cube.109
10:33:59 | INFO: Primitives created: 1
10:33:59 | INFO: Extracting primitive: Cube.110
10:33:59 | INFO: Primitives created: 1
10:33:59 | INFO: Extracting primitive: Cube.111
10:33:59 | INFO: Primitives created: 1
10:33:59 | INFO: Extracting primitive: Cube.112
10:33:59 | INFO: Primitives created: 1
10:33:59 | INFO: Extracting primitive: Cube.113
10:33:59 | INFO: Primitives created: 1
10:33:59 | INFO: Extracting primitive: Cube.114
10:33:59 | INFO: Primitives created: 1
10:33:59 | INFO: Extracting primitive: Cube.115
10:33:59 | INFO: Primitives created: 1
10:33:59 | INFO: Finished glTF 2.0 export in 0.7326157093048096 s

10:33:59 | INFO: Starting glTF 2.0 export
10:33:59 | INFO: Extracting primitive: Cube.091
10:33:59 | WARNING: More than one shader node tex image used for a texture. The resulting glTF sampler will behave like the first shader node tex image.
10:33:59 | INFO: Primitives created: 1
10:33:59 | INFO: Extracting primitive: Cube.092
10:33:59 | INFO: Primitives created: 1
10:33:59 | INFO: Extracting primitive: Cube.093
10:33:59 | INFO: Primitives created: 1
10:33:59 | INFO: Extracting primitive: Cube.094
10:33:59 | INFO: Primitives created: 1
10:33:59 | INFO: Extracting primitive: Cube.095
10:33:59 | INFO: Primitives created: 1
10:33:59 | INFO: Extracting primitive: Cube.096
10:33:59 | INFO: Primitives created: 1
10:33:59 | INFO: Extracting primitive: Cube.097
10:33:59 | INFO: Primitives created: 1
10:33:59 | INFO: Extracting primitive: Cube.098
10:33:59 | INFO: Primitives created: 1
10:33:59 | INFO: Extracting primitive: Cube.099
10:33:59 | INFO: Primitives created: 1
10:33:59 | INFO: Extracting primitive: Cube.100
10:33:59 | INFO: Primitives created: 1
10:33:59 | INFO: Extracting primitive: Cube.101
10:33:59 | INFO: Primitives created: 1
10:33:59 | INFO: Extracting primitive: Cube.102
10:33:59 | INFO: Primitives created: 1
10:33:59 | INFO: Extracting primitive: Cube.103
10:33:59 | INFO: Primitives created: 1
10:33:59 | INFO: Extracting primitive: Cube.104
10:33:59 | INFO: Primitives created: 1
10:33:59 | INFO: Extracting primitive: Cube.105
10:33:59 | INFO: Primitives created: 1
10:33:59 | INFO: Extracting primitive: Cube.106
10:33:59 | INFO: Primitives created: 1
10:33:59 | INFO: Extracting primitive: Cube.107
10:33:59 | INFO: Primitives created: 1
10:33:59 | INFO: Extracting primitive: Cube.108
10:33:59 | INFO: Primitives created: 1
10:33:59 | INFO: Extracting primitive: Cube.109
10:33:59 | INFO: Primitives created: 1
10:33:59 | INFO: Extracting primitive: Cube.110
10:33:59 | INFO: Primitives created: 1
10:33:59 | INFO: Extracting primitive: Cube.111
10:33:59 | INFO: Primitives created: 1
10:33:59 | INFO: Extracting primitive: Cube.112
10:33:59 | INFO: Primitives created: 1
10:33:59 | INFO: Extracting primitive: Cube.113
10:33:59 | INFO: Primitives created: 1
10:33:59 | INFO: Extracting primitive: Cube.114
10:33:59 | INFO: Primitives created: 1
10:33:59 | INFO: Extracting primitive: Cube.115
10:33:59 | INFO: Primitives created: 1
10:33:59 | INFO: Finished glTF 2.0 export in 0.08233356475830078 s

10:33:59 | INFO: Starting glTF 2.0 export
10:33:59 | INFO: Extracting primitive: Cube.091
10:33:59 | WARNING: More than one shader node tex image used for a texture. The resulting glTF sampler will behave like the first shader node tex image.
10:33:59 | INFO: Primitives created: 1
10:33:59 | INFO: Extracting primitive: Cube.092
10:33:59 | INFO: Primitives created: 1
10:33:59 | INFO: Extracting primitive: Cube.093
10:33:59 | INFO: Primitives created: 1
10:33:59 | INFO: Extracting primitive: Cube.094
10:33:59 | INFO: Primitives created: 1
10:33:59 | INFO: Extracting primitive: Cube.095
10:33:59 | INFO: Primitives created: 1
10:33:59 | INFO: Extracting primitive: Cube.096
10:33:59 | INFO: Primitives created: 1
10:33:59 | INFO: Extracting primitive: Cube.097
10:33:59 | INFO: Primitives created: 1
10:33:59 | INFO: Extracting primitive: Cube.098
10:33:59 | INFO: Primitives created: 1
10:33:59 | INFO: Extracting primitive: Cube.099
10:33:59 | INFO: Primitives created: 1
10:33:59 | INFO: Extracting primitive: Cube.100
10:33:59 | INFO: Primitives created: 1
10:33:59 | INFO: Extracting primitive: Cube.101
10:33:59 | INFO: Primitives created: 1
10:33:59 | INFO: Extracting primitive: Cube.102
10:33:59 | INFO: Primitives created: 1
10:33:59 | INFO: Extracting primitive: Cube.103
10:33:59 | INFO: Primitives created: 1
10:33:59 | INFO: Extracting primitive: Cube.104
10:33:59 | INFO: Primitives created: 1
10:33:59 | INFO: Extracting primitive: Cube.105
10:33:59 | INFO: Primitives created: 1
10:33:59 | INFO: Extracting primitive: Cube.106
10:33:59 | INFO: Primitives created: 1
10:33:59 | INFO: Extracting primitive: Cube.107
10:33:59 | INFO: Primitives created: 1
10:33:59 | INFO: Extracting primitive: Cube.108
10:33:59 | INFO: Primitives created: 1
10:33:59 | INFO: Extracting primitive: Cube.109
10:33:59 | INFO: Primitives created: 1
10:33:59 | INFO: Extracting primitive: Cube.110
10:33:59 | INFO: Primitives created: 1
10:33:59 | INFO: Extracting primitive: Cube.111
10:33:59 | INFO: Primitives created: 1
10:33:59 | INFO: Extracting primitive: Cube.112
10:33:59 | INFO: Primitives created: 1
10:33:59 | INFO: Extracting primitive: Cube.113
10:33:59 | INFO: Primitives created: 1
10:33:59 | INFO: Extracting primitive: Cube.114
10:33:59 | INFO: Primitives created: 1
10:33:59 | INFO: Extracting primitive: Cube.115
10:33:59 | INFO: Primitives created: 1
10:33:59 | INFO: Finished glTF 2.0 export in 0.09641766548156738 s

Info: Saved as "container-red.blend"
10:34:00 | INFO: Starting glTF 2.0 export
10:34:00 | INFO: Extracting primitive: Cube.116
10:34:00 | INFO: Primitives created: 1
10:34:00 | INFO: Extracting primitive: Cube.117
10:34:00 | INFO: Primitives created: 1
10:34:00 | INFO: Extracting primitive: Cube.118
10:34:00 | INFO: Primitives created: 1
10:34:00 | INFO: Extracting primitive: Cube.119
10:34:00 | INFO: Primitives created: 1
10:34:00 | INFO: Extracting primitive: Cube.120
10:34:00 | INFO: Primitives created: 1
10:34:00 | INFO: Extracting primitive: Cube.121
10:34:00 | INFO: Primitives created: 1
10:34:00 | INFO: Extracting primitive: Cube.122
10:34:00 | INFO: Primitives created: 1
10:34:00 | INFO: Extracting primitive: Cube.123
10:34:00 | INFO: Primitives created: 1
10:34:00 | INFO: Extracting primitive: Cube.124
10:34:00 | INFO: Primitives created: 1
10:34:00 | INFO: Extracting primitive: Cube.125
10:34:00 | INFO: Primitives created: 1
10:34:00 | INFO: Extracting primitive: Cube.126
10:34:00 | INFO: Primitives created: 1
10:34:00 | INFO: Extracting primitive: Cube.127
10:34:00 | INFO: Primitives created: 1
10:34:00 | INFO: Extracting primitive: Cube.128
10:34:00 | INFO: Primitives created: 1
10:34:00 | INFO: Extracting primitive: Cube.129
10:34:00 | INFO: Primitives created: 1
10:34:00 | INFO: Extracting primitive: Cube.130
10:34:00 | INFO: Primitives created: 1
10:34:00 | INFO: Extracting primitive: Cube.131
10:34:00 | INFO: Primitives created: 1
10:34:00 | INFO: Extracting primitive: Cube.132
10:34:00 | INFO: Primitives created: 1
10:34:00 | INFO: Extracting primitive: Cube.133
10:34:00 | INFO: Primitives created: 1
10:34:00 | INFO: Extracting primitive: Cube.134
10:34:00 | INFO: Primitives created: 1
10:34:00 | INFO: Extracting primitive: Cube.135
10:34:00 | INFO: Primitives created: 1
10:34:00 | INFO: Extracting primitive: Cube.136
10:34:00 | INFO: Primitives created: 1
10:34:00 | INFO: Extracting primitive: Cube.137
10:34:00 | INFO: Primitives created: 1
10:34:00 | INFO: Extracting primitive: Cube.138
10:34:00 | INFO: Primitives created: 1
10:34:00 | INFO: Extracting primitive: Cube.139
10:34:00 | INFO: Primitives created: 1
10:34:00 | INFO: Extracting primitive: Cube.140
10:34:00 | INFO: Primitives created: 1
10:34:00 | INFO: Extracting primitive: Cube.141
10:34:00 | INFO: Primitives created: 1
10:34:00 | INFO: Extracting primitive: Cube.142
10:34:00 | INFO: Primitives created: 1
10:34:00 | INFO: Extracting primitive: Cube.143
10:34:00 | INFO: Primitives created: 1
10:34:00 | INFO: Extracting primitive: Cube.144
10:34:00 | INFO: Primitives created: 1
10:34:00 | INFO: Extracting primitive: Cube.145
10:34:00 | INFO: Primitives created: 1
10:34:00 | INFO: Extracting primitive: Cube.146
10:34:00 | INFO: Primitives created: 1
10:34:00 | INFO: Extracting primitive: Cube.147
10:34:00 | INFO: Primitives created: 1
10:34:00 | INFO: Extracting primitive: Cube.148
10:34:00 | INFO: Primitives created: 1
10:34:00 | INFO: Extracting primitive: Cube.149
10:34:00 | INFO: Primitives created: 1
10:34:00 | INFO: Extracting primitive: Cube.150
10:34:00 | INFO: Primitives created: 1
10:34:00 | INFO: Extracting primitive: Cube.151
10:34:00 | INFO: Primitives created: 1
10:34:00 | INFO: Extracting primitive: Cube.152
10:34:00 | INFO: Primitives created: 1
10:34:00 | INFO: Extracting primitive: Cube.153
10:34:00 | INFO: Primitives created: 1
10:34:00 | INFO: Extracting primitive: Cube.154
10:34:00 | INFO: Primitives created: 1
10:34:00 | INFO: Extracting primitive: Cube.155
10:34:00 | INFO: Primitives created: 1
10:34:00 | INFO: Extracting primitive: Cube.156
10:34:00 | INFO: Primitives created: 1
10:34:00 | INFO: Extracting primitive: Cube.157
10:34:00 | INFO: Primitives created: 1
10:34:00 | INFO: Extracting primitive: Cube.158
10:34:00 | INFO: Primitives created: 1
10:34:00 | INFO: Extracting primitive: Cube.159
10:34:00 | INFO: Primitives created: 1
10:34:00 | INFO: Extracting primitive: Cube.160
10:34:00 | INFO: Primitives created: 1
10:34:00 | INFO: Extracting primitive: Cube.161
10:34:00 | INFO: Primitives created: 1
10:34:00 | INFO: Extracting primitive: Cube.162
10:34:00 | INFO: Primitives created: 1
10:34:00 | INFO: Extracting primitive: Cube.163
10:34:00 | INFO: Primitives created: 1
10:34:00 | INFO: Extracting primitive: Cube.164
10:34:00 | INFO: Primitives created: 1
10:34:00 | INFO: Extracting primitive: Cube.165
10:34:00 | INFO: Primitives created: 1
10:34:00 | INFO: Extracting primitive: Cube.166
10:34:00 | INFO: Primitives created: 1
10:34:00 | INFO: Extracting primitive: Cube.167
10:34:00 | INFO: Primitives created: 1
10:34:00 | INFO: Extracting primitive: Cube.168
10:34:00 | INFO: Primitives created: 1
10:34:00 | INFO: Extracting primitive: Cube.169
10:34:00 | INFO: Primitives created: 1
10:34:00 | INFO: Extracting primitive: Cube.170
10:34:00 | INFO: Primitives created: 1
10:34:00 | INFO: Extracting primitive: Cube.171
10:34:00 | INFO: Primitives created: 1
10:34:00 | INFO: Extracting primitive: Cube.172
10:34:00 | INFO: Primitives created: 1
10:34:00 | INFO: Extracting primitive: Cube.173
10:34:00 | INFO: Primitives created: 1
10:34:00 | INFO: Extracting primitive: Cube.174
10:34:00 | INFO: Primitives created: 1
10:34:00 | INFO: Extracting primitive: Cube.175
10:34:00 | INFO: Primitives created: 1
10:34:00 | INFO: Extracting primitive: Cube.176
10:34:00 | INFO: Primitives created: 1
10:34:00 | INFO: Extracting primitive: Cube.177
10:34:00 | WARNING: More than one shader node tex image used for a texture. The resulting glTF sampler will behave like the first shader node tex image.
10:34:00 | INFO: Primitives created: 1
10:34:00 | INFO: Extracting primitive: Cube.178
10:34:00 | INFO: Primitives created: 1
10:34:00 | INFO: Extracting primitive: Cube.179
10:34:00 | INFO: Primitives created: 1
10:34:00 | INFO: Extracting primitive: Cube.180
10:34:00 | INFO: Primitives created: 1
10:34:00 | INFO: Extracting primitive: Cube.181
10:34:00 | INFO: Primitives created: 1
10:34:00 | INFO: Extracting primitive: Cylinder.076
10:34:00 | INFO: Primitives created: 1
10:34:00 | INFO: Extracting primitive: Cube.182
10:34:00 | INFO: Primitives created: 1
10:34:00 | INFO: Extracting primitive: Cylinder.077
10:34:00 | INFO: Primitives created: 1
10:34:00 | INFO: Finished glTF 2.0 export in 0.7378218173980713 s

10:34:00 | INFO: Starting glTF 2.0 export
10:34:00 | INFO: Extracting primitive: Cube.116
10:34:00 | INFO: Primitives created: 1
10:34:00 | INFO: Extracting primitive: Cube.117
10:34:00 | INFO: Primitives created: 1
10:34:00 | INFO: Extracting primitive: Cube.118
10:34:00 | INFO: Primitives created: 1
10:34:00 | INFO: Extracting primitive: Cube.119
10:34:00 | INFO: Primitives created: 1
10:34:00 | INFO: Extracting primitive: Cube.120
10:34:00 | INFO: Primitives created: 1
10:34:00 | INFO: Extracting primitive: Cube.121
10:34:00 | INFO: Primitives created: 1
10:34:00 | INFO: Extracting primitive: Cube.122
10:34:00 | INFO: Primitives created: 1
10:34:00 | INFO: Extracting primitive: Cube.123
10:34:00 | INFO: Primitives created: 1
10:34:00 | INFO: Extracting primitive: Cube.124
10:34:00 | INFO: Primitives created: 1
10:34:00 | INFO: Extracting primitive: Cube.125
10:34:00 | INFO: Primitives created: 1
10:34:00 | INFO: Extracting primitive: Cube.126
10:34:00 | INFO: Primitives created: 1
10:34:00 | INFO: Extracting primitive: Cube.127
10:34:00 | INFO: Primitives created: 1
10:34:00 | INFO: Extracting primitive: Cube.128
10:34:00 | INFO: Primitives created: 1
10:34:00 | INFO: Extracting primitive: Cube.129
10:34:00 | INFO: Primitives created: 1
10:34:00 | INFO: Extracting primitive: Cube.130
10:34:00 | INFO: Primitives created: 1
10:34:00 | INFO: Extracting primitive: Cube.131
10:34:00 | INFO: Primitives created: 1
10:34:00 | INFO: Extracting primitive: Cube.132
10:34:00 | INFO: Primitives created: 1
10:34:00 | INFO: Extracting primitive: Cube.133
10:34:00 | INFO: Primitives created: 1
10:34:00 | INFO: Extracting primitive: Cube.134
10:34:00 | INFO: Primitives created: 1
10:34:00 | INFO: Extracting primitive: Cube.135
10:34:00 | INFO: Primitives created: 1
10:34:00 | INFO: Extracting primitive: Cube.136
10:34:00 | INFO: Primitives created: 1
10:34:00 | INFO: Extracting primitive: Cube.137
10:34:00 | INFO: Primitives created: 1
10:34:00 | INFO: Extracting primitive: Cube.138
10:34:00 | INFO: Primitives created: 1
10:34:00 | INFO: Extracting primitive: Cube.139
10:34:00 | INFO: Primitives created: 1
10:34:00 | INFO: Extracting primitive: Cube.140
10:34:00 | INFO: Primitives created: 1
10:34:00 | INFO: Extracting primitive: Cube.141
10:34:00 | INFO: Primitives created: 1
10:34:00 | INFO: Extracting primitive: Cube.142
10:34:00 | INFO: Primitives created: 1
10:34:00 | INFO: Extracting primitive: Cube.143
10:34:00 | INFO: Primitives created: 1
10:34:00 | INFO: Extracting primitive: Cube.144
10:34:00 | INFO: Primitives created: 1
10:34:00 | INFO: Extracting primitive: Cube.145
10:34:00 | INFO: Primitives created: 1
10:34:00 | INFO: Extracting primitive: Cube.146
10:34:00 | INFO: Primitives created: 1
10:34:00 | INFO: Extracting primitive: Cube.147
10:34:00 | INFO: Primitives created: 1
10:34:00 | INFO: Extracting primitive: Cube.148
10:34:00 | INFO: Primitives created: 1
10:34:00 | INFO: Extracting primitive: Cube.149
10:34:00 | INFO: Primitives created: 1
10:34:00 | INFO: Extracting primitive: Cube.150
10:34:00 | INFO: Primitives created: 1
10:34:00 | INFO: Extracting primitive: Cube.151
10:34:00 | INFO: Primitives created: 1
10:34:00 | INFO: Extracting primitive: Cube.152
10:34:00 | INFO: Primitives created: 1
10:34:00 | INFO: Extracting primitive: Cube.153
10:34:00 | INFO: Primitives created: 1
10:34:00 | INFO: Extracting primitive: Cube.154
10:34:00 | INFO: Primitives created: 1
10:34:00 | INFO: Extracting primitive: Cube.155
10:34:00 | INFO: Primitives created: 1
10:34:00 | INFO: Extracting primitive: Cube.156
10:34:00 | INFO: Primitives created: 1
10:34:00 | INFO: Extracting primitive: Cube.157
10:34:00 | INFO: Primitives created: 1
10:34:00 | INFO: Extracting primitive: Cube.158
10:34:00 | INFO: Primitives created: 1
10:34:00 | INFO: Extracting primitive: Cube.159
10:34:00 | INFO: Primitives created: 1
10:34:00 | INFO: Extracting primitive: Cube.160
10:34:00 | INFO: Primitives created: 1
10:34:00 | INFO: Extracting primitive: Cube.161
10:34:00 | INFO: Primitives created: 1
10:34:00 | INFO: Extracting primitive: Cube.162
10:34:00 | INFO: Primitives created: 1
10:34:00 | INFO: Extracting primitive: Cube.163
10:34:00 | INFO: Primitives created: 1
10:34:00 | INFO: Extracting primitive: Cube.164
10:34:00 | INFO: Primitives created: 1
10:34:00 | INFO: Extracting primitive: Cube.165
10:34:00 | INFO: Primitives created: 1
10:34:00 | INFO: Extracting primitive: Cube.166
10:34:00 | INFO: Primitives created: 1
10:34:00 | INFO: Extracting primitive: Cube.167
10:34:00 | INFO: Primitives created: 1
10:34:00 | INFO: Extracting primitive: Cube.168
10:34:00 | INFO: Primitives created: 1
10:34:00 | INFO: Extracting primitive: Cube.169
10:34:00 | INFO: Primitives created: 1
10:34:00 | INFO: Extracting primitive: Cube.170
10:34:00 | INFO: Primitives created: 1
10:34:00 | INFO: Extracting primitive: Cube.171
10:34:00 | INFO: Primitives created: 1
10:34:00 | INFO: Extracting primitive: Cube.172
10:34:00 | INFO: Primitives created: 1
10:34:00 | INFO: Extracting primitive: Cube.173
10:34:00 | INFO: Primitives created: 1
10:34:00 | INFO: Extracting primitive: Cube.174
10:34:00 | INFO: Primitives created: 1
10:34:00 | INFO: Extracting primitive: Cube.175
10:34:00 | INFO: Primitives created: 1
10:34:00 | INFO: Extracting primitive: Cube.176
10:34:00 | INFO: Primitives created: 1
10:34:00 | INFO: Extracting primitive: Cube.177
10:34:01 | WARNING: More than one shader node tex image used for a texture. The resulting glTF sampler will behave like the first shader node tex image.
10:34:01 | INFO: Primitives created: 1
10:34:01 | INFO: Extracting primitive: Cube.178
10:34:01 | INFO: Primitives created: 1
10:34:01 | INFO: Extracting primitive: Cube.179
10:34:01 | INFO: Primitives created: 1
10:34:01 | INFO: Extracting primitive: Cube.180
10:34:01 | INFO: Primitives created: 1
10:34:01 | INFO: Extracting primitive: Cube.181
10:34:01 | INFO: Primitives created: 1
10:34:01 | INFO: Extracting primitive: Cylinder.076
10:34:01 | INFO: Primitives created: 1
10:34:01 | INFO: Extracting primitive: Cube.182
10:34:01 | INFO: Primitives created: 1
10:34:01 | INFO: Extracting primitive: Cylinder.077
10:34:01 | INFO: Primitives created: 1
10:34:01 | INFO: Finished glTF 2.0 export in 0.11713504791259766 s

10:34:01 | INFO: Starting glTF 2.0 export
10:34:01 | INFO: Extracting primitive: Cube.116
10:34:01 | INFO: Primitives created: 1
10:34:01 | INFO: Extracting primitive: Cube.117
10:34:01 | INFO: Primitives created: 1
10:34:01 | INFO: Extracting primitive: Cube.118
10:34:01 | INFO: Primitives created: 1
10:34:01 | INFO: Extracting primitive: Cube.119
10:34:01 | INFO: Primitives created: 1
10:34:01 | INFO: Extracting primitive: Cube.120
10:34:01 | INFO: Primitives created: 1
10:34:01 | INFO: Extracting primitive: Cube.121
10:34:01 | INFO: Primitives created: 1
10:34:01 | INFO: Extracting primitive: Cube.122
10:34:01 | INFO: Primitives created: 1
10:34:01 | INFO: Extracting primitive: Cube.123
10:34:01 | INFO: Primitives created: 1
10:34:01 | INFO: Extracting primitive: Cube.124
10:34:01 | INFO: Primitives created: 1
10:34:01 | INFO: Extracting primitive: Cube.125
10:34:01 | INFO: Primitives created: 1
10:34:01 | INFO: Extracting primitive: Cube.126
10:34:01 | INFO: Primitives created: 1
10:34:01 | INFO: Extracting primitive: Cube.127
10:34:01 | INFO: Primitives created: 1
10:34:01 | INFO: Extracting primitive: Cube.128
10:34:01 | INFO: Primitives created: 1
10:34:01 | INFO: Extracting primitive: Cube.129
10:34:01 | INFO: Primitives created: 1
10:34:01 | INFO: Extracting primitive: Cube.130
10:34:01 | INFO: Primitives created: 1
10:34:01 | INFO: Extracting primitive: Cube.131
10:34:01 | INFO: Primitives created: 1
10:34:01 | INFO: Extracting primitive: Cube.132
10:34:01 | INFO: Primitives created: 1
10:34:01 | INFO: Extracting primitive: Cube.133
10:34:01 | INFO: Primitives created: 1
10:34:01 | INFO: Extracting primitive: Cube.134
10:34:01 | INFO: Primitives created: 1
10:34:01 | INFO: Extracting primitive: Cube.135
10:34:01 | INFO: Primitives created: 1
10:34:01 | INFO: Extracting primitive: Cube.136
10:34:01 | INFO: Primitives created: 1
10:34:01 | INFO: Extracting primitive: Cube.137
10:34:01 | INFO: Primitives created: 1
10:34:01 | INFO: Extracting primitive: Cube.138
10:34:01 | INFO: Primitives created: 1
10:34:01 | INFO: Extracting primitive: Cube.139
10:34:01 | INFO: Primitives created: 1
10:34:01 | INFO: Extracting primitive: Cube.140
10:34:01 | INFO: Primitives created: 1
10:34:01 | INFO: Extracting primitive: Cube.141
10:34:01 | INFO: Primitives created: 1
10:34:01 | INFO: Extracting primitive: Cube.142
10:34:01 | INFO: Primitives created: 1
10:34:01 | INFO: Extracting primitive: Cube.143
10:34:01 | INFO: Primitives created: 1
10:34:01 | INFO: Extracting primitive: Cube.144
10:34:01 | INFO: Primitives created: 1
10:34:01 | INFO: Extracting primitive: Cube.145
10:34:01 | INFO: Primitives created: 1
10:34:01 | INFO: Extracting primitive: Cube.146
10:34:01 | INFO: Primitives created: 1
10:34:01 | INFO: Extracting primitive: Cube.147
10:34:01 | INFO: Primitives created: 1
10:34:01 | INFO: Extracting primitive: Cube.148
10:34:01 | INFO: Primitives created: 1
10:34:01 | INFO: Extracting primitive: Cube.149
10:34:01 | INFO: Primitives created: 1
10:34:01 | INFO: Extracting primitive: Cube.150
10:34:01 | INFO: Primitives created: 1
10:34:01 | INFO: Extracting primitive: Cube.151
10:34:01 | INFO: Primitives created: 1
10:34:01 | INFO: Extracting primitive: Cube.152
10:34:01 | INFO: Primitives created: 1
10:34:01 | INFO: Extracting primitive: Cube.153
10:34:01 | INFO: Primitives created: 1
10:34:01 | INFO: Extracting primitive: Cube.154
10:34:01 | INFO: Primitives created: 1
10:34:01 | INFO: Extracting primitive: Cube.155
10:34:01 | INFO: Primitives created: 1
10:34:01 | INFO: Extracting primitive: Cube.156
10:34:01 | INFO: Primitives created: 1
10:34:01 | INFO: Extracting primitive: Cube.157
10:34:01 | INFO: Primitives created: 1
10:34:01 | INFO: Extracting primitive: Cube.158
10:34:01 | INFO: Primitives created: 1
10:34:01 | INFO: Extracting primitive: Cube.159
10:34:01 | INFO: Primitives created: 1
10:34:01 | INFO: Extracting primitive: Cube.160
10:34:01 | INFO: Primitives created: 1
10:34:01 | INFO: Extracting primitive: Cube.161
10:34:01 | INFO: Primitives created: 1
10:34:01 | INFO: Extracting primitive: Cube.162
10:34:01 | INFO: Primitives created: 1
10:34:01 | INFO: Extracting primitive: Cube.163
10:34:01 | INFO: Primitives created: 1
10:34:01 | INFO: Extracting primitive: Cube.164
10:34:01 | INFO: Primitives created: 1
10:34:01 | INFO: Extracting primitive: Cube.165
10:34:01 | INFO: Primitives created: 1
10:34:01 | INFO: Extracting primitive: Cube.166
10:34:01 | INFO: Primitives created: 1
10:34:01 | INFO: Extracting primitive: Cube.167
10:34:01 | INFO: Primitives created: 1
10:34:01 | INFO: Extracting primitive: Cube.168
10:34:01 | INFO: Primitives created: 1
10:34:01 | INFO: Extracting primitive: Cube.169
10:34:01 | INFO: Primitives created: 1
10:34:01 | INFO: Extracting primitive: Cube.170
10:34:01 | INFO: Primitives created: 1
10:34:01 | INFO: Extracting primitive: Cube.171
10:34:01 | INFO: Primitives created: 1
10:34:01 | INFO: Extracting primitive: Cube.172
10:34:01 | INFO: Primitives created: 1
10:34:01 | INFO: Extracting primitive: Cube.173
10:34:01 | INFO: Primitives created: 1
10:34:01 | INFO: Extracting primitive: Cube.174
10:34:01 | INFO: Primitives created: 1
10:34:01 | INFO: Extracting primitive: Cube.175
10:34:01 | INFO: Primitives created: 1
10:34:01 | INFO: Extracting primitive: Cube.176
10:34:01 | INFO: Primitives created: 1
10:34:01 | INFO: Extracting primitive: Cube.177
10:34:01 | WARNING: More than one shader node tex image used for a texture. The resulting glTF sampler will behave like the first shader node tex image.
10:34:01 | INFO: Primitives created: 1
10:34:01 | INFO: Extracting primitive: Cube.178
10:34:01 | INFO: Primitives created: 1
10:34:01 | INFO: Extracting primitive: Cube.179
10:34:01 | INFO: Primitives created: 1
10:34:01 | INFO: Extracting primitive: Cube.180
10:34:01 | INFO: Primitives created: 1
10:34:01 | INFO: Extracting primitive: Cube.181
10:34:01 | INFO: Primitives created: 1
10:34:01 | INFO: Extracting primitive: Cylinder.076
10:34:01 | INFO: Primitives created: 1
10:34:01 | INFO: Extracting primitive: Cube.182
10:34:01 | INFO: Primitives created: 1
10:34:01 | INFO: Extracting primitive: Cylinder.077
10:34:01 | INFO: Primitives created: 1
10:34:01 | INFO: Finished glTF 2.0 export in 0.1174478530883789 s

Info: Saved as "container-blue.blend"
10:34:01 | INFO: Starting glTF 2.0 export
10:34:01 | INFO: Extracting primitive: Cube.183
10:34:01 | INFO: Primitives created: 1
10:34:01 | INFO: Extracting primitive: Cube.184
10:34:01 | INFO: Primitives created: 1
10:34:01 | INFO: Extracting primitive: Cube.185
10:34:01 | INFO: Primitives created: 1
10:34:01 | INFO: Extracting primitive: Cube.186
10:34:01 | INFO: Primitives created: 1
10:34:01 | INFO: Extracting primitive: Cube.187
10:34:01 | INFO: Primitives created: 1
10:34:01 | INFO: Extracting primitive: Cube.188
10:34:01 | INFO: Primitives created: 1
10:34:01 | INFO: Extracting primitive: Cube.189
10:34:01 | INFO: Primitives created: 1
10:34:01 | INFO: Extracting primitive: Cube.190
10:34:01 | INFO: Primitives created: 1
10:34:01 | INFO: Extracting primitive: Cube.191
10:34:01 | INFO: Primitives created: 1
10:34:01 | INFO: Extracting primitive: Cube.192
10:34:01 | INFO: Primitives created: 1
10:34:01 | INFO: Extracting primitive: Cube.193
10:34:01 | INFO: Primitives created: 1
10:34:01 | INFO: Extracting primitive: Cube.194
10:34:01 | INFO: Primitives created: 1
10:34:01 | INFO: Extracting primitive: Cube.195
10:34:01 | INFO: Primitives created: 1
10:34:01 | INFO: Extracting primitive: Cube.196
10:34:01 | INFO: Primitives created: 1
10:34:01 | INFO: Extracting primitive: Cube.197
10:34:01 | INFO: Primitives created: 1
10:34:01 | INFO: Extracting primitive: Cube.198
10:34:01 | INFO: Primitives created: 1
10:34:01 | INFO: Extracting primitive: Cube.199
10:34:01 | INFO: Primitives created: 1
10:34:01 | INFO: Extracting primitive: Cube.200
10:34:01 | INFO: Primitives created: 1
10:34:01 | INFO: Extracting primitive: Cube.201
10:34:01 | INFO: Primitives created: 1
10:34:01 | INFO: Extracting primitive: Cube.202
10:34:01 | INFO: Primitives created: 1
10:34:01 | INFO: Extracting primitive: Cube.203
10:34:01 | INFO: Primitives created: 1
10:34:01 | INFO: Extracting primitive: Cube.204
10:34:01 | INFO: Primitives created: 1
10:34:01 | INFO: Extracting primitive: Cube.205
10:34:01 | INFO: Primitives created: 1
10:34:01 | INFO: Extracting primitive: Cube.206
10:34:01 | INFO: Primitives created: 1
10:34:01 | INFO: Extracting primitive: Cube.207
10:34:01 | INFO: Primitives created: 1
10:34:01 | INFO: Extracting primitive: Cube.208
10:34:01 | INFO: Primitives created: 1
10:34:01 | INFO: Extracting primitive: Cube.209
10:34:01 | INFO: Primitives created: 1
10:34:01 | INFO: Extracting primitive: Cube.210
10:34:01 | INFO: Primitives created: 1
10:34:01 | INFO: Extracting primitive: Cube.211
10:34:01 | INFO: Primitives created: 1
10:34:01 | INFO: Extracting primitive: Cube.212
10:34:01 | INFO: Primitives created: 1
10:34:01 | INFO: Extracting primitive: Cube.213
10:34:01 | INFO: Primitives created: 1
10:34:01 | INFO: Extracting primitive: Cube.214
10:34:01 | INFO: Primitives created: 1
10:34:01 | INFO: Extracting primitive: Cube.215
10:34:01 | INFO: Primitives created: 1
10:34:01 | INFO: Extracting primitive: Cube.216
10:34:01 | INFO: Primitives created: 1
10:34:01 | INFO: Extracting primitive: Cube.217
10:34:01 | INFO: Primitives created: 1
10:34:01 | INFO: Extracting primitive: Cube.218
10:34:01 | INFO: Primitives created: 1
10:34:01 | INFO: Extracting primitive: Cube.219
10:34:01 | INFO: Primitives created: 1
10:34:01 | INFO: Extracting primitive: Cube.220
10:34:01 | INFO: Primitives created: 1
10:34:01 | INFO: Extracting primitive: Cube.221
10:34:01 | INFO: Primitives created: 1
10:34:01 | INFO: Extracting primitive: Cube.222
10:34:01 | INFO: Primitives created: 1
10:34:01 | INFO: Extracting primitive: Cube.223
10:34:01 | INFO: Primitives created: 1
10:34:01 | INFO: Extracting primitive: Cube.224
10:34:01 | INFO: Primitives created: 1
10:34:01 | INFO: Extracting primitive: Cube.225
10:34:01 | INFO: Primitives created: 1
10:34:01 | INFO: Extracting primitive: Cube.226
10:34:01 | INFO: Primitives created: 1
10:34:01 | INFO: Extracting primitive: Cube.227
10:34:01 | INFO: Primitives created: 1
10:34:01 | INFO: Extracting primitive: Cube.228
10:34:01 | INFO: Primitives created: 1
10:34:01 | INFO: Extracting primitive: Cube.229
10:34:01 | INFO: Primitives created: 1
10:34:01 | INFO: Extracting primitive: Cube.230
10:34:01 | INFO: Primitives created: 1
10:34:01 | INFO: Extracting primitive: Cube.231
10:34:01 | INFO: Primitives created: 1
10:34:01 | INFO: Extracting primitive: Cube.232
10:34:01 | INFO: Primitives created: 1
10:34:01 | INFO: Extracting primitive: Cube.233
10:34:01 | INFO: Primitives created: 1
10:34:01 | INFO: Extracting primitive: Cube.234
10:34:01 | INFO: Primitives created: 1
10:34:01 | INFO: Extracting primitive: Cube.235
10:34:01 | INFO: Primitives created: 1
10:34:01 | INFO: Extracting primitive: Cube.236
10:34:01 | INFO: Primitives created: 1
10:34:01 | INFO: Extracting primitive: Cube.237
10:34:01 | INFO: Primitives created: 1
10:34:01 | INFO: Extracting primitive: Cube.238
10:34:01 | INFO: Primitives created: 1
10:34:01 | INFO: Extracting primitive: Cube.239
10:34:01 | INFO: Primitives created: 1
10:34:01 | INFO: Extracting primitive: Cube.240
10:34:01 | INFO: Primitives created: 1
10:34:01 | INFO: Extracting primitive: Cube.241
10:34:01 | INFO: Primitives created: 1
10:34:01 | INFO: Extracting primitive: Cube.242
10:34:01 | INFO: Primitives created: 1
10:34:01 | INFO: Extracting primitive: Cube.243
10:34:01 | INFO: Primitives created: 1
10:34:01 | INFO: Extracting primitive: Cube.244
10:34:02 | WARNING: More than one shader node tex image used for a texture. The resulting glTF sampler will behave like the first shader node tex image.
10:34:02 | INFO: Primitives created: 1
10:34:02 | INFO: Extracting primitive: Cube.245
10:34:02 | INFO: Primitives created: 1
10:34:02 | INFO: Extracting primitive: Cube.246
10:34:02 | INFO: Primitives created: 1
10:34:02 | INFO: Extracting primitive: Cube.247
10:34:02 | INFO: Primitives created: 1
10:34:02 | INFO: Extracting primitive: Cube.248
10:34:02 | INFO: Primitives created: 1
10:34:02 | INFO: Extracting primitive: Cylinder.078
10:34:02 | INFO: Primitives created: 1
10:34:02 | INFO: Extracting primitive: Cube.249
10:34:02 | INFO: Primitives created: 1
10:34:02 | INFO: Extracting primitive: Cylinder.079
10:34:02 | INFO: Primitives created: 1
10:34:02 | INFO: Finished glTF 2.0 export in 0.7306032180786133 s

10:34:02 | INFO: Starting glTF 2.0 export
10:34:02 | INFO: Extracting primitive: Cube.183
10:34:02 | INFO: Primitives created: 1
10:34:02 | INFO: Extracting primitive: Cube.184
10:34:02 | INFO: Primitives created: 1
10:34:02 | INFO: Extracting primitive: Cube.185
10:34:02 | INFO: Primitives created: 1
10:34:02 | INFO: Extracting primitive: Cube.186
10:34:02 | INFO: Primitives created: 1
10:34:02 | INFO: Extracting primitive: Cube.187
10:34:02 | INFO: Primitives created: 1
10:34:02 | INFO: Extracting primitive: Cube.188
10:34:02 | INFO: Primitives created: 1
10:34:02 | INFO: Extracting primitive: Cube.189
10:34:02 | INFO: Primitives created: 1
10:34:02 | INFO: Extracting primitive: Cube.190
10:34:02 | INFO: Primitives created: 1
10:34:02 | INFO: Extracting primitive: Cube.191
10:34:02 | INFO: Primitives created: 1
10:34:02 | INFO: Extracting primitive: Cube.192
10:34:02 | INFO: Primitives created: 1
10:34:02 | INFO: Extracting primitive: Cube.193
10:34:02 | INFO: Primitives created: 1
10:34:02 | INFO: Extracting primitive: Cube.194
10:34:02 | INFO: Primitives created: 1
10:34:02 | INFO: Extracting primitive: Cube.195
10:34:02 | INFO: Primitives created: 1
10:34:02 | INFO: Extracting primitive: Cube.196
10:34:02 | INFO: Primitives created: 1
10:34:02 | INFO: Extracting primitive: Cube.197
10:34:02 | INFO: Primitives created: 1
10:34:02 | INFO: Extracting primitive: Cube.198
10:34:02 | INFO: Primitives created: 1
10:34:02 | INFO: Extracting primitive: Cube.199
10:34:02 | INFO: Primitives created: 1
10:34:02 | INFO: Extracting primitive: Cube.200
10:34:02 | INFO: Primitives created: 1
10:34:02 | INFO: Extracting primitive: Cube.201
10:34:02 | INFO: Primitives created: 1
10:34:02 | INFO: Extracting primitive: Cube.202
10:34:02 | INFO: Primitives created: 1
10:34:02 | INFO: Extracting primitive: Cube.203
10:34:02 | INFO: Primitives created: 1
10:34:02 | INFO: Extracting primitive: Cube.204
10:34:02 | INFO: Primitives created: 1
10:34:02 | INFO: Extracting primitive: Cube.205
10:34:02 | INFO: Primitives created: 1
10:34:02 | INFO: Extracting primitive: Cube.206
10:34:02 | INFO: Primitives created: 1
10:34:02 | INFO: Extracting primitive: Cube.207
10:34:02 | INFO: Primitives created: 1
10:34:02 | INFO: Extracting primitive: Cube.208
10:34:02 | INFO: Primitives created: 1
10:34:02 | INFO: Extracting primitive: Cube.209
10:34:02 | INFO: Primitives created: 1
10:34:02 | INFO: Extracting primitive: Cube.210
10:34:02 | INFO: Primitives created: 1
10:34:02 | INFO: Extracting primitive: Cube.211
10:34:02 | INFO: Primitives created: 1
10:34:02 | INFO: Extracting primitive: Cube.212
10:34:02 | INFO: Primitives created: 1
10:34:02 | INFO: Extracting primitive: Cube.213
10:34:02 | INFO: Primitives created: 1
10:34:02 | INFO: Extracting primitive: Cube.214
10:34:02 | INFO: Primitives created: 1
10:34:02 | INFO: Extracting primitive: Cube.215
10:34:02 | INFO: Primitives created: 1
10:34:02 | INFO: Extracting primitive: Cube.216
10:34:02 | INFO: Primitives created: 1
10:34:02 | INFO: Extracting primitive: Cube.217
10:34:02 | INFO: Primitives created: 1
10:34:02 | INFO: Extracting primitive: Cube.218
10:34:02 | INFO: Primitives created: 1
10:34:02 | INFO: Extracting primitive: Cube.219
10:34:02 | INFO: Primitives created: 1
10:34:02 | INFO: Extracting primitive: Cube.220
10:34:02 | INFO: Primitives created: 1
10:34:02 | INFO: Extracting primitive: Cube.221
10:34:02 | INFO: Primitives created: 1
10:34:02 | INFO: Extracting primitive: Cube.222
10:34:02 | INFO: Primitives created: 1
10:34:02 | INFO: Extracting primitive: Cube.223
10:34:02 | INFO: Primitives created: 1
10:34:02 | INFO: Extracting primitive: Cube.224
10:34:02 | INFO: Primitives created: 1
10:34:02 | INFO: Extracting primitive: Cube.225
10:34:02 | INFO: Primitives created: 1
10:34:02 | INFO: Extracting primitive: Cube.226
10:34:02 | INFO: Primitives created: 1
10:34:02 | INFO: Extracting primitive: Cube.227
10:34:02 | INFO: Primitives created: 1
10:34:02 | INFO: Extracting primitive: Cube.228
10:34:02 | INFO: Primitives created: 1
10:34:02 | INFO: Extracting primitive: Cube.229
10:34:02 | INFO: Primitives created: 1
10:34:02 | INFO: Extracting primitive: Cube.230
10:34:02 | INFO: Primitives created: 1
10:34:02 | INFO: Extracting primitive: Cube.231
10:34:02 | INFO: Primitives created: 1
10:34:02 | INFO: Extracting primitive: Cube.232
10:34:02 | INFO: Primitives created: 1
10:34:02 | INFO: Extracting primitive: Cube.233
10:34:02 | INFO: Primitives created: 1
10:34:02 | INFO: Extracting primitive: Cube.234
10:34:02 | INFO: Primitives created: 1
10:34:02 | INFO: Extracting primitive: Cube.235
10:34:02 | INFO: Primitives created: 1
10:34:02 | INFO: Extracting primitive: Cube.236
10:34:02 | INFO: Primitives created: 1
10:34:02 | INFO: Extracting primitive: Cube.237
10:34:02 | INFO: Primitives created: 1
10:34:02 | INFO: Extracting primitive: Cube.238
10:34:02 | INFO: Primitives created: 1
10:34:02 | INFO: Extracting primitive: Cube.239
10:34:02 | INFO: Primitives created: 1
10:34:02 | INFO: Extracting primitive: Cube.240
10:34:02 | INFO: Primitives created: 1
10:34:02 | INFO: Extracting primitive: Cube.241
10:34:02 | INFO: Primitives created: 1
10:34:02 | INFO: Extracting primitive: Cube.242
10:34:02 | INFO: Primitives created: 1
10:34:02 | INFO: Extracting primitive: Cube.243
10:34:02 | INFO: Primitives created: 1
10:34:02 | INFO: Extracting primitive: Cube.244
10:34:02 | WARNING: More than one shader node tex image used for a texture. The resulting glTF sampler will behave like the first shader node tex image.
10:34:02 | INFO: Primitives created: 1
10:34:02 | INFO: Extracting primitive: Cube.245
10:34:02 | INFO: Primitives created: 1
10:34:02 | INFO: Extracting primitive: Cube.246
10:34:02 | INFO: Primitives created: 1
10:34:02 | INFO: Extracting primitive: Cube.247
10:34:02 | INFO: Primitives created: 1
10:34:02 | INFO: Extracting primitive: Cube.248
10:34:02 | INFO: Primitives created: 1
10:34:02 | INFO: Extracting primitive: Cylinder.078
10:34:02 | INFO: Primitives created: 1
10:34:02 | INFO: Extracting primitive: Cube.249
10:34:02 | INFO: Primitives created: 1
10:34:02 | INFO: Extracting primitive: Cylinder.079
10:34:02 | INFO: Primitives created: 1
10:34:02 | INFO: Finished glTF 2.0 export in 0.1307206153869629 s

10:34:02 | INFO: Starting glTF 2.0 export
10:34:02 | INFO: Extracting primitive: Cube.183
10:34:02 | INFO: Primitives created: 1
10:34:02 | INFO: Extracting primitive: Cube.184
10:34:02 | INFO: Primitives created: 1
10:34:02 | INFO: Extracting primitive: Cube.185
10:34:02 | INFO: Primitives created: 1
10:34:02 | INFO: Extracting primitive: Cube.186
10:34:02 | INFO: Primitives created: 1
10:34:02 | INFO: Extracting primitive: Cube.187
10:34:02 | INFO: Primitives created: 1
10:34:02 | INFO: Extracting primitive: Cube.188
10:34:02 | INFO: Primitives created: 1
10:34:02 | INFO: Extracting primitive: Cube.189
10:34:02 | INFO: Primitives created: 1
10:34:02 | INFO: Extracting primitive: Cube.190
10:34:02 | INFO: Primitives created: 1
10:34:02 | INFO: Extracting primitive: Cube.191
10:34:02 | INFO: Primitives created: 1
10:34:02 | INFO: Extracting primitive: Cube.192
10:34:02 | INFO: Primitives created: 1
10:34:02 | INFO: Extracting primitive: Cube.193
10:34:02 | INFO: Primitives created: 1
10:34:02 | INFO: Extracting primitive: Cube.194
10:34:02 | INFO: Primitives created: 1
10:34:02 | INFO: Extracting primitive: Cube.195
10:34:02 | INFO: Primitives created: 1
10:34:02 | INFO: Extracting primitive: Cube.196
10:34:02 | INFO: Primitives created: 1
10:34:02 | INFO: Extracting primitive: Cube.197
10:34:02 | INFO: Primitives created: 1
10:34:02 | INFO: Extracting primitive: Cube.198
10:34:02 | INFO: Primitives created: 1
10:34:02 | INFO: Extracting primitive: Cube.199
10:34:02 | INFO: Primitives created: 1
10:34:02 | INFO: Extracting primitive: Cube.200
10:34:02 | INFO: Primitives created: 1
10:34:02 | INFO: Extracting primitive: Cube.201
10:34:02 | INFO: Primitives created: 1
10:34:02 | INFO: Extracting primitive: Cube.202
10:34:02 | INFO: Primitives created: 1
10:34:02 | INFO: Extracting primitive: Cube.203
10:34:02 | INFO: Primitives created: 1
10:34:02 | INFO: Extracting primitive: Cube.204
10:34:02 | INFO: Primitives created: 1
10:34:02 | INFO: Extracting primitive: Cube.205
10:34:02 | INFO: Primitives created: 1
10:34:02 | INFO: Extracting primitive: Cube.206
10:34:02 | INFO: Primitives created: 1
10:34:02 | INFO: Extracting primitive: Cube.207
10:34:02 | INFO: Primitives created: 1
10:34:02 | INFO: Extracting primitive: Cube.208
10:34:02 | INFO: Primitives created: 1
10:34:02 | INFO: Extracting primitive: Cube.209
10:34:02 | INFO: Primitives created: 1
10:34:02 | INFO: Extracting primitive: Cube.210
10:34:02 | INFO: Primitives created: 1
10:34:02 | INFO: Extracting primitive: Cube.211
10:34:02 | INFO: Primitives created: 1
10:34:02 | INFO: Extracting primitive: Cube.212
10:34:02 | INFO: Primitives created: 1
10:34:02 | INFO: Extracting primitive: Cube.213
10:34:02 | INFO: Primitives created: 1
10:34:02 | INFO: Extracting primitive: Cube.214
10:34:02 | INFO: Primitives created: 1
10:34:02 | INFO: Extracting primitive: Cube.215
10:34:02 | INFO: Primitives created: 1
10:34:02 | INFO: Extracting primitive: Cube.216
10:34:02 | INFO: Primitives created: 1
10:34:02 | INFO: Extracting primitive: Cube.217
10:34:02 | INFO: Primitives created: 1
10:34:02 | INFO: Extracting primitive: Cube.218
10:34:02 | INFO: Primitives created: 1
10:34:02 | INFO: Extracting primitive: Cube.219
10:34:02 | INFO: Primitives created: 1
10:34:02 | INFO: Extracting primitive: Cube.220
10:34:02 | INFO: Primitives created: 1
10:34:02 | INFO: Extracting primitive: Cube.221
10:34:02 | INFO: Primitives created: 1
10:34:02 | INFO: Extracting primitive: Cube.222
10:34:02 | INFO: Primitives created: 1
10:34:02 | INFO: Extracting primitive: Cube.223
10:34:02 | INFO: Primitives created: 1
10:34:02 | INFO: Extracting primitive: Cube.224
10:34:02 | INFO: Primitives created: 1
10:34:02 | INFO: Extracting primitive: Cube.225
10:34:02 | INFO: Primitives created: 1
10:34:02 | INFO: Extracting primitive: Cube.226
10:34:02 | INFO: Primitives created: 1
10:34:02 | INFO: Extracting primitive: Cube.227
10:34:02 | INFO: Primitives created: 1
10:34:02 | INFO: Extracting primitive: Cube.228
10:34:02 | INFO: Primitives created: 1
10:34:02 | INFO: Extracting primitive: Cube.229
10:34:02 | INFO: Primitives created: 1
10:34:02 | INFO: Extracting primitive: Cube.230
10:34:02 | INFO: Primitives created: 1
10:34:02 | INFO: Extracting primitive: Cube.231
10:34:02 | INFO: Primitives created: 1
10:34:02 | INFO: Extracting primitive: Cube.232
10:34:02 | INFO: Primitives created: 1
10:34:02 | INFO: Extracting primitive: Cube.233
10:34:02 | INFO: Primitives created: 1
10:34:02 | INFO: Extracting primitive: Cube.234
10:34:02 | INFO: Primitives created: 1
10:34:02 | INFO: Extracting primitive: Cube.235
10:34:02 | INFO: Primitives created: 1
10:34:02 | INFO: Extracting primitive: Cube.236
10:34:02 | INFO: Primitives created: 1
10:34:02 | INFO: Extracting primitive: Cube.237
10:34:02 | INFO: Primitives created: 1
10:34:02 | INFO: Extracting primitive: Cube.238
10:34:02 | INFO: Primitives created: 1
10:34:02 | INFO: Extracting primitive: Cube.239
10:34:02 | INFO: Primitives created: 1
10:34:02 | INFO: Extracting primitive: Cube.240
10:34:02 | INFO: Primitives created: 1
10:34:02 | INFO: Extracting primitive: Cube.241
10:34:02 | INFO: Primitives created: 1
10:34:02 | INFO: Extracting primitive: Cube.242
10:34:02 | INFO: Primitives created: 1
10:34:02 | INFO: Extracting primitive: Cube.243
10:34:02 | INFO: Primitives created: 1
10:34:02 | INFO: Extracting primitive: Cube.244
10:34:02 | WARNING: More than one shader node tex image used for a texture. The resulting glTF sampler will behave like the first shader node tex image.
10:34:02 | INFO: Primitives created: 1
10:34:02 | INFO: Extracting primitive: Cube.245
10:34:02 | INFO: Primitives created: 1
10:34:02 | INFO: Extracting primitive: Cube.246
10:34:02 | INFO: Primitives created: 1
10:34:02 | INFO: Extracting primitive: Cube.247
10:34:02 | INFO: Primitives created: 1
10:34:02 | INFO: Extracting primitive: Cube.248
10:34:02 | INFO: Primitives created: 1
10:34:02 | INFO: Extracting primitive: Cylinder.078
10:34:02 | INFO: Primitives created: 1
10:34:02 | INFO: Extracting primitive: Cube.249
10:34:02 | INFO: Primitives created: 1
10:34:02 | INFO: Extracting primitive: Cylinder.079
10:34:02 | INFO: Primitives created: 1
10:34:02 | INFO: Finished glTF 2.0 export in 0.15031099319458008 s

Info: Saved as "container-cream.blend"
10:34:02 | INFO: Starting glTF 2.0 export
10:34:02 | INFO: Extracting primitive: Cube.250
10:34:02 | INFO: Primitives created: 1
10:34:02 | INFO: Extracting primitive: Cube.251
10:34:02 | INFO: Primitives created: 1
10:34:02 | INFO: Extracting primitive: Cube.252
10:34:02 | INFO: Primitives created: 1
10:34:02 | INFO: Extracting primitive: Cube.253
10:34:02 | INFO: Primitives created: 1
10:34:02 | INFO: Extracting primitive: Cube.254
10:34:02 | INFO: Primitives created: 1
10:34:02 | INFO: Extracting primitive: Cube.255
10:34:02 | INFO: Primitives created: 1
10:34:02 | INFO: Extracting primitive: Cube.256
10:34:02 | INFO: Primitives created: 1
10:34:02 | INFO: Extracting primitive: Cube.257
10:34:02 | INFO: Primitives created: 1
10:34:02 | INFO: Extracting primitive: Cube.258
10:34:02 | INFO: Primitives created: 1
10:34:02 | INFO: Extracting primitive: Cube.259
10:34:02 | INFO: Primitives created: 1
10:34:02 | INFO: Extracting primitive: Cube.260
10:34:02 | INFO: Primitives created: 1
10:34:02 | INFO: Extracting primitive: Cube.261
10:34:02 | INFO: Primitives created: 1
10:34:02 | INFO: Extracting primitive: Cube.262
10:34:02 | INFO: Primitives created: 1
10:34:02 | INFO: Extracting primitive: Cube.263
10:34:02 | INFO: Primitives created: 1
10:34:02 | INFO: Extracting primitive: Cube.264
10:34:02 | INFO: Primitives created: 1
10:34:02 | INFO: Extracting primitive: Cube.265
10:34:02 | INFO: Primitives created: 1
10:34:02 | INFO: Extracting primitive: Cube.266
10:34:02 | INFO: Primitives created: 1
10:34:02 | INFO: Extracting primitive: Cube.267
10:34:02 | INFO: Primitives created: 1
10:34:02 | INFO: Extracting primitive: Cube.268
10:34:02 | INFO: Primitives created: 1
10:34:02 | INFO: Extracting primitive: Cube.269
10:34:02 | INFO: Primitives created: 1
10:34:02 | INFO: Extracting primitive: Cube.270
10:34:02 | INFO: Primitives created: 1
10:34:02 | INFO: Extracting primitive: Cube.271
10:34:02 | INFO: Primitives created: 1
10:34:02 | INFO: Extracting primitive: Cube.272
10:34:02 | INFO: Primitives created: 1
10:34:02 | INFO: Extracting primitive: Cube.273
10:34:02 | INFO: Primitives created: 1
10:34:02 | INFO: Extracting primitive: Cube.274
10:34:02 | INFO: Primitives created: 1
10:34:02 | INFO: Extracting primitive: Cube.275
10:34:02 | INFO: Primitives created: 1
10:34:02 | INFO: Extracting primitive: Cube.276
10:34:02 | INFO: Primitives created: 1
10:34:02 | INFO: Extracting primitive: Cube.277
10:34:02 | INFO: Primitives created: 1
10:34:02 | INFO: Extracting primitive: Cube.278
10:34:02 | INFO: Primitives created: 1
10:34:02 | INFO: Extracting primitive: Cube.279
10:34:02 | INFO: Primitives created: 1
10:34:02 | INFO: Extracting primitive: Cube.280
10:34:02 | INFO: Primitives created: 1
10:34:02 | INFO: Extracting primitive: Cube.281
10:34:02 | INFO: Primitives created: 1
10:34:02 | INFO: Extracting primitive: Cube.282
10:34:02 | INFO: Primitives created: 1
10:34:02 | INFO: Extracting primitive: Cube.283
10:34:02 | INFO: Primitives created: 1
10:34:02 | INFO: Extracting primitive: Cube.284
10:34:02 | INFO: Primitives created: 1
10:34:02 | INFO: Extracting primitive: Cube.285
10:34:02 | INFO: Primitives created: 1
10:34:02 | INFO: Extracting primitive: Cube.286
10:34:02 | INFO: Primitives created: 1
10:34:02 | INFO: Extracting primitive: Cube.287
10:34:02 | INFO: Primitives created: 1
10:34:02 | INFO: Extracting primitive: Cube.288
10:34:02 | INFO: Primitives created: 1
10:34:02 | INFO: Extracting primitive: Cube.289
10:34:02 | INFO: Primitives created: 1
10:34:02 | INFO: Extracting primitive: Cube.290
10:34:02 | INFO: Primitives created: 1
10:34:02 | INFO: Extracting primitive: Cube.291
10:34:02 | INFO: Primitives created: 1
10:34:02 | INFO: Extracting primitive: Cube.292
10:34:02 | INFO: Primitives created: 1
10:34:02 | INFO: Extracting primitive: Cube.293
10:34:02 | INFO: Primitives created: 1
10:34:02 | INFO: Extracting primitive: Cube.294
10:34:02 | INFO: Primitives created: 1
10:34:02 | INFO: Extracting primitive: Cube.295
10:34:02 | INFO: Primitives created: 1
10:34:02 | INFO: Extracting primitive: Cube.296
10:34:02 | INFO: Primitives created: 1
10:34:02 | INFO: Extracting primitive: Cube.297
10:34:02 | INFO: Primitives created: 1
10:34:02 | INFO: Extracting primitive: Cube.298
10:34:02 | INFO: Primitives created: 1
10:34:02 | INFO: Extracting primitive: Cube.299
10:34:02 | INFO: Primitives created: 1
10:34:02 | INFO: Extracting primitive: Cube.300
10:34:02 | INFO: Primitives created: 1
10:34:02 | INFO: Extracting primitive: Cube.301
10:34:02 | INFO: Primitives created: 1
10:34:02 | INFO: Extracting primitive: Cube.302
10:34:02 | INFO: Primitives created: 1
10:34:02 | INFO: Extracting primitive: Cube.303
10:34:02 | INFO: Primitives created: 1
10:34:02 | INFO: Extracting primitive: Cube.304
10:34:02 | INFO: Primitives created: 1
10:34:02 | INFO: Extracting primitive: Cube.305
10:34:02 | INFO: Primitives created: 1
10:34:02 | INFO: Extracting primitive: Cube.306
10:34:02 | INFO: Primitives created: 1
10:34:02 | INFO: Extracting primitive: Cube.307
10:34:02 | INFO: Primitives created: 1
10:34:02 | INFO: Extracting primitive: Cube.308
10:34:02 | INFO: Primitives created: 1
10:34:02 | INFO: Extracting primitive: Cube.309
10:34:02 | INFO: Primitives created: 1
10:34:02 | INFO: Extracting primitive: Cube.310
10:34:02 | INFO: Primitives created: 1
10:34:02 | INFO: Extracting primitive: Cube.311
10:34:03 | WARNING: More than one shader node tex image used for a texture. The resulting glTF sampler will behave like the first shader node tex image.
10:34:03 | INFO: Primitives created: 1
10:34:03 | INFO: Extracting primitive: Cube.312
10:34:03 | INFO: Primitives created: 1
10:34:03 | INFO: Extracting primitive: Cube.313
10:34:03 | INFO: Primitives created: 1
10:34:03 | INFO: Extracting primitive: Cube.314
10:34:03 | INFO: Primitives created: 1
10:34:03 | INFO: Extracting primitive: Cube.315
10:34:03 | INFO: Primitives created: 1
10:34:03 | INFO: Extracting primitive: Cylinder.080
10:34:03 | INFO: Primitives created: 1
10:34:03 | INFO: Extracting primitive: Cube.316
10:34:03 | INFO: Primitives created: 1
10:34:03 | INFO: Extracting primitive: Cylinder.081
10:34:03 | INFO: Primitives created: 1
10:34:03 | INFO: Finished glTF 2.0 export in 0.6749916076660156 s

10:34:03 | INFO: Starting glTF 2.0 export
10:34:03 | INFO: Extracting primitive: Cube.250
10:34:03 | INFO: Primitives created: 1
10:34:03 | INFO: Extracting primitive: Cube.251
10:34:03 | INFO: Primitives created: 1
10:34:03 | INFO: Extracting primitive: Cube.252
10:34:03 | INFO: Primitives created: 1
10:34:03 | INFO: Extracting primitive: Cube.253
10:34:03 | INFO: Primitives created: 1
10:34:03 | INFO: Extracting primitive: Cube.254
10:34:03 | INFO: Primitives created: 1
10:34:03 | INFO: Extracting primitive: Cube.255
10:34:03 | INFO: Primitives created: 1
10:34:03 | INFO: Extracting primitive: Cube.256
10:34:03 | INFO: Primitives created: 1
10:34:03 | INFO: Extracting primitive: Cube.257
10:34:03 | INFO: Primitives created: 1
10:34:03 | INFO: Extracting primitive: Cube.258
10:34:03 | INFO: Primitives created: 1
10:34:03 | INFO: Extracting primitive: Cube.259
10:34:03 | INFO: Primitives created: 1
10:34:03 | INFO: Extracting primitive: Cube.260
10:34:03 | INFO: Primitives created: 1
10:34:03 | INFO: Extracting primitive: Cube.261
10:34:03 | INFO: Primitives created: 1
10:34:03 | INFO: Extracting primitive: Cube.262
10:34:03 | INFO: Primitives created: 1
10:34:03 | INFO: Extracting primitive: Cube.263
10:34:03 | INFO: Primitives created: 1
10:34:03 | INFO: Extracting primitive: Cube.264
10:34:03 | INFO: Primitives created: 1
10:34:03 | INFO: Extracting primitive: Cube.265
10:34:03 | INFO: Primitives created: 1
10:34:03 | INFO: Extracting primitive: Cube.266
10:34:03 | INFO: Primitives created: 1
10:34:03 | INFO: Extracting primitive: Cube.267
10:34:03 | INFO: Primitives created: 1
10:34:03 | INFO: Extracting primitive: Cube.268
10:34:03 | INFO: Primitives created: 1
10:34:03 | INFO: Extracting primitive: Cube.269
10:34:03 | INFO: Primitives created: 1
10:34:03 | INFO: Extracting primitive: Cube.270
10:34:03 | INFO: Primitives created: 1
10:34:03 | INFO: Extracting primitive: Cube.271
10:34:03 | INFO: Primitives created: 1
10:34:03 | INFO: Extracting primitive: Cube.272
10:34:03 | INFO: Primitives created: 1
10:34:03 | INFO: Extracting primitive: Cube.273
10:34:03 | INFO: Primitives created: 1
10:34:03 | INFO: Extracting primitive: Cube.274
10:34:03 | INFO: Primitives created: 1
10:34:03 | INFO: Extracting primitive: Cube.275
10:34:03 | INFO: Primitives created: 1
10:34:03 | INFO: Extracting primitive: Cube.276
10:34:03 | INFO: Primitives created: 1
10:34:03 | INFO: Extracting primitive: Cube.277
10:34:03 | INFO: Primitives created: 1
10:34:03 | INFO: Extracting primitive: Cube.278
10:34:03 | INFO: Primitives created: 1
10:34:03 | INFO: Extracting primitive: Cube.279
10:34:03 | INFO: Primitives created: 1
10:34:03 | INFO: Extracting primitive: Cube.280
10:34:03 | INFO: Primitives created: 1
10:34:03 | INFO: Extracting primitive: Cube.281
10:34:03 | INFO: Primitives created: 1
10:34:03 | INFO: Extracting primitive: Cube.282
10:34:03 | INFO: Primitives created: 1
10:34:03 | INFO: Extracting primitive: Cube.283
10:34:03 | INFO: Primitives created: 1
10:34:03 | INFO: Extracting primitive: Cube.284
10:34:03 | INFO: Primitives created: 1
10:34:03 | INFO: Extracting primitive: Cube.285
10:34:03 | INFO: Primitives created: 1
10:34:03 | INFO: Extracting primitive: Cube.286
10:34:03 | INFO: Primitives created: 1
10:34:03 | INFO: Extracting primitive: Cube.287
10:34:03 | INFO: Primitives created: 1
10:34:03 | INFO: Extracting primitive: Cube.288
10:34:03 | INFO: Primitives created: 1
10:34:03 | INFO: Extracting primitive: Cube.289
10:34:03 | INFO: Primitives created: 1
10:34:03 | INFO: Extracting primitive: Cube.290
10:34:03 | INFO: Primitives created: 1
10:34:03 | INFO: Extracting primitive: Cube.291
10:34:03 | INFO: Primitives created: 1
10:34:03 | INFO: Extracting primitive: Cube.292
10:34:03 | INFO: Primitives created: 1
10:34:03 | INFO: Extracting primitive: Cube.293
10:34:03 | INFO: Primitives created: 1
10:34:03 | INFO: Extracting primitive: Cube.294
10:34:03 | INFO: Primitives created: 1
10:34:03 | INFO: Extracting primitive: Cube.295
10:34:03 | INFO: Primitives created: 1
10:34:03 | INFO: Extracting primitive: Cube.296
10:34:03 | INFO: Primitives created: 1
10:34:03 | INFO: Extracting primitive: Cube.297
10:34:03 | INFO: Primitives created: 1
10:34:03 | INFO: Extracting primitive: Cube.298
10:34:03 | INFO: Primitives created: 1
10:34:03 | INFO: Extracting primitive: Cube.299
10:34:03 | INFO: Primitives created: 1
10:34:03 | INFO: Extracting primitive: Cube.300
10:34:03 | INFO: Primitives created: 1
10:34:03 | INFO: Extracting primitive: Cube.301
10:34:03 | INFO: Primitives created: 1
10:34:03 | INFO: Extracting primitive: Cube.302
10:34:03 | INFO: Primitives created: 1
10:34:03 | INFO: Extracting primitive: Cube.303
10:34:03 | INFO: Primitives created: 1
10:34:03 | INFO: Extracting primitive: Cube.304
10:34:03 | INFO: Primitives created: 1
10:34:03 | INFO: Extracting primitive: Cube.305
10:34:03 | INFO: Primitives created: 1
10:34:03 | INFO: Extracting primitive: Cube.306
10:34:03 | INFO: Primitives created: 1
10:34:03 | INFO: Extracting primitive: Cube.307
10:34:03 | INFO: Primitives created: 1
10:34:03 | INFO: Extracting primitive: Cube.308
10:34:03 | INFO: Primitives created: 1
10:34:03 | INFO: Extracting primitive: Cube.309
10:34:03 | INFO: Primitives created: 1
10:34:03 | INFO: Extracting primitive: Cube.310
10:34:03 | INFO: Primitives created: 1
10:34:03 | INFO: Extracting primitive: Cube.311
10:34:03 | WARNING: More than one shader node tex image used for a texture. The resulting glTF sampler will behave like the first shader node tex image.
10:34:03 | INFO: Primitives created: 1
10:34:03 | INFO: Extracting primitive: Cube.312
10:34:03 | INFO: Primitives created: 1
10:34:03 | INFO: Extracting primitive: Cube.313
10:34:03 | INFO: Primitives created: 1
10:34:03 | INFO: Extracting primitive: Cube.314
10:34:03 | INFO: Primitives created: 1
10:34:03 | INFO: Extracting primitive: Cube.315
10:34:03 | INFO: Primitives created: 1
10:34:03 | INFO: Extracting primitive: Cylinder.080
10:34:03 | INFO: Primitives created: 1
10:34:03 | INFO: Extracting primitive: Cube.316
10:34:03 | INFO: Primitives created: 1
10:34:03 | INFO: Extracting primitive: Cylinder.081
10:34:03 | INFO: Primitives created: 1
10:34:03 | INFO: Finished glTF 2.0 export in 0.141859769821167 s

10:34:03 | INFO: Starting glTF 2.0 export
10:34:03 | INFO: Extracting primitive: Cube.250
10:34:03 | INFO: Primitives created: 1
10:34:03 | INFO: Extracting primitive: Cube.251
10:34:03 | INFO: Primitives created: 1
10:34:03 | INFO: Extracting primitive: Cube.252
10:34:03 | INFO: Primitives created: 1
10:34:03 | INFO: Extracting primitive: Cube.253
10:34:03 | INFO: Primitives created: 1
10:34:03 | INFO: Extracting primitive: Cube.254
10:34:03 | INFO: Primitives created: 1
10:34:03 | INFO: Extracting primitive: Cube.255
10:34:03 | INFO: Primitives created: 1
10:34:03 | INFO: Extracting primitive: Cube.256
10:34:03 | INFO: Primitives created: 1
10:34:03 | INFO: Extracting primitive: Cube.257
10:34:03 | INFO: Primitives created: 1
10:34:03 | INFO: Extracting primitive: Cube.258
10:34:03 | INFO: Primitives created: 1
10:34:03 | INFO: Extracting primitive: Cube.259
10:34:03 | INFO: Primitives created: 1
10:34:03 | INFO: Extracting primitive: Cube.260
10:34:03 | INFO: Primitives created: 1
10:34:03 | INFO: Extracting primitive: Cube.261
10:34:03 | INFO: Primitives created: 1
10:34:03 | INFO: Extracting primitive: Cube.262
10:34:03 | INFO: Primitives created: 1
10:34:03 | INFO: Extracting primitive: Cube.263
10:34:03 | INFO: Primitives created: 1
10:34:03 | INFO: Extracting primitive: Cube.264
10:34:03 | INFO: Primitives created: 1
10:34:03 | INFO: Extracting primitive: Cube.265
10:34:03 | INFO: Primitives created: 1
10:34:03 | INFO: Extracting primitive: Cube.266
10:34:03 | INFO: Primitives created: 1
10:34:03 | INFO: Extracting primitive: Cube.267
10:34:03 | INFO: Primitives created: 1
10:34:03 | INFO: Extracting primitive: Cube.268
10:34:03 | INFO: Primitives created: 1
10:34:03 | INFO: Extracting primitive: Cube.269
10:34:03 | INFO: Primitives created: 1
10:34:03 | INFO: Extracting primitive: Cube.270
10:34:03 | INFO: Primitives created: 1
10:34:03 | INFO: Extracting primitive: Cube.271
10:34:03 | INFO: Primitives created: 1
10:34:03 | INFO: Extracting primitive: Cube.272
10:34:03 | INFO: Primitives created: 1
10:34:03 | INFO: Extracting primitive: Cube.273
10:34:03 | INFO: Primitives created: 1
10:34:03 | INFO: Extracting primitive: Cube.274
10:34:03 | INFO: Primitives created: 1
10:34:03 | INFO: Extracting primitive: Cube.275
10:34:03 | INFO: Primitives created: 1
10:34:03 | INFO: Extracting primitive: Cube.276
10:34:03 | INFO: Primitives created: 1
10:34:03 | INFO: Extracting primitive: Cube.277
10:34:03 | INFO: Primitives created: 1
10:34:03 | INFO: Extracting primitive: Cube.278
10:34:03 | INFO: Primitives created: 1
10:34:03 | INFO: Extracting primitive: Cube.279
10:34:03 | INFO: Primitives created: 1
10:34:03 | INFO: Extracting primitive: Cube.280
10:34:03 | INFO: Primitives created: 1
10:34:03 | INFO: Extracting primitive: Cube.281
10:34:03 | INFO: Primitives created: 1
10:34:03 | INFO: Extracting primitive: Cube.282
10:34:03 | INFO: Primitives created: 1
10:34:03 | INFO: Extracting primitive: Cube.283
10:34:03 | INFO: Primitives created: 1
10:34:03 | INFO: Extracting primitive: Cube.284
10:34:03 | INFO: Primitives created: 1
10:34:03 | INFO: Extracting primitive: Cube.285
10:34:03 | INFO: Primitives created: 1
10:34:03 | INFO: Extracting primitive: Cube.286
10:34:03 | INFO: Primitives created: 1
10:34:03 | INFO: Extracting primitive: Cube.287
10:34:03 | INFO: Primitives created: 1
10:34:03 | INFO: Extracting primitive: Cube.288
10:34:03 | INFO: Primitives created: 1
10:34:03 | INFO: Extracting primitive: Cube.289
10:34:03 | INFO: Primitives created: 1
10:34:03 | INFO: Extracting primitive: Cube.290
10:34:03 | INFO: Primitives created: 1
10:34:03 | INFO: Extracting primitive: Cube.291
10:34:03 | INFO: Primitives created: 1
10:34:03 | INFO: Extracting primitive: Cube.292
10:34:03 | INFO: Primitives created: 1
10:34:03 | INFO: Extracting primitive: Cube.293
10:34:03 | INFO: Primitives created: 1
10:34:03 | INFO: Extracting primitive: Cube.294
10:34:03 | INFO: Primitives created: 1
10:34:03 | INFO: Extracting primitive: Cube.295
10:34:03 | INFO: Primitives created: 1
10:34:03 | INFO: Extracting primitive: Cube.296
10:34:03 | INFO: Primitives created: 1
10:34:03 | INFO: Extracting primitive: Cube.297
10:34:03 | INFO: Primitives created: 1
10:34:03 | INFO: Extracting primitive: Cube.298
10:34:03 | INFO: Primitives created: 1
10:34:03 | INFO: Extracting primitive: Cube.299
10:34:03 | INFO: Primitives created: 1
10:34:03 | INFO: Extracting primitive: Cube.300
10:34:03 | INFO: Primitives created: 1
10:34:03 | INFO: Extracting primitive: Cube.301
10:34:03 | INFO: Primitives created: 1
10:34:03 | INFO: Extracting primitive: Cube.302
10:34:03 | INFO: Primitives created: 1
10:34:03 | INFO: Extracting primitive: Cube.303
10:34:03 | INFO: Primitives created: 1
10:34:03 | INFO: Extracting primitive: Cube.304
10:34:03 | INFO: Primitives created: 1
10:34:03 | INFO: Extracting primitive: Cube.305
10:34:03 | INFO: Primitives created: 1
10:34:03 | INFO: Extracting primitive: Cube.306
10:34:03 | INFO: Primitives created: 1
10:34:03 | INFO: Extracting primitive: Cube.307
10:34:03 | INFO: Primitives created: 1
10:34:03 | INFO: Extracting primitive: Cube.308
10:34:03 | INFO: Primitives created: 1
10:34:03 | INFO: Extracting primitive: Cube.309
10:34:03 | INFO: Primitives created: 1
10:34:03 | INFO: Extracting primitive: Cube.310
10:34:03 | INFO: Primitives created: 1
10:34:03 | INFO: Extracting primitive: Cube.311
10:34:03 | WARNING: More than one shader node tex image used for a texture. The resulting glTF sampler will behave like the first shader node tex image.
10:34:03 | INFO: Primitives created: 1
10:34:03 | INFO: Extracting primitive: Cube.312
10:34:03 | INFO: Primitives created: 1
10:34:03 | INFO: Extracting primitive: Cube.313
10:34:03 | INFO: Primitives created: 1
10:34:03 | INFO: Extracting primitive: Cube.314
10:34:03 | INFO: Primitives created: 1
10:34:03 | INFO: Extracting primitive: Cube.315
10:34:03 | INFO: Primitives created: 1
10:34:03 | INFO: Extracting primitive: Cylinder.080
10:34:03 | INFO: Primitives created: 1
10:34:03 | INFO: Extracting primitive: Cube.316
10:34:03 | INFO: Primitives created: 1
10:34:03 | INFO: Extracting primitive: Cylinder.081
10:34:03 | INFO: Primitives created: 1
10:34:03 | INFO: Finished glTF 2.0 export in 0.11584234237670898 s

Info: Saved as "palm-planter.blend"
10:34:03 | INFO: Starting glTF 2.0 export
10:34:03 | INFO: Extracting primitive: Cube.317
10:34:04 | WARNING: More than one shader node tex image used for a texture. The resulting glTF sampler will behave like the first shader node tex image.
10:34:04 | INFO: Primitives created: 1
10:34:04 | INFO: Extracting primitive: Cube.318
10:34:04 | INFO: Primitives created: 1
10:34:04 | INFO: Extracting primitive: Cylinder.082
10:34:04 | INFO: Primitives created: 1
10:34:04 | INFO: Finished glTF 2.0 export in 0.6643455028533936 s

10:34:04 | INFO: Starting glTF 2.0 export
10:34:04 | INFO: Extracting primitive: Cube.317
10:34:04 | WARNING: More than one shader node tex image used for a texture. The resulting glTF sampler will behave like the first shader node tex image.
10:34:04 | INFO: Primitives created: 1
10:34:04 | INFO: Extracting primitive: Cube.318
10:34:04 | INFO: Primitives created: 1
10:34:04 | INFO: Extracting primitive: Cylinder.082
10:34:04 | INFO: Primitives created: 1
10:34:04 | INFO: Finished glTF 2.0 export in 0.06372213363647461 s

10:34:04 | INFO: Starting glTF 2.0 export
10:34:04 | INFO: Extracting primitive: Cube.317
10:34:04 | WARNING: More than one shader node tex image used for a texture. The resulting glTF sampler will behave like the first shader node tex image.
10:34:04 | INFO: Primitives created: 1
10:34:04 | INFO: Extracting primitive: Cube.318
10:34:04 | INFO: Primitives created: 1
10:34:04 | INFO: Extracting primitive: Cylinder.082
10:34:04 | INFO: Primitives created: 1
10:34:04 | INFO: Finished glTF 2.0 export in 0.054224491119384766 s

Info: Saved as "rock-0.blend"
10:34:04 | INFO: Starting glTF 2.0 export
10:34:04 | INFO: Extracting primitive: Icosphere
10:34:05 | WARNING: More than one shader node tex image used for a texture. The resulting glTF sampler will behave like the first shader node tex image.
10:34:05 | INFO: Primitives created: 1
10:34:05 | INFO: Finished glTF 2.0 export in 0.6710095405578613 s

10:34:05 | INFO: Starting glTF 2.0 export
10:34:05 | INFO: Extracting primitive: Icosphere
10:34:05 | WARNING: More than one shader node tex image used for a texture. The resulting glTF sampler will behave like the first shader node tex image.
10:34:05 | INFO: Primitives created: 1
10:34:05 | INFO: Finished glTF 2.0 export in 0.16886281967163086 s

10:34:05 | INFO: Starting glTF 2.0 export
10:34:05 | INFO: Extracting primitive: Icosphere
10:34:05 | WARNING: More than one shader node tex image used for a texture. The resulting glTF sampler will behave like the first shader node tex image.
10:34:05 | INFO: Primitives created: 1
10:34:05 | INFO: Finished glTF 2.0 export in 0.1383366584777832 s

Info: Saved as "rock-1.blend"
10:34:05 | INFO: Starting glTF 2.0 export
10:34:05 | INFO: Extracting primitive: Icosphere.001
10:34:06 | WARNING: More than one shader node tex image used for a texture. The resulting glTF sampler will behave like the first shader node tex image.
10:34:06 | INFO: Primitives created: 1
10:34:06 | INFO: Finished glTF 2.0 export in 0.7830600738525391 s

10:34:06 | INFO: Starting glTF 2.0 export
10:34:06 | INFO: Extracting primitive: Icosphere.001
10:34:06 | WARNING: More than one shader node tex image used for a texture. The resulting glTF sampler will behave like the first shader node tex image.
10:34:06 | INFO: Primitives created: 1
10:34:06 | INFO: Finished glTF 2.0 export in 0.1156911849975586 s

10:34:06 | INFO: Starting glTF 2.0 export
10:34:06 | INFO: Extracting primitive: Icosphere.001
10:34:06 | WARNING: More than one shader node tex image used for a texture. The resulting glTF sampler will behave like the first shader node tex image.
10:34:06 | INFO: Primitives created: 1
10:34:06 | INFO: Finished glTF 2.0 export in 0.11228179931640625 s

Info: Saved as "rock-2.blend"
10:34:06 | INFO: Starting glTF 2.0 export
10:34:06 | INFO: Extracting primitive: Icosphere.002
10:34:07 | WARNING: More than one shader node tex image used for a texture. The resulting glTF sampler will behave like the first shader node tex image.
10:34:07 | INFO: Primitives created: 1
10:34:07 | INFO: Finished glTF 2.0 export in 0.7322235107421875 s

10:34:07 | INFO: Starting glTF 2.0 export
10:34:07 | INFO: Extracting primitive: Icosphere.002
10:34:07 | WARNING: More than one shader node tex image used for a texture. The resulting glTF sampler will behave like the first shader node tex image.
10:34:07 | INFO: Primitives created: 1
10:34:07 | INFO: Finished glTF 2.0 export in 0.11891293525695801 s

10:34:07 | INFO: Starting glTF 2.0 export
10:34:07 | INFO: Extracting primitive: Icosphere.002
10:34:07 | WARNING: More than one shader node tex image used for a texture. The resulting glTF sampler will behave like the first shader node tex image.
10:34:07 | INFO: Primitives created: 1
10:34:07 | INFO: Finished glTF 2.0 export in 0.13155174255371094 s

Info: Saved as "rock-3.blend"
10:34:07 | INFO: Starting glTF 2.0 export
10:34:07 | INFO: Extracting primitive: Icosphere.003
10:34:08 | WARNING: More than one shader node tex image used for a texture. The resulting glTF sampler will behave like the first shader node tex image.
10:34:08 | INFO: Primitives created: 1
10:34:08 | INFO: Finished glTF 2.0 export in 0.8041622638702393 s

10:34:08 | INFO: Starting glTF 2.0 export
10:34:08 | INFO: Extracting primitive: Icosphere.003
10:34:08 | WARNING: More than one shader node tex image used for a texture. The resulting glTF sampler will behave like the first shader node tex image.
10:34:08 | INFO: Primitives created: 1
10:34:08 | INFO: Finished glTF 2.0 export in 0.12156176567077637 s

10:34:08 | INFO: Starting glTF 2.0 export
10:34:08 | INFO: Extracting primitive: Icosphere.003
10:34:08 | WARNING: More than one shader node tex image used for a texture. The resulting glTF sampler will behave like the first shader node tex image.
10:34:08 | INFO: Primitives created: 1
10:34:08 | INFO: Finished glTF 2.0 export in 0.10619640350341797 s

Info: Saved as "rock-4.blend"
10:34:08 | INFO: Starting glTF 2.0 export
10:34:08 | INFO: Extracting primitive: Icosphere.004
10:34:09 | WARNING: More than one shader node tex image used for a texture. The resulting glTF sampler will behave like the first shader node tex image.
10:34:09 | INFO: Primitives created: 1
10:34:09 | INFO: Finished glTF 2.0 export in 0.6901397705078125 s

10:34:09 | INFO: Starting glTF 2.0 export
10:34:09 | INFO: Extracting primitive: Icosphere.004
10:34:09 | WARNING: More than one shader node tex image used for a texture. The resulting glTF sampler will behave like the first shader node tex image.
10:34:09 | INFO: Primitives created: 1
10:34:09 | INFO: Finished glTF 2.0 export in 0.20305132865905762 s

10:34:09 | INFO: Starting glTF 2.0 export
10:34:09 | INFO: Extracting primitive: Icosphere.004
10:34:09 | WARNING: More than one shader node tex image used for a texture. The resulting glTF sampler will behave like the first shader node tex image.
10:34:09 | INFO: Primitives created: 1
10:34:09 | INFO: Finished glTF 2.0 export in 0.12289810180664062 s

Info: Saved as "rock-5.blend"
10:34:09 | INFO: Starting glTF 2.0 export
10:34:09 | INFO: Extracting primitive: Icosphere.005
10:34:10 | WARNING: More than one shader node tex image used for a texture. The resulting glTF sampler will behave like the first shader node tex image.
10:34:10 | INFO: Primitives created: 1
10:34:10 | INFO: Finished glTF 2.0 export in 0.7501893043518066 s

10:34:10 | INFO: Starting glTF 2.0 export
10:34:10 | INFO: Extracting primitive: Icosphere.005
10:34:10 | WARNING: More than one shader node tex image used for a texture. The resulting glTF sampler will behave like the first shader node tex image.
10:34:10 | INFO: Primitives created: 1
10:34:10 | INFO: Finished glTF 2.0 export in 0.10910987854003906 s

10:34:10 | INFO: Starting glTF 2.0 export
10:34:10 | INFO: Extracting primitive: Icosphere.005
10:34:10 | WARNING: More than one shader node tex image used for a texture. The resulting glTF sampler will behave like the first shader node tex image.
10:34:10 | INFO: Primitives created: 1
10:34:10 | INFO: Finished glTF 2.0 export in 0.10959982872009277 s

P11 models exported: 34
Blender 4.5.2 LTS (hash ab25eae04993 built 2025-08-20 02:20:52)

Blender quit
