# Created by DisUnity v0.3.2
v -0.37834555 0.60960287 0.01609421
v -0.37347206 0.30920905 -0.19369125
v -0.378 0.5552486 -0.168349
v -0.37933394 0.429916 0.01961077
v -0.378 0.39137992 0.011181709
v -0.37834555 0.60960287 0.01609421
v -0.38152397 0.6205136 -0.06598195
v -0.37993476 0.61505824 -0.024943871
v -0.37834555 0.60960287 0.01609421
v -0.378 0.5552486 -0.168349
v -0.38152397 0.6205136 -0.06598195
v -0.37933394 0.429916 0.01961077
v -0.33652395 0.6084965 0.018349001
v -0.33152395 0.4299726 0.019872999
v -0.37834555 0.60960287 0.01609421
v -0.37834555 0.60960287 0.01609421
v -0.3324787 0.61633915 -0.02201339
v -0.33652395 0.6084965 0.018349001
v -0.37993476 0.61505824 -0.024943871
v -0.38152397 0.6205136 -0.06598195
v -0.37507293 0.6349358 -0.43772268
v -0.38152397 0.67962724 -0.40123197
v -0.378 0.5552486 -0.168349
v -0.38152397 0.6205136 -0.06598195
v -0.3356603 0.6864945 -0.41988426
v -0.3335856 0.62414986 -0.06631025
v -0.38152397 0.67962724 -0.40123197
v -0.3356603 0.6864945 -0.41988426
v -0.40116945 0.68615574 -0.4179631
v -0.39125007 0.6914986 -0.44826338
v -0.38152397 0.67962724 -0.40123197
v -0.3941628 0.6026661 -0.21181446
v -0.32169265 0.32582268 -0.26425487
v -0.40283972 0.6191844 -0.24039881
v -0.32538992 0.34451213 -0.23804925
v -0.40283972 0.6191844 -0.24039881
v -0.35317618 0.31793094 -0.26866344
v -0.43702805 0.6093892 -0.2431074
v -0.32169265 0.32582268 -0.26425487
v -0.43702805 0.6093892 -0.2431074
v -0.3642837 0.31572428 -0.4690975
v -0.44563606 0.6324393 -0.36495855
v -0.35317618 0.31793094 -0.26866344
v -0.44563606 0.6324393 -0.36495855
v -0.33161202 0.32585898 -0.47429892
v -0.41706815 0.63397783 -0.36654544
v -0.3642837 0.31572428 -0.4690975
v -0.41706815 0.63397783 -0.36654544
v -0.32293633 0.3269554 -0.5168971
v -0.4103173 0.65007794 -0.40271953
v -0.33161202 0.32585898 -0.47429892
v -0.36770624 0.3146743 -0.68549687
v -0.47057506 0.69996625 -0.7610874
v -0.46392754 0.67666954 -0.62610096
v -0.37046364 0.31503367 -0.82263386
v -0.36770624 0.3146743 -0.68549687
v -0.44874594 0.6744866 -0.6199287
v -0.3601705 0.319483 -0.68061477
v -0.46392754 0.67666954 -0.62610096
v -0.3601705 0.319483 -0.68061477
v -0.4290084 0.68345374 -0.61906725
v -0.3409497 0.32781735 -0.68046486
v -0.44874594 0.6744866 -0.6199287
v -0.47057506 0.69996625 -0.7610874
v -0.3355445 0.32478228 -0.8304329
v -0.4369468 0.7097206 -0.7647198
v -0.37046364 0.31503367 -0.82263386
v -0.4369468 0.7097206 -0.7647198
v -0.3309642 0.32186168 -0.8718827
v -0.43248284 0.71560043 -0.79801214
v -0.3355445 0.32478228 -0.8304329
v -0.3409497 0.32781735 -0.68046486
v -0.4231686 0.6852358 -0.5794944
v -0.32681343 0.32302344 -0.6240283
v -0.4290084 0.68345374 -0.61906725
v -0.43723482 0.57895356 -0.7304776
v -0.4483053 0.5994828 -0.7308562
v -0.44869617 0.56572014 -0.7304284
v -0.43715334 0.5859906 -0.7305667
v -0.4599979 0.56060714 -0.7304814
v -0.45951587 0.6022397 -0.7310088
v -0.47522014 0.56944126 -0.7307539
v -0.47490844 0.5963696 -0.73109514
v -0.48393703 0.5798409 -0.73104584
v -0.48386207 0.58631986 -0.7311279
v -0.4469835 0.59953934 -0.7251828
v -0.43583155 0.5860472 -0.72489333
v -0.44694138 0.5998495 -0.69065213
v -0.43578938 0.5863573 -0.6903627
v -0.43587086 0.5793204 -0.6902736
v -0.43591303 0.5790101 -0.7248042
v -0.45815188 0.60260653 -0.6908049
v -0.45819408 0.6022963 -0.7253354
v -0.47354445 0.5967364 -0.6908911
v -0.47358665 0.5964262 -0.72542167
v -0.48894623 0.58668655 -0.6909239
v -0.48898837 0.5863764 -0.72545457
v -0.47385624 0.569808 -0.6905499
v -0.48902124 0.5802077 -0.6908418
v -0.50359476 0.5871333 -0.69532645
v -0.5036369 0.58682305 -0.7256138
v -0.5168833 0.5873314 -0.69182783
v -0.5349851 0.5873314 -0.7141376
v -0.65974575 0.6004006 -0.54074156
v -0.67784756 0.6004007 -0.55728424
v -0.51696473 0.58029443 -0.6917387
v -0.65982723 0.59336364 -0.5406524
v -0.67792916 0.59336364 -0.55719507
v -0.5350666 0.5802945 -0.71404845
v -0.50367624 0.58009624 -0.69523734
v -0.5168833 0.5873314 -0.69182783
v -0.5037184 0.57978606 -0.7255246
v -0.48906335 0.57989746 -0.72537243
v -0.65974575 0.6019436 -0.5188414
v -0.71722776 0.61735696 -0.524724
v -0.65974575 0.6035889 -0.49548933
v -0.7164452 0.6203942 -0.49000534
v -0.65974575 0.60518956 -0.4727703
v -0.67784756 0.60518956 -0.45622763
v -0.5309532 0.6015015 -0.29937425
v -0.5128514 0.6015015 -0.321684
v -0.5129329 0.59446454 -0.32177314
v -0.65982723 0.5981525 -0.47285944
v -0.67792916 0.5981525 -0.45631683
v -0.5310347 0.5944646 -0.2994634
v -0.49960503 0.60099316 -0.2878981
v -0.49956286 0.6013034 -0.3181854
v -0.49964434 0.59426636 -0.31827453
v -0.49968654 0.5939562 -0.2879873
v -0.4849565 0.60054654 -0.28805736
v -0.48491436 0.60085666 -0.3225879
v -0.46955478 0.6105963 -0.2880902
v -0.46951258 0.6109065 -0.32262078
v -0.4541622 0.6164664 -0.28817642
v -0.45412 0.61677665 -0.32270697
v -0.44295162 0.61370945 -0.28832912
v -0.4429095 0.61401963 -0.3228597
v -0.43179968 0.6002173 -0.28861853
v -0.4317575 0.6005274 -0.32314914
v -0.431839 0.5934905 -0.32323828
v -0.46982437 0.5839781 -0.32296196
v -0.48498937 0.5943778 -0.32267
v -0.43312147 0.6001607 -0.28294516
v -0.44427344 0.6136529 -0.28265572
v -0.43320295 0.5931237 -0.2830343
v -0.4446643 0.57989025 -0.2830835
v -0.45596603 0.57477725 -0.28303048
v -0.455484 0.61640984 -0.28250304
v -0.47118828 0.58361137 -0.28275794
v -0.47087657 0.61053973 -0.2824168
v -0.4799052 0.594011 -0.282466
v -0.47983024 0.60049 -0.28238395
v -0.43188116 0.59318024 -0.2887077
v -0.431839 0.5934905 -0.32323828
v -0.46986648 0.58366793 -0.28843135
v -0.4850315 0.5940676 -0.2881394
v -0.4849565 0.60054654 -0.28805736
v -0.4401503 0.5857015 -0.6821684
v -0.45003584 0.5683417 -0.68204993
v -0.44970107 0.59725654 -0.6824163
v -0.4402201 0.579675 -0.6820921
v -0.45930198 0.59961766 -0.68254715
v -0.45971477 0.5639627 -0.6820954
v -0.47248444 0.59459037 -0.6826209
v -0.47275147 0.57152843 -0.6823287
v -0.43587086 0.5793204 -0.6902736
v -0.44737437 0.5657767 -0.724755
v -0.44733226 0.56608695 -0.69022435
v -0.43591303 0.5790101 -0.7248042
v -0.4586339 0.5609738 -0.69027746
v -0.4586761 0.5606637 -0.72480804
v -0.47385624 0.569808 -0.6905499
v -0.47389835 0.5694978 -0.72508055
v -0.48902124 0.5802077 -0.6908418
v -0.48906335 0.57989746 -0.72537243
v -0.50367624 0.58009624 -0.69523734
v -0.5037184 0.57978606 -0.7255246
v -0.51696473 0.58029443 -0.6917387
v -0.5350666 0.5802945 -0.71404845
v -0.65982723 0.59336364 -0.5406524
v -0.67792916 0.59336364 -0.55719507
v -0.44869617 0.56572014 -0.7304284
v -0.43723482 0.57895356 -0.7304776
v -0.47522014 0.56944126 -0.7307539
v -0.4599979 0.56060714 -0.7304814
v -0.48393703 0.5798409 -0.73104584
v -0.65982723 0.5949066 -0.5188097
v -0.7206538 0.6043867 -0.52469236
v -0.65982723 0.5965519 -0.4955189
v -0.7198712 0.6074239 -0.49003485
v -0.65982723 0.5981525 -0.47285944
v -0.67792916 0.5981525 -0.45631683
v -0.5310347 0.5944646 -0.2994634
v -0.5129329 0.59446454 -0.32177314
v -0.49968654 0.5939562 -0.2879873
v -0.49964434 0.59426636 -0.31827453
v -0.4850315 0.5940676 -0.2881394
v -0.48498937 0.5943778 -0.32267
v -0.46986648 0.58366793 -0.28843135
v -0.46982437 0.5839781 -0.32296196
v -0.45464423 0.5748338 -0.2887039
v -0.45460203 0.57514393 -0.3232344
v -0.4433425 0.5799468 -0.28875688
v -0.4433004 0.58025706 -0.3232875
v -0.431839 0.5934905 -0.32323828
v -0.43188116 0.59318024 -0.2887077
v -0.4446643 0.57989025 -0.2830835
v -0.43320295 0.5931237 -0.2830343
v -0.45596603 0.57477725 -0.28303048
v -0.47118828 0.58361137 -0.28275794
v -0.43618822 0.59384507 -0.33141983
v -0.44600397 0.5825118 -0.33146194
v -0.45568293 0.5781328 -0.33141646
v -0.46871957 0.58569854 -0.33118317
v -0.5036369 0.58682305 -0.7256138
v -0.5349851 0.5873314 -0.7141376
v -0.48898837 0.5863764 -0.72545457
v -0.4402201 0.579675 -0.6820921
v -0.45003584 0.5683417 -0.68204993
v -0.45971477 0.5639627 -0.6820954
v -0.47275147 0.57152843 -0.6823287
v -0.43611845 0.59987164 -0.33134344
v -0.44600397 0.5825118 -0.33146194
v -0.43618822 0.59384507 -0.33141983
v -0.4456692 0.6114266 -0.33109558
v -0.4552701 0.6137878 -0.33096477
v -0.45568293 0.5781328 -0.33141646
v -0.4684526 0.6087605 -0.33089095
v -0.46871957 0.58569854 -0.33118317
v -0.431839 0.5934905 -0.32323828
v -0.46951258 0.6109065 -0.32262078
v -0.7198712 0.6074239 -0.49003485
v -0.7206538 0.6043867 -0.52469236
v -0.65982723 0.5965519 -0.4955189
v -0.65982723 0.5949066 -0.5188097
v -0.37416708 0.3555673 -0.7679248
v -0.38523757 0.3760965 -0.76830333
v -0.38562843 0.34233382 -0.76787555
v -0.3740856 0.3626043 -0.7680139
v -0.39693016 0.33722085 -0.7679286
v -0.39644814 0.37885344 -0.76845604
v -0.4121524 0.34605497 -0.7682011
v -0.4118407 0.3729833 -0.7685423
v -0.4208693 0.3564546 -0.768493
v -0.42079434 0.36592582 -0.76857513
v -0.3728453 0.35562384 -0.76225144
v -0.38430664 0.34239045 -0.7622022
v -0.37280312 0.35593405 -0.7277208
v -0.38426453 0.34270066 -0.72767156
v -0.3727638 0.36266088 -0.76234055
v -0.3727216 0.36297104 -0.7278099
v -0.39556617 0.33758757 -0.7277247
v -0.39560837 0.33727744 -0.76225525
v -0.41078848 0.34642172 -0.7279971
v -0.41083062 0.3461115 -0.76252776
v -0.4259535 0.34917122 -0.728289
v -0.42587847 0.36629248 -0.7283711
v -0.4104767 0.37335005 -0.7283383
v -0.42599562 0.348861 -0.76281965
v -0.440527 0.36374703 -0.7225947
v -0.44060847 0.35670996 -0.72250557
v -0.45338258 0.36727074 -0.7196504
v -0.453897 0.34388945 -0.71900696
v -0.501862 0.36424652 -0.66227806
v -0.5019435 0.33608672 -0.66218895
v -0.47199884 0.34388953 -0.75149566
v -0.5244456 0.33608672 -0.688118
v -0.4714844 0.36727074 -0.7521392
v -0.5243641 0.36424652 -0.68820715
v -0.44065067 0.34682822 -0.76297176
v -0.44060847 0.35670996 -0.72250557
v -0.44056913 0.3693097 -0.763061
v -0.42592064 0.36598235 -0.7629017
v -0.56470674 0.35475028 -0.6422164
v -0.5647882 0.3281951 -0.6421272
v -0.5487597 0.3281951 -0.60866296
v -0.5486783 0.35475022 -0.6087521
v -0.7250412 0.33354643 -0.56352687
v -0.7251227 0.30874082 -0.5634377
v -0.6866094 0.3265094 -0.54431766
v -0.6866094 0.3252272 -0.5034365
v -0.747436 0.3309178 -0.5093191
v -0.6866094 0.32687247 -0.48014572
v -0.7466535 0.333955 -0.47466168
v -0.6694405 0.33061966 -0.4552448
v -0.7047112 0.3246836 -0.44094363
v -0.45531833 0.328226 -0.32489294
v -0.4373064 0.3300279 -0.35175487
v -0.669359 0.3376567 -0.45515567
v -0.43792588 0.33703804 -0.3516657
v -0.4559377 0.33523604 -0.3248038
v -0.7046297 0.33172065 -0.44085443
v -0.42406413 0.33115348 -0.34825626
v -0.42468357 0.33816367 -0.34816715
v -0.42407525 0.33084068 -0.31341687
v -0.42469463 0.33785087 -0.31332767
v -0.40949306 0.33272323 -0.35265175
v -0.41006333 0.3391774 -0.35256964
v -0.3933681 0.32388481 -0.34839153
v -0.39573848 0.35071045 -0.34805033
v -0.4095041 0.33241042 -0.31356898
v -0.39337912 0.323572 -0.3138609
v -0.3933681 0.32388481 -0.34839153
v -0.3773531 0.31629705 -0.31413344
v -0.377342 0.31660986 -0.34866396
v -0.36661646 0.32250968 -0.31418642
v -0.36660543 0.32282263 -0.34871706
v -0.35651833 0.33713126 -0.34866786
v -0.3565294 0.3368184 -0.31413725
v -0.35714886 0.3438286 -0.3140481
v -0.35713774 0.3441413 -0.34857872
v -0.3679261 0.32232183 -0.30851308
v -0.35783902 0.33663046 -0.30846384
v -0.3708981 0.35595566 -0.3080853
v -0.35845843 0.34364066 -0.3083747
v -0.37866268 0.31610924 -0.30846003
v -0.3823274 0.357583 -0.3079326
v -0.39468873 0.32338417 -0.3081875
v -0.39705917 0.3502098 -0.30784637
v -0.4043976 0.33286437 -0.30789557
v -0.40496793 0.3393186 -0.30781353
v -0.4100744 0.33886465 -0.31348693
v -0.3727638 0.36266088 -0.76234055
v -0.3838736 0.37646323 -0.72809935
v -0.38391575 0.37615302 -0.76263
v -0.3727216 0.36297104 -0.7278099
v -0.39508414 0.37922028 -0.7282521
v -0.39512634 0.37891006 -0.76278263
v -0.4104767 0.37335005 -0.7283383
v -0.4105189 0.37303993 -0.7628689
v -0.42587847 0.36629248 -0.7283711
v -0.42592064 0.36598235 -0.7629017
v -0.440527 0.36374703 -0.7225947
v -0.44056913 0.3693097 -0.763061
v -0.45338258 0.36727074 -0.7196504
v -0.4714844 0.36727074 -0.7521392
v -0.501862 0.36424652 -0.66227806
v -0.5243641 0.36424652 -0.68820715
v -0.3740856 0.3626043 -0.7680139
v -0.38523757 0.3760965 -0.76830333
v -0.39644814 0.37885344 -0.76845604
v -0.4118407 0.3729833 -0.7685423
v -0.42079434 0.36592582 -0.76857513
v -0.5486783 0.35475022 -0.6087521
v -0.56470674 0.35475028 -0.6422164
v -0.6865279 0.33354637 -0.54440683
v -0.7250412 0.33354643 -0.56352687
v -0.79659414 0.35419953 -0.49381706
v -0.80109763 0.35126418 -0.52320445
v -0.74401 0.343888 -0.50935084
v -0.79481435 0.3566699 -0.4749841
v -0.7432274 0.34692526 -0.47463214
v -0.79382706 0.3381816 -0.4657397
v -0.7046297 0.33172065 -0.44085443
v -0.669359 0.3376567 -0.45515567
v -0.4559377 0.33523604 -0.3248038
v -0.43792588 0.33703804 -0.3516657
v -0.42469463 0.33785087 -0.31332767
v -0.42468357 0.33816367 -0.34816715
v -0.4100744 0.33886465 -0.31348693
v -0.41006333 0.3391774 -0.35256964
v -0.39574957 0.35039765 -0.31351975
v -0.39573848 0.35071045 -0.34805033
v -0.38101783 0.35777092 -0.313606
v -0.38100672 0.35808378 -0.34813654
v -0.36958846 0.35614356 -0.3137587
v -0.36957744 0.35645637 -0.34828928
v -0.35714886 0.3438286 -0.3140481
v -0.35713774 0.3441413 -0.34857872
v -0.35845843 0.34364066 -0.3083747
v -0.3708981 0.35595566 -0.3080853
v -0.3823274 0.357583 -0.3079326
v -0.39705917 0.3502098 -0.30784637
v -0.40496793 0.3393186 -0.30781353
v -0.3720653 0.35360152 -0.35652515
v -0.36141178 0.3430547 -0.35677302
v -0.38185355 0.35499525 -0.35639435
v -0.39447013 0.34868065 -0.35632053
v -0.37708256 0.3623153 -0.71961564
v -0.3869681 0.34495535 -0.71949714
v -0.38663334 0.37387022 -0.7198635
v -0.37715235 0.35628876 -0.7195392
v -0.39623424 0.37623137 -0.71999437
v -0.39664704 0.34057638 -0.7195426
v -0.40941668 0.37120405 -0.7200681
v -0.4096837 0.34814215 -0.7197759
v -0.44060847 0.35670996 -0.72250557
v -0.38663334 0.37387022 -0.7198635
v -0.37708256 0.3623153 -0.71961564
v -0.39623424 0.37623137 -0.71999437
v -0.40941668 0.37120405 -0.7200681
v -0.36141178 0.3430547 -0.35677302
v -0.36952007 0.32479697 -0.3568915
v -0.36088127 0.33705115 -0.3568494
v -0.3720653 0.35360152 -0.35652515
v -0.38185355 0.35499525 -0.35639435
v -0.37871504 0.3194763 -0.35684603
v -0.39447013 0.34868065 -0.35632053
v -0.39244005 0.3257067 -0.35661274
v -0.39573848 0.35071045 -0.34805033
v -0.6865279 0.33390945 -0.48011616
v -0.7249859 0.39275405 -0.5044447
v -0.72593826 0.39340934 -0.52036947
v -0.7187052 0.38899207 -0.5452188
v -0.7250412 0.33354643 -0.56352687
v -0.7249859 0.39275405 -0.5044447
v -0.699988 0.3771044 -0.50696015
v -0.72593826 0.39340934 -0.52036947
v -0.7002987 0.37732902 -0.51767117
v -0.7187052 0.38899207 -0.5452188
v -0.7000567 0.37715384 -0.5364489
v -0.6865279 0.33226416 -0.5034682
v -0.7250412 0.33354643 -0.56352687
v -0.83066875 0.35226563 -0.48102432
v -0.8169986 0.34905028 -0.46478617
v -0.82071906 0.34307715 -0.46482903
v -0.79382706 0.3381816 -0.4657397
v -0.7975475 0.33220848 -0.46578807
v -0.8024344 0.34613234 -0.47500014
v -0.8042142 0.34366196 -0.49379984
v -0.8048181 0.33223832 -0.5231561
v -0.80109763 0.35126418 -0.52320445
v -0.83066875 0.35226563 -0.48102432
v -0.8333676 0.35396957 -0.4976708
v -0.8242692 0.35890287 -0.5237076
v -0.82798964 0.34903693 -0.5236648
v -0.8257476 0.36332014 -0.49768603
v -0.8333676 0.35396957 -0.4976708
v -0.8239678 0.36220345 -0.4810101
v -0.83066875 0.35226563 -0.48102432
v -0.82798964 0.34903693 -0.5236648
v -0.6865279 0.33390945 -0.48011616
v -0.6866094 0.32687247 -0.48014572
v -0.6865279 0.33226416 -0.5034682
v -0.6866094 0.3252272 -0.5034365
v -0.6865279 0.33354637 -0.54440683
v -0.8169986 0.34905028 -0.46478617
v -0.8239678 0.36220345 -0.4810101
v -0.8257476 0.36332014 -0.49768603
v -0.8242692 0.35890287 -0.5237076
v -0.8201962 0.43724188 -0.4407672
v -0.8471726 0.5259405 -0.4407672
v -0.8201962 0.5259405 -0.4407672
v -0.8471726 0.43724188 -0.4407672
v -0.6919505 0.5497772 -0.47570407
v -0.6853799 0.57186127 -0.49954286
v -0.69329345 0.5503102 -0.49954286
v -0.68403685 0.5713283 -0.47570407
v -0.69329345 0.5503102 -0.49954286
v -0.6934911 0.5773819 -0.5221928
v -0.69329345 0.5503102 -0.49954286
v -0.70140463 0.5558308 -0.5221928
v -0.8201962 0.55595255 -0.6041263
v -0.8471726 0.53259474 -0.6176973
v -0.8201962 0.53259474 -0.6176973
v -0.8471726 0.55595255 -0.6041263
v -0.8471726 0.53259474 -0.6176973
v -0.80240047 0.37675574 -0.52015877
v -0.8258984 0.38151556 -0.4594123
v -0.80240047 0.37675574 -0.4594123
v -0.80240047 0.37675574 -0.52015877
v -0.8258984 0.39000618 -0.52015877
v -0.8471726 0.39608887 -0.52015877
v -0.8471726 0.3908767 -0.4407672
v -0.8471726 0.43724188 -0.4407672
v -0.8471726 0.5259405 -0.52015877
v -0.8471726 0.5259405 -0.4407672
v -0.8471726 0.43724188 -0.4407672
v -0.8471726 0.43724188 -0.52015877
v -0.8471726 0.46328375 -0.5627352
v -0.8471726 0.5259405 -0.5572149
v -0.8471726 0.3908767 -0.4407672
v -0.8471726 0.39608887 -0.52015877
v -0.8471726 0.403972 -0.53453565
v -0.8471726 0.53259474 -0.6176973
v -0.8471726 0.55595255 -0.6041263
v -0.8201962 0.43724188 -0.52015877
v -0.8201962 0.5259405 -0.4407672
v -0.8201962 0.5259405 -0.48395774
v -0.8201962 0.43724188 -0.4407672
v -0.8201962 0.46328375 -0.5627352
v -0.8201962 0.5259405 -0.5572149
v -0.8201962 0.403972 -0.53453565
v -0.8201962 0.403972 -0.52015877
v -0.8083389 0.37769145 -0.4407672
v -0.8201962 0.55595255 -0.6041263
v -0.8201962 0.53259474 -0.6176973
v -0.8201962 0.403972 -0.53453565
v -0.8471726 0.39608887 -0.52015877
v -0.8201962 0.403972 -0.52015877
v -0.8471726 0.403972 -0.53453565
v -0.8273814 0.395092 -0.6123472
v -0.8543577 0.37609237 -0.5841466
v -0.8273814 0.37609237 -0.5841466
v -0.8543577 0.395092 -0.6123472
v -0.8543577 0.37609237 -0.5841466
v -0.81578994 0.39346114 -0.38592237
v -0.82796097 0.4314404 -0.38592237
v -0.81578994 0.4314404 -0.38592237
v -0.82796097 0.39346114 -0.38592237
v -0.8201962 0.5259405 -0.4407672
v -0.8204034 0.5590705 -0.45539168
v -0.78685105 0.53310925 -0.45539168
v -0.8471726 0.5259405 -0.4407672
v -0.76181763 0.58240026 -0.46727255
v -0.75266904 0.5482389 -0.46727255
v -0.8471726 0.5259405 -0.4407672
v -0.8204034 0.5590705 -0.49858207
v -0.8204034 0.5590705 -0.45539168
v -0.8471726 0.5259405 -0.52015877
v -0.76315725 0.581522 -0.4997581
v -0.76181763 0.58240026 -0.46727255
v -0.77283704 0.5789203 -0.53062475
v -0.82959074 0.5536587 -0.55716854
v -0.8471726 0.5259405 -0.52015877
v -0.8471726 0.5259405 -0.5572149
v -0.7118828 0.60313547 -0.49927768
v -0.71124756 0.60327685 -0.48607793
v -0.8201962 0.5259405 -0.48395774
v -0.78685105 0.53310925 -0.45539168
v -0.78685105 0.53310925 -0.53478277
v -0.8201962 0.5259405 -0.4407672
v -0.8471726 0.5259405 -0.5572149
v -0.79603827 0.53988713 -0.53775144
v -0.82959074 0.5536587 -0.55716854
v -0.7636884 0.54475886 -0.53062475
v -0.8471726 0.5259405 -0.5572149
v -0.8201962 0.5259405 -0.5572149
v -0.82959074 0.5536587 -0.55716854
v -0.77283704 0.5789203 -0.53062475
v -0.8201962 0.5259405 -0.5572149
v -0.78685105 0.53310925 -0.53478277
v -0.79603827 0.53988713 -0.53775144
v -0.8201962 0.5259405 -0.5572149
v -0.8201962 0.5259405 -0.48395774
v -0.78685105 0.53310925 -0.53478277
v -0.8201962 0.5259405 -0.5572149
v -0.8471726 0.55595255 -0.6041263
v -0.8201962 0.55595255 -0.6041263
v -0.8471726 0.5259405 -0.5572149
v -0.8471726 0.55595255 -0.6041263
v -0.8471726 0.46328375 -0.5627352
v -0.8201962 0.53259474 -0.6176973
v -0.8471726 0.53259474 -0.6176973
v -0.8201962 0.46328375 -0.5627352
v -0.8201962 0.46328375 -0.5627352
v -0.8543577 0.395092 -0.6123472
v -0.8273814 0.395092 -0.6123472
v -0.8471726 0.46328375 -0.5627352
v -0.8543577 0.395092 -0.6123472
v -0.8471726 0.46328375 -0.5627352
v -0.8543577 0.37609237 -0.5841466
v -0.8543577 0.395092 -0.6123472
v -0.8471726 0.403972 -0.53453565
v -0.8471726 0.403972 -0.53453565
v -0.8273814 0.37609237 -0.5841466
v -0.8543577 0.37609237 -0.5841466
v -0.8201962 0.403972 -0.53453565
v -0.8273814 0.37609237 -0.5841466
v -0.8201962 0.403972 -0.53453565
v -0.8273814 0.395092 -0.6123472
v -0.8273814 0.37609237 -0.5841466
v -0.8201962 0.46328375 -0.5627352
v -0.8471726 0.3908767 -0.4407672
v -0.841732 0.43724188 -0.42437285
v -0.841732 0.3876596 -0.42437285
v -0.8471726 0.43724188 -0.4407672
v -0.8353636 0.43724188 -0.4051825
v -0.8353636 0.3876596 -0.4051825
v -0.8471726 0.43724188 -0.4407672
v -0.8147557 0.43724188 -0.42437285
v -0.841732 0.43724188 -0.42437285
v -0.8201962 0.43724188 -0.4407672
v -0.8083873 0.43724188 -0.4051825
v -0.8353636 0.43724188 -0.4051825
v -0.8201962 0.43724188 -0.4407672
v -0.80630547 0.3876596 -0.42437285
v -0.8147557 0.43724188 -0.42437285
v -0.8083389 0.37769145 -0.4407672
v -0.8083873 0.3876596 -0.4051825
v -0.8083873 0.43724188 -0.4051825
v -0.8201962 0.403972 -0.52015877
v -0.8258984 0.39000618 -0.52015877
v -0.80240047 0.37675574 -0.52015877
v -0.8471726 0.39608887 -0.52015877
v -0.77662605 0.36750236 -0.52015877
v -0.76683885 0.3869223 -0.52015877
v -0.76683885 0.3869223 -0.4594123
v -0.77662605 0.36750236 -0.52015877
v -0.77662605 0.36750236 -0.4594123
v -0.76683885 0.3869223 -0.52015877
v -0.8083389 0.37769145 -0.4407672
v -0.76683885 0.3869223 -0.52015877
v -0.76683885 0.3869223 -0.4594123
v -0.8201962 0.403972 -0.52015877
v -0.8207321 0.34841433 -0.5074854
v -0.79495764 0.33916098 -0.47208574
v -0.79495764 0.33916098 -0.5074854
v -0.8207321 0.34841433 -0.47208574
v -0.80240047 0.37675574 -0.4594123
v -0.76683885 0.3869223 -0.4594123
v -0.77662605 0.36750236 -0.4594123
v -0.80240047 0.37675574 -0.4594123
v -0.8083389 0.37769145 -0.4407672
v -0.8083389 0.37769145 -0.4407672
v -0.80240047 0.37675574 -0.4594123
v -0.8258984 0.38151556 -0.4594123
v -0.8083389 0.37769145 -0.4407672
v -0.8258984 0.38151556 -0.4594123
v -0.8471726 0.3908767 -0.4407672
v -0.8471726 0.3908767 -0.4407672
v -0.80630547 0.3876596 -0.42437285
v -0.8083389 0.37769145 -0.4407672
v -0.841732 0.3876596 -0.42437285
v -0.8353636 0.3876596 -0.4051825
v -0.8083873 0.3876596 -0.4051825
v -0.78685105 0.53310925 -0.53478277
v -0.75266904 0.5482389 -0.46727255
v -0.7540087 0.5473607 -0.4997581
v -0.78685105 0.53310925 -0.45539168
v -0.79603827 0.53988713 -0.53775144
v -0.7636884 0.54475886 -0.53062475
v -0.75266904 0.5482389 -0.46727255
v -0.68403685 0.5713283 -0.47570407
v -0.6919505 0.5497772 -0.47570407
v -0.76181763 0.58240026 -0.46727255
v -0.71124756 0.60327685 -0.48607793
v -0.6837084 0.5882921 -0.49918982
v -0.68327445 0.5878966 -0.48950395
v -0.7118828 0.60313547 -0.49927768
v -0.7540087 0.5473607 -0.4997581
v -0.6919505 0.5497772 -0.47570407
v -0.69329345 0.5503102 -0.49954286
v -0.75266904 0.5482389 -0.46727255
v -0.7118828 0.60313547 -0.49927768
v -0.6859984 0.5915555 -0.50839335
v -0.6837084 0.5882921 -0.49918982
v -0.7159357 0.60353696 -0.51181924
v -0.77283704 0.5789203 -0.53062475
v -0.70140463 0.5558308 -0.5221928
v -0.6934911 0.5773819 -0.5221928
v -0.7636884 0.54475886 -0.53062475
v -0.7636884 0.54475886 -0.53062475
v -0.69329345 0.5503102 -0.49954286
v -0.70140463 0.5558308 -0.5221928
v -0.7540087 0.5473607 -0.4997581
v -0.6853799 0.57186127 -0.49954286
v -0.68327445 0.5878966 -0.48950395
v -0.6837084 0.5882921 -0.49918982
v -0.68403685 0.5713283 -0.47570407
v -0.68403685 0.5713283 -0.47570407
v -0.71124756 0.60327685 -0.48607793
v -0.68327445 0.5878966 -0.48950395
v -0.76181763 0.58240026 -0.46727255
v -0.76315725 0.581522 -0.4997581
v -0.7159357 0.60353696 -0.51181924
v -0.7118828 0.60313547 -0.49927768
v -0.77283704 0.5789203 -0.53062475
v -0.77283704 0.5789203 -0.53062475
v -0.6859984 0.5915555 -0.50839335
v -0.7159357 0.60353696 -0.51181924
v -0.6934911 0.5773819 -0.5221928
v -0.6934911 0.5773819 -0.5221928
v -0.6837084 0.5882921 -0.49918982
v -0.6859984 0.5915555 -0.50839335
v -0.6853799 0.57186127 -0.49954286
v -0.8083873 0.3876596 -0.4051825
v -0.83220714 0.39346114 -0.4051825
v -0.8115437 0.39346114 -0.4051825
v -0.8083873 0.43724188 -0.4051825
v -0.8115437 0.4314404 -0.4051825
v -0.8353636 0.43724188 -0.4051825
v -0.83220714 0.4314404 -0.4051825
v -0.8353636 0.3876596 -0.4051825
v -0.83220714 0.39346114 -0.4051825
v -0.8115437 0.39346114 -0.4051825
v -0.82796097 0.39346114 -0.38592237
v -0.81578994 0.39346114 -0.38592237
v -0.83220714 0.39346114 -0.4051825
v -0.83220714 0.39346114 -0.4051825
v -0.82796097 0.4314404 -0.38592237
v -0.82796097 0.39346114 -0.38592237
v -0.83220714 0.39346114 -0.4051825
v -0.83220714 0.4314404 -0.4051825
v -0.83220714 0.4314404 -0.4051825
v -0.81578994 0.4314404 -0.38592237
v -0.82796097 0.4314404 -0.38592237
v -0.8115437 0.4314404 -0.4051825
v -0.78420836 0.420484 -0.39624953
v -0.78600454 0.4044176 -0.3881019
v -0.78600454 0.420484 -0.3881019
v -0.78420836 0.420484 -0.39624953
v -0.78420836 0.4044176 -0.39624953
v -0.8115437 0.4314404 -0.4051825
v -0.78420836 0.4044176 -0.39624953
v -0.78420836 0.420484 -0.39624953
v -0.8115437 0.39346114 -0.4051825
v -0.8115437 0.39346114 -0.4051825
v -0.78600454 0.4044176 -0.3881019
v -0.78420836 0.4044176 -0.39624953
v -0.8115437 0.39346114 -0.4051825
v -0.81578994 0.39346114 -0.38592237
v -0.81578994 0.39346114 -0.38592237
v -0.78600454 0.420484 -0.3881019
v -0.78600454 0.4044176 -0.3881019
v -0.81578994 0.4314404 -0.38592237
v -0.81578994 0.4314404 -0.38592237
v -0.78420836 0.420484 -0.39624953
v -0.78600454 0.420484 -0.3881019
v -0.8115437 0.4314404 -0.4051825
v -0.80240047 0.37675574 -0.52015877
v -0.8207321 0.34841433 -0.47208574
v -0.8207321 0.34841433 -0.5074854
v -0.80240047 0.37675574 -0.4594123
v -0.80240047 0.37675574 -0.4594123
v -0.79495764 0.33916098 -0.47208574
v -0.8207321 0.34841433 -0.47208574
v -0.77662605 0.36750236 -0.4594123
v -0.77662605 0.36750236 -0.4594123
v -0.79495764 0.33916098 -0.5074854
v -0.79495764 0.33916098 -0.47208574
v -0.77662605 0.36750236 -0.52015877
v -0.77662605 0.36750236 -0.52015877
v -0.8207321 0.34841433 -0.5074854
v -0.79495764 0.33916098 -0.5074854
v -0.80240047 0.37675574 -0.52015877
v -0.7248948 0.4007325 -0.54566205
v -0.571551 0.57799715 -0.5458635
v -0.5841816 0.5879168 -0.53921545
v -0.71226436 0.3908129 -0.5523097
v -0.73041195 0.40448815 -0.52961284
v -0.5896988 0.59167254 -0.52316624
v -0.72558415 0.39988005 -0.5135637
v -0.5848708 0.5870643 -0.5071173
v -0.713239 0.3896073 -0.50691575
v -0.5725258 0.5767916 -0.5004695
v -0.7006087 0.37968764 -0.5135637
v -0.5598953 0.56687194 -0.5071173
v -0.69509137 0.37593186 -0.52961284
v -0.55437803 0.56311625 -0.5231663
v -0.6999194 0.3805402 -0.54566205
v -0.5592062 0.5677245 -0.53921545
v -0.71226436 0.3908129 -0.5523097
v -0.571551 0.57799715 -0.5458635
v -0.7198634 0.38141388 -0.52999914
v -0.7198634 0.38141388 -0.52999914
v -0.7198634 0.38141388 -0.52999914
v -0.7198634 0.38141388 -0.52999914
v -0.7198634 0.38141388 -0.52999914
v -0.7198634 0.38141388 -0.52999914
v -0.55437803 0.56311625 -0.5231663
v -0.5626748 0.5690839 -0.5106731
v -0.55839574 0.5661367 -0.5231724
v -0.5598953 0.56687194 -0.5071173
v -0.5592062 0.5677245 -0.53921545
v -0.5621091 0.5697845 -0.5356677
v -0.571551 0.57799715 -0.5458635
v -0.5716381 0.5778896 -0.54083973
v -0.5724387 0.5768991 -0.50549316
v -0.5725258 0.5767916 -0.5004695
v -0.5819678 0.5850042 -0.5106651
v -0.5848708 0.5870643 -0.5071173
v -0.5856811 0.5886521 -0.52316064
v -0.5896988 0.59167254 -0.52316624
v -0.58140206 0.5857048 -0.5356599
v -0.5716381 0.5778896 -0.54083973
v -0.55033827 0.6042351 -0.53968257
v -0.5601021 0.6120503 -0.5345027
v -0.5643812 0.61499757 -0.5220034
v -0.56066793 0.6113497 -0.50950795
v -0.5511389 0.60324466 -0.50433606
v -0.5626748 0.5690839 -0.5106731
v -0.54137486 0.5954294 -0.50951606
v -0.5370957 0.59248215 -0.52201533
v -0.5621091 0.5697845 -0.5356677
v -0.54080933 0.59612995 -0.5345107
v -0.5716381 0.5778896 -0.54083973
v -0.55033827 0.6042351 -0.53968257
v -0.54246885 0.6026234 -0.5147249
v -0.5400284 0.6009425 -0.52185357
v -0.5421462 0.60302293 -0.5289801
v -0.54758096 0.6076455 -0.5319297
v -0.55314946 0.6121027 -0.52897555
v -0.5555899 0.61378366 -0.5218469
v -0.5534722 0.6117032 -0.5147204
v -0.5480375 0.6070806 -0.51177067
v -0.49556786 0.66063446 -0.51217717
v -0.4931273 0.65895355 -0.51930577
v -0.49524513 0.6610339 -0.5264323
v -0.5006799 0.66565657 -0.52938193
v -0.5062484 0.67011374 -0.5264278
v -0.5006799 0.66565657 -0.52938193
v -0.54758096 0.6076455 -0.5319297
v -0.50868887 0.6717947 -0.51929915
v -0.5065712 0.6697142 -0.5121726
v -0.5011365 0.6650917 -0.5092229
v -0.571551 0.57799715 -0.5458635
v -0.5716381 0.5778896 -0.54083973
v -0.0 0.4885273 -0.21129857
v -0.44695336 0.49539745 -0.21600248
v -0.44684064 0.48404178 -0.21129857
v -0.0 0.49988297 -0.21600248
v -0.44706604 0.5067531 -0.21129857
v -0.0 0.51123863 -0.21129857
v -0.4471127 0.5114568 -0.19994235
v -0.0 0.5159423 -0.19994235
v -0.44706604 0.5067531 -0.18858613
v -0.0 0.51123863 -0.18858613
v -0.44695336 0.49539745 -0.18388224
v -0.0 0.49988297 -0.18388224
v -0.44684064 0.48404178 -0.18858613
v -0.0 0.4885273 -0.18858613
v -0.44679397 0.4793381 -0.19994235
v -4.7683715E-9 0.48382363 -0.19994235
v -0.44684064 0.48404178 -0.21129857
v -0.0 0.4885273 -0.21129857
v -0.5220861 0.50600857 -0.20841002
v -0.51446664 0.5107884 -0.21678796
v -0.5067539 0.50616074 -0.22516584
v -0.50652856 0.48344943 -0.22516584
v -0.5141479 0.47866964 -0.21678796
v -0.52186066 0.48329726 -0.20841002
v -0.52514875 0.49462143 -0.20493981
v -0.6042478 0.50519323 -0.39096874
v -0.5945977 0.50999314 -0.3965292
v -0.5848541 0.5053857 -0.40208966
v -0.5034658 0.4948366 -0.22863607
v -0.50652856 0.48344943 -0.22516584
v -0.580725 0.4940699 -0.40439287
v -0.58462876 0.48267436 -0.40208966
v -0.58462876 0.48267436 -0.40208966
v -0.59427893 0.4778745 -0.3965292
v -0.60402244 0.4824819 -0.39096874
v -0.6081517 0.49379772 -0.3886655
v -0.6080494 0.49524176 -0.41353348
v -0.6028376 0.52365714 -0.42242393
v -0.59887093 0.515389 -0.42871046
v -0.597063 0.49535078 -0.43131438
v -0.5984729 0.47528067 -0.42871046
v -0.5984729 0.47528067 -0.42871046
v -0.6022747 0.46693543 -0.42242393
v -0.6022747 0.46693543 -0.42242393
v -0.60624146 0.47520357 -0.41613746
v -0.6022747 0.46693543 -0.42242393
v -0.6172727 0.51520634 -0.4671103
v -0.62162644 0.5234707 -0.46141428
v -0.6028376 0.52365714 -0.42242393
v -0.6153044 0.4951698 -0.46946976
v -0.61687464 0.47509807 -0.4671103
v -0.61687464 0.47509807 -0.4671103
v -0.6210636 0.46674895 -0.46141428
v -0.6210636 0.46674895 -0.46141428
v -0.6254173 0.47501332 -0.45571825
v -0.6273855 0.4950499 -0.45335883
v -0.60663944 0.5153119 -0.41613746
v -0.6028376 0.52365714 -0.42242393
v -0.6258153 0.5151216 -0.45571825
v -0.62162644 0.5234707 -0.46141428
v -0.61687464 0.47509807 -0.4671103
v -0.6153044 0.4951698 -0.46946976
v -0.621345 0.49510983 -0.46141428
v -0.6172727 0.51520634 -0.4671103
v -0.62162644 0.5234707 -0.46141428
v -0.6258153 0.5151216 -0.45571825
v -0.6273855 0.4950499 -0.45335883
v -0.6254173 0.47501332 -0.45571825
v -0.6210636 0.46674895 -0.46141428
v -0.7914055 0.41405886 -0.4007686
v -0.43760693 0.40816337 -0.40325356
v -0.43751696 0.41303068 -0.4012371
v -0.79149544 0.40919158 -0.40278506
v -0.4376969 0.40329608 -0.4012371
v -0.7915854 0.40432426 -0.4007686
v -0.43773413 0.40128 -0.39636898
v -0.7916227 0.40230814 -0.39590046
v -0.4376969 0.40329608 -0.39150086
v -0.7915854 0.40432426 -0.39103234
v -0.43760693 0.40816337 -0.3894844
v -0.79149544 0.40919158 -0.38901588
v -0.43751696 0.41303068 -0.39150086
v -0.7914055 0.41405886 -0.39103234
v -0.4374797 0.4150468 -0.39636898
v -0.79136825 0.41607496 -0.39590046
v -0.43751696 0.41303068 -0.4012371
v -0.7914055 0.41405886 -0.4007686
v -0.6247677 0.51550597 -0.45273462
v -0.6308605 0.34194908 -0.45703506
v -0.6247677 0.34194908 -0.4545113
v -0.6308605 0.51550597 -0.4552583
v -0.6369533 0.34194908 -0.4545113
v -0.6369533 0.51550597 -0.45273462
v -0.639477 0.34194908 -0.44841856
v -0.639477 0.51550597 -0.44664183
v -0.6369533 0.34194908 -0.44232577
v -0.6369533 0.51550597 -0.44054905
v -0.6308605 0.34194908 -0.43980205
v -0.6308605 0.51550597 -0.43802536
v -0.6247677 0.34194908 -0.44232577
v -0.6247677 0.51550597 -0.44054905
v -0.622244 0.34194908 -0.44841856
v -0.622244 0.51550597 -0.44664183
v -0.6247677 0.34194908 -0.4545113
v -0.6247677 0.51550597 -0.45273462
v -0.6308605 0.51550597 -0.4552583
v -0.6247677 0.51550597 -0.45273462
v -0.6308605 0.51550597 -0.44664183
v -0.6369533 0.51550597 -0.45273462
v -0.639477 0.51550597 -0.44664183
v -0.6369533 0.51550597 -0.44054905
v -0.6308605 0.51550597 -0.43802536
v -0.6247677 0.51550597 -0.44054905
v -0.622244 0.51550597 -0.44664183
v -0.0 0.31248215 -0.25996616
v -0.32946178 0.35483366 -0.25996616
v -0.0 0.35011584 -0.25996616
v -0.31740925 0.3172 -0.25996616
v -0.0 0.35011584 -0.25996616
v -0.3518279 0.38769946 -0.44450733
v -0.0 0.38298163 -0.44450733
v -0.32946178 0.35483366 -0.25996616
v -0.0 0.38298163 -0.44450733
v -0.34137678 0.3500658 -0.44450733
v -0.0 0.34534794 -0.44450733
v -0.3518279 0.38769946 -0.44450733
v -0.0 0.34534794 -0.44450733
v -0.31740925 0.3172 -0.25996616
v -0.0 0.31248215 -0.25996616
v -0.34137678 0.3500658 -0.44450733
v -0.31740925 0.3172 -0.25996616
v -0.3518279 0.38769946 -0.44450733
v -0.32946178 0.35483366 -0.25996616
v -0.34137678 0.3500658 -0.44450733
v 0.37834555 0.60960287 0.01609421
v 0.37347206 0.30920905 -0.19369125
v 0.37933394 0.429916 0.01961077
v 0.378 0.5552486 -0.168349
v 0.378 0.39137992 0.011181709
v 0.37834555 0.60960287 0.01609421
v 0.38152397 0.6205136 -0.06598195
v 0.378 0.5552486 -0.168349
v 0.37834555 0.60960287 0.01609421
v 0.37993476 0.61505824 -0.024943871
v 0.38152397 0.6205136 -0.06598195
v 0.37933394 0.429916 0.01961077
v 0.33652395 0.6084965 0.018349001
v 0.37834555 0.60960287 0.01609421
v 0.33152395 0.4299726 0.019872999
v 0.37834555 0.60960287 0.01609421
v 0.3324787 0.61633915 -0.02201339
v 0.37993476 0.61505824 -0.024943871
v 0.33652395 0.6084965 0.018349001
v 0.38152397 0.6205136 -0.06598195
v 0.37507293 0.6349358 -0.43772268
v 0.378 0.5552486 -0.168349
v 0.38152397 0.67962724 -0.40123197
v 0.38152397 0.6205136 -0.06598195
v 0.3356603 0.6864945 -0.41988426
v 0.38152397 0.67962724 -0.40123197
v 0.3335856 0.62414986 -0.06631025
v 0.3356603 0.6864945 -0.41988426
v 0.40116945 0.68615574 -0.4179631
v 0.38152397 0.67962724 -0.40123197
v 0.39125007 0.6914986 -0.44826338
v 0.3941628 0.6026661 -0.21181446
v 0.32169265 0.32582268 -0.26425487
v 0.32538992 0.34451213 -0.23804925
v 0.40283972 0.6191844 -0.24039881
v 0.40283972 0.6191844 -0.24039881
v 0.35317618 0.31793094 -0.26866344
v 0.32169265 0.32582268 -0.26425487
v 0.43702805 0.6093892 -0.2431074
v 0.43702805 0.6093892 -0.2431074
v 0.3642837 0.31572428 -0.4690975
v 0.35317618 0.31793094 -0.26866344
v 0.44563606 0.6324393 -0.36495855
v 0.44563606 0.6324393 -0.36495855
v 0.33161202 0.32585898 -0.47429892
v 0.3642837 0.31572428 -0.4690975
v 0.41706815 0.63397783 -0.36654544
v 0.41706815 0.63397783 -0.36654544
v 0.32293633 0.3269554 -0.5168971
v 0.33161202 0.32585898 -0.47429892
v 0.4103173 0.65007794 -0.40271953
v 0.36770624 0.3146743 -0.68549687
v 0.47057506 0.69996625 -0.7610874
v 0.37046364 0.31503367 -0.82263386
v 0.46392754 0.67666954 -0.62610096
v 0.36770624 0.3146743 -0.68549687
v 0.44874594 0.6744866 -0.6199287
v 0.46392754 0.67666954 -0.62610096
v 0.3601705 0.319483 -0.68061477
v 0.3601705 0.319483 -0.68061477
v 0.4290084 0.68345374 -0.61906725
v 0.44874594 0.6744866 -0.6199287
v 0.3409497 0.32781735 -0.68046486
v 0.47057506 0.69996625 -0.7610874
v 0.3355445 0.32478228 -0.8304329
v 0.37046364 0.31503367 -0.82263386
v 0.4369468 0.7097206 -0.7647198
v 0.4369468 0.7097206 -0.7647198
v 0.3309642 0.32186168 -0.8718827
v 0.3355445 0.32478228 -0.8304329
v 0.43248284 0.71560043 -0.79801214
v 0.3409497 0.32781735 -0.68046486
v 0.4231686 0.6852358 -0.5794944
v 0.4290084 0.68345374 -0.61906725
v 0.32681343 0.32302344 -0.6240283
v 0.43723482 0.57895356 -0.7304776
v 0.4483053 0.5994828 -0.7308562
v 0.43715334 0.5859906 -0.7305667
v 0.44869617 0.56572014 -0.7304284
v 0.4599979 0.56060714 -0.7304814
v 0.45951587 0.6022397 -0.7310088
v 0.47522014 0.56944126 -0.7307539
v 0.47490844 0.5963696 -0.73109514
v 0.48393703 0.5798409 -0.73104584
v 0.48386207 0.58631986 -0.7311279
v 0.4469835 0.59953934 -0.7251828
v 0.43583155 0.5860472 -0.72489333
v 0.44694138 0.5998495 -0.69065213
v 0.43578938 0.5863573 -0.6903627
v 0.43587086 0.5793204 -0.6902736
v 0.43591303 0.5790101 -0.7248042
v 0.45815188 0.60260653 -0.6908049
v 0.45819408 0.6022963 -0.7253354
v 0.47354445 0.5967364 -0.6908911
v 0.47358665 0.5964262 -0.72542167
v 0.48894623 0.58668655 -0.6909239
v 0.48898837 0.5863764 -0.72545457
v 0.47385624 0.569808 -0.6905499
v 0.48902124 0.5802077 -0.6908418
v 0.50359476 0.5871333 -0.69532645
v 0.5036369 0.58682305 -0.7256138
v 0.5168833 0.5873314 -0.69182783
v 0.5349851 0.5873314 -0.7141376
v 0.65974575 0.6004006 -0.54074156
v 0.67784756 0.6004007 -0.55728424
v 0.51696473 0.58029443 -0.6917387
v 0.65982723 0.59336364 -0.5406524
v 0.67792916 0.59336364 -0.55719507
v 0.5350666 0.5802945 -0.71404845
v 0.50367624 0.58009624 -0.69523734
v 0.5168833 0.5873314 -0.69182783
v 0.5037184 0.57978606 -0.7255246
v 0.48906335 0.57989746 -0.72537243
v 0.65974575 0.6019436 -0.5188414
v 0.71722776 0.61735696 -0.524724
v 0.65974575 0.6035889 -0.49548933
v 0.7164452 0.6203942 -0.49000534
v 0.65974575 0.60518956 -0.4727703
v 0.67784756 0.60518956 -0.45622763
v 0.5309532 0.6015015 -0.29937425
v 0.5128514 0.6015015 -0.321684
v 0.5129329 0.59446454 -0.32177314
v 0.65982723 0.5981525 -0.47285944
v 0.67792916 0.5981525 -0.45631683
v 0.5310347 0.5944646 -0.2994634
v 0.49960503 0.60099316 -0.2878981
v 0.49956286 0.6013034 -0.3181854
v 0.49964434 0.59426636 -0.31827453
v 0.49968654 0.5939562 -0.2879873
v 0.4849565 0.60054654 -0.28805736
v 0.48491436 0.60085666 -0.3225879
v 0.46955478 0.6105963 -0.2880902
v 0.46951258 0.6109065 -0.32262078
v 0.4541622 0.6164664 -0.28817642
v 0.45412 0.61677665 -0.32270697
v 0.44295162 0.61370945 -0.28832912
v 0.4429095 0.61401963 -0.3228597
v 0.43179968 0.6002173 -0.28861853
v 0.4317575 0.6005274 -0.32314914
v 0.431839 0.5934905 -0.32323828
v 0.46982437 0.5839781 -0.32296196
v 0.48498937 0.5943778 -0.32267
v 0.43312147 0.6001607 -0.28294516
v 0.44427344 0.6136529 -0.28265572
v 0.43320295 0.5931237 -0.2830343
v 0.4446643 0.57989025 -0.2830835
v 0.45596603 0.57477725 -0.28303048
v 0.455484 0.61640984 -0.28250304
v 0.47118828 0.58361137 -0.28275794
v 0.47087657 0.61053973 -0.2824168
v 0.4799052 0.594011 -0.282466
v 0.47983024 0.60049 -0.28238395
v 0.43188116 0.59318024 -0.2887077
v 0.431839 0.5934905 -0.32323828
v 0.46986648 0.58366793 -0.28843135
v 0.4850315 0.5940676 -0.2881394
v 0.4849565 0.60054654 -0.28805736
v 0.4401503 0.5857015 -0.6821684
v 0.45003584 0.5683417 -0.68204993
v 0.4402201 0.579675 -0.6820921
v 0.44970107 0.59725654 -0.6824163
v 0.45930198 0.59961766 -0.68254715
v 0.45971477 0.5639627 -0.6820954
v 0.47248444 0.59459037 -0.6826209
v 0.47275147 0.57152843 -0.6823287
v 0.43587086 0.5793204 -0.6902736
v 0.44737437 0.5657767 -0.724755
v 0.43591303 0.5790101 -0.7248042
v 0.44733226 0.56608695 -0.69022435
v 0.4586339 0.5609738 -0.69027746
v 0.4586761 0.5606637 -0.72480804
v 0.47385624 0.569808 -0.6905499
v 0.47389835 0.5694978 -0.72508055
v 0.48902124 0.5802077 -0.6908418
v 0.48906335 0.57989746 -0.72537243
v 0.50367624 0.58009624 -0.69523734
v 0.5037184 0.57978606 -0.7255246
v 0.51696473 0.58029443 -0.6917387
v 0.5350666 0.5802945 -0.71404845
v 0.65982723 0.59336364 -0.5406524
v 0.67792916 0.59336364 -0.55719507
v 0.44869617 0.56572014 -0.7304284
v 0.43723482 0.57895356 -0.7304776
v 0.47522014 0.56944126 -0.7307539
v 0.4599979 0.56060714 -0.7304814
v 0.48393703 0.5798409 -0.73104584
v 0.65982723 0.5949066 -0.5188097
v 0.7206538 0.6043867 -0.52469236
v 0.65982723 0.5965519 -0.4955189
v 0.7198712 0.6074239 -0.49003485
v 0.65982723 0.5981525 -0.47285944
v 0.67792916 0.5981525 -0.45631683
v 0.5310347 0.5944646 -0.2994634
v 0.5129329 0.59446454 -0.32177314
v 0.49968654 0.5939562 -0.2879873
v 0.49964434 0.59426636 -0.31827453
v 0.4850315 0.5940676 -0.2881394
v 0.48498937 0.5943778 -0.32267
v 0.46986648 0.58366793 -0.28843135
v 0.46982437 0.5839781 -0.32296196
v 0.45464423 0.5748338 -0.2887039
v 0.45460203 0.57514393 -0.3232344
v 0.4433425 0.5799468 -0.28875688
v 0.4433004 0.58025706 -0.3232875
v 0.431839 0.5934905 -0.32323828
v 0.43188116 0.59318024 -0.2887077
v 0.4446643 0.57989025 -0.2830835
v 0.43320295 0.5931237 -0.2830343
v 0.45596603 0.57477725 -0.28303048
v 0.47118828 0.58361137 -0.28275794
v 0.43618822 0.59384507 -0.33141983
v 0.44600397 0.5825118 -0.33146194
v 0.45568293 0.5781328 -0.33141646
v 0.46871957 0.58569854 -0.33118317
v 0.5036369 0.58682305 -0.7256138
v 0.5349851 0.5873314 -0.7141376
v 0.48898837 0.5863764 -0.72545457
v 0.4402201 0.579675 -0.6820921
v 0.45003584 0.5683417 -0.68204993
v 0.45971477 0.5639627 -0.6820954
v 0.47275147 0.57152843 -0.6823287
v 0.43611845 0.59987164 -0.33134344
v 0.44600397 0.5825118 -0.33146194
v 0.4456692 0.6114266 -0.33109558
v 0.43618822 0.59384507 -0.33141983
v 0.4552701 0.6137878 -0.33096477
v 0.45568293 0.5781328 -0.33141646
v 0.4684526 0.6087605 -0.33089095
v 0.46871957 0.58569854 -0.33118317
v 0.431839 0.5934905 -0.32323828
v 0.46951258 0.6109065 -0.32262078
v 0.7198712 0.6074239 -0.49003485
v 0.7206538 0.6043867 -0.52469236
v 0.65982723 0.5965519 -0.4955189
v 0.65982723 0.5949066 -0.5188097
v 0.37416708 0.3555673 -0.7679248
v 0.38523757 0.3760965 -0.76830333
v 0.3740856 0.3626043 -0.7680139
v 0.38562843 0.34233382 -0.76787555
v 0.39693016 0.33722085 -0.7679286
v 0.39644814 0.37885344 -0.76845604
v 0.4121524 0.34605497 -0.7682011
v 0.4118407 0.3729833 -0.7685423
v 0.4208693 0.3564546 -0.768493
v 0.42079434 0.36592582 -0.76857513
v 0.3728453 0.35562384 -0.76225144
v 0.38430664 0.34239045 -0.7622022
v 0.37280312 0.35593405 -0.7277208
v 0.38426453 0.34270066 -0.72767156
v 0.3727638 0.36266088 -0.76234055
v 0.3727216 0.36297104 -0.7278099
v 0.39556617 0.33758757 -0.7277247
v 0.39560837 0.33727744 -0.76225525
v 0.41078848 0.34642172 -0.7279971
v 0.41083062 0.3461115 -0.76252776
v 0.4259535 0.34917122 -0.728289
v 0.42587847 0.36629248 -0.7283711
v 0.4104767 0.37335005 -0.7283383
v 0.42599562 0.348861 -0.76281965
v 0.440527 0.36374703 -0.7225947
v 0.44060847 0.35670996 -0.72250557
v 0.45338258 0.36727074 -0.7196504
v 0.453897 0.34388945 -0.71900696
v 0.501862 0.36424652 -0.66227806
v 0.5019435 0.33608672 -0.66218895
v 0.47199884 0.34388953 -0.75149566
v 0.5244456 0.33608672 -0.688118
v 0.4714844 0.36727074 -0.7521392
v 0.5243641 0.36424652 -0.68820715
v 0.44065067 0.34682822 -0.76297176
v 0.44060847 0.35670996 -0.72250557
v 0.44056913 0.3693097 -0.763061
v 0.42592064 0.36598235 -0.7629017
v 0.56470674 0.35475028 -0.6422164
v 0.5647882 0.3281951 -0.6421272
v 0.5487597 0.3281951 -0.60866296
v 0.5486783 0.35475022 -0.6087521
v 0.7250412 0.33354643 -0.56352687
v 0.7251227 0.30874082 -0.5634377
v 0.6866094 0.3265094 -0.54431766
v 0.6866094 0.3252272 -0.5034365
v 0.747436 0.3309178 -0.5093191
v 0.6866094 0.32687247 -0.48014572
v 0.7466535 0.333955 -0.47466168
v 0.6694405 0.33061966 -0.4552448
v 0.7047112 0.3246836 -0.44094363
v 0.45531833 0.328226 -0.32489294
v 0.4373064 0.3300279 -0.35175487
v 0.669359 0.3376567 -0.45515567
v 0.43792588 0.33703804 -0.3516657
v 0.4559377 0.33523604 -0.3248038
v 0.7046297 0.33172065 -0.44085443
v 0.42406413 0.33115348 -0.34825626
v 0.42468357 0.33816367 -0.34816715
v 0.42407525 0.33084068 -0.31341687
v 0.42469463 0.33785087 -0.31332767
v 0.40949306 0.33272323 -0.35265175
v 0.41006333 0.3391774 -0.35256964
v 0.3933681 0.32388481 -0.34839153
v 0.39573848 0.35071045 -0.34805033
v 0.4095041 0.33241042 -0.31356898
v 0.39337912 0.323572 -0.3138609
v 0.3933681 0.32388481 -0.34839153
v 0.3773531 0.31629705 -0.31413344
v 0.377342 0.31660986 -0.34866396
v 0.36661646 0.32250968 -0.31418642
v 0.36660543 0.32282263 -0.34871706
v 0.35651833 0.33713126 -0.34866786
v 0.3565294 0.3368184 -0.31413725
v 0.35714886 0.3438286 -0.3140481
v 0.35713774 0.3441413 -0.34857872
v 0.3679261 0.32232183 -0.30851308
v 0.35783902 0.33663046 -0.30846384
v 0.3708981 0.35595566 -0.3080853
v 0.35845843 0.34364066 -0.3083747
v 0.37866268 0.31610924 -0.30846003
v 0.3823274 0.357583 -0.3079326
v 0.39468873 0.32338417 -0.3081875
v 0.39705917 0.3502098 -0.30784637
v 0.4043976 0.33286437 -0.30789557
v 0.40496793 0.3393186 -0.30781353
v 0.4100744 0.33886465 -0.31348693
v 0.3727638 0.36266088 -0.76234055
v 0.3838736 0.37646323 -0.72809935
v 0.3727216 0.36297104 -0.7278099
v 0.38391575 0.37615302 -0.76263
v 0.39508414 0.37922028 -0.7282521
v 0.39512634 0.37891006 -0.76278263
v 0.4104767 0.37335005 -0.7283383
v 0.4105189 0.37303993 -0.7628689
v 0.42587847 0.36629248 -0.7283711
v 0.42592064 0.36598235 -0.7629017
v 0.440527 0.36374703 -0.7225947
v 0.44056913 0.3693097 -0.763061
v 0.45338258 0.36727074 -0.7196504
v 0.4714844 0.36727074 -0.7521392
v 0.501862 0.36424652 -0.66227806
v 0.5243641 0.36424652 -0.68820715
v 0.3740856 0.3626043 -0.7680139
v 0.38523757 0.3760965 -0.76830333
v 0.39644814 0.37885344 -0.76845604
v 0.4118407 0.3729833 -0.7685423
v 0.42079434 0.36592582 -0.76857513
v 0.5486783 0.35475022 -0.6087521
v 0.56470674 0.35475028 -0.6422164
v 0.6865279 0.33354637 -0.54440683
v 0.7250412 0.33354643 -0.56352687
v 0.79659414 0.35419953 -0.49381706
v 0.74401 0.343888 -0.50935084
v 0.79481435 0.3566699 -0.4749841
v 0.7432274 0.34692526 -0.47463214
v 0.79382706 0.3381816 -0.4657397
v 0.7046297 0.33172065 -0.44085443
v 0.669359 0.3376567 -0.45515567
v 0.4559377 0.33523604 -0.3248038
v 0.43792588 0.33703804 -0.3516657
v 0.42469463 0.33785087 -0.31332767
v 0.42468357 0.33816367 -0.34816715
v 0.4100744 0.33886465 -0.31348693
v 0.41006333 0.3391774 -0.35256964
v 0.39574957 0.35039765 -0.31351975
v 0.39573848 0.35071045 -0.34805033
v 0.38101783 0.35777092 -0.313606
v 0.38100672 0.35808378 -0.34813654
v 0.36958846 0.35614356 -0.3137587
v 0.36957744 0.35645637 -0.34828928
v 0.35714886 0.3438286 -0.3140481
v 0.35713774 0.3441413 -0.34857872
v 0.35845843 0.34364066 -0.3083747
v 0.3708981 0.35595566 -0.3080853
v 0.3823274 0.357583 -0.3079326
v 0.39705917 0.3502098 -0.30784637
v 0.40496793 0.3393186 -0.30781353
v 0.3720653 0.35360152 -0.35652515
v 0.36141178 0.3430547 -0.35677302
v 0.38185355 0.35499525 -0.35639435
v 0.39447013 0.34868065 -0.35632053
v 0.37708256 0.3623153 -0.71961564
v 0.3869681 0.34495535 -0.71949714
v 0.37715235 0.35628876 -0.7195392
v 0.38663334 0.37387022 -0.7198635
v 0.39623424 0.37623137 -0.71999437
v 0.39664704 0.34057638 -0.7195426
v 0.40941668 0.37120405 -0.7200681
v 0.4096837 0.34814215 -0.7197759
v 0.44060847 0.35670996 -0.72250557
v 0.38663334 0.37387022 -0.7198635
v 0.37708256 0.3623153 -0.71961564
v 0.39623424 0.37623137 -0.71999437
v 0.40941668 0.37120405 -0.7200681
v 0.36141178 0.3430547 -0.35677302
v 0.36952007 0.32479697 -0.3568915
v 0.3720653 0.35360152 -0.35652515
v 0.36088127 0.33705115 -0.3568494
v 0.38185355 0.35499525 -0.35639435
v 0.37871504 0.3194763 -0.35684603
v 0.39447013 0.34868065 -0.35632053
v 0.39244005 0.3257067 -0.35661274
v 0.39573848 0.35071045 -0.34805033
v 0.6865279 0.33390945 -0.48011616
v 0.7249859 0.39275405 -0.5044447
v 0.72593826 0.39340934 -0.52036947
v 0.7187052 0.38899207 -0.5452188
v 0.7250412 0.33354643 -0.56352687
v 0.699988 0.3771044 -0.50696015
v 0.7249859 0.39275405 -0.5044447
v 0.72593826 0.39340934 -0.52036947
v 0.7002987 0.37732902 -0.51767117
v 0.7187052 0.38899207 -0.5452188
v 0.7000567 0.37715384 -0.5364489
v 0.6865279 0.33226416 -0.5034682
v 0.7250412 0.33354643 -0.56352687
v 0.83066875 0.35226563 -0.48102432
v 0.8169986 0.34905028 -0.46478617
v 0.8239678 0.36220345 -0.4810101
v 0.8333676 0.35396957 -0.4976708
v 0.8257476 0.36332014 -0.49768603
v 0.82798964 0.34903693 -0.5236648
v 0.83066875 0.35226563 -0.48102432
v 0.82071906 0.34307715 -0.46482903
v 0.79382706 0.3381816 -0.4657397
v 0.7975475 0.33220848 -0.46578807
v 0.8024344 0.34613234 -0.47500014
v 0.8042142 0.34366196 -0.49379984
v 0.8048181 0.33223832 -0.5231561
v 0.80109763 0.35126418 -0.52320445
v 0.83066875 0.35226563 -0.48102432
v 0.8333676 0.35396957 -0.4976708
v 0.8242692 0.35890287 -0.5237076
v 0.82798964 0.34903693 -0.5236648
v 0.6865279 0.33390945 -0.48011616
v 0.6866094 0.32687247 -0.48014572
v 0.6865279 0.33226416 -0.5034682
v 0.6866094 0.3252272 -0.5034365
v 0.6865279 0.33354637 -0.54440683
v 0.80109763 0.35126418 -0.52320445
v 0.8257476 0.36332014 -0.49768603
v 0.8239678 0.36220345 -0.4810101
v 0.8169986 0.34905028 -0.46478617
v 0.8242692 0.35890287 -0.5237076
v 0.8201962 0.43724188 -0.4407672
v 0.8471726 0.5259405 -0.4407672
v 0.8471726 0.43724188 -0.4407672
v 0.8201962 0.5259405 -0.4407672
v 0.6919505 0.5497772 -0.47570407
v 0.6853799 0.57186127 -0.49954286
v 0.68403685 0.5713283 -0.47570407
v 0.69329345 0.5503102 -0.49954286
v 0.69329345 0.5503102 -0.49954286
v 0.6934911 0.5773819 -0.5221928
v 0.69329345 0.5503102 -0.49954286
v 0.70140463 0.5558308 -0.5221928
v 0.8201962 0.55595255 -0.6041263
v 0.8471726 0.53259474 -0.6176973
v 0.8471726 0.55595255 -0.6041263
v 0.8201962 0.53259474 -0.6176973
v 0.8471726 0.53259474 -0.6176973
v 0.80240047 0.37675574 -0.52015877
v 0.8258984 0.38151556 -0.4594123
v 0.8258984 0.39000618 -0.52015877
v 0.8471726 0.39608887 -0.52015877
v 0.8471726 0.3908767 -0.4407672
v 0.80240047 0.37675574 -0.52015877
v 0.80240047 0.37675574 -0.4594123
v 0.8471726 0.43724188 -0.4407672
v 0.8471726 0.5259405 -0.52015877
v 0.8471726 0.43724188 -0.52015877
v 0.8471726 0.46328375 -0.5627352
v 0.8471726 0.5259405 -0.5572149
v 0.8471726 0.3908767 -0.4407672
v 0.8471726 0.39608887 -0.52015877
v 0.8471726 0.403972 -0.53453565
v 0.8471726 0.53259474 -0.6176973
v 0.8471726 0.55595255 -0.6041263
v 0.8471726 0.43724188 -0.4407672
v 0.8471726 0.5259405 -0.4407672
v 0.8201962 0.43724188 -0.52015877
v 0.8201962 0.5259405 -0.4407672
v 0.8201962 0.43724188 -0.4407672
v 0.8201962 0.5259405 -0.48395774
v 0.8201962 0.46328375 -0.5627352
v 0.8201962 0.5259405 -0.5572149
v 0.8201962 0.403972 -0.53453565
v 0.8201962 0.403972 -0.52015877
v 0.8083389 0.37769145 -0.4407672
v 0.8201962 0.55595255 -0.6041263
v 0.8201962 0.53259474 -0.6176973
v 0.8201962 0.403972 -0.53453565
v 0.8471726 0.39608887 -0.52015877
v 0.8471726 0.403972 -0.53453565
v 0.8201962 0.403972 -0.52015877
v 0.8273814 0.395092 -0.6123472
v 0.8543577 0.37609237 -0.5841466
v 0.8543577 0.395092 -0.6123472
v 0.8273814 0.37609237 -0.5841466
v 0.8543577 0.37609237 -0.5841466
v 0.81578994 0.39346114 -0.38592237
v 0.82796097 0.4314404 -0.38592237
v 0.82796097 0.39346114 -0.38592237
v 0.81578994 0.4314404 -0.38592237
v 0.8201962 0.5259405 -0.4407672
v 0.8204034 0.5590705 -0.45539168
v 0.8471726 0.5259405 -0.4407672
v 0.78685105 0.53310925 -0.45539168
v 0.76181763 0.58240026 -0.46727255
v 0.75266904 0.5482389 -0.46727255
v 0.8471726 0.5259405 -0.4407672
v 0.8204034 0.5590705 -0.49858207
v 0.8471726 0.5259405 -0.52015877
v 0.8204034 0.5590705 -0.45539168
v 0.76315725 0.581522 -0.4997581
v 0.76181763 0.58240026 -0.46727255
v 0.77283704 0.5789203 -0.53062475
v 0.82959074 0.5536587 -0.55716854
v 0.8471726 0.5259405 -0.52015877
v 0.8471726 0.5259405 -0.5572149
v 0.7118828 0.60313547 -0.49927768
v 0.71124756 0.60327685 -0.48607793
v 0.8201962 0.5259405 -0.48395774
v 0.78685105 0.53310925 -0.45539168
v 0.8201962 0.5259405 -0.4407672
v 0.78685105 0.53310925 -0.53478277
v 0.8471726 0.5259405 -0.5572149
v 0.79603827 0.53988713 -0.53775144
v 0.8201962 0.5259405 -0.5572149
v 0.8471726 0.5259405 -0.5572149
v 0.82959074 0.5536587 -0.55716854
v 0.7636884 0.54475886 -0.53062475
v 0.82959074 0.5536587 -0.55716854
v 0.77283704 0.5789203 -0.53062475
v 0.8201962 0.5259405 -0.5572149
v 0.78685105 0.53310925 -0.53478277
v 0.8201962 0.5259405 -0.48395774
v 0.8201962 0.5259405 -0.5572149
v 0.79603827 0.53988713 -0.53775144
v 0.78685105 0.53310925 -0.53478277
v 0.8201962 0.5259405 -0.5572149
v 0.8471726 0.55595255 -0.6041263
v 0.8471726 0.5259405 -0.5572149
v 0.8201962 0.55595255 -0.6041263
v 0.8471726 0.55595255 -0.6041263
v 0.8471726 0.46328375 -0.5627352
v 0.8201962 0.53259474 -0.6176973
v 0.8201962 0.46328375 -0.5627352
v 0.8471726 0.53259474 -0.6176973
v 0.8201962 0.46328375 -0.5627352
v 0.8543577 0.395092 -0.6123472
v 0.8471726 0.46328375 -0.5627352
v 0.8273814 0.395092 -0.6123472
v 0.8543577 0.395092 -0.6123472
v 0.8471726 0.46328375 -0.5627352
v 0.8543577 0.37609237 -0.5841466
v 0.8471726 0.403972 -0.53453565
v 0.8543577 0.395092 -0.6123472
v 0.8471726 0.403972 -0.53453565
v 0.8273814 0.37609237 -0.5841466
v 0.8201962 0.403972 -0.53453565
v 0.8543577 0.37609237 -0.5841466
v 0.8273814 0.37609237 -0.5841466
v 0.8201962 0.403972 -0.53453565
v 0.8273814 0.395092 -0.6123472
v 0.8201962 0.46328375 -0.5627352
v 0.8273814 0.37609237 -0.5841466
v 0.8471726 0.3908767 -0.4407672
v 0.841732 0.43724188 -0.42437285
v 0.8471726 0.43724188 -0.4407672
v 0.841732 0.3876596 -0.42437285
v 0.8353636 0.43724188 -0.4051825
v 0.8353636 0.3876596 -0.4051825
v 0.8471726 0.43724188 -0.4407672
v 0.8147557 0.43724188 -0.42437285
v 0.8201962 0.43724188 -0.4407672
v 0.841732 0.43724188 -0.42437285
v 0.8083873 0.43724188 -0.4051825
v 0.8353636 0.43724188 -0.4051825
v 0.8201962 0.43724188 -0.4407672
v 0.80630547 0.3876596 -0.42437285
v 0.8083389 0.37769145 -0.4407672
v 0.8147557 0.43724188 -0.42437285
v 0.8083873 0.3876596 -0.4051825
v 0.8083873 0.43724188 -0.4051825
v 0.8201962 0.403972 -0.52015877
v 0.8258984 0.39000618 -0.52015877
v 0.8471726 0.39608887 -0.52015877
v 0.80240047 0.37675574 -0.52015877
v 0.77662605 0.36750236 -0.52015877
v 0.76683885 0.3869223 -0.52015877
v 0.76683885 0.3869223 -0.4594123
v 0.77662605 0.36750236 -0.52015877
v 0.76683885 0.3869223 -0.52015877
v 0.77662605 0.36750236 -0.4594123
v 0.8083389 0.37769145 -0.4407672
v 0.76683885 0.3869223 -0.52015877
v 0.8201962 0.403972 -0.52015877
v 0.76683885 0.3869223 -0.4594123
v 0.8207321 0.34841433 -0.5074854
v 0.79495764 0.33916098 -0.47208574
v 0.8207321 0.34841433 -0.47208574
v 0.79495764 0.33916098 -0.5074854
v 0.80240047 0.37675574 -0.4594123
v 0.76683885 0.3869223 -0.4594123
v 0.8083389 0.37769145 -0.4407672
v 0.80240047 0.37675574 -0.4594123
v 0.77662605 0.36750236 -0.4594123
v 0.8083389 0.37769145 -0.4407672
v 0.8258984 0.38151556 -0.4594123
v 0.80240047 0.37675574 -0.4594123
v 0.8083389 0.37769145 -0.4407672
v 0.8471726 0.3908767 -0.4407672
v 0.8258984 0.38151556 -0.4594123
v 0.8471726 0.3908767 -0.4407672
v 0.80630547 0.3876596 -0.42437285
v 0.841732 0.3876596 -0.42437285
v 0.8083389 0.37769145 -0.4407672
v 0.8353636 0.3876596 -0.4051825
v 0.8083873 0.3876596 -0.4051825
v 0.78685105 0.53310925 -0.53478277
v 0.75266904 0.5482389 -0.46727255
v 0.78685105 0.53310925 -0.45539168
v 0.7540087 0.5473607 -0.4997581
v 0.79603827 0.53988713 -0.53775144
v 0.7636884 0.54475886 -0.53062475
v 0.75266904 0.5482389 -0.46727255
v 0.68403685 0.5713283 -0.47570407
v 0.76181763 0.58240026 -0.46727255
v 0.6919505 0.5497772 -0.47570407
v 0.71124756 0.60327685 -0.48607793
v 0.6837084 0.5882921 -0.49918982
v 0.7118828 0.60313547 -0.49927768
v 0.68327445 0.5878966 -0.48950395
v 0.7540087 0.5473607 -0.4997581
v 0.6919505 0.5497772 -0.47570407
v 0.75266904 0.5482389 -0.46727255
v 0.69329345 0.5503102 -0.49954286
v 0.7118828 0.60313547 -0.49927768
v 0.6859984 0.5915555 -0.50839335
v 0.7159357 0.60353696 -0.51181924
v 0.6837084 0.5882921 -0.49918982
v 0.77283704 0.5789203 -0.53062475
v 0.70140463 0.5558308 -0.5221928
v 0.7636884 0.54475886 -0.53062475
v 0.6934911 0.5773819 -0.5221928
v 0.7636884 0.54475886 -0.53062475
v 0.69329345 0.5503102 -0.49954286
v 0.7540087 0.5473607 -0.4997581
v 0.70140463 0.5558308 -0.5221928
v 0.6853799 0.57186127 -0.49954286
v 0.68327445 0.5878966 -0.48950395
v 0.68403685 0.5713283 -0.47570407
v 0.6837084 0.5882921 -0.49918982
v 0.68403685 0.5713283 -0.47570407
v 0.71124756 0.60327685 -0.48607793
v 0.76181763 0.58240026 -0.46727255
v 0.68327445 0.5878966 -0.48950395
v 0.76315725 0.581522 -0.4997581
v 0.7159357 0.60353696 -0.51181924
v 0.77283704 0.5789203 -0.53062475
v 0.7118828 0.60313547 -0.49927768
v 0.77283704 0.5789203 -0.53062475
v 0.6859984 0.5915555 -0.50839335
v 0.6934911 0.5773819 -0.5221928
v 0.7159357 0.60353696 -0.51181924
v 0.6934911 0.5773819 -0.5221928
v 0.6837084 0.5882921 -0.49918982
v 0.6853799 0.57186127 -0.49954286
v 0.6859984 0.5915555 -0.50839335
v 0.8083873 0.3876596 -0.4051825
v 0.83220714 0.39346114 -0.4051825
v 0.8353636 0.3876596 -0.4051825
v 0.8115437 0.39346114 -0.4051825
v 0.83220714 0.39346114 -0.4051825
v 0.83220714 0.4314404 -0.4051825
v 0.8353636 0.43724188 -0.4051825
v 0.8115437 0.4314404 -0.4051825
v 0.8083873 0.43724188 -0.4051825
v 0.8115437 0.39346114 -0.4051825
v 0.82796097 0.39346114 -0.38592237
v 0.83220714 0.39346114 -0.4051825
v 0.81578994 0.39346114 -0.38592237
v 0.83220714 0.39346114 -0.4051825
v 0.82796097 0.4314404 -0.38592237
v 0.83220714 0.4314404 -0.4051825
v 0.83220714 0.39346114 -0.4051825
v 0.82796097 0.39346114 -0.38592237
v 0.83220714 0.4314404 -0.4051825
v 0.81578994 0.4314404 -0.38592237
v 0.8115437 0.4314404 -0.4051825
v 0.82796097 0.4314404 -0.38592237
v 0.78420836 0.420484 -0.39624953
v 0.78600454 0.4044176 -0.3881019
v 0.78420836 0.4044176 -0.39624953
v 0.78420836 0.420484 -0.39624953
v 0.78600454 0.420484 -0.3881019
v 0.8115437 0.4314404 -0.4051825
v 0.78420836 0.4044176 -0.39624953
v 0.8115437 0.39346114 -0.4051825
v 0.78420836 0.420484 -0.39624953
v 0.8115437 0.39346114 -0.4051825
v 0.78600454 0.4044176 -0.3881019
v 0.81578994 0.39346114 -0.38592237
v 0.8115437 0.39346114 -0.4051825
v 0.78420836 0.4044176 -0.39624953
v 0.81578994 0.39346114 -0.38592237
v 0.78600454 0.420484 -0.3881019
v 0.81578994 0.4314404 -0.38592237
v 0.78600454 0.4044176 -0.3881019
v 0.81578994 0.4314404 -0.38592237
v 0.78420836 0.420484 -0.39624953
v 0.8115437 0.4314404 -0.4051825
v 0.78600454 0.420484 -0.3881019
v 0.80240047 0.37675574 -0.52015877
v 0.8207321 0.34841433 -0.47208574
v 0.80240047 0.37675574 -0.4594123
v 0.8207321 0.34841433 -0.5074854
v 0.80240047 0.37675574 -0.4594123
v 0.79495764 0.33916098 -0.47208574
v 0.77662605 0.36750236 -0.4594123
v 0.8207321 0.34841433 -0.47208574
v 0.77662605 0.36750236 -0.4594123
v 0.79495764 0.33916098 -0.5074854
v 0.77662605 0.36750236 -0.52015877
v 0.79495764 0.33916098 -0.47208574
v 0.77662605 0.36750236 -0.52015877
v 0.8207321 0.34841433 -0.5074854
v 0.80240047 0.37675574 -0.52015877
v 0.79495764 0.33916098 -0.5074854
v 0.7248948 0.4007325 -0.54566205
v 0.571551 0.57799715 -0.5458635
v 0.71226436 0.3908129 -0.5523097
v 0.5841816 0.5879168 -0.53921545
v 0.73041195 0.40448815 -0.52961284
v 0.5896988 0.59167254 -0.52316624
v 0.72558415 0.39988005 -0.5135637
v 0.5848708 0.5870643 -0.5071173
v 0.713239 0.3896073 -0.50691575
v 0.5725258 0.5767916 -0.5004695
v 0.7006087 0.37968764 -0.5135637
v 0.5598953 0.56687194 -0.5071173
v 0.69509137 0.37593186 -0.52961284
v 0.55437803 0.56311625 -0.5231663
v 0.6999194 0.3805402 -0.54566205
v 0.5592062 0.5677245 -0.53921545
v 0.71226436 0.3908129 -0.5523097
v 0.571551 0.57799715 -0.5458635
v 0.7198634 0.38141388 -0.52999914
v 0.7198634 0.38141388 -0.52999914
v 0.7198634 0.38141388 -0.52999914
v 0.7198634 0.38141388 -0.52999914
v 0.7198634 0.38141388 -0.52999914
v 0.7198634 0.38141388 -0.52999914
v 0.55437803 0.56311625 -0.5231663
v 0.5626748 0.5690839 -0.5106731
v 0.5598953 0.56687194 -0.5071173
v 0.55839574 0.5661367 -0.5231724
v 0.5592062 0.5677245 -0.53921545
v 0.5621091 0.5697845 -0.5356677
v 0.571551 0.57799715 -0.5458635
v 0.5716381 0.5778896 -0.54083973
v 0.5724387 0.5768991 -0.50549316
v 0.5725258 0.5767916 -0.5004695
v 0.5819678 0.5850042 -0.5106651
v 0.5848708 0.5870643 -0.5071173
v 0.5856811 0.5886521 -0.52316064
v 0.5896988 0.59167254 -0.52316624
v 0.58140206 0.5857048 -0.5356599
v 0.5716381 0.5778896 -0.54083973
v 0.55033827 0.6042351 -0.53968257
v 0.5601021 0.6120503 -0.5345027
v 0.5643812 0.61499757 -0.5220034
v 0.56066793 0.6113497 -0.50950795
v 0.5511389 0.60324466 -0.50433606
v 0.5626748 0.5690839 -0.5106731
v 0.54137486 0.5954294 -0.50951606
v 0.5370957 0.59248215 -0.52201533
v 0.5621091 0.5697845 -0.5356677
v 0.54080933 0.59612995 -0.5345107
v 0.5716381 0.5778896 -0.54083973
v 0.55033827 0.6042351 -0.53968257
v 0.54246885 0.6026234 -0.5147249
v 0.5400284 0.6009425 -0.52185357
v 0.5421462 0.60302293 -0.5289801
v 0.54758096 0.6076455 -0.5319297
v 0.55314946 0.6121027 -0.52897555
v 0.54758096 0.6076455 -0.5319297
v 0.5480375 0.6070806 -0.51177067
v 0.5534722 0.6117032 -0.5147204
v 0.5555899 0.61378366 -0.5218469
v 0.49556786 0.66063446 -0.51217717
v 0.4931273 0.65895355 -0.51930577
v 0.49524513 0.6610339 -0.5264323
v 0.5006799 0.66565657 -0.52938193
v 0.5006799 0.66565657 -0.52938193
v 0.5062484 0.67011374 -0.5264278
v 0.50868887 0.6717947 -0.51929915
v 0.5065712 0.6697142 -0.5121726
v 0.5011365 0.6650917 -0.5092229
v 0.5716381 0.5778896 -0.54083973
v 0.571551 0.57799715 -0.5458635
v -0.19818226 0.67769957 -3.0460048
v -0.21581541 0.70028883 -3.0341332
v -0.21581541 0.6828056 -3.0512273
v -0.19818226 0.6951828 -3.0289109
v -0.19087835 0.66537255 -3.033397
v -0.19087835 0.6828554 -3.0163028
v -0.19818226 0.6530448 -3.0207891
v -0.19818226 0.670528 -3.003695
v -0.21581541 0.64793897 -3.0155663
v -0.21581541 0.66542226 -2.9984722
v -0.23344858 0.6530449 -3.020789
v -0.23344858 0.670528 -3.003695
v -0.24075246 0.66537255 -3.033397
v -0.24075246 0.6828554 -3.0163028
v -0.23344858 0.67769957 -3.0460048
v -0.23344858 0.6951828 -3.0289109
v -0.21581541 0.6828056 -3.0512273
v -0.21581541 0.70028883 -3.0341332
v -0.21581541 0.66753197 -3.0486193
v -0.22457942 0.66499436 -3.0460236
v -0.2282096 0.6588673 -3.0397573
v -0.22457951 0.6527403 -3.033491
v -0.21581541 0.6502022 -3.030895
v -0.20705137 0.6527403 -3.033491
v -0.20342119 0.6588673 -3.0397573
v -0.20705137 0.66499436 -3.0460236
v -0.21581541 0.66753197 -3.0486193
v -0.21581541 0.66753197 -3.0486193
v -0.21581541 0.6588673 -3.039757
v -0.20705137 0.66499436 -3.0460236
v -0.20342119 0.6588673 -3.0397573
v -0.20705137 0.6527403 -3.033491
v -0.21581541 0.6502022 -3.030895
v -0.22457942 0.66499436 -3.0460236
v -0.21581541 0.6588673 -3.039757
v -0.21581541 0.66753197 -3.0486193
v -0.2282096 0.6588673 -3.0397573
v -0.22457951 0.6527403 -3.033491
v -0.2282096 0.6588673 -3.0397573
v -0.21581541 0.6502022 -3.030895
v -0.19818226 0.8745325 -2.853555
v -0.21581541 0.86220527 -2.840947
v -0.21581541 0.8796387 -2.8587773
v -0.23344858 0.8745325 -2.853555
v -0.24075246 0.86220527 -2.840947
v -0.23344858 0.8498779 -2.8283389
v -0.21581541 0.8447717 -2.8231163
v -0.19818226 0.8498779 -2.8283389
v -0.19087835 0.86220527 -2.840947
v -0.2158155 0.7092758 -3.041711
v -0.24172261 0.70518225 -3.0307057
v -0.24172261 0.7017736 -3.0340383
v -0.2158155 0.71268415 -3.038379
v -0.2524535 0.68707055 -3.0121815
v -0.2524535 0.6836619 -3.0155141
v -0.24172242 0.66895896 -2.9936578
v -0.24172242 0.66555035 -2.9969902
v -0.2158155 0.6614571 -2.9859848
v -0.2158155 0.65804815 -2.989317
v -0.18990846 0.66895896 -2.9936574
v -0.18990846 0.66555023 -2.9969902
v -0.1791773 0.68707055 -3.0121815
v -0.1791773 0.6836619 -3.0155141
v -0.18990831 0.70518225 -3.0307057
v -0.18990831 0.7017736 -3.0340383
v -0.2158155 0.71268415 -3.038379
v -0.2158155 0.7092758 -3.041711
v -0.21581541 0.7110154 -3.0236459
v -0.23344858 0.8745325 -2.853555
v -0.23344858 0.7059095 -3.0184233
v -0.21581541 0.8796387 -2.8587773
v -0.24075246 0.86220527 -2.840947
v -0.24075246 0.69358206 -3.005815
v -0.23344858 0.8498779 -2.8283389
v -0.23344858 0.6812545 -2.9932072
v -0.21581541 0.8447717 -2.8231163
v -0.21581541 0.67614883 -2.987985
v -0.19818226 0.8498779 -2.8283389
v -0.19818226 0.6812545 -2.9932072
v -0.19087835 0.86220527 -2.840947
v -0.19087835 0.69358206 -3.005815
v -0.19818226 0.8745325 -2.853555
v -0.19818226 0.7059095 -3.0184233
v -0.21581541 0.8796387 -2.8587773
v -0.21581541 0.7110154 -3.0236459
v -0.21581541 0.70028883 -3.0341332
v -0.24172261 0.7017736 -3.0340383
v -0.23344858 0.6951828 -3.0289109
v -0.2158155 0.7092758 -3.041711
v -0.2524535 0.6836619 -3.0155141
v -0.24075246 0.6828554 -3.0163028
v -0.24172242 0.66555035 -2.9969902
v -0.23344858 0.670528 -3.003695
v -0.2158155 0.65804815 -2.989317
v -0.21581541 0.66542226 -2.9984722
v -0.18990846 0.66555023 -2.9969902
v -0.19818226 0.670528 -3.003695
v -0.1791773 0.6836619 -3.0155141
v -0.19087835 0.6828554 -3.0163028
v -0.18990831 0.7017736 -3.0340383
v -0.19818226 0.6951828 -3.0289109
v -0.2158155 0.7092758 -3.041711
v -0.21581541 0.70028883 -3.0341332
v -0.23344858 0.7059095 -3.0184233
v -0.2158155 0.71268415 -3.038379
v -0.21581541 0.7110154 -3.0236459
v -0.24172261 0.70518225 -3.0307057
v -0.24075246 0.69358206 -3.005815
v -0.2524535 0.68707055 -3.0121815
v -0.23344858 0.6812545 -2.9932072
v -0.24172242 0.66895896 -2.9936578
v -0.21581541 0.67614883 -2.987985
v -0.2158155 0.6614571 -2.9859848
v -0.19818226 0.6812545 -2.9932072
v -0.18990846 0.66895896 -2.9936574
v -0.19087835 0.69358206 -3.005815
v -0.1791773 0.68707055 -3.0121815
v -0.19818226 0.7059095 -3.0184233
v -0.18990831 0.70518225 -3.0307057
v -0.21581541 0.7110154 -3.0236459
v -0.2158155 0.71268415 -3.038379
v -0.0 0.4885273 -0.21129857
v 0.44695336 0.49539745 -0.21600248
v -0.0 0.49988297 -0.21600248
v 0.44684064 0.48404178 -0.21129857
v 0.44706604 0.5067531 -0.21129857
v -0.0 0.51123863 -0.21129857
v 0.4471127 0.5114568 -0.19994235
v -0.0 0.5159423 -0.19994235
v 0.44706604 0.5067531 -0.18858613
v -0.0 0.51123863 -0.18858613
v 0.44695336 0.49539745 -0.18388224
v -0.0 0.49988297 -0.18388224
v 0.44684064 0.48404178 -0.18858613
v -0.0 0.4885273 -0.18858613
v 0.44679397 0.4793381 -0.19994235
v 4.7683715E-9 0.48382363 -0.19994235
v 0.44684064 0.48404178 -0.21129857
v -0.0 0.4885273 -0.21129857
v 0.5220861 0.50600857 -0.20841002
v 0.51446664 0.5107884 -0.21678796
v 0.5067539 0.50616074 -0.22516584
v 0.50652856 0.48344943 -0.22516584
v 0.5141479 0.47866964 -0.21678796
v 0.52186066 0.48329726 -0.20841002
v 0.52514875 0.49462143 -0.20493981
v 0.6042478 0.50519323 -0.39096874
v 0.5945977 0.50999314 -0.3965292
v 0.5848541 0.5053857 -0.40208966
v 0.5034658 0.4948366 -0.22863607
v 0.50652856 0.48344943 -0.22516584
v 0.580725 0.4940699 -0.40439287
v 0.58462876 0.48267436 -0.40208966
v 0.58462876 0.48267436 -0.40208966
v 0.59427893 0.4778745 -0.3965292
v 0.60402244 0.4824819 -0.39096874
v 0.6081517 0.49379772 -0.3886655
v 0.6080494 0.49524176 -0.41353348
v 0.6028376 0.52365714 -0.42242393
v 0.597063 0.49535078 -0.43131438
v 0.59887093 0.515389 -0.42871046
v 0.6028376 0.52365714 -0.42242393
v 0.5984729 0.47528067 -0.42871046
v 0.5984729 0.47528067 -0.42871046
v 0.6022747 0.46693543 -0.42242393
v 0.6022747 0.46693543 -0.42242393
v 0.60624146 0.47520357 -0.41613746
v 0.6022747 0.46693543 -0.42242393
v 0.62162644 0.5234707 -0.46141428
v 0.6172727 0.51520634 -0.4671103
v 0.6153044 0.4951698 -0.46946976
v 0.61687464 0.47509807 -0.4671103
v 0.61687464 0.47509807 -0.4671103
v 0.6210636 0.46674895 -0.46141428
v 0.6210636 0.46674895 -0.46141428
v 0.6254173 0.47501332 -0.45571825
v 0.6273855 0.4950499 -0.45335883
v 0.60663944 0.5153119 -0.41613746
v 0.6028376 0.52365714 -0.42242393
v 0.6258153 0.5151216 -0.45571825
v 0.62162644 0.5234707 -0.46141428
v 0.61687464 0.47509807 -0.4671103
v 0.621345 0.49510983 -0.46141428
v 0.6153044 0.4951698 -0.46946976
v 0.6172727 0.51520634 -0.4671103
v 0.62162644 0.5234707 -0.46141428
v 0.6258153 0.5151216 -0.45571825
v 0.6273855 0.4950499 -0.45335883
v 0.6254173 0.47501332 -0.45571825
v 0.6210636 0.46674895 -0.46141428
v 0.7914055 0.41405886 -0.4007686
v 0.43760693 0.40816337 -0.40325356
v 0.79149544 0.40919158 -0.40278506
v 0.43751696 0.41303068 -0.4012371
v 0.4376969 0.40329608 -0.4012371
v 0.7915854 0.40432426 -0.4007686
v 0.43773413 0.40128 -0.39636898
v 0.7916227 0.40230814 -0.39590046
v 0.4376969 0.40329608 -0.39150086
v 0.7915854 0.40432426 -0.39103234
v 0.43760693 0.40816337 -0.3894844
v 0.79149544 0.40919158 -0.38901588
v 0.43751696 0.41303068 -0.39150086
v 0.7914055 0.41405886 -0.39103234
v 0.4374797 0.4150468 -0.39636898
v 0.79136825 0.41607496 -0.39590046
v 0.43751696 0.41303068 -0.4012371
v 0.7914055 0.41405886 -0.4007686
v 0.6247677 0.51550597 -0.45273462
v 0.6308605 0.34194908 -0.45703506
v 0.6308605 0.51550597 -0.4552583
v 0.6247677 0.34194908 -0.4545113
v 0.6369533 0.34194908 -0.4545113
v 0.6369533 0.51550597 -0.45273462
v 0.639477 0.34194908 -0.44841856
v 0.639477 0.51550597 -0.44664183
v 0.6369533 0.34194908 -0.44232577
v 0.6369533 0.51550597 -0.44054905
v 0.6308605 0.34194908 -0.43980205
v 0.6308605 0.51550597 -0.43802536
v 0.6247677 0.34194908 -0.44232577
v 0.6247677 0.51550597 -0.44054905
v 0.622244 0.34194908 -0.44841856
v 0.622244 0.51550597 -0.44664183
v 0.6247677 0.34194908 -0.4545113
v 0.6247677 0.51550597 -0.45273462
v 0.6308605 0.51550597 -0.4552583
v 0.6308605 0.51550597 -0.44664183
v 0.6247677 0.51550597 -0.45273462
v 0.6369533 0.51550597 -0.45273462
v 0.639477 0.51550597 -0.44664183
v 0.6369533 0.51550597 -0.44054905
v 0.6308605 0.51550597 -0.43802536
v 0.6247677 0.51550597 -0.44054905
v 0.622244 0.51550597 -0.44664183
v -0.0 0.31248215 -0.25996616
v 0.32946178 0.35483366 -0.25996616
v 0.31740925 0.3172 -0.25996616
v -0.0 0.35011584 -0.25996616
v -0.0 0.35011584 -0.25996616
v 0.3518279 0.38769946 -0.44450733
v 0.32946178 0.35483366 -0.25996616
v -0.0 0.38298163 -0.44450733
v -0.0 0.38298163 -0.44450733
v 0.34137678 0.3500658 -0.44450733
v 0.3518279 0.38769946 -0.44450733
v -0.0 0.34534794 -0.44450733
v -0.0 0.34534794 -0.44450733
v 0.31740925 0.3172 -0.25996616
v 0.34137678 0.3500658 -0.44450733
v -0.0 0.31248215 -0.25996616
v 0.31740925 0.3172 -0.25996616
v 0.3518279 0.38769946 -0.44450733
v 0.34137678 0.3500658 -0.44450733
v 0.32946178 0.35483366 -0.25996616
v -0.33000377 0.436342 -2.9518356
v -0.3231528 0.49768776 -2.998636
v -0.32863405 0.4920304 -2.9538786
v -0.3249708 0.43891436 -2.9989285
v -0.3177452 0.5298021 -3.0075395
v -0.32768592 0.5056655 -2.9469066
v -0.31419662 0.545027 -3.014058
v -0.3273942 0.51195586 -2.9367745
v -0.31481928 0.57637894 -2.96169
v -0.32641688 0.52159345 -2.8993144
v -0.31423646 0.58371747 -2.9437096
v -0.3253184 0.52678573 -2.881145
v -0.31523845 0.5806387 -2.9119751
v -0.31699163 0.5647095 -2.8638055
v -0.31309798 0.5262055 -2.7614965
v -0.31996277 0.49384356 -2.7687829
v -0.31032237 0.5090068 -2.7211902
v -0.3155288 0.47640863 -2.720601
v -0.30569404 0.49522674 -2.6908844
v -0.3150333 0.46489438 -2.7122645
v -0.29342702 0.48435047 -2.6697814
v -0.30417565 0.45038173 -2.6866066
v -0.28332683 0.47962233 -2.662304
v -0.28455168 0.4425688 -2.6722696
v -0.27850002 0.47673076 -2.6541753
v -0.27860108 0.44296473 -2.6640615
v -0.2805 0.475468 -2.6283844
v -0.2805 0.44633034 -2.6494718
v -0.2805 0.46810994 -2.6072822
v -0.2805 0.44059727 -2.5974033
v -0.30707237 0.42404917 -2.698604
v -0.31626338 0.44625914 -2.716242
v -0.3077358 0.40282196 -2.7107935
v -0.31757596 0.4329074 -2.725938
v -0.3175868 0.3876648 -2.7813373
v -0.32240766 0.41887248 -2.7776165
v -0.3201181 0.36642715 -2.8791103
v -0.32789516 0.4023765 -2.881957
v -0.31681627 0.35828343 -2.958044
v -0.329692 0.4203468 -2.9368095
v -0.317356 0.39167982 -3.015075
v -0.31319517 0.3768356 -3.0220275
v -0.28402796 0.4104113 -2.6836524
v -0.28430694 0.4275409 -2.677589
v -0.27850002 0.41453156 -2.6719284
v -0.27855384 0.42967728 -2.667738
v -0.27954748 0.43277964 -2.6473784
v -0.27846172 0.41733393 -2.6449924
v -0.2805 0.42149693 -2.6090043
v -0.2805 0.4316712 -2.6028247
v -0.2805 0.42149693 -2.6090043
v -0.24550001 0.44048956 -2.5974243
v -0.24550001 0.42102876 -2.6096473
v -0.24550003 0.4155203 -2.6281443
v -0.24550013 0.42011854 -2.64299
v -0.24937463 0.42173347 -2.6575618
v -0.24634077 0.42001045 -2.667929
v -0.2369943 0.41825756 -2.6788967
v -0.27596924 0.4098651 -2.689378
v -0.2984497 0.40662363 -2.711563
v -0.31176192 0.38685608 -2.7779436
v -0.3141395 0.36265963 -2.8896515
v -0.31445318 0.35689384 -2.9640818
v -0.30762854 0.37545455 -3.0226
v -0.30668658 0.38560623 -3.0250626
v -0.31276852 0.39797744 -3.0180047
v -0.31980714 0.44399485 -3.003233
v -0.31818396 0.4928063 -3.0030532
v -0.31303522 0.5240553 -3.0110495
v -0.30956075 0.5387768 -3.0172772
v -0.30530462 0.54501444 -3.0127184
v -0.30909577 0.5751881 -2.9657931
v -0.31233424 0.5842013 -2.9488049
v -0.30861837 0.58097905 -2.9079425
v -0.31009063 0.565589 -2.8620868
v -0.3055294 0.523662 -2.7518883
v -0.3042006 0.51004624 -2.7198257
v -0.29889745 0.4968846 -2.6919067
v -0.2893924 0.48760727 -2.6742754
v -0.28036535 0.48348215 -2.6679351
v -0.26823327 0.4812287 -2.6668947
v -0.25339672 0.48147544 -2.6681805
v -0.25586405 0.47880426 -2.6550555
v -0.2445283 0.47468302 -2.6690314
v -0.24964714 0.47304958 -2.6554673
v -0.24549988 0.47508302 -2.6220195
v -0.24550001 0.4659296 -2.6050289
v -0.2805 0.44059727 -2.5974033
v -0.3218378 0.51481515 -2.8977807
v -0.32137543 0.50357556 -2.9340005
v -0.31957662 0.51779 -2.8811452
v -0.314588 0.4874923 -2.778709
v -0.31019285 0.47187302 -2.7319524
v -0.3127793 0.46487898 -2.7199907
v -0.314242 0.44957533 -2.7238784
v -0.31429487 0.43873793 -2.7311199
v -0.31689632 0.42639595 -2.779404
v -0.3211015 0.4114098 -2.8808556
v -0.32286277 0.42845267 -2.9335327
v -0.32374233 0.44172275 -2.9445508
v -0.3224936 0.48766682 -2.9457803
v -0.32195553 0.4982908 -2.9419353
v -0.2545314 0.43592453 -2.809135
v -0.25721794 0.4325428 -2.8541884
v -0.2583431 0.44281435 -2.8775814
v -0.25890502 0.4508121 -2.8824742
v -0.25810724 0.47850206 -2.8830202
v -0.25776348 0.48490503 -2.8813128
v -0.25739288 0.48809013 -2.8777893
v -0.2576883 0.4948641 -2.8617043
v -0.25624377 0.496657 -2.854317
v -0.25305673 0.48404714 -2.8088264
v -0.25024888 0.4717446 -2.7880626
v -0.25190124 0.46623576 -2.7827508
v -0.2528357 0.45418182 -2.7844772
v -0.25286946 0.4456457 -2.787693
v -0.19450931 0.4948641 -2.8617043
v -0.19421388 0.48809013 -2.8777893
v -0.19306476 0.496657 -2.854317
v -0.18987775 0.48404714 -2.8088264
v -0.18706986 0.4717446 -2.7880626
v -0.18872224 0.46623576 -2.7827508
v -0.25286946 0.4456457 -2.787693
v -0.19135243 0.43592453 -2.809135
v -0.19403894 0.4325428 -2.8541884
v -0.1951641 0.44281435 -2.8775814
v -0.25286946 0.4456457 -2.787693
v -0.18969046 0.4456457 -2.787693
v -0.2528357 0.45418182 -2.7844772
v -0.18965669 0.45418182 -2.7844772
v -0.25190124 0.46623576 -2.7827508
v -0.18872224 0.46623576 -2.7827508
v -0.25024888 0.4717446 -2.7880626
v -0.18706986 0.4717446 -2.7880626
v -0.2583431 0.44281435 -2.8775814
v -0.19572602 0.4508121 -2.8824742
v -0.19572602 0.4508121 -2.8824742
v -0.25890502 0.4508121 -2.8824742
v -0.19492826 0.47850206 -2.8830202
v -0.25810724 0.47850206 -2.8830202
v -0.19458447 0.48490503 -2.8813128
v -0.25890502 0.4508121 -2.8824742
v -0.19492826 0.47850206 -2.8830202
v -0.25776348 0.48490503 -2.8813128
v -0.19458447 0.48490503 -2.8813128
v -0.30530462 0.54501444 -3.0127184
v -0.25822362 0.53335893 -3.0198803
v -0.26001242 0.5427793 -3.0171552
v -0.30956075 0.5387768 -3.0172772
v -0.26090422 0.5176379 -3.0137236
v -0.31303522 0.5240553 -3.0110495
v -0.261281 0.48590484 -3.0072308
v -0.31818396 0.4928063 -3.0030532
v -0.26277843 0.44622612 -3.0079243
v -0.31980714 0.44399485 -3.003233
v -0.2612403 0.40976274 -3.0177774
v -0.31276852 0.39797744 -3.0180047
v -0.26040363 0.38794586 -3.0284405
v -0.30668658 0.38560623 -3.0250626
v -0.26009482 0.37828723 -3.0271955
v -0.30762854 0.37545455 -3.0226
v -0.2482776 0.38883936 -3.0336313
v -0.24685018 0.41233572 -3.024426
v -0.24003768 0.39329058 -3.0514941
v -0.2411469 0.41822654 -3.0383487
v -0.24696885 0.4483151 -3.01662
v -0.24272443 0.44954604 -3.0281625
v -0.24482755 0.4838615 -3.018342
v -0.242154 0.48296022 -3.0276887
v -0.24067983 0.51378644 -3.035878
v -0.24542618 0.52018434 -3.0231903
v -0.24668725 0.53291494 -3.0262156
v -0.23998764 0.5298979 -3.0425787
v -0.24311621 0.54189485 -3.024573
v -0.23351558 0.53716296 -3.0445282
v -0.2427512 0.4573976 -3.1033244
v -0.24230367 0.47909868 -3.104355
v -0.24219203 0.43305668 -3.1163127
v -0.24097252 0.41761386 -3.1247797
v -0.23924543 0.5257712 -3.07383
v -0.2336946 0.531139 -3.068065
v -0.23566444 0.5320295 -3.0759072
v -0.24137913 0.5006235 -3.1134202
v -0.2396825 0.5125217 -3.1284368
v -0.25500238 0.47644365 -3.118778
v -0.25500077 0.49675846 -3.1285393
v -0.2550022 0.45917612 -3.1178985
v -0.2550018 0.438382 -3.1255596
v -0.25408283 0.42548648 -3.1373644
v -0.25500003 0.5098865 -3.1441765
v -0.25500003 0.5155549 -3.1749513
v -0.24422103 0.51575756 -3.1732025
v -0.23922817 0.52046996 -3.1737103
v -0.23802945 0.5253683 -3.1319056
v -0.24415572 0.50953484 -3.1929815
v -0.2394303 0.5171332 -3.1879485
v -0.25500003 0.5084762 -3.194781
v -0.2385118 0.50519985 -3.1994705
v -0.25500003 0.49392658 -3.2100005
v -0.23731743 0.521157 -3.1886947
v -0.2368737 0.5265307 -3.1324084
v -0.23300003 0.54628927 -3.1730967
v -0.23300003 0.54395944 -3.1358495
v -0.23300003 0.5514899 -3.1672487
v -0.23300003 0.5521738 -3.1569524
v -0.23300003 0.5548758 -3.1153252
v -0.23300003 0.5536083 -3.0961483
v -0.23300003 0.558262 -3.1057367
v -0.25778264 0.46377325 -3.1599998
v -0.25500003 0.41500542 -3.1675224
v -0.23907949 0.41729027 -3.1532183
v -0.23640464 0.41663 -3.1425862
v -0.23204519 0.38605624 -3.0540302
v -0.24235381 0.37845537 -3.0314953
v -0.25500003 0.42392123 -3.1969225
v -0.25500003 0.44343626 -3.2136865
v -0.25500003 0.46917677 -3.2186272
v -0.2385118 0.50519985 -3.1994705
v -0.18880041 0.494702 -3.2094617
v -0.19163963 0.5051741 -3.1995053
v -0.25500003 0.49392658 -3.2100005
v -0.25500003 0.46917677 -3.2186272
v -0.18776174 0.47084934 -3.2184768
v -0.25500003 0.44343626 -3.2136865
v -0.1883609 0.44985437 -3.216277
v -0.19700003 0.5243448 -3.186871
v -0.23731743 0.521157 -3.1886947
v -0.23300003 0.54628927 -3.1730967
v -0.19700003 0.54628927 -3.1730967
v -0.19700003 0.55149007 -3.1672504
v -0.23300003 0.5514899 -3.1672487
v -0.19700003 0.5511313 -3.154525
v -0.23300003 0.5521738 -3.1569524
v -0.19700003 0.54395944 -3.13585
v -0.23300003 0.54395944 -3.1358495
v -0.19700003 0.55300915 -3.1171906
v -0.23300003 0.5548758 -3.1153252
v -0.19700003 0.55732864 -3.1066692
v -0.23300003 0.558262 -3.1057367
v -0.19700003 0.5536083 -3.0961483
v -0.23300003 0.5536083 -3.0961483
v -0.196195 0.5328192 -3.0765843
v -0.23566444 0.5320295 -3.0759072
v -0.19456394 0.5312252 -3.0682204
v -0.2336946 0.531139 -3.068065
v -0.19700003 0.5536083 -3.0961483
v -0.19086981 0.5305986 -3.0802464
v -0.18660781 0.52830434 -3.079591
v -0.19050983 0.51602864 -3.142695
v -0.1856534 0.5123563 -3.141677
v -0.18701683 0.5143355 -3.1795962
v -0.17786558 0.5062713 -3.1776135
v -0.17683609 0.4990436 -3.1925495
v -0.17623469 0.48794115 -3.2030675
v -0.17530663 0.47052294 -3.2093694
v -0.17441379 0.44930348 -3.2055166
v -0.1671512 0.5054935 -3.1716266
v -0.17310445 0.51465714 -3.1571643
v -0.08719916 0.505204 -3.1731153
v -0.07875565 0.5146627 -3.1567202
v -0.17171457 0.49797633 -3.1916144
v -0.17111346 0.48732862 -3.2017803
v -0.17018598 0.4705502 -3.2079413
v -0.0798145 0.4984308 -3.1920495
v -0.080590524 0.48439988 -3.2042198
v -0.07988294 0.46702924 -3.209644
v -0.06633854 0.49153173 -3.211535
v -0.06892019 0.4673597 -3.2186098
v -0.065636344 0.50742954 -3.196407
v -0.067995764 0.51599556 -3.1676595
v 0.019999977 0.5158965 -3.1650302
v -0.009024163 0.51235574 -3.141677
v -0.053253446 0.5084633 -3.1950521
v -0.05254917 0.5135529 -3.184139
v -0.011204753 0.5138212 -3.1829324
v -0.012342251 0.50846547 -3.1950486
v 0.019999977 0.50817084 -3.1952698
v -0.042798024 0.52475363 -3.2055306
v -0.022798022 0.52475363 -3.2055306
v -0.04224783 0.5524189 -3.2496061
v -0.023348214 0.5524189 -3.2496061
v -0.022798022 0.52643114 -3.2681782
v -0.042798024 0.5018764 -3.2487402
v -0.04224783 0.5524189 -3.2496061
v -0.05421259 0.48973247 -3.212724
v -0.05504321 0.46547744 -3.218939
v -0.042798024 0.47137073 -3.2416656
v -0.022798022 0.5018763 -3.2487402
v -0.022798022 0.52643114 -3.2681782
v -0.022797683 0.5451404 -3.2728188
v -0.042798024 0.5286285 -3.2704055
v -0.04279873 0.5455256 -3.272647
v -0.023333004 0.5525988 -3.266325
v -0.042240012 0.55320275 -3.2652187
v -0.04224783 0.5524189 -3.2496061
v -0.02279802 0.4713705 -3.2416656
v -0.042798016 0.43516228 -3.2512054
v -0.022798019 0.43516213 -3.2512054
v -0.05508578 0.43289438 -3.2068243
v -0.022798019 0.3966182 -3.2335026
v -0.019127507 0.41356483 -3.2076464
v -0.009202899 0.4591888 -3.218366
v -0.009751471 0.48621786 -3.2143164
v 0.019999977 0.48414627 -3.2151928
v 0.019999979 0.45930535 -3.21838
v -0.013046758 0.41874993 -3.187642
v -0.1883609 0.44985437 -3.216277
v -0.25500003 0.42392123 -3.1969225
v -0.18945067 0.4236089 -3.196462
v -0.25500003 0.44343626 -3.2136865
v -0.25500003 0.41500542 -3.1675224
v -0.18700433 0.4150977 -3.1713877
v -0.23907949 0.41729027 -3.1532183
v -0.17502162 0.41720998 -3.153487
v -0.17254497 0.41668054 -3.143322
v -0.23640464 0.41663 -3.1425862
v -0.17024057 0.42643484 -3.1768596
v -0.17357638 0.43232402 -3.1908758
v -0.17441379 0.44930348 -3.2055166
v -0.1709428 0.44939274 -3.2048748
v -0.17530663 0.47052294 -3.2093694
v -0.17018598 0.4705502 -3.2079413
v -0.08059062 0.44930664 -3.2055173
v -0.07988294 0.46702924 -3.209644
v -0.08378176 0.42662838 -3.1776934
v -0.084573515 0.41675025 -3.144336
v -0.0844309 0.4170965 -3.1538668
v -0.009025068 0.41681007 -3.145207
v -0.009025408 0.41700208 -3.1541834
v -0.069536746 0.4150019 -3.1686559
v -0.065957695 0.43359962 -3.2074099
v -0.06892019 0.4673597 -3.2186098
v -0.05508578 0.43289438 -3.2068243
v -0.05504321 0.46547744 -3.218939
v -0.05439076 0.4183937 -3.1864624
v -0.013046758 0.41874993 -3.187642
v -0.05439076 0.4183937 -3.1864624
v -0.019127507 0.41356483 -3.2076464
v -0.042963184 0.4098214 -3.208549
v -0.022798019 0.3966182 -3.2335026
v -0.042798016 0.3966182 -3.2335026
v -0.022798015 0.3830343 -3.2636642
v -0.042797893 0.3830335 -3.26367
v -0.042798016 0.43516228 -3.2512054
v -0.042963184 0.4098214 -3.208549
v -0.042798016 0.41210896 -3.2724028
v -0.022798019 0.43516213 -3.2512054
v -0.042798016 0.41210896 -3.2724028
v -0.022798019 0.41210896 -3.2724028
v -0.022798019 0.43516213 -3.2512054
v -0.04279707 0.39601618 -3.279001
v -0.022960156 0.39601114 -3.279006
v -0.042798016 0.41210896 -3.2724028
v -0.042292785 0.38677126 -3.2736425
v -0.023303036 0.38677162 -3.2736418
v -0.042797893 0.3830335 -3.26367
v -0.042963184 0.4098214 -3.208549
v -0.042797893 0.3830335 -3.26367
v -0.042798016 0.3966182 -3.2335026
v -0.022798019 0.41210896 -3.2724028
v -0.022798019 0.43516213 -3.2512054
v -0.022798019 0.3966182 -3.2335026
v -0.26823327 0.4812287 -2.6668947
v -0.28036535 0.48348215 -2.6679351
v -0.27850002 0.4820391 -2.6710832
v -0.2871231 0.48348036 -2.6785321
v -0.2893924 0.48760727 -2.6742754
v -0.29889745 0.4968846 -2.6919067
v -0.2969481 0.48793897 -2.7009773
v -0.3042006 0.51004624 -2.7198257
v -0.2988914 0.49264595 -2.7250237
v -0.3055294 0.523662 -2.7518883
v -0.30284712 0.5066081 -2.7644536
v -0.31009063 0.565589 -2.8620868
v -0.31677777 0.5334366 -2.8744457
v -0.30861837 0.58097905 -2.9079425
v -0.3026238 0.532668 -2.9120865
v -0.30190623 0.53833133 -2.949882
v -0.31233424 0.5842013 -2.9488049
v -0.30909577 0.5751881 -2.9657931
v -0.30530462 0.54501444 -3.0127184
v -0.26001242 0.5427793 -3.0171552
v -0.18292488 0.5338327 -2.9387906
v -0.24311621 0.54189485 -3.024573
v -0.16432227 0.54334474 -2.9879436
v -0.23351558 0.53716296 -3.0445282
v -0.1349467 0.54240507 -3.0241916
v -0.18461448 0.52150136 -2.856314
v -0.17845127 0.51544183 -2.8174078
v -0.124081485 0.5064342 -2.7708483
v -0.25319895 0.48584056 -2.6908433
v -0.065884806 0.4988726 -2.7588222
v 0.077518806 0.49204245 -2.7248664
v 0.06783222 0.4854368 -2.6886444
v -0.24800302 0.483696 -2.6796465
v 0.10092347 0.489028 -2.7072058
v 0.11421936 0.48379207 -2.6804154
v -0.25339672 0.48147544 -2.6681805
v -0.2445283 0.47468302 -2.6690314
v -0.23699471 0.47649813 -2.6767447
v 0.06783222 0.47763607 -2.682164
v 0.09138987 0.4838686 -2.6770563
v 0.08297221 0.4762287 -2.6751654
v 0.09578696 0.48305762 -2.6332507
v 0.08779261 0.47609043 -2.656849
v 0.1123874 0.48305777 -2.6332476
v -0.2369943 0.41825756 -2.6788967
v -0.24634077 0.42001045 -2.667929
v -0.24964714 0.47304958 -2.6554673
v -0.24937463 0.42173347 -2.6575618
v 0.06783222 0.4175227 -2.6843853
v 0.08105929 0.4182947 -2.6792734
v 0.08777142 0.4177388 -2.664341
v 0.08552064 0.41351444 -2.647518
v 0.083499976 0.4818685 -2.6380157
v 0.083499976 0.47813284 -2.6075296
v 0.08349998 0.40750247 -2.627431
v 0.08349998 0.4530786 -2.5897634
v 0.08349998 0.41151938 -2.6099908
v 0.08349998 0.42687008 -2.59388
v 0.12749998 0.4819139 -2.6161358
v 0.12749998 0.44864482 -2.5891302
v 0.12749998 0.42674568 -2.5939505
v 0.12749998 0.41361985 -2.6063201
v 0.07677573 0.40626165 -2.7250412
v 0.104724675 0.4083849 -2.707853
v 0.07968978 0.4165426 -2.7379696
v -0.067832075 0.41335514 -2.7747426
v -0.06903946 0.40456045 -2.768856
v -0.121128365 0.41220355 -2.788028
v -0.12171916 0.40394586 -2.7846856
v -0.15946598 0.40841785 -2.8140385
v -0.16367014 0.39839756 -2.8097675
v -0.17223059 0.40273333 -2.8531554
v -0.18060923 0.39188784 -2.8518212
v -0.16987067 0.39087048 -2.9503932
v -0.1800437 0.37966582 -2.951645
v -0.15764119 0.3740397 -3.0032232
v -0.1489703 0.38518554 -2.9969084
v -0.13883433 0.37756088 -3.0286815
v -0.12789953 0.3873038 -3.0193024
v 0.0033462315 0.41982368 -3.1444952
v 0.01999998 0.41652563 -3.155943
v 0.01999998 0.41867018 -3.1871624
v 0.019999979 0.45930535 -3.21838
v -0.009202899 0.4591888 -3.218366
v -0.23204519 0.38605624 -3.0540302
v -0.24235381 0.37845537 -3.0314953
v -0.26009482 0.37828723 -3.0271955
v -0.30762854 0.37545455 -3.0226
v -0.31445318 0.35689384 -2.9640818
v -0.3141395 0.36265963 -2.8896515
v -0.31176192 0.38685608 -2.7779436
v -0.2984497 0.40662363 -2.711563
v -0.27596924 0.4098651 -2.689378
v -0.022798022 0.52643114 -3.2681782
v -0.042798024 0.5018764 -3.2487402
v -0.022798022 0.5018763 -3.2487402
v -0.009024163 0.51235574 -3.141677
v 0.019999977 0.4968206 -3.1286473
v 9.245379E-4 0.5045816 -3.1323056
v 0.019999977 0.5158965 -3.1650302
v -0.12819017 0.5357486 -3.0150926
v -0.1349467 0.54240507 -3.0241916
v 9.245379E-4 0.5045816 -3.1323056
v -0.15418229 0.53185064 -2.9838126
v -0.16432227 0.54334474 -2.9879436
v -0.12819017 0.5357486 -3.0150926
v -0.17138487 0.52435327 -2.9387245
v -0.18292488 0.5338327 -2.9387906
v -0.15418229 0.53185064 -2.9838126
v -0.17456065 0.51632255 -2.856307
v -0.18461448 0.52150136 -2.856314
v -0.17138487 0.52435327 -2.9387245
v -0.1674503 0.5061488 -2.8237786
v -0.17845127 0.51544183 -2.8174078
v -0.17456065 0.51632255 -2.856307
v -0.1211691 0.49740538 -2.7844412
v -0.124081485 0.5064342 -2.7708483
v -0.1674503 0.5061488 -2.8237786
v -0.06342872 0.48784503 -2.7709458
v -0.065884806 0.4988726 -2.7588222
v -0.1211691 0.49740538 -2.7844412
v 0.07969044 0.48256537 -2.735533
v 0.077518806 0.49204245 -2.7248664
v -0.06342872 0.48784503 -2.7709458
v 0.11067748 0.47793302 -2.7165036
v 0.10092347 0.489028 -2.7072058
v 0.07969044 0.48256537 -2.735533
v 0.124381 0.4724706 -2.6810083
v 0.11421936 0.48379207 -2.6804154
v 0.11067748 0.47793302 -2.7165036
v 0.12490438 0.47347757 -2.6554112
v 0.1123874 0.48305777 -2.6332476
v 0.124381 0.4724706 -2.6810083
v 0.12490438 0.47347757 -2.6554112
v 0.12749998 0.4819139 -2.6161358
v 0.12749998 0.41450888 -2.617261
v 0.12749998 0.44864482 -2.5891302
v 0.12749998 0.41361985 -2.6063201
v 0.12749998 0.42674568 -2.5939505
v 0.1243641 0.4209684 -2.6620042
v 0.12749998 0.4819139 -2.6161358
v 0.12490438 0.47347757 -2.6554112
v 0.1244091 0.42249328 -2.6810021
v 0.12490438 0.47347757 -2.6554112
v 0.124381 0.4724706 -2.6810083
v 0.11193869 0.41989574 -2.7170882
v 0.124381 0.4724706 -2.6810083
v 0.11067748 0.47793302 -2.7165036
v 0.07968978 0.4165426 -2.7379696
v 0.11067748 0.47793302 -2.7165036
v 0.07969044 0.48256537 -2.735533
v 0.07969044 0.48256537 -2.735533
v -0.067832075 0.41335514 -2.7747426
v -0.06342872 0.48784503 -2.7709458
v -0.121128365 0.41220355 -2.788028
v -0.1211691 0.49740538 -2.7844412
v -0.1211691 0.49740538 -2.7844412
v -0.15946598 0.40841785 -2.8140385
v -0.1674503 0.5061488 -2.8237786
v -0.1674503 0.5061488 -2.8237786
v -0.17223059 0.40273333 -2.8531554
v -0.17456065 0.51632255 -2.856307
v -0.17138487 0.52435327 -2.9387245
v -0.17456065 0.51632255 -2.856307
v -0.16987067 0.39087048 -2.9503932
v -0.15418229 0.53185064 -2.9838126
v -0.17138487 0.52435327 -2.9387245
v -0.1489703 0.38518554 -2.9969084
v -0.15418229 0.53185064 -2.9838126
v -0.12789953 0.3873038 -3.0193024
v -0.12819017 0.5357486 -3.0150926
v -4.7399907E-4 0.43605247 -3.1270218
v 0.0033462315 0.41982368 -3.1444952
v -4.7399907E-4 0.43605247 -3.1270218
v 0.01999998 0.41652563 -3.155943
v 0.01999998 0.4331858 -3.1294534
v 0.01999998 0.41867018 -3.1871624
v 0.021597488 0.47069126 -3.162688
v 0.019999979 0.45930535 -3.21838
v 0.019999977 0.48414627 -3.2151928
v 0.021597488 0.47069126 -3.162688
v 0.019999977 0.50817084 -3.1952698
v 0.019999977 0.4968206 -3.1286473
v 0.019999977 0.5158965 -3.1650302
v 0.019999979 0.46755415 -3.1178033
v 0.021597488 0.47069126 -3.162688
v 0.01999998 0.4331858 -3.1294534
v 0.01999998 0.41652563 -3.155943
v 9.245379E-4 0.5045816 -3.1323056
v 0.019999979 0.46755415 -3.1178033
v -0.00735112 0.46755415 -3.1178033
v 0.019999977 0.4968206 -3.1286473
v -0.00735112 0.46755415 -3.1178033
v 0.01999998 0.4331858 -3.1294534
v -4.7399907E-4 0.43605247 -3.1270218
v 0.019999979 0.46755415 -3.1178033
v 9.245379E-4 0.5045816 -3.1323056
v -0.00735112 0.46755415 -3.1178033
v -0.12819017 0.5357486 -3.0150926
v -0.00735112 0.46755415 -3.1178033
v -0.12789953 0.3873038 -3.0193024
v -0.12819017 0.5357486 -3.0150926
v -4.7399907E-4 0.43605247 -3.1270218
v 0.11193869 0.41989574 -2.7170882
v 0.114243574 0.41117248 -2.6816375
v 0.1244091 0.42249328 -2.6810021
v 0.11723924 0.4095449 -2.6395867
v 0.08904367 0.4111052 -2.6829095
v 0.091091506 0.4105146 -2.6448205
v 0.12749998 0.41450888 -2.617261
v 0.1243641 0.4209684 -2.6620042
v 0.08349998 0.40750247 -2.627431
v 0.08105929 0.4182947 -2.6792734
v 0.08777142 0.4177388 -2.664341
v 0.08349998 0.40750247 -2.627431
v 0.08349998 0.41151938 -2.6099908
v 0.1244091 0.42249328 -2.6810021
v 0.11723924 0.4095449 -2.6395867
v 0.1243641 0.4209684 -2.6620042
v 0.08105929 0.4182947 -2.6792734
v 0.091091506 0.4105146 -2.6448205
v 0.08779261 0.47609043 -2.656849
v 0.083499976 0.4818685 -2.6380157
v -0.24550013 0.42011854 -2.64299
v -0.24549988 0.47508302 -2.6220195
v -0.24550003 0.4155203 -2.6281443
v -0.24550001 0.4659296 -2.6050289
v -0.24550001 0.42102876 -2.6096473
v -0.24550001 0.44048956 -2.5974243
v -0.18706986 0.4717446 -2.7880626
v -0.25190124 0.46623576 -2.7827508
v -0.2528357 0.45418182 -2.7844772
v -0.18965669 0.45418182 -2.7844772
v -0.2528357 0.45418182 -2.7844772
v -0.18969046 0.4456457 -2.787693
v -0.19808586 0.6019394 -3.058314
v -0.19287567 0.5324085 -3.0987813
v -0.19683443 0.5323977 -3.0985744
v -0.19263789 0.60195446 -3.0585988
v -0.19149047 0.6488501 -3.0342014
v -0.19693847 0.64883536 -3.033917
v -0.1987878 0.63504344 -3.090302
v -0.19360219 0.6400013 -3.0953553
v -0.19333978 0.6350582 -3.0905864
v -0.23205703 0.6349528 -3.0885646
v -0.23694435 0.6398838 -3.0930922
v -0.23668197 0.63494027 -3.0883234
v -0.23556937 0.5892229 -3.1456823
v -0.23530696 0.5842795 -3.1409132
v -0.23101322 0.5842912 -3.1411374
v -0.19786125 0.5843813 -3.1428685
v -0.19416502 0.58933544 -3.147844
v -0.19390266 0.58439195 -3.1430764
v -0.19390266 0.58439195 -3.1430764
v -0.19360219 0.6400013 -3.0953553
v -0.19416502 0.58933544 -3.147844
v -0.19333978 0.6350582 -3.0905864
v -0.19263789 0.60195446 -3.0585988
v -0.19287567 0.5324085 -3.0987813
v -0.19441387 0.5252766 -3.1644757
v -0.19372974 0.5391985 -3.1779766
v -0.19127335 0.6646421 -3.049488
v -0.19149047 0.6488501 -3.0342014
v -0.23556937 0.5892229 -3.1456823
v -0.23668197 0.63494027 -3.0883234
v -0.23530696 0.5842795 -3.1409132
v -0.23694435 0.6398838 -3.0930922
v -0.2380212 0.5354445 -3.098538
v -0.23603474 0.6025268 -3.0570006
v -0.23487183 0.64906156 -3.032255
v -0.2346193 0.6645242 -3.047225
v -0.2351341 0.53908604 -3.1758149
v -0.23530696 0.5842795 -3.1409132
v -0.23606764 0.5258816 -3.1629956
v -0.2380212 0.5354445 -3.098538
v -0.23140983 0.6025394 -3.0572424
v -0.23372732 0.53545606 -3.0987616
v -0.23603474 0.6025268 -3.0570006
v -0.23024699 0.64907426 -3.0324967
v -0.23487183 0.64906156 -3.032255
v -0.1987878 0.63504344 -3.090302
v -0.19683443 0.5323977 -3.0985744
v -0.19786125 0.5843813 -3.1428685
v -0.19808586 0.6019394 -3.058314
v -0.19768839 0.53918785 -3.1777704
v -0.1983726 0.5252662 -3.1642694
v -0.19693847 0.64883536 -3.033917
v -0.19672137 0.66462713 -3.0492036
v -0.19768839 0.53918785 -3.1777704
v -0.19441387 0.5252766 -3.1644757
v -0.19372974 0.5391985 -3.1779766
v -0.1983726 0.5252662 -3.1642694
v -0.19127335 0.6646421 -3.049488
v -0.19693847 0.64883536 -3.033917
v -0.19672137 0.66462713 -3.0492036
v -0.19149047 0.6488501 -3.0342014
v -0.2351341 0.53908604 -3.1758149
v -0.23177375 0.52589345 -3.1632195
v -0.2308403 0.539098 -3.1760387
v -0.23606764 0.5258816 -3.1629956
v -0.23101322 0.5842912 -3.1411374
v -0.23140983 0.6025394 -3.0572424
v -0.23205703 0.6349528 -3.0885646
v -0.23372732 0.53545606 -3.0987616
v -0.23177375 0.52589345 -3.1632195
v -0.2308403 0.539098 -3.1760387
v -0.22999434 0.6645365 -3.0474663
v -0.23024699 0.64907426 -3.0324967
v -0.22999434 0.6645365 -3.0474663
v -0.23487183 0.64906156 -3.032255
v -0.2346193 0.6645242 -3.047225
v -0.23024699 0.64907426 -3.0324967
v -0.19786125 0.5843813 -3.1428685
v -0.19372974 0.5391985 -3.1779766
v -0.19390266 0.58439195 -3.1430764
v -0.19768839 0.53918785 -3.1777704
v -0.19287567 0.5324085 -3.0987813
v -0.1983726 0.5252662 -3.1642694
v -0.19683443 0.5323977 -3.0985744
v -0.19441387 0.5252766 -3.1644757
v -0.23530696 0.5842795 -3.1409132
v -0.2308403 0.539098 -3.1760387
v -0.23101322 0.5842912 -3.1411374
v -0.2351341 0.53908604 -3.1758149
v -0.23372732 0.53545606 -3.0987616
v -0.23606764 0.5258816 -3.1629956
v -0.2380212 0.5354445 -3.098538
v -0.23177375 0.52589345 -3.1632195
v -0.19333978 0.6350582 -3.0905864
v -0.19672137 0.66462713 -3.0492036
v -0.1987878 0.63504344 -3.090302
v -0.19127335 0.6646421 -3.049488
v -0.23205703 0.6349528 -3.0885646
v -0.2346193 0.6645242 -3.047225
v -0.23668197 0.63494027 -3.0883234
v -0.22999434 0.6645365 -3.0474663
v -0.23694435 0.6398838 -3.0930922
v -0.20638378 0.6303624 -3.1046386
v -0.19360219 0.6400013 -3.0953553
v -0.22358115 0.6303159 -3.1037412
v -0.20718905 0.59890556 -3.1372025
v -0.19416502 0.58933544 -3.147844
v -0.22361755 0.59886074 -3.1363444
v -0.23556937 0.5892229 -3.1456823
v -0.23205703 0.6349528 -3.0885646
v -0.22453868 0.5945252 -3.1308856
v -0.23101322 0.5842912 -3.1411374
v -0.22516155 0.6247553 -3.099515
v -0.20475674 0.594579 -3.1319182
v -0.19786125 0.5843813 -3.1428685
v -0.2053096 0.6248094 -3.1005516
v -0.1987878 0.63504344 -3.090302
v -0.20638378 0.6303624 -3.1046386
v -0.20475674 0.594579 -3.1319182
v -0.20718905 0.59890556 -3.1372025
v -0.2053096 0.6248094 -3.1005516
v -0.22358115 0.6303159 -3.1037412
v -0.2053096 0.6248094 -3.1005516
v -0.20638378 0.6303624 -3.1046386
v -0.22516155 0.6247553 -3.099515
v -0.22361755 0.59886074 -3.1363444
v -0.22516155 0.6247553 -3.099515
v -0.22358115 0.6303159 -3.1037412
v -0.22453868 0.5945252 -3.1308856
v -0.20718905 0.59890556 -3.1372025
v -0.22453868 0.5945252 -3.1308856
v -0.22361755 0.59886074 -3.1363444
v -0.20475674 0.594579 -3.1319182
v -0.3348524 0.55752385 -3.0157452
v -0.3316155 0.5666856 -2.899164
v -0.3399229 0.52558637 -3.01897
v -0.32971185 0.5756431 -2.916893
v -0.33078143 0.5681291 -2.8830962
v -0.3277058 0.58297026 -2.9202056
v -0.3215843 0.5914613 -2.8405414
v -0.32603046 0.5757352 -2.8166182
v -0.32263553 0.52087635 -2.7603824
v -0.32258523 0.5251471 -2.751873
v -0.3135647 0.619827 -2.883692
v -0.31372243 0.623737 -2.9428384
v -0.32565433 0.5912871 -2.9425604
v -0.31670085 0.61790985 -2.966251
v -0.31770256 0.61987644 -3.069234
v -0.32472095 0.5961569 -3.0668917
v -0.31378916 0.62489635 -2.9655707
v -0.28045166 0.6295285 -3.0218139
v -0.2809773 0.63250184 -3.1614037
v -0.3175275 0.62186116 -3.1677868
v -0.3268401 0.5900008 -3.0732586
v -0.32212436 0.6050406 -3.14973
v -0.3172973 0.6222547 -3.203742
v -0.3208816 0.60711914 -3.196972
v -0.3132771 0.6308057 -3.1718335
v -0.27873147 0.63519514 -3.1625557
v -0.2809773 0.63250184 -3.1614037
v -0.3140544 0.6310438 -3.205003
v -0.27873147 0.63519514 -3.1625557
v -0.25500003 0.6391388 -3.2085087
v -0.2792761 0.6316914 -3.0210576
v -0.25500003 0.6342351 -2.9752057
v -0.25500003 0.6297504 -2.8844287
v -0.26030275 0.6038385 -2.8408563
v -0.308591 0.5940856 -2.8406081
v -0.31511977 0.57914793 -2.814852
v -0.3143983 0.52848923 -2.748478
v -0.3142554 0.5235649 -2.74643
v -0.3145649 0.51719755 -2.7541344
v -0.3150937 0.51683533 -2.761852
v -0.32134253 0.5536685 -2.880201
v -0.33078143 0.5681291 -2.8830962
v -0.3316155 0.5666856 -2.899164
v -0.32203212 0.55313724 -2.8963847
v -0.3399229 0.52558637 -3.01897
v -0.32203463 0.50631946 -3.0121026
v -0.3403287 0.51807475 -3.0387502
v -0.33795384 0.5004246 -3.0719745
v -0.31938574 0.48521632 -3.0614276
v -0.31938574 0.48521632 -3.0614276
v -0.32892725 0.48912933 -3.0768304
v -0.3193315 0.432796 -3.0493453
v -0.3293509 0.42520294 -3.0631163
v -0.32892725 0.48912933 -3.0768304
v -0.3347612 0.48433012 -3.104925
v -0.3338215 0.4293705 -3.0896413
v -0.3293509 0.42520294 -3.0631163
v -0.31670085 0.61790985 -2.966251
v -0.2792761 0.6316914 -3.0210576
v -0.31378916 0.62489635 -2.9655707
v -0.28045166 0.6295285 -3.0218139
v -0.28045166 0.6295285 -3.0218139
v -0.27873147 0.63519514 -3.1625557
v -0.2792761 0.6316914 -3.0210576
v -0.2809773 0.63250184 -3.1614037
v -0.33538285 0.55132896 -3.0578995
v -0.3403287 0.51807475 -3.0387502
v -0.33795384 0.5004246 -3.0719745
v -0.32822558 0.56128705 -3.124223
v -0.33674687 0.4864975 -3.1084127
v -0.33507115 0.48098555 -3.135899
v -0.3364494 0.42522433 -3.0902984
v -0.33412948 0.4211433 -3.1210864
v -0.3286011 0.37666488 -3.1399803
v -0.325466 0.32870403 -3.0895996
v -0.33821604 0.3973626 -3.0214856
v -0.33738208 0.38249514 -2.9782476
v -0.32894996 0.33804473 -3.0217257
v -0.33734342 0.37616718 -2.9764593
v -0.32536805 0.3855828 -2.9444332
v -0.32294142 0.41121635 -3.0060322
v -0.33413386 0.39863798 -3.0076823
v -0.3193315 0.432796 -3.0493453
v -0.3293509 0.42520294 -3.0631163
v -0.32533827 0.37871528 -2.942224
v -0.3310344 0.34426382 -3.0085547
v -0.32244152 0.33850905 -2.9974008
v -0.32138976 0.33343658 -3.0110347
v -0.3174896 0.3226539 -3.0885077
v -0.3186255 0.30601192 -3.12056
v -0.3128551 0.30294704 -3.117572
v -0.31776285 0.3042035 -3.1257284
v -0.31230325 0.30130455 -3.1228302
v -0.31626454 0.30819866 -3.2036026
v -0.30856982 0.3072549 -3.2054815
v -0.32370955 0.34179932 -3.166845
v -0.33413386 0.39863798 -3.0076823
v -0.33821604 0.3973626 -3.0214856
v -0.3364494 0.42522433 -3.0902984
v -0.3293509 0.42520294 -3.0631163
v -0.3338215 0.4293705 -3.0896413
v -0.33738208 0.38249514 -2.9782476
v -0.3347612 0.48433012 -3.104925
v -0.33674687 0.4864975 -3.1084127
v -0.33795384 0.5004246 -3.0719745
v -0.32523912 0.57254636 -3.1677215
v -0.32687587 0.5886172 -3.1012444
v -0.3140544 0.6310438 -3.205003
v -0.25500003 0.6297919 -3.2114654
v -0.25500003 0.6391388 -3.2085087
v -0.3071409 0.62158537 -3.2072499
v -0.3172973 0.6222547 -3.203742
v -0.3208816 0.60711914 -3.196972
v -0.30877507 0.6019023 -3.1980295
v -0.32523912 0.57254636 -3.1677215
v -0.30877075 0.5707126 -3.1711528
v -0.33507115 0.48098555 -3.135899
v -0.30877215 0.48186132 -3.1405172
v -0.30878446 0.42306778 -3.1254375
v -0.33412948 0.4211433 -3.1210864
v -0.3286011 0.37666488 -3.1399803
v -0.30877316 0.37601054 -3.145038
v -0.32370955 0.34179932 -3.166845
v -0.30877063 0.34668684 -3.1674972
v -0.30878216 0.3113004 -3.2078917
v -0.31626454 0.30819866 -3.2036026
v -0.30856982 0.3072549 -3.2054815
v -0.3268401 0.5900008 -3.0732586
v -0.31830144 0.56336653 -3.0151231
v -0.3348524 0.55752385 -3.0157452
v -0.3268401 0.5900008 -3.0732586
v -0.31502122 0.58847344 -3.0624285
v -0.31830144 0.56336653 -3.0151231
v -0.32472095 0.5961569 -3.0668917
v -0.31502122 0.58847344 -3.0624285
v -0.3268401 0.5900008 -3.0732586
v -0.314631 0.5920724 -3.0625446
v -0.32565433 0.5912871 -2.9425604
v -0.314631 0.5920724 -3.0625446
v -0.32472095 0.5961569 -3.0668917
v -0.31476974 0.5861258 -2.9435308
v -0.3277058 0.58297026 -2.9202056
v -0.31476974 0.5861258 -2.9435308
v -0.32565433 0.5912871 -2.9425604
v -0.3277058 0.58297026 -2.9202056
v -0.3159759 0.5802457 -2.9278615
v -0.31476974 0.5861258 -2.9435308
v -0.32971185 0.5756431 -2.916893
v -0.3159759 0.5802457 -2.9278615
v -0.3277058 0.58297026 -2.9202056
v -0.31688315 0.5785505 -2.9270194
v -0.32971185 0.5756431 -2.916893
v -0.31830144 0.56336653 -3.0151231
v -0.31688315 0.5785505 -2.9270194
v -0.3348524 0.55752385 -3.0157452
v -0.25505868 0.49114767 -3.2136362
v -0.29232344 0.484517 -3.2227743
v -0.25505868 0.484517 -3.2227743
v -0.29232344 0.49114767 -3.2136362
v -0.25505868 0.48746935 -3.304162
v -0.29232344 0.44227776 -3.3032143
v -0.25505868 0.44227776 -3.3032143
v -0.29232344 0.48746935 -3.304162
v -0.25505868 0.44863912 -3.222022
v -0.29232344 0.4380429 -3.2123303
v -0.25505868 0.4380429 -3.2123303
v -0.29232344 0.44863912 -3.222022
v -0.25505868 0.484517 -3.2227743
v -0.25505874 0.46572626 -3.1669934
v -0.25505868 0.49114767 -3.2136362
v -0.25505868 0.44863912 -3.222022
v -0.25505868 0.4380429 -3.2123303
v -0.25505868 0.44756377 -3.2733192
v -0.25505868 0.48344165 -3.2740717
v -0.25505868 0.434342 -3.2855072
v -0.25505868 0.4961411 -3.286803
v -0.25505868 0.44227776 -3.3032143
v -0.25505868 0.48746935 -3.304162
v -0.25505868 0.40552983 -3.274947
v -0.25505868 0.39888796 -3.2885048
v -0.25505868 0.3771752 -3.2532382
v -0.25505868 0.35780615 -3.2544076
v -0.25505868 0.5048392 -3.2093053
v -0.25505868 0.5234296 -3.1786106
v -0.25505868 0.5188311 -3.168299
v -0.25505868 0.54872626 -3.2358851
v -0.25505868 0.56731665 -3.2051904
v -0.25505868 0.5526705 -3.25343
v -0.25505868 0.5846921 -3.2005582
v -0.25505868 0.571973 -3.2554107
v -0.25505868 0.5953895 -3.2167473
v -0.25505868 0.52911866 -3.2731013
v -0.25505868 0.5375395 -3.2856326
v -0.25505868 0.60437775 -3.1641207
v -0.25505868 0.5893151 -3.165148
v -0.25505868 0.5954215 -3.1191895
v -0.25505868 0.58405477 -3.1349154
v -0.25505868 0.55427736 -3.0807478
v -0.25505868 0.54960126 -3.0981119
v -0.25505868 0.56688875 -3.129559
v -0.25505868 0.5046388 -3.1228292
v -0.25505868 0.5219263 -3.1542764
v -0.25505868 0.49340963 -3.1216557
v -0.25505868 0.57364637 -3.0795784
v -0.25505868 0.48281342 -3.111964
v -0.25505868 0.44693553 -3.1112118
v -0.25505868 0.44030488 -3.12035
v -0.25505868 0.48388878 -3.0606668
v -0.25505868 0.4480109 -3.0599146
v -0.25505868 0.49711055 -3.0484788
v -0.25505868 0.43531144 -3.0471833
v -0.25505868 0.48917478 -3.0307717
v -0.25505868 0.4439832 -3.0298243
v -0.25505868 0.5259227 -3.0590394
v -0.25505868 0.5325646 -3.0454812
v -0.25505868 0.4266134 -3.1246808
v -0.25505868 0.39391306 -3.0483534
v -0.25505868 0.40233386 -3.0608847
v -0.25505868 0.35947952 -3.0785754
v -0.25505868 0.37878206 -3.0805562
v -0.25505868 0.3467604 -3.1334279
v -0.25505868 0.3641359 -3.1287956
v -0.25505868 0.38272628 -3.098101
v -0.25505868 0.408023 -3.1553757
v -0.25505868 0.4126215 -3.165687
v -0.25505868 0.3360631 -3.1172388
v -0.25505868 0.4095263 -3.1797097
v -0.25505868 0.42681372 -3.2111568
v -0.25505868 0.36456382 -3.204427
v -0.25505868 0.38185126 -3.2358742
v -0.25505868 0.3473978 -3.1990707
v -0.25505868 0.33603102 -3.2147968
v -0.25505868 0.3421374 -3.168838
v -0.25505868 0.32707477 -3.1698654
v -0.30194426 0.46580645 -3.1987712
v -0.30194426 0.4657262 -3.1669934
v -0.30194426 0.4597148 -3.201688
v -0.30194426 0.44105753 -3.191069
v -0.30194426 0.43824568 -3.1829517
v -0.30194426 0.4742422 -3.2003949
v -0.30194426 0.49276742 -3.1895468
v -0.30194426 0.493287 -3.1828127
v -0.30194426 0.49891096 -3.176319
v -0.30194426 0.49877897 -3.1548517
v -0.30194426 0.49320686 -3.1510346
v -0.30194426 0.490395 -3.1429172
v -0.30194426 0.47173774 -3.132298
v -0.30194426 0.4656461 -3.1352148
v -0.30194426 0.45721033 -3.1335912
v -0.30194426 0.4386851 -3.1444392
v -0.30194426 0.43816555 -3.1511734
v -0.30194426 0.43267357 -3.1791344
v -0.30194426 0.43254158 -3.1576672
v -0.25505868 0.44863912 -3.222022
v -0.29232344 0.44756377 -3.2733192
v -0.29232344 0.44863912 -3.222022
v -0.25505868 0.44756377 -3.2733192
v -0.29232344 0.44863912 -3.222022
v -0.29232344 0.48344165 -3.2740717
v -0.29232344 0.484517 -3.2227743
v -0.29232344 0.44756377 -3.2733192
v -0.29232344 0.4961411 -3.286803
v -0.29232344 0.434342 -3.2855072
v -0.29232344 0.43645212 -3.1955636
v -0.29232344 0.4585925 -3.2081654
v -0.29232344 0.49114767 -3.2136362
v -0.29232344 0.46582142 -3.2047038
v -0.29232344 0.43311536 -3.185931
v -0.29232344 0.4380429 -3.2123303
v -0.29232344 0.5048392 -3.2093053
v -0.29232344 0.47583205 -3.2066305
v -0.29232344 0.5234296 -3.1786106
v -0.29232344 0.56731665 -3.2051904
v -0.29232344 0.54872626 -3.2358851
v -0.29232344 0.5846921 -3.2005582
v -0.29232344 0.5526705 -3.25343
v -0.29232344 0.49781573 -3.1937573
v -0.29232344 0.5188311 -3.168299
v -0.29232344 0.4984323 -3.185766
v -0.29232344 0.5219263 -3.1542764
v -0.29232344 0.5051062 -3.1780598
v -0.29232344 0.5046388 -3.1228292
v -0.29232344 0.54960126 -3.0981119
v -0.29232344 0.56688875 -3.129559
v -0.29232344 0.55427736 -3.0807478
v -0.29232344 0.58405477 -3.1349154
v -0.29232344 0.50494957 -3.1525848
v -0.29232344 0.49340963 -3.1216557
v -0.29232344 0.49833715 -3.148055
v -0.29232344 0.48281342 -3.111964
v -0.29232344 0.49500042 -3.1384225
v -0.29232344 0.44693553 -3.1112118
v -0.29232344 0.4480109 -3.0599146
v -0.29232344 0.48388878 -3.0606668
v -0.29232344 0.43531144 -3.0471833
v -0.29232344 0.49711055 -3.0484788
v -0.29232344 0.47286 -3.1258206
v -0.29232344 0.44030488 -3.12035
v -0.29232344 0.46563113 -3.1292822
v -0.29232344 0.4266134 -3.1246808
v -0.29232344 0.4556205 -3.1273556
v -0.29232344 0.408023 -3.1553757
v -0.29232344 0.3641359 -3.1287956
v -0.29232344 0.38272628 -3.098101
v -0.29232344 0.3467604 -3.1334279
v -0.29232344 0.37878206 -3.0805562
v -0.29232344 0.4336368 -3.1402287
v -0.29232344 0.4126215 -3.165687
v -0.29232344 0.43302023 -3.14822
v -0.29232344 0.4095263 -3.1797097
v -0.29232344 0.42634636 -3.1559262
v -0.29232344 0.42681372 -3.2111568
v -0.29232344 0.38185126 -3.2358742
v -0.29232344 0.36456382 -3.204427
v -0.29232344 0.3771752 -3.2532382
v -0.29232344 0.3473978 -3.1990707
v -0.29232344 0.42650297 -3.1814013
v -0.29232344 0.484517 -3.2227743
v -0.25505868 0.48344165 -3.2740717
v -0.25505868 0.484517 -3.2227743
v -0.29232344 0.48344165 -3.2740717
v -0.25505868 0.44756377 -3.2733192
v -0.29232344 0.434342 -3.2855072
v -0.29232344 0.44756377 -3.2733192
v -0.25505868 0.434342 -3.2855072
v -0.29232344 0.48344165 -3.2740717
v -0.25505868 0.4961411 -3.286803
v -0.25505868 0.48344165 -3.2740717
v -0.29232344 0.4961411 -3.286803
v -0.30191544 0.434342 -3.2855072
v -0.30191544 0.48746935 -3.304162
v -0.30191544 0.4961411 -3.286803
v -0.30191544 0.44227776 -3.3032143
v -0.30191544 0.39888796 -3.2885048
v -0.30191544 0.40552983 -3.274947
v -0.30191544 0.35780615 -3.2544076
v -0.30191544 0.52911866 -3.2731013
v -0.30191544 0.5375395 -3.2856326
v -0.30191544 0.5526705 -3.25343
v -0.30191544 0.571973 -3.2554107
v -0.30191544 0.5953895 -3.2167473
v -0.30191544 0.5846921 -3.2005582
v -0.30191544 0.5893151 -3.165148
v -0.30191544 0.60437775 -3.1641207
v -0.30191544 0.58405477 -3.1349154
v -0.30191544 0.5954215 -3.1191895
v -0.30191544 0.57364637 -3.0795784
v -0.30191544 0.55427736 -3.0807478
v -0.30191544 0.5259227 -3.0590394
v -0.30191544 0.39344966 -3.2982318
v -0.30191544 0.44033965 -3.3142462
v -0.30191544 0.4893172 -3.3151414
v -0.30191544 0.60582197 -3.220637
v -0.30191544 0.54324406 -3.2952056
v -0.30191544 0.5805578 -3.262605
v -0.30191544 0.58223104 -3.0724885
v -0.30191544 0.60594445 -3.115352
v -0.30191544 0.5380029 -3.0357544
v -0.30191544 0.3492215 -3.2614975
v -0.30191544 0.33603102 -3.2147968
v -0.30191544 0.3473978 -3.1990707
v -0.30191544 0.3771752 -3.2532382
v -0.30191544 0.40552983 -3.274947
v -0.30191544 0.32707477 -3.1698654
v -0.30191544 0.3421374 -3.168838
v -0.30191544 0.3360631 -3.1172388
v -0.30191544 0.3467604 -3.1334279
v -0.30191544 0.37878206 -3.0805562
v -0.30191544 0.35947952 -3.0785754
v -0.30191544 0.39391306 -3.0483534
v -0.30191544 0.40233386 -3.0608847
v -0.30191544 0.4439832 -3.0298243
v -0.30191544 0.43531144 -3.0471833
v -0.30191544 0.49711055 -3.0484788
v -0.30191544 0.48917478 -3.0307717
v -0.30191544 0.5325646 -3.0454812
v -0.30191544 0.5259227 -3.0590394
v -0.30191544 0.44213533 -3.0188446
v -0.30191544 0.4911129 -3.0197399
v -0.30191544 0.32563058 -3.113349
v -0.30191544 0.3508947 -3.071381
v -0.30191544 0.3882085 -3.0387805
v -0.30191544 0.3159319 -3.1700191
v -0.30191544 0.32550812 -3.2186344
v -0.25505868 0.434342 -3.2855072
v -0.29232344 0.40552983 -3.274947
v -0.29232344 0.434342 -3.2855072
v -0.25505868 0.40552983 -3.274947
v -0.29232344 0.3771752 -3.2532382
v -0.25505868 0.3771752 -3.2532382
v -0.30191544 0.40552983 -3.274947
v -0.30191544 0.434342 -3.2855072
v -0.29232344 0.434342 -3.2855072
v -0.30191544 0.3771752 -3.2532382
v -0.30191544 0.4961411 -3.286803
v -0.29232344 0.4961411 -3.286803
v -0.30191544 0.434342 -3.2855072
v -0.29232344 0.44227776 -3.3032143
v -0.25505868 0.39888796 -3.2885048
v -0.25505868 0.44227776 -3.3032143
v -0.29232344 0.39888796 -3.2885048
v -0.25505868 0.35780615 -3.2544076
v -0.29232344 0.35780615 -3.2544076
v -0.25505868 0.5188311 -3.168299
v -0.29232344 0.5234296 -3.1786106
v -0.25505868 0.5234296 -3.1786106
v -0.29232344 0.5188311 -3.168299
v -0.25505868 0.5953895 -3.2167473
v -0.29232344 0.571973 -3.2554107
v -0.25505868 0.571973 -3.2554107
v -0.29232344 0.5953895 -3.2167473
v -0.25505868 0.5048392 -3.2093053
v -0.29232344 0.49114767 -3.2136362
v -0.25505868 0.49114767 -3.2136362
v -0.29232344 0.5048392 -3.2093053
v -0.25505868 0.5048392 -3.2093053
v -0.29232344 0.54872626 -3.2358851
v -0.29232344 0.5048392 -3.2093053
v -0.25505868 0.54872626 -3.2358851
v -0.29232344 0.54872626 -3.2358851
v -0.29232344 0.5234296 -3.1786106
v -0.25505868 0.56731665 -3.2051904
v -0.25505868 0.5234296 -3.1786106
v -0.29232344 0.5234296 -3.1786106
v -0.29232344 0.56731665 -3.2051904
v -0.25505868 0.54872626 -3.2358851
v -0.29232344 0.5526705 -3.25343
v -0.29232344 0.54872626 -3.2358851
v -0.25505868 0.5526705 -3.25343
v -0.29232344 0.56731665 -3.2051904
v -0.25505868 0.5846921 -3.2005582
v -0.25505868 0.56731665 -3.2051904
v -0.29232344 0.5846921 -3.2005582
v -0.25505868 0.5526705 -3.25343
v -0.29232344 0.52911866 -3.2731013
v -0.29232344 0.5526705 -3.25343
v -0.25505868 0.52911866 -3.2731013
v -0.29232344 0.4961411 -3.286803
v -0.30191544 0.5526705 -3.25343
v -0.30191544 0.52911866 -3.2731013
v -0.30191544 0.4961411 -3.286803
v -0.25505868 0.4961411 -3.286803
v -0.29232344 0.4961411 -3.286803
v -0.29232344 0.5526705 -3.25343
v -0.30191544 0.5846921 -3.2005582
v -0.29232344 0.5846921 -3.2005582
v -0.29232344 0.571973 -3.2554107
v -0.25505868 0.5375395 -3.2856326
v -0.25505868 0.571973 -3.2554107
v -0.29232344 0.5375395 -3.2856326
v -0.25505868 0.48746935 -3.304162
v -0.29232344 0.48746935 -3.304162
v -0.25505868 0.49340963 -3.1216557
v -0.29232344 0.5046388 -3.1228292
v -0.25505868 0.5046388 -3.1228292
v -0.29232344 0.49340963 -3.1216557
v -0.29232344 0.5046388 -3.1228292
v -0.25505868 0.57364637 -3.0795784
v -0.29232344 0.5954215 -3.1191895
v -0.25505868 0.5954215 -3.1191895
v -0.29232344 0.57364637 -3.0795784
v -0.25505868 0.5219263 -3.1542764
v -0.29232344 0.5188311 -3.168299
v -0.25505868 0.5188311 -3.168299
v -0.29232344 0.5219263 -3.1542764
v -0.29232344 0.5188311 -3.168299
v -0.25505868 0.5219263 -3.1542764
v -0.29232344 0.56688875 -3.129559
v -0.29232344 0.5219263 -3.1542764
v -0.25505868 0.56688875 -3.129559
v -0.29232344 0.56688875 -3.129559
v -0.29232344 0.5046388 -3.1228292
v -0.25505868 0.54960126 -3.0981119
v -0.25505868 0.5046388 -3.1228292
v -0.29232344 0.54960126 -3.0981119
v -0.25505868 0.56688875 -3.129559
v -0.29232344 0.58405477 -3.1349154
v -0.29232344 0.56688875 -3.129559
v -0.25505868 0.58405477 -3.1349154
v -0.29232344 0.54960126 -3.0981119
v -0.25505868 0.55427736 -3.0807478
v -0.25505868 0.54960126 -3.0981119
v -0.29232344 0.55427736 -3.0807478
v -0.25505868 0.55427736 -3.0807478
v -0.25505868 0.58405477 -3.1349154
v -0.29232344 0.5893151 -3.165148
v -0.29232344 0.58405477 -3.1349154
v -0.25505868 0.5893151 -3.165148
v -0.29232344 0.5846921 -3.2005582
v -0.25505868 0.5846921 -3.2005582
v -0.30191544 0.58405477 -3.1349154
v -0.30191544 0.55427736 -3.0807478
v -0.29232344 0.55427736 -3.0807478
v -0.30191544 0.5893151 -3.165148
v -0.30191544 0.5846921 -3.2005582
v -0.29232344 0.5954215 -3.1191895
v -0.25505868 0.60437775 -3.1641207
v -0.25505868 0.5954215 -3.1191895
v -0.29232344 0.60437775 -3.1641207
v -0.25505868 0.5953895 -3.2167473
v -0.29232344 0.5953895 -3.2167473
v -0.25505868 0.44030488 -3.12035
v -0.29232344 0.44693553 -3.1112118
v -0.25505868 0.44693553 -3.1112118
v -0.29232344 0.44030488 -3.12035
v -0.25505868 0.4439832 -3.0298243
v -0.29232344 0.48917478 -3.0307717
v -0.25505868 0.48917478 -3.0307717
v -0.29232344 0.4439832 -3.0298243
v -0.25505868 0.48281342 -3.111964
v -0.29232344 0.49340963 -3.1216557
v -0.25505868 0.49340963 -3.1216557
v -0.25505868 0.48281342 -3.111964
v -0.29232344 0.48281342 -3.111964
v -0.29232344 0.49340963 -3.1216557
v -0.25505868 0.48281342 -3.111964
v -0.29232344 0.48388878 -3.0606668
v -0.29232344 0.48281342 -3.111964
v -0.25505868 0.48388878 -3.0606668
v -0.29232344 0.44693553 -3.1112118
v -0.25505868 0.4480109 -3.0599146
v -0.25505868 0.44693553 -3.1112118
v -0.29232344 0.4480109 -3.0599146
v -0.25505868 0.48388878 -3.0606668
v -0.29232344 0.49711055 -3.0484788
v -0.29232344 0.48388878 -3.0606668
v -0.25505868 0.49711055 -3.0484788
v -0.25505868 0.49711055 -3.0484788
v -0.29232344 0.5259227 -3.0590394
v -0.29232344 0.49711055 -3.0484788
v -0.25505868 0.5259227 -3.0590394
v -0.29232344 0.55427736 -3.0807478
v -0.25505868 0.55427736 -3.0807478
v -0.30191544 0.5259227 -3.0590394
v -0.30191544 0.49711055 -3.0484788
v -0.29232344 0.49711055 -3.0484788
v -0.30191544 0.55427736 -3.0807478
v -0.30191544 0.43531144 -3.0471833
v -0.29232344 0.43531144 -3.0471833
v -0.30191544 0.49711055 -3.0484788
v -0.29232344 0.48917478 -3.0307717
v -0.25505868 0.5325646 -3.0454812
v -0.25505868 0.48917478 -3.0307717
v -0.29232344 0.5325646 -3.0454812
v -0.25505868 0.57364637 -3.0795784
v -0.29232344 0.57364637 -3.0795784
v -0.25505868 0.4126215 -3.165687
v -0.29232344 0.408023 -3.1553757
v -0.25505868 0.408023 -3.1553757
v -0.29232344 0.4126215 -3.165687
v -0.25505868 0.3360631 -3.1172388
v -0.29232344 0.35947952 -3.0785754
v -0.25505868 0.35947952 -3.0785754
v -0.29232344 0.3360631 -3.1172388
v -0.25505868 0.4266134 -3.1246808
v -0.29232344 0.44030488 -3.12035
v -0.25505868 0.44030488 -3.12035
v -0.29232344 0.4266134 -3.1246808
v -0.29232344 0.44030488 -3.12035
v -0.25505868 0.4266134 -3.1246808
v -0.29232344 0.38272628 -3.098101
v -0.29232344 0.4266134 -3.1246808
v -0.25505868 0.38272628 -3.098101
v -0.29232344 0.38272628 -3.098101
v -0.29232344 0.408023 -3.1553757
v -0.25505868 0.3641359 -3.1287956
v -0.25505868 0.408023 -3.1553757
v -0.29232344 0.408023 -3.1553757
v -0.29232344 0.3641359 -3.1287956
v -0.25505868 0.38272628 -3.098101
v -0.29232344 0.37878206 -3.0805562
v -0.29232344 0.38272628 -3.098101
v -0.25505868 0.37878206 -3.0805562
v -0.29232344 0.3641359 -3.1287956
v -0.25505868 0.3467604 -3.1334279
v -0.25505868 0.3641359 -3.1287956
v -0.29232344 0.3467604 -3.1334279
v -0.25505868 0.37878206 -3.0805562
v -0.29232344 0.40233386 -3.0608847
v -0.29232344 0.37878206 -3.0805562
v -0.25505868 0.40233386 -3.0608847
v -0.29232344 0.43531144 -3.0471833
v -0.30191544 0.37878206 -3.0805562
v -0.30191544 0.40233386 -3.0608847
v -0.30191544 0.43531144 -3.0471833
v -0.25505868 0.43531144 -3.0471833
v -0.29232344 0.43531144 -3.0471833
v -0.29232344 0.37878206 -3.0805562
v -0.30191544 0.3467604 -3.1334279
v -0.29232344 0.3467604 -3.1334279
v -0.29232344 0.35947952 -3.0785754
v -0.25505868 0.39391306 -3.0483534
v -0.25505868 0.35947952 -3.0785754
v -0.29232344 0.39391306 -3.0483534
v -0.25505868 0.4439832 -3.0298243
v -0.29232344 0.4439832 -3.0298243
v -0.25505868 0.4380429 -3.2123303
v -0.29232344 0.42681372 -3.2111568
v -0.25505868 0.42681372 -3.2111568
v -0.29232344 0.4380429 -3.2123303
v -0.29232344 0.42681372 -3.2111568
v -0.25505868 0.35780615 -3.2544076
v -0.29232344 0.33603102 -3.2147968
v -0.25505868 0.33603102 -3.2147968
v -0.29232344 0.35780615 -3.2544076
v -0.25505868 0.4095263 -3.1797097
v -0.29232344 0.4126215 -3.165687
v -0.25505868 0.4126215 -3.165687
v -0.29232344 0.4095263 -3.1797097
v -0.25505868 0.4095263 -3.1797097
v -0.29232344 0.36456382 -3.204427
v -0.29232344 0.4095263 -3.1797097
v -0.25505868 0.36456382 -3.204427
v -0.29232344 0.36456382 -3.204427
v -0.29232344 0.42681372 -3.2111568
v -0.25505868 0.38185126 -3.2358742
v -0.25505868 0.42681372 -3.2111568
v -0.29232344 0.42681372 -3.2111568
v -0.29232344 0.38185126 -3.2358742
v -0.25505868 0.36456382 -3.204427
v -0.29232344 0.3473978 -3.1990707
v -0.29232344 0.36456382 -3.204427
v -0.25505868 0.3473978 -3.1990707
v -0.29232344 0.38185126 -3.2358742
v -0.25505868 0.3771752 -3.2532382
v -0.25505868 0.38185126 -3.2358742
v -0.29232344 0.3771752 -3.2532382
v -0.25505868 0.3473978 -3.1990707
v -0.29232344 0.3421374 -3.168838
v -0.29232344 0.3473978 -3.1990707
v -0.25505868 0.3421374 -3.168838
v -0.29232344 0.3467604 -3.1334279
v -0.25505868 0.3467604 -3.1334279
v -0.30191544 0.3473978 -3.1990707
v -0.30191544 0.3771752 -3.2532382
v -0.29232344 0.3771752 -3.2532382
v -0.30191544 0.3421374 -3.168838
v -0.30191544 0.3467604 -3.1334279
v -0.29232344 0.33603102 -3.2147968
v -0.25505868 0.32707477 -3.1698654
v -0.25505868 0.33603102 -3.2147968
v -0.29232344 0.32707477 -3.1698654
v -0.25505868 0.3360631 -3.1172388
v -0.29232344 0.3360631 -3.1172388
v -0.29232344 0.46582142 -3.2047038
v -0.30194426 0.4597148 -3.201688
v -0.29232344 0.4585925 -3.2081654
v -0.30194426 0.46580645 -3.1987712
v -0.29232344 0.4585925 -3.2081654
v -0.30194426 0.44105753 -3.191069
v -0.29232344 0.43645212 -3.1955636
v -0.30194426 0.4597148 -3.201688
v -0.29232344 0.43645212 -3.1955636
v -0.30194426 0.43824568 -3.1829517
v -0.29232344 0.43311536 -3.185931
v -0.30194426 0.44105753 -3.191069
v -0.29232344 0.4984323 -3.185766
v -0.30194426 0.49276742 -3.1895468
v -0.29232344 0.49781573 -3.1937573
v -0.30194426 0.493287 -3.1828127
v -0.29232344 0.49781573 -3.1937573
v -0.30194426 0.4742422 -3.2003949
v -0.29232344 0.47583205 -3.2066305
v -0.30194426 0.49276742 -3.1895468
v -0.29232344 0.47583205 -3.2066305
v -0.30194426 0.46580645 -3.1987712
v -0.29232344 0.46582142 -3.2047038
v -0.30194426 0.4742422 -3.2003949
v -0.29232344 0.49833715 -3.148055
v -0.30194426 0.49877897 -3.1548517
v -0.29232344 0.50494957 -3.1525848
v -0.30194426 0.49320686 -3.1510346
v -0.29232344 0.50494957 -3.1525848
v -0.30194426 0.49891096 -3.176319
v -0.29232344 0.5051062 -3.1780598
v -0.30194426 0.49877897 -3.1548517
v -0.29232344 0.5051062 -3.1780598
v -0.30194426 0.493287 -3.1828127
v -0.29232344 0.4984323 -3.185766
v -0.30194426 0.49891096 -3.176319
v -0.29232344 0.46563113 -3.1292822
v -0.30194426 0.47173774 -3.132298
v -0.29232344 0.47286 -3.1258206
v -0.30194426 0.4656461 -3.1352148
v -0.29232344 0.47286 -3.1258206
v -0.30194426 0.490395 -3.1429172
v -0.29232344 0.49500042 -3.1384225
v -0.30194426 0.47173774 -3.132298
v -0.29232344 0.49500042 -3.1384225
v -0.30194426 0.49320686 -3.1510346
v -0.29232344 0.49833715 -3.148055
v -0.30194426 0.490395 -3.1429172
v -0.29232344 0.43302023 -3.14822
v -0.30194426 0.4386851 -3.1444392
v -0.29232344 0.4336368 -3.1402287
v -0.30194426 0.43816555 -3.1511734
v -0.29232344 0.4336368 -3.1402287
v -0.30194426 0.45721033 -3.1335912
v -0.29232344 0.4556205 -3.1273556
v -0.30194426 0.4386851 -3.1444392
v -0.29232344 0.4556205 -3.1273556
v -0.30194426 0.4656461 -3.1352148
v -0.29232344 0.46563113 -3.1292822
v -0.30194426 0.45721033 -3.1335912
v -0.29232344 0.43311536 -3.185931
v -0.30194426 0.43267357 -3.1791344
v -0.29232344 0.42650297 -3.1814013
v -0.30194426 0.43824568 -3.1829517
v -0.29232344 0.42650297 -3.1814013
v -0.30194426 0.43254158 -3.1576672
v -0.29232344 0.42634636 -3.1559262
v -0.30194426 0.43267357 -3.1791344
v -0.29232344 0.42634636 -3.1559262
v -0.30194426 0.43816555 -3.1511734
v -0.29232344 0.43302023 -3.14822
v -0.30194426 0.43254158 -3.1576672
v -0.29232344 0.4893172 -3.3151414
v -0.30191544 0.44033965 -3.3142462
v -0.29232344 0.44033965 -3.3142462
v -0.29232344 0.4893172 -3.3151414
v -0.30191544 0.4893172 -3.3151414
v -0.29232344 0.44033965 -3.3142462
v -0.30191544 0.39344966 -3.2982318
v -0.29232344 0.39344966 -3.2982318
v -0.30191544 0.44033965 -3.3142462
v -0.30191544 0.3492215 -3.2614975
v -0.29232344 0.3492215 -3.2614975
v -0.29232344 0.60582197 -3.220637
v -0.30191544 0.5805578 -3.262605
v -0.29232344 0.5805578 -3.262605
v -0.30191544 0.60582197 -3.220637
v -0.30191544 0.54324406 -3.2952056
v -0.29232344 0.54324406 -3.2952056
v -0.30191544 0.4893172 -3.3151414
v -0.29232344 0.4893172 -3.3151414
v -0.29232344 0.58223104 -3.0724885
v -0.30191544 0.60594445 -3.115352
v -0.29232344 0.60594445 -3.115352
v -0.30191544 0.58223104 -3.0724885
v -0.30191544 0.61552066 -3.163967
v -0.29232344 0.61552066 -3.163967
v -0.30191544 0.60582197 -3.220637
v -0.29232344 0.60582197 -3.220637
v -0.29232344 0.44213533 -3.0188446
v -0.30191544 0.4911129 -3.0197399
v -0.29232344 0.4911129 -3.0197399
v -0.29232344 0.44213533 -3.0188446
v -0.30191544 0.44213533 -3.0188446
v -0.29232344 0.4911129 -3.0197399
v -0.30191544 0.5380029 -3.0357544
v -0.29232344 0.5380029 -3.0357544
v -0.30191544 0.4911129 -3.0197399
v -0.30191544 0.58223104 -3.0724885
v -0.29232344 0.58223104 -3.0724885
v -0.29232344 0.32563058 -3.113349
v -0.30191544 0.3508947 -3.071381
v -0.29232344 0.3508947 -3.071381
v -0.30191544 0.32563058 -3.113349
v -0.30191544 0.3882085 -3.0387805
v -0.29232344 0.3882085 -3.0387805
v -0.30191544 0.44213533 -3.0188446
v -0.29232344 0.44213533 -3.0188446
v -0.29232344 0.3492215 -3.2614975
v -0.30191544 0.32550812 -3.2186344
v -0.29232344 0.32550812 -3.2186344
v -0.30191544 0.3492215 -3.2614975
v -0.30191544 0.3159319 -3.1700191
v -0.29232344 0.3159319 -3.1700191
v -0.30191544 0.32563058 -3.113349
v -0.29232344 0.32563058 -3.113349
v -0.29232344 0.48746935 -3.304162
v -0.29232344 0.44033965 -3.3142462
v -0.29232344 0.44227776 -3.3032143
v -0.29232344 0.39344966 -3.2982318
v -0.29232344 0.4893172 -3.3151414
v -0.29232344 0.44033965 -3.3142462
v -0.29232344 0.5375395 -3.2856326
v -0.29232344 0.44227776 -3.3032143
v -0.29232344 0.39344966 -3.2982318
v -0.29232344 0.39888796 -3.2885048
v -0.29232344 0.3492215 -3.2614975
v -0.29232344 0.35780615 -3.2544076
v -0.29232344 0.32550812 -3.2186344
v -0.29232344 0.33603102 -3.2147968
v -0.29232344 0.3159319 -3.1700191
v -0.29232344 0.32707477 -3.1698654
v -0.29232344 0.32563058 -3.113349
v -0.29232344 0.3360631 -3.1172388
v -0.29232344 0.3508947 -3.071381
v -0.29232344 0.35947952 -3.0785754
v -0.29232344 0.3882085 -3.0387805
v -0.29232344 0.39391306 -3.0483534
v -0.29232344 0.44213533 -3.0188446
v -0.29232344 0.5953895 -3.2167473
v -0.29232344 0.5805578 -3.262605
v -0.29232344 0.571973 -3.2554107
v -0.29232344 0.60582197 -3.220637
v -0.29232344 0.54324406 -3.2952056
v -0.29232344 0.5375395 -3.2856326
v -0.29232344 0.4893172 -3.3151414
v -0.29232344 0.60437775 -3.1641207
v -0.29232344 0.61552066 -3.163967
v -0.29232344 0.5954215 -3.1191895
v -0.29232344 0.60594445 -3.115352
v -0.29232344 0.57364637 -3.0795784
v -0.29232344 0.58223104 -3.0724885
v -0.29232344 0.5325646 -3.0454812
v -0.29232344 0.5380029 -3.0357544
v -0.29232344 0.48917478 -3.0307717
v -0.30191544 0.61552066 -3.163967
v -0.29232344 0.4439832 -3.0298243
v -0.29232344 0.4911129 -3.0197399
v -0.29232344 0.48917478 -3.0307717
v -0.29232344 0.5380029 -3.0357544
v -0.29232344 0.44213533 -3.0188446
v -0.29232344 0.4911129 -3.0197399
v -0.29232344 0.39391306 -3.0483534
v -0.25505868 0.4480109 -3.0599146
v -0.29232344 0.43531144 -3.0471833
v -0.25505868 0.43531144 -3.0471833
v -0.29232344 0.4480109 -3.0599146
v -0.19983763 0.6606541 -3.061738
v -0.23185964 0.64993364 -3.0661786
v -0.19983763 0.64993364 -3.0661786
v -0.23185964 0.6606541 -3.061738
v -0.19983763 0.64993364 -3.0661786
v -0.23185964 0.639213 -3.061738
v -0.19983763 0.639213 -3.061738
v -0.23185964 0.64993364 -3.0661786
v -0.19983763 0.639213 -3.061738
v -0.23185964 0.6347725 -3.0510173
v -0.19983763 0.6347725 -3.0510173
v -0.23185964 0.639213 -3.061738
v -0.19983763 0.6347725 -3.0510173
v -0.23185964 0.639213 -3.0402968
v -0.19983763 0.639213 -3.0402968
v -0.23185964 0.6347725 -3.0510173
v -0.19983763 0.639213 -3.0402968
v -0.23185964 0.64993364 -3.0358562
v -0.19983763 0.64993364 -3.0358562
v -0.23185964 0.639213 -3.0402968
v -0.19983763 0.64993364 -3.0358562
v -0.23185964 0.6606541 -3.0402968
v -0.19983763 0.6606541 -3.0402968
v -0.23185964 0.64993364 -3.0358562
v -0.19983763 0.6606541 -3.0402968
v -0.23185964 0.66509473 -3.0510173
v -0.19983763 0.66509473 -3.0510173
v -0.23185964 0.6606541 -3.0402968
v -0.19983763 0.66509473 -3.0510173
v -0.23185964 0.6606541 -3.061738
v -0.19983763 0.6606541 -3.061738
v -0.23185964 0.66509473 -3.0510173
v -0.19983763 0.64993364 -3.0661786
v -0.19983763 0.64993364 -3.0510173
v -0.19983763 0.6606541 -3.061738
v -0.19983763 0.639213 -3.061738
v -0.19983763 0.6347725 -3.0510173
v -0.19983763 0.639213 -3.0402968
v -0.19983763 0.64993364 -3.0358562
v -0.19983763 0.6606541 -3.0402968
v -0.19983763 0.66509473 -3.0510173
v -0.23185964 0.6606541 -3.061738
v -0.23185964 0.64993364 -3.0510173
v -0.23185964 0.64993364 -3.0661786
v -0.23185964 0.639213 -3.061738
v -0.23185964 0.6347725 -3.0510173
v -0.23185964 0.639213 -3.0402968
v -0.23185964 0.64993364 -3.0358562
v -0.23185964 0.6606541 -3.0402968
v -0.23185964 0.66509473 -3.0510173
vn -0.99989575 -0.0076865493 -0.012221847
vn -0.99989575 -0.0076865493 -0.012221847
vn -0.99989575 -0.0076865493 -0.012221847
vn -0.99989575 -0.0076865493 -0.012221847
vn -0.999427 -0.032627713 -0.009002391
vn -0.9951875 -0.09448251 0.025978794
vn -0.9951875 -0.09448251 0.025978794
vn -0.9951875 -0.09448251 0.025978794
vn -0.9951875 -0.09448251 0.025978794
vn -0.9951875 -0.09448251 0.025978794
vn -0.9951875 -0.09448251 0.025978794
vn -0.027907215 0.013752138 0.99951595
vn -0.027907215 0.013752138 0.99951595
vn -0.027907215 0.013752138 0.99951595
vn -0.027907215 0.013752138 0.99951595
vn -0.011273608 0.9869085 0.16088693
vn -0.011273608 0.9869085 0.16088693
vn -0.011273608 0.9869085 0.16088693
vn -0.011273608 0.9869085 0.16088693
vn -0.99765927 -0.065436274 -0.019851632
vn -0.99765927 -0.065436274 -0.019851632
vn -0.99765927 -0.065436274 -0.019851632
vn -0.99765927 -0.065436274 -0.019851632
vn -0.07487811 0.9820045 0.17337932
vn -0.07487811 0.9820045 0.17337932
vn -0.07487811 0.9820045 0.17337932
vn -0.07487811 0.9820045 0.17337932
vn 0.002150706 0.96969277 0.2443179
vn 0.002150706 0.96969277 0.2443179
vn 0.002150706 0.96969277 0.2443179
vn 0.002150706 0.96969277 0.2443179
vn -0.95807874 -0.2693149 0.09774811
vn -0.95807874 -0.2693149 0.09774811
vn -0.95807874 -0.2693149 0.09774811
vn -0.95807874 -0.2693149 0.09774811
vn -0.07887452 -0.10600397 0.9912325
vn -0.07887452 -0.10600397 0.9912325
vn -0.07887452 -0.10600397 0.9912325
vn -0.07887452 -0.10600397 0.9912325
vn -0.9619361 -0.2701239 0.04137567
vn -0.9619361 -0.2701239 0.04137567
vn -0.9619361 -0.2701239 0.04137567
vn -0.9619361 -0.2701239 0.04137567
vn -0.15817268 0.27897966 -0.9471809
vn -0.15817268 0.27897966 -0.9471809
vn -0.15817268 0.27897966 -0.9471809
vn -0.15817268 0.27897966 -0.9471809
vn -0.95669246 -0.18210058 -0.22710994
vn -0.95669246 -0.18210058 -0.22710994
vn -0.95669246 -0.18210058 -0.22710994
vn -0.95669246 -0.18210058 -0.22710994
vn -0.9666408 -0.25589252 0.011163096
vn -0.9666408 -0.25589252 0.011163096
vn -0.9666408 -0.25589252 0.011163096
vn -0.9666408 -0.25589252 0.011163096
vn -0.39998817 -0.25073296 0.88155687
vn -0.39998817 -0.25073296 0.88155687
vn -0.39998817 -0.25073296 0.88155687
vn -0.39998817 -0.25073296 0.88155687
vn 0.04471064 -0.15833928 0.98637193
vn 0.04471064 -0.15833928 0.98637193
vn 0.04471064 -0.15833928 0.98637193
vn 0.04471064 -0.15833928 0.98637193
vn -0.19395731 0.110362515 -0.97478235
vn -0.19395731 0.110362515 -0.97478235
vn -0.19395731 0.110362515 -0.97478235
vn -0.19395731 0.110362515 -0.97478235
vn -0.96525896 -0.2289805 -0.12586905
vn -0.96525896 -0.2289805 -0.12586905
vn -0.96525896 -0.2289805 -0.12586905
vn -0.96525896 -0.2289805 -0.12586905
vn -0.944242 -0.27031377 0.1879828
vn -0.944242 -0.27031377 0.1879828
vn -0.944242 -0.27031377 0.1879828
vn -0.944242 -0.27031377 0.1879828
vn 0.74516237 -0.28989866 -0.6005763
vn 0.34872782 0.53593904 -0.7688682
vn 0.39324284 -0.5275804 -0.7530067
vn 0.75149626 0.25726867 -0.6075081
vn -0.025502408 -0.6739146 -0.7383689
vn -0.03493752 0.6850515 -0.72765636
vn -0.38784307 -0.56674093 -0.7268992
vn -0.3303411 0.57807606 -0.7461251
vn -0.5589668 -0.308708 -0.7695814
vn -0.5530589 0.3045282 -0.77549237
vn 0.5302437 0.84497046 -0.06976055
vn 0.9372188 0.33036086 -0.111725524
vn 0.5162943 0.831752 0.20403115
vn 0.9135011 0.32872558 0.23969808
vn 0.9078607 -0.3461265 0.2366125
vn 0.92916363 -0.35464945 -0.10430122
vn -0.06441907 0.9843267 0.16416799
vn -0.061353084 0.9981135 -0.002294554
vn -0.5954458 0.71375895 0.36877143
vn -0.47729942 0.87783563 -0.039872468
vn -0.2888857 0.66331995 0.6903272
vn -0.50352925 0.69513065 -0.5130806
vn -0.66688734 -0.6515482 0.3615886
vn -0.30574685 -0.64058554 0.7043927
vn 0.004227476 0.72821563 0.68533504
vn -0.10325713 0.7068859 -0.6997502
vn 0.37515676 0.72465056 0.5780475
vn -0.36747697 0.7133048 -0.5967889
vn 0.7080695 0.6844505 0.17368099
vn -0.36895868 0.7226166 -0.58454657
vn 0.33235708 -0.71567804 0.61428314
vn 0.5781095 -0.75182116 0.317103
vn -0.55474 -0.68152964 -0.47726408
vn -0.40969616 -0.7201273 -0.55996937
vn -0.014043515 -0.7125433 0.7014876
vn 0.37515676 0.72465056 0.5780475
vn -0.12100588 -0.719741 -0.6836158
vn -0.519163 -0.6930986 -0.5000841
vn 0.7961336 0.6006698 -0.073261276
vn -0.3885519 0.83936846 -0.38011578
vn 0.7965111 0.6046172 -0.0028442491
vn -0.40787044 0.86572355 0.29011095
vn 0.69226855 0.68855584 -0.21599807
vn -0.39135918 0.73804206 0.5496653
vn -0.37618968 0.71445066 0.58995044
vn 0.35857219 0.7228667 -0.59066886
vn 0.3411623 -0.71717554 -0.6076739
vn 0.5905345 -0.7575133 -0.27828497
vn -0.5381143 -0.67275935 0.50776756
vn -0.3934498 -0.718891 0.57305574
vn -0.10325453 0.70688766 0.6997489
vn 0.0042246976 0.7282164 -0.6853342
vn -0.014046344 -0.7125422 -0.7014886
vn -0.12100345 -0.71974015 0.6836171
vn -0.50352883 0.6951327 0.5130783
vn -0.28888726 0.66331977 -0.69032687
vn -0.47730142 0.8778346 0.039871376
vn -0.5954465 0.7137592 -0.3687699
vn -0.061353587 0.99811345 0.0023007526
vn -0.06442 0.9843263 -0.16417003
vn 0.5302442 0.8449697 0.06976633
vn 0.51629424 0.83175087 -0.20403616
vn 0.9372191 0.3303609 0.11172322
vn 0.9134993 0.32872966 -0.23969953
vn 0.9078619 -0.34612292 -0.23661298
vn -0.6668881 -0.65154773 -0.36158782
vn -0.3057497 -0.6405846 -0.70439225
vn 0.7515006 0.25726706 0.6075034
vn 0.3487302 0.53593427 0.7688704
vn 0.74516827 -0.2899007 0.60056794
vn 0.39324933 -0.52758306 0.7530014
vn -0.02550431 -0.6739139 0.7383696
vn -0.034940973 0.6850457 0.7276616
vn -0.38783965 -0.5667409 0.72690105
vn -0.33034375 0.5780754 0.74612457
vn -0.558965 -0.3087063 0.76958334
vn -0.5530572 0.304532 0.7754921
vn 0.92916393 -0.3546501 0.10429594
vn 0.9078619 -0.34612292 -0.23661298
vn -0.5573815 -0.83009094 0.016580008
vn -0.51916313 -0.6930981 0.5000846
vn -0.50352883 0.6951327 0.5130783
vn 0.6214214 0.23486201 0.7474458
vn 0.32244366 -0.43474063 0.8408512
vn 0.27178565 0.46160445 0.84442514
vn 0.62522095 -0.23612298 0.74387145
vn -0.04557984 0.56984353 0.82048815
vn -0.041530937 -0.5378617 0.8420095
vn -0.6244509 0.42844826 0.6530645
vn -0.6834917 -0.37174106 0.62821
vn 0.9078607 -0.3461265 0.2366125
vn 0.5963313 -0.80034906 -0.06188995
vn 0.58510447 -0.78580505 0.20040782
vn 0.92916363 -0.35464945 -0.10430122
vn -0.055980127 -0.9828895 0.17548388
vn -0.050371334 -0.998613 0.015323529
vn -0.66688734 -0.6515482 0.3615886
vn -0.5573827 -0.8300902 -0.016577136
vn -0.30574685 -0.64058554 0.7043927
vn -0.519163 -0.6930986 -0.5000841
vn -0.014043515 -0.7125433 0.7014876
vn -0.12100588 -0.719741 -0.6836158
vn 0.33235708 -0.71567804 0.61428314
vn -0.40969616 -0.7201273 -0.55996937
vn 0.5781095 -0.75182116 0.317103
vn -0.55474 -0.68152964 -0.47726408
vn 0.39324284 -0.5275804 -0.7530067
vn 0.74516237 -0.28989866 -0.6005763
vn -0.38784307 -0.56674093 -0.7268992
vn -0.025502408 -0.6739146 -0.7383689
vn -0.5589668 -0.308708 -0.7695814
vn 0.6446675 -0.7608818 0.07391044
vn -0.7375324 -0.6321483 -0.23755936
vn 0.6459988 -0.76303077 0.021672798
vn -0.72279495 -0.6141059 0.31692475
vn 0.5905345 -0.7575133 -0.27828497
vn -0.5381143 -0.67275935 0.50776756
vn -0.3934498 -0.718891 0.57305574
vn 0.3411623 -0.71717554 -0.6076739
vn -0.12100345 -0.71974015 0.6836171
vn -0.014046344 -0.7125422 -0.7014886
vn -0.51916313 -0.6930981 0.5000846
vn -0.3057497 -0.6405846 -0.70439225
vn -0.5573815 -0.83009094 0.016580008
vn -0.6668881 -0.65154773 -0.36158782
vn -0.050371367 -0.99861306 -0.015321329
vn -0.055980675 -0.9828894 -0.17548388
vn 0.5963311 -0.8003496 0.061883934
vn 0.5851033 -0.78580594 -0.20040761
vn 0.9078619 -0.34612292 -0.23661298
vn 0.92916393 -0.3546501 0.10429594
vn 0.39324933 -0.52758306 0.7530014
vn 0.74516827 -0.2899007 0.60056794
vn -0.02550431 -0.6739139 0.7383696
vn -0.38783965 -0.5667409 0.72690105
vn 0.62522304 -0.2361176 -0.7438714
vn 0.32244733 -0.434741 -0.84084964
vn -0.041530114 -0.53786194 -0.84200937
vn -0.68349403 -0.37174043 -0.62820774
vn -0.10325713 0.7068859 -0.6997502
vn -0.36747697 0.7133048 -0.5967889
vn -0.50352925 0.69513065 -0.5130806
vn 0.62522095 -0.23612298 0.74387145
vn 0.32244366 -0.43474063 0.8408512
vn -0.041530937 -0.5378617 0.8420095
vn -0.6834917 -0.37174106 0.62821
vn 0.62142056 0.23486657 -0.74744505
vn 0.32244733 -0.434741 -0.84084964
vn 0.62522304 -0.2361176 -0.7438714
vn 0.27178842 0.46160024 -0.8444266
vn -0.04558053 0.5698417 -0.8204894
vn -0.041530114 -0.53786194 -0.84200937
vn -0.624455 0.4284479 -0.6530608
vn -0.68349403 -0.37174043 -0.62820774
vn 0.9078619 -0.34612292 -0.23661298
vn -0.5954465 0.7137592 -0.3687699
vn -0.72279495 -0.6141059 0.31692475
vn -0.7375324 -0.6321483 -0.23755936
vn 0.6459988 -0.76303077 0.021672798
vn 0.6446675 -0.7608818 0.07391044
vn 0.74516356 -0.2899005 -0.60057384
vn 0.34873158 0.53593534 -0.76886904
vn 0.39324668 -0.52758294 -0.7530029
vn 0.7514979 0.25726718 -0.6075068
vn -0.02550187 -0.67391497 -0.7383687
vn -0.034936797 0.6850477 -0.72766006
vn -0.2774451 -0.5199391 -0.8078908
vn -0.28755832 0.6150607 -0.7341734
vn -0.42020145 -0.27490094 -0.8647891
vn -0.51552075 0.35535306 -0.7797195
vn 0.92916346 -0.35465053 -0.10429901
vn 0.5963306 -0.8003499 -0.061885893
vn 0.90786153 -0.34612352 0.23661345
vn 0.58510506 -0.7858046 0.2004075
vn 0.9372194 0.33035943 -0.11172507
vn 0.91350037 0.32872733 0.23969844
vn -0.055979375 -0.9828897 0.17548239
vn -0.05037171 -0.998613 0.015323574
vn -0.58636117 -0.7182472 0.37456852
vn -0.4116425 -0.90337944 -0.12023341
vn 0.0066173067 -0.6850106 0.72850305
vn -0.007584315 0.6939159 0.72001606
vn -0.56520325 0.7368058 0.37102905
vn -0.38930207 -0.7212842 -0.5728813
vn 0.2354954 0.68411034 0.6903152
vn 0.2697508 -0.6487068 0.7116277
vn 0.35988438 0.7125573 0.6022834
vn 0.49626222 -0.6658962 0.5570512
vn 0.487499 0.7127701 0.5042852
vn 0.5936259 -0.69216996 0.41049853
vn -0.2606648 -0.7460506 -0.6127499
vn -0.47931442 -0.71364486 -0.5108509
vn -0.40092474 0.73207045 -0.55075604
vn -0.58633494 0.6944715 -0.4170381
vn -0.05364142 -0.73674965 -0.67403454
vn 0.2697508 -0.6487068 0.7116277
vn -0.08684178 0.7352512 -0.6722085
vn -0.43875816 0.7543984 -0.4882359
vn -0.50475806 0.70812184 -0.49374354
vn -0.35796103 -0.7512249 -0.5545495
vn 0.48525456 -0.66609126 0.5664366
vn 0.34105328 0.7060729 0.62059945
vn -0.30892769 0.6072465 -0.7319941
vn -0.2510728 -0.90884584 -0.3331091
vn 0.57107985 -0.6825322 0.45608938
vn 0.6973326 -0.70817447 0.11052702
vn -0.0884655 -0.9770521 0.19376047
vn 0.6313201 -0.7476903 -0.20589828
vn -0.0968731 -0.99205124 -0.08031161
vn 0.44050995 -0.6861639 -0.5789042
vn -0.21758077 -0.8934325 0.39298475
vn -0.22476096 -0.7469407 0.62574923
vn 0.27810198 -0.66621774 -0.6919633
vn 0.47269017 0.74493253 -0.470786
vn 0.18767604 0.7455001 -0.63953686
vn -0.3136194 0.6631127 0.6796502
vn -0.16783531 0.70761037 0.686381
vn 0.05689155 -0.7108713 -0.7010174
vn -0.06814755 0.7245766 -0.6858168
vn -0.04882194 -0.7277623 0.68408954
vn -0.17312472 0.69356143 0.6992856
vn -0.14339356 -0.6836529 -0.71558154
vn -0.26131034 0.6629863 -0.7015455
vn -0.55247617 -0.7467209 -0.37037542
vn -0.6176389 0.6904083 -0.3766411
vn -0.44723088 -0.7413133 0.500439
vn -0.47176826 -0.88156426 0.01670573
vn -0.55247617 -0.7467209 -0.37037542
vn 0.049286257 -0.99866724 -0.0153183285
vn 0.042139344 -0.98357993 -0.17548466
vn 0.67304075 -0.7370115 0.061888445
vn 0.6604218 -0.7236573 -0.20040758
vn 0.9378078 -0.25403082 -0.23661137
vn 0.95985264 -0.26039374 0.104297616
vn 0.8996785 0.42201436 0.1117244
vn 0.87624013 0.4180292 -0.2396975
vn 0.44381186 -0.48581433 0.7530043
vn 0.77032375 -0.21428205 0.6005702
vn 0.29364944 0.5679859 0.76887065
vn 0.7221578 0.33079618 0.6075048
vn 0.041707408 -0.6731036 0.7383712
vn -0.10296005 0.6781653 0.7276613
vn -0.32949758 -0.6025335 0.7269007
vn -0.3862498 0.542319 0.74612415
vn -0.5254592 -0.36281413 0.7695834
vn -0.58062685 0.24796534 0.77549064
vn -0.57054883 0.6415403 0.5127379
vn 0.9372194 0.33035943 -0.11172507
vn 0.5162948 0.83175105 0.20403415
vn 0.53024554 0.84496903 -0.06976379
vn 0.91350037 0.32872733 0.23969844
vn -0.06442065 0.98432624 0.16417016
vn -0.06135284 0.9981135 -0.0022991921
vn -0.56520325 0.7368058 0.37102905
vn -0.4080314 0.9125016 -0.029175723
vn -0.007584315 0.6939159 0.72001606
vn -0.43875816 0.7543984 -0.4882359
vn 0.2354954 0.68411034 0.6903152
vn -0.08684178 0.7352512 -0.6722085
vn 0.35988438 0.7125573 0.6022834
vn -0.40092474 0.73207045 -0.55075604
vn 0.487499 0.7127701 0.5042852
vn -0.58633494 0.6944715 -0.4170381
vn 0.7514979 0.25726718 -0.6075068
vn 0.34873158 0.53593534 -0.76886904
vn -0.034936797 0.6850477 -0.72766006
vn -0.28755832 0.6150607 -0.7341734
vn -0.51552075 0.35535306 -0.7797195
vn 0.34105328 0.7060729 0.62059945
vn -0.50475806 0.70812184 -0.49374354
vn 0.8719928 0.48665726 0.052850697
vn -0.30892769 0.6072465 -0.7319941
vn 0.2246 0.96815866 -0.11056044
vn 0.012501018 0.66927594 -0.7429087
vn -0.49991706 0.84546757 -0.18779624
vn 0.14662874 0.930278 0.33627787
vn -0.10876061 0.9220115 0.3715722
vn -0.03420895 0.39868465 0.91644984
vn -0.16783531 0.70761037 0.686381
vn 0.47269017 0.74493253 -0.470786
vn -0.3136194 0.6631127 0.6796502
vn 0.18767604 0.7455001 -0.63953686
vn -0.17312472 0.69356143 0.6992856
vn -0.06814755 0.7245766 -0.6858168
vn -0.57054883 0.6415403 0.5127379
vn -0.26131034 0.6629863 -0.7015455
vn -0.5624854 0.82585055 0.039763268
vn -0.6176389 0.6904083 -0.3766411
vn -0.16040708 0.98704827 0.0023003977
vn -0.16208592 0.9730242 -0.1641709
vn 0.44349867 0.8935556 0.06976654
vn 0.4309342 0.8790141 -0.20403431
vn 0.8996785 0.42201436 0.1117244
vn 0.87624013 0.4180292 -0.2396975
vn 0.7221578 0.33079618 0.6075048
vn 0.29364944 0.5679859 0.76887065
vn -0.10296005 0.6781653 0.7276613
vn -0.3862498 0.542319 0.74612415
vn -0.58062685 0.24796534 0.77549064
vn 0.22448677 0.4863638 -0.8444264
vn 0.5949552 0.29555836 -0.7474446
vn -0.10207979 0.562473 -0.82049
vn -0.66400295 0.36415586 -0.65306246
vn 0.62142146 0.23486488 0.7474449
vn 0.32244453 -0.43474013 0.84085107
vn 0.27178448 0.46160167 0.84442705
vn 0.625222 -0.23611753 0.7438722
vn -0.045583047 0.5698418 0.82048917
vn -0.04153088 -0.5378626 0.8420089
vn -0.6244519 0.42844865 0.65306324
vn -0.683492 -0.3717413 0.6282095
vn 0.2697508 -0.6487068 0.7116277
vn 0.27178448 0.46160167 0.84442705
vn 0.62142146 0.23486488 0.7474449
vn -0.045583047 0.5698418 0.82048917
vn -0.6244519 0.42844865 0.65306324
vn 0.5949552 0.29555836 -0.7474446
vn 0.36411977 -0.40048388 -0.8408505
vn 0.6456219 -0.17270903 -0.743871
vn 0.22448677 0.4863638 -0.8444264
vn -0.10207979 0.562473 -0.82049
vn 0.012216585 -0.539324 -0.8420097
vn -0.66400295 0.36415586 -0.65306246
vn -0.64309263 -0.43793258 -0.6282093
vn -0.6176389 0.6904083 -0.3766411
vn 0.8674775 0.48879072 0.09255572
vn -0.074304976 0.89606553 0.43765894
vn -0.3184165 0.93853635 -0.13326813
vn 0.050505616 0.74694014 -0.6629703
vn -0.30892769 0.6072465 -0.7319941
vn -0.074304976 0.89606553 0.43765894
vn 0.69109374 0.6492433 0.31760436
vn -0.3184165 0.93853635 -0.13326813
vn 0.7946677 0.6070423 -0.0016788826
vn 0.050505616 0.74694014 -0.6629703
vn 0.7681568 0.54988736 -0.3279619
vn 0.9899952 0.14107455 -0.0027508142
vn -0.30892769 0.6072465 -0.7319941
vn -0.9290456 -0.34960636 0.1210358
vn -0.1861451 0.39208308 0.9009
vn -0.5959434 -0.27775836 0.7534598
vn -0.03420895 0.39868465 0.91644984
vn -0.24364522 -0.8427183 0.48006544
vn -0.19287215 -0.9543361 -0.22812942
vn -0.2675913 -0.94560283 0.18501413
vn -0.41344348 -0.7269866 -0.548229
vn 0.012501018 0.66927594 -0.7429087
vn -0.9290456 -0.34960636 0.1210358
vn -0.9521779 -0.29185233 0.09044038
vn -0.2534 0.70510167 -0.66228396
vn -0.7744291 -0.22229843 -0.5923201
vn -0.33613268 0.93859005 -0.07786839
vn -0.9521779 -0.29185233 0.09044038
vn -0.33285853 0.8206827 0.46441904
vn -0.9290456 -0.34960636 0.1210358
vn -0.7744291 -0.22229843 -0.5923201
vn 0.8674775 0.48879072 0.09255572
vn 0.6313201 -0.7476903 -0.20589828
vn 0.9899952 0.14107455 -0.0027508142
vn 0.6973326 -0.70817447 0.11052702
vn 0.8719928 0.48665726 0.052850697
vn -0.1861451 0.39208308 0.9009
vn -0.33285853 0.8206827 0.46441904
vn -0.33613268 0.93859005 -0.07786839
vn -0.2534 0.70510167 -0.66228396
vn -0.0 0.0 1.0
vn -0.0 0.0 1.0
vn -0.0 0.0 1.0
vn -0.0 0.0 1.0
vn 0.93699557 -0.34406617 -0.060479578
vn 0.9141767 -0.33568525 -0.22714835
vn 0.9141767 -0.33568525 -0.22714835
vn 0.93699557 -0.34406617 -0.060479578
vn 0.9141767 -0.33568525 -0.22714835
vn 0.86542314 -0.31778112 -0.38737312
vn 0.9141767 -0.33568525 -0.22714835
vn 0.86542314 -0.31778112 -0.38737312
vn -0.0 0.50236917 -0.8646532
vn -0.0 0.50236917 -0.8646532
vn -0.0 0.50236917 -0.8646532
vn -0.0 0.50236917 -0.8646532
vn -0.0 0.50236917 -0.8646532
vn -0.3570928 -0.9317962 -0.06511912
vn -0.3570928 -0.9317962 -0.06511912
vn -0.3570928 -0.9317962 -0.06511912
vn -0.3570928 -0.9317962 -0.06511912
vn -0.3570928 -0.9317962 -0.06511912
vn -0.37450075 -0.9228255 -0.0902346
vn -0.37450075 -0.9228255 -0.0902346
vn -1.0 0.0 0.0
vn -1.0 0.0 0.0
vn -1.0 0.0 0.0
vn -1.0 0.0 0.0
vn -1.0 0.0 0.0
vn -1.0 0.0 0.0
vn -1.0 0.0 0.0
vn -1.0 0.0 0.0
vn -1.0 0.0 0.0
vn -1.0 0.0 0.0
vn -1.0 0.0 0.0
vn -1.0 0.0 0.0
vn 0.99940956 0.03168987 -0.013280158
vn 1.0 0.0 0.0
vn 1.0 -3.278192E-7 0.0
vn 0.9976331 0.06341836 -0.02657608
vn 1.0 -1.0002427E-6 0.0
vn 1.0 -6.556384E-7 0.0
vn 1.0 -1.3448471E-6 0.0
vn 0.9976331 0.06341769 -0.02657608
vn 0.99054366 0.12653652 -0.053026352
vn 1.0 2.8631342E-7 0.0
vn 1.0 2.8631342E-7 0.0
vn 0.13953355 -0.9549769 -0.26181963
vn 0.13953355 -0.9549769 -0.26181963
vn 0.13953355 -0.9549769 -0.26181963
vn 0.13953355 -0.9549769 -0.26181963
vn -0.0 -0.8293353 -0.5587513
vn -0.0 -0.8293353 -0.5587513
vn -0.0 -0.8293353 -0.5587513
vn -0.0 -0.8293353 -0.5587513
vn -0.0 -0.8293353 -0.5587513
vn -0.0 0.0 1.0
vn -0.0 0.0 1.0
vn -0.0 0.0 1.0
vn -0.0 0.0 1.0
vn 0.17103821 0.3987771 0.9009566
vn 0.18337584 0.27019402 0.9451817
vn 0.18337584 0.27019402 0.9451817
vn 0.17103821 0.3987771 0.9009566
vn 0.19229501 0.1365741 0.9717871
vn 0.19229501 0.1365741 0.9717871
vn -0.77782226 0.6284843 0.0
vn -0.6086612 0.79336226 0.01038698
vn -0.5923865 0.80565095 -0.0022121377
vn -0.77782226 0.6284843 0.0
vn -0.37693208 0.92623675 -0.0027713843
vn -0.36798385 0.9298223 -0.004278762
vn -0.3858444 0.922563 -0.0012637426
vn -0.6246847 0.78053653 0.023058914
vn -0.81491965 0.5777783 0.045587406
vn -0.81491965 0.5777783 0.045587406
vn -0.3856365 0.9226424 -0.0039233295
vn -0.3856365 0.9226424 -0.0039233295
vn 0.2101833 -0.97766197 0.0
vn 0.2101833 -0.97766197 0.0
vn 0.2101833 -0.97766197 0.0
vn 0.2101833 -0.97766197 0.0
vn 0.32659566 0.112262785 -0.93847346
vn 0.34824568 0.031814005 -0.9368633
vn 0.34824568 0.031814005 -0.9368633
vn 0.36747774 -0.048855666 -0.92874825
vn 0.32659566 0.112262785 -0.93847346
vn 0.32659566 0.112262785 -0.93847346
vn 0.34824568 0.031814005 -0.9368633
vn 0.36747774 -0.048855666 -0.92874825
vn 0.2844825 -0.95128244 -0.1188755
vn 0.2844825 -0.95128244 -0.1188755
vn 0.2844825 -0.95128244 -0.1188755
vn 0.2844825 -0.95128244 -0.1188755
vn 0.2844825 -0.95128244 -0.1188755
vn 0.2844825 -0.95128244 -0.1188755
vn -0.0 0.84236264 0.53891116
vn -0.0 0.84236264 0.53891116
vn -0.0 0.84236264 0.53891116
vn -0.0 0.84236264 0.53891116
vn -0.0 0.84236264 0.53891116
vn -0.0 -0.62133414 -0.78354573
vn -0.0 -0.62133414 -0.78354573
vn -0.0 -0.62133414 -0.78354573
vn -0.0 -0.62133414 -0.78354573
vn -0.0 0.5883126 -0.80863357
vn -0.0 0.5883126 -0.80863357
vn -0.0 0.5883126 -0.80863357
vn -0.0 0.5883126 -0.80863357
vn -0.0 0.5883126 -0.80863357
vn -0.99451685 0.06111594 0.08485918
vn -0.99451685 0.06111594 0.08485918
vn -0.99451685 0.06111594 0.08485918
vn -0.99451685 0.06111594 0.08485918
vn -0.0 -0.87177527 0.48990598
vn -0.0 -0.87177527 0.48990598
vn -0.0 -0.87177527 0.48990598
vn -0.0 -0.87177527 0.48990598
vn -0.0 -0.87177527 0.48990598
vn 0.9945168 -0.061116856 -0.08485917
vn 0.9945168 -0.061116856 -0.08485917
vn 0.9945168 -0.061116856 -0.08485917
vn 0.9945168 -0.061116856 -0.08485917
vn -0.94910246 0.0 0.31496736
vn -0.9491029 0.0 0.3149661
vn -0.9491029 0.0 0.3149661
vn -0.94910246 0.0 0.31496736
vn -0.9491033 0.0 0.3149649
vn -0.9491033 0.0 0.3149649
vn -0.0 1.0 0.0
vn -0.0 1.0 0.0
vn -0.0 1.0 0.0
vn -0.0 1.0 0.0
vn -0.0 1.0 0.0
vn -0.0 1.0 0.0
vn 0.9467835 0.17617697 -0.2693747
vn 0.9728597 0.13086414 -0.19083637
vn 0.9728597 0.13086414 -0.19083637
vn 0.9467835 0.17617697 -0.2693747
vn 0.9902761 0.08438646 -0.11059943
vn 0.9902761 0.08438646 -0.11059943
vn -2.0745554E-6 0.0 -1.0
vn -2.0745554E-6 0.0 -1.0
vn -2.0745554E-6 0.0 -1.0
vn -2.0745554E-6 0.0 -1.0
vn -0.0 0.0 -1.0
vn -0.0 0.0 -1.0
vn 0.8930014 -0.4500539 0.0
vn 0.8930014 -0.4500539 0.0
vn 0.8930014 -0.4500539 0.0
vn 0.8930014 -0.4500539 0.0
vn 0.11476602 0.97808623 0.17371276
vn 0.11476602 0.97808623 0.17371276
vn 0.11476602 0.97808623 0.17371276
vn 0.11476602 0.97808623 0.17371276
vn -0.337896 -0.94118345 0.0
vn -0.337896 -0.94118345 0.0
vn -0.337896 -0.94118345 0.0
vn -0.337896 -0.94118345 0.0
vn 0.19505087 -0.6822702 0.704601
vn 0.19505087 -0.6822702 0.704601
vn 0.19505087 -0.6822702 0.704601
vn 0.19505087 -0.6822702 0.704601
vn 0.19505087 -0.6822702 0.704601
vn -0.19851242 -0.9799977 -0.014046727
vn -0.19851242 -0.9799977 -0.014046727
vn -0.19851242 -0.9799977 -0.014046727
vn -0.3196278 -0.9413749 0.10794154
vn -0.3196278 -0.9413749 0.10794154
vn -0.3196278 -0.9413749 0.10794154
vn -0.16989388 -0.95685107 0.23573731
vn -0.085878395 -0.989154 0.11916109
vn -0.16989388 -0.95685107 0.23573731
vn -0.085878395 -0.989154 0.11916109
vn -0.0 -1.0 0.0
vn -0.0 -1.0 0.0
vn 0.44372144 -0.8772884 -0.18296562
vn 0.40078923 -0.91616714 0.0023917565
vn 0.44372144 -0.8772884 -0.18296562
vn 0.40078923 -0.91616714 0.0023917565
vn 0.46991998 -0.80532515 -0.361423
vn 0.46991998 -0.80532515 -0.361423
vn 0.1210442 0.002682964 0.9926435
vn 0.1210442 0.002682964 0.9926435
vn 0.1210442 0.002682964 0.9926435
vn 0.1210442 0.002682964 0.9926435
vn 0.4733751 0.8807746 -0.012336188
vn 0.4733751 0.8807746 -0.012336188
vn 0.4733751 0.8807746 -0.012336188
vn 0.4733751 0.8807746 -0.012336188
vn 0.03722518 -0.9992974 0.0043527144
vn 0.03722518 -0.9992974 0.0043527144
vn 0.03722518 -0.9992974 0.0043527144
vn 0.03722518 -0.9992974 0.0043527144
vn 0.4173399 0.90821016 0.031333186
vn 0.4173399 0.90821016 0.031333186
vn 0.4173399 0.90821016 0.031333186
vn 0.4173399 0.90821016 0.031333186
vn 0.11806111 0.0026172658 -0.9930029
vn 0.11806111 0.0026172658 -0.9930029
vn 0.11806111 0.0026172658 -0.9930029
vn 0.11806111 0.0026172658 -0.9930029
vn 0.119255714 -0.9884462 -0.09355323
vn 0.119255714 -0.9884462 -0.09355323
vn 0.119255714 -0.9884462 -0.09355323
vn 0.119255714 -0.9884462 -0.09355323
vn 0.99385667 -0.09584807 -0.05533634
vn 0.99385667 -0.09584807 -0.05533634
vn 0.99385667 -0.09584807 -0.05533634
vn 0.99385667 -0.09584807 -0.05533634
vn 0.2118045 0.46032643 0.86211276
vn 0.2118045 0.46032643 0.86211276
vn 0.2118045 0.46032643 0.86211276
vn 0.2118045 0.46032643 0.86211276
vn -0.40393537 0.9111401 0.081608914
vn -0.40393537 0.9111401 0.081608914
vn -0.40393537 0.9111401 0.081608914
vn -0.40393537 0.9111401 0.081608914
vn 0.15278725 0.47485906 -0.86669767
vn 0.15278725 0.47485906 -0.86669767
vn 0.15278725 0.47485906 -0.86669767
vn 0.15278725 0.47485906 -0.86669767
vn 0.93291664 -0.12282572 -0.33849728
vn 0.93291664 -0.12282572 -0.33849728
vn 0.93291664 -0.12282572 -0.33849728
vn 0.93291664 -0.12282572 -0.33849728
vn -0.0 0.0 1.0
vn -0.0 0.0 1.0
vn -0.0 0.0 1.0
vn -0.0 0.0 1.0
vn -0.0 0.0 1.0
vn -1.1041801E-5 0.0 1.0
vn -1.1041801E-5 0.0 1.0
vn -0.0 0.0 1.0
vn -0.0 0.0 1.0
vn -0.0 -1.0 0.0
vn -0.0 -1.0 0.0
vn -0.0 -1.0 0.0
vn -0.0 -1.0 0.0
vn -0.97654885 0.0 0.215296
vn -0.97654885 0.0 0.215296
vn -0.97654885 0.0 0.215296
vn -0.97654885 0.0 0.215296
vn -0.97654885 0.0 0.215296
vn -0.0 1.0 0.0
vn -0.0 1.0 0.0
vn -0.0 1.0 0.0
vn -0.0 1.0 0.0
vn 0.9765511 0.0 0.21528563
vn 0.9765511 0.0 0.21528563
vn 0.9765511 0.0 0.21528563
vn 0.9765511 0.0 0.21528563
vn 0.9765511 0.0 0.21528563
vn 0.31062746 0.0 -0.9505317
vn 0.31062746 0.0 -0.9505317
vn 0.31062746 0.0 -0.9505317
vn 0.31062746 0.0 -0.9505317
vn 0.34916332 -0.9338948 0.07697708
vn 0.34916332 -0.9338948 0.07697708
vn 0.34916332 -0.9338948 0.07697708
vn 0.34916332 -0.9338948 0.07697708
vn 0.34916332 -0.9338948 0.07697708
vn 0.07297965 0.0 0.99733347
vn 0.07297965 0.0 0.99733347
vn 0.07297965 0.0 0.99733347
vn 0.07297965 0.0 0.99733347
vn 0.34916255 0.93389505 0.07697754
vn 0.34916255 0.93389505 0.07697754
vn 0.34916255 0.93389505 0.07697754
vn 0.34916255 0.93389505 0.07697754
vn -0.83966345 0.5431071 0.0
vn -0.83966345 0.5431071 0.0
vn -0.83966345 0.5431071 0.0
vn -0.83966345 0.5431071 0.0
vn -0.1215619 -0.33860177 0.93304425
vn -0.1215619 -0.33860177 0.93304425
vn -0.1215619 -0.33860177 0.93304425
vn -0.1215619 -0.33860177 0.93304425
vn 0.83966374 -0.5431067 0.0
vn 0.83966374 -0.5431067 0.0
vn 0.83966374 -0.5431067 0.0
vn 0.83966374 -0.5431067 0.0
vn -0.12156196 -0.33860037 -0.9330448
vn -0.12156196 -0.33860037 -0.9330448
vn -0.12156196 -0.33860037 -0.9330448
vn -0.12156196 -0.33860037 -0.9330448
vn -0.79334146 -0.04532231 -0.60708755
vn 0.47281694 0.5864377 -0.6576739
vn 0.07618548 0.880119 -0.4686003
vn -0.32461327 -0.40153787 -0.856384
vn -0.9957927 0.08964701 -0.018982967
vn -0.09828829 0.9948651 0.024139928
vn -0.8176606 -0.07263718 0.5710997
vn 0.062060736 0.8560553 0.513145
vn -0.35736105 -0.441984 0.82276565
vn 0.4487827 0.5567823 0.6989904
vn 0.11975575 -0.80510503 0.5809169
vn 0.82460874 0.27996343 0.49156985
vn 0.32827115 -0.944411 -0.018053964
vn 0.98408735 0.17583409 0.025581645
vn 0.1417473 -0.7752178 -0.61558515
vn 0.84453386 0.29778084 -0.44507208
vn -0.32461327 -0.40153787 -0.856384
vn 0.47281694 0.5864377 -0.6576739
vn -0.6283464 -0.7771845 -0.034134217
vn -0.6283464 -0.7771845 -0.034134217
vn -0.6283464 -0.7771845 -0.034134217
vn -0.6283464 -0.7771845 -0.034134217
vn -0.6283464 -0.7771845 -0.034134217
vn -0.6283464 -0.7771845 -0.034134217
vn 0.98408735 0.17583409 0.025581645
vn 0.82438046 0.268231 0.49844652
vn 0.98681116 0.15989919 0.025220256
vn 0.82460874 0.27996343 0.49156985
vn 0.84453386 0.29778084 -0.44507208
vn 0.8445399 0.2899563 -0.45019743
vn 0.47281694 0.5864377 -0.6576739
vn 0.47404635 0.58796215 -0.65542394
vn 0.4474218 0.5550935 0.70120245
vn 0.4487827 0.5567823 0.6989904
vn 0.06990779 0.858171 0.50858176
vn 0.062060736 0.8560553 0.513145
vn -0.082044646 0.9963269 0.024522336
vn -0.09828829 0.9948651 0.024139928
vn 0.08740541 0.88292307 -0.4613103
vn 0.47404635 0.58796215 -0.65542394
vn 0.33814797 0.41055372 -0.8468185
vn -0.14279243 0.79107213 -0.5948237
vn -0.35355735 0.93523633 0.0181686
vn -0.16923442 0.75751215 0.63050383
vn 0.30022907 0.36374596 0.88178873
vn 0.82438046 0.268231 0.49844652
vn 0.7785564 -0.014451366 0.6274082
vn 0.987408 -0.1571789 0.017895097
vn 0.8445399 0.2899563 -0.45019743
vn 0.80569404 0.018226758 -0.5920513
vn 0.47404635 0.58796215 -0.65542394
vn 0.33814797 0.41055372 -0.8468185
vn 0.77855474 -0.014450035 0.62741035
vn 0.98740774 -0.15718012 0.017900964
vn 0.8056953 0.018227762 -0.59204966
vn 0.33814552 0.41055423 -0.8468192
vn -0.14279245 0.7910708 -0.59482545
vn -0.35355595 0.935237 0.018164553
vn -0.16923434 0.7575144 0.6305011
vn 0.30022845 0.36374742 0.8817884
vn 0.534661 -0.46330494 0.70674336
vn 0.7776388 -0.62871134 -1.4387347E-5
vn 0.56501603 -0.42576697 -0.70673853
vn 0.021477822 0.026529036 -0.9994173
vn -0.53466195 0.4633053 -0.7067424
vn 0.021477822 0.026529036 -0.9994173
vn 0.33814552 0.41055423 -0.8468192
vn -0.7776392 0.62871075 1.3709874E-5
vn -0.5650206 0.42577094 0.70673245
vn -0.021479756 -0.02652688 0.9994173
vn 0.47281694 0.5864377 -0.6576739
vn 0.47404635 0.58796215 -0.65542394
vn 0.0070978925 -0.70708233 -0.7070957
vn 0.11248789 0.0011159859 -0.9936525
vn 0.08946985 -0.6985138 -0.7099815
vn 5.2028685E-7 3.7096743E-7 -1.0
vn 0.07551037 0.7001567 -0.7099851
vn -0.0070943637 0.7070845 -0.7070935
vn -0.011542068 0.99993324 -5.7037716E-4
vn -0.01003223 0.9999497 0.0
vn -0.100066744 0.6994659 0.7076257
vn -0.007094355 0.7070845 0.7070935
vn -0.13067378 -0.0012957086 0.99142456
vn 5.0138567E-7 3.7096743E-7 1.0
vn -0.086086266 -0.7013176 0.70763177
vn 0.007097882 -0.70708233 0.7070957
vn 0.008417507 -0.9999644 -5.721546E-4
vn 0.010038299 -0.99994963 0.0
vn 0.08946985 -0.6985138 -0.7099815
vn 0.0070978925 -0.70708233 -0.7070957
vn -0.4501602 0.7224179 0.5248507
vn -0.011253867 0.99993664 -2.487089E-4
vn 0.4278951 0.73364836 -0.5278881
vn 0.44237044 -0.72501177 -0.5278885
vn 0.008593336 -0.99996305 -2.5075773E-4
vn -0.43573388 -0.7312103 0.52484995
vn -0.6466266 -0.0064161895 0.7627797
vn -0.7195311 0.62548006 0.30174437
vn 0.08665482 0.98605335 0.14209075
vn 0.75059927 0.60825086 -0.25813115
vn 0.63585645 0.0063098287 -0.77178156
vn 0.44237044 -0.72501177 -0.5278885
vn 0.9008527 0.008650012 -0.43403867
vn 0.7508547 -0.59900564 -0.27822575
vn 0.7508547 -0.59900564 -0.27822575
vn 0.077930585 -0.9916688 0.102565914
vn -0.72209746 -0.6357481 0.27276292
vn -0.97000057 -0.00882147 0.24294265
vn -0.9650494 -0.008794646 0.2619204
vn 0.10812329 0.9788648 0.17358883
vn 0.8371088 0.44807735 -0.31380805
vn 0.89431643 0.008593806 -0.44735253
vn 0.83495307 -0.43774074 -0.33352125
vn 0.83495307 -0.43774074 -0.33352125
vn 0.09316152 -0.987705 0.12553808
vn 0.09316152 -0.987705 0.12553808
vn -0.8157677 -0.474854 0.33020717
vn 0.09316152 -0.987705 0.12553808
vn 0.0031261982 0.34726006 -0.93776363
vn -0.6902578 0.50969964 -0.51356643
vn 0.10812329 0.9788648 0.17358883
vn 0.09152039 9.070169E-4 -0.9958028
vn 0.010020008 -0.34712702 -0.93776464
vn 0.010020008 -0.34712702 -0.93776464
vn -0.6800072 -0.5232971 -0.5135664
vn -0.6800072 -0.5232971 -0.5135664
vn -0.96493256 -0.22998887 -0.12653165
vn -0.9951069 -0.0098741725 -0.09830929
vn -0.811105 0.46172756 0.35904917
vn 0.10812329 0.9788648 0.17358883
vn -0.9693069 0.21079382 -0.12653121
vn -0.6902578 0.50969964 -0.51356643
vn 0.010020008 -0.34712702 -0.93776464
vn 0.09152039 9.070169E-4 -0.9958028
vn -0.79999477 -0.007939421 -0.5999544
vn 0.0031261982 0.34726006 -0.93776363
vn -0.6902578 0.50969964 -0.51356643
vn -0.9693069 0.21079382 -0.12653121
vn -0.9951069 -0.0098741725 -0.09830929
vn -0.96493256 -0.22998887 -0.12653165
vn -0.6800072 -0.5232971 -0.5135664
vn 0.0011185446 0.7071434 -0.7070692
vn -0.0013237457 2.2903461E-5 -0.9999991
vn 0.0011185446 0.7071434 -0.7070692
vn -0.0013237457 2.2903461E-5 -0.9999991
vn -0.0029904908 -0.7071231 -0.7070842
vn -0.0029904908 -0.7071231 -0.7070842
vn -0.0029053234 -0.99999577 -2.2741383E-6
vn -0.0029053234 -0.99999577 -2.2741383E-6
vn -0.0011184126 -0.70714253 0.7070701
vn -0.0011184126 -0.70714253 0.7070701
vn 0.0013238646 -2.0000205E-5 0.9999991
vn 0.0013238646 -2.0000205E-5 0.9999991
vn 0.0029905688 0.707123 0.7070843
vn 0.0029905688 0.707123 0.7070843
vn 0.0029054214 0.99999577 3.6934614E-6
vn 0.0029054214 0.99999577 3.6934614E-6
vn 0.0011185446 0.7071434 -0.7070692
vn 0.0011185446 0.7071434 -0.7070692
vn 0.478112 0.736768 -0.47810227
vn -0.0 0.010236578 -0.9999476
vn 0.7070955 0.007238446 -0.7070811
vn -0.0 0.7376995 -0.6751292
vn -0.7070955 0.007238401 -0.7070811
vn -0.478112 0.736768 -0.47810227
vn -1.0 0.0 -1.0161274E-6
vn -0.67859596 0.73451173 -6.895399E-7
vn -0.7070927 -0.007238429 0.70708376
vn -0.48157197 0.73224497 0.48156595
vn -0.0 -0.010236444 0.9999476
vn -0.0 0.73130035 0.6820556
vn 0.7070927 -0.0072383382 0.70708376
vn 0.48157197 0.732245 0.48156592
vn 1.0 0.0 -1.0161274E-6
vn 0.67859596 0.73451173 -6.895399E-7
vn 0.7070955 0.007238446 -0.7070811
vn 0.478112 0.736768 -0.47810227
vn -0.0 0.7376995 -0.6751292
vn 0.478112 0.736768 -0.47810227
vn -0.0 1.0 0.0
vn -0.478112 0.736768 -0.47810227
vn -0.67859596 0.73451173 -6.895399E-7
vn -0.48157197 0.73224497 0.48156595
vn -0.0 0.73130035 0.6820556
vn 0.48157197 0.732245 0.48156592
vn 0.67859596 0.73451173 -6.895399E-7
vn -0.0 0.0 1.0
vn -0.0 0.0 1.0
vn -0.0 0.0 1.0
vn -0.0 0.0 1.0
vn 0.013635845 0.9845594 0.17451875
vn 0.013635845 0.9845594 0.17451875
vn 0.013635845 0.9845594 0.17451875
vn 0.013635845 0.9845594 0.17451875
vn -0.0 0.0 -1.0
vn -0.0 0.0 -1.0
vn -0.0 0.0 -1.0
vn -0.0 0.0 -1.0
vn -0.014101879 -0.9845685 -0.17443064
vn -0.014101879 -0.9845685 -0.17443064
vn -0.014101879 -0.9845685 -0.17443064
vn -0.014101879 -0.9845685 -0.17443064
vn -0.9558044 -0.2857688 0.06909524
vn -0.9558044 -0.2857688 0.06909524
vn -0.9558044 -0.2857688 0.06909524
vn -0.9558044 -0.2857688 0.06909524
vn 0.99989575 -0.0076865903 -0.012221844
vn 0.99989575 -0.0076865903 -0.012221844
vn 0.99989575 -0.0076865903 -0.012221844
vn 0.99989575 -0.0076865903 -0.012221844
vn 0.999427 -0.032627713 -0.009002391
vn 0.9951875 -0.09448251 0.025978822
vn 0.9951875 -0.09448251 0.025978822
vn 0.9951875 -0.09448251 0.025978822
vn 0.9951875 -0.09448251 0.025978822
vn 0.9951875 -0.09448251 0.025978822
vn 0.9951875 -0.09448251 0.025978822
vn 0.027907178 0.013752139 0.99951595
vn 0.027907178 0.013752139 0.99951595
vn 0.027907178 0.013752139 0.99951595
vn 0.027907178 0.013752139 0.99951595
vn 0.011273606 0.98690844 0.16088705
vn 0.011273606 0.98690844 0.16088705
vn 0.011273606 0.98690844 0.16088705
vn 0.011273606 0.98690844 0.16088705
vn 0.99765927 -0.06543627 -0.01985163
vn 0.99765927 -0.06543627 -0.01985163
vn 0.99765927 -0.06543627 -0.01985163
vn 0.99765927 -0.06543627 -0.01985163
vn 0.07487807 0.9820045 0.17337932
vn 0.07487807 0.9820045 0.17337932
vn 0.07487807 0.9820045 0.17337932
vn 0.07487807 0.9820045 0.17337932
vn -0.0021507053 0.96969235 0.24431974
vn -0.0021507053 0.96969235 0.24431974
vn -0.0021507053 0.96969235 0.24431974
vn -0.0021507053 0.96969235 0.24431974
vn 0.9580787 -0.2693149 0.09774816
vn 0.9580787 -0.2693149 0.09774816
vn 0.9580787 -0.2693149 0.09774816
vn 0.9580787 -0.2693149 0.09774816
vn 0.078874774 -0.10600398 0.9912325
vn 0.078874774 -0.10600398 0.9912325
vn 0.078874774 -0.10600398 0.9912325
vn 0.078874774 -0.10600398 0.9912325
vn 0.9619361 -0.27012393 0.041375756
vn 0.9619361 -0.27012393 0.041375756
vn 0.9619361 -0.27012393 0.041375756
vn 0.9619361 -0.27012393 0.041375756
vn 0.15817228 0.27897972 -0.947181
vn 0.15817228 0.27897972 -0.947181
vn 0.15817228 0.27897972 -0.947181
vn 0.15817228 0.27897972 -0.947181
vn 0.95669246 -0.18210074 -0.22710997
vn 0.95669246 -0.18210074 -0.22710997
vn 0.95669246 -0.18210074 -0.22710997
vn 0.95669246 -0.18210074 -0.22710997
vn 0.96664083 -0.25589237 0.011163058
vn 0.96664083 -0.25589237 0.011163058
vn 0.96664083 -0.25589237 0.011163058
vn 0.96664083 -0.25589237 0.011163058
vn 0.39998794 -0.25073335 0.88155687
vn 0.39998794 -0.25073335 0.88155687
vn 0.39998794 -0.25073335 0.88155687
vn 0.39998794 -0.25073335 0.88155687
vn -0.04471136 -0.1583393 0.9863719
vn -0.04471136 -0.1583393 0.9863719
vn -0.04471136 -0.1583393 0.9863719
vn -0.04471136 -0.1583393 0.9863719
vn 0.19395801 0.11036233 -0.9747822
vn 0.19395801 0.11036233 -0.9747822
vn 0.19395801 0.11036233 -0.9747822
vn 0.19395801 0.11036233 -0.9747822
vn 0.965259 -0.22898044 -0.1258689
vn 0.965259 -0.22898044 -0.1258689
vn 0.965259 -0.22898044 -0.1258689
vn 0.965259 -0.22898044 -0.1258689
vn 0.944242 -0.27031383 0.18798286
vn 0.944242 -0.27031383 0.18798286
vn 0.944242 -0.27031383 0.18798286
vn 0.944242 -0.27031383 0.18798286
vn -0.7451623 -0.2898989 -0.6005761
vn -0.34872606 0.5359377 -0.7688699
vn -0.7514962 0.2572673 -0.6075089
vn -0.39324233 -0.52758056 -0.75300676
vn 0.025504513 -0.67391497 -0.73836863
vn 0.034939542 0.68505085 -0.72765696
vn 0.3878448 -0.5667397 -0.72689927
vn 0.33034334 0.57807636 -0.74612397
vn 0.55896777 -0.3087066 -0.76958126
vn 0.55306023 0.3045286 -0.7754913
vn -0.53024405 0.8449701 -0.06976261
vn -0.9372194 0.33035916 -0.11172589
vn -0.516294 0.831752 0.20403208
vn -0.9135011 0.32872507 0.23969904
vn -0.90786016 -0.34612694 0.2366138
vn -0.9291633 -0.3546504 -0.10430107
vn 0.064419515 0.9843264 0.16416954
vn 0.06135274 0.9981135 -0.0022952459
vn 0.59544647 0.7137581 0.36877215
vn 0.4772989 0.877836 -0.039871477
vn 0.28888676 0.66331995 0.69032687
vn 0.5035287 0.6951312 -0.5130804
vn 0.6668877 -0.65154797 0.36158815
vn 0.30574784 -0.6405852 0.70439255
vn -0.0042278203 0.7282157 0.6853349
vn 0.10325584 0.70688576 -0.6997505
vn -0.3751577 0.72465026 0.57804734
vn 0.36747628 0.7133049 -0.59678924
vn -0.70806974 0.6844503 0.17368093
vn 0.36895862 0.7226169 -0.5845463
vn -0.33235776 -0.71567833 0.61428237
vn -0.57810956 -0.7518213 0.31710285
vn 0.5547402 -0.6815294 -0.47726414
vn 0.40969548 -0.7201272 -0.55996996
vn 0.0140432 -0.71254355 0.70148736
vn -0.3751577 0.72465026 0.57804734
vn 0.12100456 -0.7197408 -0.68361616
vn 0.51916254 -0.69309825 -0.50008506
vn -0.7961331 0.6006704 -0.07326134
vn 0.38855174 0.8393685 -0.3801157
vn -0.7965106 0.60461783 -0.0028446035
vn 0.4078704 0.86572385 0.2901103
vn -0.692268 0.6885562 -0.21599862
vn 0.39135924 0.7380424 0.54966474
vn 0.3761896 0.71445036 0.58995086
vn -0.35857144 0.72286713 -0.5906689
vn -0.3411617 -0.7171753 -0.60767454
vn -0.59053475 -0.75751305 -0.2782853
vn 0.5381144 -0.6727593 0.50776756
vn 0.39344952 -0.71889126 0.5730557
vn 0.10325463 0.70688736 0.699749
vn -0.004224034 0.7282166 -0.685334
vn 0.014047003 -0.712542 -0.70148885
vn 0.12100357 -0.71974015 0.683617
vn 0.503529 0.6951328 0.51307786
vn 0.28888702 0.66332 -0.69032663
vn 0.4773017 0.8778345 0.039871138
vn 0.5954468 0.7137591 -0.36876953
vn 0.06135386 0.99811345 0.0022996285
vn 0.06442055 0.9843263 -0.16416974
vn -0.53024423 0.84496975 0.06976482
vn -0.516294 0.8317511 -0.20403555
vn -0.93721926 0.33036026 0.111723326
vn -0.9134993 0.3287301 -0.239699
vn -0.9078622 -0.3461226 -0.23661253
vn 0.66688824 -0.65154815 -0.36158675
vn 0.30574954 -0.6405845 -0.7043924
vn -0.75150084 0.25726643 0.6075035
vn -0.34873092 0.53593504 0.7688696
vn -0.74516827 -0.28990087 0.6005679
vn -0.39325 -0.52758336 0.75300086
vn 0.025503969 -0.67391485 0.7383687
vn 0.034941148 0.6850465 0.727661
vn 0.38784018 -0.5667416 0.7269002
vn 0.33034405 0.57807565 0.74612427
vn 0.5589656 -0.30870596 0.7695831
vn 0.55305773 0.30453283 0.7754914
vn -0.9291639 -0.35465032 0.10429606
vn -0.9078622 -0.3461226 -0.23661253
vn 0.5573815 -0.830091 0.016578674
vn 0.5191637 -0.69309807 0.5000842
vn 0.503529 0.6951328 0.51307786
vn -0.6214208 0.23486221 0.7474463
vn -0.32244417 -0.43473998 0.8408513
vn -0.62522024 -0.23612182 0.7438724
vn -0.27178553 0.46160382 0.84442556
vn 0.0455804 0.5698423 0.820489
vn 0.041531432 -0.5378619 0.8420093
vn 0.62445074 0.42844716 0.65306526
vn 0.683492 -0.37174097 0.62820953
vn -0.90786016 -0.34612694 0.2366138
vn -0.5963319 -0.8003487 -0.061889224
vn -0.9291633 -0.3546504 -0.10430107
vn -0.5851047 -0.78580475 0.20040818
vn 0.055980023 -0.98288953 0.17548339
vn 0.050370514 -0.99861306 0.015323923
vn 0.6668877 -0.65154797 0.36158815
vn 0.55738217 -0.8300905 -0.016578378
vn 0.30574784 -0.6405852 0.70439255
vn 0.51916254 -0.69309825 -0.50008506
vn 0.0140432 -0.71254355 0.70148736
vn 0.12100456 -0.7197408 -0.68361616
vn -0.33235776 -0.71567833 0.61428237
vn 0.40969548 -0.7201272 -0.55996996
vn -0.57810956 -0.7518213 0.31710285
vn 0.5547402 -0.6815294 -0.47726414
vn -0.39324233 -0.52758056 -0.75300676
vn -0.7451623 -0.2898989 -0.6005761
vn 0.3878448 -0.5667397 -0.72689927
vn 0.025504513 -0.67391497 -0.73836863
vn 0.55896777 -0.3087066 -0.76958126
vn -0.6446681 -0.76088125 0.073910445
vn 0.73753256 -0.63214815 -0.23755953
vn -0.64599943 -0.7630302 0.021672599
vn 0.7227953 -0.61410576 0.31692445
vn -0.59053475 -0.75751305 -0.2782853
vn 0.5381144 -0.6727593 0.50776756
vn 0.39344952 -0.71889126 0.5730557
vn -0.3411617 -0.7171753 -0.60767454
vn 0.12100357 -0.71974015 0.683617
vn 0.014047003 -0.712542 -0.70148885
vn 0.5191637 -0.69309807 0.5000842
vn 0.30574954 -0.6405845 -0.7043924
vn 0.5573815 -0.830091 0.016578674
vn 0.66688824 -0.65154815 -0.36158675
vn 0.05037113 -0.99861306 -0.015322552
vn 0.055981163 -0.9828895 -0.17548332
vn -0.5963314 -0.8003495 0.061883457
vn -0.5851037 -0.7858056 -0.20040782
vn -0.9078622 -0.3461226 -0.23661253
vn -0.9291639 -0.35465032 0.10429606
vn -0.39325 -0.52758336 0.75300086
vn -0.74516827 -0.28990087 0.6005679
vn 0.025503969 -0.67391485 0.7383687
vn 0.38784018 -0.5667416 0.7269002
vn -0.6252234 -0.23611696 -0.7438714
vn -0.32244664 -0.43474048 -0.84085006
vn 0.041530993 -0.537862 -0.8420093
vn 0.68349504 -0.37174127 -0.62820613
vn 0.10325584 0.70688576 -0.6997505
vn 0.36747628 0.7133049 -0.59678924
vn 0.5035287 0.6951312 -0.5130804
vn -0.62522024 -0.23612182 0.7438724
vn -0.32244417 -0.43473998 0.8408513
vn 0.041531432 -0.5378619 0.8420093
vn 0.683492 -0.37174097 0.62820953
vn -0.62142044 0.2348677 -0.7474448
vn -0.32244664 -0.43474048 -0.84085006
vn -0.27178788 0.4616009 -0.8444264
vn -0.6252234 -0.23611696 -0.7438714
vn 0.04558134 0.56984204 -0.8204891
vn 0.041530993 -0.537862 -0.8420093
vn 0.62445575 0.42844754 -0.6530603
vn 0.68349504 -0.37174127 -0.62820613
vn -0.9078622 -0.3461226 -0.23661253
vn 0.5954468 0.7137591 -0.36876953
vn 0.7227953 -0.61410576 0.31692445
vn 0.73753256 -0.63214815 -0.23755953
vn -0.64599943 -0.7630302 0.021672599
vn -0.6446681 -0.76088125 0.073910445
vn -0.74516237 -0.28990063 -0.6005752
vn -0.3487306 0.5359359 -0.7688691
vn -0.7514966 0.2572685 -0.60750794
vn -0.39324552 -0.5275829 -0.7530034
vn 0.025501538 -0.6739143 -0.7383693
vn 0.03493647 0.6850481 -0.72765964
vn 0.27744618 -0.51993895 -0.8078905
vn 0.28756154 0.61506015 -0.7341726
vn 0.4202031 -0.2749016 -0.8647881
vn 0.5155244 0.35535192 -0.7797176
vn -0.9291632 -0.35465112 -0.10429924
vn -0.5963304 -0.80035 -0.061886404
vn -0.9078615 -0.34612375 0.23661338
vn -0.58510506 -0.7858045 0.20040785
vn -0.93721926 0.3303595 -0.1117253
vn -0.9135005 0.32872748 0.23969784
vn 0.055978887 -0.9828897 0.17548248
vn 0.0503712 -0.99861306 0.0153224375
vn 0.5863612 -0.7182473 0.3745682
vn 0.41164106 -0.90338 -0.12023422
vn -0.006615985 -0.6850106 0.72850305
vn 0.0075857267 0.6939159 0.7200161
vn 0.5652042 0.7368052 0.37102857
vn 0.38930106 -0.7212849 -0.57288104
vn -0.23549531 0.68411016 0.69031537
vn -0.26975057 -0.648707 0.7116276
vn -0.35988495 0.7125572 0.6022832
vn -0.49626252 -0.6658962 0.5570509
vn -0.48749912 0.71277004 0.5042852
vn -0.5936258 -0.6921701 0.41049835
vn 0.260665 -0.74605083 -0.6127495
vn 0.47931436 -0.7136451 -0.5108508
vn 0.4009249 0.73207027 -0.55075616
vn 0.5863351 0.69447124 -0.41703826
vn 0.05364112 -0.7367497 -0.6740345
vn -0.26975057 -0.648707 0.7116276
vn 0.086841345 0.7352512 -0.6722084
vn 0.43875873 0.7543982 -0.48823565
vn 0.5047583 0.70812184 -0.49374333
vn 0.3579613 -0.75122476 -0.5545495
vn -0.4852544 -0.66609156 0.5664364
vn -0.34105337 0.7060727 0.6205996
vn 0.3089278 0.6072467 -0.7319939
vn 0.25107297 -0.9088457 -0.3331093
vn -0.5710802 -0.68253183 0.45608956
vn -0.6973335 -0.70817345 0.11052692
vn 0.088465475 -0.9770521 0.19376035
vn -0.63132 -0.7476903 -0.20589852
vn 0.09687324 -0.9920512 -0.08031187
vn -0.4405094 -0.6861643 -0.57890415
vn 0.21758126 -0.89343256 0.39298424
vn 0.22476105 -0.7469408 0.6257491
vn -0.2781016 -0.66621774 -0.69196343
vn -0.47269022 0.74493206 -0.47078672
vn -0.18767576 0.7454999 -0.6395371
vn 0.31361955 0.66311276 0.67965007
vn 0.16783555 0.7076105 0.68638086
vn -0.056891564 -0.71087146 -0.70101726
vn 0.06814755 0.72457653 -0.6858168
vn 0.048821468 -0.7277624 0.6840895
vn 0.17312428 0.6935615 0.6992857
vn 0.14339311 -0.6836532 -0.71558136
vn 0.26131034 0.6629861 -0.7015457
vn 0.55247587 -0.74672127 -0.37037522
vn 0.61763936 0.69040805 -0.37664095
vn 0.44723114 -0.7413134 0.5004386
vn 0.4717682 -0.8815643 0.01670593
vn 0.55247587 -0.74672127 -0.37037522
vn -0.049286447 -0.99866724 -0.015318469
vn -0.042139657 -0.98357975 -0.17548522
vn -0.6730413 -0.737011 0.061887905
vn -0.66042197 -0.7236569 -0.20040834
vn -0.93780786 -0.2540302 -0.23661168
vn -0.959853 -0.2603926 0.10429774
vn -0.8996782 0.4220153 0.11172439
vn -0.8762399 0.41802964 -0.23969765
vn -0.44381267 -0.48581418 0.75300395
vn -0.7703242 -0.21428059 0.6005701
vn -0.29364955 0.5679862 0.7688704
vn -0.7221575 0.33079726 0.60750455
vn -0.041707087 -0.6731038 0.738371
vn 0.10296006 0.67816556 0.7276611
vn 0.32949772 -0.60253346 0.7269007
vn 0.3862501 0.54231906 0.74612397
vn 0.52546 -0.36281395 0.7695829
vn 0.5806276 0.24796568 0.7754899
vn 0.57054913 0.6415404 0.5127374
vn -0.93721926 0.3303595 -0.1117253
vn -0.5162948 0.83175105 0.20403403
vn -0.9135005 0.32872748 0.23969784
vn -0.53024554 0.84496903 -0.0697637
vn 0.0644212 0.9843262 0.16417032
vn 0.061352495 0.9981135 -0.0022985826
vn 0.5652042 0.7368052 0.37102857
vn 0.40803167 0.9125015 -0.0291754
vn 0.0075857267 0.6939159 0.7200161
vn 0.43875873 0.7543982 -0.48823565
vn -0.23549531 0.68411016 0.69031537
vn 0.086841345 0.7352512 -0.6722084
vn -0.35988495 0.7125572 0.6022832
vn 0.4009249 0.73207027 -0.55075616
vn -0.48749912 0.71277004 0.5042852
vn 0.5863351 0.69447124 -0.41703826
vn -0.7514966 0.2572685 -0.60750794
vn -0.3487306 0.5359359 -0.7688691
vn 0.03493647 0.6850481 -0.72765964
vn 0.28756154 0.61506015 -0.7341726
vn 0.5155244 0.35535192 -0.7797176
vn -0.34105337 0.7060727 0.6205996
vn 0.5047583 0.70812184 -0.49374333
vn -0.8719926 0.48665774 0.05285075
vn 0.3089278 0.6072467 -0.7319939
vn -0.22460021 0.96815866 -0.11056017
vn 0.4999172 0.84546757 -0.18779606
vn -0.14662921 0.9302779 0.3362779
vn 0.108760506 0.92201155 0.3715721
vn 0.03420875 0.39868456 0.9164499
vn 0.16783555 0.7076105 0.68638086
vn -0.47269022 0.74493206 -0.47078672
vn 0.31361955 0.66311276 0.67965007
vn -0.18767576 0.7454999 -0.6395371
vn 0.17312428 0.6935615 0.6992857
vn 0.06814755 0.72457653 -0.6858168
vn 0.57054913 0.6415404 0.5127374
vn 0.26131034 0.6629861 -0.7015457
vn 0.5624854 0.82585055 0.039763004
vn 0.61763936 0.69040805 -0.37664095
vn 0.16040686 0.9870483 0.0023001356
vn 0.16208644 0.9730241 -0.16417104
vn -0.4434984 0.8935557 0.06976637
vn -0.43093404 0.879014 -0.2040349
vn -0.8996782 0.4220153 0.11172439
vn -0.8762399 0.41802964 -0.23969765
vn -0.7221575 0.33079726 0.60750455
vn -0.29364955 0.5679862 0.7688704
vn 0.10296006 0.67816556 0.7276611
vn 0.3862501 0.54231906 0.74612397
vn 0.5806276 0.24796568 0.7754899
vn -0.22448647 0.48636347 -0.8444267
vn -0.59495497 0.29555857 -0.7474448
vn 0.102080494 0.5624727 -0.8204901
vn 0.6640037 0.36415514 -0.6530622
vn -0.62142223 0.23486568 0.747444
vn -0.3224451 -0.4347396 0.8408512
vn -0.62522286 -0.23611674 0.7438718
vn -0.27178487 0.4616016 0.84442693
vn 0.04558434 0.56984144 0.8204893
vn 0.041531205 -0.5378625 0.84200895
vn 0.62445325 0.4284481 0.65306234
vn 0.6834923 -0.37174162 0.62820894
vn -0.26975057 -0.648707 0.7116276
vn -0.27178487 0.4616016 0.84442693
vn -0.62142223 0.23486568 0.747444
vn 0.04558434 0.56984144 0.8204893
vn 0.62445325 0.4284481 0.65306234
vn -0.59495497 0.29555857 -0.7474448
vn -0.3641192 -0.4004834 -0.8408509
vn -0.22448647 0.48636347 -0.8444267
vn -0.64562166 -0.17270854 -0.7438713
vn 0.102080494 0.5624727 -0.8204901
vn -0.01221658 -0.53932357 -0.84201
vn 0.6640037 0.36415514 -0.6530622
vn 0.6430924 -0.43793303 -0.6282092
vn 0.61763936 0.69040805 -0.37664095
vn -0.8674774 0.48879072 0.0925556
vn 0.07430483 0.8960654 0.43765917
vn 0.31841663 0.93853635 -0.1332679
vn -0.050505675 0.74694 -0.6629704
vn 0.3089278 0.6072467 -0.7319939
vn -0.69109386 0.6492431 0.31760466
vn 0.07430483 0.8960654 0.43765917
vn 0.31841663 0.93853635 -0.1332679
vn -0.7946678 0.6070422 -0.0016785918
vn -0.050505675 0.74694 -0.6629704
vn -0.76815695 0.5498873 -0.32796174
vn -0.98999494 0.14107578 -0.0027508144
vn 0.3089278 0.6072467 -0.7319939
vn 0.9290454 -0.34960672 0.121036574
vn 0.1861444 0.39208266 0.9009003
vn 0.33285764 0.8206829 0.46441948
vn 0.952178 -0.29185188 0.0904404
vn 0.336132 0.93859035 -0.07786826
vn 0.77442896 -0.22229797 -0.5923204
vn 0.9290454 -0.34960672 0.121036574
vn 0.59594166 -0.27775896 0.753461
vn 0.03420875 0.39868456 0.9164499
vn 0.24364476 -0.8427186 0.4800652
vn 0.19287175 -0.9543361 -0.2281295
vn 0.2675912 -0.94560283 0.18501402
vn 0.4134434 -0.7269864 -0.54822934
vn -0.012501072 0.66927636 -0.7429084
vn 0.9290454 -0.34960672 0.121036574
vn 0.952178 -0.29185188 0.0904404
vn 0.2533997 0.70510215 -0.66228354
vn 0.77442896 -0.22229797 -0.5923204
vn -0.8674774 0.48879072 0.0925556
vn -0.63132 -0.7476903 -0.20589852
vn -0.98999494 0.14107578 -0.0027508144
vn -0.6973335 -0.70817345 0.11052692
vn -0.8719926 0.48665774 0.05285075
vn -0.012501072 0.66927636 -0.7429084
vn 0.336132 0.93859035 -0.07786826
vn 0.33285764 0.8206829 0.46441948
vn 0.1861444 0.39208266 0.9009003
vn 0.2533997 0.70510215 -0.66228354
vn -0.0 0.0 1.0
vn -0.0 0.0 1.0
vn -0.0 0.0 1.0
vn -0.0 0.0 1.0
vn -0.9369955 -0.34406626 -0.06047968
vn -0.9141765 -0.33568552 -0.22714871
vn -0.9369955 -0.34406626 -0.06047968
vn -0.9141765 -0.33568552 -0.22714871
vn -0.9141765 -0.33568552 -0.22714871
vn -0.8654227 -0.31778157 -0.3873737
vn -0.9141765 -0.33568552 -0.22714871
vn -0.8654227 -0.31778157 -0.3873737
vn -0.0 0.50236917 -0.8646532
vn -0.0 0.50236917 -0.8646532
vn -0.0 0.50236917 -0.8646532
vn -0.0 0.50236917 -0.8646532
vn -0.0 0.50236917 -0.8646532
vn 0.3570928 -0.9317962 -0.06511912
vn 0.3570928 -0.9317962 -0.06511912
vn 0.3570928 -0.9317962 -0.06511912
vn 0.3745 -0.9228258 -0.09023444
vn 0.3745 -0.9228258 -0.09023444
vn 0.3570928 -0.9317962 -0.06511912
vn 0.3570928 -0.9317962 -0.06511912
vn 1.0 0.0 0.0
vn 1.0 0.0 0.0
vn 1.0 -3.2021805E-7 0.0
vn 1.0 -6.404361E-7 0.0
vn 1.0 0.0 0.0
vn 1.0 0.0 0.0
vn 1.0 -6.404361E-7 0.0
vn 1.0 -1.2808722E-6 0.0
vn 1.0 1.1452537E-6 0.0
vn 1.0 1.1452537E-6 0.0
vn 1.0 0.0 0.0
vn 1.0 0.0 0.0
vn -0.9994095 0.031690158 -0.013280157
vn -1.0 0.0 0.0
vn -0.9976331 0.06341836 -0.02657608
vn -1.0 2.458644E-7 0.0
vn -1.0 -4.2655822E-7 0.0
vn -1.0 4.917288E-7 0.0
vn -1.0 -1.3448453E-6 0.0
vn -0.9976331 0.06341769 -0.02657608
vn -0.99054366 0.12653652 -0.053026352
vn -1.0 0.0 0.0
vn -1.0 0.0 0.0
vn -0.13953355 -0.9549769 -0.26181963
vn -0.13953355 -0.9549769 -0.26181963
vn -0.13953355 -0.9549769 -0.26181963
vn -0.13953355 -0.9549769 -0.26181963
vn -0.0 -0.8293353 -0.5587513
vn -0.0 -0.8293353 -0.5587513
vn -0.0 -0.8293353 -0.5587513
vn -0.0 -0.8293353 -0.5587513
vn -0.0 -0.8293353 -0.5587513
vn -0.0 0.0 1.0
vn -0.0 0.0 1.0
vn -0.0 0.0 1.0
vn -0.0 0.0 1.0
vn -0.17103821 0.3987771 0.9009566
vn -0.18337584 0.27019402 0.9451817
vn -0.17103821 0.3987771 0.9009566
vn -0.18337584 0.27019402 0.9451817
vn -0.19229501 0.1365741 0.9717871
vn -0.19229501 0.1365741 0.9717871
vn 0.77782184 0.62848485 0.0
vn 0.6086611 0.7933623 0.010386866
vn 0.77782184 0.62848485 0.0
vn 0.5923861 0.8056512 -0.0022121365
vn 0.37693217 0.9262367 -0.002771601
vn 0.36798373 0.9298224 -0.0042787604
vn 0.38584474 0.92256284 -0.0012641777
vn 0.6246849 0.7805364 0.023058686
vn 0.81491965 0.5777783 0.045587406
vn 0.81491965 0.5777783 0.045587406
vn 0.38563627 0.9226426 -0.0039223926
vn 0.38563627 0.9226426 -0.0039223926
vn -0.2101833 -0.97766197 0.0
vn -0.2101833 -0.97766197 0.0
vn -0.2101833 -0.97766197 0.0
vn -0.2101833 -0.97766197 0.0
vn -0.3265965 0.112262465 -0.93847317
vn -0.34824648 0.031813826 -0.93686295
vn -0.3265965 0.112262465 -0.93847317
vn -0.3265965 0.112262465 -0.93847317
vn -0.34824648 0.031813826 -0.93686295
vn -0.36747852 -0.048855703 -0.9287479
vn -0.34824648 0.031813826 -0.93686295
vn -0.36747852 -0.048855703 -0.9287479
vn -0.28448248 -0.95128244 -0.11887534
vn -0.28448248 -0.95128244 -0.11887534
vn -0.28448248 -0.95128244 -0.11887534
vn -0.28448248 -0.95128244 -0.11887534
vn -0.28448248 -0.95128244 -0.11887534
vn -0.28448248 -0.95128244 -0.11887534
vn -0.0 0.84236264 0.53891116
vn -0.0 0.84236264 0.53891116
vn -0.0 0.84236264 0.53891116
vn -0.0 0.84236264 0.53891116
vn -0.0 0.84236264 0.53891116
vn -0.0 -0.62133414 -0.78354573
vn -0.0 -0.62133414 -0.78354573
vn -0.0 -0.62133414 -0.78354573
vn -0.0 -0.62133414 -0.78354573
vn -0.0 0.5883126 -0.8086336
vn -0.0 0.5883126 -0.8086336
vn -0.0 0.5883126 -0.8086336
vn -0.0 0.5883126 -0.8086336
vn -0.0 0.5883126 -0.8086336
vn 0.99451685 0.06111594 0.08485918
vn 0.99451685 0.06111594 0.08485918
vn 0.99451685 0.06111594 0.08485918
vn 0.99451685 0.06111594 0.08485918
vn -0.0 -0.8717752 0.48990604
vn -0.0 -0.8717752 0.48990604
vn -0.0 -0.8717752 0.48990604
vn -0.0 -0.8717752 0.48990604
vn -0.0 -0.8717752 0.48990604
vn -0.99451685 -0.06111594 -0.08485918
vn -0.99451685 -0.06111594 -0.08485918
vn -0.99451685 -0.06111594 -0.08485918
vn -0.99451685 -0.06111594 -0.08485918
vn 0.94910246 0.0 0.31496742
vn 0.9491029 0.0 0.31496617
vn 0.94910246 0.0 0.31496742
vn 0.9491029 0.0 0.31496617
vn 0.9491033 0.0 0.3149649
vn 0.9491033 0.0 0.3149649
vn -0.0 1.0 4.3127247E-7
vn -0.0 1.0 5.840743E-7
vn -0.0 1.0 4.3127247E-7
vn -0.0 1.0 5.840743E-7
vn -0.0 1.0 7.3687625E-7
vn -0.0 1.0 7.3687625E-7
vn -0.9467835 0.17617697 -0.2693747
vn -0.9728597 0.13086416 -0.19083652
vn -0.9467835 0.17617697 -0.2693747
vn -0.9728597 0.13086416 -0.19083652
vn -0.99027604 0.08438645 -0.110599615
vn -0.99027604 0.08438645 -0.110599615
vn 4.1491107E-6 0.0 -1.0
vn 4.1491107E-6 0.0 -1.0
vn 4.1491107E-6 0.0 -1.0
vn 4.1491107E-6 0.0 -1.0
vn -8.770006E-7 0.0 -1.0
vn -8.770006E-7 0.0 -1.0
vn -0.8930014 -0.4500539 0.0
vn -0.8930014 -0.4500539 0.0
vn -0.8930014 -0.4500539 0.0
vn -0.8930014 -0.4500539 0.0
vn -0.11476585 0.97808623 0.17371292
vn -0.11476585 0.97808623 0.17371292
vn -0.11476585 0.97808623 0.17371292
vn -0.11476585 0.97808623 0.17371292
vn 0.337896 -0.94118345 0.0
vn 0.337896 -0.94118345 0.0
vn 0.337896 -0.94118345 0.0
vn 0.337896 -0.94118345 0.0
vn -0.19505109 -0.6822706 0.7046006
vn -0.19505109 -0.6822706 0.7046006
vn -0.19505109 -0.6822706 0.7046006
vn -0.19505109 -0.6822706 0.7046006
vn -0.19505109 -0.6822706 0.7046006
vn 0.19851263 -0.97999763 -0.014048432
vn 0.19851263 -0.97999763 -0.014048432
vn 0.19851263 -0.97999763 -0.014048432
vn 0.3196278 -0.9413749 0.10794154
vn 0.3196278 -0.9413749 0.10794154
vn 0.3196278 -0.9413749 0.10794154
vn 0.16989361 -0.95685124 0.23573676
vn 0.08587825 -0.98915404 0.11916064
vn 0.08587825 -0.98915404 0.11916064
vn 0.16989361 -0.95685124 0.23573676
vn -0.0 -1.0 -3.18546E-7
vn -0.0 -1.0 -3.18546E-7
vn -0.44372144 -0.87728816 -0.1829665
vn -0.4007898 -0.9161669 0.00239176
vn -0.4007898 -0.9161669 0.00239176
vn -0.44372144 -0.87728816 -0.1829665
vn -0.4699192 -0.80532485 -0.36142462
vn -0.4699192 -0.80532485 -0.36142462
vn -0.12104379 0.0026829636 0.99264354
vn -0.12104379 0.0026829636 0.99264354
vn -0.12104379 0.0026829636 0.99264354
vn -0.12104379 0.0026829636 0.99264354
vn -0.47337574 0.8807742 -0.012336654
vn -0.47337574 0.8807742 -0.012336654
vn -0.47337574 0.8807742 -0.012336654
vn -0.47337574 0.8807742 -0.012336654
vn -0.03722518 -0.9992974 0.0043519367
vn -0.03722518 -0.9992974 0.0043519367
vn -0.03722518 -0.9992974 0.0043519367
vn -0.03722518 -0.9992974 0.0043519367
vn -0.41733992 0.90821004 0.031334322
vn -0.41733992 0.90821004 0.031334322
vn -0.41733992 0.90821004 0.031334322
vn -0.41733992 0.90821004 0.031334322
vn -0.11806101 0.0026172667 -0.9930029
vn -0.11806101 0.0026172667 -0.9930029
vn -0.11806101 0.0026172667 -0.9930029
vn -0.11806101 0.0026172667 -0.9930029
vn -0.11925572 -0.98844624 -0.093552805
vn -0.11925572 -0.98844624 -0.093552805
vn -0.11925572 -0.98844624 -0.093552805
vn -0.11925572 -0.98844624 -0.093552805
vn -0.9938566 -0.09584843 -0.0553363
vn -0.9938566 -0.09584843 -0.0553363
vn -0.9938566 -0.09584843 -0.0553363
vn -0.9938566 -0.09584843 -0.0553363
vn -0.21180497 0.46032694 0.8621124
vn -0.21180497 0.46032694 0.8621124
vn -0.21180497 0.46032694 0.8621124
vn -0.21180497 0.46032694 0.8621124
vn 0.40393528 0.91114014 0.08160889
vn 0.40393528 0.91114014 0.08160889
vn 0.40393528 0.91114014 0.08160889
vn 0.40393528 0.91114014 0.08160889
vn -0.15278739 0.47485957 -0.86669743
vn -0.15278739 0.47485957 -0.86669743
vn -0.15278739 0.47485957 -0.86669743
vn -0.15278739 0.47485957 -0.86669743
vn -0.9329168 -0.12282324 -0.33849758
vn -0.9329168 -0.12282324 -0.33849758
vn -0.9329168 -0.12282324 -0.33849758
vn -0.9329168 -0.12282324 -0.33849758
vn -0.0 0.0 1.0
vn -0.0 0.0 1.0
vn -0.0 0.0 1.0
vn -0.0 0.0 1.0
vn -0.0 0.0 1.0
vn 5.5209007E-6 0.0 1.0
vn 5.5209007E-6 0.0 1.0
vn -0.0 0.0 1.0
vn -0.0 0.0 1.0
vn -0.0 -1.0 1.206424E-6
vn -0.0 -1.0 1.206424E-6
vn -0.0 -1.0 1.206424E-6
vn -0.0 -1.0 1.206424E-6
vn 0.97654885 0.0 0.215296
vn 0.97654885 0.0 0.215296
vn 0.97654885 0.0 0.215296
vn 0.97654885 0.0 0.215296
vn 0.97654885 0.0 0.215296
vn -0.0 1.0 6.03212E-7
vn -0.0 1.0 6.03212E-7
vn -0.0 1.0 6.03212E-7
vn -0.0 1.0 6.03212E-7
vn -0.9765511 0.0 0.21528563
vn -0.9765511 0.0 0.21528563
vn -0.9765511 0.0 0.21528563
vn -0.9765511 0.0 0.21528563
vn -0.9765511 0.0 0.21528563
vn -0.31062794 0.0 -0.9505316
vn -0.31062794 0.0 -0.9505316
vn -0.31062794 0.0 -0.9505316
vn -0.31062794 0.0 -0.9505316
vn -0.34916162 -0.9338955 0.076975815
vn -0.34916162 -0.9338955 0.076975815
vn -0.34916162 -0.9338955 0.076975815
vn -0.34916162 -0.9338955 0.076975815
vn -0.34916162 -0.9338955 0.076975815
vn -0.07297918 0.0 0.99733347
vn -0.07297918 0.0 0.99733347
vn -0.07297918 0.0 0.99733347
vn -0.07297918 0.0 0.99733347
vn -0.34916174 0.93389565 0.07697427
vn -0.34916174 0.93389565 0.07697427
vn -0.34916174 0.93389565 0.07697427
vn -0.34916174 0.93389565 0.07697427
vn 0.8396636 0.5431068 0.0
vn 0.8396636 0.5431068 0.0
vn 0.8396636 0.5431068 0.0
vn 0.8396636 0.5431068 0.0
vn 0.1215619 -0.33860177 0.93304425
vn 0.1215619 -0.33860177 0.93304425
vn 0.1215619 -0.33860177 0.93304425
vn 0.1215619 -0.33860177 0.93304425
vn -0.83966374 -0.5431067 0.0
vn -0.83966374 -0.5431067 0.0
vn -0.83966374 -0.5431067 0.0
vn -0.83966374 -0.5431067 0.0
vn 0.12156196 -0.33860037 -0.9330448
vn 0.12156196 -0.33860037 -0.9330448
vn 0.12156196 -0.33860037 -0.9330448
vn 0.12156196 -0.33860037 -0.9330448
vn 0.7933414 -0.045323186 -0.60708743
vn -0.47281647 0.5864359 -0.6576758
vn 0.32461286 -0.40153897 -0.8563836
vn -0.076186776 0.880118 -0.46860206
vn 0.9957927 0.08964683 -0.018983044
vn 0.098288864 0.9948651 0.024139768
vn 0.8176607 -0.072637476 0.5710996
vn -0.062059723 0.8560549 0.5131458
vn 0.357361 -0.44198442 0.8227654
vn -0.44878203 0.556781 0.6989919
vn -0.11975602 -0.8051052 0.58091664
vn -0.824608 0.27996293 0.49157134
vn -0.32827133 -0.9444109 -0.01805401
vn -0.9840872 0.17583472 0.0255826
vn -0.14174706 -0.77521783 -0.61558515
vn -0.8445328 0.29778156 -0.44507363
vn 0.32461286 -0.40153897 -0.8563836
vn -0.47281647 0.5864359 -0.6576758
vn 0.62834597 -0.7771848 -0.034134105
vn 0.62834597 -0.7771848 -0.034134105
vn 0.62834597 -0.7771848 -0.034134105
vn 0.62834597 -0.7771848 -0.034134105
vn 0.62834597 -0.7771848 -0.034134105
vn 0.62834597 -0.7771848 -0.034134105
vn -0.9840872 0.17583472 0.0255826
vn -0.8243798 0.2682307 0.49844784
vn -0.824608 0.27996293 0.49157134
vn -0.9868109 0.15990017 0.025221428
vn -0.8445328 0.29778156 -0.44507363
vn -0.8445386 0.28995746 -0.45019904
vn -0.47281647 0.5864359 -0.6576758
vn -0.47404534 0.5879607 -0.65542597
vn -0.44742173 0.5550924 0.7012034
vn -0.44878203 0.556781 0.6989919
vn -0.06990741 0.8581702 0.5085832
vn -0.062059723 0.8560549 0.5131458
vn 0.082044646 0.9963269 0.024522195
vn 0.098288864 0.9948651 0.024139768
vn -0.08740666 0.8829218 -0.4613124
vn -0.47404534 0.5879607 -0.65542597
vn -0.33814868 0.4105532 -0.8468185
vn 0.14279182 0.7910726 -0.5948232
vn 0.35355765 0.9352363 0.018169042
vn 0.16923407 0.7575114 0.6305048
vn -0.30022976 0.36374575 0.8817886
vn -0.8243798 0.2682307 0.49844784
vn -0.7785561 -0.014451835 0.6274085
vn -0.9874079 -0.15717931 0.017895982
vn -0.8445386 0.28995746 -0.45019904
vn -0.8056937 0.018225955 -0.5920519
vn -0.47404534 0.5879607 -0.65542597
vn -0.33814868 0.4105532 -0.8468185
vn -0.7785547 -0.014451198 0.6274104
vn -0.98740757 -0.15718098 0.017901845
vn -0.80569553 0.018226631 -0.5920495
vn -0.33814642 0.41055372 -0.84681916
vn 0.1427928 0.7910716 -0.59482425
vn -0.33814642 0.41055372 -0.84681916
vn -0.30022955 0.36374688 0.8817882
vn 0.16923362 0.7575139 0.6305019
vn 0.35355604 0.93523693 0.01816525
vn -0.53466153 -0.46330523 0.70674264
vn -0.7776388 -0.6287113 -1.4129275E-5
vn -0.56501716 -0.42576686 -0.70673776
vn -0.02147734 0.02652897 -0.9994173
vn -0.02147734 0.02652897 -0.9994173
vn 0.53466296 0.4633054 -0.7067416
vn 0.7776387 0.62871146 1.4113108E-5
vn 0.56501913 0.42577147 0.70673335
vn 0.021477785 -0.026527075 0.99941736
vn -0.47404534 0.5879607 -0.65542597
vn -0.47281647 0.5864359 -0.6576758
vn 0.62572354 0.10442206 -0.77302396
vn -0.0 0.69910485 -0.7150191
vn -0.0 0.28561407 -0.9583447
vn 0.7071031 0.49434516 -0.5055968
vn 0.88491327 -0.33302194 -0.32561457
vn 1.0 0.0 0.0
vn 0.62572634 -0.77047545 0.12179569
vn 0.70710325 -0.49434552 0.5055962
vn 9.132546E-7 -0.9516703 0.30712155
vn 5.5160644E-6 -0.6991038 0.71502024
vn -0.6257273 -0.77047426 0.121798
vn -0.7071019 -0.494344 0.5055996
vn -0.8849131 -0.33302104 -0.325616
vn -1.0 2.5806273E-6 -1.7419234E-6
vn -0.6257219 0.1044215 -0.7730254
vn -0.70710343 0.49434492 -0.5055965
vn -0.0 0.28561407 -0.9583447
vn -0.0 0.69910485 -0.7150191
vn -0.0 -0.16832519 -0.98573154
vn -0.4151679 -0.28854623 -0.86277264
vn -0.5871532 -0.5787867 -0.56591254
vn -0.41518342 -0.8690435 -0.26904652
vn -3.657515E-6 -0.98927325 -0.14607687
vn 0.4151795 -0.86904466 -0.2690491
vn 0.5871555 -0.57878536 -0.56591153
vn 0.41517165 -0.28854585 -0.86277103
vn -0.0 -0.16832519 -0.98573154
vn -0.0 -0.7150408 -0.6990828
vn 3.511702E-6 -0.7150158 -0.6991083
vn -1.40477205E-5 -0.715026 -0.69909775
vn -1.4047719E-5 -0.7150116 -0.6991126
vn -1.4047235E-5 -0.7150063 -0.6991181
vn 1.4046954E-5 -0.7150006 -0.69912386
vn 1.4047574E-5 -0.7150227 -0.6991012
vn 3.511702E-6 -0.7150158 -0.6991083
vn -0.0 -0.7150408 -0.6990828
vn 1.4047573E-5 -0.7150101 -0.6991141
vn 2.809419E-5 -0.715008 -0.69911623
vn 1.4047573E-5 -0.7150101 -0.6991141
vn 1.4046954E-5 -0.7150006 -0.69912386
vn 6.940268E-6 0.7150231 0.6991008
vn -0.0 0.71502227 0.6991017
vn -0.0 0.7150235 0.6991004
vn -6.940273E-6 0.7150229 0.69910103
vn -0.0 0.7150225 0.6991014
vn -0.0 0.7150212 0.69910276
vn -0.0 0.715022 0.6991019
vn -0.0 0.7150216 0.6991024
vn -0.0 0.7150208 0.69910324
vn -1.9838649E-6 0.6990743 -0.71504897
vn -0.707113 0.49431807 -0.50560945
vn -0.707113 0.49431807 -0.50560945
vn -1.9838649E-6 0.6990743 -0.71504897
vn -1.0 -3.8064247E-6 4.2096476E-6
vn -1.0 -3.8064247E-6 4.2096476E-6
vn -0.7071097 -0.49431005 0.50562185
vn -0.7071097 -0.49431005 0.50562185
vn -6.2902986E-6 -0.6990557 0.71506727
vn -6.2902986E-6 -0.6990557 0.71506727
vn 0.7071074 -0.49431378 0.50562143
vn 0.7071074 -0.49431378 0.50562143
vn 1.0 -4.7418976E-6 -1.7257926E-6
vn 1.0 -4.7418976E-6 -1.7257926E-6
vn 0.7071112 0.49431628 -0.5056136
vn 0.7071112 0.49431628 -0.5056136
vn -1.9838649E-6 0.6990743 -0.71504897
vn -1.9838649E-6 0.6990743 -0.71504897
vn 2.9031878E-7 0.6991015 -0.7150225
vn -0.70710516 0.49434042 -0.5055985
vn -0.70710516 0.49434042 -0.5055985
vn 2.9031878E-7 0.6991015 -0.7150225
vn -1.0 -4.3548007E-6 4.5806055E-6
vn -1.0 -4.3548007E-6 4.5806055E-6
vn -0.7071077 -0.4943385 0.5055967
vn -0.7071077 -0.4943385 0.5055967
vn 2.419343E-7 -0.6991014 0.7150225
vn 2.419343E-7 -0.6991014 0.7150225
vn 0.7071075 -0.49433872 0.505597
vn 0.7071075 -0.49433872 0.505597
vn 1.0 -4.6773803E-6 4.596736E-6
vn 1.0 -4.6773803E-6 4.596736E-6
vn 0.70710504 0.4943404 -0.50559866
vn 0.70710504 0.4943404 -0.50559866
vn 2.9031878E-7 0.6991015 -0.7150225
vn 2.9031878E-7 0.6991015 -0.7150225
vn 3.1205313E-6 -0.6446352 -0.7644903
vn -0.06785243 -0.66428673 -0.7443918
vn -0.06785243 -0.66428673 -0.7443918
vn 3.1205313E-6 -0.6446352 -0.7644903
vn -0.09594728 -0.7117229 -0.6958769
vn -0.09594728 -0.7117229 -0.6958769
vn -0.06783713 -0.75915885 -0.64736074
vn -0.06783713 -0.75915885 -0.64736074
vn -0.0 -0.7788082 -0.6272622
vn -0.0 -0.7788082 -0.6272622
vn 0.06783797 -0.7591544 -0.647366
vn 0.06783797 -0.7591544 -0.647366
vn 0.095949344 -0.7117194 -0.6958802
vn 0.095949344 -0.7117194 -0.6958802
vn 0.06785669 -0.6642866 -0.7443915
vn 0.06785669 -0.6642866 -0.7443915
vn 3.1205313E-6 -0.6446352 -0.7644903
vn 3.1205313E-6 -0.6446352 -0.7644903
vn -0.43429154 0.8678862 0.24117309
vn -5.458394E-7 0.99364644 0.11254666
vn -5.458394E-7 0.99364644 0.11254666
vn -0.43429154 0.8678862 0.24117309
vn -0.6141954 0.56426007 0.55170155
vn -0.6141954 0.56426007 0.55170155
vn -0.4342999 0.2606486 0.8622331
vn -0.4342999 0.2606486 0.8622331
vn -1.383822E-7 0.13489899 0.9908594
vn -1.383822E-7 0.13489899 0.9908594
vn 0.43429446 0.26065493 0.8622339
vn 0.43429446 0.26065493 0.8622339
vn 0.61419374 0.5642619 0.55170155
vn 0.61419374 0.5642619 0.55170155
vn 0.4342944 0.8678853 0.24117121
vn 0.4342944 0.8678853 0.24117121
vn -5.458394E-7 0.99364644 0.11254666
vn -5.458394E-7 0.99364644 0.11254666
vn -0.0070978906 -0.70708215 -0.70709574
vn -0.112487935 0.0011160343 -0.99365246
vn -5.2973746E-7 3.7096743E-7 -1.0
vn -0.08946984 -0.6985144 -0.7099808
vn -0.07551047 0.7001569 -0.70998484
vn 0.007094355 0.7070845 -0.7070935
vn 0.011542053 0.99993324 -5.704015E-4
vn 0.010032238 0.9999497 0.0
vn 0.10006683 0.69946617 0.7076253
vn 0.0070943823 0.7070845 0.7070935
vn 0.13067381 -0.0012954903 0.99142456
vn -4.920611E-7 3.7096743E-7 1.0
vn 0.08608622 -0.7013175 0.70763195
vn -0.007097881 -0.70708215 0.70709574
vn -0.008417521 -0.9999644 -5.7114026E-4
vn -0.01003829 -0.99994963 0.0
vn -0.08946984 -0.6985144 -0.7099808
vn -0.0070978906 -0.70708215 -0.70709574
vn 0.45016003 0.72241825 0.52485025
vn 0.011253695 0.99993664 -2.486722E-4
vn -0.4278955 0.73364836 -0.5278879
vn -0.44237062 -0.7250126 -0.52788734
vn -0.008593269 -0.99996305 -2.4933598E-4
vn 0.4357343 -0.73120964 0.5248504
vn 0.64662665 -0.00641526 0.76277965
vn 0.7195306 0.6254808 0.3017443
vn -0.08665552 0.9860533 0.14209081
vn -0.7505997 0.60825026 -0.25813112
vn -0.63585657 0.006309275 -0.77178144
vn -0.44237062 -0.7250126 -0.52788734
vn -0.90085274 0.008649479 -0.43403858
vn -0.75085473 -0.5990056 -0.2782256
vn -0.75085473 -0.5990056 -0.2782256
vn -0.07793071 -0.9916687 0.10256658
vn 0.7220976 -0.63574773 0.27276337
vn 0.97000057 -0.008820718 0.24294253
vn 0.9650495 -0.008795144 0.26192
vn -0.10812393 0.97886467 0.17358923
vn -0.89431643 0.008593642 -0.44735262
vn -0.837109 0.44807723 -0.3138078
vn -0.10812393 0.97886467 0.17358923
vn -0.8349528 -0.43774134 -0.3335212
vn -0.8349528 -0.43774134 -0.3335212
vn -0.093161024 -0.987705 0.12553853
vn -0.093161024 -0.987705 0.12553853
vn 0.8157674 -0.47485453 0.33020702
vn -0.093161024 -0.987705 0.12553853
vn 0.6902573 0.50970024 -0.51356643
vn -0.0031266492 0.34726098 -0.9377633
vn -0.09152104 9.0853113E-4 -0.99580276
vn -0.01002039 -0.34712696 -0.93776464
vn -0.01002039 -0.34712696 -0.93776464
vn 0.6800069 -0.5232978 -0.51356596
vn 0.6800069 -0.5232978 -0.51356596
vn 0.9649325 -0.22998957 -0.12653095
vn 0.9951069 -0.009874882 -0.0983093
vn 0.8111048 0.461728 0.35904917
vn -0.10812393 0.97886467 0.17358923
vn 0.96930677 0.21079408 -0.12653172
vn 0.6902573 0.50970024 -0.51356643
vn -0.01002039 -0.34712696 -0.93776464
vn 0.79999447 -0.007938953 -0.59995496
vn -0.09152104 9.0853113E-4 -0.99580276
vn -0.0031266492 0.34726098 -0.9377633
vn 0.6902573 0.50970024 -0.51356643
vn 0.96930677 0.21079408 -0.12653172
vn 0.9951069 -0.009874882 -0.0983093
vn 0.9649325 -0.22998957 -0.12653095
vn 0.6800069 -0.5232978 -0.51356596
vn -0.0011185581 0.7071435 -0.70706916
vn 0.0013237348 2.2709915E-5 -0.9999991
vn 0.0013237348 2.2709915E-5 -0.9999991
vn -0.0011185581 0.7071435 -0.70706916
vn 0.0029905036 -0.70712256 -0.70708466
vn 0.0029905036 -0.70712256 -0.70708466
vn 0.0029053094 -0.99999577 -2.2902686E-6
vn 0.0029053094 -0.99999577 -2.2902686E-6
vn 0.0011183969 -0.70714206 0.70707065
vn 0.0011183969 -0.70714206 0.70707065
vn -0.001323894 -2.019376E-5 0.9999991
vn -0.001323894 -2.019376E-5 0.9999991
vn -0.002990583 0.707123 0.7070842
vn -0.002990583 0.707123 0.7070842
vn -0.0029053935 0.99999577 3.6773329E-6
vn -0.0029053935 0.99999577 3.6773329E-6
vn -0.0011185581 0.7071435 -0.70706916
vn -0.0011185581 0.7071435 -0.70706916
vn -0.47811195 0.73676807 -0.47810227
vn -0.0 0.010236578 -0.9999476
vn -0.0 0.7376995 -0.6751292
vn -0.7070955 0.007238491 -0.7070811
vn 0.7070955 0.007238401 -0.7070811
vn 0.478112 0.736768 -0.47810227
vn 1.0 0.0 -1.0161274E-6
vn 0.67859596 0.73451173 -6.895399E-7
vn 0.7070927 -0.007238429 0.70708376
vn 0.48157197 0.73224497 0.48156595
vn -0.0 -0.010236489 0.9999476
vn -0.0 0.73130035 0.6820556
vn -0.7070927 -0.007238428 0.70708376
vn -0.48157197 0.73224497 0.48156595
vn -1.0 0.0 -1.0161274E-6
vn -0.67859596 0.73451173 -6.895399E-7
vn -0.7070955 0.007238491 -0.7070811
vn -0.47811195 0.73676807 -0.47810227
vn -0.0 0.7376995 -0.6751292
vn -0.0 1.0 0.0
vn -0.47811195 0.73676807 -0.47810227
vn 0.478112 0.736768 -0.47810227
vn 0.67859596 0.73451173 -6.895399E-7
vn 0.48157197 0.73224497 0.48156595
vn -0.0 0.73130035 0.6820556
vn -0.48157197 0.73224497 0.48156595
vn -0.67859596 0.73451173 -6.895399E-7
vn -0.0 0.0 1.0
vn -0.0 0.0 1.0
vn -0.0 0.0 1.0
vn -0.0 0.0 1.0
vn -0.013635842 0.9845594 0.17451875
vn -0.013635842 0.9845594 0.17451875
vn -0.013635842 0.9845594 0.17451875
vn -0.013635842 0.9845594 0.17451875
vn -0.0 0.0 -1.0
vn -0.0 0.0 -1.0
vn -0.0 0.0 -1.0
vn -0.0 0.0 -1.0
vn 0.014101871 -0.9845685 -0.17443064
vn 0.014101871 -0.9845685 -0.17443064
vn 0.014101871 -0.9845685 -0.17443064
vn 0.014101871 -0.9845685 -0.17443064
vn 0.9558044 -0.28576884 0.06909535
vn 0.9558044 -0.28576884 0.06909535
vn 0.9558044 -0.28576884 0.06909535
vn 0.9558044 -0.28576884 0.06909535
vn -0.9665616 0.0915957 0.23951808
vn -0.8892194 0.02752102 -0.4566524
vn -0.96542084 9.863066E-5 0.26069623
vn -0.890056 0.015785255 -0.45557767
vn -0.89837456 0.027293235 -0.43838137
vn -0.97792983 -0.08995288 0.18857817
vn -0.68174577 0.42415714 -0.5960816
vn -0.9809203 -0.1724003 0.089852385
vn -0.7317746 0.6066526 -0.31060988
vn -0.97858495 -0.19231163 0.0734012
vn -0.7471384 0.6572856 -0.09879222
vn -0.9932443 -0.109251656 0.039113063
vn -0.51122105 0.8442191 0.16108145
vn -0.7071874 0.6678947 0.23195392
vn -0.7026045 0.6462967 0.29773727
vn -0.9787905 -0.20485184 0.002175914
vn -0.6986082 0.620004 0.35712966
vn -0.99119294 -0.1313713 -0.01667598
vn -0.6579532 0.5707548 0.49126008
vn -0.99412924 0.001088269 0.10819361
vn -0.5219328 0.47083816 0.71126485
vn -0.7931285 -0.12407979 0.5962813
vn -0.47586462 0.4622791 0.7482318
vn -0.7362627 -0.19209832 0.64885706
vn -0.5266729 0.779944 0.33808735
vn -0.96711487 -0.07964517 0.24154808
vn -0.71509093 0.68571085 0.1358148
vn -0.99887824 -0.0057424884 -0.047003042
vn -0.49350023 0.5866924 0.6420666
vn -0.7451229 -0.0907761 0.66072047
vn -0.8114036 -0.20291786 0.5481319
vn -0.99744487 0.04072678 0.058694623
vn -0.59416306 -0.7062999 0.3848517
vn -0.9933701 0.10580298 0.044961423
vn -0.647623 -0.7316032 0.21293485
vn -0.979599 0.19872183 0.029922118
vn -0.75538975 -0.64816296 0.09628602
vn -0.97503275 0.2146311 0.056960776
vn -0.80641645 -0.58386385 -0.09378454
vn -0.98989356 0.10094092 0.09960765
vn -0.88864964 -0.0039598807 -0.45856968
vn -0.6949465 -0.31917742 -0.6443409
vn -0.26285172 -0.8550809 0.44692904
vn -0.74418163 -0.23719208 0.62444663
vn -0.40096176 -0.8751613 0.2707811
vn -0.9617811 -0.10996545 0.25076833
vn -0.9987117 -0.03661442 -0.03513376
vn -0.518528 -0.8538344 -0.045777734
vn -0.5029739 -0.7289576 0.46436846
vn -0.7057443 -0.39793763 0.586149
vn -0.5029739 -0.7289576 0.46436846
vn 0.33659607 -0.25077912 0.9076414
vn 0.45497316 -0.7376531 0.49886614
vn 0.7225312 -0.6899471 -0.04383697
vn 0.7538272 -0.63970256 -0.15008394
vn 0.7488453 -0.6507583 0.12547635
vn 0.6252919 -0.6250767 0.46721423
vn 0.21906027 -0.81689173 0.5335734
vn 0.103266925 -0.982379 0.15578009
vn 0.13019611 -0.97828436 0.1612723
vn 0.04580096 -0.9744381 0.21993817
vn -0.089111775 -0.98527646 0.14590913
vn -0.15613528 -0.98210704 -0.10529746
vn -0.12419451 -0.7707007 -0.624977
vn -0.253533 0.05385099 -0.96582663
vn -0.3908109 0.26705384 -0.8808797
vn -0.3955085 0.1182283 -0.9108211
vn -0.39742556 -0.068704456 -0.91505885
vn -0.4115889 -0.21145573 -0.88649935
vn -0.1964952 0.130117 -0.9718329
vn 0.28110367 0.7737759 -0.56767213
vn 0.24849981 0.8622475 -0.4413355
vn 0.55516005 0.82126653 -0.13159987
vn 0.61861604 0.7588745 0.20352836
vn 0.6390712 0.7097644 0.2963484
vn 0.60035723 0.7587135 0.25283408
vn 0.53348565 0.7969495 0.28331012
vn 0.49195242 0.83993024 0.22912873
vn 0.36540946 0.916757 0.16134633
vn 0.20157564 0.97392064 0.10414297
vn 0.04980453 0.9878324 0.14733164
vn 0.22260192 0.9292248 0.29494002
vn 0.33088282 0.9336334 0.1372782
vn 0.77548957 0.3977533 0.49031442
vn 0.90558803 0.41427428 0.09103378
vn 0.6951968 0.71693087 0.052071966
vn 0.7327204 0.45905542 0.5023833
vn -0.7451229 -0.0907761 0.66072047
vn -0.64950055 -0.7249 0.22949733
vn -0.69768924 -0.63523763 0.33121422
vn -0.6170935 -0.7867182 0.016437247
vn -0.5688279 -0.7905745 -0.22677477
vn -0.6928532 -0.62248045 -0.36396772
vn -0.8585444 -0.13786301 -0.49385753
vn -0.84926754 0.23641959 -0.4720704
vn -0.76086116 0.5524961 -0.3403505
vn -0.58670217 0.7984288 -0.1352483
vn -0.60336626 0.7914091 0.09808563
vn -0.6937526 0.5809202 0.42572173
vn -0.74500304 0.2288762 0.62656695
vn -0.7520468 -0.07849122 0.65441936
vn -0.7552632 -0.3759526 0.5368773
vn -0.13928227 0.96523875 -0.22116634
vn -0.17669344 0.9742045 0.14037478
vn -0.29783645 0.740262 0.6027484
vn -0.37220943 0.27792308 0.88556135
vn -0.37881038 -0.1063986 0.9193378
vn -0.3601694 -0.501391 0.7866925
vn -0.27546424 -0.8274733 0.48929286
vn -0.21644852 -0.93080807 0.29452735
vn -0.15612179 -0.9876237 -0.0150131155
vn -0.11728514 -0.92921793 -0.3504258
vn -0.21626657 -0.7991103 -0.5609381
vn -0.37423232 -0.28345022 -0.88295305
vn -0.36866358 0.28541455 -0.8846614
vn -0.27409127 0.71531427 -0.64280593
vn -0.0 -0.9497542 0.3129969
vn -0.0 -0.84362847 0.53692734
vn -0.0 -0.99986947 -0.01615461
vn -0.0 -0.9200271 -0.39185485
vn -0.0 -0.7842929 -0.6203908
vn -0.0 -0.30741253 -0.95157635
vn -0.27409127 0.71531427 -0.64280593
vn -0.0 0.9688414 -0.24768223
vn -0.0 0.9856842 0.16860192
vn -0.0 0.75328803 0.65769076
vn -0.27409127 0.71531427 -0.64280593
vn -0.0 0.6836275 -0.72983104
vn -0.36866358 0.28541455 -0.8846614
vn -0.0 0.24864146 -0.96859556
vn -0.37423232 -0.28345022 -0.88295305
vn -0.0 -0.30741253 -0.95157635
vn -0.21626657 -0.7991103 -0.5609381
vn -0.0 -0.7842929 -0.6203908
vn -0.29783645 0.740262 0.6027484
vn -0.0 0.28055966 0.9598366
vn -0.0 0.28055966 0.9598366
vn -0.37220943 0.27792308 0.88556135
vn -0.0 -0.12015259 0.9927555
vn -0.37881038 -0.1063986 0.9193378
vn -0.0 -0.5211568 0.8534609
vn -0.37220943 0.27792308 0.88556135
vn -0.0 -0.12015259 0.9927555
vn -0.3601694 -0.501391 0.7866925
vn -0.0 -0.5211568 0.8534609
vn 0.28110367 0.7737759 -0.56767213
vn -0.2727346 0.017595066 -0.96192837
vn -0.106621645 0.84568065 -0.52293026
vn -0.1964952 0.130117 -0.9718329
vn -0.30458105 -0.2480651 -0.9196163
vn -0.4115889 -0.21145573 -0.88649935
vn -0.31605658 -0.08542613 -0.94488657
vn -0.39742556 -0.068704456 -0.91505885
vn -0.29517433 0.12993072 -0.94656754
vn -0.3955085 0.1182283 -0.9108211
vn -0.26963556 0.32968104 -0.90476906
vn -0.3908109 0.26705384 -0.8808797
vn -0.23205596 0.10297109 -0.96723676
vn -0.253533 0.05385099 -0.96582663
vn -0.11591762 -0.78292817 -0.61121726
vn -0.12419451 -0.7707007 -0.624977
vn -0.66630423 -0.07057644 -0.7423325
vn -0.73673433 0.21608032 -0.64072764
vn -0.9144425 -0.29252064 -0.27969033
vn -0.98343563 0.035939585 -0.17765899
vn -0.7686123 0.08376364 -0.6342071
vn -0.9857824 0.020362118 -0.16678873
vn -0.78837454 -0.03786785 -0.61402893
vn -0.9876516 0.012476228 -0.15616904
vn -0.98642695 -0.012980177 -0.16368717
vn -0.77296394 -0.1507552 -0.6162788
vn -0.7175021 0.0930388 -0.6903148
vn -0.91971016 0.30320123 -0.24940366
vn -0.36083657 0.8497776 -0.38428503
vn -0.34071186 0.91774803 -0.20409311
vn -0.93328106 -0.076656744 0.35087064
vn -0.93628 0.104789145 0.33525962
vn -0.9174752 -0.22976914 0.3247236
vn -0.812338 -0.57529336 0.09562674
vn -0.9340135 0.3569419 0.014535855
vn -0.42543024 0.9049516 0.008471882
vn -0.77668166 0.6028252 0.18266743
vn -0.94304985 0.24649362 0.22337832
vn -0.8375504 0.53094846 0.12885326
vn -0.926336 0.09508883 0.3644993
vn -0.9118257 0.26370358 0.31469724
vn -0.9216153 -0.07566956 0.38065642
vn -0.90988576 -0.23190682 0.34398714
vn -0.78613997 -0.57669085 0.2222871
vn -0.84184027 0.50455713 0.19164285
vn -0.73236835 0.6776476 -0.06656067
vn -0.43698275 0.8968853 -0.068138145
vn -0.83400667 0.55021334 -0.041208595
vn -0.88613284 0.4623515 -0.03161744
vn -0.29393792 0.8124565 -0.50350267
vn -0.7372026 0.56211746 -0.37490845
vn -0.7039521 0.6146232 -0.35593498
vn -0.252877 0.64448714 -0.72158825
vn -0.55919576 0.50109154 -0.66046
vn -0.691381 0.5587885 -0.45798218
vn -0.88441604 0.46575546 -0.029666677
vn -0.68535143 0.5065002 -0.52321213
vn -0.86232495 0.5057317 -0.025124364
vn -0.46524343 0.82509935 -0.3205614
vn -0.4479652 0.88000596 0.15785022
vn -0.68632764 0.6666268 -0.29079726
vn -0.7013539 0.59845984 0.38723192
vn -0.45951962 0.8880761 0.012749458
vn -0.99996245 -0.0028199805 0.008197041
vn -0.5845485 -0.8096932 0.051962197
vn -0.15735805 -0.9825911 0.09875801
vn -0.31998163 -0.9338865 -0.15958613
vn -0.39541185 -0.85443175 -0.33703974
vn -0.31074467 -0.82508844 -0.4718759
vn -0.7021183 -0.5874299 -0.40243757
vn -0.70023525 -0.28791755 -0.6532794
vn -0.70283043 0.06895575 -0.70800734
vn -0.252877 0.64448714 -0.72158825
vn 0.29940173 0.522206 -0.7985358
vn 0.41154227 0.65967166 -0.6288611
vn -0.55919576 0.50109154 -0.66046
vn -0.70283043 0.06895575 -0.70800734
vn 0.3105875 0.10591211 -0.94462585
vn -0.70023525 -0.28791755 -0.6532794
vn 0.30128878 -0.3837467 -0.8729052
vn 0.7771419 0.50291324 -0.37832355
vn -0.691381 0.5587885 -0.45798218
vn -0.68535143 0.5065002 -0.52321213
vn 0.71039563 0.4538884 -0.53788793
vn 0.47619104 0.81965506 -0.31844574
vn -0.46524343 0.82509935 -0.3205614
vn 0.4597064 0.87411994 0.1567942
vn -0.4479652 0.88000596 0.15785022
vn 0.90575016 0.42309892 -0.02457457
vn -0.86232495 0.5057317 -0.025124364
vn 0.70873207 0.64526486 -0.2851877
vn -0.68632764 0.6666268 -0.29079726
vn 0.4884447 0.87250495 0.012525848
vn -0.45951962 0.8880761 0.012749458
vn 0.71451366 0.5793288 0.39223522
vn -0.7013539 0.59845984 0.38723192
vn 0.6576019 0.7423224 0.12851964
vn -0.77668166 0.6028252 0.18266743
vn 0.08530657 0.99306154 -0.080941625
vn -0.42543024 0.9049516 0.008471882
vn 0.71451366 0.5793288 0.39223522
vn 0.42624062 0.8980645 -0.10862373
vn 0.26487625 0.95155627 -0.1561449
vn 0.61940783 0.777151 -0.11122203
vn 0.24092002 0.96954346 -0.044078883
vn 0.52997094 0.8101758 -0.2504914
vn 0.4560168 0.7894878 -0.41080123
vn 0.4275084 0.73769087 -0.52254075
vn 0.4244918 0.50202334 -0.7535113
vn 0.4318885 0.10159804 -0.8961865
vn 0.52830726 -0.34998643 -0.77356374
vn 0.1989644 0.87920225 -0.43291628
vn 0.10588229 0.97406524 -0.19996466
vn -0.2261217 0.8932809 -0.3884819
vn -0.10817012 0.98451227 -0.13796704
vn 0.13661736 0.81568664 -0.56213075
vn 0.13052283 0.51719254 -0.845858
vn 0.12144343 0.08516407 -0.9889381
vn -0.27701324 0.79405093 -0.54106086
vn -0.3092201 0.48663905 -0.8170467
vn -0.33227977 0.06634129 -0.94084483
vn -0.30567068 0.47919896 -0.82275987
vn -0.3665149 -0.060231697 -0.92846054
vn -0.30110666 0.79305285 -0.5295299
vn -0.20852736 0.9570417 -0.20146362
vn 0.32478157 0.9450603 0.037121188
vn 0.14772369 0.97640353 0.15752383
vn -0.5576293 0.7147765 -0.42207113
vn -0.29528794 0.95417035 -0.048620384
vn 0.274268 0.9590996 -0.07003602
vn 0.55026996 0.699198 -0.45642647
vn 0.7212302 0.5781543 -0.38152912
vn -0.729709 0.665372 0.15749526
vn 0.73540515 0.6644122 0.1331754
vn -0.7104879 0.67228025 0.20795728
vn 0.71638024 0.6666524 0.20584927
vn 0.73076904 -0.2801762 -0.62247723
vn -0.76353025 -0.13184707 -0.6321692
vn -0.7104879 0.67228025 0.20795728
vn -0.57231987 0.4068336 -0.7119947
vn -0.5886938 -0.021772366 -0.8080629
vn -0.57489735 0.007634527 -0.8181899
vn 0.7550918 -0.13282709 -0.64202285
vn 0.73076904 -0.2801762 -0.62247723
vn 0.50257635 0.24695243 -0.82851166
vn -0.7145783 -0.28735384 -0.63781315
vn -0.47945234 0.25059915 -0.8410264
vn 0.48302653 0.8112786 -0.32941213
vn -0.4758417 0.8149881 -0.33070996
vn -0.7104879 0.67228025 0.20795728
vn 0.68843913 -0.070529066 -0.7218567
vn -0.76368463 0.1324077 -0.6318655
vn 0.7037322 0.32504767 -0.63174754
vn -0.62011725 -0.48843598 -0.6139096
vn 0.72348607 -0.6260422 0.2909281
vn 0.6804444 -0.72545797 0.103470705
vn 0.5374241 -0.23600486 -0.8096154
vn 0.5647178 0.35140267 -0.7467329
vn 0.7105274 0.28753227 -0.64224285
vn 0.72381085 -0.17577212 -0.6672346
vn 0.23119125 -0.9375343 -0.25996172
vn 0.30128878 -0.3837467 -0.8729052
vn -0.7021183 -0.5874299 -0.40243757
vn 0.27014178 -0.7780312 -0.5671781
vn -0.70023525 -0.28791755 -0.6532794
vn -0.5845485 -0.8096932 0.051962197
vn 0.25774875 -0.94469917 -0.20275359
vn -0.15735805 -0.9825911 0.09875801
vn 0.102393456 -0.9876878 -0.11827205
vn -6.35307E-4 -0.9987164 -0.050648022
vn -0.31998163 -0.9338865 -0.15958613
vn 0.3492832 -0.82177335 -0.45021084
vn 0.5677325 -0.6316491 -0.52791977
vn 0.52830726 -0.34998643 -0.77356374
vn 0.24390666 -0.45425063 -0.8568348
vn 0.4318885 0.10159804 -0.8961865
vn 0.12144343 0.08516407 -0.9889381
vn -0.35646325 -0.46390477 -0.81100327
vn -0.33227977 0.06634129 -0.94084483
vn -0.26017496 -0.83962506 -0.4768005
vn -5.2457425E-4 -0.9993256 -0.036715344
vn -0.09540814 -0.9863558 -0.13416262
vn 0.12335416 -0.9923351 0.00741017
vn 0.01788313 -0.99931693 0.032340515
vn -0.25422436 -0.9287782 -0.26970556
vn -0.33356017 -0.586958 -0.73771125
vn -0.3665149 -0.060231697 -0.92846054
vn -0.62011725 -0.48843598 -0.6139096
vn -0.5886938 -0.021772366 -0.8080629
vn -0.23306283 -0.8436283 -0.48370758
vn 0.23119125 -0.9375343 -0.25996172
vn -0.3067936 -0.9516316 -0.016581021
vn 0.6804444 -0.72545797 0.103470705
vn -0.6014203 -0.77555555 0.19185226
vn 0.72348607 -0.6260422 0.2909281
vn -0.6966137 -0.6377041 0.328729
vn 0.7308833 -0.682393 0.012220606
vn -0.73077315 -0.6824354 0.015895272
vn -0.76368463 0.1324077 -0.6318655
vn -0.6014203 -0.77555555 0.19185226
vn -0.8353665 0.2884872 -0.4679081
vn 0.7037322 0.32504767 -0.63174754
vn -0.8353665 0.2884872 -0.4679081
vn 0.71034575 0.36865467 -0.5995854
vn 0.7037322 0.32504767 -0.63174754
vn -0.48313788 -0.068364404 -0.87287116
vn 0.48087272 -0.06784325 -0.8741618
vn -0.8353665 0.2884872 -0.4679081
vn -0.46404248 -0.676449 -0.5719103
vn 0.46276543 -0.67455804 -0.57516927
vn -0.73077315 -0.6824354 0.015895272
vn -0.6014203 -0.77555555 0.19185226
vn -0.73077315 -0.6824354 0.015895272
vn -0.6966137 -0.6377041 0.328729
vn 0.71034575 0.36865467 -0.5995854
vn 0.7037322 0.32504767 -0.63174754
vn 0.72348607 -0.6260422 0.2909281
vn 0.04980453 0.9878324 0.14733164
vn 0.20157564 0.97392064 0.10414297
vn 0.24785373 0.95630383 -0.15508541
vn 0.24786018 0.9680093 0.03903001
vn 0.36540946 0.916757 0.16134633
vn 0.49195242 0.83993024 0.22912873
vn 0.43467376 0.89466166 0.10314671
vn 0.53348565 0.7969495 0.28331012
vn 0.61612403 0.77591527 0.13544963
vn 0.60035723 0.7587135 0.25283408
vn 0.6906514 0.71327096 0.11935266
vn 0.6390712 0.7097644 0.2963484
vn 0.7261193 0.6816398 0.09009978
vn 0.61861604 0.7588745 0.20352836
vn 0.67930436 0.7274941 0.096425675
vn 0.65252924 0.75468403 0.068247415
vn 0.55516005 0.82126653 -0.13159987
vn 0.24849981 0.8622475 -0.4413355
vn 0.28110367 0.7737759 -0.56767213
vn -0.106621645 0.84568065 -0.52293026
vn 0.170395 0.97704256 0.12788022
vn -0.36083657 0.8497776 -0.38428503
vn 0.2802064 0.9408027 0.19072142
vn -0.34071186 0.91774803 -0.20409311
vn 0.19601743 0.98052484 0.012176032
vn 0.321396 0.9324938 0.16480277
vn 0.28785625 0.95698136 0.03640775
vn 0.19922282 0.9716762 -0.12710473
vn 0.0075669917 0.9765657 0.21508624
vn 0.12701093 0.9710776 -0.20217924
vn 0.17411065 0.9614173 -0.2129841
vn -0.06192167 0.8906337 0.45048562
vn 0.10548572 0.90845466 0.40445375
vn 0.4167481 0.8904185 -0.18296412
vn 0.30184752 0.95295084 0.0277979
vn 0.22260192 0.9292248 0.29494002
vn 0.77548957 0.3977533 0.49031442
vn 0.3610752 0.35416022 0.8626675
vn -0.18112959 0.2790893 0.94302773
vn -0.29395127 0.9141436 0.27916676
vn -0.70353496 0.3452441 0.6211643
vn -0.19346245 0.9808183 0.02382861
vn -0.8554372 0.5178568 -0.007172206
vn 0.25556916 0.96670014 -0.013240809
vn 0.21906027 -0.81689173 0.5335734
vn 0.6252919 -0.6250767 0.46721423
vn 0.90558803 0.41427428 0.09103378
vn 0.7488453 -0.6507583 0.12547635
vn -0.13755873 -0.6480145 0.74910265
vn -0.6173835 -0.6392249 0.45850748
vn -0.90977305 -0.41510522 7.949447E-4
vn -0.8066993 -0.5399163 -0.24026377
vn -0.7281403 0.67197186 -0.13515013
vn -0.6059513 0.74017924 0.291475
vn -0.60075855 -0.79772097 -0.052253675
vn -0.7284642 0.15944614 0.6662708
vn -0.7152695 -0.6298308 0.3028245
vn -0.47422704 -0.41012105 0.779044
vn 0.45905527 0.854667 0.24251302
vn 0.74874514 0.15427364 0.6446552
vn 0.453268 -0.41523167 0.7887527
vn 0.74001634 -0.60616446 0.2914457
vn 0.07912099 -0.9870564 -0.13949747
vn 0.2699685 -0.9535195 -0.13385645
vn 0.3827719 -0.38420305 -0.8401629
vn 0.24415877 -0.29801446 -0.9228076
vn 0.13802451 -0.92909575 -0.34311855
vn 0.42161265 -0.23214182 -0.87655747
vn 0.25722542 -0.88567346 -0.3865458
vn 0.79422456 -0.26162085 -0.5484176
vn 0.38415948 -0.91893023 -0.08937949
vn 0.9471846 -0.30587396 -0.096345246
vn 0.5131872 -0.8572462 0.04204452
vn 0.9047602 -0.35495195 0.23541051
vn 0.31985334 -0.94596946 0.05324987
vn 0.3098798 -0.93868464 0.151148
vn 0.77982485 -0.40191713 0.47993317
vn 0.25428692 -0.9671185 -0.004468654
vn 0.6473183 -0.58861923 0.48425862
vn 0.33357587 -0.8435853 0.42082182
vn 0.36847463 -0.8986104 0.23817173
vn 0.72888625 -0.60432166 -0.32174563
vn 0.72381085 -0.17577212 -0.6672346
vn 0.5374241 -0.23600486 -0.8096154
vn -0.39541185 -0.85443175 -0.33703974
vn -0.31074467 -0.82508844 -0.4718759
vn -0.11591762 -0.78292817 -0.61121726
vn -0.12419451 -0.7707007 -0.624977
vn -0.15613528 -0.98210704 -0.10529746
vn -0.089111775 -0.98527646 0.14590913
vn 0.04580096 -0.9744381 0.21993817
vn 0.13019611 -0.97828436 0.1612723
vn 0.103266925 -0.982379 0.15578009
vn 0.73076904 -0.2801762 -0.62247723
vn -0.76353025 -0.13184707 -0.6321692
vn 0.7550918 -0.13282709 -0.64202285
vn 0.14772369 0.97640353 0.15752383
vn 0.2580496 0.85669863 0.44662943
vn 0.2580496 0.85669863 0.44662943
vn 0.32478157 0.9450603 0.037121188
vn 0.4473655 0.8547485 0.26319036
vn 0.19601743 0.98052484 0.012176032
vn 0.4473655 0.8547485 0.26319036
vn 0.4831635 0.76289994 0.42957738
vn 0.2802064 0.9408027 0.19072142
vn 0.4831635 0.76289994 0.42957738
vn 0.61188596 0.70446235 0.35962245
vn 0.170395 0.97704256 0.12788022
vn 0.61188596 0.70446235 0.35962245
vn 0.55744857 0.8217932 0.11792828
vn 0.321396 0.9324938 0.16480277
vn 0.55744857 0.8217932 0.11792828
vn 0.58036125 0.8107671 0.0764041
vn 0.28785625 0.95698136 0.03640775
vn 0.58036125 0.8107671 0.0764041
vn 0.47414404 0.78799736 -0.39274368
vn 0.19922282 0.9716762 -0.12710473
vn 0.47414404 0.78799736 -0.39274368
vn 0.24093279 0.78905797 -0.5651007
vn 0.12701093 0.9710776 -0.20217924
vn 0.24093279 0.78905797 -0.5651007
vn 0.18566178 0.7489252 -0.6361138
vn 0.17411065 0.9614173 -0.2129841
vn 0.18566178 0.7489252 -0.6361138
vn 0.44275317 0.74331385 -0.50145197
vn 0.4167481 0.8904185 -0.18296412
vn 0.44275317 0.74331385 -0.50145197
vn 0.694139 0.69665456 -0.18122786
vn 0.30184752 0.95295084 0.0277979
vn 0.694139 0.69665456 -0.18122786
vn 0.6828416 0.7305041 0.009542304
vn 0.25556916 0.96670014 -0.013240809
vn 0.6828416 0.7305041 0.009542304
vn 0.31796136 0.9224282 -0.21915016
vn 0.45905527 0.854667 0.24251302
vn 0.7234349 -0.69018453 -0.016948747
vn 0.74874514 0.15427364 0.6446552
vn 0.74001634 -0.60616446 0.2914457
vn 0.453268 -0.41523167 0.7887527
vn 0.9258809 -0.36904645 -0.080927454
vn 0.9976815 -1.148593E-4 -0.06805595
vn 0.9976815 -1.148593E-4 -0.06805595
vn 0.9239532 -0.34309524 -0.16910395
vn 0.99993265 -0.004304694 -0.010776605
vn 0.99993265 -0.004304694 -0.010776605
vn 0.74437845 -0.38029668 -0.5488855
vn 0.9392718 0.013048824 -0.34292606
vn 0.9392718 0.013048824 -0.34292606
vn 0.3827719 -0.38420305 -0.8401629
vn 0.533923 0.02600663 -0.84513307
vn 0.533923 0.02600663 -0.84513307
vn 0.24113186 0.03546717 -0.96984404
vn 0.24415877 -0.29801446 -0.9228076
vn 0.23704334 0.038408715 -0.97073954
vn 0.42161265 -0.23214182 -0.87655747
vn 0.23704334 0.038408715 -0.97073954
vn 0.6112245 1.9163408E-4 -0.79145724
vn 0.79422456 -0.26162085 -0.5484176
vn 0.6112245 1.9163408E-4 -0.79145724
vn 0.9636479 0.030844532 -0.2653891
vn 0.9471846 -0.30587396 -0.096345246
vn 0.9636479 0.030844532 -0.2653891
vn 0.99943 0.014499337 0.030486079
vn 0.99943 0.014499337 0.030486079
vn 0.9047602 -0.35495195 0.23541051
vn 0.92332864 -0.0117616365 0.38383046
vn 0.92332864 -0.0117616365 0.38383046
vn 0.77982485 -0.40191713 0.47993317
vn 0.7530289 -0.024517301 0.6575305
vn 0.6473183 -0.58861923 0.48425862
vn 0.7530289 -0.024517301 0.6575305
vn 0.6682878 -0.46654257 0.57942164
vn 0.33357587 -0.8435853 0.42082182
vn 0.093162835 -0.79334384 0.60160303
vn 0.36847463 -0.8986104 0.23817173
vn 0.093162835 -0.79334384 0.60160303
vn 0.72888625 -0.60432166 -0.32174563
vn 0.9995117 -0.01903599 -0.024778785
vn 0.72381085 -0.17577212 -0.6672346
vn 0.7105274 0.28753227 -0.64224285
vn 0.99935275 0.034855213 -0.008904922
vn 0.7212302 0.5781543 -0.38152912
vn 0.99915993 0.036295313 0.019030062
vn 0.99915993 0.036295313 0.019030062
vn 0.9992417 0.013528051 0.03651017
vn 0.9992417 0.013528051 0.03651017
vn 0.9993268 -0.011777398 0.034744453
vn 0.99947846 -0.027336543 0.017192828
vn -0.013593404 0.35857037 0.93340373
vn -0.013593404 0.35857037 0.93340373
vn -0.013593404 0.35857037 0.93340373
vn -0.013593404 0.35857037 0.93340373
vn 0.030570922 -0.2989756 0.95377094
vn 0.030570922 -0.2989756 0.95377094
vn 0.030570922 -0.2989756 0.95377094
vn 0.030570922 -0.2989756 0.95377094
vn 0.6834177 0.12870106 0.7185933
vn 0.6834177 0.12870106 0.7185933
vn 0.6834177 0.12870106 0.7185933
vn 0.64484257 -0.031301364 0.7636742
vn 0.64484257 -0.031301364 0.7636742
vn 0.64484257 -0.031301364 0.7636742
vn 0.64484257 -0.031301364 0.7636742
vn 0.74437845 -0.38029668 -0.5488855
vn 0.41151083 -0.90978384 -0.054334406
vn 0.9239532 -0.34309524 -0.16910395
vn 0.40698156 -0.91175145 -0.055455636
vn -0.29005945 -0.9514323 0.10316072
vn -0.32132328 -0.9423329 -0.09359493
vn 0.7234349 -0.69018453 -0.016948747
vn 0.9258809 -0.36904645 -0.080927454
vn -0.60075855 -0.79772097 -0.052253675
vn -0.6173835 -0.6392249 0.45850748
vn -0.90977305 -0.41510522 7.949447E-4
vn -0.60075855 -0.79772097 -0.052253675
vn -0.7152695 -0.6298308 0.3028245
vn 0.9239532 -0.34309524 -0.16910395
vn 0.40698156 -0.91175145 -0.055455636
vn 0.9258809 -0.36904645 -0.080927454
vn -0.6173835 -0.6392249 0.45850748
vn -0.32132328 -0.9423329 -0.09359493
vn -0.8554372 0.5178568 -0.007172206
vn -0.7281403 0.67197186 -0.13515013
vn 0.7538272 -0.63970256 -0.15008394
vn 0.6951968 0.71693087 0.052071966
vn 0.7225312 -0.6899471 -0.04383697
vn 0.7327204 0.45905542 0.5023833
vn 0.45497316 -0.7376531 0.49886614
vn 0.33659607 -0.25077912 0.9076414
vn -0.0 -0.7842929 -0.6203908
vn -0.37423232 -0.28345022 -0.88295305
vn -0.36866358 0.28541455 -0.8846614
vn -0.0 0.24864146 -0.96859556
vn -0.36866358 0.28541455 -0.8846614
vn -0.0 0.6836275 -0.72983104
vn 0.04703424 -0.48100153 0.8754572
vn 0.046564944 -0.49985802 0.8648547
vn 0.046564944 -0.49985802 0.8648547
vn 0.04703424 -0.48100153 0.8754572
vn 0.047481503 -0.46191978 0.8856498
vn 0.047481503 -0.46191978 0.8856498
vn 0.035565775 0.6948297 0.7182944
vn 0.035565775 0.6948297 0.7182944
vn 0.035565775 0.6948297 0.7182944
vn 0.03556461 0.69482195 0.71830195
vn 0.03556461 0.69482195 0.71830195
vn 0.03556461 0.69482195 0.71830195
vn -0.035727143 -0.6948335 -0.7182827
vn -0.035727143 -0.6948335 -0.7182827
vn -0.035727143 -0.6948335 -0.7182827
vn -0.035757404 -0.6947317 -0.7183797
vn -0.035757404 -0.6947317 -0.7183797
vn -0.035757404 -0.6947317 -0.7183797
vn 0.9996115 0.013964737 -0.024120852
vn 0.99924123 0.022115387 -0.03206094
vn 0.99924123 0.022115387 -0.03206094
vn 0.99966705 0.0034371584 -0.025573513
vn 0.9997333 -0.0059032775 -0.022325767
vn 0.99985224 0.005812279 -0.016177645
vn 0.9999269 -0.0046007372 -0.01117806
vn 0.9999269 -0.0046007372 -0.01117806
vn 0.99943936 -0.0176178 -0.028469974
vn 0.99943936 -0.0176178 -0.028469974
vn -0.9990937 -0.0405514 0.012939315
vn -0.9999512 -0.0024721695 0.009569052
vn -0.9999161 -0.012943947 5.385815E-4
vn -0.9990937 -0.0405514 0.012939315
vn -0.99982196 0.014675373 -0.011862647
vn -0.9998316 0.016572548 0.00787834
vn -0.9994481 0.018463207 0.027616227
vn -0.9994481 0.018463207 0.027616227
vn -0.998994 0.026650982 -0.03606686
vn -0.998994 0.026650982 -0.03606686
vn -0.998994 0.026650982 -0.03606686
vn 0.04571905 -0.5268687 0.84871614
vn 0.046558965 -0.4986576 0.8655477
vn 0.04571905 -0.5268687 0.84871614
vn 0.046558965 -0.4986576 0.8655477
vn 0.0473486 -0.46990797 0.88144463
vn 0.0473486 -0.46990797 0.88144463
vn -0.9998887 -7.585871E-4 0.014897848
vn -0.99981606 -0.019133076 0.0013171119
vn -0.99981606 -0.019133076 0.0013171119
vn -0.9998887 -7.585871E-4 0.014897848
vn -0.9999269 0.004604162 0.011176733
vn -0.9999269 0.004604162 0.011176733
vn -0.99943936 0.017616298 0.028470807
vn -0.99943936 0.017616298 0.028470807
vn -0.035562996 -0.6948334 -0.7182909
vn -0.035562996 -0.6948334 -0.7182909
vn -0.035562996 -0.6948334 -0.7182909
vn -0.035562996 -0.6948334 -0.7182909
vn 0.035595194 0.69483244 0.7182902
vn 0.035595194 0.69483244 0.7182902
vn 0.035595194 0.69483244 0.7182902
vn 0.035595194 0.69483244 0.7182902
vn -0.03553757 -0.6948267 -0.7182987
vn -0.03553757 -0.6948267 -0.7182987
vn -0.03553757 -0.6948267 -0.7182987
vn -0.03553757 -0.6948267 -0.7182987
vn 0.9998073 -0.017662391 0.008568323
vn 0.99979144 -0.018066235 -0.0095246155
vn 0.99979144 -0.018066235 -0.0095246155
vn 0.9998073 -0.017662391 0.008568323
vn 0.99899405 -0.026648117 0.036065653
vn 0.99899405 -0.026648117 0.036065653
vn 0.9994481 -0.01846416 -0.027614433
vn 0.9994481 -0.01846416 -0.027614433
vn 0.035620134 0.6948302 0.7182912
vn 0.035620134 0.6948302 0.7182912
vn 0.035620134 0.6948302 0.7182912
vn 0.035620134 0.6948302 0.7182912
vn -0.04305879 0.6105459 -0.7908095
vn -0.04305879 0.6105459 -0.7908095
vn -0.04305879 0.6105459 -0.7908095
vn -0.04305879 0.6105459 -0.7908095
vn 0.008278383 -0.9941459 0.10772857
vn 0.008278383 -0.9941459 0.10772857
vn 0.008278383 -0.9941459 0.10772857
vn 0.008278383 -0.9941459 0.10772857
vn -0.0429315 0.61055195 -0.7908117
vn -0.0429315 0.61055195 -0.7908117
vn -0.0429315 0.61055195 -0.7908117
vn -0.0429315 0.61055195 -0.7908117
vn 0.0103768185 -0.9890747 0.14704943
vn 0.0103768185 -0.9890747 0.14704943
vn 0.0103768185 -0.9890747 0.14704943
vn 0.0103768185 -0.9890747 0.14704943
vn -0.032627095 0.81194663 -0.58281916
vn -0.032627095 0.81194663 -0.58281916
vn -0.032627095 0.81194663 -0.58281916
vn -0.032627095 0.81194663 -0.58281916
vn -0.03263488 0.8119422 -0.58282477
vn -0.03263488 0.8119422 -0.58282477
vn -0.03263488 0.8119422 -0.58282477
vn -0.03263488 0.8119422 -0.58282477
vn -0.038171783 0.71901 -0.69395065
vn -0.038171783 0.71901 -0.69395065
vn -0.038171783 0.71901 -0.69395065
vn -0.038171783 0.71901 -0.69395065
vn -0.038445372 0.71916676 -0.6937731
vn -0.038445372 0.71916676 -0.6937731
vn -0.038172707 0.7193392 -0.69360936
vn -0.038172707 0.7193392 -0.69360936
vn 0.038219295 -0.7191694 0.6937828
vn 0.038219295 -0.7191694 0.6937828
vn 0.038219295 -0.7191694 0.6937828
vn 0.038219295 -0.7191694 0.6937828
vn 0.038180266 -0.7191628 0.6937918
vn 0.038180266 -0.7191628 0.6937918
vn 0.038178332 -0.7191671 0.6937875
vn 0.038178332 -0.7191671 0.6937875
vn -0.96839464 -0.17756794 0.17516135
vn -0.96839464 -0.17756794 0.17516135
vn -0.96839464 -0.17756794 0.17516135
vn -0.96839464 -0.17756794 0.17516135
vn -0.040184546 -0.5973154 -0.8009991
vn -0.040184546 -0.5973154 -0.8009991
vn -0.040184546 -0.5973154 -0.8009991
vn -0.040184546 -0.5973154 -0.8009991
vn 0.9840571 -0.12343667 0.12804286
vn 0.9840571 -0.12343667 0.12804286
vn 0.9840571 -0.12343667 0.12804286
vn 0.9840571 -0.12343667 0.12804286
vn 0.030513676 0.7802063 0.6247776
vn 0.030513676 0.7802063 0.6247776
vn 0.030513676 0.7802063 0.6247776
vn 0.030513676 0.7802063 0.6247776
vn -0.98420614 0.17691562 -0.006256958
vn -0.9749847 0.22122145 0.021584496
vn -0.9870738 0.16025457 -0.0019786581
vn -0.9749847 0.22122145 0.021584496
vn -0.972754 0.2281435 0.04123283
vn -0.9508003 0.3080951 0.032499
vn -0.6715801 0.673904 0.3079506
vn -0.76383877 0.5534772 0.33198398
vn -0.76700824 -0.63117 0.11542435
vn -0.78056 0.11431213 0.61453956
vn -0.5572226 0.78490543 0.270973
vn -0.71439916 0.69859844 0.0399254
vn -0.9435707 0.33030286 0.02396512
vn -0.83970886 0.54253113 0.023430662
vn -0.77410406 0.632713 0.020907879
vn -0.95452046 0.29708013 0.025180284
vn -0.6168019 0.7864617 0.032147296
vn -0.2773235 0.96055317 0.02071688
vn -0.27886978 0.9601123 0.02039973
vn -0.8031934 0.5631223 0.19435444
vn -0.9663926 0.2570409 0.003922225
vn -0.9800404 0.1975003 -0.022682548
vn -0.94830865 0.3173493 4.1686068E-4
vn -0.9840793 0.1766018 -0.019993922
vn -0.54241306 0.7701393 0.33566877
vn -0.28712335 0.51970905 0.80465066
vn -0.28712335 0.51970905 0.80465066
vn -0.6057098 0.79555935 0.014176843
vn -0.13343601 0.9908957 0.017906137
vn -0.13343601 0.9908957 0.017906137
vn -0.14262165 0.9893836 0.0279133
vn -0.14712301 0.98842317 0.03707487
vn -0.15835075 0.94425595 0.2886273
vn -0.15172888 0.8492867 0.50565845
vn -0.18879661 0.846001 0.4986362
vn -0.32918954 0.78753734 0.52097905
vn -0.45229045 0.5367131 0.7123008
vn -0.60955113 -0.2162646 0.76267755
vn -0.5198645 -0.8083396 0.2762751
vn -0.6015878 -0.79650265 -0.060628437
vn -0.78345823 -0.6185396 -0.06001688
vn -0.78345823 -0.6185396 -0.06001688
vn -0.808127 -0.5671374 0.15901525
vn -0.808127 -0.5671374 0.15901525
vn -0.7652415 -0.59507215 0.24554953
vn -0.75228745 -0.60994166 0.24906789
vn -0.7391132 -0.6248329 0.2515858
vn -0.72547895 -0.6389405 0.2558033
vn -0.72547895 -0.6389405 0.2558033
vn -0.8438674 -0.3015635 0.4437873
vn -0.8438674 -0.3015635 0.4437873
vn -0.8313894 0.12280079 0.54195166
vn -0.8313894 0.12280079 0.54195166
vn -0.909251 -0.33988702 0.24029042
vn -0.909251 -0.33988702 0.24029042
vn -0.9819325 0.040807012 0.18477891
vn -0.9819325 0.040807012 0.18477891
vn -0.7942549 0.42324236 -0.43591857
vn -0.7942549 0.42324236 -0.43591857
vn -0.7942549 0.42324236 -0.43591857
vn -0.7942549 0.42324236 -0.43591857
vn -0.8169077 0.5766166 0.013231979
vn -0.8169077 0.5766166 0.013231979
vn -0.8169077 0.5766166 0.013231979
vn -0.8169077 0.5766166 0.013231979
vn -0.9894542 0.12998083 -0.063916616
vn -0.9911947 0.114778765 -0.06602109
vn -0.99152184 0.084009655 -0.099130325
vn -0.9925565 0.103257775 -0.064571075
vn -0.99634635 0.05074991 -0.06869099
vn -0.99760264 0.032841206 -0.06091323
vn -0.99490035 -0.07938784 -0.06221594
vn -0.99606407 -0.062392283 -0.06295686
vn -0.99100626 -0.12106374 -0.05701015
vn -0.90524423 -0.4188301 0.07151387
vn -0.9899476 -0.13375716 -0.045964934
vn -0.9859241 0.1308974 0.104016416
vn -0.89002055 -0.454866 0.030989934
vn -0.96919703 -0.16427353 0.18349765
vn -0.8856258 0.3637403 0.2887212
vn -0.75774795 0.60962063 0.2327676
vn -0.75774795 0.60962063 0.2327676
vn -0.75406885 0.6133361 0.23494464
vn -0.75406885 0.6133361 0.23494464
vn -0.9148825 -0.21332559 0.3427568
vn -0.8878216 -0.43825564 0.14037381
vn -0.7599785 -0.5924689 0.26723278
vn -0.6591717 -0.7385781 0.1414037
vn -0.60311216 -0.76150966 0.23740004
vn -0.847153 -0.51294327 0.13863987
vn -0.56617606 -0.7694508 0.29561836
vn -0.6731274 -0.7386372 0.03625777
vn -0.41515464 -0.90734416 0.0661305
vn -0.7361421 -0.6742173 -0.05937933
vn -0.27486652 -0.9590479 -0.06837704
vn -0.98426676 -0.17195314 -0.040633522
vn -0.81794417 0.539356 0.20015615
vn -0.81794417 0.539356 0.20015615
vn -0.792079 0.39095464 0.4687914
vn -0.8074037 0.5536821 0.20380254
vn -0.792079 0.39095464 0.4687914
vn -0.82821506 0.52485204 0.1964438
vn -0.8613939 -0.17680688 0.47617215
vn -0.8613939 -0.17680688 0.47617215
vn -0.84548616 -0.5075466 0.16598082
vn -0.99377245 0.102454044 -0.043811124
vn -0.9842617 0.17107128 -0.044312157
vn -0.21724163 0.10947784 -0.9699591
vn -0.10101168 0.23065376 -0.9677786
vn -0.10101168 0.23065376 -0.9677786
vn -0.24451134 -0.051897634 -0.9682566
vn -0.308094 -0.1935216 -0.93146527
vn -0.27643272 -0.4957227 -0.8233128
vn -0.27643272 -0.4957227 -0.8233128
vn -0.22923698 -0.47195032 -0.8513009
vn -0.22923698 -0.47195032 -0.8513009
vn -0.16796064 -0.2778918 -0.94581467
vn -0.16796064 -0.2778918 -0.94581467
vn -0.18531953 0.06675246 -0.9804085
vn -0.18531953 0.06675246 -0.9804085
vn -0.20143586 0.48223925 -0.85256606
vn -0.20143586 0.48223925 -0.85256606
vn -0.29213896 0.63410676 -0.7159353
vn -0.29213896 0.63410676 -0.7159353
vn -0.4005698 0.10429379 -0.91031134
vn -0.4005698 0.10429379 -0.91031134
vn -0.26272443 -0.5039957 -0.8227783
vn -0.30397716 0.8484168 0.43334386
vn -0.30397716 0.8484168 0.43334386
vn -0.30397716 0.8484168 0.43334386
vn -0.30397716 0.8484168 0.43334386
vn -0.30397716 0.8484168 0.43334386
vn -0.30397716 0.8484168 0.43334386
vn -0.59352 -0.32040906 0.73828995
vn -0.59352 -0.32040906 0.73828995
vn -0.59352 -0.32040906 0.73828995
vn -0.59352 -0.32040906 0.73828995
vn -0.3972573 -0.9167227 -0.042497676
vn -0.3972573 -0.9167227 -0.042497676
vn -0.3972573 -0.9167227 -0.042497676
vn -0.3972573 -0.9167227 -0.042497676
vn -0.42435467 -0.83578366 -0.34840885
vn -0.42435467 -0.83578366 -0.34840885
vn -0.42435467 -0.83578366 -0.34840885
vn -0.42435467 -0.83578366 -0.34840885
vn -0.42435467 -0.83578366 -0.34840885
vn -0.42435467 -0.83578366 -0.34840885
vn -0.5759198 -0.18117806 -0.79717684
vn -0.5759198 -0.18117806 -0.79717684
vn -0.5759198 -0.18117806 -0.79717684
vn -0.5759198 -0.18117806 -0.79717684
vn -0.3275992 0.9320915 -0.15454528
vn -0.3275992 0.9320915 -0.15454528
vn -0.3275992 0.9320915 -0.15454528
vn -0.3275992 0.9320915 -0.15454528
vn -0.0 0.8093798 -0.58728546
vn -0.0 0.8093798 -0.58728546
vn -0.0 0.8093798 -0.58728546
vn -0.0 0.8093798 -0.58728546
vn -0.0 -0.020963224 -0.99978024
vn -0.0 -0.020963224 -0.99978024
vn -0.0 -0.020963224 -0.99978024
vn -0.0 -0.020963224 -0.99978024
vn -0.0 -0.6749123 -0.73789793
vn -0.0 -0.6749123 -0.73789793
vn -0.0 -0.6749123 -0.73789793
vn -0.0 -0.6749123 -0.73789793
vn 1.0 0.0 7.705128E-7
vn 1.0 0.0 1.130433E-6
vn 1.0 0.0 9.3406E-7
vn 1.0 0.0 8.1907956E-7
vn 1.0 0.0 1.0797602E-6
vn 1.0 0.0 0.0
vn 1.0 0.0 0.0
vn 1.0 0.0 0.0
vn 1.0 0.0 0.0
vn 1.0 0.0 0.0
vn 1.0 0.0 0.0
vn 1.0 3.429393E-7 0.0
vn 1.0 3.429393E-7 0.0
vn 1.0 0.0 0.0
vn 1.0 0.0 0.0
vn 1.0 -5.1191955E-7 7.0297347E-7
vn 1.0 -9.814772E-7 0.0
vn 1.0 -1.408673E-6 -6.4778413E-7
vn 1.0 4.6995308E-7 0.0
vn 1.0 4.6995308E-7 0.0
vn 1.0 4.6995308E-7 0.0
vn 1.0 4.6995308E-7 0.0
vn 1.0 0.0 0.0
vn 1.0 0.0 0.0
vn 1.0 0.0 0.0
vn 1.0 0.0 0.0
vn 1.0 0.0 0.0
vn 1.0 0.0 0.0
vn 1.0 0.0 0.0
vn 1.0 3.3871527E-7 0.0
vn 1.0 3.3871527E-7 0.0
vn 1.0 3.1330677E-7 0.0
vn 1.0 3.1330677E-7 0.0
vn 1.0 -1.3230174E-6 -7.485014E-7
vn 1.0 -7.023749E-7 -1.16114414E-7
vn 1.0 -2.817219E-6 -1.5817626E-6
vn 1.0 0.0 0.0
vn 1.0 0.0 -8.19074E-7
vn 1.0 0.0 -7.705072E-7
vn 1.0 0.0 -9.3406E-7
vn 1.0 0.0 0.0
vn 1.0 0.0 0.0
vn 1.0 0.0 0.0
vn 1.0 0.0 0.0
vn 1.0 0.0 0.0
vn 1.0 0.0 0.0
vn 1.0 -3.429393E-7 0.0
vn 1.0 -3.429393E-7 0.0
vn 1.0 5.11907E-7 -7.0298285E-7
vn 1.0 0.0 0.0
vn 1.0 0.0 0.0
vn 1.0 0.0 0.0
vn 1.0 -4.6995308E-7 0.0
vn 1.0 -4.6995308E-7 0.0
vn 1.0 -4.6995308E-7 0.0
vn 1.0 -4.6995308E-7 0.0
vn 1.0 9.814858E-7 0.0
vn 1.0 1.4087365E-6 6.478133E-7
vn 1.0 0.0 0.0
vn 1.0 7.236005E-7 1.16102825E-7
vn 1.0 1.3230879E-6 7.4854086E-7
vn 1.0 -3.1329967E-7 0.0
vn 1.0 -3.1329967E-7 0.0
vn 1.0 -3.3870833E-7 0.0
vn 1.0 0.0 0.0
vn 1.0 0.0 0.0
vn 1.0 0.0 0.0
vn -1.0 0.0 0.0
vn -1.0 0.0 0.0
vn -1.0 0.0 0.0
vn -1.0 0.0 0.0
vn -1.0 0.0 0.0
vn -1.0 -1.0728509E-6 0.0
vn -1.0 -1.0728509E-6 0.0
vn -1.0 0.0 0.0
vn -1.0 -7.118451E-7 0.0
vn -1.0 0.0 0.0
vn -1.0 0.0 0.0
vn -1.0 0.0 0.0
vn -1.0 -3.93639E-6 0.0
vn -1.0 -7.87278E-6 0.0
vn -1.0 3.9201113E-6 0.0
vn -1.0 -8.9558444E-7 0.0
vn -1.0 -3.93676E-6 0.0
vn -1.0 -5.3642543E-7 0.0
vn -1.0 1.7535484E-7 0.0
vn -0.0 -0.99978036 0.020958457
vn -0.0 -0.99978036 0.020958457
vn -0.0 -0.99978036 0.020958457
vn -0.0 -0.99978036 0.020958457
vn -1.0 0.0 0.0
vn -1.0 -3.1331464E-7 0.0
vn -1.0 0.0 0.0
vn -1.0 -3.1331464E-7 0.0
vn -1.0 -6.266293E-7 0.0
vn -1.0 -6.266293E-7 0.0
vn -1.0 8.1437463E-7 0.0
vn -1.0 0.0 0.0
vn -1.0 0.0 0.0
vn -1.0 0.0 0.0
vn -1.0 -7.521059E-6 0.0
vn -1.0 -7.521059E-6 0.0
vn -1.0 0.0 0.0
vn -1.0 0.0 0.0
vn -1.0 0.0 0.0
vn -1.0 -6.266002E-7 0.0
vn -1.0 -6.266002E-7 0.0
vn -1.0 -1.2532004E-6 0.0
vn -1.0 -1.2532004E-6 0.0
vn -1.0 0.0 0.0
vn -1.0 0.0 0.0
vn -1.0 0.0 0.0
vn -1.0 4.143628E-7 0.0
vn -1.0 0.0 0.0
vn -1.0 4.143628E-7 0.0
vn -1.0 -7.327342E-7 0.0
vn -1.0 -7.327342E-7 0.0
vn -1.0 -1.8798313E-6 0.0
vn -1.0 -1.8798313E-6 0.0
vn -1.0 0.0 0.0
vn -1.0 0.0 0.0
vn -1.0 0.0 0.0
vn -1.0 0.0 0.0
vn -1.0 -8.1437463E-7 0.0
vn -1.0 0.0 0.0
vn -1.0 3.133099E-7 0.0
vn -1.0 3.133099E-7 0.0
vn -1.0 6.266198E-7 0.0
vn -1.0 6.266198E-7 0.0
vn -1.0 0.0 0.0
vn -1.0 0.0 0.0
vn -1.0 0.0 0.0
vn -1.0 0.0 0.0
vn -1.0 0.0 0.0
vn -1.0 0.0 0.0
vn -1.0 6.2659853E-7 0.0
vn -1.0 6.2659853E-7 0.0
vn -1.0 1.2531971E-6 0.0
vn -1.0 1.2531971E-6 0.0
vn -1.0 0.0 0.0
vn -1.0 0.0 0.0
vn -1.0 0.0 0.0
vn -1.0 -4.143628E-7 0.0
vn -1.0 0.0 0.0
vn -1.0 -4.143628E-7 0.0
vn -1.0 7.3272474E-7 0.0
vn -1.0 7.3272474E-7 0.0
vn -1.0 1.8798123E-6 0.0
vn -1.0 1.8798123E-6 0.0
vn -1.0 0.0 0.0
vn -0.0 0.99978036 -0.020958457
vn -0.0 0.99978036 -0.020958457
vn -0.0 0.99978036 -0.020958457
vn -0.0 0.99978036 -0.020958457
vn -0.0 -0.6777711 0.73527294
vn -0.0 -0.6777711 0.73527294
vn -0.0 -0.6777711 0.73527294
vn -0.0 -0.6777711 0.73527294
vn -0.0 0.70799255 0.70621985
vn -0.0 0.70799255 0.70621985
vn -0.0 0.70799255 0.70621985
vn -0.0 0.70799255 0.70621985
vn -1.0 0.0 0.0
vn -1.0 0.0 0.0
vn -1.0 0.0 0.0
vn -1.0 1.7653073E-7 0.0
vn -1.0 -2.1627433E-7 0.0
vn -1.0 1.7147153E-7 0.0
vn -1.0 -7.8561015E-7 0.0
vn -1.0 3.083557E-7 0.0
vn -1.0 3.112998E-7 0.0
vn -1.0 2.0327053E-7 0.0
vn -1.0 0.0 0.0
vn -1.0 0.0 0.0
vn -1.0 2.0327053E-7 0.0
vn -1.0 6.85888E-7 0.0
vn -1.0 -5.565718E-7 0.0
vn -1.0 -4.065358E-7 0.0
vn -1.0 -7.703974E-7 0.0
vn -1.0 -6.6332467E-7 0.0
vn -1.0 -4.065358E-7 0.0
vn -1.0 -1.7146776E-7 0.0
vn -1.0 -6.040202E-7 0.0
vn -1.0 1.8158997E-7 0.0
vn -1.0 0.0 0.0
vn -1.0 -3.6803675E-7 0.0
vn -1.0 3.142439E-7 0.0
vn -1.0 -1.8401838E-7 0.0
vn -1.0 -9.201136E-7 0.0
vn -1.0 -2.023415E-6 0.0
vn -1.0 6.0400964E-7 0.0
vn -1.0 -1.5712203E-6 0.0
vn -1.0 7.704005E-7 0.0
vn -1.0 4.065371E-7 0.0
vn -1.0 0.0 0.0
vn -1.0 1.7147153E-7 0.0
vn -1.0 5.565746E-7 0.0
vn -1.0 -6.8588236E-7 0.0
vn -1.0 0.0 0.0
vn -1.0 -2.0327053E-7 0.0
vn -1.0 -2.0327053E-7 0.0
vn -1.0 0.0 0.0
vn -1.0 -3.112956E-7 0.0
vn -1.0 -3.083527E-7 0.0
vn -1.0 0.0 0.0
vn -1.0 0.0 0.0
vn -1.0 0.0 0.0
vn -1.0 -1.765302E-7 0.0
vn -1.0 2.1627093E-7 0.0
vn -1.0 -1.7146776E-7 0.0
vn -1.0 0.0 0.0
vn -1.0 -1.8159261E-7 0.0
vn -1.0 3.6803894E-7 0.0
vn -1.0 1.8401947E-7 0.0
vn -1.0 -3.1423852E-7 0.0
vn -1.0 1.7990318E-6 0.0
vn -1.0 2.023415E-6 0.0
vn -0.0 0.34413534 0.9389201
vn -0.0 0.48150286 0.8764445
vn -0.0 0.23930416 0.97094464
vn -0.0 0.48150274 0.8764446
vn -0.0 0.60790503 0.79400975
vn -0.0 0.60790485 0.7940099
vn -0.0 0.4815029 0.87644446
vn -0.0 0.18506797 0.9827257
vn -0.0 0.23930416 0.97094464
vn -0.0 0.60790527 0.7940095
vn -0.0 0.020962967 0.99978024
vn -0.0 0.020962967 0.99978024
vn -0.0 0.18506797 0.9827257
vn -0.0 -0.32106015 -0.9470588
vn -0.0 -0.4880062 -0.87284017
vn -0.0 -0.32106015 -0.9470588
vn -0.0 -0.4880062 -0.87284017
vn -0.0 -0.63866293 -0.7694866
vn -0.0 -0.63866293 -0.7694866
vn -0.0 0.9132987 0.4072903
vn -0.0 0.9132987 0.4072903
vn -0.0 0.9132987 0.4072903
vn -0.0 0.9132987 0.4072903
vn -0.0 0.8553534 -0.5180449
vn -0.0 0.8553534 -0.5180449
vn -0.0 0.8553534 -0.5180449
vn -0.0 0.8553534 -0.5180449
vn -0.0 0.30158192 -0.95344025
vn -0.0 0.30158192 -0.95344025
vn -0.0 0.30158192 -0.95344025
vn -0.0 0.30158192 -0.95344025
vn -0.0 -0.5180401 -0.85535634
vn -0.0 -0.5180401 -0.85535634
vn -0.0 -0.5180401 -0.85535634
vn -0.0 -0.5180401 -0.85535634
vn -0.0 -0.5180401 -0.85535634
vn -0.0 0.51803976 0.8553565
vn -0.0 0.51803976 0.8553565
vn -0.0 0.51803976 0.8553565
vn -0.0 0.51803976 0.8553565
vn -0.0 0.51803976 0.8553565
vn -0.0 -0.9756492 -0.21933693
vn -0.0 -0.9756492 -0.21933693
vn -0.0 -0.9756492 -0.21933693
vn -0.0 -0.9756492 -0.21933693
vn -0.0 -0.25760067 0.96625143
vn -0.0 -0.25760067 0.96625143
vn -0.0 -0.25760067 0.96625143
vn -0.0 -0.25760067 0.96625143
vn -0.0 -0.64105177 0.76749766
vn -0.0 -0.5182669 0.85521895
vn -0.0 -0.7212053 0.69272137
vn -0.0 -0.5182669 0.85521895
vn -0.0 -0.3836804 0.9234659
vn -0.0 -0.7585279 0.6516406
vn -0.0 -0.5182669 0.85521895
vn -0.0 -0.38368025 0.92346597
vn -0.0 -0.3836806 0.92346585
vn -0.0 -0.3836804 0.9234659
vn -0.0 -0.7212053 0.69272137
vn -0.0 -0.85535413 0.5180438
vn -0.0 -0.85535413 0.5180438
vn -0.0 0.6596476 -0.7515751
vn -0.0 0.51189977 -0.8590452
vn -0.0 0.6596476 -0.7515751
vn -0.0 0.51189977 -0.8590452
vn -0.0 0.34706515 -0.937841
vn -0.0 0.34706515 -0.937841
vn -0.0 0.103929885 0.9945846
vn -0.0 0.103929885 0.9945846
vn -0.0 0.103929885 0.9945846
vn -0.0 0.103929885 0.9945846
vn -0.0 0.103929885 0.9945846
vn -0.0 0.8763174 0.4817342
vn -0.0 0.8763174 0.4817342
vn -0.0 0.8763174 0.4817342
vn -0.0 0.8763174 0.4817342
vn -0.0 0.9764942 -0.21554367
vn -0.0 0.9764942 -0.21554367
vn -0.0 0.9764942 -0.21554367
vn -0.0 0.9764942 -0.21554367
vn -0.0 0.9764942 -0.21554367
vn -0.0 0.4817396 -0.8763144
vn -0.0 0.4817396 -0.8763144
vn -0.0 0.4817396 -0.8763144
vn -0.0 0.4817396 -0.8763144
vn -0.0 0.4817396 -0.8763144
vn -0.0 -0.48173994 0.8763142
vn -0.0 -0.48173994 0.8763142
vn -0.0 -0.48173994 0.8763142
vn -0.0 -0.48173994 0.8763142
vn -0.0 -0.2978729 -0.9546055
vn -0.0 -0.2978729 -0.9546055
vn -0.0 -0.2978729 -0.9546055
vn -0.0 -0.2978729 -0.9546055
vn -0.0 -0.9655995 0.2600339
vn -0.0 -0.9655995 0.2600339
vn -0.0 -0.9655995 0.2600339
vn -0.0 -0.9655995 0.2600339
vn -0.0 -0.9655995 0.2600339
vn -0.0 -0.9851978 -0.17142147
vn -0.0 -0.99977475 -0.02122402
vn -0.0 -0.9605162 -0.2782239
vn -0.0 -0.99977475 -0.02122394
vn -0.0 -0.99158496 0.12945728
vn -0.0 -0.991585 0.1294569
vn -0.0 -0.94360054 -0.33108622
vn -0.0 -0.87631595 -0.48173675
vn -0.0 -0.87631595 -0.48173675
vn -0.0 -0.99977475 -0.021224093
vn -0.0 -0.99158496 0.1294577
vn -0.0 0.98070633 0.19548678
vn -0.0 0.9999048 0.013795747
vn -0.0 0.98070633 0.19548678
vn -0.0 0.9999048 0.013795747
vn -0.0 0.9857263 -0.16835578
vn -0.0 0.9857263 -0.16835578
vn -0.0 -0.8093798 0.58728546
vn -0.0 -0.8093798 0.58728546
vn -0.0 -0.8093798 0.58728546
vn -0.0 -0.8093798 0.58728546
vn -0.0 0.020963224 0.99978024
vn -0.0 0.020963224 0.99978024
vn -0.0 0.020963224 0.99978024
vn -0.0 0.020963224 0.99978024
vn -0.0 0.6749123 0.73789793
vn -0.0 0.6749123 0.73789793
vn -0.0 0.6749123 0.73789793
vn -0.0 0.6749123 0.73789793
vn -0.0 0.6749123 0.73789793
vn -0.0 0.6749123 0.73789793
vn -0.0 0.99978036 -0.020958457
vn -0.0 0.99978036 -0.020958457
vn -0.0 0.99978036 -0.020958457
vn -0.0 0.99978036 -0.020958457
vn -0.0 -0.99978036 0.020958457
vn -0.0 -0.99978036 0.020958457
vn -0.0 -0.99978036 0.020958457
vn -0.0 -0.99978036 0.020958457
vn -0.0 0.6777723 -0.7352719
vn -0.0 0.6777723 -0.7352719
vn -0.0 0.6777723 -0.7352719
vn -0.0 0.6777723 -0.7352719
vn -0.0 -0.3441349 -0.9389202
vn -0.0 -0.48150286 -0.8764446
vn -0.0 -0.23930413 -0.97094464
vn -0.0 -0.4815025 -0.8764447
vn -0.0 -0.60790503 -0.79400975
vn -0.0 -0.60790485 -0.7940099
vn -0.0 -0.48150313 -0.87644434
vn -0.0 -0.18506819 -0.9827257
vn -0.0 -0.23930413 -0.97094464
vn -0.0 -0.60790527 -0.7940095
vn -0.0 -0.020962955 -0.99978024
vn -0.0 -0.020962955 -0.99978024
vn -0.0 -0.18506819 -0.9827257
vn -0.0 0.32106045 0.9470587
vn -0.0 0.48800617 0.87284017
vn -0.0 0.32106045 0.9470587
vn -0.0 0.48800617 0.87284017
vn -0.0 0.63866264 0.76948696
vn -0.0 0.63866264 0.76948696
vn -0.0 -0.9132987 -0.4072903
vn -0.0 -0.9132987 -0.4072903
vn -0.0 -0.9132987 -0.4072903
vn -0.0 -0.9132987 -0.4072903
vn -0.0 -0.8553534 0.5180449
vn -0.0 -0.8553534 0.5180449
vn -0.0 -0.8553534 0.5180449
vn -0.0 -0.8553534 0.5180449
vn -0.0 -0.30158192 0.95344025
vn -0.0 -0.30158192 0.95344025
vn -0.0 -0.30158192 0.95344025
vn -0.0 -0.30158192 0.95344025
vn -0.0 -0.30158192 0.95344025
vn -0.0 0.5180401 0.85535634
vn -0.0 0.5180401 0.85535634
vn -0.0 0.5180401 0.85535634
vn -0.0 0.5180401 0.85535634
vn -0.0 0.5180401 0.85535634
vn -0.0 -0.5180401 -0.85535634
vn -0.0 -0.5180401 -0.85535634
vn -0.0 -0.5180401 -0.85535634
vn -0.0 -0.5180401 -0.85535634
vn -0.0 -0.5180401 -0.85535634
vn -0.0 0.9756492 0.21933693
vn -0.0 0.9756492 0.21933693
vn -0.0 0.9756492 0.21933693
vn -0.0 0.9756492 0.21933693
vn -0.0 0.25760067 -0.96625143
vn -0.0 0.25760067 -0.96625143
vn -0.0 0.25760067 -0.96625143
vn -0.0 0.25760067 -0.96625143
vn -0.0 0.64105237 -0.7674971
vn -0.0 0.51826715 -0.85521877
vn -0.0 0.7212054 -0.6927213
vn -0.0 0.5182673 -0.85521865
vn -0.0 0.3836806 -0.9234659
vn -0.0 0.75852776 -0.65164083
vn -0.0 0.5182671 -0.8552188
vn -0.0 0.38368067 -0.92346585
vn -0.0 0.3836806 -0.92346585
vn -0.0 0.3836806 -0.9234659
vn -0.0 0.7212054 -0.6927213
vn -0.0 0.85535383 -0.5180443
vn -0.0 0.85535383 -0.5180443
vn -0.0 -0.6596476 0.7515751
vn -0.0 -0.51189977 0.8590452
vn -0.0 -0.6596476 0.7515751
vn -0.0 -0.51189977 0.8590452
vn -0.0 -0.34706515 0.937841
vn -0.0 -0.34706515 0.937841
vn -0.0 -0.103929885 -0.9945846
vn -0.0 -0.103929885 -0.9945846
vn -0.0 -0.103929885 -0.9945846
vn -0.0 -0.103929885 -0.9945846
vn -0.0 -0.103929885 -0.9945846
vn -0.0 -0.8763172 -0.4817345
vn -0.0 -0.8763172 -0.4817345
vn -0.0 -0.8763172 -0.4817345
vn -0.0 -0.8763172 -0.4817345
vn -0.0 -0.9764948 0.21554096
vn -0.0 -0.9764948 0.21554096
vn -0.0 -0.9764948 0.21554096
vn -0.0 -0.9764948 0.21554096
vn -0.0 -0.4817396 0.8763144
vn -0.0 -0.4817396 0.8763144
vn -0.0 -0.4817396 0.8763144
vn -0.0 -0.4817396 0.8763144
vn -0.0 -0.4817396 0.8763144
vn -0.0 0.48173994 -0.8763142
vn -0.0 0.48173994 -0.8763142
vn -0.0 0.48173994 -0.8763142
vn -0.0 0.48173994 -0.8763142
vn -0.0 0.48173994 -0.8763142
vn -0.0 0.2978729 0.9546055
vn -0.0 0.2978729 0.9546055
vn -0.0 0.2978729 0.9546055
vn -0.0 0.2978729 0.9546055
vn -0.0 0.9655995 -0.2600339
vn -0.0 0.9655995 -0.2600339
vn -0.0 0.9655995 -0.2600339
vn -0.0 0.9655995 -0.2600339
vn -0.0 0.98519766 0.17142211
vn -0.0 0.99977475 0.021224
vn -0.0 0.9605163 0.27822375
vn -0.0 0.99977475 0.021223983
vn -0.0 0.991585 -0.12945703
vn -0.0 0.99158496 -0.12945747
vn -0.0 0.9436007 0.3310856
vn -0.0 0.87631595 0.48173675
vn -0.0 0.87631595 0.48173675
vn -0.0 0.99977475 0.021224016
vn -0.0 0.9915851 -0.12945658
vn -0.0 -0.98070645 -0.19548637
vn -0.0 -0.9999048 -0.013795519
vn -0.0 -0.98070645 -0.19548637
vn -0.0 -0.9999048 -0.013795519
vn -0.0 -0.9857263 0.16835578
vn -0.0 -0.9857263 0.16835578
vn -0.4865223 0.37732354 -0.7879867
vn -0.4865223 0.37732354 -0.7879867
vn -0.4865223 0.37732354 -0.7879867
vn -0.4865223 0.37732354 -0.7879867
vn -0.5407206 -0.4161126 -0.73107564
vn -0.5407206 -0.4161126 -0.73107564
vn -0.5407206 -0.4161126 -0.73107564
vn -0.5407206 -0.4161126 -0.73107564
vn -0.5177756 -0.80838954 -0.28002656
vn -0.5177756 -0.80838954 -0.28002656
vn -0.5177756 -0.80838954 -0.28002656
vn -0.5177756 -0.80838954 -0.28002656
vn -0.48650455 0.8710891 -0.067209385
vn -0.48650455 0.8710891 -0.067209385
vn -0.48650455 0.8710891 -0.067209385
vn -0.48650455 0.8710891 -0.067209385
vn -0.5407451 0.4250682 -0.7258869
vn -0.5407451 0.4250682 -0.7258869
vn -0.5407451 0.4250682 -0.7258869
vn -0.5407451 0.4250682 -0.7258869
vn -0.51778483 -0.1616802 -0.84009427
vn -0.51778483 -0.1616802 -0.84009427
vn -0.51778483 -0.1616802 -0.84009427
vn -0.51778483 -0.1616802 -0.84009427
vn -0.48652896 0.49375072 0.7207633
vn -0.48652896 0.49375072 0.7207633
vn -0.48652896 0.49375072 0.7207633
vn -0.48652896 0.49375072 0.7207633
vn -0.5407283 0.84118146 0.005171108
vn -0.5407283 0.84118146 0.005171108
vn -0.5407283 0.84118146 0.005171108
vn -0.5407283 0.84118146 0.005171108
vn -0.51778275 0.6466976 -0.56007427
vn -0.51778275 0.6466976 -0.56007427
vn -0.51778275 0.6466976 -0.56007427
vn -0.51778275 0.6466976 -0.56007427
vn -0.4865232 -0.37732333 0.7879862
vn -0.4865232 -0.37732333 0.7879862
vn -0.4865232 -0.37732333 0.7879862
vn -0.4865232 -0.37732333 0.7879862
vn -0.5407245 0.4161113 0.73107344
vn -0.5407245 0.4161113 0.73107344
vn -0.5407245 0.4161113 0.73107344
vn -0.5407245 0.4161113 0.73107344
vn -0.51777506 0.8083887 0.2800299
vn -0.51777506 0.8083887 0.2800299
vn -0.51777506 0.8083887 0.2800299
vn -0.51777506 0.8083887 0.2800299
vn -0.48649022 -0.8710971 0.067210004
vn -0.48649022 -0.8710971 0.067210004
vn -0.48649022 -0.8710971 0.067210004
vn -0.48649022 -0.8710971 0.067210004
vn -0.540733 -0.4250721 0.72589356
vn -0.540733 -0.4250721 0.72589356
vn -0.540733 -0.4250721 0.72589356
vn -0.540733 -0.4250721 0.72589356
vn -0.5177689 0.16168201 0.84010375
vn -0.5177689 0.16168201 0.84010375
vn -0.5177689 0.16168201 0.84010375
vn -0.5177689 0.16168201 0.84010375
vn -0.48651305 -0.4937536 -0.72077215
vn -0.48651305 -0.4937536 -0.72077215
vn -0.48651305 -0.4937536 -0.72077215
vn -0.48651305 -0.4937536 -0.72077215
vn -0.5407283 -0.84118146 -0.005171108
vn -0.5407283 -0.84118146 -0.005171108
vn -0.5407283 -0.84118146 -0.005171108
vn -0.5407283 -0.84118146 -0.005171108
vn -0.51778275 -0.6466976 0.56007427
vn -0.51778275 -0.6466976 0.56007427
vn -0.51778275 -0.6466976 0.56007427
vn -0.51778275 -0.6466976 0.56007427
vn -0.0 -0.018278522 -0.9998329
vn -0.0 -0.17282291 -0.98495287
vn -0.0 -0.17282291 -0.98495287
vn -0.0 -0.018278522 -0.9998329
vn -0.0 -0.018278522 -0.9998329
vn -0.0 -0.17282291 -0.98495287
vn -0.0 -0.48914206 -0.8722041
vn -0.0 -0.48914206 -0.8722041
vn -0.0 -0.17282291 -0.98495287
vn -0.0 -0.6389259 -0.7692683
vn -0.0 -0.6389259 -0.7692683
vn -0.0 0.8567398 -0.5157488
vn -0.0 0.76658195 -0.64214647
vn -0.0 0.76658195 -0.64214647
vn -0.0 0.8567398 -0.5157488
vn -0.0 0.51078254 -0.85971
vn -0.0 0.51078254 -0.85971
vn -0.0 0.3467481 -0.9379583
vn -0.0 0.3467481 -0.9379583
vn -0.0 0.87501824 0.48408997
vn -0.0 0.93940485 0.3428098
vn -0.0 0.93940485 0.3428098
vn -0.0 0.87501824 0.48408997
vn -0.0 0.9999219 0.012494474
vn -0.0 0.9999219 0.012494474
vn -0.0 0.9856692 -0.16868974
vn -0.0 0.9856692 -0.16868974
vn -0.0 0.01827851 0.9998329
vn -0.0 0.17282304 0.98495287
vn -0.0 0.17282304 0.98495287
vn -0.0 0.01827851 0.9998329
vn -0.0 0.01827851 0.9998329
vn -0.0 0.17282304 0.98495287
vn -0.0 0.48914194 0.8722042
vn -0.0 0.48914194 0.8722042
vn -0.0 0.17282304 0.98495287
vn -0.0 0.6389256 0.7692685
vn -0.0 0.6389256 0.7692685
vn -0.0 -0.85674006 0.5157485
vn -0.0 -0.76658213 0.6421463
vn -0.0 -0.76658213 0.6421463
vn -0.0 -0.85674006 0.5157485
vn -0.0 -0.51078254 0.85971
vn -0.0 -0.51078254 0.85971
vn -0.0 -0.3467481 0.9379583
vn -0.0 -0.3467481 0.9379583
vn -0.0 -0.87501806 -0.48409024
vn -0.0 -0.9394047 -0.34281015
vn -0.0 -0.9394047 -0.34281015
vn -0.0 -0.87501806 -0.48409024
vn -0.0 -0.9999219 -0.0124944905
vn -0.0 -0.9999219 -0.0124944905
vn -0.0 -0.98566914 0.16869009
vn -0.0 -0.98566914 0.16869009
vn 1.0 7.360827E-7 0.0
vn 1.0 -3.583143E-7 0.0
vn 1.0 -3.583143E-7 0.0
vn 1.0 -1.1977147E-6 0.0
vn 1.0 7.360827E-7 0.0
vn 1.0 -3.583143E-7 0.0
vn 1.0 -7.0189867E-7 0.0
vn 1.0 -3.583143E-7 0.0
vn 1.0 -1.1977147E-6 0.0
vn 1.0 -1.1977147E-6 0.0
vn 1.0 -9.42718E-7 0.0
vn 1.0 -9.42718E-7 0.0
vn 1.0 1.0944054E-6 0.0
vn 1.0 1.0944054E-6 0.0
vn 1.0 9.841249E-7 0.0
vn 1.0 9.841249E-7 0.0
vn 1.0 -1.2881515E-6 0.0
vn 1.0 -1.2881515E-6 0.0
vn 1.0 0.0 0.0
vn 1.0 0.0 0.0
vn 1.0 7.018971E-7 0.0
vn 1.0 7.018971E-7 0.0
vn 1.0 3.142417E-7 0.0
vn 1.0 1.2881437E-6 0.0
vn 1.0 0.0 0.0
vn 1.0 0.0 0.0
vn 1.0 1.2881437E-6 0.0
vn 1.0 -7.0189867E-7 0.0
vn 1.0 -7.0189867E-7 0.0
vn 1.0 -3.1423852E-7 0.0
vn 1.0 -9.841194E-7 0.0
vn 1.0 -9.841194E-7 0.0
vn 1.0 -1.0943969E-6 0.0
vn 1.0 -1.0943969E-6 0.0
vn 1.0 -7.360908E-7 0.0
vn 1.0 -7.360908E-7 0.0
vn 1.0 1.1977361E-6 0.0
vn 1.0 1.1977361E-6 0.0
vn 1.0 3.5832497E-7 0.0
vn -1.0 -1.7990318E-6 0.0
vn 1.0 -7.360974E-7 0.0
vn 1.0 3.5832497E-7 0.0
vn 1.0 3.5832497E-7 0.0
vn 1.0 1.1977361E-6 0.0
vn 1.0 -7.360974E-7 0.0
vn 1.0 3.5832497E-7 0.0
vn 1.0 7.018971E-7 0.0
vn -0.0 -0.7079915 -0.706221
vn -0.0 -0.7079915 -0.706221
vn -0.0 -0.7079915 -0.706221
vn -0.0 -0.7079915 -0.706221
vn -0.0 0.382686 -0.9238785
vn -0.0 0.382686 -0.9238785
vn -0.0 0.382686 -0.9238785
vn -0.0 0.382686 -0.9238785
vn -0.0 -0.3826831 -0.9238797
vn -0.0 -0.3826831 -0.9238797
vn -0.0 -0.3826831 -0.9238797
vn -0.0 -0.3826831 -0.9238797
vn -0.0 -0.92388076 -0.3826804
vn -0.0 -0.92388076 -0.3826804
vn -0.0 -0.92388076 -0.3826804
vn -0.0 -0.92388076 -0.3826804
vn -0.0 -0.92388076 0.3826804
vn -0.0 -0.92388076 0.3826804
vn -0.0 -0.92388076 0.3826804
vn -0.0 -0.92388076 0.3826804
vn -0.0 -0.3826831 0.9238797
vn -0.0 -0.3826831 0.9238797
vn -0.0 -0.3826831 0.9238797
vn -0.0 -0.3826831 0.9238797
vn -0.0 0.382686 0.9238785
vn -0.0 0.382686 0.9238785
vn -0.0 0.382686 0.9238785
vn -0.0 0.382686 0.9238785
vn -0.0 0.9238793 0.38268387
vn -0.0 0.9238793 0.38268387
vn -0.0 0.9238793 0.38268387
vn -0.0 0.9238793 0.38268387
vn -0.0 0.9238793 -0.38268387
vn -0.0 0.9238793 -0.38268387
vn -0.0 0.9238793 -0.38268387
vn -0.0 0.9238793 -0.38268387
vn 1.0 1.1734886E-6 0.0
vn 1.0 0.0 0.0
vn 1.0 1.1734885E-6 0.0
vn 1.0 0.0 0.0
vn 1.0 0.0 0.0
vn 1.0 -1.1734885E-6 0.0
vn 1.0 -1.1734886E-6 0.0
vn 1.0 0.0 0.0
vn 1.0 0.0 0.0
vn -1.0 0.0 0.0
vn -1.0 0.0 0.0
vn -1.0 0.0 0.0
vn -1.0 0.0 0.0
vn -1.0 0.0 0.0
vn -1.0 0.0 0.0
vn -1.0 0.0 0.0
vn -1.0 0.0 0.0
vn -1.0 0.0 0.0
vt 0.03284351 0.07298404
vt 0.12029944 0.21533203
vt 0.11648075 0.09507507
vt 0.024684709 0.14622843
vt 0.026630979 0.16697907
vt 0.03284351 0.07298404
vt 0.0675259 0.0629459
vt 0.04920904 0.069113314
vt 0.03284351 0.07298404
vt 0.11648075 0.09507507
vt 0.0675259 0.0629459
vt 0.024684709 0.14622843
vt 0.018978816 0.07033545
vt 0.0050816936 0.14143836
vt 0.03284351 0.07298404
vt 0.03284351 0.07298404
vt 0.0312892 0.05797714
vt 0.018978816 0.07033545
vt 0.04920904 0.069113314
vt 0.0675259 0.0629459
vt 0.25361767 0.061353326
vt 0.23615663 0.037567317
vt 0.11648075 0.09507507
vt 0.0675259 0.0629459
vt 0.24309544 0.013148725
vt 0.06431083 0.037751496
vt 0.23615663 0.037567317
vt 0.24309544 0.013148725
vt 0.2456067 0.047502875
vt 0.26135483 0.042313993
vt 0.23615663 0.037567317
vt 0.29802707 0.048609436
vt 0.33273593 0.1905492
vt 0.3118554 0.039551795
vt 0.3190234 0.18168634
vt 0.3118554 0.039551795
vt 0.34914574 0.18942583
vt 0.32946995 0.036973536
vt 0.33273593 0.1905492
vt 0.32946995 0.036973536
vt 0.45215443 0.18523353
vt 0.39019075 0.020635307
vt 0.34914574 0.18942583
vt 0.39019075 0.020635307
vt 0.46885577 0.17811894
vt 0.40453556 0.018408477
vt 0.45215443 0.18523353
vt 0.40453556 0.018408477
vt 0.4911634 0.177405
vt 0.42325017 0.009072065
vt 0.46885577 0.17811894
vt 0.5469275 0.17248678
vt 0.57054955 0.015248358
vt 0.51809186 0.02621442
vt 0.6006871 0.16946447
vt 0.5469275 0.17248678
vt 0.5124019 0.029708564
vt 0.5429712 0.1716389
vt 0.51809186 0.02621442
vt 0.5429712 0.1716389
vt 0.5039137 0.029842556
vt 0.53476983 0.17201626
vt 0.5124019 0.029708564
vt 0.57054955 0.015248358
vt 0.61492425 0.16650528
vt 0.5839694 0.012749314
vt 0.6006871 0.16946447
vt 0.5839694 0.012749314
vt 0.6311818 0.16770214
vt 0.5970593 0.010060549
vt 0.61492425 0.16650528
vt 0.53476983 0.17201626
vt 0.4881926 0.02984798
vt 0.5122271 0.17675543
vt 0.5039137 0.029842556
vt 0.20107864 0.0800401
vt 0.20116614 0.084882975
vt 0.19655405 0.080237806
vt 0.20212893 0.08138168
vt 0.19459055 0.08072871
vt 0.19979571 0.08650941
vt 0.19358139 0.083556056
vt 0.19700466 0.08799553
vt 0.19278364 0.087249756
vt 0.19398539 0.08859676
vt 0.20205306 0.08514291
vt 0.20410208 0.08132267
vt 0.207749 0.09069139
vt 0.21175806 0.088383436
vt 0.21416788 0.08701265
vt 0.20533703 0.078958094
vt 0.20585935 0.09221524
vt 0.20051937 0.08693862
vt 0.20361225 0.09507942
vt 0.19768088 0.088927746
vt 0.20086674 0.09869528
vt 0.19307868 0.09144163
vt 0.20574246 0.10088372
vt 0.20178299 0.09997684
vt 0.19739513 0.10172045
vt 0.1894298 0.0953176
vt 0.19638185 0.1062696
vt 0.1852179 0.1072886
vt 0.20114915 0.20211208
vt 0.19110768 0.20452106
vt 0.19903211 0.10556525
vt 0.20384626 0.2010963
vt 0.18827276 0.20486659
vt 0.18246858 0.107645094
vt 0.1987031 0.10283923
vt 0.19638185 0.1062696
vt 0.18707137 0.09412277
vt 0.1907336 0.090023756
vt 0.20859091 0.20852602
vt 0.19146363 0.22503877
vt 0.21573918 0.2158488
vt 0.1996743 0.23300636
vt 0.22223262 0.22359753
vt 0.2198724 0.23366034
vt 0.31852296 0.23759168
vt 0.31941155 0.2263844
vt 0.31993952 0.22368151
vt 0.22306053 0.22082913
vt 0.21943788 0.23650372
vt 0.31812325 0.240345
vt 0.33049032 0.23296863
vt 0.32389846 0.22523522
vt 0.32275262 0.22393465
vt 0.33184734 0.23538959
vt 0.33404544 0.2288844
vt 0.32682005 0.22178137
vt 0.3361576 0.2248435
vt 0.33033296 0.21912801
vt 0.3381925 0.22228503
vt 0.33316782 0.21699178
vt 0.34004 0.22092283
vt 0.33470336 0.21517473
vt 0.34394023 0.21910423
vt 0.33707073 0.21125948
vt 0.3384768 0.20888376
vt 0.32463518 0.21705371
vt 0.3255544 0.22090125
vt 0.3438255 0.22113407
vt 0.3402563 0.22181445
vt 0.34515163 0.2223401
vt 0.34454337 0.22718585
vt 0.34358612 0.22923362
vt 0.338558 0.22301137
vt 0.33980152 0.23000473
vt 0.33691123 0.22554982
vt 0.33706632 0.22924018
vt 0.33619025 0.22815573
vt 0.34634772 0.21793985
vt 0.3384768 0.20888376
vt 0.3396329 0.23118865
vt 0.336028 0.23028696
vt 0.33404544 0.2288844
vt 0.21162878 0.09182435
vt 0.21210168 0.09749317
vt 0.2083271 0.092238426
vt 0.21290164 0.09298611
vt 0.20670716 0.09327102
vt 0.21102093 0.09936029
vt 0.20524268 0.09541935
vt 0.20736979 0.0998441
vt 0.17862533 0.11897498
vt 0.16140126 0.11313027
vt 0.17272095 0.12453538
vt 0.16727494 0.10735518
vt 0.16865776 0.12846905
vt 0.15722965 0.11717391
vt 0.16299127 0.1344431
vt 0.15129636 0.12298441
vt 0.15675323 0.14064741
vt 0.1451488 0.12906069
vt 0.15032165 0.1441322
vt 0.140119 0.13391584
vt 0.14696638 0.14981592
vt 0.1333267 0.1482935
vt 0.1488785 0.24931788
vt 0.13718896 0.24972266
vt 0.15915535 0.11156905
vt 0.16503392 0.105718315
vt 0.14906912 0.121391535
vt 0.15495025 0.11566174
vt 0.1444581 0.12557793
vt 0.15608208 0.25682133
vt 0.13341145 0.27539343
vt 0.1637762 0.26478302
vt 0.14510815 0.28698277
vt 0.1713473 0.2724235
vt 0.17075376 0.28398836
vt 0.27202585 0.2879855
vt 0.27071086 0.27449685
vt 0.28634885 0.2813921
vt 0.27629307 0.27126467
vt 0.2911841 0.2764523
vt 0.2797033 0.26491094
vt 0.29723516 0.27027178
vt 0.28581908 0.25869107
vt 0.30301204 0.26440334
vt 0.29173902 0.25302953
vt 0.30703393 0.26025665
vt 0.29564872 0.24897039
vt 0.30119404 0.24306923
vt 0.3127937 0.25440794
vt 0.3085849 0.26249748
vt 0.31442073 0.2566501
vt 0.30452022 0.26668042
vt 0.29874662 0.27253914
vt 0.29721966 0.24106419
vt 0.29234347 0.2463414
vt 0.28847656 0.25048894
vt 0.2830089 0.2555769
vt 0.1894298 0.0953176
vt 0.1852179 0.1072886
vt 0.19307868 0.09144163
vt 0.18063472 0.12294805
vt 0.17535661 0.12784284
vt 0.17120944 0.13173372
vt 0.16612826 0.1372382
vt 0.33364424 0.21133447
vt 0.32803127 0.21081465
vt 0.33250645 0.21006632
vt 0.33318654 0.21457899
vt 0.3321425 0.21614712
vt 0.3261707 0.21185851
vt 0.33001146 0.2175439
vt 0.32565913 0.21545088
vt 0.3384768 0.20888376
vt 0.33033296 0.21912801
vt 0.1979094 0.23733711
vt 0.1868866 0.22643161
vt 0.21803693 0.21352232
vt 0.21064954 0.20599246
vt 0.61858684 0.017695904
vt 0.6227611 0.011621296
vt 0.62244517 0.020302117
vt 0.61839366 0.015504062
vt 0.62510806 0.02129227
vt 0.6252721 0.011023819
vt 0.6292483 0.020104349
vt 0.62911576 0.012388408
vt 0.6325293 0.017621398
vt 0.63286346 0.014274657
vt 0.61674434 0.019296587
vt 0.621738 0.02130872
vt 0.6154135 0.031552434
vt 0.62072605 0.030532777
vt 0.61372226 0.018147469
vt 0.6121884 0.032226205
vt 0.6235912 0.030381858
vt 0.62474316 0.02206248
vt 0.62762696 0.031558454
vt 0.6291812 0.021829545
vt 0.6313072 0.03239709
vt 0.63016 0.035502315
vt 0.6295058 0.037006557
vt 0.63424426 0.021654904
vt 0.6328072 0.037217796
vt 0.6344617 0.036476076
vt 0.6310906 0.041876078
vt 0.63976115 0.04042554
vt 0.6381366 0.071656585
vt 0.65016085 0.068437874
vt 0.6493163 0.030632019
vt 0.6632362 0.06130731
vt 0.6564723 0.024259627
vt 0.6744743 0.05584371
vt 0.6393681 0.023433149
vt 0.6344617 0.036476076
vt 0.64282846 0.015360415
vt 0.6367345 0.014767349
vt 0.6791507 0.07837707
vt 0.67182463 0.08466804
vt 0.66142124 0.09357977
vt 0.65300983 0.098662496
vt 0.72002786 0.12862629
vt 0.7137678 0.13527656
vt 0.69611603 0.13824832
vt 0.6924922 0.15843761
vt 0.7213779 0.1580562
vt 0.6921453 0.17067254
vt 0.72124726 0.17339915
vt 0.68605703 0.18419898
vt 0.702408 0.18821573
vt 0.6059201 0.25349724
vt 0.59681463 0.24355775
vt 0.68417865 0.18192518
vt 0.5954292 0.24099636
vt 0.6076838 0.25590867
vt 0.70392066 0.19084537
vt 0.59172696 0.24555266
vt 0.59167993 0.24294728
vt 0.5927648 0.25915813
vt 0.59369916 0.26200753
vt 0.58583534 0.2450245
vt 0.58569163 0.24307126
vt 0.58046347 0.24702883
vt 0.5823161 0.23995107
vt 0.58645993 0.2593301
vt 0.5803377 0.25744396
vt 0.58046347 0.24702883
vt 0.57607275 0.25655508
vt 0.5759372 0.24787271
vt 0.5731215 0.25697458
vt 0.57293564 0.24749738
vt 0.56755275 0.24614465
vt 0.5681266 0.25857848
vt 0.56509024 0.25956982
vt 0.56432706 0.2453242
vt 0.57372576 0.25801986
vt 0.56986266 0.2602195
vt 0.57359964 0.2661047
vt 0.56959766 0.2622851
vt 0.576315 0.25734562
vt 0.57590485 0.26679933
vt 0.5800298 0.25887454
vt 0.5793886 0.2657749
vt 0.58323866 0.26101452
vt 0.58314806 0.26321572
vt 0.5872196 0.26249433
vt 0.6717139 0.016272843
vt 0.6816235 0.035061
vt 0.68148476 0.016085625
vt 0.6720657 0.035502672
vt 0.6878248 0.03503126
vt 0.6879061 0.015948594
vt 0.6969542 0.035241842
vt 0.69711345 0.015879929
vt 0.7065667 0.035241902
vt 0.70655006 0.015878081
vt 0.71485204 0.03869635
vt 0.7149563 0.015778363
vt 0.7222578 0.040421963
vt 0.7323332 0.022124052
vt 0.7496088 0.072589636
vt 0.7622325 0.057961643
vt 0.6721752 0.013010442
vt 0.6820415 0.012883604
vt 0.68860537 0.0127571225
vt 0.69775003 0.0126881
vt 0.70398796 0.012524426
vt 0.7763653 0.10285163
vt 0.7853295 0.08399844
vt 0.85445964 0.14063656
vt 0.8760669 0.13131672
vt 0.914244 0.16125166
vt 0.91713554 0.1459145
vt 0.88775486 0.15369213
vt 0.9128714 0.17058802
vt 0.88415605 0.17046344
vt 0.91078216 0.18003786
vt 0.86378646 0.18970466
vt 0.8438554 0.1817258
vt 0.7247235 0.25582725
vt 0.7145515 0.24079382
vt 0.7070469 0.2623257
vt 0.70703346 0.24274117
vt 0.6987781 0.2622326
vt 0.6987367 0.24029982
vt 0.68854314 0.26227617
vt 0.6883387 0.24291939
vt 0.67931384 0.26223123
vt 0.679233 0.2431643
vt 0.6728913 0.26208997
vt 0.67304903 0.24315023
vt 0.66312927 0.2618783
vt 0.6635124 0.24270183
vt 0.6635904 0.26513016
vt 0.67344445 0.26529348
vt 0.6800091 0.26542205
vt 0.68913096 0.26547748
vt 0.69642764 0.26570463
vt 0.6735998 0.23817146
vt 0.66504604 0.23761833
vt 0.6798647 0.23821604
vt 0.6880279 0.23794621
vt 0.61812764 0.0361706
vt 0.62148994 0.03227055
vt 0.6221743 0.039146543
vt 0.6183414 0.034290314
vt 0.62441987 0.039298475
vt 0.62358946 0.03165239
vt 0.6278343 0.037402093
vt 0.62642354 0.0327484
vt 0.6344617 0.036476076
vt 0.6821676 0.040058017
vt 0.67358667 0.040608764
vt 0.6884563 0.04000014
vt 0.6966473 0.040233374
vt 0.5704575 0.24143004
vt 0.57383066 0.2457143
vt 0.5706269 0.24341851
vt 0.57468575 0.23828846
vt 0.5770294 0.2380985
vt 0.5760372 0.24651647
vt 0.5805606 0.23998332
vt 0.57911915 0.24548858
vt 0.5823161 0.23995107
vt 0.85401833 0.16958702
vt 0.87310475 0.1547004
vt 0.87286204 0.1525498
vt 0.8712198 0.14873284
vt 0.8760669 0.13131672
vt 0.87310475 0.1547004
vt 0.8664451 0.15573043
vt 0.87286204 0.1525498
vt 0.86640626 0.15317553
vt 0.8712198 0.14873284
vt 0.866955 0.14875525
vt 0.8492897 0.15862274
vt 0.8760669 0.13131672
vt 0.75795585 0.16958755
vt 0.7541947 0.1788677
vt 0.7529169 0.1765269
vt 0.7429742 0.18148887
vt 0.7433974 0.1785425
vt 0.7460148 0.1721294
vt 0.74616975 0.16442114
vt 0.74493545 0.15212697
vt 0.749119 0.14582253
vt 0.75795585 0.16958755
vt 0.759005 0.16266292
vt 0.7579221 0.1507352
vt 0.7552456 0.1531691
vt 0.7648706 0.16186452
vt 0.759005 0.16266292
vt 0.76367325 0.17146921
vt 0.75795585 0.16958755
vt 0.7552456 0.1531691
vt 0.6883803 0.17034876
vt 0.6921453 0.17067254
vt 0.68865854 0.15792352
vt 0.6924922 0.15843761
vt 0.6936771 0.1393066
vt 0.9218194 0.17859387
vt 0.9281722 0.16938895
vt 0.9305654 0.1606937
vt 0.9299322 0.14659
vt 0.024966996 0.4459815
vt 0.048437517 0.4004218
vt 0.03633539 0.39324522
vt 0.04006998 0.45180416
vt 0.059511583 0.3239684
vt 0.072759785 0.32549012
vt 0.073432244 0.3161146
vt 0.0657442 0.32731366
vt 0.073432244 0.3161146
vt 0.079429425 0.3295189
vt 0.073432244 0.3161146
vt 0.08614794 0.32692057
vt 0.14461319 0.38467693
vt 0.13978176 0.402452
vt 0.14977388 0.40716642
vt 0.1381598 0.39405394
vt 0.13978176 0.402452
vt 0.08128361 0.51008654
vt 0.049422067 0.4954208
vt 0.04897968 0.5106516
vt 0.08128361 0.51008654
vt 0.08326391 0.4963538
vt 0.08622412 0.48245454
vt 0.040417593 0.47955185
vt 0.04006998 0.45180416
vt 0.0893412 0.4014209
vt 0.048437517 0.4004218
vt 0.04006998 0.45180416
vt 0.0885388 0.45578337
vt 0.11554436 0.4389934
vt 0.11150149 0.397766
vt 0.040417593 0.47955185
vt 0.08622412 0.48245454
vt 0.09785632 0.47894853
vt 0.13978176 0.402452
vt 0.1381598 0.39405394
vt 0.19969802 0.37907344
vt 0.16235916 0.42196566
vt 0.18295102 0.4219554
vt 0.16188805 0.3798148
vt 0.22024469 0.3914671
vt 0.21783988 0.42148095
vt 0.20648055 0.3629979
vt 0.1993237 0.3628146
vt 0.16081874 0.35211158
vt 0.24034743 0.4358613
vt 0.246846 0.42466748
vt 0.097633876 0.4989205
vt 0.08622412 0.48245454
vt 0.08929173 0.49949002
vt 0.09785632 0.47894853
vt 0.14337115 0.47182214
vt 0.12619548 0.48418152
vt 0.13125543 0.49612188
vt 0.13443355 0.47436
vt 0.12619548 0.48418152
vt 0.01680706 0.47438198
vt 0.018177133 0.46592516
vt 0.016252082 0.4662891
vt 0.018739026 0.4741395
vt 0.03633539 0.39324522
vt 0.05502836 0.38096035
vt 0.038102906 0.36469728
vt 0.048437517 0.4004218
vt 0.061548512 0.35293686
vt 0.048553985 0.34760243
vt 0.048437517 0.4004218
vt 0.07574455 0.38070995
vt 0.05502836 0.38096035
vt 0.0893412 0.4014209
vt 0.07422773 0.35416842
vt 0.061548512 0.35293686
vt 0.08680896 0.35610914
vt 0.10254172 0.38124955
vt 0.0893412 0.4014209
vt 0.11150149 0.397766
vt 0.07303528 0.33773082
vt 0.07039074 0.33765316
vt 0.18295102 0.4219554
vt 0.16932873 0.4381352
vt 0.20555453 0.43849343
vt 0.16235916 0.42196566
vt 0.11150149 0.397766
vt 0.10575799 0.36215055
vt 0.10254172 0.38124955
vt 0.098820366 0.35000348
vt 0.11150149 0.397766
vt 0.11495606 0.37823886
vt 0.10254172 0.38124955
vt 0.08680896 0.35610914
vt 0.21783988 0.42148095
vt 0.20555453 0.43849343
vt 0.20878582 0.43462008
vt 0.21783988 0.42148095
vt 0.18295102 0.4219554
vt 0.20555453 0.43849343
vt 0.11495606 0.37823886
vt 0.1381598 0.39405394
vt 0.14461319 0.38467693
vt 0.11150149 0.397766
vt 0.1381598 0.39405394
vt 0.11554436 0.4389934
vt 0.14977388 0.40716642
vt 0.13978176 0.402452
vt 0.12740283 0.43933254
vt 0.12740283 0.43933254
vt 0.13443355 0.47436
vt 0.14337115 0.47182214
vt 0.11554436 0.4389934
vt 0.13443355 0.47436
vt 0.11554436 0.4389934
vt 0.12619548 0.48418152
vt 0.13443355 0.47436
vt 0.09785632 0.47894853
vt 0.09785632 0.47894853
vt 0.13125543 0.49612188
vt 0.12619548 0.48418152
vt 0.097633876 0.4989205
vt 0.13125543 0.49612188
vt 0.20648055 0.3629979
vt 0.24400549 0.35861766
vt 0.23048191 0.34952754
vt 0.22024469 0.3914671
vt 0.040417593 0.47955185
vt 0.030514281 0.45631158
vt 0.032106917 0.4803021
vt 0.04006998 0.45180416
vt 0.02264766 0.46034664
vt 0.02389006 0.47820884
vt 0.04006998 0.45180416
vt 0.018550556 0.44678152
vt 0.030514281 0.45631158
vt 0.024966996 0.4459815
vt 0.010954897 0.45854968
vt 0.02264766 0.46034664
vt 0.16188805 0.3798148
vt 0.15333991 0.3563556
vt 0.15386848 0.37942684
vt 0.16081874 0.35211158
vt 0.14450209 0.35623622
vt 0.14453857 0.37906003
vt 0.08929173 0.49949002
vt 0.08326391 0.4963538
vt 0.08128361 0.51008654
vt 0.08622412 0.48245454
vt 0.088184394 0.51774704
vt 0.092882074 0.51646906
vt 0.17120187 0.33366185
vt 0.20049219 0.32449418
vt 0.17156474 0.3235854
vt 0.19996719 0.33527714
vt 0.16081874 0.35211158
vt 0.19996719 0.33527714
vt 0.17120187 0.33366185
vt 0.1993237 0.3628146
vt 0.07213358 0.521742
vt 0.057670396 0.53177476
vt 0.075901784 0.5309775
vt 0.05994038 0.5220821
vt 0.04897968 0.5106516
vt 0.0350887 0.53260165
vt 0.043817323 0.52292526
vt 0.04897968 0.5106516
vt 0.035645287 0.5063769
vt 0.035645287 0.5063769
vt 0.04897968 0.5106516
vt 0.049422067 0.4954208
vt 0.035645287 0.5063769
vt 0.049422067 0.4954208
vt 0.040417593 0.47955185
vt 0.040417593 0.47955185
vt 0.020701211 0.4989786
vt 0.035645287 0.5063769
vt 0.032106917 0.4803021
vt 0.02389006 0.47820884
vt 0.012702982 0.4836347
vt 0.20555453 0.43849343
vt 0.17473154 0.4558258
vt 0.19009416 0.4550776
vt 0.16932873 0.4381352
vt 0.20878582 0.43462008
vt 0.20476012 0.4500664
vt 0.048553985 0.34760243
vt 0.0657442 0.32731366
vt 0.059511583 0.3239684
vt 0.061548512 0.35293686
vt 0.07039074 0.33765316
vt 0.072526254 0.33001035
vt 0.0705562 0.32997257
vt 0.07303528 0.33773082
vt 0.19009416 0.4550776
vt 0.1787682 0.48469877
vt 0.19009499 0.48402292
vt 0.17473154 0.4558258
vt 0.07303528 0.33773082
vt 0.07440714 0.33089703
vt 0.072526254 0.33001035
vt 0.075378455 0.33839667
vt 0.08680896 0.35610914
vt 0.08614794 0.32692057
vt 0.079429425 0.3295189
vt 0.098820366 0.35000348
vt 0.20476012 0.4500664
vt 0.19009499 0.48402292
vt 0.20123331 0.48034215
vt 0.19009416 0.4550776
vt 0.072759785 0.32549012
vt 0.0705562 0.32997257
vt 0.072526254 0.33001035
vt 0.0657442 0.32731366
vt 0.0657442 0.32731366
vt 0.07039074 0.33765316
vt 0.0705562 0.32997257
vt 0.061548512 0.35293686
vt 0.07422773 0.35416842
vt 0.075378455 0.33839667
vt 0.07303528 0.33773082
vt 0.08680896 0.35610914
vt 0.08680896 0.35610914
vt 0.07440714 0.33089703
vt 0.075378455 0.33839667
vt 0.079429425 0.3295189
vt 0.079429425 0.3295189
vt 0.072526254 0.33001035
vt 0.07440714 0.33089703
vt 0.072759785 0.32549012
vt 0.012702982 0.4836347
vt 0.022396129 0.47617632
vt 0.013779203 0.4794858
vt 0.010954897 0.45854968
vt 0.012577812 0.4622625
vt 0.02264766 0.46034664
vt 0.021467011 0.4628073
vt 0.02389006 0.47820884
vt 0.022396129 0.47617632
vt 0.013779203 0.4794858
vt 0.018739026 0.4741395
vt 0.01680706 0.47438198
vt 0.022396129 0.47617632
vt 0.022396129 0.47617632
vt 0.018177133 0.46592516
vt 0.018739026 0.4741395
vt 0.022396129 0.47617632
vt 0.021467011 0.4628073
vt 0.021467011 0.4628073
vt 0.016252082 0.4662891
vt 0.018177133 0.46592516
vt 0.012577812 0.4622625
vt 0.014457743 0.46927983
vt 0.014941375 0.47169363
vt 0.0147898 0.46948493
vt 0.014457743 0.46927983
vt 0.01464514 0.47200018
vt 0.012577812 0.4622625
vt 0.01464514 0.47200018
vt 0.014457743 0.46927983
vt 0.013779203 0.4794858
vt 0.013779203 0.4794858
vt 0.014941375 0.47169363
vt 0.01464514 0.47200018
vt 0.013779203 0.4794858
vt 0.01680706 0.47438198
vt 0.01680706 0.47438198
vt 0.0147898 0.46948493
vt 0.014941375 0.47169363
vt 0.016252082 0.4662891
vt 0.016252082 0.4662891
vt 0.014457743 0.46927983
vt 0.0147898 0.46948493
vt 0.012577812 0.4622625
vt 0.08128361 0.51008654
vt 0.05994038 0.5220821
vt 0.07213358 0.521742
vt 0.04897968 0.5106516
vt 0.04897968 0.5106516
vt 0.057670396 0.53177476
vt 0.05994038 0.5220821
vt 0.043817323 0.52292526
vt 0.17156474 0.3235854
vt 0.19489937 0.30800396
vt 0.17799072 0.30769974
vt 0.20049219 0.32449418
vt 0.088184394 0.51774704
vt 0.07213358 0.521742
vt 0.075901784 0.5309775
vt 0.08128361 0.51008654
vt 0.5699374 0.32102454
vt 0.38279226 0.3057589
vt 0.38256183 0.32292032
vt 0.57016796 0.30182564
vt 0.56986606 0.34037095
vt 0.38249043 0.33911818
vt 0.5699956 0.3580711
vt 0.3826199 0.35482913
vt 0.57025003 0.37403965
vt 0.38287452 0.37065655
vt 0.5704804 0.38908178
vt 0.38310495 0.38718593
vt 0.570552 0.40407187
vt 0.38317636 0.40477192
vt 0.5704225 0.4199069
vt 0.38304678 0.4231624
vt 0.5701679 0.43744934
vt 0.38279226 0.4413827
vt 0.5907779 0.36873448
vt 0.5907779 0.36873448
vt 0.5907779 0.36873448
vt 0.5907779 0.36873448
vt 0.5907779 0.36873448
vt 0.5907779 0.36873448
vt 0.38317636 0.40477192
vt 0.37124148 0.38667828
vt 0.3713198 0.40442663
vt 0.38310495 0.38718593
vt 0.38304678 0.4231624
vt 0.3711587 0.42329913
vt 0.38279226 0.4413827
vt 0.3708525 0.4418326
vt 0.37096956 0.3702944
vt 0.38287452 0.37065655
vt 0.37066332 0.354766
vt 0.3826199 0.35482913
vt 0.37050214 0.339374
vt 0.38249043 0.33911818
vt 0.37058058 0.3233968
vt 0.3708525 0.3062089
vt 0.34374002 0.30538648
vt 0.34346786 0.32297248
vt 0.34338954 0.33950543
vt 0.34355065 0.35533106
vt 0.34385696 0.37103003
vt 0.37124148 0.38667828
vt 0.34412876 0.38721782
vt 0.34420708 0.40438432
vt 0.3711587 0.42329913
vt 0.3440462 0.4226169
vt 0.3708525 0.4418326
vt 0.34373984 0.4410103
vt 0.33131632 0.3860876
vt 0.33136097 0.40315706
vt 0.33126917 0.42218786
vt 0.33109447 0.44175357
vt 0.33093944 0.3242274
vt 0.33089474 0.3404866
vt 0.33098653 0.35562974
vt 0.33116135 0.3705383
vt 0.271616 0.38799644
vt 0.27166072 0.40317798
vt 0.2715688 0.419743
vt 0.27139428 0.43831682
vt 0.2712392 0.3224578
vt 0.2713944 0.3026932
vt 0.33109465 0.30612975
vt 0.27119443 0.34121174
vt 0.27128634 0.3579303
vt 0.27146098 0.37321258
vt 0.38279226 0.3057589
vt 0.3708525 0.3062089
vt 0.96161395 0.38024879
vt 0.96503633 0.22263682
vt 0.96161395 0.22263682
vt 0.96503633 0.38024879
vt 0.9684587 0.22263682
vt 0.9684587 0.38024879
vt 0.9718811 0.22263682
vt 0.9718811 0.38024879
vt 0.9753035 0.22263682
vt 0.9753035 0.38024879
vt 0.97872585 0.22263682
vt 0.97872585 0.38024879
vt 0.98214823 0.22263682
vt 0.98214823 0.38024879
vt 0.9855706 0.22263682
vt 0.9855706 0.38024879
vt 0.988993 0.22263682
vt 0.988993 0.38024879
vt 0.9753035 0.18683422
vt 0.9718811 0.18683422
vt 0.9684587 0.18683422
vt 0.988993 0.18683422
vt 0.9855706 0.18683422
vt 0.98214823 0.18683422
vt 0.97872585 0.18683422
vt 0.9753035 0.1170066
vt 0.9718811 0.1170066
vt 0.9684587 0.1170066
vt 0.96503633 0.18683422
vt 0.96161395 0.18683422
vt 0.96503633 0.1170066
vt 0.96161395 0.1170066
vt 0.988993 0.1170066
vt 0.9855706 0.1170066
vt 0.98214823 0.1170066
vt 0.97872585 0.1170066
vt 0.97872585 0.11018014
vt 0.9718811 0.11018014
vt 0.9684587 0.11018014
vt 0.96503633 0.11018014
vt 0.96161395 0.11018014
vt 0.988993 0.11018014
vt 0.9855706 0.11018014
vt 0.9855706 0.11018014
vt 0.98214823 0.11018014
vt 0.9855706 0.11018014
vt 0.9684587 0.09380317
vt 0.9718811 0.09380317
vt 0.9718811 0.11018014
vt 0.96503633 0.09380317
vt 0.96161395 0.09380317
vt 0.988993 0.09380317
vt 0.9855706 0.09380317
vt 0.9855706 0.09380317
vt 0.98214823 0.09380317
vt 0.97872585 0.09380317
vt 0.9753035 0.11018014
vt 0.9718811 0.11018014
vt 0.9753035 0.09380317
vt 0.9718811 0.09380317
vt 0.9854969 0.05601579
vt 0.9801388 0.050130248
vt 0.9801388 0.07102853
vt 0.9747806 0.05601579
vt 0.9725612 0.07022476
vt 0.9747806 0.084433675
vt 0.9801388 0.090319276
vt 0.9854969 0.084433675
vt 0.9877162 0.07022476
vt 0.9377119 0.37544537
vt 0.9391225 0.026673555
vt 0.9377119 0.026673555
vt 0.9391225 0.37544537
vt 0.9405331 0.026673555
vt 0.9405331 0.37544537
vt 0.9419438 0.026673555
vt 0.9419438 0.37544537
vt 0.9433545 0.026673555
vt 0.9433545 0.37544537
vt 0.9447651 0.026673555
vt 0.9447651 0.37544537
vt 0.94617575 0.026673555
vt 0.94617575 0.37544537
vt 0.94758636 0.026673555
vt 0.94758636 0.37544537
vt 0.9489971 0.026673555
vt 0.9489971 0.37544537
vt 0.9005764 0.29202467
vt 0.7763412 0.28769845
vt 0.7763412 0.29202467
vt 0.9005764 0.28769845
vt 0.7763412 0.28337234
vt 0.9005764 0.28337222
vt 0.77634126 0.279046
vt 0.9005764 0.279046
vt 0.7763412 0.2747199
vt 0.9005764 0.27471977
vt 0.7763412 0.27039367
vt 0.9005764 0.27039355
vt 0.7763412 0.26606745
vt 0.9005764 0.26606733
vt 0.7763412 0.26174122
vt 0.9005764 0.26174122
vt 0.77634126 0.25741512
vt 0.9005765 0.257415
vt 0.92838943 0.2747199
vt 0.92543286 0.2692802
vt 0.9186987 0.27471983
vt 0.92543286 0.28015953
vt 0.9182949 0.2824127
vt 0.9111571 0.28015953
vt 0.9082005 0.27471977
vt 0.9111571 0.26928014
vt 0.91829497 0.26702702
vt 0.37368956 0.2930156
vt 0.54568344 0.285385
vt 0.37368956 0.285385
vt 0.54568344 0.2930156
vt 0.37368956 0.285385
vt 0.54568344 0.25087202
vt 0.37368956 0.25087202
vt 0.54568344 0.285385
vt 0.37368956 0.25087202
vt 0.54568344 0.24324125
vt 0.37368956 0.24324125
vt 0.54568344 0.25087202
vt 0.37368956 0.24324125
vt 0.54568344 0.20872831
vt 0.37368956 0.20872831
vt 0.54568344 0.24324125
vt 0.54568344 0.2930156
vt 0.5595475 0.285385
vt 0.54568344 0.285385
vt 0.5595475 0.2930156
vt 0.03284351 0.07298404
vt 0.12029944 0.21533203
vt 0.024684709 0.14622843
vt 0.11648075 0.09507507
vt 0.026630979 0.16697907
vt 0.03284351 0.07298404
vt 0.0675259 0.0629459
vt 0.11648075 0.09507507
vt 0.03284351 0.07298404
vt 0.04920904 0.069113314
vt 0.0675259 0.0629459
vt 0.024684709 0.14622843
vt 0.018978816 0.07033545
vt 0.03284351 0.07298404
vt 0.0050816936 0.14143836
vt 0.03284351 0.07298404
vt 0.0312892 0.05797714
vt 0.04920904 0.069113314
vt 0.018978816 0.07033545
vt 0.0675259 0.0629459
vt 0.25361767 0.061353326
vt 0.11648075 0.09507507
vt 0.23615663 0.037567317
vt 0.0675259 0.0629459
vt 0.24309544 0.013148725
vt 0.23615663 0.037567317
vt 0.06431083 0.037751496
vt 0.24309544 0.013148725
vt 0.2456067 0.047502875
vt 0.23615663 0.037567317
vt 0.26135483 0.042313993
vt 0.29802707 0.048609436
vt 0.33273593 0.1905492
vt 0.3190234 0.18168634
vt 0.3118554 0.039551795
vt 0.3118554 0.039551795
vt 0.34914574 0.18942583
vt 0.33273593 0.1905492
vt 0.32946995 0.036973536
vt 0.32946995 0.036973536
vt 0.45215443 0.18523353
vt 0.34914574 0.18942583
vt 0.39019075 0.020635307
vt 0.39019075 0.020635307
vt 0.46885577 0.17811894
vt 0.45215443 0.18523353
vt 0.40453556 0.018408477
vt 0.40453556 0.018408477
vt 0.4911634 0.177405
vt 0.46885577 0.17811894
vt 0.42325017 0.009072065
vt 0.5469275 0.17248678
vt 0.57054955 0.015248358
vt 0.6006871 0.16946447
vt 0.51809186 0.02621442
vt 0.5469275 0.17248678
vt 0.5124019 0.029708564
vt 0.51809186 0.02621442
vt 0.5429712 0.1716389
vt 0.5429712 0.1716389
vt 0.5039137 0.029842556
vt 0.5124019 0.029708564
vt 0.53476983 0.17201626
vt 0.57054955 0.015248358
vt 0.61492425 0.16650528
vt 0.6006871 0.16946447
vt 0.5839694 0.012749314
vt 0.5839694 0.012749314
vt 0.6311818 0.16770214
vt 0.61492425 0.16650528
vt 0.5970593 0.010060549
vt 0.53476983 0.17201626
vt 0.4881926 0.02984798
vt 0.5039137 0.029842556
vt 0.5122271 0.17675543
vt 0.20107864 0.0800401
vt 0.20116614 0.084882975
vt 0.20212893 0.08138168
vt 0.19655405 0.080237806
vt 0.19459055 0.08072871
vt 0.19979571 0.08650941
vt 0.19358139 0.083556056
vt 0.19700466 0.08799553
vt 0.19278364 0.087249756
vt 0.19398539 0.08859676
vt 0.20205306 0.08514291
vt 0.20410208 0.08132267
vt 0.207749 0.09069139
vt 0.21175806 0.088383436
vt 0.21416788 0.08701265
vt 0.20533703 0.078958094
vt 0.20585935 0.09221524
vt 0.20051937 0.08693862
vt 0.20361225 0.09507942
vt 0.19768088 0.088927746
vt 0.20086674 0.09869528
vt 0.19307868 0.09144163
vt 0.20574246 0.10088372
vt 0.20178299 0.09997684
vt 0.19739513 0.10172045
vt 0.1894298 0.0953176
vt 0.19638185 0.1062696
vt 0.1852179 0.1072886
vt 0.20114915 0.20211208
vt 0.19110768 0.20452106
vt 0.19903211 0.10556525
vt 0.20384626 0.2010963
vt 0.18827276 0.20486659
vt 0.18246858 0.107645094
vt 0.1987031 0.10283923
vt 0.19638185 0.1062696
vt 0.18707137 0.09412277
vt 0.1907336 0.090023756
vt 0.20859091 0.20852602
vt 0.19146363 0.22503877
vt 0.21573918 0.2158488
vt 0.1996743 0.23300636
vt 0.22223262 0.22359753
vt 0.2198724 0.23366034
vt 0.31852296 0.23759168
vt 0.31941155 0.2263844
vt 0.31993952 0.22368151
vt 0.22306053 0.22082913
vt 0.21943788 0.23650372
vt 0.31812325 0.240345
vt 0.33049032 0.23296863
vt 0.32389846 0.22523522
vt 0.32275262 0.22393465
vt 0.33184734 0.23538959
vt 0.33404544 0.2288844
vt 0.32682005 0.22178137
vt 0.3361576 0.2248435
vt 0.33033296 0.21912801
vt 0.3381925 0.22228503
vt 0.33316782 0.21699178
vt 0.34004 0.22092283
vt 0.33470336 0.21517473
vt 0.34394023 0.21910423
vt 0.33707073 0.21125948
vt 0.3384768 0.20888376
vt 0.32463518 0.21705371
vt 0.3255544 0.22090125
vt 0.3438255 0.22113407
vt 0.3402563 0.22181445
vt 0.34515163 0.2223401
vt 0.34454337 0.22718585
vt 0.34358612 0.22923362
vt 0.338558 0.22301137
vt 0.33980152 0.23000473
vt 0.33691123 0.22554982
vt 0.33706632 0.22924018
vt 0.33619025 0.22815573
vt 0.34634772 0.21793985
vt 0.3384768 0.20888376
vt 0.3396329 0.23118865
vt 0.336028 0.23028696
vt 0.33404544 0.2288844
vt 0.21162878 0.09182435
vt 0.21210168 0.09749317
vt 0.21290164 0.09298611
vt 0.2083271 0.092238426
vt 0.20670716 0.09327102
vt 0.21102093 0.09936029
vt 0.20524268 0.09541935
vt 0.20736979 0.0998441
vt 0.17862533 0.11897498
vt 0.16140126 0.11313027
vt 0.16727494 0.10735518
vt 0.17272095 0.12453538
vt 0.16865776 0.12846905
vt 0.15722965 0.11717391
vt 0.16299127 0.1344431
vt 0.15129636 0.12298441
vt 0.15675323 0.14064741
vt 0.1451488 0.12906069
vt 0.15032165 0.1441322
vt 0.140119 0.13391584
vt 0.14696638 0.14981592
vt 0.1333267 0.1482935
vt 0.1488785 0.24931788
vt 0.13718896 0.24972266
vt 0.15915535 0.11156905
vt 0.16503392 0.105718315
vt 0.14906912 0.121391535
vt 0.15495025 0.11566174
vt 0.1444581 0.12557793
vt 0.15608208 0.25682133
vt 0.13341145 0.27539343
vt 0.1637762 0.26478302
vt 0.14510815 0.28698277
vt 0.1713473 0.2724235
vt 0.17075376 0.28398836
vt 0.27202585 0.2879855
vt 0.27071086 0.27449685
vt 0.28634885 0.2813921
vt 0.27629307 0.27126467
vt 0.2911841 0.2764523
vt 0.2797033 0.26491094
vt 0.29723516 0.27027178
vt 0.28581908 0.25869107
vt 0.30301204 0.26440334
vt 0.29173902 0.25302953
vt 0.30703393 0.26025665
vt 0.29564872 0.24897039
vt 0.30119404 0.24306923
vt 0.3127937 0.25440794
vt 0.3085849 0.26249748
vt 0.31442073 0.2566501
vt 0.30452022 0.26668042
vt 0.29874662 0.27253914
vt 0.29721966 0.24106419
vt 0.29234347 0.2463414
vt 0.28847656 0.25048894
vt 0.2830089 0.2555769
vt 0.1894298 0.0953176
vt 0.1852179 0.1072886
vt 0.19307868 0.09144163
vt 0.18063472 0.12294805
vt 0.17535661 0.12784284
vt 0.17120944 0.13173372
vt 0.16612826 0.1372382
vt 0.33364424 0.21133447
vt 0.32803127 0.21081465
vt 0.33318654 0.21457899
vt 0.33250645 0.21006632
vt 0.3321425 0.21614712
vt 0.3261707 0.21185851
vt 0.33001146 0.2175439
vt 0.32565913 0.21545088
vt 0.3384768 0.20888376
vt 0.33033296 0.21912801
vt 0.1979094 0.23733711
vt 0.1868866 0.22643161
vt 0.21803693 0.21352232
vt 0.21064954 0.20599246
vt 0.61858684 0.017695904
vt 0.6227611 0.011621296
vt 0.61839366 0.015504062
vt 0.62244517 0.020302117
vt 0.62510806 0.02129227
vt 0.6252721 0.011023819
vt 0.6292483 0.020104349
vt 0.62911576 0.012388408
vt 0.6325293 0.017621398
vt 0.63286346 0.014274657
vt 0.61674434 0.019296587
vt 0.621738 0.02130872
vt 0.6154135 0.031552434
vt 0.62072605 0.030532777
vt 0.61372226 0.018147469
vt 0.6121884 0.032226205
vt 0.6235912 0.030381858
vt 0.62474316 0.02206248
vt 0.62762696 0.031558454
vt 0.6291812 0.021829545
vt 0.6313072 0.03239709
vt 0.63016 0.035502315
vt 0.6295058 0.037006557
vt 0.63424426 0.021654904
vt 0.6328072 0.037217796
vt 0.6344617 0.036476076
vt 0.6310906 0.041876078
vt 0.63976115 0.04042554
vt 0.6381366 0.071656585
vt 0.65016085 0.068437874
vt 0.6493163 0.030632019
vt 0.6632362 0.06130731
vt 0.6564723 0.024259627
vt 0.6744743 0.05584371
vt 0.6393681 0.023433149
vt 0.6344617 0.036476076
vt 0.64282846 0.015360415
vt 0.6367345 0.014767349
vt 0.6791507 0.07837707
vt 0.67182463 0.08466804
vt 0.66142124 0.09357977
vt 0.65300983 0.098662496
vt 0.72002786 0.12862629
vt 0.7137678 0.13527656
vt 0.69611603 0.13824832
vt 0.6924922 0.15843761
vt 0.7213779 0.1580562
vt 0.6921453 0.17067254
vt 0.72124726 0.17339915
vt 0.68605703 0.18419898
vt 0.702408 0.18821573
vt 0.6059201 0.25349724
vt 0.59681463 0.24355775
vt 0.68417865 0.18192518
vt 0.5954292 0.24099636
vt 0.6076838 0.25590867
vt 0.70392066 0.19084537
vt 0.59172696 0.24555266
vt 0.59167993 0.24294728
vt 0.5927648 0.25915813
vt 0.59369916 0.26200753
vt 0.58583534 0.2450245
vt 0.58569163 0.24307126
vt 0.58046347 0.24702883
vt 0.5823161 0.23995107
vt 0.58645993 0.2593301
vt 0.5803377 0.25744396
vt 0.58046347 0.24702883
vt 0.57607275 0.25655508
vt 0.5759372 0.24787271
vt 0.5731215 0.25697458
vt 0.57293564 0.24749738
vt 0.56755275 0.24614465
vt 0.5681266 0.25857848
vt 0.56509024 0.25956982
vt 0.56432706 0.2453242
vt 0.57372576 0.25801986
vt 0.56986266 0.2602195
vt 0.57359964 0.2661047
vt 0.56959766 0.2622851
vt 0.576315 0.25734562
vt 0.57590485 0.26679933
vt 0.5800298 0.25887454
vt 0.5793886 0.2657749
vt 0.58323866 0.26101452
vt 0.58314806 0.26321572
vt 0.5872196 0.26249433
vt 0.6717139 0.016272843
vt 0.6816235 0.035061
vt 0.6720657 0.035502672
vt 0.68148476 0.016085625
vt 0.6878248 0.03503126
vt 0.6879061 0.015948594
vt 0.6969542 0.035241842
vt 0.69711345 0.015879929
vt 0.7065667 0.035241902
vt 0.70655006 0.015878081
vt 0.71485204 0.03869635
vt 0.7149563 0.015778363
vt 0.7222578 0.040421963
vt 0.7323332 0.022124052
vt 0.7496088 0.072589636
vt 0.7622325 0.057961643
vt 0.6721752 0.013010442
vt 0.6820415 0.012883604
vt 0.68860537 0.0127571225
vt 0.69775003 0.0126881
vt 0.70398796 0.012524426
vt 0.7763653 0.10285163
vt 0.7853295 0.08399844
vt 0.85445964 0.14063656
vt 0.8760669 0.13131672
vt 0.914244 0.16125166
vt 0.88775486 0.15369213
vt 0.9128714 0.17058802
vt 0.88415605 0.17046344
vt 0.91078216 0.18003786
vt 0.86378646 0.18970466
vt 0.8438554 0.1817258
vt 0.7247235 0.25582725
vt 0.7145515 0.24079382
vt 0.7070469 0.2623257
vt 0.70703346 0.24274117
vt 0.6987781 0.2622326
vt 0.6987367 0.24029982
vt 0.68854314 0.26227617
vt 0.6883387 0.24291939
vt 0.67931384 0.26223123
vt 0.679233 0.2431643
vt 0.6728913 0.26208997
vt 0.67304903 0.24315023
vt 0.66312927 0.2618783
vt 0.6635124 0.24270183
vt 0.6635904 0.26513016
vt 0.67344445 0.26529348
vt 0.6800091 0.26542205
vt 0.68913096 0.26547748
vt 0.69642764 0.26570463
vt 0.6735998 0.23817146
vt 0.66504604 0.23761833
vt 0.6798647 0.23821604
vt 0.6880279 0.23794621
vt 0.61812764 0.0361706
vt 0.62148994 0.03227055
vt 0.6183414 0.034290314
vt 0.6221743 0.039146543
vt 0.62441987 0.039298475
vt 0.62358946 0.03165239
vt 0.6278343 0.037402093
vt 0.62642354 0.0327484
vt 0.6344617 0.036476076
vt 0.6821676 0.040058017
vt 0.67358667 0.040608764
vt 0.6884563 0.04000014
vt 0.6966473 0.040233374
vt 0.5704575 0.24143004
vt 0.57383066 0.2457143
vt 0.57468575 0.23828846
vt 0.5706269 0.24341851
vt 0.5770294 0.2380985
vt 0.5760372 0.24651647
vt 0.5805606 0.23998332
vt 0.57911915 0.24548858
vt 0.5823161 0.23995107
vt 0.85401833 0.16958702
vt 0.87310475 0.1547004
vt 0.87286204 0.1525498
vt 0.8712198 0.14873284
vt 0.8760669 0.13131672
vt 0.8664451 0.15573043
vt 0.87310475 0.1547004
vt 0.87286204 0.1525498
vt 0.86640626 0.15317553
vt 0.8712198 0.14873284
vt 0.866955 0.14875525
vt 0.8492897 0.15862274
vt 0.8760669 0.13131672
vt 0.75795585 0.16958755
vt 0.7541947 0.1788677
vt 0.76367325 0.17146921
vt 0.759005 0.16266292
vt 0.7648706 0.16186452
vt 0.7552456 0.1531691
vt 0.75795585 0.16958755
vt 0.7529169 0.1765269
vt 0.7429742 0.18148887
vt 0.7433974 0.1785425
vt 0.7460148 0.1721294
vt 0.74616975 0.16442114
vt 0.74493545 0.15212697
vt 0.749119 0.14582253
vt 0.75795585 0.16958755
vt 0.759005 0.16266292
vt 0.7579221 0.1507352
vt 0.7552456 0.1531691
vt 0.6883803 0.17034876
vt 0.6921453 0.17067254
vt 0.68865854 0.15792352
vt 0.6924922 0.15843761
vt 0.6936771 0.1393066
vt 0.91713554 0.1459145
vt 0.9305654 0.1606937
vt 0.9281722 0.16938895
vt 0.9218194 0.17859387
vt 0.9299322 0.14659
vt 0.024966996 0.4459815
vt 0.048437517 0.4004218
vt 0.04006998 0.45180416
vt 0.03633539 0.39324522
vt 0.059511583 0.3239684
vt 0.072759785 0.32549012
vt 0.0657442 0.32731366
vt 0.073432244 0.3161146
vt 0.073432244 0.3161146
vt 0.079429425 0.3295189
vt 0.073432244 0.3161146
vt 0.08614794 0.32692057
vt 0.14461319 0.38467693
vt 0.13978176 0.402452
vt 0.1381598 0.39405394
vt 0.14977388 0.40716642
vt 0.13978176 0.402452
vt 0.08128361 0.51008654
vt 0.049422067 0.4954208
vt 0.08326391 0.4963538
vt 0.08622412 0.48245454
vt 0.040417593 0.47955185
vt 0.08128361 0.51008654
vt 0.04897968 0.5106516
vt 0.04006998 0.45180416
vt 0.0893412 0.4014209
vt 0.0885388 0.45578337
vt 0.11554436 0.4389934
vt 0.11150149 0.397766
vt 0.040417593 0.47955185
vt 0.08622412 0.48245454
vt 0.09785632 0.47894853
vt 0.13978176 0.402452
vt 0.1381598 0.39405394
vt 0.04006998 0.45180416
vt 0.048437517 0.4004218
vt 0.19969802 0.37907344
vt 0.16235916 0.42196566
vt 0.16188805 0.3798148
vt 0.18295102 0.4219554
vt 0.22024469 0.3914671
vt 0.21783988 0.42148095
vt 0.20648055 0.3629979
vt 0.1993237 0.3628146
vt 0.16081874 0.35211158
vt 0.24034743 0.4358613
vt 0.246846 0.42466748
vt 0.097633876 0.4989205
vt 0.08622412 0.48245454
vt 0.09785632 0.47894853
vt 0.08929173 0.49949002
vt 0.14337115 0.47182214
vt 0.12619548 0.48418152
vt 0.13443355 0.47436
vt 0.13125543 0.49612188
vt 0.12619548 0.48418152
vt 0.01680706 0.47438198
vt 0.018177133 0.46592516
vt 0.018739026 0.4741395
vt 0.016252082 0.4662891
vt 0.03633539 0.39324522
vt 0.05502836 0.38096035
vt 0.048437517 0.4004218
vt 0.038102906 0.36469728
vt 0.061548512 0.35293686
vt 0.048553985 0.34760243
vt 0.048437517 0.4004218
vt 0.07574455 0.38070995
vt 0.0893412 0.4014209
vt 0.05502836 0.38096035
vt 0.07422773 0.35416842
vt 0.061548512 0.35293686
vt 0.08680896 0.35610914
vt 0.10254172 0.38124955
vt 0.0893412 0.4014209
vt 0.11150149 0.397766
vt 0.07303528 0.33773082
vt 0.07039074 0.33765316
vt 0.18295102 0.4219554
vt 0.16932873 0.4381352
vt 0.16235916 0.42196566
vt 0.20555453 0.43849343
vt 0.11150149 0.397766
vt 0.10575799 0.36215055
vt 0.11495606 0.37823886
vt 0.11150149 0.397766
vt 0.10254172 0.38124955
vt 0.098820366 0.35000348
vt 0.10254172 0.38124955
vt 0.08680896 0.35610914
vt 0.21783988 0.42148095
vt 0.20555453 0.43849343
vt 0.18295102 0.4219554
vt 0.21783988 0.42148095
vt 0.20878582 0.43462008
vt 0.20555453 0.43849343
vt 0.11495606 0.37823886
vt 0.1381598 0.39405394
vt 0.11150149 0.397766
vt 0.14461319 0.38467693
vt 0.1381598 0.39405394
vt 0.11554436 0.4389934
vt 0.14977388 0.40716642
vt 0.12740283 0.43933254
vt 0.13978176 0.402452
vt 0.12740283 0.43933254
vt 0.13443355 0.47436
vt 0.11554436 0.4389934
vt 0.14337115 0.47182214
vt 0.13443355 0.47436
vt 0.11554436 0.4389934
vt 0.12619548 0.48418152
vt 0.09785632 0.47894853
vt 0.13443355 0.47436
vt 0.09785632 0.47894853
vt 0.13125543 0.49612188
vt 0.097633876 0.4989205
vt 0.12619548 0.48418152
vt 0.13125543 0.49612188
vt 0.20648055 0.3629979
vt 0.24400549 0.35861766
vt 0.22024469 0.3914671
vt 0.23048191 0.34952754
vt 0.040417593 0.47955185
vt 0.030514281 0.45631158
vt 0.04006998 0.45180416
vt 0.032106917 0.4803021
vt 0.02264766 0.46034664
vt 0.02389006 0.47820884
vt 0.04006998 0.45180416
vt 0.018550556 0.44678152
vt 0.024966996 0.4459815
vt 0.030514281 0.45631158
vt 0.010954897 0.45854968
vt 0.02264766 0.46034664
vt 0.16188805 0.3798148
vt 0.15333991 0.3563556
vt 0.16081874 0.35211158
vt 0.15386848 0.37942684
vt 0.14450209 0.35623622
vt 0.14453857 0.37906003
vt 0.08929173 0.49949002
vt 0.08326391 0.4963538
vt 0.08622412 0.48245454
vt 0.08128361 0.51008654
vt 0.088184394 0.51774704
vt 0.092882074 0.51646906
vt 0.17120187 0.33366185
vt 0.20049219 0.32449418
vt 0.19996719 0.33527714
vt 0.17156474 0.3235854
vt 0.16081874 0.35211158
vt 0.19996719 0.33527714
vt 0.1993237 0.3628146
vt 0.17120187 0.33366185
vt 0.07213358 0.521742
vt 0.057670396 0.53177476
vt 0.05994038 0.5220821
vt 0.075901784 0.5309775
vt 0.04897968 0.5106516
vt 0.0350887 0.53260165
vt 0.035645287 0.5063769
vt 0.04897968 0.5106516
vt 0.043817323 0.52292526
vt 0.035645287 0.5063769
vt 0.049422067 0.4954208
vt 0.04897968 0.5106516
vt 0.035645287 0.5063769
vt 0.040417593 0.47955185
vt 0.049422067 0.4954208
vt 0.040417593 0.47955185
vt 0.020701211 0.4989786
vt 0.032106917 0.4803021
vt 0.035645287 0.5063769
vt 0.02389006 0.47820884
vt 0.012702982 0.4836347
vt 0.20555453 0.43849343
vt 0.17473154 0.4558258
vt 0.16932873 0.4381352
vt 0.19009416 0.4550776
vt 0.20878582 0.43462008
vt 0.20476012 0.4500664
vt 0.048553985 0.34760243
vt 0.0657442 0.32731366
vt 0.061548512 0.35293686
vt 0.059511583 0.3239684
vt 0.07039074 0.33765316
vt 0.072526254 0.33001035
vt 0.07303528 0.33773082
vt 0.0705562 0.32997257
vt 0.19009416 0.4550776
vt 0.1787682 0.48469877
vt 0.17473154 0.4558258
vt 0.19009499 0.48402292
vt 0.07303528 0.33773082
vt 0.07440714 0.33089703
vt 0.075378455 0.33839667
vt 0.072526254 0.33001035
vt 0.08680896 0.35610914
vt 0.08614794 0.32692057
vt 0.098820366 0.35000348
vt 0.079429425 0.3295189
vt 0.20476012 0.4500664
vt 0.19009499 0.48402292
vt 0.19009416 0.4550776
vt 0.20123331 0.48034215
vt 0.072759785 0.32549012
vt 0.0705562 0.32997257
vt 0.0657442 0.32731366
vt 0.072526254 0.33001035
vt 0.0657442 0.32731366
vt 0.07039074 0.33765316
vt 0.061548512 0.35293686
vt 0.0705562 0.32997257
vt 0.07422773 0.35416842
vt 0.075378455 0.33839667
vt 0.08680896 0.35610914
vt 0.07303528 0.33773082
vt 0.08680896 0.35610914
vt 0.07440714 0.33089703
vt 0.079429425 0.3295189
vt 0.075378455 0.33839667
vt 0.079429425 0.3295189
vt 0.072526254 0.33001035
vt 0.072759785 0.32549012
vt 0.07440714 0.33089703
vt 0.012702982 0.4836347
vt 0.022396129 0.47617632
vt 0.02389006 0.47820884
vt 0.013779203 0.4794858
vt 0.022396129 0.47617632
vt 0.021467011 0.4628073
vt 0.02264766 0.46034664
vt 0.012577812 0.4622625
vt 0.010954897 0.45854968
vt 0.013779203 0.4794858
vt 0.018739026 0.4741395
vt 0.022396129 0.47617632
vt 0.01680706 0.47438198
vt 0.022396129 0.47617632
vt 0.018177133 0.46592516
vt 0.021467011 0.4628073
vt 0.022396129 0.47617632
vt 0.018739026 0.4741395
vt 0.021467011 0.4628073
vt 0.016252082 0.4662891
vt 0.012577812 0.4622625
vt 0.018177133 0.46592516
vt 0.014457743 0.46927983
vt 0.014941375 0.47169363
vt 0.01464514 0.47200018
vt 0.014457743 0.46927983
vt 0.0147898 0.46948493
vt 0.012577812 0.4622625
vt 0.01464514 0.47200018
vt 0.013779203 0.4794858
vt 0.014457743 0.46927983
vt 0.013779203 0.4794858
vt 0.014941375 0.47169363
vt 0.01680706 0.47438198
vt 0.013779203 0.4794858
vt 0.01464514 0.47200018
vt 0.01680706 0.47438198
vt 0.0147898 0.46948493
vt 0.016252082 0.4662891
vt 0.014941375 0.47169363
vt 0.016252082 0.4662891
vt 0.014457743 0.46927983
vt 0.012577812 0.4622625
vt 0.0147898 0.46948493
vt 0.08128361 0.51008654
vt 0.05994038 0.5220821
vt 0.04897968 0.5106516
vt 0.07213358 0.521742
vt 0.04897968 0.5106516
vt 0.057670396 0.53177476
vt 0.043817323 0.52292526
vt 0.05994038 0.5220821
vt 0.17156474 0.3235854
vt 0.19489937 0.30800396
vt 0.20049219 0.32449418
vt 0.17799072 0.30769974
vt 0.088184394 0.51774704
vt 0.07213358 0.521742
vt 0.08128361 0.51008654
vt 0.075901784 0.5309775
vt 0.5699374 0.32102454
vt 0.38279226 0.3057589
vt 0.57016796 0.30182564
vt 0.38256183 0.32292032
vt 0.56986606 0.34037095
vt 0.38249043 0.33911818
vt 0.5699956 0.3580711
vt 0.3826199 0.35482913
vt 0.57025003 0.37403965
vt 0.38287452 0.37065655
vt 0.5704804 0.38908178
vt 0.38310495 0.38718593
vt 0.570552 0.40407187
vt 0.38317636 0.40477192
vt 0.5704225 0.4199069
vt 0.38304678 0.4231624
vt 0.5701679 0.43744934
vt 0.38279226 0.4413827
vt 0.5907779 0.36873448
vt 0.5907779 0.36873448
vt 0.5907779 0.36873448
vt 0.5907779 0.36873448
vt 0.5907779 0.36873448
vt 0.5907779 0.36873448
vt 0.38317636 0.40477192
vt 0.37124148 0.38667828
vt 0.38310495 0.38718593
vt 0.3713198 0.40442663
vt 0.38304678 0.4231624
vt 0.3711587 0.42329913
vt 0.38279226 0.4413827
vt 0.3708525 0.4418326
vt 0.37096956 0.3702944
vt 0.38287452 0.37065655
vt 0.37066332 0.354766
vt 0.3826199 0.35482913
vt 0.37050214 0.339374
vt 0.38249043 0.33911818
vt 0.37058058 0.3233968
vt 0.3708525 0.3062089
vt 0.34374002 0.30538648
vt 0.34346786 0.32297248
vt 0.34338954 0.33950543
vt 0.34355065 0.35533106
vt 0.34385696 0.37103003
vt 0.37124148 0.38667828
vt 0.34412876 0.38721782
vt 0.34420708 0.40438432
vt 0.3711587 0.42329913
vt 0.3440462 0.4226169
vt 0.3708525 0.4418326
vt 0.34373984 0.4410103
vt 0.33131632 0.3860876
vt 0.33136097 0.40315706
vt 0.33126917 0.42218786
vt 0.33109447 0.44175357
vt 0.33093944 0.3242274
vt 0.33109465 0.30612975
vt 0.33116135 0.3705383
vt 0.33098653 0.35562974
vt 0.33089474 0.3404866
vt 0.271616 0.38799644
vt 0.27166072 0.40317798
vt 0.2715688 0.419743
vt 0.27139428 0.43831682
vt 0.2713944 0.3026932
vt 0.2712392 0.3224578
vt 0.27119443 0.34121174
vt 0.27128634 0.3579303
vt 0.27146098 0.37321258
vt 0.3708525 0.3062089
vt 0.38279226 0.3057589
vt 0.8842843 0.31704462
vt 0.86843175 0.3012119
vt 0.88424355 0.30121052
vt 0.8684725 0.31712478
vt 0.88438064 0.3331328
vt 0.86856884 0.33324927
vt 0.8844763 0.34960443
vt 0.8686646 0.34968925
vt 0.8845145 0.36636597
vt 0.8687027 0.36636454
vt 0.8844738 0.3831222
vt 0.8686623 0.3830356
vt 0.88437736 0.39958227
vt 0.8685656 0.39946598
vt 0.88428193 0.41565973
vt 0.86847025 0.41558158
vt 0.88424355 0.43148965
vt 0.86843175 0.43149096
vt 0.8929478 0.43148136
vt 0.8929668 0.4161479
vt 0.8930145 0.40032995
vt 0.89306235 0.3836981
vt 0.8930826 0.36637616
vt 0.8930635 0.34904152
vt 0.89301616 0.33238328
vt 0.8929681 0.31654364
vt 0.89294785 0.3012023
vt 0.89294785 0.3012023
vt 0.8930151 0.3009665
vt 0.8929681 0.31654364
vt 0.89301616 0.33238328
vt 0.8930635 0.34904152
vt 0.8930826 0.36637616
vt 0.8929668 0.4161479
vt 0.89301515 0.43124563
vt 0.8929478 0.43148136
vt 0.8930145 0.40032995
vt 0.89306235 0.3836981
vt 0.8930145 0.40032995
vt 0.8930826 0.36637616
vt 0.17563552 -0.9181919
vt 0.021859556 -0.76441574
vt 0.021859556 -0.9818878
vt -0.13191658 -0.9181919
vt -0.19561253 -0.76441574
vt -0.13191658 -0.6106396
vt 0.021859556 -0.54694366
vt 0.17563552 -0.6106396
vt 0.23933166 -0.76441574
vt 0.85989827 0.43149292
vt 0.8554298 0.41545212
vt 0.859955 0.4154626
vt 0.8553734 0.43149316
vt 0.85556996 0.399275
vt 0.860095 0.39929044
vt 0.8557115 0.38289464
vt 0.8602366 0.38290596
vt 0.8557715 0.3663621
vt 0.8602964 0.36636233
vt 0.85571474 0.34982705
vt 0.8602401 0.34981596
vt 0.8555748 0.33344042
vt 0.86009985 0.33342493
vt 0.85543317 0.3172574
vt 0.85995847 0.31724668
vt 0.8553733 0.3012141
vt 0.85989827 0.30121386
vt 0.84679234 0.43146563
vt 0.6229665 0.4147179
vt 0.8468308 0.41552043
vt 0.62292796 0.4314533
vt 0.62306184 0.39827234
vt 0.84692603 0.3993945
vt 0.6231582 0.3821842
vt 0.8470226 0.38298273
vt 0.62319916 0.3663501
vt 0.84706324 0.36636364
vt 0.62316054 0.3505202
vt 0.847025 0.34974098
vt 0.6230652 0.33444273
vt 0.84692925 0.33332086
vt 0.62296885 0.3179828
vt 0.84683305 0.31717402
vt 0.62292796 0.3012265
vt 0.8467924 0.30121267
vt 0.86843175 0.43149096
vt 0.859955 0.4154626
vt 0.86847025 0.41558158
vt 0.85989827 0.43149292
vt 0.860095 0.39929044
vt 0.8685656 0.39946598
vt 0.8602366 0.38290596
vt 0.8686623 0.3830356
vt 0.8602964 0.36636233
vt 0.8687027 0.36636454
vt 0.8602401 0.34981596
vt 0.8686646 0.34968925
vt 0.86009985 0.33342493
vt 0.86856884 0.33324927
vt 0.85995847 0.31724668
vt 0.8684725 0.31712478
vt 0.85989827 0.30121386
vt 0.86843175 0.3012119
vt 0.8468308 0.41552043
vt 0.8553734 0.43149316
vt 0.84679234 0.43146563
vt 0.8554298 0.41545212
vt 0.84692603 0.3993945
vt 0.85556996 0.399275
vt 0.8470226 0.38298273
vt 0.8557115 0.38289464
vt 0.84706324 0.36636364
vt 0.8557715 0.3663621
vt 0.847025 0.34974098
vt 0.85571474 0.34982705
vt 0.84692925 0.33332086
vt 0.8555748 0.33344042
vt 0.84683305 0.31717402
vt 0.85543317 0.3172574
vt 0.8467924 0.30121267
vt 0.8553733 0.3012141
vt 0.96161395 0.38024879
vt 0.96503633 0.22263682
vt 0.96503633 0.38024879
vt 0.96161395 0.22263682
vt 0.9684587 0.22263682
vt 0.9684587 0.38024879
vt 0.9718811 0.22263682
vt 0.9718811 0.38024879
vt 0.9753035 0.22263682
vt 0.9753035 0.38024879
vt 0.97872585 0.22263682
vt 0.97872585 0.38024879
vt 0.98214823 0.22263682
vt 0.98214823 0.38024879
vt 0.9855706 0.22263682
vt 0.9855706 0.38024879
vt 0.988993 0.22263682
vt 0.988993 0.38024879
vt 0.9753035 0.18683422
vt 0.9718811 0.18683422
vt 0.9684587 0.18683422
vt 0.988993 0.18683422
vt 0.9855706 0.18683422
vt 0.98214823 0.18683422
vt 0.97872585 0.18683422
vt 0.9753035 0.1170066
vt 0.9718811 0.1170066
vt 0.9684587 0.1170066
vt 0.96503633 0.18683422
vt 0.96161395 0.18683422
vt 0.96503633 0.1170066
vt 0.96161395 0.1170066
vt 0.988993 0.1170066
vt 0.9855706 0.1170066
vt 0.98214823 0.1170066
vt 0.97872585 0.1170066
vt 0.97872585 0.11018014
vt 0.9718811 0.11018014
vt 0.96503633 0.11018014
vt 0.9684587 0.11018014
vt 0.9718811 0.11018014
vt 0.96161395 0.11018014
vt 0.988993 0.11018014
vt 0.9855706 0.11018014
vt 0.9855706 0.11018014
vt 0.98214823 0.11018014
vt 0.9855706 0.11018014
vt 0.9718811 0.09380317
vt 0.9684587 0.09380317
vt 0.96503633 0.09380317
vt 0.96161395 0.09380317
vt 0.988993 0.09380317
vt 0.9855706 0.09380317
vt 0.9855706 0.09380317
vt 0.98214823 0.09380317
vt 0.97872585 0.09380317
vt 0.9753035 0.11018014
vt 0.9718811 0.11018014
vt 0.9753035 0.09380317
vt 0.9718811 0.09380317
vt 0.9854969 0.05601579
vt 0.9801388 0.07102853
vt 0.9801388 0.050130248
vt 0.9747806 0.05601579
vt 0.9725612 0.07022476
vt 0.9747806 0.084433675
vt 0.9801388 0.090319276
vt 0.9854969 0.084433675
vt 0.9877162 0.07022476
vt 0.9377119 0.37544537
vt 0.9391225 0.026673555
vt 0.9391225 0.37544537
vt 0.9377119 0.026673555
vt 0.9405331 0.026673555
vt 0.9405331 0.37544537
vt 0.9419438 0.026673555
vt 0.9419438 0.37544537
vt 0.9433545 0.026673555
vt 0.9433545 0.37544537
vt 0.9447651 0.026673555
vt 0.9447651 0.37544537
vt 0.94617575 0.026673555
vt 0.94617575 0.37544537
vt 0.94758636 0.026673555
vt 0.94758636 0.37544537
vt 0.9489971 0.026673555
vt 0.9489971 0.37544537
vt 0.9005764 0.29202467
vt 0.7763412 0.28769845
vt 0.9005764 0.28769845
vt 0.7763412 0.29202467
vt 0.7763412 0.28337234
vt 0.9005764 0.28337222
vt 0.77634126 0.279046
vt 0.9005764 0.279046
vt 0.7763412 0.2747199
vt 0.9005764 0.27471977
vt 0.7763412 0.27039367
vt 0.9005764 0.27039355
vt 0.7763412 0.26606745
vt 0.9005764 0.26606733
vt 0.7763412 0.26174122
vt 0.9005764 0.26174122
vt 0.77634126 0.25741512
vt 0.9005765 0.257415
vt 0.92838943 0.2747199
vt 0.9186987 0.27471983
vt 0.92543286 0.2692802
vt 0.92543286 0.28015953
vt 0.9182949 0.2824127
vt 0.9111571 0.28015953
vt 0.9082005 0.27471977
vt 0.9111571 0.26928014
vt 0.91829497 0.26702702
vt 0.37368956 0.2930156
vt 0.54568344 0.285385
vt 0.54568344 0.2930156
vt 0.37368956 0.285385
vt 0.37368956 0.285385
vt 0.54568344 0.25087202
vt 0.54568344 0.285385
vt 0.37368956 0.25087202
vt 0.37368956 0.25087202
vt 0.54568344 0.24324125
vt 0.54568344 0.25087202
vt 0.37368956 0.24324125
vt 0.37368956 0.24324125
vt 0.54568344 0.20872831
vt 0.54568344 0.24324125
vt 0.37368956 0.20872831
vt 0.54568344 0.2930156
vt 0.5595475 0.285385
vt 0.5595475 0.2930156
vt 0.54568344 0.285385
vt 0.74823743 0.49979538
vt 0.71195126 0.5461254
vt 0.747263 0.54133064
vt 0.71158296 0.501832
vt 0.70484155 0.5706183
vt 0.75239116 0.5521613
vt 0.6999262 0.5818926
vt 0.7597521 0.5574334
vt 0.7378771 0.604263
vt 0.7857472 0.56815356
vt 0.750373 0.61024404
vt 0.7984355 0.5731908
vt 0.77321965 0.6098718
vt 0.8085565 0.60138965
vt 0.8773287 0.57776964
vt 0.87044173 0.5559833
vt 0.9057412 0.5598229
vt 0.8991464 0.53411305
vt 0.9261896 0.5430997
vt 0.90384537 0.5240027
vt 0.9413805 0.53139716
vt 0.924058 0.51184523
vt 0.94860303 0.5268181
vt 0.93957484 0.5045236
vt 0.9543129 0.5247936
vt 0.9461272 0.5042195
vt 0.96754616 0.51997274
vt 0.9552718 0.50603473
vt 0.9758189 0.5152893
vt 0.9791169 0.5038873
vt 0.9158922 0.49499846
vt 0.9007537 0.51000726
vt 0.91024405 0.48076695
vt 0.8947353 0.49972242
vt 0.86405486 0.45843065
vt 0.86349237 0.48023438
vt 0.7976565 0.4440564
vt 0.79681796 0.4701004
vt 0.73997813 0.44113207
vt 0.75899506 0.48716444
vt 0.6982688 0.4667282
vt 0.6929441 0.45629048
vt 0.9326013 0.48502815
vt 0.93638015 0.49493653
vt 0.94156706 0.4849708
vt 0.94389564 0.4957385
vt 0.9566369 0.49847043
vt 0.9593948 0.48935282
vt 0.9755088 0.4963622
vt 0.977486 0.50038826
vt 0.9755088 0.4963622
vt 0.9970295 0.5024593
vt 0.9903802 0.4843101
vt 0.9792771 0.4746871
vt 0.9691209 0.46967858
vt 0.95802057 0.46851754
vt 0.95147705 0.4651122
vt 0.94657177 0.45879984
vt 0.9321072 0.47984087
vt 0.9147022 0.4757396
vt 0.86768824 0.4551798
vt 0.79060847 0.43844938
vt 0.735329 0.43955672
vt 0.6908666 0.45299482
vt 0.68731576 0.46140867
vt 0.6941442 0.47117215
vt 0.70644945 0.50568974
vt 0.7066454 0.54260874
vt 0.6999065 0.56651735
vt 0.6950266 0.57940215
vt 0.69686204 0.587418
vt 0.73304325 0.6061712
vt 0.74658203 0.61135554
vt 0.77651435 0.6143669
vt 0.810929 0.6059627
vt 0.88590866 0.57981974
vt 0.9097716 0.56318897
vt 0.92994153 0.54716146
vt 0.94299865 0.5355788
vt 0.9484691 0.5299476
vt 0.9511815 0.53247225
vt 0.95129615 0.5401269
vt 0.959454 0.53838855
vt 0.951772 0.5474255
vt 0.9612743 0.5442649
vt 0.9831976 0.53507704
vt 0.99297327 0.5232609
vt 0.9791169 0.5038873
vt 0.7876215 0.5629345
vt 0.76373225 0.5499608
vt 0.79917526 0.565821
vt 0.8636587 0.55155885
vt 0.88939637 0.53124666
vt 0.8962675 0.524378
vt 0.89439815 0.5125209
vt 0.8898891 0.5039881
vt 0.8616127 0.48597527
vt 0.79824847 0.47766894
vt 0.7632634 0.49449784
vt 0.75579137 0.50447
vt 0.75536036 0.537693
vt 0.7585954 0.5454172
vt 0.83825916 0.5147713
vt 0.81802344 0.5130661
vt 0.8084737 0.5149993
vt 0.8059359 0.5172556
vt 0.8057712 0.52581185
vt 0.80705404 0.52770895
vt 0.8086774 0.5286127
vt 0.81513906 0.5304546
vt 0.8182811 0.53013736
vt 0.8387688 0.52685964
vt 0.8455451 0.5239767
vt 0.8476024 0.52266484
vt 0.8472918 0.5192885
vt 0.84574866 0.5171132
vt 0.81361234 0.50525916
vt 0.80646914 0.5109613
vt 0.81756777 0.50299156
vt 0.84175426 0.50337327
vt 0.85102904 0.5121987
vt 0.8522784 0.5170539
vt 0.84574866 0.5171132
vt 0.8416783 0.53905404
vt 0.818057 0.5401593
vt 0.80682474 0.5326296
vt 0.84574866 0.5171132
vt 0.85074836 0.52985364
vt 0.8472918 0.5192885
vt 0.85233116 0.5245827
vt 0.8476024 0.52266484
vt 0.8522784 0.5170539
vt 0.8455451 0.5239767
vt 0.85102904 0.5121987
vt 0.8084737 0.5149993
vt 0.8043359 0.5282163
vt 0.8043359 0.5282163
vt 0.8059359 0.5172556
vt 0.80374664 0.51652724
vt 0.8057712 0.52581185
vt 0.8051067 0.5132574
vt 0.8059359 0.5172556
vt 0.80374664 0.51652724
vt 0.80705404 0.52770895
vt 0.8051067 0.5132574
vt 0.49594405 0.47001326
vt 0.5326229 0.48115516
vt 0.53093666 0.4734149
vt 0.49268964 0.47591186
vt 0.5292457 0.49421465
vt 0.4891818 0.4880818
vt 0.52715605 0.51837426
vt 0.48381212 0.51301956
vt 0.52669007 0.54741776
vt 0.48328617 0.5509651
vt 0.53126305 0.57527614
vt 0.49229005 0.58786905
vt 0.5352531 0.5942025
vt 0.4980071 0.59843117
vt 0.5354815 0.6021248
vt 0.49714115 0.60678416
vt 0.5474805 0.59315133
vt 0.5433267 0.57299036
vt 0.5647866 0.5894097
vt 0.55524164 0.56938213
vt 0.5396804 0.5458071
vt 0.5486279 0.54529214
vt 0.5414836 0.51976764
vt 0.54855305 0.5202878
vt 0.55416363 0.4967023
vt 0.5433138 0.49219382
vt 0.5443817 0.48150384
vt 0.5592317 0.48391604
vt 0.5454499 0.47365057
vt 0.5621225 0.476815
vt 0.60595876 0.5408433
vt 0.6071208 0.5238986
vt 0.6150152 0.56008154
vt 0.62128586 0.57228005
vt 0.58330745 0.4874028
vt 0.57906276 0.4813913
vt 0.584951 0.4818008
vt 0.6144268 0.5070106
vt 0.6262972 0.4970367
vt 0.6211032 0.5272474
vt 0.62861294 0.5134399
vt 0.6200753 0.5393466
vt 0.6251834 0.5539219
vt 0.6328351 0.56296015
vt 0.639757 0.5056405
vt 0.66009563 0.502608
vt 0.6597914 0.49561357
vt 0.6603337 0.49070072
vt 0.6288014 0.4869622
vt 0.6737936 0.49970067
vt 0.6711028 0.4929943
vt 0.67228323 0.50652957
vt 0.679792 0.49963188
vt 0.6831232 0.5148206
vt 0.6718667 0.48964143
vt 0.6291931 0.4856913
vt 0.660332 0.4702779
vt 0.6317969 0.4718957
vt 0.65587085 0.46625507
vt 0.647935 0.4656911
vt 0.6157591 0.46352208
vt 0.60072345 0.4646418
vt 0.60823613 0.46093297
vt 0.6495393 0.5369323
vt 0.6524138 0.57150084
vt 0.6388319 0.57577497
vt 0.6345392 0.5750625
vt 0.5681712 0.59718174
vt 0.54990214 0.6029265
vt 0.6761871 0.56618637
vt 0.6890916 0.5513751
vt 0.69192296 0.532027
vt 0.45065382 0.5882296
vt 0.4545739 0.5755683
vt 0.45091596 0.5760337
vt 0.45443705 0.5926225
vt 0.4611552 0.592926
vt 0.4609423 0.5755014
vt 0.46798566 0.5930638
vt 0.46639374 0.5755862
vt 0.44524994 0.5771389
vt 0.44589034 0.5878437
vt 0.43908837 0.58596385
vt 0.44021562 0.57910204
vt 0.4389266 0.5792397
vt 0.43744662 0.58503735
vt 0.43693975 0.57877946
vt 0.4357243 0.5836957
vt 0.43384627 0.5772742
vt 0.432421 0.58283687
vt 0.43023112 0.577065
vt 0.42873004 0.5823297
vt 0.42844668 0.5767132
vt 0.42739776 0.5808111
vt 0.4268047 0.57589006
vt 0.42682055 0.579044
vt 0.42233947 0.57263505
vt 0.42496422 0.58151764
vt 0.4197165 0.57288253
vt 0.4237689 0.58410084
vt 0.4268047 0.57589006
vt 0.4228399 0.5711924
vt 0.42243543 0.5698254
vt 0.43710187 0.5724205
vt 0.4373403 0.5710186
vt 0.44542387 0.5736795
vt 0.44671646 0.57078874
vt 0.4511825 0.5713048
vt 0.45537975 0.5715168
vt 0.46050194 0.5714512
vt 0.4665685 0.5708083
vt 0.44603696 0.5678884
vt 0.44157472 0.56873983
vt 0.44889382 0.54835963
vt 0.44463935 0.5460789
vt 0.45142224 0.5697867
vt 0.45539942 0.5699721
vt 0.46016386 0.56989574
vt 0.45385805 0.5467952
vt 0.4582334 0.5471798
vt 0.46253362 0.5471226
vt 0.45804694 0.54349506
vt 0.46271184 0.5445256
vt 0.4540191 0.5429407
vt 0.44747165 0.5432571
vt 0.44816878 0.5257717
vt 0.4434041 0.5297683
vt 0.45417133 0.5403995
vt 0.4514331 0.53985226
vt 0.45149603 0.53161824
vt 0.454268 0.5309124
vt 0.4526973 0.5245584
vt 0.45549193 0.53691655
vt 0.45548502 0.53427196
vt 0.4578332 0.53561354
vt 0.45783237 0.5353062
vt 0.45855466 0.5352084
vt 0.45934263 0.5362976
vt 0.4578332 0.53561354
vt 0.4586543 0.54120195
vt 0.4631777 0.5425394
vt 0.46328202 0.5372469
vt 0.45938578 0.53446656
vt 0.45855466 0.5352084
vt 0.45823732 0.5353449
vt 0.45848718 0.5355798
vt 0.45823053 0.53551334
vt 0.45809093 0.53536314
vt 0.45807555 0.53551906
vt 0.4578332 0.53561354
vt 0.4634098 0.5334393
vt 0.47017136 0.5370274
vt 0.47052744 0.53481597
vt 0.4690247 0.5460442
vt 0.4790379 0.5327619
vt 0.47587767 0.5258702
vt 0.4651126 0.527336
vt 0.45930627 0.52897817
vt 0.4583861 0.5219791
vt 0.46389475 0.5208887
vt 0.47481886 0.52018744
vt 0.009528856 0.58835155
vt 0.016707879 0.6014825
vt 0.016604166 0.5883137
vt 0.011539559 0.60197943
vt 0.022618216 0.6012534
vt 0.022317093 0.58749723
vt 0.025657933 0.5991394
vt 0.026666205 0.58441675
vt 0.029323976 0.58378094
vt 0.028287094 0.6000841
vt 0.020070594 0.5830353
vt 0.016315382 0.58432484
vt 0.010732214 0.5844532
vt 0.010705273 0.5834137
vt 0.0047865314 0.5847447
vt 0.00484256 0.5832423
vt 0.010642449 0.55881214
vt 0.005677621 0.55853844
vt 0.01994912 0.56013167
vt 0.028885763 0.5604701
vt 0.026542943 0.5603947
vt 0.02723239 0.54350114
vt 0.025477987 0.5440553
vt 0.023175161 0.5567719
vt 0.01396362 0.5544262
vt 0.005055289 0.5548087
vt 0.014528195 0.55180377
vt 0.005664925 0.5512154
vt 0.020036023 0.5530261
vt 0.019974988 0.5471231
vt 0.019452851 0.55281514
vt 0.018856864 0.54858106
vt 0.017191213 0.549263
vt 0.017444652 0.5440599
vt 0.016354244 0.5456264
vt 0.015934985 0.5441054
vt 0.015710872 0.54447573
vt 0.012893538 0.5449045
vt 0.017191213 0.549263
vt 0.014878313 0.54427844
vt 0.014213364 0.54138565
vt 0.014878313 0.54427844
vt 0.015201489 0.5435146
vt 0.014213364 0.54138565
vt 0.015325706 0.54424477
vt 0.015479843 0.5439112
vt 0.014878313 0.54427844
vt 0.015536527 0.5443247
vt 0.015687626 0.54404
vt 0.015710872 0.54447573
vt 0.017191213 0.549263
vt 0.015710872 0.54447573
vt 0.016354244 0.5456264
vt 0.015201489 0.5435146
vt 0.014213364 0.54138565
vt 0.017444652 0.5440599
vt 0.23356669 0.62894326
vt 0.2340663 0.6317986
vt 0.23476283 0.631241
vt 0.23667215 0.6331011
vt 0.23559068 0.6339608
vt 0.24002443 0.63754064
vt 0.24249159 0.6359832
vt 0.24682872 0.6414193
vt 0.24883442 0.6367771
vt 0.25570014 0.64739364
vt 0.26118836 0.6405342
vt 0.30526832 0.6698455
vt 0.31151333 0.6525344
vt 0.33206216 0.6794472
vt 0.3337566 0.6457681
vt 0.3586718 0.6476834
vt 0.35901597 0.68253255
vt 0.37091032 0.6766014
vt 0.40356007 0.65261614
vt 0.40345278 0.61605644
vt 0.34748617 0.56381893
vt 0.40639952 0.6027143
vt 0.38441208 0.5561223
vt 0.41518357 0.592872
vt 0.4065068 0.551392
vt 0.29234126 0.5805043
vt 0.27255204 0.5918099
vt 0.2542782 0.58983904
vt 0.23863791 0.6243217
vt 0.24946849 0.58083045
vt 0.23997574 0.55558467
vt 0.23345976 0.556236
vt 0.23577707 0.6233026
vt 0.2375571 0.552869
vt 0.23531626 0.55057687
vt 0.23357837 0.6254493
vt 0.23343967 0.6239647
vt 0.23385768 0.62105894
vt 0.23149149 0.55628777
vt 0.23301844 0.55241066
vt 0.23101847 0.5532011
vt 0.23078059 0.54624295
vt 0.23028062 0.5499644
vt 0.23254703 0.5449923
vt 0.22046201 0.6207229
vt 0.22050457 0.6250032
vt 0.23348634 0.6278955
vt 0.2209128 0.6280281
vt 0.21979664 0.55625474
vt 0.22022931 0.5535907
vt 0.22105353 0.55074906
vt 0.22159033 0.54846
vt 0.22978847 0.54738855
vt 0.22845559 0.5445931
vt 0.22176842 0.5464165
vt 0.22596572 0.54320735
vt 0.22242133 0.544933
vt 0.22381644 0.54360056
vt 0.23196022 0.5406786
vt 0.22577898 0.5378499
vt 0.22191958 0.5388442
vt 0.21952765 0.5412764
vt 0.21215664 0.55554295
vt 0.21441607 0.5515912
vt 0.20940737 0.55493784
vt 0.20040892 0.58095
vt 0.20212977 0.5814033
vt 0.19597177 0.58795834
vt 0.19685529 0.5889139
vt 0.18695204 0.58928454
vt 0.18634497 0.5929707
vt 0.1682977 0.57963276
vt 0.16622083 0.58893985
vt 0.10911349 0.56860435
vt 0.1073207 0.5797566
vt 0.075697996 0.57439375
vt 0.07756785 0.5665809
vt 0.06350336 0.5712927
vt 0.065174796 0.56639534
vt 0.026593607 0.54056925
vt 0.023771208 0.54078406
vt 0.019412916 0.5408001
vt 0.008802454 0.5401882
vt 0.008950333 0.54709387
vt 0.054236155 0.6059971
vt 0.06305174 0.6150315
vt 0.06424598 0.6263635
vt 0.065702 0.6558448
vt 0.10057668 0.66229
vt 0.14214723 0.6585696
vt 0.19152682 0.64681554
vt 0.21176617 0.63786316
vt 0.21728532 0.6307955
vt 0.45855466 0.5352084
vt 0.45934263 0.5362976
vt 0.45938578 0.53446656
vt 0.44055453 0.50814676
vt 0.44367936 0.49690473
vt 0.44051358 0.502174
vt 0.4509984 0.506763
vt 0.39475444 0.5140811
vt 0.39544025 0.51894736
vt 0.44051358 0.502174
vt 0.38365206 0.5129359
vt 0.38319847 0.5189663
vt 0.39475444 0.5140811
vt 0.3703932 0.5102179
vt 0.36967137 0.5158179
vt 0.38365206 0.5129359
vt 0.34824464 0.5069034
vt 0.34808955 0.51099753
vt 0.3703932 0.5102179
vt 0.3393174 0.5033498
vt 0.3393143 0.50887156
vt 0.34824464 0.5069034
vt 0.32341084 0.4998039
vt 0.32221445 0.5054742
vt 0.3393174 0.5033498
vt 0.30793527 0.49554563
vt 0.30771533 0.5017313
vt 0.32341084 0.4998039
vt 0.26907375 0.4926554
vt 0.2686213 0.498119
vt 0.30793527 0.49554563
vt 0.25987324 0.49061954
vt 0.2595143 0.4972446
vt 0.26907375 0.4926554
vt 0.2501363 0.48919737
vt 0.25048938 0.49484527
vt 0.25987324 0.49061954
vt 0.24371366 0.490242
vt 0.23882036 0.49736464
vt 0.2501363 0.48919737
vt 0.24371366 0.490242
vt 0.23367374 0.493891
vt 0.23313908 0.4681183
vt 0.22563474 0.48166263
vt 0.23013656 0.4678316
vt 0.22680824 0.4730556
vt 0.24511544 0.47029173
vt 0.23367374 0.493891
vt 0.24371366 0.490242
vt 0.24998967 0.47074556
vt 0.24371366 0.490242
vt 0.2501363 0.48919737
vt 0.2596744 0.46943152
vt 0.2501363 0.48919737
vt 0.25987324 0.49061954
vt 0.26942286 0.4680302
vt 0.25987324 0.49061954
vt 0.26907375 0.4926554
vt 0.26907375 0.4926554
vt 0.30933103 0.46745086
vt 0.30793527 0.49554563
vt 0.3238705 0.4672613
vt 0.32341084 0.4998039
vt 0.32341084 0.4998039
vt 0.33622798 0.46576428
vt 0.3393174 0.5033498
vt 0.3393174 0.5033498
vt 0.34728178 0.46343017
vt 0.34824464 0.5069034
vt 0.3703932 0.5102179
vt 0.34824464 0.5069034
vt 0.37349203 0.45861804
vt 0.38365206 0.5129359
vt 0.3703932 0.5102179
vt 0.3872836 0.45642614
vt 0.38365206 0.5129359
vt 0.39560166 0.4573692
vt 0.39475444 0.5140811
vt 0.4394302 0.47630417
vt 0.44346884 0.46910715
vt 0.4394302 0.47630417
vt 0.4494895 0.46996713
vt 0.44405743 0.47758746
vt 0.45855853 0.46979356
vt 0.45228878 0.48972702
vt 0.46741703 0.48574317
vt 0.46640757 0.49576545
vt 0.45228878 0.48972702
vt 0.4604396 0.50521255
vt 0.44367936 0.49690473
vt 0.4509984 0.506763
vt 0.44230953 0.48806
vt 0.45228878 0.48972702
vt 0.44405743 0.47758746
vt 0.4494895 0.46996713
vt 0.44051358 0.502174
vt 0.44230953 0.48806
vt 0.43638626 0.4881748
vt 0.44367936 0.49690473
vt 0.43638626 0.4881748
vt 0.44405743 0.47758746
vt 0.4394302 0.47630417
vt 0.44230953 0.48806
vt 0.44051358 0.502174
vt 0.43638626 0.4881748
vt 0.39475444 0.5140811
vt 0.43638626 0.4881748
vt 0.39560166 0.4573692
vt 0.39475444 0.5140811
vt 0.4394302 0.47630417
vt 0.21282308 0.55044305
vt 0.2167146 0.549863
vt 0.21603076 0.5486834
vt 0.21866934 0.5460806
vt 0.2188435 0.5522438
vt 0.22095726 0.5479362
vt 0.21861897 0.54310393
vt 0.21653156 0.5479376
vt 0.22176842 0.5464165
vt 0.22022931 0.5535907
vt 0.22105353 0.55074906
vt 0.22176842 0.5464165
vt 0.22242133 0.544933
vt 0.21603076 0.5486834
vt 0.21866934 0.5460806
vt 0.21653156 0.5479376
vt 0.22022931 0.5535907
vt 0.22095726 0.5479362
vt 0.23028062 0.5499644
vt 0.22978847 0.54738855
vt 0.22069375 0.6320722
vt 0.23459552 0.63642335
vt 0.2198727 0.63590133
vt 0.23260914 0.6406091
vt 0.22160672 0.6402586
vt 0.2265641 0.64278424
vt 0.85102904 0.5121987
vt 0.8476024 0.52266484
vt 0.8472918 0.5192885
vt 0.85233116 0.5245827
vt 0.8472918 0.5192885
vt 0.85074836 0.52985364
vt 0.038223963 0.29834968
vt 0.040025156 0.31206846
vt 0.039023083 0.31206858
vt 0.039603274 0.29834938
vt 0.039603572 0.28796148
vt 0.0382242 0.28796136
vt 0.03849117 0.2698139
vt 0.039870422 0.26555258
vt 0.039870363 0.2698139
vt 0.0300682 0.2698142
vt 0.028897207 0.2655524
vt 0.028897326 0.2698142
vt 0.01688544 0.31206846
vt 0.01688544 0.30780685
vt 0.01797245 0.30780685
vt 0.026365679 0.30780697
vt 0.027367752 0.31206858
vt 0.027367752 0.3078074
vt 0.04835592 0.30780733
vt 0.057991188 0.31206846
vt 0.048355978 0.31206858
vt 0.057991188 0.3078071
vt 0.057991188 0.27927166
vt 0.047792356 0.26555258
vt 0.04089592 0.29066646
vt 0.04089592 0.30266464
vt 0.064617135 0.3032711
vt 0.064617015 0.28965956
vt 0.07289819 0.26787013
vt 0.08253334 0.2721318
vt 0.07289819 0.2721318
vt 0.08253334 0.26787
vt 0.072423674 0.31206858
vt 0.08253334 0.30007213
vt 0.08915899 0.2899952
vt 0.08915899 0.2766676
vt 0.06543795 0.27727395
vt 0.07289819 0.2721318
vt 0.06543801 0.28865337
vt 0.028625648 0.30975103
vt 0.029796343 0.29775453
vt 0.029712599 0.30975127
vt 0.02862553 0.29775453
vt 0.029795866 0.2876774
vt 0.028624933 0.28767765
vt 0.030654173 0.21292895
vt 0.02045552 0.25518364
vt 0.021019142 0.21292907
vt 0.030654173 0.24146473
vt 0.013558964 0.21807122
vt 0.013558905 0.23006964
vt 0.037280064 0.23107642
vt 0.037280064 0.21746516
vt 0.026838522 0.30266488
vt 0.027480345 0.29066634
vt 0.027840476 0.30266464
vt 0.026478034 0.29066664
vt 0.03987078 0.27434993
vt 0.0382242 0.28796136
vt 0.03849129 0.2743501
vt 0.039603572 0.28796148
vt 0.017357986 0.30266464
vt 0.01803146 0.29128522
vt 0.018445175 0.30266464
vt 0.01694433 0.29128522
vt 0.045561176 0.25518364
vt 0.055196147 0.22724336
vt 0.055196147 0.25518364
vt 0.045086842 0.21524662
vt 0.038101 0.238662
vt 0.03810106 0.25004143
vt 0.06182192 0.2506476
vt 0.06182192 0.23732042
vt 0.030067485 0.27435023
vt 0.028624933 0.28767765
vt 0.028896611 0.2743501
vt 0.029795866 0.2876774
vt 0.026365679 0.30780697
vt 0.027840476 0.30266464
vt 0.027367752 0.3078074
vt 0.026838522 0.30266488
vt 0.027007561 0.26555258
vt 0.026478034 0.29066664
vt 0.026005428 0.2655524
vt 0.027480345 0.29066634
vt 0.01688544 0.30780685
vt 0.018445175 0.30266464
vt 0.01797245 0.30780685
vt 0.017357986 0.30266464
vt 0.016695064 0.26786977
vt 0.01694433 0.29128522
vt 0.015607993 0.26787
vt 0.01803146 0.29128522
vt 0.039870363 0.2698139
vt 0.03849129 0.2743501
vt 0.03849117 0.2698139
vt 0.03987078 0.27434993
vt 0.0300682 0.2698142
vt 0.028896611 0.2743501
vt 0.028897326 0.2698142
vt 0.030067485 0.27435023
vt 0.05251525 0.20994729
vt 0.054341238 0.21342462
vt 0.05251525 0.21480078
vt 0.054341238 0.21149892
vt 0.0603231 0.21351498
vt 0.06215028 0.21502864
vt 0.0603231 0.21167535
vt 0.06215028 0.21039212
vt 0.04244278 0.21076697
vt 0.044871133 0.21416932
vt 0.043364566 0.21502864
vt 0.04432104 0.21162635
vt 0.049879473 0.21416932
vt 0.051757675 0.21502864
vt 0.049347144 0.21162635
vt 0.05086569 0.21076697
vt 0.02339689 0.20845175
vt 0.01753072 0.21271104
vt 0.01741479 0.20845163
vt 0.023280006 0.21271092
vt 0.03711782 0.21271104
vt 0.041685205 0.20845163
vt 0.04147176 0.21271092
vt 0.0366594 0.20845151
vt 0.029920023 0.21271092
vt 0.035785 0.20845151
vt 0.035901885 0.21271104
vt 0.030035835 0.20845151
vt 0.028621059 0.20845151
vt 0.024154168 0.21271104
vt 0.024461847 0.20845163
vt 0.029162508 0.21271092
vt 0.23851697 0.8825394
vt 0.14927845 0.8895031
vt 0.24107973 0.86152565
vt 0.16334943 0.89545214
vt 0.13617091 0.89140075
vt 0.16566186 0.90167207
vt 0.10464124 0.91191256
vt 0.08517841 0.9019648
vt 0.03737287 0.8695666
vt 0.0316811 0.87293434
vt 0.1395363 0.92753184
vt 0.18248932 0.9298691
vt 0.18157606 0.9078618
vt 0.20006089 0.9256096
vt 0.2771515 0.9235415
vt 0.27467182 0.9076782
vt 0.19884233 0.9303508
vt 0.24191849 0.95033276
vt 0.3478532 0.94576705
vt 0.3509021 0.9211059
vt 0.27946118 0.9019678
vt 0.336697 0.9102478
vt 0.37619177 0.92057765
vt 0.37175074 0.9111203
vt 0.3553715 0.926146
vt 0.34909084 0.9479071
vt 0.3478532 0.94576705
vt 0.37667826 0.92402244
vt 0.34909084 0.9479071
vt 0.38519564 0.9620117
vt 0.24130313 0.9519849
vt 0.20680742 0.96994436
vt 0.1356272 0.9667433
vt 0.09782354 0.9555081
vt 0.10214595 0.92133486
vt 0.0809162 0.9089311
vt 0.02702431 0.877566
vt 0.024940055 0.8727119
vt 0.030451458 0.86552364
vt 0.038202565 0.8637574
vt 0.13260035 0.8797647
vt 0.13617091 0.89140075
vt 0.14927845 0.8895031
vt 0.14575534 0.87840915
vt 0.24107973 0.86152565
vt 0.23422842 0.844839
vt 0.2547846 0.85701036
vt 0.2775717 0.84616774
vt 0.26941493 0.8339225
vt 0.26941493 0.8339225
vt 0.28003696 0.8370177
vt 0.26126197 0.8065461
vt 0.27124003 0.80056053
vt 0.28003696 0.8370177
vt 0.29887024 0.8350409
vt 0.28927365 0.8025259
vt 0.27124003 0.80056053
vt 0.20006089 0.9256096
vt 0.24130313 0.9519849
vt 0.19884233 0.9303508
vt 0.24191849 0.95033276
vt 0.24191849 0.95033276
vt 0.34909084 0.9479071
vt 0.24130313 0.9519849
vt 0.3478532 0.94576705
vt 0.26834396 0.8776911
vt 0.2547846 0.85701036
vt 0.2775717 0.84616774
vt 0.31613567 0.88252515
vt 0.30150524 0.8364142
vt 0.319392 0.8327559
vt 0.29057434 0.7997658
vt 0.3117433 0.79798806
vt 0.32687274 0.7713282
vt 0.2937595 0.73765326
vt 0.24191026 0.7809808
vt 0.21018581 0.7710798
vt 0.24265938 0.7418984
vt 0.20886962 0.7671845
vt 0.18261449 0.7735597
vt 0.22925107 0.79357004
vt 0.23154168 0.78257895
vt 0.26126197 0.8065461
vt 0.27124003 0.80056053
vt 0.18095498 0.7683854
vt 0.23270349 0.74590033
vt 0.2227953 0.7396114
vt 0.23454611 0.73592
vt 0.29307726 0.73098326
vt 0.31909195 0.7244234
vt 0.31680062 0.72007775
vt 0.32308987 0.72355175
vt 0.32169798 0.71922076
vt 0.37976637 0.7323402
vt 0.38284257 0.7284157
vt 0.3495989 0.75131977
vt 0.23154168 0.78257895
vt 0.24191026 0.7809808
vt 0.29057434 0.7997658
vt 0.27124003 0.80056053
vt 0.28927365 0.8025259
vt 0.21018581 0.7710798
vt 0.29887024 0.8350409
vt 0.30150524 0.8364142
vt 0.2775717 0.84616774
vt 0.34865716 0.88762015
vt 0.30014303 0.9004632
vt 0.37667826 0.92402244
vt 0.39248756 0.9599149
vt 0.38519564 0.9620117
vt 0.38459757 0.92406887
vt 0.37619177 0.92057765
vt 0.37175074 0.9111203
vt 0.37953928 0.90533465
vt 0.34865716 0.88762015
vt 0.35964838 0.88272613
vt 0.319392 0.8327559
vt 0.33590403 0.8293656
vt 0.32676628 0.7994883
vt 0.3117433 0.79798806
vt 0.32687274 0.7713282
vt 0.33888236 0.7759191
vt 0.3495989 0.75131977
vt 0.3561838 0.75952333
vt 0.38510278 0.7348174
vt 0.37976637 0.7323402
vt 0.38284257 0.7284157
vt 0.27946118 0.9019678
vt 0.23774795 0.8936876
vt 0.23851697 0.8825394
vt 0.27946118 0.9019678
vt 0.26238802 0.8994664
vt 0.23774795 0.8936876
vt 0.27467182 0.9076782
vt 0.26238802 0.8994664
vt 0.27946118 0.9019678
vt 0.2624562 0.90274405
vt 0.18157606 0.9078618
vt 0.2624562 0.90274405
vt 0.27467182 0.9076782
vt 0.18367724 0.902823
vt 0.16566186 0.90167207
vt 0.18367724 0.902823
vt 0.18157606 0.9078618
vt 0.16566186 0.90167207
vt 0.17758183 0.9021703
vt 0.18367724 0.902823
vt 0.16334943 0.89545214
vt 0.17758183 0.9021703
vt 0.16566186 0.90167207
vt 0.17750339 0.9000776
vt 0.16334943 0.89545214
vt 0.23774795 0.8936876
vt 0.17750339 0.9000776
vt 0.23851697 0.8825394
vt 0.5915573 0.80476177
vt 0.5906046 0.8158457
vt 0.59598505 0.8079392
vt 0.58330506 0.81060743
vt 0.6925464 0.80772376
vt 0.67966896 0.853439
vt 0.6915346 0.8554591
vt 0.6805983 0.8095969
vt 0.5968934 0.8524975
vt 0.582262 0.8525609
vt 0.5921975 0.8575752
vt 0.5900038 0.84418976
vt 0.8868033 0.8146527
vt 0.8386796 0.8306906
vt 0.87891954 0.80899334
vt 0.88615435 0.84527457
vt 0.877793 0.8543185
vt 0.93040997 0.84619236
vt 0.93105894 0.8155705
vt 0.9409247 0.8574772
vt 0.9420429 0.8047315
vt 0.9562016 0.8507041
vt 0.9570189 0.81213284
vt 0.93181425 0.8820685
vt 0.94351107 0.8877374
vt 0.9130855 0.9062693
vt 0.9140945 0.9228008
vt 0.8751833 0.7973076
vt 0.848702 0.78144073
vt 0.8398059 0.78536546
vt 0.8981146 0.75984985
vt 0.87163323 0.74398285
vt 0.913251 0.75648344
vt 0.86763674 0.7291528
vt 0.9149597 0.7400086
vt 0.8816039 0.7200226
vt 0.9302221 0.776585
vt 0.9410332 0.7693978
vt 0.83620125 0.712351
vt 0.83708733 0.7252071
vt 0.7974376 0.71999526
vt 0.81100494 0.7296968
vt 0.7642732 0.75511193
vt 0.7792534 0.759103
vt 0.8063839 0.74434805
vt 0.8005778 0.7974787
vt 0.8277083 0.7827238
vt 0.79956573 0.80706275
vt 0.76326424 0.7385804
vt 0.7912043 0.8161067
vt 0.7905552 0.84672856
vt 0.79843897 0.8523879
vt 0.74694866 0.8151889
vt 0.74629956 0.8458108
vt 0.7364337 0.80390406
vt 0.735316 0.8566498
vt 0.7211574 0.8106773
vt 0.72033983 0.8492484
vt 0.7455445 0.77931273
vt 0.73384744 0.77364385
vt 0.8021752 0.86407363
vt 0.73632556 0.89198345
vt 0.7471364 0.88479626
vt 0.7623988 0.9213726
vt 0.76410776 0.9048978
vt 0.80972177 0.9322284
vt 0.8057254 0.9173984
vt 0.7792439 0.9015314
vt 0.82865673 0.87994057
vt 0.83755285 0.8760157
vt 0.79575473 0.9413586
vt 0.84965044 0.8786575
vt 0.8767807 0.86390257
vt 0.87097484 0.9170331
vt 0.8981051 0.90227824
vt 0.8663536 0.9316844
vt 0.8799209 0.9413859
vt 0.84027106 0.93617415
vt 0.84115726 0.94903016
vt 0.57143134 0.8306273
vt 0.5460474 0.83069074
vt 0.57376117 0.8354398
vt 0.5652788 0.8501793
vt 0.5587946 0.85240066
vt 0.572728 0.8239629
vt 0.5640629 0.8093277
vt 0.5586836 0.8089173
vt 0.5534964 0.80447435
vt 0.53634864 0.80457866
vt 0.5332995 0.8089806
vt 0.52681535 0.81120205
vt 0.518333 0.82594144
vt 0.52066284 0.83075404
vt 0.5193661 0.8374183
vt 0.5280313 0.8520535
vt 0.53341055 0.852464
vt 0.5557455 0.8568027
vt 0.5385977 0.856907
vt 0.5968934 0.8524975
vt 0.63097936 0.84503925
vt 0.5900038 0.84418976
vt 0.6217478 0.8530128
vt 0.5900038 0.84418976
vt 0.6315804 0.8166952
vt 0.5906046 0.8158457
vt 0.63097936 0.84503925
vt 0.64175004 0.80666256
vt 0.6407148 0.8554846
vt 0.56886894 0.8538176
vt 0.5789352 0.8363264
vt 0.58330506 0.81060743
vt 0.57617015 0.8306155
vt 0.5611746 0.85645366
vt 0.582262 0.8525609
vt 0.5798457 0.799791
vt 0.57770914 0.82270694
vt 0.555327 0.7851044
vt 0.57655865 0.7504329
vt 0.6010775 0.76511955
vt 0.5728585 0.7367061
vt 0.615092 0.7620036
vt 0.567426 0.8053396
vt 0.54709023 0.7887372
vt 0.5610427 0.8048525
vt 0.5358891 0.78629196
vt 0.55488706 0.79958
vt 0.51076955 0.7999493
vt 0.49102536 0.76442826
vt 0.51614517 0.750771
vt 0.47715542 0.76073414
vt 0.5204238 0.7372096
vt 0.534538 0.7997037
vt 0.50983214 0.80882037
vt 0.53091955 0.8049276
vt 0.50209033 0.8171916
vt 0.5232251 0.80756366
vt 0.5014895 0.8455356
vt 0.4603851 0.8448236
vt 0.46111473 0.8163421
vt 0.4506574 0.8548204
vt 0.4513792 0.80589664
vt 0.513159 0.8250549
vt 0.5087891 0.85077393
vt 0.515924 0.83076584
vt 0.51224846 0.8615904
vt 0.51438504 0.83867437
vt 0.5367671 0.87627697
vt 0.51553553 0.9109484
vt 0.49101654 0.8962617
vt 0.5192357 0.9246752
vt 0.4770021 0.8993777
vt 0.52466816 0.8560418
vt 0.54500395 0.8726441
vt 0.53105134 0.8565289
vt 0.55620503 0.8750894
vt 0.5372068 0.8618013
vt 0.58132464 0.8614321
vt 0.6010687 0.896953
vt 0.575949 0.9106103
vt 0.6149387 0.90064716
vt 0.57167035 0.9241717
vt 0.55755615 0.8616776
vt 0.5906046 0.8158457
vt 0.6208395 0.8084545
vt 0.59598505 0.8079392
vt 0.6315804 0.8166952
vt 0.6217478 0.8530128
vt 0.6407148 0.8554846
vt 0.63097936 0.84503925
vt 0.62765306 0.85934865
vt 0.6315804 0.8166952
vt 0.627008 0.802369
vt 0.6208395 0.8084545
vt 0.64175004 0.80666256
vt 0.64540714 0.8567136
vt 0.6556161 0.8135134
vt 0.6464936 0.80547154
vt 0.65485924 0.84921527
vt 0.6431095 0.8834938
vt 0.6365537 0.8806038
vt 0.6158729 0.9159489
vt 0.6350065 0.77812755
vt 0.6408151 0.77395725
vt 0.61851424 0.75859904
vt 0.61667424 0.7467543
vt 0.58579034 0.72825503
vt 0.57418746 0.73204756
vt 0.5445002 0.7282143
vt 0.5437528 0.72115415
vt 0.5191538 0.73257613
vt 0.5078619 0.7282297
vt 0.47622117 0.7454324
vt 0.47374073 0.75726664
vt 0.45554045 0.7807776
vt 0.6508792 0.8877901
vt 0.66367143 0.8507464
vt 0.66438645 0.81205344
vt 0.5888973 0.7200132
vt 0.6484621 0.7694506
vt 0.62242097 0.73997223
vt 0.47055796 0.7386504
vt 0.50479645 0.71991646
vt 0.44121483 0.77359116
vt 0.6215361 0.9227309
vt 0.5842323 0.93315154
vt 0.5729404 0.9288052
vt 0.6183533 0.9041146
vt 0.6365537 0.8806038
vt 0.54834133 0.94022715
vt 0.5475939 0.9331669
vt 0.5063038 0.9331263
vt 0.5179067 0.9293337
vt 0.47357985 0.9027823
vt 0.4754199 0.91462696
vt 0.451279 0.887424
vt 0.45708767 0.8832538
vt 0.436478 0.84786797
vt 0.44560048 0.85590976
vt 0.4466869 0.8046677
vt 0.4372348 0.812166
vt 0.44898465 0.77788746
vt 0.45554045 0.7807776
vt 0.4277074 0.8493278
vt 0.42842272 0.81063485
vt 0.5031966 0.9413681
vt 0.4696732 0.9214091
vt 0.44363204 0.8919307
vt 0.54846436 0.94903016
vt 0.5872975 0.9414648
vt 0.62765306 0.85934865
vt 0.63227946 0.87824667
vt 0.6407148 0.8554846
vt 0.62253636 0.8731553
vt 0.6149387 0.90064716
vt 0.61201817 0.8867427
vt 0.6365537 0.8806038
vt 0.64540714 0.8567136
vt 0.6407148 0.8554846
vt 0.6183533 0.9041146
vt 0.6464936 0.80547154
vt 0.64175004 0.80666256
vt 0.64540714 0.8567136
vt 0.67966896 0.853439
vt 0.67582446 0.90129113
vt 0.6915346 0.8554591
vt 0.6652402 0.89553314
vt 0.63940775 0.94468534
vt 0.63179356 0.93538827
vt 0.54540694 0.7787677
vt 0.555327 0.7851044
vt 0.55040306 0.7765642
vt 0.54709023 0.7887372
vt 0.5991858 0.69372904
vt 0.6327775 0.7276164
vt 0.64047915 0.71846354
vt 0.59485203 0.7048992
vt 0.589459 0.79820096
vt 0.58330506 0.81060743
vt 0.5915573 0.80476177
vt 0.5798457 0.799791
vt 0.589459 0.79820096
vt 0.6010775 0.76511955
vt 0.5798457 0.799791
vt 0.6023376 0.7771704
vt 0.6010775 0.76511955
vt 0.555327 0.7851044
vt 0.5632814 0.7555337
vt 0.55040306 0.7765642
vt 0.555327 0.7851044
vt 0.57655865 0.7504329
vt 0.6023376 0.7771704
vt 0.615092 0.7620036
vt 0.6010775 0.76511955
vt 0.6108382 0.7752804
vt 0.57655865 0.7504329
vt 0.56103706 0.7472075
vt 0.5632814 0.7555337
vt 0.5728585 0.7367061
vt 0.6108382 0.7752804
vt 0.6308053 0.78060985
vt 0.615092 0.7620036
vt 0.6203693 0.78656626
vt 0.64175004 0.80666256
vt 0.61851424 0.75859904
vt 0.6350065 0.77812755
vt 0.6464936 0.80547154
vt 0.627008 0.802369
vt 0.64175004 0.80666256
vt 0.615092 0.7620036
vt 0.57418746 0.73204756
vt 0.5728585 0.7367061
vt 0.6327775 0.7276164
vt 0.67275673 0.75483525
vt 0.64047915 0.71846354
vt 0.6624227 0.7610218
vt 0.6925464 0.80772376
vt 0.6805983 0.8095969
vt 0.50983214 0.80882037
vt 0.51076955 0.7999493
vt 0.50301075 0.80084264
vt 0.50983214 0.80882037
vt 0.51076955 0.7999493
vt 0.45268628 0.716696
vt 0.49915543 0.7048681
vt 0.49499145 0.6936951
vt 0.4603007 0.72599304
vt 0.5386127 0.7772845
vt 0.54709023 0.7887372
vt 0.54540694 0.7787677
vt 0.5358891 0.78629196
vt 0.54709023 0.7887372
vt 0.5386127 0.7772845
vt 0.51614517 0.750771
vt 0.5358891 0.78629196
vt 0.5266368 0.7557388
vt 0.51614517 0.750771
vt 0.51076955 0.7999493
vt 0.4910346 0.7792969
vt 0.50301075 0.80084264
vt 0.49102536 0.76442826
vt 0.5266368 0.7557388
vt 0.5204238 0.7372096
vt 0.51614517 0.750771
vt 0.529232 0.74751294
vt 0.49102536 0.76442826
vt 0.48262158 0.77705604
vt 0.4910346 0.7792969
vt 0.47715542 0.76073414
vt 0.48262158 0.77705604
vt 0.529232 0.74751294
vt 0.54457325 0.7330538
vt 0.5204238 0.7372096
vt 0.5438802 0.74499214
vt 0.5728585 0.7367061
vt 0.56103706 0.7472075
vt 0.5191538 0.73257613
vt 0.47374073 0.75726664
vt 0.47715542 0.76073414
vt 0.5445002 0.7282143
vt 0.57418746 0.73204756
vt 0.49915543 0.7048681
vt 0.5429795 0.68423474
vt 0.49499145 0.6936951
vt 0.54322964 0.6961793
vt 0.5991858 0.69372904
vt 0.59485203 0.7048992
vt 0.50180954 0.85585487
vt 0.5014895 0.8455356
vt 0.49738184 0.85267746
vt 0.5087891 0.85077393
vt 0.39954767 0.8536576
vt 0.41242507 0.8079423
vt 0.40055957 0.80592227
vt 0.41149572 0.85178447
vt 0.49774626 0.81130123
vt 0.50983214 0.80882037
vt 0.50983214 0.80882037
vt 0.49774626 0.81130123
vt 0.50209033 0.8171916
vt 0.50983214 0.80882037
vt 0.49774626 0.81130123
vt 0.46111473 0.8163421
vt 0.50209033 0.8171916
vt 0.47289196 0.8107859
vt 0.5014895 0.8455356
vt 0.47216347 0.85179424
vt 0.49738184 0.85267746
vt 0.4603851 0.8448236
vt 0.47289196 0.8107859
vt 0.4513792 0.80589664
vt 0.46111473 0.8163421
vt 0.4669867 0.80445015
vt 0.4669867 0.80445015
vt 0.45981464 0.7831347
vt 0.4513792 0.80589664
vt 0.47210327 0.79064345
vt 0.47715542 0.76073414
vt 0.48262158 0.77705604
vt 0.45554045 0.7807776
vt 0.4466869 0.8046677
vt 0.4513792 0.80589664
vt 0.47374073 0.75726664
vt 0.44560048 0.85590976
vt 0.4506574 0.8548204
vt 0.4466869 0.8046677
vt 0.41242507 0.8079423
vt 0.41626963 0.7600901
vt 0.40055957 0.80592227
vt 0.42685392 0.7658481
vt 0.45268628 0.716696
vt 0.4603007 0.72599304
vt 0.5460507 0.8831217
vt 0.5367671 0.87627697
vt 0.54105455 0.8853253
vt 0.54500395 0.8726441
vt 0.49290827 0.9676523
vt 0.45931652 0.9337649
vt 0.451615 0.94291776
vt 0.49724212 0.95648205
vt 0.5039078 0.8624158
vt 0.5087891 0.85077393
vt 0.50180954 0.85585487
vt 0.51224846 0.8615904
vt 0.5087891 0.85077393
vt 0.5039078 0.8624158
vt 0.49101654 0.8962617
vt 0.51224846 0.8615904
vt 0.4910293 0.8834462
vt 0.49101654 0.8962617
vt 0.5367671 0.87627697
vt 0.5281762 0.90635574
vt 0.54105455 0.8853253
vt 0.5367671 0.87627697
vt 0.51553553 0.9109484
vt 0.4910293 0.8834462
vt 0.4770021 0.8993777
vt 0.49101654 0.8962617
vt 0.4825286 0.8853363
vt 0.51553553 0.9109484
vt 0.53042054 0.914682
vt 0.5281762 0.90635574
vt 0.5192357 0.9246752
vt 0.4825286 0.8853363
vt 0.46128878 0.8807715
vt 0.4770021 0.8993777
vt 0.47299746 0.8740504
vt 0.4506574 0.8548204
vt 0.47357985 0.9027823
vt 0.45708767 0.8832538
vt 0.44560048 0.85590976
vt 0.46637908 0.8583393
vt 0.4506574 0.8548204
vt 0.4770021 0.8993777
vt 0.5179067 0.9293337
vt 0.5192357 0.9246752
vt 0.45931652 0.9337649
vt 0.41933742 0.90654606
vt 0.451615 0.94291776
vt 0.42967144 0.9003595
vt 0.39954767 0.8536576
vt 0.41149572 0.85178447
vt 0.5921975 0.8575752
vt 0.58132464 0.8614321
vt 0.59162897 0.86295617
vt 0.582262 0.8525609
vt 0.58132464 0.8614321
vt 0.63940775 0.94468534
vt 0.5929387 0.95651317
vt 0.5971026 0.9676861
vt 0.63179356 0.93538827
vt 0.5528449 0.88460493
vt 0.54500395 0.8726441
vt 0.5460507 0.8831217
vt 0.55620503 0.8750894
vt 0.5528449 0.88460493
vt 0.575949 0.9106103
vt 0.55620503 0.8750894
vt 0.56482095 0.9061507
vt 0.575949 0.9106103
vt 0.58132464 0.8614321
vt 0.603605 0.8845019
vt 0.59162897 0.86295617
vt 0.58132464 0.8614321
vt 0.6010687 0.896953
vt 0.56482095 0.9061507
vt 0.57167035 0.9241717
vt 0.575949 0.9106103
vt 0.56222564 0.9143765
vt 0.6010687 0.896953
vt 0.61201817 0.8867427
vt 0.603605 0.8845019
vt 0.6149387 0.90064716
vt 0.56222564 0.9143765
vt 0.5475209 0.92832744
vt 0.57167035 0.9241717
vt 0.54757744 0.9168973
vt 0.5192357 0.9246752
vt 0.53042054 0.914682
vt 0.5729404 0.9288052
vt 0.6183533 0.9041146
vt 0.6149387 0.90064716
vt 0.5475939 0.9331669
vt 0.5179067 0.9293337
vt 0.5929387 0.95651317
vt 0.54911464 0.9771465
vt 0.5971026 0.9676861
vt 0.5488644 0.965202
vt 0.49290827 0.9676523
vt 0.49724212 0.95648205
vt 0.57617015 0.8306155
vt 0.57376117 0.8354398
vt 0.5789352 0.8363264
vt 0.57143134 0.8306273
vt 0.5789352 0.8363264
vt 0.5652788 0.8501793
vt 0.56886894 0.8538176
vt 0.57376117 0.8354398
vt 0.56886894 0.8538176
vt 0.5587946 0.85240066
vt 0.5611746 0.85645366
vt 0.5652788 0.8501793
vt 0.5610427 0.8048525
vt 0.5640629 0.8093277
vt 0.567426 0.8053396
vt 0.5586836 0.8089173
vt 0.567426 0.8053396
vt 0.572728 0.8239629
vt 0.57770914 0.82270694
vt 0.5640629 0.8093277
vt 0.57770914 0.82270694
vt 0.57143134 0.8306273
vt 0.57617015 0.8306155
vt 0.572728 0.8239629
vt 0.53091955 0.8049276
vt 0.53634864 0.80457866
vt 0.534538 0.7997037
vt 0.5332995 0.8089806
vt 0.534538 0.7997037
vt 0.5534964 0.80447435
vt 0.55488706 0.79958
vt 0.53634864 0.80457866
vt 0.55488706 0.79958
vt 0.5586836 0.8089173
vt 0.5610427 0.8048525
vt 0.5534964 0.80447435
vt 0.515924 0.83076584
vt 0.518333 0.82594144
vt 0.513159 0.8250549
vt 0.52066284 0.83075404
vt 0.513159 0.8250549
vt 0.52681535 0.81120205
vt 0.5232251 0.80756366
vt 0.518333 0.82594144
vt 0.5232251 0.80756366
vt 0.5332995 0.8089806
vt 0.53091955 0.8049276
vt 0.52681535 0.81120205
vt 0.53105134 0.8565289
vt 0.5280313 0.8520535
vt 0.52466816 0.8560418
vt 0.53341055 0.852464
vt 0.52466816 0.8560418
vt 0.5193661 0.8374183
vt 0.51438504 0.83867437
vt 0.5280313 0.8520535
vt 0.51438504 0.83867437
vt 0.52066284 0.83075404
vt 0.515924 0.83076584
vt 0.5193661 0.8374183
vt 0.5611746 0.85645366
vt 0.5557455 0.8568027
vt 0.55755615 0.8616776
vt 0.5587946 0.85240066
vt 0.55755615 0.8616776
vt 0.5385977 0.856907
vt 0.5372068 0.8618013
vt 0.5557455 0.8568027
vt 0.5372068 0.8618013
vt 0.53341055 0.852464
vt 0.53105134 0.8565289
vt 0.5385977 0.856907
vt 0.6714253 0.8109449
vt 0.66367143 0.8507464
vt 0.6706677 0.8519393
vt 0.6714253 0.8109449
vt 0.66438645 0.81205344
vt 0.6706677 0.8519393
vt 0.6508792 0.8877901
vt 0.65711474 0.89118636
vt 0.66367143 0.8507464
vt 0.6215361 0.9227309
vt 0.6260262 0.92820543
vt 0.5914461 0.71343017
vt 0.62242097 0.73997223
vt 0.6269636 0.73457634
vt 0.5888973 0.7200132
vt 0.6484621 0.7694506
vt 0.6545537 0.7658081
vt 0.66438645 0.81205344
vt 0.6714253 0.8109449
vt 0.46606806 0.7331759
vt 0.50479645 0.71991646
vt 0.5023429 0.7133277
vt 0.47055796 0.7386504
vt 0.54362977 0.71235114
vt 0.54348594 0.7053124
vt 0.5888973 0.7200132
vt 0.5914461 0.71343017
vt 0.42066863 0.85043633
vt 0.42842272 0.81063485
vt 0.42142645 0.8094419
vt 0.42066863 0.85043633
vt 0.4277074 0.8493278
vt 0.42142645 0.8094419
vt 0.44121483 0.77359116
vt 0.43497947 0.77019495
vt 0.42842272 0.81063485
vt 0.47055796 0.7386504
vt 0.46606806 0.7331759
vt 0.50064784 0.94795114
vt 0.4696732 0.9214091
vt 0.46513048 0.92680496
vt 0.5031966 0.9413681
vt 0.44363204 0.8919307
vt 0.43754044 0.89557326
vt 0.4277074 0.8493278
vt 0.42066863 0.85043633
vt 0.6260262 0.92820543
vt 0.5872975 0.9414648
vt 0.589751 0.9480536
vt 0.6215361 0.9227309
vt 0.54846436 0.94903016
vt 0.5486081 0.956069
vt 0.5031966 0.9413681
vt 0.50064784 0.94795114
vt 0.6805983 0.8095969
vt 0.6706677 0.8519393
vt 0.67966896 0.853439
vt 0.65711474 0.89118636
vt 0.6714253 0.8109449
vt 0.6706677 0.8519393
vt 0.6624227 0.7610218
vt 0.67966896 0.853439
vt 0.65711474 0.89118636
vt 0.6652402 0.89553314
vt 0.6260262 0.92820543
vt 0.63179356 0.93538827
vt 0.589751 0.9480536
vt 0.5929387 0.95651317
vt 0.5486081 0.956069
vt 0.5488644 0.965202
vt 0.50064784 0.94795114
vt 0.49724212 0.95648205
vt 0.46513048 0.92680496
vt 0.45931652 0.9337649
vt 0.43754044 0.89557326
vt 0.42967144 0.9003595
vt 0.42066863 0.85043633
vt 0.59485203 0.7048992
vt 0.6269636 0.73457634
vt 0.6327775 0.7276164
vt 0.5914461 0.71343017
vt 0.6545537 0.7658081
vt 0.6624227 0.7610218
vt 0.6714253 0.8109449
vt 0.54322964 0.6961793
vt 0.54348594 0.7053124
vt 0.49915543 0.7048681
vt 0.5023429 0.7133277
vt 0.4603007 0.72599304
vt 0.46606806 0.7331759
vt 0.42685392 0.7658481
vt 0.43497947 0.77019495
vt 0.41242507 0.8079423
vt 0.54362977 0.71235114
vt 0.41149572 0.85178447
vt 0.42142645 0.8094419
vt 0.41242507 0.8079423
vt 0.43497947 0.77019495
vt 0.42066863 0.85043633
vt 0.42142645 0.8094419
vt 0.42967144 0.9003595
vt 0.47216347 0.85179424
vt 0.4506574 0.8548204
vt 0.46637908 0.8583393
vt 0.4603851 0.8448236
vt 0.9099137 0.68482924
vt 0.8315884 0.6783185
vt 0.9099137 0.67831844
vt 0.8315884 0.68482924
vt 0.9099137 0.67831844
vt 0.8315884 0.6718077
vt 0.9099137 0.6718077
vt 0.8315884 0.6783185
vt 0.9099137 0.6718077
vt 0.8315884 0.6652969
vt 0.9099137 0.6652969
vt 0.8315884 0.6718077
vt 0.9099137 0.6652969
vt 0.8315884 0.65878606
vt 0.9099137 0.65878606
vt 0.8315884 0.6652969
vt 0.9099137 0.65878606
vt 0.8315884 0.6522753
vt 0.90991366 0.6522753
vt 0.8315884 0.65878606
vt 0.90991366 0.6522753
vt 0.8315884 0.64576447
vt 0.9099137 0.64576447
vt 0.8315884 0.6522753
vt 0.9099137 0.64576447
vt 0.8315883 0.63925374
vt 0.90991366 0.63925374
vt 0.8315884 0.64576447
vt 0.90991366 0.63925374
vt 0.8315884 0.6327429
vt 0.9099137 0.6327429
vt 0.8315883 0.63925374
vt 0.9750216 0.6587861
vt 0.9437699 0.65878606
vt 0.96548676 0.6357669
vt 0.9654868 0.68180513
vt 0.94246763 0.69134
vt 0.91944855 0.68180513
vt 0.9099137 0.65878606
vt 0.9194485 0.63576686
vt 0.9424677 0.6262321
vt 0.7762111 0.6357669
vt 0.8005324 0.6587861
vt 0.7666763 0.6587861
vt 0.7762111 0.6818052
vt 0.7992302 0.6913401
vt 0.82224935 0.6818052
vt 0.8317842 0.65878606
vt 0.82224935 0.635767
vt 0.7992303 0.6262321

g Slingshot_Suspension1
s 1
usemtl Slingshot_Suspension1
f 3/3/3 2/2/2 1/1/1 
f 2/2/2 4/4/4 1/1/1 
f 5/5/5 4/4/4 2/2/2 
f 8/8/8 7/7/7 6/6/6 
f 11/11/11 10/10/10 9/9/9 
f 14/14/14 13/13/13 12/12/12 
f 13/13/13 15/15/15 12/12/12 
f 18/18/18 17/17/17 16/16/16 
f 17/17/17 19/19/19 16/16/16 
f 22/22/22 21/21/21 20/20/20 
f 21/21/21 23/23/23 20/20/20 
f 26/26/26 25/25/25 24/24/24 
f 25/25/25 27/27/27 24/24/24 
f 30/30/30 29/29/29 28/28/28 
f 29/29/29 31/31/31 28/28/28 
f 34/34/34 33/33/33 32/32/32 
f 33/33/33 35/35/35 32/32/32 
f 38/38/38 37/37/37 36/36/36 
f 37/37/37 39/39/39 36/36/36 
f 42/42/42 41/41/41 40/40/40 
f 41/41/41 43/43/43 40/40/40 
f 46/46/46 45/45/45 44/44/44 
f 45/45/45 47/47/47 44/44/44 
f 50/50/50 49/49/49 48/48/48 
f 49/49/49 51/51/51 48/48/48 
f 54/54/54 53/53/53 52/52/52 
f 53/53/53 55/55/55 52/52/52 
f 58/58/58 57/57/57 56/56/56 
f 57/57/57 59/59/59 56/56/56 
f 62/62/62 61/61/61 60/60/60 
f 61/61/61 63/63/63 60/60/60 
f 66/66/66 65/65/65 64/64/64 
f 65/65/65 67/67/67 64/64/64 
f 70/70/70 69/69/69 68/68/68 
f 69/69/69 71/71/71 68/68/68 
f 74/74/74 73/73/73 72/72/72 
f 73/73/73 75/75/75 72/72/72 
f 78/78/78 77/77/77 76/76/76 
f 77/77/77 79/79/79 76/76/76 
f 78/78/78 80/80/80 77/77/77 
f 80/80/80 81/81/81 77/77/77 
f 80/80/80 82/82/82 81/81/81 
f 82/82/82 83/83/83 81/81/81 
f 82/82/82 84/84/84 83/83/83 
f 84/84/84 85/85/85 83/83/83 
f 79/79/79 77/77/77 86/86/86 
f 87/87/87 79/79/79 86/86/86 
f 76/76/76 79/79/79 87/87/87 
f 86/86/86 88/88/88 87/87/87 
f 88/88/88 89/89/89 87/87/87 
f 87/87/87 89/89/89 90/90/90 
f 91/91/91 87/87/87 90/90/90 
f 91/91/91 76/76/76 87/87/87 
f 92/92/92 88/88/88 86/86/86 
f 93/93/93 92/92/92 86/86/86 
f 94/94/94 92/92/92 93/93/93 
f 95/95/95 94/94/94 93/93/93 
f 93/93/93 81/81/81 95/95/95 
f 81/81/81 83/83/83 95/95/95 
f 96/96/96 94/94/94 95/95/95 
f 97/97/97 96/96/96 95/95/95 
f 95/95/95 83/83/83 97/97/97 
f 83/83/83 85/85/85 97/97/97 
f 94/94/94 96/96/96 98/98/98 
f 96/96/96 99/99/99 98/98/98 
f 100/100/100 96/96/96 97/97/97 
f 96/96/96 100/100/100 99/99/99 
f 101/101/101 100/100/100 97/97/97 
f 102/102/102 100/100/100 101/101/101 
f 103/103/103 102/102/102 101/101/101 
f 104/104/104 102/102/102 103/103/103 
f 105/105/105 104/104/104 103/103/103 
f 102/102/102 104/104/104 106/106/106 
f 104/104/104 107/107/107 106/106/106 
f 108/108/108 105/105/105 103/103/103 
f 109/109/109 108/108/108 103/103/103 
f 100/100/100 102/102/102 110/110/110 
f 100/100/100 110/110/110 99/99/99 
f 111/111/111 106/106/106 110/110/110 
f 112/112/112 109/109/109 101/101/101 
f 112/112/112 101/101/101 97/97/97 
f 113/113/113 112/112/112 97/97/97 
f 104/104/104 105/105/105 114/114/114 
f 105/105/105 115/115/115 114/114/114 
f 115/115/115 105/105/105 108/108/108 
f 114/114/114 115/115/115 116/116/116 
f 115/115/115 117/117/117 116/116/116 
f 116/116/116 117/117/117 118/118/118 
f 117/117/117 119/119/119 118/118/118 
f 118/118/118 119/119/119 120/120/120 
f 121/121/121 118/118/118 120/120/120 
f 118/118/118 121/121/121 122/122/122 
f 123/123/123 118/118/118 122/122/122 
f 116/116/116 118/118/118 123/123/123 
f 119/119/119 124/124/124 120/120/120 
f 124/124/124 125/125/125 120/120/120 
f 121/121/121 120/120/120 126/126/126 
f 120/120/120 125/125/125 126/126/126 
f 127/127/127 121/121/121 126/126/126 
f 122/122/122 121/121/121 128/128/128 
f 121/121/121 127/127/127 128/128/128 
f 125/125/125 129/129/129 126/126/126 
f 127/127/127 126/126/126 130/130/130 
f 126/126/126 129/129/129 130/130/130 
f 131/131/131 127/127/127 130/130/130 
f 131/131/131 130/130/130 132/132/132 
f 133/133/133 131/131/131 132/132/132 
f 133/133/133 132/132/132 134/134/134 
f 135/135/135 133/133/133 134/134/134 
f 135/135/135 134/134/134 136/136/136 
f 137/137/137 135/135/135 136/136/136 
f 137/137/137 136/136/136 138/138/138 
f 139/139/139 137/137/137 138/138/138 
f 139/139/139 138/138/138 140/140/140 
f 131/131/131 133/133/133 141/141/141 
f 142/142/142 131/131/131 141/141/141 
f 128/128/128 127/127/127 142/142/142 
f 127/127/127 131/131/131 142/142/142 
f 143/143/143 138/138/138 136/136/136 
f 144/144/144 143/143/143 136/136/136 
f 144/144/144 136/136/136 134/134/134 
f 143/143/143 144/144/144 145/145/145 
f 143/143/143 145/145/145 138/138/138 
f 144/144/144 146/146/146 145/145/145 
f 147/147/147 146/146/146 144/144/144 
f 148/148/148 147/147/147 144/144/144 
f 148/148/148 144/144/144 134/134/134 
f 149/149/149 147/147/147 148/148/148 
f 150/150/150 149/149/149 148/148/148 
f 151/151/151 149/149/149 150/150/150 
f 152/152/152 151/151/151 150/150/150 
f 145/145/145 153/153/153 138/138/138 
f 138/138/138 153/153/153 154/154/154 
f 150/150/150 148/148/148 132/132/132 
f 148/148/148 134/134/134 132/132/132 
f 149/149/149 151/151/151 155/155/155 
f 151/151/151 156/156/156 155/155/155 
f 151/151/151 152/152/152 156/156/156 
f 152/152/152 130/130/130 156/156/156 
f 152/152/152 150/150/150 130/130/130 
f 150/150/150 132/132/132 130/130/130 
f 129/129/129 156/156/156 157/157/157 
f 160/160/160 159/159/159 158/158/158 
f 159/159/159 161/161/161 158/158/158 
f 160/160/160 162/162/162 159/159/159 
f 162/162/162 163/163/163 159/159/159 
f 162/162/162 164/164/164 163/163/163 
f 164/164/164 165/165/165 163/163/163 
f 160/160/160 158/158/158 89/89/89 
f 88/88/88 160/160/160 89/89/89 
f 162/162/162 160/160/160 88/88/88 
f 89/89/89 158/158/158 90/90/90 
f 158/158/158 161/161/161 90/90/90 
f 92/92/92 162/162/162 88/88/88 
f 164/164/164 162/162/162 92/92/92 
f 94/94/94 164/164/164 92/92/92 
f 165/165/165 164/164/164 94/94/94 
f 98/98/98 165/165/165 94/94/94 
f 168/168/168 167/167/167 166/166/166 
f 167/167/167 169/169/169 166/166/166 
f 168/168/168 170/170/170 167/167/167 
f 170/170/170 171/171/171 167/167/167 
f 170/170/170 172/172/172 171/171/171 
f 172/172/172 173/173/173 171/171/171 
f 172/172/172 174/174/174 173/173/173 
f 174/174/174 175/175/175 173/173/173 
f 174/174/174 176/176/176 175/175/175 
f 176/176/176 177/177/177 175/175/175 
f 176/176/176 178/178/178 177/177/177 
f 178/178/178 179/179/179 177/177/177 
f 178/178/178 180/180/180 179/179/179 
f 180/180/180 181/181/181 179/179/179 
f 167/167/167 182/182/182 169/169/169 
f 182/182/182 183/183/183 169/169/169 
f 173/173/173 184/184/184 171/171/171 
f 184/184/184 185/185/185 171/171/171 
f 171/171/171 185/185/185 167/167/167 
f 185/185/185 182/182/182 167/167/167 
f 175/175/175 186/186/186 173/173/173 
f 186/186/186 184/184/184 173/173/173 
f 180/180/180 187/187/187 181/181/181 
f 187/187/187 188/188/188 181/181/181 
f 187/187/187 189/189/189 188/188/188 
f 189/189/189 190/190/190 188/188/188 
f 189/189/189 191/191/191 190/190/190 
f 191/191/191 192/192/192 190/190/190 
f 192/192/192 191/191/191 193/193/193 
f 191/191/191 194/194/194 193/193/193 
f 193/193/193 194/194/194 195/195/195 
f 194/194/194 196/196/196 195/195/195 
f 195/195/195 196/196/196 197/197/197 
f 196/196/196 198/198/198 197/197/197 
f 197/197/197 198/198/198 199/199/199 
f 198/198/198 200/200/200 199/199/199 
f 199/199/199 200/200/200 201/201/201 
f 200/200/200 202/202/202 201/201/201 
f 201/201/201 202/202/202 203/203/203 
f 202/202/202 204/204/204 203/203/203 
f 203/203/203 204/204/204 205/205/205 
f 206/206/206 203/203/203 205/205/205 
f 207/207/207 203/203/203 206/206/206 
f 208/208/208 207/207/207 206/206/206 
f 207/207/207 209/209/209 203/203/203 
f 209/209/209 201/201/201 203/203/203 
f 209/209/209 210/210/210 201/201/201 
f 210/210/210 199/199/199 201/201/201 
f 211/211/211 205/205/205 204/204/204 
f 212/212/212 211/211/211 204/204/204 
f 212/212/212 204/204/204 202/202/202 
f 213/213/213 212/212/212 202/202/202 
f 213/213/213 202/202/202 200/200/200 
f 214/214/214 213/213/213 200/200/200 
f 109/109/109 216/216/216 215/215/215 
f 86/86/86 77/77/77 93/93/93 
f 77/77/77 81/81/81 93/93/93 
f 217/217/217 85/85/85 113/113/113 
f 85/85/85 84/84/84 113/113/113 
f 166/166/166 218/218/218 168/168/168 
f 218/218/218 219/219/219 168/168/168 
f 168/168/168 219/219/219 170/170/170 
f 219/219/219 220/220/220 170/170/170 
f 170/170/170 220/220/220 172/172/172 
f 220/220/220 221/221/221 172/172/172 
f 224/224/224 223/223/223 222/222/222 
f 223/223/223 225/225/225 222/222/222 
f 226/226/226 225/225/225 223/223/223 
f 227/227/227 226/226/226 223/223/223 
f 228/228/228 226/226/226 227/227/227 
f 229/229/229 228/228/228 227/227/227 
f 222/222/222 225/225/225 139/139/139 
f 225/225/225 137/137/137 139/139/139 
f 225/225/225 226/226/226 137/137/137 
f 224/224/224 222/222/222 230/230/230 
f 222/222/222 139/139/139 140/140/140 
f 226/226/226 135/135/135 137/137/137 
f 226/226/226 228/228/228 135/135/135 
f 228/228/228 133/133/133 135/135/135 
f 228/228/228 229/229/229 231/231/231 
f 229/229/229 141/141/141 231/231/231 
f 124/124/124 119/119/119 232/232/232 
f 119/119/119 117/117/117 232/232/232 
f 232/232/232 117/117/117 233/233/233 
f 117/117/117 115/115/115 233/233/233 
f 233/233/233 115/115/115 108/108/108 
f 234/234/234 116/116/116 123/123/123 
f 114/114/114 116/116/116 234/234/234 
f 235/235/235 114/114/114 234/234/234 
f 104/104/104 114/114/114 235/235/235 
f 107/107/107 104/104/104 235/235/235 
f 238/238/238 237/237/237 236/236/236 
f 237/237/237 239/239/239 236/236/236 
f 238/238/238 240/240/240 237/237/237 
f 240/240/240 241/241/241 237/237/237 
f 240/240/240 242/242/242 241/241/241 
f 242/242/242 243/243/243 241/241/241 
f 242/242/242 244/244/244 243/243/243 
f 244/244/244 245/245/245 243/243/243 
f 238/238/238 236/236/236 246/246/246 
f 247/247/247 238/238/238 246/246/246 
f 240/240/240 238/238/238 247/247/247 
f 247/247/247 246/246/246 248/248/248 
f 249/249/249 247/247/247 248/248/248 
f 246/246/246 250/250/250 248/248/248 
f 246/246/246 236/236/236 250/250/250 
f 236/236/236 239/239/239 250/250/250 
f 250/250/250 251/251/251 248/248/248 
f 249/249/249 252/252/252 247/247/247 
f 252/252/252 253/253/253 247/247/247 
f 253/253/253 240/240/240 247/247/247 
f 242/242/242 240/240/240 253/253/253 
f 252/252/252 254/254/254 253/253/253 
f 254/254/254 255/255/255 253/253/253 
f 255/255/255 242/242/242 253/253/253 
f 244/244/244 242/242/242 255/255/255 
f 254/254/254 256/256/256 255/255/255 
f 257/257/257 256/256/256 254/254/254 
f 258/258/258 257/257/257 254/254/254 
f 256/256/256 259/259/259 255/255/255 
f 259/259/259 244/244/244 255/255/255 
f 245/245/245 244/244/244 259/259/259 
f 257/257/257 260/260/260 256/256/256 
f 260/260/260 261/261/261 256/256/256 
f 260/260/260 262/262/262 261/261/261 
f 262/262/262 263/263/263 261/261/261 
f 262/262/262 264/264/264 263/263/263 
f 264/264/264 265/265/265 263/263/263 
f 263/263/263 265/265/265 266/266/266 
f 265/265/265 267/267/267 266/266/266 
f 266/266/266 267/267/267 268/268/268 
f 267/267/267 269/269/269 268/268/268 
f 263/263/263 266/266/266 270/270/270 
f 271/271/271 263/263/263 270/270/270 
f 271/271/271 270/270/270 259/259/259 
f 270/270/270 266/266/266 272/272/272 
f 266/266/266 268/268/268 272/272/272 
f 259/259/259 270/270/270 273/273/273 
f 270/270/270 272/272/272 273/273/273 
f 273/273/273 245/245/245 259/259/259 
f 274/274/274 269/269/269 267/267/267 
f 275/275/275 274/274/274 267/267/267 
f 275/275/275 267/267/267 265/265/265 
f 276/276/276 275/275/275 265/265/265 
f 276/276/276 265/265/265 264/264/264 
f 277/277/277 276/276/276 264/264/264 
f 278/278/278 274/274/274 275/275/275 
f 279/279/279 278/278/278 275/275/275 
f 279/279/279 275/275/275 276/276/276 
f 280/280/280 279/279/279 276/276/276 
f 280/280/280 276/276/276 277/277/277 
f 280/280/280 281/281/281 279/279/279 
f 281/281/281 282/282/282 279/279/279 
f 281/281/281 283/283/283 282/282/282 
f 283/283/283 284/284/284 282/282/282 
f 283/283/283 285/285/285 284/284/284 
f 285/285/285 286/286/286 284/284/284 
f 286/286/286 285/285/285 287/287/287 
f 285/285/285 288/288/288 287/287/287 
f 285/285/285 289/289/289 288/288/288 
f 289/289/289 290/290/290 288/288/288 
f 286/286/286 287/287/287 291/291/291 
f 292/292/292 286/286/286 291/291/291 
f 288/288/288 290/290/290 293/293/293 
f 290/290/290 294/294/294 293/293/293 
f 287/287/287 288/288/288 295/295/295 
f 288/288/288 293/293/293 295/295/295 
f 291/291/291 287/287/287 296/296/296 
f 287/287/287 295/295/295 296/296/296 
f 293/293/293 294/294/294 297/297/297 
f 294/294/294 298/298/298 297/297/297 
f 297/297/297 298/298/298 299/299/299 
f 298/298/298 300/300/300 299/299/299 
f 295/295/295 293/293/293 301/301/301 
f 293/293/293 297/297/297 301/301/301 
f 301/301/301 297/297/297 302/302/302 
f 297/297/297 303/303/303 302/302/302 
f 302/302/302 303/303/303 304/304/304 
f 303/303/303 305/305/305 304/304/304 
f 304/304/304 305/305/305 306/306/306 
f 305/305/305 307/307/307 306/306/306 
f 306/306/306 307/307/307 308/308/308 
f 309/309/309 306/306/306 308/308/308 
f 310/310/310 309/309/309 308/308/308 
f 311/311/311 310/310/310 308/308/308 
f 312/312/312 306/306/306 309/309/309 
f 313/313/313 312/312/312 309/309/309 
f 313/313/313 309/309/309 310/310/310 
f 314/314/314 312/312/312 313/313/313 
f 315/315/315 314/314/314 313/313/313 
f 315/315/315 313/313/313 310/310/310 
f 316/316/316 312/312/312 314/314/314 
f 312/312/312 316/316/316 306/306/306 
f 316/316/316 304/304/304 306/306/306 
f 317/317/317 316/316/316 314/314/314 
f 318/318/318 316/316/316 317/317/317 
f 316/316/316 318/318/318 304/304/304 
f 319/319/319 318/318/318 317/317/317 
f 320/320/320 318/318/318 319/319/319 
f 321/321/321 320/320/320 319/319/319 
f 318/318/318 320/320/320 302/302/302 
f 318/318/318 302/302/302 304/304/304 
f 320/320/320 301/301/301 302/302/302 
f 320/320/320 321/321/321 301/301/301 
f 321/321/321 322/322/322 301/301/301 
f 295/295/295 301/301/301 322/322/322 
f 296/296/296 295/295/295 322/322/322 
f 325/325/325 324/324/324 323/323/323 
f 324/324/324 326/326/326 323/323/323 
f 327/327/327 324/324/324 325/325/325 
f 328/328/328 327/327/327 325/325/325 
f 329/329/329 327/327/327 328/328/328 
f 330/330/330 329/329/329 328/328/328 
f 331/331/331 329/329/329 330/330/330 
f 332/332/332 331/331/331 330/330/330 
f 333/333/333 331/331/331 332/332/332 
f 334/334/334 333/333/333 332/332/332 
f 335/335/335 333/333/333 334/334/334 
f 336/336/336 335/335/335 334/334/334 
f 337/337/337 335/335/335 336/336/336 
f 338/338/338 337/337/337 336/336/336 
f 323/323/323 339/339/339 325/325/325 
f 339/339/339 340/340/340 325/325/325 
f 325/325/325 340/340/340 328/328/328 
f 340/340/340 341/341/341 328/328/328 
f 328/328/328 341/341/341 330/330/330 
f 341/341/341 342/342/342 330/330/330 
f 330/330/330 342/342/342 332/332/332 
f 342/342/342 343/343/343 332/332/332 
f 344/344/344 337/337/337 338/338/338 
f 345/345/345 344/344/344 338/338/338 
f 346/346/346 344/344/344 345/345/345 
f 347/347/347 346/346/346 345/345/345 
f 349/349/349 348/348/348 347/347/347 
f 348/348/348 350/350/350 347/347/347 
f 348/348/348 351/351/351 350/350/350 
f 351/351/351 352/352/352 350/350/350 
f 351/351/351 353/353/353 352/352/352 
f 353/353/353 354/354/354 352/352/352 
f 352/352/352 354/354/354 355/355/355 
f 355/355/355 354/354/354 356/356/356 
f 357/357/357 355/355/355 356/356/356 
f 357/357/357 356/356/356 358/358/358 
f 359/359/359 357/357/357 358/358/358 
f 359/359/359 358/358/358 360/360/360 
f 361/361/361 359/359/359 360/360/360 
f 361/361/361 360/360/360 362/362/362 
f 363/363/363 361/361/361 362/362/362 
f 363/363/363 362/362/362 364/364/364 
f 365/365/365 363/363/363 364/364/364 
f 365/365/365 364/364/364 366/366/366 
f 367/367/367 365/365/365 366/366/366 
f 367/367/367 366/366/366 368/368/368 
f 369/369/369 367/367/367 368/368/368 
f 370/370/370 368/368/368 366/366/366 
f 371/371/371 370/370/370 366/366/366 
f 371/371/371 366/366/366 364/364/364 
f 372/372/372 371/371/371 364/364/364 
f 372/372/372 364/364/364 362/362/362 
f 373/373/373 372/372/372 362/362/362 
f 373/373/373 362/362/362 360/360/360 
f 374/374/374 373/373/373 360/360/360 
f 375/375/375 367/367/367 369/369/369 
f 376/376/376 375/375/375 369/369/369 
f 375/375/375 377/377/377 367/367/367 
f 377/377/377 365/365/365 367/367/367 
f 377/377/377 378/378/378 365/365/365 
f 378/378/378 363/363/363 365/365/365 
f 381/381/381 380/380/380 379/379/379 
f 380/380/380 382/382/382 379/379/379 
f 381/381/381 383/383/383 380/380/380 
f 383/383/383 384/384/384 380/380/380 
f 383/383/383 385/385/385 384/384/384 
f 385/385/385 386/386/386 384/384/384 
f 382/382/382 380/380/380 249/249/249 
f 248/248/248 382/382/382 249/249/249 
f 379/379/379 382/382/382 248/248/248 
f 251/251/251 379/379/379 248/248/248 
f 249/249/249 380/380/380 252/252/252 
f 380/380/380 384/384/384 252/252/252 
f 386/386/386 385/385/385 258/258/258 
f 254/254/254 386/386/386 258/258/258 
f 252/252/252 384/384/384 254/254/254 
f 384/384/384 386/386/386 254/254/254 
f 256/256/256 387/387/387 259/259/259 
f 324/324/324 388/388/388 326/326/326 
f 388/388/388 389/389/389 326/326/326 
f 390/390/390 388/388/388 324/324/324 
f 327/327/327 390/390/390 324/324/324 
f 391/391/391 390/390/390 327/327/327 
f 329/329/329 391/391/391 327/327/327 
f 394/394/394 393/393/393 392/392/392 
f 393/393/393 395/395/395 392/392/392 
f 396/396/396 395/395/395 393/393/393 
f 397/397/397 396/396/396 393/393/393 
f 398/398/398 396/396/396 397/397/397 
f 399/399/399 398/398/398 397/397/397 
f 393/393/393 394/394/394 307/307/307 
f 394/394/394 308/308/308 307/307/307 
f 394/394/394 392/392/392 308/308/308 
f 392/392/392 311/311/311 308/308/308 
f 397/397/397 393/393/393 305/305/305 
f 393/393/393 307/307/307 305/305/305 
f 398/398/398 399/399/399 400/400/400 
f 399/399/399 303/303/303 400/400/400 
f 399/399/399 397/397/397 303/303/303 
f 397/397/397 305/305/305 303/303/303 
f 401/401/401 352/352/352 355/355/355 
f 402/402/402 352/352/352 401/401/401 
f 402/402/402 403/403/403 352/352/352 
f 403/403/403 350/350/350 352/352/352 
f 403/403/403 404/404/404 350/350/350 
f 404/404/404 405/405/405 350/350/350 
f 407/407/407 406/406/406 401/401/401 
f 408/408/408 406/406/406 407/407/407 
f 409/409/409 408/408/408 407/407/407 
f 410/410/410 408/408/408 409/409/409 
f 411/411/411 410/410/410 409/409/409 
f 409/409/409 407/407/407 412/412/412 
f 407/407/407 401/401/401 412/412/412 
f 410/410/410 411/411/411 413/413/413 
f 411/411/411 346/346/346 413/413/413 
f 411/411/411 409/409/409 346/346/346 
f 409/409/409 412/412/412 346/346/346 
f 416/416/416 415/415/415 414/414/414 
f 415/415/415 416/416/416 417/417/417 
f 416/416/416 418/418/418 417/417/417 
f 417/417/417 418/418/418 292/292/292 
f 418/418/418 286/286/286 292/292/292 
f 418/418/418 419/419/419 286/286/286 
f 419/419/419 284/284/284 286/286/286 
f 419/419/419 420/420/420 284/284/284 
f 420/420/420 282/282/282 284/284/284 
f 420/420/420 421/421/421 282/282/282 
f 421/421/421 279/279/279 282/282/282 
f 421/421/421 422/422/422 279/279/279 
f 422/422/422 278/278/278 279/279/279 
f 416/416/416 423/423/423 418/418/418 
f 423/423/423 419/419/419 418/418/418 
f 423/423/423 424/424/424 419/419/419 
f 424/424/424 420/420/420 419/419/419 
f 425/425/425 422/422/422 421/421/421 
f 426/426/426 425/425/425 421/421/421 
f 424/424/424 426/426/426 420/420/420 
f 426/426/426 421/421/421 420/420/420 
f 427/427/427 425/425/425 426/426/426 
f 429/429/429 427/427/427 428/428/428 
f 430/430/430 429/429/429 428/428/428 
f 415/415/415 429/429/429 430/430/430 
f 428/428/428 427/427/427 431/431/431 
f 433/433/433 432/432/432 285/285/285 
f 432/432/432 289/289/289 285/285/285 
f 434/434/434 432/432/432 433/433/433 
f 435/435/435 434/434/434 433/433/433 
f 436/436/436 434/434/434 435/435/435 
f 280/280/280 436/436/436 435/435/435 
f 436/436/436 280/280/280 277/277/277 
f 438/438/438 437/437/437 351/351/351 
f 437/437/437 353/353/353 351/351/351 
f 438/438/438 351/351/351 348/348/348 
f 439/439/439 438/438/438 348/348/348 
f 439/439/439 348/348/348 349/349/349 
f 440/440/440 439/439/439 349/349/349 
f 443/443/443 442/442/442 441/441/441 
f 442/442/442 444/444/444 441/441/441 
f 447/447/447 446/446/446 445/445/445 
f 446/446/446 448/448/448 445/445/445 
f 450/450/450 446/446/446 449/449/449 
f 452/452/452 450/450/450 451/451/451 
f 455/455/455 454/454/454 453/453/453 
f 457/457/457 456/456/456 453/453/453 
f 460/460/460 459/459/459 458/458/458 
f 459/459/459 462/462/462 461/461/461 
f 462/462/462 459/459/459 463/463/463 
f 459/459/459 464/464/464 463/463/463 
f 467/467/467 466/466/466 465/465/465 
f 466/466/466 469/469/469 468/468/468 
f 470/470/470 469/469/469 466/466/466 
f 471/471/471 470/470/470 466/466/466 
f 468/468/468 469/469/469 472/472/472 
f 469/469/469 473/473/473 472/472/472 
f 473/473/473 469/469/469 470/470/470 
f 474/474/474 473/473/473 470/470/470 
f 475/475/475 470/470/470 471/471/471 
f 476/476/476 475/475/475 471/471/471 
f 479/479/479 478/478/478 477/477/477 
f 478/478/478 480/480/480 477/477/477 
f 479/479/479 477/477/477 481/481/481 
f 482/482/482 479/479/479 481/481/481 
f 481/481/481 477/477/477 483/483/483 
f 477/477/477 484/484/484 483/483/483 
f 477/477/477 480/480/480 484/484/484 
f 480/480/480 485/485/485 484/484/484 
f 486/486/486 482/482/482 481/481/481 
f 487/487/487 486/486/486 481/481/481 
f 490/490/490 489/489/489 488/488/488 
f 489/489/489 491/491/491 488/488/488 
f 494/494/494 493/493/493 492/492/492 
f 496/496/496 495/495/495 492/492/492 
f 499/499/499 498/498/498 497/497/497 
f 498/498/498 500/500/500 497/497/497 
f 503/503/503 502/502/502 501/501/501 
f 502/502/502 504/504/504 501/501/501 
f 505/505/505 502/502/502 503/503/503 
f 506/506/506 505/505/505 503/503/503 
f 509/509/509 508/508/508 507/507/507 
f 508/508/508 510/510/510 507/507/507 
f 511/511/511 508/508/508 509/509/509 
f 512/512/512 511/511/511 509/509/509 
f 511/511/511 513/513/513 508/508/508 
f 513/513/513 514/514/514 508/508/508 
f 508/508/508 514/514/514 515/515/515 
f 514/514/514 516/516/516 515/515/515 
f 517/517/517 511/511/511 512/512/512 
f 518/518/518 517/517/517 512/512/512 
f 521/521/521 520/520/520 519/519/519 
f 520/520/520 522/522/522 519/519/519 
f 525/525/525 524/524/524 523/523/523 
f 526/526/526 524/524/524 525/525/525 
f 524/524/524 528/528/528 527/527/527 
f 530/530/530 526/526/526 529/529/529 
f 533/533/533 532/532/532 531/531/531 
f 536/536/536 535/535/535 534/534/534 
f 539/539/539 538/538/538 537/537/537 
f 541/541/541 540/540/540 537/537/537 
f 544/544/544 543/543/543 542/542/542 
f 543/543/543 545/545/545 542/542/542 
f 548/548/548 547/547/547 546/546/546 
f 550/550/550 549/549/549 546/546/546 
f 553/553/553 552/552/552 551/551/551 
f 552/552/552 554/554/554 551/551/551 
f 557/557/557 556/556/556 555/555/555 
f 559/559/559 558/558/558 555/555/555 
f 562/562/562 561/561/561 560/560/560 
f 561/561/561 563/563/563 560/560/560 
f 566/566/566 565/565/565 564/564/564 
f 565/565/565 567/567/567 564/564/564 
f 568/568/568 565/565/565 566/566/566 
f 569/569/569 568/568/568 566/566/566 
f 572/572/572 571/571/571 570/570/570 
f 571/571/571 573/573/573 570/570/570 
f 574/574/574 571/571/571 572/572/572 
f 575/575/575 574/574/574 572/572/572 
f 578/578/578 577/577/577 576/576/576 
f 577/577/577 579/579/579 576/576/576 
f 580/580/580 577/577/577 578/578/578 
f 581/581/581 580/580/580 578/578/578 
f 584/584/584 583/583/583 582/582/582 
f 583/583/583 585/585/585 582/582/582 
f 586/586/586 584/584/584 582/582/582 
f 587/587/587 586/586/586 582/582/582 
f 590/590/590 589/589/589 588/588/588 
f 589/589/589 591/591/591 588/588/588 
f 594/594/594 593/593/593 592/592/592 
f 593/593/593 595/595/595 592/592/592 
f 598/598/598 597/597/597 596/596/596 
f 597/597/597 599/599/599 596/596/596 
f 602/602/602 601/601/601 600/600/600 
f 601/601/601 604/604/604 603/603/603 
f 607/607/607 606/606/606 605/605/605 
f 610/610/610 609/609/609 608/608/608 
f 613/613/613 612/612/612 611/611/611 
f 612/612/612 614/614/614 611/611/611 
f 615/615/615 614/614/614 612/612/612 
f 616/616/616 615/615/615 612/612/612 
f 619/619/619 618/618/618 617/617/617 
f 618/618/618 620/620/620 617/617/617 
f 619/619/619 617/617/617 621/621/621 
f 622/622/622 619/619/619 621/621/621 
f 625/625/625 624/624/624 623/623/623 
f 624/624/624 626/626/626 623/623/623 
f 629/629/629 628/628/628 627/627/627 
f 628/628/628 630/630/630 627/627/627 
f 633/633/633 632/632/632 631/631/631 
f 632/632/632 634/634/634 631/631/631 
f 637/637/637 636/636/636 635/635/635 
f 636/636/636 638/638/638 635/635/635 
f 641/641/641 640/640/640 639/639/639 
f 640/640/640 642/642/642 639/639/639 
f 645/645/645 644/644/644 643/643/643 
f 644/644/644 646/646/646 643/643/643 
f 649/649/649 648/648/648 647/647/647 
f 648/648/648 650/650/650 647/647/647 
f 653/653/653 652/652/652 651/651/651 
f 652/652/652 654/654/654 651/651/651 
f 657/657/657 656/656/656 655/655/655 
f 656/656/656 658/658/658 655/655/655 
f 661/661/661 660/660/660 659/659/659 
f 660/660/660 662/662/662 659/659/659 
f 665/665/665 664/664/664 663/663/663 
f 664/664/664 666/666/666 663/663/663 
f 669/669/669 668/668/668 667/667/667 
f 669/669/669 667/667/667 670/670/670 
f 671/671/671 669/669/669 670/670/670 
f 671/671/671 670/670/670 672/672/672 
f 673/673/673 671/671/671 672/672/672 
f 668/668/668 673/673/673 674/674/674 
f 673/673/673 672/672/672 674/674/674 
f 675/675/675 674/674/674 667/667/667 
f 678/678/678 677/677/677 676/676/676 
f 677/677/677 679/679/679 676/676/676 
f 682/682/682 681/681/681 680/680/680 
f 681/681/681 684/684/684 683/683/683 
f 687/687/687 686/686/686 685/685/685 
f 686/686/686 688/688/688 685/685/685 
f 691/691/691 690/690/690 689/689/689 
f 690/690/690 693/693/693 692/692/692 
f 696/696/696 695/695/695 694/694/694 
f 695/695/695 697/697/697 694/694/694 
f 700/700/700 699/699/699 698/698/698 
f 699/699/699 702/702/702 701/701/701 
f 705/705/705 704/704/704 703/703/703 
f 704/704/704 706/706/706 703/703/703 
f 709/709/709 708/708/708 707/707/707 
f 708/708/708 710/710/710 707/707/707 
f 713/713/713 712/712/712 711/711/711 
f 712/712/712 714/714/714 711/711/711 
f 717/717/717 716/716/716 715/715/715 
f 716/716/716 718/718/718 715/715/715 
f 721/721/721 720/720/720 719/719/719 
f 720/720/720 722/722/722 719/719/719 
f 725/725/725 724/724/724 723/723/723 
f 724/724/724 726/726/726 723/723/723 
f 729/729/729 728/728/728 727/727/727 
f 728/728/728 730/730/730 727/727/727 
f 729/729/729 727/727/727 731/731/731 
f 732/732/732 729/729/729 731/731/731 
f 732/732/732 731/731/731 733/733/733 
f 734/734/734 732/732/732 733/733/733 
f 734/734/734 733/733/733 735/735/735 
f 736/736/736 734/734/734 735/735/735 
f 736/736/736 735/735/735 737/737/737 
f 738/738/738 736/736/736 737/737/737 
f 738/738/738 737/737/737 739/739/739 
f 740/740/740 738/738/738 739/739/739 
f 740/740/740 739/739/739 741/741/741 
f 742/742/742 740/740/740 741/741/741 
f 742/742/742 741/741/741 743/743/743 
f 744/744/744 742/742/742 743/743/743 
f 745/745/745 743/743/743 741/741/741 
f 746/746/746 741/741/741 739/739/739 
f 747/747/747 739/739/739 737/737/737 
f 748/748/748 737/737/737 735/735/735 
f 748/748/748 735/735/735 733/733/733 
f 748/748/748 733/733/733 731/731/731 
f 749/749/749 731/731/731 727/727/727 
f 750/750/750 727/727/727 730/730/730 
f 753/753/753 752/752/752 751/751/751 
f 752/752/752 754/754/754 751/751/751 
f 753/753/753 751/751/751 755/755/755 
f 756/756/756 753/753/753 755/755/755 
f 756/756/756 755/755/755 757/757/757 
f 758/758/758 756/756/756 757/757/757 
f 752/752/752 759/759/759 754/754/754 
f 759/759/759 760/760/760 754/754/754 
f 759/759/759 761/761/761 760/760/760 
f 761/761/761 762/762/762 760/760/760 
f 761/761/761 763/763/763 762/762/762 
f 763/763/763 764/764/764 762/762/762 
f 763/763/763 765/765/765 764/764/764 
f 765/765/765 729/729/729 764/764/764 
f 765/765/765 766/766/766 729/729/729 
f 767/767/767 766/766/766 765/765/765 
f 768/768/768 767/767/767 765/765/765 
f 768/768/768 765/765/765 763/763/763 
f 769/769/769 768/768/768 763/763/763 
f 769/769/769 763/763/763 761/761/761 
f 770/770/770 769/769/769 761/761/761 
f 770/770/770 761/761/761 759/759/759 
f 771/771/771 770/770/770 759/759/759 
f 771/771/771 759/759/759 772/772/772 
f 773/773/773 771/771/771 772/772/772 
f 773/773/773 772/772/772 753/753/753 
f 774/774/774 773/773/773 753/753/753 
f 774/774/774 753/753/753 775/775/775 
f 776/776/776 774/774/774 775/775/775 
f 776/776/776 775/775/775 777/777/777 
f 778/778/778 776/776/776 777/777/777 
f 779/779/779 773/773/773 774/774/774 
f 780/780/780 779/779/779 774/774/774 
f 780/780/780 774/774/774 776/776/776 
f 781/781/781 780/780/780 776/776/776 
f 781/781/781 776/776/776 778/778/778 
f 782/782/782 781/781/781 778/778/778 
f 783/783/783 768/768/768 769/769/769 
f 784/784/784 783/783/783 769/769/769 
f 785/785/785 784/784/784 770/770/770 
f 786/786/786 785/785/785 771/771/771 
f 779/779/779 786/786/786 773/773/773 
f 786/786/786 771/771/771 773/773/773 
f 785/785/785 770/770/770 771/771/771 
f 784/784/784 769/769/769 770/770/770 
f 787/787/787 779/779/779 780/780/780 
f 788/788/788 787/787/787 780/780/780 
f 788/788/788 780/780/780 781/781/781 
f 789/789/789 788/788/788 781/781/781 
f 789/789/789 781/781/781 782/782/782 
f 790/790/790 789/789/789 782/782/782 
f 791/791/791 783/783/783 784/784/784 
f 791/791/791 792/792/792 783/783/783 
f 792/792/792 793/793/793 783/783/783 
f 783/783/783 793/793/793 768/768/768 
f 793/793/793 767/767/767 768/768/768 
f 794/794/794 791/791/791 784/784/784 
f 794/794/794 784/784/784 785/785/785 
f 795/795/795 794/794/794 785/785/785 
f 795/795/795 785/785/785 786/786/786 
f 796/796/796 795/795/795 786/786/786 
f 787/787/787 796/796/796 779/779/779 
f 796/796/796 786/786/786 779/779/779 
f 798/798/798 797/797/797 729/729/729 
f 801/801/801 800/800/800 799/799/799 
f 800/800/800 802/802/802 799/799/799 
f 800/800/800 803/803/803 802/802/802 
f 803/803/803 804/804/804 802/802/802 
f 803/803/803 805/805/805 804/804/804 
f 805/805/805 806/806/806 804/804/804 
f 805/805/805 807/807/807 806/806/806 
f 807/807/807 808/808/808 806/806/806 
f 807/807/807 809/809/809 808/808/808 
f 809/809/809 810/810/810 808/808/808 
f 809/809/809 811/811/811 810/810/810 
f 811/811/811 812/812/812 810/810/810 
f 811/811/811 813/813/813 812/812/812 
f 813/813/813 814/814/814 812/812/812 
f 813/813/813 815/815/815 814/814/814 
f 815/815/815 816/816/816 814/814/814 
f 817/817/817 807/807/807 805/805/805 
f 818/818/818 817/817/817 805/805/805 
f 818/818/818 805/805/805 803/803/803 
f 819/819/819 818/818/818 803/803/803 
f 820/820/820 815/815/815 813/813/813 
f 821/821/821 820/820/820 813/813/813 
f 821/821/821 813/813/813 811/811/811 
f 822/822/822 821/821/821 811/811/811 
f 822/822/822 811/811/811 809/809/809 
f 823/823/823 822/822/822 809/809/809 
f 817/817/817 823/823/823 807/807/807 
f 823/823/823 809/809/809 807/807/807 
f 824/824/824 817/817/817 818/818/818 
f 825/825/825 824/824/824 818/818/818 
f 825/825/825 818/818/818 819/819/819 
f 826/826/826 825/825/825 819/819/819 
f 826/826/826 819/819/819 827/827/827 
f 827/827/827 819/819/819 800/800/800 
f 819/819/819 803/803/803 800/800/800 
f 827/827/827 800/800/800 801/801/801 
f 828/828/828 827/827/827 801/801/801 
f 829/829/829 826/826/826 827/827/827 
f 829/829/829 827/827/827 828/828/828 
f 830/830/830 829/829/829 828/828/828 
f 831/831/831 820/820/820 821/821/821 
f 832/832/832 831/831/831 821/821/821 
f 832/832/832 821/821/821 822/822/822 
f 833/833/833 832/832/832 822/822/822 
f 833/833/833 822/822/822 823/823/823 
f 834/834/834 833/833/833 823/823/823 
f 824/824/824 834/834/834 817/817/817 
f 834/834/834 823/823/823 817/817/817 
f 835/835/835 834/834/834 824/824/824 
f 836/836/836 825/825/825 826/826/826 
f 837/837/837 826/826/826 829/829/829 
f 838/838/838 837/837/837 829/829/829 
f 838/838/838 829/829/829 830/830/830 
f 839/839/839 838/838/838 830/830/830 
f 840/840/840 831/831/831 832/832/832 
f 841/841/841 840/840/840 832/832/832 
f 842/842/842 832/832/832 833/833/833 
f 835/835/835 843/843/843 834/834/834 
f 843/843/843 833/833/833 834/834/834 
f 843/843/843 844/844/844 833/833/833 
f 845/845/845 837/837/837 838/838/838 
f 845/845/845 846/846/846 837/837/837 
f 846/846/846 847/847/847 837/837/837 
f 837/837/837 847/847/847 826/826/826 
f 848/848/848 845/845/845 838/838/838 
f 848/848/848 838/838/838 839/839/839 
f 849/849/849 848/848/848 839/839/839 
f 850/850/850 840/840/840 841/841/841 
f 851/851/851 850/850/850 841/841/841 
f 852/852/852 844/844/844 843/843/843 
f 853/853/853 852/852/852 843/843/843 
f 853/853/853 843/843/843 835/835/835 
f 854/854/854 853/853/853 835/835/835 
f 854/854/854 835/835/835 855/855/855 
f 855/855/855 835/835/835 824/824/824 
f 855/855/855 824/824/824 825/825/825 
f 856/856/856 855/855/855 825/825/825 
f 857/857/857 854/854/854 855/855/855 
f 857/857/857 855/855/855 856/856/856 
f 858/858/858 857/857/857 856/856/856 
f 861/861/861 860/860/860 859/859/859 
f 861/861/861 862/862/862 860/860/860 
f 861/861/861 863/863/863 862/862/862 
f 861/861/861 864/864/864 863/863/863 
f 861/861/861 865/865/865 864/864/864 
f 861/861/861 866/866/866 865/865/865 
f 861/861/861 867/867/867 866/866/866 
f 861/861/861 859/859/859 867/867/867 
f 870/870/870 869/869/869 868/868/868 
f 869/869/869 871/871/871 868/868/868 
f 869/869/869 872/872/872 871/871/871 
f 872/872/872 873/873/873 871/871/871 
f 872/872/872 874/874/874 873/873/873 
f 874/874/874 875/875/875 873/873/873 
f 874/874/874 876/876/876 875/875/875 
f 876/876/876 877/877/877 875/875/875 
f 876/876/876 878/878/878 877/877/877 
f 878/878/878 879/879/879 877/877/877 
f 878/878/878 880/880/880 879/879/879 
f 880/880/880 881/881/881 879/879/879 
f 880/880/880 882/882/882 881/881/881 
f 882/882/882 883/883/883 881/881/881 
f 882/882/882 884/884/884 883/883/883 
f 884/884/884 885/885/885 883/883/883 
f 888/888/888 887/887/887 886/886/886 
f 887/887/887 889/889/889 886/886/886 
f 887/887/887 890/890/890 889/889/889 
f 890/890/890 891/891/891 889/889/889 
f 890/890/890 892/892/892 891/891/891 
f 892/892/892 893/893/893 891/891/891 
f 892/892/892 894/894/894 893/893/893 
f 894/894/894 895/895/895 893/893/893 
f 894/894/894 896/896/896 895/895/895 
f 896/896/896 897/897/897 895/895/895 
f 896/896/896 898/898/898 897/897/897 
f 898/898/898 899/899/899 897/897/897 
f 898/898/898 900/900/900 899/899/899 
f 900/900/900 901/901/901 899/899/899 
f 900/900/900 902/902/902 901/901/901 
f 902/902/902 903/903/903 901/901/901 
f 906/906/906 905/905/905 904/904/904 
f 906/906/906 904/904/904 907/907/907 
f 906/906/906 907/907/907 908/908/908 
f 906/906/906 908/908/908 909/909/909 
f 906/906/906 909/909/909 910/910/910 
f 906/906/906 910/910/910 911/911/911 
f 906/906/906 911/911/911 912/912/912 
f 906/906/906 912/912/912 905/905/905 
f 915/915/915 914/914/914 913/913/913 
f 914/914/914 916/916/916 913/913/913 
f 919/919/919 918/918/918 917/917/917 
f 918/918/918 920/920/920 917/917/917 
f 923/923/923 922/922/922 921/921/921 
f 922/922/922 924/924/924 921/921/921 
f 927/927/927 926/926/926 925/925/925 
f 926/926/926 928/928/928 925/925/925 
f 931/931/931 930/930/930 929/929/929 
f 930/930/930 932/932/932 929/929/929 
f 935/935/935 934/934/934 933/933/933 
f 934/934/934 936/936/936 933/933/933 
f 935/935/935 937/937/937 934/934/934 
f 940/940/940 939/939/939 938/938/938 
f 943/943/943 942/942/942 941/941/941 
f 946/946/946 945/945/945 944/944/944 
f 945/945/945 947/947/947 944/944/944 
f 950/950/950 949/949/949 948/948/948 
f 949/949/949 951/951/951 948/948/948 
f 954/954/954 953/953/953 952/952/952 
f 953/953/953 955/955/955 952/952/952 
f 958/958/958 957/957/957 956/956/956 
f 957/957/957 959/959/959 956/956/956 
f 962/962/962 961/961/961 960/960/960 
f 961/961/961 963/963/963 960/960/960 
f 966/966/966 965/965/965 964/964/964 
f 965/965/965 967/967/967 964/964/964 
f 970/970/970 969/969/969 968/968/968 
f 969/969/969 971/971/971 968/968/968 
f 974/974/974 973/973/973 972/972/972 
f 973/973/973 975/975/975 972/972/972 
f 978/978/978 977/977/977 976/976/976 
f 977/977/977 979/979/979 976/976/976 
f 982/982/982 981/981/981 980/980/980 
f 981/981/981 983/983/983 980/980/980 
f 986/986/986 985/985/985 984/984/984 
f 985/985/985 987/987/987 984/984/984 
f 990/990/990 989/989/989 988/988/988 
f 989/989/989 991/991/991 988/988/988 
f 994/994/994 993/993/993 992/992/992 
f 993/993/993 995/995/995 992/992/992 
f 998/998/998 997/997/997 996/996/996 
f 997/997/997 999/999/999 996/996/996 
f 1002/1002/1002 1001/1001/1001 1000/1000/1000 
f 1001/1001/1001 1003/1003/1003 1000/1000/1000 
f 1006/1006/1006 1005/1005/1005 1004/1004/1004 
f 1005/1005/1005 1007/1007/1007 1004/1004/1004 
f 1010/1010/1010 1009/1009/1009 1008/1008/1008 
f 1009/1009/1009 1011/1011/1011 1008/1008/1008 
f 1012/1012/1012 1011/1011/1011 1009/1009/1009 
f 1013/1013/1013 1012/1012/1012 1009/1009/1009 
f 1014/1014/1014 1012/1012/1012 1013/1013/1013 
f 1015/1015/1015 1014/1014/1014 1013/1013/1013 
f 1016/1016/1016 1014/1014/1014 1015/1015/1015 
f 1017/1017/1017 1016/1016/1016 1015/1015/1015 
f 1009/1009/1009 1010/1010/1010 1018/1018/1018 
f 1010/1010/1010 1019/1019/1019 1018/1018/1018 
f 1010/1010/1010 1008/1008/1008 1019/1019/1019 
f 1020/1020/1020 1018/1018/1018 1019/1019/1019 
f 1021/1021/1021 1020/1020/1020 1019/1019/1019 
f 1021/1021/1021 1019/1019/1019 1022/1022/1022 
f 1019/1019/1019 1023/1023/1023 1022/1022/1022 
f 1008/1008/1008 1023/1023/1023 1019/1019/1019 
f 1020/1020/1020 1024/1024/1024 1018/1018/1018 
f 1024/1024/1024 1025/1025/1025 1018/1018/1018 
f 1024/1024/1024 1026/1026/1026 1025/1025/1025 
f 1026/1026/1026 1027/1027/1027 1025/1025/1025 
f 1015/1015/1015 1013/1013/1013 1027/1027/1027 
f 1013/1013/1013 1025/1025/1025 1027/1027/1027 
f 1026/1026/1026 1028/1028/1028 1027/1027/1027 
f 1028/1028/1028 1029/1029/1029 1027/1027/1027 
f 1017/1017/1017 1015/1015/1015 1029/1029/1029 
f 1015/1015/1015 1027/1027/1027 1029/1029/1029 
f 1028/1028/1028 1026/1026/1026 1030/1030/1030 
f 1031/1031/1031 1028/1028/1028 1030/1030/1030 
f 1028/1028/1028 1032/1032/1032 1029/1029/1029 
f 1032/1032/1032 1028/1028/1028 1031/1031/1031 
f 1032/1032/1032 1033/1033/1033 1029/1029/1029 
f 1032/1032/1032 1034/1034/1034 1033/1033/1033 
f 1034/1034/1034 1035/1035/1035 1033/1033/1033 
f 1034/1034/1034 1036/1036/1036 1035/1035/1035 
f 1036/1036/1036 1037/1037/1037 1035/1035/1035 
f 1036/1036/1036 1034/1034/1034 1038/1038/1038 
f 1039/1039/1039 1036/1036/1036 1038/1038/1038 
f 1037/1037/1037 1040/1040/1040 1035/1035/1035 
f 1040/1040/1040 1041/1041/1041 1035/1035/1035 
f 1034/1034/1034 1032/1032/1032 1042/1042/1042 
f 1042/1042/1042 1032/1032/1032 1031/1031/1031 
f 1038/1038/1038 1043/1043/1043 1042/1042/1042 
f 1041/1041/1041 1044/1044/1044 1033/1033/1033 
f 1033/1033/1033 1044/1044/1044 1029/1029/1029 
f 1044/1044/1044 1045/1045/1045 1029/1029/1029 
f 1037/1037/1037 1036/1036/1036 1046/1046/1046 
f 1047/1047/1047 1037/1037/1037 1046/1046/1046 
f 1037/1037/1037 1047/1047/1047 1040/1040/1040 
f 1047/1047/1047 1046/1046/1046 1048/1048/1048 
f 1049/1049/1049 1047/1047/1047 1048/1048/1048 
f 1049/1049/1049 1048/1048/1048 1050/1050/1050 
f 1051/1051/1051 1049/1049/1049 1050/1050/1050 
f 1051/1051/1051 1050/1050/1050 1052/1052/1052 
f 1050/1050/1050 1053/1053/1053 1052/1052/1052 
f 1053/1053/1053 1050/1050/1050 1054/1054/1054 
f 1050/1050/1050 1055/1055/1055 1054/1054/1054 
f 1050/1050/1050 1048/1048/1048 1055/1055/1055 
f 1056/1056/1056 1051/1051/1051 1052/1052/1052 
f 1057/1057/1057 1056/1056/1056 1052/1052/1052 
f 1052/1052/1052 1053/1053/1053 1058/1058/1058 
f 1057/1057/1057 1052/1052/1052 1058/1058/1058 
f 1053/1053/1053 1059/1059/1059 1058/1058/1058 
f 1059/1059/1059 1053/1053/1053 1060/1060/1060 
f 1053/1053/1053 1054/1054/1054 1060/1060/1060 
f 1061/1061/1061 1057/1057/1057 1058/1058/1058 
f 1058/1058/1058 1059/1059/1059 1062/1062/1062 
f 1061/1061/1061 1058/1058/1058 1062/1062/1062 
f 1059/1059/1059 1063/1063/1063 1062/1062/1062 
f 1062/1062/1062 1063/1063/1063 1064/1064/1064 
f 1063/1063/1063 1065/1065/1065 1064/1064/1064 
f 1064/1064/1064 1065/1065/1065 1066/1066/1066 
f 1065/1065/1065 1067/1067/1067 1066/1066/1066 
f 1066/1066/1066 1067/1067/1067 1068/1068/1068 
f 1067/1067/1067 1069/1069/1069 1068/1068/1068 
f 1068/1068/1068 1069/1069/1069 1070/1070/1070 
f 1069/1069/1069 1071/1071/1071 1070/1070/1070 
f 1070/1070/1070 1071/1071/1071 1072/1072/1072 
f 1065/1065/1065 1063/1063/1063 1073/1073/1073 
f 1063/1063/1063 1074/1074/1074 1073/1073/1073 
f 1063/1063/1063 1059/1059/1059 1074/1074/1074 
f 1059/1059/1059 1060/1060/1060 1074/1074/1074 
f 1070/1070/1070 1075/1075/1075 1068/1068/1068 
f 1075/1075/1075 1076/1076/1076 1068/1068/1068 
f 1068/1068/1068 1076/1076/1076 1066/1066/1066 
f 1076/1076/1076 1075/1075/1075 1077/1077/1077 
f 1077/1077/1077 1075/1075/1075 1070/1070/1070 
f 1078/1078/1078 1076/1076/1076 1077/1077/1077 
f 1078/1078/1078 1079/1079/1079 1076/1076/1076 
f 1079/1079/1079 1080/1080/1080 1076/1076/1076 
f 1076/1076/1076 1080/1080/1080 1066/1066/1066 
f 1079/1079/1079 1081/1081/1081 1080/1080/1080 
f 1081/1081/1081 1082/1082/1082 1080/1080/1080 
f 1081/1081/1081 1083/1083/1083 1082/1082/1082 
f 1083/1083/1083 1084/1084/1084 1082/1082/1082 
f 1085/1085/1085 1077/1077/1077 1070/1070/1070 
f 1085/1085/1085 1070/1070/1070 1086/1086/1086 
f 1080/1080/1080 1082/1082/1082 1064/1064/1064 
f 1066/1066/1066 1080/1080/1080 1064/1064/1064 
f 1083/1083/1083 1081/1081/1081 1087/1087/1087 
f 1088/1088/1088 1083/1083/1083 1087/1087/1087 
f 1084/1084/1084 1083/1083/1083 1088/1088/1088 
f 1062/1062/1062 1084/1084/1084 1088/1088/1088 
f 1064/1064/1064 1082/1082/1082 1062/1062/1062 
f 1082/1082/1082 1084/1084/1084 1062/1062/1062 
f 1088/1088/1088 1061/1061/1061 1089/1089/1089 
f 1092/1092/1092 1091/1091/1091 1090/1090/1090 
f 1091/1091/1091 1093/1093/1093 1090/1090/1090 
f 1094/1094/1094 1093/1093/1093 1091/1091/1091 
f 1095/1095/1095 1094/1094/1094 1091/1091/1091 
f 1096/1096/1096 1094/1094/1094 1095/1095/1095 
f 1097/1097/1097 1096/1096/1096 1095/1095/1095 
f 1090/1090/1090 1093/1093/1093 1021/1021/1021 
f 1093/1093/1093 1020/1020/1020 1021/1021/1021 
f 1093/1093/1093 1094/1094/1094 1020/1020/1020 
f 1092/1092/1092 1090/1090/1090 1022/1022/1022 
f 1090/1090/1090 1021/1021/1021 1022/1022/1022 
f 1094/1094/1094 1024/1024/1024 1020/1020/1020 
f 1094/1094/1094 1096/1096/1096 1024/1024/1024 
f 1096/1096/1096 1026/1026/1026 1024/1024/1024 
f 1096/1096/1096 1097/1097/1097 1026/1026/1026 
f 1097/1097/1097 1030/1030/1030 1026/1026/1026 
f 1100/1100/1100 1099/1099/1099 1098/1098/1098 
f 1099/1099/1099 1101/1101/1101 1098/1098/1098 
f 1102/1102/1102 1101/1101/1101 1099/1099/1099 
f 1103/1103/1103 1102/1102/1102 1099/1099/1099 
f 1104/1104/1104 1102/1102/1102 1103/1103/1103 
f 1105/1105/1105 1104/1104/1104 1103/1103/1103 
f 1106/1106/1106 1104/1104/1104 1105/1105/1105 
f 1107/1107/1107 1106/1106/1106 1105/1105/1105 
f 1108/1108/1108 1106/1106/1106 1107/1107/1107 
f 1109/1109/1109 1108/1108/1108 1107/1107/1107 
f 1110/1110/1110 1108/1108/1108 1109/1109/1109 
f 1111/1111/1111 1110/1110/1110 1109/1109/1109 
f 1112/1112/1112 1110/1110/1110 1111/1111/1111 
f 1113/1113/1113 1112/1112/1112 1111/1111/1111 
f 1114/1114/1114 1099/1099/1099 1100/1100/1100 
f 1115/1115/1115 1114/1114/1114 1100/1100/1100 
f 1116/1116/1116 1105/1105/1105 1103/1103/1103 
f 1117/1117/1117 1116/1116/1116 1103/1103/1103 
f 1114/1114/1114 1117/1117/1117 1099/1099/1099 
f 1117/1117/1117 1103/1103/1103 1099/1099/1099 
f 1116/1116/1116 1118/1118/1118 1105/1105/1105 
f 1118/1118/1118 1107/1107/1107 1105/1105/1105 
f 1119/1119/1119 1112/1112/1112 1113/1113/1113 
f 1120/1120/1120 1119/1119/1119 1113/1113/1113 
f 1121/1121/1121 1119/1119/1119 1120/1120/1120 
f 1122/1122/1122 1121/1121/1121 1120/1120/1120 
f 1123/1123/1123 1121/1121/1121 1122/1122/1122 
f 1124/1124/1124 1123/1123/1123 1122/1122/1122 
f 1123/1123/1123 1124/1124/1124 1125/1125/1125 
f 1126/1126/1126 1123/1123/1123 1125/1125/1125 
f 1126/1126/1126 1125/1125/1125 1127/1127/1127 
f 1128/1128/1128 1126/1126/1126 1127/1127/1127 
f 1128/1128/1128 1127/1127/1127 1129/1129/1129 
f 1130/1130/1130 1128/1128/1128 1129/1129/1129 
f 1130/1130/1130 1129/1129/1129 1131/1131/1131 
f 1132/1132/1132 1130/1130/1130 1131/1131/1131 
f 1132/1132/1132 1131/1131/1131 1133/1133/1133 
f 1134/1134/1134 1132/1132/1132 1133/1133/1133 
f 1134/1134/1134 1133/1133/1133 1135/1135/1135 
f 1136/1136/1136 1134/1134/1134 1135/1135/1135 
f 1136/1136/1136 1135/1135/1135 1137/1137/1137 
f 1135/1135/1135 1138/1138/1138 1137/1137/1137 
f 1135/1135/1135 1139/1139/1139 1138/1138/1138 
f 1139/1139/1139 1140/1140/1140 1138/1138/1138 
f 1133/1133/1133 1141/1141/1141 1135/1135/1135 
f 1141/1141/1141 1139/1139/1139 1135/1135/1135 
f 1131/1131/1131 1142/1142/1142 1133/1133/1133 
f 1142/1142/1142 1141/1141/1141 1133/1133/1133 
f 1137/1137/1137 1143/1143/1143 1136/1136/1136 
f 1143/1143/1143 1144/1144/1144 1136/1136/1136 
f 1136/1136/1136 1144/1144/1144 1134/1134/1134 
f 1144/1144/1144 1145/1145/1145 1134/1134/1134 
f 1134/1134/1134 1145/1145/1145 1132/1132/1132 
f 1145/1145/1145 1146/1146/1146 1132/1132/1132 
f 1148/1148/1148 1041/1041/1041 1147/1147/1147 
f 1013/1013/1013 1009/1009/1009 1025/1025/1025 
f 1009/1009/1009 1018/1018/1018 1025/1025/1025 
f 1016/1016/1016 1017/1017/1017 1045/1045/1045 
f 1017/1017/1017 1149/1149/1149 1045/1045/1045 
f 1151/1151/1151 1150/1150/1150 1101/1101/1101 
f 1150/1150/1150 1098/1098/1098 1101/1101/1101 
f 1151/1151/1151 1101/1101/1101 1102/1102/1102 
f 1152/1152/1152 1151/1151/1151 1102/1102/1102 
f 1152/1152/1152 1102/1102/1102 1104/1104/1104 
f 1153/1153/1153 1152/1152/1152 1104/1104/1104 
f 1156/1156/1156 1155/1155/1155 1154/1154/1154 
f 1155/1155/1155 1157/1157/1157 1154/1154/1154 
f 1156/1156/1156 1158/1158/1158 1155/1155/1155 
f 1158/1158/1158 1159/1159/1159 1155/1155/1155 
f 1158/1158/1158 1160/1160/1160 1159/1159/1159 
f 1160/1160/1160 1161/1161/1161 1159/1159/1159 
f 1156/1156/1156 1154/1154/1154 1071/1071/1071 
f 1069/1069/1069 1156/1156/1156 1071/1071/1071 
f 1158/1158/1158 1156/1156/1156 1069/1069/1069 
f 1071/1071/1071 1154/1154/1154 1072/1072/1072 
f 1154/1154/1154 1157/1157/1157 1162/1162/1162 
f 1067/1067/1067 1158/1158/1158 1069/1069/1069 
f 1160/1160/1160 1158/1158/1158 1067/1067/1067 
f 1065/1065/1065 1160/1160/1160 1067/1067/1067 
f 1073/1073/1073 1161/1161/1161 1065/1065/1065 
f 1161/1161/1161 1160/1160/1160 1163/1163/1163 
f 1049/1049/1049 1051/1051/1051 1164/1164/1164 
f 1051/1051/1051 1056/1056/1056 1164/1164/1164 
f 1049/1049/1049 1164/1164/1164 1165/1165/1165 
f 1047/1047/1047 1049/1049/1049 1165/1165/1165 
f 1047/1047/1047 1165/1165/1165 1040/1040/1040 
f 1048/1048/1048 1166/1166/1166 1055/1055/1055 
f 1048/1048/1048 1046/1046/1046 1166/1166/1166 
f 1046/1046/1046 1167/1167/1167 1166/1166/1166 
f 1046/1046/1046 1036/1036/1036 1167/1167/1167 
f 1036/1036/1036 1039/1039/1039 1167/1167/1167 
f 1170/1170/1170 1169/1169/1169 1168/1168/1168 
f 1169/1169/1169 1171/1171/1171 1168/1168/1168 
f 1172/1172/1172 1171/1171/1171 1169/1169/1169 
f 1173/1173/1173 1172/1172/1172 1169/1169/1169 
f 1174/1174/1174 1172/1172/1172 1173/1173/1173 
f 1175/1175/1175 1174/1174/1174 1173/1173/1173 
f 1176/1176/1176 1174/1174/1174 1175/1175/1175 
f 1177/1177/1177 1176/1176/1176 1175/1175/1175 
f 1168/1168/1168 1171/1171/1171 1178/1178/1178 
f 1171/1171/1171 1179/1179/1179 1178/1178/1178 
f 1171/1171/1171 1172/1172/1172 1179/1179/1179 
f 1178/1178/1178 1179/1179/1179 1180/1180/1180 
f 1179/1179/1179 1181/1181/1181 1180/1180/1180 
f 1182/1182/1182 1178/1178/1178 1180/1180/1180 
f 1170/1170/1170 1168/1168/1168 1182/1182/1182 
f 1168/1168/1168 1178/1178/1178 1182/1182/1182 
f 1183/1183/1183 1182/1182/1182 1180/1180/1180 
f 1184/1184/1184 1181/1181/1181 1179/1179/1179 
f 1185/1185/1185 1184/1184/1184 1179/1179/1179 
f 1172/1172/1172 1185/1185/1185 1179/1179/1179 
f 1172/1172/1172 1174/1174/1174 1185/1185/1185 
f 1186/1186/1186 1184/1184/1184 1185/1185/1185 
f 1187/1187/1187 1186/1186/1186 1185/1185/1185 
f 1174/1174/1174 1187/1187/1187 1185/1185/1185 
f 1174/1174/1174 1176/1176/1176 1187/1187/1187 
f 1188/1188/1188 1186/1186/1186 1187/1187/1187 
f 1188/1188/1188 1189/1189/1189 1186/1186/1186 
f 1189/1189/1189 1190/1190/1190 1186/1186/1186 
f 1191/1191/1191 1188/1188/1188 1187/1187/1187 
f 1176/1176/1176 1191/1191/1191 1187/1187/1187 
f 1176/1176/1176 1177/1177/1177 1191/1191/1191 
f 1192/1192/1192 1189/1189/1189 1188/1188/1188 
f 1193/1193/1193 1192/1192/1192 1188/1188/1188 
f 1194/1194/1194 1192/1192/1192 1193/1193/1193 
f 1195/1195/1195 1194/1194/1194 1193/1193/1193 
f 1196/1196/1196 1194/1194/1194 1195/1195/1195 
f 1197/1197/1197 1196/1196/1196 1195/1195/1195 
f 1197/1197/1197 1195/1195/1195 1198/1198/1198 
f 1199/1199/1199 1197/1197/1197 1198/1198/1198 
f 1199/1199/1199 1198/1198/1198 1200/1200/1200 
f 1201/1201/1201 1199/1199/1199 1200/1200/1200 
f 1198/1198/1198 1195/1195/1195 1202/1202/1202 
f 1195/1195/1195 1203/1203/1203 1202/1202/1202 
f 1202/1202/1202 1203/1203/1203 1191/1191/1191 
f 1200/1200/1200 1198/1198/1198 1204/1204/1204 
f 1198/1198/1198 1202/1202/1202 1204/1204/1204 
f 1204/1204/1204 1202/1202/1202 1205/1205/1205 
f 1202/1202/1202 1191/1191/1191 1205/1205/1205 
f 1177/1177/1177 1205/1205/1205 1191/1191/1191 
f 1201/1201/1201 1206/1206/1206 1199/1199/1199 
f 1206/1206/1206 1207/1207/1207 1199/1199/1199 
f 1199/1199/1199 1207/1207/1207 1197/1197/1197 
f 1207/1207/1207 1208/1208/1208 1197/1197/1197 
f 1197/1197/1197 1208/1208/1208 1196/1196/1196 
f 1208/1208/1208 1209/1209/1209 1196/1196/1196 
f 1206/1206/1206 1210/1210/1210 1207/1207/1207 
f 1210/1210/1210 1211/1211/1211 1207/1207/1207 
f 1207/1207/1207 1211/1211/1211 1208/1208/1208 
f 1211/1211/1211 1212/1212/1212 1208/1208/1208 
f 1208/1208/1208 1212/1212/1212 1209/1209/1209 
f 1213/1213/1213 1212/1212/1212 1211/1211/1211 
f 1214/1214/1214 1213/1213/1213 1211/1211/1211 
f 1215/1215/1215 1213/1213/1213 1214/1214/1214 
f 1216/1216/1216 1215/1215/1215 1214/1214/1214 
f 1217/1217/1217 1215/1215/1215 1216/1216/1216 
f 1218/1218/1218 1217/1217/1217 1216/1216/1216 
f 1217/1217/1217 1218/1218/1218 1219/1219/1219 
f 1220/1220/1220 1217/1217/1217 1219/1219/1219 
f 1221/1221/1221 1217/1217/1217 1220/1220/1220 
f 1222/1222/1222 1221/1221/1221 1220/1220/1220 
f 1219/1219/1219 1218/1218/1218 1223/1223/1223 
f 1218/1218/1218 1224/1224/1224 1223/1223/1223 
f 1222/1222/1222 1220/1220/1220 1225/1225/1225 
f 1226/1226/1226 1222/1222/1222 1225/1225/1225 
f 1225/1225/1225 1220/1220/1220 1227/1227/1227 
f 1220/1220/1220 1219/1219/1219 1227/1227/1227 
f 1227/1227/1227 1219/1219/1219 1228/1228/1228 
f 1219/1219/1219 1223/1223/1223 1228/1228/1228 
f 1226/1226/1226 1225/1225/1225 1229/1229/1229 
f 1230/1230/1230 1226/1226/1226 1229/1229/1229 
f 1230/1230/1230 1229/1229/1229 1231/1231/1231 
f 1232/1232/1232 1230/1230/1230 1231/1231/1231 
f 1229/1229/1229 1225/1225/1225 1233/1233/1233 
f 1225/1225/1225 1227/1227/1227 1233/1233/1233 
f 1229/1229/1229 1233/1233/1233 1234/1234/1234 
f 1235/1235/1235 1229/1229/1229 1234/1234/1234 
f 1235/1235/1235 1234/1234/1234 1236/1236/1236 
f 1237/1237/1237 1235/1235/1235 1236/1236/1236 
f 1237/1237/1237 1236/1236/1236 1238/1238/1238 
f 1239/1239/1239 1237/1237/1237 1238/1238/1238 
f 1239/1239/1239 1238/1238/1238 1240/1240/1240 
f 1238/1238/1238 1241/1241/1241 1240/1240/1240 
f 1241/1241/1241 1242/1242/1242 1240/1240/1240 
f 1242/1242/1242 1243/1243/1243 1240/1240/1240 
f 1238/1238/1238 1244/1244/1244 1241/1241/1241 
f 1244/1244/1244 1245/1245/1245 1241/1241/1241 
f 1241/1241/1241 1245/1245/1245 1242/1242/1242 
f 1244/1244/1244 1246/1246/1246 1245/1245/1245 
f 1246/1246/1246 1247/1247/1247 1245/1245/1245 
f 1245/1245/1245 1247/1247/1247 1242/1242/1242 
f 1244/1244/1244 1248/1248/1248 1246/1246/1246 
f 1236/1236/1236 1248/1248/1248 1238/1238/1238 
f 1248/1248/1248 1244/1244/1244 1238/1238/1238 
f 1248/1248/1248 1249/1249/1249 1246/1246/1246 
f 1248/1248/1248 1250/1250/1250 1249/1249/1249 
f 1250/1250/1250 1248/1248/1248 1236/1236/1236 
f 1250/1250/1250 1251/1251/1251 1249/1249/1249 
f 1250/1250/1250 1252/1252/1252 1251/1251/1251 
f 1252/1252/1252 1253/1253/1253 1251/1251/1251 
f 1252/1252/1252 1250/1250/1250 1234/1234/1234 
f 1234/1234/1234 1250/1250/1250 1236/1236/1236 
f 1233/1233/1233 1252/1252/1252 1234/1234/1234 
f 1253/1253/1253 1252/1252/1252 1233/1233/1233 
f 1254/1254/1254 1253/1253/1253 1233/1233/1233 
f 1233/1233/1233 1227/1227/1227 1254/1254/1254 
f 1227/1227/1227 1228/1228/1228 1254/1254/1254 
f 1257/1257/1257 1256/1256/1256 1255/1255/1255 
f 1256/1256/1256 1258/1258/1258 1255/1255/1255 
f 1256/1256/1256 1259/1259/1259 1258/1258/1258 
f 1259/1259/1259 1260/1260/1260 1258/1258/1258 
f 1259/1259/1259 1261/1261/1261 1260/1260/1260 
f 1261/1261/1261 1262/1262/1262 1260/1260/1260 
f 1261/1261/1261 1263/1263/1263 1262/1262/1262 
f 1263/1263/1263 1264/1264/1264 1262/1262/1262 
f 1263/1263/1263 1265/1265/1265 1264/1264/1264 
f 1265/1265/1265 1266/1266/1266 1264/1264/1264 
f 1265/1265/1265 1267/1267/1267 1266/1266/1266 
f 1267/1267/1267 1268/1268/1268 1266/1266/1266 
f 1267/1267/1267 1269/1269/1269 1268/1268/1268 
f 1269/1269/1269 1270/1270/1270 1268/1268/1268 
f 1271/1271/1271 1255/1255/1255 1258/1258/1258 
f 1272/1272/1272 1271/1271/1271 1258/1258/1258 
f 1272/1272/1272 1258/1258/1258 1260/1260/1260 
f 1273/1273/1273 1272/1272/1272 1260/1260/1260 
f 1273/1273/1273 1260/1260/1260 1262/1262/1262 
f 1274/1274/1274 1273/1273/1273 1262/1262/1262 
f 1274/1274/1274 1262/1262/1262 1264/1264/1264 
f 1275/1275/1275 1274/1274/1274 1264/1264/1264 
f 1269/1269/1269 1276/1276/1276 1270/1270/1270 
f 1276/1276/1276 1277/1277/1277 1270/1270/1270 
f 1276/1276/1276 1278/1278/1278 1277/1277/1277 
f 1278/1278/1278 1279/1279/1279 1277/1277/1277 
f 1281/1281/1281 1280/1280/1280 1279/1279/1279 
f 1282/1282/1282 1280/1280/1280 1281/1281/1281 
f 1283/1283/1283 1282/1282/1282 1281/1281/1281 
f 1284/1284/1284 1282/1282/1282 1283/1283/1283 
f 1285/1285/1285 1284/1284/1284 1283/1283/1283 
f 1285/1285/1285 1283/1283/1283 1286/1286/1286 
f 1285/1285/1285 1286/1286/1286 1287/1287/1287 
f 1286/1286/1286 1288/1288/1288 1287/1287/1287 
f 1287/1287/1287 1288/1288/1288 1289/1289/1289 
f 1288/1288/1288 1290/1290/1290 1289/1289/1289 
f 1289/1289/1289 1290/1290/1290 1291/1291/1291 
f 1290/1290/1290 1292/1292/1292 1291/1291/1291 
f 1291/1291/1291 1292/1292/1292 1293/1293/1293 
f 1292/1292/1292 1294/1294/1294 1293/1293/1293 
f 1293/1293/1293 1294/1294/1294 1295/1295/1295 
f 1294/1294/1294 1296/1296/1296 1295/1295/1295 
f 1295/1295/1295 1296/1296/1296 1297/1297/1297 
f 1296/1296/1296 1298/1298/1298 1297/1297/1297 
f 1297/1297/1297 1298/1298/1298 1299/1299/1299 
f 1298/1298/1298 1300/1300/1300 1299/1299/1299 
f 1299/1299/1299 1301/1301/1301 1297/1297/1297 
f 1301/1301/1301 1302/1302/1302 1297/1297/1297 
f 1297/1297/1297 1302/1302/1302 1295/1295/1295 
f 1302/1302/1302 1303/1303/1303 1295/1295/1295 
f 1295/1295/1295 1303/1303/1303 1293/1293/1293 
f 1303/1303/1303 1304/1304/1304 1293/1293/1293 
f 1293/1293/1293 1304/1304/1304 1291/1291/1291 
f 1304/1304/1304 1305/1305/1305 1291/1291/1291 
f 1298/1298/1298 1306/1306/1306 1300/1300/1300 
f 1306/1306/1306 1307/1307/1307 1300/1300/1300 
f 1296/1296/1296 1308/1308/1308 1298/1298/1298 
f 1308/1308/1308 1306/1306/1306 1298/1298/1298 
f 1294/1294/1294 1309/1309/1309 1296/1296/1296 
f 1309/1309/1309 1308/1308/1308 1296/1296/1296 
f 1312/1312/1312 1311/1311/1311 1310/1310/1310 
f 1311/1311/1311 1313/1313/1313 1310/1310/1310 
f 1314/1314/1314 1313/1313/1313 1311/1311/1311 
f 1315/1315/1315 1314/1314/1314 1311/1311/1311 
f 1316/1316/1316 1314/1314/1314 1315/1315/1315 
f 1317/1317/1317 1316/1316/1316 1315/1315/1315 
f 1311/1311/1311 1312/1312/1312 1181/1181/1181 
f 1312/1312/1312 1180/1180/1180 1181/1181/1181 
f 1312/1312/1312 1310/1310/1310 1180/1180/1180 
f 1310/1310/1310 1183/1183/1183 1180/1180/1180 
f 1315/1315/1315 1311/1311/1311 1184/1184/1184 
f 1311/1311/1311 1181/1181/1181 1184/1184/1184 
f 1316/1316/1316 1317/1317/1317 1190/1190/1190 
f 1317/1317/1317 1186/1186/1186 1190/1190/1190 
f 1317/1317/1317 1315/1315/1315 1186/1186/1186 
f 1315/1315/1315 1184/1184/1184 1186/1186/1186 
f 1318/1318/1318 1188/1188/1188 1191/1191/1191 
f 1320/1320/1320 1319/1319/1319 1257/1257/1257 
f 1319/1319/1319 1256/1256/1256 1257/1257/1257 
f 1319/1319/1319 1321/1321/1321 1256/1256/1256 
f 1321/1321/1321 1259/1259/1259 1256/1256/1256 
f 1321/1321/1321 1322/1322/1322 1259/1259/1259 
f 1322/1322/1322 1261/1261/1261 1259/1259/1259 
f 1325/1325/1325 1324/1324/1324 1323/1323/1323 
f 1324/1324/1324 1326/1326/1326 1323/1323/1323 
f 1325/1325/1325 1327/1327/1327 1324/1324/1324 
f 1327/1327/1327 1328/1328/1328 1324/1324/1324 
f 1327/1327/1327 1329/1329/1329 1328/1328/1328 
f 1329/1329/1329 1330/1330/1330 1328/1328/1328 
f 1326/1326/1326 1324/1324/1324 1239/1239/1239 
f 1240/1240/1240 1326/1326/1326 1239/1239/1239 
f 1323/1323/1323 1326/1326/1326 1240/1240/1240 
f 1243/1243/1243 1323/1323/1323 1240/1240/1240 
f 1239/1239/1239 1324/1324/1324 1237/1237/1237 
f 1324/1324/1324 1328/1328/1328 1237/1237/1237 
f 1330/1330/1330 1329/1329/1329 1331/1331/1331 
f 1235/1235/1235 1330/1330/1330 1331/1331/1331 
f 1237/1237/1237 1328/1328/1328 1235/1235/1235 
f 1328/1328/1328 1330/1330/1330 1235/1235/1235 
f 1283/1283/1283 1332/1332/1332 1286/1286/1286 
f 1283/1283/1283 1333/1333/1333 1332/1332/1332 
f 1334/1334/1334 1333/1333/1333 1283/1283/1283 
f 1281/1281/1281 1334/1334/1334 1283/1283/1283 
f 1335/1335/1335 1334/1334/1334 1281/1281/1281 
f 1336/1336/1336 1335/1335/1335 1281/1281/1281 
f 1338/1338/1338 1337/1337/1337 1332/1332/1332 
f 1338/1338/1338 1339/1339/1339 1337/1337/1337 
f 1339/1339/1339 1340/1340/1340 1337/1337/1337 
f 1339/1339/1339 1341/1341/1341 1340/1340/1340 
f 1341/1341/1341 1342/1342/1342 1340/1340/1340 
f 1332/1332/1332 1337/1337/1337 1343/1343/1343 
f 1337/1337/1337 1340/1340/1340 1343/1343/1343 
f 1342/1342/1342 1341/1341/1341 1344/1344/1344 
f 1278/1278/1278 1342/1342/1342 1344/1344/1344 
f 1343/1343/1343 1340/1340/1340 1278/1278/1278 
f 1340/1340/1340 1342/1342/1342 1278/1278/1278 
f 1347/1347/1347 1346/1346/1346 1345/1345/1345 
f 1347/1347/1347 1345/1345/1345 1348/1348/1348 
f 1349/1349/1349 1347/1347/1347 1348/1348/1348 
f 1349/1349/1349 1348/1348/1348 1350/1350/1350 
f 1346/1346/1346 1352/1352/1352 1351/1351/1351 
f 1352/1352/1352 1346/1346/1346 1353/1353/1353 
f 1354/1354/1354 1352/1352/1352 1353/1353/1353 
f 1354/1354/1354 1353/1353/1353 1224/1224/1224 
f 1218/1218/1218 1354/1354/1354 1224/1224/1224 
f 1355/1355/1355 1354/1354/1354 1218/1218/1218 
f 1216/1216/1216 1355/1355/1355 1218/1218/1218 
f 1356/1356/1356 1355/1355/1355 1216/1216/1216 
f 1214/1214/1214 1356/1356/1356 1216/1216/1216 
f 1357/1357/1357 1356/1356/1356 1214/1214/1214 
f 1211/1211/1211 1357/1357/1357 1214/1214/1214 
f 1358/1358/1358 1357/1357/1357 1211/1211/1211 
f 1210/1210/1210 1358/1358/1358 1211/1211/1211 
f 1355/1355/1355 1359/1359/1359 1354/1354/1354 
f 1359/1359/1359 1352/1352/1352 1354/1354/1354 
f 1356/1356/1356 1360/1360/1360 1355/1355/1355 
f 1360/1360/1360 1359/1359/1359 1355/1355/1355 
f 1358/1358/1358 1361/1361/1361 1357/1357/1357 
f 1361/1361/1361 1362/1362/1362 1357/1357/1357 
f 1357/1357/1357 1362/1362/1362 1356/1356/1356 
f 1362/1362/1362 1360/1360/1360 1356/1356/1356 
f 1361/1361/1361 1349/1349/1349 1362/1362/1362 
f 1221/1221/1221 1363/1363/1363 1217/1217/1217 
f 1363/1363/1363 1364/1364/1364 1217/1217/1217 
f 1363/1363/1363 1365/1365/1365 1364/1364/1364 
f 1365/1365/1365 1366/1366/1366 1364/1364/1364 
f 1365/1365/1365 1367/1367/1367 1366/1366/1366 
f 1367/1367/1367 1212/1212/1212 1366/1366/1366 
f 1212/1212/1212 1367/1367/1367 1209/1209/1209 
f 1280/1280/1280 1368/1368/1368 1279/1279/1279 
f 1280/1280/1280 1369/1369/1369 1368/1368/1368 
f 1370/1370/1370 1369/1369/1369 1280/1280/1280 
f 1282/1282/1282 1370/1370/1370 1280/1280/1280 
f 1371/1371/1371 1370/1370/1370 1282/1282/1282 
f 1284/1284/1284 1371/1371/1371 1282/1282/1282 
f 1369/1369/1369 1372/1372/1372 1368/1368/1368 
f 1375/1375/1375 1374/1374/1374 1373/1373/1373 
f 1374/1374/1374 1376/1376/1376 1373/1373/1373 
f 1379/1379/1379 1378/1378/1378 1377/1377/1377 
f 1378/1378/1378 1380/1380/1380 1377/1377/1377 
f 1378/1378/1378 1382/1382/1382 1381/1381/1381 
f 1382/1382/1382 1384/1384/1384 1383/1383/1383 
f 1387/1387/1387 1386/1386/1386 1385/1385/1385 
f 1389/1389/1389 1388/1388/1388 1385/1385/1385 
f 1392/1392/1392 1391/1391/1391 1390/1390/1390 
f 1391/1391/1391 1392/1392/1392 1393/1393/1393 
f 1394/1394/1394 1391/1391/1391 1393/1393/1393 
f 1391/1391/1391 1396/1396/1396 1395/1395/1395 
f 1399/1399/1399 1398/1398/1398 1397/1397/1397 
f 1399/1399/1399 1400/1400/1400 1398/1398/1398 
f 1400/1400/1400 1401/1401/1401 1398/1398/1398 
f 1399/1399/1399 1397/1397/1397 1402/1402/1402 
f 1403/1403/1403 1399/1399/1399 1402/1402/1402 
f 1399/1399/1399 1403/1403/1403 1400/1400/1400 
f 1403/1403/1403 1404/1404/1404 1400/1400/1400 
f 1400/1400/1400 1405/1405/1405 1401/1401/1401 
f 1405/1405/1405 1406/1406/1406 1401/1401/1401 
f 1398/1398/1398 1408/1408/1408 1407/1407/1407 
f 1411/1411/1411 1410/1410/1410 1409/1409/1409 
f 1410/1410/1410 1412/1412/1412 1409/1409/1409 
f 1409/1409/1409 1412/1412/1412 1413/1413/1413 
f 1412/1412/1412 1414/1414/1414 1413/1413/1413 
f 1409/1409/1409 1413/1413/1413 1415/1415/1415 
f 1416/1416/1416 1409/1409/1409 1415/1415/1415 
f 1411/1411/1411 1409/1409/1409 1416/1416/1416 
f 1417/1417/1417 1411/1411/1411 1416/1416/1416 
f 1414/1414/1414 1418/1418/1418 1413/1413/1413 
f 1418/1418/1418 1419/1419/1419 1413/1413/1413 
f 1422/1422/1422 1421/1421/1421 1420/1420/1420 
f 1421/1421/1421 1423/1423/1423 1420/1420/1420 
f 1426/1426/1426 1425/1425/1425 1424/1424/1424 
f 1428/1428/1428 1427/1427/1427 1424/1424/1424 
f 1431/1431/1431 1430/1430/1430 1429/1429/1429 
f 1430/1430/1430 1432/1432/1432 1429/1429/1429 
f 1435/1435/1435 1434/1434/1434 1433/1433/1433 
f 1434/1434/1434 1436/1436/1436 1433/1433/1433 
f 1434/1434/1434 1437/1437/1437 1436/1436/1436 
f 1437/1437/1437 1438/1438/1438 1436/1436/1436 
f 1441/1441/1441 1440/1440/1440 1439/1439/1439 
f 1440/1440/1440 1442/1442/1442 1439/1439/1439 
f 1440/1440/1440 1443/1443/1443 1442/1442/1442 
f 1443/1443/1443 1444/1444/1444 1442/1442/1442 
f 1445/1445/1445 1443/1443/1443 1440/1440/1440 
f 1446/1446/1446 1445/1445/1445 1440/1440/1440 
f 1446/1446/1446 1440/1440/1440 1447/1447/1447 
f 1448/1448/1448 1446/1446/1446 1447/1447/1447 
f 1443/1443/1443 1449/1449/1449 1444/1444/1444 
f 1449/1449/1449 1450/1450/1450 1444/1444/1444 
f 1453/1453/1453 1452/1452/1452 1451/1451/1451 
f 1452/1452/1452 1454/1454/1454 1451/1451/1451 
f 1457/1457/1457 1456/1456/1456 1455/1455/1455 
f 1456/1456/1456 1459/1459/1459 1458/1458/1458 
f 1456/1456/1456 1460/1460/1460 1459/1459/1459 
f 1460/1460/1460 1462/1462/1462 1461/1461/1461 
f 1465/1465/1465 1464/1464/1464 1463/1463/1463 
f 1468/1468/1468 1467/1467/1467 1466/1466/1466 
f 1471/1471/1471 1470/1470/1470 1469/1469/1469 
f 1473/1473/1473 1472/1472/1472 1469/1469/1469 
f 1476/1476/1476 1475/1475/1475 1474/1474/1474 
f 1475/1475/1475 1477/1477/1477 1474/1474/1474 
f 1480/1480/1480 1479/1479/1479 1478/1478/1478 
f 1482/1482/1482 1481/1481/1481 1478/1478/1478 
f 1485/1485/1485 1484/1484/1484 1483/1483/1483 
f 1484/1484/1484 1486/1486/1486 1483/1483/1483 
f 1489/1489/1489 1488/1488/1488 1487/1487/1487 
f 1491/1491/1491 1490/1490/1490 1487/1487/1487 
f 1494/1494/1494 1493/1493/1493 1492/1492/1492 
f 1493/1493/1493 1495/1495/1495 1492/1492/1492 
f 1498/1498/1498 1497/1497/1497 1496/1496/1496 
f 1497/1497/1497 1499/1499/1499 1496/1496/1496 
f 1497/1497/1497 1500/1500/1500 1499/1499/1499 
f 1500/1500/1500 1501/1501/1501 1499/1499/1499 
f 1504/1504/1504 1503/1503/1503 1502/1502/1502 
f 1503/1503/1503 1505/1505/1505 1502/1502/1502 
f 1503/1503/1503 1506/1506/1506 1505/1505/1505 
f 1506/1506/1506 1507/1507/1507 1505/1505/1505 
f 1510/1510/1510 1509/1509/1509 1508/1508/1508 
f 1509/1509/1509 1511/1511/1511 1508/1508/1508 
f 1509/1509/1509 1512/1512/1512 1511/1511/1511 
f 1512/1512/1512 1513/1513/1513 1511/1511/1511 
f 1516/1516/1516 1515/1515/1515 1514/1514/1514 
f 1515/1515/1515 1517/1517/1517 1514/1514/1514 
f 1517/1517/1517 1518/1518/1518 1514/1514/1514 
f 1518/1518/1518 1519/1519/1519 1514/1514/1514 
f 1522/1522/1522 1521/1521/1521 1520/1520/1520 
f 1521/1521/1521 1523/1523/1523 1520/1520/1520 
f 1526/1526/1526 1525/1525/1525 1524/1524/1524 
f 1525/1525/1525 1527/1527/1527 1524/1524/1524 
f 1530/1530/1530 1529/1529/1529 1528/1528/1528 
f 1529/1529/1529 1531/1531/1531 1528/1528/1528 
f 1534/1534/1534 1533/1533/1533 1532/1532/1532 
f 1533/1533/1533 1536/1536/1536 1535/1535/1535 
f 1539/1539/1539 1538/1538/1538 1537/1537/1537 
f 1542/1542/1542 1541/1541/1541 1540/1540/1540 
f 1545/1545/1545 1544/1544/1544 1543/1543/1543 
f 1544/1544/1544 1546/1546/1546 1543/1543/1543 
f 1545/1545/1545 1547/1547/1547 1544/1544/1544 
f 1547/1547/1547 1548/1548/1548 1544/1544/1544 
f 1551/1551/1551 1550/1550/1550 1549/1549/1549 
f 1550/1550/1550 1552/1552/1552 1549/1549/1549 
f 1549/1549/1549 1552/1552/1552 1553/1553/1553 
f 1552/1552/1552 1554/1554/1554 1553/1553/1553 
f 1557/1557/1557 1556/1556/1556 1555/1555/1555 
f 1556/1556/1556 1558/1558/1558 1555/1555/1555 
f 1561/1561/1561 1560/1560/1560 1559/1559/1559 
f 1560/1560/1560 1562/1562/1562 1559/1559/1559 
f 1565/1565/1565 1564/1564/1564 1563/1563/1563 
f 1564/1564/1564 1566/1566/1566 1563/1563/1563 
f 1569/1569/1569 1568/1568/1568 1567/1567/1567 
f 1568/1568/1568 1570/1570/1570 1567/1567/1567 
f 1573/1573/1573 1572/1572/1572 1571/1571/1571 
f 1572/1572/1572 1574/1574/1574 1571/1571/1571 
f 1577/1577/1577 1576/1576/1576 1575/1575/1575 
f 1576/1576/1576 1578/1578/1578 1575/1575/1575 
f 1581/1581/1581 1580/1580/1580 1579/1579/1579 
f 1580/1580/1580 1582/1582/1582 1579/1579/1579 
f 1585/1585/1585 1584/1584/1584 1583/1583/1583 
f 1584/1584/1584 1586/1586/1586 1583/1583/1583 
f 1589/1589/1589 1588/1588/1588 1587/1587/1587 
f 1588/1588/1588 1590/1590/1590 1587/1587/1587 
f 1593/1593/1593 1592/1592/1592 1591/1591/1591 
f 1592/1592/1592 1594/1594/1594 1591/1591/1591 
f 1597/1597/1597 1596/1596/1596 1595/1595/1595 
f 1596/1596/1596 1598/1598/1598 1595/1595/1595 
f 1601/1601/1601 1600/1600/1600 1599/1599/1599 
f 1603/1603/1603 1602/1602/1602 1599/1599/1599 
f 1604/1604/1604 1603/1603/1603 1601/1601/1601 
f 1605/1605/1605 1604/1604/1604 1601/1601/1601 
f 1606/1606/1606 1604/1604/1604 1605/1605/1605 
f 1607/1607/1607 1606/1606/1606 1605/1605/1605 
f 1599/1599/1599 1602/1602/1602 1607/1607/1607 
f 1602/1602/1602 1606/1606/1606 1607/1607/1607 
f 1610/1610/1610 1609/1609/1609 1608/1608/1608 
f 1609/1609/1609 1611/1611/1611 1608/1608/1608 
f 1614/1614/1614 1613/1613/1613 1612/1612/1612 
f 1613/1613/1613 1616/1616/1616 1615/1615/1615 
f 1619/1619/1619 1618/1618/1618 1617/1617/1617 
f 1618/1618/1618 1620/1620/1620 1617/1617/1617 
f 1623/1623/1623 1622/1622/1622 1621/1621/1621 
f 1622/1622/1622 1625/1625/1625 1624/1624/1624 
f 1628/1628/1628 1627/1627/1627 1626/1626/1626 
f 1627/1627/1627 1629/1629/1629 1626/1626/1626 
f 1632/1632/1632 1631/1631/1631 1630/1630/1630 
f 1631/1631/1631 1634/1634/1634 1633/1633/1633 
f 1637/1637/1637 1636/1636/1636 1635/1635/1635 
f 1636/1636/1636 1638/1638/1638 1635/1635/1635 
f 1641/1641/1641 1640/1640/1640 1639/1639/1639 
f 1640/1640/1640 1642/1642/1642 1639/1639/1639 
f 1645/1645/1645 1644/1644/1644 1643/1643/1643 
f 1644/1644/1644 1646/1646/1646 1643/1643/1643 
f 1649/1649/1649 1648/1648/1648 1647/1647/1647 
f 1648/1648/1648 1650/1650/1650 1647/1647/1647 
f 1653/1653/1653 1652/1652/1652 1651/1651/1651 
f 1652/1652/1652 1654/1654/1654 1651/1651/1651 
f 1657/1657/1657 1656/1656/1656 1655/1655/1655 
f 1656/1656/1656 1658/1658/1658 1655/1655/1655 
f 1661/1661/1661 1660/1660/1660 1659/1659/1659 
f 1660/1660/1660 1662/1662/1662 1659/1659/1659 
f 1659/1659/1659 1662/1662/1662 1663/1663/1663 
f 1662/1662/1662 1664/1664/1664 1663/1663/1663 
f 1663/1663/1663 1664/1664/1664 1665/1665/1665 
f 1664/1664/1664 1666/1666/1666 1665/1665/1665 
f 1665/1665/1665 1666/1666/1666 1667/1667/1667 
f 1666/1666/1666 1668/1668/1668 1667/1667/1667 
f 1667/1667/1667 1668/1668/1668 1669/1669/1669 
f 1668/1668/1668 1670/1670/1670 1669/1669/1669 
f 1669/1669/1669 1670/1670/1670 1671/1671/1671 
f 1670/1670/1670 1672/1672/1672 1671/1671/1671 
f 1671/1671/1671 1672/1672/1672 1673/1673/1673 
f 1672/1672/1672 1674/1674/1674 1673/1673/1673 
f 1673/1673/1673 1674/1674/1674 1675/1675/1675 
f 1674/1674/1674 1676/1676/1676 1675/1675/1675 
f 1675/1675/1675 1677/1677/1677 1673/1673/1673 
f 1673/1673/1673 1678/1678/1678 1671/1671/1671 
f 1671/1671/1671 1679/1679/1679 1669/1669/1669 
f 1669/1669/1669 1680/1680/1680 1667/1667/1667 
f 1667/1667/1667 1680/1680/1680 1665/1665/1665 
f 1665/1665/1665 1680/1680/1680 1663/1663/1663 
f 1663/1663/1663 1681/1681/1681 1659/1659/1659 
f 1659/1659/1659 1682/1682/1682 1661/1661/1661 
f 1685/1685/1685 1684/1684/1684 1683/1683/1683 
f 1684/1684/1684 1686/1686/1686 1683/1683/1683 
f 1683/1683/1683 1686/1686/1686 1687/1687/1687 
f 1686/1686/1686 1688/1688/1688 1687/1687/1687 
f 1687/1687/1687 1688/1688/1688 1689/1689/1689 
f 1688/1688/1688 1690/1690/1690 1689/1689/1689 
f 1691/1691/1691 1684/1684/1684 1685/1685/1685 
f 1692/1692/1692 1691/1691/1691 1685/1685/1685 
f 1693/1693/1693 1691/1691/1691 1692/1692/1692 
f 1694/1694/1694 1693/1693/1693 1692/1692/1692 
f 1695/1695/1695 1693/1693/1693 1694/1694/1694 
f 1696/1696/1696 1695/1695/1695 1694/1694/1694 
f 1697/1697/1697 1695/1695/1695 1696/1696/1696 
f 1662/1662/1662 1697/1697/1697 1696/1696/1696 
f 1698/1698/1698 1697/1697/1697 1662/1662/1662 
f 1698/1698/1698 1699/1699/1699 1697/1697/1697 
f 1699/1699/1699 1700/1700/1700 1697/1697/1697 
f 1697/1697/1697 1700/1700/1700 1695/1695/1695 
f 1700/1700/1700 1701/1701/1701 1695/1695/1695 
f 1695/1695/1695 1701/1701/1701 1693/1693/1693 
f 1701/1701/1701 1702/1702/1702 1693/1693/1693 
f 1693/1693/1693 1702/1702/1702 1691/1691/1691 
f 1702/1702/1702 1703/1703/1703 1691/1691/1691 
f 1691/1691/1691 1703/1703/1703 1704/1704/1704 
f 1703/1703/1703 1705/1705/1705 1704/1704/1704 
f 1704/1704/1704 1705/1705/1705 1686/1686/1686 
f 1705/1705/1705 1706/1706/1706 1686/1686/1686 
f 1686/1686/1686 1706/1706/1706 1707/1707/1707 
f 1706/1706/1706 1708/1708/1708 1707/1707/1707 
f 1707/1707/1707 1708/1708/1708 1709/1709/1709 
f 1708/1708/1708 1710/1710/1710 1709/1709/1709 
f 1705/1705/1705 1711/1711/1711 1706/1706/1706 
f 1711/1711/1711 1712/1712/1712 1706/1706/1706 
f 1706/1706/1706 1712/1712/1712 1708/1708/1708 
f 1712/1712/1712 1713/1713/1713 1708/1708/1708 
f 1708/1708/1708 1713/1713/1713 1710/1710/1710 
f 1713/1713/1713 1714/1714/1714 1710/1710/1710 
f 1700/1700/1700 1715/1715/1715 1701/1701/1701 
f 1716/1716/1716 1715/1715/1715 1700/1700/1700 
f 1699/1699/1699 1716/1716/1716 1700/1700/1700 
f 1717/1717/1717 1711/1711/1711 1705/1705/1705 
f 1703/1703/1703 1717/1717/1717 1705/1705/1705 
f 1718/1718/1718 1717/1717/1717 1703/1703/1703 
f 1702/1702/1702 1718/1718/1718 1703/1703/1703 
f 1719/1719/1719 1718/1718/1718 1702/1702/1702 
f 1715/1715/1715 1719/1719/1719 1701/1701/1701 
f 1701/1701/1701 1719/1719/1719 1702/1702/1702 
f 1711/1711/1711 1720/1720/1720 1712/1712/1712 
f 1720/1720/1720 1721/1721/1721 1712/1712/1712 
f 1712/1712/1712 1721/1721/1721 1713/1713/1713 
f 1721/1721/1721 1722/1722/1722 1713/1713/1713 
f 1713/1713/1713 1722/1722/1722 1714/1714/1714 
f 1722/1722/1722 1723/1723/1723 1714/1714/1714 
f 1716/1716/1716 1724/1724/1724 1715/1715/1715 
f 1724/1724/1724 1725/1725/1725 1715/1715/1715 
f 1715/1715/1715 1725/1725/1725 1719/1719/1719 
f 1725/1725/1725 1726/1726/1726 1719/1719/1719 
f 1719/1719/1719 1726/1726/1726 1718/1718/1718 
f 1726/1726/1726 1727/1727/1727 1718/1718/1718 
f 1718/1718/1718 1727/1727/1727 1717/1717/1717 
f 1727/1727/1727 1728/1728/1728 1717/1717/1717 
f 1717/1717/1717 1728/1728/1728 1711/1711/1711 
f 1728/1728/1728 1720/1720/1720 1711/1711/1711 
f 1730/1730/1730 1729/1729/1729 1662/1662/1662 
f 1733/1733/1733 1732/1732/1732 1731/1731/1731 
f 1732/1732/1732 1734/1734/1734 1731/1731/1731 
f 1731/1731/1731 1734/1734/1734 1735/1735/1735 
f 1734/1734/1734 1736/1736/1736 1735/1735/1735 
f 1735/1735/1735 1736/1736/1736 1737/1737/1737 
f 1736/1736/1736 1738/1738/1738 1737/1737/1737 
f 1737/1737/1737 1738/1738/1738 1739/1739/1739 
f 1738/1738/1738 1740/1740/1740 1739/1739/1739 
f 1739/1739/1739 1740/1740/1740 1741/1741/1741 
f 1740/1740/1740 1742/1742/1742 1741/1741/1741 
f 1741/1741/1741 1742/1742/1742 1743/1743/1743 
f 1742/1742/1742 1744/1744/1744 1743/1743/1743 
f 1743/1743/1743 1744/1744/1744 1745/1745/1745 
f 1744/1744/1744 1746/1746/1746 1745/1745/1745 
f 1745/1745/1745 1746/1746/1746 1747/1747/1747 
f 1746/1746/1746 1748/1748/1748 1747/1747/1747 
f 1747/1747/1747 1749/1749/1749 1745/1745/1745 
f 1749/1749/1749 1750/1750/1750 1745/1745/1745 
f 1745/1745/1745 1750/1750/1750 1743/1743/1743 
f 1750/1750/1750 1751/1751/1751 1743/1743/1743 
f 1743/1743/1743 1751/1751/1751 1741/1741/1741 
f 1751/1751/1751 1752/1752/1752 1741/1741/1741 
f 1741/1741/1741 1752/1752/1752 1739/1739/1739 
f 1752/1752/1752 1753/1753/1753 1739/1739/1739 
f 1739/1739/1739 1753/1753/1753 1737/1737/1737 
f 1753/1753/1753 1754/1754/1754 1737/1737/1737 
f 1737/1737/1737 1754/1754/1754 1735/1735/1735 
f 1754/1754/1754 1755/1755/1755 1735/1735/1735 
f 1735/1735/1735 1755/1755/1755 1731/1731/1731 
f 1755/1755/1755 1756/1756/1756 1731/1731/1731 
f 1731/1731/1731 1756/1756/1756 1733/1733/1733 
f 1756/1756/1756 1757/1757/1757 1733/1733/1733 
f 1760/1760/1760 1759/1759/1759 1758/1758/1758 
f 1761/1761/1761 1759/1759/1759 1760/1760/1760 
f 1762/1762/1762 1759/1759/1759 1761/1761/1761 
f 1763/1763/1763 1759/1759/1759 1762/1762/1762 
f 1766/1766/1766 1765/1765/1765 1764/1764/1764 
f 1764/1764/1764 1765/1765/1765 1767/1767/1767 
f 1769/1769/1769 1765/1765/1765 1768/1768/1768 
f 1768/1768/1768 1765/1765/1765 1770/1770/1770 
f 1773/1773/1773 1772/1772/1772 1771/1771/1771 
f 1774/1774/1774 1772/1772/1772 1773/1773/1773 
f 1775/1775/1775 1772/1772/1772 1774/1774/1774 
f 1776/1776/1776 1772/1772/1772 1775/1775/1775 
f 1777/1777/1777 1772/1772/1772 1776/1776/1776 
f 1778/1778/1778 1772/1772/1772 1777/1777/1777 
f 1779/1779/1779 1772/1772/1772 1778/1778/1778 
f 1771/1771/1771 1772/1772/1772 1779/1779/1779 
f 1782/1782/1782 1781/1781/1781 1780/1780/1780 
f 1781/1781/1781 1783/1783/1783 1780/1780/1780 
f 1784/1784/1784 1781/1781/1781 1782/1782/1782 
f 1785/1785/1785 1784/1784/1784 1782/1782/1782 
f 1786/1786/1786 1784/1784/1784 1785/1785/1785 
f 1787/1787/1787 1786/1786/1786 1785/1785/1785 
f 1788/1788/1788 1786/1786/1786 1787/1787/1787 
f 1789/1789/1789 1788/1788/1788 1787/1787/1787 
f 1790/1790/1790 1788/1788/1788 1789/1789/1789 
f 1791/1791/1791 1790/1790/1790 1789/1789/1789 
f 1792/1792/1792 1790/1790/1790 1791/1791/1791 
f 1793/1793/1793 1792/1792/1792 1791/1791/1791 
f 1794/1794/1794 1792/1792/1792 1793/1793/1793 
f 1795/1795/1795 1794/1794/1794 1793/1793/1793 
f 1796/1796/1796 1794/1794/1794 1795/1795/1795 
f 1797/1797/1797 1796/1796/1796 1795/1795/1795 
f 1800/1800/1800 1799/1799/1799 1798/1798/1798 
f 1799/1799/1799 1801/1801/1801 1798/1798/1798 
f 1802/1802/1802 1799/1799/1799 1800/1800/1800 
f 1803/1803/1803 1802/1802/1802 1800/1800/1800 
f 1804/1804/1804 1802/1802/1802 1803/1803/1803 
f 1805/1805/1805 1804/1804/1804 1803/1803/1803 
f 1806/1806/1806 1804/1804/1804 1805/1805/1805 
f 1807/1807/1807 1806/1806/1806 1805/1805/1805 
f 1808/1808/1808 1806/1806/1806 1807/1807/1807 
f 1809/1809/1809 1808/1808/1808 1807/1807/1807 
f 1810/1810/1810 1808/1808/1808 1809/1809/1809 
f 1811/1811/1811 1810/1810/1810 1809/1809/1809 
f 1812/1812/1812 1810/1810/1810 1811/1811/1811 
f 1813/1813/1813 1812/1812/1812 1811/1811/1811 
f 1814/1814/1814 1812/1812/1812 1813/1813/1813 
f 1815/1815/1815 1814/1814/1814 1813/1813/1813 
f 1818/1818/1818 1817/1817/1817 1816/1816/1816 
f 1817/1817/1817 1819/1819/1819 1816/1816/1816 
f 1820/1820/1820 1817/1817/1817 1818/1818/1818 
f 1821/1821/1821 1820/1820/1820 1818/1818/1818 
f 1822/1822/1822 1820/1820/1820 1821/1821/1821 
f 1823/1823/1823 1822/1822/1822 1821/1821/1821 
f 1824/1824/1824 1822/1822/1822 1823/1823/1823 
f 1825/1825/1825 1824/1824/1824 1823/1823/1823 
f 1826/1826/1826 1824/1824/1824 1825/1825/1825 
f 1827/1827/1827 1826/1826/1826 1825/1825/1825 
f 1828/1828/1828 1826/1826/1826 1827/1827/1827 
f 1829/1829/1829 1828/1828/1828 1827/1827/1827 
f 1830/1830/1830 1828/1828/1828 1829/1829/1829 
f 1831/1831/1831 1830/1830/1830 1829/1829/1829 
f 1832/1832/1832 1830/1830/1830 1831/1831/1831 
f 1833/1833/1833 1832/1832/1832 1831/1831/1831 
f 1836/1836/1836 1835/1835/1835 1834/1834/1834 
f 1835/1835/1835 1837/1837/1837 1834/1834/1834 
f 1834/1834/1834 1837/1837/1837 1838/1838/1838 
f 1837/1837/1837 1839/1839/1839 1838/1838/1838 
f 1838/1838/1838 1839/1839/1839 1840/1840/1840 
f 1839/1839/1839 1841/1841/1841 1840/1840/1840 
f 1840/1840/1840 1841/1841/1841 1842/1842/1842 
f 1841/1841/1841 1843/1843/1843 1842/1842/1842 
f 1842/1842/1842 1843/1843/1843 1844/1844/1844 
f 1843/1843/1843 1845/1845/1845 1844/1844/1844 
f 1844/1844/1844 1845/1845/1845 1846/1846/1846 
f 1845/1845/1845 1847/1847/1847 1846/1846/1846 
f 1846/1846/1846 1847/1847/1847 1848/1848/1848 
f 1847/1847/1847 1849/1849/1849 1848/1848/1848 
f 1848/1848/1848 1849/1849/1849 1850/1850/1850 
f 1849/1849/1849 1851/1851/1851 1850/1850/1850 
f 1854/1854/1854 1853/1853/1853 1852/1852/1852 
f 1853/1853/1853 1855/1855/1855 1852/1852/1852 
f 1856/1856/1856 1853/1853/1853 1854/1854/1854 
f 1857/1857/1857 1856/1856/1856 1854/1854/1854 
f 1858/1858/1858 1856/1856/1856 1857/1857/1857 
f 1859/1859/1859 1858/1858/1858 1857/1857/1857 
f 1860/1860/1860 1858/1858/1858 1859/1859/1859 
f 1861/1861/1861 1860/1860/1860 1859/1859/1859 
f 1862/1862/1862 1860/1860/1860 1861/1861/1861 
f 1863/1863/1863 1862/1862/1862 1861/1861/1861 
f 1864/1864/1864 1862/1862/1862 1863/1863/1863 
f 1865/1865/1865 1864/1864/1864 1863/1863/1863 
f 1866/1866/1866 1864/1864/1864 1865/1865/1865 
f 1867/1867/1867 1866/1866/1866 1865/1865/1865 
f 1868/1868/1868 1866/1866/1866 1867/1867/1867 
f 1869/1869/1869 1868/1868/1868 1867/1867/1867 
f 1860/1860/1860 1870/1870/1870 1858/1858/1858 
f 1870/1870/1870 1871/1871/1871 1858/1858/1858 
f 1858/1858/1858 1871/1871/1871 1856/1856/1856 
f 1871/1871/1871 1872/1872/1872 1856/1856/1856 
f 1868/1868/1868 1873/1873/1873 1866/1866/1866 
f 1873/1873/1873 1874/1874/1874 1866/1866/1866 
f 1866/1866/1866 1874/1874/1874 1864/1864/1864 
f 1874/1874/1874 1875/1875/1875 1864/1864/1864 
f 1864/1864/1864 1875/1875/1875 1862/1862/1862 
f 1875/1875/1875 1876/1876/1876 1862/1862/1862 
f 1862/1862/1862 1876/1876/1876 1860/1860/1860 
f 1876/1876/1876 1870/1870/1870 1860/1860/1860 
f 1870/1870/1870 1877/1877/1877 1871/1871/1871 
f 1877/1877/1877 1878/1878/1878 1871/1871/1871 
f 1871/1871/1871 1878/1878/1878 1872/1872/1872 
f 1878/1878/1878 1879/1879/1879 1872/1872/1872 
f 1872/1872/1872 1879/1879/1879 1880/1880/1880 
f 1872/1872/1872 1880/1880/1880 1853/1853/1853 
f 1856/1856/1856 1872/1872/1872 1853/1853/1853 
f 1853/1853/1853 1880/1880/1880 1855/1855/1855 
f 1880/1880/1880 1881/1881/1881 1855/1855/1855 
f 1879/1879/1879 1882/1882/1882 1880/1880/1880 
f 1880/1880/1880 1882/1882/1882 1881/1881/1881 
f 1882/1882/1882 1883/1883/1883 1881/1881/1881 
f 1873/1873/1873 1884/1884/1884 1874/1874/1874 
f 1884/1884/1884 1885/1885/1885 1874/1874/1874 
f 1874/1874/1874 1885/1885/1885 1875/1875/1875 
f 1885/1885/1885 1886/1886/1886 1875/1875/1875 
f 1875/1875/1875 1886/1886/1886 1876/1876/1876 
f 1886/1886/1886 1887/1887/1887 1876/1876/1876 
f 1876/1876/1876 1887/1887/1887 1870/1870/1870 
f 1887/1887/1887 1877/1877/1877 1870/1870/1870 
f 1887/1887/1887 1888/1888/1888 1877/1877/1877 
f 1878/1878/1878 1889/1889/1889 1879/1879/1879 
f 1882/1882/1882 1890/1890/1890 1883/1883/1883 
f 1891/1891/1891 1890/1890/1890 1882/1882/1882 
f 1879/1879/1879 1891/1891/1891 1882/1882/1882 
f 1892/1892/1892 1891/1891/1891 1879/1879/1879 
f 1890/1890/1890 1893/1893/1893 1883/1883/1883 
f 1884/1884/1884 1894/1894/1894 1885/1885/1885 
f 1894/1894/1894 1895/1895/1895 1885/1885/1885 
f 1885/1885/1885 1896/1896/1896 1886/1886/1886 
f 1886/1886/1886 1897/1897/1897 1887/1887/1887 
f 1897/1897/1897 1888/1888/1888 1887/1887/1887 
f 1898/1898/1898 1897/1897/1897 1886/1886/1886 
f 1892/1892/1892 1899/1899/1899 1891/1891/1891 
f 1899/1899/1899 1900/1900/1900 1891/1891/1891 
f 1891/1891/1891 1900/1900/1900 1890/1890/1890 
f 1900/1900/1900 1901/1901/1901 1890/1890/1890 
f 1890/1890/1890 1901/1901/1901 1893/1893/1893 
f 1901/1901/1901 1902/1902/1902 1893/1893/1893 
f 1894/1894/1894 1903/1903/1903 1895/1895/1895 
f 1903/1903/1903 1904/1904/1904 1895/1895/1895 
f 1898/1898/1898 1905/1905/1905 1897/1897/1897 
f 1905/1905/1905 1906/1906/1906 1897/1897/1897 
f 1897/1897/1897 1906/1906/1906 1888/1888/1888 
f 1906/1906/1906 1907/1907/1907 1888/1888/1888 
f 1888/1888/1888 1907/1907/1907 1908/1908/1908 
f 1888/1888/1888 1908/1908/1908 1877/1877/1877 
f 1877/1877/1877 1908/1908/1908 1878/1878/1878 
f 1908/1908/1908 1909/1909/1909 1878/1878/1878 
f 1907/1907/1907 1910/1910/1910 1908/1908/1908 
f 1908/1908/1908 1910/1910/1910 1909/1909/1909 
f 1910/1910/1910 1911/1911/1911 1909/1909/1909 
f 1914/1914/1914 1913/1913/1913 1912/1912/1912 
f 1915/1915/1915 1913/1913/1913 1914/1914/1914 
f 1916/1916/1916 1913/1913/1913 1915/1915/1915 
f 1917/1917/1917 1913/1913/1913 1916/1916/1916 
f 1918/1918/1918 1913/1913/1913 1917/1917/1917 
f 1919/1919/1919 1913/1913/1913 1918/1918/1918 
f 1920/1920/1920 1913/1913/1913 1919/1919/1919 
f 1912/1912/1912 1913/1913/1913 1920/1920/1920 
f 1923/1923/1923 1922/1922/1922 1921/1921/1921 
f 1922/1922/1922 1924/1924/1924 1921/1921/1921 
f 1925/1925/1925 1922/1922/1922 1923/1923/1923 
f 1926/1926/1926 1925/1925/1925 1923/1923/1923 
f 1927/1927/1927 1925/1925/1925 1926/1926/1926 
f 1928/1928/1928 1927/1927/1927 1926/1926/1926 
f 1929/1929/1929 1927/1927/1927 1928/1928/1928 
f 1930/1930/1930 1929/1929/1929 1928/1928/1928 
f 1931/1931/1931 1929/1929/1929 1930/1930/1930 
f 1932/1932/1932 1931/1931/1931 1930/1930/1930 
f 1933/1933/1933 1931/1931/1931 1932/1932/1932 
f 1934/1934/1934 1933/1933/1933 1932/1932/1932 
f 1935/1935/1935 1933/1933/1933 1934/1934/1934 
f 1936/1936/1936 1935/1935/1935 1934/1934/1934 
f 1937/1937/1937 1935/1935/1935 1936/1936/1936 
f 1938/1938/1938 1937/1937/1937 1936/1936/1936 
f 1941/1941/1941 1940/1940/1940 1939/1939/1939 
f 1940/1940/1940 1942/1942/1942 1939/1939/1939 
f 1943/1943/1943 1940/1940/1940 1941/1941/1941 
f 1944/1944/1944 1943/1943/1943 1941/1941/1941 
f 1945/1945/1945 1943/1943/1943 1944/1944/1944 
f 1946/1946/1946 1945/1945/1945 1944/1944/1944 
f 1947/1947/1947 1945/1945/1945 1946/1946/1946 
f 1948/1948/1948 1947/1947/1947 1946/1946/1946 
f 1949/1949/1949 1947/1947/1947 1948/1948/1948 
f 1950/1950/1950 1949/1949/1949 1948/1948/1948 
f 1951/1951/1951 1949/1949/1949 1950/1950/1950 
f 1952/1952/1952 1951/1951/1951 1950/1950/1950 
f 1953/1953/1953 1951/1951/1951 1952/1952/1952 
f 1954/1954/1954 1953/1953/1953 1952/1952/1952 
f 1955/1955/1955 1953/1953/1953 1954/1954/1954 
f 1956/1956/1956 1955/1955/1955 1954/1954/1954 
f 1959/1959/1959 1958/1958/1958 1957/1957/1957 
f 1957/1957/1957 1958/1958/1958 1960/1960/1960 
f 1960/1960/1960 1958/1958/1958 1961/1961/1961 
f 1961/1961/1961 1958/1958/1958 1962/1962/1962 
f 1962/1962/1962 1958/1958/1958 1963/1963/1963 
f 1963/1963/1963 1958/1958/1958 1964/1964/1964 
f 1964/1964/1964 1958/1958/1958 1965/1965/1965 
f 1965/1965/1965 1958/1958/1958 1959/1959/1959 
f 1968/1968/1968 1967/1967/1967 1966/1966/1966 
f 1967/1967/1967 1969/1969/1969 1966/1966/1966 
f 1972/1972/1972 1971/1971/1971 1970/1970/1970 
f 1971/1971/1971 1973/1973/1973 1970/1970/1970 
f 1976/1976/1976 1975/1975/1975 1974/1974/1974 
f 1975/1975/1975 1977/1977/1977 1974/1974/1974 
f 1980/1980/1980 1979/1979/1979 1978/1978/1978 
f 1979/1979/1979 1981/1981/1981 1978/1978/1978 
f 1984/1984/1984 1983/1983/1983 1982/1982/1982 
f 1983/1983/1983 1985/1985/1985 1982/1982/1982 
f 1988/1988/1988 1987/1987/1987 1986/1986/1986 
f 1987/1987/1987 1989/1989/1989 1986/1986/1986 
f 1990/1990/1990 1987/1987/1987 1988/1988/1988 
f 1991/1991/1991 1990/1990/1990 1988/1988/1988 
f 1992/1992/1992 1990/1990/1990 1991/1991/1991 
f 1993/1993/1993 1992/1992/1992 1991/1991/1991 
f 1994/1994/1994 1992/1992/1992 1993/1993/1993 
f 1995/1995/1995 1994/1994/1994 1993/1993/1993 
f 1996/1996/1996 1994/1994/1994 1995/1995/1995 
f 1997/1997/1997 1996/1996/1996 1995/1995/1995 
f 1998/1998/1998 1996/1996/1996 1997/1997/1997 
f 1999/1999/1999 1998/1998/1998 1997/1997/1997 
f 2000/2000/2000 1999/1999/1999 1997/1997/1997 
f 2001/2001/2001 2000/2000/2000 1997/1997/1997 
f 2002/2002/2002 2000/2000/2000 2001/2001/2001 
f 2003/2003/2003 2002/2002/2002 2001/2001/2001 
f 2004/2004/2004 2002/2002/2002 2003/2003/2003 
f 2005/2005/2005 2004/2004/2004 2003/2003/2003 
f 2006/2006/2006 2004/2004/2004 2005/2005/2005 
f 2007/2007/2007 2006/2006/2006 2005/2005/2005 
f 2008/2008/2008 2006/2006/2006 2007/2007/2007 
f 2009/2009/2009 2008/2008/2008 2007/2007/2007 
f 2010/2010/2010 2008/2008/2008 2009/2009/2009 
f 2011/2011/2011 2010/2010/2010 2009/2009/2009 
f 2012/2012/2012 2010/2010/2010 2011/2011/2011 
f 2013/2013/2013 2012/2012/2012 2011/2011/2011 
f 2014/2014/2014 2012/2012/2012 2013/2013/2013 
f 2015/2015/2015 2014/2014/2014 2013/2013/2013 
f 2007/2007/2007 2005/2005/2005 2016/2016/2016 
f 2005/2005/2005 2017/2017/2017 2016/2016/2016 
f 2016/2016/2016 2017/2017/2017 2018/2018/2018 
f 2017/2017/2017 2019/2019/2019 2018/2018/2018 
f 2018/2018/2018 2019/2019/2019 2020/2020/2020 
f 2019/2019/2019 2021/2021/2021 2020/2020/2020 
f 2020/2020/2020 2021/2021/2021 2022/2022/2022 
f 2021/2021/2021 2023/2023/2023 2022/2022/2022 
f 2022/2022/2022 2023/2023/2023 2024/2024/2024 
f 2023/2023/2023 2025/2025/2025 2024/2024/2024 
f 2024/2024/2024 2025/2025/2025 2026/2026/2026 
f 2026/2026/2026 2025/2025/2025 1989/1989/1989 
f 2025/2025/2025 1986/1986/1986 1989/1989/1989 
f 2027/2027/2027 2024/2024/2024 2026/2026/2026 
f 2018/2018/2018 2028/2028/2028 2016/2016/2016 
f 2028/2028/2028 2029/2029/2029 2016/2016/2016 
f 2028/2028/2028 2030/2030/2030 2029/2029/2029 
f 2030/2030/2030 2031/2031/2031 2029/2029/2029 
f 2032/2032/2032 2031/2031/2031 2030/2030/2030 
f 2033/2033/2033 2032/2032/2032 2030/2030/2030 
f 2033/2033/2033 2034/2034/2034 2032/2032/2032 
f 2029/2029/2029 2031/2031/2031 2009/2009/2009 
f 2029/2029/2029 2009/2009/2009 2007/2007/2007 
f 2016/2016/2016 2029/2029/2029 2007/2007/2007 
f 2031/2031/2031 2011/2011/2011 2009/2009/2009 
f 2011/2011/2011 2031/2031/2031 2032/2032/2032 
f 2013/2013/2013 2011/2011/2011 2032/2032/2032 
f 2032/2032/2032 2035/2035/2035 2013/2013/2013 
f 2036/2036/2036 2035/2035/2035 2032/2032/2032 
f 2035/2035/2035 2015/2015/2015 2013/2013/2013 
f 2037/2037/2037 2035/2035/2035 2036/2036/2036 
f 2015/2015/2015 2035/2035/2035 2037/2037/2037 
f 2038/2038/2038 2037/2037/2037 2036/2036/2036 
f 2036/2036/2036 2033/2033/2033 2038/2038/2038 
f 2033/2033/2033 2039/2039/2039 2038/2038/2038 
f 2040/2040/2040 2039/2039/2039 2033/2033/2033 
f 2040/2040/2040 2033/2033/2033 2030/2030/2030 
f 2041/2041/2041 2040/2040/2040 2030/2030/2030 
f 2030/2030/2030 2042/2042/2042 2041/2041/2041 
f 2030/2030/2030 2028/2028/2028 2042/2042/2042 
f 2028/2028/2028 2043/2043/2043 2042/2042/2042 
f 2043/2043/2043 2028/2028/2028 2044/2044/2044 
f 2044/2044/2044 2028/2028/2028 2018/2018/2018 
f 2045/2045/2045 2044/2044/2044 2018/2018/2018 
f 2045/2045/2045 2018/2018/2018 2020/2020/2020 
f 2046/2046/2046 2045/2045/2045 2020/2020/2020 
f 2046/2046/2046 2020/2020/2020 2022/2022/2022 
f 2047/2047/2047 2046/2046/2046 2022/2022/2022 
f 2047/2047/2047 2022/2022/2022 2024/2024/2024 
f 2048/2048/2048 2047/2047/2047 2024/2024/2024 
f 2048/2048/2048 2024/2024/2024 2027/2027/2027 
f 2049/2049/2049 2048/2048/2048 2027/2027/2027 
f 2049/2049/2049 2027/2027/2027 2050/2050/2050 
f 2050/2050/2050 2027/2027/2027 2026/2026/2026 
f 2051/2051/2051 2050/2050/2050 2026/2026/2026 
f 2052/2052/2052 2051/2051/2051 2026/2026/2026 
f 1989/1989/1989 2052/2052/2052 2026/2026/2026 
f 2053/2053/2053 2052/2052/2052 1989/1989/1989 
f 1987/1987/1987 2053/2053/2053 1989/1989/1989 
f 2054/2054/2054 2053/2053/2053 1987/1987/1987 
f 1990/1990/1990 2054/2054/2054 1987/1987/1987 
f 2055/2055/2055 2054/2054/2054 1990/1990/1990 
f 1992/1992/1992 2055/2055/2055 1990/1990/1990 
f 2056/2056/2056 2055/2055/2055 1992/1992/1992 
f 2057/2057/2057 2056/2056/2056 1992/1992/1992 
f 1994/1994/1994 2057/2057/2057 1992/1992/1992 
f 2058/2058/2058 2057/2057/2057 1994/1994/1994 
f 1996/1996/1996 2058/2058/2058 1994/1994/1994 
f 2059/2059/2059 2058/2058/2058 1996/1996/1996 
f 1998/1998/1998 2059/2059/2059 1996/1996/1996 
f 2059/2059/2059 1998/1998/1998 1999/1999/1999 
f 2060/2060/2060 2059/2059/2059 1999/1999/1999 
f 2060/2060/2060 1999/1999/1999 2000/2000/2000 
f 2061/2061/2061 2060/2060/2060 2000/2000/2000 
f 2061/2061/2061 2000/2000/2000 2002/2002/2002 
f 2062/2062/2062 2061/2061/2061 2002/2002/2002 
f 2062/2062/2062 2002/2002/2002 2004/2004/2004 
f 2063/2063/2063 2062/2062/2062 2004/2004/2004 
f 2063/2063/2063 2004/2004/2004 2006/2006/2006 
f 2064/2064/2064 2063/2063/2063 2006/2006/2006 
f 2065/2065/2065 2064/2064/2064 2006/2006/2006 
f 2008/2008/2008 2065/2065/2065 2006/2006/2006 
f 2066/2066/2066 2065/2065/2065 2008/2008/2008 
f 2010/2010/2010 2066/2066/2066 2008/2008/2008 
f 2067/2067/2067 2066/2066/2066 2010/2010/2010 
f 2068/2068/2068 2067/2067/2067 2010/2010/2010 
f 2069/2069/2069 2067/2067/2067 2068/2068/2068 
f 2070/2070/2070 2069/2069/2069 2068/2068/2068 
f 2068/2068/2068 2010/2010/2010 2071/2071/2071 
f 2071/2071/2071 2070/2070/2070 2068/2068/2068 
f 2010/2010/2010 2012/2012/2012 2071/2071/2071 
f 2071/2071/2071 2012/2012/2012 2014/2014/2014 
f 2072/2072/2072 2071/2071/2071 2014/2014/2014 
f 2072/2072/2072 2014/2014/2014 2015/2015/2015 
f 2037/2037/2037 2072/2072/2072 2073/2073/2073 
f 2075/2075/2075 2074/2074/2074 1993/1993/1993 
f 2074/2074/2074 1995/1995/1995 1993/1993/1993 
f 2074/2074/2074 2076/2076/2076 1995/1995/1995 
f 2076/2076/2076 1997/1997/1997 1995/1995/1995 
f 2076/2076/2076 2077/2077/2077 1997/1997/1997 
f 2077/2077/2077 2001/2001/2001 1997/1997/1997 
f 2077/2077/2077 2078/2078/2078 2001/2001/2001 
f 2078/2078/2078 2003/2003/2003 2001/2001/2001 
f 2078/2078/2078 2079/2079/2079 2003/2003/2003 
f 2079/2079/2079 2005/2005/2005 2003/2003/2003 
f 2079/2079/2079 2080/2080/2080 2005/2005/2005 
f 2080/2080/2080 2017/2017/2017 2005/2005/2005 
f 2080/2080/2080 2081/2081/2081 2017/2017/2017 
f 2081/2081/2081 2019/2019/2019 2017/2017/2017 
f 2021/2021/2021 2019/2019/2019 2081/2081/2081 
f 2082/2082/2082 2021/2021/2021 2081/2081/2081 
f 2023/2023/2023 2021/2021/2021 2082/2082/2082 
f 2083/2083/2083 2023/2023/2023 2082/2082/2082 
f 2083/2083/2083 2084/2084/2084 2023/2023/2023 
f 2084/2084/2084 2025/2025/2025 2023/2023/2023 
f 1986/1986/1986 2025/2025/2025 2084/2084/2084 
f 2085/2085/2085 1986/1986/1986 2084/2084/2084 
f 1988/1988/1988 1986/1986/1986 2085/2085/2085 
f 2086/2086/2086 1988/1988/1988 2085/2085/2085 
f 1991/1991/1991 1988/1988/1988 2086/2086/2086 
f 2087/2087/2087 1991/1991/1991 2086/2086/2086 
f 1993/1993/1993 1991/1991/1991 2087/2087/2087 
f 2075/2075/2075 1993/1993/1993 2087/2087/2087 
f 2088/2088/2088 2082/2082/2082 2081/2081/2081 
f 2088/2088/2088 2089/2089/2089 2082/2082/2082 
f 2089/2089/2089 2083/2083/2083 2082/2082/2082 
f 2089/2089/2089 2090/2090/2090 2083/2083/2083 
f 2090/2090/2090 2084/2084/2084 2083/2083/2083 
f 2090/2090/2090 2091/2091/2091 2084/2084/2084 
f 2091/2091/2091 2085/2085/2085 2084/2084/2084 
f 2091/2091/2091 2092/2092/2092 2085/2085/2085 
f 2092/2092/2092 2086/2086/2086 2085/2085/2085 
f 2092/2092/2092 2093/2093/2093 2086/2086/2086 
f 2093/2093/2093 2087/2087/2087 2086/2086/2086 
f 2093/2093/2093 2094/2094/2094 2087/2087/2087 
f 2094/2094/2094 2075/2075/2075 2087/2087/2087 
f 2094/2094/2094 2095/2095/2095 2075/2075/2075 
f 2095/2095/2095 2074/2074/2074 2075/2075/2075 
f 2095/2095/2095 2096/2096/2096 2074/2074/2074 
f 2096/2096/2096 2076/2076/2076 2074/2074/2074 
f 2096/2096/2096 2097/2097/2097 2076/2076/2076 
f 2097/2097/2097 2077/2077/2077 2076/2076/2076 
f 2097/2097/2097 2098/2098/2098 2077/2077/2077 
f 2098/2098/2098 2078/2078/2078 2077/2077/2077 
f 2098/2098/2098 2099/2099/2099 2078/2078/2078 
f 2099/2099/2099 2079/2079/2079 2078/2078/2078 
f 2099/2099/2099 2100/2100/2100 2079/2079/2079 
f 2100/2100/2100 2080/2080/2080 2079/2079/2079 
f 2100/2100/2100 2101/2101/2101 2080/2080/2080 
f 2101/2101/2101 2081/2081/2081 2080/2080/2080 
f 2102/2102/2102 2095/2095/2095 2094/2094/2094 
f 2103/2103/2103 2102/2102/2102 2094/2094/2094 
f 2102/2102/2102 2104/2104/2104 2095/2095/2095 
f 2104/2104/2104 2096/2096/2096 2095/2095/2095 
f 2104/2104/2104 2105/2105/2105 2096/2096/2096 
f 2105/2105/2105 2097/2097/2097 2096/2096/2096 
f 2105/2105/2105 2106/2106/2106 2097/2097/2097 
f 2107/2107/2107 2099/2099/2099 2098/2098/2098 
f 2108/2108/2108 2088/2088/2088 2081/2081/2081 
f 2109/2109/2109 2088/2088/2088 2108/2108/2108 
f 2109/2109/2109 2110/2110/2110 2088/2088/2088 
f 2110/2110/2110 2089/2089/2089 2088/2088/2088 
f 2110/2110/2110 2111/2111/2111 2089/2089/2089 
f 2111/2111/2111 2090/2090/2090 2089/2089/2089 
f 2113/2113/2113 2109/2109/2109 2112/2112/2112 
f 2115/2115/2115 2113/2113/2113 2114/2114/2114 
f 2117/2117/2117 2115/2115/2115 2116/2116/2116 
f 2119/2119/2119 2117/2117/2117 2118/2118/2118 
f 2111/2111/2111 2121/2121/2121 2120/2120/2120 
f 2122/2122/2122 2091/2091/2091 2090/2090/2090 
f 2121/2121/2121 2124/2124/2124 2123/2123/2123 
f 2124/2124/2124 2126/2126/2126 2125/2125/2125 
f 2128/2128/2128 2125/2125/2125 2127/2127/2127 
f 2126/2126/2126 2103/2103/2103 2129/2129/2129 
f 2103/2103/2103 2094/2094/2094 2093/2093/2093 
f 2130/2130/2130 2093/2093/2093 2092/2092/2092 
f 2133/2133/2133 2132/2132/2132 2131/2131/2131 
f 2132/2132/2132 2134/2134/2134 2131/2131/2131 
f 2132/2132/2132 2135/2135/2135 2134/2134/2134 
f 2135/2135/2135 2136/2136/2136 2134/2134/2134 
f 2135/2135/2135 2137/2137/2137 2136/2136/2136 
f 2137/2137/2137 2138/2138/2138 2136/2136/2136 
f 2137/2137/2137 2139/2139/2139 2138/2138/2138 
f 2139/2139/2139 2140/2140/2140 2138/2138/2138 
f 2139/2139/2139 2141/2141/2141 2140/2140/2140 
f 2141/2141/2141 2142/2142/2142 2140/2140/2140 
f 2141/2141/2141 2143/2143/2143 2142/2142/2142 
f 2143/2143/2143 2144/2144/2144 2142/2142/2142 
f 2143/2143/2143 2145/2145/2145 2144/2144/2144 
f 2145/2145/2145 2146/2146/2146 2144/2144/2144 
f 2147/2147/2147 2143/2143/2143 2141/2141/2141 
f 2148/2148/2148 2147/2147/2147 2141/2141/2141 
f 2149/2149/2149 2147/2147/2147 2148/2148/2148 
f 2150/2150/2150 2149/2149/2149 2148/2148/2148 
f 2139/2139/2139 2151/2151/2151 2141/2141/2141 
f 2151/2151/2151 2148/2148/2148 2141/2141/2141 
f 2150/2150/2150 2148/2148/2148 2151/2151/2151 
f 2151/2151/2151 2139/2139/2139 2137/2137/2137 
f 2152/2152/2152 2150/2150/2150 2151/2151/2151 
f 2153/2153/2153 2151/2151/2151 2137/2137/2137 
f 2153/2153/2153 2154/2154/2154 2151/2151/2151 
f 2154/2154/2154 2152/2152/2152 2151/2151/2151 
f 2155/2155/2155 2154/2154/2154 2153/2153/2153 
f 2156/2156/2156 2155/2155/2155 2153/2153/2153 
f 2156/2156/2156 2153/2153/2153 2137/2137/2137 
f 2135/2135/2135 2156/2156/2156 2137/2137/2137 
f 2157/2157/2157 2156/2156/2156 2135/2135/2135 
f 2155/2155/2155 2156/2156/2156 2157/2157/2157 
f 2132/2132/2132 2157/2157/2157 2135/2135/2135 
f 2158/2158/2158 2155/2155/2155 2157/2157/2157 
f 2157/2157/2157 2132/2132/2132 2133/2133/2133 
f 2159/2159/2159 2157/2157/2157 2133/2133/2133 
f 2158/2158/2158 2157/2157/2157 2159/2159/2159 
f 2160/2160/2160 2158/2158/2158 2159/2159/2159 
f 2161/2161/2161 2152/2152/2152 2154/2154/2154 
f 2162/2162/2162 2161/2161/2161 2154/2154/2154 
f 2161/2161/2161 2163/2163/2163 2152/2152/2152 
f 2163/2163/2163 2150/2150/2150 2152/2152/2152 
f 2163/2163/2163 2164/2164/2164 2150/2150/2150 
f 2164/2164/2164 2149/2149/2149 2150/2150/2150 
f 2165/2165/2165 2158/2158/2158 2160/2160/2160 
f 2166/2166/2166 2165/2165/2165 2160/2160/2160 
f 2167/2167/2167 2165/2165/2165 2166/2166/2166 
f 2155/2155/2155 2158/2158/2158 2165/2165/2165 
f 2168/2168/2168 2155/2155/2155 2165/2165/2165 
f 2155/2155/2155 2168/2168/2168 2154/2154/2154 
f 2168/2168/2168 2162/2162/2162 2154/2154/2154 
f 2169/2169/2169 2168/2168/2168 2165/2165/2165 
f 2169/2169/2169 2165/2165/2165 2167/2167/2167 
f 2170/2170/2170 2162/2162/2162 2168/2168/2168 
f 2171/2171/2171 2170/2170/2170 2168/2168/2168 
f 2170/2170/2170 2172/2172/2172 2162/2162/2162 
f 2172/2172/2172 2161/2161/2161 2162/2162/2162 
f 2172/2172/2172 2173/2173/2173 2161/2161/2161 
f 2173/2173/2173 2163/2163/2163 2161/2161/2161 
f 2173/2173/2173 2174/2174/2174 2163/2163/2163 
f 2174/2174/2174 2164/2164/2164 2163/2163/2163 
f 2169/2169/2169 2175/2175/2175 2168/2168/2168 
f 2175/2175/2175 2171/2171/2171 2168/2168/2168 
f 2176/2176/2176 2175/2175/2175 2169/2169/2169 
f 2177/2177/2177 2176/2176/2176 2169/2169/2169 
f 2178/2178/2178 2177/2177/2177 2169/2169/2169 
f 2178/2178/2178 2169/2169/2169 2179/2179/2179 
f 2180/2180/2180 2177/2177/2177 2178/2178/2178 
f 2176/2176/2176 2177/2177/2177 2180/2180/2180 
f 2181/2181/2181 2180/2180/2180 2178/2178/2178 
f 2182/2182/2182 2176/2176/2176 2180/2180/2180 
f 2183/2183/2183 2180/2180/2180 2181/2181/2181 
f 2183/2183/2183 2184/2184/2184 2180/2180/2180 
f 2184/2184/2184 2182/2182/2182 2180/2180/2180 
f 2185/2185/2185 2181/2181/2181 2178/2178/2178 
f 2183/2183/2183 2181/2181/2181 2185/2185/2185 
f 2179/2179/2179 2186/2186/2186 2178/2178/2178 
f 2186/2186/2186 2185/2185/2185 2178/2178/2178 
f 2187/2187/2187 2185/2185/2185 2186/2186/2186 
f 2188/2188/2188 2187/2187/2187 2186/2186/2186 
f 2188/2188/2188 2186/2186/2186 2167/2167/2167 
f 2167/2167/2167 2186/2186/2186 2179/2179/2179 
f 2179/2179/2179 2169/2169/2169 2167/2167/2167 
f 2189/2189/2189 2187/2187/2187 2188/2188/2188 
f 2190/2190/2190 2189/2189/2189 2188/2188/2188 
f 2191/2191/2191 2188/2188/2188 2167/2167/2167 
f 2192/2192/2192 2191/2191/2191 2167/2167/2167 
f 2193/2193/2193 2191/2191/2191 2192/2192/2192 
f 2194/2194/2194 2182/2182/2182 2184/2184/2184 
f 2194/2194/2194 2176/2176/2176 2182/2182/2182 
f 2194/2194/2194 2175/2175/2175 2176/2176/2176 
f 2194/2194/2194 2171/2171/2171 2175/2175/2175 
f 2194/2194/2194 2170/2170/2170 2171/2171/2171 
f 2194/2194/2194 2172/2172/2172 2170/2170/2170 
f 2194/2194/2194 2173/2173/2173 2172/2172/2172 
f 2194/2194/2194 2174/2174/2174 2173/2173/2173 
f 2194/2194/2194 2195/2195/2195 2174/2174/2174 
f 2195/2195/2195 2196/2196/2196 2174/2174/2174 
f 2196/2196/2196 2197/2197/2197 2174/2174/2174 
f 2197/2197/2197 2164/2164/2164 2174/2174/2174 
f 2149/2149/2149 2164/2164/2164 2197/2197/2197 
f 2198/2198/2198 2149/2149/2149 2197/2197/2197 
f 2198/2198/2198 2199/2199/2199 2149/2149/2149 
f 2199/2199/2199 2147/2147/2147 2149/2149/2149 
f 2147/2147/2147 2199/2199/2199 2143/2143/2143 
f 2199/2199/2199 2145/2145/2145 2143/2143/2143 
f 2194/2194/2194 2200/2200/2200 2195/2195/2195 
f 2194/2194/2194 2201/2201/2201 2200/2200/2200 
f 2194/2194/2194 2202/2202/2202 2201/2201/2201 
f 2194/2194/2194 2184/2184/2184 2202/2202/2202 
f 2205/2205/2205 2204/2204/2204 2203/2203/2203 
f 2204/2204/2204 2206/2206/2206 2203/2203/2203 
f 2207/2207/2207 2206/2206/2206 2204/2204/2204 
f 2208/2208/2208 2207/2207/2207 2204/2204/2204 
f 2209/2209/2209 2207/2207/2207 2208/2208/2208 
f 2210/2210/2210 2209/2209/2209 2208/2208/2208 
f 2205/2205/2205 2203/2203/2203 2211/2211/2211 
f 2203/2203/2203 2212/2212/2212 2211/2211/2211 
f 2211/2211/2211 2212/2212/2212 2213/2213/2213 
f 2214/2214/2214 2211/2211/2211 2213/2213/2213 
f 2215/2215/2215 2214/2214/2214 2213/2213/2213 
f 2216/2216/2216 2215/2215/2215 2213/2213/2213 
f 2217/2217/2217 2215/2215/2215 2216/2216/2216 
f 2218/2218/2218 2217/2217/2217 2216/2216/2216 
f 2219/2219/2219 2217/2217/2217 2218/2218/2218 
f 2214/2214/2214 2215/2215/2215 2219/2219/2219 
f 2215/2215/2215 2217/2217/2217 2219/2219/2219 
f 2211/2211/2211 2214/2214/2214 2219/2219/2219 
f 2220/2220/2220 2219/2219/2219 2218/2218/2218 
f 2221/2221/2221 2219/2219/2219 2220/2220/2220 
f 2222/2222/2222 2221/2221/2221 2220/2220/2220 
f 2223/2223/2223 2221/2221/2221 2222/2222/2222 
f 2224/2224/2224 2223/2223/2223 2222/2222/2222 
f 2225/2225/2225 2223/2223/2223 2224/2224/2224 
f 2226/2226/2226 2225/2225/2225 2224/2224/2224 
f 2227/2227/2227 2225/2225/2225 2226/2226/2226 
f 2225/2225/2225 2227/2227/2227 2221/2221/2221 
f 2227/2227/2227 2219/2219/2219 2221/2221/2221 
f 2228/2228/2228 2227/2227/2227 2226/2226/2226 
f 2229/2229/2229 2227/2227/2227 2228/2228/2228 
f 2230/2230/2230 2229/2229/2229 2228/2228/2228 
f 2221/2221/2221 2223/2223/2223 2231/2231/2231 
f 2227/2227/2227 2211/2211/2211 2219/2219/2219 
f 2232/2232/2232 2227/2227/2227 2229/2229/2229 
f 2233/2233/2233 2232/2232/2232 2229/2229/2229 
f 2234/2234/2234 2232/2232/2232 2233/2233/2233 
f 2227/2227/2227 2234/2234/2234 2211/2211/2211 
f 2227/2227/2227 2232/2232/2232 2234/2234/2234 
f 2235/2235/2235 2234/2234/2234 2233/2233/2233 
f 2211/2211/2211 2234/2234/2234 2235/2235/2235 
f 2236/2236/2236 2211/2211/2211 2235/2235/2235 
f 2211/2211/2211 2236/2236/2236 2205/2205/2205 
f 2236/2236/2236 2237/2237/2237 2205/2205/2205 
f 2237/2237/2237 2238/2238/2238 2205/2205/2205 
f 2205/2205/2205 2238/2238/2238 2204/2204/2204 
f 2238/2238/2238 2239/2239/2239 2204/2204/2204 
f 2204/2204/2204 2239/2239/2239 2208/2208/2208 
f 2239/2239/2239 2240/2240/2240 2208/2208/2208 
f 2208/2208/2208 2240/2240/2240 2210/2210/2210 
f 2240/2240/2240 2241/2241/2241 2210/2210/2210 
f 2242/2242/2242 2237/2237/2237 2236/2236/2236 
f 2238/2238/2238 2237/2237/2237 2242/2242/2242 
f 2243/2243/2243 2242/2242/2242 2236/2236/2236 
f 2235/2235/2235 2243/2243/2243 2236/2236/2236 
f 2244/2244/2244 2242/2242/2242 2243/2243/2243 
f 2245/2245/2245 2244/2244/2244 2243/2243/2243 
f 2245/2245/2245 2243/2243/2243 2235/2235/2235 
f 2246/2246/2246 2238/2238/2238 2242/2242/2242 
f 2246/2246/2246 2247/2247/2247 2238/2238/2238 
f 2247/2247/2247 2239/2239/2239 2238/2238/2238 
f 2240/2240/2240 2239/2239/2239 2247/2247/2247 
f 2248/2248/2248 2240/2240/2240 2247/2247/2247 
f 2244/2244/2244 2249/2249/2249 2242/2242/2242 
f 2249/2249/2249 2246/2246/2246 2242/2242/2242 
f 2249/2249/2249 2250/2250/2250 2246/2246/2246 
f 2250/2250/2250 2247/2247/2247 2246/2246/2246 
f 2250/2250/2250 2251/2251/2251 2247/2247/2247 
f 2251/2251/2251 2248/2248/2248 2247/2247/2247 
f 2250/2250/2250 2252/2252/2252 2251/2251/2251 
f 2252/2252/2252 2253/2253/2253 2251/2251/2251 
f 2249/2249/2249 2254/2254/2254 2250/2250/2250 
f 2254/2254/2254 2252/2252/2252 2250/2250/2250 
f 2244/2244/2244 2255/2255/2255 2249/2249/2249 
f 2255/2255/2255 2254/2254/2254 2249/2249/2249 
f 2245/2245/2245 2255/2255/2255 2244/2244/2244 
f 2256/2256/2256 2255/2255/2255 2245/2245/2245 
f 2257/2257/2257 2256/2256/2256 2245/2245/2245 
f 2257/2257/2257 2245/2245/2245 2235/2235/2235 
f 2254/2254/2254 2255/2255/2255 2258/2258/2258 
f 2252/2252/2252 2254/2254/2254 2258/2258/2258 
f 2255/2255/2255 2259/2259/2259 2258/2258/2258 
f 2259/2259/2259 2255/2255/2255 2256/2256/2256 
f 2260/2260/2260 2259/2259/2259 2256/2256/2256 
f 2261/2261/2261 2260/2260/2260 2256/2256/2256 
f 2262/2262/2262 2261/2261/2261 2256/2256/2256 
f 2263/2263/2263 2259/2259/2259 2260/2260/2260 
f 2263/2263/2263 2258/2258/2258 2259/2259/2259 
f 2264/2264/2264 2263/2263/2263 2260/2260/2260 
f 2264/2264/2264 2260/2260/2260 2261/2261/2261 
f 2265/2265/2265 2263/2263/2263 2264/2264/2264 
f 2266/2266/2266 2265/2265/2265 2264/2264/2264 
f 2266/2266/2266 2264/2264/2264 2267/2267/2267 
f 2263/2263/2263 2268/2268/2268 2258/2258/2258 
f 2263/2263/2263 2269/2269/2269 2268/2268/2268 
f 2268/2268/2268 2270/2270/2270 2258/2258/2258 
f 2270/2270/2270 2252/2252/2252 2258/2258/2258 
f 2270/2270/2270 2271/2271/2271 2252/2252/2252 
f 2271/2271/2271 2253/2253/2253 2252/2252/2252 
f 2268/2268/2268 2272/2272/2272 2270/2270/2270 
f 2272/2272/2272 2271/2271/2271 2270/2270/2270 
f 2272/2272/2272 2268/2268/2268 2273/2273/2273 
f 2264/2264/2264 2273/2273/2273 2274/2274/2274 
f 2266/2266/2266 2274/2274/2274 2275/2275/2275 
f 2267/2267/2267 2276/2276/2276 2275/2275/2275 
f 2276/2276/2276 2277/2277/2277 2275/2275/2275 
f 2275/2275/2275 2277/2277/2277 2278/2278/2278 
f 2278/2278/2278 2266/2266/2266 2275/2275/2275 
f 2278/2278/2278 2279/2279/2279 2266/2266/2266 
f 2277/2277/2277 2279/2279/2279 2278/2278/2278 
f 2269/2269/2269 2279/2279/2279 2276/2276/2276 
f 2279/2279/2279 2277/2277/2277 2276/2276/2276 
f 2279/2279/2279 2280/2280/2280 2266/2266/2266 
f 2280/2280/2280 2276/2276/2276 2268/2268/2268 
f 2281/2281/2281 2272/2272/2272 2273/2273/2273 
f 2282/2282/2282 2272/2272/2272 2281/2281/2281 
f 2272/2272/2272 2282/2282/2282 2271/2271/2271 
f 2283/2283/2283 2282/2282/2282 2281/2281/2281 
f 2282/2282/2282 2284/2284/2284 2271/2271/2271 
f 2285/2285/2285 2283/2283/2283 2281/2281/2281 
f 2286/2286/2286 2285/2285/2285 2281/2281/2281 
f 2287/2287/2287 2281/2281/2281 2273/2273/2273 
f 2288/2288/2288 2287/2287/2287 2273/2273/2273 
f 2287/2287/2287 2288/2288/2288 2289/2289/2289 
f 2289/2289/2289 2288/2288/2288 2262/2262/2262 
f 2288/2288/2288 2261/2261/2261 2262/2262/2262 
f 2290/2290/2290 2287/2287/2287 2289/2289/2289 
f 2261/2261/2261 2288/2288/2288 2264/2264/2264 
f 2288/2288/2288 2273/2273/2273 2264/2264/2264 
f 2287/2287/2287 2291/2291/2291 2281/2281/2281 
f 2291/2291/2291 2286/2286/2286 2281/2281/2281 
f 2294/2294/2294 2293/2293/2293 2292/2292/2292 
f 2293/2293/2293 2295/2295/2295 2292/2292/2292 
f 2296/2296/2296 2293/2293/2293 2294/2294/2294 
f 2297/2297/2297 2296/2296/2296 2294/2294/2294 
f 2296/2296/2296 2297/2297/2297 2298/2298/2298 
f 2297/2297/2297 2299/2299/2299 2298/2298/2298 
f 2299/2299/2299 2300/2300/2300 2298/2298/2298 
f 2300/2300/2300 2301/2301/2301 2298/2298/2298 
f 2302/2302/2302 2299/2299/2299 2297/2297/2297 
f 2294/2294/2294 2303/2303/2303 2297/2297/2297 
f 2303/2303/2303 2302/2302/2302 2297/2297/2297 
f 2292/2292/2292 2304/2304/2304 2294/2294/2294 
f 2304/2304/2304 2303/2303/2303 2294/2294/2294 
f 2302/2302/2302 2303/2303/2303 2305/2305/2305 
f 2303/2303/2303 2304/2304/2304 2305/2305/2305 
f 2305/2305/2305 2304/2304/2304 2306/2306/2306 
f 2307/2307/2307 2305/2305/2305 2306/2306/2306 
f 2308/2308/2308 2305/2305/2305 2307/2307/2307 
f 2309/2309/2309 2308/2308/2308 2307/2307/2307 
f 2308/2308/2308 2310/2310/2310 2305/2305/2305 
f 2310/2310/2310 2302/2302/2302 2305/2305/2305 
f 2299/2299/2299 2302/2302/2302 2310/2310/2310 
f 2311/2311/2311 2300/2300/2300 2299/2299/2299 
f 2312/2312/2312 2311/2311/2311 2299/2299/2299 
f 2312/2312/2312 2299/2299/2299 2310/2310/2310 
f 2313/2313/2313 2311/2311/2311 2312/2312/2312 
f 2314/2314/2314 2313/2313/2313 2312/2312/2312 
f 2315/2315/2315 2312/2312/2312 2310/2310/2310 
f 2314/2314/2314 2312/2312/2312 2315/2315/2315 
f 2308/2308/2308 2316/2316/2316 2310/2310/2310 
f 2316/2316/2316 2315/2315/2315 2310/2310/2310 
f 2317/2317/2317 2316/2316/2316 2308/2308/2308 
f 2309/2309/2309 2317/2317/2317 2308/2308/2308 
f 2318/2318/2318 2316/2316/2316 2317/2317/2317 
f 2315/2315/2315 2316/2316/2316 2318/2318/2318 
f 2319/2319/2319 2318/2318/2318 2317/2317/2317 
f 2320/2320/2320 2315/2315/2315 2318/2318/2318 
f 2321/2321/2321 2314/2314/2314 2315/2315/2315 
f 2322/2322/2322 2321/2321/2321 2315/2315/2315 
f 2321/2321/2321 2322/2322/2322 2323/2323/2323 
f 2322/2322/2322 2324/2324/2324 2323/2323/2323 
f 2323/2323/2323 2324/2324/2324 2325/2325/2325 
f 2324/2324/2324 2326/2326/2326 2325/2325/2325 
f 2325/2325/2325 2326/2326/2326 2327/2327/2327 
f 2326/2326/2326 2328/2328/2328 2327/2327/2327 
f 2318/2318/2318 2329/2329/2329 2322/2322/2322 
f 2329/2329/2329 2330/2330/2330 2322/2322/2322 
f 2326/2326/2326 2330/2330/2330 2331/2331/2331 
f 2333/2333/2333 2329/2329/2329 2332/2332/2332 
f 2334/2334/2334 2333/2333/2333 2332/2332/2332 
f 2327/2327/2327 2334/2334/2334 2335/2335/2335 
f 2337/2337/2337 2336/2336/2336 2334/2334/2334 
f 2336/2336/2336 2338/2338/2338 2334/2334/2334 
f 2339/2339/2339 2336/2336/2336 2337/2337/2337 
f 2340/2340/2340 2339/2339/2339 2337/2337/2337 
f 2340/2340/2340 2337/2337/2337 2334/2334/2334 
f 2327/2327/2327 2341/2341/2341 2340/2340/2340 
f 2341/2341/2341 2339/2339/2339 2340/2340/2340 
f 2342/2342/2342 2329/2329/2329 2338/2338/2338 
f 2338/2338/2338 2336/2336/2336 2343/2343/2343 
f 2336/2336/2336 2339/2339/2339 2343/2343/2343 
f 2338/2338/2338 2343/2343/2343 2344/2344/2344 
f 2327/2327/2327 2340/2340/2340 2345/2345/2345 
f 2347/2347/2347 2327/2327/2327 2346/2346/2346 
f 2350/2350/2350 2349/2349/2349 2348/2348/2348 
f 2350/2350/2350 2351/2351/2351 2349/2349/2349 
f 2351/2351/2351 2352/2352/2352 2349/2349/2349 
f 2353/2353/2353 2352/2352/2352 2351/2351/2351 
f 2354/2354/2354 2353/2353/2353 2351/2351/2351 
f 2355/2355/2355 2353/2353/2353 2354/2354/2354 
f 2356/2356/2356 2355/2355/2355 2354/2354/2354 
f 2357/2357/2357 2355/2355/2355 2356/2356/2356 
f 2358/2358/2358 2357/2357/2357 2356/2356/2356 
f 2359/2359/2359 2357/2357/2357 2358/2358/2358 
f 2360/2360/2360 2359/2359/2359 2358/2358/2358 
f 2361/2361/2361 2359/2359/2359 2360/2360/2360 
f 2362/2362/2362 2361/2361/2361 2360/2360/2360 
f 2362/2362/2362 2363/2363/2363 2361/2361/2361 
f 2363/2363/2363 2364/2364/2364 2361/2361/2361 
f 2364/2364/2364 2363/2363/2363 2365/2365/2365 
f 2363/2363/2363 2366/2366/2366 2365/2365/2365 
f 2367/2367/2367 2366/2366/2366 2363/2363/2363 
f 2368/2368/2368 2367/2367/2367 2363/2363/2363 
f 2368/2368/2368 2363/2363/2363 2362/2362/2362 
f 2360/2360/2360 2358/2358/2358 2368/2368/2368 
f 2360/2360/2360 2368/2368/2368 2362/2362/2362 
f 2368/2368/2368 2369/2369/2369 2367/2367/2367 
f 2368/2368/2368 2370/2370/2370 2369/2369/2369 
f 2370/2370/2370 2371/2371/2371 2369/2369/2369 
f 2370/2370/2370 2372/2372/2372 2371/2371/2371 
f 2372/2372/2372 2229/2229/2229 2371/2371/2371 
f 2229/2229/2229 2372/2372/2372 2233/2233/2233 
f 2233/2233/2233 2372/2372/2372 2257/2257/2257 
f 2235/2235/2235 2233/2233/2233 2257/2257/2257 
f 2371/2371/2371 2229/2229/2229 2230/2230/2230 
f 2358/2358/2358 2373/2373/2373 2368/2368/2368 
f 2358/2358/2358 2356/2356/2356 2373/2373/2373 
f 2356/2356/2356 2374/2374/2374 2373/2373/2373 
f 2356/2356/2356 2354/2354/2354 2374/2374/2374 
f 2354/2354/2354 2375/2375/2375 2374/2374/2374 
f 2354/2354/2354 2376/2376/2376 2375/2375/2375 
f 2376/2376/2376 2377/2377/2377 2375/2375/2375 
f 2378/2378/2378 2377/2377/2377 2376/2376/2376 
f 2376/2376/2376 2379/2379/2379 2378/2378/2378 
f 2376/2376/2376 2380/2380/2380 2379/2379/2379 
f 2378/2378/2378 2379/2379/2379 2381/2381/2381 
f 2379/2379/2379 2382/2382/2382 2381/2381/2381 
f 2380/2380/2380 2376/2376/2376 2351/2351/2351 
f 2351/2351/2351 2376/2376/2376 2354/2354/2354 
f 2380/2380/2380 2351/2351/2351 2383/2383/2383 
f 2351/2351/2351 2350/2350/2350 2383/2383/2383 
f 2350/2350/2350 2348/2348/2348 2383/2383/2383 
f 2380/2380/2380 2383/2383/2383 2384/2384/2384 
f 2385/2385/2385 2380/2380/2380 2384/2384/2384 
f 2379/2379/2379 2380/2380/2380 2385/2385/2385 
f 2386/2386/2386 2379/2379/2379 2385/2385/2385 
f 2387/2387/2387 2379/2379/2379 2386/2386/2386 
f 2382/2382/2382 2379/2379/2379 2387/2387/2387 
f 2388/2388/2388 2387/2387/2387 2386/2386/2386 
f 2389/2389/2389 2387/2387/2387 2388/2388/2388 
f 2382/2382/2382 2387/2387/2387 2389/2389/2389 
f 2390/2390/2390 2389/2389/2389 2388/2388/2388 
f 2391/2391/2391 2382/2382/2382 2389/2389/2389 
f 2392/2392/2392 2385/2385/2385 2384/2384/2384 
f 2393/2393/2393 2392/2392/2392 2384/2384/2384 
f 2393/2393/2393 2384/2384/2384 2394/2394/2394 
f 2395/2395/2395 2393/2393/2393 2394/2394/2394 
f 2392/2392/2392 2396/2396/2396 2385/2385/2385 
f 2396/2396/2396 2386/2386/2386 2385/2385/2385 
f 2396/2396/2396 2397/2397/2397 2386/2386/2386 
f 2397/2397/2397 2388/2388/2388 2386/2386/2386 
f 2397/2397/2397 2398/2398/2398 2388/2388/2388 
f 2398/2398/2398 2390/2390/2390 2388/2388/2388 
f 2398/2398/2398 2399/2399/2399 2390/2390/2390 
f 2399/2399/2399 2400/2400/2400 2390/2390/2390 
f 2389/2389/2389 2400/2400/2400 2401/2401/2401 
f 2389/2389/2389 2401/2401/2401 2391/2391/2391 
f 2401/2401/2401 2400/2400/2400 2402/2402/2402 
f 2400/2400/2400 2399/2399/2399 2402/2402/2402 
f 2403/2403/2403 2401/2401/2401 2402/2402/2402 
f 2404/2404/2404 2403/2403/2403 2402/2402/2402 
f 2405/2405/2405 2403/2403/2403 2404/2404/2404 
f 2401/2401/2401 2406/2406/2406 2391/2391/2391 
f 2403/2403/2403 2407/2407/2407 2401/2401/2401 
f 2407/2407/2407 2406/2406/2406 2401/2401/2401 
f 2405/2405/2405 2408/2408/2408 2403/2403/2403 
f 2408/2408/2408 2407/2407/2407 2403/2403/2403 
f 2404/2404/2404 2409/2409/2409 2405/2405/2405 
f 2409/2409/2409 2408/2408/2408 2405/2405/2405 
f 2410/2410/2410 2397/2397/2397 2396/2396/2396 
f 2410/2410/2410 2411/2411/2411 2397/2397/2397 
f 2411/2411/2411 2410/2410/2410 2412/2412/2412 
f 2412/2412/2412 2410/2410/2410 2413/2413/2413 
f 2410/2410/2410 2414/2414/2414 2413/2413/2413 
f 2413/2413/2413 2414/2414/2414 2415/2415/2415 
f 2414/2414/2414 2416/2416/2416 2415/2415/2415 
f 2415/2415/2415 2416/2416/2416 2417/2417/2417 
f 2416/2416/2416 2418/2418/2418 2417/2417/2417 
f 2417/2417/2417 2418/2418/2418 2419/2419/2419 
f 2418/2418/2418 2420/2420/2420 2419/2419/2419 
f 2419/2419/2419 2420/2420/2420 2421/2421/2421 
f 2420/2420/2420 2422/2422/2422 2421/2421/2421 
f 2422/2422/2422 2423/2423/2423 2421/2421/2421 
f 2423/2423/2423 2424/2424/2424 2421/2421/2421 
f 2423/2423/2423 2425/2425/2425 2424/2424/2424 
f 2425/2425/2425 2426/2426/2426 2424/2424/2424 
f 2426/2426/2426 2425/2425/2425 2427/2427/2427 
f 2425/2425/2425 2313/2313/2313 2427/2427/2427 
f 2427/2427/2427 2313/2313/2313 2314/2314/2314 
f 2428/2428/2428 2427/2427/2427 2314/2314/2314 
f 2428/2428/2428 2314/2314/2314 2429/2429/2429 
f 2314/2314/2314 2321/2321/2321 2429/2429/2429 
f 2429/2429/2429 2321/2321/2321 2430/2430/2430 
f 2321/2321/2321 2431/2431/2431 2430/2430/2430 
f 2301/2301/2301 2313/2313/2313 2425/2425/2425 
f 2432/2432/2432 2301/2301/2301 2425/2425/2425 
f 2425/2425/2425 2423/2423/2423 2432/2432/2432 
f 2423/2423/2423 2433/2433/2433 2432/2432/2432 
f 2423/2423/2423 2422/2422/2422 2433/2433/2433 
f 2422/2422/2422 2434/2434/2434 2433/2433/2433 
f 2422/2422/2422 2435/2435/2435 2434/2434/2434 
f 2422/2422/2422 2436/2436/2436 2435/2435/2435 
f 2422/2422/2422 2420/2420/2420 2436/2436/2436 
f 2420/2420/2420 2437/2437/2437 2436/2436/2436 
f 2420/2420/2420 2418/2418/2418 2437/2437/2437 
f 2418/2418/2418 2438/2438/2438 2437/2437/2437 
f 2439/2439/2439 2438/2438/2438 2418/2418/2418 
f 2418/2418/2418 2416/2416/2416 2439/2439/2439 
f 2416/2416/2416 2440/2440/2440 2439/2439/2439 
f 2416/2416/2416 2414/2414/2414 2440/2440/2440 
f 2414/2414/2414 2392/2392/2392 2440/2440/2440 
f 2414/2414/2414 2410/2410/2410 2392/2392/2392 
f 2410/2410/2410 2396/2396/2396 2392/2392/2392 
f 2443/2443/2443 2442/2442/2442 2441/2441/2441 
f 2442/2442/2442 2276/2276/2276 2441/2441/2441 
f 2446/2446/2446 2445/2445/2445 2444/2444/2444 
f 2445/2445/2445 2447/2447/2447 2444/2444/2444 
f 2449/2449/2449 2448/2448/2448 2444/2444/2444 
f 2448/2448/2448 2450/2450/2450 2444/2444/2444 
f 2452/2452/2452 2451/2451/2451 2449/2449/2449 
f 2451/2451/2451 2453/2453/2453 2449/2449/2449 
f 2455/2455/2455 2454/2454/2454 2452/2452/2452 
f 2454/2454/2454 2456/2456/2456 2452/2452/2452 
f 2458/2458/2458 2457/2457/2457 2455/2455/2455 
f 2457/2457/2457 2459/2459/2459 2455/2455/2455 
f 2461/2461/2461 2460/2460/2460 2458/2458/2458 
f 2460/2460/2460 2462/2462/2462 2458/2458/2458 
f 2464/2464/2464 2463/2463/2463 2461/2461/2461 
f 2463/2463/2463 2465/2465/2465 2461/2461/2461 
f 2467/2467/2467 2466/2466/2466 2464/2464/2464 
f 2466/2466/2466 2468/2468/2468 2464/2464/2464 
f 2470/2470/2470 2469/2469/2469 2467/2467/2467 
f 2469/2469/2469 2471/2471/2471 2467/2467/2467 
f 2473/2473/2473 2472/2472/2472 2470/2470/2470 
f 2472/2472/2472 2474/2474/2474 2470/2470/2470 
f 2476/2476/2476 2475/2475/2475 2473/2473/2473 
f 2475/2475/2475 2477/2477/2477 2473/2473/2473 
f 2479/2479/2479 2478/2478/2478 2476/2476/2476 
f 2478/2478/2478 2480/2480/2480 2476/2476/2476 
f 2482/2482/2482 2481/2481/2481 2479/2479/2479 
f 2482/2482/2482 2484/2484/2484 2483/2483/2483 
f 2484/2484/2484 2485/2485/2485 2483/2483/2483 
f 2485/2485/2485 2484/2484/2484 2486/2486/2486 
f 2488/2488/2488 2483/2483/2483 2487/2487/2487 
f 2489/2489/2489 2488/2488/2488 2487/2487/2487 
f 2491/2491/2491 2487/2487/2487 2490/2490/2490 
f 2492/2492/2492 2491/2491/2491 2490/2490/2490 
f 2494/2494/2494 2490/2490/2490 2493/2493/2493 
f 2495/2495/2495 2494/2494/2494 2493/2493/2493 
f 2497/2497/2497 2493/2493/2493 2496/2496/2496 
f 2498/2498/2498 2497/2497/2497 2496/2496/2496 
f 2496/2496/2496 2500/2500/2500 2499/2499/2499 
f 2500/2500/2500 2501/2501/2501 2499/2499/2499 
f 2501/2501/2501 2500/2500/2500 2502/2502/2502 
f 2503/2503/2503 2501/2501/2501 2502/2502/2502 
f 2502/2502/2502 2505/2505/2505 2504/2504/2504 
f 2505/2505/2505 2506/2506/2506 2504/2504/2504 
f 2505/2505/2505 2508/2508/2508 2507/2507/2507 
f 2508/2508/2508 2509/2509/2509 2507/2507/2507 
f 2511/2511/2511 2508/2508/2508 2510/2510/2510 
f 2508/2508/2508 2512/2512/2512 2510/2510/2510 
f 2514/2514/2514 2512/2512/2512 2513/2513/2513 
f 2512/2512/2512 2515/2515/2515 2513/2513/2513 
f 2515/2515/2515 2517/2517/2517 2516/2516/2516 
f 2517/2517/2517 2518/2518/2518 2516/2516/2516 
f 2520/2520/2520 2519/2519/2519 2517/2517/2517 
f 2520/2520/2520 2522/2522/2522 2521/2521/2521 
f 2522/2522/2522 2523/2523/2523 2521/2521/2521 
f 2525/2525/2525 2522/2522/2522 2524/2524/2524 
f 2525/2525/2525 2524/2524/2524 2526/2526/2526 
f 2528/2528/2528 2526/2526/2526 2527/2527/2527 
f 2528/2528/2528 2527/2527/2527 2529/2529/2529 
f 2528/2528/2528 2529/2529/2529 2447/2447/2447 
f 2528/2528/2528 2531/2531/2531 2530/2530/2530 
f 2533/2533/2533 2530/2530/2530 2532/2532/2532 
f 2533/2533/2533 2532/2532/2532 2534/2534/2534 
f 2533/2533/2533 2534/2534/2534 2535/2535/2535 
f 2538/2538/2538 2537/2537/2537 2536/2536/2536 
f 2537/2537/2537 2539/2539/2539 2536/2536/2536 
f 2542/2542/2542 2541/2541/2541 2540/2540/2540 
f 2541/2541/2541 2543/2543/2543 2540/2540/2540 
f 2546/2546/2546 2545/2545/2545 2544/2544/2544 
f 2549/2549/2549 2548/2548/2548 2547/2547/2547 
f 2548/2548/2548 2550/2550/2550 2547/2547/2547 
f 2551/2551/2551 2411/2411/2411 2412/2412/2412 
f 2552/2552/2552 2411/2411/2411 2551/2551/2551 
f 2553/2553/2553 2552/2552/2552 2551/2551/2551 
f 2554/2554/2554 2552/2552/2552 2553/2553/2553 
f 2555/2555/2555 2552/2552/2552 2554/2554/2554 
f 2411/2411/2411 2552/2552/2552 2555/2555/2555 
f 2556/2556/2556 2555/2555/2555 2554/2554/2554 
f 2555/2555/2555 2556/2556/2556 2397/2397/2397 
f 2556/2556/2556 2554/2554/2554 2557/2557/2557 
f 2557/2557/2557 2554/2554/2554 2558/2558/2558 
f 2559/2559/2559 2556/2556/2556 2557/2557/2557 
f 2411/2411/2411 2555/2555/2555 2560/2560/2560 
f 2556/2556/2556 2399/2399/2399 2561/2561/2561 
f 2562/2562/2562 2399/2399/2399 2556/2556/2556 
f 2562/2562/2562 2557/2557/2557 2404/2404/2404 
f 2557/2557/2557 2409/2409/2409 2563/2563/2563 
f 2566/2566/2566 2565/2565/2565 2564/2564/2564 
f 2568/2568/2568 2398/2398/2398 2567/2567/2567 
f 2570/2570/2570 2389/2389/2389 2569/2569/2569 
f 2572/2572/2572 2571/2571/2571 2394/2394/2394 
f 2571/2571/2571 2395/2395/2395 2394/2394/2394 
f 2573/2573/2573 2571/2571/2571 2572/2572/2572 
f 2574/2574/2574 2573/2573/2573 2572/2572/2572 
f 2575/2575/2575 2573/2573/2573 2574/2574/2574 
f 2576/2576/2576 2575/2575/2575 2574/2574/2574 
f 2577/2577/2577 2098/2098/2098 2097/2097/2097 
f 2580/2580/2580 2579/2579/2579 2578/2578/2578 
f 2582/2582/2582 2101/2101/2101 2581/2581/2581 
f 2585/2585/2585 2584/2584/2584 2583/2583/2583 
f 2584/2584/2584 2586/2586/2586 2583/2583/2583 
f 2586/2586/2586 2587/2587/2587 2583/2583/2583 
f 2587/2587/2587 2588/2588/2588 2583/2583/2583 
f 2591/2591/2591 2590/2590/2590 2589/2589/2589 
f 2589/2589/2589 2590/2590/2590 2592/2592/2592 
f 2590/2590/2590 2593/2593/2593 2592/2592/2592 
f 2592/2592/2592 2593/2593/2593 2594/2594/2594 
f 2597/2597/2597 2596/2596/2596 2595/2595/2595 
f 2598/2598/2598 2597/2597/2597 2595/2595/2595 
f 2599/2599/2599 2598/2598/2598 2595/2595/2595 
f 2599/2599/2599 2600/2600/2600 2598/2598/2598 
f 2603/2603/2603 2602/2602/2602 2601/2601/2601 
f 2602/2602/2602 2604/2604/2604 2601/2601/2601 
f 2604/2604/2604 2605/2605/2605 2601/2601/2601 
f 2605/2605/2605 2606/2606/2606 2601/2601/2601 
f 2606/2606/2606 2607/2607/2607 2601/2601/2601 
f 2607/2607/2607 2608/2608/2608 2601/2601/2601 
f 2604/2604/2604 2609/2609/2609 2605/2605/2605 
f 2609/2609/2609 2610/2610/2610 2605/2605/2605 
f 2613/2613/2613 2612/2612/2612 2611/2611/2611 
f 2612/2612/2612 2614/2614/2614 2611/2611/2611 
f 2613/2613/2613 2615/2615/2615 2612/2612/2612 
f 2615/2615/2615 2616/2616/2616 2612/2612/2612 
f 2616/2616/2616 2617/2617/2617 2612/2612/2612 
f 2617/2617/2617 2618/2618/2618 2612/2612/2612 
f 2620/2620/2620 2619/2619/2619 2615/2615/2615 
f 2619/2619/2619 2621/2621/2621 2615/2615/2615 
f 2624/2624/2624 2623/2623/2623 2622/2622/2622 
f 2623/2623/2623 2625/2625/2625 2622/2622/2622 
f 2623/2623/2623 2626/2626/2626 2625/2625/2625 
f 2626/2626/2626 2627/2627/2627 2625/2625/2625 
f 2630/2630/2630 2629/2629/2629 2628/2628/2628 
f 2629/2629/2629 2631/2631/2631 2628/2628/2628 
f 2630/2630/2630 2632/2632/2632 2629/2629/2629 
f 2632/2632/2632 2633/2633/2633 2629/2629/2629 
f 2631/2631/2631 2634/2634/2634 2628/2628/2628 
f 2634/2634/2634 2635/2635/2635 2628/2628/2628 
f 2638/2638/2638 2637/2637/2637 2636/2636/2636 
f 2637/2637/2637 2639/2639/2639 2636/2636/2636 
f 2642/2642/2642 2641/2641/2641 2640/2640/2640 
f 2641/2641/2641 2643/2643/2643 2640/2640/2640 
f 2646/2646/2646 2645/2645/2645 2644/2644/2644 
f 2645/2645/2645 2647/2647/2647 2644/2644/2644 
f 2650/2650/2650 2649/2649/2649 2648/2648/2648 
f 2649/2649/2649 2651/2651/2651 2648/2648/2648 
f 2651/2651/2651 2652/2652/2652 2648/2648/2648 
f 2652/2652/2652 2653/2653/2653 2648/2648/2648 
f 2650/2650/2650 2654/2654/2654 2649/2649/2649 
f 2654/2654/2654 2655/2655/2655 2649/2649/2649 
f 2658/2658/2658 2657/2657/2657 2656/2656/2656 
f 2657/2657/2657 2659/2659/2659 2656/2656/2656 
f 2662/2662/2662 2661/2661/2661 2660/2660/2660 
f 2661/2661/2661 2663/2663/2663 2660/2660/2660 
f 2666/2666/2666 2665/2665/2665 2664/2664/2664 
f 2665/2665/2665 2667/2667/2667 2664/2664/2664 
f 2670/2670/2670 2669/2669/2669 2668/2668/2668 
f 2669/2669/2669 2671/2671/2671 2668/2668/2668 
f 2674/2674/2674 2673/2673/2673 2672/2672/2672 
f 2673/2673/2673 2675/2675/2675 2672/2672/2672 
f 2678/2678/2678 2677/2677/2677 2676/2676/2676 
f 2677/2677/2677 2679/2679/2679 2676/2676/2676 
f 2682/2682/2682 2681/2681/2681 2680/2680/2680 
f 2681/2681/2681 2683/2683/2683 2680/2680/2680 
f 2686/2686/2686 2685/2685/2685 2684/2684/2684 
f 2685/2685/2685 2687/2687/2687 2684/2684/2684 
f 2688/2688/2688 2685/2685/2685 2686/2686/2686 
f 2689/2689/2689 2688/2688/2688 2686/2686/2686 
f 2690/2690/2690 2688/2688/2688 2689/2689/2689 
f 2691/2691/2691 2690/2690/2690 2689/2689/2689 
f 2684/2684/2684 2687/2687/2687 2691/2691/2691 
f 2687/2687/2687 2690/2690/2690 2691/2691/2691 
f 2694/2694/2694 2693/2693/2693 2692/2692/2692 
f 2693/2693/2693 2695/2695/2695 2692/2692/2692 
f 2696/2696/2696 2693/2693/2693 2694/2694/2694 
f 2697/2697/2697 2696/2696/2696 2694/2694/2694 
f 2698/2698/2698 2696/2696/2696 2697/2697/2697 
f 2699/2699/2699 2698/2698/2698 2697/2697/2697 
f 2692/2692/2692 2695/2695/2695 2699/2699/2699 
f 2695/2695/2695 2698/2698/2698 2699/2699/2699 
f 2702/2702/2702 2701/2701/2701 2700/2700/2700 
f 2701/2701/2701 2703/2703/2703 2700/2700/2700 
f 2706/2706/2706 2705/2705/2705 2704/2704/2704 
f 2705/2705/2705 2707/2707/2707 2704/2704/2704 
f 2710/2710/2710 2709/2709/2709 2708/2708/2708 
f 2709/2709/2709 2711/2711/2711 2708/2708/2708 
f 2714/2714/2714 2713/2713/2713 2712/2712/2712 
f 2713/2713/2713 2715/2715/2715 2712/2712/2712 
f 2718/2718/2718 2717/2717/2717 2716/2716/2716 
f 2717/2717/2717 2719/2719/2719 2716/2716/2716 
f 2717/2717/2717 2720/2720/2720 2719/2719/2719 
f 2720/2720/2720 2721/2721/2721 2719/2719/2719 
f 2720/2720/2720 2722/2722/2722 2721/2721/2721 
f 2720/2720/2720 2723/2723/2723 2722/2722/2722 
f 2720/2720/2720 2724/2724/2724 2723/2723/2723 
f 2724/2724/2724 2725/2725/2725 2723/2723/2723 
f 2722/2722/2722 2726/2726/2726 2721/2721/2721 
f 2726/2726/2726 2727/2727/2727 2721/2721/2721 
f 2727/2727/2727 2728/2728/2728 2721/2721/2721 
f 2727/2727/2727 2729/2729/2729 2728/2728/2728 
f 2729/2729/2729 2730/2730/2730 2728/2728/2728 
f 2730/2730/2730 2731/2731/2731 2728/2728/2728 
f 2727/2727/2727 2732/2732/2732 2729/2729/2729 
f 2733/2733/2733 2730/2730/2730 2729/2729/2729 
f 2733/2733/2733 2734/2734/2734 2730/2730/2730 
f 2734/2734/2734 2735/2735/2735 2730/2730/2730 
f 2730/2730/2730 2735/2735/2735 2736/2736/2736 
f 2730/2730/2730 2736/2736/2736 2731/2731/2731 
f 2735/2735/2735 2737/2737/2737 2736/2736/2736 
f 2735/2735/2735 2738/2738/2738 2737/2737/2737 
f 2738/2738/2738 2739/2739/2739 2737/2737/2737 
f 2735/2735/2735 2740/2740/2740 2738/2738/2738 
f 2741/2741/2741 2740/2740/2740 2735/2735/2735 
f 2742/2742/2742 2741/2741/2741 2735/2735/2735 
f 2740/2740/2740 2743/2743/2743 2738/2738/2738 
f 2740/2740/2740 2744/2744/2744 2743/2743/2743 
f 2744/2744/2744 2745/2745/2745 2743/2743/2743 
f 2744/2744/2744 2746/2746/2746 2745/2745/2745 
f 2746/2746/2746 2747/2747/2747 2745/2745/2745 
f 2746/2746/2746 2732/2732/2732 2747/2747/2747 
f 2732/2732/2732 2727/2727/2727 2747/2747/2747 
f 2727/2727/2727 2726/2726/2726 2747/2747/2747 
f 2726/2726/2726 2748/2748/2748 2747/2747/2747 
f 2749/2749/2749 2748/2748/2748 2726/2726/2726 
f 2750/2750/2750 2749/2749/2749 2726/2726/2726 
f 2722/2722/2722 2750/2750/2750 2726/2726/2726 
f 2722/2722/2722 2723/2723/2723 2750/2750/2750 
f 2723/2723/2723 2751/2751/2751 2750/2750/2750 
f 2723/2723/2723 2725/2725/2725 2751/2751/2751 
f 2725/2725/2725 2752/2752/2752 2751/2751/2751 
f 2725/2725/2725 2753/2753/2753 2752/2752/2752 
f 2753/2753/2753 2725/2725/2725 2724/2724/2724 
f 2754/2754/2754 2753/2753/2753 2724/2724/2724 
f 2755/2755/2755 2754/2754/2754 2724/2724/2724 
f 2756/2756/2756 2755/2755/2755 2724/2724/2724 
f 2757/2757/2757 2756/2756/2756 2724/2724/2724 
f 2757/2757/2757 2758/2758/2758 2756/2756/2756 
f 2758/2758/2758 2759/2759/2759 2756/2756/2756 
f 2758/2758/2758 2760/2760/2760 2759/2759/2759 
f 2760/2760/2760 2761/2761/2761 2759/2759/2759 
f 2760/2760/2760 2762/2762/2762 2761/2761/2761 
f 2762/2762/2762 2763/2763/2763 2761/2761/2761 
f 2763/2763/2763 2764/2764/2764 2761/2761/2761 
f 2763/2763/2763 2766/2766/2766 2765/2765/2765 
f 2767/2767/2767 2765/2765/2765 2766/2766/2766 
f 2768/2768/2768 2767/2767/2767 2766/2766/2766 
f 2763/2763/2763 2770/2770/2770 2769/2769/2769 
f 2770/2770/2770 2771/2771/2771 2769/2769/2769 
f 2771/2771/2771 2772/2772/2772 2769/2769/2769 
f 2775/2775/2775 2774/2774/2774 2773/2773/2773 
f 2774/2774/2774 2776/2776/2776 2773/2773/2773 
f 2779/2779/2779 2778/2778/2778 2777/2777/2777 
f 2778/2778/2778 2780/2780/2780 2777/2777/2777 
f 2716/2716/2716 2781/2781/2781 2718/2718/2718 
f 2781/2781/2781 2782/2782/2782 2718/2718/2718 
f 2782/2782/2782 2781/2781/2781 2783/2783/2783 
f 2781/2781/2781 2784/2784/2784 2783/2783/2783 
f 2784/2784/2784 2785/2785/2785 2783/2783/2783 
f 2785/2785/2785 2784/2784/2784 2786/2786/2786 
f 2785/2785/2785 2786/2786/2786 2787/2787/2787 
f 2786/2786/2786 2788/2788/2788 2787/2787/2787 
f 2787/2787/2787 2788/2788/2788 2789/2789/2789 
f 2787/2787/2787 2789/2789/2789 2790/2790/2790 
f 2791/2791/2791 2787/2787/2787 2790/2790/2790 
f 2791/2791/2791 2790/2790/2790 2792/2792/2792 
f 2790/2790/2790 2793/2793/2793 2792/2792/2792 
f 2794/2794/2794 2792/2792/2792 2793/2793/2793 
f 2792/2792/2792 2794/2794/2794 2795/2795/2795 
f 2792/2792/2792 2795/2795/2795 2796/2796/2796 
f 2797/2797/2797 2792/2792/2792 2796/2796/2796 
f 2797/2797/2797 2796/2796/2796 2798/2798/2798 
f 2799/2799/2799 2797/2797/2797 2798/2798/2798 
f 2794/2794/2794 2800/2800/2800 2795/2795/2795 
f 2794/2794/2794 2801/2801/2801 2800/2800/2800 
f 2801/2801/2801 2794/2794/2794 2793/2793/2793 
f 2801/2801/2801 2802/2802/2802 2800/2800/2800 
f 2801/2801/2801 2793/2793/2793 2802/2802/2802 
f 2793/2793/2793 2803/2803/2803 2802/2802/2802 
f 2793/2793/2793 2790/2790/2790 2803/2803/2803 
f 2790/2790/2790 2804/2804/2804 2803/2803/2803 
f 2790/2790/2790 2805/2805/2805 2804/2804/2804 
f 2805/2805/2805 2806/2806/2806 2804/2804/2804 
f 2805/2805/2805 2807/2807/2807 2806/2806/2806 
f 2807/2807/2807 2808/2808/2808 2806/2806/2806 
f 2807/2807/2807 2809/2809/2809 2808/2808/2808 
f 2809/2809/2809 2807/2807/2807 2805/2805/2805 
f 2809/2809/2809 2810/2810/2810 2808/2808/2808 
f 2811/2811/2811 2809/2809/2809 2805/2805/2805 
f 2811/2811/2811 2805/2805/2805 2790/2790/2790 
f 2789/2789/2789 2811/2811/2811 2790/2790/2790 
f 2814/2814/2814 2813/2813/2813 2812/2812/2812 
f 2812/2812/2812 2815/2815/2815 2814/2814/2814 
f 2815/2815/2815 2816/2816/2816 2814/2814/2814 
f 2812/2812/2812 2813/2813/2813 2817/2817/2817 
f 2814/2814/2814 2816/2816/2816 2818/2818/2818 
f 2819/2819/2819 2814/2814/2814 2818/2818/2818 
f 2820/2820/2820 2819/2819/2819 2818/2818/2818 
f 2784/2784/2784 2821/2821/2821 2786/2786/2786 
f 2784/2784/2784 2737/2737/2737 2821/2821/2821 
f 2737/2737/2737 2739/2739/2739 2821/2821/2821 
f 2822/2822/2822 2737/2737/2737 2784/2784/2784 
f 2781/2781/2781 2822/2822/2822 2784/2784/2784 
f 2822/2822/2822 2736/2736/2736 2737/2737/2737 
f 2822/2822/2822 2781/2781/2781 2736/2736/2736 
f 2781/2781/2781 2716/2716/2716 2736/2736/2736 
f 2825/2825/2825 2824/2824/2824 2823/2823/2823 
f 2824/2824/2824 2826/2826/2826 2823/2823/2823 
f 2823/2823/2823 2826/2826/2826 2827/2827/2827 
f 2827/2827/2827 2826/2826/2826 2828/2828/2828 
f 2826/2826/2826 2829/2829/2829 2828/2828/2828 
f 2828/2828/2828 2829/2829/2829 2830/2830/2830 
f 2829/2829/2829 2831/2831/2831 2830/2830/2830 
f 2830/2830/2830 2831/2831/2831 2832/2832/2832 
f 2831/2831/2831 2833/2833/2833 2832/2832/2832 
f 2833/2833/2833 2834/2834/2834 2832/2832/2832 
f 2834/2834/2834 2835/2835/2835 2832/2832/2832 
f 2835/2835/2835 2834/2834/2834 2836/2836/2836 
f 2834/2834/2834 2837/2837/2837 2836/2836/2836 
f 2836/2836/2836 2837/2837/2837 2838/2838/2838 
f 2837/2837/2837 2839/2839/2839 2838/2838/2838 
f 2839/2839/2839 2840/2840/2840 2838/2838/2838 
f 2840/2840/2840 2841/2841/2841 2838/2838/2838 
f 2840/2840/2840 2842/2842/2842 2841/2841/2841 
f 2845/2845/2845 2844/2844/2844 2843/2843/2843 
f 2848/2848/2848 2847/2847/2847 2846/2846/2846 
f 2851/2851/2851 2850/2850/2850 2849/2849/2849 
f 2850/2850/2850 2852/2852/2852 2849/2849/2849 
f 2855/2855/2855 2854/2854/2854 2853/2853/2853 
f 2854/2854/2854 2856/2856/2856 2853/2853/2853 
f 2859/2859/2859 2858/2858/2858 2857/2857/2857 
f 2862/2862/2862 2861/2861/2861 2860/2860/2860 
f 2865/2865/2865 2864/2864/2864 2863/2863/2863 
f 2864/2864/2864 2866/2866/2866 2863/2863/2863 
f 2869/2869/2869 2868/2868/2868 2867/2867/2867 
f 2868/2868/2868 2870/2870/2870 2867/2867/2867 
f 2873/2873/2873 2872/2872/2872 2871/2871/2871 
f 2872/2872/2872 2874/2874/2874 2871/2871/2871 
f 2877/2877/2877 2876/2876/2876 2875/2875/2875 
f 2876/2876/2876 2878/2878/2878 2875/2875/2875 
f 2881/2881/2881 2880/2880/2880 2879/2879/2879 
f 2880/2880/2880 2882/2882/2882 2879/2879/2879 
f 2885/2885/2885 2884/2884/2884 2883/2883/2883 
f 2883/2883/2883 2884/2884/2884 2886/2886/2886 
f 2886/2886/2886 2884/2884/2884 2887/2887/2887 
f 2886/2886/2886 2888/2888/2888 2883/2883/2883 
f 2888/2888/2888 2889/2889/2889 2883/2883/2883 
f 2888/2888/2888 2890/2890/2890 2889/2889/2889 
f 2890/2890/2890 2891/2891/2891 2889/2889/2889 
f 2890/2890/2890 2892/2892/2892 2891/2891/2891 
f 2892/2892/2892 2893/2893/2893 2891/2891/2891 
f 2890/2890/2890 2894/2894/2894 2892/2892/2892 
f 2894/2894/2894 2895/2895/2895 2892/2892/2892 
f 2894/2894/2894 2896/2896/2896 2895/2895/2895 
f 2896/2896/2896 2897/2897/2897 2895/2895/2895 
f 2898/2898/2898 2884/2884/2884 2885/2885/2885 
f 2899/2899/2899 2884/2884/2884 2898/2898/2898 
f 2900/2900/2900 2884/2884/2884 2899/2899/2899 
f 2898/2898/2898 2901/2901/2901 2899/2899/2899 
f 2901/2901/2901 2902/2902/2902 2899/2899/2899 
f 2901/2901/2901 2903/2903/2903 2902/2902/2902 
f 2903/2903/2903 2904/2904/2904 2902/2902/2902 
f 2903/2903/2903 2905/2905/2905 2904/2904/2904 
f 2905/2905/2905 2906/2906/2906 2904/2904/2904 
f 2903/2903/2903 2907/2907/2907 2905/2905/2905 
f 2907/2907/2907 2908/2908/2908 2905/2905/2905 
f 2907/2907/2907 2891/2891/2891 2908/2908/2908 
f 2891/2891/2891 2893/2893/2893 2908/2908/2908 
f 2904/2904/2904 2906/2906/2906 2909/2909/2909 
f 2910/2910/2910 2904/2904/2904 2909/2909/2909 
f 2910/2910/2910 2909/2909/2909 2911/2911/2911 
f 2912/2912/2912 2910/2910/2910 2911/2911/2911 
f 2912/2912/2912 2911/2911/2911 2913/2913/2913 
f 2912/2912/2912 2913/2913/2913 2914/2914/2914 
f 2915/2915/2915 2912/2912/2912 2914/2914/2914 
f 2915/2915/2915 2914/2914/2914 2916/2916/2916 
f 2917/2917/2917 2915/2915/2915 2916/2916/2916 
f 2916/2916/2916 2884/2884/2884 2917/2917/2917 
f 2918/2918/2918 2884/2884/2884 2916/2916/2916 
f 2917/2917/2917 2884/2884/2884 2900/2900/2900 
f 2911/2911/2911 2919/2919/2919 2913/2913/2913 
f 2920/2920/2920 2884/2884/2884 2918/2918/2918 
f 2921/2921/2921 2884/2884/2884 2920/2920/2920 
f 2922/2922/2922 2884/2884/2884 2921/2921/2921 
f 2920/2920/2920 2923/2923/2923 2921/2921/2921 
f 2923/2923/2923 2924/2924/2924 2921/2921/2921 
f 2923/2923/2923 2925/2925/2925 2924/2924/2924 
f 2925/2925/2925 2926/2926/2926 2924/2924/2924 
f 2925/2925/2925 2927/2927/2927 2926/2926/2926 
f 2927/2927/2927 2928/2928/2928 2926/2926/2926 
f 2925/2925/2925 2929/2929/2929 2927/2927/2927 
f 2929/2929/2929 2930/2930/2930 2927/2927/2927 
f 2929/2929/2929 2913/2913/2913 2930/2930/2930 
f 2913/2913/2913 2919/2919/2919 2930/2930/2930 
f 2931/2931/2931 2884/2884/2884 2922/2922/2922 
f 2926/2926/2926 2928/2928/2928 2932/2932/2932 
f 2933/2933/2933 2926/2926/2926 2932/2932/2932 
f 2933/2933/2933 2932/2932/2932 2934/2934/2934 
f 2935/2935/2935 2933/2933/2933 2934/2934/2934 
f 2935/2935/2935 2934/2934/2934 2936/2936/2936 
f 2935/2935/2935 2936/2936/2936 2937/2937/2937 
f 2938/2938/2938 2935/2935/2935 2937/2937/2937 
f 2931/2931/2931 2938/2938/2938 2939/2939/2939 
f 2938/2938/2938 2937/2937/2937 2939/2939/2939 
f 2939/2939/2939 2884/2884/2884 2931/2931/2931 
f 2940/2940/2940 2884/2884/2884 2939/2939/2939 
f 2934/2934/2934 2941/2941/2941 2936/2936/2936 
f 2942/2942/2942 2884/2884/2884 2940/2940/2940 
f 2943/2943/2943 2884/2884/2884 2942/2942/2942 
f 2887/2887/2887 2884/2884/2884 2943/2943/2943 
f 2942/2942/2942 2944/2944/2944 2943/2943/2943 
f 2944/2944/2944 2945/2945/2945 2943/2943/2943 
f 2944/2944/2944 2946/2946/2946 2945/2945/2945 
f 2946/2946/2946 2896/2896/2896 2945/2945/2945 
f 2946/2946/2946 2947/2947/2947 2896/2896/2896 
f 2947/2947/2947 2897/2897/2897 2896/2896/2896 
f 2946/2946/2946 2948/2948/2948 2947/2947/2947 
f 2948/2948/2948 2949/2949/2949 2947/2947/2947 
f 2948/2948/2948 2936/2936/2936 2949/2949/2949 
f 2936/2936/2936 2941/2941/2941 2949/2949/2949 
f 2952/2952/2952 2951/2951/2951 2950/2950/2950 
f 2953/2953/2953 2951/2951/2951 2952/2952/2952 
f 2954/2954/2954 2951/2951/2951 2953/2953/2953 
f 2950/2950/2950 2951/2951/2951 2955/2955/2955 
f 2955/2955/2955 2951/2951/2951 2956/2956/2956 
f 2956/2956/2956 2951/2951/2951 2957/2957/2957 
f 2957/2957/2957 2951/2951/2951 2958/2958/2958 
f 2958/2958/2958 2951/2951/2951 2959/2959/2959 
f 2959/2959/2959 2951/2951/2951 2960/2960/2960 
f 2960/2960/2960 2951/2951/2951 2961/2961/2961 
f 2961/2961/2961 2951/2951/2951 2962/2962/2962 
f 2962/2962/2962 2951/2951/2951 2963/2963/2963 
f 2963/2963/2963 2951/2951/2951 2964/2964/2964 
f 2964/2964/2964 2951/2951/2951 2965/2965/2965 
f 2965/2965/2965 2951/2951/2951 2966/2966/2966 
f 2967/2967/2967 2951/2951/2951 2954/2954/2954 
f 2968/2968/2968 2951/2951/2951 2967/2967/2967 
f 2966/2966/2966 2951/2951/2951 2968/2968/2968 
f 2971/2971/2971 2970/2970/2970 2969/2969/2969 
f 2970/2970/2970 2972/2972/2972 2969/2969/2969 
f 2975/2975/2975 2974/2974/2974 2973/2973/2973 
f 2974/2974/2974 2976/2976/2976 2973/2973/2973 
f 2974/2974/2974 2977/2977/2977 2976/2976/2976 
f 2977/2977/2977 2978/2978/2978 2976/2976/2976 
f 2973/2973/2973 2979/2979/2979 2975/2975/2975 
f 2979/2979/2979 2980/2980/2980 2975/2975/2975 
f 2975/2975/2975 2980/2980/2980 2981/2981/2981 
f 2980/2980/2980 2982/2982/2982 2981/2981/2981 
f 2983/2983/2983 2979/2979/2979 2973/2973/2973 
f 2984/2984/2984 2983/2983/2983 2973/2973/2973 
f 2981/2981/2981 2982/2982/2982 2985/2985/2985 
f 2982/2982/2982 2986/2986/2986 2985/2985/2985 
f 2985/2985/2985 2986/2986/2986 2987/2987/2987 
f 2987/2987/2987 2988/2988/2988 2985/2985/2985 
f 2988/2988/2988 2989/2989/2989 2985/2985/2985 
f 2988/2988/2988 2990/2990/2990 2989/2989/2989 
f 2990/2990/2990 2991/2991/2991 2989/2989/2989 
f 2986/2986/2986 2992/2992/2992 2987/2987/2987 
f 2987/2987/2987 2992/2992/2992 2993/2993/2993 
f 2992/2992/2992 2994/2994/2994 2993/2993/2993 
f 2993/2993/2993 2994/2994/2994 2995/2995/2995 
f 2994/2994/2994 2996/2996/2996 2995/2995/2995 
f 2995/2995/2995 2996/2996/2996 2997/2997/2997 
f 2997/2997/2997 2998/2998/2998 2995/2995/2995 
f 2998/2998/2998 2999/2999/2999 2995/2995/2995 
f 2998/2998/2998 3000/3000/3000 2999/2999/2999 
f 3000/3000/3000 3001/3001/3001 2999/2999/2999 
f 2996/2996/2996 3002/3002/3002 2997/2997/2997 
f 2997/2997/2997 3002/3002/3002 3003/3003/3003 
f 3002/3002/3002 3004/3004/3004 3003/3003/3003 
f 3003/3003/3003 3004/3004/3004 3005/3005/3005 
f 3004/3004/3004 3006/3006/3006 3005/3005/3005 
f 3005/3005/3005 3006/3006/3006 3007/3007/3007 
f 3007/3007/3007 3008/3008/3008 3005/3005/3005 
f 3008/3008/3008 3009/3009/3009 3005/3005/3005 
f 3008/3008/3008 3010/3010/3010 3009/3009/3009 
f 3010/3010/3010 3011/3011/3011 3009/3009/3009 
f 3006/3006/3006 3012/3012/3012 3007/3007/3007 
f 3007/3007/3007 3012/3012/3012 3013/3013/3013 
f 3012/3012/3012 3014/3014/3014 3013/3013/3013 
f 3013/3013/3013 3014/3014/3014 3015/3015/3015 
f 3014/3014/3014 3016/3016/3016 3015/3015/3015 
f 3015/3015/3015 3016/3016/3016 3017/3017/3017 
f 3017/3017/3017 3018/3018/3018 3015/3015/3015 
f 3018/3018/3018 3019/3019/3019 3015/3015/3015 
f 3018/3018/3018 3020/3020/3020 3019/3019/3019 
f 3020/3020/3020 3021/3021/3021 3019/3019/3019 
f 3016/3016/3016 3022/3022/3022 3017/3017/3017 
f 3017/3017/3017 3022/3022/3022 3023/3023/3023 
f 3022/3022/3022 3024/3024/3024 3023/3023/3023 
f 3023/3023/3023 3024/3024/3024 3025/3025/3025 
f 3024/3024/3024 3026/3026/3026 3025/3025/3025 
f 3025/3025/3025 3026/3026/3026 3027/3027/3027 
f 3027/3027/3027 3028/3028/3028 3025/3025/3025 
f 3028/3028/3028 3029/3029/3029 3025/3025/3025 
f 3028/3028/3028 3030/3030/3030 3029/3029/3029 
f 3030/3030/3030 3031/3031/3031 3029/3029/3029 
f 3026/3026/3026 3032/3032/3032 3027/3027/3027 
f 3027/3027/3027 3032/3032/3032 2984/2984/2984 
f 3032/3032/3032 2983/2983/2983 2984/2984/2984 
f 3035/3035/3035 3034/3034/3034 3033/3033/3033 
f 3034/3034/3034 3036/3036/3036 3033/3033/3033 
f 3039/3039/3039 3038/3038/3038 3037/3037/3037 
f 3038/3038/3038 3040/3040/3040 3037/3037/3037 
f 3043/3043/3043 3042/3042/3042 3041/3041/3041 
f 3042/3042/3042 3044/3044/3044 3041/3041/3041 
f 3047/3047/3047 3046/3046/3046 3045/3045/3045 
f 3046/3046/3046 3048/3048/3048 3045/3045/3045 
f 3048/3048/3048 3049/3049/3049 3045/3045/3045 
f 3049/3049/3049 3050/3050/3050 3045/3045/3045 
f 3049/3049/3049 3051/3051/3051 3050/3050/3050 
f 3046/3046/3046 3047/3047/3047 3052/3052/3052 
f 3053/3053/3053 3046/3046/3046 3052/3052/3052 
f 3053/3053/3053 3052/3052/3052 3054/3054/3054 
f 3055/3055/3055 3053/3053/3053 3054/3054/3054 
f 3056/3056/3056 3055/3055/3055 3054/3054/3054 
f 3057/3057/3057 3056/3056/3056 3054/3054/3054 
f 3056/3056/3056 3057/3057/3057 3058/3058/3058 
f 3059/3059/3059 3056/3056/3056 3058/3058/3058 
f 3059/3059/3059 3058/3058/3058 3060/3060/3060 
f 3061/3061/3061 3059/3059/3059 3060/3060/3060 
f 3062/3062/3062 3061/3061/3061 3060/3060/3060 
f 3063/3063/3063 3062/3062/3062 3060/3060/3060 
f 3062/3062/3062 3063/3063/3063 3064/3064/3064 
f 3049/3049/3049 3065/3065/3065 3051/3051/3051 
f 3066/3066/3066 3065/3065/3065 3049/3049/3049 
f 3048/3048/3048 3066/3066/3066 3049/3049/3049 
f 3067/3067/3067 3066/3066/3066 3048/3048/3048 
f 3046/3046/3046 3067/3067/3067 3048/3048/3048 
f 3056/3056/3056 3068/3068/3068 3055/3055/3055 
f 3069/3069/3069 3067/3067/3067 3046/3046/3046 
f 3053/3053/3053 3069/3069/3069 3046/3046/3046 
f 3070/3070/3070 3069/3069/3069 3053/3053/3053 
f 3068/3068/3068 3070/3070/3070 3055/3055/3055 
f 3055/3055/3055 3070/3070/3070 3053/3053/3053 
f 3062/3062/3062 3071/3071/3071 3061/3061/3061 
f 3071/3071/3071 3072/3072/3072 3061/3061/3061 
f 3073/3073/3073 3071/3071/3071 3062/3062/3062 
f 3065/3065/3065 3074/3074/3074 3051/3051/3051 
f 3051/3051/3051 3074/3074/3074 3075/3075/3075 
f 3051/3051/3051 3075/3075/3075 3076/3076/3076 
f 3077/3077/3077 3051/3051/3051 3076/3076/3076 
f 3051/3051/3051 3077/3077/3077 3078/3078/3078 
f 3075/3075/3075 3079/3079/3079 3076/3076/3076 
f 3079/3079/3079 3080/3080/3080 3076/3076/3076 
f 3079/3079/3079 3081/3081/3081 3080/3080/3080 
f 3081/3081/3081 3082/3082/3082 3080/3080/3080 
f 3082/3082/3082 3081/3081/3081 3083/3083/3083 
f 3081/3081/3081 3084/3084/3084 3083/3083/3083 
f 3084/3084/3084 3085/3085/3085 3083/3083/3083 
f 3085/3085/3085 3086/3086/3086 3083/3083/3083 
f 3085/3085/3085 3087/3087/3087 3086/3086/3086 
f 3087/3087/3087 3088/3088/3088 3086/3086/3086 
f 3088/3088/3088 3087/3087/3087 3089/3089/3089 
f 3087/3087/3087 3090/3090/3090 3089/3089/3089 
f 3090/3090/3090 3091/3091/3091 3089/3089/3089 
f 3091/3091/3091 3092/3092/3092 3089/3089/3089 
f 3091/3091/3091 3062/3062/3062 3092/3092/3092 
f 3087/3087/3087 3093/3093/3093 3090/3090/3090 
f 3093/3093/3093 3094/3094/3094 3090/3090/3090 
f 3090/3090/3090 3094/3094/3094 3091/3091/3091 
f 3094/3094/3094 3073/3073/3073 3091/3091/3091 
f 3091/3091/3091 3073/3073/3073 3062/3062/3062 
f 3081/3081/3081 3095/3095/3095 3084/3084/3084 
f 3095/3095/3095 3096/3096/3096 3084/3084/3084 
f 3084/3084/3084 3096/3096/3096 3085/3085/3085 
f 3096/3096/3096 3097/3097/3097 3085/3085/3085 
f 3085/3085/3085 3097/3097/3097 3087/3087/3087 
f 3097/3097/3097 3093/3093/3093 3087/3087/3087 
f 3098/3098/3098 3095/3095/3095 3081/3081/3081 
f 3079/3079/3079 3098/3098/3098 3081/3081/3081 
f 3099/3099/3099 3098/3098/3098 3079/3079/3079 
f 3075/3075/3075 3099/3099/3099 3079/3079/3079 
f 3074/3074/3074 3099/3099/3099 3075/3075/3075 
f 3102/3102/3102 3101/3101/3101 3100/3100/3100 
f 3101/3101/3101 3103/3103/3103 3100/3100/3100 
f 3101/3101/3101 3104/3104/3104 3103/3103/3103 
f 3104/3104/3104 3105/3105/3105 3103/3103/3103 
f 3101/3101/3101 3106/3106/3106 3104/3104/3104 
f 3107/3107/3107 3106/3106/3106 3101/3101/3101 
f 3108/3108/3108 3107/3107/3107 3101/3101/3101 
f 3106/3106/3106 3109/3109/3109 3104/3104/3104 
f 3111/3111/3111 3110/3110/3110 3102/3102/3102 
f 3110/3110/3110 3112/3112/3112 3102/3102/3102 
f 3115/3115/3115 3114/3114/3114 3113/3113/3113 
f 3114/3114/3114 3116/3116/3116 3113/3113/3113 
f 3114/3114/3114 3117/3117/3117 3116/3116/3116 
f 3117/3117/3117 3118/3118/3118 3116/3116/3116 
f 3121/3121/3121 3120/3120/3120 3119/3119/3119 
f 3120/3120/3120 3122/3122/3122 3119/3119/3119 
f 3125/3125/3125 3124/3124/3124 3123/3123/3123 
f 3124/3124/3124 3126/3126/3126 3123/3123/3123 
f 3129/3129/3129 3128/3128/3128 3127/3127/3127 
f 3128/3128/3128 3130/3130/3130 3127/3127/3127 
f 3133/3133/3133 3132/3132/3132 3131/3131/3131 
f 3135/3135/3135 3134/3134/3134 3131/3131/3131 
f 3138/3138/3138 3137/3137/3137 3136/3136/3136 
f 3137/3137/3137 3140/3140/3140 3139/3139/3139 
f 3143/3143/3143 3142/3142/3142 3141/3141/3141 
f 3142/3142/3142 3144/3144/3144 3141/3141/3141 
f 3147/3147/3147 3146/3146/3146 3145/3145/3145 
f 3146/3146/3146 3148/3148/3148 3145/3145/3145 
f 3151/3151/3151 3150/3150/3150 3149/3149/3149 
f 3150/3150/3150 3152/3152/3152 3149/3149/3149 
f 3150/3150/3150 3153/3153/3153 3152/3152/3152 
f 3151/3151/3151 3154/3154/3154 3150/3150/3150 
f 3154/3154/3154 3155/3155/3155 3150/3150/3150 
f 3150/3150/3150 3155/3155/3155 3153/3153/3153 
f 3155/3155/3155 3156/3156/3156 3153/3153/3153 
f 3158/3158/3158 3157/3157/3157 3152/3152/3152 
f 3160/3160/3160 3154/3154/3154 3159/3159/3159 
f 3161/3161/3161 3160/3160/3160 3159/3159/3159 
f 3164/3164/3164 3163/3163/3163 3162/3162/3162 
f 3163/3163/3163 3165/3165/3165 3162/3162/3162 
f 3163/3163/3163 3166/3166/3166 3165/3165/3165 
f 3166/3166/3166 3167/3167/3167 3165/3165/3165 
f 3170/3170/3170 3169/3169/3169 3168/3168/3168 
f 3172/3172/3172 3171/3171/3171 3168/3168/3168 
f 3175/3175/3175 3174/3174/3174 3173/3173/3173 
f 3174/3174/3174 3176/3176/3176 3173/3173/3173 
f 3179/3179/3179 3178/3178/3178 3177/3177/3177 
f 3181/3181/3181 3180/3180/3180 3177/3177/3177 
f 3184/3184/3184 3183/3183/3183 3182/3182/3182 
f 3186/3186/3186 3185/3185/3185 3182/3182/3182 
f 3189/3189/3189 3188/3188/3188 3187/3187/3187 
f 3188/3188/3188 3190/3190/3190 3187/3187/3187 
f 3193/3193/3193 3192/3192/3192 3191/3191/3191 
f 3192/3192/3192 3194/3194/3194 3191/3191/3191 
f 3197/3197/3197 3196/3196/3196 3195/3195/3195 
f 3199/3199/3199 3198/3198/3198 3195/3195/3195 
f 3202/3202/3202 3201/3201/3201 3200/3200/3200 
f 3201/3201/3201 3203/3203/3203 3200/3200/3200 
f 3201/3201/3201 3204/3204/3204 3203/3203/3203 
f 3204/3204/3204 3205/3205/3205 3203/3203/3203 
f 3202/3202/3202 3206/3206/3206 3201/3201/3201 
f 3207/3207/3207 3206/3206/3206 3202/3202/3202 
f 3208/3208/3208 3207/3207/3207 3202/3202/3202 
f 3206/3206/3206 3209/3209/3209 3201/3201/3201 
f 3201/3201/3201 3209/3209/3209 3204/3204/3204 
f 3209/3209/3209 3210/3210/3210 3204/3204/3204 
f 3213/3213/3213 3212/3212/3212 3211/3211/3211 
f 3212/3212/3212 3214/3214/3214 3211/3211/3211 
f 3212/3212/3212 3215/3215/3215 3214/3214/3214 
f 3215/3215/3215 3216/3216/3216 3214/3214/3214 
f 3219/3219/3219 3218/3218/3218 3217/3217/3217 
f 3218/3218/3218 3220/3220/3220 3217/3217/3217 
f 3223/3223/3223 3222/3222/3222 3221/3221/3221 
f 3222/3222/3222 3224/3224/3224 3221/3221/3221 
f 3227/3227/3227 3226/3226/3226 3225/3225/3225 
f 3230/3230/3230 3229/3229/3229 3228/3228/3228 
f 3233/3233/3233 3232/3232/3232 3231/3231/3231 
f 3232/3232/3232 3234/3234/3234 3231/3231/3231 
f 3237/3237/3237 3236/3236/3236 3235/3235/3235 
f 3236/3236/3236 3238/3238/3238 3235/3235/3235 
f 3241/3241/3241 3240/3240/3240 3239/3239/3239 
f 3240/3240/3240 3242/3242/3242 3239/3239/3239 
f 3245/3245/3245 3244/3244/3244 3243/3243/3243 
f 3244/3244/3244 3246/3246/3246 3243/3243/3243 
f 3244/3244/3244 3247/3247/3247 3246/3246/3246 
f 3247/3247/3247 3248/3248/3248 3246/3246/3246 
f 3244/3244/3244 3249/3249/3249 3247/3247/3247 
f 3250/3250/3250 3249/3249/3249 3244/3244/3244 
f 3251/3251/3251 3250/3250/3250 3244/3244/3244 
f 3249/3249/3249 3252/3252/3252 3247/3247/3247 
f 3254/3254/3254 3253/3253/3253 3245/3245/3245 
f 3253/3253/3253 3255/3255/3255 3245/3245/3245 
f 3258/3258/3258 3257/3257/3257 3256/3256/3256 
f 3257/3257/3257 3259/3259/3259 3256/3256/3256 
f 3257/3257/3257 3260/3260/3260 3259/3259/3259 
f 3260/3260/3260 3261/3261/3261 3259/3259/3259 
f 3264/3264/3264 3263/3263/3263 3262/3262/3262 
f 3263/3263/3263 3265/3265/3265 3262/3262/3262 
f 3268/3268/3268 3267/3267/3267 3266/3266/3266 
f 3267/3267/3267 3269/3269/3269 3266/3266/3266 
f 3272/3272/3272 3271/3271/3271 3270/3270/3270 
f 3274/3274/3274 3273/3273/3273 3270/3270/3270 
f 3277/3277/3277 3276/3276/3276 3275/3275/3275 
f 3279/3279/3279 3278/3278/3278 3275/3275/3275 
f 3282/3282/3282 3281/3281/3281 3280/3280/3280 
f 3281/3281/3281 3284/3284/3284 3283/3283/3283 
f 3287/3287/3287 3286/3286/3286 3285/3285/3285 
f 3286/3286/3286 3288/3288/3288 3285/3285/3285 
f 3291/3291/3291 3290/3290/3290 3289/3289/3289 
f 3290/3290/3290 3292/3292/3292 3289/3289/3289 
f 3295/3295/3295 3294/3294/3294 3293/3293/3293 
f 3294/3294/3294 3296/3296/3296 3293/3293/3293 
f 3294/3294/3294 3297/3297/3297 3296/3296/3296 
f 3295/3295/3295 3298/3298/3298 3294/3294/3294 
f 3298/3298/3298 3299/3299/3299 3294/3294/3294 
f 3294/3294/3294 3299/3299/3299 3297/3297/3297 
f 3299/3299/3299 3300/3300/3300 3297/3297/3297 
f 3302/3302/3302 3301/3301/3301 3296/3296/3296 
f 3304/3304/3304 3298/3298/3298 3303/3303/3303 
f 3305/3305/3305 3304/3304/3304 3303/3303/3303 
f 3308/3308/3308 3307/3307/3307 3306/3306/3306 
f 3307/3307/3307 3309/3309/3309 3306/3306/3306 
f 3307/3307/3307 3310/3310/3310 3309/3309/3309 
f 3310/3310/3310 3311/3311/3311 3309/3309/3309 
f 3314/3314/3314 3313/3313/3313 3312/3312/3312 
f 3316/3316/3316 3315/3315/3315 3312/3312/3312 
f 3319/3319/3319 3318/3318/3318 3317/3317/3317 
f 3318/3318/3318 3320/3320/3320 3317/3317/3317 
f 3323/3323/3323 3322/3322/3322 3321/3321/3321 
f 3322/3322/3322 3324/3324/3324 3321/3321/3321 
f 3327/3327/3327 3326/3326/3326 3325/3325/3325 
f 3329/3329/3329 3328/3328/3328 3325/3325/3325 
f 3332/3332/3332 3331/3331/3331 3330/3330/3330 
f 3331/3331/3331 3334/3334/3334 3333/3333/3333 
f 3337/3337/3337 3336/3336/3336 3335/3335/3335 
f 3336/3336/3336 3338/3338/3338 3335/3335/3335 
f 3341/3341/3341 3340/3340/3340 3339/3339/3339 
f 3340/3340/3340 3342/3342/3342 3339/3339/3339 
f 3345/3345/3345 3344/3344/3344 3343/3343/3343 
f 3344/3344/3344 3346/3346/3346 3343/3343/3343 
f 3344/3344/3344 3347/3347/3347 3346/3346/3346 
f 3347/3347/3347 3348/3348/3348 3346/3346/3346 
f 3345/3345/3345 3349/3349/3349 3344/3344/3344 
f 3350/3350/3350 3349/3349/3349 3345/3345/3345 
f 3351/3351/3351 3350/3350/3350 3345/3345/3345 
f 3349/3349/3349 3352/3352/3352 3344/3344/3344 
f 3344/3344/3344 3352/3352/3352 3347/3347/3347 
f 3352/3352/3352 3353/3353/3353 3347/3347/3347 
f 3356/3356/3356 3355/3355/3355 3354/3354/3354 
f 3355/3355/3355 3357/3357/3357 3354/3354/3354 
f 3355/3355/3355 3358/3358/3358 3357/3357/3357 
f 3358/3358/3358 3359/3359/3359 3357/3357/3357 
f 3362/3362/3362 3361/3361/3361 3360/3360/3360 
f 3361/3361/3361 3363/3363/3363 3360/3360/3360 
f 3366/3366/3366 3365/3365/3365 3364/3364/3364 
f 3365/3365/3365 3367/3367/3367 3364/3364/3364 
f 3370/3370/3370 3369/3369/3369 3368/3368/3368 
f 3369/3369/3369 3371/3371/3371 3368/3368/3368 
f 3374/3374/3374 3373/3373/3373 3372/3372/3372 
f 3373/3373/3373 3375/3375/3375 3372/3372/3372 
f 3378/3378/3378 3377/3377/3377 3376/3376/3376 
f 3377/3377/3377 3379/3379/3379 3376/3376/3376 
f 3382/3382/3382 3381/3381/3381 3380/3380/3380 
f 3381/3381/3381 3383/3383/3383 3380/3380/3380 
f 3386/3386/3386 3385/3385/3385 3384/3384/3384 
f 3385/3385/3385 3387/3387/3387 3384/3384/3384 
f 3390/3390/3390 3389/3389/3389 3388/3388/3388 
f 3389/3389/3389 3391/3391/3391 3388/3388/3388 
f 3394/3394/3394 3393/3393/3393 3392/3392/3392 
f 3393/3393/3393 3395/3395/3395 3392/3392/3392 
f 3398/3398/3398 3397/3397/3397 3396/3396/3396 
f 3397/3397/3397 3399/3399/3399 3396/3396/3396 
f 3402/3402/3402 3401/3401/3401 3400/3400/3400 
f 3401/3401/3401 3403/3403/3403 3400/3400/3400 
f 3406/3406/3406 3405/3405/3405 3404/3404/3404 
f 3405/3405/3405 3407/3407/3407 3404/3404/3404 
f 3410/3410/3410 3409/3409/3409 3408/3408/3408 
f 3409/3409/3409 3411/3411/3411 3408/3408/3408 
f 3414/3414/3414 3413/3413/3413 3412/3412/3412 
f 3413/3413/3413 3415/3415/3415 3412/3412/3412 
f 3418/3418/3418 3417/3417/3417 3416/3416/3416 
f 3417/3417/3417 3419/3419/3419 3416/3416/3416 
f 3422/3422/3422 3421/3421/3421 3420/3420/3420 
f 3421/3421/3421 3423/3423/3423 3420/3420/3420 
f 3426/3426/3426 3425/3425/3425 3424/3424/3424 
f 3425/3425/3425 3427/3427/3427 3424/3424/3424 
f 3430/3430/3430 3429/3429/3429 3428/3428/3428 
f 3429/3429/3429 3431/3431/3431 3428/3428/3428 
f 3434/3434/3434 3433/3433/3433 3432/3432/3432 
f 3433/3433/3433 3436/3436/3436 3435/3435/3435 
f 3439/3439/3439 3438/3438/3438 3437/3437/3437 
f 3438/3438/3438 3440/3440/3440 3437/3437/3437 
f 3441/3441/3441 3438/3438/3438 3439/3439/3439 
f 3442/3442/3442 3441/3441/3441 3439/3439/3439 
f 3445/3445/3445 3444/3444/3444 3443/3443/3443 
f 3444/3444/3444 3446/3446/3446 3443/3443/3443 
f 3447/3447/3447 3444/3444/3444 3445/3445/3445 
f 3448/3448/3448 3447/3447/3447 3445/3445/3445 
f 3449/3449/3449 3447/3447/3447 3448/3448/3448 
f 3450/3450/3450 3449/3449/3449 3448/3448/3448 
f 3453/3453/3453 3452/3452/3452 3451/3451/3451 
f 3452/3452/3452 3454/3454/3454 3451/3451/3451 
f 3455/3455/3455 3452/3452/3452 3453/3453/3453 
f 3456/3456/3456 3455/3455/3455 3453/3453/3453 
f 3457/3457/3457 3455/3455/3455 3456/3456/3456 
f 3458/3458/3458 3457/3457/3457 3456/3456/3456 
f 3461/3461/3461 3460/3460/3460 3459/3459/3459 
f 3460/3460/3460 3463/3463/3463 3462/3462/3462 
f 3466/3466/3466 3465/3465/3465 3464/3464/3464 
f 3465/3465/3465 3467/3467/3467 3464/3464/3464 
f 3468/3468/3468 3465/3465/3465 3466/3466/3466 
f 3469/3469/3469 3468/3468/3468 3466/3466/3466 
f 3472/3472/3472 3471/3471/3471 3470/3470/3470 
f 3471/3471/3471 3473/3473/3473 3470/3470/3470 
f 3474/3474/3474 3471/3471/3471 3472/3472/3472 
f 3475/3475/3475 3474/3474/3474 3472/3472/3472 
f 3476/3476/3476 3474/3474/3474 3475/3475/3475 
f 3477/3477/3477 3476/3476/3476 3475/3475/3475 
f 3480/3480/3480 3479/3479/3479 3478/3478/3478 
f 3479/3479/3479 3481/3481/3481 3478/3478/3478 
f 3482/3482/3482 3479/3479/3479 3480/3480/3480 
f 3483/3483/3483 3482/3482/3482 3480/3480/3480 
f 3484/3484/3484 3482/3482/3482 3483/3483/3483 
f 3485/3485/3485 3484/3484/3484 3483/3483/3483 
f 3488/3488/3488 3487/3487/3487 3486/3486/3486 
f 3489/3489/3489 3487/3487/3487 3488/3488/3488 
f 3491/3491/3491 3490/3490/3490 3486/3486/3486 
f 3486/3486/3486 3490/3490/3490 3492/3492/3492 
f 3495/3495/3495 3494/3494/3494 3493/3493/3493 
f 3496/3496/3496 3494/3494/3494 3495/3495/3495 
f 3497/3497/3497 3496/3496/3496 3495/3495/3495 
f 3498/3498/3498 3496/3496/3496 3497/3497/3497 
f 3499/3499/3499 3498/3498/3498 3497/3497/3497 
f 3500/3500/3500 3498/3498/3498 3499/3499/3499 
f 3501/3501/3501 3500/3500/3500 3499/3499/3499 
f 3502/3502/3502 3500/3500/3500 3501/3501/3501 
f 3503/3503/3503 3502/3502/3502 3501/3501/3501 
f 3504/3504/3504 3502/3502/3502 3503/3503/3503 
f 3505/3505/3505 3504/3504/3504 3503/3503/3503 
f 3506/3506/3506 3504/3504/3504 3505/3505/3505 
f 3507/3507/3507 3506/3506/3506 3505/3505/3505 
f 3508/3508/3508 3506/3506/3506 3507/3507/3507 
f 3511/3511/3511 3510/3510/3510 3509/3509/3509 
f 3510/3510/3510 3512/3512/3512 3509/3509/3509 
f 3513/3513/3513 3510/3510/3510 3511/3511/3511 
f 3514/3514/3514 3513/3513/3513 3511/3511/3511 
f 3515/3515/3515 3513/3513/3513 3514/3514/3514 
f 3509/3509/3509 3512/3512/3512 3516/3516/3516 
f 3512/3512/3512 3517/3517/3517 3516/3516/3516 
f 3516/3516/3516 3517/3517/3517 3518/3518/3518 
f 3517/3517/3517 3519/3519/3519 3518/3518/3518 
f 3518/3518/3518 3519/3519/3519 3520/3520/3520 
f 3519/3519/3519 3521/3521/3521 3520/3520/3520 
f 3520/3520/3520 3521/3521/3521 3522/3522/3522 
f 3521/3521/3521 3523/3523/3523 3522/3522/3522 
f 3522/3522/3522 3523/3523/3523 3524/3524/3524 
f 3061/3061/3061 3072/3072/3072 3059/3059/3059 
f 3072/3072/3072 3525/3525/3525 3059/3059/3059 
f 3059/3059/3059 3525/3525/3525 3056/3056/3056 
f 3525/3525/3525 3068/3068/3068 3056/3056/3056 
f 3528/3528/3528 3527/3527/3527 3526/3526/3526 
f 3529/3529/3529 3527/3527/3527 3528/3528/3528 
f 3531/3531/3531 3530/3530/3530 3526/3526/3526 
f 3526/3526/3526 3530/3530/3530 3532/3532/3532 
f 3535/3535/3535 3534/3534/3534 3533/3533/3533 
f 3534/3534/3534 3536/3536/3536 3533/3533/3533 
f 3539/3539/3539 3538/3538/3538 3537/3537/3537 
f 3538/3538/3538 3540/3540/3540 3537/3537/3537 
f 3543/3543/3543 3542/3542/3542 3541/3541/3541 
f 3542/3542/3542 3544/3544/3544 3541/3541/3541 
f 3547/3547/3547 3546/3546/3546 3545/3545/3545 
f 3546/3546/3546 3548/3548/3548 3545/3545/3545 
f 3551/3551/3551 3550/3550/3550 3549/3549/3549 
f 3550/3550/3550 3552/3552/3552 3549/3549/3549 
f 3555/3555/3555 3554/3554/3554 3553/3553/3553 
f 3554/3554/3554 3556/3556/3556 3553/3553/3553 
f 3559/3559/3559 3558/3558/3558 3557/3557/3557 
f 3558/3558/3558 3560/3560/3560 3557/3557/3557 
f 3563/3563/3563 3562/3562/3562 3561/3561/3561 
f 3562/3562/3562 3564/3564/3564 3561/3561/3561 
f 3567/3567/3567 3566/3566/3566 3565/3565/3565 
f 3566/3566/3566 3568/3568/3568 3565/3565/3565 
f 3571/3571/3571 3570/3570/3570 3569/3569/3569 
f 3569/3569/3569 3570/3570/3570 3572/3572/3572 
f 3572/3572/3572 3570/3570/3570 3573/3573/3573 
f 3573/3573/3573 3570/3570/3570 3574/3574/3574 
f 3574/3574/3574 3570/3570/3570 3575/3575/3575 
f 3575/3575/3575 3570/3570/3570 3576/3576/3576 
f 3576/3576/3576 3570/3570/3570 3577/3577/3577 
f 3577/3577/3577 3570/3570/3570 3571/3571/3571 
f 3580/3580/3580 3579/3579/3579 3578/3578/3578 
f 3581/3581/3581 3579/3579/3579 3580/3580/3580 
f 3582/3582/3582 3579/3579/3579 3581/3581/3581 
f 3583/3583/3583 3579/3579/3579 3582/3582/3582 
f 3584/3584/3584 3579/3579/3579 3583/3583/3583 
f 3585/3585/3585 3579/3579/3579 3584/3584/3584 
f 3586/3586/3586 3579/3579/3579 3585/3585/3585 
f 3578/3578/3578 3579/3579/3579 3586/3586/3586 

