# Created by DisUnity v0.3.2
v -0.0068085436 0.19155131 0.09712646
v 0.010470204 0.18602565 0.12223114
v 0.012748494 0.20120227 0.09721497
v -0.0012280993 0.18053065 0.12046295
v -0.0068085436 0.19155131 0.09712646
v -0.006016994 0.16366947 0.11486938
v -0.0012280993 0.18053065 0.12046295
v -0.0020304064 0.14191665 0.08203278
v -0.0020304064 0.14191665 0.08203278
v -0.003928676 0.12396751 0.09797791
v -0.006016994 0.16366947 0.11486938
v 9.375806E-4 0.12623416 0.07345398
v 9.375806E-4 0.12623416 0.07345398
v -5.5655994E-4 0.113432884 0.09124664
v -0.003928676 0.12396751 0.09797791
v 0.007558369 0.091961056 0.076484375
v 0.006638264 0.107208475 0.05718933
v 0.006638264 0.107208475 0.05718933
v 0.0201339 0.06869678 0.055362854
v 0.007558369 0.091961056 0.076484375
v 0.017297672 0.08470768 0.036978453
v 0.017297672 0.08470768 0.036978453
v 0.02301888 0.0650246 0.05483032
v 0.0201339 0.06869678 0.055362854
v 0.020597385 0.08107704 0.032565
v 0.025668949 0.07761966 0.024494018
v 0.025668949 0.07761966 0.024494018
v 0.039353717 0.07678191 0.0061676023
v 0.02301888 0.0650246 0.05483032
v 0.039353717 0.07678191 0.0061676023
v 0.023234334 0.06281909 0.056360167
v 0.02301888 0.0650246 0.05483032
v 0.039353717 0.07678191 0.0061676023
v 0.02301888 0.061536096 0.05871826
v 0.023234334 0.06281909 0.056360167
v 0.010470204 0.18602565 0.12223114
v 0.012990651 0.20249683 0.09576202
v 0.012748494 0.20120227 0.09721497
v 0.012565312 0.18660113 0.12348938
v 0.039353717 0.07678191 0.0061676023
v 0.039353717 0.017860828 0.07492981
v 0.02301888 0.061536096 0.05871826
v 0.039353717 0.017860828 0.07492981
v 0.03260735 0.026597628 0.073751524
v 0.02301888 0.061536096 0.05871826
v 0.03260735 0.026597628 0.073751524
v 0.025668949 0.035439637 0.074788816
v 0.02301888 0.061536096 0.05871826
v 0.025668949 0.035439637 0.074788816
v 0.0201339 0.06246261 0.062311705
v 0.02301888 0.061536096 0.05871826
v 0.020597385 0.041136585 0.077083126
v 0.020597385 0.041136585 0.077083126
v 0.017297672 0.045916397 0.080215454
v 0.0201339 0.06246261 0.062311705
v 0.017297672 0.045916397 0.080215454
v 0.007558369 0.08597431 0.083156735
v 0.0201339 0.06246261 0.062311705
v 0.006638264 0.06844085 0.10040039
v 0.006638264 0.06844085 0.10040039
v -5.5655994E-4 0.102970846 0.10290679
v 0.007558369 0.08597431 0.083156735
v 9.375806E-4 0.086666375 0.11755645
v 9.375806E-4 0.086666375 0.11755645
v -0.003928676 0.11080112 0.112653196
v -5.5655994E-4 0.102970846 0.10290679
v -0.0020304064 0.096889645 0.13222015
v -0.0020304064 0.096889645 0.13222015
v -0.006016994 0.13188526 0.15029663
v -0.003928676 0.11080112 0.112653196
v -0.0068085436 0.11726002 0.17993225
v -0.0068085436 0.11726002 0.17993225
v -0.0012280993 0.13926795 0.16645417
v -0.006016994 0.13188526 0.15029663
v -0.0068085436 0.11726002 0.17993225
v 0.010470204 0.1416199 0.17172576
v -0.0012280993 0.13926795 0.16645417
v 0.012748494 0.11839065 0.18951751
v 0.012748494 0.11839065 0.18951751
v 0.012565312 0.14293258 0.17216277
v 0.010470204 0.1416199 0.17172576
v 0.012990727 0.11708629 0.1909613
v 0.039353717 0.07678191 0.0061676023
v 0.03500176 -2.7092705E-7 -3.0517577E-7
v 0.039353717 0.017860828 0.07492981
v -0.0068085436 0.15156516 -0.15216263
v 0.010470204 0.17373386 -0.13914977
v 0.012748494 0.15463191 -0.16131394
v -0.0012280993 0.17035404 -0.13447006
v -0.0068085436 0.15156516 -0.15216263
v -0.006016994 0.15982379 -0.1201625
v -0.0012280993 0.17035404 -0.13447006
v -0.0020304064 0.121872135 -0.10962173
v -0.0020304064 0.121872135 -0.10962173
v -0.003928676 0.13149025 -0.087623596
v -0.006016994 0.15982379 -0.1201625
v 9.375806E-4 0.10886722 -0.09735763
v 9.375806E-4 0.10886722 -0.09735763
v -5.5655994E-4 0.12183334 -0.079684444
v -0.003928676 0.13149025 -0.087623596
v 0.007558369 0.10115814 -0.06382568
v 0.006638264 0.08751934 -0.084289394
v 0.006638264 0.08751934 -0.084289394
v 0.0201339 0.07388122 -0.048226926
v 0.007558369 0.10115814 -0.06382568
v 0.017297672 0.061344407 -0.069135435
v 0.017297672 0.061344407 -0.069135435
v 0.02301888 0.072240174 -0.044899292
v 0.0201339 0.07388122 -0.048226926
v 0.020597385 0.056025308 -0.0670459
v 0.025668949 0.047280915 -0.066252135
v 0.025668949 0.047280915 -0.066252135
v 0.039353717 0.029592432 -0.07111893
v 0.02301888 0.072240174 -0.044899292
v 0.039353717 0.029592432 -0.07111893
v 0.023234334 0.07301364 -0.04232849
v 0.02301888 0.072240174 -0.044899292
v 0.039353717 0.029592432 -0.07111893
v 0.02301888 0.07486022 -0.040379636
v 0.023234334 0.07301364 -0.04232849
v 0.010470204 0.17373386 -0.13914977
v 0.012990651 0.1536499 -0.16299424
v 0.012748494 0.15463191 -0.16131394
v 0.012565312 0.17510806 -0.13930847
v 0.039353717 0.029592432 -0.07111893
v 0.039353717 0.07678191 0.0061676023
v 0.02301888 0.07486022 -0.040379636
v 0.039353717 0.07678191 0.0061676023
v 0.03260735 0.07836101 -0.0025057984
v 0.02301888 0.07486022 -0.040379636
v 0.03260735 0.07836101 -0.0025057984
v 0.025668949 0.082079925 -0.010594177
v 0.02301888 0.07486022 -0.040379636
v 0.025668949 0.082079925 -0.010594177
v 0.0201339 0.07856391 -0.040150754
v 0.02301888 0.07486022 -0.040379636
v 0.020597385 0.086022034 -0.01530365
v 0.020597385 0.086022034 -0.01530365
v 0.017297672 0.09047813 -0.01888153
v 0.0201339 0.07856391 -0.040150754
v 0.017297672 0.09047813 -0.01888153
v 0.007558369 0.105654374 -0.05606964
v 0.0201339 0.07856391 -0.040150754
v 0.006638264 0.11663601 -0.034065858
v 0.006638264 0.11663601 -0.034065858
v -5.5655994E-4 0.12968998 -0.06613159
v 0.007558369 0.105654374 -0.05606964
v 9.375806E-4 0.13858394 -0.04609802
v 9.375806E-4 0.13858394 -0.04609802
v -0.003928676 0.14137863 -0.07056701
v -5.5655994E-4 0.12968998 -0.06613159
v -0.0020304064 0.15568939 -0.051289365
v -0.0020304064 0.15568939 -0.051289365
v -0.006016994 0.18369503 -0.078986205
v -0.003928676 0.14137863 -0.07056701
v -0.0068085436 0.20736064 -0.05591919
v -0.0068085436 0.20736064 -0.05591919
v -0.0012280993 0.20134327 -0.08101471
v -0.006016994 0.18369503 -0.078986205
v -0.0068085436 0.20736064 -0.05591919
v 0.010470204 0.20708407 -0.081622615
v -0.0012280993 0.20134327 -0.08101471
v 0.012748494 0.21682659 -0.05403259
v 0.012748494 0.21682659 -0.05403259
v 0.012565312 0.20790516 -0.0827362
v 0.010470204 0.20708407 -0.081622615
v 0.012990727 0.21779643 -0.052345887
v 0.039353717 0.029592432 -0.07111893
v 0.03500176 -2.7092705E-7 -3.0517577E-7
v 0.039353717 0.07678191 0.0061676023
v -0.0068085436 -0.09787887 -0.19116852
v 0.010470204 -0.0786525 -0.20823058
v 0.012748494 -0.10563473 -0.19691253
v -0.0012280993 -0.075246505 -0.2035701
v -0.0068085436 -0.09787887 -0.19116852
v -0.006016994 -0.06489312 -0.18913436
v -0.0012280993 -0.075246505 -0.2035701
v -0.0020304064 -0.066596076 -0.14978302
v -0.0020304064 -0.066596076 -0.14978302
v -0.003928676 -0.04270245 -0.15213257
v -0.006016994 -0.06489312 -0.18913436
v 9.375806E-4 -0.058950733 -0.13362442
v 9.375806E-4 -0.058950733 -0.13362442
v -5.5655994E-4 -0.038135953 -0.14049454
v -0.003928676 -0.04270245 -0.15213257
v 0.007558369 -0.029442219 -0.11593094
v 0.006638264 -0.05311909 -0.10928329
v 0.006638264 -0.05311909 -0.10928329
v 0.0201339 -0.02303597 -0.08516891
v 0.007558369 -0.029442219 -0.11593094
v 0.017297672 -0.046795122 -0.079706416
v 0.017297672 -0.046795122 -0.079706416
v 0.02301888 -0.020377927 -0.08257949
v 0.0201339 -0.02303597 -0.08516891
v 0.020597385 -0.046451725 -0.07400223
v 0.025668949 -0.04839886 -0.065440364
v 0.025668949 -0.04839886 -0.065440364
v 0.039353717 -0.058493238 -0.050121613
v 0.02301888 -0.020377927 -0.08257949
v 0.039353717 -0.058493238 -0.050121613
v 0.023234334 -0.017694324 -0.0825209
v 0.02301888 -0.020377927 -0.08257949
v 0.039353717 -0.058493238 -0.050121613
v 0.02301888 -0.015270122 -0.08367447
v 0.023234334 -0.017694324 -0.0825209
v 0.010470204 -0.0786525 -0.20823058
v 0.012990651 -0.10753616 -0.19649826
v 0.012748494 -0.10563473 -0.19691253
v 0.012565312 -0.07837872 -0.20958693
v 0.039353717 -0.058493238 -0.050121613
v 0.039353717 0.029592432 -0.07111893
v 0.02301888 -0.015270122 -0.08367447
v 0.039353717 0.029592432 -0.07111893
v 0.03260735 0.02183185 -0.07530044
v 0.02301888 -0.015270122 -0.08367447
v 0.03260735 0.02183185 -0.07530044
v 0.025668949 0.0152881965 -0.081336975
v 0.02301888 -0.015270122 -0.08367447
v 0.025668949 0.0152881965 -0.081336975
v 0.0201339 -0.013907855 -0.08712661
v 0.02301888 -0.015270122 -0.08367447
v 0.020597385 0.012027469 -0.08654159
v 0.020597385 0.012027469 -0.08654159
v 0.017297672 0.01000198 -0.09188537
v 0.0201339 -0.013907855 -0.08712661
v 0.017297672 0.01000198 -0.09188537
v 0.007558369 -0.020676427 -0.117810056
v 0.0201339 -0.013907855 -0.08712661
v 0.006638264 0.0036439092 -0.12145477
v 0.006638264 0.0036439092 -0.12145477
v -5.5655994E-4 -0.022818303 -0.14377853
v 0.007558369 -0.020676427 -0.117810056
v 9.375806E-4 -0.001016964 -0.1460466
v 9.375806E-4 -0.001016964 -0.1460466
v -0.003928676 -0.023424458 -0.15626602
v -5.5655994E-4 -0.022818303 -0.14377853
v -0.0020304064 -6.687203E-4 -0.16391921
v -0.0020304064 -6.687203E-4 -0.16391921
v -0.006016994 -0.018355679 -0.199113
v -0.003928676 -0.023424458 -0.15626602
v -0.0068085436 0.010895725 -0.21449263
v -0.0068085436 0.010895725 -0.21449263
v -0.0012280993 -0.014831279 -0.21652435
v -0.006016994 -0.018355679 -0.199113
v -0.0068085436 0.010895725 -0.21449263
v 0.010470204 -0.013635295 -0.22217178
v -0.0012280993 -0.014831279 -0.21652435
v 0.012748494 0.01561523 -0.22291183
v 0.012748494 0.01561523 -0.22291183
v 0.012565312 -0.014440502 -0.2232968
v 0.010470204 -0.013635295 -0.22217178
v 0.012990727 0.017518993 -0.22331299
v 0.039353717 -0.058493238 -0.050121613
v 0.03500176 -2.7092705E-7 -3.0517577E-7
v 0.039353717 0.029592432 -0.07111893
v -0.0068085436 -0.21205837 0.03401367
v 0.010470204 -0.22234406 0.0104559325
v 0.012748494 -0.21991828 0.039615173
v -0.0012280993 -0.21685943 0.008656921
v -0.0068085436 -0.21205837 0.03401367
v -0.006016994 -0.19993068 0.003271179
v -0.0012280993 -0.21685943 0.008656921
v -0.0020304064 -0.16303147 0.01705078
v -0.0020304064 -0.16303147 0.01705078
v -0.003928676 -0.1578825 -0.006399231
v -0.006016994 -0.19993068 0.003271179
v 9.375806E-4 -0.14530124 0.014772949
v 9.375806E-4 -0.14530124 0.014772949
v -5.5655994E-4 -0.14540306 -0.0071459957
v -0.003928676 -0.1578825 -0.006399231
v 0.007558369 -0.119354896 -0.007823791
v 0.006638264 -0.120349236 0.016748352
v 0.006638264 -0.120349236 0.016748352
v 0.0201339 -0.088118896 -0.004410095
v 0.007558369 -0.119354896 -0.007823791
v 0.017297672 -0.09026585 0.019873962
v 0.017297672 -0.09026585 0.019873962
v 0.02301888 -0.08483509 -0.006138
v 0.0201339 -0.088118896 -0.004410095
v 0.020597385 -0.08473461 0.021309813
v 0.025668949 -0.07719376 0.0258078
v 0.025668949 -0.07719376 0.0258078
v 0.039353717 -0.065743834 0.040141296
v 0.02301888 -0.08483509 -0.006138
v 0.039353717 -0.065743834 0.040141296
v 0.023234334 -0.08394981 -0.00867218
v 0.02301888 -0.08483509 -0.006138
v 0.039353717 -0.065743834 0.040141296
v 0.02301888 -0.08429806 -0.011334228
v 0.023234334 -0.08394981 -0.00867218
v 0.010470204 -0.22234406 0.0104559325
v 0.012990651 -0.22011144 0.04155151
v 0.012748494 -0.21991828 0.039615173
v 0.012565312 -0.2235494 0.009776306
v 0.039353717 -0.065743834 0.040141296
v 0.039353717 -0.058493238 -0.050121613
v 0.02301888 -0.08429806 -0.011334228
v 0.039353717 -0.058493238 -0.050121613
v 0.03260735 -0.06486885 -0.04403244
v 0.02301888 -0.08429806 -0.011334228
v 0.03260735 -0.06486885 -0.04403244
v 0.025668949 -0.0726318 -0.03967468
v 0.02301888 -0.08429806 -0.011334228
v 0.025668949 -0.0726318 -0.03967468
v 0.0201339 -0.08715992 -0.013696594
v 0.02301888 -0.08429806 -0.011334228
v 0.020597385 -0.07858891 -0.038181916
v 0.020597385 -0.07858891 -0.038181916
v 0.017297672 -0.08429745 -0.037906494
v 0.0201339 -0.08715992 -0.013696594
v 0.017297672 -0.08429745 -0.037906494
v 0.007558369 -0.11843376 -0.016741028
v 0.0201339 -0.08715992 -0.013696594
v 0.006638264 -0.11438438 -0.040997468
v 0.006638264 -0.11438438 -0.040997468
v -5.5655994E-4 -0.14379299 -0.022728575
v 0.007558369 -0.11843376 -0.016741028
v 9.375806E-4 -0.13921303 -0.044163663
v 9.375806E-4 -0.13921303 -0.044163663
v -0.003928676 -0.15585616 -0.026011046
v -5.5655994E-4 -0.14379299 -0.022728575
v -0.0020304064 -0.15610346 -0.050018005
v -0.0020304064 -0.15610346 -0.050018005
v -0.006016994 -0.19504009 -0.044072263
v -0.003928676 -0.15585616 -0.026011046
v -0.0068085436 -0.20062761 -0.076644436
v -0.0068085436 -0.20062761 -0.076644436
v -0.0012280993 -0.21051012 -0.052804563
v -0.006016994 -0.19504009 -0.044072263
v -0.0068085436 -0.20062761 -0.076644436
v 0.010470204 -0.21551162 -0.055687256
v -0.0012280993 -0.21051012 -0.052804563
v 0.012748494 -0.20717645 -0.083734736
v 0.012748494 -0.20717645 -0.083734736
v 0.012565312 -0.21683033 -0.05526901
v 0.010470204 -0.21551162 -0.055687256
v 0.012990727 -0.20696974 -0.0856694
v 0.039353717 -0.065743834 0.040141296
v 0.03500176 -2.7092705E-7 -3.0517577E-7
v 0.039353717 -0.058493238 -0.050121613
v -0.0068085436 -0.033180583 0.21218963
v 0.010470204 -0.058763966 0.21469238
v 0.012748494 -0.030282253 0.22139587
v -0.0012280993 -0.05878018 0.20891997
v -0.0068085436 -0.033180583 0.21218963
v -0.006016994 -0.058670964 0.1911557
v -0.0012280993 -0.05878018 0.20891997
v -0.0020304064 -0.034163173 0.16032043
v -0.0020304064 -0.034163173 0.16032043
v -0.003928676 -0.0548745 0.14817688
v -0.006016994 -0.058670964 0.1911557
v 9.375806E-4 -0.030850606 0.14275451
v 9.375806E-4 -0.030850606 0.14275451
v -5.5655994E-4 -0.051728252 0.13607788
v -0.003928676 -0.0548745 0.14817688
v 0.007558369 -0.044323504 0.11109527
v 0.006638264 -0.021261143 0.11963379
v 0.006638264 -0.021261143 0.11963379
v 0.0201339 -0.031424716 0.08244263
v 0.007558369 -0.044323504 0.11109527
v 0.017297672 -0.00899239 0.09198883
v 0.017297672 -0.00899239 0.09198883
v 0.02301888 -0.03205315 0.0787857
v 0.0201339 -0.031424716 0.08244263
v 0.020597385 -0.005917439 0.08717224
v 0.025668949 6.9034187E-4 0.081390075
v 0.025668949 6.9034187E-4 0.081390075
v 0.039353717 0.017860828 0.07492981
v 0.02301888 -0.03205315 0.0787857
v 0.039353717 0.017860828 0.07492981
v 0.023234334 -0.03418976 0.07716064
v 0.02301888 -0.03205315 0.0787857
v 0.039353717 0.017860828 0.07492981
v 0.02301888 -0.036829036 0.07666931
v 0.023234334 -0.03418976 0.07716064
v 0.010470204 -0.058763966 0.21469238
v 0.012990651 -0.02850037 0.22217804
v 0.012748494 -0.030282253 0.22139587
v 0.012565312 -0.059782606 0.21562865
v 0.039353717 0.017860828 0.07492981
v 0.039353717 -0.065743834 0.040141296
v 0.02301888 -0.036829036 0.07666931
v 0.039353717 -0.065743834 0.040141296
v 0.03260735 -0.061923146 0.048086546
v 0.02301888 -0.036829036 0.07666931
v 0.03260735 -0.061923146 0.048086546
v 0.025668949 -0.06017735 0.0568161
v 0.02301888 -0.036829036 0.07666931
v 0.025668949 -0.06017735 0.0568161
v 0.0201339 -0.039960217 0.07866089
v 0.02301888 -0.036829036 0.07666931
v 0.020597385 -0.060598604 0.06294342
v 0.020597385 -0.060598604 0.06294342
v 0.017297672 -0.062100794 0.06845703
v 0.0201339 -0.039960217 0.07866089
v 0.017297672 -0.062100794 0.06845703
v 0.007558369 -0.052519612 0.107463375
v 0.0201339 -0.039960217 0.07866089
v 0.006638264 -0.07433754 0.09611664
v 0.006638264 -0.07433754 0.09611664
v -5.5655994E-4 -0.06605076 0.12973113
v 0.007558369 -0.052519612 0.107463375
v 9.375806E-4 -0.08502155 0.118751526
v 9.375806E-4 -0.08502155 0.118751526
v -0.003928676 -0.07290028 0.14018981
v -5.5655994E-4 -0.06605076 0.12973113
v -0.0020304064 -0.09580856 0.13300598
v -0.0020304064 -0.09580856 0.13300598
v -0.006016994 -0.1021859 0.17187439
v -0.003928676 -0.07290028 0.14018981
v -0.0068085436 -0.13489063 0.16712311
v -0.0068085436 -0.13489063 0.16712311
v -0.0012280993 -0.11527141 0.18388885
v -0.006016994 -0.1021859 0.17187439
v -0.0068085436 -0.13489063 0.16712311
v 0.010470204 -0.11955837 0.18775482
v -0.0012280993 -0.11527141 0.18388885
v 0.012748494 -0.14365757 0.17116028
v 0.012748494 -0.14365757 0.17116028
v 0.012565312 -0.11956818 0.18913849
v 0.010470204 -0.11955837 0.18775482
v 0.012990727 -0.1454335 0.17036621
v 0.039353717 0.017860828 0.07492981
v 0.03500176 -2.7092705E-7 -3.0517577E-7
v 0.039353717 -0.065743834 0.040141296
v 0.0010229535 0.005452648 0.041341856
v 0.0014884991 -0.0029059257 0.03855316
v 0.0014884991 0.005062633 0.038383484
v 2.5474982E-4 -3.453866E-4 0.04597046
v 0.0014884991 -0.010858158 0.037106626
v 2.3575262E-4 -0.01012379 0.041357115
v 0.0014884991 -0.015657695 0.035336
v 2.3575262E-4 -0.01718594 0.03878479
v -3.79558E-4 -0.010894206 0.044810485
v 3.1513744E-5 -0.017544903 0.039593507
v -0.0019947009 -0.008582501 0.052612916
v -0.0034323074 -0.010094646 0.06015106
v -0.0035647538 -0.007965512 0.06128387
v -0.0049447585 -0.015344433 0.065720215
v -0.00796783 -0.015948452 0.078991696
v -0.008187557 -0.01678139 0.079867855
v -0.0057945973 -0.021203121 0.06794342
v -0.008721309 -0.026677746 0.08086975
v -0.016617503 -0.04157536 0.112530515
v -0.016617503 -0.03261597 0.113403626
v -0.020651316 -0.045227055 0.12948029
v -0.020651316 -0.036677632 0.1306784
v -0.02499389 -0.046055265 0.15126708
v -0.02499389 -0.037480664 0.1524759
v -0.025948785 -0.045719877 0.19569366
v -0.025948785 -0.037368815 0.19682373
v -0.026753992 -0.04638836 0.24265808
v -0.026753992 -0.03784001 0.24385619
v -0.024364237 -0.046532635 0.15109985
v -0.019998774 -0.045740552 0.12930022
v -0.025296472 -0.046423763 0.19544707
v -0.025930094 -0.047041897 0.24277619
v -0.00679565 -0.028296398 0.06708862
v -0.008146358 -0.02836697 0.074252926
v -0.008146358 -0.031761553 0.07167969
v -0.0068250233 -0.029510196 0.06659882
v -0.0048686936 -0.020849805 0.067159116
v -0.0039758254 -0.015301479 0.06478027
v 0.02428223 -0.020849805 0.067159116
v -0.005919567 -0.029218487 0.06593994
v 0.023239369 -0.029294934 0.06611267
v 0.02658829 -0.02360432 0.053270567
v 0.025172124 -0.015301479 0.06478027
v 0.026510395 -0.010749744 0.05980255
v 0.027726445 -0.0091220895 0.053185422
v 0.029203037 -0.011550869 0.045474548
v 0.029766927 -0.017837605 0.040256042
v -0.0026349595 -0.010749744 0.05980255
v 0.026510395 -0.010749744 0.05980255
v -0.007170787 -0.031969454 0.07215088
v -0.007218547 -0.028741764 0.074644774
v 0.023234334 -0.0341898 0.07716064
v 0.023018803 -0.03205315 0.0787857
v 0.020133823 -0.031424757 0.08244263
v -0.0076640276 -0.027277226 0.08112548
v 0.007558369 -0.044323392 0.11109558
v -0.015256648 -0.042035833 0.11236206
v -5.5663625E-4 -0.051728252 0.13607788
v -0.015241236 -0.050020527 0.13667572
v -0.016169352 -0.049426656 0.13553894
v -0.015006174 -0.05316662 0.14877564
v -0.016033396 -0.05277653 0.14891236
v -0.015188364 -0.05696316 0.19175383
v -0.016164089 -0.056466028 0.1919281
v -0.016121821 -0.057425577 0.22110137
v -0.01723678 -0.056296315 0.22289641
v -0.016082453 -0.042632986 0.114556275
v -0.003928676 -0.0548745 0.14817688
v -0.006016994 -0.05867085 0.1911557
v -0.017827144 -0.046435475 0.12951751
v -0.022011867 -0.04715611 0.15088165
v -0.022967676 -0.047543377 0.19505462
v -0.019337611 -0.05258656 0.22851165
v -0.016435312 -0.04245087 0.11424713
v -0.0179351 -0.04610295 0.12917328
v -0.022277903 -0.046899036 0.15097168
v -0.023429483 -0.046786427 0.19531982
v -0.023403544 -0.047667734 0.24349914
v -0.022173304 -0.048943218 0.23932433
v -0.025932612 -0.045993313 0.2434436
v -0.022995371 -0.046264995 0.2448239
v -0.025946116 -0.03781384 0.24467437
v -0.02594932 -0.036691897 0.24455504
v -0.023057397 -0.0363094 0.2465152
v -0.023307947 -0.034153104 0.24487884
v -0.02594932 -0.036691897 0.24455504
v -0.015618281 -0.03533875 0.20703857
v -0.025165018 -0.03647225 0.19770965
v -0.014740061 -0.0349239 0.1572943
v -0.024226526 -0.036547244 0.15294708
v -0.016137233 -0.03488171 0.13281189
v -0.019920038 -0.03572018 0.13112365
v -0.013409572 -0.030678144 0.11558319
v -0.01595634 -0.031569943 0.11394958
v -0.004937816 -0.015384525 0.081649475
v -0.0074488786 -0.015853923 0.08018249
v -7.4691337E-4 -0.007322354 0.06491821
v -0.0029869035 -0.0072704735 0.06236908
v -0.0020304827 -0.034163173 0.16032043
v -0.00680862 -0.03318062 0.21218963
v -0.016096491 -0.03208897 0.22806457
v 9.295697E-4 2.6942816E-4 0.04671753
v 0.0034439894 7.397804E-4 0.04818634
v 0.0041073654 0.0057780794 0.044084776
v 0.0015844769 0.0056040147 0.042546995
v 0.0015846295 0.011689373 0.041502073
v 0.0041073654 0.0118634375 0.04303955
v 9.295697E-4 0.018906703 0.042720947
v 0.0034439894 0.019080272 0.04425354
v -7.4691337E-4 0.033293184 0.056208495
v -0.0029869035 0.03220111 0.053905334
v -0.0074488786 0.04733341 0.066633604
v -0.004937816 0.04750667 0.06816375
v -0.01595634 0.07551227 0.090988465
v -0.013409572 0.07536891 0.09284393
v -0.019920038 0.08633911 0.10495147
v -0.016137233 0.08626659 0.10683502
v -0.024226526 0.09604084 0.124517515
v -0.014740061 0.096342355 0.12914795
v -0.025165018 0.11432499 0.16537537
v -0.015618281 0.11711594 0.17434844
v -0.02594932 0.13373119 0.20801239
v -0.023307947 0.13154891 0.20934844
v -0.0020304827 0.09688907 0.13221985
v -0.00680862 0.11725937 0.17993164
v -0.016096491 0.12277191 0.1948587
v -0.0035647538 0.032390285 0.052630614
v 2.5474982E-4 0.01916164 0.04178711
v -0.0034323074 0.033867832 0.050724182
v -0.0019947009 0.029397883 0.04446899
v 2.3575262E-4 0.026188845 0.033571165
v -3.79558E-4 0.028307185 0.036405027
v 2.3575262E-4 0.031575616 0.028329773
v 0.0014884991 0.028767351 0.025810242
v 2.3575262E-4 0.03620414 0.022407532
v 0.0014884991 0.03193458 0.021792602
v -3.79558E-4 0.03925056 0.024207152
v 3.1513744E-5 0.03223438 0.028920287
v -0.0019947009 0.047385514 0.024420166
v 2.5474982E-4 0.043613046 0.014533691
v -0.0034323074 0.05408729 0.02818756
v -0.0035647538 0.055822633 0.026512755
v -0.0049447585 0.05776191 0.03490143
v -0.00796783 0.07019744 0.039577026
v -0.0057945973 0.0580651 0.041160278
v -0.008721309 0.06866717 0.05036194
v -0.008187557 0.07077304 0.040640257
v -0.016617503 0.09417484 0.07431396
v -0.016617503 0.0977742 0.06606262
v -0.020651316 0.10916683 0.08302399
v -0.020651316 0.11294777 0.07526398
v -0.02499389 0.12963134 0.09054443
v -0.02499389 0.1334304 0.08276367
v -0.025948785 0.17198719 0.10395416
v -0.025948785 0.17564258 0.096361384
v -0.026753915 0.2164468 0.11910278
v -0.026753915 0.22022724 0.11134308
v -0.024364237 0.12932521 0.09094726
v -0.019998774 0.10883686 0.083457336
v -0.025296398 0.17153484 0.10454711
v -0.025930094 0.21635723 0.11976074
v -0.01595634 0.09861644 0.06523712
v -0.0074488786 0.07135837 0.03985504
v -0.004937816 0.07289871 0.03986206
v -7.4691337E-4 0.05947704 0.027023925
v -0.0029869035 0.057069466 0.026186828
v -0.013409572 0.10044559 0.064893186
v -0.019920038 0.1136676 0.07449066
v -0.016137233 0.11553223 0.074215084
v -0.024226526 0.13416733 0.08202087
v -0.014740061 0.13880329 0.081820674
v -0.025165018 0.17676227 0.095782466
v -0.015618205 0.18598415 0.09758728
v -0.025949243 0.22124721 0.11046692
v -0.023307947 0.22233951 0.10815277
v -0.0020304827 0.1419165 0.08203217
v -0.00680862 0.1915507 0.09712585
v -0.016096491 0.20698589 0.10099395
v 9.295697E-4 0.044513848 0.014179077
v 0.0034439894 0.0460559 0.014186401
v 0.0041073654 0.043712113 0.008126831
v 0.0015844769 0.04219619 0.0078176875
v 0.0010229535 0.041003108 0.007589111
v 0.0014884991 0.035768237 0.014676819
v 0.0014884991 0.038068116 0.007045898
v 0.0041077468 0.044464525 0.008198853
v 0.003429875 0.046989933 0.014489136
v 0.0041073654 0.0704182 0.010449829
v 0.0030400893 0.07204978 0.020453796
v 0.0018191572 0.07594241 0.028799437
v -6.3811825E-4 0.06019054 0.027080078
v -0.004654918 0.07338195 0.0396698
v -2.0213549E-5 0.08107693 0.03681488
v -0.013004603 0.10062679 0.06442383
v -0.0068388325 0.10316673 0.057565305
v -0.011707911 0.12255829 0.073349
v -0.015694423 0.116257474 0.07409942
v -0.014599452 0.13736588 0.0811499
v -0.0142168375 0.13817748 0.08143249
v 9.375806E-4 0.12623379 0.07345337
v -0.01121818 0.12291488 0.07307159
v 0.0066381874 0.10720874 0.05718872
v -0.006242061 0.10355896 0.057269286
v 0.017297596 0.08470707 0.036977842
v 5.789228E-4 0.081417695 0.036538087
v 0.020597385 0.081076585 0.032565
v 0.0024580427 0.07645381 0.028485717
v 0.0037986035 0.072580904 0.02039978
v 0.025668873 0.07761928 0.024493407
v 0.039353795 0.07678134 0.0061672973
v 0.005078968 0.07089351 0.010589904
v 0.039353795 0.07678134 0.0061672973
v 0.0052496376 0.07230128 0.0014294434
v 0.0041073654 0.071739875 0.0013284301
v 0.0041073654 0.045310587 0.00200531
v 0.003429875 0.048959766 -0.0045773312
v 0.0030400893 0.07580119 -0.0077786255
v 0.0018191572 0.08022591 -0.01266693
v -6.3811825E-4 0.06445529 -0.014204102
v -0.004654918 0.07994212 -0.023831481
v -2.0213549E-5 0.0868906 -0.019464111
v -0.013004603 0.11167156 -0.042493284
v -0.0068388325 0.11275581 -0.035260923
v -0.011707911 0.13496433 -0.046746824
v -0.015694423 0.12894943 -0.04876953
v -0.014599452 0.15105377 -0.0513562
v -0.016137157 0.12826355 -0.049031068
v -0.014740061 0.15259773 -0.051719055
v -0.024226451 0.1481013 -0.052862242
v -0.019920038 0.12649482 -0.049682006
v -0.013409572 0.11158996 -0.042990416
v -0.01595634 0.10986976 -0.04370056
v -0.004937816 0.07950793 -0.024118347
v -0.0074488786 0.0779988 -0.024426268
v -7.4691337E-4 0.063745834 -0.014295349
v -0.0029869035 0.061217416 -0.013967895
v -0.025165018 0.19260937 -0.057626646
v -0.015618205 0.20200588 -0.057508238
v -0.025949243 0.23915675 -0.062907405
v -0.023307947 0.23975253 -0.060419004
v -0.0020304064 0.15568851 -0.05128967
v -0.0068085436 0.2073601 -0.055918578
v -0.016096491 0.22326007 -0.056549378
v 9.295697E-4 0.046472315 -0.0047802734
v 0.0034439894 0.047983814 -0.0044714357
v 0.0041073654 0.044598572 0.0020162964
v 0.0015846295 0.043082688 0.0017071533
v 2.5474982E-4 0.045662872 -0.005311279
v -0.0035647538 0.0600637 -0.014541626
v -0.0034323074 0.058707535 -0.016535949
v -0.0019947009 0.051376566 -0.014218139
v 2.3575262E-4 0.04002044 -0.014533691
v -3.79558E-4 0.043370087 -0.015672302
v 2.3575262E-4 0.036700435 -0.02127655
v 0.0014884991 0.033436272 -0.01938446
v 2.3575262E-4 0.032498393 -0.027508238
v 0.0014884991 0.030594401 -0.023638
v -3.79558E-4 0.035151515 -0.029849548
v 3.1513744E-5 0.03746593 -0.021720275
v -0.0019947009 0.037867807 -0.037520446
v 2.5474982E-4 0.027299188 -0.036987305
v -0.0034323074 0.0435218 -0.0427301
v -0.0035647538 0.042465318 -0.04489807
v -0.0049447585 0.05104236 -0.04415039
v -0.00796783 0.059332002 -0.054531857
v -0.0057945973 0.057088464 -0.042504575
v -0.008721309 0.069115974 -0.049744565
v -0.008187557 0.06052089 -0.054750975
v -0.016617503 0.09977798 -0.06660217
v -0.016617503 0.09304317 -0.07257446
v -0.020651316 0.11269447 -0.07816864
v -0.020651316 0.106482506 -0.08416259
v -0.02499389 0.1261713 -0.09530762
v -0.02499389 0.11994514 -0.10132507
v -0.025948785 0.15201297 -0.13144653
v -0.025948785 0.14592159 -0.13726944
v -0.026753915 0.18015872 -0.1690486
v -0.026753915 0.17394695 -0.17504165
v -0.02436416 0.12645888 -0.09489166
v -0.019998774 0.11300449 -0.07772064
v -0.025296398 0.15243755 -0.13083297
v -0.025930017 0.1807571 -0.16876006
v -0.01595634 0.09251762 -0.07363129
v -0.0074488786 0.059954636 -0.055551145
v -0.004937816 0.06043731 -0.057012938
v -7.4691337E-4 0.04408088 -0.048216246
v -0.0029869035 0.0425402 -0.046184387
v -0.013409572 0.092756234 -0.07547668
v -0.019920038 0.105969995 -0.08508575
v -0.016137157 0.10628418 -0.086944275
v -0.024226451 0.11946632 -0.1022554
v -0.014740061 0.12070797 -0.10672668
v -0.025165018 0.14571697 -0.13851272
v -0.015618205 0.15028271 -0.14672668
v -0.025949243 0.17342915 -0.17628326
v -0.023307947 0.17156589 -0.17803696
v -0.0020304064 0.12187164 -0.10962143
v -0.0068085436 0.15156433 -0.15216248
v -0.016096491 0.16001254 -0.16564697
v 9.295697E-4 0.027240366 -0.037954405
v 0.0034439894 0.027723918 -0.039418943
v 0.0041073654 0.021236833 -0.039061584
v 0.0015844769 0.020473743 -0.03771576
v 0.0010229535 0.019887844 -0.036652222
v 0.0014884991 0.025010943 -0.029482726
v 0.0014884991 0.01846462 -0.034028318
v 0.0041077468 0.02153808 -0.039755248
v 0.003429875 0.028300472 -0.040213622
v 0.0041073654 0.03169864 -0.06374298
v 0.0030400893 0.04171752 -0.062203366
v 0.0018191572 0.050856546 -0.06332672
v -6.3811825E-4 0.04435428 -0.048876647
v -0.004654918 0.0604042 -0.057532348
v -2.0213549E-5 0.060066905 -0.065732725
v -0.013004603 0.092365876 -0.07579437
v -0.0068388325 0.08662777 -0.08032959
v -0.011707911 0.10763134 -0.09389465
v -0.015694423 0.10639801 -0.08766952
v -0.014599452 0.1196257 -0.105567016
v -0.0142168375 0.1201461 -0.10625091
v 9.375806E-4 0.10886669 -0.09735763
v -0.01121818 0.10747791 -0.09431976
v 0.0066381874 0.08751846 -0.084289856
v -0.006242061 0.08646713 -0.080794066
v 0.017297596 0.06134418 -0.06913513
v 5.789228E-4 0.059908632 -0.06614227
v 0.020597385 0.05602489 -0.0670462
v 0.0024580427 0.05071651 -0.063909605
v 0.0037986035 0.04182964 -0.062725216
v 0.025668873 0.04728004 -0.06625244
v 0.039353795 0.029591594 -0.07111832
v 0.005078968 0.031978562 -0.06415191
v 0.0052496376 0.023701128 -0.06832123
v 0.03260735 0.021831049 -0.075299986
v 0.0037986035 0.016336514 -0.074929655
v 0.025668873 0.0152875865 -0.08133651
v 0.020597385 0.012026745 -0.08654129
v 0.0024580427 0.013269954 -0.08050217
v 5.789228E-4 0.008748889 -0.08881103
v 0.017297596 0.01000137 -0.09188431
v -0.006242061 0.0017603644 -0.11832687
v 0.0066381874 0.003643795 -0.12145401
v -0.01121818 -0.0023350182 -0.14297669
v 9.375806E-4 -0.0010173455 -0.14604598
v -0.0142168375 -0.0020075263 -0.16037567
v -0.0020304064 -6.692925E-4 -0.16391815
v -0.014740061 -0.00203236 -0.1611113
v -0.015618205 0.0077293734 -0.20989044
v -0.025165018 0.0047130543 -0.20099014
v -0.024226451 -0.0045099678 -0.15718842
v -0.016137157 -0.006996235 -0.13713776
v -0.019920038 -0.00816193 -0.13565658
v -0.013409572 -0.0064033167 -0.119413905
v -0.01595634 -0.007610058 -0.11799713
v -0.004937816 0.0016308936 -0.08306991
v -0.0074488022 8.7176886E-4 -0.08172989
v -7.468371E-4 0.006102863 -0.06504349
v -0.0029869035 0.0056327395 -0.06253799
v -0.025949243 0.014074627 -0.24689132
v -0.023307947 0.016625553 -0.2466896
v -0.0068085436 0.010895954 -0.21449143
v -0.016096491 0.015208851 -0.22980864
v 9.295697E-4 0.009814258 -0.045675658
v 0.0034439894 0.010574528 -0.04701721
v 0.0041073654 0.015699117 -0.041793823
v 0.0015846295 0.01493652 -0.040447693
v 2.5474982E-4 0.009058795 -0.045069885
v -0.0035646774 0.004730068 -0.06161789
v -0.0034322313 0.002414318 -0.06094406
v -0.0019947009 0.002353626 -0.053256225
v 2.3575262E-4 -0.0014559594 -0.042553406
v -3.79558E-4 -0.0015037956 -0.046091307
v 2.3575262E-4 -0.0088946195 -0.04147888
v 0.0014884991 -0.008103985 -0.037790526
v 2.3575262E-4 -0.016119616 -0.03940918
v 0.0014884991 -0.0130273085 -0.036401976
v -3.7948173E-4 -0.017526936 -0.04265564
v 3.1513744E-5 -0.009080281 -0.042344056
v -0.0019947009 -0.023982776 -0.04760925
v 2.5474982E-4 -0.026741948 -0.03739349
v -0.0034322313 -0.02719006 -0.054596253
v -0.0035646774 -0.02957848 -0.054261472
v -0.0049447585 -0.02621651 -0.062187802
v -0.00796783 -0.033528905 -0.07327987
v -0.008187557 -0.03336983 -0.074478604
v -0.008721309 -0.025952077 -0.081105344
v -0.016617503 -0.032509428 -0.11547622
v -0.016617503 -0.040271573 -0.11091644
v -0.020651316 -0.039518245 -0.13133499
v -0.020651316 -0.047139056 -0.12727936
v -0.02499389 -0.05165417 -0.1494484
v -0.02499389 -0.059301227 -0.14538589
v -0.025948785 -0.078038864 -0.18519226
v -0.025948785 -0.08545917 -0.18119842
v -0.026753915 -0.105103225 -0.22358078
v -0.026753915 -0.112722546 -0.21952529
v -0.02436416 -0.051169667 -0.1495932
v -0.019998774 -0.038996853 -0.13149108
v -0.025296398 -0.07732456 -0.18540664
v -0.025930017 -0.10464397 -0.2240605
v -0.01595634 -0.04143826 -0.11074295
v -0.019920038 -0.048175283 -0.12707686
v -0.013409572 -0.043119397 -0.111540675
v -0.004937816 -0.035546917 -0.07509811
v -0.0074488022 -0.034305234 -0.07418762
v -7.468371E-4 -0.032235112 -0.056823272
v -0.0029869035 -0.03077908 -0.05473068
v -0.016137157 -0.049846005 -0.12794998
v -0.024226451 -0.06033421 -0.1452185
v -0.014740061 -0.0642025 -0.14778106
v -0.025165018 -0.08670517 -0.18138793
v -0.015618205 -0.093105234 -0.1882692
v -0.025949243 -0.11406311 -0.21941589
v -0.023307947 -0.1163068 -0.21818572
v -0.0020304064 -0.06659653 -0.1497824
v -0.0068085436 -0.09787937 -0.19116744
v -0.016096491 -0.10809364 -0.20336898
v 9.29646E-4 -0.027679104 -0.037636414
v 0.0034439894 -0.028922543 -0.03854828
v 0.0041073654 -0.030587811 -0.03226837
v 0.0015844769 -0.029543232 -0.031127013
v 0.0010229535 -0.028712582 -0.030240783
v 0.0014884991 -0.02031098 -0.032897644
v 0.0014884991 -0.026657453 -0.028076781
v 0.0041077468 -0.031154675 -0.03276886
v 0.003429875 -0.02950028 -0.03934265
v 0.0041073654 -0.050828137 -0.04984512
v 0.0030400893 -0.04626801 -0.058897704
v 0.0018191572 -0.04451241 -0.06793747
v -6.3811825E-4 -0.032778706 -0.057287443
v -0.004654918 -0.03605126 -0.0752272
v -2.0213549E-5 -0.043954585 -0.077440485
v -0.013004603 -0.043542523 -0.11126709
v -0.0068388325 -0.049628682 -0.10721176
v -0.011707911 -0.05603951 -0.13137893
v -0.015694423 -0.050500568 -0.12828231
v -0.014599452 -0.06343388 -0.14639358
v -0.0142168375 -0.06392422 -0.14709945
v 9.375806E-4 -0.05895161 -0.13362366
v -0.01121818 -0.05649113 -0.13136458
v 0.0066381874 -0.053119853 -0.10928284
v -0.006242061 -0.050120357 -0.10720199
v 0.017297596 -0.046796 -0.07970627
v 5.789228E-4 -0.044392705 -0.077416226
v 0.020597385 -0.046452068 -0.07400162
v 0.0024580427 -0.04510979 -0.06798431
v 0.0037986035 -0.04672932 -0.0591658
v 0.025668873 -0.048399854 -0.065439455
v 0.039353795 -0.058493465 -0.05012085
v 0.0037986035 -0.04672932 -0.0591658
v 0.005078968 -0.05113049 -0.050238036
v 0.0041073654 -0.057258725 -0.04324295
v 0.0041073654 -0.035479434 -0.028255615
v 0.003429875 -0.042301066 -0.025075072
v 0.0030400893 -0.06589821 -0.038261414
v 0.0018191572 -0.07235035 -0.03690796
v -6.3811825E-4 -0.060495302 -0.026394652
v -0.004654918 -0.07868317 -0.027708739
v -2.0213549E-5 -0.0817374 -0.03532623
v -0.013004603 -0.11532215 -0.031261444
v -0.0068388325 -0.11194786 -0.03775009
v -0.011707911 -0.13666657 -0.04151123
v -0.015694423 -0.1329892 -0.036339875
v -0.014599452 -0.15239261 -0.047239684
v -0.016137157 -0.13258804 -0.035724793
v -0.014740061 -0.15385477 -0.047853697
v -0.024226526 -0.15088928 -0.04428528
v -0.019920038 -0.13153954 -0.034158323
v -0.013409572 -0.115548015 -0.030811463
v -0.01595634 -0.11457386 -0.029225769
v -0.004937816 -0.078500405 -0.02722168
v -0.0074488022 -0.077460825 -0.026085814
v -7.468371E-4 -0.059974942 -0.025904234
v -0.0029869035 -0.057737354 -0.024682922
v -0.025165018 -0.1896973 -0.066592254
v -0.015618205 -0.1972297 -0.07221161
v -0.025949243 -0.23045889 -0.08968017
v -0.023307947 -0.2294783 -0.09204406
v -0.0020304827 -0.15610288 -0.050017394
v -0.00680862 -0.2006268 -0.07664429
v -0.016096491 -0.2138612 -0.08548004
v 9.295697E-4 -0.04040795 -0.023449097
v 0.0034439894 -0.041448865 -0.024586791
v 0.0041073654 -0.03489716 -0.027846374
v 0.0015846295 -0.033852354 -0.026704712
v 2.5474982E-4 -0.04006539 -0.022543335
v -0.0035646774 -0.057141077 -0.02354065
v -0.0034322313 -0.05721558 -0.021129455
v -0.0019947009 -0.04992272 -0.01869629
v 2.3575262E-4 -0.040920988 -0.011765442
v -3.79558E-4 -0.0443002 -0.012813415
v 2.3575262E-4 -0.042198185 -0.0043588257
v 0.0014884991 -0.038445555 -0.003971252
v 2.3575262E-4 -0.042462047 0.0031524657
v 0.0014884991 -0.038646434 0.0011404419
v -3.79558E-4 -0.04598412 0.0034872435
v 3.1513744E-5 -0.043078274 -0.004450073
v -0.0019947009 -0.05269051 0.008096619
v 2.5474982E-4 -0.043827213 0.013877258
v -0.0034323074 -0.06032742 0.008987731
v -0.0035647538 -0.06074692 0.011361999
v -0.0049447585 -0.067246094 0.005715637
v -0.00796783 -0.08005447 0.009242249
v -0.0057945973 -0.07117016 8.303833E-4
v -0.008187557 -0.08114536 0.008721008
v -0.008721309 -0.08515587 -3.8177488E-4
v -0.016617503 -0.1198708 -0.004766235
v -0.016617503 -0.11793247 0.004024658
v -0.020651316 -0.1371193 -0.0030010985
v -0.020651316 -0.1356171 0.005499878
v -0.02499389 -0.15809594 0.0029434203
v -0.02499389 -0.15659599 0.011471557
v -0.025948785 -0.20024459 0.01699127
v -0.025948785 -0.19873889 0.025282286
v -0.026753992 -0.24511687 0.03086853
v -0.026753992 -0.2436145 0.039368287
v -0.02436416 -0.15808442 0.0024380493
v -0.019998774 -0.1371069 -0.003545227
v -0.025296398 -0.20022753 0.016245726
v -0.025930094 -0.24543126 0.030283203
v -0.01595634 -0.11812866 0.0051879883
v -0.019920038 -0.13574436 0.0065481565
v -0.013409572 -0.119406775 0.0065411376
v -0.004937816 -0.08240757 0.0105999755
v -0.0074488786 -0.08115753 0.009700928
v -7.4691337E-4 -0.06400383 0.0130972285
v -0.0029869035 -0.061563723 0.012359008
v -0.016137157 -0.13709103 0.007867127
v -0.024226526 -0.15675585 0.012505493
v -0.014740061 -0.16038832 0.015392761
v -0.025165018 -0.19930421 0.026408691
v -0.015618205 -0.20782608 0.030369872
v -0.02594932 -0.24392459 0.040676575
v -0.023307947 -0.24344791 0.043190613
v -0.0020304827 -0.16303125 0.017051086
v -0.00680862 -0.21205823 0.03401428
v -0.016096491 -0.22681874 0.039957885
v 9.295697E-4 -0.044348188 0.014693908
v 0.0034439894 -0.04559979 0.015594482
v 0.0041073654 -0.040141873 0.019119263
v 0.0015844769 -0.038733486 0.018477783
v 0.0015846295 -0.03585911 0.023942566
v 0.0041073654 -0.03726746 0.02458374
v 9.295697E-4 -0.03478806 0.031183472
v 0.0034439894 -0.03619183 0.03182251
v -7.4691337E-4 -0.043170016 0.04903412
v -0.0029869035 -0.041316763 0.047283325
v -0.0074488786 -0.048745845 0.065607905
v -0.004937816 -0.05014767 0.06624603
v -0.01595634 -0.06320149 0.09993377
v -0.013409572 -0.06501019 0.10037109
v -0.019920038 -0.073134616 0.11454559
v -0.016137233 -0.07494843 0.11505859
v -0.024226526 -0.0887453 0.12981872
v -0.014740061 -0.09305553 0.13153686
v -0.025165018 -0.12195297 0.15983428
v -0.015618281 -0.12962508 0.16526122
v -0.02594932 -0.15650691 0.19146636
v -0.023307947 -0.15845203 0.18980315
v -0.0020304827 -0.09580845 0.13300629
v -0.00680862 -0.13489063 0.16712311
v -0.016096491 -0.1473833 0.17697875
v -0.0035647538 -0.040046275 0.047069397
v 2.5474982E-4 -0.033821188 0.031137085
v -0.0034323074 -0.037776455 0.047885437
v -0.0019947009 -0.033208508 0.041701354
v 2.3575262E-4 -0.023835301 0.035281677
v -3.79558E-4 -0.025876164 0.038171995
v 0.0014884991 -0.020193601 0.032970276
v -0.0049447585 -0.038375363 0.055515442
v -0.00796783 -0.047800373 0.06487884
v -0.008721309 -0.041983835 0.07408783
v -0.008187557 -0.047889866 0.06608429
v -0.016617503 -0.055428814 0.10639221
v -0.016617503 -0.062094312 0.10034241
v -0.020651316 -0.0655312 0.1204834
v -0.020651316 -0.07216179 0.114955746
v -0.02499389 -0.08111328 0.13573334
v -0.02499389 -0.08776867 0.13019347
v -0.025948785 -0.114247814 0.16532959
v -0.025948785 -0.12069458 0.15990265
v -0.026753992 -0.14858726 0.19737427
v -0.026753992 -0.15521728 0.19184692
v -0.024364237 -0.080669135 0.13597442
v -0.019998774 -0.06505268 0.120743714
v -0.025296398 -0.11359211 0.16568573
v -0.025930094 -0.14823662 0.19793792
v -0.023403544 -0.14835136 0.19888732
v -0.023429483 -0.11325443 0.16586852
v -0.022277903 -0.08032799 0.13615966
v -0.0179351 -0.06471547 0.12092682
v -0.016435312 -0.05611195 0.108193964
v -0.015256648 -0.054994434 0.10662048
v -0.0076640276 -0.04177029 0.07470367
v 0.007558369 -0.052519497 0.10746368
v 0.020133823 -0.039960217 0.07866089
v -0.007218547 -0.035985645 0.07143524
v 0.023018803 -0.036829036 0.07666931
v -5.5663625E-4 -0.06605061 0.12973145
v -0.015241236 -0.06764088 0.12886901
v -0.016169352 -0.06719788 0.12766479
v -0.015006174 -0.07449047 0.13932708
v -0.016033396 -0.07485333 0.13913025
v -0.015188364 -0.10377659 0.17101195
v -0.016164089 -0.10423916 0.17076018
v -0.016121821 -0.12520492 0.19106872
v -0.01723678 -0.12729327 0.1914386
v -0.016082453 -0.056218572 0.10853638
v -0.003928676 -0.07290017 0.14019012
v -0.006016994 -0.1021859 0.17187439
v -0.017827144 -0.06474667 0.12140442
v -0.022011867 -0.080088615 0.13628936
v -0.022967676 -0.11254913 0.16625091
v -0.019337611 -0.13394405 0.19246246
v -0.022173304 -0.14440162 0.19702728
v -0.0012281756 -0.11527145 0.18388885
v -0.008625408 -0.12186134 0.19030608
v 0.010470204 -0.119558215 0.18775512
v -0.008146358 -0.035947423 0.07089417
v -0.00679565 -0.030687984 0.06602905
v -0.0057945973 -0.036085933 0.06134857
v -0.0039758254 -0.03770737 0.05485199
v -0.0026349595 -0.03707806 0.0481369
v -0.0014203601 -0.033115506 0.042569272
v 5.1044997E-5 -0.02592648 0.03910431
v 0.027726445 -0.03326985 0.042485654
v 0.029203037 -0.02592648 0.03910431
v 0.029766927 -0.017837605 0.040256042
v 6.0738047E-4 -0.017837605 0.040256042
v 5.1044997E-5 -0.011550869 0.045474548
v 0.029203037 -0.011550869 0.045474548
v 0.027726445 -0.0091220895 0.053185422
v -0.0014203601 -0.009288143 0.053127136
v -0.0026349595 -0.010749744 0.05980255
v 0.026510395 -0.010749744 0.05980255
v 0.027726445 -0.0091220895 0.053185422
v -0.0026349595 -0.010749744 0.05980255
v 0.003429875 7.405814E-4 0.049168397
v 0.0041073654 0.011821399 0.07020111
v 0.0030400893 0.002811199 0.07484436
v 0.0041077468 0.005942035 0.044822387
v 0.0018191572 -0.003922428 0.081125185
v -6.3811825E-4 -0.0071551935 0.0656131
v -0.004654918 -0.015052074 0.08204986
v -2.0213549E-5 -0.009959377 0.08848541
v -0.013004603 -0.030175747 0.11561065
v -0.0068388325 -0.022867855 0.11590668
v -0.011707911 -0.031886943 0.13922699
v -0.015694423 -0.034547735 0.13346557
v -0.014599452 -0.034729924 0.1557199
v -0.014216914 -0.034748387 0.15657958
v 9.375806E-4 -0.030850643 0.14275451
v -0.01121818 -0.03151276 0.13948028
v 0.0066381874 -0.02126099 0.11963409
v -0.0062421374 -0.022464719 0.116188355
v 0.017297596 -0.00899239 0.09198883
v 5.789228E-4 -0.009590611 0.088724054
v 0.020597385 -0.005917439 0.08717224
v 0.0024580427 -0.0034664574 0.08151489
v 0.0037986035 0.003027149 0.07533264
v 0.0037986035 0.003027149 0.07533264
v 0.025668873 6.904945E-4 0.08139038
v 0.0037986035 0.003027149 0.07533264
v 0.039353717 0.01786079 0.07492981
v 0.005078968 0.011835552 0.070696406
v 0.0037986035 0.003027149 0.07533264
v 0.0041073654 0.020904994 0.06863983
v 0.0041073654 0.012093959 0.043713074
v 0.003429875 0.01948238 0.04514984
v 0.0030400893 0.030821642 0.069687806
v 0.0018191572 0.03683742 0.07238586
v -6.3811825E-4 0.03342628 0.056911927
v -0.004654918 0.047368273 0.06866547
v -2.0213549E-5 0.045361552 0.07662384
v -0.013004603 0.07492133 0.09307495
v -0.0068388325 0.06837761 0.09634155
v -0.011707911 0.0861652 0.11391388
v -0.015694423 0.086229704 0.107568055
v -0.014599452 0.0955199 0.12779114
v -0.0142168375 0.09588947 0.1285672
v 9.375806E-4 0.08666584 0.11755645
v -0.01121818 0.08592796 0.1142987
v 0.0066381874 0.06844032 0.10040008
v -0.0062421374 0.06812564 0.096763305
v 0.017297596 0.04591579 0.08021515
v 5.789228E-4 0.04512294 0.076992184
v 0.020597385 0.041136432 0.07708282
v 0.0024580427 0.036581185 0.072927855
v 0.0037986035 0.03082458 0.07022125
v 0.025668873 0.035439104 0.07478851
v 0.032607272 0.026597934 0.07375122
v 0.0052496376 0.02098247 0.069205016
v 0.039353717 0.01786079 0.07492981
v 0.0037986035 0.003027149 0.07533264
v -0.008625408 -0.05910641 0.21811248
v -0.0012281756 -0.058780063 0.20892029
v 0.010470204 -0.058764003 0.21469238
v -0.009309001 -0.030843014 0.22364044
v 0.012748417 -0.030282293 0.22139587
v -0.02364036 -0.059776157 0.2526535
v -0.022092432 -0.08804084 0.23058197
v -0.022092432 -0.056843724 0.24028106
v -0.02364036 -0.09258091 0.24245483
v -0.022092432 -0.049925044 0.24373412
v -0.022092432 -0.048101276 0.24698028
v -0.021477122 -0.08701931 0.22790588
v -0.021477122 -0.056183703 0.23749237
v -0.021477122 -0.051276132 0.238385
v -0.016245494 -0.08237003 0.21572967
v -0.016245494 -0.057616618 0.22350647
v -0.009654994 -0.08079166 0.21159698
v -0.009654994 -0.061901744 0.21764739
v -0.018027263 -0.054204296 0.22912505
v -0.02364036 -0.033038907 0.25751677
v -0.022092432 -0.035789683 0.2490863
v -0.022092432 -0.031415943 0.2449063
v -0.02364036 -0.0059392587 0.25955933
v -0.022092432 -0.0056443447 0.24684845
v -0.02364036 0.02122497 0.25875732
v -0.022092432 0.020189242 0.24608612
v -0.021477122 -0.03105122 0.24206421
v -0.021477122 -0.0055788844 0.24398376
v -0.021477122 0.019955173 0.24322967
v -0.016245494 -0.0052806893 0.23094848
v -0.016245494 0.018888507 0.23023498
v -0.009654994 -0.0051795617 0.22652404
v -0.009654994 -0.028829694 0.22474182
v -0.016245494 -0.029392362 0.22913146
v -0.009654994 0.018527294 0.22582428
v 0.12612274 -0.0049184454 0.21467346
v 0.12612274 0.017549168 0.21401031
v 0.012990574 -0.02850037 0.22217804
v -0.009309001 -0.030843014 0.22364044
v 0.012748417 -0.030282293 0.22139587
v -0.016096491 -0.03208897 0.22806457
v -0.023307947 -0.034153104 0.24487884
v -0.023057397 -0.0363094 0.2465152
v -0.022995371 -0.046264995 0.2448239
v -0.023403544 -0.047667734 0.24349914
v -0.022173304 -0.048943218 0.23932433
v -0.019337611 -0.05258656 0.22851165
v -0.01723678 -0.056296315 0.22289641
v -0.016121821 -0.057425577 0.22110137
v -0.008625408 -0.05910641 0.21811248
v -0.008625408 -0.05910641 0.21811248
v 0.010470204 -0.058764003 0.21469238
v 0.012565312 -0.059782606 0.21562865
v 0.12612274 -0.076579094 0.20052642
v 0.12354461 -0.047842983 0.20989472
v -0.009654994 -0.10806694 0.19915192
v -0.016245494 -0.110177726 0.20304169
v -0.016245494 -0.12685756 0.19282623
v -0.009654994 -0.119639546 0.19206451
v -0.021477122 -0.11639656 0.21450195
v -0.022092432 -0.1177634 0.21702057
v -0.02364036 -0.12383461 0.22819458
v -0.02364036 -0.14700946 0.21400115
v -0.022092432 -0.13980281 0.20352264
v -0.022092432 -0.1470089 0.20071715
v -0.022092432 -0.15063861 0.20154724
v -0.021477122 -0.13818012 0.20116027
v -0.021477122 -0.1421389 0.19812438
v -0.018027263 -0.13331226 0.19407317
v -0.02364036 -0.16857433 0.19746216
v -0.022092432 -0.16046932 0.19384186
v -0.022092432 -0.16031112 0.18779388
v -0.02364036 -0.1882917 0.17876068
v -0.022092432 -0.17906263 0.17000854
v -0.02364036 -0.20594639 0.15809967
v -0.022092432 -0.19585255 0.1503601
v -0.02364036 -0.22448175 0.13024017
v -0.022092432 -0.2134894 0.12383087
v -0.021477122 -0.15845028 0.18561432
v -0.021477122 -0.17698444 0.16803466
v -0.021477122 -0.19357894 0.14861481
v -0.021477122 -0.21101263 0.12238861
v -0.016245494 -0.16752893 0.15905792
v -0.016245494 -0.18323727 0.14067474
v -0.009654994 -0.16431928 0.15601043
v -0.009654994 -0.1471117 0.17233184
v -0.016245494 -0.14998534 0.17569762
v -0.009654994 -0.1797266 0.13798004
v -0.016245494 -0.19974554 0.11582733
v -0.009654994 -0.195921 0.11360016
v 0.12612274 -0.1557405 0.14784515
v 0.12612274 -0.17034289 0.13075684
v 0.12612274 -0.18568526 0.10766906
v 0.012990651 -0.1454335 0.17036621
v 0.12354461 -0.13895515 0.16486603
v -0.009309001 -0.1449435 0.17308411
v 0.012748417 -0.14365757 0.17116028
v -0.016096491 -0.1473833 0.17697875
v -0.023307947 -0.15845203 0.18980315
v -0.023057397 -0.15821548 0.1925
v -0.022995371 -0.15027447 0.1987381
v -0.023403544 -0.14835136 0.19888732
v -0.022173304 -0.14440162 0.19702728
v -0.019337611 -0.13394405 0.19246246
v -0.01723678 -0.12729327 0.1914386
v -0.016121821 -0.12520492 0.19106872
v -0.008625408 -0.12186134 0.19030608
v -0.008625408 -0.12186134 0.19030608
v 0.010470204 -0.119558215 0.18775512
v 0.012565312 -0.11956818 0.18913849
v 0.12612274 -0.10242824 0.1887323
v 0.12354461 -0.12107117 0.17858185
v 0.0010162396 -0.03475739 0.023398742
v 0.0014884991 -0.026607364 0.028051453
v 0.0014884991 -0.031857915 0.021906737
v 0.0010229535 -0.037634052 0.017961426
v 0.0014884991 -0.034940686 0.016676331
v 0.0014884991 -0.03756493 0.009150085
v 0.025172124 -0.03770737 0.05485199
v 0.02428223 -0.035742916 0.060560912
v 0.026510395 -0.03707806 0.0481369
v 0.027726445 -0.03326985 0.042485654
v 0.029203037 -0.02592648 0.03910431
v -0.0048686936 -0.035742916 0.060560912
v -0.0026349595 -0.03707806 0.0481369
v 0.026510395 -0.03707806 0.0481369
v 0.003429875 -0.036919598 0.032481078
v 0.0041073654 -0.058820996 0.041093137
v 0.0041073654 -0.03783661 0.02501068
v 0.0030400893 -0.056753162 0.050848387
v 0.0041073654 -0.063112795 0.032936707
v 0.0041077468 -0.040792927 0.019502563
v 0.0018191572 -0.057459567 0.05740387
v -6.3811825E-4 -0.04379719 0.049377136
v -0.004654918 -0.05066769 0.06626923
v -2.0213549E-5 -0.058856472 0.06681946
v -0.013004603 -0.06536793 0.10001739
v -0.0068388325 -0.07049664 0.09480286
v -0.011707911 -0.08171226 0.11714966
v -0.015694423 -0.07565754 0.11525055
v -0.014599452 -0.092020035 0.13033508
v -0.0142168375 -0.09264419 0.1309259
v 9.375806E-4 -0.08502155 0.118751526
v -0.01121818 -0.08215168 0.11704254
v 0.0066381874 -0.07433758 0.09611664
v -0.0062421374 -0.070976 0.094693296
v 0.017297596 -0.062100794 0.06845703
v 5.789228E-4 -0.05928082 0.06670715
v 0.020597385 -0.060598493 0.06294373
v 0.0024580427 -0.058054507 0.05732727
v 0.0037986035 -0.057259485 0.05101654
v 0.025668873 -0.06017735 0.0568161
v 0.032607272 -0.061922994 0.04808685
v 0.0052495617 -0.059334073 0.04134155
v 0.039353717 -0.065743566 0.040141907
v 0.005078968 -0.06357952 0.033103332
v 0.0037986035 -0.070710756 0.026158446
v 0.025668873 -0.07719334 0.02580841
v 0.020597385 -0.08473484 0.02131073
v 0.0024580427 -0.07859676 0.021893004
v 5.789228E-4 -0.08734615 0.018296508
v 0.017297596 -0.090266414 0.019874267
v -0.006242061 -0.11744388 0.014539184
v 0.0066381874 -0.12034942 0.016749267
v -0.01121818 -0.14239238 0.013131408
v 9.375806E-4 -0.14530143 0.014773254
v -0.0142168375 -0.15965389 0.0153384395
v -0.014599452 -0.15883146 0.015090331
v -0.015694423 -0.13760963 0.008387146
v -0.011707911 -0.1422665 0.012697448
v -0.013004603 -0.11927749 0.0070269774
v -0.0068388325 -0.11730087 0.014068908
v -2.0213549E-5 -0.08723297 0.01787201
v -0.004654918 -0.08268585 0.011039734
v 0.0018191572 -0.07836762 0.021338806
v -6.3811825E-4 -0.06461312 0.013471069
v 0.003429875 -0.04653355 0.015898436
v 0.0030400893 -0.070313 0.025802307
v 0.026510395 -0.03707806 0.0481369
v -0.0026349595 -0.03707806 0.0481369
v 0.027726445 -0.03326985 0.042485654
v -0.009309001 -0.1449435 0.17308411
v 0.012748417 -0.14365757 0.17116028
v -0.025932612 -0.14943458 0.19760956
v -0.022995371 -0.15027447 0.1987381
v -0.025946116 -0.15584122 0.19237702
v -0.02594932 -0.15650691 0.19146636
v -0.023057397 -0.15821548 0.1925
v -0.009654994 0.047817796 0.2210318
v 0.12612274 0.045313373 0.20948547
v -0.016245494 0.04875423 0.22535767
v -0.021477122 0.051512636 0.23810057
v -0.022092432 0.05211883 0.24090149
v -0.02364036 0.05480945 0.25334167
v -0.022092355 0.0824786 0.2327298
v -0.02364036 0.08672355 0.24471313
v -0.022092355 0.1063538 0.22283356
v -0.02364036 0.11182823 0.23430724
v -0.022092355 0.12906346 0.2104959
v -0.02364036 0.13570808 0.22133361
v -0.021477122 0.12756541 0.20805237
v -0.021477122 0.10511924 0.2202472
v -0.021477122 0.08152149 0.23002838
v -0.016245494 0.09950332 0.20848022
v -0.016245494 0.07716571 0.21773925
v -0.009654994 0.09759682 0.20448638
v -0.009654994 0.118436545 0.19316407
v -0.016245494 0.120749965 0.19693695
v -0.009654994 0.07568751 0.21356781
v 0.12612274 0.0924863 0.19378753
v 0.12612274 0.07172206 0.2023941
v 0.012990651 0.11708584 0.19096099
v 0.12354461 0.11360855 0.18325011
v 0.025172124 0.056880563 0.03457031
v 0.02658829 0.043368943 0.038910523
v 0.026510395 0.05355327 0.028703002
v 0.02428223 0.05742889 0.040582884
v 0.023239369 0.053824343 0.048290405
v 0.027726445 0.04776271 0.025109863
v 0.029203037 0.039679177 0.02503723
v 0.029767003 0.032773316 0.029403687
v 0.02428223 0.04655086 0.052707214
v 0.025172124 0.040514674 0.05281128
v 0.026510395 0.034322582 0.050138243
v 0.029203037 0.029178461 0.036741026
v 0.027726445 0.030125117 0.044769593
v -0.005919567 0.05368358 0.048164062
v 0.02428223 0.05742889 0.040582884
v -0.0048686936 0.05742889 0.040582884
v -0.0048686936 0.04655086 0.052707214
v -0.0039758254 0.040514674 0.05281128
v -0.0026349595 0.034322582 0.050138243
v 5.1044997E-5 0.029178461 0.036741026
v 0.029767003 0.032773316 0.029403687
v -0.0014203601 0.030252146 0.044649046
v 5.1044997E-5 0.029178461 0.036741026
v 6.0738047E-4 0.032773316 0.029403687
v 5.1044997E-5 0.039679177 0.02503723
v 0.029767003 0.032773316 0.029403687
v 0.027726445 0.04776271 0.025109863
v -0.0014203601 0.047656283 0.025250243
v 0.026510395 0.05355327 0.028703002
v -0.0026349595 0.05355327 0.028703002
v -0.0039758254 0.056880563 0.03457031
v 0.02428223 0.05742889 0.040582884
v -0.0048686936 0.05742889 0.040582884
v 0.026510395 0.05355327 0.028703002
v -0.0048686936 0.05742889 0.040582884
v -0.00679565 0.055059925 0.047641907
v -0.008146358 0.061852336 0.049923707
v -0.008146358 0.058356203 0.052356567
v -0.0068250233 0.05421947 0.048645325
v -0.007170787 0.058739696 0.052700195
v -0.007218547 0.062109217 0.050401304
v 0.023234334 0.06281864 0.056359556
v 0.023018803 0.065024294 0.054830015
v 0.020133823 0.068696514 0.055362243
v -0.0076640276 0.06872543 0.051011045
v 0.007558369 0.09196064 0.07648407
v -0.015256648 0.09387245 0.0746994
v -5.5663625E-4 0.11343246 0.09124603
v -0.015241236 0.11452888 0.089806825
v -0.016169352 0.11363117 0.08889099
v -0.015006174 0.12506409 0.09653808
v -0.016033396 0.12531482 0.0962091
v -0.015188364 0.16476563 0.11342987
v -0.016164089 0.16508518 0.11301117
v -0.016121821 0.19253421 0.12293823
v -0.01723678 0.19459033 0.12241882
v -0.016082453 0.095774725 0.07594543
v -0.003928676 0.123967394 0.097977296
v -0.006016994 0.16366962 0.11486908
v -0.017827144 0.108828545 0.08418579
v -0.022011867 0.12892471 0.091472164
v -0.022967676 0.17081569 0.10549133
v -0.019337611 0.20107669 0.120626524
v -0.0179351 0.10860393 0.08376282
v -0.022277903 0.1290897 0.09125549
v -0.0179351 0.10860393 0.08376282
v -0.016435312 0.095537186 0.075677186
v -0.0179351 0.10860393 0.08376282
v -0.023429483 0.17130207 0.104853205
v -0.023403544 0.21685107 0.120579526
v -0.025932612 0.21731548 0.11897003
v -0.022995371 0.21854435 0.11965515
v -0.02594604 0.22101368 0.11157043
v -0.023057397 0.22322902 0.11070892
v -0.008625408 0.18917187 0.123613276
v -0.0012281756 0.18053004 0.120462336
v 0.010470204 0.18602489 0.122230835
v -0.022173304 0.21248607 0.12050201
v -0.023429483 0.17130207 0.104853205
v -0.009308925 0.20316349 0.09844116
v 0.012748417 0.20120212 0.09721466
v -0.02364036 0.22181797 0.13491577
v -0.022092355 0.19209033 0.15498535
v -0.022092355 0.21095432 0.12831177
v -0.02364036 0.20198138 0.16296326
v -0.022092355 0.21637714 0.12279907
v -0.022092355 0.2200278 0.12206756
v -0.021477122 0.18986057 0.15318634
v -0.021477122 0.20850651 0.1268225
v -0.021477122 0.21087185 0.122431025
v -0.016245494 0.17971699 0.14500183
v -0.016245494 0.19476245 0.123863526
v -0.009654994 0.17627384 0.14222412
v -0.009654994 0.18786587 0.12612793
v -0.018027263 0.20116016 0.122354425
v -0.02364036 0.23470592 0.11098938
v -0.022092355 0.2258356 0.111009516
v -0.022092355 0.22321156 0.105558164
v -0.02364036 0.2450227 0.085847475
v -0.022092355 0.23302257 0.08164795
v -0.02364036 0.25265414 0.059765015
v -0.022092355 0.24028087 0.056843262
v -0.021477122 0.22062069 0.10433258
v -0.021477122 0.23031749 0.080699764
v -0.021477122 0.23749164 0.056183167
v -0.016245494 0.21801296 0.076388545
v -0.016245494 0.2248035 0.053181455
v -0.009654994 0.21383625 0.07492523
v -0.009654994 0.20483287 0.09686706
v -0.016245494 0.20883372 0.09875854
v -0.009654994 0.22049662 0.052162476
v 0.12612274 0.20264995 0.07099762
v 0.12612274 0.20896244 0.049425352
v 0.012990651 0.20249622 0.09576202
v 0.12354461 0.19701938 0.08816711
v -0.009308925 0.20316349 0.09844116
v 0.012748417 0.20120212 0.09721466
v -0.016096491 0.20698589 0.10099395
v -0.023307947 0.22233951 0.10815277
v -0.023057397 0.22322902 0.11070892
v -0.022995371 0.21854435 0.11965515
v -0.023403544 0.21685107 0.120579526
v -0.022173304 0.21248607 0.12050201
v -0.019337611 0.20107669 0.120626524
v -0.01723678 0.19459033 0.12241882
v -0.016121821 0.19253421 0.12293823
v -0.008625408 0.18917187 0.123613276
v -0.008625408 0.18917187 0.123613276
v 0.010470204 0.18602489 0.122230835
v 0.012565312 0.18660137 0.123489074
v 0.12612274 0.16705135 0.13477966
v -0.009654994 0.15601002 0.16431853
v -0.016245494 0.15905674 0.16752777
v -0.016245494 0.14418666 0.18023498
v -0.009654994 0.1456929 0.17313446
v -0.021477122 0.16803463 0.17698333
v -0.022092355 0.17000774 0.17906189
v -0.02364036 0.17876124 0.18828003
v -0.02364036 0.15810111 0.20593475
v -0.022092355 0.15035969 0.19585174
v -0.022092355 0.14546527 0.20183808
v -0.022092355 0.14513241 0.20554656
v -0.021477122 0.1486142 0.19357848
v -0.021477122 0.14450382 0.19640473
v -0.018027263 0.14337836 0.18675902
v -0.02364036 0.13570808 0.22133361
v -0.022092355 0.13476695 0.21251556
v -0.022092355 0.12906346 0.2104959
v -0.022995371 0.14257324 0.20433228
v -0.023057397 0.13418606 0.20995666
v -0.023307947 0.13154891 0.20934844
v -0.023403544 0.14330944 0.20254913
v -0.022173304 0.14276116 0.19821808
v -0.019337611 0.14165118 0.18686248
v -0.01723678 0.14273238 0.18022034
v -0.016121821 0.14302662 0.1781201
v -0.008625408 0.143334 0.17470397
v -0.021477122 0.12756541 0.20805237
v -0.016245494 0.120749965 0.19693695
v -0.016096491 0.12277191 0.1948587
v -0.009654994 0.118436545 0.19316407
v -0.009309001 0.119822 0.19133453
v 0.012990651 0.11708584 0.19096099
v 0.012748417 0.11839027 0.18951781
v -0.008625408 0.143334 0.17470397
v 0.010470204 0.14161937 0.17172576
v 0.012565312 0.1429327 0.17216216
v 0.12612274 0.14784637 0.1557193
v 0.12354461 0.13302642 0.16989715
v 0.12354461 0.18473445 0.110530086
v 0.0010162396 0.01151218 0.040286254
v 0.0014884991 0.018456113 0.033972472
v 0.0014884991 0.010989491 0.037067566
v 0.0014884991 0.025116077 0.029392699
v -0.016617503 0.08405632 0.08559173
v -0.008187557 0.04805061 0.06596618
v -0.008721309 0.057487633 0.06282318
v -0.016617503 0.07624248 0.09006225
v -0.020651316 0.09433605 0.09955475
v -0.020651316 0.087029494 0.10415252
v -0.02499389 0.1040245 0.1190863
v -0.02499389 0.09669929 0.12370452
v -0.025948785 0.121932864 0.15974487
v -0.025948785 0.114779316 0.16419952
v -0.026753992 0.1417977 0.20230651
v -0.026753992 0.13449168 0.20690368
v -0.024364237 0.104391016 0.1187384
v -0.019998774 0.09473087 0.09917999
v -0.025296398 0.12247383 0.15923126
v -0.025930094 0.14244263 0.2021466
v -0.0057945973 0.047194246 0.053276673
v -0.00796783 0.046931718 0.06550903
v -0.0049447585 0.04093963 0.05365173
v -0.00679565 0.05331367 0.049588926
v -0.008146358 0.056315303 0.05609558
v -0.007218547 0.056818042 0.056298826
v 0.023018803 0.061535753 0.058717955
v -0.0076640276 0.058139186 0.062810056
v 0.020133823 0.062462267 0.062311094
v -0.007218547 0.056818042 0.056298826
v 0.007558369 0.085973814 0.083156124
v -0.015256648 0.08440712 0.08524933
v -5.5663625E-4 0.10297081 0.102906495
v -0.015241236 0.10165855 0.10415222
v -0.003928676 0.11080059 0.11265289
v -0.015006174 0.109489135 0.113898315
v -0.006016994 0.13188511 0.15029632
v -0.015188364 0.13057274 0.15154205
v -0.016033396 0.10918922 0.114183344
v -0.016169352 0.10065067 0.10335876
v -0.016164089 0.13019077 0.15190491
v -0.016121821 0.14302662 0.1781201
v -0.01723678 0.14273238 0.18022034
v -0.016082453 0.08585113 0.087006226
v -0.017827144 0.0954541 0.09909301
v -0.022011867 0.10487003 0.118283994
v -0.016169352 0.10065067 0.10335876
v -0.022967676 0.12333431 0.1584143
v -0.019337611 0.14165118 0.18686248
v -0.0179351 0.09500919 0.09891571
v -0.016435312 0.08555877 0.086798705
v -0.022277903 0.10467224 0.11847137
v -0.023429483 0.12275234 0.15896697
v -0.023403544 0.14330944 0.20254913
v -0.022173304 0.14276116 0.19821808
v -0.025932612 0.14175987 0.20318481
v -0.025946116 0.13480343 0.20766112
v -0.022995371 0.14257324 0.20433228
v -0.023403544 0.14330944 0.20254913
v -0.023057397 0.13418606 0.20995666
v -0.016169352 0.10065067 0.10335876
v -0.015241236 0.10165855 0.10415222
v -0.015006174 0.109489135 0.113898315
v -0.015241236 0.10165855 0.10415222
v -0.0012281756 0.1392675 0.16645385
v -0.008625408 0.143334 0.17470397
v 0.010470204 0.14161937 0.17172576
v 5.1044997E-5 0.029178461 0.036741026
v -0.009309001 0.119822 0.19133453
v 0.012748417 0.11839027 0.18951781
v -0.009654994 0.22531086 0.02242096
v 0.12612274 0.21352962 0.021254882
v -0.016245494 0.22971386 0.02286682
v -0.021477122 0.24268588 0.024181519
v -0.022092355 0.24553722 0.02447052
v -0.02364036 0.25819194 0.025760803
v -0.022092355 0.24682644 -0.006524658
v -0.02364036 0.2595377 -0.0068673706
v -0.022092355 0.24479198 -0.032289427
v -0.02364036 0.25739902 -0.03395935
v -0.022092355 0.24007617 -0.057700805
v -0.02364036 0.25243953 -0.06067932
v -0.021477122 0.23728946 -0.057030942
v -0.021477122 0.24195126 -0.031914975
v -0.021477122 0.24396183 -0.00644928
v -0.016245494 0.22902477 -0.030209655
v -0.016245494 0.2309274 -0.006104736
v -0.009654994 0.22463696 -0.029631041
v -0.009654994 0.22030894 -0.05294952
v -0.016245494 0.22461192 -0.05398407
v -0.009654994 0.22650355 -0.0059875487
v 0.12612274 0.21288647 -0.028093262
v 0.12612274 0.21465564 -0.00568573
v 0.012990651 0.21779606 -0.052345887
v -0.009308925 0.21899693 -0.054832153
v 0.012748417 0.21682598 -0.054032285
v -0.016096491 0.22326007 -0.056549378
v -0.023307947 0.23975253 -0.060419004
v -0.023057397 0.24114658 -0.06273956
v -0.022092355 0.24375904 -0.06250061
v -0.022092355 0.24033444 -0.07451202
v -0.02364036 0.24471447 -0.086734615
v -0.022092355 0.23691028 -0.07597473
v -0.022092355 0.23272923 -0.082479246
v -0.022092355 0.22283322 -0.10635437
v -0.02364036 0.23430827 -0.1118396
v -0.022092355 0.20675838 -0.13479629
v -0.02364036 0.21740589 -0.14174682
v -0.02364036 0.19686061 -0.16927963
v -0.022092355 0.18721996 -0.16097991
v -0.022092355 0.18365291 -0.16784027
v -0.022092355 0.18408534 -0.17153855
v -0.021477122 0.20435871 -0.13323136
v -0.021477122 0.18504703 -0.15911163
v -0.021477122 0.18160152 -0.16271865
v -0.016245494 0.19344066 -0.12611374
v -0.016245494 0.17798564 -0.14695434
v -0.009654994 0.18973468 -0.123697355
v -0.009654994 0.17800862 -0.1396962
v -0.018027263 0.17852779 -0.15350601
v -0.023640284 0.17808856 -0.18893066
v -0.022092355 0.17536303 -0.18047898
v -0.022092355 0.1693674 -0.17966782
v -0.023640284 0.15736458 -0.20651062
v -0.022092355 0.14965911 -0.19638778
v -0.02364036 0.13491733 -0.22182968
v -0.022092355 0.12831143 -0.2109558
v -0.021477122 0.16740146 -0.17758285
v -0.021477122 0.1479219 -0.19410811
v -0.021477122 0.12682194 -0.20850708
v -0.016245417 0.14001949 -0.18373778
v -0.016245417 0.12004665 -0.19736694
v -0.009654994 0.13733684 -0.18021774
v -0.009654994 0.15542266 -0.16487472
v -0.016245417 0.15845829 -0.16809508
v -0.009654994 0.11774688 -0.19358596
v 0.12612274 0.13014926 -0.17080948
v 0.12612274 0.11158287 -0.183479
v 0.012990651 0.15364933 -0.16299407
v 0.12354461 0.14596237 -0.15883881
v -0.009308925 0.15640388 -0.1628006
v 0.012748494 0.15463103 -0.16131438
v -0.016096491 0.16001254 -0.16564697
v -0.023307947 0.17156589 -0.17803696
v -0.023057321 0.17427173 -0.1780931
v -0.022995295 0.18133213 -0.1708734
v -0.023403544 0.18168858 -0.16897689
v -0.022173228 0.180266 -0.16484955
v -0.019337611 0.17685856 -0.15395996
v -0.01723678 0.17655872 -0.14723709
v -0.016121821 0.17641704 -0.14512146
v -0.008625408 0.17602016 -0.14171493
v -0.008625408 0.17602016 -0.14171493
v 0.01047028 0.17373295 -0.13914993
v 0.012565312 0.17510745 -0.13930847
v 0.12612274 0.17980845 -0.11724365
v -0.009654994 0.20448573 -0.097597346
v -0.016245494 0.2084795 -0.09950348
v -0.016245494 0.2159695 -0.081434935
v -0.009654994 0.2096822 -0.08506134
v -0.021477122 0.22024693 -0.10511993
v -0.021477122 0.23002826 -0.08152191
v -0.021477122 0.23144634 -0.0767398
v -0.018027263 0.22192386 -0.078649595
v 0.12612274 0.19378856 -0.09250763
v 0.012565312 0.20790416 -0.08273651
v 0.12354461 0.20252582 -0.0746112
v -0.022173228 0.23263218 -0.07452179
v -0.023403544 0.2369205 -0.07370514
v -0.022995371 0.23838885 -0.07245361
v -0.019337611 0.22148906 -0.0769754
v -0.01723678 0.21550602 -0.08005646
v -0.016121821 0.21359935 -0.0809848
v -0.008625408 0.21044597 -0.08233276
v -0.008625408 0.21044597 -0.08233276
v 0.01047028 0.20708324 -0.08162292
v 0.025172124 0.05045505 -0.04341461
v 0.026588367 0.050406832 -0.029223021
v 0.026510395 0.043846812 -0.04206268
v 0.02428223 0.0563425 -0.04207855
v 0.023239369 0.06255946 -0.036268003
v 0.027726445 0.038640514 -0.037666015
v 0.029203037 0.036073145 -0.03000061
v 0.029767003 0.038091883 -0.022083435
v -0.005919567 0.062395625 -0.0361734
v -0.0048686936 0.0563425 -0.04207855
v -0.0039758254 0.05045505 -0.04341461
v -0.0026349595 0.043846812 -0.04206268
v 5.1044997E-5 0.036073145 -0.03000061
v 0.029767003 0.038091883 -0.022083435
v 6.0738047E-4 0.038091883 -0.022083435
v -0.0014203601 0.038740534 -0.03752228
v -0.00679565 0.062325127 -0.037644044
v -0.008146358 0.06659316 -0.043398436
v -0.008146358 0.06782703 -0.039321594
v -0.0068250233 0.06301864 -0.036534425
v -0.007170787 0.06827247 -0.039580077
v -0.007218547 0.067126915 -0.04349518
v 0.023234334 0.07301326 -0.042328797
v 0.023018803 0.072239414 -0.0448999
v -0.0076640276 0.06975116 -0.049599
v 0.020133823 0.073880725 -0.04822662
v -0.007218547 0.067126915 -0.04349518
v 0.007558369 0.10115741 -0.06382568
v -0.015256648 0.10005134 -0.06619506
v -5.5663625E-4 0.12183224 -0.079684444
v -0.015241236 0.1208028 -0.081172176
v -0.0039285994 0.13148941 -0.08762421
v -0.015006174 0.13045982 -0.08911194
v -0.0060169175 0.15982334 -0.12016266
v -0.015188364 0.15879345 -0.12165039
v -0.016033396 0.13022453 -0.08945129
v -0.0161692 0.11965419 -0.08060119
v -0.016164089 0.15849388 -0.12208389
v -0.016121821 0.17641704 -0.14512146
v -0.01723678 0.17655872 -0.14723709
v -0.016082453 0.10182437 -0.067619324
v -0.017827144 0.11369472 -0.077488095
v -0.0161692 0.11965419 -0.08060119
v -0.022011867 0.12683506 -0.0943483
v -0.022967676 0.15311264 -0.12985733
v -0.019337611 0.17685856 -0.15395996
v -0.017934946 0.11322326 -0.07740539
v -0.016435312 0.1014954 -0.0674762
v -0.022277903 0.12667996 -0.09457229
v -0.023429483 0.15265597 -0.13051742
v -0.023403544 0.18168858 -0.16897689
v -0.022173228 0.180266 -0.16484955
v -0.025932536 0.1803014 -0.16991591
v -0.02594604 0.17440684 -0.17571945
v -0.022995295 0.18133213 -0.1708734
v -0.023403544 0.18168858 -0.16897689
v -0.023057321 0.17427173 -0.1780931
v -0.0161692 0.11965419 -0.08060119
v -0.015006174 0.13045982 -0.08911194
v -0.015241236 0.1208028 -0.081172176
v -0.015241236 0.1208028 -0.081172176
v -0.008625408 0.17602016 -0.14171493
v -0.0012281756 0.17035267 -0.13447006
v 0.01047028 0.17373295 -0.13914993
v -0.009308925 0.15640388 -0.1628006
v 0.012748494 0.15463103 -0.16131438
v 0.0010162396 0.041871868 0.0014999389
v 0.0014884991 0.038012844 -0.007055359
v 0.0014884991 0.03864883 0.0010021973
v 0.0014884991 0.03571525 -0.014804687
v 0.025172124 0.062746115 -0.022213135
v 0.02428223 0.06451194 -0.02798645
v 0.026510395 0.058289636 -0.017149657
v 0.027726445 0.051887583 -0.014816589
v 0.029203037 0.043959383 -0.0163974
v 0.02428223 0.06451194 -0.02798645
v -0.0048686936 0.06451194 -0.02798645
v -0.0039758254 0.062746115 -0.022213135
v 0.02428223 0.06451194 -0.02798645
v -0.0048686936 0.06451194 -0.02798645
v -0.0026349595 0.058289636 -0.017149657
v 0.026510395 0.058289636 -0.017149657
v -0.0049447585 0.06367637 -0.022357177
v -0.00796783 0.07680545 -0.024391783
v -0.0057945973 0.06525291 -0.028421326
v -0.008721309 0.0775122 -0.03526184
v -0.008187557 0.07758628 -0.02531494
v -0.016617503 0.10737747 -0.053493347
v -0.016617503 0.10921379 -0.04468109
v -0.020651316 0.12383335 -0.058955077
v -0.020651316 0.12594844 -0.050586242
v -0.02499389 0.14540301 -0.06213379
v -0.02499389 0.14753124 -0.053740233
v -0.025948785 0.1896052 -0.06660156
v -0.025948785 0.19163181 -0.058421936
v -0.026753915 0.23622264 -0.07234253
v -0.026753915 0.23833728 -0.06397339
v -0.02436416 0.14518508 -0.06259033
v -0.019998774 0.12359882 -0.059446715
v -0.025296398 0.18928425 -0.067275085
v -0.025930017 0.23626995 -0.07300476
v -0.023403544 0.2369205 -0.07370514
v -0.023429483 0.18911907 -0.06762116
v -0.023403544 0.2369205 -0.07370514
v -0.022277903 0.14501834 -0.06294037
v -0.017934946 0.123433374 -0.059792783
v -0.016435312 0.10898914 -0.05454956
v -0.015256648 0.107160375 -0.053932495
v -0.0076640276 0.07770156 -0.03588501
v 0.007558369 0.10565361 -0.05607025
v 0.020133823 0.0785633 -0.040150452
v -0.007218547 0.07110035 -0.036640625
v 0.023018803 0.074859306 -0.040379636
v -5.5663625E-4 0.12968937 -0.0661319
v -0.015241236 0.13046837 -0.0644989
v -0.0161692 0.1294025 -0.06378601
v -0.015006174 0.14215732 -0.06893432
v -0.016033396 0.14233565 -0.06856109
v -0.015188364 0.18447392 -0.07735382
v -0.016164089 0.18470111 -0.07687805
v -0.016121821 0.21359935 -0.0809848
v -0.01723678 0.21550602 -0.08005646
v -0.016082453 0.10927715 -0.05476349
v -0.0039285994 0.14137802 -0.07056732
v -0.0060169175 0.18369472 -0.07898651
v -0.017827144 0.12373966 -0.060161438
v -0.022011867 0.14490078 -0.06318634
v -0.022967676 0.18877292 -0.06834564
v -0.019337611 0.22148906 -0.0769754
v -0.017934946 0.123433374 -0.059792783
v -0.017934946 0.123433374 -0.059792783
v -0.022173228 0.23263218 -0.07452179
v -0.0012281756 0.20134296 -0.08101471
v -0.008625408 0.21044597 -0.08233276
v 0.01047028 0.20708324 -0.08162292
v -0.008146358 0.070751645 -0.036225583
v -0.00679565 0.06363693 -0.03538147
v -0.0048686936 0.06451194 -0.02798645
v 0.0037986035 0.07630973 -0.007616882
v 0.032607272 0.07836021 -0.0025061034
v 0.025668873 0.08207897 -0.010594177
v 0.039353795 0.07678134 0.0061672973
v 0.020597385 0.08602161 -0.01530365
v 0.0024580427 0.080662265 -0.012255554
v 5.789228E-4 0.08716774 -0.01912323
v 0.017297596 0.09047821 -0.018881226
v -0.006242061 0.113078915 -0.034890138
v 0.0066381874 0.11663524 -0.034066163
v -0.01121818 0.1352568 -0.04640289
v 9.375806E-4 0.13858375 -0.046097714
v -0.0142168375 0.1519059 -0.05146698
v 0.029767003 0.038091883 -0.022083435
v 5.1044997E-5 0.043959383 -0.0163974
v 0.029203037 0.043959383 -0.0163974
v -0.0014203601 0.05181171 -0.0149752805
v 0.029203037 0.043959383 -0.0163974
v 0.026510395 0.058289636 -0.017149657
v -0.023429483 0.18911907 -0.06762116
v -0.025932612 0.23704647 -0.072034605
v -0.022995371 0.23838885 -0.07245361
v -0.02594604 0.23915379 -0.06403565
v -0.023057397 0.24114658 -0.06273956
v -0.009308925 0.21899693 -0.054832153
v 0.012748417 0.21682598 -0.054032285
v -0.009654994 0.09126831 -0.20775864
v 0.12612274 0.08649342 -0.19689406
v -0.016245417 0.09305332 -0.21180862
v -0.021477122 0.09831226 -0.22373977
v -0.022092355 0.09946804 -0.22636169
v -0.02364036 0.10459823 -0.23799361
v -0.022092355 0.07006752 -0.23676284
v -0.02364036 0.07367317 -0.24896637
v -0.022092355 0.04493503 -0.2427893
v -0.02364036 0.04724563 -0.25530365
v -0.022092355 0.019310642 -0.24615662
v -0.023640284 0.020301051 -0.25884414
v -0.021477045 0.019086339 -0.24329956
v -0.021477122 0.0444136 -0.23997161
v -0.021477122 0.069254376 -0.23401459
v -0.016245417 0.042040475 -0.22715072
v -0.016245417 0.065554194 -0.22151229
v -0.009654994 0.04123531 -0.22279906
v -0.009654994 0.01772083 -0.22588897
v -0.016245417 0.01806686 -0.2303009
v -0.009654994 0.06429851 -0.21726853
v 0.12612274 0.03907047 -0.2111656
v 0.12612274 0.060928147 -0.20592345
v 0.012990651 0.017518459 -0.22331221
v -0.009308925 0.015524555 -0.22522262
v 0.012748494 0.015614697 -0.22291152
v -0.016096491 0.015208851 -0.22980864
v -0.023307947 0.016625553 -0.2466896
v -0.023057321 0.014849239 -0.24873169
v -0.022092355 0.015883937 -0.25114256
v -0.022092355 0.003401676 -0.2515982
v -0.023640284 -0.006865925 -0.2595491
v -0.022092355 9.526786E-4 -0.24879348
v -0.022092355 -0.006525387 -0.24682723
v -0.022092355 -0.032290235 -0.24479263
v -0.023640284 -0.033957828 -0.2574098
v -0.022092355 -0.06430737 -0.23829375
v -0.02364036 -0.06762444 -0.25057617
v -0.02364036 -0.10015842 -0.23954482
v -0.022092355 -0.09524723 -0.22780319
v -0.022092355 -0.10287456 -0.2265303
v -0.022092355 -0.106257625 -0.2280844
v -0.021477122 -0.063560754 -0.23552765
v -0.021477122 -0.09414158 -0.22515869
v -0.021477122 -0.0986372 -0.22299652
v -0.016245417 -0.06016522 -0.22294463
v -0.016245417 -0.08476184 -0.21468598
v -0.009654994 -0.0590123 -0.21867324
v -0.009654994 -0.07785206 -0.21246551
v -0.018027186 -0.090825155 -0.2172261
v -0.02364036 -0.1246484 -0.22776367
v -0.022092355 -0.117455706 -0.22255157
v -0.022092355 -0.11853756 -0.21659896
v -0.02364036 -0.14777279 -0.21348709
v -0.022092355 -0.14052871 -0.203022
v -0.02364036 -0.16927803 -0.19687225
v -0.022092355 -0.16098028 -0.18722045
v -0.021477122 -0.11716152 -0.21408507
v -0.021477122 -0.13889743 -0.20066528
v -0.021477122 -0.15911186 -0.1850476
v -0.016245417 -0.13147716 -0.18994476
v -0.016245417 -0.15061137 -0.17516097
v -0.009654994 -0.12895831 -0.186306
v -0.009654994 -0.10877761 -0.19876464
v -0.016245417 -0.110902175 -0.20264755
v -0.009654994 -0.14772606 -0.17180511
v 0.12612274 -0.12222774 -0.17657974
v 0.12612274 -0.14001434 -0.16283661
v 0.012990651 -0.10753693 -0.1964978
v -0.009308925 -0.106501274 -0.19905777
v 0.012748494 -0.10563572 -0.19691269
v -0.016096491 -0.10809364 -0.20336898
v -0.023307947 -0.1163068 -0.21818572
v -0.023057397 -0.11552395 -0.22077683
v -0.022995371 -0.106475525 -0.22526032
v -0.023403544 -0.104562335 -0.22501281
v -0.022173228 -0.1010762 -0.2223848
v -0.019337611 -0.09177288 -0.21577926
v -0.01723678 -0.08547161 -0.21341674
v -0.016121821 -0.0835033 -0.21262832
v -0.008625331 -0.08038631 -0.21119796
v 0.01047028 -0.07865326 -0.20823012
v 0.012565312 -0.07837986 -0.20958632
v 0.12612274 -0.055937998 -0.2072554
v 0.12354461 -0.083154865 -0.19866775
v -0.009654918 -0.029631505 -0.2246376
v -0.016245417 -0.030210156 -0.22902481
v -0.016245417 -0.010711368 -0.23056456
v -0.009654918 -0.016103327 -0.22570556
v -0.021477045 -0.031915516 -0.2419516
v -0.021477045 -0.0064497795 -0.24396195
v -0.021477045 -0.0014632454 -0.24383254
v -0.018027186 -0.006222843 -0.23536712
v 0.12612274 -0.028092312 -0.21290755
v 0.012565312 -0.014441303 -0.22329605
v -0.022173228 0.0010123024 -0.2442749
v -0.023403544 0.0031143532 -0.2481015
v -0.022995295 0.004758068 -0.24911118
v -0.019337611 -0.0047645224 -0.23443557
v -0.017236704 -0.009543232 -0.22969787
v -0.016121821 -0.011015514 -0.22817138
v -0.008625331 -0.013272289 -0.22558838
v 0.01047028 -0.013635753 -0.22217147
v 0.12354461 -0.0058102077 -0.21562897
v 0.025172124 -0.025698436 -0.061401974
v 0.026588367 -0.0122165335 -0.056970518
v 0.026510395 -0.02645535 -0.054699857
v 0.02428223 -0.022608304 -0.06658813
v 0.023239369 -0.015161327 -0.07070511
v 0.027726445 -0.023882374 -0.048389588
v 0.029203037 -0.017385563 -0.04357849
v 0.029767003 -0.009232334 -0.043051757
v -0.005919567 -0.01512173 -0.07052078
v -0.0048686936 -0.022608304 -0.06658813
v -0.0039758254 -0.025698436 -0.061401974
v -0.00679565 -0.016542323 -0.07090759
v -0.0057945973 -0.022783551 -0.067429505
v -0.008146358 -0.02069653 -0.076745145
v -0.008146358 -0.01643799 -0.076658934
v -0.0068250233 -0.015272678 -0.07122452
v -0.0039758254 -0.025698436 -0.061401974
v -0.0026349595 -0.02645535 -0.054699857
v -0.0014203601 -0.023714298 -0.048440244
v 0.026510395 -0.02645535 -0.054699857
v 0.027726445 -0.023882374 -0.048389588
v 5.1044997E-5 -0.017385563 -0.04357849
v 0.029203037 -0.017385563 -0.04357849
v 0.029767003 -0.009232334 -0.043051757
v 6.0738047E-4 -0.009232334 -0.043051757
v -0.007170787 -0.0165461 -0.07716232
v -0.007218547 -0.020623555 -0.07728287
v 0.023234334 -0.01769459 -0.08252029
v 0.023018803 -0.020379452 -0.08257888
v 0.020133823 -0.023036389 -0.085168
v -0.0076640276 -0.025617603 -0.08166488
v 0.007558369 -0.02944279 -0.115929864
v -0.015256648 -0.03203797 -0.1156102
v -5.5663625E-4 -0.038136523 -0.14049393
v -0.015241236 -0.03986958 -0.13997436
v -0.0039285994 -0.042703174 -0.1521318
v -0.015006174 -0.044436 -0.15161239
v -0.0060169175 -0.064893804 -0.18913391
v -0.015188364 -0.06662682 -0.18861404
v -0.016033396 -0.04483216 -0.15149337
v -0.0161692 -0.03968178 -0.13870528
v -0.015241236 -0.03986958 -0.13997436
v -0.016164089 -0.06713177 -0.18846282
v -0.016121821 -0.0835033 -0.21262832
v -0.01723678 -0.08547161 -0.21341674
v -0.016082453 -0.032844625 -0.11773682
v -0.017827144 -0.038562167 -0.13207611
v -0.022011867 -0.050536998 -0.14978333
v -0.022967676 -0.076187864 -0.18574707
v -0.019337611 -0.09177288 -0.21577926
v -0.017934946 -0.0386295 -0.1316017
v -0.016435312 -0.032810178 -0.11737991
v -0.022277903 -0.050798457 -0.14970474
v -0.023429483 -0.07695618 -0.18551697
v -0.023403544 -0.104562335 -0.22501281
v -0.022173228 -0.1010762 -0.2223848
v -0.023403544 -0.104562335 -0.22501281
v -0.023429483 -0.07695618 -0.18551697
v -0.025932612 -0.10588398 -0.22398406
v -0.022995371 -0.106475525 -0.22526032
v -0.02594604 -0.11322536 -0.2201712
v -0.023057397 -0.11552395 -0.22077683
v -0.008625331 -0.08038631 -0.21119796
v -0.0012281756 -0.07524715 -0.20356934
v 0.01047028 -0.07865326 -0.20823012
v 0.0037986035 -0.04672932 -0.0591658
v 0.039353795 -0.058493465 -0.05012085
v 0.0052496376 -0.057653658 -0.043654326
v 0.032607272 -0.06486855 -0.04403183
v 0.0037986035 -0.06621418 -0.038691863
v 0.025668873 -0.07263153 -0.039674222
v 0.020597385 -0.078589365 -0.03818161
v 0.0024580427 -0.07246148 -0.0374971
v 5.789228E-4 -0.081761435 -0.03576538
v 0.017297596 -0.084297255 -0.037906647
v -0.006242061 -0.111991845 -0.03824005
v 0.0066381874 -0.11438419 -0.040997315
v -0.01121818 -0.1367007 -0.041962128
v 9.375806E-4 -0.13921298 -0.044163663
v -0.0142168375 -0.15314715 -0.047650907
v 0.026510395 -0.02645535 -0.054699857
v -0.0039758254 -0.025698436 -0.061401974
v 0.025172124 -0.025698436 -0.061401974
v -0.009308925 -0.106501274 -0.19905777
v 0.012748494 -0.10563572 -0.19691269
v 0.0010162396 0.014365002 -0.03935974
v 0.0014884991 0.005036159 -0.03833313
v 0.0014884991 0.012895886 -0.036448363
v 0.0014884991 -0.003043522 -0.038542785
v 0.025172124 -0.0017366448 -0.06654022
v 0.02428223 -0.0066812937 -0.070003204
v 0.026510395 0.0017019233 -0.060736846
v 0.027726445 0.001941944 -0.053927
v 0.029203037 -0.002011074 -0.046875305
v -0.0048686936 -0.0066812937 -0.070003204
v -0.0039758254 -0.0017366448 -0.06654022
v -0.0026349595 0.0017019233 -0.060736846
v -0.0014203601 0.0017680702 -0.053903807
v 0.027726445 0.001941944 -0.053927
v -0.0049447585 -0.0015860405 -0.06746933
v -0.00796783 5.357703E-4 -0.08058365
v -0.008187557 -1.0063561E-4 -0.081612244
v -0.0057945973 -0.0068666115 -0.07084259
v -0.008721309 -0.009583439 -0.08461517
v -0.016617503 -0.01769398 -0.11865265
v -0.016617503 -0.008745655 -0.117676236
v -0.020651316 -0.017803462 -0.1359909
v -0.020651316 -0.009190297 -0.1354164
v -0.02499389 -0.014161304 -0.15748748
v -0.02499389 -0.0055207866 -0.15691787
v -0.025948785 -0.0047507896 -0.20090698
v -0.025948785 0.003654209 -0.2003067
v -0.026753915 0.0041950187 -0.2470169
v -0.026753915 0.012807575 -0.24644165
v -0.02436416 -0.014662212 -0.15742172
v -0.019998774 -0.018343585 -0.1359198
v -0.025296398 -0.0054904213 -0.20080963
v -0.025930017 0.0035795171 -0.24726592
v -0.00679565 -0.013984912 -0.07145614
v -0.008146358 -0.012589267 -0.07848389
v -0.007218547 -0.012876247 -0.07894424
v 0.023018803 -0.015270618 -0.08367447
v 0.020133823 -0.013908465 -0.08712585
v -0.0076640276 -0.010118068 -0.0849884
v 0.007558369 -0.020677341 -0.117809445
v -0.015256648 -0.018179476 -0.118581995
v -5.5663625E-4 -0.022819256 -0.14377838
v -0.015241236 -0.021025242 -0.1440149
v -0.0039285994 -0.023425564 -0.15626526
v -0.015006174 -0.021632046 -0.15650192
v -0.0161692 -0.020676656 -0.14278077
v -0.016033396 -0.021221586 -0.15655608
v -0.015188364 -0.01656239 -0.19934906
v -0.016164012 -0.016040271 -0.19941802
v -0.016121821 -0.011015514 -0.22817138
v -0.017236704 -0.009543232 -0.22969787
v -0.016082453 -0.018315319 -0.120852046
v -0.0060169175 -0.018356098 -0.19911239
v -0.017827144 -0.018979456 -0.13627502
v -0.022011867 -0.015317424 -0.15733504
v -0.0161692 -0.020676656 -0.14278077
v -0.022967676 -0.0066667595 -0.20065445
v -0.019337611 -0.0047645224 -0.23443557
v -0.017934946 -0.018723987 -0.1358699
v -0.016435312 -0.018200915 -0.12051239
v -0.022277903 -0.015046963 -0.15737106
v -0.023429483 -0.0058714333 -0.20075957
v -0.023403544 0.0031143532 -0.2481015
v -0.022173228 0.0010123024 -0.2442749
v -0.025932536 0.004741741 -0.24770446
v -0.022995295 0.004758068 -0.24911118
v -0.02594604 0.013001056 -0.24723724
v -0.023057321 0.014849239 -0.24873169
v -0.0161692 -0.020676656 -0.14278077
v -0.015241236 -0.021025242 -0.1440149
v 0.003429875 0.010775562 -0.04797821
v 0.0041073654 0.02343204 -0.06781891
v 0.0041073654 0.015908351 -0.042474058
v 0.0030400893 0.016025348 -0.07449554
v 0.0018191572 0.012744061 -0.08021393
v -6.3811825E-4 0.006408306 -0.06569
v -0.004654918 0.0020378456 -0.08339416
v -2.0213549E-5 0.008339076 -0.08865295
v -0.013004603 -0.0059057274 -0.11933761
v -0.0068388325 0.0013081321 -0.118133694
v -0.011707911 -0.002753109 -0.14280502
v -0.015694423 -0.0065350765 -0.1377095
v -0.014599452 -0.002164692 -0.15953079
v -0.0012281756 -0.014831546 -0.21652389
v -0.008625331 -0.013272289 -0.22558838
v 0.01047028 -0.013635753 -0.22217147
v 5.1044997E-5 -0.002011074 -0.046875305
v 0.029203037 -0.002011074 -0.046875305
v -0.0014203601 0.0017680702 -0.053903807
v 0.027726445 0.001941944 -0.053927
v -0.0014203601 0.0017680702 -0.053903807
v 0.029203037 -0.002011074 -0.046875305
v -0.009308925 0.015524555 -0.22522262
v 0.012748494 0.015614697 -0.22291152
v 0.12354461 -0.0058102077 -0.21562897
v 0.012990651 0.017518459 -0.22331221
v 0.12354461 0.018211856 -0.21500564
v 0.012565312 -0.014441303 -0.22329605
v -0.009654994 -0.16906677 -0.151407
v 0.12612274 -0.16023521 -0.14348708
v -0.016245494 -0.17236681 -0.15435562
v -0.021477122 -0.18208845 -0.16304383
v -0.022092355 -0.18422535 -0.16495346
v -0.02364036 -0.19371033 -0.17342193
v -0.022092355 -0.20352298 -0.13980225
v -0.02364036 -0.21401215 -0.1470111
v -0.022092355 -0.21702112 -0.11776245
v -0.02364036 -0.22820613 -0.12383575
v -0.022092355 -0.22814193 -0.094432525
v -0.02364036 -0.23989959 -0.09930404
v -0.021477122 -0.22549415 -0.09333679
v -0.021477122 -0.21450244 -0.11639556
v -0.021477122 -0.20116064 -0.13817978
v -0.016245494 -0.20304254 -0.11017715
v -0.016245494 -0.19041367 -0.13079758
v -0.009654994 -0.19915262 -0.10806656
v -0.009654994 -0.20935757 -0.08665756
v -0.016245494 -0.21344689 -0.088349916
v -0.009654994 -0.18676543 -0.12829132
v 0.12612274 -0.18875328 -0.10242966
v 0.12612274 -0.17701367 -0.12159744
v 0.012990651 -0.20696977 -0.085668944
v 0.12290016 -0.20022272 -0.08237747
v -0.009308925 -0.20940277 -0.0843634
v 0.012748417 -0.20717666 -0.08373413
v -0.016096491 -0.2138612 -0.08548004
v -0.023307947 -0.2294783 -0.09204406
v -0.023057397 -0.23196965 -0.090985715
v -0.022092355 -0.23394287 -0.09271423
v -0.022092355 -0.23823279 -0.080983885
v -0.02364036 -0.24896476 -0.07368423
v -0.022092355 -0.23632236 -0.077788234
v -0.022092355 -0.23676327 -0.0700679
v -0.022092355 -0.24279025 -0.04493576
v -0.02364036 -0.2553028 -0.04725784
v -0.022092355 -0.24650367 -0.012477264
v -0.02364036 -0.2592068 -0.013126831
v -0.02364036 -0.25876907 0.021223145
v -0.022092355 -0.246087 0.020189818
v -0.022092355 -0.24723329 0.027836913
v -0.022092355 -0.24975713 0.030574646
v -0.021477122 -0.24364233 -0.012332611
v -0.021477122 -0.24323077 0.019955443
v -0.021477122 -0.24256292 0.02489929
v -0.016245494 -0.23062599 -0.011673584
v -0.016245494 -0.23037231 0.01427124
v -0.009654994 -0.22620721 -0.011450042
v -0.009654994 -0.22612458 0.00838562
v -0.018027263 -0.23466171 0.019252624
v -0.02364036 -0.25513214 0.048155516
v -0.022092355 -0.24795541 0.042934265
v -0.022092355 -0.24262811 0.04580261
v -0.02364036 -0.24870022 0.07455963
v -0.022092355 -0.23651159 0.07091278
v -0.02364036 -0.23954353 0.10014709
v -0.022092432 -0.22780375 0.09524658
v -0.021477122 -0.2398121 0.04527069
v -0.021477122 -0.23376629 0.070090026
v -0.021477122 -0.22515923 0.094140925
v -0.016245494 -0.221277 0.06634552
v -0.016245494 -0.21313018 0.08911194
v -0.009654994 -0.21703789 0.06507415
v -0.009654994 -0.22265115 0.042031553
v -0.016245494 -0.22699994 0.04285217
v -0.009654994 -0.20904678 0.087404475
v 0.12612274 -0.20570421 0.061661985
v 0.12612274 -0.19813068 0.08282471
v 0.012990651 -0.22011182 0.041551817
v -0.009308925 -0.22222616 0.039776
v 0.012748417 -0.2199184 0.03961548
v -0.016096491 -0.22681874 0.039957885
v -0.023307947 -0.24344791 0.043190613
v -0.023057397 -0.24567036 0.04164551
v -0.022995371 -0.24713854 0.031654358
v -0.023403544 -0.24631184 0.029911498
v -0.022173304 -0.24273561 0.027408142
v -0.019337611 -0.2335779 0.020601196
v -0.01723678 -0.22938423 0.0153384395
v -0.016121821 -0.22802605 0.013709411
v -0.008625408 -0.22570243 0.011187744
v -0.008625408 -0.22570243 0.011187744
v 0.010470204 -0.22234426 0.010456238
v 0.012565312 -0.2235495 0.009777222
v 0.12612274 -0.21439376 -0.010862731
v 0.12354461 -0.21468146 0.017278442
v -0.009654994 -0.22279952 -0.04123581
v -0.016245494 -0.2271517 -0.042041168
v -0.016245494 -0.22259007 -0.06106186
v -0.009654994 -0.21963508 -0.054432068
v -0.021477122 -0.23997222 -0.044414215
v -0.021477122 -0.23401512 -0.06925491
v -0.021477122 -0.23235138 -0.07395737
v -0.018027263 -0.22577068 -0.06681518
v 0.12612274 -0.21116471 -0.0390921
v 0.012565312 -0.21683033 -0.055268247
v -0.022173304 -0.23200704 -0.07644897
v -0.023403544 -0.23499642 -0.07963012
v -0.022995371 -0.23544918 -0.08150574
v -0.019337611 -0.22443432 -0.067913815
v -0.01723678 -0.2214052 -0.061904907
v -0.016121821 -0.22040857 -0.06003235
v -0.008625408 -0.21864946 -0.05708908
v 0.010470204 -0.21551135 -0.055686798
v 0.12354461 -0.20743045 -0.059535217
v 0.12354461 -0.20743045 -0.059535217
v 0.012990651 -0.20696977 -0.085668944
v 0.12290016 -0.20022272 -0.08237747
v 0.025172124 -0.06633801 0.005465698
v 0.02658829 -0.057957996 -0.0059872437
v 0.026510395 -0.060197797 0.008256836
v 0.02428223 -0.07031582 9.243774E-4
v 0.023239369 -0.07193032 -0.00743042
v 0.027726445 -0.053401724 0.0077603147
v 0.029203037 -0.046818774 0.0030676269
v 0.029767003 -0.043798603 -0.004524536
v 5.1044997E-5 -0.046818774 0.0030676269
v 6.0738047E-4 -0.043798603 -0.004524536
v -0.0014203601 -0.053397603 0.007584228
v -0.0026349595 -0.060197797 0.008256836
v 0.026510395 -0.060197797 0.008256836
v 0.025172124 -0.06633801 0.005465698
v -0.0039758254 -0.06633801 0.005465698
v 0.025172124 -0.06633801 0.005465698
v -0.0048686936 -0.07031582 9.243774E-4
v -0.005919567 -0.07174225 -0.0074105836
v 0.023239369 -0.07193032 -0.00743042
v -0.00679565 -0.072549365 -0.006179199
v -0.008146358 -0.079384886 -0.0040322873
v -0.008146358 -0.077986605 -0.00805603
v -0.0068250233 -0.072458535 -0.007485046
v -0.005919567 -0.07174225 -0.0074105836
v -0.007170787 -0.078499 -0.008109131
v -0.007218547 -0.07987373 -0.0042681885
v 0.023234334 -0.08394985 -0.008671875
v 0.023018803 -0.08483509 -0.00613739
v 0.020133823 -0.088119276 -0.004410095
v -0.0076640276 -0.08558452 -8.728027E-4
v 0.007558369 -0.11935501 -0.007823181
v -0.015256648 -0.11985298 -0.0052560424
v -5.5663625E-4 -0.14540267 -0.0071453857
v -0.015241236 -0.14544411 -0.0053369137
v -0.0039285994 -0.1578829 -0.0063986205
v -0.015006174 -0.15792377 -0.004590149
v -0.006016994 -0.19993061 0.0032714843
v -0.015188364 -0.19997208 0.0050802613
v -0.016033396 -0.15793338 -0.0041763303
v -0.0161692 -0.14417927 -0.005123596
v -0.016164089 -0.19998407 0.005607605
v -0.016121821 -0.22802605 0.013709411
v -0.01723678 -0.22938423 0.0153384395
v -0.016082453 -0.12212421 -0.005146179
v -0.017827144 -0.1375285 -0.0041394043
v -0.0161692 -0.14417927 -0.005123596
v -0.022011867 -0.15806946 0.0017776489
v -0.022967676 -0.2002003 0.015059204
v -0.019337611 -0.2335779 0.020601196
v -0.017934946 -0.13709792 -0.003929138
v -0.017934946 -0.13709792 -0.003929138
v -0.016435312 -0.12177394 -0.0050683594
v -0.022277903 -0.15807562 0.0020498657
v -0.023429483 -0.20021863 0.0158609
v -0.023403544 -0.24631184 0.029911498
v -0.017934946 -0.13709792 -0.003929138
v -0.022173304 -0.24273561 0.027408142
v -0.025932612 -0.24574192 0.031486206
v -0.022995371 -0.24713854 0.031654358
v -0.025946116 -0.24438453 0.039645996
v -0.023057397 -0.24567036 0.04164551
v -0.0161692 -0.14417927 -0.005123596
v -0.015006174 -0.15792377 -0.004590149
v -0.015241236 -0.14544411 -0.0053369137
v -0.008625408 -0.22570243 0.011187744
v -0.0012281756 -0.21685883 0.008657226
v 0.010470204 -0.22234426 0.010456238
v -0.009308925 -0.22222616 0.039776
v 0.012748417 -0.2199184 0.03961548
v 0.0010162396 -0.03299439 -0.025825195
v 0.0014884991 -0.034900747 -0.016635742
v 0.0014884991 -0.030679287 -0.023528136
v 0.0014884991 -0.03759705 -0.009015808
v 0.025172124 -0.06382035 -0.018911133
v 0.02428223 -0.06864193 -0.01527832
v 0.026510395 -0.057239078 -0.020387879
v 0.027726445 -0.050687715 -0.018512268
v 0.029203037 -0.045203097 -0.012573242
v -0.0039758254 -0.06382035 -0.018911133
v -0.0048686936 -0.06864193 -0.01527832
v -0.005919567 -0.07174225 -0.0074105836
v 0.023239369 -0.07193032 -0.00743042
v -0.0026349595 -0.057239078 -0.020387879
v 5.1044997E-5 -0.045203097 -0.012573242
v -0.0014203601 -0.050719723 -0.018339843
v -0.0049447585 -0.06465756 -0.01934143
v -0.00796783 -0.07647492 -0.025411986
v -0.0057945973 -0.06949753 -0.015361938
v -0.008187557 -0.07764927 -0.02512451
v -0.008721309 -0.08343589 -0.01703369
v -0.016617503 -0.11831401 -0.019837951
v -0.016617503 -0.11461956 -0.02804718
v -0.020651316 -0.13483742 -0.02509201
v -0.020651316 -0.1316291 -0.03310623
v -0.02499389 -0.15415595 -0.03519867
v -0.02499389 -0.15094432 -0.043240357
v -0.025948785 -0.19254264 -0.057565916
v -0.025948785 -0.18937378 -0.06537384
v -0.026753915 -0.23363073 -0.080322415
v -0.026753915 -0.23042253 -0.08833603
v -0.02436416 -0.15424809 -0.034701996
v -0.019998774 -0.13493633 -0.024556579
v -0.025296398 -0.19267882 -0.056832578
v -0.025930094 -0.2340584 -0.07981414
v -0.023403544 -0.23499642 -0.07963012
v -0.023429483 -0.19274868 -0.056454316
v -0.022277903 -0.15431839 -0.034320068
v -0.017934946 -0.13500617 -0.024179382
v -0.016435312 -0.120238796 -0.019931335
v -0.015256648 -0.118396565 -0.019354858
v -0.0076640276 -0.08395603 -0.016640319
v 0.007558369 -0.118433915 -0.016740723
v 0.020133823 -0.08715992 -0.013695983
v -0.007218547 -0.07905972 -0.0121499635
v 0.023018803 -0.084298134 -0.011333923
v -5.5663625E-4 -0.14379345 -0.022728575
v -0.015241236 -0.1434637 -0.024507446
v -0.0039285994 -0.15585636 -0.026010284
v -0.015006174 -0.15552762 -0.027789153
v -0.006016994 -0.1950403 -0.04407181
v -0.015188364 -0.194711 -0.04585098
v -0.016033396 -0.15545174 -0.0281958
v -0.0161692 -0.14218208 -0.024457397
v -0.016164089 -0.1946151 -0.04636932
v -0.016121821 -0.22040857 -0.06003235
v -0.01723678 -0.2214052 -0.061904907
v -0.008146358 -0.0785331 -0.012280273
v -0.00679565 -0.07228093 -0.008781128
v -0.022967676 -0.19289452 -0.05566528
v -0.022011867 -0.15436836 -0.034052428
v -0.017827144 -0.13547061 -0.024061585
v -0.0161692 -0.14218208 -0.024457397
v -0.016082453 -0.12059707 -0.019926757
v -0.022173304 -0.23200704 -0.07644897
v -0.019337611 -0.22443432 -0.067913815
v -0.0161692 -0.14218208 -0.024457397
v -0.015241236 -0.1434637 -0.024507446
v -0.015006174 -0.15552762 -0.027789153
v -0.025932612 -0.23411652 -0.08105575
v -0.022995371 -0.23544918 -0.08150574
v -0.02594604 -0.23111987 -0.08876572
v -0.023057397 -0.23196965 -0.090985715
v -0.0012281756 -0.21050999 -0.052804258
v -0.008625408 -0.21864946 -0.05708908
v 0.010470204 -0.21551135 -0.055686798
v -0.009308925 -0.20940277 -0.0843634
v 0.012748417 -0.20717666 -0.08373413
v 0.0014884991 -0.010858158 0.037106626
v 0.002068562 -0.0028389015 0.037682496
v 0.0014884991 -0.0029059257 0.03855316
v 0.002068562 -0.010611995 0.03626831
v 0.002068562 0.004949833 0.037516173
v 0.0014884991 0.005062633 0.038383484
v 0.002068562 0.010743252 0.036230467
v 0.0014884991 0.010989491 0.037067566
v 0.002068562 0.01804153 0.03320526
v 0.0014884991 0.018456113 0.033972472
v 0.002068562 0.024551196 0.028729247
v 0.0014884991 0.025116077 0.029392699
v 0.0036124464 -0.002821354 0.037453003
v 0.0036124464 -0.0105469925 0.036047667
v 0.007173924 -0.002821354 0.037453003
v 0.007173924 -0.0105469925 0.036047667
v 0.007173924 0.004919964 0.037288208
v 0.0036124464 0.024401965 0.028554076
v 0.0036124464 0.01793224 0.033002928
v 0.007173924 0.024401965 0.028554076
v 0.007173924 0.01793224 0.033002928
v 0.0036124464 0.010678135 0.03600952
v 0.007173924 0.010678135 0.03600952
v 0.0036124464 0.004919964 0.037288208
v 0.0014884991 -0.026607364 0.028051453
v 0.002068562 -0.01973656 0.03222534
v 0.0014884991 -0.020193601 0.032970276
v 0.002068562 -0.026005788 0.027417602
v 0.0014884991 -0.031857915 0.021906737
v 0.002068562 -0.031138157 0.021411438
v 0.0014884991 -0.034940686 0.016676331
v 0.002068562 -0.034151614 0.016298829
v 0.0014884991 -0.03756493 0.009150085
v 0.002068562 -0.03671635 0.008942871
v 0.0014884991 -0.038646434 0.0011404419
v 0.002068562 -0.03777348 0.001112976
v 0.0036124464 -0.01961636 0.032029115
v 0.0036124464 -0.025847286 0.027250975
v 0.007173924 -0.01961636 0.032029115
v 0.007173924 -0.025847286 0.027250975
v 0.0036124464 -0.030948376 0.021280821
v 0.007173924 -0.030948376 0.021280821
v 0.0036124464 -0.03394326 0.016199036
v 0.0036124464 -0.036492772 0.008887939
v 0.0036124464 -0.037543416 0.001105957
v 0.007173924 -0.036492772 0.008887939
v 0.007173924 -0.037543416 0.001105957
v 0.007173924 -0.03394326 0.016199036
v 0.0014884991 -0.020193601 0.032970276
v 0.002068562 -0.015303157 0.034537658
v 0.0014884991 -0.015657695 0.035336
v 0.002068562 -0.01973656 0.03222534
v 0.002068562 -0.010611995 0.03626831
v 0.0014884991 -0.010858158 0.037106626
v 0.0036124464 -0.0105469925 0.036047667
v 0.0036124464 -0.015209888 0.03432739
v 0.007173924 -0.0105469925 0.036047667
v 0.007173924 -0.015209888 0.03432739
v 0.0036124464 -0.01961636 0.032029115
v 0.007173924 -0.01961636 0.032029115
v 0.0014884991 0.03193458 0.021792602
v 0.002068562 0.034963183 0.014344482
v 0.0014884991 0.035768237 0.014676819
v 0.002068562 0.031216081 0.021300048
v 0.002068562 0.037211563 0.006885681
v 0.0014884991 0.038068116 0.007045898
v 0.002068562 0.037779268 9.786987E-4
v 0.0014884991 0.03864883 0.0010021973
v 0.002068562 0.037157204 -0.0068972777
v 0.0014884991 0.038012844 -0.007055359
v 0.002068562 0.034911416 -0.014472046
v 0.0014884991 0.03571525 -0.014804687
v 0.0036124464 0.034699548 -0.014384765
v 0.0036124464 0.036931567 -0.0068560787
v 0.007173924 0.034699548 -0.014384765
v 0.007173924 0.036931567 -0.0068560787
v 0.0036124464 0.03755008 9.719848E-4
v 0.007173924 0.03755008 9.719848E-4
v 0.0036124464 0.03698581 0.006843872
v 0.0036124464 0.03475101 0.014257202
v 0.0036124464 0.031026911 0.021170044
v 0.007173924 0.03475101 0.014257202
v 0.007173924 0.031026911 0.021170044
v 0.007173924 0.03698581 0.006843872
v 0.0014884991 0.025116077 0.029392699
v 0.002068562 0.02812053 0.025226746
v 0.0014884991 0.028767351 0.025810242
v 0.002068562 0.024551196 0.028729247
v 0.002068562 0.031216081 0.021300048
v 0.0014884991 0.03193458 0.021792602
v 0.0036124464 0.031026911 0.021170044
v 0.0036124464 0.027949747 0.025073241
v 0.007173924 0.031026911 0.021170044
v 0.007173924 0.027949747 0.025073241
v 0.0036124464 0.024401965 0.028554076
v 0.007173924 0.024401965 0.028554076
v 0.0014884991 0.030594401 -0.023638
v 0.002068562 0.024448581 -0.028819274
v 0.0014884991 0.025010943 -0.029482726
v 0.002068562 0.029906001 -0.023106078
v 0.002068562 0.018049847 -0.033262327
v 0.0014884991 0.01846462 -0.034028318
v 0.002068562 0.012606808 -0.035627745
v 0.0014884991 0.012895886 -0.036448363
v 0.002068562 0.0049240454 -0.03747009
v 0.0014884991 0.005036159 -0.03833313
v 0.002068562 -0.0029733696 -0.03767517
v 0.0014884991 -0.003043522 -0.038542785
v 0.0036124464 -0.0029550209 -0.037446592
v 0.0036124464 0.0048950156 -0.037242737
v 0.007173924 -0.0029550209 -0.037446592
v 0.007173924 0.0048950156 -0.037242737
v 0.0036124464 0.012530476 -0.035411682
v 0.007173924 0.012530476 -0.035411682
v 0.0036124464 0.01794006 -0.033060912
v 0.0036124464 0.024300074 -0.028644409
v 0.0036124464 0.029724192 -0.022966614
v 0.007173924 0.024300074 -0.028644409
v 0.007173924 0.029724192 -0.022966614
v 0.007173924 0.01794006 -0.033060912
v 0.0014884991 0.03571525 -0.014804687
v 0.002068562 0.032683823 -0.018948974
v 0.0014884991 0.033436272 -0.01938446
v 0.002068562 0.034911416 -0.014472046
v 0.002068562 0.029906001 -0.023106078
v 0.0014884991 0.030594401 -0.023638
v 0.0036124464 0.029724192 -0.022966614
v 0.0036124464 0.03248542 -0.018833922
v 0.007173924 0.029724192 -0.022966614
v 0.007173924 0.03248542 -0.018833922
v 0.0036124464 0.034699548 -0.014384765
v 0.007173924 0.034699548 -0.014384765
v 0.0014884991 -0.0130273085 -0.036401976
v 0.002068562 -0.019851802 -0.032157592
v 0.0014884991 -0.02031098 -0.032897644
v 0.002068562 -0.012732013 -0.035582274
v 0.002068562 -0.02605492 -0.027445069
v 0.0014884991 -0.026657453 -0.028076781
v 0.002068562 -0.02998608 -0.022999266
v 0.0014884991 -0.030679287 -0.023528136
v 0.002068562 -0.03411278 -0.016261902
v 0.0014884991 -0.034900747 -0.016635742
v 0.002068562 -0.036747936 -0.008814392
v 0.0014884991 -0.03759705 -0.009015808
v 0.0036124464 -0.03652432 -0.008760986
v 0.0036124464 -0.033904612 -0.016163634
v 0.007173924 -0.03652432 -0.008760986
v 0.007173924 -0.033904612 -0.016163634
v 0.0036124464 -0.029803775 -0.022859802
v 0.007173924 -0.029803775 -0.022859802
v 0.0036124464 -0.025896382 -0.027278747
v 0.0036124464 -0.019730495 -0.03196228
v 0.0036124464 -0.012654575 -0.035366822
v 0.007173924 -0.019730495 -0.03196228
v 0.007173924 -0.012654575 -0.035366822
v 0.007173924 -0.025896382 -0.027278747
v 0.0014884991 -0.003043522 -0.038542785
v 0.002068562 -0.007919506 -0.036939695
v 0.0014884991 -0.008103985 -0.037790526
v 0.002068562 -0.0029733696 -0.03767517
v 0.002068562 -0.012732013 -0.035582274
v 0.0014884991 -0.0130273085 -0.036401976
v 0.0036124464 -0.012654575 -0.035366822
v 0.0036124464 -0.0078710215 -0.036715392
v 0.007173924 -0.012654575 -0.035366822
v 0.007173924 -0.0078710215 -0.036715392
v 0.0036124464 -0.0029550209 -0.037446592
v 0.007173924 -0.0029550209 -0.037446592
v 0.0014884991 -0.03759705 -0.009015808
v 0.002068562 -0.037577253 -0.0038833618
v 0.0014884991 -0.038445555 -0.003971252
v 0.002068562 -0.036747936 -0.008814392
v 0.002068562 -0.03777348 0.001112976
v 0.0014884991 -0.038646434 0.0011404419
v 0.0036124464 -0.037543416 0.001105957
v 0.0036124464 -0.03734822 -0.0038598632
v 0.007173924 -0.037543416 0.001105957
v 0.007173924 -0.03734822 -0.0038598632
v 0.0036124464 -0.03652432 -0.008760986
v 0.007173924 -0.03652432 -0.008760986
v 0.0036124464 -0.002821354 0.037453003
v 0.007173924 0.004919964 0.037288208
v 0.0036124464 0.004919964 0.037288208
v 0.0036124464 -0.03394326 0.016199036
v 0.007173924 -0.03394326 0.016199036
v 0.007173924 -0.030948376 0.021280821
v 0.0036124464 0.03475101 0.014257202
v 0.007173924 0.03698581 0.006843872
v 0.0036124464 0.03698581 0.006843872
v 0.0036124464 0.004919964 0.037288208
v 0.007173924 0.004919964 0.037288208
v 0.007173924 0.010678135 0.03600952
v 0.0036124464 0.024300074 -0.028644409
v 0.007173924 0.01794006 -0.033060912
v 0.0036124464 0.01794006 -0.033060912
v 0.0036124464 0.03698581 0.006843872
v 0.007173924 0.03698581 0.006843872
v 0.007173924 0.03755008 9.719848E-4
v 0.0036124464 -0.019730495 -0.03196228
v 0.007173924 -0.025896382 -0.027278747
v 0.0036124464 -0.025896382 -0.027278747
v 0.0036124464 0.01794006 -0.033060912
v 0.007173924 0.01794006 -0.033060912
v 0.007173924 0.012530476 -0.035411682
v 0.0036124464 -0.036492772 0.008887939
v 0.007173924 -0.03394326 0.016199036
v 0.0036124464 -0.03394326 0.016199036
v 0.0036124464 -0.025896382 -0.027278747
v 0.007173924 -0.025896382 -0.027278747
v 0.007173924 -0.029803775 -0.022859802
v -0.02364036 -0.059776157 0.2526535
v -0.020814052 -0.09349056 0.24484222
v -0.02364036 -0.09258091 0.24245483
v -0.020814052 -0.060363278 0.2551407
v -0.02364036 -0.033038907 0.25751677
v -0.020814052 -0.060363278 0.2551407
v -0.02364036 -0.059776157 0.2526535
v -0.020814052 -0.033362772 0.26005247
v -0.02364036 -0.0059392587 0.25955933
v -0.020814052 -0.033362772 0.26005247
v -0.02364036 -0.033038907 0.25751677
v -0.020814052 -0.0059962887 0.26211485
v -0.02364036 0.02122497 0.25875732
v -0.020814052 -0.0059962887 0.26211485
v -0.02364036 -0.0059392587 0.25955933
v -0.020814052 0.02143539 0.26130554
v -0.02364036 -0.09258091 0.24245483
v -0.020814052 -0.12505157 0.23044188
v -0.02364036 -0.12383461 0.22819458
v -0.020814052 -0.09349056 0.24484222
v -0.02364036 -0.12383461 0.22819458
v -0.020814052 -0.14845467 0.2161084
v -0.02364036 -0.14700946 0.21400115
v -0.020814052 -0.12505157 0.23044188
v -0.02364036 -0.14700946 0.21400115
v -0.020814052 -0.17023121 0.19940704
v -0.02364036 -0.16857433 0.19746216
v -0.020814052 -0.14845467 0.2161084
v -0.02364036 -0.16857433 0.19746216
v -0.020814052 -0.1901433 0.18052123
v -0.02364036 -0.1882917 0.17876068
v -0.020814052 -0.17023121 0.19940704
v -0.02364036 -0.1882917 0.17876068
v -0.020814052 -0.20797159 0.15965697
v -0.02364036 -0.20594639 0.15809967
v -0.020814052 -0.1901433 0.18052123
v -0.02364036 -0.20594639 0.15809967
v -0.020814052 -0.22668943 0.13152343
v -0.02364036 -0.22448175 0.13024017
v -0.020814052 -0.20797159 0.15965697
v -0.02364036 0.05480945 0.25334167
v -0.020814052 0.02143539 0.26130554
v -0.02364036 0.02122497 0.25875732
v -0.020814052 0.055349648 0.2558362
v -0.02364036 0.22181797 0.13491577
v -0.020814052 0.20397037 0.16456817
v -0.02364036 0.20198138 0.16296326
v -0.020814052 0.22400233 0.13624512
v -0.02364036 0.23470592 0.11098938
v -0.020814052 0.22400233 0.13624512
v -0.02364036 0.22181797 0.13491577
v -0.020814052 0.23701702 0.112083435
v -0.02364036 0.2450227 0.085847475
v -0.020814052 0.23701702 0.112083435
v -0.02364036 0.23470592 0.11098938
v -0.020814052 0.24743496 0.08669434
v -0.02364036 0.25265414 0.059765015
v -0.020814052 0.24743496 0.08669434
v -0.02364036 0.2450227 0.085847475
v -0.020814052 0.2551414 0.06035492
v -0.02364036 0.20198138 0.16296326
v -0.020814052 0.18052211 0.19013458
v -0.02364036 0.17876124 0.18828003
v -0.020814052 0.20397037 0.16456817
v -0.02364036 0.17876124 0.18828003
v -0.020814052 0.15965816 0.20796295
v -0.02364036 0.15810111 0.20593475
v -0.020814052 0.18052211 0.19013458
v -0.02364036 0.15810111 0.20593475
v -0.020814052 0.13704476 0.22351319
v -0.02364036 0.13570808 0.22133361
v -0.020814052 0.15965816 0.20796295
v -0.02364036 0.13570808 0.22133361
v -0.020814052 0.11292991 0.23661438
v -0.02364036 0.11182823 0.23430724
v -0.020814052 0.13704476 0.22351319
v -0.02364036 0.11182823 0.23430724
v -0.020814052 0.08757804 0.2471225
v -0.02364036 0.08672355 0.24471313
v -0.020814052 0.11292991 0.23661438
v -0.02364036 0.08672355 0.24471313
v -0.020814052 0.055349648 0.2558362
v -0.02364036 0.05480945 0.25334167
v -0.020814052 0.08757804 0.2471225
v -0.02364036 0.25819194 0.025760803
v -0.020814052 0.2551414 0.06035492
v -0.02364036 0.25265414 0.059765015
v -0.020814052 0.26073346 0.02601654
v -0.02364036 0.19686061 -0.16927963
v -0.020814052 0.219546 -0.1431395
v -0.02364036 0.21740589 -0.14174682
v -0.020814052 0.19879924 -0.17094329
v -0.023640284 0.17808856 -0.18893066
v -0.020814052 0.19879924 -0.17094329
v -0.02364036 0.19686061 -0.16927963
v -0.020814052 0.17984195 -0.19078751
v -0.023640284 0.15736458 -0.20651062
v -0.020814052 0.17984195 -0.19078751
v -0.023640284 0.17808856 -0.18893066
v -0.020814052 0.15891437 -0.20854095
v -0.02364036 0.13491733 -0.22182968
v -0.020814052 0.15891437 -0.20854095
v -0.023640284 0.15736458 -0.20651062
v -0.020814052 0.13624614 -0.22401062
v -0.02364036 0.21740589 -0.14174682
v -0.020814052 0.2366151 -0.11293823
v -0.02364036 0.23430827 -0.1118396
v -0.020814052 0.219546 -0.1431395
v -0.02364036 0.23430827 -0.1118396
v -0.020814052 0.24712375 -0.087586366
v -0.02364036 0.24471447 -0.086734615
v -0.020814052 0.2366151 -0.11293823
v -0.02364036 0.24471447 -0.086734615
v -0.020814052 0.2549249 -0.061274413
v -0.02364036 0.25243953 -0.06067932
v -0.020814052 0.24712375 -0.087586366
v -0.02364036 0.25243953 -0.06067932
v -0.020814052 0.2599329 -0.034291685
v -0.02364036 0.25739902 -0.03395935
v -0.020814052 0.2549249 -0.061274413
v -0.02364036 0.25739902 -0.03395935
v -0.020814052 0.2620927 -0.0069332886
v -0.02364036 0.2595377 -0.0068673706
v -0.020814052 0.2599329 -0.034291685
v -0.02364036 0.2595377 -0.0068673706
v -0.020814052 0.26073346 0.02601654
v -0.02364036 0.25819194 0.025760803
v -0.020814052 0.2620927 -0.0069332886
v -0.02364036 0.10459823 -0.23799361
v -0.020814052 0.13624614 -0.22401062
v -0.02364036 0.13491733 -0.22182968
v -0.020814052 0.1056287 -0.24033356
v -0.02364036 -0.10015842 -0.23954482
v -0.020814052 -0.068288766 -0.25303984
v -0.02364036 -0.06762444 -0.25057617
v -0.020814052 -0.101142384 -0.24190018
v -0.02364036 -0.1246484 -0.22776367
v -0.020814052 -0.101142384 -0.24190018
v -0.02364036 -0.10015842 -0.23954482
v -0.020814052 -0.12587371 -0.23000275
v -0.02364036 -0.14777279 -0.21348709
v -0.020814052 -0.12587371 -0.23000275
v -0.02364036 -0.1246484 -0.22776367
v -0.020814052 -0.14922538 -0.21558625
v -0.02364036 -0.16927803 -0.19687225
v -0.020814052 -0.14922538 -0.21558625
v -0.02364036 -0.14777279 -0.21348709
v -0.020814052 -0.17094238 -0.19880706
v -0.02364036 -0.06762444 -0.25057617
v -0.020814052 -0.034291003 -0.25994062
v -0.023640284 -0.033957828 -0.2574098
v -0.020814052 -0.068288766 -0.25303984
v -0.023640284 -0.033957828 -0.2574098
v -0.020814052 -0.006932263 -0.26210096
v -0.023640284 -0.006865925 -0.2595491
v -0.020814052 -0.034291003 -0.25994062
v -0.023640284 -0.006865925 -0.2595491
v -0.020814052 0.020502124 -0.26138932
v -0.023640284 0.020301051 -0.25884414
v -0.020814052 -0.006932263 -0.26210096
v -0.023640284 0.020301051 -0.25884414
v -0.020814052 0.047712207 -0.25781402
v -0.02364036 0.04724563 -0.25530365
v -0.020814052 0.020502124 -0.26138932
v -0.02364036 0.04724563 -0.25530365
v -0.020814052 0.07439868 -0.25141448
v -0.02364036 0.07367317 -0.24896637
v -0.020814052 0.047712207 -0.25781402
v -0.02364036 0.07367317 -0.24896637
v -0.020814052 0.1056287 -0.24033356
v -0.02364036 0.10459823 -0.23799361
v -0.020814052 0.07439868 -0.25141448
v -0.02364036 -0.19371033 -0.17342193
v -0.020814052 -0.17094238 -0.19880706
v -0.02364036 -0.16927803 -0.19687225
v -0.020814052 -0.1956153 -0.17512664
v -0.02364036 -0.25876907 0.021223145
v -0.020814052 -0.26175594 -0.013254089
v -0.02364036 -0.2592068 -0.013126831
v -0.020814052 -0.2613141 0.021434631
v -0.02364036 -0.25513214 0.048155516
v -0.020814052 -0.2613141 0.021434631
v -0.02364036 -0.25876907 0.021223145
v -0.020814052 -0.25764123 0.048631284
v -0.02364036 -0.24870022 0.07455963
v -0.020814052 -0.25764123 0.048631284
v -0.02364036 -0.25513214 0.048155516
v -0.020814052 -0.25114584 0.07529541
v -0.02364036 -0.23954353 0.10014709
v -0.020814052 -0.25114584 0.07529541
v -0.02364036 -0.24870022 0.07455963
v -0.020814052 -0.24189922 0.10113434
v -0.02364036 -0.2592068 -0.013126831
v -0.020814052 -0.2578131 -0.047720183
v -0.02364036 -0.2553028 -0.04725784
v -0.020814052 -0.26175594 -0.013254089
v -0.02364036 -0.2553028 -0.04725784
v -0.020814052 -0.25141317 -0.07440765
v -0.02364036 -0.24896476 -0.07368423
v -0.020814052 -0.2578131 -0.047720183
v -0.02364036 -0.24896476 -0.07368423
v -0.020814052 -0.24225879 -0.100279234
v -0.02364036 -0.23989959 -0.09930404
v -0.020814052 -0.25141317 -0.07440765
v -0.02364036 -0.23989959 -0.09930404
v -0.020814052 -0.23045002 -0.12505218
v -0.02364036 -0.22820613 -0.12383575
v -0.020814052 -0.24225879 -0.100279234
v -0.02364036 -0.22820613 -0.12383575
v -0.020814052 -0.21611656 -0.14845535
v -0.02364036 -0.21401215 -0.1470111
v -0.020814052 -0.23045002 -0.12505218
v -0.02364036 -0.21401215 -0.1470111
v -0.020814052 -0.1956153 -0.17512664
v -0.02364036 -0.19371033 -0.17342193
v -0.020814052 -0.21611656 -0.14845535
v -0.02364036 -0.22448175 0.13024017
v -0.020814052 -0.24189922 0.10113434
v -0.02364036 -0.23954353 0.10014709
v -0.020814052 -0.22668943 0.13152343
v 0.1728299 -0.055228543 0.2333435
v 0.15729491 -0.0855294 0.22392334
v 0.1728299 -0.0855294 0.22392334
v 0.15729491 -0.055228543 0.2333435
v 0.1728299 -0.030531581 0.23783599
v 0.15729491 -0.055228543 0.2333435
v 0.1728299 -0.055228543 0.2333435
v 0.15729491 -0.030531581 0.23783599
v 0.1728299 -0.005500416 0.23972198
v 0.15729491 -0.030531581 0.23783599
v 0.1728299 -0.030531581 0.23783599
v 0.15729491 -0.005500416 0.23972198
v 0.1728299 0.01959064 0.23898193
v 0.15729491 -0.005500416 0.23972198
v 0.1728299 -0.005500416 0.23972198
v 0.15729491 0.01959064 0.23898193
v 0.1728299 -0.0855294 0.22392334
v 0.15729491 -0.11439712 0.21075164
v 0.1728299 -0.11439712 0.21075164
v 0.15729491 -0.0855294 0.22392334
v 0.1728299 -0.11439712 0.21075164
v 0.15729491 -0.13580333 0.19764099
v 0.1728299 -0.13580333 0.19764099
v 0.15729491 -0.11439712 0.21075164
v 0.1728299 -0.13580333 0.19764099
v 0.15729491 -0.15572193 0.1823648
v 0.1728299 -0.15572193 0.1823648
v 0.15729491 -0.13580333 0.19764099
v 0.1728299 -0.15572193 0.1823648
v 0.15729491 -0.1739347 0.16509032
v 0.1728299 -0.1739347 0.16509032
v 0.15729491 -0.15572193 0.1823648
v 0.1728299 -0.1739347 0.16509032
v 0.15729491 -0.19024192 0.14600646
v 0.1728299 -0.19024192 0.14600646
v 0.15729491 -0.1739347 0.16509032
v 0.1728299 -0.19024192 0.14600646
v 0.15729491 -0.20736234 0.12027343
v 0.1728299 -0.20736234 0.12027343
v 0.15729491 -0.19024192 0.14600646
v 0.1728299 0.05061126 0.2339795
v 0.15729491 0.01959064 0.23898193
v 0.1728299 0.01959064 0.23898193
v 0.15729491 0.05061126 0.2339795
v 0.1728299 0.20487331 0.12459198
v 0.15729491 0.1865507 0.15049866
v 0.1728299 0.1865507 0.15049866
v 0.15729491 0.20487331 0.12459198
v 0.1728299 0.21677783 0.10249237
v 0.15729491 0.20487331 0.12459198
v 0.1728299 0.20487331 0.12459198
v 0.15729491 0.21677783 0.10249237
v 0.1728299 0.2263065 0.0792691
v 0.15729491 0.21677783 0.10249237
v 0.1728299 0.21677783 0.10249237
v 0.15729491 0.2263065 0.0792691
v 0.1728299 0.23335621 0.055177305
v 0.15729491 0.2263065 0.0792691
v 0.1728299 0.2263065 0.0792691
v 0.15729491 0.23335621 0.055177305
v 0.1728299 0.1865507 0.15049866
v 0.15729491 0.16510333 0.17388366
v 0.1728299 0.16510333 0.17388366
v 0.15729491 0.1865507 0.15049866
v 0.1728299 0.16510333 0.17388366
v 0.15729491 0.14601918 0.19019164
v 0.1728299 0.14601918 0.19019164
v 0.15729491 0.16510333 0.17388366
v 0.1728299 0.14601918 0.19019164
v 0.15729491 0.12533528 0.20441437
v 0.1728299 0.12533528 0.20441437
v 0.15729491 0.14601918 0.19019164
v 0.1728299 0.12533528 0.20441437
v 0.15729491 0.103278615 0.21639739
v 0.1728299 0.103278615 0.21639739
v 0.15729491 0.12533528 0.20441437
v 0.1728299 0.103278615 0.21639739
v 0.15729491 0.0800901 0.2260092
v 0.1728299 0.0800901 0.2260092
v 0.15729491 0.103278615 0.21639739
v 0.1728299 0.0800901 0.2260092
v 0.15729491 0.05061126 0.2339795
v 0.1728299 0.05061126 0.2339795
v 0.15729491 0.0800901 0.2260092
v 0.1728299 0.23847096 0.023768615
v 0.15729491 0.23335621 0.055177305
v 0.1728299 0.23335621 0.055177305
v 0.15729491 0.23847096 0.023768615
v 0.1728299 0.1818207 -0.15638535
v 0.15729491 0.20079799 -0.13095382
v 0.1728299 0.20079799 -0.13095382
v 0.15729491 0.1818207 -0.15638535
v 0.1728299 0.16448154 -0.17453583
v 0.15729491 0.1818207 -0.15638535
v 0.1728299 0.1818207 -0.15638535
v 0.15729491 0.16448154 -0.17453583
v 0.1728299 0.14533938 -0.19077514
v 0.15729491 0.16448154 -0.17453583
v 0.1728299 0.16448154 -0.17453583
v 0.15729491 0.14533938 -0.19077514
v 0.1728299 0.124604836 -0.20492385
v 0.15729491 0.14533938 -0.19077514
v 0.1728299 0.14533938 -0.19077514
v 0.15729491 0.124604836 -0.20492385
v 0.1728299 0.20079799 -0.13095382
v 0.15729491 0.21641025 -0.10332977
v 0.1728299 0.21641025 -0.10332977
v 0.15729491 0.20079799 -0.13095382
v 0.1728299 0.21641025 -0.10332977
v 0.15729491 0.2260223 -0.08014069
v 0.1728299 0.2260223 -0.08014069
v 0.15729491 0.21641025 -0.10332977
v 0.1728299 0.2260223 -0.08014069
v 0.15729491 0.23315738 -0.05607391
v 0.1728299 0.23315738 -0.05607391
v 0.15729491 0.2260223 -0.08014069
v 0.1728299 0.23315738 -0.05607391
v 0.15729491 0.23773815 -0.031393737
v 0.1728299 0.23773815 -0.031393737
v 0.15729491 0.23315738 -0.05607391
v 0.1728299 0.23773815 -0.031393737
v 0.15729491 0.23971409 -0.0063687135
v 0.1728299 0.23971409 -0.0063687135
v 0.15729491 0.23773815 -0.031393737
v 0.1728299 0.23971409 -0.0063687135
v 0.15729491 0.23847096 0.023768615
v 0.1728299 0.23847096 0.023768615
v 0.15729491 0.23971409 -0.0063687135
v 0.1728299 0.09659992 -0.21985443
v 0.15729491 0.124604836 -0.20492385
v 0.1728299 0.124604836 -0.20492385
v 0.15729491 0.09659992 -0.21985443
v 0.1728299 -0.09252834 -0.22128768
v 0.15729491 -0.062477384 -0.23147659
v 0.1728299 -0.062477384 -0.23147659
v 0.15729491 -0.09252834 -0.22128768
v 0.1728299 -0.115149036 -0.21040557
v 0.15729491 -0.09252834 -0.22128768
v 0.1728299 -0.09252834 -0.22128768
v 0.15729491 -0.115149036 -0.21040557
v 0.1728299 -0.13650833 -0.19721892
v 0.15729491 -0.115149036 -0.21040557
v 0.1728299 -0.115149036 -0.21040557
v 0.15729491 -0.13650833 -0.19721892
v 0.1728299 -0.1563725 -0.18187103
v 0.15729491 -0.13650833 -0.19721892
v 0.1728299 -0.13650833 -0.19721892
v 0.15729491 -0.1563725 -0.18187103
v 0.1728299 -0.062477384 -0.23147659
v 0.15729499 -0.031380735 -0.23778915
v 0.1728299 -0.031380735 -0.23778915
v 0.15729491 -0.062477384 -0.23147659
v 0.1728299 -0.031380735 -0.23778915
v 0.15729499 -0.006356472 -0.2397647
v 0.1728299 -0.006356472 -0.2397647
v 0.15729499 -0.031380735 -0.23778915
v 0.1728299 -0.006356472 -0.2397647
v 0.15729491 0.018737255 -0.23911361
v 0.1728299 0.018737255 -0.23911361
v 0.15729499 -0.006356472 -0.2397647
v 0.1728299 0.018737255 -0.23911361
v 0.15729491 0.043625064 -0.23584335
v 0.1728299 0.043625064 -0.23584335
v 0.15729491 0.018737255 -0.23911361
v 0.1728299 0.043625064 -0.23584335
v 0.15729491 0.06803485 -0.22998993
v 0.1728299 0.06803485 -0.22998993
v 0.15729491 0.043625064 -0.23584335
v 0.1728299 0.06803485 -0.22998993
v 0.15729491 0.09659992 -0.21985443
v 0.1728299 0.09659992 -0.21985443
v 0.15729491 0.06803485 -0.22998993
v 0.1728299 -0.17893995 -0.16021164
v 0.15729491 -0.1563725 -0.18187103
v 0.1728299 -0.1563725 -0.18187103
v 0.15729491 -0.17893995 -0.16021164
v 0.1728299 -0.23903257 0.01957794
v 0.15729491 -0.23943724 -0.012150726
v 0.1728299 -0.23943724 -0.012150726
v 0.15729491 -0.23903257 0.01957794
v 0.1728299 -0.23567358 0.04445404
v 0.15729491 -0.23903257 0.01957794
v 0.1728299 -0.23903257 0.01957794
v 0.15729491 -0.23567358 0.04445404
v 0.1728299 -0.22973281 0.068843074
v 0.15729491 -0.23567358 0.04445404
v 0.1728299 -0.23567358 0.04445404
v 0.15729491 -0.22973281 0.068843074
v 0.1728299 -0.22127506 0.09247742
v 0.15729491 -0.22973281 0.068843074
v 0.1728299 -0.22973281 0.068843074
v 0.15729491 -0.22127506 0.09247742
v 0.1728299 -0.23943724 -0.012150726
v 0.15729491 -0.2358308 -0.043676298
v 0.1728299 -0.2358308 -0.043676298
v 0.15729491 -0.23943724 -0.012150726
v 0.1728299 -0.2358308 -0.043676298
v 0.15729491 -0.22997701 -0.06808639
v 0.1728299 -0.22997701 -0.06808639
v 0.15729491 -0.2358308 -0.043676298
v 0.1728299 -0.22997701 -0.06808639
v 0.15729491 -0.22160356 -0.09175049
v 0.1728299 -0.22160356 -0.09175049
v 0.15729491 -0.22997701 -0.06808639
v 0.1728299 -0.22160356 -0.09175049
v 0.15729491 -0.2108025 -0.11440994
v 0.1728299 -0.2108025 -0.11440994
v 0.15729491 -0.22160356 -0.09175049
v 0.1728299 -0.2108025 -0.11440994
v 0.15729491 -0.19769213 -0.1358165
v 0.1728299 -0.19769213 -0.1358165
v 0.15729491 -0.2108025 -0.11440994
v 0.1728299 -0.19769213 -0.1358165
v 0.15729491 -0.17893995 -0.16021164
v 0.1728299 -0.17893995 -0.16021164
v 0.15729491 -0.19769213 -0.1358165
v 0.1728299 -0.20736234 0.12027343
v 0.15729491 -0.22127506 0.09247742
v 0.1728299 -0.22127506 0.09247742
v 0.15729491 -0.20736234 0.12027343
v 0.15729491 -0.055228543 0.2333435
v 0.13833694 -0.07989415 0.20917174
v 0.15729491 -0.0855294 0.22392334
v 0.13833694 -0.051590696 0.21797058
v 0.15729491 -0.030531581 0.23783599
v 0.13833694 -0.051590696 0.21797058
v 0.15729491 -0.055228543 0.2333435
v 0.13833694 -0.028521122 0.22216704
v 0.15729491 -0.005500416 0.23972198
v 0.13833694 -0.028521122 0.22216704
v 0.15729491 -0.030531581 0.23783599
v 0.13833694 -0.0051395074 0.22392914
v 0.15729491 0.01959064 0.23898193
v 0.13833694 -0.0051395074 0.22392914
v 0.15729491 -0.005500416 0.23972198
v 0.13833694 0.018297764 0.2232376
v 0.12612274 -0.0049184454 0.21467346
v 0.12612274 0.017549168 0.21401031
v 0.15729491 -0.0855294 0.22392334
v 0.13833694 -0.1068597 0.19686797
v 0.15729491 -0.11439712 0.21075164
v 0.13833694 -0.07989415 0.20917174
v 0.12612274 -0.10242824 0.1887323
v 0.12612274 -0.076579094 0.20052642
v 0.15729491 -0.11439712 0.21075164
v 0.13833694 -0.12685543 0.18462157
v 0.15729491 -0.13580333 0.19764099
v 0.13833694 -0.1068597 0.19686797
v 0.15729491 -0.13580333 0.19764099
v 0.13833694 -0.1454613 0.17035156
v 0.15729491 -0.15572193 0.1823648
v 0.13833694 -0.12685543 0.18462157
v 0.15729491 -0.15572193 0.1823648
v 0.13833694 -0.16247389 0.154216
v 0.15729491 -0.1739347 0.16509032
v 0.13833694 -0.1454613 0.17035156
v 0.15729491 -0.1739347 0.16509032
v 0.13833694 -0.17770633 0.13638946
v 0.15729491 -0.19024192 0.14600646
v 0.13833694 -0.16247389 0.154216
v 0.12612274 -0.17034289 0.13075684
v 0.12612274 -0.1557405 0.14784515
v 0.15729491 -0.19024192 0.14600646
v 0.13833694 -0.19369835 0.11235229
v 0.15729491 -0.20736234 0.12027343
v 0.13833694 -0.17770633 0.13638946
v 0.12612274 -0.18568526 0.10766906
v 0.12612274 -0.17034289 0.13075684
v 0.15729491 0.05061126 0.2339795
v 0.13833694 0.018297764 0.2232376
v 0.15729491 0.01959064 0.23898193
v 0.13833694 0.047273822 0.21856475
v 0.12612274 0.017549168 0.21401031
v 0.12612274 0.045313373 0.20948547
v 0.15729491 0.20487331 0.12459198
v 0.13833694 0.17425503 0.14058593
v 0.15729491 0.1865507 0.15049866
v 0.13833694 0.19136982 0.11638672
v 0.15729491 0.21677783 0.10249237
v 0.13833694 0.19136982 0.11638672
v 0.15729491 0.20487331 0.12459198
v 0.13833694 0.20248996 0.0957431
v 0.15729491 0.2263065 0.0792691
v 0.13833694 0.20248996 0.0957431
v 0.15729491 0.21677783 0.10249237
v 0.13833694 0.2113908 0.0740506
v 0.15729491 0.23335621 0.055177305
v 0.13833694 0.2113908 0.0740506
v 0.15729491 0.2263065 0.0792691
v 0.13833694 0.21797596 0.05154663
v 0.12612274 0.20264995 0.07099762
v 0.12612274 0.20896244 0.049425352
v 0.15729491 0.1865507 0.15049866
v 0.13833694 0.15422107 0.16242981
v 0.15729491 0.16510333 0.17388366
v 0.13833694 0.17425503 0.14058593
v 0.12612274 0.14784637 0.1557193
v 0.12612274 0.16705135 0.13477966
v 0.15729491 0.16510333 0.17388366
v 0.13833694 0.13639446 0.17766266
v 0.15729491 0.14601918 0.19019164
v 0.13833694 0.15422107 0.16242981
v 0.15729491 0.14601918 0.19019164
v 0.13833694 0.117073976 0.19094817
v 0.15729491 0.12533528 0.20441437
v 0.13833694 0.13639446 0.17766266
v 0.15729491 0.12533528 0.20441437
v 0.13833694 0.096470565 0.20214142
v 0.15729491 0.103278615 0.21639739
v 0.13833694 0.117073976 0.19094817
v 0.15729491 0.103278615 0.21639739
v 0.13833694 0.07481029 0.21112
v 0.15729491 0.0800901 0.2260092
v 0.13833694 0.096470565 0.20214142
v 0.12612274 0.07172206 0.2023941
v 0.12612274 0.0924863 0.19378753
v 0.15729491 0.0800901 0.2260092
v 0.13833694 0.047273822 0.21856475
v 0.15729491 0.05061126 0.2339795
v 0.13833694 0.07481029 0.21112
v 0.12612274 0.045313373 0.20948547
v 0.12612274 0.07172206 0.2023941
v 0.15729491 0.23847096 0.023768615
v 0.13833694 0.21797596 0.05154663
v 0.15729491 0.23335621 0.055177305
v 0.13833694 0.22275348 0.022207337
v 0.12612274 0.20896244 0.049425352
v 0.12612274 0.21352962 0.021254882
v 0.15729491 0.1818207 -0.15638535
v 0.13833702 0.18756314 -0.12231842
v 0.15729491 0.20079799 -0.13095382
v 0.13833702 0.16983676 -0.14607361
v 0.15729491 0.16448154 -0.17453583
v 0.13833702 0.16983676 -0.14607361
v 0.15729491 0.1818207 -0.15638535
v 0.13833702 0.15364002 -0.16302826
v 0.15729491 0.14533938 -0.19077514
v 0.13833702 0.15364002 -0.16302826
v 0.15729491 0.16448154 -0.17453583
v 0.13833702 0.13575955 -0.17819732
v 0.15729491 0.124604836 -0.20492385
v 0.13833702 0.13575955 -0.17819732
v 0.15729491 0.14533938 -0.19077514
v 0.13833702 0.11639137 -0.19141372
v 0.12612274 0.13014926 -0.17080948
v 0.12612274 0.11158287 -0.183479
v 0.15729491 0.20079799 -0.13095382
v 0.13833702 0.20214671 -0.09651458
v 0.15729491 0.21641025 -0.10332977
v 0.13833702 0.18756314 -0.12231842
v 0.12612274 0.19378856 -0.09250763
v 0.12612274 0.17980845 -0.11724365
v 0.15729491 0.21641025 -0.10332977
v 0.13833702 0.21112521 -0.07485382
v 0.15729491 0.2260223 -0.08014069
v 0.13833702 0.20214671 -0.09651458
v 0.15729491 0.2260223 -0.08014069
v 0.13833702 0.21779026 -0.05237335
v 0.15729491 0.23315738 -0.05607391
v 0.13833702 0.21112521 -0.07485382
v 0.15729491 0.23315738 -0.05607391
v 0.13833702 0.22206882 -0.029319152
v 0.15729491 0.23773815 -0.031393737
v 0.13833702 0.21779026 -0.05237335
v 0.15729491 0.23773815 -0.031393737
v 0.13833694 0.22391437 -0.0059439084
v 0.15729491 0.23971409 -0.0063687135
v 0.13833702 0.22206882 -0.029319152
v 0.12612274 0.21465564 -0.00568573
v 0.12612274 0.21288647 -0.028093262
v 0.15729491 0.23971409 -0.0063687135
v 0.13833694 0.22275348 0.022207337
v 0.15729491 0.23847096 0.023768615
v 0.13833694 0.22391437 -0.0059439084
v 0.12612274 0.21352962 0.021254882
v 0.12612274 0.21465564 -0.00568573
v 0.15729491 0.09659992 -0.21985443
v 0.13833702 0.11639137 -0.19141372
v 0.15729491 0.124604836 -0.20492385
v 0.13833702 0.09023239 -0.20536025
v 0.12612274 0.11158287 -0.183479
v 0.12612274 0.08649342 -0.19689406
v 0.15729491 -0.09252834 -0.22128768
v 0.13833702 -0.058361858 -0.21621658
v 0.15729491 -0.062477384 -0.23147659
v 0.13833702 -0.08643208 -0.20669876
v 0.15729491 -0.115149036 -0.21040557
v 0.13833702 -0.08643208 -0.20669876
v 0.15729491 -0.09252834 -0.22128768
v 0.13833702 -0.10756198 -0.19653396
v 0.15729491 -0.13650833 -0.19721892
v 0.13833702 -0.10756198 -0.19653396
v 0.15729491 -0.115149036 -0.21040557
v 0.13833702 -0.12751369 -0.1842163
v 0.15729491 -0.1563725 -0.18187103
v 0.13833702 -0.12751369 -0.1842163
v 0.15729491 -0.13650833 -0.19721892
v 0.13833702 -0.14606884 -0.16988021
v 0.12612274 -0.12222774 -0.17657974
v 0.12612274 -0.14001434 -0.16283661
v 0.15729491 -0.062477384 -0.23147659
v 0.13833702 -0.029314237 -0.22211273
v 0.15729499 -0.031380735 -0.23778915
v 0.13833702 -0.058361858 -0.21621658
v 0.12612274 -0.028092312 -0.21290755
v 0.12612274 -0.055937998 -0.2072554
v 0.15729499 -0.031380735 -0.23778915
v 0.13833702 -0.0059393733 -0.22395843
v 0.15729499 -0.006356472 -0.2397647
v 0.13833702 -0.029314237 -0.22211273
v 0.15729499 -0.006356472 -0.2397647
v 0.13833702 0.01750072 -0.22335036
v 0.15729491 0.018737255 -0.23911361
v 0.13833702 -0.0059393733 -0.22395843
v 0.15729491 0.018737255 -0.23911361
v 0.13833702 0.04074844 -0.2202954
v 0.15729491 0.043625064 -0.23584335
v 0.13833702 0.01750072 -0.22335036
v 0.15729491 0.043625064 -0.23584335
v 0.13833702 0.06354968 -0.21482742
v 0.15729491 0.06803485 -0.22998993
v 0.13833702 0.04074844 -0.2202954
v 0.12612274 0.060928147 -0.20592345
v 0.12612274 0.03907047 -0.2111656
v 0.15729491 0.06803485 -0.22998993
v 0.13833702 0.09023239 -0.20536025
v 0.15729491 0.09659992 -0.21985443
v 0.13833702 0.06354968 -0.21482742
v 0.12612274 0.08649342 -0.19689406
v 0.12612274 0.060928147 -0.20592345
v 0.15729491 -0.17893995 -0.16021164
v 0.13833702 -0.14606884 -0.16988021
v 0.15729491 -0.1563725 -0.18187103
v 0.13833702 -0.16714904 -0.14964767
v 0.12612274 -0.14001434 -0.16283661
v 0.12612274 -0.16023521 -0.14348708
v 0.15729491 -0.23903257 0.01957794
v 0.13833694 -0.22365946 -0.011344757
v 0.15729491 -0.23943724 -0.012150726
v 0.13833694 -0.22328146 0.018292846
v 0.15729491 -0.23567358 0.04445404
v 0.13833694 -0.22328146 0.018292846
v 0.15729491 -0.23903257 0.01957794
v 0.13833694 -0.22014406 0.041529845
v 0.15729491 -0.22973281 0.068843074
v 0.13833694 -0.22014406 0.041529845
v 0.15729491 -0.23567358 0.04445404
v 0.13833694 -0.2145946 0.06431152
v 0.15729491 -0.22127506 0.09247742
v 0.13833694 -0.2145946 0.06431152
v 0.15729491 -0.22973281 0.068843074
v 0.13833694 -0.20669392 0.08638794
v 0.12612274 -0.20570421 0.061661985
v 0.12612274 -0.19813068 0.08282471
v 0.15729491 -0.23943724 -0.012150726
v 0.13833694 -0.22029062 -0.04079254
v 0.15729491 -0.2358308 -0.043676298
v 0.13833694 -0.22365946 -0.011344757
v 0.12612274 -0.21116471 -0.0390921
v 0.12612274 -0.21439376 -0.010862731
v 0.15729491 -0.2358308 -0.043676298
v 0.13833694 -0.21482246 -0.063593745
v 0.15729491 -0.22997701 -0.06808639
v 0.13833694 -0.22029062 -0.04079254
v 0.15729491 -0.22997701 -0.06808639
v 0.13833694 -0.2070011 -0.085698545
v 0.15729491 -0.22160356 -0.09175049
v 0.13833694 -0.21482246 -0.063593745
v 0.15729491 -0.22160356 -0.09175049
v 0.13833694 -0.19691192 -0.10686493
v 0.15729491 -0.2108025 -0.11440994
v 0.13833694 -0.2070011 -0.085698545
v 0.15729491 -0.2108025 -0.11440994
v 0.13833702 -0.18466537 -0.12686065
v 0.15729491 -0.19769213 -0.1358165
v 0.13833694 -0.19691192 -0.10686493
v 0.12612274 -0.17701367 -0.12159744
v 0.12612274 -0.18875328 -0.10242966
v 0.15729491 -0.19769213 -0.1358165
v 0.13833702 -0.16714904 -0.14964767
v 0.15729491 -0.17893995 -0.16021164
v 0.13833702 -0.18466537 -0.12686065
v 0.12612274 -0.16023521 -0.14348708
v 0.12612274 -0.17701367 -0.12159744
v 0.15729491 -0.20736234 0.12027343
v 0.13833694 -0.20669392 0.08638794
v 0.15729491 -0.22127506 0.09247742
v 0.13833694 -0.19369835 0.11235229
v 0.12612274 -0.19813068 0.08282471
v 0.12612274 -0.18568526 0.10766906
v 0.13833694 -0.051590696 0.21797058
v 0.12612274 -0.076579094 0.20052642
v 0.13833694 -0.07989415 0.20917174
v 0.12354461 -0.047842983 0.20989472
v 0.13833694 -0.028521122 0.22216704
v 0.12354461 -0.047842983 0.20989472
v 0.13833694 -0.051590696 0.21797058
v 0.12354461 -0.024113202 0.21440399
v 0.13833694 -0.0051395074 0.22392914
v 0.12354461 -0.024113202 0.21440399
v 0.13833694 -0.028521122 0.22216704
v 0.12612274 -0.0049184454 0.21467346
v 0.13833694 -0.1068597 0.19686797
v 0.12354461 -0.12107117 0.17858185
v 0.13833694 -0.12685543 0.18462157
v 0.12612274 -0.10242824 0.1887323
v 0.13833694 -0.12685543 0.18462157
v 0.12354461 -0.13895515 0.16486603
v 0.13833694 -0.1454613 0.17035156
v 0.12354461 -0.12107117 0.17858185
v 0.13833694 -0.1454613 0.17035156
v 0.12612274 -0.1557405 0.14784515
v 0.13833694 -0.16247389 0.154216
v 0.12354461 -0.13895515 0.16486603
v 0.13833694 0.19136982 0.11638672
v 0.12612274 0.16705135 0.13477966
v 0.13833694 0.17425503 0.14058593
v 0.12354461 0.18473445 0.110530086
v 0.13833694 0.20248996 0.0957431
v 0.12354461 0.18473445 0.110530086
v 0.13833694 0.19136982 0.11638672
v 0.12354461 0.19701938 0.08816711
v 0.13833694 0.2113908 0.0740506
v 0.12354461 0.19701938 0.08816711
v 0.13833694 0.20248996 0.0957431
v 0.12612274 0.20264995 0.07099762
v 0.13833694 0.15422107 0.16242981
v 0.12354461 0.13302642 0.16989715
v 0.13833694 0.13639446 0.17766266
v 0.12612274 0.14784637 0.1557193
v 0.13833694 0.13639446 0.17766266
v 0.12354461 0.11360855 0.18325011
v 0.13833694 0.117073976 0.19094817
v 0.12354461 0.13302642 0.16989715
v 0.13833694 0.117073976 0.19094817
v 0.12612274 0.0924863 0.19378753
v 0.13833694 0.096470565 0.20214142
v 0.12354461 0.11360855 0.18325011
v 0.13833702 0.16983676 -0.14607361
v 0.12612274 0.17980845 -0.11724365
v 0.13833702 0.18756314 -0.12231842
v 0.12354461 0.16302605 -0.14068528
v 0.13833702 0.15364002 -0.16302826
v 0.12354461 0.16302605 -0.14068528
v 0.13833702 0.16983676 -0.14607361
v 0.12354461 0.14596237 -0.15883881
v 0.13833702 0.13575955 -0.17819732
v 0.12354461 0.14596237 -0.15883881
v 0.13833702 0.15364002 -0.16302826
v 0.12612274 0.13014926 -0.17080948
v 0.13833702 0.20214671 -0.09651458
v 0.12354461 0.20252582 -0.0746112
v 0.13833702 0.21112521 -0.07485382
v 0.12612274 0.19378856 -0.09250763
v 0.13833702 0.21112521 -0.07485382
v 0.12354461 0.20926845 -0.051869504
v 0.13833702 0.21779026 -0.05237335
v 0.12354461 0.20252582 -0.0746112
v 0.13833702 0.21779026 -0.05237335
v 0.12612274 0.21288647 -0.028093262
v 0.13833702 0.22206882 -0.029319152
v 0.12354461 0.20926845 -0.051869504
v 0.13833702 -0.08643208 -0.20669876
v 0.12612274 -0.055937998 -0.2072554
v 0.13833702 -0.058361858 -0.21621658
v 0.12354461 -0.083154865 -0.19866775
v 0.13833702 -0.10756198 -0.19653396
v 0.12354461 -0.083154865 -0.19866775
v 0.13833702 -0.08643208 -0.20669876
v 0.12354461 -0.10503956 -0.18835129
v 0.13833702 -0.12751369 -0.1842163
v 0.12354461 -0.10503956 -0.18835129
v 0.13833702 -0.10756198 -0.19653396
v 0.12612274 -0.12222774 -0.17657974
v 0.13833702 -0.029314237 -0.22211273
v 0.12354461 -0.0058102077 -0.21562897
v 0.13833702 -0.0059393733 -0.22395843
v 0.12612274 -0.028092312 -0.21290755
v 0.13833702 -0.0059393733 -0.22395843
v 0.12354461 0.018211856 -0.21500564
v 0.13833702 0.01750072 -0.22335036
v 0.12354461 -0.0058102077 -0.21562897
v 0.13833702 0.01750072 -0.22335036
v 0.12612274 0.03907047 -0.2111656
v 0.13833702 0.04074844 -0.2202954
v 0.12354461 0.018211856 -0.21500564
v 0.13833694 -0.22328146 0.018292846
v 0.12612274 -0.21439376 -0.010862731
v 0.13833694 -0.22365946 -0.011344757
v 0.12354461 -0.21468146 0.017278442
v 0.13833694 -0.22014406 0.041529845
v 0.12354461 -0.21468146 0.017278442
v 0.13833694 -0.22328146 0.018292846
v 0.12354461 -0.21164475 0.041181028
v 0.13833694 -0.2145946 0.06431152
v 0.12354461 -0.21164475 0.041181028
v 0.13833694 -0.22014406 0.041529845
v 0.12612274 -0.20570421 0.061661985
v 0.13833694 -0.22029062 -0.04079254
v 0.12354461 -0.20743045 -0.059535217
v 0.13833694 -0.21482246 -0.063593745
v 0.12612274 -0.21116471 -0.0390921
v 0.13833694 -0.21482246 -0.063593745
v 0.12290016 -0.20022272 -0.08237747
v 0.13833694 -0.2070011 -0.085698545
v 0.12354461 -0.20743045 -0.059535217
v 0.13833694 -0.2070011 -0.085698545
v 0.12612274 -0.18875328 -0.10242966
v 0.13833694 -0.19691192 -0.10686493
v 0.12290016 -0.20022272 -0.08237747
v 0.12354461 -0.12107117 0.17858185
v 0.012990651 -0.1454335 0.17036621
v 0.12354461 -0.13895515 0.16486603
v 0.012565312 -0.11956818 0.18913849
v 0.12354461 -0.047842983 0.20989472
v 0.012990574 -0.02850037 0.22217804
v 0.012565312 -0.059782606 0.21562865
v 0.12354461 -0.024113202 0.21440399
v 0.12354461 -0.024113202 0.21440399
v 0.12354461 0.13302642 0.16989715
v 0.012990651 0.11708584 0.19096099
v 0.12354461 0.11360855 0.18325011
v 0.012565312 0.1429327 0.17216216
v 0.12354461 0.18473445 0.110530086
v 0.012990651 0.20249622 0.09576202
v 0.012565312 0.18660137 0.123489074
v 0.12354461 0.19701938 0.08816711
v 0.12354461 0.20926845 -0.051869504
v 0.12354461 0.20252582 -0.0746112
v 0.012990651 0.21779606 -0.052345887
v 0.12354461 0.20926845 -0.051869504
v 0.012565312 0.20790416 -0.08273651
v 0.12354461 0.16302605 -0.14068528
v 0.12354461 0.16302605 -0.14068528
v 0.012990651 0.15364933 -0.16299407
v 0.012565312 0.17510745 -0.13930847
v 0.12354461 0.14596237 -0.15883881
v 0.12354461 0.018211856 -0.21500564
v 0.12354461 -0.083154865 -0.19866775
v 0.012990651 -0.10753693 -0.1964978
v 0.012565312 -0.07837986 -0.20958632
v 0.12354461 -0.10503956 -0.18835129
v 0.12354461 -0.10503956 -0.18835129
v 0.12354461 -0.21468146 0.017278442
v 0.012990651 -0.22011182 0.041551817
v 0.012565312 -0.2235495 0.009777222
v 0.12354461 -0.21164475 0.041181028
v 0.12354461 -0.21164475 0.041181028
v 0.0043415115 -0.038840566 0.0010269164
v 0.0028691909 -0.03558037 0.008551636
v 0.0043415115 -0.037778363 0.0090795895
v 0.0028691909 -0.03658089 9.67102E-4
v 0.0028691909 -0.033025023 0.01576233
v 0.0043415115 -0.035065006 0.016736144
v 0.0028691909 -0.029026227 0.022283936
v 0.0043415115 -0.030819172 0.023660583
v 0.0028691909 -0.023758968 0.027832031
v 0.0043415115 -0.02522652 0.029551085
v 0.0028691909 -0.017453006 0.03216339
v 0.0043415115 -0.018531192 0.034150388
v 0.0028691909 -0.010384525 0.035089415
v 0.0043415115 -0.011026004 0.037256774
v 0.0028691909 -0.0028619803 0.036481626
v 0.0043415115 -0.00303883 0.038735047
v 0.0028691909 0.004785343 0.036279295
v 0.0043415115 0.00508102 0.038520508
v 0.0028691909 0.012223584 0.034491576
v 0.0043415115 0.012978703 0.036622312
v 0.0028691909 0.019127727 0.031196289
v 0.0043415115 0.020309482 0.03312378
v 0.0028691909 0.02519588 0.02653778
v 0.0043415115 0.026752124 0.028177185
v 0.0028691909 0.030162806 0.020719605
v 0.0043415115 0.032026093 0.021999206
v 0.0028691909 0.033811565 0.013995361
v 0.0043415115 0.035900034 0.014859924
v 0.0028691909 0.03598247 0.006659546
v 0.0043415115 0.038205333 0.0070715332
v 0.0028691909 0.036580577 -9.667968E-4
v 0.0043415115 0.038840286 -0.0010269164
v 0.0028691909 0.03558021 -0.008551636
v 0.0043415115 0.037778314 -0.009079284
v 0.0028691909 0.033024784 -0.015762024
v 0.0043415115 0.035064694 -0.016735839
v 0.0028691909 0.029025989 -0.022283936
v 0.0043415115 0.030818857 -0.023660278
v 0.0028691909 0.023758654 -0.027831726
v 0.0043415115 0.025226206 -0.029551085
v 0.0028691909 0.017452808 -0.03216339
v 0.0043415115 0.01853088 -0.034150086
v 0.0028691909 0.010384289 -0.03508911
v 0.0043415115 0.011025844 -0.037256774
v 0.0028691909 0.0028618963 -0.036481626
v 0.0043415115 0.0030387458 -0.03873474
v 0.0028691909 -0.0047855033 -0.036279295
v 0.0043415115 -0.0050812573 -0.038520508
v 0.0028691909 -0.012223857 -0.03449127
v 0.0043415115 -0.012978862 -0.03662201
v 0.0028691909 -0.019127963 -0.031196289
v 0.0043415115 -0.020309491 -0.033123475
v 0.0028691909 -0.025196042 -0.026537474
v 0.0043415115 -0.026752476 -0.02817688
v 0.0028691909 -0.030163044 -0.0207193
v 0.0043415115 -0.032026257 -0.021999206
v 0.0028691909 -0.03381161 -0.013995361
v 0.0043415115 -0.035900272 -0.014859924
v 0.0028691909 -0.03598244 -0.006659546
v 0.0043415115 -0.03820523 -0.0070709228
v 0.0028691909 -0.03658089 9.67102E-4
v 4.3478416E-9 -3.8982364E-9 -8.5265126E-16
v 0.0028691909 -0.03558037 0.008551636
v 0.0028691909 -0.033025023 0.01576233
v 0.0028691909 -0.029026227 0.022283936
v 0.0028691909 -0.023758968 0.027832031
v 0.0028691909 -0.017453006 0.03216339
v 0.0028691909 -0.010384525 0.035089415
v 0.0028691909 -0.0028619803 0.036481626
v 0.0028691909 0.004785343 0.036279295
v 0.0028691909 0.012223584 0.034491576
v 0.0028691909 0.019127727 0.031196289
v 0.0028691909 0.02519588 0.02653778
v 0.0028691909 0.030162806 0.020719605
v 0.0028691909 0.033811565 0.013995361
v 0.0028691909 0.03598247 0.006659546
v 0.0028691909 0.036580577 -9.667968E-4
v 0.0028691909 0.03558021 -0.008551636
v 0.0028691909 0.033024784 -0.015762024
v 0.0028691909 0.029025989 -0.022283936
v 0.0028691909 0.023758654 -0.027831726
v 0.0028691909 0.017452808 -0.03216339
v 0.0028691909 0.010384289 -0.03508911
v 0.0028691909 0.0028618963 -0.036481626
v 0.0028691909 -0.0047855033 -0.036279295
v 0.0028691909 -0.012223857 -0.03449127
v 0.0028691909 -0.019127963 -0.031196289
v 0.0028691909 -0.025196042 -0.026537474
v 0.0028691909 -0.030163044 -0.0207193
v 0.0028691909 -0.03381161 -0.013995361
v 0.0028691909 -0.03598244 -0.006659546
v 0.0046907086 -0.022124294 -0.05223419
v 0.024572682 -0.014237636 -0.046897277
v 0.024638828 -0.022124294 -0.05223419
v 0.0046907086 -0.022124294 -0.05223419
v 0.0046907086 -0.014390835 -0.045935363
v 0.0046907086 -0.014390835 -0.045935363
v 0.024638828 -0.005069241 -0.049483337
v 0.024572682 -0.014237636 -0.046897277
v 0.0046907086 -0.005069241 -0.049483337
v 0.024638828 -0.005069241 -0.049483337
v 0.0046907086 -0.005069241 -0.049483337
v 0.024638828 -0.003481106 -0.059330292
v 0.024638828 -0.005069241 -0.049483337
v 0.0046907086 -0.003481106 -0.059330292
v 0.0046907086 -0.003481106 -0.059330292
v 0.024638828 -0.011214526 -0.06562897
v 0.024638828 -0.003481106 -0.059330292
v 0.0046907086 -0.003481106 -0.059330292
v 0.0046907086 -0.011214526 -0.06562897
v 0.0046907086 -0.011214526 -0.06562897
v 0.024638828 -0.020536121 -0.06208084
v 0.024638828 -0.011214526 -0.06562897
v 0.0046907086 -0.011214526 -0.06562897
v 0.0046907086 -0.020536121 -0.06208084
v 0.024638828 -0.020536121 -0.06208084
v 0.0046907086 -0.020536121 -0.06208084
v 0.024638828 -0.022124294 -0.05223419
v 0.024638828 -0.020536121 -0.06208084
v 0.0046907086 -0.022124294 -0.05223419
v -0.0041580917 -0.018760037 -0.05344116
v -0.0041580917 -0.013829769 -0.049425658
v -0.004224315 -0.016832888 -0.051123045
v -0.004224315 -0.0128027 -0.055782318
v -0.0041580917 -0.0078869285 -0.051687315
v -0.004224315 -0.010495685 -0.050071716
v -0.0041580917 -0.006874432 -0.057965238
v -0.004224315 -0.006718525 -0.054833677
v -0.0041580917 -0.011804813 -0.061980743
v -0.004224315 -0.008927464 -0.060567472
v -0.0041580917 -0.017747654 -0.059718933
v -0.004224315 -0.015622218 -0.061297607
v -0.004224315 -0.018895533 -0.05667694
v -0.003193126 -0.019883808 -0.053013608
v -0.003254924 -0.017594837 -0.050242003
v 0.0047161146 -0.019883808 -0.053013608
v 0.0046907086 -0.017594837 -0.050242003
v -0.003193126 -0.014021266 -0.04823883
v -0.003254924 -0.010059437 -0.048992004
v 0.0047161146 -0.014021266 -0.04823883
v 0.0046907086 -0.010059437 -0.048992004
v -0.003193126 -0.005750851 -0.058392942
v -0.003254924 -0.008194813 -0.06147247
v 0.0047161146 -0.005750851 -0.058392942
v 0.0046907086 -0.008194813 -0.06147247
v 0.0047161146 -0.0116134295 -0.06316788
v -0.003254924 -0.020047612 -0.05684616
v 0.0046907086 -0.020047612 -0.05684616
v 0.0047161146 -0.018679736 -0.060478058
v -0.003193126 -0.018679736 -0.060478058
v -0.003254924 -0.0161554 -0.062340543
v 0.0046907086 -0.0161554 -0.062340543
v -0.003193126 -0.0116134295 -0.06316788
v 0.0047161146 -0.0116134295 -0.06316788
v 0.0046907086 -0.017594837 -0.050242003
v 0.0046907086 -0.014390835 -0.045935363
v 0.0046907086 -0.022124294 -0.05223419
v 0.0047161146 -0.014021266 -0.04823883
v 0.0046907086 -0.010059437 -0.048992004
v 0.0046907086 -0.005069241 -0.049483337
v 0.0047161146 -0.0069548455 -0.050928343
v 0.0046907086 -0.005568051 -0.054654233
v 0.0046907086 -0.003481106 -0.059330292
v 0.0047161146 -0.005750851 -0.058392942
v 0.0046907086 -0.008194813 -0.06147247
v 0.0046907086 -0.011214526 -0.06562897
v 0.0047161146 -0.0116134295 -0.06316788
v 0.0047161146 -0.019883808 -0.053013608
v 0.0046907086 -0.020047612 -0.05684616
v 0.0046907086 -0.020536121 -0.06208084
v 0.0046907086 -0.0161554 -0.062340543
v 0.0047161146 -0.018679736 -0.060478058
v 0.0047161146 -0.0069548455 -0.050928343
v -0.003254924 -0.005568051 -0.054654233
v 0.0046907086 -0.005568051 -0.054654233
v -0.003193126 -0.0069548455 -0.050928343
v 0.0046907086 -0.05662518 0.0033905029
v 0.024572682 -0.048958972 -0.0022583008
v 0.024638828 -0.05662518 0.0033905029
v 0.0046907086 -0.05662518 0.0033905029
v 0.0046907086 -0.04810368 -0.0017922973
v 0.0046907086 -0.04810368 -0.0017922973
v 0.024638828 -0.048331454 -0.011763915
v 0.024572682 -0.048958972 -0.0022583008
v 0.0046907086 -0.048331454 -0.011763915
v 0.024638828 -0.048331454 -0.011763915
v 0.0046907086 -0.048331454 -0.011763915
v 0.024638828 -0.05708092 -0.016552124
v 0.024638828 -0.048331454 -0.011763915
v 0.0046907086 -0.05708092 -0.016552124
v 0.0046907086 -0.05708092 -0.016552124
v 0.024638828 -0.065602496 -0.011369018
v 0.024638828 -0.05708092 -0.016552124
v 0.0046907086 -0.05708092 -0.016552124
v 0.0046907086 -0.065602496 -0.011369018
v 0.0046907086 -0.065602496 -0.011369018
v 0.024638828 -0.065374605 -0.001397705
v 0.024638828 -0.065602496 -0.011369018
v 0.0046907086 -0.065602496 -0.011369018
v 0.0046907086 -0.065374605 -0.001397705
v 0.024638828 -0.065374605 -0.001397705
v 0.0046907086 -0.065374605 -0.001397705
v 0.024638828 -0.05662518 0.0033905029
v 0.024638828 -0.065374605 -0.001397705
v 0.0046907086 -0.05662518 0.0033905029
v -0.0041580917 -0.05663819 -1.8341064E-4
v -0.0041580917 -0.05120545 -0.003487854
v -0.004224315 -0.053809132 -0.0012249756
v -0.004224315 -0.05685303 -0.0065808105
v -0.0041580917 -0.05135075 -0.009844971
v -0.004224315 -0.05069977 -0.0068460084
v -0.0041580917 -0.05692883 -0.012897644
v -0.004224315 -0.053925175 -0.011997986
v -0.0041580917 -0.06236157 -0.009593201
v -0.004224315 -0.06006764 -0.01183258
v -0.0041580917 -0.06221615 -0.003236389
v -0.004224315 -0.06299366 -0.005767212
v -0.004224315 -0.059733126 -0.0011373902
v -0.003193126 -0.056610838 0.0010183715
v -0.003254924 -0.05323357 -2.1240234E-4
v 0.0047161146 -0.056610838 0.0010183715
v 0.0046907086 -0.05323357 -2.1240234E-4
v -0.003193126 -0.050150722 -0.0029104613
v -0.003254924 -0.04953644 -0.006896362
v 0.0047161146 -0.050150722 -0.0029104613
v 0.0046907086 -0.04953644 -0.006896362
v -0.003193126 -0.05695637 -0.014099731
v -0.003254924 -0.060675588 -0.012825928
v 0.0047161146 -0.05695637 -0.014099731
v 0.0046907086 -0.060675588 -0.012825928
v 0.0047161146 -0.06341633 -0.010170593
v -0.003254924 -0.060277674 -1.083374E-4
v 0.0046907086 -0.060277674 -1.083374E-4
v 0.0047161146 -0.063243374 -0.0026113892
v -0.003193126 -0.063243374 -0.0026113892
v -0.003254924 -0.06415478 -0.0056134034
v 0.0046907086 -0.06415478 -0.0056134034
v -0.003193126 -0.06341633 -0.010170593
v 0.0047161146 -0.06341633 -0.010170593
v 0.0046907086 -0.05323357 -2.1240234E-4
v 0.0046907086 -0.04810368 -0.0017922973
v 0.0046907086 -0.05662518 0.0033905029
v 0.0047161146 -0.050150722 -0.0029104613
v 0.0046907086 -0.04953644 -0.006896362
v 0.0046907086 -0.048331454 -0.011763915
v 0.0047161146 -0.050323527 -0.010469666
v 0.0046907086 -0.053371508 -0.0130221555
v 0.0046907086 -0.05708092 -0.016552124
v 0.0047161146 -0.05695637 -0.014099731
v 0.0046907086 -0.060675588 -0.012825928
v 0.0046907086 -0.065602496 -0.011369018
v 0.0047161146 -0.06341633 -0.010170593
v 0.0047161146 -0.056610838 0.0010183715
v 0.0046907086 -0.060277674 -1.083374E-4
v 0.0046907086 -0.065374605 -0.001397705
v 0.0046907086 -0.06415478 -0.0056134034
v 0.0047161146 -0.063243374 -0.0026113892
v 0.0047161146 -0.050323527 -0.010469666
v -0.003254924 -0.053371508 -0.0130221555
v 0.0046907086 -0.053371508 -0.0130221555
v -0.003193126 -0.050323527 -0.010469666
v 0.0046907086 -0.015081485 0.054685056
v 0.024572682 -0.017951472 0.04560486
v 0.024638828 -0.015081485 0.054685056
v 0.0046907086 -0.015081485 0.054685056
v 0.0046907086 -0.017234195 0.04494598
v 0.0046907086 -0.017234195 0.04494598
v 0.024638828 -0.026744656 0.04194061
v 0.024572682 -0.017951472 0.04560486
v 0.0046907086 -0.026744656 0.04194061
v 0.024638828 -0.026744656 0.04194061
v 0.0046907086 -0.026744656 0.04194061
v 0.024638828 -0.034102596 0.04867462
v 0.024638828 -0.026744656 0.04194061
v 0.0046907086 -0.034102596 0.04867462
v 0.0046907086 -0.034102596 0.04867462
v 0.024638828 -0.031949848 0.05841339
v 0.024638828 -0.034102596 0.04867462
v 0.0046907086 -0.034102596 0.04867462
v 0.0046907086 -0.031949848 0.05841339
v 0.0046907086 -0.031949848 0.05841339
v 0.024638828 -0.022439275 0.06141876
v 0.024638828 -0.031949848 0.05841339
v 0.0046907086 -0.031949848 0.05841339
v 0.0046907086 -0.022439275 0.06141876
v 0.024638828 -0.022439275 0.06141876
v 0.0046907086 -0.022439275 0.06141876
v 0.024638828 -0.015081485 0.054685056
v 0.024638828 -0.022439275 0.06141876
v 0.0046907086 -0.015081485 0.054685056
v -0.0041580917 -0.018468402 0.053542785
v -0.0041580917 -0.019840777 0.04733398
v -0.004224315 -0.01854008 0.05052887
v -0.004224315 -0.024592021 0.051679686
v -0.0041580917 -0.025903974 0.04541809
v -0.004224315 -0.022855649 0.045770567
v -0.0041580917 -0.03059483 0.049710996
v -0.004224315 -0.028773045 0.04715881
v -0.0041580917 -0.029222416 0.0559198
v -0.004224315 -0.03060078 0.05302551
v -0.0041580917 -0.023159146 0.05783569
v -0.004224315 -0.025805477 0.057753906
v -0.004224315 -0.020370908 0.056163635
v -0.003193126 -0.017321857 0.05390503
v -0.003254924 -0.017395785 0.05031128
v 0.0047161146 -0.017321857 0.05390503
v 0.0046907086 -0.017395785 0.05031128
v -0.003193126 -0.018953783 0.046522215
v -0.003254924 -0.022527356 0.04465332
v 0.0047161146 -0.018953783 0.046522215
v 0.0046907086 -0.022527356 0.04465332
v -0.003193126 -0.03174126 0.049348753
v -0.003254924 -0.031737026 0.05328003
v 0.0047161146 -0.03174126 0.049348753
v 0.0046907086 -0.031737026 0.05328003
v 0.0047161146 -0.03010941 0.056731567
v -0.003254924 -0.019572757 0.05701141
v 0.0046907086 -0.019572757 0.05701141
v 0.0047161146 -0.022899594 0.059009705
v -0.003193126 -0.022899594 0.059009705
v -0.003254924 -0.026034854 0.058902588
v 0.0046907086 -0.026034854 0.058902588
v -0.003193126 -0.03010941 0.056731567
v 0.0047161146 -0.03010941 0.056731567
v 0.0046907086 -0.017395785 0.05031128
v 0.0046907086 -0.017234195 0.04494598
v 0.0046907086 -0.015081485 0.054685056
v 0.0047161146 -0.018953783 0.046522215
v 0.0046907086 -0.022527356 0.04465332
v 0.0046907086 -0.026744656 0.04194061
v 0.0047161146 -0.026163526 0.04424377
v 0.0046907086 -0.029563565 0.04630432
v 0.0046907086 -0.034102596 0.04867462
v 0.0047161146 -0.03174126 0.049348753
v 0.0046907086 -0.031737026 0.05328003
v 0.0046907086 -0.031949848 0.05841339
v 0.0047161146 -0.03010941 0.056731567
v 0.0047161146 -0.017321857 0.05390503
v 0.0046907086 -0.019572757 0.05701141
v 0.0046907086 -0.022439275 0.06141876
v 0.0046907086 -0.026034854 0.058902588
v 0.0047161146 -0.022899594 0.059009705
v 0.0047161146 -0.026163526 0.04424377
v -0.003254924 -0.029563565 0.04630432
v 0.0046907086 -0.029563565 0.04630432
v -0.003193126 -0.026163526 0.04424377
v 0.0046907086 0.04783733 0.030486755
v 0.024572682 0.038314965 0.030561524
v 0.024638828 0.04783733 0.030486755
v 0.0046907086 0.04783733 0.030486755
v 0.0046907086 0.037895884 0.029682312
v 0.0046907086 0.037895884 0.029682312
v 0.024638828 0.03222812 0.037889402
v 0.024572682 0.038314965 0.030561524
v 0.0046907086 0.03222812 0.037889402
v 0.024638828 0.03222812 0.037889402
v 0.0046907086 0.03222812 0.037889402
v 0.024638828 0.036502223 0.04690155
v 0.024638828 0.03222812 0.037889402
v 0.0046907086 0.036502223 0.04690155
v 0.0046907086 0.036502223 0.04690155
v 0.024638828 0.04644378 0.047705993
v 0.024638828 0.036502223 0.04690155
v 0.0046907086 0.036502223 0.04690155
v 0.0046907086 0.04644378 0.047705993
v 0.0046907086 0.04644378 0.047705993
v 0.024638828 0.052111313 0.0394989
v 0.024638828 0.04644378 0.047705993
v 0.0046907086 0.04644378 0.047705993
v 0.0046907086 0.052111313 0.0394989
v 0.024638828 0.052111313 0.0394989
v 0.0046907086 0.052111313 0.0394989
v 0.024638828 0.04783733 0.030486755
v 0.024638828 0.052111313 0.0394989
v 0.0046907086 0.04783733 0.030486755
v -0.0041580917 0.045750346 0.033388365
v -0.0041580917 0.039412264 0.032875367
v -0.004224315 0.042848468 0.03257141
v -0.004224315 0.042169794 0.03869415
v -0.0041580917 0.03579906 0.03810791
v -0.004224315 0.03703197 0.035297852
v -0.0041580917 0.03852386 0.043853454
v -0.004224315 0.036619905 0.041362
v -0.0041580917 0.044861864 0.044366147
v -0.004224315 0.04169025 0.044833068
v -0.0041580917 0.048474994 0.039133605
v -0.004224315 0.047619164 0.041639097
v -0.004224315 0.0476963 0.035977174
v -0.003193126 0.04643344 0.032398988
v -0.003254924 0.042976756 0.031413574
v 0.0047161146 0.04643344 0.032398988
v 0.0046907086 0.042976756 0.031413574
v -0.003193126 0.038897127 0.031789243
v -0.003254924 0.03606048 0.03465576
v 0.0047161146 0.038897127 0.031789243
v 0.0046907086 0.03606048 0.03465576
v -0.003193126 0.037840646 0.04484253
v -0.003254924 0.041599613 0.045993958
v 0.0047161146 0.037840646 0.04484253
v 0.0046907086 0.041599613 0.045993958
v 0.0047161146 0.045377 0.04545227
v -0.003254924 0.04874122 0.035463255
v 0.0046907086 0.04874122 0.035463255
v 0.0047161146 0.04967342 0.039230652
v -0.003193126 0.04967342 0.039230652
v -0.003254924 0.04864948 0.042195737
v 0.0046907086 0.04864948 0.042195737
v -0.003193126 0.045377 0.04545227
v 0.0047161146 0.045377 0.04545227
v 0.0046907086 0.042976756 0.031413574
v 0.0046907086 0.037895884 0.029682312
v 0.0046907086 0.04783733 0.030486755
v 0.0047161146 0.038897127 0.031789243
v 0.0046907086 0.03606048 0.03465576
v 0.0046907086 0.03222812 0.037889402
v 0.0047161146 0.03460067 0.03801086
v 0.0046907086 0.035570595 0.041866455
v 0.0046907086 0.036502223 0.04690155
v 0.0047161146 0.037840646 0.04484253
v 0.0046907086 0.041599613 0.045993958
v 0.0046907086 0.04644378 0.047705993
v 0.0047161146 0.045377 0.04545227
v 0.0047161146 0.04643344 0.032398988
v 0.0046907086 0.04874122 0.035463255
v 0.0046907086 0.052111313 0.0394989
v 0.0046907086 0.04864948 0.042195737
v 0.0047161146 0.04967342 0.039230652
v 0.0047161146 0.03460067 0.03801086
v -0.003254924 0.035570595 0.041866455
v 0.0046907086 0.035570595 0.041866455
v -0.003193126 0.03460067 0.03801086
v 0.0046907086 0.04314281 -0.036831666
v 0.024572682 0.040429566 -0.027703857
v 0.024638828 0.04314281 -0.036831666
v 0.0046907086 0.04314281 -0.036831666
v 0.0046907086 0.03946628 -0.027560119
v 0.0046907086 0.03946628 -0.027560119
v 0.024638828 0.04565738 -0.0197406
v 0.024572682 0.040429566 -0.027703857
v 0.0046907086 0.04565738 -0.0197406
v 0.024638828 0.04565738 -0.0197406
v 0.0046907086 0.04565738 -0.0197406
v 0.024638828 0.055525392 -0.021192322
v 0.024638828 0.04565738 -0.0197406
v 0.0046907086 0.055525392 -0.021192322
v 0.0046907086 0.055525392 -0.021192322
v 0.024638828 0.05920173 -0.030464172
v 0.024638828 0.055525392 -0.021192322
v 0.0046907086 0.055525392 -0.021192322
v 0.0046907086 0.05920173 -0.030464172
v 0.0046907086 0.05920173 -0.030464172
v 0.024638828 0.053010516 -0.03828369
v 0.024638828 0.05920173 -0.030464172
v 0.0046907086 0.05920173 -0.030464172
v 0.0046907086 0.053010516 -0.03828369
v 0.024638828 0.053010516 -0.03828369
v 0.0046907086 0.053010516 -0.03828369
v 0.024638828 0.04314281 -0.036831666
v 0.024638828 0.053010516 -0.03828369
v 0.0046907086 0.04314281 -0.036831666
v -0.0041580917 0.045307193 -0.03398773
v -0.0041580917 0.042963367 -0.028076477
v -0.004224315 0.043677248 -0.031451415
v -0.004224315 0.049333986 -0.029012145
v -0.0041580917 0.046910357 -0.02309143
v -0.004224315 0.044583812 -0.025091857
v -0.0041580917 0.053201556 -0.024016723
v -0.004224315 0.050262216 -0.022924805
v -0.0041580917 0.055545345 -0.029927978
v -0.004224315 0.0550645 -0.026758423
v -0.0041580917 0.0515982 -0.034913026
v -0.004224315 0.053743854 -0.03336212
v -0.004224315 0.04835189 -0.035091553
v -0.003193126 0.044560846 -0.03493042
v -0.003254924 0.042607646 -0.03191284
v 0.0047161146 0.044560846 -0.03493042
v 0.0046907086 0.042607646 -0.03191284
v -0.003193126 0.04177383 -0.02790161
v -0.003254924 0.043685563 -0.02435089
v 0.0047161146 0.04177383 -0.02790161
v 0.0046907086 0.043685563 -0.02435089
v -0.003193126 0.0539479 -0.02307434
v -0.003254924 0.05614799 -0.026332397
v 0.0047161146 0.0539479 -0.02307434
v 0.0046907086 0.05614799 -0.026332397
v 0.0047161146 0.05673492 -0.030102843
v -0.003254924 0.048166078 -0.036241148
v 0.0046907086 0.048166078 -0.036241148
v 0.0047161146 0.052041315 -0.036030885
v -0.003193126 0.052041315 -0.036030885
v -0.003254924 0.054577556 -0.034184873
v 0.0046907086 0.054577556 -0.034184873
v -0.003193126 0.05673492 -0.030102843
v 0.0047161146 0.05673492 -0.030102843
v 0.0046907086 0.042607646 -0.03191284
v 0.0046907086 0.03946628 -0.027560119
v 0.0046907086 0.04314281 -0.036831666
v 0.0047161146 0.04177383 -0.02790161
v 0.0046907086 0.043685563 -0.02435089
v 0.0046907086 0.04565738 -0.0197406
v 0.0047161146 0.04646724 -0.02197357
v 0.0046907086 0.050437767 -0.021773681
v 0.0046907086 0.055525392 -0.021192322
v 0.0047161146 0.0539479 -0.02307434
v 0.0046907086 0.05614799 -0.026332397
v 0.0046907086 0.05920173 -0.030464172
v 0.0047161146 0.05673492 -0.030102843
v 0.0047161146 0.044560846 -0.03493042
v 0.0046907086 0.048166078 -0.036241148
v 0.0046907086 0.053010516 -0.03828369
v 0.0046907086 0.054577556 -0.034184873
v 0.0047161146 0.052041315 -0.036030885
v 0.0047161146 0.04646724 -0.02197357
v -0.003254924 0.050437767 -0.021773681
v 0.0046907086 0.050437767 -0.021773681
v -0.003193126 0.04646724 -0.02197357
v -0.020814052 -0.060363278 0.2551407
v -0.026424326 -0.0995132 0.2606497
v -0.020814052 -0.09349056 0.24484222
v -0.026424326 -0.06424885 0.27161315
v -0.020814052 -0.033362772 0.26005247
v -0.026424326 -0.03550633 0.27684143
v -0.020814052 -0.0059962887 0.26211485
v -0.026424326 -0.0063746683 0.27903718
v -0.020814052 0.02143539 0.26130554
v -0.026424326 0.022826495 0.27817506
v -0.026424326 -0.13311051 0.24532013
v -0.020814052 -0.12505157 0.23044188
v -0.026424326 -0.15802379 0.23006225
v -0.020814052 -0.14845467 0.2161084
v -0.026424326 -0.18120506 0.21228331
v -0.020814052 -0.17023121 0.19940704
v -0.026424326 -0.20240124 0.19217926
v -0.020814052 -0.1901433 0.18052123
v -0.026424326 -0.22137983 0.16996917
v -0.020814052 -0.20797159 0.15965697
v -0.026424326 -0.2413049 0.14002074
v -0.020814052 -0.22668943 0.13152343
v -0.020814052 0.055349648 0.2558362
v -0.026424326 0.058929246 0.2723532
v -0.020814052 0.08757804 0.2471225
v -0.026424326 0.09323619 0.26307738
v -0.020814052 0.11292991 0.23661438
v -0.026424326 0.12022396 0.25189087
v -0.020814052 0.13704476 0.22351319
v -0.026424326 0.1458944 0.23794463
v -0.026424326 -0.25749615 0.107670896
v -0.020814052 -0.24189922 0.10113434
v -0.026424326 -0.26733935 0.08016479
v -0.020814052 -0.25114584 0.07529541
v -0.026424326 -0.27425402 0.0517807
v -0.020814052 -0.25764123 0.048631284
v -0.026424326 -0.27816287 0.022829741
v -0.020814052 -0.2613141 0.021434631
v -0.026424326 -0.27863392 -0.014096832
v -0.020814052 -0.26175594 -0.013254089
v -0.026424326 -0.27443674 -0.05078659
v -0.020814052 -0.2578131 -0.047720183
v -0.026424326 -0.26762432 -0.0791951
v -0.020814052 -0.25141317 -0.07440765
v -0.026424326 -0.25787893 -0.106736146
v -0.020814052 -0.24225879 -0.100279234
v -0.026424326 -0.24530841 -0.13310775
v -0.020814052 -0.23045002 -0.12505218
v -0.026424326 -0.2300503 -0.15802047
v -0.020814052 -0.21611656 -0.14845535
v -0.026424326 -0.20822635 -0.1864122
v -0.020814052 -0.1956153 -0.17512664
v -0.026424326 -0.18196157 -0.21162048
v -0.020814052 -0.17094238 -0.19880706
v -0.026424326 -0.1588441 -0.22948211
v -0.020814052 -0.14922538 -0.21558625
v -0.026424326 -0.13398528 -0.24482864
v -0.020814052 -0.12587371 -0.23000275
v -0.026424326 -0.107659034 -0.2574933
v -0.020814052 -0.101142384 -0.24190018
v -0.026424326 -0.07268551 -0.26935196
v -0.020814052 -0.068288766 -0.25303984
v -0.026424326 -0.03649479 -0.27669814
v -0.020814052 -0.034291003 -0.25994062
v -0.026424326 -0.0073708002 -0.27899748
v -0.020814052 -0.006932263 -0.26210096
v -0.026424326 0.0218333 -0.2782399
v -0.020814052 0.020502124 -0.26138932
v -0.026424326 0.050798677 -0.27443388
v -0.020814052 0.047712207 -0.25781402
v -0.026424326 0.07920703 -0.2676213
v -0.020814052 0.07439868 -0.25141448
v -0.026424326 0.11245125 -0.25582564
v -0.020814052 0.1056287 -0.24033356
v -0.026424326 0.1450444 -0.2384494
v -0.020814052 0.13624614 -0.22401062
v -0.026424326 0.169175 -0.22198288
v -0.020814052 0.15891437 -0.20854095
v -0.026424326 0.1914526 -0.20308304
v -0.020814052 0.17984195 -0.19078751
v -0.026424326 0.21163256 -0.18195908
v -0.020814052 0.19879924 -0.17094329
v -0.026424326 0.23371829 -0.1523616
v -0.020814052 0.219546 -0.1431395
v -0.026424326 0.2518883 -0.1202124
v -0.020814052 0.2366151 -0.11293823
v -0.026424326 0.26307505 -0.09322449
v -0.020814052 0.24712375 -0.087586366
v -0.026424326 0.2713792 -0.06521515
v -0.020814052 0.2549249 -0.061274413
v -0.026424326 0.27671024 -0.0364917
v -0.020814052 0.2599329 -0.034291685
v -0.026424326 0.27900928 -0.0073681637
v -0.020814052 0.2620927 -0.0069332886
v -0.026424326 0.27756268 0.027706603
v -0.020814052 0.26073346 0.02601654
v -0.026424326 0.27161023 0.06426086
v -0.020814052 0.2551414 0.06035492
v -0.026424326 0.26340634 0.0922995
v -0.020814052 0.24743496 0.08669434
v -0.026424326 0.25231594 0.11932647
v -0.020814052 0.23701702 0.112083435
v -0.026424326 0.2384611 0.145047
v -0.020814052 0.22400233 0.13624512
v -0.026424326 0.21713741 0.17519714
v -0.020814052 0.20397037 0.16456817
v -0.026424326 0.19217601 0.20241302
v -0.020814052 0.18052211 0.19013458
v -0.026424326 0.16996638 0.2213916
v -0.020814052 0.15965816 0.20796295
v -0.026424326 0.1458944 0.23794463
v -0.020814052 0.13704476 0.22351319
v -0.018239511 0.23986271 0.19354217
v -0.018239511 0.2634167 0.16023773
v -0.018239511 0.27872065 0.13182738
v -0.018239511 0.2909707 0.101973265
v -0.018239511 0.300033 0.07100219
v -0.018239511 0.21229076 0.22360413
v -0.018239511 0.18775722 0.24456787
v -0.018239511 0.16116786 0.2628528
v -0.018239511 0.30660814 0.03062439
v -0.018239511 0.3082059 -0.008119201
v -0.018239511 0.30566654 -0.040288694
v -0.018239437 0.29977787 -0.0720166
v -0.018239437 0.29060498 -0.10295532
v -0.018239437 0.2782484 -0.1327658
v -0.018239437 0.25817776 -0.16827789
v -0.018239437 0.233782 -0.20097075
v -0.018239437 0.21149127 -0.22430481
v -0.018239437 0.18688351 -0.24518065
v -0.018239437 0.16022858 -0.2633699
v -0.018239437 0.12422695 -0.28256422
v -0.018239437 0.08750561 -0.29559278
v -0.018239437 0.05612552 -0.3031183
v -0.018239437 0.024130816 -0.30732253
v -0.018239437 -0.008128361 -0.30815917
v -0.018239437 -0.040298045 -0.30561918
v -0.018239437 -0.080274545 -0.29750487
v -0.018239437 -0.11890606 -0.28440583
v -0.018239437 -0.1479859 -0.27041656
v -0.018239437 -0.1754444 -0.25346434
v -0.018239437 -0.20098037 -0.23373458
v -0.018239511 -0.22999226 -0.20588988
v -0.018239511 -0.2540988 -0.1745288
v -0.018239511 -0.27095288 -0.14701019
v -0.018239511 -0.28483808 -0.1178804
v -0.018239511 -0.29560274 -0.0874588
v -0.018239511 -0.3031278 -0.056078795
v -0.018239511 -0.3077638 -0.0155514525
v -0.018239511 -0.3072438 0.025236968
v -0.018239511 -0.3029255 0.05721649
v -0.018239511 -0.29528835 0.08856995
v -0.018239511 -0.28441522 0.11895263
v -0.018239511 -0.26653028 0.15468597
v -0.018239511 -0.24452129 0.18776672
v -0.018239511 -0.22355795 0.2122998
v -0.018239511 -0.20014411 0.23450744
v -0.018239511 -0.17453796 0.2541455
v -0.018239511 -0.14701927 0.27099976
v -0.018239511 -0.10990807 0.28793243
v -0.018239511 -0.070955165 0.3000421
v -0.018239511 -0.03920666 0.30581754
v -0.018239511 -0.0070280116 0.3082428
v -0.018239511 0.025227847 0.30729064
v -0.018239511 0.065106615 0.30086
v -0.018239511 0.10300205 0.290614
v -0.018239511 0.13281219 0.27825743
v -0.018239511 0.16116786 0.2628528
v -0.018239511 -0.070955165 0.3000421
v -0.012811656 -0.113743134 0.29799864
v -0.018239511 -0.10990807 0.28793243
v -0.012811656 -0.073429756 0.31053132
v -0.018239511 -0.03920666 0.30581754
v -0.012811656 -0.040571865 0.31650847
v -0.018239511 -0.0070280116 0.3082428
v -0.012811656 -0.0072687953 0.31901795
v -0.018239511 0.025227847 0.30729064
v -0.012811656 0.026113847 0.31803313
v -0.012811656 -0.152151 0.28047392
v -0.018239511 -0.14701927 0.27099976
v -0.012811656 -0.18063124 0.263031
v -0.018239511 -0.17453796 0.2541455
v -0.012811656 -0.20713256 0.24270691
v -0.018239511 -0.20014411 0.23450744
v -0.012811656 -0.23136388 0.2197232
v -0.018239511 -0.22355795 0.2122998
v -0.012811656 -0.25305945 0.1943335
v -0.018239511 -0.24452129 0.18776672
v -0.012811656 -0.2758374 0.16009644
v -0.018239511 -0.26653028 0.15468597
v -0.018239511 0.065106615 0.30086
v -0.012811656 0.067385934 0.31137726
v -0.018239511 0.10300205 0.290614
v -0.012811656 0.10660519 0.30077332
v -0.018239511 0.13281219 0.27825743
v -0.012811656 0.13745655 0.2879849
v -0.018239511 0.16116786 0.2628528
v -0.012811656 0.16680267 0.27204224
v -0.012811656 -0.29434723 0.12311493
v -0.018239511 -0.28441522 0.11895263
v -0.012811656 -0.30559975 0.09167083
v -0.018239511 -0.29528835 0.08856995
v -0.012811656 -0.31350407 0.059222106
v -0.018239511 -0.3029255 0.05721649
v -0.012811656 -0.31797305 0.026125792
v -0.018239511 -0.3072438 0.025236968
v -0.012811656 -0.3185112 -0.016087951
v -0.018239511 -0.3077638 -0.0155514525
v -0.01281158 -0.31371328 -0.05803085
v -0.018239511 -0.3031278 -0.056078795
v -0.01281158 -0.3059252 -0.09050751
v -0.018239511 -0.29560274 -0.0874588
v -0.01281158 -0.29478467 -0.12199203
v -0.018239511 -0.28483808 -0.1178804
v -0.01281158 -0.28041476 -0.15213928
v -0.018239511 -0.27095288 -0.14701019
v -0.01281158 -0.2629714 -0.18061966
v -0.018239511 -0.2540988 -0.1745288
v -0.01281158 -0.23802255 -0.21307647
v -0.018239511 -0.22999226 -0.20588988
v -0.01281158 -0.20799713 -0.24189438
v -0.018239437 -0.20098037 -0.23373458
v -0.01281158 -0.181569 -0.26231292
v -0.018239437 -0.1754444 -0.25346434
v -0.01281158 -0.1531517 -0.27985764
v -0.018239437 -0.1479859 -0.27041656
v -0.01281158 -0.12305546 -0.29433516
v -0.018239437 -0.11890606 -0.28440583
v -0.01281158 -0.08307423 -0.30789155
v -0.018239437 -0.080274545 -0.29750487
v -0.01281158 -0.0417017 -0.3162898
v -0.018239437 -0.040298045 -0.30561918
v -0.01281158 -0.008407787 -0.3189183
v -0.018239437 -0.008128361 -0.30815917
v -0.01281158 0.024978366 -0.3180525
v -0.018239437 0.024130816 -0.30732253
v -0.01281158 0.058091044 -0.31370178
v -0.018239437 0.05612552 -0.3031183
v -0.01281158 0.09056728 -0.30591324
v -0.018239437 0.08750561 -0.29559278
v -0.01281158 0.12857188 -0.29242918
v -0.018239437 0.12422695 -0.28256422
v -0.01281158 0.16583133 -0.27256468
v -0.018239437 0.16022858 -0.2633699
v -0.01281158 0.19341739 -0.25373977
v -0.018239437 0.18688351 -0.24518065
v -0.01281158 0.21888469 -0.23213455
v -0.018239437 0.21149127 -0.22430481
v -0.01281158 0.24195385 -0.20798554
v -0.018239437 0.233782 -0.20097075
v -0.01281158 0.26720217 -0.17415023
v -0.018239437 0.25817776 -0.16827789
v -0.01281158 0.28797397 -0.13739745
v -0.018239437 0.2782484 -0.1327658
v -0.01281158 0.3007622 -0.10654572
v -0.018239437 0.29060498 -0.10295532
v -0.01281158 0.31025547 -0.07452606
v -0.018239437 0.29977787 -0.0720166
v -0.01281158 0.31634983 -0.041689757
v -0.018239511 0.30566654 -0.040288694
v -0.01281158 0.3189787 -0.008395996
v -0.018239511 0.3082059 -0.008119201
v -0.01281158 0.31732416 0.03170105
v -0.018239511 0.30660814 0.03062439
v -0.01281158 0.3105199 0.07348907
v -0.018239511 0.300033 0.07100219
v -0.01281158 0.3011404 0.105542295
v -0.018239511 0.2909707 0.101973265
v -0.012811656 0.28846234 0.13643982
v -0.018239511 0.27872065 0.13182738
v -0.012811656 0.27262422 0.16584228
v -0.018239511 0.2634167 0.16023773
v -0.012811656 0.24824764 0.20031036
v -0.018239511 0.23986271 0.19354217
v -0.012811656 0.2197124 0.23142272
v -0.018239511 0.21229076 0.22360413
v -0.012811656 0.19432186 0.25311857
v -0.018239511 0.18775722 0.24456787
v -0.012811656 0.16680267 0.27204224
v -0.018239511 0.16116786 0.2628528
v -0.012811656 -0.073429756 0.31053132
v 0.083123244 -0.11654926 0.30536285
v -0.012811656 -0.113743134 0.29799864
v 0.083123244 -0.07524029 0.31820527
v -0.012811656 -0.040571865 0.31650847
v 0.083123244 -0.04157055 0.32432982
v -0.012811656 -0.0072687953 0.31901795
v 0.083123244 -0.007445225 0.32690156
v -0.012811656 0.026113847 0.31803313
v 0.083123244 0.026761966 0.3258917
v 0.083123244 -0.15590538 0.2874054
v -0.012811656 -0.152151 0.28047392
v 0.083123244 -0.18508886 0.26953217
v -0.012811656 -0.18063124 0.263031
v 0.083123244 -0.2122443 0.24870513
v -0.012811656 -0.20713256 0.24270691
v 0.083123244 -0.23707391 0.22515471
v -0.012811656 -0.23136388 0.2197232
v 0.083123244 -0.25930592 0.19913757
v -0.012811656 -0.25305945 0.1943335
v 0.083123244 -0.28264624 0.16405517
v -0.012811656 -0.2758374 0.16009644
v -0.012811656 0.067385934 0.31137726
v 0.083123244 0.06905326 0.31907257
v -0.012811656 0.10660519 0.30077332
v 0.083123244 0.10924137 0.30820677
v -0.012811656 0.13745655 0.2879849
v 0.083123244 0.14085452 0.29510224
v -0.012811656 0.16680267 0.27204224
v 0.083123244 0.17092556 0.27876526
v 0.083123244 -0.3016132 0.12615997
v -0.012811656 -0.29434723 0.12311493
v 0.083123244 -0.31314367 0.09393921
v -0.012811656 -0.30559975 0.09167083
v 0.083123244 -0.32124346 0.06069
v -0.012811656 -0.31350407 0.059222106
v 0.08312332 -0.32582298 0.026775207
v -0.012811656 -0.31797305 0.026125792
v 0.08312332 -0.32637408 -0.01648056
v -0.012811656 -0.3185112 -0.016087951
v 0.08312332 -0.32145786 -0.05945984
v -0.01281158 -0.31371328 -0.05803085
v 0.08312332 -0.3134774 -0.09273819
v -0.01281158 -0.3059252 -0.09050751
v 0.08312332 -0.30206195 -0.12500015
v -0.01281158 -0.29478467 -0.12199203
v 0.08312332 -0.28733638 -0.15589218
v -0.01281158 -0.28041476 -0.15213928
v 0.08312332 -0.26946276 -0.18507537
v -0.01281158 -0.2629714 -0.18061966
v 0.08312332 -0.24389766 -0.21833374
v -0.01281158 -0.23802255 -0.21307647
v 0.08312332 -0.21313076 -0.2478636
v -0.01281158 -0.20799713 -0.24189438
v 0.08312332 -0.1860499 -0.2687866
v -0.01281158 -0.181569 -0.26231292
v 0.08312332 -0.1569308 -0.28676468
v -0.01281158 -0.1531517 -0.27985764
v 0.08312332 -0.12609127 -0.3015999
v -0.01281158 -0.12305546 -0.29433516
v 0.08312332 -0.08512276 -0.31549117
v -0.01281158 -0.08307423 -0.30789155
v 0.08312332 -0.042727895 -0.32409638
v -0.01281158 -0.0417017 -0.3162898
v 0.08312332 -0.008611645 -0.32679
v -0.01281158 -0.008407787 -0.3189183
v 0.08312332 0.025598291 -0.3259027
v -0.01281158 0.024978366 -0.3180525
v 0.08312332 0.05952899 -0.3214444
v -0.01281158 0.058091044 -0.31370178
v 0.08312332 0.092806965 -0.31346327
v -0.01281158 0.09056728 -0.30591324
v 0.08312332 0.13175014 -0.29964644
v -0.01281158 0.12857188 -0.29242918
v 0.08312332 0.16992961 -0.2792912
v -0.01281158 0.16583133 -0.27256468
v 0.08312332 0.19819705 -0.26000166
v -0.01281158 0.19341739 -0.25373977
v 0.08312332 0.22429347 -0.237863
v -0.01281158 0.21888469 -0.23213455
v 0.08312332 0.24793293 -0.21311721
v -0.01281158 0.24195385 -0.20798554
v 0.08312332 0.27380404 -0.1784468
v -0.01281158 0.26720217 -0.17415023
v 0.08312332 0.29508916 -0.14078613
v -0.01281158 0.28797397 -0.13739745
v 0.08312332 0.30819285 -0.109172665
v -0.01281158 0.3007622 -0.10654572
v 0.08312332 0.3179207 -0.076362
v -0.01281158 0.31025547 -0.07452606
v 0.08312332 0.32416567 -0.04271484
v -0.01281158 0.31634983 -0.041689757
v 0.08312332 0.32685962 -0.008598328
v -0.01281158 0.3189787 -0.008395996
v 0.08312332 0.3251646 0.032488402
v -0.01281158 0.31732416 0.03170105
v 0.08312332 0.31819147 0.07530884
v -0.01281158 0.3105199 0.07348907
v 0.08312332 0.30858058 0.108153686
v -0.01281158 0.3011404 0.105542295
v 0.08312332 0.29559 0.13981414
v -0.012811656 0.28846234 0.13643982
v 0.08312332 0.27936038 0.16994323
v -0.012811656 0.27262422 0.16584228
v 0.083123244 0.25438145 0.20526184
v -0.012811656 0.24824764 0.20031036
v 0.083123244 0.22514111 0.23714325
v -0.012811656 0.2197124 0.23142272
v 0.083123244 0.19912387 0.25937468
v -0.012811656 0.19432186 0.25311857
v 0.083123244 0.17092556 0.27876526
v -0.012811656 0.16680267 0.27204224
v 0.17727485 0.16680267 0.27204224
v 0.17727485 0.19432186 0.25311857
v 0.17727485 0.2197124 0.23142272
v 0.17727485 0.24824764 0.20031036
v 0.17727485 0.27262422 0.16584228
v 0.17727485 0.28846234 0.13643982
v 0.17727485 0.3011404 0.105542295
v 0.17727485 0.3105199 0.07348907
v 0.17727485 0.31732416 0.03170105
v 0.17727485 0.3189787 -0.008395996
v 0.17727485 0.31634983 -0.041689757
v 0.17727493 0.31025547 -0.07452606
v 0.17727493 0.3007622 -0.10654572
v 0.17727493 0.28797397 -0.13739745
v 0.17727493 0.26720217 -0.17415023
v 0.17727493 0.24195385 -0.20798554
v 0.17727493 0.21888469 -0.23213455
v 0.17727493 0.19341739 -0.25373977
v 0.17727493 0.16583133 -0.27256468
v 0.17727493 0.12857188 -0.29242918
v 0.17727493 0.09056728 -0.30591324
v 0.17727493 0.058091044 -0.31370178
v 0.17727493 0.024978366 -0.3180525
v 0.17727493 -0.008407787 -0.3189183
v 0.17727493 -0.0417017 -0.3162898
v 0.17727493 -0.08307423 -0.30789155
v 0.17727493 -0.12305546 -0.29433516
v 0.17727493 -0.1531517 -0.27985764
v 0.17727493 -0.181569 -0.26231292
v 0.17727493 -0.20799713 -0.24189438
v 0.17727485 -0.23802255 -0.21307647
v 0.17727485 -0.2629714 -0.18061966
v 0.17727485 -0.28041476 -0.15213928
v 0.17727485 -0.29478467 -0.12199203
v 0.17727485 -0.3059252 -0.09050751
v 0.17727485 -0.31371328 -0.05803085
v 0.17727485 -0.3185112 -0.016087951
v 0.17727485 -0.31797305 0.026125792
v 0.17727485 -0.31350407 0.059222106
v 0.17727485 -0.30559975 0.09167083
v 0.17727485 -0.29434723 0.12311493
v 0.17727485 -0.2758374 0.16009644
v 0.17727485 -0.25305945 0.1943335
v 0.17727485 -0.23136388 0.2197232
v 0.17727485 -0.20713256 0.24270691
v 0.17727485 -0.18063124 0.263031
v 0.17727485 -0.152151 0.28047392
v 0.17727485 -0.113743134 0.29799864
v 0.17727485 -0.073429756 0.31053132
v 0.17727485 -0.040571865 0.31650847
v 0.17727485 -0.0072687953 0.31901795
v 0.17727485 0.026113847 0.31803313
v 0.17727485 0.067385934 0.31137726
v 0.17727485 0.10660519 0.30077332
v 0.17727485 0.13745655 0.2879849
v 0.17727485 0.16680267 0.27204224
v 0.17727485 -0.073429756 0.31053132
v 0.19613579 -0.105488166 0.2763391
v 0.17727485 -0.113743134 0.29799864
v 0.19613579 -0.06810307 0.28796172
v 0.17727485 -0.040571865 0.31650847
v 0.19613579 -0.03763222 0.29350492
v 0.17727485 -0.0072687953 0.31901795
v 0.19613579 -0.0067486996 0.2958319
v 0.17727485 0.026113847 0.31803313
v 0.19613579 0.024208482 0.2949182
v 0.19613579 -0.14110558 0.26008788
v 0.17727485 -0.152151 0.28047392
v 0.19613579 -0.16751678 0.24391204
v 0.17727485 -0.18063124 0.263031
v 0.19613579 -0.19209279 0.2250647
v 0.17727485 -0.20713256 0.24270691
v 0.19613579 -0.2145635 0.20375091
v 0.17727485 -0.23136388 0.2197232
v 0.19613579 -0.2346833 0.18020508
v 0.17727485 -0.25305945 0.1943335
v 0.19613579 -0.2558064 0.1484555
v 0.17727485 -0.2758374 0.16009644
v 0.17727485 0.067385934 0.31137726
v 0.19613579 0.062482256 0.28874603
v 0.17727485 0.10660519 0.30077332
v 0.19613579 0.098852344 0.27891266
v 0.17727485 0.13745655 0.2879849
v 0.19613579 0.1274628 0.2670535
v 0.17727485 0.16680267 0.27204224
v 0.19613579 0.15467685 0.25226897
v 0.19613579 -0.2729717 0.11416076
v 0.17727485 -0.29434723 0.12311493
v 0.19613579 -0.28340656 0.08500092
v 0.17727485 -0.30559975 0.09167083
v 0.19613579 -0.29073653 0.054909665
v 0.17727485 -0.31350407 0.059222106
v 0.19613579 -0.29488114 0.024217376
v 0.17727485 -0.31797305 0.026125792
v 0.19613579 -0.29538006 -0.014929199
v 0.17727485 -0.3185112 -0.016087951
v 0.19613579 -0.2909307 -0.05382553
v 0.17727485 -0.31371328 -0.05803085
v 0.19613586 -0.28370818 -0.08394241
v 0.17727485 -0.3059252 -0.09050751
v 0.19613586 -0.2733772 -0.113139644
v 0.17727485 -0.29478467 -0.12199203
v 0.19613586 -0.26005092 -0.14109634
v 0.17727485 -0.28041476 -0.15213928
v 0.19613586 -0.24387497 -0.16750778
v 0.17727485 -0.2629714 -0.18061966
v 0.19613586 -0.22073852 -0.1976065
v 0.17727485 -0.23802255 -0.21307647
v 0.19613586 -0.19289446 -0.22433105
v 0.17727493 -0.20799713 -0.24189438
v 0.19613586 -0.16838655 -0.24326675
v 0.17727493 -0.181569 -0.26231292
v 0.19613586 -0.14203346 -0.2595366
v 0.17727493 -0.1531517 -0.27985764
v 0.19613586 -0.1141238 -0.27296248
v 0.17727493 -0.12305546 -0.29433516
v 0.19613586 -0.077047125 -0.2855339
v 0.17727493 -0.08307423 -0.30789155
v 0.19613586 -0.038679928 -0.29332182
v 0.17727493 -0.0417017 -0.3162898
v 0.19613586 -0.007804989 -0.2957594
v 0.17727493 -0.008407787 -0.3189183
v 0.19613586 0.023155702 -0.29495665
v 0.17727493 0.024978366 -0.3180525
v 0.19613586 0.053862985 -0.29092163
v 0.17727493 0.058091044 -0.31370178
v 0.19613586 0.08397961 -0.28369918
v 0.17727493 0.09056728 -0.30591324
v 0.19613586 0.11922279 -0.27119505
v 0.17727493 0.12857188 -0.29242918
v 0.19613586 0.15377575 -0.25277343
v 0.17727493 0.16583133 -0.27256468
v 0.19613586 0.17935756 -0.23531616
v 0.17727493 0.19341739 -0.25373977
v 0.19613586 0.20297489 -0.2152803
v 0.17727493 0.21888469 -0.23213455
v 0.19613586 0.22436824 -0.19288574
v 0.17727493 0.24195385 -0.20798554
v 0.19613586 0.2477821 -0.16150878
v 0.17727493 0.26720217 -0.17415023
v 0.19613586 0.26704508 -0.12742554
v 0.17727493 0.28797397 -0.13739745
v 0.19613586 0.27890393 -0.09881561
v 0.17727493 0.3007622 -0.10654572
v 0.19613586 0.28770778 -0.0691217
v 0.17727493 0.31025547 -0.07452606
v 0.19613586 0.29335955 -0.038670957
v 0.17727485 0.31634983 -0.041689757
v 0.19613586 0.29579723 -0.0077957152
v 0.17727485 0.3189787 -0.008395996
v 0.19613579 0.29426318 0.029388122
v 0.17727485 0.31732416 0.03170105
v 0.19613579 0.28795275 0.06814026
v 0.17727485 0.3105199 0.07348907
v 0.19613579 0.27925548 0.097864985
v 0.17727485 0.3011404 0.105542295
v 0.19613579 0.26749766 0.12651733
v 0.17727485 0.28846234 0.13643982
v 0.19613579 0.2528107 0.15378417
v 0.17727485 0.27262422 0.16584228
v 0.19613579 0.23020434 0.18574768
v 0.17727485 0.24824764 0.20031036
v 0.19613579 0.20374218 0.21460022
v 0.17727485 0.2197124 0.23142272
v 0.19613579 0.18019664 0.23472016
v 0.17727485 0.19432186 0.25311857
v 0.19613579 0.15467685 0.25226897
v 0.17727485 0.16680267 0.27204224
v 0.19057678 0.13544574 0.22090942
v 0.19057678 0.15779491 0.20554137
v 0.1728299 0.12533528 0.20441437
v 0.1728299 0.14601918 0.19019164
v 0.19057678 0.1784154 0.18792175
v 0.1728299 0.16510333 0.17388366
v 0.19057678 0.20158985 0.1626535
v 0.1728299 0.1865507 0.15049866
v 0.19057678 0.2213876 0.13466094
v 0.1728299 0.20487331 0.12459198
v 0.19057678 0.23425014 0.11078216
v 0.1728299 0.21677783 0.10249237
v 0.19057678 0.24454655 0.08568908
v 0.1728299 0.2263065 0.0792691
v 0.19057678 0.2521635 0.059657287
v 0.1728299 0.23335621 0.055177305
v 0.19057678 0.2576903 0.025719909
v 0.1728299 0.23847096 0.023768615
v 0.19057678 0.25903353 -0.0068444824
v 0.1728299 0.23971409 -0.0063687135
v 0.19057685 0.2568983 -0.033883665
v 0.1728299 0.23773815 -0.031393737
v 0.19057685 0.25194865 -0.060551148
v 0.1728299 0.23315738 -0.05607391
v 0.19057685 0.24423893 -0.08655579
v 0.1728299 0.2260223 -0.08014069
v 0.19057685 0.23385318 -0.111611634
v 0.1728299 0.21641025 -0.10332977
v 0.19057685 0.21698382 -0.14145996
v 0.1728299 0.20079799 -0.13095382
v 0.19057685 0.19647892 -0.16893905
v 0.1728299 0.1818207 -0.15638535
v 0.19057685 0.1777434 -0.18855071
v 0.1728299 0.16448154 -0.17453583
v 0.19057685 0.15706016 -0.20609756
v 0.1728299 0.14533938 -0.19077514
v 0.19057685 0.13465664 -0.2213855
v 0.1728299 0.124604836 -0.20492385
v 0.19057685 0.10439666 -0.23751907
v 0.1728299 0.09659992 -0.21985443
v 0.19057685 0.07353221 -0.2484697
v 0.1728299 0.06803485 -0.22998993
v 0.19057685 0.047157053 -0.25479445
v 0.1728299 0.043625064 -0.23584335
v 0.19057685 0.020265078 -0.25832793
v 0.1728299 0.018737255 -0.23911361
v 0.19057685 -0.0068489113 -0.2590312
v 0.1728299 -0.006356472 -0.2397647
v 0.19057685 -0.03388783 -0.25689667
v 0.1728299 -0.031380735 -0.23778915
v 0.19057685 -0.06748875 -0.25007614
v 0.1728299 -0.062477384 -0.23147659
v 0.19057685 -0.09995876 -0.23906691
v 0.1728299 -0.09252834 -0.22128768
v 0.19057685 -0.12440059 -0.22730865
v 0.1728299 -0.115149036 -0.21040557
v 0.19057685 -0.14747982 -0.21306014
v 0.1728299 -0.13650833 -0.19721892
v 0.19057685 -0.168943 -0.19647735
v 0.1728299 -0.1563725 -0.18187103
v 0.19057685 -0.19332767 -0.17307326
v 0.1728299 -0.17893995 -0.16021164
v 0.19057685 -0.21358974 -0.1467137
v 0.1728299 -0.19769213 -0.1358165
v 0.19057685 -0.22775562 -0.12358383
v 0.1728299 -0.2108025 -0.11440994
v 0.19057685 -0.23942634 -0.09910034
v 0.1728299 -0.22160356 -0.09175049
v 0.19057678 -0.24847385 -0.07353088
v 0.1728299 -0.22997701 -0.06808639
v 0.19057678 -0.25479898 -0.047155607
v 0.1728299 -0.2358308 -0.043676298
v 0.19057678 -0.25869557 -0.013091736
v 0.1728299 -0.23943724 -0.012150726
v 0.19057678 -0.25825846 0.021191405
v 0.1728299 -0.23903257 0.01957794
v 0.19057678 -0.254629 0.04807037
v 0.1728299 -0.23567358 0.04445404
v 0.19057678 -0.24820977 0.07442352
v 0.1728299 -0.22973281 0.068843074
v 0.19057678 -0.2390713 0.09996033
v 0.1728299 -0.22127506 0.09247742
v 0.19057678 -0.22403874 0.1299942
v 0.1728299 -0.20736234 0.12027343
v 0.19057678 -0.20553967 0.15779968
v 0.1728299 -0.19024192 0.14600646
v 0.19057678 -0.18791969 0.1784198
v 0.1728299 -0.1739347 0.16509032
v 0.19057678 -0.16824082 0.19708526
v 0.1728299 -0.15572193 0.1823648
v 0.19057678 -0.14671813 0.2135913
v 0.1728299 -0.13580333 0.19764099
v 0.19057678 -0.1235886 0.22775726
v 0.1728299 -0.11439712 0.21075164
v 0.19057678 -0.09239559 0.24198943
v 0.1728299 -0.0855294 0.22392334
v 0.19057678 -0.059655346 0.25216797
v 0.1728299 -0.055228543 0.2333435
v 0.19057678 -0.032970395 0.25702208
v 0.1728299 -0.030531581 0.23783599
v 0.19057678 -0.0059238095 0.25906035
v 0.1728299 -0.005500416 0.23972198
v 0.19057678 0.021187091 0.2582605
v 0.1728299 0.01959064 0.23898193
v 0.19057678 0.054705806 0.2528549
v 0.1728299 0.05061126 0.2339795
v 0.19057678 0.086557195 0.24424346
v 0.1728299 0.0800901 0.2260092
v 0.19057678 0.11161312 0.23385711
v 0.1728299 0.103278615 0.21639739
v 0.19057678 0.13544574 0.22090942
v 0.1728299 0.12533528 0.20441437
vn 0.40989804 -0.7899692 -0.45599583
vn 0.40989804 -0.7899692 -0.4559959
vn 0.409898 -0.7899692 -0.45599583
vn 0.40989804 -0.7899692 -0.45599583
vn 0.99950385 0.009208233 -0.030119713
vn 0.99950385 0.009208233 -0.030119713
vn 0.99950385 0.009208232 -0.030119715
vn 0.99950385 0.009208233 -0.030119717
vn 0.98920643 0.023821134 0.14457946
vn 0.98920643 0.023821129 0.14457946
vn 0.98920643 0.02382113 0.14457944
vn 0.98920643 0.023821132 0.14457947
vn 0.96239513 0.17567816 0.20720224
vn 0.96239513 0.17567815 0.20720226
vn 0.96239513 0.17567816 0.20720224
vn 0.96518254 0.20122626 0.16712464
vn 0.96518254 0.20122628 0.16712464
vn 0.93228346 0.3185738 0.17134269
vn 0.93228346 0.3185738 0.17134269
vn 0.93228346 0.31857383 0.17134269
vn 0.93228346 0.31857383 0.17134267
vn 0.8180598 0.49828035 0.28721908
vn 0.8180598 0.4982804 0.28721908
vn 0.8180598 0.4982804 0.28721908
vn 0.8180598 0.4982804 0.28721908
vn 0.80676615 0.5174292 0.28529888
vn 0.53369343 0.76351327 0.36361906
vn 0.53369343 0.76351327 0.3636191
vn 0.53369343 0.7635133 0.36361903
vn 0.8625983 0.34250528 0.37230945
vn 0.86259824 0.3425053 0.37230948
vn 0.86259824 0.3425053 0.37230948
vn 0.6963661 0.6017954 0.39104542
vn 0.6963661 0.60179543 0.39104545
vn 0.69636613 0.60179543 0.39104542
vn 0.55128896 -0.730889 -0.40234533
vn 0.55128896 -0.730889 -0.40234533
vn 0.55128896 -0.730889 -0.40234536
vn 0.55128896 -0.730889 -0.40234533
vn 0.81066835 0.44460574 0.3809758
vn 0.81066835 0.44460574 0.38097578
vn 0.81066835 0.44460574 0.38097575
vn 0.45465112 0.4543838 0.7660468
vn 0.45465118 0.45438376 0.7660468
vn 0.45465124 0.4543838 0.76604676
vn 0.6559001 0.4429823 0.611197
vn 0.65590006 0.44298238 0.611197
vn 0.6559001 0.44298232 0.611197
vn 0.73685014 0.40192094 0.5436097
vn 0.7368502 0.40192094 0.5436096
vn 0.7368502 0.40192088 0.5436097
vn 0.7368502 0.40192088 0.5436097
vn 0.8514129 0.31103948 0.42231563
vn 0.8514129 0.31103954 0.42231563
vn 0.8514129 0.31103948 0.4223156
vn 0.9322832 0.20477171 0.2981889
vn 0.9322832 0.20477174 0.29818892
vn 0.93228316 0.20477176 0.29818892
vn 0.93228316 0.20477174 0.2981889
vn 0.96518147 0.18789968 0.18198459
vn 0.96518147 0.18789968 0.18198459
vn 0.96518147 0.18789968 0.18198459
vn 0.96518147 0.18789968 0.18198459
vn 0.97213 0.2149991 0.093480945
vn 0.97213 0.21499911 0.093480945
vn 0.97213 0.21499911 0.09348094
vn 0.97213 0.21499912 0.093480945
vn 0.994813 0.09609565 0.033357386
vn 0.994813 0.09609564 0.03335738
vn 0.994813 0.09609565 0.03335738
vn 0.994813 0.096095644 0.03335738
vn 0.93845636 -0.3190237 -0.13237643
vn 0.93845636 -0.31902373 -0.13237643
vn 0.9384564 -0.3190237 -0.13237642
vn 0.40990007 -0.5387105 -0.7360523
vn 0.40990007 -0.5387104 -0.7360523
vn 0.40990007 -0.5387105 -0.7360523
vn 0.40990007 -0.5387105 -0.7360523
vn 0.55136627 -0.47895384 -0.6830801
vn 0.55136627 -0.4789539 -0.6830801
vn 0.55136627 -0.4789538 -0.6830801
vn 0.55136627 -0.4789539 -0.6830801
vn 0.99757046 -0.052900486 -0.045329325
vn 0.99757046 -0.05290048 -0.045329325
vn 0.99757046 -0.05290049 -0.04532933
vn 0.40990785 -0.6777868 0.61039376
vn 0.40990782 -0.6777868 0.61039376
vn 0.40990782 -0.67778677 0.6103938
vn 0.40990785 -0.6777868 0.61039376
vn 0.99950385 -0.025799584 -0.01806518
vn 0.99950385 -0.025799586 -0.01806518
vn 0.99950385 -0.025799586 -0.01806518
vn 0.99950385 -0.025799586 -0.01806518
vn 0.98920625 0.14486524 0.022023607
vn 0.98920625 0.14486523 0.022023607
vn 0.98920625 0.14486521 0.022023605
vn 0.98920625 0.14486523 0.022023607
vn 0.96239424 0.25135574 -0.103041776
vn 0.96239424 0.25135574 -0.10304178
vn 0.96239424 0.25135574 -0.10304178
vn 0.96518177 0.22112937 -0.13973495
vn 0.9651818 0.22112936 -0.13973497
vn 0.9322839 0.26140368 -0.2500299
vn 0.9322839 0.26140365 -0.25002992
vn 0.9322839 0.26140365 -0.25002992
vn 0.9322839 0.26140365 -0.2500299
vn 0.81805074 0.42715332 -0.38514024
vn 0.81805074 0.42715338 -0.38514024
vn 0.81805074 0.42715338 -0.38514024
vn 0.81805074 0.42715338 -0.38514024
vn 0.8067556 0.43124762 -0.4039441
vn 0.5336884 0.5817568 -0.61378795
vn 0.5336884 0.58175683 -0.613788
vn 0.5336885 0.58175683 -0.61378795
vn 0.8626302 0.45987695 -0.21067138
vn 0.8626302 0.45987695 -0.21067138
vn 0.8626302 0.45987695 -0.21067135
vn 0.696161 0.5579824 -0.4516807
vn 0.696161 0.5579824 -0.4516807
vn 0.696161 0.5579824 -0.4516807
vn 0.551248 -0.60851294 0.57082176
vn 0.5512481 -0.60851294 0.5708219
vn 0.551248 -0.60851294 0.57082176
vn 0.5512481 -0.60851294 0.5708218
vn 0.81066704 0.49972132 -0.305119
vn 0.81066704 0.49972135 -0.30511904
vn 0.81066704 0.49972135 -0.30511904
vn 0.4546416 0.868971 -0.19542384
vn 0.4546416 0.868971 -0.19542384
vn 0.45464158 0.86897093 -0.19542386
vn 0.6558982 0.71817255 -0.23243435
vn 0.6558982 0.7181725 -0.23243439
vn 0.6558982 0.71817255 -0.23243435
vn 0.7368357 0.6412206 -0.21426421
vn 0.7368358 0.6412206 -0.21426423
vn 0.7368358 0.6412206 -0.21426423
vn 0.73683566 0.6412207 -0.21426421
vn 0.85140795 0.4977796 -0.16528754
vn 0.85140795 0.4977796 -0.16528752
vn 0.851408 0.49777958 -0.16528754
vn 0.9322841 0.34687 -0.102603815
vn 0.9322841 0.34686998 -0.1026038
vn 0.9322841 0.34686998 -0.1026038
vn 0.9322841 0.34686998 -0.1026038
vn 0.96518046 0.23114641 -0.122466475
vn 0.96518046 0.23114644 -0.12246649
vn 0.96518046 0.23114641 -0.12246649
vn 0.96518046 0.23114644 -0.12246649
vn 0.9721298 0.15534572 -0.1755885
vn 0.9721298 0.15534572 -0.1755885
vn 0.9721298 0.15534574 -0.1755885
vn 0.9721298 0.15534572 -0.17558849
vn 0.994813 0.06141962 -0.08108479
vn 0.994813 0.06141962 -0.0810848
vn 0.994813 0.06141962 -0.08108479
vn 0.994813 0.06141962 -0.081084795
vn 0.93845576 -0.22447862 0.2625074
vn 0.93845576 -0.22447862 0.2625074
vn 0.93845576 -0.22447863 0.26250735
vn 0.40992182 -0.86648977 0.2848851
vn 0.40992182 -0.86648977 0.28488514
vn 0.40992182 -0.86648977 0.28488517
vn 0.40992182 -0.86648977 0.28488517
vn 0.5513024 -0.797698 0.24442512
vn 0.5513024 -0.797698 0.24442512
vn 0.5513024 -0.797698 0.24442512
vn 0.5513024 -0.79769796 0.24442509
vn 0.9975705 -0.059456505 0.036303703
vn 0.9975705 -0.05945651 0.036303703
vn 0.9975705 -0.059456505 0.036303695
vn 0.40989268 0.37107337 0.8332422
vn 0.40989268 0.37107337 0.8332422
vn 0.40989268 0.37107337 0.8332422
vn 0.4098927 0.3710734 0.8332421
vn 0.9995038 -0.025157461 0.018954484
vn 0.9995038 -0.02515746 0.01895448
vn 0.9995038 -0.025157465 0.018954484
vn 0.9995038 -0.025157461 0.018954484
vn 0.9892065 0.0657124 -0.1309673
vn 0.9892065 0.0657124 -0.1309673
vn 0.9892065 0.06571241 -0.13096729
vn 0.9892065 0.0657124 -0.13096729
vn 0.96239823 -0.020319657 -0.27088144
vn 0.96239823 -0.020319656 -0.27088147
vn 0.96239823 -0.02031966 -0.27088147
vn 0.96518177 -0.06456199 -0.25348744
vn 0.96518177 -0.064562 -0.25348744
vn 0.9322848 -0.15701443 -0.32587042
vn 0.9322848 -0.15701443 -0.3258704
vn 0.9322848 -0.15701443 -0.32587042
vn 0.9322848 -0.15701443 -0.32587042
vn 0.8180569 -0.23429342 -0.5252518
vn 0.8180569 -0.23429339 -0.5252518
vn 0.8180569 -0.23429339 -0.5252518
vn 0.8180569 -0.23429339 -0.5252518
vn 0.8067662 -0.25091746 -0.53494745
vn 0.53369844 -0.40395284 -0.742959
vn 0.5336984 -0.40395284 -0.742959
vn 0.5336984 -0.40395284 -0.742959
vn 0.86257976 -0.058283217 -0.5025527
vn 0.8625797 -0.05828322 -0.50255275
vn 0.8625797 -0.05828322 -0.50255275
vn 0.696434 -0.2569683 -0.67003506
vn 0.696434 -0.2569683 -0.67003506
vn 0.696434 -0.2569683 -0.670035
vn 0.55139315 0.35479045 0.75504255
vn 0.55139315 0.35479045 0.7550426
vn 0.55139315 0.35479045 0.7550426
vn 0.5513932 0.35479042 0.75504255
vn 0.8106612 -0.13576858 -0.56955725
vn 0.8106612 -0.13576855 -0.56955725
vn 0.81066114 -0.13576858 -0.56955725
vn 0.4545706 0.08268662 -0.8868644
vn 0.45457056 0.08268661 -0.8868644
vn 0.45457056 0.08268661 -0.8868644
vn 0.65591365 8.5784827E-4 -0.7548354
vn 0.65591365 8.578483E-4 -0.7548354
vn 0.65591365 8.5784815E-4 -0.7548354
vn 0.7368638 -0.0056368434 -0.67601776
vn 0.7368638 -0.005636843 -0.6760177
vn 0.7368638 -0.005636843 -0.6760177
vn 0.7368638 -0.0056368434 -0.67601776
vn 0.8514264 -0.0033895804 -0.52446306
vn 0.8514264 -0.0033895804 -0.52446306
vn 0.8514264 -0.00338958 -0.52446306
vn 0.9322828 0.009602159 -0.3616028
vn 0.9322828 0.009602159 -0.3616028
vn 0.93228275 0.009602158 -0.36160287
vn 0.93228275 0.009602158 -0.36160287
vn 0.96518093 -0.045046497 -0.25767538
vn 0.96518093 -0.045046497 -0.2576754
vn 0.96518093 -0.045046493 -0.25767538
vn 0.96518093 -0.045046493 -0.25767538
vn 0.97213054 -0.11899057 -0.20199856
vn 0.9721306 -0.118990555 -0.20199856
vn 0.9721306 -0.11899055 -0.20199856
vn 0.9721306 -0.11899055 -0.20199858
vn 0.9948129 -0.058137767 -0.08347027
vn 0.9948129 -0.05813777 -0.08347028
vn 0.9948129 -0.058137774 -0.08347027
vn 0.9948129 -0.05813778 -0.083470285
vn 0.93845433 0.18029566 0.29461327
vn 0.93845433 0.18029565 0.2946133
vn 0.93845433 0.18029563 0.29461324
vn 0.40990353 0.003190609 0.9121233
vn 0.40990356 0.0031906092 0.9121233
vn 0.40990356 0.0031906087 0.9121233
vn 0.40990356 0.003190609 0.9121233
vn 0.5512787 -0.014046533 0.8342029
vn 0.55127877 -0.014046534 0.8342029
vn 0.55127877 -0.014046534 0.8342029
vn 0.55127877 -0.014046533 0.8342029
vn 0.9975705 0.016151868 0.06776591
vn 0.9975705 0.016151868 0.0677659
vn 0.9975705 0.01615187 0.0677659
vn 0.40989336 0.9071283 -0.09542381
vn 0.40989336 0.9071283 -0.09542379
vn 0.40989336 0.9071283 -0.09542379
vn 0.40989336 0.9071283 -0.09542381
vn 0.99950385 0.0102537 0.029780012
vn 0.99950385 0.0102537 0.029780012
vn 0.99950385 0.010253699 0.02978001
vn 0.99950385 0.0102537 0.02978001
vn 0.9892065 -0.10425107 -0.102967076
vn 0.98920655 -0.10425107 -0.10296707
vn 0.9892065 -0.10425108 -0.102967076
vn 0.9892065 -0.10425107 -0.102967076
vn 0.96239644 -0.26391026 -0.06437751
vn 0.96239644 -0.26391023 -0.0643775
vn 0.96239644 -0.26391023 -0.0643775
vn 0.965182 -0.26103082 -0.016928878
vn 0.965182 -0.26103082 -0.016928878
vn 0.93228394 -0.35844332 0.048632503
vn 0.9322839 -0.35844332 0.0486325
vn 0.93228394 -0.3584433 0.048632503
vn 0.93228394 -0.35844332 0.048632503
vn 0.81805575 -0.57194626 0.0605165
vn 0.8180557 -0.57194626 0.060516503
vn 0.8180558 -0.57194626 0.0605165
vn 0.8180558 -0.57194626 0.0605165
vn 0.80675316 -0.58632207 0.07332007
vn 0.5337191 -0.8314101 0.15460028
vn 0.533719 -0.8314101 0.15460029
vn 0.53371906 -0.8314101 0.15460026
vn 0.86260587 -0.49591434 -0.09990029
vn 0.86260587 -0.49591434 -0.09990029
vn 0.86260587 -0.4959144 -0.0999003
vn 0.6962395 -0.7168342 0.03740827
vn 0.6962394 -0.7168342 0.037408266
vn 0.6962395 -0.7168342 0.03740827
vn 0.5513111 0.8277769 -0.104122184
vn 0.5513111 0.8277769 -0.10412217
vn 0.5513111 0.82777697 -0.10412218
vn 0.5513111 0.82777697 -0.10412218
vn 0.8106654 -0.5836297 -0.046881605
vn 0.81066537 -0.5836298 -0.046881612
vn 0.8106654 -0.5836297 -0.046881605
vn 0.45462137 -0.8178861 -0.35267794
vn 0.4546214 -0.81788605 -0.352678
vn 0.45462137 -0.8178861 -0.352678
vn 0.6559041 -0.71763146 -0.23408307
vn 0.6559041 -0.71763146 -0.23408304
vn 0.6559041 -0.71763146 -0.23408307
vn 0.73683256 -0.6447041 -0.20355417
vn 0.73683256 -0.6447041 -0.2035542
vn 0.73683256 -0.6447041 -0.2035542
vn 0.73683256 -0.6447041 -0.20355415
vn 0.8514325 -0.4998315 -0.15884307
vn 0.85143256 -0.49983147 -0.15884309
vn 0.8514325 -0.4998315 -0.1588431
vn 0.93228424 -0.34093267 -0.12087605
vn 0.93228424 -0.34093267 -0.12087605
vn 0.93228424 -0.34093267 -0.12087604
vn 0.93228424 -0.34093264 -0.12087604
vn 0.9651807 -0.25898448 -0.036786288
vn 0.9651807 -0.25898445 -0.036786284
vn 0.9651807 -0.25898445 -0.036786288
vn 0.9651807 -0.25898445 -0.036786288
vn 0.9721302 -0.22888307 0.05074962
vn 0.9721302 -0.22888307 0.050749626
vn 0.9721302 -0.22888303 0.05074962
vn 0.9721302 -0.22888306 0.050749615
vn 0.99481297 -0.09735015 0.029498504
vn 0.99481297 -0.09735016 0.029498506
vn 0.99481297 -0.09735016 0.029498506
vn 0.99481297 -0.09735017 0.029498508
vn 0.93845725 0.3359007 -0.08042829
vn 0.93845725 0.33590072 -0.08042828
vn 0.9384573 0.3359007 -0.08042829
vn 0.4099077 0.86846405 0.27882946
vn 0.4099077 0.8684641 0.27882946
vn 0.4099077 0.8684641 0.27882946
vn 0.4099077 0.8684641 0.27882943
vn 0.5513021 0.7890159 0.2711457
vn 0.5513021 0.7890159 0.2711457
vn 0.5513021 0.7890159 0.2711457
vn 0.5513021 0.7890159 0.2711457
vn 0.99757046 0.069441244 0.0055780383
vn 0.99757046 0.069441244 0.0055780383
vn 0.99757046 0.06944123 0.005578038
vn 0.4099029 0.18956107 -0.89221424
vn 0.4099029 0.18956107 -0.89221424
vn 0.4099028 0.18956105 -0.89221424
vn 0.4099029 0.18956107 -0.89221424
vn 0.99950373 0.03149544 -5.493643E-4
vn 0.99950373 0.03149544 -5.493644E-4
vn 0.99950373 0.03149544 -5.493643E-4
vn 0.99950373 0.031495444 -5.493644E-4
vn 0.9892058 -0.13014795 0.06733097
vn 0.9892058 -0.13014792 0.06733097
vn 0.9892058 -0.13014792 0.06733097
vn 0.9892058 -0.13014792 0.067330964
vn 0.96239585 -0.1427841 0.23109934
vn 0.96239585 -0.14278409 0.23109931
vn 0.96239585 -0.1427841 0.23109932
vn 0.9651826 -0.0967602 0.24302262
vn 0.9651826 -0.0967602 0.24302265
vn 0.93228376 -0.064508304 0.35592943
vn 0.93228376 -0.064508304 0.35592943
vn 0.9322837 -0.06450831 0.35592943
vn 0.93228376 -0.064508304 0.35592943
vn 0.81804687 -0.119195655 0.56266487
vn 0.81804687 -0.119195655 0.56266487
vn 0.81804687 -0.119195655 0.56266487
vn 0.81804687 -0.119195655 0.56266487
vn 0.8067677 -0.111450225 0.58026266
vn 0.53371334 -0.10988834 0.8384955
vn 0.53371334 -0.109888315 0.8384955
vn 0.53371334 -0.109888315 0.83849543
vn 0.8626123 -0.24824893 0.44076344
vn 0.86261237 -0.2482489 0.44076338
vn 0.86261237 -0.2482489 0.44076344
vn 0.69623125 -0.18590197 0.6933271
vn 0.69623125 -0.185902 0.6933271
vn 0.69623125 -0.18590197 0.6933272
vn 0.5512949 0.15676327 -0.81945056
vn 0.5512949 0.15676327 -0.81945056
vn 0.5512949 0.15676327 -0.81945056
vn 0.55129486 0.15676326 -0.81945056
vn 0.81066746 -0.22493845 0.5405746
vn 0.81066746 -0.22493842 0.5405746
vn 0.81066746 -0.22493842 0.5405747
vn 0.4546563 -0.58812344 0.6688785
vn 0.45465627 -0.58812356 0.6688785
vn 0.4546563 -0.58812344 0.6688785
vn 0.65588987 -0.444396 0.61018074
vn 0.6558899 -0.44439605 0.6101808
vn 0.65588987 -0.444396 0.61018074
vn 0.73684484 -0.39280412 0.5502406
vn 0.7368449 -0.39280415 0.55024046
vn 0.7368448 -0.39280418 0.5502405
vn 0.73684484 -0.39280418 0.5502405
vn 0.8514143 -0.3055483 0.42630255
vn 0.8514143 -0.3055483 0.42630255
vn 0.8514143 -0.3055483 0.42630255
vn 0.93228465 -0.22031087 0.28689453
vn 0.93228465 -0.22031085 0.28689447
vn 0.93228465 -0.22031087 0.2868945
vn 0.93228465 -0.22031087 0.28689447
vn 0.9651812 -0.11501337 0.23494104
vn 0.9651812 -0.11501338 0.23494105
vn 0.9651812 -0.11501337 0.23494104
vn 0.9651812 -0.11501337 0.23494107
vn 0.9721296 -0.022463093 0.2333654
vn 0.9721296 -0.022463094 0.2333654
vn 0.9721296 -0.022463093 0.23336542
vn 0.9721296 -0.022463094 0.23336542
vn 0.9948129 -0.0020296462 0.101701416
vn 0.9948129 -0.002029646 0.101701416
vn 0.9948129 -0.002029646 0.101701416
vn 0.9948129 -0.0020296462 0.101701416
vn 0.9384556 0.027311327 -0.3443186
vn 0.9384556 0.027311325 -0.3443186
vn 0.9384555 0.027311327 -0.3443186
vn 0.4099033 0.53355587 -0.7397955
vn 0.4099033 0.53355587 -0.7397955
vn 0.4099033 0.53355587 -0.7397955
vn 0.4099033 0.53355587 -0.7397955
vn 0.55140936 0.5016625 -0.6665452
vn 0.55140924 0.5016625 -0.6665452
vn 0.55140936 0.5016625 -0.6665452
vn 0.55140936 0.5016625 -0.6665452
vn 0.99757046 0.026762355 -0.06431883
vn 0.99757046 0.026762355 -0.06431882
vn 0.99757046 0.026762355 -0.06431882
vn -0.9973926 0.028891778 -0.06613104
vn -0.9648899 0.051763445 -0.25750348
vn -0.9730144 -0.019297795 -0.22993602
vn -0.978815 0.16109687 -0.12636817
vn -0.9468244 0.10041552 -0.3056801
vn -0.971703 0.08189707 -0.22155388
vn -0.9341496 0.14457643 -0.32628533
vn -0.96553254 0.10544152 -0.2379684
vn -0.98675734 0.02098031 -0.16084053
vn -0.9999925 0.0015977751 -0.0035336134
vn -0.9823587 0.01987221 -0.18594728
vn -0.9718095 0.011942716 -0.23546465
vn -0.96216637 0.24515663 -0.11888685
vn -0.9668377 0.02265628 -0.25438464
vn -0.97558904 0.14383745 -0.16594242
vn -0.976194 0.1036668 -0.1905215
vn -0.9675249 0.074022025 -0.24169485
vn -0.9675162 -0.040602017 -0.24952735
vn -0.9622619 -0.061821707 -0.26500964
vn -0.9747082 0.0903297 -0.20441242
vn -0.97585475 -0.0433957 -0.21406615
vn -0.9753551 0.098067865 -0.19764909
vn -0.99443257 -0.062227912 -0.08503868
vn -0.99364775 0.08395601 -0.07493653
vn -0.99709636 -0.07354188 -0.019758176
vn -0.9961015 0.08614649 -0.018989086
vn -0.9968689 -0.07879671 -0.006598818
vn -0.9938315 0.1108913 0.0014638121
vn -0.33006567 -0.94326717 -0.03610598
vn -0.32651702 -0.9329666 -0.15152538
vn -0.35647264 -0.93422604 -0.0122054415
vn -0.3510033 -0.9363602 0.005136696
vn -0.948851 0.1757893 -0.2622591
vn -0.9878734 0.100233085 -0.11857274
vn -0.9995626 0.012006035 -0.027027486
vn -0.96158034 0.11120839 -0.25098982
vn -0.026723288 -0.06526078 -0.9975104
vn -0.02779258 -0.5671737 -0.8231291
vn -0.2738471 -0.0721243 -0.9590651
vn -0.019013837 0.40499064 -0.9141231
vn -0.16640967 0.399416 -0.9015402
vn -0.97819066 0.08414486 -0.18990193
vn -0.3680217 -0.5102676 -0.77729464
vn -0.38884684 -0.7908258 -0.4726444
vn -0.386403 -0.9223007 0.0073593627
vn -0.29892883 -0.79919213 0.5214724
vn -0.21433412 -0.39571676 0.8930113
vn -0.02510495 -0.86893433 -0.49429026
vn -0.38884684 -0.7908258 -0.4726444
vn -0.19221234 -0.3975652 0.8972159
vn -0.18210475 -0.88200986 0.4346222
vn -0.17759596 -0.3986729 0.89973307
vn -0.1684483 -0.84172404 0.5129579
vn -0.123149745 -0.9406718 -0.3161815
vn -0.13256675 -0.91825396 -0.37314302
vn -0.11355494 -0.9037621 -0.4126976
vn -0.123963505 -0.9090645 -0.39778742
vn -0.12031097 -0.94488406 -0.30449858
vn -0.12964326 -0.94523317 -0.29954436
vn -0.62398565 -0.7574097 -0.19228211
vn -0.18364911 -0.973526 -0.13608864
vn -0.71233815 -0.6980586 -0.07272185
vn -0.22074032 -0.97300184 -0.06738814
vn -0.75375456 -0.65629435 -0.033642504
vn -0.35789952 -0.92936945 -0.090445295
vn -0.81393975 -0.58089674 -0.007814641
vn -0.2509968 -0.91952807 -0.30243805
vn -0.16140185 -0.9759628 -0.14644468
vn -0.17576936 -0.981937 -0.07003459
vn -0.63467467 -0.74295455 -0.21261854
vn -0.7537932 -0.6545892 -0.05752251
vn -0.78728837 -0.61607367 -0.025106026
vn -0.81349653 -0.5814282 -0.012831571
vn -0.57400537 -0.7584543 -0.3086502
vn -0.2650585 -0.95260155 -0.14931245
vn -0.33457458 -0.9417532 -0.034068532
vn -0.41570678 -0.9094345 -0.010805936
vn -0.4339019 -0.9001639 0.03787007
vn -0.8063921 -0.59094745 -0.022646975
vn -0.5133939 -0.18163621 0.83871037
vn -0.7850493 -0.14771645 0.60156256
vn -0.5130346 -0.090018295 0.8536348
vn -0.3463454 0.9380226 -0.012588729
vn -0.8213406 0.012577121 0.57029945
vn -0.36391076 0.930832 -0.033476144
vn -0.3463454 0.9380226 -0.012588729
vn -0.17546253 0.98407614 -0.02840745
vn -0.24861877 0.96857685 -0.0069003813
vn -0.14234257 0.989811 -0.0035873277
vn -0.2533109 0.9673749 -0.004398269
vn -0.2571074 0.9655176 0.04088593
vn -0.3630835 0.9313331 0.028089376
vn -0.44144163 0.87119466 0.21482338
vn -0.53736335 0.821409 0.19112287
vn -0.4644022 0.841885 0.27488223
vn -0.50800055 0.8220184 0.25733495
vn -0.4456789 0.8449454 0.29569843
vn -0.48491007 0.8295277 0.2770308
vn -0.122192636 0.99194837 0.03327768
vn -0.13426176 0.9872909 -0.085031755
vn -0.5448905 0.8008402 -0.24849415
vn -0.5549179 0.74753547 0.36504355
vn -0.47688097 0.7899281 0.38548443
vn -0.6335555 0.36583614 0.68174136
vn -0.66285926 0.3423137 0.66591215
vn -0.66285175 -0.04644608 0.74730873
vn -0.6480921 -0.04183212 0.76041216
vn -0.57138777 -0.5058342 0.6462567
vn -0.49291617 -0.5368927 0.684675
vn -0.44565848 -0.6494402 0.6161299
vn -0.48490793 -0.64302415 0.5927767
vn -0.50796044 -0.6442624 0.57175356
vn -0.46434173 -0.6551847 0.5959193
vn -0.53731626 -0.67085415 0.5111222
vn -0.44141415 -0.7065405 0.55313116
vn -0.36306828 -0.8379509 0.40745527
vn -0.25712007 -0.8638787 0.4331314
vn -0.25333083 -0.8841295 0.39260477
vn -0.14234719 -0.904263 0.40254906
vn -0.24861903 -0.8862528 0.3908254
vn -0.17545377 -0.9092107 0.37756035
vn -0.34628037 -0.86074275 0.37311104
vn -0.3638691 -0.8627384 0.35111508
vn -0.1222143 -0.89109576 0.43704915
vn -0.13426678 -0.935359 0.32722464
vn -0.54493076 -0.8322949 0.1016647
vn -0.9621704 -0.27233246 -0.007942161
vn -0.9800292 -0.19245014 -0.05005611
vn -0.9718109 -0.1074327 -0.20986131
vn -0.9823583 -0.094366945 -0.16145316
vn -0.97170395 -0.16552274 -0.168504
vn -0.98675454 -0.08508528 -0.13811557
vn -0.96553844 -0.19372132 -0.17380325
vn -0.93411064 -0.2657147 -0.23839673
vn -0.97170365 -0.18540004 -0.14635198
vn -0.94678944 -0.2597673 -0.19002819
vn -0.9867562 -0.14649254 -0.069656715
vn -0.99999255 -0.0028696086 -0.0025801836
vn -0.98235637 -0.17072055 -0.07635718
vn -0.97881585 -0.070411086 -0.19225435
vn -0.9718089 -0.22024968 -0.084127955
vn -0.9621728 -0.03733304 -0.26986983
vn -0.96683955 -0.23492068 -0.100167625
vn -0.9755878 -0.11337483 -0.18808141
vn -0.9675238 -0.20699035 -0.14509504
vn -0.967519 -0.24984796 -0.038510792
vn -0.97619295 -0.14915077 -0.15748446
vn -0.9622629 -0.27113813 -0.02311302
vn -0.97470725 -0.16649334 -0.14908308
vn -0.975854 -0.21700226 -0.024879085
vn -0.97535515 -0.15767209 -0.15434334
vn -0.99443245 -0.1001067 0.03290492
vn -0.9936481 -0.045327134 -0.102999516
vn -0.99709517 -0.0415224 0.0638518
vn -0.9961015 0.008560434 -0.08779806
vn -0.9968679 -0.030626245 0.07291376
vn -0.99383026 0.035668593 -0.10501989
vn -0.33014914 -0.32580402 0.88591945
vn -0.3266098 -0.43239826 0.84045094
vn -0.35652387 -0.30028862 0.8847132
vn -0.35106537 -0.28446394 0.8920949
vn -0.5373528 0.43560195 -0.7221515
vn -0.5079388 0.49880478 -0.7022763
vn -0.46439147 0.5215971 -0.7157353
vn -0.44559434 0.54237914 -0.7122293
vn -0.4848382 0.51985353 -0.7033379
vn -0.44145927 0.47352046 -0.7621628
vn -0.36312202 0.31448504 -0.87706417
vn -0.2570945 0.3372397 -0.9056334
vn -0.2533366 0.29474893 -0.92138135
vn -0.14234628 0.30246106 -0.94247276
vn -0.24861604 0.29275033 -0.9233024
vn -0.17547221 0.2770773 -0.9446892
vn -0.3463016 0.27788916 -0.8960206
vn -0.36387148 0.25580317 -0.8956351
vn -0.12223183 0.33817175 -0.9331127
vn -0.13431178 0.22421192 -0.9652406
vn -0.54491895 0.01113117 -0.8384148
vn -0.5549249 0.57820255 -0.5981139
vn -0.4767453 0.61078537 -0.6321829
vn -0.6335249 0.7614557 -0.13722742
vn -0.6628364 0.7391198 -0.11979111
vn -0.99739265 -0.053968202 -0.047910217
vn -0.9648666 -0.228977 -0.12884888
vn -0.9729874 -0.22475582 -0.05272789
vn -0.9989129 0.004360163 -0.04641176
vn -0.9856747 0.034666054 -0.16505662
vn -0.99733555 0.04537977 -0.057117935
vn -0.96102756 0.10377535 -0.25623572
vn -0.8869389 0.20899329 -0.4118994
vn -0.9230095 0.13773255 -0.3592816
vn -0.8105812 0.26379293 -0.5228492
vn -0.7906202 0.28335255 -0.5427992
vn -0.753724 0.28701657 -0.5912036
vn -0.75328046 0.2963349 -0.5871577
vn -0.663624 0.30384716 -0.68357885
vn -0.7105963 0.293631 -0.639401
vn -0.5628635 0.30554003 -0.7680038
vn -0.10471579 0.4617329 -0.8808163
vn -0.134688 0.54896253 -0.82492375
vn -0.15896861 0.54724395 -0.8217378
vn -0.14793679 0.6263252 -0.76539624
vn -0.17274974 0.61919284 -0.7660011
vn -0.1305397 0.68966204 -0.71226794
vn -0.15638058 0.671505 -0.7243108
vn -0.1158872 0.85665 -0.5027137
vn -0.13887209 0.8505637 -0.507204
vn -0.18199453 0.9457645 -0.26908642
vn -0.17395145 0.9520458 -0.25169364
vn -0.1768442 0.98416084 0.012396461
vn -0.18919516 0.9811405 -0.039605573
vn -0.1768442 0.98416084 0.012396461
vn -0.16487968 0.93139404 0.3245303
vn -0.9962028 0.040430255 0.07710624
vn -0.9990933 2.61743E-4 0.042574488
vn -0.9853624 0.011528255 0.17008217
vn -0.94415736 0.06743607 0.32252008
vn -0.8693669 0.1295452 0.4768849
vn -0.8958722 0.07911324 0.43721172
vn -0.8105862 0.15133879 0.56572646
vn -0.7906216 0.16640918 0.58925843
vn -0.75373197 0.16009466 0.63738364
vn -0.75327724 0.17005105 0.63533926
vn -0.66361666 0.1577039 0.7312608
vn -0.710606 0.15672225 0.68591344
vn -0.5628334 0.14213884 0.8142573
vn -0.2570748 0.1449812 0.9554543
vn -0.14233112 0.10341996 0.9844014
vn -0.25331685 0.100183316 0.9621818
vn -0.36310634 0.12855083 0.92283714
vn -0.4414711 0.3077171 0.8428603
vn -0.53736436 0.27877912 0.79594076
vn -0.4643933 0.36427975 0.8072417
vn -0.5079505 0.34470567 0.7894076
vn -0.44559613 0.38532898 0.8080629
vn -0.48489583 0.3650836 0.7947264
vn -0.24858843 0.09783561 0.96365553
vn -0.1754684 0.07811709 0.98138094
vn -0.3462854 0.08886573 0.9339107
vn -0.36386347 0.067323744 0.9290161
vn -0.122235775 0.14028631 0.9825366
vn -0.13430846 0.022164373 0.99069166
vn -0.5449282 -0.16049822 0.8229785
vn -0.5713853 0.45831862 0.68078107
vn -0.4928869 0.4852601 0.72220856
vn -0.64805895 0.710281 0.27480984
vn -0.66282576 0.6964026 0.27510983
vn -0.9800314 -0.10707445 0.16755174
vn -0.9621734 -0.091699034 0.2565418
vn -0.97181034 -0.23278695 0.03734749
vn -0.9823579 -0.18271625 0.039845824
vn -0.9717025 -0.21141168 0.10535351
vn -0.98675466 -0.1576484 0.038238015
vn -0.96553755 -0.2251611 0.13053645
vn -0.934076 -0.3089169 0.17908758
vn -0.9717035 -0.19647206 0.13111413
vn -0.9467616 -0.2610514 0.18840012
vn -0.9867582 -0.11149942 0.11779734
vn -0.9999926 -0.0033202616 0.0019264783
vn -0.9823602 -0.12536079 0.1387555
vn -0.97881866 -0.20458876 0.0075807273
vn -0.97181076 -0.14806716 0.1834665
vn -0.9621759 -0.26818854 -0.047879364
vn -0.9668411 -0.16784896 0.1924707
vn -0.9755918 -0.21388704 0.04972877
vn -0.9675237 -0.20195255 0.15202962
vn -0.96751624 -0.11382662 0.22573408
vn -0.97619385 -0.19586037 0.093189776
vn -0.9622631 -0.105761945 0.25072718
vn -0.9747072 -0.19323383 0.112279184
vn -0.97585523 -0.090716176 0.1986887
vn -0.9753558 -0.19551188 0.10225512
vn -0.9944317 3.863338E-4 0.10538247
vn -0.9936488 -0.11195906 0.011276648
vn -0.99709463 0.047907647 0.05922101
vn -0.99610144 -0.08085453 -0.03527601
vn -0.99686694 0.059895713 0.051660832
vn -0.9938283 -0.0888746 -0.06638246
vn -0.33007282 0.7418881 0.5836557
vn -0.32663485 0.6656641 0.6709702
vn -0.3564785 0.74862725 0.5589993
vn -0.3510221 0.76054007 0.54622555
vn -0.537362 -0.55220175 -0.6374287
vn -0.5079743 -0.5137776 -0.6913715
vn -0.46424064 -0.5195464 -0.7173229
vn -0.44551396 -0.5097842 -0.7359601
vn -0.4849607 -0.50825727 -0.7116795
vn -0.44136277 -0.5785447 -0.6859191
vn -0.36309668 -0.73696005 -0.57013226
vn -0.2571083 -0.75710136 -0.60057706
vn -0.25336593 -0.78519964 -0.5650373
vn -0.14235778 -0.8028823 -0.57889056
vn -0.2486805 -0.7876354 -0.56372726
vn -0.17546281 -0.81283325 -0.55544114
vn -0.34633487 -0.7662836 -0.5411669
vn -0.36391112 -0.77273977 -0.5200404
vn -0.12217295 -0.7829444 -0.60997695
vn -0.13425402 -0.8487151 -0.51152563
vn -0.5448727 -0.7939613 -0.26970214
vn -0.5550156 -0.39016968 -0.7346599
vn -0.47678402 -0.41250524 -0.77621937
vn -0.6335077 0.104777925 -0.76660913
vn -0.66285926 0.11451167 -0.7399356
vn -0.9973939 -0.062236212 0.036498692
vn -0.964855 -0.19331628 0.17799897
vn -0.9729894 -0.119586565 0.1974607
vn -0.9989129 -0.04279192 -0.018490465
vn -0.98567367 -0.146274 -0.08397269
vn -0.9973354 -0.040302165 -0.060810152
vn -0.9610237 -0.21164227 -0.17787935
vn -0.8869416 -0.3271553 -0.32604295
vn -0.92300457 -0.29914248 -0.24202552
vn -0.8105881 -0.41573784 -0.41244256
vn -0.79062986 -0.42866984 -0.43720317
vn -0.7537398 -0.47356611 -0.45564395
vn -0.75329304 -0.46684387 -0.46325624
vn -0.663637 -0.5562225 -0.50020254
vn -0.7106335 -0.5173484 -0.4768131
vn -0.5627401 -0.6360571 -0.5279725
vn -0.104675665 -0.6950249 -0.7113251
vn -0.13466561 -0.6148965 -0.7770248
vn -0.15893297 -0.6124013 -0.77440625
vn -0.14791481 -0.534391 -0.8321944
vn -0.17273894 -0.53717136 -0.8255957
vn -0.13053367 -0.4642906 -0.87601095
vn -0.15637277 -0.48135197 -0.86246616
vn -0.115911394 -0.2133832 -0.9700681
vn -0.13888387 -0.21953103 -0.96566945
vn -0.18200767 0.036337163 -0.9826255
vn -0.17396528 0.054815564 -0.9832249
vn -0.17685272 0.31589302 -0.9321667
vn -0.1892024 0.26550552 -0.945362
vn -0.16487819 0.59647024 -0.785518
vn -0.15411918 0.5770556 -0.8020312
vn -0.14555873 0.7756144 -0.6141946
vn -0.13308017 0.75928897 -0.63700074
vn -0.09781241 0.8946225 -0.43598545
vn -0.12251895 0.8953556 -0.42816758
vn -0.15637973 0.9622355 -0.22281882
vn -0.13052508 0.96080863 -0.24456082
vn -0.1727573 0.9724185 -0.15670761
vn -0.14792211 0.97544044 -0.16320218
vn -0.15897085 0.98503524 -0.06658647
vn -0.13469328 0.9886534 -0.066499166
vn -0.10471809 0.99381363 0.036994237
vn -0.12223181 0.97780067 0.17019193
vn -0.1423543 0.9681756 0.20584294
vn -0.17547168 0.9574882 0.2289673
vn -0.24863708 0.94671106 0.20473824
vn -0.25335515 0.9460368 0.20205306
vn -0.25711694 0.9534806 0.15737076
vn -0.36310187 0.9173982 0.16290347
vn -0.44141594 0.89672446 -0.032205313
vn -0.5373422 0.84314615 -0.019182157
vn -0.4643215 0.8803374 -0.097013295
vn -0.50794995 0.85729206 -0.08388819
vn -0.4455484 0.887608 -0.116784826
vn -0.4849398 0.8686247 -0.10160951
vn -0.34630328 0.91565484 0.20408387
vn -0.3638619 0.9043517 0.22305258
vn -0.13430806 0.9490571 0.2850474
vn -0.5449322 0.7331012 0.40695402
vn -0.57142055 0.7890712 -0.22548877
vn -0.49280885 0.8368452 -0.2383893
vn -0.6480343 0.48084337 -0.5906278
vn -0.66283107 0.4768521 -0.5772929
vn -0.98003083 0.12626185 0.15361483
vn -0.96217436 0.21563613 0.16649804
vn -0.97181016 -0.036433674 0.23293239
vn -0.9823593 -0.018571422 0.18607889
vn -0.9717028 0.034868937 0.23361877
vn -0.98675597 -0.012350502 0.16174085
vn -0.9655335 0.054567076 0.25449464
vn -0.93408763 0.07487088 0.3491054
vn -0.9717054 0.0639812 0.22736542
vn -0.9467847 0.09848943 0.3064287
vn -0.9867548 0.07759153 0.14245906
vn -0.9999925 7.934875E-4 0.0037861546
vn -0.9823592 0.09322103 0.162112
vn -0.97881895 -0.056016542 0.19691536
vn -0.9718139 0.12870537 0.19751614
vn -0.96217185 -0.12842329 0.24027644
vn -0.9668412 0.13116269 0.21912178
vn -0.9755891 -0.018833108 0.21879506
vn -0.9761933 0.028107304 0.2150735
vn -0.9675198 0.17948864 0.17801443
vn -0.96226555 0.20575562 0.17807189
vn -0.97470754 0.047068395 0.21847147
vn -0.97585535 0.16092576 0.14767978
vn -0.97535574 0.03683304 0.21754192
vn -0.99443114 0.10034761 0.032203954
vn -0.993648 -0.023868864 0.10997242
vn -0.9970946 0.07113192 -0.027251987
vn -0.99610096 -0.058541067 0.06599936
vn -0.99686706 0.06764468 -0.040990435
vn -0.9938295 -0.09059593 0.063994855
vn -0.32995787 0.784368 -0.5252567
vn -0.32640055 0.84388137 -0.42582494
vn -0.35645196 0.7629874 -0.5392516
vn -0.35102448 0.7545172 -0.5545139
vn -0.53729624 -0.7769224 0.3281833
vn -0.36307037 -0.76997817 0.5247034
vn -0.4414259 -0.8310892 0.3382808
vn -0.46434176 -0.8427086 0.27244988
vn -0.50792825 -0.8163337 0.27496943
vn -0.4455617 -0.8574499 0.2573995
vn -0.4849157 -0.8339337 0.26346034
vn -0.25711182 -0.80514205 0.53445274
vn -0.25333717 -0.7800327 0.5721619
vn -0.1423377 -0.79866755 0.58469665
vn -0.24863148 -0.77954084 0.5748901
vn -0.17545208 -0.77943844 0.6014086
vn -0.34631118 -0.7514871 0.56154764
vn -0.3638454 -0.7334055 0.57422376
vn -0.122209854 -0.8220609 0.5561301
vn -0.13427779 -0.7487524 0.64910656
vn -0.5449172 -0.5018107 0.6717523
vn -0.5549575 -0.81930935 0.14406385
vn -0.47679573 -0.86569566 0.15243642
vn -0.63355863 -0.696668 -0.3365369
vn -0.6628545 -0.6683533 -0.33753183
vn -0.9973933 0.015487339 0.07047524
vn -0.96487325 0.1095262 0.2387961
vn -0.97300595 0.15080658 0.1746908
vn -0.998913 -0.030806348 0.034984075
vn -0.9856749 -0.12506406 0.113154806
vn -0.99733555 -0.07028635 0.019534944
vn -0.96102697 -0.23456618 0.14630757
vn -0.8869382 -0.41118696 0.21039471
vn -0.92301226 -0.32259864 0.20971045
vn -0.81060016 -0.5207071 0.2679394
vn -0.79062945 -0.5482712 0.27258718
vn -0.7537489 -0.57967055 0.30958793
vn -0.7532932 -0.58484536 0.30084082
vn -0.6636322 -0.64761144 0.3744217
vn -0.71061015 -0.6133688 0.34469098
vn -0.5627995 -0.69864506 0.44175985
vn -0.104707055 -0.8912804 0.44119802
vn -0.13467279 -0.92900366 0.3446962
vn -0.15895034 -0.9257394 0.34313455
vn -0.14791824 -0.9566007 0.251068
vn -0.17274688 -0.9511833 0.25575134
vn -0.1305336 -0.9766074 0.17087716
vn -0.15636697 -0.9690001 0.19128028
vn -0.11590363 -0.98853135 -0.09680953
vn -0.1388616 -0.9862498 -0.08960358
vn -0.18200068 -0.92330325 -0.3382113
vn -0.17396496 -0.9181613 -0.35597196
vn -0.1768528 -0.7889248 -0.58849025
vn -0.18200068 -0.92330325 -0.3382113
vn -0.18920434 -0.81704456 -0.54464656
vn -0.9962029 0.012613353 -0.08614348
vn -0.9990931 0.024815971 -0.034600656
vn -0.9853641 0.09064023 -0.14436735
vn -0.9441565 0.13501836 -0.30056354
vn -0.8693645 0.17550294 -0.46195683
vn -0.8958565 0.19298023 -0.40024972
vn -0.8105778 0.2100887 -0.5466502
vn -0.79063505 0.21173196 -0.57451344
vn -0.75372064 0.24512464 -0.60976976
vn -0.75329363 0.2358707 -0.61393297
vn -0.6636337 0.30224884 -0.68427765
vn -0.71059895 0.27637818 -0.64704263
vn -0.5629955 0.3635979 -0.742181
vn -0.25712058 0.4443037 -0.858186
vn -0.14234875 0.4949501 -0.85718215
vn -0.25334147 0.48450714 -0.8372998
vn -0.36308894 0.43842283 -0.82216287
vn -0.44145426 0.24647015 -0.8627691
vn -0.5373254 0.24230397 -0.80781823
vn -0.46432292 0.17977363 -0.86722875
vn -0.5079337 0.18513186 -0.84126663
vn -0.44555327 0.16322355 -0.88025016
vn -0.4848942 0.17177369 -0.85753804
vn -0.24863966 0.4872727 -0.8371043
vn -0.17547198 0.5136459 -0.83986753
vn -0.34633124 0.47704726 -0.80776274
vn -0.36388367 0.4915961 -0.79115236
vn -0.122203566 0.4640213 -0.87735426
vn -0.1342817 0.56438076 -0.81451994
vn -0.54489744 0.6135919 -0.571482
vn -0.5713947 0.029375928 -0.8201495
vn -0.49285287 0.03188977 -0.86952806
vn -0.64808017 -0.41308957 -0.639804
vn -0.6628719 -0.401648 -0.63188577
vn -0.9800304 0.18511283 -0.07261989
vn -0.9621708 0.2249888 -0.15364702
vn -0.97181284 0.21027285 0.106607005
vn -0.9823601 0.17123868 0.07513939
vn -0.9717049 0.23295179 0.039026897
vn -0.9867547 0.15001874 0.061721053
vn -0.965533 0.2589027 0.026745807
vn -0.9341438 0.355008 0.036671694
vn -0.97170156 0.23602434 0.0094144475
vn -0.9468177 0.32176882 0.0010172538
vn -0.9867559 0.15945925 -0.029758524
vn -0.9999925 0.0038515357 3.9549646E-4
vn -0.9823596 0.18298273 -0.038561366
vn -0.97881734 0.16997081 0.11413408
vn -0.9718099 0.22763571 -0.06137975
vn -0.96217203 0.18882863 0.19638917
vn -0.96683985 0.24893148 -0.05704154
vn -0.97558963 0.20228064 0.08548375
vn -0.9675242 0.25274217 -0.0042843646
vn -0.97619283 0.2132333 0.039738297
vn -0.9675177 0.22476986 -0.11570688
vn -0.96226203 0.2329384 -0.14068185
vn -0.9747077 0.22232278 0.02274748
vn -0.97585475 0.19018038 -0.10741942
vn -0.9753546 0.2182822 0.03219058
vn -0.9944316 0.06164315 -0.085474506
vn -0.9936483 0.09721239 0.056682326
vn -0.99709505 -0.003938385 -0.076065525
vn -0.9961014 0.044679243 0.07606445
vn -0.9968679 -0.018079206 -0.076990664
vn -0.99382985 0.03288006 0.1059297
vn -0.330111 -0.25715473 -0.90823907
vn -0.3265091 -0.14420865 -0.9341283
vn -0.35653207 -0.27707663 -0.8922519
vn -0.35108227 -0.29421046 -0.88892144
vn -0.5373534 0.07205602 0.8402733
vn -0.3631091 0.26109016 0.89441806
vn -0.44136885 0.06488698 0.8949766
vn -0.4642815 -0.001304234 0.88568676
vn -0.5079724 0.009271481 0.8613235
vn -0.44555008 -0.02014925 0.8950302
vn -0.48498532 -0.007116492 0.87449336
vn -0.25709447 0.2594862 0.93089706
vn -0.2533568 0.3031131 0.9186582
vn -0.14235315 0.30927828 0.9402566
vn -0.24865815 0.30586135 0.919031
vn -0.17546193 0.33111233 0.92713416
vn -0.34634417 0.30183563 0.88822347
vn -0.3638967 0.31947702 0.87493634
vn -0.122189984 0.2748852 0.9536812
vn -0.13425986 0.38595906 0.91269374
vn -0.54489934 0.48381218 0.68484336
vn -0.5550313 -0.11616526 0.82367826
vn -0.47677472 -0.12256157 0.87043923
vn -0.6335266 -0.5353839 0.5585769
vn -0.6629227 -0.5274806 0.531317
vn -0.6628697 -0.7250633 0.18678033
vn -0.64804876 -0.7361609 0.19519225
vn -0.5713537 -0.7709659 -0.28136554
vn -0.49284264 -0.81710947 -0.29906237
vn -0.44562557 -0.78668714 -0.42724842
vn -0.484883 -0.76248693 -0.4283715
vn -0.5079352 -0.7428855 -0.43603095
vn -0.4642786 -0.76925707 -0.43896347
vn -0.5373279 -0.69341636 -0.4800546
vn -0.44133797 -0.74444455 -0.501022
vn -0.36305803 -0.6464686 -0.67101955
vn -0.25708026 -0.6789121 -0.6877413
vn -0.25329477 -0.6466072 -0.7195421
vn -0.14234255 -0.6622833 -0.73560816
vn -0.2486075 -0.64556575 -0.7221075
vn -0.17546903 -0.64003676 -0.74803984
vn -0.34632242 -0.62082034 -0.7033086
vn -0.3639227 -0.6005041 -0.71200776
vn -0.12218867 -0.6910224 -0.712431
vn -0.13426463 -0.60025346 -0.7884597
vn -0.5448825 -0.35390434 -0.76016766
vn -0.96217215 -0.07659383 -0.26145393
vn -0.9800313 -0.01185448 -0.19848949
vn -0.9718122 0.16637647 -0.16703247
vn -0.98235834 0.12439449 -0.13963558
vn -0.9717022 0.10910763 -0.2095002
vn -0.9867557 0.10506525 -0.12358998
vn -0.9468253 0.1589792 -0.2797274
vn -0.96683973 0.17320025 -0.18767707
vn -0.9755906 0.026335716 -0.21801265
vn -0.9675176 0.21210168 -0.13755919
vn -0.97619367 0.07146687 -0.20478863
vn -0.96226263 0.23783042 -0.13223962
vn -0.974708 0.090738185 -0.20423244
vn -0.9758535 0.18772428 -0.11166726
vn -0.97535515 0.08052869 -0.20542026
vn -0.9944318 0.10480413 -0.011024158
vn -0.99364835 -8.749338E-4 -0.112526506
vn -0.99709547 0.06404785 0.04121306
vn -0.99610144 -0.04380323 -0.07657153
vn -0.9968655 0.05784841 0.05396903
vn -0.993827 -0.07561522 -0.08118033
vn -0.33004618 0.6604229 0.6744711
vn -0.32658517 0.7389678 0.58929515
vn -0.35644165 0.63664347 0.683838
vn -0.35094208 0.62523174 0.6970832
vn -0.43389755 0.57667285 0.6922293
vn -0.41570997 0.61894476 0.66640276
vn -0.33454892 0.6578821 0.67473567
vn -0.26507115 0.75052845 0.6053465
vn -0.574331 0.73799425 0.35427153
vn -0.12396191 0.9053531 0.40616405
vn -0.13256729 0.8932679 0.4295327
vn -0.11354304 0.9128367 0.39222082
vn -0.12313705 0.8661349 0.4844045
vn -0.18210076 0.2705309 0.9453319
vn -0.1684342 0.18544964 0.96811074
vn -0.12029571 0.86030996 0.49537426
vn -0.12963113 0.85687274 0.49896383
vn -0.62403655 0.6512115 0.4318587
vn -0.18361314 0.7548029 0.6297292
vn -0.7123476 0.52280474 0.46822655
vn -0.22071658 0.7035642 0.67548615
vn -0.75375164 0.46581143 0.46354958
vn -0.35789192 0.6913316 0.62767345
vn -0.8139364 0.39602992 0.42505035
vn -0.25129074 0.84169245 0.47791922
vn -0.16137841 0.7641041 0.6245814
vn -0.17575487 0.7115284 0.68032163
vn -0.63463336 0.65663344 0.4075206
vn -0.75381577 0.4823326 0.44622537
vn -0.7872984 0.4324557 0.4394807
vn -0.8135052 0.40007925 0.42207345
vn -0.8063887 0.4137665 0.42253357
vn 0.021665746 0.68490666 0.7283086
vn -0.19504109 0.78053033 0.59391195
vn -0.09554224 0.9819624 -0.16316122
vn -0.9878757 0.020504946 -0.1538869
vn -0.94885594 0.07616402 -0.30638447
vn -0.9675236 0.12931268 -0.21720128
vn -0.027799815 0.9907555 -0.13278033
vn -0.025115078 0.9498877 0.31158063
vn -0.025998881 0.6570461 0.75340194
vn -0.030788673 0.17294808 0.9844496
vn -0.38640437 0.61416185 0.68811107
vn -0.2989222 0.15058829 0.9423209
vn -0.21433412 -0.39571676 0.8930113
vn -0.030802071 -0.40494534 0.91382194
vn -0.030786866 -0.8454192 0.5332152
vn -0.29892883 -0.79919213 0.5214724
vn -0.386403 -0.9223007 0.0073593627
vn -0.025994575 -0.99947256 0.019463703
vn -0.02510495 -0.86893433 -0.49429026
vn -0.38884684 -0.7908258 -0.4726444
vn -0.386403 -0.9223007 0.0073593627
vn -0.02510495 -0.86893433 -0.49429026
vn -0.98567414 0.16769329 -0.01803959
vn -0.99733514 0.0683516 0.02550885
vn -0.9610253 0.27577102 0.019514302
vn -0.99891275 0.04549133 -0.010192624
vn -0.88693583 0.45632818 0.07148061
vn -0.9230126 0.38425124 0.019969689
vn -0.81058466 0.57877135 0.089309335
vn -0.790628 0.60378426 0.10174433
vn -0.75373024 0.6509543 0.09027326
vn -0.7532934 0.64997834 0.10038515
vn -0.6636332 0.7440087 0.07772962
vn -0.7106095 0.6988303 0.08167224
vn -0.56283176 0.8248531 0.053269595
vn -0.10469272 0.9803908 0.16695312
vn -0.134655 0.9541888 0.26719227
vn -0.15894338 0.9506277 0.26654086
vn -0.14790419 0.9214813 0.35916087
vn -0.17273891 0.9198512 0.3521863
vn -0.13052653 0.89052606 0.43580523
vn -0.15638162 0.8963664 0.41481575
vn -0.11590328 0.7428313 0.6593695
vn -0.13888885 0.74522173 0.652192
vn -0.18201435 0.5481797 0.8163148
vn -0.18201435 0.5481797 0.8163148
vn -0.17396685 0.5335849 0.827661
vn -0.18201435 0.5481797 0.8163148
vn -0.17685364 0.29233503 0.93982077
vn -0.18920906 0.34085858 0.92087746
vn -0.18201435 0.5481797 0.8163148
vn -0.99620247 -0.060842887 0.062280238
vn -0.99909323 -0.040409803 0.013409335
vn -0.9853603 -0.15820855 0.063522436
vn -0.94415575 -0.28590178 0.16379863
vn -0.86936903 -0.41350952 0.2705685
vn -0.8958656 -0.39136997 0.21036701
vn -0.8105962 -0.4912608 0.3187422
vn -0.7906291 -0.5089889 0.3403467
vn -0.75373816 -0.55670995 0.34921733
vn -0.75328654 -0.55168664 0.35805193
vn -0.66360235 -0.6467508 0.37595934
vn -0.71060586 -0.60391116 0.36101332
vn -0.5627435 -0.7305343 0.38683248
vn -0.10472891 -0.8257554 0.55422
vn -0.13469216 -0.76075673 0.6349072
vn -0.15895976 -0.7577786 0.6328534
vn -0.1479221 -0.69322056 0.7053824
vn -0.17273745 -0.69459224 0.69835764
vn -0.1305359 -0.6335527 0.76260835
vn -0.15636396 -0.6474847 0.7458645
vn -0.09781835 -0.46752605 0.87855047
vn -0.12250744 -0.4727088 0.87266165
vn -0.14556405 -0.26645455 0.9527923
vn -0.13308948 -0.23983383 0.96164805
vn -0.1541194 0.0045660646 0.9880417
vn -0.16488515 -0.020833509 0.9860927
vn -0.17685364 0.29233503 0.93982077
vn -0.18201435 0.5481797 0.8163148
vn -0.1950501 -0.9642796 -0.17922156
vn 0.02164812 -0.9996024 -0.018066997
vn -0.09558878 -0.5385682 -0.8371422
vn -0.17250822 0.922432 -0.3454853
vn -0.08594838 0.7658378 -0.63726395
vn -0.9915798 0.03860311 -0.12360994
vn -0.99069303 0.048550744 -0.12716174
vn -0.99084437 0.044235986 -0.12755659
vn -0.9926667 0.043120444 -0.1129309
vn -0.9964357 0.016350096 -0.08275558
vn -0.99036896 0.030955523 -0.13494846
vn -0.93968683 0.122864515 -0.3192067
vn -0.943667 0.09621977 -0.31659818
vn -0.96814257 -0.12722588 -0.21567003
vn -0.8415231 0.19632183 -0.5032859
vn -0.8885336 0.11931328 -0.44302633
vn -0.122178555 0.37280142 -0.91983235
vn -0.15452276 0.27008903 -0.950355
vn -0.9555227 -0.09680157 -0.2785782
vn -0.99024063 0.013100678 -0.13875093
vn -0.9917818 0.013258923 -0.1272518
vn -0.9913702 0.014697968 -0.1302655
vn -0.99267 0.002764013 -0.12082479
vn -0.99067366 0.0031130386 -0.13622004
vn -0.99267787 -0.012266164 -0.12016753
vn -0.99071556 -0.013926964 -0.1352356
vn -0.9373702 0.046510044 -0.3452159
vn -0.93941295 0.007832564 -0.34269795
vn -0.9396064 -0.03500019 -0.34046248
vn -0.83480877 0.012579452 -0.5503963
vn -0.8359622 -0.056482702 -0.5458726
vn -0.12312947 0.017910717 -0.992229
vn -0.1405638 0.10413491 -0.98458
vn -0.8375931 0.05974718 -0.54301757
vn -0.11522883 -0.10220119 -0.9880674
vn -0.08401399 -0.011750359 -0.9963953
vn -0.0869214 -0.102568716 -0.99092096
vn -0.09020276 0.0988426 -0.9910064
vn -0.17250822 0.922432 -0.3454853
vn -0.08594838 0.7658378 -0.63726395
vn -0.5448905 0.8008402 -0.24849415
vn -0.36391076 0.930832 -0.033476144
vn -0.8213406 0.012577121 0.57029945
vn -0.7850493 -0.14771645 0.60156256
vn -0.4339019 -0.9001639 0.03787007
vn -0.8063921 -0.59094745 -0.022646975
vn -0.81349653 -0.5814282 -0.012831571
vn -0.81393975 -0.58089674 -0.007814641
vn -0.35789952 -0.92936945 -0.090445295
vn -0.1950501 -0.9642796 -0.17922156
vn -0.1950501 -0.9642796 -0.17922156
vn -0.09558878 -0.5385682 -0.8371422
vn -0.08984938 0.2787905 -0.95613956
vn -0.085692994 0.38143626 -0.9204146
vn -0.08159118 0.30229717 -0.9497154
vn -0.12104128 0.44417784 -0.88772464
vn -0.8430904 0.24583955 -0.4782902
vn -0.89213634 0.25602219 -0.37221676
vn -0.15742375 0.55192435 -0.81890005
vn -0.9398776 0.15751326 -0.3030176
vn -0.9906953 0.06303382 -0.1206215
vn -0.9926714 0.056022923 -0.107074514
vn -0.99138486 0.06768365 -0.11213809
vn -0.99087846 0.06544435 -0.11780071
vn -0.9964345 0.05032797 -0.06771525
vn -0.99037516 0.07913914 -0.113551944
vn -0.9442741 0.17358938 -0.279666
vn -0.9681478 0.24520658 -0.05063037
vn -0.95552474 0.2713677 -0.11546467
vn -0.99025065 0.09393703 -0.10285617
vn -0.9917849 0.08532984 -0.09529752
vn -0.9913753 0.0865966 -0.098367006
vn -0.9926754 0.08761486 -0.08318072
vn -0.99068016 0.09877746 -0.093785994
vn -0.99267846 0.09680932 -0.0722316
vn -0.9907018 0.10907798 -0.08131419
vn -0.9926764 0.10450551 -0.06059848
vn -0.99069995 0.117716804 -0.06823755
vn -0.93737024 0.22447477 -0.26636088
vn -0.9394133 0.24859053 -0.23601983
vn -0.9395123 0.27457517 -0.20475629
vn -0.9394843 0.2963775 -0.17184186
vn -0.834805 0.3992579 -0.3790695
vn -0.8354177 0.44070408 -0.3284162
vn -0.12306438 0.7229465 -0.67985547
vn -0.1405116 0.65935695 -0.73858297
vn -0.8375879 0.3621141 -0.4090475
vn -0.115098074 0.7964888 -0.59359753
vn -0.83535326 0.4755766 -0.2757024
vn -0.11503554 0.8593904 -0.49821174
vn -0.08457052 0.74050945 -0.6667035
vn -0.086863585 0.79881656 -0.5952704
vn -0.08681375 0.86186564 -0.49965084
vn -0.09007214 0.66771305 -0.73894954
vn -0.076383166 0.70412767 -0.7059531
vn -0.17251831 -0.36373654 -0.9153869
vn -0.08596446 -0.042378694 -0.9953965
vn -0.5448825 -0.35390434 -0.76016766
vn -0.3639227 -0.6005041 -0.71200776
vn -0.8213559 -0.43085977 0.37381065
vn -0.7850744 -0.34636015 0.5135103
vn -0.43389755 0.57667285 0.6922293
vn -0.8063887 0.4137665 0.42253357
vn -0.8135052 0.40007925 0.42207345
vn -0.8139364 0.39602992 0.42505035
vn -0.35789192 0.6913316 0.62767345
vn -0.19504109 0.78053033 0.59391195
vn -0.19504109 0.78053033 0.59391195
vn -0.09554224 0.9819624 -0.16316122
vn -0.089507416 0.54813963 -0.8315836
vn -0.08480218 0.43044743 -0.89862317
vn -0.076306455 0.48490715 -0.8712304
vn -0.99771273 0.019314958 -0.06477831
vn -0.96564305 0.1549383 -0.20863293
vn -0.9740061 0.17925878 -0.13848585
vn -0.99739146 0.07183725 0.007050463
vn -0.97302 0.21269435 -0.089404956
vn -0.96488935 0.26089627 -0.030358082
vn -0.3680319 0.9185692 -0.14416394
vn -0.27383095 0.75892365 -0.5908059
vn -0.38885838 0.88137615 0.26826328
vn -0.38640437 0.61416185 0.68811107
vn -0.2989222 0.15058829 0.9423209
vn -0.02671018 0.78278136 -0.62172335
vn -0.025115078 0.9498877 0.31158063
vn -0.38885838 0.88137615 0.26826328
vn -0.9853659 -0.10927824 -0.13081397
vn -0.99620247 -0.07803731 -0.03861217
vn -0.9990932 -0.025243597 -0.034287117
vn -0.9441582 -0.24412939 -0.221283
vn -0.99733555 -0.0031398816 0.07288264
vn -0.998913 0.0237467 0.040111408
vn -0.86936307 -0.3851113 -0.3096726
vn -0.8958729 -0.3209865 -0.30721232
vn -0.8105869 -0.4549603 -0.36872754
vn -0.79063964 -0.48096168 -0.3788995
vn -0.75373304 -0.5041664 -0.42154792
vn -0.75330806 -0.5109837 -0.41403213
vn -0.66364914 -0.557371 -0.49890625
vn -0.7106292 -0.5299417 -0.4627829
vn -0.5631745 -0.5933969 -0.5750779
vn -0.10468322 -0.7822919 -0.6140528
vn -0.13464618 -0.8389286 -0.52732277
vn -0.15894939 -0.83604896 -0.5251259
vn -0.14790885 -0.88507897 -0.44131416
vn -0.17274097 -0.87881684 -0.44479388
vn -0.13052593 -0.9210597 -0.36689493
vn -0.15637416 -0.9094344 -0.38532606
vn -0.097818755 -0.9800255 -0.173152
vn -0.12251587 -0.9760248 -0.17990403
vn -0.14556599 -0.98849803 0.041014485
vn -0.13309689 -0.98869354 0.069067426
vn -0.15412544 -0.9382706 0.30966696
vn -0.1648848 -0.94426864 0.28490296
vn -0.17685257 -0.80348665 0.5684474
vn -0.18920399 -0.77047974 0.6087387
vn -0.18200994 -0.6069708 0.77360123
vn -0.17396384 -0.622275 0.7632237
vn -0.1159129 -0.3975369 0.91023546
vn -0.13889569 -0.38997543 0.9102896
vn -0.15639102 -0.11751761 0.98067904
vn -0.13053986 -0.13928431 0.98161054
vn -0.17275202 -0.050699312 0.9836597
vn -0.1479263 -0.056827474 0.9873644
vn -0.15895458 0.040267933 0.9864643
vn -0.13468319 0.04074841 0.9900505
vn -0.1047074 0.14420144 0.983993
vn -0.5627429 0.20425053 0.80100065
vn -0.7105884 0.13828465 0.6898852
vn -0.6635964 0.15597582 0.73164976
vn -0.7537174 0.115298875 0.6470056
vn -0.7532893 0.10538442 0.6491914
vn -0.79062945 0.08981591 0.60567164
vn -0.8105765 0.09390693 0.57805467
vn -0.88693404 0.073031895 0.45608598
vn -0.9230073 0.0997499 0.37162817
vn -0.98567456 0.06897846 0.15390791
vn -0.9610256 0.066658035 0.268303
vn -0.38885838 0.88137615 0.26826328
vn -0.025115078 0.9498877 0.31158063
vn -0.38640437 0.61416185 0.68811107
vn -0.17251831 -0.36373654 -0.9153869
vn -0.08596446 -0.042378694 -0.9953965
vn -0.5134612 -0.49926358 0.6979208
vn -0.7850744 -0.34636015 0.5135103
vn -0.5130873 -0.5718293 0.6401192
vn -0.34632242 -0.62082034 -0.7033086
vn -0.8213559 -0.43085977 0.37381065
vn -0.11483721 -0.20827585 -0.97130513
vn -0.08675474 -0.20886494 -0.9740888
vn -0.83440816 -0.115549594 -0.5388982
vn -0.9392946 -0.071945764 -0.335484
vn -0.99066293 -0.028579827 -0.13330491
vn -0.99266475 -0.025349818 -0.118211746
vn -0.99071336 -0.042972673 -0.12899795
vn -0.9926772 -0.03827221 -0.114574246
vn -0.9906725 -0.05869397 -0.12297566
vn -0.9926678 -0.052063745 -0.10908711
vn -0.9913687 -0.06681971 -0.11279746
vn -0.99023795 -0.06884317 -0.121200226
vn -0.9373728 -0.1839536 -0.29579264
vn -0.93941575 -0.14764903 -0.30935067
vn -0.9395995 -0.108222656 -0.32471612
vn -0.8348067 -0.23714262 -0.49685118
vn -0.83589846 -0.17321241 -0.52083707
vn -0.12314914 -0.4231417 -0.8976555
vn -0.1405786 -0.49862528 -0.8553423
vn -0.8375911 -0.27713117 -0.4707859
vn -0.115234904 -0.31350031 -0.94257015
vn -0.084630124 -0.40475702 -0.9104996
vn -0.08693704 -0.3143361 -0.9453226
vn -0.0901511 -0.49638373 -0.8634095
vn -0.07620365 -0.4525462 -0.888479
vn -0.36802647 -0.8969339 0.24508405
vn -0.9781908 -0.15460555 -0.13870814
vn -0.38885474 -0.6939011 0.6060473
vn -0.2738423 -0.93442494 -0.22772881
vn -0.16639978 -0.73395085 -0.6585038
vn -0.38640544 -0.2780138 0.8794312
vn -0.2989458 0.24898826 0.9212145
vn -0.21433935 0.7270291 0.6522939
vn -0.27381623 -0.32736063 -0.90435594
vn -0.36802462 0.14670932 -0.91816896
vn -0.38883343 0.52750343 -0.7553468
vn -0.29891965 0.94273645 0.14796954
vn -0.38641337 0.84422344 -0.37144503
vn -0.018991344 -0.74419326 -0.66769433
vn -0.2738423 -0.93442494 -0.22772881
vn -0.026709322 -0.96886593 -0.2461411
vn -0.026701637 -0.3493897 -0.936597
vn -0.027791834 0.17985408 -0.9833007
vn -0.025105547 0.5898518 -0.8071211
vn -0.03079014 0.9897119 0.13972276
vn -0.21433935 0.7270291 0.6522939
vn -0.02599783 0.91957694 -0.39204895
vn -0.03079014 0.9897119 0.13972276
vn -0.030798962 0.7439741 0.66749823
vn -0.030788573 0.24587442 0.9688126
vn -0.21433935 0.7270291 0.6522939
vn -0.38640544 -0.2780138 0.8794312
vn -0.025995811 -0.29035807 0.9565649
vn -0.38885474 -0.6939011 0.6060473
vn -0.025114099 -0.7386331 0.6736397
vn -0.02780503 -0.95810926 0.28504995
vn -0.2738423 -0.93442494 -0.22772881
vn -0.026709322 -0.96886593 -0.2461411
vn -0.38885474 -0.6939011 0.6060473
vn -0.026709322 -0.96886593 -0.2461411
vn -0.94884765 -0.1951143 -0.2482308
vn -0.98787606 -0.081786394 -0.13195415
vn -0.99956274 -0.022010962 -0.01974451
vn -0.96159416 -0.20431195 -0.18328467
vn -0.19221017 0.73044384 0.65536785
vn -0.18209139 0.14077477 0.9731522
vn -0.1775966 0.7324902 0.65720433
vn -0.16843441 0.2277099 0.9590506
vn -0.12315234 -0.59138584 0.7969293
vn -0.13255939 -0.63863564 0.7580056
vn -0.11356201 -0.67177624 0.73199755
vn -0.12396184 -0.65923244 0.74165094
vn -0.12031822 -0.5815746 0.8045461
vn -0.1296463 -0.57697225 0.80640864
vn -0.62397176 -0.4169021 0.6609478
vn -0.18363246 -0.43026745 0.8838264
vn -0.71234477 -0.28487355 0.64141405
vn -0.22072561 -0.3647633 0.90455955
vn -0.75375354 -0.23480839 0.61377573
vn -0.3578957 -0.37320793 0.85593605
vn -0.8139249 -0.18694629 0.55007035
vn -0.25083253 -0.57180196 0.7811053
vn -0.16138053 -0.44086748 0.8829452
vn -0.1757532 -0.37004054 0.91223943
vn -0.63463336 -0.43182057 0.6409145
vn -0.7538056 -0.25698718 0.6047601
vn -0.7872861 -0.21426071 0.57816344
vn -0.81350803 -0.19186825 0.54899114
vn -0.2650625 -0.43637618 0.85983586
vn -0.3346022 -0.32340777 0.8851264
vn -0.2650625 -0.43637618 0.85983586
vn -0.5741551 -0.5278924 0.6258398
vn -0.2650625 -0.43637618 0.85983586
vn -0.4157605 -0.29129556 0.8615626
vn -0.43397298 -0.2421543 0.8677723
vn -0.51338035 0.7415623 0.4318865
vn -0.78508025 0.5264472 0.326347
vn -0.51300853 0.7840614 0.34938514
vn -0.82134646 0.54626155 0.164281
vn -0.19504413 -0.46841577 0.8617102
vn 0.02163491 -0.3260814 0.94509405
vn -0.095552966 -0.9625436 0.25373107
vn -0.80637527 -0.20415945 0.55504763
vn -0.4157605 -0.29129556 0.8615626
vn -0.17255594 -0.043515455 -0.98403805
vn -0.08592942 -0.36936885 -0.92530143
vn -0.9915739 -0.10566832 -0.07493543
vn -0.9906891 -0.10595559 -0.085489914
vn -0.9908415 -0.10766075 -0.08150018
vn -0.9926617 -0.09411328 -0.075930774
vn -0.9964338 -0.073669836 -0.04113968
vn -0.99036413 -0.118805625 -0.07116211
vn -0.9396906 -0.2656063 -0.21548751
vn -0.94367033 -0.27135852 -0.18934321
vn -0.9681459 -0.24441598 0.054353565
vn -0.8415212 -0.41798824 -0.3422395
vn -0.8885302 -0.38447687 -0.25038302
vn -0.122227475 -0.75959146 -0.6388124
vn -0.15455839 -0.8203387 -0.5505961
vn -0.9555198 -0.29486623 0.0059887143
vn -0.9902401 -0.12791792 -0.055331156
vn -0.99177563 -0.11696525 -0.05196367
vn -0.99137014 -0.119348384 -0.05423305
vn -0.9926681 -0.114073284 -0.039967064
vn -0.9906735 -0.1285921 -0.045058113
vn -0.9926718 -0.11803475 -0.025895933
vn -0.99069947 -0.13292289 -0.02908612
vn -0.9373739 -0.3139423 -0.15089865
vn -0.93941647 -0.32349482 -0.11334803
vn -0.9395369 -0.33451742 -0.07327003
vn -0.83480173 -0.5195795 -0.18205276
vn -0.8355655 -0.5367158 -0.1173301
vn -0.12314234 -0.9381261 -0.32365954
vn -0.14057635 -0.9042183 -0.40327102
vn -0.8375836 -0.49799418 -0.22462323
vn -0.11520069 -0.9704156 -0.21218485
vn -0.08377304 -0.95202255 -0.29433852
vn -0.08694938 -0.97323173 -0.21274358
vn -0.09023373 -0.91197354 -0.40020266
vn -0.06880442 -0.94485533 -0.32017866
vn -0.17255594 -0.043515455 -0.98403805
vn -0.08592942 -0.36936885 -0.92530143
vn -0.54491895 0.01113117 -0.8384148
vn -0.36387148 0.25580317 -0.8956351
vn -0.82134646 0.54626155 0.164281
vn -0.78508025 0.5264472 0.326347
vn -0.43397298 -0.2421543 0.8677723
vn -0.80637527 -0.20415945 0.55504763
vn -0.81350803 -0.19186825 0.54899114
vn -0.8139249 -0.18694629 0.55007035
vn -0.3578957 -0.37320793 0.85593605
vn -0.19504413 -0.46841577 0.8617102
vn -0.19504413 -0.46841577 0.8617102
vn -0.095552966 -0.9625436 0.25373107
vn -0.08988382 -0.82313335 -0.5606891
vn -0.08572744 -0.757276 -0.64744407
vn -0.12109947 -0.7070247 -0.69674313
vn -0.84308755 -0.3789159 -0.38160986
vn -0.89213854 -0.27488607 -0.3585058
vn -0.15747376 -0.60831934 -0.77791363
vn -0.9398814 -0.23950611 -0.24343331
vn -0.99068993 -0.09526508 -0.09725259
vn -0.99266535 -0.08455826 -0.08640269
vn -0.99137866 -0.085769534 -0.09905514
vn -0.9908732 -0.09183939 -0.098670155
vn -0.9964338 -0.048853975 -0.068797134
vn -0.9903621 -0.083597 -0.11042867
vn -0.9442773 -0.21232979 -0.2515083
vn -0.9681467 0.027616756 -0.24885611
vn -0.9555195 -0.025948172 -0.29378423
vn -0.99023795 -0.06884317 -0.121200226
vn -0.99177504 -0.06430543 -0.11066651
vn -0.9913687 -0.06681971 -0.11279746
vn -0.7850817 0.38133425 0.48808903
vn -0.82136744 0.22234246 0.5252803
vn -0.3638691 -0.8627384 0.35111508
vn -0.43385968 0.83657295 -0.33453175
vn -0.8064467 0.5296377 -0.26292142
vn -0.8134831 0.52507204 -0.2500892
vn -0.8139296 0.5266393 -0.24529472
vn -0.35792932 0.81057817 -0.4635188
vn -0.19504225 0.806038 -0.5588033
vn -0.9373728 -0.1839536 -0.29579264
vn -0.8375911 -0.27713117 -0.4707859
vn -0.54493076 -0.8322949 0.1016647
vn -0.1405786 -0.49862528 -0.8553423
vn -0.17250542 -0.98298883 0.06304577
vn -0.0901511 -0.49638373 -0.8634095
vn -0.085946515 -0.9597502 -0.26738122
vn -0.19504225 0.806038 -0.5588033
vn -0.09553649 0.14817964 -0.9843351
vn -0.08959401 -0.6215335 -0.7782474
vn -0.08480412 -0.7225925 -0.68605274
vn -0.0757495 -0.6823809 -0.72706133
vn -0.08152477 -0.8094056 -0.58156365
vn -0.99771273 -0.055639975 -0.038386602
vn -0.9656289 -0.15056156 -0.21187739
vn -0.9740008 -0.07631999 -0.21330161
vn -0.94679326 -0.21696141 -0.237719
vn -0.96226436 -0.05228128 -0.26704684
vn -0.97619414 -0.17266494 -0.13126987
vn -0.9675155 -0.065278314 -0.24423856
vn -0.9747074 -0.1661987 -0.1494104
vn -0.97585523 -0.048187025 -0.21303669
vn -0.9753553 -0.17048207 -0.14006393
vn -0.9944319 0.021904506 -0.10307951
vn -0.9936486 -0.10729039 -0.033931088
vn -0.9970955 0.058987048 -0.048177637
vn -0.9961019 -0.08635405 0.017998666
vn -0.99686694 0.0691878 -0.038332768
vn -0.9938303 -0.10055079 0.04680581
vn -0.32992998 0.8455867 -0.41967762
vn -0.32644188 0.7888557 -0.5207134
vn -0.35637394 0.8471294 -0.39416927
vn -0.35093436 0.8561739 -0.37922466
vn -0.9675236 -0.16661493 -0.19009906
vn -0.97558814 -0.19923507 -0.09237523
vn -0.96684116 -0.124965936 -0.2227144
vn -0.9488511 -0.26785207 -0.16714306
vn -0.98787594 -0.14001527 -0.0670587
vn -0.18210867 0.9826621 0.03480926
vn -0.168445 0.97803533 0.12277303
vn -0.13256702 0.6845399 -0.7168202
vn -0.12314439 0.7283386 -0.6740612
vn -0.18210867 0.9826621 0.03480926
vn -0.11354993 0.65510696 -0.7469547
vn -0.12396408 0.6660568 -0.7355279
vn -0.12029911 0.7369815 -0.6651213
vn -0.12963915 0.7393327 -0.6607427
vn -0.1613526 0.830132 -0.53370976
vn -0.18361658 0.8321501 -0.5232697
vn -0.17573687 0.86690223 -0.46647292
vn -0.22072871 0.8598344 -0.46039522
vn -0.71234965 0.60686463 -0.35252416
vn -0.6240141 0.6119836 -0.48588324
vn -0.75375897 0.5847991 -0.29976246
vn -0.35792932 0.81057817 -0.4635188
vn -0.8139296 0.5266393 -0.24529472
vn -0.25119796 0.71465397 -0.6528164
vn -0.6346743 0.5904607 -0.49854252
vn -0.75381184 0.5734385 -0.32083628
vn -0.6240141 0.6119836 -0.48588324
vn -0.7873008 0.5516039 -0.2754822
vn -0.8134831 0.52507204 -0.2500892
vn -0.2650473 0.8076453 -0.52674365
vn -0.574073 0.5651985 -0.5924447
vn -0.334561 0.8449935 -0.417199
vn -0.4157206 0.8250464 -0.38272035
vn -0.43385968 0.83657295 -0.33453175
vn -0.8064467 0.5296377 -0.26292142
vn -0.5134014 0.509504 0.690525
vn -0.51302254 0.4320904 0.7416912
vn -0.7850817 0.38133425 0.48808903
vn -0.43385968 0.83657295 -0.33453175
vn -0.82136744 0.22234246 0.5252803
vn -0.6240141 0.6119836 -0.48588324
vn -0.12963915 0.7393327 -0.6607427
vn -0.18361658 0.8321501 -0.5232697
vn -0.12963915 0.7393327 -0.6607427
vn 0.021677006 0.90432006 -0.4263042
vn -0.19504225 0.806038 -0.5588033
vn -0.09553649 0.14817964 -0.9843351
vn -0.03079014 0.9897119 0.13972276
vn -0.17250542 -0.98298883 0.06304577
vn -0.085946515 -0.9597502 -0.26738122
vn -0.115080155 -0.9880989 -0.10206449
vn -0.08688516 -0.9909442 -0.102374844
vn -0.83521503 -0.5470128 -0.056505058
vn -0.93945634 -0.34085512 -0.03520688
vn -0.99068815 -0.13543044 -0.013988039
vn -0.99266875 -0.12022667 -0.012420761
vn -0.9906976 -0.13607018 0.0017737394
vn -0.9926738 -0.12081413 0.0016340638
vn -0.9906769 -0.13506287 0.017813468
vn -0.9926726 -0.119796626 0.01580407
vn -0.9913736 -0.1278883 0.028686555
vn -0.99024415 -0.13649762 0.028016692
vn -0.93737197 -0.33816132 0.08355056
vn -0.9394142 -0.33984032 0.04482734
vn -0.9395166 -0.34247318 0.0045452737
vn -0.8348129 -0.545806 0.071994714
vn -0.83545935 -0.54950607 0.0071250275
vn -0.12311144 -0.9844825 0.12505126
vn -0.14054662 -0.9675593 0.20994194
vn -0.8375961 -0.5333739 0.11808901
vn -0.11516289 -0.9932627 0.012914352
vn -0.084659696 -0.990925 0.10440495
vn -0.08694051 -0.99612975 0.012915984
vn -0.09010405 -0.974535 0.20533583
vn -0.17254992 -0.24377568 0.9543584
vn -0.08593407 -0.55074435 0.8302385
vn -0.5449282 -0.16049822 0.8229785
vn -0.36386347 0.067323744 0.9290161
vn -0.821347 0.56830823 -0.049141366
vn -0.991786 -0.12504202 0.026927212
vn -0.9903749 -0.13077141 0.045347042
vn -0.9913882 -0.120645955 0.05093099
vn -0.99643743 -0.080481924 0.025200477
vn -0.9908797 -0.12217629 0.056836132
vn -0.9906977 -0.12188207 0.06052143
vn -0.99267304 -0.10824642 0.05369264
vn -0.99069816 -0.11399264 0.07431564
vn -0.9926703 -0.10123768 0.06600409
vn -0.9915835 -0.10386126 0.077298164
vn -0.9908504 -0.11072351 0.07717411
vn -0.99643546 -0.06187625 0.057338335
vn -0.9903828 -0.104299106 0.090904884
vn -0.93969023 -0.2870166 0.18602103
vn -0.9436702 -0.26392797 0.1995707
vn -0.9681462 -0.02382771 0.24924925
vn -0.84152126 -0.45465508 0.29177165
vn -0.8885266 -0.35694 0.28829548
vn -0.1221498 -0.8422712 0.5250321
vn -0.15449247 -0.7770925 0.6101306
vn -0.9555218 -0.08544447 0.2822718
vn -0.9902565 -0.09207835 0.104469016
vn -0.99179286 -0.085476555 0.09508241
vn -0.99137944 -0.08841001 0.096697636
vn -0.9926789 -0.07320976 0.0960672
vn -0.9906842 -0.0825446 0.10831033
vn -0.99267083 -0.06194712 0.10376481
vn -0.99067825 -0.06982672 0.11696501
vn -0.9373715 -0.24053381 0.25194874
vn -0.9394144 -0.2077682 0.27264097
vn -0.93938977 -0.17585702 0.29431483
vn -0.83480597 -0.3336968 0.43788755
vn -0.834802 -0.28242767 0.47258887
vn -0.12304034 -0.59774435 0.7921886
vn -0.1404927 -0.6630205 0.73529977
vn -0.8375893 -0.3675177 0.40419647
vn -0.115019314 -0.5096267 0.852673
vn -0.08403842 -0.5772719 0.8122159
vn -0.086881556 -0.5110774 0.85513246
vn -0.090121694 -0.66253054 0.7435936
vn -0.07205102 -0.6094423 0.78954977
vn -0.17252432 -0.9493251 -0.26271123
vn -0.0859402 -0.9941531 0.06537539
vn -0.5448727 -0.7939613 -0.26970214
vn -0.36391112 -0.77273977 -0.5200404
vn -0.821353 0.32502824 -0.46875995
vn -0.7850765 0.47304338 -0.39985603
vn -0.43391463 0.75049424 0.4984742
vn -0.80638176 0.46479473 0.36566973
vn -0.81350857 0.46283135 0.3521234
vn -0.81392735 0.46537155 0.3477811
vn -0.35788876 0.698717 0.6194435
vn -0.19505505 0.6747759 0.71178013
vn -0.19505505 0.6747759 0.71178013
vn -0.09555579 -0.05623259 0.9938345
vn -0.08978855 -0.7876898 0.60949385
vn -0.08544757 -0.85089713 0.51833653
vn -0.12102642 -0.881147 0.45709142
vn -0.8430887 -0.48002276 0.24244502
vn -0.8921394 -0.4259025 0.15064636
vn -0.15741715 -0.9278545 0.3380915
vn -0.9398798 -0.30553484 0.15255974
vn -0.94427437 -0.3048212 0.12421736
vn -0.9681448 -0.22815555 -0.10315417
vn -0.9555218 -0.28741226 -0.066123635
vn -0.08465158 -0.8751822 0.47632998
vn -0.089546934 -0.9322555 0.3505438
vn -0.07502103 -0.9003125 0.4287299
vn -0.80642086 -0.08638015 -0.5849991
vn -0.43383572 -0.059649363 -0.8990153
vn -0.7850339 0.58209306 -0.21187115
vn -0.81349915 -0.075592995 -0.5766323
vn -0.8139378 -0.07055561 -0.5766517
vn -0.35790795 -0.19034812 -0.91414964
vn -0.19502656 -0.28236684 -0.93927294
vn -0.19502656 -0.28236684 -0.93927294
vn -0.09556673 -0.89036393 -0.44510567
vn -0.36802563 -0.044011153 0.9287735
vn -0.9781906 -0.1796958 0.104175866
vn -0.38885316 0.36195555 0.8472198
vn -0.27384102 -0.5053364 0.81831914
vn -0.1664061 -0.85307693 0.4945389
vn -0.38639566 0.75048184 0.5361673
vn -0.29891688 0.95307785 0.04786769
vn -0.21432862 0.84502524 -0.48989347
vn -0.019002112 -0.86498004 0.5014464
vn -0.026704045 -0.5334891 0.84538525
vn -0.027800726 -0.024895595 0.9993034
vn -0.025111992 0.41243613 0.91064036
vn -0.030781677 0.9973753 0.06553596
vn -0.21432862 0.84502524 -0.48989347
vn -0.030795915 0.8647196 -0.50130993
vn -0.025993634 0.8200165 0.5717494
vn -0.94885504 -0.2963537 0.10885144
vn -0.9878734 -0.15078396 0.037018787
vn -0.9995631 -0.025570858 0.0148240905
vn -0.9615759 -0.23751082 0.13769634
vn -0.19221 0.84902984 -0.49214184
vn -0.18210422 0.96903294 0.16677293
vn -0.17759709 0.8514128 -0.4935135
vn -0.16844328 0.98248434 0.07969563
vn -0.13256817 0.5235475 0.8416197
vn -0.12314656 0.5751629 0.8087166
vn -0.18210422 0.96903294 0.16677293
vn -0.11355626 0.48858365 0.8650959
vn -0.12396598 0.5016378 0.8561495
vn -0.1203029 0.5854535 0.8017303
vn -0.12962125 0.58865255 0.79792637
vn -0.1613757 0.70349735 0.69213396
vn -0.18361555 0.70761496 0.6823242
vn -0.17575723 0.7532385 0.6338305
vn -0.22071755 0.7475691 0.6264377
vn -0.71233344 0.52200335 0.4691413
vn -0.62397003 0.49975458 0.60075516
vn -0.7537456 0.511187 0.41298348
vn -0.35788876 0.698717 0.6194435
vn -0.81392735 0.46537155 0.3477811
vn -0.25088185 0.5661805 0.78517383
vn -0.6347452 0.47602767 0.608684
vn -0.62397003 0.49975458 0.60075516
vn -0.7538084 0.49574894 0.431284
vn -0.7872896 0.48365483 0.38243043
vn -0.81350857 0.46283135 0.3521234
vn -0.26512206 0.68289614 0.68070775
vn -0.5743077 0.4319649 0.6953971
vn -0.33466032 0.7418326 0.58110833
vn -0.4157423 0.729378 0.543292
vn -0.43391463 0.75049424 0.4984742
vn -0.80638176 0.46479473 0.36566973
vn -0.51345867 0.6398753 -0.57176894
vn -0.51307714 0.5745555 -0.63768166
vn -0.7850765 0.47304338 -0.39985603
vn -0.43391463 0.75049424 0.4984742
vn -0.821353 0.32502824 -0.46875995
vn -0.62397003 0.49975458 0.60075516
vn -0.18361555 0.70761496 0.6823242
vn -0.12962125 0.58865255 0.79792637
vn -0.12962125 0.58865255 0.79792637
vn -0.19505505 0.6747759 0.71178013
vn 0.021689061 0.79807746 0.60216445
vn -0.09555579 -0.05623259 0.9938345
vn -0.17252432 -0.9493251 -0.26271123
vn -0.0859402 -0.9941531 0.06537539
vn -0.9977127 -0.053707823 0.041047227
vn -0.9656087 -0.24810281 0.07774843
vn -0.9739798 -0.22653696 0.0066709504
vn -0.94676626 -0.2932008 0.13291708
vn -0.3680256 -0.8278952 -0.4232572
vn -0.27384463 -0.961245 0.031892657
vn -0.38884398 -0.5553739 -0.7350919
vn -0.38640577 -0.092381276 -0.9176907
vn -0.29891616 0.43203214 -0.8508803
vn -0.27384463 -0.961245 0.031892657
vn -0.026716912 -0.9987232 0.042873308
vn -0.02780774 -0.87960786 -0.4748861
vn -0.27384463 -0.961245 0.031892657
vn -0.026716912 -0.9987232 0.042873308
vn -0.025119863 -0.5853441 -0.8103957
vn -0.38884398 -0.5553739 -0.7350919
vn -0.96683943 -0.25043643 0.050031092
vn -0.9755884 -0.14942959 0.16092926
vn -0.9675239 -0.23228505 0.09970529
vn -0.96751493 -0.252459 -0.0133927455
vn -0.9761915 -0.17820008 0.12367263
vn -0.96226233 -0.27013892 -0.032805856
vn -0.9747068 -0.1934536 0.11190308
vn -0.9758549 -0.21750234 -0.01999921
vn -0.975355 -0.18589088 0.118857644
vn -0.9944319 -0.091263786 -0.0526883
vn -0.99364805 -0.065425515 0.0915593
vn -0.99709547 -0.027592495 -0.0709882
vn -0.9961014 -0.00956631 0.0876962
vn -0.99686635 -0.015082349 -0.07765319
vn -0.9938296 0.01344035 0.110100314
vn -0.32998857 -0.13784938 -0.93386567
vn -0.32652807 -0.25146508 -0.91112274
vn -0.35639548 -0.11310653 -0.9274638
vn -0.35090357 -0.09609506 -0.9314679
vn -0.43383572 -0.059649363 -0.8990153
vn -0.4156982 -0.10903352 -0.9029433
vn -0.43383572 -0.059649363 -0.8990153
vn -0.33458716 -0.1356458 -0.93255115
vn -0.2650225 -0.25138903 -0.9308956
vn -0.5743244 -0.38880163 -0.72040594
vn -0.12395934 -0.49370924 -0.8607469
vn -0.13255434 -0.4701911 -0.8725535
vn -0.113561325 -0.50795746 -0.8538636
vn -0.12315031 -0.41599423 -0.9009899
vn -0.18209678 0.33678913 -0.923804
vn -0.16844867 0.4190262 -0.892212
vn -0.12031897 -0.40484688 -0.9064339
vn -0.12964542 -0.3999571 -0.90731823
vn -0.62397784 -0.27300763 -0.73220104
vn -0.1836433 -0.24050711 -0.9531167
vn -0.7123503 -0.14773454 -0.68609875
vn -0.22073932 -0.17215025 -0.96002
vn -0.75376105 -0.10437737 -0.64880633
vn -0.35790795 -0.19034812 -0.91414964
vn -0.8139378 -0.07055561 -0.5766517
vn -0.25083765 -0.4001065 -0.8814733
vn -0.1613771 -0.25106293 -0.9544238
vn -0.17574348 -0.17574938 -0.9686209
vn -0.6347599 -0.29167706 -0.7155449
vn -0.75381535 -0.12793405 -0.6445116
vn -0.7873025 -0.09154648 -0.60973275
vn -0.81349915 -0.075592995 -0.5766323
vn -0.2650225 -0.25138903 -0.9308956
vn -0.2650225 -0.25138903 -0.9308956
vn -0.80642086 -0.08638015 -0.5849991
vn 0.02166666 -0.12600316 -0.9917932
vn -0.19502656 -0.28236684 -0.93927294
vn -0.09556673 -0.89036393 -0.44510567
vn -0.9878752 -0.10705091 0.11243959
vn -0.9488563 -0.24171886 0.20308547
vn -0.026716912 -0.9987232 0.042873308
vn -0.14556012 0.8238193 0.5478448
vn -0.15411481 0.94109786 0.30097082
vn -0.13308229 0.8404667 0.5252665
vn -0.1768442 0.98416084 0.012396461
vn -0.09782194 0.6910767 0.7161312
vn -0.12252403 0.68387055 0.719242
vn -0.15639113 0.50926435 0.84628105
vn -0.13053438 0.52949893 0.83820736
vn -0.17275576 0.44953635 0.8763975
vn -0.14792486 0.45664683 0.8772639
vn -0.15895788 0.36771238 0.9162532
vn -0.13468666 0.3687421 0.91972214
vn -0.1047249 0.2719318 0.95660114
vn -0.21432862 0.84502524 -0.48989347
vn -0.030794779 0.4387041 -0.8981038
vn -0.29891616 0.43203214 -0.8508803
vn -0.026003387 -0.08868676 -0.9957201
vn -0.29891616 0.43203214 -0.8508803
vn -0.38884398 -0.5553739 -0.7350919
vn -0.4156982 -0.10903352 -0.9029433
vn -0.5134133 0.8141648 -0.271187
vn -0.7850339 0.58209306 -0.21187115
vn -0.5130342 0.8389083 -0.18173814
vn -0.821347 0.56830823 -0.049141366
vn -0.17254992 -0.24377568 0.9543584
vn -0.08593407 -0.55074435 0.8302385
vn -0.11542884 -0.40239212 0.9081612
vn -0.08702242 -0.40357172 0.9108002
vn -0.83664703 -0.22189389 0.5007843
vn -0.93974125 -0.13849932 0.31257695
vn -0.99074113 -0.05499776 0.12412589
vn -0.9926839 -0.04891271 0.11039124
vn -0.9906761 -0.03932195 0.13043998
vn -0.99267244 -0.034881026 0.115692705
vn -0.9906877 -0.024780968 0.13387983
vn -0.9926827 -0.021975668 0.11873581
vn -0.9913829 -0.012236677 0.1304229
vn -0.99025947 -0.015525457 0.13836592
vn -0.9373707 -0.025048507 0.34743166
vn -0.9394138 -0.062381938 0.33706126
vn -0.93936694 -0.09883402 0.32836196
vn -0.83480805 -0.100189425 0.541348
vn -0.8346811 -0.15864262 0.5273899
vn -0.12300015 -0.18525605 0.9749621
vn -0.14045006 -0.09923558 0.9851021
vn -0.83759385 -0.052528877 0.5437622
vn -0.11497486 -0.28611523 0.95127225
vn -0.08397217 -0.21248072 0.9735505
vn -0.08686277 -0.28693324 0.9540043
vn -0.09000861 -0.10590681 0.990294
vn -0.17257093 0.83231205 0.52675986
vn -0.08593572 0.61932075 0.78042096
vn -0.5449322 0.7331012 0.40695402
vn -0.3638619 0.9043517 0.22305258
vn -0.8213613 0.12885587 -0.55566335
vn -0.99180377 -0.013023911 0.12710497
vn -0.9903944 0.0027168067 0.13824435
vn -0.99139935 0.011144023 0.13039619
vn -0.9964403 -9.1632275E-4 0.08429637
vn -0.99088955 0.016290644 0.13368808
vn -0.99070764 0.019889917 0.13454655
vn -0.9926827 0.017605701 0.119461656
vn -0.9907069 0.035438254 0.13131633
vn -0.9926788 0.031472158 0.11661162
vn -0.9915931 0.041398928 0.1225938
vn -0.9908583 0.039159283 0.12909807
vn -0.9964398 0.03538997 0.076520264
vn -0.9903962 0.054190215 0.12719573
vn -0.9396891 0.08822626 0.33045503
vn -0.9436711 0.10823901 0.3126806
vn -0.9681516 0.22966598 0.09967909
vn -0.84151804 0.13700166 0.5225686
vn -0.88852364 0.16388412 0.42856473
vn -0.122049585 0.2390954 0.96329504
vn -0.15440735 0.34020454 0.92758787
vn -0.95552486 0.24203254 0.16850069
vn -0.9902633 0.070875354 0.11981339
vn -0.9918051 0.06397719 0.110587694
vn -0.9913849 0.06462674 0.11392642
vn -0.99268496 0.06871441 0.09927174
vn -0.99069047 0.07747953 0.11193394
vn -0.992675 0.07938083 0.091077
vn -0.9906803 0.089492775 0.102682166
vn -0.93736964 0.16528685 0.30662432
vn -0.93941236 0.19509761 0.2818534
vn -0.9393696 0.22518127 0.25860804
vn -0.8348053 0.31334066 0.45267832
vn -0.834716 0.36155805 0.41536132
vn -0.12296623 0.56870234 0.8133001
vn -0.1404236 0.49437654 0.8578304
vn -0.83759385 0.27083972 0.47442856
vn -0.11493702 0.6521804 0.7492999
vn -0.08416455 0.59237427 0.8012547
vn -0.08681581 0.65405667 0.7514472
vn -0.090031676 0.50237733 0.85994846
vn -0.17252482 -0.5431573 0.82171494
vn -0.08593571 -0.24488668 0.9657358
vn -0.5449172 -0.5018107 0.6717523
vn -0.3638454 -0.7334055 0.57422376
vn -0.82132846 -0.34537512 -0.4540216
vn -0.78506553 -0.2340887 -0.57347596
vn -0.43392605 0.70599306 -0.55971605
vn -0.80637115 0.49142125 -0.32904515
vn -0.81351054 0.4779072 -0.33136892
vn -0.8139364 0.47455254 -0.33512306
vn -0.35789222 0.8050349 -0.47310892
vn -0.1950348 0.88545394 -0.42182082
vn -0.09555344 0.9278731 0.36044562
vn -0.08968977 0.33626455 0.937487
vn -0.08527809 0.2294775 0.96957093
vn -0.080104746 0.30682915 0.9483876
vn -0.12092346 0.16240454 0.9792866
vn -0.8430871 0.08224763 0.53145045
vn -0.89213645 0.011655591 0.45161566
vn -0.15733121 0.034660455 0.98693746
vn -0.9398784 0.05068044 0.33772776
vn -0.9442747 0.023945438 0.32828614
vn -0.96814835 -0.16862059 0.18508364
vn -0.9555213 -0.15168934 0.2529218
vn -0.08477556 0.17764126 0.980437
vn -0.0893809 0.04518304 0.9949721
vn -0.8063756 -0.5831205 -0.09863439
vn -0.43398595 -0.8733782 -0.22105792
vn -0.78508615 -0.02160712 -0.6190096
vn -0.8134979 -0.5717715 -0.10629421
vn -0.81393194 -0.5702388 -0.11109662
vn -0.3579002 -0.92823327 -0.10144211
vn -0.19503644 -0.9805561 -0.021692501
vn -0.095539466 -0.69845474 0.70924836
vn -0.077158906 0.11207048 0.9907001
vn -0.36802718 0.8696913 0.3289272
vn -0.9781906 0.04354588 0.20309323
vn -0.3888424 0.9176079 -0.08244592
vn -0.27383757 0.6221054 0.7334834
vn -0.16641462 0.20673 0.96414155
vn -0.386405 0.74185264 -0.5480381
vn -0.29891714 0.3400904 -0.89162046
vn -0.21432844 -0.20479742 -0.9550504
vn -0.019007903 0.20961657 0.9775989
vn -0.026716119 0.6391489 0.7686188
vn -0.027793804 0.9426777 0.33254516
vn -0.94884986 0.011947278 0.31550166
vn -0.96752435 0.08218352 0.23904479
vn -0.987874 -0.011396548 0.15483908
vn -0.9995633 0.0061963247 0.028894061
vn -0.9615787 0.05757276 0.26842466
vn -0.027793804 0.9426777 0.33254516
vn -0.025109155 0.99352187 -0.11083209
vn -0.02599749 0.7971742 -0.6031894
vn -0.3888424 0.9176079 -0.08244592
vn -0.386405 0.74185264 -0.5480381
vn -0.03078278 0.37059078 -0.92828596
vn -0.29891714 0.3400904 -0.89162046
vn -0.21432844 -0.20479742 -0.9550504
vn -0.030791098 -0.20956661 -0.9773094
vn -0.19220927 -0.20576644 -0.95953935
vn -0.18210214 0.4580664 -0.8700655
vn -0.17759123 -0.20634675 -0.9622278
vn -0.16843519 0.37941426 -0.90976614
vn -0.12314252 0.9468713 -0.29710376
vn -0.13255861 0.9622154 -0.23784387
vn -0.11355341 0.97373646 -0.19733952
vn -0.123958476 0.9692626 -0.21251896
vn -0.12030278 0.9434076 -0.3090459
vn -0.12963852 0.94077784 -0.3132586
vn -0.16136514 0.87565213 -0.45518628
vn -0.18364134 0.86758965 -0.4621299
vn -0.17574249 0.83557177 -0.5205136
vn -0.22073632 0.8267818 -0.5174044
vn -0.7123569 0.60746706 -0.35147023
vn -0.6239665 0.72578955 -0.28964677
vn -0.12963852 0.94077784 -0.3132586
vn -0.7537655 0.55071473 -0.35854003
vn -0.35789222 0.8050349 -0.47310892
vn -0.8139364 0.47455254 -0.33512306
vn -0.2510928 0.92166007 -0.29579574
vn -0.6347852 0.7259651 -0.26461756
vn -0.75382096 0.5633567 -0.33820584
vn -0.7872974 0.5131611 -0.3418018
vn -0.81351054 0.4779072 -0.33136892
vn -0.26517025 0.85839576 -0.43913728
vn -0.5741511 0.7949304 -0.1960517
vn -0.3346495 0.78188556 -0.52598923
vn -0.41576067 0.74207175 -0.52580667
vn -0.43392605 0.70599306 -0.55971605
vn -0.80637115 0.49142125 -0.32904515
vn -0.43392605 0.70599306 -0.55971605
vn -0.41576067 0.74207175 -0.52580667
vn -0.5133769 -0.34607363 -0.785288
vn -0.78506553 -0.2340887 -0.57347596
vn -0.5130124 -0.42894247 -0.7435231
vn -0.82132846 -0.34537512 -0.4540216
vn -0.1950348 0.88545394 -0.42182082
vn 0.021657465 0.81931186 -0.5729389
vn -0.09555344 0.9278731 0.36044562
vn -0.18200068 -0.92330325 -0.3382113
vn -0.1768528 -0.7889248 -0.58849025
vn -0.16488367 -0.5627637 -0.81000644
vn -0.15411726 -0.58446735 -0.79664665
vn -0.14556865 -0.34446973 -0.9274429
vn -0.13308173 -0.3712024 -0.9189657
vn -0.09782954 -0.13816726 -0.9855654
vn -0.12254074 -0.13050282 -0.9838459
vn -0.15640327 0.08544795 -0.9839902
vn -0.13053107 0.06432879 -0.9893551
vn -0.1727659 0.15145674 -0.9732486
vn -0.1479151 0.14620957 -0.97813284
vn -0.1589634 0.24106595 -0.95740163
vn -0.13465942 0.24226609 -0.9608194
vn -0.10469692 0.3422698 -0.93375045
vn -0.3888424 0.9176079 -0.08244592
vn -0.027793804 0.9426777 0.33254516
vn -0.36802718 0.8696913 0.3289272
vn -0.17252482 -0.5431573 0.82171494
vn -0.08593571 -0.24488668 0.9657358
vn -0.9977129 0.022444876 0.06375862
vn -0.96561044 -0.0027219576 0.25997904
vn -0.9739772 -0.06365298 0.21752408
vn -0.9467759 0.03582304 0.31989396
vn -0.36803114 -0.6583849 0.6565686
vn -0.27385882 -0.26668167 0.9240575
vn -0.38882807 -0.8707506 0.30100843
vn -0.38641703 -0.90131915 -0.19571826
vn -0.29891267 -0.6757328 -0.6738222
vn -0.026719203 -0.26782706 0.96309644
vn -0.027799807 -0.7234706 0.68979526
vn -0.025111387 -0.95162237 0.3062422
vn -0.026001161 -0.97439027 -0.22335513
vn -0.38641703 -0.90131915 -0.19571826
vn -0.9668393 -0.029813794 0.25363925
vn -0.97559094 0.10685834 0.19184266
vn -0.9761937 0.062557675 0.20768319
vn -0.96752477 0.02304364 0.25172383
vn -0.9675197 -0.09072408 0.2359548
vn -0.96226156 -0.11468599 0.24677905
vn -0.97470784 0.04665108 0.21855949
vn -0.97585434 -0.086241946 0.2006754
vn -0.975355 0.055603813 0.21351984
vn -0.9944313 -0.078313395 0.070522115
vn -0.993648 0.06686075 0.09051699
vn -0.9970948 -0.076048635 0.00430364
vn -0.9961014 0.08044681 0.036197677
vn -0.996868 -0.07849145 -0.009655165
vn -0.99382997 0.1088633 0.021231791
vn -0.3300503 -0.93073356 -0.15748625
vn -0.32658768 -0.9442163 -0.042378668
vn -0.35648763 -0.91698813 -0.17902353
vn -0.3510746 -0.91551334 -0.19642285
vn -0.9488515 0.11846314 0.29265553
vn -0.98787373 0.07387908 0.1365551
vn -0.18210046 -0.7745459 -0.6057376
vn -0.16843438 -0.7191038 -0.6741806
vn -0.12313624 -0.9854421 0.1172237
vn -0.13256253 -0.9751407 0.1775607
vn -0.113546856 -0.9690427 0.21923329
vn -0.1239598 -0.97118473 0.20355383
vn -0.12030583 -0.98717713 0.10491847
vn -0.12964001 -0.98650587 0.099997774
vn -0.16136724 -0.98529536 -0.056156915
vn -0.18363206 -0.98079073 -0.06579378
vn -0.6239742 -0.7807316 0.033382032
vn -0.7123463 -0.69817555 -0.07150973
vn -0.22072753 -0.9662331 -0.13293967
vn -0.7537538 -0.6493139 -0.1012255
vn -0.3579002 -0.92823327 -0.10144211
vn -0.81393194 -0.5702388 -0.11109662
vn -0.25084424 -0.9619756 0.108075105
vn -0.17573987 -0.97552323 -0.13217413
vn -0.6347413 -0.77067286 0.056273807
vn -0.7538042 -0.6525134 -0.07749511
vn -0.6239742 -0.7807316 0.033382032
vn -0.7872883 -0.60819703 -0.101357885
vn -0.8134979 -0.5717715 -0.10629421
vn -0.26496723 -0.96303105 -0.048616588
vn -0.574402 -0.8052292 0.14720155
vn -0.33470434 -0.92878455 -0.15916133
vn -0.41578326 -0.89240533 -0.17531992
vn -0.43398595 -0.8733782 -0.22105792
vn -0.8063756 -0.5831205 -0.09863439
vn -0.51335233 -0.00633029 -0.85815465
vn -0.78508615 -0.02160712 -0.6190096
vn -0.5129922 0.086369626 -0.85403705
vn -0.8213613 0.12885587 -0.55566335
vn -0.6239742 -0.7807316 0.033382032
vn -0.12964001 -0.98650587 0.099997774
vn -0.9853615 0.16532609 0.04159282
vn -0.99620205 0.085834295 -0.014629099
vn -0.99909306 0.0405779 0.012902794
vn -0.94415575 0.32757828 0.035528783
vn -0.8693697 0.49357095 0.024167832
vn -0.8958689 0.44026816 0.059857138
vn -0.8105891 0.5848003 0.030885335
vn -0.790635 0.61182374 0.023830954
vn -0.7537321 0.6556597 0.044702765
vn -0.7532925 0.65677464 0.03460552
vn -0.663604 0.7442142 0.07599316
vn -0.7106084 0.70076925 0.062912874
vn -0.5627974 0.8183527 0.11643879
vn 0.021672158 -0.9821892 -0.18664071
vn -0.19503644 -0.9805561 -0.021692501
vn -0.095539466 -0.69845474 0.70924836
vn -0.030789064 -0.7185831 -0.69475925
vn -0.29891267 -0.6757328 -0.6738222
vn -0.026001161 -0.97439027 -0.22335513
vn -0.38641703 -0.90131915 -0.19571826
vn -0.026001161 -0.97439027 -0.22335513
vn -0.29891267 -0.6757328 -0.6738222
vn -0.17257093 0.83231205 0.52675986
vn -0.08593572 0.61932075 0.78042096
vn -0.07148439 -0.010274046 0.9973888
vn -0.071484394 -0.010274048 0.9973888
vn -0.07148439 -0.010274046 0.9973888
vn -0.0714844 -0.010274048 0.9973888
vn -0.11540094 0.7393616 0.66334534
vn -0.08697902 0.7415167 0.6652726
vn -0.8367272 0.4076112 0.3657058
vn -0.939758 0.25445583 0.22827002
vn -0.9907485 0.1010085 0.0906347
vn -0.9926887 0.08984837 0.080600105
vn -0.99067914 0.11184281 0.07775621
vn -0.9926755 0.09918946 0.06896905
vn -0.9906894 0.11966074 0.0649296
vn -0.9926843 0.10612124 0.057585653
vn -0.99138415 0.120251074 0.05193461
vn -0.99026304 0.12677325 0.057512064
vn -0.9373719 0.32268453 0.13118137
vn -0.9394128 0.30128932 0.16348816
vn -0.9393662 0.28163353 0.19563656
vn -0.8348077 0.4838908 0.26257527
vn -0.83466315 0.4523818 0.31414652
vn -0.12297103 0.8700036 0.47746402
vn -0.14042738 0.90623045 0.3987813
vn -0.8375944 0.50091684 0.21798599
vn -0.114935696 0.8159549 0.56657517
vn -0.08270549 0.8580387 0.506882
vn -0.08681476 0.8182947 0.5682051
vn -0.08967401 0.9085419 0.40805656
vn -0.06803701 0.8706984 0.48708853
vn -0.17253305 0.7581882 -0.62879497
vn -0.085925065 0.93358946 -0.34789032
vn -0.54489744 0.6135919 -0.571482
vn -0.36388367 0.4915961 -0.79115236
vn -0.82131094 -0.48869413 -0.29432377
vn -0.99180156 0.11688142 0.051656727
vn -0.99039304 0.1323293 0.040132023
vn -0.99139655 0.12747775 0.029702326
vn -0.99643815 0.07991376 0.026922397
vn -0.99088854 0.13218531 0.025824739
vn -0.99070597 0.13411984 0.02266227
vn -0.99268097 0.11906817 0.020180954
vn -0.9907039 0.13586208 0.0068752053
vn -0.99267596 0.12065253 0.006109942
vn -0.9915908 0.12940428 -0.0014878128
vn -0.9908552 0.13490365 0.0026525937
vn -0.99643993 0.0837084 -0.010015799
vn -0.99038833 0.13777122 -0.012246677
vn -0.9396868 0.34155092 0.018211456
vn -0.9436696 0.33082873 -0.006324395
vn -0.9681467 0.16577086 -0.18764853
vn -0.84152055 0.5393239 0.031191131
vn -0.8885254 0.45822865 -0.023433816
vn -0.12207169 0.99002945 0.0702862
vn -0.15443374 0.98731375 -0.036902707
vn -0.95552033 0.23504262 -0.17814541
vn -0.99025303 0.13592327 -0.030394223
vn -0.9917989 0.12498954 -0.02669466
vn -0.99137914 0.12836593 -0.026260726
vn -0.99267864 0.115697905 -0.034686267
vn -0.99068403 0.13044323 -0.03911223
vn -0.9926791 0.11077156 -0.048143413
vn -0.9907041 0.12473392 -0.054284755
vn -0.9373718 0.34268752 -0.06244508
vn -0.9394151 0.32834086 -0.09844554
vn -0.93951094 0.3141085 -0.13658363
vn -0.8348056 0.5273512 -0.15811466
vn -0.83545244 0.50391597 -0.2192895
vn -0.12301965 0.94922197 -0.28955808
vn -0.14046521 0.9685984 -0.20515004
vn -0.83759403 0.53490096 -0.1109831
vn -0.115071915 0.9108619 -0.3963447
vn -0.08434685 0.94543034 -0.31471762
vn -0.086842276 0.91347474 -0.39752018
vn -0.09007846 0.97309315 -0.21207446
vn -0.17251904 0.61363924 0.770509
vn -0.085931696 0.84275717 0.53139067
vn -0.54489934 0.48381218 0.68484336
vn -0.3638967 0.31947702 0.87493634
vn -0.82134676 -0.53849095 0.1881938
vn -0.785079 -0.617729 0.045407962
vn -0.4339561 -0.3141564 -0.8443861
vn -0.80638105 -0.16109002 -0.569034
vn -0.8134998 -0.16746883 -0.5569311
vn -0.8139293 -0.17207061 -0.5548971
vn -0.3579473 -0.2011805 -0.9118115
vn -0.19500001 -0.12756291 -0.9724725
vn -0.19500001 -0.12756291 -0.9724725
vn -0.09557268 0.62957716 -0.77103734
vn -0.08971935 0.99551386 -0.030043298
vn -0.08524316 0.9929755 0.08205734
vn -0.0798461 0.99680305 0.0028746293
vn -0.12093423 0.98154217 0.14815508
vn -0.8430909 0.53084797 0.086012535
vn -0.89213884 0.43311086 0.12846507
vn -0.15733784 0.949352 0.27198437
vn -0.93987715 0.336862 0.05616883
vn -0.94427496 0.31961757 0.07867337
vn -0.9681475 0.12393323 0.21755682
vn -0.9555219 0.19367012 0.22241807
vn -0.08461979 0.98780054 0.13072693
vn -0.08940751 0.9602432 0.26446033
vn -0.80637646 -0.2739983 0.52410114
vn -0.43392536 -0.4801532 0.7623396
vn -0.7850358 -0.59545463 -0.17074125
vn -0.8134947 -0.27778652 0.5109413
vn -0.8139253 -0.28188083 0.50800467
vn -0.35793185 -0.3833158 0.85144216
vn -0.1949997 -0.3236413 0.9258679
vn -0.09556809 0.45875657 0.8834077
vn -0.07569112 0.97917 0.18840654
vn -0.068096556 0.9499733 0.30481726
vn -0.068096556 0.9499733 0.30481726
vn -0.068096556 0.9499733 0.30481726
vn -0.36803514 0.58156437 -0.7254881
vn -0.97818965 0.20661438 0.021341773
vn -0.3888546 0.20518073 -0.8981609
vn -0.27383697 0.88980985 -0.36503667
vn -0.16640061 0.98083776 0.10133192
vn -0.38640717 -0.291985 -0.874891
vn -0.29892865 -0.74292964 -0.59891343
vn -0.21433234 -0.9715908 -0.10036444
vn -0.03079412 -0.7683815 -0.6392509
vn -0.030807888 -0.9942349 -0.1027025
vn -0.025999557 -0.32734558 -0.94454694
vn -0.025118109 0.20163944 -0.9791377
vn -0.3888546 0.20518073 -0.8981609
vn -0.36803514 0.58156437 -0.7254881
vn -0.027807912 0.60755485 -0.7937908
vn -0.36803514 0.58156437 -0.7254881
vn -0.026711134 0.928494 -0.37038553
vn -0.019005256 0.9945265 0.10274113
vn -0.16640061 0.98083776 0.10133192
vn -0.9488559 0.30373222 0.08613478
vn -0.98787415 0.14374015 0.058681197
vn -0.999563 0.02940625 0.0030267911
vn -0.96157604 0.2730873 0.028192941
vn -0.019005256 0.9945265 0.10274113
vn -0.19221665 -0.97615886 -0.10082956
vn -0.18211102 -0.6858999 -0.70454025
vn -0.17759138 -0.9788956 -0.10111751
vn -0.16843648 -0.7479532 -0.64202434
vn -0.123143755 0.010032329 -0.9923382
vn -0.13256073 0.07112472 -0.9886197
vn -0.113551706 0.11321783 -0.9870602
vn -0.12395507 0.09739744 -0.98749626
vn -0.12029741 -0.0023931703 -0.992735
vn -0.12962946 -0.007214254 -0.99153626
vn -0.16135769 -0.16231711 -0.97345614
vn -0.18364412 -0.17140417 -0.9679336
vn -0.17572385 -0.23683207 -0.9555269
vn -0.22075091 -0.23658569 -0.94620097
vn -0.7123593 -0.14654857 -0.6863438
vn -0.62397605 -0.051198952 -0.7797645
vn -0.7537663 -0.17080304 -0.6345571
vn -0.3579473 -0.2011805 -0.9118115
vn -0.8139293 -0.17207061 -0.5548971
vn -0.25091618 0.0035052933 -0.9680025
vn -0.6347336 -0.027361967 -0.7722465
vn -0.62397605 -0.051198952 -0.7797645
vn -0.7537909 -0.14757498 -0.64032876
vn -0.7872752 -0.16650386 -0.59369534
vn -0.8134998 -0.16746883 -0.5569311
vn -0.26519668 -0.15234427 -0.95208293
vn -0.26519668 -0.15234427 -0.95208293
vn -0.5740856 0.059209388 -0.8166517
vn -0.3346423 -0.2586151 -0.90616375
vn -0.41577876 -0.27075204 -0.86822885
vn -0.4339561 -0.3141564 -0.8443861
vn -0.26519668 -0.15234427 -0.95208293
vn -0.80638105 -0.16109002 -0.569034
vn -0.5133653 -0.8538056 0.086441055
vn -0.785079 -0.617729 0.045407962
vn -0.5130052 -0.83968955 0.1781775
vn -0.82134676 -0.53849095 0.1881938
vn -0.62397605 -0.051198952 -0.7797645
vn -0.18364412 -0.17140417 -0.9679336
vn -0.12962946 -0.007214254 -0.99153626
vn -0.19500001 -0.12756291 -0.9724725
vn 0.021638451 -0.29172269 -0.9562581
vn -0.09557268 0.62957716 -0.77103734
vn -0.17251904 0.61363924 0.770509
vn -0.085931696 0.84275717 0.53139067
vn -0.9977131 0.067571394 -0.0016463187
vn -0.9656351 0.24632922 0.08288949
vn -0.9739922 0.18716303 0.1277072
vn -0.9468177 0.3151859 0.0647621
vn -0.3680163 0.42099783 0.82905054
vn -0.27383915 0.7964248 0.5391842
vn -0.38884005 0.017233005 0.9211441
vn -0.38640103 -0.46466884 0.79672897
vn -0.29892263 -0.8496677 0.43440762
vn -0.027800588 0.4324932 0.90120846
vn -0.026723567 0.8331962 0.5523314
vn -0.019005256 0.9945265 0.10274113
vn -0.16640061 0.98083776 0.10133192
vn -0.025106927 -0.0027896476 0.9996809
vn -0.030797902 -0.8828261 0.46868926
vn -0.025998978 -0.5135087 0.8576904
vn -0.9668406 0.23201492 0.1067159
vn -0.9755902 0.21547592 -0.04235342
vn -0.96752614 0.24652116 0.055861067
vn -0.9761939 0.21684916 0.0046834946
vn -0.9675189 0.19637105 0.15920287
vn -0.962264 0.19926007 0.18531996
vn -0.9747084 0.22227535 0.023178989
vn -0.97585535 0.1642028 0.14402719
vn -0.9753551 0.22025096 0.013110799
vn -0.9944318 0.042869512 0.096268326
vn -0.9936483 0.10674596 -0.03561422
vn -0.9970954 -0.019406436 0.073648974
vn -0.99610156 0.05928379 -0.06532285
vn -0.9968667 -0.033443693 0.071681805
vn -0.99382925 0.053842146 -0.09697664
vn -0.33003923 -0.43738973 0.8365192
vn -0.32644066 -0.3321313 0.88494366
vn -0.3564999 -0.45362356 0.81678236
vn -0.35104555 -0.469742 0.81000584
vn -0.43392536 -0.4801532 0.7623396
vn -0.4157686 -0.44250217 0.7945617
vn -0.33460563 -0.43836576 0.83419096
vn -0.26506105 -0.3437887 0.90086174
vn -0.57413507 -0.10897027 0.81147665
vn -0.12394766 -0.10653138 0.9865536
vn -0.1325516 -0.13246912 0.98228407
vn -0.11353999 -0.09095944 0.9893609
vn -0.12313106 -0.19302605 0.973437
vn -0.1821064 -0.8154143 0.5494877
vn -0.1684384 -0.8633908 0.47558892
vn -0.120292105 -0.20527367 0.971284
vn -0.12961636 -0.2097448 0.9691268
vn -0.16136092 -0.35787156 0.91972315
vn -0.18363574 -0.36564913 0.91245747
vn -0.17572479 -0.42715764 0.88693696
vn -0.22073479 -0.42501032 0.87786233
vn -0.71235806 -0.28374675 0.6418985
vn -0.6239871 -0.20950389 0.7528268
vn -0.75376016 -0.29691404 0.5862488
vn -0.35793185 -0.3833158 0.85144216
vn -0.8139253 -0.28188083 0.50800467
vn -0.987872 0.15271437 -0.02805719
vn -0.9488513 0.31494018 -0.022223381
vn -0.7872811 -0.28434387 0.54711705
vn -0.7538042 -0.27534252 0.59662867
vn -0.6347767 -0.18463102 0.75031316
vn -0.6239871 -0.20950389 0.7528268
vn -0.2508117 -0.19446224 0.9483026
vn -0.80637646 -0.2739983 0.52410114
vn -0.8134947 -0.27778652 0.5109413
vn -0.6239871 -0.20950389 0.7528268
vn -0.12961636 -0.2097448 0.9691268
vn -0.18363574 -0.36564913 0.91245747
vn -0.51344556 -0.8180614 -0.2591318
vn -0.7850358 -0.59545463 -0.17074125
vn -0.5130466 -0.7855104 -0.34605852
vn -0.82131094 -0.48869413 -0.29432377
vn 0.021650128 -0.48105034 0.8764256
vn -0.1949997 -0.3236413 0.9258679
vn -0.09556809 0.45875657 0.8834077
vn -0.17253305 0.7581882 -0.62879497
vn -0.085925065 0.93358946 -0.34789032
vn -0.9468244 0.10041552 -0.3056801
vn -0.47535443 0.07034281 -0.8769778
vn -0.9648899 0.051763445 -0.25750348
vn -0.4740891 0.21529345 -0.8537495
vn -0.4755626 -0.09345741 -0.8747033
vn -0.9730144 -0.019297795 -0.22993602
vn -0.47375146 -0.27556184 -0.836436
vn -0.9740008 -0.07631999 -0.21330161
vn -0.47538018 -0.41998807 -0.7730612
vn -0.9656289 -0.15056156 -0.21187739
vn -0.47331 -0.54667526 -0.6907415
vn -0.94679326 -0.21696141 -0.237719
vn -0.045388404 0.07987208 -0.9957712
vn -0.04534956 0.244337 -0.96862936
vn -0.0 0.079949185 -0.99679893
vn -0.0 0.24463384 -0.9696155
vn -0.0 -0.106323846 -0.9943316
vn -0.045332137 -0.61999375 -0.7832961
vn -0.04542921 -0.47686762 -0.8778004
vn -0.0 -0.6206617 -0.7840785
vn -0.0 -0.47735685 -0.87870955
vn -0.04536482 -0.3125168 -0.94882834
vn -0.0 -0.3128042 -0.94981766
vn -0.04542537 -0.10618159 -0.9933086
vn -0.96564305 0.1549383 -0.20863293
vn -0.47416544 0.48774204 -0.7329904
vn -0.9468253 0.1589792 -0.2797274
vn -0.47602925 0.6052016 -0.63806516
vn -0.9740061 0.17925878 -0.13848585
vn -0.4741746 0.7101822 -0.52038425
vn -0.97302 0.21269435 -0.089404956
vn -0.47593886 0.80282956 -0.35909176
vn -0.96488935 0.26089627 -0.030358082
vn -0.4755071 0.855713 -0.20407873
vn -0.9468177 0.32176882 0.0010172538
vn -0.47399127 0.87854743 -0.059047844
vn -0.045346238 0.5533482 -0.8317148
vn -0.045431864 0.6874608 -0.724799
vn -0.0 0.55387866 -0.8325974
vn -0.0 0.6881757 -0.7255441
vn -0.045414347 0.805849 -0.5903769
vn -0.0 0.8067107 -0.59094656
vn -0.045543965 0.91187936 -0.40792364
vn -0.04546032 0.9717099 -0.23176098
vn -0.045375794 0.9967256 -0.06692621
vn -0.0 0.97271043 -0.23202242
vn -0.0 0.99775606 -0.066953845
vn -0.0 0.9128114 -0.40838137
vn -0.9468253 0.1589792 -0.2797274
vn -0.47119063 0.35731223 -0.80641633
vn -0.9341496 0.14457643 -0.32628533
vn -0.47416544 0.48774204 -0.7329904
vn -0.4740891 0.21529345 -0.8537495
vn -0.9468244 0.10041552 -0.3056801
vn -0.04534956 0.244337 -0.96862936
vn -0.045285713 0.40468654 -0.9133334
vn -0.0 0.24463384 -0.9696155
vn -0.0 0.4051043 -0.9142705
vn -0.045346238 0.5533482 -0.8317148
vn -0.0 0.55387866 -0.8325974
vn -0.94678944 -0.2597673 -0.19002819
vn -0.47429532 -0.8128534 -0.33810246
vn -0.9648666 -0.228977 -0.12884888
vn -0.4731112 -0.74586856 -0.46887717
vn -0.47439462 -0.8613904 -0.18153852
vn -0.9729874 -0.22475582 -0.05272789
vn -0.4726008 -0.8812694 0.0035750763
vn -0.9739798 -0.22653696 0.0066709504
vn -0.47442704 -0.86551243 0.1606464
vn -0.9656087 -0.24810281 0.07774843
vn -0.47253603 -0.8262644 0.3065891
vn -0.94676626 -0.2932008 0.13291708
vn -0.045185875 -0.936552 0.34760404
vn -0.045264915 -0.9821958 0.18232542
vn -0.0 -0.9374967 0.34799418
vn -0.0 -0.98320484 0.18250537
vn -0.045208413 -0.99896955 0.004003707
vn -0.0 -0.99999213 0.003959944
vn -0.045307856 -0.9775055 -0.20598589
vn -0.04527764 -0.9223631 -0.38366163
vn -0.04524361 -0.8457059 -0.53172785
vn -0.0 -0.92331326 -0.38404763
vn -0.0 -0.84654504 -0.5323171
vn -0.0 -0.97851676 -0.20616753
vn -0.94679326 -0.21696141 -0.237719
vn -0.47022992 -0.6569281 -0.5893464
vn -0.93411064 -0.2657147 -0.23839673
vn -0.47331 -0.54667526 -0.6907415
vn -0.4731112 -0.74586856 -0.46887717
vn -0.94678944 -0.2597673 -0.19002819
vn -0.04524361 -0.8457059 -0.53172785
vn -0.04522718 -0.74357444 -0.6671219
vn -0.0 -0.84654504 -0.5323171
vn -0.0 -0.7443327 -0.667809
vn -0.045332137 -0.61999375 -0.7832961
vn -0.0 -0.6206617 -0.7840785
vn -0.9467616 -0.2610514 0.18840012
vn -0.4738897 -0.5729034 0.66873777
vn -0.964855 -0.19331628 0.17799897
vn -0.4725269 -0.6766567 0.56467164
vn -0.47421613 -0.43892244 0.76319474
vn -0.9729894 -0.119586565 0.1974607
vn -0.47251883 -0.26895517 0.8392789
vn -0.9739772 -0.06365298 0.21752408
vn -0.47447768 -0.11468622 0.8727645
vn -0.96561044 -0.0027219576 0.25997904
vn -0.4728096 0.036247406 0.8804188
vn -0.9467759 0.03582304 0.31989396
vn -0.045201235 0.041183967 0.9981286
vn -0.04525257 -0.13016629 0.9904589
vn -0.0 0.041272957 0.9991479
vn -0.0 -0.13028705 0.9914763
vn -0.045172434 -0.3049186 0.9513065
vn -0.0 -0.30526423 0.9522677
vn -0.045279372 -0.4979676 0.86601275
vn -0.045248084 -0.64989793 0.7586733
vn -0.04519433 -0.76702136 0.64002794
vn -0.0 -0.65055263 0.75946116
vn -0.0 -0.76783633 0.64064604
vn -0.0 -0.49845332 0.86691654
vn -0.94676626 -0.2932008 0.13291708
vn -0.46957183 -0.76381725 0.44281536
vn -0.934076 -0.3089169 0.17908758
vn -0.47253603 -0.8262644 0.3065891
vn -0.4725269 -0.6766567 0.56467164
vn -0.9467616 -0.2610514 0.18840012
vn -0.04519433 -0.76702136 0.64002794
vn -0.045131132 -0.86424387 0.50104463
vn -0.0 -0.76783633 0.64064604
vn -0.0 -0.86512107 0.50156313
vn -0.045185875 -0.936552 0.34760404
vn -0.0 -0.9374967 0.34799418
vn -0.9467847 0.09848943 0.3064287
vn -0.47447383 0.45880142 0.7512495
vn -0.96487325 0.1095262 0.2387961
vn -0.47292128 0.32785657 0.81783587
vn -0.47496584 0.58995193 0.65296566
vn -0.97300595 0.15080658 0.1746908
vn -0.47332084 0.71475273 0.51487476
vn -0.9739922 0.18716303 0.1277072
vn -0.4753972 0.79416066 0.37855828
vn -0.9656351 0.24632922 0.08288949
vn -0.4737697 0.84802616 0.23747414
vn -0.9468177 0.3151859 0.0647621
vn -0.045354687 0.9619907 0.26928964
vn -0.04539839 0.90175176 0.42986354
vn -0.0 0.9629931 0.26952615
vn -0.0 0.90268874 0.4302941
vn -0.045281526 0.8105339 0.5839388
vn -0.0 0.8113474 0.5845643
vn -0.045363557 0.66973597 0.7412125
vn -0.04530555 0.52070016 0.8525366
vn -0.045204833 0.37167346 0.9272623
vn -0.0 0.5212509 0.85340345
vn -0.0 0.37201717 0.9282258
vn -0.0 0.67044693 0.7419574
vn -0.9467759 0.03582304 0.31989396
vn -0.46993548 0.1850698 0.8630816
vn -0.93408763 0.07487088 0.3491054
vn -0.4728096 0.036247406 0.8804188
vn -0.47292128 0.32785657 0.81783587
vn -0.9467847 0.09848943 0.3064287
vn -0.045204833 0.37167346 0.9272623
vn -0.04513324 0.2094426 0.9767788
vn -0.0 0.37201717 0.9282258
vn -0.0 0.20965353 0.97777575
vn -0.045201235 0.041183967 0.9981286
vn -0.0 0.041272957 0.9991479
vn -0.9468177 0.3151859 0.0647621
vn -0.4709596 0.87748396 0.09065864
vn -0.9341438 0.355008 0.036671694
vn -0.4737697 0.84802616 0.23747414
vn -0.47399127 0.87854743 -0.059047844
vn -0.9468177 0.32176882 0.0010172538
vn -0.045375794 0.9967256 -0.06692621
vn -0.04530754 0.99368674 0.102635235
vn -0.0 0.99775606 -0.066953845
vn -0.0 0.99470854 0.10273723
vn -0.045354687 0.9619907 0.26928964
vn -0.0 0.9629931 0.26952615
vn -0.045388404 0.07987208 -0.9957712
vn -0.0 -0.106323846 -0.9943316
vn -0.04542537 -0.10618159 -0.9933086
vn -0.045543965 0.91187936 -0.40792364
vn -0.0 0.9128114 -0.40838137
vn -0.0 0.8067107 -0.59094656
vn -0.04527764 -0.9223631 -0.38366163
vn -0.0 -0.97851676 -0.20616753
vn -0.045307856 -0.9775055 -0.20598589
vn -0.04542537 -0.10618159 -0.9933086
vn -0.0 -0.106323846 -0.9943316
vn -0.0 -0.3128042 -0.94981766
vn -0.045248084 -0.64989793 0.7586733
vn -0.0 -0.49845332 0.86691654
vn -0.045279372 -0.4979676 0.86601275
vn -0.045307856 -0.9775055 -0.20598589
vn -0.0 -0.97851676 -0.20616753
vn -0.0 -0.99999213 0.003959944
vn -0.04530555 0.52070016 0.8525366
vn -0.0 0.67044693 0.7419574
vn -0.045363557 0.66973597 0.7412125
vn -0.045279372 -0.4979676 0.86601275
vn -0.0 -0.49845332 0.86691654
vn -0.0 -0.30526423 0.9522677
vn -0.04546032 0.9717099 -0.23176098
vn -0.0 0.9128114 -0.40838137
vn -0.045543965 0.91187936 -0.40792364
vn -0.045363557 0.66973597 0.7412125
vn -0.0 0.67044693 0.7419574
vn -0.0 0.8113474 0.5845643
vn -0.66982144 -0.22043319 0.70904756
vn -0.6698214 -0.22043316 0.7090476
vn -0.6698214 -0.22043319 0.7090476
vn -0.6698214 -0.22043316 0.7090476
vn -0.6702277 -0.13282183 0.7301734
vn -0.67022777 -0.13282181 0.73017335
vn -0.67022777 -0.13282183 0.73017335
vn -0.6702277 -0.13282181 0.7301734
vn -0.6702755 -0.055771586 0.7400137
vn -0.67027545 -0.055771574 0.7400137
vn -0.67027545 -0.05577158 0.7400137
vn -0.67027545 -0.05577159 0.7400138
vn -0.67032105 0.021892978 0.74174815
vn -0.67032105 0.02189298 0.7417482
vn -0.67032105 0.021892978 0.74174815
vn -0.67032105 0.021892978 0.74174815
vn -0.6698336 -0.30821308 0.67552036
vn -0.6698336 -0.30821308 0.67552036
vn -0.6698336 -0.30821308 0.67552036
vn -0.6698336 -0.30821308 0.6755203
vn -0.6701563 -0.38765445 0.6329411
vn -0.6701563 -0.38765448 0.6329411
vn -0.6701563 -0.38765448 0.6329411
vn -0.6701563 -0.3876545 0.6329412
vn -0.6701114 -0.45172134 0.5889809
vn -0.6701114 -0.45172134 0.5889809
vn -0.6701114 -0.45172137 0.5889809
vn -0.6701114 -0.45172128 0.58898085
vn -0.6700896 -0.51081514 0.5385609
vn -0.67008954 -0.5108152 0.5385609
vn -0.67008954 -0.5108152 0.5385609
vn -0.67008954 -0.5108152 0.5385609
vn -0.6700778 -0.56433123 0.48220953
vn -0.6700778 -0.5643312 0.48220953
vn -0.6700778 -0.5643312 0.48220953
vn -0.6700778 -0.5643312 0.48220953
vn -0.66970915 -0.61828417 0.41135678
vn -0.66970915 -0.61828405 0.41135678
vn -0.6697091 -0.61828417 0.4113568
vn -0.66970915 -0.61828417 0.41135678
vn -0.669731 0.11822381 0.7331327
vn -0.669731 0.1182238 0.7331327
vn -0.669731 0.11822381 0.7331327
vn -0.669731 0.11822381 0.73313266
vn -0.6700013 0.60609037 0.42866394
vn -0.6700013 0.6060903 0.42866385
vn -0.6700013 0.6060903 0.4286639
vn -0.6700013 0.6060903 0.42866385
vn -0.6703932 0.6532624 0.35188234
vn -0.6703932 0.6532624 0.35188234
vn -0.6703932 0.6532624 0.35188234
vn -0.6703933 0.6532623 0.35188243
vn -0.6703616 0.6864859 0.28169578
vn -0.6703615 0.686486 0.2816958
vn -0.67036146 0.6864859 0.28169578
vn -0.6703615 0.686486 0.2816958
vn -0.6703038 0.71222705 0.20838739
vn -0.67030394 0.71222705 0.20838736
vn -0.67030394 0.71222705 0.20838736
vn -0.67030394 0.71222705 0.20838736
vn -0.670018 0.5470827 0.5017731
vn -0.670018 0.5470827 0.50177306
vn -0.6700181 0.5470828 0.50177306
vn -0.670018 0.5470828 0.50177306
vn -0.6704155 0.48201513 0.5640962
vn -0.6704155 0.48201507 0.5640961
vn -0.6704155 0.48201507 0.5640961
vn -0.6704155 0.48201504 0.5640961
vn -0.67036635 0.42045754 0.61141175
vn -0.67036635 0.42045754 0.61141175
vn -0.6703664 0.42045757 0.61141175
vn -0.67036635 0.4204576 0.6114117
vn -0.67034686 0.35424992 0.6520292
vn -0.6703468 0.35424992 0.6520292
vn -0.67034686 0.35424986 0.6520292
vn -0.67034686 0.35424986 0.6520293
vn -0.6703201 0.2841485 0.6855148
vn -0.67032015 0.2841485 0.6855148
vn -0.6703201 0.28414848 0.6855148
vn -0.6703201 0.28414848 0.6855148
vn -0.66973346 0.19381458 0.7168632
vn -0.66973346 0.19381459 0.7168633
vn -0.66973346 0.19381456 0.7168633
vn -0.66973346 0.19381456 0.7168633
vn -0.66983443 0.732856 0.11934772
vn -0.66983443 0.73285604 0.11934774
vn -0.66983443 0.732856 0.11934772
vn -0.6698345 0.732856 0.11934773
vn -0.6696454 0.5952294 -0.44415867
vn -0.6696455 0.5952294 -0.44415867
vn -0.6696454 0.5952294 -0.44415864
vn -0.6696454 0.5952294 -0.44415867
vn -0.6699885 0.53680426 -0.512793
vn -0.6699885 0.53680414 -0.51279294
vn -0.6699885 0.53680426 -0.512793
vn -0.6699885 0.53680426 -0.51279294
vn -0.66997194 0.48025045 -0.5661246
vn -0.66997194 0.48025045 -0.5661246
vn -0.66997194 0.48025048 -0.5661247
vn -0.66997194 0.48025048 -0.5661246
vn -0.6699671 0.4184855 -0.6131997
vn -0.66996723 0.4184855 -0.6131997
vn -0.66996723 0.4184855 -0.6131997
vn -0.66996723 0.4184855 -0.6131997
vn -0.6696817 0.6465339 -0.36540434
vn -0.6696817 0.6465339 -0.36540434
vn -0.6696817 0.64653385 -0.36540434
vn -0.66968167 0.64653385 -0.36540434
vn -0.67013544 0.6856662 -0.28421897
vn -0.67013544 0.68566614 -0.28421897
vn -0.67013544 0.68566614 -0.28421897
vn -0.6701354 0.68566614 -0.28421897
vn -0.6701676 0.71159315 -0.2109755
vn -0.6701675 0.7115932 -0.21097547
vn -0.6701676 0.7115931 -0.2109755
vn -0.6701675 0.71159315 -0.21097547
vn -0.670184 0.7297322 -0.1354413
vn -0.670184 0.7297322 -0.1354413
vn -0.6701841 0.72973216 -0.13544129
vn -0.6701841 0.72973216 -0.1354413
vn -0.6701978 0.7398807 -0.058408685
vn -0.6701978 0.7398806 -0.05840868
vn -0.6701978 0.7398806 -0.05840869
vn -0.67019784 0.7398806 -0.05840868
vn -0.66988546 0.74183357 0.030600844
vn -0.66988546 0.7418335 0.030600844
vn -0.66988546 0.74183357 0.030600844
vn -0.66988546 0.74183357 0.030600844
vn -0.6698268 0.34930772 -0.6552222
vn -0.66982687 0.3493078 -0.6552221
vn -0.6698268 0.3493078 -0.65522224
vn -0.6698268 0.34930778 -0.6552222
vn -0.66938114 -0.23856266 -0.7035743
vn -0.66938114 -0.23856266 -0.7035743
vn -0.66938114 -0.23856266 -0.7035743
vn -0.66938114 -0.23856263 -0.7035743
vn -0.66973966 -0.32192525 -0.6691883
vn -0.66973966 -0.3219253 -0.6691882
vn -0.66973966 -0.32192525 -0.6691883
vn -0.66973966 -0.3219253 -0.6691882
vn -0.6697403 -0.39010125 -0.6318773
vn -0.6697403 -0.39010128 -0.63187724
vn -0.6697403 -0.39010128 -0.6318773
vn -0.6697403 -0.39010128 -0.63187724
vn -0.66972256 -0.45403716 -0.587641
vn -0.66972256 -0.45403716 -0.5876411
vn -0.66972256 -0.4540371 -0.587641
vn -0.66972256 -0.45403716 -0.58764106
vn -0.66939545 -0.14778338 -0.7280589
vn -0.66939557 -0.14778337 -0.7280589
vn -0.66939557 -0.1477834 -0.7280588
vn -0.66939557 -0.14778337 -0.7280588
vn -0.66977423 -0.058453515 -0.74026054
vn -0.6697743 -0.05845351 -0.7402604
vn -0.6697743 -0.05845352 -0.7402604
vn -0.6697743 -0.058453523 -0.7402605
vn -0.66980934 0.019259403 -0.74228334
vn -0.6698093 0.019259403 -0.74228334
vn -0.66980934 0.019259403 -0.74228334
vn -0.6698094 0.0192594 -0.7422833
vn -0.6698433 0.09673302 -0.73617435
vn -0.6698433 0.096733004 -0.73617435
vn -0.6698433 0.09673302 -0.73617435
vn -0.6698433 0.096733026 -0.7361744
vn -0.6698606 0.17313902 -0.72201777
vn -0.6698606 0.173139 -0.72201777
vn -0.66986054 0.17313902 -0.72201777
vn -0.6698606 0.17313902 -0.72201777
vn -0.66985166 0.24828401 -0.69975257
vn -0.6698517 0.24828401 -0.69975257
vn -0.66985184 0.24828403 -0.69975257
vn -0.6698517 0.24828401 -0.69975257
vn -0.6696982 -0.51423675 -0.53578436
vn -0.6696982 -0.51423675 -0.53578436
vn -0.6696982 -0.51423675 -0.5357844
vn -0.6696982 -0.51423675 -0.5357844
vn -0.6695067 -0.74274576 0.00946314
vn -0.66950667 -0.7427458 0.009463141
vn -0.66950667 -0.7427458 0.009463141
vn -0.66950667 -0.7427458 0.009463142
vn -0.66992843 -0.735747 0.09935865
vn -0.66992843 -0.735747 0.099358626
vn -0.66992843 -0.735747 0.09935864
vn -0.66992843 -0.73574704 0.09935865
vn -0.66992295 -0.72133803 0.17571177
vn -0.6699229 -0.7213381 0.17571178
vn -0.6699229 -0.7213381 0.17571175
vn -0.6699229 -0.7213381 0.17571175
vn -0.6699614 -0.6989872 0.25013733
vn -0.6699614 -0.6989872 0.25013733
vn -0.6699614 -0.6989872 0.25013736
vn -0.66996133 -0.6989872 0.25013733
vn -0.6694237 -0.7380676 -0.084427856
vn -0.6694237 -0.7380676 -0.084427856
vn -0.6694237 -0.73806757 -0.08442785
vn -0.66942376 -0.7380676 -0.084427856
vn -0.6697692 -0.7220946 -0.17317232
vn -0.6697692 -0.7220946 -0.17317234
vn -0.6697692 -0.7220946 -0.17317231
vn -0.6697693 -0.7220945 -0.1731723
vn -0.6697962 -0.70001614 -0.24769019
vn -0.6697962 -0.7000162 -0.24769019
vn -0.6697963 -0.7000161 -0.24769019
vn -0.6697963 -0.7000161 -0.24769019
vn -0.66974896 -0.67032784 -0.31952602
vn -0.6697489 -0.6703279 -0.31952605
vn -0.669749 -0.67032784 -0.31952602
vn -0.66974896 -0.67032784 -0.31952605
vn -0.66972494 -0.63327223 -0.38785917
vn -0.66972494 -0.6332723 -0.3878592
vn -0.66972494 -0.63327235 -0.3878592
vn -0.66972494 -0.6332723 -0.3878592
vn -0.6697245 -0.5887691 -0.45257047
vn -0.66972446 -0.58876914 -0.4525705
vn -0.6697246 -0.5887691 -0.4525705
vn -0.6697245 -0.5887691 -0.45257047
vn -0.6696702 -0.6641169 0.3324012
vn -0.6696702 -0.66411686 0.3324012
vn -0.6696702 -0.6641169 0.3324012
vn -0.6696702 -0.66411686 0.3324012
vn -0.0 0.2968715 -0.95491743
vn -0.0 0.2968715 -0.95491743
vn -0.0 0.2968715 -0.95491743
vn -0.0 0.2968715 -0.95491743
vn -0.0 0.17896836 -0.98385483
vn -0.0 0.17896836 -0.98385483
vn -0.0 0.17896836 -0.98385483
vn -0.0 0.17896836 -0.98385483
vn -0.0 0.07513275 -0.99717355
vn -0.0 0.07513275 -0.99717355
vn -0.0 0.07513275 -0.99717355
vn -0.0 0.07513275 -0.99717355
vn -0.0 -0.029481834 -0.9995653
vn -0.0 -0.029481834 -0.9995653
vn -0.0 -0.029481834 -0.9995653
vn -0.0 -0.029481834 -0.9995653
vn -0.0 0.4151082 -0.9097721
vn -0.0 0.4151082 -0.9097721
vn -0.0 0.4151082 -0.9097721
vn -0.0 0.4151082 -0.9097721
vn -0.0 0.5222933 -0.8527659
vn -0.0 0.5222933 -0.8527659
vn -0.0 0.5222933 -0.8527659
vn -0.0 0.5222933 -0.8527659
vn -0.0 0.60856265 -0.79350585
vn -0.0 0.60856265 -0.79350585
vn -0.0 0.60856265 -0.79350585
vn -0.0 0.60856265 -0.79350585
vn -0.0 0.68817127 -0.7255483
vn -0.0 0.68817127 -0.7255483
vn -0.0 0.68817127 -0.7255483
vn -0.0 0.68817127 -0.7255483
vn -0.0 0.76024777 -0.6496332
vn -0.0 0.76024777 -0.6496332
vn -0.0 0.76024777 -0.6496332
vn -0.0 0.76024777 -0.6496332
vn -0.0 0.83257157 -0.55391747
vn -0.0 0.83257157 -0.55391747
vn -0.0 0.83257157 -0.55391747
vn -0.0 0.83257157 -0.55391747
vn -0.0 -0.15920465 -0.9872456
vn -0.0 -0.15920465 -0.9872456
vn -0.0 -0.15920465 -0.9872456
vn -0.0 -0.15920465 -0.9872456
vn -0.0 -0.81643987 -0.5774304
vn -0.0 -0.81643987 -0.5774304
vn -0.0 -0.81643987 -0.5774304
vn -0.0 -0.81643987 -0.5774304
vn -0.0 -0.8803931 -0.47424477
vn -0.0 -0.8803931 -0.47424477
vn -0.0 -0.8803931 -0.47424477
vn -0.0 -0.8803931 -0.47424477
vn -0.0 -0.92515266 -0.37959528
vn -0.0 -0.92515266 -0.37959528
vn -0.0 -0.92515266 -0.37959528
vn -0.0 -0.92515266 -0.37959528
vn -0.0 -0.9597534 -0.28084403
vn -0.0 -0.9597534 -0.28084403
vn -0.0 -0.9597534 -0.28084403
vn -0.0 -0.9597534 -0.28084403
vn -0.0 -0.73698026 -0.6759142
vn -0.0 -0.73698026 -0.6759142
vn -0.0 -0.73698026 -0.6759142
vn -0.0 -0.73698026 -0.6759142
vn -0.0 -0.64964604 -0.7602368
vn -0.0 -0.64964604 -0.7602368
vn -0.0 -0.64964604 -0.7602368
vn -0.0 -0.64964604 -0.7602368
vn -0.0 -0.5665971 -0.823995
vn -0.0 -0.5665971 -0.823995
vn -0.0 -0.5665971 -0.823995
vn -0.0 -0.5665971 -0.823995
vn -0.0 -0.47738293 -0.87869537
vn -0.0 -0.47738293 -0.87869537
vn -0.0 -0.47738293 -0.87869537
vn -0.0 -0.47738293 -0.87869537
vn -0.0 -0.3829153 -0.9237835
vn -0.0 -0.3829153 -0.9237835
vn -0.0 -0.3829153 -0.9237835
vn -0.0 -0.3829153 -0.9237835
vn -0.0 -0.2610009 -0.9653385
vn -0.0 -0.2610009 -0.9653385
vn -0.0 -0.2610009 -0.9653385
vn -0.0 -0.2610009 -0.9653385
vn -0.0 -0.9869989 -0.160727
vn -0.0 -0.9869989 -0.160727
vn -0.0 -0.9869989 -0.160727
vn -0.0 -0.9869989 -0.160727
vn -0.0 -0.8014552 0.59805477
vn -0.0 -0.8014552 0.59805477
vn -0.0 -0.8014552 0.59805477
vn -0.0 -0.8014552 0.59805477
vn -0.0 -0.7230828 0.6907614
vn -0.0 -0.7230828 0.6907614
vn -0.0 -0.7230828 0.6907614
vn -0.0 -0.7230828 0.6907614
vn -0.0 -0.64691776 0.7625598
vn -0.0 -0.64691776 0.7625598
vn -0.0 -0.64691776 0.7625598
vn -0.0 -0.64691776 0.7625598
vn -0.0 -0.5636499 0.8260138
vn -0.0 -0.5636499 0.8260138
vn -0.0 -0.5636499 0.8260138
vn -0.0 -0.5636499 0.8260138
vn -0.0 -0.8705804 0.4920262
vn -0.0 -0.8705804 0.4920262
vn -0.0 -0.8705804 0.4920262
vn -0.0 -0.8705804 0.4920262
vn -0.0 -0.9237832 0.38291603
vn -0.0 -0.9237832 0.38291603
vn -0.0 -0.9237832 0.38291603
vn -0.0 -0.9237832 0.38291603
vn -0.0 -0.958753 0.28424048
vn -0.0 -0.958753 0.28424048
vn -0.0 -0.958753 0.28424048
vn -0.0 -0.958753 0.28424048
vn -0.0 -0.9832078 0.18248916
vn -0.0 -0.9832078 0.18248916
vn -0.0 -0.9832078 0.18248916
vn -0.0 -0.9832078 0.18248916
vn -0.0 -0.9968973 0.07871332
vn -0.0 -0.9968973 0.07871332
vn -0.0 -0.9968973 0.07871332
vn -0.0 -0.9968973 0.07871332
vn -0.0 -0.99915034 -0.041214447
vn -0.0 -0.99915034 -0.041214447
vn -0.0 -0.99915034 -0.041214447
vn -0.0 -0.99915034 -0.041214447
vn -0.0 -0.47045586 0.8824235
vn -0.0 -0.47045586 0.8824235
vn -0.0 -0.47045586 0.8824235
vn -0.0 -0.47045586 0.8824235
vn -0.0 0.3211005 0.9470451
vn -0.0 0.3211005 0.9470451
vn -0.0 0.3211005 0.9470451
vn -0.0 0.3211005 0.9470451
vn -0.0 0.4335129 0.90114737
vn -0.0 0.4335129 0.90114737
vn -0.0 0.4335129 0.90114737
vn -0.0 0.4335129 0.90114737
vn -0.0 0.5253246 0.8509019
vn -0.0 0.5253246 0.8509019
vn -0.0 0.5253246 0.8509019
vn -0.0 0.5253246 0.8509019
vn -0.0 0.61140525 0.79131764
vn -0.0 0.61140525 0.79131764
vn -0.0 0.61140525 0.79131764
vn -0.0 0.61140525 0.79131764
vn -0.0 0.19893979 0.9800117
vn -0.0 0.1989398 0.9800117
vn -0.0 0.19893979 0.9800117
vn -0.0 0.19893983 0.9800117
vn -0.0 0.0787008 0.9968983
vn -0.0 0.0787008 0.9968983
vn -0.0 0.0787008 0.9968983
vn -0.0 0.0787008 0.9968983
vn -0.0 -0.02593768 0.9996636
vn -0.0 -0.02593768 0.9996636
vn -0.0 -0.02593768 0.9996636
vn -0.0 -0.025937686 0.9996636
vn -0.0 -0.13028026 0.9914772
vn -0.0 -0.13028026 0.9914772
vn -0.0 -0.13028026 0.9914772
vn -0.0 -0.13028026 0.9914772
vn -0.0 -0.23318763 0.9724317
vn -0.0 -0.23318763 0.9724317
vn -0.0 -0.23318763 0.9724317
vn -0.0 -0.23318763 0.9724317
vn -0.0 -0.33439532 0.9424329
vn -0.0 -0.33439532 0.9424329
vn -0.0 -0.33439532 0.9424329
vn -0.0 -0.33439532 0.9424329
vn -0.0 0.6924437 0.7214719
vn -0.0 0.6924437 0.7214719
vn -0.0 0.6924437 0.7214719
vn -0.0 0.6924437 0.7214719
vn -0.0 0.9999187 -0.012752423
vn -0.0 0.9999187 -0.012752423
vn -0.0 0.9999187 -0.012752423
vn -0.0 0.9999187 -0.012752423
vn -0.0 0.9910064 -0.13381466
vn -0.0 0.9910064 -0.13381466
vn -0.0 0.9910064 -0.13381466
vn -0.0 0.9910064 -0.13381466
vn -0.0 0.9715914 -0.23666458
vn -0.0 0.9715914 -0.23666458
vn -0.0 0.9715914 -0.23666458
vn -0.0 0.9715914 -0.23666458
vn -0.0 0.9415283 -0.33693382
vn -0.0 0.9415283 -0.33693382
vn -0.0 0.9415283 -0.33693382
vn -0.0 0.9415283 -0.33693382
vn -0.0 0.99352026 0.11365546
vn -0.0 0.99352026 0.11365546
vn -0.0 0.99352026 0.11365546
vn -0.0 0.99352026 0.11365546
vn -0.0 0.97242904 0.2331988
vn -0.0 0.97242904 0.2331988
vn -0.0 0.97242904 0.2331988
vn -0.0 0.97242904 0.2331988
vn -0.0 0.9427223 0.33357853
vn -0.0 0.9427223 0.33357853
vn -0.0 0.9427223 0.33357853
vn -0.0 0.9427223 0.33357853
vn -0.0 0.9026926 0.430286
vn -0.0 0.9026926 0.430286
vn -0.0 0.9026926 0.430286
vn -0.0 0.9026926 0.430286
vn -0.0 0.85277444 0.5222794
vn -0.0 0.85277444 0.5222794
vn -0.0 0.85277444 0.5222794
vn -0.0 0.85277444 0.5222794
vn -0.0 0.79283345 0.6094385
vn -0.0 0.79283345 0.6094385
vn -0.0 0.79283345 0.6094385
vn -0.0 0.79283345 0.6094385
vn -0.0 0.8942375 -0.44759277
vn -0.0 0.8942375 -0.44759277
vn -0.0 0.8942375 -0.44759277
vn -0.0 0.8942375 -0.44759277
vn 0.63925904 0.22828755 -0.73432463
vn 0.6392591 0.22828755 -0.73432463
vn 0.63925904 0.22828752 -0.73432463
vn 0.639259 0.22828752 -0.73432463
vn 0.639645 0.137567 -0.75626034
vn 0.6396449 0.13756698 -0.75626034
vn 0.639645 0.137567 -0.75626034
vn 0.639645 0.13756701 -0.75626034
vn 0.6396388 0.057757698 -0.7665027
vn 0.6396388 0.0577577 -0.7665027
vn 0.6396388 0.057757698 -0.7665027
vn 0.6396388 0.057757698 -0.7665027
vn 0.6396383 -0.022665527 -0.7683418
vn 0.6396383 -0.02266553 -0.7683418
vn 0.6396383 -0.022665529 -0.7683417
vn 0.6396383 -0.022665529 -0.7683417
vn 0.60352737 -0.023522403 -0.7969952
vn 0.6035273 -0.023522407 -0.79699534
vn 0.63926244 0.319214 -0.6996042
vn 0.6392623 0.319214 -0.6996042
vn 0.6392623 0.319214 -0.6996042
vn 0.6392623 0.319214 -0.6996042
vn 0.6033637 0.3310327 -0.7255134
vn 0.6033637 0.3310327 -0.7255134
vn 0.6396522 0.40146273 -0.6554942
vn 0.6396523 0.4014628 -0.6554942
vn 0.63965225 0.4014628 -0.65549415
vn 0.6396522 0.40146282 -0.6554942
vn 0.63966376 0.46778145 -0.6099268
vn 0.6396638 0.46778145 -0.6099269
vn 0.6396638 0.46778145 -0.6099269
vn 0.63966376 0.46778142 -0.60992694
vn 0.63967645 0.52895176 -0.5576953
vn 0.63967645 0.52895176 -0.5576954
vn 0.6396764 0.52895176 -0.5576954
vn 0.63967645 0.5289518 -0.5576954
vn 0.63968664 0.58435714 -0.4993273
vn 0.63968664 0.5843571 -0.4993273
vn 0.63968664 0.58435714 -0.4993273
vn 0.6396866 0.58435714 -0.4993273
vn 0.60403574 0.60588336 -0.5177317
vn 0.60403574 0.6058833 -0.5177317
vn 0.6393607 0.6401698 -0.42591128
vn 0.6393608 0.64016974 -0.42591128
vn 0.6393607 0.6401698 -0.42591128
vn 0.6393607 0.6401698 -0.42591128
vn 0.6040597 0.66362756 -0.44125992
vn 0.6040597 0.66362756 -0.4412599
vn 0.6390128 -0.12246173 -0.75938517
vn 0.63901275 -0.12246174 -0.75938517
vn 0.6390128 -0.12246175 -0.75938517
vn 0.6390128 -0.12246173 -0.75938517
vn 0.6038126 -0.1275509 -0.7868552
vn 0.6038126 -0.12755089 -0.78685516
vn 0.63933015 -0.62778807 -0.44400334
vn 0.6393302 -0.62778807 -0.44400337
vn 0.63933015 -0.62778807 -0.44400334
vn 0.63933027 -0.6277881 -0.44400337
vn 0.6397403 -0.67666256 -0.36449993
vn 0.63974017 -0.67666256 -0.36449996
vn 0.6397403 -0.67666256 -0.36449996
vn 0.63974035 -0.6766625 -0.36449993
vn 0.6397545 -0.7110504 -0.2917561
vn 0.6397544 -0.7110504 -0.2917561
vn 0.6397544 -0.7110504 -0.2917561
vn 0.6397544 -0.7110504 -0.2917561
vn 0.63976794 -0.7376367 -0.21584505
vn 0.6397679 -0.73763674 -0.21584506
vn 0.6397679 -0.73763674 -0.21584506
vn 0.6397679 -0.73763674 -0.21584506
vn 0.60357803 -0.7652153 -0.22391766
vn 0.6035781 -0.7652152 -0.22391765
vn 0.6393109 -0.56669974 -0.5197432
vn 0.63931084 -0.5666998 -0.5197432
vn 0.6393109 -0.56669974 -0.5197432
vn 0.6393109 -0.56669974 -0.5197432
vn 0.6030459 -0.5878915 -0.5391839
vn 0.6030458 -0.5878915 -0.53918386
vn 0.63968503 -0.49933594 -0.5843515
vn 0.639685 -0.49933597 -0.5843515
vn 0.63968503 -0.499336 -0.5843515
vn 0.63968503 -0.49933597 -0.5843515
vn 0.6396752 -0.4355165 -0.6333569
vn 0.6396752 -0.4355165 -0.633357
vn 0.63967526 -0.4355165 -0.6333569
vn 0.6396752 -0.4355165 -0.6333569
vn 0.6396644 -0.36693847 -0.6754151
vn 0.6396644 -0.36693847 -0.67541516
vn 0.6396644 -0.3669385 -0.6754151
vn 0.6396644 -0.36693844 -0.6754151
vn 0.639656 -0.2943367 -0.7100747
vn 0.639656 -0.29433665 -0.7100747
vn 0.639656 -0.2943367 -0.7100747
vn 0.639656 -0.2943367 -0.7100747
vn 0.60343987 -0.30533862 -0.73663336
vn 0.60343987 -0.30533862 -0.73663336
vn 0.63905865 -0.20074672 -0.74249905
vn 0.6390586 -0.20074673 -0.74249905
vn 0.6390586 -0.20074672 -0.74249905
vn 0.6390586 -0.20074672 -0.74249905
vn 0.6038407 -0.20739089 -0.7696528
vn 0.60384077 -0.20739087 -0.7696527
vn 0.6393621 -0.75890964 -0.12358128
vn 0.63936204 -0.75890964 -0.12358129
vn 0.63936204 -0.7589097 -0.123581305
vn 0.639362 -0.7589097 -0.12358129
vn 0.6036059 -0.7869615 -0.12787317
vn 0.603606 -0.78696144 -0.12787317
vn 0.6395466 -0.6161209 0.45975572
vn 0.6395466 -0.61612093 0.45975563
vn 0.6395465 -0.6161209 0.45975566
vn 0.6395465 -0.6161209 0.45975566
vn 0.639947 -0.5556307 0.5307942
vn 0.639947 -0.5556307 0.5307942
vn 0.639947 -0.5556307 0.5307942
vn 0.639947 -0.5556307 0.5307942
vn 0.6399557 -0.49710265 0.5859571
vn 0.63995564 -0.49710268 0.58595717
vn 0.63995564 -0.49710262 0.5859571
vn 0.63995564 -0.49710262 0.58595717
vn 0.6399658 -0.4331118 0.63471097
vn 0.6399658 -0.4331118 0.634711
vn 0.6399658 -0.4331118 0.63471097
vn 0.6399658 -0.43311173 0.63471097
vn 0.60432774 -0.4490838 0.6581123
vn 0.6043277 -0.4490838 0.6581123
vn 0.6395282 -0.66927344 0.37825486
vn 0.6395282 -0.6692734 0.37825486
vn 0.63952816 -0.6692734 0.3782549
vn 0.6395283 -0.6692735 0.37825486
vn 0.60363895 -0.694077 0.39227167
vn 0.6036389 -0.694077 0.3922717
vn 0.6398928 -0.7098956 0.29425406
vn 0.63989276 -0.7098956 0.29425403
vn 0.6398929 -0.7098956 0.294254
vn 0.6398928 -0.7098956 0.29425406
vn 0.63987327 -0.7367818 0.21843727
vn 0.6398733 -0.7367817 0.21843728
vn 0.6398733 -0.7367817 0.21843724
vn 0.6398733 -0.7367817 0.21843727
vn 0.63985735 -0.75558996 0.14023699
vn 0.63985735 -0.75558996 0.14023699
vn 0.63985735 -0.7555899 0.14023696
vn 0.63985735 -0.75558996 0.14023696
vn 0.639845 -0.7661197 0.060488198
vn 0.639845 -0.76611984 0.060488194
vn 0.639845 -0.7661198 0.060488194
vn 0.639845 -0.7661198 0.060488194
vn 0.6037392 -0.79470867 0.062745735
vn 0.6037392 -0.7947087 0.06274573
vn 0.6394728 -0.76816064 -0.031681206
vn 0.63947284 -0.76816064 -0.031681206
vn 0.6394728 -0.76816064 -0.031681206
vn 0.6394728 -0.76816064 -0.031681206
vn 0.6036345 -0.7965751 -0.033066656
vn 0.6036344 -0.79657525 -0.033066656
vn 0.6398842 -0.361534 0.6781162
vn 0.6398842 -0.3615339 0.67811614
vn 0.63988405 -0.36153394 0.6781162
vn 0.6398841 -0.36153397 0.6781161
vn 0.60359174 -0.37550882 0.70332783
vn 0.6035918 -0.3755088 0.7033279
vn 0.6395961 0.24683823 0.7280025
vn 0.63959616 0.24683824 0.7280025
vn 0.6395962 0.24683824 0.7280025
vn 0.6395961 0.24683823 0.7280025
vn 0.6399767 0.33310735 0.6924373
vn 0.63997674 0.33310732 0.6924373
vn 0.63997674 0.33310735 0.6924373
vn 0.6399766 0.33310735 0.6924373
vn 0.639965 0.4036615 0.65383655
vn 0.639965 0.40366146 0.6538365
vn 0.6399651 0.40366146 0.6538365
vn 0.63996506 0.40366146 0.65383655
vn 0.6399492 0.46981034 0.6080651
vn 0.6399492 0.46981034 0.6080651
vn 0.6399492 0.4698103 0.6080651
vn 0.6399492 0.46981034 0.6080651
vn 0.6047646 0.4869277 0.63020736
vn 0.6047646 0.4869277 0.6302073
vn 0.639603 0.15291971 0.75334156
vn 0.639603 0.15291972 0.7533416
vn 0.639603 0.15291972 0.7533416
vn 0.639603 0.15291972 0.7533416
vn 0.60431516 0.15849206 0.7808222
vn 0.6043152 0.15849207 0.7808222
vn 0.63999134 0.060479883 0.76599824
vn 0.6399913 0.06047988 0.76599824
vn 0.63999134 0.06047988 0.76599824
vn 0.6399914 0.06047988 0.7659982
vn 0.63998675 -0.019925492 0.76812756
vn 0.63998675 -0.019925492 0.76812756
vn 0.6399868 -0.019925494 0.76812756
vn 0.63998675 -0.019925494 0.76812756
vn 0.63998777 -0.10010966 0.76183575
vn 0.6399878 -0.10010967 0.7618357
vn 0.63998777 -0.100109674 0.76183575
vn 0.6399878 -0.10010967 0.7618357
vn 0.63999355 -0.17918229 0.747196
vn 0.63999355 -0.17918229 0.747196
vn 0.6399935 -0.1791823 0.74719614
vn 0.6399935 -0.17918229 0.7471961
vn 0.6045352 -0.18576889 0.77461416
vn 0.60453516 -0.1857689 0.77461416
vn 0.6399697 -0.25694412 0.7241674
vn 0.6399697 -0.25694412 0.72416747
vn 0.63996965 -0.25694415 0.72416747
vn 0.6399697 -0.2569441 0.7241675
vn 0.6036587 -0.26605317 0.7515397
vn 0.6036587 -0.26605314 0.75153965
vn 0.6398895 0.53212273 0.5544249
vn 0.6398895 0.53212273 0.5544249
vn 0.6398894 0.53212273 0.5544248
vn 0.6398895 0.53212273 0.5544248
vn 0.6038498 0.55152977 0.57548267
vn 0.6038499 0.5515298 0.5754826
vn 0.63941604 0.7687985 -0.009805183
vn 0.6394161 0.7687984 -0.009805182
vn 0.63941604 0.7687984 -0.009805182
vn 0.63941604 0.7687984 -0.00980518
vn 0.6397786 0.76164764 -0.102840446
vn 0.6397786 0.76164764 -0.102840446
vn 0.6397786 0.76164764 -0.102840446
vn 0.6397786 0.76164764 -0.10284046
vn 0.6397577 0.74674183 -0.18189746
vn 0.63975763 0.7467419 -0.18189748
vn 0.63975775 0.7467419 -0.18189748
vn 0.63975775 0.7467419 -0.18189748
vn 0.6397499 0.72364044 -0.2589684
vn 0.63974977 0.72364044 -0.2589684
vn 0.6397499 0.7236404 -0.25896847
vn 0.6397499 0.72364044 -0.25896847
vn 0.6042727 0.75018454 -0.26847285
vn 0.6042727 0.75018454 -0.26847282
vn 0.63943917 0.7638596 0.0873842
vn 0.6394391 0.7638597 0.0873842
vn 0.63943917 0.7638596 0.0873842
vn 0.6394391 0.7638597 0.08738421
vn 0.6041491 0.7917082 0.09056532
vn 0.6041491 0.7917082 0.0905653
vn 0.6398498 0.7473112 0.17921577
vn 0.6398497 0.7473112 0.17921576
vn 0.6398498 0.7473111 0.17921577
vn 0.6398498 0.7473112 0.17921577
vn 0.63986695 0.72446996 0.25634682
vn 0.63986695 0.72446996 0.25634682
vn 0.63986695 0.7244699 0.2563468
vn 0.63986695 0.72446996 0.25634682
vn 0.6398774 0.6937 0.33066192
vn 0.6398774 0.69369996 0.3306619
vn 0.6398774 0.6937 0.33066192
vn 0.6398773 0.6937 0.33066192
vn 0.6398959 0.65532255 0.40135476
vn 0.639896 0.65532243 0.40135485
vn 0.639896 0.6553224 0.40135476
vn 0.6398959 0.65532243 0.40135476
vn 0.60471517 0.6791815 0.4159712
vn 0.6047151 0.6791815 0.41597116
vn 0.63989675 0.60925925 0.46833244
vn 0.63989675 0.60925925 0.4683324
vn 0.6398967 0.60925925 0.46833244
vn 0.6398967 0.6092593 0.4683324
vn 0.60393107 0.6322421 0.4853218
vn 0.60393107 0.632242 0.48532182
vn 0.63937294 0.6875786 -0.34414804
vn 0.639373 0.68757856 -0.34414804
vn 0.63937294 0.6875786 -0.34414804
vn 0.639373 0.68757856 -0.344148
vn 0.6040203 0.712625 -0.3568263
vn 0.6040203 0.712625 -0.3568264
vn 0.5570805 0.27478212 -0.78368115
vn 0.5570805 0.27478212 -0.78368115
vn 0.5570805 0.27478212 -0.78368115
vn 0.5570805 0.27478212 -0.7836811
vn 0.4996187 0.15842466 -0.8516354
vn 0.49961868 0.15842466 -0.8516354
vn 0.4996187 0.15842466 -0.8516354
vn 0.49961868 0.15842466 -0.8516354
vn 0.53410345 0.007996549 -0.8453813
vn 0.53410333 0.007996548 -0.8453814
vn 0.5341034 0.007996549 -0.8453814
vn 0.5341034 0.007996549 -0.8453813
vn 0.5396518 0.3949587 -0.74349415
vn 0.5396518 0.39495876 -0.7434941
vn 0.5396518 0.39495876 -0.7434941
vn 0.53965193 0.39495873 -0.7434941
vn 0.48989323 0.5305421 -0.69175845
vn 0.48989326 0.530542 -0.69175845
vn 0.48989332 0.5305421 -0.69175845
vn 0.48989326 0.53054196 -0.69175845
vn 0.5495655 0.6060515 -0.5750472
vn 0.54956555 0.6060515 -0.5750472
vn 0.5495655 0.6060515 -0.5750472
vn 0.5495655 0.6060515 -0.5750472
vn 0.5562436 -0.660655 -0.50411123
vn 0.55624354 -0.660655 -0.5041111
vn 0.5562435 -0.6606551 -0.5041112
vn 0.55624354 -0.660655 -0.5041112
vn 0.49941948 -0.76096934 -0.4141326
vn 0.4994195 -0.7609694 -0.41413257
vn 0.4994195 -0.7609694 -0.41413257
vn 0.49941945 -0.7609694 -0.41413257
vn 0.52885354 -0.80586934 -0.26624912
vn 0.52885354 -0.80586934 -0.26624912
vn 0.5288535 -0.80586934 -0.26624906
vn 0.5288535 -0.80586934 -0.26624912
vn 0.536583 -0.58780646 -0.60544384
vn 0.536583 -0.58780634 -0.6054439
vn 0.536583 -0.5878064 -0.6054439
vn 0.53658307 -0.5878064 -0.6054439
vn 0.4896405 -0.4940438 -0.71845174
vn 0.4896405 -0.4940438 -0.71845174
vn 0.4896405 -0.49404374 -0.7184518
vn 0.4896405 -0.4940438 -0.71845174
vn 0.54806113 -0.35946956 -0.75525534
vn 0.5480612 -0.35946953 -0.75525534
vn 0.54806113 -0.35946953 -0.75525534
vn 0.54806113 -0.35946953 -0.75525534
vn 0.55310947 -0.68662363 0.47182408
vn 0.55310947 -0.6866236 0.47182414
vn 0.55310947 -0.6866236 0.4718241
vn 0.55310947 -0.6866236 0.4718241
vn 0.5005309 -0.628472 0.59539217
vn 0.5005309 -0.6284719 0.59539217
vn 0.5005309 -0.628472 0.59539217
vn 0.50053084 -0.628472 0.5953921
vn 0.53767073 -0.503576 0.6762555
vn 0.53767073 -0.5035759 0.67625546
vn 0.53767073 -0.503576 0.6762555
vn 0.53767073 -0.503576 0.6762555
vn 0.5346491 -0.75771487 0.37419054
vn 0.53464895 -0.7577149 0.37419054
vn 0.53464895 -0.7577149 0.37419057
vn 0.5346491 -0.75771487 0.37419057
vn 0.4899404 -0.8357955 0.24779895
vn 0.4899404 -0.8357955 0.2477989
vn 0.48994035 -0.8357955 0.24779892
vn 0.48994035 -0.8357955 0.24779892
vn 0.54984593 -0.82807595 0.1093607
vn 0.54984593 -0.82807595 0.10936071
vn 0.54984593 -0.82807595 0.10936071
vn 0.54984593 -0.8280759 0.10936072
vn 0.5527035 0.2359726 0.79927206
vn 0.5527035 0.23597257 0.799272
vn 0.5527035 0.2359726 0.79927206
vn 0.55270356 0.2359726 0.799272
vn 0.5011291 0.37202415 0.7813243
vn 0.5011291 0.37202412 0.78132427
vn 0.5011291 0.37202418 0.78132427
vn 0.5011291 0.37202412 0.78132427
vn 0.5422976 0.48337427 0.6872137
vn 0.5422976 0.4833742 0.68721366
vn 0.54229766 0.48337427 0.68721366
vn 0.54229766 0.4833742 0.6872137
vn 0.5450183 0.11386688 0.830656
vn 0.5450183 0.113866866 0.830656
vn 0.5450183 0.11386688 0.830656
vn 0.54501826 0.11386688 0.830656
vn 0.49038088 -0.022602377 0.8712151
vn 0.49038088 -0.022602381 0.8712151
vn 0.49038088 -0.022602381 0.8712151
vn 0.49038085 -0.022602383 0.87121516
vn 0.5402313 -0.16070564 0.82602894
vn 0.5402313 -0.16070564 0.82602894
vn 0.5402313 -0.16070563 0.826029
vn 0.5402313 -0.16070564 0.82602894
vn 0.5512633 0.83400613 0.023294592
vn 0.5512633 0.83400613 0.023294592
vn 0.5512633 0.83400613 0.023294592
vn 0.5512633 0.83400613 0.023294587
vn 0.50111353 0.858053 -0.11238395
vn 0.5011135 0.8580531 -0.11238395
vn 0.50111353 0.8580531 -0.112383954
vn 0.5011134 0.8580531 -0.112383954
vn 0.54393345 0.8024058 -0.24552272
vn 0.5439335 0.8024057 -0.24552272
vn 0.54393345 0.8024058 -0.24552272
vn 0.5439335 0.8024057 -0.24552272
vn 0.5385387 0.8301107 0.14454155
vn 0.5385387 0.83011067 0.14454155
vn 0.5385387 0.83011067 0.14454155
vn 0.5385387 0.8301107 0.14454155
vn 0.46232134 0.8429184 0.27522263
vn 0.46232134 0.84291846 0.2752226
vn 0.46232134 0.84291846 0.27522257
vn 0.46232134 0.84291846 0.2752226
vn 0.5195557 0.73977506 0.42754507
vn 0.5195557 0.73977506 0.427545
vn 0.5195557 0.73977506 0.427545
vn 0.5195556 0.7397751 0.42754504
vn -0.07141139 0.5942194 -0.8011266
vn -0.07141139 0.5942194 -0.8011266
vn -0.07141139 0.5942194 -0.80112654
vn -0.0714114 0.5942194 -0.80112654
vn -0.07413314 0.19708857 -0.9775788
vn -0.07413314 0.19708857 -0.9775788
vn -0.07413315 0.19708857 -0.9775788
vn -0.07413314 0.19708857 -0.9775788
vn -0.071055725 0.023543227 -0.99719447
vn -0.07152588 -0.57805115 -0.8128597
vn -0.07152588 -0.57805115 -0.8128597
vn -0.07152589 -0.5780512 -0.81285965
vn -0.07152588 -0.57805115 -0.8128597
vn -0.074213274 -0.86887234 -0.4894417
vn -0.07421328 -0.86887234 -0.4894417
vn -0.07421328 -0.86887234 -0.4894417
vn -0.074213274 -0.86887234 -0.4894417
vn -0.076616466 -0.9844438 0.15811498
vn -0.07133272 -0.951729 0.2985356
vn -0.07133271 -0.951729 0.29853556
vn -0.071332715 -0.95172906 0.29853556
vn -0.0713327 -0.951729 0.29853556
vn -0.08049864 -0.80625105 0.586071
vn -0.07396734 -0.7340298 0.67507696
vn -0.073967345 -0.7340298 0.6750771
vn -0.073967345 -0.7340299 0.67507696
vn -0.07396734 -0.7340298 0.67507696
vn -0.07273877 -0.17187293 0.98243004
vn -0.073765814 0.41517127 0.90674776
vn -0.073765814 0.4151713 0.9067477
vn -0.07376582 0.41517136 0.9067477
vn -0.073765814 0.4151713 0.9067477
vn -0.07356888 0.5559856 0.82792974
vn -0.07382986 0.9906605 -0.114634074
vn -0.07382987 0.9906605 -0.11463407
vn -0.07382986 0.9906605 -0.11463407
vn -0.07382987 0.9906605 -0.114634074
vn -0.07444355 0.960219 -0.26914236
vn -0.837945 -0.54556406 0.014423795
vn -0.83794105 -0.5306479 0.1275446
vn -0.83794105 -0.5306498 0.12753674
vn -0.837945 -0.5455641 0.01442144
vn -0.8379364 -0.49254394 0.23508094
vn -0.83793634 -0.49254224 0.23508464
vn -0.8379327 -0.43290678 0.33235595
vn -0.8379327 -0.43290466 0.3323587
vn -0.8379332 -0.3543434 0.41510084
vn -0.8379332 -0.35434446 0.41509998
vn -0.8379362 -0.26030043 0.47969422
vn -0.8379363 -0.26029992 0.47969443
vn -0.83792746 -0.15487581 0.523346
vn -0.8379274 -0.15487751 0.5233456
vn -0.83792394 -0.0426744 0.544116
vn -0.837924 -0.042676438 0.5441159
vn -0.8379402 0.07136781 0.5410756
vn -0.8379403 0.07136889 0.5410754
vn -0.8379571 0.18228216 0.5143939
vn -0.8379571 0.18228222 0.5143939
vn -0.8379619 0.28525084 0.4652438
vn -0.8379619 0.2852494 0.46524462
vn -0.8379388 0.37577897 0.3957889
vn -0.8379387 0.37577516 0.39579248
vn -0.8379217 0.44987464 0.30903098
vn -0.8379216 0.4498789 0.3090248
vn -0.8379382 0.50426984 0.20873782
vn -0.8379382 0.504269 0.2087397
vn -0.8379485 0.53663707 0.099311866
vn -0.8379485 0.53663427 0.09932748
vn -0.83794385 0.5455659 -0.014420974
vn -0.8379439 0.54556555 -0.014430845
vn -0.83793646 0.5306549 -0.12754518
vn -0.8379366 0.5306588 -0.12752871
vn -0.83791894 0.49256912 -0.2350906
vn -0.83791894 0.49256724 -0.23509462
vn -0.8379144 0.43293563 -0.33236462
vn -0.8379144 0.43293658 -0.3323634
vn -0.83792007 0.35436708 -0.4151071
vn -0.83792007 0.35436407 -0.41510975
vn -0.8379291 0.2603064 -0.47970328
vn -0.8379292 0.2603068 -0.47970307
vn -0.8379257 0.15488298 -0.5233467
vn -0.8379257 0.15488419 -0.5233464
vn -0.8379163 0.04268917 -0.54412675
vn -0.8379163 0.042691186 -0.5441266
vn -0.8379336 -0.07137222 -0.54108536
vn -0.83793354 -0.071374826 -0.541085
vn -0.83794343 -0.18230729 -0.5144073
vn -0.83794343 -0.18230383 -0.5144085
vn -0.83794093 -0.28527775 -0.4652651
vn -0.83794093 -0.28527567 -0.46526644
vn -0.8379412 -0.37577057 -0.39579153
vn -0.8379412 -0.37576962 -0.3957925
vn -0.8379424 -0.44984293 -0.30902088
vn -0.8379425 -0.44984266 -0.309021
vn -0.8379432 -0.5042666 -0.20872565
vn -0.8379432 -0.50426614 -0.20872672
vn -0.8379445 -0.53664106 -0.099324904
vn -0.83794445 -0.5366411 -0.09932458
vn -0.99693996 -0.07814436 0.0020657114
vn -1.0 -1.6512271E-7 0.0
vn -0.99694 -0.0760062 0.018266663
vn -0.9969401 -0.07054771 0.033668786
vn -0.9969402 -0.062004466 0.047599945
vn -0.9969399 -0.050758805 0.059450973
vn -0.99694014 -0.037285145 0.06870382
vn -0.9969404 -0.02218298 0.074952684
vn -0.9969403 -0.0061086686 0.0779275
vn -0.9969402 0.010228453 0.077495985
vn -0.99694014 0.026117312 0.07367672
vn -0.99693984 0.040869728 0.066638336
vn -0.9969403 0.05381991 0.056687675
vn -0.9969407 0.06442417 0.044258792
vn -0.9969407 0.07221927 0.029894704
vn -0.99694014 0.07686401 0.014224425
vn -0.9969399 0.07814487 -0.002066325
vn -0.99694014 0.07600534 -0.01826581
vn -0.9969402 0.07054537 -0.033669677
vn -0.9969402 0.062004153 -0.04760066
vn -0.9969399 0.050759163 -0.05945116
vn -0.99694014 0.037285324 -0.068703525
vn -0.99694026 0.022183303 -0.07495393
vn -0.9969404 0.006108557 -0.07792742
vn -0.99694014 -0.010239148 -0.077495426
vn -0.99694014 -0.026117325 -0.073676944
vn -0.9969404 -0.04085889 -0.06663744
vn -0.9969403 -0.053819604 -0.05668772
vn -0.99694055 -0.06442578 -0.044259164
vn -0.99694055 -0.07222122 -0.029894184
vn -0.99694014 -0.07686412 -0.014225813
vn 0.021660607 -0.59719163 0.8018061
vn 0.021660602 -0.5971916 0.8018061
vn 0.021660604 -0.5971916 0.8018061
vn 0.021660607 -0.59719163 0.8018061
vn 0.021660604 -0.5971916 0.80180615
vn 0.02170617 0.3147296 0.9489331
vn 0.021706166 0.31472957 0.9489331
vn 0.02170617 0.3147296 0.9489331
vn 0.021706168 0.3147296 0.9489331
vn 0.021706166 0.31472957 0.9489331
vn -0.0 0.9872424 0.15922447
vn -0.0 0.9872424 0.15922447
vn -0.0 0.9872424 0.15922447
vn -0.0 0.9872424 0.15922447
vn -0.0 0.6315142 -0.7753643
vn -0.0 0.6315142 -0.7753643
vn -0.0 0.6315142 -0.7753643
vn -0.0 0.6315142 -0.7753643
vn -0.0 0.6315142 -0.7753643
vn -0.0 -0.3557345 -0.93458706
vn -0.0 -0.3557345 -0.93458706
vn -0.0 -0.3557345 -0.93458706
vn -0.0 -0.3557345 -0.93458706
vn -0.0 -0.3557345 -0.93458706
vn -0.0 -0.3557345 -0.93458706
vn -0.0 -0.987241 -0.15923303
vn -0.0 -0.987241 -0.15923303
vn -0.0 -0.987241 -0.15923303
vn -0.0 -0.987241 -0.15923303
vn -0.98356164 -0.16923589 0.06297409
vn -0.9805722 -0.032136727 0.19350803
vn -0.9863433 -0.10379152 0.1278837
vn -1.0 0.0 0.0
vn -0.98277867 0.14472249 0.114897944
vn -0.98634607 0.05840771 0.15398064
vn -0.98311967 0.17077492 -0.065663286
vn -0.985846 0.16551791 0.02667402
vn -0.98034567 0.02092024 -0.19617544
vn -0.9853378 0.10773398 -0.1322981
vn -0.98566085 -0.13807957 -0.09698812
vn -0.9849856 -0.060232427 -0.16178823
vn -0.9858767 -0.16529943 -0.026892832
vn -0.105065905 -0.93222874 0.3462811
vn -0.11207885 -0.6275851 0.7704384
vn -0.0 -0.9374517 0.34811532
vn -0.0 -0.63154864 0.77533627
vn -0.10407369 -0.16270973 0.9811698
vn -0.112107426 0.3535049 0.92869055
vn -0.0 -0.16365997 0.98651683
vn -0.0 0.35575014 0.9345811
vn -0.10521101 0.9279701 -0.3574942
vn -0.11141537 0.627607 -0.7705168
vn -0.0 0.93313366 -0.3595296
vn -0.0 0.6315048 -0.77537197
vn -0.0 0.10828101 -0.99412036
vn -0.11180923 -0.9810697 -0.15811712
vn -0.0 -0.98723906 -0.15924534
vn -0.0 -0.81608635 -0.57793
vn -0.1059843 -0.8109641 -0.57541686
vn -0.11034847 -0.35396513 -0.92872596
vn -0.0 -0.35592604 -0.9345141
vn -0.10434133 0.1083522 -0.9886216
vn -0.0 0.10828101 -0.99412036
vn -0.9999809 0.00495476 -0.0036839696
vn -0.99998206 0.0017405917 -0.005730133
vn -0.9999809 0.004954759 -0.0036839694
vn -0.99998033 0.0010303807 -0.006182246
vn -0.99998206 -5.9204514E-4 -0.0059624994
vn -0.999983 -0.00416512 -0.0040831114
vn -0.9999818 -0.0046718623 -0.0038165643
vn -0.9999821 -0.005464161 -0.002434149
vn -0.99998343 -0.0055643483 0.0014749944
vn -0.99998236 -0.0055788388 0.0020406323
vn -0.99998266 -0.0047739246 0.0034535956
vn -0.9999829 -0.0013064633 0.005703478
vn -0.99998087 -6.089725E-4 0.006156035
vn -0.9999818 0.0056168665 -0.0022001527
vn -0.9999828 0.005345093 0.0024159225
vn -0.99998575 0.0037570335 0.0037973174
vn -0.9999854 2.9591657E-4 0.005395926
vn -0.9999825 0.0049542836 0.0032443164
vn -0.0 0.7834955 0.62139744
vn -0.111778274 0.9810441 0.15829742
vn -0.0 0.98724514 0.15920754
vn -0.10481119 0.77908015 0.61810094
vn 0.021661062 0.5560472 0.83086836
vn 0.02166106 0.55604714 0.8308684
vn 0.021661062 0.5560472 0.83086836
vn 0.021661062 0.5560472 0.83086836
vn 0.021661062 0.5560472 0.83086836
vn 0.02170484 0.99955237 0.020588895
vn 0.021704838 0.99955237 0.020588895
vn 0.021704838 0.99955237 0.020588895
vn 0.021704838 0.99955237 0.020588897
vn 0.021704838 0.99955237 0.020588895
vn -0.0 0.48007068 -0.8772298
vn -0.0 0.48007068 -0.8772298
vn -0.0 0.48007068 -0.8772298
vn -0.0 0.48007068 -0.8772298
vn -0.0 -0.5196577 -0.8543746
vn -0.0 -0.5196577 -0.8543746
vn -0.0 -0.5196577 -0.8543746
vn -0.0 -0.5196577 -0.8543746
vn -0.0 -0.5196577 -0.8543746
vn -0.0 -0.99973893 0.022850495
vn -0.0 -0.99973893 0.022850495
vn -0.0 -0.99973893 0.022850495
vn -0.0 -0.99973893 0.022850495
vn -0.0 -0.99973893 0.022850495
vn -0.0 -0.99973893 0.022850495
vn -0.0 -0.48007235 0.8772289
vn -0.0 -0.48007235 0.8772289
vn -0.0 -0.48007235 0.8772289
vn -0.0 -0.48007235 0.8772289
vn -0.9835598 0.0027848359 0.1805614
vn -0.98057437 0.17161883 0.094978526
vn -0.9863438 0.085826285 0.14056928
vn -1.0 1.6739402E-6 0.0
vn -0.9827807 0.15665488 -0.09798663
vn -0.98634565 0.16464953 -0.0035801197
vn -0.9831204 -0.0047993674 -0.18289697
vn -0.9858444 0.08047004 -0.14709005
vn -0.980345 -0.17790091 -0.085293174
vn -0.985339 -0.08866797 -0.145757
vn -0.9856649 -0.13755322 0.09769258
vn -0.9849858 -0.17261446 0.0026890594
vn -0.98587704 -0.08060227 0.14679837
vn -0.105051 0.014745993 0.99435747
vn -0.112078734 0.5162887 0.8490491
vn -0.0 0.01472591 0.9998916
vn -0.0 0.5195779 0.85442305
vn -0.10407219 0.87032825 0.48134986
vn -0.11211608 0.9934348 -0.02274479
vn -0.0 0.87505174 0.48402944
vn -0.0 0.99973804 -0.022889078
vn -0.105220586 -0.026699943 -0.99409044
vn -0.11143149 -0.5163907 -0.8490722
vn -0.0 -0.026888855 -0.99963844
vn -0.0 -0.5196697 -0.8543672
vn -0.0 -0.90073764 -0.43436357
vn -0.11180733 -0.47695318 0.87178826
vn -0.0 -0.4800756 0.8772271
vn -0.0 -0.8175042 0.5759226
vn -0.10599134 -0.81342363 0.5719334
vn -0.11034814 -0.9936235 0.02314298
vn -0.0 -0.9997342 0.023054663
vn -0.104342304 -0.8955303 -0.43259478
vn -0.0 -0.90073764 -0.43436357
vn -0.9999809 -0.0018300914 -0.0058986316
vn -0.999982 -0.004829292 -0.0035581563
vn -0.9999809 -0.0018300916 -0.0058986316
vn -0.9999803 -0.005492004 -0.0030409843
vn -0.9999819 -0.0058489484 -0.0014398803
vn -0.9999829 -0.0052619213 0.0025462045
vn -0.99998176 -0.005178788 0.0031106567
vn -0.9999822 -0.004115729 0.004326715
vn -0.9999835 -4.5849604E-4 0.0057320558
vn -0.99998236 7.1111725E-5 0.0059355563
vn -0.9999827 0.001683111 0.0056355502
vn -0.9999827 0.0049697203 0.003133329
vn -0.9999807 0.0056302277 0.0026304452
vn -0.9999817 -2.1162689E-4 -0.0060419515
vn -0.9999827 0.004061136 -0.004249045
vn -0.99998564 0.0048514768 -0.002265526
vn -0.9999853 0.0052148546 0.0015022901
vn -0.9999825 0.004725673 -0.0035697976
vn -0.0 0.84756684 -0.5306886
vn -0.11177994 0.47713792 -0.8716907
vn -0.0 0.48007062 -0.87722987
vn -0.10481738 0.84298474 -0.5276268
vn 0.02166018 0.965936 -0.25787318
vn 0.02166018 0.965936 -0.25787318
vn 0.021660183 0.965936 -0.25787318
vn 0.02166018 0.965936 -0.25787318
vn 0.021660184 0.96593595 -0.2578732
vn 0.021704141 0.34235486 -0.93931997
vn 0.02170414 0.34235486 -0.93931997
vn 0.021704141 0.34235483 -0.93932
vn 0.021704141 0.34235486 -0.93931997
vn 0.02170414 0.34235486 -0.93931997
vn -0.0 -0.6751379 -0.7376916
vn -0.0 -0.6751379 -0.7376916
vn -0.0 -0.6751379 -0.7376916
vn -0.0 -0.6751379 -0.7376916
vn -0.0 -0.9764287 0.21584015
vn -0.0 -0.9764287 0.21584015
vn -0.0 -0.9764287 0.21584015
vn -0.0 -0.9764287 0.21584015
vn -0.0 -0.9764287 0.21584015
vn -0.0 -0.3013173 0.95352393
vn -0.0 -0.3013173 0.95352393
vn -0.0 -0.3013173 0.95352393
vn -0.0 -0.3013173 0.95352393
vn -0.0 -0.3013173 0.95352393
vn -0.0 -0.3013173 0.95352393
vn -0.0 0.67512876 0.73769987
vn -0.0 0.67512876 0.73769987
vn -0.0 0.67512876 0.73769987
vn -0.0 0.67512876 0.73769987
vn -0.98356265 0.17176333 0.05569522
vn -0.98057514 0.14531235 -0.13174504
vn -0.9863453 0.16074638 -0.03582632
vn -1.0 3.282348E-6 0.0
vn -0.9827833 -0.04212189 -0.17989625
vn -0.9863442 0.049798217 -0.15698802
vn -0.98312086 -0.17463936 -0.054539446
vn -0.9858455 -0.11319591 -0.12367424
vn -0.9803457 -0.13817732 0.14081678
vn -0.9853396 -0.16658024 0.036836557
vn -0.9856635 0.04802834 0.16174278
vn -0.9849865 -0.053216662 0.16422413
vn -0.9858768 0.11289507 0.123699725
vn -0.10506571 0.9458124 0.307246
vn -0.112088926 0.97029144 -0.21440765
vn -0.0 0.9510448 0.30905315
vn -0.0 0.97644037 -0.21578747
vn -0.104079366 0.73666835 -0.66819704
vn -0.11213001 0.29939842 -0.94751644
vn -0.0 0.74073446 -0.671798
vn -0.0 0.3012997 -0.9535295
vn -0.10520739 -0.94943094 -0.29582477
vn -0.111417614 -0.9703592 0.21445061
vn -0.0 -0.95474213 -0.29743484
vn -0.0 -0.97642857 0.21584065
vn -0.0 -0.70203286 0.7121446
vn -0.1118103 0.670998 0.7329804
vn -0.0 0.67513597 0.7376933
vn -0.0 0.28101572 0.95970315
vn -0.10599376 0.2785559 0.95455325
vn -0.110353954 -0.2990635 0.9478307
vn -0.0 -0.30112168 0.95358574
vn -0.10434081 -0.69867367 0.707791
vn -0.0 -0.70203286 0.7121446
vn -0.9999807 -0.0062152417 -1.8579637E-4
vn -0.9999819 -0.004959097 0.0034105673
vn -0.9999807 -0.006215242 -1.8579634E-4
vn -0.9999802 -0.0046814224 0.004205519
vn -0.999982 -0.0032519375 0.005039382
vn -0.9999831 7.252956E-4 0.005777461
vn -0.9999819 0.0012896655 0.0058821873
vn -0.9999822 0.002766929 0.0052938852
vn -0.9999834 0.005288236 0.0022943856
vn -0.9999823 0.0056529664 0.0018604682
vn -0.99998254 0.005907403 2.434362E-4
vn -0.9999828 0.0045915414 -0.003663956
vn -0.99998075 0.0043269703 -0.004449554
vn -0.9999816 -0.0058057546 -0.0017703434
vn -0.99998266 -0.0027246056 -0.005224275
vn -0.99998575 -5.8771187E-4 -0.0053053307
vn -0.99998534 0.0031125008 -0.0044283504
vn -0.99998254 -0.0018682041 -0.0056088
vn -0.0 -0.228498 -0.97354436
vn -0.11177976 -0.67087954 -0.73309344
vn -0.0 -0.675177 -0.7376558
vn -0.10482129 -0.22707903 -0.96821874
vn 0.021660862 0.037380233 -0.99906635
vn 0.021660864 0.037380233 -0.99906635
vn 0.021660866 0.037380233 -0.99906635
vn 0.021660862 0.037380233 -0.99906635
vn 0.021660866 0.037380233 -0.99906635
vn 0.021706125 -0.79721254 -0.6033084
vn 0.021706125 -0.79721254 -0.60330844
vn 0.021706125 -0.79721254 -0.60330844
vn 0.021706127 -0.7972125 -0.6033085
vn 0.021706125 -0.79721254 -0.60330844
vn -0.0 -0.9035368 0.42851043
vn -0.0 -0.9035368 0.42851043
vn -0.0 -0.9035368 0.42851043
vn -0.0 -0.9035368 0.42851043
vn -0.0 -0.08065344 0.9967422
vn -0.0 -0.08065344 0.9967422
vn -0.0 -0.08065344 0.9967422
vn -0.0 -0.08065344 0.9967422
vn -0.0 -0.08065344 0.9967422
vn -0.0 0.82286376 0.56823874
vn -0.0 0.82286376 0.56823874
vn -0.0 0.82286376 0.56823874
vn -0.0 0.82286376 0.56823874
vn -0.0 0.82286376 0.56823874
vn -0.0 0.82286376 0.56823874
vn -0.0 0.9035413 -0.42850104
vn -0.0 0.9035413 -0.42850104
vn -0.0 0.9035413 -0.42850104
vn -0.0 0.9035413 -0.42850104
vn -0.9835581 0.10373485 -0.14782606
vn -0.98057026 -0.083217 -0.17764284
vn -0.9863442 0.013005591 -0.16418274
vn -1.0 1.9617858E-6 0.0
vn -0.98278147 -0.18434134 -0.012603852
vn -0.98634666 -0.13540398 -0.09373376
vn -0.983118 -0.10345655 0.15091623
vn -0.98584443 -0.15148221 0.071860395
vn -0.98034304 0.09398231 0.17347865
vn -0.9853377 -0.013744715 0.17006116
vn -0.9856645 0.1687093 0.0016251373
vn -0.9849878 0.14131877 0.09913653
vn -0.98587424 0.15143411 -0.07155249
vn -0.10506613 0.57162654 -0.81375927
vn -0.11207877 0.08021126 -0.9904567
vn -0.0 0.5748884 -0.8182319
vn -0.0 0.08069539 -0.9967388
vn -0.10406782 -0.4221968 -0.90051085
vn -0.11211644 -0.8176946 -0.5646286
vn -0.0 -0.42444637 -0.905453
vn -0.0 -0.822882 -0.56821233
vn -0.1052064 -0.561783 0.8205677
vn -0.11140421 -0.08017556 0.9905357
vn -0.0 -0.56488097 0.8251724
vn -0.0 -0.08063021 0.9967441
vn -0.0 0.47441417 0.8803017
vn -0.111808665 0.897815 -0.42594263
vn -0.0 0.9035357 -0.42851278
vn -0.0 0.99990916 0.013478209
vn -0.10598527 0.99426466 0.014313098
vn -0.11033414 0.81807613 0.564427
vn -0.0 0.82297003 0.56808484
vn -0.104323156 0.47123483 0.87581646
vn -0.0 0.47441417 0.8803017
vn -0.9999809 -0.0019983046 0.0058418307
vn -0.99998206 0.001824767 0.005708341
vn -0.9999809 -0.0019983044 0.0058418307
vn -0.99998033 0.0026699875 0.0056788176
vn -0.999982 0.0038751867 0.004579078
vn -0.999983 0.005744774 0.0010113337
vn -0.9999818 0.006010003 5.0518E-4
vn -0.9999821 0.0058844103 -0.0010866349
vn -0.99998343 0.0037456234 -0.004366097
vn -0.99998236 0.003436191 -0.004840546
vn -0.9999827 0.0019575856 -0.005539919
vn -0.9999829 -0.0021716298 -0.005436051
vn -0.9999808 -0.0030023272 -0.0054151453
vn -0.99998164 -0.0034075114 0.0050044833
vn -0.99998266 -0.005799229 0.001051465
vn -0.9999855 -0.0052864705 -0.001002009
vn -0.9999853 -0.0033652575 -0.004263055
vn -0.9999823 -0.005951653 1.2709673E-4
vn -0.0 -0.9977038 -0.06772851
vn -0.11177748 -0.8979035 0.42576405
vn -0.0 -0.90352744 0.42853016
vn -0.10481994 -0.99219656 -0.06751933
vn 0.021657975 -0.9444597 -0.3279128
vn 0.021657975 -0.9444597 -0.3279128
vn 0.021657977 -0.9444597 -0.32791284
vn 0.021657975 -0.9444597 -0.3279128
vn 0.021657977 -0.9444597 -0.3279128
vn 0.021704683 -0.8100395 0.58597344
vn 0.021704687 -0.8100395 0.58597344
vn 0.021704687 -0.8100396 0.5859734
vn 0.021704687 -0.8100395 0.58597344
vn 0.021704687 -0.8100395 0.58597344
vn -0.0 0.14554715 0.98935133
vn -0.0 0.14554715 0.98935133
vn -0.0 0.14554715 0.98935133
vn -0.0 0.14554715 0.98935133
vn -0.0 0.92959297 0.3685878
vn -0.0 0.92959297 0.3685878
vn -0.0 0.92959297 0.3685878
vn -0.0 0.92959297 0.3685878
vn -0.0 0.92959297 0.3685878
vn -0.0 0.7840082 -0.62075055
vn -0.0 0.7840082 -0.62075055
vn -0.0 0.7840082 -0.62075055
vn -0.0 0.7840082 -0.62075055
vn -0.0 0.7840082 -0.62075055
vn -0.0 0.7840082 -0.62075055
vn -0.0 -0.14558159 -0.98934627
vn -0.0 -0.14558159 -0.98934627
vn -0.0 -0.14558159 -0.98934627
vn -0.0 -0.14558159 -0.98934627
vn -0.9835586 -0.11104443 -0.14241362
vn -0.9805712 -0.19420575 0.027645405
vn -0.98634243 -0.15321587 -0.060444124
vn -1.0 -8.184004E-7 0.0
vn -0.9827831 -0.06595354 0.17259066
vn -0.986344 -0.12923643 0.10209557
vn -0.9831162 0.11406876 0.14307624
vn -0.98584557 0.024435189 0.16586587
vn -0.98034334 0.19337441 -0.039156668
vn -0.9853382 0.15860419 0.06287611
vn -0.9856653 0.0508809 -0.160857
vn -0.9849839 0.13613865 -0.10617408
vn -0.9858764 -0.024157725 -0.16572307
vn -0.105072565 -0.61103386 -0.7846001
vn -0.11208843 -0.92370516 -0.36633992
vn -0.0 -0.61435515 -0.7890296
vn -0.0 -0.9295715 -0.36864182
vn -0.10407614 -0.9846093 0.14040184
vn -0.11211782 -0.77905697 0.61684674
vn -0.0 -0.9899941 0.14110869
vn -0.0 -0.78399867 0.6207625
vn -0.10520344 0.62043875 0.77716666
vn -0.11141026 0.92378724 0.36633995
vn -0.0 0.6239354 0.78147596
vn -0.0 0.9295916 0.36859113
vn -0.0 0.9805589 -0.19622491
vn -0.111820996 -0.14476514 -0.9831272
vn -0.0 -0.14555028 -0.98935086
vn -0.0 0.3052565 -0.9522702
vn -0.106000885 0.3044043 -0.94662654
vn -0.11034518 0.7789641 -0.6172835
vn -0.0 0.78389347 -0.6208953
vn -0.104330815 0.97533876 -0.19449762
vn -0.0 0.9805589 -0.19622491
vn -0.99998075 0.0050416007 0.0036121847
vn -0.9999819 0.0060176514 -6.4553744E-5
vn -0.99998075 0.0050416007 0.0036121847
vn -0.9999802 0.006233285 -8.768824E-4
vn -0.9999819 0.0055440916 -0.0023562952
vn -0.99998295 0.0026744576 -0.005187037
vn -0.9999818 0.0022672089 -0.005588756
vn -0.9999822 6.6553394E-4 -0.005934389
vn -0.9999834 -0.00310771 -0.0048563397
vn -0.9999823 -0.0036541384 -0.0047002127
vn -0.9999825 -0.004774108 -0.003492704
vn -0.99998266 -0.0058741663 4.7795297E-4
vn -0.9999806 -0.0060950546 0.0012752913
vn -0.99998164 0.0038113724 0.004707139
vn -0.99998266 -7.07572E-4 0.005844976
vn -0.99998575 -0.0024957242 0.004720789
vn -0.9999853 -0.005067571 0.0019302486
vn -0.99998254 -0.0016056943 0.0056864773
vn -0.0 -0.3565401 0.93428004
vn -0.11178576 0.14460401 0.98315495
vn -0.0 0.14560762 0.98934245
vn -0.1048247 -0.3547255 0.92907566
vn -0.9491936 0.07727261 -0.30505827
vn -0.9969797 -0.027709778 0.07255061
vn -0.9491602 0.1122959 -0.2940824
vn -0.99700105 -0.01907346 0.07500044
vn -0.94921255 0.040038425 -0.31207776
vn -0.9971212 -0.009653542 0.07520654
vn -0.9492173 0.0071977284 -0.3145388
vn -0.9971213 -0.0017372565 0.07580333
vn -0.9492022 -0.03218142 -0.3130169
vn -0.99694073 0.008100966 0.07774022
vn -0.99700236 -0.035772216 0.06860456
vn -0.94917613 0.14574264 -0.27896914
vn -0.99711907 -0.04295391 0.06251893
vn -0.9491798 0.17821097 -0.25941953
vn -0.9971189 -0.049254887 0.05768827
vn -0.9491714 0.2043676 -0.23938972
vn -0.9971181 -0.05502287 0.0522296
vn -0.94916314 0.22828807 -0.21673459
vn -0.9970094 -0.062001225 0.04613103
vn -0.9491443 0.25242725 -0.18816358
vn -0.9969992 -0.06697799 0.03881498
vn -0.94910616 0.27248397 -0.1579557
vn -0.9490726 -0.06604104 -0.30805814
vn -0.9971158 0.01589864 0.07421098
vn -0.949212 -0.09949641 -0.29849127
vn -0.99695337 0.024565525 0.07403084
vn -0.94922996 -0.13550137 -0.28390473
vn -0.9971222 0.032652825 0.068418115
vn -0.94923115 -0.16443422 -0.26818204
vn -0.99712235 0.039626755 0.064627595
vn -0.9970076 -0.07085843 0.030902017
vn -0.9491258 0.2887338 -0.12566988
vn -0.997116 -0.0726967 0.021788701
vn -0.94912636 0.3016311 -0.09043141
vn -0.99711525 -0.074586414 0.014071626
vn -0.9491179 0.30945632 -0.058412418
vn -0.99699533 -0.07729765 0.0050411494
vn -0.9490966 0.3142978 -0.020796234
vn -0.9969737 -0.07763959 -0.003937245
vn -0.9490649 0.31467748 0.015937211
vn -0.9969963 -0.076378874 -0.012832167
vn -0.9490834 0.31062818 0.052448392
vn -0.99711347 -0.072802864 -0.021550607
vn -0.9490887 0.30205765 0.089397214
vn -0.9971134 -0.07015271 -0.029042853
vn -0.94908303 0.2910741 0.12048776
vn -0.9971131 -0.066737 -0.036217365
vn -0.94907975 0.27689397 0.15025754
vn -0.99710494 -0.062414654 -0.04342998
vn -0.94907427 0.25862208 0.17992418
vn -0.9968284 -0.05922866 -0.053152
vn -0.94920135 0.2342151 0.2101428
vn -0.9970963 -0.050060857 -0.05738325
vn -0.94906837 0.2071026 0.23744008
vn -0.9971122 -0.04322199 -0.062443484
vn -0.9490707 0.17931512 0.25905764
vn -0.9971127 -0.03645514 -0.06661348
vn -0.9490706 0.15125349 0.27638265
vn -0.9969939 -0.028696384 -0.071969666
vn -0.9490606 0.116950594 0.29258585
vn -0.99697185 -0.020263456 -0.07507733
vn -0.94903916 0.08211451 0.3042728
vn -0.9969935 -0.011412277 -0.076640084
vn -0.94906765 0.046127226 0.3116775
vn -0.9971132 -0.0020108605 -0.075902715
vn -0.94908386 0.00833034 0.3149134
vn -0.9971135 0.005933343 -0.07569255
vn -0.9490881 -0.024633028 0.31404617
vn -0.9971138 0.013812315 -0.074654035
vn -0.9490934 -0.05731932 0.30973572
vn -0.997109 0.021952579 -0.07274456
vn -0.9490982 -0.091011375 0.30154526
vn -0.9968411 0.032180782 -0.07260987
vn -0.9492258 -0.12745002 0.28762278
vn -0.9970837 0.039077632 -0.06555111
vn -0.94911385 -0.16133642 0.27046883
vn -0.9971156 0.045997173 -0.060371485
vn -0.9491271 -0.19085903 0.25046065
vn -0.9971164 0.052049145 -0.05522496
vn -0.9491344 -0.21597618 0.22912477
vn -0.9969994 0.05951993 -0.049492344
vn -0.9491322 -0.24195428 0.20150985
vn -0.99697685 0.065083176 -0.04244289
vn -0.94911844 -0.26380178 0.17199662
vn -0.9969982 0.06930651 -0.034515347
vn -0.94915247 -0.28193834 0.14007263
vn -0.99711865 0.07149803 -0.025347454
vn -0.9491731 -0.2966718 0.10514894
vn -0.9971193 0.07374693 -0.017733218
vn -0.9491805 -0.30601618 0.07355622
vn -0.99711955 0.07519369 -0.009925517
vn -0.9491876 -0.3120075 0.041161824
vn -0.9970155 0.07719619 -9.5110916E-4
vn -0.94918686 -0.31468618 0.0041024406
vn -0.99701923 0.0767433 0.007939798
vn -0.94914794 -0.31316245 -0.032363765
vn -0.99698883 0.07577059 0.016496407
vn -0.9491985 -0.30740565 -0.06726047
vn -0.9971213 0.071558595 0.025069201
vn -0.94921714 -0.2969249 -0.10403089
vn -0.9971218 0.06853964 0.032410387
vn -0.9492202 -0.28441453 -0.13449708
vn -0.99700403 0.06540935 0.041287005
vn -0.94921225 -0.26620743 -0.16771945
vn -0.99698174 0.06042351 0.04874814
vn -0.949191 -0.24492308 -0.19760881
vn -0.99700356 0.054188233 0.055204388
vn -0.94921803 -0.2201975 -0.22471802
vn -0.9971223 0.046166003 0.060131952
vn -0.9492313 -0.19156604 -0.24952412
vn -0.99712235 0.039626755 0.064627595
vn -0.94923115 -0.16443422 -0.26818204
vn -0.9629022 0.21001433 0.16945037
vn -0.9629187 0.228349 0.1436813
vn -0.96292317 0.24387702 0.115338214
vn -0.96291935 0.25461057 0.0892172
vn -0.96290535 0.2635612 0.057868555
vn -0.96292233 0.18869346 0.19280924
vn -0.9629309 0.16426563 0.21396455
vn -0.9629311 0.14100175 0.22996132
vn -0.96286756 0.26854658 0.027727209
vn -0.96289784 0.26984134 -0.003653914
vn -0.96289825 0.26754823 -0.035283476
vn -0.9628927 0.26241326 -0.063062906
vn -0.96288604 0.25440657 -0.090154104
vn -0.9628706 0.24185045 -0.11995232
vn -0.9628447 0.22622997 -0.14747919
vn -0.9628566 0.20738482 -0.17291257
vn -0.9628572 0.18521762 -0.19647002
vn -0.96285063 0.16368067 -0.21477287
vn -0.9628421 0.13839647 -0.2319083
vn -0.96292704 0.10927534 -0.24663833
vn -0.96283126 0.07804729 -0.25858203
vn -0.96282727 0.049165234 -0.2656059
vn -0.9628233 0.021133061 -0.2693042
vn -0.9628193 -0.0071352 -0.27005205
vn -0.9628076 -0.039382476 -0.26730233
vn -0.9627863 -0.07041109 -0.26093075
vn -0.9628035 -0.10043966 -0.25084123
vn -0.9628101 -0.12970378 -0.23700982
vn -0.96280926 -0.15377136 -0.22215457
vn -0.96280813 -0.1775844 -0.2036278
vn -0.9629087 -0.20084792 -0.18018611
vn -0.96281374 -0.22178346 -0.15427826
vn -0.96281755 -0.23744836 -0.12884344
vn -0.96282035 -0.24960615 -0.10331377
vn -0.9628239 -0.25902632 -0.076651394
vn -0.962821 -0.26634443 -0.0451261
vn -0.962808 -0.26984143 -0.013651141
vn -0.96283275 -0.26949704 0.01801242
vn -0.96284664 -0.26536065 0.05010046
vn -0.9628528 -0.2586485 0.077559054
vn -0.9628526 -0.24764702 0.10763775
vn -0.9628368 -0.23365256 0.13546845
vn -0.9628664 -0.21635884 0.16148408
vn -0.96288043 -0.1957478 0.18586054
vn -0.96288645 -0.17523326 0.20528731
vn -0.96289235 -0.15280403 0.22246161
vn -0.9628914 -0.12510502 0.23914196
vn -0.9628784 -0.09627965 0.25218135
vn -0.9629024 -0.06608984 0.26163155
vn -0.96291566 -0.034324393 0.26761022
vn -0.9629197 -0.006162221 0.26971757
vn -0.9629103 0.027334698 0.2684334
vn -0.96281236 0.056655824 0.26416373
vn -0.96291786 0.08556074 0.25586814
vn -0.9629306 0.11619134 0.24344231
vn -0.9629311 0.14100175 0.22996132
vn -0.8930966 -0.1104546 0.43609437
vn -0.893034 -0.1604997 0.42039287
vn -0.8930339 -0.16052178 0.42038447
vn -0.89309835 -0.11018596 0.43615866
vn -0.89312917 -0.057236448 0.4461438
vn -0.8931292 -0.057221275 0.4461457
vn -0.8931373 -0.010286696 0.44966656
vn -0.8931373 -0.010272862 0.44966686
vn -0.89311045 0.04599671 0.44747964
vn -0.89311373 0.045588743 0.44751486
vn -0.89306456 -0.20855291 0.39867458
vn -0.8930631 -0.20834683 0.39878547
vn -0.89307004 -0.25473353 0.37085938
vn -0.89307004 -0.25475094 0.37084752
vn -0.8930569 -0.29212216 0.34221923
vn -0.8930569 -0.29213798 0.34220573
vn -0.89303994 -0.32631952 0.309831
vn -0.89303994 -0.32633477 0.309815
vn -0.8930041 -0.36067218 0.2691825
vn -0.8930026 -0.36083007 0.26897597
vn -0.8929284 -0.38947156 0.2258114
vn -0.89292836 -0.38948762 0.22578369
vn -0.892859 0.09440076 0.44033095
vn -0.892859 0.09443852 0.44032276
vn -0.8931247 0.1422518 0.42672324
vn -0.89312774 0.1426322 0.4265899
vn -0.8931592 0.19371517 0.40588304
vn -0.8931592 0.19371848 0.40588143
vn -0.89316267 0.23508018 0.38340288
vn -0.89316267 0.2350808 0.3834025
vn -0.89296496 -0.41281444 0.17943743
vn -0.8929638 -0.41273105 0.17963476
vn -0.892963 -0.43116367 0.12928648
vn -0.892963 -0.43117002 0.12926535
vn -0.8929475 -0.44234633 0.08351372
vn -0.89294744 -0.44235033 0.08349286
vn -0.8929093 -0.44923505 0.03001455
vn -0.89290744 -0.4492573 0.029733665
vn -0.89284545 -0.44978794 -0.022755828
vn -0.89284545 -0.44978687 -0.02277844
vn -0.8928783 -0.4439728 -0.075210534
vn -0.89287686 -0.4440151 -0.07497671
vn -0.8928858 -0.43177474 -0.12777148
vn -0.8928858 -0.43177062 -0.12778552
vn -0.8928808 -0.4160617 -0.17221102
vn -0.8928808 -0.41605678 -0.17222269
vn -0.8928742 -0.39579257 -0.2147648
vn -0.8928742 -0.3957871 -0.21477488
vn -0.89286196 -0.36968258 -0.25716192
vn -0.8928619 -0.36966965 -0.25718072
vn -0.8931088 -0.33484286 -0.30039468
vn -0.8931088 -0.33482668 -0.3004127
vn -0.89285463 -0.29599828 -0.3394048
vn -0.8928546 -0.29602134 -0.33938488
vn -0.89286 -0.25630605 -0.37028137
vn -0.89286 -0.25630647 -0.370281
vn -0.89286065 -0.21619509 -0.39504364
vn -0.89286065 -0.21619698 -0.39504263
vn -0.8928379 -0.16740502 -0.4181102
vn -0.8928363 -0.16717236 -0.41820666
vn -0.8927927 -0.11736093 -0.434911
vn -0.8927927 -0.11737021 -0.4349085
vn -0.89285177 -0.065654576 -0.44553924
vn -0.89285 -0.06592062 -0.44550338
vn -0.8928815 -0.011892143 -0.45013463
vn -0.8928815 -0.011904618 -0.45013437
vn -0.89289147 0.035222992 -0.44889218
vn -0.8928914 0.035208635 -0.4488933
vn -0.89290553 0.08194943 -0.44272345
vn -0.89290553 0.081933275 -0.44272646
vn -0.89291537 0.13009149 -0.43102014
vn -0.89291537 0.1300855 -0.43102193
vn -0.8931615 0.18217878 -0.41118547
vn -0.8931615 0.18219623 -0.41117775
vn -0.8929463 0.2306871 -0.3865622
vn -0.892946 0.23061773 -0.38660434
vn -0.8929691 0.27283555 -0.3580041
vn -0.89296913 0.2728177 -0.3580177
vn -0.8929827 0.30874366 -0.3275045
vn -0.8929827 0.30872717 -0.32752004
vn -0.89297813 0.34570712 -0.28823003
vn -0.8929768 0.3458578 -0.2880536
vn -0.8929472 0.3771063 -0.24583773
vn -0.8929472 0.37709096 -0.24586134
vn -0.89301395 0.40315974 -0.19997059
vn -0.8930121 0.40303695 -0.20022619
vn -0.89305115 0.42411336 -0.15029128
vn -0.89305115 0.42410612 -0.15031192
vn -0.89306414 0.43747434 -0.10513182
vn -0.89306414 0.43746933 -0.10515243
vn -0.8930815 0.4460328 -0.058823872
vn -0.8930815 0.4460302 -0.058843736
vn -0.8930847 0.44984737 -0.006081706
vn -0.89308363 0.44985232 -0.005870996
vn -0.89300466 0.4476673 0.046224825
vn -0.8930046 0.44766355 0.046261184
vn -0.8930995 0.439395 0.09646397
vn -0.89309746 0.43946442 0.09616673
vn -0.8931315 0.42448995 0.14874274
vn -0.8931315 0.42449436 0.1487302
vn -0.8931416 0.40659887 0.19228983
vn -0.8931416 0.40660417 0.19227867
vn -0.89313406 0.38069564 0.23954615
vn -0.89313257 0.38056657 0.23975678
vn -0.89309555 0.3501164 0.28248683
vn -0.89309555 0.3501208 0.28248134
vn -0.8931486 0.31458747 0.3214349
vn -0.89314693 0.3147757 0.32125503
vn -0.89316726 0.27386558 0.356721
vn -0.89316726 0.27386552 0.35672107
vn -0.89316267 0.2350808 0.3834025
vn -0.89316267 0.23508018 0.38340288
vn -0.08189942 -0.24444357 0.9661987
vn -2.5752017E-6 -0.35670272 0.934218
vn -0.08187119 -0.3555095 0.9310801
vn -2.5414085E-6 -0.24521278 0.96946925
vn -0.081914954 -0.12680437 0.98853964
vn -2.1627955E-6 -0.12722883 0.9918734
vn -0.0819184 -0.022778738 0.9963787
vn -2.136712E-6 -0.022852939 0.9997389
vn -0.08190653 0.101511404 0.99145687
vn -2.7169908E-6 0.1017705 0.9948079
vn -2.5350869E-6 -0.46330956 0.88619655
vn -0.08188572 -0.4617115 0.8832425
vn -2.1295937E-6 -0.56619734 0.8242697
vn -0.081886694 -0.56429976 0.8214989
vn -2.103496E-6 -0.6492581 0.7605682
vn -0.08187656 -0.6470815 0.7580117
vn -2.134346E-6 -0.7252026 0.6885355
vn -0.08186983 -0.7227715 0.6862205
vn -2.4955636E-6 -0.80157125 0.59789926
vn -0.08185588 -0.79891294 0.5958504
vn -2.5299914E-6 -0.8651302 0.50154734
vn -0.08182191 -0.86223286 0.4998596
vn -0.0817974 0.20895173 0.97449905
vn -2.119456E-6 0.20966166 0.977774
vn -0.081921116 0.31555846 0.9453633
vn -2.6785526E-6 0.3167005 0.9485256
vn -0.08193402 0.42929244 0.89944136
vn -2.136727E-6 0.430741 0.9024756
vn -0.08193205 0.52095276 0.84964424
vn -2.1461976E-6 0.5227105 0.8525102
vn -2.534456E-6 -0.91702 0.39884126
vn -0.08183831 -0.91392654 0.39754337
vn -2.1580647E-6 -0.95787 0.28720215
vn -0.0818397 -0.95465803 0.28623468
vn -2.1675437E-6 -0.9826435 0.18550412
vn -0.08183514 -0.9793484 0.18487723
vn -2.4554217E-6 -0.9977953 0.06636754
vn -0.08181811 -0.99445367 0.06608844
vn -2.573309E-6 -0.9987215 -0.050550807
vn -0.08178926 -0.9953752 -0.050385997
vn -2.5267009E-6 -0.9859945 -0.16677755
vn -0.08180494 -0.98269796 -0.16617034
vn -2.150936E-6 -0.95889175 -0.28377208
vn -0.08180994 -0.9556767 -0.28282365
vn -2.105881E-6 -0.9239756 -0.38245144
vn -0.08180466 -0.9208778 -0.38117182
vn -2.165169E-6 -0.8789354 -0.4769408
vn -0.08179906 -0.87598914 -0.47534394
vn -2.2034815E-6 -0.82089967 -0.5710725
vn -0.081793465 -0.8181463 -0.56916285
vn -3.064754E-6 -0.74434024 -0.6678005
vn -0.081904195 -0.7418359 -0.6655609
vn -2.1709905E-6 -0.6572902 -0.75363755
vn -0.08179011 -0.6550926 -0.7511085
vn -2.0062837E-6 -0.5691435 -0.8222382
vn -0.081793055 -0.5672367 -0.819483
vn -2.0181385E-6 -0.48007432 -0.87722784
vn -0.08179424 -0.478466 -0.87428826
vn -2.5099134E-6 -0.3714495 -0.92845315
vn -0.08178709 -0.37015742 -0.92536175
vn -2.5770678E-6 -0.26054212 -0.96546245
vn -0.08176727 -0.25967154 -0.9622291
vn -2.5099337E-6 -0.14606605 -0.98927486
vn -0.08179027 -0.14563122 -0.9859523
vn -2.1343337E-6 -0.026425304 -0.9996508
vn -0.08180418 -0.026339598 -0.9963003
vn -2.1295955E-6 0.078208715 -0.996937
vn -0.08180798 0.0779438 -0.9935956
vn -2.1343428E-6 0.18199477 -0.98329955
vn -0.08181128 0.18138145 -0.98000395
vn -2.137942E-6 0.28894776 -0.9573449
vn -0.08181427 0.287978 -0.95413584
vn -3.0299907E-6 0.40510002 -0.91427237
vn -0.08192448 0.40374243 -0.91119725
vn -2.2376266E-6 0.5123793 -0.8587592
vn -0.08182671 0.5106471 -0.8558878
vn -2.127231E-6 0.6061231 -0.7953708
vn -0.081838265 0.6040864 -0.7927056
vn -2.1129963E-6 0.6859439 -0.72765446
vn -0.081847355 0.6836391 -0.7252162
vn -2.5141046E-6 0.7682245 -0.6401805
vn -0.08184619 0.7656769 -0.6379969
vn -2.5695567E-6 0.8376971 -0.5461352
vn -0.08183219 0.8348849 -0.5443076
vn -2.480607E-6 0.8957206 -0.44461733
vn -0.0818611 0.89268875 -0.4431767
vn -2.1153714E-6 0.9425599 -0.33403718
vn -0.081877984 0.9393936 -0.33291999
vn -2.0987707E-6 0.97231174 -0.23368753
vn -0.0818845 0.9690456 -0.23290706
vn -2.120108E-6 0.9914119 -0.13077632
vn -0.08189214 0.98808146 -0.1303409
vn -2.475247E-6 0.99991155 -0.0133002605
vn -0.08189421 0.9965534 -0.0132126985
vn -2.4394756E-6 0.99470705 0.10275185
vn -0.0818588 0.99136794 0.10241466
vn -2.5836418E-6 0.97680694 0.214122
vn -0.08189994 0.97353876 0.21334182
vn -2.1343365E-6 0.94374347 0.33067846
vn -0.08191713 0.94057256 0.3295647
vn -2.0703171E-6 0.9040106 0.42751
vn -0.08192417 0.90097284 0.42607087
vn -2.3946118E-6 0.846244 0.5327956
vn -0.08191713 0.8433733 0.53104717
vn -2.6052512E-6 0.7782688 0.62793124
vn -0.081895806 0.7756556 0.62582064
vn -2.5267177E-6 0.6996469 0.7144888
vn -0.08191899 0.69733393 0.7120497
vn -2.1390815E-6 0.60895437 0.7932053
vn -0.081931 0.6069072 0.7905383
vn -2.1461976E-6 0.5227105 0.8525102
vn -0.08193205 0.52095276 0.84964424
vn 0.08347321 0.52088594 0.8495352
vn 0.08347213 0.6068296 0.79043674
vn 0.08345987 0.6972446 0.7119581
vn 0.08343638 0.77555615 0.6257404
vn 0.08345821 0.8432649 0.53097934
vn 0.08346535 0.9008572 0.42601615
vn 0.083458036 0.9404521 0.32952178
vn 0.083440565 0.9734142 0.2133134
vn 0.08339874 0.9912409 0.10240175
vn 0.08343469 0.9964257 -0.013210851
vn 0.08343263 0.9879547 -0.13032466
vn 0.08342487 0.96892136 -0.232877
vn 0.08341812 0.9392735 -0.3328766
vn 0.08340091 0.89257413 -0.4431204
vn 0.083371475 0.8347776 -0.54423857
vn 0.083385795 0.7655792 -0.6379148
vn 0.08338697 0.6835517 -0.7251232
vn 0.08337771 0.6040094 -0.79260385
vn 0.08336589 0.5105817 -0.8557783
vn 0.083465435 0.40369034 -0.9110805
vn 0.08335323 0.28794107 -0.9540137
vn 0.08335016 0.18135808 -0.97987854
vn 0.08334681 0.07793367 -0.9934685
vn 0.083342984 -0.0263364 -0.99617285
vn 0.0833288 -0.14561298 -0.98582613
vn 0.08330534 -0.25963822 -0.9621061
vn 0.083325535 -0.37010998 -0.92524344
vn 0.08333306 -0.47840506 -0.8741763
vn 0.08333181 -0.56716377 -0.81937844
vn 0.083328635 -0.6550087 -0.7510127
vn 0.08344485 -0.7417407 -0.6654755
vn 0.08333203 -0.81804156 -0.5690903
vn 0.083337806 -0.8758769 -0.47528353
vn 0.08334361 -0.92075986 -0.38112354
vn 0.08334882 -0.9555544 -0.28278744
vn 0.08334376 -0.9825724 -0.16614863
vn 0.083327875 -0.9952479 -0.050379496
vn 0.083357155 -0.9943264 0.06607967
vn 0.08337439 -0.9792231 0.18485372
vn 0.08337905 -0.95453584 0.2861979
vn 0.08337769 -0.9138095 0.39749265
vn 0.083361 -0.8621226 0.4997955
vn 0.08339558 -0.79881084 0.59577376
vn 0.08340979 -0.72267926 0.6861323
vn 0.08341671 -0.64699894 0.75791425
vn 0.083427 -0.5642274 0.82139355
vn 0.08342595 -0.46165183 0.8831295
vn 0.08341121 -0.35546377 0.93096083
vn 0.08343988 -0.24441251 0.9660747
vn 0.08345568 -0.12678817 0.98841286
vn 0.083459325 -0.02277588 0.9962509
vn 0.08344719 0.10149925 0.99132967
vn 0.08333604 0.2089248 0.9743744
vn 0.08346209 0.31551698 0.9452424
vn 0.08347522 0.42923677 0.8993262
vn 0.08347321 0.52088594 0.8495352
vn 0.7757592 -0.15459011 0.61180025
vn 0.9672452 -0.09055477 0.23714235
vn 0.7756575 -0.22512309 0.5896398
vn 0.96736354 -0.062255055 0.24562599
vn 0.7758113 -0.08027045 0.62583816
vn 0.967968 -0.031950086 0.24903236
vn 0.7758275 -0.01441116 0.6307804
vn 0.96797186 -0.005741927 0.25099322
vn 0.77578634 0.063988216 0.6277428
vn 0.9670615 0.026089309 0.2532023
vn 0.96736324 -0.117306456 0.22460553
vn 0.7757172 -0.29250607 0.5591986
vn 0.9679525 -0.14219707 0.20699765
vn 0.775728 -0.35729876 0.52017653
vn 0.9679467 -0.16307059 0.19101623
vn 0.77570707 -0.40973237 0.4799979
vn 0.96794355 -0.1821546 0.17293054
vn 0.7756856 -0.45768481 0.43455306
vn 0.96739435 -0.20308633 0.15134107
vn 0.77563184 -0.50585496 0.37749973
vn 0.9673312 -0.21933004 0.12714042
vn 0.77550745 -0.54618096 0.31666157
vn 0.77535266 0.1324308 0.6174872
vn 0.96789426 0.05268521 0.24577424
vn 0.77581304 0.20003885 0.59841335
vn 0.96712744 0.080362424 0.24126004
vn 0.775867 0.27175078 0.5693697
vn 0.9679801 0.10812455 0.22654714
vn 0.7758706 0.3297744 0.5378416
vn 0.96797985 0.13121459 0.21400405
vn 0.96737856 -0.23227425 0.10113087
vn 0.77557886 -0.5789183 0.2516566
vn 0.9679246 -0.2406588 0.07214813
vn 0.7755854 -0.60464686 0.18129946
vn 0.9679208 -0.24689598 0.046601307
vn 0.77556545 -0.6203092 0.11711053
vn 0.9673124 -0.25303677 0.016707266
vn 0.77550596 -0.6299379 0.04205667
vn 0.96719486 -0.25371045 -0.01284963
vn 0.7754027 -0.6306601 -0.03191228
vn 0.96731305 -0.25005186 -0.042184994
vn 0.77546895 -0.6225199 -0.10543693
vn 0.9679051 -0.2409835 -0.07132013
vn 0.7754888 -0.6054088 -0.17915714
vn 0.9679023 -0.2322186 -0.09612283
vn 0.775477 -0.5833782 -0.24146497
vn 0.9679009 -0.22090349 -0.11987312
vn 0.77546895 -0.55494946 -0.3011297
vn 0.96785873 -0.20644648 -0.14362927
vn 0.7754565 -0.51832324 -0.36056644
vn 0.9665231 -0.19097589 -0.17135137
vn 0.7758804 -0.46959764 -0.4212928
vn 0.9678146 -0.16542794 -0.18965362
vn 0.7754436 -0.4150134 -0.47586873
vn 0.9678974 -0.14305279 -0.20666538
vn 0.7754477 -0.35936382 -0.519171
vn 0.96789795 -0.12066354 -0.22048566
vn 0.77545 -0.3031201 -0.5538913
vn 0.96730083 -0.09410526 -0.23552753
vn 0.77542 -0.23468013 -0.5862158
vn 0.96718335 -0.06620246 -0.245303
vn 0.77534676 -0.16453688 -0.6097254
vn 0.9673015 -0.03716595 -0.2508914
vn 0.77544296 -0.09208015 -0.62466747
vn 0.967906 -0.006646419 -0.25122464
vn 0.7754916 -0.016677652 -0.63113755
vn 0.9679083 0.019648554 -0.25053424
vn 0.77550566 0.04938366 -0.6294063
vn 0.96791184 0.04572762 -0.24709447
vn 0.77552265 0.114903666 -0.6207751
vn 0.967888 0.072633825 -0.24065983
vn 0.77553594 0.18241279 -0.60437536
vn 0.9665918 0.10384525 -0.23434266
vn 0.77595073 0.25552157 -0.5767229
vn 0.9677665 0.12901336 -0.21629481
vn 0.7755746 0.32348093 -0.5420738
vn 0.96792907 0.15226714 -0.19981998
vn 0.77560973 0.38260302 -0.50204027
vn 0.9679331 0.17230897 -0.18279803
vn 0.77563286 0.4329639 -0.45927772
vn 0.96734464 0.19478509 -0.16218235
vn 0.77562207 0.4848147 -0.4041844
vn 0.96722573 0.21270049 -0.13868268
vn 0.77556354 0.528819 -0.34474874
vn 0.9673444 0.22697894 -0.11280697
vn 0.7756719 0.565391 -0.28047478
vn 0.9679534 0.23670226 -0.08389459
vn 0.7757334 0.59481573 -0.21078877
vn 0.96795726 0.24416037 -0.0586901
vn 0.7757528 0.6135666 -0.1474571
vn 0.96796036 0.24894565 -0.032844644
vn 0.7757709 0.6255967 -0.08251267
vn 0.9674355 0.2530966 -0.0032673858
vn 0.77576625 0.6309629 -0.00851271
vn 0.96744126 0.25175405 0.026024934
vn 0.77562666 0.6278534 0.06483308
vn 0.96730614 0.24775873 0.054170385
vn 0.7757865 0.616325 0.1352728
vn 0.9679733 0.23693056 0.08301554
vn 0.775841 0.5954317 0.20864275
vn 0.9679778 0.2269401 0.107317954
vn 0.77585304 0.57034934 0.26972887
vn 0.96738154 0.21431503 0.13506302
vn 0.7758297 0.53400755 0.33604196
vn 0.96726453 0.197503 0.1593482
vn 0.7757568 0.49111083 0.39624685
vn 0.9673824 0.17731805 0.18091328
vn 0.7758429 0.44132295 0.45089006
vn 0.9679807 0.15286331 0.19911343
vn 0.77587456 0.3841833 0.5004217
vn 0.96797985 0.13121459 0.21400405
vn 0.7758706 0.3297744 0.5378416
vn 0.93240875 -0.18890743 -0.30810377
vn 0.93240684 -0.22007969 -0.28667462
vn 0.7369234 -0.3533388 -0.5762774
vn 0.7369178 -0.41164476 -0.536191
vn 0.9329147 -0.25192314 -0.25730315
vn 0.7368629 -0.47312742 -0.48289073
vn 0.9329646 -0.28014827 -0.22603959
vn 0.7367479 -0.5262512 -0.42457289
vn 0.9328977 -0.3047757 -0.19186868
vn 0.73679644 -0.57207423 -0.3603638
vn 0.93238604 -0.32676408 -0.15453632
vn 0.73679054 -0.61122984 -0.28902918
vn 0.9323786 -0.34114546 -0.119540624
vn 0.7367438 -0.638142 -0.2235696
vn 0.9329339 -0.351689 -0.07713074
vn 0.7366345 -0.6606531 -0.14459276
vn 0.9327166 -0.35870084 -0.037059158
vn 0.7364194 -0.67294383 -0.069521025
vn 0.93279284 -0.360381 0.0048076664
vn 0.73652214 -0.6763552 0.008879324
vn 0.9323286 -0.35850796 0.047281764
vn 0.7364746 -0.670651 0.08850021
vn 0.9323156 -0.35163495 0.0845018
vn 0.736404 -0.65780216 0.15813106
vn 0.9323018 -0.34090987 0.12080463
vn 0.7363336 -0.6377427 0.22604658
vn 0.9328018 -0.32282513 0.16020228
vn 0.73621005 -0.6060886 0.30108374
vn 0.93283534 -0.3018322 0.1967628
vn 0.7360443 -0.56704414 0.36972922
vn 0.93275446 -0.27694476 0.23080441
vn 0.7360547 -0.520112 0.43325162
vn 0.93223757 -0.24821204 0.2632943
vn 0.7360148 -0.46433425 0.49262142
vn 0.93222517 -0.21935007 0.28782248
vn 0.7359501 -0.41034114 0.53851426
vn 0.93234843 -0.18526854 0.31048653
vn 0.7358759 -0.3468792 0.5815165
vn 0.933579 -0.14518435 0.32764578
vn 0.7362496 -0.27413696 0.61869645
vn 0.9322032 -0.10458377 0.346496
vn 0.7357556 -0.19566934 0.64836496
vn 0.9321733 -0.06588651 0.35596615
vn 0.73570776 -0.12323519 0.6659934
vn 0.9321648 -0.028320411 0.36092484
vn 0.7356655 -0.052958682 0.6752716
vn 0.93215597 0.00956061 0.3619307
vn 0.73562837 0.017909592 0.67714864
vn 0.9326613 0.05266639 0.3568882
vn 0.73555636 0.09914008 0.67017025
vn 0.93270946 0.09395591 0.34817427
vn 0.7354504 0.17654376 0.6541751
vn 0.93264884 0.13403656 0.33496317
vn 0.7355278 0.25149903 0.62908435
vn 0.9321383 0.17383789 0.31764528
vn 0.7355653 0.32523003 0.5942803
vn 0.93213886 0.20608816 0.29773283
vn 0.735573 0.38555893 0.55702484
vn 0.93220884 0.23788719 0.27275702
vn 0.7355805 0.44528344 0.5105331
vn 0.9335863 0.26674086 0.23930302
vn 0.736076 0.5038216 0.45205733
vn 0.9321842 0.29715762 0.20671235
vn 0.73563874 0.55604285 0.38684893
vn 0.9321558 0.31822863 0.1726735
vn 0.7356852 0.5953159 0.32305774
vn 0.93216425 0.33451396 0.1384565
vn 0.7357302 0.6257756 0.25904843
vn 0.9321732 0.3471325 0.102723904
vn 0.73577976 0.64937365 0.19220312
vn 0.9326871 0.3556322 0.06017056
vn 0.7358003 0.6677373 0.11280421
vn 0.93276304 0.36002976 0.018211516
vn 0.7357777 0.6763556 0.034269027
vn 0.9327267 0.35978672 -0.023967985
vn 0.7359363 0.67557174 -0.044728752
vn 0.9322254 0.35559574 -0.06713761
vn 0.73605585 0.66517895 -0.12553398
vn 0.9322386 0.34659758 -0.10392938
vn 0.7361267 0.6483398 -0.1943526
vn 0.9327196 0.33068353 -0.14381446
vn 0.7361738 0.6205825 -0.27004737
vn 0.93273056 0.31193635 -0.18085748
vn 0.73614985 0.5855563 -0.3394218
vn 0.93275416 0.28895673 -0.21557757
vn 0.7363353 0.5424733 -0.40439236
vn 0.9323025 0.26228407 -0.24903655
vn 0.7364503 0.4906165 -0.4657643
vn 0.9323169 0.23479018 -0.27506137
vn 0.736519 0.4391908 -0.5144426
vn 0.9323285 0.20473659 -0.29807135
vn 0.73658115 0.38297355 -0.557476
vn 0.9328437 0.1669347 -0.31927332
vn 0.73660487 0.31322217 -0.5994206
vn 0.9329201 0.12843283 -0.3364002
vn 0.7365747 0.24128543 -0.63185364
vn 0.932881 0.08829221 -0.34919557
vn 0.73671734 0.16600722 -0.6555068
vn 0.9323791 0.045984548 -0.3585451
vn 0.73681194 0.08603709 -0.67060107
vn 0.93238693 0.008257032 -0.36136737
vn 0.7368514 0.015469924 -0.6758777
vn 0.93316156 -0.036547095 -0.35759446
vn 0.73681533 -0.069073476 -0.6725564
vn 0.93218535 -0.075899564 -0.35393456
vn 0.7363575 -0.14182939 -0.66156024
vn 0.9331242 -0.11390513 -0.34103498
vn 0.73686206 -0.2138436 -0.64133084
vn 0.93240726 -0.15567285 -0.3261636
vn 0.73692584 -0.29116854 -0.6100502
vn 0.93240875 -0.18890743 -0.30810377
vn 0.7369234 -0.3533388 -0.5762774
vt 0.66115785 0.8666218
vt 0.6663368 0.87659717
vt 0.66436833 0.86383253
vt 0.6640296 0.87761307
vt 0.66115785 0.8666218
vt 0.65690327 0.8806745
vt 0.6640296 0.87761307
vt 0.64056283 0.8760907
vt 0.64056283 0.8760907
vt 0.63908553 0.8866437
vt 0.65690327 0.8806745
vt 0.63299274 0.8778136
vt 0.63299274 0.8778136
vt 0.63373035 0.8874785
vt 0.63908553 0.8866437
vt 0.6225245 0.8888327
vt 0.62217534 0.877953
vt 0.62217534 0.877953
vt 0.6089529 0.88859224
vt 0.6225245 0.8888327
vt 0.60910976 0.87779284
vt 0.60910976 0.87779284
vt 0.60759217 0.8894874
vt 0.6089529 0.88859224
vt 0.6066803 0.8773833
vt 0.60328764 0.8757049
vt 0.60328764 0.8757049
vt 0.5978988 0.8698455
vt 0.60759217 0.8894874
vt 0.5978988 0.8698455
vt 0.6072908 0.8906411
vt 0.60759217 0.8894874
vt 0.5978988 0.8698455
vt 0.6075251 0.8918012
vt 0.6072908 0.8906411
vt 0.6663368 0.87659717
vt 0.6643904 0.8629706
vt 0.66436833 0.86383253
vt 0.6668777 0.87684816
vt 0.5978988 0.8698455
vt 0.59762996 0.9099565
vt 0.6075251 0.8918012
vt 0.59762996 0.9099565
vt 0.6001853 0.90701234
vt 0.6075251 0.8918012
vt 0.6001853 0.90701234
vt 0.60339344 0.90477544
vt 0.6075251 0.8918012
vt 0.60339344 0.90477544
vt 0.6088334 0.89272743
vt 0.6075251 0.8918012
vt 0.6059141 0.90387577
vt 0.6059141 0.90387577
vt 0.60836565 0.9035231
vt 0.6088334 0.89272743
vt 0.60836565 0.9035231
vt 0.6224094 0.89280355
vt 0.6088334 0.89272743
vt 0.6214317 0.9036676
vt 0.6214317 0.9036676
vt 0.6335294 0.89441764
vt 0.6224094 0.89280355
vt 0.63223374 0.9040589
vt 0.63223374 0.9040589
vt 0.638833 0.895377
vt 0.6335294 0.89441764
vt 0.639699 0.90595704
vt 0.639699 0.90595704
vt 0.6562936 0.901757
vt 0.638833 0.895377
vt 0.65973276 0.9158992
vt 0.65973276 0.9158992
vt 0.6632379 0.90498245
vt 0.6562936 0.901757
vt 0.65973276 0.9158992
vt 0.6654848 0.90605134
vt 0.6632379 0.90498245
vt 0.66277975 0.9187615
vt 0.66277975 0.9187615
vt 0.66603994 0.90581346
vt 0.6654848 0.90605134
vt 0.6627519 0.9196234
vt 0.5978988 0.8698455
vt 0.5708321 0.8902161
vt 0.59762996 0.9099565
vt 0.57841873 0.7952696
vt 0.5893667 0.79312927
vt 0.5768783 0.791326
vt 0.58955646 0.79567504
vt 0.57841873 0.7952696
vt 0.59007144 0.8035159
vt 0.58955646 0.79567504
vt 0.5804838 0.8181108
vt 0.5804838 0.8181108
vt 0.5897951 0.82262856
vt 0.59007144 0.8035159
vt 0.57961184 0.8259937
vt 0.57961184 0.8259937
vt 0.588822 0.8280933
vt 0.5897951 0.82262856
vt 0.58642083 0.8394137
vt 0.57621026 0.83658123
vt 0.57621026 0.83658123
vt 0.5817678 0.85257554
vt 0.58642083 0.8394137
vt 0.57179695 0.84927315
vt 0.57179695 0.84927315
vt 0.58215445 0.8541633
vt 0.5817678 0.85257554
vt 0.570624 0.8515225
vt 0.5679588 0.8543408
vt 0.5679588 0.8543408
vt 0.5607622 0.85788596
vt 0.58215445 0.8541633
vt 0.5607622 0.85788596
vt 0.58312684 0.85479355
vt 0.58215445 0.8541633
vt 0.5607622 0.85788596
vt 0.5842801 0.8549034
vt 0.58312684 0.85479355
vt 0.5893667 0.79312927
vt 0.5760855 0.7910531
vt 0.5768783 0.791326
vt 0.5897761 0.7926751
vt 0.5607622 0.85788596
vt 0.5978988 0.8698455
vt 0.5842801 0.8549034
vt 0.5978988 0.8698455
vt 0.5960006 0.8664955
vt 0.5842801 0.8549034
vt 0.5960006 0.8664955
vt 0.594972 0.8627154
vt 0.5842801 0.8549034
vt 0.594972 0.8627154
vt 0.5855665 0.8538979
vt 0.5842801 0.8549034
vt 0.5949596 0.8599955
vt 0.5949596 0.8599955
vt 0.59543246 0.85750234
vt 0.5855665 0.8538979
vt 0.59543246 0.85750234
vt 0.5900686 0.8406838
vt 0.5855665 0.8538979
vt 0.59983176 0.84480536
vt 0.59983176 0.84480536
vt 0.5951961 0.8303128
vt 0.5900686 0.8406838
vt 0.6037204 0.8343877
vt 0.6037204 0.8343877
vt 0.59781736 0.8254217
vt 0.5951961 0.8303128
vt 0.60791886 0.8276628
vt 0.60791886 0.8276628
vt 0.6094376 0.81025857
vt 0.59781736 0.8254217
vt 0.62368435 0.8110298
vt 0.62368435 0.8110298
vt 0.6146975 0.8044286
vt 0.6094376 0.81025857
vt 0.62368435 0.8110298
vt 0.616423 0.80254954
vt 0.6146975 0.8044286
vt 0.6273353 0.80889356
vt 0.6273353 0.80889356
vt 0.61638343 0.80193883
vt 0.616423 0.80254954
vt 0.628126 0.8091721
vt 0.5607622 0.85788596
vt 0.5708321 0.8902161
vt 0.5978988 0.8698455
vt 0.48519525 0.85513026
vt 0.4867825 0.84383214
vt 0.4810326 0.8554822
vt 0.48920685 0.8443897
vt 0.48519525 0.85513026
vt 0.49665147 0.846174
vt 0.48920685 0.8443897
vt 0.5070664 0.859778
vt 0.5070664 0.859778
vt 0.5142984 0.8520171
vt 0.49665147 0.846174
vt 0.5140976 0.862927
vt 0.5140976 0.862927
vt 0.51905227 0.85455966
vt 0.5142984 0.8520171
vt 0.52877414 0.860202
vt 0.52281266 0.8693311
vt 0.52281266 0.8693311
vt 0.53947 0.8685769
vt 0.52877414 0.860202
vt 0.5331508 0.8773353
vt 0.5331508 0.8773353
vt 0.54106975 0.868663
vt 0.53947 0.8685769
vt 0.5348553 0.8791349
vt 0.5366008 0.88255525
vt 0.5366008 0.88255525
vt 0.5375418 0.89060557
vt 0.54106975 0.868663
vt 0.5375418 0.89060557
vt 0.5419719 0.8678988
vt 0.54106975 0.868663
vt 0.5375418 0.89060557
vt 0.5424504 0.86680657
vt 0.5419719 0.8678988
vt 0.4867825 0.84383214
vt 0.4805206 0.85617554
vt 0.4810326 0.8554822
vt 0.4864945 0.8433004
vt 0.5375418 0.89060557
vt 0.5607622 0.85788596
vt 0.5424504 0.86680657
vt 0.5607622 0.85788596
vt 0.5570339 0.8587597
vt 0.5424504 0.86680657
vt 0.5570339 0.8587597
vt 0.55319 0.8586603
vt 0.5424504 0.86680657
vt 0.55319 0.8586603
vt 0.54193705 0.8652589
vt 0.5424504 0.86680657
vt 0.5506617 0.85787904
vt 0.5506617 0.85787904
vt 0.5485024 0.85669076
vt 0.54193705 0.8652589
vt 0.5485024 0.85669076
vt 0.5311436 0.85701597
vt 0.54193705 0.8652589
vt 0.53815514 0.8486991
vt 0.53815514 0.8486991
vt 0.5231926 0.8489922
vt 0.5311436 0.85701597
vt 0.52975667 0.8418696
vt 0.52975667 0.8418696
vt 0.51950914 0.84501016
vt 0.5231926 0.8489922
vt 0.5248861 0.8358151
vt 0.5248861 0.8358151
vt 0.50923014 0.82925874
vt 0.51950914 0.84501016
vt 0.514596 0.8155931
vt 0.514596 0.8155931
vt 0.5055366 0.82243025
vt 0.50923014 0.82925874
vt 0.514596 0.8155931
vt 0.504356 0.82019997
vt 0.5055366 0.82243025
vt 0.51380545 0.8114106
vt 0.51380545 0.8114106
vt 0.5037764 0.8200604
vt 0.504356 0.82019997
vt 0.5143219 0.81072104
vt 0.5375418 0.89060557
vt 0.5708321 0.8902161
vt 0.5607622 0.85788596
vt 0.5103189 0.9634784
vt 0.500352 0.9586361
vt 0.50928676 0.9676396
vt 0.50166065 0.9564351
vt 0.5103189 0.9634784
vt 0.5057466 0.949697
vt 0.50166065 0.9564351
vt 0.521771 0.9435099
vt 0.521771 0.9435099
vt 0.5169294 0.93419564
vt 0.5057466 0.949697
vt 0.5269885 0.93757296
vt 0.5269885 0.93757296
vt 0.5208406 0.9303022
vt 0.5169294 0.93419564
vt 0.52925014 0.92246884
vt 0.5357763 0.9309435
vt 0.5357763 0.9309435
vt 0.5405135 0.9144831
vt 0.52925014 0.92246884
vt 0.54657894 0.92319846
vt 0.54657894 0.92319846
vt 0.5411156 0.9129485
vt 0.5405135 0.9144831
vt 0.5488053 0.9220612
vt 0.5525493 0.9213569
vt 0.5525493 0.9213569
vt 0.56032735 0.922787
vt 0.5411156 0.9129485
vt 0.56032735 0.922787
vt 0.5407008 0.91184586
vt 0.5411156 0.9129485
vt 0.56032735 0.922787
vt 0.53984344 0.91106105
vt 0.5407008 0.91184586
vt 0.500352 0.9586361
vt 0.5097632 0.96834093
vt 0.50928676 0.9676396
vt 0.49976453 0.95876175
vt 0.56032735 0.922787
vt 0.5375418 0.89060557
vt 0.53984344 0.91106105
vt 0.5375418 0.89060557
vt 0.53713584 0.8944958
vt 0.53984344 0.91106105
vt 0.53713584 0.8944958
vt 0.5357888 0.89821446
vt 0.53984344 0.91106105
vt 0.5357888 0.89821446
vt 0.5382396 0.91111
vt 0.53984344 0.91106105
vt 0.5342388 0.9004515
vt 0.5342388 0.9004515
vt 0.5324312 0.9022104
vt 0.5382396 0.91111
vt 0.5324312 0.9022104
vt 0.5270667 0.91922975
vt 0.5382396 0.91111
vt 0.5216371 0.909968
vt 0.5216371 0.909968
vt 0.51702523 0.92464185
vt 0.5270667 0.91922975
vt 0.5125578 0.9161649
vt 0.5125578 0.9161649
vt 0.5121275 0.9270717
vt 0.51702523 0.92464185
vt 0.5053491 0.91914797
vt 0.5053491 0.91914797
vt 0.4941545 0.9325001
vt 0.5121275 0.9270717
vt 0.48322392 0.92328316
vt 0.48322392 0.92328316
vt 0.48661184 0.9341098
vt 0.4941545 0.9325001
vt 0.48322392 0.92328316
vt 0.48415673 0.93461037
vt 0.48661184 0.9341098
vt 0.47908434 0.9228343
vt 0.47908434 0.9228343
vt 0.4838381 0.9351348
vt 0.48415673 0.93461037
vt 0.47861293 0.9221295
vt 0.56032735 0.922787
vt 0.5708321 0.8902161
vt 0.5375418 0.89060557
vt 0.61906976 0.9705805
vt 0.6113227 0.978886
vt 0.6225946 0.9728003
vt 0.6097071 0.9769681
vt 0.61906976 0.9705805
vt 0.6047877 0.9710194
vt 0.6097071 0.9769681
vt 0.60427636 0.95359147
vt 0.60427636 0.95359147
vt 0.594052 0.9555958
vt 0.6047877 0.9710194
vt 0.6004698 0.9467733
vt 0.6004698 0.9467733
vt 0.5917156 0.95064706
vt 0.594052 0.9555958
vt 0.587191 0.9401635
vt 0.5971859 0.9362719
vt 0.5971859 0.9362719
vt 0.5834562 0.926853
vt 0.587191 0.9401635
vt 0.5935242 0.923481
vt 0.5935242 0.923481
vt 0.58222866 0.9258185
vt 0.5834562 0.926853
vt 0.5931956 0.9209786
vt 0.593764 0.91712296
vt 0.593764 0.91712296
vt 0.59762996 0.9099565
vt 0.58222866 0.9258185
vt 0.59762996 0.9099565
vt 0.58107007 0.9259013
vt 0.58222866 0.9258185
vt 0.59762996 0.9099565
vt 0.58006185 0.9265085
vt 0.58107007 0.9259013
vt 0.6113227 0.978886
vt 0.6234009 0.97254044
vt 0.6225946 0.9728003
vt 0.6112476 0.9794953
vt 0.59762996 0.9099565
vt 0.56032735 0.922787
vt 0.58006185 0.9265085
vt 0.56032735 0.922787
vt 0.56380486 0.92431736
vt 0.58006185 0.9265085
vt 0.56380486 0.92431736
vt 0.56681633 0.92671514
vt 0.58006185 0.9265085
vt 0.56681633 0.92671514
vt 0.5795837 0.92808634
vt 0.58006185 0.9265085
vt 0.56838644 0.92887884
vt 0.56838644 0.92887884
vt 0.5694286 0.9311541
vt 0.5795837 0.92808634
vt 0.5694286 0.9311541
vt 0.5834723 0.9413476
vt 0.5795837 0.92808634
vt 0.57310486 0.9439404
vt 0.57310486 0.9439404
vt 0.58521724 0.9527162
vt 0.5834723 0.9413476
vt 0.5758921 0.95459974
vt 0.5758921 0.95459974
vt 0.5858736 0.9582001
vt 0.58521724 0.9527162
vt 0.57630754 0.96249795
vt 0.57630754 0.96249795
vt 0.5850447 0.97730637
vt 0.5858736 0.9582001
vt 0.5729233 0.9852755
vt 0.5729233 0.9852755
vt 0.58407646 0.98512965
vt 0.5850447 0.97730637
vt 0.5729233 0.9852755
vt 0.5837399 0.9876694
vt 0.58407646 0.98512965
vt 0.57115555 0.9891807
vt 0.57115555 0.9891807
vt 0.58412254 0.9881331
vt 0.5837399 0.9876694
vt 0.5703477 0.9894348
vt 0.59762996 0.9099565
vt 0.5708321 0.8902161
vt 0.56032735 0.922787
vt 0.19939876 0.76271784
vt 0.18884826 0.7356416
vt 0.20208597 0.76199555
vt 0.18420434 0.7420678
vt 0.18615007 0.7268903
vt 0.18313408 0.7298353
vt 0.18537283 0.724983
vt 0.18198061 0.7241992
vt 0.18002343 0.73085356
vt 0.18117881 0.72404206
vt 0.17495346 0.7372296
vt 0.16824389 0.7396215
vt 0.16837502 0.74235153
vt 0.16128874 0.737231
vt 0.1504724 0.7435132
vt 0.14937472 0.74312973
vt 0.1566937 0.73249054
vt 0.14379525 0.73369336
vt 0.11148453 0.7351413
vt 0.11512375 0.74460864
vt 0.096194744 0.7397932
vt 0.099460125 0.7494904
vt 0.07852268 0.75030875
vt 0.081786156 0.75999784
vt 0.043407917 0.7734448
vt 0.046670914 0.7831329
vt 0.005879402 0.79737806
vt 0.00914526 0.80707526
vt 0.078499794 0.7501775
vt 0.0961709 0.73965716
vt 0.043384552 0.77330863
vt 0.0053901672 0.7968912
vt 0.15394115 0.7249106
vt 0.14822578 0.72855914
vt 0.14905357 0.72041476
vt 0.15395308 0.720561
vt 0.1574862 0.73243904
vt 0.16205621 0.73678565
vt 0.16121078 0.72958267
vt 0.15505981 0.7189504
vt 0.15968966 0.71954787
vt 0.1684506 0.7186849
vt 0.16414976 0.7323781
vt 0.16810393 0.73366165
vt 0.17198467 0.7325053
vt 0.17516232 0.7283597
vt 0.17617345 0.72277224
vt 0.16820359 0.73878145
vt 0.16810393 0.73366165
vt 0.14859557 0.7202867
vt 0.14773369 0.7283852
vt 0.12649727 0.71993494
vt 0.12594938 0.7215266
vt 0.12366152 0.72375584
vt 0.1433022 0.7332231
vt 0.09784031 0.7236519
vt 0.11139441 0.73459125
vt 0.07665539 0.72519135
vt 0.08736944 0.7340807
vt 0.08732796 0.73461807
vt 0.07625294 0.7371962
vt 0.07633352 0.73766005
vt 0.040334225 0.75568867
vt 0.040436268 0.75627923
vt 0.012989998 0.77243173
vt 0.012433529 0.77375746
vt 0.10933924 0.73497534
vt 0.06686115 0.72793674
vt 0.035215378 0.7442291
vt 0.09379196 0.7372985
vt 0.077777386 0.7463093
vt 0.04269123 0.76930416
vt 0.009709835 0.7816255
vt 0.10950756 0.73531985
vt 0.094013214 0.73775566
vt 0.07796192 0.7470679
vt 0.04284668 0.77020395
vt 0.004779339 0.7954601
vt 0.005660057 0.79332364
vt 0.0052399635 0.79831433
vt 0.004094124 0.79924166
vt 0.008509159 0.8075267
vt 0.009145737 0.808594
vt 0.007766247 0.80970466
vt 0.008939266 0.81123745
vt 0.009145737 0.808594
vt 0.03955221 0.7904781
vt 0.046401978 0.7844951
vt 0.07920122 0.76507187
vt 0.08186388 0.76118255
vt 0.09887838 0.75380015
vt 0.0995698 0.75068474
vt 0.11457348 0.7490853
vt 0.11519623 0.7459445
vt 0.14887881 0.7468555
vt 0.14957428 0.74422646
vt 0.16606426 0.7463882
vt 0.16785145 0.7436142
vt 0.076309204 0.7818028
vt 0.031195164 0.8045052
vt 0.013454437 0.81235397
vt 0.18390942 0.74307466
vt 0.18170977 0.7459661
vt 0.19517732 0.7637795
vt 0.1983304 0.7629869
vt 0.20365477 0.7774725
vt 0.20002651 0.77721405
vt 0.20258951 0.7847512
vt 0.19896579 0.78449297
vt 0.18831658 0.7959628
vt 0.19157958 0.796453
vt 0.17904949 0.80977297
vt 0.17661595 0.8085586
vt 0.15505648 0.834453
vt 0.15228653 0.83284664
vt 0.1411767 0.8430563
vt 0.138381 0.8415183
vt 0.12160063 0.8494195
vt 0.11692142 0.84885025
vt 0.08067608 0.8606521
vt 0.071659565 0.86184454
vt 0.037975788 0.87271273
vt 0.03585434 0.8711225
vt 0.10244846 0.8399725
vt 0.055606842 0.85885644
vt 0.037997723 0.8669944
vt 0.19287372 0.79689336
vt 0.20353985 0.78519464
vt 0.19483685 0.798795
vt 0.20106363 0.7953366
vt 0.21201897 0.7940767
vt 0.2091999 0.7957401
vt 0.21660018 0.7997588
vt 0.2191596 0.7973995
vt 0.22190619 0.8019837
vt 0.22117352 0.7978326
vt 0.22099233 0.8051275
vt 0.21601796 0.8003329
vt 0.22339964 0.8129095
vt 0.23261166 0.8079971
vt 0.2215929 0.81979907
vt 0.22392178 0.82123005
vt 0.21569777 0.8241956
vt 0.21478653 0.8366711
vt 0.2091918 0.8253182
vt 0.20291162 0.8366492
vt 0.21385121 0.8373617
vt 0.1858902 0.8641516
vt 0.1957612 0.86648345
vt 0.18111181 0.8794016
vt 0.19096184 0.8821718
vt 0.17983294 0.8999257
vt 0.18967485 0.90269357
vt 0.17914295 0.9419714
vt 0.1889844 0.9447391
vt 0.17775011 0.98646
vt 0.18760014 0.98923045
vt 0.17971134 0.89987034
vt 0.18098593 0.8793443
vt 0.17901707 0.94191426
vt 0.17707253 0.9865897
vt 0.19690514 0.86717635
vt 0.21486902 0.8378153
vt 0.21664882 0.8398714
vt 0.22595263 0.8254144
vt 0.22466874 0.82237506
vt 0.19914865 0.8694613
vt 0.1920104 0.8827547
vt 0.19419384 0.88508236
vt 0.1906972 0.9032971
vt 0.19240856 0.90768915
vt 0.18995714 0.94572914
vt 0.1910367 0.95475984
vt 0.18885517 0.99008584
vt 0.1909213 0.99174744
vt 0.20459604 0.9195105
vt 0.19790936 0.96957064
vt 0.19438982 0.98864764
vt 0.23327732 0.8088087
vt 0.23442459 0.81225514
vt 0.25456095 0.81015503
vt 0.25492024 0.80669606
vt 0.25504303 0.80552804
vt 0.2299223 0.80053854
vt 0.25532842 0.8025776
vt 0.25448227 0.8108684
vt 0.23440766 0.8131856
vt 0.252105 0.83407927
vt 0.23294377 0.83677846
vt 0.22801924 0.8407119
vt 0.22612381 0.8261014
vt 0.21700859 0.84030676
vt 0.22251034 0.84726053
vt 0.19970274 0.8695715
vt 0.20776129 0.8710793
vt 0.19738054 0.8916647
vt 0.19455051 0.88575816
vt 0.19265127 0.9062299
vt 0.19261599 0.9070408
vt 0.20857382 0.9034201
vt 0.19778872 0.89196754
vt 0.2195816 0.88311994
vt 0.20820165 0.8714136
vt 0.23362732 0.8589815
vt 0.22291327 0.84754884
vt 0.23710942 0.85493314
vt 0.22851515 0.84115744
vt 0.23317337 0.8372773
vt 0.2418871 0.8514514
vt 0.25004935 0.84876156
vt 0.25202966 0.8345729
vt 0.25004935 0.84876156
vt 0.26662183 0.83551204
vt 0.2667837 0.83496475
vt 0.267812 0.81159306
vt 0.27470946 0.8146018
vt 0.27641678 0.83817816
vt 0.28138232 0.84206074
vt 0.28312588 0.8274312
vt 0.29238772 0.8415417
vt 0.28695822 0.84855205
vt 0.30999517 0.87062615
vt 0.3019519 0.87221694
vt 0.3125453 0.892694
vt 0.31531405 0.8867589
vt 0.31742454 0.90720963
vt 0.3156643 0.88607943
vt 0.3176825 0.90866643
vt 0.31934834 0.90425706
vt 0.31782293 0.88372916
vt 0.31054807 0.87051
vt 0.31276703 0.86820203
vt 0.29274273 0.8411025
vt 0.29450107 0.83902824
vt 0.28329062 0.82674253
vt 0.2845428 0.8236903
vt 0.32052636 0.9466791
vt 0.31953955 0.9557205
vt 0.32208586 0.99102205
vt 0.3200369 0.99270475
vt 0.3056178 0.92061317
vt 0.3128202 0.9706014
vt 0.3165369 0.9896411
vt 0.27579498 0.8102132
vt 0.27468252 0.8136713
vt 0.2678647 0.8109096
vt 0.26897836 0.80744696
vt 0.27645183 0.8093951
vt 0.28527832 0.82253754
vt 0.28759217 0.8210825
vt 0.2857139 0.814212
vt 0.28709507 0.8032716
vt 0.28804064 0.80640537
vt 0.2937038 0.8001734
vt 0.29202104 0.7971258
vt 0.29712677 0.79554886
vt 0.2929206 0.79527295
vt 0.29996276 0.79718345
vt 0.29412293 0.80087495
vt 0.30809426 0.7966958
vt 0.30551362 0.78657997
vt 0.31435657 0.80008954
vt 0.31630015 0.7981678
vt 0.31722474 0.80686164
vt 0.32912588 0.81071246
vt 0.31676817 0.8134477
vt 0.3262806 0.8222414
vt 0.3295741 0.81178534
vt 0.34894633 0.845315
vt 0.35355854 0.83628166
vt 0.3626225 0.85358304
vt 0.36765552 0.84467435
vt 0.3822534 0.8597059
vt 0.3872826 0.85080445
vt 0.42292905 0.87037504
vt 0.42795753 0.8614744
vt 0.4658103 0.8823075
vt 0.47084332 0.87339866
vt 0.38217092 0.85981053
vt 0.36253715 0.8536916
vt 0.4228437 0.87048334
vt 0.46577477 0.8829971
vt 0.35450363 0.835335
vt 0.3302567 0.8109044
vt 0.3326769 0.8096647
vt 0.32084727 0.7971902
vt 0.31759 0.7977144
vt 0.3572564 0.83369994
vt 0.36847067 0.8437945
vt 0.3712511 0.8422276
vt 0.38811183 0.8499553
vt 0.39278483 0.8493374
vt 0.42915082 0.86076456
vt 0.43817902 0.86186373
vt 0.47197294 0.87238353
vt 0.47407818 0.8707714
vt 0.4071653 0.840311
vt 0.4541993 0.85870993
vt 0.47189188 0.8666657
vt 0.30645967 0.78612673
vt 0.3100803 0.78583133
vt 0.31126308 0.76569855
vt 0.3078599 0.7647661
vt 0.30671215 0.76444924
vt 0.2976296 0.7874185
vt 0.30381203 0.7636688
vt 0.31195855 0.7658932
vt 0.31098008 0.78606945
vt 0.33456278 0.7720801
vt 0.3335483 0.79310155
vt 0.3361976 0.7988211
vt 0.3215556 0.79718673
vt 0.33318543 0.80941916
vt 0.3412485 0.8057288
vt 0.35749578 0.8331878
vt 0.36087608 0.82571876
vt 0.37840223 0.8406971
vt 0.37199235 0.84204173
vt 0.39142513 0.8487546
vt 0.39220428 0.84898245
vt 0.39248276 0.83262026
vt 0.37879395 0.84037274
vt 0.37538266 0.8171015
vt 0.3613057 0.82537097
vt 0.35527682 0.7977178
vt 0.34162402 0.8054062
vt 0.3521726 0.79337317
vt 0.33674836 0.7984451
vt 0.33408713 0.7929977
vt 0.34992695 0.7879044
vt 0.3491118 0.7772725
vt 0.33504486 0.7722392
vt 0.3378973 0.75711274
vt 0.35128498 0.7664393
vt 0.34226036 0.74802446
vt 0.3553133 0.7583425
vt 0.35933208 0.75400645
vt 0.3466606 0.7438538
vt 0.35366583 0.7390412
vt 0.3637612 0.75102407
vt 0.3790927 0.7272335
vt 0.38938212 0.7399093
vt 0.40072727 0.71930635
vt 0.41083407 0.73136175
vt 0.4163034 0.71593845
vt 0.42728066 0.7293002
vt 0.41697168 0.71580935
vt 0.46387815 0.7199737
vt 0.4550364 0.7178415
vt 0.41281104 0.71359396
vt 0.39431214 0.71492743
vt 0.3922565 0.71248627
vt 0.37821722 0.7180139
vt 0.37621117 0.71551824
vt 0.34677672 0.73191917
vt 0.34494376 0.7299106
vt 0.33132744 0.7394608
vt 0.32846022 0.7378292
vt 0.49921584 0.7219551
vt 0.500623 0.7242024
vt 0.4777794 0.7285383
vt 0.49713755 0.7272826
vt 0.31397653 0.74478495
vt 0.31726408 0.74632967
vt 0.3136549 0.7527392
vt 0.31036282 0.75119245
vt 0.31324887 0.74402905
vt 0.3274107 0.73695254
vt 0.32626295 0.7344718
vt 0.31920886 0.73545766
vt 0.30853415 0.73269105
vt 0.3117633 0.7321532
vt 0.30630517 0.7257407
vt 0.30306768 0.727021
vt 0.3021555 0.7217554
vt 0.30134487 0.72589195
vt 0.30413866 0.71915126
vt 0.30705476 0.7254145
vt 0.30469346 0.71102405
vt 0.2943306 0.7122923
vt 0.30885863 0.70524645
vt 0.30720067 0.70307326
vt 0.31594157 0.703266
vt 0.32128024 0.69195414
vt 0.32240152 0.69164634
vt 0.33235168 0.6962478
vt 0.35813022 0.67671347
vt 0.34975958 0.6709857
vt 0.36807632 0.6642047
vt 0.35988307 0.65807533
vt 0.37665534 0.6455159
vt 0.368469 0.63939154
vt 0.3924303 0.6065353
vt 0.38424444 0.60041153
vt 0.4097395 0.5655284
vt 0.401546 0.559399
vt 0.37674856 0.6456113
vt 0.36817288 0.66430354
vt 0.39252663 0.606634
vt 0.41041875 0.5656513
vt 0.34894133 0.66992724
vt 0.35911465 0.6571543
vt 0.34767103 0.6669884
vt 0.3206942 0.6882982
vt 0.32161474 0.69085693
vt 0.3068118 0.6984384
vt 0.30691576 0.701736
vt 0.35791564 0.65419674
vt 0.36773252 0.6384605
vt 0.36771607 0.6337472
vt 0.3836925 0.59913766
vt 0.38593554 0.59032345
vt 0.40068316 0.5581491
vt 0.39935303 0.5558555
vt 0.36059952 0.6183318
vt 0.3848524 0.5740317
vt 0.3950019 0.5574994
vt 0.29400206 0.71129584
vt 0.2941711 0.70766735
vt 0.27252984 0.6968875
vt 0.27043223 0.6994078
vt 0.26972175 0.7002622
vt 0.29415584 0.720219
vt 0.26796007 0.7024455
vt 0.2729783 0.6963557
vt 0.2945223 0.7068052
vt 0.28735542 0.6788156
vt 0.30437803 0.68531954
vt 0.3103888 0.6834223
vt 0.30689883 0.6977358
vt 0.32051563 0.6877625
vt 0.31788468 0.6792946
vt 0.34719348 0.66668594
vt 0.3402171 0.66237926
vt 0.3573103 0.64690876
vt 0.35782576 0.65343773
vt 0.36696482 0.6350212
vt 0.36729002 0.63427734
vt 0.35109758 0.6319126
vt 0.35703874 0.6464791
vt 0.33352232 0.6468915
vt 0.3399272 0.6619091
vt 0.31173038 0.66435826
vt 0.31761265 0.6788807
vt 0.30702496 0.6668823
vt 0.3100865 0.68282795
vt 0.3043437 0.6847718
vt 0.30131435 0.6684115
vt 0.29555464 0.66856873
vt 0.3043437 0.6847718
vt 0.28766823 0.6784688
vt 0.2766478 0.6690042
vt 0.26099157 0.6863873
vt 0.25758147 0.67967916
vt 0.27125716 0.6603985
vt 0.26989412 0.6542442
vt 0.25924492 0.6644256
vt 0.2610705 0.64764607
vt 0.2697189 0.6456889
vt 0.26597834 0.6140032
vt 0.27319694 0.61789036
vt 0.27804375 0.595351
vt 0.2721324 0.5981703
vt 0.28350902 0.5810456
vt 0.27143025 0.5984721
vt 0.28423643 0.5797572
vt 0.28014684 0.58210087
vt 0.26826954 0.59891295
vt 0.26547742 0.61374104
vt 0.26229715 0.6141112
vt 0.26051736 0.6477592
vt 0.2578411 0.648242
vt 0.25867987 0.6648526
vt 0.2557726 0.66641164
vt 0.30621552 0.5486125
vt 0.31272602 0.5422623
vt 0.33321047 0.513399
vt 0.33586216 0.51340353
vt 0.3011446 0.57821
vt 0.3273754 0.5350511
vt 0.3366146 0.5179937
vt 0.25395298 0.68237567
vt 0.25701046 0.6804142
vt 0.26051593 0.68688107
vt 0.2574544 0.6888454
vt 0.25292587 0.6825893
vt 0.25447202 0.66683364
vt 0.25176072 0.66648495
vt 0.24884105 0.67298174
vt 0.24081779 0.68054664
vt 0.24208093 0.6775267
vt 0.233747 0.6787348
vt 0.23310804 0.68215704
vt 0.22816467 0.680127
vt 0.23123527 0.68301487
vt 0.2270155 0.6770618
vt 0.23387003 0.6779269
vt 0.2204299 0.6722672
vt 0.21598887 0.68171525
vt 0.21775556 0.6656656
vt 0.21503353 0.66591287
vt 0.2198484 0.65861535
vt 0.2131126 0.6480752
vt 0.22438931 0.65382314
vt 0.213449 0.64696205
vt 0.22264028 0.6409873
vt 0.21982145 0.6087667
vt 0.21051717 0.61280465
vt 0.21452498 0.59368837
vt 0.20497513 0.5973629
vt 0.20326829 0.5764792
vt 0.19372654 0.5801506
vt 0.17866254 0.5423784
vt 0.1691215 0.54604936
vt 0.15315771 0.50589967
vt 0.14360738 0.5095744
vt 0.20339894 0.5764508
vt 0.21465993 0.59365916
vt 0.17879725 0.5423491
vt 0.1536231 0.50539017
vt 0.20918608 0.61293435
vt 0.20378637 0.59752357
vt 0.20602179 0.61244535
vt 0.20970559 0.6466254
vt 0.21236205 0.64720786
vt 0.21090245 0.6637757
vt 0.21374965 0.6654422
vt 0.20064425 0.59696436
vt 0.1925466 0.5802785
vt 0.18854737 0.5777836
vt 0.1677494 0.54583836
vt 0.1614809 0.5392487
vt 0.14209056 0.50963974
vt 0.13944077 0.50954485
vt 0.17170906 0.5756047
vt 0.14711142 0.5314951
vt 0.1385169 0.51410365
vt 0.21497011 0.68146324
vt 0.21198845 0.679389
vt 0.20415401 0.6881888
vt 0.2067554 0.6906209
vt 0.1930883 0.7009423
vt 0.19125605 0.6978003
vt 0.18647575 0.70416594
vt 0.18464613 0.701028
vt 0.1691699 0.6986995
vt 0.17060375 0.7016704
vt 0.15253782 0.69883204
vt 0.15216947 0.6961379
vt 0.11862707 0.69293094
vt 0.11839247 0.68973756
vt 0.10369587 0.6863189
vt 0.10338974 0.68314195
vt 0.0874033 0.6737385
vt 0.085235596 0.66955304
vt 0.05505228 0.6462717
vt 0.04898405 0.63949704
vt 0.021016598 0.6178055
vt 0.021133423 0.6151571
vt 0.08440733 0.65259445
vt 0.042401314 0.624555
vt 0.025751114 0.6145997
vt 0.17096996 0.7029878
vt 0.18664598 0.7052014
vt 0.17050648 0.70568156
vt 0.17687345 0.70887446
vt 0.18409085 0.71721184
vt 0.18112731 0.7158215
vt 0.18672442 0.7205031
vt 0.16331124 0.70720506
vt 0.15334272 0.69964945
vt 0.1455164 0.7085813
vt 0.15220594 0.69989634
vt 0.11362362 0.70319974
vt 0.11839151 0.69424784
vt 0.09901619 0.6967169
vt 0.10344076 0.6874908
vt 0.08276081 0.6841228
vt 0.087182045 0.67490447
vt 0.050732136 0.65687394
vt 0.055152893 0.64765644
vt 0.016405582 0.6285391
vt 0.020830154 0.61931276
vt 0.08272171 0.6842507
vt 0.09897661 0.6968492
vt 0.050691605 0.65700614
vt 0.015860558 0.6289623
vt 0.015079498 0.63030815
vt 0.049779892 0.6600219
vt 0.08180809 0.68727124
vt 0.09660244 0.69847286
vt 0.11168385 0.70278156
vt 0.11346865 0.70373535
vt 0.14496994 0.7089877
vt 0.09867954 0.7129384
vt 0.12432098 0.7159867
vt 0.14877772 0.7143302
vt 0.12631893 0.7184787
vt 0.07784128 0.70882463
vt 0.08956051 0.70130956
vt 0.089583874 0.7007712
vt 0.078906536 0.6968603
vt 0.07904291 0.6964098
vt 0.04551363 0.67412233
vt 0.0456872 0.67354846
vt 0.020418167 0.6541668
vt 0.020027637 0.6527827
vt 0.11147499 0.70310307
vt 0.06845522 0.7049043
vt 0.039034843 0.68487096
vt 0.096327305 0.6988995
vt 0.081532955 0.6880019
vt 0.049515247 0.66089606
vt 0.018284798 0.6446413
vt 0.01569271 0.6325362
vt 0.027978897 0.6760806
vt 0.019432545 0.65786636
vt 0.016923904 0.66728973
vt 0.1492877 0.71421754
vt 0.15451503 0.7185366
vt 0.15817165 0.71134925
vt 0.16401815 0.7077404
vt 0.17036462 0.7065103
vt 0.17607665 0.70922244
vt 0.18025136 0.71603227
vt 0.17335081 0.71320105
vt 0.17599821 0.7177037
vt 0.17617345 0.72277224
vt 0.18052173 0.7239138
vt 0.17917895 0.7305373
vt 0.17516232 0.7283597
vt 0.17198467 0.7325053
vt 0.17420411 0.7367866
vt 0.16820359 0.73878145
vt 0.16810393 0.73366165
vt 0.17198467 0.7325053
vt 0.16820359 0.73878145
vt 0.1809318 0.7464764
vt 0.17266464 0.7696321
vt 0.1606214 0.7585697
vt 0.19450498 0.76394427
vt 0.15459538 0.7567197
vt 0.1655941 0.7469171
vt 0.14872217 0.7473979
vt 0.14608097 0.7558627
vt 0.11479473 0.7496052
vt 0.11809397 0.75711083
vt 0.09523964 0.7601435
vt 0.09852123 0.7544761
vt 0.08054352 0.76444995
vt 0.07985306 0.76487744
vt 0.09184122 0.77601624
vt 0.095219135 0.7606516
vt 0.11481285 0.77366173
vt 0.11806583 0.75766253
vt 0.14266825 0.7716527
vt 0.14607 0.75635743
vt 0.14797544 0.7722459
vt 0.15450692 0.7573805
vt 0.16033864 0.75904024
vt 0.16033864 0.75904024
vt 0.1535449 0.7742287
vt 0.16033864 0.75904024
vt 0.15972781 0.7740983
vt 0.17221284 0.76972735
vt 0.16033864 0.75904024
vt 0.17640471 0.7818847
vt 0.19934988 0.7773254
vt 0.19806886 0.7847407
vt 0.17557406 0.79200554
vt 0.17298388 0.797752
vt 0.18760824 0.7959666
vt 0.17610574 0.80831826
vt 0.16800499 0.80471134
vt 0.15204191 0.83233714
vt 0.14858484 0.8249029
vt 0.13121462 0.84006155
vt 0.13763762 0.84134007
vt 0.11827517 0.848253
vt 0.1174984 0.8484889
vt 0.11705112 0.8321308
vt 0.13081932 0.83974147
vt 0.13399029 0.81643605
vt 0.1481514 0.8245597
vt 0.15389442 0.7968458
vt 0.1676259 0.8043928
vt 0.15695381 0.79246914
vt 0.1724298 0.79738164
vt 0.17503428 0.7919071
vt 0.15914297 0.78697777
vt 0.15998745 0.77797365
vt 0.17583442 0.7818574
vt 0.15972781 0.7740983
vt 0.16033864 0.75904024
vt 0.012464046 0.7686397
vt 0.023169518 0.7516047
vt 0.011124134 0.7589804
vt 0.017060757 0.8132458
vt 0.02999115 0.81737256
vt 0.84726024 0.4988075
vt 0.82737577 0.49133795
vt 0.8472614 0.49124885
vt 0.8273746 0.4989043
vt 0.8518057 0.49239856
vt 0.853261 0.49412495
vt 0.8273748 0.48955655
vt 0.84726095 0.48945743
vt 0.8503288 0.4892866
vt 0.82737195 0.48075223
vt 0.84425664 0.48064303
vt 0.827371 0.4755975
vt 0.840531 0.4755031
vt 0.84725964 0.4837066
vt 0.8629843 0.49888045
vt 0.86071515 0.49415582
vt 0.86298597 0.4913332
vt 0.87870896 0.49898964
vt 0.87871075 0.49141145
vt 0.8944335 0.4990592
vt 0.89443576 0.4914757
vt 0.8629856 0.4894963
vt 0.8787105 0.48962295
vt 0.8944359 0.48968506
vt 0.8787097 0.48077655
vt 0.8944354 0.48080778
vt 0.87870944 0.47559035
vt 0.8629832 0.47546685
vt 0.86298406 0.48069572
vt 0.89443564 0.47558558
vt 0.8787017 0.38275766
vt 0.8944293 0.38276827
vt 0.8629832 0.46014422
vt 0.86156154 0.47512066
vt 0.86172855 0.46027273
vt 0.8611516 0.4803083
vt 0.86133516 0.49162567
vt 0.8601843 0.4926151
vt 0.85409844 0.49257493
vt 0.8531153 0.49191862
vt 0.8518523 0.48964673
vt 0.8481771 0.48317385
vt 0.84499216 0.48012984
vt 0.8439833 0.47923797
vt 0.84240234 0.47476983
vt 0.84240234 0.47476983
vt 0.8420211 0.46180075
vt 0.84152794 0.46045274
vt 0.8273585 0.38273466
vt 0.8484857 0.3844719
vt 0.8074851 0.47558975
vt 0.8074864 0.48076105
vt 0.7947649 0.48061562
vt 0.79848707 0.4754758
vt 0.8074901 0.48957825
vt 0.80749094 0.49136257
vt 0.8074901 0.498931
vt 0.7917683 0.49877578
vt 0.79176855 0.49122906
vt 0.78722584 0.49235147
vt 0.7857721 0.49406385
vt 0.7917676 0.48944104
vt 0.7887001 0.48926228
vt 0.79176474 0.48368466
vt 0.77604675 0.49876016
vt 0.77831936 0.49404186
vt 0.7760469 0.4912002
vt 0.7603264 0.4988191
vt 0.76032627 0.4912383
vt 0.744607 0.49882758
vt 0.7446066 0.49124253
vt 0.725245 0.49874347
vt 0.72522306 0.49115765
vt 0.7760459 0.48935878
vt 0.76032495 0.4894495
vt 0.74460554 0.48945242
vt 0.7252188 0.48937094
vt 0.7603198 0.4806031
vt 0.74459946 0.48058832
vt 0.7603178 0.47541952
vt 0.7760391 0.4753151
vt 0.7760408 0.48054206
vt 0.74459743 0.4753809
vt 0.7251977 0.48051643
vt 0.7251903 0.47532272
vt 0.76030195 0.38266516
vt 0.7445811 0.38264632
vt 0.72518575 0.3826176
vt 0.7760383 0.46002072
vt 0.77697885 0.3844124
vt 0.7774601 0.4749695
vt 0.777292 0.46014863
vt 0.7778728 0.48015285
vt 0.7776977 0.4914961
vt 0.77884877 0.49250168
vt 0.7849339 0.49251014
vt 0.7859161 0.49186206
vt 0.7871771 0.4896195
vt 0.79084706 0.4831524
vt 0.79402864 0.48010206
vt 0.7950368 0.4792139
vt 0.7966161 0.4747405
vt 0.7966161 0.4747405
vt 0.7969953 0.46173364
vt 0.7974887 0.46038133
vt 0.8074714 0.38271642
vt 0.79267526 0.38443124
vt 0.19374037 0.70198226
vt 0.19047046 0.71214664
vt 0.19551253 0.7047018
vt 0.20762038 0.6914581
vt 0.20985079 0.6936321
vt 0.22260666 0.6860819
vt 0.16555905 0.712371
vt 0.16230035 0.7147869
vt 0.16963959 0.7115797
vt 0.17335081 0.71320105
vt 0.17599821 0.7177037
vt 0.158952 0.71149695
vt 0.17036462 0.7065103
vt 0.16963959 0.7115797
vt 0.18393612 0.70042646
vt 0.17408013 0.68092406
vt 0.19078279 0.69730425
vt 0.1652534 0.6859443
vt 0.18890238 0.66948366
vt 0.20370173 0.68764913
vt 0.15904689 0.6870452
vt 0.16876698 0.69811654
vt 0.15207934 0.69558024
vt 0.150491 0.6868565
vt 0.11867523 0.6892488
vt 0.12286544 0.6822015
vt 0.10055208 0.676402
vt 0.10311842 0.6824279
vt 0.086491585 0.67033434
vt 0.08585882 0.6698258
vt 0.09911728 0.66023326
vt 0.10059404 0.6758956
vt 0.12162995 0.66537404
vt 0.12290454 0.68165064
vt 0.1490326 0.67076814
vt 0.15054059 0.68636405
vt 0.1543715 0.67082703
vt 0.15904021 0.68637836
vt 0.16503 0.6854429
vt 0.16014123 0.6695391
vt 0.1680541 0.6651596
vt 0.1737814 0.6804378
vt 0.17626071 0.65937006
vt 0.18852329 0.6691059
vt 0.19801879 0.6585915
vt 0.1825552 0.65244925
vt 0.18429995 0.6468005
vt 0.19942904 0.65269506
vt 0.20009303 0.6442224
vt 0.18466711 0.6414733
vt 0.19760013 0.61629844
vt 0.18147755 0.6137283
vt 0.19364381 0.59359944
vt 0.1781497 0.59087706
vt 0.18876934 0.5784267
vt 0.18922591 0.5790982
vt 0.19995427 0.5966368
vt 0.19415236 0.59359825
vt 0.20551157 0.6126888
vt 0.19815254 0.6163032
vt 0.20058799 0.6442119
vt 0.20915723 0.6464914
vt 0.20009303 0.6527554
vt 0.21035361 0.6633278
vt 0.21144533 0.67863274
vt 0.19850063 0.6588539
vt 0.16963959 0.7115797
vt 0.17036462 0.7065103
vt 0.17335081 0.71320105
vt 0.02943945 0.61415434
vt 0.042776585 0.61163735
vt 0.015884876 0.6275315
vt 0.014860153 0.6264713
vt 0.020253658 0.6187873
vt 0.021016598 0.6178055
vt 0.019782066 0.6165347
vt 0.91413784 0.47552872
vt 0.91413414 0.38277566
vt 0.9141381 0.48069596
vt 0.9141383 0.48952806
vt 0.9141382 0.4913171
vt 0.9141371 0.49890715
vt 0.93328685 0.49151087
vt 0.93328446 0.4990999
vt 0.94901127 0.4914887
vt 0.9490085 0.49907583
vt 0.96473527 0.49147016
vt 0.9647326 0.49906212
vt 0.96473604 0.48967528
vt 0.9490117 0.48969644
vt 0.9332872 0.4897179
vt 0.94901407 0.4808184
vt 0.9332885 0.48082924
vt 0.9490147 0.47561097
vt 0.96473974 0.47553003
vt 0.9647388 0.48077214
vt 0.93328935 0.47560012
vt 0.9490145 0.38277674
vt 0.9332872 0.38277912
vt 0.96474046 0.4601336
vt 0.9654853 0.38451314
vt 0.21330214 0.81909645
vt 0.20441747 0.807824
vt 0.21659184 0.8165544
vt 0.20933652 0.8199477
vt 0.20019078 0.81554615
vt 0.21782422 0.8126973
vt 0.21619248 0.80773556
vt 0.212147 0.8037509
vt 0.1977303 0.8107058
vt 0.19757295 0.80665267
vt 0.19921994 0.80283606
vt 0.20786285 0.8010373
vt 0.20265102 0.8006854
vt 0.19708633 0.81903374
vt 0.20933652 0.8199477
vt 0.2095952 0.8246348
vt 0.19312549 0.81161654
vt 0.19287968 0.8053144
vt 0.19544148 0.79937994
vt 0.20887995 0.79658294
vt 0.212147 0.8037509
vt 0.20090151 0.79619133
vt 0.20887995 0.79658294
vt 0.21554208 0.80080235
vt 0.22025561 0.8056462
vt 0.212147 0.8037509
vt 0.21782422 0.8126973
vt 0.22261167 0.8132783
vt 0.21659184 0.8165544
vt 0.22087646 0.8193588
vt 0.21576142 0.82331145
vt 0.20933652 0.8199477
vt 0.2095952 0.8246348
vt 0.21659184 0.8165544
vt 0.2095952 0.8246348
vt 0.20137858 0.82331777
vt 0.20116997 0.8300952
vt 0.19490981 0.8248192
vt 0.197793 0.8208554
vt 0.19454598 0.8251252
vt 0.20074868 0.83040357
vt 0.18179607 0.8431779
vt 0.18280172 0.8445282
vt 0.18335247 0.8476746
vt 0.20224595 0.8367909
vt 0.1687088 0.8689419
vt 0.1853857 0.8639148
vt 0.15803576 0.8873063
vt 0.17141819 0.8834693
vt 0.17183828 0.88380677
vt 0.16772366 0.8944074
vt 0.16815186 0.89460266
vt 0.16274452 0.93449897
vt 0.16329002 0.9347476
vt 0.16115618 0.966522
vt 0.16193676 0.96772933
vt 0.18454409 0.865829
vt 0.15478086 0.89694333
vt 0.15039444 0.93226534
vt 0.1776967 0.8799799
vt 0.17610979 0.8982859
vt 0.17531872 0.9402291
vt 0.16689968 0.97441506
vt 0.17819929 0.8800544
vt 0.1768403 0.8985617
vt 0.17819929 0.8800544
vt 0.18492365 0.8658844
vt 0.17819929 0.8800544
vt 0.17614937 0.94060755
vt 0.17554569 0.9862875
vt 0.17816257 0.98751605
vt 0.17828226 0.9889857
vt 0.18761444 0.9900103
vt 0.18899393 0.991852
vt 0.15772772 0.96481854
vt 0.14969397 0.94637245
vt 0.14899397 0.96047926
vt 0.17427778 0.98435557
vt 0.17614937 0.94060755
vt 0.19715929 0.98617214
vt 0.20785761 0.97781944
vt 0.09318584 0.49852324
vt 0.07330707 0.49107277
vt 0.09318861 0.49096912
vt 0.07330418 0.4986319
vt 0.09773064 0.49211007
vt 0.099184185 0.49383062
vt 0.07330802 0.4892919
vt 0.093189925 0.4891798
vt 0.09625676 0.48900688
vt 0.07331297 0.48050022
vt 0.090194136 0.4803741
vt 0.07331443 0.47535264
vt 0.08647242 0.4752431
vt 0.09319323 0.48343158
vt 0.10890555 0.4985531
vt 0.10663593 0.49383515
vt 0.10890833 0.49100137
vt 0.12462437 0.49863297
vt 0.12462687 0.4910606
vt 0.14034158 0.4986605
vt 0.14034417 0.4910828
vt 0.10890973 0.4891621
vt 0.12462828 0.48927236
vt 0.14034554 0.48929483
vt 0.1246343 0.48043025
vt 0.14035204 0.48043287
vt 0.12463653 0.47525048
vt 0.10891733 0.4751302
vt 0.10891548 0.48035324
vt 0.14035428 0.4752283
vt 0.12464815 0.38253665
vt 0.14036682 0.38253212
vt 0.10891852 0.45984644
vt 0.11206946 0.38427496
vt 0.1074968 0.4747839
vt 0.10766491 0.4599741
vt 0.10708386 0.47996378
vt 0.10725784 0.4912951
vt 0.10610658 0.49229538
vt 0.10002246 0.49228007
vt 0.09904036 0.49162644
vt 0.09777981 0.48936617
vt 0.094111025 0.4828986
vt 0.09093022 0.47985828
vt 0.08992225 0.4789722
vt 0.08834329 0.47450936
vt 0.08834329 0.47450936
vt 0.087964326 0.4615453
vt 0.08747086 0.46019834
vt 0.07332149 0.38257158
vt 0.053430706 0.47537696
vt 0.053429067 0.4805262
vt 0.04070723 0.48034883
vt 0.04443273 0.47524822
vt 0.053425163 0.4893149
vt 0.05342403 0.49109495
vt 0.0534212 0.49865305
vt 0.037698567 0.49844235
vt 0.03770131 0.4909054
vt 0.03315729 0.49199665
vt 0.031701684 0.4936942
vt 0.037701964 0.4891227
vt 0.03463447 0.48892778
vt 0.03770411 0.483392
vt 0.021974862 0.49830562
vt 0.024248064 0.4936207
vt 0.021977484 0.49082023
vt 0.030864537 0.49213547
vt 0.024778724 0.49207544
vt 0.023628652 0.49103492
vt 0.031847656 0.49150032
vt 0.033110976 0.4892766
vt 0.036786854 0.48285675
vt 0.03997174 0.47983372
vt 0.040980756 0.47895318
vt 0.042562097 0.47451437
vt 0.02197826 0.48883212
vt 0.02198118 0.48007643
vt 0.023813605 0.4796793
vt 0.021982133 0.47480178
vt 0.023404002 0.474465
vt 0.021982789 0.45996803
vt 0.023237288 0.4600889
vt 0.042562097 0.47451437
vt 0.04294327 0.46156353
vt 0.043436408 0.46021765
vt 0.053435475 0.38257897
vt 0.039141357 0.3843093
vt 0.094294935 0.38428235
vt 0.20488095 0.7775202
vt 0.21143246 0.7859516
vt 0.20812678 0.7775904
vt 0.21622229 0.79375696
vt 0.16071606 0.84437513
vt 0.17974114 0.8106469
vt 0.18314242 0.82106876
vt 0.15601063 0.83538973
vt 0.14712572 0.85278404
vt 0.14200115 0.8439276
vt 0.12755919 0.8591093
vt 0.12243891 0.85026014
vt 0.08699608 0.8701979
vt 0.08187628 0.8613496
vt 0.04424095 0.88257277
vt 0.03911543 0.873716
vt 0.12764263 0.859213
vt 0.14721298 0.8528917
vt 0.08708334 0.87030554
vt 0.044282436 0.8832618
vt 0.19256353 0.8121773
vt 0.18017793 0.8095695
vt 0.19203925 0.8055961
vt 0.19643807 0.8192501
vt 0.18992329 0.8211324
vt 0.18972945 0.82161653
vt 0.1804924 0.8425044
vt 0.18316984 0.8217493
vt 0.17730808 0.84274983
vt 0.18972945 0.82161653
vt 0.16033363 0.862208
vt 0.1610713 0.84480524
vt 0.1451869 0.8770993
vt 0.14558744 0.86318326
vt 0.13665724 0.8826407
vt 0.1359067 0.8694731
vt 0.10352373 0.8956444
vt 0.09829903 0.88423264
vt 0.13561153 0.86910653
vt 0.14515638 0.86285985
vt 0.09792328 0.8837658
vt 0.067668915 0.8937079
vt 0.06630564 0.89325035
vt 0.1594243 0.8460952
vt 0.1474123 0.85623574
vt 0.13007021 0.8623102
vt 0.14515638 0.86285985
vt 0.089632034 0.87347066
vt 0.05859852 0.8900995
vt 0.14721584 0.85576725
vt 0.15927649 0.8457415
vt 0.12962198 0.861671
vt 0.08905935 0.87275946
vt 0.0449543 0.8846655
vt 0.047139168 0.8854151
vt 0.04311514 0.8824347
vt 0.038356304 0.873896
vt 0.04166174 0.8826828
vt 0.0449543 0.8846655
vt 0.036230564 0.8730154
vt 0.14515638 0.86285985
vt 0.14558744 0.86318326
vt 0.1359067 0.8694731
vt 0.14558744 0.86318326
vt 0.09003019 0.89981866
vt 0.07016897 0.89660704
vt 0.07653761 0.9039924
vt 0.20887995 0.79658294
vt 0.03970909 0.8636975
vt 0.045149803 0.8512628
vt 0.16033205 0.4751873
vt 0.16033456 0.3825215
vt 0.16032445 0.48037517
vt 0.16030362 0.48922104
vt 0.16029933 0.49101168
vt 0.16027686 0.49859065
vt 0.17917112 0.49104947
vt 0.17916912 0.4986295
vt 0.19488409 0.49098867
vt 0.19488224 0.4985624
vt 0.21059576 0.49089772
vt 0.21059406 0.49843705
vt 0.21059716 0.48906267
vt 0.19488561 0.48920226
vt 0.17917258 0.48926127
vt 0.19489223 0.48036623
vt 0.17917943 0.48039985
vt 0.19489467 0.47518682
vt 0.21060622 0.47505164
vt 0.21060383 0.48027265
vt 0.17918175 0.47519398
vt 0.1949104 0.3824941
vt 0.17919683 0.38250804
vt 0.2106078 0.4597513
vt 0.21202698 0.47470558
vt 0.21186134 0.45987982
vt 0.21243504 0.47988552
vt 0.21224535 0.49118936
vt 0.21339402 0.49217403
vt 0.212863 0.49371374
vt 0.22031045 0.49367595
vt 0.22630492 0.4983548
vt 0.22176573 0.491948
vt 0.22630611 0.49080408
vt 0.24201527 0.49091488
vt 0.2420142 0.49847645
vt 0.26188025 0.4908533
vt 0.2618796 0.49840826
vt 0.28174314 0.4982456
vt 0.2817435 0.49070257
vt 0.2862812 0.49182796
vt 0.2877334 0.49354535
vt 0.26188144 0.4890743
vt 0.28174457 0.488917
vt 0.28480878 0.48873717
vt 0.26188752 0.48028958
vt 0.27875206 0.48014307
vt 0.26188976 0.47514534
vt 0.27503437 0.47502732
vt 0.28174815 0.4831884
vt 0.2974485 0.4982739
vt 0.29517815 0.49355352
vt 0.29744855 0.4907322
vt 0.31315288 0.4983765
vt 0.3131527 0.4908086
vt 0.3288562 0.4983995
vt 0.32885578 0.49082607
vt 0.29744974 0.488899
vt 0.31315365 0.48902458
vt 0.32885662 0.48904097
vt 0.31315824 0.48020542
vt 0.3288606 0.48020673
vt 0.31315985 0.4750409
vt 0.29745653 0.4749124
vt 0.29745468 0.48012245
vt 0.3288621 0.47502923
vt 0.31317493 0.38241506
vt 0.3288763 0.38241076
vt 0.29745796 0.4596513
vt 0.29936853 0.38414907
vt 0.29603723 0.4745667
vt 0.29620555 0.4597785
vt 0.295625 0.4797343
vt 0.29579964 0.49102223
vt 0.29464957 0.4920138
vt 0.28857103 0.49199265
vt 0.28758952 0.49133956
vt 0.28633037 0.48909175
vt 0.28266492 0.4826553
vt 0.27948725 0.47962773
vt 0.2784807 0.47874486
vt 0.27690336 0.47429442
vt 0.27690336 0.47429442
vt 0.27652526 0.46134645
vt 0.27603173 0.46000165
vt 0.2619062 0.38244987
vt 0.24202526 0.4751768
vt 0.24202287 0.4803337
vt 0.22931331 0.48018742
vt 0.23303631 0.4750625
vt 0.24201658 0.48913378
vt 0.22630742 0.4890145
vt 0.22324258 0.48883998
vt 0.22631171 0.48325598
vt 0.24204177 0.3824613
vt 0.23204157 0.46002334
vt 0.22818056 0.3841982
vt 0.22172031 0.4891991
vt 0.2204574 0.4914646
vt 0.21947461 0.49212754
vt 0.22539559 0.4827237
vt 0.22857863 0.47967243
vt 0.22958714 0.4787861
vt 0.23116723 0.47432876
vt 0.23116723 0.47432876
vt 0.23154923 0.4613698
vt 0.3117025 0.80797523
vt 0.2986405 0.8139243
vt 0.31001544 0.80417585
vt 0.31158614 0.8120296
vt 0.30513597 0.8198662
vt 0.30656242 0.8020606
vt 0.30135465 0.8024664
vt 0.29652262 0.8054474
vt 0.30778527 0.8237103
vt 0.31620026 0.812893
vt 0.31638122 0.80658865
vt 0.3137586 0.80068076
vt 0.30029154 0.79802287
vt 0.29652262 0.8054474
vt 0.29446602 0.8014488
vt 0.3082652 0.7975489
vt 0.31296682 0.8205602
vt 0.31950045 0.8223751
vt 0.3128872 0.82720053
vt 0.3097229 0.8234576
vt 0.31309795 0.82762694
vt 0.31969976 0.8228575
vt 0.3276012 0.84430414
vt 0.3291514 0.8436486
vt 0.32625985 0.82292235
vt 0.33233857 0.8438611
vt 0.31969976 0.8228575
vt 0.3495133 0.863143
vt 0.3485961 0.8457488
vt 0.3648126 0.8778769
vt 0.36426806 0.8639661
vt 0.37339902 0.8833301
vt 0.3740139 0.8701557
vt 0.40666485 0.89599085
vt 0.4117713 0.88452584
vt 0.3743055 0.86978596
vt 0.36469603 0.8636379
vt 0.41214228 0.88405514
vt 0.44249797 0.8936842
vt 0.44385624 0.89321244
vt 0.3502555 0.8470216
vt 0.36237216 0.85703766
vt 0.36469603 0.8636379
vt 0.37977552 0.8629326
vt 0.4203272 0.87367487
vt 0.4515307 0.8899822
vt 0.36256385 0.8565673
vt 0.3503995 0.84666646
vt 0.38021708 0.86228865
vt 0.42089248 0.87295777
vt 0.4651184 0.8844078
vt 0.46294045 0.8851797
vt 0.46693397 0.88215786
vt 0.47160435 0.8735704
vt 0.46839 0.8823909
vt 0.4651184 0.8844078
vt 0.47372127 0.8726682
vt 0.36469603 0.8636379
vt 0.3740139 0.8701557
vt 0.36426806 0.8639661
vt 0.36426806 0.8639661
vt 0.44002795 0.89660907
vt 0.4202006 0.90002537
vt 0.4337361 0.90405995
vt 0.47014618 0.86338663
vt 0.4645772 0.8510089
vt 0.26931643 0.806267
vt 0.27906394 0.80190897
vt 0.27015615 0.80313146
vt 0.28778434 0.799113
vt 0.29587483 0.8202943
vt 0.2998495 0.8211045
vt 0.29255986 0.81778646
vt 0.2912867 0.81394213
vt 0.2928679 0.80896384
vt 0.2998495 0.8211045
vt 0.299639 0.8257941
vt 0.29345918 0.82453454
vt 0.2998495 0.8211045
vt 0.299639 0.8257941
vt 0.2883041 0.8206349
vt 0.29255986 0.81778646
vt 0.2935331 0.825418
vt 0.29457188 0.83788335
vt 0.30005002 0.8264732
vt 0.30644608 0.83773875
vt 0.29551458 0.83856404
vt 0.3237505 0.8650638
vt 0.31390405 0.86749744
vt 0.32868624 0.88026386
vt 0.3188653 0.88313574
vt 0.33017707 0.9007735
vt 0.32036424 0.9036429
vt 0.33130145 0.9428098
vt 0.3214891 0.94567907
vt 0.33315325 0.9872817
vt 0.32333183 0.9901535
vt 0.3302977 0.90071696
vt 0.3288114 0.8802052
vt 0.33142638 0.9427513
vt 0.33383226 0.98740464
vt 0.33535552 0.9870863
vt 0.33428025 0.9414151
vt 0.33535552 0.9870863
vt 0.33315563 0.8993788
vt 0.33160496 0.8808865
vt 0.32473516 0.8667867
vt 0.32425284 0.8648217
vt 0.30711365 0.83787364
vt 0.34098077 0.86967653
vt 0.32611752 0.84856164
vt 0.3085444 0.83147126
vt 0.32663655 0.84540987
vt 0.35184288 0.88792974
vt 0.33842158 0.88423115
vt 0.33800483 0.884573
vt 0.34222913 0.8951305
vt 0.34180236 0.8953302
vt 0.34762144 0.93516845
vt 0.34707832 0.93542266
vt 0.34954095 0.96717346
vt 0.34877205 0.9683887
vt 0.325114 0.86672723
vt 0.35519695 0.8975325
vt 0.35994816 0.93280774
vt 0.3321073 0.88080674
vt 0.33388305 0.8990955
vt 0.3351071 0.94102794
vt 0.34387898 0.97512525
vt 0.33160496 0.8808865
vt 0.33160496 0.8808865
vt 0.33660293 0.9851416
vt 0.3607936 0.94690645
vt 0.3529513 0.96543473
vt 0.36163926 0.96100545
vt 0.3081205 0.8311672
vt 0.3078413 0.82439196
vt 0.299639 0.8257941
vt 0.27619267 0.8386793
vt 0.2590809 0.84998095
vt 0.26762557 0.8529426
vt 0.25004935 0.84876156
vt 0.272439 0.856375
vt 0.28089094 0.8425111
vt 0.28655863 0.8488443
vt 0.2759626 0.8603871
vt 0.30151606 0.87255573
vt 0.29025745 0.88437927
vt 0.31214023 0.8930013
vt 0.30147338 0.90456456
vt 0.31746888 0.90802044
vt 0.29652262 0.8054474
vt 0.28878307 0.80691653
vt 0.2928679 0.80896384
vt 0.28650546 0.8145727
vt 0.2928679 0.80896384
vt 0.29255986 0.81778646
vt 0.33428025 0.9414151
vt 0.33275127 0.9883418
vt 0.33264637 0.98981273
vt 0.32332563 0.99093366
vt 0.32196546 0.9927894
vt 0.31374192 0.9871942
vt 0.302958 0.97895235
vt 0.3487341 0.4750718
vt 0.34873888 0.38240314
vt 0.34872958 0.48030412
vt 0.3487163 0.48918694
vt 0.34871373 0.4909776
vt 0.3487008 0.49854892
vt 0.36764988 0.49082792
vt 0.36765125 0.4984045
vt 0.3833511 0.4908303
vt 0.38335258 0.49840957
vt 0.39905155 0.49082446
vt 0.3990534 0.4983968
vt 0.3990519 0.48897856
vt 0.38335133 0.48904228
vt 0.36765054 0.48904228
vt 0.38335353 0.48019648
vt 0.3676531 0.48019993
vt 0.3833542 0.47501183
vt 0.39905345 0.47490048
vt 0.39905304 0.4801383
vt 0.367654 0.47501647
vt 0.38336402 0.38238168
vt 0.3676655 0.382393
vt 0.39905375 0.4595725
vt 0.40047288 0.47455382
vt 0.40030617 0.459701
vt 0.40088272 0.47974855
vt 0.4007001 0.49112642
vt 0.4018489 0.49214923
vt 0.40131903 0.4936868
vt 0.40876186 0.4937685
vt 0.4147538 0.49847323
vt 0.41021484 0.492104
vt 0.4147519 0.49096775
vt 0.43045214 0.49084008
vt 0.43045428 0.4984241
vt 0.4503076 0.49075413
vt 0.45031 0.49833047
vt 0.47016641 0.49835795
vt 0.4701637 0.4908464
vt 0.47470117 0.4919551
vt 0.47830978 0.49364048
vt 0.4503075 0.48896563
vt 0.47016338 0.48907167
vt 0.47322664 0.4890262
vt 0.45030653 0.48011398
vt 0.46716407 0.48000634
vt 0.45030594 0.4749422
vt 0.46344522 0.47469735
vt 0.4704981 0.48338246
vt 0.4858675 0.49835008
vt 0.48384246 0.4936511
vt 0.4858649 0.49078774
vt 0.50156903 0.49836433
vt 0.501566 0.49078953
vt 0.517271 0.49836034
vt 0.5172682 0.49078774
vt 0.48586404 0.48894286
vt 0.5015655 0.48900288
vt 0.5172674 0.48900318
vt 0.5015624 0.48016548
vt 0.51726377 0.48016977
vt 0.5015611 0.47498822
vt 0.48586082 0.4748701
vt 0.48586154 0.48010397
vt 0.51726246 0.47499323
vt 0.5015586 0.38238192
vt 0.51725835 0.38239646
vt 0.48586023 0.45956427
vt 0.4844411 0.4745232
vt 0.4846074 0.45969206
vt 0.48403198 0.47971284
vt 0.4842162 0.49109447
vt 0.48306757 0.49214178
vt 0.47728437 0.49206352
vt 0.47591087 0.49136043
vt 0.47455177 0.48945242
vt 0.4718335 0.48301804
vt 0.46907404 0.4795344
vt 0.46781507 0.47838205
vt 0.46531323 0.47388244
vt 0.46493274 0.46115953
vt 0.46444058 0.45983273
vt 0.45030957 0.38236666
vt 0.47021618 0.384089
vt 0.43045184 0.47495627
vt 0.4304519 0.48016047
vt 0.41774967 0.48012984
vt 0.42146805 0.47469556
vt 0.43045202 0.48904812
vt 0.41475207 0.48919564
vt 0.41168898 0.4891203
vt 0.41475254 0.48348796
vt 0.43045726 0.38236737
vt 0.4204724 0.45981926
vt 0.41016793 0.4895267
vt 0.40899932 0.4916032
vt 0.40792572 0.49220526
vt 0.41334194 0.48310077
vt 0.41584092 0.47974432
vt 0.41684777 0.4784881
vt 0.41960022 0.47386003
vt 0.4199799 0.46114606
vt 0.41482934 0.38409483
vt 0.31634116 0.70888543
vt 0.3205738 0.72259986
vt 0.31235743 0.71007335
vt 0.32034755 0.70951843
vt 0.32729626 0.7169162
vt 0.30981827 0.71322846
vt 0.30955625 0.7184453
vt 0.31189585 0.7236184
vt 0.33144712 0.7147796
vt 0.3217926 0.70505214
vt 0.31556296 0.70406795
vt 0.32898426 0.7092378
vt 0.32241535 0.70456004
vt 0.3316188 0.7029897
vt 0.33555984 0.71016467
vt 0.3314438 0.71282566
vt 0.31556296 0.70406795
vt 0.30936885 0.705915
vt 0.30556107 0.7109635
vt 0.31235743 0.71007335
vt 0.30981827 0.71322846
vt 0.30501318 0.7189324
vt 0.30955625 0.7184453
vt 0.31189585 0.7236184
vt 0.3076675 0.7251476
vt 0.33600998 0.7100102
vt 0.33212256 0.70285344
vt 0.3544023 0.6977551
vt 0.3539498 0.6961336
vt 0.35456777 0.6929997
vt 0.3330245 0.69635534
vt 0.37588453 0.6784271
vt 0.3585155 0.67711616
vt 0.39245105 0.66513383
vt 0.37858438 0.663898
vt 0.39895582 0.6573138
vt 0.38596773 0.65502214
vt 0.41575956 0.6259365
vt 0.4050405 0.61940825
vt 0.38563824 0.65468585
vt 0.37831378 0.663432
vt 0.37858438 0.663898
vt 0.40462112 0.61898017
vt 0.41804695 0.5901023
vt 0.41775227 0.58869493
vt 0.35998988 0.67563283
vt 0.37147093 0.6648942
vt 0.37953925 0.6483854
vt 0.39537072 0.60953724
vt 0.4155283 0.5806711
vt 0.37102866 0.66464365
vt 0.35965586 0.6754446
vt 0.37895656 0.64786553
vt 0.39473152 0.60888505
vt 0.41173434 0.5664828
vt 0.41222167 0.56874156
vt 0.41173434 0.5664828
vt 0.39473152 0.60888505
vt 0.40973473 0.5643947
vt 0.41015148 0.5629804
vt 0.4018135 0.5586661
vt 0.4011891 0.55645156
vt 0.42063236 0.5929253
vt 0.42148948 0.61302686
vt 0.4272189 0.60011685
vt 0.3043437 0.6847718
vt 0.29555464 0.66856873
vt 0.27712035 0.66868484
vt 0.29214168 0.6623143
vt 0.27174878 0.660154
vt 0.287431 0.65459466
vt 0.28589892 0.64888465
vt 0.2705598 0.65420914
vt 0.27021337 0.6457174
vt 0.28573084 0.64354753
vt 0.2737491 0.61790633
vt 0.28995657 0.6159413
vt 0.27855158 0.59537125
vt 0.294137 0.5932307
vt 0.28399062 0.5803914
vt 0.31235743 0.71007335
vt 0.31556296 0.70406795
vt 0.31634116 0.70888543
vt 0.3915267 0.5588126
vt 0.3785391 0.56275547
vt 0.3092358 0.75070643
vt 0.3061576 0.74048257
vt 0.30623293 0.74947345
vt 0.30449772 0.7314763
vt 0.3265388 0.7261561
vt 0.32784963 0.7223177
vt 0.3236282 0.7291242
vt 0.3196528 0.72989595
vt 0.3149171 0.72769237
vt 0.332474 0.723125
vt 0.33043575 0.72909343
vt 0.3259101 0.7337086
vt 0.31966782 0.73471844
vt 0.3196528 0.72989595
vt 0.33132124 0.72913325
vt 0.34381747 0.7296941
vt 0.34461308 0.7288463
vt 0.33320022 0.72280407
vt 0.3451898 0.7178987
vt 0.37450075 0.7042242
vt 0.37565732 0.7143009
vt 0.39020634 0.70126915
vt 0.39180088 0.7113764
vt 0.41073823 0.70240927
vt 0.41233158 0.7125082
vt 0.4525745 0.7066607
vt 0.4541676 0.71675855
vt 0.49691892 0.71050125
vt 0.49851346 0.72060883
vt 0.4106977 0.7022822
vt 0.39016414 0.7011378
vt 0.45253253 0.70652926
vt 0.49712753 0.70984334
vt 0.33213043 0.7148111
vt 0.33888602 0.715399
vt 0.33924174 0.71501696
vt 0.35537577 0.6988528
vt 0.35843587 0.69976974
vt 0.34540892 0.7172538
vt 0.38127518 0.68772376
vt 0.37432456 0.7036952
vt 0.4007659 0.679281
vt 0.39538407 0.6921202
vt 0.41071844 0.67718005
vt 0.40668035 0.6897358
vt 0.3956697 0.69257724
vt 0.40682364 0.690184
vt 0.44707918 0.6894988
vt 0.44726205 0.69006944
vt 0.47906733 0.69168067
vt 0.4801743 0.6925987
vt 0.37632442 0.7030841
vt 0.4463117 0.6769712
vt 0.39118123 0.6979456
vt 0.40954733 0.698519
vt 0.3956697 0.69257724
vt 0.45129323 0.70265853
vt 0.48623133 0.69831157
vt 0.39119673 0.69845366
vt 0.37633514 0.70346737
vt 0.40973568 0.6992768
vt 0.45157146 0.7035282
vt 0.49700642 0.70829177
vt 0.49523664 0.70680606
vt 0.49791932 0.7110349
vt 0.4993646 0.71132666
vt 0.4992864 0.72071433
vt 0.50095344 0.7223007
vt 0.3956697 0.69257724
vt 0.39538407 0.6921202
vt 0.31819057 0.7464216
vt 0.33737516 0.7568822
vt 0.3143258 0.7528789
vt 0.34179187 0.74773836
vt 0.34627676 0.7433089
vt 0.33198953 0.739712
vt 0.34716702 0.73232734
vt 0.35342693 0.7386075
vt 0.37826133 0.7185774
vt 0.3788123 0.7267575
vt 0.40047407 0.7188655
vt 0.3949411 0.7153611
vt 0.41549397 0.7158792
vt 0.46040273 0.6779326
vt 0.4777782 0.68807626
vt 0.47449422 0.6788938
vt 0.31236506 0.7314819
vt 0.3149171 0.72769237
vt 0.31966782 0.73471844
vt 0.3196528 0.72989595
vt 0.31966782 0.73471844
vt 0.3149171 0.72769237
vt 0.494354 0.72974247
vt 0.48480296 0.7393862
vt 0.41482934 0.38409483
vt 0.39905375 0.4595725
vt 0.3981231 0.384102
vt 0.4204724 0.45981926
vt 0.5367949 0.475062
vt 0.5367956 0.38241267
vt 0.5367998 0.4802946
vt 0.5368123 0.48917532
vt 0.5368149 0.49096513
vt 0.53682935 0.4985333
vt 0.5560662 0.49083108
vt 0.5560691 0.49840742
vt 0.5717712 0.49085885
vt 0.57177407 0.4984402
vt 0.5874774 0.4908731
vt 0.5874799 0.4984545
vt 0.58747613 0.48902512
vt 0.57177013 0.48907083
vt 0.5560651 0.48904574
vt 0.57176465 0.48022687
vt 0.55606 0.48020756
vt 0.5717626 0.47504556
vt 0.58746797 0.47494197
vt 0.5874702 0.48017716
vt 0.5560581 0.47502768
vt 0.57175297 0.38243115
vt 0.55605006 0.38242447
vt 0.5874668 0.45963937
vt 0.5877819 0.3846054
vt 0.5888874 0.4745953
vt 0.5887194 0.45976764
vt 0.5893001 0.4797848
vt 0.58912647 0.4911756
vt 0.5902768 0.49220634
vt 0.5901213 0.4937452
vt 0.59630764 0.4938544
vt 0.6031872 0.49858564
vt 0.59850633 0.49221212
vt 0.6031847 0.491082
vt 0.618893 0.4909979
vt 0.6188952 0.49857825
vt 0.6387609 0.49091965
vt 0.63876283 0.49848437
vt 0.6586323 0.49836725
vt 0.6586307 0.49080884
vt 0.66317195 0.49195963
vt 0.66462725 0.4936931
vt 0.6387594 0.48913723
vt 0.65862906 0.48901743
vt 0.66169465 0.4888456
vt 0.63875294 0.4803337
vt 0.65562284 0.48021126
vt 0.6387503 0.47518098
vt 0.651899 0.4750842
vt 0.6586249 0.48326898
vt 0.6743453 0.49848408
vt 0.6720761 0.4937529
vt 0.67434376 0.49094743
vt 0.69005936 0.4986369
vt 0.6900579 0.49106455
vt 0.7057745 0.4987263
vt 0.7057734 0.49114496
vt 0.67434233 0.48911554
vt 0.6900567 0.48927867
vt 0.7057721 0.48935592
vt 0.69004995 0.48044765
vt 0.70576566 0.48049867
vt 0.69004744 0.4752717
vt 0.67433316 0.47512364
vt 0.67433566 0.48034036
vt 0.7057633 0.47529626
vt 0.690031 0.38256145
vt 0.7057465 0.3825872
vt 0.6743316 0.45982128
vt 0.6729121 0.47477746
vt 0.6730775 0.45994848
vt 0.67250395 0.47995424
vt 0.6726941 0.4912359
vt 0.6715449 0.4922124
vt 0.66546315 0.49214393
vt 0.6644806 0.4914776
vt 0.66321737 0.48920518
vt 0.65954125 0.48273492
vt 0.65635765 0.47969437
vt 0.65534866 0.47880882
vt 0.6537684 0.47435153
vt 0.6537684 0.47435153
vt 0.653386 0.46142656
vt 0.65289414 0.46008414
vt 0.6387358 0.38250518
vt 0.65838087 0.38424873
vt 0.6188829 0.47514665
vt 0.6188854 0.48033762
vt 0.60617566 0.48021448
vt 0.6098937 0.47491157
vt 0.6188917 0.48920757
vt 0.60318327 0.4893062
vt 0.60011864 0.48926336
vt 0.60317916 0.4835503
vt 0.61886954 0.3824793
vt 0.608896 0.45997018
vt 0.598597 0.48970467
vt 0.597571 0.49170125
vt 0.59635603 0.49227214
vt 0.6016558 0.48314202
vt 0.6044604 0.47973824
vt 0.6057008 0.47862375
vt 0.60802436 0.47411144
vt 0.6084025 0.46130556
vt 0.60440326 0.38418818
vt 0.60440326 0.38418818
vt 0.5874668 0.45963937
vt 0.5877819 0.3846054
vt 0.22481847 0.6612679
vt 0.23868203 0.6649833
vt 0.2237041 0.66527283
vt 0.22748685 0.6582128
vt 0.23744798 0.6562668
vt 0.22502398 0.6691011
vt 0.22930098 0.6720998
vt 0.23492575 0.6728722
vt 0.22729564 0.67620516
vt 0.23397017 0.6772661
vt 0.22084069 0.6715002
vt 0.21859312 0.6655898
vt 0.2237041 0.66527283
vt 0.22481847 0.6612679
vt 0.22032595 0.6593623
vt 0.22481847 0.6612679
vt 0.22447443 0.6546122
vt 0.23784804 0.6516155
vt 0.23744798 0.6562668
vt 0.23184562 0.65075123
vt 0.22795796 0.6451957
vt 0.23613 0.6456773
vt 0.23619199 0.65057826
vt 0.23784804 0.6516155
vt 0.23623848 0.64521444
vt 0.22811079 0.6446967
vt 0.23565173 0.6231208
vt 0.23403811 0.62264085
vt 0.23171377 0.6204499
vt 0.22308922 0.64047503
vt 0.23072147 0.5946473
vt 0.22036767 0.60865426
vt 0.22828388 0.573547
vt 0.2198577 0.58462894
vt 0.22512507 0.5638783
vt 0.21627283 0.57365453
vt 0.20750403 0.5329521
vt 0.19627237 0.53855336
vt 0.21581292 0.57375455
vt 0.21931934 0.58460987
vt 0.19568634 0.53868055
vt 0.17838335 0.5119448
vt 0.1770351 0.51144505
vt 0.21989655 0.6066171
vt 0.21691537 0.591182
vt 0.21931934 0.58460987
vt 0.20723295 0.575565
vt 0.18276906 0.5414864
vt 0.16905856 0.50905776
vt 0.21646762 0.5914228
vt 0.21646762 0.5914228
vt 0.2195592 0.60679924
vt 0.20648289 0.5757811
vt 0.18187666 0.5416801
vt 0.15502739 0.504719
vt 0.21646762 0.5914228
vt 0.15719867 0.5055084
vt 0.15219522 0.50530076
vt 0.15121984 0.50419474
vt 0.14312959 0.50895786
vt 0.14092231 0.50830793
vt 0.21931934 0.58460987
vt 0.21627283 0.57365453
vt 0.2198577 0.58462894
vt 0.18214965 0.5112586
vt 0.19962358 0.5212312
vt 0.19174314 0.50950956
vt 0.13777852 0.5177448
vt 0.13420463 0.53083825
vt 0.2564435 0.68954074
vt 0.2461493 0.68670535
vt 0.25380158 0.69142663
vt 0.2376411 0.68331754
vt 0.24486756 0.6618258
vt 0.24231529 0.65867317
vt 0.24583101 0.66586983
vt 0.24436879 0.66964614
vt 0.2399826 0.6724826
vt 0.24942803 0.66008997
vt 0.24546003 0.6551876
vt 0.23784804 0.6516155
vt 0.23744798 0.6562668
vt 0.25092673 0.66637766
vt 0.24183297 0.67665994
vt 0.24845958 0.67219996
vt 0.24993324 0.65936124
vt 0.25705838 0.6490803
vt 0.24557471 0.6544024
vt 0.25676417 0.64795566
vt 0.24780273 0.6416409
vt 0.2518251 0.6095482
vt 0.26097178 0.613932
vt 0.25768209 0.5946791
vt 0.2670877 0.59870815
vt 0.2695744 0.5779028
vt 0.2789724 0.58192885
vt 0.29543948 0.54474664
vt 0.30483627 0.548772
vt 0.32229114 0.509248
vt 0.331697 0.5132773
vt 0.26944566 0.57786965
vt 0.25754833 0.59464455
vt 0.2953055 0.5447122
vt 0.32184505 0.50872123
vt 0.32046676 0.50799775
vt 0.2922535 0.5439286
vt 0.2663889 0.5770849
vt 0.25582552 0.5923419
vt 0.25216055 0.6075922
vt 0.25128388 0.60941565
vt 0.24737334 0.6411123
vt 0.24146104 0.59503114
vt 0.23950386 0.62077856
vt 0.24219751 0.6451433
vt 0.23709917 0.6228808
vt 0.24468637 0.57403684
vt 0.25269198 0.5854262
vt 0.24820471 0.5644927
vt 0.25668502 0.57459354
vt 0.2669704 0.5342481
vt 0.27798486 0.5402652
vt 0.25714087 0.5747106
vt 0.25323105 0.5854275
vt 0.2785654 0.54041433
vt 0.29685664 0.51434505
vt 0.29822302 0.513896
vt 0.24233127 0.64564764
vt 0.23823857 0.6510539
vt 0.2913692 0.5437014
vt 0.26564717 0.5768409
vt 0.2553873 0.5920844
vt 0.25323105 0.5854275
vt 0.25183058 0.6073973
vt 0.31826758 0.50870526
vt 0.306283 0.5118089
vt 0.25323105 0.5854275
vt 0.25269198 0.5854262
vt 0.25668502 0.57459354
vt 0.32327533 0.5086851
vt 0.32429147 0.50761664
vt 0.33219743 0.51267886
vt 0.33442807 0.512112
vt 0.27528405 0.5228298
vt 0.2931192 0.51351786
vt 0.28359723 0.5114114
vt 0.3372159 0.5216596
vt 0.34029746 0.5348784
vt 0.18615007 0.7268903
vt 0.18884826 0.7356416
vt 0.18884826 0.7356416
vt 0.18615007 0.7268903
vt 0.20208597 0.76199555
vt 0.20208597 0.76199555
vt 0.20812678 0.7775904
vt 0.20812678 0.7775904
vt 0.21143246 0.7859516
vt 0.21143246 0.7859516
vt 0.21622229 0.79375696
vt 0.21622229 0.79375696
vt 0.18884826 0.7356416
vt 0.18615007 0.7268903
vt 0.18884826 0.7356416
vt 0.18615007 0.7268903
vt 0.19980049 0.75740814
vt 0.21622229 0.79375696
vt 0.21143246 0.7859516
vt 0.21622229 0.79375696
vt 0.21143246 0.7859516
vt 0.20812678 0.7775904
vt 0.20812678 0.7775904
vt 0.20208597 0.76199555
vt 0.19047046 0.71214664
vt 0.18672442 0.7205031
vt 0.18672442 0.7205031
vt 0.19047046 0.71214664
vt 0.19551253 0.7047018
vt 0.19551253 0.7047018
vt 0.20985079 0.6936321
vt 0.20985079 0.6936321
vt 0.22260666 0.6860819
vt 0.22260666 0.6860819
vt 0.23123527 0.68301487
vt 0.23123527 0.68301487
vt 0.18672442 0.7205031
vt 0.19047046 0.71214664
vt 0.18672442 0.7205031
vt 0.19047046 0.71214664
vt 0.19551253 0.7047018
vt 0.19551253 0.7047018
vt 0.20985079 0.6936321
vt 0.22260666 0.6860819
vt 0.23123527 0.68301487
vt 0.22260666 0.6860819
vt 0.23123527 0.68301487
vt 0.20738459 0.6951914
vt 0.7992389 0.4324972
vt 0.8191881 0.42833477
vt 0.8191924 0.43247157
vt 0.7992301 0.428361
vt 0.8391516 0.42834884
vt 0.8391545 0.43247956
vt 0.8391516 0.4220956
vt 0.81918573 0.42209488
vt 0.8391516 0.40779036
vt 0.81918573 0.40779012
vt 0.79922736 0.42210728
vt 0.79922736 0.40779907
vt 0.22117352 0.7978326
vt 0.2299223 0.80053854
vt 0.2299223 0.80053854
vt 0.22117352 0.7978326
vt 0.25532842 0.8025776
vt 0.25532842 0.8025776
vt 0.27015615 0.80313146
vt 0.27015615 0.80313146
vt 0.27906394 0.80190897
vt 0.27906394 0.80190897
vt 0.28778434 0.799113
vt 0.28778434 0.799113
vt 0.28778434 0.799113
vt 0.27906394 0.80190897
vt 0.28778434 0.799113
vt 0.27906394 0.80190897
vt 0.27015615 0.80313146
vt 0.27015615 0.80313146
vt 0.25532842 0.8025776
vt 0.2299223 0.80053854
vt 0.22117352 0.7978326
vt 0.2299223 0.80053854
vt 0.22117352 0.7978326
vt 0.25120687 0.8023505
vt 0.045926094 0.42116755
vt 0.065895736 0.4215861
vt 0.065874964 0.42116755
vt 0.045942426 0.4215861
vt 0.08583787 0.4215861
vt 0.0858168 0.42116755
vt 0.08584377 0.4227001
vt 0.06589931 0.4227001
vt 0.08584377 0.42526942
vt 0.06589931 0.42526942
vt 0.04594651 0.4227001
vt 0.04594651 0.42526942
vt 0.2929206 0.79527295
vt 0.2976296 0.7874185
vt 0.2976296 0.7874185
vt 0.2929206 0.79527295
vt 0.30381203 0.7636688
vt 0.30381203 0.7636688
vt 0.30623293 0.74947345
vt 0.30623293 0.74947345
vt 0.3061576 0.74048257
vt 0.3061576 0.74048257
vt 0.30449772 0.7314763
vt 0.30449772 0.7314763
vt 0.30449772 0.7314763
vt 0.3061576 0.74048257
vt 0.30449772 0.7314763
vt 0.3061576 0.74048257
vt 0.30623293 0.74947345
vt 0.30623293 0.74947345
vt 0.30381203 0.7636688
vt 0.2976296 0.7874185
vt 0.2929206 0.79527295
vt 0.2976296 0.7874185
vt 0.2929206 0.79527295
vt 0.30307102 0.76750743
vt 0.23477301 0.42116755
vt 0.25462592 0.4215861
vt 0.25460798 0.42116755
vt 0.2347919 0.4215861
vt 0.27444655 0.4215861
vt 0.27443224 0.42116755
vt 0.27445263 0.4227001
vt 0.25463206 0.4227001
vt 0.27445263 0.42526942
vt 0.25463206 0.42526942
vt 0.23479721 0.4227001
vt 0.23479721 0.42526942
vt 0.30134487 0.72589195
vt 0.29415584 0.720219
vt 0.29415584 0.720219
vt 0.30134487 0.72589195
vt 0.26796007 0.7024455
vt 0.26796007 0.7024455
vt 0.25380158 0.69142663
vt 0.25380158 0.69142663
vt 0.2461493 0.68670535
vt 0.2461493 0.68670535
vt 0.2376411 0.68331754
vt 0.2376411 0.68331754
vt 0.2376411 0.68331754
vt 0.2461493 0.68670535
vt 0.2376411 0.68331754
vt 0.2461493 0.68670535
vt 0.25380158 0.69142663
vt 0.25380158 0.69142663
vt 0.26796007 0.7024455
vt 0.29415584 0.720219
vt 0.30134487 0.72589195
vt 0.29415584 0.720219
vt 0.30134487 0.72589195
vt 0.27252984 0.7058227
vt 0.42261878 0.42116755
vt 0.44238257 0.4215861
vt 0.4423915 0.42116755
vt 0.42261276 0.4215861
vt 0.46215257 0.4215861
vt 0.46216342 0.42116755
vt 0.46215 0.4227001
vt 0.44238055 0.4227001
vt 0.46215 0.42526942
vt 0.44238055 0.42526942
vt 0.42261133 0.4227001
vt 0.42261133 0.42526942
vt 0.61043894 0.42116755
vt 0.6302589 0.4215861
vt 0.6302819 0.42116755
vt 0.6104152 0.4215861
vt 0.6501155 0.4215861
vt 0.6501392 0.42116755
vt 0.6501092 0.4227001
vt 0.630252 0.4227001
vt 0.6501092 0.42526942
vt 0.630252 0.42526942
vt 0.6104089 0.4227001
vt 0.6104089 0.42526942
vt 0.18884826 0.7356416
vt 0.19980049 0.75740814
vt 0.20208597 0.76199555
vt 0.20985079 0.6936321
vt 0.20738459 0.6951914
vt 0.19551253 0.7047018
vt 0.2299223 0.80053854
vt 0.25120687 0.8023505
vt 0.25532842 0.8025776
vt 0.20208597 0.76199555
vt 0.19980049 0.75740814
vt 0.20812678 0.7775904
vt 0.2976296 0.7874185
vt 0.30307102 0.76750743
vt 0.30381203 0.7636688
vt 0.25532842 0.8025776
vt 0.25120687 0.8023505
vt 0.27015615 0.80313146
vt 0.29415584 0.720219
vt 0.27252984 0.7058227
vt 0.26796007 0.7024455
vt 0.30381203 0.7636688
vt 0.30307102 0.76750743
vt 0.30623293 0.74947345
vt 0.22260666 0.6860819
vt 0.20738459 0.6951914
vt 0.20985079 0.6936321
vt 0.26796007 0.7024455
vt 0.27252984 0.7058227
vt 0.25380158 0.69142663
vt 0.84726024 0.4988075
vt 0.82737625 0.5010958
vt 0.8273746 0.4989043
vt 0.8472614 0.5010011
vt 0.8629843 0.49888045
vt 0.8472614 0.5010011
vt 0.84726024 0.4988075
vt 0.8629854 0.50107354
vt 0.87870896 0.49898964
vt 0.8629854 0.50107354
vt 0.8629843 0.49888045
vt 0.8787099 0.50118196
vt 0.8944335 0.4990592
vt 0.8787099 0.50118196
vt 0.87870896 0.49898964
vt 0.89443445 0.50125253
vt 0.8273746 0.4989043
vt 0.80749214 0.50112295
vt 0.8074901 0.498931
vt 0.82737625 0.5010958
vt 0.8074901 0.498931
vt 0.7917701 0.5009688
vt 0.7917683 0.49877578
vt 0.80749214 0.50112295
vt 0.7917683 0.49877578
vt 0.7760489 0.50095296
vt 0.77604675 0.49876016
vt 0.7917701 0.5009688
vt 0.77604675 0.49876016
vt 0.76032853 0.5010109
vt 0.7603264 0.4988191
vt 0.7760489 0.50095296
vt 0.7603264 0.4988191
vt 0.74460924 0.50101936
vt 0.744607 0.49882758
vt 0.76032853 0.5010109
vt 0.744607 0.49882758
vt 0.72524726 0.50093627
vt 0.725245 0.49874347
vt 0.74460924 0.50101936
vt 0.9141371 0.49890715
vt 0.89443445 0.50125253
vt 0.8944335 0.4990592
vt 0.91413736 0.5011013
vt 0.09318584 0.49852324
vt 0.07330319 0.500824
vt 0.07330418 0.4986319
vt 0.0931845 0.5007155
vt 0.10890555 0.4985531
vt 0.0931845 0.5007155
vt 0.09318584 0.49852324
vt 0.10890409 0.50074565
vt 0.12462437 0.49863297
vt 0.10890409 0.50074565
vt 0.10890555 0.4985531
vt 0.12462252 0.50082445
vt 0.14034158 0.4986605
vt 0.12462252 0.50082445
vt 0.12462437 0.49863297
vt 0.14033973 0.5008517
vt 0.07330418 0.4986319
vt 0.053420544 0.5008451
vt 0.0534212 0.49865305
vt 0.07330319 0.500824
vt 0.0534212 0.49865305
vt 0.03769797 0.5006362
vt 0.037698567 0.49844235
vt 0.053420544 0.5008451
vt 0.037698567 0.49844235
vt 0.021974564 0.5005008
vt 0.021974862 0.49830562
vt 0.03769797 0.5006362
vt 0.9647326 0.49906212
vt 0.9490084 0.501269
vt 0.9490085 0.49907583
vt 0.96473235 0.50125515
vt 0.9490085 0.49907583
vt 0.93328446 0.50129354
vt 0.93328446 0.4990999
vt 0.9490084 0.501269
vt 0.93328446 0.4990999
vt 0.91413736 0.5011013
vt 0.9141371 0.49890715
vt 0.93328446 0.50129354
vt 0.16027686 0.49859065
vt 0.14033973 0.5008517
vt 0.14034158 0.4986605
vt 0.16027454 0.50078213
vt 0.28174314 0.4982456
vt 0.26187736 0.50059736
vt 0.2618796 0.49840826
vt 0.281741 0.50043654
vt 0.2974485 0.4982739
vt 0.281741 0.50043654
vt 0.28174314 0.4982456
vt 0.29744646 0.500463
vt 0.31315288 0.4983765
vt 0.29744646 0.500463
vt 0.2974485 0.4982739
vt 0.31315097 0.5005648
vt 0.3288562 0.4983995
vt 0.31315097 0.5005648
vt 0.31315288 0.4983765
vt 0.32885447 0.5005878
vt 0.2618796 0.49840826
vt 0.2420119 0.5006658
vt 0.2420142 0.49847645
vt 0.26187736 0.50059736
vt 0.2420142 0.49847645
vt 0.22630253 0.5005466
vt 0.22630492 0.4983548
vt 0.2420119 0.5006658
vt 0.22630492 0.4983548
vt 0.2105918 0.500628
vt 0.21059406 0.49843705
vt 0.22630253 0.5005466
vt 0.21059406 0.49843705
vt 0.19488001 0.50075305
vt 0.19488224 0.4985624
vt 0.2105918 0.500628
vt 0.19488224 0.4985624
vt 0.179167 0.500821
vt 0.17916912 0.4986295
vt 0.19488001 0.50075305
vt 0.17916912 0.4986295
vt 0.16027454 0.50078213
vt 0.16027686 0.49859065
vt 0.179167 0.500821
vt 0.3487008 0.49854892
vt 0.32885447 0.5005878
vt 0.3288562 0.4983995
vt 0.34869936 0.50073564
vt 0.47016641 0.49835795
vt 0.4503098 0.50051856
vt 0.45031 0.49833047
vt 0.47016627 0.5005444
vt 0.4858675 0.49835008
vt 0.47016627 0.5005444
vt 0.47016641 0.49835795
vt 0.48586777 0.5005381
vt 0.50156903 0.49836433
vt 0.48586777 0.5005381
vt 0.4858675 0.49835008
vt 0.50156945 0.5005516
vt 0.517271 0.49836034
vt 0.50156945 0.5005516
vt 0.50156903 0.49836433
vt 0.5172719 0.50054705
vt 0.45031 0.49833047
vt 0.43045387 0.50061214
vt 0.43045428 0.4984241
vt 0.4503098 0.50051856
vt 0.43045428 0.4984241
vt 0.414753 0.5006608
vt 0.4147538 0.49847323
vt 0.43045387 0.50061214
vt 0.4147538 0.49847323
vt 0.39905238 0.5005859
vt 0.3990534 0.4983968
vt 0.414753 0.5006608
vt 0.3990534 0.4983968
vt 0.38335115 0.50059783
vt 0.38335258 0.49840957
vt 0.39905238 0.5005859
vt 0.38335258 0.49840957
vt 0.36765006 0.5005926
vt 0.36765125 0.4984045
vt 0.38335115 0.50059783
vt 0.36765125 0.4984045
vt 0.34869936 0.50073564
vt 0.3487008 0.49854892
vt 0.36765006 0.5005926
vt 0.53682935 0.4985333
vt 0.5172719 0.50054705
vt 0.517271 0.49836034
vt 0.5368303 0.5007205
vt 0.6586323 0.49836725
vt 0.638765 0.5006738
vt 0.63876283 0.49848437
vt 0.6586348 0.5005603
vt 0.6743453 0.49848408
vt 0.6586348 0.5005603
vt 0.6586323 0.49836725
vt 0.6743477 0.50067425
vt 0.69005936 0.4986369
vt 0.6743477 0.50067425
vt 0.6743453 0.49848408
vt 0.6900617 0.5008266
vt 0.7057745 0.4987263
vt 0.6900617 0.5008266
vt 0.69005936 0.4986369
vt 0.705777 0.5009165
vt 0.63876283 0.49848437
vt 0.61889756 0.50076735
vt 0.6188952 0.49857825
vt 0.638765 0.5006738
vt 0.6188952 0.49857825
vt 0.603189 0.50077426
vt 0.6031872 0.49858564
vt 0.61889756 0.50076735
vt 0.6031872 0.49858564
vt 0.5874817 0.5006447
vt 0.5874799 0.4984545
vt 0.603189 0.50077426
vt 0.5874799 0.4984545
vt 0.5717754 0.50062907
vt 0.57177407 0.4984402
vt 0.5874817 0.5006447
vt 0.57177407 0.4984402
vt 0.5560703 0.5005952
vt 0.5560691 0.49840742
vt 0.5717754 0.50062907
vt 0.5560691 0.49840742
vt 0.5368303 0.5007205
vt 0.53682935 0.4985333
vt 0.5560703 0.5005952
vt 0.725245 0.49874347
vt 0.705777 0.5009165
vt 0.7057745 0.4987263
vt 0.72524726 0.50093627
vt 0.84724414 0.32085264
vt 0.827356 0.33854878
vt 0.827356 0.32084894
vt 0.84724414 0.33854294
vt 0.8629712 0.3208534
vt 0.84724414 0.33854294
vt 0.84724414 0.32085264
vt 0.8629712 0.33854556
vt 0.87869835 0.32084656
vt 0.8629712 0.33854556
vt 0.8629712 0.3208534
vt 0.87869835 0.33853555
vt 0.89442575 0.320841
vt 0.87869835 0.33853555
vt 0.87869835 0.32084656
vt 0.89442575 0.33852416
vt 0.827356 0.32084894
vt 0.80746937 0.33852547
vt 0.80746937 0.32083595
vt 0.827356 0.33854878
vt 0.80746937 0.32083595
vt 0.7917454 0.33852124
vt 0.7917454 0.32083178
vt 0.80746937 0.33852547
vt 0.7917454 0.32083178
vt 0.7760227 0.33850485
vt 0.7760227 0.3208167
vt 0.7917454 0.33852124
vt 0.7760227 0.3208167
vt 0.7603009 0.33847606
vt 0.7603009 0.32079315
vt 0.7760227 0.33850485
vt 0.7603009 0.32079315
vt 0.7445806 0.33844644
vt 0.7445806 0.32076854
vt 0.7603009 0.33847606
vt 0.7445806 0.32076854
vt 0.72521794 0.33843583
vt 0.72521794 0.3207479
vt 0.7445806 0.33844644
vt 0.91413236 0.32086742
vt 0.89442575 0.33852416
vt 0.89442575 0.320841
vt 0.91413236 0.3385908
vt 0.09320256 0.3207006
vt 0.073317796 0.3384139
vt 0.073317796 0.32072067
vt 0.09320256 0.3383885
vt 0.10892454 0.32069027
vt 0.09320256 0.3383885
vt 0.09320256 0.3207006
vt 0.10892454 0.33837795
vt 0.12464499 0.32067388
vt 0.10892454 0.33837795
vt 0.10892454 0.32069027
vt 0.12464499 0.33835334
vt 0.14036426 0.32065934
vt 0.12464499 0.33835334
vt 0.12464499 0.32067388
vt 0.14036426 0.3383351
vt 0.073317796 0.32072067
vt 0.05343169 0.33841604
vt 0.05343169 0.32073128
vt 0.073317796 0.3384139
vt 0.05343169 0.32073128
vt 0.03770566 0.33843744
vt 0.03770566 0.32074106
vt 0.05343169 0.33841604
vt 0.03770566 0.32074106
vt 0.02197951 0.3384446
vt 0.02197951 0.320745
vt 0.03770566 0.33843744
vt 0.96473724 0.32084632
vt 0.94901067 0.33853054
vt 0.94901067 0.32084203
vt 0.96473724 0.33853662
vt 0.94901067 0.32084203
vt 0.9332835 0.33852416
vt 0.9332835 0.32084125
vt 0.94901067 0.33853054
vt 0.9332835 0.32084125
vt 0.91413236 0.3385908
vt 0.91413236 0.32086742
vt 0.9332835 0.33852416
vt 0.16030124 0.3206575
vt 0.14036426 0.3383351
vt 0.14036426 0.32065934
vt 0.16030124 0.33834833
vt 0.281769 0.32062393
vt 0.26190636 0.33831263
vt 0.26190636 0.3206334
vt 0.281769 0.33829415
vt 0.29747316 0.3206197
vt 0.281769 0.33829415
vt 0.281769 0.32062393
vt 0.29747316 0.3382883
vt 0.31317624 0.32060856
vt 0.29747316 0.3382883
vt 0.29747316 0.3206197
vt 0.31317624 0.33827192
vt 0.32887825 0.320598
vt 0.31317624 0.33827192
vt 0.31317624 0.32060856
vt 0.32887825 0.33826238
vt 0.26190636 0.3206334
vt 0.24204156 0.3383084
vt 0.24204156 0.3206371
vt 0.26190636 0.33831263
vt 0.24204156 0.3206371
vt 0.22633228 0.33832693
vt 0.22633228 0.32064664
vt 0.24204156 0.3383084
vt 0.22633228 0.32064664
vt 0.21062142 0.33832848
vt 0.21062142 0.32065034
vt 0.22633228 0.33832693
vt 0.21062142 0.32065034
vt 0.19490889 0.3383187
vt 0.19490889 0.32064772
vt 0.21062142 0.33832848
vt 0.19490889 0.32064772
vt 0.17919463 0.33831763
vt 0.17919463 0.32064426
vt 0.19490889 0.3383187
vt 0.17919463 0.32064426
vt 0.16030124 0.33834833
vt 0.16030124 0.3206575
vt 0.17919463 0.33831763
vt 0.3487204 0.32057106
vt 0.32887825 0.33826238
vt 0.32887825 0.320598
vt 0.3487204 0.33820182
vt 0.47016576 0.3205893
vt 0.4503132 0.33825552
vt 0.4503132 0.3205861
vt 0.47016576 0.33824968
vt 0.48586386 0.32059324
vt 0.47016576 0.33824968
vt 0.47016576 0.3205893
vt 0.48586386 0.33825392
vt 0.50156254 0.32059085
vt 0.48586386 0.33825392
vt 0.48586386 0.32059324
vt 0.50156254 0.33824944
vt 0.51726246 0.32059008
vt 0.50156254 0.33824944
vt 0.50156254 0.32059085
vt 0.51726246 0.33825392
vt 0.4503132 0.3205861
vt 0.4304609 0.33824253
vt 0.4304609 0.3205824
vt 0.4503132 0.33825552
vt 0.4304609 0.3205824
vt 0.41476324 0.33825552
vt 0.41476324 0.32059216
vt 0.4304609 0.33824253
vt 0.41476324 0.32059216
vt 0.3990652 0.33825922
vt 0.3990652 0.32059854
vt 0.41476324 0.33825552
vt 0.3990652 0.32059854
vt 0.38336712 0.33825338
vt 0.38336712 0.3205964
vt 0.3990652 0.33825922
vt 0.38336712 0.3205964
vt 0.36766836 0.33825368
vt 0.36766836 0.32059246
vt 0.38336712 0.33825338
vt 0.36766836 0.32059246
vt 0.3487204 0.33820182
vt 0.3487204 0.32057106
vt 0.36766836 0.33825368
vt 0.5368171 0.32057393
vt 0.51726246 0.33825392
vt 0.51726246 0.32059008
vt 0.5368171 0.3382045
vt 0.6586065 0.32069743
vt 0.63873804 0.33836818
vt 0.63873804 0.32068712
vt 0.6586065 0.33836818
vt 0.6743184 0.32070774
vt 0.6586065 0.33836818
vt 0.6586065 0.32069743
vt 0.6743184 0.3383811
vt 0.6900322 0.32071304
vt 0.6743184 0.3383811
vt 0.6743184 0.32070774
vt 0.6900322 0.33838612
vt 0.7057471 0.3207212
vt 0.6900322 0.33838612
vt 0.6900322 0.32071304
vt 0.7057471 0.3383959
vt 0.63873804 0.32068712
vt 0.6188723 0.33834565
vt 0.6188723 0.32067603
vt 0.63873804 0.33836818
vt 0.6188723 0.32067603
vt 0.60316545 0.33834833
vt 0.60316545 0.3206752
vt 0.6188723 0.33834565
vt 0.60316545 0.3206752
vt 0.5874603 0.33833987
vt 0.5874603 0.3206625
vt 0.60316545 0.33834833
vt 0.5874603 0.3206625
vt 0.5717564 0.33830917
vt 0.5717564 0.3206371
vt 0.5874603 0.33833987
vt 0.5717564 0.3206371
vt 0.5560536 0.3382846
vt 0.5560536 0.3206144
vt 0.5717564 0.33830917
vt 0.5560536 0.3206144
vt 0.5368171 0.3382045
vt 0.5368171 0.32057393
vt 0.5560536 0.3382846
vt 0.72521794 0.3207479
vt 0.7057471 0.3383959
vt 0.7057471 0.3207212
vt 0.72521794 0.33843583
vt 0.84724414 0.33854294
vt 0.8273524 0.35073072
vt 0.827356 0.33854878
vt 0.84724104 0.3507384
vt 0.8629712 0.33854556
vt 0.84724104 0.3507384
vt 0.84724414 0.33854294
vt 0.86296856 0.3507532
vt 0.87869835 0.33853555
vt 0.86296856 0.3507532
vt 0.8629712 0.33854556
vt 0.8786962 0.35072702
vt 0.89442575 0.33852416
vt 0.8786962 0.35072702
vt 0.87869835 0.33853555
vt 0.89442396 0.35070825
vt 0.8787017 0.38275766
vt 0.8944293 0.38276827
vt 0.827356 0.33854878
vt 0.8074652 0.35070747
vt 0.80746937 0.33852547
vt 0.8273524 0.35073072
vt 0.8074714 0.38271642
vt 0.8273585 0.38273466
vt 0.80746937 0.33852547
vt 0.7917409 0.3507225
vt 0.7917454 0.33852124
vt 0.8074652 0.35070747
vt 0.7917454 0.33852124
vt 0.7760178 0.35070324
vt 0.7760227 0.33850485
vt 0.7917409 0.3507225
vt 0.7760227 0.33850485
vt 0.760296 0.3506593
vt 0.7603009 0.33847606
vt 0.7760178 0.35070324
vt 0.7603009 0.33847606
vt 0.7445754 0.35062468
vt 0.7445806 0.33844644
vt 0.760296 0.3506593
vt 0.7445811 0.38264632
vt 0.76030195 0.38266516
vt 0.7445806 0.33844644
vt 0.7252126 0.3506112
vt 0.72521794 0.33843583
vt 0.7445754 0.35062468
vt 0.72518575 0.3826176
vt 0.7445811 0.38264632
vt 0.91413236 0.3385908
vt 0.89442396 0.35070825
vt 0.89442575 0.33852416
vt 0.9141314 0.35077566
vt 0.8944293 0.38276827
vt 0.91413414 0.38277566
vt 0.09320256 0.3383885
vt 0.07332051 0.35059297
vt 0.073317796 0.3384139
vt 0.09320578 0.35058028
vt 0.10892454 0.33837795
vt 0.09320578 0.35058028
vt 0.09320256 0.3383885
vt 0.10892829 0.35058182
vt 0.12464499 0.33835334
vt 0.10892829 0.35058182
vt 0.10892454 0.33837795
vt 0.12464908 0.35054058
vt 0.14036426 0.3383351
vt 0.12464908 0.35054058
vt 0.12464499 0.33835334
vt 0.14036855 0.3505147
vt 0.12464815 0.38253665
vt 0.14036682 0.38253212
vt 0.073317796 0.3384139
vt 0.053433627 0.35059798
vt 0.05343169 0.33841604
vt 0.07332051 0.35059297
vt 0.053435475 0.38257897
vt 0.07332149 0.38257158
vt 0.05343169 0.33841604
vt 0.03770733 0.35064054
vt 0.03770566 0.33843744
vt 0.053433627 0.35059798
vt 0.03770566 0.33843744
vt 0.021980584 0.3506477
vt 0.02197951 0.3384446
vt 0.03770733 0.35064054
vt 0.96473724 0.33853662
vt 0.949011 0.35072434
vt 0.94901067 0.33853054
vt 0.9647383 0.35073972
vt 0.94901067 0.33853054
vt 0.93328327 0.35071033
vt 0.9332835 0.33852416
vt 0.949011 0.35072434
vt 0.9332872 0.38277912
vt 0.9490145 0.38277674
vt 0.9332835 0.33852416
vt 0.9141314 0.35077566
vt 0.91413236 0.3385908
vt 0.93328327 0.35071033
vt 0.91413414 0.38277566
vt 0.9332872 0.38277912
vt 0.16030124 0.33834833
vt 0.14036855 0.3505147
vt 0.14036426 0.3383351
vt 0.16030613 0.35052633
vt 0.14036682 0.38253212
vt 0.16033456 0.3825215
vt 0.281769 0.33829415
vt 0.26191145 0.35048717
vt 0.26190636 0.33831263
vt 0.28177407 0.35048085
vt 0.29747316 0.3382883
vt 0.28177407 0.35048085
vt 0.281769 0.33829415
vt 0.29747805 0.35048187
vt 0.31317624 0.33827192
vt 0.29747805 0.35048187
vt 0.29747316 0.3382883
vt 0.31318107 0.35044992
vt 0.32887825 0.33826238
vt 0.31318107 0.35044992
vt 0.31317624 0.33827192
vt 0.3288826 0.35043877
vt 0.31317493 0.38241506
vt 0.3288763 0.38241076
vt 0.26190636 0.33831263
vt 0.24204686 0.35048825
vt 0.24204156 0.3383084
vt 0.26191145 0.35048717
vt 0.24204177 0.3824613
vt 0.2619062 0.38244987
vt 0.24204156 0.3383084
vt 0.22633758 0.35052657
vt 0.22633228 0.33832693
vt 0.24204686 0.35048825
vt 0.22633228 0.33832693
vt 0.21062669 0.35052526
vt 0.21062142 0.33832848
vt 0.22633758 0.35052657
vt 0.21062142 0.33832848
vt 0.19491425 0.3505025
vt 0.19490889 0.3383187
vt 0.21062669 0.35052526
vt 0.19490889 0.3383187
vt 0.17919973 0.35049617
vt 0.17919463 0.33831763
vt 0.19491425 0.3505025
vt 0.17919683 0.38250804
vt 0.1949104 0.3824941
vt 0.17919463 0.33831763
vt 0.16030613 0.35052633
vt 0.16030124 0.33834833
vt 0.17919973 0.35049617
vt 0.16033456 0.3825215
vt 0.17919683 0.38250804
vt 0.3487204 0.33820182
vt 0.3288826 0.35043877
vt 0.32887825 0.33826238
vt 0.3487241 0.35037374
vt 0.3288763 0.38241076
vt 0.34873888 0.38240314
vt 0.47016576 0.33824968
vt 0.4503138 0.35042453
vt 0.4503132 0.33825552
vt 0.4701656 0.3504306
vt 0.48586386 0.33825392
vt 0.4701656 0.3504306
vt 0.47016576 0.33824968
vt 0.48586327 0.35044354
vt 0.50156254 0.33824944
vt 0.48586327 0.35044354
vt 0.48586386 0.33825392
vt 0.50156134 0.35042745
vt 0.51726246 0.33825392
vt 0.50156134 0.35042745
vt 0.50156254 0.33824944
vt 0.51726055 0.35043037
vt 0.5015586 0.38238192
vt 0.51725835 0.38239646
vt 0.4503132 0.33825552
vt 0.4304622 0.350415
vt 0.4304609 0.33824253
vt 0.4503138 0.35042453
vt 0.43045726 0.38236737
vt 0.45030957 0.38236666
vt 0.4304609 0.33824253
vt 0.4147651 0.3504483
vt 0.41476324 0.33825552
vt 0.4304622 0.350415
vt 0.41476324 0.33825552
vt 0.3990677 0.35045546
vt 0.3990652 0.33825922
vt 0.4147651 0.3504483
vt 0.3990652 0.33825922
vt 0.38336992 0.350433
vt 0.38336712 0.33825338
vt 0.3990677 0.35045546
vt 0.38336712 0.33825338
vt 0.36767158 0.35043085
vt 0.36766836 0.33825368
vt 0.38336992 0.350433
vt 0.3676655 0.382393
vt 0.38336402 0.38238168
vt 0.36766836 0.33825368
vt 0.3487241 0.35037374
vt 0.3487204 0.33820182
vt 0.36767158 0.35043085
vt 0.34873888 0.38240314
vt 0.3676655 0.382393
vt 0.5368171 0.3382045
vt 0.51726055 0.35043037
vt 0.51726246 0.33825392
vt 0.5368148 0.35037744
vt 0.51725835 0.38239646
vt 0.5367956 0.38241267
vt 0.6586065 0.33836818
vt 0.63873315 0.3505422
vt 0.63873804 0.33836818
vt 0.6586013 0.3505565
vt 0.6743184 0.3383811
vt 0.6586013 0.3505565
vt 0.6586065 0.33836818
vt 0.6743131 0.3505752
vt 0.6900322 0.33838612
vt 0.6743131 0.3505752
vt 0.6743184 0.3383811
vt 0.69002676 0.35056728
vt 0.7057471 0.3383959
vt 0.69002676 0.35056728
vt 0.6900322 0.33838612
vt 0.70574164 0.3505739
vt 0.690031 0.38256145
vt 0.7057465 0.3825872
vt 0.63873804 0.33836818
vt 0.61886764 0.35052288
vt 0.6188723 0.33834565
vt 0.63873315 0.3505422
vt 0.61886954 0.3824793
vt 0.6387358 0.38250518
vt 0.6188723 0.33834565
vt 0.60316133 0.35054988
vt 0.60316545 0.33834833
vt 0.61886764 0.35052288
vt 0.60316545 0.33834833
vt 0.58745646 0.35054988
vt 0.5874603 0.33833987
vt 0.60316133 0.35054988
vt 0.5874603 0.33833987
vt 0.57175297 0.35049117
vt 0.5717564 0.33830917
vt 0.58745646 0.35054988
vt 0.5717564 0.33830917
vt 0.5560506 0.35046124
vt 0.5560536 0.3382846
vt 0.57175297 0.35049117
vt 0.55605006 0.38242447
vt 0.57175297 0.38243115
vt 0.5560536 0.3382846
vt 0.5368148 0.35037744
vt 0.5368171 0.3382045
vt 0.5560506 0.35046124
vt 0.5367956 0.38241267
vt 0.55605006 0.38242447
vt 0.72521794 0.33843583
vt 0.70574164 0.3505739
vt 0.7057471 0.3383959
vt 0.7252126 0.3506112
vt 0.7057465 0.3825872
vt 0.72518575 0.3826176
vt 0.84724104 0.3507384
vt 0.8273585 0.38273466
vt 0.8273524 0.35073072
vt 0.8484857 0.3844719
vt 0.86296856 0.3507532
vt 0.8484857 0.3844719
vt 0.84724104 0.3507384
vt 0.8653225 0.38448358
vt 0.8786962 0.35072702
vt 0.8653225 0.38448358
vt 0.86296856 0.3507532
vt 0.8787017 0.38275766
vt 0.8074652 0.35070747
vt 0.79267526 0.38443124
vt 0.7917409 0.3507225
vt 0.8074714 0.38271642
vt 0.7917409 0.3507225
vt 0.77697885 0.3844124
vt 0.7760178 0.35070324
vt 0.79267526 0.38443124
vt 0.7760178 0.35070324
vt 0.76030195 0.38266516
vt 0.760296 0.3506593
vt 0.77697885 0.3844124
vt 0.09320578 0.35058028
vt 0.07332149 0.38257158
vt 0.07332051 0.35059297
vt 0.094294935 0.38428235
vt 0.10892829 0.35058182
vt 0.094294935 0.38428235
vt 0.09320578 0.35058028
vt 0.11206946 0.38427496
vt 0.12464908 0.35054058
vt 0.11206946 0.38427496
vt 0.10892829 0.35058182
vt 0.12464815 0.38253665
vt 0.053433627 0.35059798
vt 0.039141357 0.3843093
vt 0.03770733 0.35064054
vt 0.053435475 0.38257897
vt 0.03770733 0.35064054
vt 0.02272755 0.38430452
vt 0.021980584 0.3506477
vt 0.039141357 0.3843093
vt 0.9647383 0.35073972
vt 0.9490145 0.38277674
vt 0.949011 0.35072434
vt 0.9654853 0.38451314
vt 0.28177407 0.35048085
vt 0.2619062 0.38244987
vt 0.26191145 0.35048717
vt 0.28202632 0.38415694
vt 0.29747805 0.35048187
vt 0.28202632 0.38415694
vt 0.28177407 0.35048085
vt 0.29936853 0.38414907
vt 0.31318107 0.35044992
vt 0.29936853 0.38414907
vt 0.29747805 0.35048187
vt 0.31317493 0.38241506
vt 0.24204686 0.35048825
vt 0.22818056 0.3841982
vt 0.22633758 0.35052657
vt 0.24204177 0.3824613
vt 0.22633758 0.35052657
vt 0.2116771 0.38420856
vt 0.21062669 0.35052526
vt 0.22818056 0.3841982
vt 0.21062669 0.35052526
vt 0.1949104 0.3824941
vt 0.19491425 0.3505025
vt 0.2116771 0.38420856
vt 0.4701656 0.3504306
vt 0.45030957 0.38236666
vt 0.4503138 0.35042453
vt 0.47021618 0.384089
vt 0.48586327 0.35044354
vt 0.47021618 0.384089
vt 0.4701656 0.3504306
vt 0.48705414 0.38409913
vt 0.50156134 0.35042745
vt 0.48705414 0.38409913
vt 0.48586327 0.35044354
vt 0.5015586 0.38238192
vt 0.4304622 0.350415
vt 0.41482934 0.38409483
vt 0.4147651 0.3504483
vt 0.43045726 0.38236737
vt 0.4147651 0.3504483
vt 0.3981231 0.384102
vt 0.3990677 0.35045546
vt 0.41482934 0.38409483
vt 0.3990677 0.35045546
vt 0.38336402 0.38238168
vt 0.38336992 0.350433
vt 0.3981231 0.384102
vt 0.6586013 0.3505565
vt 0.6387358 0.38250518
vt 0.63873315 0.3505422
vt 0.65838087 0.38424873
vt 0.6743131 0.3505752
vt 0.65838087 0.38424873
vt 0.6586013 0.3505565
vt 0.67516595 0.38427043
vt 0.69002676 0.35056728
vt 0.67516595 0.38427043
vt 0.6743131 0.3505752
vt 0.690031 0.38256145
vt 0.61886764 0.35052288
vt 0.60440326 0.38418818
vt 0.60316133 0.35054988
vt 0.61886954 0.3824793
vt 0.60316133 0.35054988
vt 0.5877819 0.3846054
vt 0.58745646 0.35054988
vt 0.60440326 0.38418818
vt 0.58745646 0.35054988
vt 0.57175297 0.38243115
vt 0.57175297 0.35049117
vt 0.5877819 0.3846054
vt 0.79267526 0.38443124
vt 0.7760383 0.46002072
vt 0.77697885 0.3844124
vt 0.7974887 0.46038133
vt 0.8484857 0.3844719
vt 0.8629832 0.46014422
vt 0.84152794 0.46045274
vt 0.8653225 0.38448358
vt 0.8653225 0.38448358
vt 0.039141357 0.3843093
vt 0.021982789 0.45996803
vt 0.02272755 0.38430452
vt 0.043436408 0.46021765
vt 0.094294935 0.38428235
vt 0.10891852 0.45984644
vt 0.08747086 0.46019834
vt 0.11206946 0.38427496
vt 0.2116771 0.38420856
vt 0.22818056 0.3841982
vt 0.2106078 0.4597513
vt 0.2116771 0.38420856
vt 0.23204157 0.46002334
vt 0.28202632 0.38415694
vt 0.28202632 0.38415694
vt 0.29745796 0.4596513
vt 0.27603173 0.46000165
vt 0.29936853 0.38414907
vt 0.3981231 0.384102
vt 0.47021618 0.384089
vt 0.48586023 0.45956427
vt 0.46444058 0.45983273
vt 0.48705414 0.38409913
vt 0.48705414 0.38409913
vt 0.65838087 0.38424873
vt 0.6743316 0.45982128
vt 0.65289414 0.46008414
vt 0.67516595 0.38427043
vt 0.67516595 0.38427043
vt 0.7258377 0.90976983
vt 0.76251435 0.9146734
vt 0.7594478 0.92444485
vt 0.7308582 0.9008521
vt 0.796337 0.92158103
vt 0.795362 0.9317793
vt 0.8308524 0.9212733
vt 0.8320079 0.93145233
vt 0.86454815 0.91376334
vt 0.867786 0.9234786
vt 0.8959554 0.8993797
vt 0.90113235 0.9082063
vt 0.9236969 0.87875074
vt 0.93058836 0.8863031
vt 0.9465649 0.8527782
vt 0.9548675 0.85872626
vt 0.9635564 0.82259715
vt 0.97291017 0.82668084
vt 0.9739307 0.7895266
vt 0.983925 0.7915678
vt 0.977234 0.75501204
vt 0.9874316 0.7549212
vt 0.97332084 0.720562
vt 0.9832777 0.7183429
vt 0.9623649 0.6876816
vt 0.9716437 0.68343157
vt 0.944841 0.6578084
vt 0.9530393 0.65171313
vt 0.9215181 0.6322479
vt 0.92827606 0.62457365
vt 0.89341575 0.6121172
vt 0.8984362 0.6031994
vt 0.8617594 0.59829587
vt 0.86482626 0.5885244
vt 0.8279369 0.59138805
vt 0.8289118 0.58119
vt 0.7934228 0.59169596
vt 0.792266 0.58151674
vt 0.7597258 0.5992059
vt 0.7564881 0.58949065
vt 0.72831976 0.6135896
vt 0.72314155 0.6047628
vt 0.700577 0.6342185
vt 0.6936855 0.62666595
vt 0.677709 0.6601912
vt 0.6694064 0.6542428
vt 0.66071737 0.6903721
vt 0.6513637 0.6862883
vt 0.6503446 0.72344244
vt 0.6403489 0.72140145
vt 0.64704126 0.7579571
vt 0.63684225 0.75804824
vt 0.6509532 0.79240716
vt 0.6409963 0.79462624
vt 0.661909 0.82528746
vt 0.6526302 0.8295375
vt 0.6794329 0.8551606
vt 0.6712347 0.8612561
vt 0.70275563 0.88072115
vt 0.69599915 0.8883954
vt 0.7308582 0.9008521
vt 0.8121369 0.7564846
vt 0.76251435 0.9146734
vt 0.796337 0.92158103
vt 0.8308524 0.9212733
vt 0.86454815 0.91376334
vt 0.8959554 0.8993797
vt 0.9236969 0.87875074
vt 0.9465649 0.8527782
vt 0.9635564 0.82259715
vt 0.9739307 0.7895266
vt 0.977234 0.75501204
vt 0.97332084 0.720562
vt 0.9623649 0.6876816
vt 0.944841 0.6578084
vt 0.9215181 0.6322479
vt 0.89341575 0.6121172
vt 0.8617594 0.59829587
vt 0.8279369 0.59138805
vt 0.7934228 0.59169596
vt 0.7597258 0.5992059
vt 0.72831976 0.6135896
vt 0.700577 0.6342185
vt 0.677709 0.6601912
vt 0.66071737 0.6903721
vt 0.6503446 0.72344244
vt 0.64704126 0.7579571
vt 0.6509532 0.79240716
vt 0.661909 0.82528746
vt 0.6794329 0.8551606
vt 0.70275563 0.88072115
vt 0.6274514 0.64802486
vt 0.64626896 0.6313418
vt 0.63495064 0.6608613
vt 0.6274514 0.64802486
vt 0.6353321 0.6316066
vt 0.6353321 0.6316066
vt 0.6337663 0.60243666
vt 0.64626896 0.6313418
vt 0.6267946 0.61562026
vt 0.6337663 0.60243666
vt 0.6267946 0.61562026
vt 0.6041639 0.60321605
vt 0.6337663 0.60243666
vt 0.6103759 0.61605257
vt 0.6103759 0.61605257
vt 0.58995533 0.6328182
vt 0.6041639 0.60321605
vt 0.6103759 0.61605257
vt 0.6024953 0.632471
vt 0.6024953 0.632471
vt 0.6053487 0.6616407
vt 0.58995533 0.6328182
vt 0.6024953 0.632471
vt 0.6110331 0.6484571
vt 0.6053487 0.6616407
vt 0.6110331 0.6484571
vt 0.63495064 0.6608613
vt 0.6053487 0.6616407
vt 0.6274514 0.64802486
vt 0.6220068 0.63758224
vt 0.6247399 0.63188815
vt 0.6237345 0.63521737
vt 0.618974 0.63203806
vt 0.62177896 0.626344
vt 0.6236274 0.62866193
vt 0.6160848 0.62649393
vt 0.6188177 0.6257556
vt 0.6133518 0.632188
vt 0.61412764 0.62903774
vt 0.61631286 0.6377321
vt 0.61457586 0.6358923
vt 0.619179 0.6383192
vt 0.6225667 0.6386305
vt 0.6246346 0.63581854
vt 0.6255181 0.64415735
vt 0.62931955 0.6389882
vt 0.6258166 0.6318599
vt 0.6245073 0.6280236
vt 0.63149226 0.6317111
vt 0.6290854 0.62465906
vt 0.615525 0.6254456
vt 0.61321115 0.6284704
vt 0.6125736 0.61992
vt 0.60832024 0.6254804
vt 0.60659945 0.6323665
vt 0.61921775 0.6395069
vt 0.6193619 0.6457684
vt 0.6130718 0.644485
vt 0.6157961 0.6388087
vt 0.61374426 0.63662106
vt 0.60930014 0.6404634
vt 0.6122751 0.6322164
vt 0.60659945 0.6323665
vt 0.62931955 0.6389882
vt 0.6353321 0.6316066
vt 0.6274514 0.64802486
vt 0.63149226 0.6317111
vt 0.6290854 0.62465906
vt 0.6267946 0.61562026
vt 0.62502 0.6195924
vt 0.6185721 0.6183063
vt 0.6103759 0.61605257
vt 0.6125736 0.61992
vt 0.60832024 0.6254804
vt 0.6024953 0.632471
vt 0.60659945 0.6323665
vt 0.6255181 0.64415735
vt 0.6193619 0.6457684
vt 0.6110331 0.6484571
vt 0.60930014 0.6404634
vt 0.6130718 0.644485
vt 0.62502 0.6195924
vt 0.6187881 0.62456775
vt 0.6185721 0.6183063
vt 0.62229574 0.6252674
vt 0.6274514 0.57941014
vt 0.64626896 0.5627271
vt 0.63495064 0.5922466
vt 0.6274514 0.57941014
vt 0.6353321 0.5629918
vt 0.6353321 0.5629918
vt 0.6337663 0.53382194
vt 0.64626896 0.5627271
vt 0.6267946 0.5470055
vt 0.6337663 0.53382194
vt 0.6267946 0.5470055
vt 0.6041639 0.53460133
vt 0.6337663 0.53382194
vt 0.6103759 0.5474378
vt 0.6103759 0.5474378
vt 0.58995533 0.56420344
vt 0.6041639 0.53460133
vt 0.6103759 0.5474378
vt 0.6024953 0.5638563
vt 0.6024953 0.5638563
vt 0.6053487 0.593026
vt 0.58995533 0.56420344
vt 0.6024953 0.5638563
vt 0.6110331 0.5798424
vt 0.6053487 0.593026
vt 0.6110331 0.5798424
vt 0.63495064 0.5922466
vt 0.6053487 0.593026
vt 0.6274514 0.57941014
vt 0.6220068 0.56896746
vt 0.6247399 0.56327343
vt 0.6237345 0.56660265
vt 0.618974 0.5634233
vt 0.62177896 0.55772924
vt 0.6236274 0.5600472
vt 0.6160848 0.55787915
vt 0.6188177 0.5571409
vt 0.6133518 0.5635733
vt 0.61412764 0.560423
vt 0.61631286 0.56911737
vt 0.61457586 0.56727755
vt 0.619179 0.5697045
vt 0.6225667 0.5700158
vt 0.6246346 0.5672038
vt 0.6255181 0.5755426
vt 0.62931955 0.5703735
vt 0.6258166 0.5632451
vt 0.6245073 0.55940884
vt 0.63149226 0.5630964
vt 0.6290854 0.5560443
vt 0.615525 0.5568309
vt 0.61321115 0.5598557
vt 0.6125736 0.5513053
vt 0.60832024 0.5568657
vt 0.60659945 0.56375176
vt 0.61921775 0.57089216
vt 0.6193619 0.5771536
vt 0.6130718 0.5758703
vt 0.6157961 0.570194
vt 0.61374426 0.5680063
vt 0.60930014 0.5718487
vt 0.6122751 0.5636016
vt 0.60659945 0.56375176
vt 0.62931955 0.5703735
vt 0.6353321 0.5629918
vt 0.6274514 0.57941014
vt 0.63149226 0.5630964
vt 0.6290854 0.5560443
vt 0.6267946 0.5470055
vt 0.62502 0.55097765
vt 0.6185721 0.5496915
vt 0.6103759 0.5474378
vt 0.6125736 0.5513053
vt 0.60832024 0.5568657
vt 0.6024953 0.5638563
vt 0.60659945 0.56375176
vt 0.6255181 0.5755426
vt 0.6193619 0.5771536
vt 0.6110331 0.5798424
vt 0.60930014 0.5718487
vt 0.6130718 0.5758703
vt 0.62502 0.55097765
vt 0.6187881 0.555953
vt 0.6185721 0.5496915
vt 0.62229574 0.55665267
vt 0.5649176 0.71552193
vt 0.5837351 0.6988389
vt 0.57241684 0.7283584
vt 0.5649176 0.71552193
vt 0.5727983 0.6991036
vt 0.5727983 0.6991036
vt 0.5712325 0.66993374
vt 0.5837351 0.6988389
vt 0.5642607 0.6831173
vt 0.5712325 0.66993374
vt 0.5642607 0.6831173
vt 0.54163 0.6707131
vt 0.5712325 0.66993374
vt 0.547842 0.68354964
vt 0.547842 0.68354964
vt 0.5274215 0.70031524
vt 0.54163 0.6707131
vt 0.547842 0.68354964
vt 0.53996146 0.6999681
vt 0.53996146 0.6999681
vt 0.5428149 0.7291378
vt 0.5274215 0.70031524
vt 0.53996146 0.6999681
vt 0.5484992 0.7159542
vt 0.5428149 0.7291378
vt 0.5484992 0.7159542
vt 0.57241684 0.7283584
vt 0.5428149 0.7291378
vt 0.5649176 0.71552193
vt 0.559473 0.7050793
vt 0.5622061 0.6993852
vt 0.5612007 0.70271444
vt 0.5564402 0.69953513
vt 0.55924517 0.6938411
vt 0.5610936 0.696159
vt 0.553551 0.69399095
vt 0.55628383 0.6932527
vt 0.55081797 0.6996851
vt 0.5515938 0.6965348
vt 0.553779 0.70522916
vt 0.55204207 0.70338935
vt 0.5566452 0.70581627
vt 0.5600329 0.7061276
vt 0.5621008 0.7033156
vt 0.5629843 0.7116544
vt 0.5667857 0.7064853
vt 0.5632827 0.6993569
vt 0.5619735 0.69552064
vt 0.56895846 0.6992082
vt 0.5665516 0.6921561
vt 0.5529912 0.6929427
vt 0.55067736 0.6959675
vt 0.55003977 0.6874171
vt 0.5457864 0.6929775
vt 0.5440656 0.69986355
vt 0.55668396 0.70700395
vt 0.5568281 0.7132654
vt 0.550538 0.7119821
vt 0.55326223 0.7063058
vt 0.55121046 0.70411813
vt 0.54676634 0.7079605
vt 0.5497413 0.69971347
vt 0.5440656 0.69986355
vt 0.5667857 0.7064853
vt 0.5727983 0.6991036
vt 0.5649176 0.71552193
vt 0.56895846 0.6992082
vt 0.5665516 0.6921561
vt 0.5642607 0.6831173
vt 0.56248623 0.68708944
vt 0.5560383 0.6858033
vt 0.547842 0.68354964
vt 0.55003977 0.6874171
vt 0.5457864 0.6929775
vt 0.53996146 0.6999681
vt 0.5440656 0.69986355
vt 0.5629843 0.7116544
vt 0.5568281 0.7132654
vt 0.5484992 0.7159542
vt 0.54676634 0.7079605
vt 0.550538 0.7119821
vt 0.56248623 0.68708944
vt 0.5562543 0.6920648
vt 0.5560383 0.6858033
vt 0.55976194 0.69276446
vt 0.5649176 0.6513821
vt 0.5837351 0.634699
vt 0.57241684 0.66421854
vt 0.5649176 0.6513821
vt 0.5727983 0.63496375
vt 0.5727983 0.63496375
vt 0.5712325 0.60579383
vt 0.5837351 0.634699
vt 0.5642607 0.6189774
vt 0.5712325 0.60579383
vt 0.5642607 0.6189774
vt 0.54163 0.6065732
vt 0.5712325 0.60579383
vt 0.547842 0.61940974
vt 0.547842 0.61940974
vt 0.5274215 0.6361754
vt 0.54163 0.6065732
vt 0.547842 0.61940974
vt 0.53996146 0.63582826
vt 0.53996146 0.63582826
vt 0.5428149 0.66499794
vt 0.5274215 0.6361754
vt 0.53996146 0.63582826
vt 0.5484992 0.65181434
vt 0.5428149 0.66499794
vt 0.5484992 0.65181434
vt 0.57241684 0.66421854
vt 0.5428149 0.66499794
vt 0.5649176 0.6513821
vt 0.559473 0.6409394
vt 0.5622061 0.6352453
vt 0.5612007 0.6385746
vt 0.5564402 0.6353952
vt 0.55924517 0.6297012
vt 0.5610936 0.63201916
vt 0.553551 0.6298511
vt 0.55628383 0.62911284
vt 0.55081797 0.63554525
vt 0.5515938 0.6323949
vt 0.553779 0.6410893
vt 0.55204207 0.63924944
vt 0.5566452 0.6416764
vt 0.5600329 0.6419877
vt 0.5621008 0.6391758
vt 0.5629843 0.6475146
vt 0.5667857 0.6423454
vt 0.5632827 0.6352171
vt 0.5619735 0.6313808
vt 0.56895846 0.6350683
vt 0.5665516 0.62801623
vt 0.5529912 0.6288028
vt 0.55067736 0.6318276
vt 0.55003977 0.6232772
vt 0.5457864 0.6288376
vt 0.5440656 0.6357237
vt 0.55668396 0.6428641
vt 0.5568281 0.6491256
vt 0.550538 0.64784217
vt 0.55326223 0.6421659
vt 0.55121046 0.63997823
vt 0.54676634 0.64382064
vt 0.5497413 0.63557357
vt 0.5440656 0.6357237
vt 0.5667857 0.6423454
vt 0.5727983 0.63496375
vt 0.5649176 0.6513821
vt 0.56895846 0.6350683
vt 0.5665516 0.62801623
vt 0.5642607 0.6189774
vt 0.56248623 0.6229496
vt 0.5560383 0.62166345
vt 0.547842 0.61940974
vt 0.55003977 0.6232772
vt 0.5457864 0.6288376
vt 0.53996146 0.63582826
vt 0.5440656 0.6357237
vt 0.5629843 0.6475146
vt 0.5568281 0.6491256
vt 0.5484992 0.65181434
vt 0.54676634 0.64382064
vt 0.550538 0.64784217
vt 0.56248623 0.6229496
vt 0.5562543 0.6279249
vt 0.5560383 0.62166345
vt 0.55976194 0.62862456
vt 0.5649176 0.5872422
vt 0.5837351 0.57055914
vt 0.57241684 0.60007864
vt 0.5649176 0.5872422
vt 0.5727983 0.5708239
vt 0.5727983 0.5708239
vt 0.5712325 0.541654
vt 0.5837351 0.57055914
vt 0.5642607 0.5548376
vt 0.5712325 0.541654
vt 0.5642607 0.5548376
vt 0.54163 0.5424334
vt 0.5712325 0.541654
vt 0.547842 0.55526984
vt 0.547842 0.55526984
vt 0.5274215 0.57203555
vt 0.54163 0.5424334
vt 0.547842 0.55526984
vt 0.53996146 0.57168835
vt 0.53996146 0.57168835
vt 0.5428149 0.60085803
vt 0.5274215 0.57203555
vt 0.53996146 0.57168835
vt 0.5484992 0.58767444
vt 0.5428149 0.60085803
vt 0.5484992 0.58767444
vt 0.57241684 0.60007864
vt 0.5428149 0.60085803
vt 0.5649176 0.5872422
vt 0.559473 0.5767995
vt 0.5622061 0.5711055
vt 0.5612007 0.5744347
vt 0.5564402 0.5712553
vt 0.55924517 0.5655613
vt 0.5610936 0.56787926
vt 0.553551 0.56571126
vt 0.55628383 0.56497294
vt 0.55081797 0.57140535
vt 0.5515938 0.56825507
vt 0.553779 0.5769494
vt 0.55204207 0.5751096
vt 0.5566452 0.5775365
vt 0.5600329 0.57784784
vt 0.5621008 0.57503587
vt 0.5629843 0.5833747
vt 0.5667857 0.5782055
vt 0.5632827 0.5710772
vt 0.5619735 0.56724095
vt 0.56895846 0.57092845
vt 0.5665516 0.5638764
vt 0.5529912 0.56466293
vt 0.55067736 0.56768775
vt 0.55003977 0.55913734
vt 0.5457864 0.56469774
vt 0.5440656 0.5715838
vt 0.55668396 0.5787242
vt 0.5568281 0.58498573
vt 0.550538 0.5837023
vt 0.55326223 0.57802606
vt 0.55121046 0.5758383
vt 0.54676634 0.57968074
vt 0.5497413 0.57143366
vt 0.5440656 0.5715838
vt 0.5667857 0.5782055
vt 0.5727983 0.5708239
vt 0.5649176 0.5872422
vt 0.56895846 0.57092845
vt 0.5665516 0.5638764
vt 0.5642607 0.5548376
vt 0.56248623 0.55880976
vt 0.5560383 0.5575236
vt 0.547842 0.55526984
vt 0.55003977 0.55913734
vt 0.5457864 0.56469774
vt 0.53996146 0.57168835
vt 0.5440656 0.5715838
vt 0.5629843 0.5833747
vt 0.5568281 0.58498573
vt 0.5484992 0.58767444
vt 0.54676634 0.57968074
vt 0.550538 0.5837023
vt 0.56248623 0.55880976
vt 0.5562543 0.5637851
vt 0.5560383 0.5575236
vt 0.55976194 0.5644847
vt 0.13943928 0.013567507
vt 0.15931481 0.037478745
vt 0.15932447 0.013567507
vt 0.13943118 0.037478745
vt 0.12371534 0.013567507
vt 0.12370819 0.037478745
vt 0.1079908 0.013567507
vt 0.1079852 0.037478745
vt 0.09226626 0.013567507
vt 0.09226233 0.037478745
vt 0.17919773 0.037478745
vt 0.17920858 0.013567507
vt 0.19491893 0.037478745
vt 0.19493061 0.013567507
vt 0.2106393 0.037478745
vt 0.21065181 0.013567507
vt 0.22635883 0.037478745
vt 0.22637218 0.013567507
vt 0.24207753 0.037478745
vt 0.24209148 0.013567507
vt 0.26143926 0.037478745
vt 0.26145345 0.013567507
vt 0.07256335 0.013567507
vt 0.072560966 0.037478745
vt 0.053416252 0.013567507
vt 0.053415895 0.037478745
vt 0.03769231 0.013567507
vt 0.037693262 0.037478745
vt 0.021968365 0.013567507
vt 0.021970868 0.037478745
vt 0.28090948 0.037478745
vt 0.28092372 0.013567507
vt 0.29662478 0.037478745
vt 0.29663903 0.013567507
vt 0.31233925 0.037478745
vt 0.31235301 0.013567507
vt 0.32805222 0.037478745
vt 0.32806593 0.013567507
vt 0.3479225 0.037478745
vt 0.34793574 0.013567507
vt 0.36779112 0.037478745
vt 0.36780316 0.013567507
vt 0.38350028 0.037478745
vt 0.38351172 0.013567507
vt 0.39920872 0.037478745
vt 0.39921904 0.013567507
vt 0.41491616 0.037478745
vt 0.41492534 0.013567507
vt 0.4306224 0.037478745
vt 0.4306304 0.013567507
vt 0.44986397 0.037478745
vt 0.4498704 0.013567507
vt 0.4694242 0.037478745
vt 0.46942884 0.013567507
vt 0.48512793 0.037478745
vt 0.48513126 0.013567507
vt 0.50083137 0.037478745
vt 0.5008329 0.013567507
vt 0.5165341 0.037478745
vt 0.51653445 0.013567507
vt 0.53639257 0.037478745
vt 0.5363909 0.013567507
vt 0.55625045 0.037478745
vt 0.5562469 0.013567507
vt 0.5719526 0.037478745
vt 0.5719477 0.013567507
vt 0.5876547 0.037478745
vt 0.58764833 0.013567507
vt 0.60335714 0.037478745
vt 0.60334957 0.013567507
vt 0.61905956 0.037478745
vt 0.6190506 0.013567507
vt 0.6380116 0.037478745
vt 0.6380013 0.013567507
vt 0.6578578 0.037478745
vt 0.6578462 0.013567507
vt 0.67356205 0.037478745
vt 0.6735498 0.013567507
vt 0.6892673 0.037478745
vt 0.6892543 0.013567507
vt 0.7049732 0.037478745
vt 0.70495975 0.013567507
vt 0.7248374 0.037478745
vt 0.72482336 0.013567507
vt 0.74470305 0.037478745
vt 0.7446888 0.013567507
vt 0.7604125 0.037478745
vt 0.76039815 0.013567507
vt 0.77612305 0.037478745
vt 0.7761089 0.013567507
vt 0.79183453 0.037478745
vt 0.7918207 0.013567507
vt 0.8075472 0.037478745
vt 0.80753374 0.013567507
vt 0.8264387 0.037478745
vt 0.82642615 0.013567507
vt 0.8463725 0.037478745
vt 0.846361 0.013567507
vt 0.86208904 0.037478745
vt 0.8620782 0.013567507
vt 0.87780654 0.037478745
vt 0.87779665 0.013567507
vt 0.89352494 0.037478745
vt 0.8935162 0.013567507
vt 0.91340446 0.037478745
vt 0.91339755 0.013567507
vt 0.9332857 0.037478745
vt 0.93328017 0.013567507
vt 0.94900686 0.037478745
vt 0.94900274 0.013567507
vt 0.96472865 0.037478745
vt 0.96472615 0.013567507
vt 0.9134152 0.06295484
vt 0.8935375 0.06295484
vt 0.8778208 0.06295484
vt 0.8621049 0.06295484
vt 0.8463899 0.06295484
vt 0.93329346 0.06295484
vt 0.9490129 0.06295484
vt 0.96473235 0.06295484
vt 0.8264574 0.06295484
vt 0.807567 0.06295484
vt 0.791855 0.06295484
vt 0.7761438 0.06295484
vt 0.76043344 0.06295484
vt 0.7447239 0.06295484
vt 0.72485816 0.06295484
vt 0.7049931 0.06295484
vt 0.68928623 0.06295484
vt 0.67358005 0.06295484
vt 0.65787435 0.06295484
vt 0.6380265 0.06295484
vt 0.6190727 0.06295484
vt 0.6033682 0.06295484
vt 0.58766395 0.06295484
vt 0.57195956 0.06295484
vt 0.55625546 0.06295484
vt 0.5363948 0.06295484
vt 0.5165335 0.06295484
vt 0.5008286 0.06295484
vt 0.48512304 0.06295484
vt 0.46941715 0.06295484
vt 0.44985443 0.06295484
vt 0.43061066 0.06295484
vt 0.4149027 0.06295484
vt 0.39919364 0.06295484
vt 0.38348383 0.06295484
vt 0.36777323 0.06295484
vt 0.34790355 0.06295484
vt 0.3280322 0.06295484
vt 0.31231856 0.06295484
vt 0.2966038 0.06295484
vt 0.28088844 0.06295484
vt 0.2614184 0.06295484
vt 0.2420575 0.06295484
vt 0.22633952 0.06295484
vt 0.21062058 0.06295484
vt 0.19490117 0.06295484
vt 0.1791814 0.06295484
vt 0.15930063 0.06295484
vt 0.13941914 0.06295484
vt 0.123698294 0.06295484
vt 0.10797745 0.06295484
vt 0.09225613 0.06295484
vt 0.07255763 0.06295484
vt 0.05341506 0.06295484
vt 0.03769481 0.06295484
vt 0.021974564 0.06295484
vt 0.8472816 0.06295484
vt 0.8274046 0.0808503
vt 0.8274001 0.06295484
vt 0.8472854 0.0808503
vt 0.8630024 0.06295484
vt 0.8630055 0.0808503
vt 0.87872326 0.06295484
vt 0.87872624 0.0808503
vt 0.8944446 0.06295484
vt 0.8944465 0.08085054
vt 0.8075243 0.0808503
vt 0.8075193 0.06295484
vt 0.791805 0.0808503
vt 0.79179955 0.06295484
vt 0.7760861 0.0808503
vt 0.77608013 0.06295484
vt 0.7603673 0.0808503
vt 0.7603612 0.06295484
vt 0.74464977 0.0808503
vt 0.7446432 0.06295484
vt 0.72528875 0.0808503
vt 0.7252823 0.06295484
vt 0.9141431 0.06295484
vt 0.9141443 0.08085054
vt 0.93328565 0.06295484
vt 0.9332859 0.08085054
vt 0.9490059 0.06295484
vt 0.9490055 0.08085054
vt 0.96472615 0.06295484
vt 0.96472484 0.08085054
vt 0.7058191 0.0808503
vt 0.7058123 0.06295484
vt 0.6901037 0.0808503
vt 0.6900969 0.06295484
vt 0.6743888 0.0808503
vt 0.67438215 0.06295484
vt 0.6586751 0.0808503
vt 0.6586685 0.06295484
vt 0.63880336 0.0808503
vt 0.63879716 0.06295484
vt 0.61893344 0.0808503
vt 0.6189275 0.06295484
vt 0.6032223 0.0808503
vt 0.6032169 0.06295484
vt 0.58751196 0.0808503
vt 0.58750707 0.06295484
vt 0.5718027 0.08085054
vt 0.571798 0.06295484
vt 0.55609375 0.08085054
vt 0.55609006 0.06295484
vt 0.53684926 0.08085054
vt 0.5368463 0.06295484
vt 0.5172856 0.08085054
vt 0.51728356 0.06295484
vt 0.501579 0.08085054
vt 0.5015777 0.06295484
vt 0.48587292 0.08085054
vt 0.48587212 0.06295484
vt 0.4701672 0.08085054
vt 0.4701672 0.06295484
vt 0.45030528 0.08085054
vt 0.45030594 0.06295484
vt 0.43044367 0.08085054
vt 0.43044522 0.06295484
vt 0.41473892 0.08085054
vt 0.41474116 0.06295484
vt 0.39903384 0.08085054
vt 0.39903677 0.06295484
vt 0.3833288 0.08085054
vt 0.3833325 0.06295484
vt 0.367624 0.08085054
vt 0.36762807 0.06295484
vt 0.34866932 0.08085054
vt 0.34867427 0.06295484
vt 0.32882085 0.08085054
vt 0.32882634 0.06295484
vt 0.3131149 0.08085054
vt 0.3131207 0.06295484
vt 0.29740825 0.08085054
vt 0.29741445 0.06295484
vt 0.28170136 0.08085054
vt 0.28170756 0.06295484
vt 0.26183596 0.08085054
vt 0.26184258 0.06295484
vt 0.24196991 0.08085054
vt 0.2419768 0.06295484
vt 0.22626048 0.08085054
vt 0.22626725 0.06295484
vt 0.21055016 0.08085054
vt 0.2105569 0.06295484
vt 0.19483915 0.08085054
vt 0.19484577 0.06295484
vt 0.17912734 0.08085054
vt 0.17913368 0.06295484
vt 0.1602374 0.08085054
vt 0.16024333 0.06295484
vt 0.14030537 0.08085054
vt 0.1403108 0.06295484
vt 0.12459067 0.08085054
vt 0.12459582 0.06295484
vt 0.10887522 0.08085054
vt 0.10887992 0.06295484
vt 0.09315911 0.08085054
vt 0.09316316 0.06295484
vt 0.07328248 0.08085054
vt 0.07328552 0.06295484
vt 0.053404808 0.08085054
vt 0.05340725 0.06295484
vt 0.03768623 0.08085054
vt 0.037687838 0.06295484
vt 0.021967053 0.08085054
vt 0.021968365 0.06295484
vt 0.8472854 0.0808503
vt 0.8274077 0.1500631
vt 0.8274046 0.0808503
vt 0.847288 0.1500631
vt 0.8630055 0.0808503
vt 0.8630079 0.1500631
vt 0.87872624 0.0808503
vt 0.8787279 0.1500631
vt 0.8944465 0.08085054
vt 0.8944478 0.1500631
vt 0.807528 0.1500631
vt 0.8075243 0.0808503
vt 0.79180884 0.1500631
vt 0.791805 0.0808503
vt 0.77609015 0.1500631
vt 0.7760861 0.0808503
vt 0.7603719 0.1500631
vt 0.7603673 0.0808503
vt 0.7446543 0.1500631
vt 0.74464977 0.0808503
vt 0.72529364 0.1500631
vt 0.72528875 0.0808503
vt 0.9141443 0.08085054
vt 0.9141449 0.1500631
vt 0.9332859 0.08085054
vt 0.9332859 0.1500631
vt 0.9490055 0.08085054
vt 0.94900495 0.1500631
vt 0.96472484 0.08085054
vt 0.9647241 0.1500631
vt 0.70582366 0.1500631
vt 0.7058191 0.0808503
vt 0.6901083 0.1500631
vt 0.6901037 0.0808503
vt 0.6743936 0.1500631
vt 0.6743888 0.0808503
vt 0.6586795 0.1500631
vt 0.6586751 0.0808503
vt 0.6388078 0.1500631
vt 0.63880336 0.0808503
vt 0.618937 0.1500631
vt 0.61893344 0.0808503
vt 0.60322577 0.1500631
vt 0.6032223 0.0808503
vt 0.5875153 0.1500631
vt 0.58751196 0.0808503
vt 0.5718054 0.1500631
vt 0.5718027 0.08085054
vt 0.55609655 0.1500631
vt 0.55609375 0.08085054
vt 0.5368514 0.1500631
vt 0.53684926 0.08085054
vt 0.5172872 0.1500631
vt 0.5172856 0.08085054
vt 0.50158006 0.1500631
vt 0.501579 0.08085054
vt 0.48587358 0.1500631
vt 0.48587292 0.08085054
vt 0.47016734 0.1500631
vt 0.4701672 0.08085054
vt 0.4503047 0.1500631
vt 0.45030528 0.08085054
vt 0.43044242 0.1500631
vt 0.43044367 0.08085054
vt 0.41473693 0.1500631
vt 0.41473892 0.08085054
vt 0.39903194 0.1500631
vt 0.39903384 0.08085054
vt 0.38332647 0.1500631
vt 0.3833288 0.08085054
vt 0.36762115 0.1500631
vt 0.367624 0.08085054
vt 0.34866616 0.1500631
vt 0.34866932 0.08085054
vt 0.32881728 0.1500631
vt 0.32882085 0.08085054
vt 0.3131108 0.1500631
vt 0.3131149 0.08085054
vt 0.29740408 0.1500631
vt 0.29740825 0.08085054
vt 0.2816967 0.1500631
vt 0.28170136 0.08085054
vt 0.26183146 0.1500631
vt 0.26183596 0.08085054
vt 0.24196535 0.1500631
vt 0.24196991 0.08085054
vt 0.22625601 0.1500631
vt 0.22626048 0.08085054
vt 0.21054554 0.1500631
vt 0.21055016 0.08085054
vt 0.19483465 0.1500631
vt 0.19483915 0.08085054
vt 0.17912287 0.1500631
vt 0.17912734 0.08085054
vt 0.16023323 0.1500631
vt 0.1602374 0.08085054
vt 0.14030147 0.1500631
vt 0.14030537 0.08085054
vt 0.12458715 0.1500631
vt 0.12459067 0.08085054
vt 0.10887206 0.1500631
vt 0.10887522 0.08085054
vt 0.09315622 0.1500631
vt 0.09315911 0.08085054
vt 0.073280096 0.1500631
vt 0.07328248 0.08085054
vt 0.05340275 0.1500631
vt 0.053404808 0.08085054
vt 0.037684858 0.1500631
vt 0.03768623 0.08085054
vt 0.021966398 0.1500631
vt 0.021967053 0.08085054
vt 0.021967053 0.2360211
vt 0.03768623 0.2360211
vt 0.053404808 0.2360211
vt 0.07328248 0.2360211
vt 0.09315911 0.2360211
vt 0.10887522 0.2360211
vt 0.12459067 0.2360211
vt 0.14030537 0.2360211
vt 0.1602374 0.2360211
vt 0.17912734 0.2360211
vt 0.19483915 0.2360211
vt 0.21055016 0.2360211
vt 0.22626048 0.2360211
vt 0.24196991 0.2360211
vt 0.26183596 0.2360211
vt 0.28170136 0.2360211
vt 0.29740825 0.2360211
vt 0.3131149 0.2360211
vt 0.32882085 0.2360211
vt 0.34866932 0.2360211
vt 0.367624 0.2360211
vt 0.38332886 0.2360211
vt 0.39903384 0.2360211
vt 0.41473883 0.2360211
vt 0.43044367 0.2360211
vt 0.45030528 0.2360211
vt 0.4701672 0.2360211
vt 0.48587298 0.2360211
vt 0.501579 0.2360211
vt 0.51728565 0.2360211
vt 0.53684926 0.2360211
vt 0.55609375 0.2360211
vt 0.5718027 0.2360211
vt 0.58751196 0.2360211
vt 0.6032223 0.2360211
vt 0.61893344 0.2360211
vt 0.6388036 0.2360211
vt 0.6586751 0.2360211
vt 0.6743888 0.2360211
vt 0.6901037 0.2360211
vt 0.7058191 0.2360211
vt 0.72528875 0.2360211
vt 0.74464977 0.2360211
vt 0.7603673 0.2360211
vt 0.7760861 0.2360211
vt 0.791805 0.2360211
vt 0.8075243 0.2360211
vt 0.8274046 0.2360211
vt 0.8472854 0.2360211
vt 0.8630055 0.2360211
vt 0.8787261 0.2360211
vt 0.8944465 0.2360211
vt 0.9141443 0.2360211
vt 0.9332859 0.2360211
vt 0.9490055 0.2360211
vt 0.96472484 0.2360211
vt 0.8472854 0.2360211
vt 0.8273958 0.2580161
vt 0.8274046 0.2360211
vt 0.8472779 0.2580161
vt 0.8630055 0.2360211
vt 0.8629993 0.2580161
vt 0.8787261 0.2360211
vt 0.8787211 0.2580161
vt 0.8944465 0.2360211
vt 0.89444256 0.2580161
vt 0.8075143 0.2580161
vt 0.8075243 0.2360211
vt 0.79179406 0.2580161
vt 0.791805 0.2360211
vt 0.7760743 0.2580161
vt 0.7760861 0.2360211
vt 0.76035523 0.2580161
vt 0.7603673 0.2360211
vt 0.744637 0.2580161
vt 0.74464977 0.2360211
vt 0.72527575 0.2580161
vt 0.72528875 0.2360211
vt 0.9141443 0.2360211
vt 0.91414213 0.2580161
vt 0.9332859 0.2360211
vt 0.93328536 0.2580161
vt 0.9490055 0.2360211
vt 0.9490065 0.2580161
vt 0.96472484 0.2360211
vt 0.9647271 0.2580161
vt 0.70580584 0.2580161
vt 0.7058191 0.2360211
vt 0.6900906 0.2580161
vt 0.6901037 0.2360211
vt 0.67437595 0.2580161
vt 0.6743888 0.2360211
vt 0.65866244 0.2580161
vt 0.6586751 0.2360211
vt 0.6387913 0.2580161
vt 0.6388036 0.2360211
vt 0.618922 0.2580161
vt 0.61893344 0.2360211
vt 0.6032118 0.2580161
vt 0.6032223 0.2360211
vt 0.58750236 0.2580161
vt 0.58751196 0.2360211
vt 0.5717942 0.2580161
vt 0.5718027 0.2360211
vt 0.5560866 0.2580161
vt 0.55609375 0.2360211
vt 0.5368433 0.2580161
vt 0.53684926 0.2360211
vt 0.51728123 0.2580161
vt 0.51728565 0.2360211
vt 0.501576 0.2580161
vt 0.501579 0.2360211
vt 0.4858714 0.2580161
vt 0.48587298 0.2360211
vt 0.47016707 0.2580161
vt 0.4701672 0.2360211
vt 0.4503067 0.2580161
vt 0.45030528 0.2360211
vt 0.43044677 0.2580161
vt 0.43044367 0.2360211
vt 0.41474327 0.2580161
vt 0.41473883 0.2360211
vt 0.3990397 0.2580161
vt 0.39903384 0.2360211
vt 0.38333583 0.2580161
vt 0.38332886 0.2360211
vt 0.36763206 0.2580161
vt 0.367624 0.2360211
vt 0.34867886 0.2580161
vt 0.34866932 0.2360211
vt 0.32883146 0.2580161
vt 0.32882085 0.2360211
vt 0.31312624 0.2580161
vt 0.3131149 0.2360211
vt 0.2974203 0.2580161
vt 0.29740825 0.2360211
vt 0.2817137 0.2580161
vt 0.28170136 0.2360211
vt 0.26184893 0.2580161
vt 0.26183596 0.2360211
vt 0.241983 0.2580161
vt 0.24196991 0.2360211
vt 0.22627366 0.2580161
vt 0.22626048 0.2360211
vt 0.21056318 0.2580161
vt 0.21055016 0.2360211
vt 0.19485196 0.2580161
vt 0.19483915 0.2360211
vt 0.17913964 0.2580161
vt 0.17912734 0.2360211
vt 0.16024888 0.2580161
vt 0.1602374 0.2360211
vt 0.14031607 0.2580161
vt 0.14030537 0.2360211
vt 0.12460056 0.2580161
vt 0.12459067 0.2360211
vt 0.10888422 0.2580161
vt 0.10887522 0.2360211
vt 0.09316707 0.2580161
vt 0.09315911 0.2360211
vt 0.07328889 0.2580161
vt 0.07328248 0.2360211
vt 0.053409547 0.2580161
vt 0.053404808 0.2360211
vt 0.037689805 0.2580161
vt 0.03768623 0.2360211
vt 0.021969438 0.2580161
vt 0.021967053 0.2360211
vt 0.021973789 0.28476036
vt 0.03769684 0.28476036
vt 0.02197951 0.3006904
vt 0.03770566 0.3006904
vt 0.053419083 0.28476036
vt 0.05343169 0.3006904
vt 0.073301524 0.28476036
vt 0.073317796 0.3006904
vt 0.09318265 0.28476036
vt 0.09320256 0.3006904
vt 0.10890165 0.28476036
vt 0.10892454 0.3006904
vt 0.12462008 0.28476036
vt 0.12464499 0.3006904
vt 0.14033723 0.28476036
vt 0.14036426 0.3006904
vt 0.16027164 0.28476036
vt 0.16030124 0.3006904
vt 0.17916378 0.28476036
vt 0.17919463 0.3006904
vt 0.19487688 0.28476036
vt 0.19490889 0.3006904
vt 0.21058854 0.28476036
vt 0.21062142 0.3006904
vt 0.22629923 0.28476036
vt 0.22633228 0.3006904
vt 0.24200866 0.28476036
vt 0.24204156 0.3006904
vt 0.26187402 0.28476036
vt 0.26190636 0.3006904
vt 0.28173795 0.28476036
vt 0.281769 0.3006904
vt 0.29744342 0.28476036
vt 0.29747316 0.3006904
vt 0.31314835 0.28476036
vt 0.31317624 0.3006904
vt 0.3288518 0.28476036
vt 0.32887825 0.3006904
vt 0.34869722 0.28476036
vt 0.3487204 0.3006904
vt 0.3676478 0.28476036
vt 0.36766836 0.3006904
vt 0.38334942 0.28476036
vt 0.38336712 0.3006904
vt 0.39905077 0.28476036
vt 0.3990652 0.3006904
vt 0.41475195 0.28476036
vt 0.41476324 0.3006904
vt 0.43045297 0.28476036
vt 0.4304609 0.3006904
vt 0.45030963 0.28476036
vt 0.4503132 0.3006904
vt 0.47016647 0.28476036
vt 0.47016576 0.3006904
vt 0.485868 0.28476036
vt 0.48586386 0.3006904
vt 0.5015702 0.28476036
vt 0.50156254 0.3006904
vt 0.51727283 0.28476036
vt 0.51726246 0.3006904
vt 0.53683174 0.28476036
vt 0.5368171 0.3006904
vt 0.5560723 0.28476036
vt 0.5560536 0.3006904
vt 0.57177764 0.28476036
vt 0.5717564 0.3006904
vt 0.587484 0.28476036
vt 0.5874603 0.3006904
vt 0.60319144 0.28476036
vt 0.60316545 0.3006904
vt 0.61890006 0.28476036
vt 0.6188723 0.3006904
vt 0.6387681 0.28476036
vt 0.63873804 0.30069017
vt 0.6586379 0.28476036
vt 0.6586065 0.30069017
vt 0.6743508 0.28476036
vt 0.6743184 0.30069017
vt 0.6900651 0.28476036
vt 0.6900322 0.30069017
vt 0.7057803 0.28476036
vt 0.7057471 0.30069017
vt 0.72525036 0.28476036
vt 0.72521794 0.30069017
vt 0.7446126 0.28476036
vt 0.7445806 0.30069017
vt 0.76033175 0.28476036
vt 0.7603009 0.30069017
vt 0.77605176 0.28476036
vt 0.7760227 0.30069017
vt 0.7917727 0.28476036
vt 0.7917454 0.30069017
vt 0.8074945 0.28476036
vt 0.80746937 0.30069017
vt 0.8273785 0.28476036
vt 0.827356 0.30069017
vt 0.84726334 0.28476036
vt 0.84724414 0.3006904
vt 0.86298716 0.28476036
vt 0.8629712 0.3006904
vt 0.87871134 0.28476036
vt 0.87869835 0.3006904
vt 0.89443517 0.28476036
vt 0.89442575 0.3006904
vt 0.91413784 0.28476036
vt 0.91413236 0.3006904
vt 0.93328446 0.28476036
vt 0.9332835 0.3006904
vt 0.9490084 0.28476036
vt 0.94901067 0.3006904
vt 0.9647315 0.28476036
vt 0.96473724 0.3006904

g Slingshot_WheelRF
s 1
usemtl Slingshot_WheelRF_0
f 3/3/3 2/2/2 1/1/1 
f 2/2/2 4/4/4 1/1/1 
f 7/7/7 6/6/6 5/5/5 
f 6/6/6 8/8/8 5/5/5 
f 11/11/11 10/10/10 9/9/9 
f 10/10/10 12/12/12 9/9/9 
f 15/15/15 14/14/14 13/13/13 
f 14/14/14 16/16/16 13/13/13 
f 16/16/16 17/17/17 13/13/13 
f 20/20/20 19/19/19 18/18/18 
f 19/19/19 21/21/21 18/18/18 
f 24/24/24 23/23/23 22/22/22 
f 23/23/23 25/25/25 22/22/22 
f 23/23/23 26/26/26 25/25/25 
f 29/29/29 28/28/28 27/27/27 
f 32/32/32 31/31/31 30/30/30 
f 35/35/35 34/34/34 33/33/33 
f 38/38/38 37/37/37 36/36/36 
f 37/37/37 39/39/39 36/36/36 
f 42/42/42 41/41/41 40/40/40 
f 45/45/45 44/44/44 43/43/43 
f 48/48/48 47/47/47 46/46/46 
f 51/51/51 50/50/50 49/49/49 
f 50/50/50 52/52/52 49/49/49 
f 55/55/55 54/54/54 53/53/53 
f 58/58/58 57/57/57 56/56/56 
f 57/57/57 59/59/59 56/56/56 
f 62/62/62 61/61/61 60/60/60 
f 61/61/61 63/63/63 60/60/60 
f 66/66/66 65/65/65 64/64/64 
f 65/65/65 67/67/67 64/64/64 
f 70/70/70 69/69/69 68/68/68 
f 69/69/69 71/71/71 68/68/68 
f 74/74/74 73/73/73 72/72/72 
f 77/77/77 76/76/76 75/75/75 
f 76/76/76 78/78/78 75/75/75 
f 81/81/81 80/80/80 79/79/79 
f 80/80/80 82/82/82 79/79/79 
f 85/85/85 84/84/84 83/83/83 
f 88/88/88 87/87/87 86/86/86 
f 87/87/87 89/89/89 86/86/86 
f 92/92/92 91/91/91 90/90/90 
f 91/91/91 93/93/93 90/90/90 
f 96/96/96 95/95/95 94/94/94 
f 95/95/95 97/97/97 94/94/94 
f 100/100/100 99/99/99 98/98/98 
f 99/99/99 101/101/101 98/98/98 
f 101/101/101 102/102/102 98/98/98 
f 105/105/105 104/104/104 103/103/103 
f 104/104/104 106/106/106 103/103/103 
f 109/109/109 108/108/108 107/107/107 
f 108/108/108 110/110/110 107/107/107 
f 108/108/108 111/111/111 110/110/110 
f 114/114/114 113/113/113 112/112/112 
f 117/117/117 116/116/116 115/115/115 
f 120/120/120 119/119/119 118/118/118 
f 123/123/123 122/122/122 121/121/121 
f 122/122/122 124/124/124 121/121/121 
f 127/127/127 126/126/126 125/125/125 
f 130/130/130 129/129/129 128/128/128 
f 133/133/133 132/132/132 131/131/131 
f 136/136/136 135/135/135 134/134/134 
f 135/135/135 137/137/137 134/134/134 
f 140/140/140 139/139/139 138/138/138 
f 143/143/143 142/142/142 141/141/141 
f 142/142/142 144/144/144 141/141/141 
f 147/147/147 146/146/146 145/145/145 
f 146/146/146 148/148/148 145/145/145 
f 151/151/151 150/150/150 149/149/149 
f 150/150/150 152/152/152 149/149/149 
f 155/155/155 154/154/154 153/153/153 
f 154/154/154 156/156/156 153/153/153 
f 159/159/159 158/158/158 157/157/157 
f 162/162/162 161/161/161 160/160/160 
f 161/161/161 163/163/163 160/160/160 
f 166/166/166 165/165/165 164/164/164 
f 165/165/165 167/167/167 164/164/164 
f 170/170/170 169/169/169 168/168/168 
f 173/173/173 172/172/172 171/171/171 
f 172/172/172 174/174/174 171/171/171 
f 177/177/177 176/176/176 175/175/175 
f 176/176/176 178/178/178 175/175/175 
f 181/181/181 180/180/180 179/179/179 
f 180/180/180 182/182/182 179/179/179 
f 185/185/185 184/184/184 183/183/183 
f 184/184/184 186/186/186 183/183/183 
f 186/186/186 187/187/187 183/183/183 
f 190/190/190 189/189/189 188/188/188 
f 189/189/189 191/191/191 188/188/188 
f 194/194/194 193/193/193 192/192/192 
f 193/193/193 195/195/195 192/192/192 
f 193/193/193 196/196/196 195/195/195 
f 199/199/199 198/198/198 197/197/197 
f 202/202/202 201/201/201 200/200/200 
f 205/205/205 204/204/204 203/203/203 
f 208/208/208 207/207/207 206/206/206 
f 207/207/207 209/209/209 206/206/206 
f 212/212/212 211/211/211 210/210/210 
f 215/215/215 214/214/214 213/213/213 
f 218/218/218 217/217/217 216/216/216 
f 221/221/221 220/220/220 219/219/219 
f 220/220/220 222/222/222 219/219/219 
f 225/225/225 224/224/224 223/223/223 
f 228/228/228 227/227/227 226/226/226 
f 227/227/227 229/229/229 226/226/226 
f 232/232/232 231/231/231 230/230/230 
f 231/231/231 233/233/233 230/230/230 
f 236/236/236 235/235/235 234/234/234 
f 235/235/235 237/237/237 234/234/234 
f 240/240/240 239/239/239 238/238/238 
f 239/239/239 241/241/241 238/238/238 
f 244/244/244 243/243/243 242/242/242 
f 247/247/247 246/246/246 245/245/245 
f 246/246/246 248/248/248 245/245/245 
f 251/251/251 250/250/250 249/249/249 
f 250/250/250 252/252/252 249/249/249 
f 255/255/255 254/254/254 253/253/253 
f 258/258/258 257/257/257 256/256/256 
f 257/257/257 259/259/259 256/256/256 
f 262/262/262 261/261/261 260/260/260 
f 261/261/261 263/263/263 260/260/260 
f 266/266/266 265/265/265 264/264/264 
f 265/265/265 267/267/267 264/264/264 
f 270/270/270 269/269/269 268/268/268 
f 269/269/269 271/271/271 268/268/268 
f 271/271/271 272/272/272 268/268/268 
f 275/275/275 274/274/274 273/273/273 
f 274/274/274 276/276/276 273/273/273 
f 279/279/279 278/278/278 277/277/277 
f 278/278/278 280/280/280 277/277/277 
f 278/278/278 281/281/281 280/280/280 
f 284/284/284 283/283/283 282/282/282 
f 287/287/287 286/286/286 285/285/285 
f 290/290/290 289/289/289 288/288/288 
f 293/293/293 292/292/292 291/291/291 
f 292/292/292 294/294/294 291/291/291 
f 297/297/297 296/296/296 295/295/295 
f 300/300/300 299/299/299 298/298/298 
f 303/303/303 302/302/302 301/301/301 
f 306/306/306 305/305/305 304/304/304 
f 305/305/305 307/307/307 304/304/304 
f 310/310/310 309/309/309 308/308/308 
f 313/313/313 312/312/312 311/311/311 
f 312/312/312 314/314/314 311/311/311 
f 317/317/317 316/316/316 315/315/315 
f 316/316/316 318/318/318 315/315/315 
f 321/321/321 320/320/320 319/319/319 
f 320/320/320 322/322/322 319/319/319 
f 325/325/325 324/324/324 323/323/323 
f 324/324/324 326/326/326 323/323/323 
f 329/329/329 328/328/328 327/327/327 
f 332/332/332 331/331/331 330/330/330 
f 331/331/331 333/333/333 330/330/330 
f 336/336/336 335/335/335 334/334/334 
f 335/335/335 337/337/337 334/334/334 
f 340/340/340 339/339/339 338/338/338 
f 343/343/343 342/342/342 341/341/341 
f 342/342/342 344/344/344 341/341/341 
f 347/347/347 346/346/346 345/345/345 
f 346/346/346 348/348/348 345/345/345 
f 351/351/351 350/350/350 349/349/349 
f 350/350/350 352/352/352 349/349/349 
f 355/355/355 354/354/354 353/353/353 
f 354/354/354 356/356/356 353/353/353 
f 356/356/356 357/357/357 353/353/353 
f 360/360/360 359/359/359 358/358/358 
f 359/359/359 361/361/361 358/358/358 
f 364/364/364 363/363/363 362/362/362 
f 363/363/363 365/365/365 362/362/362 
f 363/363/363 366/366/366 365/365/365 
f 369/369/369 368/368/368 367/367/367 
f 372/372/372 371/371/371 370/370/370 
f 375/375/375 374/374/374 373/373/373 
f 378/378/378 377/377/377 376/376/376 
f 377/377/377 379/379/379 376/376/376 
f 382/382/382 381/381/381 380/380/380 
f 385/385/385 384/384/384 383/383/383 
f 388/388/388 387/387/387 386/386/386 
f 391/391/391 390/390/390 389/389/389 
f 390/390/390 392/392/392 389/389/389 
f 395/395/395 394/394/394 393/393/393 
f 398/398/398 397/397/397 396/396/396 
f 397/397/397 399/399/399 396/396/396 
f 402/402/402 401/401/401 400/400/400 
f 401/401/401 403/403/403 400/400/400 
f 406/406/406 405/405/405 404/404/404 
f 405/405/405 407/407/407 404/404/404 
f 410/410/410 409/409/409 408/408/408 
f 409/409/409 411/411/411 408/408/408 
f 414/414/414 413/413/413 412/412/412 
f 417/417/417 416/416/416 415/415/415 
f 416/416/416 418/418/418 415/415/415 
f 421/421/421 420/420/420 419/419/419 
f 420/420/420 422/422/422 419/419/419 
f 425/425/425 424/424/424 423/423/423 
f 428/428/428 427/427/427 426/426/426 
f 427/427/427 429/429/429 426/426/426 
f 427/427/427 430/430/430 429/429/429 
f 430/430/430 431/431/431 429/429/429 
f 430/430/430 432/432/432 431/431/431 
f 432/432/432 433/433/433 431/431/431 
f 431/431/431 433/433/433 434/434/434 
f 433/433/433 435/435/435 434/434/434 
f 434/434/434 436/436/436 431/431/431 
f 436/436/436 429/429/429 431/431/431 
f 429/429/429 436/436/436 437/437/437 
f 438/438/438 429/429/429 437/437/437 
f 437/437/437 439/439/439 438/438/438 
f 439/439/439 440/440/440 438/438/438 
f 441/441/441 440/440/440 439/439/439 
f 441/441/441 439/439/439 442/442/442 
f 442/442/442 443/443/443 441/441/441 
f 441/441/441 443/443/443 444/444/444 
f 445/445/445 441/441/441 444/444/444 
f 445/445/445 444/444/444 446/446/446 
f 447/447/447 445/445/445 446/446/446 
f 447/447/447 446/446/446 448/448/448 
f 449/449/449 447/447/447 448/448/448 
f 449/449/449 448/448/448 450/450/450 
f 451/451/451 449/449/449 450/450/450 
f 450/450/450 452/452/452 451/451/451 
f 452/452/452 453/453/453 451/451/451 
f 454/454/454 448/448/448 446/446/446 
f 455/455/455 454/454/454 446/446/446 
f 454/454/454 456/456/456 448/448/448 
f 456/456/456 450/450/450 448/448/448 
f 456/456/456 457/457/457 450/450/450 
f 457/457/457 452/452/452 450/450/450 
f 443/443/443 442/442/442 458/458/458 
f 459/459/459 443/443/443 458/458/458 
f 459/459/459 458/458/458 460/460/460 
f 458/458/458 461/461/461 460/460/460 
f 458/458/458 442/442/442 462/462/462 
f 462/462/462 442/442/442 463/463/463 
f 464/464/464 462/462/462 463/463/463 
f 465/465/465 462/462/462 464/464/464 
f 465/465/465 458/458/458 462/462/462 
f 461/461/461 458/458/458 465/465/465 
f 466/466/466 465/465/465 464/464/464 
f 464/464/464 467/467/467 466/466/466 
f 467/467/467 464/464/464 468/468/468 
f 468/468/468 464/464/464 463/463/463 
f 469/469/469 467/467/467 468/468/468 
f 469/469/469 470/470/470 467/467/467 
f 470/470/470 471/471/471 467/467/467 
f 471/471/471 472/472/472 467/467/467 
f 468/468/468 463/463/463 473/473/473 
f 474/474/474 468/468/468 473/473/473 
f 459/459/459 460/460/460 475/475/475 
f 476/476/476 459/459/459 475/475/475 
f 476/476/476 475/475/475 477/477/477 
f 478/478/478 476/476/476 477/477/477 
f 478/478/478 479/479/479 476/476/476 
f 479/479/479 480/480/480 476/476/476 
f 476/476/476 480/480/480 459/459/459 
f 479/479/479 481/481/481 480/480/480 
f 481/481/481 482/482/482 480/480/480 
f 481/481/481 483/483/483 482/482/482 
f 483/483/483 484/484/484 482/482/482 
f 482/482/482 484/484/484 485/485/485 
f 484/484/484 486/486/486 485/485/485 
f 486/486/486 487/487/487 485/485/485 
f 486/486/486 488/488/488 487/487/487 
f 488/488/488 489/489/489 487/487/487 
f 488/488/488 490/490/490 489/489/489 
f 490/490/490 491/491/491 489/489/489 
f 492/492/492 482/482/482 485/485/485 
f 483/483/483 493/493/493 484/484/484 
f 493/493/493 486/486/486 484/484/484 
f 493/493/493 494/494/494 486/486/486 
f 494/494/494 488/488/488 486/486/486 
f 480/480/480 482/482/482 443/443/443 
f 480/480/480 443/443/443 459/459/459 
f 482/482/482 444/444/444 443/443/443 
f 492/492/492 485/485/485 495/495/495 
f 485/485/485 487/487/487 495/495/495 
f 487/487/487 496/496/496 495/495/495 
f 487/487/487 489/489/489 496/496/496 
f 489/489/489 497/497/497 496/496/496 
f 489/489/489 491/491/491 497/497/497 
f 491/491/491 498/498/498 497/497/497 
f 444/444/444 482/482/482 499/499/499 
f 482/482/482 492/492/492 499/499/499 
f 444/444/444 499/499/499 446/446/446 
f 499/499/499 455/455/455 446/446/446 
f 499/499/499 500/500/500 455/455/455 
f 499/499/499 492/492/492 500/500/500 
f 492/492/492 495/495/495 500/500/500 
f 495/495/495 496/496/496 500/500/500 
f 500/500/500 501/501/501 455/455/455 
f 496/496/496 501/501/501 500/500/500 
f 496/496/496 497/497/497 501/501/501 
f 501/501/501 454/454/454 455/455/455 
f 501/501/501 502/502/502 454/454/454 
f 497/497/497 502/502/502 501/501/501 
f 502/502/502 456/456/456 454/454/454 
f 502/502/502 503/503/503 456/456/456 
f 503/503/503 457/457/457 456/456/456 
f 497/497/497 504/504/504 502/502/502 
f 504/504/504 503/503/503 502/502/502 
f 498/498/498 504/504/504 497/497/497 
f 457/457/457 503/503/503 505/505/505 
f 457/457/457 505/505/505 452/452/452 
f 503/503/503 506/506/506 505/505/505 
f 452/452/452 505/505/505 453/453/453 
f 505/505/505 507/507/507 453/453/453 
f 505/505/505 506/506/506 507/507/507 
f 507/507/507 508/508/508 453/453/453 
f 506/506/506 509/509/509 507/507/507 
f 507/507/507 509/509/509 508/508/508 
f 509/509/509 510/510/510 508/508/508 
f 510/510/510 512/512/512 511/511/511 
f 512/512/512 513/513/513 511/511/511 
f 512/512/512 514/514/514 513/513/513 
f 514/514/514 515/515/515 513/513/513 
f 514/514/514 516/516/516 515/515/515 
f 516/516/516 517/517/517 515/515/515 
f 516/516/516 518/518/518 517/517/517 
f 518/518/518 519/519/519 517/517/517 
f 518/518/518 520/520/520 519/519/519 
f 520/520/520 521/521/521 519/519/519 
f 520/520/520 522/522/522 521/521/521 
f 522/522/522 523/523/523 521/521/521 
f 524/524/524 514/514/514 512/512/512 
f 525/525/525 524/524/524 512/512/512 
f 526/526/526 512/512/512 510/510/510 
f 525/525/525 512/512/512 526/526/526 
f 527/527/527 523/523/523 522/522/522 
f 528/528/528 527/527/527 522/522/522 
f 528/528/528 529/529/529 527/527/527 
f 529/529/529 530/530/530 527/527/527 
f 523/523/523 527/527/527 429/429/429 
f 438/438/438 523/523/523 429/429/429 
f 521/521/521 523/523/523 438/438/438 
f 530/530/530 426/426/426 527/527/527 
f 426/426/426 429/429/429 527/527/527 
f 440/440/440 521/521/521 438/438/438 
f 519/519/519 521/521/521 441/441/441 
f 441/441/441 521/521/521 440/440/440 
f 445/445/445 519/519/519 441/441/441 
f 517/517/517 519/519/519 445/445/445 
f 447/447/447 517/517/517 445/445/445 
f 515/515/515 517/517/517 447/447/447 
f 449/449/449 515/515/515 447/447/447 
f 513/513/513 515/515/515 449/449/449 
f 451/451/451 513/513/513 449/449/449 
f 511/511/511 513/513/513 451/451/451 
f 453/453/453 511/511/511 451/451/451 
f 426/426/426 530/530/530 531/531/531 
f 530/530/530 529/529/529 531/531/531 
f 529/529/529 532/532/532 531/531/531 
f 531/531/531 532/532/532 533/533/533 
f 532/532/532 534/534/534 533/533/533 
f 533/533/533 534/534/534 535/535/535 
f 536/536/536 533/533/533 535/535/535 
f 536/536/536 535/535/535 537/537/537 
f 535/535/535 538/538/538 537/537/537 
f 537/537/537 538/538/538 539/539/539 
f 538/538/538 540/540/540 539/539/539 
f 539/539/539 540/540/540 541/541/541 
f 540/540/540 542/542/542 541/541/541 
f 541/541/541 542/542/542 543/543/543 
f 542/542/542 544/544/544 543/543/543 
f 543/543/543 544/544/544 545/545/545 
f 544/544/544 546/546/546 545/545/545 
f 545/545/545 546/546/546 547/547/547 
f 546/546/546 548/548/548 547/547/547 
f 544/544/544 549/549/549 546/546/546 
f 549/549/549 550/550/550 546/546/546 
f 546/546/546 551/551/551 548/548/548 
f 546/546/546 550/550/550 551/551/551 
f 536/536/536 537/537/537 552/552/552 
f 536/536/536 552/552/552 553/553/553 
f 553/553/553 552/552/552 554/554/554 
f 555/555/555 553/553/553 554/554/554 
f 553/553/553 555/555/555 556/556/556 
f 555/555/555 557/557/557 556/556/556 
f 558/558/558 556/556/556 557/557/557 
f 558/558/558 559/559/559 556/556/556 
f 559/559/559 558/558/558 560/560/560 
f 561/561/561 559/559/559 560/560/560 
f 560/560/560 558/558/558 562/562/562 
f 558/558/558 563/563/563 562/562/562 
f 563/563/563 558/558/558 557/557/557 
f 562/562/562 564/564/564 560/560/560 
f 564/564/564 565/565/565 560/560/560 
f 561/561/561 560/560/560 565/565/565 
f 565/565/565 564/564/564 566/566/566 
f 567/567/567 565/565/565 566/566/566 
f 566/566/566 568/568/568 567/567/567 
f 568/568/568 569/569/569 567/567/567 
f 569/569/569 568/568/568 570/570/570 
f 570/570/570 571/571/571 569/569/569 
f 571/571/571 572/572/572 569/569/569 
f 572/572/572 571/571/571 573/573/573 
f 574/574/574 572/572/572 573/573/573 
f 574/574/574 573/573/573 575/575/575 
f 576/576/576 574/574/574 575/575/575 
f 576/576/576 575/575/575 577/577/577 
f 578/578/578 576/576/576 577/577/577 
f 578/578/578 577/577/577 579/579/579 
f 580/580/580 578/578/578 579/579/579 
f 579/579/579 581/581/581 580/580/580 
f 581/581/581 582/582/582 580/580/580 
f 583/583/583 577/577/577 575/575/575 
f 584/584/584 583/583/583 575/575/575 
f 583/583/583 585/585/585 577/577/577 
f 585/585/585 579/579/579 577/577/577 
f 585/585/585 586/586/586 579/579/579 
f 586/586/586 581/581/581 579/579/579 
f 574/574/574 587/587/587 572/572/572 
f 587/587/587 588/588/588 572/572/572 
f 589/589/589 588/588/588 587/587/587 
f 589/589/589 590/590/590 588/588/588 
f 590/590/590 591/591/591 588/588/588 
f 592/592/592 589/589/589 587/587/587 
f 592/592/592 587/587/587 593/593/593 
f 594/594/594 592/592/592 593/593/593 
f 594/594/594 593/593/593 595/595/595 
f 596/596/596 594/594/594 595/595/595 
f 596/596/596 595/595/595 597/597/597 
f 598/598/598 596/596/596 597/597/597 
f 598/598/598 597/597/597 599/599/599 
f 600/600/600 598/598/598 599/599/599 
f 601/601/601 596/596/596 598/598/598 
f 602/602/602 601/601/601 598/598/598 
f 603/603/603 598/598/598 600/600/600 
f 602/602/602 598/598/598 603/603/603 
f 604/604/604 591/591/591 590/590/590 
f 605/605/605 604/604/604 590/590/590 
f 605/605/605 606/606/606 604/604/604 
f 606/606/606 607/607/607 604/604/604 
f 607/607/607 608/608/608 604/604/604 
f 608/608/608 565/565/565 604/604/604 
f 609/609/609 565/565/565 608/608/608 
f 610/610/610 609/609/609 608/608/608 
f 609/609/609 561/561/561 565/565/565 
f 591/591/591 604/604/604 565/565/565 
f 567/567/567 591/591/591 565/565/565 
f 588/588/588 591/591/591 567/567/567 
f 569/569/569 588/588/588 567/567/567 
f 572/572/572 588/588/588 569/569/569 
f 611/611/611 606/606/606 605/605/605 
f 612/612/612 611/611/611 605/605/605 
f 613/613/613 611/611/611 612/612/612 
f 614/614/614 613/613/613 612/612/612 
f 614/614/614 612/612/612 615/615/615 
f 612/612/612 616/616/616 615/615/615 
f 615/615/615 616/616/616 617/617/617 
f 618/618/618 615/615/615 617/617/617 
f 618/618/618 617/617/617 619/619/619 
f 620/620/620 618/618/618 619/619/619 
f 621/621/621 620/620/620 619/619/619 
f 622/622/622 621/621/621 619/619/619 
f 623/623/623 621/621/621 622/622/622 
f 623/623/623 622/622/622 594/594/594 
f 596/596/596 623/623/623 594/594/594 
f 594/594/594 622/622/622 592/592/592 
f 622/622/622 619/619/619 592/592/592 
f 619/619/619 617/617/617 592/592/592 
f 617/617/617 589/589/589 592/592/592 
f 617/617/617 616/616/616 589/589/589 
f 616/616/616 590/590/590 589/589/589 
f 590/590/590 616/616/616 612/612/612 
f 605/605/605 590/590/590 612/612/612 
f 624/624/624 623/623/623 596/596/596 
f 601/601/601 624/624/624 596/596/596 
f 601/601/601 625/625/625 624/624/624 
f 625/625/625 626/626/626 624/624/624 
f 624/624/624 626/626/626 623/623/623 
f 626/626/626 621/621/621 623/623/623 
f 625/625/625 627/627/627 626/626/626 
f 627/627/627 628/628/628 626/626/626 
f 626/626/626 628/628/628 621/621/621 
f 627/627/627 629/629/629 628/628/628 
f 629/629/629 630/630/630 628/628/628 
f 629/629/629 631/631/631 630/630/630 
f 631/631/631 632/632/632 630/630/630 
f 633/633/633 632/632/632 631/631/631 
f 634/634/634 633/633/633 631/631/631 
f 634/634/634 635/635/635 633/633/633 
f 628/628/628 630/630/630 620/620/620 
f 628/628/628 620/620/620 621/621/621 
f 630/630/630 618/618/618 620/620/620 
f 630/630/630 632/632/632 618/618/618 
f 632/632/632 615/615/615 618/618/618 
f 615/615/615 632/632/632 633/633/633 
f 614/614/614 615/615/615 633/633/633 
f 633/633/633 636/636/636 614/614/614 
f 637/637/637 636/636/636 633/633/633 
f 636/636/636 613/613/613 614/614/614 
f 636/636/636 637/637/637 638/638/638 
f 613/613/613 636/636/636 639/639/639 
f 636/636/636 638/638/638 639/639/639 
f 613/613/613 639/639/639 640/640/640 
f 640/640/640 639/639/639 641/641/641 
f 639/639/639 642/642/642 641/641/641 
f 639/639/639 638/638/638 642/642/642 
f 611/611/611 613/613/613 640/640/640 
f 641/641/641 642/642/642 643/643/643 
f 644/644/644 641/641/641 643/643/643 
f 644/644/644 643/643/643 645/645/645 
f 643/643/643 646/646/646 645/645/645 
f 645/645/645 646/646/646 647/647/647 
f 646/646/646 648/648/648 647/647/647 
f 648/648/648 649/649/649 647/647/647 
f 649/649/649 650/650/650 647/647/647 
f 649/649/649 651/651/651 650/650/650 
f 650/650/650 651/651/651 652/652/652 
f 651/651/651 653/653/653 652/652/652 
f 652/652/652 653/653/653 654/654/654 
f 655/655/655 652/652/652 654/654/654 
f 656/656/656 652/652/652 655/655/655 
f 647/647/647 650/650/650 656/656/656 
f 650/650/650 652/652/652 656/656/656 
f 645/645/645 647/647/647 656/656/656 
f 657/657/657 656/656/656 655/655/655 
f 658/658/658 656/656/656 657/657/657 
f 658/658/658 645/645/645 656/656/656 
f 644/644/644 645/645/645 658/658/658 
f 659/659/659 658/658/658 657/657/657 
f 660/660/660 658/658/658 659/659/659 
f 661/661/661 660/660/660 659/659/659 
f 654/654/654 653/653/653 662/662/662 
f 653/653/653 663/663/663 662/662/662 
f 662/662/662 663/663/663 664/664/664 
f 663/663/663 665/665/665 664/664/664 
f 653/653/653 666/666/666 663/663/663 
f 666/666/666 667/667/667 663/663/663 
f 663/663/663 668/668/668 665/665/665 
f 663/663/663 667/667/667 668/668/668 
f 661/661/661 669/669/669 660/660/660 
f 669/669/669 670/670/670 660/660/660 
f 671/671/671 670/670/670 669/669/669 
f 672/672/672 671/671/671 669/669/669 
f 606/606/606 671/671/671 672/672/672 
f 607/607/607 606/606/606 672/672/672 
f 669/669/669 661/661/661 673/673/673 
f 661/661/661 674/674/674 673/673/673 
f 673/673/673 674/674/674 675/675/675 
f 676/676/676 673/673/673 675/675/675 
f 673/673/673 676/676/676 677/677/677 
f 676/676/676 678/678/678 677/677/677 
f 679/679/679 677/677/677 678/678/678 
f 679/679/679 680/680/680 677/677/677 
f 680/680/680 679/679/679 681/681/681 
f 682/682/682 680/680/680 681/681/681 
f 681/681/681 679/679/679 683/683/683 
f 679/679/679 684/684/684 683/683/683 
f 684/684/684 679/679/679 678/678/678 
f 683/683/683 685/685/685 681/681/681 
f 685/685/685 686/686/686 681/681/681 
f 682/682/682 681/681/681 686/686/686 
f 686/686/686 685/685/685 687/687/687 
f 688/688/688 686/686/686 687/687/687 
f 687/687/687 689/689/689 688/688/688 
f 689/689/689 690/690/690 688/688/688 
f 690/690/690 689/689/689 691/691/691 
f 691/691/691 692/692/692 690/690/690 
f 692/692/692 693/693/693 690/690/690 
f 693/693/693 692/692/692 694/694/694 
f 695/695/695 693/693/693 694/694/694 
f 695/695/695 694/694/694 696/696/696 
f 697/697/697 695/695/695 696/696/696 
f 697/697/697 696/696/696 698/698/698 
f 699/699/699 697/697/697 698/698/698 
f 699/699/699 698/698/698 700/700/700 
f 701/701/701 699/699/699 700/700/700 
f 700/700/700 702/702/702 701/701/701 
f 702/702/702 703/703/703 701/701/701 
f 704/704/704 698/698/698 696/696/696 
f 705/705/705 704/704/704 696/696/696 
f 704/704/704 706/706/706 698/698/698 
f 706/706/706 700/700/700 698/698/698 
f 706/706/706 707/707/707 700/700/700 
f 707/707/707 702/702/702 700/700/700 
f 695/695/695 708/708/708 693/693/693 
f 708/708/708 709/709/709 693/693/693 
f 710/710/710 709/709/709 708/708/708 
f 710/710/710 711/711/711 709/709/709 
f 711/711/711 712/712/712 709/709/709 
f 713/713/713 710/710/710 708/708/708 
f 713/713/713 708/708/708 714/714/714 
f 715/715/715 713/713/713 714/714/714 
f 715/715/715 714/714/714 716/716/716 
f 717/717/717 715/715/715 716/716/716 
f 717/717/717 716/716/716 718/718/718 
f 719/719/719 717/717/717 718/718/718 
f 719/719/719 718/718/718 720/720/720 
f 721/721/721 719/719/719 720/720/720 
f 722/722/722 717/717/717 719/719/719 
f 723/723/723 722/722/722 719/719/719 
f 724/724/724 719/719/719 721/721/721 
f 723/723/723 719/719/719 724/724/724 
f 725/725/725 712/712/712 711/711/711 
f 726/726/726 725/725/725 711/711/711 
f 726/726/726 727/727/727 725/725/725 
f 727/727/727 728/728/728 725/725/725 
f 728/728/728 729/729/729 725/725/725 
f 729/729/729 686/686/686 725/725/725 
f 730/730/730 686/686/686 729/729/729 
f 731/731/731 730/730/730 729/729/729 
f 730/730/730 682/682/682 686/686/686 
f 712/712/712 725/725/725 686/686/686 
f 688/688/688 712/712/712 686/686/686 
f 709/709/709 712/712/712 688/688/688 
f 690/690/690 709/709/709 688/688/688 
f 693/693/693 709/709/709 690/690/690 
f 732/732/732 727/727/727 726/726/726 
f 733/733/733 732/732/732 726/726/726 
f 734/734/734 732/732/732 733/733/733 
f 735/735/735 734/734/734 733/733/733 
f 735/735/735 733/733/733 736/736/736 
f 733/733/733 737/737/737 736/736/736 
f 736/736/736 737/737/737 738/738/738 
f 739/739/739 736/736/736 738/738/738 
f 739/739/739 738/738/738 740/740/740 
f 741/741/741 739/739/739 740/740/740 
f 742/742/742 741/741/741 740/740/740 
f 743/743/743 742/742/742 740/740/740 
f 744/744/744 742/742/742 743/743/743 
f 744/744/744 743/743/743 715/715/715 
f 717/717/717 744/744/744 715/715/715 
f 715/715/715 743/743/743 713/713/713 
f 743/743/743 740/740/740 713/713/713 
f 740/740/740 738/738/738 713/713/713 
f 738/738/738 710/710/710 713/713/713 
f 738/738/738 737/737/737 710/710/710 
f 737/737/737 711/711/711 710/710/710 
f 711/711/711 737/737/737 733/733/733 
f 726/726/726 711/711/711 733/733/733 
f 745/745/745 744/744/744 717/717/717 
f 722/722/722 745/745/745 717/717/717 
f 722/722/722 746/746/746 745/745/745 
f 746/746/746 747/747/747 745/745/745 
f 745/745/745 747/747/747 744/744/744 
f 747/747/747 742/742/742 744/744/744 
f 746/746/746 748/748/748 747/747/747 
f 748/748/748 749/749/749 747/747/747 
f 747/747/747 749/749/749 742/742/742 
f 748/748/748 750/750/750 749/749/749 
f 750/750/750 751/751/751 749/749/749 
f 750/750/750 752/752/752 751/751/751 
f 752/752/752 753/753/753 751/751/751 
f 754/754/754 753/753/753 752/752/752 
f 755/755/755 754/754/754 752/752/752 
f 755/755/755 756/756/756 754/754/754 
f 756/756/756 757/757/757 754/754/754 
f 749/749/749 751/751/751 741/741/741 
f 749/749/749 741/741/741 742/742/742 
f 751/751/751 739/739/739 741/741/741 
f 751/751/751 753/753/753 739/739/739 
f 753/753/753 736/736/736 739/739/739 
f 736/736/736 753/753/753 754/754/754 
f 735/735/735 736/736/736 754/754/754 
f 754/754/754 757/757/757 735/735/735 
f 757/757/757 734/734/734 735/735/735 
f 757/757/757 756/756/756 758/758/758 
f 756/756/756 759/759/759 758/758/758 
f 758/758/758 759/759/759 760/760/760 
f 759/759/759 761/761/761 760/760/760 
f 760/760/760 761/761/761 762/762/762 
f 763/763/763 760/760/760 762/762/762 
f 763/763/763 762/762/762 764/764/764 
f 762/762/762 765/765/765 764/764/764 
f 764/764/764 765/765/765 766/766/766 
f 765/765/765 767/767/767 766/766/766 
f 766/766/766 767/767/767 768/768/768 
f 767/767/767 769/769/769 768/768/768 
f 768/768/768 769/769/769 770/770/770 
f 769/769/769 771/771/771 770/770/770 
f 770/770/770 771/771/771 772/772/772 
f 772/772/772 771/771/771 773/773/773 
f 772/772/772 773/773/773 774/774/774 
f 775/775/775 772/772/772 774/774/774 
f 776/776/776 772/772/772 775/775/775 
f 777/777/777 776/776/776 775/775/775 
f 778/778/778 776/776/776 777/777/777 
f 779/779/779 778/778/778 777/777/777 
f 780/780/780 778/778/778 779/779/779 
f 781/781/781 780/780/780 779/779/779 
f 782/782/782 780/780/780 781/781/781 
f 783/783/783 782/782/782 781/781/781 
f 774/774/774 773/773/773 784/784/784 
f 773/773/773 785/785/785 784/784/784 
f 771/771/771 786/786/786 773/773/773 
f 773/773/773 787/787/787 785/785/785 
f 773/773/773 786/786/786 787/787/787 
f 783/783/783 788/788/788 782/782/782 
f 788/788/788 789/789/789 782/782/782 
f 790/790/790 789/789/789 788/788/788 
f 791/791/791 790/790/790 788/788/788 
f 727/727/727 790/790/790 791/791/791 
f 728/728/728 727/727/727 791/791/791 
f 788/788/788 783/783/783 792/792/792 
f 783/783/783 793/793/793 792/792/792 
f 783/783/783 781/781/781 793/793/793 
f 792/792/792 793/793/793 794/794/794 
f 795/795/795 792/792/792 794/794/794 
f 792/792/792 795/795/795 796/796/796 
f 795/795/795 797/797/797 796/796/796 
f 798/798/798 796/796/796 797/797/797 
f 798/798/798 799/799/799 796/796/796 
f 799/799/799 798/798/798 800/800/800 
f 801/801/801 799/799/799 800/800/800 
f 800/800/800 798/798/798 802/802/802 
f 798/798/798 803/803/803 802/802/802 
f 803/803/803 798/798/798 797/797/797 
f 802/802/802 804/804/804 800/800/800 
f 804/804/804 805/805/805 800/800/800 
f 801/801/801 800/800/800 805/805/805 
f 805/805/805 804/804/804 806/806/806 
f 807/807/807 805/805/805 806/806/806 
f 806/806/806 808/808/808 807/807/807 
f 808/808/808 809/809/809 807/807/807 
f 810/810/810 809/809/809 808/808/808 
f 808/808/808 811/811/811 810/810/810 
f 810/810/810 811/811/811 812/812/812 
f 813/813/813 810/810/810 812/812/812 
f 813/813/813 812/812/812 814/814/814 
f 815/815/815 813/813/813 814/814/814 
f 815/815/815 814/814/814 816/816/816 
f 817/817/817 815/815/815 816/816/816 
f 817/817/817 816/816/816 818/818/818 
f 819/819/819 817/817/817 818/818/818 
f 818/818/818 820/820/820 819/819/819 
f 820/820/820 821/821/821 819/819/819 
f 822/822/822 816/816/816 814/814/814 
f 823/823/823 822/822/822 814/814/814 
f 822/822/822 824/824/824 816/816/816 
f 824/824/824 818/818/818 816/816/816 
f 824/824/824 825/825/825 818/818/818 
f 825/825/825 820/820/820 818/818/818 
f 813/813/813 826/826/826 810/810/810 
f 815/815/815 827/827/827 813/813/813 
f 827/827/827 826/826/826 813/813/813 
f 828/828/828 826/826/826 827/827/827 
f 828/828/828 829/829/829 826/826/826 
f 829/829/829 830/830/830 826/826/826 
f 829/829/829 831/831/831 830/830/830 
f 831/831/831 832/832/832 830/830/830 
f 833/833/833 828/828/828 827/827/827 
f 833/833/833 827/827/827 834/834/834 
f 835/835/835 833/833/833 834/834/834 
f 835/835/835 834/834/834 836/836/836 
f 837/837/837 835/835/835 836/836/836 
f 837/837/837 836/836/836 838/838/838 
f 839/839/839 837/837/837 838/838/838 
f 840/840/840 835/835/835 837/837/837 
f 841/841/841 840/840/840 837/837/837 
f 842/842/842 837/837/837 839/839/839 
f 841/841/841 837/837/837 842/842/842 
f 843/843/843 832/832/832 831/831/831 
f 844/844/844 843/843/843 831/831/831 
f 844/844/844 845/845/845 843/843/843 
f 845/845/845 846/846/846 843/843/843 
f 832/832/832 843/843/843 805/805/805 
f 807/807/807 832/832/832 805/805/805 
f 846/846/846 847/847/847 843/843/843 
f 847/847/847 805/805/805 843/843/843 
f 848/848/848 805/805/805 847/847/847 
f 849/849/849 848/848/848 847/847/847 
f 848/848/848 801/801/801 805/805/805 
f 850/850/850 845/845/845 844/844/844 
f 851/851/851 850/850/850 844/844/844 
f 852/852/852 850/850/850 851/851/851 
f 853/853/853 852/852/852 851/851/851 
f 853/853/853 851/851/851 854/854/854 
f 851/851/851 855/855/855 854/854/854 
f 854/854/854 855/855/855 856/856/856 
f 857/857/857 854/854/854 856/856/856 
f 857/857/857 856/856/856 858/858/858 
f 859/859/859 857/857/857 858/858/858 
f 860/860/860 859/859/859 858/858/858 
f 861/861/861 860/860/860 858/858/858 
f 862/862/862 860/860/860 861/861/861 
f 862/862/862 861/861/861 833/833/833 
f 835/835/835 862/862/862 833/833/833 
f 833/833/833 861/861/861 828/828/828 
f 861/861/861 858/858/858 828/828/828 
f 858/858/858 856/856/856 828/828/828 
f 856/856/856 829/829/829 828/828/828 
f 856/856/856 855/855/855 829/829/829 
f 855/855/855 831/831/831 829/829/829 
f 831/831/831 855/855/855 851/851/851 
f 844/844/844 831/831/831 851/851/851 
f 863/863/863 862/862/862 835/835/835 
f 840/840/840 863/863/863 835/835/835 
f 840/840/840 864/864/864 863/863/863 
f 864/864/864 865/865/865 863/863/863 
f 863/863/863 865/865/865 862/862/862 
f 865/865/865 860/860/860 862/862/862 
f 864/864/864 866/866/866 865/865/865 
f 866/866/866 867/867/867 865/865/865 
f 865/865/865 867/867/867 860/860/860 
f 866/866/866 868/868/868 867/867/867 
f 868/868/868 869/869/869 867/867/867 
f 868/868/868 870/870/870 869/869/869 
f 870/870/870 871/871/871 869/869/869 
f 872/872/872 871/871/871 870/870/870 
f 873/873/873 872/872/872 870/870/870 
f 873/873/873 874/874/874 872/872/872 
f 867/867/867 869/869/869 859/859/859 
f 867/867/867 859/859/859 860/860/860 
f 869/869/869 857/857/857 859/859/859 
f 869/869/869 871/871/871 857/857/857 
f 871/871/871 854/854/854 857/857/857 
f 853/853/853 854/854/854 872/872/872 
f 854/854/854 871/871/871 875/875/875 
f 875/875/875 876/876/876 853/853/853 
f 876/876/876 852/852/852 853/853/853 
f 852/852/852 876/876/876 877/877/877 
f 852/852/852 877/877/877 878/878/878 
f 878/878/878 877/877/877 879/879/879 
f 877/877/877 880/880/880 879/879/879 
f 850/850/850 852/852/852 878/878/878 
f 879/879/879 880/880/880 881/881/881 
f 882/882/882 879/879/879 881/881/881 
f 882/882/882 881/881/881 883/883/883 
f 881/881/881 884/884/884 883/883/883 
f 883/883/883 884/884/884 885/885/885 
f 884/884/884 886/886/886 885/885/885 
f 886/886/886 887/887/887 885/885/885 
f 887/887/887 888/888/888 885/885/885 
f 887/887/887 889/889/889 888/888/888 
f 888/888/888 889/889/889 890/890/890 
f 889/889/889 891/891/891 890/890/890 
f 890/890/890 891/891/891 892/892/892 
f 893/893/893 890/890/890 892/892/892 
f 894/894/894 890/890/890 893/893/893 
f 885/885/885 888/888/888 894/894/894 
f 888/888/888 890/890/890 894/894/894 
f 883/883/883 885/885/885 894/894/894 
f 895/895/895 894/894/894 893/893/893 
f 896/896/896 894/894/894 895/895/895 
f 896/896/896 883/883/883 894/894/894 
f 882/882/882 883/883/883 896/896/896 
f 897/897/897 896/896/896 895/895/895 
f 898/898/898 896/896/896 897/897/897 
f 899/899/899 898/898/898 897/897/897 
f 892/892/892 891/891/891 900/900/900 
f 891/891/891 901/901/901 900/900/900 
f 900/900/900 901/901/901 902/902/902 
f 901/901/901 903/903/903 902/902/902 
f 891/891/891 904/904/904 901/901/901 
f 904/904/904 905/905/905 901/901/901 
f 901/901/901 906/906/906 903/903/903 
f 901/901/901 905/905/905 906/906/906 
f 899/899/899 907/907/907 898/898/898 
f 907/907/907 908/908/908 898/898/898 
f 909/909/909 908/908/908 907/907/907 
f 910/910/910 909/909/909 907/907/907 
f 845/845/845 909/909/909 910/910/910 
f 846/846/846 845/845/845 910/910/910 
f 907/907/907 899/899/899 911/911/911 
f 899/899/899 912/912/912 911/911/911 
f 911/911/911 912/912/912 913/913/913 
f 914/914/914 911/911/911 913/913/913 
f 911/911/911 914/914/914 915/915/915 
f 914/914/914 916/916/916 915/915/915 
f 917/917/917 915/915/915 916/916/916 
f 917/917/917 918/918/918 915/915/915 
f 918/918/918 917/917/917 919/919/919 
f 920/920/920 918/918/918 919/919/919 
f 919/919/919 917/917/917 921/921/921 
f 917/917/917 922/922/922 921/921/921 
f 922/922/922 917/917/917 916/916/916 
f 921/921/921 923/923/923 919/919/919 
f 923/923/923 924/924/924 919/919/919 
f 920/920/920 919/919/919 924/924/924 
f 924/924/924 923/923/923 925/925/925 
f 926/926/926 924/924/924 925/925/925 
f 925/925/925 927/927/927 926/926/926 
f 927/927/927 928/928/928 926/926/926 
f 928/928/928 927/927/927 929/929/929 
f 930/930/930 928/928/928 929/929/929 
f 929/929/929 931/931/931 930/930/930 
f 930/930/930 931/931/931 932/932/932 
f 933/933/933 930/930/930 932/932/932 
f 933/933/933 932/932/932 934/934/934 
f 935/935/935 933/933/933 934/934/934 
f 935/935/935 934/934/934 936/936/936 
f 937/937/937 935/935/935 936/936/936 
f 937/937/937 936/936/936 938/938/938 
f 939/939/939 937/937/937 938/938/938 
f 938/938/938 940/940/940 939/939/939 
f 940/940/940 941/941/941 939/939/939 
f 942/942/942 936/936/936 934/934/934 
f 943/943/943 942/942/942 934/934/934 
f 942/942/942 944/944/944 936/936/936 
f 944/944/944 938/938/938 936/936/936 
f 944/944/944 945/945/945 938/938/938 
f 945/945/945 940/940/940 938/938/938 
f 933/933/933 946/946/946 930/930/930 
f 935/935/935 947/947/947 933/933/933 
f 947/947/947 946/946/946 933/933/933 
f 948/948/948 946/946/946 947/947/947 
f 948/948/948 949/949/949 946/946/946 
f 949/949/949 950/950/950 946/946/946 
f 949/949/949 951/951/951 950/950/950 
f 951/951/951 952/952/952 950/950/950 
f 953/953/953 948/948/948 947/947/947 
f 953/953/953 947/947/947 954/954/954 
f 955/955/955 953/953/953 954/954/954 
f 955/955/955 954/954/954 956/956/956 
f 957/957/957 955/955/955 956/956/956 
f 957/957/957 956/956/956 958/958/958 
f 959/959/959 957/957/957 958/958/958 
f 960/960/960 955/955/955 957/957/957 
f 961/961/961 960/960/960 957/957/957 
f 962/962/962 957/957/957 959/959/959 
f 961/961/961 957/957/957 962/962/962 
f 963/963/963 952/952/952 951/951/951 
f 964/964/964 963/963/963 951/951/951 
f 964/964/964 965/965/965 963/963/963 
f 965/965/965 966/966/966 963/963/963 
f 966/966/966 965/965/965 967/967/967 
f 965/965/965 968/968/968 967/967/967 
f 967/967/967 968/968/968 969/969/969 
f 968/968/968 970/970/970 969/969/969 
f 969/969/969 970/970/970 971/971/971 
f 972/972/972 969/969/969 971/971/971 
f 972/972/972 971/971/971 973/973/973 
f 971/971/971 974/974/974 973/973/973 
f 973/973/973 974/974/974 975/975/975 
f 974/974/974 976/976/976 975/975/975 
f 975/975/975 976/976/976 977/977/977 
f 976/976/976 978/978/978 977/977/977 
f 977/977/977 978/978/978 979/979/979 
f 978/978/978 980/980/980 979/979/979 
f 979/979/979 980/980/980 981/981/981 
f 980/980/980 982/982/982 981/981/981 
f 981/981/981 982/982/982 983/983/983 
f 982/982/982 984/984/984 983/983/983 
f 980/980/980 985/985/985 982/982/982 
f 985/985/985 986/986/986 982/982/982 
f 982/982/982 987/987/987 984/984/984 
f 982/982/982 986/986/986 987/987/987 
f 972/972/972 973/973/973 988/988/988 
f 972/972/972 988/988/988 989/989/989 
f 989/989/989 988/988/988 990/990/990 
f 991/991/991 989/989/989 990/990/990 
f 989/989/989 991/991/991 992/992/992 
f 991/991/991 993/993/993 992/992/992 
f 433/433/433 992/992/992 993/993/993 
f 433/433/433 432/432/432 992/992/992 
f 432/432/432 994/994/994 992/992/992 
f 992/992/992 994/994/994 989/989/989 
f 435/435/435 433/433/433 993/993/993 
f 995/995/995 990/990/990 988/988/988 
f 996/996/996 995/995/995 988/988/988 
f 997/997/997 995/995/995 996/996/996 
f 996/996/996 998/998/998 997/997/997 
f 997/997/997 998/998/998 999/999/999 
f 998/998/998 1000/1000/1000 999/999/999 
f 999/999/999 1000/1000/1000 1001/1001/1001 
f 1000/1000/1000 1002/1002/1002 1001/1001/1001 
f 1001/1001/1001 1002/1002/1002 1003/1003/1003 
f 1002/1002/1002 1004/1004/1004 1003/1003/1003 
f 1003/1003/1003 1004/1004/1004 1005/1005/1005 
f 1004/1004/1004 1006/1006/1006 1005/1005/1005 
f 1007/1007/1007 1005/1005/1005 1006/1006/1006 
f 1008/1008/1008 1007/1007/1007 1006/1006/1006 
f 1003/1003/1003 1009/1009/1009 1001/1001/1001 
f 1009/1009/1009 1010/1010/1010 1001/1001/1001 
f 1005/1005/1005 1011/1011/1011 1003/1003/1003 
f 1011/1011/1011 1009/1009/1009 1003/1003/1003 
f 1007/1007/1007 1012/1012/1012 1005/1005/1005 
f 1012/1012/1012 1011/1011/1011 1005/1005/1005 
f 975/975/975 1000/1000/1000 998/998/998 
f 973/973/973 975/975/975 998/998/998 
f 975/975/975 977/977/977 1000/1000/1000 
f 977/977/977 1002/1002/1002 1000/1000/1000 
f 977/977/977 979/979/979 1002/1002/1002 
f 979/979/979 1004/1004/1004 1002/1002/1002 
f 979/979/979 981/981/981 1004/1004/1004 
f 981/981/981 1006/1006/1006 1004/1004/1004 
f 981/981/981 983/983/983 1006/1006/1006 
f 983/983/983 1008/1008/1008 1006/1006/1006 
f 1012/1012/1012 1013/1013/1013 1011/1011/1011 
f 1013/1013/1013 1014/1014/1014 1011/1011/1011 
f 1011/1011/1011 1014/1014/1014 1009/1009/1009 
f 1014/1014/1014 1015/1015/1015 1009/1009/1009 
f 1009/1009/1009 1015/1015/1015 1010/1010/1010 
f 1015/1015/1015 1016/1016/1016 1010/1010/1010 
f 1016/1016/1016 1017/1017/1017 1010/1010/1010 
f 1010/1010/1010 1017/1017/1017 1001/1001/1001 
f 1017/1017/1017 999/999/999 1001/1001/1001 
f 1018/1018/1018 999/999/999 1017/1017/1017 
f 999/999/999 1018/1018/1018 997/997/997 
f 1018/1018/1018 1019/1019/1019 997/997/997 
f 1018/1018/1018 1020/1020/1020 1019/1019/1019 
f 1020/1020/1020 1021/1021/1021 1019/1019/1019 
f 1019/1019/1019 1021/1021/1021 1022/1022/1022 
f 1021/1021/1021 1023/1023/1023 1022/1022/1022 
f 1024/1024/1024 1020/1020/1020 1018/1018/1018 
f 1025/1025/1025 1024/1024/1024 1018/1018/1018 
f 1025/1025/1025 1018/1018/1018 1026/1026/1026 
f 1027/1027/1027 1025/1025/1025 1026/1026/1026 
f 1028/1028/1028 1027/1027/1027 1026/1026/1026 
f 1029/1029/1029 1027/1027/1027 1028/1028/1028 
f 1030/1030/1030 1029/1029/1029 1028/1028/1028 
f 1031/1031/1031 1029/1029/1029 1030/1030/1030 
f 1032/1032/1032 1031/1031/1031 1030/1030/1030 
f 1018/1018/1018 1033/1033/1033 1026/1026/1026 
f 1027/1027/1027 1034/1034/1034 1025/1025/1025 
f 1034/1034/1034 1024/1024/1024 1025/1025/1025 
f 1029/1029/1029 1035/1035/1035 1027/1027/1027 
f 1035/1035/1035 1034/1034/1034 1027/1027/1027 
f 1022/1022/1022 1023/1023/1023 477/477/477 
f 475/475/475 1022/1022/1022 477/477/477 
f 1026/1026/1026 1033/1033/1033 1036/1036/1036 
f 1028/1028/1028 1026/1026/1026 1036/1036/1036 
f 1037/1037/1037 1028/1028/1028 1036/1036/1036 
f 1030/1030/1030 1028/1028/1028 1037/1037/1037 
f 1038/1038/1038 1030/1030/1030 1037/1037/1037 
f 1032/1032/1032 1030/1030/1030 1038/1038/1038 
f 1039/1039/1039 1032/1032/1032 1038/1038/1038 
f 1033/1033/1033 1018/1018/1018 1017/1017/1017 
f 1036/1036/1036 1033/1033/1033 1016/1016/1016 
f 1033/1033/1033 1017/1017/1017 1016/1016/1016 
f 1037/1037/1037 1036/1036/1036 1016/1016/1016 
f 1015/1015/1015 1037/1037/1037 1016/1016/1016 
f 1038/1038/1038 1037/1037/1037 1015/1015/1015 
f 1014/1014/1014 1038/1038/1038 1015/1015/1015 
f 1040/1040/1040 1038/1038/1038 1014/1014/1014 
f 1040/1040/1040 1039/1039/1039 1038/1038/1038 
f 1013/1013/1013 1040/1040/1040 1014/1014/1014 
f 1042/1042/1042 1041/1041/1041 1035/1035/1035 
f 1042/1042/1042 1035/1035/1035 1029/1029/1029 
f 1031/1031/1031 1042/1042/1042 1029/1029/1029 
f 1042/1042/1042 1043/1043/1043 1041/1041/1041 
f 460/460/460 1044/1044/1044 475/475/475 
f 1045/1045/1045 1044/1044/1044 460/460/460 
f 997/997/997 1044/1044/1044 1045/1045/1045 
f 1046/1046/1046 997/997/997 1045/1045/1045 
f 997/997/997 1046/1046/1046 995/995/995 
f 461/461/461 1045/1045/1045 460/460/460 
f 995/995/995 1046/1046/1046 1047/1047/1047 
f 995/995/995 1047/1047/1047 1048/1048/1048 
f 990/990/990 995/995/995 1048/1048/1048 
f 990/990/990 1048/1048/1048 1049/1049/1049 
f 991/991/991 990/990/990 1049/1049/1049 
f 991/991/991 1049/1049/1049 1050/1050/1050 
f 1049/1049/1049 1051/1051/1051 1050/1050/1050 
f 1051/1051/1051 1052/1052/1052 1050/1050/1050 
f 1050/1050/1050 1052/1052/1052 1053/1053/1053 
f 1054/1054/1054 1050/1050/1050 1053/1053/1053 
f 1055/1055/1055 1054/1054/1054 1053/1053/1053 
f 1056/1056/1056 1055/1055/1055 1053/1053/1053 
f 1056/1056/1056 1057/1057/1057 1055/1055/1055 
f 1057/1057/1057 1058/1058/1058 1055/1055/1055 
f 1055/1055/1055 434/434/434 1054/1054/1054 
f 434/434/434 435/435/435 1054/1054/1054 
f 1058/1058/1058 436/436/436 1055/1055/1055 
f 436/436/436 434/434/434 1055/1055/1055 
f 437/437/437 436/436/436 1058/1058/1058 
f 1059/1059/1059 437/437/437 1058/1058/1058 
f 439/439/439 437/437/437 1059/1059/1059 
f 463/463/463 439/439/439 1059/1059/1059 
f 442/442/442 439/439/439 463/463/463 
f 435/435/435 993/993/993 1054/1054/1054 
f 993/993/993 1050/1050/1050 1054/1054/1054 
f 993/993/993 991/991/991 1050/1050/1050 
f 1061/1061/1061 1060/1060/1060 1058/1058/1058 
f 1060/1060/1060 1062/1062/1062 1058/1058/1058 
f 1065/1065/1065 1064/1064/1064 1063/1063/1063 
f 1064/1064/1064 1066/1066/1066 1063/1063/1063 
f 1065/1065/1065 1063/1063/1063 1067/1067/1067 
f 1063/1063/1063 1068/1068/1068 1067/1067/1067 
f 1067/1067/1067 1068/1068/1068 1069/1069/1069 
f 1070/1070/1070 1067/1067/1067 1069/1069/1069 
f 1070/1070/1070 1069/1069/1069 1071/1071/1071 
f 1072/1072/1072 1070/1070/1070 1071/1071/1071 
f 1073/1073/1073 1072/1072/1072 1071/1071/1071 
f 1074/1074/1074 1073/1073/1073 1071/1071/1071 
f 1075/1075/1075 1073/1073/1073 1074/1074/1074 
f 1075/1075/1075 1074/1074/1074 516/516/516 
f 514/514/514 1075/1075/1075 516/516/516 
f 516/516/516 1074/1074/1074 518/518/518 
f 1074/1074/1074 1071/1071/1071 518/518/518 
f 1071/1071/1071 1069/1069/1069 518/518/518 
f 1069/1069/1069 520/520/520 518/518/518 
f 1069/1069/1069 1068/1068/1068 520/520/520 
f 1068/1068/1068 522/522/522 520/520/520 
f 522/522/522 1068/1068/1068 1063/1063/1063 
f 528/528/528 522/522/522 1063/1063/1063 
f 1063/1063/1063 1066/1066/1066 528/528/528 
f 1066/1066/1066 529/529/529 528/528/528 
f 1076/1076/1076 1075/1075/1075 514/514/514 
f 524/524/524 1076/1076/1076 514/514/514 
f 524/524/524 1077/1077/1077 1076/1076/1076 
f 1077/1077/1077 1078/1078/1078 1076/1076/1076 
f 1076/1076/1076 1078/1078/1078 1075/1075/1075 
f 1078/1078/1078 1073/1073/1073 1075/1075/1075 
f 1077/1077/1077 1079/1079/1079 1078/1078/1078 
f 1079/1079/1079 1080/1080/1080 1078/1078/1078 
f 1079/1079/1079 1081/1081/1081 1080/1080/1080 
f 1081/1081/1081 1082/1082/1082 1080/1080/1080 
f 1081/1081/1081 1083/1083/1083 1082/1082/1082 
f 1083/1083/1083 1084/1084/1084 1082/1082/1082 
f 1085/1085/1085 1084/1084/1084 1083/1083/1083 
f 1078/1078/1078 1080/1080/1080 1073/1073/1073 
f 1080/1080/1080 1072/1072/1072 1073/1073/1073 
f 1080/1080/1080 1082/1082/1082 1072/1072/1072 
f 1082/1082/1082 1070/1070/1070 1072/1072/1072 
f 1082/1082/1082 1084/1084/1084 1070/1070/1070 
f 1084/1084/1084 1067/1067/1067 1070/1070/1070 
f 1067/1067/1067 1084/1084/1084 1085/1085/1085 
f 1065/1065/1065 1067/1067/1067 1085/1085/1085 
f 1087/1087/1087 1086/1086/1086 1083/1083/1083 
f 1087/1087/1087 1089/1089/1089 1088/1088/1088 
f 1091/1091/1091 1090/1090/1090 1065/1065/1065 
f 1090/1090/1090 1064/1064/1064 1065/1065/1065 
f 1064/1064/1064 1090/1090/1090 1092/1092/1092 
f 1064/1064/1064 1092/1092/1092 1093/1093/1093 
f 1093/1093/1093 1092/1092/1092 1094/1094/1094 
f 1092/1092/1092 1095/1095/1095 1094/1094/1094 
f 1066/1066/1066 1064/1064/1064 1093/1093/1093 
f 1094/1094/1094 1095/1095/1095 1096/1096/1096 
f 1097/1097/1097 1094/1094/1094 1096/1096/1096 
f 1097/1097/1097 1096/1096/1096 1098/1098/1098 
f 1096/1096/1096 1099/1099/1099 1098/1098/1098 
f 1098/1098/1098 1099/1099/1099 1100/1100/1100 
f 1099/1099/1099 1101/1101/1101 1100/1100/1100 
f 1101/1101/1101 1102/1102/1102 1100/1100/1100 
f 1102/1102/1102 1103/1103/1103 1100/1100/1100 
f 1102/1102/1102 1104/1104/1104 1103/1103/1103 
f 1103/1103/1103 1104/1104/1104 542/542/542 
f 1104/1104/1104 544/544/544 542/542/542 
f 1100/1100/1100 1103/1103/1103 540/540/540 
f 1103/1103/1103 542/542/542 540/540/540 
f 1098/1098/1098 1100/1100/1100 540/540/540 
f 538/538/538 1098/1098/1098 540/540/540 
f 1097/1097/1097 1098/1098/1098 538/538/538 
f 535/535/535 1097/1097/1097 538/538/538 
f 1097/1097/1097 535/535/535 1094/1094/1094 
f 535/535/535 534/534/534 1094/1094/1094 
f 1093/1093/1093 1094/1094/1094 534/534/534 
f 532/532/532 1093/1093/1093 534/534/534 
f 1066/1066/1066 1093/1093/1093 532/532/532 
f 529/529/529 1066/1066/1066 532/532/532 
f 1104/1104/1104 1105/1105/1105 544/544/544 
f 1105/1105/1105 549/549/549 544/544/544 
f 1106/1106/1106 549/549/549 1105/1105/1105 
f 1107/1107/1107 1106/1106/1106 1105/1105/1105 
f 1107/1107/1107 1105/1105/1105 1104/1104/1104 
f 1108/1108/1108 1106/1106/1106 1107/1107/1107 
f 1109/1109/1109 1108/1108/1108 1107/1107/1107 
f 1110/1110/1110 1108/1108/1108 1109/1109/1109 
f 1111/1111/1111 1110/1110/1110 1109/1109/1109 
f 1112/1112/1112 1110/1110/1110 1111/1111/1111 
f 1113/1113/1113 1112/1112/1112 1111/1111/1111 
f 1113/1113/1113 1114/1114/1114 1112/1112/1112 
f 1114/1114/1114 1115/1115/1115 1112/1112/1112 
f 1116/1116/1116 1115/1115/1115 1114/1114/1114 
f 1117/1117/1117 1116/1116/1116 1114/1114/1114 
f 1118/1118/1118 1116/1116/1116 1117/1117/1117 
f 1090/1090/1090 1118/1118/1118 1117/1117/1117 
f 1118/1118/1118 1090/1090/1090 1119/1119/1119 
f 1109/1109/1109 1107/1107/1107 1102/1102/1102 
f 1102/1102/1102 1107/1107/1107 1104/1104/1104 
f 1101/1101/1101 1109/1109/1109 1102/1102/1102 
f 1111/1111/1111 1109/1109/1109 1101/1101/1101 
f 1099/1099/1099 1111/1111/1111 1101/1101/1101 
f 1113/1113/1113 1111/1111/1111 1099/1099/1099 
f 1096/1096/1096 1113/1113/1113 1099/1099/1099 
f 1113/1113/1113 1096/1096/1096 1114/1114/1114 
f 1096/1096/1096 1095/1095/1095 1114/1114/1114 
f 1117/1117/1117 1114/1114/1114 1095/1095/1095 
f 1092/1092/1092 1117/1117/1117 1095/1095/1095 
f 1090/1090/1090 1117/1117/1117 1092/1092/1092 
f 1121/1121/1121 1120/1120/1120 494/494/494 
f 494/494/494 1120/1120/1120 488/488/488 
f 1120/1120/1120 490/490/490 488/488/488 
f 1122/1122/1122 1120/1120/1120 1121/1121/1121 
f 1124/1124/1124 525/525/525 1123/1123/1123 
f 1123/1123/1123 525/525/525 526/526/526 
f 1127/1127/1127 1126/1126/1126 1125/1125/1125 
f 1126/1126/1126 1128/1128/1128 1125/1125/1125 
f 1127/1127/1127 1125/1125/1125 1129/1129/1129 
f 1125/1125/1125 1130/1130/1130 1129/1129/1129 
f 1131/1131/1131 1126/1126/1126 1127/1127/1127 
f 1132/1132/1132 1131/1131/1131 1127/1127/1127 
f 1132/1132/1132 1127/1127/1127 1129/1129/1129 
f 1133/1133/1133 1132/1132/1132 1129/1129/1129 
f 1134/1134/1134 1131/1131/1131 1132/1132/1132 
f 1135/1135/1135 1134/1134/1134 1132/1132/1132 
f 1136/1136/1136 1134/1134/1134 1135/1135/1135 
f 1137/1137/1137 1136/1136/1136 1135/1135/1135 
f 1135/1135/1135 1132/1132/1132 1138/1138/1138 
f 1132/1132/1132 1133/1133/1133 1138/1138/1138 
f 1130/1130/1130 1125/1125/1125 1139/1139/1139 
f 1140/1140/1140 1130/1130/1130 1139/1139/1139 
f 1141/1141/1141 1140/1140/1140 1139/1139/1139 
f 1141/1141/1141 1139/1139/1139 1142/1142/1142 
f 1143/1143/1143 1141/1141/1141 1142/1142/1142 
f 1143/1143/1143 1142/1142/1142 1144/1144/1144 
f 1145/1145/1145 1143/1143/1143 1144/1144/1144 
f 1146/1146/1146 1141/1141/1141 1143/1143/1143 
f 1147/1147/1147 1146/1146/1146 1143/1143/1143 
f 1147/1147/1147 1143/1143/1143 1145/1145/1145 
f 1148/1148/1148 1147/1147/1147 1145/1145/1145 
f 1149/1149/1149 1147/1147/1147 1148/1148/1148 
f 1150/1150/1150 1149/1149/1149 1148/1148/1148 
f 1151/1151/1151 1149/1149/1149 1150/1150/1150 
f 1151/1151/1151 1152/1152/1152 1149/1149/1149 
f 1152/1152/1152 1153/1153/1153 1149/1149/1149 
f 1149/1149/1149 1153/1153/1153 1147/1147/1147 
f 1153/1153/1153 1146/1146/1146 1147/1147/1147 
f 1154/1154/1154 1151/1151/1151 1150/1150/1150 
f 1155/1155/1155 1151/1151/1151 1154/1154/1154 
f 1156/1156/1156 1155/1155/1155 1154/1154/1154 
f 1155/1155/1155 1157/1157/1157 1151/1151/1151 
f 1157/1157/1157 1152/1152/1152 1151/1151/1151 
f 1152/1152/1152 1157/1157/1157 1158/1158/1158 
f 1157/1157/1157 1159/1159/1159 1158/1158/1158 
f 1153/1153/1153 1152/1152/1152 1160/1160/1160 
f 1152/1152/1152 1158/1158/1158 1160/1160/1160 
f 1146/1146/1146 1153/1153/1153 1161/1161/1161 
f 1153/1153/1153 1160/1160/1160 1161/1161/1161 
f 1141/1141/1141 1146/1146/1146 1161/1161/1161 
f 1161/1161/1161 1162/1162/1162 1141/1141/1141 
f 1162/1162/1162 1140/1140/1140 1141/1141/1141 
f 1162/1162/1162 1163/1163/1163 1140/1140/1140 
f 1163/1163/1163 1130/1130/1130 1140/1140/1140 
f 1163/1163/1163 1164/1164/1164 1130/1130/1130 
f 1164/1164/1164 1129/1129/1129 1130/1130/1130 
f 1129/1129/1129 1164/1164/1164 1165/1165/1165 
f 1133/1133/1133 1129/1129/1129 1165/1165/1165 
f 1133/1133/1133 1165/1165/1165 1166/1166/1166 
f 1138/1138/1138 1133/1133/1133 1166/1166/1166 
f 1138/1138/1138 1166/1166/1166 1167/1167/1167 
f 1135/1135/1135 1138/1138/1138 1167/1167/1167 
f 1135/1135/1135 1167/1167/1167 1168/1168/1168 
f 1135/1135/1135 1168/1168/1168 1169/1169/1169 
f 1137/1137/1137 1135/1135/1135 1170/1170/1170 
f 1137/1137/1137 1170/1170/1170 1171/1171/1171 
f 1172/1172/1172 1137/1137/1137 1171/1171/1171 
f 1172/1172/1172 1173/1173/1173 1137/1137/1137 
f 1172/1172/1172 1174/1174/1174 1173/1173/1173 
f 1173/1173/1173 1136/1136/1136 1137/1137/1137 
f 1136/1136/1136 1173/1173/1173 1175/1175/1175 
f 1136/1136/1136 1175/1175/1175 1176/1176/1176 
f 1134/1134/1134 1136/1136/1136 1176/1176/1176 
f 1176/1176/1176 1175/1175/1175 1177/1177/1177 
f 1175/1175/1175 1178/1178/1178 1177/1177/1177 
f 1134/1134/1134 1176/1176/1176 1179/1179/1179 
f 1131/1131/1131 1134/1134/1134 1179/1179/1179 
f 1131/1131/1131 1179/1179/1179 1180/1180/1180 
f 1126/1126/1126 1131/1131/1131 1180/1180/1180 
f 1126/1126/1126 1180/1180/1180 1181/1181/1181 
f 1128/1128/1128 1126/1126/1126 1181/1181/1181 
f 1181/1181/1181 1180/1180/1180 1182/1182/1182 
f 1180/1180/1180 1183/1183/1183 1182/1182/1182 
f 1180/1180/1180 1179/1179/1179 1183/1183/1183 
f 1182/1182/1182 1183/1183/1183 1184/1184/1184 
f 1185/1185/1185 1182/1182/1182 1184/1184/1184 
f 1179/1179/1179 1186/1186/1186 1183/1183/1183 
f 1183/1183/1183 1186/1186/1186 1184/1184/1184 
f 1179/1179/1179 1176/1176/1176 1186/1186/1186 
f 1176/1176/1176 1177/1177/1177 1186/1186/1186 
f 1186/1186/1186 1187/1187/1187 1184/1184/1184 
f 1187/1187/1187 1186/1186/1186 1188/1188/1188 
f 1186/1186/1186 1177/1177/1177 1188/1188/1188 
f 1182/1182/1182 1185/1185/1185 1189/1189/1189 
f 1185/1185/1185 1190/1190/1190 1189/1189/1189 
f 1190/1190/1190 1191/1191/1191 1189/1189/1189 
f 1189/1189/1189 1191/1191/1191 1192/1192/1192 
f 1191/1191/1191 1193/1193/1193 1192/1192/1192 
f 1192/1192/1192 1193/1193/1193 1194/1194/1194 
f 1193/1193/1193 1195/1195/1195 1194/1194/1194 
f 1194/1194/1194 1195/1195/1195 1196/1196/1196 
f 1195/1195/1195 1197/1197/1197 1196/1196/1196 
f 1191/1191/1191 1198/1198/1198 1193/1193/1193 
f 1198/1198/1198 1199/1199/1199 1193/1193/1193 
f 1193/1193/1193 1199/1199/1199 1195/1195/1195 
f 1199/1199/1199 1200/1200/1200 1195/1195/1195 
f 1195/1195/1195 1200/1200/1200 1197/1197/1197 
f 1200/1200/1200 1201/1201/1201 1197/1197/1197 
f 1199/1199/1199 1202/1202/1202 1200/1200/1200 
f 1202/1202/1202 1203/1203/1203 1200/1200/1200 
f 1200/1200/1200 1203/1203/1203 1201/1201/1201 
f 1202/1202/1202 1204/1204/1204 1203/1203/1203 
f 1205/1205/1205 1204/1204/1204 1202/1202/1202 
f 1206/1206/1206 1205/1205/1205 1202/1202/1202 
f 1198/1198/1198 1206/1206/1206 1199/1199/1199 
f 1206/1206/1206 1202/1202/1202 1199/1199/1199 
f 1204/1204/1204 1207/1207/1207 1203/1203/1203 
f 1203/1203/1203 1207/1207/1207 1208/1208/1208 
f 1203/1203/1203 1208/1208/1208 1201/1201/1201 
f 1207/1207/1207 1209/1209/1209 1208/1208/1208 
f 1204/1204/1204 1210/1210/1210 1207/1207/1207 
f 1210/1210/1210 1211/1211/1211 1207/1207/1207 
f 1207/1207/1207 1211/1211/1211 1209/1209/1209 
f 1211/1211/1211 1212/1212/1212 1209/1209/1209 
f 1205/1205/1205 1213/1213/1213 1204/1204/1204 
f 1213/1213/1213 1210/1210/1210 1204/1204/1204 
f 1210/1210/1210 1213/1213/1213 1214/1214/1214 
f 1213/1213/1213 1205/1205/1205 1215/1215/1215 
f 1216/1216/1216 1213/1213/1213 1215/1215/1215 
f 1215/1215/1215 1205/1205/1205 1217/1217/1217 
f 1205/1205/1205 1206/1206/1206 1217/1217/1217 
f 1217/1217/1217 1206/1206/1206 1218/1218/1218 
f 1206/1206/1206 1198/1198/1198 1218/1218/1218 
f 1198/1198/1198 1191/1191/1191 1218/1218/1218 
f 1219/1219/1219 1218/1218/1218 1191/1191/1191 
f 1190/1190/1190 1219/1219/1219 1191/1191/1191 
f 1220/1220/1220 1219/1219/1219 1190/1190/1190 
f 1185/1185/1185 1220/1220/1220 1190/1190/1190 
f 1221/1221/1221 1220/1220/1220 1185/1185/1185 
f 1184/1184/1184 1221/1221/1221 1185/1185/1185 
f 1221/1221/1221 1184/1184/1184 1222/1222/1222 
f 1184/1184/1184 1187/1187/1187 1222/1222/1222 
f 1222/1222/1222 1187/1187/1187 1223/1223/1223 
f 1187/1187/1187 1188/1188/1188 1223/1223/1223 
f 1223/1223/1223 1188/1188/1188 1224/1224/1224 
f 1188/1188/1188 1177/1177/1177 1224/1224/1224 
f 1224/1224/1224 1177/1177/1177 1225/1225/1225 
f 1225/1225/1225 1177/1177/1177 1226/1226/1226 
f 1177/1177/1177 1178/1178/1178 1227/1227/1227 
f 1227/1227/1227 1178/1178/1178 1228/1228/1228 
f 1178/1178/1178 1229/1229/1229 1228/1228/1228 
f 1230/1230/1230 1229/1229/1229 1178/1178/1178 
f 1175/1175/1175 1230/1230/1230 1178/1178/1178 
f 1173/1173/1173 1230/1230/1230 1175/1175/1175 
f 1231/1231/1231 1229/1229/1229 1230/1230/1230 
f 989/989/989 1233/1233/1233 1232/1232/1232 
f 1233/1233/1233 1234/1234/1234 1232/1232/1232 
f 1232/1232/1232 1234/1234/1234 1235/1235/1235 
f 1234/1234/1234 1236/1236/1236 1235/1235/1235 
f 994/994/994 1233/1233/1233 989/989/989 
f 989/989/989 1232/1232/1232 969/969/969 
f 969/969/969 972/972/972 989/989/989 
f 1232/1232/1232 967/967/967 969/969/969 
f 1232/1232/1232 1235/1235/1235 967/967/967 
f 1235/1235/1235 966/966/966 967/967/967 
f 1236/1236/1236 1237/1237/1237 1235/1235/1235 
f 1237/1237/1237 924/924/924 1235/1235/1235 
f 1237/1237/1237 920/920/920 924/924/924 
f 966/966/966 1235/1235/1235 963/963/963 
f 1235/1235/1235 924/924/924 963/963/963 
f 952/952/952 963/963/963 924/924/924 
f 926/926/926 952/952/952 924/924/924 
f 950/950/950 952/952/952 926/926/926 
f 928/928/928 950/950/950 926/926/926 
f 930/930/930 950/950/950 928/928/928 
f 946/946/946 950/950/950 930/930/930 
f 1239/1239/1239 467/467/467 1238/1238/1238 
f 467/467/467 1240/1240/1240 1238/1238/1238 
f 467/467/467 1239/1239/1239 466/466/466 
f 1241/1241/1241 1240/1240/1240 467/467/467 
f 1242/1242/1242 1241/1241/1241 467/467/467 
f 472/472/472 1242/1242/1242 467/467/467 
f 465/465/465 466/466/466 1239/1239/1239 
f 1243/1243/1243 465/465/465 1239/1239/1239 
f 1243/1243/1243 1239/1239/1239 1047/1047/1047 
f 1239/1239/1239 1238/1238/1238 1047/1047/1047 
f 1047/1047/1047 1238/1238/1238 1244/1244/1244 
f 1238/1238/1238 1245/1245/1245 1244/1244/1244 
f 1046/1046/1046 1243/1243/1243 1047/1047/1047 
f 1046/1046/1046 1045/1045/1045 1243/1243/1243 
f 1045/1045/1045 465/465/465 1243/1243/1243 
f 1045/1045/1045 461/461/461 465/465/465 
f 1248/1248/1248 1247/1247/1247 1246/1246/1246 
f 1247/1247/1247 1249/1249/1249 1246/1246/1246 
f 1250/1250/1250 1247/1247/1247 1248/1248/1248 
f 1251/1251/1251 1250/1250/1250 1248/1248/1248 
f 1246/1246/1246 1249/1249/1249 1252/1252/1252 
f 1253/1253/1253 1246/1246/1246 1252/1252/1252 
f 1253/1253/1253 1252/1252/1252 1254/1254/1254 
f 1252/1252/1252 1255/1255/1255 1254/1254/1254 
f 1254/1254/1254 1255/1255/1255 1256/1256/1256 
f 1255/1255/1255 1257/1257/1257 1256/1256/1256 
f 1257/1257/1257 1258/1258/1258 1256/1256/1256 
f 1258/1258/1258 1259/1259/1259 1256/1256/1256 
f 1258/1258/1258 1260/1260/1260 1259/1259/1259 
f 1259/1259/1259 1260/1260/1260 978/978/978 
f 1260/1260/1260 980/980/980 978/978/978 
f 1256/1256/1256 1259/1259/1259 976/976/976 
f 1259/1259/1259 978/978/978 976/976/976 
f 1254/1254/1254 1256/1256/1256 976/976/976 
f 974/974/974 1254/1254/1254 976/976/976 
f 1253/1253/1253 1254/1254/1254 974/974/974 
f 971/971/971 1253/1253/1253 974/974/974 
f 1253/1253/1253 971/971/971 1246/1246/1246 
f 971/971/971 970/970/970 1246/1246/1246 
f 1248/1248/1248 1246/1246/1246 970/970/970 
f 968/968/968 1248/1248/1248 970/970/970 
f 1251/1251/1251 1248/1248/1248 968/968/968 
f 965/965/965 1251/1251/1251 968/968/968 
f 1260/1260/1260 1261/1261/1261 980/980/980 
f 1261/1261/1261 985/985/985 980/980/980 
f 1262/1262/1262 985/985/985 1261/1261/1261 
f 1263/1263/1263 1262/1262/1262 1261/1261/1261 
f 1263/1263/1263 1261/1261/1261 1260/1260/1260 
f 1264/1264/1264 1262/1262/1262 1263/1263/1263 
f 1265/1265/1265 1264/1264/1264 1263/1263/1263 
f 1266/1266/1266 1264/1264/1264 1265/1265/1265 
f 1267/1267/1267 1266/1266/1266 1265/1265/1265 
f 1268/1268/1268 1266/1266/1266 1267/1267/1267 
f 1269/1269/1269 1268/1268/1268 1267/1267/1267 
f 1269/1269/1269 1270/1270/1270 1268/1268/1268 
f 1270/1270/1270 1271/1271/1271 1268/1268/1268 
f 1272/1272/1272 1271/1271/1271 1270/1270/1270 
f 1273/1273/1273 1272/1272/1272 1270/1270/1270 
f 1274/1274/1274 1272/1272/1272 1273/1273/1273 
f 1275/1275/1275 1274/1274/1274 1273/1273/1273 
f 1265/1265/1265 1263/1263/1263 1258/1258/1258 
f 1258/1258/1258 1263/1263/1263 1260/1260/1260 
f 1257/1257/1257 1265/1265/1265 1258/1258/1258 
f 1267/1267/1267 1265/1265/1265 1257/1257/1257 
f 1255/1255/1255 1267/1267/1267 1257/1257/1257 
f 1269/1269/1269 1267/1267/1267 1255/1255/1255 
f 1252/1252/1252 1269/1269/1269 1255/1255/1255 
f 1269/1269/1269 1252/1252/1252 1270/1270/1270 
f 1252/1252/1252 1249/1249/1249 1270/1270/1270 
f 1273/1273/1273 1270/1270/1270 1249/1249/1249 
f 1247/1247/1247 1273/1273/1273 1249/1249/1249 
f 1275/1275/1275 1273/1273/1273 1247/1247/1247 
f 1250/1250/1250 1275/1275/1275 1247/1247/1247 
f 1274/1274/1274 1275/1275/1275 1276/1276/1276 
f 1277/1277/1277 1274/1274/1274 1276/1276/1276 
f 1277/1277/1277 1276/1276/1276 1278/1278/1278 
f 1276/1276/1276 1279/1279/1279 1278/1278/1278 
f 1278/1278/1278 1279/1279/1279 1280/1280/1280 
f 1281/1281/1281 1278/1278/1278 1280/1280/1280 
f 1281/1281/1281 1280/1280/1280 1282/1282/1282 
f 1283/1283/1283 1281/1281/1281 1282/1282/1282 
f 1283/1283/1283 1282/1282/1282 1284/1284/1284 
f 1285/1285/1285 1283/1283/1283 1284/1284/1284 
f 1285/1285/1285 1284/1284/1284 1286/1286/1286 
f 960/960/960 1285/1285/1285 1286/1286/1286 
f 960/960/960 1286/1286/1286 955/955/955 
f 1286/1286/1286 1287/1287/1287 955/955/955 
f 1286/1286/1286 1284/1284/1284 1287/1287/1287 
f 955/955/955 1287/1287/1287 953/953/953 
f 1287/1287/1287 1288/1288/1288 953/953/953 
f 1287/1287/1287 1289/1289/1289 1288/1288/1288 
f 1284/1284/1284 1289/1289/1289 1287/1287/1287 
f 1284/1284/1284 1282/1282/1282 1289/1289/1289 
f 1288/1288/1288 1289/1289/1289 1290/1290/1290 
f 1289/1289/1289 1291/1291/1291 1290/1290/1290 
f 1282/1282/1282 1291/1291/1291 1289/1289/1289 
f 1282/1282/1282 1280/1280/1280 1291/1291/1291 
f 1291/1291/1291 1292/1292/1292 1290/1290/1290 
f 1280/1280/1280 1292/1292/1292 1291/1291/1291 
f 1292/1292/1292 1293/1293/1293 1290/1290/1290 
f 1292/1292/1292 1294/1294/1294 1293/1293/1293 
f 1294/1294/1294 1295/1295/1295 1293/1293/1293 
f 1296/1296/1296 1295/1295/1295 1294/1294/1294 
f 1297/1297/1297 1296/1296/1296 1294/1294/1294 
f 1297/1297/1297 1250/1250/1250 1296/1296/1296 
f 1250/1250/1250 1251/1251/1251 1296/1296/1296 
f 953/953/953 1288/1288/1288 948/948/948 
f 1288/1288/1288 1290/1290/1290 948/948/948 
f 1290/1290/1290 1293/1293/1293 948/948/948 
f 1293/1293/1293 949/949/949 948/948/948 
f 1293/1293/1293 1295/1295/1295 949/949/949 
f 1295/1295/1295 951/951/951 949/949/949 
f 951/951/951 1295/1295/1295 1296/1296/1296 
f 964/964/964 951/951/951 1296/1296/1296 
f 1296/1296/1296 1251/1251/1251 964/964/964 
f 1251/1251/1251 965/965/965 964/964/964 
f 1279/1279/1279 1294/1294/1294 1292/1292/1292 
f 1280/1280/1280 1279/1279/1279 1292/1292/1292 
f 1297/1297/1297 1294/1294/1294 1276/1276/1276 
f 1294/1294/1294 1279/1279/1279 1276/1276/1276 
f 1276/1276/1276 1275/1275/1275 1297/1297/1297 
f 1275/1275/1275 1250/1250/1250 1297/1297/1297 
f 1299/1299/1299 1298/1298/1298 1049/1049/1049 
f 1298/1298/1298 1300/1300/1300 1049/1049/1049 
f 973/973/973 996/996/996 988/988/988 
f 973/973/973 998/998/998 996/996/996 
f 1044/1044/1044 1022/1022/1022 475/475/475 
f 1019/1019/1019 1022/1022/1022 1044/1044/1044 
f 997/997/997 1019/1019/1019 1044/1044/1044 
f 986/986/986 1302/1302/1302 1301/1301/1301 
f 986/986/986 1301/1301/1301 987/987/987 
f 1303/1303/1303 1012/1012/1012 1007/1007/1007 
f 1013/1013/1013 1012/1012/1012 1303/1303/1303 
f 1304/1304/1304 1013/1013/1013 1303/1303/1303 
f 1303/1303/1303 1007/1007/1007 1008/1008/1008 
f 1305/1305/1305 1303/1303/1303 1008/1008/1008 
f 1304/1304/1304 1303/1303/1303 1305/1305/1305 
f 1306/1306/1306 1305/1305/1305 1008/1008/1008 
f 1307/1307/1307 1304/1304/1304 1305/1305/1305 
f 1307/1307/1307 1305/1305/1305 1306/1306/1306 
f 984/984/984 1307/1307/1307 1306/1306/1306 
f 1154/1154/1154 1308/1308/1308 1156/1156/1156 
f 1308/1308/1308 1309/1309/1309 1156/1156/1156 
f 1310/1310/1310 1308/1308/1308 1154/1154/1154 
f 1150/1150/1150 1310/1310/1310 1154/1154/1154 
f 1311/1311/1311 1310/1310/1310 1150/1150/1150 
f 1148/1148/1148 1311/1311/1311 1150/1150/1150 
f 1148/1148/1148 1145/1145/1145 1311/1311/1311 
f 1145/1145/1145 1312/1312/1312 1311/1311/1311 
f 1145/1145/1145 1144/1144/1144 1312/1312/1312 
f 1144/1144/1144 1313/1313/1313 1312/1312/1312 
f 1314/1314/1314 1312/1312/1312 1313/1313/1313 
f 1315/1315/1315 1314/1314/1314 1313/1313/1313 
f 1316/1316/1316 1314/1314/1314 1315/1315/1315 
f 1317/1317/1317 1316/1316/1316 1315/1315/1315 
f 1318/1318/1318 1316/1316/1316 1317/1317/1317 
f 1319/1319/1319 1318/1318/1318 1317/1317/1317 
f 1318/1318/1318 1320/1320/1320 1316/1316/1316 
f 1320/1320/1320 1321/1321/1321 1316/1316/1316 
f 1316/1316/1316 1321/1321/1321 1314/1314/1314 
f 1321/1321/1321 1322/1322/1322 1314/1314/1314 
f 1314/1314/1314 1322/1322/1322 1312/1312/1312 
f 1322/1322/1322 1311/1311/1311 1312/1312/1312 
f 1321/1321/1321 1323/1323/1323 1322/1322/1322 
f 1323/1323/1323 1324/1324/1324 1322/1322/1322 
f 1323/1323/1323 1325/1325/1325 1324/1324/1324 
f 1326/1326/1326 1325/1325/1325 1323/1323/1323 
f 1327/1327/1327 1326/1326/1326 1323/1323/1323 
f 1320/1320/1320 1327/1327/1327 1321/1321/1321 
f 1327/1327/1327 1323/1323/1323 1321/1321/1321 
f 1325/1325/1325 1328/1328/1328 1324/1324/1324 
f 1324/1324/1324 1328/1328/1328 1310/1310/1310 
f 1328/1328/1328 1308/1308/1308 1310/1310/1310 
f 1322/1322/1322 1324/1324/1324 1311/1311/1311 
f 1324/1324/1324 1310/1310/1310 1311/1311/1311 
f 1325/1325/1325 1329/1329/1329 1328/1328/1328 
f 1329/1329/1329 1330/1330/1330 1328/1328/1328 
f 1328/1328/1328 1330/1330/1330 1308/1308/1308 
f 1330/1330/1330 1309/1309/1309 1308/1308/1308 
f 1326/1326/1326 1331/1331/1331 1325/1325/1325 
f 1331/1331/1331 1329/1329/1329 1325/1325/1325 
f 1329/1329/1329 1331/1331/1331 1332/1332/1332 
f 1335/1335/1335 1334/1334/1334 1333/1333/1333 
f 1334/1334/1334 1336/1336/1336 1333/1333/1333 
f 1336/1336/1336 1334/1334/1334 1337/1337/1337 
f 1335/1335/1335 1338/1338/1338 1334/1334/1334 
f 1338/1338/1338 1339/1339/1339 1334/1334/1334 
f 1339/1339/1339 1340/1340/1340 1334/1334/1334 
f 1334/1334/1334 1341/1341/1341 1337/1337/1337 
f 1341/1341/1341 1334/1334/1334 1342/1342/1342 
f 1334/1334/1334 1343/1343/1343 1342/1342/1342 
f 1340/1340/1340 1344/1344/1344 1334/1334/1334 
f 1344/1344/1344 1345/1345/1345 1334/1334/1334 
f 1345/1345/1345 1343/1343/1343 1334/1334/1334 
f 1346/1346/1346 1337/1337/1337 1341/1341/1341 
f 1337/1337/1337 1346/1346/1346 1347/1347/1347 
f 1346/1346/1346 1348/1348/1348 1347/1347/1347 
f 1349/1349/1349 1346/1346/1346 1341/1341/1341 
f 1349/1349/1349 1341/1341/1341 1350/1350/1350 
f 1341/1341/1341 1342/1342/1342 1350/1350/1350 
f 1350/1350/1350 1342/1342/1342 1351/1351/1351 
f 1342/1342/1342 1343/1343/1343 1351/1351/1351 
f 1345/1345/1345 1344/1344/1344 1352/1352/1352 
f 1352/1352/1352 1344/1344/1344 1353/1353/1353 
f 1354/1354/1354 1345/1345/1345 1352/1352/1352 
f 1351/1351/1351 1343/1343/1343 1354/1354/1354 
f 1343/1343/1343 1345/1345/1345 1354/1354/1354 
f 554/554/554 1351/1351/1351 1354/1354/1354 
f 555/555/555 554/554/554 1354/1354/1354 
f 555/555/555 1354/1354/1354 1355/1355/1355 
f 557/557/557 555/555/555 1355/1355/1355 
f 557/557/557 1352/1352/1352 1356/1356/1356 
f 563/563/563 557/557/557 1356/1356/1356 
f 562/562/562 563/563/563 1356/1356/1356 
f 1357/1357/1357 562/562/562 1356/1356/1356 
f 1357/1357/1357 1356/1356/1356 1358/1358/1358 
f 1339/1339/1339 1357/1357/1357 1358/1358/1358 
f 1339/1339/1339 1359/1359/1359 1357/1357/1357 
f 1359/1359/1359 1360/1360/1360 1357/1357/1357 
f 1359/1359/1359 1361/1361/1361 1360/1360/1360 
f 1361/1361/1361 1362/1362/1362 1360/1360/1360 
f 1360/1360/1360 564/564/564 1357/1357/1357 
f 564/564/564 562/562/562 1357/1357/1357 
f 1362/1362/1362 566/566/566 1360/1360/1360 
f 566/566/566 564/564/564 1360/1360/1360 
f 568/568/568 566/566/566 1362/1362/1362 
f 1363/1363/1363 568/568/568 1362/1362/1362 
f 1333/1333/1333 1363/1363/1363 1362/1362/1362 
f 1333/1333/1333 1364/1364/1364 1363/1363/1363 
f 1364/1364/1364 1365/1365/1365 1363/1363/1363 
f 1366/1366/1366 1333/1333/1333 1362/1362/1362 
f 570/570/570 568/568/568 1363/1363/1363 
f 1367/1367/1367 570/570/570 1363/1363/1363 
f 1368/1368/1368 570/570/570 1367/1367/1367 
f 571/571/571 570/570/570 1368/1368/1368 
f 1369/1369/1369 571/571/571 1368/1368/1368 
f 1369/1369/1369 1368/1368/1368 1370/1370/1370 
f 1368/1368/1368 1371/1371/1371 1370/1370/1370 
f 1346/1346/1346 1368/1368/1368 1367/1367/1367 
f 1371/1371/1371 1368/1368/1368 1346/1346/1346 
f 1369/1369/1369 1370/1370/1370 1372/1372/1372 
f 1373/1373/1373 1369/1369/1369 1372/1372/1372 
f 1373/1373/1373 1372/1372/1372 1374/1374/1374 
f 1375/1375/1375 1373/1373/1373 1374/1374/1374 
f 1375/1375/1375 1376/1376/1376 1373/1373/1373 
f 1376/1376/1376 1377/1377/1377 1373/1373/1373 
f 1373/1373/1373 1377/1377/1377 1369/1369/1369 
f 1377/1377/1377 571/571/571 1369/1369/1369 
f 1376/1376/1376 1378/1378/1378 1377/1377/1377 
f 1378/1378/1378 1379/1379/1379 1377/1377/1377 
f 1377/1377/1377 1379/1379/1379 571/571/571 
f 1378/1378/1378 1380/1380/1380 1379/1379/1379 
f 1380/1380/1380 1381/1381/1381 1379/1379/1379 
f 1379/1379/1379 1381/1381/1381 1382/1382/1382 
f 1381/1381/1381 1383/1383/1383 1382/1382/1382 
f 1383/1383/1383 1384/1384/1384 1382/1382/1382 
f 1383/1383/1383 1385/1385/1385 1384/1384/1384 
f 1385/1385/1385 1386/1386/1386 1384/1384/1384 
f 1385/1385/1385 1387/1387/1387 1386/1386/1386 
f 1387/1387/1387 1388/1388/1388 1386/1386/1386 
f 1389/1389/1389 1379/1379/1379 1382/1382/1382 
f 1380/1380/1380 1390/1390/1390 1381/1381/1381 
f 1390/1390/1390 1383/1383/1383 1381/1381/1381 
f 1390/1390/1390 1391/1391/1391 1383/1383/1383 
f 1391/1391/1391 1385/1385/1385 1383/1383/1383 
f 1389/1389/1389 1382/1382/1382 1392/1392/1392 
f 1382/1382/1382 1384/1384/1384 1392/1392/1392 
f 1384/1384/1384 1393/1393/1393 1392/1392/1392 
f 1384/1384/1384 1386/1386/1386 1393/1393/1393 
f 1386/1386/1386 1394/1394/1394 1393/1393/1393 
f 1386/1386/1386 1388/1388/1388 1394/1394/1394 
f 1388/1388/1388 1395/1395/1395 1394/1394/1394 
f 1389/1389/1389 1392/1392/1392 1396/1396/1396 
f 1392/1392/1392 1393/1393/1393 1396/1396/1396 
f 1393/1393/1393 1394/1394/1394 1397/1397/1397 
f 1393/1393/1393 1397/1397/1397 1398/1398/1398 
f 1399/1399/1399 1389/1389/1389 1398/1398/1398 
f 1379/1379/1379 1389/1389/1389 1399/1399/1399 
f 573/573/573 1379/1379/1379 1399/1399/1399 
f 1379/1379/1379 573/573/573 571/571/571 
f 573/573/573 1399/1399/1399 575/575/575 
f 1399/1399/1399 584/584/584 575/575/575 
f 1400/1400/1400 1397/1397/1397 584/584/584 
f 1399/1399/1399 1400/1400/1400 584/584/584 
f 1397/1397/1397 583/583/583 584/584/584 
f 1397/1397/1397 1401/1401/1401 583/583/583 
f 1394/1394/1394 1401/1401/1401 1397/1397/1397 
f 1401/1401/1401 585/585/585 583/583/583 
f 1401/1401/1401 1402/1402/1402 585/585/585 
f 1402/1402/1402 586/586/586 585/585/585 
f 586/586/586 1402/1402/1402 1403/1403/1403 
f 586/586/586 1403/1403/1403 581/581/581 
f 1402/1402/1402 1404/1404/1404 1403/1403/1403 
f 581/581/581 1403/1403/1403 582/582/582 
f 1403/1403/1403 1405/1405/1405 582/582/582 
f 1403/1403/1403 1404/1404/1404 1405/1405/1405 
f 1405/1405/1405 599/599/599 582/582/582 
f 582/582/582 599/599/599 580/580/580 
f 599/599/599 597/597/597 580/580/580 
f 580/580/580 597/597/597 578/578/578 
f 597/597/597 595/595/595 578/578/578 
f 578/578/578 595/595/595 576/576/576 
f 595/595/595 593/593/593 576/576/576 
f 576/576/576 593/593/593 574/574/574 
f 593/593/593 587/587/587 574/574/574 
f 1404/1404/1404 1406/1406/1406 1405/1405/1405 
f 1405/1405/1405 1406/1406/1406 599/599/599 
f 1406/1406/1406 600/600/600 599/599/599 
f 1408/1408/1408 1407/1407/1407 1391/1391/1391 
f 1391/1391/1391 1407/1407/1407 1385/1385/1385 
f 1407/1407/1407 1387/1387/1387 1385/1385/1385 
f 1409/1409/1409 1407/1407/1407 1408/1408/1408 
f 1394/1394/1394 1410/1410/1410 1401/1401/1401 
f 1395/1395/1395 1410/1410/1410 1394/1394/1394 
f 1410/1410/1410 1402/1402/1402 1411/1411/1411 
f 1413/1413/1413 602/602/602 1412/1412/1412 
f 1412/1412/1412 602/602/602 603/603/603 
f 1416/1416/1416 1415/1415/1415 1414/1414/1414 
f 1415/1415/1415 1417/1417/1417 1414/1414/1414 
f 1416/1416/1416 1414/1414/1414 1418/1418/1418 
f 1414/1414/1414 1419/1419/1419 1418/1418/1418 
f 1420/1420/1420 1415/1415/1415 1416/1416/1416 
f 1421/1421/1421 1420/1420/1420 1416/1416/1416 
f 1421/1421/1421 1416/1416/1416 1418/1418/1418 
f 1422/1422/1422 1421/1421/1421 1418/1418/1418 
f 1423/1423/1423 1420/1420/1420 1421/1421/1421 
f 1424/1424/1424 1423/1423/1423 1421/1421/1421 
f 1425/1425/1425 1423/1423/1423 1424/1424/1424 
f 1426/1426/1426 1425/1425/1425 1424/1424/1424 
f 1424/1424/1424 1421/1421/1421 1427/1427/1427 
f 1421/1421/1421 1422/1422/1422 1427/1427/1427 
f 1419/1419/1419 1414/1414/1414 1428/1428/1428 
f 1429/1429/1429 1419/1419/1419 1428/1428/1428 
f 1430/1430/1430 1429/1429/1429 1428/1428/1428 
f 1430/1430/1430 1428/1428/1428 1431/1431/1431 
f 1432/1432/1432 1430/1430/1430 1431/1431/1431 
f 1432/1432/1432 1431/1431/1431 1433/1433/1433 
f 1434/1434/1434 1432/1432/1432 1433/1433/1433 
f 1435/1435/1435 1430/1430/1430 1432/1432/1432 
f 1436/1436/1436 1435/1435/1435 1432/1432/1432 
f 1436/1436/1436 1432/1432/1432 1434/1434/1434 
f 1437/1437/1437 1436/1436/1436 1434/1434/1434 
f 1438/1438/1438 1436/1436/1436 1437/1437/1437 
f 1439/1439/1439 1438/1438/1438 1437/1437/1437 
f 1440/1440/1440 1438/1438/1438 1439/1439/1439 
f 1440/1440/1440 1441/1441/1441 1438/1438/1438 
f 1441/1441/1441 1442/1442/1442 1438/1438/1438 
f 1438/1438/1438 1442/1442/1442 1436/1436/1436 
f 1442/1442/1442 1435/1435/1435 1436/1436/1436 
f 1443/1443/1443 1440/1440/1440 1439/1439/1439 
f 1444/1444/1444 1440/1440/1440 1443/1443/1443 
f 1445/1445/1445 1444/1444/1444 1443/1443/1443 
f 1444/1444/1444 1446/1446/1446 1440/1440/1440 
f 1446/1446/1446 1441/1441/1441 1440/1440/1440 
f 1446/1446/1446 1444/1444/1444 1447/1447/1447 
f 1441/1441/1441 1446/1446/1446 1448/1448/1448 
f 1446/1446/1446 1449/1449/1449 1448/1448/1448 
f 1442/1442/1442 1441/1441/1441 1450/1450/1450 
f 1441/1441/1441 1448/1448/1448 1450/1450/1450 
f 1435/1435/1435 1442/1442/1442 1451/1451/1451 
f 1442/1442/1442 1450/1450/1450 1451/1451/1451 
f 1430/1430/1430 1435/1435/1435 1451/1451/1451 
f 1451/1451/1451 1452/1452/1452 1430/1430/1430 
f 1452/1452/1452 1429/1429/1429 1430/1430/1430 
f 1452/1452/1452 1453/1453/1453 1429/1429/1429 
f 1453/1453/1453 1419/1419/1419 1429/1429/1429 
f 1453/1453/1453 1454/1454/1454 1419/1419/1419 
f 1454/1454/1454 1418/1418/1418 1419/1419/1419 
f 1418/1418/1418 1454/1454/1454 1455/1455/1455 
f 1422/1422/1422 1418/1418/1418 1455/1455/1455 
f 1422/1422/1422 1455/1455/1455 1456/1456/1456 
f 1427/1427/1427 1422/1422/1422 1456/1456/1456 
f 1427/1427/1427 1456/1456/1456 1457/1457/1457 
f 1424/1424/1424 1427/1427/1427 1457/1457/1457 
f 1424/1424/1424 1457/1457/1457 1458/1458/1458 
f 1424/1424/1424 1458/1458/1458 1459/1459/1459 
f 1426/1426/1426 1424/1424/1424 1460/1460/1460 
f 1426/1426/1426 1460/1460/1460 1461/1461/1461 
f 1462/1462/1462 1426/1426/1426 1461/1461/1461 
f 1462/1462/1462 1463/1463/1463 1426/1426/1426 
f 1463/1463/1463 1425/1425/1425 1426/1426/1426 
f 1425/1425/1425 1463/1463/1463 1464/1464/1464 
f 1425/1425/1425 1464/1464/1464 1465/1465/1465 
f 1423/1423/1423 1425/1425/1425 1465/1465/1465 
f 1465/1465/1465 1464/1464/1464 1466/1466/1466 
f 1464/1464/1464 1467/1467/1467 1466/1466/1466 
f 1423/1423/1423 1465/1465/1465 1468/1468/1468 
f 1420/1420/1420 1423/1423/1423 1468/1468/1468 
f 1420/1420/1420 1468/1468/1468 1469/1469/1469 
f 1415/1415/1415 1420/1420/1420 1469/1469/1469 
f 1415/1415/1415 1469/1469/1469 1470/1470/1470 
f 1417/1417/1417 1415/1415/1415 1470/1470/1470 
f 1470/1470/1470 1469/1469/1469 1471/1471/1471 
f 1469/1469/1469 1472/1472/1472 1471/1471/1471 
f 1469/1469/1469 1468/1468/1468 1472/1472/1472 
f 1471/1471/1471 1472/1472/1472 1473/1473/1473 
f 1474/1474/1474 1471/1471/1471 1473/1473/1473 
f 1468/1468/1468 1475/1475/1475 1472/1472/1472 
f 1472/1472/1472 1475/1475/1475 1473/1473/1473 
f 1468/1468/1468 1465/1465/1465 1475/1475/1475 
f 1465/1465/1465 1466/1466/1466 1475/1475/1475 
f 1475/1475/1475 1476/1476/1476 1473/1473/1473 
f 1476/1476/1476 1475/1475/1475 1477/1477/1477 
f 1475/1475/1475 1466/1466/1466 1477/1477/1477 
f 1471/1471/1471 1474/1474/1474 1478/1478/1478 
f 1474/1474/1474 1479/1479/1479 1478/1478/1478 
f 1479/1479/1479 1480/1480/1480 1478/1478/1478 
f 1474/1474/1474 1481/1481/1481 1479/1479/1479 
f 1481/1481/1481 1482/1482/1482 1479/1479/1479 
f 1479/1479/1479 1482/1482/1482 1480/1480/1480 
f 1482/1482/1482 1483/1483/1483 1480/1480/1480 
f 1473/1473/1473 1484/1484/1484 1474/1474/1474 
f 1484/1484/1484 1481/1481/1481 1474/1474/1474 
f 1484/1484/1484 1473/1473/1473 1485/1485/1485 
f 1473/1473/1473 1476/1476/1476 1485/1485/1485 
f 1485/1485/1485 1476/1476/1476 1486/1486/1486 
f 1476/1476/1476 1477/1477/1477 1486/1486/1486 
f 1486/1486/1486 1477/1477/1477 1487/1487/1487 
f 1477/1477/1477 1466/1466/1466 1487/1487/1487 
f 1487/1487/1487 1466/1466/1466 1488/1488/1488 
f 1488/1488/1488 1466/1466/1466 1489/1489/1489 
f 1490/1490/1490 1480/1480/1480 1483/1483/1483 
f 1491/1491/1491 1490/1490/1490 1483/1483/1483 
f 1492/1492/1492 1491/1491/1491 1483/1483/1483 
f 1493/1493/1493 1491/1491/1491 1492/1492/1492 
f 1494/1494/1494 1493/1493/1493 1492/1492/1492 
f 1495/1495/1495 1493/1493/1493 1494/1494/1494 
f 1496/1496/1496 1495/1495/1495 1494/1494/1494 
f 1466/1466/1466 1467/1467/1467 1497/1497/1497 
f 1497/1497/1497 1467/1467/1467 1498/1498/1498 
f 1467/1467/1467 1499/1499/1499 1498/1498/1498 
f 1500/1500/1500 1499/1499/1499 1467/1467/1467 
f 1464/1464/1464 1500/1500/1500 1467/1467/1467 
f 1463/1463/1463 1500/1500/1500 1464/1464/1464 
f 1501/1501/1501 1499/1499/1499 1500/1500/1500 
f 1462/1462/1462 1502/1502/1502 1463/1463/1463 
f 553/553/553 1504/1504/1504 1503/1503/1503 
f 1504/1504/1504 1505/1505/1505 1503/1503/1503 
f 1503/1503/1503 1505/1505/1505 426/426/426 
f 1505/1505/1505 428/428/428 426/426/426 
f 1506/1506/1506 1504/1504/1504 553/553/553 
f 556/556/556 1506/1506/1506 553/553/553 
f 559/559/559 1506/1506/1506 556/556/556 
f 553/553/553 1503/1503/1503 533/533/533 
f 533/533/533 536/536/536 553/553/553 
f 1503/1503/1503 531/531/531 533/533/533 
f 1503/1503/1503 426/426/426 531/531/531 
f 1509/1509/1509 1508/1508/1508 1507/1507/1507 
f 1508/1508/1508 1510/1510/1510 1507/1507/1507 
f 1507/1507/1507 1510/1510/1510 1511/1511/1511 
f 1510/1510/1510 1512/1512/1512 1511/1511/1511 
f 1511/1511/1511 1512/1512/1512 1513/1513/1513 
f 1512/1512/1512 1514/1514/1514 1513/1513/1513 
f 1513/1513/1513 1514/1514/1514 1515/1515/1515 
f 1514/1514/1514 1516/1516/1516 1515/1515/1515 
f 1517/1517/1517 1515/1515/1515 1516/1516/1516 
f 1518/1518/1518 1517/1517/1517 1516/1516/1516 
f 1513/1513/1513 1519/1519/1519 1511/1511/1511 
f 1519/1519/1519 1520/1520/1520 1511/1511/1511 
f 1515/1515/1515 1521/1521/1521 1513/1513/1513 
f 1521/1521/1521 1519/1519/1519 1513/1513/1513 
f 1517/1517/1517 1522/1522/1522 1515/1515/1515 
f 1522/1522/1522 1521/1521/1521 1515/1515/1515 
f 1508/1508/1508 1509/1509/1509 1523/1523/1523 
f 1524/1524/1524 1508/1508/1508 1523/1523/1523 
f 1523/1523/1523 1525/1525/1525 1524/1524/1524 
f 1524/1524/1524 1525/1525/1525 552/552/552 
f 1525/1525/1525 554/554/554 552/552/552 
f 554/554/554 1525/1525/1525 1351/1351/1351 
f 1525/1525/1525 1350/1350/1350 1351/1351/1351 
f 1525/1525/1525 1523/1523/1523 1350/1350/1350 
f 1523/1523/1523 1349/1349/1349 1350/1350/1350 
f 1523/1523/1523 1526/1526/1526 1349/1349/1349 
f 1523/1523/1523 1509/1509/1509 1526/1526/1526 
f 1509/1509/1509 1527/1527/1527 1526/1526/1526 
f 1526/1526/1526 1527/1527/1527 1370/1370/1370 
f 1371/1371/1371 1526/1526/1526 1370/1370/1370 
f 1526/1526/1526 1346/1346/1346 1349/1349/1349 
f 1526/1526/1526 1371/1371/1371 1346/1346/1346 
f 537/537/537 1524/1524/1524 552/552/552 
f 537/537/537 1508/1508/1508 1524/1524/1524 
f 537/537/537 539/539/539 1508/1508/1508 
f 539/539/539 1510/1510/1510 1508/1508/1508 
f 539/539/539 541/541/541 1510/1510/1510 
f 541/541/541 1512/1512/1512 1510/1510/1510 
f 541/541/541 543/543/543 1512/1512/1512 
f 543/543/543 1514/1514/1514 1512/1512/1512 
f 543/543/543 545/545/545 1514/1514/1514 
f 545/545/545 1516/1516/1516 1514/1514/1514 
f 545/545/545 547/547/547 1516/1516/1516 
f 547/547/547 1518/1518/1518 1516/1516/1516 
f 1370/1370/1370 1527/1527/1527 1372/1372/1372 
f 1527/1527/1527 1528/1528/1528 1372/1372/1372 
f 1372/1372/1372 1528/1528/1528 1374/1374/1374 
f 1528/1528/1528 1529/1529/1529 1374/1374/1374 
f 1530/1530/1530 1528/1528/1528 1527/1527/1527 
f 1530/1530/1530 1531/1531/1531 1528/1528/1528 
f 1531/1531/1531 1529/1529/1529 1532/1532/1532 
f 1533/1533/1533 1531/1531/1531 1530/1530/1530 
f 1534/1534/1534 1533/1533/1533 1530/1530/1530 
f 1535/1535/1535 1533/1533/1533 1534/1534/1534 
f 1536/1536/1536 1535/1535/1535 1534/1534/1534 
f 1537/1537/1537 1535/1535/1535 1536/1536/1536 
f 1538/1538/1538 1537/1537/1537 1536/1536/1536 
f 1539/1539/1539 1537/1537/1537 1538/1538/1538 
f 1540/1540/1540 1539/1539/1539 1538/1538/1538 
f 1540/1540/1540 1538/1538/1538 1541/1541/1541 
f 1541/1541/1541 1538/1538/1538 1542/1542/1542 
f 1543/1543/1543 1540/1540/1540 1541/1541/1541 
f 1544/1544/1544 1540/1540/1540 1543/1543/1543 
f 1545/1545/1545 1544/1544/1544 1543/1543/1543 
f 1534/1534/1534 1546/1546/1546 1542/1542/1542 
f 1542/1542/1542 1546/1546/1546 1547/1547/1547 
f 1548/1548/1548 1541/1541/1541 1547/1547/1547 
f 1543/1543/1543 1541/1541/1541 1548/1548/1548 
f 1541/1541/1541 1549/1549/1549 1547/1547/1547 
f 1550/1550/1550 1543/1543/1543 1548/1548/1548 
f 1545/1545/1545 1543/1543/1543 1550/1550/1550 
f 1551/1551/1551 1545/1545/1545 1550/1550/1550 
f 1547/1547/1547 1546/1546/1546 1552/1552/1552 
f 1548/1548/1548 1547/1547/1547 1552/1552/1552 
f 1546/1546/1546 1553/1553/1553 1552/1552/1552 
f 1552/1552/1552 1553/1553/1553 1520/1520/1520 
f 1554/1554/1554 1552/1552/1552 1520/1520/1520 
f 1554/1554/1554 1548/1548/1548 1552/1552/1552 
f 1550/1550/1550 1548/1548/1548 1554/1554/1554 
f 1519/1519/1519 1554/1554/1554 1520/1520/1520 
f 1555/1555/1555 1554/1554/1554 1519/1519/1519 
f 1555/1555/1555 1550/1550/1550 1554/1554/1554 
f 1521/1521/1521 1555/1555/1555 1519/1519/1519 
f 1556/1556/1556 1555/1555/1555 1521/1521/1521 
f 1522/1522/1522 1556/1556/1556 1521/1521/1521 
f 1520/1520/1520 1553/1553/1553 1511/1511/1511 
f 1553/1553/1553 1507/1507/1507 1511/1511/1511 
f 1534/1534/1534 1507/1507/1507 1553/1553/1553 
f 1507/1507/1507 1534/1534/1534 1509/1509/1509 
f 1534/1534/1534 1530/1530/1530 1509/1509/1509 
f 1509/1509/1509 1530/1530/1530 1527/1527/1527 
f 1546/1546/1546 1534/1534/1534 1553/1553/1553 
f 1556/1556/1556 1557/1557/1557 1555/1555/1555 
f 1557/1557/1557 1550/1550/1550 1555/1555/1555 
f 1556/1556/1556 1522/1522/1522 1558/1558/1558 
f 1558/1558/1558 1522/1522/1522 1517/1517/1517 
f 1558/1558/1558 1517/1517/1517 1518/1518/1518 
f 1559/1559/1559 1558/1558/1558 1518/1518/1518 
f 547/547/547 1559/1559/1559 1518/1518/1518 
f 1560/1560/1560 1558/1558/1558 1559/1559/1559 
f 1560/1560/1560 1561/1561/1561 1558/1558/1558 
f 1562/1562/1562 1560/1560/1560 1559/1559/1559 
f 1562/1562/1562 1559/1559/1559 547/547/547 
f 548/548/548 1562/1562/1562 547/547/547 
f 1557/1557/1557 1551/1551/1551 1550/1550/1550 
f 1565/1565/1565 1564/1564/1564 1563/1563/1563 
f 1566/1566/1566 1534/1534/1534 1563/1563/1563 
f 1568/1568/1568 1567/1567/1567 1539/1539/1539 
f 1568/1568/1568 1539/1539/1539 1540/1540/1540 
f 1544/1544/1544 1568/1568/1568 1540/1540/1540 
f 1568/1568/1568 1569/1569/1569 1567/1567/1567 
f 1356/1356/1356 1570/1570/1570 1358/1358/1358 
f 550/550/550 1572/1572/1572 1571/1571/1571 
f 550/550/550 1571/1571/1571 551/551/551 
f 1443/1443/1443 1573/1573/1573 1445/1445/1445 
f 1573/1573/1573 1574/1574/1574 1445/1445/1445 
f 1575/1575/1575 1573/1573/1573 1443/1443/1443 
f 1439/1439/1439 1575/1575/1575 1443/1443/1443 
f 1576/1576/1576 1575/1575/1575 1439/1439/1439 
f 1437/1437/1437 1576/1576/1576 1439/1439/1439 
f 1437/1437/1437 1434/1434/1434 1576/1576/1576 
f 1434/1434/1434 1577/1577/1577 1576/1576/1576 
f 1434/1434/1434 1433/1433/1433 1577/1577/1577 
f 1433/1433/1433 1578/1578/1578 1577/1577/1577 
f 1579/1579/1579 1577/1577/1577 1578/1578/1578 
f 1580/1580/1580 1579/1579/1579 1578/1578/1578 
f 1581/1581/1581 1579/1579/1579 1580/1580/1580 
f 1582/1582/1582 1581/1581/1581 1580/1580/1580 
f 1583/1583/1583 1581/1581/1581 1582/1582/1582 
f 1584/1584/1584 1583/1583/1583 1582/1582/1582 
f 1583/1583/1583 1585/1585/1585 1581/1581/1581 
f 1585/1585/1585 1586/1586/1586 1581/1581/1581 
f 1581/1581/1581 1586/1586/1586 1579/1579/1579 
f 1586/1586/1586 1587/1587/1587 1579/1579/1579 
f 1579/1579/1579 1587/1587/1587 1577/1577/1577 
f 1587/1587/1587 1576/1576/1576 1577/1577/1577 
f 1586/1586/1586 1588/1588/1588 1587/1587/1587 
f 1588/1588/1588 1589/1589/1589 1587/1587/1587 
f 1588/1588/1588 1590/1590/1590 1589/1589/1589 
f 1591/1591/1591 1590/1590/1590 1588/1588/1588 
f 1592/1592/1592 1591/1591/1591 1588/1588/1588 
f 1585/1585/1585 1592/1592/1592 1586/1586/1586 
f 1592/1592/1592 1588/1588/1588 1586/1586/1586 
f 1590/1590/1590 1593/1593/1593 1589/1589/1589 
f 1589/1589/1589 1593/1593/1593 1575/1575/1575 
f 1593/1593/1593 1573/1573/1573 1575/1575/1575 
f 1587/1587/1587 1589/1589/1589 1576/1576/1576 
f 1589/1589/1589 1575/1575/1575 1576/1576/1576 
f 1590/1590/1590 1594/1594/1594 1593/1593/1593 
f 1594/1594/1594 1595/1595/1595 1593/1593/1593 
f 1593/1593/1593 1595/1595/1595 1573/1573/1573 
f 1595/1595/1595 1574/1574/1574 1573/1573/1573 
f 1591/1591/1591 1596/1596/1596 1590/1590/1590 
f 1596/1596/1596 1594/1594/1594 1590/1590/1590 
f 1596/1596/1596 1591/1591/1591 1597/1597/1597 
f 1598/1598/1598 1596/1596/1596 1597/1597/1597 
f 1597/1597/1597 1591/1591/1591 1599/1599/1599 
f 1591/1591/1591 1592/1592/1592 1599/1599/1599 
f 1599/1599/1599 1592/1592/1592 1600/1600/1600 
f 1592/1592/1592 1585/1585/1585 1600/1600/1600 
f 1585/1585/1585 1583/1583/1583 1600/1600/1600 
f 1601/1601/1601 1600/1600/1600 1583/1583/1583 
f 1602/1602/1602 1601/1601/1601 1583/1583/1583 
f 1602/1602/1602 1583/1583/1583 1584/1584/1584 
f 1603/1603/1603 1602/1602/1602 1584/1584/1584 
f 1604/1604/1604 1603/1603/1603 1584/1584/1584 
f 1603/1603/1603 1604/1604/1604 1605/1605/1605 
f 1604/1604/1604 1606/1606/1606 1605/1605/1605 
f 1607/1607/1607 1606/1606/1606 1604/1604/1604 
f 1608/1608/1608 1607/1607/1607 1604/1604/1604 
f 1609/1609/1609 1607/1607/1607 1608/1608/1608 
f 1610/1610/1610 1609/1609/1609 1608/1608/1608 
f 1609/1609/1609 1610/1610/1610 1611/1611/1611 
f 1612/1612/1612 1609/1609/1609 1611/1611/1611 
f 1612/1612/1612 1611/1611/1611 1613/1613/1613 
f 1611/1611/1611 1614/1614/1614 1613/1613/1613 
f 1615/1615/1615 1609/1609/1609 1612/1612/1612 
f 1609/1609/1609 1615/1615/1615 1607/1607/1607 
f 1616/1616/1616 1615/1615/1615 1612/1612/1612 
f 1616/1616/1616 1612/1612/1612 1613/1613/1613 
f 1617/1617/1617 1616/1616/1616 1613/1613/1613 
f 1618/1618/1618 1615/1615/1615 1616/1616/1616 
f 1619/1619/1619 1618/1618/1618 1616/1616/1616 
f 1620/1620/1620 1618/1618/1618 1619/1619/1619 
f 1621/1621/1621 1620/1620/1620 1619/1619/1619 
f 1619/1619/1619 1616/1616/1616 1622/1622/1622 
f 1616/1616/1616 1617/1617/1617 1622/1622/1622 
f 1614/1614/1614 1611/1611/1611 1623/1623/1623 
f 1624/1624/1624 1614/1614/1614 1623/1623/1623 
f 1625/1625/1625 1624/1624/1624 1623/1623/1623 
f 1625/1625/1625 1623/1623/1623 1626/1626/1626 
f 1627/1627/1627 1625/1625/1625 1626/1626/1626 
f 1627/1627/1627 1626/1626/1626 1628/1628/1628 
f 1629/1629/1629 1627/1627/1627 1628/1628/1628 
f 1630/1630/1630 1625/1625/1625 1627/1627/1627 
f 1631/1631/1631 1630/1630/1630 1627/1627/1627 
f 1631/1631/1631 1627/1627/1627 1629/1629/1629 
f 1632/1632/1632 1631/1631/1631 1629/1629/1629 
f 1633/1633/1633 1631/1631/1631 1632/1632/1632 
f 1634/1634/1634 1633/1633/1633 1632/1632/1632 
f 1635/1635/1635 1633/1633/1633 1634/1634/1634 
f 1635/1635/1635 1636/1636/1636 1633/1633/1633 
f 1636/1636/1636 1637/1637/1637 1633/1633/1633 
f 1633/1633/1633 1637/1637/1637 1631/1631/1631 
f 1637/1637/1637 1630/1630/1630 1631/1631/1631 
f 1638/1638/1638 1635/1635/1635 1634/1634/1634 
f 1639/1639/1639 1635/1635/1635 1638/1638/1638 
f 1640/1640/1640 1639/1639/1639 1638/1638/1638 
f 1639/1639/1639 1641/1641/1641 1635/1635/1635 
f 1641/1641/1641 1636/1636/1636 1635/1635/1635 
f 1641/1641/1641 1639/1639/1639 1642/1642/1642 
f 1636/1636/1636 1641/1641/1641 1643/1643/1643 
f 1641/1641/1641 1644/1644/1644 1643/1643/1643 
f 1637/1637/1637 1636/1636/1636 1645/1645/1645 
f 1636/1636/1636 1643/1643/1643 1645/1645/1645 
f 1630/1630/1630 1637/1637/1637 1646/1646/1646 
f 1637/1637/1637 1645/1645/1645 1646/1646/1646 
f 1625/1625/1625 1630/1630/1630 1646/1646/1646 
f 1646/1646/1646 1647/1647/1647 1625/1625/1625 
f 1647/1647/1647 1624/1624/1624 1625/1625/1625 
f 1647/1647/1647 1648/1648/1648 1624/1624/1624 
f 1648/1648/1648 1614/1614/1614 1624/1624/1624 
f 1648/1648/1648 1649/1649/1649 1614/1614/1614 
f 1649/1649/1649 1613/1613/1613 1614/1614/1614 
f 1613/1613/1613 1649/1649/1649 1650/1650/1650 
f 1617/1617/1617 1613/1613/1613 1650/1650/1650 
f 1617/1617/1617 1650/1650/1650 1651/1651/1651 
f 1622/1622/1622 1617/1617/1617 1651/1651/1651 
f 1622/1622/1622 1651/1651/1651 1652/1652/1652 
f 1619/1619/1619 1622/1622/1622 1652/1652/1652 
f 1619/1619/1619 1652/1652/1652 1653/1653/1653 
f 1619/1619/1619 1653/1653/1653 1654/1654/1654 
f 1621/1621/1621 1619/1619/1619 1655/1655/1655 
f 1621/1621/1621 1655/1655/1655 1656/1656/1656 
f 1657/1657/1657 1621/1621/1621 1656/1656/1656 
f 1657/1657/1657 1658/1658/1658 1621/1621/1621 
f 1658/1658/1658 1620/1620/1620 1621/1621/1621 
f 1620/1620/1620 1658/1658/1658 1659/1659/1659 
f 1620/1620/1620 1659/1659/1659 1660/1660/1660 
f 1618/1618/1618 1620/1620/1620 1660/1660/1660 
f 1660/1660/1660 1659/1659/1659 1661/1661/1661 
f 1659/1659/1659 1662/1662/1662 1661/1661/1661 
f 1618/1618/1618 1660/1660/1660 1663/1663/1663 
f 1615/1615/1615 1618/1618/1618 1663/1663/1663 
f 1615/1615/1615 1663/1663/1663 1607/1607/1607 
f 1607/1607/1607 1663/1663/1663 1606/1606/1606 
f 1663/1663/1663 1664/1664/1664 1606/1606/1606 
f 1663/1663/1663 1660/1660/1660 1664/1664/1664 
f 1660/1660/1660 1661/1661/1661 1664/1664/1664 
f 1606/1606/1606 1664/1664/1664 1605/1605/1605 
f 1664/1664/1664 1665/1665/1665 1605/1605/1605 
f 1665/1665/1665 1664/1664/1664 1666/1666/1666 
f 1664/1664/1664 1661/1661/1661 1666/1666/1666 
f 1658/1658/1658 1667/1667/1667 1659/1659/1659 
f 1659/1659/1659 1667/1667/1667 1662/1662/1662 
f 1667/1667/1667 1668/1668/1668 1662/1662/1662 
f 1669/1669/1669 1668/1668/1668 1667/1667/1667 
f 1605/1605/1605 1665/1665/1665 1670/1670/1670 
f 1671/1671/1671 1605/1605/1605 1670/1670/1670 
f 1605/1605/1605 1671/1671/1671 1603/1603/1603 
f 1671/1671/1671 1672/1672/1672 1603/1603/1603 
f 1603/1603/1603 1672/1672/1672 1602/1602/1602 
f 1672/1672/1672 1601/1601/1601 1602/1602/1602 
f 1670/1670/1670 1665/1665/1665 1673/1673/1673 
f 1665/1665/1665 1666/1666/1666 1673/1673/1673 
f 1673/1673/1673 1666/1666/1666 1674/1674/1674 
f 1666/1666/1666 1661/1661/1661 1674/1674/1674 
f 1674/1674/1674 1661/1661/1661 1675/1675/1675 
f 1675/1675/1675 1661/1661/1661 1676/1676/1676 
f 1661/1661/1661 1662/1662/1662 1677/1677/1677 
f 1677/1677/1677 1662/1662/1662 1678/1678/1678 
f 1662/1662/1662 1668/1668/1668 1678/1678/1678 
f 1681/1681/1681 1680/1680/1680 1679/1679/1679 
f 1680/1680/1680 1682/1682/1682 1679/1679/1679 
f 1682/1682/1682 1680/1680/1680 1683/1683/1683 
f 1681/1681/1681 1684/1684/1684 1680/1680/1680 
f 1684/1684/1684 1685/1685/1685 1680/1680/1680 
f 1685/1685/1685 1686/1686/1686 1680/1680/1680 
f 1683/1683/1683 1687/1687/1687 1682/1682/1682 
f 1687/1687/1687 1688/1688/1688 1682/1682/1682 
f 1679/1679/1679 1682/1682/1682 1689/1689/1689 
f 1682/1682/1682 1688/1688/1688 1689/1689/1689 
f 1681/1681/1681 1679/1679/1679 1690/1690/1690 
f 1679/1679/1679 1689/1689/1689 1690/1690/1690 
f 1685/1685/1685 1684/1684/1684 1691/1691/1691 
f 1685/1685/1685 1691/1691/1691 1692/1692/1692 
f 1691/1691/1691 1693/1693/1693 1692/1692/1692 
f 1684/1684/1684 1694/1694/1694 1691/1691/1691 
f 1684/1684/1684 1681/1681/1681 1694/1694/1694 
f 1681/1681/1681 1690/1690/1690 1694/1694/1694 
f 1691/1691/1691 683/683/683 1693/1693/1693 
f 683/683/683 684/684/684 1693/1693/1693 
f 1694/1694/1694 685/685/685 1691/1691/1691 
f 685/685/685 683/683/683 1691/1691/1691 
f 1690/1690/1690 687/687/687 1694/1694/1694 
f 687/687/687 685/685/685 1694/1694/1694 
f 1689/1689/1689 689/689/689 1690/1690/1690 
f 689/689/689 687/687/687 1690/1690/1690 
f 1688/1688/1688 691/691/691 1689/1689/1689 
f 691/691/691 689/689/689 1689/1689/1689 
f 1687/1687/1687 1695/1695/1695 1688/1688/1688 
f 1695/1695/1695 691/691/691 1688/1688/1688 
f 692/692/692 691/691/691 1695/1695/1695 
f 1696/1696/1696 692/692/692 1695/1695/1695 
f 1696/1696/1696 1695/1695/1695 1697/1697/1697 
f 1695/1695/1695 1698/1698/1698 1697/1697/1697 
f 1696/1696/1696 1697/1697/1697 1699/1699/1699 
f 1700/1700/1700 1696/1696/1696 1699/1699/1699 
f 1700/1700/1700 1699/1699/1699 1701/1701/1701 
f 1702/1702/1702 1700/1700/1700 1701/1701/1701 
f 1700/1700/1700 1703/1703/1703 1696/1696/1696 
f 1703/1703/1703 692/692/692 1696/1696/1696 
f 1704/1704/1704 1703/1703/1703 1700/1700/1700 
f 1702/1702/1702 1704/1704/1704 1705/1705/1705 
f 1704/1704/1704 1706/1706/1706 1703/1703/1703 
f 1706/1706/1706 1707/1707/1707 1703/1703/1703 
f 1703/1703/1703 1707/1707/1707 692/692/692 
f 1706/1706/1706 1708/1708/1708 1707/1707/1707 
f 1708/1708/1708 1709/1709/1709 1707/1707/1707 
f 1708/1708/1708 1710/1710/1710 1709/1709/1709 
f 1710/1710/1710 1711/1711/1711 1709/1709/1709 
f 1710/1710/1710 1712/1712/1712 1711/1711/1711 
f 1712/1712/1712 1713/1713/1713 1711/1711/1711 
f 1711/1711/1711 1713/1713/1713 1714/1714/1714 
f 1711/1711/1711 1714/1714/1714 1715/1715/1715 
f 1713/1713/1713 1716/1716/1716 1714/1714/1714 
f 1713/1713/1713 1717/1717/1717 1716/1716/1716 
f 1717/1717/1717 1718/1718/1718 1716/1716/1716 
f 1719/1719/1719 1707/1707/1707 1715/1715/1715 
f 1719/1719/1719 1715/1715/1715 1720/1720/1720 
f 1721/1721/1721 1714/1714/1714 1720/1720/1720 
f 1714/1714/1714 1722/1722/1722 1720/1720/1720 
f 1714/1714/1714 1716/1716/1716 1722/1722/1722 
f 1716/1716/1716 1723/1723/1723 1722/1722/1722 
f 1716/1716/1716 1718/1718/1718 1723/1723/1723 
f 1718/1718/1718 1724/1724/1724 1723/1723/1723 
f 1719/1719/1719 1720/1720/1720 1725/1725/1725 
f 1720/1720/1720 1722/1722/1722 1725/1725/1725 
f 1726/1726/1726 1719/1719/1719 1725/1725/1725 
f 1726/1726/1726 1725/1725/1725 705/705/705 
f 1725/1725/1725 1727/1727/1727 705/705/705 
f 1722/1722/1722 1727/1727/1727 1725/1725/1725 
f 1722/1722/1722 1723/1723/1723 1727/1727/1727 
f 1727/1727/1727 704/704/704 705/705/705 
f 1727/1727/1727 1728/1728/1728 704/704/704 
f 1723/1723/1723 1728/1728/1728 1727/1727/1727 
f 1728/1728/1728 706/706/706 704/704/704 
f 1728/1728/1728 1729/1729/1729 706/706/706 
f 1729/1729/1729 707/707/707 706/706/706 
f 1726/1726/1726 705/705/705 696/696/696 
f 694/694/694 1726/1726/1726 696/696/696 
f 694/694/694 1707/1707/1707 1726/1726/1726 
f 1707/1707/1707 694/694/694 692/692/692 
f 1707/1707/1707 1719/1719/1719 1726/1726/1726 
f 1723/1723/1723 1730/1730/1730 1728/1728/1728 
f 1730/1730/1730 1729/1729/1729 1728/1728/1728 
f 707/707/707 1729/1729/1729 1731/1731/1731 
f 707/707/707 1731/1731/1731 702/702/702 
f 702/702/702 1731/1731/1731 703/703/703 
f 1731/1731/1731 1732/1732/1732 703/703/703 
f 1732/1732/1732 720/720/720 703/703/703 
f 703/703/703 720/720/720 701/701/701 
f 720/720/720 718/718/718 701/701/701 
f 701/701/701 718/718/718 699/699/699 
f 718/718/718 716/716/716 699/699/699 
f 699/699/699 716/716/716 697/697/697 
f 716/716/716 714/714/714 697/697/697 
f 697/697/697 714/714/714 695/695/695 
f 714/714/714 708/708/708 695/695/695 
f 1731/1731/1731 1733/1733/1733 1732/1732/1732 
f 1734/1734/1734 1733/1733/1733 1731/1731/1731 
f 1733/1733/1733 1735/1735/1735 1732/1732/1732 
f 1732/1732/1732 1735/1735/1735 720/720/720 
f 1735/1735/1735 721/721/721 720/720/720 
f 1738/1738/1738 1737/1737/1737 1736/1736/1736 
f 1707/1707/1707 1739/1739/1739 1736/1736/1736 
f 1741/1741/1741 1740/1740/1740 1712/1712/1712 
f 1712/1712/1712 1740/1740/1740 1713/1713/1713 
f 1740/1740/1740 1717/1717/1717 1713/1713/1713 
f 1742/1742/1742 1740/1740/1740 1741/1741/1741 
f 1744/1744/1744 723/723/723 1743/1743/1743 
f 1743/1743/1743 723/723/723 724/724/724 
f 1724/1724/1724 1730/1730/1730 1723/1723/1723 
f 673/673/673 1746/1746/1746 1745/1745/1745 
f 1746/1746/1746 1747/1747/1747 1745/1745/1745 
f 1745/1745/1745 1747/1747/1747 608/608/608 
f 1747/1747/1747 610/610/610 608/608/608 
f 1748/1748/1748 1746/1746/1746 673/673/673 
f 677/677/677 1748/1748/1748 673/673/673 
f 680/680/680 1748/1748/1748 677/677/677 
f 673/673/673 1745/1745/1745 669/669/669 
f 1745/1745/1745 672/672/672 669/669/669 
f 1745/1745/1745 608/608/608 672/672/672 
f 608/608/608 607/607/607 672/672/672 
f 1750/1750/1750 1680/1680/1680 1749/1749/1749 
f 1680/1680/1680 1751/1751/1751 1749/1749/1749 
f 1680/1680/1680 1750/1750/1750 1683/1683/1683 
f 1752/1752/1752 1751/1751/1751 1680/1680/1680 
f 1753/1753/1753 1752/1752/1752 1680/1680/1680 
f 1692/1692/1692 1753/1753/1753 1680/1680/1680 
f 1687/1687/1687 1683/1683/1683 1754/1754/1754 
f 1755/1755/1755 1687/1687/1687 1754/1754/1754 
f 1757/1757/1757 1749/1749/1749 1756/1756/1756 
f 1758/1758/1758 1757/1757/1757 1756/1756/1756 
f 1756/1756/1756 1749/1749/1749 1759/1759/1759 
f 1749/1749/1749 1760/1760/1760 1759/1759/1759 
f 1761/1761/1761 1756/1756/1756 1759/1759/1759 
f 675/675/675 1761/1761/1761 1759/1759/1759 
f 1761/1761/1761 675/675/675 674/674/674 
f 1762/1762/1762 1761/1761/1761 674/674/674 
f 1763/1763/1763 1761/1761/1761 1762/1762/1762 
f 1761/1761/1761 1763/1763/1763 1756/1756/1756 
f 1762/1762/1762 1764/1764/1764 1763/1763/1763 
f 1762/1762/1762 1765/1765/1765 1764/1764/1764 
f 1764/1764/1764 1765/1765/1765 1766/1766/1766 
f 1765/1765/1765 1767/1767/1767 1766/1766/1766 
f 1766/1766/1766 1767/1767/1767 1768/1768/1768 
f 1767/1767/1767 1769/1769/1769 1768/1768/1768 
f 1768/1768/1768 1769/1769/1769 1770/1770/1770 
f 1769/1769/1769 1771/1771/1771 1770/1770/1770 
f 1770/1770/1770 1771/1771/1771 1772/1772/1772 
f 1771/1771/1771 1773/1773/1773 1772/1772/1772 
f 1774/1774/1774 1772/1772/1772 1773/1773/1773 
f 1775/1775/1775 1774/1774/1774 1773/1773/1773 
f 1770/1770/1770 1776/1776/1776 1768/1768/1768 
f 1776/1776/1776 1777/1777/1777 1768/1768/1768 
f 1772/1772/1772 1778/1778/1778 1770/1770/1770 
f 1778/1778/1778 1776/1776/1776 1770/1770/1770 
f 1774/1774/1774 1779/1779/1779 1772/1772/1772 
f 1779/1779/1779 1778/1778/1778 1772/1772/1772 
f 657/657/657 1767/1767/1767 1765/1765/1765 
f 659/659/659 657/657/657 1765/1765/1765 
f 657/657/657 655/655/655 1767/1767/1767 
f 655/655/655 1769/1769/1769 1767/1767/1767 
f 655/655/655 654/654/654 1769/1769/1769 
f 654/654/654 1771/1771/1771 1769/1769/1769 
f 654/654/654 662/662/662 1771/1771/1771 
f 662/662/662 1773/1773/1773 1771/1771/1771 
f 662/662/662 664/664/664 1773/1773/1773 
f 664/664/664 1775/1775/1775 1773/1773/1773 
f 1779/1779/1779 1780/1780/1780 1778/1778/1778 
f 1778/1778/1778 1781/1781/1781 1776/1776/1776 
f 1782/1782/1782 1781/1781/1781 1778/1778/1778 
f 1781/1781/1781 1783/1783/1783 1776/1776/1776 
f 1776/1776/1776 1783/1783/1783 1777/1777/1777 
f 1783/1783/1783 1784/1784/1784 1777/1777/1777 
f 1784/1784/1784 1785/1785/1785 1777/1777/1777 
f 1777/1777/1777 1785/1785/1785 1768/1768/1768 
f 1785/1785/1785 1766/1766/1766 1768/1768/1768 
f 1786/1786/1786 1766/1766/1766 1785/1785/1785 
f 1766/1766/1766 1786/1786/1786 1764/1764/1764 
f 1786/1786/1786 1787/1787/1787 1764/1764/1764 
f 1786/1786/1786 1788/1788/1788 1787/1787/1787 
f 1788/1788/1788 1789/1789/1789 1787/1787/1787 
f 1787/1787/1787 1789/1789/1789 1790/1790/1790 
f 1789/1789/1789 1791/1791/1791 1790/1790/1790 
f 1792/1792/1792 1788/1788/1788 1786/1786/1786 
f 1793/1793/1793 1792/1792/1792 1786/1786/1786 
f 1793/1793/1793 1786/1786/1786 1794/1794/1794 
f 1795/1795/1795 1793/1793/1793 1794/1794/1794 
f 1796/1796/1796 1795/1795/1795 1794/1794/1794 
f 1797/1797/1797 1795/1795/1795 1796/1796/1796 
f 1798/1798/1798 1797/1797/1797 1796/1796/1796 
f 1799/1799/1799 1797/1797/1797 1798/1798/1798 
f 1800/1800/1800 1799/1799/1799 1798/1798/1798 
f 1786/1786/1786 1801/1801/1801 1794/1794/1794 
f 1795/1795/1795 1802/1802/1802 1793/1793/1793 
f 1802/1802/1802 1792/1792/1792 1793/1793/1793 
f 1797/1797/1797 1803/1803/1803 1795/1795/1795 
f 1803/1803/1803 1802/1802/1802 1795/1795/1795 
f 1790/1790/1790 1791/1791/1791 1701/1701/1701 
f 1699/1699/1699 1790/1790/1790 1701/1701/1701 
f 1794/1794/1794 1801/1801/1801 1804/1804/1804 
f 1796/1796/1796 1794/1794/1794 1804/1804/1804 
f 1805/1805/1805 1796/1796/1796 1804/1804/1804 
f 1798/1798/1798 1796/1796/1796 1805/1805/1805 
f 1806/1806/1806 1798/1798/1798 1805/1805/1805 
f 1800/1800/1800 1798/1798/1798 1806/1806/1806 
f 1807/1807/1807 1800/1800/1800 1806/1806/1806 
f 1801/1801/1801 1786/1786/1786 1785/1785/1785 
f 1804/1804/1804 1801/1801/1801 1808/1808/1808 
f 1805/1805/1805 1804/1804/1804 1808/1808/1808 
f 1801/1801/1801 1785/1785/1785 1809/1809/1809 
f 1783/1783/1783 1805/1805/1805 1809/1809/1809 
f 1806/1806/1806 1805/1805/1805 1783/1783/1783 
f 1781/1781/1781 1806/1806/1806 1783/1783/1783 
f 1810/1810/1810 1806/1806/1806 1781/1781/1781 
f 1810/1810/1810 1807/1807/1807 1806/1806/1806 
f 1812/1812/1812 1811/1811/1811 1803/1803/1803 
f 1812/1812/1812 1803/1803/1803 1797/1797/1797 
f 1799/1799/1799 1812/1812/1812 1797/1797/1797 
f 1812/1812/1812 1813/1813/1813 1811/1811/1811 
f 1697/1697/1697 1814/1814/1814 1699/1699/1699 
f 1815/1815/1815 1814/1814/1814 1697/1697/1697 
f 1764/1764/1764 1814/1814/1814 1815/1815/1815 
f 1763/1763/1763 1764/1764/1764 1815/1815/1815 
f 1698/1698/1698 1815/1815/1815 1697/1697/1697 
f 1763/1763/1763 1815/1815/1815 1816/1816/1816 
f 1763/1763/1763 1816/1816/1816 1756/1756/1756 
f 1815/1815/1815 1687/1687/1687 1816/1816/1816 
f 1815/1815/1815 1698/1698/1698 1687/1687/1687 
f 1698/1698/1698 1695/1695/1695 1687/1687/1687 
f 1764/1764/1764 1787/1787/1787 1814/1814/1814 
f 1787/1787/1787 1790/1790/1790 1814/1814/1814 
f 1814/1814/1814 1790/1790/1790 1699/1699/1699 
f 638/638/638 1818/1818/1818 1817/1817/1817 
f 1818/1818/1818 1819/1819/1819 1817/1817/1817 
f 1820/1820/1820 1818/1818/1818 638/638/638 
f 1817/1817/1817 1819/1819/1819 1821/1821/1821 
f 1822/1822/1822 1817/1817/1817 1821/1821/1821 
f 1822/1822/1822 1821/1821/1821 1823/1823/1823 
f 1821/1821/1821 1824/1824/1824 1823/1823/1823 
f 1823/1823/1823 1824/1824/1824 1825/1825/1825 
f 1824/1824/1824 1826/1826/1826 1825/1825/1825 
f 1825/1825/1825 1826/1826/1826 1827/1827/1827 
f 1826/1826/1826 1828/1828/1828 1827/1827/1827 
f 1827/1827/1827 1828/1828/1828 1829/1829/1829 
f 1828/1828/1828 666/666/666 1829/1829/1829 
f 1829/1829/1829 666/666/666 653/653/653 
f 651/651/651 1829/1829/1829 653/653/653 
f 1827/1827/1827 1829/1829/1829 651/651/651 
f 649/649/649 1827/1827/1827 651/651/651 
f 1825/1825/1825 1827/1827/1827 649/649/649 
f 648/648/648 1825/1825/1825 649/649/649 
f 1823/1823/1823 1825/1825/1825 648/648/648 
f 646/646/646 1823/1823/1823 648/648/648 
f 1822/1822/1822 1823/1823/1823 646/646/646 
f 643/643/643 1822/1822/1822 646/646/646 
f 1822/1822/1822 643/643/643 1817/1817/1817 
f 643/643/643 642/642/642 1817/1817/1817 
f 638/638/638 1817/1817/1817 642/642/642 
f 1693/1693/1693 1831/1831/1831 1830/1830/1830 
f 1831/1831/1831 1832/1832/1832 1830/1830/1830 
f 678/678/678 1831/1831/1831 1693/1693/1693 
f 684/684/684 678/678/678 1693/1693/1693 
f 678/678/678 676/676/676 1831/1831/1831 
f 676/676/676 1833/1833/1833 1831/1831/1831 
f 1833/1833/1833 1752/1752/1752 1831/1831/1831 
f 1752/1752/1752 1834/1834/1834 1831/1831/1831 
f 1835/1835/1835 1752/1752/1752 1833/1833/1833 
f 1759/1759/1759 1835/1835/1835 1833/1833/1833 
f 676/676/676 675/675/675 1833/1833/1833 
f 675/675/675 1759/1759/1759 1833/1833/1833 
f 661/661/661 659/659/659 674/674/674 
f 659/659/659 1762/1762/1762 674/674/674 
f 659/659/659 1765/1765/1765 1762/1762/1762 
f 1780/1780/1780 1810/1810/1810 1836/1836/1836 
f 1838/1838/1838 1780/1780/1780 1837/1837/1837 
f 1780/1780/1780 1779/1779/1779 1837/1837/1837 
f 1837/1837/1837 1779/1779/1779 1774/1774/1774 
f 1837/1837/1837 1774/1774/1774 1775/1775/1775 
f 1839/1839/1839 1837/1837/1837 1775/1775/1775 
f 1838/1838/1838 1837/1837/1837 1839/1839/1839 
f 664/664/664 1839/1839/1839 1775/1775/1775 
f 1840/1840/1840 1838/1838/1838 1839/1839/1839 
f 1840/1840/1840 1839/1839/1839 664/664/664 
f 665/665/665 1840/1840/1840 664/664/664 
f 660/660/660 644/644/644 658/658/658 
f 644/644/644 660/660/660 641/641/641 
f 660/660/660 670/670/670 641/641/641 
f 640/640/640 641/641/641 670/670/670 
f 671/671/671 640/640/640 670/670/670 
f 611/611/611 640/640/640 671/671/671 
f 606/606/606 611/611/611 671/671/671 
f 667/667/667 1842/1842/1842 1841/1841/1841 
f 667/667/667 1841/1841/1841 668/668/668 
f 1638/1638/1638 1843/1843/1843 1640/1640/1640 
f 1843/1843/1843 1844/1844/1844 1640/1640/1640 
f 1845/1845/1845 1843/1843/1843 1638/1638/1638 
f 1634/1634/1634 1845/1845/1845 1638/1638/1638 
f 1846/1846/1846 1845/1845/1845 1634/1634/1634 
f 1632/1632/1632 1846/1846/1846 1634/1634/1634 
f 1632/1632/1632 1629/1629/1629 1846/1846/1846 
f 1629/1629/1629 1847/1847/1847 1846/1846/1846 
f 1629/1629/1629 1628/1628/1628 1847/1847/1847 
f 1628/1628/1628 1848/1848/1848 1847/1847/1847 
f 1849/1849/1849 1847/1847/1847 1848/1848/1848 
f 1850/1850/1850 1849/1849/1849 1848/1848/1848 
f 1851/1851/1851 1849/1849/1849 1850/1850/1850 
f 1852/1852/1852 1851/1851/1851 1850/1850/1850 
f 1853/1853/1853 1851/1851/1851 1852/1852/1852 
f 1854/1854/1854 1853/1853/1853 1852/1852/1852 
f 1853/1853/1853 1855/1855/1855 1851/1851/1851 
f 1855/1855/1855 1856/1856/1856 1851/1851/1851 
f 1851/1851/1851 1856/1856/1856 1849/1849/1849 
f 1856/1856/1856 1857/1857/1857 1849/1849/1849 
f 1849/1849/1849 1857/1857/1857 1847/1847/1847 
f 1857/1857/1857 1846/1846/1846 1847/1847/1847 
f 1856/1856/1856 1858/1858/1858 1857/1857/1857 
f 1858/1858/1858 1859/1859/1859 1857/1857/1857 
f 1858/1858/1858 1860/1860/1860 1859/1859/1859 
f 1861/1861/1861 1860/1860/1860 1858/1858/1858 
f 1862/1862/1862 1861/1861/1861 1858/1858/1858 
f 1855/1855/1855 1862/1862/1862 1856/1856/1856 
f 1862/1862/1862 1858/1858/1858 1856/1856/1856 
f 1860/1860/1860 1863/1863/1863 1859/1859/1859 
f 1859/1859/1859 1863/1863/1863 1845/1845/1845 
f 1863/1863/1863 1843/1843/1843 1845/1845/1845 
f 1857/1857/1857 1859/1859/1859 1846/1846/1846 
f 1859/1859/1859 1845/1845/1845 1846/1846/1846 
f 1860/1860/1860 1864/1864/1864 1863/1863/1863 
f 1864/1864/1864 1865/1865/1865 1863/1863/1863 
f 1863/1863/1863 1865/1865/1865 1843/1843/1843 
f 1865/1865/1865 1844/1844/1844 1843/1843/1843 
f 1861/1861/1861 1866/1866/1866 1860/1860/1860 
f 1866/1866/1866 1864/1864/1864 1860/1860/1860 
f 1866/1866/1866 1861/1861/1861 1867/1867/1867 
f 1868/1868/1868 1866/1866/1866 1867/1867/1867 
f 1867/1867/1867 1861/1861/1861 1869/1869/1869 
f 1861/1861/1861 1862/1862/1862 1869/1869/1869 
f 1869/1869/1869 1862/1862/1862 1870/1870/1870 
f 1862/1862/1862 1855/1855/1855 1870/1870/1870 
f 1855/1855/1855 1853/1853/1853 1870/1870/1870 
f 1871/1871/1871 1870/1870/1870 1853/1853/1853 
f 1872/1872/1872 1871/1871/1871 1853/1853/1853 
f 1872/1872/1872 1853/1853/1853 1854/1854/1854 
f 1873/1873/1873 1872/1872/1872 1854/1854/1854 
f 1874/1874/1874 1873/1873/1873 1854/1854/1854 
f 1873/1873/1873 1874/1874/1874 1875/1875/1875 
f 1874/1874/1874 1876/1876/1876 1875/1875/1875 
f 1877/1877/1877 1876/1876/1876 1874/1874/1874 
f 1878/1878/1878 1877/1877/1877 1874/1874/1874 
f 1879/1879/1879 1877/1877/1877 1878/1878/1878 
f 1880/1880/1880 1879/1879/1879 1878/1878/1878 
f 1879/1879/1879 1880/1880/1880 1881/1881/1881 
f 1882/1882/1882 1879/1879/1879 1881/1881/1881 
f 1882/1882/1882 1881/1881/1881 1883/1883/1883 
f 1881/1881/1881 1884/1884/1884 1883/1883/1883 
f 1885/1885/1885 1879/1879/1879 1882/1882/1882 
f 1879/1879/1879 1885/1885/1885 1877/1877/1877 
f 1886/1886/1886 1885/1885/1885 1882/1882/1882 
f 1886/1886/1886 1882/1882/1882 1883/1883/1883 
f 1887/1887/1887 1886/1886/1886 1883/1883/1883 
f 1888/1888/1888 1885/1885/1885 1886/1886/1886 
f 1889/1889/1889 1888/1888/1888 1886/1886/1886 
f 1890/1890/1890 1888/1888/1888 1889/1889/1889 
f 1891/1891/1891 1890/1890/1890 1889/1889/1889 
f 1889/1889/1889 1886/1886/1886 1892/1892/1892 
f 1886/1886/1886 1887/1887/1887 1892/1892/1892 
f 1884/1884/1884 1881/1881/1881 1893/1893/1893 
f 1894/1894/1894 1884/1884/1884 1893/1893/1893 
f 1895/1895/1895 1894/1894/1894 1893/1893/1893 
f 1895/1895/1895 1893/1893/1893 1896/1896/1896 
f 1897/1897/1897 1895/1895/1895 1896/1896/1896 
f 1897/1897/1897 1896/1896/1896 1898/1898/1898 
f 1899/1899/1899 1897/1897/1897 1898/1898/1898 
f 1900/1900/1900 1895/1895/1895 1897/1897/1897 
f 1901/1901/1901 1900/1900/1900 1897/1897/1897 
f 1901/1901/1901 1897/1897/1897 1899/1899/1899 
f 1902/1902/1902 1901/1901/1901 1899/1899/1899 
f 1903/1903/1903 1901/1901/1901 1902/1902/1902 
f 1904/1904/1904 1903/1903/1903 1902/1902/1902 
f 1905/1905/1905 1903/1903/1903 1904/1904/1904 
f 1905/1905/1905 1906/1906/1906 1903/1903/1903 
f 1906/1906/1906 1907/1907/1907 1903/1903/1903 
f 1903/1903/1903 1907/1907/1907 1901/1901/1901 
f 1907/1907/1907 1900/1900/1900 1901/1901/1901 
f 1908/1908/1908 1905/1905/1905 1904/1904/1904 
f 1909/1909/1909 1905/1905/1905 1908/1908/1908 
f 1910/1910/1910 1909/1909/1909 1908/1908/1908 
f 1909/1909/1909 1911/1911/1911 1905/1905/1905 
f 1911/1911/1911 1906/1906/1906 1905/1905/1905 
f 1906/1906/1906 1911/1911/1911 1912/1912/1912 
f 1911/1911/1911 1913/1913/1913 1912/1912/1912 
f 1907/1907/1907 1906/1906/1906 1914/1914/1914 
f 1906/1906/1906 1912/1912/1912 1914/1914/1914 
f 1900/1900/1900 1907/1907/1907 1915/1915/1915 
f 1907/1907/1907 1914/1914/1914 1915/1915/1915 
f 1895/1895/1895 1900/1900/1900 1915/1915/1915 
f 1915/1915/1915 1916/1916/1916 1895/1895/1895 
f 1916/1916/1916 1894/1894/1894 1895/1895/1895 
f 1916/1916/1916 1917/1917/1917 1894/1894/1894 
f 1917/1917/1917 1884/1884/1884 1894/1894/1894 
f 1917/1917/1917 1918/1918/1918 1884/1884/1884 
f 1918/1918/1918 1883/1883/1883 1884/1884/1884 
f 1883/1883/1883 1918/1918/1918 1919/1919/1919 
f 1887/1887/1887 1883/1883/1883 1919/1919/1919 
f 1887/1887/1887 1919/1919/1919 1920/1920/1920 
f 1892/1892/1892 1887/1887/1887 1920/1920/1920 
f 1892/1892/1892 1920/1920/1920 1921/1921/1921 
f 1889/1889/1889 1892/1892/1892 1921/1921/1921 
f 1889/1889/1889 1921/1921/1921 1922/1922/1922 
f 1889/1889/1889 1922/1922/1922 1923/1923/1923 
f 1891/1891/1891 1889/1889/1889 1923/1923/1923 
f 1891/1891/1891 1923/1923/1923 1924/1924/1924 
f 1925/1925/1925 1891/1891/1891 1924/1924/1924 
f 1925/1925/1925 1926/1926/1926 1891/1891/1891 
f 1925/1925/1925 1927/1927/1927 1926/1926/1926 
f 1926/1926/1926 1890/1890/1890 1891/1891/1891 
f 1890/1890/1890 1926/1926/1926 1928/1928/1928 
f 1890/1890/1890 1928/1928/1928 1929/1929/1929 
f 1888/1888/1888 1890/1890/1890 1929/1929/1929 
f 1929/1929/1929 1928/1928/1928 1930/1930/1930 
f 1928/1928/1928 1931/1931/1931 1930/1930/1930 
f 1888/1888/1888 1929/1929/1929 1932/1932/1932 
f 1885/1885/1885 1888/1888/1888 1932/1932/1932 
f 1885/1885/1885 1932/1932/1932 1877/1877/1877 
f 1877/1877/1877 1932/1932/1932 1876/1876/1876 
f 1932/1932/1932 1933/1933/1933 1876/1876/1876 
f 1932/1932/1932 1929/1929/1929 1933/1933/1933 
f 1929/1929/1929 1930/1930/1930 1933/1933/1933 
f 1876/1876/1876 1933/1933/1933 1875/1875/1875 
f 1933/1933/1933 1934/1934/1934 1875/1875/1875 
f 1934/1934/1934 1933/1933/1933 1935/1935/1935 
f 1933/1933/1933 1930/1930/1930 1935/1935/1935 
f 1926/1926/1926 1936/1936/1936 1928/1928/1928 
f 1928/1928/1928 1936/1936/1936 1931/1931/1931 
f 1936/1936/1936 1937/1937/1937 1931/1931/1931 
f 1875/1875/1875 1934/1934/1934 1938/1938/1938 
f 1939/1939/1939 1875/1875/1875 1938/1938/1938 
f 1875/1875/1875 1939/1939/1939 1873/1873/1873 
f 1939/1939/1939 1940/1940/1940 1873/1873/1873 
f 1873/1873/1873 1940/1940/1940 1872/1872/1872 
f 1940/1940/1940 1871/1871/1871 1872/1872/1872 
f 1938/1938/1938 1934/1934/1934 1941/1941/1941 
f 1934/1934/1934 1935/1935/1935 1941/1941/1941 
f 1941/1941/1941 1935/1935/1935 1942/1942/1942 
f 1935/1935/1935 1930/1930/1930 1942/1942/1942 
f 1942/1942/1942 1930/1930/1930 1943/1943/1943 
f 1943/1943/1943 1930/1930/1930 1944/1944/1944 
f 1930/1930/1930 1931/1931/1931 1944/1944/1944 
f 1944/1944/1944 1931/1931/1931 1945/1945/1945 
f 1931/1931/1931 1937/1937/1937 1945/1945/1945 
f 1946/1946/1946 1937/1937/1937 1936/1936/1936 
f 1949/1949/1949 1948/1948/1948 1947/1947/1947 
f 1948/1948/1948 1950/1950/1950 1947/1947/1947 
f 1950/1950/1950 1948/1948/1948 1951/1951/1951 
f 1949/1949/1949 1952/1952/1952 1948/1948/1948 
f 1952/1952/1952 1953/1953/1953 1948/1948/1948 
f 1953/1953/1953 1954/1954/1954 1948/1948/1948 
f 1951/1951/1951 1955/1955/1955 1950/1950/1950 
f 1955/1955/1955 1956/1956/1956 1950/1950/1950 
f 1947/1947/1947 1950/1950/1950 1957/1957/1957 
f 1950/1950/1950 1956/1956/1956 1957/1957/1957 
f 1955/1955/1955 1958/1958/1958 1956/1956/1956 
f 1958/1958/1958 1959/1959/1959 1956/1956/1956 
f 811/811/811 1959/1959/1959 1958/1958/1958 
f 808/808/808 1959/1959/1959 811/811/811 
f 1960/1960/1960 811/811/811 1958/1958/1958 
f 1960/1960/1960 1958/1958/1958 1961/1961/1961 
f 1958/1958/1958 1962/1962/1962 1961/1961/1961 
f 1962/1962/1962 1958/1958/1958 1955/1955/1955 
f 1956/1956/1956 1959/1959/1959 1963/1963/1963 
f 1959/1959/1959 808/808/808 1963/1963/1963 
f 1963/1963/1963 808/808/808 1964/1964/1964 
f 808/808/808 806/806/806 1964/1964/1964 
f 1964/1964/1964 806/806/806 1965/1965/1965 
f 1966/1966/1966 1964/1964/1964 1965/1965/1965 
f 1967/1967/1967 1966/1966/1966 1965/1965/1965 
f 1967/1967/1967 1965/1965/1965 1968/1968/1968 
f 1969/1969/1969 1967/1967/1967 1968/1968/1968 
f 1969/1969/1969 1968/1968/1968 1970/1970/1970 
f 1968/1968/1968 1971/1971/1971 1970/1970/1970 
f 1968/1968/1968 802/802/802 1971/1971/1971 
f 802/802/802 803/803/803 1971/1971/1971 
f 1965/1965/1965 804/804/804 1968/1968/1968 
f 804/804/804 802/802/802 1968/1968/1968 
f 806/806/806 804/804/804 1965/1965/1965 
f 1960/1960/1960 1961/1961/1961 1972/1972/1972 
f 1973/1973/1973 1960/1960/1960 1972/1972/1972 
f 1973/1973/1973 1972/1972/1972 1974/1974/1974 
f 1975/1975/1975 1973/1973/1973 1974/1974/1974 
f 1975/1975/1975 1976/1976/1976 1973/1973/1973 
f 1976/1976/1976 1977/1977/1977 1973/1973/1973 
f 1973/1973/1973 1977/1977/1977 1960/1960/1960 
f 1976/1976/1976 1978/1978/1978 1977/1977/1977 
f 1978/1978/1978 1979/1979/1979 1977/1977/1977 
f 1978/1978/1978 1980/1980/1980 1979/1979/1979 
f 1980/1980/1980 1981/1981/1981 1979/1979/1979 
f 1980/1980/1980 1982/1982/1982 1981/1981/1981 
f 1982/1982/1982 1983/1983/1983 1981/1981/1981 
f 1982/1982/1982 1984/1984/1984 1983/1983/1983 
f 1984/1984/1984 1985/1985/1985 1983/1983/1983 
f 1983/1983/1983 1985/1985/1985 1986/1986/1986 
f 1983/1983/1983 1986/1986/1986 1987/1987/1987 
f 1988/1988/1988 1983/1983/1983 1987/1987/1987 
f 1979/1979/1979 1988/1988/1988 1987/1987/1987 
f 1985/1985/1985 1989/1989/1989 1986/1986/1986 
f 1985/1985/1985 1990/1990/1990 1989/1989/1989 
f 1990/1990/1990 1991/1991/1991 1989/1989/1989 
f 1992/1992/1992 1979/1979/1979 1987/1987/1987 
f 1977/1977/1977 1979/1979/1979 811/811/811 
f 1977/1977/1977 811/811/811 1960/1960/1960 
f 1992/1992/1992 1987/1987/1987 1993/1993/1993 
f 1987/1987/1987 1986/1986/1986 1993/1993/1993 
f 1986/1986/1986 1994/1994/1994 1993/1993/1993 
f 1986/1986/1986 1989/1989/1989 1994/1994/1994 
f 1989/1989/1989 1995/1995/1995 1994/1994/1994 
f 1989/1989/1989 1991/1991/1991 1995/1995/1995 
f 1991/1991/1991 1996/1996/1996 1995/1995/1995 
f 1992/1992/1992 1993/1993/1993 1997/1997/1997 
f 1993/1993/1993 1994/1994/1994 1997/1997/1997 
f 1998/1998/1998 1992/1992/1992 1997/1997/1997 
f 1998/1998/1998 1997/1997/1997 823/823/823 
f 1997/1997/1997 1999/1999/1999 823/823/823 
f 1994/1994/1994 1999/1999/1999 1997/1997/1997 
f 1994/1994/1994 1995/1995/1995 1999/1999/1999 
f 1999/1999/1999 822/822/822 823/823/823 
f 1999/1999/1999 2000/2000/2000 822/822/822 
f 1995/1995/1995 2000/2000/2000 1999/1999/1999 
f 2000/2000/2000 824/824/824 822/822/822 
f 2000/2000/2000 2001/2001/2001 824/824/824 
f 1998/1998/1998 823/823/823 814/814/814 
f 812/812/812 1998/1998/1998 814/814/814 
f 812/812/812 1979/1979/1979 1998/1998/1998 
f 1979/1979/1979 812/812/812 811/811/811 
f 1979/1979/1979 1992/1992/1992 1998/1998/1998 
f 1995/1995/1995 2002/2002/2002 2000/2000/2000 
f 1996/1996/1996 2002/2002/2002 1995/1995/1995 
f 2003/2003/2003 825/825/825 824/824/824 
f 2002/2002/2002 2003/2003/2003 2004/2004/2004 
f 825/825/825 2003/2003/2003 2005/2005/2005 
f 825/825/825 2005/2005/2005 820/820/820 
f 2003/2003/2003 2006/2006/2006 2005/2005/2005 
f 820/820/820 2005/2005/2005 821/821/821 
f 2005/2005/2005 2007/2007/2007 821/821/821 
f 2005/2005/2005 2006/2006/2006 2007/2007/2007 
f 2007/2007/2007 838/838/838 821/821/821 
f 821/821/821 838/838/838 819/819/819 
f 838/838/838 836/836/836 819/819/819 
f 819/819/819 836/836/836 817/817/817 
f 836/836/836 834/834/834 817/817/817 
f 817/817/817 834/834/834 815/815/815 
f 834/834/834 827/827/827 815/815/815 
f 2006/2006/2006 2008/2008/2008 2007/2007/2007 
f 2007/2007/2007 2008/2008/2008 838/838/838 
f 2008/2008/2008 839/839/839 838/838/838 
f 2010/2010/2010 2009/2009/2009 1984/1984/1984 
f 1984/1984/1984 2009/2009/2009 1985/1985/1985 
f 2009/2009/2009 1990/1990/1990 1985/1985/1985 
f 2011/2011/2011 2009/2009/2009 2010/2010/2010 
f 2013/2013/2013 876/876/876 2012/2012/2012 
f 876/876/876 2013/2013/2013 2014/2014/2014 
f 2013/2013/2013 2015/2015/2015 2014/2014/2014 
f 2014/2014/2014 2015/2015/2015 2016/2016/2016 
f 2015/2015/2015 2017/2017/2017 2016/2016/2016 
f 2016/2016/2016 2017/2017/2017 2018/2018/2018 
f 2019/2019/2019 2016/2016/2016 2018/2018/2018 
f 2019/2019/2019 2018/2018/2018 2020/2020/2020 
f 2018/2018/2018 2021/2021/2021 2020/2020/2020 
f 2020/2020/2020 2021/2021/2021 2022/2022/2022 
f 2021/2021/2021 2023/2023/2023 2022/2022/2022 
f 2022/2022/2022 2023/2023/2023 2024/2024/2024 
f 2023/2023/2023 2025/2025/2025 2024/2024/2024 
f 2024/2024/2024 2025/2025/2025 2026/2026/2026 
f 2025/2025/2025 904/904/904 2026/2026/2026 
f 2026/2026/2026 904/904/904 891/891/891 
f 889/889/889 2026/2026/2026 891/891/891 
f 2024/2024/2024 2026/2026/2026 889/889/889 
f 887/887/887 2024/2024/2024 889/889/889 
f 2022/2022/2022 2024/2024/2024 887/887/887 
f 886/886/886 2022/2022/2022 887/887/887 
f 2020/2020/2020 2022/2022/2022 886/886/886 
f 884/884/884 2020/2020/2020 886/886/886 
f 2019/2019/2019 2020/2020/2020 884/884/884 
f 881/881/881 2019/2019/2019 884/884/884 
f 2019/2019/2019 881/881/881 2016/2016/2016 
f 881/881/881 880/880/880 2016/2016/2016 
f 2014/2014/2014 2016/2016/2016 880/880/880 
f 877/877/877 2014/2014/2014 880/880/880 
f 876/876/876 2014/2014/2014 877/877/877 
f 2027/2027/2027 1947/1947/1947 1964/1964/1964 
f 2029/2029/2029 2028/2028/2028 1964/1964/1964 
f 809/809/809 830/830/830 807/807/807 
f 830/830/830 832/832/832 807/807/807 
f 810/810/810 830/830/830 809/809/809 
f 826/826/826 830/830/830 810/810/810 
f 2031/2031/2031 841/841/841 2030/2030/2030 
f 2030/2030/2030 841/841/841 842/842/842 
f 792/792/792 2033/2033/2033 2032/2032/2032 
f 2033/2033/2033 2034/2034/2034 2032/2032/2032 
f 2032/2032/2032 2034/2034/2034 729/729/729 
f 2034/2034/2034 731/731/731 729/729/729 
f 2035/2035/2035 2033/2033/2033 792/792/792 
f 796/796/796 2035/2035/2035 792/792/792 
f 799/799/799 2035/2035/2035 796/796/796 
f 792/792/792 2032/2032/2032 788/788/788 
f 2032/2032/2032 791/791/791 788/788/788 
f 2032/2032/2032 729/729/729 791/791/791 
f 729/729/729 728/728/728 791/791/791 
f 2037/2037/2037 1948/1948/1948 2036/2036/2036 
f 1948/1948/1948 2038/2038/2038 2036/2036/2036 
f 1948/1948/1948 2037/2037/2037 1951/1951/1951 
f 2039/2039/2039 2038/2038/2038 1948/1948/1948 
f 2040/2040/2040 2039/2039/2039 1948/1948/1948 
f 1954/1954/1954 2040/2040/2040 1948/1948/1948 
f 1955/1955/1955 1951/1951/1951 2037/2037/2037 
f 2041/2041/2041 1955/1955/1955 2037/2037/2037 
f 2041/2041/2041 2037/2037/2037 2042/2042/2042 
f 2037/2037/2037 2036/2036/2036 2042/2042/2042 
f 2042/2042/2042 2036/2036/2036 2043/2043/2043 
f 2036/2036/2036 2038/2038/2038 2043/2043/2043 
f 2043/2043/2043 2038/2038/2038 2044/2044/2044 
f 2038/2038/2038 2045/2045/2045 2044/2044/2044 
f 2046/2046/2046 2042/2042/2042 2043/2043/2043 
f 794/794/794 2046/2046/2046 2043/2043/2043 
f 2046/2046/2046 794/794/794 793/793/793 
f 2047/2047/2047 2046/2046/2046 793/793/793 
f 2046/2046/2046 2047/2047/2047 2048/2048/2048 
f 2049/2049/2049 2046/2046/2046 2048/2048/2048 
f 2046/2046/2046 2049/2049/2049 2042/2042/2042 
f 2049/2049/2049 2041/2041/2041 2042/2042/2042 
f 2048/2048/2048 2050/2050/2050 2049/2049/2049 
f 2050/2050/2050 2048/2048/2048 2051/2051/2051 
f 2048/2048/2048 2052/2052/2052 2051/2051/2051 
f 2051/2051/2051 2052/2052/2052 2053/2053/2053 
f 2052/2052/2052 2054/2054/2054 2053/2053/2053 
f 2053/2053/2053 2054/2054/2054 2055/2055/2055 
f 2054/2054/2054 2056/2056/2056 2055/2055/2055 
f 2055/2055/2055 2056/2056/2056 2057/2057/2057 
f 2056/2056/2056 2058/2058/2058 2057/2057/2057 
f 2059/2059/2059 2057/2057/2057 2058/2058/2058 
f 2060/2060/2060 2059/2059/2059 2058/2058/2058 
f 2055/2055/2055 2061/2061/2061 2053/2053/2053 
f 2061/2061/2061 2062/2062/2062 2053/2053/2053 
f 2057/2057/2057 2063/2063/2063 2055/2055/2055 
f 2063/2063/2063 2061/2061/2061 2055/2055/2055 
f 2059/2059/2059 2064/2064/2064 2057/2057/2057 
f 2064/2064/2064 2063/2063/2063 2057/2057/2057 
f 2049/2049/2049 2050/2050/2050 2065/2065/2065 
f 2049/2049/2049 2065/2065/2065 2041/2041/2041 
f 2065/2065/2065 1955/1955/1955 2041/2041/2041 
f 2065/2065/2065 1962/1962/1962 1955/1955/1955 
f 1962/1962/1962 2065/2065/2065 1961/1961/1961 
f 2065/2065/2065 2066/2066/2066 1961/1961/1961 
f 2050/2050/2050 2066/2066/2066 2065/2065/2065 
f 784/784/784 2060/2060/2060 2058/2058/2058 
f 774/774/774 784/784/784 2058/2058/2058 
f 1961/1961/1961 2066/2066/2066 1972/1972/1972 
f 2066/2066/2066 2067/2067/2067 1972/1972/1972 
f 1972/1972/1972 2067/2067/2067 1974/1974/1974 
f 2067/2067/2067 2068/2068/2068 1974/1974/1974 
f 2069/2069/2069 2068/2068/2068 2067/2067/2067 
f 2070/2070/2070 2069/2069/2069 2067/2067/2067 
f 2050/2050/2050 2070/2070/2070 2066/2066/2066 
f 2070/2070/2070 2067/2067/2067 2066/2066/2066 
f 2071/2071/2071 2069/2069/2069 2070/2070/2070 
f 2072/2072/2072 2071/2071/2071 2070/2070/2070 
f 2072/2072/2072 2070/2070/2070 2050/2050/2050 
f 2073/2073/2073 2071/2071/2071 2072/2072/2072 
f 2074/2074/2074 2073/2073/2073 2072/2072/2072 
f 2075/2075/2075 2073/2073/2073 2074/2074/2074 
f 2076/2076/2076 2075/2075/2075 2074/2074/2074 
f 2076/2076/2076 2074/2074/2074 2077/2077/2077 
f 2078/2078/2078 2076/2076/2076 2077/2077/2077 
f 2079/2079/2079 2076/2076/2076 2078/2078/2078 
f 2080/2080/2080 2079/2079/2079 2078/2078/2078 
f 2081/2081/2081 2079/2079/2079 2080/2080/2080 
f 2082/2082/2082 2081/2081/2081 2080/2080/2080 
f 2072/2072/2072 2083/2083/2083 2077/2077/2077 
f 2079/2079/2079 2084/2084/2084 2076/2076/2076 
f 2084/2084/2084 2075/2075/2075 2076/2076/2076 
f 2077/2077/2077 2083/2083/2083 2085/2085/2085 
f 2086/2086/2086 2078/2078/2078 2085/2085/2085 
f 2080/2080/2080 2078/2078/2078 2086/2086/2086 
f 2078/2078/2078 2087/2087/2087 2085/2085/2085 
f 2088/2088/2088 2080/2080/2080 2086/2086/2086 
f 2082/2082/2082 2080/2080/2080 2088/2088/2088 
f 2089/2089/2089 2082/2082/2082 2088/2088/2088 
f 2085/2085/2085 2083/2083/2083 2090/2090/2090 
f 2086/2086/2086 2085/2085/2085 2090/2090/2090 
f 2083/2083/2083 2091/2091/2091 2090/2090/2090 
f 2090/2090/2090 2091/2091/2091 2062/2062/2062 
f 2092/2092/2092 2090/2090/2090 2062/2062/2062 
f 2092/2092/2092 2086/2086/2086 2090/2090/2090 
f 2088/2088/2088 2086/2086/2086 2092/2092/2092 
f 2061/2061/2061 2092/2092/2092 2062/2062/2062 
f 2093/2093/2093 2092/2092/2092 2061/2061/2061 
f 2093/2093/2093 2088/2088/2088 2092/2092/2092 
f 2063/2063/2063 2093/2093/2093 2061/2061/2061 
f 2094/2094/2094 2093/2093/2093 2063/2063/2063 
f 2064/2064/2064 2094/2094/2094 2063/2063/2063 
f 2062/2062/2062 2091/2091/2091 2053/2053/2053 
f 2091/2091/2091 2051/2051/2051 2053/2053/2053 
f 2072/2072/2072 2051/2051/2051 2091/2091/2091 
f 2051/2051/2051 2072/2072/2072 2050/2050/2050 
f 2083/2083/2083 2072/2072/2072 2091/2091/2091 
f 2094/2094/2094 2095/2095/2095 2093/2093/2093 
f 2095/2095/2095 2088/2088/2088 2093/2093/2093 
f 2094/2094/2094 2064/2064/2064 2096/2096/2096 
f 2096/2096/2096 2064/2064/2064 2059/2059/2059 
f 2097/2097/2097 2094/2094/2094 2096/2096/2096 
f 2096/2096/2096 2059/2059/2059 2060/2060/2060 
f 2098/2098/2098 2096/2096/2096 2060/2060/2060 
f 2097/2097/2097 2096/2096/2096 2098/2098/2098 
f 784/784/784 2098/2098/2098 2060/2060/2060 
f 2099/2099/2099 2097/2097/2097 2098/2098/2098 
f 2099/2099/2099 2098/2098/2098 784/784/784 
f 785/785/785 2099/2099/2099 784/784/784 
f 2095/2095/2095 2089/2089/2089 2088/2088/2088 
f 2101/2101/2101 2072/2072/2072 2100/2100/2100 
f 2104/2104/2104 2103/2103/2103 2102/2102/2102 
f 2103/2103/2103 2105/2105/2105 2102/2102/2102 
f 734/734/734 2103/2103/2103 2104/2104/2104 
f 732/732/732 734/734/734 2104/2104/2104 
f 2102/2102/2102 2105/2105/2105 2106/2106/2106 
f 2107/2107/2107 2102/2102/2102 2106/2106/2106 
f 2107/2107/2107 2106/2106/2106 2108/2108/2108 
f 2106/2106/2106 2109/2109/2109 2108/2108/2108 
f 2108/2108/2108 2109/2109/2109 2110/2110/2110 
f 2109/2109/2109 2111/2111/2111 2110/2110/2110 
f 2111/2111/2111 2112/2112/2112 2110/2110/2110 
f 2112/2112/2112 2113/2113/2113 2110/2110/2110 
f 2112/2112/2112 2114/2114/2114 2113/2113/2113 
f 2113/2113/2113 2114/2114/2114 776/776/776 
f 2114/2114/2114 772/772/772 776/776/776 
f 2110/2110/2110 2113/2113/2113 778/778/778 
f 2113/2113/2113 776/776/776 778/778/778 
f 2108/2108/2108 2110/2110/2110 778/778/778 
f 780/780/780 2108/2108/2108 778/778/778 
f 2107/2107/2107 2108/2108/2108 780/780/780 
f 782/782/782 2107/2107/2107 780/780/780 
f 2107/2107/2107 782/782/782 2102/2102/2102 
f 782/782/782 789/789/789 2102/2102/2102 
f 2104/2104/2104 2102/2102/2102 789/789/789 
f 790/790/790 2104/2104/2104 789/789/789 
f 732/732/732 2104/2104/2104 790/790/790 
f 727/727/727 732/732/732 790/790/790 
f 2114/2114/2114 770/770/770 772/772/772 
f 2112/2112/2112 768/768/768 2114/2114/2114 
f 768/768/768 770/770/770 2114/2114/2114 
f 766/766/766 768/768/768 2112/2112/2112 
f 2111/2111/2111 766/766/766 2112/2112/2112 
f 764/764/764 766/766/766 2111/2111/2111 
f 2109/2109/2109 764/764/764 2111/2111/2111 
f 763/763/763 764/764/764 2109/2109/2109 
f 2106/2106/2106 763/763/763 2109/2109/2109 
f 763/763/763 2106/2106/2106 760/760/760 
f 2106/2106/2106 2105/2105/2105 760/760/760 
f 758/758/758 760/760/760 2105/2105/2105 
f 2103/2103/2103 758/758/758 2105/2105/2105 
f 757/757/757 758/758/758 2103/2103/2103 
f 734/734/734 757/757/757 2103/2103/2103 
f 2116/2116/2116 2115/2115/2115 2084/2084/2084 
f 2116/2116/2116 2084/2084/2084 2079/2079/2079 
f 2081/2081/2081 2116/2116/2116 2079/2079/2079 
f 2116/2116/2116 2117/2117/2117 2115/2115/2115 
f 1971/1971/1971 2118/2118/2118 1970/1970/1970 
f 2118/2118/2118 2119/2119/2119 1970/1970/1970 
f 797/797/797 2118/2118/2118 1971/1971/1971 
f 803/803/803 797/797/797 1971/1971/1971 
f 797/797/797 795/795/795 2118/2118/2118 
f 795/795/795 2120/2120/2120 2118/2118/2118 
f 795/795/795 794/794/794 2120/2120/2120 
f 794/794/794 2043/2043/2043 2120/2120/2120 
f 2122/2122/2122 2121/2121/2121 2118/2118/2118 
f 2121/2121/2121 2123/2123/2123 2118/2118/2118 
f 781/781/781 2047/2047/2047 793/793/793 
f 781/781/781 2048/2048/2048 2047/2047/2047 
f 781/781/781 779/779/779 2048/2048/2048 
f 779/779/779 2052/2052/2052 2048/2048/2048 
f 779/779/779 777/777/777 2052/2052/2052 
f 777/777/777 2054/2054/2054 2052/2052/2052 
f 777/777/777 775/775/775 2054/2054/2054 
f 775/775/775 2056/2056/2056 2054/2054/2054 
f 775/775/775 774/774/774 2056/2056/2056 
f 774/774/774 2058/2058/2058 2056/2056/2056 
f 786/786/786 2125/2125/2125 2124/2124/2124 
f 786/786/786 2124/2124/2124 787/787/787 
f 2128/2128/2128 2127/2127/2127 2126/2126/2126 
f 2127/2127/2127 2129/2129/2129 2126/2126/2126 
f 1908/1908/1908 2130/2130/2130 1910/1910/1910 
f 2130/2130/2130 2131/2131/2131 1910/1910/1910 
f 2132/2132/2132 2130/2130/2130 1908/1908/1908 
f 1904/1904/1904 2132/2132/2132 1908/1908/1908 
f 2133/2133/2133 2132/2132/2132 1904/1904/1904 
f 1902/1902/1902 2133/2133/2133 1904/1904/1904 
f 1902/1902/1902 1899/1899/1899 2133/2133/2133 
f 1899/1899/1899 2134/2134/2134 2133/2133/2133 
f 1899/1899/1899 1898/1898/1898 2134/2134/2134 
f 1898/1898/1898 2135/2135/2135 2134/2134/2134 
f 2136/2136/2136 2134/2134/2134 2135/2135/2135 
f 2137/2137/2137 2136/2136/2136 2135/2135/2135 
f 2138/2138/2138 2136/2136/2136 2137/2137/2137 
f 2139/2139/2139 2138/2138/2138 2137/2137/2137 
f 2140/2140/2140 2138/2138/2138 2139/2139/2139 
f 2141/2141/2141 2140/2140/2140 2139/2139/2139 
f 2140/2140/2140 2142/2142/2142 2138/2138/2138 
f 2142/2142/2142 2143/2143/2143 2138/2138/2138 
f 2138/2138/2138 2143/2143/2143 2136/2136/2136 
f 2143/2143/2143 2144/2144/2144 2136/2136/2136 
f 2136/2136/2136 2144/2144/2144 2134/2134/2134 
f 2144/2144/2144 2133/2133/2133 2134/2134/2134 
f 2143/2143/2143 2145/2145/2145 2144/2144/2144 
f 2145/2145/2145 2146/2146/2146 2144/2144/2144 
f 2145/2145/2145 2147/2147/2147 2146/2146/2146 
f 2148/2148/2148 2147/2147/2147 2145/2145/2145 
f 2149/2149/2149 2148/2148/2148 2145/2145/2145 
f 2142/2142/2142 2149/2149/2149 2143/2143/2143 
f 2149/2149/2149 2145/2145/2145 2143/2143/2143 
f 2147/2147/2147 2150/2150/2150 2146/2146/2146 
f 2146/2146/2146 2150/2150/2150 2132/2132/2132 
f 2150/2150/2150 2130/2130/2130 2132/2132/2132 
f 2144/2144/2144 2146/2146/2146 2133/2133/2133 
f 2146/2146/2146 2132/2132/2132 2133/2133/2133 
f 2147/2147/2147 2151/2151/2151 2150/2150/2150 
f 2151/2151/2151 2152/2152/2152 2150/2150/2150 
f 2150/2150/2150 2152/2152/2152 2130/2130/2130 
f 2152/2152/2152 2131/2131/2131 2130/2130/2130 
f 2148/2148/2148 2153/2153/2153 2147/2147/2147 
f 2153/2153/2153 2151/2151/2151 2147/2147/2147 
f 2151/2151/2151 2153/2153/2153 2154/2154/2154 
f 2153/2153/2153 2148/2148/2148 2155/2155/2155 
f 2156/2156/2156 2153/2153/2153 2155/2155/2155 
f 2155/2155/2155 2148/2148/2148 2157/2157/2157 
f 2148/2148/2148 2149/2149/2149 2157/2157/2157 
f 2157/2157/2157 2149/2149/2149 2158/2158/2158 
f 2149/2149/2149 2142/2142/2142 2158/2158/2158 
f 2142/2142/2142 2140/2140/2140 2158/2158/2158 
f 2159/2159/2159 2158/2158/2158 2140/2140/2140 
f 2160/2160/2160 2159/2159/2159 2140/2140/2140 
f 2160/2160/2160 2140/2140/2140 2141/2141/2141 
f 2161/2161/2161 2160/2160/2160 2141/2141/2141 
f 2162/2162/2162 2161/2161/2161 2141/2141/2141 
f 2161/2161/2161 2162/2162/2162 2163/2163/2163 
f 2162/2162/2162 2164/2164/2164 2163/2163/2163 
f 2165/2165/2165 2164/2164/2164 2162/2162/2162 
f 2166/2166/2166 2165/2165/2165 2162/2162/2162 
f 2167/2167/2167 2165/2165/2165 2166/2166/2166 
f 2168/2168/2168 2167/2167/2167 2166/2166/2166 
f 2167/2167/2167 2168/2168/2168 2169/2169/2169 
f 2170/2170/2170 2167/2167/2167 2169/2169/2169 
f 2170/2170/2170 2169/2169/2169 2171/2171/2171 
f 2169/2169/2169 2172/2172/2172 2171/2171/2171 
f 2173/2173/2173 2167/2167/2167 2170/2170/2170 
f 2167/2167/2167 2173/2173/2173 2165/2165/2165 
f 2174/2174/2174 2173/2173/2173 2170/2170/2170 
f 2174/2174/2174 2170/2170/2170 2171/2171/2171 
f 2175/2175/2175 2174/2174/2174 2171/2171/2171 
f 2176/2176/2176 2173/2173/2173 2174/2174/2174 
f 2177/2177/2177 2176/2176/2176 2174/2174/2174 
f 2178/2178/2178 2176/2176/2176 2177/2177/2177 
f 2179/2179/2179 2178/2178/2178 2177/2177/2177 
f 2177/2177/2177 2174/2174/2174 2180/2180/2180 
f 2174/2174/2174 2175/2175/2175 2180/2180/2180 
f 2172/2172/2172 2169/2169/2169 2181/2181/2181 
f 2182/2182/2182 2172/2172/2172 2181/2181/2181 
f 2183/2183/2183 2182/2182/2182 2181/2181/2181 
f 2183/2183/2183 2181/2181/2181 2184/2184/2184 
f 2185/2185/2185 2183/2183/2183 2184/2184/2184 
f 2185/2185/2185 2184/2184/2184 2186/2186/2186 
f 2187/2187/2187 2185/2185/2185 2186/2186/2186 
f 2188/2188/2188 2183/2183/2183 2185/2185/2185 
f 2189/2189/2189 2188/2188/2188 2185/2185/2185 
f 2189/2189/2189 2185/2185/2185 2187/2187/2187 
f 2190/2190/2190 2189/2189/2189 2187/2187/2187 
f 2191/2191/2191 2189/2189/2189 2190/2190/2190 
f 2192/2192/2192 2191/2191/2191 2190/2190/2190 
f 2193/2193/2193 2191/2191/2191 2192/2192/2192 
f 2193/2193/2193 2194/2194/2194 2191/2191/2191 
f 2194/2194/2194 2195/2195/2195 2191/2191/2191 
f 2191/2191/2191 2195/2195/2195 2189/2189/2189 
f 2195/2195/2195 2188/2188/2188 2189/2189/2189 
f 2196/2196/2196 2193/2193/2193 2192/2192/2192 
f 2197/2197/2197 2193/2193/2193 2196/2196/2196 
f 2198/2198/2198 2197/2197/2197 2196/2196/2196 
f 2197/2197/2197 2199/2199/2199 2193/2193/2193 
f 2199/2199/2199 2194/2194/2194 2193/2193/2193 
f 2194/2194/2194 2199/2199/2199 2200/2200/2200 
f 2199/2199/2199 2201/2201/2201 2200/2200/2200 
f 2195/2195/2195 2194/2194/2194 2202/2202/2202 
f 2194/2194/2194 2200/2200/2200 2202/2202/2202 
f 2188/2188/2188 2195/2195/2195 2203/2203/2203 
f 2195/2195/2195 2202/2202/2202 2203/2203/2203 
f 2183/2183/2183 2188/2188/2188 2203/2203/2203 
f 2203/2203/2203 2204/2204/2204 2183/2183/2183 
f 2204/2204/2204 2182/2182/2182 2183/2183/2183 
f 2204/2204/2204 2205/2205/2205 2182/2182/2182 
f 2205/2205/2205 2172/2172/2172 2182/2182/2182 
f 2205/2205/2205 2206/2206/2206 2172/2172/2172 
f 2206/2206/2206 2171/2171/2171 2172/2172/2172 
f 2171/2171/2171 2206/2206/2206 2207/2207/2207 
f 2175/2175/2175 2171/2171/2171 2207/2207/2207 
f 2175/2175/2175 2207/2207/2207 2208/2208/2208 
f 2180/2180/2180 2175/2175/2175 2208/2208/2208 
f 2180/2180/2180 2208/2208/2208 2209/2209/2209 
f 2177/2177/2177 2180/2180/2180 2209/2209/2209 
f 2177/2177/2177 2209/2209/2209 2210/2210/2210 
f 2177/2177/2177 2210/2210/2210 2211/2211/2211 
f 2179/2179/2179 2177/2177/2177 2212/2212/2212 
f 2179/2179/2179 2212/2212/2212 2213/2213/2213 
f 2214/2214/2214 2179/2179/2179 2213/2213/2213 
f 2214/2214/2214 2215/2215/2215 2179/2179/2179 
f 2214/2214/2214 2216/2216/2216 2215/2215/2215 
f 2215/2215/2215 2178/2178/2178 2179/2179/2179 
f 2178/2178/2178 2215/2215/2215 2217/2217/2217 
f 2178/2178/2178 2217/2217/2217 2218/2218/2218 
f 2176/2176/2176 2178/2178/2178 2218/2218/2218 
f 2218/2218/2218 2217/2217/2217 2219/2219/2219 
f 2217/2217/2217 2220/2220/2220 2219/2219/2219 
f 2176/2176/2176 2218/2218/2218 2221/2221/2221 
f 2173/2173/2173 2176/2176/2176 2221/2221/2221 
f 2173/2173/2173 2221/2221/2221 2165/2165/2165 
f 2165/2165/2165 2221/2221/2221 2164/2164/2164 
f 2221/2221/2221 2222/2222/2222 2164/2164/2164 
f 2221/2221/2221 2218/2218/2218 2222/2222/2222 
f 2218/2218/2218 2219/2219/2219 2222/2222/2222 
f 2164/2164/2164 2222/2222/2222 2163/2163/2163 
f 2222/2222/2222 2223/2223/2223 2163/2163/2163 
f 2223/2223/2223 2222/2222/2222 2224/2224/2224 
f 2222/2222/2222 2219/2219/2219 2224/2224/2224 
f 2215/2215/2215 2225/2225/2225 2217/2217/2217 
f 2217/2217/2217 2225/2225/2225 2220/2220/2220 
f 2225/2225/2225 2226/2226/2226 2220/2220/2220 
f 2163/2163/2163 2223/2223/2223 2227/2227/2227 
f 2228/2228/2228 2163/2163/2163 2227/2227/2227 
f 2163/2163/2163 2228/2228/2228 2161/2161/2161 
f 2228/2228/2228 2229/2229/2229 2161/2161/2161 
f 2161/2161/2161 2229/2229/2229 2160/2160/2160 
f 2229/2229/2229 2159/2159/2159 2160/2160/2160 
f 2227/2227/2227 2223/2223/2223 2230/2230/2230 
f 2223/2223/2223 2224/2224/2224 2230/2230/2230 
f 2230/2230/2230 2224/2224/2224 2231/2231/2231 
f 2224/2224/2224 2219/2219/2219 2231/2231/2231 
f 2231/2231/2231 2219/2219/2219 2232/2232/2232 
f 2232/2232/2232 2219/2219/2219 2233/2233/2233 
f 2219/2219/2219 2220/2220/2220 2233/2233/2233 
f 2233/2233/2233 2220/2220/2220 2234/2234/2234 
f 2220/2220/2220 2226/2226/2226 2234/2234/2234 
f 2235/2235/2235 2226/2226/2226 2225/2225/2225 
f 2237/2237/2237 2226/2226/2226 2236/2236/2236 
f 2238/2238/2238 2237/2237/2237 2236/2236/2236 
f 2241/2241/2241 2240/2240/2240 2239/2239/2239 
f 2240/2240/2240 2242/2242/2242 2239/2239/2239 
f 2242/2242/2242 2240/2240/2240 2243/2243/2243 
f 2241/2241/2241 2244/2244/2244 2240/2240/2240 
f 2244/2244/2244 2245/2245/2245 2240/2240/2240 
f 2245/2245/2245 2246/2246/2246 2240/2240/2240 
f 2245/2245/2245 2247/2247/2247 2246/2246/2246 
f 2245/2245/2245 2244/2244/2244 2247/2247/2247 
f 2247/2247/2247 2248/2248/2248 2246/2246/2246 
f 2244/2244/2244 2249/2249/2249 2247/2247/2247 
f 2244/2244/2244 2241/2241/2241 2249/2249/2249 
f 2247/2247/2247 921/921/921 2248/2248/2248 
f 921/921/921 922/922/922 2248/2248/2248 
f 2249/2249/2249 923/923/923 2247/2247/2247 
f 923/923/923 921/921/921 2247/2247/2247 
f 925/925/925 923/923/923 2249/2249/2249 
f 2250/2250/2250 925/925/925 2249/2249/2249 
f 2251/2251/2251 2250/2250/2250 2249/2249/2249 
f 2251/2251/2251 2252/2252/2252 2250/2250/2250 
f 927/927/927 925/925/925 2250/2250/2250 
f 2253/2253/2253 927/927/927 2250/2250/2250 
f 2254/2254/2254 2253/2253/2253 2250/2250/2250 
f 2254/2254/2254 2242/2242/2242 2253/2253/2253 
f 2242/2242/2242 2255/2255/2255 2253/2253/2253 
f 2256/2256/2256 2255/2255/2255 2242/2242/2242 
f 2257/2257/2257 2256/2256/2256 2242/2242/2242 
f 2255/2255/2255 929/929/929 2253/2253/2253 
f 929/929/929 927/927/927 2253/2253/2253 
f 2258/2258/2258 929/929/929 2255/2255/2255 
f 931/931/931 929/929/929 2258/2258/2258 
f 2259/2259/2259 931/931/931 2258/2258/2258 
f 2259/2259/2259 2258/2258/2258 2260/2260/2260 
f 2258/2258/2258 2261/2261/2261 2260/2260/2260 
f 2262/2262/2262 2258/2258/2258 2255/2255/2255 
f 2261/2261/2261 2258/2258/2258 2262/2262/2262 
f 2259/2259/2259 2260/2260/2260 2263/2263/2263 
f 2264/2264/2264 2259/2259/2259 2263/2263/2263 
f 2264/2264/2264 2263/2263/2263 2265/2265/2265 
f 2266/2266/2266 2264/2264/2264 2265/2265/2265 
f 2266/2266/2266 2267/2267/2267 2264/2264/2264 
f 2267/2267/2267 2268/2268/2268 2264/2264/2264 
f 2264/2264/2264 2268/2268/2268 2259/2259/2259 
f 2268/2268/2268 931/931/931 2259/2259/2259 
f 2267/2267/2267 2269/2269/2269 2268/2268/2268 
f 2269/2269/2269 2270/2270/2270 2268/2268/2268 
f 2268/2268/2268 2270/2270/2270 931/931/931 
f 2269/2269/2269 2271/2271/2271 2270/2270/2270 
f 2271/2271/2271 2272/2272/2272 2270/2270/2270 
f 2271/2271/2271 2273/2273/2273 2272/2272/2272 
f 2273/2273/2273 2274/2274/2274 2272/2272/2272 
f 2273/2273/2273 2275/2275/2275 2274/2274/2274 
f 2275/2275/2275 2276/2276/2276 2274/2274/2274 
f 2274/2274/2274 2276/2276/2276 2277/2277/2277 
f 2274/2274/2274 2277/2277/2277 2278/2278/2278 
f 2276/2276/2276 2279/2279/2279 2277/2277/2277 
f 2276/2276/2276 2280/2280/2280 2279/2279/2279 
f 2280/2280/2280 2281/2281/2281 2279/2279/2279 
f 2282/2282/2282 2270/2270/2270 2278/2278/2278 
f 2282/2282/2282 2278/2278/2278 2283/2283/2283 
f 2284/2284/2284 2277/2277/2277 2283/2283/2283 
f 2277/2277/2277 2285/2285/2285 2283/2283/2283 
f 2277/2277/2277 2279/2279/2279 2285/2285/2285 
f 2279/2279/2279 2286/2286/2286 2285/2285/2285 
f 2279/2279/2279 2281/2281/2281 2286/2286/2286 
f 2281/2281/2281 2287/2287/2287 2286/2286/2286 
f 2282/2282/2282 2283/2283/2283 2288/2288/2288 
f 2283/2283/2283 2285/2285/2285 2289/2289/2289 
f 2290/2290/2290 2282/2282/2282 2289/2289/2289 
f 2270/2270/2270 2282/2282/2282 2290/2290/2290 
f 932/932/932 2270/2270/2270 2290/2290/2290 
f 2270/2270/2270 932/932/932 931/931/931 
f 932/932/932 2290/2290/2290 934/934/934 
f 2290/2290/2290 943/943/943 934/934/934 
f 2289/2289/2289 2291/2291/2291 943/943/943 
f 2285/2285/2285 2291/2291/2291 2289/2289/2289 
f 2285/2285/2285 2286/2286/2286 2291/2291/2291 
f 2291/2291/2291 942/942/942 943/943/943 
f 2291/2291/2291 2292/2292/2292 942/942/942 
f 2286/2286/2286 2292/2292/2292 2291/2291/2291 
f 2292/2292/2292 944/944/944 942/942/942 
f 2292/2292/2292 2293/2293/2293 944/944/944 
f 2293/2293/2293 945/945/945 944/944/944 
f 2290/2290/2290 2294/2294/2294 943/943/943 
f 2295/2295/2295 2293/2293/2293 2292/2292/2292 
f 2286/2286/2286 2295/2295/2295 2292/2292/2292 
f 945/945/945 2293/2293/2293 2296/2296/2296 
f 945/945/945 2296/2296/2296 940/940/940 
f 2293/2293/2293 2297/2297/2297 2296/2296/2296 
f 940/940/940 2296/2296/2296 941/941/941 
f 2296/2296/2296 2298/2298/2298 941/941/941 
f 2296/2296/2296 2297/2297/2297 2298/2298/2298 
f 2298/2298/2298 958/958/958 941/941/941 
f 941/941/941 958/958/958 939/939/939 
f 958/958/958 956/956/956 939/939/939 
f 939/939/939 956/956/956 937/937/937 
f 956/956/956 954/954/954 937/937/937 
f 937/937/937 954/954/954 935/935/935 
f 954/954/954 947/947/947 935/935/935 
f 2297/2297/2297 2299/2299/2299 2298/2298/2298 
f 2298/2298/2298 2299/2299/2299 958/958/958 
f 2299/2299/2299 959/959/959 958/958/958 
f 2287/2287/2287 2295/2295/2295 2286/2286/2286 
f 2302/2302/2302 2301/2301/2301 2300/2300/2300 
f 2270/2270/2270 2302/2302/2302 2300/2300/2300 
f 2304/2304/2304 2303/2303/2303 2275/2275/2275 
f 2275/2275/2275 2303/2303/2303 2276/2276/2276 
f 2303/2303/2303 2280/2280/2280 2276/2276/2276 
f 2305/2305/2305 2303/2303/2303 2304/2304/2304 
f 2307/2307/2307 961/961/961 2306/2306/2306 
f 2306/2306/2306 961/961/961 962/962/962 
f 911/911/911 2309/2309/2309 2308/2308/2308 
f 2309/2309/2309 2310/2310/2310 2308/2308/2308 
f 2308/2308/2308 2310/2310/2310 847/847/847 
f 2310/2310/2310 849/849/849 847/847/847 
f 2311/2311/2311 2309/2309/2309 911/911/911 
f 915/915/915 2311/2311/2311 911/911/911 
f 918/918/918 2311/2311/2311 915/915/915 
f 911/911/911 2308/2308/2308 907/907/907 
f 2308/2308/2308 910/910/910 907/907/907 
f 2308/2308/2308 847/847/847 910/910/910 
f 847/847/847 846/846/846 910/910/910 
f 2313/2313/2313 2240/2240/2240 2312/2312/2312 
f 2240/2240/2240 2314/2314/2314 2312/2312/2312 
f 2240/2240/2240 2313/2313/2313 2243/2243/2243 
f 2315/2315/2315 2314/2314/2314 2240/2240/2240 
f 2316/2316/2316 2315/2315/2315 2240/2240/2240 
f 2246/2246/2246 2316/2316/2316 2240/2240/2240 
f 2313/2313/2313 2312/2312/2312 2317/2317/2317 
f 2318/2318/2318 2313/2313/2313 2317/2317/2317 
f 2318/2318/2318 2319/2319/2319 2313/2313/2313 
f 2319/2319/2319 2320/2320/2320 2313/2313/2313 
f 2317/2317/2317 2312/2312/2312 2321/2321/2321 
f 2312/2312/2312 2314/2314/2314 2321/2321/2321 
f 2322/2322/2322 2316/2316/2316 2246/2246/2246 
f 2315/2315/2315 2316/2316/2316 2322/2322/2322 
f 2248/2248/2248 2322/2322/2322 2246/2246/2246 
f 2323/2323/2323 2315/2315/2315 2322/2322/2322 
f 2321/2321/2321 2314/2314/2314 2323/2323/2323 
f 2314/2314/2314 2315/2315/2315 2323/2323/2323 
f 916/916/916 2322/2322/2322 2248/2248/2248 
f 922/922/922 916/916/916 2248/2248/2248 
f 916/916/916 914/914/914 2322/2322/2322 
f 914/914/914 2323/2323/2323 2322/2322/2322 
f 914/914/914 913/913/913 2323/2323/2323 
f 913/913/913 2321/2321/2321 2323/2323/2323 
f 913/913/913 2324/2324/2324 2321/2321/2321 
f 2324/2324/2324 2317/2317/2317 2321/2321/2321 
f 2324/2324/2324 913/913/913 912/912/912 
f 2325/2325/2325 2324/2324/2324 912/912/912 
f 2326/2326/2326 2324/2324/2324 2325/2325/2325 
f 2324/2324/2324 2326/2326/2326 2317/2317/2317 
f 2326/2326/2326 2318/2318/2318 2317/2317/2317 
f 2326/2326/2326 2325/2325/2325 2327/2327/2327 
f 2327/2327/2327 2328/2328/2328 2326/2326/2326 
f 2328/2328/2328 2327/2327/2327 2329/2329/2329 
f 2327/2327/2327 2330/2330/2330 2329/2329/2329 
f 2329/2329/2329 2330/2330/2330 2331/2331/2331 
f 2330/2330/2330 2332/2332/2332 2331/2331/2331 
f 2331/2331/2331 2332/2332/2332 2333/2333/2333 
f 2332/2332/2332 2334/2334/2334 2333/2333/2333 
f 2333/2333/2333 2334/2334/2334 2335/2335/2335 
f 2334/2334/2334 2336/2336/2336 2335/2335/2335 
f 2337/2337/2337 2335/2335/2335 2336/2336/2336 
f 2338/2338/2338 2337/2337/2337 2336/2336/2336 
f 2333/2333/2333 2339/2339/2339 2331/2331/2331 
f 2339/2339/2339 2340/2340/2340 2331/2331/2331 
f 2335/2335/2335 2341/2341/2341 2333/2333/2333 
f 2341/2341/2341 2339/2339/2339 2333/2333/2333 
f 2337/2337/2337 2342/2342/2342 2335/2335/2335 
f 2342/2342/2342 2341/2341/2341 2335/2335/2335 
f 895/895/895 2330/2330/2330 2327/2327/2327 
f 895/895/895 893/893/893 2330/2330/2330 
f 893/893/893 2332/2332/2332 2330/2330/2330 
f 893/893/893 892/892/892 2332/2332/2332 
f 892/892/892 2334/2334/2334 2332/2332/2332 
f 892/892/892 900/900/900 2334/2334/2334 
f 900/900/900 2336/2336/2336 2334/2334/2334 
f 900/900/900 902/902/902 2336/2336/2336 
f 902/902/902 2338/2338/2338 2336/2336/2336 
f 2342/2342/2342 2343/2343/2343 2341/2341/2341 
f 2343/2343/2343 2344/2344/2344 2341/2341/2341 
f 2341/2341/2341 2344/2344/2344 2339/2339/2339 
f 2344/2344/2344 2345/2345/2345 2339/2339/2339 
f 2339/2339/2339 2345/2345/2345 2340/2340/2340 
f 2345/2345/2345 2346/2346/2346 2340/2340/2340 
f 2346/2346/2346 2347/2347/2347 2340/2340/2340 
f 2340/2340/2340 2347/2347/2347 2331/2331/2331 
f 2347/2347/2347 2329/2329/2329 2331/2331/2331 
f 2348/2348/2348 2329/2329/2329 2347/2347/2347 
f 2329/2329/2329 2348/2348/2348 2328/2328/2328 
f 2348/2348/2348 2349/2349/2349 2328/2328/2328 
f 2348/2348/2348 2350/2350/2350 2349/2349/2349 
f 2350/2350/2350 2351/2351/2351 2349/2349/2349 
f 2349/2349/2349 2351/2351/2351 2352/2352/2352 
f 2351/2351/2351 2353/2353/2353 2352/2352/2352 
f 2354/2354/2354 2350/2350/2350 2348/2348/2348 
f 2355/2355/2355 2354/2354/2354 2348/2348/2348 
f 2356/2356/2356 2354/2354/2354 2355/2355/2355 
f 2357/2357/2357 2356/2356/2356 2355/2355/2355 
f 2358/2358/2358 2356/2356/2356 2357/2357/2357 
f 2359/2359/2359 2358/2358/2358 2357/2357/2357 
f 2359/2359/2359 2357/2357/2357 2360/2360/2360 
f 2360/2360/2360 2357/2357/2357 2361/2361/2361 
f 2362/2362/2362 2359/2359/2359 2360/2360/2360 
f 2363/2363/2363 2359/2359/2359 2362/2362/2362 
f 2364/2364/2364 2363/2363/2363 2362/2362/2362 
f 2352/2352/2352 2353/2353/2353 2265/2265/2265 
f 2263/2263/2263 2352/2352/2352 2265/2265/2265 
f 2365/2365/2365 2352/2352/2352 2263/2263/2263 
f 2260/2260/2260 2365/2365/2365 2263/2263/2263 
f 2366/2366/2366 2365/2365/2365 2260/2260/2260 
f 2328/2328/2328 2365/2365/2365 2366/2366/2366 
f 2326/2326/2326 2328/2328/2328 2366/2366/2366 
f 2261/2261/2261 2366/2366/2366 2260/2260/2260 
f 2326/2326/2326 2366/2366/2366 2318/2318/2318 
f 2366/2366/2366 2262/2262/2262 2318/2318/2318 
f 2366/2366/2366 2261/2261/2261 2262/2262/2262 
f 2328/2328/2328 2349/2349/2349 2365/2365/2365 
f 2349/2349/2349 2352/2352/2352 2365/2365/2365 
f 2364/2364/2364 2362/2362/2362 2367/2367/2367 
f 2367/2367/2367 2362/2362/2362 2368/2368/2368 
f 2362/2362/2362 2360/2360/2360 2368/2368/2368 
f 2368/2368/2368 2360/2360/2360 2369/2369/2369 
f 2360/2360/2360 2370/2370/2370 2369/2369/2369 
f 2368/2368/2368 2369/2369/2369 2346/2346/2346 
f 2369/2369/2369 2371/2371/2371 2346/2346/2346 
f 2361/2361/2361 2371/2371/2371 2369/2369/2369 
f 2348/2348/2348 2371/2371/2371 2361/2361/2361 
f 2371/2371/2371 2348/2348/2348 2347/2347/2347 
f 2371/2371/2371 2347/2347/2347 2346/2346/2346 
f 2345/2345/2345 2368/2368/2368 2346/2346/2346 
f 2367/2367/2367 2368/2368/2368 2345/2345/2345 
f 2344/2344/2344 2367/2367/2367 2345/2345/2345 
f 2372/2372/2372 2367/2367/2367 2344/2344/2344 
f 2343/2343/2343 2372/2372/2372 2344/2344/2344 
f 2372/2372/2372 2373/2373/2373 2367/2367/2367 
f 2373/2373/2373 2364/2364/2364 2367/2367/2367 
f 2375/2375/2375 2348/2348/2348 2374/2374/2374 
f 2376/2376/2376 2375/2375/2375 2374/2374/2374 
f 2378/2378/2378 2343/2343/2343 2377/2377/2377 
f 2343/2343/2343 2342/2342/2342 2377/2377/2377 
f 2377/2377/2377 2342/2342/2342 2337/2337/2337 
f 2377/2377/2377 2337/2337/2337 2338/2338/2338 
f 2379/2379/2379 2377/2377/2377 2338/2338/2338 
f 2378/2378/2378 2377/2377/2377 2379/2379/2379 
f 902/902/902 2379/2379/2379 2338/2338/2338 
f 2380/2380/2380 2378/2378/2378 2379/2379/2379 
f 2380/2380/2380 2379/2379/2379 902/902/902 
f 903/903/903 2380/2380/2380 902/902/902 
f 2382/2382/2382 2381/2381/2381 2358/2358/2358 
f 2382/2382/2382 2358/2358/2358 2359/2359/2359 
f 2363/2363/2363 2382/2382/2382 2359/2359/2359 
f 2382/2382/2382 2383/2383/2383 2381/2381/2381 
f 899/899/899 897/897/897 912/912/912 
f 897/897/897 2325/2325/2325 912/912/912 
f 897/897/897 2327/2327/2327 2325/2325/2325 
f 897/897/897 895/895/895 2327/2327/2327 
f 898/898/898 882/882/882 896/896/896 
f 882/882/882 898/898/898 879/879/879 
f 898/898/898 908/908/908 879/879/879 
f 878/878/878 879/879/879 908/908/908 
f 909/909/909 878/878/878 908/908/908 
f 850/850/850 878/878/878 909/909/909 
f 845/845/845 850/850/850 909/909/909 
f 905/905/905 2385/2385/2385 2384/2384/2384 
f 905/905/905 2384/2384/2384 906/906/906 
f 2196/2196/2196 1209/1209/1209 2198/2198/2198 
f 1209/1209/1209 1212/1212/1212 2198/2198/2198 
f 1208/1208/1208 1209/1209/1209 2196/2196/2196 
f 2192/2192/2192 1208/1208/1208 2196/2196/2196 
f 1201/1201/1201 1208/1208/1208 2192/2192/2192 
f 2190/2190/2190 1201/1201/1201 2192/2192/2192 
f 2190/2190/2190 2187/2187/2187 1201/1201/1201 
f 2187/2187/2187 1197/1197/1197 1201/1201/1201 
f 2187/2187/2187 2186/2186/2186 1197/1197/1197 
f 2186/2186/2186 1196/1196/1196 1197/1197/1197 
f 2388/2388/2388 2387/2387/2387 2386/2386/2386 
f 2387/2387/2387 2389/2389/2389 2386/2386/2386 
f 2390/2390/2390 2387/2387/2387 2388/2388/2388 
f 2391/2391/2391 2390/2390/2390 2388/2388/2388 
f 2392/2392/2392 2390/2390/2390 2391/2391/2391 
f 2393/2393/2393 2392/2392/2392 2391/2391/2391 
f 2394/2394/2394 2392/2392/2392 2393/2393/2393 
f 2395/2395/2395 2394/2394/2394 2393/2393/2393 
f 2396/2396/2396 2394/2394/2394 2395/2395/2395 
f 2397/2397/2397 2396/2396/2396 2395/2395/2395 
f 2387/2387/2387 2398/2398/2398 2389/2389/2389 
f 2398/2398/2398 2399/2399/2399 2389/2389/2389 
f 2398/2398/2398 2400/2400/2400 2399/2399/2399 
f 2400/2400/2400 2401/2401/2401 2399/2399/2399 
f 2402/2402/2402 2400/2400/2400 2398/2398/2398 
f 2396/2396/2396 2403/2403/2403 2394/2394/2394 
f 2403/2403/2403 2404/2404/2404 2394/2394/2394 
f 2394/2394/2394 2404/2404/2404 2392/2392/2392 
f 2403/2403/2403 2405/2405/2405 2404/2404/2404 
f 2405/2405/2405 2406/2406/2406 2404/2404/2404 
f 2404/2404/2404 2406/2406/2406 2407/2407/2407 
f 2404/2404/2404 2407/2407/2407 2392/2392/2392 
f 2406/2406/2406 2408/2408/2408 2407/2407/2407 
f 2407/2407/2407 2408/2408/2408 2409/2409/2409 
f 2407/2407/2407 2409/2409/2409 2390/2390/2390 
f 2392/2392/2392 2407/2407/2407 2390/2390/2390 
f 2390/2390/2390 2409/2409/2409 2387/2387/2387 
f 2409/2409/2409 2398/2398/2398 2387/2387/2387 
f 2412/2412/2412 2411/2411/2411 2410/2410/2410 
f 2411/2411/2411 2413/2413/2413 2410/2410/2410 
f 2410/2410/2410 2413/2413/2413 2414/2414/2414 
f 2413/2413/2413 2415/2415/2415 2414/2414/2414 
f 2414/2414/2414 2415/2415/2415 2416/2416/2416 
f 2415/2415/2415 2417/2417/2417 2416/2416/2416 
f 2416/2416/2416 2417/2417/2417 2418/2418/2418 
f 2417/2417/2417 2419/2419/2419 2418/2418/2418 
f 2418/2418/2418 2419/2419/2419 2420/2420/2420 
f 2419/2419/2419 2421/2421/2421 2420/2420/2420 
f 2411/2411/2411 2422/2422/2422 2413/2413/2413 
f 2422/2422/2422 2423/2423/2423 2413/2413/2413 
f 2413/2413/2413 2423/2423/2423 2415/2415/2415 
f 2422/2422/2422 2424/2424/2424 2423/2423/2423 
f 2424/2424/2424 2425/2425/2425 2423/2423/2423 
f 2423/2423/2423 2425/2425/2425 2426/2426/2426 
f 2423/2423/2423 2426/2426/2426 2415/2415/2415 
f 2415/2415/2415 2426/2426/2426 2417/2417/2417 
f 2425/2425/2425 2427/2427/2427 2426/2426/2426 
f 2426/2426/2426 2427/2427/2427 2428/2428/2428 
f 2426/2426/2426 2428/2428/2428 2417/2417/2417 
f 2417/2417/2417 2428/2428/2428 2419/2419/2419 
f 2428/2428/2428 2429/2429/2429 2419/2419/2419 
f 2419/2419/2419 2429/2429/2429 2421/2421/2421 
f 2429/2429/2429 2430/2430/2430 2421/2421/2421 
f 2429/2429/2429 2431/2431/2431 2430/2430/2430 
f 2431/2431/2431 2432/2432/2432 2430/2430/2430 
f 2433/2433/2433 2431/2431/2431 2429/2429/2429 
f 2436/2436/2436 2435/2435/2435 2434/2434/2434 
f 2435/2435/2435 2437/2437/2437 2434/2434/2434 
f 2438/2438/2438 2435/2435/2435 2436/2436/2436 
f 2439/2439/2439 2438/2438/2438 2436/2436/2436 
f 2438/2438/2438 2440/2440/2440 2435/2435/2435 
f 2440/2440/2440 2441/2441/2441 2435/2435/2435 
f 2435/2435/2435 2441/2441/2441 2437/2437/2437 
f 2440/2440/2440 2442/2442/2442 2441/2441/2441 
f 2442/2442/2442 2443/2443/2443 2441/2441/2441 
f 2441/2441/2441 2443/2443/2443 2444/2444/2444 
f 2441/2441/2441 2444/2444/2444 2437/2437/2437 
f 2443/2443/2443 2445/2445/2445 2444/2444/2444 
f 2448/2448/2448 2447/2447/2447 2446/2446/2446 
f 2447/2447/2447 2449/2449/2449 2446/2446/2446 
f 2450/2450/2450 2447/2447/2447 2448/2448/2448 
f 2451/2451/2451 2450/2450/2450 2448/2448/2448 
f 2452/2452/2452 2450/2450/2450 2451/2451/2451 
f 2453/2453/2453 2452/2452/2452 2451/2451/2451 
f 2454/2454/2454 2452/2452/2452 2453/2453/2453 
f 2455/2455/2455 2454/2454/2454 2453/2453/2453 
f 2456/2456/2456 2454/2454/2454 2455/2455/2455 
f 2457/2457/2457 2456/2456/2456 2455/2455/2455 
f 2456/2456/2456 2458/2458/2458 2454/2454/2454 
f 2458/2458/2458 2459/2459/2459 2454/2454/2454 
f 2454/2454/2454 2459/2459/2459 2452/2452/2452 
f 2458/2458/2458 2460/2460/2460 2459/2459/2459 
f 2460/2460/2460 2461/2461/2461 2459/2459/2459 
f 2459/2459/2459 2461/2461/2461 2462/2462/2462 
f 2459/2459/2459 2462/2462/2462 2452/2452/2452 
f 2452/2452/2452 2462/2462/2462 2450/2450/2450 
f 2461/2461/2461 2463/2463/2463 2462/2462/2462 
f 2462/2462/2462 2463/2463/2463 2464/2464/2464 
f 2462/2462/2462 2464/2464/2464 2450/2450/2450 
f 2450/2450/2450 2464/2464/2464 2447/2447/2447 
f 2464/2464/2464 2465/2465/2465 2447/2447/2447 
f 2447/2447/2447 2465/2465/2465 2449/2449/2449 
f 2465/2465/2465 2466/2466/2466 2449/2449/2449 
f 2465/2465/2465 2467/2467/2467 2466/2466/2466 
f 2467/2467/2467 2468/2468/2468 2466/2466/2466 
f 2469/2469/2469 2467/2467/2467 2465/2465/2465 
f 2472/2472/2472 2471/2471/2471 2470/2470/2470 
f 2471/2471/2471 2473/2473/2473 2470/2470/2470 
f 2474/2474/2474 2471/2471/2471 2472/2472/2472 
f 2475/2475/2475 2474/2474/2474 2472/2472/2472 
f 2474/2474/2474 2476/2476/2476 2471/2471/2471 
f 2476/2476/2476 2477/2477/2477 2471/2471/2471 
f 2471/2471/2471 2477/2477/2477 2473/2473/2473 
f 2476/2476/2476 2478/2478/2478 2477/2477/2477 
f 2478/2478/2478 2479/2479/2479 2477/2477/2477 
f 2477/2477/2477 2479/2479/2479 2480/2480/2480 
f 2477/2477/2477 2480/2480/2480 2473/2473/2473 
f 2479/2479/2479 2481/2481/2481 2480/2480/2480 
f 2484/2484/2484 2483/2483/2483 2482/2482/2482 
f 2483/2483/2483 2485/2485/2485 2482/2482/2482 
f 2486/2486/2486 2483/2483/2483 2484/2484/2484 
f 2487/2487/2487 2486/2486/2486 2484/2484/2484 
f 2488/2488/2488 2486/2486/2486 2487/2487/2487 
f 2489/2489/2489 2488/2488/2488 2487/2487/2487 
f 2490/2490/2490 2488/2488/2488 2489/2489/2489 
f 2491/2491/2491 2490/2490/2490 2489/2489/2489 
f 2492/2492/2492 2490/2490/2490 2491/2491/2491 
f 2493/2493/2493 2492/2492/2492 2491/2491/2491 
f 2492/2492/2492 2494/2494/2494 2490/2490/2490 
f 2494/2494/2494 2495/2495/2495 2490/2490/2490 
f 2490/2490/2490 2495/2495/2495 2488/2488/2488 
f 2494/2494/2494 2496/2496/2496 2495/2495/2495 
f 2496/2496/2496 2497/2497/2497 2495/2495/2495 
f 2495/2495/2495 2497/2497/2497 2498/2498/2498 
f 2495/2495/2495 2498/2498/2498 2488/2488/2488 
f 2488/2488/2488 2498/2498/2498 2486/2486/2486 
f 2497/2497/2497 2499/2499/2499 2498/2498/2498 
f 2498/2498/2498 2499/2499/2499 2500/2500/2500 
f 2498/2498/2498 2500/2500/2500 2486/2486/2486 
f 2486/2486/2486 2500/2500/2500 2483/2483/2483 
f 2500/2500/2500 2501/2501/2501 2483/2483/2483 
f 2483/2483/2483 2501/2501/2501 2485/2485/2485 
f 2501/2501/2501 2502/2502/2502 2485/2485/2485 
f 2501/2501/2501 2503/2503/2503 2502/2502/2502 
f 2503/2503/2503 2504/2504/2504 2502/2502/2502 
f 2505/2505/2505 2503/2503/2503 2501/2501/2501 
f 2508/2508/2508 2507/2507/2507 2506/2506/2506 
f 2507/2507/2507 2509/2509/2509 2506/2506/2506 
f 2510/2510/2510 2507/2507/2507 2508/2508/2508 
f 2511/2511/2511 2510/2510/2510 2508/2508/2508 
f 2510/2510/2510 2512/2512/2512 2507/2507/2507 
f 2512/2512/2512 2513/2513/2513 2507/2507/2507 
f 2507/2507/2507 2513/2513/2513 2509/2509/2509 
f 2512/2512/2512 2514/2514/2514 2513/2513/2513 
f 2514/2514/2514 2515/2515/2515 2513/2513/2513 
f 2513/2513/2513 2515/2515/2515 2516/2516/2516 
f 2513/2513/2513 2516/2516/2516 2509/2509/2509 
f 2515/2515/2515 2517/2517/2517 2516/2516/2516 
f 2520/2520/2520 2519/2519/2519 2518/2518/2518 
f 2519/2519/2519 2521/2521/2521 2518/2518/2518 
f 2522/2522/2522 2519/2519/2519 2520/2520/2520 
f 2523/2523/2523 2522/2522/2522 2520/2520/2520 
f 2524/2524/2524 2522/2522/2522 2523/2523/2523 
f 2525/2525/2525 2524/2524/2524 2523/2523/2523 
f 2526/2526/2526 2524/2524/2524 2525/2525/2525 
f 2527/2527/2527 2526/2526/2526 2525/2525/2525 
f 2528/2528/2528 2526/2526/2526 2527/2527/2527 
f 2529/2529/2529 2528/2528/2528 2527/2527/2527 
f 2528/2528/2528 2530/2530/2530 2526/2526/2526 
f 2530/2530/2530 2531/2531/2531 2526/2526/2526 
f 2526/2526/2526 2531/2531/2531 2524/2524/2524 
f 2530/2530/2530 2532/2532/2532 2531/2531/2531 
f 2532/2532/2532 2533/2533/2533 2531/2531/2531 
f 2531/2531/2531 2533/2533/2533 2534/2534/2534 
f 2531/2531/2531 2534/2534/2534 2524/2524/2524 
f 2524/2524/2524 2534/2534/2534 2522/2522/2522 
f 2533/2533/2533 2535/2535/2535 2534/2534/2534 
f 2534/2534/2534 2535/2535/2535 2536/2536/2536 
f 2534/2534/2534 2536/2536/2536 2522/2522/2522 
f 2522/2522/2522 2536/2536/2536 2519/2519/2519 
f 2536/2536/2536 2537/2537/2537 2519/2519/2519 
f 2519/2519/2519 2537/2537/2537 2521/2521/2521 
f 2537/2537/2537 2538/2538/2538 2521/2521/2521 
f 2537/2537/2537 2539/2539/2539 2538/2538/2538 
f 2539/2539/2539 2540/2540/2540 2538/2538/2538 
f 2541/2541/2541 2539/2539/2539 2537/2537/2537 
f 2544/2544/2544 2543/2543/2543 2542/2542/2542 
f 2543/2543/2543 2545/2545/2545 2542/2542/2542 
f 2546/2546/2546 2543/2543/2543 2544/2544/2544 
f 2547/2547/2547 2546/2546/2546 2544/2544/2544 
f 2546/2546/2546 2548/2548/2548 2543/2543/2543 
f 2548/2548/2548 2549/2549/2549 2543/2543/2543 
f 2543/2543/2543 2549/2549/2549 2545/2545/2545 
f 2548/2548/2548 2550/2550/2550 2549/2549/2549 
f 2550/2550/2550 2551/2551/2551 2549/2549/2549 
f 2549/2549/2549 2551/2551/2551 2552/2552/2552 
f 2549/2549/2549 2552/2552/2552 2545/2545/2545 
f 2551/2551/2551 2553/2553/2553 2552/2552/2552 
f 2556/2556/2556 2555/2555/2555 2554/2554/2554 
f 2555/2555/2555 2557/2557/2557 2554/2554/2554 
f 2558/2558/2558 2555/2555/2555 2556/2556/2556 
f 2559/2559/2559 2558/2558/2558 2556/2556/2556 
f 2558/2558/2558 2560/2560/2560 2555/2555/2555 
f 2560/2560/2560 2561/2561/2561 2555/2555/2555 
f 2555/2555/2555 2561/2561/2561 2557/2557/2557 
f 2560/2560/2560 2562/2562/2562 2561/2561/2561 
f 2562/2562/2562 2563/2563/2563 2561/2561/2561 
f 2561/2561/2561 2563/2563/2563 2564/2564/2564 
f 2561/2561/2561 2564/2564/2564 2557/2557/2557 
f 2563/2563/2563 2565/2565/2565 2564/2564/2564 
f 2568/2568/2568 2567/2567/2567 2566/2566/2566 
f 2571/2571/2571 2570/2570/2570 2569/2569/2569 
f 2574/2574/2574 2573/2573/2573 2572/2572/2572 
f 2577/2577/2577 2576/2576/2576 2575/2575/2575 
f 2580/2580/2580 2579/2579/2579 2578/2578/2578 
f 2583/2583/2583 2582/2582/2582 2581/2581/2581 
f 2586/2586/2586 2585/2585/2585 2584/2584/2584 
f 2589/2589/2589 2588/2588/2588 2587/2587/2587 
f 2592/2592/2592 2591/2591/2591 2590/2590/2590 
f 2595/2595/2595 2594/2594/2594 2593/2593/2593 
f 2598/2598/2598 2597/2597/2597 2596/2596/2596 
f 2597/2597/2597 2599/2599/2599 2596/2596/2596 
f 2602/2602/2602 2601/2601/2601 2600/2600/2600 
f 2601/2601/2601 2603/2603/2603 2600/2600/2600 
f 2606/2606/2606 2605/2605/2605 2604/2604/2604 
f 2605/2605/2605 2607/2607/2607 2604/2604/2604 
f 2610/2610/2610 2609/2609/2609 2608/2608/2608 
f 2609/2609/2609 2611/2611/2611 2608/2608/2608 
f 2614/2614/2614 2613/2613/2613 2612/2612/2612 
f 2613/2613/2613 2615/2615/2615 2612/2612/2612 
f 2618/2618/2618 2617/2617/2617 2616/2616/2616 
f 2617/2617/2617 2619/2619/2619 2616/2616/2616 
f 2622/2622/2622 2621/2621/2621 2620/2620/2620 
f 2621/2621/2621 2623/2623/2623 2620/2620/2620 
f 2626/2626/2626 2625/2625/2625 2624/2624/2624 
f 2625/2625/2625 2627/2627/2627 2624/2624/2624 
f 2630/2630/2630 2629/2629/2629 2628/2628/2628 
f 2629/2629/2629 2631/2631/2631 2628/2628/2628 
f 2634/2634/2634 2633/2633/2633 2632/2632/2632 
f 2633/2633/2633 2635/2635/2635 2632/2632/2632 
f 2638/2638/2638 2637/2637/2637 2636/2636/2636 
f 2637/2637/2637 2639/2639/2639 2636/2636/2636 
f 2642/2642/2642 2641/2641/2641 2640/2640/2640 
f 2641/2641/2641 2643/2643/2643 2640/2640/2640 
f 2646/2646/2646 2645/2645/2645 2644/2644/2644 
f 2645/2645/2645 2647/2647/2647 2644/2644/2644 
f 2650/2650/2650 2649/2649/2649 2648/2648/2648 
f 2649/2649/2649 2651/2651/2651 2648/2648/2648 
f 2654/2654/2654 2653/2653/2653 2652/2652/2652 
f 2653/2653/2653 2655/2655/2655 2652/2652/2652 
f 2658/2658/2658 2657/2657/2657 2656/2656/2656 
f 2657/2657/2657 2659/2659/2659 2656/2656/2656 
f 2662/2662/2662 2661/2661/2661 2660/2660/2660 
f 2661/2661/2661 2663/2663/2663 2660/2660/2660 
f 2666/2666/2666 2665/2665/2665 2664/2664/2664 
f 2665/2665/2665 2667/2667/2667 2664/2664/2664 
f 2670/2670/2670 2669/2669/2669 2668/2668/2668 
f 2669/2669/2669 2671/2671/2671 2668/2668/2668 
f 2674/2674/2674 2673/2673/2673 2672/2672/2672 
f 2673/2673/2673 2675/2675/2675 2672/2672/2672 
f 2678/2678/2678 2677/2677/2677 2676/2676/2676 
f 2677/2677/2677 2679/2679/2679 2676/2676/2676 
f 2682/2682/2682 2681/2681/2681 2680/2680/2680 
f 2681/2681/2681 2683/2683/2683 2680/2680/2680 
f 2686/2686/2686 2685/2685/2685 2684/2684/2684 
f 2685/2685/2685 2687/2687/2687 2684/2684/2684 
f 2690/2690/2690 2689/2689/2689 2688/2688/2688 
f 2689/2689/2689 2691/2691/2691 2688/2688/2688 
f 2694/2694/2694 2693/2693/2693 2692/2692/2692 
f 2693/2693/2693 2695/2695/2695 2692/2692/2692 
f 2698/2698/2698 2697/2697/2697 2696/2696/2696 
f 2697/2697/2697 2699/2699/2699 2696/2696/2696 
f 2702/2702/2702 2701/2701/2701 2700/2700/2700 
f 2701/2701/2701 2703/2703/2703 2700/2700/2700 
f 2706/2706/2706 2705/2705/2705 2704/2704/2704 
f 2705/2705/2705 2707/2707/2707 2704/2704/2704 
f 2710/2710/2710 2709/2709/2709 2708/2708/2708 
f 2709/2709/2709 2711/2711/2711 2708/2708/2708 
f 2714/2714/2714 2713/2713/2713 2712/2712/2712 
f 2713/2713/2713 2715/2715/2715 2712/2712/2712 
f 2718/2718/2718 2717/2717/2717 2716/2716/2716 
f 2717/2717/2717 2719/2719/2719 2716/2716/2716 
f 2722/2722/2722 2721/2721/2721 2720/2720/2720 
f 2721/2721/2721 2723/2723/2723 2720/2720/2720 
f 2726/2726/2726 2725/2725/2725 2724/2724/2724 
f 2725/2725/2725 2727/2727/2727 2724/2724/2724 
f 2730/2730/2730 2729/2729/2729 2728/2728/2728 
f 2729/2729/2729 2731/2731/2731 2728/2728/2728 
f 2734/2734/2734 2733/2733/2733 2732/2732/2732 
f 2733/2733/2733 2735/2735/2735 2732/2732/2732 
f 2738/2738/2738 2737/2737/2737 2736/2736/2736 
f 2737/2737/2737 2739/2739/2739 2736/2736/2736 
f 2742/2742/2742 2741/2741/2741 2740/2740/2740 
f 2741/2741/2741 2743/2743/2743 2740/2740/2740 
f 2746/2746/2746 2745/2745/2745 2744/2744/2744 
f 2745/2745/2745 2747/2747/2747 2744/2744/2744 
f 2750/2750/2750 2749/2749/2749 2748/2748/2748 
f 2749/2749/2749 2751/2751/2751 2748/2748/2748 
f 2754/2754/2754 2753/2753/2753 2752/2752/2752 
f 2753/2753/2753 2755/2755/2755 2752/2752/2752 
f 2758/2758/2758 2757/2757/2757 2756/2756/2756 
f 2757/2757/2757 2759/2759/2759 2756/2756/2756 
f 2762/2762/2762 2761/2761/2761 2760/2760/2760 
f 2761/2761/2761 2763/2763/2763 2760/2760/2760 
f 2766/2766/2766 2765/2765/2765 2764/2764/2764 
f 2765/2765/2765 2767/2767/2767 2764/2764/2764 
f 2770/2770/2770 2769/2769/2769 2768/2768/2768 
f 2769/2769/2769 2771/2771/2771 2768/2768/2768 
f 2774/2774/2774 2773/2773/2773 2772/2772/2772 
f 2773/2773/2773 2775/2775/2775 2772/2772/2772 
f 2778/2778/2778 2777/2777/2777 2776/2776/2776 
f 2777/2777/2777 2779/2779/2779 2776/2776/2776 
f 2782/2782/2782 2781/2781/2781 2780/2780/2780 
f 2781/2781/2781 2783/2783/2783 2780/2780/2780 
f 2786/2786/2786 2785/2785/2785 2784/2784/2784 
f 2785/2785/2785 2787/2787/2787 2784/2784/2784 
f 2790/2790/2790 2789/2789/2789 2788/2788/2788 
f 2789/2789/2789 2791/2791/2791 2788/2788/2788 
f 2794/2794/2794 2793/2793/2793 2792/2792/2792 
f 2793/2793/2793 2795/2795/2795 2792/2792/2792 
f 2798/2798/2798 2797/2797/2797 2796/2796/2796 
f 2797/2797/2797 2799/2799/2799 2796/2796/2796 
f 2802/2802/2802 2801/2801/2801 2800/2800/2800 
f 2801/2801/2801 2803/2803/2803 2800/2800/2800 
f 2806/2806/2806 2805/2805/2805 2804/2804/2804 
f 2805/2805/2805 2807/2807/2807 2804/2804/2804 
f 2810/2810/2810 2809/2809/2809 2808/2808/2808 
f 2809/2809/2809 2811/2811/2811 2808/2808/2808 
f 2814/2814/2814 2813/2813/2813 2812/2812/2812 
f 2813/2813/2813 2815/2815/2815 2812/2812/2812 
f 2818/2818/2818 2817/2817/2817 2816/2816/2816 
f 2817/2817/2817 2819/2819/2819 2816/2816/2816 
f 2822/2822/2822 2821/2821/2821 2820/2820/2820 
f 2821/2821/2821 2823/2823/2823 2820/2820/2820 
f 2826/2826/2826 2825/2825/2825 2824/2824/2824 
f 2825/2825/2825 2827/2827/2827 2824/2824/2824 
f 2830/2830/2830 2829/2829/2829 2828/2828/2828 
f 2829/2829/2829 2831/2831/2831 2828/2828/2828 
f 2834/2834/2834 2833/2833/2833 2832/2832/2832 
f 2833/2833/2833 2835/2835/2835 2832/2832/2832 
f 2838/2838/2838 2837/2837/2837 2836/2836/2836 
f 2837/2837/2837 2839/2839/2839 2836/2836/2836 
f 2842/2842/2842 2841/2841/2841 2840/2840/2840 
f 2841/2841/2841 2843/2843/2843 2840/2840/2840 
f 2846/2846/2846 2845/2845/2845 2844/2844/2844 
f 2845/2845/2845 2847/2847/2847 2844/2844/2844 
f 2850/2850/2850 2849/2849/2849 2848/2848/2848 
f 2849/2849/2849 2851/2851/2851 2848/2848/2848 
f 2854/2854/2854 2853/2853/2853 2852/2852/2852 
f 2853/2853/2853 2855/2855/2855 2852/2852/2852 
f 2858/2858/2858 2857/2857/2857 2856/2856/2856 
f 2857/2857/2857 2859/2859/2859 2856/2856/2856 
f 2862/2862/2862 2861/2861/2861 2860/2860/2860 
f 2861/2861/2861 2863/2863/2863 2860/2860/2860 
f 2866/2866/2866 2865/2865/2865 2864/2864/2864 
f 2865/2865/2865 2867/2867/2867 2864/2864/2864 
f 2870/2870/2870 2869/2869/2869 2868/2868/2868 
f 2869/2869/2869 2871/2871/2871 2868/2868/2868 
f 2874/2874/2874 2873/2873/2873 2872/2872/2872 
f 2873/2873/2873 2875/2875/2875 2872/2872/2872 
f 2878/2878/2878 2877/2877/2877 2876/2876/2876 
f 2877/2877/2877 2879/2879/2879 2876/2876/2876 
f 2882/2882/2882 2881/2881/2881 2880/2880/2880 
f 2881/2881/2881 2883/2883/2883 2880/2880/2880 
f 2886/2886/2886 2885/2885/2885 2884/2884/2884 
f 2885/2885/2885 2887/2887/2887 2884/2884/2884 
f 2890/2890/2890 2889/2889/2889 2888/2888/2888 
f 2889/2889/2889 2891/2891/2891 2888/2888/2888 
f 2894/2894/2894 2893/2893/2893 2892/2892/2892 
f 2893/2893/2893 2895/2895/2895 2892/2892/2892 
f 2898/2898/2898 2897/2897/2897 2896/2896/2896 
f 2897/2897/2897 2899/2899/2899 2896/2896/2896 
f 2902/2902/2902 2901/2901/2901 2900/2900/2900 
f 2901/2901/2901 2903/2903/2903 2900/2900/2900 
f 2906/2906/2906 2905/2905/2905 2904/2904/2904 
f 2905/2905/2905 2907/2907/2907 2904/2904/2904 
f 2910/2910/2910 2909/2909/2909 2908/2908/2908 
f 2909/2909/2909 2911/2911/2911 2908/2908/2908 
f 2914/2914/2914 2913/2913/2913 2912/2912/2912 
f 2913/2913/2913 2915/2915/2915 2912/2912/2912 
f 2918/2918/2918 2917/2917/2917 2916/2916/2916 
f 2917/2917/2917 2919/2919/2919 2916/2916/2916 
f 2922/2922/2922 2921/2921/2921 2920/2920/2920 
f 2921/2921/2921 2923/2923/2923 2920/2920/2920 
f 2926/2926/2926 2925/2925/2925 2924/2924/2924 
f 2925/2925/2925 2927/2927/2927 2924/2924/2924 
f 2930/2930/2930 2929/2929/2929 2928/2928/2928 
f 2929/2929/2929 2931/2931/2931 2928/2928/2928 
f 2934/2934/2934 2933/2933/2933 2932/2932/2932 
f 2933/2933/2933 2935/2935/2935 2932/2932/2932 
f 2938/2938/2938 2937/2937/2937 2936/2936/2936 
f 2937/2937/2937 2939/2939/2939 2936/2936/2936 
f 2942/2942/2942 2941/2941/2941 2940/2940/2940 
f 2941/2941/2941 2943/2943/2943 2940/2940/2940 
f 2946/2946/2946 2945/2945/2945 2944/2944/2944 
f 2945/2945/2945 2947/2947/2947 2944/2944/2944 
f 2950/2950/2950 2949/2949/2949 2948/2948/2948 
f 2949/2949/2949 2951/2951/2951 2948/2948/2948 
f 2954/2954/2954 2953/2953/2953 2952/2952/2952 
f 2953/2953/2953 2955/2955/2955 2952/2952/2952 
f 2958/2958/2958 2957/2957/2957 2956/2956/2956 
f 2957/2957/2957 2959/2959/2959 2956/2956/2956 
f 2962/2962/2962 2961/2961/2961 2960/2960/2960 
f 2961/2961/2961 2963/2963/2963 2960/2960/2960 
f 2966/2966/2966 2965/2965/2965 2964/2964/2964 
f 2965/2965/2965 2967/2967/2967 2964/2964/2964 
f 2970/2970/2970 2969/2969/2969 2968/2968/2968 
f 2969/2969/2969 2971/2971/2971 2968/2968/2968 
f 2974/2974/2974 2973/2973/2973 2972/2972/2972 
f 2973/2973/2973 2975/2975/2975 2972/2972/2972 
f 2978/2978/2978 2977/2977/2977 2976/2976/2976 
f 2977/2977/2977 2979/2979/2979 2976/2976/2976 
f 2982/2982/2982 2981/2981/2981 2980/2980/2980 
f 2981/2981/2981 2983/2983/2983 2980/2980/2980 
f 2986/2986/2986 2985/2985/2985 2984/2984/2984 
f 2985/2985/2985 2987/2987/2987 2984/2984/2984 
f 2990/2990/2990 2989/2989/2989 2988/2988/2988 
f 2989/2989/2989 2991/2991/2991 2988/2988/2988 
f 2994/2994/2994 2993/2993/2993 2992/2992/2992 
f 2993/2993/2993 2995/2995/2995 2992/2992/2992 
f 2998/2998/2998 2997/2997/2997 2996/2996/2996 
f 2997/2997/2997 2999/2999/2999 2996/2996/2996 
f 3002/3002/3002 3001/3001/3001 3000/3000/3000 
f 3001/3001/3001 3003/3003/3003 3000/3000/3000 
f 3006/3006/3006 3005/3005/3005 3004/3004/3004 
f 3005/3005/3005 3007/3007/3007 3004/3004/3004 
f 3010/3010/3010 3009/3009/3009 3008/3008/3008 
f 3009/3009/3009 3011/3011/3011 3008/3008/3008 
f 3014/3014/3014 3013/3013/3013 3012/3012/3012 
f 3013/3013/3013 3015/3015/3015 3012/3012/3012 
f 3018/3018/3018 3017/3017/3017 3016/3016/3016 
f 3017/3017/3017 3019/3019/3019 3016/3016/3016 
f 3022/3022/3022 3021/3021/3021 3020/3020/3020 
f 3021/3021/3021 3023/3023/3023 3020/3020/3020 
f 3026/3026/3026 3025/3025/3025 3024/3024/3024 
f 3025/3025/3025 3027/3027/3027 3024/3024/3024 
f 3030/3030/3030 3029/3029/3029 3028/3028/3028 
f 3029/3029/3029 3031/3031/3031 3028/3028/3028 
f 3034/3034/3034 3033/3033/3033 3032/3032/3032 
f 3033/3033/3033 3035/3035/3035 3032/3032/3032 
f 3038/3038/3038 3037/3037/3037 3036/3036/3036 
f 3037/3037/3037 3039/3039/3039 3036/3036/3036 
f 3042/3042/3042 3041/3041/3041 3040/3040/3040 
f 3041/3041/3041 3043/3043/3043 3040/3040/3040 
f 3046/3046/3046 3045/3045/3045 3044/3044/3044 
f 3045/3045/3045 3047/3047/3047 3044/3044/3044 
f 3050/3050/3050 3049/3049/3049 3048/3048/3048 
f 3049/3049/3049 3051/3051/3051 3048/3048/3048 
f 3049/3049/3049 3052/3052/3052 3051/3051/3051 
f 3052/3052/3052 3053/3053/3053 3051/3051/3051 
f 3056/3056/3056 3055/3055/3055 3054/3054/3054 
f 3055/3055/3055 3057/3057/3057 3054/3054/3054 
f 3055/3055/3055 3058/3058/3058 3057/3057/3057 
f 3058/3058/3058 3059/3059/3059 3057/3057/3057 
f 3062/3062/3062 3061/3061/3061 3060/3060/3060 
f 3061/3061/3061 3063/3063/3063 3060/3060/3060 
f 3066/3066/3066 3065/3065/3065 3064/3064/3064 
f 3065/3065/3065 3067/3067/3067 3064/3064/3064 
f 3070/3070/3070 3069/3069/3069 3068/3068/3068 
f 3069/3069/3069 3071/3071/3071 3068/3068/3068 
f 3074/3074/3074 3073/3073/3073 3072/3072/3072 
f 3073/3073/3073 3075/3075/3075 3072/3072/3072 
f 3073/3073/3073 3076/3076/3076 3075/3075/3075 
f 3076/3076/3076 3077/3077/3077 3075/3075/3075 
f 3080/3080/3080 3079/3079/3079 3078/3078/3078 
f 3079/3079/3079 3081/3081/3081 3078/3078/3078 
f 3079/3079/3079 3082/3082/3082 3081/3081/3081 
f 3082/3082/3082 3083/3083/3083 3081/3081/3081 
f 3086/3086/3086 3085/3085/3085 3084/3084/3084 
f 3085/3085/3085 3087/3087/3087 3084/3084/3084 
f 3085/3085/3085 3088/3088/3088 3087/3087/3087 
f 3088/3088/3088 3089/3089/3089 3087/3087/3087 
f 3092/3092/3092 3091/3091/3091 3090/3090/3090 
f 3091/3091/3091 3093/3093/3093 3090/3090/3090 
f 3096/3096/3096 3095/3095/3095 3094/3094/3094 
f 3095/3095/3095 3097/3097/3097 3094/3094/3094 
f 3100/3100/3100 3099/3099/3099 3098/3098/3098 
f 3099/3099/3099 3101/3101/3101 3098/3098/3098 
f 3104/3104/3104 3103/3103/3103 3102/3102/3102 
f 3103/3103/3103 3105/3105/3105 3102/3102/3102 
f 3103/3103/3103 3106/3106/3106 3105/3105/3105 
f 3106/3106/3106 3107/3107/3107 3105/3105/3105 
f 3110/3110/3110 3109/3109/3109 3108/3108/3108 
f 3109/3109/3109 3111/3111/3111 3108/3108/3108 
f 3109/3109/3109 3112/3112/3112 3111/3111/3111 
f 3112/3112/3112 3113/3113/3113 3111/3111/3111 
f 3116/3116/3116 3115/3115/3115 3114/3114/3114 
f 3115/3115/3115 3117/3117/3117 3114/3114/3114 
f 3120/3120/3120 3119/3119/3119 3118/3118/3118 
f 3119/3119/3119 3121/3121/3121 3118/3118/3118 
f 3124/3124/3124 3123/3123/3123 3122/3122/3122 
f 3123/3123/3123 3125/3125/3125 3122/3122/3122 
f 3128/3128/3128 3127/3127/3127 3126/3126/3126 
f 3127/3127/3127 3129/3129/3129 3126/3126/3126 
f 3127/3127/3127 3130/3130/3130 3129/3129/3129 
f 3130/3130/3130 3131/3131/3131 3129/3129/3129 
f 3134/3134/3134 3133/3133/3133 3132/3132/3132 
f 3133/3133/3133 3135/3135/3135 3132/3132/3132 
f 3133/3133/3133 3136/3136/3136 3135/3135/3135 
f 3136/3136/3136 3137/3137/3137 3135/3135/3135 
f 3140/3140/3140 3139/3139/3139 3138/3138/3138 
f 3139/3139/3139 3141/3141/3141 3138/3138/3138 
f 3139/3139/3139 3142/3142/3142 3141/3141/3141 
f 3142/3142/3142 3143/3143/3143 3141/3141/3141 
f 3146/3146/3146 3145/3145/3145 3144/3144/3144 
f 3145/3145/3145 3147/3147/3147 3144/3144/3144 
f 3150/3150/3150 3149/3149/3149 3148/3148/3148 
f 3149/3149/3149 3151/3151/3151 3148/3148/3148 
f 3154/3154/3154 3153/3153/3153 3152/3152/3152 
f 3153/3153/3153 3155/3155/3155 3152/3152/3152 
f 3158/3158/3158 3157/3157/3157 3156/3156/3156 
f 3157/3157/3157 3159/3159/3159 3156/3156/3156 
f 3157/3157/3157 3160/3160/3160 3159/3159/3159 
f 3160/3160/3160 3161/3161/3161 3159/3159/3159 
f 3164/3164/3164 3163/3163/3163 3162/3162/3162 
f 3163/3163/3163 3165/3165/3165 3162/3162/3162 
f 3163/3163/3163 3166/3166/3166 3165/3165/3165 
f 3166/3166/3166 3167/3167/3167 3165/3165/3165 
f 3170/3170/3170 3169/3169/3169 3168/3168/3168 
f 3169/3169/3169 3171/3171/3171 3168/3168/3168 
f 3174/3174/3174 3173/3173/3173 3172/3172/3172 
f 3173/3173/3173 3175/3175/3175 3172/3172/3172 
f 3178/3178/3178 3177/3177/3177 3176/3176/3176 
f 3177/3177/3177 3179/3179/3179 3176/3176/3176 
f 3182/3182/3182 3181/3181/3181 3180/3180/3180 
f 3181/3181/3181 3183/3183/3183 3180/3180/3180 
f 3181/3181/3181 3184/3184/3184 3183/3183/3183 
f 3184/3184/3184 3185/3185/3185 3183/3183/3183 
f 3188/3188/3188 3187/3187/3187 3186/3186/3186 
f 3187/3187/3187 3189/3189/3189 3186/3186/3186 
f 3187/3187/3187 3190/3190/3190 3189/3189/3189 
f 3190/3190/3190 3191/3191/3191 3189/3189/3189 
f 3194/3194/3194 3193/3193/3193 3192/3192/3192 
f 3193/3193/3193 3195/3195/3195 3192/3192/3192 
f 3193/3193/3193 3196/3196/3196 3195/3195/3195 
f 3196/3196/3196 3197/3197/3197 3195/3195/3195 
f 3200/3200/3200 3199/3199/3199 3198/3198/3198 
f 3199/3199/3199 3201/3201/3201 3198/3198/3198 
f 3204/3204/3204 3203/3203/3203 3202/3202/3202 
f 3203/3203/3203 3205/3205/3205 3202/3202/3202 
f 3208/3208/3208 3207/3207/3207 3206/3206/3206 
f 3207/3207/3207 3209/3209/3209 3206/3206/3206 
f 3212/3212/3212 3211/3211/3211 3210/3210/3210 
f 3211/3211/3211 3213/3213/3213 3210/3210/3210 
f 3211/3211/3211 3214/3214/3214 3213/3213/3213 
f 3214/3214/3214 3215/3215/3215 3213/3213/3213 
f 3218/3218/3218 3217/3217/3217 3216/3216/3216 
f 3217/3217/3217 3219/3219/3219 3216/3216/3216 
f 3217/3217/3217 3220/3220/3220 3219/3219/3219 
f 3220/3220/3220 3221/3221/3221 3219/3219/3219 
f 3224/3224/3224 3223/3223/3223 3222/3222/3222 
f 3223/3223/3223 3225/3225/3225 3222/3222/3222 
f 3228/3228/3228 3227/3227/3227 3226/3226/3226 
f 3227/3227/3227 3229/3229/3229 3226/3226/3226 
f 3232/3232/3232 3231/3231/3231 3230/3230/3230 
f 3231/3231/3231 3233/3233/3233 3230/3230/3230 
f 3236/3236/3236 3235/3235/3235 3234/3234/3234 
f 3235/3235/3235 3237/3237/3237 3234/3234/3234 
f 3235/3235/3235 3238/3238/3238 3237/3237/3237 
f 3238/3238/3238 3239/3239/3239 3237/3237/3237 
f 3242/3242/3242 3241/3241/3241 3240/3240/3240 
f 3241/3241/3241 3243/3243/3243 3240/3240/3240 
f 3241/3241/3241 3244/3244/3244 3243/3243/3243 
f 3244/3244/3244 3245/3245/3245 3243/3243/3243 
f 3248/3248/3248 3247/3247/3247 3246/3246/3246 
f 3247/3247/3247 3249/3249/3249 3246/3246/3246 
f 3247/3247/3247 3250/3250/3250 3249/3249/3249 
f 3250/3250/3250 3251/3251/3251 3249/3249/3249 
f 3254/3254/3254 3253/3253/3253 3252/3252/3252 
f 3253/3253/3253 3255/3255/3255 3252/3252/3252 
f 3258/3258/3258 3257/3257/3257 3256/3256/3256 
f 3257/3257/3257 3259/3259/3259 3256/3256/3256 
f 3262/3262/3262 3261/3261/3261 3260/3260/3260 
f 3261/3261/3261 3263/3263/3263 3260/3260/3260 
f 3266/3266/3266 3265/3265/3265 3264/3264/3264 
f 3265/3265/3265 3267/3267/3267 3264/3264/3264 
f 3265/3265/3265 3268/3268/3268 3267/3267/3267 
f 3268/3268/3268 3269/3269/3269 3267/3267/3267 
f 3272/3272/3272 3271/3271/3271 3270/3270/3270 
f 3271/3271/3271 3273/3273/3273 3270/3270/3270 
f 3271/3271/3271 3274/3274/3274 3273/3273/3273 
f 3274/3274/3274 3275/3275/3275 3273/3273/3273 
f 3278/3278/3278 3277/3277/3277 3276/3276/3276 
f 3277/3277/3277 3279/3279/3279 3276/3276/3276 
f 3282/3282/3282 3281/3281/3281 3280/3280/3280 
f 3281/3281/3281 3283/3283/3283 3280/3280/3280 
f 3286/3286/3286 3285/3285/3285 3284/3284/3284 
f 3285/3285/3285 3287/3287/3287 3284/3284/3284 
f 3290/3290/3290 3289/3289/3289 3288/3288/3288 
f 3289/3289/3289 3291/3291/3291 3288/3288/3288 
f 3289/3289/3289 3292/3292/3292 3291/3291/3291 
f 3292/3292/3292 3293/3293/3293 3291/3291/3291 
f 3296/3296/3296 3295/3295/3295 3294/3294/3294 
f 3295/3295/3295 3297/3297/3297 3294/3294/3294 
f 3295/3295/3295 3298/3298/3298 3297/3297/3297 
f 3298/3298/3298 3299/3299/3299 3297/3297/3297 
f 3302/3302/3302 3301/3301/3301 3300/3300/3300 
f 3301/3301/3301 3303/3303/3303 3300/3300/3300 
f 3301/3301/3301 3304/3304/3304 3303/3303/3303 
f 3304/3304/3304 3305/3305/3305 3303/3303/3303 
f 3308/3308/3308 3307/3307/3307 3306/3306/3306 
f 3307/3307/3307 3309/3309/3309 3306/3306/3306 
f 3312/3312/3312 3311/3311/3311 3310/3310/3310 
f 3311/3311/3311 3313/3313/3313 3310/3310/3310 
f 3316/3316/3316 3315/3315/3315 3314/3314/3314 
f 3315/3315/3315 3317/3317/3317 3314/3314/3314 
f 3320/3320/3320 3319/3319/3319 3318/3318/3318 
f 3319/3319/3319 3321/3321/3321 3318/3318/3318 
f 3324/3324/3324 3323/3323/3323 3322/3322/3322 
f 3323/3323/3323 3325/3325/3325 3322/3322/3322 
f 3328/3328/3328 3327/3327/3327 3326/3326/3326 
f 3327/3327/3327 3329/3329/3329 3326/3326/3326 
f 3332/3332/3332 3331/3331/3331 3330/3330/3330 
f 3331/3331/3331 3333/3333/3333 3330/3330/3330 
f 3336/3336/3336 3335/3335/3335 3334/3334/3334 
f 3335/3335/3335 3337/3337/3337 3334/3334/3334 
f 3340/3340/3340 3339/3339/3339 3338/3338/3338 
f 3339/3339/3339 3341/3341/3341 3338/3338/3338 
f 3344/3344/3344 3343/3343/3343 3342/3342/3342 
f 3343/3343/3343 3345/3345/3345 3342/3342/3342 
f 3348/3348/3348 3347/3347/3347 3346/3346/3346 
f 3347/3347/3347 3349/3349/3349 3346/3346/3346 
f 3352/3352/3352 3351/3351/3351 3350/3350/3350 
f 3351/3351/3351 3353/3353/3353 3350/3350/3350 
f 3356/3356/3356 3355/3355/3355 3354/3354/3354 
f 3355/3355/3355 3357/3357/3357 3354/3354/3354 
f 3360/3360/3360 3359/3359/3359 3358/3358/3358 
f 3359/3359/3359 3361/3361/3361 3358/3358/3358 
f 3364/3364/3364 3363/3363/3363 3362/3362/3362 
f 3363/3363/3363 3365/3365/3365 3362/3362/3362 
f 3368/3368/3368 3367/3367/3367 3366/3366/3366 
f 3367/3367/3367 3369/3369/3369 3366/3366/3366 
f 3372/3372/3372 3371/3371/3371 3370/3370/3370 
f 3371/3371/3371 3373/3373/3373 3370/3370/3370 
f 3376/3376/3376 3375/3375/3375 3374/3374/3374 
f 3375/3375/3375 3377/3377/3377 3374/3374/3374 
f 3380/3380/3380 3379/3379/3379 3378/3378/3378 
f 3379/3379/3379 3381/3381/3381 3378/3378/3378 
f 3384/3384/3384 3383/3383/3383 3382/3382/3382 
f 3383/3383/3383 3385/3385/3385 3382/3382/3382 
f 3388/3388/3388 3387/3387/3387 3386/3386/3386 
f 3387/3387/3387 3389/3389/3389 3386/3386/3386 
f 3392/3392/3392 3391/3391/3391 3390/3390/3390 
f 3391/3391/3391 3393/3393/3393 3390/3390/3390 
f 3396/3396/3396 3395/3395/3395 3394/3394/3394 
f 3395/3395/3395 3397/3397/3397 3394/3394/3394 
f 3400/3400/3400 3399/3399/3399 3398/3398/3398 
f 3399/3399/3399 3401/3401/3401 3398/3398/3398 
f 3404/3404/3404 3403/3403/3403 3402/3402/3402 
f 3403/3403/3403 3405/3405/3405 3402/3402/3402 
f 3408/3408/3408 3407/3407/3407 3406/3406/3406 
f 3407/3407/3407 3409/3409/3409 3406/3406/3406 
f 3412/3412/3412 3411/3411/3411 3410/3410/3410 
f 3411/3411/3411 3413/3413/3413 3410/3410/3410 
f 3416/3416/3416 3415/3415/3415 3414/3414/3414 
f 3415/3415/3415 3417/3417/3417 3414/3414/3414 
f 3420/3420/3420 3419/3419/3419 3418/3418/3418 
f 3419/3419/3419 3421/3421/3421 3418/3418/3418 
f 3424/3424/3424 3423/3423/3423 3422/3422/3422 
f 3423/3423/3423 3425/3425/3425 3422/3422/3422 
f 3428/3428/3428 3427/3427/3427 3426/3426/3426 
f 3427/3427/3427 3429/3429/3429 3426/3426/3426 
f 3432/3432/3432 3431/3431/3431 3430/3430/3430 
f 3431/3431/3431 3433/3433/3433 3430/3430/3430 
f 1157/1157/1157 1155/1155/1155 3434/3434/3434 
f 3437/3437/3437 3436/3436/3436 3435/3435/3435 
f 3436/3436/3436 3438/3438/3438 3435/3435/3435 
f 3441/3441/3441 3440/3440/3440 3439/3439/3439 
f 3440/3440/3440 3442/3442/3442 3439/3439/3439 
f 1594/1594/1594 1596/1596/1596 3443/3443/3443 
f 3446/3446/3446 3445/3445/3445 3444/3444/3444 
f 3445/3445/3445 3447/3447/3447 3444/3444/3444 
f 1657/1657/1657 3448/3448/3448 1658/1658/1658 
f 3451/3451/3451 3450/3450/3450 3449/3449/3449 
f 3450/3450/3450 3452/3452/3452 3449/3449/3449 
f 1864/1864/1864 1866/1866/1866 3453/3453/3453 
f 3456/3456/3456 3455/3455/3455 3454/3454/3454 
f 3455/3455/3455 3457/3457/3457 3454/3454/3454 
f 1911/1911/1911 1909/1909/1909 3458/3458/3458 
f 3461/3461/3461 3460/3460/3460 3459/3459/3459 
f 3460/3460/3460 3462/3462/3462 3459/3459/3459 
f 2199/2199/2199 2197/2197/2197 3463/3463/3463 
f 3466/3466/3466 3465/3465/3465 3464/3464/3464 
f 3465/3465/3465 3467/3467/3467 3464/3464/3464 
f 3468/3468/3468 3465/3465/3465 3466/3466/3466 
f 3469/3469/3469 3468/3468/3468 3466/3466/3466 
f 3470/3470/3470 3468/3468/3468 3469/3469/3469 
f 3471/3471/3471 3470/3470/3470 3469/3469/3469 
f 3472/3472/3472 3470/3470/3470 3471/3471/3471 
f 3473/3473/3473 3472/3472/3472 3471/3471/3471 
f 3474/3474/3474 3472/3472/3472 3473/3473/3473 
f 3475/3475/3475 3474/3474/3474 3473/3473/3473 
f 3476/3476/3476 3474/3474/3474 3475/3475/3475 
f 3477/3477/3477 3476/3476/3476 3475/3475/3475 
f 3478/3478/3478 3476/3476/3476 3477/3477/3477 
f 3479/3479/3479 3478/3478/3478 3477/3477/3477 
f 3480/3480/3480 3478/3478/3478 3479/3479/3479 
f 3481/3481/3481 3480/3480/3480 3479/3479/3479 
f 3482/3482/3482 3480/3480/3480 3481/3481/3481 
f 3483/3483/3483 3482/3482/3482 3481/3481/3481 
f 3484/3484/3484 3482/3482/3482 3483/3483/3483 
f 3485/3485/3485 3484/3484/3484 3483/3483/3483 
f 3486/3486/3486 3484/3484/3484 3485/3485/3485 
f 3487/3487/3487 3486/3486/3486 3485/3485/3485 
f 3488/3488/3488 3486/3486/3486 3487/3487/3487 
f 3489/3489/3489 3488/3488/3488 3487/3487/3487 
f 3490/3490/3490 3488/3488/3488 3489/3489/3489 
f 3491/3491/3491 3490/3490/3490 3489/3489/3489 
f 3492/3492/3492 3490/3490/3490 3491/3491/3491 
f 3493/3493/3493 3492/3492/3492 3491/3491/3491 
f 3494/3494/3494 3492/3492/3492 3493/3493/3493 
f 3495/3495/3495 3494/3494/3494 3493/3493/3493 
f 3496/3496/3496 3494/3494/3494 3495/3495/3495 
f 3497/3497/3497 3496/3496/3496 3495/3495/3495 
f 3498/3498/3498 3496/3496/3496 3497/3497/3497 
f 3499/3499/3499 3498/3498/3498 3497/3497/3497 
f 3500/3500/3500 3498/3498/3498 3499/3499/3499 
f 3501/3501/3501 3500/3500/3500 3499/3499/3499 
f 3502/3502/3502 3500/3500/3500 3501/3501/3501 
f 3503/3503/3503 3502/3502/3502 3501/3501/3501 
f 3504/3504/3504 3502/3502/3502 3503/3503/3503 
f 3505/3505/3505 3504/3504/3504 3503/3503/3503 
f 3506/3506/3506 3504/3504/3504 3505/3505/3505 
f 3507/3507/3507 3506/3506/3506 3505/3505/3505 
f 3508/3508/3508 3506/3506/3506 3507/3507/3507 
f 3509/3509/3509 3508/3508/3508 3507/3507/3507 
f 3510/3510/3510 3508/3508/3508 3509/3509/3509 
f 3511/3511/3511 3510/3510/3510 3509/3509/3509 
f 3512/3512/3512 3510/3510/3510 3511/3511/3511 
f 3513/3513/3513 3512/3512/3512 3511/3511/3511 
f 3514/3514/3514 3512/3512/3512 3513/3513/3513 
f 3515/3515/3515 3514/3514/3514 3513/3513/3513 
f 3516/3516/3516 3514/3514/3514 3515/3515/3515 
f 3517/3517/3517 3516/3516/3516 3515/3515/3515 
f 3518/3518/3518 3516/3516/3516 3517/3517/3517 
f 3519/3519/3519 3518/3518/3518 3517/3517/3517 
f 3520/3520/3520 3518/3518/3518 3519/3519/3519 
f 3521/3521/3521 3520/3520/3520 3519/3519/3519 
f 3522/3522/3522 3520/3520/3520 3521/3521/3521 
f 3523/3523/3523 3522/3522/3522 3521/3521/3521 
f 3467/3467/3467 3522/3522/3522 3523/3523/3523 
f 3464/3464/3464 3467/3467/3467 3523/3523/3523 
f 3526/3526/3526 3525/3525/3525 3524/3524/3524 
f 3527/3527/3527 3525/3525/3525 3526/3526/3526 
f 3528/3528/3528 3525/3525/3525 3527/3527/3527 
f 3529/3529/3529 3525/3525/3525 3528/3528/3528 
f 3530/3530/3530 3525/3525/3525 3529/3529/3529 
f 3531/3531/3531 3525/3525/3525 3530/3530/3530 
f 3532/3532/3532 3525/3525/3525 3531/3531/3531 
f 3533/3533/3533 3525/3525/3525 3532/3532/3532 
f 3534/3534/3534 3525/3525/3525 3533/3533/3533 
f 3535/3535/3535 3525/3525/3525 3534/3534/3534 
f 3536/3536/3536 3525/3525/3525 3535/3535/3535 
f 3537/3537/3537 3525/3525/3525 3536/3536/3536 
f 3538/3538/3538 3525/3525/3525 3537/3537/3537 
f 3539/3539/3539 3525/3525/3525 3538/3538/3538 
f 3540/3540/3540 3525/3525/3525 3539/3539/3539 
f 3541/3541/3541 3525/3525/3525 3540/3540/3540 
f 3542/3542/3542 3525/3525/3525 3541/3541/3541 
f 3543/3543/3543 3525/3525/3525 3542/3542/3542 
f 3544/3544/3544 3525/3525/3525 3543/3543/3543 
f 3545/3545/3545 3525/3525/3525 3544/3544/3544 
f 3546/3546/3546 3525/3525/3525 3545/3545/3545 
f 3547/3547/3547 3525/3525/3525 3546/3546/3546 
f 3548/3548/3548 3525/3525/3525 3547/3547/3547 
f 3549/3549/3549 3525/3525/3525 3548/3548/3548 
f 3550/3550/3550 3525/3525/3525 3549/3549/3549 
f 3551/3551/3551 3525/3525/3525 3550/3550/3550 
f 3552/3552/3552 3525/3525/3525 3551/3551/3551 
f 3553/3553/3553 3525/3525/3525 3552/3552/3552 
f 3554/3554/3554 3525/3525/3525 3553/3553/3553 
f 3524/3524/3524 3525/3525/3525 3554/3554/3554 
f 3557/3557/3557 3556/3556/3556 3555/3555/3555 
f 3556/3556/3556 3559/3559/3559 3558/3558/3558 
f 3562/3562/3562 3561/3561/3561 3560/3560/3560 
f 3564/3564/3564 3563/3563/3563 3560/3560/3560 
f 3567/3567/3567 3566/3566/3566 3565/3565/3565 
f 3566/3566/3566 3568/3568/3568 3565/3565/3565 
f 3571/3571/3571 3570/3570/3570 3569/3569/3569 
f 3570/3570/3570 3573/3573/3573 3572/3572/3572 
f 3576/3576/3576 3575/3575/3575 3574/3574/3574 
f 3579/3579/3579 3578/3578/3578 3577/3577/3577 
f 3582/3582/3582 3581/3581/3581 3580/3580/3580 
f 3581/3581/3581 3583/3583/3583 3580/3580/3580 
f 3586/3586/3586 3585/3585/3585 3584/3584/3584 
f 3585/3585/3585 3587/3587/3587 3584/3584/3584 
f 3588/3588/3588 3587/3587/3587 3585/3585/3585 
f 3589/3589/3589 3588/3588/3588 3585/3585/3585 
f 3590/3590/3590 3587/3587/3587 3588/3588/3588 
f 3591/3591/3591 3590/3590/3590 3588/3588/3588 
f 3592/3592/3592 3587/3587/3587 3590/3590/3590 
f 3593/3593/3593 3592/3592/3592 3590/3590/3590 
f 3594/3594/3594 3587/3587/3587 3592/3592/3592 
f 3584/3584/3584 3587/3587/3587 3594/3594/3594 
f 3595/3595/3595 3594/3594/3594 3592/3592/3592 
f 3596/3596/3596 3584/3584/3584 3594/3594/3594 
f 3586/3586/3586 3584/3584/3584 3597/3597/3597 
f 3597/3597/3597 3584/3584/3584 3596/3596/3596 
f 3598/3598/3598 3586/3586/3586 3597/3597/3597 
f 3598/3598/3598 3597/3597/3597 3599/3599/3599 
f 3600/3600/3600 3598/3598/3598 3599/3599/3599 
f 3589/3589/3589 3585/3585/3585 3601/3601/3601 
f 3602/3602/3602 3589/3589/3589 3601/3601/3601 
f 3602/3602/3602 3601/3601/3601 3603/3603/3603 
f 3600/3600/3600 3603/3603/3603 3598/3598/3598 
f 3603/3603/3603 3601/3601/3601 3598/3598/3598 
f 3604/3604/3604 3602/3602/3602 3603/3603/3603 
f 3593/3593/3593 3590/3590/3590 3605/3605/3605 
f 3606/3606/3606 3593/3593/3593 3605/3605/3605 
f 3606/3606/3606 3605/3605/3605 3607/3607/3607 
f 3608/3608/3608 3606/3606/3606 3607/3607/3607 
f 3608/3608/3608 3609/3609/3609 3606/3606/3606 
f 3599/3599/3599 3597/3597/3597 3610/3610/3610 
f 3611/3611/3611 3599/3599/3599 3610/3610/3610 
f 3611/3611/3611 3610/3610/3610 3612/3612/3612 
f 3610/3610/3610 3613/3613/3613 3612/3612/3612 
f 3610/3610/3610 3596/3596/3596 3613/3613/3613 
f 3596/3596/3596 3594/3594/3594 3613/3613/3613 
f 3612/3612/3612 3613/3613/3613 3614/3614/3614 
f 3615/3615/3615 3614/3614/3614 3609/3609/3609 
f 3615/3615/3615 3612/3612/3612 3614/3614/3614 
f 3614/3614/3614 3613/3613/3613 3595/3595/3595 
f 3613/3613/3613 3594/3594/3594 3595/3595/3595 
f 3614/3614/3614 3595/3595/3595 3616/3616/3616 
f 3614/3614/3614 3616/3616/3616 3617/3617/3617 
f 3617/3617/3617 3616/3616/3616 3606/3606/3606 
f 3595/3595/3595 3592/3592/3592 3616/3616/3616 
f 3606/3606/3606 3616/3616/3616 3593/3593/3593 
f 3616/3616/3616 3592/3592/3592 3593/3593/3593 
f 3610/3610/3610 3597/3597/3597 3596/3596/3596 
f 3620/3620/3620 3619/3619/3619 3618/3618/3618 
f 3619/3619/3619 3621/3621/3621 3618/3618/3618 
f 3622/3622/3622 3621/3621/3621 3619/3619/3619 
f 3619/3619/3619 3623/3623/3623 3622/3622/3622 
f 3623/3623/3623 3624/3624/3624 3622/3622/3622 
f 3625/3625/3625 3624/3624/3624 3623/3623/3623 
f 3623/3623/3623 3626/3626/3626 3625/3625/3625 
f 3626/3626/3626 3627/3627/3627 3625/3625/3625 
f 3628/3628/3628 3627/3627/3627 3626/3626/3626 
f 3626/3626/3626 3629/3629/3629 3628/3628/3628 
f 3629/3629/3629 3630/3630/3630 3628/3628/3628 
f 3618/3618/3618 3631/3631/3631 3620/3620/3620 
f 3620/3620/3620 3631/3631/3631 3632/3632/3632 
f 3633/3633/3633 3620/3620/3620 3632/3632/3632 
f 3629/3629/3629 3633/3633/3633 3634/3634/3634 
f 3634/3634/3634 3630/3630/3630 3629/3629/3629 
f 3633/3633/3633 3635/3635/3635 3634/3634/3634 
f 3632/3632/3632 3635/3635/3635 3633/3633/3633 
f 3638/3638/3638 3637/3637/3637 3636/3636/3636 
f 3637/3637/3637 3639/3639/3639 3636/3636/3636 
f 3637/3637/3637 3591/3591/3591 3639/3639/3639 
f 3591/3591/3591 3588/3588/3588 3639/3639/3639 
f 3636/3636/3636 3639/3639/3639 3602/3602/3602 
f 3604/3604/3604 3636/3636/3636 3602/3602/3602 
f 3602/3602/3602 3639/3639/3639 3589/3589/3589 
f 3639/3639/3639 3588/3588/3588 3589/3589/3589 
f 3638/3638/3638 3607/3607/3607 3637/3637/3637 
f 3607/3607/3607 3605/3605/3605 3637/3637/3637 
f 3637/3637/3637 3605/3605/3605 3591/3591/3591 
f 3605/3605/3605 3590/3590/3590 3591/3591/3591 
f 3598/3598/3598 3601/3601/3601 3586/3586/3586 
f 3601/3601/3601 3585/3585/3585 3586/3586/3586 
f 3642/3642/3642 3641/3641/3641 3640/3640/3640 
f 3641/3641/3641 3644/3644/3644 3643/3643/3643 
f 3647/3647/3647 3646/3646/3646 3645/3645/3645 
f 3649/3649/3649 3648/3648/3648 3645/3645/3645 
f 3652/3652/3652 3651/3651/3651 3650/3650/3650 
f 3651/3651/3651 3653/3653/3653 3650/3650/3650 
f 3656/3656/3656 3655/3655/3655 3654/3654/3654 
f 3655/3655/3655 3658/3658/3658 3657/3657/3657 
f 3661/3661/3661 3660/3660/3660 3659/3659/3659 
f 3664/3664/3664 3663/3663/3663 3662/3662/3662 
f 3667/3667/3667 3666/3666/3666 3665/3665/3665 
f 3666/3666/3666 3668/3668/3668 3665/3665/3665 
f 3671/3671/3671 3670/3670/3670 3669/3669/3669 
f 3670/3670/3670 3672/3672/3672 3669/3669/3669 
f 3673/3673/3673 3672/3672/3672 3670/3670/3670 
f 3674/3674/3674 3673/3673/3673 3670/3670/3670 
f 3675/3675/3675 3672/3672/3672 3673/3673/3673 
f 3676/3676/3676 3675/3675/3675 3673/3673/3673 
f 3677/3677/3677 3672/3672/3672 3675/3675/3675 
f 3678/3678/3678 3677/3677/3677 3675/3675/3675 
f 3679/3679/3679 3672/3672/3672 3677/3677/3677 
f 3669/3669/3669 3672/3672/3672 3679/3679/3679 
f 3680/3680/3680 3679/3679/3679 3677/3677/3677 
f 3681/3681/3681 3669/3669/3669 3679/3679/3679 
f 3671/3671/3671 3669/3669/3669 3682/3682/3682 
f 3682/3682/3682 3669/3669/3669 3681/3681/3681 
f 3683/3683/3683 3671/3671/3671 3682/3682/3682 
f 3683/3683/3683 3682/3682/3682 3684/3684/3684 
f 3685/3685/3685 3683/3683/3683 3684/3684/3684 
f 3674/3674/3674 3670/3670/3670 3686/3686/3686 
f 3687/3687/3687 3674/3674/3674 3686/3686/3686 
f 3687/3687/3687 3686/3686/3686 3688/3688/3688 
f 3685/3685/3685 3688/3688/3688 3683/3683/3683 
f 3688/3688/3688 3686/3686/3686 3683/3683/3683 
f 3689/3689/3689 3687/3687/3687 3688/3688/3688 
f 3678/3678/3678 3675/3675/3675 3690/3690/3690 
f 3691/3691/3691 3678/3678/3678 3690/3690/3690 
f 3691/3691/3691 3690/3690/3690 3692/3692/3692 
f 3693/3693/3693 3691/3691/3691 3692/3692/3692 
f 3693/3693/3693 3694/3694/3694 3691/3691/3691 
f 3684/3684/3684 3682/3682/3682 3695/3695/3695 
f 3696/3696/3696 3684/3684/3684 3695/3695/3695 
f 3696/3696/3696 3695/3695/3695 3697/3697/3697 
f 3695/3695/3695 3698/3698/3698 3697/3697/3697 
f 3695/3695/3695 3681/3681/3681 3698/3698/3698 
f 3681/3681/3681 3679/3679/3679 3698/3698/3698 
f 3697/3697/3697 3698/3698/3698 3699/3699/3699 
f 3700/3700/3700 3699/3699/3699 3694/3694/3694 
f 3700/3700/3700 3697/3697/3697 3699/3699/3699 
f 3699/3699/3699 3698/3698/3698 3680/3680/3680 
f 3698/3698/3698 3679/3679/3679 3680/3680/3680 
f 3699/3699/3699 3680/3680/3680 3701/3701/3701 
f 3699/3699/3699 3701/3701/3701 3702/3702/3702 
f 3702/3702/3702 3701/3701/3701 3691/3691/3691 
f 3680/3680/3680 3677/3677/3677 3701/3701/3701 
f 3691/3691/3691 3701/3701/3701 3678/3678/3678 
f 3701/3701/3701 3677/3677/3677 3678/3678/3678 
f 3695/3695/3695 3682/3682/3682 3681/3681/3681 
f 3705/3705/3705 3704/3704/3704 3703/3703/3703 
f 3704/3704/3704 3706/3706/3706 3703/3703/3703 
f 3707/3707/3707 3706/3706/3706 3704/3704/3704 
f 3704/3704/3704 3708/3708/3708 3707/3707/3707 
f 3708/3708/3708 3709/3709/3709 3707/3707/3707 
f 3710/3710/3710 3709/3709/3709 3708/3708/3708 
f 3708/3708/3708 3711/3711/3711 3710/3710/3710 
f 3711/3711/3711 3712/3712/3712 3710/3710/3710 
f 3713/3713/3713 3712/3712/3712 3711/3711/3711 
f 3711/3711/3711 3714/3714/3714 3713/3713/3713 
f 3714/3714/3714 3715/3715/3715 3713/3713/3713 
f 3703/3703/3703 3716/3716/3716 3705/3705/3705 
f 3705/3705/3705 3716/3716/3716 3717/3717/3717 
f 3718/3718/3718 3705/3705/3705 3717/3717/3717 
f 3714/3714/3714 3718/3718/3718 3719/3719/3719 
f 3719/3719/3719 3715/3715/3715 3714/3714/3714 
f 3718/3718/3718 3720/3720/3720 3719/3719/3719 
f 3717/3717/3717 3720/3720/3720 3718/3718/3718 
f 3723/3723/3723 3722/3722/3722 3721/3721/3721 
f 3722/3722/3722 3724/3724/3724 3721/3721/3721 
f 3722/3722/3722 3676/3676/3676 3724/3724/3724 
f 3676/3676/3676 3673/3673/3673 3724/3724/3724 
f 3721/3721/3721 3724/3724/3724 3687/3687/3687 
f 3689/3689/3689 3721/3721/3721 3687/3687/3687 
f 3687/3687/3687 3724/3724/3724 3674/3674/3674 
f 3724/3724/3724 3673/3673/3673 3674/3674/3674 
f 3723/3723/3723 3692/3692/3692 3722/3722/3722 
f 3692/3692/3692 3690/3690/3690 3722/3722/3722 
f 3722/3722/3722 3690/3690/3690 3676/3676/3676 
f 3690/3690/3690 3675/3675/3675 3676/3676/3676 
f 3683/3683/3683 3686/3686/3686 3671/3671/3671 
f 3686/3686/3686 3670/3670/3670 3671/3671/3671 
f 3727/3727/3727 3726/3726/3726 3725/3725/3725 
f 3726/3726/3726 3729/3729/3729 3728/3728/3728 
f 3732/3732/3732 3731/3731/3731 3730/3730/3730 
f 3734/3734/3734 3733/3733/3733 3730/3730/3730 
f 3737/3737/3737 3736/3736/3736 3735/3735/3735 
f 3736/3736/3736 3738/3738/3738 3735/3735/3735 
f 3741/3741/3741 3740/3740/3740 3739/3739/3739 
f 3740/3740/3740 3743/3743/3743 3742/3742/3742 
f 3746/3746/3746 3745/3745/3745 3744/3744/3744 
f 3749/3749/3749 3748/3748/3748 3747/3747/3747 
f 3752/3752/3752 3751/3751/3751 3750/3750/3750 
f 3751/3751/3751 3753/3753/3753 3750/3750/3750 
f 3756/3756/3756 3755/3755/3755 3754/3754/3754 
f 3755/3755/3755 3757/3757/3757 3754/3754/3754 
f 3758/3758/3758 3757/3757/3757 3755/3755/3755 
f 3759/3759/3759 3758/3758/3758 3755/3755/3755 
f 3760/3760/3760 3757/3757/3757 3758/3758/3758 
f 3761/3761/3761 3760/3760/3760 3758/3758/3758 
f 3762/3762/3762 3757/3757/3757 3760/3760/3760 
f 3763/3763/3763 3762/3762/3762 3760/3760/3760 
f 3764/3764/3764 3757/3757/3757 3762/3762/3762 
f 3754/3754/3754 3757/3757/3757 3764/3764/3764 
f 3765/3765/3765 3764/3764/3764 3762/3762/3762 
f 3766/3766/3766 3754/3754/3754 3764/3764/3764 
f 3756/3756/3756 3754/3754/3754 3767/3767/3767 
f 3767/3767/3767 3754/3754/3754 3766/3766/3766 
f 3768/3768/3768 3756/3756/3756 3767/3767/3767 
f 3768/3768/3768 3767/3767/3767 3769/3769/3769 
f 3770/3770/3770 3768/3768/3768 3769/3769/3769 
f 3759/3759/3759 3755/3755/3755 3771/3771/3771 
f 3772/3772/3772 3759/3759/3759 3771/3771/3771 
f 3772/3772/3772 3771/3771/3771 3773/3773/3773 
f 3770/3770/3770 3773/3773/3773 3768/3768/3768 
f 3773/3773/3773 3771/3771/3771 3768/3768/3768 
f 3774/3774/3774 3772/3772/3772 3773/3773/3773 
f 3763/3763/3763 3760/3760/3760 3775/3775/3775 
f 3776/3776/3776 3763/3763/3763 3775/3775/3775 
f 3776/3776/3776 3775/3775/3775 3777/3777/3777 
f 3778/3778/3778 3776/3776/3776 3777/3777/3777 
f 3778/3778/3778 3779/3779/3779 3776/3776/3776 
f 3769/3769/3769 3767/3767/3767 3780/3780/3780 
f 3781/3781/3781 3769/3769/3769 3780/3780/3780 
f 3781/3781/3781 3780/3780/3780 3782/3782/3782 
f 3780/3780/3780 3783/3783/3783 3782/3782/3782 
f 3780/3780/3780 3766/3766/3766 3783/3783/3783 
f 3766/3766/3766 3764/3764/3764 3783/3783/3783 
f 3782/3782/3782 3783/3783/3783 3784/3784/3784 
f 3785/3785/3785 3784/3784/3784 3779/3779/3779 
f 3785/3785/3785 3782/3782/3782 3784/3784/3784 
f 3784/3784/3784 3783/3783/3783 3765/3765/3765 
f 3783/3783/3783 3764/3764/3764 3765/3765/3765 
f 3784/3784/3784 3765/3765/3765 3786/3786/3786 
f 3784/3784/3784 3786/3786/3786 3787/3787/3787 
f 3787/3787/3787 3786/3786/3786 3776/3776/3776 
f 3765/3765/3765 3762/3762/3762 3786/3786/3786 
f 3776/3776/3776 3786/3786/3786 3763/3763/3763 
f 3786/3786/3786 3762/3762/3762 3763/3763/3763 
f 3780/3780/3780 3767/3767/3767 3766/3766/3766 
f 3790/3790/3790 3789/3789/3789 3788/3788/3788 
f 3789/3789/3789 3791/3791/3791 3788/3788/3788 
f 3792/3792/3792 3791/3791/3791 3789/3789/3789 
f 3789/3789/3789 3793/3793/3793 3792/3792/3792 
f 3793/3793/3793 3794/3794/3794 3792/3792/3792 
f 3795/3795/3795 3794/3794/3794 3793/3793/3793 
f 3793/3793/3793 3796/3796/3796 3795/3795/3795 
f 3796/3796/3796 3797/3797/3797 3795/3795/3795 
f 3798/3798/3798 3797/3797/3797 3796/3796/3796 
f 3796/3796/3796 3799/3799/3799 3798/3798/3798 
f 3799/3799/3799 3800/3800/3800 3798/3798/3798 
f 3788/3788/3788 3801/3801/3801 3790/3790/3790 
f 3790/3790/3790 3801/3801/3801 3802/3802/3802 
f 3803/3803/3803 3790/3790/3790 3802/3802/3802 
f 3799/3799/3799 3803/3803/3803 3804/3804/3804 
f 3804/3804/3804 3800/3800/3800 3799/3799/3799 
f 3803/3803/3803 3805/3805/3805 3804/3804/3804 
f 3802/3802/3802 3805/3805/3805 3803/3803/3803 
f 3808/3808/3808 3807/3807/3807 3806/3806/3806 
f 3807/3807/3807 3809/3809/3809 3806/3806/3806 
f 3807/3807/3807 3761/3761/3761 3809/3809/3809 
f 3761/3761/3761 3758/3758/3758 3809/3809/3809 
f 3806/3806/3806 3809/3809/3809 3772/3772/3772 
f 3774/3774/3774 3806/3806/3806 3772/3772/3772 
f 3772/3772/3772 3809/3809/3809 3759/3759/3759 
f 3809/3809/3809 3758/3758/3758 3759/3759/3759 
f 3808/3808/3808 3777/3777/3777 3807/3807/3807 
f 3777/3777/3777 3775/3775/3775 3807/3807/3807 
f 3807/3807/3807 3775/3775/3775 3761/3761/3761 
f 3775/3775/3775 3760/3760/3760 3761/3761/3761 
f 3768/3768/3768 3771/3771/3771 3756/3756/3756 
f 3771/3771/3771 3755/3755/3755 3756/3756/3756 
f 3812/3812/3812 3811/3811/3811 3810/3810/3810 
f 3811/3811/3811 3814/3814/3814 3813/3813/3813 
f 3817/3817/3817 3816/3816/3816 3815/3815/3815 
f 3819/3819/3819 3818/3818/3818 3815/3815/3815 
f 3822/3822/3822 3821/3821/3821 3820/3820/3820 
f 3821/3821/3821 3823/3823/3823 3820/3820/3820 
f 3826/3826/3826 3825/3825/3825 3824/3824/3824 
f 3825/3825/3825 3828/3828/3828 3827/3827/3827 
f 3831/3831/3831 3830/3830/3830 3829/3829/3829 
f 3834/3834/3834 3833/3833/3833 3832/3832/3832 
f 3837/3837/3837 3836/3836/3836 3835/3835/3835 
f 3836/3836/3836 3838/3838/3838 3835/3835/3835 
f 3841/3841/3841 3840/3840/3840 3839/3839/3839 
f 3840/3840/3840 3842/3842/3842 3839/3839/3839 
f 3843/3843/3843 3842/3842/3842 3840/3840/3840 
f 3844/3844/3844 3843/3843/3843 3840/3840/3840 
f 3845/3845/3845 3842/3842/3842 3843/3843/3843 
f 3846/3846/3846 3845/3845/3845 3843/3843/3843 
f 3847/3847/3847 3842/3842/3842 3845/3845/3845 
f 3848/3848/3848 3847/3847/3847 3845/3845/3845 
f 3849/3849/3849 3842/3842/3842 3847/3847/3847 
f 3839/3839/3839 3842/3842/3842 3849/3849/3849 
f 3850/3850/3850 3849/3849/3849 3847/3847/3847 
f 3851/3851/3851 3839/3839/3839 3849/3849/3849 
f 3841/3841/3841 3839/3839/3839 3852/3852/3852 
f 3852/3852/3852 3839/3839/3839 3851/3851/3851 
f 3853/3853/3853 3841/3841/3841 3852/3852/3852 
f 3853/3853/3853 3852/3852/3852 3854/3854/3854 
f 3855/3855/3855 3853/3853/3853 3854/3854/3854 
f 3844/3844/3844 3840/3840/3840 3856/3856/3856 
f 3857/3857/3857 3844/3844/3844 3856/3856/3856 
f 3857/3857/3857 3856/3856/3856 3858/3858/3858 
f 3855/3855/3855 3858/3858/3858 3853/3853/3853 
f 3858/3858/3858 3856/3856/3856 3853/3853/3853 
f 3859/3859/3859 3857/3857/3857 3858/3858/3858 
f 3848/3848/3848 3845/3845/3845 3860/3860/3860 
f 3861/3861/3861 3848/3848/3848 3860/3860/3860 
f 3861/3861/3861 3860/3860/3860 3862/3862/3862 
f 3863/3863/3863 3861/3861/3861 3862/3862/3862 
f 3863/3863/3863 3864/3864/3864 3861/3861/3861 
f 3854/3854/3854 3852/3852/3852 3865/3865/3865 
f 3866/3866/3866 3854/3854/3854 3865/3865/3865 
f 3866/3866/3866 3865/3865/3865 3867/3867/3867 
f 3865/3865/3865 3868/3868/3868 3867/3867/3867 
f 3865/3865/3865 3851/3851/3851 3868/3868/3868 
f 3851/3851/3851 3849/3849/3849 3868/3868/3868 
f 3867/3867/3867 3868/3868/3868 3869/3869/3869 
f 3870/3870/3870 3869/3869/3869 3864/3864/3864 
f 3870/3870/3870 3867/3867/3867 3869/3869/3869 
f 3869/3869/3869 3868/3868/3868 3850/3850/3850 
f 3868/3868/3868 3849/3849/3849 3850/3850/3850 
f 3869/3869/3869 3850/3850/3850 3871/3871/3871 
f 3869/3869/3869 3871/3871/3871 3872/3872/3872 
f 3872/3872/3872 3871/3871/3871 3861/3861/3861 
f 3850/3850/3850 3847/3847/3847 3871/3871/3871 
f 3861/3861/3861 3871/3871/3871 3848/3848/3848 
f 3871/3871/3871 3847/3847/3847 3848/3848/3848 
f 3865/3865/3865 3852/3852/3852 3851/3851/3851 
f 3875/3875/3875 3874/3874/3874 3873/3873/3873 
f 3874/3874/3874 3876/3876/3876 3873/3873/3873 
f 3877/3877/3877 3876/3876/3876 3874/3874/3874 
f 3874/3874/3874 3878/3878/3878 3877/3877/3877 
f 3878/3878/3878 3879/3879/3879 3877/3877/3877 
f 3880/3880/3880 3879/3879/3879 3878/3878/3878 
f 3878/3878/3878 3881/3881/3881 3880/3880/3880 
f 3881/3881/3881 3882/3882/3882 3880/3880/3880 
f 3883/3883/3883 3882/3882/3882 3881/3881/3881 
f 3881/3881/3881 3884/3884/3884 3883/3883/3883 
f 3884/3884/3884 3885/3885/3885 3883/3883/3883 
f 3873/3873/3873 3886/3886/3886 3875/3875/3875 
f 3875/3875/3875 3886/3886/3886 3887/3887/3887 
f 3888/3888/3888 3875/3875/3875 3887/3887/3887 
f 3884/3884/3884 3888/3888/3888 3889/3889/3889 
f 3889/3889/3889 3885/3885/3885 3884/3884/3884 
f 3888/3888/3888 3890/3890/3890 3889/3889/3889 
f 3887/3887/3887 3890/3890/3890 3888/3888/3888 
f 3893/3893/3893 3892/3892/3892 3891/3891/3891 
f 3892/3892/3892 3894/3894/3894 3891/3891/3891 
f 3892/3892/3892 3846/3846/3846 3894/3894/3894 
f 3846/3846/3846 3843/3843/3843 3894/3894/3894 
f 3891/3891/3891 3894/3894/3894 3857/3857/3857 
f 3859/3859/3859 3891/3891/3891 3857/3857/3857 
f 3857/3857/3857 3894/3894/3894 3844/3844/3844 
f 3894/3894/3894 3843/3843/3843 3844/3844/3844 
f 3893/3893/3893 3862/3862/3862 3892/3892/3892 
f 3862/3862/3862 3860/3860/3860 3892/3892/3892 
f 3892/3892/3892 3860/3860/3860 3846/3846/3846 
f 3860/3860/3860 3845/3845/3845 3846/3846/3846 
f 3853/3853/3853 3856/3856/3856 3841/3841/3841 
f 3856/3856/3856 3840/3840/3840 3841/3841/3841 
f 3897/3897/3897 3896/3896/3896 3895/3895/3895 
f 3896/3896/3896 3899/3899/3899 3898/3898/3898 
f 3902/3902/3902 3901/3901/3901 3900/3900/3900 
f 3904/3904/3904 3903/3903/3903 3900/3900/3900 
f 3907/3907/3907 3906/3906/3906 3905/3905/3905 
f 3906/3906/3906 3908/3908/3908 3905/3905/3905 
f 3911/3911/3911 3910/3910/3910 3909/3909/3909 
f 3910/3910/3910 3913/3913/3913 3912/3912/3912 
f 3916/3916/3916 3915/3915/3915 3914/3914/3914 
f 3919/3919/3919 3918/3918/3918 3917/3917/3917 
f 3922/3922/3922 3921/3921/3921 3920/3920/3920 
f 3921/3921/3921 3923/3923/3923 3920/3920/3920 
f 3926/3926/3926 3925/3925/3925 3924/3924/3924 
f 3925/3925/3925 3927/3927/3927 3924/3924/3924 
f 3928/3928/3928 3927/3927/3927 3925/3925/3925 
f 3929/3929/3929 3928/3928/3928 3925/3925/3925 
f 3930/3930/3930 3927/3927/3927 3928/3928/3928 
f 3931/3931/3931 3930/3930/3930 3928/3928/3928 
f 3932/3932/3932 3927/3927/3927 3930/3930/3930 
f 3933/3933/3933 3932/3932/3932 3930/3930/3930 
f 3934/3934/3934 3927/3927/3927 3932/3932/3932 
f 3924/3924/3924 3927/3927/3927 3934/3934/3934 
f 3935/3935/3935 3934/3934/3934 3932/3932/3932 
f 3936/3936/3936 3924/3924/3924 3934/3934/3934 
f 3926/3926/3926 3924/3924/3924 3937/3937/3937 
f 3937/3937/3937 3924/3924/3924 3936/3936/3936 
f 3938/3938/3938 3926/3926/3926 3937/3937/3937 
f 3938/3938/3938 3937/3937/3937 3939/3939/3939 
f 3940/3940/3940 3938/3938/3938 3939/3939/3939 
f 3929/3929/3929 3925/3925/3925 3941/3941/3941 
f 3942/3942/3942 3929/3929/3929 3941/3941/3941 
f 3942/3942/3942 3941/3941/3941 3943/3943/3943 
f 3940/3940/3940 3943/3943/3943 3938/3938/3938 
f 3943/3943/3943 3941/3941/3941 3938/3938/3938 
f 3944/3944/3944 3942/3942/3942 3943/3943/3943 
f 3933/3933/3933 3930/3930/3930 3945/3945/3945 
f 3946/3946/3946 3933/3933/3933 3945/3945/3945 
f 3946/3946/3946 3945/3945/3945 3947/3947/3947 
f 3948/3948/3948 3946/3946/3946 3947/3947/3947 
f 3948/3948/3948 3949/3949/3949 3946/3946/3946 
f 3939/3939/3939 3937/3937/3937 3950/3950/3950 
f 3951/3951/3951 3939/3939/3939 3950/3950/3950 
f 3951/3951/3951 3950/3950/3950 3952/3952/3952 
f 3950/3950/3950 3953/3953/3953 3952/3952/3952 
f 3950/3950/3950 3936/3936/3936 3953/3953/3953 
f 3936/3936/3936 3934/3934/3934 3953/3953/3953 
f 3952/3952/3952 3953/3953/3953 3954/3954/3954 
f 3955/3955/3955 3954/3954/3954 3949/3949/3949 
f 3955/3955/3955 3952/3952/3952 3954/3954/3954 
f 3954/3954/3954 3953/3953/3953 3935/3935/3935 
f 3953/3953/3953 3934/3934/3934 3935/3935/3935 
f 3954/3954/3954 3935/3935/3935 3956/3956/3956 
f 3954/3954/3954 3956/3956/3956 3957/3957/3957 
f 3957/3957/3957 3956/3956/3956 3946/3946/3946 
f 3935/3935/3935 3932/3932/3932 3956/3956/3956 
f 3946/3946/3946 3956/3956/3956 3933/3933/3933 
f 3956/3956/3956 3932/3932/3932 3933/3933/3933 
f 3950/3950/3950 3937/3937/3937 3936/3936/3936 
f 3960/3960/3960 3959/3959/3959 3958/3958/3958 
f 3959/3959/3959 3961/3961/3961 3958/3958/3958 
f 3962/3962/3962 3961/3961/3961 3959/3959/3959 
f 3959/3959/3959 3963/3963/3963 3962/3962/3962 
f 3963/3963/3963 3964/3964/3964 3962/3962/3962 
f 3965/3965/3965 3964/3964/3964 3963/3963/3963 
f 3963/3963/3963 3966/3966/3966 3965/3965/3965 
f 3966/3966/3966 3967/3967/3967 3965/3965/3965 
f 3968/3968/3968 3967/3967/3967 3966/3966/3966 
f 3966/3966/3966 3969/3969/3969 3968/3968/3968 
f 3969/3969/3969 3970/3970/3970 3968/3968/3968 
f 3958/3958/3958 3971/3971/3971 3960/3960/3960 
f 3960/3960/3960 3971/3971/3971 3972/3972/3972 
f 3973/3973/3973 3960/3960/3960 3972/3972/3972 
f 3969/3969/3969 3973/3973/3973 3974/3974/3974 
f 3974/3974/3974 3970/3970/3970 3969/3969/3969 
f 3973/3973/3973 3975/3975/3975 3974/3974/3974 
f 3972/3972/3972 3975/3975/3975 3973/3973/3973 
f 3978/3978/3978 3977/3977/3977 3976/3976/3976 
f 3977/3977/3977 3979/3979/3979 3976/3976/3976 
f 3977/3977/3977 3931/3931/3931 3979/3979/3979 
f 3931/3931/3931 3928/3928/3928 3979/3979/3979 
f 3976/3976/3976 3979/3979/3979 3942/3942/3942 
f 3944/3944/3944 3976/3976/3976 3942/3942/3942 
f 3942/3942/3942 3979/3979/3979 3929/3929/3929 
f 3979/3979/3979 3928/3928/3928 3929/3929/3929 
f 3978/3978/3978 3947/3947/3947 3977/3977/3977 
f 3947/3947/3947 3945/3945/3945 3977/3977/3977 
f 3977/3977/3977 3945/3945/3945 3931/3931/3931 
f 3945/3945/3945 3930/3930/3930 3931/3931/3931 
f 3938/3938/3938 3941/3941/3941 3926/3926/3926 
f 3941/3941/3941 3925/3925/3925 3926/3926/3926 

usemtl Slingshot_WheelRF_1
f 3982/3982/3982 3981/3981/3981 3980/3980/3980 
f 3981/3981/3981 3983/3983/3983 3980/3980/3980 
f 3980/3980/3980 3983/3983/3983 3984/3984/3984 
f 3983/3983/3983 3985/3985/3985 3984/3984/3984 
f 3984/3984/3984 3985/3985/3985 3986/3986/3986 
f 3985/3985/3985 3987/3987/3987 3986/3986/3986 
f 3986/3986/3986 3987/3987/3987 3988/3988/3988 
f 3987/3987/3987 3989/3989/3989 3988/3988/3988 
f 3990/3990/3990 3981/3981/3981 3982/3982/3982 
f 3991/3991/3991 3990/3990/3990 3982/3982/3982 
f 3992/3992/3992 3990/3990/3990 3991/3991/3991 
f 3993/3993/3993 3992/3992/3992 3991/3991/3991 
f 3994/3994/3994 3992/3992/3992 3993/3993/3993 
f 3995/3995/3995 3994/3994/3994 3993/3993/3993 
f 3996/3996/3996 3994/3994/3994 3995/3995/3995 
f 3997/3997/3997 3996/3996/3996 3995/3995/3995 
f 3998/3998/3998 3996/3996/3996 3997/3997/3997 
f 3999/3999/3999 3998/3998/3998 3997/3997/3997 
f 4000/4000/4000 3998/3998/3998 3999/3999/3999 
f 4001/4001/4001 4000/4000/4000 3999/3999/3999 
f 3988/3988/3988 3989/3989/3989 4002/4002/4002 
f 3989/3989/3989 4003/4003/4003 4002/4002/4002 
f 4002/4002/4002 4003/4003/4003 4004/4004/4004 
f 4003/4003/4003 4005/4005/4005 4004/4004/4004 
f 4004/4004/4004 4005/4005/4005 4006/4006/4006 
f 4005/4005/4005 4007/4007/4007 4006/4006/4006 
f 4006/4006/4006 4007/4007/4007 4008/4008/4008 
f 4007/4007/4007 4009/4009/4009 4008/4008/4008 
f 4010/4010/4010 4000/4000/4000 4001/4001/4001 
f 4011/4011/4011 4010/4010/4010 4001/4001/4001 
f 4012/4012/4012 4010/4010/4010 4011/4011/4011 
f 4013/4013/4013 4012/4012/4012 4011/4011/4011 
f 4014/4014/4014 4012/4012/4012 4013/4013/4013 
f 4015/4015/4015 4014/4014/4014 4013/4013/4013 
f 4016/4016/4016 4014/4014/4014 4015/4015/4015 
f 4017/4017/4017 4016/4016/4016 4015/4015/4015 
f 4018/4018/4018 4016/4016/4016 4017/4017/4017 
f 4019/4019/4019 4018/4018/4018 4017/4017/4017 
f 4020/4020/4020 4018/4018/4018 4019/4019/4019 
f 4021/4021/4021 4020/4020/4020 4019/4019/4019 
f 4022/4022/4022 4020/4020/4020 4021/4021/4021 
f 4023/4023/4023 4022/4022/4022 4021/4021/4021 
f 4024/4024/4024 4022/4022/4022 4023/4023/4023 
f 4025/4025/4025 4024/4024/4024 4023/4023/4023 
f 4026/4026/4026 4024/4024/4024 4025/4025/4025 
f 4027/4027/4027 4026/4026/4026 4025/4025/4025 
f 4028/4028/4028 4026/4026/4026 4027/4027/4027 
f 4029/4029/4029 4028/4028/4028 4027/4027/4027 
f 4030/4030/4030 4028/4028/4028 4029/4029/4029 
f 4031/4031/4031 4030/4030/4030 4029/4029/4029 
f 4032/4032/4032 4030/4030/4030 4031/4031/4031 
f 4033/4033/4033 4032/4032/4032 4031/4031/4031 
f 4034/4034/4034 4032/4032/4032 4033/4033/4033 
f 4035/4035/4035 4034/4034/4034 4033/4033/4033 
f 4036/4036/4036 4034/4034/4034 4035/4035/4035 
f 4037/4037/4037 4036/4036/4036 4035/4035/4035 
f 4038/4038/4038 4036/4036/4036 4037/4037/4037 
f 4039/4039/4039 4038/4038/4038 4037/4037/4037 
f 4040/4040/4040 4038/4038/4038 4039/4039/4039 
f 4041/4041/4041 4040/4040/4040 4039/4039/4039 
f 4042/4042/4042 4040/4040/4040 4041/4041/4041 
f 4043/4043/4043 4042/4042/4042 4041/4041/4041 
f 4044/4044/4044 4042/4042/4042 4043/4043/4043 
f 4045/4045/4045 4044/4044/4044 4043/4043/4043 
f 4046/4046/4046 4044/4044/4044 4045/4045/4045 
f 4047/4047/4047 4046/4046/4046 4045/4045/4045 
f 4048/4048/4048 4046/4046/4046 4047/4047/4047 
f 4049/4049/4049 4048/4048/4048 4047/4047/4047 
f 4050/4050/4050 4048/4048/4048 4049/4049/4049 
f 4051/4051/4051 4050/4050/4050 4049/4049/4049 
f 4052/4052/4052 4050/4050/4050 4051/4051/4051 
f 4053/4053/4053 4052/4052/4052 4051/4051/4051 
f 4054/4054/4054 4052/4052/4052 4053/4053/4053 
f 4055/4055/4055 4054/4054/4054 4053/4053/4053 
f 4056/4056/4056 4054/4054/4054 4055/4055/4055 
f 4057/4057/4057 4056/4056/4056 4055/4055/4055 
f 4058/4058/4058 4056/4056/4056 4057/4057/4057 
f 4059/4059/4059 4058/4058/4058 4057/4057/4057 
f 4060/4060/4060 4058/4058/4058 4059/4059/4059 
f 4061/4061/4061 4060/4060/4060 4059/4059/4059 
f 4062/4062/4062 4060/4060/4060 4061/4061/4061 
f 4063/4063/4063 4062/4062/4062 4061/4061/4061 
f 4064/4064/4064 4062/4062/4062 4063/4063/4063 
f 4065/4065/4065 4064/4064/4064 4063/4063/4063 
f 4066/4066/4066 4064/4064/4064 4065/4065/4065 
f 4067/4067/4067 4066/4066/4066 4065/4065/4065 
f 4068/4068/4068 4066/4066/4066 4067/4067/4067 
f 4069/4069/4069 4068/4068/4068 4067/4067/4067 
f 4070/4070/4070 4068/4068/4068 4069/4069/4069 
f 4071/4071/4071 4070/4070/4070 4069/4069/4069 
f 4072/4072/4072 4070/4070/4070 4071/4071/4071 
f 4073/4073/4073 4072/4072/4072 4071/4071/4071 
f 4074/4074/4074 4072/4072/4072 4073/4073/4073 
f 4075/4075/4075 4074/4074/4074 4073/4073/4073 
f 4076/4076/4076 4074/4074/4074 4075/4075/4075 
f 4077/4077/4077 4076/4076/4076 4075/4075/4075 
f 4078/4078/4078 4076/4076/4076 4077/4077/4077 
f 4079/4079/4079 4078/4078/4078 4077/4077/4077 
f 4080/4080/4080 4078/4078/4078 4079/4079/4079 
f 4081/4081/4081 4080/4080/4080 4079/4079/4079 
f 4082/4082/4082 4080/4080/4080 4081/4081/4081 
f 4083/4083/4083 4082/4082/4082 4081/4081/4081 
f 4084/4084/4084 4082/4082/4082 4083/4083/4083 
f 4085/4085/4085 4084/4084/4084 4083/4083/4083 
f 4086/4086/4086 4084/4084/4084 4085/4085/4085 
f 4087/4087/4087 4086/4086/4086 4085/4085/4085 
f 4088/4088/4088 4086/4086/4086 4087/4087/4087 
f 4089/4089/4089 4088/4088/4088 4087/4087/4087 
f 4090/4090/4090 4088/4088/4088 4089/4089/4089 
f 4091/4091/4091 4090/4090/4090 4089/4089/4089 
f 4084/4084/4084 4092/4092/4092 4082/4082/4082 
f 4092/4092/4092 4093/4093/4093 4082/4082/4082 
f 4082/4082/4082 4093/4093/4093 4080/4080/4080 
f 4093/4093/4093 4094/4094/4094 4080/4080/4080 
f 4080/4080/4080 4094/4094/4094 4078/4078/4078 
f 4094/4094/4094 4095/4095/4095 4078/4078/4078 
f 4078/4078/4078 4095/4095/4095 4076/4076/4076 
f 4095/4095/4095 4096/4096/4096 4076/4076/4076 
f 4086/4086/4086 4097/4097/4097 4084/4084/4084 
f 4097/4097/4097 4092/4092/4092 4084/4084/4084 
f 4088/4088/4088 4098/4098/4098 4086/4086/4086 
f 4098/4098/4098 4097/4097/4097 4086/4086/4086 
f 4090/4090/4090 4099/4099/4099 4088/4088/4088 
f 4099/4099/4099 4098/4098/4098 4088/4088/4088 
f 4076/4076/4076 4096/4096/4096 4074/4074/4074 
f 4096/4096/4096 4100/4100/4100 4074/4074/4074 
f 4074/4074/4074 4100/4100/4100 4072/4072/4072 
f 4100/4100/4100 4101/4101/4101 4072/4072/4072 
f 4072/4072/4072 4101/4101/4101 4070/4070/4070 
f 4101/4101/4101 4102/4102/4102 4070/4070/4070 
f 4070/4070/4070 4102/4102/4102 4068/4068/4068 
f 4102/4102/4102 4103/4103/4103 4068/4068/4068 
f 4068/4068/4068 4103/4103/4103 4066/4066/4066 
f 4103/4103/4103 4104/4104/4104 4066/4066/4066 
f 4066/4066/4066 4104/4104/4104 4064/4064/4064 
f 4104/4104/4104 4105/4105/4105 4064/4064/4064 
f 4064/4064/4064 4105/4105/4105 4062/4062/4062 
f 4105/4105/4105 4106/4106/4106 4062/4062/4062 
f 4062/4062/4062 4106/4106/4106 4060/4060/4060 
f 4106/4106/4106 4107/4107/4107 4060/4060/4060 
f 4060/4060/4060 4107/4107/4107 4058/4058/4058 
f 4107/4107/4107 4108/4108/4108 4058/4058/4058 
f 4058/4058/4058 4108/4108/4108 4056/4056/4056 
f 4108/4108/4108 4109/4109/4109 4056/4056/4056 
f 4056/4056/4056 4109/4109/4109 4054/4054/4054 
f 4109/4109/4109 4110/4110/4110 4054/4054/4054 
f 4054/4054/4054 4110/4110/4110 4052/4052/4052 
f 4110/4110/4110 4111/4111/4111 4052/4052/4052 
f 4052/4052/4052 4111/4111/4111 4050/4050/4050 
f 4111/4111/4111 4112/4112/4112 4050/4050/4050 
f 4050/4050/4050 4112/4112/4112 4048/4048/4048 
f 4112/4112/4112 4113/4113/4113 4048/4048/4048 
f 4048/4048/4048 4113/4113/4113 4046/4046/4046 
f 4113/4113/4113 4114/4114/4114 4046/4046/4046 
f 4046/4046/4046 4114/4114/4114 4044/4044/4044 
f 4114/4114/4114 4115/4115/4115 4044/4044/4044 
f 4044/4044/4044 4115/4115/4115 4042/4042/4042 
f 4115/4115/4115 4116/4116/4116 4042/4042/4042 
f 4042/4042/4042 4116/4116/4116 4040/4040/4040 
f 4116/4116/4116 4117/4117/4117 4040/4040/4040 
f 4040/4040/4040 4117/4117/4117 4038/4038/4038 
f 4117/4117/4117 4118/4118/4118 4038/4038/4038 
f 4038/4038/4038 4118/4118/4118 4036/4036/4036 
f 4118/4118/4118 4119/4119/4119 4036/4036/4036 
f 4036/4036/4036 4119/4119/4119 4034/4034/4034 
f 4119/4119/4119 4120/4120/4120 4034/4034/4034 
f 4034/4034/4034 4120/4120/4120 4032/4032/4032 
f 4120/4120/4120 4121/4121/4121 4032/4032/4032 
f 4032/4032/4032 4121/4121/4121 4030/4030/4030 
f 4121/4121/4121 4122/4122/4122 4030/4030/4030 
f 4030/4030/4030 4122/4122/4122 4028/4028/4028 
f 4122/4122/4122 4123/4123/4123 4028/4028/4028 
f 4028/4028/4028 4123/4123/4123 4026/4026/4026 
f 4123/4123/4123 4124/4124/4124 4026/4026/4026 
f 4026/4026/4026 4124/4124/4124 4024/4024/4024 
f 4124/4124/4124 4125/4125/4125 4024/4024/4024 
f 4024/4024/4024 4125/4125/4125 4022/4022/4022 
f 4125/4125/4125 4126/4126/4126 4022/4022/4022 
f 4022/4022/4022 4126/4126/4126 4020/4020/4020 
f 4126/4126/4126 4127/4127/4127 4020/4020/4020 
f 4020/4020/4020 4127/4127/4127 4018/4018/4018 
f 4127/4127/4127 4128/4128/4128 4018/4018/4018 
f 4018/4018/4018 4128/4128/4128 4016/4016/4016 
f 4128/4128/4128 4129/4129/4129 4016/4016/4016 
f 4016/4016/4016 4129/4129/4129 4014/4014/4014 
f 4129/4129/4129 4130/4130/4130 4014/4014/4014 
f 4014/4014/4014 4130/4130/4130 4012/4012/4012 
f 4130/4130/4130 4131/4131/4131 4012/4012/4012 
f 4012/4012/4012 4131/4131/4131 4010/4010/4010 
f 4131/4131/4131 4132/4132/4132 4010/4010/4010 
f 4010/4010/4010 4132/4132/4132 4000/4000/4000 
f 4132/4132/4132 4133/4133/4133 4000/4000/4000 
f 4000/4000/4000 4133/4133/4133 3998/3998/3998 
f 4133/4133/4133 4134/4134/4134 3998/3998/3998 
f 3998/3998/3998 4134/4134/4134 3996/3996/3996 
f 4134/4134/4134 4135/4135/4135 3996/3996/3996 
f 3996/3996/3996 4135/4135/4135 3994/3994/3994 
f 4135/4135/4135 4136/4136/4136 3994/3994/3994 
f 3994/3994/3994 4136/4136/4136 3992/3992/3992 
f 4136/4136/4136 4137/4137/4137 3992/3992/3992 
f 3992/3992/3992 4137/4137/4137 3990/3990/3990 
f 4137/4137/4137 4138/4138/4138 3990/3990/3990 
f 3990/3990/3990 4138/4138/4138 3981/3981/3981 
f 4138/4138/4138 4139/4139/4139 3981/3981/3981 
f 3981/3981/3981 4139/4139/4139 3983/3983/3983 
f 4139/4139/4139 4140/4140/4140 3983/3983/3983 
f 3983/3983/3983 4140/4140/4140 3985/3985/3985 
f 4140/4140/4140 4141/4141/4141 3985/3985/3985 
f 3985/3985/3985 4141/4141/4141 3987/3987/3987 
f 4141/4141/4141 4142/4142/4142 3987/3987/3987 
f 3987/3987/3987 4142/4142/4142 3989/3989/3989 
f 4142/4142/4142 4143/4143/4143 3989/3989/3989 
f 3989/3989/3989 4143/4143/4143 4003/4003/4003 
f 4143/4143/4143 4144/4144/4144 4003/4003/4003 
f 4003/4003/4003 4144/4144/4144 4005/4005/4005 
f 4144/4144/4144 4145/4145/4145 4005/4005/4005 
f 4005/4005/4005 4145/4145/4145 4007/4007/4007 
f 4145/4145/4145 4146/4146/4146 4007/4007/4007 
f 4007/4007/4007 4146/4146/4146 4009/4009/4009 
f 4146/4146/4146 4147/4147/4147 4009/4009/4009 
f 4150/4150/4150 4149/4149/4149 4148/4148/4148 
f 4149/4149/4149 4151/4151/4151 4148/4148/4148 
f 4148/4148/4148 4151/4151/4151 4152/4152/4152 
f 4151/4151/4151 4153/4153/4153 4152/4152/4152 
f 4152/4152/4152 4153/4153/4153 4154/4154/4154 
f 4153/4153/4153 4155/4155/4155 4154/4154/4154 
f 4154/4154/4154 4155/4155/4155 4156/4156/4156 
f 4155/4155/4155 4157/4157/4157 4156/4156/4156 
f 4158/4158/4158 4149/4149/4149 4150/4150/4150 
f 4159/4159/4159 4158/4158/4158 4150/4150/4150 
f 4160/4160/4160 4158/4158/4158 4159/4159/4159 
f 4161/4161/4161 4160/4160/4160 4159/4159/4159 
f 4162/4162/4162 4160/4160/4160 4161/4161/4161 
f 4163/4163/4163 4162/4162/4162 4161/4161/4161 
f 4164/4164/4164 4162/4162/4162 4163/4163/4163 
f 4165/4165/4165 4164/4164/4164 4163/4163/4163 
f 4166/4166/4166 4164/4164/4164 4165/4165/4165 
f 4167/4167/4167 4166/4166/4166 4165/4165/4165 
f 4168/4168/4168 4166/4166/4166 4167/4167/4167 
f 4169/4169/4169 4168/4168/4168 4167/4167/4167 
f 4156/4156/4156 4157/4157/4157 4170/4170/4170 
f 4157/4157/4157 4171/4171/4171 4170/4170/4170 
f 4170/4170/4170 4171/4171/4171 4172/4172/4172 
f 4171/4171/4171 4173/4173/4173 4172/4172/4172 
f 4172/4172/4172 4173/4173/4173 4174/4174/4174 
f 4173/4173/4173 4175/4175/4175 4174/4174/4174 
f 4174/4174/4174 4175/4175/4175 4176/4176/4176 
f 4175/4175/4175 4177/4177/4177 4176/4176/4176 
f 4178/4178/4178 4168/4168/4168 4169/4169/4169 
f 4179/4179/4179 4178/4178/4178 4169/4169/4169 
f 4180/4180/4180 4178/4178/4178 4179/4179/4179 
f 4181/4181/4181 4180/4180/4180 4179/4179/4179 
f 4182/4182/4182 4180/4180/4180 4181/4181/4181 
f 4183/4183/4183 4182/4182/4182 4181/4181/4181 
f 4184/4184/4184 4182/4182/4182 4183/4183/4183 
f 4185/4185/4185 4184/4184/4184 4183/4183/4183 
f 4186/4186/4186 4184/4184/4184 4185/4185/4185 
f 4187/4187/4187 4186/4186/4186 4185/4185/4185 
f 4188/4188/4188 4186/4186/4186 4187/4187/4187 
f 4189/4189/4189 4188/4188/4188 4187/4187/4187 
f 4190/4190/4190 4188/4188/4188 4189/4189/4189 
f 4191/4191/4191 4190/4190/4190 4189/4189/4189 
f 4192/4192/4192 4190/4190/4190 4191/4191/4191 
f 4193/4193/4193 4192/4192/4192 4191/4191/4191 
f 4194/4194/4194 4192/4192/4192 4193/4193/4193 
f 4195/4195/4195 4194/4194/4194 4193/4193/4193 
f 4196/4196/4196 4194/4194/4194 4195/4195/4195 
f 4197/4197/4197 4196/4196/4196 4195/4195/4195 
f 4198/4198/4198 4196/4196/4196 4197/4197/4197 
f 4199/4199/4199 4198/4198/4198 4197/4197/4197 
f 4200/4200/4200 4198/4198/4198 4199/4199/4199 
f 4201/4201/4201 4200/4200/4200 4199/4199/4199 
f 4202/4202/4202 4200/4200/4200 4201/4201/4201 
f 4203/4203/4203 4202/4202/4202 4201/4201/4201 
f 4204/4204/4204 4202/4202/4202 4203/4203/4203 
f 4205/4205/4205 4204/4204/4204 4203/4203/4203 
f 4206/4206/4206 4204/4204/4204 4205/4205/4205 
f 4207/4207/4207 4206/4206/4206 4205/4205/4205 
f 4208/4208/4208 4206/4206/4206 4207/4207/4207 
f 4209/4209/4209 4208/4208/4208 4207/4207/4207 
f 4210/4210/4210 4208/4208/4208 4209/4209/4209 
f 4211/4211/4211 4210/4210/4210 4209/4209/4209 
f 4212/4212/4212 4210/4210/4210 4211/4211/4211 
f 4213/4213/4213 4212/4212/4212 4211/4211/4211 
f 4214/4214/4214 4212/4212/4212 4213/4213/4213 
f 4215/4215/4215 4214/4214/4214 4213/4213/4213 
f 4216/4216/4216 4214/4214/4214 4215/4215/4215 
f 4217/4217/4217 4216/4216/4216 4215/4215/4215 
f 4218/4218/4218 4216/4216/4216 4217/4217/4217 
f 4219/4219/4219 4218/4218/4218 4217/4217/4217 
f 4220/4220/4220 4218/4218/4218 4219/4219/4219 
f 4221/4221/4221 4220/4220/4220 4219/4219/4219 
f 4222/4222/4222 4220/4220/4220 4221/4221/4221 
f 4223/4223/4223 4222/4222/4222 4221/4221/4221 
f 4224/4224/4224 4222/4222/4222 4223/4223/4223 
f 4225/4225/4225 4224/4224/4224 4223/4223/4223 
f 4226/4226/4226 4224/4224/4224 4225/4225/4225 
f 4227/4227/4227 4226/4226/4226 4225/4225/4225 
f 4228/4228/4228 4226/4226/4226 4227/4227/4227 
f 4229/4229/4229 4228/4228/4228 4227/4227/4227 
f 4230/4230/4230 4228/4228/4228 4229/4229/4229 
f 4231/4231/4231 4230/4230/4230 4229/4229/4229 
f 4232/4232/4232 4230/4230/4230 4231/4231/4231 
f 4233/4233/4233 4232/4232/4232 4231/4231/4231 
f 4234/4234/4234 4232/4232/4232 4233/4233/4233 
f 4235/4235/4235 4234/4234/4234 4233/4233/4233 
f 4236/4236/4236 4234/4234/4234 4235/4235/4235 
f 4237/4237/4237 4236/4236/4236 4235/4235/4235 
f 4238/4238/4238 4236/4236/4236 4237/4237/4237 
f 4239/4239/4239 4238/4238/4238 4237/4237/4237 
f 4240/4240/4240 4238/4238/4238 4239/4239/4239 
f 4241/4241/4241 4240/4240/4240 4239/4239/4239 
f 4242/4242/4242 4240/4240/4240 4241/4241/4241 
f 4243/4243/4243 4242/4242/4242 4241/4241/4241 
f 4244/4244/4244 4242/4242/4242 4243/4243/4243 
f 4245/4245/4245 4244/4244/4244 4243/4243/4243 
f 4246/4246/4246 4244/4244/4244 4245/4245/4245 
f 4247/4247/4247 4246/4246/4246 4245/4245/4245 
f 4248/4248/4248 4246/4246/4246 4247/4247/4247 
f 4249/4249/4249 4248/4248/4248 4247/4247/4247 
f 4250/4250/4250 4248/4248/4248 4249/4249/4249 
f 4251/4251/4251 4250/4250/4250 4249/4249/4249 
f 4252/4252/4252 4250/4250/4250 4251/4251/4251 
f 4253/4253/4253 4252/4252/4252 4251/4251/4251 
f 4254/4254/4254 4252/4252/4252 4253/4253/4253 
f 4255/4255/4255 4254/4254/4254 4253/4253/4253 
f 4256/4256/4256 4254/4254/4254 4255/4255/4255 
f 4257/4257/4257 4256/4256/4256 4255/4255/4255 
f 4258/4258/4258 4256/4256/4256 4257/4257/4257 
f 4259/4259/4259 4258/4258/4258 4257/4257/4257 
f 4262/4262/4262 4261/4261/4261 4260/4260/4260 
f 4261/4261/4261 4263/4263/4263 4260/4260/4260 
f 4260/4260/4260 4263/4263/4263 4264/4264/4264 
f 4263/4263/4263 4265/4265/4265 4264/4264/4264 
f 4264/4264/4264 4265/4265/4265 4266/4266/4266 
f 4265/4265/4265 4267/4267/4267 4266/4266/4266 
f 4266/4266/4266 4267/4267/4267 4268/4268/4268 
f 4267/4267/4267 4269/4269/4269 4268/4268/4268 
f 4270/4270/4270 4261/4261/4261 4262/4262/4262 
f 4271/4271/4271 4270/4270/4270 4262/4262/4262 
f 4272/4272/4272 4270/4270/4270 4271/4271/4271 
f 4273/4273/4273 4272/4272/4272 4271/4271/4271 
f 4274/4274/4274 4272/4272/4272 4273/4273/4273 
f 4275/4275/4275 4274/4274/4274 4273/4273/4273 
f 4276/4276/4276 4274/4274/4274 4275/4275/4275 
f 4277/4277/4277 4276/4276/4276 4275/4275/4275 
f 4278/4278/4278 4276/4276/4276 4277/4277/4277 
f 4279/4279/4279 4278/4278/4278 4277/4277/4277 
f 4280/4280/4280 4278/4278/4278 4279/4279/4279 
f 4281/4281/4281 4280/4280/4280 4279/4279/4279 
f 4268/4268/4268 4269/4269/4269 4282/4282/4282 
f 4269/4269/4269 4283/4283/4283 4282/4282/4282 
f 4282/4282/4282 4283/4283/4283 4284/4284/4284 
f 4283/4283/4283 4285/4285/4285 4284/4284/4284 
f 4284/4284/4284 4285/4285/4285 4286/4286/4286 
f 4285/4285/4285 4287/4287/4287 4286/4286/4286 
f 4286/4286/4286 4287/4287/4287 4288/4288/4288 
f 4287/4287/4287 4289/4289/4289 4288/4288/4288 
f 4290/4290/4290 4280/4280/4280 4281/4281/4281 
f 4291/4291/4291 4290/4290/4290 4281/4281/4281 
f 4292/4292/4292 4290/4290/4290 4291/4291/4291 
f 4293/4293/4293 4292/4292/4292 4291/4291/4291 
f 4294/4294/4294 4292/4292/4292 4293/4293/4293 
f 4295/4295/4295 4294/4294/4294 4293/4293/4293 
f 4296/4296/4296 4294/4294/4294 4295/4295/4295 
f 4297/4297/4297 4296/4296/4296 4295/4295/4295 
f 4298/4298/4298 4296/4296/4296 4297/4297/4297 
f 4299/4299/4299 4298/4298/4298 4297/4297/4297 
f 4300/4300/4300 4298/4298/4298 4299/4299/4299 
f 4301/4301/4301 4300/4300/4300 4299/4299/4299 
f 4302/4302/4302 4300/4300/4300 4301/4301/4301 
f 4303/4303/4303 4302/4302/4302 4301/4301/4301 
f 4304/4304/4304 4302/4302/4302 4303/4303/4303 
f 4305/4305/4305 4304/4304/4304 4303/4303/4303 
f 4306/4306/4306 4304/4304/4304 4305/4305/4305 
f 4307/4307/4307 4306/4306/4306 4305/4305/4305 
f 4308/4308/4308 4306/4306/4306 4307/4307/4307 
f 4309/4309/4309 4308/4308/4308 4307/4307/4307 
f 4310/4310/4310 4308/4308/4308 4309/4309/4309 
f 4311/4311/4311 4310/4310/4310 4309/4309/4309 
f 4312/4312/4312 4310/4310/4310 4311/4311/4311 
f 4313/4313/4313 4312/4312/4312 4311/4311/4311 
f 4314/4314/4314 4312/4312/4312 4313/4313/4313 
f 4315/4315/4315 4314/4314/4314 4313/4313/4313 
f 4316/4316/4316 4314/4314/4314 4315/4315/4315 
f 4317/4317/4317 4316/4316/4316 4315/4315/4315 
f 4318/4318/4318 4316/4316/4316 4317/4317/4317 
f 4319/4319/4319 4318/4318/4318 4317/4317/4317 
f 4320/4320/4320 4318/4318/4318 4319/4319/4319 
f 4321/4321/4321 4320/4320/4320 4319/4319/4319 
f 4322/4322/4322 4320/4320/4320 4321/4321/4321 
f 4323/4323/4323 4322/4322/4322 4321/4321/4321 
f 4324/4324/4324 4322/4322/4322 4323/4323/4323 
f 4325/4325/4325 4324/4324/4324 4323/4323/4323 
f 4326/4326/4326 4324/4324/4324 4325/4325/4325 
f 4327/4327/4327 4326/4326/4326 4325/4325/4325 
f 4328/4328/4328 4326/4326/4326 4327/4327/4327 
f 4329/4329/4329 4328/4328/4328 4327/4327/4327 
f 4330/4330/4330 4328/4328/4328 4329/4329/4329 
f 4331/4331/4331 4330/4330/4330 4329/4329/4329 
f 4332/4332/4332 4330/4330/4330 4331/4331/4331 
f 4333/4333/4333 4332/4332/4332 4331/4331/4331 
f 4334/4334/4334 4332/4332/4332 4333/4333/4333 
f 4335/4335/4335 4334/4334/4334 4333/4333/4333 
f 4336/4336/4336 4334/4334/4334 4335/4335/4335 
f 4337/4337/4337 4336/4336/4336 4335/4335/4335 
f 4338/4338/4338 4336/4336/4336 4337/4337/4337 
f 4339/4339/4339 4338/4338/4338 4337/4337/4337 
f 4340/4340/4340 4338/4338/4338 4339/4339/4339 
f 4341/4341/4341 4340/4340/4340 4339/4339/4339 
f 4342/4342/4342 4340/4340/4340 4341/4341/4341 
f 4343/4343/4343 4342/4342/4342 4341/4341/4341 
f 4344/4344/4344 4342/4342/4342 4343/4343/4343 
f 4345/4345/4345 4344/4344/4344 4343/4343/4343 
f 4346/4346/4346 4344/4344/4344 4345/4345/4345 
f 4347/4347/4347 4346/4346/4346 4345/4345/4345 
f 4348/4348/4348 4346/4346/4346 4347/4347/4347 
f 4349/4349/4349 4348/4348/4348 4347/4347/4347 
f 4350/4350/4350 4348/4348/4348 4349/4349/4349 
f 4351/4351/4351 4350/4350/4350 4349/4349/4349 
f 4352/4352/4352 4350/4350/4350 4351/4351/4351 
f 4353/4353/4353 4352/4352/4352 4351/4351/4351 
f 4354/4354/4354 4352/4352/4352 4353/4353/4353 
f 4355/4355/4355 4354/4354/4354 4353/4353/4353 
f 4356/4356/4356 4354/4354/4354 4355/4355/4355 
f 4357/4357/4357 4356/4356/4356 4355/4355/4355 
f 4358/4358/4358 4356/4356/4356 4357/4357/4357 
f 4359/4359/4359 4358/4358/4358 4357/4357/4357 
f 4360/4360/4360 4358/4358/4358 4359/4359/4359 
f 4361/4361/4361 4360/4360/4360 4359/4359/4359 
f 4362/4362/4362 4360/4360/4360 4361/4361/4361 
f 4363/4363/4363 4362/4362/4362 4361/4361/4361 
f 4364/4364/4364 4362/4362/4362 4363/4363/4363 
f 4365/4365/4365 4364/4364/4364 4363/4363/4363 
f 4366/4366/4366 4364/4364/4364 4365/4365/4365 
f 4367/4367/4367 4366/4366/4366 4365/4365/4365 
f 4368/4368/4368 4366/4366/4366 4367/4367/4367 
f 4369/4369/4369 4368/4368/4368 4367/4367/4367 
f 4370/4370/4370 4368/4368/4368 4369/4369/4369 
f 4371/4371/4371 4370/4370/4370 4369/4369/4369 
f 4370/4370/4370 4372/4372/4372 4368/4368/4368 
f 4372/4372/4372 4373/4373/4373 4368/4368/4368 
f 4368/4368/4368 4373/4373/4373 4366/4366/4366 
f 4373/4373/4373 4374/4374/4374 4366/4366/4366 
f 4366/4366/4366 4374/4374/4374 4364/4364/4364 
f 4374/4374/4374 4375/4375/4375 4364/4364/4364 
f 4364/4364/4364 4375/4375/4375 4362/4362/4362 
f 4375/4375/4375 4376/4376/4376 4362/4362/4362 
f 4362/4362/4362 4376/4376/4376 4360/4360/4360 
f 4376/4376/4376 4377/4377/4377 4360/4360/4360 
f 4360/4360/4360 4377/4377/4377 4358/4358/4358 
f 4377/4377/4377 4378/4378/4378 4358/4358/4358 
f 4358/4358/4358 4378/4378/4378 4356/4356/4356 
f 4378/4378/4378 4379/4379/4379 4356/4356/4356 
f 4356/4356/4356 4379/4379/4379 4354/4354/4354 
f 4379/4379/4379 4380/4380/4380 4354/4354/4354 
f 4354/4354/4354 4380/4380/4380 4352/4352/4352 
f 4380/4380/4380 4381/4381/4381 4352/4352/4352 
f 4352/4352/4352 4381/4381/4381 4350/4350/4350 
f 4381/4381/4381 4382/4382/4382 4350/4350/4350 
f 4350/4350/4350 4382/4382/4382 4348/4348/4348 
f 4382/4382/4382 4383/4383/4383 4348/4348/4348 
f 4348/4348/4348 4383/4383/4383 4346/4346/4346 
f 4383/4383/4383 4384/4384/4384 4346/4346/4346 
f 4346/4346/4346 4384/4384/4384 4344/4344/4344 
f 4384/4384/4384 4385/4385/4385 4344/4344/4344 
f 4344/4344/4344 4385/4385/4385 4342/4342/4342 
f 4385/4385/4385 4386/4386/4386 4342/4342/4342 
f 4342/4342/4342 4386/4386/4386 4340/4340/4340 
f 4386/4386/4386 4387/4387/4387 4340/4340/4340 
f 4340/4340/4340 4387/4387/4387 4338/4338/4338 
f 4387/4387/4387 4388/4388/4388 4338/4338/4338 
f 4338/4338/4338 4388/4388/4388 4336/4336/4336 
f 4388/4388/4388 4389/4389/4389 4336/4336/4336 
f 4336/4336/4336 4389/4389/4389 4334/4334/4334 
f 4389/4389/4389 4390/4390/4390 4334/4334/4334 
f 4334/4334/4334 4390/4390/4390 4332/4332/4332 
f 4390/4390/4390 4391/4391/4391 4332/4332/4332 
f 4332/4332/4332 4391/4391/4391 4330/4330/4330 
f 4391/4391/4391 4392/4392/4392 4330/4330/4330 
f 4330/4330/4330 4392/4392/4392 4328/4328/4328 
f 4392/4392/4392 4393/4393/4393 4328/4328/4328 
f 4328/4328/4328 4393/4393/4393 4326/4326/4326 
f 4393/4393/4393 4394/4394/4394 4326/4326/4326 
f 4326/4326/4326 4394/4394/4394 4324/4324/4324 
f 4394/4394/4394 4395/4395/4395 4324/4324/4324 
f 4324/4324/4324 4395/4395/4395 4322/4322/4322 
f 4395/4395/4395 4396/4396/4396 4322/4322/4322 
f 4322/4322/4322 4396/4396/4396 4320/4320/4320 
f 4396/4396/4396 4397/4397/4397 4320/4320/4320 
f 4320/4320/4320 4397/4397/4397 4318/4318/4318 
f 4397/4397/4397 4398/4398/4398 4318/4318/4318 
f 4318/4318/4318 4398/4398/4398 4316/4316/4316 
f 4398/4398/4398 4399/4399/4399 4316/4316/4316 
f 4316/4316/4316 4399/4399/4399 4314/4314/4314 
f 4399/4399/4399 4400/4400/4400 4314/4314/4314 
f 4314/4314/4314 4400/4400/4400 4312/4312/4312 
f 4400/4400/4400 4401/4401/4401 4312/4312/4312 
f 4312/4312/4312 4401/4401/4401 4310/4310/4310 
f 4401/4401/4401 4402/4402/4402 4310/4310/4310 
f 4310/4310/4310 4402/4402/4402 4308/4308/4308 
f 4402/4402/4402 4403/4403/4403 4308/4308/4308 
f 4308/4308/4308 4403/4403/4403 4306/4306/4306 
f 4403/4403/4403 4404/4404/4404 4306/4306/4306 
f 4306/4306/4306 4404/4404/4404 4304/4304/4304 
f 4404/4404/4404 4405/4405/4405 4304/4304/4304 
f 4304/4304/4304 4405/4405/4405 4302/4302/4302 
f 4405/4405/4405 4406/4406/4406 4302/4302/4302 
f 4302/4302/4302 4406/4406/4406 4300/4300/4300 
f 4406/4406/4406 4407/4407/4407 4300/4300/4300 
f 4300/4300/4300 4407/4407/4407 4298/4298/4298 
f 4407/4407/4407 4408/4408/4408 4298/4298/4298 
f 4298/4298/4298 4408/4408/4408 4296/4296/4296 
f 4408/4408/4408 4409/4409/4409 4296/4296/4296 
f 4296/4296/4296 4409/4409/4409 4294/4294/4294 
f 4409/4409/4409 4410/4410/4410 4294/4294/4294 
f 4294/4294/4294 4410/4410/4410 4292/4292/4292 
f 4410/4410/4410 4411/4411/4411 4292/4292/4292 
f 4292/4292/4292 4411/4411/4411 4290/4290/4290 
f 4411/4411/4411 4412/4412/4412 4290/4290/4290 
f 4290/4290/4290 4412/4412/4412 4280/4280/4280 
f 4412/4412/4412 4413/4413/4413 4280/4280/4280 
f 4280/4280/4280 4413/4413/4413 4278/4278/4278 
f 4413/4413/4413 4414/4414/4414 4278/4278/4278 
f 4278/4278/4278 4414/4414/4414 4276/4276/4276 
f 4414/4414/4414 4415/4415/4415 4276/4276/4276 
f 4276/4276/4276 4415/4415/4415 4274/4274/4274 
f 4415/4415/4415 4416/4416/4416 4274/4274/4274 
f 4274/4274/4274 4416/4416/4416 4272/4272/4272 
f 4416/4416/4416 4417/4417/4417 4272/4272/4272 
f 4272/4272/4272 4417/4417/4417 4270/4270/4270 
f 4417/4417/4417 4418/4418/4418 4270/4270/4270 
f 4270/4270/4270 4418/4418/4418 4261/4261/4261 
f 4418/4418/4418 4419/4419/4419 4261/4261/4261 
f 4261/4261/4261 4419/4419/4419 4263/4263/4263 
f 4419/4419/4419 4420/4420/4420 4263/4263/4263 
f 4263/4263/4263 4420/4420/4420 4265/4265/4265 
f 4420/4420/4420 4421/4421/4421 4265/4265/4265 
f 4265/4265/4265 4421/4421/4421 4267/4267/4267 
f 4421/4421/4421 4422/4422/4422 4267/4267/4267 
f 4267/4267/4267 4422/4422/4422 4269/4269/4269 
f 4422/4422/4422 4423/4423/4423 4269/4269/4269 
f 4269/4269/4269 4423/4423/4423 4283/4283/4283 
f 4423/4423/4423 4424/4424/4424 4283/4283/4283 
f 4283/4283/4283 4424/4424/4424 4285/4285/4285 
f 4424/4424/4424 4425/4425/4425 4285/4285/4285 
f 4285/4285/4285 4425/4425/4425 4287/4287/4287 
f 4425/4425/4425 4426/4426/4426 4287/4287/4287 
f 4287/4287/4287 4426/4426/4426 4289/4289/4289 
f 4426/4426/4426 4427/4427/4427 4289/4289/4289 
f 4430/4430/4430 4429/4429/4429 4428/4428/4428 
f 4429/4429/4429 4431/4431/4431 4428/4428/4428 
f 4428/4428/4428 4431/4431/4431 4432/4432/4432 
f 4431/4431/4431 4433/4433/4433 4432/4432/4432 
f 4432/4432/4432 4433/4433/4433 4434/4434/4434 
f 4433/4433/4433 4435/4435/4435 4434/4434/4434 
f 4434/4434/4434 4435/4435/4435 4436/4436/4436 
f 4435/4435/4435 4437/4437/4437 4436/4436/4436 
f 4438/4438/4438 4429/4429/4429 4430/4430/4430 
f 4439/4439/4439 4438/4438/4438 4430/4430/4430 
f 4440/4440/4440 4438/4438/4438 4439/4439/4439 
f 4441/4441/4441 4440/4440/4440 4439/4439/4439 
f 4442/4442/4442 4440/4440/4440 4441/4441/4441 
f 4443/4443/4443 4442/4442/4442 4441/4441/4441 
f 4444/4444/4444 4442/4442/4442 4443/4443/4443 
f 4445/4445/4445 4444/4444/4444 4443/4443/4443 
f 4446/4446/4446 4444/4444/4444 4445/4445/4445 
f 4447/4447/4447 4446/4446/4446 4445/4445/4445 
f 4448/4448/4448 4446/4446/4446 4447/4447/4447 
f 4449/4449/4449 4448/4448/4448 4447/4447/4447 
f 4436/4436/4436 4437/4437/4437 4450/4450/4450 
f 4437/4437/4437 4451/4451/4451 4450/4450/4450 
f 4450/4450/4450 4451/4451/4451 4452/4452/4452 
f 4451/4451/4451 4453/4453/4453 4452/4452/4452 
f 4452/4452/4452 4453/4453/4453 4454/4454/4454 
f 4453/4453/4453 4455/4455/4455 4454/4454/4454 
f 4454/4454/4454 4455/4455/4455 4456/4456/4456 
f 4455/4455/4455 4457/4457/4457 4456/4456/4456 
f 4458/4458/4458 4448/4448/4448 4449/4449/4449 
f 4459/4459/4459 4458/4458/4458 4449/4449/4449 
f 4460/4460/4460 4458/4458/4458 4459/4459/4459 
f 4461/4461/4461 4460/4460/4460 4459/4459/4459 
f 4462/4462/4462 4460/4460/4460 4461/4461/4461 
f 4463/4463/4463 4462/4462/4462 4461/4461/4461 
f 4464/4464/4464 4462/4462/4462 4463/4463/4463 
f 4465/4465/4465 4464/4464/4464 4463/4463/4463 
f 4466/4466/4466 4464/4464/4464 4465/4465/4465 
f 4467/4467/4467 4466/4466/4466 4465/4465/4465 
f 4468/4468/4468 4466/4466/4466 4467/4467/4467 
f 4469/4469/4469 4468/4468/4468 4467/4467/4467 
f 4470/4470/4470 4468/4468/4468 4469/4469/4469 
f 4471/4471/4471 4470/4470/4470 4469/4469/4469 
f 4472/4472/4472 4470/4470/4470 4471/4471/4471 
f 4473/4473/4473 4472/4472/4472 4471/4471/4471 
f 4474/4474/4474 4472/4472/4472 4473/4473/4473 
f 4475/4475/4475 4474/4474/4474 4473/4473/4473 
f 4476/4476/4476 4474/4474/4474 4475/4475/4475 
f 4477/4477/4477 4476/4476/4476 4475/4475/4475 
f 4478/4478/4478 4476/4476/4476 4477/4477/4477 
f 4479/4479/4479 4478/4478/4478 4477/4477/4477 
f 4480/4480/4480 4478/4478/4478 4479/4479/4479 
f 4481/4481/4481 4480/4480/4480 4479/4479/4479 
f 4482/4482/4482 4480/4480/4480 4481/4481/4481 
f 4483/4483/4483 4482/4482/4482 4481/4481/4481 
f 4484/4484/4484 4482/4482/4482 4483/4483/4483 
f 4485/4485/4485 4484/4484/4484 4483/4483/4483 
f 4486/4486/4486 4484/4484/4484 4485/4485/4485 
f 4487/4487/4487 4486/4486/4486 4485/4485/4485 
f 4488/4488/4488 4486/4486/4486 4487/4487/4487 
f 4489/4489/4489 4488/4488/4488 4487/4487/4487 
f 4490/4490/4490 4488/4488/4488 4489/4489/4489 
f 4491/4491/4491 4490/4490/4490 4489/4489/4489 
f 4492/4492/4492 4490/4490/4490 4491/4491/4491 
f 4493/4493/4493 4492/4492/4492 4491/4491/4491 
f 4494/4494/4494 4492/4492/4492 4493/4493/4493 
f 4495/4495/4495 4494/4494/4494 4493/4493/4493 
f 4496/4496/4496 4494/4494/4494 4495/4495/4495 
f 4497/4497/4497 4496/4496/4496 4495/4495/4495 
f 4498/4498/4498 4496/4496/4496 4497/4497/4497 
f 4499/4499/4499 4498/4498/4498 4497/4497/4497 
f 4500/4500/4500 4498/4498/4498 4499/4499/4499 
f 4501/4501/4501 4500/4500/4500 4499/4499/4499 
f 4502/4502/4502 4500/4500/4500 4501/4501/4501 
f 4503/4503/4503 4502/4502/4502 4501/4501/4501 
f 4504/4504/4504 4502/4502/4502 4503/4503/4503 
f 4505/4505/4505 4504/4504/4504 4503/4503/4503 
f 4506/4506/4506 4504/4504/4504 4505/4505/4505 
f 4507/4507/4507 4506/4506/4506 4505/4505/4505 
f 4508/4508/4508 4506/4506/4506 4507/4507/4507 
f 4509/4509/4509 4508/4508/4508 4507/4507/4507 
f 4510/4510/4510 4508/4508/4508 4509/4509/4509 
f 4511/4511/4511 4510/4510/4510 4509/4509/4509 
f 4512/4512/4512 4510/4510/4510 4511/4511/4511 
f 4513/4513/4513 4512/4512/4512 4511/4511/4511 
f 4514/4514/4514 4512/4512/4512 4513/4513/4513 
f 4515/4515/4515 4514/4514/4514 4513/4513/4513 
f 4516/4516/4516 4514/4514/4514 4515/4515/4515 
f 4517/4517/4517 4516/4516/4516 4515/4515/4515 
f 4518/4518/4518 4516/4516/4516 4517/4517/4517 
f 4519/4519/4519 4518/4518/4518 4517/4517/4517 
f 4520/4520/4520 4518/4518/4518 4519/4519/4519 
f 4521/4521/4521 4520/4520/4520 4519/4519/4519 
f 4522/4522/4522 4520/4520/4520 4521/4521/4521 
f 4523/4523/4523 4522/4522/4522 4521/4521/4521 
f 4524/4524/4524 4522/4522/4522 4523/4523/4523 
f 4525/4525/4525 4524/4524/4524 4523/4523/4523 
f 4526/4526/4526 4524/4524/4524 4525/4525/4525 
f 4527/4527/4527 4526/4526/4526 4525/4525/4525 
f 4528/4528/4528 4526/4526/4526 4527/4527/4527 
f 4529/4529/4529 4528/4528/4528 4527/4527/4527 
f 4530/4530/4530 4528/4528/4528 4529/4529/4529 
f 4531/4531/4531 4530/4530/4530 4529/4529/4529 
f 4532/4532/4532 4530/4530/4530 4531/4531/4531 
f 4533/4533/4533 4532/4532/4532 4531/4531/4531 
f 4534/4534/4534 4532/4532/4532 4533/4533/4533 
f 4535/4535/4535 4534/4534/4534 4533/4533/4533 
f 4536/4536/4536 4534/4534/4534 4535/4535/4535 
f 4537/4537/4537 4536/4536/4536 4535/4535/4535 
f 4538/4538/4538 4536/4536/4536 4537/4537/4537 
f 4539/4539/4539 4538/4538/4538 4537/4537/4537 
f 4538/4538/4538 4540/4540/4540 4536/4536/4536 
f 4540/4540/4540 4541/4541/4541 4536/4536/4536 
f 4536/4536/4536 4541/4541/4541 4534/4534/4534 
f 4540/4540/4540 4542/4542/4542 4541/4541/4541 
f 4542/4542/4542 4543/4543/4543 4541/4541/4541 
f 4541/4541/4541 4543/4543/4543 4544/4544/4544 
f 4541/4541/4541 4544/4544/4544 4534/4534/4534 
f 4534/4534/4534 4544/4544/4544 4532/4532/4532 
f 4543/4543/4543 4545/4545/4545 4544/4544/4544 
f 4544/4544/4544 4545/4545/4545 4546/4546/4546 
f 4544/4544/4544 4546/4546/4546 4532/4532/4532 
f 4545/4545/4545 4547/4547/4547 4546/4546/4546 
f 4546/4546/4546 4547/4547/4547 4548/4548/4548 
f 4547/4547/4547 4549/4549/4549 4548/4548/4548 
f 4548/4548/4548 4549/4549/4549 4550/4550/4550 
f 4549/4549/4549 4551/4551/4551 4550/4550/4550 
f 4550/4550/4550 4551/4551/4551 4552/4552/4552 
f 4551/4551/4551 4553/4553/4553 4552/4552/4552 
f 4552/4552/4552 4553/4553/4553 4554/4554/4554 
f 4553/4553/4553 4555/4555/4555 4554/4554/4554 
f 4554/4554/4554 4555/4555/4555 4556/4556/4556 
f 4555/4555/4555 4557/4557/4557 4556/4556/4556 
f 4556/4556/4556 4557/4557/4557 4558/4558/4558 
f 4557/4557/4557 4559/4559/4559 4558/4558/4558 
f 4558/4558/4558 4559/4559/4559 4560/4560/4560 
f 4559/4559/4559 4561/4561/4561 4560/4560/4560 
f 4560/4560/4560 4561/4561/4561 4562/4562/4562 
f 4561/4561/4561 4563/4563/4563 4562/4562/4562 
f 4562/4562/4562 4563/4563/4563 4564/4564/4564 
f 4563/4563/4563 4565/4565/4565 4564/4564/4564 
f 4564/4564/4564 4565/4565/4565 4566/4566/4566 
f 4565/4565/4565 4567/4567/4567 4566/4566/4566 
f 4566/4566/4566 4567/4567/4567 4568/4568/4568 
f 4567/4567/4567 4569/4569/4569 4568/4568/4568 
f 4568/4568/4568 4569/4569/4569 4570/4570/4570 
f 4569/4569/4569 4571/4571/4571 4570/4570/4570 
f 4570/4570/4570 4571/4571/4571 4572/4572/4572 
f 4571/4571/4571 4573/4573/4573 4572/4572/4572 
f 4572/4572/4572 4573/4573/4573 4574/4574/4574 
f 4573/4573/4573 4575/4575/4575 4574/4574/4574 
f 4574/4574/4574 4575/4575/4575 4576/4576/4576 
f 4575/4575/4575 4577/4577/4577 4576/4576/4576 
f 4576/4576/4576 4577/4577/4577 4578/4578/4578 
f 4577/4577/4577 4579/4579/4579 4578/4578/4578 
f 4578/4578/4578 4579/4579/4579 4580/4580/4580 
f 4579/4579/4579 4581/4581/4581 4580/4580/4580 
f 4580/4580/4580 4581/4581/4581 4582/4582/4582 
f 4581/4581/4581 4583/4583/4583 4582/4582/4582 
f 4582/4582/4582 4583/4583/4583 4584/4584/4584 
f 4583/4583/4583 4585/4585/4585 4584/4584/4584 
f 4584/4584/4584 4585/4585/4585 4586/4586/4586 
f 4585/4585/4585 4587/4587/4587 4586/4586/4586 
f 4586/4586/4586 4587/4587/4587 4588/4588/4588 
f 4587/4587/4587 4589/4589/4589 4588/4588/4588 
f 4588/4588/4588 4589/4589/4589 4590/4590/4590 
f 4589/4589/4589 4591/4591/4591 4590/4590/4590 
f 4590/4590/4590 4591/4591/4591 4592/4592/4592 
f 4591/4591/4591 4593/4593/4593 4592/4592/4592 
f 4592/4592/4592 4593/4593/4593 4594/4594/4594 
f 4593/4593/4593 4595/4595/4595 4594/4594/4594 
f 4594/4594/4594 4595/4595/4595 4596/4596/4596 
f 4595/4595/4595 4597/4597/4597 4596/4596/4596 
f 4596/4596/4596 4597/4597/4597 4598/4598/4598 
f 4597/4597/4597 4599/4599/4599 4598/4598/4598 
f 4598/4598/4598 4599/4599/4599 4600/4600/4600 
f 4599/4599/4599 4601/4601/4601 4600/4600/4600 
f 4600/4600/4600 4601/4601/4601 4602/4602/4602 
f 4601/4601/4601 4603/4603/4603 4602/4602/4602 
f 4602/4602/4602 4603/4603/4603 4604/4604/4604 
f 4603/4603/4603 4605/4605/4605 4604/4604/4604 
f 4604/4604/4604 4605/4605/4605 4606/4606/4606 
f 4605/4605/4605 4607/4607/4607 4606/4606/4606 
f 4606/4606/4606 4607/4607/4607 4608/4608/4608 
f 4607/4607/4607 4609/4609/4609 4608/4608/4608 
f 4608/4608/4608 4609/4609/4609 4610/4610/4610 
f 4609/4609/4609 4611/4611/4611 4610/4610/4610 
f 4610/4610/4610 4611/4611/4611 4612/4612/4612 
f 4611/4611/4611 4613/4613/4613 4612/4612/4612 
f 4612/4612/4612 4613/4613/4613 4614/4614/4614 
f 4613/4613/4613 4615/4615/4615 4614/4614/4614 
f 4614/4614/4614 4615/4615/4615 4616/4616/4616 
f 4615/4615/4615 4617/4617/4617 4616/4616/4616 
f 4616/4616/4616 4617/4617/4617 4618/4618/4618 
f 4617/4617/4617 4619/4619/4619 4618/4618/4618 
f 4618/4618/4618 4619/4619/4619 4620/4620/4620 
f 4619/4619/4619 4621/4621/4621 4620/4620/4620 
f 4620/4620/4620 4621/4621/4621 4622/4622/4622 
f 4621/4621/4621 4623/4623/4623 4622/4622/4622 
f 4622/4622/4622 4623/4623/4623 4624/4624/4624 
f 4623/4623/4623 4625/4625/4625 4624/4624/4624 
f 4624/4624/4624 4625/4625/4625 4626/4626/4626 
f 4625/4625/4625 4627/4627/4627 4626/4626/4626 
f 4626/4626/4626 4627/4627/4627 4628/4628/4628 
f 4627/4627/4627 4629/4629/4629 4628/4628/4628 
f 4628/4628/4628 4629/4629/4629 4630/4630/4630 
f 4629/4629/4629 4631/4631/4631 4630/4630/4630 
f 4630/4630/4630 4631/4631/4631 4632/4632/4632 
f 4631/4631/4631 4633/4633/4633 4632/4632/4632 
f 4632/4632/4632 4633/4633/4633 4634/4634/4634 
f 4633/4633/4633 4635/4635/4635 4634/4634/4634 
f 4634/4634/4634 4635/4635/4635 4636/4636/4636 
f 4635/4635/4635 4637/4637/4637 4636/4636/4636 
f 4636/4636/4636 4637/4637/4637 4638/4638/4638 
f 4637/4637/4637 4639/4639/4639 4638/4638/4638 
f 4638/4638/4638 4639/4639/4639 4640/4640/4640 
f 4639/4639/4639 4641/4641/4641 4640/4640/4640 
f 4640/4640/4640 4641/4641/4641 4642/4642/4642 
f 4641/4641/4641 4643/4643/4643 4642/4642/4642 
f 4642/4642/4642 4643/4643/4643 4644/4644/4644 
f 4643/4643/4643 4645/4645/4645 4644/4644/4644 
f 4644/4644/4644 4645/4645/4645 4646/4646/4646 
f 4645/4645/4645 4647/4647/4647 4646/4646/4646 
f 4646/4646/4646 4647/4647/4647 4648/4648/4648 
f 4647/4647/4647 4649/4649/4649 4648/4648/4648 
f 4648/4648/4648 4649/4649/4649 4650/4650/4650 
f 4649/4649/4649 4651/4651/4651 4650/4650/4650 
f 4644/4644/4644 4646/4646/4646 4453/4453/4453 
f 4451/4451/4451 4644/4644/4644 4453/4453/4453 
f 4642/4642/4642 4644/4644/4644 4451/4451/4451 
f 4453/4453/4453 4646/4646/4646 4455/4455/4455 
f 4646/4646/4646 4648/4648/4648 4455/4455/4455 
f 4455/4455/4455 4648/4648/4648 4457/4457/4457 
f 4648/4648/4648 4650/4650/4650 4457/4457/4457 
f 4640/4640/4640 4642/4642/4642 4437/4437/4437 
f 4437/4437/4437 4642/4642/4642 4451/4451/4451 
f 4435/4435/4435 4640/4640/4640 4437/4437/4437 
f 4638/4638/4638 4640/4640/4640 4435/4435/4435 
f 4433/4433/4433 4638/4638/4638 4435/4435/4435 
f 4636/4636/4636 4638/4638/4638 4433/4433/4433 
f 4431/4431/4431 4636/4636/4636 4433/4433/4433 
f 4634/4634/4634 4636/4636/4636 4431/4431/4431 
f 4429/4429/4429 4634/4634/4634 4431/4431/4431 
f 4632/4632/4632 4634/4634/4634 4429/4429/4429 
f 4438/4438/4438 4632/4632/4632 4429/4429/4429 
f 4630/4630/4630 4632/4632/4632 4438/4438/4438 
f 4440/4440/4440 4630/4630/4630 4438/4438/4438 
f 4628/4628/4628 4630/4630/4630 4440/4440/4440 
f 4442/4442/4442 4628/4628/4628 4440/4440/4440 
f 4626/4626/4626 4628/4628/4628 4442/4442/4442 
f 4444/4444/4444 4626/4626/4626 4442/4442/4442 
f 4624/4624/4624 4626/4626/4626 4444/4444/4444 
f 4446/4446/4446 4624/4624/4624 4444/4444/4444 
f 4622/4622/4622 4624/4624/4624 4446/4446/4446 
f 4448/4448/4448 4622/4622/4622 4446/4446/4446 
f 4620/4620/4620 4622/4622/4622 4448/4448/4448 
f 4458/4458/4458 4620/4620/4620 4448/4448/4448 
f 4618/4618/4618 4620/4620/4620 4458/4458/4458 
f 4460/4460/4460 4618/4618/4618 4458/4458/4458 
f 4616/4616/4616 4618/4618/4618 4460/4460/4460 
f 4462/4462/4462 4616/4616/4616 4460/4460/4460 
f 4614/4614/4614 4616/4616/4616 4462/4462/4462 
f 4464/4464/4464 4614/4614/4614 4462/4462/4462 
f 4612/4612/4612 4614/4614/4614 4464/4464/4464 
f 4466/4466/4466 4612/4612/4612 4464/4464/4464 
f 4610/4610/4610 4612/4612/4612 4466/4466/4466 
f 4468/4468/4468 4610/4610/4610 4466/4466/4466 
f 4608/4608/4608 4610/4610/4610 4468/4468/4468 
f 4470/4470/4470 4608/4608/4608 4468/4468/4468 
f 4606/4606/4606 4608/4608/4608 4470/4470/4470 
f 4472/4472/4472 4606/4606/4606 4470/4470/4470 
f 4604/4604/4604 4606/4606/4606 4472/4472/4472 
f 4474/4474/4474 4604/4604/4604 4472/4472/4472 
f 4602/4602/4602 4604/4604/4604 4474/4474/4474 
f 4476/4476/4476 4602/4602/4602 4474/4474/4474 
f 4600/4600/4600 4602/4602/4602 4476/4476/4476 
f 4478/4478/4478 4600/4600/4600 4476/4476/4476 
f 4598/4598/4598 4600/4600/4600 4478/4478/4478 
f 4480/4480/4480 4598/4598/4598 4478/4478/4478 
f 4596/4596/4596 4598/4598/4598 4480/4480/4480 
f 4482/4482/4482 4596/4596/4596 4480/4480/4480 
f 4594/4594/4594 4596/4596/4596 4482/4482/4482 
f 4484/4484/4484 4594/4594/4594 4482/4482/4482 
f 4592/4592/4592 4594/4594/4594 4484/4484/4484 
f 4486/4486/4486 4592/4592/4592 4484/4484/4484 
f 4590/4590/4590 4592/4592/4592 4486/4486/4486 
f 4488/4488/4488 4590/4590/4590 4486/4486/4486 
f 4588/4588/4588 4590/4590/4590 4488/4488/4488 
f 4490/4490/4490 4588/4588/4588 4488/4488/4488 
f 4586/4586/4586 4588/4588/4588 4490/4490/4490 
f 4492/4492/4492 4586/4586/4586 4490/4490/4490 
f 4584/4584/4584 4586/4586/4586 4492/4492/4492 
f 4494/4494/4494 4584/4584/4584 4492/4492/4492 
f 4582/4582/4582 4584/4584/4584 4494/4494/4494 
f 4496/4496/4496 4582/4582/4582 4494/4494/4494 
f 4580/4580/4580 4582/4582/4582 4496/4496/4496 
f 4498/4498/4498 4580/4580/4580 4496/4496/4496 
f 4578/4578/4578 4580/4580/4580 4498/4498/4498 
f 4500/4500/4500 4578/4578/4578 4498/4498/4498 
f 4576/4576/4576 4578/4578/4578 4500/4500/4500 
f 4502/4502/4502 4576/4576/4576 4500/4500/4500 
f 4574/4574/4574 4576/4576/4576 4502/4502/4502 
f 4504/4504/4504 4574/4574/4574 4502/4502/4502 
f 4572/4572/4572 4574/4574/4574 4504/4504/4504 
f 4506/4506/4506 4572/4572/4572 4504/4504/4504 
f 4570/4570/4570 4572/4572/4572 4506/4506/4506 
f 4508/4508/4508 4570/4570/4570 4506/4506/4506 
f 4568/4568/4568 4570/4570/4570 4508/4508/4508 
f 4510/4510/4510 4568/4568/4568 4508/4508/4508 
f 4566/4566/4566 4568/4568/4568 4510/4510/4510 
f 4512/4512/4512 4566/4566/4566 4510/4510/4510 
f 4564/4564/4564 4566/4566/4566 4512/4512/4512 
f 4514/4514/4514 4564/4564/4564 4512/4512/4512 
f 4562/4562/4562 4564/4564/4564 4514/4514/4514 
f 4516/4516/4516 4562/4562/4562 4514/4514/4514 
f 4560/4560/4560 4562/4562/4562 4516/4516/4516 
f 4518/4518/4518 4560/4560/4560 4516/4516/4516 
f 4558/4558/4558 4560/4560/4560 4518/4518/4518 
f 4520/4520/4520 4558/4558/4558 4518/4518/4518 
f 4556/4556/4556 4558/4558/4558 4520/4520/4520 
f 4522/4522/4522 4556/4556/4556 4520/4520/4520 
f 4554/4554/4554 4556/4556/4556 4522/4522/4522 
f 4524/4524/4524 4554/4554/4554 4522/4522/4522 
f 4552/4552/4552 4554/4554/4554 4524/4524/4524 
f 4526/4526/4526 4552/4552/4552 4524/4524/4524 
f 4550/4550/4550 4552/4552/4552 4526/4526/4526 
f 4528/4528/4528 4550/4550/4550 4526/4526/4526 
f 4548/4548/4548 4550/4550/4550 4528/4528/4528 
f 4530/4530/4530 4548/4548/4548 4528/4528/4528 
f 4546/4546/4546 4548/4548/4548 4530/4530/4530 
f 4532/4532/4532 4546/4546/4546 4530/4530/4530 

