# Created by DisUnity v0.3.2
v 0.38479888 1.1039957 -2.916983
v 0.35346788 1.1243119 -2.935125
v 0.35346788 1.1039957 -2.935125
v 0.38479888 1.1243119 -2.916983
v 0.35346788 1.1039957 -2.935125
v 0.33763304 1.1243119 -2.9351456
v 0.33763304 1.1039957 -2.9351456
v 0.35346788 1.1243119 -2.935125
v 0.33763304 1.1039957 -2.9351456
v 0.30625573 1.1243119 -2.917083
v 0.30625573 1.1039957 -2.917083
v 0.33763304 1.1243119 -2.9351456
v 0.30625573 1.1039957 -2.917083
v 0.29832065 1.124312 -2.9033797
v 0.29832065 1.1039959 -2.9033797
v 0.30625573 1.1243119 -2.917083
v 0.29832065 1.124312 -2.9033797
v 0.29832065 1.1039959 -2.9033797
v 0.2982746 1.124312 -2.8671746
v 0.2982746 1.1039959 -2.8671746
v 0.29832065 1.124312 -2.9033797
v 0.2982746 1.1039959 -2.8671746
v 0.30617455 1.1243119 -2.8534515
v 0.30617455 1.1039957 -2.8534515
v 0.2982746 1.124312 -2.8671746
v 0.30617455 1.1039957 -2.8534515
v 0.3375056 1.1243119 -2.835309
v 0.3375056 1.1039957 -2.835309
v 0.30617455 1.1243119 -2.8534515
v 0.3375056 1.1039957 -2.835309
v 0.3533407 1.1243119 -2.835289
v 0.3533407 1.1039957 -2.835289
v 0.3375056 1.1243119 -2.835309
v 0.3533407 1.1039957 -2.835289
v 0.38471788 1.1243119 -2.8533514
v 0.38471788 1.1039957 -2.8533514
v 0.3533407 1.1243119 -2.835289
v 0.38471788 1.1039957 -2.8533514
v 0.3926528 1.1243119 -2.867056
v 0.3926528 1.1039957 -2.867056
v 0.38471788 1.1243119 -2.8533514
v 0.3926528 1.1243119 -2.867056
v 0.3926528 1.1039957 -2.867056
v 0.3926989 1.1243119 -2.9032595
v 0.3926989 1.1039957 -2.9032595
v 0.3926528 1.1243119 -2.867056
v 0.3926989 1.1039957 -2.9032595
v 0.38479888 1.1243119 -2.916983
v 0.38479888 1.1039957 -2.916983
v 0.3926989 1.1243119 -2.9032595
v 0.35584217 1.1253467 -2.8911273
v 0.34548682 1.1256256 -2.885218
v 0.34554645 1.1253467 -2.8971405
v 0.3351911 1.1253467 -2.8912308
v 0.3351316 1.1253467 -2.8793077
v 0.34548682 1.1256256 -2.885218
v 0.34542722 1.1253467 -2.8732946
v 0.35578242 1.1253467 -2.8792048
v 0.38479888 1.1243119 -2.916983
v 0.35382992 1.1230007 -2.9218817
v 0.35346788 1.1243119 -2.935125
v 0.3733221 1.1230007 -2.9104974
v 0.33834523 1.130962 -2.9306176
v 0.35325348 1.1342776 -2.9193492
v 0.3380622 1.1342776 -2.919425
v 0.352744 1.130962 -2.9305987
v 0.34562102 1.1367266 -2.9120626
v 0.33763304 1.1243119 -2.9351456
v 0.3179057 1.1230007 -2.9107752
v 0.30625573 1.1243119 -2.917083
v 0.3375111 1.1230007 -2.9219635
v 0.30259854 1.130962 -2.9017322
v 0.31981128 1.1342776 -2.9090097
v 0.31214976 1.1342776 -2.8958914
v 0.309814 1.130962 -2.9141934
v 0.3223056 1.1367266 -2.8987567
v 0.29832065 1.124312 -2.9033797
v 0.30956274 1.1230007 -2.8741105
v 0.2982746 1.124312 -2.8671746
v 0.30967548 1.1230007 -2.896684
v 0.30974007 1.130962 -2.8563325
v 0.31204468 1.1342776 -2.8748782
v 0.31957448 1.1342776 -2.861684
v 0.30255678 1.130962 -2.8688116
v 0.32217133 1.1367266 -2.8719118
v 0.30617455 1.1243119 -2.8534515
v 0.33714375 1.1230007 -2.8485522
v 0.3375056 1.1243119 -2.835309
v 0.3176514 1.1230007 -2.8599367
v 0.3526283 1.130962 -2.8398178
v 0.33772013 1.1342776 -2.8510854
v 0.35291153 1.1342776 -2.85101
v 0.3382295 1.130962 -2.8398356
v 0.34535247 1.1367266 -2.858373
v 0.3533407 1.1243119 -2.835289
v 0.37306792 1.1230007 -2.8596597
v 0.38471788 1.1243119 -2.8533514
v 0.35346252 1.1230007 -2.848471
v 0.38837492 1.130962 -2.868702
v 0.3711624 1.1342776 -2.8614254
v 0.3788236 1.1342776 -2.8745434
v 0.3811597 1.130962 -2.8562417
v 0.36866787 1.1367266 -2.871679
v 0.3926528 1.1243119 -2.867056
v 0.38141075 1.1230007 -2.8963244
v 0.3926989 1.1243119 -2.9032595
v 0.38129783 1.1230007 -2.8737514
v 0.38123333 1.130962 -2.9141023
v 0.3789288 1.1342776 -2.8955567
v 0.37139913 1.1342776 -2.9087512
v 0.38841674 1.130962 -2.9016232
v 0.36880222 1.1367266 -2.8985236
v 0.35346788 1.1243119 -2.935125
v 0.33834523 1.130962 -2.9306176
v 0.33763304 1.1243119 -2.9351456
v 0.352744 1.130962 -2.9305987
v 0.35382992 1.1230007 -2.9218817
v 0.352744 1.130962 -2.9305987
v 0.35346788 1.1243119 -2.935125
v 0.35382992 1.1230007 -2.9218817
v 0.35325348 1.1342776 -2.9193492
v 0.30625573 1.1243119 -2.917083
v 0.30259854 1.130962 -2.9017322
v 0.29832065 1.124312 -2.9033797
v 0.309814 1.130962 -2.9141934
v 0.3179057 1.1230007 -2.9107752
v 0.309814 1.130962 -2.9141934
v 0.30625573 1.1243119 -2.917083
v 0.31981128 1.1342776 -2.9090097
v 0.2982746 1.124312 -2.8671746
v 0.30974007 1.130962 -2.8563325
v 0.30617455 1.1243119 -2.8534515
v 0.30255678 1.130962 -2.8688116
v 0.30956274 1.1230007 -2.8741105
v 0.30255678 1.130962 -2.8688116
v 0.2982746 1.124312 -2.8671746
v 0.30956274 1.1230007 -2.8741105
v 0.31204468 1.1342776 -2.8748782
v 0.3375056 1.1243119 -2.835309
v 0.3526283 1.130962 -2.8398178
v 0.3533407 1.1243119 -2.835289
v 0.3382295 1.130962 -2.8398356
v 0.33714375 1.1230007 -2.8485522
v 0.3382295 1.130962 -2.8398356
v 0.3375056 1.1243119 -2.835309
v 0.33714375 1.1230007 -2.8485522
v 0.33772013 1.1342776 -2.8510854
v 0.38471788 1.1243119 -2.8533514
v 0.38837492 1.130962 -2.868702
v 0.3926528 1.1243119 -2.867056
v 0.3811597 1.130962 -2.8562417
v 0.37306792 1.1230007 -2.8596597
v 0.3811597 1.130962 -2.8562417
v 0.38471788 1.1243119 -2.8533514
v 0.3711624 1.1342776 -2.8614254
v 0.3926989 1.1243119 -2.9032595
v 0.38123333 1.130962 -2.9141023
v 0.38479888 1.1243119 -2.916983
v 0.38841674 1.130962 -2.9016232
v 0.38141075 1.1230007 -2.8963244
v 0.38841674 1.130962 -2.9016232
v 0.3926989 1.1243119 -2.9032595
v 0.38141075 1.1230007 -2.8963244
v 0.3789288 1.1342776 -2.8955567
v 0.35382992 1.1230007 -2.9218817
v 0.37139913 1.1342776 -2.9087512
v 0.35325348 1.1342776 -2.9193492
v 0.3733221 1.1230007 -2.9104974
v 0.3179057 1.1230007 -2.9107752
v 0.3380622 1.1342776 -2.919425
v 0.31981128 1.1342776 -2.9090097
v 0.3375111 1.1230007 -2.9219635
v 0.30956274 1.1230007 -2.8741105
v 0.31214976 1.1342776 -2.8958914
v 0.31204468 1.1342776 -2.8748782
v 0.30967548 1.1230007 -2.896684
v 0.33714375 1.1230007 -2.8485522
v 0.31957448 1.1342776 -2.861684
v 0.33772013 1.1342776 -2.8510854
v 0.3176514 1.1230007 -2.8599367
v 0.37306792 1.1230007 -2.8596597
v 0.35291153 1.1342776 -2.85101
v 0.3711624 1.1342776 -2.8614254
v 0.35346252 1.1230007 -2.848471
v 0.38141075 1.1230007 -2.8963244
v 0.3788236 1.1342776 -2.8745434
v 0.3789288 1.1342776 -2.8955567
v 0.38129783 1.1230007 -2.8737514
v 0.3375111 1.1230007 -2.9219635
v 0.33834523 1.130962 -2.9306176
v 0.3380622 1.1342776 -2.919425
v 0.3375111 1.1230007 -2.9219635
v 0.33763304 1.1243119 -2.9351456
v 0.30967548 1.1230007 -2.896684
v 0.30259854 1.130962 -2.9017322
v 0.31214976 1.1342776 -2.8958914
v 0.30967548 1.1230007 -2.896684
v 0.29832065 1.124312 -2.9033797
v 0.3176514 1.1230007 -2.8599367
v 0.30974007 1.130962 -2.8563325
v 0.31957448 1.1342776 -2.861684
v 0.30617455 1.1243119 -2.8534515
v 0.35346252 1.1230007 -2.848471
v 0.3526283 1.130962 -2.8398178
v 0.35291153 1.1342776 -2.85101
v 0.35346252 1.1230007 -2.848471
v 0.3533407 1.1243119 -2.835289
v 0.38129783 1.1230007 -2.8737514
v 0.38837492 1.130962 -2.868702
v 0.3788236 1.1342776 -2.8745434
v 0.38129783 1.1230007 -2.8737514
v 0.3926528 1.1243119 -2.867056
v 0.3733221 1.1230007 -2.9104974
v 0.38123333 1.130962 -2.9141023
v 0.37139913 1.1342776 -2.9087512
v 0.38479888 1.1243119 -2.916983
v 0.37139913 1.1342776 -2.9087512
v 0.34562102 1.1367266 -2.9120626
v 0.35325348 1.1342776 -2.9193492
v 0.36880222 1.1367266 -2.8985236
v 0.3380622 1.1342776 -2.919425
v 0.3223056 1.1367266 -2.8987567
v 0.31981128 1.1342776 -2.9090097
v 0.34562102 1.1367266 -2.9120626
v 0.31214976 1.1342776 -2.8958914
v 0.32217133 1.1367266 -2.8719118
v 0.31204468 1.1342776 -2.8748782
v 0.3223056 1.1367266 -2.8987567
v 0.31957448 1.1342776 -2.861684
v 0.34535247 1.1367266 -2.858373
v 0.33772013 1.1342776 -2.8510854
v 0.32217133 1.1367266 -2.8719118
v 0.35291153 1.1342776 -2.85101
v 0.36866787 1.1367266 -2.871679
v 0.3711624 1.1342776 -2.8614254
v 0.34535247 1.1367266 -2.858373
v 0.3788236 1.1342776 -2.8745434
v 0.36880222 1.1367266 -2.8985236
v 0.3789288 1.1342776 -2.8955567
v 0.36866787 1.1367266 -2.871679
v 0.36880222 1.1367266 -2.8985236
v 0.34554645 1.1253467 -2.8971405
v 0.34562102 1.1367266 -2.9120626
v 0.35584217 1.1253467 -2.8911273
v 0.34562102 1.1367266 -2.9120626
v 0.3351911 1.1253467 -2.8912308
v 0.3223056 1.1367266 -2.8987567
v 0.34554645 1.1253467 -2.8971405
v 0.3223056 1.1367266 -2.8987567
v 0.3351316 1.1253467 -2.8793077
v 0.32217133 1.1367266 -2.8719118
v 0.3351911 1.1253467 -2.8912308
v 0.32217133 1.1367266 -2.8719118
v 0.34542722 1.1253467 -2.8732946
v 0.34535247 1.1367266 -2.858373
v 0.3351316 1.1253467 -2.8793077
v 0.34535247 1.1367266 -2.858373
v 0.35578242 1.1253467 -2.8792048
v 0.36866787 1.1367266 -2.871679
v 0.34542722 1.1253467 -2.8732946
v 0.36866787 1.1367266 -2.871679
v 0.35584217 1.1253467 -2.8911273
v 0.36880222 1.1367266 -2.8985236
v 0.35578242 1.1253467 -2.8792048
v 0.6049089 0.9472963 -2.852406
v 0.54429704 0.96971893 -2.930959
v 0.56452096 0.9325058 -2.8805707
v 0.57946074 0.99513614 -2.9153893
v 0.55649054 1.0293468 -2.964157
v 0.52238744 0.99958974 -2.9745202
v 0.533142 1.0496423 -3.0010104
v 0.5030058 1.0157695 -3.0030603
v 0.49915037 1.0627699 -3.0394824
v 0.48490512 1.0240963 -3.0235422
v 0.4922358 1.0639985 -3.0458064
v 0.48877367 1.0646136 -3.048973
v 0.4695175 1.0675818 -3.0657318
v 0.45541915 1.0306262 -3.0511138
v 0.41038698 1.0760111 -3.1145208
v 0.41012722 1.0395914 -3.0908954
v 0.3493007 1.083641 -3.1609552
v 0.3397634 1.0523714 -3.1478329
v 0.32852048 1.0860043 -3.1758952
v 0.31568888 1.056428 -3.1660705
v 0.28635052 1.09049 -3.2049675
v 0.2666684 1.0641909 -3.2014406
v 0.50021195 1.0658907 -3.035988
v 0.49329227 1.0671386 -3.0430634
v 0.48838085 1.0692497 -3.0461974
v 0.5189401 1.0654526 -2.9315484
v 0.51436543 1.0677891 -2.9364495
v 0.45703283 1.1073661 -3.0648134
v 0.282561 1.0933104 -3.2034295
v 0.26244617 1.0667858 -3.1992357
v 0.28636256 1.0919242 -3.2051523
v 0.3058536 1.1223807 -3.1823864
v 0.30207574 1.1233844 -3.180693
v 0.30754396 1.1233052 -3.1808987
v 0.30657113 1.1252699 -3.179053
v 0.3259224 1.1213958 -3.1687207
v 0.3248158 1.1235627 -3.1668603
v 0.32816702 1.1199521 -3.167516
v 0.32907408 1.120535 -3.1657598
v 0.346454 1.0853927 -3.163211
v 0.34526488 1.0890713 -3.1606014
v 0.34847966 1.0870473 -3.1590374
v 0.40555423 1.0781927 -3.1185079
v 0.399848 1.0809448 -3.1139429
v 0.40340376 1.0819781 -3.1148348
v 0.4283328 1.1090118 -3.0901484
v 0.4248247 1.1105586 -3.089044
v 0.43136615 1.1104743 -3.0871234
v 0.43018016 1.1126513 -3.0853713
v 0.45316482 1.108081 -3.0688174
v 0.45193726 1.1102362 -3.0671203
v 0.45661575 1.1064056 -3.0662506
v 0.45286995 1.1012648 -3.071272
v 0.47543097 1.0682361 -3.0608392
v 0.450139 1.1031764 -3.0730975
v 0.43200868 1.1051625 -3.0882342
v 0.42990822 1.1040894 -3.0903533
v 0.41534582 1.0775348 -3.110523
v 0.47128534 1.0720878 -3.062605
v 0.4512805 1.0999129 -3.0715795
v 0.44985002 1.1016477 -3.0729983
v 0.44784552 1.0952178 -3.0694113
v 0.44963855 1.0946537 -3.068634
v 0.4485143 1.0933094 -3.0689762
v 0.43130988 1.0970216 -3.0833452
v 0.43082032 1.0954245 -3.083798
v 0.43177748 1.1036587 -3.088109
v 0.43045437 1.103052 -3.0895019
v 0.4299908 1.0964134 -3.0847402
v 0.4177716 1.080652 -3.1069238
v 0.4182685 1.0795323 -3.1063728
v 0.4696822 1.0723128 -3.0639284
v 0.4696822 1.0723128 -3.0639284
v 0.5664591 0.92850536 -2.873351
v 0.60666996 0.9439581 -2.8463104
v 0.60839856 0.9475476 -2.8459058
v 0.5826972 0.9954841 -2.909782
v 0.5570658 1.0334197 -2.9634564
v 0.5339079 1.0529709 -2.9986908
v 0.55539596 1.0554105 -2.8892717
v 0.53147 1.0633126 -2.91901
v 0.5796669 1.0458905 -2.8619118
v 0.6131934 1.0070959 -2.802002
v 0.6637331 0.90071595 -2.669465
v 0.66340184 0.8960147 -2.6666505
v 0.6468335 0.8864196 -2.683332
v 0.63775486 0.8878319 -2.6970236
v 0.5633408 0.9272694 -2.8720942
v 0.5576402 0.932268 -2.8781183
v 0.5377121 0.9690273 -2.928185
v 0.51681626 0.99804825 -2.9714296
v 0.4986619 1.0138487 -3.000053
v 0.48158294 1.0220301 -3.0207324
v 0.45246917 1.0284936 -3.0483136
v 0.40732896 1.0373964 -3.0880094
v 0.3372006 1.0500487 -3.144838
v 0.31321362 1.0540637 -3.1630523
v 0.26482973 1.0619265 -3.1992266
v 0.2621667 1.0629985 -3.1987493
v 0.252508 1.0565493 -3.155699
v 0.2528953 1.0604405 -3.1576867
v 0.2782521 1.0958183 -3.1542315
v 0.30062288 1.126215 -3.1507492
v 0.30409715 1.1282467 -3.1486638
v 0.32795474 1.1266243 -3.127987
v 0.3327397 1.1236624 -3.1220517
v 0.35172543 1.0900292 -3.0891345
v 0.35486948 1.08795 -3.0858858
v 0.39844528 1.0828234 -3.0460854
v 0.399848 1.0809448 -3.1139429
v 0.4025785 1.0808252 -3.0402918
v 0.4025785 1.0808252 -3.0402918
v 0.42531508 1.1149857 -3.0397296
v 0.43107527 1.1174964 -3.0357177
v 0.46340755 1.114153 -3.0059237
v 0.4698743 1.1113322 -2.998396
v 0.32463038 1.1142426 -3.1718383
v 0.33387023 1.0868226 -3.172271
v 0.322926 1.1167762 -3.1723187
v 0.3100724 1.118577 -3.180881
v 0.30777305 1.1171807 -3.182956
v 0.29595095 1.0909363 -3.1986802
v 0.3225078 1.1134659 -3.1719866
v 0.33012432 1.0927459 -3.1725714
v 0.32882246 1.0920519 -3.1729517
v 0.33270195 1.0877688 -3.1726663
v 0.3202084 1.1083959 -3.1697664
v 0.31868523 1.1074017 -3.1700344
v 0.31840485 1.1092159 -3.170065
v 0.32140568 1.1158131 -3.1729462
v 0.30988 1.1170288 -3.1807625
v 0.30851963 1.116134 -3.1819415
v 0.30933326 1.1101235 -3.1763296
v 0.3088635 1.1085366 -3.1767354
v 0.30799633 1.1094934 -3.177682
v 0.29947522 1.0960293 -3.1930842
v 0.29995427 1.0953182 -3.192768
v 0.29700646 1.0921285 -3.197547
v 0.2973574 1.0914654 -3.1974413
v 0.2542429 1.0550393 -3.1531703
v 0.28955492 1.0491158 -3.1205008
v 0.32486984 1.043223 -3.0878377
v 0.39497647 1.0308269 -3.0220587
v 0.4291091 1.023803 -2.9883645
v 0.4637576 1.0173378 -2.955095
v 0.469857 1.0159159 -2.9490006
v 0.4922478 1.0060858 -2.9241204
v 0.52247643 0.97692496 -2.881158
v 0.5581819 0.91713303 -2.8108
v 0.5610666 0.9153331 -2.8065355
v 0.43045437 1.103052 -3.0895019
v 0.41534582 1.0775348 -3.110523
v 0.4177716 1.080652 -3.1069238
v 0.42990822 1.1040894 -3.0903533
v 0.43045437 1.103052 -3.0895019
v 0.4177716 1.080652 -3.1069238
v 0.4299908 1.0964134 -3.0847402
v 0.44963855 1.0946537 -3.068634
v 0.4696822 1.0723128 -3.0639284
v 0.47128534 1.0720878 -3.062605
v 0.4485143 1.0933094 -3.0689762
v 0.4696822 1.0723128 -3.0639284
v 0.43082032 1.0954245 -3.083798
v 0.4182685 1.0795323 -3.1063728
v 0.4485143 1.0933094 -3.0689762
v 0.11019218 0.7405254 -0.017375838
v 0.09252706 0.7581905 0.031081216
v 0.09252706 0.7581905 -0.017375838
v 0.11019218 0.7405254 0.031081216
v 0.09252706 0.7581905 -0.017375838
v 0.06839609 0.7646563 0.031081216
v 0.06839609 0.7646563 -0.017375838
v 0.09252706 0.7581905 0.031081216
v 0.06839609 0.7646563 -0.017375838
v 0.044265106 0.7581905 0.031081216
v 0.044265106 0.7581905 -0.017375836
v 0.06839609 0.7646563 -0.017375838
v 0.06839609 0.7646563 0.031081216
v 0.044265106 0.7581905 -0.017375836
v 0.026599988 0.7405254 0.031081216
v 0.026599988 0.7405254 -0.017375836
v 0.044265106 0.7581905 0.031081216
v 0.026599988 0.7405254 -0.017375836
v 0.020134116 0.7163943 0.031081216
v 0.020134116 0.7163943 -0.017375836
v 0.026599988 0.7405254 0.031081216
v 0.020134116 0.7163943 -0.017375836
v 0.026599988 0.6922634 0.031081216
v 0.026599988 0.6922634 -0.017375836
v 0.020134116 0.7163943 0.031081216
v 0.026599988 0.6922634 -0.017375836
v 0.044265106 0.6745983 0.031081216
v 0.044265106 0.6745983 -0.017375836
v 0.026599988 0.6922634 0.031081216
v 0.044265106 0.6745983 -0.017375836
v 0.06839609 0.6681325 0.031081216
v 0.06839609 0.6681325 -0.017375838
v 0.044265106 0.6745983 0.031081216
v 0.06839609 0.6681325 -0.017375838
v 0.09252706 0.6745983 0.031081216
v 0.09252706 0.6745983 -0.017375838
v 0.06839609 0.6681325 -0.017375838
v 0.06839609 0.6681325 0.031081216
v 0.09252706 0.6745983 -0.017375838
v 0.11019218 0.6922634 0.031081216
v 0.11019218 0.6922634 -0.017375838
v 0.09252706 0.6745983 0.031081216
v 0.11019218 0.6922634 -0.017375838
v 0.11665805 0.7163943 0.031081216
v 0.11665805 0.7163943 -0.017375838
v 0.11019218 0.6922634 0.031081216
v 0.11665805 0.7163943 -0.017375838
v 0.11019218 0.7405254 0.031081216
v 0.11019218 0.7405254 -0.017375838
v 0.11665805 0.7163943 0.031081216
v 0.09976938 0.73450774 0.009385235
v 0.06839609 0.7163943 0.009385235
v 0.08650945 0.74776757 0.009385235
v 0.06839609 0.752621 0.009385235
v 0.050282683 0.74776757 0.009385235
v 0.037022762 0.73450774 0.009385235
v 0.03216931 0.7163943 0.009385235
v 0.037022762 0.6982809 0.009385235
v 0.050282683 0.68502086 0.009385235
v 0.06839609 0.6801674 0.009385235
v 0.08650945 0.68502086 0.009385235
v 0.09976938 0.6982809 0.009385235
v 0.104622856 0.7163943 0.009385235
v 0.11019218 0.7405254 0.031081216
v 0.09111269 0.7557407 0.031081216
v 0.09252706 0.7581905 0.031081216
v 0.10774246 0.73911107 0.031081216
v 0.06839609 0.7618276 0.031081216
v 0.06839609 0.7646563 0.031081216
v 0.045679443 0.7557407 0.031081216
v 0.044265106 0.7581905 0.031081216
v 0.029049704 0.73911107 0.031081216
v 0.026599988 0.7405254 0.031081216
v 0.022962818 0.7163943 0.031081216
v 0.020134116 0.7163943 0.031081216
v 0.029049704 0.6936777 0.031081216
v 0.026599988 0.6922634 0.031081216
v 0.045679443 0.67704797 0.031081216
v 0.044265106 0.6745983 0.031081216
v 0.06839609 0.67096114 0.031081216
v 0.06839609 0.6681325 0.031081216
v 0.09111269 0.67704797 0.031081216
v 0.09252706 0.6745983 0.031081216
v 0.10774246 0.6936777 0.031081216
v 0.11019218 0.6922634 0.031081216
v 0.11382938 0.7163943 0.031081216
v 0.11665805 0.7163943 0.031081216
v 0.10774246 0.73911107 0.031081216
v 0.09111269 0.7557407 0.026757251
v 0.09111269 0.7557407 0.031081216
v 0.10774246 0.73911107 0.026757248
v 0.09111269 0.7557407 0.031081216
v 0.06839609 0.7618276 0.026757251
v 0.06839609 0.7618276 0.031081216
v 0.09111269 0.7557407 0.026757251
v 0.06839609 0.7618276 0.031081216
v 0.045679443 0.7557407 0.026757251
v 0.045679443 0.7557407 0.031081216
v 0.06839609 0.7618276 0.026757251
v 0.045679443 0.7557407 0.031081216
v 0.029049704 0.73911107 0.026757251
v 0.029049704 0.73911107 0.031081216
v 0.045679443 0.7557407 0.026757251
v 0.029049704 0.73911107 0.031081216
v 0.022962818 0.7163943 0.026757251
v 0.022962818 0.7163943 0.031081216
v 0.029049704 0.73911107 0.031081216
v 0.029049704 0.73911107 0.026757251
v 0.022962818 0.7163943 0.026757251
v 0.022962818 0.7163943 0.031081216
v 0.029049704 0.6936777 0.026757251
v 0.029049704 0.6936777 0.031081216
v 0.022962818 0.7163943 0.031081216
v 0.022962818 0.7163943 0.026757251
v 0.029049704 0.6936777 0.031081216
v 0.045679443 0.67704797 0.026757251
v 0.045679443 0.67704797 0.031081216
v 0.029049704 0.6936777 0.026757251
v 0.045679443 0.67704797 0.031081216
v 0.06839609 0.67096114 0.026757251
v 0.06839609 0.67096114 0.031081216
v 0.045679443 0.67704797 0.026757251
v 0.06839609 0.67096114 0.031081216
v 0.09111269 0.67704797 0.026757251
v 0.09111269 0.67704797 0.031081216
v 0.06839609 0.67096114 0.026757251
v 0.09111269 0.67704797 0.031081216
v 0.10774246 0.6936777 0.026757248
v 0.10774246 0.6936777 0.031081216
v 0.09111269 0.67704797 0.026757251
v 0.10774246 0.6936777 0.031081216
v 0.11382938 0.7163943 0.026757248
v 0.11382938 0.7163943 0.031081216
v 0.10774246 0.6936777 0.031081216
v 0.10774246 0.6936777 0.026757248
v 0.11382938 0.7163943 0.026757248
v 0.11382938 0.7163943 0.031081216
v 0.10774246 0.73911107 0.026757248
v 0.10774246 0.73911107 0.031081216
v 0.11382938 0.7163943 0.031081216
v 0.11382938 0.7163943 0.026757248
v 0.10774246 0.73911107 0.026757248
v 0.089773424 0.753421 0.026757251
v 0.09111269 0.7557407 0.026757251
v 0.10542272 0.7377717 0.026757248
v 0.06839609 0.759149 0.026757251
v 0.06839609 0.7618276 0.026757251
v 0.047018748 0.753421 0.026757251
v 0.045679443 0.7557407 0.026757251
v 0.031369433 0.7377717 0.026757251
v 0.029049704 0.73911107 0.026757251
v 0.025641412 0.7163943 0.026757251
v 0.11382938 0.7163943 0.026757248
v 0.11115077 0.7163943 0.026757248
v 0.10774246 0.6936777 0.026757248
v 0.029049704 0.73911107 0.026757251
v 0.022962818 0.7163943 0.026757251
v 0.031369433 0.695017 0.026757251
v 0.029049704 0.6936777 0.026757251
v 0.047018748 0.67936766 0.026757251
v 0.045679443 0.67704797 0.026757251
v 0.06839609 0.67363966 0.026757251
v 0.06839609 0.67096114 0.026757251
v 0.089773424 0.67936766 0.026757251
v 0.09111269 0.67704797 0.026757251
v 0.10542272 0.695017 0.026757248
v 0.10774246 0.6936777 0.026757248
v 0.10542272 0.7377717 0.026757248
v 0.088079594 0.7504872 0.03316219
v 0.089773424 0.753421 0.026757251
v 0.102488935 0.73607785 0.033162184
v 0.089773424 0.753421 0.026757251
v 0.06839609 0.75576127 0.03316219
v 0.06839609 0.759149 0.026757251
v 0.088079594 0.7504872 0.03316219
v 0.06839609 0.759149 0.026757251
v 0.04871256 0.7504872 0.03316219
v 0.047018748 0.753421 0.026757251
v 0.06839609 0.75576127 0.03316219
v 0.047018748 0.753421 0.026757251
v 0.034303226 0.73607785 0.03316219
v 0.031369433 0.7377717 0.026757251
v 0.04871256 0.7504872 0.03316219
v 0.031369433 0.7377717 0.026757251
v 0.02902905 0.7163943 0.03316219
v 0.025641412 0.7163943 0.026757251
v 0.034303226 0.73607785 0.03316219
v 0.025641412 0.7163943 0.026757251
v 0.034303226 0.6967108 0.03316219
v 0.031369433 0.695017 0.026757251
v 0.02902905 0.7163943 0.03316219
v 0.031369433 0.695017 0.026757251
v 0.04871256 0.68230146 0.03316219
v 0.047018748 0.67936766 0.026757251
v 0.034303226 0.6967108 0.03316219
v 0.047018748 0.67936766 0.026757251
v 0.06839609 0.67702717 0.03316219
v 0.06839609 0.67363966 0.026757251
v 0.04871256 0.68230146 0.03316219
v 0.06839609 0.67363966 0.026757251
v 0.088079594 0.68230146 0.03316219
v 0.089773424 0.67936766 0.026757251
v 0.06839609 0.67702717 0.03316219
v 0.089773424 0.67936766 0.026757251
v 0.102488935 0.6967108 0.033162184
v 0.10542272 0.695017 0.026757248
v 0.088079594 0.68230146 0.03316219
v 0.10542272 0.695017 0.026757248
v 0.1077631 0.7163943 0.033162184
v 0.11115077 0.7163943 0.026757248
v 0.102488935 0.6967108 0.033162184
v 0.11115077 0.7163943 0.026757248
v 0.102488935 0.73607785 0.033162184
v 0.10542272 0.7377717 0.026757248
v 0.1077631 0.7163943 0.033162184
v 0.102488935 0.73607785 0.033162184
v 0.08650945 0.74776757 0.03316219
v 0.088079594 0.7504872 0.03316219
v 0.09976938 0.73450774 0.033162184
v 0.06839609 0.752621 0.03316219
v 0.06839609 0.75576127 0.03316219
v 0.050282683 0.74776757 0.03316219
v 0.04871256 0.7504872 0.03316219
v 0.037022762 0.73450774 0.03316219
v 0.034303226 0.73607785 0.03316219
v 0.03216931 0.7163943 0.03316219
v 0.02902905 0.7163943 0.03316219
v 0.037022762 0.6982809 0.03316219
v 0.034303226 0.6967108 0.03316219
v 0.050282683 0.68502086 0.03316219
v 0.04871256 0.68230146 0.03316219
v 0.06839609 0.6801674 0.03316219
v 0.06839609 0.67702717 0.03316219
v 0.08650945 0.68502086 0.03316219
v 0.088079594 0.68230146 0.03316219
v 0.09976938 0.6982809 0.033162184
v 0.102488935 0.6967108 0.033162184
v 0.104622856 0.7163943 0.033162184
v 0.1077631 0.7163943 0.033162184
v 0.09976938 0.73450774 0.033162184
v 0.08650945 0.74776757 0.009385235
v 0.08650945 0.74776757 0.03316219
v 0.09976938 0.73450774 0.009385235
v 0.08650945 0.74776757 0.03316219
v 0.06839609 0.752621 0.009385235
v 0.06839609 0.752621 0.03316219
v 0.08650945 0.74776757 0.009385235
v 0.06839609 0.752621 0.03316219
v 0.050282683 0.74776757 0.009385235
v 0.050282683 0.74776757 0.03316219
v 0.06839609 0.752621 0.009385235
v 0.050282683 0.74776757 0.03316219
v 0.037022762 0.73450774 0.009385235
v 0.037022762 0.73450774 0.03316219
v 0.050282683 0.74776757 0.009385235
v 0.037022762 0.73450774 0.03316219
v 0.03216931 0.7163943 0.009385235
v 0.03216931 0.7163943 0.03316219
v 0.037022762 0.73450774 0.03316219
v 0.037022762 0.73450774 0.009385235
v 0.03216931 0.7163943 0.009385235
v 0.03216931 0.7163943 0.03316219
v 0.037022762 0.6982809 0.009385235
v 0.037022762 0.6982809 0.03316219
v 0.03216931 0.7163943 0.03316219
v 0.03216931 0.7163943 0.009385235
v 0.037022762 0.6982809 0.009385235
v 0.037022762 0.6982809 0.03316219
v 0.050282683 0.68502086 0.009385235
v 0.050282683 0.68502086 0.03316219
v 0.037022762 0.6982809 0.009385235
v 0.050282683 0.68502086 0.03316219
v 0.06839609 0.6801674 0.009385235
v 0.06839609 0.6801674 0.03316219
v 0.050282683 0.68502086 0.009385235
v 0.06839609 0.6801674 0.03316219
v 0.08650945 0.68502086 0.009385235
v 0.08650945 0.68502086 0.03316219
v 0.06839609 0.6801674 0.009385235
v 0.08650945 0.68502086 0.03316219
v 0.09976938 0.6982809 0.009385235
v 0.09976938 0.6982809 0.033162184
v 0.08650945 0.68502086 0.009385235
v 0.09976938 0.6982809 0.033162184
v 0.104622856 0.7163943 0.009385235
v 0.104622856 0.7163943 0.033162184
v 0.09976938 0.6982809 0.033162184
v 0.09976938 0.6982809 0.009385235
v 0.104622856 0.7163943 0.009385235
v 0.104622856 0.7163943 0.033162184
v 0.09976938 0.73450774 0.009385235
v 0.09976938 0.73450774 0.033162184
v 0.104622856 0.7163943 0.033162184
v 0.104622856 0.7163943 0.009385235
v 0.09976938 0.73450774 0.009385235
v 0.47399554 0.71241903 0.10893999
v 0.51405096 0.67420334 0.095799714
v 0.5026385 0.66806906 0.10065423
v 0.48455772 0.7169507 0.10461189
v 0.51050264 0.6648808 0.097608835
v 0.5147932 0.6649273 0.09586935
v 0.5174426 0.6725668 0.09450232
v 0.5923603 0.67191464 0.06376927
v 0.59319246 0.6806076 0.06321015
v 0.61171126 0.6736228 0.055637676
v 0.5969162 0.6824148 0.061614197
v 0.61423653 0.68811476 0.054242007
v 0.5988966 0.6862689 0.060685728
v 0.51456946 0.6758743 0.09506452
v 0.4859165 0.7185311 0.10352429
v 0.5184707 0.67469746 0.09324194
v 0.59182984 0.68372977 0.06075705
v 0.52292 0.6763629 0.08927374
v 0.5202619 0.6787943 0.087533474
v 0.5508541 0.6833671 0.05497689
v 0.5471113 0.6852791 0.055645827
v 0.59360665 0.68475837 0.059294637
v 0.59449804 0.68676436 0.058227457
v 0.5903262 0.68790936 0.038648255
v 0.58875775 0.68732536 0.039070047
v 0.5916897 0.6900513 0.0383855
v 0.5110847 0.6931902 0.09007996
v 0.5076224 0.6944564 0.093106076
v 0.5031324 0.7014665 0.094281994
v 0.4913114 0.71878433 0.097756416
v 0.48665366 0.7272077 0.101913966
v 0.48428476 0.7189095 0.10358986
v 0.48304403 0.71788496 0.10390045
v 0.48505968 0.7276847 0.10181093
v 0.49201128 0.720582 0.09713668
v 0.49342617 0.71785724 0.096027814
v 0.49481115 0.7199959 0.094936214
v 0.49887678 0.7178388 0.09033344
v 0.499159 0.72101074 0.09123205
v 0.50428194 0.70412505 0.09180008
v 0.5190651 0.72279066 0.066632055
v 0.520369 0.7263512 0.066648774
v 0.5043192 0.7007536 0.09385695
v 0.50572747 0.7034481 0.09189103
v 0.50795615 0.69590294 0.092707
v 0.51147884 0.6951077 0.08986419
v 0.53722364 0.6991593 0.05938932
v 0.53803396 0.70191383 0.059739668
v 0.52587944 0.7161944 0.064803235
v 0.52331465 0.71729594 0.06496286
v 0.59983724 0.73245555 0.05420515
v 0.6006692 0.7375815 0.053614218
v 0.6037167 0.7418151 0.052936967
v 0.60213494 0.7333374 0.053625993
v 0.60713696 0.7371321 0.054931067
v 0.6140889 0.7800418 0.05007627
v 0.63030416 0.7864791 0.04320624
v 0.62295175 0.7414684 0.048256118
v 0.6010935 0.7277558 0.054079633
v 0.6064231 0.7633151 0.049237907
v 0.6010935 0.7277558 0.054079633
v 0.5974265 0.728672 0.053580422
v 0.60167855 0.74147946 0.050642975
v 0.6009645 0.7463267 0.032940622
v 0.59922785 0.7451398 0.03271255
v 0.5941131 0.7233019 0.03573312
v 0.5967545 0.72032225 0.03549062
v 0.5940819 0.7211689 0.034612756
v 0.58964974 0.69028527 0.03725542
v 0.55130726 0.6848043 0.05367078
v 0.5475649 0.6857191 0.05523722
v 0.53809637 0.7001739 0.058901213
v 0.5941131 0.7233019 0.03573312
v 0.6064231 0.7633151 0.049237907
v 0.61100966 0.77830374 0.051211298
v 0.6060541 0.76493466 0.04986441
v 0.61012244 0.7799691 0.05068067
v 0.61334336 0.7812317 0.049436297
v 0.62983006 0.7873857 0.04293363
v 0.63331985 0.7874069 0.04075265
v 0.63251084 0.7886828 0.040725578
v 0.65262455 0.7991298 0.00970039
v 0.6513922 0.8010615 0.00813939
v 0.625426 0.7370883 0.046586923
v 0.6164545 0.68446463 0.052195866
v 0.6145916 0.6739439 0.053239312
v 0.6409185 0.7302204 0.01707696
v 0.6330341 0.67693925 0.021369709
v 0.5211416 0.72538745 0.06547861
v 0.5246796 0.7177255 0.06416504
v 0.6001969 0.7471587 0.03158514
v 0.60057276 0.75589454 0.031000057
v 0.5210988 0.7267583 0.0666046
v 0.520369 0.7263512 0.066648774
v 0.6002113 0.7572818 0.03180964
v 0.6023529 0.75564957 0.03151665
v 0.60057276 0.75589454 0.031000057
v 0.6064231 0.7633151 0.049237907
v 0.6023529 0.75564957 0.03151665
v 0.6001969 0.7471587 0.03158514
v 0.6023529 0.75564957 0.03151665
v 0.6064231 0.7633151 0.049237907
v 0.47423595 0.7139782 0.10792131
v 0.6513922 0.8010615 0.00813939
v 0.65262455 0.7991298 0.0076318537
v 0.65262455 0.7991298 0.00970039
v 0.6513922 0.8010615 0.006070853
v 0.65262455 0.7991298 0.00970039
v 0.6409185 0.7302204 0.015008423
v 0.6409185 0.7302204 0.01707696
v 0.65262455 0.7991298 0.0076318537
v 0.6330341 0.67693925 0.019301172
v 0.6330341 0.67693925 0.021369709
v 0.6513922 0.8010615 0.006070853
v 0.66200554 0.80417603 -0.035789214
v 0.65262455 0.7991298 0.0076318537
v 0.66077316 0.80610776 -0.037350215
v 0.65262455 0.7991298 0.0076318537
v 0.65029943 0.7352666 -0.028412644
v 0.6409185 0.7302204 0.015008423
v 0.66200554 0.80417603 -0.035789214
v 0.64241505 0.68198544 -0.024119893
v 0.6330341 0.67693925 0.019301172
v 0.46712524 0.70828277 0.11693081
v 0.4930893 0.6537354 0.10905758
v 0.45858443 0.70450056 0.12078021
v 0.49918064 0.65957725 0.10652777
v 0.5002627 0.6513655 0.10614805
v 0.5001262 0.6594775 0.106145106
v 0.59522367 0.65939444 0.06165268
v 0.59768593 0.6683127 0.06583646
v 0.7143187 0.6719227 0.016103318
v 0.71415055 0.67854154 0.01592857
v 0.73473364 0.67470694 0.0070434497
v 0.73204863 0.68125355 0.00785761
v 0.7499774 0.68087614 -4.6531996E-4
v 0.7466139 0.6881451 4.0440998E-4
v 0.76153016 0.69382596 -0.0076359
v 0.7562645 0.69976467 -0.00580716
v 0.7898609 0.75713104 -0.03136569
v 0.78107464 0.7558135 -0.02660283
v 0.5023412 0.6650893 0.10233559
v 0.46991584 0.7099804 0.114340715
v 0.5923603 0.67191464 0.06376927
v 0.5041531 0.66297346 0.10288567
v 0.7277029 0.6842861 0.0053463303
v 0.71230507 0.6822143 0.012437379
v 0.75084645 0.70058155 -0.00883999
v 0.74347454 0.6911627 -0.00213837
v 0.6839238 0.68233377 -0.01855581
v 0.5923603 0.67191464 0.06376927
v 0.71240026 0.6841565 -0.02124136
v 0.73557484 0.68907446 -0.0219297
v 0.74735427 0.69786596 -0.02131783
v 0.77483165 0.75208837 -0.025781048
v 0.7721885 0.7520629 -0.02665755
v 0.68390834 0.68411964 -0.02020307
v 0.6779221 0.683879 -0.022891108
v 0.6780222 0.6821363 -0.021241369
v 0.60120404 0.67520636 0.01637556
v 0.634849 0.6786227 -0.00593224
v 0.6341915 0.67975986 -0.00737863
v 0.7111004 0.68629956 -0.022442158
v 0.7348242 0.69044673 -0.022891108
v 0.7460715 0.6990836 -0.022891108
v 0.7710078 0.75356346 -0.026523348
v 0.7758624 0.75442183 -0.02517727
v 0.7809214 0.7569728 -0.02653811
v 0.7898356 0.75907254 -0.031033758
v 0.7930596 0.75774467 -0.03513157
v 0.76270825 0.69056934 -0.009447719
v 0.748496 0.6760315 -0.0014613699
v 0.7354052 0.67097396 0.00455141
v 0.7142828 0.66791713 0.01375751
v 0.58563685 0.65471554 0.067434035
v 0.7943927 0.76092106 -0.034905236
v 0.7743056 0.75562704 -0.02511304
v 0.77695966 0.75734305 -0.024779247
v 0.76518655 0.775441 -0.02420687
v 0.7618643 0.7737796 -0.024993218
v 0.75823784 0.7724681 -0.025601858
v 0.7644695 0.77622664 -0.02352231
v 0.7613074 0.774824 -0.023775999
v 0.76475614 0.7776874 -0.0190259
v 0.7619194 0.7758539 -0.01872463
v 0.75897175 0.7764245 -0.02273823
v 0.7595945 0.7766976 -0.01861766
v 0.72673374 0.8253171 -0.022149788
v 0.72269064 0.8256436 -0.023767771
v 0.7284358 0.82451934 -0.016164048
v 0.76291543 0.7793836 -0.01634848
v 0.7320045 0.8267142 -0.013843279
v 0.79680634 0.84570843 -0.050496366
v 0.7968312 0.8465948 -0.04592181
v 0.79572845 0.8493735 -0.044232473
v 0.7961822 0.841847 -0.050176058
v 0.7838513 0.7826538 -0.03281469
v 0.78939694 0.7753498 -0.04728731
v 0.7991002 0.837762 -0.06418766
v 0.78863883 0.76155585 -0.030228969
v 0.7951581 0.76492995 -0.03605191
v 0.799205 0.76900625 -0.04703847
v 0.7977938 0.7710078 -0.047029197
v 0.8026028 0.77193624 -0.04950333
v 0.80192256 0.7732114 -0.050278977
v 0.8157839 0.7762391 -0.05399508
v 0.81545645 0.7779493 -0.055530656
v 0.81801015 0.7764408 -0.05699845
v 0.8183107 0.7987408 -0.1097792
v 0.816018 0.80065733 -0.1091651
v 0.80749345 0.79760313 -0.10519104
v 0.7976092 0.7801122 -0.06820755
v 0.4552472 0.7032464 0.120922245
v 0.49040428 0.6518798 0.109001376
v 0.49940145 0.6466945 0.102999225
v 0.59522367 0.65939444 0.06165268
v 0.58563685 0.65471554 0.067434035
v 0.49940145 0.6466945 0.102999225
v 0.7143187 0.6719227 0.016103318
v 0.5923603 0.67191464 0.06376927
v 0.60120404 0.67520636 0.01637556
v 0.5317121 0.66726005 0.0750785
v 0.60120404 0.67520636 0.01637556
v 0.6780222 0.6821363 -0.021241369
v 0.5317121 0.66726005 0.0750785
v 0.5576058 0.6733515 -0.0011908798
v 0.5320263 0.66994137 0.06749105
v 0.5539308 0.6753043 -0.0016769699
v 0.5006971 0.74085623 0.0358568
v 0.4925147 0.7271479 0.082192704
v 0.5287106 0.66998535 0.072670214
v 0.5317121 0.66726005 0.0750785
v 0.4904648 0.72513646 0.08572354
v 0.5923603 0.67191464 0.06376927
v 0.5041531 0.66297346 0.10288567
v 0.5317121 0.66726005 0.0750785
v 0.6560928 0.80451447 -0.022891268
v 0.6420566 0.71412385 -0.022891121
v 0.6805934 0.69199765 -0.022891158
v 0.6868373 0.69199574 -0.019869238
v 0.81801015 0.7764408 -0.05699845
v 0.81491935 0.7112034 -0.040859938
v 0.8157839 0.7762391 -0.05399508
v 0.8171497 0.7116943 -0.0439212
v 0.8171497 0.7116943 -0.0439212
v 0.8141858 0.7073103 -0.04424368
v 0.81491935 0.7112034 -0.040859938
v 0.8141858 0.7073103 -0.04424368
v 0.76856893 0.6936482 -0.024601102
v 0.81491935 0.7112034 -0.040859938
v 0.76468855 0.68871605 -0.02566286
v 0.76468855 0.68871605 -0.02566286
v 0.76575035 0.69367963 -0.02144664
v 0.76856893 0.6936482 -0.024601102
v 0.7620743 0.6863396 -0.02558297
v 0.76575035 0.69367963 -0.02144664
v 0.8026028 0.77193624 -0.04950333
v 0.76856893 0.6936482 -0.024601102
v 0.799205 0.76900625 -0.04703847
v 0.8026028 0.77193624 -0.04950333
v 0.81491935 0.7112034 -0.040859938
v 0.76856893 0.6936482 -0.024601102
v 0.8157839 0.7762391 -0.05399508
v 0.8171497 0.7116943 -0.0439212
v 0.8140504 0.70116657 -0.09172519
v 0.8141858 0.7073103 -0.04424368
v 0.81706494 0.7053024 -0.093490005
v 0.81801015 0.7764408 -0.05699845
v 0.81706494 0.7053024 -0.093490005
v 0.8171497 0.7116943 -0.0439212
v 0.8183107 0.7987408 -0.1097792
v 0.8141858 0.7073103 -0.04424368
v 0.7668527 0.6844736 -0.077606745
v 0.76468855 0.68871605 -0.02566286
v 0.8140504 0.70116657 -0.09172519
v 0.76468855 0.68871605 -0.02566286
v 0.7642124 0.682224 -0.077053204
v 0.7620743 0.6863396 -0.02558297
v 0.7668527 0.6844736 -0.077606745
v 0.7943927 0.76092106 -0.034905236
v 0.799205 0.76900625 -0.04703847
v 0.7930596 0.75774467 -0.03513157
v 0.76575035 0.69367963 -0.02144664
v 0.76270825 0.69056934 -0.009447719
v 0.7620743 0.6863396 -0.02558297
v 0.76270825 0.69056934 -0.009447719
v 0.76575035 0.69367963 -0.02144664
v 0.76270825 0.69056934 -0.009447719
v 0.7620743 0.6863396 -0.02558297
v 0.748496 0.6760315 -0.0014613699
v 0.7620743 0.6863396 -0.02558297
v 0.7394559 0.66564673 -0.06961913
v 0.748496 0.6760315 -0.0014613699
v 0.7642124 0.682224 -0.077053204
v 0.7394559 0.66564673 -0.06961913
v 0.7354052 0.67097396 0.00455141
v 0.748496 0.6760315 -0.0014613699
v 0.718913 0.6626277 -0.06099878
v 0.718913 0.6626277 -0.06099878
v 0.7142828 0.66791713 0.01375751
v 0.7354052 0.67097396 0.00455141
v 0.7148021 0.6622348 -0.059208516
v 0.58563685 0.65471554 0.067434035
v 0.5797303 0.64901376 -5.6769E-4
v 0.49940145 0.6466945 0.102999225
v 0.51212364 0.64280736 0.028678222
v 0.48148733 0.64406335 0.098067485
v 0.50930756 0.6426553 0.03124269
v 0.48042503 0.643969 0.098497674
v 0.46197638 0.6423321 0.10596861
v 0.46040198 0.6400152 0.07577793
v 0.49940145 0.6466945 0.102999225
v 0.47445917 0.6485634 0.10482725
v 0.49040428 0.6518798 0.109001376
v 0.48148733 0.64406335 0.098067485
v 0.48148733 0.64406335 0.098067485
v 0.47376028 0.6484119 0.10510087
v 0.47445917 0.6485634 0.10482725
v 0.48042503 0.643969 0.098497674
v 0.46162376 0.6457822 0.10985263
v 0.46197638 0.6423321 0.10596861
v 0.46040198 0.6400152 0.07577793
v 0.45918238 0.64358884 0.106017396
v 0.46197638 0.6423321 0.10596861
v 0.45760885 0.6412709 0.07582717
v 0.45918238 0.64358884 0.106017396
v 0.46162376 0.6457822 0.10985263
v 0.46197638 0.6423321 0.10596861
v 0.45918238 0.64358884 0.106017396
v 0.45162696 0.6621614 0.11379175
v 0.46162376 0.6457822 0.10985263
v 0.44824967 0.660367 0.11195715
v 0.44824967 0.660367 0.11195715
v 0.45024607 0.66571015 0.114258915
v 0.45162696 0.6621614 0.11379175
v 0.44617102 0.6651126 0.11178814
v 0.44617102 0.6651126 0.11178814
v 0.45075116 0.67075676 0.113907695
v 0.45024607 0.66571015 0.114258915
v 0.44651017 0.67025703 0.11227087
v 0.44651017 0.67025703 0.11227087
v 0.45155814 0.67501646 0.11343553
v 0.45075116 0.67075676 0.113907695
v 0.44745916 0.6749112 0.110965475
v 0.44745916 0.6749112 0.110965475
v 0.44970226 0.68121254 0.1139163
v 0.45155814 0.67501646 0.11343553
v 0.44633797 0.6793824 0.11214145
v 0.44633797 0.6793824 0.11214145
v 0.43435362 0.70480275 0.11855886
v 0.44970226 0.68121254 0.1139163
v 0.43076256 0.7029258 0.11603857
v 0.43076256 0.7029258 0.11603857
v 0.43220904 0.70737463 0.11614745
v 0.43435362 0.70480275 0.11855886
v 0.43220904 0.70737463 0.11614745
v 0.46516982 0.7180907 0.10525766
v 0.43435362 0.70480275 0.11855886
v 0.46343026 0.7205207 0.10364809
v 0.46343026 0.7205207 0.10364809
v 0.46850258 0.71981984 0.103011794
v 0.46516982 0.7180907 0.10525766
v 0.4662442 0.7218441 0.10173244
v 0.46850258 0.71981984 0.103011794
v 0.46770224 0.7139992 0.104627855
v 0.46516982 0.7180907 0.10525766
v 0.4711142 0.7156784 0.10234418
v 0.43076256 0.7029258 0.11603857
v 0.43057144 0.70807457 0.10523687
v 0.43220904 0.70737463 0.11614745
v 0.42909354 0.7036541 0.10478685
v 0.43057144 0.70807457 0.10523687
v 0.46343026 0.7205207 0.10364809
v 0.43220904 0.70737463 0.11614745
v 0.45881245 0.72045326 0.091925114
v 0.4662442 0.7218441 0.10173244
v 0.47616857 0.7291196 0.07520509
v 0.48805988 0.73269147 0.08113706
v 0.4842888 0.7367598 0.040214837
v 0.49717867 0.7421488 0.03536522
v 0.4662442 0.7218441 0.10173244
v 0.4901675 0.7306708 0.082275875
v 0.46850258 0.71981984 0.103011794
v 0.48805988 0.73269147 0.08113706
v 0.48805988 0.73269147 0.08113706
v 0.49100196 0.7315479 0.080178276
v 0.4901675 0.7306708 0.082275875
v 0.48805988 0.73269147 0.08113706
v 0.5006971 0.74085623 0.0358568
v 0.49100196 0.7315479 0.080178276
v 0.49717867 0.7421488 0.03536522
v 0.4901675 0.7306708 0.082275875
v 0.4711142 0.7156784 0.10234418
v 0.46850258 0.71981984 0.103011794
v 0.49218914 0.7285808 0.08127901
v 0.4711142 0.7156784 0.10234418
v 0.46833596 0.71316135 0.105259836
v 0.46770224 0.7139992 0.104627855
v 0.4719814 0.7150153 0.102809705
v 0.4719814 0.7150153 0.102809705
v 0.4579397 0.70534486 0.12014721
v 0.46833596 0.71316135 0.105259836
v 0.46673423 0.70922285 0.11613033
v 0.4689691 0.71056676 0.11397141
v 0.4895298 0.7257166 0.08536169
v 0.45517698 0.70447785 0.120285936
v 0.4422005 0.7017674 0.116505064
v 0.46673423 0.70922285 0.11613033
v 0.45858443 0.70450056 0.12078021
v 0.4579397 0.70534486 0.12014721
v 0.46712524 0.70828277 0.11693081
v 0.4689691 0.71056676 0.11397141
v 0.46712524 0.70828277 0.11693081
v 0.46673423 0.70922285 0.11613033
v 0.46991584 0.7099804 0.114340715
v 0.46991584 0.7099804 0.114340715
v 0.4895298 0.7257166 0.08536169
v 0.4904648 0.72513646 0.08572354
v 0.4689691 0.71056676 0.11397141
v 0.4719814 0.7150153 0.102809705
v 0.49218914 0.7285808 0.08127901
v 0.4895298 0.7257166 0.08536169
v 0.4711142 0.7156784 0.10234418
v 0.46833596 0.71316135 0.105259836
v 0.44155505 0.7026133 0.11586901
v 0.46770224 0.7139992 0.104627855
v 0.4422005 0.7017674 0.116505064
v 0.4422005 0.7017674 0.116505064
v 0.4398611 0.70052254 0.11669303
v 0.44155505 0.7026133 0.11586901
v 0.440636 0.7001969 0.11666292
v 0.45858443 0.70450056 0.12078021
v 0.45517698 0.70447785 0.120285936
v 0.4579397 0.70534486 0.12014721
v 0.4552472 0.7032464 0.120922245
v 0.4552472 0.7032464 0.120922245
v 0.4422005 0.7017674 0.116505064
v 0.45517698 0.70447785 0.120285936
v 0.440636 0.7001969 0.11666292
v 0.44155505 0.7026133 0.11586901
v 0.46516982 0.7180907 0.10525766
v 0.46770224 0.7139992 0.104627855
v 0.43435362 0.70480275 0.11855886
v 0.4398611 0.70052254 0.11669303
v 0.46499214 0.6619144 0.108435646
v 0.44970226 0.68121254 0.1139163
v 0.45155814 0.67501646 0.11343553
v 0.46499214 0.6619144 0.108435646
v 0.45075116 0.67075676 0.113907695
v 0.45024607 0.66571015 0.114258915
v 0.45162696 0.6621614 0.11379175
v 0.46162376 0.6457822 0.10985263
v 0.47376028 0.6484119 0.10510087
v 0.440636 0.7001969 0.11666292
v 0.46499214 0.6619144 0.108435646
v 0.4398611 0.70052254 0.11669303
v 0.46554965 0.66226804 0.10844053
v 0.47376028 0.6484119 0.10510087
v 0.46554965 0.66226804 0.10844053
v 0.47445917 0.6485634 0.10482725
v 0.46499214 0.6619144 0.108435646
v 0.46554965 0.66226804 0.10844053
v 0.49040428 0.6518798 0.109001376
v 0.47445917 0.6485634 0.10482725
v 0.4552472 0.7032464 0.120922245
v 0.440636 0.7001969 0.11666292
v 0.45760885 0.6412709 0.07582717
v 0.44824967 0.660367 0.11195715
v 0.45918238 0.64358884 0.106017396
v 0.44463348 0.660228 0.07782668
v 0.44463348 0.660228 0.07782668
v 0.44617102 0.6651126 0.11178814
v 0.44824967 0.660367 0.11195715
v 0.4430704 0.6634231 0.077803865
v 0.4430704 0.6634231 0.077803865
v 0.44651017 0.67025703 0.11227087
v 0.44617102 0.6651126 0.11178814
v 0.44246295 0.6689122 0.07580155
v 0.44246295 0.6689122 0.07580155
v 0.44745916 0.6749112 0.110965475
v 0.44651017 0.67025703 0.11227087
v 0.44366366 0.6728969 0.07580446
v 0.44366366 0.6728969 0.07580446
v 0.44633797 0.6793824 0.11214145
v 0.44745916 0.6749112 0.110965475
v 0.44249606 0.67921996 0.07582632
v 0.44249606 0.67921996 0.07582632
v 0.43076256 0.7029258 0.11603857
v 0.44633797 0.6793824 0.11214145
v 0.42909354 0.7036541 0.10478685
v 0.7519647 0.7677855 -0.023401635
v 0.73675877 0.7793525 -0.0061752605
v 0.7435551 0.7842904 -0.023401635
v 0.7439751 0.76518947 -0.0061752605
v 0.725519 0.7905921 -0.0061752605
v 0.7304568 0.7973886 -0.023401635
v 0.711356 0.7978085 -0.0061752605
v 0.71395206 0.80579823 -0.023401635
v 0.69565624 0.800295 -0.0061752605
v 0.69565624 0.808696 -0.023401635
v 0.6799567 0.7978085 -0.0061752605
v 0.67736053 0.80579823 -0.023401635
v 0.6657936 0.7905921 -0.0061752605
v 0.6608558 0.7973886 -0.023401635
v 0.6545539 0.7793525 -0.0061752605
v 0.64775753 0.78429013 -0.023401635
v 0.6473375 0.76518947 -0.0061752605
v 0.6393479 0.7677855 -0.023401635
v 0.64485097 0.7494897 -0.0061752605
v 0.6364502 0.7494897 -0.023401635
v 0.6473375 0.7337901 -0.0061752605
v 0.6393479 0.73119396 -0.023401635
v 0.6545539 0.7196271 -0.0061752605
v 0.64775753 0.7146893 -0.023401635
v 0.6657936 0.7083874 -0.0061752605
v 0.6608558 0.70159084 -0.023401635
v 0.6799567 0.7011709 -0.0061752605
v 0.67736053 0.6931814 -0.023401635
v 0.69565624 0.69868445 -0.0061752605
v 0.69565624 0.6902835 -0.023401635
v 0.711356 0.7011709 -0.0061752605
v 0.71395206 0.6931814 -0.023401635
v 0.725519 0.7083874 -0.0061752605
v 0.7304568 0.70159084 -0.023401635
v 0.73675865 0.7196271 -0.0061752605
v 0.7435551 0.7146893 -0.023401635
v 0.7439751 0.7337901 -0.0061752605
v 0.7519647 0.73119396 -0.023401635
v 0.7464617 0.7494897 -0.0061752605
v 0.7548625 0.7494897 -0.023401635
v 0.74310523 0.76490676 -0.0049927784
v 0.73601884 0.7788147 -0.0049927784
v 0.72498137 0.78985226 -0.0049927784
v 0.71107346 0.79693854 -0.0049927784
v 0.69565624 0.79938054 -0.0049927784
v 0.745547 0.7494897 -0.0049927784
v 0.74310523 0.7340727 -0.0049927784
v 0.68023926 0.79693854 -0.0049927784
v 0.6663313 0.78985226 -0.0049927784
v 0.65529394 0.7788147 -0.0049927784
v 0.6482075 0.76490676 -0.0049927756
v 0.6457656 0.7494897 -0.0049927756
v 0.6482075 0.7340727 -0.0049927756
v 0.65529394 0.7201648 -0.0049927756
v 0.6663313 0.7091274 -0.0049927756
v 0.68023926 0.7020409 -0.0049927756
v 0.69565624 0.69959915 -0.0049927756
v 0.71107346 0.7020409 -0.0049927756
v 0.72498137 0.7091274 -0.0049927756
v 0.73601866 0.7201648 -0.0049927784
v 0.7359852 0.76259345 -0.008557537
v 0.69565624 0.7494897 -0.008557537
v 0.72996217 0.7744144 -0.008557537
v 0.72058094 0.7837956 -0.008557537
v 0.70875996 0.7898187 -0.008557537
v 0.69565624 0.7918941 -0.008557537
v 0.6825526 0.7898187 -0.008557537
v 0.67073154 0.7837956 -0.008557537
v 0.66135055 0.7744144 -0.008557537
v 0.6553274 0.76259345 -0.008557537
v 0.65325195 0.7494897 -0.008557537
v 0.6553274 0.7363862 -0.008557537
v 0.66135055 0.7245652 -0.008557537
v 0.67073154 0.71518403 -0.008557537
v 0.6825526 0.7091609 -0.008557537
v 0.69565624 0.70708543 -0.008557537
v 0.70875996 0.7091609 -0.008557537
v 0.72058094 0.71518403 -0.008557537
v 0.72996205 0.7245652 -0.008557537
v 0.7359852 0.7363862 -0.008557537
v 0.7380606 0.7494897 -0.008557537
v 0.74310523 0.76490676 -0.0049927784
v 0.72996217 0.7744144 -0.0049927784
v 0.73601884 0.7788147 -0.0049927784
v 0.7359852 0.76259345 -0.0049927784
v 0.72058094 0.7837956 -0.0049927784
v 0.72498137 0.78985226 -0.0049927784
v 0.70875996 0.7898187 -0.0049927784
v 0.71107346 0.79693854 -0.0049927784
v 0.69565624 0.7918941 -0.0049927784
v 0.69565624 0.79938054 -0.0049927784
v 0.6825526 0.7898187 -0.0049927784
v 0.68023926 0.79693854 -0.0049927784
v 0.67073154 0.7837956 -0.0049927784
v 0.6663313 0.78985226 -0.0049927784
v 0.66135055 0.7744144 -0.0049927784
v 0.65529394 0.7788147 -0.0049927784
v 0.6553274 0.76259345 -0.0049927784
v 0.6482075 0.76490676 -0.0049927756
v 0.65325195 0.7494897 -0.0049927756
v 0.6457656 0.7494897 -0.0049927756
v 0.6553274 0.7363862 -0.0049927756
v 0.6482075 0.7340727 -0.0049927756
v 0.66135055 0.7245652 -0.0049927756
v 0.65529394 0.7201648 -0.0049927756
v 0.67073154 0.71518403 -0.0049927756
v 0.6663313 0.7091274 -0.0049927756
v 0.6825526 0.7091609 -0.0049927756
v 0.68023926 0.7020409 -0.0049927756
v 0.69565624 0.70708543 -0.0049927756
v 0.69565624 0.69959915 -0.0049927756
v 0.70875996 0.7091609 -0.0049927756
v 0.71107346 0.7020409 -0.0049927756
v 0.72058094 0.71518403 -0.0049927756
v 0.72498137 0.7091274 -0.0049927756
v 0.72996205 0.7245652 -0.0049927784
v 0.73601866 0.7201648 -0.0049927784
v 0.7359852 0.7363862 -0.0049927784
v 0.74310523 0.7340727 -0.0049927784
v 0.7380606 0.7494897 -0.0049927784
v 0.745547 0.7494897 -0.0049927784
v 0.7359852 0.76259345 -0.0049927784
v 0.72996217 0.7744144 -0.008557537
v 0.72996217 0.7744144 -0.0049927784
v 0.7359852 0.76259345 -0.008557537
v 0.72996217 0.7744144 -0.0049927784
v 0.72058094 0.7837956 -0.008557537
v 0.72058094 0.7837956 -0.0049927784
v 0.72996217 0.7744144 -0.008557537
v 0.72058094 0.7837956 -0.0049927784
v 0.70875996 0.7898187 -0.008557537
v 0.70875996 0.7898187 -0.0049927784
v 0.72058094 0.7837956 -0.008557537
v 0.70875996 0.7898187 -0.0049927784
v 0.69565624 0.7918941 -0.008557537
v 0.69565624 0.7918941 -0.0049927784
v 0.70875996 0.7898187 -0.008557537
v 0.69565624 0.7918941 -0.0049927784
v 0.6825526 0.7898187 -0.008557537
v 0.6825526 0.7898187 -0.0049927784
v 0.69565624 0.7918941 -0.008557537
v 0.6825526 0.7898187 -0.0049927784
v 0.67073154 0.7837956 -0.008557537
v 0.67073154 0.7837956 -0.0049927784
v 0.6825526 0.7898187 -0.008557537
v 0.67073154 0.7837956 -0.0049927784
v 0.66135055 0.7744144 -0.008557537
v 0.66135055 0.7744144 -0.0049927784
v 0.67073154 0.7837956 -0.008557537
v 0.66135055 0.7744144 -0.0049927784
v 0.6553274 0.76259345 -0.008557537
v 0.6553274 0.76259345 -0.0049927784
v 0.66135055 0.7744144 -0.008557537
v 0.6553274 0.76259345 -0.0049927784
v 0.65325195 0.7494897 -0.008557537
v 0.65325195 0.7494897 -0.0049927756
v 0.6553274 0.76259345 -0.0049927784
v 0.6553274 0.76259345 -0.008557537
v 0.65325195 0.7494897 -0.008557537
v 0.65325195 0.7494897 -0.0049927756
v 0.6553274 0.7363862 -0.008557537
v 0.6553274 0.7363862 -0.0049927756
v 0.65325195 0.7494897 -0.0049927756
v 0.65325195 0.7494897 -0.008557537
v 0.6553274 0.7363862 -0.008557537
v 0.6553274 0.7363862 -0.0049927756
v 0.66135055 0.7245652 -0.008557537
v 0.66135055 0.7245652 -0.0049927756
v 0.6553274 0.7363862 -0.008557537
v 0.66135055 0.7245652 -0.0049927756
v 0.67073154 0.71518403 -0.008557537
v 0.67073154 0.71518403 -0.0049927756
v 0.66135055 0.7245652 -0.008557537
v 0.67073154 0.71518403 -0.0049927756
v 0.6825526 0.7091609 -0.008557537
v 0.6825526 0.7091609 -0.0049927756
v 0.67073154 0.71518403 -0.008557537
v 0.6825526 0.7091609 -0.0049927756
v 0.69565624 0.70708543 -0.008557537
v 0.69565624 0.70708543 -0.0049927756
v 0.6825526 0.7091609 -0.008557537
v 0.69565624 0.70708543 -0.0049927756
v 0.70875996 0.7091609 -0.008557537
v 0.70875996 0.7091609 -0.0049927756
v 0.69565624 0.70708543 -0.008557537
v 0.70875996 0.7091609 -0.0049927756
v 0.72058094 0.71518403 -0.008557537
v 0.72058094 0.71518403 -0.0049927756
v 0.70875996 0.7091609 -0.008557537
v 0.72058094 0.71518403 -0.0049927756
v 0.72996205 0.7245652 -0.008557537
v 0.72996205 0.7245652 -0.0049927784
v 0.72058094 0.71518403 -0.008557537
v 0.72996205 0.7245652 -0.0049927784
v 0.7359852 0.7363862 -0.008557537
v 0.7359852 0.7363862 -0.0049927784
v 0.72996205 0.7245652 -0.008557537
v 0.7359852 0.7363862 -0.0049927784
v 0.7380606 0.7494897 -0.008557537
v 0.7380606 0.7494897 -0.0049927784
v 0.7359852 0.7363862 -0.0049927784
v 0.7359852 0.7363862 -0.008557537
v 0.7380606 0.7494897 -0.008557537
v 0.7380606 0.7494897 -0.0049927784
v 0.7359852 0.76259345 -0.008557537
v 0.7359852 0.76259345 -0.0049927784
v 0.7380606 0.7494897 -0.0049927784
v 0.7380606 0.7494897 -0.008557537
v 0.7359852 0.76259345 -0.008557537
v 0.80207115 0.84727734 -0.04636158
v 0.7972059 0.7845863 -0.03051151
v 0.7664616 0.77069306 -0.01575169
v 0.82911414 0.85798126 -0.059382
v 0.79708374 0.78240865 -0.029964307
v 0.7666686 0.7679275 -0.015209269
v 0.8018552 0.7747438 -0.029974079
v 0.7749951 0.7557867 -0.01557036
v 0.8033029 0.77361846 -0.03025031
v 0.77697986 0.75565296 -0.016278299
v 0.85165906 0.7913331 -0.052408118
v 0.8514037 0.7839037 -0.0505224
v 0.8690477 0.7988546 -0.06293182
v 0.8674577 0.7908824 -0.06169716
v 0.8781009 0.8058761 -0.076408364
v 0.87639767 0.798699 -0.07870534
v 0.88186234 0.8115461 -0.08891747
v 0.8779512 0.8012533 -0.0852585
v 0.90168107 0.8480808 -0.17261524
v 0.89939785 0.84087926 -0.17534068
v 0.9081996 0.86084884 -0.20175415
v 0.9060409 0.8538921 -0.20557053
v 0.90980583 0.86485195 -0.20501934
v 0.9076645 0.8578193 -0.20953731
v 0.9279801 0.9137286 -0.22355406
v 0.9289829 0.9153658 -0.23063499
v 0.8516923 0.7832642 -0.051037457
v 0.7770394 0.754887 -0.016781561
v 0.77451336 0.7550475 -0.01592848
v 0.90081215 0.8489406 -0.17243548
v 0.9072343 0.8615709 -0.20139167
v 0.909093 0.8653475 -0.20441587
v 0.909093 0.8653475 -0.20441587
v 0.9270135 0.9145395 -0.22322297
v 0.92814755 0.9162577 -0.2305464
v 0.9270135 0.9145395 -0.22322297
v 0.9286037 0.9159284 -0.23153782
v 0.9287281 0.91480786 -0.23154391
v 0.9074072 0.85772085 -0.21004942
v 0.7770394 0.7562207 -0.019944916
v 0.77451336 0.7563812 -0.019091835
v 0.7659847 0.76748604 -0.015398509
v 0.7659847 0.7688197 -0.018561864
v 0.76577765 0.7709149 -0.015992058
v 0.8017102 0.8474314 -0.046395957
v 0.8046307 0.8503159 -0.048304718
v 0.80490553 0.8498639 -0.04804137
v 0.82988304 0.85872006 -0.06005556
v 0.77451336 0.7550475 -0.01592848
v 0.79737806 0.784086 -0.03159305
v 0.79730034 0.7823214 -0.03113476
v 0.80202764 0.7748676 -0.031111177
v 0.8046347 0.7741098 -0.03137071
v 0.85157967 0.79195684 -0.05303339
v 0.8678085 0.79916847 -0.062737584
v 0.8764746 0.80581653 -0.074631415
v 0.8809809 0.81239355 -0.08876186
v 0.79730034 0.78365505 -0.034298114
v 0.79737806 0.7854197 -0.034756403
v 0.80202764 0.7762013 -0.034274533
v 0.8046347 0.7754435 -0.034534063
v 0.85157967 0.79329056 -0.05619674
v 0.8678085 0.8005021 -0.06590094
v 0.8764746 0.80715024 -0.07779477
v 0.8809809 0.81372726 -0.09192522
v 0.90081215 0.8502743 -0.17559883
v 0.9072343 0.86290455 -0.20455503
v 0.909093 0.8653475 -0.20441587
v 0.82988304 0.8600538 -0.063218914
v 0.82988304 0.85872006 -0.06005556
v 0.909093 0.8666812 -0.20757923
v 0.9270135 0.9145395 -0.22322297
v 0.9270135 0.9158732 -0.22638634
v 0.92814755 0.9175914 -0.23370975
v 0.9286037 0.9172621 -0.23470117
v 0.9286037 0.9172621 -0.23470117
v 0.9286037 0.9172621 -0.23470117
v 0.9287281 0.91614157 -0.23470728
v 0.9074072 0.85905457 -0.21321277
v 0.90559936 0.85349387 -0.20583618
v 0.89895743 0.8404778 -0.17561178
v 0.8776699 0.80111057 -0.08539045
v 0.87582695 0.7981047 -0.07863214
v 0.86610067 0.78966945 -0.060787007
v 0.86610067 0.79100317 -0.06395036
v 0.8516923 0.78459793 -0.05420081
v 0.87582695 0.79943836 -0.08179549
v 0.89895743 0.8418115 -0.17877513
v 0.90559936 0.8548276 -0.20899953
v 0.8776699 0.8024443 -0.08855381
v 0.909093 0.8653475 -0.20441587
v 0.9270135 0.9145395 -0.22322297
v 0.82988304 0.85872006 -0.06005556
v 0.8046307 0.8516496 -0.05146807
v 0.82988304 0.8600538 -0.063218914
v 0.8017102 0.8487651 -0.04955931
v 0.76577765 0.77224857 -0.019155413
v 0.8390833 0.85336804 -0.06006636
v 0.85518676 0.80119354 -0.053931057
v 0.8108115 0.7883602 -0.034315348
v 0.88117707 0.8674491 -0.07969447
v 0.8114409 0.7851312 -0.03379757
v 0.8127872 0.78498065 -0.03426604
v 0.8718555 0.8089421 -0.06337817
v 0.8922728 0.8712161 -0.085478276
v 0.8832431 0.8174371 -0.076847844
v 0.9029113 0.87564975 -0.09534091
v 0.8892392 0.8256003 -0.09430342
v 0.9102776 0.8816859 -0.1161975
v 0.9043987 0.8532625 -0.1574946
v 0.9155901 0.8888434 -0.14590651
v 0.91157985 0.8670023 -0.18922222
v 0.925175 0.9029244 -0.2055553
v 0.9133933 0.8713343 -0.19361034
v 0.8102399 0.78863674 -0.03423975
v 0.8382661 0.8534324 -0.05983692
v 0.81107116 0.7848885 -0.0336424
v 0.8130208 0.78433836 -0.03428819
v 0.8554922 0.8003668 -0.053981617
v 0.870983 0.80737853 -0.06275101
v 0.8837265 0.8173785 -0.07841811
v 0.8890347 0.8251041 -0.0945751
v 0.9041847 0.852772 -0.15775904
v 0.9113666 0.86651254 -0.18948081
v 0.91332877 0.8711671 -0.19411668
v 0.9251013 0.90275997 -0.20606293
v 0.92531437 0.9037357 -0.20534489
v 0.9157188 0.88964844 -0.14569333
v 0.9103996 0.88249016 -0.11597887
v 0.90439075 0.8775202 -0.09769209
v 0.89123625 0.8717099 -0.0851293
v 0.8808881 0.86811227 -0.07983931
v 0.83879805 0.854031 -0.060203526
v 0.8316969 0.85912883 -0.060577724
v 0.8309909 0.85863173 -0.060210656
v 0.79885817 0.7846599 -0.03109767
v 0.9040297 0.8841312 -0.09940696
v 0.91150165 0.88983893 -0.12023862
v 0.8905661 0.8788572 -0.08836648
v 0.8828922 0.8762695 -0.0845631
v 0.8310172 0.8579863 -0.063114725
v 0.83045584 0.85767716 -0.062857665
v 0.79834855 0.7839489 -0.03382328
v 0.9087589 0.8897775 -0.12098872
v 0.91309154 0.8959016 -0.14530572
v 0.9159204 0.89576274 -0.14486006
v 0.927719 0.9132389 -0.21903586
v 0.9277935 0.9136027 -0.22170444
v 0.92490965 0.9136408 -0.21923916
v 0.9250838 0.914489 -0.22154646
v 0.8894012 0.87781024 -0.090735465
v 0.90194297 0.88354874 -0.10105638
v 0.90997523 0.8655652 -0.20332927
v 0.9277935 0.9136027 -0.22170444
v 0.90737355 0.8667417 -0.20309371
v 0.9054869 0.86232334 -0.19882321
v 0.9080216 0.86099124 -0.19893381
v 0.9001239 0.8456109 -0.16292652
v 0.88319135 0.8145205 -0.09180603
v 0.8807833 0.81042534 -0.082595594
v 0.8704446 0.8006934 -0.064400226
v 0.85157573 0.7924938 -0.05249856
v 0.804549 0.77468383 -0.03085025
v 0.803128 0.7751994 -0.03050668
v 0.7986633 0.7815843 -0.03043374
v 0.79885817 0.7846599 -0.03109767
v 0.8024461 0.7748836 -0.033271637
v 0.7980758 0.78110677 -0.033197906
v 0.7986633 0.7815843 -0.03043374
v 0.79885817 0.7846599 -0.03109767
v 0.80354923 0.7746469 -0.03351696
v 0.85012233 0.79282707 -0.05492843
v 0.8683493 0.80144435 -0.06599427
v 0.87823224 0.8115564 -0.08310292
v 0.8806537 0.81585073 -0.09185399
v 0.8976216 0.8470103 -0.16289413
v 0.90997523 0.8655652 -0.20332927
v 0.9250838 0.914489 -0.22154646
v 0.927719 0.9132389 -0.21903586
v 0.8821109 0.875047 -0.087035894
v 0.8251631 0.77394825 -0.059639934
v 0.8251631 0.72402024 -0.093008466
v 0.8251631 0.7159643 -0.048551224
v 0.8251631 0.79339004 -0.10534248
v 0.8246297 0.7224994 -0.09360723
v 0.82396305 0.71426797 -0.0474735
v 0.82396305 0.71523815 -0.046519175
v 0.82396305 0.77442557 -0.057947557
v 0.82396305 0.7760582 -0.059285708
v 0.82396305 0.79533696 -0.106409244
v 0.82396305 0.79460883 -0.10731569
v 0.82396305 0.7237958 -0.095087685
v 0.81728834 0.7224994 -0.09360723
v 0.81662166 0.71426797 -0.0474735
v 0.81662166 0.71523815 -0.046519175
v 0.81662166 0.77442557 -0.057947557
v 0.81662166 0.7760582 -0.059285708
v 0.81662166 0.79533696 -0.106409244
v 0.81662166 0.79460883 -0.10731569
v 0.81662166 0.7237958 -0.095087685
v 0.7687949 1.0701447 -1.4004716
v 0.7841997 1.0602567 -1.3667004
v 0.7599557 1.0649947 -1.3979473
v 0.79323035 1.0649332 -1.3690093
v 0.8099766 1.0496813 -1.3359588
v 0.8184194 1.0544975 -1.3395168
v 0.8305122 1.0373964 -1.3142918
v 0.8388707 1.0421259 -1.3180264
v 0.8374655 1.0335668 -1.3079752
v 0.85229504 1.0337869 -1.3079118
v 0.84807956 1.0276737 -1.3019799
v 0.8340804 1.0246707 -1.3088521
v 0.84507626 1.0193689 -1.3036983
v 0.8277553 1.0344698 -1.3136883
v 0.8266193 1.0263606 -1.3130207
v 0.80536693 1.035733 -1.3279015
v 0.80465305 1.025381 -1.3281856
v 0.7770127 1.0348345 -1.3490402
v 0.776704 1.0249867 -1.3488758
v 0.7329024 1.0253842 -1.3914071
v 0.73542595 1.0139401 -1.3914688
v 0.8524111 1.0254612 -1.3039474
v 0.85495687 1.0304021 -1.307105
v 0.8508252 1.0197722 -1.3037417
v 0.8529233 1.0202408 -1.3081254
v 0.85354465 1.0240219 -1.3094925
v 0.85570586 1.026559 -1.3101981
v 0.8869444 1.0414033 -1.3386743
v 0.88447845 1.0451232 -1.3398031
v 0.9162732 1.0504719 -1.3711804
v 0.91348624 1.0553727 -1.3720769
v 0.94358474 1.0598494 -1.4052049
v 0.94068676 1.0647744 -1.4061842
v 0.9520141 1.0644236 -1.4167324
v 0.94939727 1.0676087 -1.4179208
v 0.9556945 1.0714961 -1.438189
v 0.9520837 1.0744407 -1.4375986
v 0.8864505 1.0372254 -1.3405457
v 0.91505796 1.0460613 -1.3746377
v 0.94216055 1.0551633 -1.408917
v 0.9498491 1.0579282 -1.418818
v 0.95457965 1.0660851 -1.4388596
v 0.9187604 1.0421832 -1.3768399
v 0.8911131 1.0318229 -1.343589
v 0.85977095 1.0212073 -1.31225
v 0.8591282 1.0180568 -1.31142
v 0.85726005 1.006354 -1.3109351
v 0.8554031 1.0058767 -1.3076712
v 0.84909886 1.003386 -1.30824
v 0.8547332 0.9964666 -1.3089322
v 0.85915726 1.003269 -1.3095714
v 0.86106956 0.9955686 -1.3148289
v 0.8616321 1.0033008 -1.3130964
v 0.8584121 1.0054243 -1.3125023
v 0.8594589 1.005391 -1.313688
v 0.8903258 0.9999943 -1.3436482
v 0.8919979 1.0046259 -1.3413113
v 0.8908566 1.0077666 -1.3419354
v 0.9268386 1.0060965 -1.3844026
v 0.9287072 1.0107064 -1.382283
v 0.92754346 1.013826 -1.3827994
v 0.9520393 1.0104301 -1.4168371
v 0.95401144 1.0149261 -1.4148003
v 0.95261234 1.0188532 -1.4161001
v 0.96255755 1.0158079 -1.426387
v 0.9604656 1.0201497 -1.4265711
v 0.9609648 1.012213 -1.428084
v 0.9559401 1.0241581 -1.4222281
v 0.9483163 1.0223293 -1.4125406
v 0.9204875 1.0164331 -1.3779265
v 0.8904689 1.0130754 -1.3448064
v 0.8617627 1.0100926 -1.3149568
v 0.8598156 1.011321 -1.3134722
v 0.8624757 1.0118121 -1.314127
v 0.89217824 1.0154673 -1.3440651
v 0.9208111 1.019411 -1.376762
v 0.948811 1.0239366 -1.4117657
v 0.95488554 1.0262674 -1.4172121
v 0.9565005 1.0288105 -1.4251161
v 0.95622224 1.0318073 -1.4199787
v 0.94392556 1.0507022 -1.4362891
v 0.9490279 1.0490632 -1.4162295
v 0.9442737 1.0551832 -1.4374509
v 0.9490952 1.0568153 -1.4207712
v 0.94731975 1.052081 -1.413377
v 0.9452966 1.0517302 -1.4109383
v 0.95626944 1.023241 -1.438121
v 0.9592223 1.0219554 -1.4296299
v 0.96386343 1.0157897 -1.4292408
v 0.96284306 1.0190377 -1.4391762
v 0.964763 1.0162727 -1.4390308
v 0.9620039 1.0104712 -1.4383563
v 0.9490832 1.0051719 -1.435598
v 0.91645336 0.9977883 -1.4009542
v 0.8760027 0.99099433 -1.3555766
v 0.8480288 0.98620594 -1.3302628
v 0.8401174 0.99002063 -1.3269187
v 0.8321918 1.0031772 -1.3251785
v 0.831221 0.98121023 -1.3471533
v 0.81616086 1.0015512 -1.3435409
v 0.8325236 1.003902 -1.3241818
v 0.81654465 1.0035262 -1.3406465
v 0.83149976 1.0074536 -1.3218188
v 0.81508094 1.006174 -1.3381594
v 0.79621047 1.003128 -1.3602823
v 0.7599608 0.9963314 -1.3965116
v 0.77272916 0.99543697 -1.3993189
v 0.7980316 1.0015343 -1.3624542
v 0.7772353 0.9934064 -1.3999143
v 0.7995892 0.99891186 -1.3654706
v 0.80924475 0.9666568 -1.4061459
v 0.8214087 0.9726415 -1.3736907
v 0.83889866 0.9780197 -1.3502363
v 0.82767963 0.96958524 -1.3786529
v 0.81566304 0.9649313 -1.4077972
v 0.8639676 0.9827761 -1.3710018
v 0.8454116 0.9728206 -1.3943288
v 0.84297293 0.97066826 -1.413425
v 0.9044074 0.9898645 -1.4163426
v 0.8967098 0.9857789 -1.4245661
v 0.94995856 1.0094138 -1.4389259
v 0.9614028 1.0133237 -1.4414736
v 0.96255016 1.0157362 -1.4416654
v 0.96125764 1.0174797 -1.4414654
v 0.95511883 1.0214058 -1.4401975
v 0.9417949 1.0508249 -1.4382142
v 0.94229954 1.0567172 -1.4386615
v 0.9532438 1.0668831 -1.4408172
v 0.95422643 1.0715187 -1.4409566
v 0.9513854 1.0735539 -1.4404398
v 0.9128072 1.0785584 -1.4297848
v 0.92784965 1.0719488 -1.4170337
v 0.86024094 1.0795772 -1.4192005
v 0.87613004 1.0741061 -1.4031008
v 0.8078082 1.0758567 -1.4084994
v 0.83056915 1.0706493 -1.385477
v 0.8884455 1.0684832 -1.3908703
v 0.93543303 1.0677106 -1.4106245
v 0.8490587 1.0634228 -1.3667687
v 0.9024588 1.0609027 -1.381235
v 0.8711228 1.0514472 -1.3511184
v 0.76847786 1.0695621 -1.4024845
v 0.7599162 1.0644091 -1.4009955
v 0.73790246 1.0300425 -1.3960667
v 0.7341757 1.0242244 -1.3952323
v 0.73556995 1.015035 -1.3951755
v 0.76087904 0.99846894 -1.4000473
v 0.7705733 0.9971681 -1.4018424
v 0.777515 0.99446857 -1.4031788
v 0.8097042 0.9678683 -1.4091331
v 0.8148497 0.96659344 -1.4101737
v 0.8418921 0.9730367 -1.4159884
v 0.89541733 0.9880687 -1.4273263
v 0.7341757 1.0242244 -1.3952323
v 0.8932173 0.9895879 -1.4269128
v 0.94530517 1.0099729 -1.4379905
v 0.8420999 0.9752321 -1.4160849
v 0.81627387 0.9690787 -1.4105316
v 0.8113598 0.9702963 -1.4095379
v 0.78061867 0.9957 -1.4038514
v 0.7445128 1.0259148 -1.3973897
v 0.7397085 1.0261066 -1.3964126
v 0.7397085 1.0261066 -1.3964126
v 0.742788 1.0296736 -1.3970593
v 0.7638115 1.0624944 -1.4017663
v 0.77198803 1.0674155 -1.4031885
v 0.80917346 1.0717316 -1.4116818
v 0.8074148 1.0740814 -1.411378
v 0.85968006 1.0770918 -1.4222631
v 0.91200393 1.076121 -1.4329501
v 0.9522011 1.0706259 -1.4406056
v 0.9268949 1.0725212 -1.4359074
v 0.93836355 1.062749 -1.4378535
v 0.93608105 1.0613896 -1.4372393
v 0.85908765 1.0746065 -1.4220773
v 0.9090578 1.0736793 -1.4322836
v 0.9232789 1.0702416 -1.4351078
v 0.9375087 1.0495212 -1.4373109
v 0.9502333 1.0214255 -1.4392048
v 0.9320519 1.0596106 -1.4363798
v 0.9495065 1.0148333 -1.4390749
v 0.9543578 1.0145032 -1.4400613
v 0.9613443 1.0149983 -1.4414703
v 0.94530517 1.0099729 -1.4379905
v 0.9513854 1.0735539 -1.4404398
v 0.9613443 1.0149983 -1.4414703
v 0.9614028 1.0133237 -1.4414736
v 0.9613443 1.0149983 -1.4414703
v 0.94995856 1.0094138 -1.4389259
v 0.96125764 1.0174797 -1.4414654
v 0.9614028 1.0133237 -1.4414736
v 0.94953597 1.0470977 -1.4118125
v 0.9465665 1.0503399 -1.4117569
v 0.91955405 1.0413519 -1.3773118
v 0.9217622 1.0385368 -1.37641
v 0.8919708 1.0308292 -1.3441489
v 0.8931926 1.028714 -1.3436726
v 0.86135983 1.0199898 -1.3129895
v 0.86271966 1.0182216 -1.3129164
v 0.8605175 1.0175676 -1.3121578
v 0.86156344 1.0125743 -1.3133132
v 0.86331135 1.0138277 -1.3131542
v 0.8624757 1.0118121 -1.314127
v 0.9553792 1.0285825 -1.4165438
v 0.9460336 1.0270382 -1.404401
v 0.9170238 1.022384 -1.3687515
v 0.89652514 1.0193064 -1.3459731
v 0.8591282 1.0180568 -1.31142
v 0.86156344 1.0125743 -1.3133132
v 0.85977095 1.0212073 -1.31225
v 0.94731975 1.052081 -1.413377
v 0.94068676 1.0647744 -1.4061842
v 0.92784965 1.0719488 -1.4170337
v 0.9513854 1.0735539 -1.4404398
v 0.9522011 1.0706259 -1.4406056
v 0.9532438 1.0668831 -1.4408172
v 0.9543578 1.0145032 -1.4400613
v 0.94530517 1.0099729 -1.4379905
v 0.94995856 1.0094138 -1.4389259
v 0.7397085 1.0261066 -1.3964126
v 0.9375087 1.0495212 -1.4373109
v 0.9447654 1.0168811 -1.4064314
v 0.9502333 1.0214255 -1.4392048
v 0.93435 1.0412091 -1.4048935
v 0.9320519 1.0596106 -1.4363798
v 0.9299221 1.0500743 -1.4041244
v 0.9430815 1.01248 -1.4061323
v 0.9495065 1.0148333 -1.4390749
v 0.9391216 1.0098879 -1.4051353
v 0.94530517 1.0099729 -1.4379905
v 0.893364 0.99273425 -1.3954273
v 0.8932173 0.9895879 -1.4269128
v 0.84840816 0.98027545 -1.3859016
v 0.8420999 0.9752321 -1.4160849
v 0.82616794 0.9754353 -1.3811256
v 0.81627387 0.9690787 -1.4105316
v 0.82295126 0.9772871 -1.3805053
v 0.8113598 0.9702963 -1.4095379
v 0.796484 0.99994427 -1.3756409
v 0.78061867 0.9957 -1.4038514
v 0.9232789 1.0702416 -1.4351078
v 0.7653401 1.0264586 -1.3700515
v 0.7445128 1.0259148 -1.3973897
v 0.76552635 1.0285279 -1.3700645
v 0.742788 1.0296736 -1.3970593
v 0.7850474 1.0555433 -1.3743905
v 0.7638115 1.0624944 -1.4017663
v 0.79205185 1.0586449 -1.3755888
v 0.77198803 1.0674155 -1.4031885
v 0.82456726 1.0619178 -1.3830174
v 0.80917346 1.0717316 -1.4116818
v 0.86838937 1.0642594 -1.3921269
v 0.85908765 1.0746065 -1.4220773
v 0.91210717 1.0631402 -1.4010454
v 0.9090578 1.0736793 -1.4322836
v 0.92342514 1.0596803 -1.4032516
v 0.93435 1.0412091 -1.4048935
v 0.89040756 1.0186784 -1.39541
v 0.9447654 1.0168811 -1.4064314
v 0.886303 1.0282658 -1.3948039
v 0.9299221 1.0500743 -1.4041244
v 0.884558 1.0317595 -1.3945007
v 0.8897439 1.0169439 -1.395292
v 0.9430815 1.01248 -1.4061323
v 0.92342514 1.0596803 -1.4032516
v 0.8819976 1.0355451 -1.3941568
v 0.91210717 1.0631402 -1.4010454
v 0.8775373 1.0369086 -1.3932874
v 0.86838937 1.0642594 -1.3921269
v 0.8603086 1.0373497 -1.3897727
v 0.82456726 1.0619178 -1.3830174
v 0.8430387 1.0364268 -1.3861827
v 0.79205185 1.0586449 -1.3755888
v 0.83022475 1.035137 -1.3832551
v 0.9391216 1.0098879 -1.4051353
v 0.8701508 1.0091623 -1.3910735
v 0.893364 0.99273425 -1.3954273
v 0.8881834 1.0159224 -1.3948991
v 0.8524342 1.0042524 -1.3873193
v 0.84840816 0.98027545 -1.3859016
v 0.8436696 1.002345 -1.3854371
v 0.82616794 0.9754353 -1.3811256
v 0.84240186 1.0030748 -1.3851926
v 0.82295126 0.9772871 -1.3805053
v 0.8319714 1.0120038 -1.3832757
v 0.796484 0.99994427 -1.3756409
v 0.9430815 1.01248 -1.4061323
v 0.8897439 1.0169439 -1.395292
v 0.8196979 1.0224528 -1.381073
v 0.7653401 1.0264586 -1.3700515
v 0.81977135 1.0232682 -1.3810781
v 0.76552635 1.0285279 -1.3700645
v 0.8274644 1.0339148 -1.382783
v 0.7850474 1.0555433 -1.3743905
v 0.83022475 1.035137 -1.3832551
v 0.79205185 1.0586449 -1.3755888
v 0.7741703 0.9717936 -1.3221985
v 0.7643212 0.9910562 -1.3315343
v 0.77387416 0.97428036 -1.3281337
v 0.76461726 0.9885694 -1.3255991
v 0.7388977 0.9682826 -1.3342502
v 0.7501499 0.95561093 -1.3362068
v 0.7405969 0.97238666 -1.3396074
v 0.7484507 0.9515068 -1.3308495
v 0.77387416 0.97428036 -1.3281337
v 0.7405969 0.97238666 -1.3396074
v 0.7501499 0.95561093 -1.3362068
v 0.7643212 0.9910562 -1.3315343
v 0.7484507 0.9515068 -1.3308495
v 0.76461726 0.9885694 -1.3255991
v 0.7741703 0.9717936 -1.3221985
v 0.7388977 0.9682826 -1.3342502
v 0.73131984 0.90765285 -1.2765749
v 0.7261369 0.9299268 -1.2778554
v 0.73621106 0.91142714 -1.27475
v 0.72124565 0.92615247 -1.2796803
v 0.7215163 0.94273025 -1.3146929
v 0.73648167 0.9280049 -1.3097626
v 0.7264075 0.9465046 -1.312868
v 0.7315905 0.92423064 -1.3115873
v 0.73621106 0.91142714 -1.27475
v 0.7264075 0.9465046 -1.312868
v 0.73648167 0.9280049 -1.3097626
v 0.7261369 0.9299268 -1.2778554
v 0.7315905 0.92423064 -1.3115873
v 0.72124565 0.92615247 -1.2796803
v 0.73131984 0.90765285 -1.2765749
v 0.7215163 0.94273025 -1.3146929
v 0.75903493 1.01828 -1.3774412
v 0.7749308 1.0120068 -1.3392756
v 0.7609566 1.0164645 -1.3709135
v 0.7917707 1.0276254 -1.3391502
v 0.77233917 1.0057102 -1.3322473
v 0.7735163 1.004598 -1.3282483
v 0.754616 1.006132 -1.3629016
v 0.7234157 0.96048546 -1.3328842
v 0.7399074 0.98216337 -1.3443156
v 0.7632425 0.9912243 -1.3213642
v 0.73089474 0.9674766 -1.3329272
v 0.7131191 0.9385099 -1.3104657
v 0.71222866 0.90998745 -1.2603313
v 0.73163426 0.9408899 -1.2835481
v 0.7093512 0.9004858 -1.2479827
v 0.6877581 0.87101924 -1.2310547
v 0.68076664 0.88578904 -1.2695849
v 0.6668066 0.86304 -1.2519448
v 0.68788606 0.867104 -1.2237508
v 0.6629953 0.857681 -1.2486705
v 0.6682666 0.85741085 -1.2392912
v 0.68048465 0.8591876 -1.2219018
v 0.66713774 0.85339063 -1.2339172
v 0.6728693 0.8531778 -1.2238653
v 0.66230226 0.8613246 -1.2564359
v 0.69224364 0.8727276 -1.2265824
v 0.6728693 0.8531778 -1.2238653
v 0.6824851 0.8568366 -1.2195023
v 0.67319214 0.85119534 -1.222965
v 0.68048465 0.8591876 -1.2219018
v 0.6728693 0.8531778 -1.2238653
v 0.6663998 0.8518985 -1.2348232
v 0.66713774 0.85339063 -1.2339172
v 0.67319214 0.85119534 -1.222965
v 0.66713774 0.85339063 -1.2339172
v 0.6670028 0.8552727 -1.240417
v 0.6682666 0.85741085 -1.2392912
v 0.6663998 0.8518985 -1.2348232
v 0.6682666 0.85741085 -1.2392912
v 0.6624887 0.8555039 -1.2484485
v 0.6629953 0.857681 -1.2486705
v 0.6670028 0.8552727 -1.240417
v 0.6629953 0.857681 -1.2486705
v 0.6623979 0.85867095 -1.2588879
v 0.66230226 0.8613246 -1.2564359
v 0.6624887 0.8555039 -1.2484485
v 0.66230226 0.8613246 -1.2564359
v 0.7232272 0.95680743 -1.334922
v 0.7234157 0.96048546 -1.3328842
v 0.6623979 0.85867095 -1.2588879
v 0.7573033 1.0117825 -1.3775156
v 0.75903493 1.01828 -1.3774412
v 0.75965434 1.0155756 -1.3804542
v 0.7735163 1.004598 -1.3282483
v 0.79395074 1.0229574 -1.3374574
v 0.77731 1.0019516 -1.3285135
v 0.7917707 1.0276254 -1.3391502
v 0.81321704 1.0148734 -1.3376391
v 0.80728555 1.0118968 -1.3359922
v 0.79058063 0.9916025 -1.3275579
v 0.79272276 0.98993194 -1.3274037
v 0.7735163 1.004598 -1.3282483
v 0.71217734 0.8994202 -1.2471662
v 0.7093512 0.9004858 -1.2479827
v 0.77731 1.0019516 -1.3285135
v 0.69224364 0.8727276 -1.2265824
v 0.6897283 0.86399734 -1.2221477
v 0.68788606 0.867104 -1.2237508
v 0.6947842 0.87204015 -1.2254431
v 0.68788606 0.867104 -1.2237508
v 0.6824851 0.8568366 -1.2195023
v 0.68048465 0.8591876 -1.2219018
v 0.6897283 0.86399734 -1.2221477
v 0.6623979 0.85867095 -1.2588879
v 0.66887337 0.83900726 -1.2466676
v 0.67047924 0.8408438 -1.254012
v 0.6624887 0.8555039 -1.2484485
v 0.6624887 0.8555039 -1.2484485
v 0.6670028 0.8552727 -1.240417
v 0.66887337 0.83900726 -1.2466676
v 0.6670028 0.8552727 -1.240417
v 0.6685847 0.83206964 -1.2405177
v 0.66887337 0.83900726 -1.2466676
v 0.6663998 0.8518985 -1.2348232
v 0.6663998 0.8518985 -1.2348232
v 0.6767258 0.82931906 -1.2296242
v 0.6685847 0.83206964 -1.2405177
v 0.67319214 0.85119534 -1.222965
v 0.67319214 0.85119534 -1.222965
v 0.6852 0.82984495 -1.2284535
v 0.6767258 0.82931906 -1.2296242
v 0.6824851 0.8568366 -1.2195023
v 0.6852 0.82984495 -1.2284535
v 0.6897283 0.86399734 -1.2221477
v 0.69254017 0.8405052 -1.2303185
v 0.6824851 0.8568366 -1.2195023
v 0.6852 0.82984495 -1.2284535
v 0.69254017 0.8405052 -1.2303185
v 0.69460773 0.83295393 -1.2347306
v 0.66887337 0.83900726 -1.2466676
v 0.67192686 0.8358005 -1.2506282
v 0.6714912 0.8375788 -1.2497466
v 0.6685847 0.83206964 -1.2405177
v 0.66887337 0.83900726 -1.2466676
v 0.6714912 0.8375788 -1.2497466
v 0.67047924 0.8408438 -1.254012
v 0.6714912 0.8375788 -1.2497466
v 0.6821737 0.83831406 -1.2548466
v 0.68043625 0.8406548 -1.2541064
v 0.6714912 0.8375788 -1.2497466
v 0.67192686 0.8358005 -1.2506282
v 0.68043625 0.8406548 -1.2541064
v 0.69040585 0.8383165 -1.2521837
v 0.6888649 0.84619683 -1.2501935
v 0.6821737 0.83831406 -1.2548466
v 0.6888649 0.84619683 -1.2501935
v 0.6955894 0.8366367 -1.2454622
v 0.6944907 0.8468939 -1.2420082
v 0.69040585 0.8383165 -1.2521837
v 0.6944907 0.8468939 -1.2420082
v 0.69460773 0.83295393 -1.2347306
v 0.69287586 0.8416048 -1.2323304
v 0.6955894 0.8366367 -1.2454622
v 0.69460773 0.83295393 -1.2347306
v 0.6897283 0.86399734 -1.2221477
v 0.7168457 0.868968 -1.2341583
v 0.71051735 0.8598295 -1.2308178
v 0.6947842 0.87204015 -1.2254431
v 0.6897283 0.86399734 -1.2221477
v 0.71051735 0.8598295 -1.2308178
v 0.69254017 0.8405052 -1.2303185
v 0.69287586 0.8416048 -1.2323304
v 0.69460773 0.83295393 -1.2347306
v 0.69254017 0.8405052 -1.2303185
v 0.69287586 0.8416048 -1.2323304
v 0.71051735 0.8598295 -1.2308178
v 0.711288 0.8587759 -1.2340311
v 0.69254017 0.8405052 -1.2303185
v 0.711288 0.8587759 -1.2340311
v 0.7168457 0.868968 -1.2341583
v 0.717465 0.86626357 -1.2371712
v 0.71051735 0.8598295 -1.2308178
v 0.72958326 0.8858295 -1.2521551
v 0.79272276 0.98993194 -1.3274037
v 0.7928005 0.98789877 -1.3303208
v 0.72949165 0.88912827 -1.2496989
v 0.7928005 0.98789877 -1.3303208
v 0.81321704 1.0148734 -1.3376391
v 0.81329983 1.0126165 -1.3404965
v 0.79272276 0.98993194 -1.3274037
v 0.79058063 0.9916025 -1.3275579
v 0.79272276 0.98993194 -1.3274037
v 0.72949165 0.88912827 -1.2496989
v 0.77035904 0.9588413 -1.3024718
v 0.7279685 0.8900336 -1.2494762
v 0.67047924 0.8408438 -1.254012
v 0.68043625 0.8406548 -1.2541064
v 0.677265 0.8430249 -1.2585094
v 0.6714912 0.8375788 -1.2497466
v 0.67047924 0.8408438 -1.254012
v 0.677265 0.8430249 -1.2585094
v 0.6623979 0.85867095 -1.2588879
v 0.66553444 0.85881585 -1.2604893
v 0.6794058 0.8515124 -1.2635466
v 0.7375017 0.94516486 -1.3359848
v 0.739307 0.9436923 -1.3361192
v 0.7763327 1.003769 -1.3824356
v 0.772359 1.0013564 -1.3794467
v 0.72498685 0.9553723 -1.3350531
v 0.7232272 0.95680743 -1.334922
v 0.759031 1.0105863 -1.377737
v 0.7573033 1.0117825 -1.3775156
v 0.75965434 1.0155756 -1.3804542
v 0.677265 0.8430249 -1.2585094
v 0.74224997 0.9426511 -1.3339757
v 0.739307 0.9436923 -1.3361192
v 0.68043625 0.8406548 -1.2541064
v 0.72717285 0.9137666 -1.3071499
v 0.74224997 0.9426511 -1.3339757
v 0.68043625 0.8406548 -1.2541064
v 0.696411 0.8638486 -1.2688626
v 0.74560934 0.943684 -1.3300967
v 0.72690207 0.8852298 -1.25576
v 0.7467278 0.9172969 -1.2803247
v 0.7545661 0.95821834 -1.3412445
v 0.7773438 0.9668166 -1.318259
v 0.7873394 0.9829838 -1.3306438
v 0.7928005 0.98789877 -1.3303208
v 0.78971344 0.98682374 -1.3335854
v 0.79135334 0.9894763 -1.3356173
v 0.78087085 1.0009038 -1.3739845
v 0.76913023 0.981852 -1.3593717
v 0.7829072 1.0041989 -1.3765156
v 0.7788732 1.0030817 -1.3812964
v 0.81329983 1.0126165 -1.3404965
v 0.72958326 0.8858295 -1.2521551
v 0.717465 0.86626357 -1.2371712
v 0.6946696 0.8613202 -1.2672539
v 0.6888649 0.84619683 -1.2501935
v 0.711288 0.8587759 -1.2340311
v 0.6944907 0.8468939 -1.2420082
v 0.68043625 0.8406548 -1.2541064
v 0.6946696 0.8613202 -1.2672539
v 0.696411 0.8638486 -1.2688626
v 0.739307 0.9436923 -1.3361192
v 0.7788732 1.0030817 -1.3812964
v 0.7763327 1.003769 -1.3824356
v 0.74224997 0.9426511 -1.3339757
v 0.717465 0.86626357 -1.2371712
v 0.72949165 0.88912827 -1.2496989
v 0.72958326 0.8858295 -1.2521551
v 0.7168457 0.868968 -1.2341583
v 0.7279685 0.8900336 -1.2494762
v 0.7168457 0.868968 -1.2341583
v 0.71681774 0.8740399 -1.2365556
v 0.72949165 0.88912827 -1.2496989
v 0.7011621 0.8820802 -1.2334088
v 0.6947842 0.87204015 -1.2254431
v 0.7093512 0.9004858 -1.2479827
v 0.7011621 0.8820802 -1.2334088
v 0.69224364 0.8727276 -1.2265824
v 0.71217734 0.8994202 -1.2471662
v 0.6944907 0.8468939 -1.2420082
v 0.69287586 0.8416048 -1.2323304
v 0.711288 0.8587759 -1.2340311
v 0.69224364 0.8727276 -1.2265824
v 0.7011621 0.8820802 -1.2334088
v 0.6947842 0.87204015 -1.2254431
v 0.72717285 0.9137666 -1.3071499
v 0.69326454 0.8671657 -1.267066
v 0.72404224 0.91708905 -1.3053358
v 0.696411 0.8638486 -1.2688626
v 0.6946696 0.8613202 -1.2672539
v 0.7237854 0.8885553 -1.2539274
v 0.6915509 0.8646431 -1.2654202
v 0.72690207 0.8852298 -1.25576
v 0.78971344 0.98682374 -1.3335854
v 0.7660169 0.9851789 -1.3575358
v 0.78660566 0.9901531 -1.3317448
v 0.76913023 0.981852 -1.3593717
v 0.76913023 0.981852 -1.3593717
v 0.75145245 0.9615457 -1.3394101
v 0.7660169 0.9851789 -1.3575358
v 0.7545661 0.95821834 -1.3412445
v 0.7873394 0.9829838 -1.3306438
v 0.78660566 0.9901531 -1.3317448
v 0.7842313 0.9863137 -1.3288046
v 0.78971344 0.98682374 -1.3335854
v 0.7545661 0.95821834 -1.3412445
v 0.7842313 0.9863137 -1.3288046
v 0.75145245 0.9615457 -1.3394101
v 0.7873394 0.9829838 -1.3306438
v 0.7773438 0.9668166 -1.318259
v 0.7424964 0.9470114 -1.3282613
v 0.77422523 0.9701432 -1.3164315
v 0.74560934 0.943684 -1.3300967
v 0.7467278 0.9172969 -1.2803247
v 0.77422523 0.9701432 -1.3164315
v 0.7436075 0.92062277 -1.278499
v 0.7773438 0.9668166 -1.318259
v 0.74560934 0.943684 -1.3300967
v 0.7436075 0.92062277 -1.278499
v 0.7424964 0.9470114 -1.3282613
v 0.7467278 0.9172969 -1.2803247
v 0.72690207 0.8852298 -1.25576
v 0.72404224 0.91708905 -1.3053358
v 0.7237854 0.8885553 -1.2539274
v 0.72717285 0.9137666 -1.3071499
v 0.7749308 1.0120068 -1.3392756
v 0.77565944 1.0021462 -1.334216
v 0.7782511 1.0084428 -1.3412443
v 0.77233917 1.0057102 -1.3322473
v 0.7632425 0.9912243 -1.3213642
v 0.7349546 0.9373259 -1.2855167
v 0.76656276 0.9876603 -1.3233328
v 0.73163426 0.9408899 -1.2835481
v 0.73089474 0.9674766 -1.3329272
v 0.76656276 0.9876603 -1.3233328
v 0.7342151 0.96391267 -1.3348958
v 0.7632425 0.9912243 -1.3213642
v 0.73163426 0.9408899 -1.2835481
v 0.7342151 0.96391267 -1.3348958
v 0.7349546 0.9373259 -1.2855167
v 0.73089474 0.9674766 -1.3329272
v 0.7131191 0.9385099 -1.3104657
v 0.715549 0.90642345 -1.2622999
v 0.7164394 0.9349459 -1.3124343
v 0.71222866 0.90998745 -1.2603313
v 0.68076664 0.88578904 -1.2695849
v 0.7164394 0.9349459 -1.3124343
v 0.684087 0.88222504 -1.2715535
v 0.7131191 0.9385099 -1.3104657
v 0.71222866 0.90998745 -1.2603313
v 0.684087 0.88222504 -1.2715535
v 0.715549 0.90642345 -1.2622999
v 0.68076664 0.88578904 -1.2695849
v 0.7399074 0.98216337 -1.3443156
v 0.75793624 1.002568 -1.3648703
v 0.7432276 0.9785993 -1.3462843
v 0.754616 1.006132 -1.3629016
v 0.77233917 1.0057102 -1.3322473
v 0.7432276 0.9785993 -1.3462843
v 0.77565944 1.0021462 -1.334216
v 0.7399074 0.98216337 -1.3443156
v 0.754616 1.006132 -1.3629016
v 0.7782511 1.0084428 -1.3412443
v 0.75793624 1.002568 -1.3648703
v 0.7749308 1.0120068 -1.3392756
v 0.7164394 0.9349459 -1.3124343
v 0.7349546 0.9373259 -1.2855167
v 0.7342151 0.96391267 -1.3348958
v 0.715549 0.90642345 -1.2622999
v 0.72498685 0.9553723 -1.3350531
v 0.7432276 0.9785993 -1.3462843
v 0.77565944 1.0021462 -1.334216
v 0.76656276 0.9876603 -1.3233328
v 0.759031 1.0105863 -1.377737
v 0.75793624 1.002568 -1.3648703
v 0.7782511 1.0084428 -1.3412443
v 0.684087 0.88222504 -1.2715535
v 0.72498685 0.9553723 -1.3350531
v 0.66553444 0.85881585 -1.2604893
v 0.7164394 0.9349459 -1.3124343
v 0.7782511 1.0084428 -1.3412443
v 0.77731 1.0019516 -1.3285135
v 0.79395074 1.0229574 -1.3374574
v 0.77565944 1.0021462 -1.334216
v 0.7782511 1.0084428 -1.3412443
v 0.79395074 1.0229574 -1.3374574
v 0.759031 1.0105863 -1.377737
v 0.71217734 0.8994202 -1.2471662
v 0.76656276 0.9876603 -1.3233328
v 0.7349546 0.9373259 -1.2855167
v 0.77731 1.0019516 -1.3285135
v 0.76656276 0.9876603 -1.3233328
v 0.77731 1.0019516 -1.3285135
v 0.77565944 1.0021462 -1.334216
v 0.71217734 0.8994202 -1.2471662
v 0.7349546 0.9373259 -1.2855167
v 0.715549 0.90642345 -1.2622999
v 0.684087 0.88222504 -1.2715535
v 0.7011621 0.8820802 -1.2334088
v 0.71217734 0.8994202 -1.2471662
v 0.66553444 0.85881585 -1.2604893
v 0.715549 0.90642345 -1.2622999
v 0.684087 0.88222504 -1.2715535
v 0.71217734 0.8994202 -1.2471662
v 0.7237854 0.8885553 -1.2539274
v 0.7424964 0.9470114 -1.3282613
v 0.7436075 0.92062277 -1.278499
v 0.72404224 0.91708905 -1.3053358
v 0.69326454 0.8671657 -1.267066
v 0.6946696 0.8613202 -1.2672539
v 0.6915509 0.8646431 -1.2654202
v 0.696411 0.8638486 -1.2688626
v 0.72404224 0.91708905 -1.3053358
v 0.6794058 0.8515124 -1.2635466
v 0.7375017 0.94516486 -1.3359848
v 0.69326454 0.8671657 -1.267066
v 0.7424964 0.9470114 -1.3282613
v 0.75145245 0.9615457 -1.3394101
v 0.7660169 0.9851789 -1.3575358
v 0.772359 1.0013564 -1.3794467
v 0.6915509 0.8646431 -1.2654202
v 0.71681774 0.8740399 -1.2365556
v 0.6794058 0.8515124 -1.2635466
v 0.7660169 0.9851789 -1.3575358
v 0.772359 1.0013564 -1.3794467
v 0.80728555 1.0118968 -1.3359922
v 0.78660566 0.9901531 -1.3317448
v 0.79058063 0.9916025 -1.3275579
v 0.7842313 0.9863137 -1.3288046
v 0.77422523 0.9701432 -1.3164315
v 0.7436075 0.92062277 -1.278499
v 0.77035904 0.9588413 -1.3024718
v 0.7279685 0.8900336 -1.2494762
v 0.7237854 0.8885553 -1.2539274
v 0.6915509 0.8646431 -1.2654202
v 0.71681774 0.8740399 -1.2365556
v 0.75145245 0.9615457 -1.3394101
v 0.77422523 0.9701432 -1.3164315
v 0.7424964 0.9470114 -1.3282613
v 0.7842313 0.9863137 -1.3288046
v 0.66553444 0.85881585 -1.2604893
v 0.71681774 0.8740399 -1.2365556
v 0.7011621 0.8820802 -1.2334088
v 0.6794058 0.8515124 -1.2635466
v 0.81321704 1.0148734 -1.3376391
v 0.79395074 1.0229574 -1.3374574
v 0.7917707 1.0276254 -1.3391502
v 0.79395074 1.0229574 -1.3374574
v 0.772359 1.0013564 -1.3794467
v 0.759031 1.0105863 -1.377737
v 0.80728555 1.0118968 -1.3359922
v 0.6573825 0.82275045 -1.161735
v 0.6511015 0.8446791 -1.2182014
v 0.6651693 0.82758045 -1.1622992
v 0.6433233 0.8398838 -1.2177032
v 0.6459811 0.8509027 -1.238549
v 0.6382059 0.84612006 -1.2380749
v 0.6291677 0.8713384 -1.3053617
v 0.6214026 0.8665973 -1.3049667
v 0.6651693 0.82758045 -1.1622992
v 0.66190094 0.815903 -1.1591192
v 0.6573825 0.82275045 -1.161735
v 0.6651693 0.82758045 -1.1622992
v 0.6695021 0.82091033 -1.1597458
v 0.6651693 0.82758045 -1.1622992
v 0.6725458 0.8236846 -1.1613535
v 0.6695021 0.82091033 -1.1597458
v 0.6717081 0.8269668 -1.1616784
v 0.6651693 0.82758045 -1.1622992
v 0.65733945 0.8443675 -1.2181242
v 0.6717081 0.8269668 -1.1616784
v 0.6511015 0.8446791 -1.2182014
v 0.6521095 0.8507012 -1.2386698
v 0.6459811 0.8509027 -1.238549
v 0.6349366 0.8714981 -1.3061322
v 0.6291677 0.8713384 -1.3053617
v 0.6214026 0.8665973 -1.3049667
v 0.6330649 0.8663699 -1.3139193
v 0.6291677 0.8713384 -1.3053617
v 0.6214026 0.8665973 -1.3049667
v 0.6245963 0.8608184 -1.3138833
v 0.6330649 0.8663699 -1.3139193
v 0.6349366 0.8714981 -1.3061322
v 0.6291677 0.8713384 -1.3053617
v 0.63687485 0.8682959 -1.3103541
v 0.6330649 0.8663699 -1.3139193
v 0.6699875 0.82134414 -1.2581813
v 0.63687485 0.8682959 -1.3103541
v 0.66583604 0.817713 -1.261857
v 0.66583604 0.817713 -1.261857
v 0.67327505 0.81639564 -1.2480196
v 0.6699875 0.82134414 -1.2581813
v 0.67045754 0.81161714 -1.2487755
v 0.67045754 0.81161714 -1.2487755
v 0.67524934 0.81182486 -1.2303741
v 0.67327505 0.81639564 -1.2480196
v 0.67304933 0.80917805 -1.2302126
v 0.67304933 0.80917805 -1.2302126
v 0.6725458 0.8236846 -1.1613535
v 0.67524934 0.81182486 -1.2303741
v 0.6695021 0.82091033 -1.1597458
v 0.67304933 0.80917805 -1.2302126
v 0.66190094 0.815903 -1.1591192
v 0.6695021 0.82091033 -1.1597458
v 0.6653601 0.8041216 -1.2320704
v 0.67045754 0.81161714 -1.2487755
v 0.6653601 0.8041216 -1.2320704
v 0.67304933 0.80917805 -1.2302126
v 0.6621116 0.807539 -1.2512082
v 0.66583604 0.817713 -1.261857
v 0.6621116 0.807539 -1.2512082
v 0.67045754 0.81161714 -1.2487755
v 0.6572199 0.81412166 -1.2635583
v 0.6330649 0.8663699 -1.3139193
v 0.6572199 0.81412166 -1.2635583
v 0.66583604 0.817713 -1.261857
v 0.6245963 0.8608184 -1.3138833
v 0.6617929 0.8357686 -1.2531606
v 0.6349366 0.8714981 -1.3061322
v 0.63687485 0.8682959 -1.3103541
v 0.6521095 0.8507012 -1.2386698
v 0.65733945 0.8443675 -1.2181242
v 0.6690257 0.82712626 -1.2241817
v 0.6725458 0.8236846 -1.1613535
v 0.65733945 0.8443675 -1.2181242
v 0.6690257 0.82712626 -1.2241817
v 0.6717081 0.8269668 -1.1616784
v 0.6725458 0.8236846 -1.1613535
v 0.6690257 0.82712626 -1.2241817
v 0.67524934 0.81182486 -1.2303741
v 0.6699875 0.82134414 -1.2581813
v 0.6617929 0.8357686 -1.2531606
v 0.63687485 0.8682959 -1.3103541
v 0.67327505 0.81639564 -1.2480196
v 0.68053067 0.8245149 -1.2598689
v 0.6699875 0.82134414 -1.2581813
v 0.6806715 0.8191347 -1.2456425
v 0.67524934 0.81182486 -1.2303741
v 0.6806715 0.8191347 -1.2456425
v 0.67327505 0.81639564 -1.2480196
v 0.68742096 0.8158505 -1.2326676
v 0.6690257 0.82712626 -1.2241817
v 0.68742096 0.8158505 -1.2326676
v 0.67524934 0.81182486 -1.2303741
v 0.6856867 0.8294235 -1.2280889
v 0.6699875 0.82134414 -1.2581813
v 0.6791426 0.8377502 -1.2552353
v 0.6617929 0.8357686 -1.2531606
v 0.68053067 0.8245149 -1.2598689
v 0.6617929 0.8357686 -1.2531606
v 0.6856867 0.8294235 -1.2280889
v 0.6690257 0.82712626 -1.2241817
v 0.6791426 0.8377502 -1.2552353
v 0.68857723 0.8377978 -1.2545662
v 0.6941644 0.83114856 -1.2328029
v 0.6856867 0.8294235 -1.2280889
v 0.69539756 0.8188335 -1.2367828
v 0.68742096 0.8158505 -1.2326676
v 0.6941644 0.83114856 -1.2328029
v 0.68053067 0.8245149 -1.2598689
v 0.68857723 0.8377978 -1.2545662
v 0.6791426 0.8377502 -1.2552353
v 0.68990326 0.8255291 -1.2586552
v 0.68990326 0.8255291 -1.2586552
v 0.6932666 0.8371974 -1.2512436
v 0.68857723 0.8377978 -1.2545662
v 0.69459265 0.8249287 -1.2553327
v 0.6941644 0.83114856 -1.2328029
v 0.69843656 0.8209872 -1.2434727
v 0.69539756 0.8188335 -1.2367828
v 0.69715554 0.83364064 -1.2393103
v 0.69715554 0.83364064 -1.2393103
v 0.69766027 0.823682 -1.250597
v 0.69843656 0.8209872 -1.2434727
v 0.6963341 0.8359507 -1.2465079
v 0.69459265 0.8249287 -1.2553327
v 0.6963341 0.8359507 -1.2465079
v 0.6932666 0.8371974 -1.2512436
v 0.69766027 0.823682 -1.250597
v 0.6932666 0.8371974 -1.2512436
v 0.6941644 0.83114856 -1.2328029
v 0.68857723 0.8377978 -1.2545662
v 0.69715554 0.83364064 -1.2393103
v 0.6963341 0.8359507 -1.2465079
v 0.69843656 0.8209872 -1.2434727
v 0.68990326 0.8255291 -1.2586552
v 0.69539756 0.8188335 -1.2367828
v 0.69459265 0.8249287 -1.2553327
v 0.69459265 0.8249287 -1.2553327
v 0.69843656 0.8209872 -1.2434727
v 0.69766027 0.823682 -1.250597
v 0.69539756 0.8188335 -1.2367828
v 0.6806715 0.8191347 -1.2456425
v 0.68742096 0.8158505 -1.2326676
v 0.68990326 0.8255291 -1.2586552
v 0.68053067 0.8245149 -1.2598689
v 0.92203075 1.0659636 -1.4323857
v 0.91220105 1.004346 -1.428814
v 0.9441998 1.0183704 -1.4356972
v 0.8905738 1.068504 -1.4260104
v 0.91658896 1.0686244 -1.431339
v 0.92092884 1.0670898 -1.4321886
v 0.86498916 0.9885945 -1.4187504
v 0.83860976 1.0663488 -1.4153178
v 0.7467841 1.0283839 -1.395559
v 0.76839745 1.0561872 -1.4006871
v 0.81672245 0.97655517 -1.4085647
v 0.9441998 1.0183704 -1.4356972
v 0.92203075 1.0659636 -1.4284045
v 0.92203075 1.0659636 -1.4323857
v 0.9441998 1.0183704 -1.4356972
v 0.9441998 1.0183704 -1.431716
v 0.91220105 1.004346 -1.428814
v 0.9441998 1.0183704 -1.431716
v 0.9441998 1.0183704 -1.4356972
v 0.91220105 1.004346 -1.428814
v 0.91220105 1.004346 -1.4248329
v 0.91658896 1.0686244 -1.431339
v 0.8905738 1.068504 -1.4220293
v 0.8905738 1.068504 -1.4260104
v 0.91658896 1.0686244 -1.4273579
v 0.83860976 1.0663488 -1.4113367
v 0.83860976 1.0663488 -1.4153178
v 0.92092884 1.0670898 -1.4321886
v 0.91658896 1.0686244 -1.4273579
v 0.91658896 1.0686244 -1.431339
v 0.92092884 1.0670898 -1.4282075
v 0.92203075 1.0659636 -1.4323857
v 0.92092884 1.0670898 -1.4282075
v 0.92092884 1.0670898 -1.4321886
v 0.92203075 1.0659636 -1.4284045
v 0.86498916 0.9885945 -1.4187504
v 0.91220105 1.004346 -1.4248329
v 0.91220105 1.004346 -1.428814
v 0.86498916 0.9885945 -1.4147693
v 0.76839745 1.0561872 -1.4006871
v 0.7467841 1.0283839 -1.3915777
v 0.7467841 1.0283839 -1.395559
v 0.76839745 1.0561872 -1.4006871
v 0.76839745 1.0561872 -1.3967059
v 0.83860976 1.0663488 -1.4153178
v 0.76839745 1.0561872 -1.3967059
v 0.76839745 1.0561872 -1.4006871
v 0.83860976 1.0663488 -1.4113367
v 0.81672245 0.97655517 -1.4085647
v 0.86498916 0.9885945 -1.4147693
v 0.86498916 0.9885945 -1.4187504
v 0.81672245 0.97655517 -1.4045836
v 0.7467841 1.0283839 -1.395559
v 0.81672245 0.97655517 -1.4045836
v 0.81672245 0.97655517 -1.4085647
v 0.7467841 1.0283839 -1.3915777
v -0.6049089 0.9472963 -2.852406
v -0.54429704 0.96971893 -2.930959
v -0.57946074 0.99513614 -2.9153893
v -0.56452096 0.9325058 -2.8805707
v -0.55649054 1.0293468 -2.964157
v -0.52238744 0.99958974 -2.9745202
v -0.533142 1.0496423 -3.0010104
v -0.5030058 1.0157695 -3.0030603
v -0.49915037 1.0627699 -3.0394824
v -0.48490512 1.0240963 -3.0235422
v -0.4922358 1.0639985 -3.0458064
v -0.48877367 1.0646136 -3.048973
v -0.4695175 1.0675818 -3.0657318
v -0.45541915 1.0306262 -3.0511138
v -0.41038698 1.0760111 -3.1145208
v -0.41012722 1.0395914 -3.0908954
v -0.3493007 1.083641 -3.1609552
v -0.3397634 1.0523714 -3.1478329
v -0.32852048 1.0860043 -3.1758952
v -0.31568888 1.056428 -3.1660705
v -0.28635052 1.09049 -3.2049675
v -0.2666684 1.0641909 -3.2014406
v -0.50021195 1.0658907 -3.035988
v -0.49329227 1.0671386 -3.0430634
v -0.48838085 1.0692497 -3.0461974
v -0.5189401 1.0654526 -2.9315484
v -0.51436543 1.0677891 -2.9364495
v -0.45703283 1.1073661 -3.0648134
v -0.282561 1.0933104 -3.2034295
v -0.26244617 1.0667858 -3.1992357
v -0.28636256 1.0919242 -3.2051523
v -0.3058536 1.1223807 -3.1823864
v -0.30207574 1.1233844 -3.180693
v -0.30754396 1.1233052 -3.1808987
v -0.30657113 1.1252699 -3.179053
v -0.3259224 1.1213958 -3.1687207
v -0.3248158 1.1235627 -3.1668603
v -0.32816702 1.1199521 -3.167516
v -0.32907408 1.120535 -3.1657598
v -0.346454 1.0853927 -3.163211
v -0.34526488 1.0890713 -3.1606014
v -0.34847966 1.0870473 -3.1590374
v -0.40555423 1.0781927 -3.1185079
v -0.399848 1.0809448 -3.1139429
v -0.40340376 1.0819781 -3.1148348
v -0.4283328 1.1090118 -3.0901484
v -0.4248247 1.1105586 -3.089044
v -0.43136615 1.1104743 -3.0871234
v -0.43018016 1.1126513 -3.0853713
v -0.45316482 1.108081 -3.0688174
v -0.45193726 1.1102362 -3.0671203
v -0.45661575 1.1064056 -3.0662506
v -0.45286995 1.1012648 -3.071272
v -0.47543097 1.0682361 -3.0608392
v -0.450139 1.1031764 -3.0730975
v -0.43200868 1.1051625 -3.0882342
v -0.42990822 1.1040894 -3.0903533
v -0.41534582 1.0775348 -3.110523
v -0.47128534 1.0720878 -3.062605
v -0.4512805 1.0999129 -3.0715795
v -0.44985002 1.1016477 -3.0729983
v -0.44784552 1.0952178 -3.0694113
v -0.44963855 1.0946537 -3.068634
v -0.4485143 1.0933094 -3.0689762
v -0.43130988 1.0970216 -3.0833452
v -0.43082032 1.0954245 -3.083798
v -0.43177748 1.1036587 -3.088109
v -0.43045437 1.103052 -3.0895019
v -0.4299908 1.0964134 -3.0847402
v -0.4177716 1.080652 -3.1069238
v -0.4182685 1.0795323 -3.1063728
v -0.4696822 1.0723128 -3.0639284
v -0.4696822 1.0723128 -3.0639284
v -0.5664591 0.92850536 -2.873351
v -0.60666996 0.9439581 -2.8463104
v -0.60839856 0.9475476 -2.8459058
v -0.5826972 0.9954841 -2.909782
v -0.5570658 1.0334197 -2.9634564
v -0.5339079 1.0529709 -2.9986908
v -0.55539596 1.0554105 -2.8892717
v -0.53147 1.0633126 -2.91901
v -0.5796669 1.0458905 -2.8619118
v -0.6131934 1.0070959 -2.802002
v -0.6637331 0.90071595 -2.669465
v -0.66340184 0.8960147 -2.6666505
v -0.6468335 0.8864196 -2.683332
v -0.63775486 0.8878319 -2.6970236
v -0.5633408 0.9272694 -2.8720942
v -0.5576402 0.932268 -2.8781183
v -0.5377121 0.9690273 -2.928185
v -0.51681626 0.99804825 -2.9714296
v -0.4986619 1.0138487 -3.000053
v -0.48158294 1.0220301 -3.0207324
v -0.45246917 1.0284936 -3.0483136
v -0.40732896 1.0373964 -3.0880094
v -0.3372006 1.0500487 -3.144838
v -0.31321362 1.0540637 -3.1630523
v -0.26482973 1.0619265 -3.1992266
v -0.2621667 1.0629985 -3.1987493
v -0.252508 1.0565493 -3.155699
v -0.2528953 1.0604405 -3.1576867
v -0.2782521 1.0958183 -3.1542315
v -0.30062288 1.126215 -3.1507492
v -0.30409715 1.1282467 -3.1486638
v -0.32795474 1.1266243 -3.127987
v -0.3327397 1.1236624 -3.1220517
v -0.35172543 1.0900292 -3.0891345
v -0.35486948 1.08795 -3.0858858
v -0.39844528 1.0828234 -3.0460854
v -0.4025785 1.0808252 -3.0402918
v -0.42531508 1.1149857 -3.0397296
v -0.43107527 1.1174964 -3.0357177
v -0.46340755 1.114153 -3.0059237
v -0.4698743 1.1113322 -2.998396
v -0.399848 1.0809448 -3.1139429
v -0.4025785 1.0808252 -3.0402918
v -0.32463038 1.1142426 -3.1718383
v -0.33387023 1.0868226 -3.172271
v -0.322926 1.1167762 -3.1723187
v -0.3100724 1.118577 -3.180881
v -0.30777305 1.1171807 -3.182956
v -0.29595095 1.0909363 -3.1986802
v -0.3225078 1.1134659 -3.1719866
v -0.33012432 1.0927459 -3.1725714
v -0.32882246 1.0920519 -3.1729517
v -0.33270195 1.0877688 -3.1726663
v -0.3202084 1.1083959 -3.1697664
v -0.31868523 1.1074017 -3.1700344
v -0.31840485 1.1092159 -3.170065
v -0.32140568 1.1158131 -3.1729462
v -0.30988 1.1170288 -3.1807625
v -0.30851963 1.116134 -3.1819415
v -0.30933326 1.1101235 -3.1763296
v -0.3088635 1.1085366 -3.1767354
v -0.30799633 1.1094934 -3.177682
v -0.29947522 1.0960293 -3.1930842
v -0.29995427 1.0953182 -3.192768
v -0.29700646 1.0921285 -3.197547
v -0.2973574 1.0914654 -3.1974413
v -0.2542429 1.0550393 -3.1531703
v -0.28955492 1.0491158 -3.1205008
v -0.32486984 1.043223 -3.0878377
v -0.39497647 1.0308269 -3.0220587
v -0.4291091 1.023803 -2.9883645
v -0.4637576 1.0173378 -2.955095
v -0.469857 1.0159159 -2.9490006
v -0.4922478 1.0060858 -2.9241204
v -0.52247643 0.97692496 -2.881158
v -0.5581819 0.91713303 -2.8108
v -0.5610666 0.9153331 -2.8065355
v -0.43045437 1.103052 -3.0895019
v -0.41534582 1.0775348 -3.110523
v -0.42990822 1.1040894 -3.0903533
v -0.4177716 1.080652 -3.1069238
v -0.43045437 1.103052 -3.0895019
v -0.4299908 1.0964134 -3.0847402
v -0.4177716 1.080652 -3.1069238
v -0.44963855 1.0946537 -3.068634
v -0.4696822 1.0723128 -3.0639284
v -0.4485143 1.0933094 -3.0689762
v -0.47128534 1.0720878 -3.062605
v -0.4696822 1.0723128 -3.0639284
v -0.43082032 1.0954245 -3.083798
v -0.4485143 1.0933094 -3.0689762
v -0.4182685 1.0795323 -3.1063728
v -0.11019218 0.7405254 -0.017375838
v -0.09252706 0.7581905 0.031081216
v -0.11019218 0.7405254 0.031081216
v -0.09252706 0.7581905 -0.017375838
v -0.09252706 0.7581905 -0.017375838
v -0.06839609 0.7646563 0.031081216
v -0.09252706 0.7581905 0.031081216
v -0.06839609 0.7646563 -0.017375838
v -0.06839609 0.7646563 -0.017375838
v -0.044265106 0.7581905 0.031081216
v -0.06839609 0.7646563 0.031081216
v -0.06839609 0.7646563 -0.017375838
v -0.044265106 0.7581905 -0.017375836
v -0.044265106 0.7581905 -0.017375836
v -0.026599988 0.7405254 0.031081216
v -0.044265106 0.7581905 0.031081216
v -0.026599988 0.7405254 -0.017375836
v -0.026599988 0.7405254 -0.017375836
v -0.020134116 0.7163943 0.031081216
v -0.026599988 0.7405254 0.031081216
v -0.020134116 0.7163943 -0.017375836
v -0.020134116 0.7163943 -0.017375836
v -0.026599988 0.6922634 0.031081216
v -0.020134116 0.7163943 0.031081216
v -0.026599988 0.6922634 -0.017375836
v -0.026599988 0.6922634 -0.017375836
v -0.044265106 0.6745983 0.031081216
v -0.026599988 0.6922634 0.031081216
v -0.044265106 0.6745983 -0.017375836
v -0.044265106 0.6745983 -0.017375836
v -0.06839609 0.6681325 0.031081216
v -0.044265106 0.6745983 0.031081216
v -0.06839609 0.6681325 -0.017375838
v -0.06839609 0.6681325 -0.017375838
v -0.09252706 0.6745983 0.031081216
v -0.06839609 0.6681325 0.031081216
v -0.06839609 0.6681325 -0.017375838
v -0.09252706 0.6745983 -0.017375838
v -0.09252706 0.6745983 -0.017375838
v -0.11019218 0.6922634 0.031081216
v -0.09252706 0.6745983 0.031081216
v -0.11019218 0.6922634 -0.017375838
v -0.11019218 0.6922634 -0.017375838
v -0.11665805 0.7163943 0.031081216
v -0.11019218 0.6922634 0.031081216
v -0.11665805 0.7163943 -0.017375838
v -0.11665805 0.7163943 -0.017375838
v -0.11019218 0.7405254 0.031081216
v -0.11665805 0.7163943 0.031081216
v -0.11019218 0.7405254 -0.017375838
v -0.09976938 0.73450774 0.009385235
v -0.08650945 0.74776757 0.009385235
v -0.06839609 0.7163943 0.009385235
v -0.06839609 0.752621 0.009385235
v -0.050282683 0.74776757 0.009385235
v -0.037022762 0.73450774 0.009385235
v -0.03216931 0.7163943 0.009385235
v -0.037022762 0.6982809 0.009385235
v -0.050282683 0.68502086 0.009385235
v -0.06839609 0.6801674 0.009385235
v -0.08650945 0.68502086 0.009385235
v -0.09976938 0.6982809 0.009385235
v -0.104622856 0.7163943 0.009385235
v -0.11019218 0.7405254 0.031081216
v -0.09111269 0.7557407 0.031081216
v -0.10774246 0.73911107 0.031081216
v -0.09252706 0.7581905 0.031081216
v -0.06839609 0.7618276 0.031081216
v -0.06839609 0.7646563 0.031081216
v -0.045679443 0.7557407 0.031081216
v -0.044265106 0.7581905 0.031081216
v -0.029049704 0.73911107 0.031081216
v -0.026599988 0.7405254 0.031081216
v -0.022962818 0.7163943 0.031081216
v -0.020134116 0.7163943 0.031081216
v -0.029049704 0.6936777 0.031081216
v -0.026599988 0.6922634 0.031081216
v -0.045679443 0.67704797 0.031081216
v -0.044265106 0.6745983 0.031081216
v -0.06839609 0.67096114 0.031081216
v -0.06839609 0.6681325 0.031081216
v -0.09111269 0.67704797 0.031081216
v -0.09252706 0.6745983 0.031081216
v -0.10774246 0.6936777 0.031081216
v -0.11019218 0.6922634 0.031081216
v -0.11382938 0.7163943 0.031081216
v -0.11665805 0.7163943 0.031081216
v -0.10774246 0.73911107 0.031081216
v -0.09111269 0.7557407 0.026757251
v -0.10774246 0.73911107 0.026757248
v -0.09111269 0.7557407 0.031081216
v -0.09111269 0.7557407 0.031081216
v -0.06839609 0.7618276 0.026757251
v -0.09111269 0.7557407 0.026757251
v -0.06839609 0.7618276 0.031081216
v -0.06839609 0.7618276 0.031081216
v -0.045679443 0.7557407 0.026757251
v -0.06839609 0.7618276 0.026757251
v -0.045679443 0.7557407 0.031081216
v -0.045679443 0.7557407 0.031081216
v -0.029049704 0.73911107 0.026757251
v -0.045679443 0.7557407 0.026757251
v -0.029049704 0.73911107 0.031081216
v -0.029049704 0.73911107 0.031081216
v -0.022962818 0.7163943 0.026757251
v -0.029049704 0.73911107 0.026757251
v -0.029049704 0.73911107 0.031081216
v -0.022962818 0.7163943 0.031081216
v -0.022962818 0.7163943 0.026757251
v -0.022962818 0.7163943 0.031081216
v -0.029049704 0.6936777 0.026757251
v -0.022962818 0.7163943 0.026757251
v -0.022962818 0.7163943 0.031081216
v -0.029049704 0.6936777 0.031081216
v -0.029049704 0.6936777 0.031081216
v -0.045679443 0.67704797 0.026757251
v -0.029049704 0.6936777 0.026757251
v -0.045679443 0.67704797 0.031081216
v -0.045679443 0.67704797 0.031081216
v -0.06839609 0.67096114 0.026757251
v -0.045679443 0.67704797 0.026757251
v -0.06839609 0.67096114 0.031081216
v -0.06839609 0.67096114 0.031081216
v -0.09111269 0.67704797 0.026757251
v -0.06839609 0.67096114 0.026757251
v -0.09111269 0.67704797 0.031081216
v -0.09111269 0.67704797 0.031081216
v -0.10774246 0.6936777 0.026757248
v -0.09111269 0.67704797 0.026757251
v -0.10774246 0.6936777 0.031081216
v -0.10774246 0.6936777 0.031081216
v -0.11382938 0.7163943 0.026757248
v -0.10774246 0.6936777 0.026757248
v -0.10774246 0.6936777 0.031081216
v -0.11382938 0.7163943 0.031081216
v -0.11382938 0.7163943 0.026757248
v -0.11382938 0.7163943 0.031081216
v -0.10774246 0.73911107 0.026757248
v -0.11382938 0.7163943 0.026757248
v -0.11382938 0.7163943 0.031081216
v -0.10774246 0.73911107 0.031081216
v -0.10774246 0.73911107 0.026757248
v -0.089773424 0.753421 0.026757251
v -0.10542272 0.7377717 0.026757248
v -0.09111269 0.7557407 0.026757251
v -0.06839609 0.759149 0.026757251
v -0.06839609 0.7618276 0.026757251
v -0.047018748 0.753421 0.026757251
v -0.045679443 0.7557407 0.026757251
v -0.031369433 0.7377717 0.026757251
v -0.029049704 0.73911107 0.026757251
v -0.025641412 0.7163943 0.026757251
v -0.11382938 0.7163943 0.026757248
v -0.11115077 0.7163943 0.026757248
v -0.10774246 0.6936777 0.026757248
v -0.029049704 0.73911107 0.026757251
v -0.022962818 0.7163943 0.026757251
v -0.031369433 0.695017 0.026757251
v -0.029049704 0.6936777 0.026757251
v -0.047018748 0.67936766 0.026757251
v -0.045679443 0.67704797 0.026757251
v -0.06839609 0.67363966 0.026757251
v -0.06839609 0.67096114 0.026757251
v -0.089773424 0.67936766 0.026757251
v -0.09111269 0.67704797 0.026757251
v -0.10542272 0.695017 0.026757248
v -0.10774246 0.6936777 0.026757248
v -0.10542272 0.7377717 0.026757248
v -0.088079594 0.7504872 0.03316219
v -0.102488935 0.73607785 0.033162184
v -0.089773424 0.753421 0.026757251
v -0.089773424 0.753421 0.026757251
v -0.06839609 0.75576127 0.03316219
v -0.088079594 0.7504872 0.03316219
v -0.06839609 0.759149 0.026757251
v -0.06839609 0.759149 0.026757251
v -0.04871256 0.7504872 0.03316219
v -0.06839609 0.75576127 0.03316219
v -0.047018748 0.753421 0.026757251
v -0.047018748 0.753421 0.026757251
v -0.034303226 0.73607785 0.03316219
v -0.04871256 0.7504872 0.03316219
v -0.031369433 0.7377717 0.026757251
v -0.031369433 0.7377717 0.026757251
v -0.02902905 0.7163943 0.03316219
v -0.034303226 0.73607785 0.03316219
v -0.025641412 0.7163943 0.026757251
v -0.025641412 0.7163943 0.026757251
v -0.034303226 0.6967108 0.03316219
v -0.02902905 0.7163943 0.03316219
v -0.031369433 0.695017 0.026757251
v -0.031369433 0.695017 0.026757251
v -0.04871256 0.68230146 0.03316219
v -0.034303226 0.6967108 0.03316219
v -0.047018748 0.67936766 0.026757251
v -0.047018748 0.67936766 0.026757251
v -0.06839609 0.67702717 0.03316219
v -0.04871256 0.68230146 0.03316219
v -0.06839609 0.67363966 0.026757251
v -0.06839609 0.67363966 0.026757251
v -0.088079594 0.68230146 0.03316219
v -0.06839609 0.67702717 0.03316219
v -0.089773424 0.67936766 0.026757251
v -0.089773424 0.67936766 0.026757251
v -0.102488935 0.6967108 0.033162184
v -0.088079594 0.68230146 0.03316219
v -0.10542272 0.695017 0.026757248
v -0.10542272 0.695017 0.026757248
v -0.1077631 0.7163943 0.033162184
v -0.102488935 0.6967108 0.033162184
v -0.11115077 0.7163943 0.026757248
v -0.11115077 0.7163943 0.026757248
v -0.102488935 0.73607785 0.033162184
v -0.1077631 0.7163943 0.033162184
v -0.10542272 0.7377717 0.026757248
v -0.102488935 0.73607785 0.033162184
v -0.08650945 0.74776757 0.03316219
v -0.09976938 0.73450774 0.033162184
v -0.088079594 0.7504872 0.03316219
v -0.06839609 0.752621 0.03316219
v -0.06839609 0.75576127 0.03316219
v -0.050282683 0.74776757 0.03316219
v -0.04871256 0.7504872 0.03316219
v -0.037022762 0.73450774 0.03316219
v -0.034303226 0.73607785 0.03316219
v -0.03216931 0.7163943 0.03316219
v -0.02902905 0.7163943 0.03316219
v -0.037022762 0.6982809 0.03316219
v -0.034303226 0.6967108 0.03316219
v -0.050282683 0.68502086 0.03316219
v -0.04871256 0.68230146 0.03316219
v -0.06839609 0.6801674 0.03316219
v -0.06839609 0.67702717 0.03316219
v -0.08650945 0.68502086 0.03316219
v -0.088079594 0.68230146 0.03316219
v -0.09976938 0.6982809 0.033162184
v -0.102488935 0.6967108 0.033162184
v -0.104622856 0.7163943 0.033162184
v -0.1077631 0.7163943 0.033162184
v -0.09976938 0.73450774 0.033162184
v -0.08650945 0.74776757 0.009385235
v -0.09976938 0.73450774 0.009385235
v -0.08650945 0.74776757 0.03316219
v -0.08650945 0.74776757 0.03316219
v -0.06839609 0.752621 0.009385235
v -0.08650945 0.74776757 0.009385235
v -0.06839609 0.752621 0.03316219
v -0.06839609 0.752621 0.03316219
v -0.050282683 0.74776757 0.009385235
v -0.06839609 0.752621 0.009385235
v -0.050282683 0.74776757 0.03316219
v -0.050282683 0.74776757 0.03316219
v -0.037022762 0.73450774 0.009385235
v -0.050282683 0.74776757 0.009385235
v -0.037022762 0.73450774 0.03316219
v -0.037022762 0.73450774 0.03316219
v -0.03216931 0.7163943 0.009385235
v -0.037022762 0.73450774 0.009385235
v -0.037022762 0.73450774 0.03316219
v -0.03216931 0.7163943 0.03316219
v -0.03216931 0.7163943 0.009385235
v -0.03216931 0.7163943 0.03316219
v -0.037022762 0.6982809 0.009385235
v -0.03216931 0.7163943 0.009385235
v -0.03216931 0.7163943 0.03316219
v -0.037022762 0.6982809 0.03316219
v -0.037022762 0.6982809 0.009385235
v -0.037022762 0.6982809 0.03316219
v -0.050282683 0.68502086 0.009385235
v -0.037022762 0.6982809 0.009385235
v -0.050282683 0.68502086 0.03316219
v -0.050282683 0.68502086 0.03316219
v -0.06839609 0.6801674 0.009385235
v -0.050282683 0.68502086 0.009385235
v -0.06839609 0.6801674 0.03316219
v -0.06839609 0.6801674 0.03316219
v -0.08650945 0.68502086 0.009385235
v -0.06839609 0.6801674 0.009385235
v -0.08650945 0.68502086 0.03316219
v -0.08650945 0.68502086 0.03316219
v -0.09976938 0.6982809 0.009385235
v -0.08650945 0.68502086 0.009385235
v -0.09976938 0.6982809 0.033162184
v -0.09976938 0.6982809 0.033162184
v -0.104622856 0.7163943 0.009385235
v -0.09976938 0.6982809 0.009385235
v -0.09976938 0.6982809 0.033162184
v -0.104622856 0.7163943 0.033162184
v -0.104622856 0.7163943 0.009385235
v -0.104622856 0.7163943 0.033162184
v -0.09976938 0.73450774 0.009385235
v -0.104622856 0.7163943 0.009385235
v -0.104622856 0.7163943 0.033162184
v -0.09976938 0.73450774 0.033162184
v -0.09976938 0.73450774 0.009385235
v -0.47399554 0.71241903 0.10893999
v -0.51405096 0.67420334 0.095799714
v -0.48455772 0.7169507 0.10461189
v -0.5026385 0.66806906 0.10065423
v -0.51050264 0.6648808 0.097608835
v -0.5147932 0.6649273 0.09586935
v -0.5174426 0.6725668 0.09450232
v -0.5923603 0.67191464 0.06376927
v -0.59319246 0.6806076 0.06321015
v -0.61171126 0.6736228 0.055637676
v -0.5969162 0.6824148 0.061614197
v -0.61423653 0.68811476 0.054242007
v -0.5988966 0.6862689 0.060685728
v -0.51456946 0.6758743 0.09506452
v -0.4859165 0.7185311 0.10352429
v -0.5184707 0.67469746 0.09324194
v -0.59182984 0.68372977 0.06075705
v -0.52292 0.6763629 0.08927374
v -0.5202619 0.6787943 0.087533474
v -0.5508541 0.6833671 0.05497689
v -0.5471113 0.6852791 0.055645827
v -0.59360665 0.68475837 0.059294637
v -0.59449804 0.68676436 0.058227457
v -0.5903262 0.68790936 0.038648255
v -0.58875775 0.68732536 0.039070047
v -0.5916897 0.6900513 0.0383855
v -0.5110847 0.6931902 0.09007996
v -0.5076224 0.6944564 0.093106076
v -0.5031324 0.7014665 0.094281994
v -0.4913114 0.71878433 0.097756416
v -0.48665366 0.7272077 0.101913966
v -0.48428476 0.7189095 0.10358986
v -0.48304403 0.71788496 0.10390045
v -0.48505968 0.7276847 0.10181093
v -0.49201128 0.720582 0.09713668
v -0.49342617 0.71785724 0.096027814
v -0.49481115 0.7199959 0.094936214
v -0.49887678 0.7178388 0.09033344
v -0.499159 0.72101074 0.09123205
v -0.50428194 0.70412505 0.09180008
v -0.5190651 0.72279066 0.066632055
v -0.520369 0.7263512 0.066648774
v -0.5043192 0.7007536 0.09385695
v -0.50572747 0.7034481 0.09189103
v -0.52587944 0.7161944 0.064803235
v -0.52331465 0.71729594 0.06496286
v -0.6006692 0.7375815 0.053614218
v -0.59983724 0.73245555 0.05420515
v -0.6037167 0.7418151 0.052936967
v -0.60213494 0.7333374 0.053625993
v -0.60713696 0.7371321 0.054931067
v -0.6140889 0.7800418 0.05007627
v -0.63030416 0.7864791 0.04320624
v -0.62295175 0.7414684 0.048256118
v -0.6010935 0.7277558 0.054079633
v -0.6064231 0.7633151 0.049237907
v -0.5974265 0.728672 0.053580422
v -0.6010935 0.7277558 0.054079633
v -0.50795615 0.69590294 0.092707
v -0.51147884 0.6951077 0.08986419
v -0.53722364 0.6991593 0.05938932
v -0.53803396 0.70191383 0.059739668
v -0.5941131 0.7233019 0.03573312
v -0.5967545 0.72032225 0.03549062
v -0.5941131 0.7233019 0.03573312
v -0.5940819 0.7211689 0.034612756
v -0.58964974 0.69028527 0.03725542
v -0.55130726 0.6848043 0.05367078
v -0.5475649 0.6857191 0.05523722
v -0.53809637 0.7001739 0.058901213
v -0.6064231 0.7633151 0.049237907
v -0.61100966 0.77830374 0.051211298
v -0.6060541 0.76493466 0.04986441
v -0.61012244 0.7799691 0.05068067
v -0.61334336 0.7812317 0.049436297
v -0.62983006 0.7873857 0.04293363
v -0.63331985 0.7874069 0.04075265
v -0.63251084 0.7886828 0.040725578
v -0.65262455 0.7991298 0.00970039
v -0.6513922 0.8010615 0.00813939
v -0.625426 0.7370883 0.046586923
v -0.6164545 0.68446463 0.052195866
v -0.6145916 0.6739439 0.053239312
v -0.6409185 0.7302204 0.01707696
v -0.6330341 0.67693925 0.021369709
v -0.60167855 0.74147946 0.050642975
v -0.6009645 0.7463267 0.032940622
v -0.59922785 0.7451398 0.03271255
v -0.6001969 0.7471587 0.03158514
v -0.6023529 0.75564957 0.03151665
v -0.6001969 0.7471587 0.03158514
v -0.5246796 0.7177255 0.06416504
v -0.5211416 0.72538745 0.06547861
v -0.60057276 0.75589454 0.031000057
v -0.5210988 0.7267583 0.0666046
v -0.520369 0.7263512 0.066648774
v -0.6002113 0.7572818 0.03180964
v -0.6023529 0.75564957 0.03151665
v -0.60057276 0.75589454 0.031000057
v -0.6064231 0.7633151 0.049237907
v -0.6023529 0.75564957 0.03151665
v -0.6064231 0.7633151 0.049237907
v -0.47423595 0.7139782 0.10792131
v -0.6513922 0.8010615 0.00813939
v -0.65262455 0.7991298 0.0076318537
v -0.6513922 0.8010615 0.006070853
v -0.65262455 0.7991298 0.00970039
v -0.65262455 0.7991298 0.00970039
v -0.6409185 0.7302204 0.015008423
v -0.65262455 0.7991298 0.0076318537
v -0.6409185 0.7302204 0.01707696
v -0.6330341 0.67693925 0.019301172
v -0.6330341 0.67693925 0.021369709
v -0.6513922 0.8010615 0.006070853
v -0.66200554 0.80417603 -0.035789214
v -0.66077316 0.80610776 -0.037350215
v -0.65262455 0.7991298 0.0076318537
v -0.65262455 0.7991298 0.0076318537
v -0.65029943 0.7352666 -0.028412644
v -0.66200554 0.80417603 -0.035789214
v -0.6409185 0.7302204 0.015008423
v -0.64241505 0.68198544 -0.024119893
v -0.6330341 0.67693925 0.019301172
v -0.46712524 0.70828277 0.11693081
v -0.4930893 0.6537354 0.10905758
v -0.49918064 0.65957725 0.10652777
v -0.45858443 0.70450056 0.12078021
v -0.5002627 0.6513655 0.10614805
v -0.5001262 0.6594775 0.106145106
v -0.59522367 0.65939444 0.06165268
v -0.59768593 0.6683127 0.06583646
v -0.7143187 0.6719227 0.016103318
v -0.71415055 0.67854154 0.01592857
v -0.73473364 0.67470694 0.0070434497
v -0.73204863 0.68125355 0.00785761
v -0.7499774 0.68087614 -4.6531996E-4
v -0.7466139 0.6881451 4.0440998E-4
v -0.76153016 0.69382596 -0.0076359
v -0.7562645 0.69976467 -0.00580716
v -0.7898609 0.75713104 -0.03136569
v -0.78107464 0.7558135 -0.02660283
v -0.5023412 0.6650893 0.10233559
v -0.46991584 0.7099804 0.114340715
v -0.5923603 0.67191464 0.06376927
v -0.5041531 0.66297346 0.10288567
v -0.7277029 0.6842861 0.0053463303
v -0.71230507 0.6822143 0.012437379
v -0.75084645 0.70058155 -0.00883999
v -0.74347454 0.6911627 -0.00213837
v -0.6839238 0.68233377 -0.01855581
v -0.5923603 0.67191464 0.06376927
v -0.71240026 0.6841565 -0.02124136
v -0.73557484 0.68907446 -0.0219297
v -0.74735427 0.69786596 -0.02131783
v -0.77483165 0.75208837 -0.025781048
v -0.7721885 0.7520629 -0.02665755
v -0.68390834 0.68411964 -0.02020307
v -0.6779221 0.683879 -0.022891108
v -0.6780222 0.6821363 -0.021241369
v -0.60120404 0.67520636 0.01637556
v -0.634849 0.6786227 -0.00593224
v -0.6341915 0.67975986 -0.00737863
v -0.7111004 0.68629956 -0.022442158
v -0.7348242 0.69044673 -0.022891108
v -0.7460715 0.6990836 -0.022891108
v -0.7710078 0.75356346 -0.026523348
v -0.7758624 0.75442183 -0.02517727
v -0.7809214 0.7569728 -0.02653811
v -0.7898356 0.75907254 -0.031033758
v -0.7930596 0.75774467 -0.03513157
v -0.76270825 0.69056934 -0.009447719
v -0.748496 0.6760315 -0.0014613699
v -0.7354052 0.67097396 0.00455141
v -0.7142828 0.66791713 0.01375751
v -0.58563685 0.65471554 0.067434035
v -0.7943927 0.76092106 -0.034905236
v -0.7743056 0.75562704 -0.02511304
v -0.77695966 0.75734305 -0.024779247
v -0.76518655 0.775441 -0.02420687
v -0.7618643 0.7737796 -0.024993218
v -0.75823784 0.7724681 -0.025601858
v -0.7644695 0.77622664 -0.02352231
v -0.7613074 0.774824 -0.023775999
v -0.76475614 0.7776874 -0.0190259
v -0.7619194 0.7758539 -0.01872463
v -0.75897175 0.7764245 -0.02273823
v -0.7595945 0.7766976 -0.01861766
v -0.72673374 0.8253171 -0.022149788
v -0.72269064 0.8256436 -0.023767771
v -0.7284358 0.82451934 -0.016164048
v -0.76291543 0.7793836 -0.01634848
v -0.7320045 0.8267142 -0.013843279
v -0.79680634 0.84570843 -0.050496366
v -0.7968312 0.8465948 -0.04592181
v -0.79572845 0.8493735 -0.044232473
v -0.7961822 0.841847 -0.050176058
v -0.7838513 0.7826538 -0.03281469
v -0.78939694 0.7753498 -0.04728731
v -0.7991002 0.837762 -0.06418766
v -0.78863883 0.76155585 -0.030228969
v -0.7951581 0.76492995 -0.03605191
v -0.799205 0.76900625 -0.04703847
v -0.7977938 0.7710078 -0.047029197
v -0.8026028 0.77193624 -0.04950333
v -0.80192256 0.7732114 -0.050278977
v -0.8157839 0.7762391 -0.05399508
v -0.81545645 0.7779493 -0.055530656
v -0.81801015 0.7764408 -0.05699845
v -0.8183107 0.7987408 -0.1097792
v -0.816018 0.80065733 -0.1091651
v -0.80749345 0.79760313 -0.10519104
v -0.7976092 0.7801122 -0.06820755
v -0.4552472 0.7032464 0.120922245
v -0.49040428 0.6518798 0.109001376
v -0.49940145 0.6466945 0.102999225
v -0.59522367 0.65939444 0.06165268
v -0.49940145 0.6466945 0.102999225
v -0.58563685 0.65471554 0.067434035
v -0.7143187 0.6719227 0.016103318
v -0.5923603 0.67191464 0.06376927
v -0.60120404 0.67520636 0.01637556
v -0.5317121 0.66726005 0.0750785
v -0.60120404 0.67520636 0.01637556
v -0.6780222 0.6821363 -0.021241369
v -0.5317121 0.66726005 0.0750785
v -0.5576058 0.6733515 -0.0011908798
v -0.5320263 0.66994137 0.06749105
v -0.5539308 0.6753043 -0.0016769699
v -0.5006971 0.74085623 0.0358568
v -0.4925147 0.7271479 0.082192704
v -0.5287106 0.66998535 0.072670214
v -0.5317121 0.66726005 0.0750785
v -0.4904648 0.72513646 0.08572354
v -0.5923603 0.67191464 0.06376927
v -0.5317121 0.66726005 0.0750785
v -0.5041531 0.66297346 0.10288567
v -0.6560928 0.80451447 -0.022891268
v -0.6420566 0.71412385 -0.022891121
v -0.6805934 0.69199765 -0.022891158
v -0.6868373 0.69199574 -0.019869238
v -0.81801015 0.7764408 -0.05699845
v -0.81491935 0.7112034 -0.040859938
v -0.8171497 0.7116943 -0.0439212
v -0.8157839 0.7762391 -0.05399508
v -0.8171497 0.7116943 -0.0439212
v -0.81491935 0.7112034 -0.040859938
v -0.8141858 0.7073103 -0.04424368
v -0.8141858 0.7073103 -0.04424368
v -0.76856893 0.6936482 -0.024601102
v -0.76468855 0.68871605 -0.02566286
v -0.81491935 0.7112034 -0.040859938
v -0.76468855 0.68871605 -0.02566286
v -0.76856893 0.6936482 -0.024601102
v -0.76575035 0.69367963 -0.02144664
v -0.7620743 0.6863396 -0.02558297
v -0.76575035 0.69367963 -0.02144664
v -0.8026028 0.77193624 -0.04950333
v -0.799205 0.76900625 -0.04703847
v -0.76856893 0.6936482 -0.024601102
v -0.8026028 0.77193624 -0.04950333
v -0.81491935 0.7112034 -0.040859938
v -0.8157839 0.7762391 -0.05399508
v -0.76856893 0.6936482 -0.024601102
v -0.8171497 0.7116943 -0.0439212
v -0.8140504 0.70116657 -0.09172519
v -0.81706494 0.7053024 -0.093490005
v -0.8141858 0.7073103 -0.04424368
v -0.81801015 0.7764408 -0.05699845
v -0.81706494 0.7053024 -0.093490005
v -0.8183107 0.7987408 -0.1097792
v -0.8171497 0.7116943 -0.0439212
v -0.8141858 0.7073103 -0.04424368
v -0.7668527 0.6844736 -0.077606745
v -0.8140504 0.70116657 -0.09172519
v -0.76468855 0.68871605 -0.02566286
v -0.76468855 0.68871605 -0.02566286
v -0.7642124 0.682224 -0.077053204
v -0.7668527 0.6844736 -0.077606745
v -0.7620743 0.6863396 -0.02558297
v -0.7943927 0.76092106 -0.034905236
v -0.7930596 0.75774467 -0.03513157
v -0.799205 0.76900625 -0.04703847
v -0.76575035 0.69367963 -0.02144664
v -0.76270825 0.69056934 -0.009447719
v -0.7620743 0.6863396 -0.02558297
v -0.76575035 0.69367963 -0.02144664
v -0.76270825 0.69056934 -0.009447719
v -0.76270825 0.69056934 -0.009447719
v -0.748496 0.6760315 -0.0014613699
v -0.7620743 0.6863396 -0.02558297
v -0.7620743 0.6863396 -0.02558297
v -0.7394559 0.66564673 -0.06961913
v -0.7642124 0.682224 -0.077053204
v -0.748496 0.6760315 -0.0014613699
v -0.7394559 0.66564673 -0.06961913
v -0.7354052 0.67097396 0.00455141
v -0.718913 0.6626277 -0.06099878
v -0.748496 0.6760315 -0.0014613699
v -0.718913 0.6626277 -0.06099878
v -0.7142828 0.66791713 0.01375751
v -0.7148021 0.6622348 -0.059208516
v -0.7354052 0.67097396 0.00455141
v -0.58563685 0.65471554 0.067434035
v -0.5797303 0.64901376 -5.6769E-4
v -0.49940145 0.6466945 0.102999225
v -0.51212364 0.64280736 0.028678222
v -0.48148733 0.64406335 0.098067485
v -0.50930756 0.6426553 0.03124269
v -0.48042503 0.643969 0.098497674
v -0.46197638 0.6423321 0.10596861
v -0.46040198 0.6400152 0.07577793
v -0.49940145 0.6466945 0.102999225
v -0.47445917 0.6485634 0.10482725
v -0.48148733 0.64406335 0.098067485
v -0.49040428 0.6518798 0.109001376
v -0.48148733 0.64406335 0.098067485
v -0.47376028 0.6484119 0.10510087
v -0.48042503 0.643969 0.098497674
v -0.47445917 0.6485634 0.10482725
v -0.46162376 0.6457822 0.10985263
v -0.46197638 0.6423321 0.10596861
v -0.46040198 0.6400152 0.07577793
v -0.45918238 0.64358884 0.106017396
v -0.45760885 0.6412709 0.07582717
v -0.46197638 0.6423321 0.10596861
v -0.45918238 0.64358884 0.106017396
v -0.46197638 0.6423321 0.10596861
v -0.46162376 0.6457822 0.10985263
v -0.45918238 0.64358884 0.106017396
v -0.45162696 0.6621614 0.11379175
v -0.44824967 0.660367 0.11195715
v -0.46162376 0.6457822 0.10985263
v -0.44824967 0.660367 0.11195715
v -0.45024607 0.66571015 0.114258915
v -0.44617102 0.6651126 0.11178814
v -0.45162696 0.6621614 0.11379175
v -0.44617102 0.6651126 0.11178814
v -0.45075116 0.67075676 0.113907695
v -0.44651017 0.67025703 0.11227087
v -0.45024607 0.66571015 0.114258915
v -0.44651017 0.67025703 0.11227087
v -0.45155814 0.67501646 0.11343553
v -0.44745916 0.6749112 0.110965475
v -0.45075116 0.67075676 0.113907695
v -0.44745916 0.6749112 0.110965475
v -0.44970226 0.68121254 0.1139163
v -0.44633797 0.6793824 0.11214145
v -0.45155814 0.67501646 0.11343553
v -0.44633797 0.6793824 0.11214145
v -0.43435362 0.70480275 0.11855886
v -0.43076256 0.7029258 0.11603857
v -0.44970226 0.68121254 0.1139163
v -0.43076256 0.7029258 0.11603857
v -0.43435362 0.70480275 0.11855886
v -0.43220904 0.70737463 0.11614745
v -0.43220904 0.70737463 0.11614745
v -0.46516982 0.7180907 0.10525766
v -0.46343026 0.7205207 0.10364809
v -0.43435362 0.70480275 0.11855886
v -0.46343026 0.7205207 0.10364809
v -0.46850258 0.71981984 0.103011794
v -0.4662442 0.7218441 0.10173244
v -0.46516982 0.7180907 0.10525766
v -0.46850258 0.71981984 0.103011794
v -0.46770224 0.7139992 0.104627855
v -0.4711142 0.7156784 0.10234418
v -0.46516982 0.7180907 0.10525766
v -0.43076256 0.7029258 0.11603857
v -0.43057144 0.70807457 0.10523687
v -0.42909354 0.7036541 0.10478685
v -0.43220904 0.70737463 0.11614745
v -0.43057144 0.70807457 0.10523687
v -0.46343026 0.7205207 0.10364809
v -0.45881245 0.72045326 0.091925114
v -0.43220904 0.70737463 0.11614745
v -0.4662442 0.7218441 0.10173244
v -0.47616857 0.7291196 0.07520509
v -0.48805988 0.73269147 0.08113706
v -0.4842888 0.7367598 0.040214837
v -0.49717867 0.7421488 0.03536522
v -0.4662442 0.7218441 0.10173244
v -0.4901675 0.7306708 0.082275875
v -0.48805988 0.73269147 0.08113706
v -0.46850258 0.71981984 0.103011794
v -0.48805988 0.73269147 0.08113706
v -0.4901675 0.7306708 0.082275875
v -0.49100196 0.7315479 0.080178276
v -0.48805988 0.73269147 0.08113706
v -0.5006971 0.74085623 0.0358568
v -0.49717867 0.7421488 0.03536522
v -0.49100196 0.7315479 0.080178276
v -0.4901675 0.7306708 0.082275875
v -0.4711142 0.7156784 0.10234418
v -0.49218914 0.7285808 0.08127901
v -0.46850258 0.71981984 0.103011794
v -0.4711142 0.7156784 0.10234418
v -0.46833596 0.71316135 0.105259836
v -0.4719814 0.7150153 0.102809705
v -0.46770224 0.7139992 0.104627855
v -0.4719814 0.7150153 0.102809705
v -0.4579397 0.70534486 0.12014721
v -0.46673423 0.70922285 0.11613033
v -0.46833596 0.71316135 0.105259836
v -0.4689691 0.71056676 0.11397141
v -0.4895298 0.7257166 0.08536169
v -0.45517698 0.70447785 0.120285936
v -0.4422005 0.7017674 0.116505064
v -0.46673423 0.70922285 0.11613033
v -0.45858443 0.70450056 0.12078021
v -0.46712524 0.70828277 0.11693081
v -0.4579397 0.70534486 0.12014721
v -0.4689691 0.71056676 0.11397141
v -0.46712524 0.70828277 0.11693081
v -0.46991584 0.7099804 0.114340715
v -0.46673423 0.70922285 0.11613033
v -0.46991584 0.7099804 0.114340715
v -0.4895298 0.7257166 0.08536169
v -0.4689691 0.71056676 0.11397141
v -0.4904648 0.72513646 0.08572354
v -0.4719814 0.7150153 0.102809705
v -0.49218914 0.7285808 0.08127901
v -0.4711142 0.7156784 0.10234418
v -0.4895298 0.7257166 0.08536169
v -0.46833596 0.71316135 0.105259836
v -0.44155505 0.7026133 0.11586901
v -0.4422005 0.7017674 0.116505064
v -0.46770224 0.7139992 0.104627855
v -0.4422005 0.7017674 0.116505064
v -0.4398611 0.70052254 0.11669303
v -0.440636 0.7001969 0.11666292
v -0.44155505 0.7026133 0.11586901
v -0.45858443 0.70450056 0.12078021
v -0.45517698 0.70447785 0.120285936
v -0.4552472 0.7032464 0.120922245
v -0.4579397 0.70534486 0.12014721
v -0.4552472 0.7032464 0.120922245
v -0.4422005 0.7017674 0.116505064
v -0.440636 0.7001969 0.11666292
v -0.45517698 0.70447785 0.120285936
v -0.44155505 0.7026133 0.11586901
v -0.46516982 0.7180907 0.10525766
v -0.43435362 0.70480275 0.11855886
v -0.46770224 0.7139992 0.104627855
v -0.4398611 0.70052254 0.11669303
v -0.46499214 0.6619144 0.108435646
v -0.44970226 0.68121254 0.1139163
v -0.45155814 0.67501646 0.11343553
v -0.45075116 0.67075676 0.113907695
v -0.46499214 0.6619144 0.108435646
v -0.45024607 0.66571015 0.114258915
v -0.45162696 0.6621614 0.11379175
v -0.46162376 0.6457822 0.10985263
v -0.47376028 0.6484119 0.10510087
v -0.440636 0.7001969 0.11666292
v -0.46499214 0.6619144 0.108435646
v -0.46554965 0.66226804 0.10844053
v -0.4398611 0.70052254 0.11669303
v -0.47376028 0.6484119 0.10510087
v -0.46554965 0.66226804 0.10844053
v -0.46499214 0.6619144 0.108435646
v -0.47445917 0.6485634 0.10482725
v -0.46554965 0.66226804 0.10844053
v -0.47445917 0.6485634 0.10482725
v -0.49040428 0.6518798 0.109001376
v -0.4552472 0.7032464 0.120922245
v -0.440636 0.7001969 0.11666292
v -0.45760885 0.6412709 0.07582717
v -0.44824967 0.660367 0.11195715
v -0.44463348 0.660228 0.07782668
v -0.45918238 0.64358884 0.106017396
v -0.44463348 0.660228 0.07782668
v -0.44617102 0.6651126 0.11178814
v -0.4430704 0.6634231 0.077803865
v -0.44824967 0.660367 0.11195715
v -0.4430704 0.6634231 0.077803865
v -0.44651017 0.67025703 0.11227087
v -0.44246295 0.6689122 0.07580155
v -0.44617102 0.6651126 0.11178814
v -0.44246295 0.6689122 0.07580155
v -0.44745916 0.6749112 0.110965475
v -0.44366366 0.6728969 0.07580446
v -0.44651017 0.67025703 0.11227087
v -0.44366366 0.6728969 0.07580446
v -0.44633797 0.6793824 0.11214145
v -0.44249606 0.67921996 0.07582632
v -0.44745916 0.6749112 0.110965475
v -0.44249606 0.67921996 0.07582632
v -0.43076256 0.7029258 0.11603857
v -0.42909354 0.7036541 0.10478685
v -0.44633797 0.6793824 0.11214145
v -0.7519647 0.7677855 -0.023401635
v -0.73675877 0.7793525 -0.0061752605
v -0.7439751 0.76518947 -0.0061752605
v -0.7435551 0.7842904 -0.023401635
v -0.725519 0.7905921 -0.0061752605
v -0.7304568 0.7973886 -0.023401635
v -0.711356 0.7978085 -0.0061752605
v -0.71395206 0.80579823 -0.023401635
v -0.69565624 0.800295 -0.0061752605
v -0.69565624 0.808696 -0.023401635
v -0.6799567 0.7978085 -0.0061752605
v -0.67736053 0.80579823 -0.023401635
v -0.6657936 0.7905921 -0.0061752605
v -0.6608558 0.7973886 -0.023401635
v -0.6545539 0.7793525 -0.0061752605
v -0.64775753 0.78429013 -0.023401635
v -0.6473375 0.76518947 -0.0061752605
v -0.6393479 0.7677855 -0.023401635
v -0.64485097 0.7494897 -0.0061752605
v -0.6364502 0.7494897 -0.023401635
v -0.6473375 0.7337901 -0.0061752605
v -0.6393479 0.73119396 -0.023401635
v -0.6545539 0.7196271 -0.0061752605
v -0.64775753 0.7146893 -0.023401635
v -0.6657936 0.7083874 -0.0061752605
v -0.6608558 0.70159084 -0.023401635
v -0.6799567 0.7011709 -0.0061752605
v -0.67736053 0.6931814 -0.023401635
v -0.69565624 0.69868445 -0.0061752605
v -0.69565624 0.6902835 -0.023401635
v -0.711356 0.7011709 -0.0061752605
v -0.71395206 0.6931814 -0.023401635
v -0.725519 0.7083874 -0.0061752605
v -0.7304568 0.70159084 -0.023401635
v -0.73675865 0.7196271 -0.0061752605
v -0.7435551 0.7146893 -0.023401635
v -0.7439751 0.7337901 -0.0061752605
v -0.7519647 0.73119396 -0.023401635
v -0.7464617 0.7494897 -0.0061752605
v -0.7548625 0.7494897 -0.023401635
v -0.74310523 0.76490676 -0.0049927784
v -0.73601884 0.7788147 -0.0049927784
v -0.72498137 0.78985226 -0.0049927784
v -0.71107346 0.79693854 -0.0049927784
v -0.69565624 0.79938054 -0.0049927784
v -0.745547 0.7494897 -0.0049927784
v -0.74310523 0.7340727 -0.0049927784
v -0.68023926 0.79693854 -0.0049927784
v -0.6663313 0.78985226 -0.0049927784
v -0.65529394 0.7788147 -0.0049927784
v -0.6482075 0.76490676 -0.0049927756
v -0.6457656 0.7494897 -0.0049927756
v -0.6482075 0.7340727 -0.0049927756
v -0.65529394 0.7201648 -0.0049927756
v -0.6663313 0.7091274 -0.0049927756
v -0.68023926 0.7020409 -0.0049927756
v -0.69565624 0.69959915 -0.0049927756
v -0.71107346 0.7020409 -0.0049927756
v -0.72498137 0.7091274 -0.0049927756
v -0.73601866 0.7201648 -0.0049927784
v -0.7359852 0.76259345 -0.008557537
v -0.72996217 0.7744144 -0.008557537
v -0.69565624 0.7494897 -0.008557537
v -0.72058094 0.7837956 -0.008557537
v -0.70875996 0.7898187 -0.008557537
v -0.69565624 0.7918941 -0.008557537
v -0.6825526 0.7898187 -0.008557537
v -0.67073154 0.7837956 -0.008557537
v -0.66135055 0.7744144 -0.008557537
v -0.6553274 0.76259345 -0.008557537
v -0.65325195 0.7494897 -0.008557537
v -0.6553274 0.7363862 -0.008557537
v -0.66135055 0.7245652 -0.008557537
v -0.67073154 0.71518403 -0.008557537
v -0.6825526 0.7091609 -0.008557537
v -0.69565624 0.70708543 -0.008557537
v -0.70875996 0.7091609 -0.008557537
v -0.72058094 0.71518403 -0.008557537
v -0.72996205 0.7245652 -0.008557537
v -0.7359852 0.7363862 -0.008557537
v -0.7380606 0.7494897 -0.008557537
v -0.74310523 0.76490676 -0.0049927784
v -0.72996217 0.7744144 -0.0049927784
v -0.7359852 0.76259345 -0.0049927784
v -0.73601884 0.7788147 -0.0049927784
v -0.72058094 0.7837956 -0.0049927784
v -0.72498137 0.78985226 -0.0049927784
v -0.70875996 0.7898187 -0.0049927784
v -0.71107346 0.79693854 -0.0049927784
v -0.69565624 0.7918941 -0.0049927784
v -0.69565624 0.79938054 -0.0049927784
v -0.6825526 0.7898187 -0.0049927784
v -0.68023926 0.79693854 -0.0049927784
v -0.67073154 0.7837956 -0.0049927784
v -0.6663313 0.78985226 -0.0049927784
v -0.66135055 0.7744144 -0.0049927784
v -0.65529394 0.7788147 -0.0049927784
v -0.6553274 0.76259345 -0.0049927784
v -0.6482075 0.76490676 -0.0049927756
v -0.65325195 0.7494897 -0.0049927756
v -0.6457656 0.7494897 -0.0049927756
v -0.6553274 0.7363862 -0.0049927756
v -0.6482075 0.7340727 -0.0049927756
v -0.66135055 0.7245652 -0.0049927756
v -0.65529394 0.7201648 -0.0049927756
v -0.67073154 0.71518403 -0.0049927756
v -0.6663313 0.7091274 -0.0049927756
v -0.6825526 0.7091609 -0.0049927756
v -0.68023926 0.7020409 -0.0049927756
v -0.69565624 0.70708543 -0.0049927756
v -0.69565624 0.69959915 -0.0049927756
v -0.70875996 0.7091609 -0.0049927756
v -0.71107346 0.7020409 -0.0049927756
v -0.72058094 0.71518403 -0.0049927756
v -0.72498137 0.7091274 -0.0049927756
v -0.72996205 0.7245652 -0.0049927784
v -0.73601866 0.7201648 -0.0049927784
v -0.7359852 0.7363862 -0.0049927784
v -0.74310523 0.7340727 -0.0049927784
v -0.7380606 0.7494897 -0.0049927784
v -0.745547 0.7494897 -0.0049927784
v -0.7359852 0.76259345 -0.0049927784
v -0.72996217 0.7744144 -0.008557537
v -0.7359852 0.76259345 -0.008557537
v -0.72996217 0.7744144 -0.0049927784
v -0.72996217 0.7744144 -0.0049927784
v -0.72058094 0.7837956 -0.008557537
v -0.72996217 0.7744144 -0.008557537
v -0.72058094 0.7837956 -0.0049927784
v -0.72058094 0.7837956 -0.0049927784
v -0.70875996 0.7898187 -0.008557537
v -0.72058094 0.7837956 -0.008557537
v -0.70875996 0.7898187 -0.0049927784
v -0.70875996 0.7898187 -0.0049927784
v -0.69565624 0.7918941 -0.008557537
v -0.70875996 0.7898187 -0.008557537
v -0.69565624 0.7918941 -0.0049927784
v -0.69565624 0.7918941 -0.0049927784
v -0.6825526 0.7898187 -0.008557537
v -0.69565624 0.7918941 -0.008557537
v -0.6825526 0.7898187 -0.0049927784
v -0.6825526 0.7898187 -0.0049927784
v -0.67073154 0.7837956 -0.008557537
v -0.6825526 0.7898187 -0.008557537
v -0.67073154 0.7837956 -0.0049927784
v -0.67073154 0.7837956 -0.0049927784
v -0.66135055 0.7744144 -0.008557537
v -0.67073154 0.7837956 -0.008557537
v -0.66135055 0.7744144 -0.0049927784
v -0.66135055 0.7744144 -0.0049927784
v -0.6553274 0.76259345 -0.008557537
v -0.66135055 0.7744144 -0.008557537
v -0.6553274 0.76259345 -0.0049927784
v -0.6553274 0.76259345 -0.0049927784
v -0.65325195 0.7494897 -0.008557537
v -0.6553274 0.76259345 -0.008557537
v -0.6553274 0.76259345 -0.0049927784
v -0.65325195 0.7494897 -0.0049927756
v -0.65325195 0.7494897 -0.008557537
v -0.65325195 0.7494897 -0.0049927756
v -0.6553274 0.7363862 -0.008557537
v -0.65325195 0.7494897 -0.008557537
v -0.65325195 0.7494897 -0.0049927756
v -0.6553274 0.7363862 -0.0049927756
v -0.6553274 0.7363862 -0.008557537
v -0.6553274 0.7363862 -0.0049927756
v -0.66135055 0.7245652 -0.008557537
v -0.6553274 0.7363862 -0.008557537
v -0.66135055 0.7245652 -0.0049927756
v -0.66135055 0.7245652 -0.0049927756
v -0.67073154 0.71518403 -0.008557537
v -0.66135055 0.7245652 -0.008557537
v -0.67073154 0.71518403 -0.0049927756
v -0.67073154 0.71518403 -0.0049927756
v -0.6825526 0.7091609 -0.008557537
v -0.67073154 0.71518403 -0.008557537
v -0.6825526 0.7091609 -0.0049927756
v -0.6825526 0.7091609 -0.0049927756
v -0.69565624 0.70708543 -0.008557537
v -0.6825526 0.7091609 -0.008557537
v -0.69565624 0.70708543 -0.0049927756
v -0.69565624 0.70708543 -0.0049927756
v -0.70875996 0.7091609 -0.008557537
v -0.69565624 0.70708543 -0.008557537
v -0.70875996 0.7091609 -0.0049927756
v -0.70875996 0.7091609 -0.0049927756
v -0.72058094 0.71518403 -0.008557537
v -0.70875996 0.7091609 -0.008557537
v -0.72058094 0.71518403 -0.0049927756
v -0.72058094 0.71518403 -0.0049927756
v -0.72996205 0.7245652 -0.008557537
v -0.72058094 0.71518403 -0.008557537
v -0.72996205 0.7245652 -0.0049927784
v -0.72996205 0.7245652 -0.0049927784
v -0.7359852 0.7363862 -0.008557537
v -0.72996205 0.7245652 -0.008557537
v -0.7359852 0.7363862 -0.0049927784
v -0.7359852 0.7363862 -0.0049927784
v -0.7380606 0.7494897 -0.008557537
v -0.7359852 0.7363862 -0.008557537
v -0.7359852 0.7363862 -0.0049927784
v -0.7380606 0.7494897 -0.0049927784
v -0.7380606 0.7494897 -0.008557537
v -0.7380606 0.7494897 -0.0049927784
v -0.7359852 0.76259345 -0.008557537
v -0.7380606 0.7494897 -0.008557537
v -0.7380606 0.7494897 -0.0049927784
v -0.7359852 0.76259345 -0.0049927784
v -0.7359852 0.76259345 -0.008557537
v -0.80207115 0.84727734 -0.04636158
v -0.7972059 0.7845863 -0.03051151
v -0.82911414 0.85798126 -0.059382
v -0.7664616 0.77069306 -0.01575169
v -0.79708374 0.78240865 -0.029964307
v -0.7666686 0.7679275 -0.015209269
v -0.8018552 0.7747438 -0.029974079
v -0.7749951 0.7557867 -0.01557036
v -0.8033029 0.77361846 -0.03025031
v -0.77697986 0.75565296 -0.016278299
v -0.85165906 0.7913331 -0.052408118
v -0.8514037 0.7839037 -0.0505224
v -0.8690477 0.7988546 -0.06293182
v -0.8674577 0.7908824 -0.06169716
v -0.8781009 0.8058761 -0.076408364
v -0.87639767 0.798699 -0.07870534
v -0.88186234 0.8115461 -0.08891747
v -0.8779512 0.8012533 -0.0852585
v -0.90168107 0.8480808 -0.17261524
v -0.89939785 0.84087926 -0.17534068
v -0.9081996 0.86084884 -0.20175415
v -0.9060409 0.8538921 -0.20557053
v -0.90980583 0.86485195 -0.20501934
v -0.9076645 0.8578193 -0.20953731
v -0.9279801 0.9137286 -0.22355406
v -0.9289829 0.9153658 -0.23063499
v -0.8516923 0.7832642 -0.051037457
v -0.7770394 0.754887 -0.016781561
v -0.77451336 0.7550475 -0.01592848
v -0.7659847 0.76748604 -0.015398509
v -0.76577765 0.7709149 -0.015992058
v -0.8017102 0.8474314 -0.046395957
v -0.8046307 0.8503159 -0.048304718
v -0.80490553 0.8498639 -0.04804137
v -0.82988304 0.85872006 -0.06005556
v -0.79737806 0.784086 -0.03159305
v -0.79730034 0.7823214 -0.03113476
v -0.80202764 0.7748676 -0.031111177
v -0.8046347 0.7741098 -0.03137071
v -0.85157967 0.79195684 -0.05303339
v -0.8678085 0.79916847 -0.062737584
v -0.8764746 0.80581653 -0.074631415
v -0.8809809 0.81239355 -0.08876186
v -0.90081215 0.8489406 -0.17243548
v -0.9072343 0.8615709 -0.20139167
v -0.909093 0.8653475 -0.20441587
v -0.8046347 0.7754435 -0.034534063
v -0.80202764 0.7762013 -0.034274533
v -0.85157967 0.79329056 -0.05619674
v -0.8678085 0.8005021 -0.06590094
v -0.8764746 0.80715024 -0.07779477
v -0.8809809 0.81372726 -0.09192522
v -0.90081215 0.8502743 -0.17559883
v -0.9072343 0.86290455 -0.20455503
v -0.909093 0.8653475 -0.20441587
v -0.909093 0.8666812 -0.20757923
v -0.9270135 0.9145395 -0.22322297
v -0.909093 0.8653475 -0.20441587
v -0.9270135 0.9145395 -0.22322297
v -0.909093 0.8653475 -0.20441587
v -0.9270135 0.9145395 -0.22322297
v -0.92814755 0.9162577 -0.2305464
v -0.9286037 0.9159284 -0.23153782
v -0.9287281 0.91480786 -0.23154391
v -0.9074072 0.85772085 -0.21004942
v -0.90559936 0.85349387 -0.20583618
v -0.89895743 0.8404778 -0.17561178
v -0.8776699 0.80111057 -0.08539045
v -0.87582695 0.7981047 -0.07863214
v -0.86610067 0.78966945 -0.060787007
v -0.86610067 0.79100317 -0.06395036
v -0.8516923 0.78459793 -0.05420081
v -0.7770394 0.7562207 -0.019944916
v -0.77451336 0.7563812 -0.019091835
v -0.7659847 0.7688197 -0.018561864
v -0.76577765 0.77224857 -0.019155413
v -0.8017102 0.8487651 -0.04955931
v -0.8046307 0.8516496 -0.05146807
v -0.82988304 0.85872006 -0.06005556
v -0.82988304 0.8600538 -0.063218914
v -0.87582695 0.79943836 -0.08179549
v -0.8776699 0.8024443 -0.08855381
v -0.89895743 0.8418115 -0.17877513
v -0.90559936 0.8548276 -0.20899953
v -0.9074072 0.85905457 -0.21321277
v -0.9287281 0.91614157 -0.23470728
v -0.9286037 0.9172621 -0.23470117
v -0.9286037 0.9172621 -0.23470117
v -0.92814755 0.9175914 -0.23370975
v -0.9270135 0.9158732 -0.22638634
v -0.9286037 0.9172621 -0.23470117
v -0.9270135 0.9145395 -0.22322297
v -0.82988304 0.8600538 -0.063218914
v -0.82988304 0.85872006 -0.06005556
v -0.79737806 0.7854197 -0.034756403
v -0.79730034 0.78365505 -0.034298114
v -0.8390833 0.85336804 -0.06006636
v -0.85518676 0.80119354 -0.053931057
v -0.88117707 0.8674491 -0.07969447
v -0.8108115 0.7883602 -0.034315348
v -0.8114409 0.7851312 -0.03379757
v -0.8127872 0.78498065 -0.03426604
v -0.8718555 0.8089421 -0.06337817
v -0.8922728 0.8712161 -0.085478276
v -0.8832431 0.8174371 -0.076847844
v -0.9029113 0.87564975 -0.09534091
v -0.8892392 0.8256003 -0.09430342
v -0.9102776 0.8816859 -0.1161975
v -0.9043987 0.8532625 -0.1574946
v -0.9155901 0.8888434 -0.14590651
v -0.91157985 0.8670023 -0.18922222
v -0.925175 0.9029244 -0.2055553
v -0.9133933 0.8713343 -0.19361034
v -0.8102399 0.78863674 -0.03423975
v -0.8382661 0.8534324 -0.05983692
v -0.81107116 0.7848885 -0.0336424
v -0.8130208 0.78433836 -0.03428819
v -0.870983 0.80737853 -0.06275101
v -0.8837265 0.8173785 -0.07841811
v -0.8890347 0.8251041 -0.0945751
v -0.9041847 0.852772 -0.15775904
v -0.9113666 0.86651254 -0.18948081
v -0.91332877 0.8711671 -0.19411668
v -0.9251013 0.90275997 -0.20606293
v -0.92531437 0.9037357 -0.20534489
v -0.9157188 0.88964844 -0.14569333
v -0.9103996 0.88249016 -0.11597887
v -0.90439075 0.8775202 -0.09769209
v -0.89123625 0.8717099 -0.0851293
v -0.8808881 0.86811227 -0.07983931
v -0.83879805 0.854031 -0.060203526
v -0.8316969 0.85912883 -0.060577724
v -0.8309909 0.85863173 -0.060210656
v -0.79885817 0.7846599 -0.03109767
v -0.91150165 0.88983893 -0.12023862
v -0.9040297 0.8841312 -0.09940696
v -0.8905661 0.8788572 -0.08836648
v -0.8828922 0.8762695 -0.0845631
v -0.8310172 0.8579863 -0.063114725
v -0.83045584 0.85767716 -0.062857665
v -0.79834855 0.7839489 -0.03382328
v -0.9087589 0.8897775 -0.12098872
v -0.91309154 0.8959016 -0.14530572
v -0.9159204 0.89576274 -0.14486006
v -0.927719 0.9132389 -0.21903586
v -0.9277935 0.9136027 -0.22170444
v -0.92490965 0.9136408 -0.21923916
v -0.9250838 0.914489 -0.22154646
v -0.90194297 0.88354874 -0.10105638
v -0.8894012 0.87781024 -0.090735465
v -0.8821109 0.875047 -0.087035894
v -0.90997523 0.8655652 -0.20332927
v -0.9277935 0.9136027 -0.22170444
v -0.90737355 0.8667417 -0.20309371
v -0.9054869 0.86232334 -0.19882321
v -0.9080216 0.86099124 -0.19893381
v -0.90997523 0.8655652 -0.20332927
v -0.9001239 0.8456109 -0.16292652
v -0.88319135 0.8145205 -0.09180603
v -0.8807833 0.81042534 -0.082595594
v -0.8704446 0.8006934 -0.064400226
v -0.85157573 0.7924938 -0.05249856
v -0.8554922 0.8003668 -0.053981617
v -0.804549 0.77468383 -0.03085025
v -0.803128 0.7751994 -0.03050668
v -0.7986633 0.7815843 -0.03043374
v -0.79885817 0.7846599 -0.03109767
v -0.8024461 0.7748836 -0.033271637
v -0.7980758 0.78110677 -0.033197906
v -0.7986633 0.7815843 -0.03043374
v -0.79885817 0.7846599 -0.03109767
v -0.80354923 0.7746469 -0.03351696
v -0.85012233 0.79282707 -0.05492843
v -0.8683493 0.80144435 -0.06599427
v -0.87823224 0.8115564 -0.08310292
v -0.8806537 0.81585073 -0.09185399
v -0.8976216 0.8470103 -0.16289413
v -0.9250838 0.914489 -0.22154646
v -0.927719 0.9132389 -0.21903586
v -0.8251631 0.77394825 -0.059639934
v -0.8251631 0.72402024 -0.093008466
v -0.8251631 0.79339004 -0.10534248
v -0.8251631 0.7159643 -0.048551224
v -0.8246297 0.7224994 -0.09360723
v -0.82396305 0.71426797 -0.0474735
v -0.82396305 0.71523815 -0.046519175
v -0.82396305 0.77442557 -0.057947557
v -0.82396305 0.7760582 -0.059285708
v -0.82396305 0.79533696 -0.106409244
v -0.82396305 0.79460883 -0.10731569
v -0.82396305 0.7237958 -0.095087685
v -0.81728834 0.7224994 -0.09360723
v -0.81662166 0.71426797 -0.0474735
v -0.81662166 0.71523815 -0.046519175
v -0.81662166 0.77442557 -0.057947557
v -0.81662166 0.7760582 -0.059285708
v -0.81662166 0.79533696 -0.106409244
v -0.81662166 0.79460883 -0.10731569
v -0.81662166 0.7237958 -0.095087685
v -0.7687949 1.0701447 -1.4004716
v -0.7841997 1.0602567 -1.3667004
v -0.79323035 1.0649332 -1.3690093
v -0.7599557 1.0649947 -1.3979473
v -0.8099766 1.0496813 -1.3359588
v -0.8184194 1.0544975 -1.3395168
v -0.8305122 1.0373964 -1.3142918
v -0.8388707 1.0421259 -1.3180264
v -0.8374655 1.0335668 -1.3079752
v -0.85229504 1.0337869 -1.3079118
v -0.84807956 1.0276737 -1.3019799
v -0.8340804 1.0246707 -1.3088521
v -0.84507626 1.0193689 -1.3036983
v -0.8277553 1.0344698 -1.3136883
v -0.8266193 1.0263606 -1.3130207
v -0.80536693 1.035733 -1.3279015
v -0.80465305 1.025381 -1.3281856
v -0.7770127 1.0348345 -1.3490402
v -0.776704 1.0249867 -1.3488758
v -0.7329024 1.0253842 -1.3914071
v -0.73542595 1.0139401 -1.3914688
v -0.8524111 1.0254612 -1.3039474
v -0.85495687 1.0304021 -1.307105
v -0.8508252 1.0197722 -1.3037417
v -0.8529233 1.0202408 -1.3081254
v -0.85354465 1.0240219 -1.3094925
v -0.85570586 1.026559 -1.3101981
v -0.8869444 1.0414033 -1.3386743
v -0.88447845 1.0451232 -1.3398031
v -0.9162732 1.0504719 -1.3711804
v -0.91348624 1.0553727 -1.3720769
v -0.94358474 1.0598494 -1.4052049
v -0.94068676 1.0647744 -1.4061842
v -0.9520141 1.0644236 -1.4167324
v -0.94939727 1.0676087 -1.4179208
v -0.9556945 1.0714961 -1.438189
v -0.9520837 1.0744407 -1.4375986
v -0.8864505 1.0372254 -1.3405457
v -0.91505796 1.0460613 -1.3746377
v -0.94216055 1.0551633 -1.408917
v -0.9498491 1.0579282 -1.418818
v -0.95457965 1.0660851 -1.4388596
v -0.9187604 1.0421832 -1.3768399
v -0.8911131 1.0318229 -1.343589
v -0.85977095 1.0212073 -1.31225
v -0.8591282 1.0180568 -1.31142
v -0.85726005 1.006354 -1.3109351
v -0.8554031 1.0058767 -1.3076712
v -0.84909886 1.003386 -1.30824
v -0.8547332 0.9964666 -1.3089322
v -0.85915726 1.003269 -1.3095714
v -0.86106956 0.9955686 -1.3148289
v -0.8616321 1.0033008 -1.3130964
v -0.8584121 1.0054243 -1.3125023
v -0.8594589 1.005391 -1.313688
v -0.8903258 0.9999943 -1.3436482
v -0.8919979 1.0046259 -1.3413113
v -0.8908566 1.0077666 -1.3419354
v -0.9268386 1.0060965 -1.3844026
v -0.9287072 1.0107064 -1.382283
v -0.92754346 1.013826 -1.3827994
v -0.9520393 1.0104301 -1.4168371
v -0.95401144 1.0149261 -1.4148003
v -0.95261234 1.0188532 -1.4161001
v -0.96255755 1.0158079 -1.426387
v -0.9604656 1.0201497 -1.4265711
v -0.9609648 1.012213 -1.428084
v -0.9559401 1.0241581 -1.4222281
v -0.9483163 1.0223293 -1.4125406
v -0.9204875 1.0164331 -1.3779265
v -0.8904689 1.0130754 -1.3448064
v -0.8617627 1.0100926 -1.3149568
v -0.8598156 1.011321 -1.3134722
v -0.8624757 1.0118121 -1.314127
v -0.89217824 1.0154673 -1.3440651
v -0.9208111 1.019411 -1.376762
v -0.948811 1.0239366 -1.4117657
v -0.95488554 1.0262674 -1.4172121
v -0.9565005 1.0288105 -1.4251161
v -0.95622224 1.0318073 -1.4199787
v -0.94392556 1.0507022 -1.4362891
v -0.9490279 1.0490632 -1.4162295
v -0.9442737 1.0551832 -1.4374509
v -0.9490952 1.0568153 -1.4207712
v -0.94731975 1.052081 -1.413377
v -0.9452966 1.0517302 -1.4109383
v -0.95626944 1.023241 -1.438121
v -0.9592223 1.0219554 -1.4296299
v -0.96386343 1.0157897 -1.4292408
v -0.96284306 1.0190377 -1.4391762
v -0.964763 1.0162727 -1.4390308
v -0.9620039 1.0104712 -1.4383563
v -0.9490832 1.0051719 -1.435598
v -0.91645336 0.9977883 -1.4009542
v -0.8760027 0.99099433 -1.3555766
v -0.8480288 0.98620594 -1.3302628
v -0.8401174 0.99002063 -1.3269187
v -0.8321918 1.0031772 -1.3251785
v -0.831221 0.98121023 -1.3471533
v -0.81616086 1.0015512 -1.3435409
v -0.8325236 1.003902 -1.3241818
v -0.81654465 1.0035262 -1.3406465
v -0.83149976 1.0074536 -1.3218188
v -0.81508094 1.006174 -1.3381594
v -0.79621047 1.003128 -1.3602823
v -0.7599608 0.9963314 -1.3965116
v -0.77272916 0.99543697 -1.3993189
v -0.7980316 1.0015343 -1.3624542
v -0.7772353 0.9934064 -1.3999143
v -0.7995892 0.99891186 -1.3654706
v -0.80924475 0.9666568 -1.4061459
v -0.8214087 0.9726415 -1.3736907
v -0.83889866 0.9780197 -1.3502363
v -0.82767963 0.96958524 -1.3786529
v -0.81566304 0.9649313 -1.4077972
v -0.8639676 0.9827761 -1.3710018
v -0.8454116 0.9728206 -1.3943288
v -0.84297293 0.97066826 -1.413425
v -0.9044074 0.9898645 -1.4163426
v -0.8967098 0.9857789 -1.4245661
v -0.94995856 1.0094138 -1.4389259
v -0.9614028 1.0133237 -1.4414736
v -0.96255016 1.0157362 -1.4416654
v -0.96125764 1.0174797 -1.4414654
v -0.95511883 1.0214058 -1.4401975
v -0.9417949 1.0508249 -1.4382142
v -0.94229954 1.0567172 -1.4386615
v -0.9532438 1.0668831 -1.4408172
v -0.95422643 1.0715187 -1.4409566
v -0.9513854 1.0735539 -1.4404398
v -0.9128072 1.0785584 -1.4297848
v -0.92784965 1.0719488 -1.4170337
v -0.86024094 1.0795772 -1.4192005
v -0.87613004 1.0741061 -1.4031008
v -0.8078082 1.0758567 -1.4084994
v -0.83056915 1.0706493 -1.385477
v -0.8884455 1.0684832 -1.3908703
v -0.93543303 1.0677106 -1.4106245
v -0.8490587 1.0634228 -1.3667687
v -0.9024588 1.0609027 -1.381235
v -0.8711228 1.0514472 -1.3511184
v -0.76847786 1.0695621 -1.4024845
v -0.7599162 1.0644091 -1.4009955
v -0.73790246 1.0300425 -1.3960667
v -0.7341757 1.0242244 -1.3952323
v -0.73556995 1.015035 -1.3951755
v -0.76087904 0.99846894 -1.4000473
v -0.7705733 0.9971681 -1.4018424
v -0.777515 0.99446857 -1.4031788
v -0.8097042 0.9678683 -1.4091331
v -0.8148497 0.96659344 -1.4101737
v -0.8418921 0.9730367 -1.4159884
v -0.89541733 0.9880687 -1.4273263
v -0.7341757 1.0242244 -1.3952323
v -0.8932173 0.9895879 -1.4269128
v -0.94530517 1.0099729 -1.4379905
v -0.8420999 0.9752321 -1.4160849
v -0.81627387 0.9690787 -1.4105316
v -0.8113598 0.9702963 -1.4095379
v -0.78061867 0.9957 -1.4038514
v -0.7445128 1.0259148 -1.3973897
v -0.7397085 1.0261066 -1.3964126
v -0.7397085 1.0261066 -1.3964126
v -0.73790246 1.0300425 -1.3960667
v -0.742788 1.0296736 -1.3970593
v -0.7638115 1.0624944 -1.4017663
v -0.7397085 1.0261066 -1.3964126
v -0.77198803 1.0674155 -1.4031885
v -0.80917346 1.0717316 -1.4116818
v -0.8074148 1.0740814 -1.411378
v -0.85968006 1.0770918 -1.4222631
v -0.91200393 1.076121 -1.4329501
v -0.9522011 1.0706259 -1.4406056
v -0.9268949 1.0725212 -1.4359074
v -0.93836355 1.062749 -1.4378535
v -0.93608105 1.0613896 -1.4372393
v -0.85908765 1.0746065 -1.4220773
v -0.9090578 1.0736793 -1.4322836
v -0.9232789 1.0702416 -1.4351078
v -0.9375087 1.0495212 -1.4373109
v -0.9502333 1.0214255 -1.4392048
v -0.9320519 1.0596106 -1.4363798
v -0.9495065 1.0148333 -1.4390749
v -0.9543578 1.0145032 -1.4400613
v -0.9613443 1.0149983 -1.4414703
v -0.94530517 1.0099729 -1.4379905
v -0.9513854 1.0735539 -1.4404398
v -0.9613443 1.0149983 -1.4414703
v -0.9614028 1.0133237 -1.4414736
v -0.94995856 1.0094138 -1.4389259
v -0.9613443 1.0149983 -1.4414703
v -0.96125764 1.0174797 -1.4414654
v -0.9614028 1.0133237 -1.4414736
v -0.9465665 1.0503399 -1.4117569
v -0.94953597 1.0470977 -1.4118125
v -0.91955405 1.0413519 -1.3773118
v -0.9217622 1.0385368 -1.37641
v -0.8919708 1.0308292 -1.3441489
v -0.8931926 1.028714 -1.3436726
v -0.86135983 1.0199898 -1.3129895
v -0.86271966 1.0182216 -1.3129164
v -0.8605175 1.0175676 -1.3121578
v -0.86156344 1.0125743 -1.3133132
v -0.86331135 1.0138277 -1.3131542
v -0.8624757 1.0118121 -1.314127
v -0.9553792 1.0285825 -1.4165438
v -0.9460336 1.0270382 -1.404401
v -0.9170238 1.022384 -1.3687515
v -0.89652514 1.0193064 -1.3459731
v -0.86156344 1.0125743 -1.3133132
v -0.8591282 1.0180568 -1.31142
v -0.85977095 1.0212073 -1.31225
v -0.94731975 1.052081 -1.413377
v -0.94068676 1.0647744 -1.4061842
v -0.92784965 1.0719488 -1.4170337
v -0.9513854 1.0735539 -1.4404398
v -0.9532438 1.0668831 -1.4408172
v -0.9522011 1.0706259 -1.4406056
v -0.9543578 1.0145032 -1.4400613
v -0.94995856 1.0094138 -1.4389259
v -0.94530517 1.0099729 -1.4379905
v -0.9375087 1.0495212 -1.4373109
v -0.9447654 1.0168811 -1.4064314
v -0.93435 1.0412091 -1.4048935
v -0.9502333 1.0214255 -1.4392048
v -0.9320519 1.0596106 -1.4363798
v -0.9299221 1.0500743 -1.4041244
v -0.9430815 1.01248 -1.4061323
v -0.9495065 1.0148333 -1.4390749
v -0.9391216 1.0098879 -1.4051353
v -0.94530517 1.0099729 -1.4379905
v -0.893364 0.99273425 -1.3954273
v -0.8932173 0.9895879 -1.4269128
v -0.84840816 0.98027545 -1.3859016
v -0.8420999 0.9752321 -1.4160849
v -0.82616794 0.9754353 -1.3811256
v -0.81627387 0.9690787 -1.4105316
v -0.82295126 0.9772871 -1.3805053
v -0.8113598 0.9702963 -1.4095379
v -0.796484 0.99994427 -1.3756409
v -0.78061867 0.9957 -1.4038514
v -0.9232789 1.0702416 -1.4351078
v -0.92342514 1.0596803 -1.4032516
v -0.9090578 1.0736793 -1.4322836
v -0.91210717 1.0631402 -1.4010454
v -0.85908765 1.0746065 -1.4220773
v -0.86838937 1.0642594 -1.3921269
v -0.80917346 1.0717316 -1.4116818
v -0.82456726 1.0619178 -1.3830174
v -0.77198803 1.0674155 -1.4031885
v -0.79205185 1.0586449 -1.3755888
v -0.7638115 1.0624944 -1.4017663
v -0.7850474 1.0555433 -1.3743905
v -0.742788 1.0296736 -1.3970593
v -0.76552635 1.0285279 -1.3700645
v -0.7445128 1.0259148 -1.3973897
v -0.7653401 1.0264586 -1.3700515
v -0.93435 1.0412091 -1.4048935
v -0.89040756 1.0186784 -1.39541
v -0.886303 1.0282658 -1.3948039
v -0.9447654 1.0168811 -1.4064314
v -0.9299221 1.0500743 -1.4041244
v -0.884558 1.0317595 -1.3945007
v -0.8897439 1.0169439 -1.395292
v -0.9430815 1.01248 -1.4061323
v -0.92342514 1.0596803 -1.4032516
v -0.8819976 1.0355451 -1.3941568
v -0.91210717 1.0631402 -1.4010454
v -0.8775373 1.0369086 -1.3932874
v -0.86838937 1.0642594 -1.3921269
v -0.8603086 1.0373497 -1.3897727
v -0.82456726 1.0619178 -1.3830174
v -0.8430387 1.0364268 -1.3861827
v -0.79205185 1.0586449 -1.3755888
v -0.83022475 1.035137 -1.3832551
v -0.9391216 1.0098879 -1.4051353
v -0.8701508 1.0091623 -1.3910735
v -0.8881834 1.0159224 -1.3948991
v -0.893364 0.99273425 -1.3954273
v -0.8524342 1.0042524 -1.3873193
v -0.84840816 0.98027545 -1.3859016
v -0.8436696 1.002345 -1.3854371
v -0.82616794 0.9754353 -1.3811256
v -0.84240186 1.0030748 -1.3851926
v -0.82295126 0.9772871 -1.3805053
v -0.8319714 1.0120038 -1.3832757
v -0.796484 0.99994427 -1.3756409
v -0.9430815 1.01248 -1.4061323
v -0.8897439 1.0169439 -1.395292
v -0.8196979 1.0224528 -1.381073
v -0.7653401 1.0264586 -1.3700515
v -0.81977135 1.0232682 -1.3810781
v -0.76552635 1.0285279 -1.3700645
v -0.8274644 1.0339148 -1.382783
v -0.7850474 1.0555433 -1.3743905
v -0.83022475 1.035137 -1.3832551
v -0.79205185 1.0586449 -1.3755888
v -0.7741703 0.9717936 -1.3221985
v -0.7643212 0.9910562 -1.3315343
v -0.76461726 0.9885694 -1.3255991
v -0.77387416 0.97428036 -1.3281337
v -0.7388977 0.9682826 -1.3342502
v -0.7501499 0.95561093 -1.3362068
v -0.7484507 0.9515068 -1.3308495
v -0.7405969 0.97238666 -1.3396074
v -0.77387416 0.97428036 -1.3281337
v -0.7405969 0.97238666 -1.3396074
v -0.7643212 0.9910562 -1.3315343
v -0.7501499 0.95561093 -1.3362068
v -0.7484507 0.9515068 -1.3308495
v -0.76461726 0.9885694 -1.3255991
v -0.7388977 0.9682826 -1.3342502
v -0.7741703 0.9717936 -1.3221985
v -0.73131984 0.90765285 -1.2765749
v -0.7261369 0.9299268 -1.2778554
v -0.72124565 0.92615247 -1.2796803
v -0.73621106 0.91142714 -1.27475
v -0.7215163 0.94273025 -1.3146929
v -0.73648167 0.9280049 -1.3097626
v -0.7315905 0.92423064 -1.3115873
v -0.7264075 0.9465046 -1.312868
v -0.73621106 0.91142714 -1.27475
v -0.7264075 0.9465046 -1.312868
v -0.7261369 0.9299268 -1.2778554
v -0.73648167 0.9280049 -1.3097626
v -0.7315905 0.92423064 -1.3115873
v -0.72124565 0.92615247 -1.2796803
v -0.7215163 0.94273025 -1.3146929
v -0.73131984 0.90765285 -1.2765749
v -0.75903493 1.01828 -1.3774412
v -0.7749308 1.0120068 -1.3392756
v -0.7917707 1.0276254 -1.3391502
v -0.7609566 1.0164645 -1.3709135
v -0.77233917 1.0057102 -1.3322473
v -0.7735163 1.004598 -1.3282483
v -0.754616 1.006132 -1.3629016
v -0.7234157 0.96048546 -1.3328842
v -0.7399074 0.98216337 -1.3443156
v -0.7632425 0.9912243 -1.3213642
v -0.73089474 0.9674766 -1.3329272
v -0.7131191 0.9385099 -1.3104657
v -0.71222866 0.90998745 -1.2603313
v -0.73163426 0.9408899 -1.2835481
v -0.7093512 0.9004858 -1.2479827
v -0.6877581 0.87101924 -1.2310547
v -0.68076664 0.88578904 -1.2695849
v -0.6668066 0.86304 -1.2519448
v -0.68788606 0.867104 -1.2237508
v -0.6629953 0.857681 -1.2486705
v -0.6682666 0.85741085 -1.2392912
v -0.68048465 0.8591876 -1.2219018
v -0.66713774 0.85339063 -1.2339172
v -0.6728693 0.8531778 -1.2238653
v -0.66230226 0.8613246 -1.2564359
v -0.69224364 0.8727276 -1.2265824
v -0.6728693 0.8531778 -1.2238653
v -0.6824851 0.8568366 -1.2195023
v -0.68048465 0.8591876 -1.2219018
v -0.67319214 0.85119534 -1.222965
v -0.6728693 0.8531778 -1.2238653
v -0.6663998 0.8518985 -1.2348232
v -0.67319214 0.85119534 -1.222965
v -0.66713774 0.85339063 -1.2339172
v -0.66713774 0.85339063 -1.2339172
v -0.6670028 0.8552727 -1.240417
v -0.6663998 0.8518985 -1.2348232
v -0.6682666 0.85741085 -1.2392912
v -0.6682666 0.85741085 -1.2392912
v -0.6624887 0.8555039 -1.2484485
v -0.6670028 0.8552727 -1.240417
v -0.6629953 0.857681 -1.2486705
v -0.6629953 0.857681 -1.2486705
v -0.6623979 0.85867095 -1.2588879
v -0.6624887 0.8555039 -1.2484485
v -0.66230226 0.8613246 -1.2564359
v -0.66230226 0.8613246 -1.2564359
v -0.7232272 0.95680743 -1.334922
v -0.6623979 0.85867095 -1.2588879
v -0.7234157 0.96048546 -1.3328842
v -0.7573033 1.0117825 -1.3775156
v -0.75903493 1.01828 -1.3774412
v -0.75965434 1.0155756 -1.3804542
v -0.7735163 1.004598 -1.3282483
v -0.79395074 1.0229574 -1.3374574
v -0.7917707 1.0276254 -1.3391502
v -0.77731 1.0019516 -1.3285135
v -0.81321704 1.0148734 -1.3376391
v -0.80728555 1.0118968 -1.3359922
v -0.79058063 0.9916025 -1.3275579
v -0.79272276 0.98993194 -1.3274037
v -0.7735163 1.004598 -1.3282483
v -0.71217734 0.8994202 -1.2471662
v -0.77731 1.0019516 -1.3285135
v -0.7093512 0.9004858 -1.2479827
v -0.69224364 0.8727276 -1.2265824
v -0.6897283 0.86399734 -1.2221477
v -0.6947842 0.87204015 -1.2254431
v -0.68788606 0.867104 -1.2237508
v -0.68788606 0.867104 -1.2237508
v -0.6824851 0.8568366 -1.2195023
v -0.6897283 0.86399734 -1.2221477
v -0.68048465 0.8591876 -1.2219018
v -0.6623979 0.85867095 -1.2588879
v -0.66887337 0.83900726 -1.2466676
v -0.6624887 0.8555039 -1.2484485
v -0.67047924 0.8408438 -1.254012
v -0.6624887 0.8555039 -1.2484485
v -0.66887337 0.83900726 -1.2466676
v -0.6670028 0.8552727 -1.240417
v -0.6670028 0.8552727 -1.240417
v -0.6685847 0.83206964 -1.2405177
v -0.6663998 0.8518985 -1.2348232
v -0.66887337 0.83900726 -1.2466676
v -0.6663998 0.8518985 -1.2348232
v -0.6767258 0.82931906 -1.2296242
v -0.67319214 0.85119534 -1.222965
v -0.6685847 0.83206964 -1.2405177
v -0.67319214 0.85119534 -1.222965
v -0.6852 0.82984495 -1.2284535
v -0.6824851 0.8568366 -1.2195023
v -0.6767258 0.82931906 -1.2296242
v -0.6852 0.82984495 -1.2284535
v -0.6897283 0.86399734 -1.2221477
v -0.6824851 0.8568366 -1.2195023
v -0.69254017 0.8405052 -1.2303185
v -0.6852 0.82984495 -1.2284535
v -0.69460773 0.83295393 -1.2347306
v -0.69254017 0.8405052 -1.2303185
v -0.66887337 0.83900726 -1.2466676
v -0.67192686 0.8358005 -1.2506282
v -0.6685847 0.83206964 -1.2405177
v -0.6714912 0.8375788 -1.2497466
v -0.66887337 0.83900726 -1.2466676
v -0.67047924 0.8408438 -1.254012
v -0.6714912 0.8375788 -1.2497466
v -0.6714912 0.8375788 -1.2497466
v -0.6821737 0.83831406 -1.2548466
v -0.67192686 0.8358005 -1.2506282
v -0.6714912 0.8375788 -1.2497466
v -0.68043625 0.8406548 -1.2541064
v -0.68043625 0.8406548 -1.2541064
v -0.69040585 0.8383165 -1.2521837
v -0.6821737 0.83831406 -1.2548466
v -0.6888649 0.84619683 -1.2501935
v -0.6888649 0.84619683 -1.2501935
v -0.6955894 0.8366367 -1.2454622
v -0.69040585 0.8383165 -1.2521837
v -0.6944907 0.8468939 -1.2420082
v -0.6944907 0.8468939 -1.2420082
v -0.69460773 0.83295393 -1.2347306
v -0.6955894 0.8366367 -1.2454622
v -0.69287586 0.8416048 -1.2323304
v -0.69460773 0.83295393 -1.2347306
v -0.6897283 0.86399734 -1.2221477
v -0.7168457 0.868968 -1.2341583
v -0.6947842 0.87204015 -1.2254431
v -0.71051735 0.8598295 -1.2308178
v -0.6897283 0.86399734 -1.2221477
v -0.69254017 0.8405052 -1.2303185
v -0.71051735 0.8598295 -1.2308178
v -0.69287586 0.8416048 -1.2323304
v -0.69254017 0.8405052 -1.2303185
v -0.69460773 0.83295393 -1.2347306
v -0.69287586 0.8416048 -1.2323304
v -0.71051735 0.8598295 -1.2308178
v -0.69254017 0.8405052 -1.2303185
v -0.711288 0.8587759 -1.2340311
v -0.711288 0.8587759 -1.2340311
v -0.7168457 0.868968 -1.2341583
v -0.71051735 0.8598295 -1.2308178
v -0.717465 0.86626357 -1.2371712
v -0.72958326 0.8858295 -1.2521551
v -0.79272276 0.98993194 -1.3274037
v -0.72949165 0.88912827 -1.2496989
v -0.7928005 0.98789877 -1.3303208
v -0.7928005 0.98789877 -1.3303208
v -0.81321704 1.0148734 -1.3376391
v -0.79272276 0.98993194 -1.3274037
v -0.81329983 1.0126165 -1.3404965
v -0.77035904 0.9588413 -1.3024718
v -0.7279685 0.8900336 -1.2494762
v -0.72949165 0.88912827 -1.2496989
v -0.79272276 0.98993194 -1.3274037
v -0.79058063 0.9916025 -1.3275579
v -0.67047924 0.8408438 -1.254012
v -0.68043625 0.8406548 -1.2541064
v -0.6714912 0.8375788 -1.2497466
v -0.677265 0.8430249 -1.2585094
v -0.67047924 0.8408438 -1.254012
v -0.6623979 0.85867095 -1.2588879
v -0.677265 0.8430249 -1.2585094
v -0.66553444 0.85881585 -1.2604893
v -0.6794058 0.8515124 -1.2635466
v -0.7375017 0.94516486 -1.3359848
v -0.739307 0.9436923 -1.3361192
v -0.7763327 1.003769 -1.3824356
v -0.772359 1.0013564 -1.3794467
v -0.72498685 0.9553723 -1.3350531
v -0.7232272 0.95680743 -1.334922
v -0.759031 1.0105863 -1.377737
v -0.7573033 1.0117825 -1.3775156
v -0.75965434 1.0155756 -1.3804542
v -0.677265 0.8430249 -1.2585094
v -0.74224997 0.9426511 -1.3339757
v -0.68043625 0.8406548 -1.2541064
v -0.739307 0.9436923 -1.3361192
v -0.68043625 0.8406548 -1.2541064
v -0.74224997 0.9426511 -1.3339757
v -0.72717285 0.9137666 -1.3071499
v -0.696411 0.8638486 -1.2688626
v -0.74560934 0.943684 -1.3300967
v -0.72690207 0.8852298 -1.25576
v -0.7467278 0.9172969 -1.2803247
v -0.7545661 0.95821834 -1.3412445
v -0.7773438 0.9668166 -1.318259
v -0.7873394 0.9829838 -1.3306438
v -0.7928005 0.98789877 -1.3303208
v -0.78971344 0.98682374 -1.3335854
v -0.79135334 0.9894763 -1.3356173
v -0.78087085 1.0009038 -1.3739845
v -0.76913023 0.981852 -1.3593717
v -0.7829072 1.0041989 -1.3765156
v -0.7788732 1.0030817 -1.3812964
v -0.81329983 1.0126165 -1.3404965
v -0.72958326 0.8858295 -1.2521551
v -0.717465 0.86626357 -1.2371712
v -0.6946696 0.8613202 -1.2672539
v -0.6888649 0.84619683 -1.2501935
v -0.711288 0.8587759 -1.2340311
v -0.6944907 0.8468939 -1.2420082
v -0.696411 0.8638486 -1.2688626
v -0.6946696 0.8613202 -1.2672539
v -0.68043625 0.8406548 -1.2541064
v -0.739307 0.9436923 -1.3361192
v -0.7788732 1.0030817 -1.3812964
v -0.74224997 0.9426511 -1.3339757
v -0.7763327 1.003769 -1.3824356
v -0.717465 0.86626357 -1.2371712
v -0.72949165 0.88912827 -1.2496989
v -0.7168457 0.868968 -1.2341583
v -0.72958326 0.8858295 -1.2521551
v -0.7279685 0.8900336 -1.2494762
v -0.7168457 0.868968 -1.2341583
v -0.72949165 0.88912827 -1.2496989
v -0.71681774 0.8740399 -1.2365556
v -0.7011621 0.8820802 -1.2334088
v -0.6947842 0.87204015 -1.2254431
v -0.7093512 0.9004858 -1.2479827
v -0.7011621 0.8820802 -1.2334088
v -0.71217734 0.8994202 -1.2471662
v -0.69224364 0.8727276 -1.2265824
v -0.6944907 0.8468939 -1.2420082
v -0.711288 0.8587759 -1.2340311
v -0.69287586 0.8416048 -1.2323304
v -0.69224364 0.8727276 -1.2265824
v -0.6947842 0.87204015 -1.2254431
v -0.7011621 0.8820802 -1.2334088
v -0.72717285 0.9137666 -1.3071499
v -0.69326454 0.8671657 -1.267066
v -0.696411 0.8638486 -1.2688626
v -0.72404224 0.91708905 -1.3053358
v -0.6946696 0.8613202 -1.2672539
v -0.7237854 0.8885553 -1.2539274
v -0.72690207 0.8852298 -1.25576
v -0.6915509 0.8646431 -1.2654202
v -0.78971344 0.98682374 -1.3335854
v -0.7660169 0.9851789 -1.3575358
v -0.76913023 0.981852 -1.3593717
v -0.78660566 0.9901531 -1.3317448
v -0.76913023 0.981852 -1.3593717
v -0.75145245 0.9615457 -1.3394101
v -0.7545661 0.95821834 -1.3412445
v -0.7660169 0.9851789 -1.3575358
v -0.7873394 0.9829838 -1.3306438
v -0.78660566 0.9901531 -1.3317448
v -0.78971344 0.98682374 -1.3335854
v -0.7842313 0.9863137 -1.3288046
v -0.7545661 0.95821834 -1.3412445
v -0.7842313 0.9863137 -1.3288046
v -0.7873394 0.9829838 -1.3306438
v -0.75145245 0.9615457 -1.3394101
v -0.7773438 0.9668166 -1.318259
v -0.7424964 0.9470114 -1.3282613
v -0.74560934 0.943684 -1.3300967
v -0.77422523 0.9701432 -1.3164315
v -0.7467278 0.9172969 -1.2803247
v -0.77422523 0.9701432 -1.3164315
v -0.7773438 0.9668166 -1.318259
v -0.7436075 0.92062277 -1.278499
v -0.74560934 0.943684 -1.3300967
v -0.7436075 0.92062277 -1.278499
v -0.7467278 0.9172969 -1.2803247
v -0.7424964 0.9470114 -1.3282613
v -0.72690207 0.8852298 -1.25576
v -0.72404224 0.91708905 -1.3053358
v -0.72717285 0.9137666 -1.3071499
v -0.7237854 0.8885553 -1.2539274
v -0.7749308 1.0120068 -1.3392756
v -0.77565944 1.0021462 -1.334216
v -0.77233917 1.0057102 -1.3322473
v -0.7782511 1.0084428 -1.3412443
v -0.7632425 0.9912243 -1.3213642
v -0.7349546 0.9373259 -1.2855167
v -0.73163426 0.9408899 -1.2835481
v -0.76656276 0.9876603 -1.3233328
v -0.73089474 0.9674766 -1.3329272
v -0.76656276 0.9876603 -1.3233328
v -0.7632425 0.9912243 -1.3213642
v -0.7342151 0.96391267 -1.3348958
v -0.73163426 0.9408899 -1.2835481
v -0.7342151 0.96391267 -1.3348958
v -0.73089474 0.9674766 -1.3329272
v -0.7349546 0.9373259 -1.2855167
v -0.7131191 0.9385099 -1.3104657
v -0.715549 0.90642345 -1.2622999
v -0.71222866 0.90998745 -1.2603313
v -0.7164394 0.9349459 -1.3124343
v -0.68076664 0.88578904 -1.2695849
v -0.7164394 0.9349459 -1.3124343
v -0.7131191 0.9385099 -1.3104657
v -0.684087 0.88222504 -1.2715535
v -0.71222866 0.90998745 -1.2603313
v -0.684087 0.88222504 -1.2715535
v -0.68076664 0.88578904 -1.2695849
v -0.715549 0.90642345 -1.2622999
v -0.7399074 0.98216337 -1.3443156
v -0.75793624 1.002568 -1.3648703
v -0.754616 1.006132 -1.3629016
v -0.7432276 0.9785993 -1.3462843
v -0.77233917 1.0057102 -1.3322473
v -0.7432276 0.9785993 -1.3462843
v -0.7399074 0.98216337 -1.3443156
v -0.77565944 1.0021462 -1.334216
v -0.754616 1.006132 -1.3629016
v -0.7782511 1.0084428 -1.3412443
v -0.7749308 1.0120068 -1.3392756
v -0.75793624 1.002568 -1.3648703
v -0.7164394 0.9349459 -1.3124343
v -0.7349546 0.9373259 -1.2855167
v -0.715549 0.90642345 -1.2622999
v -0.7342151 0.96391267 -1.3348958
v -0.72498685 0.9553723 -1.3350531
v -0.7432276 0.9785993 -1.3462843
v -0.77565944 1.0021462 -1.334216
v -0.76656276 0.9876603 -1.3233328
v -0.759031 1.0105863 -1.377737
v -0.75793624 1.002568 -1.3648703
v -0.7782511 1.0084428 -1.3412443
v -0.684087 0.88222504 -1.2715535
v -0.72498685 0.9553723 -1.3350531
v -0.7164394 0.9349459 -1.3124343
v -0.66553444 0.85881585 -1.2604893
v -0.7782511 1.0084428 -1.3412443
v -0.77731 1.0019516 -1.3285135
v -0.77565944 1.0021462 -1.334216
v -0.79395074 1.0229574 -1.3374574
v -0.7782511 1.0084428 -1.3412443
v -0.759031 1.0105863 -1.377737
v -0.79395074 1.0229574 -1.3374574
v -0.71217734 0.8994202 -1.2471662
v -0.76656276 0.9876603 -1.3233328
v -0.77731 1.0019516 -1.3285135
v -0.7349546 0.9373259 -1.2855167
v -0.76656276 0.9876603 -1.3233328
v -0.77565944 1.0021462 -1.334216
v -0.77731 1.0019516 -1.3285135
v -0.71217734 0.8994202 -1.2471662
v -0.715549 0.90642345 -1.2622999
v -0.7349546 0.9373259 -1.2855167
v -0.684087 0.88222504 -1.2715535
v -0.7011621 0.8820802 -1.2334088
v -0.66553444 0.85881585 -1.2604893
v -0.71217734 0.8994202 -1.2471662
v -0.715549 0.90642345 -1.2622999
v -0.71217734 0.8994202 -1.2471662
v -0.684087 0.88222504 -1.2715535
v -0.7237854 0.8885553 -1.2539274
v -0.7424964 0.9470114 -1.3282613
v -0.72404224 0.91708905 -1.3053358
v -0.7436075 0.92062277 -1.278499
v -0.69326454 0.8671657 -1.267066
v -0.6946696 0.8613202 -1.2672539
v -0.696411 0.8638486 -1.2688626
v -0.6915509 0.8646431 -1.2654202
v -0.72404224 0.91708905 -1.3053358
v -0.6794058 0.8515124 -1.2635466
v -0.69326454 0.8671657 -1.267066
v -0.7375017 0.94516486 -1.3359848
v -0.7424964 0.9470114 -1.3282613
v -0.75145245 0.9615457 -1.3394101
v -0.7660169 0.9851789 -1.3575358
v -0.772359 1.0013564 -1.3794467
v -0.6915509 0.8646431 -1.2654202
v -0.6794058 0.8515124 -1.2635466
v -0.71681774 0.8740399 -1.2365556
v -0.80728555 1.0118968 -1.3359922
v -0.772359 1.0013564 -1.3794467
v -0.7660169 0.9851789 -1.3575358
v -0.78660566 0.9901531 -1.3317448
v -0.79058063 0.9916025 -1.3275579
v -0.7842313 0.9863137 -1.3288046
v -0.77422523 0.9701432 -1.3164315
v -0.7436075 0.92062277 -1.278499
v -0.77035904 0.9588413 -1.3024718
v -0.7279685 0.8900336 -1.2494762
v -0.7237854 0.8885553 -1.2539274
v -0.6915509 0.8646431 -1.2654202
v -0.71681774 0.8740399 -1.2365556
v -0.75145245 0.9615457 -1.3394101
v -0.77422523 0.9701432 -1.3164315
v -0.7842313 0.9863137 -1.3288046
v -0.7424964 0.9470114 -1.3282613
v -0.66553444 0.85881585 -1.2604893
v -0.71681774 0.8740399 -1.2365556
v -0.6794058 0.8515124 -1.2635466
v -0.7011621 0.8820802 -1.2334088
v -0.81321704 1.0148734 -1.3376391
v -0.7917707 1.0276254 -1.3391502
v -0.79395074 1.0229574 -1.3374574
v -0.79395074 1.0229574 -1.3374574
v -0.772359 1.0013564 -1.3794467
v -0.80728555 1.0118968 -1.3359922
v -0.759031 1.0105863 -1.377737
v -0.6573825 0.82275045 -1.161735
v -0.6511015 0.8446791 -1.2182014
v -0.6433233 0.8398838 -1.2177032
v -0.6651693 0.82758045 -1.1622992
v -0.6459811 0.8509027 -1.238549
v -0.6382059 0.84612006 -1.2380749
v -0.6291677 0.8713384 -1.3053617
v -0.6214026 0.8665973 -1.3049667
v -0.6651693 0.82758045 -1.1622992
v -0.66190094 0.815903 -1.1591192
v -0.6695021 0.82091033 -1.1597458
v -0.6651693 0.82758045 -1.1622992
v -0.6573825 0.82275045 -1.161735
v -0.6651693 0.82758045 -1.1622992
v -0.6725458 0.8236846 -1.1613535
v -0.6717081 0.8269668 -1.1616784
v -0.6695021 0.82091033 -1.1597458
v -0.6651693 0.82758045 -1.1622992
v -0.65733945 0.8443675 -1.2181242
v -0.6511015 0.8446791 -1.2182014
v -0.6717081 0.8269668 -1.1616784
v -0.6521095 0.8507012 -1.2386698
v -0.6459811 0.8509027 -1.238549
v -0.6349366 0.8714981 -1.3061322
v -0.6291677 0.8713384 -1.3053617
v -0.6214026 0.8665973 -1.3049667
v -0.6330649 0.8663699 -1.3139193
v -0.6245963 0.8608184 -1.3138833
v -0.6214026 0.8665973 -1.3049667
v -0.6291677 0.8713384 -1.3053617
v -0.6330649 0.8663699 -1.3139193
v -0.6349366 0.8714981 -1.3061322
v -0.63687485 0.8682959 -1.3103541
v -0.6291677 0.8713384 -1.3053617
v -0.6330649 0.8663699 -1.3139193
v -0.6699875 0.82134414 -1.2581813
v -0.66583604 0.817713 -1.261857
v -0.63687485 0.8682959 -1.3103541
v -0.66583604 0.817713 -1.261857
v -0.67327505 0.81639564 -1.2480196
v -0.67045754 0.81161714 -1.2487755
v -0.6699875 0.82134414 -1.2581813
v -0.67045754 0.81161714 -1.2487755
v -0.67524934 0.81182486 -1.2303741
v -0.67304933 0.80917805 -1.2302126
v -0.67327505 0.81639564 -1.2480196
v -0.67304933 0.80917805 -1.2302126
v -0.6725458 0.8236846 -1.1613535
v -0.6695021 0.82091033 -1.1597458
v -0.67524934 0.81182486 -1.2303741
v -0.67304933 0.80917805 -1.2302126
v -0.66190094 0.815903 -1.1591192
v -0.6653601 0.8041216 -1.2320704
v -0.6695021 0.82091033 -1.1597458
v -0.67045754 0.81161714 -1.2487755
v -0.6653601 0.8041216 -1.2320704
v -0.6621116 0.807539 -1.2512082
v -0.67304933 0.80917805 -1.2302126
v -0.66583604 0.817713 -1.261857
v -0.6621116 0.807539 -1.2512082
v -0.6572199 0.81412166 -1.2635583
v -0.67045754 0.81161714 -1.2487755
v -0.6330649 0.8663699 -1.3139193
v -0.6572199 0.81412166 -1.2635583
v -0.6245963 0.8608184 -1.3138833
v -0.66583604 0.817713 -1.261857
v -0.6617929 0.8357686 -1.2531606
v -0.6349366 0.8714981 -1.3061322
v -0.6521095 0.8507012 -1.2386698
v -0.63687485 0.8682959 -1.3103541
v -0.65733945 0.8443675 -1.2181242
v -0.6690257 0.82712626 -1.2241817
v -0.6725458 0.8236846 -1.1613535
v -0.65733945 0.8443675 -1.2181242
v -0.6717081 0.8269668 -1.1616784
v -0.6690257 0.82712626 -1.2241817
v -0.6725458 0.8236846 -1.1613535
v -0.67524934 0.81182486 -1.2303741
v -0.6690257 0.82712626 -1.2241817
v -0.6699875 0.82134414 -1.2581813
v -0.63687485 0.8682959 -1.3103541
v -0.6617929 0.8357686 -1.2531606
v -0.67327505 0.81639564 -1.2480196
v -0.68053067 0.8245149 -1.2598689
v -0.6806715 0.8191347 -1.2456425
v -0.6699875 0.82134414 -1.2581813
v -0.67524934 0.81182486 -1.2303741
v -0.6806715 0.8191347 -1.2456425
v -0.68742096 0.8158505 -1.2326676
v -0.67327505 0.81639564 -1.2480196
v -0.6690257 0.82712626 -1.2241817
v -0.68742096 0.8158505 -1.2326676
v -0.6856867 0.8294235 -1.2280889
v -0.67524934 0.81182486 -1.2303741
v -0.6699875 0.82134414 -1.2581813
v -0.6791426 0.8377502 -1.2552353
v -0.68053067 0.8245149 -1.2598689
v -0.6617929 0.8357686 -1.2531606
v -0.6617929 0.8357686 -1.2531606
v -0.6856867 0.8294235 -1.2280889
v -0.6791426 0.8377502 -1.2552353
v -0.6690257 0.82712626 -1.2241817
v -0.68857723 0.8377978 -1.2545662
v -0.6941644 0.83114856 -1.2328029
v -0.6856867 0.8294235 -1.2280889
v -0.69539756 0.8188335 -1.2367828
v -0.6941644 0.83114856 -1.2328029
v -0.68742096 0.8158505 -1.2326676
v -0.68053067 0.8245149 -1.2598689
v -0.68857723 0.8377978 -1.2545662
v -0.68990326 0.8255291 -1.2586552
v -0.6791426 0.8377502 -1.2552353
v -0.68990326 0.8255291 -1.2586552
v -0.6932666 0.8371974 -1.2512436
v -0.69459265 0.8249287 -1.2553327
v -0.68857723 0.8377978 -1.2545662
v -0.6941644 0.83114856 -1.2328029
v -0.69843656 0.8209872 -1.2434727
v -0.69715554 0.83364064 -1.2393103
v -0.69539756 0.8188335 -1.2367828
v -0.69715554 0.83364064 -1.2393103
v -0.69766027 0.823682 -1.250597
v -0.6963341 0.8359507 -1.2465079
v -0.69843656 0.8209872 -1.2434727
v -0.69459265 0.8249287 -1.2553327
v -0.6963341 0.8359507 -1.2465079
v -0.69766027 0.823682 -1.250597
v -0.6932666 0.8371974 -1.2512436
v -0.6932666 0.8371974 -1.2512436
v -0.6941644 0.83114856 -1.2328029
v -0.69715554 0.83364064 -1.2393103
v -0.68857723 0.8377978 -1.2545662
v -0.6963341 0.8359507 -1.2465079
v -0.69843656 0.8209872 -1.2434727
v -0.68990326 0.8255291 -1.2586552
v -0.69459265 0.8249287 -1.2553327
v -0.69539756 0.8188335 -1.2367828
v -0.69459265 0.8249287 -1.2553327
v -0.69766027 0.823682 -1.250597
v -0.69843656 0.8209872 -1.2434727
v -0.69539756 0.8188335 -1.2367828
v -0.68742096 0.8158505 -1.2326676
v -0.6806715 0.8191347 -1.2456425
v -0.68990326 0.8255291 -1.2586552
v -0.68053067 0.8245149 -1.2598689
v -0.92203075 1.0659636 -1.4323857
v -0.91220105 1.004346 -1.428814
v -0.8905738 1.068504 -1.4260104
v -0.9441998 1.0183704 -1.4356972
v -0.91658896 1.0686244 -1.431339
v -0.92092884 1.0670898 -1.4321886
v -0.86498916 0.9885945 -1.4187504
v -0.83860976 1.0663488 -1.4153178
v -0.7467841 1.0283839 -1.395559
v -0.76839745 1.0561872 -1.4006871
v -0.81672245 0.97655517 -1.4085647
v -0.9441998 1.0183704 -1.4356972
v -0.92203075 1.0659636 -1.4284045
v -0.9441998 1.0183704 -1.431716
v -0.9441998 1.0183704 -1.4356972
v -0.92203075 1.0659636 -1.4323857
v -0.91220105 1.004346 -1.428814
v -0.9441998 1.0183704 -1.431716
v -0.91220105 1.004346 -1.4248329
v -0.91220105 1.004346 -1.428814
v -0.9441998 1.0183704 -1.4356972
v -0.91658896 1.0686244 -1.431339
v -0.8905738 1.068504 -1.4220293
v -0.91658896 1.0686244 -1.4273579
v -0.8905738 1.068504 -1.4260104
v -0.83860976 1.0663488 -1.4113367
v -0.83860976 1.0663488 -1.4153178
v -0.92092884 1.0670898 -1.4321886
v -0.91658896 1.0686244 -1.4273579
v -0.92092884 1.0670898 -1.4282075
v -0.91658896 1.0686244 -1.431339
v -0.92203075 1.0659636 -1.4323857
v -0.92092884 1.0670898 -1.4282075
v -0.92203075 1.0659636 -1.4284045
v -0.92092884 1.0670898 -1.4321886
v -0.86498916 0.9885945 -1.4187504
v -0.91220105 1.004346 -1.4248329
v -0.86498916 0.9885945 -1.4147693
v -0.91220105 1.004346 -1.428814
v -0.76839745 1.0561872 -1.4006871
v -0.7467841 1.0283839 -1.3915777
v -0.76839745 1.0561872 -1.3967059
v -0.76839745 1.0561872 -1.4006871
v -0.7467841 1.0283839 -1.395559
v -0.83860976 1.0663488 -1.4153178
v -0.76839745 1.0561872 -1.3967059
v -0.83860976 1.0663488 -1.4113367
v -0.76839745 1.0561872 -1.4006871
v -0.81672245 0.97655517 -1.4085647
v -0.86498916 0.9885945 -1.4147693
v -0.81672245 0.97655517 -1.4045836
v -0.86498916 0.9885945 -1.4187504
v -0.7467841 1.0283839 -1.395559
v -0.81672245 0.97655517 -1.4045836
v -0.7467841 1.0283839 -1.3915777
v -0.81672245 0.97655517 -1.4085647
v -0.012313709 1.143358 -3.3594615
v -0.00450599 1.1575638 -3.3194454
v -0.010691987 1.1575638 -3.3194454
v -0.00552841 1.143358 -3.3594615
v -0.0038356488 1.1668776 -3.293209
v -0.009628719 1.1668776 -3.293209
v -0.0038356488 1.1668776 -3.293209
v -0.0038089044 1.1556298 -3.3194454
v -0.0031007691 1.1653733 -3.2918642
v -0.00450599 1.1575638 -3.3194454
v -0.00552841 1.143358 -3.3594615
v -0.00483038 1.1415745 -3.359231
v -0.0031007691 1.1653733 -3.2918642
v -0.0 1.1555513 -3.3194454
v -0.0 1.1653042 -3.2918453
v -0.0038089044 1.1556298 -3.3194454
v -0.00483038 1.1415745 -3.359231
v -0.0 1.1414909 -3.359235
v 0.0031007691 1.1653733 -3.2918642
v 0.0038089044 1.1556298 -3.3194454
v 0.00483038 1.1415745 -3.359231
v -0.012313709 1.143358 -3.3594615
v -0.01610612 1.1402711 -3.3194454
v -0.01957991 1.1296334 -3.358198
v -0.010691987 1.1575638 -3.3194454
v -0.009628719 1.1668776 -3.293209
v -0.011798788 1.1638631 -3.2713943
v -0.01957991 1.1296334 -3.358198
v -0.025728032 1.1400566 -3.3194454
v -0.026179727 1.1297867 -3.356841
v -0.01610612 1.1402711 -3.3194454
v -0.011798788 1.1638631 -3.2713943
v -0.024371337 1.1771966 -3.2446883
v -0.0 1.1770729 -3.2449343
v -0.0 1.1641734 -3.2710443
v 0.011798788 1.1638631 -3.2713943
v 0.024371337 1.1771966 -3.2446883
v 0.025728032 1.1400566 -3.3194454
v 0.01610612 1.1402711 -3.3194454
v 0.01957991 1.1296334 -3.358198
v 0.026179727 1.1297867 -3.356841
v -0.0038356488 1.1668776 -3.293209
v -0.0031007691 1.1653733 -3.2918642
v -0.002357359 1.1653316 -3.278813
v -0.0038356488 1.1668776 -3.293209
v -0.011798788 1.1638631 -3.2713943
v -0.009628719 1.1668776 -3.293209
v -0.002357359 1.1653316 -3.278813
v -0.0 1.1653216 -3.2787824
v -0.0 1.1641734 -3.2710443
v -0.0031007691 1.1653733 -3.2918642
v -0.0 1.1653216 -3.2787824
v -0.002357359 1.1653316 -3.278813
v -0.0 1.1653042 -3.2918453
v 0.0031007691 1.1653733 -3.2918642
v 0.002357359 1.1653316 -3.278813
v -0.00552841 1.143358 -3.3594615
v -0.012313709 1.143358 -3.3594615
v -0.00483038 1.1415745 -3.359231
v -0.012313709 1.143358 -3.3594615
v -0.01957991 1.1296334 -3.358198
v -0.0 1.1166254 -3.356763
v -0.0 1.1414909 -3.359235
v -0.0 1.1166254 -3.356763
v 0.00483038 1.1415745 -3.359231
v 0.01957991 1.1296334 -3.358198
v 0.012313709 1.143358 -3.3594615
v 0.00552841 1.143358 -3.3594615
v -0.02049156 1.1110889 -3.356124
v -0.0 1.1166027 -3.3567603
v -0.01957991 1.1296334 -3.358198
v -0.026179727 1.1297867 -3.356841
v 0.01957991 1.1296334 -3.358198
v -0.0 1.1166027 -3.3567603
v 0.02049156 1.1110889 -3.356124
v 0.026179727 1.1297867 -3.356841
v -0.0 1.111003 -3.3561141
v -0.0 1.1166027 -3.3567603
v -0.02049156 1.1110889 -3.356124
v 0.02049156 1.1110889 -3.356124
v -0.025728032 1.1400566 -3.3194454
v -0.025354246 1.174405 -3.243562
v -0.02745475 1.1392295 -3.314839
v -0.024371337 1.1771966 -3.2446883
v -0.026179727 1.1297867 -3.356841
v -0.02745475 1.1392295 -3.314839
v -0.026797714 1.1263047 -3.3547156
v -0.025728032 1.1400566 -3.3194454
v -0.02049156 1.1110889 -3.356124
v -0.026797714 1.1263047 -3.3547156
v -0.02127054 1.1113003 -3.3531585
v -0.026179727 1.1297867 -3.356841
v -0.026797714 1.1263047 -3.3547156
v -0.025354246 1.174405 -3.243562
v -0.0 1.1770729 -3.2449343
v -0.0 1.1746665 -3.2430425
v -0.024371337 1.1771966 -3.2446883
v 0.025354246 1.174405 -3.243562
v 0.024371337 1.1771966 -3.2446883
v -0.0 1.1770729 -3.2449343
v -0.0 1.111003 -3.3561141
v -0.02127054 1.1113003 -3.3531585
v -0.0 1.111003 -3.3531487
v -0.02049156 1.1110889 -3.356124
v 0.02127054 1.1113003 -3.3531585
v 0.02049156 1.1110889 -3.356124
v 0.012313709 1.143358 -3.3594615
v 0.00450599 1.1575638 -3.3194454
v 0.00552841 1.143358 -3.3594615
v 0.010691987 1.1575638 -3.3194454
v 0.0038356488 1.1668776 -3.293209
v 0.009628719 1.1668776 -3.293209
v 0.0038356488 1.1668776 -3.293209
v 0.0038089044 1.1556298 -3.3194454
v 0.00450599 1.1575638 -3.3194454
v 0.0031007691 1.1653733 -3.2918642
v 0.00552841 1.143358 -3.3594615
v 0.00483038 1.1415745 -3.359231
v 0.012313709 1.143358 -3.3594615
v 0.01610612 1.1402711 -3.3194454
v 0.010691987 1.1575638 -3.3194454
v 0.01957991 1.1296334 -3.358198
v 0.009628719 1.1668776 -3.293209
v 0.011798788 1.1638631 -3.2713943
v 0.0038356488 1.1668776 -3.293209
v 0.002357359 1.1653316 -3.278813
v 0.0031007691 1.1653733 -3.2918642
v 0.0038356488 1.1668776 -3.293209
v 0.011798788 1.1638631 -3.2713943
v 0.002357359 1.1653316 -3.278813
v 0.009628719 1.1668776 -3.293209
v -0.0 1.1653216 -3.2787824
v -0.0 1.1641734 -3.2710443
v 0.025728032 1.1400566 -3.3194454
v 0.025354246 1.174405 -3.243562
v 0.024371337 1.1771966 -3.2446883
v 0.02745475 1.1392295 -3.314839
v 0.026179727 1.1297867 -3.356841
v 0.02745475 1.1392295 -3.314839
v 0.025728032 1.1400566 -3.3194454
v 0.026797714 1.1263047 -3.3547156
v 0.02049156 1.1110889 -3.356124
v 0.026797714 1.1263047 -3.3547156
v 0.026179727 1.1297867 -3.356841
v 0.02127054 1.1113003 -3.3531585
v 0.026797714 1.1263047 -3.3547156
v -0.0 1.1769732 -3.2450237
v 0.022965867 1.198586 -3.2009094
v -0.0 1.2006644 -3.1966155
v 0.024076637 1.1771102 -3.2437809
v -0.0 1.2464917 -3.0990558
v 0.019019745 1.249129 -3.0932562
v -0.0 1.3102877 -2.9505064
v 0.013491952 1.3144139 -2.9401047
v -0.0 1.3296902 -2.9002266
v 0.011913591 1.3313792 -2.8956614
v -0.0 1.3476753 -2.8494236
v 0.009879961 1.3475415 -2.8498225
v 0.024076637 1.1771102 -3.244598
v -0.0 1.1769732 -3.245841
v 0.02388728 1.198586 -3.2009094
v 0.024998052 1.1771102 -3.2437809
v 0.019941159 1.249129 -3.0932562
v 0.014413365 1.3144139 -2.9401047
v 0.012835004 1.3313792 -2.8956614
v 0.010801373 1.3475415 -2.8498225
v -0.0 1.3479164 -2.848742
v 0.009910746 1.3477826 -2.849141
v 0.02408216 1.175169 -3.244598
v 0.02388728 1.1968395 -3.2000618
v 0.024998052 1.1752717 -3.243346
v 0.019941159 1.2473575 -3.092463
v 0.014413365 1.3126141 -2.939378
v 0.012835004 1.3295571 -2.8949924
v 0.010801417 1.345711 -2.849176
v 0.009911453 1.3459524 -2.8484936
v 0.009910746 1.3477826 -2.849141
v -0.0 1.3460861 -2.848095
v 0.02388728 1.1901201 -3.2000618
v 0.024998052 1.1685523 -3.243346
v 0.019941159 1.2406381 -3.092463
v 0.014413365 1.3058946 -2.939378
v 0.012835004 1.3228375 -2.8949924
v 0.010801417 1.3389915 -2.849176
v 0.02408216 1.1684495 -3.244598
v -0.0 1.3393666 -2.848095
v 0.009911453 1.3392329 -2.8484936
v 0.009910746 1.3477826 -2.849141
v -0.0 1.3479164 -2.848742
v -0.0 1.175032 -3.245841
v -0.0 1.1769732 -3.245841
v -0.0 1.1683125 -3.245841
v -0.022965867 1.198586 -3.2009094
v -0.024076637 1.1771102 -3.2437809
v -0.019019745 1.249129 -3.0932562
v -0.013491952 1.3144139 -2.9401047
v -0.011913591 1.3313792 -2.8956614
v -0.009879961 1.3475415 -2.8498225
v -0.024076637 1.1771102 -3.244598
v -0.0 1.1769732 -3.245841
v -0.02388728 1.198586 -3.2009094
v -0.024998052 1.1771102 -3.2437809
v -0.019941159 1.249129 -3.0932562
v -0.014413365 1.3144139 -2.9401047
v -0.012835004 1.3313792 -2.8956614
v -0.010801373 1.3475415 -2.8498225
v -0.0 1.3479164 -2.848742
v -0.009910746 1.3477826 -2.849141
v -0.02388728 1.1968395 -3.2000618
v -0.024998052 1.1752717 -3.243346
v -0.019941159 1.2473575 -3.092463
v -0.014413365 1.3126141 -2.939378
v -0.012835004 1.3295571 -2.8949924
v -0.010801417 1.345711 -2.849176
v -0.02408216 1.175169 -3.244598
v -0.009911453 1.3459524 -2.8484936
v -0.009910746 1.3477826 -2.849141
v -0.0 1.3460861 -2.848095
v -0.02388728 1.1901201 -3.2000618
v -0.024998052 1.1685523 -3.243346
v -0.019941159 1.2406381 -3.092463
v -0.014413365 1.3058946 -2.939378
v -0.012835004 1.3228375 -2.8949924
v -0.010801417 1.3389915 -2.849176
v -0.02408216 1.1684495 -3.244598
v -0.0 1.175032 -3.245841
v -0.0 1.1769732 -3.245841
v -0.0 1.1683125 -3.245841
v -0.0 1.3393666 -2.848095
v -0.009911453 1.3392329 -2.8484936
v -0.009910746 1.3477826 -2.849141
v -0.0 1.3479164 -2.848742
v -0.0 1.3482656 -2.847551
v 0.00914802 1.3564802 -2.8065045
v -0.0 1.3564808 -2.8065047
v 0.010495201 1.3482656 -2.847551
v -0.0 1.3558251 -2.7371893
v 0.008772761 1.3558248 -2.737188
v -0.0 1.3544223 -2.7309864
v 0.008922971 1.3544225 -2.7309875
v -0.0 1.3482113 -2.7254815
v 0.0092749605 1.3482109 -2.7254827
v -0.0 1.3207372 -2.7124012
v 0.010679842 1.3207387 -2.7123985
v -0.0 1.2943023 -2.6927326
v 0.011978134 1.2943057 -2.6927288
v -0.0 1.2061062 -2.58118
v 0.016495846 1.2061065 -2.5811803
v -0.0 1.1608255 -2.520302
v 0.019276928 1.1608256 -2.5203023
v -0.0 1.1416097 -2.4912372
v 0.02060781 1.1416097 -2.491237
v -0.0 1.1308035 -2.4683647
v 0.021429282 1.1308035 -2.4683647
v -0.0 1.1062006 -2.3728821
v 0.022612402 1.1062007 -2.3728824
v -0.0 1.1038662 -2.366222
v 0.02247374 1.1038666 -2.3662226
v -0.0 1.0978339 -2.361091
v 0.022093171 1.0978339 -2.361091
v -0.0 1.0630662 -2.3422575
v 0.019861884 1.0630661 -2.3422575
v 0.017241431 1.2061065 -2.5811803
v 0.01272372 1.2943057 -2.6927288
v 0.020022513 1.1608256 -2.5203023
v 0.021353394 1.1416097 -2.491237
v 0.022174865 1.1308035 -2.4683647
v 0.023357987 1.1062007 -2.3728824
v 0.023219325 1.1038666 -2.3662226
v 0.022838756 1.0978339 -2.361091
v 0.020607468 1.0630661 -2.3422575
v 0.019861884 1.0616556 -2.3422575
v 0.01272372 1.2932748 -2.6937904
v 0.011425428 1.3199722 -2.7136712
v 0.011425428 1.3207387 -2.7123985
v 0.010020547 1.3482109 -2.7254827
v 0.009668557 1.3544225 -2.7309875
v 0.009518347 1.3558248 -2.737188
v 0.009893606 1.3564802 -2.8065045
v 0.011240787 1.3482656 -2.847551
v 0.010495201 1.3482656 -2.8482003
v -0.0 1.3482656 -2.8482003
v 0.011240787 1.3467877 -2.8474047
v 0.009893606 1.3550023 -2.8063653
v 0.009518348 1.3543508 -2.7373598
v 0.009668557 1.3531996 -2.7317107
v 0.010020547 1.347395 -2.726715
v 0.010495201 1.3467731 -2.8482006
v 0.010495201 1.3482656 -2.8482003
v -0.0 1.3467731 -2.8482006
v 0.010495201 1.3482656 -2.8482003
v -0.0 1.343447 -2.8482003
v 0.010495201 1.343447 -2.8482003
v 0.011240787 1.3434938 -2.8470786
v 0.009893606 1.3517085 -2.8060546
v 0.009518347 1.3510656 -2.7377427
v 0.009668557 1.3504744 -2.7333224
v 0.010020548 1.3455768 -2.7294612
v 0.011425428 1.3182642 -2.716507
v 0.01272372 1.2909775 -2.6961563
v 0.017241431 1.2049224 -2.5820885
v 0.020022513 1.1596043 -2.5211592
v 0.021353394 1.1403124 -2.4919674
v 0.022174869 1.1294061 -2.4688697
v 0.023357987 1.1047739 -2.3733156
v 0.023219327 1.1026788 -2.367038
v 0.022838756 1.0969949 -2.3623157
v 0.020607468 1.0627106 -2.3436599
v 0.019861884 1.0616556 -2.34375
v -0.0 1.0616558 -2.3422575
v -0.0 1.0616558 -2.34375
v 0.021353394 1.1374214 -2.493595
v 0.020022513 1.1568825 -2.523069
v 0.022174865 1.1262918 -2.469995
v 0.023357987 1.1015937 -2.3742805
v 0.023219325 1.1000316 -2.3688548
v 0.022838756 1.0951251 -2.3650446
v 0.020607468 1.0619185 -2.3467853
v 0.020607468 1.0619185 -2.3467853
v 0.019861884 1.0616556 -2.3470762
v 0.020607468 1.0619185 -2.3467853
v -0.0 1.0616558 -2.3470762
v -0.019861884 1.0616556 -2.34375
v -0.019861884 1.0616556 -2.3422575
v -0.020607468 1.0627106 -2.3436599
v -0.020607468 1.0630661 -2.3422575
v -0.019861884 1.0630661 -2.3422575
v -0.022838756 1.0978339 -2.361091
v -0.022093171 1.0978339 -2.361091
v -0.02247374 1.1038666 -2.3662226
v -0.022612402 1.1062007 -2.3728824
v -0.021429282 1.1308035 -2.4683647
v -0.02060781 1.1416097 -2.491237
v -0.019276928 1.1608256 -2.5203023
v -0.016495846 1.2061065 -2.5811803
v -0.011978134 1.2943057 -2.6927288
v -0.010679842 1.3207387 -2.7123985
v -0.0092749605 1.3482109 -2.7254827
v -0.008922971 1.3544225 -2.7309875
v -0.008772761 1.3558248 -2.737188
v -0.00914802 1.3564802 -2.8065045
v -0.010495201 1.3482656 -2.847551
v -0.011240787 1.3482656 -2.847551
v -0.009893606 1.3564802 -2.8065045
v -0.009518347 1.3558248 -2.737188
v -0.009668557 1.3544225 -2.7309875
v -0.010020547 1.3482109 -2.7254827
v -0.011425428 1.3207387 -2.7123985
v -0.01272372 1.2943057 -2.6927288
v -0.017241431 1.2061065 -2.5811803
v -0.020022513 1.1608256 -2.5203023
v -0.021353394 1.1416097 -2.491237
v -0.022174865 1.1308035 -2.4683647
v -0.023357987 1.1062007 -2.3728824
v -0.023219325 1.1038666 -2.3662226
v -0.01272372 1.2932748 -2.6937904
v -0.011425428 1.3199722 -2.7136712
v -0.017241431 1.2049224 -2.5820885
v -0.020022513 1.1596043 -2.5211592
v -0.021353394 1.1403124 -2.4919674
v -0.022174869 1.1294061 -2.4688697
v -0.023357987 1.1047739 -2.3733156
v -0.023219327 1.1026788 -2.367038
v -0.022838756 1.0969949 -2.3623157
v -0.011425428 1.3182642 -2.716507
v -0.010020548 1.3455768 -2.7294612
v -0.010020547 1.347395 -2.726715
v -0.009668557 1.3531996 -2.7317107
v -0.009518348 1.3543508 -2.7373598
v -0.009893606 1.3550023 -2.8063653
v -0.011240787 1.3467877 -2.8474047
v -0.010495201 1.3467731 -2.8482006
v -0.010495201 1.3482656 -2.8482003
v -0.010495201 1.343447 -2.8482003
v -0.011240787 1.3434938 -2.8470786
v -0.009893606 1.3517085 -2.8060546
v -0.009518347 1.3510656 -2.7377427
v -0.009668557 1.3504744 -2.7333224
v -0.010495201 1.3482656 -2.8482003
v -0.010495201 1.3482656 -2.8482003
v 0.019861884 1.0616556 -2.3422575
v -0.019861884 1.0616556 -2.3422575
v 0.017241431 1.2022834 -2.584113
v -0.01272372 1.2909775 -2.6961563
v -0.017241431 1.2022834 -2.584113
v -0.020022513 1.1568825 -2.523069
v -0.021353394 1.1374214 -2.493595
v -0.022174865 1.1262918 -2.469995
v -0.023357987 1.1015937 -2.3742805
v -0.023219325 1.1000316 -2.3688548
v -0.022838756 1.0951251 -2.3650446
v -0.020607468 1.0619185 -2.3467853
v -0.020607468 1.0619185 -2.3467853
v -0.019861884 1.0616556 -2.3470762
v -0.020607468 1.0619185 -2.3467853
v 0.016206495 0.8158884 -0.0606809
v 0.027472917 0.809362 -0.04155013
v 0.011272239 0.80091894 -0.016802235
v -0.016156724 0.8158481 -0.060575638
v -0.0108948145 0.8008862 -0.01673314
v -0.02728001 0.8092883 -0.041374587
v -0.02728001 0.8092883 -0.041374587
v -0.016155902 0.8133938 -0.061413255
v -0.016156724 0.8158481 -0.060575638
v -0.02728001 0.8092883 -0.041374587
v -0.027278699 0.8068339 -0.042212334
v -0.016155902 0.8133938 -0.061413255
v -0.0108948145 0.8008862 -0.01673314
v -0.027278699 0.8068339 -0.042212334
v -0.02728001 0.8092883 -0.041374587
v -0.010893652 0.7984318 -0.017570755
v 0.011272239 0.80091894 -0.016802235
v -0.010893652 0.7984318 -0.017570755
v -0.0108948145 0.8008862 -0.01673314
v 0.01127276 0.7984645 -0.01763966
v 0.027472917 0.809362 -0.04155013
v 0.01127276 0.7984645 -0.01763966
v 0.011272239 0.80091894 -0.016802235
v 0.027472949 0.8069075 -0.042387486
v 0.016206495 0.8158884 -0.0606809
v 0.027472949 0.8069075 -0.042387486
v 0.027472917 0.809362 -0.04155013
v 0.016206495 0.8158884 -0.0606809
v 0.016206676 0.81343395 -0.06151832
v -0.016156724 0.8158481 -0.060575638
v 0.016206676 0.81343395 -0.06151832
v 0.016206495 0.8158884 -0.0606809
v -0.016155902 0.8133938 -0.061413255
v -0.03967223 0.82192427 -0.069006175
v 0.036102794 0.82422805 -0.0765754
v 0.03965205 0.82200927 -0.06927523
v -0.03617705 0.8241435 -0.07633369
v 4.2373158E-5 0.8176772 -0.05502318
v -0.03617705 0.8241435 -0.07633369
v -0.041068405 0.8188911 -0.0694842
v -0.036864005 0.82188255 -0.07824629
v -0.03967223 0.82192427 -0.069006175
v -0.03617705 0.8241435 -0.07633369
v 0.036699105 0.82191795 -0.0783713
v 0.036102794 0.82422805 -0.0765754
v -0.036864005 0.82188255 -0.07824629
v 0.036102794 0.82422805 -0.0765754
v 0.041051403 0.8189819 -0.06976095
v 0.03965205 0.82200927 -0.06927523
v 0.036699105 0.82191795 -0.0783713
v 0.03965205 0.82200927 -0.06927523
v 4.5608023E-5 0.8139433 -0.055001087
v 4.2373158E-5 0.8176772 -0.05502318
v 0.041051403 0.8189819 -0.06976095
v 4.2373158E-5 0.8176772 -0.05502318
v -0.041068405 0.8188911 -0.0694842
v -0.03967223 0.82192427 -0.069006175
v 4.5608023E-5 0.8139433 -0.055001087
v -0.009767445 0.7974272 0.0019384874
v -0.03379814 0.80672926 -0.025303306
v -0.014226241 0.80901855 -0.03201378
v -0.013992482 0.79775876 9.516703E-4
v -0.04234532 0.8108828 -0.03748312
v -0.04931187 0.814611 -0.048394375
v -0.047739174 0.81559914 -0.05129501
v -0.009767445 0.7974272 0.0019384874
v -0.013389815 0.8065867 -0.033413198
v -0.008562062 0.794387 0.0023363146
v -0.014226241 0.80901855 -0.03201378
v -0.009767445 0.7974272 0.0019384874
v -0.014517262 0.79490155 8.195902E-4
v -0.013992482 0.79775876 9.516703E-4
v -0.008562062 0.794387 0.0023363146
v -0.03379814 0.80672926 -0.025303306
v -0.014517262 0.79490155 8.195902E-4
v -0.03645689 0.8048557 -0.028381798
v -0.013992482 0.79775876 9.516703E-4
v -0.04234532 0.8108828 -0.03748312
v -0.044810098 0.8089868 -0.040452845
v -0.04931187 0.814611 -0.048394375
v -0.050327983 0.81199706 -0.049266323
v -0.047739174 0.81559914 -0.05129501
v -0.050327983 0.81199706 -0.049266323
v -0.04809538 0.81339455 -0.05338668
v -0.04931187 0.814611 -0.048394375
v -0.014226241 0.80901855 -0.03201378
v -0.04809538 0.81339455 -0.05338668
v -0.013389815 0.8065867 -0.033413198
v -0.047739174 0.81559914 -0.05129501
v 0.009963525 0.7974272 0.0019384874
v 0.03399422 0.80672926 -0.025303306
v 0.0141885625 0.79775876 9.516703E-4
v 0.014422321 0.80901855 -0.03201378
v 0.0425414 0.8108828 -0.03748312
v 0.04950795 0.814611 -0.048394375
v 0.047935255 0.81559914 -0.05129501
v 0.009963525 0.7974272 0.0019384874
v 0.013585895 0.8065867 -0.033413198
v 0.014422321 0.80901855 -0.03201378
v 0.008758143 0.794387 0.0023363146
v 0.009963525 0.7974272 0.0019384874
v 0.014713342 0.79490155 8.195902E-4
v 0.008758143 0.794387 0.0023363146
v 0.0141885625 0.79775876 9.516703E-4
v 0.03399422 0.80672926 -0.025303306
v 0.014713342 0.79490155 8.195902E-4
v 0.0141885625 0.79775876 9.516703E-4
v 0.03665297 0.8048557 -0.028381798
v 0.0425414 0.8108828 -0.03748312
v 0.04500618 0.8089868 -0.040452845
v 0.04950795 0.814611 -0.048394375
v 0.050524063 0.81199706 -0.049266323
v 0.047935255 0.81559914 -0.05129501
v 0.050524063 0.81199706 -0.049266323
v 0.04950795 0.814611 -0.048394375
v 0.04829146 0.81339455 -0.05338668
v 0.014422321 0.80901855 -0.03201378
v 0.04829146 0.81339455 -0.05338668
v 0.047935255 0.81559914 -0.05129501
v 0.013585895 0.8065867 -0.033413198
v -0.0021171004 0.7946755 0.0100177135
v 0.008017108 0.8116365 -0.03519115
v 0.0026884414 0.79467285 0.009995373
v -0.0077860532 0.8116172 -0.035139754
v 6.782613E-5 0.81619185 -0.047556996
v 0.053736217 0.81904125 -0.061410733
v 0.049286876 0.82077223 -0.066468105
v -0.04928484 0.8206602 -0.066137396
v -0.05369603 0.8189238 -0.061046332
v -0.0077860532 0.8116172 -0.035139754
v -0.055634446 0.81564796 -0.061809152
v -0.05369603 0.8189238 -0.061046332
v -0.009182232 0.8073574 -0.035686143
v -0.0021171004 0.7946755 0.0100177135
v -0.009182232 0.8073574 -0.035686143
v -0.0077860532 0.8116172 -0.035139754
v -0.0032429548 0.79109764 0.010150281
v 0.0026884414 0.79467285 0.009995373
v -0.0032429548 0.79109764 0.010150281
v -0.0021171004 0.7946755 0.0100177135
v 0.0038238175 0.7910986 0.010122937
v 0.008017108 0.8116365 -0.03519115
v 0.0038238175 0.7910986 0.010122937
v 0.0026884414 0.79467285 0.009995373
v 0.009419635 0.80738205 -0.035745107
v 0.053736217 0.81904125 -0.061410733
v 0.009419635 0.80738205 -0.035745107
v 0.008017108 0.8116365 -0.03519115
v 0.05567463 0.8157729 -0.06218356
v 0.049286876 0.82077223 -0.066468105
v 0.05567463 0.8157729 -0.06218356
v 0.053736217 0.81904125 -0.061410733
v 0.049286876 0.82077223 -0.066468105
v 0.049686044 0.81809765 -0.068993
v 7.17695E-4 0.81253386 -0.050162848
v 0.049286876 0.82077223 -0.066468105
v 6.782613E-5 0.81619185 -0.047556996
v 0.049686044 0.81809765 -0.068993
v -0.04928484 0.8206602 -0.066137396
v 7.17695E-4 0.81253386 -0.050162848
v 6.782613E-5 0.81619185 -0.047556996
v -0.04945536 0.8169022 -0.06852751
v -0.05369603 0.8189238 -0.061046332
v -0.04945536 0.8169022 -0.06852751
v -0.04928484 0.8206602 -0.066137396
v -0.055634446 0.81564796 -0.061809152
vn 0.5010968 0.0 -0.86539125
vn 0.5010968 0.0 -0.86539125
vn 0.5010968 0.0 -0.86539125
vn 0.5010968 0.0 -0.86539125
vn 0.0013090982 0.0 -0.99999917
vn 0.0013090982 0.0 -0.99999917
vn 0.0013090982 0.0 -0.99999917
vn 0.0013090982 0.0 -0.99999917
vn -0.49889866 0.0 -0.86666036
vn -0.49889866 0.0 -0.86666036
vn -0.49889866 0.0 -0.86666036
vn -0.49889866 0.0 -0.86666036
vn -0.86538327 0.0 -0.5011105
vn -0.86538327 0.0 -0.5011105
vn -0.86538327 0.0 -0.5011105
vn -0.86538327 0.0 -0.5011105
vn -0.86538327 0.0 -0.5011105
vn -0.99999917 0.0 -0.0012717457
vn -0.99999917 0.0 -0.0012717457
vn -0.99999917 0.0 -0.0012717457
vn -0.99999917 0.0 -0.0012717457
vn -0.86665756 0.0 0.49890342
vn -0.86665756 0.0 0.49890342
vn -0.86665756 0.0 0.49890342
vn -0.86665756 0.0 0.49890342
vn -0.5011074 0.0 0.8653851
vn -0.5011074 0.0 0.8653851
vn -0.5011074 0.0 0.8653851
vn -0.5011074 0.0 0.8653851
vn -0.0012711352 0.0 0.99999917
vn -0.0012711352 0.0 0.99999917
vn -0.0012711352 0.0 0.99999917
vn -0.0012711352 0.0 0.99999917
vn 0.49889866 0.0 0.86666036
vn 0.49889866 0.0 0.86666036
vn 0.49889866 0.0 0.86666036
vn 0.49889866 0.0 0.86666036
vn 0.86540276 0.0 0.50107694
vn 0.86540276 0.0 0.50107694
vn 0.86540276 0.0 0.50107694
vn 0.86540276 0.0 0.50107694
vn 0.86540276 0.0 0.50107694
vn 0.99999917 0.0 0.0012738948
vn 0.99999917 0.0 0.0012738948
vn 0.99999917 0.0 0.0012738948
vn 0.99999917 0.0 0.0012738948
vn 0.8666592 0.0 -0.49890056
vn 0.8666592 0.0 -0.49890056
vn 0.8666592 0.0 -0.49890056
vn 0.8666592 0.0 -0.49890056
vn 0.013622732 0.9996353 -0.023317853
vn 0.013622732 0.9996353 -0.023317853
vn 0.013622732 0.9996353 -0.023317853
vn -0.013387199 0.99963534 -0.02345073
vn -0.027012475 0.99963504 -1.3628586E-4
vn -0.013622144 0.9996356 0.02330446
vn -0.013622144 0.9996356 0.02330446
vn 0.013388247 0.99963504 0.023462243
vn -0.05778982 0.9933611 0.099468514
vn -0.05778982 0.9933611 0.099468514
vn -0.05778982 0.9933611 0.099468514
vn -0.05778982 0.9933611 0.099468514
vn 9.079179E-4 0.95900583 -0.28338495
vn 9.079179E-4 0.95900583 -0.28338495
vn 9.079179E-4 0.95900583 -0.28338495
vn 9.079179E-4 0.95900583 -0.28338495
vn 0.0015866618 0.9483913 -0.31709826
vn 0.05725137 0.9933604 0.09978678
vn 0.05725137 0.9933604 0.09978678
vn 0.05725137 0.9933604 0.09978678
vn 0.05725137 0.9933604 0.09978678
vn -0.24496487 0.9590065 -0.1424738
vn -0.24496487 0.9590065 -0.1424738
vn -0.24496487 0.9590065 -0.1424738
vn -0.24496487 0.9590065 -0.1424738
vn -0.2737974 0.94840044 -0.15991132
vn 0.11505392 0.9933592 3.0978073E-4
vn 0.11505392 0.9933592 3.0978073E-4
vn 0.11505392 0.9933592 3.0978073E-4
vn 0.11505392 0.9933592 3.0978073E-4
vn -0.24585816 0.9590098 0.14090402
vn -0.24585816 0.9590098 0.14090402
vn -0.24585816 0.9590098 0.14090402
vn -0.24585816 0.9590098 0.14090402
vn -0.27539626 0.94839627 0.15716681
vn 0.05779267 0.99336135 -0.09946495
vn 0.05779267 0.99336135 -0.09946495
vn 0.05779267 0.99336135 -0.09946495
vn 0.05779267 0.99336135 -0.09946495
vn -9.035074E-4 0.9590087 0.2833752
vn -9.035074E-4 0.9590087 0.2833752
vn -9.035074E-4 0.9590087 0.2833752
vn -9.035074E-4 0.9590087 0.2833752
vn -0.0015735029 0.9484061 0.31705436
vn -0.05725165 0.9933604 -0.09978659
vn -0.05725165 0.9933604 -0.09978659
vn -0.05725165 0.9933604 -0.09978659
vn -0.05725165 0.9933604 -0.09978659
vn 0.24496326 0.9590082 0.14246479
vn 0.24496326 0.9590082 0.14246479
vn 0.24496326 0.9590082 0.14246479
vn 0.24496326 0.9590082 0.14246479
vn 0.27380252 0.9483992 0.15990996
vn -0.11504053 0.99336076 -3.143464E-4
vn -0.11504053 0.99336076 -3.143464E-4
vn -0.11504053 0.99336076 -3.143464E-4
vn -0.11504053 0.99336076 -3.143464E-4
vn 0.24585983 0.95901024 -0.14089805
vn 0.24585983 0.95901024 -0.14089805
vn 0.24585983 0.95901024 -0.14089805
vn 0.24585983 0.95901024 -0.14089805
vn 0.27540475 0.94839203 -0.15717722
vn 0.0010665078 0.5627428 -0.8266313
vn 0.0010665078 0.5627428 -0.8266313
vn 0.0010665078 0.5627428 -0.8266313
vn 0.0010665078 0.5627428 -0.8266313
vn 0.995117 0.08899255 -0.042689923
vn 0.995117 0.08899255 -0.042689923
vn 0.995117 0.08899255 -0.042689923
vn 0.995117 0.08899255 -0.042689923
vn 0.995117 0.08899255 -0.042689923
vn -0.7153414 0.56277466 -0.41421175
vn -0.7153414 0.56277466 -0.41421175
vn -0.7153414 0.56277466 -0.41421175
vn -0.7153414 0.56277466 -0.41421175
vn 0.4605674 0.08894845 -0.8831568
vn 0.4605674 0.08894845 -0.8831568
vn 0.4605674 0.08894845 -0.8831568
vn 0.4605674 0.08894845 -0.8831568
vn -0.7163853 0.562788 0.41238552
vn -0.7163853 0.562788 0.41238552
vn -0.7163853 0.562788 0.41238552
vn -0.7163853 0.562788 0.41238552
vn -0.5345344 0.08895775 -0.84045196
vn -0.5345344 0.08895775 -0.84045196
vn -0.5345344 0.08895775 -0.84045196
vn -0.5345344 0.08895775 -0.84045196
vn -0.5345344 0.08895775 -0.84045196
vn -0.0010539021 0.5627884 0.8266003
vn -0.0010539021 0.5627884 0.8266003
vn -0.0010539021 0.5627884 0.8266003
vn -0.0010539021 0.5627884 0.8266003
vn -0.9951169 0.088997774 0.04268221
vn -0.9951169 0.088997774 0.04268221
vn -0.9951169 0.088997774 0.04268221
vn -0.9951169 0.088997774 0.04268221
vn -0.9951169 0.088997774 0.04268221
vn 0.71535957 0.5627492 0.41421497
vn 0.71535957 0.5627492 0.41421497
vn 0.71535957 0.5627492 0.41421497
vn 0.71535957 0.5627492 0.41421497
vn -0.4605858 0.08899337 0.8831426
vn -0.4605858 0.08899337 0.8831426
vn -0.4605858 0.08899337 0.8831426
vn -0.4605858 0.08899337 0.8831426
vn 0.7164017 0.5627616 -0.412393
vn 0.7164017 0.5627616 -0.412393
vn 0.7164017 0.5627616 -0.412393
vn 0.7164017 0.5627616 -0.412393
vn 0.5345255 0.08897414 0.8404559
vn 0.5345255 0.08897414 0.8404559
vn 0.5345255 0.08897414 0.8404559
vn 0.5345255 0.08897414 0.8404559
vn 0.5345255 0.08897414 0.8404559
vn 0.49258858 0.21458498 -0.8433919
vn 0.49258858 0.21458498 -0.8433919
vn 0.49258858 0.21458498 -0.8433919
vn 0.49258858 0.21458498 -0.8433919
vn -0.48408768 0.21460968 -0.8482934
vn -0.48408768 0.21460968 -0.8482934
vn -0.48408768 0.21460968 -0.8482934
vn -0.48408768 0.21460968 -0.8482934
vn -0.97668314 0.21463029 -0.0048814276
vn -0.97668314 0.21463029 -0.0048814276
vn -0.97668314 0.21463029 -0.0048814276
vn -0.97668314 0.21463029 -0.0048814276
vn -0.49259537 0.2146623 0.8433681
vn -0.49259537 0.2146623 0.8433681
vn -0.49259537 0.2146623 0.8433681
vn -0.49259537 0.2146623 0.8433681
vn 0.48410308 0.21463609 0.848278
vn 0.48410308 0.21463609 0.848278
vn 0.48410308 0.21463609 0.848278
vn 0.48410308 0.21463609 0.848278
vn 0.9766845 0.21462417 0.0048879855
vn 0.9766845 0.21462417 0.0048879855
vn 0.9766845 0.21462417 0.0048879855
vn 0.9766845 0.21462417 0.0048879855
vn -0.99658173 0.079323 -0.023080504
vn -0.99658173 0.079323 -0.023080504
vn -0.99658173 0.079323 -0.023080504
vn -0.99658173 0.079323 -0.023080504
vn -0.99658173 0.079323 -0.023080504
vn -0.51823336 0.07928509 0.85155624
vn -0.51823336 0.07928509 0.85155624
vn -0.51823336 0.07928509 0.85155624
vn -0.51823336 0.07928509 0.85155624
vn -0.51823336 0.07928509 0.85155624
vn 0.47830832 0.07937157 0.87459785
vn 0.47830832 0.07937157 0.87459785
vn 0.47830832 0.07937157 0.87459785
vn 0.47830832 0.07937157 0.87459785
vn 0.99658054 0.079336844 0.023086336
vn 0.99658054 0.079336844 0.023086336
vn 0.99658054 0.079336844 0.023086336
vn 0.99658054 0.079336844 0.023086336
vn 0.99658054 0.079336844 0.023086336
vn 0.51822203 0.07939072 -0.8515533
vn 0.51822203 0.07939072 -0.8515533
vn 0.51822203 0.07939072 -0.8515533
vn 0.51822203 0.07939072 -0.8515533
vn 0.51822203 0.07939072 -0.8515533
vn -0.47832614 0.07927923 -0.8745964
vn -0.47832614 0.07927923 -0.8745964
vn -0.47832614 0.07927923 -0.8745964
vn -0.47832614 0.07927923 -0.8745964
vn 0.11838471 0.9720601 -0.20269246
vn 0.11838471 0.9720601 -0.20269246
vn 0.11838471 0.9720601 -0.20269246
vn 0.11838471 0.9720601 -0.20269246
vn -0.11635449 0.97205865 -0.20387168
vn -0.11635449 0.97205865 -0.20387168
vn -0.11635449 0.97205865 -0.20387168
vn -0.11635449 0.97205865 -0.20387168
vn -0.23473315 0.97205913 -0.001176569
vn -0.23473315 0.97205913 -0.001176569
vn -0.23473315 0.97205913 -0.001176569
vn -0.23473315 0.97205913 -0.001176569
vn -0.11838116 0.97206306 0.20268026
vn -0.11838116 0.97206306 0.20268026
vn -0.11838116 0.97206306 0.20268026
vn -0.11838116 0.97206306 0.20268026
vn 0.116341695 0.9720626 0.20386004
vn 0.116341695 0.9720626 0.20386004
vn 0.116341695 0.9720626 0.20386004
vn 0.116341695 0.9720626 0.20386004
vn 0.23473288 0.9720592 0.0011765829
vn 0.23473288 0.9720592 0.0011765829
vn 0.23473288 0.9720592 0.0011765829
vn 0.23473288 0.9720592 0.0011765829
vn -0.33329543 0.7504908 0.57068175
vn -0.33329543 0.7504908 0.57068175
vn -0.33329543 0.7504908 0.57068175
vn -0.33329543 0.7504908 0.57068175
vn 0.32755592 0.7505027 0.5739798
vn 0.32755592 0.7505027 0.5739798
vn 0.32755592 0.7505027 0.5739798
vn 0.32755592 0.7505027 0.5739798
vn 0.6608763 0.75048757 0.003300587
vn 0.6608763 0.75048757 0.003300587
vn 0.6608763 0.75048757 0.003300587
vn 0.6608763 0.75048757 0.003300587
vn 0.3333124 0.7504871 -0.5706768
vn 0.3333124 0.7504871 -0.5706768
vn 0.3333124 0.7504871 -0.5706768
vn 0.3333124 0.7504871 -0.5706768
vn -0.3275862 0.75048417 -0.57398665
vn -0.3275862 0.75048417 -0.57398665
vn -0.3275862 0.75048417 -0.57398665
vn -0.3275862 0.75048417 -0.57398665
vn -0.6608748 0.75048894 -0.0033098138
vn -0.6608748 0.75048894 -0.0033098138
vn -0.6608748 0.75048894 -0.0033098138
vn -0.6608748 0.75048894 -0.0033098138
vn 0.74354094 -0.41928846 -0.5209069
vn 0.26885214 -0.72356176 -0.63574916
vn 0.26475623 -0.75666386 -0.5977992
vn 0.76512927 -0.31137162 -0.5635822
vn 0.76527506 -0.25318438 -0.59182066
vn 0.30178708 -0.7224014 -0.6221422
vn 0.7442256 -0.15772147 -0.64903945
vn 0.34073213 -0.7202602 -0.6042572
vn 0.7030975 -0.072432846 -0.7073948
vn 0.41251963 -0.6719159 -0.6151069
vn 0.67929536 0.118997745 -0.72415286
vn 0.68706095 -0.011083 -0.72651523
vn 0.5978855 -0.2806166 -0.7508577
vn 0.3871587 -0.7059657 -0.5930604
vn 0.59046817 -0.22336712 -0.775535
vn 0.37990794 -0.69536364 -0.6100322
vn 0.54590815 -0.29547545 -0.7840144
vn 0.36997223 -0.6854005 -0.6271736
vn 0.5289032 -0.29568654 -0.79550666
vn 0.3691674 -0.6682887 -0.6458372
vn 0.18031323 -0.15590028 -0.9711757
vn -0.024443353 -0.40856248 -0.912403
vn 0.5836992 0.72051597 -0.37436888
vn 0.5540472 0.73411804 -0.39255875
vn 0.711984 0.58728987 -0.3849278
vn 0.3521055 0.93346477 -0.06830273
vn 0.6646904 0.73239875 -0.14757636
vn 0.70333016 0.62289965 -0.34252423
vn -0.60486287 0.44273126 -0.6619139
vn -0.76600224 0.14956103 -0.62519765
vn 0.15246679 0.19882017 -0.96810347
vn 0.25398135 0.52502596 -0.8123061
vn -0.37318566 0.8114921 -0.44968092
vn 0.4033412 0.53940207 -0.73916256
vn 0.047518946 0.92195034 -0.3843819
vn 0.5634002 0.4853263 -0.66860944
vn 0.47186837 0.8229175 -0.31646013
vn 0.68532825 0.3907247 -0.61454004
vn 0.7681143 0.58611476 -0.25781763
vn 0.6665479 0.34291703 -0.6619078
vn 0.76963615 0.58032215 -0.26624486
vn 0.4442299 0.86272824 -0.24157767
vn 0.36861116 0.43676585 -0.820586
vn 0.07423515 0.94985324 -0.30375642
vn -0.30857325 0.8342865 -0.45689017
vn 0.3910861 0.5022985 -0.77119905
vn -0.27536124 0.8578111 -0.43397734
vn 0.51962477 0.50080997 -0.692228
vn 0.15488076 0.9175361 -0.36625066
vn 0.6211845 0.46424574 -0.6313523
vn 0.48059633 0.8153255 -0.32291085
vn 0.69025034 0.37884048 -0.6164693
vn 0.54199606 0.035684228 -0.83962303
vn 0.60372657 0.13110344 -0.7863371
vn 0.60993165 0.017733451 -0.7922556
vn 0.6731303 0.03782545 -0.7385559
vn 0.67855227 0.10238943 -0.727381
vn 0.67409015 0.13395885 -0.7264004
vn 0.27564764 -0.06331359 -0.9591714
vn 0.19708413 -0.33571577 -0.9211149
vn 0.45908758 -0.37435898 -0.80566365
vn 0.4544662 -0.28899178 -0.84258187
vn 0.12781866 -0.3619619 -0.9233883
vn 0.51762354 -0.02141962 -0.85534036
vn 0.6842493 -0.2468684 -0.6861916
vn 0.74121016 0.04538733 -0.66973686
vn 0.66930723 -0.3258587 -0.66771543
vn 0.75132865 -0.29413682 -0.5907528
vn 0.79142195 -0.11214181 -0.6008955
vn 0.8141695 0.09682491 -0.5724971
vn 0.7607957 0.2028886 -0.6164626
vn 0.6173077 0.40500152 -0.6744664
vn 0.6247681 0.3530163 -0.6964512
vn 0.3808257 -0.79922265 -0.46498924
vn 0.74210393 -0.5104604 -0.43440998
vn 0.90111184 -0.1823254 -0.3933889
vn 0.92366135 0.048043873 -0.38018617
vn 0.8844826 0.26231977 -0.3858481
vn 0.7525214 0.53681535 -0.3814982
vn 0.57052016 0.8075675 -0.14947073
vn 0.324897 0.94331217 -0.06785385
vn 0.8211381 0.5195064 -0.23631616
vn 0.9376882 0.217355 -0.27110475
vn 0.9399568 -0.101817966 -0.32575193
vn 0.7612415 -0.5199836 -0.38746402
vn 0.47611302 -0.7974528 -0.37065527
vn 0.12278092 -0.95599174 -0.26646692
vn -0.07933693 -0.94227266 -0.32531202
vn -0.3916648 -0.8411439 -0.37292844
vn -0.4455865 -0.8188855 -0.36177245
vn -0.29884845 -0.8925632 -0.33766922
vn -0.14053397 -0.94030553 -0.3099609
vn -0.008066004 -0.9580295 -0.28655604
vn 0.059743874 -0.9580424 -0.280331
vn 0.07006541 -0.9534522 -0.29329106
vn 0.08181644 -0.9480161 -0.3075248
vn 0.0975396 -0.9390991 -0.32951322
vn -0.19051181 -0.8411404 -0.5061503
vn -0.7344305 -0.43554407 -0.5204932
vn -0.81810474 -0.5117274 -0.2623732
vn -0.93389255 0.31640077 -0.16653888
vn -0.80014306 0.591756 -0.09795867
vn -0.6169367 0.7793592 -0.10949128
vn -0.12941217 0.9860837 -0.10436228
vn 0.3887004 0.9157683 -0.101392485
vn 0.77302283 0.6257265 -0.10441255
vn 0.76044655 0.64439756 -0.08045369
vn 0.3665085 0.92936444 -0.044195667
vn 0.13270344 0.9910602 -0.013761414
vn 0.07423515 0.94985324 -0.30375642
vn -0.40069973 0.91613066 -0.012015611
vn -0.40069973 0.91613066 -0.012015611
vn -0.601029 0.79747105 -0.052954655
vn -0.07254886 0.99289924 -0.09427478
vn 0.371847 0.9193543 -0.12852035
vn 0.6837221 0.7090287 -0.17263372
vn 0.40539023 0.10109936 -0.908536
vn 0.4700012 0.09492106 -0.8775471
vn 0.49740833 0.048446786 -0.8661627
vn 0.6012214 0.055336926 -0.7971642
vn 0.6534485 0.109358735 -0.74902976
vn 0.6090458 0.100501135 -0.7867418
vn -0.03014826 -0.1606306 -0.9865541
vn 0.011175648 0.08635232 -0.996202
vn 0.37955022 0.35242268 -0.85541797
vn 0.47958833 0.33382604 -0.81151414
vn -0.070226185 -0.08073377 -0.9942587
vn 0.35509595 0.20621023 -0.91180277
vn 0.30934227 -0.22347607 -0.9243191
vn 0.31643417 -0.31949908 -0.8931908
vn 0.6204781 -0.3237838 -0.7142626
vn 0.8067633 -0.19715756 -0.5570116
vn 0.64519536 -0.23376857 -0.7273755
vn 0.669954 0.17817423 -0.7207049
vn 0.8240507 -0.13340431 -0.55058485
vn 0.8501943 0.06346904 -0.5226293
vn 0.6588496 0.35250294 -0.66457427
vn 0.79150605 0.06318918 -0.607886
vn 0.6170853 0.31697968 -0.7202289
vn -0.23148271 -0.9539848 -0.19060089
vn -0.04534323 -0.9889104 -0.14142194
vn -0.059888415 -0.98990387 -0.12846653
vn -0.08137323 -0.98963326 -0.1183402
vn -0.09579445 -0.9892423 -0.110557914
vn -0.17750837 -0.97734463 -0.11527478
vn -0.33100334 -0.9352472 -0.12549682
vn -0.5238975 -0.841196 -0.13386783
vn -0.7068686 -0.69350845 -0.13922253
vn -0.6326386 -0.75694513 -0.1637146
vn -0.2848622 -0.94044524 -0.18551604
vn 0.8424812 -0.057536114 -0.53564453
vn 0.8424812 -0.057536114 -0.53564453
vn 0.8424812 -0.057536114 -0.53564453
vn 0.8424812 -0.057536114 -0.53564453
vn 0.91095567 -0.28053167 -0.3024265
vn 0.91095567 -0.28053167 -0.3024265
vn 0.91095567 -0.28053167 -0.3024265
vn 0.4434415 0.21454272 -0.87024766
vn 0.4434415 0.21454272 -0.87024766
vn 0.4434415 0.21454272 -0.87024766
vn 0.4434415 0.21454272 -0.87024766
vn 0.6043968 0.45266694 -0.6555892
vn 0.6043968 0.45266694 -0.6555892
vn 0.6043968 0.45266694 -0.6555892
vn 0.6043968 0.45266694 -0.6555892
vn 0.7071063 0.70710725 0.0
vn 0.7071063 0.70710725 0.0
vn 0.7071063 0.70710725 0.0
vn 0.7071063 0.70710725 0.0
vn 0.2588147 0.965927 0.0
vn 0.2588147 0.965927 0.0
vn 0.2588147 0.965927 0.0
vn 0.2588147 0.965927 0.0
vn -0.25881457 0.965927 0.0
vn -0.25881457 0.965927 0.0
vn -0.25881457 0.965927 0.0
vn -0.25881457 0.965927 0.0
vn -0.25881457 0.965927 0.0
vn -0.7071065 0.7071071 0.0
vn -0.7071065 0.7071071 0.0
vn -0.7071065 0.7071071 0.0
vn -0.7071065 0.7071071 0.0
vn -0.9659262 0.25881788 0.0
vn -0.9659262 0.25881788 0.0
vn -0.9659262 0.25881788 0.0
vn -0.9659262 0.25881788 0.0
vn -0.9659257 -0.25881937 0.0
vn -0.9659257 -0.25881937 0.0
vn -0.9659257 -0.25881937 0.0
vn -0.9659257 -0.25881937 0.0
vn -0.7071065 -0.7071071 0.0
vn -0.7071065 -0.7071071 0.0
vn -0.7071065 -0.7071071 0.0
vn -0.7071065 -0.7071071 0.0
vn -0.25881743 -0.96592623 0.0
vn -0.25881743 -0.96592623 0.0
vn -0.25881743 -0.96592623 0.0
vn -0.25881743 -0.96592623 0.0
vn 0.25881752 -0.96592623 0.0
vn 0.25881752 -0.96592623 0.0
vn 0.25881752 -0.96592623 0.0
vn 0.25881752 -0.96592623 0.0
vn 0.25881752 -0.96592623 0.0
vn 0.7071063 -0.70710725 0.0
vn 0.7071063 -0.70710725 0.0
vn 0.7071063 -0.70710725 0.0
vn 0.7071063 -0.70710725 0.0
vn 0.9659258 -0.25881904 0.0
vn 0.9659258 -0.25881904 0.0
vn 0.9659258 -0.25881904 0.0
vn 0.9659258 -0.25881904 0.0
vn 0.96592623 0.25881752 0.0
vn 0.96592623 0.25881752 0.0
vn 0.96592623 0.25881752 0.0
vn 0.96592623 0.25881752 0.0
vn -0.0 0.0 1.0
vn -0.0 0.0 1.0
vn -0.0 0.0 1.0
vn -0.0 0.0 1.0
vn -0.0 0.0 1.0
vn -0.0 0.0 1.0
vn -0.0 0.0 1.0
vn -0.0 0.0 1.0
vn -0.0 0.0 1.0
vn -0.0 0.0 1.0
vn -0.0 0.0 1.0
vn -0.0 0.0 1.0
vn -0.0 0.0 1.0
vn 1.7991307E-7 0.0 1.0
vn 1.7991307E-7 0.0 1.0
vn 1.7991307E-7 0.0 1.0
vn 1.7991307E-7 0.0 1.0
vn -0.0 0.0 1.0
vn -0.0 0.0 1.0
vn -0.0 0.0 1.0
vn -0.0 0.0 1.0
vn 2.6987155E-7 0.0 1.0
vn 2.6987155E-7 0.0 1.0
vn -5.3973923E-7 0.0 1.0
vn -5.3973923E-7 0.0 1.0
vn -0.0 0.0 1.0
vn -0.0 0.0 1.0
vn 5.397501E-7 0.0 1.0
vn 5.397501E-7 0.0 1.0
vn -0.0 0.0 1.0
vn -0.0 0.0 1.0
vn 1.7992032E-7 0.0 1.0
vn 1.7992032E-7 0.0 1.0
vn -6.297048E-7 0.0 1.0
vn -6.297048E-7 0.0 1.0
vn -1.7991721E-7 0.0 1.0
vn -1.7991721E-7 0.0 1.0
vn -0.707104 -0.7071096 0.0
vn -0.707104 -0.7071096 0.0
vn -0.707104 -0.7071096 0.0
vn -0.707104 -0.7071096 0.0
vn -0.25881866 -0.96592593 0.0
vn -0.25881866 -0.96592593 0.0
vn -0.25881866 -0.96592593 0.0
vn -0.25881866 -0.96592593 0.0
vn 0.25881812 -0.9659261 0.0
vn 0.25881812 -0.9659261 0.0
vn 0.25881812 -0.9659261 0.0
vn 0.25881812 -0.9659261 0.0
vn 0.7071045 -0.7071091 0.0
vn 0.7071045 -0.7071091 0.0
vn 0.7071045 -0.7071091 0.0
vn 0.7071045 -0.7071091 0.0
vn 0.96592635 -0.25881696 0.0
vn 0.96592635 -0.25881696 0.0
vn 0.96592635 -0.25881696 0.0
vn 0.96592635 -0.25881696 0.0
vn 0.96592635 -0.25881696 0.0
vn 0.96592635 -0.25881696 0.0
vn 0.9659259 0.25881875 0.0
vn 0.9659259 0.25881875 0.0
vn 0.9659259 0.25881875 0.0
vn 0.9659259 0.25881875 0.0
vn 0.9659259 0.25881875 0.0
vn 0.70710784 0.70710576 0.0
vn 0.70710784 0.70710576 0.0
vn 0.70710784 0.70710576 0.0
vn 0.70710784 0.70710576 0.0
vn 0.25881508 0.9659269 0.0
vn 0.25881508 0.9659269 0.0
vn 0.25881508 0.9659269 0.0
vn 0.25881508 0.9659269 0.0
vn -0.2588156 0.96592677 0.0
vn -0.2588156 0.96592677 0.0
vn -0.2588156 0.96592677 0.0
vn -0.2588156 0.96592677 0.0
vn -0.70710725 0.7071063 0.0
vn -0.70710725 0.7071063 0.0
vn -0.70710725 0.7071063 0.0
vn -0.70710725 0.7071063 0.0
vn -0.9659256 0.25882 0.0
vn -0.9659256 0.25882 0.0
vn -0.9659256 0.25882 0.0
vn -0.9659256 0.25882 0.0
vn -0.9659256 0.25882 0.0
vn -0.9659256 0.25882 0.0
vn -0.965926 -0.25881833 0.0
vn -0.965926 -0.25881833 0.0
vn -0.965926 -0.25881833 0.0
vn -0.965926 -0.25881833 0.0
vn -0.965926 -0.25881833 0.0
vn 5.046411E-7 -1.4771855E-7 1.0
vn 5.046411E-7 -1.4771855E-7 1.0
vn 5.046411E-7 -1.4771855E-7 1.0
vn 5.046411E-7 -1.4771855E-7 1.0
vn 1.009331E-7 0.0 1.0
vn 1.009331E-7 0.0 1.0
vn -1.0092888E-7 0.0 1.0
vn -1.0092888E-7 0.0 1.0
vn 2.0185546E-7 0.0 1.0
vn 2.0185546E-7 0.0 1.0
vn -4.037207E-7 0.0 1.0
vn 6.055791E-7 0.0 1.0
vn 6.055791E-7 0.0 1.0
vn 6.055791E-7 0.0 1.0
vn -4.037207E-7 0.0 1.0
vn -4.037207E-7 0.0 1.0
vn -0.0 0.0 1.0
vn -0.0 0.0 1.0
vn -1.0093017E-7 0.0 1.0
vn -1.0093017E-7 0.0 1.0
vn -0.0 0.0 1.0
vn -0.0 0.0 1.0
vn 2.0186297E-7 0.0 1.0
vn 2.0186297E-7 0.0 1.0
vn 6.0558204E-7 1.4772165E-7 1.0
vn 6.0558204E-7 1.4772165E-7 1.0
vn 0.62968844 0.6296879 0.45495677
vn 0.62968844 0.6296879 0.45495677
vn 0.62968844 0.6296879 0.45495677
vn 0.62968844 0.6296879 0.45495677
vn 0.23047754 0.8601675 0.4549636
vn 0.23047754 0.8601675 0.4549636
vn 0.23047754 0.8601675 0.4549636
vn 0.23047754 0.8601675 0.4549636
vn -0.23047757 0.8601688 0.45496115
vn -0.23047757 0.8601688 0.45496115
vn -0.23047757 0.8601688 0.45496115
vn -0.23047757 0.8601688 0.45496115
vn -0.629689 0.6296881 0.4549557
vn -0.629689 0.6296881 0.4549557
vn -0.629689 0.6296881 0.4549557
vn -0.629689 0.6296881 0.4549557
vn -0.86017245 0.23048185 0.4549521
vn -0.86017245 0.23048185 0.4549521
vn -0.86017245 0.23048185 0.4549521
vn -0.86017245 0.23048185 0.4549521
vn -0.86017346 -0.23048218 0.45495018
vn -0.86017346 -0.23048218 0.45495018
vn -0.86017346 -0.23048218 0.45495018
vn -0.86017346 -0.23048218 0.45495018
vn -0.6296897 -0.62968886 0.4549537
vn -0.6296897 -0.62968886 0.4549537
vn -0.6296897 -0.62968886 0.4549537
vn -0.6296897 -0.62968886 0.4549537
vn -0.23048358 -0.860173 0.45495027
vn -0.23048358 -0.860173 0.45495027
vn -0.23048358 -0.860173 0.45495027
vn -0.23048358 -0.860173 0.45495027
vn 0.23048446 -0.8601754 0.4549453
vn 0.23048446 -0.8601754 0.4549453
vn 0.23048446 -0.8601754 0.4549453
vn 0.23048446 -0.8601754 0.4549453
vn 0.6296904 -0.6296898 0.4549513
vn 0.6296904 -0.6296898 0.4549513
vn 0.6296904 -0.6296898 0.4549513
vn 0.6296904 -0.6296898 0.4549513
vn 0.8601719 -0.23048219 0.4549531
vn 0.8601719 -0.23048219 0.4549531
vn 0.8601719 -0.23048219 0.4549531
vn 0.8601719 -0.23048219 0.4549531
vn 0.8601714 0.23048207 0.4549541
vn 0.8601714 0.23048207 0.4549541
vn 0.8601714 0.23048207 0.4549541
vn 0.8601714 0.23048207 0.4549541
vn -4.017458E-7 -1.7233705E-7 1.0
vn -4.017458E-7 -1.7233705E-7 1.0
vn -4.017458E-7 -1.7233705E-7 1.0
vn -4.017458E-7 -1.7233705E-7 1.0
vn -0.0 0.0 1.0
vn -0.0 0.0 1.0
vn 2.0086645E-7 0.0 1.0
vn 2.0086645E-7 0.0 1.0
vn 6.02612E-7 0.0 1.0
vn 6.02612E-7 0.0 1.0
vn -5.0217744E-7 0.0 1.0
vn -5.0217744E-7 0.0 1.0
vn -8.034813E-7 0.0 1.0
vn -8.034813E-7 0.0 1.0
vn 5.021984E-7 0.0 1.0
vn 5.021984E-7 0.0 1.0
vn -0.0 0.0 1.0
vn -0.0 0.0 1.0
vn -2.0087678E-7 0.0 1.0
vn -2.0087678E-7 0.0 1.0
vn -0.0 1.723387E-7 1.0
vn -0.0 1.723387E-7 1.0
vn 3.0130644E-7 0.0 1.0
vn 3.0130644E-7 0.0 1.0
vn -0.70710385 -0.7071097 0.0
vn -0.70710385 -0.7071097 0.0
vn -0.70710385 -0.7071097 0.0
vn -0.70710385 -0.7071097 0.0
vn -0.25881794 -0.9659261 0.0
vn -0.25881794 -0.9659261 0.0
vn -0.25881794 -0.9659261 0.0
vn -0.25881794 -0.9659261 0.0
vn 0.25881737 -0.96592623 0.0
vn 0.25881737 -0.96592623 0.0
vn 0.25881737 -0.96592623 0.0
vn 0.25881737 -0.96592623 0.0
vn 0.70710385 -0.7071097 0.0
vn 0.70710385 -0.7071097 0.0
vn 0.70710385 -0.7071097 0.0
vn 0.70710385 -0.7071097 0.0
vn 0.96592605 -0.25881815 0.0
vn 0.96592605 -0.25881815 0.0
vn 0.96592605 -0.25881815 0.0
vn 0.96592605 -0.25881815 0.0
vn 0.96592605 -0.25881815 0.0
vn 0.96592605 -0.25881815 0.0
vn 0.96592635 0.2588171 0.0
vn 0.96592635 0.2588171 0.0
vn 0.96592635 0.2588171 0.0
vn 0.96592635 0.2588171 0.0
vn 0.96592635 0.2588171 0.0
vn 0.96592635 0.2588171 0.0
vn 0.7071079 0.70710564 0.0
vn 0.7071079 0.70710564 0.0
vn 0.7071079 0.70710564 0.0
vn 0.7071079 0.70710564 0.0
vn 0.25882113 0.9659253 0.0
vn 0.25882113 0.9659253 0.0
vn 0.25882113 0.9659253 0.0
vn 0.25882113 0.9659253 0.0
vn -0.25882176 0.9659251 0.0
vn -0.25882176 0.9659251 0.0
vn -0.25882176 0.9659251 0.0
vn -0.25882176 0.9659251 0.0
vn -0.7071079 0.70710564 0.0
vn -0.7071079 0.70710564 0.0
vn -0.7071079 0.70710564 0.0
vn -0.7071079 0.70710564 0.0
vn -0.96592605 0.25881827 0.0
vn -0.96592605 0.25881827 0.0
vn -0.96592605 0.25881827 0.0
vn -0.96592605 0.25881827 0.0
vn -0.96592605 0.25881827 0.0
vn -0.96592605 0.25881827 0.0
vn -0.96592575 -0.25881928 0.0
vn -0.96592575 -0.25881928 0.0
vn -0.96592575 -0.25881928 0.0
vn -0.96592575 -0.25881928 0.0
vn -0.96592575 -0.25881928 0.0
vn -0.96592575 -0.25881928 0.0
vn 0.23393297 0.34435323 0.9092284
vn 0.41901398 0.114141405 0.90077686
vn 0.36743578 0.047778428 0.92882085
vn 0.25335732 0.33960044 0.9058044
vn 0.37400436 0.037174135 0.9266816
vn 0.3767873 0.032511845 0.9257291
vn 0.38194358 0.22903496 0.8953558
vn 0.38255462 0.025098098 0.923592
vn 0.28913778 0.34590703 0.8926072
vn 0.47610196 0.002095272 0.87938756
vn 0.13214436 0.32427812 0.93668646
vn 0.5088816 0.0030924575 0.8608309
vn -3.807648E-4 0.18709551 0.98234165
vn 0.56024194 0.36411923 0.7440068
vn 0.46772793 0.27272686 0.8407441
vn 0.32043612 0.62288463 0.7136774
vn 0.013549493 0.8623592 0.50611556
vn 0.2306009 0.85622793 0.4622737
vn 0.5658094 0.5387088 0.6242215
vn 0.2951412 0.7356121 0.60972655
vn 0.5262023 0.43667015 0.7296782
vn -0.41056705 0.72561985 0.552187
vn -0.7222334 0.36736894 0.58601964
vn -0.51771504 0.70946854 0.47814795
vn -0.08328808 0.8079234 0.583372
vn -0.68745774 0.37038118 0.62467563
vn 0.71628886 0.11157237 0.6888265
vn 0.6216695 0.19548394 0.758494
vn 0.5487842 0.3230665 0.77101487
vn 0.6840837 0.18426457 0.705745
vn 0.3711993 0.118677124 0.92093796
vn 0.025249653 0.32914665 0.9439412
vn 0.048042256 0.5323115 0.84518427
vn 0.10487514 0.32486168 0.93992877
vn 0.57905036 -0.1411169 0.8029861
vn 0.68794215 0.12632822 0.71468645
vn 0.6066946 -0.37583333 0.7004791
vn 0.73367727 0.058080662 0.6770114
vn 0.6365402 -0.6019451 0.48216033
vn 0.58393043 0.43824908 0.6833469
vn 0.6664073 -0.048753064 0.7439923
vn 0.65987325 -0.53612906 0.52643424
vn 0.3316419 0.3165049 0.88872844
vn 0.14928424 0.7359021 0.66042584
vn 0.4995266 -0.07162951 0.86333215
vn 0.64014685 -0.42896944 0.637336
vn 0.68644935 -0.021312175 0.72686523
vn 0.63842416 -0.4816844 0.6003289
vn 0.1507388 0.7226382 0.6745902
vn 0.46108824 0.44282323 0.76896375
vn 0.27319142 -0.09334414 0.9574201
vn 0.0016475928 0.35672295 0.93420875
vn -0.54718983 0.38542312 0.74298877
vn -0.13171664 0.08227121 0.9878675
vn -0.14063345 0.12742254 0.9818278
vn 0.1528854 0.1942627 0.9689624
vn 0.42346784 0.23522374 0.87483984
vn 0.4947717 0.0168164 0.8688603
vn -0.55068475 -0.08018257 0.8308532
vn -0.02653988 -0.605503 0.7954003
vn -0.55068475 -0.08018257 0.8308532
vn 0.13428916 -0.6747835 0.72569525
vn -0.35742545 0.7919367 0.4950589
vn -0.70151293 0.48211607 0.5248272
vn -0.29274508 0.77910686 0.55434006
vn 0.0019577513 -0.7559752 0.65459734
vn -0.6742074 -0.26827776 0.6880926
vn 0.03262267 -0.18588881 0.9820291
vn 0.02770961 0.29852653 0.953999
vn 0.38302174 0.26757938 0.88413554
vn 0.43938723 0.21144179 0.87305856
vn 0.5051731 -0.110531464 0.85591066
vn 0.0019577513 -0.7559752 0.65459734
vn -0.02653988 -0.605503 0.7954003
vn 0.3234189 0.105257645 0.9403835
vn 0.45772 -0.28705895 0.84148055
vn 0.14825505 0.44617012 0.88258296
vn 0.14898756 0.45658165 0.87711793
vn 0.33269808 0.4400898 0.8340461
vn 0.6661717 0.24686055 0.7037578
vn 0.5211925 0.5151036 0.6804607
vn 0.7664188 0.2912969 0.5724931
vn 0.5429839 0.6238849 0.56208193
vn 0.7517895 -0.051021606 0.65742624
vn 0.7603116 -0.06365657 0.64643186
vn 0.76620793 -0.072457716 0.63849455
vn 0.86826736 -0.09060993 0.4877516
vn 0.8674222 -0.09881317 0.48766235
vn 0.51164883 -0.17509466 0.84116423
vn 0.34200034 0.28272507 0.8961597
vn -0.12679872 0.34709963 0.9292168
vn 0.010525407 -0.23929845 0.97088903
vn 0.57324207 -0.38867489 0.72133577
vn 0.65987325 -0.53612906 0.52643424
vn 0.031210879 -0.775795 0.63021266
vn -0.69326335 -0.29160434 0.6590544
vn 0.010525407 -0.23929845 0.97088903
vn -0.02653988 -0.605503 0.7954003
vn -0.69326335 -0.29160434 0.6590544
vn -0.12679872 0.34709963 0.9292168
vn -0.69326335 -0.29160434 0.6590544
vn -0.02653988 -0.605503 0.7954003
vn 0.084042035 0.5967018 0.79805005
vn 0.8430487 0.5378373 0.0
vn 0.8430487 0.5378373 0.0
vn 0.8430487 0.5378373 0.0
vn 0.8430487 0.5378373 0.0
vn 0.985876 -0.16747649 0.0
vn 0.985876 -0.16747649 0.0
vn 0.985876 -0.16747649 0.0
vn 0.985876 -0.16747649 0.0
vn 0.98922795 -0.1463832 0.0
vn 0.98922795 -0.1463832 0.0
vn 0.7241943 0.64942217 0.23193443
vn 0.7241943 0.64942217 0.23193443
vn 0.7241943 0.64942217 0.23193443
vn 0.7241943 0.64942217 0.23193443
vn 0.9705567 -0.14422227 0.19292405
vn 0.9705567 -0.14422227 0.19292405
vn 0.9705567 -0.14422227 0.19292405
vn 0.9705567 -0.14422227 0.19292405
vn 0.9723575 -0.12816255 0.19518
vn 0.9723575 -0.12816255 0.19518
vn 0.4932176 0.13839117 0.8588273
vn 0.27469987 -0.16325995 0.94756854
vn 0.23951425 -0.059171632 0.969088
vn 0.42492345 0.18634516 0.88584167
vn 0.35993567 -0.25383306 0.8977834
vn 0.3632582 0.21280886 0.9070589
vn 0.3963113 -0.20410767 0.89514095
vn 0.3644118 0.22217946 0.9043453
vn 0.40174234 -0.19147465 0.8955113
vn 0.33702847 0.34640124 0.87545305
vn 0.4517432 -0.18226944 0.87333035
vn 0.28701666 0.41618818 0.8627913
vn 0.5308562 -0.1152309 0.83959126
vn 0.19285458 0.40506494 0.8937167
vn 0.6017489 -0.03315126 0.79799706
vn 0.1146898 0.35248762 0.92876196
vn 0.61791044 -0.07979486 0.78218883
vn 0.26609996 0.057823397 0.9622096
vn 0.5236586 0.4504375 0.72310984
vn 0.6426154 0.27371296 0.7156303
vn 0.09711379 0.9034279 0.41759667
vn 0.2549312 0.76289815 0.5941351
vn -0.029367674 0.91134495 0.41059458
vn 0.071605645 0.923025 0.37801784
vn -0.54787815 0.61996526 0.5616694
vn -0.30086458 0.8302628 0.4691953
vn -0.11036278 0.9236145 0.36709154
vn 0.09711379 0.9034279 0.41759667
vn -0.11009317 0.85259634 0.5108414
vn -0.39234388 0.7522329 0.5293505
vn -0.6095894 0.5235902 0.59519243
vn -0.34014854 0.15846607 0.92692363
vn -0.47209144 0.07906067 0.87799716
vn -0.17446676 0.34883302 0.9208023
vn -0.07239011 0.40140563 0.91303515
vn -0.08337195 0.85757726 0.5075533
vn -0.062234916 0.99613374 0.062003244
vn 0.0563437 0.9238572 0.37856743
vn 0.24127197 0.32880396 0.9130585
vn 0.044770204 0.2776347 0.95964295
vn -0.11615459 0.26446444 0.9573749
vn -0.17347968 0.1886227 0.96660554
vn -0.17900796 -0.050167833 0.9825677
vn 0.011479456 -0.22523762 0.9742362
vn 0.3732516 -0.14529614 0.91628176
vn 0.57749635 -0.0690792 0.8134654
vn 0.7414809 -0.17680755 0.6472598
vn 0.72383237 -0.18106255 0.6657951
vn 0.60170835 -0.3150968 0.7339353
vn 0.46397948 -0.41251355 0.78393596
vn 0.40292504 -0.2607434 0.87730515
vn 0.39462522 -0.13015 0.9095779
vn 0.77935404 9.057166E-5 0.6265838
vn -0.07392687 -0.1965734 0.9776982
vn 0.29863477 0.108068585 0.94822913
vn 0.48183495 -0.1548087 0.8624786
vn 4.7142882E-4 -0.43427846 0.90077853
vn -0.0971713 -0.31939405 0.9426268
vn 0.65663284 -0.5660642 0.49840206
vn 0.07491513 -0.8153456 0.5741073
vn 0.66999084 -0.56359863 0.4831861
vn 0.08466768 -0.89282626 0.44237167
vn -0.50029546 -0.66626465 0.55298805
vn -0.4270775 -0.6811451 0.5946815
vn -0.70793265 -0.4793109 0.5187412
vn -0.24622434 -0.18672761 0.9510554
vn -0.6689768 -0.46616402 0.57893103
vn 0.27079213 -0.23114195 0.9344758
vn -0.0065358654 -0.056552075 0.9983782
vn 0.871275 -0.23870075 0.42883772
vn 0.88902104 -0.26836783 0.3709721
vn 0.5922677 0.04224607 0.80463296
vn 0.7067868 0.005523917 0.707405
vn 0.70428234 0.04772049 0.7083143
vn 0.43586382 0.6100798 0.6616837
vn 0.7187398 0.053595323 0.6932103
vn 0.42221066 0.31212258 0.85106856
vn 0.5729273 0.5248897 0.62948006
vn 0.6751373 0.31877488 0.66526103
vn 0.4373913 0.6747503 0.5944752
vn 0.21415076 0.53072417 0.82004344
vn 0.02697117 0.7674676 0.6405201
vn 0.37226173 0.63443327 0.67743313
vn 0.3239753 0.77496666 0.54264784
vn 0.6392971 0.64995694 0.41091982
vn 0.6335941 0.71069694 0.30572617
vn 0.25979474 0.88818705 0.37898612
vn -0.16053732 0.9081302 0.38668755
vn 0.12878248 0.8986121 0.419418
vn 0.09717651 -0.16108431 0.98214483
vn 0.1579581 -0.34848565 0.9239086
vn 0.31698725 -0.3716808 0.87256664
vn 0.3963113 -0.20410767 0.89514095
vn 0.39462522 -0.13015 0.9095779
vn 0.31698725 -0.3716808 0.87256664
vn 0.40174234 -0.19147465 0.8955113
vn 0.09711379 0.9034279 0.41759667
vn -0.062234916 0.99613374 0.062003244
vn 0.28194234 0.9252927 0.2536574
vn -0.062234916 0.99613374 0.062003244
vn -0.08337195 0.85757726 0.5075533
vn 0.28194234 0.9252927 0.2536574
vn 0.24984755 0.9553795 0.15756367
vn 0.6721788 0.6470537 0.35985714
vn 0.693912 0.6659972 0.27374038
vn 0.81857747 0.49307066 0.29463917
vn 0.7903383 0.4417657 0.42450958
vn 0.6118879 0.5875779 0.5294765
vn 0.28194234 0.9252927 0.2536574
vn 0.71613705 0.3502439 0.6037193
vn 0.09711379 0.9034279 0.41759667
vn 0.2549312 0.76289815 0.5941351
vn 0.28194234 0.9252927 0.2536574
vn 0.023632694 -0.009229113 0.99967813
vn 0.043136764 0.07050774 0.9965781
vn 0.029137166 0.1065123 0.9938844
vn -0.17376393 0.028177656 0.9843841
vn 0.7948989 0.10994975 0.59669656
vn 0.7948989 0.10994975 0.59669656
vn 0.7948989 0.10994975 0.59669656
vn 0.7948989 0.10994975 0.59669656
vn 0.7262871 -0.52377313 0.4451615
vn 0.7262871 -0.52377313 0.4451615
vn 0.7262871 -0.52377313 0.4451615
vn 0.4624886 -0.579713 0.6708481
vn 0.4624886 -0.579713 0.6708481
vn 0.4624886 -0.579713 0.6708481
vn 0.4624886 -0.579713 0.6708481
vn 0.59988993 -0.5886313 0.5418904
vn 0.59988993 -0.5886313 0.5418904
vn 0.59988993 -0.5886313 0.5418904
vn 0.5639689 -0.6013601 0.565955
vn 0.68514496 -0.062459912 0.7257239
vn 0.68514496 -0.062459912 0.7257239
vn 0.68514496 -0.062459912 0.7257239
vn 0.68514496 -0.062459912 0.7257239
vn 0.26112652 0.1877129 0.9468774
vn 0.26112652 0.1877129 0.9468774
vn 0.26112652 0.1877129 0.9468774
vn 0.26112652 0.1877129 0.9468774
vn 0.8221095 -0.56487304 0.071094096
vn 0.8221095 -0.56487304 0.071094096
vn 0.8221095 -0.56487304 0.071094096
vn 0.8221095 -0.56487304 0.071094096
vn 0.9999115 -0.013305214 3.9725353E-5
vn 0.9999115 -0.013305214 3.9725353E-5
vn 0.9999115 -0.013305214 3.9725353E-5
vn 0.9999115 -0.013305214 3.9725353E-5
vn 0.3717966 -0.922476 0.10394826
vn 0.3717966 -0.922476 0.10394826
vn 0.3717966 -0.922476 0.10394826
vn 0.3717966 -0.922476 0.10394826
vn 0.6641744 -0.74242306 0.08763757
vn 0.6641744 -0.74242306 0.08763757
vn 0.6641744 -0.74242306 0.08763757
vn 0.6641744 -0.74242306 0.08763757
vn 0.91465956 -0.39110747 0.10214152
vn 0.91465956 -0.39110747 0.10214152
vn 0.91465956 -0.39110747 0.10214152
vn 0.9215428 -0.36390662 0.13539141
vn 0.9215428 -0.36390662 0.13539141
vn 0.86805785 -0.48754048 0.09370044
vn 0.86805785 -0.48754048 0.09370044
vn 0.86805785 -0.48754048 0.09370044
vn 0.7456042 -0.6512118 0.14141244
vn 0.7456042 -0.6512118 0.14141244
vn 0.7456042 -0.6512118 0.14141244
vn 0.6063549 -0.7928419 0.061118063
vn 0.6063549 -0.7928419 0.061118063
vn 0.6063549 -0.7928419 0.061118063
vn 0.6063549 -0.7928419 0.061118063
vn 0.26689488 -0.9600986 0.08353288
vn 0.26689488 -0.9600986 0.08353288
vn 0.26689488 -0.9600986 0.08353288
vn 0.26689488 -0.9600986 0.08353288
vn 0.1691534 -0.9823389 0.07998385
vn 0.1691534 -0.9823389 0.07998385
vn 0.1691534 -0.9823389 0.07998385
vn 0.1691534 -0.9823389 0.07998385
vn 0.13091771 -0.9885651 0.07483133
vn 0.13091771 -0.9885651 0.07483133
vn 0.12210287 -0.98986316 0.07253808
vn 0.12210287 -0.98986316 0.07253808
vn 0.12517832 -0.98943204 0.07317591
vn 0.116579026 -0.9907476 0.06948815
vn 0.116579026 -0.9907476 0.06948815
vn 0.116656475 -0.9907304 0.0696025
vn 0.116656475 -0.9907304 0.0696025
vn -0.017153911 -0.8067103 0.59069806
vn -0.017153911 -0.8067103 0.59069806
vn -0.017153911 -0.8067103 0.59069806
vn -0.017153911 -0.8067103 0.59069806
vn 0.37562078 -0.5449776 0.74960554
vn 0.37115887 -0.57753986 0.72710985
vn 0.37562078 -0.5449776 0.74960554
vn 0.37115887 -0.57753986 0.72710985
vn 0.36610824 -0.60918605 0.7034608
vn 0.36610824 -0.60918605 0.7034608
vn -0.4071018 -0.9088394 0.09098913
vn -0.4071018 -0.9088394 0.09098913
vn -0.4071018 -0.9088394 0.09098913
vn -0.4071018 -0.9088394 0.09098913
vn -0.31477857 -0.72364676 0.6142067
vn -0.31477857 -0.72364676 0.6142067
vn -0.31477857 -0.72364676 0.6142067
vn -0.4129403 -0.48948997 0.76803637
vn -0.4129403 -0.48948997 0.76803637
vn -0.4129403 -0.48948997 0.76803637
vn -0.4129403 -0.48948997 0.76803637
vn -0.43644416 -0.21345499 0.8740443
vn -0.43644416 -0.21345499 0.8740443
vn -0.43644416 -0.21345499 0.8740443
vn -0.43644416 -0.21345499 0.8740443
vn -0.4454025 0.02534681 0.8949716
vn -0.4454025 0.02534681 0.8949716
vn -0.4454025 0.02534681 0.8949716
vn -0.4454025 0.02534681 0.8949716
vn -0.44179693 0.2583505 0.8591103
vn -0.44179693 0.2583505 0.8591103
vn -0.44179693 0.2583505 0.8591103
vn -0.44179693 0.2583505 0.8591103
vn -0.42755485 -0.25406477 0.8675529
vn -0.42755485 -0.25406477 0.8675529
vn -0.42755485 -0.25406477 0.8675529
vn -0.42755485 -0.25406477 0.8675529
vn -0.33372656 -0.3756066 0.8646076
vn -0.33372656 -0.3756066 0.8646076
vn -0.33372656 -0.3756066 0.8646076
vn -0.33372656 -0.3756066 0.8646076
vn -0.62761176 0.18555751 0.75608987
vn -0.62761176 0.18555751 0.75608987
vn -0.62761176 0.18555751 0.75608987
vn 0.04202105 0.6456061 0.76251364
vn 0.04202105 0.6456061 0.76251364
vn 0.04202105 0.6456061 0.76251364
vn 0.04202105 0.6456061 0.76251364
vn 0.18221287 0.64493775 0.74219525
vn 0.18221287 0.64493775 0.74219525
vn 0.18221287 0.64493775 0.74219525
vn 0.18221287 0.64493775 0.74219525
vn 0.48856944 0.17041032 0.85572207
vn 0.48856944 0.17041032 0.85572207
vn 0.48856944 0.17041032 0.85572207
vn 0.48856944 0.17041032 0.85572207
vn -0.9404774 0.30002224 0.15965267
vn -0.9404774 0.30002224 0.15965267
vn -0.9404774 0.30002224 0.15965267
vn -0.9404774 0.30002224 0.15965267
vn -0.34642908 0.93014383 0.12173459
vn -0.34642908 0.93014383 0.12173459
vn -0.34642908 0.93014383 0.12173459
vn -0.34642908 0.93014383 0.12173459
vn -0.34721556 0.9285281 0.13144213
vn -0.34260914 0.93083775 0.12712224
vn -0.34260914 0.93083775 0.12712224
vn -0.34221232 0.93138725 0.124130696
vn -0.34221232 0.93138725 0.124130696
vn 0.27990267 0.6968776 0.6603151
vn 0.27990267 0.6968776 0.6603151
vn 0.27990267 0.6968776 0.6603151
vn 0.27990267 0.6968776 0.6603151
vn 0.44996166 0.74599826 0.49093893
vn 0.44996166 0.74599826 0.49093893
vn 0.44996166 0.74599826 0.49093893
vn 0.3570569 0.896775 0.26135212
vn 0.3570569 0.896775 0.26135212
vn 0.3570569 0.896775 0.26135212
vn 0.3570569 0.896775 0.26135212
vn 0.6040476 0.24671179 0.7577993
vn 0.6040476 0.24671179 0.7577993
vn 0.6040476 0.24671179 0.7577993
vn 0.6040476 0.24671179 0.7577993
vn 0.14675938 0.6752697 0.72282255
vn 0.14675938 0.6752697 0.72282255
vn 0.14675938 0.6752697 0.72282255
vn 0.14675938 0.6752697 0.72282255
vn -0.27058622 0.9172033 0.2924401
vn -0.27058622 0.9172033 0.2924401
vn -0.27058622 0.9172033 0.2924401
vn -0.27058622 0.9172033 0.2924401
vn -0.268494 0.917563 0.29323906
vn -0.26783305 0.9176831 0.2934675
vn -0.27525857 0.9169498 0.2888524
vn -0.27525857 0.9169498 0.2888524
vn 0.05982285 0.646064 0.76093525
vn 0.05982285 0.646064 0.76093525
vn 0.05982285 0.646064 0.76093525
vn 0.05982285 0.646064 0.76093525
vn 0.21271253 0.70494986 0.67660856
vn 0.21271253 0.70494986 0.67660856
vn 0.21271253 0.70494986 0.67660856
vn 0.21271253 0.70494986 0.67660856
vn 0.24935849 0.7702237 0.5870058
vn 0.24935849 0.7702237 0.5870058
vn 0.24935849 0.7702237 0.5870058
vn 0.24935849 0.7702237 0.5870058
vn 0.19656567 0.7357909 0.6480538
vn 0.19656567 0.7357909 0.6480538
vn 0.19656567 0.7357909 0.6480538
vn 0.19656567 0.7357909 0.6480538
vn 0.059380066 0.62893856 0.7751841
vn 0.059380066 0.62893856 0.7751841
vn 0.059380066 0.62893856 0.7751841
vn 0.059380066 0.62893856 0.7751841
vn -0.11030398 0.3478583 0.93103576
vn -0.11030398 0.3478583 0.93103576
vn -0.11030398 0.3478583 0.93103576
vn -0.11030398 0.3478583 0.93103576
vn -0.12872145 0.48469996 0.86515707
vn -0.12872145 0.48469996 0.86515707
vn -0.12872145 0.48469996 0.86515707
vn -0.12872145 0.48469996 0.86515707
vn -0.33351755 0.41745675 0.84527856
vn -0.33351755 0.41745675 0.84527856
vn -0.33351755 0.41745675 0.84527856
vn -0.33351755 0.41745675 0.84527856
vn 0.366102 0.077223234 0.927365
vn 0.366102 0.077223234 0.927365
vn 0.366102 0.077223234 0.927365
vn 0.366102 0.077223234 0.927365
vn 0.36719638 0.06811387 0.9276461
vn 0.4095145 0.07799779 0.9089633
vn 0.4095145 0.07799779 0.9089633
vn 0.38596347 0.044115048 0.92145866
vn 0.37550536 0.03153142 0.92628366
vn 0.37550536 0.03153142 0.92628366
vn 0.3732029 0.027188623 0.92735124
vn 0.37227607 0.022716513 0.92784405
vn 0.3680757 0.0048136506 0.92978334
vn 0.3680757 0.0048136506 0.92978334
vn 0.022672623 -0.19625492 0.9802908
vn 0.022672623 -0.19625492 0.9802908
vn 0.022672623 -0.19625492 0.9802908
vn 0.022672623 -0.19625492 0.9802908
vn 0.24247052 -0.089163445 0.9660527
vn 0.24247052 -0.089163445 0.9660527
vn 0.24247052 -0.089163445 0.9660527
vn 0.24247052 -0.089163445 0.9660527
vn -0.1678665 -0.35191622 0.92085606
vn -0.1678665 -0.35191622 0.92085606
vn -0.1678665 -0.35191622 0.92085606
vn -0.17421111 -0.32674044 0.9289194
vn -0.17421111 -0.32674044 0.9289194
vn -0.81881887 -0.5673076 0.08773723
vn -0.81881887 -0.5673076 0.08773723
vn -0.81881887 -0.5673076 0.08773723
vn -0.81881887 -0.5673076 0.08773723
vn -0.9052962 -0.4127567 0.10035301
vn -0.9052962 -0.4127567 0.10035301
vn -0.9052962 -0.4127567 0.10035301
vn -0.9052962 -0.4127567 0.10035301
vn -0.99479073 -0.010622114 0.10138332
vn -0.99479073 -0.010622114 0.10138332
vn -0.99479073 -0.010622114 0.10138332
vn -0.99479073 -0.010622114 0.10138332
vn -0.962755 0.25368795 0.09351572
vn -0.962755 0.25368795 0.09351572
vn -0.962755 0.25368795 0.09351572
vn -0.962755 0.25368795 0.09351572
vn -0.9697325 -0.21786143 0.11025057
vn -0.9697325 -0.21786143 0.11025057
vn -0.9697325 -0.21786143 0.11025057
vn -0.9697325 -0.21786143 0.11025057
vn -0.824492 -0.55885106 0.08887378
vn -0.824492 -0.55885106 0.08887378
vn -0.824492 -0.55885106 0.08887378
vn -0.824492 -0.55885106 0.08887378
vn 0.85482645 0.27774602 0.43832502
vn 0.6870814 0.4991924 0.52794516
vn 0.727158 0.5283106 0.43832532
vn 0.80771327 0.26243842 0.5279444
vn 0.49919507 0.68708926 0.5279324
vn 0.52830774 0.72715735 0.43832985
vn 0.26244438 0.8077231 0.52792645
vn 0.2777469 0.854822 0.4383334
vn -0.0 0.8492846 0.52793527
vn -2.3329652E-7 0.89881295 0.43833235
vn -0.2624434 0.807719 0.5279332
vn -0.2777475 0.854822 0.43833283
vn -0.49919394 0.68708456 0.5279396
vn -0.528311 0.7271556 0.43832877
vn -0.68707424 0.49918836 0.5279583
vn -0.72715926 0.52831095 0.43832293
vn -0.8077066 0.2624382 0.52795476
vn -0.85482585 0.27774957 0.438324
vn -0.84927994 -4.4773907E-7 0.5279427
vn -0.89881593 -3.1607937E-7 0.43832624
vn -0.8077089 -0.262439 0.5279508
vn -0.8548253 -0.27774912 0.43832538
vn -0.6870724 -0.49918503 0.5279639
vn -0.72715944 -0.52830994 0.43832374
vn -0.4991879 -0.68707556 0.5279571
vn -0.5283111 -0.72715795 0.43832496
vn -0.2624403 -0.8077116 0.5279461
vn -0.27774867 -0.8548248 0.43832672
vn -5.100825E-7 -0.8492788 0.5279446
vn -2.2577099E-7 -0.89881575 0.43832663
vn 0.2624413 -0.8077146 0.527941
vn 0.27774787 -0.8548248 0.43832722
vn 0.4991937 -0.6870792 0.5279468
vn 0.52831155 -0.72715557 0.43832836
vn 0.68708116 -0.49919122 0.52794665
vn 0.7271579 -0.5283093 0.43832704
vn 0.80771494 -0.26244393 0.5279392
vn 0.85482424 -0.27775073 0.43832645
vn 0.84928066 -5.063039E-7 0.5279415
vn 0.89881575 -3.537078E-7 0.43832675
vn 0.7522649 0.24442255 0.61184573
vn 0.63991433 0.46492273 0.61184675
vn 0.4649329 0.63993347 0.611819
vn 0.2444352 0.752294 0.6118049
vn 1.1263237E-7 0.79099524 0.61182225
vn 0.7909824 -6.532673E-7 0.6118389
vn 0.7522718 -0.24442917 0.61183465
vn -0.24443221 0.7522844 0.61181784
vn -0.4649264 0.6399244 0.61183345
vn -0.63989633 0.46491265 0.6118733
vn -0.75224996 0.24441805 0.6118659
vn -0.79098046 -5.744248E-7 0.6118413
vn -0.7522562 -0.2444203 0.61185724
vn -0.63989156 -0.46490636 0.6118829
vn -0.46491185 -0.639901 0.6118691
vn -0.24442364 -0.75226325 0.6118473
vn -7.884258E-7 -0.790978 0.6118446
vn 0.24442679 -0.75227034 0.6118373
vn 0.4649246 -0.63991255 0.6118472
vn 0.639914 -0.46492162 0.61184794
vn -0.0 0.0 1.0
vn -0.0 0.0 1.0
vn -0.0 0.0 1.0
vn -0.0 0.0 1.0
vn -0.0 0.0 1.0
vn -0.0 0.0 1.0
vn -0.0 0.0 1.0
vn -0.0 0.0 1.0
vn -0.0 0.0 1.0
vn -0.0 0.0 1.0
vn -0.0 0.0 1.0
vn -0.0 0.0 1.0
vn -0.0 0.0 1.0
vn -0.0 0.0 1.0
vn -0.0 0.0 1.0
vn -0.0 0.0 1.0
vn -0.0 0.0 1.0
vn -0.0 0.0 1.0
vn -0.0 0.0 1.0
vn -0.0 0.0 1.0
vn -0.0 0.0 1.0
vn -0.0 0.0 1.0
vn -0.0 0.0 1.0
vn -0.0 0.0 1.0
vn -0.0 0.0 1.0
vn -0.0 0.0 1.0
vn -0.0 0.0 1.0
vn -0.0 0.0 1.0
vn -0.0 0.0 1.0
vn -0.0 0.0 1.0
vn -0.0 0.0 1.0
vn -0.0 0.0 1.0
vn -0.0 0.0 1.0
vn -0.0 0.0 1.0
vn -0.0 0.0 1.0
vn -0.0 0.0 1.0
vn -0.0 0.0 1.0
vn 2.0937031E-7 0.0 1.0
vn 2.0937031E-7 0.0 1.0
vn 1.5353659E-7 0.0 1.0
vn 1.5353659E-7 0.0 1.0
vn -0.0 0.0 1.0
vn -0.0 0.0 1.0
vn -0.0 0.0 1.0
vn -0.0 0.0 1.0
vn -0.0 0.0 1.0
vn -0.0 0.0 1.0
vn -0.0 0.0 1.0
vn -0.0 0.0 1.0
vn -0.0 0.0 1.0
vn -0.0 0.0 1.0
vn -0.0 0.0 1.0
vn -0.0 0.0 1.0
vn -0.0 0.0 1.0
vn -0.0 0.0 1.0
vn 1.3958046E-7 1.1676744E-7 1.0
vn 1.3958046E-7 1.1676744E-7 1.0
vn -0.0 0.0 1.0
vn -0.0 0.0 1.0
vn -0.0 0.0 1.0
vn -0.0 0.0 1.0
vn -0.89100677 -0.45398995 0.0
vn -0.89100677 -0.45398995 0.0
vn -0.89100677 -0.45398995 0.0
vn -0.89100677 -0.45398995 0.0
vn -0.7071058 -0.7071078 0.0
vn -0.7071058 -0.7071078 0.0
vn -0.7071058 -0.7071078 0.0
vn -0.7071058 -0.7071078 0.0
vn -0.45399183 -0.8910059 0.0
vn -0.45399183 -0.8910059 0.0
vn -0.45399183 -0.8910059 0.0
vn -0.45399183 -0.8910059 0.0
vn -0.15642895 -0.98768926 0.0
vn -0.15642895 -0.98768926 0.0
vn -0.15642895 -0.98768926 0.0
vn -0.15642895 -0.98768926 0.0
vn 0.15642834 -0.9876893 0.0
vn 0.15642834 -0.9876893 0.0
vn 0.15642834 -0.9876893 0.0
vn 0.15642834 -0.9876893 0.0
vn 0.45399183 -0.8910059 0.0
vn 0.45399183 -0.8910059 0.0
vn 0.45399183 -0.8910059 0.0
vn 0.45399183 -0.8910059 0.0
vn 0.70711184 -0.70710176 0.0
vn 0.70711184 -0.70710176 0.0
vn 0.70711184 -0.70710176 0.0
vn 0.70711184 -0.70710176 0.0
vn 0.8910052 -0.45399314 0.0
vn 0.8910052 -0.45399314 0.0
vn 0.8910052 -0.45399314 0.0
vn 0.8910052 -0.45399314 0.0
vn 0.98768824 -0.15643498 0.0
vn 0.98768824 -0.15643498 0.0
vn 0.98768824 -0.15643498 0.0
vn 0.98768824 -0.15643498 0.0
vn 0.98768824 -0.15643498 0.0
vn 0.98768824 -0.15643498 0.0
vn 0.98768795 0.15643671 0.0
vn 0.98768795 0.15643671 0.0
vn 0.98768795 0.15643671 0.0
vn 0.98768795 0.15643671 0.0
vn 0.98768795 0.15643671 0.0
vn 0.98768795 0.15643671 0.0
vn 0.89100367 0.4539961 0.0
vn 0.89100367 0.4539961 0.0
vn 0.89100367 0.4539961 0.0
vn 0.89100367 0.4539961 0.0
vn 0.7071141 0.7070995 0.0
vn 0.7071141 0.7070995 0.0
vn 0.7071141 0.7070995 0.0
vn 0.7071141 0.7070995 0.0
vn 0.45399043 0.8910065 0.0
vn 0.45399043 0.8910065 0.0
vn 0.45399043 0.8910065 0.0
vn 0.45399043 0.8910065 0.0
vn 0.15644026 0.9876874 0.0
vn 0.15644026 0.9876874 0.0
vn 0.15644026 0.9876874 0.0
vn 0.15644026 0.9876874 0.0
vn -0.15643963 0.9876875 0.0
vn -0.15643963 0.9876875 0.0
vn -0.15643963 0.9876875 0.0
vn -0.15643963 0.9876875 0.0
vn -0.45399204 0.89100575 0.0
vn -0.45399204 0.89100575 0.0
vn -0.45399204 0.89100575 0.0
vn -0.45399204 0.89100575 0.0
vn -0.7071099 0.7071036 0.0
vn -0.7071099 0.7071036 0.0
vn -0.7071099 0.7071036 0.0
vn -0.7071099 0.7071036 0.0
vn -0.8910036 0.4539963 0.0
vn -0.8910036 0.4539963 0.0
vn -0.8910036 0.4539963 0.0
vn -0.8910036 0.4539963 0.0
vn -0.9876886 0.1564329 0.0
vn -0.9876886 0.1564329 0.0
vn -0.9876886 0.1564329 0.0
vn -0.9876886 0.1564329 0.0
vn -0.9876886 0.1564329 0.0
vn -0.9876886 0.1564329 0.0
vn -0.9876889 -0.15643111 0.0
vn -0.9876889 -0.15643111 0.0
vn -0.9876889 -0.15643111 0.0
vn -0.9876889 -0.15643111 0.0
vn -0.9876889 -0.15643111 0.0
vn -0.9876889 -0.15643111 0.0
vn 0.2147186 0.27724978 0.936498
vn 0.72226316 0.055197075 0.68941224
vn 0.07679023 0.25486955 0.96392155
vn 0.49019352 0.20575961 0.84697896
vn 0.7305455 0.27278063 0.62601435
vn 0.034310248 0.09832663 0.9945625
vn 0.54253495 0.47911525 0.69000316
vn 0.1873402 -0.08453533 0.9786508
vn 0.27542648 0.5703549 0.7738447
vn 0.3847635 -0.14074144 0.9122219
vn 0.25578696 0.49866614 0.82819384
vn 0.51059276 -0.072857425 0.8567303
vn 0.5833803 0.3016326 0.75411224
vn 0.758111 -0.29471314 0.58173186
vn 0.84624624 0.20661594 0.49109796
vn 0.8254487 -0.55340755 0.111241065
vn 0.9245537 0.18920097 0.33076203
vn 0.7934907 -0.60574764 -0.058670312
vn 0.9422308 0.16782966 0.28988665
vn 0.8407395 -0.5397791 -0.04237534
vn 0.9261106 0.07807917 0.36908373
vn 0.8618341 -0.50135696 -0.07670204
vn 0.87629074 -0.069277085 0.47677583
vn 0.9037326 -0.42070866 -0.079193935
vn 0.8707197 0.18188243 0.4569093
vn 0.9936715 0.1106879 0.019106906
vn 0.4904997 -0.832171 0.25865316
vn 0.247177 -0.93094534 0.26878306
vn -0.37276453 -0.8211781 0.43210328
vn 0.33032617 0.83477944 0.440486
vn 0.14902428 0.79843056 0.5833527
vn -0.20607786 0.5653892 0.7986657
vn -0.20607786 0.5653892 0.7986657
vn 0.41904992 0.69397867 0.5854833
vn 0.8074326 0.5679187 0.15975274
vn 0.41904992 0.69397867 0.5854833
vn 0.9315972 0.35965 0.05271293
vn 0.9926421 -0.06715371 -0.100757256
vn 0.84141135 -0.49669993 -0.21287589
vn -0.008596821 -0.9214242 -0.38846305
vn -0.5341935 -0.77896494 -0.32840663
vn -0.8027922 -0.22366793 0.5527182
vn -0.9390658 -0.3167364 -0.13354197
vn -0.70906156 0.30681932 0.63489646
vn -0.56116956 0.62618 0.5412831
vn -0.1563919 0.72850186 0.66695315
vn 0.15998392 0.399226 0.9027866
vn 0.7384007 0.329781 0.5882252
vn -0.37276453 -0.8211781 0.43210328
vn 0.97658235 -0.18792598 0.10474127
vn 0.95574886 0.2605566 0.13658099
vn 0.6252714 0.7100044 0.32392806
vn 0.11431432 0.8872967 0.44680738
vn -0.06632522 0.85223395 0.51893955
vn 0.092401795 0.8048743 0.58620757
vn 0.21271305 0.8284726 0.5180601
vn 0.28962037 0.84148574 0.456094
vn 0.9624492 0.25014275 0.105452105
vn 0.96014804 -0.25753707 -0.108583935
vn 0.5910787 0.7432513 0.31337416
vn 0.063973635 0.9195528 0.38772416
vn -0.17151906 0.90779513 0.38273904
vn -0.17279252 0.9075949 0.3826412
vn -0.14844264 0.91124105 0.38419336
vn -0.09233457 0.91751087 0.3868438
vn -0.059679113 0.91980076 0.3878208
vn -0.45853698 0.8188653 0.3452585
vn -0.20607786 0.5653892 0.7986657
vn 0.83007526 0.51383954 0.2166655
vn 0.7384007 0.329781 0.5882252
vn -0.8475085 0.48909092 0.20620242
vn 0.41904992 0.69397867 0.5854833
vn -0.14530057 0.91167647 0.38436145
vn 0.7908553 0.563937 0.23774558
vn 0.93856686 0.3179954 0.13405645
vn 0.93856686 0.3179954 0.13405645
vn 0.93856686 0.3179954 0.13405645
vn 0.98646766 -0.1510767 -0.06369713
vn 0.84616876 -0.49105662 -0.20703092
vn 0.6066727 -0.7432078 -0.28211755
vn 0.38973266 -0.8739637 -0.29033765
vn 0.34226993 -0.8886353 -0.30525184
vn 0.45331857 -0.86372185 -0.22019738
vn 0.5443132 -0.83866006 0.019297391
vn 0.1156693 -0.915261 -0.38589892
vn 0.15736684 -0.90996826 -0.38365787
vn 0.08203611 -0.9183449 -0.38718563
vn 0.04765804 -0.9204065 -0.3880472
vn 0.4500201 -0.8228795 -0.34691668
vn 0.06773956 -0.91933364 -0.38760418
vn -0.20607786 0.5653892 0.7986657
vn 0.41904992 0.69397867 0.5854833
vn 0.7384007 0.329781 0.5882252
vn -0.3456873 0.8646419 0.36454713
vn 0.83007526 0.51383954 0.2166655
vn -0.718112 0.64126384 0.27036232
vn -0.9714841 0.21848026 0.092114545
vn 0.30099654 0.27523708 0.913042
vn 0.38976613 0.16324113 0.9063303
vn 0.2995219 0.220992 0.9281429
vn 0.3604397 0.24723133 0.899422
vn 0.30704013 0.16878496 0.93660986
vn 0.35623786 0.13359602 0.92479545
vn 0.64348364 -0.040445983 0.7643906
vn 0.5086874 0.24851148 0.8243053
vn 0.8871949 -0.23766263 0.39547655
vn 0.8540503 -0.033671625 0.51909953
vn 0.9416693 -0.30404282 0.14428098
vn 0.9440554 -0.28618377 0.163885
vn 0.92860204 -0.36658314 0.057576526
vn 0.9613806 -0.25598904 0.10107846
vn 0.9309833 -0.36258805 0.042426307
vn 0.96266586 -0.26908466 0.02945999
vn 0.93422526 -0.35621804 0.018217612
vn 0.21591607 0.23843265 0.94685274
vn 0.2302745 0.30742723 0.92328876
vn 0.25806385 0.13908765 0.9560636
vn 0.36647883 0.04977197 0.9290942
vn 0.46515903 -0.008788832 0.8851835
vn 0.7170982 -0.23437037 0.6563845
vn 0.88890374 -0.37500966 0.26309317
vn 0.91457564 -0.39685676 0.077821106
vn 0.89302254 -0.44985965 0.011706994
vn 0.90134674 -0.43291724 -0.01251645
vn 0.9192916 -0.39104414 -0.044580277
vn 0.9582673 -0.28096473 -0.0527506
vn 0.98696613 -0.1553676 0.04193857
vn 0.98319924 -0.11894023 0.13846451
vn 0.96756154 -0.1326619 0.21500112
vn 0.80147773 0.15924545 0.5764324
vn 0.42048663 0.38754582 0.82036537
vn 0.30749196 0.36198786 0.8800077
vn 0.26597005 0.3579141 0.895074
vn -0.19023456 0.8660269 0.46239403
vn -0.4056417 0.6734489 0.6179979
vn -0.5451959 0.3653003 0.7545311
vn 0.3065005 0.82938564 0.46709412
vn 0.60350156 0.71906483 0.34457457
vn -0.0012130996 0.8801165 0.4747561
vn -0.10549037 0.9016083 0.4194929
vn -0.5081805 0.82901603 -0.23342033
vn -0.7783287 0.6241003 -0.06857959
vn -0.9569614 0.2681196 0.111071065
vn -0.13202983 0.96713585 0.21729332
vn 0.014388998 0.9714029 0.23700076
vn 0.7068428 0.65084285 0.2770863
vn 0.78832406 0.57363623 0.22245589
vn 0.9235461 0.01582004 -0.38316107
vn 0.14237231 0.9598555 0.24167645
vn 0.037086353 0.68294 -0.72953236
vn -0.42392227 0.89546746 -0.13574943
vn -0.3236685 0.94246185 0.08369268
vn 0.46043047 -0.5988996 -0.6552275
vn 0.9235461 0.01582004 -0.38316107
vn -0.26233783 -0.4428117 -0.85737777
vn -0.393393 -0.695856 -0.6008547
vn 0.35617596 -0.8197457 -0.44850385
vn 0.3094892 -0.8968251 -0.31610328
vn 0.34860966 -0.8875448 -0.30122337
vn 0.45518854 -0.8671659 -0.20205618
vn 0.53994936 -0.8369082 0.089662224
vn 0.5206629 -0.75159293 0.4049916
vn 0.2796871 -0.69448674 0.66292024
vn -0.19438896 -0.48154542 0.8545917
vn -0.49839473 -0.039448716 0.8660522
vn -0.5451959 0.3653003 0.7545311
vn -0.55395097 -0.80472976 0.21342044
vn -0.94405776 -0.23577958 0.23057084
vn -0.49839473 -0.039448716 0.8660522
vn -0.5451959 0.3653003 0.7545311
vn 0.012356837 -0.9996137 -0.024896318
vn 0.22341424 -0.9300581 -0.29168138
vn 0.033830456 -0.8837212 -0.46678934
vn -0.22302285 -0.83373606 -0.5051187
vn -0.38382974 -0.80103076 -0.45937398
vn -0.43224743 -0.7875342 -0.43926305
vn 0.46043047 -0.5988996 -0.6552275
vn 0.037086353 0.68294 -0.72953236
vn 0.78832406 0.57363623 0.22245589
vn -0.42556703 0.86680454 -0.2598895
vn 0.90890884 0.2650414 0.32192823
vn 0.94099903 -0.17993413 -0.28660882
vn 0.9539225 -0.19948149 0.22414044
vn 0.96170264 0.21927081 -0.16446394
vn 0.53852665 -0.72197384 -0.43444544
vn 0.5431773 -0.7979476 0.26122433
vn 0.526255 -0.24157593 0.8152894
vn 0.47189695 0.37715808 0.7969097
vn 0.4676676 0.7091069 0.5276877
vn 0.54317933 0.8329634 -0.10549009
vn 0.5531473 0.28659207 -0.7822359
vn 0.5104897 -0.335643 -0.79167175
vn -0.0 -0.90136456 -0.4330611
vn -0.0 -0.9527759 0.3036743
vn -0.0 -0.28901476 0.9573246
vn -0.0 0.42473456 0.9053179
vn -0.0 0.80431825 0.5941988
vn -0.0 0.989621 -0.14370209
vn -0.0 0.3537066 -0.93535644
vn -0.0 -0.48930463 -0.87211293
vn -0.30997923 0.95040417 0.025394004
vn -0.45269766 0.70854425 0.5413223
vn -0.64448744 0.7497867 0.14985281
vn -0.17263976 0.9081612 0.38136435
vn -0.3519931 0.6910317 0.6313289
vn -0.073811084 0.8745765 0.47923678
vn -0.26926357 0.66772944 0.693999
vn 0.013597803 0.84538805 0.5339796
vn -0.30112517 0.46131894 0.83457077
vn 0.21193837 0.6924117 0.68967247
vn 0.043162644 0.27300727 0.96104324
vn -0.5052599 -0.10678535 0.85633487
vn -0.30489388 -0.2606735 0.916018
vn -0.47656888 0.32688156 0.816107
vn -0.5473268 -0.211147 0.8098458
vn -0.54182506 0.3180795 0.77797884
vn -0.5714194 -0.2909936 0.7673347
vn -0.6414575 0.28116444 0.7137779
vn -0.58813864 -0.376334 0.71586704
vn -0.9479344 0.3014168 0.10280206
vn -0.8251117 -0.5207871 0.21902373
vn 0.69180435 -0.077889465 0.7178718
vn 0.7084961 0.068617776 0.7023708
vn 0.5847145 -0.12529592 0.8015048
vn 0.75645316 0.03324413 0.6532024
vn 0.72576886 -0.105266474 0.67983717
vn 0.6942403 -0.14986259 0.70396847
vn 0.71180844 0.06481437 0.6993767
vn 0.34450218 0.7466814 0.5690213
vn 0.7644221 -0.00892649 0.6446543
vn 0.38508505 0.74336386 0.5469184
vn 0.79171664 0.0046258606 0.610871
vn 0.40788013 0.7506102 0.5198252
vn 0.8883132 0.14707923 0.43504873
vn 0.41667378 0.80468255 0.42292908
vn 0.9363934 0.3238905 -0.13513844
vn 0.37942398 0.92415637 -0.044413224
vn 0.7429168 -0.095739834 0.6625017
vn 0.7821271 -0.122988135 0.610861
vn 0.8033408 -0.11985512 0.5833338
vn 0.9251087 -0.25966284 0.2770364
vn 0.8120226 -0.45070165 -0.37079266
vn 0.7071618 0.27807426 0.65007454
vn 0.6819413 0.22504604 0.6959241
vn 0.5175001 0.10336869 0.8494166
vn 0.5312463 0.06312067 0.84486276
vn 0.7747114 0.16639487 0.61002874
vn 0.52107 0.10835247 0.8466084
vn -0.4065279 -0.4262281 0.8081242
vn 0.06074968 -0.55248815 0.831304
vn 0.6223721 0.26971087 0.734785
vn 0.47715843 -0.6772028 0.5601036
vn 0.70710266 0.17371516 0.6854406
vn 0.7354885 0.32188615 0.59619296
vn 0.6486796 0.35358378 0.67393863
vn 0.558322 -0.70565647 0.43626308
vn 0.71805817 0.0055049118 0.6959613
vn 0.6427219 0.37349734 0.6688859
vn 0.5668435 -0.7364316 0.3692654
vn 0.77109027 -0.07359715 0.63245803
vn 0.66990054 0.41153452 0.61795837
vn 0.54418975 -0.77734995 0.31557027
vn 0.7977737 -0.06704972 0.5992173
vn 0.71239656 0.37187126 0.5951494
vn 0.8859667 -0.029769389 0.46279234
vn 0.816127 0.39484325 0.42194253
vn 0.7155569 -0.6327858 0.29590616
vn 0.9077975 -0.022860624 0.41878518
vn 0.78873616 -0.07916363 0.60961336
vn 0.7622553 0.0135472845 0.6471347
vn 0.7255618 -0.117220044 0.6781
vn 0.5992603 -0.26307234 0.7560953
vn 0.5259218 -0.19701235 0.8274009
vn 0.4663438 -0.5537152 0.6898716
vn 0.6576386 -0.5108602 0.55365443
vn 0.7043571 -0.46608064 0.53539705
vn 0.71243167 -0.48654532 0.5056824
vn 0.8800474 -0.36062813 0.30897257
vn 0.95650333 0.29114884 0.018266184
vn 0.9925991 0.10332933 0.06379635
vn 0.86266947 0.1869752 -0.46993795
vn 0.9672869 0.22257939 0.121715076
vn 0.72664136 -0.4178299 -0.5453536
vn 0.95116854 -0.30323437 -0.057682537
vn 0.88516784 0.13293019 0.44587842
vn 0.71447587 0.28874823 0.637298
vn 0.68785226 0.5907904 -0.42169404
vn 0.8448546 0.52956307 0.07605083
vn 0.9608847 0.20164041 0.18984665
vn 0.66480285 0.66655684 -0.3372524
vn 0.9518372 0.03364509 -0.30475232
vn 0.62238115 -0.7294248 -0.28386843
vn 0.31003746 -0.92395616 -0.22401278
vn 0.38772038 -0.9013904 0.19279076
vn 0.3681031 -0.9052151 0.212334
vn 0.13032651 -0.9282283 0.34843537
vn -0.38697377 -0.73740125 0.553616
vn -0.5969409 -0.55035883 0.58375233
vn -0.43387327 -0.76077586 0.4826738
vn -0.5793913 -0.6311464 0.5157131
vn -0.56321913 -0.5977995 0.57045597
vn -0.49687377 -0.7063505 0.5041681
vn -0.5605098 -0.5143326 0.6490692
vn -0.48832047 -0.66469055 0.5654464
vn -0.35892385 -0.8052531 0.47195464
vn -0.36242092 -0.9316323 -0.026690872
vn -0.29200745 -0.955559 -0.040479504
vn -0.35193822 -0.84826857 0.39570177
vn -0.54655325 -0.8356259 0.054854196
vn -0.5261236 -0.724006 0.4461045
vn -0.48418823 -0.87461144 -0.02482919
vn -0.4204117 -0.81913084 0.39022902
vn 0.06679862 -0.9484473 0.30981556
vn 0.028298886 -0.9758603 0.21655427
vn -0.07749066 -0.97507924 -0.20788376
vn 0.3376208 -0.9248014 0.17536981
vn 0.2901348 -0.94965565 0.11822014
vn 0.17211045 -0.93462193 -0.31122318
vn 0.35056645 -0.92511636 0.14581823
vn 0.23288919 -0.91480744 -0.32998478
vn -0.08756606 -0.3109235 -0.9463925
vn 0.13842271 -0.32410967 -0.9358376
vn 0.48173738 0.011778433 -0.8762365
vn 0.1541108 0.30982473 -0.9382209
vn 0.078082636 0.21992321 -0.9723872
vn 0.12355496 0.018217586 -0.9921705
vn 0.13225833 -0.19924404 -0.9709838
vn 0.24695754 -0.18932801 -0.9503509
vn 0.52753055 0.277161 -0.8030525
vn 0.05082021 0.51878935 -0.8533902
vn 0.041020535 0.99051744 -0.13112044
vn 0.15381749 0.9313955 0.3299131
vn -0.048079967 0.9843716 -0.16941324
vn 0.07792498 0.94915086 0.30502513
vn -0.11747293 0.98540163 -0.12322197
vn 0.0037902303 0.95661414 0.29133326
vn 0.14112224 0.91235757 0.3843022
vn 0.1723124 0.91011053 0.3768385
vn 0.09663743 0.91832906 0.3838397
vn 0.15542758 0.8981534 0.41129404
vn 0.14113984 0.89490527 0.4233486
vn -0.3499568 0.52711886 -0.7743874
vn -0.5358071 0.41604578 -0.7347222
vn -0.51299995 0.21469799 -0.83110523
vn -0.55708337 0.049313214 -0.8289911
vn -0.69110906 -0.36680493 -0.62275386
vn -0.36142942 -0.59954107 -0.7140863
vn -0.29004174 -0.5168568 -0.8054408
vn -0.3879943 -0.38755864 -0.83621687
vn -0.39790422 -0.46298563 -0.79203314
vn -0.19617534 -0.4710733 -0.860003
vn -0.08328009 -0.42692083 -0.900446
vn -0.0632049 -0.39679137 -0.9157302
vn -0.55708337 0.049313214 -0.8289911
vn -0.3521883 0.6095261 -0.7102403
vn -0.48054293 0.5206373 -0.705702
vn -0.31098005 0.6197175 -0.72058415
vn -0.12327701 0.60249674 -0.78854316
vn 0.13320377 0.50754696 -0.8512655
vn 0.21326226 0.4414664 -0.87156564
vn 0.2766848 0.28516066 -0.91767585
vn -0.2013165 -0.018218862 -0.97935677
vn -0.2013165 -0.018218862 -0.97935677
vn 0.2981118 -0.089870684 -0.95029086
vn 0.17446585 -0.3901706 -0.9040623
vn -0.010199741 -0.5366869 -0.84371984
vn -0.124122076 -0.5955662 -0.793659
vn -0.23051319 0.478523 -0.84727764
vn -0.19082476 0.43810713 -0.878435
vn -0.1612202 0.3738264 -0.9133794
vn -0.1842461 0.004772889 -0.98286855
vn -0.19630103 -0.024661765 -0.9802335
vn -0.21409392 -0.032109324 -0.97628516
vn -0.21710011 -0.042370103 -0.9752294
vn -0.15276985 -0.5943152 -0.78958905
vn -0.23958974 -0.580928 -0.77789426
vn -0.45571437 -0.4754021 -0.7525405
vn -0.6566025 -0.26149032 -0.7074574
vn -0.6992887 -0.061967667 -0.71214837
vn -0.6224177 -0.32450083 -0.7122468
vn -0.65203923 0.28140482 -0.70402855
vn -0.20070563 -0.018669315 -0.9794737
vn -0.18646577 -0.012373881 -0.98238355
vn -0.48054293 0.5206373 -0.705702
vn 0.05082021 0.51878935 -0.8533902
vn -0.18646577 -0.012373881 -0.98238355
vn 0.13842271 -0.32410967 -0.9358376
vn -0.18646577 -0.012373881 -0.98238355
vn -0.08756606 -0.3109235 -0.9463925
vn 0.1541108 0.30982473 -0.9382209
vn 0.13842271 -0.32410967 -0.9358376
vn 0.7998263 0.358145 0.48167408
vn 0.75320643 0.38811895 0.531078
vn 0.6404775 0.42469522 0.63986135
vn 0.67658985 0.33930978 0.65352505
vn 0.6121876 0.3918012 0.6868174
vn 0.64757705 0.30413008 0.6986764
vn 0.49380308 0.28029537 0.8231604
vn 0.4479087 0.1723542 0.8773094
vn 0.30273739 0.005936553 0.9530555
vn 0.25336906 -0.31837368 0.91347814
vn 0.49329123 -0.2779506 0.82426167
vn 0.48381233 -0.5092922 0.7117212
vn 0.9216026 -0.08507785 0.37869567
vn 0.7769755 -0.20979403 0.5935449
vn 0.7573575 -0.22274853 0.61383444
vn 0.72233045 -0.22128394 0.6551886
vn 0.37273216 -0.0519854 0.92648166
vn 0.26495 -0.37317258 0.8891252
vn 0.5695112 0.20148303 0.7969075
vn 0.81054455 0.17064835 0.5602648
vn 0.40788013 0.7506102 0.5198252
vn 0.15381749 0.9313955 0.3299131
vn 0.05082021 0.51878935 -0.8533902
vn -0.1842461 0.004772889 -0.98286855
vn 0.24695754 -0.18932801 -0.9503509
vn -0.20070563 -0.018669315 -0.9794737
vn -0.48054293 0.5206373 -0.705702
vn -0.08756606 -0.3109235 -0.9463925
vn -0.2013165 -0.018218862 -0.97935677
vn -0.6566025 -0.26149032 -0.7074574
vn -0.97868633 -0.093938045 -0.1826162
vn -0.6992887 -0.061967667 -0.71214837
vn -0.8898299 -0.4128444 -0.19432512
vn -0.6224177 -0.32450083 -0.7122468
vn -0.837006 -0.5094579 -0.19968373
vn -0.86406094 0.48497385 -0.13490374
vn -0.65203923 0.28140482 -0.70402855
vn -0.537868 0.83784205 -0.09337392
vn -0.48054293 0.5206373 -0.705702
vn -0.32941952 0.94008946 -0.08783253
vn -0.3521883 0.6095261 -0.7102403
vn -0.2659886 0.9580167 -0.1070236
vn -0.31098005 0.6197175 -0.72058415
vn 0.018640498 0.97461843 -0.22309501
vn -0.12327701 0.60249674 -0.78854316
vn 0.41779807 0.8329952 -0.3627172
vn 0.13320377 0.50754696 -0.8512655
vn 0.5416973 0.7325096 -0.41230294
vn 0.21326226 0.4414664 -0.87156564
vn -0.45571437 -0.4754021 -0.7525405
vn 0.6785 0.50267386 -0.53568333
vn 0.2766848 0.28516066 -0.91767585
vn 0.7500944 -0.15140867 -0.6437652
vn 0.2981118 -0.089870684 -0.95029086
vn 0.49564984 -0.6741329 -0.5476094
vn 0.17446585 -0.3901706 -0.9040623
vn 0.18774396 -0.8901447 -0.41520426
vn -0.010199741 -0.5366869 -0.84371984
vn 0.0068601943 -0.94581175 -0.32464308
vn -0.124122076 -0.5955662 -0.793659
vn -0.04863319 -0.9483099 -0.31359705
vn -0.15276985 -0.5943152 -0.78958905
vn -0.19398245 -0.9341555 -0.2995401
vn -0.23958974 -0.580928 -0.77789426
vn -0.5731144 -0.77761894 -0.25855097
vn -0.19940604 -0.02343955 -0.97963655
vn -0.19940604 -0.02343955 -0.97963655
vn -0.19940604 -0.02343955 -0.97963655
vn -0.19940604 -0.02343955 -0.97963655
vn -0.20144698 -0.015649317 -0.9793744
vn -0.20144698 -0.015649317 -0.9793744
vn -0.19840808 0.009302887 -0.98007536
vn -0.19840808 0.009302887 -0.98007536
vn -0.19923887 -0.027150914 -0.97957474
vn -0.19923887 -0.027150914 -0.97957474
vn -0.20044889 -0.025486082 -0.9793726
vn -0.20044889 -0.025486082 -0.9793726
vn -0.20218174 -0.024938865 -0.97903043
vn -0.20218174 -0.024938865 -0.97903043
vn -0.21896802 -0.037602875 -0.9750072
vn -0.21896802 -0.037602875 -0.9750072
vn -0.21896802 -0.037602875 -0.9750072
vn -0.21896802 -0.037602875 -0.9750072
vn -0.19949862 -0.022253647 -0.9796454
vn -0.19949862 -0.022253647 -0.9796454
vn -0.19949862 -0.022253647 -0.9796454
vn -0.19949862 -0.022253647 -0.9796454
vn -0.200812 -0.024189161 -0.9793311
vn -0.200812 -0.024189161 -0.9793311
vn -0.20501843 -0.02342629 -0.9784777
vn -0.20501843 -0.02342629 -0.9784777
vn -0.20299233 -0.024802169 -0.97886616
vn -0.20299233 -0.024802169 -0.97886616
vn -0.20192021 -0.025666011 -0.9790656
vn -0.20192021 -0.025666011 -0.9790656
vn -0.20391762 -0.0642229 -0.97687924
vn -0.20391762 -0.0642229 -0.97687924
vn -0.19787467 0.011626588 -0.9801583
vn -0.19787467 0.011626588 -0.9801583
vn -0.2001062 -0.0122868335 -0.97969717
vn -0.2001062 -0.0122868335 -0.97969717
vn -0.2001062 -0.0122868335 -0.97969717
vn -0.2001062 -0.0122868335 -0.97969717
vn -0.18044014 0.027647719 -0.98319733
vn -0.18044014 0.027647719 -0.98319733
vn 0.84031594 0.51365036 0.17329846
vn 0.84031594 0.51365036 0.17329846
vn 0.84031594 0.51365036 0.17329846
vn 0.84031594 0.51365036 0.17329846
vn -0.6511591 -0.4885346 -0.58079755
vn -0.6511591 -0.4885346 -0.58079755
vn -0.6511591 -0.4885346 -0.58079755
vn -0.6511591 -0.4885346 -0.58079755
vn 0.32624674 -0.005829812 -0.94526666
vn 0.32624674 -0.005829812 -0.94526666
vn 0.32624674 -0.005829812 -0.94526666
vn 0.32624674 -0.005829812 -0.94526666
vn -0.3239639 0.007289095 0.94604135
vn -0.3239639 0.007289095 0.94604135
vn -0.3239639 0.007289095 0.94604135
vn -0.3239639 0.007289095 0.94604135
vn -0.33354747 -0.023432363 0.942442
vn -0.33354747 -0.023432363 0.942442
vn -0.33354747 -0.023432363 0.942442
vn -0.33354747 -0.023432363 0.942442
vn 0.33352768 0.023421353 -0.94244933
vn 0.33352768 0.023421353 -0.94244933
vn 0.33352768 0.023421353 -0.94244933
vn 0.33352768 0.023421353 -0.94244933
vn 0.83482665 0.495035 0.24084193
vn 0.83482665 0.495035 0.24084193
vn 0.83482665 0.495035 0.24084193
vn 0.83482665 0.495035 0.24084193
vn -0.834819 -0.4950463 -0.24084513
vn -0.834819 -0.4950463 -0.24084513
vn -0.834819 -0.4950463 -0.24084513
vn -0.834819 -0.4950463 -0.24084513
vn -0.63197464 0.6783764 0.3747178
vn -0.63197464 0.6783764 0.3747178
vn -0.63197464 0.6783764 0.3747178
vn -0.63197464 0.6783764 0.3747178
vn -0.63197553 0.6783752 0.37471843
vn -0.63197553 0.6783752 0.37471843
vn -0.63197225 0.67837894 0.37471724
vn -0.63195604 0.67839575 0.37471434
vn -0.6319751 0.67837566 0.37471858
vn -0.6319751 0.67837566 0.37471858
vn -0.63195604 0.67839575 0.37471434
vn -0.63195604 0.67839575 0.37471434
vn -0.6319933 0.6783631 0.37471053
vn -0.6319933 0.6783631 0.37471053
vn -0.6319933 0.6783631 0.37471053
vn -0.6319706 0.6783823 0.3747141
vn -0.6319739 0.6783782 0.37471595
vn -0.6319706 0.6783823 0.3747141
vn -0.6319706 0.6783823 0.3747141
vn -0.6319706 0.6783823 0.3747141
vn -0.6319676 0.6783921 0.37470135
vn -0.6319731 0.6783722 0.3747281
vn -0.6319731 0.6783722 0.3747281
vn -0.6319624 0.6783799 0.3747323
vn -0.6319684 0.6783967 0.37469167
vn -0.6319623 0.6783819 0.37472868
vn -0.4933538 0.3438751 0.79896927
vn -0.4933538 0.3438751 0.79896927
vn -0.4933538 0.3438751 0.79896927
vn -0.4933538 0.3438751 0.79896927
vn -0.86179364 0.102121554 0.4968732
vn -0.86179364 0.102121554 0.4968732
vn -0.86179364 0.102121554 0.4968732
vn -0.86179364 0.102121554 0.4968732
vn -0.8980643 0.41717574 0.13944486
vn -0.8980643 0.41717574 0.13944486
vn -0.8980643 0.41717574 0.13944486
vn -0.8980643 0.41717574 0.13944486
vn -0.8421729 0.24488252 0.4803928
vn -0.8421729 0.24488252 0.4803928
vn -0.8421729 0.24488252 0.4803928
vn -0.8421729 0.24488252 0.4803928
vn -0.9964346 0.05540268 0.06362801
vn -0.9964346 0.05540268 0.06362801
vn -0.9964346 0.05540268 0.06362801
vn -0.9964346 0.05540268 0.06362801
vn -0.8916403 0.2705106 -0.36304474
vn -0.8916403 0.2705106 -0.36304474
vn -0.8916403 0.2705106 -0.36304474
vn -0.8916403 0.2705106 -0.36304474
vn -0.88731146 0.24785201 -0.38890585
vn -0.88731146 0.24785201 -0.38890585
vn -0.88731146 0.24785201 -0.38890585
vn 0.14933138 0.30550137 0.94040895
vn 0.14933138 0.30550137 0.94040895
vn 0.14933138 0.30550137 0.94040895
vn 0.14933138 0.30550137 0.94040895
vn 0.12933932 0.28554043 0.94959885
vn 0.12933932 0.28554043 0.94959885
vn 0.12933932 0.28554043 0.94959885
vn 0.12933932 0.28554043 0.94959885
vn 0.21835704 0.51274055 0.8303116
vn 0.21835704 0.51274055 0.8303116
vn 0.21835704 0.51274055 0.8303116
vn 0.21835704 0.51274055 0.8303116
vn -0.12928326 0.47845688 0.8685418
vn -0.12928326 0.47845688 0.8685418
vn -0.12928326 0.47845688 0.8685418
vn -0.12928326 0.47845688 0.8685418
vn -0.22193408 0.4702059 0.85419655
vn -0.22193408 0.4702059 0.85419655
vn -0.22193408 0.4702059 0.85419655
vn -0.22193408 0.4702059 0.85419655
vn -0.89049244 -0.41253275 -0.19193734
vn -0.89049244 -0.41253275 -0.19193734
vn -0.89049244 -0.41253275 -0.19193734
vn -0.89049244 -0.41253275 -0.19193734
vn -0.8413878 -0.27543604 0.4649748
vn -0.8413878 -0.27543604 0.4649748
vn -0.8413878 -0.27543604 0.4649748
vn -0.98875827 -0.06683211 -0.1337559
vn -0.98875827 -0.06683211 -0.1337559
vn -0.98875827 -0.06683211 -0.1337559
vn -0.98875827 -0.06683211 -0.1337559
vn -0.8246222 -0.26163802 0.5015414
vn -0.8246222 -0.26163802 0.5015414
vn -0.8246222 -0.26163802 0.5015414
vn -0.8246222 -0.26163802 0.5015414
vn -0.13474382 -0.31711066 0.93876773
vn -0.13474382 -0.31711066 0.93876773
vn -0.13474382 -0.31711066 0.93876773
vn -0.13474382 -0.31711066 0.93876773
vn 0.5247152 -0.22134657 0.8219974
vn 0.5247152 -0.22134657 0.8219974
vn 0.5247152 -0.22134657 0.8219974
vn 0.5247152 -0.22134657 0.8219974
vn 0.59499574 -0.27775297 0.7542105
vn 0.59499574 -0.27775297 0.7542105
vn 0.59499574 -0.27775297 0.7542105
vn -0.8563496 -0.27761787 -0.43542358
vn -0.8563496 -0.27761787 -0.43542358
vn -0.8563496 -0.27761787 -0.43542358
vn -0.8563496 -0.27761787 -0.43542358
vn -0.71140206 -0.6292778 -0.31291607
vn -0.71140206 -0.6292778 -0.31291607
vn -0.71140206 -0.6292778 -0.31291607
vn -0.434448 0.122167505 -0.89237326
vn -0.434448 0.122167505 -0.89237326
vn -0.434448 0.122167505 -0.89237326
vn -0.434448 0.122167505 -0.89237326
vn -0.434448 0.122167505 -0.89237326
vn 0.25191417 0.32436916 -0.9117696
vn 0.25191417 0.32436916 -0.9117696
vn 0.25191417 0.32436916 -0.9117696
vn 0.25191417 0.32436916 -0.9117696
vn 0.78587604 0.27989575 -0.5514139
vn 0.78587604 0.27989575 -0.5514139
vn 0.78587604 0.27989575 -0.5514139
vn 0.78587604 0.27989575 -0.5514139
vn 0.9813851 0.095292985 0.16674095
vn 0.9813851 0.095292985 0.16674095
vn 0.9813851 0.095292985 0.16674095
vn 0.9813851 0.095292985 0.16674095
vn 0.9813851 0.095292985 0.16674095
vn 0.38818866 0.09675933 0.9164863
vn 0.38818866 0.09675933 0.9164863
vn 0.38818866 0.09675933 0.9164863
vn 0.38818866 0.09675933 0.9164863
vn 0.3222131 -0.27635783 0.9054309
vn 0.3222131 -0.27635783 0.9054309
vn 0.3222131 -0.27635783 0.9054309
vn 0.9643094 0.12886088 0.23130544
vn 0.9643094 0.12886088 0.23130544
vn 0.9643094 0.12886088 0.23130544
vn 0.70514286 -0.69445777 0.14318523
vn 0.70514286 -0.69445777 0.14318523
vn 0.70514286 -0.69445777 0.14318523
vn 0.70514286 -0.69445777 0.14318523
vn 0.7929281 -0.42694095 0.43472567
vn 0.7929281 -0.42694095 0.43472567
vn 0.7929281 -0.42694095 0.43472567
vn 0.7929281 -0.42694095 0.43472567
vn 0.8938636 -0.30384663 0.32967424
vn 0.8938636 -0.30384663 0.32967424
vn 0.8938636 -0.30384663 0.32967424
vn 0.8938636 -0.30384663 0.32967424
vn 0.7832339 -0.48845977 0.384645
vn 0.7832339 -0.48845977 0.384645
vn 0.7832339 -0.48845977 0.384645
vn 0.7832339 -0.48845977 0.384645
vn 0.3085495 0.452215 0.8368386
vn 0.3085495 0.452215 0.8368386
vn 0.3085495 0.452215 0.8368386
vn 0.3085495 0.452215 0.8368386
vn 0.3085495 0.452215 0.8368386
vn -0.021099623 -0.8428502 -0.53773445
vn -0.021099623 -0.8428502 -0.53773445
vn -0.021099623 -0.8428502 -0.53773445
vn -0.021099623 -0.8428502 -0.53773445
vn -0.40930468 -0.40866706 -0.81575793
vn -0.40930468 -0.40866706 -0.81575793
vn -0.40930468 -0.40866706 -0.81575793
vn -0.39406684 -0.39668477 -0.8290673
vn -0.3968687 -0.39457965 -0.82873523
vn -0.3968687 -0.39457965 -0.82873523
vn -0.3968687 -0.39457965 -0.82873523
vn -0.3830424 -0.4044501 -0.83048093
vn -0.3830424 -0.4044501 -0.83048093
vn -0.3874418 -0.40237486 -0.82944757
vn -0.3874418 -0.40237486 -0.82944757
vn -0.3874418 -0.40237486 -0.82944757
vn -0.3874418 -0.40237486 -0.82944757
vn -0.3858679 -0.40357322 -0.8295991
vn 0.30895057 -0.6940734 -0.65023977
vn 0.30895057 -0.6940734 -0.65023977
vn 0.30895057 -0.6940734 -0.65023977
vn 0.30895057 -0.6940734 -0.65023977
vn 0.64066994 -0.6750274 -0.36589625
vn 0.64066994 -0.6750274 -0.36589625
vn 0.64066994 -0.6750274 -0.36589625
vn 0.64066994 -0.6750274 -0.36589625
vn 0.6332277 -0.67758614 -0.37403178
vn 0.6340505 -0.67734873 -0.37306666
vn 0.6340505 -0.67734873 -0.37306666
vn 0.6332277 -0.67758614 -0.37403178
vn 0.6332277 -0.67758614 -0.37403178
vn 0.6332277 -0.67758614 -0.37403178
vn 0.6324222 -0.67796934 -0.3746995
vn 0.6329225 -0.67752093 -0.3746658
vn 0.6329225 -0.67752093 -0.3746658
vn 0.6319811 -0.6783793 -0.37470192
vn 0.6329225 -0.67752093 -0.3746658
vn 0.6319811 -0.6783793 -0.37470192
vn 0.6319811 -0.6783793 -0.37470192
vn 0.6319748 -0.6783775 -0.3747156
vn 0.636215 -0.677067 -0.3698793
vn 0.6408052 -0.675814 -0.36420345
vn 0.6253055 -0.6772922 -0.38764444
vn 0.6253055 -0.6772922 -0.38764444
vn 0.64305663 -0.6702059 -0.37054327
vn 0.64305663 -0.6702059 -0.37054327
vn 0.64066994 -0.6750274 -0.36589625
vn 0.64066994 -0.6750274 -0.36589625
vn 0.64066994 -0.6750274 -0.36589625
vn 0.20935328 -0.6765441 -0.70601654
vn 0.20935328 -0.6765441 -0.70601654
vn 0.20935328 -0.6765441 -0.70601654
vn 0.20935328 -0.6765441 -0.70601654
vn 0.8853594 -0.25141495 0.39106163
vn 0.8853594 -0.25141495 0.39106163
vn 0.8853594 -0.25141495 0.39106163
vn 0.8853594 -0.25141495 0.39106163
vn 0.3836361 0.40198678 0.8314024
vn 0.3836361 0.40198678 0.8314024
vn 0.3836361 0.40198678 0.8314024
vn 0.3836361 0.40198678 0.8314024
vn 0.38118505 0.40853533 0.82933515
vn 0.38118505 0.40853533 0.82933515
vn -0.052843604 0.63424975 0.7713202
vn -0.052843604 0.63424975 0.7713202
vn -0.052843604 0.63424975 0.7713202
vn -0.052843604 0.63424975 0.7713202
vn 0.639899 -0.7142242 -0.2835719
vn 0.639899 -0.7142242 -0.2835719
vn 0.639899 -0.7142242 -0.2835719
vn -0.14521313 0.6699428 0.7280727
vn -0.14521313 0.6699428 0.7280727
vn -0.14521313 0.6699428 0.7280727
vn 0.6313881 0.18776107 0.7523927
vn 0.6313881 0.18776107 0.7523927
vn 0.6313881 0.18776107 0.7523927
vn 0.6313881 0.18776107 0.7523927
vn -0.027440695 0.4628646 -0.8860041
vn -0.027440695 0.4628646 -0.8860041
vn -0.027440695 0.4628646 -0.8860041
vn -0.027440695 0.4628646 -0.8860041
vn -0.4678176 -0.7201898 0.5123216
vn -0.4678176 -0.7201898 0.5123216
vn -0.4678176 -0.7201898 0.5123216
vn -0.4678176 -0.7201898 0.5123216
vn 0.63658535 0.18241422 0.7493224
vn 0.63658535 0.18241422 0.7493224
vn 0.63658535 0.18241422 0.7493224
vn 0.63658535 0.18241422 0.7493224
vn -0.6369006 -0.18029352 -0.7495678
vn -0.6369006 -0.18029352 -0.7495678
vn -0.6369006 -0.18029352 -0.7495678
vn -0.6369006 -0.18029352 -0.7495678
vn -0.048936065 0.44711998 -0.89313436
vn -0.048936065 0.44711998 -0.89313436
vn -0.048936065 0.44711998 -0.89313436
vn -0.048936065 0.44711998 -0.89313436
vn 0.0148598 -0.47146925 0.8817573
vn 0.0148598 -0.47146925 0.8817573
vn 0.0148598 -0.47146925 0.8817573
vn 0.0148598 -0.47146925 0.8817573
vn -0.6346253 -0.18282601 -0.75088304
vn -0.6346253 -0.18282601 -0.75088304
vn -0.6346253 -0.18282601 -0.75088304
vn -0.6346253 -0.18282601 -0.75088304
vn 0.7727206 0.56779164 0.28375247
vn 0.7727206 0.56779164 0.28375247
vn 0.7727206 0.56779164 0.28375247
vn 0.7727206 0.56779164 0.28375247
vn -0.77176 -0.554293 -0.3116823
vn -0.77176 -0.554293 -0.3116823
vn -0.77176 -0.554293 -0.3116823
vn -0.77176 -0.554293 -0.3116823
vn -0.7283334 -0.35466206 -0.58629787
vn -0.7283334 -0.35466206 -0.58629787
vn -0.7283334 -0.35466206 -0.58629787
vn -0.7283334 -0.35466206 -0.58629787
vn -0.6318879 -0.1711195 -0.7559337
vn -0.6318879 -0.1711195 -0.7559337
vn -0.6318879 -0.1711195 -0.7559337
vn -0.6318879 -0.1711195 -0.7559337
vn 0.02525922 -0.4652405 0.8848238
vn 0.02525922 -0.4652405 0.8848238
vn 0.02525922 -0.4652405 0.8848238
vn 0.02525922 -0.4652405 0.8848238
vn 0.7748732 0.56134003 0.29063538
vn 0.7748732 0.56134003 0.29063538
vn 0.7748732 0.56134003 0.29063538
vn 0.7748732 0.56134003 0.29063538
vn -0.77482533 -0.54346514 -0.32294172
vn -0.77482533 -0.54346514 -0.32294172
vn -0.77482533 -0.54346514 -0.32294172
vn -0.77482533 -0.54346514 -0.32294172
vn 0.6404702 0.1849523 0.74537945
vn 0.6404702 0.1849523 0.74537945
vn 0.6404702 0.1849523 0.74537945
vn 0.6404702 0.1849523 0.74537945
vn -0.06845376 0.43276018 -0.89890635
vn -0.06845376 0.43276018 -0.89890635
vn -0.06845376 0.43276018 -0.89890635
vn -0.06845376 0.43276018 -0.89890635
vn 0.6404943 0.1849505 0.74535924
vn 0.6404943 0.1849505 0.74535924
vn 0.6404943 0.1849505 0.74535924
vn 0.6404943 0.1849505 0.74535924
vn -0.015209995 0.47256106 -0.88116664
vn -0.015209995 0.47256106 -0.88116664
vn -0.015209995 0.47256106 -0.88116664
vn -0.015209995 0.47256106 -0.88116664
vn -0.4360392 -0.71097153 0.5517149
vn -0.4360392 -0.71097153 0.5517149
vn -0.4360392 -0.71097153 0.5517149
vn -0.4360392 -0.71097153 0.5517149
vn 0.6319743 -0.67837584 -0.37471953
vn 0.6319743 -0.67837584 -0.37471953
vn 0.6319743 -0.67837584 -0.37471953
vn 0.6319743 -0.67837584 -0.37471953
vn 0.63369495 -0.6778813 -0.37270325
vn 0.63197404 -0.67837805 -0.3747161
vn 0.63197404 -0.67837805 -0.3747161
vn 0.63197404 -0.67837805 -0.3747161
vn 0.63612884 -0.6774489 -0.3693277
vn 0.63612884 -0.6774489 -0.3693277
vn 0.6295429 -0.6823192 -0.37163985
vn 0.6331922 -0.6780552 -0.37324077
vn 0.6331922 -0.6780552 -0.37324077
vn 0.6331922 -0.6780552 -0.37324077
vn 0.6331922 -0.6780552 -0.37324077
vn 0.69791245 -0.65759873 -0.28369367
vn 0.69791245 -0.65759873 -0.28369367
vn 0.69791245 -0.65759873 -0.28369367
vn 0.69791245 -0.65759873 -0.28369367
vn 0.6737756 -0.62659067 -0.39167663
vn 0.6737756 -0.62659067 -0.39167663
vn 0.6737756 -0.62659067 -0.39167663
vn 0.77663887 -0.61100125 -0.15332799
vn 0.77663887 -0.61100125 -0.15332799
vn 0.77663887 -0.61100125 -0.15332799
vn 0.77663887 -0.61100125 -0.15332799
vn 0.7342852 -0.63712615 -0.23429805
vn 0.7342852 -0.63712615 -0.23429805
vn 0.7342852 -0.63712615 -0.23429805
vn 0.8139764 -0.5747047 -0.08459921
vn 0.8139764 -0.5747047 -0.08459921
vn 0.8139764 -0.5747047 -0.08459921
vn 0.67343587 -0.67383736 -0.3040186
vn 0.67343587 -0.67383736 -0.3040186
vn 0.67343587 -0.67383736 -0.3040186
vn 0.67343587 -0.67383736 -0.3040186
vn 0.6338297 -0.7460741 -0.20404226
vn 0.6338297 -0.7460741 -0.20404226
vn 0.6338297 -0.7460741 -0.20404226
vn -0.63405263 0.67734706 0.37306583
vn -0.63405263 0.67734706 0.37306583
vn -0.63405263 0.67734706 0.37306583
vn -0.63405263 0.67734706 0.37306583
vn 0.5866078 0.115236536 0.8016308
vn 0.5866078 0.115236536 0.8016308
vn 0.5866078 0.115236536 0.8016308
vn 0.5866078 0.115236536 0.8016308
vn -0.6801208 0.6627046 0.31346166
vn -0.6801208 0.6627046 0.31346166
vn -0.6801208 0.6627046 0.31346166
vn -0.6801208 0.6627046 0.31346166
vn -0.69645244 0.65467405 0.2938637
vn -0.70293695 0.6528927 0.28215387
vn -0.70293695 0.6528927 0.28215387
vn -0.70293695 0.6528927 0.28215387
vn -0.67123693 0.6669606 0.32342628
vn -0.65828806 0.66042817 0.36123598
vn -0.65828806 0.66042817 0.36123598
vn -0.6313969 0.6909301 0.3520704
vn -0.6313969 0.6909301 0.3520704
vn -0.6313969 0.6909301 0.3520704
vn -0.6313969 0.6909301 0.3520704
vn -0.6313969 0.6909301 0.3520704
vn -0.63641423 0.67686164 0.3699125
vn -0.63641346 0.6768473 0.36994025
vn -0.6342428 0.6773536 0.37273073
vn -0.6342428 0.6773536 0.37273073
vn -0.63433176 0.67752385 0.37226963
vn -0.6348983 0.6772926 0.37172428
vn -0.6328992 0.6999198 0.3309847
vn -0.6328992 0.6999198 0.3309847
vn -0.63322157 0.67758924 0.3740363
vn -0.63322157 0.67758924 0.3740363
vn -0.63322157 0.67758924 0.3740363
vn -0.63322157 0.67758924 0.3740363
vn 0.16746049 0.6291611 -0.7590213
vn 0.16746049 0.6291611 -0.7590213
vn 0.16746049 0.6291611 -0.7590213
vn 0.16746049 0.6291611 -0.7590213
vn 0.17989592 0.40850344 0.8948533
vn 0.17989592 0.40850344 0.8948533
vn 0.17989592 0.40850344 0.8948533
vn -0.48799598 -0.6482912 0.584447
vn -0.48799598 -0.6482912 0.584447
vn -0.48799598 -0.6482912 0.584447
vn -0.48799598 -0.6482912 0.584447
vn -0.47170138 0.8029804 0.36430782
vn -0.47170457 0.8029792 0.36430657
vn -0.47170138 0.8029804 0.36430782
vn -0.47170457 0.8029792 0.36430657
vn -0.47171414 0.8029731 0.36430752
vn -0.47171414 0.8029731 0.36430752
vn -0.47172052 0.8029683 0.3643098
vn -0.47172052 0.8029683 0.3643098
vn -0.111945786 0.29014102 0.95041376
vn -0.111945786 0.29014102 0.95041376
vn -0.111945786 0.29014102 0.95041376
vn -0.111945786 0.29014102 0.95041376
vn -0.111945786 0.29014102 0.95041376
vn 0.032327715 0.29313734 0.9555236
vn 0.032327715 0.29313734 0.9555236
vn 0.032327715 0.29313734 0.9555236
vn 0.032327715 0.29313734 0.9555236
vn 0.05406918 0.9583046 0.28058666
vn 0.047407724 0.95817435 0.28223124
vn 0.05406918 0.9583046 0.28058666
vn 0.047407724 0.95817435 0.28223124
vn 0.0328333 0.9577309 0.28578576
vn 0.0328333 0.9577309 0.28578576
vn 0.024920383 0.9573993 0.28769004
vn 0.024920383 0.9573993 0.28769004
vn -0.44226038 0.67269623 -0.5931994
vn -0.44226038 0.67269623 -0.5931994
vn -0.44226038 0.67269623 -0.5931994
vn -0.44226038 0.67269623 -0.5931994
vn -0.44226038 0.67269623 -0.5931994
vn -0.023052797 0.8374867 -0.5459713
vn -0.023052797 0.8374867 -0.5459713
vn -0.023052797 0.8374867 -0.5459713
vn -0.023052797 0.8374867 -0.5459713
vn 0.7326495 -0.20327851 -0.6495403
vn 0.7326495 -0.20327851 -0.6495403
vn 0.7326495 -0.20327851 -0.6495403
vn 0.7326495 -0.20327851 -0.6495403
vn 0.78705406 -0.4087394 -0.46203676
vn 0.78705406 -0.4087394 -0.46203676
vn 0.78705406 -0.4087394 -0.46203676
vn 0.78705406 -0.4087394 -0.46203676
vn 0.8182207 -0.53634083 -0.20701078
vn 0.8182207 -0.53634083 -0.20701078
vn 0.8182207 -0.53634083 -0.20701078
vn 0.8182207 -0.53634083 -0.20701078
vn 0.73439616 -0.66304064 0.14504997
vn 0.73439616 -0.66304064 0.14504997
vn 0.73439616 -0.66304064 0.14504997
vn 0.73439616 -0.66304064 0.14504997
vn 0.53335875 -0.83019876 0.16216832
vn 0.53335875 -0.83019876 0.16216832
vn 0.53335875 -0.83019876 0.16216832
vn 0.53335875 -0.83019876 0.16216832
vn 0.5257201 -0.8244529 -0.20951347
vn 0.5257201 -0.8244529 -0.20951347
vn 0.5257201 -0.8244529 -0.20951347
vn 0.5257201 -0.8244529 -0.20951347
vn 0.45339477 -0.71831024 -0.52769643
vn 0.45339477 -0.71831024 -0.52769643
vn 0.45339477 -0.71831024 -0.52769643
vn 0.45339477 -0.71831024 -0.52769643
vn 0.36806807 -0.55143595 -0.7486283
vn 0.36806807 -0.55143595 -0.7486283
vn 0.36806807 -0.55143595 -0.7486283
vn 0.36806807 -0.55143595 -0.7486283
vn 0.82395214 0.5654947 -0.036312517
vn 0.82395214 0.5654947 -0.036312517
vn 0.82395214 0.5654947 -0.036312517
vn 0.82395214 0.5654947 -0.036312517
vn 0.82204366 0.5683479 -0.035000343
vn 0.82204366 0.5683479 -0.035000343
vn 0.84870523 0.52770156 -0.03507699
vn 0.84870523 0.52770156 -0.03507699
vn 0.84870523 0.52770156 -0.03507699
vn 0.84870523 0.52770156 -0.03507699
vn 0.9215235 0.387129 -0.03042332
vn 0.9215235 0.387129 -0.03042332
vn 0.9215235 0.387129 -0.03042332
vn 0.8544164 0.5133464 -0.08030082
vn 0.8544164 0.5133464 -0.08030082
vn 0.8544164 0.5133464 -0.08030082
vn 0.2998249 -0.86259705 -0.40746957
vn 0.2998249 -0.86259705 -0.40746957
vn 0.2998249 -0.86259705 -0.40746957
vn 0.2998249 -0.86259705 -0.40746957
vn 0.31094837 -0.8955364 -0.31831676
vn 0.31094837 -0.8955364 -0.31831676
vn 0.31094837 -0.8955364 -0.31831676
vn 0.31094837 -0.8955364 -0.31831676
vn 0.2592681 -0.27402318 0.9261163
vn 0.2592681 -0.27402318 0.9261163
vn 0.2592681 -0.27402318 0.9261163
vn 0.2592681 -0.27402318 0.9261163
vn -0.1773783 0.2689731 -0.9466734
vn -0.1773783 0.2689731 -0.9466734
vn -0.1773783 0.2689731 -0.9466734
vn -0.1773783 0.2689731 -0.9466734
vn -0.06617862 0.95049226 0.3036196
vn -0.06617862 0.95049226 0.3036196
vn -0.06617862 0.95049226 0.3036196
vn -0.06617862 0.95049226 0.3036196
vn -0.026942117 0.95394355 0.2987737
vn -0.026942117 0.95394355 0.2987737
vn 0.5090322 -0.21702151 0.8329393
vn 0.5090322 -0.21702151 0.8329393
vn 0.5090322 -0.21702151 0.8329393
vn 0.5090322 -0.21702151 0.8329393
vn 0.07558524 0.32987112 -0.9409952
vn 0.07558524 0.32987112 -0.9409952
vn 0.07558524 0.32987112 -0.9409952
vn 0.07558524 0.32987112 -0.9409952
vn 0.57532674 0.3139098 -0.7552879
vn 0.57532674 0.3139098 -0.7552879
vn 0.57532674 0.3139098 -0.7552879
vn 0.57532674 0.3139098 -0.7552879
vn 0.9140329 -0.039607592 0.4037017
vn 0.9140329 -0.039607592 0.4037017
vn 0.9140329 -0.039607592 0.4037017
vn 0.9140329 -0.039607592 0.4037017
vn 0.9898498 0.12557855 -0.06653842
vn 0.9898498 0.12557855 -0.06653842
vn 0.9898498 0.12557855 -0.06653842
vn 0.9898498 0.12557855 -0.06653842
vn 0.8413009 0.25058353 -0.47897872
vn 0.8413009 0.25058353 -0.47897872
vn 0.8413009 0.25058353 -0.47897872
vn 0.8413009 0.25058353 -0.47897872
vn -0.10202003 0.94374883 0.31453142
vn -0.10202003 0.94374883 0.31453142
vn -0.10202003 0.94374883 0.31453142
vn -0.10202003 0.94374883 0.31453142
vn -0.10199912 0.94375914 0.31450722
vn 0.05379576 -0.947954 -0.31383005
vn 0.05379576 -0.947954 -0.31383005
vn 0.05379576 -0.947954 -0.31383005
vn 0.05379576 -0.947954 -0.31383005
vn 0.19426543 -0.91031593 -0.36549407
vn 0.19426543 -0.91031593 -0.36549407
vn 0.19426543 -0.91031593 -0.36549407
vn 0.1780527 -0.92792344 -0.32749858
vn 0.1780527 -0.92792344 -0.32749858
vn 0.1780527 -0.92792344 -0.32749858
vn 0.16795588 -0.9266891 -0.33621147
vn 0.16795588 -0.9266891 -0.33621147
vn -0.20014808 -0.024843926 -0.97945064
vn -0.20014808 -0.024843926 -0.97945064
vn -0.20014808 -0.024843926 -0.97945064
vn -0.20014808 -0.024843926 -0.97945064
vn -0.20050202 -0.02481829 -0.9793789
vn -0.20050202 -0.02481829 -0.9793789
vn -0.20049562 -0.024786212 -0.979381
vn -0.20049562 -0.024786212 -0.979381
vn -0.20049423 -0.024784844 -0.9793813
vn -0.20049423 -0.024784844 -0.9793813
vn -0.20049995 -0.02478628 -0.97938013
vn 0.90648377 0.42224064 0.0
vn 0.90648377 0.42224064 0.0
vn 0.90648377 0.42224064 0.0
vn 0.90648377 0.42224064 0.0
vn 0.90648377 0.42224064 0.0
vn 0.40139884 -0.9159034 0.0
vn 0.40139884 -0.9159034 0.0
vn 0.40139884 -0.9159034 0.0
vn 0.40139884 -0.9159034 0.0
vn 0.40139884 -0.9159034 0.0
vn -0.0046276273 0.9999893 0.0
vn -0.0046276273 0.9999893 0.0
vn -0.0046276273 0.9999893 0.0
vn -0.0046276273 0.9999893 0.0
vn -0.041438352 0.9991411 0.0
vn -0.041438352 0.9991411 0.0
vn 0.33337972 0.94279265 0.0
vn 0.33337972 0.94279265 0.0
vn 0.33337972 0.94279265 0.0
vn 0.33337972 0.94279265 0.0
vn 0.71475804 0.6993718 0.0
vn 0.71475804 0.6993718 0.0
vn 0.71475804 0.6993718 0.0
vn 0.71475804 0.6993718 0.0
vn 0.3164969 -0.94859356 0.0
vn 0.3164969 -0.94859356 0.0
vn 0.3164969 -0.94859356 0.0
vn 0.3164969 -0.94859356 0.0
vn -0.78951335 0.6137334 0.0
vn -0.78951335 0.6137334 0.0
vn -0.78951335 0.6137334 0.0
vn -0.78951335 0.6137334 0.0
vn -0.78951335 0.6137334 0.0
vn -0.14323618 0.9896885 0.0
vn -0.14323618 0.9896885 0.0
vn -0.14323618 0.9896885 0.0
vn -0.14323618 0.9896885 0.0
vn 0.24200532 -0.9702749 0.0
vn 0.24200532 -0.9702749 0.0
vn 0.24200532 -0.9702749 0.0
vn 0.24200532 -0.9702749 0.0
vn -0.5953771 -0.8034465 0.0
vn -0.5953771 -0.8034465 0.0
vn -0.5953771 -0.8034465 0.0
vn -0.5953771 -0.8034465 0.0
vn -0.7435448 -0.41928482 -0.5209043
vn -0.26885498 -0.7235609 -0.6357488
vn -0.76513 -0.31136963 -0.5635823
vn -0.26475674 -0.75666285 -0.5978003
vn -0.76527447 -0.2531854 -0.591821
vn -0.30178377 -0.72240216 -0.62214273
vn -0.74422604 -0.1577201 -0.64903927
vn -0.34072897 -0.7202609 -0.6042582
vn -0.7030961 -0.07242994 -0.7073965
vn -0.4125205 -0.6719151 -0.6151073
vn -0.67929643 0.11899988 -0.72415155
vn -0.687064 -0.011083677 -0.72651243
vn -0.597882 -0.28061602 -0.75086075
vn -0.3871602 -0.7059654 -0.5930597
vn -0.5904738 -0.223364 -0.7755316
vn -0.37990823 -0.69536364 -0.6100321
vn -0.5459027 -0.2954745 -0.7840186
vn -0.36997125 -0.6854002 -0.6271745
vn -0.5288947 -0.295683 -0.7955137
vn -0.3691656 -0.66828835 -0.64583844
vn -0.18032801 -0.15589371 -0.971174
vn 0.024446601 -0.40856156 -0.91240335
vn -0.5836965 0.7205181 -0.3743688
vn -0.55404735 0.73411906 -0.39255667
vn -0.71198493 0.58728963 -0.3849263
vn -0.3521045 0.9334652 -0.06830243
vn -0.66468954 0.7323996 -0.14757602
vn -0.7033303 0.62290233 -0.34251884
vn 0.6048457 0.44273543 -0.6619268
vn 0.76600313 0.14956212 -0.6251963
vn -0.1524915 0.1988191 -0.96809983
vn -0.25398138 0.52502835 -0.81230456
vn 0.37318438 0.8114937 -0.44967917
vn -0.403341 0.5394023 -0.7391625
vn -0.047524683 0.92195046 -0.384381
vn -0.5634013 0.4853236 -0.6686105
vn -0.47186944 0.822916 -0.3164625
vn -0.6853317 0.3907225 -0.61453754
vn -0.7681131 0.58611476 -0.2578211
vn -0.66654396 0.34291762 -0.66191137
vn -0.7696352 0.58032316 -0.26624554
vn -0.4442285 0.8627286 -0.2415791
vn -0.3686135 0.43676516 -0.8205853
vn -0.074234486 0.9498516 -0.3037619
vn 0.30857646 0.8342823 -0.4568957
vn -0.39107525 0.50229853 -0.7712045
vn 0.27536467 0.85780895 -0.43397936
vn -0.5196195 0.5008113 -0.6922308
vn -0.15488248 0.917536 -0.36624998
vn -0.6211917 0.46425024 -0.631342
vn -0.4805995 0.815327 -0.32290235
vn -0.6902596 0.37884334 -0.61645716
vn -0.54198426 0.035682477 -0.8396307
vn -0.6037287 0.13109899 -0.7863363
vn -0.6099211 0.017735017 -0.7922637
vn -0.6731268 0.037833426 -0.73855865
vn -0.6785487 0.102398336 -0.72738314
vn -0.6740911 0.13396508 -0.7263983
vn -0.27565932 -0.06331973 -0.9591676
vn -0.19707035 -0.33571368 -0.9211187
vn -0.45907834 -0.3743567 -0.80567
vn -0.45447543 -0.28898898 -0.8425779
vn -0.12783694 -0.36196107 -0.9233861
vn -0.51762897 -0.021417677 -0.8553371
vn -0.684224 -0.24686912 -0.6862165
vn -0.74118465 0.045387585 -0.66976506
vn -0.66930777 -0.32585475 -0.6677168
vn -0.7513308 -0.29413316 -0.59075177
vn -0.7913944 -0.1121473 -0.6009308
vn -0.8141713 0.09683347 -0.5724931
vn -0.76079255 0.20289142 -0.6164655
vn -0.6172949 0.4049929 -0.6744833
vn -0.6248145 0.35299954 -0.6964181
vn -0.38082406 -0.79922295 -0.46499008
vn -0.7421058 -0.51046085 -0.43440625
vn -0.90111387 -0.18232314 -0.3933854
vn -0.92366135 0.048045717 -0.38018593
vn -0.88448274 0.2623191 -0.38584843
vn -0.7525211 0.53681666 -0.3814968
vn -0.5705201 0.8075676 -0.14947028
vn -0.32489684 0.9433123 -0.06785323
vn -0.82113796 0.5195065 -0.23631656
vn -0.9376881 0.217355 -0.27110484
vn -0.9399566 -0.10181995 -0.3257519
vn -0.7612407 -0.5199853 -0.38746342
vn -0.47611314 -0.79745317 -0.37065443
vn -0.1227797 -0.9559921 -0.26646623
vn 0.07934093 -0.9422722 -0.32531247
vn 0.39166534 -0.84114325 -0.3729294
vn 0.44558313 -0.8188869 -0.36177346
vn 0.29885012 -0.89256275 -0.3376689
vn 0.14053671 -0.94030523 -0.3099605
vn 0.00806383 -0.95802957 -0.28655604
vn -0.0597467 -0.9580423 -0.2803307
vn -0.07006571 -0.95345217 -0.29329124
vn -0.0818144 -0.94801605 -0.30752558
vn -0.09753728 -0.93909895 -0.32951418
vn 0.1905125 -0.84113985 -0.5061509
vn 0.73443073 -0.43554273 -0.52049404
vn 0.8181048 -0.5117271 -0.2623736
vn 0.93389225 0.31640172 -0.16653906
vn 0.8001427 0.5917567 -0.097958
vn 0.6169365 0.7793593 -0.10949159
vn 0.12941183 0.9860836 -0.10436312
vn -0.38870066 0.91576815 -0.10139236
vn -0.7730221 0.62572736 -0.1044126
vn -0.7604461 0.6443983 -0.08045302
vn -0.36650845 0.9293645 -0.044194892
vn -0.1327033 0.99106026 -0.013760884
vn 0.40069968 0.91613066 -0.012015077
vn 0.601029 0.79747087 -0.052955896
vn 0.0725487 0.9928991 -0.094276056
vn -0.3718479 0.9193539 -0.12852056
vn -0.6837223 0.7090284 -0.17263371
vn -0.074234486 0.9498516 -0.3037619
vn 0.40069968 0.91613066 -0.012015077
vn -0.40538198 0.10109927 -0.9085397
vn -0.47000682 0.09492211 -0.8775439
vn -0.497404 0.04844799 -0.86616516
vn -0.60121936 0.055340778 -0.7971654
vn -0.65345824 0.10936155 -0.749021
vn -0.6090279 0.100507826 -0.7867548
vn 0.030165028 -0.16062786 -0.98655397
vn -0.011188584 0.08635022 -0.99620205
vn -0.37957057 0.3524197 -0.85541016
vn -0.4796191 0.333823 -0.8114973
vn 0.07025605 -0.08073155 -0.99425673
vn -0.3550652 0.2062115 -0.9118144
vn -0.30931172 -0.22347532 -0.9243295
vn -0.31642812 -0.31949654 -0.8931938
vn -0.6204864 -0.32377976 -0.7142571
vn -0.80677617 -0.19715223 -0.55699474
vn -0.6451807 -0.23376705 -0.72738904
vn -0.6699384 0.17817435 -0.72071934
vn -0.8240447 -0.1334019 -0.5505945
vn -0.8501925 0.063474454 -0.5226315
vn -0.6588478 0.35250583 -0.66457444
vn -0.79147977 0.063200414 -0.60791904
vn -0.6170451 0.31698933 -0.72025913
vn 0.2314821 -0.95398504 -0.19060056
vn 0.045343425 -0.9889105 -0.14142115
vn 0.05988861 -0.989904 -0.12846574
vn 0.081372984 -0.9896332 -0.11834067
vn 0.09579417 -0.98924226 -0.110558935
vn 0.17750807 -0.9773447 -0.11527453
vn 0.3310028 -0.9352475 -0.12549607
vn 0.52389586 -0.841197 -0.13386826
vn 0.7068676 -0.69350916 -0.1392233
vn 0.63263917 -0.75694454 -0.16371512
vn 0.28486377 -0.9404448 -0.18551601
vn -0.8424657 -0.057531193 -0.53566945
vn -0.8424657 -0.057531193 -0.53566945
vn -0.8424657 -0.057531193 -0.53566945
vn -0.8424657 -0.057531193 -0.53566945
vn -0.9109524 -0.28053603 -0.30243227
vn -0.9109524 -0.28053603 -0.30243227
vn -0.9109524 -0.28053603 -0.30243227
vn -0.44345194 0.21454217 -0.87024254
vn -0.44345194 0.21454217 -0.87024254
vn -0.44345194 0.21454217 -0.87024254
vn -0.44345194 0.21454217 -0.87024254
vn -0.6044001 0.45266715 -0.65558606
vn -0.6044001 0.45266715 -0.65558606
vn -0.6044001 0.45266715 -0.65558606
vn -0.6044001 0.45266715 -0.65558606
vn -0.7071063 0.70710725 0.0
vn -0.7071063 0.70710725 0.0
vn -0.7071063 0.70710725 0.0
vn -0.7071063 0.70710725 0.0
vn -0.2588147 0.965927 0.0
vn -0.2588147 0.965927 0.0
vn -0.2588147 0.965927 0.0
vn -0.2588147 0.965927 0.0
vn 0.2588146 0.965927 0.0
vn 0.2588146 0.965927 0.0
vn 0.2588146 0.965927 0.0
vn 0.2588146 0.965927 0.0
vn 0.2588146 0.965927 0.0
vn 0.7071065 0.7071071 0.0
vn 0.7071065 0.7071071 0.0
vn 0.7071065 0.7071071 0.0
vn 0.7071065 0.7071071 0.0
vn 0.9659262 0.25881788 0.0
vn 0.9659262 0.25881788 0.0
vn 0.9659262 0.25881788 0.0
vn 0.9659262 0.25881788 0.0
vn 0.9659257 -0.25881937 0.0
vn 0.9659257 -0.25881937 0.0
vn 0.9659257 -0.25881937 0.0
vn 0.9659257 -0.25881937 0.0
vn 0.7071065 -0.7071071 0.0
vn 0.7071065 -0.7071071 0.0
vn 0.7071065 -0.7071071 0.0
vn 0.7071065 -0.7071071 0.0
vn 0.25881743 -0.96592623 0.0
vn 0.25881743 -0.96592623 0.0
vn 0.25881743 -0.96592623 0.0
vn 0.25881743 -0.96592623 0.0
vn -0.25881752 -0.96592623 0.0
vn -0.25881752 -0.96592623 0.0
vn -0.25881752 -0.96592623 0.0
vn -0.25881752 -0.96592623 0.0
vn -0.25881752 -0.96592623 0.0
vn -0.7071063 -0.70710725 0.0
vn -0.7071063 -0.70710725 0.0
vn -0.7071063 -0.70710725 0.0
vn -0.7071063 -0.70710725 0.0
vn -0.9659258 -0.25881904 0.0
vn -0.9659258 -0.25881904 0.0
vn -0.9659258 -0.25881904 0.0
vn -0.9659258 -0.25881904 0.0
vn -0.96592623 0.25881752 0.0
vn -0.96592623 0.25881752 0.0
vn -0.96592623 0.25881752 0.0
vn -0.96592623 0.25881752 0.0
vn -0.0 0.0 1.0
vn -0.0 0.0 1.0
vn -0.0 0.0 1.0
vn -0.0 0.0 1.0
vn -0.0 0.0 1.0
vn -0.0 0.0 1.0
vn -0.0 0.0 1.0
vn -0.0 0.0 1.0
vn -0.0 0.0 1.0
vn -0.0 0.0 1.0
vn -0.0 0.0 1.0
vn -0.0 0.0 1.0
vn -0.0 0.0 1.0
vn -0.0 0.0 1.0
vn -0.0 0.0 1.0
vn -0.0 0.0 1.0
vn -0.0 0.0 1.0
vn -0.0 0.0 1.0
vn -0.0 0.0 1.0
vn -0.0 0.0 1.0
vn -0.0 0.0 1.0
vn -0.0 0.0 1.0
vn -0.0 0.0 1.0
vn 7.196523E-7 0.0 1.0
vn 7.196523E-7 0.0 1.0
vn -0.0 0.0 1.0
vn -0.0 0.0 1.0
vn -7.196647E-7 0.0 1.0
vn -7.196647E-7 0.0 1.0
vn -0.0 0.0 1.0
vn -0.0 0.0 1.0
vn -0.0 0.0 1.0
vn -0.0 0.0 1.0
vn 7.196647E-7 0.0 1.0
vn 7.196647E-7 0.0 1.0
vn -0.0 0.0 1.0
vn -0.0 0.0 1.0
vn 0.707104 -0.7071096 0.0
vn 0.707104 -0.7071096 0.0
vn 0.707104 -0.7071096 0.0
vn 0.707104 -0.7071096 0.0
vn 0.25881866 -0.96592593 0.0
vn 0.25881866 -0.96592593 0.0
vn 0.25881866 -0.96592593 0.0
vn 0.25881866 -0.96592593 0.0
vn -0.25881812 -0.9659261 0.0
vn -0.25881812 -0.9659261 0.0
vn -0.25881812 -0.9659261 0.0
vn -0.25881812 -0.9659261 0.0
vn -0.7071045 -0.7071091 0.0
vn -0.7071045 -0.7071091 0.0
vn -0.7071045 -0.7071091 0.0
vn -0.7071045 -0.7071091 0.0
vn -0.96592635 -0.25881696 0.0
vn -0.96592635 -0.25881696 0.0
vn -0.96592635 -0.25881696 0.0
vn -0.96592635 -0.25881696 0.0
vn -0.96592635 -0.25881696 0.0
vn -0.96592635 -0.25881696 0.0
vn -0.9659259 0.25881875 0.0
vn -0.9659259 0.25881875 0.0
vn -0.9659259 0.25881875 0.0
vn -0.9659259 0.25881875 0.0
vn -0.9659259 0.25881875 0.0
vn -0.70710784 0.70710576 0.0
vn -0.70710784 0.70710576 0.0
vn -0.70710784 0.70710576 0.0
vn -0.70710784 0.70710576 0.0
vn -0.25881508 0.9659269 0.0
vn -0.25881508 0.9659269 0.0
vn -0.25881508 0.9659269 0.0
vn -0.25881508 0.9659269 0.0
vn 0.2588156 0.96592677 0.0
vn 0.2588156 0.96592677 0.0
vn 0.2588156 0.96592677 0.0
vn 0.2588156 0.96592677 0.0
vn 0.70710725 0.7071063 0.0
vn 0.70710725 0.7071063 0.0
vn 0.70710725 0.7071063 0.0
vn 0.70710725 0.7071063 0.0
vn 0.9659256 0.25882 0.0
vn 0.9659256 0.25882 0.0
vn 0.9659256 0.25882 0.0
vn 0.9659256 0.25882 0.0
vn 0.9659256 0.25882 0.0
vn 0.9659256 0.25882 0.0
vn 0.965926 -0.25881833 0.0
vn 0.965926 -0.25881833 0.0
vn 0.965926 -0.25881833 0.0
vn 0.965926 -0.25881833 0.0
vn 0.965926 -0.25881833 0.0
vn -0.0 -1.4772142E-7 1.0
vn -0.0 -1.4772142E-7 1.0
vn -0.0 -1.4772142E-7 1.0
vn -0.0 -1.4772142E-7 1.0
vn -2.0186818E-7 0.0 1.0
vn -2.0186818E-7 0.0 1.0
vn -0.0 0.0 1.0
vn -0.0 0.0 1.0
vn -0.0 0.0 1.0
vn -0.0 0.0 1.0
vn 8.074414E-7 0.0 1.0
vn -8.0743615E-7 0.0 1.0
vn -8.0743615E-7 0.0 1.0
vn -8.0743615E-7 0.0 1.0
vn 8.074414E-7 0.0 1.0
vn 8.074414E-7 0.0 1.0
vn -0.0 0.0 1.0
vn -0.0 0.0 1.0
vn -0.0 0.0 1.0
vn -0.0 0.0 1.0
vn -0.0 0.0 1.0
vn -0.0 0.0 1.0
vn 2.0186297E-7 0.0 1.0
vn 2.0186297E-7 0.0 1.0
vn -8.074414E-7 1.4772142E-7 1.0
vn -8.074414E-7 1.4772142E-7 1.0
vn -0.629687 0.6296865 0.45496067
vn -0.629687 0.6296865 0.45496067
vn -0.629687 0.6296865 0.45496067
vn -0.629687 0.6296865 0.45496067
vn -0.23047787 0.8601685 0.4549616
vn -0.23047787 0.8601685 0.4549616
vn -0.23047787 0.8601685 0.4549616
vn -0.23047787 0.8601685 0.4549616
vn 0.23047765 0.8601688 0.45496115
vn 0.23047765 0.8601688 0.45496115
vn 0.23047765 0.8601688 0.45496115
vn 0.23047765 0.8601688 0.45496115
vn 0.62969005 0.6296892 0.4549527
vn 0.62969005 0.6296892 0.4549527
vn 0.62969005 0.6296892 0.4549527
vn 0.62969005 0.6296892 0.4549527
vn 0.8601729 0.230482 0.45495117
vn 0.8601729 0.230482 0.45495117
vn 0.8601729 0.230482 0.45495117
vn 0.8601729 0.230482 0.45495117
vn 0.8601729 -0.230482 0.45495117
vn 0.8601729 -0.230482 0.45495117
vn 0.8601729 -0.230482 0.45495117
vn 0.8601729 -0.230482 0.45495117
vn 0.62969005 -0.6296892 0.4549527
vn 0.62969005 -0.6296892 0.4549527
vn 0.62969005 -0.6296892 0.4549527
vn 0.62969005 -0.6296892 0.4549527
vn 0.23048328 -0.86017174 0.45495275
vn 0.23048328 -0.86017174 0.45495275
vn 0.23048328 -0.86017174 0.45495275
vn 0.23048328 -0.86017174 0.45495275
vn -0.2304844 -0.8601754 0.45494536
vn -0.2304844 -0.8601754 0.45494536
vn -0.2304844 -0.8601754 0.45494536
vn -0.2304844 -0.8601754 0.45494536
vn -0.6296899 -0.62968934 0.45495278
vn -0.6296899 -0.62968934 0.45495278
vn -0.6296899 -0.62968934 0.45495278
vn -0.6296899 -0.62968934 0.45495278
vn -0.8601719 -0.23048219 0.4549531
vn -0.8601719 -0.23048219 0.4549531
vn -0.8601719 -0.23048219 0.4549531
vn -0.8601719 -0.23048219 0.4549531
vn -0.8601719 0.23048219 0.4549531
vn -0.8601719 0.23048219 0.4549531
vn -0.8601719 0.23048219 0.4549531
vn -0.8601719 0.23048219 0.4549531
vn -0.0 -1.7233371E-7 1.0
vn -0.0 -1.7233371E-7 1.0
vn -0.0 -1.7233371E-7 1.0
vn -0.0 -1.7233371E-7 1.0
vn -0.0 0.0 1.0
vn -0.0 0.0 1.0
vn 2.0086645E-7 0.0 1.0
vn 2.0086645E-7 0.0 1.0
vn -8.034865E-7 0.0 1.0
vn -8.034865E-7 0.0 1.0
vn 8.034813E-7 0.0 1.0
vn 8.034813E-7 0.0 1.0
vn 8.034813E-7 0.0 1.0
vn 8.034813E-7 0.0 1.0
vn -8.035175E-7 0.0 1.0
vn -8.035175E-7 0.0 1.0
vn -0.0 0.0 1.0
vn -0.0 0.0 1.0
vn -2.0087678E-7 0.0 1.0
vn -2.0087678E-7 0.0 1.0
vn -0.0 1.7233816E-7 1.0
vn -0.0 1.7233816E-7 1.0
vn -0.0 0.0 1.0
vn -0.0 0.0 1.0
vn 0.70710367 -0.7071098 0.0
vn 0.70710367 -0.7071098 0.0
vn 0.70710367 -0.7071098 0.0
vn 0.70710367 -0.7071098 0.0
vn 0.25881794 -0.9659261 0.0
vn 0.25881794 -0.9659261 0.0
vn 0.25881794 -0.9659261 0.0
vn 0.25881794 -0.9659261 0.0
vn -0.25881737 -0.96592623 0.0
vn -0.25881737 -0.96592623 0.0
vn -0.25881737 -0.96592623 0.0
vn -0.25881737 -0.96592623 0.0
vn -0.70710385 -0.7071097 0.0
vn -0.70710385 -0.7071097 0.0
vn -0.70710385 -0.7071097 0.0
vn -0.70710385 -0.7071097 0.0
vn -0.96592605 -0.25881815 0.0
vn -0.96592605 -0.25881815 0.0
vn -0.96592605 -0.25881815 0.0
vn -0.96592605 -0.25881815 0.0
vn -0.96592605 -0.25881815 0.0
vn -0.96592605 -0.25881815 0.0
vn -0.96592635 0.2588171 0.0
vn -0.96592635 0.2588171 0.0
vn -0.96592635 0.2588171 0.0
vn -0.96592635 0.2588171 0.0
vn -0.96592635 0.2588171 0.0
vn -0.96592635 0.2588171 0.0
vn -0.7071079 0.70710564 0.0
vn -0.7071079 0.70710564 0.0
vn -0.7071079 0.70710564 0.0
vn -0.7071079 0.70710564 0.0
vn -0.25882113 0.9659253 0.0
vn -0.25882113 0.9659253 0.0
vn -0.25882113 0.9659253 0.0
vn -0.25882113 0.9659253 0.0
vn 0.25882176 0.9659251 0.0
vn 0.25882176 0.9659251 0.0
vn 0.25882176 0.9659251 0.0
vn 0.25882176 0.9659251 0.0
vn 0.70710784 0.70710576 0.0
vn 0.70710784 0.70710576 0.0
vn 0.70710784 0.70710576 0.0
vn 0.70710784 0.70710576 0.0
vn 0.96592605 0.25881827 0.0
vn 0.96592605 0.25881827 0.0
vn 0.96592605 0.25881827 0.0
vn 0.96592605 0.25881827 0.0
vn 0.96592605 0.25881827 0.0
vn 0.96592605 0.25881827 0.0
vn 0.96592575 -0.25881928 0.0
vn 0.96592575 -0.25881928 0.0
vn 0.96592575 -0.25881928 0.0
vn 0.96592575 -0.25881928 0.0
vn 0.96592575 -0.25881928 0.0
vn 0.96592575 -0.25881928 0.0
vn -0.233933 0.34435079 0.9092293
vn -0.41901493 0.114141606 0.90077645
vn -0.25335714 0.33959982 0.90580463
vn -0.36743563 0.047779392 0.92882085
vn -0.37400433 0.037175093 0.9266816
vn -0.3767873 0.032511998 0.9257291
vn -0.38194433 0.22903344 0.89535594
vn -0.38255438 0.025098557 0.923592
vn -0.28913715 0.3459044 0.89260846
vn -0.4761016 0.0020954097 0.8793878
vn -0.13214365 0.32427776 0.9366867
vn -0.5088815 0.0030920387 0.860831
vn 3.8109365E-4 0.18709719 0.9823413
vn -0.56024295 0.36411858 0.7440064
vn -0.46772772 0.2727271 0.8407441
vn -0.32043734 0.6228827 0.7136785
vn -0.013550135 0.8623583 0.50611717
vn -0.23060086 0.8562277 0.46227416
vn -0.56580925 0.53870857 0.62422174
vn -0.29513928 0.7356106 0.60972935
vn -0.52619946 0.4366706 0.72967994
vn 0.4105674 0.7256187 0.5521882
vn 0.72223383 0.36736855 0.5860194
vn 0.51771635 0.7094632 0.47815457
vn 0.083287485 0.8079192 0.5833779
vn 0.687458 0.37037385 0.6246798
vn -0.7162878 0.11157335 0.6888274
vn -0.62166697 0.19548209 0.7584965
vn -0.548783 0.3230619 0.7710176
vn -0.68408376 0.18426019 0.7057462
vn -0.37119904 0.11867828 0.92093796
vn -0.025247084 0.32914725 0.94394106
vn -0.048041392 0.53230923 0.8451857
vn -0.10487347 0.3248645 0.939928
vn -0.5790498 -0.14111777 0.8029864
vn -0.68794197 0.12632284 0.7146875
vn -0.6066954 -0.37583783 0.700476
vn -0.73367804 0.058078486 0.67701066
vn -0.6365412 -0.6019493 0.48215383
vn -0.58393186 0.43824443 0.68334866
vn -0.6664108 -0.048755012 0.743989
vn -0.659876 -0.5361311 0.5264285
vn -0.33164 0.31650114 0.8887305
vn -0.14928612 0.7359 0.6604278
vn -0.15074334 0.72264326 0.6745836
vn -0.4610929 0.44282776 0.7689583
vn -0.0016466964 0.35672703 0.9342072
vn -0.2731915 -0.093345046 0.95742005
vn 0.54719007 0.38542438 0.742988
vn 0.13171715 0.08227138 0.9878674
vn 0.1406332 0.12742294 0.98182774
vn -0.15288554 0.19426404 0.9689621
vn -0.42346716 0.23522283 0.87484044
vn -0.49477187 0.01681631 0.8688602
vn 0.55068475 -0.080182336 0.8308532
vn 0.02654037 -0.60550535 0.7953986
vn -0.13428977 -0.67478484 0.72569394
vn 0.55068475 -0.080182336 0.8308532
vn -0.49952358 -0.07163228 0.8633337
vn -0.64014643 -0.42896986 0.63733613
vn -0.686449 -0.021315025 0.7268655
vn -0.6384245 -0.4816871 0.6003264
vn -0.0019587679 -0.7559754 0.6545971
vn 0.6742069 -0.2682787 0.68809277
vn -0.0019587679 -0.7559754 0.6545971
vn -0.032623388 -0.1858885 0.98202914
vn -0.027709424 0.2985187 0.9540015
vn -0.38301912 0.26757705 0.8841374
vn -0.43938288 0.21144181 0.8730607
vn -0.5051722 -0.11053426 0.8559108
vn 0.02654037 -0.60550535 0.7953986
vn -0.32341868 0.10525914 0.9403834
vn -0.45771986 -0.2870581 0.8414809
vn -0.14825502 0.44617227 0.8825819
vn -0.14898793 0.45658413 0.8771166
vn -0.332697 0.44008756 0.8340478
vn -0.6661713 0.24685727 0.70375943
vn -0.5211928 0.5150978 0.68046486
vn -0.7664196 0.29129487 0.57249314
vn -0.54298663 0.62388176 0.5620828
vn -0.75178957 -0.051022075 0.6574262
vn -0.76031154 -0.06365744 0.6464318
vn -0.7662077 -0.07245825 0.63849473
vn -0.86826736 -0.09061014 0.4877515
vn -0.8674223 -0.098813385 0.48766223
vn 0.35742512 0.79193926 0.49505508
vn 0.70151466 0.48211622 0.52482474
vn 0.292747 0.7791091 0.55433583
vn 0.12680046 0.34710315 0.9292153
vn 0.6932666 -0.29161233 0.65904754
vn 0.12680046 0.34710315 0.9292153
vn -0.34200543 0.2827321 0.8961556
vn -0.51165277 -0.17509642 0.84116155
vn -0.010522626 -0.23930818 0.9708866
vn -0.57324684 -0.3886787 0.7213299
vn -0.659876 -0.5361311 0.5264285
vn -0.031206178 -0.7758018 0.63020456
vn 0.6932666 -0.29161233 0.65904754
vn -0.010522626 -0.23930818 0.9708866
vn 0.02654037 -0.60550535 0.7953986
vn 0.6932666 -0.29161233 0.65904754
vn 0.02654037 -0.60550535 0.7953986
vn -0.08404215 0.5966977 0.7980531
vn -0.8430487 0.5378373 0.0
vn -0.8430487 0.5378373 0.0
vn -0.8430487 0.5378373 0.0
vn -0.8430487 0.5378373 0.0
vn -0.9858759 -0.16747779 0.0
vn -0.9858759 -0.16747779 0.0
vn -0.9858759 -0.16747779 0.0
vn -0.9858759 -0.16747779 0.0
vn -0.98922795 -0.1463832 0.0
vn -0.98922795 -0.1463832 0.0
vn -0.72419316 0.6494248 0.23193043
vn -0.72419316 0.6494248 0.23193043
vn -0.72419316 0.6494248 0.23193043
vn -0.72419316 0.6494248 0.23193043
vn -0.9705567 -0.14422242 0.19292405
vn -0.9705567 -0.14422242 0.19292405
vn -0.9705567 -0.14422242 0.19292405
vn -0.9705567 -0.14422242 0.19292405
vn -0.97235763 -0.12816158 0.19518003
vn -0.97235763 -0.12816158 0.19518003
vn -0.49321803 0.13839237 0.8588269
vn -0.27469864 -0.1632576 0.9475693
vn -0.42492345 0.18634638 0.8858415
vn -0.23951456 -0.059171755 0.96908796
vn -0.35993385 -0.25383022 0.89778495
vn -0.3632582 0.2128103 0.90705854
vn -0.39631099 -0.20410736 0.8951412
vn -0.36441174 0.22218005 0.9043451
vn -0.40174204 -0.19147664 0.89551103
vn -0.33702758 0.34639862 0.8754544
vn -0.4517431 -0.18227136 0.87333006
vn -0.2870162 0.41618696 0.8627921
vn -0.5308561 -0.115231566 0.8395913
vn -0.19285458 0.40506572 0.89371634
vn -0.6017484 -0.03315179 0.79799736
vn -0.11468958 0.35248744 0.928762
vn -0.61791384 -0.07979797 0.78218585
vn -0.26610073 0.05782462 0.9622093
vn -0.52365816 0.45043865 0.7231094
vn -0.6426153 0.27371398 0.71563
vn -0.09711372 0.9034279 0.41759667
vn -0.2549307 0.762899 0.5941342
vn 0.029367942 0.9113447 0.41059512
vn -0.071605444 0.9230243 0.37801948
vn 0.54787767 0.61996496 0.56167024
vn 0.30086437 0.8302631 0.4691949
vn 0.1103631 0.9236141 0.36709267
vn -0.09711372 0.9034279 0.41759667
vn 0.110093504 0.85259485 0.5108439
vn 0.39234444 0.75223297 0.52935
vn 0.60958934 0.5235913 0.59519166
vn 0.34014928 0.1584665 0.92692333
vn 0.4720926 0.07905844 0.8779968
vn 0.17446758 0.34883258 0.92080235
vn 0.07239141 0.4014044 0.9130356
vn 0.08337253 0.8575757 0.50755584
vn 0.062234912 0.9961336 0.0620046
vn -0.056343514 0.9238549 0.37857306
vn -0.24127091 0.32880107 0.9130598
vn -0.044770163 0.27763265 0.95964354
vn 0.11615535 0.26446488 0.9573747
vn 0.17348045 0.18862416 0.9666051
vn 0.1790096 -0.050170213 0.9825673
vn -0.011476392 -0.22523668 0.9742365
vn -0.37325236 -0.14529178 0.9162822
vn -0.5775007 -0.069079414 0.8134623
vn -0.74148315 -0.1768146 0.6472552
vn -0.7238317 -0.18106389 0.6657954
vn -0.601708 -0.31509784 0.7339352
vn -0.46397996 -0.4125153 0.7839348
vn -0.4029254 -0.2607456 0.8773043
vn -0.39462465 -0.13014953 0.9095782
vn -0.779357 8.7243956E-5 0.6265802
vn 0.07392917 -0.19657385 0.9776979
vn -0.29863438 0.1080721 0.94822884
vn -0.48183605 -0.15481149 0.8624775
vn -4.711475E-4 -0.4342842 0.90077573
vn 0.09717143 -0.31939712 0.9426257
vn -0.6566335 -0.5660656 0.49839965
vn -0.07491672 -0.8153481 0.5741037
vn -0.6699915 -0.5635975 0.48318666
vn -0.08467033 -0.89282405 0.4423756
vn 0.50029397 -0.66626686 0.55298686
vn 0.42707613 -0.6811456 0.59468204
vn 0.70793337 -0.47931156 0.51873964
vn 0.24622385 -0.18672729 0.9510556
vn 0.6689777 -0.4661647 0.5789295
vn -0.2707924 -0.23114209 0.93447566
vn 0.0065355306 -0.05655183 0.9983783
vn -0.87127626 -0.23870079 0.4288351
vn -0.8890218 -0.2683678 0.37097034
vn -0.59226805 0.042245515 0.8046328
vn -0.706788 0.0055225524 0.7074038
vn -0.7042824 0.04772032 0.70831424
vn -0.43586352 0.6100807 0.66168314
vn -0.7187401 0.053593643 0.69321024
vn -0.42221156 0.3121274 0.85106635
vn -0.5729277 0.52489084 0.6294787
vn -0.6751359 0.31877118 0.6652642
vn -0.4373905 0.67474884 0.59447753
vn -0.21414766 0.53072125 0.8200462
vn -0.026969677 0.76746637 0.64052165
vn -0.37226406 0.63443583 0.67742956
vn -0.3239765 0.77496773 0.54264563
vn -0.639299 0.64995813 0.4109152
vn -0.6335944 0.7106964 0.30572665
vn -0.25979498 0.88818705 0.378986
vn 0.16053703 0.90813035 0.38668728
vn -0.12878253 0.8986118 0.4194186
vn -0.09717658 -0.16108464 0.9821448
vn -0.15795597 -0.34848124 0.92391056
vn -0.3169841 -0.37167558 0.87257
vn -0.39631099 -0.20410736 0.8951412
vn -0.3169841 -0.37167558 0.87257
vn -0.39462465 -0.13014953 0.9095782
vn -0.40174204 -0.19147664 0.89551103
vn -0.09711372 0.9034279 0.41759667
vn 0.062234912 0.9961336 0.0620046
vn -0.28194246 0.9252925 0.25365788
vn 0.062234912 0.9961336 0.0620046
vn 0.08337253 0.8575757 0.50755584
vn -0.28194246 0.9252925 0.25365788
vn -0.24984686 0.9553797 0.15756303
vn -0.67217916 0.6470532 0.3598576
vn -0.69391155 0.6659978 0.27374002
vn -0.81857747 0.4930705 0.29463947
vn -0.7903381 0.44176537 0.42451033
vn -0.61188805 0.5875773 0.5294772
vn -0.28194246 0.9252925 0.25365788
vn -0.7161367 0.35024357 0.6037199
vn -0.09711372 0.9034279 0.41759667
vn -0.28194246 0.9252925 0.25365788
vn -0.2549307 0.762899 0.5941342
vn -0.023632674 -0.00922911 0.99967813
vn -0.043136787 0.07050776 0.9965781
vn -0.029136127 0.1065125 0.9938844
vn 0.17376478 0.028178329 0.98438394
vn -0.79489964 0.109948196 0.59669584
vn -0.79489964 0.109948196 0.59669584
vn -0.79489964 0.109948196 0.59669584
vn -0.79489964 0.109948196 0.59669584
vn -0.72628605 -0.52377504 0.44516087
vn -0.72628605 -0.52377504 0.44516087
vn -0.72628605 -0.52377504 0.44516087
vn -0.4624865 -0.5797128 0.6708497
vn -0.4624865 -0.5797128 0.6708497
vn -0.4624865 -0.5797128 0.6708497
vn -0.4624865 -0.5797128 0.6708497
vn -0.59988993 -0.5886313 0.5418904
vn -0.59988993 -0.5886313 0.5418904
vn -0.59988993 -0.5886313 0.5418904
vn -0.56396353 -0.60137105 0.56594884
vn -0.68513906 -0.062458668 0.7257296
vn -0.68513906 -0.062458668 0.7257296
vn -0.68513906 -0.062458668 0.7257296
vn -0.68513906 -0.062458668 0.7257296
vn -0.26112646 0.1877127 0.9468774
vn -0.26112646 0.1877127 0.9468774
vn -0.26112646 0.1877127 0.9468774
vn -0.26112646 0.1877127 0.9468774
vn -0.82210886 -0.56487405 0.0710938
vn -0.82210886 -0.56487405 0.0710938
vn -0.82210886 -0.56487405 0.0710938
vn -0.82210886 -0.56487405 0.0710938
vn -0.9999115 -0.013304052 3.9725353E-5
vn -0.9999115 -0.013304052 3.9725353E-5
vn -0.9999115 -0.013304052 3.9725353E-5
vn -0.9999115 -0.013304052 3.9725353E-5
vn -0.37179682 -0.922476 0.10394783
vn -0.37179682 -0.922476 0.10394783
vn -0.37179682 -0.922476 0.10394783
vn -0.37179682 -0.922476 0.10394783
vn -0.6641702 -0.7424268 0.08763756
vn -0.6641702 -0.7424268 0.08763756
vn -0.6641702 -0.7424268 0.08763756
vn -0.6641702 -0.7424268 0.08763756
vn -0.914658 -0.39111224 0.10213703
vn -0.914658 -0.39111224 0.10213703
vn -0.914658 -0.39111224 0.10213703
vn -0.9215426 -0.36390764 0.13539033
vn -0.9215426 -0.36390764 0.13539033
vn -0.86805636 -0.48754305 0.09370112
vn -0.86805636 -0.48754305 0.09370112
vn -0.86805636 -0.48754305 0.09370112
vn -0.74560434 -0.65121204 0.14141116
vn -0.74560434 -0.65121204 0.14141116
vn -0.74560434 -0.65121204 0.14141116
vn -0.6063549 -0.79284185 0.06111875
vn -0.6063549 -0.79284185 0.06111875
vn -0.6063549 -0.79284185 0.06111875
vn -0.6063549 -0.79284185 0.06111875
vn -0.266895 -0.96009856 0.08353321
vn -0.266895 -0.96009856 0.08353321
vn -0.266895 -0.96009856 0.08353321
vn -0.266895 -0.96009856 0.08353321
vn -0.16915335 -0.98233896 0.07998381
vn -0.16915335 -0.98233896 0.07998381
vn -0.16915335 -0.98233896 0.07998381
vn -0.16915335 -0.98233896 0.07998381
vn -0.13091764 -0.988565 0.074831516
vn -0.13091764 -0.988565 0.074831516
vn -0.12210284 -0.9898631 0.072538905
vn -0.12210284 -0.9898631 0.072538905
vn -0.12517832 -0.98943204 0.07317591
vn -0.11657847 -0.99074763 0.069487765
vn -0.11657847 -0.99074763 0.069487765
vn -0.11665649 -0.99073046 0.06960132
vn -0.11665649 -0.99073046 0.06960132
vn 0.017153954 -0.8067124 0.59069526
vn 0.017153954 -0.8067124 0.59069526
vn 0.017153954 -0.8067124 0.59069526
vn 0.017153954 -0.8067124 0.59069526
vn -0.37561658 -0.54496413 0.7496174
vn -0.37115785 -0.577533 0.72711587
vn -0.37115785 -0.577533 0.72711587
vn -0.37561658 -0.54496413 0.7496174
vn -0.36611018 -0.6091852 0.70346045
vn -0.36611018 -0.6091852 0.70346045
vn 0.4071048 -0.9088381 0.09098875
vn 0.4071048 -0.9088381 0.09098875
vn 0.4071048 -0.9088381 0.09098875
vn 0.4071048 -0.9088381 0.09098875
vn 0.3147822 -0.72364986 0.61420107
vn 0.3147822 -0.72364986 0.61420107
vn 0.3147822 -0.72364986 0.61420107
vn 0.4129426 -0.4894878 0.7680365
vn 0.4129426 -0.4894878 0.7680365
vn 0.4129426 -0.4894878 0.7680365
vn 0.4129426 -0.4894878 0.7680365
vn 0.43644133 -0.21345447 0.87404585
vn 0.43644133 -0.21345447 0.87404585
vn 0.43644133 -0.21345447 0.87404585
vn 0.43644133 -0.21345447 0.87404585
vn 0.44540498 0.025345875 0.8949704
vn 0.44540498 0.025345875 0.8949704
vn 0.44540498 0.025345875 0.8949704
vn 0.44540498 0.025345875 0.8949704
vn 0.4418007 0.25835305 0.85910755
vn 0.4418007 0.25835305 0.85910755
vn 0.4418007 0.25835305 0.85910755
vn 0.4418007 0.25835305 0.85910755
vn 0.42755458 -0.254063 0.8675535
vn 0.42755458 -0.254063 0.8675535
vn 0.42755458 -0.254063 0.8675535
vn 0.42755458 -0.254063 0.8675535
vn 0.33372572 -0.37560675 0.8646078
vn 0.33372572 -0.37560675 0.8646078
vn 0.33372572 -0.37560675 0.8646078
vn 0.33372572 -0.37560675 0.8646078
vn 0.62761384 0.18555328 0.7560891
vn 0.62761384 0.18555328 0.7560891
vn 0.62761384 0.18555328 0.7560891
vn -0.04202088 0.64560676 0.76251304
vn -0.04202088 0.64560676 0.76251304
vn -0.04202088 0.64560676 0.76251304
vn -0.04202088 0.64560676 0.76251304
vn -0.18221225 0.64492863 0.74220324
vn -0.18221225 0.64492863 0.74220324
vn -0.18221225 0.64492863 0.74220324
vn -0.18221225 0.64492863 0.74220324
vn -0.48857003 0.1704081 0.8557221
vn -0.48857003 0.1704081 0.8557221
vn -0.48857003 0.1704081 0.8557221
vn -0.48857003 0.1704081 0.8557221
vn 0.94047695 0.30002338 0.15965265
vn 0.94047695 0.30002338 0.15965265
vn 0.94047695 0.30002338 0.15965265
vn 0.94047695 0.30002338 0.15965265
vn 0.34642908 0.9301437 0.12173551
vn 0.34642908 0.9301437 0.12173551
vn 0.34642908 0.9301437 0.12173551
vn 0.34642908 0.9301437 0.12173551
vn 0.34721395 0.9285287 0.13144162
vn 0.3426088 0.93083775 0.12712318
vn 0.3426088 0.93083775 0.12712318
vn 0.34221244 0.93138725 0.12413073
vn 0.34221244 0.93138725 0.12413073
vn -0.27990314 0.69688123 0.6603111
vn -0.27990314 0.69688123 0.6603111
vn -0.27990314 0.69688123 0.6603111
vn -0.27990314 0.69688123 0.6603111
vn -0.44996038 0.74599886 0.49093932
vn -0.44996038 0.74599886 0.49093932
vn -0.44996038 0.74599886 0.49093932
vn -0.35705733 0.89677435 0.26135373
vn -0.35705733 0.89677435 0.26135373
vn -0.35705733 0.89677435 0.26135373
vn -0.35705733 0.89677435 0.26135373
vn -0.6040502 0.24671091 0.75779754
vn -0.6040502 0.24671091 0.75779754
vn -0.6040502 0.24671091 0.75779754
vn -0.6040502 0.24671091 0.75779754
vn -0.1467617 0.67527413 0.72281796
vn -0.1467617 0.67527413 0.72281796
vn -0.1467617 0.67527413 0.72281796
vn -0.1467617 0.67527413 0.72281796
vn 0.27058753 0.91720426 0.2924357
vn 0.27058753 0.91720426 0.2924357
vn 0.27058753 0.91720426 0.2924357
vn 0.27058753 0.91720426 0.2924357
vn 0.268494 0.917563 0.29323906
vn 0.267834 0.91767955 0.29347768
vn 0.27525896 0.9169493 0.28885385
vn 0.27525896 0.9169493 0.28885385
vn -0.059824273 0.6460573 0.7609409
vn -0.059824273 0.6460573 0.7609409
vn -0.059824273 0.6460573 0.7609409
vn -0.059824273 0.6460573 0.7609409
vn -0.21271819 0.70494765 0.67660904
vn -0.21271819 0.70494765 0.67660904
vn -0.21271819 0.70494765 0.67660904
vn -0.21271819 0.70494765 0.67660904
vn -0.2493594 0.77021706 0.587014
vn -0.2493594 0.77021706 0.587014
vn -0.2493594 0.77021706 0.587014
vn -0.2493594 0.77021706 0.587014
vn -0.19656476 0.7357803 0.6480661
vn -0.19656476 0.7357803 0.6480661
vn -0.19656476 0.7357803 0.6480661
vn -0.19656476 0.7357803 0.6480661
vn -0.059380934 0.62894183 0.7751813
vn -0.059380934 0.62894183 0.7751813
vn -0.059380934 0.62894183 0.7751813
vn -0.059380934 0.62894183 0.7751813
vn 0.1103044 0.34785187 0.93103814
vn 0.1103044 0.34785187 0.93103814
vn 0.1103044 0.34785187 0.93103814
vn 0.1103044 0.34785187 0.93103814
vn 0.12872264 0.48470592 0.86515355
vn 0.12872264 0.48470592 0.86515355
vn 0.12872264 0.48470592 0.86515355
vn 0.12872264 0.48470592 0.86515355
vn 0.33351454 0.41745347 0.8452814
vn 0.33351454 0.41745347 0.8452814
vn 0.33351454 0.41745347 0.8452814
vn 0.33351454 0.41745347 0.8452814
vn -0.36610305 0.077222794 0.92736465
vn -0.36610305 0.077222794 0.92736465
vn -0.36610305 0.077222794 0.92736465
vn -0.36610305 0.077222794 0.92736465
vn -0.3671899 0.068115026 0.9276486
vn -0.40951914 0.07800033 0.90896094
vn -0.40951914 0.07800033 0.90896094
vn -0.38596666 0.044112436 0.92145747
vn -0.37550628 0.031530194 0.92628336
vn -0.37550628 0.031530194 0.92628336
vn -0.37320572 0.02718796 0.92735016
vn -0.37227088 0.022714317 0.92784613
vn -0.36807665 0.004813218 0.929783
vn -0.36807665 0.004813218 0.929783
vn -0.022668531 -0.19625312 0.98029125
vn -0.022668531 -0.19625312 0.98029125
vn -0.022668531 -0.19625312 0.98029125
vn -0.022668531 -0.19625312 0.98029125
vn -0.24247408 -0.08916242 0.966052
vn -0.24247408 -0.08916242 0.966052
vn -0.24247408 -0.08916242 0.966052
vn -0.24247408 -0.08916242 0.966052
vn 0.16786602 -0.35191593 0.92085624
vn 0.16786602 -0.35191593 0.92085624
vn 0.16786602 -0.35191593 0.92085624
vn 0.17421125 -0.3267399 0.9289195
vn 0.17421125 -0.3267399 0.9289195
vn 0.8188187 -0.56730783 0.08773666
vn 0.8188187 -0.56730783 0.08773666
vn 0.8188187 -0.56730783 0.08773666
vn 0.8188187 -0.56730783 0.08773666
vn 0.90529615 -0.41275698 0.10035237
vn 0.90529615 -0.41275698 0.10035237
vn 0.90529615 -0.41275698 0.10035237
vn 0.90529615 -0.41275698 0.10035237
vn 0.99479073 -0.010624631 0.10138306
vn 0.99479073 -0.010624631 0.10138306
vn 0.99479073 -0.010624631 0.10138306
vn 0.99479073 -0.010624631 0.10138306
vn 0.96275556 0.25368616 0.09351517
vn 0.96275556 0.25368616 0.09351517
vn 0.96275556 0.25368616 0.09351517
vn 0.96275556 0.25368616 0.09351517
vn 0.96973246 -0.21786231 0.11024935
vn 0.96973246 -0.21786231 0.11024935
vn 0.96973246 -0.21786231 0.11024935
vn 0.96973246 -0.21786231 0.11024935
vn 0.82449186 -0.55885106 0.08887406
vn 0.82449186 -0.55885106 0.08887406
vn 0.82449186 -0.55885106 0.08887406
vn 0.82449186 -0.55885106 0.08887406
vn -0.85482675 0.27774602 0.43832463
vn -0.6870813 0.4991921 0.5279457
vn -0.8077138 0.26243863 0.52794355
vn -0.72715765 0.52831036 0.43832627
vn -0.4991953 0.68709034 0.5279309
vn -0.52830756 0.72715724 0.43833035
vn -0.26244485 0.8077228 0.5279266
vn -0.2777468 0.85482156 0.43833414
vn 3.4383285E-7 0.84928304 0.5279378
vn 2.935021E-7 0.89881265 0.43833306
vn 0.26244363 0.80771947 0.52793235
vn 0.27774748 0.85482186 0.43833306
vn 0.4991929 0.68708384 0.5279415
vn 0.5283108 0.7271555 0.4383295
vn 0.68707323 0.49918723 0.52796054
vn 0.72715914 0.5283107 0.43832344
vn 0.8077072 0.26243842 0.5279538
vn 0.85482585 0.27774957 0.438324
vn 0.8492805 -3.929524E-7 0.5279419
vn 0.89881575 -2.8597657E-7 0.43832675
vn 0.80770916 -0.2624391 0.5279505
vn 0.8548253 -0.27774918 0.43832532
vn 0.68707246 -0.49918506 0.52796376
vn 0.72715944 -0.52830964 0.43832418
vn 0.49918815 -0.6870762 0.5279559
vn 0.5283107 -0.7271576 0.4383259
vn 0.26244056 -0.80771184 0.5279456
vn 0.27774864 -0.85482484 0.43832645
vn 4.0806603E-7 -0.8492784 0.5279453
vn 2.1824528E-7 -0.8988159 0.43832642
vn -0.26244178 -0.8077155 0.5279395
vn -0.27774787 -0.8548246 0.4383275
vn -0.4991932 -0.6870792 0.52794725
vn -0.5283114 -0.7271555 0.43832856
vn -0.68708014 -0.49919024 0.52794886
vn -0.72715795 -0.5283093 0.43832704
vn -0.80771434 -0.2624437 0.5279402
vn -0.85482424 -0.27775073 0.43832645
vn -0.8492805 -3.9106314E-7 0.5279419
vn -0.89881617 -2.784508E-7 0.43832582
vn -0.75226575 0.244423 0.61184436
vn -0.6399145 0.4649225 0.61184675
vn -0.46493378 0.639936 0.61181587
vn -0.24443631 0.75229394 0.61180454
vn 3.904589E-7 0.790992 0.6118265
vn -0.7909814 -4.9933647E-7 0.6118401
vn -0.7522703 -0.24442878 0.6118366
vn 0.24443273 0.75228554 0.61181617
vn 0.4649245 0.63992304 0.6118364
vn 0.63989437 0.46491036 0.61187714
vn 0.7522514 0.2444184 0.611864
vn 0.79098195 -4.9558224E-7 0.6118395
vn 0.7522567 -0.24442038 0.6118566
vn 0.6398919 -0.46490678 0.6118823
vn 0.46491298 -0.6399029 0.6118662
vn 0.24442422 -0.75226367 0.61184645
vn 5.931965E-7 -0.7909769 0.611846
vn -0.24442784 -0.7522724 0.6118343
vn -0.46492365 -0.6399127 0.61184776
vn -0.6399116 -0.46491948 0.61185217
vn -0.0 0.0 1.0
vn -0.0 0.0 1.0
vn -0.0 0.0 1.0
vn -0.0 0.0 1.0
vn -0.0 0.0 1.0
vn -0.0 0.0 1.0
vn -0.0 0.0 1.0
vn -0.0 0.0 1.0
vn -0.0 0.0 1.0
vn -0.0 0.0 1.0
vn -0.0 0.0 1.0
vn -0.0 0.0 1.0
vn -0.0 0.0 1.0
vn -0.0 0.0 1.0
vn -0.0 0.0 1.0
vn -0.0 0.0 1.0
vn -0.0 0.0 1.0
vn -0.0 0.0 1.0
vn -0.0 0.0 1.0
vn -0.0 0.0 1.0
vn -0.0 0.0 1.0
vn -0.0 0.0 1.0
vn -0.0 0.0 1.0
vn -0.0 0.0 1.0
vn -0.0 0.0 1.0
vn -0.0 0.0 1.0
vn -0.0 0.0 1.0
vn -0.0 0.0 1.0
vn -0.0 0.0 1.0
vn -0.0 0.0 1.0
vn -0.0 0.0 1.0
vn -0.0 0.0 1.0
vn -0.0 0.0 1.0
vn -0.0 0.0 1.0
vn -0.0 0.0 1.0
vn -0.0 0.0 1.0
vn -0.0 0.0 1.0
vn -2.2332833E-7 0.0 1.0
vn -2.2332833E-7 0.0 1.0
vn -1.6749476E-7 0.0 1.0
vn -1.6749476E-7 0.0 1.0
vn -0.0 0.0 1.0
vn -0.0 0.0 1.0
vn -0.0 0.0 1.0
vn -0.0 0.0 1.0
vn -0.0 0.0 1.0
vn -0.0 0.0 1.0
vn -0.0 0.0 1.0
vn -0.0 0.0 1.0
vn -0.0 0.0 1.0
vn -0.0 0.0 1.0
vn -0.0 0.0 1.0
vn -0.0 0.0 1.0
vn -0.0 0.0 1.0
vn -0.0 0.0 1.0
vn -0.0 1.1676765E-7 1.0
vn -0.0 1.1676765E-7 1.0
vn -0.0 0.0 1.0
vn -0.0 0.0 1.0
vn -0.0 0.0 1.0
vn -0.0 0.0 1.0
vn 0.89100677 -0.45398995 0.0
vn 0.89100677 -0.45398995 0.0
vn 0.89100677 -0.45398995 0.0
vn 0.89100677 -0.45398995 0.0
vn 0.7071058 -0.7071078 0.0
vn 0.7071058 -0.7071078 0.0
vn 0.7071058 -0.7071078 0.0
vn 0.7071058 -0.7071078 0.0
vn 0.45399183 -0.8910059 0.0
vn 0.45399183 -0.8910059 0.0
vn 0.45399183 -0.8910059 0.0
vn 0.45399183 -0.8910059 0.0
vn 0.15642895 -0.98768926 0.0
vn 0.15642895 -0.98768926 0.0
vn 0.15642895 -0.98768926 0.0
vn 0.15642895 -0.98768926 0.0
vn -0.15642834 -0.9876893 0.0
vn -0.15642834 -0.9876893 0.0
vn -0.15642834 -0.9876893 0.0
vn -0.15642834 -0.9876893 0.0
vn -0.45399183 -0.8910059 0.0
vn -0.45399183 -0.8910059 0.0
vn -0.45399183 -0.8910059 0.0
vn -0.45399183 -0.8910059 0.0
vn -0.70711184 -0.70710176 0.0
vn -0.70711184 -0.70710176 0.0
vn -0.70711184 -0.70710176 0.0
vn -0.70711184 -0.70710176 0.0
vn -0.8910052 -0.45399314 0.0
vn -0.8910052 -0.45399314 0.0
vn -0.8910052 -0.45399314 0.0
vn -0.8910052 -0.45399314 0.0
vn -0.9876881 -0.15643567 0.0
vn -0.9876881 -0.15643567 0.0
vn -0.9876881 -0.15643567 0.0
vn -0.9876881 -0.15643567 0.0
vn -0.9876881 -0.15643567 0.0
vn -0.9876881 -0.15643567 0.0
vn -0.98768795 0.15643671 0.0
vn -0.98768795 0.15643671 0.0
vn -0.98768795 0.15643671 0.0
vn -0.98768795 0.15643671 0.0
vn -0.98768795 0.15643671 0.0
vn -0.98768795 0.15643671 0.0
vn -0.89100367 0.4539961 0.0
vn -0.89100367 0.4539961 0.0
vn -0.89100367 0.4539961 0.0
vn -0.89100367 0.4539961 0.0
vn -0.7071141 0.7070995 0.0
vn -0.7071141 0.7070995 0.0
vn -0.7071141 0.7070995 0.0
vn -0.7071141 0.7070995 0.0
vn -0.45399043 0.8910065 0.0
vn -0.45399043 0.8910065 0.0
vn -0.45399043 0.8910065 0.0
vn -0.45399043 0.8910065 0.0
vn -0.15644026 0.9876874 0.0
vn -0.15644026 0.9876874 0.0
vn -0.15644026 0.9876874 0.0
vn -0.15644026 0.9876874 0.0
vn 0.15643963 0.9876875 0.0
vn 0.15643963 0.9876875 0.0
vn 0.15643963 0.9876875 0.0
vn 0.15643963 0.9876875 0.0
vn 0.45399204 0.89100575 0.0
vn 0.45399204 0.89100575 0.0
vn 0.45399204 0.89100575 0.0
vn 0.45399204 0.89100575 0.0
vn 0.7071098 0.7071038 0.0
vn 0.7071098 0.7071038 0.0
vn 0.7071098 0.7071038 0.0
vn 0.7071098 0.7071038 0.0
vn 0.8910036 0.4539963 0.0
vn 0.8910036 0.4539963 0.0
vn 0.8910036 0.4539963 0.0
vn 0.8910036 0.4539963 0.0
vn 0.9876886 0.1564329 0.0
vn 0.9876886 0.1564329 0.0
vn 0.9876886 0.1564329 0.0
vn 0.9876886 0.1564329 0.0
vn 0.9876886 0.1564329 0.0
vn 0.9876886 0.1564329 0.0
vn 0.9876889 -0.15643111 0.0
vn 0.9876889 -0.15643111 0.0
vn 0.9876889 -0.15643111 0.0
vn 0.9876889 -0.15643111 0.0
vn 0.9876889 -0.15643111 0.0
vn 0.9876889 -0.15643111 0.0
vn -0.21472168 0.27725074 0.936497
vn -0.7222672 0.055193875 0.68940824
vn -0.4901983 0.20576352 0.8469752
vn -0.07679063 0.2548663 0.9639224
vn -0.7305467 0.27277493 0.6260155
vn -0.034309875 0.098326646 0.99456257
vn -0.54253626 0.47911918 0.6899994
vn -0.18733859 -0.08453236 0.9786514
vn -0.27542633 0.57036394 0.77383804
vn -0.38476008 -0.14073806 0.91222394
vn -0.2557856 0.4986679 0.82819325
vn -0.5105921 -0.072859704 0.85673046
vn -0.5833762 0.30163112 0.7541159
vn -0.75811106 -0.2947188 0.5817289
vn -0.8462436 0.20661949 0.49110094
vn -0.8254468 -0.55341136 0.111236006
vn -0.9245531 0.18920131 0.33076346
vn -0.79347867 -0.60576254 -0.058680058
vn -0.9422308 0.16782835 0.2898875
vn -0.84073514 -0.5397859 -0.042374395
vn -0.9261104 0.07807713 0.36908475
vn -0.86183095 -0.5013636 -0.07669446
vn -0.8762893 -0.069280095 0.47677797
vn -0.90372944 -0.42071733 -0.07918327
vn -0.8707215 0.18187888 0.45690706
vn -0.99367195 0.11068347 0.01910898
vn -0.4904994 -0.83217186 0.25865108
vn -0.24717566 -0.9309447 0.26878646
vn 0.3727668 -0.82117575 0.43210572
vn 0.80279195 -0.22367038 0.5527175
vn 0.7090616 0.30681416 0.6348989
vn 0.5611703 0.62617624 0.5412865
vn 0.15639217 0.72849697 0.6669585
vn -0.15998636 0.39922312 0.90278745
vn -0.73840404 0.32977813 0.5882226
vn -0.9765814 -0.1879337 0.10473635
vn -0.95575106 0.26054814 0.1365818
vn -0.62527114 0.7100073 0.3239223
vn -0.114313774 0.8873023 0.4467963
vn 0.06632626 0.852236 0.5189361
vn -0.09239921 0.8048758 0.5862059
vn -0.21270831 0.8284775 0.51805425
vn -0.28961834 0.8414868 0.45609343
vn -0.33032677 0.83477604 0.440492
vn -0.14902544 0.79842603 0.5833586
vn 0.20607978 0.56538415 0.79866886
vn -0.06397307 0.91955334 0.38772303
vn -0.5910774 0.74325293 0.313373
vn 0.17151822 0.9077959 0.38273767
vn 0.17278947 0.90759826 0.38263455
vn 0.14844003 0.9112447 0.38418573
vn 0.09233524 0.9175109 0.38684356
vn 0.059681073 0.9197972 0.38782895
vn 0.45853788 0.818862 0.34526506
vn 0.20607978 0.56538415 0.79866886
vn 0.8475096 0.48908883 0.20620266
vn -0.41905302 0.69397634 0.5854839
vn 0.20607978 0.56538415 0.79866886
vn -0.41905302 0.69397634 0.5854839
vn 0.20607978 0.56538415 0.79866886
vn -0.41905302 0.69397634 0.5854839
vn -0.8074353 0.56791526 0.15975128
vn -0.93159956 0.35964364 0.05271306
vn -0.9926422 -0.06715842 -0.100752905
vn -0.8414079 -0.49670967 -0.21286678
vn -0.6066651 -0.7432156 -0.2821135
vn -0.38972294 -0.8739688 -0.2903353
vn -0.342247 -0.8886451 -0.30524895
vn -0.4533066 -0.86372644 -0.2202037
vn -0.54431236 -0.8386608 0.01929279
vn -0.115670264 -0.91525984 -0.38590124
vn -0.15736763 -0.9099675 -0.3836596
vn 0.008597563 -0.9214232 -0.3884654
vn 0.53419405 -0.77896386 -0.3284084
vn 0.9390649 -0.31673902 -0.13354182
vn 0.9714846 0.2184779 0.0921146
vn 0.718112 0.64126384 0.2703623
vn 0.34568724 0.8646419 0.3645472
vn -0.73840404 0.32977813 0.5882226
vn -0.8300766 0.5138367 0.21666709
vn -0.08203529 -0.9183491 -0.3871759
vn -0.06773738 -0.91934085 -0.3875875
vn -0.04765542 -0.9204073 -0.38804564
vn -0.45001456 -0.82288 -0.34692267
vn -0.8461671 -0.49105912 -0.20703198
vn -0.9864667 -0.15108366 -0.06369645
vn -0.9385693 0.31798813 0.13405694
vn -0.9385693 0.31798813 0.13405694
vn -0.79085493 0.5639374 0.23774579
vn 0.14530273 0.91167545 0.3843631
vn -0.9385693 0.31798813 0.13405694
vn -0.41905302 0.69397634 0.5854839
vn -0.8300766 0.5138367 0.21666709
vn -0.73840404 0.32977813 0.5882226
vn -0.9601456 -0.25754634 -0.10858345
vn -0.9624507 0.250137 0.105452195
vn -0.30098978 0.27522597 0.91304755
vn -0.3897659 0.16324311 0.9063301
vn -0.3604457 0.24722818 0.89942044
vn -0.2995246 0.22099733 0.9281407
vn -0.30705357 0.16879064 0.93660444
vn -0.35624945 0.13359967 0.9247905
vn -0.64348096 -0.040441114 0.7643931
vn -0.5086879 0.24851058 0.82430524
vn -0.8871967 -0.23765062 0.39547962
vn -0.8540468 -0.033676945 0.5191049
vn -0.94167686 -0.3040209 0.1442771
vn -0.9440513 -0.28619522 0.16388816
vn -0.92860717 -0.3665707 0.05757254
vn -0.96137714 -0.25600192 0.10107966
vn -0.9309819 -0.36259153 0.04242867
vn -0.96266466 -0.2690893 0.0294568
vn -0.934223 -0.3562241 0.01821658
vn -0.21591884 0.23843865 0.9468506
vn -0.23026527 0.30742028 0.92329335
vn -0.2580715 0.13909043 0.9560612
vn -0.36648685 0.04977395 0.9290909
vn -0.71709675 -0.23436518 0.65638804
vn -0.88890725 -0.3749989 0.26309633
vn -0.91458505 -0.39683574 0.077817306
vn -0.8930292 -0.44984645 0.011703216
vn -0.9013435 -0.432924 -0.012514498
vn -0.91928786 -0.391053 -0.044581216
vn -0.95826554 -0.2809705 -0.052751582
vn -0.9869641 -0.15537918 0.041941952
vn -0.9831976 -0.11895253 0.13846552
vn -0.9675592 -0.13267322 0.21500479
vn -0.80147475 0.15923873 0.57643837
vn -0.42048743 0.38754526 0.82036513
vn -0.30749792 0.3619853 0.8800067
vn -0.26596314 0.3579029 0.8950805
vn 0.19022818 0.86602885 0.46239302
vn 0.4056355 0.6734543 0.61799604
vn 0.5451953 0.3653019 0.7545308
vn -0.6035012 0.71906507 0.34457466
vn -0.30650136 0.8293852 0.46709433
vn 0.0012136546 0.8801183 0.4747529
vn 0.1054918 0.9016092 0.4194906
vn 0.5081739 0.8290213 -0.2334161
vn 0.77832425 0.6241061 -0.06857846
vn 0.9569609 0.26812086 0.111072026
vn 0.13203028 0.9671357 0.21729364
vn -0.014388949 0.9714026 0.23700209
vn -0.7068424 0.6508432 0.27708638
vn -0.7883266 0.5736326 0.22245629
vn -0.92354673 0.015815208 -0.38315973
vn -0.14237429 0.95985687 0.24166994
vn -0.03709028 0.6829349 -0.72953707
vn 0.32366854 0.9424619 0.083690986
vn 0.42392343 0.89546597 -0.13575576
vn 0.4255681 0.86680275 -0.25989383
vn -0.46043086 -0.5989021 -0.6552249
vn -0.92354673 0.015815208 -0.38315973
vn 0.26233524 -0.4428158 -0.85737646
vn 0.39339322 -0.69585663 -0.60085386
vn -0.35617518 -0.81974614 -0.44850358
vn -0.46043086 -0.5989021 -0.6552249
vn -0.30948818 -0.8968241 -0.31610674
vn -0.34860897 -0.88754463 -0.3012246
vn -0.4551889 -0.8671653 -0.20205766
vn -0.5399503 -0.8369079 0.08965898
vn -0.5206636 -0.7515939 0.40498888
vn -0.46515873 -0.0087856855 0.88518375
vn -0.27968702 -0.6944888 0.66291815
vn 0.19438873 -0.4815456 0.85459167
vn 0.49839336 -0.039445024 0.8660532
vn 0.5451953 0.3653019 0.7545308
vn 0.5539504 -0.80472964 0.21342234
vn 0.9440577 -0.2357751 0.23057559
vn 0.49839336 -0.039445024 0.8660532
vn 0.5451953 0.3653019 0.7545308
vn -0.012357636 -0.9996135 -0.024901547
vn -0.22341305 -0.9300566 -0.29168716
vn -0.033830628 -0.8837189 -0.4667937
vn 0.22302195 -0.8337352 -0.50512064
vn 0.3838308 -0.8010295 -0.45937535
vn 0.43225148 -0.78753 -0.43926662
vn -0.03709028 0.6829349 -0.72953707
vn -0.7883266 0.5736326 0.22245629
vn -0.90890825 0.26504317 0.3219285
vn -0.9410006 -0.17993547 -0.28660265
vn -0.9617022 0.21927227 -0.16446428
vn -0.9539196 -0.19949721 0.22413895
vn -0.53852975 -0.721975 -0.43443963
vn -0.543165 -0.7979576 0.26121902
vn -0.52625 -0.24159214 0.8152878
vn -0.4718965 0.3771586 0.7969097
vn -0.46766624 0.709108 0.52768755
vn -0.5431781 0.8329642 -0.10549016
vn -0.55314714 0.2865924 -0.7822359
vn -0.5104946 -0.33564293 -0.7916686
vn -0.0 -0.90136343 -0.4330634
vn -0.0 -0.95277596 0.30367416
vn -0.0 -0.28901476 0.9573246
vn -0.0 0.42473456 0.9053179
vn -0.0 0.80431825 0.5941988
vn -0.0 0.989621 -0.14370209
vn -0.0 0.3537066 -0.93535644
vn -0.0 -0.48930252 -0.8721142
vn 0.3099786 0.9504041 0.025403637
vn 0.45269945 0.7085435 0.5413219
vn 0.17264184 0.9081613 0.38136312
vn 0.64448535 0.74978805 0.14985491
vn 0.35199478 0.6910321 0.6313274
vn 0.073811986 0.87457645 0.4792367
vn 0.26926407 0.66773134 0.6939969
vn -0.01359815 0.8453883 0.53397906
vn 0.30112395 0.46131936 0.834571
vn -0.2119387 0.6924111 0.68967295
vn -0.04316658 0.2730046 0.9610438
vn 0.5052596 -0.10678559 0.8563349
vn 0.30489412 -0.26067418 0.9160178
vn 0.47656956 0.32688323 0.81610584
vn 0.5473269 -0.21114725 0.80984575
vn 0.541826 0.31808114 0.77797747
vn 0.57141876 -0.290994 0.76733506
vn 0.6414576 0.28116423 0.7137778
vn 0.58813834 -0.37633455 0.715867
vn 0.94793415 0.30141783 0.10280122
vn 0.82511085 -0.52078664 0.21902786
vn -0.6918069 -0.07788888 0.7178694
vn -0.70849675 0.06861688 0.7023704
vn -0.5847142 -0.12529519 0.8015051
vn -0.75645316 0.033245888 0.65320235
vn -0.72576934 -0.105263785 0.6798371
vn -0.6942402 -0.14986467 0.70396817
vn -0.71180797 0.064814046 0.6993772
vn -0.34450004 0.7466824 0.56902117
vn -0.76442343 -0.008927003 0.6446527
vn -0.3850845 0.7433646 0.5469177
vn -0.79171765 0.0046259253 0.61086965
vn -0.40788007 0.75061023 0.5198251
vn -0.88831425 0.14708063 0.43504602
vn -0.41667363 0.8046835 0.42292726
vn -0.9363932 0.32389253 -0.135135
vn -0.37942538 0.92415595 -0.04440879
vn -0.7429168 -0.09574412 0.6625011
vn -0.78212756 -0.12299073 0.6108598
vn -0.8033435 -0.11985625 0.5833299
vn -0.9251097 -0.25966147 0.27703425
vn -0.81202453 -0.45069948 -0.3707912
vn -0.7071619 0.27807164 0.6500755
vn -0.68194205 0.2250409 0.69592506
vn -0.51749855 0.1033663 0.84941787
vn -0.5312479 0.063122414 0.8448616
vn -0.7747038 0.16639368 0.6100387
vn -0.521068 0.10835194 0.8466098
vn 0.40652788 -0.42622608 0.80812526
vn -0.060751606 -0.5524881 0.8313039
vn -0.6223676 0.26970714 0.73479015
vn -0.47715747 -0.6772037 0.5601034
vn -0.7071001 0.17371029 0.68544453
vn -0.7354753 0.32188335 0.5962108
vn -0.64867485 0.35358042 0.67394495
vn -0.5583221 -0.7056567 0.43626264
vn -0.71805936 0.005504263 0.69596004
vn -0.6427232 0.37349516 0.66888577
vn -0.56684244 -0.7364322 0.3692659
vn -0.7710907 -0.0735983 0.63245744
vn -0.66989976 0.41153288 0.6179604
vn -0.5441907 -0.7773493 0.31557032
vn -0.7977749 -0.06704945 0.5992158
vn -0.7123949 0.3718728 0.5951505
vn -0.88597345 -0.029766219 0.46277958
vn -0.8161284 0.39484587 0.42193747
vn -0.71556187 -0.63278157 0.29590315
vn -0.90779555 -0.022852369 0.41879
vn -0.7887351 -0.07916146 0.60961497
vn -0.76225543 0.013543741 0.64713466
vn -0.7255626 -0.1172208 0.67809904
vn -0.599263 -0.26306322 0.7560963
vn -0.5259141 -0.19700822 0.8274069
vn -0.46635994 -0.5536986 0.6898741
vn -0.65763986 -0.51085734 0.55365556
vn -0.7043594 -0.46608013 0.5353944
vn -0.71243405 -0.48654088 0.5056835
vn -0.88005066 -0.36061972 0.3089729
vn -0.9565018 0.29115394 0.018268855
vn -0.992599 0.103333645 0.063791804
vn -0.8626731 0.18697223 -0.4699324
vn -0.9672854 0.22258425 0.12171775
vn -0.72664744 -0.41783014 -0.5453452
vn -0.95116854 -0.303235 -0.057679612
vn -0.8851704 0.13292958 0.44587347
vn -0.7144808 0.28874695 0.637293
vn -0.6878544 0.5907906 -0.4216904
vn -0.8448542 0.5295644 0.07604659
vn -0.96088606 0.20164324 0.18983671
vn -0.66480553 0.6665551 -0.33725065
vn -0.95183676 0.033644013 -0.3047536
vn -0.62238264 -0.7294222 -0.28387162
vn -0.3100406 -0.92395514 -0.2240127
vn -0.38772067 -0.9013905 0.19278978
vn -0.3681029 -0.90521526 0.21233355
vn -0.13032651 -0.928228 0.34843627
vn 0.38697323 -0.73740035 0.55361754
vn 0.59694225 -0.55035937 0.5837503
vn 0.43387267 -0.76077586 0.48267445
vn 0.57939297 -0.6311491 0.51570773
vn 0.5632226 -0.5977963 0.5704559
vn 0.49687546 -0.7063523 0.50416386
vn 0.56051135 -0.5143289 0.64907074
vn 0.48831952 -0.66469 0.5654478
vn 0.3589227 -0.8052542 0.47195357
vn 0.36242276 -0.93163157 -0.026688963
vn 0.29200694 -0.9555589 -0.040487327
vn 0.3519383 -0.8482708 0.39569703
vn 0.5465517 -0.83562714 0.054849744
vn 0.5261241 -0.72400796 0.44610068
vn 0.48419017 -0.8746105 -0.02482704
vn 0.420411 -0.819131 0.39022934
vn -0.0667986 -0.94844717 0.30981588
vn -0.028299106 -0.9758603 0.21655427
vn 0.07749151 -0.9750798 -0.20788088
vn -0.3376205 -0.92480147 0.17536967
vn -0.29013422 -0.9496558 0.11822046
vn -0.17211087 -0.934622 -0.3112227
vn -0.3505665 -0.92511666 0.1458158
vn -0.23289114 -0.9148063 -0.32998663
vn 0.08756903 -0.3109264 -0.9463913
vn -0.13841861 -0.3241088 -0.9358385
vn -0.48174065 0.011773796 -0.87623477
vn -0.15411174 0.3098218 -0.9382217
vn -0.07808267 0.21992387 -0.9723871
vn -0.12356254 0.018215345 -0.99216956
vn -0.13226812 -0.19924664 -0.97098196
vn -0.24695478 -0.18932965 -0.9503513
vn -0.5275266 0.2771652 -0.8030536
vn -0.050813746 0.51879245 -0.8533887
vn -0.04102076 0.99051696 -0.13112365
vn -0.15381685 0.9313954 0.32991368
vn 0.04808016 0.98437154 -0.16941342
vn -0.07792485 0.94915086 0.30502516
vn 0.117474414 0.9854027 -0.12321227
vn -0.0037902342 0.95661443 0.29133227
vn -0.14112231 0.91235775 0.38430178
vn -0.17231236 0.9101104 0.3768388
vn -0.09663757 0.9183295 0.38383868
vn -0.1554271 0.8981533 0.41129437
vn -0.14113921 0.89490545 0.4233486
vn 0.34996012 0.52712804 -0.7743797
vn 0.5358039 0.41605094 -0.7347216
vn 0.51299745 0.214698 -0.8311068
vn 0.5570838 0.0493139 -0.8289908
vn 0.6911118 -0.36680672 -0.6227497
vn 0.36143136 -0.5995422 -0.7140843
vn 0.29003963 -0.51685345 -0.80544364
vn 0.3879892 -0.38755918 -0.836219
vn 0.39790133 -0.46298566 -0.7920346
vn 0.19617525 -0.47107556 -0.8600018
vn 0.08328262 -0.4269225 -0.90044504
vn 0.063206635 -0.39679143 -0.91573006
vn 0.5570838 0.0493139 -0.8289908
vn 0.352193 0.6095259 -0.71023816
vn 0.48054707 0.5206359 -0.7057002
vn 0.3109843 0.61971617 -0.7205836
vn 0.12327444 0.60249597 -0.78854424
vn -0.1332116 0.5075458 -0.8512649
vn -0.21326782 0.4414645 -0.8715652
vn -0.27668688 0.28515753 -0.9176762
vn 0.20131713 -0.018220197 -0.97935665
vn 0.20131713 -0.018220197 -0.97935665
vn 0.51299745 0.214698 -0.8311068
vn -0.29811338 -0.08987203 -0.95029014
vn -0.17446738 -0.39016762 -0.9040632
vn 0.20131713 -0.018220197 -0.97935665
vn 0.0102010975 -0.5366853 -0.8437208
vn 0.12412441 -0.59556633 -0.79365855
vn 0.23051862 0.47852954 -0.84727246
vn 0.19082476 0.43810567 -0.87843573
vn 0.1612214 0.3738214 -0.91338116
vn 0.1842555 0.00477081 -0.9828668
vn 0.19630016 -0.024664512 -0.98023355
vn 0.21409178 -0.032110024 -0.9762857
vn 0.21709098 -0.042370897 -0.97523135
vn 0.1527699 -0.59431434 -0.78958964
vn 0.23958957 -0.58092874 -0.7778937
vn 0.4557122 -0.47540358 -0.7525409
vn 0.65660197 -0.26148936 -0.70745826
vn 0.6992891 -0.061969 -0.7121479
vn 0.62241364 -0.32450047 -0.7122505
vn 0.65204024 0.28140172 -0.7040288
vn 0.200713 -0.018669903 -0.9794722
vn 0.18647633 -0.012373977 -0.9823815
vn 0.48054707 0.5206359 -0.7057002
vn -0.050813746 0.51879245 -0.8533887
vn 0.18647633 -0.012373977 -0.9823815
vn -0.13841861 -0.3241088 -0.9358385
vn 0.08756903 -0.3109264 -0.9463913
vn 0.18647633 -0.012373977 -0.9823815
vn -0.15411174 0.3098218 -0.9382217
vn -0.13841861 -0.3241088 -0.9358385
vn -0.75319993 0.38813382 0.53107625
vn -0.79982704 0.35814512 0.48167294
vn -0.6404754 0.42469534 0.6398633
vn -0.6765885 0.33931416 0.6535243
vn -0.6121847 0.39180538 0.6868175
vn -0.6475751 0.30413616 0.6986757
vn -0.4937979 0.2802989 0.8231623
vn -0.44790134 0.17235324 0.8773133
vn -0.3027212 0.005930982 0.9530607
vn -0.25333104 -0.318373 0.9134889
vn -0.49327317 -0.27794853 0.8242731
vn -0.48378706 -0.50928986 0.71174014
vn -0.9216043 -0.08507494 0.3786923
vn -0.7769754 -0.20978937 0.5935467
vn -0.75735754 -0.22274597 0.6138352
vn -0.7223303 -0.22128138 0.65518963
vn -0.2649539 -0.37316182 0.8891286
vn -0.37271434 -0.05198787 0.92648864
vn -0.5695071 0.20149268 0.796908
vn -0.8105352 0.17068364 0.56026757
vn -0.40788007 0.75061023 0.5198251
vn -0.15381685 0.9313954 0.32991368
vn -0.050813746 0.51879245 -0.8533887
vn -0.24695478 -0.18932965 -0.9503513
vn 0.1842555 0.00477081 -0.9828668
vn 0.200713 -0.018669903 -0.9794722
vn 0.08756903 -0.3109264 -0.9463913
vn 0.48054707 0.5206359 -0.7057002
vn 0.65660197 -0.26148936 -0.70745826
vn 0.9786863 -0.09394056 -0.18261524
vn 0.88983095 -0.41284212 -0.19432527
vn 0.6992891 -0.061969 -0.7121479
vn 0.62241364 -0.32450047 -0.7122505
vn 0.83700734 -0.50945556 -0.19968405
vn 0.8640632 0.48497024 -0.13490227
vn 0.65204024 0.28140172 -0.7040288
vn 0.5378691 0.83784145 -0.093372926
vn 0.48054707 0.5206359 -0.7057002
vn 0.32941988 0.94008934 -0.087832436
vn 0.352193 0.6095259 -0.71023816
vn 0.26598877 0.9580166 -0.10702462
vn 0.3109843 0.61971617 -0.7205836
vn -0.018642638 0.974618 -0.22309682
vn 0.12327444 0.60249597 -0.78854424
vn -0.41780043 0.8329941 -0.36271715
vn -0.1332116 0.5075458 -0.8512649
vn -0.5416981 0.73250896 -0.41230297
vn -0.21326782 0.4414645 -0.8715652
vn 0.4557122 -0.47540358 -0.7525409
vn 0.5731148 -0.7776188 -0.25855047
vn 0.23958957 -0.58092874 -0.7778937
vn 0.19398221 -0.9341556 -0.29954016
vn 0.1527699 -0.59431434 -0.78958964
vn 0.048633397 -0.9483091 -0.3135994
vn 0.12412441 -0.59556633 -0.79365855
vn -0.00685974 -0.9458112 -0.32464448
vn 0.0102010975 -0.5366853 -0.8437208
vn -0.18774273 -0.89014375 -0.41520688
vn -0.17446738 -0.39016762 -0.9040632
vn -0.4956487 -0.6741316 -0.54761213
vn -0.29811338 -0.08987203 -0.95029014
vn -0.7500942 -0.15141049 -0.6437652
vn -0.27668688 0.28515753 -0.9176762
vn -0.6785009 0.5026716 -0.53568435
vn 0.19940667 -0.02344004 -0.97963643
vn 0.19940667 -0.02344004 -0.97963643
vn 0.19940667 -0.02344004 -0.97963643
vn 0.19940667 -0.02344004 -0.97963643
vn 0.20144272 -0.015648913 -0.97937524
vn 0.20144272 -0.015648913 -0.97937524
vn 0.19840722 0.009302795 -0.98007554
vn 0.19840722 0.009302795 -0.98007554
vn 0.19923812 -0.027149703 -0.9795749
vn 0.19923812 -0.027149703 -0.9795749
vn 0.20044866 -0.025486035 -0.9793727
vn 0.20044866 -0.025486035 -0.9793727
vn 0.20218092 -0.02493882 -0.9790306
vn 0.20218092 -0.02493882 -0.9790306
vn 0.21896952 -0.037603237 -0.9750069
vn 0.21896952 -0.037603237 -0.9750069
vn 0.21896952 -0.037603237 -0.9750069
vn 0.21896952 -0.037603237 -0.9750069
vn 0.19949937 -0.022252796 -0.97964525
vn 0.19949937 -0.022252796 -0.97964525
vn 0.19949937 -0.022252796 -0.97964525
vn 0.19949937 -0.022252796 -0.97964525
vn 0.20081201 -0.024188641 -0.97933114
vn 0.20081201 -0.024188641 -0.97933114
vn 0.20502041 -0.02342602 -0.9784773
vn 0.20502041 -0.02342602 -0.9784773
vn 0.20299926 -0.02480219 -0.9788647
vn 0.20299926 -0.02480219 -0.9788647
vn 0.20191617 -0.025666462 -0.97906643
vn 0.20191617 -0.025666462 -0.97906643
vn 0.20391282 -0.06422481 -0.97688013
vn 0.20391282 -0.06422481 -0.97688013
vn 0.1978667 0.011629709 -0.98015994
vn 0.1978667 0.011629709 -0.98015994
vn 0.20010632 -0.012286456 -0.97969717
vn 0.20010632 -0.012286456 -0.97969717
vn 0.20010632 -0.012286456 -0.97969717
vn 0.20010632 -0.012286456 -0.97969717
vn 0.1804388 0.027647985 -0.9831975
vn 0.1804388 0.027647985 -0.9831975
vn -0.8403159 0.5136516 0.17329527
vn -0.8403159 0.5136516 0.17329527
vn -0.8403159 0.5136516 0.17329527
vn -0.8403159 0.5136516 0.17329527
vn 0.6511562 -0.4885364 -0.58079934
vn 0.6511562 -0.4885364 -0.58079934
vn 0.6511562 -0.4885364 -0.58079934
vn 0.6511562 -0.4885364 -0.58079934
vn -0.32624713 -0.0058304444 -0.94526654
vn -0.32624713 -0.0058304444 -0.94526654
vn -0.32624713 -0.0058304444 -0.94526654
vn -0.32624713 -0.0058304444 -0.94526654
vn 0.3239646 0.007288534 0.9460411
vn 0.3239646 0.007288534 0.9460411
vn 0.3239646 0.007288534 0.9460411
vn 0.3239646 0.007288534 0.9460411
vn 0.33355656 -0.023432214 0.94243884
vn 0.33355656 -0.023432214 0.94243884
vn 0.33355656 -0.023432214 0.94243884
vn 0.33355656 -0.023432214 0.94243884
vn -0.33352607 0.023422137 -0.94244987
vn -0.33352607 0.023422137 -0.94244987
vn -0.33352607 0.023422137 -0.94244987
vn -0.33352607 0.023422137 -0.94244987
vn -0.8348263 0.49503553 0.24084215
vn -0.8348263 0.49503553 0.24084215
vn -0.8348263 0.49503553 0.24084215
vn -0.8348263 0.49503553 0.24084215
vn 0.8348185 -0.495047 -0.24084544
vn 0.8348185 -0.495047 -0.24084544
vn 0.8348185 -0.495047 -0.24084544
vn 0.8348185 -0.495047 -0.24084544
vn 0.63197553 0.67837495 0.3747191
vn 0.63197553 0.67837495 0.3747191
vn 0.63197553 0.67837495 0.3747191
vn 0.63197553 0.67837495 0.3747191
vn 0.63197684 0.6783763 0.3747144
vn 0.63197684 0.6783763 0.3747144
vn 0.6319702 0.6783787 0.37472132
vn 0.6319497 0.67839956 0.37471798
vn 0.6319748 0.67837536 0.37471953
vn 0.6319748 0.67837536 0.37471953
vn 0.6319497 0.67839956 0.37471798
vn 0.6319497 0.67839956 0.37471798
vn 0.6319858 0.67836833 0.37471375
vn 0.6319858 0.67836833 0.37471375
vn 0.6319858 0.67836833 0.37471375
vn 0.6319673 0.6783837 0.3747172
vn 0.6319729 0.6783788 0.37471652
vn 0.6319673 0.6783837 0.3747172
vn 0.6319673 0.6783837 0.3747172
vn 0.6319673 0.6783837 0.3747172
vn 0.6319723 0.6783897 0.37469774
vn 0.6319737 0.6783731 0.37472546
vn 0.6319737 0.6783731 0.37472546
vn 0.631961 0.67838424 0.37472674
vn 0.63196343 0.67839956 0.37469485
vn 0.6319612 0.6783808 0.37473255
vn 0.4933645 0.34387407 0.7989631
vn 0.4933645 0.34387407 0.7989631
vn 0.4933645 0.34387407 0.7989631
vn 0.4933645 0.34387407 0.7989631
vn 0.8617964 0.102113366 0.49686998
vn 0.8617964 0.102113366 0.49686998
vn 0.8617964 0.102113366 0.49686998
vn 0.8617964 0.102113366 0.49686998
vn 0.8980655 0.41717318 0.13944502
vn 0.8980655 0.41717318 0.13944502
vn 0.8980655 0.41717318 0.13944502
vn 0.8980655 0.41717318 0.13944502
vn 0.84217113 0.24487534 0.48039973
vn 0.84217113 0.24487534 0.48039973
vn 0.84217113 0.24487534 0.48039973
vn 0.84217113 0.24487534 0.48039973
vn 0.9964346 0.055404983 0.06362617
vn 0.9964346 0.055404983 0.06362617
vn 0.9964346 0.055404983 0.06362617
vn 0.9964346 0.055404983 0.06362617
vn 0.8916388 0.27050892 -0.3630499
vn 0.8916388 0.27050892 -0.3630499
vn 0.8916388 0.27050892 -0.3630499
vn 0.8916388 0.27050892 -0.3630499
vn 0.8873132 0.24785128 -0.38890225
vn 0.8873132 0.24785128 -0.38890225
vn 0.8873132 0.24785128 -0.38890225
vn -0.14933689 0.30549926 0.94040877
vn -0.14933689 0.30549926 0.94040877
vn -0.14933689 0.30549926 0.94040877
vn -0.14933689 0.30549926 0.94040877
vn -0.12932847 0.28554124 0.9496001
vn -0.12932847 0.28554124 0.9496001
vn -0.12932847 0.28554124 0.9496001
vn -0.12932847 0.28554124 0.9496001
vn -0.21836397 0.5127374 0.8303118
vn -0.21836397 0.5127374 0.8303118
vn -0.21836397 0.5127374 0.8303118
vn -0.21836397 0.5127374 0.8303118
vn 0.12929626 0.47846407 0.86853594
vn 0.12929626 0.47846407 0.86853594
vn 0.12929626 0.47846407 0.86853594
vn 0.12929626 0.47846407 0.86853594
vn 0.22193493 0.47020778 0.85419524
vn 0.22193493 0.47020778 0.85419524
vn 0.22193493 0.47020778 0.85419524
vn 0.22193493 0.47020778 0.85419524
vn 0.8904938 -0.41253105 -0.1919348
vn 0.8904938 -0.41253105 -0.1919348
vn 0.8904938 -0.41253105 -0.1919348
vn 0.8904938 -0.41253105 -0.1919348
vn 0.84138507 -0.27543914 0.464978
vn 0.84138507 -0.27543914 0.464978
vn 0.84138507 -0.27543914 0.464978
vn 0.9887583 -0.066831924 -0.13375553
vn 0.9887583 -0.066831924 -0.13375553
vn 0.9887583 -0.066831924 -0.13375553
vn 0.9887583 -0.066831924 -0.13375553
vn 0.824624 -0.26163658 0.50153923
vn 0.824624 -0.26163658 0.50153923
vn 0.824624 -0.26163658 0.50153923
vn 0.824624 -0.26163658 0.50153923
vn 0.13474366 -0.31710953 0.9387682
vn 0.13474366 -0.31710953 0.9387682
vn 0.13474366 -0.31710953 0.9387682
vn 0.13474366 -0.31710953 0.9387682
vn -0.5247161 -0.22134732 0.82199657
vn -0.5247161 -0.22134732 0.82199657
vn -0.5247161 -0.22134732 0.82199657
vn -0.5247161 -0.22134732 0.82199657
vn -0.59500164 -0.27775064 0.7542066
vn -0.59500164 -0.27775064 0.7542066
vn -0.59500164 -0.27775064 0.7542066
vn 0.8563493 -0.2776178 -0.4354242
vn 0.8563493 -0.2776178 -0.4354242
vn 0.8563493 -0.2776178 -0.4354242
vn 0.8563493 -0.2776178 -0.4354242
vn 0.7114078 -0.629266 -0.31292698
vn 0.7114078 -0.629266 -0.31292698
vn 0.7114078 -0.629266 -0.31292698
vn 0.4344503 0.12216628 -0.8923723
vn 0.4344503 0.12216628 -0.8923723
vn 0.4344503 0.12216628 -0.8923723
vn 0.4344503 0.12216628 -0.8923723
vn 0.4344503 0.12216628 -0.8923723
vn -0.25191486 0.3243719 -0.9117685
vn -0.25191486 0.3243719 -0.9117685
vn -0.25191486 0.3243719 -0.9117685
vn -0.25191486 0.3243719 -0.9117685
vn -0.7858813 0.27989227 -0.5514081
vn -0.7858813 0.27989227 -0.5514081
vn -0.7858813 0.27989227 -0.5514081
vn -0.7858813 0.27989227 -0.5514081
vn -0.98138463 0.095295325 0.16674204
vn -0.98138463 0.095295325 0.16674204
vn -0.98138463 0.095295325 0.16674204
vn -0.98138463 0.095295325 0.16674204
vn -0.98138463 0.095295325 0.16674204
vn -0.38818628 0.096757025 0.9164876
vn -0.38818628 0.096757025 0.9164876
vn -0.38818628 0.096757025 0.9164876
vn -0.38818628 0.096757025 0.9164876
vn -0.3222164 -0.27635688 0.90543
vn -0.3222164 -0.27635688 0.90543
vn -0.3222164 -0.27635688 0.90543
vn -0.9643116 0.12885197 0.23130135
vn -0.9643116 0.12885197 0.23130135
vn -0.9643116 0.12885197 0.23130135
vn -0.70513195 -0.6944679 0.14318971
vn -0.70513195 -0.6944679 0.14318971
vn -0.70513195 -0.6944679 0.14318971
vn -0.70513195 -0.6944679 0.14318971
vn -0.7929273 -0.42694053 0.4347276
vn -0.7929273 -0.42694053 0.4347276
vn -0.7929273 -0.42694053 0.4347276
vn -0.7929273 -0.42694053 0.4347276
vn -0.89386064 -0.303849 0.32967994
vn -0.89386064 -0.303849 0.32967994
vn -0.89386064 -0.303849 0.32967994
vn -0.89386064 -0.303849 0.32967994
vn -0.7832373 -0.48845375 0.38464576
vn -0.7832373 -0.48845375 0.38464576
vn -0.7832373 -0.48845375 0.38464576
vn -0.7832373 -0.48845375 0.38464576
vn -0.3085772 0.45221373 0.83682907
vn -0.3085772 0.45221373 0.83682907
vn -0.3085772 0.45221373 0.83682907
vn -0.3085772 0.45221373 0.83682907
vn -0.3085772 0.45221373 0.83682907
vn 0.02109956 -0.84284765 -0.5377384
vn 0.02109956 -0.84284765 -0.5377384
vn 0.02109956 -0.84284765 -0.5377384
vn 0.02109956 -0.84284765 -0.5377384
vn 0.4093062 -0.40866852 -0.8157564
vn 0.4093062 -0.40866852 -0.8157564
vn 0.4093062 -0.40866852 -0.8157564
vn 0.39406654 -0.39668614 -0.8290667
vn 0.39687023 -0.3945722 -0.8287381
vn 0.39687023 -0.3945722 -0.8287381
vn 0.39687023 -0.3945722 -0.8287381
vn 0.38303375 -0.4044551 -0.8304825
vn 0.38303375 -0.4044551 -0.8304825
vn 0.38744152 -0.40237215 -0.829449
vn 0.38744152 -0.40237215 -0.829449
vn 0.38744152 -0.40237215 -0.829449
vn 0.38744152 -0.40237215 -0.829449
vn 0.3859024 -0.4035718 -0.8295837
vn -0.3089503 -0.694073 -0.65024024
vn -0.3089503 -0.694073 -0.65024024
vn -0.3089503 -0.694073 -0.65024024
vn -0.3089503 -0.694073 -0.65024024
vn -0.6406747 -0.67502403 -0.36589396
vn -0.6406747 -0.67502403 -0.36589396
vn -0.6406747 -0.67502403 -0.36589396
vn -0.6406747 -0.67502403 -0.36589396
vn -0.63322717 -0.67758554 -0.3740336
vn -0.6340509 -0.6773489 -0.3730656
vn -0.6340509 -0.6773489 -0.3730656
vn -0.63322717 -0.67758554 -0.3740336
vn -0.63322717 -0.67758554 -0.3740336
vn -0.63322717 -0.67758554 -0.3740336
vn -0.6324289 -0.6779646 -0.37469685
vn -0.632922 -0.67752147 -0.3746658
vn -0.632922 -0.67752147 -0.3746658
vn -0.6319811 -0.6783793 -0.37470192
vn -0.632922 -0.67752147 -0.3746658
vn -0.6319811 -0.6783793 -0.37470192
vn -0.6319811 -0.6783793 -0.37470192
vn -0.63197345 -0.67837864 -0.37471592
vn -0.6362086 -0.6770731 -0.36987922
vn -0.64079994 -0.67582065 -0.36420044
vn -0.62530035 -0.67729497 -0.3876481
vn -0.62530035 -0.67729497 -0.3876481
vn -0.643057 -0.67020476 -0.37054458
vn -0.643057 -0.67020476 -0.37054458
vn -0.6406747 -0.67502403 -0.36589396
vn -0.6406747 -0.67502403 -0.36589396
vn -0.6406747 -0.67502403 -0.36589396
vn -0.2093457 -0.6765461 -0.7060168
vn -0.2093457 -0.6765461 -0.7060168
vn -0.2093457 -0.6765461 -0.7060168
vn -0.2093457 -0.6765461 -0.7060168
vn -0.8853578 -0.25141737 0.39106372
vn -0.8853578 -0.25141737 0.39106372
vn -0.8853578 -0.25141737 0.39106372
vn -0.8853578 -0.25141737 0.39106372
vn -0.38359958 0.40199783 0.8314139
vn -0.38359958 0.40199783 0.8314139
vn -0.38359958 0.40199783 0.8314139
vn -0.38359958 0.40199783 0.8314139
vn -0.3811863 0.40853667 0.82933396
vn -0.3811863 0.40853667 0.82933396
vn 0.052854076 0.6342488 0.7713202
vn 0.052854076 0.6342488 0.7713202
vn 0.052854076 0.6342488 0.7713202
vn 0.052854076 0.6342488 0.7713202
vn -0.63989884 -0.7142241 -0.2835726
vn -0.63989884 -0.7142241 -0.2835726
vn -0.63989884 -0.7142241 -0.2835726
vn 0.14523184 0.66994816 0.72806406
vn 0.14523184 0.66994816 0.72806406
vn 0.14523184 0.66994816 0.72806406
vn -0.6313936 0.18775684 0.75238913
vn -0.6313936 0.18775684 0.75238913
vn -0.6313936 0.18775684 0.75238913
vn -0.6313936 0.18775684 0.75238913
vn 0.027438885 0.4628636 -0.88600475
vn 0.027438885 0.4628636 -0.88600475
vn 0.027438885 0.4628636 -0.88600475
vn 0.027438885 0.4628636 -0.88600475
vn 0.46781853 -0.7201918 0.5123179
vn 0.46781853 -0.7201918 0.5123179
vn 0.46781853 -0.7201918 0.5123179
vn 0.46781853 -0.7201918 0.5123179
vn -0.636589 0.18241628 0.7493189
vn -0.636589 0.18241628 0.7493189
vn -0.636589 0.18241628 0.7493189
vn -0.636589 0.18241628 0.7493189
vn 0.63690877 -0.18029535 -0.7495605
vn 0.63690877 -0.18029535 -0.7495605
vn 0.63690877 -0.18029535 -0.7495605
vn 0.63690877 -0.18029535 -0.7495605
vn 0.048937667 0.44711918 -0.8931347
vn 0.048937667 0.44711918 -0.8931347
vn 0.048937667 0.44711918 -0.8931347
vn 0.048937667 0.44711918 -0.8931347
vn -0.014863659 -0.4714719 0.88175577
vn -0.014863659 -0.4714719 0.88175577
vn -0.014863659 -0.4714719 0.88175577
vn -0.014863659 -0.4714719 0.88175577
vn 0.6346223 -0.1828238 -0.75088614
vn 0.6346223 -0.1828238 -0.75088614
vn 0.6346223 -0.1828238 -0.75088614
vn 0.6346223 -0.1828238 -0.75088614
vn -0.77271926 0.567794 0.28375143
vn -0.77271926 0.567794 0.28375143
vn -0.77271926 0.567794 0.28375143
vn -0.77271926 0.567794 0.28375143
vn 0.77176136 -0.5542914 -0.31168166
vn 0.77176136 -0.5542914 -0.31168166
vn 0.77176136 -0.5542914 -0.31168166
vn 0.77176136 -0.5542914 -0.31168166
vn 0.728336 -0.3546634 -0.586294
vn 0.728336 -0.3546634 -0.586294
vn 0.728336 -0.3546634 -0.586294
vn 0.728336 -0.3546634 -0.586294
vn 0.63188976 -0.17112114 -0.7559318
vn 0.63188976 -0.17112114 -0.7559318
vn 0.63188976 -0.17112114 -0.7559318
vn 0.63188976 -0.17112114 -0.7559318
vn -0.025264345 -0.4652397 0.8848241
vn -0.025264345 -0.4652397 0.8848241
vn -0.025264345 -0.4652397 0.8848241
vn -0.025264345 -0.4652397 0.8848241
vn -0.77487123 0.5613431 0.29063466
vn -0.77487123 0.5613431 0.29063466
vn -0.77487123 0.5613431 0.29063466
vn -0.77487123 0.5613431 0.29063466
vn 0.7748211 -0.5434689 -0.32294562
vn 0.7748211 -0.5434689 -0.32294562
vn 0.7748211 -0.5434689 -0.32294562
vn 0.7748211 -0.5434689 -0.32294562
vn -0.6404681 0.18494882 0.74538213
vn -0.6404681 0.18494882 0.74538213
vn -0.6404681 0.18494882 0.74538213
vn -0.6404681 0.18494882 0.74538213
vn 0.06846083 0.43275893 -0.89890647
vn 0.06846083 0.43275893 -0.89890647
vn 0.06846083 0.43275893 -0.89890647
vn 0.06846083 0.43275893 -0.89890647
vn -0.64049023 0.18495435 0.74536175
vn -0.64049023 0.18495435 0.74536175
vn -0.64049023 0.18495435 0.74536175
vn -0.64049023 0.18495435 0.74536175
vn 0.015208286 0.47256142 -0.88116646
vn 0.015208286 0.47256142 -0.88116646
vn 0.015208286 0.47256142 -0.88116646
vn 0.015208286 0.47256142 -0.88116646
vn 0.4360392 -0.7109711 0.55171543
vn 0.4360392 -0.7109711 0.55171543
vn 0.4360392 -0.7109711 0.55171543
vn 0.4360392 -0.7109711 0.55171543
vn -0.63197416 -0.67837566 -0.37471995
vn -0.63197416 -0.67837566 -0.37471995
vn -0.63197416 -0.67837566 -0.37471995
vn -0.63197416 -0.67837566 -0.37471995
vn -0.6336939 -0.67788005 -0.3727075
vn -0.6319737 -0.67837775 -0.37471703
vn -0.6319737 -0.67837775 -0.37471703
vn -0.6319737 -0.67837775 -0.37471703
vn -0.63612884 -0.6774489 -0.3693277
vn -0.63612884 -0.6774489 -0.3693277
vn -0.62954247 -0.68231875 -0.3716414
vn -0.6331878 -0.67805845 -0.37324256
vn -0.6331878 -0.67805845 -0.37324256
vn -0.6331878 -0.67805845 -0.37324256
vn -0.6331878 -0.67805845 -0.37324256
vn -0.69791144 -0.6575999 -0.28369322
vn -0.69791144 -0.6575999 -0.28369322
vn -0.69791144 -0.6575999 -0.28369322
vn -0.69791144 -0.6575999 -0.28369322
vn -0.6737779 -0.62658805 -0.3916768
vn -0.6737779 -0.62658805 -0.3916768
vn -0.6737779 -0.62658805 -0.3916768
vn -0.7766388 -0.61100215 -0.15332505
vn -0.7766388 -0.61100215 -0.15332505
vn -0.7766388 -0.61100215 -0.15332505
vn -0.7766388 -0.61100215 -0.15332505
vn -0.73428845 -0.63712204 -0.23429908
vn -0.73428845 -0.63712204 -0.23429908
vn -0.73428845 -0.63712204 -0.23429908
vn -0.81397235 -0.57470995 -0.08460186
vn -0.81397235 -0.57470995 -0.08460186
vn -0.81397235 -0.57470995 -0.08460186
vn -0.6734368 -0.67383707 -0.30401713
vn -0.6734368 -0.67383707 -0.30401713
vn -0.6734368 -0.67383707 -0.30401713
vn -0.6734368 -0.67383707 -0.30401713
vn -0.63383 -0.7460744 -0.20404069
vn -0.63383 -0.7460744 -0.20404069
vn -0.63383 -0.7460744 -0.20404069
vn 0.6340544 0.67734563 0.37306547
vn 0.6340544 0.67734563 0.37306547
vn 0.6340544 0.67734563 0.37306547
vn 0.6340544 0.67734563 0.37306547
vn -0.58660036 0.11523729 0.8016361
vn -0.58660036 0.11523729 0.8016361
vn -0.58660036 0.11523729 0.8016361
vn -0.58660036 0.11523729 0.8016361
vn 0.6801228 0.6627034 0.31346026
vn 0.6801228 0.6627034 0.31346026
vn 0.6801228 0.6627034 0.31346026
vn 0.6801228 0.6627034 0.31346026
vn 0.6964546 0.65467244 0.29386216
vn 0.70293677 0.6528929 0.28215382
vn 0.70293677 0.6528929 0.28215382
vn 0.70293677 0.6528929 0.28215382
vn 0.67123353 0.6669647 0.32342467
vn 0.658287 0.66043025 0.36123425
vn 0.658287 0.66043025 0.36123425
vn 0.6313979 0.6909292 0.35207036
vn 0.6313979 0.6909292 0.35207036
vn 0.6313979 0.6909292 0.35207036
vn 0.6313979 0.6909292 0.35207036
vn 0.6313979 0.6909292 0.35207036
vn 0.63640887 0.6768619 0.3699213
vn 0.63641346 0.6768473 0.36994025
vn 0.6342354 0.6773551 0.37274048
vn 0.6342354 0.6773551 0.37274048
vn 0.63433176 0.67752385 0.37226963
vn 0.63490254 0.6772913 0.37171936
vn 0.6328965 0.69992125 0.3309869
vn 0.6328965 0.69992125 0.3309869
vn 0.6332231 0.67758864 0.37403485
vn 0.6332231 0.67758864 0.37403485
vn 0.6332231 0.67758864 0.37403485
vn 0.6332231 0.67758864 0.37403485
vn -0.16746223 0.62915903 -0.7590226
vn -0.16746223 0.62915903 -0.7590226
vn -0.16746223 0.62915903 -0.7590226
vn -0.16746223 0.62915903 -0.7590226
vn -0.17991427 0.40850103 0.89485073
vn -0.17991427 0.40850103 0.89485073
vn -0.17991427 0.40850103 0.89485073
vn 0.48799497 -0.64829135 0.5844479
vn 0.48799497 -0.64829135 0.5844479
vn 0.48799497 -0.64829135 0.5844479
vn 0.48799497 -0.64829135 0.5844479
vn 0.47170168 0.8029802 0.3643081
vn 0.47170624 0.8029786 0.36430568
vn 0.47170624 0.8029786 0.36430568
vn 0.47170168 0.8029802 0.3643081
vn 0.47171798 0.8029716 0.3643058
vn 0.47171798 0.8029716 0.3643058
vn 0.47172508 0.8029663 0.3643084
vn 0.47172508 0.8029663 0.3643084
vn 0.111955486 0.29014125 0.9504126
vn 0.111955486 0.29014125 0.9504126
vn 0.111955486 0.29014125 0.9504126
vn 0.111955486 0.29014125 0.9504126
vn 0.111955486 0.29014125 0.9504126
vn -0.03232474 0.29313964 0.9555231
vn -0.03232474 0.29313964 0.9555231
vn -0.03232474 0.29313964 0.9555231
vn -0.03232474 0.29313964 0.9555231
vn -0.05407014 0.9583042 0.2805876
vn -0.04740898 0.95817417 0.28223136
vn -0.04740898 0.95817417 0.28223136
vn -0.05407014 0.9583042 0.2805876
vn -0.03283342 0.95773065 0.28578657
vn -0.03283342 0.95773065 0.28578657
vn -0.024919072 0.9573987 0.28769225
vn -0.024919072 0.9573987 0.28769225
vn 0.44225818 0.6726939 -0.5932037
vn 0.44225818 0.6726939 -0.5932037
vn 0.44225818 0.6726939 -0.5932037
vn 0.44225818 0.6726939 -0.5932037
vn 0.44225818 0.6726939 -0.5932037
vn 0.023048166 0.8374812 -0.5459799
vn 0.023048166 0.8374812 -0.5459799
vn 0.023048166 0.8374812 -0.5459799
vn 0.023048166 0.8374812 -0.5459799
vn -0.73264843 -0.20327646 -0.64954215
vn -0.73264843 -0.20327646 -0.64954215
vn -0.73264843 -0.20327646 -0.64954215
vn -0.73264843 -0.20327646 -0.64954215
vn -0.7870533 -0.40874144 -0.4620363
vn -0.7870533 -0.40874144 -0.4620363
vn -0.7870533 -0.40874144 -0.4620363
vn -0.7870533 -0.40874144 -0.4620363
vn -0.81822056 -0.53634185 -0.20700848
vn -0.81822056 -0.53634185 -0.20700848
vn -0.81822056 -0.53634185 -0.20700848
vn -0.81822056 -0.53634185 -0.20700848
vn -0.7343982 -0.66303813 0.14505066
vn -0.7343982 -0.66303813 0.14505066
vn -0.7343982 -0.66303813 0.14505066
vn -0.7343982 -0.66303813 0.14505066
vn -0.5333592 -0.83019835 0.1621686
vn -0.5333592 -0.83019835 0.1621686
vn -0.5333592 -0.83019835 0.1621686
vn -0.5333592 -0.83019835 0.1621686
vn -0.5257193 -0.8244537 -0.20951204
vn -0.5257193 -0.8244537 -0.20951204
vn -0.5257193 -0.8244537 -0.20951204
vn -0.5257193 -0.8244537 -0.20951204
vn -0.4533926 -0.7183091 -0.52769995
vn -0.4533926 -0.7183091 -0.52769995
vn -0.4533926 -0.7183091 -0.52769995
vn -0.4533926 -0.7183091 -0.52769995
vn -0.3680649 -0.5514367 -0.7486293
vn -0.3680649 -0.5514367 -0.7486293
vn -0.3680649 -0.5514367 -0.7486293
vn -0.3680649 -0.5514367 -0.7486293
vn -0.82395273 0.5654939 -0.036312405
vn -0.82395273 0.5654939 -0.036312405
vn -0.82395273 0.5654939 -0.036312405
vn -0.82395273 0.5654939 -0.036312405
vn -0.82204425 0.5683469 -0.03500037
vn -0.82204425 0.5683469 -0.03500037
vn -0.8487062 0.5277001 -0.035077345
vn -0.8487062 0.5277001 -0.035077345
vn -0.8487062 0.5277001 -0.035077345
vn -0.8487062 0.5277001 -0.035077345
vn -0.9215235 0.387129 -0.03042332
vn -0.9215235 0.387129 -0.03042332
vn -0.9215235 0.387129 -0.03042332
vn -0.8544168 0.51334554 -0.08030109
vn -0.8544168 0.51334554 -0.08030109
vn -0.8544168 0.51334554 -0.08030109
vn -0.2998249 -0.86259705 -0.40746957
vn -0.2998249 -0.86259705 -0.40746957
vn -0.2998249 -0.86259705 -0.40746957
vn -0.2998249 -0.86259705 -0.40746957
vn -0.31095013 -0.89553607 -0.31831622
vn -0.31095013 -0.89553607 -0.31831622
vn -0.31095013 -0.89553607 -0.31831622
vn -0.31095013 -0.89553607 -0.31831622
vn -0.2592658 -0.2740241 0.92611665
vn -0.2592658 -0.2740241 0.92611665
vn -0.2592658 -0.2740241 0.92611665
vn -0.2592658 -0.2740241 0.92611665
vn 0.17737658 0.26897362 -0.9466735
vn 0.17737658 0.26897362 -0.9466735
vn 0.17737658 0.26897362 -0.9466735
vn 0.17737658 0.26897362 -0.9466735
vn 0.0661788 0.95049196 0.30362043
vn 0.0661788 0.95049196 0.30362043
vn 0.0661788 0.95049196 0.30362043
vn 0.0661788 0.95049196 0.30362043
vn 0.026941564 0.9539435 0.29877406
vn 0.026941564 0.9539435 0.29877406
vn -0.5090292 -0.21702498 0.8329402
vn -0.5090292 -0.21702498 0.8329402
vn -0.5090292 -0.21702498 0.8329402
vn -0.5090292 -0.21702498 0.8329402
vn -0.075579904 0.32987055 -0.9409958
vn -0.075579904 0.32987055 -0.9409958
vn -0.075579904 0.32987055 -0.9409958
vn -0.075579904 0.32987055 -0.9409958
vn -0.5753228 0.31390822 -0.75529146
vn -0.5753228 0.31390822 -0.75529146
vn -0.5753228 0.31390822 -0.75529146
vn -0.5753228 0.31390822 -0.75529146
vn -0.91403526 -0.039605387 0.40369666
vn -0.91403526 -0.039605387 0.40369666
vn -0.91403526 -0.039605387 0.40369666
vn -0.91403526 -0.039605387 0.40369666
vn -0.9898501 0.12557645 -0.06653831
vn -0.9898501 0.12557645 -0.06653831
vn -0.9898501 0.12557645 -0.06653831
vn -0.9898501 0.12557645 -0.06653831
vn -0.841302 0.25057876 -0.47897938
vn -0.841302 0.25057876 -0.47897938
vn -0.841302 0.25057876 -0.47897938
vn -0.841302 0.25057876 -0.47897938
vn 0.102013245 0.9437495 0.31453168
vn 0.102013245 0.9437495 0.31453168
vn 0.102013245 0.9437495 0.31453168
vn 0.102013245 0.9437495 0.31453168
vn 0.101983204 0.9437553 0.31452408
vn -0.05379596 -0.9479527 -0.3138337
vn -0.05379596 -0.9479527 -0.3138337
vn -0.05379596 -0.9479527 -0.3138337
vn -0.05379596 -0.9479527 -0.3138337
vn -0.19425867 -0.9103225 -0.36548132
vn -0.19425867 -0.9103225 -0.36548132
vn -0.19425867 -0.9103225 -0.36548132
vn -0.17805278 -0.9279265 -0.32748985
vn -0.17805278 -0.9279265 -0.32748985
vn -0.17805278 -0.9279265 -0.32748985
vn -0.16795643 -0.9266887 -0.33621243
vn -0.16795643 -0.9266887 -0.33621243
vn 0.20014772 -0.02484381 -0.9794507
vn 0.20014772 -0.02484381 -0.9794507
vn 0.20014772 -0.02484381 -0.9794507
vn 0.20014772 -0.02484381 -0.9794507
vn 0.20049603 -0.024817863 -0.97938013
vn 0.20049603 -0.024817863 -0.97938013
vn 0.20049593 -0.024786253 -0.97938097
vn 0.20049593 -0.024786253 -0.97938097
vn 0.20049322 -0.024784643 -0.9793815
vn 0.20049322 -0.024784643 -0.9793815
vn 0.20050067 -0.024786815 -0.97937995
vn -0.9064842 0.4222399 0.0
vn -0.9064842 0.4222399 0.0
vn -0.9064842 0.4222399 0.0
vn -0.9064842 0.4222399 0.0
vn -0.9064842 0.4222399 0.0
vn -0.40139884 -0.9159034 0.0
vn -0.40139884 -0.9159034 0.0
vn -0.40139884 -0.9159034 0.0
vn -0.40139884 -0.9159034 0.0
vn -0.40139884 -0.9159034 0.0
vn 0.004627644 0.9999893 0.0
vn 0.004627644 0.9999893 0.0
vn 0.004627644 0.9999893 0.0
vn 0.004627644 0.9999893 0.0
vn 0.041438352 0.9991411 0.0
vn 0.041438352 0.9991411 0.0
vn -0.33337885 0.94279295 0.0
vn -0.33337885 0.94279295 0.0
vn -0.33337885 0.94279295 0.0
vn -0.33337885 0.94279295 0.0
vn -0.7147628 0.699367 0.0
vn -0.7147628 0.699367 0.0
vn -0.7147628 0.699367 0.0
vn -0.7147628 0.699367 0.0
vn -0.3164969 -0.94859356 0.0
vn -0.3164969 -0.94859356 0.0
vn -0.3164969 -0.94859356 0.0
vn -0.3164969 -0.94859356 0.0
vn 0.78951204 0.6137351 0.0
vn 0.78951204 0.6137351 0.0
vn 0.78951204 0.6137351 0.0
vn 0.78951204 0.6137351 0.0
vn 0.78951204 0.6137351 0.0
vn 0.14323674 0.98968846 0.0
vn 0.14323674 0.98968846 0.0
vn 0.14323674 0.98968846 0.0
vn 0.14323674 0.98968846 0.0
vn -0.24200532 -0.9702749 0.0
vn -0.24200532 -0.9702749 0.0
vn -0.24200532 -0.9702749 0.0
vn -0.24200532 -0.9702749 0.0
vn 0.59537596 -0.8034472 0.0
vn 0.59537596 -0.8034472 0.0
vn 0.59537596 -0.8034472 0.0
vn 0.59537596 -0.8034472 0.0
vn -0.0 0.9423791 -0.33454695
vn -0.0 0.94237983 -0.33454484
vn -0.0 0.94237983 -0.33454484
vn -0.0 0.9423791 -0.33454695
vn -0.0 0.94238055 -0.33454275
vn -0.0 0.94238055 -0.33454275
vn 0.9322804 0.33281356 -0.14173317
vn 0.93083364 0.33632693 -0.14294374
vn 0.9322804 0.33281356 -0.14173317
vn 0.93083364 0.33632693 -0.14294374
vn 0.9293721 0.33983496 -0.14415203
vn 0.9293721 0.33983496 -0.14415203
vn 0.021034347 0.9425843 -0.33330536
vn 0.019281728 0.9426249 -0.3332964
vn 0.021034347 0.9425843 -0.33330536
vn 0.019281728 0.9426249 -0.3332964
vn 0.017529055 0.94266266 -0.33328637
vn 0.017529055 0.94266266 -0.33328637
vn -0.021048954 0.942584 -0.33330524
vn -0.019286944 0.9426248 -0.33329627
vn -0.017524872 0.9426627 -0.3332864
vn -0.9248776 0.37571162 -0.05866999
vn -0.94066215 0.33408502 -0.059513833
vn -0.9248776 0.37571162 -0.05866999
vn -0.94066215 0.33408502 -0.059513833
vn -0.9545817 0.29179606 -0.06023969
vn -0.9545817 0.29179606 -0.06023969
vn -0.025676727 0.9643316 -0.26344857
vn -0.014586063 0.9347651 -0.35496688
vn -0.025676727 0.9643316 -0.26344857
vn -0.014586063 0.9347651 -0.35496688
vn -0.0033388564 0.895289 -0.44547337
vn -0.0033388564 0.895289 -0.44547337
vn -0.0033388564 0.895289 -0.44547337
vn -0.0033388564 0.895289 -0.44547337
vn 0.003338678 0.895289 -0.44547337
vn 0.003338678 0.895289 -0.44547337
vn 0.014586237 0.9347652 -0.3549665
vn 0.014586237 0.9347652 -0.3549665
vn 0.025673328 0.96433204 -0.2634475
vn 0.025673328 0.96433204 -0.2634475
vn 0.9145128 0.40135175 -0.050824087
vn 0.9145128 0.40135175 -0.050824087
vn 0.9145128 0.40135175 -0.050824087
vn -0.03509465 0.99163336 0.12422387
vn -0.03509465 0.99163336 0.12422387
vn -0.03509465 0.99163336 0.12422387
vn -0.03509465 0.99163336 0.12422387
vn -0.025117327 0.9876145 0.15487635
vn -0.025117327 0.9876145 0.15487635
vn 0.014489017 0.99989486 5.2463467E-4
vn 0.014489017 0.99989486 5.2463467E-4
vn 0.014489017 0.99989486 5.2463467E-4
vn 0.014489017 0.99989486 5.2463467E-4
vn -0.014489017 0.99989486 5.2195793E-4
vn -0.014489017 0.99989486 5.2195793E-4
vn -0.0 -0.12830488 -0.99173474
vn -0.0 -0.12830488 -0.99173474
vn -0.0 -0.12830488 -0.99173474
vn 0.0078784935 -0.09580698 -0.9953687
vn 0.0078784935 -0.09580698 -0.9953687
vn 0.0061660204 -0.0972546 -0.99524045
vn 0.0061660204 -0.0972546 -0.99524045
vn -0.051542513 -0.10850208 -0.9927591
vn -0.0 -0.12829891 -0.9917355
vn -0.0078784935 -0.09580698 -0.9953687
vn -0.0 -0.12829891 -0.9917355
vn -0.0 -0.12829891 -0.9917355
vn -0.051542513 -0.10850208 -0.9927591
vn -0.051542513 -0.10850208 -0.9927591
vn -0.051542513 -0.10850208 -0.9927591
vn -0.051542513 -0.10850208 -0.9927591
vn 0.051544715 -0.10850142 -0.99275905
vn 0.051544715 -0.10850142 -0.99275905
vn 0.051544715 -0.10850142 -0.99275905
vn 0.051544715 -0.10850142 -0.99275905
vn -0.0 -0.114616744 -0.9934098
vn -0.0 -0.114616744 -0.9934098
vn -0.0 -0.114616744 -0.9934098
vn 2.8898162E-6 -0.114616744 -0.9934098
vn -0.90094125 0.3969775 -0.17525332
vn -0.90094125 0.3969775 -0.17525332
vn -0.90094125 0.3969775 -0.17525332
vn -0.90094125 0.3969775 -0.17525332
vn -0.9333606 0.3430963 -0.10546574
vn -0.9333606 0.3430963 -0.10546574
vn -0.9333606 0.3430963 -0.10546574
vn -0.9333606 0.3430963 -0.10546574
vn -0.84655434 -0.31091607 -0.4320613
vn -0.84655434 -0.31091607 -0.4320613
vn -0.84655434 -0.31091607 -0.4320613
vn -0.84655434 -0.31091607 -0.4320613
vn -0.84655434 -0.31091607 -0.4320613
vn -0.0061565135 0.5030032 0.86426264
vn -0.0061565135 0.5030032 0.86426264
vn -0.0061565135 0.5030032 0.86426264
vn -0.0061565135 0.5030032 0.86426264
vn 0.0061564175 0.5029954 0.8642671
vn 0.0061564175 0.5029954 0.8642671
vn 0.0061564175 0.5029954 0.8642671
vn -0.009182565 -0.9993642 0.034450874
vn -0.009182565 -0.9993642 0.034450874
vn -0.009182565 -0.9993642 0.034450874
vn -0.009182565 -0.9993642 0.034450874
vn 0.009182179 -0.9993642 0.034450874
vn 0.009182179 -0.9993642 0.034450874
vn -0.0 0.9423793 -0.33454636
vn -0.0 0.94237965 -0.3345453
vn -0.0 0.9423793 -0.33454636
vn -0.0 0.94237965 -0.3345453
vn -0.0 0.9423801 -0.33454427
vn -0.0 0.9423801 -0.33454427
vn -0.9322832 0.33280733 -0.14172968
vn -0.9308363 0.33632085 -0.1429407
vn -0.9308363 0.33632085 -0.1429407
vn -0.9322832 0.33280733 -0.14172968
vn -0.9293746 0.339829 -0.14414951
vn -0.9293746 0.339829 -0.14414951
vn 0.9248775 0.37571162 -0.05867084
vn 0.94066155 0.33408648 -0.059514888
vn 0.94066155 0.33408648 -0.059514888
vn 0.9248775 0.37571162 -0.05867084
vn 0.9545807 0.29179904 -0.060240947
vn 0.9545807 0.29179904 -0.060240947
vn -0.9145128 0.4013518 -0.050824087
vn -0.9145128 0.4013518 -0.050824087
vn -0.9145128 0.4013518 -0.050824087
vn 0.035094664 0.9916337 0.12422115
vn 0.035094664 0.9916337 0.12422115
vn 0.035094664 0.9916337 0.12422115
vn 0.035094664 0.9916337 0.12422115
vn 0.025122507 0.9876144 0.15487634
vn 0.025122507 0.9876144 0.15487634
vn 0.90094227 0.39697567 -0.17525241
vn 0.90094227 0.39697567 -0.17525241
vn 0.90094227 0.39697567 -0.17525241
vn 0.90094227 0.39697567 -0.17525241
vn 0.93335766 0.34310356 -0.105468035
vn 0.93335766 0.34310356 -0.105468035
vn 0.93335766 0.34310356 -0.105468035
vn 0.93335766 0.34310356 -0.105468035
vn 0.8465811 -0.31089124 -0.43202677
vn 0.8465811 -0.31089124 -0.43202677
vn 0.8465811 -0.31089124 -0.43202677
vn 0.8465811 -0.31089124 -0.43202677
vn 0.8465811 -0.31089124 -0.43202677
vn 0.0013081396 0.9737339 -0.2276854
vn 0.0028573652 0.900255 -0.43535358
vn 0.00571463 0.90078205 -0.43423387
vn 6.542545E-4 0.9734495 -0.22890082
vn 0.003958098 0.91243136 -0.40921068
vn 0.001979063 0.9125685 -0.4089191
vn 0.0011158454 0.9266437 -0.37593904
vn 5.5792305E-4 0.92694587 -0.37519473
vn -0.0030305085 0.9382765 -0.3458727
vn -0.0015152501 0.93851316 -0.34524015
vn -0.002131393 0.9427991 -0.33335462
vn -0.0010656967 0.94286305 -0.33317888
vn 0.298044 0.7231832 -0.6230375
vn 0.03243245 0.70722497 -0.7062443
vn 0.70738316 0.6443852 -0.29047668
vn 0.63504386 0.664037 -0.39468238
vn 0.7067934 0.65489596 -0.2674963
vn 0.7067676 0.66440314 -0.24299799
vn 0.70658505 0.6729547 -0.21879084
vn 0.6021087 0.79747313 0.0387523
vn 0.02948882 0.90221417 0.43027902
vn 0.24389458 0.8984708 0.36505574
vn 0.45455647 -0.020499617 -0.890482
vn 0.99957716 0.00546129 0.028560061
vn 0.9470758 -0.017857293 -0.32051295
vn 0.99942136 0.0067547364 0.033336442
vn 0.9994265 0.006232022 0.033283766
vn 0.9992735 0.0065279575 0.037547532
vn 0.8929764 0.075274035 0.44376463
vn 0.35186 0.15753017 0.9227019
vn 0.24389458 0.8984708 0.36505574
vn 0.04188691 0.16896506 0.9847316
vn 0.99951464 0.0 0.031152112
vn 0.954466 0.0 -0.2983197
vn 0.9993385 0.0 0.036367584
vn 0.99935853 0.0 0.03581123
vn 0.9992021 0.0 0.03993939
vn 0.8867605 0.0 0.4622292
vn 0.47540468 0.0 -0.87976724
vn 0.040176485 0.0 0.9991926
vn 0.3402306 0.0 0.94034207
vn 0.24389458 0.8984708 0.36505574
vn 0.02948882 0.90221417 0.43027902
vn 0.0515487 3.665916E-5 -0.9986705
vn 0.03243245 0.70722497 -0.7062443
vn 0.05154854 0.0 -0.9986705
vn -0.002858124 0.90025467 -0.43535438
vn -6.5462315E-4 0.9734495 -0.22890085
vn -0.0019788963 0.9125683 -0.40891966
vn -5.5764907E-4 0.926946 -0.37519443
vn 0.0015151276 0.9385133 -0.34523985
vn 0.0010658719 0.94287604 -0.33314213
vn -0.29803994 0.7231825 -0.62304026
vn -0.032431744 0.7072249 -0.70624435
vn -0.7073832 0.6443848 -0.2904775
vn -0.635041 0.66403747 -0.39468625
vn -0.7067934 0.65489584 -0.2674967
vn -0.7067677 0.6644033 -0.24299754
vn -0.70658517 0.67295474 -0.2187909
vn -0.6020886 0.7974863 0.038793184
vn -0.029483238 0.90219444 0.43032077
vn -0.24386421 0.8984565 0.36511114
vn -0.99957716 0.005461334 0.02856021
vn -0.94707143 -0.0178572 -0.32052583
vn -0.99942136 0.006754778 0.033336595
vn -0.9994265 0.0062320502 0.033283748
vn -0.9992735 0.0065280376 0.03754746
vn -0.8929628 0.07527902 0.4437911
vn -0.45454535 -0.020499239 -0.8904877
vn -0.35182717 0.15752928 0.9227146
vn -0.24386421 0.8984565 0.36511114
vn -0.041878857 0.16895866 0.984733
vn -0.99951464 0.0 0.03115215
vn -0.95445997 0.0 -0.298339
vn -0.9993385 0.0 0.036367543
vn -0.99935853 0.0 0.03581106
vn -0.99920213 0.0 0.039939303
vn -0.8867477 0.0 0.46225366
vn -0.47538882 0.0 -0.8797758
vn -0.0515504 3.665916E-5 -0.9986704
vn -0.032431744 0.7072249 -0.70624435
vn -0.05155294 0.0 -0.9986703
vn -0.040167198 0.0 0.99919295
vn -0.3402003 0.0 0.940353
vn -0.24386421 0.8984565 0.36511114
vn -0.029483238 0.90219444 0.43032077
vn 1.678287E-5 0.995127 -0.09860122
vn 1.8969495E-5 0.9955822 -0.09389355
vn 3.7939E-5 0.9955822 -0.09389348
vn 8.391435E-6 0.99512714 -0.09859998
vn 1.7745113E-5 0.9932859 0.11568586
vn 8.872556E-6 0.9932862 0.115683
vn 6.0121805E-5 0.86076313 0.5090057
vn 3.0060994E-5 0.8607598 0.5090113
vn 1.0460673E-5 0.5520247 0.8338277
vn 5.2303176E-6 0.55203295 0.83382225
vn -2.1479455E-4 0.5159 0.8566488
vn -1.0739717E-4 0.5159229 0.85663503
vn -2.500681E-4 0.69666713 0.71739453
vn -1.2503381E-4 0.6966704 0.7173913
vn -8.4421226E-5 0.7934933 0.6085791
vn -4.2210617E-5 0.7934915 0.6085813
vn -0.0 0.8185927 0.5743744
vn -0.0 0.8185936 0.5743731
vn -0.0 0.87139255 0.49058634
vn -0.0 0.87139195 0.4905874
vn -0.0 0.94047403 0.3398656
vn -0.0 0.94047356 0.33986682
vn -0.0 0.9569042 0.2904039
vn -0.0 0.9569034 0.2904063
vn -0.0 0.8244719 0.5659028
vn -0.0 0.8244756 0.56589746
vn -0.0 0.5651777 0.82496923
vn -0.0 0.56518507 0.8249641
vn 3.1711832E-6 0.2456799 0.969351
vn 1.5855915E-6 0.24567983 0.969351
vn 0.7064605 0.575959 0.4113207
vn 0.70931304 0.50874966 0.4879025
vn 0.70694405 0.59373045 0.38433608
vn 0.70770735 0.62746215 0.32471758
vn 0.70807743 0.669258 0.2252112
vn 0.7078598 0.67506605 0.20789468
vn 0.7201189 0.5576038 0.41292465
vn 0.70818293 0.3677742 0.6026766
vn 0.6850665 -0.034631632 0.7276568
vn 0.3158856 -0.5622477 0.7642603
vn 0.99938214 0.025942892 -0.02371427
vn 0.99908906 0.035084322 -0.024292873
vn 0.70910704 0.38942206 0.58780754
vn 0.7114173 0.41417485 0.56775403
vn 0.7230232 0.60667604 0.33042645
vn 0.7080412 0.70217675 0.07500354
vn 0.7089302 0.70329267 -0.05288994
vn 0.6211637 0.7139859 -0.3230785
vn 0.25753906 0.72750276 -0.635935
vn -0.0 0.70717907 -0.70703447
vn 0.9397367 -0.016001621 -0.3415243
vn 0.9998217 0.0015258564 0.018819187
vn 0.9999384 0.0042727385 -0.010241614
vn 0.9993297 0.02077696 -0.030140435
vn 0.998907 0.036162436 -0.029613808
vn 0.40718058 -0.017940931 -0.91317147
vn 0.25753906 0.72750276 -0.635935
vn -0.0 5.635798E-5 -1.0
vn 0.25753906 0.72750276 -0.635935
vn -0.0 -9.174929E-5 -1.0
vn 0.43956906 -0.016885342 -0.89805007
vn 0.9510326 -0.01441904 -0.30875412
vn 0.99982154 0.0015262556 0.018830588
vn 0.99992454 0.0046491325 -0.011371121
vn 0.999223 0.022312822 -0.032488447
vn 0.9988259 0.03735631 -0.030844338
vn 0.9990941 0.0349925 -0.024217395
vn 0.99938834 0.025802778 -0.023602279
vn 0.9994175 0.021371402 -0.026609186
vn 0.9993057 0.02094626 -0.030810324
vn 0.9993896 0.016801126 -0.030629257
vn 0.99975777 0.008573118 -0.020269606
vn 0.99998796 -0.0027658625 0.0040588435
vn 0.99932015 -0.023461202 0.028440515
vn 0.99852115 -0.04495489 0.030570168
vn 0.9287245 -0.36677924 0.054256678
vn 0.41566232 -0.90848094 0.043442387
vn 1.6311221E-6 -0.70710677 0.70710677
vn -3.841224E-6 -1.0 0.0
vn 0.9993961 0.01671426 -0.03046359
vn 0.9993085 0.020904938 -0.03074765
vn 0.99976057 0.008518863 -0.02015507
vn 0.9999848 -0.0030296582 0.0046105203
vn 0.99923766 -0.024849491 0.030110192
vn 0.99841785 -0.046360467 0.031819116
vn 0.89510155 -0.44128248 0.06374155
vn 0.89510155 -0.44128248 0.06374155
vn 0.34448895 -0.93747777 0.049627345
vn 0.89510155 -0.44128248 0.06374155
vn -3.841224E-6 -1.0 0.0
vn -0.41567802 -0.9084738 0.043440927
vn -0.31589502 -0.56223696 0.76426435
vn -0.92873126 -0.36676252 0.054254543
vn -0.68507236 -0.03461753 0.727652
vn 5.279901E-7 0.24567907 0.96935123
vn -0.70818275 0.3677725 0.6026779
vn 5.145998E-7 0.56518453 0.8249645
vn -1.3797478E-7 0.82447624 0.56589663
vn 1.0512903E-7 0.95690376 0.29040527
vn -1.7998109E-7 0.94047356 0.33986682
vn -4.184568E-7 0.87139195 0.4905874
vn 5.5816383E-7 0.818593 0.57437396
vn 4.197038E-5 0.79349107 0.6085819
vn 1.2422069E-4 0.69667065 0.717391
vn 1.05924715E-4 0.5159227 0.85663515
vn -8.515083E-6 0.55203277 0.8338224
vn -3.2649867E-5 0.8607592 0.50901246
vn -9.564803E-6 0.993286 0.11568446
vn -1.8988712E-5 0.9955822 -0.093893774
vn -8.391431E-6 0.9951271 -0.09860043
vn -0.6212005 0.7139769 -0.32302785
vn -0.7089302 0.7032927 -0.05288932
vn -0.7080413 0.7021764 0.07500573
vn -0.72302276 0.6066757 0.33042797
vn -0.7114172 0.41417602 0.56775326
vn -0.709107 0.38942233 0.5878075
vn -0.70931304 0.50874966 0.48790237
vn -0.70646036 0.5759591 0.4113208
vn -0.70694405 0.59372985 0.384337
vn -0.7077074 0.62746215 0.32471743
vn -0.7080775 0.66925806 0.22521085
vn -0.7078599 0.67506653 0.20789333
vn -0.7201192 0.55760384 0.4129242
vn -0.99938214 0.025942681 -0.023714181
vn -0.9990891 0.035083763 -0.024292432
vn -0.9994174 0.021371692 -0.026609555
vn -0.9993057 0.020946208 -0.0308102
vn -0.9993896 0.016800972 -0.030629097
vn -0.99975777 0.008573035 -0.020269759
vn -0.99998796 -0.0027658874 0.0040589534
vn -0.9993201 -0.023461817 0.028441118
vn -0.99852115 -0.044955432 0.030570544
vn -0.9990942 0.034990977 -0.024216486
vn -0.99882597 0.037355363 -0.030843705
vn -0.998907 0.036162823 -0.029613944
vn -0.9993297 0.020777501 -0.030140603
vn -0.9999384 0.0042726407 -0.01024151
vn -0.9998217 0.0015259616 0.01881947
vn -0.93974894 -0.015999813 -0.34149063
vn -0.40721586 -0.017939774 -0.91315573
vn -0.25759023 0.7275161 -0.635899
vn -0.43955603 -0.016885852 -0.89805645
vn -0.95102817 -0.014419666 -0.30876777
vn -0.99982154 0.0015263497 0.01883074
vn -0.99992454 0.004649226 -0.011371143
vn -0.999223 0.022313422 -0.032488722
vn -0.25759023 0.7275161 -0.635899
vn -0.25759023 0.7275161 -0.635899
vn 0.3158856 -0.5622477 0.7642603
vn -0.31589502 -0.56223696 0.76426435
vn 0.9994185 0.02135099 -0.026586113
vn -0.99938834 0.025802772 -0.023602335
vn -0.9994185 0.02135079 -0.026585909
vn -0.9993086 0.020904515 -0.030747069
vn -0.99939615 0.016713979 -0.03046304
vn -0.99976057 0.008518701 -0.020154847
vn -0.9999848 -0.0030295816 0.004610589
vn -0.99923766 -0.024849754 0.030110274
vn -0.99841785 -0.046360467 0.03181887
vn -0.895107 -0.44127163 0.06374003
vn -0.895107 -0.44127163 0.06374003
vn -0.3445 -0.9374737 0.049626626
vn -0.895107 -0.44127163 0.06374003
vn -1.2034558E-5 0.94643885 0.32288304
vn -1.2034558E-5 0.94643885 0.32288304
vn -1.2034558E-5 0.94643885 0.32288304
vn -5.056163E-4 0.9463885 0.32303023
vn -5.056163E-4 0.9463885 0.32303023
vn -5.056163E-4 0.9463885 0.32303023
vn -0.87688553 0.15492731 -0.45504865
vn -0.87688553 0.15492731 -0.45504865
vn -0.87688553 0.15492731 -0.45504865
vn -0.87688553 0.15492731 -0.45504865
vn -0.87688553 0.15492731 -0.45504865
vn -0.87688553 0.15492731 -0.45504865
vn -0.84633195 -0.17242958 0.5039745
vn -0.84633195 -0.17242958 0.5039745
vn -0.84633195 -0.17242958 0.5039745
vn -0.84633195 -0.17242958 0.5039745
vn 0.0034224377 -0.32295194 0.9464092
vn 0.0034224377 -0.32295194 0.9464092
vn 0.0034224377 -0.32295194 0.9464092
vn 0.0034224377 -0.32295194 0.9464092
vn 0.85007757 -0.16997226 0.49847522
vn 0.85007757 -0.16997226 0.49847522
vn 0.85007757 -0.16997226 0.49847522
vn 0.85007757 -0.16997226 0.49847522
vn 0.8734792 0.15723352 -0.46077296
vn 0.8734792 0.15723352 -0.46077296
vn 0.8734792 0.15723352 -0.46077296
vn 0.8734792 0.15723352 -0.46077296
vn 0.8734792 0.15723352 -0.46077296
vn -0.003477098 0.32293788 -0.94641376
vn -0.003477098 0.32293788 -0.94641376
vn -0.003477098 0.32293788 -0.94641376
vn -0.003477098 0.32293788 -0.94641376
vn -9.1871145E-5 0.95692873 0.29032284
vn -9.1871145E-5 0.95692873 0.29032284
vn -9.1871145E-5 0.95692873 0.29032284
vn -9.1871145E-5 0.95692873 0.29032284
vn -3.9060295E-5 0.9568044 0.2907324
vn -0.852292 0.45325035 -0.2610795
vn -0.852292 0.45325035 -0.2610795
vn -0.852292 0.45325035 -0.2610795
vn -0.852292 0.45325035 -0.2610795
vn -0.0024707508 0.63004965 -0.7765509
vn -0.0024707508 0.63004965 -0.7765509
vn -0.0024707508 0.63004965 -0.7765509
vn -0.0024707508 0.63004965 -0.7765509
vn 0.8531537 0.43927538 -0.28136426
vn 0.8531537 0.43927538 -0.28136426
vn 0.8531537 0.43927538 -0.28136426
vn 0.8531537 0.43927538 -0.28136426
vn 0.33803785 0.0055905995 0.941116
vn 0.33803785 0.0055905995 0.941116
vn 0.33803785 0.0055905995 0.941116
vn 0.33803785 0.0055905995 0.941116
vn -0.3317012 0.0047174157 0.9433727
vn -0.3317012 0.0047174157 0.9433727
vn -0.3317012 0.0047174157 0.9433727
vn -0.3317012 0.0047174157 0.9433727
vn -1.07783686E-4 0.9463216 0.32322654
vn -1.07783686E-4 0.9463216 0.32322654
vn -1.07783686E-4 0.9463216 0.32322654
vn -1.07783686E-4 0.9463216 0.32322654
vn -3.483211E-5 0.9464672 0.32280004
vn -3.220034E-5 0.9463478 0.32315004
vn -3.220034E-5 0.9463478 0.32315004
vn 0.93658036 0.35041466 -0.0051804776
vn 0.93658036 0.35041466 -0.0051804776
vn 0.93658036 0.35041466 -0.0051804776
vn 0.93658036 0.35041466 -0.0051804776
vn -0.23749332 0.016357819 0.9712514
vn -0.23749332 0.016357819 0.9712514
vn -0.23749332 0.016357819 0.9712514
vn -0.23749332 0.016357819 0.9712514
vn -0.777654 0.102338515 0.6203073
vn -0.777654 0.102338515 0.6203073
vn -0.777654 0.102338515 0.6203073
vn -0.777654 0.102338515 0.6203073
vn -0.79383665 0.12358824 0.59544045
vn -0.79383665 0.12358824 0.59544045
vn -0.8124965 0.14643654 0.56427455
vn -0.8124965 0.14643654 0.56427455
vn -0.84604293 0.43257773 -0.31158918
vn -0.84604293 0.43257773 -0.31158918
vn -0.84604293 0.43257773 -0.31158918
vn -0.84604293 0.43257773 -0.31158918
vn 0.49401945 0.55506307 -0.6692158
vn 0.49401945 0.55506307 -0.6692158
vn 0.49401945 0.55506307 -0.6692158
vn 0.49401945 0.55506307 -0.6692158
vn 1.0778367E-4 0.94632137 0.32322738
vn 1.0778367E-4 0.94632137 0.32322738
vn 1.0778367E-4 0.94632137 0.32322738
vn 1.0778367E-4 0.94632137 0.32322738
vn 3.4832112E-5 0.94646716 0.32280007
vn 3.2228887E-5 0.94635 0.32314345
vn 3.2228887E-5 0.94635 0.32314345
vn -0.9365803 0.35041484 -0.0051787146
vn -0.9365803 0.35041484 -0.0051787146
vn -0.9365803 0.35041484 -0.0051787146
vn -0.9365803 0.35041484 -0.0051787146
vn 0.23749615 0.016358044 0.9712507
vn 0.23749615 0.016358044 0.9712507
vn 0.23749615 0.016358044 0.9712507
vn 0.23749615 0.016358044 0.9712507
vn 0.7776513 0.102338046 0.6203107
vn 0.7776513 0.102338046 0.6203107
vn 0.7776513 0.102338046 0.6203107
vn 0.7776513 0.102338046 0.6203107
vn 0.79383665 0.12358851 0.59544045
vn 0.79383665 0.12358851 0.59544045
vn 0.8124977 0.14643718 0.5642727
vn 0.8124977 0.14643718 0.5642727
vn 0.84604436 0.4325774 -0.31158566
vn 0.84604436 0.4325774 -0.31158566
vn 0.84604436 0.4325774 -0.31158566
vn 0.84604436 0.4325774 -0.31158566
vn -0.4940231 0.5550669 -0.66920996
vn -0.4940231 0.5550669 -0.66920996
vn -0.4940231 0.5550669 -0.66920996
vn -0.4940231 0.5550669 -0.66920996
vn 5.01511E-4 0.93624073 0.35135886
vn 5.01511E-4 0.93624073 0.35135886
vn 5.01511E-4 0.93624073 0.35135886
vn 5.01511E-4 0.93624073 0.35135886
vn -2.1934628E-5 0.9383475 0.34569338
vn 0.032043308 0.94722867 0.31895316
vn 0.032043308 0.94722867 0.31895316
vn -0.03192245 0.9471968 0.3190599
vn -0.03192245 0.9471968 0.3190599
vn -0.48197666 0.061431993 0.8740278
vn -0.48197666 0.061431993 0.8740278
vn -0.48197666 0.061431993 0.8740278
vn -0.48197666 0.061431993 0.8740278
vn -0.9311659 0.28781697 0.22381133
vn -0.9311659 0.28781697 0.22381133
vn -0.9311659 0.28781697 0.22381133
vn -0.9311659 0.28781697 0.22381133
vn 0.004187315 0.036352474 0.9993302
vn 0.004187315 0.036352474 0.9993302
vn 0.004187315 0.036352474 0.9993302
vn 0.004187315 0.036352474 0.9993302
vn 0.9318499 0.2902263 0.21777172
vn 0.9318499 0.2902263 0.21777172
vn 0.9318499 0.2902263 0.21777172
vn 0.9318499 0.2902263 0.21777172
vn 0.48768997 0.06302028 0.87073934
vn 0.48768997 0.06302028 0.87073934
vn 0.48768997 0.06302028 0.87073934
vn 0.48768997 0.06302028 0.87073934
vn 0.71771806 0.5317671 -0.44956037
vn 0.71771806 0.5317671 -0.44956037
vn 0.71771806 0.5317671 -0.44956037
vn 0.71771806 0.5317671 -0.44956037
vn 0.71771806 0.5317671 -0.44956037
vn -0.34783384 0.55475307 -0.7558179
vn -0.34783384 0.55475307 -0.7558179
vn -0.34783384 0.55475307 -0.7558179
vn -0.34783384 0.55475307 -0.7558179
vn 0.33442944 0.54132086 -0.7714459
vn 0.33442944 0.54132086 -0.7714459
vn 0.33442944 0.54132086 -0.7714459
vn 0.33442944 0.54132086 -0.7714459
vn -0.7178356 0.45242757 -0.5291705
vn -0.7178356 0.45242757 -0.5291705
vn -0.7178356 0.45242757 -0.5291705
vn -0.7178356 0.45242757 -0.5291705
vt 0.10529268 0.72842515
vt 0.06605947 0.71961087
vt 0.06811702 0.70651615
vt 0.09515828 0.7367598
vt 0.06811702 0.70651615
vt 0.05135289 0.7195914
vt 0.049328208 0.70649123
vt 0.06605947 0.71961087
vt 0.049328208 0.70649123
vt 0.022211015 0.7366652
vt 0.012097478 0.72830427
vt 0.05135289 0.7195914
vt 0.012097478 0.72830427
vt 0.014841288 0.7496188
vt 0.0026821196 0.7448535
vt 0.022211015 0.7366652
vt 0.014841288 0.7496188
vt 0.0026821196 0.7448535
vt 0.014798544 0.783842
vt 0.0026275069 0.788576
vt 0.014841288 0.7496188
vt 0.0026275069 0.788576
vt 0.022135705 0.79681426
vt 0.012001172 0.805149
vt 0.014798544 0.783842
vt 0.012001172 0.805149
vt 0.051234573 0.8139637
vt 0.04917705 0.82705855
vt 0.022135705 0.79681426
vt 0.04917705 0.82705855
vt 0.065941334 0.8139825
vt 0.0679661 0.8270826
vt 0.051234573 0.8139637
vt 0.0679661 0.8270826
vt 0.095083 0.79690874
vt 0.1051966 0.8052696
vt 0.065941334 0.8139825
vt 0.1051966 0.8052696
vt 0.1024527 0.7839542
vt 0.11461192 0.7887193
vt 0.095083 0.79690874
vt 0.1024527 0.7839542
vt 0.11461192 0.7887193
vt 0.10249549 0.7497325
vt 0.11466658 0.7449987
vt 0.1024527 0.7839542
vt 0.11466658 0.7449987
vt 0.09515828 0.7367598
vt 0.10529268 0.72842515
vt 0.10249549 0.7497325
vt 0.0682646 0.7612002
vt 0.058647037 0.7667866
vt 0.05870241 0.7555163
vt 0.0490849 0.76110256
vt 0.0490295 0.77237296
vt 0.058647037 0.7667866
vt 0.058591634 0.77805686
vt 0.06820917 0.77247036
vt 0.09515828 0.7367598
vt 0.06639576 0.73212934
vt 0.06605947 0.71961087
vt 0.08449918 0.74289036
vt 0.05201423 0.7238714
vt 0.06586039 0.7345233
vt 0.051751465 0.73445135
vt 0.06538725 0.72388935
vt 0.05877173 0.7414108
vt 0.05135289 0.7195914
vt 0.033031017 0.74262834
vt 0.022211015 0.7366652
vt 0.05123952 0.73205197
vt 0.0188144 0.751176
vt 0.034800887 0.74429697
vt 0.027685136 0.75669706
vt 0.025515825 0.7393968
vt 0.03711745 0.753989
vt 0.014841288 0.7496188
vt 0.025282472 0.7772862
vt 0.014798544 0.783842
vt 0.025387138 0.75594777
vt 0.025447115 0.79409057
vt 0.027587578 0.7765604
vt 0.034580886 0.7890321
vt 0.018775627 0.7822948
vt 0.03699276 0.77936435
vt 0.022135705 0.79681426
vt 0.050898433 0.8014451
vt 0.051234573 0.8139637
vt 0.032794774 0.7906837
vt 0.06527978 0.8097014
vt 0.0514338 0.79905057
vt 0.06554282 0.79912186
vt 0.051906824 0.8096845
vt 0.058522344 0.792162
vt 0.065941334 0.8139825
vt 0.08426303 0.790946
vt 0.095083 0.79690874
vt 0.06605446 0.8015219
vt 0.09847963 0.7823981
vt 0.082493305 0.7892764
vt 0.08960867 0.77687657
vt 0.0917784 0.7941766
vt 0.08017659 0.77958405
vt 0.1024527 0.7839542
vt 0.09201157 0.75628805
vt 0.10249549 0.7497325
vt 0.09190667 0.77762544
vt 0.091846704 0.73948306
vt 0.08970648 0.7570134
vt 0.08271319 0.74454135
vt 0.09851849 0.7512789
vt 0.080301344 0.7542093
vt 0.06605947 0.71961087
vt 0.05201423 0.7238714
vt 0.05135289 0.7195914
vt 0.06538725 0.72388935
vt 0.06639576 0.73212934
vt 0.06538725 0.72388935
vt 0.06605947 0.71961087
vt 0.06639576 0.73212934
vt 0.06586039 0.7345233
vt 0.022211015 0.7366652
vt 0.0188144 0.751176
vt 0.014841288 0.7496188
vt 0.025515825 0.7393968
vt 0.033031017 0.74262834
vt 0.025515825 0.7393968
vt 0.022211015 0.7366652
vt 0.034800887 0.74429697
vt 0.014798544 0.783842
vt 0.025447115 0.79409057
vt 0.022135705 0.79681426
vt 0.018775627 0.7822948
vt 0.025282472 0.7772862
vt 0.018775627 0.7822948
vt 0.014798544 0.783842
vt 0.025282472 0.7772862
vt 0.027587578 0.7765604
vt 0.051234573 0.8139637
vt 0.06527978 0.8097014
vt 0.065941334 0.8139825
vt 0.051906824 0.8096845
vt 0.050898433 0.8014451
vt 0.051906824 0.8096845
vt 0.051234573 0.8139637
vt 0.050898433 0.8014451
vt 0.0514338 0.79905057
vt 0.095083 0.79690874
vt 0.09847963 0.7823981
vt 0.1024527 0.7839542
vt 0.0917784 0.7941766
vt 0.08426303 0.790946
vt 0.0917784 0.7941766
vt 0.095083 0.79690874
vt 0.082493305 0.7892764
vt 0.10249549 0.7497325
vt 0.091846704 0.73948306
vt 0.09515828 0.7367598
vt 0.09851849 0.7512789
vt 0.09201157 0.75628805
vt 0.09851849 0.7512789
vt 0.10249549 0.7497325
vt 0.09201157 0.75628805
vt 0.08970648 0.7570134
vt 0.06639576 0.73212934
vt 0.08271319 0.74454135
vt 0.06586039 0.7345233
vt 0.08449918 0.74289036
vt 0.033031017 0.74262834
vt 0.051751465 0.73445135
vt 0.034800887 0.74429697
vt 0.05123952 0.73205197
vt 0.025282472 0.7772862
vt 0.027685136 0.75669706
vt 0.027587578 0.7765604
vt 0.025387138 0.75594777
vt 0.050898433 0.8014451
vt 0.034580886 0.7890321
vt 0.0514338 0.79905057
vt 0.032794774 0.7906837
vt 0.08426303 0.790946
vt 0.06554282 0.79912186
vt 0.082493305 0.7892764
vt 0.06605446 0.8015219
vt 0.09201157 0.75628805
vt 0.08960867 0.77687657
vt 0.08970648 0.7570134
vt 0.09190667 0.77762544
vt 0.05123952 0.73205197
vt 0.05201423 0.7238714
vt 0.051751465 0.73445135
vt 0.05123952 0.73205197
vt 0.05135289 0.7195914
vt 0.025387138 0.75594777
vt 0.0188144 0.751176
vt 0.027685136 0.75669706
vt 0.025387138 0.75594777
vt 0.014841288 0.7496188
vt 0.032794774 0.7906837
vt 0.025447115 0.79409057
vt 0.034580886 0.7890321
vt 0.022135705 0.79681426
vt 0.06605446 0.8015219
vt 0.06527978 0.8097014
vt 0.06554282 0.79912186
vt 0.06605446 0.8015219
vt 0.065941334 0.8139825
vt 0.09190667 0.77762544
vt 0.09847963 0.7823981
vt 0.08960867 0.77687657
vt 0.09190667 0.77762544
vt 0.1024527 0.7839542
vt 0.08449918 0.74289036
vt 0.091846704 0.73948306
vt 0.08271319 0.74454135
vt 0.09515828 0.7367598
vt 0.08271319 0.74454135
vt 0.05877173 0.7414108
vt 0.06586039 0.7345233
vt 0.080301344 0.7542093
vt 0.051751465 0.73445135
vt 0.03711745 0.753989
vt 0.034800887 0.74429697
vt 0.05877173 0.7414108
vt 0.027685136 0.75669706
vt 0.03699276 0.77936435
vt 0.027587578 0.7765604
vt 0.03711745 0.753989
vt 0.034580886 0.7890321
vt 0.058522344 0.792162
vt 0.0514338 0.79905057
vt 0.03699276 0.77936435
vt 0.06554282 0.79912186
vt 0.08017659 0.77958405
vt 0.082493305 0.7892764
vt 0.058522344 0.792162
vt 0.08960867 0.77687657
vt 0.080301344 0.7542093
vt 0.08970648 0.7570134
vt 0.08017659 0.77958405
vt 0.080301344 0.7542093
vt 0.05870241 0.7555163
vt 0.05877173 0.7414108
vt 0.0682646 0.7612002
vt 0.05877173 0.7414108
vt 0.0490849 0.76110256
vt 0.03711745 0.753989
vt 0.05870241 0.7555163
vt 0.03711745 0.753989
vt 0.0490295 0.77237296
vt 0.03699276 0.77936435
vt 0.0490849 0.76110256
vt 0.03699276 0.77936435
vt 0.058591634 0.77805686
vt 0.058522344 0.792162
vt 0.0490295 0.77237296
vt 0.058522344 0.792162
vt 0.06820917 0.77247036
vt 0.08017659 0.77958405
vt 0.058591634 0.77805686
vt 0.08017659 0.77958405
vt 0.0682646 0.7612002
vt 0.080301344 0.7542093
vt 0.06820917 0.77247036
vt 0.418506 0.11831528
vt 0.35497087 0.11167109
vt 0.3777053 0.13039142
vt 0.38984662 0.09419644
vt 0.36444095 0.07740563
vt 0.33088085 0.09718764
vt 0.33936432 0.06837499
vt 0.3100992 0.0900619
vt 0.3037048 0.06434196
vt 0.2910414 0.08717257
vt 0.29652542 0.064321995
vt 0.2929307 0.06431174
vt 0.27296034 0.064507544
vt 0.26035926 0.08637041
vt 0.21167205 0.065488875
vt 0.21328504 0.08572948
vt 0.14841244 0.06710088
vt 0.1402117 0.08537114
vt 0.12690471 0.06777835
vt 0.1132409 0.08560848
vt 0.08327483 0.06932515
vt 0.06437713 0.085807204
vt 0.3046362 0.06250799
vt 0.29745045 0.06247765
vt 0.292287 0.061776042
vt 0.30544245 0.03497106
vt 0.2986741 0.033502102
vt 0.25805786 0.043619156
vt 0.07922934 0.06812227
vt 0.059898008 0.08477104
vt 0.083213195 0.06852782
vt 0.10169947 0.04975623
vt 0.09775978 0.049560905
vt 0.10339133 0.049081326
vt 0.10228878 0.04808396
vt 0.1224038 0.048381984
vt 0.12115307 0.04728502
vt 0.12478834 0.048968434
vt 0.12569167 0.048558056
vt 0.14539228 0.0664013
vt 0.14397866 0.06447315
vt 0.14739154 0.06528878
vt 0.20658588 0.06474036
vt 0.20057133 0.06375909
vt 0.20417729 0.06284517
vt 0.2284368 0.045452952
vt 0.22474664 0.0449301
vt 0.23148304 0.044350684
vt 0.23015004 0.043255746
vt 0.25404027 0.04359263
vt 0.25266564 0.042513788
vt 0.2576782 0.044192135
vt 0.25408867 0.04740435
vt 0.27901232 0.06357825
vt 0.25117952 0.046604693
vt 0.2324185 0.047237694
vt 0.23031223 0.04803443
vt 0.2166967 0.064168334
vt 0.27454698 0.061837137
vt 0.2525228 0.048306823
vt 0.2509611 0.04748082
vt 0.24923007 0.051241815
vt 0.25110447 0.051383376
vt 0.25001693 0.052237153
vt 0.2321197 0.051823437
vt 0.23169826 0.052756846
vt 0.23225822 0.04809457
vt 0.23092788 0.048558116
vt 0.2307936 0.0522874
vt 0.21903214 0.06220585
vt 0.21960141 0.062779784
vt 0.27288547 0.061865628
vt 0.27288547 0.061865628
vt 0.37990642 0.13242644
vt 0.42049083 0.11999977
vt 0.42208448 0.1178419
vt 0.39315942 0.093693435
vt 0.36482266 0.07508969
vt 0.33998078 0.06645399
vt 0.358669 0.03903967
vt 0.32362777 0.03520161
vt 0.39090785 0.045782268
vt 0.43784413 0.072687685
vt 0.4876319 0.13347363
vt 0.48754516 0.1377042
vt 0.43099594 0.19162494
vt 0.4178311 0.19158089
vt 0.37676102 0.13341093
vt 0.37063643 0.13118196
vt 0.34822986 0.11268526
vt 0.3280386 0.10009539
vt 0.30572793 0.09154391
vt 0.2899763 0.08887339
vt 0.2594806 0.08831376
vt 0.21278642 0.08767235
vt 0.13769418 0.0869056
vt 0.11081557 0.087157905
vt 0.062601864 0.08724022
vt 0.05980589 0.086900055
vt 0.014090572 0.10844487
vt 0.014324833 0.10492796
vt 0.038640056 0.04324329
vt 0.068274036 0.013185918
vt 0.07309897 0.01091224
vt 0.10752182 0.009167612
vt 0.11464405 0.011165559
vt 0.14471626 0.038576126
vt 0.14940718 0.040007293
vt 0.18952078 0.037308156
vt 0.20057133 0.06375909
vt 0.19562666 0.03853488
vt 0.19562666 0.03853488
vt 0.21324268 0.0080010295
vt 0.22131336 0.0049954057
vt 0.24852332 0.004871905
vt 0.25805104 0.006519437
vt 0.12144347 0.052476168
vt 0.13236816 0.06681198
vt 0.11955862 0.051232994
vt 0.10623756 0.051463783
vt 0.10394338 0.052458942
vt 0.093131885 0.06815845
vt 0.11929907 0.05311048
vt 0.12820727 0.06388265
vt 0.12690336 0.06439257
vt 0.131117 0.06639868
vt 0.11719446 0.056144893
vt 0.11567831 0.056842506
vt 0.11529605 0.055862308
vt 0.11804369 0.051913083
vt 0.10611947 0.05234164
vt 0.10476564 0.052968502
vt 0.10591336 0.05622697
vt 0.10551187 0.057152748
vt 0.10457 0.05670458
vt 0.09649587 0.06499392
vt 0.09702559 0.06534284
vt 0.09415655 0.06739563
vt 0.094551966 0.06773013
vt 0.016708989 0.10955757
vt 0.06795046 0.110111535
vt 0.11919352 0.11063796
vt 0.22097832 0.11230403
vt 0.27061594 0.11399567
vt 0.28782457 0.11484057
vt 0.29670852 0.1152913
vt 0.32670832 0.122103095
vt 0.3458083 0.13395715
vt 0.36549097 0.16664124
vt 0.369688 0.17096007
vt 0.23092788 0.048558116
vt 0.2166967 0.064168334
vt 0.21903214 0.06220585
vt 0.23031223 0.04803443
vt 0.23092788 0.048558116
vt 0.21903214 0.06220585
vt 0.2307936 0.0522874
vt 0.25110447 0.051383376
vt 0.27288547 0.061865628
vt 0.27454698 0.061837137
vt 0.25001693 0.052237153
vt 0.27288547 0.061865628
vt 0.23169826 0.052756846
vt 0.21960141 0.062779784
vt 0.25001693 0.052237153
vt 0.98581964 0.25264102
vt 0.9506646 0.24533015
vt 0.96085626 0.2276777
vt 0.9681671 0.26283276
vt 0.96085626 0.2276777
vt 0.9267558 0.2389239
vt 0.9267557 0.21854061
vt 0.9506646 0.24533015
vt 0.9267557 0.21854061
vt 0.9028469 0.24533015
vt 0.89265525 0.2276777
vt 0.9267557 0.21854061
vt 0.9267558 0.2389239
vt 0.89265525 0.2276777
vt 0.8853443 0.26283276
vt 0.8676919 0.25264102
vt 0.9028469 0.24533015
vt 0.8676919 0.25264102
vt 0.87893796 0.28674185
vt 0.85855466 0.28674185
vt 0.8853443 0.26283276
vt 0.85855466 0.28674185
vt 0.8853443 0.31065053
vt 0.8676919 0.3208422
vt 0.87893796 0.28674185
vt 0.8676919 0.3208422
vt 0.9028469 0.32815307
vt 0.89265525 0.34580553
vt 0.8853443 0.31065053
vt 0.89265525 0.34580553
vt 0.9267558 0.33455944
vt 0.9267557 0.35494274
vt 0.9028469 0.32815307
vt 0.9267557 0.35494274
vt 0.9506646 0.32815307
vt 0.96085626 0.34580553
vt 0.9267557 0.35494274
vt 0.9267558 0.33455944
vt 0.96085626 0.34580553
vt 0.9681671 0.31065053
vt 0.98581964 0.3208422
vt 0.9506646 0.32815307
vt 0.98581964 0.3208422
vt 0.97457343 0.28674185
vt 0.9949568 0.28674185
vt 0.9681671 0.31065053
vt 0.9949568 0.28674185
vt 0.9681671 0.26283276
vt 0.98581964 0.25264102
vt 0.97457343 0.28674185
vt 0.9479795 0.27448815
vt 0.9267558 0.28674185
vt 0.93900925 0.265518
vt 0.9267558 0.2622347
vt 0.9145022 0.265518
vt 0.90553194 0.27448815
vt 0.9022486 0.28674173
vt 0.90553194 0.29899538
vt 0.9145022 0.30796564
vt 0.9267558 0.31124896
vt 0.93900925 0.30796564
vt 0.9479795 0.29899538
vt 0.95126283 0.28674173
vt 0.9681671 0.26283276
vt 0.9492632 0.24775738
vt 0.9506646 0.24533015
vt 0.96573997 0.26423407
vt 0.9267558 0.24172652
vt 0.9267558 0.2389239
vt 0.90424824 0.24775738
vt 0.9028469 0.24533015
vt 0.8877715 0.26423407
vt 0.8853443 0.26283276
vt 0.8817406 0.28674185
vt 0.87893796 0.28674185
vt 0.8877715 0.30924922
vt 0.8853443 0.31065053
vt 0.90424824 0.32572597
vt 0.9028469 0.32815307
vt 0.9267558 0.33175677
vt 0.9267558 0.33455944
vt 0.9492632 0.32572597
vt 0.9506646 0.32815307
vt 0.96573997 0.30924922
vt 0.9681671 0.31065053
vt 0.9717708 0.28674185
vt 0.97457343 0.28674185
vt 0.96573997 0.26423407
vt 0.9485939 0.2489168
vt 0.9492632 0.24775738
vt 0.9645806 0.26490337
vt 0.9492632 0.24775738
vt 0.9267558 0.2430653
vt 0.9267558 0.24172652
vt 0.9485939 0.2489168
vt 0.9267558 0.24172652
vt 0.9049175 0.2489168
vt 0.90424824 0.24775738
vt 0.9267558 0.2430653
vt 0.90424824 0.24775738
vt 0.88893086 0.26490337
vt 0.8877715 0.26423407
vt 0.9049175 0.2489168
vt 0.8877715 0.26423407
vt 0.88307935 0.28674185
vt 0.8817406 0.28674185
vt 0.8877715 0.26423407
vt 0.88893086 0.26490337
vt 0.88307935 0.28674185
vt 0.8817406 0.28674185
vt 0.88893086 0.30857986
vt 0.8877715 0.30924922
vt 0.8817406 0.28674185
vt 0.88307935 0.28674185
vt 0.8877715 0.30924922
vt 0.9049175 0.3245666
vt 0.90424824 0.32572597
vt 0.88893086 0.30857986
vt 0.90424824 0.32572597
vt 0.9267558 0.33041805
vt 0.9267558 0.33175677
vt 0.9049175 0.3245666
vt 0.9267558 0.33175677
vt 0.9485939 0.3245666
vt 0.9492632 0.32572597
vt 0.9267558 0.33041805
vt 0.9492632 0.32572597
vt 0.9645806 0.30857986
vt 0.96573997 0.30924922
vt 0.9485939 0.3245666
vt 0.96573997 0.30924922
vt 0.9704321 0.28674185
vt 0.9717708 0.28674185
vt 0.96573997 0.30924922
vt 0.9645806 0.30857986
vt 0.9704321 0.28674185
vt 0.9717708 0.28674185
vt 0.9645806 0.26490337
vt 0.96573997 0.26423407
vt 0.9717708 0.28674185
vt 0.9704321 0.28674185
vt 0.9645806 0.26490337
vt 0.9479363 0.2500558
vt 0.9485939 0.2489168
vt 0.96344155 0.2655611
vt 0.9267558 0.24438047
vt 0.9267558 0.2430653
vt 0.90557504 0.2500558
vt 0.9049175 0.2489168
vt 0.89006984 0.2655611
vt 0.88893086 0.26490337
vt 0.8843945 0.28674185
vt 0.9704321 0.28674185
vt 0.96911687 0.28674185
vt 0.9645806 0.30857986
vt 0.88893086 0.26490337
vt 0.88307935 0.28674185
vt 0.89006984 0.30792224
vt 0.88893086 0.30857986
vt 0.90557504 0.32342762
vt 0.9049175 0.3245666
vt 0.9267558 0.32910293
vt 0.9267558 0.33041805
vt 0.9479363 0.32342762
vt 0.9485939 0.3245666
vt 0.96344155 0.30792224
vt 0.9645806 0.30857986
vt 0.96344155 0.2655611
vt 0.94625807 0.25296253
vt 0.9479363 0.2500558
vt 0.96053475 0.26723933
vt 0.9479363 0.2500558
vt 0.9267558 0.24773705
vt 0.9267558 0.24438047
vt 0.94625807 0.25296253
vt 0.9267558 0.24438047
vt 0.9072534 0.25296253
vt 0.90557504 0.2500558
vt 0.9267558 0.24773705
vt 0.90557504 0.2500558
vt 0.89297664 0.26723933
vt 0.89006984 0.2655611
vt 0.9072534 0.25296253
vt 0.89006984 0.2655611
vt 0.8877511 0.28674185
vt 0.8843945 0.28674185
vt 0.89297664 0.26723933
vt 0.8843945 0.28674185
vt 0.89297664 0.30624402
vt 0.89006984 0.30792224
vt 0.8877511 0.28674185
vt 0.89006984 0.30792224
vt 0.9072534 0.32052088
vt 0.90557504 0.32342762
vt 0.89297664 0.30624402
vt 0.90557504 0.32342762
vt 0.9267558 0.32574654
vt 0.9267558 0.32910293
vt 0.9072534 0.32052088
vt 0.9267558 0.32910293
vt 0.94625807 0.32052088
vt 0.9479363 0.32342762
vt 0.9267558 0.32574654
vt 0.9479363 0.32342762
vt 0.96053475 0.30624402
vt 0.96344155 0.30792224
vt 0.94625807 0.32052088
vt 0.96344155 0.30792224
vt 0.9657604 0.28674185
vt 0.96911687 0.28674185
vt 0.96053475 0.30624402
vt 0.96911687 0.28674185
vt 0.96053475 0.26723933
vt 0.96344155 0.2655611
vt 0.9657604 0.28674185
vt 0.96053475 0.26723933
vt 0.9447023 0.2556572
vt 0.94625807 0.25296253
vt 0.95784026 0.268795
vt 0.9267558 0.2508484
vt 0.9267558 0.24773705
vt 0.90880907 0.2556572
vt 0.9072534 0.25296253
vt 0.8956711 0.268795
vt 0.89297664 0.26723933
vt 0.8908624 0.28674185
vt 0.8877511 0.28674185
vt 0.8956711 0.30468857
vt 0.89297664 0.30624402
vt 0.90880907 0.3178265
vt 0.9072534 0.32052088
vt 0.9267558 0.32263523
vt 0.9267558 0.32574654
vt 0.9447023 0.3178265
vt 0.94625807 0.32052088
vt 0.95784026 0.30468857
vt 0.96053475 0.30624402
vt 0.96264905 0.28674185
vt 0.9657604 0.28674185
vt 0.95784026 0.268795
vt 0.93900925 0.265518
vt 0.9447023 0.2556572
vt 0.9479795 0.27448815
vt 0.9447023 0.2556572
vt 0.9267558 0.2622347
vt 0.9267558 0.2508484
vt 0.93900925 0.265518
vt 0.9267558 0.2508484
vt 0.9145022 0.265518
vt 0.90880907 0.2556572
vt 0.9267558 0.2622347
vt 0.90880907 0.2556572
vt 0.90553194 0.27448815
vt 0.8956711 0.268795
vt 0.9145022 0.265518
vt 0.8956711 0.268795
vt 0.9022486 0.28674173
vt 0.8908624 0.28674185
vt 0.8956711 0.268795
vt 0.90553194 0.27448815
vt 0.9022486 0.28674173
vt 0.8908624 0.28674185
vt 0.90553194 0.29899538
vt 0.8956711 0.30468857
vt 0.8908624 0.28674185
vt 0.9022486 0.28674173
vt 0.90553194 0.29899538
vt 0.8956711 0.30468857
vt 0.9145022 0.30796564
vt 0.90880907 0.3178265
vt 0.90553194 0.29899538
vt 0.90880907 0.3178265
vt 0.9267558 0.31124896
vt 0.9267558 0.32263523
vt 0.9145022 0.30796564
vt 0.9267558 0.32263523
vt 0.93900925 0.30796564
vt 0.9447023 0.3178265
vt 0.9267558 0.31124896
vt 0.9447023 0.3178265
vt 0.9479795 0.29899538
vt 0.95784026 0.30468857
vt 0.93900925 0.30796564
vt 0.95784026 0.30468857
vt 0.95126283 0.28674173
vt 0.96264905 0.28674185
vt 0.95784026 0.30468857
vt 0.9479795 0.29899538
vt 0.95126283 0.28674173
vt 0.96264905 0.28674185
vt 0.9479795 0.27448815
vt 0.95784026 0.268795
vt 0.96264905 0.28674185
vt 0.95126283 0.28674173
vt 0.9479795 0.27448815
vt 0.431462 0.873177
vt 0.5242814 0.90958285
vt 0.5085544 0.92800796
vt 0.4467663 0.8563985
vt 0.5247814 0.92661494
vt 0.53298104 0.92323726
vt 0.5317393 0.91072994
vt 0.62391144 0.87051517
vt 0.6179986 0.8586525
vt 0.6450519 0.8419021
vt 0.6204088 0.85063183
vt 0.6326522 0.8262227
vt 0.61934406 0.8426908
vt 0.52431434 0.9061449
vt 0.44842514 0.8519997
vt 0.532109 0.9068148
vt 0.6142592 0.85409075
vt 0.5368631 0.9003686
vt 0.5326761 0.895241
vt 0.5688736 0.86017364
vt 0.56491566 0.86055326
vt 0.6143506 0.8493736
vt 0.6141042 0.84476626
vt 0.5979793 0.8388077
vt 0.5976438 0.8397427
vt 0.59824955 0.83753914
vt 0.5100671 0.87456256
vt 0.5035957 0.8755471
vt 0.49230075 0.8668077
vt 0.4597562 0.84324366
vt 0.44779634 0.83112454
vt 0.4452341 0.8528102
vt 0.4436725 0.8555612
vt 0.44565 0.8306378
vt 0.45997602 0.8376889
vt 0.46440104 0.84305024
vt 0.46450347 0.8373219
vt 0.47484228 0.8399694
vt 0.4710173 0.8350644
vt 0.49354413 0.86118484
vt 0.50492805 0.82532257
vt 0.49910474 0.816804
vt 0.49580157 0.8670303
vt 0.4962679 0.8625425
vt 0.5032774 0.87171173
vt 0.50888467 0.8711514
vt 0.5508066 0.8556398
vt 0.5501543 0.8533569
vt 0.51208764 0.8261147
vt 0.50991964 0.82630175
vt 0.5855677 0.79337835
vt 0.58444226 0.787449
vt 0.5858923 0.7795922
vt 0.588491 0.79133487
vt 0.5920704 0.78406113
vt 0.5784836 0.72302866
vt 0.6055587 0.7171011
vt 0.60726726 0.76982784
vt 0.5921962 0.79857886
vt 0.57405907 0.7467052
vt 0.5921962 0.79857886
vt 0.5852178 0.79855084
vt 0.58422726 0.78197527
vt 0.5776575 0.7694533
vt 0.5770476 0.77042866
vt 0.5893093 0.81271267
vt 0.59046054 0.813892
vt 0.58977866 0.8142286
vt 0.5969583 0.83753055
vt 0.5687023 0.8586473
vt 0.5651829 0.85993534
vt 0.5512526 0.85445875
vt 0.5893093 0.81271267
vt 0.57405907 0.7467052
vt 0.57206345 0.72515666
vt 0.5728469 0.7446305
vt 0.5703508 0.7228068
vt 0.5778751 0.72070575
vt 0.6052757 0.715526
vt 0.610662 0.7169246
vt 0.6105099 0.7155323
vt 0.6469858 0.71178675
vt 0.6480661 0.7096975
vt 0.61237305 0.7729387
vt 0.6376562 0.8267554
vt 0.6463658 0.8363794
vt 0.64435613 0.7671129
vt 0.6633405 0.80537987
vt 0.50401616 0.81862366
vt 0.51057655 0.8247536
vt 0.5756782 0.76857626
vt 0.5748963 0.7652484
vt 0.5025461 0.81676084
vt 0.49910474 0.816804
vt 0.57511127 0.7614019
vt 0.5770638 0.76233935
vt 0.5748963 0.7652484
vt 0.57405907 0.7467052
vt 0.5770638 0.76233935
vt 0.5756782 0.76857626
vt 0.5770638 0.76233935
vt 0.57405907 0.7467052
vt 0.43108737 0.87011135
vt 0.6480661 0.7096975
vt 0.6486953 0.71209383
vt 0.6469858 0.71178675
vt 0.6498812 0.7108945
vt 0.6469858 0.71178675
vt 0.64605975 0.7666925
vt 0.64435613 0.7671129
vt 0.6486953 0.71209383
vt 0.6641874 0.80403715
vt 0.6633405 0.80537987
vt 0.6498812 0.7108945
vt 0.6797769 0.7075775
vt 0.6486953 0.71209383
vt 0.6807816 0.70628786
vt 0.6486953 0.71209383
vt 0.6766552 0.75562894
vt 0.64605975 0.7666925
vt 0.6797769 0.7075775
vt 0.6863513 0.78582305
vt 0.6641874 0.80403715
vt 0.6130038 0.92546064
vt 0.6349337 0.9620902
vt 0.6073863 0.928402
vt 0.63986665 0.9579587
vt 0.6400161 0.96221155
vt 0.6408881 0.9580259
vt 0.7235013 0.9384946
vt 0.72339135 0.9342676
vt 0.78568375 0.90867966
vt 0.7834122 0.905195
vt 0.7998275 0.9000762
vt 0.7963155 0.8966786
vt 0.81202596 0.89178157
vt 0.8084209 0.88697034
vt 0.8231386 0.8805396
vt 0.81811154 0.87507164
vt 0.8561047 0.8162018
vt 0.84532666 0.8163395
vt 0.6418413 0.9528361
vt 0.61517775 0.92386353
vt 0.7212061 0.9324974
vt 0.6430398 0.9549235
vt 0.79253066 0.8946018
vt 0.7812557 0.9025405
vt 0.81327236 0.8729137
vt 0.8056632 0.88402003
vt 0.7552098 0.8883628
vt 0.7212061 0.9324974
vt 0.77559733 0.8812051
vt 0.79481304 0.8743552
vt 0.8046564 0.8676091
vt 0.8380201 0.81914866
vt 0.83468336 0.8184267
vt 0.7546804 0.8861978
vt 0.74927795 0.8858243
vt 0.750545 0.8872814
vt 0.7049625 0.9292067
vt 0.73266506 0.8979118
vt 0.73178434 0.8954322
vt 0.77401876 0.8795891
vt 0.79439497 0.8734368
vt 0.80373496 0.86591494
vt 0.83333963 0.81648535
vt 0.83941734 0.816276
vt 0.84547794 0.81476814
vt 0.85627055 0.8144509
vt 0.86120594 0.81600994
vt 0.82509637 0.8836194
vt 0.8118799 0.895413
vt 0.8019191 0.90221786
vt 0.7875999 0.91095734
vt 0.7230127 0.9406084
vt 0.86204684 0.81309855
vt 0.83779335 0.8143953
vt 0.8412093 0.81262773
vt 0.8310091 0.79002726
vt 0.8245052 0.7922512
vt 0.8180882 0.7939626
vt 0.8300875 0.7888828
vt 0.8235259 0.790368
vt 0.8266548 0.785468
vt 0.82367676 0.78625107
vt 0.81898546 0.78862166
vt 0.82145107 0.7860592
vt 0.7796707 0.7353935
vt 0.77437055 0.73580456
vt 0.78644013 0.73231506
vt 0.8239906 0.7831859
vt 0.7907902 0.72893155
vt 0.88538843 0.70812225
vt 0.87967074 0.7058811
vt 0.87702143 0.70251966
vt 0.88452876 0.7126976
vt 0.85688233 0.7843354
vt 0.8701193 0.79444695
vt 0.9041716 0.7185216
vt 0.8553685 0.81217515
vt 0.8639486 0.80982876
vt 0.8751385 0.8061744
vt 0.8744565 0.8026943
vt 0.8791827 0.8034811
vt 0.8796278 0.8013462
vt 0.89250535 0.8047095
vt 0.8934045 0.80371046
vt 0.89577365 0.80511963
vt 0.9462718 0.77655387
vt 0.94321537 0.77345836
vt 0.9311478 0.7682518
vt 0.8914815 0.7858628
vt 0.60529536 0.9292266
vt 0.6330404 0.9634879
vt 0.6395706 0.96588755
vt 0.7235013 0.9384946
vt 0.7230127 0.9406084
vt 0.6395706 0.96588755
vt 0.78568375 0.90867966
vt 0.7212061 0.9324974
vt 0.7049625 0.9292067
vt 0.66871023 0.94781303
vt 0.7049625 0.9292067
vt 0.750545 0.8872814
vt 0.66871023 0.94781303
vt 0.70000774 0.9184466
vt 0.6699558 0.94377756
vt 0.6996228 0.9156824
vt 0.6862054 0.87969613
vt 0.64178616 0.9010138
vt 0.66728383 0.94677055
vt 0.66871023 0.94781303
vt 0.63749236 0.9032772
vt 0.7212061 0.9324974
vt 0.6430398 0.9549235
vt 0.66871023 0.94781303
vt 0.69635963 0.7697835
vt 0.70190334 0.87080485
vt 0.74672365 0.8816891
vt 0.75605786 0.8822613
vt 0.89577365 0.80511963
vt 0.88343155 0.8610369
vt 0.89250535 0.8047095
vt 0.8861504 0.8608327
vt 0.8861504 0.8608327
vt 0.8848985 0.8644585
vt 0.88343155 0.8610369
vt 0.8848985 0.8644585
vt 0.8409978 0.8822248
vt 0.88343155 0.8610369
vt 0.8391838 0.8887666
vt 0.8391838 0.8887666
vt 0.83687466 0.8822243
vt 0.8409978 0.8822248
vt 0.83704585 0.8919867
vt 0.83687466 0.8822243
vt 0.8791827 0.8034811
vt 0.8409978 0.8822248
vt 0.8751385 0.8061744
vt 0.8791827 0.8034811
vt 0.88343155 0.8610369
vt 0.8409978 0.8822248
vt 0.89250535 0.8047095
vt 0.8861504 0.8608327
vt 0.9267713 0.8832639
vt 0.8848985 0.8644585
vt 0.93280864 0.876991
vt 0.89577365 0.80511963
vt 0.93280864 0.876991
vt 0.8861504 0.8608327
vt 0.9462718 0.77655387
vt 0.8848985 0.8644585
vt 0.878832 0.92110884
vt 0.8391838 0.8887666
vt 0.9267713 0.8832639
vt 0.8391838 0.8887666
vt 0.87637305 0.92332995
vt 0.83704585 0.8919867
vt 0.878832 0.92110884
vt 0.86204684 0.81309855
vt 0.8751385 0.8061744
vt 0.86120594 0.81600994
vt 0.83687466 0.8822243
vt 0.82509637 0.8836194
vt 0.83704585 0.8919867
vt 0.82509637 0.8836194
vt 0.83687466 0.8822243
vt 0.82509637 0.8836194
vt 0.83704585 0.8919867
vt 0.8118799 0.895413
vt 0.83704585 0.8919867
vt 0.84938085 0.9381562
vt 0.8118799 0.895413
vt 0.87637305 0.92332995
vt 0.84938085 0.9381562
vt 0.8019191 0.90221786
vt 0.8118799 0.895413
vt 0.8276701 0.94379455
vt 0.8276701 0.94379455
vt 0.7875999 0.91095734
vt 0.8019191 0.90221786
vt 0.8235523 0.944401
vt 0.7230127 0.9406084
vt 0.74064744 0.9708055
vt 0.6395706 0.96588755
vt 0.6642344 0.99478835
vt 0.6273474 0.9739908
vt 0.6614697 0.9952173
vt 0.6263764 0.97396654
vt 0.6132585 0.97086525
vt 0.6136079 0.99572694
vt 0.6395706 0.96588755
vt 0.6216515 0.967931
vt 0.6330404 0.9634879
vt 0.6273474 0.9739908
vt 0.6273474 0.9739908
vt 0.6210997 0.96796197
vt 0.6216515 0.967931
vt 0.6263764 0.97396654
vt 0.6126758 0.9682134
vt 0.6132585 0.97086525
vt 0.6136079 0.99572694
vt 0.6113956 0.97064805
vt 0.6132585 0.97086525
vt 0.60757005 0.9957613
vt 0.6113956 0.97064805
vt 0.6126758 0.9682134
vt 0.6132585 0.97086525
vt 0.6113956 0.97064805
vt 0.60466325 0.9585284
vt 0.6126758 0.9682134
vt 0.60280627 0.9600934
vt 0.60280627 0.9600934
vt 0.6033054 0.95633525
vt 0.60466325 0.9585284
vt 0.6008184 0.9575416
vt 0.6008184 0.9575416
vt 0.60284173 0.95287067
vt 0.6033054 0.95633525
vt 0.5999525 0.9539885
vt 0.5999525 0.9539885
vt 0.60285985 0.9495882
vt 0.60284173 0.95287067
vt 0.5979526 0.95086724
vt 0.5979526 0.95086724
vt 0.60133946 0.94481236
vt 0.60285985 0.9495882
vt 0.5975106 0.9466705
vt 0.5975106 0.9466705
vt 0.59074193 0.92734784
vt 0.60133946 0.94481236
vt 0.5884989 0.92756605
vt 0.5884989 0.92756605
vt 0.5891965 0.9256987
vt 0.59074193 0.92734784
vt 0.5891965 0.9256987
vt 0.6124147 0.9141516
vt 0.59074193 0.92734784
vt 0.61120915 0.91214466
vt 0.61120915 0.91214466
vt 0.6150902 0.91248035
vt 0.6124147 0.9141516
vt 0.6133972 0.910763
vt 0.6150902 0.91248035
vt 0.6146688 0.9164916
vt 0.6124147 0.9141516
vt 0.61802715 0.9147949
vt 0.5884989 0.92756605
vt 0.5845194 0.9203931
vt 0.5891965 0.9256987
vt 0.581005 0.92643994
vt 0.5845194 0.9203931
vt 0.61120915 0.91214466
vt 0.5891965 0.9256987
vt 0.6068716 0.90373254
vt 0.6133972 0.910763
vt 0.6236517 0.89396673
vt 0.63161236 0.8951479
vt 0.63277274 0.873419
vt 0.63926625 0.8754817
vt 0.6133972 0.910763
vt 0.6345983 0.8969725
vt 0.6150902 0.91248035
vt 0.63161236 0.8951479
vt 0.63161236 0.8951479
vt 0.6340575 0.89408565
vt 0.6345983 0.8969725
vt 0.63161236 0.8951479
vt 0.64024264 0.87673324
vt 0.6340575 0.89408565
vt 0.63926625 0.8754817
vt 0.6345983 0.8969725
vt 0.61802715 0.9147949
vt 0.6150902 0.91248035
vt 0.6351487 0.8998803
vt 0.61802715 0.9147949
vt 0.6150664 0.9171768
vt 0.6146688 0.9164916
vt 0.6186092 0.9153647
vt 0.6186092 0.9153647
vt 0.60712737 0.9279676
vt 0.6150664 0.9171768
vt 0.61282384 0.9247755
vt 0.6145709 0.92335063
vt 0.6362449 0.9024148
vt 0.6053122 0.9285554
vt 0.5963148 0.92917246
vt 0.61282384 0.9247755
vt 0.6073863 0.928402
vt 0.60712737 0.9279676
vt 0.6130038 0.92546064
vt 0.6145709 0.92335063
vt 0.6130038 0.92546064
vt 0.61282384 0.9247755
vt 0.61517775 0.92386353
vt 0.61517775 0.92386353
vt 0.6362449 0.9024148
vt 0.63749236 0.9032772
vt 0.6145709 0.92335063
vt 0.6186092 0.9153647
vt 0.6351487 0.8998803
vt 0.6362449 0.9024148
vt 0.61802715 0.9147949
vt 0.6150664 0.9171768
vt 0.59592277 0.9283774
vt 0.6146688 0.9164916
vt 0.5963148 0.92917246
vt 0.5963148 0.92917246
vt 0.59446776 0.9305589
vt 0.59592277 0.9283774
vt 0.5950746 0.93077207
vt 0.6073863 0.928402
vt 0.6053122 0.9285554
vt 0.60712737 0.9279676
vt 0.60529536 0.9292266
vt 0.60529536 0.9292266
vt 0.5963148 0.92917246
vt 0.6053122 0.9285554
vt 0.5950746 0.93077207
vt 0.59592277 0.9283774
vt 0.6124147 0.9141516
vt 0.6146688 0.9164916
vt 0.59074193 0.92734784
vt 0.59446776 0.9305589
vt 0.6138414 0.9585777
vt 0.60133946 0.94481236
vt 0.60285985 0.9495882
vt 0.6138414 0.9585777
vt 0.60284173 0.95287067
vt 0.6033054 0.95633525
vt 0.60466325 0.9585284
vt 0.6126758 0.9682134
vt 0.6210997 0.96796197
vt 0.5950746 0.93077207
vt 0.6138414 0.9585777
vt 0.59446776 0.9305589
vt 0.6142483 0.95830244
vt 0.6210997 0.96796197
vt 0.6142483 0.95830244
vt 0.6216515 0.967931
vt 0.6138414 0.9585777
vt 0.6142483 0.95830244
vt 0.6330404 0.9634879
vt 0.6216515 0.967931
vt 0.60529536 0.9292266
vt 0.5950746 0.93077207
vt 0.60757005 0.9957613
vt 0.60280627 0.9600934
vt 0.6113956 0.97064805
vt 0.57822096 0.9820509
vt 0.57822096 0.9820509
vt 0.6008184 0.9575416
vt 0.60280627 0.9600934
vt 0.57507724 0.97861284
vt 0.57507724 0.97861284
vt 0.5999525 0.9539885
vt 0.6008184 0.9575416
vt 0.5697473 0.9740621
vt 0.5697473 0.9740621
vt 0.5979526 0.95086724
vt 0.5999525 0.9539885
vt 0.5677884 0.9696944
vt 0.5677884 0.9696944
vt 0.5975106 0.9466705
vt 0.5979526 0.95086724
vt 0.56535715 0.9631868
vt 0.56535715 0.9631868
vt 0.5884989 0.92756605
vt 0.5975106 0.9466705
vt 0.581005 0.92643994
vt 0.8156849 0.6250905
vt 0.7902973 0.6145668
vt 0.80457807 0.60392594
vt 0.7988151 0.6307975
vt 0.7771809 0.60176295
vt 0.7874745 0.58722985
vt 0.7607498 0.5936388
vt 0.7660488 0.576636
vt 0.74261236 0.5909897
vt 0.7423978 0.57318175
vt 0.72454417 0.59407496
vt 0.71883696 0.57720494
vt 0.7083136 0.6025928
vt 0.69767296 0.58831203
vt 0.6955095 0.61570907
vt 0.6809766 0.6054157
vt 0.6873853 0.6321402
vt 0.67038286 0.62684137
vt 0.6847363 0.6502776
vt 0.66692835 0.6504922
vt 0.6878216 0.66834575
vt 0.6709517 0.67405295
vt 0.69633937 0.68457633
vt 0.68205875 0.695217
vt 0.7094557 0.6973804
vt 0.69916236 0.71191347
vt 0.72588694 0.7055046
vt 0.7205879 0.72250724
vt 0.7440242 0.70815355
vt 0.74423873 0.7259616
vt 0.7620925 0.70506835
vt 0.7677996 0.7219384
vt 0.77832305 0.6965506
vt 0.7889639 0.7108314
vt 0.7911271 0.6834342
vt 0.8056602 0.6937276
vt 0.7992513 0.6670031
vt 0.81625384 0.672302
vt 0.80190045 0.64886576
vt 0.8197082 0.64865124
vt 0.79781604 0.63113546
vt 0.7894516 0.6151972
vt 0.7765714 0.60262346
vt 0.76043606 0.5946458
vt 0.74262506 0.59204423
vt 0.8008456 0.64887846
vt 0.7982445 0.6666893
vt 0.7248821 0.5950742
vt 0.70894384 0.60343844
vt 0.69637036 0.6163189
vt 0.6883924 0.63245404
vt 0.685791 0.65026486
vt 0.68882084 0.66800785
vt 0.6971853 0.6839462
vt 0.7100655 0.6965196
vt 0.7262007 0.7044976
vt 0.74401146 0.7070988
vt 0.76175463 0.70406914
vt 0.777693 0.6957047
vt 0.79026634 0.6828246
vt 0.7878015 0.6345232
vt 0.74331826 0.6495717
vt 0.78097415 0.6215137
vt 0.7704608 0.6112507
vt 0.7572906 0.6047387
vt 0.7427525 0.6026155
vt 0.7282698 0.6050885
vt 0.7152604 0.6119158
vt 0.7049974 0.62242925
vt 0.6984854 0.6355995
vt 0.69636196 0.6501375
vt 0.6988351 0.6646199
vt 0.7056626 0.6776295
vt 0.7161758 0.6878925
vt 0.72934616 0.6944044
vt 0.7438841 0.69652784
vt 0.7583668 0.6940547
vt 0.7713763 0.68722737
vt 0.7816392 0.676714
vt 0.78815126 0.66354364
vt 0.7902745 0.6490059
vt 0.79781604 0.63113546
vt 0.782529 0.6203551
vt 0.7894516 0.6151972
vt 0.7896382 0.6339019
vt 0.7715814 0.60966843
vt 0.7765714 0.60262346
vt 0.7578674 0.6028876
vt 0.76043606 0.5946458
vt 0.7427291 0.60067666
vt 0.74262506 0.59204423
vt 0.7276485 0.6032518
vt 0.7248821 0.5950742
vt 0.7141018 0.61036104
vt 0.70894384 0.60343844
vt 0.70341516 0.6213085
vt 0.69637036 0.6163189
vt 0.6966343 0.63502264
vt 0.6883924 0.63245404
vt 0.6944232 0.65016085
vt 0.685791 0.65026486
vt 0.6969985 0.66524136
vt 0.68882084 0.66800785
vt 0.70410776 0.67878807
vt 0.6971853 0.6839462
vt 0.71505517 0.6894748
vt 0.7100655 0.6965196
vt 0.7287692 0.69625556
vt 0.7262007 0.7044976
vt 0.74390745 0.69846666
vt 0.74401146 0.7070988
vt 0.75898814 0.6958915
vt 0.76175463 0.70406914
vt 0.7725347 0.6887822
vt 0.777693 0.6957047
vt 0.7832215 0.67783475
vt 0.79026634 0.6828246
vt 0.79000235 0.6641207
vt 0.7982445 0.6666893
vt 0.79221344 0.6489825
vt 0.8008456 0.64887846
vt 0.7896382 0.6339019
vt 0.78097415 0.6215137
vt 0.782529 0.6203551
vt 0.7878015 0.6345232
vt 0.782529 0.6203551
vt 0.7704608 0.6112507
vt 0.7715814 0.60966843
vt 0.78097415 0.6215137
vt 0.7715814 0.60966843
vt 0.7572906 0.6047387
vt 0.7578674 0.6028876
vt 0.7704608 0.6112507
vt 0.7578674 0.6028876
vt 0.7427525 0.6026155
vt 0.7427291 0.60067666
vt 0.7572906 0.6047387
vt 0.7427291 0.60067666
vt 0.7282698 0.6050885
vt 0.7276485 0.6032518
vt 0.7427525 0.6026155
vt 0.7276485 0.6032518
vt 0.7152604 0.6119158
vt 0.7141018 0.61036104
vt 0.7282698 0.6050885
vt 0.7141018 0.61036104
vt 0.7049974 0.62242925
vt 0.70341516 0.6213085
vt 0.7152604 0.6119158
vt 0.70341516 0.6213085
vt 0.6984854 0.6355995
vt 0.6966343 0.63502264
vt 0.7049974 0.62242925
vt 0.6966343 0.63502264
vt 0.69636196 0.6501375
vt 0.6944232 0.65016085
vt 0.6966343 0.63502264
vt 0.6984854 0.6355995
vt 0.69636196 0.6501375
vt 0.6944232 0.65016085
vt 0.6988351 0.6646199
vt 0.6969985 0.66524136
vt 0.6944232 0.65016085
vt 0.69636196 0.6501375
vt 0.6988351 0.6646199
vt 0.6969985 0.66524136
vt 0.7056626 0.6776295
vt 0.70410776 0.67878807
vt 0.6988351 0.6646199
vt 0.70410776 0.67878807
vt 0.7161758 0.6878925
vt 0.71505517 0.6894748
vt 0.7056626 0.6776295
vt 0.71505517 0.6894748
vt 0.72934616 0.6944044
vt 0.7287692 0.69625556
vt 0.7161758 0.6878925
vt 0.7287692 0.69625556
vt 0.7438841 0.69652784
vt 0.74390745 0.69846666
vt 0.72934616 0.6944044
vt 0.74390745 0.69846666
vt 0.7583668 0.6940547
vt 0.75898814 0.6958915
vt 0.7438841 0.69652784
vt 0.75898814 0.6958915
vt 0.7713763 0.68722737
vt 0.7725347 0.6887822
vt 0.7583668 0.6940547
vt 0.7725347 0.6887822
vt 0.7816392 0.676714
vt 0.7832215 0.67783475
vt 0.7713763 0.68722737
vt 0.7832215 0.67783475
vt 0.78815126 0.66354364
vt 0.79000235 0.6641207
vt 0.7816392 0.676714
vt 0.79000235 0.6641207
vt 0.7902745 0.6490059
vt 0.79221344 0.6489825
vt 0.79000235 0.6641207
vt 0.78815126 0.66354364
vt 0.7902745 0.6490059
vt 0.79221344 0.6489825
vt 0.7878015 0.6345232
vt 0.7896382 0.6339019
vt 0.79221344 0.6489825
vt 0.7902745 0.6490059
vt 0.7878015 0.6345232
vt 0.8894986 0.6336347
vt 0.9412368 0.5999999
vt 0.94065815 0.56484
vt 0.8928106 0.6628071
vt 0.9430864 0.59892094
vt 0.9429028 0.5639479
vt 0.9514936 0.60004604
vt 0.955407 0.5655471
vt 0.9531915 0.6009977
vt 0.95625365 0.56703854
vt 0.9610076 0.65614605
vt 0.9678966 0.6517416
vt 0.9620252 0.67942023
vt 0.9692968 0.6738677
vt 0.96142316 0.69933665
vt 0.97047645 0.69761384
vt 0.9603549 0.7160896
vt 0.9711909 0.7064173
vt 0.9545834 0.8323342
vt 0.9645609 0.8317804
vt 0.9523133 0.87286615
vt 0.96252537 0.8731297
vt 0.9515524 0.87936544
vt 0.96008015 0.8791825
vt 0.9222008 0.918822
vt 0.92328155 0.9246654
vt 0.9687981 0.65188414
vt 0.9571136 0.566854
vt 0.9558774 0.5651509
vt 0.95305085 0.83224756
vt 0.95068216 0.8725223
vt 0.950675 0.8788435
vt 0.950675 0.8788435
vt 0.9213352 0.9184935
vt 0.92133856 0.9242307
vt 0.9213352 0.9184935
vt 0.922682 0.92537224
vt 0.924147 0.9250815
vt 0.9605448 0.8795207
vt 0.9599029 0.5656223
vt 0.9564425 0.5630232
vt 0.942996 0.56334156
vt 0.94203687 0.56057
vt 0.9401092 0.56438124
vt 0.8891908 0.6334189
vt 0.8878925 0.6375072
vt 0.88849866 0.63741624
vt 0.8925409 0.6639325
vt 0.9558774 0.5651509
vt 0.94212854 0.60068756
vt 0.94333875 0.6000068
vt 0.95109683 0.6010562
vt 0.95295763 0.60279024
vt 0.96021175 0.6566529
vt 0.9609653 0.6784892
vt 0.96021736 0.69682205
vt 0.9588167 0.7160157
vt 0.94307613 0.60258687
vt 0.9418268 0.60353696
vt 0.94898677 0.6033472
vt 0.9501424 0.60488784
vt 0.9572724 0.658798
vt 0.95826864 0.68131673
vt 0.9584662 0.7005101
vt 0.9576775 0.72012496
vt 0.9519435 0.8363834
vt 0.9495431 0.8740834
vt 0.950675 0.8788435
vt 0.8911935 0.67015433
vt 0.8925409 0.6639325
vt 0.94746554 0.87918764
vt 0.9213352 0.9184935
vt 0.9190819 0.9195013
vt 0.9204191 0.926715
vt 0.9230658 0.92922676
vt 0.9230658 0.92922676
vt 0.9230658 0.92922676
vt 0.92471707 0.9281925
vt 0.9612546 0.88256943
vt 0.96332526 0.8731398
vt 0.9653752 0.8318138
vt 0.9716214 0.70643425
vt 0.9712175 0.69699943
vt 0.97001386 0.671741
vt 0.97240496 0.67481375
vt 0.9721072 0.6532792
vt 0.9728987 0.70080686
vt 0.96605694 0.8360263
vt 0.96393436 0.87727326
vt 0.9723228 0.7106618
vt 0.950675 0.8788435
vt 0.9213352 0.9184935
vt 0.8925409 0.6639325
vt 0.8849925 0.6396595
vt 0.8911935 0.67015433
vt 0.88585454 0.6337229
vt 0.93683475 0.56446743
vt 0.44205183 0.71479154
vt 0.47094426 0.76551104
vt 0.42504066 0.79300934
vt 0.48513293 0.68662643
vt 0.42639017 0.79613054
vt 0.42787436 0.7958613
vt 0.48798123 0.7513978
vt 0.4963931 0.67916954
vt 0.5027993 0.7366904
vt 0.50888836 0.67014086
vt 0.51915723 0.7231676
vt 0.5285016 0.65756035
vt 0.5766807 0.67712873
vt 0.556464 0.64250344
vt 0.604631 0.65393466
vt 0.6109495 0.6125077
vt 0.6078279 0.6482737
vt 0.424377 0.792885
vt 0.44116598 0.71494246
vt 0.426055 0.79648626
vt 0.42828667 0.79642713
vt 0.4715019 0.7662808
vt 0.4874395 0.7533463
vt 0.5045187 0.7363298
vt 0.5195498 0.72366214
vt 0.57706904 0.6776093
vt 0.6050111 0.65439963
vt 0.6083873 0.64832103
vt 0.6114784 0.6125566
vt 0.61053264 0.6117661
vt 0.5560558 0.6417514
vt 0.5280799 0.65680903
vt 0.5108175 0.66736126
vt 0.49518034 0.6789346
vt 0.484722 0.68596363
vt 0.44161305 0.71415955
vt 0.4330906 0.71037495
vt 0.43255067 0.71081984
vt 0.4132538 0.80030304
vt 0.5100145 0.6605334
vt 0.53036207 0.6483258
vt 0.49392307 0.67077774
vt 0.48589534 0.67568445
vt 0.431356 0.7079972
vt 0.42956617 0.7100889
vt 0.41018552 0.7997216
vt 0.52893126 0.64573604
vt 0.55229986 0.63341856
vt 0.5536612 0.6359734
vt 0.621277 0.59889156
vt 0.6234 0.5978445
vt 0.6199488 0.5964646
vt 0.62592304 0.59790915
vt 0.49229583 0.66815484
vt 0.50859505 0.65814084
vt 0.6195187 0.6522674
vt 0.6234 0.5978445
vt 0.6225491 0.6525623
vt 0.61783856 0.6605856
vt 0.6159209 0.65837544
vt 0.5841875 0.684772
vt 0.51932704 0.7367514
vt 0.51008403 0.7439294
vt 0.49033517 0.76015854
vt 0.46958646 0.7757234
vt 0.42167354 0.8085649
vt 0.42056635 0.8083994
vt 0.4142555 0.8032644
vt 0.4132538 0.80030304
vt 0.42013645 0.81108046
vt 0.41213274 0.8050352
vt 0.4142555 0.8032644
vt 0.4132538 0.80030304
vt 0.4232304 0.8109736
vt 0.47127873 0.7782903
vt 0.49216762 0.7624748
vt 0.5121026 0.74646103
vt 0.521244 0.73911214
vt 0.5860607 0.6870983
vt 0.6195187 0.6522674
vt 0.62592304 0.59790915
vt 0.621277 0.59889156
vt 0.48428065 0.6730968
vt 0.8419168 0.51766807
vt 0.8695538 0.59745127
vt 0.9138596 0.552248
vt 0.7848542 0.55650544
vt 0.870318 0.5994371
vt 0.91675067 0.5516597
vt 0.9167173 0.55104166
vt 0.8426075 0.5147775
vt 0.84014475 0.5151103
vt 0.781692 0.5569792
vt 0.78163075 0.5573293
vt 0.868415 0.60052186
vt 0.8750319 0.6075877
vt 0.92402697 0.55368173
vt 0.9229517 0.54522896
vt 0.8454548 0.5044306
vt 0.8365178 0.50557345
vt 0.7756771 0.5540857
vt 0.77578604 0.5629113
vt 0.86530554 0.610724
vt 0.11553437 0.574685
vt 0.15815803 0.6092979
vt 0.10607931 0.59024155
vt 0.16747656 0.60055286
vt 0.19530347 0.6332068
vt 0.20162448 0.62632525
vt 0.2141217 0.6489967
vt 0.21898478 0.6441932
vt 0.21873394 0.6525768
vt 0.22622666 0.6524934
vt 0.22429714 0.65613776
vt 0.21669272 0.6575813
vt 0.2230939 0.65985906
vt 0.21247369 0.6511676
vt 0.21178234 0.65657
vt 0.19392106 0.6482539
vt 0.19296819 0.6573039
vt 0.16175407 0.6471834
vt 0.1614533 0.6580985
vt 0.0887351 0.66405344
vt 0.09545535 0.67443824
vt 0.22632009 0.6568235
vt 0.22760195 0.65433276
vt 0.22587839 0.65947044
vt 0.22829953 0.65920305
vt 0.2288428 0.6574012
vt 0.22961473 0.65606236
vt 0.2565866 0.6402838
vt 0.25515762 0.63659
vt 0.29762262 0.6269945
vt 0.29570138 0.6210557
vt 0.34563 0.61315274
vt 0.34397244 0.6068531
vt 0.35815996 0.60721624
vt 0.35685858 0.6038852
vt 0.3713113 0.59798014
vt 0.37000257 0.596941
vt 0.2579208 0.64401895
vt 0.30023992 0.6326597
vt 0.34867877 0.6194377
vt 0.36164874 0.61282253
vt 0.37287015 0.599249
vt 0.3048144 0.63700175
vt 0.2627041 0.64855736
vt 0.23247182 0.65849245
vt 0.23200178 0.66031694
vt 0.23058361 0.6666218
vt 0.22863212 0.66691095
vt 0.22546095 0.66852224
vt 0.22847834 0.6711178
vt 0.2305224 0.6684135
vt 0.2317282 0.67316425
vt 0.23253667 0.66889775
vt 0.23145044 0.66713524
vt 0.2321249 0.6672931
vt 0.25910988 0.6780223
vt 0.25964567 0.6733087
vt 0.25990015 0.6703707
vt 0.31568444 0.6834022
vt 0.31577334 0.67683125
vt 0.3157004 0.67279065
vt 0.3669206 0.67831326
vt 0.36591214 0.67182946
vt 0.3657722 0.6664705
vt 0.38238326 0.67072576
vt 0.38175613 0.6655679
vt 0.38318712 0.6751209
vt 0.3743258 0.6595427
vt 0.358779 0.6620308
vt 0.3070404 0.6681137
vt 0.26226917 0.6656461
vt 0.23421139 0.66503036
vt 0.23279306 0.664145
vt 0.23429823 0.6639068
vt 0.26308933 0.66315913
vt 0.30648023 0.6644206
vt 0.35831496 0.6597879
vt 0.36791903 0.6562029
vt 0.37838775 0.6529375
vt 0.37123135 0.6494246
vt 0.38659573 0.6087709
vt 0.3618313 0.6250224
vt 0.38213885 0.60278183
vt 0.36405867 0.6132692
vt 0.35678345 0.622119
vt 0.35308105 0.6233766
vt 0.39832523 0.6614126
vt 0.3854324 0.66296613
vt 0.38501507 0.67105633
vt 0.39431772 0.6696948
vt 0.39342064 0.67200696
vt 0.39266038 0.6770934
vt 0.38899577 0.694854
vt 0.3202188 0.7104107
vt 0.25302836 0.6959678
vt 0.22585163 0.6856154
vt 0.22055975 0.682429
vt 0.21308443 0.67484975
vt 0.21325678 0.6994175
vt 0.19650093 0.68406427
vt 0.21343082 0.67405593
vt 0.19759327 0.6811409
vt 0.2130059 0.67112446
vt 0.19715112 0.6777561
vt 0.17219806 0.6902602
vt 0.11559439 0.7071148
vt 0.12308222 0.72273225
vt 0.1729176 0.69382226
vt 0.12683538 0.7292164
vt 0.17316073 0.6986916
vt 0.17852888 0.76567006
vt 0.20160902 0.7268393
vt 0.21987629 0.70315784
vt 0.20838061 0.7339969
vt 0.18750742 0.76999336
vt 0.24733081 0.716922
vt 0.23216471 0.7524424
vt 0.23429236 0.78050005
vt 0.3212853 0.74179345
vt 0.31978923 0.7615467
vt 0.39851817 0.6950953
vt 0.3956151 0.6745568
vt 0.39547992 0.6727538
vt 0.39637282 0.67140114
vt 0.4032212 0.6639334
vt 0.39092147 0.6051239
vt 0.382361 0.59851444
vt 0.3735264 0.5982256
vt 0.37236005 0.597486
vt 0.37199432 0.5962508
vt 0.34272957 0.5583577
vt 0.3422026 0.5856674
vt 0.26304293 0.5263064
vt 0.27580404 0.56029177
vt 0.17429522 0.5362718
vt 0.21015882 0.57146716
vt 0.2826454 0.5836371
vt 0.3430472 0.5983536
vt 0.23055393 0.59764564
vt 0.2910058 0.60446036
vt 0.24829206 0.62138474
vt 0.11299503 0.57179266
vt 0.10147533 0.5875631
vt 0.084039986 0.6550437
vt 0.084041536 0.6659354
vt 0.09312695 0.6744127
vt 0.11338836 0.70952594
vt 0.11735618 0.72287357
vt 0.12182903 0.7345077
vt 0.17646632 0.7699804
vt 0.18563569 0.77419865
vt 0.23465073 0.7864577
vt 0.32274932 0.7675598
vt 0.084041536 0.6659354
vt 0.32199693 0.77227926
vt 0.39644736 0.70358133
vt 0.23606536 0.78986704
vt 0.18766242 0.7785177
vt 0.17421803 0.7739234
vt 0.12043542 0.7403075
vt 0.07802379 0.6773311
vt 0.07984069 0.6695615
vt 0.07984069 0.6695615
vt 0.076155156 0.65115947
vt 0.095401585 0.58160996
vt 0.11450234 0.56412387
vt 0.17386502 0.52541465
vt 0.17257091 0.53053945
vt 0.26386634 0.51962936
vt 0.3463948 0.55335385
vt 0.37334758 0.59725946
vt 0.36040756 0.56918025
vt 0.37814447 0.5875829
vt 0.3808318 0.5853159
vt 0.2632576 0.515237
vt 0.34390184 0.54694784
vt 0.3627696 0.56254506
vt 0.39856297 0.6005373
vt 0.41194937 0.6597007
vt 0.38566408 0.5804136
vt 0.41167918 0.6846551
vt 0.40206188 0.6799723
vt 0.39605695 0.6735743
vt 0.39644736 0.70358133
vt 0.37199432 0.5962508
vt 0.39605695 0.6735743
vt 0.3956151 0.6745568
vt 0.39605695 0.6735743
vt 0.39851817 0.6950953
vt 0.39637282 0.67140114
vt 0.3956151 0.6745568
vt 0.35735235 0.6296501
vt 0.354851 0.6250299
vt 0.3057936 0.63795245
vt 0.3068664 0.64191306
vt 0.2635638 0.6494562
vt 0.26404935 0.6515827
vt 0.23357409 0.6590937
vt 0.23417574 0.6601555
vt 0.23288131 0.6605661
vt 0.23363534 0.66337925
vt 0.23436865 0.66261727
vt 0.23429823 0.6639068
vt 0.36729467 0.65331256
vt 0.3492869 0.65505713
vt 0.29748678 0.65975
vt 0.26700988 0.65979457
vt 0.23200178 0.66031694
vt 0.23363534 0.66337925
vt 0.23247182 0.65849245
vt 0.35678345 0.622119
vt 0.34397244 0.6068531
vt 0.3422026 0.5856674
vt 0.37199432 0.5962508
vt 0.37334758 0.59725946
vt 0.3735264 0.5982256
vt 0.40206188 0.6799723
vt 0.39644736 0.70358133
vt 0.39851817 0.6950953
vt 0.07984069 0.6695615
vt 0.07127988 0.8511855
vt 0.10066062 0.8929667
vt 0.06368631 0.8940275
vt 0.10877526 0.8697644
vt 0.08054942 0.83504236
vt 0.11302742 0.86106193
vt 0.10217997 0.8964666
vt 0.06702182 0.9040766
vt 0.10577527 0.89883614
vt 0.0730862 0.9124547
vt 0.14984572 0.92169625
vt 0.12916943 0.9504751
vt 0.19454724 0.93894506
vt 0.18699956 0.9738171
vt 0.21718219 0.94150484
vt 0.22788498 0.9771373
vt 0.22025156 0.9400879
vt 0.23772568 0.9749752
vt 0.2511874 0.91612965
vt 0.28642905 0.9414232
vt 0.09674677 0.8194613
vt 0.28272814 0.8854393
vt 0.32292575 0.8878038
vt 0.2825312 0.8836006
vt 0.3244073 0.8812163
vt 0.2626639 0.8561113
vt 0.29854566 0.832531
vt 0.255631 0.8527883
vt 0.28489715 0.8238702
vt 0.22131136 0.8456267
vt 0.23582104 0.8102952
vt 0.1767118 0.84221554
vt 0.17956066 0.80611455
vt 0.13056481 0.84730405
vt 0.11883757 0.8116329
vt 0.11934468 0.8516746
vt 0.10877526 0.8697644
vt 0.15801871 0.8936904
vt 0.10066062 0.8929667
vt 0.16293332 0.88219446
vt 0.11302742 0.86106193
vt 0.16438398 0.877929
vt 0.15841085 0.8957757
vt 0.10217997 0.8964666
vt 0.11934468 0.8516746
vt 0.1662254 0.87326944
vt 0.13056481 0.84730405
vt 0.17021737 0.87106
vt 0.1767118 0.84221554
vt 0.18491706 0.86865354
vt 0.22131136 0.8456267
vt 0.20072886 0.8702601
vt 0.255631 0.8527883
vt 0.2117889 0.87364966
vt 0.10577527 0.89883614
vt 0.17633799 0.9083009
vt 0.14984572 0.92169625
vt 0.15985283 0.8971541
vt 0.19188675 0.91534567
vt 0.19454724 0.93894506
vt 0.19768098 0.9167973
vt 0.21718219 0.94150484
vt 0.19847995 0.9158396
vt 0.22025156 0.9400879
vt 0.20693332 0.9041853
vt 0.2511874 0.91612965
vt 0.10217997 0.8964666
vt 0.15841085 0.8957757
vt 0.22122175 0.8902398
vt 0.28272814 0.8854393
vt 0.2211554 0.8892408
vt 0.2825312 0.8836006
vt 0.21421075 0.87552387
vt 0.2626639 0.8561113
vt 0.2117889 0.87364966
vt 0.255631 0.8527883
vt 0.10723779 0.41533625
vt 0.06821859 0.4073009
vt 0.10843614 0.40572965
vt 0.06702003 0.41635758
vt 0.06997171 0.4894458
vt 0.10979888 0.4940101
vt 0.0695813 0.50093406
vt 0.11018932 0.48394763
vt 0.10843614 0.40572965
vt 0.06508005 0.33115876
vt 0.1052976 0.33103
vt 0.06821859 0.4073009
vt 0.11018932 0.48394763
vt 0.06702003 0.41635758
vt 0.10723779 0.41533625
vt 0.06997171 0.4894458
vt 0.16007614 0.49838722
vt 0.11525455 0.4864266
vt 0.15977216 0.4900201
vt 0.11684456 0.4953773
vt 0.11949629 0.40715283
vt 0.16371 0.41379607
vt 0.11919242 0.41552007
vt 0.16401398 0.4035594
vt 0.15977216 0.4900201
vt 0.11919242 0.41552007
vt 0.16371 0.41379607
vt 0.11525455 0.4864266
vt 0.16401398 0.4035594
vt 0.11555859 0.3309288
vt 0.16007608 0.33265257
vt 0.11949629 0.40715283
vt 0.21663514 0.45881408
vt 0.25757888 0.49767047
vt 0.22450158 0.4648052
vt 0.23952478 0.5115862
vt 0.27109826 0.50029325
vt 0.27591747 0.5039635
vt 0.2435821 0.46501386
vt 0.3231339 0.4596811
vt 0.28784376 0.46549797
vt 0.29754063 0.50017947
vt 0.3149649 0.46579468
vt 0.36845645 0.46637988
vt 0.44582838 0.4995407
vt 0.3894198 0.4997837
vt 0.46776584 0.5055254
vt 0.51695997 0.4992342
vt 0.4658134 0.46744466
vt 0.50782275 0.46790397
vt 0.52795273 0.504277
vt 0.5169421 0.46698737
vt 0.5255252 0.47765756
vt 0.53878975 0.49944806
vt 0.5349386 0.4803632
vt 0.5440482 0.49186605
vt 0.5058582 0.4611684
vt 0.5189161 0.5059416
vt 0.23647869 0.37520117
vt 0.24887949 0.36673534
vt 0.23437357 0.3731615
vt 0.25002712 0.37109184
vt 0.5440482 0.49186605
vt 0.5358753 0.47799408
vt 0.5349386 0.4803632
vt 0.5471475 0.49116522
vt 0.5349386 0.4803632
vt 0.5270194 0.47446305
vt 0.5255252 0.47765756
vt 0.5358753 0.47799408
vt 0.5255252 0.47765756
vt 0.5196698 0.4653263
vt 0.5169421 0.46698737
vt 0.5270194 0.47446305
vt 0.5169421 0.46698737
vt 0.5067827 0.4559772
vt 0.5058582 0.4611684
vt 0.5196698 0.4653263
vt 0.5058582 0.4611684
vt 0.32561478 0.45406842
vt 0.3231339 0.4596811
vt 0.5067827 0.4559772
vt 0.22412631 0.4529993
vt 0.21663514 0.45881408
vt 0.21712404 0.45292568
vt 0.501764 0.38092434
vt 0.54079306 0.37175983
vt 0.50175786 0.37417388
vt 0.54456615 0.37826347
vt 0.547177 0.34194314
vt 0.53866565 0.3465653
vt 0.5004289 0.34964943
vt 0.5002146 0.34569073
vt 0.501764 0.38092434
vt 0.32464218 0.36668313
vt 0.32356173 0.37095666
vt 0.50175786 0.37417388
vt 0.27604958 0.3682989
vt 0.26349595 0.3640315
vt 0.2656805 0.3688287
vt 0.27734497 0.3646828
vt 0.2656805 0.3688287
vt 0.24887949 0.36673534
vt 0.25002712 0.37109184
vt 0.26349595 0.3640315
vt 0.5067827 0.4559772
vt 0.5404255 0.45285344
vt 0.5318146 0.44593102
vt 0.5196698 0.4653263
vt 0.5196698 0.4653263
vt 0.5270194 0.47446305
vt 0.5404255 0.45285344
vt 0.6685363 0.473063
vt 0.6151497 0.41700935
vt 0.6156295 0.44514298
vt 0.6751195 0.45161062
vt 0.6751195 0.45161062
vt 0.63546723 0.3782044
vt 0.6151497 0.41700935
vt 0.70132494 0.4145261
vt 0.70132494 0.4145261
vt 0.6501594 0.36086333
vt 0.63546723 0.3782044
vt 0.72132456 0.388057
vt 0.6501594 0.36086333
vt 0.7381938 0.36373043
vt 0.6739424 0.34959322
vt 0.72132456 0.388057
vt 0.6501594 0.36086333
vt 0.6739424 0.34959322
vt 0.641607 0.35054165
vt 0.6156295 0.44514298
vt 0.6058308 0.41960615
vt 0.6032707 0.44473225
vt 0.6151497 0.41700935
vt 0.5404255 0.45285344
vt 0.5393725 0.4480133
vt 0.5318146 0.44593102
vt 0.6032707 0.44473225
vt 0.59671426 0.41255313
vt 0.5803298 0.41923213
vt 0.6032707 0.44473225
vt 0.6058308 0.41960615
vt 0.5803298 0.41923213
vt 0.5963787 0.3863082
vt 0.5568419 0.3712288
vt 0.59671426 0.41255313
vt 0.5568419 0.3712288
vt 0.6140586 0.35932237
vt 0.57605547 0.34102917
vt 0.5963787 0.3863082
vt 0.57605547 0.34102917
vt 0.641607 0.35054165
vt 0.6385906 0.34071034
vt 0.6140586 0.35932237
vt 0.641607 0.35054165
vt 0.26349595 0.3640315
vt 0.29206228 0.335698
vt 0.27583998 0.33565676
vt 0.27734497 0.3646828
vt 0.26349595 0.3640315
vt 0.27583998 0.33565676
vt 0.23770416 0.34107375
vt 0.6385906 0.34071034
vt 0.641607 0.35054165
vt 0.6739424 0.34959322
vt 0.54490304 0.41918886
vt 0.5253649 0.40100813
vt 0.52367365 0.4056443
vt 0.5479798 0.4178735
vt 0.52367365 0.4056443
vt 0.5118688 0.3965928
vt 0.5122518 0.40248907
vt 0.5253649 0.40100813
vt 0.4762889 0.40201867
vt 0.28898197 0.39438468
vt 0.2886815 0.3995654
vt 0.47472167 0.3962248
vt 0.2886815 0.3995654
vt 0.25113848 0.38361722
vt 0.25114843 0.38893104
vt 0.28898197 0.39438468
vt 0.5004289 0.34964943
vt 0.5002146 0.34569073
vt 0.3267538 0.33736342
vt 0.44432813 0.3465497
vt 0.3265679 0.33994257
vt 0.5437741 0.3098867
vt 0.53663015 0.29722977
vt 0.5360017 0.30297315
vt 0.54712826 0.30619395
vt 0.5437741 0.3098867
vt 0.5360017 0.30297315
vt 0.52735484 0.3332616
vt 0.5248474 0.32942617
vt 0.52374506 0.30657417
vt 0.36294633 0.30297065
vt 0.3634591 0.29960948
vt 0.26048842 0.29760224
vt 0.26646715 0.30080885
vt 0.35939243 0.3262701
vt 0.3588928 0.3295461
vt 0.26474503 0.3244059
vt 0.26452184 0.32746458
vt 0.25801066 0.32732093
vt 0.5360017 0.30297315
vt 0.3625862 0.29513806
vt 0.3634591 0.29960948
vt 0.53663015 0.29722977
vt 0.39461845 0.43988585
vt 0.33728117 0.44458872
vt 0.5263421 0.44502246
vt 0.48642334 0.4410174
vt 0.33959687 0.43920767
vt 0.47372362 0.40669453
vt 0.41477636 0.4059322
vt 0.31286663 0.43887806
vt 0.3237469 0.40475523
vt 0.29402745 0.40437078
vt 0.2886815 0.3995654
vt 0.28696874 0.4042797
vt 0.2820926 0.4042167
vt 0.23436308 0.43791044
vt 0.2694016 0.43834227
vt 0.22829959 0.4378401
vt 0.22526693 0.4443317
vt 0.25114843 0.38893104
vt 0.4762889 0.40201867
vt 0.5122518 0.40248907
vt 0.4907752 0.44145393
vt 0.52351665 0.4355334
vt 0.52367365 0.4056443
vt 0.5301034 0.425516
vt 0.5263421 0.44502246
vt 0.4907752 0.44145393
vt 0.48642334 0.4410174
vt 0.3634591 0.29960948
vt 0.25946918 0.29389882
vt 0.26048842 0.29760224
vt 0.3625862 0.29513806
vt 0.5122518 0.40248907
vt 0.47472167 0.3962248
vt 0.4762889 0.40201867
vt 0.5118688 0.3965928
vt 0.3265679 0.33994257
vt 0.29206228 0.335698
vt 0.2981137 0.3399608
vt 0.3267538 0.33736342
vt 0.2946884 0.3654164
vt 0.27734497 0.3646828
vt 0.32356173 0.37095666
vt 0.2946884 0.3654164
vt 0.27604958 0.3682989
vt 0.32464218 0.36668313
vt 0.5301034 0.425516
vt 0.54490304 0.41918886
vt 0.52367365 0.4056443
vt 0.27604958 0.3682989
vt 0.2946884 0.3654164
vt 0.27734497 0.3646828
vt 0.7129711 0.31107962
vt 0.629112 0.31754804
vt 0.7147037 0.3175127
vt 0.6273985 0.3110993
vt 0.17818755 0.3447665
vt 0.23598534 0.3380732
vt 0.17741135 0.33816105
vt 0.2367568 0.3446797
vt 0.24817777 0.38254476
vt 0.22027221 0.40311217
vt 0.24786854 0.38918436
vt 0.22059 0.39647
vt 0.22059 0.39647
vt 0.18173972 0.3905968
vt 0.22027221 0.40311217
vt 0.1820572 0.383954
vt 0.24561557 0.3653108
vt 0.25125194 0.35643113
vt 0.24506173 0.35868633
vt 0.25180563 0.36305487
vt 0.18567812 0.36408377
vt 0.24506173 0.35868633
vt 0.1851159 0.35745728
vt 0.24561557 0.3653108
vt 0.23288459 0.41705358
vt 0.17475119 0.42355937
vt 0.23205581 0.42365634
vt 0.17557263 0.41696042
vt 0.87423444 0.47624958
vt 0.78092694 0.48056597
vt 0.8719607 0.4812981
vt 0.78320014 0.4755149
vt 0.6962048 0.47951913
vt 0.62133855 0.47091728
vt 0.6928643 0.48360038
vt 0.62466675 0.46682334
vt 0.69456506 0.29213607
vt 0.6200294 0.2969823
vt 0.69735587 0.2968037
vt 0.6172664 0.2922936
vt 0.25757888 0.49767047
vt 0.2735077 0.4948616
vt 0.25998828 0.49223864
vt 0.27109826 0.50029325
vt 0.6151329 0.2883643
vt 0.7123451 0.282929
vt 0.61764884 0.28278065
vt 0.709829 0.2885126
vt 0.18145841 0.35452652
vt 0.24086294 0.34756893
vt 0.1822986 0.34746754
vt 0.24002269 0.35462773
vt 0.19496232 0.33553648
vt 0.26984766 0.3308463
vt 0.19777548 0.3306558
vt 0.2670343 0.33572698
vt 0.8899317 0.4260981
vt 0.94514287 0.3824464
vt 0.8847809 0.4238162
vt 0.9502936 0.3847282
vt 0.62889916 0.32678628
vt 0.71726257 0.31979388
vt 0.6269895 0.3199389
vt 0.71917236 0.32664156
vt 0.23243833 0.37458688
vt 0.17519227 0.38174617
vt 0.23311847 0.38166314
vt 0.17451215 0.37467015
vt 0.18928182 0.31644553
vt 0.22873083 0.3212241
vt 0.18944818 0.30933857
vt 0.22856444 0.32833093
vt 0.23625523 0.4066348
vt 0.17864251 0.4137951
vt 0.23713318 0.41368926
vt 0.17776456 0.40674067
vt 0.22856444 0.32833093
vt 0.2565866 0.3079369
vt 0.22873083 0.3212241
vt 0.25642022 0.31504375
vt 0.8847809 0.4238162
vt 0.9011159 0.37902212
vt 0.8430314 0.4216907
vt 0.94514287 0.3824464
vt 0.85065436 0.43279588
vt 0.8218636 0.420613
vt 0.80876565 0.37183905
vt 0.82940376 0.37344444
vt 0.77109295 0.42844152
vt 0.78731763 0.418854
vt 0.7982159 0.3747058
vt 0.72933483 0.3405434
vt 0.5882713 0.3313213
vt 0.7649758 0.35309756
vt 0.63267964 0.32882786
vt 0.7982159 0.3747058
vt 0.8141489 0.36505055
vt 0.7894318 0.35283458
vt 0.80876565 0.37183905
vt 0.7982159 0.3747058
vt 0.7894318 0.35283458
vt 0.77109295 0.42844152
vt 0.9659899 0.3736475
vt 0.82940376 0.37344444
vt 0.9011159 0.37902212
vt 0.8141489 0.36505055
vt 0.82940376 0.37344444
vt 0.8141489 0.36505055
vt 0.80876565 0.37183905
vt 0.9659899 0.3736475
vt 0.9011159 0.37902212
vt 0.94514287 0.3824464
vt 0.72933483 0.3405434
vt 0.7686435 0.30112374
vt 0.7365335 0.29759383
vt 0.7649758 0.35309756
vt 0.713733 0.306103
vt 0.72933483 0.3405434
vt 0.7365335 0.29759383
vt 0.5814847 0.49403572
vt 0.6928643 0.48360038
vt 0.62133855 0.47091728
vt 0.65568936 0.5051124
vt 0.629112 0.31754804
vt 0.6229238 0.31132805
vt 0.6246658 0.3177467
vt 0.6273985 0.3110993
vt 0.852514 0.4469123
vt 0.96565044 0.43804085
vt 0.79287356 0.43583953
vt 0.9443135 0.4476837
vt 0.79750323 0.44646418
vt 0.77077144 0.44623125
vt 0.7273061 0.44585526
vt 0.68920815 0.43452007
vt 0.9486992 0.44738692
vt 0.9630921 0.48928517
vt 0.96565044 0.43804085
vt 0.7273061 0.44585526
vt 0.68920815 0.43452007
vt 0.7150798 0.49442935
vt 0.7441554 0.48028684
vt 0.7461425 0.48644012
vt 0.75121266 0.4803427
vt 0.78092694 0.48056597
vt 0.8719607 0.4812981
vt 0.80636 0.4869144
vt 0.9331028 0.48826826
vt 0.93091756 0.48178184
vt 0.9486992 0.44738692
vt 0.9630921 0.48928517
vt 0.18452758 0.51158625
vt 0.22530943 0.48779577
vt 0.17611355 0.49248695
vt 0.23474115 0.50901747
vt 0.7649758 0.35309756
vt 0.77375317 0.31264198
vt 0.7686435 0.30112374
vt 0.76941323 0.3637663
vt 0.547177 0.34194314
vt 0.54079306 0.37175983
vt 0.54456615 0.37826347
vt 0.7894318 0.35283458
vt 0.75778055 0.41404212
vt 0.77109295 0.42844152
vt 0.7798885 0.33573985
vt 0.39714387 0.53036296
vt 0.48188326 0.53493685
vt 0.400714 0.53996336
vt 0.4807515 0.5223661
vt 0.5107252 0.53225565
vt 0.5098029 0.5191754
vt 0.613659 0.52434695
vt 0.6156406 0.51336473
vt 0.400714 0.53996336
vt 0.38384557 0.55542254
vt 0.39714387 0.53036296
vt 0.400714 0.53996336
vt 0.39323753 0.5496126
vt 0.400714 0.53996336
vt 0.39760685 0.5478327
vt 0.39323753 0.5496126
vt 0.3992919 0.5454826
vt 0.400714 0.53996336
vt 0.4805002 0.5434076
vt 0.3992919 0.5454826
vt 0.48188326 0.53493685
vt 0.50932175 0.5409863
vt 0.5107252 0.53225565
vt 0.61244875 0.5305601
vt 0.613659 0.52434695
vt 0.6156406 0.51336473
vt 0.6231857 0.5363654
vt 0.613659 0.52434695
vt 0.6156406 0.51336473
vt 0.6342343 0.54276836
vt 0.6231857 0.5363654
vt 0.61244875 0.5305601
vt 0.613659 0.52434695
vt 0.6162684 0.5351082
vt 0.6231857 0.5363654
vt 0.5232941 0.6028261
vt 0.6162684 0.5351082
vt 0.53068817 0.60845166
vt 0.53068817 0.60845166
vt 0.5097747 0.60908985
vt 0.5232941 0.6028261
vt 0.5099846 0.61524314
vt 0.5099846 0.61524314
vt 0.48797926 0.6040107
vt 0.5097747 0.60908985
vt 0.4855119 0.60780704
vt 0.4855119 0.60780704
vt 0.39760685 0.5478327
vt 0.48797926 0.6040107
vt 0.39323753 0.5496126
vt 0.4855119 0.60780704
vt 0.38384557 0.55542254
vt 0.39323753 0.5496126
vt 0.48074314 0.6193147
vt 0.5099846 0.61524314
vt 0.48074314 0.6193147
vt 0.4855119 0.60780704
vt 0.51544976 0.6286245
vt 0.53068817 0.60845166
vt 0.51544976 0.6286245
vt 0.5099846 0.61524314
vt 0.54163796 0.61670476
vt 0.6231857 0.5363654
vt 0.54163796 0.61670476
vt 0.53068817 0.60845166
vt 0.6342343 0.54276836
vt 0.5307245 0.5524001
vt 0.61244875 0.5305601
vt 0.6162684 0.5351082
vt 0.50932175 0.5409863
vt 0.4805002 0.5434076
vt 0.47032028 0.5554107
vt 0.39760685 0.5478327
vt 0.4805002 0.5434076
vt 0.47032028 0.5554107
vt 0.3992919 0.5454826
vt 0.39760685 0.5478327
vt 0.47032028 0.5554107
vt 0.48797926 0.6040107
vt 0.5232941 0.6028261
vt 0.5307245 0.5524001
vt 0.6162684 0.5351082
vt 0.32702023 0.84227455
vt 0.3543005 0.8580712
vt 0.32736382 0.86529243
vt 0.34243828 0.83675754
vt 0.327213 0.8069708
vt 0.34243828 0.83675754
vt 0.32702023 0.84227455
vt 0.35382488 0.8146857
vt 0.40653428 0.806947
vt 0.3724044 0.86559445
vt 0.3724044 0.80979437
vt 0.40653425 0.86552393
vt 0.3724044 0.968148
vt 0.40653425 0.91484344
vt 0.40653425 0.97359353
vt 0.3724044 0.91505563
vt 0.36853355 0.93590677
vt 0.33930993 0.87944317
vt 0.366414 0.8733854
vt 0.34078825 0.9312542
vt 0.32813936 0.92356086
vt 0.32655895 0.888045
vt 0.40653425 0.86552393
vt 0.3724044 0.87926376
vt 0.3724044 0.86559445
vt 0.40653425 0.87948495
vt 0.3724044 0.91505563
vt 0.40653425 0.9017251
vt 0.40653425 0.91484344
vt 0.3724044 0.9004336
vt 0.3724044 0.9004336
vt 0.40653425 0.89634037
vt 0.40653425 0.9017251
vt 0.3724044 0.89487493
vt 0.40653425 0.87948495
vt 0.3724044 0.8859602
vt 0.3724044 0.87926376
vt 0.40653425 0.88624096
vt 0.40653425 0.88624096
vt 0.3724044 0.89084405
vt 0.3724044 0.8859602
vt 0.40653425 0.89186317
vt 0.3724044 0.89487493
vt 0.40653425 0.89186317
vt 0.40653425 0.89634037
vt 0.3724044 0.89084405
vt 0.32319307 0.9164218
vt 0.32655895 0.888045
vt 0.32813936 0.92356086
vt 0.32136816 0.8978638
vt 0.32067126 0.90856206
vt 0.3646478 0.83024275
vt 0.3606127 0.84879786
vt 0.3606367 0.82346696
vt 0.36394942 0.84370273
vt 0.36394942 0.84370273
vt 0.3646478 0.83024275
vt 0.3655485 0.83796096
vt 0.3606367 0.82346696
vt 0.34243828 0.83675754
vt 0.35382488 0.8146857
vt 0.3606127 0.84879786
vt 0.3543005 0.8580712
vt 0.6809921 0.19084173
vt 0.6709939 0.12832475
vt 0.7016765 0.14431918
vt 0.6486893 0.19486457
vt 0.6757355 0.19357413
vt 0.6800122 0.19188201
vt 0.6206396 0.11157143
vt 0.59307766 0.19329047
vt 0.4966449 0.15280128
vt 0.5187845 0.18180007
vt 0.5696801 0.09931111
vt 0.7016765 0.14431918
vt 0.684322 0.19297063
vt 0.6809921 0.19084173
vt 0.7016765 0.14431918
vt 0.7041787 0.1439234
vt 0.6709939 0.12832475
vt 0.7041787 0.1439234
vt 0.7016765 0.14431918
vt 0.6709939 0.12832475
vt 0.67188776 0.124103904
vt 0.6757355 0.19357413
vt 0.6478442 0.1990459
vt 0.6486893 0.19486457
vt 0.67564034 0.19754136
vt 0.5918198 0.19736344
vt 0.59307766 0.19329047
vt 0.6800122 0.19188201
vt 0.67564034 0.19754136
vt 0.6757355 0.19357413
vt 0.6822026 0.19463462
vt 0.6809921 0.19084173
vt 0.6822026 0.19463462
vt 0.6800122 0.19188201
vt 0.684322 0.19297063
vt 0.6206396 0.11157143
vt 0.67188776 0.124103904
vt 0.6709939 0.12832475
vt 0.6209352 0.10732567
vt 0.5187845 0.18180007
vt 0.49350202 0.15124309
vt 0.4966449 0.15280128
vt 0.5187845 0.18180007
vt 0.51649225 0.18512535
vt 0.59307766 0.19329047
vt 0.51649225 0.18512535
vt 0.5187845 0.18180007
vt 0.5918198 0.19736344
vt 0.5696801 0.09931111
vt 0.6209352 0.10732567
vt 0.6206396 0.11157143
vt 0.56785107 0.095884204
vt 0.4966449 0.15280128
vt 0.56785107 0.095884204
vt 0.5696801 0.09931111
vt 0.49350202 0.15124309
vt 0.418506 0.11831528
vt 0.35497087 0.11167109
vt 0.38984662 0.09419644
vt 0.3777053 0.13039142
vt 0.36444095 0.07740563
vt 0.33088085 0.09718764
vt 0.33936432 0.06837499
vt 0.3100992 0.0900619
vt 0.3037048 0.06434196
vt 0.2910414 0.08717257
vt 0.29652542 0.064321995
vt 0.2929307 0.06431174
vt 0.27296034 0.064507544
vt 0.26035926 0.08637041
vt 0.21167205 0.065488875
vt 0.21328504 0.08572948
vt 0.14841244 0.06710088
vt 0.1402117 0.08537114
vt 0.12690471 0.06777835
vt 0.1132409 0.08560848
vt 0.08327483 0.06932515
vt 0.06437713 0.085807204
vt 0.3046362 0.06250799
vt 0.29745045 0.06247765
vt 0.292287 0.061776042
vt 0.30544245 0.03497106
vt 0.2986741 0.033502102
vt 0.25805786 0.043619156
vt 0.07922934 0.06812227
vt 0.059898008 0.08477104
vt 0.083213195 0.06852782
vt 0.10169947 0.04975623
vt 0.09775978 0.049560905
vt 0.10339133 0.049081326
vt 0.10228878 0.04808396
vt 0.1224038 0.048381984
vt 0.12115307 0.04728502
vt 0.12478834 0.048968434
vt 0.12569167 0.048558056
vt 0.14539228 0.0664013
vt 0.14397866 0.06447315
vt 0.14739154 0.06528878
vt 0.20658588 0.06474036
vt 0.20057133 0.06375909
vt 0.20417729 0.06284517
vt 0.2284368 0.045452952
vt 0.22474664 0.0449301
vt 0.23148304 0.044350684
vt 0.23015004 0.043255746
vt 0.25404027 0.04359263
vt 0.25266564 0.042513788
vt 0.2576782 0.044192135
vt 0.25408867 0.04740435
vt 0.27901232 0.06357825
vt 0.25117952 0.046604693
vt 0.2324185 0.047237694
vt 0.23031223 0.04803443
vt 0.2166967 0.064168334
vt 0.27454698 0.061837137
vt 0.2525228 0.048306823
vt 0.2509611 0.04748082
vt 0.24923007 0.051241815
vt 0.25110447 0.051383376
vt 0.25001693 0.052237153
vt 0.2321197 0.051823437
vt 0.23169826 0.052756846
vt 0.23225822 0.04809457
vt 0.23092788 0.048558116
vt 0.2307936 0.0522874
vt 0.21903214 0.06220585
vt 0.21960141 0.062779784
vt 0.27288547 0.061865628
vt 0.27288547 0.061865628
vt 0.37990642 0.13242644
vt 0.42049083 0.11999977
vt 0.42208448 0.1178419
vt 0.39315942 0.093693435
vt 0.36482266 0.07508969
vt 0.33998078 0.06645399
vt 0.358669 0.03903967
vt 0.32362777 0.03520161
vt 0.39090785 0.045782268
vt 0.43784413 0.072687685
vt 0.4876319 0.13347363
vt 0.48754516 0.1377042
vt 0.43099594 0.19162494
vt 0.4178311 0.19158089
vt 0.37676102 0.13341093
vt 0.37063643 0.13118196
vt 0.34822986 0.11268526
vt 0.3280386 0.10009539
vt 0.30572793 0.09154391
vt 0.2899763 0.08887339
vt 0.2594806 0.08831376
vt 0.21278642 0.08767235
vt 0.13769418 0.0869056
vt 0.11081557 0.087157905
vt 0.062601864 0.08724022
vt 0.05980589 0.086900055
vt 0.014090572 0.10844487
vt 0.014324833 0.10492796
vt 0.038640056 0.04324329
vt 0.068274036 0.013185918
vt 0.07309897 0.01091224
vt 0.10752182 0.009167612
vt 0.11464405 0.011165559
vt 0.14471626 0.038576126
vt 0.14940718 0.040007293
vt 0.18952078 0.037308156
vt 0.19562666 0.03853488
vt 0.21324268 0.0080010295
vt 0.22131336 0.0049954057
vt 0.24852332 0.004871905
vt 0.25805104 0.006519437
vt 0.20057133 0.06375909
vt 0.19562666 0.03853488
vt 0.12144347 0.052476168
vt 0.13236816 0.06681198
vt 0.11955862 0.051232994
vt 0.10623756 0.051463783
vt 0.10394338 0.052458942
vt 0.093131885 0.06815845
vt 0.11929907 0.05311048
vt 0.12820727 0.06388265
vt 0.12690336 0.06439257
vt 0.131117 0.06639868
vt 0.11719446 0.056144893
vt 0.11567831 0.056842506
vt 0.11529605 0.055862308
vt 0.11804369 0.051913083
vt 0.10611947 0.05234164
vt 0.10476564 0.052968502
vt 0.10591336 0.05622697
vt 0.10551187 0.057152748
vt 0.10457 0.05670458
vt 0.09649587 0.06499392
vt 0.09702559 0.06534284
vt 0.09415655 0.06739563
vt 0.094551966 0.06773013
vt 0.016708989 0.10955757
vt 0.06795046 0.110111535
vt 0.11919352 0.11063796
vt 0.22097832 0.11230403
vt 0.27061594 0.11399567
vt 0.28782457 0.11484057
vt 0.29670852 0.1152913
vt 0.32670832 0.122103095
vt 0.3458083 0.13395715
vt 0.36549097 0.16664124
vt 0.369688 0.17096007
vt 0.23092788 0.048558116
vt 0.2166967 0.064168334
vt 0.23031223 0.04803443
vt 0.21903214 0.06220585
vt 0.23092788 0.048558116
vt 0.2307936 0.0522874
vt 0.21903214 0.06220585
vt 0.25110447 0.051383376
vt 0.27288547 0.061865628
vt 0.25001693 0.052237153
vt 0.27454698 0.061837137
vt 0.27288547 0.061865628
vt 0.23169826 0.052756846
vt 0.25001693 0.052237153
vt 0.21960141 0.062779784
vt 0.98581964 0.25264102
vt 0.9506646 0.24533015
vt 0.9681671 0.26283276
vt 0.96085626 0.2276777
vt 0.96085626 0.2276777
vt 0.9267558 0.2389239
vt 0.9506646 0.24533015
vt 0.9267557 0.21854061
vt 0.9267557 0.21854061
vt 0.9028469 0.24533015
vt 0.9267558 0.2389239
vt 0.9267557 0.21854061
vt 0.89265525 0.2276777
vt 0.89265525 0.2276777
vt 0.8853443 0.26283276
vt 0.9028469 0.24533015
vt 0.8676919 0.25264102
vt 0.8676919 0.25264102
vt 0.87893796 0.28674185
vt 0.8853443 0.26283276
vt 0.85855466 0.28674185
vt 0.85855466 0.28674185
vt 0.8853443 0.31065053
vt 0.87893796 0.28674185
vt 0.8676919 0.3208422
vt 0.8676919 0.3208422
vt 0.9028469 0.32815307
vt 0.8853443 0.31065053
vt 0.89265525 0.34580553
vt 0.89265525 0.34580553
vt 0.9267558 0.33455944
vt 0.9028469 0.32815307
vt 0.9267557 0.35494274
vt 0.9267557 0.35494274
vt 0.9506646 0.32815307
vt 0.9267558 0.33455944
vt 0.9267557 0.35494274
vt 0.96085626 0.34580553
vt 0.96085626 0.34580553
vt 0.9681671 0.31065053
vt 0.9506646 0.32815307
vt 0.98581964 0.3208422
vt 0.98581964 0.3208422
vt 0.97457343 0.28674185
vt 0.9681671 0.31065053
vt 0.9949568 0.28674185
vt 0.9949568 0.28674185
vt 0.9681671 0.26283276
vt 0.97457343 0.28674185
vt 0.98581964 0.25264102
vt 0.9479795 0.27448815
vt 0.93900925 0.265518
vt 0.9267558 0.28674185
vt 0.9267558 0.2622347
vt 0.9145022 0.265518
vt 0.90553194 0.27448815
vt 0.9022486 0.28674173
vt 0.90553194 0.29899538
vt 0.9145022 0.30796564
vt 0.9267558 0.31124896
vt 0.93900925 0.30796564
vt 0.9479795 0.29899538
vt 0.95126283 0.28674173
vt 0.9681671 0.26283276
vt 0.9492632 0.24775738
vt 0.96573997 0.26423407
vt 0.9506646 0.24533015
vt 0.9267558 0.24172652
vt 0.9267558 0.2389239
vt 0.90424824 0.24775738
vt 0.9028469 0.24533015
vt 0.8877715 0.26423407
vt 0.8853443 0.26283276
vt 0.8817406 0.28674185
vt 0.87893796 0.28674185
vt 0.8877715 0.30924922
vt 0.8853443 0.31065053
vt 0.90424824 0.32572597
vt 0.9028469 0.32815307
vt 0.9267558 0.33175677
vt 0.9267558 0.33455944
vt 0.9492632 0.32572597
vt 0.9506646 0.32815307
vt 0.96573997 0.30924922
vt 0.9681671 0.31065053
vt 0.9717708 0.28674185
vt 0.97457343 0.28674185
vt 0.96573997 0.26423407
vt 0.9485939 0.2489168
vt 0.9645806 0.26490337
vt 0.9492632 0.24775738
vt 0.9492632 0.24775738
vt 0.9267558 0.2430653
vt 0.9485939 0.2489168
vt 0.9267558 0.24172652
vt 0.9267558 0.24172652
vt 0.9049175 0.2489168
vt 0.9267558 0.2430653
vt 0.90424824 0.24775738
vt 0.90424824 0.24775738
vt 0.88893086 0.26490337
vt 0.9049175 0.2489168
vt 0.8877715 0.26423407
vt 0.8877715 0.26423407
vt 0.88307935 0.28674185
vt 0.88893086 0.26490337
vt 0.8877715 0.26423407
vt 0.8817406 0.28674185
vt 0.88307935 0.28674185
vt 0.8817406 0.28674185
vt 0.88893086 0.30857986
vt 0.88307935 0.28674185
vt 0.8817406 0.28674185
vt 0.8877715 0.30924922
vt 0.8877715 0.30924922
vt 0.9049175 0.3245666
vt 0.88893086 0.30857986
vt 0.90424824 0.32572597
vt 0.90424824 0.32572597
vt 0.9267558 0.33041805
vt 0.9049175 0.3245666
vt 0.9267558 0.33175677
vt 0.9267558 0.33175677
vt 0.9485939 0.3245666
vt 0.9267558 0.33041805
vt 0.9492632 0.32572597
vt 0.9492632 0.32572597
vt 0.9645806 0.30857986
vt 0.9485939 0.3245666
vt 0.96573997 0.30924922
vt 0.96573997 0.30924922
vt 0.9704321 0.28674185
vt 0.9645806 0.30857986
vt 0.96573997 0.30924922
vt 0.9717708 0.28674185
vt 0.9704321 0.28674185
vt 0.9717708 0.28674185
vt 0.9645806 0.26490337
vt 0.9704321 0.28674185
vt 0.9717708 0.28674185
vt 0.96573997 0.26423407
vt 0.9645806 0.26490337
vt 0.9479363 0.2500558
vt 0.96344155 0.2655611
vt 0.9485939 0.2489168
vt 0.9267558 0.24438047
vt 0.9267558 0.2430653
vt 0.90557504 0.2500558
vt 0.9049175 0.2489168
vt 0.89006984 0.2655611
vt 0.88893086 0.26490337
vt 0.8843945 0.28674185
vt 0.9704321 0.28674185
vt 0.96911687 0.28674185
vt 0.9645806 0.30857986
vt 0.88893086 0.26490337
vt 0.88307935 0.28674185
vt 0.89006984 0.30792224
vt 0.88893086 0.30857986
vt 0.90557504 0.32342762
vt 0.9049175 0.3245666
vt 0.9267558 0.32910293
vt 0.9267558 0.33041805
vt 0.9479363 0.32342762
vt 0.9485939 0.3245666
vt 0.96344155 0.30792224
vt 0.9645806 0.30857986
vt 0.96344155 0.2655611
vt 0.94625807 0.25296253
vt 0.96053475 0.26723933
vt 0.9479363 0.2500558
vt 0.9479363 0.2500558
vt 0.9267558 0.24773705
vt 0.94625807 0.25296253
vt 0.9267558 0.24438047
vt 0.9267558 0.24438047
vt 0.9072534 0.25296253
vt 0.9267558 0.24773705
vt 0.90557504 0.2500558
vt 0.90557504 0.2500558
vt 0.89297664 0.26723933
vt 0.9072534 0.25296253
vt 0.89006984 0.2655611
vt 0.89006984 0.2655611
vt 0.8877511 0.28674185
vt 0.89297664 0.26723933
vt 0.8843945 0.28674185
vt 0.8843945 0.28674185
vt 0.89297664 0.30624402
vt 0.8877511 0.28674185
vt 0.89006984 0.30792224
vt 0.89006984 0.30792224
vt 0.9072534 0.32052088
vt 0.89297664 0.30624402
vt 0.90557504 0.32342762
vt 0.90557504 0.32342762
vt 0.9267558 0.32574654
vt 0.9072534 0.32052088
vt 0.9267558 0.32910293
vt 0.9267558 0.32910293
vt 0.94625807 0.32052088
vt 0.9267558 0.32574654
vt 0.9479363 0.32342762
vt 0.9479363 0.32342762
vt 0.96053475 0.30624402
vt 0.94625807 0.32052088
vt 0.96344155 0.30792224
vt 0.96344155 0.30792224
vt 0.9657604 0.28674185
vt 0.96053475 0.30624402
vt 0.96911687 0.28674185
vt 0.96911687 0.28674185
vt 0.96053475 0.26723933
vt 0.9657604 0.28674185
vt 0.96344155 0.2655611
vt 0.96053475 0.26723933
vt 0.9447023 0.2556572
vt 0.95784026 0.268795
vt 0.94625807 0.25296253
vt 0.9267558 0.2508484
vt 0.9267558 0.24773705
vt 0.90880907 0.2556572
vt 0.9072534 0.25296253
vt 0.8956711 0.268795
vt 0.89297664 0.26723933
vt 0.8908624 0.28674185
vt 0.8877511 0.28674185
vt 0.8956711 0.30468857
vt 0.89297664 0.30624402
vt 0.90880907 0.3178265
vt 0.9072534 0.32052088
vt 0.9267558 0.32263523
vt 0.9267558 0.32574654
vt 0.9447023 0.3178265
vt 0.94625807 0.32052088
vt 0.95784026 0.30468857
vt 0.96053475 0.30624402
vt 0.96264905 0.28674185
vt 0.9657604 0.28674185
vt 0.95784026 0.268795
vt 0.93900925 0.265518
vt 0.9479795 0.27448815
vt 0.9447023 0.2556572
vt 0.9447023 0.2556572
vt 0.9267558 0.2622347
vt 0.93900925 0.265518
vt 0.9267558 0.2508484
vt 0.9267558 0.2508484
vt 0.9145022 0.265518
vt 0.9267558 0.2622347
vt 0.90880907 0.2556572
vt 0.90880907 0.2556572
vt 0.90553194 0.27448815
vt 0.9145022 0.265518
vt 0.8956711 0.268795
vt 0.8956711 0.268795
vt 0.9022486 0.28674173
vt 0.90553194 0.27448815
vt 0.8956711 0.268795
vt 0.8908624 0.28674185
vt 0.9022486 0.28674173
vt 0.8908624 0.28674185
vt 0.90553194 0.29899538
vt 0.9022486 0.28674173
vt 0.8908624 0.28674185
vt 0.8956711 0.30468857
vt 0.90553194 0.29899538
vt 0.8956711 0.30468857
vt 0.9145022 0.30796564
vt 0.90553194 0.29899538
vt 0.90880907 0.3178265
vt 0.90880907 0.3178265
vt 0.9267558 0.31124896
vt 0.9145022 0.30796564
vt 0.9267558 0.32263523
vt 0.9267558 0.32263523
vt 0.93900925 0.30796564
vt 0.9267558 0.31124896
vt 0.9447023 0.3178265
vt 0.9447023 0.3178265
vt 0.9479795 0.29899538
vt 0.93900925 0.30796564
vt 0.95784026 0.30468857
vt 0.95784026 0.30468857
vt 0.95126283 0.28674173
vt 0.9479795 0.29899538
vt 0.95784026 0.30468857
vt 0.96264905 0.28674185
vt 0.95126283 0.28674173
vt 0.96264905 0.28674185
vt 0.9479795 0.27448815
vt 0.95126283 0.28674173
vt 0.96264905 0.28674185
vt 0.95784026 0.268795
vt 0.9479795 0.27448815
vt 0.431462 0.873177
vt 0.5242814 0.90958285
vt 0.4467663 0.8563985
vt 0.5085544 0.92800796
vt 0.5247814 0.92661494
vt 0.53298104 0.92323726
vt 0.5317393 0.91072994
vt 0.62391144 0.87051517
vt 0.6179986 0.8586525
vt 0.6450519 0.8419021
vt 0.6204088 0.85063183
vt 0.6326522 0.8262227
vt 0.61934406 0.8426908
vt 0.52431434 0.9061449
vt 0.44842514 0.8519997
vt 0.532109 0.9068148
vt 0.6142592 0.85409075
vt 0.5368631 0.9003686
vt 0.5326761 0.895241
vt 0.5688736 0.86017364
vt 0.56491566 0.86055326
vt 0.6143506 0.8493736
vt 0.6141042 0.84476626
vt 0.5979793 0.8388077
vt 0.5976438 0.8397427
vt 0.59824955 0.83753914
vt 0.5100671 0.87456256
vt 0.5035957 0.8755471
vt 0.49230075 0.8668077
vt 0.4597562 0.84324366
vt 0.44779634 0.83112454
vt 0.4452341 0.8528102
vt 0.4436725 0.8555612
vt 0.44565 0.8306378
vt 0.45997602 0.8376889
vt 0.46440104 0.84305024
vt 0.46450347 0.8373219
vt 0.47484228 0.8399694
vt 0.4710173 0.8350644
vt 0.49354413 0.86118484
vt 0.50492805 0.82532257
vt 0.49910474 0.816804
vt 0.49580157 0.8670303
vt 0.4962679 0.8625425
vt 0.51208764 0.8261147
vt 0.50991964 0.82630175
vt 0.58444226 0.787449
vt 0.5855677 0.79337835
vt 0.5858923 0.7795922
vt 0.588491 0.79133487
vt 0.5920704 0.78406113
vt 0.5784836 0.72302866
vt 0.6055587 0.7171011
vt 0.60726726 0.76982784
vt 0.5921962 0.79857886
vt 0.57405907 0.7467052
vt 0.5852178 0.79855084
vt 0.5921962 0.79857886
vt 0.5032774 0.87171173
vt 0.50888467 0.8711514
vt 0.5508066 0.8556398
vt 0.5501543 0.8533569
vt 0.5893093 0.81271267
vt 0.59046054 0.813892
vt 0.5893093 0.81271267
vt 0.58977866 0.8142286
vt 0.5969583 0.83753055
vt 0.5687023 0.8586473
vt 0.5651829 0.85993534
vt 0.5512526 0.85445875
vt 0.57405907 0.7467052
vt 0.57206345 0.72515666
vt 0.5728469 0.7446305
vt 0.5703508 0.7228068
vt 0.5778751 0.72070575
vt 0.6052757 0.715526
vt 0.610662 0.7169246
vt 0.6105099 0.7155323
vt 0.6469858 0.71178675
vt 0.6480661 0.7096975
vt 0.61237305 0.7729387
vt 0.6376562 0.8267554
vt 0.6463658 0.8363794
vt 0.64435613 0.7671129
vt 0.6633405 0.80537987
vt 0.58422726 0.78197527
vt 0.5776575 0.7694533
vt 0.5770476 0.77042866
vt 0.5756782 0.76857626
vt 0.5770638 0.76233935
vt 0.5756782 0.76857626
vt 0.51057655 0.8247536
vt 0.50401616 0.81862366
vt 0.5748963 0.7652484
vt 0.5025461 0.81676084
vt 0.49910474 0.816804
vt 0.57511127 0.7614019
vt 0.5770638 0.76233935
vt 0.5748963 0.7652484
vt 0.57405907 0.7467052
vt 0.5770638 0.76233935
vt 0.57405907 0.7467052
vt 0.43108737 0.87011135
vt 0.6480661 0.7096975
vt 0.6486953 0.71209383
vt 0.6498812 0.7108945
vt 0.6469858 0.71178675
vt 0.6469858 0.71178675
vt 0.64605975 0.7666925
vt 0.6486953 0.71209383
vt 0.64435613 0.7671129
vt 0.6641874 0.80403715
vt 0.6633405 0.80537987
vt 0.6498812 0.7108945
vt 0.6797769 0.7075775
vt 0.6807816 0.70628786
vt 0.6486953 0.71209383
vt 0.6486953 0.71209383
vt 0.6766552 0.75562894
vt 0.6797769 0.7075775
vt 0.64605975 0.7666925
vt 0.6863513 0.78582305
vt 0.6641874 0.80403715
vt 0.6130038 0.92546064
vt 0.6349337 0.9620902
vt 0.63986665 0.9579587
vt 0.6073863 0.928402
vt 0.6400161 0.96221155
vt 0.6408881 0.9580259
vt 0.7235013 0.9384946
vt 0.72339135 0.9342676
vt 0.78568375 0.90867966
vt 0.7834122 0.905195
vt 0.7998275 0.9000762
vt 0.7963155 0.8966786
vt 0.81202596 0.89178157
vt 0.8084209 0.88697034
vt 0.8231386 0.8805396
vt 0.81811154 0.87507164
vt 0.8561047 0.8162018
vt 0.84532666 0.8163395
vt 0.6418413 0.9528361
vt 0.61517775 0.92386353
vt 0.7212061 0.9324974
vt 0.6430398 0.9549235
vt 0.79253066 0.8946018
vt 0.7812557 0.9025405
vt 0.81327236 0.8729137
vt 0.8056632 0.88402003
vt 0.7552098 0.8883628
vt 0.7212061 0.9324974
vt 0.77559733 0.8812051
vt 0.79481304 0.8743552
vt 0.8046564 0.8676091
vt 0.8380201 0.81914866
vt 0.83468336 0.8184267
vt 0.7546804 0.8861978
vt 0.74927795 0.8858243
vt 0.750545 0.8872814
vt 0.7049625 0.9292067
vt 0.73266506 0.8979118
vt 0.73178434 0.8954322
vt 0.77401876 0.8795891
vt 0.79439497 0.8734368
vt 0.80373496 0.86591494
vt 0.83333963 0.81648535
vt 0.83941734 0.816276
vt 0.84547794 0.81476814
vt 0.85627055 0.8144509
vt 0.86120594 0.81600994
vt 0.82509637 0.8836194
vt 0.8118799 0.895413
vt 0.8019191 0.90221786
vt 0.7875999 0.91095734
vt 0.7230127 0.9406084
vt 0.86204684 0.81309855
vt 0.83779335 0.8143953
vt 0.8412093 0.81262773
vt 0.8310091 0.79002726
vt 0.8245052 0.7922512
vt 0.8180882 0.7939626
vt 0.8300875 0.7888828
vt 0.8235259 0.790368
vt 0.8266548 0.785468
vt 0.82367676 0.78625107
vt 0.81898546 0.78862166
vt 0.82145107 0.7860592
vt 0.7796707 0.7353935
vt 0.77437055 0.73580456
vt 0.78644013 0.73231506
vt 0.8239906 0.7831859
vt 0.7907902 0.72893155
vt 0.88538843 0.70812225
vt 0.87967074 0.7058811
vt 0.87702143 0.70251966
vt 0.88452876 0.7126976
vt 0.85688233 0.7843354
vt 0.8701193 0.79444695
vt 0.9041716 0.7185216
vt 0.8553685 0.81217515
vt 0.8639486 0.80982876
vt 0.8751385 0.8061744
vt 0.8744565 0.8026943
vt 0.8791827 0.8034811
vt 0.8796278 0.8013462
vt 0.89250535 0.8047095
vt 0.8934045 0.80371046
vt 0.89577365 0.80511963
vt 0.9462718 0.77655387
vt 0.94321537 0.77345836
vt 0.9311478 0.7682518
vt 0.8914815 0.7858628
vt 0.60529536 0.9292266
vt 0.6330404 0.9634879
vt 0.6395706 0.96588755
vt 0.7235013 0.9384946
vt 0.6395706 0.96588755
vt 0.7230127 0.9406084
vt 0.78568375 0.90867966
vt 0.7212061 0.9324974
vt 0.7049625 0.9292067
vt 0.66871023 0.94781303
vt 0.7049625 0.9292067
vt 0.750545 0.8872814
vt 0.66871023 0.94781303
vt 0.70000774 0.9184466
vt 0.6699558 0.94377756
vt 0.6996228 0.9156824
vt 0.6862054 0.87969613
vt 0.64178616 0.9010138
vt 0.66728383 0.94677055
vt 0.66871023 0.94781303
vt 0.63749236 0.9032772
vt 0.7212061 0.9324974
vt 0.66871023 0.94781303
vt 0.6430398 0.9549235
vt 0.69635963 0.7697835
vt 0.70190334 0.87080485
vt 0.74672365 0.8816891
vt 0.75605786 0.8822613
vt 0.89577365 0.80511963
vt 0.88343155 0.8610369
vt 0.8861504 0.8608327
vt 0.89250535 0.8047095
vt 0.8861504 0.8608327
vt 0.88343155 0.8610369
vt 0.8848985 0.8644585
vt 0.8848985 0.8644585
vt 0.8409978 0.8822248
vt 0.8391838 0.8887666
vt 0.88343155 0.8610369
vt 0.8391838 0.8887666
vt 0.8409978 0.8822248
vt 0.83687466 0.8822243
vt 0.83704585 0.8919867
vt 0.83687466 0.8822243
vt 0.8791827 0.8034811
vt 0.8751385 0.8061744
vt 0.8409978 0.8822248
vt 0.8791827 0.8034811
vt 0.88343155 0.8610369
vt 0.89250535 0.8047095
vt 0.8409978 0.8822248
vt 0.8861504 0.8608327
vt 0.9267713 0.8832639
vt 0.93280864 0.876991
vt 0.8848985 0.8644585
vt 0.89577365 0.80511963
vt 0.93280864 0.876991
vt 0.9462718 0.77655387
vt 0.8861504 0.8608327
vt 0.8848985 0.8644585
vt 0.878832 0.92110884
vt 0.9267713 0.8832639
vt 0.8391838 0.8887666
vt 0.8391838 0.8887666
vt 0.87637305 0.92332995
vt 0.878832 0.92110884
vt 0.83704585 0.8919867
vt 0.86204684 0.81309855
vt 0.86120594 0.81600994
vt 0.8751385 0.8061744
vt 0.83687466 0.8822243
vt 0.82509637 0.8836194
vt 0.83704585 0.8919867
vt 0.83687466 0.8822243
vt 0.82509637 0.8836194
vt 0.82509637 0.8836194
vt 0.8118799 0.895413
vt 0.83704585 0.8919867
vt 0.83704585 0.8919867
vt 0.84938085 0.9381562
vt 0.87637305 0.92332995
vt 0.8118799 0.895413
vt 0.84938085 0.9381562
vt 0.8019191 0.90221786
vt 0.8276701 0.94379455
vt 0.8118799 0.895413
vt 0.8276701 0.94379455
vt 0.7875999 0.91095734
vt 0.8235523 0.944401
vt 0.8019191 0.90221786
vt 0.7230127 0.9406084
vt 0.74064744 0.9708055
vt 0.6395706 0.96588755
vt 0.6642344 0.99478835
vt 0.6273474 0.9739908
vt 0.6614697 0.9952173
vt 0.6263764 0.97396654
vt 0.6132585 0.97086525
vt 0.6136079 0.99572694
vt 0.6395706 0.96588755
vt 0.6216515 0.967931
vt 0.6273474 0.9739908
vt 0.6330404 0.9634879
vt 0.6273474 0.9739908
vt 0.6210997 0.96796197
vt 0.6263764 0.97396654
vt 0.6216515 0.967931
vt 0.6126758 0.9682134
vt 0.6132585 0.97086525
vt 0.6136079 0.99572694
vt 0.6113956 0.97064805
vt 0.60757005 0.9957613
vt 0.6132585 0.97086525
vt 0.6113956 0.97064805
vt 0.6132585 0.97086525
vt 0.6126758 0.9682134
vt 0.6113956 0.97064805
vt 0.60466325 0.9585284
vt 0.60280627 0.9600934
vt 0.6126758 0.9682134
vt 0.60280627 0.9600934
vt 0.6033054 0.95633525
vt 0.6008184 0.9575416
vt 0.60466325 0.9585284
vt 0.6008184 0.9575416
vt 0.60284173 0.95287067
vt 0.5999525 0.9539885
vt 0.6033054 0.95633525
vt 0.5999525 0.9539885
vt 0.60285985 0.9495882
vt 0.5979526 0.95086724
vt 0.60284173 0.95287067
vt 0.5979526 0.95086724
vt 0.60133946 0.94481236
vt 0.5975106 0.9466705
vt 0.60285985 0.9495882
vt 0.5975106 0.9466705
vt 0.59074193 0.92734784
vt 0.5884989 0.92756605
vt 0.60133946 0.94481236
vt 0.5884989 0.92756605
vt 0.59074193 0.92734784
vt 0.5891965 0.9256987
vt 0.5891965 0.9256987
vt 0.6124147 0.9141516
vt 0.61120915 0.91214466
vt 0.59074193 0.92734784
vt 0.61120915 0.91214466
vt 0.6150902 0.91248035
vt 0.6133972 0.910763
vt 0.6124147 0.9141516
vt 0.6150902 0.91248035
vt 0.6146688 0.9164916
vt 0.61802715 0.9147949
vt 0.6124147 0.9141516
vt 0.5884989 0.92756605
vt 0.5845194 0.9203931
vt 0.581005 0.92643994
vt 0.5891965 0.9256987
vt 0.5845194 0.9203931
vt 0.61120915 0.91214466
vt 0.6068716 0.90373254
vt 0.5891965 0.9256987
vt 0.6133972 0.910763
vt 0.6236517 0.89396673
vt 0.63161236 0.8951479
vt 0.63277274 0.873419
vt 0.63926625 0.8754817
vt 0.6133972 0.910763
vt 0.6345983 0.8969725
vt 0.63161236 0.8951479
vt 0.6150902 0.91248035
vt 0.63161236 0.8951479
vt 0.6345983 0.8969725
vt 0.6340575 0.89408565
vt 0.63161236 0.8951479
vt 0.64024264 0.87673324
vt 0.63926625 0.8754817
vt 0.6340575 0.89408565
vt 0.6345983 0.8969725
vt 0.61802715 0.9147949
vt 0.6351487 0.8998803
vt 0.6150902 0.91248035
vt 0.61802715 0.9147949
vt 0.6150664 0.9171768
vt 0.6186092 0.9153647
vt 0.6146688 0.9164916
vt 0.6186092 0.9153647
vt 0.60712737 0.9279676
vt 0.61282384 0.9247755
vt 0.6150664 0.9171768
vt 0.6145709 0.92335063
vt 0.6362449 0.9024148
vt 0.6053122 0.9285554
vt 0.5963148 0.92917246
vt 0.61282384 0.9247755
vt 0.6073863 0.928402
vt 0.6130038 0.92546064
vt 0.60712737 0.9279676
vt 0.6145709 0.92335063
vt 0.6130038 0.92546064
vt 0.61517775 0.92386353
vt 0.61282384 0.9247755
vt 0.61517775 0.92386353
vt 0.6362449 0.9024148
vt 0.6145709 0.92335063
vt 0.63749236 0.9032772
vt 0.6186092 0.9153647
vt 0.6351487 0.8998803
vt 0.61802715 0.9147949
vt 0.6362449 0.9024148
vt 0.6150664 0.9171768
vt 0.59592277 0.9283774
vt 0.5963148 0.92917246
vt 0.6146688 0.9164916
vt 0.5963148 0.92917246
vt 0.59446776 0.9305589
vt 0.5950746 0.93077207
vt 0.59592277 0.9283774
vt 0.6073863 0.928402
vt 0.6053122 0.9285554
vt 0.60529536 0.9292266
vt 0.60712737 0.9279676
vt 0.60529536 0.9292266
vt 0.5963148 0.92917246
vt 0.5950746 0.93077207
vt 0.6053122 0.9285554
vt 0.59592277 0.9283774
vt 0.6124147 0.9141516
vt 0.59074193 0.92734784
vt 0.6146688 0.9164916
vt 0.59446776 0.9305589
vt 0.6138414 0.9585777
vt 0.60133946 0.94481236
vt 0.60285985 0.9495882
vt 0.60284173 0.95287067
vt 0.6138414 0.9585777
vt 0.6033054 0.95633525
vt 0.60466325 0.9585284
vt 0.6126758 0.9682134
vt 0.6210997 0.96796197
vt 0.5950746 0.93077207
vt 0.6138414 0.9585777
vt 0.6142483 0.95830244
vt 0.59446776 0.9305589
vt 0.6210997 0.96796197
vt 0.6142483 0.95830244
vt 0.6138414 0.9585777
vt 0.6216515 0.967931
vt 0.6142483 0.95830244
vt 0.6216515 0.967931
vt 0.6330404 0.9634879
vt 0.60529536 0.9292266
vt 0.5950746 0.93077207
vt 0.60757005 0.9957613
vt 0.60280627 0.9600934
vt 0.57822096 0.9820509
vt 0.6113956 0.97064805
vt 0.57822096 0.9820509
vt 0.6008184 0.9575416
vt 0.57507724 0.97861284
vt 0.60280627 0.9600934
vt 0.57507724 0.97861284
vt 0.5999525 0.9539885
vt 0.5697473 0.9740621
vt 0.6008184 0.9575416
vt 0.5697473 0.9740621
vt 0.5979526 0.95086724
vt 0.5677884 0.9696944
vt 0.5999525 0.9539885
vt 0.5677884 0.9696944
vt 0.5975106 0.9466705
vt 0.56535715 0.9631868
vt 0.5979526 0.95086724
vt 0.56535715 0.9631868
vt 0.5884989 0.92756605
vt 0.581005 0.92643994
vt 0.5975106 0.9466705
vt 0.8156849 0.6250905
vt 0.7902973 0.6145668
vt 0.7988151 0.6307975
vt 0.80457807 0.60392594
vt 0.7771809 0.60176295
vt 0.7874745 0.58722985
vt 0.7607498 0.5936388
vt 0.7660488 0.576636
vt 0.74261236 0.5909897
vt 0.7423978 0.57318175
vt 0.72454417 0.59407496
vt 0.71883696 0.57720494
vt 0.7083136 0.6025928
vt 0.69767296 0.58831203
vt 0.6955095 0.61570907
vt 0.6809766 0.6054157
vt 0.6873853 0.6321402
vt 0.67038286 0.62684137
vt 0.6847363 0.6502776
vt 0.66692835 0.6504922
vt 0.6878216 0.66834575
vt 0.6709517 0.67405295
vt 0.69633937 0.68457633
vt 0.68205875 0.695217
vt 0.7094557 0.6973804
vt 0.69916236 0.71191347
vt 0.72588694 0.7055046
vt 0.7205879 0.72250724
vt 0.7440242 0.70815355
vt 0.74423873 0.7259616
vt 0.7620925 0.70506835
vt 0.7677996 0.7219384
vt 0.77832305 0.6965506
vt 0.7889639 0.7108314
vt 0.7911271 0.6834342
vt 0.8056602 0.6937276
vt 0.7992513 0.6670031
vt 0.81625384 0.672302
vt 0.80190045 0.64886576
vt 0.8197082 0.64865124
vt 0.79781604 0.63113546
vt 0.7894516 0.6151972
vt 0.7765714 0.60262346
vt 0.76043606 0.5946458
vt 0.74262506 0.59204423
vt 0.8008456 0.64887846
vt 0.7982445 0.6666893
vt 0.7248821 0.5950742
vt 0.70894384 0.60343844
vt 0.69637036 0.6163189
vt 0.6883924 0.63245404
vt 0.685791 0.65026486
vt 0.68882084 0.66800785
vt 0.6971853 0.6839462
vt 0.7100655 0.6965196
vt 0.7262007 0.7044976
vt 0.74401146 0.7070988
vt 0.76175463 0.70406914
vt 0.777693 0.6957047
vt 0.79026634 0.6828246
vt 0.7878015 0.6345232
vt 0.78097415 0.6215137
vt 0.74331826 0.6495717
vt 0.7704608 0.6112507
vt 0.7572906 0.6047387
vt 0.7427525 0.6026155
vt 0.7282698 0.6050885
vt 0.7152604 0.6119158
vt 0.7049974 0.62242925
vt 0.6984854 0.6355995
vt 0.69636196 0.6501375
vt 0.6988351 0.6646199
vt 0.7056626 0.6776295
vt 0.7161758 0.6878925
vt 0.72934616 0.6944044
vt 0.7438841 0.69652784
vt 0.7583668 0.6940547
vt 0.7713763 0.68722737
vt 0.7816392 0.676714
vt 0.78815126 0.66354364
vt 0.7902745 0.6490059
vt 0.79781604 0.63113546
vt 0.782529 0.6203551
vt 0.7896382 0.6339019
vt 0.7894516 0.6151972
vt 0.7715814 0.60966843
vt 0.7765714 0.60262346
vt 0.7578674 0.6028876
vt 0.76043606 0.5946458
vt 0.7427291 0.60067666
vt 0.74262506 0.59204423
vt 0.7276485 0.6032518
vt 0.7248821 0.5950742
vt 0.7141018 0.61036104
vt 0.70894384 0.60343844
vt 0.70341516 0.6213085
vt 0.69637036 0.6163189
vt 0.6966343 0.63502264
vt 0.6883924 0.63245404
vt 0.6944232 0.65016085
vt 0.685791 0.65026486
vt 0.6969985 0.66524136
vt 0.68882084 0.66800785
vt 0.70410776 0.67878807
vt 0.6971853 0.6839462
vt 0.71505517 0.6894748
vt 0.7100655 0.6965196
vt 0.7287692 0.69625556
vt 0.7262007 0.7044976
vt 0.74390745 0.69846666
vt 0.74401146 0.7070988
vt 0.75898814 0.6958915
vt 0.76175463 0.70406914
vt 0.7725347 0.6887822
vt 0.777693 0.6957047
vt 0.7832215 0.67783475
vt 0.79026634 0.6828246
vt 0.79000235 0.6641207
vt 0.7982445 0.6666893
vt 0.79221344 0.6489825
vt 0.8008456 0.64887846
vt 0.7896382 0.6339019
vt 0.78097415 0.6215137
vt 0.7878015 0.6345232
vt 0.782529 0.6203551
vt 0.782529 0.6203551
vt 0.7704608 0.6112507
vt 0.78097415 0.6215137
vt 0.7715814 0.60966843
vt 0.7715814 0.60966843
vt 0.7572906 0.6047387
vt 0.7704608 0.6112507
vt 0.7578674 0.6028876
vt 0.7578674 0.6028876
vt 0.7427525 0.6026155
vt 0.7572906 0.6047387
vt 0.7427291 0.60067666
vt 0.7427291 0.60067666
vt 0.7282698 0.6050885
vt 0.7427525 0.6026155
vt 0.7276485 0.6032518
vt 0.7276485 0.6032518
vt 0.7152604 0.6119158
vt 0.7282698 0.6050885
vt 0.7141018 0.61036104
vt 0.7141018 0.61036104
vt 0.7049974 0.62242925
vt 0.7152604 0.6119158
vt 0.70341516 0.6213085
vt 0.70341516 0.6213085
vt 0.6984854 0.6355995
vt 0.7049974 0.62242925
vt 0.6966343 0.63502264
vt 0.6966343 0.63502264
vt 0.69636196 0.6501375
vt 0.6984854 0.6355995
vt 0.6966343 0.63502264
vt 0.6944232 0.65016085
vt 0.69636196 0.6501375
vt 0.6944232 0.65016085
vt 0.6988351 0.6646199
vt 0.69636196 0.6501375
vt 0.6944232 0.65016085
vt 0.6969985 0.66524136
vt 0.6988351 0.6646199
vt 0.6969985 0.66524136
vt 0.7056626 0.6776295
vt 0.6988351 0.6646199
vt 0.70410776 0.67878807
vt 0.70410776 0.67878807
vt 0.7161758 0.6878925
vt 0.7056626 0.6776295
vt 0.71505517 0.6894748
vt 0.71505517 0.6894748
vt 0.72934616 0.6944044
vt 0.7161758 0.6878925
vt 0.7287692 0.69625556
vt 0.7287692 0.69625556
vt 0.7438841 0.69652784
vt 0.72934616 0.6944044
vt 0.74390745 0.69846666
vt 0.74390745 0.69846666
vt 0.7583668 0.6940547
vt 0.7438841 0.69652784
vt 0.75898814 0.6958915
vt 0.75898814 0.6958915
vt 0.7713763 0.68722737
vt 0.7583668 0.6940547
vt 0.7725347 0.6887822
vt 0.7725347 0.6887822
vt 0.7816392 0.676714
vt 0.7713763 0.68722737
vt 0.7832215 0.67783475
vt 0.7832215 0.67783475
vt 0.78815126 0.66354364
vt 0.7816392 0.676714
vt 0.79000235 0.6641207
vt 0.79000235 0.6641207
vt 0.7902745 0.6490059
vt 0.78815126 0.66354364
vt 0.79000235 0.6641207
vt 0.79221344 0.6489825
vt 0.7902745 0.6490059
vt 0.79221344 0.6489825
vt 0.7878015 0.6345232
vt 0.7902745 0.6490059
vt 0.79221344 0.6489825
vt 0.7896382 0.6339019
vt 0.7878015 0.6345232
vt 0.8894986 0.6336347
vt 0.9412368 0.5999999
vt 0.8928106 0.6628071
vt 0.94065815 0.56484
vt 0.9430864 0.59892094
vt 0.9429028 0.5639479
vt 0.9514936 0.60004604
vt 0.955407 0.5655471
vt 0.9531915 0.6009977
vt 0.95625365 0.56703854
vt 0.9610076 0.65614605
vt 0.9678966 0.6517416
vt 0.9620252 0.67942023
vt 0.9692968 0.6738677
vt 0.96142316 0.69933665
vt 0.97047645 0.69761384
vt 0.9603549 0.7160896
vt 0.9711909 0.7064173
vt 0.9545834 0.8323342
vt 0.9645609 0.8317804
vt 0.9523133 0.87286615
vt 0.96252537 0.8731297
vt 0.9515524 0.87936544
vt 0.96008015 0.8791825
vt 0.9222008 0.918822
vt 0.92328155 0.9246654
vt 0.9687981 0.65188414
vt 0.9571136 0.566854
vt 0.9558774 0.5651509
vt 0.942996 0.56334156
vt 0.9401092 0.56438124
vt 0.8891908 0.6334189
vt 0.8878925 0.6375072
vt 0.88849866 0.63741624
vt 0.8925409 0.6639325
vt 0.94212854 0.60068756
vt 0.94333875 0.6000068
vt 0.95109683 0.6010562
vt 0.95295763 0.60279024
vt 0.96021175 0.6566529
vt 0.9609653 0.6784892
vt 0.96021736 0.69682205
vt 0.9588167 0.7160157
vt 0.95305085 0.83224756
vt 0.95068216 0.8725223
vt 0.950675 0.8788435
vt 0.9501424 0.60488784
vt 0.94898677 0.6033472
vt 0.9572724 0.658798
vt 0.95826864 0.68131673
vt 0.9584662 0.7005101
vt 0.9576775 0.72012496
vt 0.9519435 0.8363834
vt 0.9495431 0.8740834
vt 0.950675 0.8788435
vt 0.94746554 0.87918764
vt 0.9213352 0.9184935
vt 0.950675 0.8788435
vt 0.9213352 0.9184935
vt 0.950675 0.8788435
vt 0.9213352 0.9184935
vt 0.92133856 0.9242307
vt 0.922682 0.92537224
vt 0.924147 0.9250815
vt 0.9605448 0.8795207
vt 0.96332526 0.8731398
vt 0.9653752 0.8318138
vt 0.9716214 0.70643425
vt 0.9712175 0.69699943
vt 0.97001386 0.671741
vt 0.97240496 0.67481375
vt 0.9721072 0.6532792
vt 0.9599029 0.5656223
vt 0.9564425 0.5630232
vt 0.94203687 0.56057
vt 0.93683475 0.56446743
vt 0.88585454 0.6337229
vt 0.8849925 0.6396595
vt 0.8925409 0.6639325
vt 0.8911935 0.67015433
vt 0.9728987 0.70080686
vt 0.9723228 0.7106618
vt 0.96605694 0.8360263
vt 0.96393436 0.87727326
vt 0.9612546 0.88256943
vt 0.92471707 0.9281925
vt 0.9230658 0.92922676
vt 0.9230658 0.92922676
vt 0.9204191 0.926715
vt 0.9190819 0.9195013
vt 0.9230658 0.92922676
vt 0.9213352 0.9184935
vt 0.8911935 0.67015433
vt 0.8925409 0.6639325
vt 0.9418268 0.60353696
vt 0.94307613 0.60258687
vt 0.44205183 0.71479154
vt 0.47094426 0.76551104
vt 0.48513293 0.68662643
vt 0.42504066 0.79300934
vt 0.42639017 0.79613054
vt 0.42787436 0.7958613
vt 0.48798123 0.7513978
vt 0.4963931 0.67916954
vt 0.5027993 0.7366904
vt 0.50888836 0.67014086
vt 0.51915723 0.7231676
vt 0.5285016 0.65756035
vt 0.5766807 0.67712873
vt 0.556464 0.64250344
vt 0.604631 0.65393466
vt 0.6109495 0.6125077
vt 0.6078279 0.6482737
vt 0.424377 0.792885
vt 0.44116598 0.71494246
vt 0.426055 0.79648626
vt 0.42828667 0.79642713
vt 0.4874395 0.7533463
vt 0.5045187 0.7363298
vt 0.5195498 0.72366214
vt 0.57706904 0.6776093
vt 0.6050111 0.65439963
vt 0.6083873 0.64832103
vt 0.6114784 0.6125566
vt 0.61053264 0.6117661
vt 0.5560558 0.6417514
vt 0.5280799 0.65680903
vt 0.5108175 0.66736126
vt 0.49518034 0.6789346
vt 0.484722 0.68596363
vt 0.44161305 0.71415955
vt 0.4330906 0.71037495
vt 0.43255067 0.71081984
vt 0.4132538 0.80030304
vt 0.53036207 0.6483258
vt 0.5100145 0.6605334
vt 0.49392307 0.67077774
vt 0.48589534 0.67568445
vt 0.431356 0.7079972
vt 0.42956617 0.7100889
vt 0.41018552 0.7997216
vt 0.52893126 0.64573604
vt 0.55229986 0.63341856
vt 0.5536612 0.6359734
vt 0.621277 0.59889156
vt 0.6234 0.5978445
vt 0.6199488 0.5964646
vt 0.62592304 0.59790915
vt 0.50859505 0.65814084
vt 0.49229583 0.66815484
vt 0.48428065 0.6730968
vt 0.6195187 0.6522674
vt 0.6234 0.5978445
vt 0.6225491 0.6525623
vt 0.61783856 0.6605856
vt 0.6159209 0.65837544
vt 0.6195187 0.6522674
vt 0.5841875 0.684772
vt 0.51932704 0.7367514
vt 0.51008403 0.7439294
vt 0.49033517 0.76015854
vt 0.46958646 0.7757234
vt 0.4715019 0.7662808
vt 0.42167354 0.8085649
vt 0.42056635 0.8083994
vt 0.4142555 0.8032644
vt 0.4132538 0.80030304
vt 0.42013645 0.81108046
vt 0.41213274 0.8050352
vt 0.4142555 0.8032644
vt 0.4132538 0.80030304
vt 0.4232304 0.8109736
vt 0.47127873 0.7782903
vt 0.49216762 0.7624748
vt 0.5121026 0.74646103
vt 0.521244 0.73911214
vt 0.5860607 0.6870983
vt 0.62592304 0.59790915
vt 0.621277 0.59889156
vt 0.8419168 0.51766807
vt 0.8695538 0.59745127
vt 0.7848542 0.55650544
vt 0.9138596 0.552248
vt 0.870318 0.5994371
vt 0.91675067 0.5516597
vt 0.9167173 0.55104166
vt 0.8426075 0.5147775
vt 0.84014475 0.5151103
vt 0.781692 0.5569792
vt 0.78163075 0.5573293
vt 0.868415 0.60052186
vt 0.8750319 0.6075877
vt 0.92402697 0.55368173
vt 0.9229517 0.54522896
vt 0.8454548 0.5044306
vt 0.8365178 0.50557345
vt 0.7756771 0.5540857
vt 0.77578604 0.5629113
vt 0.86530554 0.610724
vt 0.11553437 0.574685
vt 0.15815803 0.6092979
vt 0.16747656 0.60055286
vt 0.10607931 0.59024155
vt 0.19530347 0.6332068
vt 0.20162448 0.62632525
vt 0.2141217 0.6489967
vt 0.21898478 0.6441932
vt 0.21873394 0.6525768
vt 0.22622666 0.6524934
vt 0.22429714 0.65613776
vt 0.21669272 0.6575813
vt 0.2230939 0.65985906
vt 0.21247369 0.6511676
vt 0.21178234 0.65657
vt 0.19392106 0.6482539
vt 0.19296819 0.6573039
vt 0.16175407 0.6471834
vt 0.1614533 0.6580985
vt 0.0887351 0.66405344
vt 0.09545535 0.67443824
vt 0.22632009 0.6568235
vt 0.22760195 0.65433276
vt 0.22587839 0.65947044
vt 0.22829953 0.65920305
vt 0.2288428 0.6574012
vt 0.22961473 0.65606236
vt 0.2565866 0.6402838
vt 0.25515762 0.63659
vt 0.29762262 0.6269945
vt 0.29570138 0.6210557
vt 0.34563 0.61315274
vt 0.34397244 0.6068531
vt 0.35815996 0.60721624
vt 0.35685858 0.6038852
vt 0.3713113 0.59798014
vt 0.37000257 0.596941
vt 0.2579208 0.64401895
vt 0.30023992 0.6326597
vt 0.34867877 0.6194377
vt 0.36164874 0.61282253
vt 0.37287015 0.599249
vt 0.3048144 0.63700175
vt 0.2627041 0.64855736
vt 0.23247182 0.65849245
vt 0.23200178 0.66031694
vt 0.23058361 0.6666218
vt 0.22863212 0.66691095
vt 0.22546095 0.66852224
vt 0.22847834 0.6711178
vt 0.2305224 0.6684135
vt 0.2317282 0.67316425
vt 0.23253667 0.66889775
vt 0.23145044 0.66713524
vt 0.2321249 0.6672931
vt 0.25910988 0.6780223
vt 0.25964567 0.6733087
vt 0.25990015 0.6703707
vt 0.31568444 0.6834022
vt 0.31577334 0.67683125
vt 0.3157004 0.67279065
vt 0.3669206 0.67831326
vt 0.36591214 0.67182946
vt 0.3657722 0.6664705
vt 0.38238326 0.67072576
vt 0.38175613 0.6655679
vt 0.38318712 0.6751209
vt 0.3743258 0.6595427
vt 0.358779 0.6620308
vt 0.3070404 0.6681137
vt 0.26226917 0.6656461
vt 0.23421139 0.66503036
vt 0.23279306 0.664145
vt 0.23429823 0.6639068
vt 0.26308933 0.66315913
vt 0.30648023 0.6644206
vt 0.35831496 0.6597879
vt 0.36791903 0.6562029
vt 0.37838775 0.6529375
vt 0.37123135 0.6494246
vt 0.38659573 0.6087709
vt 0.3618313 0.6250224
vt 0.38213885 0.60278183
vt 0.36405867 0.6132692
vt 0.35678345 0.622119
vt 0.35308105 0.6233766
vt 0.39832523 0.6614126
vt 0.3854324 0.66296613
vt 0.38501507 0.67105633
vt 0.39431772 0.6696948
vt 0.39342064 0.67200696
vt 0.39266038 0.6770934
vt 0.38899577 0.694854
vt 0.3202188 0.7104107
vt 0.25302836 0.6959678
vt 0.22585163 0.6856154
vt 0.22055975 0.682429
vt 0.21308443 0.67484975
vt 0.21325678 0.6994175
vt 0.19650093 0.68406427
vt 0.21343082 0.67405593
vt 0.19759327 0.6811409
vt 0.2130059 0.67112446
vt 0.19715112 0.6777561
vt 0.17219806 0.6902602
vt 0.11559439 0.7071148
vt 0.12308222 0.72273225
vt 0.1729176 0.69382226
vt 0.12683538 0.7292164
vt 0.17316073 0.6986916
vt 0.17852888 0.76567006
vt 0.20160902 0.7268393
vt 0.21987629 0.70315784
vt 0.20838061 0.7339969
vt 0.18750742 0.76999336
vt 0.24733081 0.716922
vt 0.23216471 0.7524424
vt 0.23429236 0.78050005
vt 0.3212853 0.74179345
vt 0.31978923 0.7615467
vt 0.39851817 0.6950953
vt 0.3956151 0.6745568
vt 0.39547992 0.6727538
vt 0.39637282 0.67140114
vt 0.4032212 0.6639334
vt 0.39092147 0.6051239
vt 0.382361 0.59851444
vt 0.3735264 0.5982256
vt 0.37236005 0.597486
vt 0.37199432 0.5962508
vt 0.34272957 0.5583577
vt 0.3422026 0.5856674
vt 0.26304293 0.5263064
vt 0.27580404 0.56029177
vt 0.17429522 0.5362718
vt 0.21015882 0.57146716
vt 0.2826454 0.5836371
vt 0.3430472 0.5983536
vt 0.23055393 0.59764564
vt 0.2910058 0.60446036
vt 0.24829206 0.62138474
vt 0.11299503 0.57179266
vt 0.10147533 0.5875631
vt 0.084039986 0.6550437
vt 0.084041536 0.6659354
vt 0.09312695 0.6744127
vt 0.11338836 0.70952594
vt 0.11735618 0.72287357
vt 0.12182903 0.7345077
vt 0.17646632 0.7699804
vt 0.18563569 0.77419865
vt 0.23465073 0.7864577
vt 0.32274932 0.7675598
vt 0.084041536 0.6659354
vt 0.32199693 0.77227926
vt 0.39644736 0.70358133
vt 0.23606536 0.78986704
vt 0.18766242 0.7785177
vt 0.17421803 0.7739234
vt 0.12043542 0.7403075
vt 0.07802379 0.6773311
vt 0.07984069 0.6695615
vt 0.07984069 0.6695615
vt 0.084039986 0.6550437
vt 0.076155156 0.65115947
vt 0.095401585 0.58160996
vt 0.07984069 0.6695615
vt 0.11450234 0.56412387
vt 0.17386502 0.52541465
vt 0.17257091 0.53053945
vt 0.26386634 0.51962936
vt 0.3463948 0.55335385
vt 0.37334758 0.59725946
vt 0.36040756 0.56918025
vt 0.37814447 0.5875829
vt 0.3808318 0.5853159
vt 0.2632576 0.515237
vt 0.34390184 0.54694784
vt 0.3627696 0.56254506
vt 0.39856297 0.6005373
vt 0.41194937 0.6597007
vt 0.38566408 0.5804136
vt 0.41167918 0.6846551
vt 0.40206188 0.6799723
vt 0.39605695 0.6735743
vt 0.39644736 0.70358133
vt 0.37199432 0.5962508
vt 0.39605695 0.6735743
vt 0.3956151 0.6745568
vt 0.39851817 0.6950953
vt 0.39605695 0.6735743
vt 0.39637282 0.67140114
vt 0.3956151 0.6745568
vt 0.354851 0.6250299
vt 0.35735235 0.6296501
vt 0.3057936 0.63795245
vt 0.3068664 0.64191306
vt 0.2635638 0.6494562
vt 0.26404935 0.6515827
vt 0.23357409 0.6590937
vt 0.23417574 0.6601555
vt 0.23288131 0.6605661
vt 0.23363534 0.66337925
vt 0.23436865 0.66261727
vt 0.23429823 0.6639068
vt 0.36729467 0.65331256
vt 0.3492869 0.65505713
vt 0.29748678 0.65975
vt 0.26700988 0.65979457
vt 0.23363534 0.66337925
vt 0.23200178 0.66031694
vt 0.23247182 0.65849245
vt 0.35678345 0.622119
vt 0.34397244 0.6068531
vt 0.3422026 0.5856674
vt 0.37199432 0.5962508
vt 0.3735264 0.5982256
vt 0.37334758 0.59725946
vt 0.40206188 0.6799723
vt 0.39851817 0.6950953
vt 0.39644736 0.70358133
vt 0.07127988 0.8511855
vt 0.10066062 0.8929667
vt 0.10877526 0.8697644
vt 0.06368631 0.8940275
vt 0.08054942 0.83504236
vt 0.11302742 0.86106193
vt 0.10217997 0.8964666
vt 0.06702182 0.9040766
vt 0.10577527 0.89883614
vt 0.0730862 0.9124547
vt 0.14984572 0.92169625
vt 0.12916943 0.9504751
vt 0.19454724 0.93894506
vt 0.18699956 0.9738171
vt 0.21718219 0.94150484
vt 0.22788498 0.9771373
vt 0.22025156 0.9400879
vt 0.23772568 0.9749752
vt 0.2511874 0.91612965
vt 0.28642905 0.9414232
vt 0.09674677 0.8194613
vt 0.11934468 0.8516746
vt 0.11883757 0.8116329
vt 0.13056481 0.84730405
vt 0.17956066 0.80611455
vt 0.1767118 0.84221554
vt 0.23582104 0.8102952
vt 0.22131136 0.8456267
vt 0.28489715 0.8238702
vt 0.255631 0.8527883
vt 0.29854566 0.832531
vt 0.2626639 0.8561113
vt 0.3244073 0.8812163
vt 0.2825312 0.8836006
vt 0.32292575 0.8878038
vt 0.28272814 0.8854393
vt 0.10877526 0.8697644
vt 0.15801871 0.8936904
vt 0.16293332 0.88219446
vt 0.10066062 0.8929667
vt 0.11302742 0.86106193
vt 0.16438398 0.877929
vt 0.15841085 0.8957757
vt 0.10217997 0.8964666
vt 0.11934468 0.8516746
vt 0.1662254 0.87326944
vt 0.13056481 0.84730405
vt 0.17021737 0.87106
vt 0.1767118 0.84221554
vt 0.18491706 0.86865354
vt 0.22131136 0.8456267
vt 0.20072886 0.8702601
vt 0.255631 0.8527883
vt 0.2117889 0.87364966
vt 0.10577527 0.89883614
vt 0.17633799 0.9083009
vt 0.15985283 0.8971541
vt 0.14984572 0.92169625
vt 0.19188675 0.91534567
vt 0.19454724 0.93894506
vt 0.19768098 0.9167973
vt 0.21718219 0.94150484
vt 0.19847995 0.9158396
vt 0.22025156 0.9400879
vt 0.20693332 0.9041853
vt 0.2511874 0.91612965
vt 0.10217997 0.8964666
vt 0.15841085 0.8957757
vt 0.22122175 0.8902398
vt 0.28272814 0.8854393
vt 0.2211554 0.8892408
vt 0.2825312 0.8836006
vt 0.21421075 0.87552387
vt 0.2626639 0.8561113
vt 0.2117889 0.87364966
vt 0.255631 0.8527883
vt 0.10723779 0.41533625
vt 0.06821859 0.4073009
vt 0.06702003 0.41635758
vt 0.10843614 0.40572965
vt 0.06997171 0.4894458
vt 0.10979888 0.4940101
vt 0.11018932 0.48394763
vt 0.0695813 0.50093406
vt 0.10843614 0.40572965
vt 0.06508005 0.33115876
vt 0.06821859 0.4073009
vt 0.1052976 0.33103
vt 0.11018932 0.48394763
vt 0.06702003 0.41635758
vt 0.06997171 0.4894458
vt 0.10723779 0.41533625
vt 0.16007614 0.49838722
vt 0.11525455 0.4864266
vt 0.11684456 0.4953773
vt 0.15977216 0.4900201
vt 0.11949629 0.40715283
vt 0.16371 0.41379607
vt 0.16401398 0.4035594
vt 0.11919242 0.41552007
vt 0.15977216 0.4900201
vt 0.11919242 0.41552007
vt 0.11525455 0.4864266
vt 0.16371 0.41379607
vt 0.16401398 0.4035594
vt 0.11555859 0.3309288
vt 0.11949629 0.40715283
vt 0.16007608 0.33265257
vt 0.21663514 0.45881408
vt 0.25757888 0.49767047
vt 0.23952478 0.5115862
vt 0.22450158 0.4648052
vt 0.27109826 0.50029325
vt 0.27591747 0.5039635
vt 0.2435821 0.46501386
vt 0.3231339 0.4596811
vt 0.28784376 0.46549797
vt 0.29754063 0.50017947
vt 0.3149649 0.46579468
vt 0.36845645 0.46637988
vt 0.44582838 0.4995407
vt 0.3894198 0.4997837
vt 0.46776584 0.5055254
vt 0.51695997 0.4992342
vt 0.4658134 0.46744466
vt 0.50782275 0.46790397
vt 0.52795273 0.504277
vt 0.5169421 0.46698737
vt 0.5255252 0.47765756
vt 0.53878975 0.49944806
vt 0.5349386 0.4803632
vt 0.5440482 0.49186605
vt 0.5058582 0.4611684
vt 0.5189161 0.5059416
vt 0.23647869 0.37520117
vt 0.24887949 0.36673534
vt 0.25002712 0.37109184
vt 0.23437357 0.3731615
vt 0.5440482 0.49186605
vt 0.5358753 0.47799408
vt 0.5471475 0.49116522
vt 0.5349386 0.4803632
vt 0.5349386 0.4803632
vt 0.5270194 0.47446305
vt 0.5358753 0.47799408
vt 0.5255252 0.47765756
vt 0.5255252 0.47765756
vt 0.5196698 0.4653263
vt 0.5270194 0.47446305
vt 0.5169421 0.46698737
vt 0.5169421 0.46698737
vt 0.5067827 0.4559772
vt 0.5196698 0.4653263
vt 0.5058582 0.4611684
vt 0.5058582 0.4611684
vt 0.32561478 0.45406842
vt 0.5067827 0.4559772
vt 0.3231339 0.4596811
vt 0.22412631 0.4529993
vt 0.21663514 0.45881408
vt 0.21712404 0.45292568
vt 0.501764 0.38092434
vt 0.54079306 0.37175983
vt 0.54456615 0.37826347
vt 0.50175786 0.37417388
vt 0.547177 0.34194314
vt 0.53866565 0.3465653
vt 0.5004289 0.34964943
vt 0.5002146 0.34569073
vt 0.501764 0.38092434
vt 0.32464218 0.36668313
vt 0.50175786 0.37417388
vt 0.32356173 0.37095666
vt 0.27604958 0.3682989
vt 0.26349595 0.3640315
vt 0.27734497 0.3646828
vt 0.2656805 0.3688287
vt 0.2656805 0.3688287
vt 0.24887949 0.36673534
vt 0.26349595 0.3640315
vt 0.25002712 0.37109184
vt 0.5067827 0.4559772
vt 0.5404255 0.45285344
vt 0.5196698 0.4653263
vt 0.5318146 0.44593102
vt 0.5196698 0.4653263
vt 0.5404255 0.45285344
vt 0.5270194 0.47446305
vt 0.6685363 0.473063
vt 0.6151497 0.41700935
vt 0.6751195 0.45161062
vt 0.6156295 0.44514298
vt 0.6751195 0.45161062
vt 0.63546723 0.3782044
vt 0.70132494 0.4145261
vt 0.6151497 0.41700935
vt 0.70132494 0.4145261
vt 0.6501594 0.36086333
vt 0.72132456 0.388057
vt 0.63546723 0.3782044
vt 0.6501594 0.36086333
vt 0.7381938 0.36373043
vt 0.72132456 0.388057
vt 0.6739424 0.34959322
vt 0.6501594 0.36086333
vt 0.641607 0.35054165
vt 0.6739424 0.34959322
vt 0.6156295 0.44514298
vt 0.6058308 0.41960615
vt 0.6151497 0.41700935
vt 0.6032707 0.44473225
vt 0.5404255 0.45285344
vt 0.5318146 0.44593102
vt 0.5393725 0.4480133
vt 0.6032707 0.44473225
vt 0.59671426 0.41255313
vt 0.6058308 0.41960615
vt 0.6032707 0.44473225
vt 0.5803298 0.41923213
vt 0.5803298 0.41923213
vt 0.5963787 0.3863082
vt 0.59671426 0.41255313
vt 0.5568419 0.3712288
vt 0.5568419 0.3712288
vt 0.6140586 0.35932237
vt 0.5963787 0.3863082
vt 0.57605547 0.34102917
vt 0.57605547 0.34102917
vt 0.641607 0.35054165
vt 0.6140586 0.35932237
vt 0.6385906 0.34071034
vt 0.641607 0.35054165
vt 0.26349595 0.3640315
vt 0.29206228 0.335698
vt 0.27734497 0.3646828
vt 0.27583998 0.33565676
vt 0.26349595 0.3640315
vt 0.23770416 0.34107375
vt 0.27583998 0.33565676
vt 0.6385906 0.34071034
vt 0.6739424 0.34959322
vt 0.641607 0.35054165
vt 0.54490304 0.41918886
vt 0.5253649 0.40100813
vt 0.5479798 0.4178735
vt 0.52367365 0.4056443
vt 0.52367365 0.4056443
vt 0.5118688 0.3965928
vt 0.5253649 0.40100813
vt 0.5122518 0.40248907
vt 0.4762889 0.40201867
vt 0.28898197 0.39438468
vt 0.47472167 0.3962248
vt 0.2886815 0.3995654
vt 0.2886815 0.3995654
vt 0.25113848 0.38361722
vt 0.28898197 0.39438468
vt 0.25114843 0.38893104
vt 0.44432813 0.3465497
vt 0.3265679 0.33994257
vt 0.3267538 0.33736342
vt 0.5002146 0.34569073
vt 0.5004289 0.34964943
vt 0.5437741 0.3098867
vt 0.53663015 0.29722977
vt 0.54712826 0.30619395
vt 0.5360017 0.30297315
vt 0.5437741 0.3098867
vt 0.52735484 0.3332616
vt 0.5360017 0.30297315
vt 0.5248474 0.32942617
vt 0.52374506 0.30657417
vt 0.36294633 0.30297065
vt 0.3634591 0.29960948
vt 0.26048842 0.29760224
vt 0.26646715 0.30080885
vt 0.35939243 0.3262701
vt 0.3588928 0.3295461
vt 0.26474503 0.3244059
vt 0.26452184 0.32746458
vt 0.25801066 0.32732093
vt 0.5360017 0.30297315
vt 0.3625862 0.29513806
vt 0.53663015 0.29722977
vt 0.3634591 0.29960948
vt 0.5263421 0.44502246
vt 0.33728117 0.44458872
vt 0.39461845 0.43988585
vt 0.48642334 0.4410174
vt 0.33959687 0.43920767
vt 0.47372362 0.40669453
vt 0.41477636 0.4059322
vt 0.31286663 0.43887806
vt 0.3237469 0.40475523
vt 0.29402745 0.40437078
vt 0.2886815 0.3995654
vt 0.28696874 0.4042797
vt 0.2820926 0.4042167
vt 0.23436308 0.43791044
vt 0.2694016 0.43834227
vt 0.22829959 0.4378401
vt 0.22526693 0.4443317
vt 0.25114843 0.38893104
vt 0.4762889 0.40201867
vt 0.5122518 0.40248907
vt 0.4907752 0.44145393
vt 0.52351665 0.4355334
vt 0.52367365 0.4056443
vt 0.5301034 0.425516
vt 0.48642334 0.4410174
vt 0.4907752 0.44145393
vt 0.5263421 0.44502246
vt 0.3634591 0.29960948
vt 0.25946918 0.29389882
vt 0.3625862 0.29513806
vt 0.26048842 0.29760224
vt 0.5122518 0.40248907
vt 0.47472167 0.3962248
vt 0.5118688 0.3965928
vt 0.4762889 0.40201867
vt 0.3265679 0.33994257
vt 0.29206228 0.335698
vt 0.3267538 0.33736342
vt 0.2981137 0.3399608
vt 0.2946884 0.3654164
vt 0.27734497 0.3646828
vt 0.32356173 0.37095666
vt 0.2946884 0.3654164
vt 0.32464218 0.36668313
vt 0.27604958 0.3682989
vt 0.5301034 0.425516
vt 0.52367365 0.4056443
vt 0.54490304 0.41918886
vt 0.27604958 0.3682989
vt 0.27734497 0.3646828
vt 0.2946884 0.3654164
vt 0.7129711 0.31107962
vt 0.629112 0.31754804
vt 0.6273985 0.3110993
vt 0.7147037 0.3175127
vt 0.17818755 0.3447665
vt 0.23598534 0.3380732
vt 0.2367568 0.3446797
vt 0.17741135 0.33816105
vt 0.24817777 0.38254476
vt 0.22027221 0.40311217
vt 0.22059 0.39647
vt 0.24786854 0.38918436
vt 0.22059 0.39647
vt 0.18173972 0.3905968
vt 0.1820572 0.383954
vt 0.22027221 0.40311217
vt 0.24561557 0.3653108
vt 0.25125194 0.35643113
vt 0.25180563 0.36305487
vt 0.24506173 0.35868633
vt 0.18567812 0.36408377
vt 0.24506173 0.35868633
vt 0.24561557 0.3653108
vt 0.1851159 0.35745728
vt 0.23288459 0.41705358
vt 0.17475119 0.42355937
vt 0.17557263 0.41696042
vt 0.23205581 0.42365634
vt 0.87423444 0.47624958
vt 0.78092694 0.48056597
vt 0.78320014 0.4755149
vt 0.8719607 0.4812981
vt 0.6962048 0.47951913
vt 0.62133855 0.47091728
vt 0.62466675 0.46682334
vt 0.6928643 0.48360038
vt 0.69456506 0.29213607
vt 0.6200294 0.2969823
vt 0.6172664 0.2922936
vt 0.69735587 0.2968037
vt 0.25757888 0.49767047
vt 0.2735077 0.4948616
vt 0.27109826 0.50029325
vt 0.25998828 0.49223864
vt 0.6151329 0.2883643
vt 0.7123451 0.282929
vt 0.709829 0.2885126
vt 0.61764884 0.28278065
vt 0.18145841 0.35452652
vt 0.24086294 0.34756893
vt 0.24002269 0.35462773
vt 0.1822986 0.34746754
vt 0.19496232 0.33553648
vt 0.26984766 0.3308463
vt 0.2670343 0.33572698
vt 0.19777548 0.3306558
vt 0.8899317 0.4260981
vt 0.94514287 0.3824464
vt 0.9502936 0.3847282
vt 0.8847809 0.4238162
vt 0.62889916 0.32678628
vt 0.71726257 0.31979388
vt 0.71917236 0.32664156
vt 0.6269895 0.3199389
vt 0.23243833 0.37458688
vt 0.17519227 0.38174617
vt 0.17451215 0.37467015
vt 0.23311847 0.38166314
vt 0.18928182 0.31644553
vt 0.22873083 0.3212241
vt 0.22856444 0.32833093
vt 0.18944818 0.30933857
vt 0.23625523 0.4066348
vt 0.17864251 0.4137951
vt 0.17776456 0.40674067
vt 0.23713318 0.41368926
vt 0.22856444 0.32833093
vt 0.2565866 0.3079369
vt 0.25642022 0.31504375
vt 0.22873083 0.3212241
vt 0.8847809 0.4238162
vt 0.9011159 0.37902212
vt 0.94514287 0.3824464
vt 0.8430314 0.4216907
vt 0.85065436 0.43279588
vt 0.8218636 0.420613
vt 0.80876565 0.37183905
vt 0.82940376 0.37344444
vt 0.77109295 0.42844152
vt 0.78731763 0.418854
vt 0.7982159 0.3747058
vt 0.72933483 0.3405434
vt 0.5882713 0.3313213
vt 0.63267964 0.32882786
vt 0.7649758 0.35309756
vt 0.7982159 0.3747058
vt 0.8141489 0.36505055
vt 0.80876565 0.37183905
vt 0.7894318 0.35283458
vt 0.7982159 0.3747058
vt 0.77109295 0.42844152
vt 0.7894318 0.35283458
vt 0.9659899 0.3736475
vt 0.82940376 0.37344444
vt 0.8141489 0.36505055
vt 0.9011159 0.37902212
vt 0.82940376 0.37344444
vt 0.80876565 0.37183905
vt 0.8141489 0.36505055
vt 0.9659899 0.3736475
vt 0.94514287 0.3824464
vt 0.9011159 0.37902212
vt 0.72933483 0.3405434
vt 0.7686435 0.30112374
vt 0.7649758 0.35309756
vt 0.7365335 0.29759383
vt 0.713733 0.306103
vt 0.7365335 0.29759383
vt 0.72933483 0.3405434
vt 0.5814847 0.49403572
vt 0.6928643 0.48360038
vt 0.65568936 0.5051124
vt 0.62133855 0.47091728
vt 0.629112 0.31754804
vt 0.6229238 0.31132805
vt 0.6273985 0.3110993
vt 0.6246658 0.3177467
vt 0.852514 0.4469123
vt 0.96565044 0.43804085
vt 0.9443135 0.4476837
vt 0.79287356 0.43583953
vt 0.79750323 0.44646418
vt 0.77077144 0.44623125
vt 0.7273061 0.44585526
vt 0.68920815 0.43452007
vt 0.9486992 0.44738692
vt 0.96565044 0.43804085
vt 0.9630921 0.48928517
vt 0.7150798 0.49442935
vt 0.68920815 0.43452007
vt 0.7273061 0.44585526
vt 0.7441554 0.48028684
vt 0.7461425 0.48644012
vt 0.75121266 0.4803427
vt 0.78092694 0.48056597
vt 0.8719607 0.4812981
vt 0.80636 0.4869144
vt 0.9331028 0.48826826
vt 0.93091756 0.48178184
vt 0.9486992 0.44738692
vt 0.9630921 0.48928517
vt 0.18452758 0.51158625
vt 0.22530943 0.48779577
vt 0.23474115 0.50901747
vt 0.17611355 0.49248695
vt 0.7649758 0.35309756
vt 0.77375317 0.31264198
vt 0.76941323 0.3637663
vt 0.7686435 0.30112374
vt 0.547177 0.34194314
vt 0.54456615 0.37826347
vt 0.54079306 0.37175983
vt 0.7894318 0.35283458
vt 0.75778055 0.41404212
vt 0.7798885 0.33573985
vt 0.77109295 0.42844152
vt 0.39714387 0.53036296
vt 0.48188326 0.53493685
vt 0.4807515 0.5223661
vt 0.400714 0.53996336
vt 0.5107252 0.53225565
vt 0.5098029 0.5191754
vt 0.613659 0.52434695
vt 0.6156406 0.51336473
vt 0.400714 0.53996336
vt 0.38384557 0.55542254
vt 0.39323753 0.5496126
vt 0.400714 0.53996336
vt 0.39714387 0.53036296
vt 0.400714 0.53996336
vt 0.39760685 0.5478327
vt 0.3992919 0.5454826
vt 0.39323753 0.5496126
vt 0.400714 0.53996336
vt 0.4805002 0.5434076
vt 0.48188326 0.53493685
vt 0.3992919 0.5454826
vt 0.50932175 0.5409863
vt 0.5107252 0.53225565
vt 0.61244875 0.5305601
vt 0.613659 0.52434695
vt 0.6156406 0.51336473
vt 0.6231857 0.5363654
vt 0.6342343 0.54276836
vt 0.6156406 0.51336473
vt 0.613659 0.52434695
vt 0.6231857 0.5363654
vt 0.61244875 0.5305601
vt 0.6162684 0.5351082
vt 0.613659 0.52434695
vt 0.6231857 0.5363654
vt 0.5232941 0.6028261
vt 0.53068817 0.60845166
vt 0.6162684 0.5351082
vt 0.53068817 0.60845166
vt 0.5097747 0.60908985
vt 0.5099846 0.61524314
vt 0.5232941 0.6028261
vt 0.5099846 0.61524314
vt 0.48797926 0.6040107
vt 0.4855119 0.60780704
vt 0.5097747 0.60908985
vt 0.4855119 0.60780704
vt 0.39760685 0.5478327
vt 0.39323753 0.5496126
vt 0.48797926 0.6040107
vt 0.4855119 0.60780704
vt 0.38384557 0.55542254
vt 0.48074314 0.6193147
vt 0.39323753 0.5496126
vt 0.5099846 0.61524314
vt 0.48074314 0.6193147
vt 0.51544976 0.6286245
vt 0.4855119 0.60780704
vt 0.53068817 0.60845166
vt 0.51544976 0.6286245
vt 0.54163796 0.61670476
vt 0.5099846 0.61524314
vt 0.6231857 0.5363654
vt 0.54163796 0.61670476
vt 0.6342343 0.54276836
vt 0.53068817 0.60845166
vt 0.5307245 0.5524001
vt 0.61244875 0.5305601
vt 0.50932175 0.5409863
vt 0.6162684 0.5351082
vt 0.4805002 0.5434076
vt 0.47032028 0.5554107
vt 0.39760685 0.5478327
vt 0.4805002 0.5434076
vt 0.3992919 0.5454826
vt 0.47032028 0.5554107
vt 0.39760685 0.5478327
vt 0.48797926 0.6040107
vt 0.47032028 0.5554107
vt 0.5232941 0.6028261
vt 0.6162684 0.5351082
vt 0.5307245 0.5524001
vt 0.32702023 0.84227455
vt 0.3543005 0.8580712
vt 0.34243828 0.83675754
vt 0.32736382 0.86529243
vt 0.327213 0.8069708
vt 0.34243828 0.83675754
vt 0.35382488 0.8146857
vt 0.32702023 0.84227455
vt 0.40653428 0.806947
vt 0.3724044 0.86559445
vt 0.40653425 0.86552393
vt 0.3724044 0.80979437
vt 0.3724044 0.968148
vt 0.40653425 0.91484344
vt 0.3724044 0.91505563
vt 0.40653425 0.97359353
vt 0.36853355 0.93590677
vt 0.33930993 0.87944317
vt 0.34078825 0.9312542
vt 0.366414 0.8733854
vt 0.32813936 0.92356086
vt 0.32655895 0.888045
vt 0.40653425 0.86552393
vt 0.3724044 0.87926376
vt 0.40653425 0.87948495
vt 0.3724044 0.86559445
vt 0.3724044 0.91505563
vt 0.40653425 0.9017251
vt 0.3724044 0.9004336
vt 0.40653425 0.91484344
vt 0.3724044 0.9004336
vt 0.40653425 0.89634037
vt 0.3724044 0.89487493
vt 0.40653425 0.9017251
vt 0.40653425 0.87948495
vt 0.3724044 0.8859602
vt 0.40653425 0.88624096
vt 0.3724044 0.87926376
vt 0.40653425 0.88624096
vt 0.3724044 0.89084405
vt 0.40653425 0.89186317
vt 0.3724044 0.8859602
vt 0.3724044 0.89487493
vt 0.40653425 0.89186317
vt 0.3724044 0.89084405
vt 0.40653425 0.89634037
vt 0.32319307 0.9164218
vt 0.32655895 0.888045
vt 0.32136816 0.8978638
vt 0.32813936 0.92356086
vt 0.32067126 0.90856206
vt 0.3646478 0.83024275
vt 0.3606127 0.84879786
vt 0.36394942 0.84370273
vt 0.3606367 0.82346696
vt 0.36394942 0.84370273
vt 0.3655485 0.83796096
vt 0.3646478 0.83024275
vt 0.3606367 0.82346696
vt 0.35382488 0.8146857
vt 0.34243828 0.83675754
vt 0.3606127 0.84879786
vt 0.3543005 0.8580712
vt 0.6809921 0.19084173
vt 0.6709939 0.12832475
vt 0.6486893 0.19486457
vt 0.7016765 0.14431918
vt 0.6757355 0.19357413
vt 0.6800122 0.19188201
vt 0.6206396 0.11157143
vt 0.59307766 0.19329047
vt 0.4966449 0.15280128
vt 0.5187845 0.18180007
vt 0.5696801 0.09931111
vt 0.7016765 0.14431918
vt 0.684322 0.19297063
vt 0.7041787 0.1439234
vt 0.7016765 0.14431918
vt 0.6809921 0.19084173
vt 0.6709939 0.12832475
vt 0.7041787 0.1439234
vt 0.67188776 0.124103904
vt 0.6709939 0.12832475
vt 0.7016765 0.14431918
vt 0.6757355 0.19357413
vt 0.6478442 0.1990459
vt 0.67564034 0.19754136
vt 0.6486893 0.19486457
vt 0.5918198 0.19736344
vt 0.59307766 0.19329047
vt 0.6800122 0.19188201
vt 0.67564034 0.19754136
vt 0.6822026 0.19463462
vt 0.6757355 0.19357413
vt 0.6809921 0.19084173
vt 0.6822026 0.19463462
vt 0.684322 0.19297063
vt 0.6800122 0.19188201
vt 0.6206396 0.11157143
vt 0.67188776 0.124103904
vt 0.6209352 0.10732567
vt 0.6709939 0.12832475
vt 0.5187845 0.18180007
vt 0.49350202 0.15124309
vt 0.51649225 0.18512535
vt 0.5187845 0.18180007
vt 0.4966449 0.15280128
vt 0.59307766 0.19329047
vt 0.51649225 0.18512535
vt 0.5918198 0.19736344
vt 0.5187845 0.18180007
vt 0.5696801 0.09931111
vt 0.6209352 0.10732567
vt 0.56785107 0.095884204
vt 0.6206396 0.11157143
vt 0.4966449 0.15280128
vt 0.56785107 0.095884204
vt 0.49350202 0.15124309
vt 0.5696801 0.09931111
vt 0.054897245 0.16835731
vt 0.09284943 0.1633851
vt 0.09272316 0.16919112
vt 0.054951157 0.163427
vt 0.12028766 0.1622523
vt 0.12042648 0.1669721
vt 0.12028766 0.1622523
vt 0.092261165 0.16157085
vt 0.12121946 0.16068608
vt 0.09284943 0.1633851
vt 0.054951157 0.163427
vt 0.054359194 0.16215062
vt 0.12121946 0.16068608
vt 0.092226714 0.15803272
vt 0.12124121 0.15803301
vt 0.092261165 0.16157085
vt 0.054359194 0.16215062
vt 0.05426046 0.15803301
vt 0.12121946 0.15537995
vt 0.09226224 0.15449625
vt 0.054359015 0.15391535
vt 0.054897245 0.16835731
vt 0.08683652 0.18594152
vt 0.047128227 0.1900298
vt 0.09272316 0.16919112
vt 0.12042648 0.1669721
vt 0.1432789 0.1738643
vt 0.047128227 0.1900298
vt 0.08634439 0.19567817
vt 0.047435697 0.1971243
vt 0.08683652 0.18594152
vt 0.1432789 0.1738643
vt 0.17798048 0.18544501
vt 0.18118066 0.15803307
vt 0.14428395 0.15803301
vt 0.14327884 0.14220166
vt 0.17798048 0.13062108
vt 0.08634445 0.12038857
vt 0.08683652 0.13012439
vt 0.047128227 0.1271792
vt 0.047435697 0.120084226
vt 0.12028766 0.1622523
vt 0.12121946 0.16068608
vt 0.13532943 0.1609245
vt 0.12028766 0.1622523
vt 0.1432789 0.1738643
vt 0.12042648 0.1669721
vt 0.13532943 0.1609245
vt 0.1353823 0.15803301
vt 0.14428395 0.15803301
vt 0.12121946 0.16068608
vt 0.1353823 0.15803301
vt 0.13532943 0.1609245
vt 0.12124121 0.15803301
vt 0.12121946 0.15537995
vt 0.13532943 0.15514153
vt 0.054951157 0.163427
vt 0.054897245 0.16835731
vt 0.054359194 0.16215062
vt 0.054897245 0.16835731
vt 0.047128227 0.1900298
vt 0.028219517 0.15803307
vt 0.05426046 0.15803301
vt 0.028219517 0.15803307
vt 0.054359015 0.15391535
vt 0.047128227 0.1271792
vt 0.054897215 0.14770865
vt 0.054951247 0.15263921
vt 0.024539795 0.19439477
vt 0.028191712 0.15803295
vt 0.047128227 0.1900298
vt 0.047435697 0.1971243
vt 0.047128227 0.1271792
vt 0.028191712 0.15803295
vt 0.024539795 0.122814
vt 0.047435697 0.120084226
vt 0.020783838 0.15803307
vt 0.028191712 0.15803295
vt 0.024539795 0.19439477
vt 0.024539795 0.122814
vt 0.08634439 0.19567817
vt 0.17878938 0.18850577
vt 0.09062368 0.1990822
vt 0.17798048 0.18544501
vt 0.047435697 0.1971243
vt 0.09062368 0.1990822
vt 0.04584798 0.20080477
vt 0.08634439 0.19567817
vt 0.024539795 0.19439477
vt 0.04584798 0.20080477
vt 0.02200156 0.19713342
vt 0.047435697 0.1971243
vt 0.04584798 0.20080477
vt 0.17878938 0.18850577
vt 0.18118066 0.15803307
vt 0.18554538 0.15803307
vt 0.17798048 0.18544501
vt 0.17878944 0.12756032
vt 0.17798048 0.13062108
vt 0.18118066 0.15803307
vt 0.020783838 0.15803307
vt 0.02200156 0.19713342
vt 0.016679343 0.15803301
vt 0.024539795 0.19439477
vt 0.022001442 0.120075405
vt 0.024539795 0.122814
vt 0.054897215 0.14770865
vt 0.09284845 0.15267998
vt 0.054951247 0.15263921
vt 0.09272328 0.14687508
vt 0.12028766 0.15381372
vt 0.12042648 0.1490938
vt 0.12028766 0.15381372
vt 0.09226224 0.15449625
vt 0.09284845 0.15267998
vt 0.12121946 0.15537995
vt 0.054951247 0.15263921
vt 0.054359015 0.15391535
vt 0.054897215 0.14770865
vt 0.08683652 0.13012439
vt 0.09272328 0.14687508
vt 0.047128227 0.1271792
vt 0.12042648 0.1490938
vt 0.14327884 0.14220166
vt 0.12028766 0.15381372
vt 0.13532943 0.15514153
vt 0.12121946 0.15537995
vt 0.12028766 0.15381372
vt 0.14327884 0.14220166
vt 0.13532943 0.15514153
vt 0.12042648 0.1490938
vt 0.1353823 0.15803301
vt 0.14428395 0.15803301
vt 0.08634445 0.12038857
vt 0.17878944 0.12756032
vt 0.17798048 0.13062108
vt 0.09062356 0.116983235
vt 0.047435697 0.120084226
vt 0.09062356 0.116983235
vt 0.08634445 0.12038857
vt 0.04584795 0.116404355
vt 0.024539795 0.122814
vt 0.04584795 0.116404355
vt 0.047435697 0.120084226
vt 0.022001442 0.120075405
vt 0.04584795 0.116404355
vt 0.50218153 0.039566457
vt 0.5485762 0.016249776
vt 0.5536141 0.039566457
vt 0.50342095 0.01797545
vt 0.66450095 0.039566517
vt 0.6710933 0.019763112
vt 0.8337241 0.039566755
vt 0.84543926 0.02531761
vt 0.8901191 0.039566457
vt 0.89504665 0.027265072
vt 0.9380391 0.039565384
vt 0.9379165 0.032338083
vt 0.5029036 0.01778686
vt 0.50139654 0.039566398
vt 0.54855317 0.015306532
vt 0.50328004 0.017289162
vt 0.67109084 0.018802106
vt 0.8454389 0.024345994
vt 0.89508665 0.026302636
vt 0.9380568 0.03173399
vt 0.9385768 0.03956747
vt 0.93813294 0.03212267
vt 0.5016589 0.017131388
vt 0.5485771 0.0133161545
vt 0.50257206 0.01594299
vt 0.6711583 0.016781569
vt 0.8454852 0.022300959
vt 0.8952482 0.024275362
vt 0.938513 0.030462682
vt 0.93870646 0.031315506
vt 0.93813294 0.03212267
vt 0.9400424 0.03956622
vt 0.5456539 0.0070634484
vt 0.4983856 0.011406124
vt 0.668512 0.010291159
vt 0.8429825 0.015673816
vt 0.89353365 0.017350554
vt 0.93877625 0.025144875
vt 0.49629334 0.01461488
vt 0.94593596 0.039566457
vt 0.941058 0.027493656
vt 0.93813294 0.03212267
vt 0.9385768 0.03956747
vt 0.49952745 0.039566576
vt 0.50139654 0.039566398
vt 0.49285486 0.039566457
vt 0.54857576 0.062883615
vt 0.5034219 0.061157346
vt 0.67109406 0.05936992
vt 0.8454396 0.053815007
vt 0.89504594 0.051867843
vt 0.9379167 0.04679495
vt 0.5029045 0.061345935
vt 0.50139654 0.039566398
vt 0.5485542 0.063825786
vt 0.50328094 0.061843634
vt 0.6710918 0.060330212
vt 0.8454398 0.054786563
vt 0.89508575 0.05283022
vt 0.938057 0.047399163
vt 0.9385768 0.03956747
vt 0.9381331 0.047010124
vt 0.5485771 0.06581688
vt 0.5025729 0.0631901
vt 0.6711594 0.062351346
vt 0.84548587 0.056831837
vt 0.89524686 0.05485767
vt 0.9385131 0.048670053
vt 0.50165904 0.062001646
vt 0.93870676 0.04781723
vt 0.9381331 0.047010124
vt 0.9400424 0.03956622
vt 0.5456541 0.072069526
vt 0.4983854 0.06772667
vt 0.6685139 0.068841875
vt 0.84298366 0.063459635
vt 0.8935328 0.06178242
vt 0.9387767 0.05398798
vt 0.49629194 0.064518094
vt 0.49952745 0.039566576
vt 0.50139654 0.039566398
vt 0.49285486 0.039566457
vt 0.94593596 0.039566457
vt 0.9410587 0.0516392
vt 0.9381331 0.047010124
vt 0.9385768 0.03956747
vt 0.82467717 0.24452078
vt 0.77480286 0.23392773
vt 0.77483064 0.24451327
vt 0.8238871 0.23233712
vt 0.69509125 0.24453163
vt 0.69500685 0.23448813
vt 0.688237 0.24453205
vt 0.68833035 0.2346515
vt 0.67904484 0.24453187
vt 0.6792198 0.23393214
vt 0.6430177 0.24453247
vt 0.64310795 0.23152637
vt 0.6023465 0.24452496
vt 0.60240793 0.22902286
vt 0.41689095 0.24451315
vt 0.41694734 0.22263777
vt 0.31315717 0.24452376
vt 0.3132542 0.21800059
vt 0.26446787 0.24452436
vt 0.2645801 0.2156424
vt 0.22880998 0.24452472
vt 0.22884813 0.21407402
vt 0.08886154 0.2445246
vt 0.08875497 0.21261525
vt 0.07895811 0.24452454
vt 0.079005554 0.21318638
vt 0.06788902 0.24452478
vt 0.06811525 0.21360958
vt 0.01161821 0.24452555
vt 0.013211085 0.21764791
vt 0.41695216 0.22164935
vt 0.60241586 0.22805673
vt 0.3132613 0.21697515
vt 0.26458845 0.21459782
vt 0.22885045 0.21301222
vt 0.08874284 0.21155465
vt 0.078997925 0.21222293
vt 0.068126306 0.21255302
vt 0.013002945 0.21682775
vt 0.012276603 0.2169699
vt 0.60265523 0.22616488
vt 0.64323515 0.22882903
vt 0.64312094 0.23061848
vt 0.679251 0.2330764
vt 0.6883543 0.23387194
vt 0.6949923 0.23362994
vt 0.7747989 0.23306477
vt 0.82393414 0.23156375
vt 0.8243174 0.23202848
vt 0.8256399 0.24452019
vt 0.82421356 0.23002243
vt 0.77472156 0.23135072
vt 0.6951093 0.23192185
vt 0.68838066 0.23236561
vt 0.6792498 0.23137158
vt 0.8253231 0.23109007
vt 0.8243174 0.23202848
vt 0.82787114 0.24452078
vt 0.8243174 0.23202848
vt 0.83317894 0.2445206
vt 0.8286306 0.22858882
vt 0.8248978 0.22628248
vt 0.7745517 0.22750151
vt 0.69539523 0.22805905
vt 0.68847597 0.22838879
vt 0.67921895 0.2274257
vt 0.64349514 0.22489774
vt 0.6031917 0.22197616
vt 0.41702577 0.21967328
vt 0.3133312 0.21492696
vt 0.26465854 0.21252537
vt 0.22900733 0.2109096
vt 0.088821456 0.20943087
vt 0.078887984 0.21033871
vt 0.06789632 0.21045834
vt 0.012895418 0.21523756
vt 0.011280848 0.2160222
vt 0.0093862545 0.24452555
vt 0.006965054 0.24452537
vt 0.26481348 0.2079578
vt 0.31349006 0.21037489
vt 0.22935626 0.20625257
vt 0.089023665 0.20466208
vt 0.078642204 0.20539701
vt 0.06731923 0.20565313
vt 0.012534631 0.21130055
vt 0.012534631 0.21130055
vt 0.008018209 0.2135452
vt 0.012534631 0.21130055
vt 0.0014273655 0.2445252
vt 0.011280729 0.27303082
vt 0.012276245 0.27208298
vt 0.012894643 0.2738155
vt 0.013004048 0.27222538
vt 0.013212128 0.27140516
vt 0.068132386 0.27649605
vt 0.06812005 0.27543914
vt 0.0790043 0.27586222
vt 0.088746265 0.276434
vt 0.22885245 0.27497536
vt 0.26457855 0.2734061
vt 0.3132575 0.2710479
vt 0.41695675 0.26638794
vt 0.60239094 0.26002675
vt 0.6431086 0.25753975
vt 0.6792174 0.25513154
vt 0.6883239 0.25441396
vt 0.6950145 0.2545756
vt 0.7748087 0.2550984
vt 0.8238891 0.25670433
vt 0.8239348 0.25747705
vt 0.7748055 0.25596112
vt 0.69500196 0.2554338
vt 0.68834746 0.25519407
vt 0.67925113 0.25598693
vt 0.6431222 0.25844765
vt 0.6023976 0.26099318
vt 0.41696212 0.2673756
vt 0.31326506 0.27207333
vt 0.264586 0.27445048
vt 0.22885495 0.27603722
vt 0.088733986 0.2774945
vt 0.07899664 0.27682537
vt 0.6026343 0.26288474
vt 0.6432366 0.26023734
vt 0.41703483 0.26935214
vt 0.3133351 0.2741214
vt 0.26465407 0.27652317
vt 0.22901204 0.2781397
vt 0.088814214 0.27961785
vt 0.07888682 0.2787093
vt 0.06790121 0.27859038
vt 0.6434956 0.2641701
vt 0.67921835 0.26163757
vt 0.6792554 0.25769198
vt 0.6883722 0.25670153
vt 0.6951277 0.25714207
vt 0.77472764 0.25767475
vt 0.8242102 0.25901914
vt 0.8253235 0.25795138
vt 0.82431847 0.25701296
vt 0.8286312 0.26045257
vt 0.8248998 0.2627591
vt 0.7745523 0.26152366
vt 0.69542855 0.2610051
vt 0.688469 0.26068276
vt 0.82431847 0.25701296
vt 0.82431847 0.25701296
vt 0.012276603 0.2169699
vt 0.012276245 0.27208298
vt 0.41719297 0.21527249
vt 0.6031669 0.26707345
vt 0.41719994 0.2737525
vt 0.31349212 0.27867395
vt 0.26481098 0.28109032
vt 0.22936174 0.2827968
vt 0.089020446 0.2843873
vt 0.07864256 0.28364944
vt 0.06732549 0.28339583
vt 0.01253481 0.2777531
vt 0.01253481 0.2777531
vt 0.008014811 0.275508
vt 0.01253481 0.2777531
vt 0.7625497 0.15190333
vt 0.7771888 0.17910111
vt 0.75593525 0.21403289
vt 0.720063 0.15205413
vt 0.7271078 0.21413553
vt 0.7056104 0.17935681
vt 0.7056104 0.17935681
vt 0.71871305 0.14917827
vt 0.720063 0.15205413
vt 0.7056104 0.17935681
vt 0.7025353 0.17972088
vt 0.71871305 0.14917827
vt 0.7271078 0.21413553
vt 0.7025353 0.17972088
vt 0.7056104 0.17935681
vt 0.7253886 0.21680367
vt 0.75593525 0.21403289
vt 0.7253886 0.21680367
vt 0.7271078 0.21413553
vt 0.7576712 0.21668792
vt 0.7771888 0.17910111
vt 0.7576712 0.21668792
vt 0.75593525 0.21403289
vt 0.7802651 0.17944288
vt 0.7625497 0.15190333
vt 0.7802651 0.17944288
vt 0.7771888 0.17910111
vt 0.7625497 0.15190333
vt 0.76388013 0.14901757
vt 0.720063 0.15205413
vt 0.76388013 0.14901757
vt 0.7625497 0.15190333
vt 0.71871305 0.14917827
vt 0.8017967 0.10270113
vt 0.9091191 0.11391282
vt 0.9139253 0.10304749
vt 0.80653125 0.11361331
vt 0.8579186 0.08165395
vt 0.80653125 0.11361331
vt 0.79826754 0.099727035
vt 0.8051432 0.11775404
vt 0.8017967 0.10270113
vt 0.80653125 0.11361331
vt 0.91037506 0.11799836
vt 0.9091191 0.11391282
vt 0.8051432 0.11775404
vt 0.9091191 0.11391282
vt 0.91747624 0.10009915
vt 0.9139253 0.10304749
vt 0.91037506 0.11799836
vt 0.9139253 0.10304749
vt 0.85793257 0.07633698
vt 0.8579186 0.08165395
vt 0.91747624 0.10009915
vt 0.8579186 0.08165395
vt 0.79826754 0.099727035
vt 0.8017967 0.10270113
vt 0.85793257 0.07633698
vt 0.84219456 0.21694857
vt 0.80853415 0.18480754
vt 0.83185625 0.17343396
vt 0.8372027 0.21623671
vt 0.7962587 0.16934764
vt 0.7866513 0.15530938
vt 0.7882669 0.15136975
vt 0.84219456 0.21694857
vt 0.834603 0.17116743
vt 0.8458746 0.21846628
vt 0.83185625 0.17343396
vt 0.84219456 0.21694857
vt 0.8352243 0.21913981
vt 0.8372027 0.21623671
vt 0.8458746 0.21846628
vt 0.80853415 0.18480754
vt 0.8352243 0.21913981
vt 0.80293196 0.18403107
vt 0.8372027 0.21623671
vt 0.7962587 0.16934764
vt 0.79075503 0.16835862
vt 0.7866513 0.15530938
vt 0.7830956 0.15585852
vt 0.7882669 0.15136975
vt 0.7830956 0.15585852
vt 0.7883956 0.14747572
vt 0.7866513 0.15530938
vt 0.83185625 0.17343396
vt 0.7883956 0.14747572
vt 0.834603 0.17116743
vt 0.7882669 0.15136975
vt 0.8738512 0.21694827
vt 0.90751195 0.1848079
vt 0.87884206 0.21623617
vt 0.88418925 0.17343402
vt 0.91978794 0.16934794
vt 0.92939353 0.1553098
vt 0.9277793 0.15136945
vt 0.8738512 0.21694827
vt 0.8814432 0.17116743
vt 0.88418925 0.17343402
vt 0.8701728 0.21846682
vt 0.8738512 0.21694827
vt 0.8808221 0.21914035
vt 0.8701728 0.21846682
vt 0.87884206 0.21623617
vt 0.90751195 0.1848079
vt 0.8808221 0.21914035
vt 0.87884206 0.21623617
vt 0.91311425 0.18403059
vt 0.91978794 0.16934794
vt 0.92529184 0.16835839
vt 0.92939353 0.1553098
vt 0.9329518 0.15585828
vt 0.9277793 0.15136945
vt 0.9329518 0.15585828
vt 0.92939353 0.1553098
vt 0.9276522 0.1474756
vt 0.88418925 0.17343402
vt 0.9276522 0.1474756
vt 0.9277793 0.15136945
vt 0.8814432 0.17116743
vt 0.8559345 0.2183522
vt 0.8672907 0.16520321
vt 0.8606486 0.2183286
vt 0.8480181 0.16530174
vt 0.8575401 0.14542651
vt 0.932183 0.13292778
vt 0.9272654 0.125301
vt 0.78908974 0.12617677
vt 0.7842757 0.13361675
vt 0.8480181 0.16530174
vt 0.78013325 0.13639212
vt 0.7842757 0.13361675
vt 0.8437907 0.16884768
vt 0.8559345 0.2183522
vt 0.8437907 0.16884768
vt 0.8480181 0.16530174
vt 0.8528388 0.22049212
vt 0.8606486 0.2183286
vt 0.8528388 0.22049212
vt 0.8559345 0.2183522
vt 0.8637871 0.22044247
vt 0.8672907 0.16520321
vt 0.8637871 0.22044247
vt 0.8606486 0.2183286
vt 0.87155426 0.16870683
vt 0.932183 0.13292778
vt 0.87155426 0.16870683
vt 0.8672907 0.16520321
vt 0.9363817 0.13576812
vt 0.9272654 0.125301
vt 0.9363817 0.13576812
vt 0.932183 0.13292778
vt 0.9272654 0.125301
vt 0.9279944 0.120312154
vt 0.8583148 0.13893211
vt 0.9272654 0.125301
vt 0.8575401 0.14542651
vt 0.9279944 0.120312154
vt 0.78908974 0.12617677
vt 0.8583148 0.13893211
vt 0.8575401 0.14542651
vt 0.7888018 0.12026346
vt 0.7842757 0.13361675
vt 0.7888018 0.12026346
vt 0.78908974 0.12617677
vt 0.78013325 0.13639212

g Slingshot_BodyDetail1
s 1
usemtl Slingshot_BodyDetail1
f 3/3/3 2/2/2 1/1/1 
f 2/2/2 4/4/4 1/1/1 
f 7/7/7 6/6/6 5/5/5 
f 6/6/6 8/8/8 5/5/5 
f 11/11/11 10/10/10 9/9/9 
f 10/10/10 12/12/12 9/9/9 
f 15/15/15 14/14/14 13/13/13 
f 17/17/17 16/16/16 13/13/13 
f 20/20/20 19/19/19 18/18/18 
f 19/19/19 21/21/21 18/18/18 
f 24/24/24 23/23/23 22/22/22 
f 23/23/23 25/25/25 22/22/22 
f 28/28/28 27/27/27 26/26/26 
f 27/27/27 29/29/29 26/26/26 
f 32/32/32 31/31/31 30/30/30 
f 31/31/31 33/33/33 30/30/30 
f 36/36/36 35/35/35 34/34/34 
f 35/35/35 37/37/37 34/34/34 
f 40/40/40 39/39/39 38/38/38 
f 42/42/42 41/41/41 38/38/38 
f 45/45/45 44/44/44 43/43/43 
f 44/44/44 46/46/46 43/43/43 
f 49/49/49 48/48/48 47/47/47 
f 48/48/48 50/50/50 47/47/47 
f 53/53/53 52/52/52 51/51/51 
f 54/54/54 52/52/52 53/53/53 
f 55/55/55 52/52/52 54/54/54 
f 57/57/57 56/56/56 55/55/55 
f 58/58/58 56/56/56 57/57/57 
f 51/51/51 56/56/56 58/58/58 
f 61/61/61 60/60/60 59/59/59 
f 60/60/60 62/62/62 59/59/59 
f 65/65/65 64/64/64 63/63/63 
f 64/64/64 66/66/66 63/63/63 
f 65/65/65 67/67/67 64/64/64 
f 70/70/70 69/69/69 68/68/68 
f 69/69/69 71/71/71 68/68/68 
f 74/74/74 73/73/73 72/72/72 
f 73/73/73 75/75/75 72/72/72 
f 74/74/74 76/76/76 73/73/73 
f 79/79/79 78/78/78 77/77/77 
f 78/78/78 80/80/80 77/77/77 
f 83/83/83 82/82/82 81/81/81 
f 82/82/82 84/84/84 81/81/81 
f 83/83/83 85/85/85 82/82/82 
f 88/88/88 87/87/87 86/86/86 
f 87/87/87 89/89/89 86/86/86 
f 92/92/92 91/91/91 90/90/90 
f 91/91/91 93/93/93 90/90/90 
f 92/92/92 94/94/94 91/91/91 
f 97/97/97 96/96/96 95/95/95 
f 96/96/96 98/98/98 95/95/95 
f 101/101/101 100/100/100 99/99/99 
f 100/100/100 102/102/102 99/99/99 
f 101/101/101 103/103/103 100/100/100 
f 106/106/106 105/105/105 104/104/104 
f 105/105/105 107/107/107 104/104/104 
f 110/110/110 109/109/109 108/108/108 
f 109/109/109 111/111/111 108/108/108 
f 110/110/110 112/112/112 109/109/109 
f 115/115/115 114/114/114 113/113/113 
f 114/114/114 116/116/116 113/113/113 
f 119/119/119 118/118/118 117/117/117 
f 118/118/118 121/121/121 120/120/120 
f 124/124/124 123/123/123 122/122/122 
f 123/123/123 125/125/125 122/122/122 
f 128/128/128 127/127/127 126/126/126 
f 127/127/127 129/129/129 126/126/126 
f 132/132/132 131/131/131 130/130/130 
f 131/131/131 133/133/133 130/130/130 
f 136/136/136 135/135/135 134/134/134 
f 135/135/135 138/138/138 137/137/137 
f 141/141/141 140/140/140 139/139/139 
f 140/140/140 142/142/142 139/139/139 
f 145/145/145 144/144/144 143/143/143 
f 144/144/144 147/147/147 146/146/146 
f 150/150/150 149/149/149 148/148/148 
f 149/149/149 151/151/151 148/148/148 
f 154/154/154 153/153/153 152/152/152 
f 153/153/153 155/155/155 152/152/152 
f 158/158/158 157/157/157 156/156/156 
f 157/157/157 159/159/159 156/156/156 
f 162/162/162 161/161/161 160/160/160 
f 161/161/161 164/164/164 163/163/163 
f 167/167/167 166/166/166 165/165/165 
f 166/166/166 168/168/168 165/165/165 
f 171/171/171 170/170/170 169/169/169 
f 170/170/170 172/172/172 169/169/169 
f 175/175/175 174/174/174 173/173/173 
f 174/174/174 176/176/176 173/173/173 
f 179/179/179 178/178/178 177/177/177 
f 178/178/178 180/180/180 177/177/177 
f 183/183/183 182/182/182 181/181/181 
f 182/182/182 184/184/184 181/181/181 
f 187/187/187 186/186/186 185/185/185 
f 186/186/186 188/188/188 185/185/185 
f 191/191/191 190/190/190 189/189/189 
f 190/190/190 193/193/193 192/192/192 
f 196/196/196 195/195/195 194/194/194 
f 195/195/195 198/198/198 197/197/197 
f 201/201/201 200/200/200 199/199/199 
f 200/200/200 202/202/202 199/199/199 
f 205/205/205 204/204/204 203/203/203 
f 204/204/204 207/207/207 206/206/206 
f 210/210/210 209/209/209 208/208/208 
f 209/209/209 212/212/212 211/211/211 
f 215/215/215 214/214/214 213/213/213 
f 214/214/214 216/216/216 213/213/213 
f 219/219/219 218/218/218 217/217/217 
f 218/218/218 220/220/220 217/217/217 
f 223/223/223 222/222/222 221/221/221 
f 222/222/222 224/224/224 221/221/221 
f 227/227/227 226/226/226 225/225/225 
f 226/226/226 228/228/228 225/225/225 
f 231/231/231 230/230/230 229/229/229 
f 230/230/230 232/232/232 229/229/229 
f 235/235/235 234/234/234 233/233/233 
f 234/234/234 236/236/236 233/233/233 
f 239/239/239 238/238/238 237/237/237 
f 238/238/238 240/240/240 237/237/237 
f 243/243/243 242/242/242 241/241/241 
f 242/242/242 244/244/244 241/241/241 
f 247/247/247 246/246/246 245/245/245 
f 246/246/246 248/248/248 245/245/245 
f 251/251/251 250/250/250 249/249/249 
f 250/250/250 252/252/252 249/249/249 
f 255/255/255 254/254/254 253/253/253 
f 254/254/254 256/256/256 253/253/253 
f 259/259/259 258/258/258 257/257/257 
f 258/258/258 260/260/260 257/257/257 
f 263/263/263 262/262/262 261/261/261 
f 262/262/262 264/264/264 261/261/261 
f 267/267/267 266/266/266 265/265/265 
f 266/266/266 268/268/268 265/265/265 
f 269/269/269 268/268/268 266/266/266 
f 270/270/270 269/269/269 266/266/266 
f 271/271/271 269/269/269 270/270/270 
f 272/272/272 271/271/271 270/270/270 
f 273/273/273 271/271/271 272/272/272 
f 274/274/274 273/273/273 272/272/272 
f 275/275/275 273/273/273 274/274/274 
f 276/276/276 275/275/275 274/274/274 
f 277/277/277 276/276/276 274/274/274 
f 278/278/278 277/277/277 274/274/274 
f 279/279/279 277/277/277 278/278/278 
f 280/280/280 279/279/279 278/278/278 
f 281/281/281 279/279/279 280/280/280 
f 282/282/282 281/281/281 280/280/280 
f 283/283/283 281/281/281 282/282/282 
f 284/284/284 283/283/283 282/282/282 
f 285/285/285 283/283/283 284/284/284 
f 286/286/286 285/285/285 284/284/284 
f 273/273/273 287/287/287 271/271/271 
f 275/275/275 288/288/288 273/273/273 
f 288/288/288 287/287/287 273/273/273 
f 276/276/276 289/289/289 275/275/275 
f 289/289/289 288/288/288 275/275/275 
f 290/290/290 288/288/288 289/289/289 
f 287/287/287 288/288/288 290/290/290 
f 291/291/291 290/290/290 289/289/289 
f 292/292/292 289/289/289 276/276/276 
f 293/293/293 285/285/285 286/286/286 
f 294/294/294 293/293/293 286/286/286 
f 295/295/295 285/285/285 293/293/293 
f 295/295/295 293/293/293 296/296/296 
f 293/293/293 297/297/297 296/296/296 
f 296/296/296 297/297/297 298/298/298 
f 297/297/297 299/299/299 298/298/298 
f 298/298/298 299/299/299 300/300/300 
f 299/299/299 301/301/301 300/300/300 
f 300/300/300 301/301/301 302/302/302 
f 301/301/301 303/303/303 302/302/302 
f 302/302/302 303/303/303 304/304/304 
f 303/303/303 305/305/305 304/304/304 
f 305/305/305 306/306/306 304/304/304 
f 304/304/304 306/306/306 307/307/307 
f 306/306/306 308/308/308 307/307/307 
f 308/308/308 309/309/309 307/307/307 
f 307/307/307 309/309/309 310/310/310 
f 309/309/309 311/311/311 310/310/310 
f 310/310/310 311/311/311 312/312/312 
f 311/311/311 313/313/313 312/312/312 
f 312/312/312 313/313/313 314/314/314 
f 313/313/313 315/315/315 314/314/314 
f 314/314/314 315/315/315 316/316/316 
f 315/315/315 292/292/292 316/316/316 
f 316/316/316 292/292/292 276/276/276 
f 281/281/281 304/304/304 307/307/307 
f 281/281/281 283/283/283 304/304/304 
f 279/279/279 281/281/281 307/307/307 
f 317/317/317 316/316/316 276/276/276 
f 318/318/318 317/317/317 276/276/276 
f 317/317/317 319/319/319 316/316/316 
f 319/319/319 314/314/314 316/316/316 
f 319/319/319 320/320/320 314/314/314 
f 320/320/320 312/312/312 314/314/314 
f 320/320/320 321/321/321 312/312/312 
f 321/321/321 310/310/310 312/312/312 
f 321/321/321 322/322/322 310/310/310 
f 322/322/322 307/307/307 310/310/310 
f 322/322/322 279/279/279 307/307/307 
f 318/318/318 277/277/277 322/322/322 
f 277/277/277 279/279/279 322/322/322 
f 276/276/276 277/277/277 318/318/318 
f 318/318/318 323/323/323 317/317/317 
f 323/323/323 324/324/324 317/317/317 
f 319/319/319 317/317/317 324/324/324 
f 325/325/325 319/319/319 324/324/324 
f 320/320/320 319/319/319 325/325/325 
f 326/326/326 325/325/325 324/324/324 
f 327/327/327 326/326/326 324/324/324 
f 324/324/324 323/323/323 327/327/327 
f 326/326/326 327/327/327 328/328/328 
f 329/329/329 326/326/326 328/328/328 
f 326/326/326 329/329/329 325/325/325 
f 330/330/330 329/329/329 328/328/328 
f 331/331/331 320/320/320 325/325/325 
f 329/329/329 331/331/331 325/325/325 
f 331/331/331 332/332/332 320/320/320 
f 332/332/332 321/321/321 320/320/320 
f 333/333/333 329/329/329 330/330/330 
f 332/332/332 331/331/331 333/333/333 
f 331/331/331 329/329/329 333/333/333 
f 334/334/334 333/333/333 330/330/330 
f 335/335/335 334/334/334 330/330/330 
f 322/322/322 334/334/334 335/335/335 
f 318/318/318 322/322/322 335/335/335 
f 336/336/336 318/318/318 335/335/335 
f 323/323/323 318/318/318 337/337/337 
f 339/339/339 338/338/338 265/265/265 
f 338/338/338 267/267/267 265/265/265 
f 340/340/340 339/339/339 265/265/265 
f 341/341/341 340/340/340 265/265/265 
f 268/268/268 341/341/341 265/265/265 
f 342/342/342 341/341/341 268/268/268 
f 269/269/269 342/342/342 268/268/268 
f 343/343/343 342/342/342 269/269/269 
f 271/271/271 343/343/343 269/269/269 
f 287/287/287 343/343/343 271/271/271 
f 344/344/344 343/343/343 287/287/287 
f 345/345/345 344/344/344 287/287/287 
f 345/345/345 287/287/287 290/290/290 
f 344/344/344 346/346/346 343/343/343 
f 346/346/346 342/342/342 343/343/343 
f 341/341/341 342/342/342 346/346/346 
f 347/347/347 341/341/341 346/346/346 
f 340/340/340 341/341/341 347/347/347 
f 348/348/348 340/340/340 347/347/347 
f 348/348/348 349/349/349 340/340/340 
f 349/349/349 339/339/339 340/340/340 
f 339/339/339 349/349/349 338/338/338 
f 349/349/349 350/350/350 338/338/338 
f 350/350/350 351/351/351 338/338/338 
f 351/351/351 352/352/352 338/338/338 
f 338/338/338 352/352/352 267/267/267 
f 352/352/352 353/353/353 267/267/267 
f 267/267/267 353/353/353 266/266/266 
f 353/353/353 354/354/354 266/266/266 
f 266/266/266 354/354/354 270/270/270 
f 354/354/354 355/355/355 270/270/270 
f 270/270/270 355/355/355 272/272/272 
f 355/355/355 356/356/356 272/272/272 
f 272/272/272 356/356/356 274/274/274 
f 356/356/356 357/357/357 274/274/274 
f 274/274/274 357/357/357 278/278/278 
f 357/357/357 358/358/358 278/278/278 
f 278/278/278 358/358/358 280/280/280 
f 358/358/358 359/359/359 280/280/280 
f 280/280/280 359/359/359 282/282/282 
f 359/359/359 360/360/360 282/282/282 
f 282/282/282 360/360/360 284/284/284 
f 360/360/360 361/361/361 284/284/284 
f 284/284/284 361/361/361 286/286/286 
f 361/361/361 362/362/362 286/286/286 
f 362/362/362 363/363/363 286/286/286 
f 363/363/363 294/294/294 286/286/286 
f 363/363/363 364/364/364 294/294/294 
f 364/364/364 365/365/365 294/294/294 
f 365/365/365 366/366/366 294/294/294 
f 366/366/366 293/293/293 294/294/294 
f 293/293/293 366/366/366 297/297/297 
f 366/366/366 367/367/367 297/297/297 
f 297/297/297 367/367/367 299/299/299 
f 367/367/367 368/368/368 299/299/299 
f 299/299/299 368/368/368 301/301/301 
f 368/368/368 369/369/369 301/301/301 
f 301/301/301 369/369/369 303/303/303 
f 369/369/369 370/370/370 303/303/303 
f 303/303/303 370/370/370 305/305/305 
f 370/370/370 371/371/371 305/305/305 
f 305/305/305 371/371/371 306/306/306 
f 371/371/371 372/372/372 306/306/306 
f 306/306/306 372/372/372 308/308/308 
f 372/372/372 373/373/373 308/308/308 
f 373/373/373 375/375/375 374/374/374 
f 376/376/376 309/309/309 308/308/308 
f 309/309/309 376/376/376 311/311/311 
f 376/376/376 377/377/377 311/311/311 
f 377/377/377 378/378/378 311/311/311 
f 378/378/378 313/313/313 311/311/311 
f 313/313/313 378/378/378 315/315/315 
f 378/378/378 379/379/379 315/315/315 
f 379/379/379 380/380/380 315/315/315 
f 380/380/380 292/292/292 315/315/315 
f 289/289/289 292/292/292 380/380/380 
f 291/291/291 289/289/289 380/380/380 
f 382/382/382 381/381/381 304/304/304 
f 381/381/381 302/302/302 304/304/304 
f 381/381/381 383/383/383 302/302/302 
f 383/383/383 300/300/300 302/302/302 
f 383/383/383 384/384/384 300/300/300 
f 384/384/384 298/298/298 300/300/300 
f 384/384/384 385/385/385 298/298/298 
f 385/385/385 296/296/296 298/298/298 
f 295/295/295 296/296/296 385/385/385 
f 386/386/386 295/295/295 385/385/385 
f 387/387/387 381/381/381 382/382/382 
f 383/383/383 381/381/381 387/387/387 
f 388/388/388 387/387/387 382/382/382 
f 389/389/389 388/388/388 382/382/382 
f 390/390/390 389/389/389 382/382/382 
f 391/391/391 388/388/388 389/389/389 
f 391/391/391 387/387/387 388/388/388 
f 392/392/392 391/391/391 389/389/389 
f 393/393/393 391/391/391 392/392/392 
f 391/391/391 393/393/393 387/387/387 
f 394/394/394 383/383/383 387/387/387 
f 393/393/393 394/394/394 387/387/387 
f 384/384/384 383/383/383 394/394/394 
f 395/395/395 384/384/384 394/394/394 
f 385/385/385 384/384/384 395/395/395 
f 394/394/394 393/393/393 395/395/395 
f 396/396/396 385/385/385 395/395/395 
f 393/393/393 397/397/397 395/395/395 
f 397/397/397 393/393/393 392/392/392 
f 396/396/396 395/395/395 397/397/397 
f 398/398/398 397/397/397 392/392/392 
f 398/398/398 392/392/392 389/389/389 
f 399/399/399 397/397/397 398/398/398 
f 399/399/399 396/396/396 397/397/397 
f 399/399/399 398/398/398 400/400/400 
f 399/399/399 400/400/400 396/396/396 
f 398/398/398 401/401/401 400/400/400 
f 401/401/401 389/389/389 390/390/390 
f 401/401/401 398/398/398 389/389/389 
f 400/400/400 402/402/402 396/396/396 
f 402/402/402 400/400/400 401/401/401 
f 385/385/385 396/396/396 402/402/402 
f 386/386/386 385/385/385 402/402/402 
f 403/403/403 386/386/386 402/402/402 
f 403/403/403 402/402/402 401/401/401 
f 403/403/403 401/401/401 390/390/390 
f 390/390/390 382/382/382 403/403/403 
f 382/382/382 386/386/386 403/403/403 
f 285/285/285 386/386/386 382/382/382 
f 285/285/285 295/295/295 386/386/386 
f 283/283/283 285/285/285 382/382/382 
f 283/283/283 382/382/382 304/304/304 
f 362/362/362 404/404/404 363/363/363 
f 404/404/404 364/364/364 363/363/363 
f 404/404/404 362/362/362 361/361/361 
f 405/405/405 404/404/404 361/361/361 
f 405/405/405 361/361/361 360/360/360 
f 406/406/406 405/405/405 360/360/360 
f 406/406/406 360/360/360 359/359/359 
f 407/407/407 406/406/406 359/359/359 
f 407/407/407 359/359/359 358/358/358 
f 408/408/408 407/407/407 358/358/358 
f 408/408/408 358/358/358 357/357/357 
f 409/409/409 408/408/408 357/357/357 
f 409/409/409 357/357/357 356/356/356 
f 410/410/410 409/409/409 356/356/356 
f 410/410/410 356/356/356 355/355/355 
f 411/411/411 410/410/410 355/355/355 
f 411/411/411 355/355/355 354/354/354 
f 412/412/412 411/411/411 354/354/354 
f 412/412/412 354/354/354 353/353/353 
f 413/413/413 412/412/412 353/353/353 
f 413/413/413 353/353/353 352/352/352 
f 414/414/414 413/413/413 352/352/352 
f 351/351/351 414/414/414 352/352/352 
f 417/417/417 416/416/416 415/415/415 
f 416/416/416 418/418/418 415/415/415 
f 421/421/421 420/420/420 419/419/419 
f 424/424/424 423/423/423 422/422/422 
f 423/423/423 425/425/425 422/422/422 
f 428/428/428 427/427/427 426/426/426 
f 427/427/427 429/429/429 426/426/426 
f 432/432/432 431/431/431 430/430/430 
f 431/431/431 433/433/433 430/430/430 
f 436/436/436 435/435/435 434/434/434 
f 435/435/435 437/437/437 434/434/434 
f 440/440/440 439/439/439 438/438/438 
f 439/439/439 442/442/442 441/441/441 
f 445/445/445 444/444/444 443/443/443 
f 444/444/444 446/446/446 443/443/443 
f 449/449/449 448/448/448 447/447/447 
f 448/448/448 450/450/450 447/447/447 
f 453/453/453 452/452/452 451/451/451 
f 452/452/452 454/454/454 451/451/451 
f 457/457/457 456/456/456 455/455/455 
f 456/456/456 458/458/458 455/455/455 
f 461/461/461 460/460/460 459/459/459 
f 460/460/460 462/462/462 459/459/459 
f 465/465/465 464/464/464 463/463/463 
f 464/464/464 467/467/467 466/466/466 
f 470/470/470 469/469/469 468/468/468 
f 469/469/469 471/471/471 468/468/468 
f 474/474/474 473/473/473 472/472/472 
f 473/473/473 475/475/475 472/472/472 
f 478/478/478 477/477/477 476/476/476 
f 477/477/477 479/479/479 476/476/476 
f 482/482/482 481/481/481 480/480/480 
f 483/483/483 481/481/481 482/482/482 
f 484/484/484 481/481/481 483/483/483 
f 485/485/485 481/481/481 484/484/484 
f 486/486/486 481/481/481 485/485/485 
f 487/487/487 481/481/481 486/486/486 
f 488/488/488 481/481/481 487/487/487 
f 489/489/489 481/481/481 488/488/488 
f 490/490/490 481/481/481 489/489/489 
f 491/491/491 481/481/481 490/490/490 
f 492/492/492 481/481/481 491/491/491 
f 480/480/480 481/481/481 492/492/492 
f 495/495/495 494/494/494 493/493/493 
f 494/494/494 496/496/496 493/493/493 
f 497/497/497 494/494/494 495/495/495 
f 498/498/498 497/497/497 495/495/495 
f 499/499/499 497/497/497 498/498/498 
f 500/500/500 499/499/499 498/498/498 
f 501/501/501 499/499/499 500/500/500 
f 502/502/502 501/501/501 500/500/500 
f 503/503/503 501/501/501 502/502/502 
f 504/504/504 503/503/503 502/502/502 
f 505/505/505 503/503/503 504/504/504 
f 506/506/506 505/505/505 504/504/504 
f 507/507/507 505/505/505 506/506/506 
f 508/508/508 507/507/507 506/506/506 
f 509/509/509 507/507/507 508/508/508 
f 510/510/510 509/509/509 508/508/508 
f 511/511/511 509/509/509 510/510/510 
f 512/512/512 511/511/511 510/510/510 
f 513/513/513 511/511/511 512/512/512 
f 514/514/514 513/513/513 512/512/512 
f 515/515/515 513/513/513 514/514/514 
f 516/516/516 515/515/515 514/514/514 
f 496/496/496 515/515/515 516/516/516 
f 493/493/493 496/496/496 516/516/516 
f 519/519/519 518/518/518 517/517/517 
f 518/518/518 520/520/520 517/517/517 
f 523/523/523 522/522/522 521/521/521 
f 522/522/522 524/524/524 521/521/521 
f 527/527/527 526/526/526 525/525/525 
f 526/526/526 528/528/528 525/525/525 
f 531/531/531 530/530/530 529/529/529 
f 530/530/530 532/532/532 529/529/529 
f 535/535/535 534/534/534 533/533/533 
f 538/538/538 537/537/537 536/536/536 
f 541/541/541 540/540/540 539/539/539 
f 540/540/540 543/543/543 542/542/542 
f 546/546/546 545/545/545 544/544/544 
f 545/545/545 547/547/547 544/544/544 
f 550/550/550 549/549/549 548/548/548 
f 549/549/549 551/551/551 548/548/548 
f 554/554/554 553/553/553 552/552/552 
f 553/553/553 555/555/555 552/552/552 
f 558/558/558 557/557/557 556/556/556 
f 557/557/557 559/559/559 556/556/556 
f 562/562/562 561/561/561 560/560/560 
f 565/565/565 564/564/564 563/563/563 
f 568/568/568 567/567/567 566/566/566 
f 567/567/567 570/570/570 569/569/569 
f 573/573/573 572/572/572 571/571/571 
f 572/572/572 574/574/574 571/571/571 
f 575/575/575 572/572/572 573/573/573 
f 576/576/576 575/575/575 573/573/573 
f 577/577/577 575/575/575 576/576/576 
f 578/578/578 577/577/577 576/576/576 
f 579/579/579 577/577/577 578/578/578 
f 580/580/580 579/579/579 578/578/578 
f 581/581/581 579/579/579 580/580/580 
f 571/571/571 574/574/574 582/582/582 
f 574/574/574 583/583/583 582/582/582 
f 582/582/582 583/583/583 584/584/584 
f 586/586/586 581/581/581 585/585/585 
f 587/587/587 581/581/581 586/586/586 
f 588/588/588 587/587/587 586/586/586 
f 589/589/589 587/587/587 588/588/588 
f 590/590/590 589/589/589 588/588/588 
f 591/591/591 589/589/589 590/590/590 
f 592/592/592 591/591/591 590/590/590 
f 593/593/593 591/591/591 592/592/592 
f 594/594/594 593/593/593 592/592/592 
f 595/595/595 593/593/593 594/594/594 
f 596/596/596 595/595/595 594/594/594 
f 583/583/583 595/595/595 596/596/596 
f 599/599/599 598/598/598 597/597/597 
f 598/598/598 600/600/600 597/597/597 
f 603/603/603 602/602/602 601/601/601 
f 602/602/602 604/604/604 601/601/601 
f 607/607/607 606/606/606 605/605/605 
f 606/606/606 608/608/608 605/605/605 
f 611/611/611 610/610/610 609/609/609 
f 610/610/610 612/612/612 609/609/609 
f 615/615/615 614/614/614 613/613/613 
f 614/614/614 616/616/616 613/613/613 
f 619/619/619 618/618/618 617/617/617 
f 618/618/618 620/620/620 617/617/617 
f 623/623/623 622/622/622 621/621/621 
f 622/622/622 624/624/624 621/621/621 
f 627/627/627 626/626/626 625/625/625 
f 626/626/626 628/628/628 625/625/625 
f 631/631/631 630/630/630 629/629/629 
f 630/630/630 632/632/632 629/629/629 
f 635/635/635 634/634/634 633/633/633 
f 634/634/634 636/636/636 633/633/633 
f 639/639/639 638/638/638 637/637/637 
f 638/638/638 640/640/640 637/637/637 
f 643/643/643 642/642/642 641/641/641 
f 642/642/642 644/644/644 641/641/641 
f 647/647/647 646/646/646 645/645/645 
f 646/646/646 648/648/648 645/645/645 
f 649/649/649 646/646/646 647/647/647 
f 650/650/650 649/649/649 647/647/647 
f 651/651/651 649/649/649 650/650/650 
f 652/652/652 651/651/651 650/650/650 
f 653/653/653 651/651/651 652/652/652 
f 654/654/654 653/653/653 652/652/652 
f 655/655/655 653/653/653 654/654/654 
f 656/656/656 655/655/655 654/654/654 
f 657/657/657 655/655/655 656/656/656 
f 658/658/658 657/657/657 656/656/656 
f 659/659/659 657/657/657 658/658/658 
f 660/660/660 659/659/659 658/658/658 
f 661/661/661 659/659/659 660/660/660 
f 662/662/662 661/661/661 660/660/660 
f 663/663/663 661/661/661 662/662/662 
f 664/664/664 663/663/663 662/662/662 
f 665/665/665 663/663/663 664/664/664 
f 666/666/666 665/665/665 664/664/664 
f 667/667/667 665/665/665 666/666/666 
f 668/668/668 667/667/667 666/666/666 
f 648/648/648 667/667/667 668/668/668 
f 645/645/645 648/648/648 668/668/668 
f 671/671/671 670/670/670 669/669/669 
f 670/670/670 672/672/672 669/669/669 
f 675/675/675 674/674/674 673/673/673 
f 674/674/674 676/676/676 673/673/673 
f 679/679/679 678/678/678 677/677/677 
f 678/678/678 680/680/680 677/677/677 
f 683/683/683 682/682/682 681/681/681 
f 682/682/682 684/684/684 681/681/681 
f 687/687/687 686/686/686 685/685/685 
f 690/690/690 689/689/689 688/688/688 
f 693/693/693 692/692/692 691/691/691 
f 696/696/696 695/695/695 694/694/694 
f 699/699/699 698/698/698 697/697/697 
f 698/698/698 700/700/700 697/697/697 
f 703/703/703 702/702/702 701/701/701 
f 702/702/702 704/704/704 701/701/701 
f 707/707/707 706/706/706 705/705/705 
f 706/706/706 708/708/708 705/705/705 
f 711/711/711 710/710/710 709/709/709 
f 710/710/710 712/712/712 709/709/709 
f 715/715/715 714/714/714 713/713/713 
f 718/718/718 717/717/717 716/716/716 
f 721/721/721 720/720/720 719/719/719 
f 724/724/724 723/723/723 722/722/722 
f 727/727/727 726/726/726 725/725/725 
f 726/726/726 728/728/728 725/725/725 
f 727/727/727 729/729/729 726/726/726 
f 729/729/729 730/730/730 726/726/726 
f 730/730/730 731/731/731 726/726/726 
f 730/730/730 732/732/732 731/731/731 
f 732/732/732 733/733/733 731/731/731 
f 732/732/732 734/734/734 733/733/733 
f 734/734/734 735/735/735 733/733/733 
f 734/734/734 736/736/736 735/735/735 
f 736/736/736 737/737/737 735/735/735 
f 726/726/726 738/738/738 728/728/728 
f 726/726/726 731/731/731 738/738/738 
f 738/738/738 739/739/739 728/728/728 
f 731/731/731 740/740/740 738/738/738 
f 731/731/731 733/733/733 740/740/740 
f 733/733/733 741/741/741 740/740/740 
f 733/733/733 735/735/735 741/741/741 
f 740/740/740 742/742/742 738/738/738 
f 742/742/742 740/740/740 741/741/741 
f 742/742/742 743/743/743 738/738/738 
f 742/742/742 744/744/744 743/743/743 
f 742/742/742 741/741/741 744/744/744 
f 744/744/744 745/745/745 743/743/743 
f 735/735/735 746/746/746 741/741/741 
f 735/735/735 737/737/737 746/746/746 
f 737/737/737 747/747/747 746/746/746 
f 746/746/746 748/748/748 741/741/741 
f 748/748/748 749/749/749 741/741/741 
f 741/741/741 749/749/749 744/744/744 
f 747/747/747 750/750/750 746/746/746 
f 750/750/750 748/748/748 746/746/746 
f 743/743/743 751/751/751 738/738/738 
f 751/751/751 752/752/752 738/738/738 
f 739/739/739 738/738/738 753/753/753 
f 738/738/738 752/752/752 753/753/753 
f 739/739/739 753/753/753 754/754/754 
f 739/739/739 754/754/754 755/755/755 
f 739/739/739 755/755/755 756/756/756 
f 739/739/739 756/756/756 728/728/728 
f 756/756/756 757/757/757 728/728/728 
f 755/755/755 758/758/758 756/756/756 
f 754/754/754 759/759/759 755/755/755 
f 754/754/754 760/760/760 759/759/759 
f 760/760/760 761/761/761 759/759/759 
f 760/760/760 762/762/762 761/761/761 
f 762/762/762 763/763/763 761/761/761 
f 753/753/753 764/764/764 754/754/754 
f 760/760/760 764/764/764 762/762/762 
f 760/760/760 754/754/754 764/764/764 
f 762/762/762 765/765/765 763/763/763 
f 765/765/765 762/762/762 764/764/764 
f 765/765/765 766/766/766 763/763/763 
f 753/753/753 767/767/767 764/764/764 
f 767/767/767 768/768/768 764/764/764 
f 753/753/753 752/752/752 767/767/767 
f 752/752/752 769/769/769 767/767/767 
f 752/752/752 751/751/751 769/769/769 
f 751/751/751 770/770/770 769/769/769 
f 751/751/751 771/771/771 770/770/770 
f 771/771/771 772/772/772 770/770/770 
f 751/751/751 743/743/743 771/771/771 
f 743/743/743 745/745/745 771/771/771 
f 768/768/768 773/773/773 764/764/764 
f 773/773/773 774/774/774 764/764/764 
f 774/774/774 765/765/765 764/764/764 
f 767/767/767 769/769/769 775/775/775 
f 776/776/776 767/767/767 775/775/775 
f 768/768/768 767/767/767 776/776/776 
f 777/777/777 776/776/776 775/775/775 
f 778/778/778 777/777/777 775/775/775 
f 779/779/779 777/777/777 778/778/778 
f 779/779/779 780/780/780 777/777/777 
f 781/781/781 780/780/780 779/779/779 
f 782/782/782 781/781/781 779/779/779 
f 782/782/782 779/779/779 737/737/737 
f 736/736/736 782/782/782 737/737/737 
f 737/737/737 779/779/779 747/747/747 
f 779/779/779 783/783/783 747/747/747 
f 779/779/779 778/778/778 783/783/783 
f 780/780/780 784/784/784 777/777/777 
f 778/778/778 775/775/775 785/785/785 
f 775/775/775 786/786/786 783/783/783 
f 786/786/786 775/775/775 769/769/769 
f 770/770/770 786/786/786 769/769/769 
f 777/777/777 787/787/787 776/776/776 
f 777/777/777 788/788/788 787/787/787 
f 788/788/788 789/789/789 787/787/787 
f 789/789/789 773/773/773 787/787/787 
f 773/773/773 768/768/768 787/787/787 
f 787/787/787 768/768/768 776/776/776 
f 786/786/786 790/790/790 783/783/783 
f 786/786/786 770/770/770 790/790/790 
f 790/790/790 791/791/791 783/783/783 
f 791/791/791 750/750/750 783/783/783 
f 750/750/750 747/747/747 783/783/783 
f 790/790/790 792/792/792 791/791/791 
f 792/792/792 793/793/793 791/791/791 
f 793/793/793 750/750/750 791/791/791 
f 750/750/750 793/793/793 748/748/748 
f 793/793/793 749/749/749 748/748/748 
f 793/793/793 794/794/794 749/749/749 
f 794/794/794 793/793/793 792/792/792 
f 794/794/794 744/744/744 749/749/749 
f 794/794/794 795/795/795 744/744/744 
f 795/795/795 745/745/745 744/744/744 
f 745/745/745 795/795/795 771/771/771 
f 795/795/795 796/796/796 771/771/771 
f 796/796/796 794/794/794 792/792/792 
f 796/796/796 795/795/795 794/794/794 
f 771/771/771 796/796/796 772/772/772 
f 772/772/772 796/796/796 797/797/797 
f 796/796/796 792/792/792 797/797/797 
f 770/770/770 772/772/772 797/797/797 
f 780/780/780 799/799/799 798/798/798 
f 799/799/799 800/800/800 798/798/798 
f 798/798/798 800/800/800 759/759/759 
f 761/761/761 798/798/798 759/759/759 
f 799/799/799 755/755/755 800/800/800 
f 755/755/755 759/759/759 800/800/800 
f 755/755/755 799/799/799 758/758/758 
f 799/799/799 801/801/801 758/758/758 
f 799/799/799 780/780/780 801/801/801 
f 780/780/780 802/802/802 801/801/801 
f 780/780/780 781/781/781 802/802/802 
f 781/781/781 803/803/803 802/802/802 
f 781/781/781 804/804/804 803/803/803 
f 804/804/804 805/805/805 803/803/803 
f 804/804/804 806/806/806 805/805/805 
f 806/806/806 807/807/807 805/805/805 
f 781/781/781 782/782/782 804/804/804 
f 782/782/782 808/808/808 804/804/804 
f 782/782/782 736/736/736 808/808/808 
f 736/736/736 809/809/809 808/808/808 
f 736/736/736 734/734/734 809/809/809 
f 734/734/734 810/810/810 809/809/809 
f 808/808/808 811/811/811 804/804/804 
f 811/811/811 806/806/806 804/804/804 
f 808/808/808 809/809/809 811/811/811 
f 809/809/809 812/812/812 811/811/811 
f 809/809/809 810/810/810 812/812/812 
f 765/765/765 813/813/813 766/766/766 
f 765/765/765 774/774/774 813/813/813 
f 774/774/774 814/814/814 813/813/813 
f 773/773/773 814/814/814 774/774/774 
f 814/814/814 773/773/773 789/789/789 
f 815/815/815 814/814/814 789/789/789 
f 788/788/788 815/815/815 789/789/789 
f 815/815/815 816/816/816 814/814/814 
f 816/816/816 813/813/813 814/814/814 
f 813/813/813 816/816/816 817/817/817 
f 813/813/813 817/817/817 818/818/818 
f 816/816/816 819/819/819 817/817/817 
f 816/816/816 820/820/820 819/819/819 
f 821/821/821 815/815/815 820/820/820 
f 763/763/763 766/766/766 819/819/819 
f 822/822/822 763/763/763 819/819/819 
f 822/822/822 761/761/761 763/763/763 
f 824/824/824 788/788/788 823/823/823 
f 788/788/788 777/777/777 823/823/823 
f 777/777/777 826/826/826 825/825/825 
f 825/825/825 798/798/798 819/819/819 
f 757/757/757 827/827/827 728/728/728 
f 827/827/827 725/725/725 728/728/728 
f 830/830/830 829/829/829 828/828/828 
f 829/829/829 831/831/831 828/828/828 
f 834/834/834 833/833/833 832/832/832 
f 833/833/833 835/835/835 832/832/832 
f 836/836/836 833/833/833 834/834/834 
f 837/837/837 836/836/836 834/834/834 
f 840/840/840 839/839/839 838/838/838 
f 839/839/839 841/841/841 838/838/838 
f 844/844/844 843/843/843 842/842/842 
f 843/843/843 845/845/845 842/842/842 
f 846/846/846 843/843/843 844/844/844 
f 847/847/847 846/846/846 844/844/844 
f 850/850/850 849/849/849 848/848/848 
f 849/849/849 851/851/851 848/848/848 
f 849/849/849 852/852/852 851/851/851 
f 852/852/852 853/853/853 851/851/851 
f 852/852/852 854/854/854 853/853/853 
f 854/854/854 855/855/855 853/853/853 
f 854/854/854 856/856/856 855/855/855 
f 856/856/856 857/857/857 855/855/855 
f 856/856/856 858/858/858 857/857/857 
f 858/858/858 859/859/859 857/857/857 
f 858/858/858 860/860/860 859/859/859 
f 860/860/860 861/861/861 859/859/859 
f 860/860/860 862/862/862 861/861/861 
f 862/862/862 863/863/863 861/861/861 
f 862/862/862 864/864/864 863/863/863 
f 864/864/864 865/865/865 863/863/863 
f 851/851/851 853/853/853 866/866/866 
f 851/851/851 866/866/866 848/848/848 
f 866/866/866 867/867/867 848/848/848 
f 855/855/855 857/857/857 868/868/868 
f 855/855/855 868/868/868 869/869/869 
f 853/853/853 869/869/869 866/866/866 
f 853/853/853 855/855/855 869/869/869 
f 859/859/859 861/861/861 870/870/870 
f 859/859/859 870/870/870 871/871/871 
f 857/857/857 871/871/871 868/868/868 
f 857/857/857 859/859/859 871/871/871 
f 863/863/863 865/865/865 872/872/872 
f 863/863/863 872/872/872 873/873/873 
f 861/861/861 873/873/873 870/870/870 
f 861/861/861 863/863/863 873/873/873 
f 871/871/871 870/870/870 874/874/874 
f 871/871/871 874/874/874 875/875/875 
f 870/870/870 876/876/876 874/874/874 
f 870/870/870 873/873/873 876/876/876 
f 873/873/873 877/877/877 876/876/876 
f 873/873/873 872/872/872 877/877/877 
f 872/872/872 878/878/878 877/877/877 
f 872/872/872 879/879/879 878/878/878 
f 865/865/865 879/879/879 872/872/872 
f 879/879/879 880/880/880 878/878/878 
f 874/874/874 876/876/876 881/881/881 
f 874/874/874 881/881/881 882/882/882 
f 883/883/883 874/874/874 882/882/882 
f 874/874/874 883/883/883 884/884/884 
f 883/883/883 882/882/882 885/885/885 
f 882/882/882 886/886/886 885/885/885 
f 876/876/876 887/887/887 881/881/881 
f 876/876/876 877/877/877 887/887/887 
f 877/877/877 888/888/888 887/887/887 
f 877/877/877 878/878/878 888/888/888 
f 878/878/878 889/889/889 888/888/888 
f 878/878/878 880/880/880 889/889/889 
f 880/880/880 890/890/890 889/889/889 
f 879/879/879 891/891/891 880/880/880 
f 879/879/879 865/865/865 891/891/891 
f 880/880/880 891/891/891 890/890/890 
f 865/865/865 892/892/892 891/891/891 
f 865/865/865 864/864/864 892/892/892 
f 864/864/864 893/893/893 892/892/892 
f 864/864/864 894/894/894 893/893/893 
f 895/895/895 894/894/894 864/864/864 
f 862/862/862 895/895/895 864/864/864 
f 896/896/896 895/895/895 862/862/862 
f 860/860/860 896/896/896 862/862/862 
f 897/897/897 896/896/896 860/860/860 
f 858/858/858 897/897/897 860/860/860 
f 898/898/898 897/897/897 858/858/858 
f 856/856/856 898/898/898 858/858/858 
f 899/899/899 898/898/898 856/856/856 
f 894/894/894 900/900/900 893/893/893 
f 891/891/891 901/901/901 890/890/890 
f 891/891/891 892/892/892 901/901/901 
f 892/892/892 902/902/902 901/901/901 
f 902/902/902 892/892/892 893/893/893 
f 902/902/902 903/903/903 901/901/901 
f 903/903/903 904/904/904 901/901/901 
f 901/901/901 904/904/904 890/890/890 
f 904/904/904 905/905/905 890/890/890 
f 903/903/903 906/906/906 904/904/904 
f 906/906/906 907/907/907 904/904/904 
f 907/907/907 905/905/905 904/904/904 
f 906/906/906 908/908/908 907/907/907 
f 908/908/908 909/909/909 907/907/907 
f 907/907/907 910/910/910 905/905/905 
f 909/909/909 911/911/911 907/907/907 
f 911/911/911 910/910/910 907/907/907 
f 910/910/910 912/912/912 905/905/905 
f 910/910/910 911/911/911 912/912/912 
f 912/912/912 913/913/913 905/905/905 
f 911/911/911 914/914/914 912/912/912 
f 911/911/911 915/915/915 914/914/914 
f 911/911/911 909/909/909 915/915/915 
f 909/909/909 908/908/908 915/915/915 
f 915/915/915 916/916/916 914/914/914 
f 906/906/906 917/917/917 908/908/908 
f 917/917/917 918/918/918 908/908/908 
f 908/908/908 918/918/918 915/915/915 
f 918/918/918 919/919/919 915/915/915 
f 915/915/915 919/919/919 916/916/916 
f 920/920/920 917/917/917 906/906/906 
f 903/903/903 920/920/920 906/906/906 
f 903/903/903 921/921/921 920/920/920 
f 922/922/922 921/921/921 903/903/903 
f 902/902/902 922/922/922 903/903/903 
f 921/921/921 923/923/923 920/920/920 
f 922/922/922 902/902/902 924/924/924 
f 924/924/924 902/902/902 893/893/893 
f 925/925/925 924/924/924 893/893/893 
f 925/925/925 922/922/922 924/924/924 
f 900/900/900 925/925/925 893/893/893 
f 900/900/900 926/926/926 925/925/925 
f 926/926/926 927/927/927 925/925/925 
f 922/922/922 925/925/925 927/927/927 
f 926/926/926 928/928/928 927/927/927 
f 928/928/928 929/929/929 927/927/927 
f 928/928/928 930/930/930 929/929/929 
f 930/930/930 931/931/931 929/929/929 
f 930/930/930 932/932/932 931/931/931 
f 932/932/932 933/933/933 931/931/931 
f 933/933/933 934/934/934 931/931/931 
f 934/934/934 935/935/935 931/931/931 
f 935/935/935 929/929/929 931/931/931 
f 935/935/935 936/936/936 929/929/929 
f 936/936/936 927/927/927 929/929/929 
f 936/936/936 922/922/922 927/927/927 
f 850/850/850 937/937/937 849/849/849 
f 937/937/937 938/938/938 849/849/849 
f 849/849/849 938/938/938 852/852/852 
f 938/938/938 939/939/939 852/852/852 
f 852/852/852 939/939/939 854/854/854 
f 942/942/942 941/941/941 940/940/940 
f 940/940/940 941/941/941 943/943/943 
f 874/874/874 945/945/945 944/944/944 
f 945/945/945 946/946/946 875/875/875 
f 948/948/948 885/885/885 947/947/947 
f 947/947/947 950/950/950 949/949/949 
f 949/949/949 950/950/950 951/951/951 
f 950/950/950 952/952/952 951/951/951 
f 952/952/952 953/953/953 951/951/951 
f 953/953/953 954/954/954 951/951/951 
f 951/951/951 954/954/954 955/955/955 
f 949/949/949 955/955/955 866/866/866 
f 869/869/869 949/949/949 866/866/866 
f 956/956/956 951/951/951 955/955/955 
f 954/954/954 957/957/957 955/955/955 
f 957/957/957 867/867/867 955/955/955 
f 867/867/867 866/866/866 955/955/955 
f 960/960/960 959/959/959 958/958/958 
f 913/913/913 961/961/961 905/905/905 
f 961/961/961 962/962/962 905/905/905 
f 962/962/962 889/889/889 905/905/905 
f 889/889/889 890/890/890 905/905/905 
f 962/962/962 888/888/888 889/889/889 
f 962/962/962 887/887/887 888/888/888 
f 887/887/887 962/962/962 886/886/886 
f 963/963/963 887/887/887 886/886/886 
f 963/963/963 886/886/886 882/882/882 
f 964/964/964 963/963/963 882/882/882 
f 881/881/881 964/964/964 882/882/882 
f 887/887/887 964/964/964 881/881/881 
f 967/967/967 966/966/966 965/965/965 
f 966/966/966 968/968/968 965/965/965 
f 971/971/971 970/970/970 969/969/969 
f 974/974/974 973/973/973 972/972/972 
f 973/973/973 975/975/975 972/972/972 
f 978/978/978 977/977/977 976/976/976 
f 977/977/977 979/979/979 976/976/976 
f 982/982/982 981/981/981 980/980/980 
f 981/981/981 983/983/983 980/980/980 
f 986/986/986 985/985/985 984/984/984 
f 985/985/985 987/987/987 984/984/984 
f 990/990/990 989/989/989 988/988/988 
f 989/989/989 991/991/991 988/988/988 
f 994/994/994 993/993/993 992/992/992 
f 993/993/993 995/995/995 992/992/992 
f 998/998/998 997/997/997 996/996/996 
f 997/997/997 999/999/999 996/996/996 
f 1002/1002/1002 1001/1001/1001 1000/1000/1000 
f 1001/1001/1001 1003/1003/1003 1000/1000/1000 
f 1006/1006/1006 1005/1005/1005 1004/1004/1004 
f 1007/1007/1007 1005/1005/1005 1006/1006/1006 
f 1008/1008/1008 1007/1007/1007 1006/1006/1006 
f 1011/1011/1011 1010/1010/1010 1009/1009/1009 
f 1014/1014/1014 1013/1013/1013 1012/1012/1012 
f 1017/1017/1017 1016/1016/1016 1015/1015/1015 
f 1016/1016/1016 1018/1018/1018 1015/1015/1015 
f 1021/1021/1021 1020/1020/1020 1019/1019/1019 
f 1020/1020/1020 1022/1022/1022 1019/1019/1019 
f 1025/1025/1025 1024/1024/1024 1023/1023/1023 
f 1024/1024/1024 1026/1026/1026 1023/1023/1023 
f 1024/1024/1024 1027/1027/1027 1026/1026/1026 
f 1027/1027/1027 1028/1028/1028 1026/1026/1026 
f 1027/1027/1027 1029/1029/1029 1028/1028/1028 
f 1029/1029/1029 1030/1030/1030 1028/1028/1028 
f 1031/1031/1031 1030/1030/1030 1029/1029/1029 
f 1032/1032/1032 1030/1030/1030 1031/1031/1031 
f 1033/1033/1033 1032/1032/1032 1031/1031/1031 
f 1033/1033/1033 1034/1034/1034 1032/1032/1032 
f 1034/1034/1034 1035/1035/1035 1032/1032/1032 
f 1038/1038/1038 1037/1037/1037 1036/1036/1036 
f 1037/1037/1037 1039/1039/1039 1036/1036/1036 
f 1042/1042/1042 1041/1041/1041 1040/1040/1040 
f 1041/1041/1041 1043/1043/1043 1040/1040/1040 
f 1041/1041/1041 1044/1044/1044 1043/1043/1043 
f 1044/1044/1044 1045/1045/1045 1043/1043/1043 
f 1048/1048/1048 1047/1047/1047 1046/1046/1046 
f 1047/1047/1047 1049/1049/1049 1046/1046/1046 
f 1052/1052/1052 1051/1051/1051 1050/1050/1050 
f 1055/1055/1055 1054/1054/1054 1053/1053/1053 
f 1054/1054/1054 1056/1056/1056 1053/1053/1053 
f 1059/1059/1059 1058/1058/1058 1057/1057/1057 
f 1058/1058/1058 1060/1060/1060 1057/1057/1057 
f 1063/1063/1063 1062/1062/1062 1061/1061/1061 
f 1062/1062/1062 1064/1064/1064 1061/1061/1061 
f 1067/1067/1067 1066/1066/1066 1065/1065/1065 
f 1066/1066/1066 1068/1068/1068 1065/1065/1065 
f 1071/1071/1071 1070/1070/1070 1069/1069/1069 
f 1070/1070/1070 1072/1072/1072 1069/1069/1069 
f 1075/1075/1075 1074/1074/1074 1073/1073/1073 
f 1074/1074/1074 1076/1076/1076 1073/1073/1073 
f 1079/1079/1079 1078/1078/1078 1077/1077/1077 
f 1082/1082/1082 1081/1081/1081 1080/1080/1080 
f 1081/1081/1081 1083/1083/1083 1080/1080/1080 
f 1086/1086/1086 1085/1085/1085 1084/1084/1084 
f 1085/1085/1085 1087/1087/1087 1084/1084/1084 
f 1090/1090/1090 1089/1089/1089 1088/1088/1088 
f 1089/1089/1089 1091/1091/1091 1088/1088/1088 
f 1094/1094/1094 1093/1093/1093 1092/1092/1092 
f 1093/1093/1093 1095/1095/1095 1092/1092/1092 
f 1098/1098/1098 1097/1097/1097 1096/1096/1096 
f 1097/1097/1097 1099/1099/1099 1096/1096/1096 
f 1100/1100/1100 1099/1099/1099 1097/1097/1097 
f 1101/1101/1101 1099/1099/1099 1100/1100/1100 
f 1102/1102/1102 1101/1101/1101 1100/1100/1100 
f 1103/1103/1103 1101/1101/1101 1102/1102/1102 
f 1104/1104/1104 1103/1103/1103 1102/1102/1102 
f 1107/1107/1107 1106/1106/1106 1105/1105/1105 
f 1106/1106/1106 1108/1108/1108 1105/1105/1105 
f 1111/1111/1111 1110/1110/1110 1109/1109/1109 
f 1114/1114/1114 1113/1113/1113 1112/1112/1112 
f 1113/1113/1113 1115/1115/1115 1112/1112/1112 
f 1118/1118/1118 1117/1117/1117 1116/1116/1116 
f 1117/1117/1117 1119/1119/1119 1116/1116/1116 
f 1122/1122/1122 1121/1121/1121 1120/1120/1120 
f 1121/1121/1121 1123/1123/1123 1120/1120/1120 
f 1126/1126/1126 1125/1125/1125 1124/1124/1124 
f 1125/1125/1125 1127/1127/1127 1124/1124/1124 
f 1127/1127/1127 1128/1128/1128 1124/1124/1124 
f 1129/1129/1129 1124/1124/1124 1128/1128/1128 
f 1125/1125/1125 1126/1126/1126 1130/1130/1130 
f 1126/1126/1126 1131/1131/1131 1130/1130/1130 
f 1134/1134/1134 1133/1133/1133 1132/1132/1132 
f 1133/1133/1133 1135/1135/1135 1132/1132/1132 
f 1138/1138/1138 1137/1137/1137 1136/1136/1136 
f 1137/1137/1137 1139/1139/1139 1136/1136/1136 
f 1142/1142/1142 1141/1141/1141 1140/1140/1140 
f 1141/1141/1141 1143/1143/1143 1140/1140/1140 
f 1146/1146/1146 1145/1145/1145 1144/1144/1144 
f 1145/1145/1145 1147/1147/1147 1144/1144/1144 
f 1150/1150/1150 1149/1149/1149 1148/1148/1148 
f 1149/1149/1149 1151/1151/1151 1148/1148/1148 
f 1154/1154/1154 1153/1153/1153 1152/1152/1152 
f 1153/1153/1153 1155/1155/1155 1152/1152/1152 
f 1158/1158/1158 1157/1157/1157 1156/1156/1156 
f 1157/1157/1157 1159/1159/1159 1156/1156/1156 
f 1162/1162/1162 1161/1161/1161 1160/1160/1160 
f 1161/1161/1161 1163/1163/1163 1160/1160/1160 
f 1166/1166/1166 1165/1165/1165 1164/1164/1164 
f 1165/1165/1165 1167/1167/1167 1164/1164/1164 
f 1164/1164/1164 1167/1167/1167 1168/1168/1168 
f 1168/1168/1168 1167/1167/1167 1169/1169/1169 
f 1167/1167/1167 1170/1170/1170 1169/1169/1169 
f 1171/1171/1171 1169/1169/1169 1170/1170/1170 
f 1173/1173/1173 1172/1172/1172 1171/1171/1171 
f 1174/1174/1174 1172/1172/1172 1173/1173/1173 
f 1175/1175/1175 1172/1172/1172 1174/1174/1174 
f 1175/1175/1175 1176/1176/1176 1172/1172/1172 
f 1176/1176/1176 1177/1177/1177 1172/1172/1172 
f 1180/1180/1180 1179/1179/1179 1178/1178/1178 
f 1179/1179/1179 1181/1181/1181 1178/1178/1178 
f 1184/1184/1184 1183/1183/1183 1182/1182/1182 
f 1183/1183/1183 1185/1185/1185 1182/1182/1182 
f 1188/1188/1188 1187/1187/1187 1186/1186/1186 
f 1187/1187/1187 1189/1189/1189 1186/1186/1186 
f 1189/1189/1189 1190/1190/1190 1186/1186/1186 
f 1193/1193/1193 1192/1192/1192 1191/1191/1191 
f 1192/1192/1192 1194/1194/1194 1191/1191/1191 
f 1197/1197/1197 1196/1196/1196 1195/1195/1195 
f 1196/1196/1196 1198/1198/1198 1195/1195/1195 
f 1201/1201/1201 1200/1200/1200 1199/1199/1199 
f 1200/1200/1200 1202/1202/1202 1199/1199/1199 
f 1205/1205/1205 1204/1204/1204 1203/1203/1203 
f 1204/1204/1204 1206/1206/1206 1203/1203/1203 
f 1209/1209/1209 1208/1208/1208 1207/1207/1207 
f 1208/1208/1208 1210/1210/1210 1207/1207/1207 
f 1213/1213/1213 1212/1212/1212 1211/1211/1211 
f 1212/1212/1212 1214/1214/1214 1211/1211/1211 
f 1217/1217/1217 1216/1216/1216 1215/1215/1215 
f 1216/1216/1216 1218/1218/1218 1215/1215/1215 
f 1219/1219/1219 1216/1216/1216 1217/1217/1217 
f 1220/1220/1220 1219/1219/1219 1217/1217/1217 
f 1221/1221/1221 1219/1219/1219 1220/1220/1220 
f 1222/1222/1222 1221/1221/1221 1220/1220/1220 
f 1223/1223/1223 1221/1221/1221 1222/1222/1222 
f 1224/1224/1224 1223/1223/1223 1222/1222/1222 
f 1225/1225/1225 1223/1223/1223 1224/1224/1224 
f 1226/1226/1226 1225/1225/1225 1224/1224/1224 
f 1227/1227/1227 1225/1225/1225 1226/1226/1226 
f 1228/1228/1228 1227/1227/1227 1226/1226/1226 
f 1229/1229/1229 1227/1227/1227 1228/1228/1228 
f 1230/1230/1230 1229/1229/1229 1228/1228/1228 
f 1231/1231/1231 1229/1229/1229 1230/1230/1230 
f 1232/1232/1232 1231/1231/1231 1230/1230/1230 
f 1233/1233/1233 1231/1231/1231 1232/1232/1232 
f 1234/1234/1234 1233/1233/1233 1232/1232/1232 
f 1235/1235/1235 1233/1233/1233 1234/1234/1234 
f 1236/1236/1236 1235/1235/1235 1234/1234/1234 
f 1237/1237/1237 1235/1235/1235 1236/1236/1236 
f 1238/1238/1238 1237/1237/1237 1236/1236/1236 
f 1239/1239/1239 1237/1237/1237 1238/1238/1238 
f 1240/1240/1240 1239/1239/1239 1238/1238/1238 
f 1241/1241/1241 1239/1239/1239 1240/1240/1240 
f 1242/1242/1242 1241/1241/1241 1240/1240/1240 
f 1243/1243/1243 1241/1241/1241 1242/1242/1242 
f 1244/1244/1244 1243/1243/1243 1242/1242/1242 
f 1245/1245/1245 1243/1243/1243 1244/1244/1244 
f 1246/1246/1246 1245/1245/1245 1244/1244/1244 
f 1247/1247/1247 1245/1245/1245 1246/1246/1246 
f 1248/1248/1248 1247/1247/1247 1246/1246/1246 
f 1249/1249/1249 1247/1247/1247 1248/1248/1248 
f 1250/1250/1250 1249/1249/1249 1248/1248/1248 
f 1251/1251/1251 1249/1249/1249 1250/1250/1250 
f 1252/1252/1252 1251/1251/1251 1250/1250/1250 
f 1253/1253/1253 1251/1251/1251 1252/1252/1252 
f 1254/1254/1254 1253/1253/1253 1252/1252/1252 
f 1218/1218/1218 1253/1253/1253 1254/1254/1254 
f 1215/1215/1215 1218/1218/1218 1254/1254/1254 
f 1218/1218/1218 1255/1255/1255 1253/1253/1253 
f 1256/1256/1256 1255/1255/1255 1218/1218/1218 
f 1216/1216/1216 1256/1256/1256 1218/1218/1218 
f 1257/1257/1257 1256/1256/1256 1216/1216/1216 
f 1219/1219/1219 1257/1257/1257 1216/1216/1216 
f 1258/1258/1258 1257/1257/1257 1219/1219/1219 
f 1221/1221/1221 1258/1258/1258 1219/1219/1219 
f 1259/1259/1259 1258/1258/1258 1221/1221/1221 
f 1223/1223/1223 1259/1259/1259 1221/1221/1221 
f 1255/1255/1255 1260/1260/1260 1253/1253/1253 
f 1253/1253/1253 1260/1260/1260 1251/1251/1251 
f 1260/1260/1260 1261/1261/1261 1251/1251/1251 
f 1262/1262/1262 1259/1259/1259 1223/1223/1223 
f 1225/1225/1225 1262/1262/1262 1223/1223/1223 
f 1263/1263/1263 1262/1262/1262 1225/1225/1225 
f 1227/1227/1227 1263/1263/1263 1225/1225/1225 
f 1264/1264/1264 1263/1263/1263 1227/1227/1227 
f 1229/1229/1229 1264/1264/1264 1227/1227/1227 
f 1265/1265/1265 1264/1264/1264 1229/1229/1229 
f 1231/1231/1231 1265/1265/1265 1229/1229/1229 
f 1266/1266/1266 1265/1265/1265 1231/1231/1231 
f 1233/1233/1233 1266/1266/1266 1231/1231/1231 
f 1267/1267/1267 1266/1266/1266 1233/1233/1233 
f 1235/1235/1235 1267/1267/1267 1233/1233/1233 
f 1268/1268/1268 1267/1267/1267 1235/1235/1235 
f 1237/1237/1237 1268/1268/1268 1235/1235/1235 
f 1269/1269/1269 1268/1268/1268 1237/1237/1237 
f 1239/1239/1239 1269/1269/1269 1237/1237/1237 
f 1270/1270/1270 1269/1269/1269 1239/1239/1239 
f 1241/1241/1241 1270/1270/1270 1239/1239/1239 
f 1271/1271/1271 1270/1270/1270 1241/1241/1241 
f 1243/1243/1243 1271/1271/1271 1241/1241/1241 
f 1272/1272/1272 1271/1271/1271 1243/1243/1243 
f 1245/1245/1245 1272/1272/1272 1243/1243/1243 
f 1273/1273/1273 1272/1272/1272 1245/1245/1245 
f 1247/1247/1247 1273/1273/1273 1245/1245/1245 
f 1274/1274/1274 1273/1273/1273 1247/1247/1247 
f 1249/1249/1249 1274/1274/1274 1247/1247/1247 
f 1261/1261/1261 1274/1274/1274 1249/1249/1249 
f 1251/1251/1251 1261/1261/1261 1249/1249/1249 
f 1277/1277/1277 1276/1276/1276 1275/1275/1275 
f 1278/1278/1278 1276/1276/1276 1277/1277/1277 
f 1279/1279/1279 1276/1276/1276 1278/1278/1278 
f 1280/1280/1280 1276/1276/1276 1279/1279/1279 
f 1281/1281/1281 1276/1276/1276 1280/1280/1280 
f 1282/1282/1282 1276/1276/1276 1281/1281/1281 
f 1283/1283/1283 1276/1276/1276 1282/1282/1282 
f 1284/1284/1284 1276/1276/1276 1283/1283/1283 
f 1285/1285/1285 1276/1276/1276 1284/1284/1284 
f 1286/1286/1286 1276/1276/1276 1285/1285/1285 
f 1287/1287/1287 1276/1276/1276 1286/1286/1286 
f 1288/1288/1288 1276/1276/1276 1287/1287/1287 
f 1289/1289/1289 1276/1276/1276 1288/1288/1288 
f 1290/1290/1290 1276/1276/1276 1289/1289/1289 
f 1291/1291/1291 1276/1276/1276 1290/1290/1290 
f 1292/1292/1292 1276/1276/1276 1291/1291/1291 
f 1293/1293/1293 1276/1276/1276 1292/1292/1292 
f 1294/1294/1294 1276/1276/1276 1293/1293/1293 
f 1295/1295/1295 1276/1276/1276 1294/1294/1294 
f 1275/1275/1275 1276/1276/1276 1295/1295/1295 
f 1298/1298/1298 1297/1297/1297 1296/1296/1296 
f 1297/1297/1297 1299/1299/1299 1296/1296/1296 
f 1300/1300/1300 1297/1297/1297 1298/1298/1298 
f 1301/1301/1301 1300/1300/1300 1298/1298/1298 
f 1302/1302/1302 1300/1300/1300 1301/1301/1301 
f 1303/1303/1303 1302/1302/1302 1301/1301/1301 
f 1304/1304/1304 1302/1302/1302 1303/1303/1303 
f 1305/1305/1305 1304/1304/1304 1303/1303/1303 
f 1306/1306/1306 1304/1304/1304 1305/1305/1305 
f 1307/1307/1307 1306/1306/1306 1305/1305/1305 
f 1308/1308/1308 1306/1306/1306 1307/1307/1307 
f 1309/1309/1309 1308/1308/1308 1307/1307/1307 
f 1310/1310/1310 1308/1308/1308 1309/1309/1309 
f 1311/1311/1311 1310/1310/1310 1309/1309/1309 
f 1312/1312/1312 1310/1310/1310 1311/1311/1311 
f 1313/1313/1313 1312/1312/1312 1311/1311/1311 
f 1314/1314/1314 1312/1312/1312 1313/1313/1313 
f 1315/1315/1315 1314/1314/1314 1313/1313/1313 
f 1316/1316/1316 1314/1314/1314 1315/1315/1315 
f 1317/1317/1317 1316/1316/1316 1315/1315/1315 
f 1318/1318/1318 1316/1316/1316 1317/1317/1317 
f 1319/1319/1319 1318/1318/1318 1317/1317/1317 
f 1320/1320/1320 1318/1318/1318 1319/1319/1319 
f 1321/1321/1321 1320/1320/1320 1319/1319/1319 
f 1322/1322/1322 1320/1320/1320 1321/1321/1321 
f 1323/1323/1323 1322/1322/1322 1321/1321/1321 
f 1324/1324/1324 1322/1322/1322 1323/1323/1323 
f 1325/1325/1325 1324/1324/1324 1323/1323/1323 
f 1326/1326/1326 1324/1324/1324 1325/1325/1325 
f 1327/1327/1327 1326/1326/1326 1325/1325/1325 
f 1328/1328/1328 1326/1326/1326 1327/1327/1327 
f 1329/1329/1329 1328/1328/1328 1327/1327/1327 
f 1330/1330/1330 1328/1328/1328 1329/1329/1329 
f 1331/1331/1331 1330/1330/1330 1329/1329/1329 
f 1332/1332/1332 1330/1330/1330 1331/1331/1331 
f 1333/1333/1333 1332/1332/1332 1331/1331/1331 
f 1334/1334/1334 1332/1332/1332 1333/1333/1333 
f 1335/1335/1335 1334/1334/1334 1333/1333/1333 
f 1299/1299/1299 1334/1334/1334 1335/1335/1335 
f 1296/1296/1296 1299/1299/1299 1335/1335/1335 
f 1338/1338/1338 1337/1337/1337 1336/1336/1336 
f 1337/1337/1337 1339/1339/1339 1336/1336/1336 
f 1342/1342/1342 1341/1341/1341 1340/1340/1340 
f 1341/1341/1341 1343/1343/1343 1340/1340/1340 
f 1346/1346/1346 1345/1345/1345 1344/1344/1344 
f 1345/1345/1345 1347/1347/1347 1344/1344/1344 
f 1350/1350/1350 1349/1349/1349 1348/1348/1348 
f 1349/1349/1349 1351/1351/1351 1348/1348/1348 
f 1354/1354/1354 1353/1353/1353 1352/1352/1352 
f 1353/1353/1353 1355/1355/1355 1352/1352/1352 
f 1358/1358/1358 1357/1357/1357 1356/1356/1356 
f 1357/1357/1357 1359/1359/1359 1356/1356/1356 
f 1362/1362/1362 1361/1361/1361 1360/1360/1360 
f 1361/1361/1361 1363/1363/1363 1360/1360/1360 
f 1366/1366/1366 1365/1365/1365 1364/1364/1364 
f 1365/1365/1365 1367/1367/1367 1364/1364/1364 
f 1370/1370/1370 1369/1369/1369 1368/1368/1368 
f 1373/1373/1373 1372/1372/1372 1371/1371/1371 
f 1376/1376/1376 1375/1375/1375 1374/1374/1374 
f 1379/1379/1379 1378/1378/1378 1377/1377/1377 
f 1382/1382/1382 1381/1381/1381 1380/1380/1380 
f 1381/1381/1381 1383/1383/1383 1380/1380/1380 
f 1386/1386/1386 1385/1385/1385 1384/1384/1384 
f 1385/1385/1385 1387/1387/1387 1384/1384/1384 
f 1390/1390/1390 1389/1389/1389 1388/1388/1388 
f 1389/1389/1389 1391/1391/1391 1388/1388/1388 
f 1394/1394/1394 1393/1393/1393 1392/1392/1392 
f 1393/1393/1393 1395/1395/1395 1392/1392/1392 
f 1398/1398/1398 1397/1397/1397 1396/1396/1396 
f 1397/1397/1397 1399/1399/1399 1396/1396/1396 
f 1402/1402/1402 1401/1401/1401 1400/1400/1400 
f 1401/1401/1401 1403/1403/1403 1400/1400/1400 
f 1406/1406/1406 1405/1405/1405 1404/1404/1404 
f 1405/1405/1405 1407/1407/1407 1404/1404/1404 
f 1410/1410/1410 1409/1409/1409 1408/1408/1408 
f 1409/1409/1409 1411/1411/1411 1408/1408/1408 
f 1414/1414/1414 1413/1413/1413 1412/1412/1412 
f 1417/1417/1417 1416/1416/1416 1415/1415/1415 
f 1420/1420/1420 1419/1419/1419 1418/1418/1418 
f 1423/1423/1423 1422/1422/1422 1421/1421/1421 
f 1426/1426/1426 1425/1425/1425 1424/1424/1424 
f 1425/1425/1425 1427/1427/1427 1424/1424/1424 
f 1428/1428/1428 1425/1425/1425 1426/1426/1426 
f 1429/1429/1429 1428/1428/1428 1426/1426/1426 
f 1430/1430/1430 1428/1428/1428 1429/1429/1429 
f 1431/1431/1431 1430/1430/1430 1429/1429/1429 
f 1432/1432/1432 1430/1430/1430 1431/1431/1431 
f 1433/1433/1433 1432/1432/1432 1431/1431/1431 
f 1434/1434/1434 1432/1432/1432 1433/1433/1433 
f 1435/1435/1435 1434/1434/1434 1433/1433/1433 
f 1436/1436/1436 1434/1434/1434 1435/1435/1435 
f 1437/1437/1437 1436/1436/1436 1435/1435/1435 
f 1438/1438/1438 1436/1436/1436 1437/1437/1437 
f 1439/1439/1439 1438/1438/1438 1437/1437/1437 
f 1440/1440/1440 1438/1438/1438 1439/1439/1439 
f 1441/1441/1441 1440/1440/1440 1439/1439/1439 
f 1442/1442/1442 1440/1440/1440 1441/1441/1441 
f 1443/1443/1443 1442/1442/1442 1441/1441/1441 
f 1444/1444/1444 1442/1442/1442 1443/1443/1443 
f 1445/1445/1445 1444/1444/1444 1443/1443/1443 
f 1446/1446/1446 1444/1444/1444 1445/1445/1445 
f 1447/1447/1447 1446/1446/1446 1445/1445/1445 
f 1448/1448/1448 1446/1446/1446 1447/1447/1447 
f 1449/1449/1449 1448/1448/1448 1447/1447/1447 
f 1437/1437/1437 1435/1435/1435 1450/1450/1450 
f 1450/1450/1450 1435/1435/1435 1433/1433/1433 
f 1451/1451/1451 1450/1450/1450 1433/1433/1433 
f 1451/1451/1451 1433/1433/1433 1431/1431/1431 
f 1452/1452/1452 1451/1451/1451 1431/1431/1431 
f 1442/1442/1442 1453/1453/1453 1440/1440/1440 
f 1444/1444/1444 1454/1454/1454 1442/1442/1442 
f 1454/1454/1454 1453/1453/1453 1442/1442/1442 
f 1446/1446/1446 1455/1455/1455 1444/1444/1444 
f 1456/1456/1456 1454/1454/1454 1444/1444/1444 
f 1448/1448/1448 1457/1457/1457 1446/1446/1446 
f 1449/1449/1449 1458/1458/1458 1448/1448/1448 
f 1458/1458/1458 1459/1459/1459 1448/1448/1448 
f 1460/1460/1460 1458/1458/1458 1449/1449/1449 
f 1461/1461/1461 1460/1460/1460 1449/1449/1449 
f 1462/1462/1462 1461/1461/1461 1449/1449/1449 
f 1463/1463/1463 1451/1451/1451 1452/1452/1452 
f 1464/1464/1464 1463/1463/1463 1452/1452/1452 
f 1464/1464/1464 1452/1452/1452 1465/1465/1465 
f 1466/1466/1466 1464/1464/1464 1465/1465/1465 
f 1466/1466/1466 1465/1465/1465 1467/1467/1467 
f 1467/1467/1467 1465/1465/1465 1426/1426/1426 
f 1468/1468/1468 1467/1467/1467 1426/1426/1426 
f 1468/1468/1468 1426/1426/1426 1424/1424/1424 
f 1469/1469/1469 1468/1468/1468 1424/1424/1424 
f 1424/1424/1424 1470/1470/1470 1469/1469/1469 
f 1469/1469/1469 1470/1470/1470 1427/1427/1427 
f 1427/1427/1427 1470/1470/1470 1424/1424/1424 
f 1471/1471/1471 1469/1469/1469 1427/1427/1427 
f 1465/1465/1465 1429/1429/1429 1426/1426/1426 
f 1465/1465/1465 1472/1472/1472 1429/1429/1429 
f 1472/1472/1472 1431/1431/1431 1429/1429/1429 
f 1473/1473/1473 1471/1471/1471 1427/1427/1427 
f 1425/1425/1425 1473/1473/1473 1427/1427/1427 
f 1474/1474/1474 1473/1473/1473 1425/1425/1425 
f 1428/1428/1428 1474/1474/1474 1425/1425/1425 
f 1475/1475/1475 1474/1474/1474 1428/1428/1428 
f 1430/1430/1430 1475/1475/1475 1428/1428/1428 
f 1476/1476/1476 1475/1475/1475 1430/1430/1430 
f 1432/1432/1432 1476/1476/1476 1430/1430/1430 
f 1477/1477/1477 1476/1476/1476 1432/1432/1432 
f 1434/1434/1434 1477/1477/1477 1432/1432/1432 
f 1478/1478/1478 1477/1477/1477 1434/1434/1434 
f 1436/1436/1436 1478/1478/1478 1434/1434/1434 
f 1479/1479/1479 1478/1478/1478 1436/1436/1436 
f 1438/1438/1438 1479/1479/1479 1436/1436/1436 
f 1480/1480/1480 1479/1479/1479 1438/1438/1438 
f 1440/1440/1440 1480/1480/1480 1438/1438/1438 
f 1453/1453/1453 1480/1480/1480 1440/1440/1440 
f 1481/1481/1481 1474/1474/1474 1475/1475/1475 
f 1481/1481/1481 1482/1482/1482 1474/1474/1474 
f 1483/1483/1483 1481/1481/1481 1475/1475/1475 
f 1483/1483/1483 1475/1475/1475 1476/1476/1476 
f 1484/1484/1484 1483/1483/1483 1476/1476/1476 
f 1484/1484/1484 1476/1476/1476 1477/1477/1477 
f 1485/1485/1485 1484/1484/1484 1477/1477/1477 
f 1485/1485/1485 1477/1477/1477 1478/1478/1478 
f 1486/1486/1486 1485/1485/1485 1478/1478/1478 
f 1486/1486/1486 1478/1478/1478 1479/1479/1479 
f 1487/1487/1487 1486/1486/1486 1479/1479/1479 
f 1487/1487/1487 1479/1479/1479 1480/1480/1480 
f 1488/1488/1488 1487/1487/1487 1480/1480/1480 
f 1488/1488/1488 1480/1480/1480 1453/1453/1453 
f 1489/1489/1489 1488/1488/1488 1453/1453/1453 
f 1489/1489/1489 1453/1453/1453 1454/1454/1454 
f 1490/1490/1490 1489/1489/1489 1454/1454/1454 
f 1490/1490/1490 1454/1454/1454 1491/1491/1491 
f 1482/1482/1482 1492/1492/1492 1473/1473/1473 
f 1492/1492/1492 1493/1493/1493 1473/1473/1473 
f 1482/1482/1482 1473/1473/1473 1474/1474/1474 
f 1494/1494/1494 1490/1490/1490 1456/1456/1456 
f 1494/1494/1494 1491/1491/1491 1459/1459/1459 
f 1496/1496/1496 1494/1494/1494 1495/1495/1495 
f 1496/1496/1496 1459/1459/1459 1458/1458/1458 
f 1497/1497/1497 1496/1496/1496 1458/1458/1458 
f 1497/1497/1497 1458/1458/1458 1460/1460/1460 
f 1498/1498/1498 1497/1497/1497 1460/1460/1460 
f 1499/1499/1499 1460/1460/1460 1461/1461/1461 
f 1501/1501/1501 1500/1500/1500 1461/1461/1461 
f 1501/1501/1501 1461/1461/1461 1462/1462/1462 
f 1502/1502/1502 1501/1501/1501 1462/1462/1462 
f 1502/1502/1502 1462/1462/1462 1503/1503/1503 
f 1503/1503/1503 1462/1462/1462 1447/1447/1447 
f 1447/1447/1447 1462/1462/1462 1449/1449/1449 
f 1445/1445/1445 1503/1503/1503 1447/1447/1447 
f 1504/1504/1504 1503/1503/1503 1445/1445/1445 
f 1443/1443/1443 1504/1504/1504 1445/1445/1445 
f 1505/1505/1505 1504/1504/1504 1443/1443/1443 
f 1441/1441/1441 1505/1505/1505 1443/1443/1443 
f 1506/1506/1506 1505/1505/1505 1441/1441/1441 
f 1506/1506/1506 1441/1441/1441 1439/1439/1439 
f 1506/1506/1506 1439/1439/1439 1507/1507/1507 
f 1507/1507/1507 1439/1439/1439 1437/1437/1437 
f 1507/1507/1507 1437/1437/1437 1450/1450/1450 
f 1508/1508/1508 1507/1507/1507 1450/1450/1450 
f 1509/1509/1509 1508/1508/1508 1450/1450/1450 
f 1509/1509/1509 1450/1450/1450 1451/1451/1451 
f 1463/1463/1463 1509/1509/1509 1451/1451/1451 
f 1508/1508/1508 1510/1510/1510 1507/1507/1507 
f 1510/1510/1510 1506/1506/1506 1507/1507/1507 
f 1511/1511/1511 1504/1504/1504 1505/1505/1505 
f 1511/1511/1511 1512/1512/1512 1504/1504/1504 
f 1512/1512/1512 1503/1503/1503 1504/1504/1504 
f 1512/1512/1512 1502/1502/1502 1503/1503/1503 
f 1513/1513/1513 1511/1511/1511 1505/1505/1505 
f 1510/1510/1510 1513/1513/1513 1506/1506/1506 
f 1513/1513/1513 1505/1505/1505 1506/1506/1506 
f 1515/1515/1515 1514/1514/1514 1446/1446/1446 
f 1518/1518/1518 1517/1517/1517 1516/1516/1516 
f 1517/1517/1517 1469/1469/1469 1516/1516/1516 
f 1517/1517/1517 1519/1519/1519 1469/1469/1469 
f 1519/1519/1519 1468/1468/1468 1469/1469/1469 
f 1519/1519/1519 1520/1520/1520 1468/1468/1468 
f 1520/1520/1520 1467/1467/1467 1468/1468/1468 
f 1520/1520/1520 1466/1466/1466 1467/1467/1467 
f 1523/1523/1523 1522/1522/1522 1521/1521/1521 
f 1522/1522/1522 1524/1524/1524 1521/1521/1521 
f 1523/1523/1523 1525/1525/1525 1522/1522/1522 
f 1525/1525/1525 1526/1526/1526 1522/1522/1522 
f 1522/1522/1522 1527/1527/1527 1524/1524/1524 
f 1527/1527/1527 1528/1528/1528 1524/1524/1524 
f 1527/1527/1527 1529/1529/1529 1528/1528/1528 
f 1529/1529/1529 1530/1530/1530 1528/1528/1528 
f 1529/1529/1529 1531/1531/1531 1530/1530/1530 
f 1531/1531/1531 1532/1532/1532 1530/1530/1530 
f 1531/1531/1531 1533/1533/1533 1532/1532/1532 
f 1533/1533/1533 1534/1534/1534 1532/1532/1532 
f 1533/1533/1533 1535/1535/1535 1534/1534/1534 
f 1535/1535/1535 1536/1536/1536 1534/1534/1534 
f 1535/1535/1535 1537/1537/1537 1536/1536/1536 
f 1523/1523/1523 1538/1538/1538 1525/1525/1525 
f 1539/1539/1539 1538/1538/1538 1523/1523/1523 
f 1538/1538/1538 1540/1540/1540 1525/1525/1525 
f 1525/1525/1525 1540/1540/1540 1526/1526/1526 
f 1540/1540/1540 1541/1541/1541 1526/1526/1526 
f 1526/1526/1526 1541/1541/1541 1522/1522/1522 
f 1541/1541/1541 1542/1542/1542 1522/1522/1522 
f 1522/1522/1522 1542/1542/1542 1527/1527/1527 
f 1542/1542/1542 1543/1543/1543 1527/1527/1527 
f 1527/1527/1527 1543/1543/1543 1529/1529/1529 
f 1543/1543/1543 1544/1544/1544 1529/1529/1529 
f 1529/1529/1529 1544/1544/1544 1531/1531/1531 
f 1544/1544/1544 1545/1545/1545 1531/1531/1531 
f 1531/1531/1531 1545/1545/1545 1533/1533/1533 
f 1545/1545/1545 1546/1546/1546 1533/1533/1533 
f 1533/1533/1533 1546/1546/1546 1535/1535/1535 
f 1546/1546/1546 1547/1547/1547 1535/1535/1535 
f 1535/1535/1535 1547/1547/1547 1537/1537/1537 
f 1547/1547/1547 1548/1548/1548 1537/1537/1537 
f 1537/1537/1537 1548/1548/1548 1536/1536/1536 
f 1548/1548/1548 1549/1549/1549 1536/1536/1536 
f 1549/1549/1549 1550/1550/1550 1536/1536/1536 
f 1536/1536/1536 1550/1550/1550 1534/1534/1534 
f 1550/1550/1550 1551/1551/1551 1534/1534/1534 
f 1534/1534/1534 1551/1551/1551 1532/1532/1532 
f 1551/1551/1551 1552/1552/1552 1532/1532/1532 
f 1532/1532/1532 1552/1552/1552 1530/1530/1530 
f 1552/1552/1552 1553/1553/1553 1530/1530/1530 
f 1553/1553/1553 1554/1554/1554 1530/1530/1530 
f 1554/1554/1554 1528/1528/1528 1530/1530/1530 
f 1554/1554/1554 1555/1555/1555 1528/1528/1528 
f 1555/1555/1555 1524/1524/1524 1528/1528/1528 
f 1524/1524/1524 1555/1555/1555 1521/1521/1521 
f 1555/1555/1555 1556/1556/1556 1521/1521/1521 
f 1521/1521/1521 1556/1556/1556 1539/1539/1539 
f 1521/1521/1521 1539/1539/1539 1523/1523/1523 
f 1556/1556/1556 1557/1557/1557 1539/1539/1539 
f 1557/1557/1557 1556/1556/1556 1555/1555/1555 
f 1557/1557/1557 1558/1558/1558 1539/1539/1539 
f 1558/1558/1558 1559/1559/1559 1539/1539/1539 
f 1559/1559/1559 1538/1538/1538 1539/1539/1539 
f 1560/1560/1560 1553/1553/1553 1552/1552/1552 
f 1561/1561/1561 1560/1560/1560 1552/1552/1552 
f 1560/1560/1560 1562/1562/1562 1553/1553/1553 
f 1562/1562/1562 1554/1554/1554 1553/1553/1553 
f 1562/1562/1562 1563/1563/1563 1554/1554/1554 
f 1563/1563/1563 1555/1555/1555 1554/1554/1554 
f 1563/1563/1563 1557/1557/1557 1555/1555/1555 
f 1557/1557/1557 1564/1564/1564 1558/1558/1558 
f 1564/1564/1564 1565/1565/1565 1558/1558/1558 
f 1558/1558/1558 1565/1565/1565 1559/1559/1559 
f 1565/1565/1565 1566/1566/1566 1559/1559/1559 
f 1561/1561/1561 1567/1567/1567 1560/1560/1560 
f 1568/1568/1568 1567/1567/1567 1561/1561/1561 
f 1569/1569/1569 1568/1568/1568 1561/1561/1561 
f 1569/1569/1569 1561/1561/1561 1551/1551/1551 
f 1569/1569/1569 1551/1551/1551 1550/1550/1550 
f 1570/1570/1570 1569/1569/1569 1550/1550/1550 
f 1570/1570/1570 1550/1550/1550 1549/1549/1549 
f 1571/1571/1571 1570/1570/1570 1549/1549/1549 
f 1561/1561/1561 1552/1552/1552 1551/1551/1551 
f 1570/1570/1570 1572/1572/1572 1569/1569/1569 
f 1572/1572/1572 1568/1568/1568 1569/1569/1569 
f 1573/1573/1573 1572/1572/1572 1570/1570/1570 
f 1562/1562/1562 1574/1574/1574 1563/1563/1563 
f 1575/1575/1575 1574/1574/1574 1562/1562/1562 
f 1567/1567/1567 1575/1575/1575 1560/1560/1560 
f 1560/1560/1560 1575/1575/1575 1562/1562/1562 
f 1548/1548/1548 1576/1576/1576 1549/1549/1549 
f 1576/1576/1576 1577/1577/1577 1549/1549/1549 
f 1576/1576/1576 1578/1578/1578 1577/1577/1577 
f 1579/1579/1579 1578/1578/1578 1576/1576/1576 
f 1580/1580/1580 1579/1579/1579 1576/1576/1576 
f 1547/1547/1547 1580/1580/1580 1548/1548/1548 
f 1581/1581/1581 1580/1580/1580 1547/1547/1547 
f 1546/1546/1546 1581/1581/1581 1547/1547/1547 
f 1582/1582/1582 1581/1581/1581 1546/1546/1546 
f 1545/1545/1545 1582/1582/1582 1546/1546/1546 
f 1583/1583/1583 1582/1582/1582 1545/1545/1545 
f 1544/1544/1544 1583/1583/1583 1545/1545/1545 
f 1584/1584/1584 1583/1583/1583 1544/1544/1544 
f 1543/1543/1543 1584/1584/1584 1544/1544/1544 
f 1585/1585/1585 1584/1584/1584 1543/1543/1543 
f 1542/1542/1542 1585/1585/1585 1543/1543/1543 
f 1586/1586/1586 1585/1585/1585 1542/1542/1542 
f 1541/1541/1541 1586/1586/1586 1542/1542/1542 
f 1587/1587/1587 1586/1586/1586 1541/1541/1541 
f 1540/1540/1540 1587/1587/1587 1541/1541/1541 
f 1588/1588/1588 1587/1587/1587 1540/1540/1540 
f 1589/1589/1589 1588/1588/1588 1540/1540/1540 
f 1538/1538/1538 1589/1589/1589 1540/1540/1540 
f 1587/1587/1587 1590/1590/1590 1586/1586/1586 
f 1591/1591/1591 1590/1590/1590 1587/1587/1587 
f 1592/1592/1592 1591/1591/1591 1587/1587/1587 
f 1566/1566/1566 1591/1591/1591 1592/1592/1592 
f 1593/1593/1593 1566/1566/1566 1592/1592/1592 
f 1590/1590/1590 1594/1594/1594 1586/1586/1586 
f 1586/1586/1586 1594/1594/1594 1585/1585/1585 
f 1594/1594/1594 1595/1595/1595 1585/1585/1585 
f 1585/1585/1585 1595/1595/1595 1584/1584/1584 
f 1595/1595/1595 1596/1596/1596 1584/1584/1584 
f 1584/1584/1584 1596/1596/1596 1583/1583/1583 
f 1596/1596/1596 1597/1597/1597 1583/1583/1583 
f 1583/1583/1583 1597/1597/1597 1582/1582/1582 
f 1597/1597/1597 1598/1598/1598 1582/1582/1582 
f 1582/1582/1582 1598/1598/1598 1581/1581/1581 
f 1598/1598/1598 1599/1599/1599 1581/1581/1581 
f 1581/1581/1581 1599/1599/1599 1580/1580/1580 
f 1599/1599/1599 1579/1579/1579 1580/1580/1580 
f 1580/1580/1580 1600/1600/1600 1548/1548/1548 
f 1578/1578/1578 1601/1601/1601 1577/1577/1577 
f 1577/1577/1577 1601/1601/1601 1602/1602/1602 
f 1574/1574/1574 1603/1603/1603 1563/1563/1563 
f 1563/1563/1563 1603/1603/1603 1557/1557/1557 
f 1603/1603/1603 1564/1564/1564 1557/1557/1557 
f 1606/1606/1606 1605/1605/1605 1604/1604/1604 
f 1605/1605/1605 1607/1607/1607 1604/1604/1604 
f 1608/1608/1608 1605/1605/1605 1606/1606/1606 
f 1609/1609/1609 1608/1608/1608 1606/1606/1606 
f 1610/1610/1610 1609/1609/1609 1606/1606/1606 
f 1604/1604/1604 1611/1611/1611 1606/1606/1606 
f 1611/1611/1611 1610/1610/1610 1606/1606/1606 
f 1612/1612/1612 1604/1604/1604 1607/1607/1607 
f 1611/1611/1611 1604/1604/1604 1612/1612/1612 
f 1613/1613/1613 1612/1612/1612 1607/1607/1607 
f 1614/1614/1614 1613/1613/1613 1607/1607/1607 
f 1605/1605/1605 1615/1615/1615 1607/1607/1607 
f 1615/1615/1615 1614/1614/1614 1607/1607/1607 
f 1608/1608/1608 1615/1615/1615 1605/1605/1605 
f 1616/1616/1616 1608/1608/1608 1609/1609/1609 
f 1617/1617/1617 1616/1616/1616 1609/1609/1609 
f 1617/1617/1617 1609/1609/1609 1610/1610/1610 
f 1618/1618/1618 1617/1617/1617 1610/1610/1610 
f 1618/1618/1618 1610/1610/1610 1611/1611/1611 
f 1619/1619/1619 1618/1618/1618 1611/1611/1611 
f 1619/1619/1619 1611/1611/1611 1612/1612/1612 
f 1620/1620/1620 1612/1612/1612 1613/1613/1613 
f 1620/1620/1620 1619/1619/1619 1612/1612/1612 
f 1621/1621/1621 1620/1620/1620 1613/1613/1613 
f 1621/1621/1621 1613/1613/1613 1614/1614/1614 
f 1622/1622/1622 1621/1621/1621 1614/1614/1614 
f 1622/1622/1622 1614/1614/1614 1615/1615/1615 
f 1623/1623/1623 1622/1622/1622 1615/1615/1615 
f 1616/1616/1616 1623/1623/1623 1608/1608/1608 
f 1623/1623/1623 1615/1615/1615 1608/1608/1608 
f 1626/1626/1626 1625/1625/1625 1624/1624/1624 
f 1625/1625/1625 1627/1627/1627 1624/1624/1624 
f 1625/1625/1625 1628/1628/1628 1627/1627/1627 
f 1628/1628/1628 1629/1629/1629 1627/1627/1627 
f 1628/1628/1628 1630/1630/1630 1629/1629/1629 
f 1630/1630/1630 1631/1631/1631 1629/1629/1629 
f 1630/1630/1630 1632/1632/1632 1631/1631/1631 
f 1632/1632/1632 1633/1633/1633 1631/1631/1631 
f 1632/1632/1632 1634/1634/1634 1633/1633/1633 
f 1632/1632/1632 1635/1635/1635 1634/1634/1634 
f 1635/1635/1635 1636/1636/1636 1634/1634/1634 
f 1632/1632/1632 1637/1637/1637 1635/1635/1635 
f 1630/1630/1630 1637/1637/1637 1632/1632/1632 
f 1637/1637/1637 1638/1638/1638 1635/1635/1635 
f 1635/1635/1635 1638/1638/1638 1636/1636/1636 
f 1637/1637/1637 1639/1639/1639 1638/1638/1638 
f 1628/1628/1628 1639/1639/1639 1630/1630/1630 
f 1639/1639/1639 1637/1637/1637 1630/1630/1630 
f 1639/1639/1639 1640/1640/1640 1638/1638/1638 
f 1639/1639/1639 1641/1641/1641 1640/1640/1640 
f 1641/1641/1641 1639/1639/1639 1628/1628/1628 
f 1641/1641/1641 1642/1642/1642 1640/1640/1640 
f 1641/1641/1641 1643/1643/1643 1642/1642/1642 
f 1643/1643/1643 1644/1644/1644 1642/1642/1642 
f 1643/1643/1643 1641/1641/1641 1625/1625/1625 
f 1626/1626/1626 1643/1643/1643 1625/1625/1625 
f 1625/1625/1625 1641/1641/1641 1628/1628/1628 
f 1634/1634/1634 1645/1645/1645 1633/1633/1633 
f 1645/1645/1645 1646/1646/1646 1633/1633/1633 
f 1636/1636/1636 1647/1647/1647 1634/1634/1634 
f 1647/1647/1647 1645/1645/1645 1634/1634/1634 
f 1647/1647/1647 1648/1648/1648 1645/1645/1645 
f 1648/1648/1648 1649/1649/1649 1645/1645/1645 
f 1645/1645/1645 1649/1649/1649 1646/1646/1646 
f 1649/1649/1649 1650/1650/1650 1646/1646/1646 
f 1646/1646/1646 1650/1650/1650 1651/1651/1651 
f 1646/1646/1646 1651/1651/1651 1633/1633/1633 
f 1651/1651/1651 1652/1652/1652 1633/1633/1633 
f 1651/1651/1651 1653/1653/1653 1652/1652/1652 
f 1653/1653/1653 1654/1654/1654 1652/1652/1652 
f 1653/1653/1653 1655/1655/1655 1654/1654/1654 
f 1655/1655/1655 1656/1656/1656 1654/1654/1654 
f 1655/1655/1655 1657/1657/1657 1656/1656/1656 
f 1657/1657/1657 1658/1658/1658 1656/1656/1656 
f 1657/1657/1657 1659/1659/1659 1658/1658/1658 
f 1659/1659/1659 1660/1660/1660 1658/1658/1658 
f 1650/1650/1650 1661/1661/1661 1651/1651/1651 
f 1651/1651/1651 1661/1661/1661 1653/1653/1653 
f 1661/1661/1661 1662/1662/1662 1653/1653/1653 
f 1653/1653/1653 1662/1662/1662 1655/1655/1655 
f 1662/1662/1662 1663/1663/1663 1655/1655/1655 
f 1655/1655/1655 1663/1663/1663 1657/1657/1657 
f 1663/1663/1663 1664/1664/1664 1657/1657/1657 
f 1657/1657/1657 1664/1664/1664 1659/1659/1659 
f 1664/1664/1664 1665/1665/1665 1659/1659/1659 
f 1666/1666/1666 1662/1662/1662 1661/1661/1661 
f 1662/1662/1662 1666/1666/1666 1663/1663/1663 
f 1667/1667/1667 1666/1666/1666 1661/1661/1661 
f 1668/1668/1668 1667/1667/1667 1661/1661/1661 
f 1650/1650/1650 1668/1668/1668 1661/1661/1661 
f 1668/1668/1668 1650/1650/1650 1649/1649/1649 
f 1669/1669/1669 1668/1668/1668 1649/1649/1649 
f 1648/1648/1648 1669/1669/1669 1649/1649/1649 
f 1648/1648/1648 1670/1670/1670 1669/1669/1669 
f 1671/1671/1671 1670/1670/1670 1648/1648/1648 
f 1647/1647/1647 1671/1671/1671 1648/1648/1648 
f 1672/1672/1672 1671/1671/1671 1647/1647/1647 
f 1636/1636/1636 1672/1672/1672 1647/1647/1647 
f 1672/1672/1672 1673/1673/1673 1671/1671/1671 
f 1673/1673/1673 1674/1674/1674 1671/1671/1671 
f 1671/1671/1671 1674/1674/1674 1670/1670/1670 
f 1673/1673/1673 1675/1675/1675 1674/1674/1674 
f 1675/1675/1675 1676/1676/1676 1674/1674/1674 
f 1674/1674/1674 1677/1677/1677 1670/1670/1670 
f 1674/1674/1674 1676/1676/1676 1677/1677/1677 
f 1676/1676/1676 1678/1678/1678 1677/1677/1677 
f 1675/1675/1675 1679/1679/1679 1676/1676/1676 
f 1679/1679/1679 1680/1680/1680 1676/1676/1676 
f 1680/1680/1680 1681/1681/1681 1676/1676/1676 
f 1681/1681/1681 1678/1678/1678 1676/1676/1676 
f 1679/1679/1679 1682/1682/1682 1680/1680/1680 
f 1682/1682/1682 1683/1683/1683 1680/1680/1680 
f 1680/1680/1680 1683/1683/1683 1681/1681/1681 
f 1683/1683/1683 1684/1684/1684 1681/1681/1681 
f 1682/1682/1682 1685/1685/1685 1683/1683/1683 
f 1685/1685/1685 1686/1686/1686 1683/1683/1683 
f 1686/1686/1686 1687/1687/1687 1683/1683/1683 
f 1687/1687/1687 1684/1684/1684 1683/1683/1683 
f 1686/1686/1686 1688/1688/1688 1687/1687/1687 
f 1686/1686/1686 1685/1685/1685 1688/1688/1688 
f 1688/1688/1688 1689/1689/1689 1687/1687/1687 
f 1685/1685/1685 1690/1690/1690 1688/1688/1688 
f 1689/1689/1689 1691/1691/1691 1687/1687/1687 
f 1691/1691/1691 1692/1692/1692 1687/1687/1687 
f 1692/1692/1692 1693/1693/1693 1687/1687/1687 
f 1693/1693/1693 1684/1684/1684 1687/1687/1687 
f 1693/1693/1693 1694/1694/1694 1684/1684/1684 
f 1694/1694/1694 1681/1681/1681 1684/1684/1684 
f 1694/1694/1694 1695/1695/1695 1681/1681/1681 
f 1695/1695/1695 1678/1678/1678 1681/1681/1681 
f 1695/1695/1695 1696/1696/1696 1678/1678/1678 
f 1696/1696/1696 1677/1677/1677 1678/1678/1678 
f 1696/1696/1696 1670/1670/1670 1677/1677/1677 
f 1670/1670/1670 1696/1696/1696 1669/1669/1669 
f 1695/1695/1695 1694/1694/1694 1697/1697/1697 
f 1695/1695/1695 1697/1697/1697 1696/1696/1696 
f 1694/1694/1694 1698/1698/1698 1697/1697/1697 
f 1694/1694/1694 1693/1693/1693 1698/1698/1698 
f 1693/1693/1693 1699/1699/1699 1698/1698/1698 
f 1693/1693/1693 1692/1692/1692 1699/1699/1699 
f 1692/1692/1692 1700/1700/1700 1699/1699/1699 
f 1692/1692/1692 1691/1691/1691 1700/1700/1700 
f 1691/1691/1691 1701/1701/1701 1700/1700/1700 
f 1691/1691/1691 1702/1702/1702 1701/1701/1701 
f 1702/1702/1702 1703/1703/1703 1701/1701/1701 
f 1702/1702/1702 1704/1704/1704 1703/1703/1703 
f 1704/1704/1704 1705/1705/1705 1703/1703/1703 
f 1705/1705/1705 1704/1704/1704 1706/1706/1706 
f 1707/1707/1707 1705/1705/1705 1706/1706/1706 
f 1705/1705/1705 1707/1707/1707 1664/1664/1664 
f 1708/1708/1708 1705/1705/1705 1664/1664/1664 
f 1709/1709/1709 1708/1708/1708 1664/1664/1664 
f 1663/1663/1663 1709/1709/1709 1664/1664/1664 
f 1666/1666/1666 1709/1709/1709 1663/1663/1663 
f 1664/1664/1664 1707/1707/1707 1665/1665/1665 
f 1707/1707/1707 1706/1706/1706 1665/1665/1665 
f 1710/1710/1710 1704/1704/1704 1702/1702/1702 
f 1711/1711/1711 1710/1710/1710 1702/1702/1702 
f 1689/1689/1689 1711/1711/1711 1702/1702/1702 
f 1691/1691/1691 1689/1689/1689 1702/1702/1702 
f 1689/1689/1689 1688/1688/1688 1711/1711/1711 
f 1688/1688/1688 1712/1712/1712 1711/1711/1711 
f 1711/1711/1711 1712/1712/1712 1710/1710/1710 
f 1688/1688/1688 1690/1690/1690 1712/1712/1712 
f 1712/1712/1712 1713/1713/1713 1710/1710/1710 
f 1712/1712/1712 1714/1714/1714 1713/1713/1713 
f 1712/1712/1712 1690/1690/1690 1714/1714/1714 
f 1690/1690/1690 1715/1715/1715 1714/1714/1714 
f 1715/1715/1715 1690/1690/1690 1685/1685/1685 
f 1716/1716/1716 1715/1715/1715 1685/1685/1685 
f 1716/1716/1716 1685/1685/1685 1717/1717/1717 
f 1717/1717/1717 1685/1685/1685 1682/1682/1682 
f 1717/1717/1717 1682/1682/1682 1679/1679/1679 
f 1718/1718/1718 1717/1717/1717 1679/1679/1679 
f 1718/1718/1718 1679/1679/1679 1675/1675/1675 
f 1719/1719/1719 1718/1718/1718 1675/1675/1675 
f 1720/1720/1720 1719/1719/1719 1675/1675/1675 
f 1673/1673/1673 1720/1720/1720 1675/1675/1675 
f 1720/1720/1720 1673/1673/1673 1721/1721/1721 
f 1722/1722/1722 1720/1720/1720 1721/1721/1721 
f 1720/1720/1720 1722/1722/1722 1719/1719/1719 
f 1723/1723/1723 1722/1722/1722 1721/1721/1721 
f 1723/1723/1723 1721/1721/1721 1724/1724/1724 
f 1725/1725/1725 1723/1723/1723 1724/1724/1724 
f 1725/1725/1725 1724/1724/1724 1726/1726/1726 
f 1727/1727/1727 1725/1725/1725 1726/1726/1726 
f 1727/1727/1727 1726/1726/1726 1638/1638/1638 
f 1640/1640/1640 1727/1727/1727 1638/1638/1638 
f 1727/1727/1727 1640/1640/1640 1642/1642/1642 
f 1728/1728/1728 1727/1727/1727 1642/1642/1642 
f 1729/1729/1729 1728/1728/1728 1642/1642/1642 
f 1644/1644/1644 1729/1729/1729 1642/1642/1642 
f 1638/1638/1638 1726/1726/1726 1636/1636/1636 
f 1636/1636/1636 1726/1726/1726 1672/1672/1672 
f 1726/1726/1726 1724/1724/1724 1672/1672/1672 
f 1724/1724/1724 1721/1721/1721 1672/1672/1672 
f 1673/1673/1673 1672/1672/1672 1721/1721/1721 
f 1729/1729/1729 1730/1730/1730 1728/1728/1728 
f 1730/1730/1730 1731/1731/1731 1728/1728/1728 
f 1728/1728/1728 1731/1731/1731 1727/1727/1727 
f 1731/1731/1731 1725/1725/1725 1727/1727/1727 
f 1730/1730/1730 1732/1732/1732 1731/1731/1731 
f 1732/1732/1732 1733/1733/1733 1731/1731/1731 
f 1731/1731/1731 1733/1733/1733 1725/1725/1725 
f 1733/1733/1733 1723/1723/1723 1725/1725/1725 
f 1732/1732/1732 1734/1734/1734 1733/1733/1733 
f 1734/1734/1734 1735/1735/1735 1733/1733/1733 
f 1733/1733/1733 1735/1735/1735 1723/1723/1723 
f 1735/1735/1735 1722/1722/1722 1723/1723/1723 
f 1722/1722/1722 1735/1735/1735 1736/1736/1736 
f 1722/1722/1722 1736/1736/1736 1719/1719/1719 
f 1735/1735/1735 1737/1737/1737 1736/1736/1736 
f 1735/1735/1735 1734/1734/1734 1737/1737/1737 
f 1734/1734/1734 1738/1738/1738 1737/1737/1737 
f 1719/1719/1719 1736/1736/1736 1718/1718/1718 
f 1736/1736/1736 1739/1739/1739 1718/1718/1718 
f 1736/1736/1736 1737/1737/1737 1739/1739/1739 
f 1737/1737/1737 1740/1740/1740 1739/1739/1739 
f 1737/1737/1737 1738/1738/1738 1740/1740/1740 
f 1738/1738/1738 1741/1741/1741 1740/1740/1740 
f 1718/1718/1718 1739/1739/1739 1717/1717/1717 
f 1739/1739/1739 1742/1742/1742 1717/1717/1717 
f 1739/1739/1739 1740/1740/1740 1742/1742/1742 
f 1740/1740/1740 1741/1741/1741 1742/1742/1742 
f 1741/1741/1741 1743/1743/1743 1742/1742/1742 
f 1742/1742/1742 1716/1716/1716 1717/1717/1717 
f 1742/1742/1742 1743/1743/1743 1716/1716/1716 
f 1716/1716/1716 1743/1743/1743 1744/1744/1744 
f 1716/1716/1716 1744/1744/1744 1745/1745/1745 
f 1715/1715/1715 1716/1716/1716 1745/1745/1745 
f 1715/1715/1715 1745/1745/1745 1746/1746/1746 
f 1714/1714/1714 1715/1715/1715 1746/1746/1746 
f 1714/1714/1714 1746/1746/1746 1747/1747/1747 
f 1713/1713/1713 1714/1714/1714 1747/1747/1747 
f 1713/1713/1713 1747/1747/1747 1748/1748/1748 
f 1710/1710/1710 1713/1713/1713 1748/1748/1748 
f 1710/1710/1710 1748/1748/1748 1749/1749/1749 
f 1704/1704/1704 1710/1710/1710 1749/1749/1749 
f 1704/1704/1704 1749/1749/1749 1750/1750/1750 
f 1706/1706/1706 1704/1704/1704 1750/1750/1750 
f 1706/1706/1706 1750/1750/1750 1751/1751/1751 
f 1665/1665/1665 1706/1706/1706 1751/1751/1751 
f 1665/1665/1665 1751/1751/1751 1752/1752/1752 
f 1659/1659/1659 1665/1665/1665 1752/1752/1752 
f 1659/1659/1659 1752/1752/1752 1753/1753/1753 
f 1660/1660/1660 1659/1659/1659 1753/1753/1753 
f 1660/1660/1660 1753/1753/1753 1754/1754/1754 
f 1658/1658/1658 1660/1660/1660 1754/1754/1754 
f 1755/1755/1755 1658/1658/1658 1754/1754/1754 
f 1755/1755/1755 1754/1754/1754 1756/1756/1756 
f 1757/1757/1757 1755/1755/1755 1756/1756/1756 
f 1757/1757/1757 1756/1756/1756 1758/1758/1758 
f 1759/1759/1759 1757/1757/1757 1758/1758/1758 
f 1759/1759/1759 1758/1758/1758 1624/1624/1624 
f 1627/1627/1627 1759/1759/1759 1624/1624/1624 
f 1658/1658/1658 1755/1755/1755 1656/1656/1656 
f 1755/1755/1755 1757/1757/1757 1760/1760/1760 
f 1761/1761/1761 1755/1755/1755 1760/1760/1760 
f 1760/1760/1760 1757/1757/1757 1762/1762/1762 
f 1757/1757/1757 1759/1759/1759 1762/1762/1762 
f 1759/1759/1759 1627/1627/1627 1762/1762/1762 
f 1627/1627/1627 1629/1629/1629 1762/1762/1762 
f 1656/1656/1656 1761/1761/1761 1654/1654/1654 
f 1761/1761/1761 1763/1763/1763 1654/1654/1654 
f 1761/1761/1761 1760/1760/1760 1763/1763/1763 
f 1654/1654/1654 1763/1763/1763 1652/1652/1652 
f 1763/1763/1763 1764/1764/1764 1652/1652/1652 
f 1762/1762/1762 1629/1629/1629 1764/1764/1764 
f 1763/1763/1763 1760/1760/1760 1764/1764/1764 
f 1760/1760/1760 1762/1762/1762 1764/1764/1764 
f 1764/1764/1764 1631/1631/1631 1652/1652/1652 
f 1629/1629/1629 1631/1631/1631 1764/1764/1764 
f 1631/1631/1631 1633/1633/1633 1652/1652/1652 
f 1624/1624/1624 1758/1758/1758 1765/1765/1765 
f 1624/1624/1624 1765/1765/1765 1766/1766/1766 
f 1626/1626/1626 1624/1624/1624 1766/1766/1766 
f 1626/1626/1626 1766/1766/1766 1767/1767/1767 
f 1643/1643/1643 1626/1626/1626 1767/1767/1767 
f 1643/1643/1643 1767/1767/1767 1768/1768/1768 
f 1643/1643/1643 1768/1768/1768 1769/1769/1769 
f 1644/1644/1644 1643/1643/1643 1769/1769/1769 
f 1644/1644/1644 1769/1769/1769 1770/1770/1770 
f 1729/1729/1729 1644/1644/1644 1770/1770/1770 
f 1729/1729/1729 1770/1770/1770 1771/1771/1771 
f 1770/1770/1770 1769/1769/1769 1771/1771/1771 
f 1769/1769/1769 1768/1768/1768 1771/1771/1771 
f 1730/1730/1730 1729/1729/1729 1771/1771/1771 
f 1730/1730/1730 1771/1771/1771 1772/1772/1772 
f 1732/1732/1732 1730/1730/1730 1772/1772/1772 
f 1732/1732/1732 1772/1772/1772 1773/1773/1773 
f 1734/1734/1734 1732/1732/1732 1773/1773/1773 
f 1734/1734/1734 1773/1773/1773 1774/1774/1774 
f 1738/1738/1738 1734/1734/1734 1774/1774/1774 
f 1738/1738/1738 1774/1774/1774 1775/1775/1775 
f 1741/1741/1741 1738/1738/1738 1775/1775/1775 
f 1741/1741/1741 1775/1775/1775 1776/1776/1776 
f 1743/1743/1743 1741/1741/1741 1776/1776/1776 
f 1743/1743/1743 1776/1776/1776 1744/1744/1744 
f 1772/1772/1772 1771/1771/1771 1777/1777/1777 
f 1776/1776/1776 1778/1778/1778 1744/1744/1744 
f 1778/1778/1778 1779/1779/1779 1744/1744/1744 
f 1775/1775/1775 1780/1780/1780 1776/1776/1776 
f 1780/1780/1780 1778/1778/1778 1776/1776/1776 
f 1774/1774/1774 1781/1781/1781 1775/1775/1775 
f 1781/1781/1781 1780/1780/1780 1775/1775/1775 
f 1773/1773/1773 1782/1782/1782 1774/1774/1774 
f 1782/1782/1782 1781/1781/1781 1774/1774/1774 
f 1783/1783/1783 1782/1782/1782 1773/1773/1773 
f 1772/1772/1772 1783/1783/1783 1773/1773/1773 
f 1784/1784/1784 1783/1783/1783 1772/1772/1772 
f 1785/1785/1785 1784/1784/1784 1772/1772/1772 
f 1786/1786/1786 1772/1772/1772 1768/1768/1768 
f 1767/1767/1767 1786/1786/1786 1768/1768/1768 
f 1787/1787/1787 1784/1784/1784 1786/1786/1786 
f 1788/1788/1788 1787/1787/1787 1767/1767/1767 
f 1766/1766/1766 1788/1788/1788 1767/1767/1767 
f 1789/1789/1789 1788/1788/1788 1766/1766/1766 
f 1765/1765/1765 1789/1789/1789 1766/1766/1766 
f 1790/1790/1790 1789/1789/1789 1765/1765/1765 
f 1791/1791/1791 1790/1790/1790 1765/1765/1765 
f 1758/1758/1758 1791/1791/1791 1765/1765/1765 
f 1758/1758/1758 1756/1756/1756 1791/1791/1791 
f 1756/1756/1756 1792/1792/1792 1791/1791/1791 
f 1756/1756/1756 1754/1754/1754 1792/1792/1792 
f 1754/1754/1754 1793/1793/1793 1792/1792/1792 
f 1753/1753/1753 1793/1793/1793 1754/1754/1754 
f 1753/1753/1753 1794/1794/1794 1793/1793/1793 
f 1794/1794/1794 1795/1795/1795 1793/1793/1793 
f 1794/1794/1794 1796/1796/1796 1795/1795/1795 
f 1794/1794/1794 1751/1751/1751 1796/1796/1796 
f 1751/1751/1751 1750/1750/1750 1796/1796/1796 
f 1797/1797/1797 1796/1796/1796 1750/1750/1750 
f 1797/1797/1797 1795/1795/1795 1796/1796/1796 
f 1749/1749/1749 1797/1797/1797 1750/1750/1750 
f 1792/1792/1792 1798/1798/1798 1791/1791/1791 
f 1798/1798/1798 1790/1790/1790 1791/1791/1791 
f 1793/1793/1793 1799/1799/1799 1792/1792/1792 
f 1799/1799/1799 1798/1798/1798 1792/1792/1792 
f 1795/1795/1795 1800/1800/1800 1793/1793/1793 
f 1800/1800/1800 1799/1799/1799 1793/1793/1793 
f 1749/1749/1749 1801/1801/1801 1797/1797/1797 
f 1802/1802/1802 1801/1801/1801 1749/1749/1749 
f 1748/1748/1748 1802/1802/1802 1749/1749/1749 
f 1801/1801/1801 1803/1803/1803 1797/1797/1797 
f 1797/1797/1797 1803/1803/1803 1795/1795/1795 
f 1803/1803/1803 1800/1800/1800 1795/1795/1795 
f 1804/1804/1804 1802/1802/1802 1748/1748/1748 
f 1805/1805/1805 1804/1804/1804 1748/1748/1748 
f 1806/1806/1806 1805/1805/1805 1748/1748/1748 
f 1807/1807/1807 1804/1804/1804 1805/1805/1805 
f 1752/1752/1752 1751/1751/1751 1808/1808/1808 
f 1747/1747/1747 1809/1809/1809 1748/1748/1748 
f 1746/1746/1746 1810/1810/1810 1747/1747/1747 
f 1811/1811/1811 1745/1745/1745 1805/1805/1805 
f 1745/1745/1745 1812/1812/1812 1805/1805/1805 
f 1814/1814/1814 1811/1811/1811 1813/1813/1813 
f 1816/1816/1816 1815/1815/1815 1705/1705/1705 
f 1816/1816/1816 1817/1817/1817 1815/1815/1815 
f 1817/1817/1817 1818/1818/1818 1815/1815/1815 
f 1817/1817/1817 1819/1819/1819 1818/1818/1818 
f 1819/1819/1819 1820/1820/1820 1818/1818/1818 
f 1819/1819/1819 1821/1821/1821 1820/1820/1820 
f 1821/1821/1821 1822/1822/1822 1820/1820/1820 
f 1821/1821/1821 1823/1823/1823 1822/1822/1822 
f 1823/1823/1823 1824/1824/1824 1822/1822/1822 
f 1824/1824/1824 1825/1825/1825 1822/1822/1822 
f 1822/1822/1822 1825/1825/1825 1820/1820/1820 
f 1826/1826/1826 1825/1825/1825 1824/1824/1824 
f 1705/1705/1705 1815/1815/1815 1827/1827/1827 
f 1703/1703/1703 1705/1705/1705 1827/1827/1827 
f 1703/1703/1703 1827/1827/1827 1701/1701/1701 
f 1827/1827/1827 1828/1828/1828 1701/1701/1701 
f 1828/1828/1828 1827/1827/1827 1815/1815/1815 
f 1828/1828/1828 1700/1700/1700 1701/1701/1701 
f 1828/1828/1828 1829/1829/1829 1700/1700/1700 
f 1829/1829/1829 1699/1699/1699 1700/1700/1700 
f 1829/1829/1829 1830/1830/1830 1699/1699/1699 
f 1825/1825/1825 1830/1830/1830 1820/1820/1820 
f 1830/1830/1830 1698/1698/1698 1699/1699/1699 
f 1826/1826/1826 1698/1698/1698 1825/1825/1825 
f 1698/1698/1698 1830/1830/1830 1825/1825/1825 
f 1820/1820/1820 1830/1830/1830 1818/1818/1818 
f 1830/1830/1830 1829/1829/1829 1818/1818/1818 
f 1818/1818/1818 1829/1829/1829 1815/1815/1815 
f 1829/1829/1829 1828/1828/1828 1815/1815/1815 
f 1831/1831/1831 1696/1696/1696 1823/1823/1823 
f 1697/1697/1697 1832/1832/1832 1696/1696/1696 
f 1696/1696/1696 1832/1832/1832 1823/1823/1823 
f 1831/1831/1831 1823/1823/1823 1833/1833/1833 
f 1823/1823/1823 1821/1821/1821 1833/1833/1833 
f 1833/1833/1833 1821/1821/1821 1667/1667/1667 
f 1821/1821/1821 1819/1819/1819 1667/1667/1667 
f 1667/1667/1667 1819/1819/1819 1666/1666/1666 
f 1819/1819/1819 1817/1817/1817 1666/1666/1666 
f 1666/1666/1666 1817/1817/1817 1709/1709/1709 
f 1817/1817/1817 1816/1816/1816 1709/1709/1709 
f 1709/1709/1709 1816/1816/1816 1834/1834/1834 
f 1834/1834/1834 1816/1816/1816 1705/1705/1705 
f 1836/1836/1836 1761/1761/1761 1835/1835/1835 
f 1839/1839/1839 1838/1838/1838 1837/1837/1837 
f 1842/1842/1842 1841/1841/1841 1840/1840/1840 
f 1767/1767/1767 1787/1787/1787 1843/1843/1843 
f 1846/1846/1846 1845/1845/1845 1844/1844/1844 
f 1845/1845/1845 1847/1847/1847 1844/1844/1844 
f 1844/1844/1844 1847/1847/1847 1848/1848/1848 
f 1847/1847/1847 1849/1849/1849 1848/1848/1848 
f 1850/1850/1850 1845/1845/1845 1846/1846/1846 
f 1851/1851/1851 1850/1850/1850 1846/1846/1846 
f 1852/1852/1852 1850/1850/1850 1851/1851/1851 
f 1853/1853/1853 1852/1852/1852 1851/1851/1851 
f 1854/1854/1854 1852/1852/1852 1853/1853/1853 
f 1855/1855/1855 1854/1854/1854 1853/1853/1853 
f 1856/1856/1856 1854/1854/1854 1855/1855/1855 
f 1857/1857/1857 1856/1856/1856 1855/1855/1855 
f 1858/1858/1858 1856/1856/1856 1857/1857/1857 
f 1859/1859/1859 1858/1858/1858 1857/1857/1857 
f 1860/1860/1860 1858/1858/1858 1859/1859/1859 
f 1861/1861/1861 1860/1860/1860 1859/1859/1859 
f 1862/1862/1862 1860/1860/1860 1861/1861/1861 
f 1863/1863/1863 1862/1862/1862 1861/1861/1861 
f 1848/1848/1848 1849/1849/1849 1864/1864/1864 
f 1865/1865/1865 1862/1862/1862 1863/1863/1863 
f 1866/1866/1866 1865/1865/1865 1863/1863/1863 
f 1867/1867/1867 1865/1865/1865 1866/1866/1866 
f 1868/1868/1868 1867/1867/1867 1866/1866/1866 
f 1869/1869/1869 1867/1867/1867 1868/1868/1868 
f 1870/1870/1870 1869/1869/1869 1868/1868/1868 
f 1871/1871/1871 1869/1869/1869 1870/1870/1870 
f 1872/1872/1872 1871/1871/1871 1870/1870/1870 
f 1873/1873/1873 1871/1871/1871 1872/1872/1872 
f 1874/1874/1874 1873/1873/1873 1872/1872/1872 
f 1875/1875/1875 1873/1873/1873 1874/1874/1874 
f 1876/1876/1876 1875/1875/1875 1874/1874/1874 
f 1877/1877/1877 1875/1875/1875 1876/1876/1876 
f 1878/1878/1878 1877/1877/1877 1876/1876/1876 
f 1864/1864/1864 1879/1879/1879 1878/1878/1878 
f 1879/1879/1879 1877/1877/1877 1878/1878/1878 
f 1849/1849/1849 1879/1879/1879 1864/1864/1864 
f 1882/1882/1882 1881/1881/1881 1880/1880/1880 
f 1881/1881/1881 1883/1883/1883 1880/1880/1880 
f 1880/1880/1880 1883/1883/1883 1884/1884/1884 
f 1883/1883/1883 1885/1885/1885 1884/1884/1884 
f 1886/1886/1886 1881/1881/1881 1882/1882/1882 
f 1887/1887/1887 1886/1886/1886 1882/1882/1882 
f 1884/1884/1884 1885/1885/1885 1888/1888/1888 
f 1885/1885/1885 1889/1889/1889 1888/1888/1888 
f 1888/1888/1888 1889/1889/1889 1890/1890/1890 
f 1889/1889/1889 1891/1891/1891 1890/1890/1890 
f 1890/1890/1890 1891/1891/1891 1892/1892/1892 
f 1891/1891/1891 1893/1893/1893 1892/1892/1892 
f 1892/1892/1892 1893/1893/1893 1894/1894/1894 
f 1893/1893/1893 1895/1895/1895 1894/1894/1894 
f 1894/1894/1894 1895/1895/1895 1896/1896/1896 
f 1895/1895/1895 1897/1897/1897 1896/1896/1896 
f 1900/1900/1900 1899/1899/1899 1898/1898/1898 
f 1899/1899/1899 1901/1901/1901 1898/1898/1898 
f 1902/1902/1902 1899/1899/1899 1900/1900/1900 
f 1903/1903/1903 1902/1902/1902 1900/1900/1900 
f 1904/1904/1904 1902/1902/1902 1903/1903/1903 
f 1905/1905/1905 1904/1904/1904 1903/1903/1903 
f 1906/1906/1906 1904/1904/1904 1905/1905/1905 
f 1907/1907/1907 1906/1906/1906 1905/1905/1905 
f 1908/1908/1908 1906/1906/1906 1907/1907/1907 
f 1909/1909/1909 1908/1908/1908 1907/1907/1907 
f 1898/1898/1898 1901/1901/1901 1910/1910/1910 
f 1901/1901/1901 1911/1911/1911 1910/1910/1910 
f 1912/1912/1912 1908/1908/1908 1909/1909/1909 
f 1913/1913/1913 1912/1912/1912 1909/1909/1909 
f 1914/1914/1914 1912/1912/1912 1913/1913/1913 
f 1915/1915/1915 1914/1914/1914 1913/1913/1913 
f 1916/1916/1916 1914/1914/1914 1915/1915/1915 
f 1917/1917/1917 1916/1916/1916 1915/1915/1915 
f 1918/1918/1918 1916/1916/1916 1917/1917/1917 
f 1919/1919/1919 1918/1918/1918 1917/1917/1917 
f 1922/1922/1922 1921/1921/1921 1920/1920/1920 
f 1921/1921/1921 1923/1923/1923 1920/1920/1920 
f 1926/1926/1926 1925/1925/1925 1924/1924/1924 
f 1925/1925/1925 1927/1927/1927 1924/1924/1924 
f 1930/1930/1930 1929/1929/1929 1928/1928/1928 
f 1929/1929/1929 1931/1931/1931 1928/1928/1928 
f 1934/1934/1934 1933/1933/1933 1932/1932/1932 
f 1933/1933/1933 1935/1935/1935 1932/1932/1932 
f 1938/1938/1938 1937/1937/1937 1936/1936/1936 
f 1937/1937/1937 1939/1939/1939 1936/1936/1936 
f 1942/1942/1942 1941/1941/1941 1940/1940/1940 
f 1941/1941/1941 1943/1943/1943 1940/1940/1940 
f 1946/1946/1946 1945/1945/1945 1944/1944/1944 
f 1945/1945/1945 1947/1947/1947 1944/1944/1944 
f 1950/1950/1950 1949/1949/1949 1948/1948/1948 
f 1949/1949/1949 1951/1951/1951 1948/1948/1948 
f 1954/1954/1954 1953/1953/1953 1952/1952/1952 
f 1953/1953/1953 1955/1955/1955 1952/1952/1952 
f 1956/1956/1956 1955/1955/1955 1953/1953/1953 
f 1957/1957/1957 1955/1955/1955 1956/1956/1956 
f 1958/1958/1958 1953/1953/1953 1954/1954/1954 
f 1954/1954/1954 1952/1952/1952 1959/1959/1959 
f 1959/1959/1959 1958/1958/1958 1954/1954/1954 
f 1959/1959/1959 1960/1960/1960 1958/1958/1958 
f 1961/1961/1961 1956/1956/1956 1960/1960/1960 
f 1956/1956/1956 1961/1961/1961 1957/1957/1957 
f 1962/1962/1962 1961/1961/1961 1960/1960/1960 
f 1962/1962/1962 1960/1960/1960 1959/1959/1959 
f 1963/1963/1963 1962/1962/1962 1959/1959/1959 
f 1963/1963/1963 1964/1964/1964 1962/1962/1962 
f 1964/1964/1964 1965/1965/1965 1962/1962/1962 
f 1965/1965/1965 1964/1964/1964 1966/1966/1966 
f 1957/1957/1957 1961/1961/1961 1966/1966/1966 
f 1961/1961/1961 1965/1965/1965 1966/1966/1966 
f 1966/1966/1966 1964/1964/1964 1967/1967/1967 
f 1967/1967/1967 1964/1964/1964 1968/1968/1968 
f 1968/1968/1968 1963/1963/1963 1959/1959/1959 
f 1969/1969/1969 1967/1967/1967 1968/1968/1968 
f 1970/1970/1970 1967/1967/1967 1969/1969/1969 
f 1971/1971/1971 1970/1970/1970 1969/1969/1969 
f 1972/1972/1972 1970/1970/1970 1971/1971/1971 
f 1973/1973/1973 1970/1970/1970 1972/1972/1972 
f 1974/1974/1974 1973/1973/1973 1972/1972/1972 
f 1975/1975/1975 1973/1973/1973 1974/1974/1974 
f 1971/1971/1971 1969/1969/1969 1976/1976/1976 
f 1969/1969/1969 1968/1968/1968 1976/1976/1976 
f 1977/1977/1977 1967/1967/1967 1970/1970/1970 
f 1977/1977/1977 1966/1966/1966 1967/1967/1967 
f 1976/1976/1976 1968/1968/1968 1959/1959/1959 
f 1980/1980/1980 1979/1979/1979 1978/1978/1978 
f 1979/1979/1979 1981/1981/1981 1978/1978/1978 
f 1984/1984/1984 1983/1983/1983 1982/1982/1982 
f 1983/1983/1983 1985/1985/1985 1982/1982/1982 
f 1988/1988/1988 1987/1987/1987 1986/1986/1986 
f 1987/1987/1987 1989/1989/1989 1986/1986/1986 
f 1992/1992/1992 1991/1991/1991 1990/1990/1990 
f 1991/1991/1991 1993/1993/1993 1990/1990/1990 
f 1996/1996/1996 1995/1995/1995 1994/1994/1994 
f 1995/1995/1995 1997/1997/1997 1994/1994/1994 
f 2000/2000/2000 1999/1999/1999 1998/1998/1998 
f 1999/1999/1999 2001/2001/2001 1998/1998/1998 
f 2002/2002/2002 1999/1999/1999 2000/2000/2000 
f 2000/2000/2000 2003/2003/2003 2002/2002/2002 
f 2003/2003/2003 2004/2004/2004 2002/2002/2002 
f 2007/2007/2007 2006/2006/2006 2005/2005/2005 
f 2006/2006/2006 2008/2008/2008 2005/2005/2005 
f 2006/2006/2006 2010/2010/2010 2009/2009/2009 
f 2010/2010/2010 2011/2011/2011 2009/2009/2009 
f 2011/2011/2011 2012/2012/2012 2009/2009/2009 
f 2015/2015/2015 2014/2014/2014 2013/2013/2013 
f 2014/2014/2014 2016/2016/2016 2013/2013/2013 
f 2019/2019/2019 2018/2018/2018 2017/2017/2017 
f 2018/2018/2018 2020/2020/2020 2017/2017/2017 
f 2023/2023/2023 2022/2022/2022 2021/2021/2021 
f 2022/2022/2022 2024/2024/2024 2021/2021/2021 
f 2027/2027/2027 2026/2026/2026 2025/2025/2025 
f 2026/2026/2026 2028/2028/2028 2025/2025/2025 
f 2031/2031/2031 2030/2030/2030 2029/2029/2029 
f 2034/2034/2034 2033/2033/2033 2032/2032/2032 
f 2033/2033/2033 2035/2035/2035 2032/2032/2032 
f 2038/2038/2038 2037/2037/2037 2036/2036/2036 
f 2037/2037/2037 2039/2039/2039 2036/2036/2036 
f 2042/2042/2042 2041/2041/2041 2040/2040/2040 
f 2041/2041/2041 2043/2043/2043 2040/2040/2040 
f 2046/2046/2046 2045/2045/2045 2044/2044/2044 
f 2045/2045/2045 2047/2047/2047 2044/2044/2044 
f 2050/2050/2050 2049/2049/2049 2048/2048/2048 
f 2053/2053/2053 2052/2052/2052 2051/2051/2051 
f 2052/2052/2052 2054/2054/2054 2051/2051/2051 
f 2057/2057/2057 2056/2056/2056 2055/2055/2055 
f 2060/2060/2060 2059/2059/2059 2058/2058/2058 
f 2059/2059/2059 2062/2062/2062 2061/2061/2061 
f 2065/2065/2065 2064/2064/2064 2063/2063/2063 
f 2064/2064/2064 2066/2066/2066 2063/2063/2063 
f 2069/2069/2069 2068/2068/2068 2067/2067/2067 
f 2068/2068/2068 2070/2070/2070 2067/2067/2067 
f 2073/2073/2073 2072/2072/2072 2071/2071/2071 
f 2075/2075/2075 2074/2074/2074 2071/2071/2071 
f 2078/2078/2078 2077/2077/2077 2076/2076/2076 
f 2077/2077/2077 2079/2079/2079 2076/2076/2076 
f 2082/2082/2082 2081/2081/2081 2080/2080/2080 
f 2085/2085/2085 2084/2084/2084 2083/2083/2083 
f 2088/2088/2088 2087/2087/2087 2086/2086/2086 
f 2087/2087/2087 2089/2089/2089 2086/2086/2086 
f 2092/2092/2092 2091/2091/2091 2090/2090/2090 
f 2091/2091/2091 2093/2093/2093 2090/2090/2090 
f 2096/2096/2096 2095/2095/2095 2094/2094/2094 
f 2095/2095/2095 2097/2097/2097 2094/2094/2094 
f 2100/2100/2100 2099/2099/2099 2098/2098/2098 
f 2099/2099/2099 2101/2101/2101 2098/2098/2098 
f 2104/2104/2104 2103/2103/2103 2102/2102/2102 
f 2102/2102/2102 2105/2105/2105 2104/2104/2104 
f 2105/2105/2105 2106/2106/2106 2104/2104/2104 
f 2109/2109/2109 2108/2108/2108 2107/2107/2107 
f 2108/2108/2108 2110/2110/2110 2107/2107/2107 
f 2113/2113/2113 2112/2112/2112 2111/2111/2111 
f 2113/2113/2113 2114/2114/2114 2112/2112/2112 
f 2114/2114/2114 2115/2115/2115 2112/2112/2112 
f 2115/2115/2115 2116/2116/2116 2112/2112/2112 
f 2116/2116/2116 2117/2117/2117 2112/2112/2112 
f 2117/2117/2117 2116/2116/2116 2118/2118/2118 
f 2116/2116/2116 2119/2119/2119 2118/2118/2118 
f 2120/2120/2120 2114/2114/2114 2113/2113/2113 
f 2121/2121/2121 2120/2120/2120 2113/2113/2113 
f 2120/2120/2120 2121/2121/2121 2122/2122/2122 
f 2119/2119/2119 2122/2122/2122 2118/2118/2118 
f 2121/2121/2121 2123/2123/2123 2122/2122/2122 
f 2123/2123/2123 2124/2124/2124 2122/2122/2122 
f 2122/2122/2122 2124/2124/2124 2118/2118/2118 
f 2127/2127/2127 2126/2126/2126 2125/2125/2125 
f 2126/2126/2126 2128/2128/2128 2125/2125/2125 
f 2131/2131/2131 2130/2130/2130 2129/2129/2129 
f 2129/2129/2129 2132/2132/2132 2131/2131/2131 
f 2133/2133/2133 2129/2129/2129 2130/2130/2130 
f 2129/2129/2129 2133/2133/2133 2134/2134/2134 
f 2133/2133/2133 2135/2135/2135 2134/2134/2134 
f 2136/2136/2136 2133/2133/2133 2130/2130/2130 
f 2133/2133/2133 2136/2136/2136 2137/2137/2137 
f 2136/2136/2136 2138/2138/2138 2137/2137/2137 
f 2138/2138/2138 2139/2139/2139 2137/2137/2137 
f 2140/2140/2140 2139/2139/2139 2138/2138/2138 
f 2141/2141/2141 2139/2139/2139 2140/2140/2140 
f 2142/2142/2142 2141/2141/2141 2140/2140/2140 
f 2143/2143/2143 2142/2142/2142 2140/2140/2140 
f 2143/2143/2143 2136/2136/2136 2130/2130/2130 
f 2142/2142/2142 2144/2144/2144 2141/2141/2141 
f 2145/2145/2145 2144/2144/2144 2142/2142/2142 
f 2142/2142/2142 2143/2143/2143 2145/2145/2145 
f 2145/2145/2145 2143/2143/2143 2130/2130/2130 
f 2144/2144/2144 2146/2146/2146 2141/2141/2141 
f 2141/2141/2141 2146/2146/2146 2139/2139/2139 
f 2135/2135/2135 2137/2137/2137 2147/2147/2147 
f 2137/2137/2137 2139/2139/2139 2147/2147/2147 
f 2134/2134/2134 2135/2135/2135 2147/2147/2147 
f 2134/2134/2134 2147/2147/2147 2148/2148/2148 
f 2149/2149/2149 2134/2134/2134 2148/2148/2148 
f 2150/2150/2150 2149/2149/2149 2148/2148/2148 
f 2131/2131/2131 2149/2149/2149 2150/2150/2150 
f 2148/2148/2148 2151/2151/2151 2150/2150/2150 
f 2151/2151/2151 2152/2152/2152 2150/2150/2150 
f 2155/2155/2155 2154/2154/2154 2153/2153/2153 
f 2158/2158/2158 2157/2157/2157 2156/2156/2156 
f 2157/2157/2157 2159/2159/2159 2156/2156/2156 
f 2162/2162/2162 2161/2161/2161 2160/2160/2160 
f 2161/2161/2161 2163/2163/2163 2160/2160/2160 
f 2166/2166/2166 2165/2165/2165 2164/2164/2164 
f 2165/2165/2165 2167/2167/2167 2164/2164/2164 
f 2165/2165/2165 2166/2166/2166 2168/2168/2168 
f 2169/2169/2169 2165/2165/2165 2168/2168/2168 
f 2172/2172/2172 2171/2171/2171 2170/2170/2170 
f 2171/2171/2171 2173/2173/2173 2170/2170/2170 
f 2176/2176/2176 2175/2175/2175 2174/2174/2174 
f 2179/2179/2179 2178/2178/2178 2177/2177/2177 
f 2182/2182/2182 2181/2181/2181 2180/2180/2180 
f 2181/2181/2181 2183/2183/2183 2180/2180/2180 
f 2186/2186/2186 2185/2185/2185 2184/2184/2184 
f 2185/2185/2185 2187/2187/2187 2184/2184/2184 
f 2190/2190/2190 2189/2189/2189 2188/2188/2188 
f 2189/2189/2189 2191/2191/2191 2188/2188/2188 
f 2194/2194/2194 2193/2193/2193 2192/2192/2192 
f 2193/2193/2193 2195/2195/2195 2192/2192/2192 
f 2198/2198/2198 2197/2197/2197 2196/2196/2196 
f 2197/2197/2197 2199/2199/2199 2196/2196/2196 
f 2202/2202/2202 2201/2201/2201 2200/2200/2200 
f 2201/2201/2201 2203/2203/2203 2200/2200/2200 
f 2206/2206/2206 2205/2205/2205 2204/2204/2204 
f 2205/2205/2205 2207/2207/2207 2204/2204/2204 
f 2210/2210/2210 2209/2209/2209 2208/2208/2208 
f 2209/2209/2209 2211/2211/2211 2208/2208/2208 
f 2214/2214/2214 2213/2213/2213 2212/2212/2212 
f 2213/2213/2213 2215/2215/2215 2212/2212/2212 
f 2218/2218/2218 2217/2217/2217 2216/2216/2216 
f 2217/2217/2217 2219/2219/2219 2216/2216/2216 
f 2222/2222/2222 2221/2221/2221 2220/2220/2220 
f 2221/2221/2221 2223/2223/2223 2220/2220/2220 
f 2226/2226/2226 2225/2225/2225 2224/2224/2224 
f 2225/2225/2225 2227/2227/2227 2224/2224/2224 
f 2230/2230/2230 2229/2229/2229 2228/2228/2228 
f 2229/2229/2229 2231/2231/2231 2228/2228/2228 
f 2234/2234/2234 2233/2233/2233 2232/2232/2232 
f 2233/2233/2233 2235/2235/2235 2232/2232/2232 
f 2238/2238/2238 2237/2237/2237 2236/2236/2236 
f 2237/2237/2237 2239/2239/2239 2236/2236/2236 
f 2242/2242/2242 2241/2241/2241 2240/2240/2240 
f 2241/2241/2241 2243/2243/2243 2240/2240/2240 
f 2246/2246/2246 2245/2245/2245 2244/2244/2244 
f 2245/2245/2245 2247/2247/2247 2244/2244/2244 
f 2250/2250/2250 2249/2249/2249 2248/2248/2248 
f 2249/2249/2249 2251/2251/2251 2248/2248/2248 
f 2254/2254/2254 2253/2253/2253 2252/2252/2252 
f 2253/2253/2253 2255/2255/2255 2252/2252/2252 
f 2258/2258/2258 2257/2257/2257 2256/2256/2256 
f 2257/2257/2257 2259/2259/2259 2256/2256/2256 
f 2262/2262/2262 2261/2261/2261 2260/2260/2260 
f 2261/2261/2261 2263/2263/2263 2260/2260/2260 
f 2264/2264/2264 2262/2262/2262 2260/2260/2260 
f 2262/2262/2262 2264/2264/2264 2265/2265/2265 
f 2265/2265/2265 2266/2266/2266 2262/2262/2262 
f 2266/2266/2266 2267/2267/2267 2262/2262/2262 
f 2264/2264/2264 2268/2268/2268 2265/2265/2265 
f 2268/2268/2268 2269/2269/2269 2265/2265/2265 
f 2270/2270/2270 2269/2269/2269 2268/2268/2268 
f 2273/2273/2273 2272/2272/2272 2271/2271/2271 
f 2272/2272/2272 2274/2274/2274 2271/2271/2271 
f 2277/2277/2277 2276/2276/2276 2275/2275/2275 
f 2276/2276/2276 2278/2278/2278 2275/2275/2275 
f 2281/2281/2281 2280/2280/2280 2279/2279/2279 
f 2284/2284/2284 2283/2283/2283 2282/2282/2282 
f 2283/2283/2283 2285/2285/2285 2282/2282/2282 
f 2288/2288/2288 2287/2287/2287 2286/2286/2286 
f 2291/2291/2291 2290/2290/2290 2289/2289/2289 
f 2294/2294/2294 2293/2293/2293 2292/2292/2292 
f 2293/2293/2293 2295/2295/2295 2292/2292/2292 
f 2298/2298/2298 2297/2297/2297 2296/2296/2296 
f 2301/2301/2301 2300/2300/2300 2299/2299/2299 
f 2300/2300/2300 2302/2302/2302 2299/2299/2299 
f 2305/2305/2305 2304/2304/2304 2303/2303/2303 
f 2304/2304/2304 2306/2306/2306 2303/2303/2303 
f 2309/2309/2309 2308/2308/2308 2307/2307/2307 
f 2308/2308/2308 2310/2310/2310 2307/2307/2307 
f 2309/2309/2309 2307/2307/2307 2311/2311/2311 
f 2311/2311/2311 2312/2312/2312 2309/2309/2309 
f 2312/2312/2312 2313/2313/2313 2309/2309/2309 
f 2313/2313/2313 2314/2314/2314 2309/2309/2309 
f 2315/2315/2315 2310/2310/2310 2308/2308/2308 
f 2317/2317/2317 2316/2316/2316 2315/2315/2315 
f 2320/2320/2320 2319/2319/2319 2318/2318/2318 
f 2318/2318/2318 2321/2321/2321 2320/2320/2320 
f 2321/2321/2321 2322/2322/2322 2320/2320/2320 
f 2322/2322/2322 2321/2321/2321 2323/2323/2323 
f 2322/2322/2322 2323/2323/2323 2324/2324/2324 
f 2322/2322/2322 2324/2324/2324 2325/2325/2325 
f 2326/2326/2326 2322/2322/2322 2325/2325/2325 
f 2327/2327/2327 2326/2326/2326 2325/2325/2325 
f 2327/2327/2327 2325/2325/2325 2328/2328/2328 
f 2327/2327/2327 2328/2328/2328 2329/2329/2329 
f 2330/2330/2330 2327/2327/2327 2329/2329/2329 
f 2333/2333/2333 2332/2332/2332 2331/2331/2331 
f 2332/2332/2332 2334/2334/2334 2331/2331/2331 
f 2337/2337/2337 2336/2336/2336 2335/2335/2335 
f 2336/2336/2336 2338/2338/2338 2335/2335/2335 
f 2341/2341/2341 2340/2340/2340 2339/2339/2339 
f 2344/2344/2344 2343/2343/2343 2342/2342/2342 
f 2343/2343/2343 2345/2345/2345 2342/2342/2342 
f 2348/2348/2348 2347/2347/2347 2346/2346/2346 
f 2347/2347/2347 2349/2349/2349 2346/2346/2346 
f 2347/2347/2347 2350/2350/2350 2349/2349/2349 
f 2350/2350/2350 2351/2351/2351 2349/2349/2349 
f 2350/2350/2350 2352/2352/2352 2351/2351/2351 
f 2352/2352/2352 2353/2353/2353 2351/2351/2351 
f 2356/2356/2356 2355/2355/2355 2354/2354/2354 
f 2355/2355/2355 2358/2358/2358 2357/2357/2357 
f 2361/2361/2361 2360/2360/2360 2359/2359/2359 
f 2360/2360/2360 2362/2362/2362 2359/2359/2359 
f 2365/2365/2365 2364/2364/2364 2363/2363/2363 
f 2364/2364/2364 2366/2366/2366 2363/2363/2363 
f 2364/2364/2364 2367/2367/2367 2366/2366/2366 
f 2367/2367/2367 2368/2368/2368 2366/2366/2366 
f 2367/2367/2367 2369/2369/2369 2368/2368/2368 
f 2369/2369/2369 2370/2370/2370 2368/2368/2368 
f 2373/2373/2373 2372/2372/2372 2371/2371/2371 
f 2372/2372/2372 2375/2375/2375 2374/2374/2374 
f 2378/2378/2378 2377/2377/2377 2376/2376/2376 
f 2377/2377/2377 2379/2379/2379 2376/2376/2376 
f 2382/2382/2382 2381/2381/2381 2380/2380/2380 
f 2381/2381/2381 2383/2383/2383 2380/2380/2380 
f 2386/2386/2386 2385/2385/2385 2384/2384/2384 
f 2385/2385/2385 2387/2387/2387 2384/2384/2384 
f 2390/2390/2390 2389/2389/2389 2388/2388/2388 
f 2389/2389/2389 2391/2391/2391 2388/2388/2388 
f 2394/2394/2394 2393/2393/2393 2392/2392/2392 
f 2393/2393/2393 2395/2395/2395 2392/2392/2392 
f 2398/2398/2398 2397/2397/2397 2396/2396/2396 
f 2397/2397/2397 2399/2399/2399 2396/2396/2396 
f 2402/2402/2402 2401/2401/2401 2400/2400/2400 
f 2401/2401/2401 2403/2403/2403 2400/2400/2400 
f 2406/2406/2406 2405/2405/2405 2404/2404/2404 
f 2405/2405/2405 2407/2407/2407 2404/2404/2404 
f 2410/2410/2410 2409/2409/2409 2408/2408/2408 
f 2409/2409/2409 2411/2411/2411 2408/2408/2408 
f 2414/2414/2414 2413/2413/2413 2412/2412/2412 
f 2413/2413/2413 2415/2415/2415 2412/2412/2412 
f 2415/2415/2415 2416/2416/2416 2412/2412/2412 
f 2416/2416/2416 2417/2417/2417 2412/2412/2412 
f 2420/2420/2420 2419/2419/2419 2418/2418/2418 
f 2419/2419/2419 2421/2421/2421 2418/2418/2418 
f 2424/2424/2424 2423/2423/2423 2422/2422/2422 
f 2427/2427/2427 2426/2426/2426 2425/2425/2425 
f 2430/2430/2430 2429/2429/2429 2428/2428/2428 
f 2429/2429/2429 2431/2431/2431 2428/2428/2428 
f 2434/2434/2434 2433/2433/2433 2432/2432/2432 
f 2433/2433/2433 2435/2435/2435 2432/2432/2432 
f 2438/2438/2438 2437/2437/2437 2436/2436/2436 
f 2437/2437/2437 2439/2439/2439 2436/2436/2436 
f 2442/2442/2442 2441/2441/2441 2440/2440/2440 
f 2441/2441/2441 2443/2443/2443 2440/2440/2440 
f 2446/2446/2446 2445/2445/2445 2444/2444/2444 
f 2445/2445/2445 2447/2447/2447 2444/2444/2444 
f 2447/2447/2447 2445/2445/2445 2448/2448/2448 
f 2445/2445/2445 2449/2449/2449 2448/2448/2448 
f 2452/2452/2452 2451/2451/2451 2450/2450/2450 
f 2451/2451/2451 2453/2453/2453 2450/2450/2450 
f 2456/2456/2456 2455/2455/2455 2454/2454/2454 
f 2455/2455/2455 2457/2457/2457 2454/2454/2454 
f 2460/2460/2460 2459/2459/2459 2458/2458/2458 
f 2459/2459/2459 2461/2461/2461 2458/2458/2458 
f 2464/2464/2464 2463/2463/2463 2462/2462/2462 
f 2463/2463/2463 2465/2465/2465 2462/2462/2462 
f 2468/2468/2468 2467/2467/2467 2466/2466/2466 
f 2467/2467/2467 2469/2469/2469 2466/2466/2466 
f 2472/2472/2472 2471/2471/2471 2470/2470/2470 
f 2471/2471/2471 2473/2473/2473 2470/2470/2470 
f 2476/2476/2476 2475/2475/2475 2474/2474/2474 
f 2475/2475/2475 2477/2477/2477 2474/2474/2474 
f 2478/2478/2478 2474/2474/2474 2477/2477/2477 
f 2481/2481/2481 2480/2480/2480 2479/2479/2479 
f 2480/2480/2480 2482/2482/2482 2479/2479/2479 
f 2485/2485/2485 2484/2484/2484 2483/2483/2483 
f 2488/2488/2488 2487/2487/2487 2486/2486/2486 
f 2489/2489/2489 2486/2486/2486 2487/2487/2487 
f 2490/2490/2490 2489/2489/2489 2487/2487/2487 
f 2493/2493/2493 2492/2492/2492 2491/2491/2491 
f 2492/2492/2492 2494/2494/2494 2491/2491/2491 
f 2494/2494/2494 2495/2495/2495 2491/2491/2491 
f 2495/2495/2495 2496/2496/2496 2491/2491/2491 
f 2492/2492/2492 2497/2497/2497 2494/2494/2494 
f 2497/2497/2497 2498/2498/2498 2494/2494/2494 
f 2497/2497/2497 2499/2499/2499 2498/2498/2498 
f 2499/2499/2499 2500/2500/2500 2498/2498/2498 
f 2497/2497/2497 2501/2501/2501 2499/2499/2499 
f 2504/2504/2504 2503/2503/2503 2502/2502/2502 
f 2503/2503/2503 2506/2506/2506 2505/2505/2505 
f 2509/2509/2509 2508/2508/2508 2507/2507/2507 
f 2508/2508/2508 2511/2511/2511 2510/2510/2510 
f 2514/2514/2514 2513/2513/2513 2512/2512/2512 
f 2513/2513/2513 2515/2515/2515 2512/2512/2512 
f 2516/2516/2516 2513/2513/2513 2514/2514/2514 
f 2517/2517/2517 2516/2516/2516 2514/2514/2514 
f 2520/2520/2520 2519/2519/2519 2518/2518/2518 
f 2519/2519/2519 2521/2521/2521 2518/2518/2518 
f 2524/2524/2524 2523/2523/2523 2522/2522/2522 
f 2523/2523/2523 2525/2525/2525 2522/2522/2522 
f 2528/2528/2528 2527/2527/2527 2526/2526/2526 
f 2527/2527/2527 2529/2529/2529 2526/2526/2526 
f 2532/2532/2532 2531/2531/2531 2530/2530/2530 
f 2531/2531/2531 2534/2534/2534 2533/2533/2533 
f 2537/2537/2537 2536/2536/2536 2535/2535/2535 
f 2536/2536/2536 2538/2538/2538 2535/2535/2535 
f 2541/2541/2541 2540/2540/2540 2539/2539/2539 
f 2540/2540/2540 2542/2542/2542 2539/2539/2539 
f 2545/2545/2545 2544/2544/2544 2543/2543/2543 
f 2544/2544/2544 2546/2546/2546 2543/2543/2543 
f 2549/2549/2549 2548/2548/2548 2547/2547/2547 
f 2548/2548/2548 2550/2550/2550 2547/2547/2547 
f 2549/2549/2549 2551/2551/2551 2548/2548/2548 
f 2551/2551/2551 2552/2552/2552 2548/2548/2548 
f 2551/2551/2551 2553/2553/2553 2552/2552/2552 
f 2553/2553/2553 2554/2554/2554 2552/2552/2552 
f 2553/2553/2553 2555/2555/2555 2554/2554/2554 
f 2555/2555/2555 2556/2556/2556 2554/2554/2554 
f 2555/2555/2555 2557/2557/2557 2556/2556/2556 
f 2557/2557/2557 2558/2558/2558 2556/2556/2556 
f 2558/2558/2558 2559/2559/2559 2556/2556/2556 
f 2559/2559/2559 2560/2560/2560 2556/2556/2556 
f 2559/2559/2559 2561/2561/2561 2560/2560/2560 
f 2561/2561/2561 2562/2562/2562 2560/2560/2560 
f 2561/2561/2561 2563/2563/2563 2562/2562/2562 
f 2563/2563/2563 2564/2564/2564 2562/2562/2562 
f 2563/2563/2563 2565/2565/2565 2564/2564/2564 
f 2565/2565/2565 2566/2566/2566 2564/2564/2564 
f 2565/2565/2565 2567/2567/2567 2566/2566/2566 
f 2567/2567/2567 2568/2568/2568 2566/2566/2566 
f 2569/2569/2569 2555/2555/2555 2553/2553/2553 
f 2569/2569/2569 2570/2570/2570 2555/2555/2555 
f 2570/2570/2570 2557/2557/2557 2555/2555/2555 
f 2570/2570/2570 2571/2571/2571 2557/2557/2557 
f 2571/2571/2571 2558/2558/2558 2557/2557/2557 
f 2570/2570/2570 2572/2572/2572 2571/2571/2571 
f 2570/2570/2570 2569/2569/2569 2572/2572/2572 
f 2572/2572/2572 2573/2573/2573 2571/2571/2571 
f 2571/2571/2571 2574/2574/2574 2558/2558/2558 
f 2567/2567/2567 2575/2575/2575 2568/2568/2568 
f 2575/2575/2575 2576/2576/2576 2568/2568/2568 
f 2567/2567/2567 2577/2577/2577 2575/2575/2575 
f 2575/2575/2575 2577/2577/2577 2578/2578/2578 
f 2579/2579/2579 2575/2575/2575 2578/2578/2578 
f 2579/2579/2579 2578/2578/2578 2580/2580/2580 
f 2581/2581/2581 2579/2579/2579 2580/2580/2580 
f 2581/2581/2581 2580/2580/2580 2582/2582/2582 
f 2583/2583/2583 2581/2581/2581 2582/2582/2582 
f 2583/2583/2583 2582/2582/2582 2584/2584/2584 
f 2585/2585/2585 2583/2583/2583 2584/2584/2584 
f 2585/2585/2585 2584/2584/2584 2586/2586/2586 
f 2587/2587/2587 2585/2585/2585 2586/2586/2586 
f 2588/2588/2588 2587/2587/2587 2586/2586/2586 
f 2588/2588/2588 2586/2586/2586 2589/2589/2589 
f 2590/2590/2590 2588/2588/2588 2589/2589/2589 
f 2591/2591/2591 2590/2590/2590 2589/2589/2589 
f 2591/2591/2591 2589/2589/2589 2592/2592/2592 
f 2593/2593/2593 2591/2591/2591 2592/2592/2592 
f 2593/2593/2593 2592/2592/2592 2594/2594/2594 
f 2595/2595/2595 2593/2593/2593 2594/2594/2594 
f 2595/2595/2595 2594/2594/2594 2596/2596/2596 
f 2597/2597/2597 2595/2595/2595 2596/2596/2596 
f 2597/2597/2597 2596/2596/2596 2598/2598/2598 
f 2574/2574/2574 2597/2597/2597 2598/2598/2598 
f 2574/2574/2574 2598/2598/2598 2558/2558/2558 
f 2586/2586/2586 2563/2563/2563 2589/2589/2589 
f 2565/2565/2565 2563/2563/2563 2586/2586/2586 
f 2563/2563/2563 2561/2561/2561 2589/2589/2589 
f 2598/2598/2598 2599/2599/2599 2558/2558/2558 
f 2599/2599/2599 2600/2600/2600 2558/2558/2558 
f 2596/2596/2596 2601/2601/2601 2598/2598/2598 
f 2601/2601/2601 2599/2599/2599 2598/2598/2598 
f 2594/2594/2594 2602/2602/2602 2596/2596/2596 
f 2602/2602/2602 2601/2601/2601 2596/2596/2596 
f 2592/2592/2592 2603/2603/2603 2594/2594/2594 
f 2603/2603/2603 2602/2602/2602 2594/2594/2594 
f 2604/2604/2604 2603/2603/2603 2592/2592/2592 
f 2589/2589/2589 2604/2604/2604 2592/2592/2592 
f 2561/2561/2561 2604/2604/2604 2589/2589/2589 
f 2561/2561/2561 2559/2559/2559 2604/2604/2604 
f 2559/2559/2559 2600/2600/2600 2604/2604/2604 
f 2559/2559/2559 2558/2558/2558 2600/2600/2600 
f 2605/2605/2605 2600/2600/2600 2599/2599/2599 
f 2606/2606/2606 2605/2605/2605 2599/2599/2599 
f 2599/2599/2599 2601/2601/2601 2606/2606/2606 
f 2601/2601/2601 2607/2607/2607 2606/2606/2606 
f 2601/2601/2601 2602/2602/2602 2607/2607/2607 
f 2607/2607/2607 2608/2608/2608 2606/2606/2606 
f 2608/2608/2608 2609/2609/2609 2606/2606/2606 
f 2605/2605/2605 2606/2606/2606 2609/2609/2609 
f 2609/2609/2609 2608/2608/2608 2610/2610/2610 
f 2608/2608/2608 2611/2611/2611 2610/2610/2610 
f 2611/2611/2611 2608/2608/2608 2607/2607/2607 
f 2611/2611/2611 2612/2612/2612 2610/2610/2610 
f 2602/2602/2602 2613/2613/2613 2607/2607/2607 
f 2613/2613/2613 2611/2611/2611 2607/2607/2607 
f 2603/2603/2603 2614/2614/2614 2602/2602/2602 
f 2614/2614/2614 2613/2613/2613 2602/2602/2602 
f 2611/2611/2611 2615/2615/2615 2612/2612/2612 
f 2611/2611/2611 2613/2613/2613 2615/2615/2615 
f 2613/2613/2613 2614/2614/2614 2615/2615/2615 
f 2615/2615/2615 2616/2616/2616 2612/2612/2612 
f 2616/2616/2616 2617/2617/2617 2612/2612/2612 
f 2616/2616/2616 2604/2604/2604 2617/2617/2617 
f 2604/2604/2604 2600/2600/2600 2617/2617/2617 
f 2600/2600/2600 2618/2618/2618 2617/2617/2617 
f 2600/2600/2600 2605/2605/2605 2619/2619/2619 
f 2550/2550/2550 2620/2620/2620 2547/2547/2547 
f 2620/2620/2620 2621/2621/2621 2547/2547/2547 
f 2621/2621/2621 2622/2622/2622 2547/2547/2547 
f 2622/2622/2622 2623/2623/2623 2547/2547/2547 
f 2623/2623/2623 2549/2549/2549 2547/2547/2547 
f 2623/2623/2623 2624/2624/2624 2549/2549/2549 
f 2624/2624/2624 2551/2551/2551 2549/2549/2549 
f 2624/2624/2624 2625/2625/2625 2551/2551/2551 
f 2625/2625/2625 2553/2553/2553 2551/2551/2551 
f 2625/2625/2625 2569/2569/2569 2553/2553/2553 
f 2625/2625/2625 2626/2626/2626 2569/2569/2569 
f 2626/2626/2626 2627/2627/2627 2569/2569/2569 
f 2569/2569/2569 2627/2627/2627 2572/2572/2572 
f 2624/2624/2624 2628/2628/2628 2625/2625/2625 
f 2628/2628/2628 2626/2626/2626 2625/2625/2625 
f 2624/2624/2624 2623/2623/2623 2628/2628/2628 
f 2623/2623/2623 2629/2629/2629 2628/2628/2628 
f 2623/2623/2623 2622/2622/2622 2629/2629/2629 
f 2622/2622/2622 2630/2630/2630 2629/2629/2629 
f 2621/2621/2621 2631/2631/2631 2622/2622/2622 
f 2631/2631/2631 2630/2630/2630 2622/2622/2622 
f 2631/2631/2631 2621/2621/2621 2620/2620/2620 
f 2632/2632/2632 2631/2631/2631 2620/2620/2620 
f 2633/2633/2633 2632/2632/2632 2620/2620/2620 
f 2634/2634/2634 2633/2633/2633 2620/2620/2620 
f 2634/2634/2634 2620/2620/2620 2550/2550/2550 
f 2635/2635/2635 2634/2634/2634 2550/2550/2550 
f 2635/2635/2635 2550/2550/2550 2548/2548/2548 
f 2636/2636/2636 2635/2635/2635 2548/2548/2548 
f 2636/2636/2636 2548/2548/2548 2552/2552/2552 
f 2637/2637/2637 2636/2636/2636 2552/2552/2552 
f 2637/2637/2637 2552/2552/2552 2554/2554/2554 
f 2638/2638/2638 2637/2637/2637 2554/2554/2554 
f 2638/2638/2638 2554/2554/2554 2556/2556/2556 
f 2639/2639/2639 2638/2638/2638 2556/2556/2556 
f 2639/2639/2639 2556/2556/2556 2560/2560/2560 
f 2640/2640/2640 2639/2639/2639 2560/2560/2560 
f 2640/2640/2640 2560/2560/2560 2562/2562/2562 
f 2641/2641/2641 2640/2640/2640 2562/2562/2562 
f 2641/2641/2641 2562/2562/2562 2564/2564/2564 
f 2642/2642/2642 2641/2641/2641 2564/2564/2564 
f 2642/2642/2642 2564/2564/2564 2566/2566/2566 
f 2643/2643/2643 2642/2642/2642 2566/2566/2566 
f 2643/2643/2643 2566/2566/2566 2568/2568/2568 
f 2644/2644/2644 2643/2643/2643 2568/2568/2568 
f 2645/2645/2645 2644/2644/2644 2568/2568/2568 
f 2576/2576/2576 2645/2645/2645 2568/2568/2568 
f 2646/2646/2646 2645/2645/2645 2576/2576/2576 
f 2647/2647/2647 2646/2646/2646 2576/2576/2576 
f 2648/2648/2648 2647/2647/2647 2576/2576/2576 
f 2575/2575/2575 2648/2648/2648 2576/2576/2576 
f 2648/2648/2648 2575/2575/2575 2579/2579/2579 
f 2649/2649/2649 2648/2648/2648 2579/2579/2579 
f 2649/2649/2649 2579/2579/2579 2581/2581/2581 
f 2650/2650/2650 2649/2649/2649 2581/2581/2581 
f 2650/2650/2650 2581/2581/2581 2583/2583/2583 
f 2651/2651/2651 2650/2650/2650 2583/2583/2583 
f 2651/2651/2651 2583/2583/2583 2585/2585/2585 
f 2652/2652/2652 2651/2651/2651 2585/2585/2585 
f 2652/2652/2652 2585/2585/2585 2587/2587/2587 
f 2653/2653/2653 2652/2652/2652 2587/2587/2587 
f 2653/2653/2653 2587/2587/2587 2588/2588/2588 
f 2654/2654/2654 2653/2653/2653 2588/2588/2588 
f 2654/2654/2654 2588/2588/2588 2590/2590/2590 
f 2655/2655/2655 2654/2654/2654 2590/2590/2590 
f 2591/2591/2591 2656/2656/2656 2590/2590/2590 
f 2656/2656/2656 2591/2591/2591 2593/2593/2593 
f 2657/2657/2657 2656/2656/2656 2593/2593/2593 
f 2658/2658/2658 2657/2657/2657 2593/2593/2593 
f 2595/2595/2595 2658/2658/2658 2593/2593/2593 
f 2658/2658/2658 2595/2595/2595 2597/2597/2597 
f 2659/2659/2659 2658/2658/2658 2597/2597/2597 
f 2660/2660/2660 2659/2659/2659 2597/2597/2597 
f 2574/2574/2574 2660/2660/2660 2597/2597/2597 
f 2574/2574/2574 2571/2571/2571 2660/2660/2660 
f 2571/2571/2571 2573/2573/2573 2660/2660/2660 
f 2662/2662/2662 2655/2655/2655 2661/2661/2661 
f 2584/2584/2584 2663/2663/2663 2586/2586/2586 
f 2663/2663/2663 2664/2664/2664 2586/2586/2586 
f 2665/2665/2665 2663/2663/2663 2584/2584/2584 
f 2582/2582/2582 2665/2665/2665 2584/2584/2584 
f 2666/2666/2666 2665/2665/2665 2582/2582/2582 
f 2580/2580/2580 2666/2666/2666 2582/2582/2582 
f 2667/2667/2667 2666/2666/2666 2580/2580/2580 
f 2578/2578/2578 2667/2667/2667 2580/2580/2580 
f 2578/2578/2578 2577/2577/2577 2667/2667/2667 
f 2577/2577/2577 2668/2668/2668 2667/2667/2667 
f 2663/2663/2663 2669/2669/2669 2664/2664/2664 
f 2663/2663/2663 2665/2665/2665 2669/2669/2669 
f 2669/2669/2669 2670/2670/2670 2664/2664/2664 
f 2670/2670/2670 2671/2671/2671 2664/2664/2664 
f 2671/2671/2671 2672/2672/2672 2664/2664/2664 
f 2670/2670/2670 2673/2673/2673 2671/2671/2671 
f 2669/2669/2669 2673/2673/2673 2670/2670/2670 
f 2673/2673/2673 2674/2674/2674 2671/2671/2671 
f 2673/2673/2673 2675/2675/2675 2674/2674/2674 
f 2675/2675/2675 2673/2673/2673 2669/2669/2669 
f 2665/2665/2665 2676/2676/2676 2669/2669/2669 
f 2676/2676/2676 2675/2675/2675 2669/2669/2669 
f 2665/2665/2665 2666/2666/2666 2676/2676/2676 
f 2666/2666/2666 2677/2677/2677 2676/2676/2676 
f 2666/2666/2666 2667/2667/2667 2677/2677/2677 
f 2675/2675/2675 2676/2676/2676 2677/2677/2677 
f 2667/2667/2667 2678/2678/2678 2677/2677/2677 
f 2679/2679/2679 2675/2675/2675 2677/2677/2677 
f 2675/2675/2675 2679/2679/2679 2674/2674/2674 
f 2677/2677/2677 2678/2678/2678 2679/2679/2679 
f 2679/2679/2679 2680/2680/2680 2674/2674/2674 
f 2674/2674/2674 2680/2680/2680 2671/2671/2671 
f 2679/2679/2679 2681/2681/2681 2680/2680/2680 
f 2678/2678/2678 2681/2681/2681 2679/2679/2679 
f 2680/2680/2680 2681/2681/2681 2682/2682/2682 
f 2682/2682/2682 2681/2681/2681 2678/2678/2678 
f 2683/2683/2683 2680/2680/2680 2682/2682/2682 
f 2671/2671/2671 2683/2683/2683 2672/2672/2672 
f 2680/2680/2680 2683/2683/2683 2671/2671/2671 
f 2684/2684/2684 2682/2682/2682 2678/2678/2678 
f 2682/2682/2682 2684/2684/2684 2683/2683/2683 
f 2678/2678/2678 2667/2667/2667 2684/2684/2684 
f 2667/2667/2667 2668/2668/2668 2684/2684/2684 
f 2668/2668/2668 2685/2685/2685 2684/2684/2684 
f 2684/2684/2684 2685/2685/2685 2683/2683/2683 
f 2683/2683/2683 2685/2685/2685 2672/2672/2672 
f 2668/2668/2668 2664/2664/2664 2685/2685/2685 
f 2664/2664/2664 2672/2672/2672 2685/2685/2685 
f 2668/2668/2668 2567/2567/2567 2664/2664/2664 
f 2577/2577/2577 2567/2567/2567 2668/2668/2668 
f 2567/2567/2567 2565/2565/2565 2664/2664/2664 
f 2664/2664/2664 2565/2565/2565 2586/2586/2586 
f 2646/2646/2646 2686/2686/2686 2645/2645/2645 
f 2686/2686/2686 2644/2644/2644 2645/2645/2645 
f 2644/2644/2644 2686/2686/2686 2643/2643/2643 
f 2686/2686/2686 2687/2687/2687 2643/2643/2643 
f 2643/2643/2643 2687/2687/2687 2642/2642/2642 
f 2687/2687/2687 2688/2688/2688 2642/2642/2642 
f 2642/2642/2642 2688/2688/2688 2641/2641/2641 
f 2688/2688/2688 2689/2689/2689 2641/2641/2641 
f 2641/2641/2641 2689/2689/2689 2640/2640/2640 
f 2689/2689/2689 2690/2690/2690 2640/2640/2640 
f 2640/2640/2640 2690/2690/2690 2639/2639/2639 
f 2690/2690/2690 2691/2691/2691 2639/2639/2639 
f 2639/2639/2639 2691/2691/2691 2638/2638/2638 
f 2691/2691/2691 2692/2692/2692 2638/2638/2638 
f 2638/2638/2638 2692/2692/2692 2637/2637/2637 
f 2692/2692/2692 2693/2693/2693 2637/2637/2637 
f 2637/2637/2637 2693/2693/2693 2636/2636/2636 
f 2693/2693/2693 2694/2694/2694 2636/2636/2636 
f 2636/2636/2636 2694/2694/2694 2635/2635/2635 
f 2694/2694/2694 2695/2695/2695 2635/2635/2635 
f 2635/2635/2635 2695/2695/2695 2634/2634/2634 
f 2695/2695/2695 2696/2696/2696 2634/2634/2634 
f 2696/2696/2696 2633/2633/2633 2634/2634/2634 
f 2699/2699/2699 2698/2698/2698 2697/2697/2697 
f 2698/2698/2698 2700/2700/2700 2697/2697/2697 
f 2703/2703/2703 2702/2702/2702 2701/2701/2701 
f 2706/2706/2706 2705/2705/2705 2704/2704/2704 
f 2705/2705/2705 2707/2707/2707 2704/2704/2704 
f 2710/2710/2710 2709/2709/2709 2708/2708/2708 
f 2709/2709/2709 2711/2711/2711 2708/2708/2708 
f 2714/2714/2714 2713/2713/2713 2712/2712/2712 
f 2713/2713/2713 2715/2715/2715 2712/2712/2712 
f 2718/2718/2718 2717/2717/2717 2716/2716/2716 
f 2717/2717/2717 2719/2719/2719 2716/2716/2716 
f 2722/2722/2722 2721/2721/2721 2720/2720/2720 
f 2721/2721/2721 2724/2724/2724 2723/2723/2723 
f 2727/2727/2727 2726/2726/2726 2725/2725/2725 
f 2726/2726/2726 2728/2728/2728 2725/2725/2725 
f 2731/2731/2731 2730/2730/2730 2729/2729/2729 
f 2730/2730/2730 2732/2732/2732 2729/2729/2729 
f 2735/2735/2735 2734/2734/2734 2733/2733/2733 
f 2734/2734/2734 2736/2736/2736 2733/2733/2733 
f 2739/2739/2739 2738/2738/2738 2737/2737/2737 
f 2738/2738/2738 2740/2740/2740 2737/2737/2737 
f 2743/2743/2743 2742/2742/2742 2741/2741/2741 
f 2742/2742/2742 2744/2744/2744 2741/2741/2741 
f 2747/2747/2747 2746/2746/2746 2745/2745/2745 
f 2746/2746/2746 2749/2749/2749 2748/2748/2748 
f 2752/2752/2752 2751/2751/2751 2750/2750/2750 
f 2751/2751/2751 2753/2753/2753 2750/2750/2750 
f 2756/2756/2756 2755/2755/2755 2754/2754/2754 
f 2755/2755/2755 2757/2757/2757 2754/2754/2754 
f 2760/2760/2760 2759/2759/2759 2758/2758/2758 
f 2759/2759/2759 2761/2761/2761 2758/2758/2758 
f 2764/2764/2764 2763/2763/2763 2762/2762/2762 
f 2764/2764/2764 2765/2765/2765 2763/2763/2763 
f 2764/2764/2764 2766/2766/2766 2765/2765/2765 
f 2764/2764/2764 2767/2767/2767 2766/2766/2766 
f 2764/2764/2764 2768/2768/2768 2767/2767/2767 
f 2764/2764/2764 2769/2769/2769 2768/2768/2768 
f 2764/2764/2764 2770/2770/2770 2769/2769/2769 
f 2764/2764/2764 2771/2771/2771 2770/2770/2770 
f 2764/2764/2764 2772/2772/2772 2771/2771/2771 
f 2764/2764/2764 2773/2773/2773 2772/2772/2772 
f 2764/2764/2764 2774/2774/2774 2773/2773/2773 
f 2764/2764/2764 2762/2762/2762 2774/2774/2774 
f 2777/2777/2777 2776/2776/2776 2775/2775/2775 
f 2776/2776/2776 2778/2778/2778 2775/2775/2775 
f 2776/2776/2776 2779/2779/2779 2778/2778/2778 
f 2779/2779/2779 2780/2780/2780 2778/2778/2778 
f 2779/2779/2779 2781/2781/2781 2780/2780/2780 
f 2781/2781/2781 2782/2782/2782 2780/2780/2780 
f 2781/2781/2781 2783/2783/2783 2782/2782/2782 
f 2783/2783/2783 2784/2784/2784 2782/2782/2782 
f 2783/2783/2783 2785/2785/2785 2784/2784/2784 
f 2785/2785/2785 2786/2786/2786 2784/2784/2784 
f 2785/2785/2785 2787/2787/2787 2786/2786/2786 
f 2787/2787/2787 2788/2788/2788 2786/2786/2786 
f 2787/2787/2787 2789/2789/2789 2788/2788/2788 
f 2789/2789/2789 2790/2790/2790 2788/2788/2788 
f 2789/2789/2789 2791/2791/2791 2790/2790/2790 
f 2791/2791/2791 2792/2792/2792 2790/2790/2790 
f 2791/2791/2791 2793/2793/2793 2792/2792/2792 
f 2793/2793/2793 2794/2794/2794 2792/2792/2792 
f 2793/2793/2793 2795/2795/2795 2794/2794/2794 
f 2795/2795/2795 2796/2796/2796 2794/2794/2794 
f 2795/2795/2795 2797/2797/2797 2796/2796/2796 
f 2797/2797/2797 2798/2798/2798 2796/2796/2796 
f 2797/2797/2797 2777/2777/2777 2798/2798/2798 
f 2777/2777/2777 2775/2775/2775 2798/2798/2798 
f 2801/2801/2801 2800/2800/2800 2799/2799/2799 
f 2800/2800/2800 2802/2802/2802 2799/2799/2799 
f 2805/2805/2805 2804/2804/2804 2803/2803/2803 
f 2804/2804/2804 2806/2806/2806 2803/2803/2803 
f 2809/2809/2809 2808/2808/2808 2807/2807/2807 
f 2808/2808/2808 2810/2810/2810 2807/2807/2807 
f 2813/2813/2813 2812/2812/2812 2811/2811/2811 
f 2812/2812/2812 2814/2814/2814 2811/2811/2811 
f 2817/2817/2817 2816/2816/2816 2815/2815/2815 
f 2820/2820/2820 2819/2819/2819 2818/2818/2818 
f 2823/2823/2823 2822/2822/2822 2821/2821/2821 
f 2822/2822/2822 2825/2825/2825 2824/2824/2824 
f 2828/2828/2828 2827/2827/2827 2826/2826/2826 
f 2827/2827/2827 2829/2829/2829 2826/2826/2826 
f 2832/2832/2832 2831/2831/2831 2830/2830/2830 
f 2831/2831/2831 2833/2833/2833 2830/2830/2830 
f 2836/2836/2836 2835/2835/2835 2834/2834/2834 
f 2835/2835/2835 2837/2837/2837 2834/2834/2834 
f 2840/2840/2840 2839/2839/2839 2838/2838/2838 
f 2839/2839/2839 2841/2841/2841 2838/2838/2838 
f 2844/2844/2844 2843/2843/2843 2842/2842/2842 
f 2847/2847/2847 2846/2846/2846 2845/2845/2845 
f 2850/2850/2850 2849/2849/2849 2848/2848/2848 
f 2849/2849/2849 2852/2852/2852 2851/2851/2851 
f 2855/2855/2855 2854/2854/2854 2853/2853/2853 
f 2854/2854/2854 2856/2856/2856 2853/2853/2853 
f 2854/2854/2854 2857/2857/2857 2856/2856/2856 
f 2857/2857/2857 2858/2858/2858 2856/2856/2856 
f 2857/2857/2857 2859/2859/2859 2858/2858/2858 
f 2859/2859/2859 2860/2860/2860 2858/2858/2858 
f 2859/2859/2859 2861/2861/2861 2860/2860/2860 
f 2861/2861/2861 2862/2862/2862 2860/2860/2860 
f 2861/2861/2861 2863/2863/2863 2862/2862/2862 
f 2855/2855/2855 2853/2853/2853 2864/2864/2864 
f 2865/2865/2865 2855/2855/2855 2864/2864/2864 
f 2865/2865/2865 2864/2864/2864 2866/2866/2866 
f 2863/2863/2863 2868/2868/2868 2867/2867/2867 
f 2863/2863/2863 2869/2869/2869 2868/2868/2868 
f 2869/2869/2869 2870/2870/2870 2868/2868/2868 
f 2869/2869/2869 2871/2871/2871 2870/2870/2870 
f 2871/2871/2871 2872/2872/2872 2870/2870/2870 
f 2871/2871/2871 2873/2873/2873 2872/2872/2872 
f 2873/2873/2873 2874/2874/2874 2872/2872/2872 
f 2873/2873/2873 2875/2875/2875 2874/2874/2874 
f 2875/2875/2875 2876/2876/2876 2874/2874/2874 
f 2875/2875/2875 2877/2877/2877 2876/2876/2876 
f 2877/2877/2877 2878/2878/2878 2876/2876/2876 
f 2877/2877/2877 2865/2865/2865 2878/2878/2878 
f 2881/2881/2881 2880/2880/2880 2879/2879/2879 
f 2880/2880/2880 2882/2882/2882 2879/2879/2879 
f 2885/2885/2885 2884/2884/2884 2883/2883/2883 
f 2884/2884/2884 2886/2886/2886 2883/2883/2883 
f 2889/2889/2889 2888/2888/2888 2887/2887/2887 
f 2888/2888/2888 2890/2890/2890 2887/2887/2887 
f 2893/2893/2893 2892/2892/2892 2891/2891/2891 
f 2892/2892/2892 2894/2894/2894 2891/2891/2891 
f 2897/2897/2897 2896/2896/2896 2895/2895/2895 
f 2896/2896/2896 2898/2898/2898 2895/2895/2895 
f 2901/2901/2901 2900/2900/2900 2899/2899/2899 
f 2900/2900/2900 2902/2902/2902 2899/2899/2899 
f 2905/2905/2905 2904/2904/2904 2903/2903/2903 
f 2904/2904/2904 2906/2906/2906 2903/2903/2903 
f 2909/2909/2909 2908/2908/2908 2907/2907/2907 
f 2908/2908/2908 2910/2910/2910 2907/2907/2907 
f 2913/2913/2913 2912/2912/2912 2911/2911/2911 
f 2912/2912/2912 2914/2914/2914 2911/2911/2911 
f 2917/2917/2917 2916/2916/2916 2915/2915/2915 
f 2916/2916/2916 2918/2918/2918 2915/2915/2915 
f 2921/2921/2921 2920/2920/2920 2919/2919/2919 
f 2920/2920/2920 2922/2922/2922 2919/2919/2919 
f 2925/2925/2925 2924/2924/2924 2923/2923/2923 
f 2924/2924/2924 2926/2926/2926 2923/2923/2923 
f 2929/2929/2929 2928/2928/2928 2927/2927/2927 
f 2928/2928/2928 2930/2930/2930 2927/2927/2927 
f 2928/2928/2928 2931/2931/2931 2930/2930/2930 
f 2931/2931/2931 2932/2932/2932 2930/2930/2930 
f 2931/2931/2931 2933/2933/2933 2932/2932/2932 
f 2933/2933/2933 2934/2934/2934 2932/2932/2932 
f 2933/2933/2933 2935/2935/2935 2934/2934/2934 
f 2935/2935/2935 2936/2936/2936 2934/2934/2934 
f 2935/2935/2935 2937/2937/2937 2936/2936/2936 
f 2937/2937/2937 2938/2938/2938 2936/2936/2936 
f 2937/2937/2937 2939/2939/2939 2938/2938/2938 
f 2939/2939/2939 2940/2940/2940 2938/2938/2938 
f 2939/2939/2939 2941/2941/2941 2940/2940/2940 
f 2941/2941/2941 2942/2942/2942 2940/2940/2940 
f 2941/2941/2941 2943/2943/2943 2942/2942/2942 
f 2943/2943/2943 2944/2944/2944 2942/2942/2942 
f 2943/2943/2943 2945/2945/2945 2944/2944/2944 
f 2945/2945/2945 2946/2946/2946 2944/2944/2944 
f 2945/2945/2945 2947/2947/2947 2946/2946/2946 
f 2947/2947/2947 2948/2948/2948 2946/2946/2946 
f 2947/2947/2947 2949/2949/2949 2948/2948/2948 
f 2949/2949/2949 2950/2950/2950 2948/2948/2948 
f 2949/2949/2949 2929/2929/2929 2950/2950/2950 
f 2929/2929/2929 2927/2927/2927 2950/2950/2950 
f 2953/2953/2953 2952/2952/2952 2951/2951/2951 
f 2952/2952/2952 2954/2954/2954 2951/2951/2951 
f 2957/2957/2957 2956/2956/2956 2955/2955/2955 
f 2956/2956/2956 2958/2958/2958 2955/2955/2955 
f 2961/2961/2961 2960/2960/2960 2959/2959/2959 
f 2960/2960/2960 2962/2962/2962 2959/2959/2959 
f 2965/2965/2965 2964/2964/2964 2963/2963/2963 
f 2964/2964/2964 2966/2966/2966 2963/2963/2963 
f 2969/2969/2969 2968/2968/2968 2967/2967/2967 
f 2972/2972/2972 2971/2971/2971 2970/2970/2970 
f 2975/2975/2975 2974/2974/2974 2973/2973/2973 
f 2978/2978/2978 2977/2977/2977 2976/2976/2976 
f 2981/2981/2981 2980/2980/2980 2979/2979/2979 
f 2980/2980/2980 2982/2982/2982 2979/2979/2979 
f 2985/2985/2985 2984/2984/2984 2983/2983/2983 
f 2984/2984/2984 2986/2986/2986 2983/2983/2983 
f 2989/2989/2989 2988/2988/2988 2987/2987/2987 
f 2988/2988/2988 2990/2990/2990 2987/2987/2987 
f 2993/2993/2993 2992/2992/2992 2991/2991/2991 
f 2992/2992/2992 2994/2994/2994 2991/2991/2991 
f 2997/2997/2997 2996/2996/2996 2995/2995/2995 
f 3000/3000/3000 2999/2999/2999 2998/2998/2998 
f 3003/3003/3003 3002/3002/3002 3001/3001/3001 
f 3006/3006/3006 3005/3005/3005 3004/3004/3004 
f 3009/3009/3009 3008/3008/3008 3007/3007/3007 
f 3008/3008/3008 3010/3010/3010 3007/3007/3007 
f 3011/3011/3011 3010/3010/3010 3008/3008/3008 
f 3012/3012/3012 3011/3011/3011 3008/3008/3008 
f 3013/3013/3013 3012/3012/3012 3008/3008/3008 
f 3014/3014/3014 3012/3012/3012 3013/3013/3013 
f 3015/3015/3015 3014/3014/3014 3013/3013/3013 
f 3016/3016/3016 3014/3014/3014 3015/3015/3015 
f 3017/3017/3017 3016/3016/3016 3015/3015/3015 
f 3018/3018/3018 3016/3016/3016 3017/3017/3017 
f 3019/3019/3019 3018/3018/3018 3017/3017/3017 
f 3020/3020/3020 3008/3008/3008 3009/3009/3009 
f 3013/3013/3013 3008/3008/3008 3020/3020/3020 
f 3021/3021/3021 3020/3020/3020 3009/3009/3009 
f 3022/3022/3022 3013/3013/3013 3020/3020/3020 
f 3015/3015/3015 3013/3013/3013 3022/3022/3022 
f 3023/3023/3023 3015/3015/3015 3022/3022/3022 
f 3017/3017/3017 3015/3015/3015 3023/3023/3023 
f 3024/3024/3024 3022/3022/3022 3020/3020/3020 
f 3022/3022/3022 3024/3024/3024 3023/3023/3023 
f 3025/3025/3025 3024/3024/3024 3020/3020/3020 
f 3026/3026/3026 3024/3024/3024 3025/3025/3025 
f 3023/3023/3023 3024/3024/3024 3026/3026/3026 
f 3027/3027/3027 3026/3026/3026 3025/3025/3025 
f 3028/3028/3028 3017/3017/3017 3023/3023/3023 
f 3019/3019/3019 3017/3017/3017 3028/3028/3028 
f 3029/3029/3029 3019/3019/3019 3028/3028/3028 
f 3030/3030/3030 3028/3028/3028 3023/3023/3023 
f 3031/3031/3031 3030/3030/3030 3023/3023/3023 
f 3031/3031/3031 3023/3023/3023 3026/3026/3026 
f 3030/3030/3030 3032/3032/3032 3028/3028/3028 
f 3032/3032/3032 3029/3029/3029 3028/3028/3028 
f 3033/3033/3033 3025/3025/3025 3020/3020/3020 
f 3034/3034/3034 3033/3033/3033 3020/3020/3020 
f 3034/3034/3034 3020/3020/3020 3035/3035/3035 
f 3020/3020/3020 3021/3021/3021 3035/3035/3035 
f 3035/3035/3035 3021/3021/3021 3036/3036/3036 
f 3036/3036/3036 3021/3021/3021 3037/3037/3037 
f 3037/3037/3037 3021/3021/3021 3038/3038/3038 
f 3038/3038/3038 3021/3021/3021 3009/3009/3009 
f 3039/3039/3039 3038/3038/3038 3009/3009/3009 
f 3040/3040/3040 3037/3037/3037 3038/3038/3038 
f 3041/3041/3041 3036/3036/3036 3037/3037/3037 
f 3042/3042/3042 3036/3036/3036 3041/3041/3041 
f 3043/3043/3043 3042/3042/3042 3041/3041/3041 
f 3044/3044/3044 3042/3042/3042 3043/3043/3043 
f 3045/3045/3045 3044/3044/3044 3043/3043/3043 
f 3046/3046/3046 3035/3035/3035 3036/3036/3036 
f 3046/3046/3046 3042/3042/3042 3044/3044/3044 
f 3036/3036/3036 3042/3042/3042 3046/3046/3046 
f 3047/3047/3047 3044/3044/3044 3045/3045/3045 
f 3044/3044/3044 3047/3047/3047 3046/3046/3046 
f 3048/3048/3048 3047/3047/3047 3045/3045/3045 
f 3049/3049/3049 3035/3035/3035 3046/3046/3046 
f 3050/3050/3050 3049/3049/3049 3046/3046/3046 
f 3051/3051/3051 3050/3050/3050 3046/3046/3046 
f 3052/3052/3052 3051/3051/3051 3046/3046/3046 
f 3047/3047/3047 3052/3052/3052 3046/3046/3046 
f 3049/3049/3049 3050/3050/3050 3053/3053/3053 
f 3049/3049/3049 3053/3053/3053 3054/3054/3054 
f 3053/3053/3053 3055/3055/3055 3054/3054/3054 
f 3055/3055/3055 3056/3056/3056 3054/3054/3054 
f 3055/3055/3055 3057/3057/3057 3056/3056/3056 
f 3058/3058/3058 3057/3057/3057 3055/3055/3055 
f 3058/3058/3058 3059/3059/3059 3057/3057/3057 
f 3059/3059/3059 3060/3060/3060 3057/3057/3057 
f 3057/3057/3057 3060/3060/3060 3019/3019/3019 
f 3060/3060/3060 3018/3018/3018 3019/3019/3019 
f 3057/3057/3057 3019/3019/3019 3029/3029/3029 
f 3061/3061/3061 3057/3057/3057 3029/3029/3029 
f 3056/3056/3056 3057/3057/3057 3061/3061/3061 
f 3062/3062/3062 3058/3058/3058 3055/3055/3055 
f 3063/3063/3063 3054/3054/3054 3061/3061/3061 
f 3054/3054/3054 3056/3056/3056 3064/3064/3064 
f 3054/3054/3054 3063/3063/3063 3065/3065/3065 
f 3065/3065/3065 3049/3049/3049 3054/3054/3054 
f 3065/3065/3065 3034/3034/3034 3049/3049/3049 
f 3034/3034/3034 3035/3035/3035 3049/3049/3049 
f 3033/3033/3033 3034/3034/3034 3065/3065/3065 
f 3066/3066/3066 3033/3033/3033 3065/3065/3065 
f 3063/3063/3063 3066/3066/3066 3065/3065/3065 
f 3067/3067/3067 3033/3033/3033 3066/3066/3066 
f 3068/3068/3068 3067/3067/3067 3066/3066/3066 
f 3025/3025/3025 3033/3033/3033 3067/3067/3067 
f 3027/3027/3027 3025/3025/3025 3067/3067/3067 
f 3069/3069/3069 3063/3063/3063 3061/3061/3061 
f 3070/3070/3070 3069/3069/3069 3061/3061/3061 
f 3068/3068/3068 3066/3066/3066 3071/3071/3071 
f 3066/3066/3066 3063/3063/3063 3071/3071/3071 
f 3072/3072/3072 3069/3069/3069 3070/3070/3070 
f 3073/3073/3073 3072/3072/3072 3070/3070/3070 
f 3032/3032/3032 3073/3073/3073 3070/3070/3070 
f 3032/3032/3032 3070/3070/3070 3061/3061/3061 
f 3029/3029/3029 3032/3032/3032 3061/3061/3061 
f 3073/3073/3073 3032/3032/3032 3030/3030/3030 
f 3031/3031/3031 3073/3073/3073 3030/3030/3030 
f 3074/3074/3074 3073/3073/3073 3031/3031/3031 
f 3073/3073/3073 3074/3074/3074 3072/3072/3072 
f 3026/3026/3026 3074/3074/3074 3031/3031/3031 
f 3027/3027/3027 3075/3075/3075 3026/3026/3026 
f 3075/3075/3075 3074/3074/3074 3026/3026/3026 
f 3075/3075/3075 3027/3027/3027 3067/3067/3067 
f 3076/3076/3076 3075/3075/3075 3067/3067/3067 
f 3072/3072/3072 3076/3076/3076 3071/3071/3071 
f 3074/3074/3074 3076/3076/3076 3072/3072/3072 
f 3075/3075/3075 3076/3076/3076 3074/3074/3074 
f 3076/3076/3076 3067/3067/3067 3068/3068/3068 
f 3076/3076/3076 3068/3068/3068 3071/3071/3071 
f 3079/3079/3079 3078/3078/3078 3077/3077/3077 
f 3078/3078/3078 3058/3058/3058 3077/3077/3077 
f 3079/3079/3079 3077/3077/3077 3041/3041/3041 
f 3077/3077/3077 3043/3043/3043 3041/3041/3041 
f 3041/3041/3041 3037/3037/3037 3079/3079/3079 
f 3037/3037/3037 3078/3078/3078 3079/3079/3079 
f 3078/3078/3078 3037/3037/3037 3040/3040/3040 
f 3080/3080/3080 3078/3078/3078 3040/3040/3040 
f 3058/3058/3058 3078/3078/3078 3080/3080/3080 
f 3081/3081/3081 3058/3058/3058 3080/3080/3080 
f 3059/3059/3059 3058/3058/3058 3081/3081/3081 
f 3082/3082/3082 3059/3059/3059 3081/3081/3081 
f 3083/3083/3083 3059/3059/3059 3082/3082/3082 
f 3084/3084/3084 3083/3083/3083 3082/3082/3082 
f 3085/3085/3085 3083/3083/3083 3084/3084/3084 
f 3086/3086/3086 3085/3085/3085 3084/3084/3084 
f 3060/3060/3060 3059/3059/3059 3083/3083/3083 
f 3087/3087/3087 3060/3060/3060 3083/3083/3083 
f 3018/3018/3018 3060/3060/3060 3087/3087/3087 
f 3088/3088/3088 3018/3018/3018 3087/3087/3087 
f 3016/3016/3016 3018/3018/3018 3088/3088/3088 
f 3089/3089/3089 3016/3016/3016 3088/3088/3088 
f 3085/3085/3085 3090/3090/3090 3083/3083/3083 
f 3090/3090/3090 3087/3087/3087 3083/3083/3083 
f 3088/3088/3088 3087/3087/3087 3090/3090/3090 
f 3091/3091/3091 3088/3088/3088 3090/3090/3090 
f 3089/3089/3089 3088/3088/3088 3091/3091/3091 
f 3092/3092/3092 3055/3055/3055 3053/3053/3053 
f 3050/3050/3050 3092/3092/3092 3053/3053/3053 
f 3093/3093/3093 3055/3055/3055 3092/3092/3092 
f 3094/3094/3094 3093/3093/3093 3092/3092/3092 
f 3050/3050/3050 3051/3051/3051 3092/3092/3092 
f 3051/3051/3051 3094/3094/3094 3092/3092/3092 
f 3095/3095/3095 3093/3093/3093 3094/3094/3094 
f 3055/3055/3055 3093/3093/3093 3096/3096/3096 
f 3093/3093/3093 3097/3097/3097 3096/3096/3096 
f 3051/3051/3051 3098/3098/3098 3094/3094/3094 
f 3098/3098/3098 3095/3095/3095 3094/3094/3094 
f 3098/3098/3098 3051/3051/3051 3052/3052/3052 
f 3098/3098/3098 3052/3052/3052 3099/3099/3099 
f 3052/3052/3052 3047/3047/3047 3099/3099/3099 
f 3099/3099/3099 3047/3047/3047 3048/3048/3048 
f 3099/3099/3099 3100/3100/3100 3098/3098/3098 
f 3100/3100/3100 3095/3095/3095 3098/3098/3098 
f 3100/3100/3100 3099/3099/3099 3101/3101/3101 
f 3101/3101/3101 3099/3099/3099 3102/3102/3102 
f 3103/3103/3103 3100/3100/3100 3101/3101/3101 
f 3104/3104/3104 3100/3100/3100 3103/3103/3103 
f 3095/3095/3095 3105/3105/3105 3104/3104/3104 
f 3048/3048/3048 3045/3045/3045 3103/3103/3103 
f 3045/3045/3045 3106/3106/3106 3103/3103/3103 
f 3043/3043/3043 3106/3106/3106 3045/3045/3045 
f 3077/3077/3077 3107/3107/3107 3103/3103/3103 
f 3108/3108/3108 3055/3055/3055 3107/3107/3107 
f 3007/3007/3007 3109/3109/3109 3009/3009/3009 
f 3109/3109/3109 3039/3039/3039 3009/3009/3009 
f 3112/3112/3112 3111/3111/3111 3110/3110/3110 
f 3111/3111/3111 3113/3113/3113 3110/3110/3110 
f 3116/3116/3116 3115/3115/3115 3114/3114/3114 
f 3115/3115/3115 3117/3117/3117 3114/3114/3114 
f 3115/3115/3115 3118/3118/3118 3117/3117/3117 
f 3118/3118/3118 3119/3119/3119 3117/3117/3117 
f 3122/3122/3122 3121/3121/3121 3120/3120/3120 
f 3121/3121/3121 3123/3123/3123 3120/3120/3120 
f 3126/3126/3126 3125/3125/3125 3124/3124/3124 
f 3125/3125/3125 3127/3127/3127 3124/3124/3124 
f 3125/3125/3125 3128/3128/3128 3127/3127/3127 
f 3128/3128/3128 3129/3129/3129 3127/3127/3127 
f 3132/3132/3132 3131/3131/3131 3130/3130/3130 
f 3131/3131/3131 3133/3133/3133 3130/3130/3130 
f 3134/3134/3134 3131/3131/3131 3132/3132/3132 
f 3135/3135/3135 3134/3134/3134 3132/3132/3132 
f 3136/3136/3136 3134/3134/3134 3135/3135/3135 
f 3137/3137/3137 3136/3136/3136 3135/3135/3135 
f 3138/3138/3138 3136/3136/3136 3137/3137/3137 
f 3139/3139/3139 3138/3138/3138 3137/3137/3137 
f 3140/3140/3140 3138/3138/3138 3139/3139/3139 
f 3141/3141/3141 3140/3140/3140 3139/3139/3139 
f 3142/3142/3142 3140/3140/3140 3141/3141/3141 
f 3143/3143/3143 3142/3142/3142 3141/3141/3141 
f 3144/3144/3144 3142/3142/3142 3143/3143/3143 
f 3145/3145/3145 3144/3144/3144 3143/3143/3143 
f 3146/3146/3146 3144/3144/3144 3145/3145/3145 
f 3147/3147/3147 3146/3146/3146 3145/3145/3145 
f 3135/3135/3135 3132/3132/3132 3148/3148/3148 
f 3148/3148/3148 3132/3132/3132 3130/3130/3130 
f 3149/3149/3149 3148/3148/3148 3130/3130/3130 
f 3139/3139/3139 3137/3137/3137 3150/3150/3150 
f 3150/3150/3150 3137/3137/3137 3151/3151/3151 
f 3151/3151/3151 3135/3135/3135 3148/3148/3148 
f 3137/3137/3137 3135/3135/3135 3151/3151/3151 
f 3143/3143/3143 3141/3141/3141 3152/3152/3152 
f 3152/3152/3152 3141/3141/3141 3153/3153/3153 
f 3153/3153/3153 3139/3139/3139 3150/3150/3150 
f 3141/3141/3141 3139/3139/3139 3153/3153/3153 
f 3147/3147/3147 3145/3145/3145 3154/3154/3154 
f 3154/3154/3154 3145/3145/3145 3155/3155/3155 
f 3155/3155/3155 3143/3143/3143 3152/3152/3152 
f 3145/3145/3145 3143/3143/3143 3155/3155/3155 
f 3152/3152/3152 3153/3153/3153 3156/3156/3156 
f 3156/3156/3156 3153/3153/3153 3157/3157/3157 
f 3158/3158/3158 3152/3152/3152 3156/3156/3156 
f 3155/3155/3155 3152/3152/3152 3158/3158/3158 
f 3159/3159/3159 3155/3155/3155 3158/3158/3158 
f 3154/3154/3154 3155/3155/3155 3159/3159/3159 
f 3160/3160/3160 3154/3154/3154 3159/3159/3159 
f 3161/3161/3161 3154/3154/3154 3160/3160/3160 
f 3161/3161/3161 3147/3147/3147 3154/3154/3154 
f 3162/3162/3162 3161/3161/3161 3160/3160/3160 
f 3158/3158/3158 3156/3156/3156 3163/3163/3163 
f 3163/3163/3163 3156/3156/3156 3164/3164/3164 
f 3156/3156/3156 3165/3165/3165 3164/3164/3164 
f 3165/3165/3165 3156/3156/3156 3166/3166/3166 
f 3164/3164/3164 3165/3165/3165 3167/3167/3167 
f 3168/3168/3168 3164/3164/3164 3167/3167/3167 
f 3169/3169/3169 3158/3158/3158 3163/3163/3163 
f 3159/3159/3159 3158/3158/3158 3169/3169/3169 
f 3170/3170/3170 3159/3159/3159 3169/3169/3169 
f 3160/3160/3160 3159/3159/3159 3170/3170/3170 
f 3171/3171/3171 3160/3160/3160 3170/3170/3170 
f 3162/3162/3162 3160/3160/3160 3171/3171/3171 
f 3172/3172/3172 3162/3162/3162 3171/3171/3171 
f 3173/3173/3173 3161/3161/3161 3162/3162/3162 
f 3147/3147/3147 3161/3161/3161 3173/3173/3173 
f 3173/3173/3173 3162/3162/3162 3172/3172/3172 
f 3174/3174/3174 3147/3147/3147 3173/3173/3173 
f 3146/3146/3146 3147/3147/3147 3174/3174/3174 
f 3175/3175/3175 3146/3146/3146 3174/3174/3174 
f 3176/3176/3176 3146/3146/3146 3175/3175/3175 
f 3176/3176/3176 3177/3177/3177 3146/3146/3146 
f 3177/3177/3177 3144/3144/3144 3146/3146/3146 
f 3177/3177/3177 3178/3178/3178 3144/3144/3144 
f 3178/3178/3178 3142/3142/3142 3144/3144/3144 
f 3178/3178/3178 3179/3179/3179 3142/3142/3142 
f 3179/3179/3179 3140/3140/3140 3142/3142/3142 
f 3179/3179/3179 3180/3180/3180 3140/3140/3140 
f 3180/3180/3180 3138/3138/3138 3140/3140/3140 
f 3180/3180/3180 3181/3181/3181 3138/3138/3138 
f 3182/3182/3182 3176/3176/3176 3175/3175/3175 
f 3183/3183/3183 3173/3173/3173 3172/3172/3172 
f 3174/3174/3174 3173/3173/3173 3183/3183/3183 
f 3184/3184/3184 3174/3174/3174 3183/3183/3183 
f 3174/3174/3174 3184/3184/3184 3175/3175/3175 
f 3185/3185/3185 3184/3184/3184 3183/3183/3183 
f 3186/3186/3186 3185/3185/3185 3183/3183/3183 
f 3186/3186/3186 3183/3183/3183 3172/3172/3172 
f 3187/3187/3187 3186/3186/3186 3172/3172/3172 
f 3188/3188/3188 3185/3185/3185 3186/3186/3186 
f 3189/3189/3189 3188/3188/3188 3186/3186/3186 
f 3187/3187/3187 3189/3189/3189 3186/3186/3186 
f 3190/3190/3190 3188/3188/3188 3189/3189/3189 
f 3191/3191/3191 3190/3190/3190 3189/3189/3189 
f 3192/3192/3192 3189/3189/3189 3187/3187/3187 
f 3192/3192/3192 3193/3193/3193 3189/3189/3189 
f 3193/3193/3193 3191/3191/3191 3189/3189/3189 
f 3194/3194/3194 3192/3192/3192 3187/3187/3187 
f 3193/3193/3193 3192/3192/3192 3194/3194/3194 
f 3195/3195/3195 3194/3194/3194 3187/3187/3187 
f 3196/3196/3196 3193/3193/3193 3194/3194/3194 
f 3197/3197/3197 3193/3193/3193 3196/3196/3196 
f 3190/3190/3190 3191/3191/3191 3197/3197/3197 
f 3191/3191/3191 3193/3193/3193 3197/3197/3197 
f 3198/3198/3198 3197/3197/3197 3196/3196/3196 
f 3199/3199/3199 3188/3188/3188 3190/3190/3190 
f 3200/3200/3200 3199/3199/3199 3190/3190/3190 
f 3200/3200/3200 3190/3190/3190 3197/3197/3197 
f 3201/3201/3201 3200/3200/3200 3197/3197/3197 
f 3201/3201/3201 3197/3197/3197 3198/3198/3198 
f 3199/3199/3199 3202/3202/3202 3188/3188/3188 
f 3202/3202/3202 3185/3185/3185 3188/3188/3188 
f 3203/3203/3203 3185/3185/3185 3202/3202/3202 
f 3203/3203/3203 3204/3204/3204 3185/3185/3185 
f 3204/3204/3204 3184/3184/3184 3185/3185/3185 
f 3205/3205/3205 3203/3203/3203 3202/3202/3202 
f 3184/3184/3184 3204/3204/3204 3206/3206/3206 
f 3184/3184/3184 3206/3206/3206 3175/3175/3175 
f 3206/3206/3206 3207/3207/3207 3175/3175/3175 
f 3204/3204/3204 3207/3207/3207 3206/3206/3206 
f 3207/3207/3207 3182/3182/3182 3175/3175/3175 
f 3208/3208/3208 3182/3182/3182 3207/3207/3207 
f 3209/3209/3209 3208/3208/3208 3207/3207/3207 
f 3207/3207/3207 3204/3204/3204 3209/3209/3209 
f 3210/3210/3210 3208/3208/3208 3209/3209/3209 
f 3211/3211/3211 3210/3210/3210 3209/3209/3209 
f 3212/3212/3212 3210/3210/3210 3211/3211/3211 
f 3213/3213/3213 3212/3212/3212 3211/3211/3211 
f 3214/3214/3214 3212/3212/3212 3213/3213/3213 
f 3215/3215/3215 3214/3214/3214 3213/3213/3213 
f 3216/3216/3216 3215/3215/3215 3213/3213/3213 
f 3211/3211/3211 3217/3217/3217 3213/3213/3213 
f 3217/3217/3217 3216/3216/3216 3213/3213/3213 
f 3209/3209/3209 3218/3218/3218 3211/3211/3211 
f 3218/3218/3218 3217/3217/3217 3211/3211/3211 
f 3204/3204/3204 3218/3218/3218 3209/3209/3209 
f 3220/3220/3220 3219/3219/3219 3131/3131/3131 
f 3219/3219/3219 3133/3133/3133 3131/3131/3131 
f 3220/3220/3220 3131/3131/3131 3134/3134/3134 
f 3221/3221/3221 3220/3220/3220 3134/3134/3134 
f 3221/3221/3221 3134/3134/3134 3136/3136/3136 
f 3224/3224/3224 3223/3223/3223 3222/3222/3222 
f 3224/3224/3224 3222/3222/3222 3225/3225/3225 
f 3227/3227/3227 3156/3156/3156 3226/3226/3226 
f 3228/3228/3228 3227/3227/3227 3157/3157/3157 
f 3167/3167/3167 3230/3230/3230 3229/3229/3229 
f 3232/3232/3232 3229/3229/3229 3231/3231/3231 
f 3232/3232/3232 3231/3231/3231 3233/3233/3233 
f 3234/3234/3234 3232/3232/3232 3233/3233/3233 
f 3235/3235/3235 3234/3234/3234 3233/3233/3233 
f 3236/3236/3236 3235/3235/3235 3233/3233/3233 
f 3236/3236/3236 3233/3233/3233 3237/3237/3237 
f 3237/3237/3237 3231/3231/3231 3148/3148/3148 
f 3231/3231/3231 3151/3151/3151 3148/3148/3148 
f 3233/3233/3233 3238/3238/3238 3237/3237/3237 
f 3239/3239/3239 3236/3236/3236 3237/3237/3237 
f 3148/3148/3148 3149/3149/3149 3237/3237/3237 
f 3149/3149/3149 3239/3239/3239 3237/3237/3237 
f 3242/3242/3242 3241/3241/3241 3240/3240/3240 
f 3244/3244/3244 3243/3243/3243 3187/3187/3187 
f 3243/3243/3243 3195/3195/3195 3187/3187/3187 
f 3171/3171/3171 3244/3244/3244 3187/3187/3187 
f 3172/3172/3172 3171/3171/3171 3187/3187/3187 
f 3170/3170/3170 3244/3244/3244 3171/3171/3171 
f 3169/3169/3169 3244/3244/3244 3170/3170/3170 
f 3244/3244/3244 3169/3169/3169 3168/3168/3168 
f 3169/3169/3169 3245/3245/3245 3168/3168/3168 
f 3168/3168/3168 3245/3245/3245 3164/3164/3164 
f 3245/3245/3245 3246/3246/3246 3164/3164/3164 
f 3246/3246/3246 3163/3163/3163 3164/3164/3164 
f 3246/3246/3246 3169/3169/3169 3163/3163/3163 
f 3249/3249/3249 3248/3248/3248 3247/3247/3247 
f 3248/3248/3248 3250/3250/3250 3247/3247/3247 
f 3253/3253/3253 3252/3252/3252 3251/3251/3251 
f 3256/3256/3256 3255/3255/3255 3254/3254/3254 
f 3255/3255/3255 3257/3257/3257 3254/3254/3254 
f 3260/3260/3260 3259/3259/3259 3258/3258/3258 
f 3261/3261/3261 3260/3260/3260 3258/3258/3258 
f 3264/3264/3264 3263/3263/3263 3262/3262/3262 
f 3263/3263/3263 3265/3265/3265 3262/3262/3262 
f 3268/3268/3268 3267/3267/3267 3266/3266/3266 
f 3267/3267/3267 3269/3269/3269 3266/3266/3266 
f 3272/3272/3272 3271/3271/3271 3270/3270/3270 
f 3271/3271/3271 3273/3273/3273 3270/3270/3270 
f 3276/3276/3276 3275/3275/3275 3274/3274/3274 
f 3275/3275/3275 3277/3277/3277 3274/3274/3274 
f 3280/3280/3280 3279/3279/3279 3278/3278/3278 
f 3279/3279/3279 3281/3281/3281 3278/3278/3278 
f 3284/3284/3284 3283/3283/3283 3282/3282/3282 
f 3283/3283/3283 3285/3285/3285 3282/3282/3282 
f 3288/3288/3288 3287/3287/3287 3286/3286/3286 
f 3288/3288/3288 3289/3289/3289 3287/3287/3287 
f 3289/3289/3289 3290/3290/3290 3287/3287/3287 
f 3293/3293/3293 3292/3292/3292 3291/3291/3291 
f 3296/3296/3296 3295/3295/3295 3294/3294/3294 
f 3299/3299/3299 3298/3298/3298 3297/3297/3297 
f 3298/3298/3298 3300/3300/3300 3297/3297/3297 
f 3303/3303/3303 3302/3302/3302 3301/3301/3301 
f 3302/3302/3302 3304/3304/3304 3301/3301/3301 
f 3307/3307/3307 3306/3306/3306 3305/3305/3305 
f 3306/3306/3306 3308/3308/3308 3305/3305/3305 
f 3309/3309/3309 3306/3306/3306 3307/3307/3307 
f 3310/3310/3310 3309/3309/3309 3307/3307/3307 
f 3311/3311/3311 3309/3309/3309 3310/3310/3310 
f 3312/3312/3312 3311/3311/3311 3310/3310/3310 
f 3312/3312/3312 3313/3313/3313 3311/3311/3311 
f 3312/3312/3312 3314/3314/3314 3313/3313/3313 
f 3314/3314/3314 3315/3315/3315 3313/3313/3313 
f 3316/3316/3316 3315/3315/3315 3314/3314/3314 
f 3317/3317/3317 3316/3316/3316 3314/3314/3314 
f 3320/3320/3320 3319/3319/3319 3318/3318/3318 
f 3319/3319/3319 3321/3321/3321 3318/3318/3318 
f 3324/3324/3324 3323/3323/3323 3322/3322/3322 
f 3323/3323/3323 3325/3325/3325 3322/3322/3322 
f 3326/3326/3326 3323/3323/3323 3324/3324/3324 
f 3327/3327/3327 3326/3326/3326 3324/3324/3324 
f 3330/3330/3330 3329/3329/3329 3328/3328/3328 
f 3329/3329/3329 3331/3331/3331 3328/3328/3328 
f 3334/3334/3334 3333/3333/3333 3332/3332/3332 
f 3337/3337/3337 3336/3336/3336 3335/3335/3335 
f 3336/3336/3336 3338/3338/3338 3335/3335/3335 
f 3341/3341/3341 3340/3340/3340 3339/3339/3339 
f 3340/3340/3340 3342/3342/3342 3339/3339/3339 
f 3345/3345/3345 3344/3344/3344 3343/3343/3343 
f 3344/3344/3344 3346/3346/3346 3343/3343/3343 
f 3349/3349/3349 3348/3348/3348 3347/3347/3347 
f 3348/3348/3348 3350/3350/3350 3347/3347/3347 
f 3353/3353/3353 3352/3352/3352 3351/3351/3351 
f 3352/3352/3352 3354/3354/3354 3351/3351/3351 
f 3357/3357/3357 3356/3356/3356 3355/3355/3355 
f 3356/3356/3356 3358/3358/3358 3355/3355/3355 
f 3361/3361/3361 3360/3360/3360 3359/3359/3359 
f 3364/3364/3364 3363/3363/3363 3362/3362/3362 
f 3363/3363/3363 3365/3365/3365 3362/3362/3362 
f 3368/3368/3368 3367/3367/3367 3366/3366/3366 
f 3367/3367/3367 3369/3369/3369 3366/3366/3366 
f 3372/3372/3372 3371/3371/3371 3370/3370/3370 
f 3371/3371/3371 3373/3373/3373 3370/3370/3370 
f 3376/3376/3376 3375/3375/3375 3374/3374/3374 
f 3375/3375/3375 3377/3377/3377 3374/3374/3374 
f 3380/3380/3380 3379/3379/3379 3378/3378/3378 
f 3379/3379/3379 3381/3381/3381 3378/3378/3378 
f 3380/3380/3380 3382/3382/3382 3379/3379/3379 
f 3380/3380/3380 3383/3383/3383 3382/3382/3382 
f 3383/3383/3383 3384/3384/3384 3382/3382/3382 
f 3383/3383/3383 3385/3385/3385 3384/3384/3384 
f 3385/3385/3385 3386/3386/3386 3384/3384/3384 
f 3389/3389/3389 3388/3388/3388 3387/3387/3387 
f 3388/3388/3388 3390/3390/3390 3387/3387/3387 
f 3393/3393/3393 3392/3392/3392 3391/3391/3391 
f 3396/3396/3396 3395/3395/3395 3394/3394/3394 
f 3395/3395/3395 3397/3397/3397 3394/3394/3394 
f 3400/3400/3400 3399/3399/3399 3398/3398/3398 
f 3399/3399/3399 3401/3401/3401 3398/3398/3398 
f 3404/3404/3404 3403/3403/3403 3402/3402/3402 
f 3403/3403/3403 3405/3405/3405 3402/3402/3402 
f 3408/3408/3408 3407/3407/3407 3406/3406/3406 
f 3407/3407/3407 3409/3409/3409 3406/3406/3406 
f 3410/3410/3410 3408/3408/3408 3406/3406/3406 
f 3406/3406/3406 3411/3411/3411 3410/3410/3410 
f 3409/3409/3409 3407/3407/3407 3412/3412/3412 
f 3413/3413/3413 3409/3409/3409 3412/3412/3412 
f 3416/3416/3416 3415/3415/3415 3414/3414/3414 
f 3415/3415/3415 3417/3417/3417 3414/3414/3414 
f 3420/3420/3420 3419/3419/3419 3418/3418/3418 
f 3419/3419/3419 3421/3421/3421 3418/3418/3418 
f 3424/3424/3424 3423/3423/3423 3422/3422/3422 
f 3423/3423/3423 3425/3425/3425 3422/3422/3422 
f 3428/3428/3428 3427/3427/3427 3426/3426/3426 
f 3427/3427/3427 3429/3429/3429 3426/3426/3426 
f 3432/3432/3432 3431/3431/3431 3430/3430/3430 
f 3431/3431/3431 3433/3433/3433 3430/3430/3430 
f 3436/3436/3436 3435/3435/3435 3434/3434/3434 
f 3435/3435/3435 3437/3437/3437 3434/3434/3434 
f 3440/3440/3440 3439/3439/3439 3438/3438/3438 
f 3439/3439/3439 3441/3441/3441 3438/3438/3438 
f 3444/3444/3444 3443/3443/3443 3442/3442/3442 
f 3443/3443/3443 3445/3445/3445 3442/3442/3442 
f 3448/3448/3448 3447/3447/3447 3446/3446/3446 
f 3447/3447/3447 3449/3449/3449 3446/3446/3446 
f 3448/3448/3448 3446/3446/3446 3450/3450/3450 
f 3448/3448/3448 3450/3450/3450 3451/3451/3451 
f 3452/3452/3452 3448/3448/3448 3451/3451/3451 
f 3451/3451/3451 3453/3453/3453 3452/3452/3452 
f 3455/3455/3455 3454/3454/3454 3453/3453/3453 
f 3455/3455/3455 3456/3456/3456 3454/3454/3454 
f 3455/3455/3455 3457/3457/3457 3456/3456/3456 
f 3458/3458/3458 3457/3457/3457 3455/3455/3455 
f 3459/3459/3459 3458/3458/3458 3455/3455/3455 
f 3462/3462/3462 3461/3461/3461 3460/3460/3460 
f 3461/3461/3461 3463/3463/3463 3460/3460/3460 
f 3466/3466/3466 3465/3465/3465 3464/3464/3464 
f 3465/3465/3465 3467/3467/3467 3464/3464/3464 
f 3470/3470/3470 3469/3469/3469 3468/3468/3468 
f 3471/3471/3471 3470/3470/3470 3468/3468/3468 
f 3472/3472/3472 3471/3471/3471 3468/3468/3468 
f 3475/3475/3475 3474/3474/3474 3473/3473/3473 
f 3474/3474/3474 3476/3476/3476 3473/3473/3473 
f 3479/3479/3479 3478/3478/3478 3477/3477/3477 
f 3478/3478/3478 3480/3480/3480 3477/3477/3477 
f 3483/3483/3483 3482/3482/3482 3481/3481/3481 
f 3482/3482/3482 3484/3484/3484 3481/3481/3481 
f 3487/3487/3487 3486/3486/3486 3485/3485/3485 
f 3486/3486/3486 3488/3488/3488 3485/3485/3485 
f 3491/3491/3491 3490/3490/3490 3489/3489/3489 
f 3490/3490/3490 3492/3492/3492 3489/3489/3489 
f 3495/3495/3495 3494/3494/3494 3493/3493/3493 
f 3494/3494/3494 3496/3496/3496 3493/3493/3493 
f 3499/3499/3499 3498/3498/3498 3497/3497/3497 
f 3498/3498/3498 3500/3500/3500 3497/3497/3497 
f 3498/3498/3498 3501/3501/3501 3500/3500/3500 
f 3501/3501/3501 3502/3502/3502 3500/3500/3500 
f 3501/3501/3501 3503/3503/3503 3502/3502/3502 
f 3503/3503/3503 3504/3504/3504 3502/3502/3502 
f 3503/3503/3503 3505/3505/3505 3504/3504/3504 
f 3505/3505/3505 3506/3506/3506 3504/3504/3504 
f 3505/3505/3505 3507/3507/3507 3506/3506/3506 
f 3507/3507/3507 3508/3508/3508 3506/3506/3506 
f 3507/3507/3507 3509/3509/3509 3508/3508/3508 
f 3509/3509/3509 3510/3510/3510 3508/3508/3508 
f 3509/3509/3509 3511/3511/3511 3510/3510/3510 
f 3511/3511/3511 3512/3512/3512 3510/3510/3510 
f 3511/3511/3511 3513/3513/3513 3512/3512/3512 
f 3513/3513/3513 3514/3514/3514 3512/3512/3512 
f 3513/3513/3513 3515/3515/3515 3514/3514/3514 
f 3515/3515/3515 3516/3516/3516 3514/3514/3514 
f 3515/3515/3515 3517/3517/3517 3516/3516/3516 
f 3517/3517/3517 3518/3518/3518 3516/3516/3516 
f 3517/3517/3517 3519/3519/3519 3518/3518/3518 
f 3519/3519/3519 3520/3520/3520 3518/3518/3518 
f 3519/3519/3519 3521/3521/3521 3520/3520/3520 
f 3521/3521/3521 3522/3522/3522 3520/3520/3520 
f 3521/3521/3521 3523/3523/3523 3522/3522/3522 
f 3523/3523/3523 3524/3524/3524 3522/3522/3522 
f 3523/3523/3523 3525/3525/3525 3524/3524/3524 
f 3525/3525/3525 3526/3526/3526 3524/3524/3524 
f 3525/3525/3525 3527/3527/3527 3526/3526/3526 
f 3527/3527/3527 3528/3528/3528 3526/3526/3526 
f 3527/3527/3527 3529/3529/3529 3528/3528/3528 
f 3529/3529/3529 3530/3530/3530 3528/3528/3528 
f 3529/3529/3529 3531/3531/3531 3530/3530/3530 
f 3531/3531/3531 3532/3532/3532 3530/3530/3530 
f 3531/3531/3531 3533/3533/3533 3532/3532/3532 
f 3533/3533/3533 3534/3534/3534 3532/3532/3532 
f 3533/3533/3533 3535/3535/3535 3534/3534/3534 
f 3535/3535/3535 3536/3536/3536 3534/3534/3534 
f 3535/3535/3535 3499/3499/3499 3536/3536/3536 
f 3499/3499/3499 3497/3497/3497 3536/3536/3536 
f 3537/3537/3537 3499/3499/3499 3535/3535/3535 
f 3537/3537/3537 3538/3538/3538 3499/3499/3499 
f 3538/3538/3538 3498/3498/3498 3499/3499/3499 
f 3538/3538/3538 3539/3539/3539 3498/3498/3498 
f 3539/3539/3539 3501/3501/3501 3498/3498/3498 
f 3539/3539/3539 3540/3540/3540 3501/3501/3501 
f 3540/3540/3540 3503/3503/3503 3501/3501/3501 
f 3540/3540/3540 3541/3541/3541 3503/3503/3503 
f 3541/3541/3541 3505/3505/3505 3503/3503/3503 
f 3542/3542/3542 3537/3537/3537 3535/3535/3535 
f 3542/3542/3542 3535/3535/3535 3533/3533/3533 
f 3543/3543/3543 3542/3542/3542 3533/3533/3533 
f 3541/3541/3541 3544/3544/3544 3505/3505/3505 
f 3544/3544/3544 3507/3507/3507 3505/3505/3505 
f 3544/3544/3544 3545/3545/3545 3507/3507/3507 
f 3545/3545/3545 3509/3509/3509 3507/3507/3507 
f 3545/3545/3545 3546/3546/3546 3509/3509/3509 
f 3546/3546/3546 3511/3511/3511 3509/3509/3509 
f 3546/3546/3546 3547/3547/3547 3511/3511/3511 
f 3547/3547/3547 3513/3513/3513 3511/3511/3511 
f 3547/3547/3547 3548/3548/3548 3513/3513/3513 
f 3548/3548/3548 3515/3515/3515 3513/3513/3513 
f 3548/3548/3548 3549/3549/3549 3515/3515/3515 
f 3549/3549/3549 3517/3517/3517 3515/3515/3515 
f 3549/3549/3549 3550/3550/3550 3517/3517/3517 
f 3550/3550/3550 3519/3519/3519 3517/3517/3517 
f 3550/3550/3550 3551/3551/3551 3519/3519/3519 
f 3551/3551/3551 3521/3521/3521 3519/3519/3519 
f 3551/3551/3551 3552/3552/3552 3521/3521/3521 
f 3552/3552/3552 3523/3523/3523 3521/3521/3521 
f 3552/3552/3552 3553/3553/3553 3523/3523/3523 
f 3553/3553/3553 3525/3525/3525 3523/3523/3523 
f 3553/3553/3553 3554/3554/3554 3525/3525/3525 
f 3554/3554/3554 3527/3527/3527 3525/3525/3525 
f 3554/3554/3554 3555/3555/3555 3527/3527/3527 
f 3555/3555/3555 3529/3529/3529 3527/3527/3527 
f 3555/3555/3555 3556/3556/3556 3529/3529/3529 
f 3556/3556/3556 3531/3531/3531 3529/3529/3529 
f 3556/3556/3556 3543/3543/3543 3531/3531/3531 
f 3543/3543/3543 3533/3533/3533 3531/3531/3531 
f 3559/3559/3559 3558/3558/3558 3557/3557/3557 
f 3559/3559/3559 3560/3560/3560 3558/3558/3558 
f 3559/3559/3559 3561/3561/3561 3560/3560/3560 
f 3559/3559/3559 3562/3562/3562 3561/3561/3561 
f 3559/3559/3559 3563/3563/3563 3562/3562/3562 
f 3559/3559/3559 3564/3564/3564 3563/3563/3563 
f 3559/3559/3559 3565/3565/3565 3564/3564/3564 
f 3559/3559/3559 3566/3566/3566 3565/3565/3565 
f 3559/3559/3559 3567/3567/3567 3566/3566/3566 
f 3559/3559/3559 3568/3568/3568 3567/3567/3567 
f 3559/3559/3559 3569/3569/3569 3568/3568/3568 
f 3559/3559/3559 3570/3570/3570 3569/3569/3569 
f 3559/3559/3559 3571/3571/3571 3570/3570/3570 
f 3559/3559/3559 3572/3572/3572 3571/3571/3571 
f 3559/3559/3559 3573/3573/3573 3572/3572/3572 
f 3559/3559/3559 3574/3574/3574 3573/3573/3573 
f 3559/3559/3559 3575/3575/3575 3574/3574/3574 
f 3559/3559/3559 3576/3576/3576 3575/3575/3575 
f 3559/3559/3559 3577/3577/3577 3576/3576/3576 
f 3559/3559/3559 3557/3557/3557 3577/3577/3577 
f 3580/3580/3580 3579/3579/3579 3578/3578/3578 
f 3579/3579/3579 3581/3581/3581 3578/3578/3578 
f 3579/3579/3579 3582/3582/3582 3581/3581/3581 
f 3582/3582/3582 3583/3583/3583 3581/3581/3581 
f 3582/3582/3582 3584/3584/3584 3583/3583/3583 
f 3584/3584/3584 3585/3585/3585 3583/3583/3583 
f 3584/3584/3584 3586/3586/3586 3585/3585/3585 
f 3586/3586/3586 3587/3587/3587 3585/3585/3585 
f 3586/3586/3586 3588/3588/3588 3587/3587/3587 
f 3588/3588/3588 3589/3589/3589 3587/3587/3587 
f 3588/3588/3588 3590/3590/3590 3589/3589/3589 
f 3590/3590/3590 3591/3591/3591 3589/3589/3589 
f 3590/3590/3590 3592/3592/3592 3591/3591/3591 
f 3592/3592/3592 3593/3593/3593 3591/3591/3591 
f 3592/3592/3592 3594/3594/3594 3593/3593/3593 
f 3594/3594/3594 3595/3595/3595 3593/3593/3593 
f 3594/3594/3594 3596/3596/3596 3595/3595/3595 
f 3596/3596/3596 3597/3597/3597 3595/3595/3595 
f 3596/3596/3596 3598/3598/3598 3597/3597/3597 
f 3598/3598/3598 3599/3599/3599 3597/3597/3597 
f 3598/3598/3598 3600/3600/3600 3599/3599/3599 
f 3600/3600/3600 3601/3601/3601 3599/3599/3599 
f 3600/3600/3600 3602/3602/3602 3601/3601/3601 
f 3602/3602/3602 3603/3603/3603 3601/3601/3601 
f 3602/3602/3602 3604/3604/3604 3603/3603/3603 
f 3604/3604/3604 3605/3605/3605 3603/3603/3603 
f 3604/3604/3604 3606/3606/3606 3605/3605/3605 
f 3606/3606/3606 3607/3607/3607 3605/3605/3605 
f 3606/3606/3606 3608/3608/3608 3607/3607/3607 
f 3608/3608/3608 3609/3609/3609 3607/3607/3607 
f 3608/3608/3608 3610/3610/3610 3609/3609/3609 
f 3610/3610/3610 3611/3611/3611 3609/3609/3609 
f 3610/3610/3610 3612/3612/3612 3611/3611/3611 
f 3612/3612/3612 3613/3613/3613 3611/3611/3611 
f 3612/3612/3612 3614/3614/3614 3613/3613/3613 
f 3614/3614/3614 3615/3615/3615 3613/3613/3613 
f 3614/3614/3614 3616/3616/3616 3615/3615/3615 
f 3616/3616/3616 3617/3617/3617 3615/3615/3615 
f 3616/3616/3616 3580/3580/3580 3617/3617/3617 
f 3580/3580/3580 3578/3578/3578 3617/3617/3617 
f 3620/3620/3620 3619/3619/3619 3618/3618/3618 
f 3619/3619/3619 3621/3621/3621 3618/3618/3618 
f 3624/3624/3624 3623/3623/3623 3622/3622/3622 
f 3623/3623/3623 3625/3625/3625 3622/3622/3622 
f 3628/3628/3628 3627/3627/3627 3626/3626/3626 
f 3627/3627/3627 3629/3629/3629 3626/3626/3626 
f 3632/3632/3632 3631/3631/3631 3630/3630/3630 
f 3631/3631/3631 3633/3633/3633 3630/3630/3630 
f 3636/3636/3636 3635/3635/3635 3634/3634/3634 
f 3635/3635/3635 3637/3637/3637 3634/3634/3634 
f 3640/3640/3640 3639/3639/3639 3638/3638/3638 
f 3639/3639/3639 3641/3641/3641 3638/3638/3638 
f 3644/3644/3644 3643/3643/3643 3642/3642/3642 
f 3643/3643/3643 3645/3645/3645 3642/3642/3642 
f 3648/3648/3648 3647/3647/3647 3646/3646/3646 
f 3647/3647/3647 3649/3649/3649 3646/3646/3646 
f 3652/3652/3652 3651/3651/3651 3650/3650/3650 
f 3655/3655/3655 3654/3654/3654 3653/3653/3653 
f 3658/3658/3658 3657/3657/3657 3656/3656/3656 
f 3661/3661/3661 3660/3660/3660 3659/3659/3659 
f 3664/3664/3664 3663/3663/3663 3662/3662/3662 
f 3663/3663/3663 3665/3665/3665 3662/3662/3662 
f 3668/3668/3668 3667/3667/3667 3666/3666/3666 
f 3667/3667/3667 3669/3669/3669 3666/3666/3666 
f 3672/3672/3672 3671/3671/3671 3670/3670/3670 
f 3671/3671/3671 3673/3673/3673 3670/3670/3670 
f 3676/3676/3676 3675/3675/3675 3674/3674/3674 
f 3675/3675/3675 3677/3677/3677 3674/3674/3674 
f 3680/3680/3680 3679/3679/3679 3678/3678/3678 
f 3679/3679/3679 3681/3681/3681 3678/3678/3678 
f 3684/3684/3684 3683/3683/3683 3682/3682/3682 
f 3683/3683/3683 3685/3685/3685 3682/3682/3682 
f 3688/3688/3688 3687/3687/3687 3686/3686/3686 
f 3687/3687/3687 3689/3689/3689 3686/3686/3686 
f 3692/3692/3692 3691/3691/3691 3690/3690/3690 
f 3691/3691/3691 3693/3693/3693 3690/3690/3690 
f 3696/3696/3696 3695/3695/3695 3694/3694/3694 
f 3699/3699/3699 3698/3698/3698 3697/3697/3697 
f 3702/3702/3702 3701/3701/3701 3700/3700/3700 
f 3705/3705/3705 3704/3704/3704 3703/3703/3703 
f 3708/3708/3708 3707/3707/3707 3706/3706/3706 
f 3707/3707/3707 3709/3709/3709 3706/3706/3706 
f 3707/3707/3707 3710/3710/3710 3709/3709/3709 
f 3710/3710/3710 3711/3711/3711 3709/3709/3709 
f 3710/3710/3710 3712/3712/3712 3711/3711/3711 
f 3712/3712/3712 3713/3713/3713 3711/3711/3711 
f 3712/3712/3712 3714/3714/3714 3713/3713/3713 
f 3714/3714/3714 3715/3715/3715 3713/3713/3713 
f 3714/3714/3714 3716/3716/3716 3715/3715/3715 
f 3716/3716/3716 3717/3717/3717 3715/3715/3715 
f 3716/3716/3716 3718/3718/3718 3717/3717/3717 
f 3718/3718/3718 3719/3719/3719 3717/3717/3717 
f 3718/3718/3718 3720/3720/3720 3719/3719/3719 
f 3720/3720/3720 3721/3721/3721 3719/3719/3719 
f 3720/3720/3720 3722/3722/3722 3721/3721/3721 
f 3722/3722/3722 3723/3723/3723 3721/3721/3721 
f 3722/3722/3722 3724/3724/3724 3723/3723/3723 
f 3724/3724/3724 3725/3725/3725 3723/3723/3723 
f 3724/3724/3724 3726/3726/3726 3725/3725/3725 
f 3726/3726/3726 3727/3727/3727 3725/3725/3725 
f 3726/3726/3726 3728/3728/3728 3727/3727/3727 
f 3728/3728/3728 3729/3729/3729 3727/3727/3727 
f 3728/3728/3728 3730/3730/3730 3729/3729/3729 
f 3730/3730/3730 3731/3731/3731 3729/3729/3729 
f 3717/3717/3717 3719/3719/3719 3732/3732/3732 
f 3717/3717/3717 3732/3732/3732 3715/3715/3715 
f 3732/3732/3732 3733/3733/3733 3715/3715/3715 
f 3715/3715/3715 3733/3733/3733 3713/3713/3713 
f 3733/3733/3733 3734/3734/3734 3713/3713/3713 
f 3713/3713/3713 3734/3734/3734 3711/3711/3711 
f 3734/3734/3734 3735/3735/3735 3711/3711/3711 
f 3711/3711/3711 3735/3735/3735 3709/3709/3709 
f 3735/3735/3735 3736/3736/3736 3709/3709/3709 
f 3709/3709/3709 3736/3736/3736 3737/3737/3737 
f 3737/3737/3737 3706/3706/3706 3709/3709/3709 
f 3737/3737/3737 3738/3738/3738 3706/3706/3706 
f 3738/3738/3738 3739/3739/3739 3706/3706/3706 
f 3739/3739/3739 3738/3738/3738 3708/3708/3708 
f 3739/3739/3739 3708/3708/3708 3706/3706/3706 
f 3738/3738/3738 3740/3740/3740 3708/3708/3708 
f 3740/3740/3740 3741/3741/3741 3708/3708/3708 
f 3741/3741/3741 3707/3707/3707 3708/3708/3708 
f 3741/3741/3741 3742/3742/3742 3707/3707/3707 
f 3742/3742/3742 3710/3710/3710 3707/3707/3707 
f 3742/3742/3742 3743/3743/3743 3710/3710/3710 
f 3743/3743/3743 3712/3712/3712 3710/3710/3710 
f 3743/3743/3743 3744/3744/3744 3712/3712/3712 
f 3744/3744/3744 3714/3714/3714 3712/3712/3712 
f 3744/3744/3744 3745/3745/3745 3714/3714/3714 
f 3745/3745/3745 3716/3716/3716 3714/3714/3714 
f 3745/3745/3745 3746/3746/3746 3716/3716/3716 
f 3746/3746/3746 3718/3718/3718 3716/3716/3716 
f 3746/3746/3746 3747/3747/3747 3718/3718/3718 
f 3747/3747/3747 3720/3720/3720 3718/3718/3718 
f 3747/3747/3747 3748/3748/3748 3720/3720/3720 
f 3748/3748/3748 3722/3722/3722 3720/3720/3720 
f 3748/3748/3748 3749/3749/3749 3722/3722/3722 
f 3749/3749/3749 3724/3724/3724 3722/3722/3722 
f 3749/3749/3749 3750/3750/3750 3724/3724/3724 
f 3750/3750/3750 3726/3726/3726 3724/3724/3724 
f 3750/3750/3750 3751/3751/3751 3726/3726/3726 
f 3744/3744/3744 3752/3752/3752 3745/3745/3745 
f 3753/3753/3753 3752/3752/3752 3744/3744/3744 
f 3752/3752/3752 3754/3754/3754 3745/3745/3745 
f 3745/3745/3745 3754/3754/3754 3746/3746/3746 
f 3754/3754/3754 3755/3755/3755 3746/3746/3746 
f 3746/3746/3746 3755/3755/3755 3747/3747/3747 
f 3755/3755/3755 3756/3756/3756 3747/3747/3747 
f 3747/3747/3747 3756/3756/3756 3748/3748/3748 
f 3756/3756/3756 3757/3757/3757 3748/3748/3748 
f 3748/3748/3748 3757/3757/3757 3749/3749/3749 
f 3757/3757/3757 3758/3758/3758 3749/3749/3749 
f 3749/3749/3749 3758/3758/3758 3750/3750/3750 
f 3758/3758/3758 3759/3759/3759 3750/3750/3750 
f 3750/3750/3750 3759/3759/3759 3760/3760/3760 
f 3759/3759/3759 3761/3761/3761 3760/3760/3760 
f 3760/3760/3760 3761/3761/3761 3762/3762/3762 
f 3763/3763/3763 3728/3728/3728 3726/3726/3726 
f 3765/3765/3765 3764/3764/3764 3728/3728/3728 
f 3766/3766/3766 3730/3730/3730 3728/3728/3728 
f 3762/3762/3762 3767/3767/3767 3730/3730/3730 
f 3767/3767/3767 3731/3731/3731 3730/3730/3730 
f 3767/3767/3767 3768/3768/3768 3731/3731/3731 
f 3768/3768/3768 3769/3769/3769 3731/3731/3731 
f 3769/3769/3769 3770/3770/3770 3731/3731/3731 
f 3770/3770/3770 3729/3729/3729 3731/3731/3731 
f 3770/3770/3770 3771/3771/3771 3729/3729/3729 
f 3771/3771/3771 3727/3727/3727 3729/3729/3729 
f 3771/3771/3771 3772/3772/3772 3727/3727/3727 
f 3772/3772/3772 3725/3725/3725 3727/3727/3727 
f 3772/3772/3772 3773/3773/3773 3725/3725/3725 
f 3773/3773/3773 3723/3723/3723 3725/3725/3725 
f 3773/3773/3773 3774/3774/3774 3723/3723/3723 
f 3723/3723/3723 3774/3774/3774 3721/3721/3721 
f 3721/3721/3721 3774/3774/3774 3775/3775/3775 
f 3721/3721/3721 3775/3775/3775 3719/3719/3719 
f 3719/3719/3719 3775/3775/3775 3732/3732/3732 
f 3775/3775/3775 3776/3776/3776 3732/3732/3732 
f 3776/3776/3776 3777/3777/3777 3732/3732/3732 
f 3732/3732/3732 3777/3777/3777 3733/3733/3733 
f 3777/3777/3777 3778/3778/3778 3733/3733/3733 
f 3733/3733/3733 3778/3778/3778 3734/3734/3734 
f 3778/3778/3778 3779/3779/3779 3734/3734/3734 
f 3734/3734/3734 3779/3779/3779 3735/3735/3735 
f 3779/3779/3779 3780/3780/3780 3735/3735/3735 
f 3735/3735/3735 3780/3780/3780 3736/3736/3736 
f 3780/3780/3780 3781/3781/3781 3736/3736/3736 
f 3736/3736/3736 3781/3781/3781 3737/3737/3737 
f 3781/3781/3781 3782/3782/3782 3737/3737/3737 
f 3737/3737/3737 3782/3782/3782 3738/3738/3738 
f 3782/3782/3782 3783/3783/3783 3738/3738/3738 
f 3738/3738/3738 3783/3783/3783 3784/3784/3784 
f 3783/3783/3783 3785/3785/3785 3784/3784/3784 
f 3786/3786/3786 3776/3776/3776 3775/3775/3775 
f 3774/3774/3774 3786/3786/3786 3775/3775/3775 
f 3787/3787/3787 3786/3786/3786 3774/3774/3774 
f 3773/3773/3773 3787/3787/3787 3774/3774/3774 
f 3788/3788/3788 3787/3787/3787 3773/3773/3773 
f 3772/3772/3772 3788/3788/3788 3773/3773/3773 
f 3789/3789/3789 3788/3788/3788 3772/3772/3772 
f 3771/3771/3771 3789/3789/3789 3772/3772/3772 
f 3790/3790/3790 3789/3789/3789 3771/3771/3771 
f 3770/3770/3770 3790/3790/3790 3771/3771/3771 
f 3791/3791/3791 3790/3790/3790 3770/3770/3770 
f 3769/3769/3769 3791/3791/3791 3770/3770/3770 
f 3792/3792/3792 3791/3791/3791 3769/3769/3769 
f 3768/3768/3768 3793/3793/3793 3769/3769/3769 
f 3767/3767/3767 3794/3794/3794 3768/3768/3768 
f 3795/3795/3795 3794/3794/3794 3767/3767/3767 
f 3762/3762/3762 3795/3795/3795 3767/3767/3767 
f 3794/3794/3794 3796/3796/3796 3768/3768/3768 
f 3761/3761/3761 3795/3795/3795 3797/3797/3797 
f 3799/3799/3799 3798/3798/3798 3741/3741/3741 
f 3798/3798/3798 3800/3800/3800 3741/3741/3741 
f 3741/3741/3741 3800/3800/3800 3742/3742/3742 
f 3800/3800/3800 3801/3801/3801 3742/3742/3742 
f 3742/3742/3742 3801/3801/3801 3743/3743/3743 
f 3801/3801/3801 3753/3753/3753 3743/3743/3743 
f 3743/3743/3743 3753/3753/3753 3744/3744/3744 
f 3804/3804/3804 3803/3803/3803 3802/3802/3802 
f 3803/3803/3803 3805/3805/3805 3802/3802/3802 
f 3806/3806/3806 3805/3805/3805 3803/3803/3803 
f 3807/3807/3807 3806/3806/3806 3803/3803/3803 
f 3808/3808/3808 3803/3803/3803 3804/3804/3804 
f 3809/3809/3809 3808/3808/3808 3804/3804/3804 
f 3810/3810/3810 3808/3808/3808 3809/3809/3809 
f 3811/3811/3811 3810/3810/3810 3809/3809/3809 
f 3812/3812/3812 3810/3810/3810 3811/3811/3811 
f 3813/3813/3813 3812/3812/3812 3811/3811/3811 
f 3814/3814/3814 3812/3812/3812 3813/3813/3813 
f 3815/3815/3815 3814/3814/3814 3813/3813/3813 
f 3816/3816/3816 3814/3814/3814 3815/3815/3815 
f 3817/3817/3817 3816/3816/3816 3815/3815/3815 
f 3818/3818/3818 3816/3816/3816 3817/3817/3817 
f 3819/3819/3819 3805/3805/3805 3806/3806/3806 
f 3819/3819/3819 3820/3820/3820 3805/3805/3805 
f 3820/3820/3820 3802/3802/3802 3805/3805/3805 
f 3821/3821/3821 3819/3819/3819 3806/3806/3806 
f 3822/3822/3822 3821/3821/3821 3807/3807/3807 
f 3823/3823/3823 3808/3808/3808 3810/3810/3810 
f 3824/3824/3824 3823/3823/3823 3810/3810/3810 
f 3824/3824/3824 3810/3810/3810 3812/3812/3812 
f 3825/3825/3825 3824/3824/3824 3812/3812/3812 
f 3825/3825/3825 3812/3812/3812 3814/3814/3814 
f 3826/3826/3826 3825/3825/3825 3814/3814/3814 
f 3826/3826/3826 3814/3814/3814 3816/3816/3816 
f 3827/3827/3827 3826/3826/3826 3816/3816/3816 
f 3827/3827/3827 3816/3816/3816 3818/3818/3818 
f 3828/3828/3828 3827/3827/3827 3818/3818/3818 
f 3828/3828/3828 3818/3818/3818 3817/3817/3817 
f 3829/3829/3829 3828/3828/3828 3817/3817/3817 
f 3830/3830/3830 3829/3829/3829 3817/3817/3817 
f 3830/3830/3830 3817/3817/3817 3815/3815/3815 
f 3831/3831/3831 3830/3830/3830 3815/3815/3815 
f 3831/3831/3831 3815/3815/3815 3813/3813/3813 
f 3832/3832/3832 3831/3831/3831 3813/3813/3813 
f 3832/3832/3832 3813/3813/3813 3811/3811/3811 
f 3833/3833/3833 3832/3832/3832 3811/3811/3811 
f 3834/3834/3834 3833/3833/3833 3811/3811/3811 
f 3809/3809/3809 3834/3834/3834 3811/3811/3811 
f 3835/3835/3835 3834/3834/3834 3809/3809/3809 
f 3804/3804/3804 3835/3835/3835 3809/3809/3809 
f 3835/3835/3835 3804/3804/3804 3802/3802/3802 
f 3836/3836/3836 3835/3835/3835 3802/3802/3802 
f 3836/3836/3836 3802/3802/3802 3820/3820/3820 
f 3837/3837/3837 3836/3836/3836 3820/3820/3820 
f 3836/3836/3836 3837/3837/3837 3835/3835/3835 
f 3838/3838/3838 3837/3837/3837 3820/3820/3820 
f 3839/3839/3839 3838/3838/3838 3820/3820/3820 
f 3819/3819/3819 3839/3839/3839 3820/3820/3820 
f 3832/3832/3832 3840/3840/3840 3831/3831/3831 
f 3833/3833/3833 3841/3841/3841 3832/3832/3832 
f 3841/3841/3841 3840/3840/3840 3832/3832/3832 
f 3834/3834/3834 3842/3842/3842 3833/3833/3833 
f 3842/3842/3842 3841/3841/3841 3833/3833/3833 
f 3835/3835/3835 3843/3843/3843 3834/3834/3834 
f 3843/3843/3843 3842/3842/3842 3834/3834/3834 
f 3837/3837/3837 3843/3843/3843 3835/3835/3835 
f 3844/3844/3844 3837/3837/3837 3838/3838/3838 
f 3845/3845/3845 3844/3844/3844 3838/3838/3838 
f 3845/3845/3845 3838/3838/3838 3839/3839/3839 
f 3846/3846/3846 3845/3845/3845 3839/3839/3839 
f 3847/3847/3847 3840/3840/3840 3841/3841/3841 
f 3847/3847/3847 3848/3848/3848 3840/3840/3840 
f 3848/3848/3848 3849/3849/3849 3840/3840/3840 
f 3840/3840/3840 3849/3849/3849 3831/3831/3831 
f 3831/3831/3831 3849/3849/3849 3830/3830/3830 
f 3849/3849/3849 3850/3850/3850 3830/3830/3830 
f 3830/3830/3830 3850/3850/3850 3829/3829/3829 
f 3850/3850/3850 3851/3851/3851 3829/3829/3829 
f 3848/3848/3848 3852/3852/3852 3849/3849/3849 
f 3852/3852/3852 3850/3850/3850 3849/3849/3849 
f 3852/3852/3852 3853/3853/3853 3850/3850/3850 
f 3854/3854/3854 3847/3847/3847 3841/3841/3841 
f 3855/3855/3855 3854/3854/3854 3842/3842/3842 
f 3856/3856/3856 3855/3855/3855 3843/3843/3843 
f 3844/3844/3844 3856/3856/3856 3837/3837/3837 
f 3856/3856/3856 3843/3843/3843 3837/3837/3837 
f 3855/3855/3855 3842/3842/3842 3843/3843/3843 
f 3854/3854/3854 3841/3841/3841 3842/3842/3842 
f 3858/3858/3858 3857/3857/3857 3829/3829/3829 
f 3857/3857/3857 3828/3828/3828 3829/3829/3829 
f 3859/3859/3859 3857/3857/3857 3858/3858/3858 
f 3859/3859/3859 3860/3860/3860 3857/3857/3857 
f 3860/3860/3860 3861/3861/3861 3857/3857/3857 
f 3862/3862/3862 3861/3861/3861 3828/3828/3828 
f 3861/3861/3861 3827/3827/3827 3828/3828/3828 
f 3861/3861/3861 3863/3863/3863 3827/3827/3827 
f 3863/3863/3863 3826/3826/3826 3827/3827/3827 
f 3863/3863/3863 3864/3864/3864 3826/3826/3826 
f 3864/3864/3864 3825/3825/3825 3826/3826/3826 
f 3864/3864/3864 3865/3865/3865 3825/3825/3825 
f 3865/3865/3865 3824/3824/3824 3825/3825/3825 
f 3865/3865/3865 3866/3866/3866 3824/3824/3824 
f 3866/3866/3866 3823/3823/3823 3824/3824/3824 
f 3866/3866/3866 3867/3867/3867 3823/3823/3823 
f 3867/3867/3867 3868/3868/3868 3823/3823/3823 
f 3823/3823/3823 3868/3868/3868 3808/3808/3808 
f 3868/3868/3868 3803/3803/3803 3808/3808/3808 
f 3868/3868/3868 3822/3822/3822 3803/3803/3803 
f 3822/3822/3822 3807/3807/3807 3803/3803/3803 
f 3867/3867/3867 3869/3869/3869 3868/3868/3868 
f 3869/3869/3869 3822/3822/3822 3868/3868/3868 
f 3869/3869/3869 3870/3870/3870 3822/3822/3822 
f 3870/3870/3870 3821/3821/3821 3822/3822/3822 
f 3821/3821/3821 3806/3806/3806 3807/3807/3807 
f 3870/3870/3870 3871/3871/3871 3821/3821/3821 
f 3871/3871/3871 3872/3872/3872 3821/3821/3821 
f 3872/3872/3872 3819/3819/3819 3821/3821/3821 
f 3873/3873/3873 3870/3870/3870 3869/3869/3869 
f 3873/3873/3873 3874/3874/3874 3870/3870/3870 
f 3874/3874/3874 3846/3846/3846 3871/3871/3871 
f 3874/3874/3874 3875/3875/3875 3870/3870/3870 
f 3846/3846/3846 3876/3876/3876 3875/3875/3875 
f 3877/3877/3877 3873/3873/3873 3869/3869/3869 
f 3877/3877/3877 3869/3869/3869 3867/3867/3867 
f 3878/3878/3878 3877/3877/3877 3867/3867/3867 
f 3878/3878/3878 3867/3867/3867 3866/3866/3866 
f 3879/3879/3879 3878/3878/3878 3866/3866/3866 
f 3879/3879/3879 3866/3866/3866 3865/3865/3865 
f 3880/3880/3880 3879/3879/3879 3865/3865/3865 
f 3880/3880/3880 3865/3865/3865 3864/3864/3864 
f 3881/3881/3881 3880/3880/3880 3864/3864/3864 
f 3881/3881/3881 3864/3864/3864 3863/3863/3863 
f 3882/3882/3882 3881/3881/3881 3863/3863/3863 
f 3882/3882/3882 3863/3863/3863 3861/3861/3861 
f 3860/3860/3860 3882/3882/3882 3861/3861/3861 
f 3883/3883/3883 3859/3859/3859 3858/3858/3858 
f 3883/3883/3883 3858/3858/3858 3884/3884/3884 
f 3887/3887/3887 3886/3886/3886 3885/3885/3885 
f 3886/3886/3886 3888/3888/3888 3885/3885/3885 
f 3886/3886/3886 3889/3889/3889 3888/3888/3888 
f 3889/3889/3889 3890/3890/3890 3888/3888/3888 
f 3890/3890/3890 3891/3891/3891 3888/3888/3888 
f 3891/3891/3891 3892/3892/3892 3888/3888/3888 
f 3892/3892/3892 3885/3885/3885 3888/3888/3888 
f 3885/3885/3885 3893/3893/3893 3887/3887/3887 
f 3885/3885/3885 3892/3892/3892 3893/3893/3893 
f 3893/3893/3893 3894/3894/3894 3887/3887/3887 
f 3894/3894/3894 3895/3895/3895 3887/3887/3887 
f 3895/3895/3895 3896/3896/3896 3887/3887/3887 
f 3896/3896/3896 3886/3886/3886 3887/3887/3887 
f 3896/3896/3896 3889/3889/3889 3886/3886/3886 
f 3889/3889/3889 3897/3897/3897 3890/3890/3890 
f 3897/3897/3897 3898/3898/3898 3890/3890/3890 
f 3890/3890/3890 3898/3898/3898 3891/3891/3891 
f 3898/3898/3898 3899/3899/3899 3891/3891/3891 
f 3891/3891/3891 3899/3899/3899 3892/3892/3892 
f 3899/3899/3899 3900/3900/3900 3892/3892/3892 
f 3892/3892/3892 3900/3900/3900 3893/3893/3893 
f 3893/3893/3893 3901/3901/3901 3894/3894/3894 
f 3900/3900/3900 3901/3901/3901 3893/3893/3893 
f 3901/3901/3901 3902/3902/3902 3894/3894/3894 
f 3894/3894/3894 3902/3902/3902 3895/3895/3895 
f 3902/3902/3902 3903/3903/3903 3895/3895/3895 
f 3895/3895/3895 3903/3903/3903 3896/3896/3896 
f 3903/3903/3903 3904/3904/3904 3896/3896/3896 
f 3896/3896/3896 3904/3904/3904 3889/3889/3889 
f 3904/3904/3904 3897/3897/3897 3889/3889/3889 
f 3907/3907/3907 3906/3906/3906 3905/3905/3905 
f 3906/3906/3906 3908/3908/3908 3905/3905/3905 
f 3909/3909/3909 3906/3906/3906 3907/3907/3907 
f 3910/3910/3910 3909/3909/3909 3907/3907/3907 
f 3911/3911/3911 3909/3909/3909 3910/3910/3910 
f 3912/3912/3912 3911/3911/3911 3910/3910/3910 
f 3913/3913/3913 3911/3911/3911 3912/3912/3912 
f 3914/3914/3914 3913/3913/3913 3912/3912/3912 
f 3915/3915/3915 3913/3913/3913 3914/3914/3914 
f 3916/3916/3916 3913/3913/3913 3915/3915/3915 
f 3917/3917/3917 3916/3916/3916 3915/3915/3915 
f 3918/3918/3918 3913/3913/3913 3916/3916/3916 
f 3918/3918/3918 3911/3911/3911 3913/3913/3913 
f 3919/3919/3919 3918/3918/3918 3916/3916/3916 
f 3919/3919/3919 3916/3916/3916 3917/3917/3917 
f 3920/3920/3920 3918/3918/3918 3919/3919/3919 
f 3918/3918/3918 3920/3920/3920 3911/3911/3911 
f 3920/3920/3920 3909/3909/3909 3911/3911/3911 
f 3921/3921/3921 3920/3920/3920 3919/3919/3919 
f 3922/3922/3922 3920/3920/3920 3921/3921/3921 
f 3920/3920/3920 3922/3922/3922 3909/3909/3909 
f 3923/3923/3923 3922/3922/3922 3921/3921/3921 
f 3924/3924/3924 3922/3922/3922 3923/3923/3923 
f 3925/3925/3925 3924/3924/3924 3923/3923/3923 
f 3922/3922/3922 3924/3924/3924 3906/3906/3906 
f 3924/3924/3924 3908/3908/3908 3906/3906/3906 
f 3922/3922/3922 3906/3906/3906 3909/3909/3909 
f 3926/3926/3926 3915/3915/3915 3914/3914/3914 
f 3927/3927/3927 3926/3926/3926 3914/3914/3914 
f 3926/3926/3926 3928/3928/3928 3915/3915/3915 
f 3928/3928/3928 3917/3917/3917 3915/3915/3915 
f 3929/3929/3929 3928/3928/3928 3926/3926/3926 
f 3930/3930/3930 3929/3929/3929 3926/3926/3926 
f 3930/3930/3930 3926/3926/3926 3927/3927/3927 
f 3931/3931/3931 3930/3930/3930 3927/3927/3927 
f 3931/3931/3931 3927/3927/3927 3932/3932/3932 
f 3932/3932/3932 3927/3927/3927 3914/3914/3914 
f 3933/3933/3933 3932/3932/3932 3914/3914/3914 
f 3934/3934/3934 3932/3932/3932 3933/3933/3933 
f 3935/3935/3935 3934/3934/3934 3933/3933/3933 
f 3936/3936/3936 3934/3934/3934 3935/3935/3935 
f 3937/3937/3937 3936/3936/3936 3935/3935/3935 
f 3938/3938/3938 3936/3936/3936 3937/3937/3937 
f 3939/3939/3939 3938/3938/3938 3937/3937/3937 
f 3940/3940/3940 3938/3938/3938 3939/3939/3939 
f 3941/3941/3941 3940/3940/3940 3939/3939/3939 
f 3942/3942/3942 3931/3931/3931 3932/3932/3932 
f 3942/3942/3942 3932/3932/3932 3934/3934/3934 
f 3943/3943/3943 3942/3942/3942 3934/3934/3934 
f 3943/3943/3943 3934/3934/3934 3936/3936/3936 
f 3944/3944/3944 3943/3943/3943 3936/3936/3936 
f 3944/3944/3944 3936/3936/3936 3938/3938/3938 
f 3945/3945/3945 3944/3944/3944 3938/3938/3938 
f 3945/3945/3945 3938/3938/3938 3940/3940/3940 
f 3946/3946/3946 3945/3945/3945 3940/3940/3940 
f 3943/3943/3943 3947/3947/3947 3942/3942/3942 
f 3947/3947/3947 3943/3943/3943 3944/3944/3944 
f 3947/3947/3947 3948/3948/3948 3942/3942/3942 
f 3948/3948/3948 3949/3949/3949 3942/3942/3942 
f 3949/3949/3949 3931/3931/3931 3942/3942/3942 
f 3931/3931/3931 3949/3949/3949 3930/3930/3930 
f 3949/3949/3949 3950/3950/3950 3930/3930/3930 
f 3950/3950/3950 3929/3929/3929 3930/3930/3930 
f 3951/3951/3951 3929/3929/3929 3950/3950/3950 
f 3951/3951/3951 3952/3952/3952 3929/3929/3929 
f 3952/3952/3952 3928/3928/3928 3929/3929/3929 
f 3952/3952/3952 3953/3953/3953 3928/3928/3928 
f 3953/3953/3953 3917/3917/3917 3928/3928/3928 
f 3954/3954/3954 3953/3953/3953 3952/3952/3952 
f 3955/3955/3955 3954/3954/3954 3952/3952/3952 
f 3955/3955/3955 3952/3952/3952 3951/3951/3951 
f 3956/3956/3956 3954/3954/3954 3955/3955/3955 
f 3957/3957/3957 3956/3956/3956 3955/3955/3955 
f 3958/3958/3958 3955/3955/3955 3951/3951/3951 
f 3957/3957/3957 3955/3955/3955 3958/3958/3958 
f 3959/3959/3959 3957/3957/3957 3958/3958/3958 
f 3960/3960/3960 3956/3956/3956 3957/3957/3957 
f 3961/3961/3961 3960/3960/3960 3957/3957/3957 
f 3959/3959/3959 3962/3962/3962 3957/3957/3957 
f 3962/3962/3962 3961/3961/3961 3957/3957/3957 
f 3963/3963/3963 3960/3960/3960 3961/3961/3961 
f 3964/3964/3964 3963/3963/3963 3961/3961/3961 
f 3964/3964/3964 3961/3961/3961 3962/3962/3962 
f 3965/3965/3965 3964/3964/3964 3962/3962/3962 
f 3966/3966/3966 3963/3963/3963 3964/3964/3964 
f 3967/3967/3967 3966/3966/3966 3964/3964/3964 
f 3965/3965/3965 3968/3968/3968 3964/3964/3964 
f 3968/3968/3968 3967/3967/3967 3964/3964/3964 
f 3969/3969/3969 3967/3967/3967 3968/3968/3968 
f 3966/3966/3966 3967/3967/3967 3969/3969/3969 
f 3970/3970/3970 3969/3969/3969 3968/3968/3968 
f 3971/3971/3971 3966/3966/3966 3969/3969/3969 
f 3972/3972/3972 3970/3970/3970 3968/3968/3968 
f 3973/3973/3973 3972/3972/3972 3968/3968/3968 
f 3965/3965/3965 3974/3974/3974 3968/3968/3968 
f 3974/3974/3974 3973/3973/3973 3968/3968/3968 
f 3962/3962/3962 3975/3975/3975 3965/3965/3965 
f 3975/3975/3975 3974/3974/3974 3965/3965/3965 
f 3976/3976/3976 3975/3975/3975 3962/3962/3962 
f 3959/3959/3959 3976/3976/3976 3962/3962/3962 
f 3977/3977/3977 3976/3976/3976 3959/3959/3959 
f 3958/3958/3958 3977/3977/3977 3959/3959/3959 
f 3951/3951/3951 3977/3977/3977 3958/3958/3958 
f 3977/3977/3977 3951/3951/3951 3950/3950/3950 
f 3975/3975/3975 3976/3976/3976 3978/3978/3978 
f 3978/3978/3978 3976/3976/3976 3977/3977/3977 
f 3979/3979/3979 3975/3975/3975 3978/3978/3978 
f 3974/3974/3974 3975/3975/3975 3979/3979/3979 
f 3980/3980/3980 3974/3974/3974 3979/3979/3979 
f 3973/3973/3973 3974/3974/3974 3980/3980/3980 
f 3981/3981/3981 3973/3973/3973 3980/3980/3980 
f 3972/3972/3972 3973/3973/3973 3981/3981/3981 
f 3982/3982/3982 3972/3972/3972 3981/3981/3981 
f 3983/3983/3983 3972/3972/3972 3982/3982/3982 
f 3984/3984/3984 3983/3983/3983 3982/3982/3982 
f 3985/3985/3985 3983/3983/3983 3984/3984/3984 
f 3986/3986/3986 3985/3985/3985 3984/3984/3984 
f 3985/3985/3985 3986/3986/3986 3987/3987/3987 
f 3986/3986/3986 3988/3988/3988 3987/3987/3987 
f 3988/3988/3988 3986/3986/3986 3945/3945/3945 
f 3986/3986/3986 3989/3989/3989 3945/3945/3945 
f 3989/3989/3989 3990/3990/3990 3945/3945/3945 
f 3990/3990/3990 3944/3944/3944 3945/3945/3945 
f 3990/3990/3990 3947/3947/3947 3944/3944/3944 
f 3987/3987/3987 3988/3988/3988 3946/3946/3946 
f 3988/3988/3988 3945/3945/3945 3946/3946/3946 
f 3985/3985/3985 3991/3991/3991 3983/3983/3983 
f 3991/3991/3991 3992/3992/3992 3983/3983/3983 
f 3992/3992/3992 3970/3970/3970 3983/3983/3983 
f 3970/3970/3970 3972/3972/3972 3983/3983/3983 
f 3969/3969/3969 3970/3970/3970 3992/3992/3992 
f 3993/3993/3993 3969/3969/3969 3992/3992/3992 
f 3993/3993/3993 3992/3992/3992 3991/3991/3991 
f 3971/3971/3971 3969/3969/3969 3993/3993/3993 
f 3994/3994/3994 3993/3993/3993 3991/3991/3991 
f 3995/3995/3995 3993/3993/3993 3994/3994/3994 
f 3971/3971/3971 3993/3993/3993 3995/3995/3995 
f 3996/3996/3996 3971/3971/3971 3995/3995/3995 
f 3971/3971/3971 3996/3996/3996 3966/3966/3966 
f 3996/3996/3996 3997/3997/3997 3966/3966/3966 
f 3966/3966/3966 3997/3997/3997 3998/3998/3998 
f 3966/3966/3966 3998/3998/3998 3963/3963/3963 
f 3963/3963/3963 3998/3998/3998 3960/3960/3960 
f 3998/3998/3998 3999/3999/3999 3960/3960/3960 
f 3960/3960/3960 3999/3999/3999 3956/3956/3956 
f 3999/3999/3999 4000/4000/4000 3956/3956/3956 
f 4000/4000/4000 4001/4001/4001 3956/3956/3956 
f 4001/4001/4001 3954/3954/3954 3956/3956/3956 
f 3954/3954/3954 4001/4001/4001 4002/4002/4002 
f 4001/4001/4001 4003/4003/4003 4002/4002/4002 
f 4003/4003/4003 4001/4001/4001 4000/4000/4000 
f 4003/4003/4003 4004/4004/4004 4002/4002/4002 
f 4002/4002/4002 4004/4004/4004 4005/4005/4005 
f 4004/4004/4004 4006/4006/4006 4005/4005/4005 
f 4005/4005/4005 4006/4006/4006 4007/4007/4007 
f 4006/4006/4006 4008/4008/4008 4007/4007/4007 
f 4007/4007/4007 4008/4008/4008 3919/3919/3919 
f 4008/4008/4008 3921/3921/3921 3919/3919/3919 
f 3921/3921/3921 4008/4008/4008 3923/3923/3923 
f 4008/4008/4008 4009/4009/4009 3923/3923/3923 
f 4009/4009/4009 4010/4010/4010 3923/3923/3923 
f 4010/4010/4010 3925/3925/3925 3923/3923/3923 
f 4007/4007/4007 3919/3919/3919 3917/3917/3917 
f 4007/4007/4007 3917/3917/3917 3953/3953/3953 
f 4005/4005/4005 4007/4007/4007 3953/3953/3953 
f 4002/4002/4002 4005/4005/4005 3953/3953/3953 
f 3953/3953/3953 3954/3954/3954 4002/4002/4002 
f 4011/4011/4011 4010/4010/4010 4009/4009/4009 
f 4012/4012/4012 4011/4011/4011 4009/4009/4009 
f 4006/4006/4006 4012/4012/4012 4008/4008/4008 
f 4012/4012/4012 4009/4009/4009 4008/4008/4008 
f 4013/4013/4013 4011/4011/4011 4012/4012/4012 
f 4014/4014/4014 4013/4013/4013 4012/4012/4012 
f 4014/4014/4014 4012/4012/4012 4006/4006/4006 
f 4004/4004/4004 4014/4014/4014 4006/4006/4006 
f 4015/4015/4015 4013/4013/4013 4014/4014/4014 
f 4016/4016/4016 4015/4015/4015 4014/4014/4014 
f 4016/4016/4016 4014/4014/4014 4004/4004/4004 
f 4003/4003/4003 4016/4016/4016 4004/4004/4004 
f 4016/4016/4016 4003/4003/4003 4017/4017/4017 
f 4017/4017/4017 4003/4003/4003 4000/4000/4000 
f 4018/4018/4018 4016/4016/4016 4017/4017/4017 
f 4015/4015/4015 4016/4016/4016 4018/4018/4018 
f 4019/4019/4019 4015/4015/4015 4018/4018/4018 
f 4017/4017/4017 4000/4000/4000 3999/3999/3999 
f 4020/4020/4020 4017/4017/4017 3999/3999/3999 
f 4018/4018/4018 4017/4017/4017 4020/4020/4020 
f 4021/4021/4021 4018/4018/4018 4020/4020/4020 
f 4019/4019/4019 4018/4018/4018 4021/4021/4021 
f 4022/4022/4022 4019/4019/4019 4021/4021/4021 
f 4020/4020/4020 3999/3999/3999 3998/3998/3998 
f 4023/4023/4023 4020/4020/4020 3998/3998/3998 
f 4021/4021/4021 4020/4020/4020 4023/4023/4023 
f 4022/4022/4022 4021/4021/4021 4023/4023/4023 
f 4024/4024/4024 4022/4022/4022 4023/4023/4023 
f 3997/3997/3997 4023/4023/4023 3998/3998/3998 
f 4024/4024/4024 4023/4023/4023 3997/3997/3997 
f 4024/4024/4024 3997/3997/3997 4025/4025/4025 
f 4025/4025/4025 3997/3997/3997 4026/4026/4026 
f 3997/3997/3997 3996/3996/3996 4026/4026/4026 
f 4026/4026/4026 3996/3996/3996 4027/4027/4027 
f 3996/3996/3996 3995/3995/3995 4027/4027/4027 
f 4027/4027/4027 3995/3995/3995 4028/4028/4028 
f 3995/3995/3995 3994/3994/3994 4028/4028/4028 
f 4028/4028/4028 3994/3994/3994 4029/4029/4029 
f 3994/3994/3994 3991/3991/3991 4029/4029/4029 
f 4029/4029/4029 3991/3991/3991 4030/4030/4030 
f 3991/3991/3991 3985/3985/3985 4030/4030/4030 
f 4030/4030/4030 3985/3985/3985 4031/4031/4031 
f 3985/3985/3985 3987/3987/3987 4031/4031/4031 
f 4031/4031/4031 3987/3987/3987 4032/4032/4032 
f 3987/3987/3987 3946/3946/3946 4032/4032/4032 
f 4032/4032/4032 3946/3946/3946 4033/4033/4033 
f 3946/3946/3946 3940/3940/3940 4033/4033/4033 
f 4033/4033/4033 3940/3940/3940 4034/4034/4034 
f 3940/3940/3940 3941/3941/3941 4034/4034/4034 
f 4034/4034/4034 3941/3941/3941 4035/4035/4035 
f 3941/3941/3941 3939/3939/3939 4035/4035/4035 
f 3939/3939/3939 4036/4036/4036 4035/4035/4035 
f 4035/4035/4035 4036/4036/4036 4037/4037/4037 
f 4036/4036/4036 4038/4038/4038 4037/4037/4037 
f 4037/4037/4037 4038/4038/4038 4039/4039/4039 
f 4038/4038/4038 4040/4040/4040 4039/4039/4039 
f 4039/4039/4039 4040/4040/4040 3905/3905/3905 
f 4040/4040/4040 3907/3907/3907 3905/3905/3905 
f 4036/4036/4036 3939/3939/3939 3937/3937/3937 
f 4038/4038/4038 4036/4036/4036 4041/4041/4041 
f 4036/4036/4036 4042/4042/4042 4041/4041/4041 
f 4040/4040/4040 4038/4038/4038 4043/4043/4043 
f 4038/4038/4038 4041/4041/4041 4043/4043/4043 
f 3907/3907/3907 4040/4040/4040 4043/4043/4043 
f 3910/3910/3910 3907/3907/3907 4043/4043/4043 
f 4042/4042/4042 3937/3937/3937 3935/3935/3935 
f 4044/4044/4044 4042/4042/4042 3935/3935/3935 
f 4041/4041/4041 4042/4042/4042 4044/4044/4044 
f 4044/4044/4044 3935/3935/3935 3933/3933/3933 
f 4045/4045/4045 4044/4044/4044 3933/3933/3933 
f 3910/3910/3910 4043/4043/4043 4045/4045/4045 
f 4043/4043/4043 4041/4041/4041 4045/4045/4045 
f 4041/4041/4041 4044/4044/4044 4045/4045/4045 
f 3912/3912/3912 4045/4045/4045 3933/3933/3933 
f 3912/3912/3912 3910/3910/3910 4045/4045/4045 
f 3914/3914/3914 3912/3912/3912 3933/3933/3933 
f 4039/4039/4039 3905/3905/3905 4046/4046/4046 
f 4046/4046/4046 3905/3905/3905 4047/4047/4047 
f 3905/3905/3905 3908/3908/3908 4047/4047/4047 
f 4047/4047/4047 3908/3908/3908 4048/4048/4048 
f 3908/3908/3908 3924/3924/3924 4048/4048/4048 
f 4048/4048/4048 3924/3924/3924 4049/4049/4049 
f 4049/4049/4049 3924/3924/3924 4050/4050/4050 
f 3924/3924/3924 3925/3925/3925 4050/4050/4050 
f 4050/4050/4050 3925/3925/3925 4051/4051/4051 
f 3925/3925/3925 4010/4010/4010 4051/4051/4051 
f 4051/4051/4051 4010/4010/4010 4052/4052/4052 
f 4049/4049/4049 4050/4050/4050 4052/4052/4052 
f 4050/4050/4050 4051/4051/4051 4052/4052/4052 
f 4010/4010/4010 4011/4011/4011 4052/4052/4052 
f 4052/4052/4052 4011/4011/4011 4053/4053/4053 
f 4011/4011/4011 4013/4013/4013 4053/4053/4053 
f 4053/4053/4053 4013/4013/4013 4054/4054/4054 
f 4013/4013/4013 4015/4015/4015 4054/4054/4054 
f 4054/4054/4054 4015/4015/4015 4055/4055/4055 
f 4015/4015/4015 4019/4019/4019 4055/4055/4055 
f 4055/4055/4055 4019/4019/4019 4056/4056/4056 
f 4019/4019/4019 4022/4022/4022 4056/4056/4056 
f 4056/4056/4056 4022/4022/4022 4057/4057/4057 
f 4022/4022/4022 4024/4024/4024 4057/4057/4057 
f 4057/4057/4057 4024/4024/4024 4025/4025/4025 
f 4052/4052/4052 4053/4053/4053 4058/4058/4058 
f 4059/4059/4059 4057/4057/4057 4025/4025/4025 
f 4060/4060/4060 4059/4059/4059 4025/4025/4025 
f 4059/4059/4059 4061/4061/4061 4057/4057/4057 
f 4061/4061/4061 4056/4056/4056 4057/4057/4057 
f 4061/4061/4061 4062/4062/4062 4056/4056/4056 
f 4062/4062/4062 4055/4055/4055 4056/4056/4056 
f 4062/4062/4062 4063/4063/4063 4055/4055/4055 
f 4063/4063/4063 4054/4054/4054 4055/4055/4055 
f 4063/4063/4063 4064/4064/4064 4054/4054/4054 
f 4064/4064/4064 4053/4053/4053 4054/4054/4054 
f 4064/4064/4064 4065/4065/4065 4053/4053/4053 
f 4065/4065/4065 4066/4066/4066 4053/4053/4053 
f 4053/4053/4053 4067/4067/4067 4049/4049/4049 
f 4067/4067/4067 4068/4068/4068 4049/4049/4049 
f 4065/4065/4065 4069/4069/4069 4067/4067/4067 
f 4069/4069/4069 4070/4070/4070 4068/4068/4068 
f 4069/4069/4069 4068/4068/4068 4071/4071/4071 
f 4070/4070/4070 4047/4047/4047 4048/4048/4048 
f 4070/4070/4070 4072/4072/4072 4047/4047/4047 
f 4072/4072/4072 4046/4046/4046 4047/4047/4047 
f 4072/4072/4072 4073/4073/4073 4046/4046/4046 
f 4073/4073/4073 4074/4074/4074 4046/4046/4046 
f 4074/4074/4074 4039/4039/4039 4046/4046/4046 
f 4037/4037/4037 4039/4039/4039 4074/4074/4074 
f 4075/4075/4075 4037/4037/4037 4074/4074/4074 
f 4035/4035/4035 4037/4037/4037 4075/4075/4075 
f 4076/4076/4076 4035/4035/4035 4075/4075/4075 
f 4076/4076/4076 4034/4034/4034 4035/4035/4035 
f 4077/4077/4077 4034/4034/4034 4076/4076/4076 
f 4078/4078/4078 4077/4077/4077 4076/4076/4076 
f 4079/4079/4079 4077/4077/4077 4078/4078/4078 
f 4032/4032/4032 4077/4077/4077 4079/4079/4079 
f 4031/4031/4031 4032/4032/4032 4079/4079/4079 
f 4079/4079/4079 4080/4080/4080 4031/4031/4031 
f 4078/4078/4078 4080/4080/4080 4079/4079/4079 
f 4080/4080/4080 4030/4030/4030 4031/4031/4031 
f 4073/4073/4073 4081/4081/4081 4074/4074/4074 
f 4081/4081/4081 4075/4075/4075 4074/4074/4074 
f 4081/4081/4081 4082/4082/4082 4075/4075/4075 
f 4082/4082/4082 4076/4076/4076 4075/4075/4075 
f 4082/4082/4082 4083/4083/4083 4076/4076/4076 
f 4083/4083/4083 4078/4078/4078 4076/4076/4076 
f 4084/4084/4084 4030/4030/4030 4080/4080/4080 
f 4084/4084/4084 4085/4085/4085 4030/4030/4030 
f 4085/4085/4085 4029/4029/4029 4030/4030/4030 
f 4086/4086/4086 4084/4084/4084 4080/4080/4080 
f 4083/4083/4083 4086/4086/4086 4078/4078/4078 
f 4086/4086/4086 4080/4080/4080 4078/4078/4078 
f 4085/4085/4085 4087/4087/4087 4029/4029/4029 
f 4087/4087/4087 4088/4088/4088 4029/4029/4029 
f 4088/4088/4088 4089/4089/4089 4029/4029/4029 
f 4087/4087/4087 4090/4090/4090 4088/4088/4088 
f 4032/4032/4032 4033/4033/4033 4091/4091/4091 
f 4092/4092/4092 4028/4028/4028 4029/4029/4029 
f 4093/4093/4093 4027/4027/4027 4028/4028/4028 
f 4094/4094/4094 4026/4026/4026 4088/4088/4088 
f 4026/4026/4026 4095/4095/4095 4088/4088/4088 
f 4095/4095/4095 4097/4097/4097 4096/4096/4096 
f 4099/4099/4099 4098/4098/4098 3986/3986/3986 
f 4100/4100/4100 4098/4098/4098 4099/4099/4099 
f 4101/4101/4101 4100/4100/4100 4099/4099/4099 
f 4102/4102/4102 4100/4100/4100 4101/4101/4101 
f 4103/4103/4103 4102/4102/4102 4101/4101/4101 
f 4104/4104/4104 4102/4102/4102 4103/4103/4103 
f 4105/4105/4105 4104/4104/4104 4103/4103/4103 
f 4106/4106/4106 4104/4104/4104 4105/4105/4105 
f 4107/4107/4107 4106/4106/4106 4105/4105/4105 
f 4108/4108/4108 4107/4107/4107 4105/4105/4105 
f 4108/4108/4108 4105/4105/4105 4103/4103/4103 
f 4108/4108/4108 4109/4109/4109 4107/4107/4107 
f 4099/4099/4099 3986/3986/3986 4110/4110/4110 
f 3986/3986/3986 3984/3984/3984 4110/4110/4110 
f 4110/4110/4110 3984/3984/3984 3982/3982/3982 
f 4111/4111/4111 4110/4110/4110 3982/3982/3982 
f 4110/4110/4110 4111/4111/4111 4099/4099/4099 
f 3981/3981/3981 4111/4111/4111 3982/3982/3982 
f 4112/4112/4112 4111/4111/4111 3981/3981/3981 
f 3980/3980/3980 4112/4112/4112 3981/3981/3981 
f 4113/4113/4113 4112/4112/4112 3980/3980/3980 
f 4113/4113/4113 4108/4108/4108 4103/4103/4103 
f 3979/3979/3979 4113/4113/4113 3980/3980/3980 
f 4113/4113/4113 3979/3979/3979 4108/4108/4108 
f 3979/3979/3979 4109/4109/4109 4108/4108/4108 
f 4112/4112/4112 4113/4113/4113 4101/4101/4101 
f 4113/4113/4113 4103/4103/4103 4101/4101/4101 
f 4111/4111/4111 4112/4112/4112 4099/4099/4099 
f 4112/4112/4112 4101/4101/4101 4099/4099/4099 
f 4114/4114/4114 3977/3977/3977 4106/4106/4106 
f 4114/4114/4114 3978/3978/3978 3977/3977/3977 
f 3977/3977/3977 4115/4115/4115 4106/4106/4106 
f 4106/4106/4106 4115/4115/4115 4116/4116/4116 
f 4104/4104/4104 4106/4106/4106 4116/4116/4116 
f 4104/4104/4104 4116/4116/4116 3948/3948/3948 
f 4102/4102/4102 4104/4104/4104 3948/3948/3948 
f 4102/4102/4102 3948/3948/3948 3947/3947/3947 
f 4100/4100/4100 4102/4102/4102 3947/3947/3947 
f 4100/4100/4100 3947/3947/3947 3990/3990/3990 
f 4098/4098/4098 4100/4100/4100 3990/3990/3990 
f 4098/4098/4098 3990/3990/3990 4117/4117/4117 
f 4098/4098/4098 4117/4117/4117 3986/3986/3986 
f 4042/4042/4042 4119/4119/4119 4118/4118/4118 
f 4122/4122/4122 4121/4121/4121 4120/4120/4120 
f 4125/4125/4125 4124/4124/4124 4123/4123/4123 
f 4128/4128/4128 4127/4127/4127 4126/4126/4126 
f 4127/4127/4127 4129/4129/4129 4126/4126/4126 
f 4128/4128/4128 4126/4126/4126 4130/4130/4130 
f 4131/4131/4131 4128/4128/4128 4130/4130/4130 
f 4127/4127/4127 4132/4132/4132 4129/4129/4129 
f 4132/4132/4132 4133/4133/4133 4129/4129/4129 
f 4132/4132/4132 4134/4134/4134 4133/4133/4133 
f 4134/4134/4134 4135/4135/4135 4133/4133/4133 
f 4134/4134/4134 4136/4136/4136 4135/4135/4135 
f 4136/4136/4136 4137/4137/4137 4135/4135/4135 
f 4136/4136/4136 4138/4138/4138 4137/4137/4137 
f 4138/4138/4138 4139/4139/4139 4137/4137/4137 
f 4138/4138/4138 4140/4140/4140 4139/4139/4139 
f 4140/4140/4140 4141/4141/4141 4139/4139/4139 
f 4140/4140/4140 4142/4142/4142 4141/4141/4141 
f 4142/4142/4142 4143/4143/4143 4141/4141/4141 
f 4142/4142/4142 4144/4144/4144 4143/4143/4143 
f 4144/4144/4144 4145/4145/4145 4143/4143/4143 
f 4131/4131/4131 4130/4130/4130 4146/4146/4146 
f 4147/4147/4147 4131/4131/4131 4146/4146/4146 
f 4147/4147/4147 4146/4146/4146 4148/4148/4148 
f 4149/4149/4149 4147/4147/4147 4148/4148/4148 
f 4149/4149/4149 4148/4148/4148 4150/4150/4150 
f 4151/4151/4151 4149/4149/4149 4150/4150/4150 
f 4151/4151/4151 4150/4150/4150 4152/4152/4152 
f 4153/4153/4153 4151/4151/4151 4152/4152/4152 
f 4153/4153/4153 4152/4152/4152 4154/4154/4154 
f 4155/4155/4155 4153/4153/4153 4154/4154/4154 
f 4155/4155/4155 4154/4154/4154 4156/4156/4156 
f 4157/4157/4157 4155/4155/4155 4156/4156/4156 
f 4157/4157/4157 4156/4156/4156 4158/4158/4158 
f 4159/4159/4159 4157/4157/4157 4158/4158/4158 
f 4159/4159/4159 4158/4158/4158 4160/4160/4160 
f 4161/4161/4161 4159/4159/4159 4160/4160/4160 
f 4161/4161/4161 4160/4160/4160 4145/4145/4145 
f 4144/4144/4144 4161/4161/4161 4145/4145/4145 
f 4164/4164/4164 4163/4163/4163 4162/4162/4162 
f 4163/4163/4163 4165/4165/4165 4162/4162/4162 
f 4164/4164/4164 4162/4162/4162 4166/4166/4166 
f 4167/4167/4167 4164/4164/4164 4166/4166/4166 
f 4163/4163/4163 4168/4168/4168 4165/4165/4165 
f 4168/4168/4168 4169/4169/4169 4165/4165/4165 
f 4167/4167/4167 4166/4166/4166 4170/4170/4170 
f 4171/4171/4171 4167/4167/4167 4170/4170/4170 
f 4171/4171/4171 4170/4170/4170 4172/4172/4172 
f 4173/4173/4173 4171/4171/4171 4172/4172/4172 
f 4173/4173/4173 4172/4172/4172 4174/4174/4174 
f 4175/4175/4175 4173/4173/4173 4174/4174/4174 
f 4175/4175/4175 4174/4174/4174 4176/4176/4176 
f 4177/4177/4177 4175/4175/4175 4176/4176/4176 
f 4177/4177/4177 4176/4176/4176 4178/4178/4178 
f 4179/4179/4179 4177/4177/4177 4178/4178/4178 
f 4182/4182/4182 4181/4181/4181 4180/4180/4180 
f 4181/4181/4181 4183/4183/4183 4180/4180/4180 
f 4181/4181/4181 4184/4184/4184 4183/4183/4183 
f 4184/4184/4184 4185/4185/4185 4183/4183/4183 
f 4184/4184/4184 4186/4186/4186 4185/4185/4185 
f 4186/4186/4186 4187/4187/4187 4185/4185/4185 
f 4186/4186/4186 4188/4188/4188 4187/4187/4187 
f 4188/4188/4188 4189/4189/4189 4187/4187/4187 
f 4188/4188/4188 4190/4190/4190 4189/4189/4189 
f 4190/4190/4190 4191/4191/4191 4189/4189/4189 
f 4182/4182/4182 4180/4180/4180 4192/4192/4192 
f 4193/4193/4193 4182/4182/4182 4192/4192/4192 
f 4190/4190/4190 4194/4194/4194 4191/4191/4191 
f 4194/4194/4194 4195/4195/4195 4191/4191/4191 
f 4194/4194/4194 4196/4196/4196 4195/4195/4195 
f 4196/4196/4196 4197/4197/4197 4195/4195/4195 
f 4196/4196/4196 4198/4198/4198 4197/4197/4197 
f 4198/4198/4198 4199/4199/4199 4197/4197/4197 
f 4198/4198/4198 4200/4200/4200 4199/4199/4199 
f 4200/4200/4200 4201/4201/4201 4199/4199/4199 
f 4204/4204/4204 4203/4203/4203 4202/4202/4202 
f 4203/4203/4203 4205/4205/4205 4202/4202/4202 
f 4208/4208/4208 4207/4207/4207 4206/4206/4206 
f 4207/4207/4207 4209/4209/4209 4206/4206/4206 
f 4212/4212/4212 4211/4211/4211 4210/4210/4210 
f 4211/4211/4211 4213/4213/4213 4210/4210/4210 
f 4216/4216/4216 4215/4215/4215 4214/4214/4214 
f 4215/4215/4215 4217/4217/4217 4214/4214/4214 
f 4220/4220/4220 4219/4219/4219 4218/4218/4218 
f 4219/4219/4219 4221/4221/4221 4218/4218/4218 
f 4224/4224/4224 4223/4223/4223 4222/4222/4222 
f 4223/4223/4223 4225/4225/4225 4222/4222/4222 
f 4228/4228/4228 4227/4227/4227 4226/4226/4226 
f 4227/4227/4227 4229/4229/4229 4226/4226/4226 
f 4232/4232/4232 4231/4231/4231 4230/4230/4230 
f 4231/4231/4231 4233/4233/4233 4230/4230/4230 
f 4236/4236/4236 4235/4235/4235 4234/4234/4234 
f 4235/4235/4235 4237/4237/4237 4234/4234/4234 
f 4236/4236/4236 4238/4238/4238 4235/4235/4235 
f 4236/4236/4236 4239/4239/4239 4238/4238/4238 
f 4235/4235/4235 4240/4240/4240 4237/4237/4237 
f 4241/4241/4241 4234/4234/4234 4237/4237/4237 
f 4237/4237/4237 4240/4240/4240 4241/4241/4241 
f 4240/4240/4240 4242/4242/4242 4241/4241/4241 
f 4238/4238/4238 4243/4243/4243 4242/4242/4242 
f 4243/4243/4243 4238/4238/4238 4239/4239/4239 
f 4243/4243/4243 4244/4244/4244 4242/4242/4242 
f 4242/4242/4242 4244/4244/4244 4241/4241/4241 
f 4244/4244/4244 4245/4245/4245 4241/4241/4241 
f 4246/4246/4246 4245/4245/4245 4244/4244/4244 
f 4247/4247/4247 4246/4246/4246 4244/4244/4244 
f 4246/4246/4246 4247/4247/4247 4248/4248/4248 
f 4247/4247/4247 4243/4243/4243 4248/4248/4248 
f 4243/4243/4243 4239/4239/4239 4248/4248/4248 
f 4246/4246/4246 4248/4248/4248 4249/4249/4249 
f 4246/4246/4246 4249/4249/4249 4250/4250/4250 
f 4245/4245/4245 4250/4250/4250 4241/4241/4241 
f 4249/4249/4249 4251/4251/4251 4250/4250/4250 
f 4249/4249/4249 4252/4252/4252 4251/4251/4251 
f 4252/4252/4252 4253/4253/4253 4251/4251/4251 
f 4252/4252/4252 4254/4254/4254 4253/4253/4253 
f 4252/4252/4252 4255/4255/4255 4254/4254/4254 
f 4255/4255/4255 4256/4256/4256 4254/4254/4254 
f 4255/4255/4255 4257/4257/4257 4256/4256/4256 
f 4251/4251/4251 4253/4253/4253 4258/4258/4258 
f 4250/4250/4250 4251/4251/4251 4258/4258/4258 
f 4249/4249/4249 4259/4259/4259 4252/4252/4252 
f 4248/4248/4248 4259/4259/4259 4249/4249/4249 
f 4250/4250/4250 4258/4258/4258 4241/4241/4241 
f 4262/4262/4262 4261/4261/4261 4260/4260/4260 
f 4261/4261/4261 4263/4263/4263 4260/4260/4260 
f 4266/4266/4266 4265/4265/4265 4264/4264/4264 
f 4265/4265/4265 4267/4267/4267 4264/4264/4264 
f 4270/4270/4270 4269/4269/4269 4268/4268/4268 
f 4269/4269/4269 4271/4271/4271 4268/4268/4268 
f 4274/4274/4274 4273/4273/4273 4272/4272/4272 
f 4273/4273/4273 4275/4275/4275 4272/4272/4272 
f 4278/4278/4278 4277/4277/4277 4276/4276/4276 
f 4277/4277/4277 4279/4279/4279 4276/4276/4276 
f 4282/4282/4282 4281/4281/4281 4280/4280/4280 
f 4281/4281/4281 4283/4283/4283 4280/4280/4280 
f 4283/4283/4283 4281/4281/4281 4284/4284/4284 
f 4284/4284/4284 4285/4285/4285 4283/4283/4283 
f 4284/4284/4284 4286/4286/4286 4285/4285/4285 
f 4289/4289/4289 4288/4288/4288 4287/4287/4287 
f 4288/4288/4288 4290/4290/4290 4287/4287/4287 
f 4292/4292/4292 4288/4288/4288 4291/4291/4291 
f 4293/4293/4293 4292/4292/4292 4291/4291/4291 
f 4294/4294/4294 4293/4293/4293 4291/4291/4291 
f 4297/4297/4297 4296/4296/4296 4295/4295/4295 
f 4296/4296/4296 4298/4298/4298 4295/4295/4295 
f 4301/4301/4301 4300/4300/4300 4299/4299/4299 
f 4300/4300/4300 4302/4302/4302 4299/4299/4299 
f 4305/4305/4305 4304/4304/4304 4303/4303/4303 
f 4304/4304/4304 4306/4306/4306 4303/4303/4303 
f 4309/4309/4309 4308/4308/4308 4307/4307/4307 
f 4308/4308/4308 4310/4310/4310 4307/4307/4307 
f 4313/4313/4313 4312/4312/4312 4311/4311/4311 
f 4316/4316/4316 4315/4315/4315 4314/4314/4314 
f 4315/4315/4315 4317/4317/4317 4314/4314/4314 
f 4320/4320/4320 4319/4319/4319 4318/4318/4318 
f 4319/4319/4319 4321/4321/4321 4318/4318/4318 
f 4324/4324/4324 4323/4323/4323 4322/4322/4322 
f 4323/4323/4323 4325/4325/4325 4322/4322/4322 
f 4328/4328/4328 4327/4327/4327 4326/4326/4326 
f 4327/4327/4327 4329/4329/4329 4326/4326/4326 
f 4332/4332/4332 4331/4331/4331 4330/4330/4330 
f 4335/4335/4335 4334/4334/4334 4333/4333/4333 
f 4334/4334/4334 4336/4336/4336 4333/4333/4333 
f 4339/4339/4339 4338/4338/4338 4337/4337/4337 
f 4342/4342/4342 4341/4341/4341 4340/4340/4340 
f 4341/4341/4341 4344/4344/4344 4343/4343/4343 
f 4347/4347/4347 4346/4346/4346 4345/4345/4345 
f 4346/4346/4346 4348/4348/4348 4345/4345/4345 
f 4351/4351/4351 4350/4350/4350 4349/4349/4349 
f 4350/4350/4350 4352/4352/4352 4349/4349/4349 
f 4355/4355/4355 4354/4354/4354 4353/4353/4353 
f 4357/4357/4357 4356/4356/4356 4353/4353/4353 
f 4360/4360/4360 4359/4359/4359 4358/4358/4358 
f 4359/4359/4359 4361/4361/4361 4358/4358/4358 
f 4364/4364/4364 4363/4363/4363 4362/4362/4362 
f 4367/4367/4367 4366/4366/4366 4365/4365/4365 
f 4370/4370/4370 4369/4369/4369 4368/4368/4368 
f 4369/4369/4369 4371/4371/4371 4368/4368/4368 
f 4374/4374/4374 4373/4373/4373 4372/4372/4372 
f 4373/4373/4373 4375/4375/4375 4372/4372/4372 
f 4378/4378/4378 4377/4377/4377 4376/4376/4376 
f 4377/4377/4377 4379/4379/4379 4376/4376/4376 
f 4382/4382/4382 4381/4381/4381 4380/4380/4380 
f 4381/4381/4381 4383/4383/4383 4380/4380/4380 
f 4386/4386/4386 4385/4385/4385 4384/4384/4384 
f 4384/4384/4384 4387/4387/4387 4386/4386/4386 
f 4384/4384/4384 4388/4388/4388 4387/4387/4387 
f 4391/4391/4391 4390/4390/4390 4389/4389/4389 
f 4390/4390/4390 4392/4392/4392 4389/4389/4389 
f 4395/4395/4395 4394/4394/4394 4393/4393/4393 
f 4396/4396/4396 4394/4394/4394 4395/4395/4395 
f 4397/4397/4397 4396/4396/4396 4395/4395/4395 
f 4398/4398/4398 4397/4397/4397 4395/4395/4395 
f 4399/4399/4399 4398/4398/4398 4395/4395/4395 
f 4398/4398/4398 4399/4399/4399 4400/4400/4400 
f 4401/4401/4401 4398/4398/4398 4400/4400/4400 
f 4396/4396/4396 4402/4402/4402 4394/4394/4394 
f 4402/4402/4402 4403/4403/4403 4394/4394/4394 
f 4403/4403/4403 4402/4402/4402 4404/4404/4404 
f 4404/4404/4404 4401/4401/4401 4400/4400/4400 
f 4405/4405/4405 4403/4403/4403 4404/4404/4404 
f 4406/4406/4406 4405/4405/4405 4404/4404/4404 
f 4406/4406/4406 4404/4404/4404 4400/4400/4400 
f 4409/4409/4409 4408/4408/4408 4407/4407/4407 
f 4408/4408/4408 4410/4410/4410 4407/4407/4407 
f 4413/4413/4413 4412/4412/4412 4411/4411/4411 
f 4411/4411/4411 4414/4414/4414 4413/4413/4413 
f 4413/4413/4413 4415/4415/4415 4412/4412/4412 
f 4415/4415/4415 4413/4413/4413 4416/4416/4416 
f 4417/4417/4417 4415/4415/4415 4416/4416/4416 
f 4415/4415/4415 4418/4418/4418 4412/4412/4412 
f 4418/4418/4418 4415/4415/4415 4419/4419/4419 
f 4420/4420/4420 4418/4418/4418 4419/4419/4419 
f 4421/4421/4421 4420/4420/4420 4419/4419/4419 
f 4421/4421/4421 4422/4422/4422 4420/4420/4420 
f 4421/4421/4421 4423/4423/4423 4422/4422/4422 
f 4423/4423/4423 4424/4424/4424 4422/4422/4422 
f 4424/4424/4424 4425/4425/4425 4422/4422/4422 
f 4418/4418/4418 4425/4425/4425 4412/4412/4412 
f 4426/4426/4426 4424/4424/4424 4423/4423/4423 
f 4426/4426/4426 4427/4427/4427 4424/4424/4424 
f 4425/4425/4425 4424/4424/4424 4427/4427/4427 
f 4425/4425/4425 4427/4427/4427 4412/4412/4412 
f 4428/4428/4428 4426/4426/4426 4423/4423/4423 
f 4428/4428/4428 4423/4423/4423 4421/4421/4421 
f 4421/4421/4421 4419/4419/4419 4429/4429/4429 
f 4419/4419/4419 4417/4417/4417 4429/4429/4429 
f 4417/4417/4417 4416/4416/4416 4429/4429/4429 
f 4429/4429/4429 4416/4416/4416 4430/4430/4430 
f 4416/4416/4416 4431/4431/4431 4430/4430/4430 
f 4431/4431/4431 4432/4432/4432 4430/4430/4430 
f 4431/4431/4431 4411/4411/4411 4432/4432/4432 
f 4433/4433/4433 4430/4430/4430 4432/4432/4432 
f 4434/4434/4434 4433/4433/4433 4432/4432/4432 
f 4437/4437/4437 4436/4436/4436 4435/4435/4435 
f 4440/4440/4440 4439/4439/4439 4438/4438/4438 
f 4439/4439/4439 4441/4441/4441 4438/4438/4438 
f 4444/4444/4444 4443/4443/4443 4442/4442/4442 
f 4443/4443/4443 4445/4445/4445 4442/4442/4442 
f 4448/4448/4448 4447/4447/4447 4446/4446/4446 
f 4447/4447/4447 4449/4449/4449 4446/4446/4446 
f 4449/4449/4449 4447/4447/4447 4450/4450/4450 
f 4447/4447/4447 4451/4451/4451 4450/4450/4450 
f 4454/4454/4454 4453/4453/4453 4452/4452/4452 
f 4453/4453/4453 4455/4455/4455 4452/4452/4452 
f 4458/4458/4458 4457/4457/4457 4456/4456/4456 
f 4461/4461/4461 4460/4460/4460 4459/4459/4459 
f 4464/4464/4464 4463/4463/4463 4462/4462/4462 
f 4463/4463/4463 4465/4465/4465 4462/4462/4462 
f 4468/4468/4468 4467/4467/4467 4466/4466/4466 
f 4467/4467/4467 4469/4469/4469 4466/4466/4466 
f 4472/4472/4472 4471/4471/4471 4470/4470/4470 
f 4471/4471/4471 4473/4473/4473 4470/4470/4470 
f 4476/4476/4476 4475/4475/4475 4474/4474/4474 
f 4475/4475/4475 4477/4477/4477 4474/4474/4474 
f 4480/4480/4480 4479/4479/4479 4478/4478/4478 
f 4479/4479/4479 4481/4481/4481 4478/4478/4478 
f 4484/4484/4484 4483/4483/4483 4482/4482/4482 
f 4483/4483/4483 4485/4485/4485 4482/4482/4482 
f 4488/4488/4488 4487/4487/4487 4486/4486/4486 
f 4487/4487/4487 4489/4489/4489 4486/4486/4486 
f 4492/4492/4492 4491/4491/4491 4490/4490/4490 
f 4491/4491/4491 4493/4493/4493 4490/4490/4490 
f 4496/4496/4496 4495/4495/4495 4494/4494/4494 
f 4495/4495/4495 4497/4497/4497 4494/4494/4494 
f 4500/4500/4500 4499/4499/4499 4498/4498/4498 
f 4499/4499/4499 4501/4501/4501 4498/4498/4498 
f 4504/4504/4504 4503/4503/4503 4502/4502/4502 
f 4503/4503/4503 4505/4505/4505 4502/4502/4502 
f 4508/4508/4508 4507/4507/4507 4506/4506/4506 
f 4507/4507/4507 4509/4509/4509 4506/4506/4506 
f 4512/4512/4512 4511/4511/4511 4510/4510/4510 
f 4511/4511/4511 4513/4513/4513 4510/4510/4510 
f 4516/4516/4516 4515/4515/4515 4514/4514/4514 
f 4515/4515/4515 4517/4517/4517 4514/4514/4514 
f 4520/4520/4520 4519/4519/4519 4518/4518/4518 
f 4519/4519/4519 4521/4521/4521 4518/4518/4518 
f 4524/4524/4524 4523/4523/4523 4522/4522/4522 
f 4523/4523/4523 4525/4525/4525 4522/4522/4522 
f 4528/4528/4528 4527/4527/4527 4526/4526/4526 
f 4527/4527/4527 4529/4529/4529 4526/4526/4526 
f 4532/4532/4532 4531/4531/4531 4530/4530/4530 
f 4531/4531/4531 4533/4533/4533 4530/4530/4530 
f 4536/4536/4536 4535/4535/4535 4534/4534/4534 
f 4535/4535/4535 4537/4537/4537 4534/4534/4534 
f 4540/4540/4540 4539/4539/4539 4538/4538/4538 
f 4539/4539/4539 4541/4541/4541 4538/4538/4538 
f 4544/4544/4544 4543/4543/4543 4542/4542/4542 
f 4543/4543/4543 4545/4545/4545 4542/4542/4542 
f 4545/4545/4545 4546/4546/4546 4542/4542/4542 
f 4546/4546/4546 4545/4545/4545 4547/4547/4547 
f 4548/4548/4548 4547/4547/4547 4545/4545/4545 
f 4549/4549/4549 4548/4548/4548 4545/4545/4545 
f 4550/4550/4550 4546/4546/4546 4547/4547/4547 
f 4551/4551/4551 4550/4550/4550 4547/4547/4547 
f 4551/4551/4551 4552/4552/4552 4550/4550/4550 
f 4555/4555/4555 4554/4554/4554 4553/4553/4553 
f 4554/4554/4554 4556/4556/4556 4553/4553/4553 
f 4559/4559/4559 4558/4558/4558 4557/4557/4557 
f 4558/4558/4558 4560/4560/4560 4557/4557/4557 
f 4563/4563/4563 4562/4562/4562 4561/4561/4561 
f 4566/4566/4566 4565/4565/4565 4564/4564/4564 
f 4565/4565/4565 4567/4567/4567 4564/4564/4564 
f 4570/4570/4570 4569/4569/4569 4568/4568/4568 
f 4573/4573/4573 4572/4572/4572 4571/4571/4571 
f 4576/4576/4576 4575/4575/4575 4574/4574/4574 
f 4575/4575/4575 4577/4577/4577 4574/4574/4574 
f 4580/4580/4580 4579/4579/4579 4578/4578/4578 
f 4583/4583/4583 4582/4582/4582 4581/4581/4581 
f 4582/4582/4582 4584/4584/4584 4581/4581/4581 
f 4587/4587/4587 4586/4586/4586 4585/4585/4585 
f 4586/4586/4586 4588/4588/4588 4585/4585/4585 
f 4591/4591/4591 4590/4590/4590 4589/4589/4589 
f 4590/4590/4590 4592/4592/4592 4589/4589/4589 
f 4589/4589/4589 4592/4592/4592 4593/4593/4593 
f 4594/4594/4594 4593/4593/4593 4592/4592/4592 
f 4595/4595/4595 4594/4594/4594 4592/4592/4592 
f 4596/4596/4596 4595/4595/4595 4592/4592/4592 
f 4591/4591/4591 4597/4597/4597 4590/4590/4590 
f 4599/4599/4599 4598/4598/4598 4597/4597/4597 
f 4602/4602/4602 4601/4601/4601 4600/4600/4600 
f 4600/4600/4600 4603/4603/4603 4602/4602/4602 
f 4600/4600/4600 4604/4604/4604 4603/4603/4603 
f 4603/4603/4603 4604/4604/4604 4605/4605/4605 
f 4605/4605/4605 4604/4604/4604 4606/4606/4606 
f 4606/4606/4606 4604/4604/4604 4607/4607/4607 
f 4604/4604/4604 4608/4608/4608 4607/4607/4607 
f 4608/4608/4608 4609/4609/4609 4607/4607/4607 
f 4607/4607/4607 4609/4609/4609 4610/4610/4610 
f 4610/4610/4610 4609/4609/4609 4611/4611/4611 
f 4609/4609/4609 4612/4612/4612 4611/4611/4611 
f 4615/4615/4615 4614/4614/4614 4613/4613/4613 
f 4614/4614/4614 4616/4616/4616 4613/4613/4613 
f 4619/4619/4619 4618/4618/4618 4617/4617/4617 
f 4618/4618/4618 4620/4620/4620 4617/4617/4617 
f 4623/4623/4623 4622/4622/4622 4621/4621/4621 
f 4626/4626/4626 4625/4625/4625 4624/4624/4624 
f 4625/4625/4625 4627/4627/4627 4624/4624/4624 
f 4630/4630/4630 4629/4629/4629 4628/4628/4628 
f 4629/4629/4629 4631/4631/4631 4628/4628/4628 
f 4632/4632/4632 4629/4629/4629 4630/4630/4630 
f 4633/4633/4633 4632/4632/4632 4630/4630/4630 
f 4634/4634/4634 4632/4632/4632 4633/4633/4633 
f 4635/4635/4635 4634/4634/4634 4633/4633/4633 
f 4638/4638/4638 4637/4637/4637 4636/4636/4636 
f 4637/4637/4637 4640/4640/4640 4639/4639/4639 
f 4643/4643/4643 4642/4642/4642 4641/4641/4641 
f 4642/4642/4642 4644/4644/4644 4641/4641/4641 
f 4647/4647/4647 4646/4646/4646 4645/4645/4645 
f 4646/4646/4646 4648/4648/4648 4645/4645/4645 
f 4649/4649/4649 4646/4646/4646 4647/4647/4647 
f 4650/4650/4650 4649/4649/4649 4647/4647/4647 
f 4651/4651/4651 4649/4649/4649 4650/4650/4650 
f 4652/4652/4652 4651/4651/4651 4650/4650/4650 
f 4655/4655/4655 4654/4654/4654 4653/4653/4653 
f 4654/4654/4654 4657/4657/4657 4656/4656/4656 
f 4660/4660/4660 4659/4659/4659 4658/4658/4658 
f 4659/4659/4659 4661/4661/4661 4658/4658/4658 
f 4664/4664/4664 4663/4663/4663 4662/4662/4662 
f 4663/4663/4663 4665/4665/4665 4662/4662/4662 
f 4668/4668/4668 4667/4667/4667 4666/4666/4666 
f 4667/4667/4667 4669/4669/4669 4666/4666/4666 
f 4672/4672/4672 4671/4671/4671 4670/4670/4670 
f 4671/4671/4671 4673/4673/4673 4670/4670/4670 
f 4676/4676/4676 4675/4675/4675 4674/4674/4674 
f 4675/4675/4675 4677/4677/4677 4674/4674/4674 
f 4680/4680/4680 4679/4679/4679 4678/4678/4678 
f 4679/4679/4679 4681/4681/4681 4678/4678/4678 
f 4684/4684/4684 4683/4683/4683 4682/4682/4682 
f 4683/4683/4683 4685/4685/4685 4682/4682/4682 
f 4688/4688/4688 4687/4687/4687 4686/4686/4686 
f 4687/4687/4687 4689/4689/4689 4686/4686/4686 
f 4692/4692/4692 4691/4691/4691 4690/4690/4690 
f 4691/4691/4691 4693/4693/4693 4690/4690/4690 
f 4696/4696/4696 4695/4695/4695 4694/4694/4694 
f 4695/4695/4695 4697/4697/4697 4694/4694/4694 
f 4698/4698/4698 4696/4696/4696 4694/4694/4694 
f 4699/4699/4699 4698/4698/4698 4694/4694/4694 
f 4702/4702/4702 4701/4701/4701 4700/4700/4700 
f 4701/4701/4701 4703/4703/4703 4700/4700/4700 
f 4706/4706/4706 4705/4705/4705 4704/4704/4704 
f 4709/4709/4709 4708/4708/4708 4707/4707/4707 
f 4712/4712/4712 4711/4711/4711 4710/4710/4710 
f 4711/4711/4711 4713/4713/4713 4710/4710/4710 
f 4716/4716/4716 4715/4715/4715 4714/4714/4714 
f 4715/4715/4715 4717/4717/4717 4714/4714/4714 
f 4720/4720/4720 4719/4719/4719 4718/4718/4718 
f 4719/4719/4719 4721/4721/4721 4718/4718/4718 
f 4724/4724/4724 4723/4723/4723 4722/4722/4722 
f 4723/4723/4723 4725/4725/4725 4722/4722/4722 
f 4728/4728/4728 4727/4727/4727 4726/4726/4726 
f 4727/4727/4727 4729/4729/4729 4726/4726/4726 
f 4727/4727/4727 4728/4728/4728 4730/4730/4730 
f 4731/4731/4731 4727/4727/4727 4730/4730/4730 
f 4734/4734/4734 4733/4733/4733 4732/4732/4732 
f 4733/4733/4733 4735/4735/4735 4732/4732/4732 
f 4738/4738/4738 4737/4737/4737 4736/4736/4736 
f 4737/4737/4737 4739/4739/4739 4736/4736/4736 
f 4742/4742/4742 4741/4741/4741 4740/4740/4740 
f 4741/4741/4741 4743/4743/4743 4740/4740/4740 
f 4746/4746/4746 4745/4745/4745 4744/4744/4744 
f 4745/4745/4745 4747/4747/4747 4744/4744/4744 
f 4750/4750/4750 4749/4749/4749 4748/4748/4748 
f 4749/4749/4749 4751/4751/4751 4748/4748/4748 
f 4754/4754/4754 4753/4753/4753 4752/4752/4752 
f 4753/4753/4753 4755/4755/4755 4752/4752/4752 
f 4758/4758/4758 4757/4757/4757 4756/4756/4756 
f 4757/4757/4757 4759/4759/4759 4756/4756/4756 
f 4756/4756/4756 4760/4760/4760 4758/4758/4758 
f 4763/4763/4763 4762/4762/4762 4761/4761/4761 
f 4762/4762/4762 4764/4764/4764 4761/4761/4761 
f 4767/4767/4767 4766/4766/4766 4765/4765/4765 
f 4770/4770/4770 4769/4769/4769 4768/4768/4768 
f 4768/4768/4768 4771/4771/4771 4770/4770/4770 
f 4771/4771/4771 4772/4772/4772 4770/4770/4770 
f 4775/4775/4775 4774/4774/4774 4773/4773/4773 
f 4774/4774/4774 4776/4776/4776 4773/4773/4773 
f 4777/4777/4777 4775/4775/4775 4773/4773/4773 
f 4778/4778/4778 4777/4777/4777 4773/4773/4773 
f 4779/4779/4779 4774/4774/4774 4775/4775/4775 
f 4780/4780/4780 4779/4779/4779 4775/4775/4775 
f 4781/4781/4781 4779/4779/4779 4780/4780/4780 
f 4782/4782/4782 4781/4781/4781 4780/4780/4780 
f 4783/4783/4783 4779/4779/4779 4781/4781/4781 
f 4786/4786/4786 4785/4785/4785 4784/4784/4784 
f 4785/4785/4785 4788/4788/4788 4787/4787/4787 
f 4791/4791/4791 4790/4790/4790 4789/4789/4789 
f 4790/4790/4790 4793/4793/4793 4792/4792/4792 
f 4796/4796/4796 4795/4795/4795 4794/4794/4794 
f 4795/4795/4795 4797/4797/4797 4794/4794/4794 
f 4795/4795/4795 4798/4798/4798 4797/4797/4797 
f 4798/4798/4798 4799/4799/4799 4797/4797/4797 
f 4802/4802/4802 4801/4801/4801 4800/4800/4800 
f 4801/4801/4801 4803/4803/4803 4800/4800/4800 
f 4806/4806/4806 4805/4805/4805 4804/4804/4804 
f 4805/4805/4805 4807/4807/4807 4804/4804/4804 
f 4810/4810/4810 4809/4809/4809 4808/4808/4808 
f 4809/4809/4809 4811/4811/4811 4808/4808/4808 
f 4814/4814/4814 4813/4813/4813 4812/4812/4812 
f 4813/4813/4813 4816/4816/4816 4815/4815/4815 
f 4819/4819/4819 4818/4818/4818 4817/4817/4817 
f 4818/4818/4818 4820/4820/4820 4817/4817/4817 
f 4823/4823/4823 4822/4822/4822 4821/4821/4821 
f 4822/4822/4822 4824/4824/4824 4821/4821/4821 
f 4827/4827/4827 4826/4826/4826 4825/4825/4825 
f 4826/4826/4826 4828/4828/4828 4825/4825/4825 
f 4831/4831/4831 4830/4830/4830 4829/4829/4829 
f 4830/4830/4830 4832/4832/4832 4829/4829/4829 
f 4833/4833/4833 4830/4830/4830 4831/4831/4831 
f 4834/4834/4834 4833/4833/4833 4831/4831/4831 
f 4837/4837/4837 4836/4836/4836 4835/4835/4835 
f 4836/4836/4836 4838/4838/4838 4835/4835/4835 
f 4839/4839/4839 4838/4838/4838 4836/4836/4836 
f 4840/4840/4840 4839/4839/4839 4836/4836/4836 
f 4843/4843/4843 4842/4842/4842 4841/4841/4841 
f 4842/4842/4842 4844/4844/4844 4841/4841/4841 
f 4845/4845/4845 4844/4844/4844 4842/4842/4842 
f 4846/4846/4846 4845/4845/4845 4842/4842/4842 
f 4842/4842/4842 4843/4843/4843 4847/4847/4847 
f 4848/4848/4848 4842/4842/4842 4847/4847/4847 
f 4848/4848/4848 4849/4849/4849 4842/4842/4842 
f 4849/4849/4849 4846/4846/4846 4842/4842/4842 
f 4852/4852/4852 4851/4851/4851 4850/4850/4850 
f 4851/4851/4851 4853/4853/4853 4850/4850/4850 
f 4854/4854/4854 4853/4853/4853 4851/4851/4851 
f 4855/4855/4855 4854/4854/4854 4851/4851/4851 
f 4858/4858/4858 4857/4857/4857 4856/4856/4856 
f 4857/4857/4857 4859/4859/4859 4856/4856/4856 
f 4860/4860/4860 4859/4859/4859 4857/4857/4857 
f 4861/4861/4861 4860/4860/4860 4857/4857/4857 
f 4861/4861/4861 4862/4862/4862 4860/4860/4860 
f 4862/4862/4862 4863/4863/4863 4860/4860/4860 
f 4863/4863/4863 4862/4862/4862 4864/4864/4864 
f 4862/4862/4862 4865/4865/4865 4864/4864/4864 
f 4864/4864/4864 4865/4865/4865 4866/4866/4866 
f 4867/4867/4867 4864/4864/4864 4866/4866/4866 
f 4867/4867/4867 4866/4866/4866 4868/4868/4868 
f 4866/4866/4866 4869/4869/4869 4868/4868/4868 
f 4872/4872/4872 4871/4871/4871 4870/4870/4870 
f 4875/4875/4875 4874/4874/4874 4873/4873/4873 
f 4874/4874/4874 4876/4876/4876 4873/4873/4873 
f 4877/4877/4877 4876/4876/4876 4874/4874/4874 
f 4878/4878/4878 4877/4877/4877 4874/4874/4874 
f 4881/4881/4881 4880/4880/4880 4879/4879/4879 
f 4880/4880/4880 4882/4882/4882 4879/4879/4879 
f 4882/4882/4882 4880/4880/4880 4883/4883/4883 
f 4880/4880/4880 4884/4884/4884 4883/4883/4883 
f 4887/4887/4887 4886/4886/4886 4885/4885/4885 
f 4889/4889/4889 4888/4888/4888 4887/4887/4887 
f 4889/4889/4889 4887/4887/4887 4890/4890/4890 
f 4887/4887/4887 4891/4891/4891 4890/4890/4890 
f 4891/4891/4891 4893/4893/4893 4892/4892/4892 
f 4893/4893/4893 4894/4894/4894 4892/4892/4892 
f 4895/4895/4895 4894/4894/4894 4893/4893/4893 
f 4895/4895/4895 4893/4893/4893 4896/4896/4896 
f 4892/4892/4892 4898/4898/4898 4897/4897/4897 
f 4897/4897/4897 4899/4899/4899 4892/4892/4892 
f 4897/4897/4897 4900/4900/4900 4899/4899/4899 
f 4902/4902/4902 4890/4890/4890 4901/4901/4901 
f 4903/4903/4903 4902/4902/4902 4901/4901/4901 
f 4901/4901/4901 4904/4904/4904 4903/4903/4903 
f 4907/4907/4907 4906/4906/4906 4905/4905/4905 
f 4906/4906/4906 4908/4908/4908 4905/4905/4905 
f 4911/4911/4911 4910/4910/4910 4909/4909/4909 
f 4910/4910/4910 4912/4912/4912 4909/4909/4909 
f 4915/4915/4915 4914/4914/4914 4913/4913/4913 
f 4914/4914/4914 4916/4916/4916 4913/4913/4913 
f 4919/4919/4919 4918/4918/4918 4917/4917/4917 
f 4921/4921/4921 4920/4920/4920 4917/4917/4917 
f 4924/4924/4924 4923/4923/4923 4922/4922/4922 
f 4923/4923/4923 4925/4925/4925 4922/4922/4922 
f 4927/4927/4927 4923/4923/4923 4926/4926/4926 
f 4928/4928/4928 4924/4924/4924 4926/4926/4926 
f 4931/4931/4931 4930/4930/4930 4929/4929/4929 
f 4930/4930/4930 4932/4932/4932 4929/4929/4929 
f 4933/4933/4933 4931/4931/4931 4929/4929/4929 
f 4934/4934/4934 4933/4933/4933 4929/4929/4929 
f 4937/4937/4937 4936/4936/4936 4935/4935/4935 
f 4936/4936/4936 4938/4938/4938 4935/4935/4935 
f 4936/4936/4936 4939/4939/4939 4938/4938/4938 
f 4939/4939/4939 4940/4940/4940 4938/4938/4938 
f 4943/4943/4943 4942/4942/4942 4941/4941/4941 
f 4942/4942/4942 4944/4944/4944 4941/4941/4941 
f 4943/4943/4943 4945/4945/4945 4942/4942/4942 
f 4945/4945/4945 4946/4946/4946 4942/4942/4942 
f 4949/4949/4949 4948/4948/4948 4947/4947/4947 
f 4948/4948/4948 4950/4950/4950 4947/4947/4947 
f 4949/4949/4949 4951/4951/4951 4948/4948/4948 
f 4951/4951/4951 4952/4952/4952 4948/4948/4948 
f 4955/4955/4955 4954/4954/4954 4953/4953/4953 
f 4958/4958/4958 4957/4957/4957 4956/4956/4956 
f 4957/4957/4957 4959/4959/4959 4956/4956/4956 
f 4958/4958/4958 4960/4960/4960 4957/4957/4957 
f 4960/4960/4960 4961/4961/4961 4957/4957/4957 
f 4964/4964/4964 4963/4963/4963 4962/4962/4962 
f 4963/4963/4963 4965/4965/4965 4962/4962/4962 
f 4968/4968/4968 4967/4967/4967 4966/4966/4966 
f 4967/4967/4967 4969/4969/4969 4966/4966/4966 
f 4972/4972/4972 4971/4971/4971 4970/4970/4970 
f 4974/4974/4974 4973/4973/4973 4970/4970/4970 
f 4977/4977/4977 4976/4976/4976 4975/4975/4975 
f 4976/4976/4976 4978/4978/4978 4975/4975/4975 
f 4977/4977/4977 4979/4979/4979 4976/4976/4976 
f 4979/4979/4979 4980/4980/4980 4976/4976/4976 
f 4979/4979/4979 4981/4981/4981 4980/4980/4980 
f 4981/4981/4981 4982/4982/4982 4980/4980/4980 
f 4981/4981/4981 4983/4983/4983 4982/4982/4982 
f 4983/4983/4983 4984/4984/4984 4982/4982/4982 
f 4983/4983/4983 4985/4985/4985 4984/4984/4984 
f 4985/4985/4985 4986/4986/4986 4984/4984/4984 
f 4978/4978/4978 4987/4987/4987 4975/4975/4975 
f 4987/4987/4987 4988/4988/4988 4975/4975/4975 
f 4976/4976/4976 4989/4989/4989 4978/4978/4978 
f 4989/4989/4989 4990/4990/4990 4978/4978/4978 
f 4978/4978/4978 4990/4990/4990 4987/4987/4987 
f 4980/4980/4980 4991/4991/4991 4976/4976/4976 
f 4991/4991/4991 4989/4989/4989 4976/4976/4976 
f 4982/4982/4982 4992/4992/4992 4980/4980/4980 
f 4992/4992/4992 4991/4991/4991 4980/4980/4980 
f 4984/4984/4984 4993/4993/4993 4982/4982/4982 
f 4993/4993/4993 4992/4992/4992 4982/4982/4982 
f 4986/4986/4986 4994/4994/4994 4984/4984/4984 
f 4994/4994/4994 4993/4993/4993 4984/4984/4984 
f 4985/4985/4985 4995/4995/4995 4986/4986/4986 
f 4995/4995/4995 4996/4996/4996 4986/4986/4986 
f 4996/4996/4996 4994/4994/4994 4986/4986/4986 
f 4987/4987/4987 4997/4997/4997 4988/4988/4988 
f 4989/4989/4989 4998/4998/4998 4990/4990/4990 
f 4998/4998/4998 4999/4999/4999 4990/4990/4990 
f 4990/4990/4990 4999/4999/4999 4987/4987/4987 
f 4999/4999/4999 4997/4997/4997 4987/4987/4987 
f 4991/4991/4991 5000/5000/5000 4989/4989/4989 
f 5000/5000/5000 4998/4998/4998 4989/4989/4989 
f 4992/4992/4992 5001/5001/5001 4991/4991/4991 
f 5001/5001/5001 5000/5000/5000 4991/4991/4991 
f 4993/4993/4993 5002/5002/5002 4992/4992/4992 
f 5002/5002/5002 5001/5001/5001 4992/4992/4992 
f 4994/4994/4994 5003/5003/5003 4993/4993/4993 
f 5003/5003/5003 5002/5002/5002 4993/4993/4993 
f 5004/5004/5004 5003/5003/5003 4994/4994/4994 
f 5005/5005/5005 5004/5004/5004 4994/4994/4994 
f 5006/5006/5006 5004/5004/5004 5005/5005/5005 
f 4998/4998/4998 5007/5007/5007 4999/4999/4999 
f 5007/5007/5007 5008/5008/5008 4999/4999/4999 
f 4999/4999/4999 5008/5008/5008 4997/4997/4997 
f 5000/5000/5000 5009/5009/5009 4998/4998/4998 
f 5009/5009/5009 5007/5007/5007 4998/4998/4998 
f 5001/5001/5001 5010/5010/5010 5000/5000/5000 
f 5010/5010/5010 5009/5009/5009 5000/5000/5000 
f 5002/5002/5002 5011/5011/5011 5001/5001/5001 
f 5011/5011/5011 5010/5010/5010 5001/5001/5001 
f 5003/5003/5003 5012/5012/5012 5002/5002/5002 
f 5012/5012/5012 5011/5011/5011 5002/5002/5002 
f 5008/5008/5008 5013/5013/5013 4997/4997/4997 
f 5006/5006/5006 5014/5014/5014 5004/5004/5004 
f 5014/5014/5014 5015/5015/5015 5004/5004/5004 
f 5004/5004/5004 5015/5015/5015 5003/5003/5003 
f 5015/5015/5015 5012/5012/5012 5003/5003/5003 
f 5017/5017/5017 5006/5006/5006 5016/5016/5016 
f 4997/4997/4997 5013/5013/5013 5018/5018/5018 
f 4997/4997/4997 5018/5018/5018 5019/5019/5019 
f 5013/5013/5013 5020/5020/5020 5018/5018/5018 
f 5022/5022/5022 5021/5021/5021 4975/4975/4975 
f 5021/5021/5021 4977/4977/4977 4975/4975/4975 
f 4979/4979/4979 4977/4977/4977 5021/5021/5021 
f 5023/5023/5023 4979/4979/4979 5021/5021/5021 
f 4981/4981/4981 4979/4979/4979 5023/5023/5023 
f 5024/5024/5024 4981/4981/4981 5023/5023/5023 
f 4983/4983/4983 4981/4981/4981 5024/5024/5024 
f 5025/5025/5025 4983/4983/4983 5024/5024/5024 
f 4985/4985/4985 4983/4983/4983 5025/5025/5025 
f 5026/5026/5026 4985/4985/4985 5025/5025/5025 
f 5027/5027/5027 5022/5022/5022 4975/4975/4975 
f 5028/5028/5028 5027/5027/5027 4975/4975/4975 
f 5029/5029/5029 5021/5021/5021 5022/5022/5022 
f 5030/5030/5030 5029/5029/5029 5022/5022/5022 
f 5030/5030/5030 5022/5022/5022 5027/5027/5027 
f 5029/5029/5029 5031/5031/5031 5021/5021/5021 
f 5031/5031/5031 5023/5023/5023 5021/5021/5021 
f 5031/5031/5031 5032/5032/5032 5023/5023/5023 
f 5032/5032/5032 5024/5024/5024 5023/5023/5023 
f 5032/5032/5032 5033/5033/5033 5024/5024/5024 
f 5033/5033/5033 5025/5025/5025 5024/5024/5024 
f 5033/5033/5033 5034/5034/5034 5025/5025/5025 
f 5034/5034/5034 5026/5026/5026 5025/5025/5025 
f 5035/5035/5035 4985/4985/4985 5026/5026/5026 
f 5036/5036/5036 5035/5035/5035 5026/5026/5026 
f 5034/5034/5034 5036/5036/5036 5026/5026/5026 
f 5037/5037/5037 5029/5029/5029 5030/5030/5030 
f 5038/5038/5038 5037/5037/5037 5030/5030/5030 
f 5038/5038/5038 5030/5030/5030 5027/5027/5027 
f 5037/5037/5037 5039/5039/5039 5029/5029/5029 
f 5039/5039/5039 5031/5031/5031 5029/5029/5029 
f 5039/5039/5039 5040/5040/5040 5031/5031/5031 
f 5040/5040/5040 5032/5032/5032 5031/5031/5031 
f 5040/5040/5040 5041/5041/5041 5032/5032/5032 
f 5041/5041/5041 5033/5033/5033 5032/5032/5032 
f 5041/5041/5041 5042/5042/5042 5033/5033/5033 
f 5042/5042/5042 5034/5034/5034 5033/5033/5033 
f 5043/5043/5043 5038/5038/5038 5027/5027/5027 
f 5042/5042/5042 5044/5044/5044 5034/5034/5034 
f 5044/5044/5044 5045/5045/5045 5034/5034/5034 
f 5044/5044/5044 5046/5046/5046 5045/5045/5045 
f 5047/5047/5047 5037/5037/5037 5038/5038/5038 
f 5048/5048/5048 5047/5047/5047 5038/5038/5038 
f 5048/5048/5048 5038/5038/5038 5043/5043/5043 
f 5047/5047/5047 5049/5049/5049 5037/5037/5037 
f 5049/5049/5049 5039/5039/5039 5037/5037/5037 
f 5049/5049/5049 5050/5050/5050 5039/5039/5039 
f 5050/5050/5050 5040/5040/5040 5039/5039/5039 
f 5050/5050/5050 5051/5051/5051 5040/5040/5040 
f 5051/5051/5051 5041/5041/5041 5040/5040/5040 
f 5051/5051/5051 5052/5052/5052 5041/5041/5041 
f 5052/5052/5052 5042/5042/5042 5041/5041/5041 
f 5053/5053/5053 5048/5048/5048 5043/5043/5043 
f 5053/5053/5053 5043/5043/5043 5054/5054/5054 
f 5054/5054/5054 5043/5043/5043 5055/5055/5055 
f 5043/5043/5043 5027/5027/5027 5055/5055/5055 
f 5056/5056/5056 5053/5053/5053 5054/5054/5054 
f 5057/5057/5057 5046/5046/5046 5044/5044/5044 
f 5058/5058/5058 5057/5057/5057 5044/5044/5044 
f 5052/5052/5052 5058/5058/5058 5042/5042/5042 
f 5058/5058/5058 5044/5044/5044 5042/5042/5042 
f 5046/5046/5046 5060/5060/5060 5059/5059/5059 
f 5063/5063/5063 5062/5062/5062 5061/5061/5061 
f 5062/5062/5062 5064/5064/5064 5061/5061/5061 
f 5062/5062/5062 5063/5063/5063 5065/5065/5065 
f 5066/5066/5066 5062/5062/5062 5065/5065/5065 
f 5066/5066/5066 5065/5065/5065 5067/5067/5067 
f 5068/5068/5068 5066/5066/5066 5067/5067/5067 
f 5068/5068/5068 5067/5067/5067 5069/5069/5069 
f 5070/5070/5070 5068/5068/5068 5069/5069/5069 
f 5070/5070/5070 5069/5069/5069 5071/5071/5071 
f 5072/5072/5072 5070/5070/5070 5071/5071/5071 
f 5072/5072/5072 5071/5071/5071 5073/5073/5073 
f 5074/5074/5074 5072/5072/5072 5073/5073/5073 
f 5074/5074/5074 5073/5073/5073 5075/5075/5075 
f 5076/5076/5076 5074/5074/5074 5075/5075/5075 
f 5076/5076/5076 5075/5075/5075 5077/5077/5077 
f 5078/5078/5078 5076/5076/5076 5077/5077/5077 
f 5078/5078/5078 5077/5077/5077 5079/5079/5079 
f 5080/5080/5080 5078/5078/5078 5079/5079/5079 
f 5080/5080/5080 5079/5079/5079 5081/5081/5081 
f 5082/5082/5082 5080/5080/5080 5081/5081/5081 
f 5082/5082/5082 5081/5081/5081 5083/5083/5083 
f 5084/5084/5084 5082/5082/5082 5083/5083/5083 
f 5084/5084/5084 5083/5083/5083 5085/5085/5085 
f 5086/5086/5086 5084/5084/5084 5085/5085/5085 
f 5086/5086/5086 5085/5085/5085 5087/5087/5087 
f 5088/5088/5088 5086/5086/5086 5087/5087/5087 
f 5088/5088/5088 5087/5087/5087 5089/5089/5089 
f 5090/5090/5090 5088/5088/5088 5089/5089/5089 
f 5091/5091/5091 5076/5076/5076 5078/5078/5078 
f 5091/5091/5091 5092/5092/5092 5076/5076/5076 
f 5093/5093/5093 5091/5091/5091 5078/5078/5078 
f 5093/5093/5093 5078/5078/5078 5080/5080/5080 
f 5094/5094/5094 5093/5093/5093 5080/5080/5080 
f 5094/5094/5094 5080/5080/5080 5082/5082/5082 
f 5095/5095/5095 5082/5082/5082 5084/5084/5084 
f 5095/5095/5095 5094/5094/5094 5082/5082/5082 
f 5096/5096/5096 5095/5095/5095 5084/5084/5084 
f 5096/5096/5096 5084/5084/5084 5086/5086/5086 
f 5097/5097/5097 5096/5096/5096 5086/5086/5086 
f 5097/5097/5097 5086/5086/5086 5088/5088/5088 
f 5098/5098/5098 5097/5097/5097 5088/5088/5088 
f 5098/5098/5098 5088/5088/5088 5090/5090/5090 
f 5099/5099/5099 5098/5098/5098 5090/5090/5090 
f 5100/5100/5100 5090/5090/5090 5089/5089/5089 
f 5100/5100/5100 5099/5099/5099 5090/5090/5090 
f 5101/5101/5101 5092/5092/5092 5091/5091/5091 
f 5101/5101/5101 5102/5102/5102 5092/5092/5092 
f 5102/5102/5102 5103/5103/5103 5092/5092/5092 
f 5092/5092/5092 5103/5103/5103 5074/5074/5074 
f 5103/5103/5103 5072/5072/5072 5074/5074/5074 
f 5103/5103/5103 5104/5104/5104 5072/5072/5072 
f 5104/5104/5104 5070/5070/5070 5072/5072/5072 
f 5104/5104/5104 5105/5105/5105 5070/5070/5070 
f 5105/5105/5105 5068/5068/5068 5070/5070/5070 
f 5105/5105/5105 5106/5106/5106 5068/5068/5068 
f 5106/5106/5106 5066/5066/5066 5068/5068/5068 
f 5106/5106/5106 5107/5107/5107 5066/5066/5066 
f 5107/5107/5107 5062/5062/5062 5066/5066/5066 
f 5107/5107/5107 5108/5108/5108 5062/5062/5062 
f 5108/5108/5108 5064/5064/5064 5062/5062/5062 
f 5108/5108/5108 5109/5109/5109 5064/5064/5064 
f 5109/5109/5109 5110/5110/5110 5064/5064/5064 
f 5110/5110/5110 5061/5061/5061 5064/5064/5064 
f 5111/5111/5111 5108/5108/5108 5107/5107/5107 
f 5112/5112/5112 5111/5111/5111 5107/5107/5107 
f 5112/5112/5112 5107/5107/5107 5106/5106/5106 
f 5113/5113/5113 5112/5112/5112 5106/5106/5106 
f 5113/5113/5113 5106/5106/5106 5105/5105/5105 
f 5114/5114/5114 5113/5113/5113 5105/5105/5105 
f 5114/5114/5114 5105/5105/5105 5104/5104/5104 
f 5115/5115/5115 5114/5114/5114 5104/5104/5104 
f 5115/5115/5115 5104/5104/5104 5103/5103/5103 
f 5102/5102/5102 5115/5115/5115 5103/5103/5103 
f 5111/5111/5111 5116/5116/5116 5108/5108/5108 
f 5116/5116/5116 5117/5117/5117 5108/5108/5108 
f 5116/5116/5116 5118/5118/5118 5117/5117/5117 
f 5118/5118/5118 5110/5110/5110 5119/5119/5119 
f 5120/5120/5120 5118/5118/5118 5116/5116/5116 
f 5121/5121/5121 5120/5120/5120 5116/5116/5116 
f 5121/5121/5121 5116/5116/5116 5111/5111/5111 
f 5122/5122/5122 5121/5121/5121 5111/5111/5111 
f 5122/5122/5122 5111/5111/5111 5112/5112/5112 
f 5123/5123/5123 5122/5122/5122 5112/5112/5112 
f 5123/5123/5123 5112/5112/5112 5113/5113/5113 
f 5124/5124/5124 5123/5123/5123 5113/5113/5113 
f 5124/5124/5124 5113/5113/5113 5114/5114/5114 
f 5125/5125/5125 5124/5124/5124 5114/5114/5114 
f 5125/5125/5125 5114/5114/5114 5115/5115/5115 
f 5126/5126/5126 5125/5125/5125 5115/5115/5115 
f 5126/5126/5126 5115/5115/5115 5102/5102/5102 
f 5127/5127/5127 5126/5126/5126 5102/5102/5102 
f 5127/5127/5127 5102/5102/5102 5101/5101/5101 
f 5128/5128/5128 5127/5127/5127 5101/5101/5101 
f 5128/5128/5128 5101/5101/5101 5129/5129/5129 
f 5129/5129/5129 5101/5101/5101 5091/5091/5091 
f 5129/5129/5129 5091/5091/5091 5093/5093/5093 
f 5130/5130/5130 5129/5129/5129 5093/5093/5093 
f 5130/5130/5130 5093/5093/5093 5094/5094/5094 
f 5131/5131/5131 5130/5130/5130 5094/5094/5094 
f 5131/5131/5131 5094/5094/5094 5095/5095/5095 
f 5132/5132/5132 5131/5131/5131 5095/5095/5095 
f 5132/5132/5132 5095/5095/5095 5096/5096/5096 
f 5133/5133/5133 5132/5132/5132 5096/5096/5096 
f 5133/5133/5133 5096/5096/5096 5097/5097/5097 
f 5134/5134/5134 5133/5133/5133 5097/5097/5097 
f 5134/5134/5134 5097/5097/5097 5098/5098/5098 
f 5135/5135/5135 5134/5134/5134 5098/5098/5098 
f 5135/5135/5135 5098/5098/5098 5099/5099/5099 
f 5136/5136/5136 5135/5135/5135 5099/5099/5099 
f 5136/5136/5136 5099/5099/5099 5100/5100/5100 
f 5137/5137/5137 5136/5136/5136 5100/5100/5100 
f 5137/5137/5137 5100/5100/5100 5138/5138/5138 
f 5139/5139/5139 5137/5137/5137 5138/5138/5138 
f 5140/5140/5140 5131/5131/5131 5132/5132/5132 
f 5140/5140/5140 5141/5141/5141 5131/5131/5131 
f 5142/5142/5142 5140/5140/5140 5132/5132/5132 
f 5142/5142/5142 5132/5132/5132 5133/5133/5133 
f 5143/5143/5143 5142/5142/5142 5133/5133/5133 
f 5143/5143/5143 5133/5133/5133 5134/5134/5134 
f 5144/5144/5144 5143/5143/5143 5134/5134/5134 
f 5144/5144/5144 5134/5134/5134 5135/5135/5135 
f 5145/5145/5145 5144/5144/5144 5135/5135/5135 
f 5145/5145/5145 5135/5135/5135 5136/5136/5136 
f 5146/5146/5146 5145/5145/5145 5136/5136/5136 
f 5147/5147/5147 5136/5136/5136 5137/5137/5137 
f 5148/5148/5148 5137/5137/5137 5139/5139/5139 
f 5148/5148/5148 5149/5149/5149 5137/5137/5137 
f 5150/5150/5150 5148/5148/5148 5139/5139/5139 
f 5151/5151/5151 5139/5139/5139 5138/5138/5138 
f 5152/5152/5152 5151/5151/5151 5138/5138/5138 
f 5153/5153/5153 5151/5151/5151 5152/5152/5152 
f 5154/5154/5154 5153/5153/5153 5152/5152/5152 
f 5154/5154/5154 5152/5152/5152 5155/5155/5155 
f 5156/5156/5156 5154/5154/5154 5155/5155/5155 
f 5157/5157/5157 5156/5156/5156 5155/5155/5155 
f 5157/5157/5157 5155/5155/5155 5089/5089/5089 
f 5155/5155/5155 5152/5152/5152 5089/5089/5089 
f 5087/5087/5087 5157/5157/5157 5089/5089/5089 
f 5158/5158/5158 5157/5157/5157 5087/5087/5087 
f 5085/5085/5085 5158/5158/5158 5087/5087/5087 
f 5159/5159/5159 5158/5158/5158 5085/5085/5085 
f 5083/5083/5083 5159/5159/5159 5085/5085/5085 
f 5160/5160/5160 5159/5159/5159 5083/5083/5083 
f 5081/5081/5081 5160/5160/5160 5083/5083/5083 
f 5161/5161/5161 5160/5160/5160 5081/5081/5081 
f 5079/5079/5079 5161/5161/5161 5081/5081/5081 
f 5162/5162/5162 5161/5161/5161 5079/5079/5079 
f 5077/5077/5077 5162/5162/5162 5079/5079/5079 
f 5163/5163/5163 5162/5162/5162 5077/5077/5077 
f 5075/5075/5075 5163/5163/5163 5077/5077/5077 
f 5164/5164/5164 5163/5163/5163 5075/5075/5075 
f 5073/5073/5073 5164/5164/5164 5075/5075/5075 
f 5165/5165/5165 5164/5164/5164 5073/5073/5073 
f 5071/5071/5071 5165/5165/5165 5073/5073/5073 
f 5166/5166/5166 5165/5165/5165 5071/5071/5071 
f 5069/5069/5069 5166/5166/5166 5071/5071/5071 
f 5167/5167/5167 5166/5166/5166 5069/5069/5069 
f 5067/5067/5067 5167/5167/5167 5069/5069/5069 
f 5168/5168/5168 5167/5167/5167 5067/5067/5067 
f 5065/5065/5065 5168/5168/5168 5067/5067/5067 
f 5169/5169/5169 5168/5168/5168 5065/5065/5065 
f 5063/5063/5063 5169/5169/5169 5065/5065/5065 
f 5169/5169/5169 5063/5063/5063 5061/5061/5061 
f 5170/5170/5170 5169/5169/5169 5061/5061/5061 
f 5170/5170/5170 5171/5171/5171 5169/5169/5169 
f 5171/5171/5171 5172/5172/5172 5169/5169/5169 
f 5169/5169/5169 5172/5172/5172 5168/5168/5168 
f 5172/5172/5172 5173/5173/5173 5168/5168/5168 
f 5168/5168/5168 5173/5173/5173 5167/5167/5167 
f 5173/5173/5173 5174/5174/5174 5167/5167/5167 
f 5167/5167/5167 5174/5174/5174 5166/5166/5166 
f 5174/5174/5174 5175/5175/5175 5166/5166/5166 
f 5166/5166/5166 5175/5175/5175 5165/5165/5165 
f 5175/5175/5175 5176/5176/5176 5165/5165/5165 
f 5165/5165/5165 5176/5176/5176 5164/5164/5164 
f 5176/5176/5176 5177/5177/5177 5164/5164/5164 
f 5164/5164/5164 5177/5177/5177 5163/5163/5163 
f 5177/5177/5177 5178/5178/5178 5163/5163/5163 
f 5163/5163/5163 5178/5178/5178 5162/5162/5162 
f 5178/5178/5178 5179/5179/5179 5162/5162/5162 
f 5162/5162/5162 5179/5179/5179 5161/5161/5161 
f 5179/5179/5179 5180/5180/5180 5161/5161/5161 
f 5161/5161/5161 5180/5180/5180 5160/5160/5160 
f 5180/5180/5180 5181/5181/5181 5160/5160/5160 
f 5160/5160/5160 5181/5181/5181 5159/5159/5159 
f 5181/5181/5181 5182/5182/5182 5159/5159/5159 
f 5159/5159/5159 5182/5182/5182 5158/5158/5158 
f 5182/5182/5182 5183/5183/5183 5158/5158/5158 
f 5158/5158/5158 5183/5183/5183 5157/5157/5157 
f 5183/5183/5183 5156/5156/5156 5157/5157/5157 
f 5177/5177/5177 5184/5184/5184 5178/5178/5178 
f 5185/5185/5185 5184/5184/5184 5177/5177/5177 
f 5184/5184/5184 5186/5186/5186 5178/5178/5178 
f 5178/5178/5178 5186/5186/5186 5179/5179/5179 
f 5186/5186/5186 5187/5187/5187 5179/5179/5179 
f 5179/5179/5179 5187/5187/5187 5180/5180/5180 
f 5187/5187/5187 5188/5188/5188 5180/5180/5180 
f 5180/5180/5180 5188/5188/5188 5181/5181/5181 
f 5181/5181/5181 5189/5189/5189 5182/5182/5182 
f 5188/5188/5188 5189/5189/5189 5181/5181/5181 
f 5189/5189/5189 5190/5190/5190 5182/5182/5182 
f 5182/5182/5182 5190/5190/5190 5183/5183/5183 
f 5190/5190/5190 5191/5191/5191 5183/5183/5183 
f 5183/5183/5183 5191/5191/5191 5156/5156/5156 
f 5191/5191/5191 5192/5192/5192 5156/5156/5156 
f 5156/5156/5156 5192/5192/5192 5154/5154/5154 
f 5192/5192/5192 5153/5153/5153 5154/5154/5154 
f 5185/5185/5185 5193/5193/5193 5184/5184/5184 
f 5194/5194/5194 5193/5193/5193 5185/5185/5185 
f 5195/5195/5195 5194/5194/5194 5185/5185/5185 
f 5195/5195/5195 5185/5185/5185 5176/5176/5176 
f 5175/5175/5175 5195/5195/5195 5176/5176/5176 
f 5196/5196/5196 5195/5195/5195 5175/5175/5175 
f 5174/5174/5174 5196/5196/5196 5175/5175/5175 
f 5197/5197/5197 5196/5196/5196 5174/5174/5174 
f 5173/5173/5173 5197/5197/5197 5174/5174/5174 
f 5198/5198/5198 5197/5197/5197 5173/5173/5173 
f 5172/5172/5172 5198/5198/5198 5173/5173/5173 
f 5199/5199/5199 5198/5198/5198 5172/5172/5172 
f 5171/5171/5171 5199/5199/5199 5172/5172/5172 
f 5200/5200/5200 5199/5199/5199 5171/5171/5171 
f 5201/5201/5201 5200/5200/5200 5171/5171/5171 
f 5118/5118/5118 5200/5200/5200 5201/5201/5201 
f 5118/5118/5118 5120/5120/5120 5200/5200/5200 
f 5120/5120/5120 5202/5202/5202 5200/5200/5200 
f 5200/5200/5200 5202/5202/5202 5199/5199/5199 
f 5202/5202/5202 5203/5203/5203 5199/5199/5199 
f 5199/5199/5199 5203/5203/5203 5198/5198/5198 
f 5203/5203/5203 5204/5204/5204 5198/5198/5198 
f 5198/5198/5198 5204/5204/5204 5197/5197/5197 
f 5204/5204/5204 5205/5205/5205 5197/5197/5197 
f 5197/5197/5197 5205/5205/5205 5196/5196/5196 
f 5205/5205/5205 5206/5206/5206 5196/5196/5196 
f 5207/5207/5207 5171/5171/5171 5170/5170/5170 
f 5110/5110/5110 5207/5207/5207 5170/5170/5170 
f 5061/5061/5061 5110/5110/5110 5170/5170/5170 
f 5110/5110/5110 5118/5118/5118 5208/5208/5208 
f 5196/5196/5196 5206/5206/5206 5195/5195/5195 
f 5206/5206/5206 5194/5194/5194 5195/5195/5195 
f 5092/5092/5092 5074/5074/5074 5076/5076/5076 
f 5138/5138/5138 5209/5209/5209 5089/5089/5089 
f 5210/5210/5210 5138/5138/5138 5089/5089/5089 
f 5211/5211/5211 5128/5128/5128 5129/5129/5129 
f 5211/5211/5211 5129/5129/5129 5130/5130/5130 
f 5141/5141/5141 5211/5211/5211 5130/5130/5130 
f 5141/5141/5141 5130/5130/5130 5131/5131/5131 
f 5176/5176/5176 5185/5185/5185 5177/5177/5177 
f 5193/5193/5193 5212/5212/5212 5184/5184/5184 
f 5184/5184/5184 5212/5212/5212 5186/5186/5186 
f 5212/5212/5212 5213/5213/5213 5186/5186/5186 
f 5186/5186/5186 5213/5213/5213 5187/5187/5187 
f 5213/5213/5213 5214/5214/5214 5187/5187/5187 
f 5187/5187/5187 5214/5214/5214 5188/5188/5188 
f 5214/5214/5214 5215/5215/5215 5188/5188/5188 
f 5188/5188/5188 5215/5215/5215 5189/5189/5189 
f 5215/5215/5215 5216/5216/5216 5189/5189/5189 
f 5189/5189/5189 5216/5216/5216 5190/5190/5190 
f 5216/5216/5216 5217/5217/5217 5190/5190/5190 
f 5190/5190/5190 5217/5217/5217 5191/5191/5191 
f 5217/5217/5217 5218/5218/5218 5191/5191/5191 
f 5191/5191/5191 5218/5218/5218 5192/5192/5192 
f 5218/5218/5218 5219/5219/5219 5192/5192/5192 
f 5192/5192/5192 5219/5219/5219 5153/5153/5153 
f 5219/5219/5219 5220/5220/5220 5153/5153/5153 
f 5153/5153/5153 5221/5221/5221 5151/5151/5151 
f 5223/5223/5223 5222/5222/5222 5151/5151/5151 
f 5151/5151/5151 5222/5222/5222 5139/5139/5139 
f 5222/5222/5222 5150/5150/5150 5139/5139/5139 
f 5226/5226/5226 5225/5225/5225 5224/5224/5224 
f 5226/5226/5226 5224/5224/5224 5227/5227/5227 
f 5228/5228/5228 5226/5226/5226 5227/5227/5227 
f 5229/5229/5229 5228/5228/5228 5227/5227/5227 
f 5232/5232/5232 5231/5231/5231 5230/5230/5230 
f 5235/5235/5235 5234/5234/5234 5233/5233/5233 
f 5238/5238/5238 5237/5237/5237 5236/5236/5236 
f 5237/5237/5237 5239/5239/5239 5236/5236/5236 
f 5242/5242/5242 5241/5241/5241 5240/5240/5240 
f 5241/5241/5241 5243/5243/5243 5240/5240/5240 
f 5246/5246/5246 5245/5245/5245 5244/5244/5244 
f 5245/5245/5245 5247/5247/5247 5244/5244/5244 
f 5250/5250/5250 5249/5249/5249 5248/5248/5248 
f 5249/5249/5249 5252/5252/5252 5251/5251/5251 
f 5255/5255/5255 5254/5254/5254 5253/5253/5253 
f 5254/5254/5254 5256/5256/5256 5253/5253/5253 
f 5259/5259/5259 5258/5258/5258 5257/5257/5257 
f 5258/5258/5258 5260/5260/5260 5257/5257/5257 
f 5261/5261/5261 5259/5259/5259 5257/5257/5257 
f 5264/5264/5264 5263/5263/5263 5262/5262/5262 
f 5263/5263/5263 5265/5265/5265 5262/5262/5262 
f 5268/5268/5268 5267/5267/5267 5266/5266/5266 
f 5267/5267/5267 5269/5269/5269 5266/5266/5266 
f 5272/5272/5272 5271/5271/5271 5270/5270/5270 
f 5271/5271/5271 5273/5273/5273 5270/5270/5270 
f 5276/5276/5276 5275/5275/5275 5274/5274/5274 
f 5275/5275/5275 5277/5277/5277 5274/5274/5274 
f 5280/5280/5280 5279/5279/5279 5278/5278/5278 
f 5279/5279/5279 5281/5281/5281 5278/5278/5278 
f 5284/5284/5284 5283/5283/5283 5282/5282/5282 
f 5283/5283/5283 5285/5285/5285 5282/5282/5282 
f 5286/5286/5286 5283/5283/5283 5284/5284/5284 
f 5287/5287/5287 5286/5286/5286 5284/5284/5284 
f 5288/5288/5288 5287/5287/5287 5284/5284/5284 
f 5291/5291/5291 5290/5290/5290 5289/5289/5289 
f 5290/5290/5290 5292/5292/5292 5289/5289/5289 
f 5295/5295/5295 5294/5294/5294 5293/5293/5293 
f 5294/5294/5294 5296/5296/5296 5293/5293/5293 
f 5299/5299/5299 5298/5298/5298 5297/5297/5297 
f 5298/5298/5298 5300/5300/5300 5297/5297/5297 
f 5299/5299/5299 5297/5297/5297 5301/5301/5301 
f 5302/5302/5302 5299/5299/5299 5301/5301/5301 
f 5302/5302/5302 5301/5301/5301 5303/5303/5303 
f 5304/5304/5304 5302/5302/5302 5303/5303/5303 
f 5307/5307/5307 5306/5306/5306 5305/5305/5305 
f 5306/5306/5306 5308/5308/5308 5305/5305/5305 
f 5311/5311/5311 5310/5310/5310 5309/5309/5309 
f 5310/5310/5310 5312/5312/5312 5309/5309/5309 
f 5315/5315/5315 5314/5314/5314 5313/5313/5313 
f 5314/5314/5314 5316/5316/5316 5313/5313/5313 
f 5314/5314/5314 5317/5317/5317 5316/5316/5316 
f 5317/5317/5317 5318/5318/5318 5316/5316/5316 
f 5318/5318/5318 5319/5319/5319 5316/5316/5316 
f 5322/5322/5322 5321/5321/5321 5320/5320/5320 
f 5321/5321/5321 5323/5323/5323 5320/5320/5320 
f 5326/5326/5326 5325/5325/5325 5324/5324/5324 
f 5325/5325/5325 5327/5327/5327 5324/5324/5324 
f 5330/5330/5330 5329/5329/5329 5328/5328/5328 
f 5329/5329/5329 5331/5331/5331 5328/5328/5328 
f 5328/5328/5328 5331/5331/5331 5332/5332/5332 
f 5331/5331/5331 5333/5333/5333 5332/5332/5332 
f 5332/5332/5332 5333/5333/5333 5334/5334/5334 
f 5333/5333/5333 5335/5335/5335 5334/5334/5334 
f 5338/5338/5338 5337/5337/5337 5336/5336/5336 
f 5337/5337/5337 5339/5339/5339 5336/5336/5336 
f 5342/5342/5342 5341/5341/5341 5340/5340/5340 
f 5341/5341/5341 5343/5343/5343 5340/5340/5340 
f 5346/5346/5346 5345/5345/5345 5344/5344/5344 
f 5345/5345/5345 5347/5347/5347 5344/5344/5344 
f 5345/5345/5345 5348/5348/5348 5347/5347/5347 
f 5345/5345/5345 5349/5349/5349 5348/5348/5348 
f 5349/5349/5349 5350/5350/5350 5348/5348/5348 
f 5348/5348/5348 5351/5351/5351 5347/5347/5347 
f 5351/5351/5351 5352/5352/5352 5347/5347/5347 
f 5355/5355/5355 5354/5354/5354 5353/5353/5353 
f 5354/5354/5354 5356/5356/5356 5353/5353/5353 
f 5359/5359/5359 5358/5358/5358 5357/5357/5357 
f 5358/5358/5358 5360/5360/5360 5357/5357/5357 
f 5363/5363/5363 5362/5362/5362 5361/5361/5361 
f 5362/5362/5362 5364/5364/5364 5361/5361/5361 
f 5367/5367/5367 5366/5366/5366 5365/5365/5365 
f 5366/5366/5366 5368/5368/5368 5365/5365/5365 
f 5371/5371/5371 5370/5370/5370 5369/5369/5369 
f 5370/5370/5370 5372/5372/5372 5369/5369/5369 
f 5375/5375/5375 5374/5374/5374 5373/5373/5373 
f 5374/5374/5374 5377/5377/5377 5376/5376/5376 
f 5380/5380/5380 5379/5379/5379 5378/5378/5378 
f 5379/5379/5379 5381/5381/5381 5378/5378/5378 
f 5384/5384/5384 5383/5383/5383 5382/5382/5382 
f 5383/5383/5383 5385/5385/5385 5382/5382/5382 
f 5388/5388/5388 5387/5387/5387 5386/5386/5386 
f 5387/5387/5387 5389/5389/5389 5386/5386/5386 

