# Created by DisUnity v0.3.2
v 0.00680862 0.0041303216 -0.2147287
v -0.010470204 -0.020631185 -0.22163115
v -0.012748417 0.008581577 -0.22329223
v 0.0012280993 -0.021648679 -0.21594909
v 0.00680862 0.0041303216 -0.2147287
v 0.006016994 -0.024622349 -0.19843476
v 0.0012280993 -0.021648679 -0.21594909
v 0.0020304827 -0.005835232 -0.16381592
v 0.0020304827 -0.005835232 -0.16381592
v 0.003928676 -0.02833897 -0.15544921
v 0.006016994 -0.024622349 -0.19843476
v -9.375806E-4 -0.0056197015 -0.14594147
v -9.375806E-4 -0.0056197015 -0.14594147
v 5.5655994E-4 -0.027339024 -0.14298797
v 0.003928676 -0.02833897 -0.15544921
v -0.007558369 -0.024380345 -0.117099606
v -0.006638264 -1.8642815E-4 -0.12150817
v -0.006638264 -1.8642815E-4 -0.12150817
v -0.020133823 -0.01664738 -0.08664367
v -0.007558369 -0.024380345 -0.117099606
v -0.017297672 0.0071007493 -0.09215393
v -0.017297672 0.0071007493 -0.09215393
v -0.023018803 -0.01790047 -0.08315124
v -0.020133823 -0.01664738 -0.08664367
v -0.020597462 0.00929401 -0.08687683
v -0.025668873 0.014798275 -0.08003601
v -0.025668873 0.014798275 -0.08003601
v -0.039353717 0.030588107 -0.0706955
v -0.023018803 -0.01790047 -0.08315124
v -0.039353717 0.030588107 -0.0706955
v -0.023234334 -0.02028645 -0.08192169
v -0.023018803 -0.01790047 -0.08315124
v -0.039353717 0.030588107 -0.0706955
v -0.023018803 -0.02297089 -0.08189545
v -0.023234334 -0.02028645 -0.08192169
v -0.010470204 -0.020631185 -0.22163115
v -0.012990651 0.010472065 -0.22375366
v -0.012748417 0.008581577 -0.22329223
v -0.012565388 -0.021472134 -0.22272979
v -0.039353717 0.030588107 -0.0706955
v -0.039353717 -0.05778351 -0.05093689
v -0.023018803 -0.02297089 -0.08189545
v -0.039353717 -0.05778351 -0.05093689
v -0.032607272 -0.052642673 -0.058098752
v -0.023018803 -0.02297089 -0.08189545
v -0.032607272 -0.052642673 -0.058098752
v -0.025668873 -0.04940899 -0.06639343
v -0.023018803 -0.02297089 -0.08189545
v -0.025668873 -0.04940899 -0.06639343
v -0.020133823 -0.025709271 -0.08440002
v -0.023018803 -0.02297089 -0.08189545
v -0.020597462 -0.048761256 -0.07250061
v -0.020597462 -0.048761256 -0.07250061
v -0.017297672 -0.049284212 -0.078191526
v -0.020133823 -0.025709271 -0.08440002
v -0.017297672 -0.049284212 -0.078191526
v -0.007558369 -0.033081975 -0.11494446
v -0.020133823 -0.025709271 -0.08440002
v -0.006638264 -0.056537326 -0.10755432
v -0.006638264 -0.056537326 -0.10755432
v 5.5655994E-4 -0.04254536 -0.1392218
v -0.007558369 -0.033081975 -0.11494446
v -9.375806E-4 -0.0631332 -0.13169952
v -9.375806E-4 -0.0631332 -0.13169952
v 0.003928676 -0.047476888 -0.15071014
v 5.5655994E-4 -0.04254536 -0.1392218
v 0.0020304827 -0.07128399 -0.14760895
v 0.0020304827 -0.07128399 -0.14760895
v 0.006016994 -0.070822336 -0.18699463
v 0.003928676 -0.047476888 -0.15071014
v 0.00680862 -0.103855625 -0.18798828
v 0.00680862 -0.103855625 -0.18798828
v 0.0012280993 -0.08162548 -0.2010968
v 0.006016994 -0.070822336 -0.18699463
v 0.00680862 -0.103855625 -0.18798828
v -0.010470204 -0.08517669 -0.20564757
v 0.0012280993 -0.08162548 -0.2010968
v -0.012748417 -0.11178902 -0.1934851
v -0.012748417 -0.11178902 -0.1934851
v -0.012565388 -0.0849464 -0.20701171
v -0.010470204 -0.08517669 -0.20564757
v -0.012990727 -0.113676146 -0.19301087
v -0.039353717 0.030588107 -0.0706955
v -0.035001684 3.4248735E-8 3.0517577E-7
v -0.039353717 -0.05778351 -0.05093689
v 0.00680862 0.20549557 -0.0624263
v -0.010470204 0.20440868 -0.08810913
v -0.012748417 0.21501568 -0.060839538
v 0.0012280993 0.19869022 -0.08732071
v 0.00680862 0.20549557 -0.0624263
v 0.006016994 0.18111415 -0.084736936
v 0.0012280993 0.19869022 -0.08732071
v 0.0020304827 0.15399536 -0.05617096
v 0.0020304827 0.15399536 -0.05617096
v 0.003928676 0.13908416 -0.0749881
v 0.006016994 0.18111415 -0.084736936
v -9.375806E-4 0.13706237 -0.050442807
v -9.375806E-4 0.13706237 -0.050442807
v 5.5655994E-4 0.12754147 -0.07018646
v 0.003928676 0.13908416 -0.0749881
v -0.007558369 0.103834644 -0.059372254
v -0.006638264 0.11550396 -0.037724912
v -0.006638264 0.11550396 -0.037724912
v -0.020133823 0.07725917 -0.042606506
v -0.007558369 0.103834644 -0.059372254
v -0.017297672 0.08983833 -0.021723632
v -0.017297672 0.08983833 -0.021723632
v -0.023018803 0.07355041 -0.042719115
v -0.020133823 0.07725917 -0.042606506
v -0.020597462 0.08549705 -0.018007202
v -0.025668873 0.08069229 -0.010657959
v -0.025668873 0.08069229 -0.010657959
v -0.039353717 0.07668838 0.0072454833
v -0.023018803 0.07355041 -0.042719115
v -0.039353717 0.07668838 0.0072454833
v -0.023234334 0.07164344 -0.04460846
v -0.023018803 0.07355041 -0.042719115
v -0.039353717 0.07668838 0.0072454833
v -0.023018803 0.07078899 -0.04715393
v -0.023234334 0.07164344 -0.04460846
v -0.010470204 0.20440868 -0.08810913
v -0.012990651 0.21603854 -0.05918396
v -0.012748417 0.21501568 -0.060839538
v -0.012565388 0.20519382 -0.08924805
v -0.039353717 0.07668838 0.0072454833
v -0.039353717 0.030588107 -0.0706955
v -0.023018803 0.07078899 -0.04715393
v -0.039353717 0.030588107 -0.0706955
v -0.032607272 0.038988147 -0.068019405
v -0.023018803 0.07078899 -0.04715393
v -0.032607272 0.038988147 -0.068019405
v -0.025668873 0.04787578 -0.067507625
v -0.023018803 0.07078899 -0.04715393
v -0.025668873 0.04787578 -0.067507625
v -0.020133823 0.07232501 -0.050531615
v -0.023018803 0.07078899 -0.04715393
v -0.020597462 0.053884387 -0.06877838
v -0.020597462 0.053884387 -0.06877838
v -0.017297672 0.05913524 -0.07103393
v -0.020133823 0.07232501 -0.050531615
v -0.017297672 0.05913524 -0.07103393
v -0.007558369 0.09909592 -0.06698242
v -0.020133823 0.07232501 -0.050531615
v -0.006638264 0.08481941 -0.087006226
v -0.006638264 0.08481941 -0.087006226
v 5.5655994E-4 0.119260825 -0.0834848
v -0.007558369 0.09909592 -0.06698242
v -9.375806E-4 0.10574467 -0.10074035
v -9.375806E-4 0.10574467 -0.10074035
v 0.003928676 0.12866302 -0.09172485
v 5.5655994E-4 0.119260825 -0.0834848
v 0.0020304827 0.11835651 -0.11340881
v 0.0020304827 0.11835651 -0.11340881
v 0.006016994 0.15595707 -0.12514038
v 0.003928676 0.12866302 -0.09172485
v 0.00680862 0.14669453 -0.1568634
v 0.00680862 0.14669453 -0.1568634
v 0.0012280993 0.16603076 -0.13977234
v 0.006016994 0.15595707 -0.12514038
v 0.00680862 0.14669453 -0.1568634
v -0.010470204 0.16926181 -0.14455627
v 0.0012280993 0.16603076 -0.13977234
v -0.012748417 0.14947094 -0.16610748
v -0.012748417 0.14947094 -0.16610748
v -0.012565388 0.17063038 -0.14475891
v -0.010470204 0.16926181 -0.14455627
v -0.012990727 0.14843655 -0.16775574
v -0.039353717 0.07668838 0.0072454833
v -0.035001684 3.4248735E-8 3.0517577E-7
v -0.039353717 0.030588107 -0.0706955
v 0.00680862 0.12287319 0.17614715
v -0.010470204 0.14696278 0.16717713
v -0.012748417 0.12430553 0.18569152
v 0.0012280993 0.14444579 0.16198212
v 0.00680862 0.12287319 0.17614715
v 0.006016994 0.13655743 0.14606506
v 0.0012280993 0.14444579 0.16198212
v 0.0020304827 0.10100964 0.12910095
v 0.0020304827 0.10100964 0.12910095
v 0.003928676 0.11429783 0.10910461
v 0.006016994 0.13655743 0.14606506
v -9.375806E-4 0.09032909 0.11476654
v -9.375806E-4 0.09032909 0.11476654
v 5.5655994E-4 0.106164165 0.0996106
v 0.003928676 0.11429783 0.10910461
v -0.007558369 0.08855358 0.08040558
v -0.006638264 0.071571805 0.098193355
v -0.006638264 0.071571805 0.098193355
v -0.020133823 0.064396165 0.060311887
v -0.007558369 0.08855358 0.08040558
v -0.017297672 0.048422273 0.07872864
v -0.017297672 0.048422273 0.07872864
v -0.023018803 0.06335704 0.05674957
v -0.020133823 0.064396165 0.060311887
v -0.020597462 0.043546405 0.07574829
v -0.025668873 0.035072245 0.07344971
v -0.025668873 0.035072245 0.07344971
v -0.039353717 0.016807819 0.07517395
v -0.023018803 0.06335704 0.05674957
v -0.039353717 0.016807819 0.07517395
v -0.023234334 0.0645647 0.054352418
v -0.023018803 0.06335704 0.05674957
v -0.039353717 0.016807819 0.07517395
v -0.023018803 0.06672103 0.05275299
v -0.023234334 0.0645647 0.054352418
v -0.010470204 0.14696278 0.16717713
v -0.012990651 0.12304737 0.1871762
v -0.012748417 0.12430553 0.18569152
v -0.012565388 0.14828895 0.16757171
v -0.039353717 0.016807819 0.07517395
v -0.039353717 0.07668838 0.0072454833
v -0.023018803 0.06672103 0.05275299
v -0.039353717 0.07668838 0.0072454833
v -0.032607272 0.07673885 0.01606079
v -0.023018803 0.06672103 0.05275299
v -0.032607272 0.07673885 0.01606079
v -0.025668873 0.07899818 0.024671936
v -0.023018803 0.06672103 0.05275299
v -0.025668873 0.07899818 0.024671936
v -0.020133823 0.07040874 0.053170163
v -0.023018803 0.06672103 0.05275299
v -0.020597462 0.0820639 0.029993895
v -0.020597462 0.0820639 0.029993895
v -0.017297672 0.08583202 0.034290466
v -0.020133823 0.07040874 0.053170163
v -0.017297672 0.08583202 0.034290466
v -0.007558369 0.09432682 0.07354706
v -0.020133823 0.07040874 0.053170163
v -0.006638264 0.10895889 0.053781737
v -0.006638264 0.10895889 0.053781737
v 5.5655994E-4 0.11625274 0.08762573
v -0.007558369 0.09432682 0.07354706
v -9.375806E-4 0.128487 0.06943878
v -9.375806E-4 0.128487 0.06943878
v 0.003928676 0.12699504 0.0940213
v 5.5655994E-4 0.11625274 0.08762573
v 0.0020304827 0.14443256 0.07751892
v 0.0020304827 0.14443256 0.07751892
v 0.006016994 0.16720924 0.10965393
v 0.003928676 0.12699504 0.0940213
v 0.00680862 0.19451793 0.091041565
v 0.00680862 0.19451793 0.091041565
v 0.0012280993 0.18423817 0.11471283
v 0.006016994 0.16720924 0.10965393
v 0.00680862 0.19451793 0.091041565
v -0.010470204 0.18978626 0.11630737
v 0.0012280993 0.18423817 0.11471283
v -0.012748417 0.20416729 0.09082519
v -0.012748417 0.20416729 0.09082519
v -0.012565388 0.19040187 0.11754639
v -0.010470204 0.18978626 0.11630737
v -0.012990727 0.20541492 0.08933258
v -0.039353717 0.016807819 0.07517395
v -0.035001684 3.4248735E-8 3.0517577E-7
v -0.039353717 0.07668838 0.0072454833
v 0.00680862 -0.12955585 0.17129211
v -0.010470204 -0.11358067 0.19143066
v -0.012748417 -0.13819076 0.17560394
v 0.0012280993 -0.1094181 0.18743163
v 0.00680862 -0.12955585 0.17129211
v 0.006016994 -0.09671749 0.17501068
v 0.0012280993 -0.1094181 0.18743163
v 0.0020304827 -0.09156826 0.13596039
v 0.0020304827 -0.09156826 0.13596039
v 0.003928676 -0.068444714 0.14241882
v 0.006016994 -0.09671749 0.17501068
v -9.375806E-4 -0.08123596 0.12137298
v -9.375806E-4 -0.08123596 0.12137298
v 5.5655994E-4 -0.0619286 0.13174957
v 0.003928676 -0.068444714 0.14241882
v -0.007558369 -0.049105495 0.10906616
v -0.006638264 -0.07127022 0.09841248
v -0.006638264 -0.07127022 0.09841248
v -0.020133823 -0.037460484 0.07988189
v -0.007558369 -0.049105495 0.10906616
v -0.017297672 -0.05991192 0.07038086
v -0.017297672 -0.05991192 0.07038086
v -0.023018803 -0.034393657 0.077792965
v -0.020133823 -0.037460484 0.07988189
v -0.020597462 -0.058583986 0.06482269
v -0.025668873 -0.05901669 0.05605316
v -0.025668873 -0.05901669 0.05605316
v -0.039353717 -0.066300355 0.039215393
v -0.023018803 -0.034393657 0.077792965
v -0.039353717 -0.066300355 0.039215393
v -0.023234334 -0.031740308 0.07820068
v -0.023018803 -0.034393657 0.077792965
v -0.039353717 -0.066300355 0.039215393
v -0.023018803 -0.029553303 0.079757385
v -0.023234334 -0.031740308 0.07820068
v -0.010470204 -0.11358067 0.19143066
v -0.012990651 -0.13999127 0.17486572
v -0.012748417 -0.13819076 0.17560394
v -0.012565388 -0.11354625 0.19281371
v -0.039353717 -0.066300355 0.039215393
v -0.039353717 0.016807819 0.07517395
v -0.023018803 -0.029553303 0.079757385
v -0.039353717 0.016807819 0.07517395
v -0.032607272 0.008438755 0.07794616
v -0.023018803 -0.029553303 0.079757385
v -0.032607272 0.008438755 0.07794616
v -0.025668873 9.474906E-4 0.08275604
v -0.023018803 -0.029553303 0.079757385
v -0.025668873 9.474906E-4 0.08275604
v -0.020133823 -0.028810162 0.083393246
v -0.023018803 -0.029553303 0.079757385
v -0.020597462 -0.0031664313 0.08731567
v -0.020597462 -0.0031664313 0.08731567
v -0.017297672 -0.006088604 0.092227474
v -0.020133823 -0.028810162 0.083393246
v -0.017297672 -0.006088604 0.092227474
v -0.007558369 -0.040798876 0.11243774
v -0.020133823 -0.028810162 0.083393246
v -0.006638264 -0.017479213 0.12024597
v -0.006638264 -0.017479213 0.12024597
v 5.5655994E-4 -0.04741295 0.13764098
v -0.007558369 -0.040798876 0.11243774
v -9.375806E-4 -0.026335606 0.14365631
v -9.375806E-4 -0.026335606 0.14365631
v 0.003928676 -0.050175745 0.14983368
v 5.5655994E-4 -0.04741295 0.13764098
v 0.0020304827 -0.029092792 0.16131866
v 0.0020304827 -0.029092792 0.16131866
v 0.006016994 -0.05261639 0.19291076
v 0.003928676 -0.050175745 0.14983368
v 0.00680862 -0.026476216 0.2131311
v 0.00680862 -0.026476216 0.2131311
v 0.0012280993 -0.052165646 0.21066925
v 0.006016994 -0.05261639 0.19291076
v 0.00680862 -0.026476216 0.2131311
v -0.010470204 -0.051967356 0.21643859
v 0.0012280993 -0.052165646 0.21066925
v -0.012748417 -0.02328877 0.22224121
v -0.012748417 -0.02328877 0.22224121
v -0.012565388 -0.052955594 0.21740691
v -0.010470204 -0.051967356 0.21643859
v -0.012990727 -0.021483388 0.22296661
v -0.039353717 -0.066300355 0.039215393
v -0.035001684 3.4248735E-8 3.0517577E-7
v -0.039353717 0.016807819 0.07517395
v 0.00680862 -0.20294282 -0.07028259
v -0.010470204 -0.21715933 -0.048865966
v -0.012748417 -0.20971197 -0.077162474
v 0.0012280993 -0.21206973 -0.046142884
v 0.00680862 -0.20294282 -0.07028259
v 0.006016994 -0.19633174 -0.03790222
v 0.0012280993 -0.21206973 -0.046142884
v 0.0020304827 -0.15760158 -0.045072325
v 0.0020304827 -0.15760158 -0.045072325
v 0.003928676 -0.1565985 -0.02108429
v 0.006016994 -0.19633174 -0.03790222
v -9.375806E-4 -0.1405355 -0.03975342
v -9.375806E-4 -0.1405355 -0.03975342
v 5.5655994E-4 -0.14443786 -0.01818451
v 0.003928676 -0.1565985 -0.02108429
v -0.007558369 -0.11890232 -0.012998657
v -0.006638264 -0.11561893 -0.037370604
v -0.006638264 -0.11561893 -0.037370604
v -0.020133823 -0.08754761 -0.010941772
v -0.007558369 -0.11890232 -0.012998657
v -0.017297672 -0.085449524 -0.035230406
v -0.017297672 -0.085449524 -0.035230406
v -0.023018803 -0.08461323 -0.008670654
v -0.020133823 -0.08754761 -0.010941772
v -0.020597462 -0.079753116 -0.03568512
v -0.025668873 -0.071546294 -0.038806457
v -0.025668873 -0.071546294 -0.038806457
v -0.039353717 -0.05778351 -0.05093689
v -0.023018803 -0.08461323 -0.008670654
v -0.039353717 -0.05778351 -0.05093689
v -0.023234334 -0.084181055 -0.0060214233
v -0.023018803 -0.08461323 -0.008670654
v -0.039353717 -0.05778351 -0.05093689
v -0.023018803 -0.08498581 -0.003460083
v -0.023234334 -0.084181055 -0.0060214233
v -0.010470204 -0.21715933 -0.048865966
v -0.012990651 -0.20956646 -0.07910309
v -0.012748417 -0.20971197 -0.077162474
v -0.012565388 -0.21846412 -0.048406065
v -0.039353717 -0.05778351 -0.05093689
v -0.039353717 -0.066300355 0.039215393
v -0.023018803 -0.08498581 -0.003460083
v -0.039353717 -0.066300355 0.039215393
v -0.032607272 -0.07152298 0.032113038
v -0.023018803 -0.08498581 -0.003460083
v -0.032607272 -0.07152298 0.032113038
v -0.025668873 -0.078412324 0.026474608
v -0.023018803 -0.08498581 -0.003460083
v -0.025668873 -0.078412324 0.026474608
v -0.020133823 -0.088213995 -0.0016299438
v -0.023018803 -0.08498581 -0.003460083
v -0.020597462 -0.08402054 0.023970947
v -0.020597462 -0.08402054 0.023970947
v -0.017297672 -0.08959434 0.022709655
v -0.020133823 -0.088213995 -0.0016299438
v -0.017297672 -0.08959434 0.022709655
v -0.007558369 -0.11954178 -0.0040567014
v -0.020133823 -0.088213995 -0.0016299438
v -0.006638264 -0.11976143 0.020534363
v -0.006638264 -0.11976143 0.020534363
v 5.5655994E-4 -0.1455553 -0.0025585936
v -0.007558369 -0.11954178 -0.0040567014
v -9.375806E-4 -0.14476292 0.019346008
v -9.375806E-4 -0.14476292 0.019346008
v 0.003928676 -0.15800516 -0.001418457
v 5.5655994E-4 -0.1455553 -0.0025585936
v 0.0020304827 -0.16241254 0.0221817
v 0.0020304827 -0.16241254 0.0221817
v 0.006016994 -0.19972773 0.009571838
v 0.003928676 -0.15800516 -0.001418457
v 0.00680862 -0.21088064 0.04068115
v 0.00680862 -0.21088064 0.04068115
v 0.0012280993 -0.2164779 0.015488281
v 0.006016994 -0.19972773 0.009571838
v 0.00680862 -0.21088064 0.04068115
v -0.010470204 -0.2219038 0.017459411
v 0.0012280993 -0.2164779 0.015488281
v -0.012748417 -0.21856014 0.04652771
v -0.012748417 -0.21856014 0.04652771
v -0.012565388 -0.22313003 0.016818848
v -0.010470204 -0.2219038 0.017459411
v -0.012990727 -0.21869224 0.048468933
v -0.039353717 -0.05778351 -0.05093689
v -0.035001684 3.4248735E-8 3.0517577E-7
v -0.039353717 -0.066300355 0.039215393
v -0.0010229535 -0.033947263 -0.024216918
v -0.0014884991 -0.03540745 -0.015527038
v -0.0014884991 -0.03151795 -0.022484131
v -2.5474982E-4 -0.040755544 -0.021269226
v -0.0014884991 -0.03786236 -0.007826232
v -2.3575262E-4 -0.041270908 -0.01046936
v -0.0014884991 -0.038551066 -0.002756958
v -2.3575262E-4 -0.042313732 -0.003026123
v 3.79558E-4 -0.044681933 -0.011409912
v -3.1513744E-5 -0.04319653 -0.003088684
v 0.0019947009 -0.050486874 -0.017113037
v 0.0034323074 -0.0578529 -0.01931549
v 0.0035647538 -0.05785397 -0.02172699
v 0.0049447585 -0.06523449 -0.017293395
v 0.00796783 -0.07723725 -0.02298828
v 0.0057945973 -0.06994709 -0.013163147
v 0.008187557 -0.078401834 -0.022664184
v 0.008721309 -0.08393085 -0.0143954465
v 0.016617503 -0.11888004 -0.016098937
v 0.016617503 -0.11544635 -0.024420166
v 0.020651316 -0.13556091 -0.020828856
v 0.020651316 -0.13260666 -0.028940734
v 0.02499389 -0.1551883 -0.030322265
v 0.02499389 -0.15223159 -0.0384613
v 0.025948785 -0.1942609 -0.0514682
v 0.025948785 -0.1913398 -0.05937286
v 0.026753992 -0.23604594 -0.0729187
v 0.026753992 -0.23309217 -0.081029356
v 0.024364237 -0.15526459 -0.029822387
v 0.019998774 -0.13564308 -0.020291137
v 0.025296472 -0.19437362 -0.050730895
v 0.025930094 -0.23645705 -0.07239716
v 0.01595634 -0.11543751 -0.025599975
v 0.019920038 -0.13255046 -0.029995117
v 0.013409572 -0.11646133 -0.027154235
v 0.004937816 -0.079319306 -0.02473358
v 0.0074488786 -0.07824417 -0.023630675
v 7.4691337E-4 -0.06076142 -0.02400055
v 0.0029869035 -0.05848618 -0.022850037
v 0.016137233 -0.13364768 -0.03152771
v 0.024226526 -0.15220962 -0.039506834
v 0.014740061 -0.15528648 -0.042980347
v 0.025165018 -0.19170128 -0.060580444
v 0.015618281 -0.19940703 -0.06595947
v 0.02594932 -0.23317035 -0.08237121
v 0.023307947 -0.23226495 -0.08476501
v 0.0020304827 -0.15760158 -0.045072325
v 0.00680862 -0.20294285 -0.07028259
v 0.016096491 -0.21644847 -0.07869659
v -9.295697E-4 -0.041126676 -0.02216278
v -0.0034439894 -0.042202916 -0.023267517
v -0.0041073654 -0.036216624 -0.025791625
v -0.0015844769 -0.034940496 -0.024916077
v -0.0041077468 -0.03679112 -0.026282653
v -0.003429875 -0.043069843 -0.023728942
v -0.0041073654 -0.0564423 -0.043384705
v -0.0030400893 -0.064771004 -0.03760742
v -0.0018191572 -0.07347718 -0.03460907
v 6.3811825E-4 -0.061296735 -0.024474487
v 0.004654918 -0.07951691 -0.025215149
v 2.0213549E-5 -0.08280972 -0.032732237
v 0.013004603 -0.11624988 -0.027610779
v 0.0068388325 -0.11308159 -0.034202576
v 0.011707911 -0.13790695 -0.03718292
v 0.015694423 -0.1340683 -0.032129515
v 0.014599452 -0.15380515 -0.04241272
v 0.014216914 -0.15457278 -0.04279968
v -9.375806E-4 -0.14053555 -0.03975342
v 0.01121818 -0.13795508 -0.03763214
v -0.0066381874 -0.115619086 -0.03737091
v 0.0062421374 -0.11314117 -0.034690857
v -0.017297596 -0.085449524 -0.035230406
v -5.789228E-4 -0.0828474 -0.033169862
v -0.020597385 -0.079753116 -0.03568512
v -0.0024580427 -0.07360726 -0.035194397
v -0.0037986035 -0.065100715 -0.038027342
v -0.0037986035 -0.065100715 -0.038027342
v -0.025668873 -0.07154644 -0.038806763
v -0.0037986035 -0.065100715 -0.038027342
v -0.039353717 -0.05778355 -0.05093689
v -0.005078968 -0.056872945 -0.043629456
v -0.0037986035 -0.065100715 -0.038027342
v -0.0041073654 -0.050800554 -0.05067291
v -0.0041073654 -0.032924466 -0.031194152
v -0.003429875 -0.030725636 -0.038392637
v -0.0030400893 -0.047072034 -0.05992157
v -0.0018191572 -0.046631053 -0.06649994
v 6.3811825E-4 -0.034567915 -0.056225583
v 0.004654918 -0.038403742 -0.074053034
v 2.0213549E-5 -0.04637295 -0.07601593
v 0.013004603 -0.047027364 -0.109838866
v 0.0068388325 -0.052982982 -0.10559356
v 0.011707911 -0.060152058 -0.12954742
v 0.015694423 -0.054518092 -0.12662628
v 0.014599452 -0.06801579 -0.14432068
v 0.016137233 -0.053853534 -0.126315
v 0.014740061 -0.068827935 -0.14568359
v 0.024226526 -0.06488053 -0.14324433
v 0.019920038 -0.0521563 -0.12549499
v 0.013409572 -0.046613317 -0.11012573
v 0.01595634 -0.044907458 -0.10938141
v 0.004937816 -0.037895665 -0.073939815
v 0.0074488786 -0.036625903 -0.073068544
v 7.4691337E-4 -0.03400929 -0.055778198
v 0.0029869035 -0.03248799 -0.05373291
v 0.025165018 -0.09237865 -0.17856476
v 0.015618281 -0.098992385 -0.18524048
v 0.02594932 -0.12092121 -0.21571106
v 0.023307947 -0.12312504 -0.214411
v 0.0020304827 -0.07128399 -0.14760803
v 0.00680862 -0.1038554 -0.18798736
v 0.016096491 -0.11444927 -0.19986053
v -9.295697E-4 -0.028851055 -0.036744688
v -0.0034439894 -0.030122913 -0.037617188
v -0.0041073654 -0.032437824 -0.030674743
v -0.0015846295 -0.03116196 -0.029799499
v -2.5474982E-4 -0.027906803 -0.03653137
v 0.0035647538 -0.03127362 -0.053301696
v 0.0034323074 -0.028896907 -0.05371185
v 0.0019947009 -0.02547112 -0.04682892
v -2.3575262E-4 -0.017353863 -0.03888092
v 3.79558E-4 -0.01886204 -0.042081296
v -2.3575262E-4 -0.010197452 -0.04117767
v -0.0014884991 -0.009290546 -0.037515562
v -2.3575262E-4 -0.002795681 -0.042485654
v -0.0014884991 -0.004256443 -0.038426816
v 3.79558E-4 -0.002955326 -0.046020202
v -3.1513744E-5 -0.01040974 -0.042036436
v 0.0019947009 6.7462533E-4 -0.053303525
v -2.5474982E-4 0.007634273 -0.04533264
v 0.0034323074 4.929694E-4 -0.060989685
v 0.0035647538 0.0027862128 -0.06173584
v 0.0049447585 -0.003711132 -0.06738525
v 0.00796783 -0.002003788 -0.08056061
v 0.008187557 -0.0026725044 -0.08156799
v 0.0057945973 -0.009095654 -0.07059051
v 0.008721309 -0.01224522 -0.08427063
v 0.016617503 -0.021424871 -0.11803558
v 0.016617503 -0.012449382 -0.11734161
v 0.020651316 -0.022080388 -0.13536194
v 0.020651316 -0.013453449 -0.1350586
v 0.02499389 -0.019117054 -0.15696228
v 0.02499389 -0.010463298 -0.15666534
v 0.025948785 -0.011080249 -0.20065704
v 0.025948785 -0.0026602591 -0.20032164
v 0.026753915 -0.003591961 -0.24702606
v 0.026753915 0.005034519 -0.2467224
v 0.024364237 -0.019616283 -0.1568808
v 0.019998774 -0.022617802 -0.13527374
v 0.025296398 -0.011816333 -0.20053619
v 0.025930094 -0.004214863 -0.24725555
v 0.00679565 -0.016229404 -0.070978396
v 0.008146358 -0.015056689 -0.078047484
v 0.008146358 -0.018845562 -0.07610168
v 0.0068250233 -0.017509846 -0.070707396
v 0.0048686936 -0.008884167 -0.06975739
v 0.0039758254 -0.0038322487 -0.066451415
v 0.0026349595 -2.1290214E-4 -0.060759887
v -0.025172124 -0.0038322487 -0.066451415
v -0.02428223 -0.008884167 -0.06975739
v 0.0048686936 -0.008884167 -0.06975739
v -0.026510395 -2.1290214E-4 -0.060759887
v 0.0014203601 6.86988E-5 -0.05393219
v -0.026510395 -2.1290214E-4 -0.060759887
v -0.027726445 2.4245826E-4 -0.053960264
v -5.1044997E-5 -0.003486904 -0.046788327
v -0.029203037 -0.003486904 -0.046788327
v -0.029767003 -0.010583767 -0.042739257
v -6.0738047E-4 -0.010583767 -0.042739257
v -5.1044997E-5 -0.01874985 -0.04300842
v -5.1044997E-5 -0.01874985 -0.04300842
v -0.029767003 -0.010583767 -0.042739257
v -0.029203037 -0.01874985 -0.04300842
v -0.027726445 -0.025395168 -0.047612302
v -0.02658829 -0.014005855 -0.056557313
v -0.029767003 -0.010583767 -0.042739257
v -0.029203037 -0.003486904 -0.046788327
v -0.027726445 2.4245826E-4 -0.053960264
v -0.026510395 -2.1290214E-4 -0.060759887
v -0.02428223 -0.008884167 -0.06975739
v -0.023239369 -0.01738209 -0.07019196
v -0.02428223 -0.024695668 -0.06584198
v -0.025172124 -0.027620472 -0.060560606
v -0.026510395 -0.028165897 -0.053838193
v 0.005919567 -0.017336352 -0.07000824
v -0.02428223 -0.008884167 -0.06975739
v 0.0048686936 -0.008884167 -0.06975739
v 0.0048686936 -0.024695668 -0.06584198
v 0.0039758254 -0.027620472 -0.060560606
v 0.0026349595 -0.028165897 -0.053838193
v 0.0014203601 -0.025229229 -0.047667846
v -5.1044997E-5 -0.01874985 -0.04300842
v 0.0049447585 -0.028163189 -0.06133026
v 0.00796783 -0.035821345 -0.07218628
v 0.008187557 -0.03570008 -0.07338898
v 0.008721309 -0.02849564 -0.08024689
v 0.016617503 -0.03613232 -0.114393614
v 0.016617503 -0.043746836 -0.10959167
v 0.020651316 -0.043637585 -0.1300238
v 0.020651316 -0.05112679 -0.12572967
v 0.02499389 -0.05633801 -0.14774536
v 0.02499389 -0.06385365 -0.14344421
v 0.025948785 -0.08383625 -0.18264037
v 0.025948785 -0.0911272 -0.1784143
v 0.026753992 -0.112097055 -0.22015625
v 0.026753992 -0.11958538 -0.21586242
v 0.024364237 -0.055858653 -0.14790557
v 0.019998774 -0.04312157 -0.13019653
v 0.025296398 -0.083128855 -0.18287688
v 0.025930094 -0.111653246 -0.22065063
v 0.023403544 -0.11160179 -0.22160491
v 0.023429483 -0.082764775 -0.18299896
v 0.022277903 -0.05549092 -0.14802857
v 0.0179351 -0.04275765 -0.1303183
v 0.016435312 -0.03649281 -0.11628662
v 0.015256648 -0.0356654 -0.11454254
v 0.0076640276 -0.02817841 -0.08081604
v -0.007558369 -0.033081554 -0.11494354
v -0.020133823 -0.025709003 -0.08439941
v 0.007218547 -0.023048596 -0.07659362
v 5.5663625E-4 -0.042545095 -0.13922149
v 0.015241236 -0.04426083 -0.13864745
v 0.003928676 -0.04747681 -0.15070952
v 0.015006174 -0.049192052 -0.1501361
v 0.006016994 -0.070822224 -0.18699431
v 0.015188364 -0.07253807 -0.18641998
v 0.016033396 -0.049584467 -0.15000488
v 0.016169352 -0.044033434 -0.13738525
v 0.016164089 -0.07303795 -0.18625304
v 0.016121821 -0.090162925 -0.20989044
v 0.01723678 -0.092155494 -0.21061645
v 0.008146358 -0.023105053 -0.07605438
v 0.00679565 -0.018768238 -0.07035034
v 0.0057945973 -0.024896665 -0.06667724
v 0.007170787 -0.018969119 -0.07660186
v 0.007218547 -0.015357746 -0.07849823
v -0.023234334 -0.020286297 -0.08192108
v -0.023018803 -0.01790047 -0.08315094
v -0.020133823 -0.016647037 -0.08664337
v 0.0076640276 -0.012791332 -0.08462677
v -0.007558369 -0.024380231 -0.117098995
v 0.015256648 -0.021907162 -0.11794952
v 5.5663625E-4 -0.027338833 -0.14298736
v 0.015241236 -0.025553364 -0.14328003
v 0.016169352 -0.02516579 -0.1420575
v 0.015006174 -0.026553044 -0.15574189
v 0.016033396 -0.026144871 -0.15580902
v 0.015188364 -0.02283688 -0.19872741
v 0.016164089 -0.022317052 -0.19881286
v 0.016121821 -0.018201184 -0.22771026
v 0.01723678 -0.016777499 -0.22928222
v 0.016082453 -0.022114757 -0.12021423
v 0.003928676 -0.028338475 -0.15544891
v 0.006016994 -0.024622196 -0.19843505
v 0.017827144 -0.023264889 -0.13560821
v 0.022011867 -0.020267911 -0.15677367
v 0.022967676 -0.0129875215 -0.20034392
v 0.019337611 -0.012150768 -0.2341687
v 0.016435312 -0.021989217 -0.11987854
v 0.0179351 -0.022996793 -0.13521148
v 0.022277903 -0.01999905 -0.15681763
v 0.023429483 -0.012195781 -0.20047423
v 0.023403544 -0.0047061197 -0.24807586
v 0.0179351 -0.022996793 -0.13521148
v 0.0179351 -0.022996793 -0.13521148
v 0.022173304 -0.0066861385 -0.24418518
v 0.023429483 -0.012195781 -0.20047423
v 0.025932612 -0.003066906 -0.2477307
v 0.022995371 -0.0030951728 -0.24913727
v 0.02594604 0.005202594 -0.2475238
v 0.025949243 0.0062868074 -0.2472119
v 0.025165018 -0.0016234246 -0.20103881
v 0.015618205 0.0011106452 -0.21002899
v 0.014740061 -0.0071090357 -0.1609671
v 0.024226526 -0.009461483 -0.15696746
v 0.016137233 -0.011314358 -0.13684875
v 0.019920038 -0.0124327885 -0.13533142
v 0.013409572 -0.010163196 -0.11915191
v 0.01595634 -0.011325153 -0.11769806
v 0.004937816 -9.877053E-4 -0.083079524
v 0.0074488786 -0.0017042961 -0.08171631
v 7.4691337E-4 0.004049984 -0.065202944
v 0.0029869035 0.0036592444 -0.06268402
v 0.023307947 0.008842731 -0.24709044
v 0.0020304827 -0.0058348123 -0.1638156
v 0.00680862 0.0041306647 -0.21472777
v 0.016096491 0.007958866 -0.23017304
v -9.295697E-4 0.008370167 -0.045961607
v -0.0034439894 0.009087292 -0.047326658
v -0.0041073654 0.013338162 -0.042413328
v -0.0015844769 0.012899776 -0.040929563
v -0.0010229535 0.012541462 -0.039768983
v -0.0014884991 0.0038260992 -0.038472593
v -0.0014884991 0.011643978 -0.036921997
v -0.003429875 0.00925838 -0.048293456
v 6.3811825E-4 0.0043351706 -0.06585937
v -0.0018191572 0.010209537 -0.08057556
v 0.004654918 -5.9124385E-4 -0.083416134
v 2.0213549E-5 0.0055413013 -0.08887115
v 0.013004603 -0.009663509 -0.11909149
v 0.0068388325 -0.0024152412 -0.11811554
v 0.011707911 -0.007252125 -0.14264648
v 0.015694423 -0.010871929 -0.13743469
v 0.014599452 -0.007191433 -0.15938324
v -0.0030400893 0.015752064 -0.073221736
v -0.0041073654 0.0238203 -0.06708588
v -0.0041077468 0.013627544 -0.04311157
v 0.0142168375 -0.007060131 -0.16023254
v -9.375806E-4 -0.005619473 -0.14594115
v 0.01121818 -0.0068398323 -0.14283112
v -0.0066381874 -1.8589408E-4 -0.12150817
v 0.006242061 -0.0019697228 -0.11832306
v -0.017297596 0.0071010166 -0.09215332
v -5.789228E-4 0.0059455447 -0.08904236
v -0.020597385 0.009293819 -0.08687653
v -0.0024580427 0.010726315 -0.08088013
v -0.0037986035 0.016049152 -0.07366516
v -0.025668873 0.014798771 -0.080035396
v -0.039353795 0.030588144 -0.070694886
v -0.005078968 0.023919635 -0.06757141
v -0.039353795 0.030588144 -0.070694886
v -0.0052496376 0.032669175 -0.06451538
v -0.0041073654 0.032495074 -0.06397217
v -0.0041073654 0.019493785 -0.04095184
v -0.003429875 0.02701919 -0.0410849
v -0.0030400893 0.04244285 -0.063284606
v -0.0018191572 0.04883594 -0.06489746
v 6.3811825E-4 0.04279197 -0.050250243
v 0.004654918 0.05856147 -0.059407346
v 2.0213549E-5 0.057965882 -0.06759277
v 0.013004603 0.089931294 -0.0786676
v 0.0068388325 0.08405361 -0.0830191
v 0.011707911 0.10461872 -0.09723968
v 0.015694423 0.10358208 -0.090979
v 0.014599452 0.116239965 -0.10928406
v 0.016137157 0.10349125 -0.090250544
v 0.014740061 0.11728496 -0.110476986
v 0.024226451 0.11618431 -0.105969846
v 0.019920038 0.103235856 -0.088383175
v 0.013409572 0.09033191 -0.07836212
v 0.01595634 0.09015167 -0.076510005
v 0.004937816 0.058610987 -0.058889464
v 0.0074488786 0.058174584 -0.057412412
v 7.4691337E-4 0.04253955 -0.04958099
v 0.0029869035 0.041063875 -0.04750183
v 0.025165018 0.14127925 -0.14303619
v 0.015618205 0.14558464 -0.15138915
v 0.025949243 0.16778731 -0.18166092
v 0.023307947 0.16586971 -0.1833548
v 0.0020304064 0.11835624 -0.113407895
v 0.0068085436 0.14669368 -0.1568634
v 0.016096491 0.15471256 -0.1706073
v -9.295697E-4 0.02603103 -0.038793333
v -0.0034439894 0.0264677 -0.040272824
v -0.0041073654 0.019149967 -0.04032837
v -0.0015846295 0.018711582 -0.038844604
v -2.5474982E-4 0.026119875 -0.037829284
v 0.0035647538 0.04102901 -0.04621399
v 0.0034323074 0.04215362 -0.044080503
v 0.0019947009 0.03666641 -0.03869476
v -2.3575262E-4 0.03161575 -0.028518677
v 3.79558E-4 0.034193147 -0.030942077
v -2.3575262E-4 0.036011614 -0.022422485
v -0.0014884991 0.03280906 -0.020428162
v -2.3575262E-4 0.039542496 -0.015787354
v -0.0014884991 0.035231356 -0.015922546
v 3.79558E-4 0.042855028 -0.017031554
v -3.1513744E-5 0.03676273 -0.02289032
v 0.0019947009 0.050903466 -0.015830077
v -2.5474982E-4 0.0454729 -0.0067477417
v 0.0034323074 0.058157343 -0.018377686
v 0.0035647538 0.059575953 -0.016427306
v 0.0049447585 0.06294097 -0.02435211
v 0.00796783 0.07599849 -0.026799927
v 0.0057945973 0.064325176 -0.030463256
v 0.008721309 0.07636291 -0.037686158
v 0.008187557 0.076749794 -0.027747191
v 0.016617503 0.105638616 -0.056850586
v 0.016617503 0.10775173 -0.048100583
v 0.020651316 0.12191391 -0.062828064
v 0.020651316 0.124291494 -0.054529723
v 0.02499389 0.14337307 -0.06668518
v 0.02499389 0.14576465 -0.05836334
v 0.025948785 0.18741268 -0.07254394
v 0.025948785 0.1896957 -0.064432375
v 0.026753915 0.23382564 -0.07975082
v 0.026753915 0.23620251 -0.07145294
v 0.02436416 0.14314075 -0.067134395
v 0.019998774 0.12166389 -0.06331207
v 0.025296398 0.18707019 -0.07320678
v 0.025930017 0.23385166 -0.08041458
v 0.01595634 0.108438104 -0.0471405
v 0.0074488786 0.07719077 -0.026871337
v 0.004937816 0.078708224 -0.026611634
v 7.4691337E-4 0.063264005 -0.016296692
v 0.0029869035 0.06074695 -0.015889892
v 0.013409572 0.11017963 -0.04648529
v 0.019920038 0.1248661 -0.053643797
v 0.016137157 0.12665477 -0.05304901
v 0.024226451 0.14636157 -0.05750366
v 0.014740061 0.15089248 -0.05650177
v 0.025165018 0.19069767 -0.063668214
v 0.015618205 0.20009357 -0.06384491
v 0.025949243 0.23705585 -0.070412904
v 0.023307947 0.23772998 -0.06794464
v 0.0020304064 0.15399483 -0.056170654
v 0.0068085436 0.20549503 -0.062425688
v 0.016096491 0.22136706 -0.06355743
v -9.295697E-4 0.046299204 -0.006242065
v -0.0034439894 0.047819283 -0.0059817503
v -0.0041073654 0.04445945 -4.208374E-4
v -0.0015844769 0.04291278 -3.7872314E-4
v -0.0010229535 0.041698564 -3.6071776E-4
v -0.0014884991 0.037772022 -0.0082492065
v -0.0014884991 0.038713794 -3.35083E-4
v -0.0041077468 0.045213312 -3.6132813E-4
v -0.003429875 0.048791535 -0.006117859
v -0.0041073654 0.07116371 0.0019241333
v -0.0030400893 0.07450599 -0.007645569
v -0.0018191572 0.0797871 -0.0151882935
v 6.3811825E-4 0.06397563 -0.016228331
v 0.004654918 0.07915134 -0.0263385
v 2.0213549E-5 0.086234204 -0.022192383
v 0.013004603 0.11027714 -0.045991514
v 0.0068388325 0.11158893 -0.038796082
v 0.011707911 0.13342445 -0.050976865
v 0.015694423 0.12734866 -0.05280914
v 0.014599452 0.14936061 -0.056090392
v 0.0142168375 0.15020877 -0.056228943
v -9.375806E-4 0.1370621 -0.050442502
v 0.01121818 0.13372776 -0.050641783
v -0.0066381874 0.11550396 -0.037724
v 0.006242061 0.11192367 -0.03843628
v -0.017297596 0.0898381 -0.021723326
v -5.789228E-4 0.0865216 -0.021860352
v -0.020597385 0.08549698 -0.018006591
v -0.0024580427 0.08023613 -0.01479126
v -0.0037986035 0.075019486 -0.007499695
v -0.025668873 0.08069202 -0.010657349
v -0.039353795 0.07668754 0.0072457884
v -0.005078968 0.071656145 0.0018688964
v -0.0052496376 0.071453124 0.011134643
v -0.03260735 0.07673801 0.016061401
v -0.0037986035 0.07383227 0.02073944
v -0.025668873 0.07899757 0.02467224
v -0.020597385 0.08206314 0.029994506
v -0.0024580427 0.07731395 0.026062317
v -5.789228E-4 0.08252922 0.033954162
v -0.017297596 0.08583084 0.034290466
v 0.006242061 0.10531291 0.05397705
v -0.0066381874 0.108958125 0.053781737
v 0.01121818 0.1251575 0.06916199
v -9.375806E-4 0.12848637 0.06943878
v 0.0142168375 0.14067523 0.077038266
v 0.0020304064 0.14443138 0.07751892
v 0.014740061 0.14131314 0.07740539
v 0.015618205 0.18896808 0.09167785
v 0.025165018 0.17969325 0.090164185
v 0.024226451 0.13668635 0.077752076
v 0.016137157 0.117814064 0.070537716
v 0.019920038 0.11595901 0.07087188
v 0.013409572 0.10244148 0.061696164
v 0.01595634 0.10062412 0.06209686
v 0.004937816 0.07411899 0.037545167
v 0.0074488022 0.07257953 0.03758667
v 7.468371E-4 0.060299754 0.025136413
v 0.0029869035 0.0578667 0.02437561
v 0.025949243 0.22461894 0.10343948
v 0.023307947 0.225638 0.10109222
v 0.0068085436 0.19451694 0.091040954
v 0.016096491 0.21006672 0.094420776
v -9.295697E-4 0.044939034 0.01276947
v -0.0034439894 0.046480555 0.012727966
v -0.0041073654 0.04427299 0.0057513425
v -0.0015846295 0.042726472 0.0057928464
v -2.5474982E-4 0.044049755 0.013152465
v 0.0035646774 0.056630585 0.024740905
v 0.0034322313 0.054948762 0.02646942
v 0.0019947009 0.048131824 0.022915343
v -2.3575262E-4 0.036892734 0.021256102
v 3.79558E-4 0.039994348 0.022958985
v -2.3575262E-4 0.03245296 0.027320556
v -0.0014884991 0.029567026 0.024891356
v -2.3575262E-4 0.027234567 0.032729186
v -0.0014884991 0.026030421 0.028587341
v 3.7948173E-4 0.02944095 0.035495605
v -3.1513744E-5 0.033129916 0.027890624
v 0.0019947009 0.030785365 0.043521117
v -2.5474982E-4 0.020469546 0.041163024
v 0.0034322313 0.0354499 0.049632262
v 0.0035646774 0.034033388 0.051584166
v 0.0049447585 0.042610466 0.052335203
v 0.00796783 0.04897338 0.0639981
v 0.0057945973 0.04885013 0.051763915
v 0.008721309 0.05943927 0.060979918
v 0.008187557 0.050106462 0.06442016
v 0.016617503 0.08671268 0.082900696
v 0.016617503 0.07904331 0.08761505
v 0.020651316 0.09742721 0.09653259
v 0.020651316 0.09026943 0.10135864
v 0.02499389 0.10772655 0.11574981
v 0.02499389 0.10055031 0.1205957
v 0.025948785 0.12690708 0.15582305
v 0.025948785 0.11989799 0.1605011
v 0.026753915 0.14810391 0.19773772
v 0.026753915 0.140947 0.20256287
v 0.02436416 0.108081736 0.115389705
v 0.019998774 0.097809754 0.096145324
v 0.025296398 0.1274316 0.15529296
v 0.025930017 0.14874305 0.19755737
v 0.01595634 0.078342624 0.08856384
v 0.0074488022 0.04941051 0.06510956
v 0.004937816 0.049631875 0.0666333
v 7.468371E-4 0.035048824 0.055132445
v 0.0029869035 0.033884272 0.05286438
v 0.013409572 0.07825805 0.09042267
v 0.019920038 0.08960434 0.10217865
v 0.016137157 0.08959125 0.10406372
v 0.024226451 0.09991779 0.12142944
v 0.014740061 0.1003651 0.12604767
v 0.025165018 0.11948051 0.16169037
v 0.015618205 0.12255329 0.17057128
v 0.025949243 0.14022121 0.20369506
v 0.023307947 0.13808201 0.20509918
v 0.0020304064 0.10100887 0.12910095
v 0.0068085436 0.12287212 0.17614715
v 0.016096491 0.12885284 0.19089293
v -9.29646E-4 0.020244135 0.04210449
v -0.0034439894 0.020465884 0.043630674
v -0.0041073654 0.014138981 0.04215393
v -0.0015844769 0.013621403 0.0406958
v -0.0010229535 0.013228718 0.03954651
v -0.0014884991 0.01951778 0.03337433
v -0.0014884991 0.012282291 0.036716003
v -0.0041077468 0.014315029 0.042889405
v -0.003429875 0.020896258 0.04451355
v -0.0041073654 0.020160975 0.06827576
v -0.0030400893 0.030294795 0.068497315
v -0.0018191572 0.039101176 0.071189575
v 6.3811825E-4 0.035203546 0.055830076
v 0.004654918 0.049509156 0.06713928
v 2.0213549E-5 0.047754474 0.07515686
v 0.013004603 0.07781787 0.09066803
v 0.0068388325 0.07138061 0.0941391
v 0.011707911 0.08971252 0.111141965
v 0.015694423 0.089577556 0.10479767
v 0.014599452 0.09950062 0.12471802
v 0.0142168375 0.099893875 0.12548217
v -9.375806E-4 0.09032791 0.11476684
v 0.01121818 0.0894878 0.11153381
v -0.0066381874 0.071571074 0.098193966
v 0.006242061 0.071141236 0.09456878
v -0.017297596 0.048421662 0.07872925
v -5.789228E-4 0.047527347 0.07553223
v -0.020597385 0.043545716 0.07574829
v -0.0024580427 0.03886211 0.07173889
v -0.0037986035 0.030315088 0.069030456
v -0.025668873 0.03507095 0.073450014
v -0.039353795 0.016807057 0.07517395
v -0.0037986035 0.030315088 0.069030456
v -0.005078968 0.020365978 0.06872711
v -0.0041073654 0.011313053 0.070855714
v -0.0041073654 0.008299976 0.04459015
v -0.003429875 0.0022900733 0.0491214
v -0.0030400893 0.002859684 0.07614685
v -0.0018191572 -0.001363453 0.08120911
v 6.3811825E-4 -0.005083546 0.065806575
v 0.004654918 -0.012458805 0.08248382
v 2.0213549E-5 -0.0071656075 0.088755794
v 0.013004603 -0.026516575 0.11650482
v 0.0068388325 -0.019203227 0.116570435
v 0.011707911 -0.027482761 0.14016296
v 0.015694423 -0.030323377 0.13448882
v 0.014599452 -0.029804729 0.15673797
v 0.016137157 -0.030678295 0.13384582
v 0.014740061 -0.029948657 0.15831725
v 0.024226526 -0.031707957 0.15402405
v 0.019920038 -0.03156941 0.13218474
v 0.013409572 -0.027019963 0.11649292
v 0.01595634 -0.027962917 0.11488861
v 0.004937816 -0.012803157 0.08209381
v 0.0074488022 -0.013318217 0.080643006
v 7.468371E-4 -0.005272221 0.06511719
v 0.0029869035 -0.005300793 0.06256805
v 0.025165018 -0.03022305 0.1987616
v 0.015618205 -0.028795894 0.20805022
v 0.025949243 -0.028965268 0.24559082
v 0.023307947 -0.026417736 0.24583435
v 0.0020304827 -0.029093098 0.16131775
v 0.00680862 -0.026476026 0.21313018
v 0.016096491 -0.0248848 0.22896332
v -9.295697E-4 0.0017425116 0.0466864
v -0.0034439894 0.0022586784 0.048139647
v -0.0041073654 0.00821178 0.043883972
v -0.0015846295 0.0076941256 0.042425536
v -2.5474982E-4 0.0011036262 0.04595886
v 0.0035646774 -0.006029629 0.06150543
v 0.0034322313 -0.008193707 0.060439453
v 0.0019947009 -0.0069195214 0.05285797
v -2.3575262E-4 -0.008815159 0.04165619
v 3.79558E-4 -0.009475635 0.04513214
v -2.3575262E-4 -0.01595486 0.039308164
v -0.0014884991 -0.014535983 0.035812378
v -2.3575262E-4 -0.022711568 0.036015928
v -0.0014884991 -0.0191441 0.033591002
v 3.79558E-4 -0.024660114 0.03896881
v -3.1513744E-5 -0.016287463 0.040127866
v 0.0019947009 -0.03187752 0.042727966
v -2.5474982E-4 -0.032822613 0.03218811
v 0.0034323074 -0.036248554 0.049053345
v 0.0035647538 -0.03854214 0.048309326
v 0.0049447585 -0.036606144 0.056698304
v 0.00796783 -0.045731474 0.066353455
v 0.008721309 -0.039627194 0.07537475
v 0.008187557 -0.045783084 0.067561336
v 0.016617503 -0.05204739 0.108086854
v 0.016617503 -0.058900416 0.10224976
v 0.020651316 -0.061701015 0.122489624
v 0.020651316 -0.06850258 0.117173456
v 0.02499389 -0.076794624 0.13822296
v 0.02499389 -0.08362144 0.13289611
v 0.025948785 -0.108979985 0.16884887
v 0.025948785 -0.115594864 0.16362824
v 0.026753992 -0.14229305 0.20196015
v 0.026753992 -0.14909351 0.19664428
v 0.02436416 -0.07634308 0.13845001
v 0.019998774 -0.061214756 0.12273407
v 0.025296398 -0.10831371 0.16918366
v 0.025930094 -0.14192379 0.2025122
v 0.01595634 -0.060019724 0.10187713
v 0.0074488786 -0.04665402 0.06711212
v 0.004937816 -0.048034597 0.06779419
v 7.4691337E-4 -0.041602712 0.05037109
v 0.0029869035 -0.039805796 0.04856262
v 0.013409572 -0.061814465 0.102370605
v 0.019920038 -0.069488 0.11679382
v 0.016137157 -0.07128483 0.11736389
v 0.024226526 -0.08460952 0.13255188
v 0.014740061 -0.088863716 0.1344046
v 0.025165018 -0.116854586 0.16359894
v 0.015618205 -0.124351956 0.16926482
v 0.02594932 -0.15039437 0.19630401
v 0.023307947 -0.15239067 0.19470337
v 0.0020304827 -0.091568336 0.13596009
v 0.00680862 -0.12955631 0.1712918
v 0.016096491 -0.14173198 0.18153626
v -9.295697E-4 -0.033788074 0.032265015
v -0.0034439894 -0.03517079 0.032947693
v -0.0041073654 -0.035721708 0.026473999
v -0.0015844769 -0.034494404 0.02553131
v -0.0015846295 -0.037971005 0.020428466
v -0.0041073654 -0.03919827 0.021371154
v -9.295697E-4 -0.043862462 0.01608429
v -0.0034439894 -0.04508549 0.01702423
v 7.4691337E-4 -0.06355881 0.015108642
v 0.0029869035 -0.061143115 0.014293822
v 0.0074488786 -0.08081089 0.012254028
v 0.004937816 -0.08203224 0.013192443
v 0.01595634 -0.117906034 0.008909302
v 0.013409572 -0.11914097 0.010301514
v 0.019920038 -0.13547042 0.010823364
v 0.016137233 -0.13677453 0.012184448
v 0.024226526 -0.1562834 0.017440185
v 0.014740061 -0.15982321 0.020440063
v 0.025165018 -0.1983727 0.032677308
v 0.015618281 -0.20676535 0.03690521
v 0.02594932 -0.24252129 0.048344422
v 0.023307947 -0.24196558 0.05084259
v 0.0020304827 -0.1624127 0.022181395
v 0.00680862 -0.21088064 0.04068115
v 0.016096491 -0.22544645 0.047087096
v 0.0035647538 -0.06035782 0.0132724
v -2.5474982E-4 -0.043367617 0.01525238
v 0.0034323074 -0.060013242 0.01088501
v 0.0019947009 -0.052408643 0.009753723
v -2.3575262E-4 -0.042340968 0.004489441
v 3.79558E-4 -0.045851216 0.0049349973
v -0.0014884991 -0.038590893 0.0023583984
v 0.0049447585 -0.06703198 0.007832946
v 0.00796783 -0.07972325 0.011761474
v 0.0057945973 -0.071108215 0.0030740355
v 0.008187557 -0.08082981 0.011274719
v 0.008721309 -0.0851255 0.0023031617
v 0.016617503 -0.11996124 -9.851074E-4
v 0.016617503 -0.11774711 0.007740173
v 0.020651316 -0.13714531 0.0013226318
v 0.020651316 -0.13537608 0.009771728
v 0.02499389 -0.15792432 0.00792511
v 0.02499389 -0.15615593 0.016401976
v 0.025948785 -0.19960915 0.023294372
v 0.025948785 -0.19784257 0.031534117
v 0.026753992 -0.24402152 0.03857849
v 0.026753992 -0.24225202 0.047027282
v 0.024364237 -0.15792882 0.0074197385
v 0.019998774 -0.1371505 7.7789306E-4
v 0.025296398 -0.19961582 0.022548217
v 0.025930094 -0.24435452 0.038004454
v 0.023403544 -0.2452469 0.037660215
v 0.023429483 -0.19961877 0.022164306
v 0.022277903 -0.15793222 0.0070318603
v 0.0179351 -0.13715392 3.942871E-4
v 0.016435312 -0.12187282 -0.0012274169
v 0.015256648 -0.119958796 -0.0014758301
v 0.0076640276 -0.085569 0.0018255615
v -0.007558369 -0.119541965 -0.004057007
v -0.020133823 -0.088213995 -0.0016299438
v 0.007218547 -0.07996807 -0.001748352
v -0.023018803 -0.08498581 -0.003460083
v 5.5663625E-4 -0.14555545 -0.0025588989
v 0.015241236 -0.14554016 -7.498169E-4
v 0.016169352 -0.14426894 -5.7586667E-4
v 0.015006174 -0.1579895 3.9062498E-4
v 0.016033396 -0.15798599 8.0322265E-4
v 0.015188364 -0.19971257 0.011381226
v 0.016164089 -0.19970731 0.011907958
v 0.016121821 -0.22748004 0.020890197
v 0.01723678 -0.22878656 0.022561034
v 0.016082453 -0.12222515 -0.0012939452
v 0.003928676 -0.15800533 -0.0014187621
v 0.006016994 -0.19972773 0.009571838
v -0.023234334 -0.0841811 -0.0060214233
v 0.007170787 -0.078715175 -0.005630798
v 0.007218547 -0.07940262 -0.009651184
v -0.023018803 -0.08461323 -0.008670654
v -0.020133823 -0.087547645 -0.010941772
v 0.0076640276 -0.08443809 -0.013986206
v -0.007558369 -0.11890247 -0.012998657
v 0.015256648 -0.118947215 -0.015613098
v 5.5663625E-4 -0.14443786 -0.01818451
v 0.015241236 -0.14416446 -0.019973144
v 0.016169352 -0.14288186 -0.019963989
v 0.015006174 -0.15632555 -0.022873534
v 0.016033396 -0.15626322 -0.023282165
v 0.015188364 -0.19605859 -0.039690856
v 0.016164089 -0.19597904 -0.04021179
v 0.016121821 -0.22219048 -0.053055722
v 0.01723678 -0.22324565 -0.054895323
v 0.016082453 -0.12116519 -0.016115723
v 0.003928676 -0.1565985 -0.02108429
v 0.006016994 -0.19633192 -0.037902527
v 0.008146358 -0.07888085 -0.009798584
v 0.00679565 -0.072521254 -0.006498413
v 0.008146358 -0.07820172 -0.0055932617
v 0.0068250233 -0.07265839 -0.005196838
v 0.0048686936 -0.069088824 -0.013106994
v 0.0039758254 -0.06438424 -0.016889954
v -0.02428223 -0.069088824 -0.013106994
v 0.005919567 -0.071939856 -0.0051452634
v -0.023239369 -0.07212826 -0.005158691
v -0.02658829 -0.058117375 -0.004156799
v -0.025172124 -0.06438424 -0.016889954
v -0.026510395 -0.057852786 -0.018573303
v -0.027726445 -0.051245615 -0.016905213
v -0.029203037 -0.045576558 -0.0111416625
v -0.029766927 -0.04391873 -0.0031411743
v 0.0026349595 -0.057852786 -0.018573303
v -0.026510395 -0.057852786 -0.018573303
v 0.0026349595 -0.057852786 -0.018573303
v 0.0014203601 -0.05127217 -0.016731262
v -5.1044997E-5 -0.045576558 -0.0111416625
v -0.027726445 -0.051245615 -0.016905213
v -0.029203037 -0.045576558 -0.0111416625
v -0.029766927 -0.04391873 -0.0031411743
v -6.0738047E-4 -0.04391873 -0.0031411743
v -5.1044997E-5 -0.04669804 0.004541931
v -0.029203037 -0.04669804 0.004541931
v -0.027726445 -0.05313 0.0094396975
v 0.0014203601 -0.053131603 0.009263916
v 0.0026349595 -0.05990746 0.010150147
v 0.0039758254 -0.06613259 0.007554321
v 0.0048686936 -0.070251815 0.0031405638
v -0.02428223 -0.070251815 0.0031405638
v -0.025172124 -0.06613259 0.007554321
v -0.026510395 -0.05990746 0.010150147
v -0.027726445 -0.05313 0.0094396975
v -0.029203037 -0.04669804 0.004541931
v 0.0026349595 -0.05990746 0.010150147
v -0.026510395 -0.05990746 0.010150147
v 0.00679565 -0.072708055 -0.0038894652
v 0.008146358 -0.079472505 -0.0015283203
v 0.008625408 -0.22033992 -0.05016876
v 0.0012281756 -0.21206988 -0.046142884
v -0.010470204 -0.21715935 -0.048865966
v -0.0037986035 -0.065100715 -0.038027342
v -0.039353717 -0.05778355 -0.05093689
v -0.0052496376 -0.051263355 -0.051006775
v -0.032607272 -0.052642405 -0.058099058
v -0.0037986035 -0.047541697 -0.06017456
v -0.025668873 -0.049408954 -0.066392824
v -0.020597385 -0.048761144 -0.0725003
v -0.0024580427 -0.047229998 -0.066528015
v -5.789228E-4 -0.046810307 -0.075978085
v -0.017297596 -0.049284253 -0.078190915
v 0.0062421374 -0.053473476 -0.105569154
v -0.0066381874 -0.056537252 -0.107553706
v 0.01121818 -0.060602993 -0.12951843
v -9.375806E-4 -0.06313343 -0.1316989
v 0.0142168375 -0.06852772 -0.14501129
v -0.026510395 -0.057852786 -0.018573303
v -0.027726445 -0.051245615 -0.016905213
v 0.0026349595 -0.057852786 -0.018573303
v 0.02594932 -0.23317035 -0.08237121
v 0.025946116 -0.23380229 -0.08143646
v 0.025932612 -0.23655425 -0.07363617
v 0.023403544 -0.2373891 -0.072183535
v 0.023429483 -0.1944313 -0.05035095
v 0.022277903 -0.15532327 -0.029438475
v 0.0179351 -0.13570106 -0.019911498
v 0.016435312 -0.120806806 -0.016131286
v 0.017827144 -0.13616112 -0.019779358
v 0.022011867 -0.15536454 -0.029169312
v 0.022967676 -0.1945525 -0.049558103
v 0.019337611 -0.22646305 -0.06080658
v 0.022173304 -0.23430105 -0.0690979
v 0.022995371 -0.23790048 -0.074043885
v 0.023057397 -0.23472175 -0.08362884
v 0.009309001 -0.21195729 -0.07772064
v -0.012748417 -0.20971198 -0.077162474
v 0.02364036 -0.2511552 -0.06578766
v 0.022092432 -0.2449302 -0.03047058
v 0.022092432 -0.23885372 -0.0625705
v 0.02364036 -0.25754505 -0.03203369
v 0.022092432 -0.23865594 -0.070300594
v 0.022092432 -0.24066646 -0.07343445
v 0.021477122 -0.24208757 -0.030116882
v 0.021477122 -0.23608139 -0.061844785
v 0.021477122 -0.23456657 -0.06659729
v 0.016245494 -0.22915368 -0.028507994
v 0.016245494 -0.22440402 -0.054015808
v 0.009654994 -0.22476375 -0.02796234
v 0.009654994 -0.2212412 -0.047481995
v 0.018027263 -0.22776386 -0.059665833
v 0.02364036 -0.2429018 -0.09167999
v 0.022092432 -0.2367484 -0.08529449
v 0.022092432 -0.23100464 -0.08719482
v 0.02364036 -0.23198718 -0.1165683
v 0.022092432 -0.22062486 -0.11086365
v 0.02364036 -0.2185308 -0.14017914
v 0.022092432 -0.20782779 -0.13331787
v 0.021477122 -0.22832376 -0.08618317
v 0.021477122 -0.21806426 -0.10957702
v 0.021477122 -0.20541526 -0.13177063
v 0.016245494 -0.20641372 -0.10372284
v 0.016245494 -0.19444114 -0.12473022
v 0.009654994 -0.20245944 -0.10173553
v 0.009654994 -0.21198474 -0.08001526
v 0.016245494 -0.21612516 -0.08157867
v 0.009654994 -0.19071572 -0.122341305
v -0.12612274 -0.19187233 -0.096404724
v -0.12612274 -0.1807426 -0.115933225
v -0.012990574 -0.20956646 -0.07910309
v 0.009309001 -0.21195729 -0.07772064
v -0.012748417 -0.20971198 -0.077162474
v 0.016096491 -0.21644847 -0.07869659
v 0.023307947 -0.23226495 -0.08476501
v 0.023057397 -0.23472175 -0.08362884
v 0.022995371 -0.23790048 -0.074043885
v 0.023403544 -0.2373891 -0.072183535
v 0.022173304 -0.23430105 -0.0690979
v 0.019337611 -0.22646305 -0.06080658
v 0.01723678 -0.22324565 -0.054895323
v 0.016121821 -0.22219048 -0.053055722
v 0.008625408 -0.22033992 -0.05016876
v -0.010470204 -0.21715935 -0.048865966
v -0.012565312 -0.21846412 -0.048406065
v -0.12612274 -0.21301097 -0.02648651
v -0.12354461 -0.20779742 -0.05625824
v 0.009654994 -0.22657473 0.0019635009
v 0.016245494 -0.23100021 0.002001953
v 0.016245494 -0.22980738 0.021524962
v 0.009654994 -0.22574745 0.015508728
v 0.021477122 -0.24403848 0.002114868
v 0.022092432 -0.24690406 0.0021398924
v 0.02364036 -0.2596202 0.00225708
v 0.02364036 -0.2579632 0.029382018
v 0.022092432 -0.24532802 0.027936095
v 0.022092432 -0.24623254 0.03561615
v 0.022092432 -0.24866891 0.0384317
v 0.021477122 -0.2424805 0.027611999
v 0.021477122 -0.24165766 0.03253235
v 0.018027263 -0.23393787 0.026639404
v 0.02364036 -0.25347918 0.056186523
v 0.022092432 -0.2464786 0.050728455
v 0.022092432 -0.24106376 0.053427428
v 0.02364036 -0.24621855 0.08237457
v 0.022092432 -0.23415874 0.07833252
v 0.02364036 -0.23625976 0.10766052
v 0.022092432 -0.22468813 0.10237976
v 0.02364036 -0.22035743 0.13710266
v 0.022092432 -0.20953923 0.13040374
v 0.021477122 -0.23826572 0.052807007
v 0.021477122 -0.23144059 0.0774234
v 0.021477122 -0.22208017 0.10119079
v 0.021477122 -0.20710315 0.12889373
v 0.016245494 -0.21907625 0.07328674
v 0.016245494 -0.21021518 0.095785215
v 0.009654994 -0.2148788 0.07188293
v 0.009654994 -0.22121574 0.049028013
v 0.016245494 -0.22553632 0.049986266
v 0.009654994 -0.20618816 0.09394989
v 0.016245494 -0.19602157 0.12202362
v 0.009654994 -0.19226016 0.11969177
v -0.12612274 -0.2036426 0.06813965
v -0.12612274 -0.19540599 0.089053646
v -0.12612274 -0.18221895 0.11343658
v -0.012990651 -0.21869224 0.048468933
v -0.12354461 -0.21079509 0.04532959
v 0.009309001 -0.22086228 0.04676056
v -0.012748417 -0.21856014 0.04652771
v 0.016096491 -0.22544645 0.047087096
v 0.023307947 -0.24196558 0.05084259
v 0.023057397 -0.24423586 0.049368285
v 0.022995371 -0.24601762 0.039428405
v 0.023403544 -0.2452469 0.037660215
v 0.022173304 -0.24175064 0.03504547
v 0.019337611 -0.23281206 0.027953185
v 0.01723678 -0.22878656 0.022561034
v 0.016121821 -0.22748004 0.020890197
v 0.008625408 -0.22523734 0.018295897
v -0.010470204 -0.22190395 0.017459106
v -0.012565312 -0.22313005 0.016818848
v -0.12612274 -0.2147275 0.0018743896
v -0.12354461 -0.21451358 0.023100281
v -0.0010162396 -0.03697373 0.019710694
v -0.0014884991 -0.03725739 0.010330505
v -0.0014884991 -0.034295466 0.017850647
v -0.0010229535 -0.033522494 0.024802856
v -0.0014884991 -0.031123623 0.02302765
v -0.0014884991 -0.025709309 0.028876953
v -0.003429875 -0.046008687 0.017357482
v -0.0041073654 -0.0638918 0.032655638
v -0.0041073654 -0.039842267 0.021673279
v -0.0030400893 -0.07153546 0.026251525
v -0.0041073654 -0.05870354 0.040273435
v -0.0041077468 -0.036365893 0.026868897
v -0.0018191572 -0.07765568 0.023798827
v 6.3811825E-4 -0.06415608 0.015501403
v 0.004654918 -0.08229664 0.0136407465
v 2.0213549E-5 -0.08662571 0.020613402
v 0.013004603 -0.11899643 0.010783386
v 0.0068388325 -0.11679871 0.0177594
v 0.011707911 -0.14179543 0.017175598
v 0.015694423 -0.1372768 0.012720336
v 0.014599452 -0.15827616 0.020089721
v 0.0142168375 -0.15909068 0.020363463
v -9.375806E-4 -0.14476292 0.019346008
v 0.01121818 -0.14190708 0.01761383
v -0.0066381874 -0.11976147 0.020534363
v 0.0062421374 -0.11692695 0.018233947
v -0.017297596 -0.08959434 0.022709655
v -5.789228E-4 -0.08672558 0.021040954
v -0.020597385 -0.08402073 0.023970641
v -0.0024580427 -0.07786747 0.024360046
v -0.0037986035 -0.071921736 0.026619567
v -0.025668873 -0.078412324 0.026474608
v -0.032607272 -0.071523175 0.032112733
v -0.0052495617 -0.064351924 0.032992247
v -0.039353717 -0.06630066 0.039215088
v -0.005078968 -0.05906971 0.0406073
v -0.0037986035 -0.05628384 0.05016388
v -0.025668873 -0.059017222 0.056052245
v -0.020597385 -0.05858479 0.06482238
v -0.0024580427 -0.056218456 0.059129026
v -5.789228E-4 -0.057148706 0.06854309
v -0.017297596 -0.059912454 0.070381165
v 0.006242061 -0.06795597 0.09688354
v -0.0066381874 -0.071271025 0.09841217
v 0.01121818 -0.07842137 0.11957489
v -9.375806E-4 -0.08123646 0.12137298
v 0.0142168375 -0.08847111 0.13378143
v 0.014599452 -0.08786598 0.13317169
v 0.015694423 -0.071987234 0.11757812
v 0.011707911 -0.07797909 0.11966736
v 0.013004603 -0.062182963 0.1020282
v 0.0068388325 -0.06747353 0.09697815
v 2.0213549E-5 -0.05672066 0.06864227
v 0.004654918 -0.048553508 0.06783356
v -0.0018191572 -0.055621456 0.05918701
v 6.3811825E-4 -0.04221886 0.05073364
v -0.003429875 -0.035877384 0.033629455
v -0.0030400893 -0.055782817 0.049979553
v 0.0012281756 -0.21647793 0.015488281
v 0.008625408 -0.22523734 0.018295897
v -0.010470204 -0.22190395 0.017459106
v -0.026510395 -0.05990746 0.010150147
v 0.0026349595 -0.05990746 0.010150147
v -0.027726445 -0.05313 0.0094396975
v 0.017827144 -0.13759041 1.977539E-4
v 0.022011867 -0.1579344 0.0067596436
v 0.022967676 -0.19962557 0.021362
v 0.019337611 -0.23281206 0.027953185
v 0.022173304 -0.24175064 0.03504547
v 0.025932612 -0.244627 0.039216306
v 0.022995371 -0.24601762 0.039428405
v 0.025946116 -0.24301305 0.047329407
v 0.02594932 -0.24252129 0.048344422
v 0.023057397 -0.24423586 0.049368285
v 0.009309001 -0.22086228 0.04676056
v -0.012748417 -0.21856014 0.04652771
v 0.009654994 -0.17273761 -0.14595672
v -0.12612274 -0.16371696 -0.1383264
v 0.016245494 -0.17611793 -0.14881378
v 0.021477122 -0.1860759 -0.15722992
v 0.022092432 -0.18826477 -0.15907958
v 0.02364036 -0.19798698 -0.1672937
v 0.022092355 -0.1668007 -0.18205322
v 0.02364036 -0.17539027 -0.19142547
v 0.022092355 -0.14685722 -0.19849151
v 0.02364036 -0.15441966 -0.20871033
v 0.022092355 -0.12530491 -0.21275482
v 0.02364036 -0.13175644 -0.2237085
v 0.021477122 -0.123850174 -0.21028534
v 0.021477122 -0.1451527 -0.19618744
v 0.021477122 -0.16486454 -0.17994049
v 0.016245494 -0.13739772 -0.18570617
v 0.016245494 -0.15605707 -0.17032684
v 0.009654994 -0.13476562 -0.18214813
v 0.009654994 -0.11498745 -0.19523682
v 0.016245494 -0.11723331 -0.19905029
v 0.009654994 -0.15306705 -0.1670636
v -0.12612274 -0.12771656 -0.17261444
v -0.12612274 -0.14506145 -0.15831818
v -0.012990651 -0.113676034 -0.19301026
v -0.12354461 -0.108499065 -0.1863211
v 0.008625408 -0.020375255 -0.22505797
v 0.0012281756 -0.02164841 -0.21594818
v -0.010470204 -0.020631338 -0.22163025
v 0.009308925 0.008419109 -0.22559966
v -0.012748417 0.008581691 -0.22329193
v 0.023057397 0.007003055 -0.24907562
v 0.02364036 -0.015034488 -0.25919005
v 0.022092355 -0.046708226 -0.24235839
v 0.022092355 -0.014301303 -0.2464975
v 0.02364036 -0.049110796 -0.2548364
v 0.022092355 -0.0068886224 -0.24869902
v 0.022092355 -0.004529156 -0.25157928
v 0.021477122 -0.046165965 -0.23954497
v 0.021477122 -0.0141351735 -0.24363738
v 0.021477122 -0.0091471905 -0.24366485
v 0.016245494 -0.043699194 -0.22674683
v 0.016245494 -0.017972378 -0.230112
v 0.009654994 -0.042862363 -0.22240295
v 0.009654994 -0.023208698 -0.22508484
v 0.018027263 -0.013637241 -0.23505309
v 0.02364036 0.012141605 -0.25934172
v 0.022092355 0.007961002 -0.25151825
v 0.022092355 0.011543385 -0.24664275
v 0.02364036 0.039184526 -0.25665253
v 0.022092355 0.037261233 -0.24408507
v 0.02364036 0.065797724 -0.25115052
v 0.022092355 0.06257106 -0.23885345
v 0.021477122 0.011409603 -0.2437799
v 0.021477122 0.036828913 -0.24125151
v 0.021477122 0.061844744 -0.23608062
v 0.016245494 0.03486133 -0.22836272
v 0.016245494 0.058540832 -0.22346771
v 0.009654994 0.0341933 -0.22398773
v 0.009654994 0.010592571 -0.22633514
v 0.016245494 0.0107998615 -0.23075561
v 0.009654994 0.05741931 -0.2191864
v -0.12612274 0.03241161 -0.21226685
v -0.12612274 0.054423213 -0.20771697
v -0.012990651 0.010471759 -0.22375305
v -0.12354461 0.014607883 -0.21535248
v 0.009308925 0.008419109 -0.22559966
v -0.012748417 0.008581691 -0.22329193
v 0.016096491 0.007958866 -0.23017304
v 0.023307947 0.008842731 -0.24709044
v 0.023057397 0.007003055 -0.24907562
v 0.022995371 -0.0030951728 -0.24913727
v 0.023403544 -0.0047061197 -0.24807586
v 0.022173304 -0.0066861385 -0.24418518
v 0.019337611 -0.012150768 -0.2341687
v 0.01723678 -0.016777499 -0.22928222
v 0.016121821 -0.018201184 -0.22771026
v 0.008625408 -0.020375255 -0.22505797
v -0.010470204 -0.020631338 -0.22163025
v -0.012565312 -0.021471867 -0.22272979
v -0.12612274 -0.040616725 -0.21076506
v 0.009654994 -0.07188233 -0.21487823
v 0.016245494 -0.07328652 -0.2190747
v 0.016245494 -0.091486014 -0.21190734
v 0.009654994 -0.08450908 -0.20990509
v 0.021477122 -0.077422716 -0.23144011
v 0.022092355 -0.078332104 -0.23415771
v 0.02364036 -0.08236401 -0.24621367
v 0.02364036 -0.10764965 -0.23625548
v 0.022092355 -0.10237907 -0.2246875
v 0.022092355 -0.10996227 -0.22317505
v 0.022092355 -0.113393135 -0.22462158
v 0.021477122 -0.10119091 -0.22207946
v 0.021477122 -0.10561558 -0.21977599
v 0.018027263 -0.09762611 -0.21425536
v 0.02364036 -0.13175644 -0.2237085
v 0.022092355 -0.12441143 -0.218739
v 0.022092355 -0.12530491 -0.21275482
v 0.022995371 -0.11352184 -0.22179168
v 0.023057397 -0.12242447 -0.21702515
v 0.023307947 -0.12312504 -0.214411
v 0.023403544 -0.11160179 -0.22160491
v 0.022173304 -0.108034745 -0.21908844
v 0.019337611 -0.098528095 -0.21277893
v 0.01723678 -0.092155494 -0.21061645
v 0.016121821 -0.090162925 -0.20989044
v 0.008625408 -0.087002106 -0.20855865
v -0.010470204 -0.08517696 -0.20564696
v -0.012565312 -0.08494595 -0.20701171
v -0.12612274 -0.0681202 -0.20363373
v -0.12354461 -0.08759495 -0.19720092
v 0.016245494 -0.11723331 -0.19905029
v 0.016096491 -0.11444927 -0.19986053
v 0.009654994 -0.11498745 -0.19523682
v 0.009309001 -0.11272171 -0.1956018
v -0.012990651 -0.113676034 -0.19301026
v -0.012748417 -0.1117894 -0.1934848
v 0.021477122 -0.123850174 -0.21028534
v -0.12354461 -0.08759495 -0.19720092
v -0.12354461 -0.108499065 -0.1863211
v -0.012565312 -0.08494595 -0.20701171
v -0.12354461 -0.010904735 -0.21499938
v -0.0010162396 -0.030171514 -0.029072264
v -0.0014884991 -0.021337323 -0.032240905
v -0.0014884991 -0.02757439 -0.027100218
v -0.0014884991 -0.01416756 -0.035972595
v 0.016169352 -0.044033434 -0.13738525
v 0.015241236 -0.04426083 -0.13864745
v 0.015006174 -0.049192052 -0.1501361
v 0.015241236 -0.04426083 -0.13864745
v 0.016082453 -0.036539007 -0.11664215
v 0.017827144 -0.042705424 -0.13079438
v 0.022011867 -0.055232663 -0.14811553
v 0.016169352 -0.044033434 -0.13738525
v 0.022967676 -0.08200378 -0.18325348
v 0.019337611 -0.098528095 -0.21277893
v 0.022173304 -0.108034745 -0.21908844
v 0.025932612 -0.11289039 -0.22053497
v 0.025946116 -0.120107874 -0.21649292
v 0.022995371 -0.11352184 -0.22179168
v 0.023403544 -0.11160179 -0.22160491
v 0.023057397 -0.12242447 -0.21702515
v 0.007218547 -0.023048596 -0.07659362
v -0.023018803 -0.022970928 -0.08189514
v 0.0012281756 -0.08162533 -0.20109619
v 0.008625408 -0.087002106 -0.20855865
v -0.010470204 -0.08517696 -0.20564696
v 0.009309001 -0.11272171 -0.1956018
v -0.012748417 -0.1117894 -0.1934848
v 0.009654994 0.08594158 -0.20947967
v -0.12612274 0.081442185 -0.19852905
v 0.016245494 0.08761417 -0.21357696
v 0.021477122 0.09254116 -0.2256488
v 0.022092355 0.09362415 -0.228302
v 0.02364036 0.09842358 -0.2400824
v 0.022092355 0.121599 -0.2148941
v 0.02364036 0.12786716 -0.22595794
v 0.022092355 0.1433953 -0.20100616
v 0.02364036 0.15078643 -0.21135497
v 0.022092355 0.16362129 -0.18491623
v 0.02364036 0.17205371 -0.19443557
v 0.021477122 0.16172206 -0.18276978
v 0.021477122 0.14173149 -0.1986734
v 0.021477122 0.12018787 -0.2124002
v 0.016245494 0.13415916 -0.18805908
v 0.016245494 0.11376663 -0.20105194
v 0.009654994 0.13158908 -0.18445617
v 0.009654994 0.150149 -0.16969085
v 0.016245494 0.1530817 -0.17300506
v 0.009654994 0.111587025 -0.19720061
v -0.12612274 0.124716565 -0.17480163
v -0.12612274 0.10576023 -0.18688019
v -0.012990651 0.14843647 -0.16775513
v 0.009308925 0.15119563 -0.16764893
v -0.012748417 0.14947036 -0.16610718
v 0.016096491 0.15471256 -0.1706073
v 0.023307947 0.16586971 -0.1833548
v 0.023057397 0.16857299 -0.1834967
v 0.022092355 0.16958804 -0.18591583
v 0.022092355 0.1785873 -0.17725478
v 0.02364036 0.19143604 -0.17538619
v 0.022092355 0.17827213 -0.17354447
v 0.022092355 0.18205364 -0.16679992
v 0.022092355 0.19849186 -0.14685668
v 0.02364036 0.2087209 -0.15441528
v 0.022092355 0.21606304 -0.11931396
v 0.02364036 0.22719753 -0.1254541
v 0.02364036 0.24186794 -0.09439071
v 0.022092355 0.2300146 -0.08977264
v 0.022092355 0.23439845 -0.08340332
v 0.022092355 0.23786716 -0.08204941
v 0.021477122 0.21355495 -0.11792938
v 0.021477122 0.22734508 -0.088730775
v 0.021477122 0.22891323 -0.08399551
v 0.016245494 0.20214595 -0.11162872
v 0.016245494 0.2132957 -0.08820084
v 0.009654994 0.19827297 -0.10949036
v 0.009654994 0.20689732 -0.091627344
v 0.018027263 0.21933551 -0.085604854
v 0.023640284 0.25041065 -0.068591915
v 0.022092355 0.24166843 -0.070151515
v 0.022092355 0.23813823 -0.065238036
v 0.023640284 0.25620845 -0.042041473
v 0.022092355 0.24365337 -0.039988097
v 0.02364036 0.25920102 -0.015030517
v 0.022092355 0.24649875 -0.014300385
v 0.021477122 0.23537463 -0.06448044
v 0.021477122 0.24082507 -0.039523926
v 0.021477122 0.2436375 -0.014134369
v 0.016245417 0.22795902 -0.037412718
v 0.016245417 0.23062076 -0.013379669
v 0.009654994 0.2235918 -0.036695708
v 0.009654994 0.21853122 -0.05986679
v 0.016245417 0.2227994 -0.061035916
v 0.009654994 0.22620265 -0.013123321
v -0.12612274 0.21191074 -0.034764253
v -0.12612274 0.21438503 -0.0124235535
v -0.012990651 0.21603824 -0.059183348
v -0.12354461 0.20876132 -0.0543457
v 0.009308925 0.21715999 -0.061706543
v -0.012748494 0.21501575 -0.06083862
v 0.016096491 0.22136706 -0.06355743
v 0.023307947 0.23772998 -0.06794464
v 0.023057321 0.2390494 -0.07030761
v 0.022995295 0.23598766 -0.07993042
v 0.023403544 0.23448025 -0.08113525
v 0.022173228 0.23016796 -0.0818161
v 0.019337611 0.21895306 -0.08391769
v 0.01723678 0.21287578 -0.08680817
v 0.016121821 0.21094112 -0.08767593
v 0.008625408 0.20774677 -0.0889241
v -0.01047028 0.20440838 -0.08810821
v -0.012565312 0.20519352 -0.089247584
v -0.12612274 0.18791568 -0.10375381
v 0.009654994 0.18214855 -0.13476487
v 0.016245494 0.1857059 -0.137397
v 0.016245494 0.17326595 -0.15249054
v 0.009654994 0.17351757 -0.14523682
v 0.021477122 0.19618808 -0.14515212
v 0.021477122 0.17994052 -0.1648642
v 0.021477122 0.17638324 -0.16836074
v 0.018027263 0.17360088 -0.15905564
v -0.12612274 0.17263393 -0.12770751
v -0.012565312 0.17063022 -0.14475769
v -0.12354461 0.16093113 -0.14382172
v 0.022173228 0.17498119 -0.17044875
v 0.023403544 0.17627276 -0.17461868
v 0.022995371 0.17585659 -0.17650267
v 0.019337611 0.17191853 -0.1594574
v 0.01723678 0.17183116 -0.15272827
v 0.016121821 0.17175609 -0.15060897
v 0.008625408 0.17146656 -0.14719176
v -0.01047028 0.16926159 -0.14455566
v -0.025172124 0.062015414 -0.024178771
v -0.026588367 0.049461246 -0.030796507
v -0.026510395 0.05772056 -0.018977966
v -0.02428223 0.06359866 -0.030004578
v -0.023239369 0.06138557 -0.038221434
v -0.027726445 0.0513948 -0.016443787
v -0.029203037 0.04342109 -0.017774353
v -0.029767003 0.037377313 -0.023272399
v 0.005919567 0.06122501 -0.038121033
v 0.0048686936 0.06359866 -0.030004578
v 0.0039758254 0.062015414 -0.024178771
v 0.0026349595 0.05772056 -0.018977966
v -5.1044997E-5 0.04342109 -0.017774353
v -0.029767003 0.037377313 -0.023272399
v -6.0738047E-4 0.037377313 -0.023272399
v 0.0014203601 0.051314652 -0.016599732
v 0.00679565 0.062490687 -0.03736847
v 0.008146358 0.06957507 -0.03843689
v 0.008146358 0.06655406 -0.04143982
v 0.0068250233 0.06183635 -0.038501892
v 0.007170787 0.06699142 -0.04171173
v 0.007218547 0.069910996 -0.038862914
v -0.023234334 0.07164337 -0.044608153
v -0.023018803 0.07355056 -0.0427182
v 0.0076640276 0.07653236 -0.03831543
v -0.020133823 0.07725868 -0.0426062
v 0.007218547 0.069910996 -0.038862914
v -0.007558369 0.10383419 -0.059371643
v 0.015256648 0.10540733 -0.057283018
v 5.5663625E-4 0.12754093 -0.07018554
v 0.015241236 0.1283715 -0.06857849
v 0.0039285994 0.1390842 -0.07498718
v 0.015006174 0.13991459 -0.07337982
v 0.0060169175 0.181114 -0.084736325
v 0.015188364 0.18194439 -0.08312881
v 0.016033396 0.14010406 -0.073012695
v 0.0161692 0.12732826 -0.06783203
v 0.016164089 0.18218662 -0.082660824
v 0.016121821 0.21094112 -0.08767593
v 0.01723678 0.21287578 -0.08680817
v 0.016082453 0.10749706 -0.058180235
v 0.017827144 0.121782415 -0.06403076
v 0.0161692 0.12732826 -0.06783203
v 0.022011867 0.14283745 -0.06772155
v 0.022967676 0.18652545 -0.07426071
v 0.019337611 0.21895306 -0.08391769
v 0.017934946 0.12148815 -0.06365326
v 0.016435312 0.1072163 -0.05795685
v 0.022277903 0.14296253 -0.067479245
v 0.023429483 0.1868941 -0.07354782
v 0.023403544 0.23448025 -0.08113525
v 0.022173228 0.23016796 -0.0818161
v 0.025932536 0.23465854 -0.07946961
v 0.02594604 0.23701686 -0.07154098
v 0.022995295 0.23598766 -0.07993042
v 0.023403544 0.23448025 -0.08113525
v 0.023057321 0.2390494 -0.07030761
v 0.0161692 0.12732826 -0.06783203
v 0.015006174 0.13991459 -0.07337982
v 0.015241236 0.1283715 -0.06857849
v 0.015241236 0.1283715 -0.06857849
v 0.008625408 0.20774677 -0.0889241
v 0.0012281756 0.19868946 -0.08731964
v -0.01047028 0.20440838 -0.08810821
v 0.009308925 0.21715999 -0.061706543
v -0.012748494 0.21501575 -0.06083862
v -0.0010162396 0.018326297 -0.037678223
v -0.0014884991 0.02406978 -0.030255431
v -0.0014884991 0.017253261 -0.034598693
v -0.0014884991 0.029834399 -0.024589844
v -0.025172124 0.049062073 -0.0449823
v -0.02428223 0.054988816 -0.04383209
v -0.026510395 0.042499576 -0.043423157
v -0.027726445 0.03743484 -0.038865052
v -0.029203037 0.035109896 -0.031122131
v -0.02428223 0.054988816 -0.04383209
v 0.0048686936 0.054988816 -0.04383209
v 0.0039758254 0.049062073 -0.0449823
v -0.02428223 0.054988816 -0.04383209
v 0.0048686936 0.054988816 -0.04383209
v 0.0026349595 0.042499576 -0.043423157
v -0.026510395 0.042499576 -0.043423157
v 0.0049447585 0.049626 -0.045736082
v 0.00796783 0.05758407 -0.056374814
v 0.0057945973 0.05572078 -0.044282224
v 0.008721309 0.06751441 -0.051897276
v 0.008187557 0.058765672 -0.056630857
v 0.016617503 0.097629465 -0.06971313
v 0.016617503 0.09070976 -0.07547058
v 0.020651316 0.11017544 -0.081681214
v 0.020651316 0.1037778 -0.0874765
v 0.02499389 0.12310497 -0.099236146
v 0.02499389 0.11669208 -0.105054624
v 0.025948785 0.14779465 -0.13617127
v 0.025948785 0.14152287 -0.14179961
v 0.026753915 0.17474185 -0.17464203
v 0.026753915 0.16834415 -0.18043701
v 0.02436416 0.1234058 -0.098829344
v 0.019998774 0.11049942 -0.081243284
v 0.025296398 0.1482388 -0.1355719
v 0.025930017 0.17534892 -0.17437302
v 0.023403544 0.17627276 -0.17461868
v 0.023429483 0.14846691 -0.13526367
v 0.023403544 0.17627276 -0.17461868
v 0.022277903 0.12363681 -0.09851776
v 0.017934946 0.11072727 -0.08093475
v 0.016435312 0.09931865 -0.070640564
v 0.015256648 0.09791553 -0.069315486
v 0.0076640276 0.06815364 -0.051772155
v -0.007558369 0.09909607 -0.0669815
v -0.020133823 0.07232467 -0.05053131
v 0.007218547 0.06572284 -0.045588378
v -0.023018803 0.070788644 -0.047153015
v 5.5663625E-4 0.119260825 -0.08348419
v 0.015241236 0.11818462 -0.084938355
v 0.0161692 0.11705471 -0.08433166
v 0.015006174 0.12758683 -0.09317841
v 0.016033396 0.12734103 -0.093511045
v 0.015188364 0.15488102 -0.12659423
v 0.016164089 0.15456767 -0.12701812
v 0.016121821 0.17175609 -0.15060897
v 0.01723678 0.17183116 -0.15272827
v 0.016082453 0.0996426 -0.07079468
v 0.0039285994 0.12866302 -0.091723934
v 0.0060169175 0.15595703 -0.12514007
v 0.017827144 0.11119667 -0.081032105
v 0.022011867 0.123798825 -0.09829865
v 0.022967676 0.14894424 -0.13461791
v 0.019337611 0.17191853 -0.1594574
v 0.017934946 0.11072727 -0.08093475
v 0.017934946 0.11072727 -0.08093475
v 0.022173228 0.17498119 -0.17044875
v 0.0012281756 0.16603047 -0.13977203
v 0.008625408 0.17146656 -0.14719176
v -0.01047028 0.16926159 -0.14455566
v 0.008146358 0.06519275 -0.04547516
v 0.00679565 0.061108317 -0.03958893
v 0.0048686936 0.054988816 -0.04383209
v -0.0037986035 0.042538635 -0.06380951
v -0.032607272 0.038987957 -0.068018794
v -0.025668873 0.047875397 -0.067506716
v -0.039353795 0.030588144 -0.070694886
v -0.020597385 0.05388427 -0.068778075
v -0.0024580427 0.048677552 -0.065476075
v -5.789228E-4 0.05779491 -0.06799743
v -0.017297596 0.05913497 -0.07103424
v 0.006242061 0.083878055 -0.08347839
v -0.0066381874 0.08481922 -0.087005615
v 0.01121818 0.10445232 -0.0976593
v -9.375806E-4 0.105744205 -0.10074035
v 0.0142168375 0.11673771 -0.109984435
v -0.029767003 0.037377313 -0.023272399
v -5.1044997E-5 0.035109896 -0.031122131
v -0.029203037 0.035109896 -0.031122131
v 0.0014203601 0.037539173 -0.038723756
v -0.027726445 0.03743484 -0.038865052
v -0.029203037 0.035109896 -0.031122131
v -0.026510395 0.042499576 -0.043423157
v 0.023429483 0.14846691 -0.13526367
v 0.025932612 0.1748566 -0.17551391
v 0.022995371 0.17585659 -0.17650267
v 0.02594604 0.16878234 -0.18112884
v 0.023057397 0.16857299 -0.1834967
v 0.009308925 0.15119563 -0.16764893
v -0.012748417 0.14947036 -0.16610718
v 0.009654994 0.22629108 0.016909484
v -0.12612274 0.21445636 0.016027069
v 0.016245417 0.230705 0.017234039
v 0.021477122 0.24370861 0.018189544
v 0.022092355 0.24656634 0.018399352
v 0.02364036 0.2592454 0.019328307
v 0.022092355 0.24195307 0.0492424
v 0.02364036 0.25442135 0.051785734
v 0.022092355 0.23547985 0.07426361
v 0.02364036 0.2476147 0.078096315
v 0.022092355 0.2264275 0.09847107
v 0.023640284 0.2380959 0.10355087
v 0.021477045 0.22379932 0.097328335
v 0.021477122 0.232747 0.07340164
v 0.021477122 0.23914462 0.048670653
v 0.016245417 0.22031185 0.069480285
v 0.016245417 0.22636813 0.04607071
v 0.009654994 0.21609142 0.068148956
v 0.009654994 0.20778446 0.09036316
v 0.016245417 0.21184269 0.09212829
v 0.009654994 0.22203152 0.045187835
v -0.12612274 0.20480266 0.064600825
v -0.12612274 0.21043164 0.04283966
v -0.012990651 0.20541409 0.08933258
v 0.009308925 0.2061652 0.091990046
v -0.012748494 0.20416676 0.0908255
v 0.016096491 0.21006672 0.094420776
v 0.023307947 0.225638 0.10109222
v 0.023057321 0.22660762 0.10361923
v 0.022092355 0.22922213 0.103836976
v 0.022092355 0.22376636 0.115073085
v 0.023640284 0.22596873 0.1278711
v 0.022092355 0.22014049 0.11591934
v 0.022092355 0.21489467 0.12160003
v 0.022092355 0.20100643 0.1433963
v 0.023640284 0.21136524 0.15079041
v 0.022092355 0.18024181 0.16861877
v 0.02364036 0.18953091 0.177312
v 0.02364036 0.16452141 0.20086364
v 0.022092355 0.15645793 0.19101623
v 0.022092355 0.15175438 0.19715424
v 0.022092355 0.15153895 0.20087096
v 0.021477122 0.17814967 0.16666137
v 0.021477122 0.15464164 0.18879883
v 0.021477122 0.15062252 0.19175383
v 0.016245417 0.16863193 0.15775757
v 0.016245417 0.14979587 0.1756015
v 0.009654994 0.16540131 0.1547348
v 0.009654994 0.15107788 0.16845764
v 0.018027186 0.14919335 0.18214752
v 0.02364036 0.14262493 0.21696013
v 0.022092355 0.14139804 0.20816253
v 0.022092355 0.13563389 0.20632416
v 0.02364036 0.11916576 0.23067962
v 0.022092355 0.11332443 0.21937163
v 0.02364036 0.094401665 0.24187194
v 0.022092355 0.089772984 0.23001525
v 0.021477122 0.13405986 0.20392944
v 0.021477122 0.11200893 0.21682495
v 0.021477122 0.08873112 0.22734557
v 0.016245417 0.10602474 0.20524138
v 0.016245417 0.08399028 0.21519957
v 0.009654994 0.10399364 0.2013095
v 0.009654994 0.12446598 0.18933624
v 0.016245417 0.12689766 0.19303437
v 0.009654994 0.08238102 0.21107666
v -0.12612274 0.09856372 0.19080138
v -0.12612274 0.07808071 0.20005798
v -0.012990651 0.12304661 0.18717681
v 0.009308925 0.12579314 0.18746369
v -0.012748494 0.12430515 0.18569244
v 0.016096491 0.12885284 0.19089293
v 0.023307947 0.13808201 0.20509918
v 0.023057397 0.14073741 0.20562378
v 0.022995371 0.14894298 0.19973785
v 0.023403544 0.14962238 0.19793244
v 0.022173228 0.14893779 0.1936206
v 0.019337611 0.14747097 0.1823056
v 0.01723678 0.14834201 0.17563231
v 0.016121821 0.14856948 0.17352417
v 0.008625331 0.14876926 0.1701007
v -0.01047028 0.14696202 0.16717742
v -0.012565312 0.14828785 0.16757263
v -0.12612274 0.15676166 0.14666168
v -0.12354461 0.13640536 0.16666473
v 0.009654918 0.18445659 0.13158965
v 0.016245417 0.18805912 0.13415955
v 0.016245417 0.19856974 0.11766418
v 0.009654918 0.19174846 0.120144956
v 0.021477045 0.19867352 0.14173217
v 0.021477045 0.21240002 0.120188594
v 0.021477045 0.21462597 0.11572448
v 0.018027186 0.20491703 0.115954585
v -0.12612274 0.17482097 0.12472565
v -0.012565312 0.19040081 0.11754669
v 0.022173228 0.21617839 0.11374603
v 0.023403544 0.22054394 0.11368576
v 0.022995295 0.22220683 0.11270813
v 0.019337611 0.20477878 0.114229426
v 0.017236704 0.19835262 0.11622589
v 0.016121821 0.19631366 0.11680969
v 0.008625331 0.19297367 0.117590025
v -0.01047028 0.1897858 0.11630737
v -0.12354461 0.18768108 0.1063269
v -0.025172124 0.04215961 0.051509093
v -0.026588367 0.044573624 0.037524108
v -0.026510395 0.035886224 0.04903198
v -0.02428223 0.048189387 0.051214293
v -0.023239369 0.05531974 0.046570435
v -0.027726445 0.031521525 0.04379852
v -0.029203037 0.030322222 0.035803832
v -0.029767003 0.03368339 0.028356932
v 0.005919567 0.055175547 0.046448972
v 0.0048686936 0.048189387 0.051214293
v 0.0039758254 0.04215961 0.051509093
v 0.00679565 0.05485046 0.047884826
v 0.008146358 0.058055643 0.054292906
v 0.008146358 0.059977982 0.050491944
v 0.0068250233 0.055726197 0.046912536
v 0.0039758254 0.04215961 0.051509093
v 0.0026349595 0.035886224 0.04903198
v 0.0014203601 0.031645007 0.043673705
v -0.026510395 0.035886224 0.04903198
v -0.027726445 0.031521525 0.04379852
v -5.1044997E-5 0.030322222 0.035803832
v -0.029203037 0.030322222 0.035803832
v -6.0738047E-4 0.03368339 0.028356932
v 0.00679565 0.056535065 0.04588409
v -5.1044997E-5 0.040448833 0.023774719
v -0.029203037 0.040448833 0.023774719
v 0.0014203601 0.048428643 0.023736266
v 0.0026349595 0.054431528 0.027001342
v 0.0049447585 0.05883342 0.03306427
v 0.00796783 0.071409635 0.037345275
v 0.0057945973 0.05933391 0.039310303
v 0.008721309 0.0702206 0.04817291
v 0.008187557 0.0720193 0.038390197
v 0.016617503 0.096470565 0.071308896
v 0.016617503 0.09980789 0.06294891
v 0.020651316 0.111729465 0.07954254
v 0.020651316 0.11526439 0.07166717
v 0.02499389 0.13242096 0.08641479
v 0.02499389 0.13597308 0.07851776
v 0.025948785 0.17517833 0.09848205
v 0.025948785 0.17859279 0.0907785
v 0.026753915 0.22009327 0.11222244
v 0.026753915 0.22362727 0.10434738
v 0.02436416 0.13212776 0.08682647
v 0.019998774 0.111413226 0.07998627
v 0.025296398 0.17474514 0.09908966
v 0.025930017 0.22002429 0.11288284
v 0.023403544 0.22054394 0.11368576
v 0.023429483 0.1745222 0.099402465
v 0.022277903 0.13190258 0.08714233
v 0.017934946 0.11119053 0.08029877
v 0.016435312 0.09787483 0.07262939
v 0.015256648 0.09618023 0.0717044
v 0.0076640276 0.0702993 0.04882019
v -0.007558369 0.0943259 0.07354767
v -0.020133823 0.07040782 0.05317047
v 0.007218547 0.06366756 0.04841919
v -0.023018803 0.066720806 0.0527536
v 5.5663625E-4 0.116252095 0.08762634
v 0.015241236 0.117302895 0.086153254
v 0.0039285994 0.12699394 0.09402191
v 0.015006174 0.12804455 0.092549436
v 0.0161692 0.11637668 0.08526611
v 0.016033396 0.12828502 0.092212215
v 0.015188364 0.16825931 0.10818115
v 0.016164012 0.16856533 0.107752375
v 0.016121821 0.19631366 0.11680969
v 0.017236704 0.19835262 0.11622589
v 0.0060169175 0.16720852 0.10965393
v -0.023234334 0.064564124 0.054352418
v 0.007170787 0.06037185 0.05082367
v 0.007218547 0.058564715 0.054480895
v -0.023018803 0.06335582 0.056750488
v -0.020133823 0.06439521 0.060311887
v 0.0076640276 0.06009044 0.060947265
v -0.007558369 0.08855244 0.08040588
v 0.015256648 0.08705215 0.0825473
v 5.5663625E-4 0.10616329 0.0996106
v 0.015241236 0.104891166 0.100897215
v 0.0039285994 0.11429683 0.10910492
v 0.015006174 0.113024935 0.11039123
v 0.0060169175 0.13655673 0.14606537
v 0.015188364 0.13528438 0.14735168
v 0.016033396 0.11273384 0.11068512
v 0.0161692 0.10385864 0.1001358
v 0.015241236 0.104891166 0.100897215
v 0.016164089 0.13491379 0.14772674
v 0.016121821 0.14856948 0.17352417
v 0.01723678 0.14834201 0.17563231
v 0.016082453 0.08855144 0.08425781
v 0.017827144 0.09853031 0.09603607
v 0.022011867 0.108546525 0.11492035
v 0.022967676 0.12826572 0.15444915
v 0.019337611 0.14747097 0.1823056
v 0.017934946 0.09807979 0.0958728
v 0.016435312 0.088252485 0.08405975
v 0.022277903 0.10835449 0.115114436
v 0.023429483 0.12770183 0.15501952
v 0.023403544 0.14962238 0.19793244
v 0.022173228 0.14893779 0.1936206
v 0.023403544 0.14962238 0.19793244
v 0.023429483 0.12770183 0.15501952
v 0.025932612 0.1480936 0.19861664
v 0.022995371 0.14894298 0.19973785
v 0.02594604 0.14128135 0.20330994
v 0.023057397 0.14073741 0.20562378
v 0.008625331 0.14876926 0.1701007
v 0.0012281756 0.14444484 0.16198242
v -0.01047028 0.14696202 0.16717742
v -0.0037986035 0.030315088 0.069030456
v -0.039353795 0.016807057 0.07517395
v -0.0052496376 0.011490971 0.0713974
v -0.032607272 0.008438449 0.07794555
v -0.0037986035 0.003091465 0.076627806
v -0.025668873 9.4718544E-4 0.08275543
v -0.020597385 -0.0031668511 0.08731598
v -0.0024580427 -8.953896E-4 0.08158355
v -5.789228E-4 -0.0067891353 0.088983156
v -0.017297596 -0.0060884133 0.09222717
v 0.006242061 -0.018791316 0.116838984
v -0.0066381874 -0.017479328 0.120245665
v 0.01121818 -0.02710053 0.14040466
v -9.375806E-4 -0.026335567 0.14365631
v 0.0142168375 -0.02979565 0.15759704
v -0.026510395 0.035886224 0.04903198
v 0.0039758254 0.04215961 0.051509093
v -0.025172124 0.04215961 0.051509093
v 0.009308925 0.12579314 0.18746369
v -0.012748494 0.12430515 0.18569244
v -0.0010162396 0.041497644 0.005787048
v -0.0014884991 0.036212876 0.013542785
v -0.0014884991 0.038237374 0.0057180785
v -0.0014884991 0.032606196 0.020776061
v -0.025172124 0.05794231 0.03276123
v -0.02428223 0.05867965 0.038752746
v -0.026510395 0.054431528 0.027001342
v -0.027726445 0.048530687 0.023593444
v -0.029203037 0.040448833 0.023774719
v 0.0048686936 0.05867965 0.038752746
v 0.0039758254 0.05794231 0.03276123
v 0.0014203601 0.048428643 0.023736266
v -0.027726445 0.048530687 0.023593444
v 0.008146358 0.06339572 0.04794983
v -0.003429875 0.047423624 0.013001404
v -0.0041073654 0.07088325 0.011136474
v -0.0041073654 0.044971917 0.00588562
v -0.0030400893 0.07330291 0.02081024
v -0.0018191572 0.076812625 0.026391601
v 6.3811825E-4 0.061014093 0.025169982
v 0.004654918 0.074596286 0.03733795
v 2.0213549E-5 0.08219723 0.03424164
v 0.013004603 0.102607764 0.061221007
v 0.0068388325 0.10493011 0.054285888
v 0.011707911 0.12480976 0.06945038
v 0.015694423 0.11853535 0.07039886
v 0.014599452 0.13985538 0.07678039
v 0.0161692 0.11637668 0.08526611
v 0.015241236 0.117302895 0.086153254
v 0.016082453 0.09812111 0.07288971
v 0.017827144 0.11142837 0.08071441
v 0.022011867 0.13174377 0.0873642
v 0.0161692 0.11637668 0.08526611
v 0.022967676 0.17405613 0.10005554
v 0.019337611 0.20477878 0.114229426
v 0.022173228 0.21617839 0.11374603
v 0.025932536 0.22095698 0.11206237
v 0.022995295 0.22220683 0.11270813
v 0.02594604 0.22442058 0.10454986
v 0.023057321 0.22660762 0.10361923
v 0.0012281756 0.18423755 0.11471283
v 0.008625331 0.19297367 0.117590025
v -0.01047028 0.1897858 0.11630737
v -0.027726445 0.048530687 0.023593444
v 0.0014203601 0.048428643 0.023736266
v -0.029203037 0.040448833 0.023774719
v 0.009308925 0.2061652 0.091990046
v -0.012748494 0.20416676 0.0908255
v -0.12354461 0.18768108 0.1063269
v -0.12354461 0.1984045 0.08482208
v -0.012565312 0.19040081 0.11754669
v -0.12354461 0.1984045 0.08482208
v 0.009654994 0.054353364 0.2203482
v -0.12612274 0.05150455 0.2088327
v 0.016245494 0.055408433 0.22464599
v 0.021477122 0.058518022 0.23730804
v 0.022092355 0.05920131 0.24009125
v 0.02364036 0.06222793 0.2524411
v 0.022092355 0.027935518 0.24532805
v 0.02364036 0.029378427 0.25797364
v 0.022092355 0.0021388205 0.24690399
v 0.02364036 0.0022524984 0.25963104
v 0.022092355 -0.023681415 0.24577515
v 0.02364036 -0.024897655 0.2584439
v 0.021477122 -0.023406338 0.24292296
v 0.021477122 0.0021138724 0.24403839
v 0.021477122 0.02761146 0.24248077
v 0.016245494 0.0020008811 0.23100066
v 0.016245494 0.026136316 0.22952606
v 0.009654994 0.0019628485 0.22657531
v 0.009654994 -0.02173138 0.22553894
v 0.016245494 -0.02215611 0.22994415
v 0.009654994 0.025635408 0.22512847
v -0.12612274 0.0018656501 0.2147467
v -0.12612274 0.024300952 0.21337585
v -0.012990651 -0.02148373 0.22296661
v -0.12290016 -0.021223797 0.21546386
v 0.009308925 -0.023778424 0.22450225
v -0.012748417 -0.023289302 0.22224121
v 0.016096491 -0.0248848 0.22896332
v 0.023307947 -0.026417736 0.24583435
v 0.023057397 -0.028521465 0.24753754
v 0.022092355 -0.027921109 0.25009125
v 0.022092355 -0.04029278 0.24837433
v 0.02364036 -0.051775172 0.25442505
v 0.022092355 -0.042218097 0.24518737
v 0.022092355 -0.04924229 0.24195373
v 0.022092355 -0.07426335 0.23548095
v 0.02364036 -0.07808514 0.24761963
v 0.022092355 -0.10466812 0.22352691
v 0.02364036 -0.11005623 0.23504913
v 0.02364036 -0.14018306 0.21854186
v 0.022092355 -0.13331883 0.20782806
v 0.022092355 -0.14060928 0.20525146
v 0.022092355 -0.1442113 0.20619537
v 0.021477122 -0.103453025 0.2209323
v 0.021477122 -0.13177119 0.20541595
v 0.021477122 -0.13582332 0.2025061
v 0.016245494 -0.097926214 0.20912933
v 0.016245494 -0.12071727 0.19672912
v 0.009654994 -0.09604988 0.20512237
v 0.009654994 -0.113526605 0.19574066
v 0.018027263 -0.12712917 0.198179
v 0.02364036 -0.16225839 0.20269074
v 0.022092355 -0.15427974 0.198804
v 0.022092355 -0.15431236 0.1927536
v 0.02364036 -0.1825555 0.18461974
v 0.022092355 -0.17361504 0.17556824
v 0.02364036 -0.20085281 0.16452575
v 0.022092432 -0.19101606 0.15645874
v 0.021477122 -0.15252121 0.19051667
v 0.021477122 -0.17160007 0.17352997
v 0.021477122 -0.18879864 0.15464233
v 0.016245494 -0.16243228 0.16425903
v 0.016245494 -0.1787124 0.14638062
v 0.009654994 -0.15932009 0.16111237
v 0.009654994 -0.14160702 0.17688324
v 0.016245494 -0.1443727 0.18033813
v 0.009654994 -0.17528841 0.14357604
v -0.12612274 -0.15098824 0.15270568
v -0.12612274 -0.16612117 0.13608612
v -0.012990651 -0.13999164 0.17486602
v 0.009308925 -0.13941601 0.17756622
v -0.012748417 -0.13819118 0.17560394
v 0.016096491 -0.14173198 0.18153626
v 0.023307947 -0.15239067 0.19470337
v 0.023057397 -0.1520692 0.19739105
v 0.022995371 -0.14393577 0.20337646
v 0.023403544 -0.14200878 0.20346434
v 0.022173304 -0.13812 0.20148101
v 0.019337611 -0.12781139 0.19658905
v 0.01723678 -0.12119617 0.19535583
v 0.016121821 -0.11912021 0.19492096
v 0.008625408 -0.11580284 0.19405273
v -0.010470204 -0.11358089 0.19143066
v -0.012565312 -0.11354694 0.19281341
v -0.12612274 -0.09102436 0.19441529
v -0.12354461 -0.11600902 0.18146239
v 0.009654994 -0.06814873 0.21609221
v 0.016245494 -0.06948017 0.2203131
v 0.016245494 -0.05054333 0.22521149
v 0.009654994 -0.055010874 0.21949096
v 0.021477122 -0.07340134 0.2327478
v 0.021477122 -0.048670467 0.2391455
v 0.021477122 -0.043737262 0.23988311
v 0.018027263 -0.046955686 0.2307202
v -0.12612274 -0.064581454 0.204812
v -0.012565312 -0.052956205 0.21740662
v 0.022173304 -0.04137547 0.24074829
v 0.023403544 -0.039969373 0.24488097
v 0.022995371 -0.038525622 0.2461612
v 0.019337611 -0.04535832 0.23005584
v 0.01723678 -0.049242903 0.22456084
v 0.016121821 -0.05042862 0.22280212
v 0.008625408 -0.052202076 0.21986754
v -0.010470204 -0.0519677 0.2164383
v -0.12354461 -0.04477692 0.2111087
v -0.025172124 -0.0359594 0.056013793
v -0.02658829 -0.02191319 0.053988647
v -0.026510395 -0.035542455 0.049281616
v -0.02428223 -0.033816114 0.06165741
v -0.023239369 -0.027195973 0.067004085
v -0.027726445 -0.031914372 0.043513793
v -0.029203037 -0.024681248 0.03990295
v -0.029767003 -0.016559718 0.04079895
v -5.1044997E-5 -0.024681248 0.03990295
v -6.0738047E-4 -0.016559718 0.04079895
v 0.0014203601 -0.03175698 0.043592528
v 0.0026349595 -0.035542455 0.049281616
v -0.026510395 -0.035542455 0.049281616
v -0.025172124 -0.0359594 0.056013793
v 0.0039758254 -0.0359594 0.056013793
v -0.025172124 -0.0359594 0.056013793
v 0.0048686936 -0.033816114 0.06165741
v 0.005919567 -0.02712521 0.066828914
v -0.023239369 -0.027195973 0.067004085
v 0.0057945973 -0.034134068 0.062456053
v 0.00679565 -0.028591465 0.0669635
v 0.008146358 -0.033695187 0.07199219
v 0.008146358 -0.029485974 0.07264557
v 0.0068250233 -0.027395863 0.06749603
v 0.005919567 -0.02712521 0.066828914
v 0.007170787 -0.02967957 0.07312286
v 0.007218547 -0.033716474 0.07253449
v -0.023234334 -0.03174065 0.07820038
v -0.023018803 -0.034394268 0.07779266
v -0.020133823 -0.037460864 0.07988189
v 0.0076640276 -0.03939465 0.07598388
v -0.007558369 -0.049105916 0.10906616
v 0.015256648 -0.05160664 0.10830108
v 5.5663625E-4 -0.061928827 0.13174896
v 0.015241236 -0.06354527 0.13093689
v 0.0039285994 -0.06844544 0.14241913
v 0.015006174 -0.07006161 0.14160644
v 0.006016994 -0.096717715 0.17501037
v 0.015188364 -0.0983345 0.17419799
v 0.016033396 -0.07043133 0.1414209
v 0.0161692 -0.06314007 0.12971984
v 0.016164089 -0.09880565 0.17396118
v 0.016121821 -0.11912021 0.19492096
v 0.01723678 -0.12119617 0.19535583
v 0.016082453 -0.052769475 0.11025512
v 0.017827144 -0.0608878 0.12338531
v 0.0161692 -0.06314007 0.12971984
v 0.022011867 -0.07575283 0.13874663
v 0.022967676 -0.10725322 0.16971649
v 0.019337611 -0.12781139 0.19658905
v 0.017934946 -0.06087147 0.122906186
v 0.017934946 -0.06087147 0.122906186
v 0.016435312 -0.052673955 0.10990936
v 0.022277903 -0.075996056 0.13862427
v 0.023429483 -0.10796985 0.16935638
v 0.023403544 -0.14200878 0.20346434
v 0.017934946 -0.06087147 0.122906186
v 0.022173304 -0.13812 0.20148101
v 0.025932612 -0.14313179 0.20222197
v 0.022995371 -0.14393577 0.20337646
v 0.025946116 -0.14970012 0.1971939
v 0.023057397 -0.1520692 0.19739105
v 0.0161692 -0.06314007 0.12971984
v 0.015006174 -0.07006161 0.14160644
v 0.015241236 -0.06354527 0.13093689
v 0.008625408 -0.11580284 0.19405273
v 0.0012281756 -0.10941814 0.18743102
v -0.010470204 -0.11358089 0.19143066
v 0.009308925 -0.13941601 0.17756622
v -0.012748417 -0.13819118 0.17560394
v -0.0010162396 0.0073200944 0.041255187
v -0.0014884991 -0.0016891517 0.03862579
v -0.0014884991 0.0063782837 0.038132932
v -0.0014884991 -0.009683155 0.037430726
v -0.025172124 -0.013252186 0.06523071
v -0.02428223 -0.018722728 0.067783505
v -0.026510395 -0.008859524 0.060112305
v -0.027726445 -0.007441181 0.05344696
v -0.029203037 -0.010111545 0.04581665
v 0.0039758254 -0.013252186 0.06523071
v 0.0048686936 -0.018722728 0.067783505
v 0.005919567 -0.02712521 0.066828914
v -0.023239369 -0.027195973 0.067004085
v 0.0026349595 -0.008859524 0.060112305
v -5.1044997E-5 -0.010111545 0.04581665
v 0.0014203601 -0.007608456 0.053394165
v 0.0049447585 -0.013265079 0.06617188
v 0.00796783 -0.01345055 0.07945617
v 0.008187557 -0.014255565 0.08035797
v 0.0057945973 -0.01905064 0.06857818
v 0.008721309 -0.024115719 0.081670836
v 0.016617503 -0.03800801 0.1137854
v 0.016617503 -0.02902512 0.11437591
v 0.020651316 -0.04112309 0.13084197
v 0.020651316 -0.032540478 0.13177001
v 0.02499389 -0.041264843 0.15264404
v 0.02499389 -0.032656446 0.15358216
v 0.025948785 -0.039528966 0.19703797
v 0.025948785 -0.031147083 0.19790405
v 0.026753915 -0.038717084 0.24399993
v 0.026753915 -0.030135158 0.24492797
v 0.02436416 -0.041746717 0.15249237
v 0.019998774 -0.04164227 0.1306781
v 0.025296398 -0.040240444 0.19681396
v 0.025930094 -0.039366573 0.24413909
v 0.00679565 -0.026167912 0.06794769
v 0.008146358 -0.026012234 0.07511078
v 0.007218547 -0.026374554 0.075514525
v -0.023018803 -0.02955334 0.079757385
v -0.020133823 -0.028810734 0.08339294
v 0.0076640276 -0.024707073 0.081945494
v -0.007558369 -0.040799335 0.11243774
v 0.015256648 -0.0384734 0.11363159
v 5.5663625E-4 -0.047413144 0.1376413
v 0.015241236 -0.04568768 0.13818511
v 0.0039285994 -0.05017651 0.14983337
v 0.015006174 -0.048451427 0.15037811
v 0.006016994 -0.052616887 0.19291046
v 0.015188364 -0.05089127 0.19345489
v 0.016033396 -0.048056796 0.1505017
v 0.0161692 -0.04513039 0.13702972
v 0.016164089 -0.050388567 0.19361328
v 0.016121821 -0.05042862 0.22280212
v 0.01723678 -0.049242903 0.22456084
v 0.016082453 -0.03900101 0.1158432
v 0.017827144 -0.042330097 0.13091765
v 0.022011867 -0.04237675 0.1522937
v 0.0161692 -0.04513039 0.13702972
v 0.022967676 -0.04137234 0.19645691
v 0.019337611 -0.04535832 0.23005584
v 0.017934946 -0.042008135 0.13056274
v 0.016435312 -0.03882889 0.11552887
v 0.022277903 -0.042116933 0.15237518
v 0.023429483 -0.040607188 0.1966983
v 0.023403544 -0.039969373 0.24488097
v 0.022173304 -0.04137547 0.24074829
v 0.025932612 -0.038297467 0.24477325
v 0.022995371 -0.038525622 0.2461612
v 0.02594604 -0.030083012 0.24574523
v 0.023057397 -0.028521465 0.24753754
v 0.0161692 -0.04513039 0.13702972
v 0.015241236 -0.04568768 0.13818511
v 0.015006174 -0.048451427 0.15037811
v 0.0012281756 -0.0521658 0.21066925
v 0.008625408 -0.052202076 0.21986754
v -0.010470204 -0.0519677 0.2164383
v 0.009308925 -0.023778424 0.22450225
v -0.012748417 -0.023289302 0.22224121
v -0.0014884991 -0.03786236 -0.007826232
v -0.002068562 -0.03460736 -0.015177917
v -0.0014884991 -0.03540745 -0.015527038
v -0.002068562 -0.03700646 -0.0076501463
v -0.002068562 -0.03080521 -0.021977538
v -0.0014884991 -0.03151795 -0.022484131
v -0.002068562 -0.026950803 -0.026489867
v -0.0014884991 -0.02757439 -0.027100218
v -0.002068562 -0.020854268 -0.031514585
v -0.0014884991 -0.021337323 -0.032240905
v -0.002068562 -0.013846782 -0.035162352
v -0.0014884991 -0.01416756 -0.035972595
v -0.0036124464 -0.034396444 -0.015085754
v -0.0036124464 -0.036781047 -0.007604065
v -0.007173924 -0.034396444 -0.015085754
v -0.007173924 -0.036781047 -0.007604065
v -0.007173924 -0.030617833 -0.021844177
v -0.0036124464 -0.013762249 -0.034948424
v -0.0036124464 -0.020727085 -0.031323243
v -0.007173924 -0.013762249 -0.034948424
v -0.007173924 -0.020727085 -0.031323243
v -0.0036124464 -0.026786312 -0.026328735
v -0.007173924 -0.026786312 -0.026328735
v -0.0036124464 -0.030617833 -0.021844177
v -0.0014884991 -0.03725739 0.010330505
v -0.002068562 -0.037718702 0.0023043822
v -0.0014884991 -0.038590893 0.0023583984
v -0.002068562 -0.036415447 0.010096741
v -0.0014884991 -0.034295466 0.017850647
v -0.002068562 -0.03352036 0.017447509
v -0.0014884991 -0.031123623 0.02302765
v -0.002068562 -0.030420154 0.022507934
v -0.0014884991 -0.025709309 0.028876953
v -0.002068562 -0.025128063 0.028224792
v -0.0014884991 -0.0191441 0.033591002
v -0.002068562 -0.018710217 0.032832947
v -0.0036124464 -0.03748894 0.002290344
v -0.0036124464 -0.036193736 0.010035095
v -0.007173924 -0.03748894 0.002290344
v -0.007173924 -0.036193736 0.010035095
v -0.0036124464 -0.033315893 0.017341308
v -0.007173924 -0.033315893 0.017341308
v -0.0036124464 -0.030234264 0.022370605
v -0.0036124464 -0.02497479 0.028053284
v -0.0036124464 -0.018595966 0.032633055
v -0.007173924 -0.02497479 0.028053284
v -0.007173924 -0.018595966 0.032633055
v -0.007173924 -0.030234264 0.022370605
v -0.0014884991 -0.038590893 0.0023583984
v -0.002068562 -0.037679866 -0.0026956177
v -0.0014884991 -0.038551066 -0.002756958
v -0.002068562 -0.037718702 0.0023043822
v -0.002068562 -0.03700646 -0.0076501463
v -0.0014884991 -0.03786236 -0.007826232
v -0.0036124464 -0.036781047 -0.007604065
v -0.0036124464 -0.03745045 -0.0026791382
v -0.007173924 -0.036781047 -0.007604065
v -0.007173924 -0.03745045 -0.0026791382
v -0.0036124464 -0.03748894 0.002290344
v -0.007173924 -0.03748894 0.002290344
v -0.0014884991 -0.004256443 -0.038426816
v -0.002068562 0.0037417945 -0.03760559
v -0.0014884991 0.0038260992 -0.038472593
v -0.002068562 -0.0041587106 -0.037561033
v -0.002068562 0.011383358 -0.036090698
v -0.0014884991 0.011643978 -0.036921997
v -0.002068562 0.016865917 -0.03381958
v -0.0014884991 0.017253261 -0.034598693
v -0.002068562 0.023528742 -0.029574279
v -0.0014884991 0.02406978 -0.030255431
v -0.002068562 0.029163431 -0.024036255
v -0.0014884991 0.029834399 -0.024589844
v -0.0036124464 0.028986888 -0.023890074
v -0.0036124464 0.023386264 -0.029394226
v -0.007173924 0.028986888 -0.023890074
v -0.007173924 0.023386264 -0.029394226
v -0.0036124464 0.016764218 -0.033614196
v -0.007173924 0.016764218 -0.033614196
v -0.0036124464 0.011314427 -0.03587158
v -0.0036124464 0.0037194022 -0.03737732
v -0.0036124464 -0.004132694 -0.037333068
v -0.007173924 0.0037194022 -0.03737732
v -0.007173924 -0.004132694 -0.037333068
v -0.007173924 0.011314427 -0.03587158
v -0.0014884991 -0.01416756 -0.035972595
v -0.002068562 -0.009078945 -0.036670532
v -0.0014884991 -0.009290546 -0.037515562
v -0.002068562 -0.013846782 -0.035162352
v -0.002068562 -0.0041587106 -0.037561033
v -0.0014884991 -0.004256443 -0.038426816
v -0.0036124464 -0.004132694 -0.037333068
v -0.0036124464 -0.009023442 -0.036447447
v -0.007173924 -0.004132694 -0.037333068
v -0.007173924 -0.009023442 -0.036447447
v -0.0036124464 -0.013762249 -0.034948424
v -0.007173924 -0.013762249 -0.034948424
v -0.0014884991 0.035231356 -0.015922546
v -0.002068562 0.0369223 -0.008063965
v -0.0014884991 0.037772022 -0.0082492065
v -0.002068562 0.034438472 -0.015564269
v -0.002068562 0.03784286 -3.2836915E-4
v -0.0014884991 0.038713794 -3.35083E-4
v -0.002068562 0.037376896 0.0055880737
v -0.0014884991 0.038237374 0.0057180785
v -0.002068562 0.03539825 0.0132369995
v -0.0014884991 0.036212876 0.013542785
v -0.002068562 0.031872973 0.0203067
v -0.0014884991 0.032606196 0.020776061
v -0.0036124464 0.03167972 0.02018341
v -0.0036124464 0.03518394 0.013155823
v -0.007173924 0.03167972 0.02018341
v -0.007173924 0.03518394 0.013155823
v -0.0036124464 0.0371503 0.005554199
v -0.007173924 0.0371503 0.005554199
v -0.0036124464 0.03761333 -3.2592771E-4
v -0.0036124464 0.036698107 -0.008014832
v -0.0036124464 0.034230035 -0.015469055
v -0.007173924 0.036698107 -0.008014832
v -0.007173924 0.034230035 -0.015469055
v -0.007173924 0.03761333 -3.2592771E-4
v -0.0014884991 0.029834399 -0.024589844
v -0.002068562 0.0320713 -0.019967956
v -0.0014884991 0.03280906 -0.020428162
v -0.002068562 0.029163431 -0.024036255
v -0.002068562 0.034438472 -0.015564269
v -0.0014884991 0.035231356 -0.015922546
v -0.0036124464 0.034230035 -0.015469055
v -0.0036124464 0.031876788 -0.0198468
v -0.007173924 0.034230035 -0.015469055
v -0.007173924 0.031876788 -0.0198468
v -0.0036124464 0.028986888 -0.023890074
v -0.007173924 0.028986888 -0.023890074
v -0.002068562 0.019079586 0.03262146
v -0.0014884991 0.01951778 0.03337433
v -0.002068562 0.025445132 0.027941894
v -0.002068562 0.012007213 0.03588745
v -0.0014884991 0.012282291 0.036716003
v -0.002068562 0.0062364154 0.037272338
v -0.0014884991 0.0063782837 0.038132932
v -0.002068562 -0.0016494789 0.037754517
v -0.0014884991 -0.0016891517 0.03862579
v -0.002068562 -0.009462628 0.036586303
v -0.0014884991 -0.009683155 0.037430726
v -0.0036124464 -0.009404835 0.03636383
v -0.0036124464 -0.001638607 0.03752472
v -0.007173924 -0.009404835 0.03636383
v -0.007173924 -0.001638607 0.03752472
v -0.0036124464 0.0061989934 0.0370462
v -0.007173924 0.0061989934 0.0370462
v -0.0036124464 0.011934696 0.035669554
v -0.0036124464 0.018964153 0.03242279
v -0.0036124464 0.02529117 0.027772216
v -0.007173924 0.018964153 0.03242279
v -0.007173924 0.02529117 0.027772216
v -0.007173924 0.011934696 0.035669554
v -0.0014884991 0.032606196 0.020776061
v -0.002068562 0.028902354 0.024329223
v -0.0014884991 0.029567026 0.024891356
v -0.002068562 0.031872973 0.0203067
v -0.002068562 0.025445132 0.027941894
v -0.0014884991 0.026030421 0.028587341
v -0.0036124464 0.02529117 0.027772216
v -0.0036124464 0.028726915 0.024181213
v -0.007173924 0.02529117 0.027772216
v -0.007173924 0.028726915 0.024181213
v -0.0036124464 0.03167972 0.02018341
v -0.007173924 0.03167972 0.02018341
v -0.0014884991 -0.009683155 0.037430726
v -0.002068562 -0.0142061645 0.03500458
v -0.0014884991 -0.014535983 0.035812378
v -0.002068562 -0.009462628 0.036586303
v -0.002068562 -0.018710217 0.032832947
v -0.0014884991 -0.0191441 0.033591002
v -0.0036124464 -0.018595966 0.032633055
v -0.0036124464 -0.014119304 0.034791257
v -0.007173924 -0.018595966 0.032633055
v -0.007173924 -0.014119304 0.034791257
v -0.0036124464 -0.009404835 0.03636383
v -0.007173924 -0.009404835 0.03636383
v -0.0036124464 -0.034396444 -0.015085754
v -0.007173924 -0.030617833 -0.021844177
v -0.0036124464 -0.030617833 -0.021844177
v -0.0036124464 -0.030234264 0.022370605
v -0.007173924 -0.030234264 0.022370605
v -0.007173924 -0.033315893 0.017341308
v -0.0036124464 0.0037194022 -0.03737732
v -0.007173924 0.011314427 -0.03587158
v -0.0036124464 0.011314427 -0.03587158
v -0.0036124464 -0.030617833 -0.021844177
v -0.007173924 -0.030617833 -0.021844177
v -0.007173924 -0.026786312 -0.026328735
v -0.0036124464 0.036698107 -0.008014832
v -0.007173924 0.03761333 -3.2592771E-4
v -0.0036124464 0.03761333 -3.2592771E-4
v -0.0036124464 0.011314427 -0.03587158
v -0.007173924 0.011314427 -0.03587158
v -0.007173924 0.016764218 -0.033614196
v -0.0036124464 0.018964153 0.03242279
v -0.007173924 0.011934696 0.035669554
v -0.0036124464 0.011934696 0.035669554
v -0.0036124464 0.03761333 -3.2592771E-4
v -0.007173924 0.03761333 -3.2592771E-4
v -0.007173924 0.0371503 0.005554199
v -0.0036124464 -0.02497479 0.028053284
v -0.007173924 -0.030234264 0.022370605
v -0.0036124464 -0.030234264 0.022370605
v -0.0036124464 0.011934696 0.035669554
v -0.007173924 0.011934696 0.035669554
v -0.007173924 0.0061989934 0.0370462
v 0.02364036 -0.2511552 -0.06578766
v 0.020814052 -0.26008007 -0.032350767
v 0.02364036 -0.25754505 -0.03203369
v 0.020814052 -0.25362718 -0.06643646
v 0.02364036 -0.2429018 -0.09167999
v 0.02364036 -0.2511552 -0.06578766
v 0.020814052 -0.24529277 -0.092583925
v 0.02364036 -0.23198718 -0.1165683
v 0.02364036 -0.2429018 -0.09167999
v 0.020814052 -0.23427054 -0.11771728
v 0.02364036 -0.2185308 -0.14017914
v 0.02364036 -0.23198718 -0.1165683
v 0.020814052 -0.22068204 -0.14156066
v 0.02364036 -0.25754505 -0.03203369
v 0.020814052 -0.26217574 0.0022769165
v 0.02364036 -0.2596202 0.00225708
v 0.02364036 -0.2596202 0.00225708
v 0.020814052 -0.26050213 0.029669493
v 0.02364036 -0.2579632 0.029382018
v 0.02364036 -0.2579632 0.029382018
v 0.020814052 -0.25597417 0.056737058
v 0.02364036 -0.25347918 0.056186523
v 0.02364036 -0.25347918 0.056186523
v 0.020814052 -0.24864215 0.08318329
v 0.02364036 -0.24621855 0.08237457
v 0.02364036 -0.24621855 0.08237457
v 0.020814052 -0.2385852 0.108717956
v 0.02364036 -0.23625976 0.10766052
v 0.02364036 -0.23625976 0.10766052
v 0.020814052 -0.22252682 0.1384497
v 0.02364036 -0.22035743 0.13710266
v 0.02364036 -0.22035743 0.13710266
v 0.020814052 -0.20283015 0.16614227
v 0.02364036 -0.20085281 0.16452575
v 0.02364036 -0.20085281 0.16452575
v 0.020814052 -0.18435311 0.18643372
v 0.02364036 -0.1825555 0.18461974
v 0.02364036 -0.1825555 0.18461974
v 0.020814052 -0.16385604 0.20468323
v 0.02364036 -0.16225839 0.20269074
v 0.02364036 -0.16225839 0.20269074
v 0.020814052 -0.14156403 0.22069
v 0.02364036 -0.14018306 0.21854186
v 0.02364036 -0.14018306 0.21854186
v 0.020814052 -0.11114017 0.23735993
v 0.02364036 -0.11005623 0.23504913
v 0.02364036 -0.11005623 0.23504913
v 0.020814052 -0.0788549 0.2500534
v 0.02364036 -0.07808514 0.24761963
v 0.02364036 -0.07808514 0.24761963
v 0.020814052 -0.052285504 0.25692657
v 0.02364036 -0.051775172 0.25442505
v 0.02364036 -0.051775172 0.25442505
v 0.020814052 -0.025143666 0.2609848
v 0.02364036 -0.024897655 0.2584439
v 0.02364036 -0.024897655 0.2584439
v 0.020814052 0.0022735938 0.26218322
v 0.02364036 0.0022524984 0.25963104
v 0.02364036 0.0022524984 0.25963104
v 0.020814052 0.029666208 0.26050964
v 0.02364036 0.029378427 0.25797364
v 0.02364036 0.029378427 0.25797364
v 0.020814052 0.062839314 0.2549234
v 0.02364036 0.06222793 0.2524411
v 0.02364036 0.06222793 0.2524411
v 0.020814052 0.095329165 0.24424987
v 0.02364036 0.094401665 0.24187194
v 0.02364036 0.094401665 0.24187194
v 0.020814052 0.1203376 0.23294738
v 0.02364036 0.11916576 0.23067962
v 0.02364036 0.11916576 0.23067962
v 0.020814052 0.14402702 0.21909271
v 0.02364036 0.14262493 0.21696013
v 0.02364036 0.14262493 0.21696013
v 0.020814052 0.16613945 0.20283782
v 0.02364036 0.16452141 0.20086364
v 0.02364036 0.16452141 0.20086364
v 0.020814052 0.19139469 0.17905487
v 0.02364036 0.18953091 0.177312
v 0.02364036 0.18953091 0.177312
v 0.020814052 0.21344371 0.15227233
v 0.023640284 0.21136524 0.15079041
v 0.023640284 0.21136524 0.15079041
v 0.020814052 0.22819103 0.12912735
v 0.023640284 0.22596873 0.1278711
v 0.023640284 0.22596873 0.1278711
v 0.020814052 0.24043773 0.10456787
v 0.023640284 0.2380959 0.10355087
v 0.023640284 0.2380959 0.10355087
v 0.020814052 0.25005054 0.07886246
v 0.02364036 0.2476147 0.078096315
v 0.02364036 0.2476147 0.078096315
v 0.020814052 0.25692365 0.052294005
v 0.02364036 0.25442135 0.051785734
v 0.02364036 0.25442135 0.051785734
v 0.020814052 0.2617953 0.01951645
v 0.02364036 0.2592454 0.019328307
v 0.02364036 0.2592454 0.019328307
v 0.020814052 0.26175043 -0.015180359
v 0.02364036 0.25920102 -0.015030517
v 0.02364036 0.25920102 -0.015030517
v 0.020814052 0.25872868 -0.042457122
v 0.023640284 0.25620845 -0.042041473
v 0.023640284 0.25620845 -0.042041473
v 0.020814052 0.25287312 -0.0692688
v 0.023640284 0.25041065 -0.068591915
v 0.023640284 0.25041065 -0.068591915
v 0.020814052 0.24424686 -0.095321804
v 0.02364036 0.24186794 -0.09439071
v 0.02364036 0.24186794 -0.09439071
v 0.020814052 0.22943164 -0.12669037
v 0.02364036 0.22719753 -0.1254541
v 0.02364036 0.22719753 -0.1254541
v 0.020814052 0.21077357 -0.15593658
v 0.02364036 0.2087209 -0.15441528
v 0.02364036 0.2087209 -0.15441528
v 0.020814052 0.19331881 -0.17711395
v 0.02364036 0.19143604 -0.17538619
v 0.02364036 0.19143604 -0.17538619
v 0.020814052 0.1737456 -0.196351
v 0.02364036 0.17205371 -0.19443557
v 0.02364036 0.17205371 -0.19443557
v 0.020814052 0.1522691 -0.21343657
v 0.02364036 0.15078643 -0.21135497
v 0.02364036 0.15078643 -0.21135497
v 0.020814052 0.12912433 -0.22818328
v 0.02364036 0.12786716 -0.22595794
v 0.02364036 0.12786716 -0.22595794
v 0.020814052 0.0993906 -0.24244659
v 0.02364036 0.09842358 -0.2400824
v 0.02364036 0.09842358 -0.2400824
v 0.020814052 0.06644416 -0.25362366
v 0.02364036 0.065797724 -0.25115052
v 0.02364036 0.065797724 -0.25115052
v 0.020814052 0.03956882 -0.25917998
v 0.02364036 0.039184526 -0.25665253
v 0.02364036 0.039184526 -0.25665253
v 0.020814052 0.012260242 -0.26189604
v 0.02364036 0.012141605 -0.25934172
v 0.02364036 0.012141605 -0.25934172
v 0.020814052 -0.015183376 -0.26174286
v 0.02364036 -0.015034488 -0.25919005
v 0.02364036 -0.015034488 -0.25919005
v 0.020814052 -0.049594846 -0.25734618
v 0.02364036 -0.049110796 -0.2548364
v 0.02364036 -0.049110796 -0.2548364
v 0.020814052 -0.083175234 -0.24863891
v 0.02364036 -0.08236401 -0.24621367
v 0.02364036 -0.08236401 -0.24621367
v 0.020814052 -0.10870983 -0.23858215
v 0.02364036 -0.10764965 -0.23625548
v 0.02364036 -0.10764965 -0.23625548
v 0.020814052 -0.13305378 -0.22591156
v 0.02364036 -0.13175644 -0.2237085
v 0.02364036 -0.19798698 -0.1672937
v 0.02364036 -0.2185308 -0.14017914
v 0.020814052 -0.19993621 -0.16894135
v 0.02364036 -0.17539027 -0.19142547
v 0.02364036 -0.19798698 -0.1672937
v 0.020814052 -0.17711683 -0.19331084
v 0.02364036 -0.15441966 -0.20871033
v 0.02364036 -0.17539027 -0.19142547
v 0.020814052 -0.15594006 -0.21076599
v 0.02364036 -0.13175644 -0.2237085
v 0.02364036 -0.15441966 -0.20871033
v 0.020814052 -0.13305378 -0.22591156
v -0.1728299 -0.23196958 -0.060740966
v -0.15729491 -0.23787174 -0.029563293
v -0.1728299 -0.23787174 -0.029563293
v -0.15729491 -0.23196958 -0.060740966
v -0.1728299 -0.22434604 -0.084657595
v -0.15729491 -0.23196958 -0.060740966
v -0.15729491 -0.22434604 -0.084657595
v -0.1728299 -0.21426436 -0.107646175
v -0.15729491 -0.22434604 -0.084657595
v -0.15729491 -0.21426436 -0.107646175
v -0.1728299 -0.20183533 -0.12945525
v -0.15729491 -0.21426436 -0.107646175
v -0.15729491 -0.20183533 -0.12945525
v -0.15729491 -0.23978846 0.0021093749
v -0.1728299 -0.23978846 0.0021093749
v -0.15729491 -0.23787174 -0.029563293
v -0.15729491 -0.23825751 0.027164612
v -0.1728299 -0.23825751 0.027164612
v -0.15729491 -0.23978846 0.0021093749
v -0.15729491 -0.23411588 0.05192291
v -0.1728299 -0.23411588 0.05192291
v -0.15729491 -0.23825751 0.027164612
v -0.15729491 -0.2274094 0.07611237
v -0.1728299 -0.2274094 0.07611237
v -0.15729491 -0.23411588 0.05192291
v -0.15729491 -0.21821064 0.09946838
v -0.1728299 -0.21821064 0.09946838
v -0.15729491 -0.2274094 0.07611237
v -0.15729491 -0.2035223 0.1266629
v -0.1728299 -0.2035223 0.1266629
v -0.15729491 -0.21821064 0.09946838
v -0.15729491 -0.18550682 0.15199341
v -0.1728299 -0.18550682 0.15199341
v -0.15729491 -0.2035223 0.1266629
v -0.15729491 -0.1686061 0.17055358
v -0.1728299 -0.1686061 0.17055358
v -0.15729491 -0.18550682 0.15199341
v -0.15729491 -0.14985771 0.18724547
v -0.1728299 -0.14985771 0.18724547
v -0.15729491 -0.1686061 0.17055358
v -0.15729491 -0.1294677 0.20188598
v -0.1728299 -0.1294677 0.20188598
v -0.15729491 -0.14985771 0.18724547
v -0.15729491 -0.10164009 0.21713379
v -0.1728299 -0.10164009 0.21713379
v -0.15729491 -0.1294677 0.20188598
v -0.15729491 -0.072109416 0.2287445
v -0.1728299 -0.072109416 0.2287445
v -0.15729491 -0.10164009 0.21713379
v -0.15729491 -0.047807276 0.23503113
v -0.1728299 -0.047807276 0.23503113
v -0.15729491 -0.072109416 0.2287445
v -0.15729491 -0.022981305 0.23874298
v -0.1728299 -0.022981305 0.23874298
v -0.15729491 -0.047807276 0.23503113
v -0.15729491 0.002096897 0.23983948
v -0.1728299 0.002096897 0.23983948
v -0.15729491 -0.022981305 0.23874298
v -0.15729491 0.027152322 0.23830871
v -0.1728299 0.027152322 0.23830871
v -0.15729491 0.002096897 0.23983948
v -0.15729491 0.057494614 0.23319854
v -0.1728299 0.057494614 0.23319854
v -0.15729491 0.027152322 0.23830871
v -0.15729491 0.08721176 0.22343567
v -0.1728299 0.08721176 0.22343567
v -0.15729491 0.057494614 0.23319854
v -0.15729491 0.11008693 0.21309784
v -0.1728299 0.11008693 0.21309784
v -0.15729491 0.08721176 0.22343567
v -0.15729491 0.13175522 0.20042542
v -0.1728299 0.13175522 0.20042542
v -0.15729491 0.11008693 0.21309784
v -0.15729491 0.15198055 0.18555756
v -0.1728299 0.15198055 0.18555756
v -0.15729491 0.13175522 0.20042542
v -0.15729491 0.17508091 0.1638034
v -0.1728299 0.17508091 0.1638034
v -0.15729491 0.15198055 0.18555756
v -0.15729491 0.1952489 0.13930634
v -0.1728299 0.1952489 0.13930634
v -0.15729491 0.17508091 0.1638034
v -0.15729491 0.20873745 0.11813629
v -0.1728299 0.20873745 0.11813629
v -0.15729491 0.1952489 0.13930634
v -0.15729491 0.21993923 0.095672145
v -0.1728299 0.21993923 0.095672145
v -0.15729491 0.20873745 0.11813629
v -0.15729491 0.22873142 0.07216049
v -0.1728299 0.22873142 0.07216049
v -0.15729491 0.21993923 0.095672145
v -0.15729491 0.23501842 0.047858734
v -0.1728299 0.23501842 0.047858734
v -0.15729491 0.22873142 0.07216049
v -0.15729491 0.23947422 0.017878113
v -0.1728299 0.23947422 0.017878113
v -0.15729491 0.23501842 0.047858734
v -0.15729491 0.23943286 -0.013858184
v -0.1728299 0.23943286 -0.013858184
v -0.15729491 0.23947422 0.017878113
v -0.15729491 0.23666996 -0.03880768
v -0.1728299 0.23666996 -0.03880768
v -0.15729491 0.23943286 -0.013858184
v -0.15729491 0.23131366 -0.06333206
v -0.1728299 0.23131366 -0.06333206
v -0.15729491 0.23666996 -0.03880768
v -0.15729491 0.22342342 -0.08716125
v -0.1728299 0.22342342 -0.08716125
v -0.15729491 0.23131366 -0.06333206
v -0.15729491 0.2098727 -0.11585403
v -0.1728299 0.2098727 -0.11585403
v -0.15729491 0.22342342 -0.08716125
v -0.15729491 0.19280666 -0.14260437
v -0.1728299 0.19280666 -0.14260437
v -0.15729491 0.2098727 -0.11585403
v -0.15729491 0.17684086 -0.16197494
v -0.1728299 0.17684086 -0.16197494
v -0.15729491 0.19280666 -0.14260437
v -0.15729491 0.1589378 -0.17957
v -0.1728299 0.1589378 -0.17957
v -0.15729491 0.17684086 -0.16197494
v -0.15729491 0.1392939 -0.19519775
v -0.1728299 0.1392939 -0.19519775
v -0.15729491 0.1589378 -0.17957
v -0.15729491 0.11812336 -0.20868713
v -0.1728299 0.11812336 -0.20868713
v -0.15729491 0.1392939 -0.19519775
v -0.15729491 0.09092758 -0.2217331
v -0.1728299 0.09092758 -0.2217331
v -0.15729491 0.11812336 -0.20868713
v -0.15729491 0.060792267 -0.23195678
v -0.1728299 0.060792267 -0.23195678
v -0.15729491 0.09092758 -0.2217331
v -0.15729491 0.03620975 -0.23703827
v -0.1728299 0.03620975 -0.23703827
v -0.15729491 0.060792267 -0.23195678
v -0.15729491 0.011231037 -0.2395227
v -0.1728299 0.011231037 -0.2395227
v -0.15729491 0.03620975 -0.23703827
v -0.15729491 -0.013870586 -0.23938231
v -0.1728299 -0.013870586 -0.23938231
v -0.15729491 0.011231037 -0.2395227
v -0.15729491 -0.045346074 -0.23536102
v -0.1728299 -0.045346074 -0.23536102
v -0.15729491 -0.013870586 -0.23938231
v -0.15729491 -0.076061174 -0.22739685
v -0.1728299 -0.076061174 -0.22739685
v -0.15729491 -0.045346074 -0.23536102
v -0.15729491 -0.09941791 -0.21819824
v -0.1728299 -0.09941791 -0.21819824
v -0.15729491 -0.076061174 -0.22739685
v -0.15729491 -0.12168415 -0.20660858
v -0.1728299 -0.12168415 -0.20660858
v -0.15729491 -0.09941791 -0.21819824
v -0.1728299 -0.18285982 -0.15449981
v -0.15729491 -0.20183533 -0.12945525
v -0.15729491 -0.18285982 -0.15449981
v -0.1728299 -0.1619872 -0.17679016
v -0.15729491 -0.18285982 -0.15449981
v -0.15729491 -0.1619872 -0.17679016
v -0.1728299 -0.14261699 -0.19275543
v -0.15729491 -0.1619872 -0.17679016
v -0.15729491 -0.14261699 -0.19275543
v -0.1728299 -0.12168415 -0.20660858
v -0.15729491 -0.14261699 -0.19275543
v -0.15729491 -0.12168415 -0.20660858
v -0.15729491 -0.23196958 -0.060740966
v -0.13833702 -0.22220083 -0.027616577
v -0.15729491 -0.23787174 -0.029563293
v -0.13833702 -0.21668755 -0.05673889
v -0.15729491 -0.22434604 -0.084657595
v -0.13833702 -0.21668755 -0.05673889
v -0.15729491 -0.23196958 -0.060740966
v -0.13833702 -0.20956655 -0.07907959
v -0.15729491 -0.21426436 -0.107646175
v -0.13833702 -0.20956655 -0.07907959
v -0.15729491 -0.22434604 -0.084657595
v -0.13833702 -0.20014933 -0.10055328
v -0.15729491 -0.20183533 -0.12945525
v -0.13833702 -0.20014933 -0.10055328
v -0.15729491 -0.21426436 -0.107646175
v -0.13833702 -0.18853927 -0.12092468
v -0.12612274 -0.19187233 -0.096404724
v -0.12612274 -0.1807426 -0.115933225
v -0.15729491 -0.23787174 -0.029563293
v -0.13833702 -0.2239912 0.0019692993
v -0.15729491 -0.23978846 0.0021093749
v -0.13833702 -0.22220083 -0.027616577
v -0.12612274 -0.2147275 0.0018743896
v -0.12612274 -0.21301097 -0.02648651
v -0.15729491 -0.23978846 0.0021093749
v -0.13833702 -0.22256137 0.025373535
v -0.15729491 -0.23825751 0.027164612
v -0.13833702 -0.2239912 0.0019692993
v -0.15729491 -0.23825751 0.027164612
v -0.13833702 -0.21869253 0.04850006
v -0.15729491 -0.23411588 0.05192291
v -0.13833702 -0.22256137 0.025373535
v -0.15729491 -0.23411588 0.05192291
v -0.13833702 -0.21242818 0.07109558
v -0.15729491 -0.2274094 0.07611237
v -0.13833702 -0.21869253 0.04850006
v -0.15729491 -0.2274094 0.07611237
v -0.13833702 -0.20383565 0.092912294
v -0.15729491 -0.21821064 0.09946838
v -0.13833702 -0.21242818 0.07109558
v -0.12612274 -0.19540599 0.089053646
v -0.12612274 -0.2036426 0.06813965
v -0.15729491 -0.21821064 0.09946838
v -0.13833702 -0.19011505 0.11831482
v -0.15729491 -0.2035223 0.1266629
v -0.13833702 -0.20383565 0.092912294
v -0.12612274 -0.18221895 0.11343658
v -0.12612274 -0.19540599 0.089053646
v -0.15729491 -0.18285982 -0.15449981
v -0.13833702 -0.18853927 -0.12092468
v -0.15729491 -0.20183533 -0.12945525
v -0.13833702 -0.17081425 -0.14431854
v -0.12612274 -0.1807426 -0.115933225
v -0.12612274 -0.16371696 -0.1383264
v -0.15729491 -0.013870586 -0.23938231
v -0.13833702 -0.042363055 -0.21985108
v -0.15729491 -0.045346074 -0.23536102
v -0.13833702 -0.0129622305 -0.22360717
v -0.15729491 0.011231037 -0.2395227
v -0.13833702 -0.0129622305 -0.22360717
v -0.15729491 -0.013870586 -0.23938231
v -0.13833702 0.010485569 -0.2237387
v -0.15729491 0.03620975 -0.23703827
v -0.13833702 0.010485569 -0.2237387
v -0.15729491 0.011231037 -0.2395227
v -0.13833702 0.033817858 -0.22141784
v -0.15729491 0.060792267 -0.23195678
v -0.13833702 0.033817858 -0.22141784
v -0.15729491 0.03620975 -0.23703827
v -0.13833702 0.056780122 -0.21667175
v -0.12612274 0.03241161 -0.21226685
v -0.12612274 0.054423213 -0.20771697
v -0.15729491 -0.045346074 -0.23536102
v -0.13833702 -0.07105404 -0.2124121
v -0.15729491 -0.076061174 -0.22739685
v -0.13833702 -0.042363055 -0.21985108
v -0.12612274 -0.0681202 -0.20363373
v -0.12612274 -0.040616725 -0.21076506
v -0.15729491 -0.076061174 -0.22739685
v -0.13833702 -0.092871286 -0.20381927
v -0.15729491 -0.09941791 -0.21819824
v -0.13833702 -0.07105404 -0.2124121
v -0.15729491 -0.09941791 -0.21819824
v -0.13833702 -0.11367023 -0.19299378
v -0.15729491 -0.12168415 -0.20660858
v -0.13833702 -0.092871286 -0.20381927
v -0.15729491 -0.12168415 -0.20660858
v -0.13833702 -0.13322373 -0.1800534
v -0.15729491 -0.14261699 -0.19275543
v -0.13833702 -0.11367023 -0.19299378
v -0.15729491 -0.14261699 -0.19275543
v -0.13833702 -0.15131745 -0.16514038
v -0.15729491 -0.1619872 -0.17679016
v -0.13833702 -0.13322373 -0.1800534
v -0.12612274 -0.14506145 -0.15831818
v -0.12612274 -0.12771656 -0.17261444
v -0.15729491 -0.1619872 -0.17679016
v -0.13833702 -0.17081425 -0.14431854
v -0.15729491 -0.18285982 -0.15449981
v -0.13833702 -0.15131745 -0.16514038
v -0.12612274 -0.16371696 -0.1383264
v -0.12612274 -0.14506145 -0.15831818
v -0.15729491 0.09092758 -0.2217331
v -0.13833702 0.056780122 -0.21667175
v -0.15729491 0.060792267 -0.23195678
v -0.13833702 0.08492992 -0.20712127
v -0.12612274 0.054423213 -0.20771697
v -0.12612274 0.081442185 -0.19852905
v -0.15729491 0.22342342 -0.08716125
v -0.13833709 0.19603617 -0.10821991
v -0.15729491 0.2098727 -0.11585403
v -0.13833709 0.2086938 -0.081418455
v -0.15729491 0.23131366 -0.06333206
v -0.13833709 0.2086938 -0.081418455
v -0.15729491 0.22342342 -0.08716125
v -0.13833709 0.21606395 -0.059159238
v -0.15729491 0.23666996 -0.03880768
v -0.13833709 0.21606395 -0.059159238
v -0.15729491 0.23131366 -0.06333206
v -0.13833709 0.22106738 -0.036251068
v -0.15729491 0.23943286 -0.013858184
v -0.13833709 0.22106738 -0.036251068
v -0.15729491 0.23666996 -0.03880768
v -0.13833709 0.22364834 -0.012945862
v -0.12612274 0.21191074 -0.034764253
v -0.12612274 0.21438503 -0.0124235535
v -0.15729491 0.2098727 -0.11585403
v -0.13833709 0.1800948 -0.13320754
v -0.15729491 0.19280666 -0.14260437
v -0.13833709 0.19603617 -0.10821991
v -0.12612274 0.17263393 -0.12770751
v -0.12612274 0.18791568 -0.10375381
v -0.15729491 0.19280666 -0.14260437
v -0.13833709 0.16518123 -0.15130158
v -0.15729491 0.17684086 -0.16197494
v -0.13833709 0.1800948 -0.13320754
v -0.15729491 0.17684086 -0.16197494
v -0.13833709 0.1484579 -0.16773742
v -0.15729491 0.1589378 -0.17957
v -0.13833709 0.16518123 -0.15130158
v -0.15729491 0.1589378 -0.17957
v -0.13833709 0.13010845 -0.1823349
v -0.15729491 0.1392939 -0.19519775
v -0.13833709 0.1484579 -0.16773742
v -0.15729491 0.1392939 -0.19519775
v -0.13833702 0.11033344 -0.19493468
v -0.15729491 0.11812336 -0.20868713
v -0.13833709 0.13010845 -0.1823349
v -0.12612274 0.10576023 -0.18688019
v -0.12612274 0.124716565 -0.17480163
v -0.15729491 0.11812336 -0.20868713
v -0.13833702 0.08492992 -0.20712127
v -0.15729491 0.09092758 -0.2217331
v -0.13833702 0.11033344 -0.19493468
v -0.12612274 0.081442185 -0.19852905
v -0.12612274 0.10576023 -0.18688019
v -0.15729491 0.23947422 0.017878113
v -0.13833709 0.22364834 -0.012945862
v -0.15729491 0.23943286 -0.013858184
v -0.13833709 0.22368701 0.01669876
v -0.12612274 0.21438503 -0.0124235535
v -0.12612274 0.21445636 0.016027069
v -0.15729491 0.15198055 0.18555756
v -0.13833709 0.16353713 0.1530075
v -0.15729491 0.17508091 0.1638034
v -0.13833709 0.14195904 0.17332764
v -0.15729491 0.13175522 0.20042542
v -0.13833709 0.14195904 0.17332764
v -0.15729491 0.15198055 0.18555756
v -0.13833709 0.12306671 0.18721588
v -0.15729491 0.11008693 0.21309784
v -0.13833709 0.12306671 0.18721588
v -0.15729491 0.13175522 0.20042542
v -0.13833709 0.10282634 0.19905303
v -0.15729491 0.08721176 0.22343567
v -0.13833709 0.10282634 0.19905303
v -0.15729491 0.11008693 0.21309784
v -0.13833709 0.08145901 0.20871001
v -0.12612274 0.09856372 0.19080138
v -0.12612274 0.07808071 0.20005798
v -0.15729491 0.17508091 0.1638034
v -0.13833709 0.18237598 0.13012451
v -0.15729491 0.1952489 0.13930634
v -0.13833709 0.16353713 0.1530075
v -0.12612274 0.17482097 0.12472565
v -0.12612274 0.15676166 0.14666168
v -0.15729491 0.1952489 0.13930634
v -0.13833709 0.19497569 0.110350035
v -0.15729491 0.20873745 0.11813629
v -0.13833709 0.18237598 0.13012451
v -0.15729491 0.20873745 0.11813629
v -0.13833709 0.2054395 0.089366145
v -0.15729491 0.21993923 0.095672145
v -0.13833709 0.19497569 0.110350035
v -0.15729491 0.21993923 0.095672145
v -0.13833709 0.21365207 0.06740387
v -0.15729491 0.22873142 0.07216049
v -0.13833709 0.2054395 0.089366145
v -0.15729491 0.22873142 0.07216049
v -0.13833709 0.21952449 0.04470352
v -0.15729491 0.23501842 0.047858734
v -0.13833709 0.21365207 0.06740387
v -0.12612274 0.21043164 0.04283966
v -0.12612274 0.20480266 0.064600825
v -0.15729491 0.23501842 0.047858734
v -0.13833709 0.22368701 0.01669876
v -0.15729491 0.23947422 0.017878113
v -0.13833709 0.21952449 0.04470352
v -0.12612274 0.21445636 0.016027069
v -0.12612274 0.21043164 0.04283966
v -0.15729491 0.057494614 0.23319854
v -0.13833709 0.08145901 0.20871001
v -0.15729491 0.08721176 0.22343567
v -0.13833709 0.053699907 0.21782929
v -0.12612274 0.07808071 0.20005798
v -0.12612274 0.05150455 0.2088327
v -0.15729491 -0.1294677 0.20188598
v -0.13833702 -0.094947204 0.20282318
v -0.15729491 -0.10164009 0.21713379
v -0.13833702 -0.120940894 0.18858032
v -0.15729491 -0.14985771 0.18724547
v -0.13833702 -0.120940894 0.18858032
v -0.15729491 -0.1294677 0.20188598
v -0.13833702 -0.13998736 0.17490478
v -0.15729491 -0.1686061 0.17055358
v -0.13833702 -0.13998736 0.17490478
v -0.15729491 -0.14985771 0.18724547
v -0.13833702 -0.1575 0.15931274
v -0.15729491 -0.18550682 0.15199341
v -0.13833702 -0.1575 0.15931274
v -0.15729491 -0.1686061 0.17055358
v -0.13833702 -0.1732866 0.1419754
v -0.12612274 -0.15098824 0.15270568
v -0.12612274 -0.16612117 0.13608612
v -0.15729491 -0.10164009 0.21713379
v -0.13833702 -0.06736271 0.21366851
v -0.15729491 -0.072109416 0.2287445
v -0.13833702 -0.094947204 0.20282318
v -0.12612274 -0.064581454 0.204812
v -0.12612274 -0.09102436 0.19441529
v -0.15729491 -0.072109416 0.2287445
v -0.13833702 -0.04466229 0.2195407
v -0.15729491 -0.047807276 0.23503113
v -0.13833702 -0.06736271 0.21366851
v -0.15729491 -0.047807276 0.23503113
v -0.13833702 -0.02147225 0.22300811
v -0.15729491 -0.022981305 0.23874298
v -0.13833702 -0.04466229 0.2195407
v -0.15729491 -0.022981305 0.23874298
v -0.13833702 0.0019532356 0.22403258
v -0.15729491 0.002096897 0.23983948
v -0.13833702 -0.02147225 0.22300811
v -0.15729491 0.002096897 0.23983948
v -0.13833709 0.02535766 0.22260253
v -0.15729491 0.027152322 0.23830871
v -0.13833702 0.0019532356 0.22403258
v -0.12612274 0.024300952 0.21337585
v -0.12612274 0.0018656501 0.2147467
v -0.15729491 0.027152322 0.23830871
v -0.13833709 0.053699907 0.21782929
v -0.15729491 0.057494614 0.23319854
v -0.13833709 0.02535766 0.22260253
v -0.12612274 0.05150455 0.2088327
v -0.12612274 0.024300952 0.21337585
v -0.15729491 -0.2035223 0.1266629
v -0.13833702 -0.1732866 0.1419754
v -0.15729491 -0.18550682 0.15199341
v -0.13833702 -0.19011505 0.11831482
v -0.12612274 -0.16612117 0.13608612
v -0.12612274 -0.18221895 0.11343658
v -0.13833702 -0.21668755 -0.05673889
v -0.12612274 -0.21301097 -0.02648651
v -0.13833702 -0.22220083 -0.027616577
v -0.12354461 -0.20779742 -0.05625824
v -0.13833702 -0.20956655 -0.07907959
v -0.12354461 -0.20779742 -0.05625824
v -0.13833702 -0.21668755 -0.05673889
v -0.12354461 -0.20064275 -0.07932861
v -0.13833702 -0.20014933 -0.10055328
v -0.12354461 -0.20064275 -0.07932861
v -0.13833702 -0.20956655 -0.07907959
v -0.12612274 -0.19187233 -0.096404724
v -0.13833702 -0.2239912 0.0019692993
v -0.12354461 -0.21451358 0.023100281
v -0.13833702 -0.22256137 0.025373535
v -0.12612274 -0.2147275 0.0018743896
v -0.13833702 -0.22256137 0.025373535
v -0.12354461 -0.21079509 0.04532959
v -0.13833702 -0.21869253 0.04850006
v -0.12354461 -0.21451358 0.023100281
v -0.13833702 -0.21869253 0.04850006
v -0.12612274 -0.2036426 0.06813965
v -0.13833702 -0.21242818 0.07109558
v -0.12354461 -0.21079509 0.04532959
v -0.13833702 -0.0129622305 -0.22360717
v -0.12612274 -0.040616725 -0.21076506
v -0.13833702 -0.042363055 -0.21985108
v -0.12354461 -0.010904735 -0.21499938
v -0.13833702 0.010485569 -0.2237387
v -0.12354461 -0.010904735 -0.21499938
v -0.13833702 -0.0129622305 -0.22360717
v -0.12354461 0.014607883 -0.21535248
v -0.13833702 0.033817858 -0.22141784
v -0.12354461 0.014607883 -0.21535248
v -0.13833702 0.010485569 -0.2237387
v -0.12612274 0.03241161 -0.21226685
v -0.13833702 -0.07105404 -0.2124121
v -0.12354461 -0.08759495 -0.19720092
v -0.13833702 -0.092871286 -0.20381927
v -0.12612274 -0.0681202 -0.20363373
v -0.13833702 -0.092871286 -0.20381927
v -0.12354461 -0.108499065 -0.1863211
v -0.13833702 -0.11367023 -0.19299378
v -0.12354461 -0.08759495 -0.19720092
v -0.13833702 -0.11367023 -0.19299378
v -0.12612274 -0.12771656 -0.17261444
v -0.13833702 -0.13322373 -0.1800534
v -0.12354461 -0.108499065 -0.1863211
v -0.13833709 0.2086938 -0.081418455
v -0.12612274 0.18791568 -0.10375381
v -0.13833709 0.19603617 -0.10821991
v -0.12354461 0.20073932 -0.07793304
v -0.13833709 0.21606395 -0.059159238
v -0.12354461 0.20073932 -0.07793304
v -0.13833709 0.2086938 -0.081418455
v -0.12354461 0.20876132 -0.0543457
v -0.13833709 0.22106738 -0.036251068
v -0.12354461 0.20876132 -0.0543457
v -0.13833709 0.21606395 -0.059159238
v -0.12612274 0.21191074 -0.034764253
v -0.13833709 0.1800948 -0.13320754
v -0.12354461 0.16093113 -0.14382172
v -0.13833709 0.16518123 -0.15130158
v -0.12612274 0.17263393 -0.12770751
v -0.13833709 0.16518123 -0.15130158
v -0.12354461 0.14401367 -0.16044861
v -0.13833709 0.1484579 -0.16773742
v -0.12354461 0.16093113 -0.14382172
v -0.13833709 0.1484579 -0.16773742
v -0.12612274 0.124716565 -0.17480163
v -0.13833709 0.13010845 -0.1823349
v -0.12354461 0.14401367 -0.16044861
v -0.13833709 0.14195904 0.17332764
v -0.12612274 0.15676166 0.14666168
v -0.13833709 0.16353713 0.1530075
v -0.12354461 0.13640536 0.16666473
v -0.13833709 0.12306671 0.18721588
v -0.12354461 0.13640536 0.16666473
v -0.13833709 0.14195904 0.17332764
v -0.12354461 0.11702503 0.18114837
v -0.13833709 0.10282634 0.19905303
v -0.12354461 0.11702503 0.18114837
v -0.13833709 0.12306671 0.18721588
v -0.12612274 0.09856372 0.19080138
v -0.13833709 0.18237598 0.13012451
v -0.12354461 0.18768108 0.1063269
v -0.13833709 0.19497569 0.110350035
v -0.12612274 0.17482097 0.12472565
v -0.13833709 0.19497569 0.110350035
v -0.12354461 0.1984045 0.08482208
v -0.13833709 0.2054395 0.089366145
v -0.12354461 0.18768108 0.1063269
v -0.13833709 0.2054395 0.089366145
v -0.12612274 0.20480266 0.064600825
v -0.13833709 0.21365207 0.06740387
v -0.12354461 0.1984045 0.08482208
v -0.13833702 -0.120940894 0.18858032
v -0.12612274 -0.09102436 0.19441529
v -0.13833702 -0.094947204 0.20282318
v -0.12354461 -0.11600902 0.18146239
v -0.13833702 -0.13998736 0.17490478
v -0.12354461 -0.11600902 0.18146239
v -0.13833702 -0.120940894 0.18858032
v -0.12354461 -0.1356908 0.16756317
v -0.13833702 -0.1575 0.15931274
v -0.12354461 -0.1356908 0.16756317
v -0.13833702 -0.13998736 0.17490478
v -0.12612274 -0.15098824 0.15270568
v -0.13833702 -0.06736271 0.21366851
v -0.12354461 -0.04477692 0.2111087
v -0.13833702 -0.04466229 0.2195407
v -0.12612274 -0.064581454 0.204812
v -0.13833702 -0.04466229 0.2195407
v -0.12290016 -0.021223797 0.21546386
v -0.13833702 -0.02147225 0.22300811
v -0.12354461 -0.04477692 0.2111087
v -0.13833702 -0.02147225 0.22300811
v -0.12612274 0.0018656501 0.2147467
v -0.13833702 0.0019532356 0.22403258
v -0.12290016 -0.021223797 0.21546386
v -0.12354461 -0.21451358 0.023100281
v -0.12354461 -0.21079509 0.04532959
v -0.012565312 -0.22313005 0.016818848
v -0.12354461 -0.20779742 -0.05625824
v -0.012565312 -0.21846412 -0.048406065
v -0.12354461 -0.20064275 -0.07932861
v -0.12354461 -0.20064275 -0.07932861
v -0.12354461 -0.010904735 -0.21499938
v -0.012565312 -0.021471867 -0.22272979
v -0.12354461 0.014607883 -0.21535248
v -0.12354461 0.14401367 -0.16044861
v -0.12354461 0.16093113 -0.14382172
v -0.12354461 0.14401367 -0.16044861
v -0.012565312 0.17063022 -0.14475769
v -0.12354461 0.20073932 -0.07793304
v -0.12354461 0.20073932 -0.07793304
v -0.012565312 0.20519352 -0.089247584
v -0.12354461 0.20876132 -0.0543457
v -0.12354461 0.13640536 0.16666473
v -0.012565312 0.14828785 0.16757263
v -0.12354461 0.11702503 0.18114837
v -0.12354461 0.11702503 0.18114837
v -0.12354461 -0.11600902 0.18146239
v -0.012565312 -0.11354694 0.19281341
v -0.12354461 -0.1356908 0.16756317
v -0.12354461 -0.1356908 0.16756317
v -0.12354461 -0.04477692 0.2111087
v -0.12290016 -0.021223797 0.21546386
v -0.012565312 -0.052956205 0.21740662
v -0.0043415115 -0.019134944 0.03381561
v -0.0028691909 -0.024249462 0.027405394
v -0.0043415115 -0.02574738 0.02909851
v -0.0028691909 -0.0180217 0.03184845
v -0.0028691909 -0.0294175 0.021764832
v -0.0043415115 -0.031234784 0.02310913
v -0.0028691909 -0.033299793 0.015173035
v -0.0043415115 -0.035356756 0.016110228
v -0.0028691909 -0.03572682 0.007918396
v -0.0043415115 -0.037933733 0.008407287
v -0.0028691909 -0.036592297 3.1707762E-4
v -0.0043415115 -0.03885281 3.3660888E-4
v -0.0028691909 -0.035858616 -0.007297668
v -0.0043415115 -0.03807362 -0.007748413
v -0.0028691909 -0.03355767 -0.014593811
v -0.0043415115 -0.03563042 -0.0154953
v -0.0028691909 -0.02979012 -0.021251831
v -0.0043415115 -0.031630404 -0.022564696
v -0.0028691909 -0.024720654 -0.026980896
v -0.0043415115 -0.02624783 -0.028647766
v -0.0028691909 -0.018570751 -0.031531066
v -0.0043415115 -0.019718021 -0.033479307
v -0.0028691909 -0.011609119 -0.034703065
v -0.0043415115 -0.012326511 -0.036846925
v -0.0028691909 -0.004140438 -0.036358643
v -0.0043415115 -0.0043960228 -0.03860443
v -0.0028691909 0.00350967 -0.036424864
v -0.0043415115 0.0037261923 -0.038674925
v -0.0028691909 0.011006122 -0.03489929
v -0.0043415115 0.011685673 -0.03705536
v -0.0028691909 0.018021388 -0.031848144
v -0.0043415115 0.019134708 -0.03381561
v -0.0028691909 0.02424934 -0.027405394
v -0.0043415115 0.025746988 -0.02909851
v -0.0028691909 0.029417261 -0.021764832
v -0.0043415115 0.03123447 -0.02310913
v -0.0028691909 0.033299554 -0.015173035
v -0.0043415115 0.03535644 -0.016110228
v -0.0028691909 0.035726503 -0.007918091
v -0.0043415115 0.03793342 -0.008406982
v -0.0028691909 0.03659206 -3.1707762E-4
v -0.0043415115 0.038852494 -3.3660888E-4
v -0.0028691909 0.035858378 0.0072979736
v -0.0043415115 0.038073458 0.007748718
v -0.0028691909 0.033557583 0.014593811
v -0.0043415115 0.035630334 0.0154953
v -0.0028691909 0.029789958 0.021251831
v -0.0043415115 0.031630166 0.022564696
v -0.0028691909 0.024720378 0.026981201
v -0.0043415115 0.026247362 0.028647766
v -0.0028691909 0.018570554 0.03153137
v -0.0043415115 0.019717708 0.033479
v -0.0028691909 0.011608959 0.03470337
v -0.0043415115 0.01232616 0.036846925
v -0.0028691909 0.0041401633 0.036358643
v -0.0043415115 0.0043958626 0.038604736
v -0.0028691909 -0.003509754 0.036424864
v -0.0043415115 -0.003726429 0.038674925
v -0.0028691909 -0.011006092 0.03489929
v -0.0043415115 -0.011686214 0.037055053
v -0.0028691909 -0.0180217 0.03184845
v -4.3478416E-9 -3.898237E-9 -3.5527135E-16
v -0.0028691909 -0.024249462 0.027405394
v -0.0028691909 -0.0294175 0.021764832
v -0.0028691909 -0.033299793 0.015173035
v -0.0028691909 -0.03572682 0.007918396
v -0.0028691909 -0.036592297 3.1707762E-4
v -0.0028691909 -0.035858616 -0.007297668
v -0.0028691909 -0.03355767 -0.014593811
v -0.0028691909 -0.02979012 -0.021251831
v -0.0028691909 -0.024720654 -0.026980896
v -0.0028691909 -0.018570751 -0.031531066
v -0.0028691909 -0.011609119 -0.034703065
v -0.0028691909 -0.004140438 -0.036358643
v -0.0028691909 0.00350967 -0.036424864
v -0.0028691909 0.011006122 -0.03489929
v -0.0028691909 0.018021388 -0.031848144
v -0.0028691909 0.02424934 -0.027405394
v -0.0028691909 0.029417261 -0.021764832
v -0.0028691909 0.033299554 -0.015173035
v -0.0028691909 0.035726503 -0.007918091
v -0.0028691909 0.03659206 -3.1707762E-4
v -0.0028691909 0.035858378 0.0072979736
v -0.0028691909 0.033557583 0.014593811
v -0.0028691909 0.029789958 0.021251831
v -0.0028691909 0.024720378 0.026981201
v -0.0028691909 0.018570554 0.03153137
v -0.0028691909 0.011608959 0.03470337
v -0.0028691909 0.0041401633 0.036358643
v -0.0028691909 -0.003509754 0.036424864
v -0.0028691909 -0.011006092 0.03489929
v -0.004690785 0.035741534 0.04405029
v -0.024572605 0.03473003 0.0345816
v -0.024638904 0.035741534 0.04405029
v -0.004690785 0.035741534 0.04405029
v -0.004690785 0.03380878 0.03426544
v -0.004690785 0.03380878 0.03426544
v -0.024638904 0.041316524 0.027699279
v -0.024572605 0.03473003 0.0345816
v -0.004690785 0.041316524 0.027699279
v -0.024638904 0.041316524 0.027699279
v -0.004690785 0.041316524 0.027699279
v -0.024638904 0.050757058 0.030917969
v -0.024638904 0.041316524 0.027699279
v -0.004690785 0.050757058 0.030917969
v -0.004690785 0.050757058 0.030917969
v -0.024638904 0.052689586 0.04070282
v -0.024638904 0.050757058 0.030917969
v -0.004690785 0.050757058 0.030917969
v -0.004690785 0.052689586 0.04070282
v -0.004690785 0.052689586 0.04070282
v -0.024638904 0.045181803 0.04726898
v -0.024638904 0.052689586 0.04070282
v -0.004690785 0.052689586 0.04070282
v -0.004690785 0.045181803 0.04726898
v -0.024638904 0.045181803 0.04726898
v -0.004690785 0.045181803 0.04726898
v -0.024638904 0.035741534 0.04405029
v -0.024638904 0.045181803 0.04726898
v -0.004690785 0.035741534 0.04405029
v 0.0041580917 0.038386226 0.041646115
v 0.0041580917 0.037154116 0.03540802
v 0.004224315 0.03724357 0.038856506
v 0.004224315 0.043249317 0.03748413
v 0.0041580917 0.041940417 0.031221619
v 0.004224315 0.03928943 0.032767028
v 0.0041580917 0.047959056 0.033273924
v 0.004224315 0.045266945 0.031666566
v 0.0041580917 0.049191087 0.039512023
v 0.004224315 0.049293436 0.036307983
v 0.0041580917 0.044404786 0.043698423
v 0.004224315 0.046796296 0.042562254
v 0.004224315 0.041179918 0.0432843
v 0.003193126 0.037481263 0.042437743
v 0.0032548478 0.03610805 0.039115906
v -0.0047161146 0.037481263 0.042437743
v -0.004690785 0.03610805 0.039115906
v 0.003193126 0.036016155 0.03502014
v 0.0032548478 0.038540684 0.031875
v -0.0047161146 0.036016155 0.03502014
v -0.004690785 0.038540684 0.031875
v 0.003193126 0.048864167 0.0324823
v 0.0032548478 0.05043647 0.036085814
v -0.0047161146 0.048864167 0.0324823
v -0.004690785 0.05043647 0.036085814
v -0.0047161146 0.0503292 0.039900206
v 0.003193126 0.0503292 0.039900206
v 0.0032548478 0.047467034 0.043522645
v -0.004690785 0.047467034 0.043522645
v -0.0047161146 0.044637635 0.044877622
v 0.003193126 0.044637635 0.044877622
v 0.0032548478 0.04078872 0.0443811
v -0.004690785 0.04078872 0.0443811
v -0.004690785 0.03610805 0.039115906
v -0.004690785 0.03380878 0.03426544
v -0.004690785 0.035741534 0.04405029
v -0.0047161146 0.036016155 0.03502014
v -0.004690785 0.038540684 0.031875
v -0.004690785 0.041316524 0.027699279
v -0.0047161146 0.041707568 0.03004242
v -0.004690785 0.045648456 0.030566406
v -0.004690785 0.050757058 0.030917969
v -0.0047161146 0.048864167 0.0324823
v -0.004690785 0.05043647 0.036085814
v -0.004690785 0.052689586 0.04070282
v -0.0047161146 0.0503292 0.039900206
v -0.0047161146 0.037481263 0.042437743
v -0.004690785 0.04078872 0.0443811
v -0.004690785 0.045181803 0.04726898
v -0.004690785 0.047467034 0.043522645
v -0.0047161146 0.044637635 0.044877622
v -0.0047161146 0.041707568 0.03004242
v 0.0032548478 0.045648456 0.030566406
v -0.004690785 0.045648456 0.030566406
v 0.003193126 0.041707568 0.03004242
v -0.004690785 -0.029568639 0.048410643
v -0.024572605 -0.020982593 0.044292297
v -0.024638904 -0.029568639 0.048410643
v -0.004690785 -0.029568639 0.048410643
v -0.004690785 -0.020992627 0.04331848
v -0.004690785 -0.020992627 0.04331848
v -0.024638904 -0.012294353 0.04819916
v -0.024572605 -0.020982593 0.044292297
v -0.004690785 -0.012294353 0.04819916
v -0.024638904 -0.012294353 0.04819916
v -0.004690785 -0.012294353 0.04819916
v -0.024638904 -0.012172321 0.058172606
v -0.024638904 -0.012294353 0.04819916
v -0.004690785 -0.012172321 0.058172606
v -0.004690785 -0.012172321 0.058172606
v -0.024638904 -0.02074841 0.06326477
v -0.024638904 -0.012172321 0.058172606
v -0.004690785 -0.012172321 0.058172606
v -0.004690785 -0.02074841 0.06326477
v -0.004690785 -0.02074841 0.06326477
v -0.024638904 -0.02944653 0.058384094
v -0.024638904 -0.02074841 0.06326477
v -0.004690785 -0.02074841 0.06326477
v -0.004690785 -0.02944653 0.058384094
v -0.024638904 -0.02944653 0.058384094
v -0.004690785 -0.02944653 0.058384094
v -0.024638904 -0.029568639 0.048410643
v -0.024638904 -0.02944653 0.058384094
v -0.004690785 -0.029568639 0.048410643
v 0.0041580917 -0.026418729 0.050099485
v 0.0041580917 -0.020951238 0.046853025
v 0.004224315 -0.024171261 0.04809021
v 0.004224315 -0.020870442 0.053291626
v 0.0041580917 -0.015405849 0.049964905
v 0.004224315 -0.017748378 0.04798248
v 0.0041580917 -0.015327991 0.05632324
v 0.004224315 -0.014712871 0.053248595
v 0.0041580917 -0.020795483 0.0595697
v 0.004224315 -0.017741589 0.05859497
v 0.0041580917 -0.026340757 0.056457825
v 0.004224315 -0.024470791 0.058332212
v 0.004224315 -0.027028736 0.053280335
v 0.003193126 -0.027467122 0.049511414
v 0.0032548478 -0.024795383 0.047106933
v -0.0047161146 -0.027467122 0.049511414
v -0.004690785 -0.024795383 0.047106933
v 0.003193126 -0.020966 0.045650635
v 0.0032548478 -0.017157977 0.046979062
v -0.0047161146 -0.020966 0.045650635
v -0.004690785 -0.017157977 0.046979062
v 0.003193126 -0.014279483 0.05691162
v 0.0032548478 -0.017149853 0.059597775
v -0.0047161146 -0.014279483 0.05691162
v -0.004690785 -0.017149853 0.059597775
v -0.0047161146 -0.020780759 0.060772095
v 0.003193126 -0.020780759 0.060772095
v 0.0032548478 -0.025151486 0.059285276
v -0.004690785 -0.025151486 0.059285276
v -0.0047161146 -0.027374577 0.057071533
v 0.003193126 -0.027374577 0.057071533
v 0.0032548478 -0.028193172 0.053278197
v -0.004690785 -0.028193172 0.053278197
v -0.004690785 -0.024795383 0.047106933
v -0.004690785 -0.020992627 0.04331848
v -0.004690785 -0.029568639 0.048410643
v -0.0047161146 -0.020966 0.045650635
v -0.004690785 -0.017157977 0.046979062
v -0.004690785 -0.012294353 0.04819916
v -0.0047161146 -0.0143720275 0.04935089
v -0.004690785 -0.013548626 0.053240355
v -0.004690785 -0.012172321 0.058172606
v -0.0047161146 -0.014279483 0.05691162
v -0.004690785 -0.017149853 0.059597775
v -0.004690785 -0.02074841 0.06326477
v -0.0047161146 -0.020780759 0.060772095
v -0.0047161146 -0.027467122 0.049511414
v -0.004690785 -0.028193172 0.053278197
v -0.004690785 -0.02944653 0.058384094
v -0.004690785 -0.025151486 0.059285276
v -0.0047161146 -0.027374577 0.057071533
v -0.0047161146 -0.0143720275 0.04935089
v 0.0032548478 -0.013548626 0.053240355
v -0.004690785 -0.013548626 0.053240355
v 0.003193126 -0.0143720275 0.04935089
v -0.004690785 -0.055366594 -0.012346496
v -0.024572605 -0.048695415 -0.0055508423
v -0.024638904 -0.055366594 -0.012346496
v -0.004690785 -0.055366594 -0.012346496
v -0.004690785 -0.047777027 -0.005874939
v -0.004690785 -0.047777027 -0.005874939
v -0.024638904 -0.049586605 0.0039334106
v -0.024572605 -0.048695415 -0.0055508423
v -0.004690785 -0.049586605 0.0039334106
v -0.024638904 -0.049586605 0.0039334106
v -0.004690785 -0.049586605 0.0039334106
v -0.024638904 -0.05898594 0.0072705075
v -0.024638904 -0.049586605 0.0039334106
v -0.004690785 -0.05898594 0.0072705075
v -0.004690785 -0.05898594 0.0072705075
v -0.024638904 -0.066575475 7.989502E-4
v -0.024638904 -0.05898594 0.0072705075
v -0.004690785 -0.05898594 0.0072705075
v -0.004690785 -0.066575475 7.989502E-4
v -0.004690785 -0.066575475 7.989502E-4
v -0.024638904 -0.06476582 -0.009009704
v -0.024638904 -0.066575475 7.989502E-4
v -0.004690785 -0.066575475 7.989502E-4
v -0.004690785 -0.06476582 -0.009009704
v -0.024638904 -0.06476582 -0.009009704
v -0.004690785 -0.06476582 -0.009009704
v -0.024638904 -0.055366594 -0.012346496
v -0.024638904 -0.06476582 -0.009009704
v -0.004690785 -0.055366594 -0.012346496
v 0.0041580917 -0.055947423 -0.00881958
v 0.0041580917 -0.05110886 -0.0046939086
v 0.004224315 -0.05331982 -0.007341919
v 0.004224315 -0.05717625 -0.002538147
v 0.0041580917 -0.052262615 0.0015591431
v 0.004224315 -0.051143423 -0.0012982178
v 0.0041580917 -0.05825497 0.0036865233
v 0.004224315 -0.05514641 0.0032754515
v 0.0041580917 -0.06309345 -4.3914793E-4
v 0.004224315 -0.061184697 0.0021362305
v 0.0041580917 -0.061939623 -0.0066921995
v 0.004224315 -0.06310944 -0.004317322
v 0.004224315 -0.05915463 -0.00836975
v 0.003193126 -0.055729337 -0.010002136
v 0.0032548478 -0.052590642 -0.008250427
v -0.0047161146 -0.055729337 -0.010002136
v -0.004690785 -0.052590642 -0.008250427
v 0.003193126 -0.04997582 -0.0050964355
v 0.0032548478 -0.050002787 -0.0010638428
v -0.0047161146 -0.04997582 -0.0050964355
v -0.004690785 -0.050002787 -0.0010638428
v 0.003193126 -0.05847321 0.004868774
v 0.0032548478 -0.0619426 0.0030200195
v -0.0047161146 -0.05847321 0.004868774
v -0.004690785 -0.0619426 0.0030200195
v -0.0047161146 -0.0642265 -3.6926267E-5
v 0.003193126 -0.0642265 -3.6926267E-5
v 0.0032548478 -0.06423138 -0.004653625
v -0.004690785 -0.06423138 -0.004653625
v -0.0047161146 -0.06285462 -0.007472534
v 0.003193126 -0.06285462 -0.007472534
v 0.0032548478 -0.05952866 -0.009472351
v -0.004690785 -0.05952866 -0.009472351
v -0.004690785 -0.052590642 -0.008250427
v -0.004690785 -0.047777027 -0.005874939
v -0.004690785 -0.055366594 -0.012346496
v -0.0047161146 -0.04997582 -0.0050964355
v -0.004690785 -0.050002787 -0.0010638428
v -0.004690785 -0.049586605 0.0039334106
v -0.0047161146 -0.05134762 0.0023391724
v -0.004690785 -0.05476269 0.0043746945
v -0.004690785 -0.05898594 0.0072705075
v -0.0047161146 -0.05847321 0.004868774
v -0.004690785 -0.0619426 0.0030200195
v -0.004690785 -0.066575475 7.989502E-4
v -0.0047161146 -0.0642265 -3.6926267E-5
v -0.0047161146 -0.055729337 -0.010002136
v -0.004690785 -0.05952866 -0.009472351
v -0.004690785 -0.06476582 -0.009009704
v -0.004690785 -0.06423138 -0.004653625
v -0.0047161146 -0.06285462 -0.007472534
v -0.0047161146 -0.05134762 0.0023391724
v 0.0032548478 -0.05476269 0.0043746945
v -0.004690785 -0.05476269 0.0043746945
v 0.003193126 -0.05134762 0.0023391724
v -0.004690785 -0.004470562 -0.056549683
v -0.024572605 -0.009005398 -0.04817627
v -0.024638904 -0.004470562 -0.056549683
v -0.004690785 -0.004470562 -0.056549683
v -0.004690785 -0.00842564 -0.047393493
v -0.004690785 -0.00842564 -0.047393493
v -0.024638904 -0.018332714 -0.046240233
v -0.024572605 -0.009005398 -0.04817627
v -0.004690785 -0.018332714 -0.046240233
v -0.024638904 -0.018332714 -0.046240233
v -0.004690785 -0.018332714 -0.046240233
v -0.024638904 -0.024284901 -0.05424408
v -0.024638904 -0.018332714 -0.046240233
v -0.004690785 -0.024284901 -0.05424408
v -0.004690785 -0.024284901 -0.05424408
v -0.024638904 -0.020329708 -0.06340027
v -0.024638904 -0.024284901 -0.05424408
v -0.004690785 -0.024284901 -0.05424408
v -0.004690785 -0.020329708 -0.06340027
v -0.004690785 -0.020329708 -0.06340027
v -0.024638904 -0.010422558 -0.06455322
v -0.024638904 -0.020329708 -0.06340027
v -0.004690785 -0.020329708 -0.06340027
v -0.004690785 -0.010422558 -0.06455322
v -0.024638904 -0.010422558 -0.06455322
v -0.004690785 -0.010422558 -0.06455322
v -0.024638904 -0.004470562 -0.056549683
v -0.024638904 -0.010422558 -0.06455322
v -0.004690785 -0.004470562 -0.056549683
v 0.0041580917 -0.008012242 -0.056068726
v 0.0041580917 -0.010533717 -0.050231017
v 0.004224315 -0.0086525 -0.053122558
v 0.004224315 -0.0143777495 -0.05539673
v 0.0041580917 -0.016849827 -0.049496155
v 0.004224315 -0.013789867 -0.04926605
v 0.0041580917 -0.020644497 -0.054598693
v 0.004224315 -0.019337963 -0.051748045
v 0.0041580917 -0.01812283 -0.06043579
v 0.004224315 -0.020023542 -0.057854306
v 0.0041580917 -0.011806796 -0.061170958
v 0.004224315 -0.014420856 -0.06159088
v 0.004224315 -0.009384884 -0.05900177
v 0.003193126 -0.006817898 -0.05620758
v 0.0032548478 -0.0075699654 -0.052692566
v -0.0047161146 -0.006817898 -0.05620758
v -0.004690785 -0.0075699654 -0.052692566
v 0.003193126 -0.00981625 -0.049266357
v 0.0032548478 -0.013678706 -0.04810669
v -0.0047161146 -0.00981625 -0.049266357
v -0.004690785 -0.013678706 -0.04810669
v 0.003193126 -0.02183869 -0.05445953
v 0.0032548478 -0.02109116 -0.05831909
v -0.0047161146 -0.02183869 -0.05445953
v -0.004690785 -0.02109116 -0.05831909
v -0.0047161146 -0.018840296 -0.061400756
v 0.003193126 -0.018840296 -0.061400756
v 0.0032548478 -0.014428905 -0.06276214
v -0.004690785 -0.014428905 -0.06276214
v -0.0047161146 -0.011330074 -0.06227478
v 0.003193126 -0.011330074 -0.06227478
v 0.0032548478 -0.008440822 -0.05968353
v -0.004690785 -0.008440822 -0.05968353
v -0.004690785 -0.0075699654 -0.052692566
v -0.004690785 -0.00842564 -0.047393493
v -0.004690785 -0.004470562 -0.056549683
v -0.0047161146 -0.00981625 -0.049266357
v -0.004690785 -0.013678706 -0.04810669
v -0.004690785 -0.018332714 -0.046240233
v -0.0047161146 -0.017326549 -0.048392333
v -0.004690785 -0.02027596 -0.05105835
v -0.004690785 -0.024284901 -0.05424408
v -0.0047161146 -0.02183869 -0.05445953
v -0.004690785 -0.02109116 -0.05831909
v -0.004690785 -0.020329708 -0.06340027
v -0.0047161146 -0.018840296 -0.061400756
v -0.0047161146 -0.006817898 -0.05620758
v -0.004690785 -0.008440822 -0.05968353
v -0.004690785 -0.010422558 -0.06455322
v -0.004690785 -0.014428905 -0.06276214
v -0.0047161146 -0.011330074 -0.06227478
v -0.0047161146 -0.017326549 -0.048392333
v 0.0032548478 -0.02027596 -0.05105835
v -0.004690785 -0.02027596 -0.05105835
v 0.003193126 -0.017326549 -0.048392333
v -0.004690785 0.05277099 -0.020811157
v -0.024572605 0.043437343 -0.022698974
v -0.024638904 0.05277099 -0.020811157
v -0.004690785 0.05277099 -0.020811157
v -0.004690785 0.04285842 -0.021915892
v -0.004690785 0.04285842 -0.021915892
v -0.024638904 0.038858864 -0.031052856
v -0.024572605 0.043437343 -0.022698974
v -0.004690785 0.038858864 -0.031052856
v -0.024638904 0.038858864 -0.031052856
v -0.004690785 0.038858864 -0.031052856
v -0.024638904 0.044771988 -0.039085083
v -0.024638904 0.038858864 -0.031052856
v -0.004690785 0.044771988 -0.039085083
v -0.004690785 0.044771988 -0.039085083
v -0.024638904 0.05468471 -0.037980042
v -0.024638904 0.044771988 -0.039085083
v -0.004690785 0.044771988 -0.039085083
v -0.004690785 0.05468471 -0.037980042
v -0.004690785 0.05468471 -0.037980042
v -0.024638904 0.05868415 -0.028843382
v -0.024638904 0.05468471 -0.037980042
v -0.004690785 0.05468471 -0.037980042
v -0.004690785 0.05868415 -0.028843382
v -0.024638904 0.05868415 -0.028843382
v -0.004690785 0.05868415 -0.028843382
v -0.024638904 0.05277099 -0.020811157
v -0.024638904 0.05868415 -0.028843382
v -0.004690785 0.05277099 -0.020811157
v 0.0041580917 0.051275287 -0.024057312
v 0.0041580917 0.044955593 -0.024761656
v 0.004224315 0.04827087 -0.023807982
v 0.004224315 0.048771508 -0.02994812
v 0.0041580917 0.042405847 -0.030586546
v 0.004224315 0.043080553 -0.027593078
v 0.0041580917 0.04617557 -0.035707396
v 0.004224315 0.04383186 -0.03362457
v 0.0041580917 0.052495264 -0.03500305
v 0.004224315 0.049470782 -0.036065977
v 0.0041580917 0.055044856 -0.029178161
v 0.004224315 0.05468223 -0.031800535
v 0.004224315 0.05367889 -0.026227722
v 0.003193126 0.051757388 -0.022955626
v 0.0032548478 0.04817615 -0.022647094
v -0.0047161146 0.051757388 -0.022955626
v -0.004690785 0.04817615 -0.022647094
v 0.003193126 0.04424285 -0.023793334
v 0.0032548478 0.04200454 -0.027147826
v -0.0047161146 0.04424285 -0.023793334
v -0.004690785 0.04200454 -0.027147826
v 0.003193126 0.045693506 -0.03680908
v 0.0032548478 0.049603038 -0.037222594
v -0.0047161146 0.045693506 -0.03680908
v -0.004690785 0.049603038 -0.037222594
v -0.0047161146 0.053208 -0.035971373
v 0.003193126 0.053208 -0.035971373
v 0.0032548478 0.055799976 -0.03215088
v -0.004690785 0.055799976 -0.03215088
v -0.0047161146 0.056239884 -0.0290448
v 0.003193126 0.056239884 -0.0290448
v 0.0032548478 0.05460685 -0.025523987
v -0.004690785 0.05460685 -0.025523987
v -0.004690785 0.04817615 -0.022647094
v -0.004690785 0.04285842 -0.021915892
v -0.004690785 0.05277099 -0.020811157
v -0.0047161146 0.04424285 -0.023793334
v -0.004690785 0.04200454 -0.027147826
v -0.004690785 0.038858864 -0.031052856
v -0.0047161146 0.04121082 -0.03071991
v -0.004690785 0.042897828 -0.034319762
v -0.004690785 0.044771988 -0.039085083
v -0.0047161146 0.045693506 -0.03680908
v -0.004690785 0.049603038 -0.037222594
v -0.004690785 0.05468471 -0.037980042
v -0.0047161146 0.053208 -0.035971373
v -0.0047161146 0.051757388 -0.022955626
v -0.004690785 0.05460685 -0.025523987
v -0.004690785 0.05868415 -0.028843382
v -0.004690785 0.055799976 -0.03215088
v -0.0047161146 0.056239884 -0.0290448
v -0.0047161146 0.04121082 -0.03071991
v 0.0032548478 0.042897828 -0.034319762
v -0.004690785 0.042897828 -0.034319762
v 0.003193126 0.04121082 -0.03071991
v 0.020814052 -0.25362718 -0.06643646
v 0.026424326 -0.27686512 -0.034451295
v 0.020814052 -0.26008007 -0.032350767
v 0.026424326 -0.26999626 -0.07073608
v 0.020814052 -0.24529277 -0.092583925
v 0.026424326 -0.26112399 -0.09857025
v 0.020814052 -0.23427054 -0.11771728
v 0.026424326 -0.24939111 -0.12532501
v 0.020814052 -0.22068204 -0.14156066
v 0.026424326 -0.23492569 -0.15070617
v 0.026424326 -0.27909583 0.0024108887
v 0.020814052 -0.26217574 0.0022769165
v 0.026424326 -0.27731457 0.03157074
v 0.020814052 -0.26050213 0.029669493
v 0.026424326 -0.2724945 0.060384214
v 0.020814052 -0.25597417 0.056737058
v 0.026424326 -0.26468927 0.088536374
v 0.020814052 -0.24864215 0.08318329
v 0.026424326 -0.25398397 0.11571838
v 0.020814052 -0.2385852 0.108717956
v 0.026424326 -0.23688945 0.14736785
v 0.020814052 -0.22252682 0.1384497
v 0.020814052 -0.19993621 -0.16894135
v 0.026424326 -0.2128414 -0.17985381
v 0.020814052 -0.17711683 -0.19331084
v 0.026424326 -0.18855016 -0.20579498
v 0.020814052 -0.15594006 -0.21076599
v 0.026424326 -0.1660066 -0.22437622
v 0.020814052 -0.13305378 -0.22591156
v 0.026424326 -0.14164402 -0.24049896
v 0.026424326 -0.21592188 0.17684753
v 0.020814052 -0.20283015 0.16614227
v 0.026424326 -0.19625266 0.19844818
v 0.020814052 -0.18435311 0.18643372
v 0.026424326 -0.17443344 0.21787506
v 0.020814052 -0.16385604 0.20468323
v 0.026424326 -0.15070328 0.23491332
v 0.020814052 -0.14156403 0.22069
v 0.026424326 -0.11831699 0.2526593
v 0.020814052 -0.11114017 0.23735993
v 0.026424326 -0.08394882 0.26617187
v 0.020814052 -0.0788549 0.2500534
v 0.026424326 -0.055666048 0.27348846
v 0.020814052 -0.052285504 0.25692657
v 0.026424326 -0.026772732 0.27780822
v 0.020814052 -0.025143666 0.2609848
v 0.026424326 0.002413784 0.27908447
v 0.020814052 0.0022735938 0.26218322
v 0.026424326 0.031573366 0.27730253
v 0.020814052 0.029666208 0.26050964
v 0.026424326 0.06688632 0.2713556
v 0.020814052 0.062839314 0.2549234
v 0.026424326 0.101472355 0.25999328
v 0.020814052 0.095329165 0.24424987
v 0.026424326 0.12809409 0.24796264
v 0.020814052 0.1203376 0.23294738
v 0.026424326 0.15331195 0.2332135
v 0.020814052 0.14402702 0.21909271
v 0.026424326 0.17685047 0.21591033
v 0.020814052 0.16613945 0.20283782
v 0.026424326 0.2037353 0.19059265
v 0.020814052 0.19139469 0.17905487
v 0.026424326 0.22720692 0.16208267
v 0.020814052 0.21344371 0.15227233
v 0.026424326 0.2429053 0.13744415
v 0.020814052 0.22819103 0.12912735
v 0.026424326 0.25594205 0.11130035
v 0.020814052 0.24043773 0.10456787
v 0.026424326 0.26617488 0.083936766
v 0.020814052 0.25005054 0.07886246
v 0.026424326 0.27349138 0.05565399
v 0.020814052 0.25692365 0.052294005
v 0.026424326 0.27867717 0.02076248
v 0.020814052 0.2617953 0.01951645
v 0.026424326 0.27862948 -0.016173247
v 0.020814052 0.26175043 -0.015180359
v 0.026424326 0.27541363 -0.045209195
v 0.020814052 0.25872868 -0.042457122
v 0.026424326 0.26917955 -0.07375091
v 0.020814052 0.25287312 -0.0692688
v 0.026424326 0.25999683 -0.10148437
v 0.020814052 0.24424686 -0.095321804
v 0.026424326 0.24422634 -0.13487701
v 0.020814052 0.22943164 -0.12669037
v 0.026424326 0.22436473 -0.16600966
v 0.020814052 0.21077357 -0.15593658
v 0.026424326 0.20578343 -0.18855362
v 0.020814052 0.19331881 -0.17711395
v 0.026424326 0.18494755 -0.20903137
v 0.020814052 0.1737456 -0.196351
v 0.026424326 0.16208553 -0.22721893
v 0.020814052 0.1522691 -0.21343657
v 0.026424326 0.1374475 -0.24291687
v 0.020814052 0.12912433 -0.22818328
v 0.026424326 0.10579635 -0.25810027
v 0.020814052 0.0993906 -0.24244659
v 0.026424326 0.07072414 -0.26999938
v 0.020814052 0.06644416 -0.25362366
v 0.026424326 0.04211486 -0.2759137
v 0.020814052 0.03956882 -0.25917998
v 0.026424326 0.013044201 -0.27880463
v 0.020814052 0.012260242 -0.26189604
v 0.026424326 -0.016170084 -0.27864105
v 0.020814052 -0.015183376 -0.26174286
v 0.026424326 -0.052801136 -0.2739612
v 0.020814052 -0.049594846 -0.25734618
v 0.026424326 -0.088548124 -0.26469207
v 0.020814052 -0.083175234 -0.24863891
v 0.026424326 -0.11573017 -0.2539871
v 0.020814052 -0.10870983 -0.23858215
v 0.026424326 -0.14164402 -0.24049896
v 0.020814052 -0.13305378 -0.22591156
v 0.018239511 -0.05833523 -0.30263793
v 0.018239511 -0.017872127 -0.307807
v 0.018239511 0.01439735 -0.30798766
v 0.018239511 0.04650867 -0.304794
v 0.018239511 0.078110196 -0.2982614
v 0.018239511 -0.097820625 -0.2923993
v 0.018239511 -0.12784618 -0.28057373
v 0.018239511 -0.15647084 -0.26567534
v 0.018239511 0.11685104 -0.2851181
v 0.018239511 0.1518129 -0.2683461
v 0.018239511 0.17902783 -0.25100645
v 0.018239437 0.20428112 -0.23091644
v 0.018239437 0.22729625 -0.20829666
v 0.018239437 0.247821 -0.18339507
v 0.018239437 0.26975986 -0.14900589
v 0.018239437 0.28717974 -0.112120666
v 0.018239437 0.29732335 -0.08148636
v 0.018239437 0.3042088 -0.049959563
v 0.018239437 0.30776125 -0.017886046
v 0.018239437 0.30781475 0.02291275
v 0.018239437 0.30208582 0.0614534
v 0.018239437 0.29400408 0.0926947
v 0.018239437 0.28270128 0.12292038
v 0.018239437 0.2683006 0.15179901
v 0.018239437 0.25096035 0.17901397
v 0.018239437 0.22503376 0.21050628
v 0.018239437 0.19533679 0.23847198
v 0.018239437 0.16933642 0.25758514
v 0.018239437 0.14148064 0.27387634
v 0.018239437 0.11207428 0.28716612
v 0.018239511 0.073870994 0.2997168
v 0.018239511 0.034864686 0.3062857
v 0.018239511 0.0026550635 0.30825377
v 0.018239511 -0.029584011 0.30684417
v 0.018239511 -0.06149933 0.30207244
v 0.018239511 -0.09274051 0.29399046
v 0.018239511 -0.13070327 0.27906463
v 0.018239511 -0.16647686 0.2594632
v 0.018239511 -0.1926893 0.24064177
v 0.018239511 -0.21679123 0.21918334
v 0.018239511 -0.23851737 0.19532318
v 0.018239511 -0.26167765 0.16276032
v 0.018239511 -0.28056028 0.1278006
v 0.018239511 -0.29238537 0.09777588
v 0.018239511 -0.30100745 0.06667816
v 0.018239511 -0.30633122 0.03485077
v 0.018239511 -0.3082994 0.0026409912
v 0.018239511 -0.30583498 -0.03807617
v 0.018239511 -0.29824743 -0.07815613
v 0.018239511 -0.28844768 -0.10890167
v 0.018239511 -0.27548733 -0.13845459
v 0.018239511 -0.25950867 -0.16649078
v 0.018239511 -0.23511478 -0.19868714
v 0.018239511 -0.2082827 -0.2273416
v 0.018239511 -0.18338123 -0.2478659
v 0.018239511 -0.15647084 -0.26567534
v 0.018239511 -0.29824743 -0.07815613
v 0.012811656 -0.31652364 -0.039413758
v 0.018239511 -0.30583498 -0.03807617
v 0.012811656 -0.30867112 -0.080893554
v 0.018239511 -0.28844768 -0.10890167
v 0.012811656 -0.29852885 -0.112713315
v 0.018239511 -0.27548733 -0.13845459
v 0.012811656 -0.28511515 -0.14329864
v 0.018239511 -0.25950867 -0.16649078
v 0.012811656 -0.268579 -0.17231475
v 0.012811656 -0.31907395 0.002726135
v 0.018239511 -0.3082994 0.0026409912
v 0.012811656 -0.31703705 0.036061402
v 0.018239511 -0.30633122 0.03485077
v 0.012811656 -0.31152764 0.06900116
v 0.018239511 -0.30100745 0.06667816
v 0.012811656 -0.30260387 0.10118469
v 0.018239511 -0.29238537 0.09777588
v 0.012811656 -0.29036584 0.1322583
v 0.018239511 -0.28056028 0.1278006
v 0.012811656 -0.27082318 0.16843963
v 0.018239511 -0.26167765 0.16276032
v 0.018239511 -0.23511478 -0.19868714
v 0.012811656 -0.24333234 -0.20563568
v 0.018239511 -0.2082827 -0.2273416
v 0.012811656 -0.21556282 -0.23529114
v 0.018239511 -0.18338123 -0.2478659
v 0.012811656 -0.18979135 -0.25653228
v 0.018239511 -0.15647084 -0.26567534
v 0.012811656 -0.16194108 -0.27496397
v 0.012811656 -0.24685405 0.2021402
v 0.018239511 -0.23851737 0.19532318
v 0.012811656 -0.22436866 0.22683349
v 0.018239511 -0.21679123 0.21918334
v 0.012811656 -0.19942491 0.24904174
v 0.018239511 -0.1926893 0.24064177
v 0.012811656 -0.17229702 0.2685202
v 0.018239511 -0.16647686 0.2594632
v 0.012811656 -0.13527332 0.28880677
v 0.018239511 -0.13070327 0.27906463
v 0.01281158 -0.095984645 0.30425414
v 0.018239511 -0.09274051 0.29399046
v 0.01281158 -0.063651584 0.3126184
v 0.018239511 -0.06149933 0.30207244
v 0.01281158 -0.030621303 0.31755677
v 0.018239511 -0.029584011 0.30684417
v 0.01281158 0.0027435645 0.3190161
v 0.018239511 0.0026550635 0.30825377
v 0.01281158 0.036079135 0.31697905
v 0.018239511 0.034864686 0.3062857
v 0.01281158 0.076448284 0.31018066
v 0.018239511 0.073870994 0.2997168
v 0.01281158 0.11598659 0.29719147
v 0.018239437 0.11207428 0.28716612
v 0.01281158 0.1464198 0.2834372
v 0.018239437 0.14148064 0.27387634
v 0.01281158 0.17524883 0.26657745
v 0.018239437 0.16933642 0.25758514
v 0.01281158 0.2021574 0.24679595
v 0.018239437 0.19533679 0.23847198
v 0.01281158 0.23289172 0.21785308
v 0.018239437 0.22503376 0.21050628
v 0.01281158 0.259724 0.18526107
v 0.018239437 0.25096035 0.17901397
v 0.01281158 0.2776701 0.15709503
v 0.018239437 0.2683006 0.15179901
v 0.01281158 0.29257396 0.12720749
v 0.018239437 0.28270128 0.12292038
v 0.01281158 0.30427217 0.095926054
v 0.018239437 0.29400408 0.0926947
v 0.01281158 0.3126359 0.06359314
v 0.018239437 0.30208582 0.0614534
v 0.01281158 0.31856486 0.023705596
v 0.018239437 0.30781475 0.02291275
v 0.01281158 0.31850994 -0.018518372
v 0.018239437 0.30776125 -0.017886046
v 0.01281158 0.31483334 -0.051712494
v 0.018239437 0.3042088 -0.049959563
v 0.01281158 0.3077071 -0.08434051
v 0.018239437 0.29732335 -0.08148636
v 0.01281158 0.2972092 -0.11604446
v 0.018239437 0.28717974 -0.112120666
v 0.01281158 0.27918065 -0.1542189
v 0.018239437 0.26975986 -0.14900589
v 0.01281158 0.25647503 -0.18980941
v 0.018239437 0.247821 -0.18339507
v 0.01281158 0.23523349 -0.2155809
v 0.018239437 0.22729625 -0.20829666
v 0.01281158 0.21141414 -0.23899093
v 0.018239437 0.20428112 -0.23091644
v 0.01281158 0.18527889 -0.25978255
v 0.018239511 0.17902783 -0.25100645
v 0.01281158 0.157113 -0.27772903
v 0.018239511 0.1518129 -0.2683461
v 0.01281158 0.120929375 -0.29508576
v 0.018239511 0.11685104 -0.2851181
v 0.01281158 0.08083572 -0.30868897
v 0.018239511 0.078110196 -0.2982614
v 0.01281158 0.048129838 -0.3154492
v 0.018239511 0.04650867 -0.304794
v 0.012811656 0.014896427 -0.31875458
v 0.018239511 0.01439735 -0.30798766
v 0.012811656 -0.01849995 -0.3185678
v 0.018239511 -0.017872127 -0.307807
v 0.012811656 -0.06037655 -0.31321838
v 0.018239511 -0.05833523 -0.30263793
v 0.012811656 -0.1012418 -0.30262205
v 0.018239511 -0.097820625 -0.2923993
v 0.012811656 -0.13231601 -0.2903833
v 0.018239511 -0.12784618 -0.28057373
v 0.012811656 -0.16194108 -0.27496397
v 0.018239511 -0.15647084 -0.26567534
v 0.012811656 -0.30867112 -0.080893554
v -0.083123244 -0.32434344 -0.040391844
v 0.012811656 -0.31652364 -0.039413758
v -0.083123244 -0.31629714 -0.08289611
v 0.012811656 -0.29852885 -0.112713315
v -0.083123244 -0.30590397 -0.115502015
v 0.012811656 -0.28511515 -0.14329864
v -0.083123244 -0.2921595 -0.14684296
v 0.012811656 -0.268579 -0.17231475
v -0.083123244 -0.27521425 -0.176575
v -0.083123244 -0.32695654 0.002788391
v 0.012811656 -0.31907395 0.002726135
v -0.083123244 -0.32486984 0.03694641
v 0.012811656 -0.31703705 0.036061402
v -0.083123244 -0.31922314 0.07070007
v 0.012811656 -0.31152764 0.06900116
v -0.083123244 -0.31007993 0.10367797
v 0.012811656 -0.30260387 0.10118469
v -0.083123244 -0.29753962 0.1355194
v 0.012811656 -0.29036584 0.1322583
v -0.083123244 -0.27751443 0.1725943
v 0.012811656 -0.27082318 0.16843963
v 0.012811656 -0.24333234 -0.20563568
v -0.083123244 -0.249345 -0.2107196
v 0.012811656 -0.21556282 -0.23529114
v -0.083123244 -0.22088946 -0.24110748
v 0.012811656 -0.18979135 -0.25653228
v -0.083123244 -0.19448161 -0.26287323
v 0.012811656 -0.16194108 -0.27496397
v -0.083123244 -0.1659429 -0.28175995
v -0.083123244 -0.25295302 0.20712706
v 0.012811656 -0.24685405 0.2021402
v -0.083123244 -0.22991225 0.23243041
v 0.012811656 -0.22436866 0.22683349
v -0.083123244 -0.20435315 0.25518706
v 0.012811656 -0.19942491 0.24904174
v -0.08312332 -0.1765545 0.2751474
v 0.012811656 -0.17229702 0.2685202
v -0.08312332 -0.13861683 0.29593414
v 0.012811656 -0.13527332 0.28880677
v -0.08312332 -0.09835735 0.3117636
v 0.01281158 -0.095984645 0.30425414
v -0.08312332 -0.0652261 0.32033417
v 0.01281158 -0.063651584 0.3126184
v -0.08312332 -0.03138035 0.32539457
v 0.01281158 -0.030621303 0.31755677
v -0.08312332 0.0028092535 0.32688934
v 0.01281158 0.0027435645 0.3190161
v -0.08312332 0.036967196 0.32480225
v 0.01281158 0.036079135 0.31697905
v -0.08312332 0.078333355 0.3178357
v 0.01281158 0.076448284 0.31018066
v -0.08312332 0.118848376 0.30452606
v 0.01281158 0.11598659 0.29719147
v -0.08312332 0.15003341 0.29043213
v 0.01281158 0.1464198 0.2834372
v -0.08312332 0.17957439 0.27315614
v 0.01281158 0.17524883 0.26657745
v -0.08312332 0.20714763 0.25288603
v 0.01281158 0.2021574 0.24679595
v -0.08312332 0.23864108 0.2232286
v 0.01281158 0.23289172 0.21785308
v -0.08312332 0.26613596 0.18983093
v 0.01281158 0.259724 0.18526107
v -0.08312332 0.2845254 0.16096923
v 0.01281158 0.2776701 0.15709503
v -0.08312332 0.29979694 0.13034424
v 0.01281158 0.29257396 0.12720749
v -0.08312332 0.311784 0.098289944
v 0.01281158 0.30427217 0.095926054
v -0.08312332 0.32035404 0.065158844
v 0.01281158 0.3126359 0.06359314
v -0.08312332 0.32642964 0.024286194
v 0.01281158 0.31856486 0.023705596
v -0.08312332 0.32637316 -0.018980408
v 0.01281158 0.31850994 -0.018518372
v -0.08312332 0.32260594 -0.052994233
v 0.01281158 0.31483334 -0.051712494
v -0.08312332 0.31530383 -0.08642807
v 0.01281158 0.3077071 -0.08434051
v -0.08312332 0.30454668 -0.11891601
v 0.01281158 0.2972092 -0.11604446
v -0.08312332 0.28607294 -0.15803222
v 0.01281158 0.27918065 -0.1542189
v -0.08312332 0.2628066 -0.1945021
v 0.01281158 0.25647503 -0.18980941
v -0.08312332 0.24104038 -0.22090957
v 0.01281158 0.23523349 -0.2155809
v -0.08312332 0.2166328 -0.24489792
v 0.01281158 0.21141414 -0.23899093
v -0.08312332 0.18985187 -0.2662033
v 0.01281158 0.18527889 -0.25978255
v -0.08312332 0.16099025 -0.2845932
v 0.01281158 0.157113 -0.27772903
v -0.08312332 0.123913646 -0.30237883
v 0.01281158 0.120929375 -0.29508576
v -0.08312332 0.08282928 -0.31631714
v 0.01281158 0.08083572 -0.30868897
v -0.08312332 0.049315676 -0.32324463
v 0.01281158 0.048129838 -0.3154492
v -0.08312332 0.015261837 -0.32663208
v 0.012811656 0.014896427 -0.31875458
v -0.08312332 -0.01896004 -0.32644072
v 0.012811656 -0.01849995 -0.3185678
v -0.083123244 -0.06187031 -0.32095855
v 0.012811656 -0.06037655 -0.31321838
v -0.083123244 -0.10374538 -0.3101004
v 0.012811656 -0.1012418 -0.30262205
v -0.083123244 -0.13558666 -0.2975598
v 0.012811656 -0.13231601 -0.2903833
v -0.083123244 -0.1659429 -0.28175995
v 0.012811656 -0.16194108 -0.27496397
v -0.17727478 -0.16194108 -0.27496397
v -0.17727478 -0.13231601 -0.2903833
v -0.17727478 -0.1012418 -0.30262205
v -0.17727478 -0.06037655 -0.31321838
v -0.17727478 -0.01849995 -0.3185678
v -0.17727478 0.014896427 -0.31875458
v -0.17727478 0.048129838 -0.3154492
v -0.17727478 0.08083572 -0.30868897
v -0.17727478 0.120929375 -0.29508576
v -0.17727478 0.157113 -0.27772903
v -0.17727478 0.18527889 -0.25978255
v -0.17727485 0.21141414 -0.23899093
v -0.17727485 0.23523349 -0.2155809
v -0.17727485 0.25647503 -0.18980941
v -0.17727485 0.27918065 -0.1542189
v -0.17727485 0.2972092 -0.11604446
v -0.17727485 0.3077071 -0.08434051
v -0.17727485 0.31483334 -0.051712494
v -0.17727485 0.31850994 -0.018518372
v -0.17727485 0.31856486 0.023705596
v -0.17727485 0.3126359 0.06359314
v -0.17727485 0.30427217 0.095926054
v -0.17727485 0.29257396 0.12720749
v -0.17727485 0.2776701 0.15709503
v -0.17727485 0.259724 0.18526107
v -0.17727485 0.23289172 0.21785308
v -0.17727485 0.2021574 0.24679595
v -0.17727485 0.17524883 0.26657745
v -0.17727485 0.1464198 0.2834372
v -0.17727485 0.11598659 0.29719147
v -0.17727478 0.076448284 0.31018066
v -0.17727478 0.036079135 0.31697905
v -0.17727478 0.0027435645 0.3190161
v -0.17727478 -0.030621303 0.31755677
v -0.17727478 -0.063651584 0.3126184
v -0.17727478 -0.095984645 0.30425414
v -0.17727478 -0.13527332 0.28880677
v -0.17727478 -0.17229702 0.2685202
v -0.17727478 -0.19942491 0.24904174
v -0.17727478 -0.22436866 0.22683349
v -0.17727478 -0.24685405 0.2021402
v -0.17727478 -0.27082318 0.16843963
v -0.17727478 -0.29036584 0.1322583
v -0.17727478 -0.30260387 0.10118469
v -0.17727478 -0.31152764 0.06900116
v -0.17727478 -0.31703705 0.036061402
v -0.17727478 -0.31907395 0.002726135
v -0.17727478 -0.31652364 -0.039413758
v -0.17727478 -0.30867112 -0.080893554
v -0.17727478 -0.29852885 -0.112713315
v -0.17727478 -0.28511515 -0.14329864
v -0.17727478 -0.268579 -0.17231475
v -0.17727478 -0.24333234 -0.20563568
v -0.17727478 -0.21556282 -0.23529114
v -0.17727478 -0.18979135 -0.25653228
v -0.17727478 -0.16194108 -0.27496397
v -0.17727478 -0.30867112 -0.080893554
v -0.19613571 -0.29352343 -0.036538087
v -0.17727478 -0.31652364 -0.039413758
v -0.19613571 -0.28624147 -0.07500519
v -0.17727478 -0.29852885 -0.112713315
v -0.19613571 -0.2768361 -0.10451324
v -0.17727478 -0.28511515 -0.14329864
v -0.19613571 -0.26439714 -0.13287659
v -0.17727478 -0.268579 -0.17231475
v -0.19613571 -0.249062 -0.15978424
v -0.19613571 -0.2958886 0.002539978
v -0.17727478 -0.31907395 0.002726135
v -0.19613571 -0.29399973 0.033453368
v -0.17727478 -0.31703705 0.036061402
v -0.19613571 -0.28889042 0.06400024
v -0.17727478 -0.31152764 0.06900116
v -0.19613571 -0.28061527 0.09384521
v -0.17727478 -0.30260387 0.10118469
v -0.19613571 -0.26926607 0.122662045
v -0.17727478 -0.29036584 0.1322583
v -0.19613571 -0.25114316 0.1562146
v -0.17727478 -0.27082318 0.16843963
v -0.17727478 -0.24333234 -0.20563568
v -0.19613571 -0.22564957 -0.19068481
v -0.17727478 -0.21556282 -0.23529114
v -0.19613571 -0.19989744 -0.21818572
v -0.17727478 -0.18979135 -0.25653228
v -0.19613571 -0.17599842 -0.23788421
v -0.17727478 -0.16194108 -0.27496397
v -0.19613571 -0.15017128 -0.2549768
v -0.19613571 -0.22891551 0.18746704
v -0.17727478 -0.24685405 0.2021402
v -0.19613571 -0.2080636 0.2103662
v -0.17727478 -0.22436866 0.22683349
v -0.19613571 -0.184932 0.230961
v -0.17727478 -0.19942491 0.24904174
v -0.19613571 -0.15977459 0.24902496
v -0.17727478 -0.17229702 0.2685202
v -0.19613571 -0.12544094 0.26783723
v -0.17727478 -0.13527332 0.28880677
v -0.19613571 -0.08900608 0.2821628
v -0.17727478 -0.095984645 0.30425414
v -0.19613579 -0.05902226 0.2899191
v -0.17727478 -0.063651584 0.3126184
v -0.19613579 -0.028391575 0.2944989
v -0.17727478 -0.030621303 0.31755677
v -0.19613579 0.0025492439 0.29585174
v -0.17727478 0.0027435645 0.3190161
v -0.19613579 0.033462938 0.2939627
v -0.17727478 0.036079135 0.31697905
v -0.19613579 0.07089931 0.28765807
v -0.17727478 0.076448284 0.31018066
v -0.19613579 0.10756542 0.2756128
v -0.17727485 0.11598659 0.29719147
v -0.19613579 0.13578804 0.26285797
v -0.17727485 0.1464198 0.2834372
v -0.19613579 0.16252258 0.2472229
v -0.17727485 0.17524883 0.26657745
v -0.19613579 0.1874763 0.22887847
v -0.17727485 0.2021574 0.24679595
v -0.19613579 0.21597767 0.20203857
v -0.17727485 0.23289172 0.21785308
v -0.19613579 0.24086063 0.17181382
v -0.17727485 0.259724 0.18526107
v -0.19613579 0.257503 0.14569412
v -0.17727485 0.2776701 0.15709503
v -0.19613579 0.2713242 0.11797806
v -0.17727485 0.29257396 0.12720749
v -0.19613579 0.28217226 0.08896866
v -0.17727485 0.30427217 0.095926054
v -0.19613579 0.28992856 0.058985136
v -0.17727485 0.3126359 0.06359314
v -0.19613579 0.2954269 0.021996
v -0.17727485 0.31856486 0.023705596
v -0.19613579 0.29537585 -0.01716095
v -0.17727485 0.31850994 -0.018518372
v -0.19613579 0.29196614 -0.04794342
v -0.17727485 0.31483334 -0.051712494
v -0.19613579 0.28535753 -0.078201294
v -0.17727485 0.3077071 -0.08434051
v -0.19613579 0.27562252 -0.10760223
v -0.17727485 0.2972092 -0.11604446
v -0.19613579 0.25890383 -0.14300308
v -0.17727485 0.27918065 -0.1542189
v -0.19613579 0.23784748 -0.1760083
v -0.17727485 0.25647503 -0.18980941
v -0.19613579 0.21814929 -0.19990706
v -0.17727485 0.23523349 -0.2155809
v -0.19613579 0.19606028 -0.22161667
v -0.17727485 0.21141414 -0.23899093
v -0.19613579 0.1718236 -0.24089813
v -0.17727478 0.18527889 -0.25978255
v -0.19613579 0.14570369 -0.25754058
v -0.17727478 0.157113 -0.27772903
v -0.19613571 0.11214916 -0.2736368
v -0.17727478 0.120929375 -0.29508576
v -0.19613571 0.07496822 -0.28625092
v -0.17727478 0.08083572 -0.30868897
v -0.19613571 0.04463836 -0.29252106
v -0.17727478 0.048129838 -0.3154492
v -0.19613571 0.013819385 -0.29558533
v -0.17727478 0.014896427 -0.31875458
v -0.19613571 -0.017150996 -0.2954129
v -0.17727478 -0.01849995 -0.3185678
v -0.19613571 -0.055985186 -0.29045135
v -0.17727478 -0.06037655 -0.31321838
v -0.19613571 -0.09388191 -0.280625
v -0.17727478 -0.1012418 -0.30262205
v -0.19613571 -0.12269855 -0.2692758
v -0.17727478 -0.13231601 -0.2903833
v -0.19613571 -0.15017128 -0.2549768
v -0.17727478 -0.16194108 -0.27496397
v -0.19057678 -0.13150516 -0.22327788
v -0.19057678 -0.10744583 -0.23580047
v -0.19057678 -0.0822097 -0.24574004
v -0.19057678 -0.04902104 -0.2543454
v -0.19057678 -0.015011409 -0.25869018
v -0.19057678 0.012110897 -0.25884184
v -0.19057678 0.03910106 -0.25615752
v -0.19057678 0.065662645 -0.2506668
v -0.19057678 0.098224215 -0.23962004
v -0.19057678 0.1276102 -0.22552337
v -0.19057685 0.1504848 -0.21094817
v -0.19057685 0.17171016 -0.19406234
v -0.19057685 0.19105479 -0.17505035
v -0.19057685 0.20830593 -0.15412048
v -0.19057685 0.22674617 -0.12521607
v -0.19057685 0.24138805 -0.094213404
v -0.19057685 0.24991314 -0.06846542
v -0.19057685 0.2557008 -0.04196655
v -0.19057685 0.25868648 -0.015008697
v -0.19057685 0.25873163 0.019283447
v -0.19057685 0.25391665 0.051677093
v -0.19057685 0.2471236 0.07793549
v -0.19057685 0.23762317 0.103340454
v -0.19057685 0.22551945 0.12761307
v -0.19057685 0.21094501 0.15048766
v -0.19057685 0.18915302 0.1769574
v -0.19057685 0.16419308 0.20046295
v -0.19057685 0.14233932 0.2165277
v -0.19057685 0.118926235 0.23022063
v -0.19057685 0.0942102 0.24139068
v -0.19057685 0.062099643 0.25193968
v -0.19057685 0.029314151 0.25746092
v -0.19057685 0.002241474 0.25911498
v -0.19057685 -0.024855427 0.25793028
v -0.19057678 -0.051680263 0.25391966
v -0.19057678 -0.07793903 0.24712676
v -0.19057678 -0.10984729 0.23458129
v -0.19057678 -0.1399152 0.21810608
v -0.19057678 -0.1619471 0.20228638
v -0.19057678 -0.18220516 0.18425049
v -0.19057678 -0.20046645 0.16419616
v -0.19057678 -0.21993236 0.13682678
v -0.19057678 -0.23580396 0.107442014
v -0.19057678 -0.24574296 0.082206115
v -0.19057678 -0.2529897 0.05606903
v -0.19057678 -0.25746447 0.029317321
v -0.19057678 -0.25911862 0.002244873
v -0.19057678 -0.25704697 -0.03197876
v -0.19057678 -0.2506698 -0.065666504
v -0.19057678 -0.24243277 -0.091508485
v -0.19057678 -0.23153953 -0.11634796
v -0.19057678 -0.21810985 -0.13991241
v -0.19057678 -0.19760601 -0.16697387
v -0.19057678 -0.17505348 -0.19105804
v -0.19057678 -0.15412326 -0.20830901
v -0.19057678 -0.13150516 -0.22327788
v -0.19057678 -0.2506698 -0.065666504
v -0.1728299 -0.23787174 -0.029563293
v -0.19057678 -0.25704697 -0.03197876
v -0.1728299 -0.23196958 -0.060740966
v -0.19057678 -0.24243277 -0.091508485
v -0.1728299 -0.22434604 -0.084657595
v -0.19057678 -0.23153953 -0.11634796
v -0.1728299 -0.21426436 -0.107646175
v -0.19057678 -0.21810985 -0.13991241
v -0.1728299 -0.20183533 -0.12945525
v -0.1728299 -0.23978846 0.0021093749
v -0.19057678 -0.25911862 0.002244873
v -0.1728299 -0.23825751 0.027164612
v -0.19057678 -0.25746447 0.029317321
v -0.1728299 -0.23411588 0.05192291
v -0.19057678 -0.2529897 0.05606903
v -0.1728299 -0.2274094 0.07611237
v -0.19057678 -0.24574296 0.082206115
v -0.1728299 -0.21821064 0.09946838
v -0.19057678 -0.23580396 0.107442014
v -0.1728299 -0.2035223 0.1266629
v -0.19057678 -0.21993236 0.13682678
v -0.19057678 -0.19760601 -0.16697387
v -0.1728299 -0.18285982 -0.15449981
v -0.19057678 -0.17505348 -0.19105804
v -0.1728299 -0.1619872 -0.17679016
v -0.19057678 -0.15412326 -0.20830901
v -0.1728299 -0.14261699 -0.19275543
v -0.19057678 -0.13150516 -0.22327788
v -0.1728299 -0.12168415 -0.20660858
v -0.1728299 -0.18550682 0.15199341
v -0.19057678 -0.20046645 0.16419616
v -0.1728299 -0.1686061 0.17055358
v -0.19057678 -0.18220516 0.18425049
v -0.1728299 -0.14985771 0.18724547
v -0.19057678 -0.1619471 0.20228638
v -0.1728299 -0.1294677 0.20188598
v -0.19057678 -0.1399152 0.21810608
v -0.1728299 -0.10164009 0.21713379
v -0.19057678 -0.10984729 0.23458129
v -0.1728299 -0.072109416 0.2287445
v -0.19057678 -0.07793903 0.24712676
v -0.1728299 -0.047807276 0.23503113
v -0.19057678 -0.051680263 0.25391966
v -0.1728299 -0.022981305 0.23874298
v -0.19057685 -0.024855427 0.25793028
v -0.1728299 0.002096897 0.23983948
v -0.19057685 0.002241474 0.25911498
v -0.1728299 0.027152322 0.23830871
v -0.19057685 0.029314151 0.25746092
v -0.1728299 0.057494614 0.23319854
v -0.19057685 0.062099643 0.25193968
v -0.1728299 0.08721176 0.22343567
v -0.19057685 0.0942102 0.24139068
v -0.1728299 0.11008693 0.21309784
v -0.19057685 0.118926235 0.23022063
v -0.1728299 0.13175522 0.20042542
v -0.19057685 0.14233932 0.2165277
v -0.1728299 0.15198055 0.18555756
v -0.19057685 0.16419308 0.20046295
v -0.1728299 0.17508091 0.1638034
v -0.19057685 0.18915302 0.1769574
v -0.1728299 0.1952489 0.13930634
v -0.19057685 0.21094501 0.15048766
v -0.1728299 0.20873745 0.11813629
v -0.19057685 0.22551945 0.12761307
v -0.1728299 0.21993923 0.095672145
v -0.19057685 0.23762317 0.103340454
v -0.1728299 0.22873142 0.07216049
v -0.19057685 0.2471236 0.07793549
v -0.1728299 0.23501842 0.047858734
v -0.19057685 0.25391665 0.051677093
v -0.1728299 0.23947422 0.017878113
v -0.19057685 0.25873163 0.019283447
v -0.1728299 0.23943286 -0.013858184
v -0.19057685 0.25868648 -0.015008697
v -0.1728299 0.23666996 -0.03880768
v -0.19057685 0.2557008 -0.04196655
v -0.1728299 0.23131366 -0.06333206
v -0.19057685 0.24991314 -0.06846542
v -0.1728299 0.22342342 -0.08716125
v -0.19057685 0.24138805 -0.094213404
v -0.1728299 0.2098727 -0.11585403
v -0.19057685 0.22674617 -0.12521607
v -0.1728299 0.19280666 -0.14260437
v -0.19057685 0.20830593 -0.15412048
v -0.1728299 0.17684086 -0.16197494
v -0.19057685 0.19105479 -0.17505035
v -0.1728299 0.1589378 -0.17957
v -0.19057685 0.17171016 -0.19406234
v -0.1728299 0.1392939 -0.19519775
v -0.19057685 0.1504848 -0.21094817
v -0.1728299 0.11812336 -0.20868713
v -0.19057678 0.1276102 -0.22552337
v -0.1728299 0.09092758 -0.2217331
v -0.19057678 0.098224215 -0.23962004
v -0.1728299 0.060792267 -0.23195678
v -0.19057678 0.065662645 -0.2506668
v -0.1728299 0.03620975 -0.23703827
v -0.19057678 0.03910106 -0.25615752
v -0.1728299 0.011231037 -0.2395227
v -0.19057678 0.012110897 -0.25884184
v -0.1728299 -0.013870586 -0.23938231
v -0.19057678 -0.015011409 -0.25869018
v -0.1728299 -0.045346074 -0.23536102
v -0.19057678 -0.04902104 -0.2543454
v -0.1728299 -0.076061174 -0.22739685
v -0.19057678 -0.0822097 -0.24574004
v -0.1728299 -0.09941791 -0.21819824
v -0.19057678 -0.10744583 -0.23580047
v -0.1728299 -0.12168415 -0.20660858
v -0.19057678 -0.13150516 -0.22327788
vn -0.4098937 0.031919036 0.91157466
vn -0.4098937 0.031919036 0.91157466
vn -0.4098937 0.031919036 0.91157466
vn -0.4098937 0.031919036 0.91157466
vn -0.99950373 0.030922098 0.006004093
vn -0.99950373 0.030922098 0.006004093
vn -0.99950373 0.030922098 0.006004093
vn -0.99950373 0.030922098 0.006004093
vn -0.98920685 -0.11648589 -0.08888674
vn -0.98920685 -0.11648589 -0.08888674
vn -0.98920685 -0.11648589 -0.08888674
vn -0.98920685 -0.11648589 -0.08888674
vn -0.9623958 -0.10052509 -0.25236705
vn -0.9623958 -0.10052509 -0.25236705
vn -0.9623958 -0.10052509 -0.25236705
vn -0.96518207 -0.05313591 -0.25612524
vn -0.96518207 -0.05313591 -0.25612524
vn -0.93228495 -0.001795873 -0.36172032
vn -0.93228495 -0.001795873 -0.36172032
vn -0.93228495 -0.001795873 -0.36172032
vn -0.93228495 -0.001795873 -0.36172032
vn -0.81804293 -0.019783486 -0.57481676
vn -0.81804293 -0.019783486 -0.57481676
vn -0.81804293 -0.019783486 -0.57481676
vn -0.81804293 -0.019783486 -0.57481676
vn -0.80678046 -0.009101481 -0.5907812
vn -0.5336898 0.03723809 -0.8448601
vn -0.5336898 0.03723809 -0.8448601
vn -0.5336898 0.03723809 -0.8448601
vn -0.8625802 -0.16799895 -0.47721246
vn -0.8625802 -0.16799895 -0.47721246
vn -0.8625802 -0.16799895 -0.47721246
vn -0.6964464 -0.06289896 -0.71484685
vn -0.6964464 -0.06289896 -0.71484685
vn -0.6964464 -0.06289896 -0.71484685
vn -0.5512656 0.012258246 0.8342398
vn -0.5512656 0.012258246 0.8342398
vn -0.5512656 0.012258246 0.8342398
vn -0.5512656 0.012258246 0.8342398
vn -0.810667 -0.12775616 -0.5713996
vn -0.810667 -0.12775616 -0.5713996
vn -0.810667 -0.12775616 -0.5713996
vn -0.45462787 -0.46321362 -0.760754
vn -0.45462787 -0.46321362 -0.760754
vn -0.45462787 -0.46321362 -0.760754
vn -0.655897 -0.33181772 -0.6780089
vn -0.655897 -0.33181772 -0.6780089
vn -0.655897 -0.33181772 -0.6780089
vn -0.73684853 -0.29139015 -0.61003774
vn -0.73684853 -0.29139015 -0.61003774
vn -0.73684853 -0.29139015 -0.61003774
vn -0.73684853 -0.29139015 -0.61003774
vn -0.85142446 -0.22696008 -0.47282717
vn -0.85142446 -0.22696008 -0.47282717
vn -0.85142446 -0.22696008 -0.47282717
vn -0.93228394 -0.1672082 -0.32076174
vn -0.93228394 -0.1672082 -0.32076174
vn -0.93228394 -0.1672082 -0.32076174
vn -0.93228394 -0.1672082 -0.32076174
vn -0.9651813 -0.07251728 -0.25132897
vn -0.9651813 -0.07251728 -0.25132897
vn -0.9651813 -0.07251728 -0.25132897
vn -0.9651813 -0.07251728 -0.25132897
vn -0.9721291 0.01835226 -0.23372671
vn -0.9721291 0.01835226 -0.23372671
vn -0.9721291 0.01835226 -0.23372671
vn -0.9721291 0.01835226 -0.23372671
vn -0.9948132 0.01564278 -0.10050894
vn -0.9948132 0.01564278 -0.10050894
vn -0.9948132 0.01564278 -0.10050894
vn -0.9948132 0.01564278 -0.10050894
vn -0.9384553 -0.032833032 0.34383675
vn -0.9384553 -0.032833032 0.34383675
vn -0.9384553 -0.032833032 0.34383675
vn -0.40989715 0.39713868 0.82113653
vn -0.40989715 0.39713868 0.82113653
vn -0.40989715 0.39713868 0.82113653
vn -0.40989715 0.39713868 0.82113653
vn -0.551293 0.3784582 0.7435357
vn -0.551293 0.3784582 0.7435357
vn -0.551293 0.3784582 0.7435357
vn -0.551293 0.3784582 0.7435357
vn -0.99757034 0.015202497 0.06798748
vn -0.99757034 0.015202497 0.06798748
vn -0.99757034 0.015202497 0.06798748
vn -0.40990555 -0.85709065 0.31204668
vn -0.40990555 -0.85709065 0.31204668
vn -0.40990555 -0.85709065 0.31204668
vn -0.40990555 -0.85709065 0.31204668
vn -0.9995038 0.0038439583 0.03126282
vn -0.9995038 0.0038439583 0.03126282
vn -0.9995038 0.0038439583 0.03126282
vn -0.9995038 0.0038439583 0.03126282
vn -0.9892069 0.048540488 -0.13825147
vn -0.9892069 0.048540488 -0.13825147
vn -0.9892069 0.048540488 -0.13825147
vn -0.9892069 0.048540488 -0.13825147
vn -0.9623954 0.20895237 -0.17359115
vn -0.9623954 0.20895237 -0.17359115
vn -0.9623954 0.20895237 -0.17359115
vn -0.96518165 0.22716995 -0.129685
vn -0.96518165 0.22716995 -0.129685
vn -0.93228465 0.34346238 -0.11348545
vn -0.93228465 0.34346238 -0.11348545
vn -0.93228465 0.34346238 -0.11348545
vn -0.93228465 0.34346238 -0.11348545
vn -0.81805867 0.5405458 -0.1964439
vn -0.81805867 0.5405458 -0.1964439
vn -0.81805867 0.5405458 -0.1964439
vn -0.81805867 0.5405458 -0.1964439
vn -0.8067734 0.5590632 -0.19121967
vn -0.53368324 0.8150213 -0.2256603
vn -0.53368324 0.8150213 -0.2256603
vn -0.53368324 0.8150213 -0.2256603
vn -0.8626085 0.40185902 -0.3072719
vn -0.8626085 0.40185902 -0.3072719
vn -0.8626085 0.40185902 -0.3072719
vn -0.69616497 0.66075075 -0.2806469
vn -0.69616497 0.66075075 -0.2806469
vn -0.69616497 0.66075075 -0.2806469
vn -0.55120426 -0.78966707 0.26944348
vn -0.55120426 -0.78966707 0.26944348
vn -0.55120426 -0.78966707 0.26944348
vn -0.55120426 -0.78966707 0.26944348
vn -0.8106674 0.50395286 -0.298077
vn -0.8106674 0.50395286 -0.298077
vn -0.8106674 0.50395286 -0.298077
vn -0.45463914 0.5803786 -0.6756212
vn -0.45463914 0.5803786 -0.6756212
vn -0.45463914 0.5803786 -0.6756212
vn -0.6559052 0.5422893 -0.5250815
vn -0.6559052 0.5422893 -0.5250815
vn -0.6559052 0.5422893 -0.5250815
vn -0.73683375 0.49013123 -0.4656688
vn -0.73683375 0.49013123 -0.4656688
vn -0.73683375 0.49013123 -0.4656688
vn -0.73683375 0.49013123 -0.4656688
vn -0.85141516 0.37957126 -0.3619639
vn -0.85141516 0.37957126 -0.3619639
vn -0.85141516 0.37957126 -0.3619639
vn -0.93228394 0.25339285 -0.25814486
vn -0.93228394 0.25339285 -0.25814486
vn -0.93228394 0.25339285 -0.25814486
vn -0.93228394 0.25339285 -0.25814486
vn -0.965181 0.21662065 -0.14663267
vn -0.965181 0.21662065 -0.14663267
vn -0.965181 0.21662065 -0.14663267
vn -0.965181 0.21662065 -0.14663267
vn -0.9721289 0.22795914 -0.054771837
vn -0.9721289 0.22795914 -0.054771837
vn -0.9721289 0.22795914 -0.054771837
vn -0.9721289 0.22795914 -0.054771837
vn -0.99481285 0.10042665 -0.016184574
vn -0.99481285 0.10042665 -0.016184574
vn -0.99481285 0.10042665 -0.016184574
vn -0.99481285 0.10042665 -0.016184574
vn -0.93845075 -0.33716667 0.07502522
vn -0.93845075 -0.33716667 0.07502522
vn -0.93845075 -0.33716667 0.07502522
vn -0.40992072 -0.65821135 0.63144505
vn -0.40992072 -0.65821135 0.63144505
vn -0.40992072 -0.65821135 0.63144505
vn -0.40992072 -0.65821135 0.63144505
vn -0.55129594 -0.5902214 0.5896706
vn -0.55129594 -0.5902214 0.5896706
vn -0.55129594 -0.5902214 0.5896706
vn -0.55129594 -0.5902214 0.5896706
vn -0.9975702 -0.05996474 0.0354664
vn -0.9975702 -0.05996474 0.0354664
vn -0.9975702 -0.05996474 0.0354664
vn -0.40989983 -0.56162876 -0.7187178
vn -0.40989983 -0.56162876 -0.7187178
vn -0.40989983 -0.56162876 -0.7187178
vn -0.40989983 -0.56162876 -0.7187178
vn -0.99950373 -0.028547104 0.013317425
vn -0.99950373 -0.028547104 0.013317425
vn -0.99950373 -0.028547104 0.013317425
vn -0.99950373 -0.028547104 0.013317425
vn -0.98920673 0.14648618 0.0034415924
vn -0.98920673 0.14648618 0.0034415924
vn -0.98920673 0.14648618 0.0034415924
vn -0.98920673 0.14648618 0.0034415924
vn -0.96239865 0.2296575 0.14507362
vn -0.96239865 0.2296575 0.14507362
vn -0.96239865 0.2296575 0.14507362
vn -0.96518177 0.19353825 0.17597458
vn -0.96518177 0.19353825 0.17597458
vn -0.93228424 0.2140679 0.2915835
vn -0.93228424 0.2140679 0.2915835
vn -0.93228424 0.2140679 0.2915835
vn -0.93228424 0.2140679 0.2915835
vn -0.81805706 0.35386285 0.4533914
vn -0.81805706 0.35386285 0.4533914
vn -0.81805706 0.35386285 0.4533914
vn -0.81805706 0.35386285 0.4533914
vn -0.80677426 0.35462913 0.47260293
vn -0.5337089 0.46648282 0.7053712
vn -0.5337089 0.46648282 0.7053712
vn -0.5337089 0.46648282 0.7053712
vn -0.86258185 0.41639546 0.28734556
vn -0.86258185 0.41639546 0.28734556
vn -0.86258185 0.41639546 0.28734556
vn -0.69651407 0.47109386 0.5412381
vn -0.69651407 0.47109386 0.5412381
vn -0.69651407 0.47109386 0.5412381
vn -0.55134577 -0.50025064 -0.667658
vn -0.55134577 -0.50025064 -0.667658
vn -0.55134577 -0.50025064 -0.667658
vn -0.55134577 -0.50025064 -0.667658
vn -0.81065995 0.43922186 0.3871881
vn -0.81065995 0.43922186 0.3871881
vn -0.81065995 0.43922186 0.3871881
vn -0.4545898 0.82192713 0.34319666
vn -0.4545898 0.82192713 0.34319666
vn -0.4545898 0.82192713 0.34319666
vn -0.6558965 0.6669621 0.35349867
vn -0.6558965 0.6669621 0.35349867
vn -0.6558965 0.6669621 0.35349867
vn -0.73687327 0.5942886 0.32224038
vn -0.73687327 0.5942886 0.32224038
vn -0.73687327 0.5942886 0.32224038
vn -0.73687327 0.5942886 0.32224038
vn -0.8514169 0.4615453 0.24912895
vn -0.8514169 0.4615453 0.24912895
vn -0.8514169 0.4615453 0.24912895
vn -0.9322828 0.32381478 0.16122259
vn -0.9322828 0.32381478 0.16122259
vn -0.9322828 0.32381478 0.16122259
vn -0.9322828 0.32381478 0.16122259
vn -0.96518147 0.20639445 0.16070504
vn -0.96518147 0.20639445 0.16070504
vn -0.96518147 0.20639445 0.16070504
vn -0.96518147 0.20639445 0.16070504
vn -0.9721298 0.122529164 0.19987549
vn -0.9721298 0.122529164 0.19987549
vn -0.9721298 0.122529164 0.19987549
vn -0.9721298 0.122529164 0.19987549
vn -0.9948131 0.046426553 0.09050686
vn -0.9948131 0.046426553 0.09050686
vn -0.9948131 0.046426553 0.09050686
vn -0.9948131 0.046426553 0.09050686
vn -0.93845236 -0.17554821 -0.2974726
vn -0.93845236 -0.17554821 -0.2974726
vn -0.93845236 -0.17554821 -0.2974726
vn -0.4099041 -0.8039375 -0.4308865
vn -0.4099041 -0.8039375 -0.4308865
vn -0.4099041 -0.8039375 -0.4308865
vn -0.4099041 -0.8039375 -0.4308865
vn -0.5512825 -0.7432331 -0.37906748
vn -0.5512825 -0.7432331 -0.37906748
vn -0.5512825 -0.7432331 -0.37906748
vn -0.5512825 -0.7432331 -0.37906748
vn -0.9975703 -0.0522621 -0.046067994
vn -0.9975703 -0.0522621 -0.046067994
vn -0.9975703 -0.0522621 -0.046067994
vn -0.4098977 0.509978 -0.75624484
vn -0.4098977 0.509978 -0.75624484
vn -0.4098977 0.509978 -0.75624484
vn -0.4098977 0.509978 -0.75624484
vn -0.99950385 -0.021483222 -0.023032345
vn -0.99950385 -0.021483222 -0.023032345
vn -0.99950385 -0.021483222 -0.023032345
vn -0.99950385 -0.021483222 -0.023032345
vn -0.9892067 0.04199561 0.14037968
vn -0.9892067 0.04199561 0.14037968
vn -0.9892067 0.04199561 0.14037968
vn -0.9892067 0.04199561 0.14037968
vn -0.96239704 -0.067013666 0.2632511
vn -0.96239704 -0.067013666 0.2632511
vn -0.96239704 -0.067013666 0.2632511
vn -0.9651817 -0.10755628 0.23844485
vn -0.9651817 -0.10755628 0.23844485
vn -0.9322849 -0.2111568 0.29369655
vn -0.9322849 -0.2111568 0.29369655
vn -0.9322849 -0.2111568 0.29369655
vn -0.9322849 -0.2111568 0.29369655
vn -0.8180532 -0.32185528 0.47665304
vn -0.8180532 -0.32185528 0.47665304
vn -0.8180532 -0.32185528 0.47665304
vn -0.8180532 -0.32185528 0.47665304
vn -0.8067675 -0.339893 0.48332065
vn -0.53371096 -0.5267113 0.66161007
vn -0.53371096 -0.5267113 0.66161007
vn -0.53371096 -0.5267113 0.66161007
vn -0.86259884 -0.14453737 0.48480123
vn -0.86259884 -0.14453737 0.48480123
vn -0.86259884 -0.14453737 0.48480123
vn -0.6963239 -0.36933738 0.6154047
vn -0.6963239 -0.36933738 0.6154047
vn -0.6963239 -0.36933738 0.6154047
vn -0.55121315 0.48045802 -0.6821468
vn -0.55121315 0.48045802 -0.6821468
vn -0.55121315 0.48045802 -0.6821468
vn -0.55121315 0.48045802 -0.6821468
vn -0.8106643 -0.2325033 0.53736913
vn -0.8106643 -0.2325033 0.53736913
vn -0.8106643 -0.2325033 0.53736913
vn -0.4546188 -0.07241533 0.88773745
vn -0.4546188 -0.07241533 0.88773745
vn -0.4546188 -0.07241533 0.88773745
vn -0.6559078 -0.13009004 0.74354655
vn -0.6559078 -0.13009004 0.74354655
vn -0.6559078 -0.13009004 0.74354655
vn -0.73683417 -0.12281791 0.6648241
vn -0.73683417 -0.12281791 0.6648241
vn -0.73683417 -0.12281791 0.6648241
vn -0.73683417 -0.12281791 0.6648241
vn -0.85144114 -0.09430192 0.51590216
vn -0.85144114 -0.09430192 0.51590216
vn -0.85144114 -0.09430192 0.51590216
vn -0.9322845 -0.05326998 0.35778213
vn -0.9322845 -0.05326998 0.35778213
vn -0.9322845 -0.05326998 0.35778213
vn -0.9322845 -0.05326998 0.35778213
vn -0.96518075 -0.08906193 0.24595529
vn -0.96518075 -0.08906193 0.24595529
vn -0.96518075 -0.08906193 0.24595529
vn -0.96518075 -0.08906193 0.24595529
vn -0.97212917 -0.15222938 0.17830049
vn -0.97212917 -0.15222938 0.17830049
vn -0.97212917 -0.15222938 0.17830049
vn -0.97212917 -0.15222938 0.17830049
vn -0.99481314 -0.07173239 0.07212041
vn -0.99481314 -0.07173239 0.07212041
vn -0.99481314 -0.07173239 0.07212041
vn -0.99481314 -0.07173239 0.07212041
vn -0.93845177 0.22867548 -0.2588741
vn -0.93845177 0.22867548 -0.2588741
vn -0.93845177 0.22867548 -0.2588741
vn -0.4099003 0.1613619 -0.8977439
vn -0.4099003 0.1613619 -0.8977439
vn -0.4099003 0.1613619 -0.8977439
vn -0.4099003 0.1613619 -0.8977439
vn -0.55129766 0.13087672 -0.8239795
vn -0.55129766 0.13087672 -0.8239795
vn -0.55129766 0.13087672 -0.8239795
vn -0.55129766 0.13087672 -0.8239795
vn -0.99757034 0.027665328 -0.0639377
vn -0.99757034 0.027665328 -0.0639377
vn -0.99757034 0.027665328 -0.0639377
vn -0.4099001 0.8768194 0.2513359
vn -0.4099001 0.8768194 0.2513359
vn -0.4099001 0.8768194 0.2513359
vn -0.4099001 0.8768194 0.2513359
vn -0.9995038 0.015264915 -0.027552295
vn -0.9995038 0.015264915 -0.027552295
vn -0.9995038 0.015264915 -0.027552295
vn -0.9995038 0.015264915 -0.027552295
vn -0.98920697 -0.1205311 0.08331708
vn -0.98920697 -0.1205311 0.08331708
vn -0.98920697 -0.1205311 0.08331708
vn -0.98920697 -0.1205311 0.08331708
vn -0.96239406 -0.27108505 0.017624112
vn -0.96239406 -0.27108505 0.017624112
vn -0.96239406 -0.27108505 0.017624112
vn -0.9651822 -0.26000947 -0.02860915
vn -0.9651822 -0.26000947 -0.02860915
vn -0.93228406 -0.34457305 -0.110071875
vn -0.93228406 -0.34457305 -0.110071875
vn -0.93228406 -0.34457305 -0.110071875
vn -0.93228406 -0.34457305 -0.110071875
vn -0.8180529 -0.55278337 -0.15880793
vn -0.8180529 -0.55278337 -0.15880793
vn -0.8180529 -0.55278337 -0.15880793
vn -0.8180529 -0.55278337 -0.15880793
vn -0.8067746 -0.5646874 -0.17390503
vn -0.5336993 -0.7920016 -0.29647702
vn -0.5336993 -0.7920016 -0.29647702
vn -0.5336993 -0.7920016 -0.29647702
vn -0.86260396 -0.50572944 0.012330912
vn -0.86260396 -0.50572944 0.012330912
vn -0.86260396 -0.50572944 0.012330912
vn -0.6962099 -0.69951844 -0.16113907
vn -0.6962099 -0.69951844 -0.16113907
vn -0.6962099 -0.69951844 -0.16113907
vn -0.55127907 0.79719 0.24612898
vn -0.55127907 0.79719 0.24612898
vn -0.55127907 0.79719 0.24612898
vn -0.55127907 0.79719 0.24612898
vn -0.8106668 -0.5829124 -0.055068564
vn -0.8106668 -0.5829124 -0.055068564
vn -0.8106668 -0.5829124 -0.055068564
vn -0.45460686 -0.86667395 0.20544793
vn -0.45460686 -0.86667395 0.20544793
vn -0.45460686 -0.86667395 0.20544793
vn -0.65589213 -0.7473678 0.10605162
vn -0.65589213 -0.7473678 0.10605162
vn -0.65589213 -0.7473678 0.10605162
vn -0.73686385 -0.6702064 0.08862808
vn -0.73686385 -0.6702064 0.08862808
vn -0.73686385 -0.6702064 0.08862808
vn -0.73686385 -0.6702064 0.08862808
vn -0.85140914 -0.5198465 0.06972833
vn -0.85140914 -0.5198465 0.06972833
vn -0.85140914 -0.5198465 0.06972833
vn -0.932285 -0.35672987 0.05990443
vn -0.932285 -0.35672987 0.05990443
vn -0.932285 -0.35672987 0.05990443
vn -0.932285 -0.35672987 0.05990443
vn -0.96518123 -0.2614375 -0.008695296
vn -0.96518123 -0.2614375 -0.008695296
vn -0.96518123 -0.2614375 -0.008695296
vn -0.96518123 -0.2614375 -0.008695296
vn -0.97212875 -0.21661793 -0.08967976
vn -0.97212875 -0.21661793 -0.08967976
vn -0.97212875 -0.21661793 -0.08967976
vn -0.97212875 -0.21661793 -0.08967976
vn -0.99481314 -0.09075737 -0.045934092
vn -0.99481314 -0.09075737 -0.045934092
vn -0.99481314 -0.09075737 -0.045934092
vn -0.99481314 -0.09075737 -0.045934092
vn -0.9384546 0.31686357 0.13747895
vn -0.9384546 0.31686357 0.13747895
vn -0.9384546 0.31686357 0.13747895
vn -0.4099118 0.90366334 -0.12395522
vn -0.4099118 0.90366334 -0.12395522
vn -0.4099118 0.90366334 -0.12395522
vn -0.4099118 0.90366334 -0.12395522
vn -0.55126137 0.82411903 -0.13014883
vn -0.55126137 0.82411903 -0.13014883
vn -0.55126137 0.82411903 -0.13014883
vn -0.55126137 0.82411903 -0.13014883
vn -0.9975703 0.069358364 0.0065523502
vn -0.9975703 0.069358364 0.0065523502
vn -0.9975703 0.069358364 0.0065523502
vn 0.98499197 -0.057155885 -0.16286203
vn 0.9237467 0.3559887 0.14129403
vn 0.93224174 0.29785562 0.20544411
vn 0.9731874 0.15231207 -0.17235808
vn 0.9070129 0.4130303 0.0820584
vn 0.97051007 0.23899888 0.03145992
vn 0.898738 0.43736836 0.031287182
vn 0.96810293 0.24991423 0.017877374
vn 0.97596437 -0.10603432 0.19039516
vn 0.9857415 -0.16783811 -0.012002928
vn 0.93678415 0.014480995 0.349608
vn 0.8903732 0.18056059 0.41789168
vn 0.9242378 0.21913299 -0.31267434
vn 0.86136043 0.3505221 0.3676852
vn 0.9382017 0.16292712 -0.30533972
vn 0.8735385 0.4526807 0.1789151
vn 0.95093757 0.16469234 -0.26190493
vn 0.91143835 0.029947761 0.41034535
vn 0.7481858 0.073071666 0.6594532
vn 0.9416034 0.2519946 -0.22334206
vn 0.88725567 0.02941346 0.4603392
vn 0.9270011 0.2976752 -0.22816311
vn 0.9084836 -0.09695943 0.40651736
vn 0.9293995 0.25147545 -0.27014187
vn 0.91651356 -0.1706765 0.36176285
vn 0.94060916 0.17431937 -0.29131982
vn 0.82655877 -0.54463047 0.14205009
vn 0.9028922 -0.271712 -0.33310407
vn 0.43334207 -0.36739644 0.8229426
vn 0.4200136 -0.23627277 0.8762213
vn 0.45586902 -0.4062702 0.7919141
vn 0.49343362 -0.7209737 0.48653892
vn 0.6253412 0.25544056 -0.73735917
vn 0.5510226 0.39292642 -0.7361949
vn 0.5839557 0.2405652 -0.7753219
vn 0.6260002 0.17995165 -0.75877607
vn 0.64909273 0.137025 -0.74826646
vn 0.65061605 0.1753597 -0.7388827
vn 0.5794016 0.16340458 -0.798494
vn 0.48705667 0.34919125 -0.8005256
vn 0.4877219 0.44078022 -0.7535517
vn 0.23544005 0.40958878 -0.8813654
vn 0.51684755 0.41634223 -0.7480158
vn 0.2634545 0.51821285 -0.81366277
vn 0.68604094 -0.08737361 -0.7222975
vn 0.8030101 0.2012045 -0.56097364
vn 0.10947017 0.36802918 -0.9233476
vn 0.12647474 0.58140373 -0.803725
vn 0.6406656 0.67297745 -0.3696606
vn 0.64880013 -0.035845924 -0.76011413
vn 0.7672195 0.026927307 -0.64081913
vn 0.868136 -0.2653931 -0.4194119
vn 0.72693795 -0.38665226 -0.5675043
vn 0.9984081 0.035431977 -0.043884713
vn 0.96530604 0.13070422 -0.22605453
vn 0.8576857 -0.31716692 -0.40469795
vn 0.8408501 -0.10762115 -0.53046083
vn 0.79377186 0.030518165 -0.60744953
vn 0.88397205 0.18674152 -0.42862684
vn 0.8168797 0.19954906 -0.5411911
vn 0.729844 0.13019858 -0.6711007
vn 0.7539633 0.2357474 -0.61315775
vn 0.68409145 0.21076924 -0.6982802
vn 0.60530734 0.2892692 -0.7415702
vn 0.67105585 0.29849514 -0.67866397
vn 0.47765514 0.35350603 -0.80428797
vn 0.21384515 0.33811155 -0.91648835
vn 0.12963569 0.2262573 -0.9654026
vn 0.34725168 0.26049155 -0.9008665
vn 0.15000083 0.11959537 -0.9814258
vn 0.39331752 0.16180828 -0.9050522
vn 0.12319819 -0.013745018 -0.9922869
vn 0.38655394 0.029275268 -0.92180204
vn 0.11341204 -0.21020591 -0.97105676
vn 0.3858992 -0.16273707 -0.908074
vn 0.36426795 -0.37393805 -0.85292387
vn 0.36426795 -0.37393805 -0.85292387
vn 0.15683842 -0.41754478 -0.89501846
vn 0.36426795 -0.37393805 -0.85292387
vn 0.17653675 -0.69563204 -0.69636977
vn 0.3297277 -0.6484979 -0.6860978
vn 0.36426795 -0.37393805 -0.85292387
vn 0.8551398 -0.47141558 -0.21564613
vn 0.9985858 -0.038186397 0.036987387
vn 0.9606332 -0.21873276 0.17128865
vn 0.8243865 -0.5649977 0.034125563
vn 0.7756117 -0.60797954 0.16966842
vn 0.8743901 -0.4061836 0.2654369
vn 0.8168904 -0.49922055 0.2889098
vn 0.72975916 -0.63917667 0.24270292
vn 0.75404274 -0.56388956 0.33682045
vn 0.6839538 -0.6522596 0.32674858
vn 0.6051817 -0.68148756 0.41149694
vn 0.6711394 -0.6177427 0.4098362
vn 0.47741973 -0.7322978 0.48560312
vn 0.4871522 -0.72919 0.4805878
vn 0.23528376 -0.7985632 0.5540201
vn 0.48772642 -0.6673732 0.562793
vn 0.55099684 -0.6584498 0.51268536
vn 0.58401793 -0.7229053 0.36923033
vn 0.6253098 -0.6830404 0.377417
vn 0.62597287 -0.71700513 0.30669457
vn 0.64913166 -0.7139251 0.26256248
vn 0.6505716 -0.69820607 0.29877236
vn 0.5794202 -0.7589243 0.29716337
vn 0.5168333 -0.6660802 0.5377923
vn 0.26346594 -0.7133891 0.6493548
vn 0.6860542 -0.72660536 0.037069697
vn 0.80303 -0.5184314 0.29389066
vn 0.10944712 -0.8469707 0.5202518
vn 0.12648305 -0.6928248 0.7099267
vn 0.6407074 -0.24942493 0.72614133
vn 0.6668074 -0.74204713 0.06880343
vn 0.778942 -0.61683536 0.11297553
vn 0.8687429 -0.45485994 -0.19592892
vn 0.7323327 -0.6180894 -0.28575206
vn 0.97507286 -0.13804458 0.17371432
vn 0.92425555 -0.27067503 0.26923367
vn 0.89034635 0.4426148 0.106656395
vn 0.9367629 0.347012 -0.045364104
vn 0.9705119 0.07175134 0.23012671
vn 0.97596616 0.16952401 -0.13693674
vn 0.9681046 0.060216676 0.2432024
vn 0.8984734 0.10552194 0.42615816
vn 0.9705111 0.043928187 0.23702006
vn 0.9067627 0.049640186 0.4187089
vn 0.9759673 -0.21383663 -0.04197261
vn 0.9857454 -0.040437482 -0.16331205
vn 0.9367901 -0.32799917 0.12182266
vn 0.9731966 0.21093404 0.09162475
vn 0.8904172 -0.34154776 0.3008362
vn 0.92425984 0.36502418 0.11180801
vn 0.8614011 -0.24130233 0.4469468
vn 0.93822116 0.34069932 0.06053939
vn 0.9509498 0.29995665 0.07563403
vn 0.87350315 -0.030268386 0.4858766
vn 0.9114269 -0.38104317 0.15526469
vn 0.748153 -0.60463804 0.2732762
vn 0.9415978 0.2903065 0.17063338
vn 0.88730097 -0.4286142 0.1702554
vn 0.9270169 0.30894938 0.21257922
vn 0.90852875 -0.41648206 0.033439904
vn 0.92943424 0.33454394 0.15566747
vn 0.916517 -0.39678866 -0.050549943
vn 0.940627 0.33087936 0.07576145
vn 0.8264911 -0.30346426 -0.47415382
vn 0.9029254 0.23279037 -0.36129552
vn 0.43341887 -0.89616185 -0.095089756
vn 0.4200869 -0.90631264 0.04609109
vn 0.4558935 -0.87868524 -0.14168067
vn 0.49334243 -0.68557584 -0.5353494
vn 0.85940826 0.13091747 0.49424493
vn 0.9236486 -0.3114985 -0.22325327
vn 0.9178893 -0.09540408 -0.38519782
vn 0.90176624 0.10381019 0.4195725
vn 0.36583748 -0.23685005 0.9000361
vn 0.339849 -0.6244786 0.70322764
vn 0.35144085 -0.86982924 0.34624612
vn 0.42929298 -0.5870899 0.68631846
vn 0.6493575 -0.14286703 0.746943
vn 0.36583748 -0.23685005 0.9000361
vn 0.69819146 -0.62428284 0.35042784
vn 0.4140463 -0.90424764 -0.10441156
vn 0.69819146 -0.62428284 0.35042784
vn 0.46408615 -0.88054794 -0.09622588
vn 0.4911811 -0.6706239 -0.5558819
vn 0.7759655 -0.51671255 -0.36178112
vn 0.79513884 -0.1457775 -0.5886452
vn 0.5027621 -0.207785 -0.8390803
vn 0.49116853 0.333701 -0.8046099
vn 0.49116853 0.333701 -0.8046099
vn 0.79513884 -0.1457775 -0.5886452
vn 0.7759711 0.28817168 -0.56109357
vn 0.4640995 0.7338879 -0.49600428
vn 0.97702295 0.051230114 0.20688543
vn 0.79513884 -0.1457775 -0.5886452
vn 0.7759655 -0.51671255 -0.36178112
vn 0.46408615 -0.88054794 -0.09622588
vn 0.69819146 -0.62428284 0.35042784
vn 0.6493575 -0.14286703 0.746943
vn 0.630582 0.18655078 0.75336915
vn 0.649363 0.4749281 0.5939454
vn 0.42928964 0.8395249 0.33302897
vn 0.69819957 0.7156608 0.018627696
vn 0.43533826 0.2163579 0.87388206
vn 0.6493575 -0.14286703 0.746943
vn 0.36583748 -0.23685005 0.9000361
vn 0.3657798 0.6295329 0.68548787
vn 0.33971652 0.88053346 0.33053532
vn 0.35128224 0.9309471 -0.0996908
vn 0.41396296 0.7510604 -0.5143373
vn 0.49116853 0.333701 -0.8046099
vn 0.8613384 0.42209503 0.28272247
vn 0.9382342 -0.273017 0.21255192
vn 0.9509637 -0.22993189 0.20688035
vn 0.91144097 0.40943712 -0.040455412
vn 0.7481461 0.66229916 -0.04046233
vn 0.9416033 -0.17711498 0.28638014
vn 0.88725644 0.4586136 -0.0494924
vn 0.9269981 -0.17410138 0.33220965
vn 0.9084503 0.38410604 -0.16486536
vn 0.9294002 -0.22332151 0.29384133
vn 0.9164877 0.32741678 -0.2298881
vn 0.9406066 -0.25733277 0.22144751
vn 0.826619 0.04705319 -0.56079143
vn 0.90292543 -0.37449625 -0.21089862
vn 0.43319488 0.74831265 -0.5023649
vn 0.41993642 0.8231341 -0.38223502
vn 0.4557507 0.711105 -0.53537
vn 0.49345794 0.35645056 -0.793374
vn 0.72778964 0.3806299 -0.5704761
vn 0.5325599 0.6765702 -0.50855947
vn 0.5318524 0.7115166 -0.4592137
vn 0.44399196 0.81250066 -0.37777483
vn 0.41927248 0.86247987 -0.28344136
vn 0.2113233 0.94598484 -0.24587615
vn 0.28599274 0.84330434 -0.455023
vn 0.1144726 0.9585499 -0.26091784
vn 0.13266899 0.8676081 -0.47922355
vn 0.342921 0.3379004 -0.8764864
vn 0.12742953 0.9270842 -0.35252887
vn 0.19590908 0.91389704 -0.35554454
vn 0.15542533 0.8774444 -0.45379978
vn 0.26948225 0.85218704 -0.44850472
vn 0.11686436 0.81125355 -0.5728965
vn 0.36217895 0.7702202 -0.52496403
vn 0.5679868 0.7223275 -0.3945049
vn 0.44362727 0.8320054 -0.3331095
vn 0.6690514 0.6107115 -0.4235584
vn 0.6183896 0.7432893 -0.25517693
vn 0.7633942 0.5147715 -0.39017892
vn 0.9236657 0.17130992 -0.34277487
vn 0.8594069 0.11474515 0.49825028
vn 0.8734748 0.25356132 0.4156302
vn 0.33909085 -0.22615556 -0.9131654
vn 0.34288192 -0.7078831 -0.617522
vn 0.17759994 -0.236592 -0.95523953
vn 0.16781147 -0.7496107 -0.64025235
vn 0.13266768 -0.99097866 -0.018988544
vn 0.28592935 -0.958209 -0.008944014
vn 0.11448211 -0.9695405 0.21652973
vn 0.21125457 -0.95142335 0.22397579
vn 0.1274541 -0.98445606 0.12083749
vn 0.1957752 -0.9742307 0.112011544
vn 0.44347125 -0.8913845 0.093632
vn 0.2694035 -0.9630269 0.001009038
vn 0.5679012 -0.8230116 -0.011837787
vn 0.3621501 -0.9262024 -0.104864016
vn 0.66901964 -0.73782283 -0.08961143
vn 0.618431 -0.7764357 0.12120556
vn 0.76342535 -0.6373277 -0.104858205
vn 0.384945 -0.9105047 0.150992
vn 0.15545829 -0.9878092 0.00810636
vn 0.11687587 -0.98484766 -0.12812145
vn 0.64167506 -0.7618322 0.0886835
vn 0.77035105 -0.6375437 -0.009864947
vn 0.7941882 -0.6011825 -0.08857013
vn 0.8319574 -0.54860556 -0.0829393
vn 0.41945103 -0.89499277 0.15181802
vn 0.44407102 -0.89485914 0.04503458
vn 0.5317964 -0.8436217 -0.0741281
vn 0.5325655 -0.83570194 -0.13407548
vn 0.7277832 -0.602878 -0.32690936
vn 0.44407102 -0.89485914 0.04503458
vn 0.44407102 -0.89485914 0.04503458
vn 0.8521152 -0.52209735 -0.036248393
vn 0.5325655 -0.83570194 -0.13407548
vn 0.51332057 -0.18290542 -0.83847934
vn 0.72770876 -0.17782559 -0.66243345
vn 0.61857027 0.1821579 -0.76432276
vn 0.6860757 0.65991914 -0.306279
vn 0.5168745 0.84004563 0.16481538
vn 0.26346752 0.9339717 0.24141614
vn 0.23554474 0.96476704 0.11723145
vn 0.4877911 0.85284173 0.1863353
vn 0.48704857 0.86925274 0.084754325
vn 0.55105174 0.82156557 0.14619154
vn 0.58397406 0.8117005 -0.010793572
vn 0.6253256 0.7802183 0.015076829
vn 0.6259107 0.77731526 -0.06337766
vn 0.6490935 0.7539787 -0.10096399
vn 0.6504681 0.7570306 -0.061610717
vn 0.57939416 0.80991274 -0.09134434
vn 0.8030257 0.59567297 0.01798255
vn 0.10950867 0.9918809 0.06465372
vn 0.12651947 0.94404465 0.30458593
vn 0.6406967 0.5594899 0.5258125
vn 0.6488124 0.7118256 -0.26897344
vn 0.76713336 0.617873 -0.17245099
vn 0.8681217 0.31692493 -0.38199908
vn 0.7269232 0.4202576 -0.5431079
vn 0.9849958 0.1372156 -0.10466707
vn 0.92350763 -0.02444363 0.38280052
vn 0.93198204 -0.103544824 0.34740174
vn 0.965295 0.25542167 0.05445499
vn 0.88392377 0.4654496 0.04511648
vn 0.7937778 0.5871411 -0.15868862
vn 0.81683487 0.5764322 0.022510786
vn 0.7297719 0.67856276 -0.08357965
vn 0.75398326 0.65597475 0.03473347
vn 0.6839644 0.72935325 -0.015379389
vn 0.6053137 0.79466045 0.045935635
vn 0.67105794 0.7376842 0.07418448
vn 0.4778454 0.8740489 0.08776293
vn 0.840851 0.47123542 -0.26628336
vn 0.8576788 0.28689483 -0.4267066
vn 0.9984064 0.05270269 0.02017643
vn 0.21411255 0.97605294 0.03842524
vn 0.12965694 0.988068 -0.08313065
vn 0.3472698 0.93726426 -0.030648293
vn 0.15002942 0.97034574 -0.18952653
vn 0.39316046 0.91081864 -0.1258342
vn 0.1232028 0.93947107 -0.319711
vn 0.386448 0.88577205 -0.25703266
vn 0.113396466 0.85857844 -0.49998426
vn 0.3858928 0.81334406 -0.4353828
vn 0.36425987 0.6956231 -0.6192117
vn 0.15682079 0.7221866 -0.6736866
vn 0.17652676 0.44733092 -0.87677443
vn 0.32971078 0.4521338 -0.82877374
vn 0.17652676 0.44733092 -0.87677443
vn 0.31786692 0.14339182 -0.93722963
vn 0.85514206 0.059412856 -0.5149778
vn 0.99858576 -0.04697548 -0.024895515
vn 0.96061814 -0.230519 -0.15515746
vn 0.8244146 -0.20702852 -0.5267635
vn 0.7756752 -0.3492252 -0.52570885
vn 0.87435687 -0.377987 -0.3043452
vn 0.81687397 -0.42903244 -0.3855491
vn 0.72987676 -0.42831412 -0.5327541
vn 0.75406486 -0.4945549 -0.43220553
vn 0.6840317 -0.5122962 -0.51928145
vn 0.6052001 -0.6019434 -0.5209577
vn 0.67120993 -0.58057165 -0.46088374
vn 0.47787145 -0.6878491 -0.5463538
vn 0.48720768 -0.6823217 -0.5450373
vn 0.23564596 -0.773429 -0.5884545
vn 0.4877797 -0.74146336 -0.46076357
vn 0.5510542 -0.69105715 -0.46773863
vn 0.58406043 -0.57451683 -0.5734142
vn 0.6253433 -0.57001466 -0.5329438
vn 0.6259654 -0.51324016 -0.5871557
vn 0.6491172 -0.47029638 -0.5978864
vn 0.6505252 -0.49991906 -0.5717499
vn 0.57937145 -0.51714647 -0.62999076
vn 0.5168532 -0.71728265 -0.46729907
vn 0.26347414 -0.8380247 -0.4778033
vn 0.68606526 -0.25981668 -0.67956597
vn 0.80300796 -0.43973097 -0.40226224
vn 0.10954672 -0.7562539 -0.6450423
vn 0.12651879 -0.889274 -0.43952775
vn 0.64069957 -0.76768416 -0.0128494045
vn 0.66679955 -0.2947535 -0.68446964
vn 0.77890205 -0.29808775 -0.5517746
vn 0.8687339 0.04578091 -0.49315876
vn 0.73231685 0.08077147 -0.6761568
vn 0.97507197 -0.2078707 -0.07761752
vn 0.92423666 -0.33972004 -0.17428963
vn 0.8904339 0.035256222 0.45374495
vn 0.9367991 0.15030445 0.31593677
vn 0.97051287 -0.19668423 0.13935617
vn 0.975969 0.18259774 0.11892234
vn 0.9681053 -0.21268472 0.13242844
vn 0.89829475 -0.37300065 0.23224363
vn 0.9705117 -0.21184488 0.11501633
vn 0.9066127 -0.3831726 0.17672645
vn 0.9759459 -0.026085757 -0.21644664
vn 0.9857364 0.14286423 -0.08895785
vn 0.936743 -0.21722387 -0.2744562
vn 0.97320247 -0.021970931 0.22889802
vn 0.8903824 -0.39168122 -0.23195912
vn 0.9242849 0.0064164824 0.38164935
vn 0.8613896 -0.4996547 -0.09139537
vn 0.93827426 0.047562923 0.34260643
vn 0.8735033 -0.47145486 0.12133563
vn 0.9114476 -0.26541212 -0.314356
vn 0.9510076 0.020589346 0.3084811
vn 0.74826825 -0.4467034 -0.49045974
vn 0.9416311 -0.07264825 0.32871443
vn 0.887336 -0.29434982 -0.35495478
vn 0.92702425 -0.10671962 0.35949543
vn 0.90851724 -0.16051285 -0.38578758
vn 0.92942816 -0.044667676 0.3662897
vn 0.91652054 -0.07454495 -0.3929797
vn 0.9406209 0.030197991 0.33811307
vn 0.826619 0.35704458 -0.43499446
vn 0.90297514 0.4154635 0.109663025
vn 0.43338275 -0.18650252 -0.8817007
vn 0.42014456 -0.3239031 -0.84768236
vn 0.45584363 -0.1367939 -0.87948513
vn 0.4934658 0.29726335 -0.8173897
vn 0.6253706 0.22674283 0.7466587
vn 0.6492307 0.32890496 0.68579954
vn 0.62587845 0.3004708 0.71971756
vn 0.65046704 0.29251757 0.7009465
vn 0.57945853 0.33711052 0.7420137
vn 0.5839497 0.26111966 0.7686477
vn 0.55106086 0.1148405 0.82652503
vn 0.48713627 0.18801162 0.8528481
vn 0.48780382 0.086319335 0.8686751
vn 0.2352811 0.18660413 0.95384574
vn 0.5168976 0.10283492 0.8498481
vn 0.26346695 0.059017107 0.9628615
vn 0.6861715 0.49522534 0.532842
vn 0.8030189 0.16699527 0.57207793
vn 0.10940134 0.24480604 0.96338016
vn 0.12647514 0.0020483523 0.9919676
vn 0.6406642 -0.3271527 0.6946369
vn 0.64885587 0.47574785 0.59384334
vn 0.7671364 0.35495916 0.5343273
vn 0.8681141 0.4612603 0.18334915
vn 0.7269374 0.6463897 0.2318241
vn 0.984999 0.14193739 0.098136924
vn 0.9233966 -0.37187618 0.09511524
vn 0.93193674 -0.36251184 0.008895443
vn 0.99840677 -0.0028793248 0.05635266
vn 0.96529484 0.027173052 0.2597451
vn 0.8576596 0.49451384 0.14098229
vn 0.84083474 0.3988844 0.36590746
vn 0.7937303 0.33242804 0.5093955
vn 0.8839188 0.10091245 0.45662263
vn 0.8168474 0.15667056 0.5551709
vn 0.72979057 0.28919023 0.61949563
vn 0.7540116 0.16964963 0.6345751
vn 0.684022 0.23995663 0.68886477
vn 0.6052064 0.20191258 0.77003676
vn 0.67114764 0.15737976 0.7244257
vn 0.4774144 0.18681346 0.8585897
vn 0.21346158 0.26506987 0.9403043
vn 0.12964004 0.3844076 0.9140155
vn 0.34711993 0.3188262 0.88196236
vn 0.1500131 0.48010638 0.8642881
vn 0.39322278 0.40109378 0.82734495
vn 0.12320737 0.59437805 0.79469156
vn 0.38647074 0.51818967 0.7629678
vn 0.11341618 0.7408345 0.66204304
vn 0.38582703 0.6654582 0.6389858
vn 0.3642392 0.80386776 0.47024077
vn 0.15683462 0.8638794 0.4786599
vn 0.17653593 0.97209114 0.1545117
vn 0.3296774 0.92794067 0.17389357
vn 0.31778467 0.9356966 -0.15324734
vn 0.15209985 0.9720155 -0.17902927
vn 0.34490544 0.83235586 -0.43384787
vn 0.120188825 0.89065206 -0.43851283
vn 0.098789364 0.8010005 -0.5904565
vn 0.37396938 0.72117984 -0.5831351
vn 0.38654566 0.62147045 -0.6814374
vn 0.1231842 0.70144117 -0.70200133
vn 0.39330983 0.51474386 -0.7618046
vn 0.15001754 0.59823996 -0.78714913
vn 0.34713516 0.44111976 -0.82759315
vn 0.12967247 0.5105874 -0.8499915
vn 0.21331927 0.3961174 -0.89307666
vn 0.10942387 0.37933156 -0.9187677
vn 0.235202 0.32039168 -0.9176215
vn 0.2634661 0.19546899 -0.9446573
vn 0.51688737 0.22276182 -0.8265619
vn 0.487791 0.20908917 -0.84755033
vn 0.48717812 0.30746022 -0.81738955
vn 0.5510401 0.2313153 -0.8017781
vn 0.5840041 0.36783817 -0.7236258
vn 0.6253294 0.3307316 -0.7068096
vn 0.62591183 0.39985278 -0.669591
vn 0.6491026 0.42325315 -0.63207793
vn 0.65049 0.38930452 -0.652154
vn 0.57944524 0.43931353 -0.6864742
vn 0.686068 0.566051 -0.4570526
vn 0.8030162 0.24668704 -0.542504
vn 0.12651712 0.14323674 -0.98156846
vn 0.6407146 -0.22500768 -0.73406833
vn 0.6668452 0.5598636 -0.49180302
vn 0.7788887 0.4326693 -0.4540151
vn 0.86872864 0.48317513 -0.108868375
vn 0.7323227 0.66801596 -0.13212898
vn 0.97508043 0.009528937 -0.22164676
vn 0.9242746 0.060702555 -0.37687072
vn 0.89037764 -0.42072162 0.17384171
vn 0.9367705 -0.25406212 0.24065219
vn 0.97051114 -0.19331314 -0.14400728
vn 0.97595733 -0.056671534 0.21046533
vn 0.9681047 -0.19167161 -0.16135436
vn 0.898409 -0.33595908 -0.28282982
vn 0.97051454 -0.1748432 -0.16592589
vn 0.90674967 -0.28628245 -0.3095924
vn 0.97595996 0.19771694 -0.0917066
vn 0.98573315 0.12876439 0.10839688
vn 0.9367857 0.19376333 -0.2913561
vn 0.9731969 -0.2244998 0.049875423
vn 0.89037216 0.09953885 -0.44421786
vn 0.9242569 -0.3610401 0.12409335
vn 0.8613335 -0.06746373 -0.50354075
vn 0.93821365 -0.31124407 0.15126894
vn 0.8734824 -0.26109466 -0.4109234
vn 0.9114361 0.21697232 -0.34958157
vn 0.9509477 -0.28713834 0.11510862
vn 0.74815017 0.32853118 -0.5764882
vn 0.94159925 -0.33515546 0.032583866
vn 0.88727975 0.246723 -0.38969538
vn 0.9270036 -0.37492877 0.0096306475
vn 0.90847456 0.3174099 -0.27189136
vn 0.9294177 -0.36218908 0.070722766
vn 0.91648406 0.35079676 -0.19235045
vn 0.9406316 -0.31220543 0.13319157
vn 0.8265258 0.5241643 0.20519947
vn 0.90291214 0.024115756 0.4291481
vn 0.43324816 0.7809892 -0.44983545
vn 0.41997293 0.70619136 -0.5700144
vn 0.45577574 0.79420924 -0.40187076
vn 0.49338266 0.8692913 0.030103358
vn 0.6252844 -0.64009297 0.4464308
vn 0.6490891 -0.5506491 0.5248514
vn 0.625952 -0.59159964 0.5081279
vn 0.65047824 -0.57623434 0.49480498
vn 0.57943445 -0.60153747 0.5499167
vn 0.58406806 -0.65030056 0.4857712
vn 0.55099714 -0.7506213 0.36465028
vn 0.48714876 -0.75302064 0.44231886
vn 0.4877574 -0.7995063 0.3505457
vn 0.23549423 -0.8494057 0.47228426
vn 0.51688915 -0.7764784 0.36042595
vn 0.26345986 -0.89750403 0.35366005
vn 0.68609244 -0.35377583 0.6357042
vn 0.803016 -0.4924896 0.335588
vn 0.10948436 -0.84044355 0.5307238
vn 0.12648427 -0.94278216 0.3084859
vn 0.6406872 -0.7617096 -0.09653225
vn 0.6488284 -0.41777456 0.6359923
vn 0.76714945 -0.39850503 0.50266826
vn 0.8681437 -0.031830803 0.49529114
vn 0.7269364 -0.020747527 0.68639123
vn 0.9849927 -0.049491204 0.16534823
vn 0.9235534 -0.20518412 -0.3239578
vn 0.9321206 -0.120326325 -0.34157386
vn 0.9984072 -0.05448322 0.01465166
vn 0.9652903 -0.23866028 0.10609414
vn 0.85767 0.018719625 0.5138597
vn 0.84078795 -0.22475629 0.492504
vn 0.79363996 -0.38179484 0.47367528
vn 0.8839075 -0.40309718 0.23710783
vn 0.8168712 -0.4795546 0.32054457
vn 0.7297705 -0.4998069 0.46650633
vn 0.7540915 -0.55103564 0.35735932
vn 0.68408096 -0.5809501 0.44105574
vn 0.60529256 -0.6699119 0.4299289
vn 0.67115664 -0.64034045 0.37351418
vn 0.4777165 -0.7587242 0.4428595
vn 0.21391898 -0.8122062 0.5427336
vn 0.12964948 -0.7504968 0.64803207
vn 0.3472402 -0.74025625 0.57571244
vn 0.15001799 -0.6736229 0.72368973
vn 0.39330986 -0.6628703 0.63711095
vn 0.12320523 -0.57214475 0.8108458
vn 0.38644502 -0.5654923 0.7286142
vn 0.11341654 -0.400735 0.90914696
vn 0.38568914 -0.4021121 0.83039135
vn 0.36416626 -0.19882119 0.9098643
vn 0.1568429 -0.18827282 0.96951205
vn 0.17654029 0.1534331 0.9722612
vn 0.36416626 -0.19882119 0.9098643
vn 0.32969952 0.121352494 0.93625414
vn 0.85513407 0.25464234 0.4515562
vn 0.9985861 0.052629348 -0.007470923
vn 0.9606182 0.27769318 -0.009962764
vn 0.82441556 0.4771269 0.3044484
vn 0.7756871 0.59152514 0.22001731
vn 0.8743155 0.4847599 0.02408759
vn 0.8168074 0.5738042 0.059786092
vn 0.72993237 0.65960324 0.17922662
vn 0.75403106 0.65418625 0.058970734
vn 0.6841719 0.7195578 0.118933834
vn 0.6054382 0.79301816 0.06757861
vn 0.67117333 0.7406281 0.031566046
vn 0.47797754 0.8775681 0.037571963
vn 0.4872012 0.8723808 0.03983327
vn 0.23560207 0.97161514 0.021347344
vn 0.4877843 0.87068444 -0.06304832
vn 0.55102557 0.83402646 -0.02776025
vn 0.5840218 0.8018663 0.1262101
vn 0.6252988 0.7744405 0.09614207
vn 0.62586313 0.7604132 0.17339875
vn 0.64910007 0.73193127 0.20723328
vn 0.6504542 0.7405607 0.16875775
vn 0.579413 0.78865385 0.20568335
vn 0.51686704 0.8549563 -0.043567955
vn 0.26346925 0.958824 -0.10602126
vn 0.68607455 0.6096126 0.3970821
vn 0.80300945 0.5921888 0.06699489
vn 0.10948826 0.99098176 0.077249415
vn 0.1264923 0.9777892 -0.16711669
vn 0.6406958 0.62862396 -0.44084096
vn 0.66682523 0.64076877 0.38047278
vn 0.77890116 0.56547654 0.27119958
vn 0.86874163 0.25284138 0.42586285
vn 0.73234123 0.33210403 0.5944605
vn 0.9750725 0.21378651 -0.059405055
vn 0.92425066 0.37724587 -0.05870421
vn 0.89036185 -0.29535356 -0.34644192
vn 0.93677974 -0.30734354 -0.16728316
vn 0.97051245 0.07721778 -0.2283483
vn 0.9759764 -0.2175938 0.0110908495
vn 0.96810293 0.094228685 -0.23215868
vn 0.8986608 0.16495258 -0.40644735
vn 0.9705098 0.10378095 -0.21757792
vn 0.90699667 0.20569839 -0.36748496
vn 0.97597796 0.14830956 0.15959759
vn 0.98575836 -0.06324842 0.15582064
vn 0.93678296 0.33697617 0.094259046
vn 0.97320074 -0.11676863 -0.19810452
vn 0.8904065 0.45316765 -0.042606425
vn 0.9242925 -0.22950096 -0.30497983
vn 0.86138636 0.4579442 -0.2197742
vn 0.93824905 -0.23989277 -0.2492793
vn 0.911447 0.39949903 0.09831006
vn 0.95096105 -0.19810358 -0.2375458
vn 0.74817073 0.6497729 0.13429709
vn 0.9416101 -0.13453366 -0.30866018
vn 0.88725215 0.4469036 0.11428408
vn 0.9270214 -0.124992736 -0.3535649
vn 0.90845245 0.35671633 0.21787053
vn 0.92942226 -0.17917521 -0.32259968
vn 0.9164764 0.29137072 0.2741789
vn 0.9406102 -0.22318497 -0.2558142
vn 0.826516 -0.033209085 0.56193286
vn 0.9028961 -0.40073663 0.15552737
vn 0.4332971 0.66915405 0.60372716
vn 0.4199821 0.7603378 0.49548104
vn 0.45582604 0.6276266 0.6311161
vn 0.49337816 0.2400017 0.83604854
vn 0.6253425 -0.6223433 -0.47078192
vn 0.64917034 -0.669228 -0.36154073
vn 0.6259026 -0.666111 -0.40563783
vn 0.65056354 -0.6485602 -0.39514142
vn 0.5794711 -0.70886445 -0.40214968
vn 0.5838915 -0.66308284 -0.46839297
vn 0.551068 -0.57873017 -0.6011616
vn 0.4869408 -0.6534834 -0.57952416
vn 0.4877841 -0.58044356 -0.6520368
vn 0.23541407 -0.7116086 -0.66196185
vn 0.5168623 -0.582735 -0.6271151
vn 0.26346576 -0.61370003 -0.7442836
vn 0.686063 -0.7139355 -0.14004919
vn 0.8030192 -0.47134256 -0.36468667
vn 0.10945352 -0.76441455 -0.6353663
vn 0.1264669 -0.5847149 -0.8013206
vn 0.6406769 -0.14359622 -0.75426334
vn 0.64886034 -0.73393434 -0.20079994
vn 0.76721 -0.60113615 -0.22366063
vn 0.86815006 -0.48088187 0.122752026
vn 0.72697735 -0.65917295 0.19234066
vn 0.7323573 -0.4627563 0.49950907
vn 0.86875665 -0.32687625 0.37204006
vn 0.6667921 -0.16387244 0.7270036
vn 0.7789319 -0.08313784 0.6215731
vn 0.6505392 0.068388976 0.7563872
vn 0.57937324 0.048078384 0.8136431
vn 0.6490907 0.029119771 0.7601535
vn 0.62589353 0.07008946 0.7767527
vn 0.6253477 0.14787672 0.76620674
vn 0.58388805 0.12774289 0.8017209
vn 0.55102885 0.28413513 0.78462374
vn 0.4871678 0.23164472 0.8420263
vn 0.4876778 0.32904443 0.80864096
vn 0.2357045 0.27975023 0.93068963
vn 0.5167598 0.3056547 0.79970896
vn 0.26346174 0.39712313 0.8791366
vn 0.68605876 -0.18933517 0.70247823
vn 0.80302745 0.11930642 0.5838775
vn 0.10953261 0.23258175 0.9663893
vn 0.12648143 0.46108502 0.87829554
vn 0.64067477 0.61352277 0.46165544
vn 0.92423666 0.17239574 0.34068504
vn 0.9750706 0.1225518 0.18498191
vn 0.89042157 0.23819664 -0.38782963
vn 0.93679714 0.064116776 -0.34394792
vn 0.9705103 0.24104255 0.002875055
vn 0.97596705 -0.077836454 -0.20354292
vn 0.90704334 0.42043966 -0.022424312
vn 0.86137193 0.3992874 -0.31401896
vn 0.9382032 0.11780875 0.3254164
vn 0.87348473 0.4736238 -0.1127164
vn 0.9509442 0.12574445 0.28265435
vn 0.91145194 0.08805262 -0.40187317
vn 0.74830186 0.16622856 -0.6421934
vn 0.94161415 0.21763341 0.25690153
vn 0.8873277 0.0946863 -0.4513136
vn 0.9270057 0.26216596 0.26819673
vn 0.90851116 -0.038092893 -0.4161207
vn 0.929379 0.2104898 0.3032305
vn 0.9165007 -0.11747311 -0.38239583
vn 0.9405694 0.13111976 0.31326783
vn 0.8265812 -0.5188185 -0.21815343
vn 0.9029108 -0.31635827 0.2909802
vn 0.4333198 -0.24653266 -0.86686534
vn 0.42007348 -0.10912588 -0.900905
vn 0.45579132 -0.28944024 -0.8417117
vn 0.49343503 -0.6443642 -0.58422303
vn 0.72779065 -0.42492247 -0.5382951
vn 0.53249717 -0.27462074 -0.8006437
vn 0.53169113 -0.21691528 -0.81868935
vn 0.44397938 -0.10822079 -0.88947767
vn 0.41957453 -0.0029633783 -0.90771604
vn 0.211498 0.05851474 -0.9756253
vn 0.28603178 -0.17214409 -0.94263047
vn 0.11446648 0.048055597 -0.99226415
vn 0.13265528 -0.18765587 -0.9732357
vn 0.34289074 -0.72917587 -0.59222335
vn 0.16780876 -0.7587092 -0.62944466
vn 0.1274452 -0.048801154 -0.99064434
vn 0.19582866 -0.055746872 -0.9790523
vn 0.44355834 -0.059714302 -0.89425397
vn 0.26927915 -0.16321631 -0.9491308
vn 0.5678131 -0.15199265 -0.8090034
vn 0.36206636 -0.2612432 -0.894796
vn 0.66896546 -0.2141029 -0.7117901
vn 0.61838776 -0.012944842 -0.78576654
vn 0.76341397 -0.21196143 -0.6101406
vn 0.38517094 -0.00644047 -0.9228228
vn 0.15546253 -0.16045307 -0.9747237
vn 0.11687094 -0.29416028 -0.94858366
vn 0.17759606 -0.98159724 -0.07018954
vn 0.33903405 -0.9383772 -0.067113124
vn 0.34286022 -0.8060634 0.4823989
vn 0.16781919 -0.8405739 0.5150458
vn 0.13267338 -0.32428986 0.9366076
vn 0.28599018 -0.30458015 0.90853757
vn 0.11447846 -0.09367091 0.9889997
vn 0.21136148 -0.08097263 0.9740481
vn 0.12746443 -0.18928517 0.9736139
vn 0.19579323 -0.1945232 0.9611585
vn 0.44352272 -0.18639718 0.87666625
vn 0.26939392 -0.29662418 0.9162101
vn 0.5678797 -0.26557997 0.77908915
vn 0.36214328 -0.38593143 0.8484746
vn 0.66902107 -0.31321403 0.67402357
vn 0.6183712 -0.12466844 0.77593476
vn 0.76339984 -0.2966702 0.5737661
vn 0.3849755 -0.13778232 0.9125842
vn 0.15548317 -0.29753506 0.94196486
vn 0.11688574 -0.4261866 0.8970523
vn 0.9236443 -0.30859527 0.22726668
vn 0.859446 0.5104507 0.028154913
vn 0.91786814 -0.39587432 -0.028312802
vn 0.90175927 0.43113524 0.030865164
vn 0.36590698 0.78276587 0.5033784
vn 0.33976564 0.47583422 0.811259
vn 0.6493599 0.6662433 0.36667663
vn 0.4354119 0.8979365 0.06423766
vn 0.63058406 0.7741409 0.05540402
vn 0.97702336 0.21258907 0.015208072
vn 0.42929766 0.47132224 0.77042776
vn 0.6981957 0.14036077 0.70201254
vn 0.46409157 -0.36362013 0.8077125
vn 0.7759689 -0.50374717 0.3796197
vn 0.795138 -0.604884 -0.04325359
vn 0.35134387 0.060486693 0.9342905
vn 0.6981957 0.14036077 0.70201254
vn 0.35134387 0.060486693 0.9342905
vn 0.4140233 -0.37875572 0.82772505
vn 0.49116057 -0.7359303 0.46601275
vn 0.46409157 -0.36362013 0.8077125
vn 0.7759689 -0.50374717 0.3796197
vn 0.795138 -0.604884 -0.04325359
vn 0.50275314 -0.86222804 -0.061660472
vn 0.49117887 -0.66209894 -0.5660109
vn 0.775973 -0.44458136 -0.44745192
vn 0.46409196 -0.2449168 -0.85125464
vn 0.4140707 -0.25703815 -0.8731992
vn 0.35145286 0.19288294 -0.91612065
vn 0.3397885 0.58643746 -0.73527884
vn 0.36579973 0.8464662 -0.3868923
vn 0.6493712 0.71163476 -0.26812878
vn 0.42929617 0.57612723 -0.69554454
vn 0.69819313 0.23886313 -0.6748857
vn 0.46409196 -0.2449168 -0.85125464
vn 0.775973 -0.44458136 -0.44745192
vn 0.35145286 0.19288294 -0.91612065
vn 0.69819313 0.23886313 -0.6748857
vn 0.8594111 0.50931877 0.04479828
vn 0.92365587 -0.27307323 -0.26886964
vn 0.22166486 5.413335E-4 0.9751228
vn -0.02039851 -0.4522989 0.8916331
vn 0.069316514 0.22548418 0.9717778
vn 0.36426795 -0.37393805 -0.85292387
vn 0.17653675 -0.69563204 -0.69636977
vn 0.31786638 -0.8470486 -0.42599255
vn 0.15209979 -0.89160365 -0.42650747
vn 0.344899 -0.92840236 -0.13825253
vn 0.12019098 -0.9783024 -0.16875577
vn 0.09879713 -0.99508363 0.006903386
vn 0.37389836 -0.9262332 0.047876183
vn 0.38642454 -0.9033752 0.18598212
vn 0.1232041 -0.9801023 0.1556285
vn 0.39314243 -0.8642961 0.31373775
vn 0.15002349 -0.9466594 0.2851822
vn 0.34712923 -0.8433074 0.41028523
vn 0.12967083 -0.91268134 0.38755417
vn 0.21353675 -0.8453646 0.48965377
vn 0.6981957 0.14036077 0.70201254
vn 0.46409157 -0.36362013 0.8077125
vn 0.35134387 0.060486693 0.9342905
vn 0.68604094 -0.08737361 -0.7222975
vn 0.6185475 -0.6706323 -0.4094525
vn 0.51338834 -0.8539175 -0.08518994
vn 0.7277831 -0.49721932 0.47233966
vn 0.532538 -0.3857652 0.7533847
vn 0.53174347 -0.33120903 0.77945465
vn 0.44394457 -0.23374753 0.8650291
vn 0.4193827 -0.13221706 0.8981296
vn 0.64157903 -0.15113571 0.75202024
vn 0.77029 -0.20643066 0.603357
vn 0.79417056 -0.27001593 0.544412
vn 0.8319448 -0.24842156 0.4961396
vn 0.8520901 -0.19582705 0.48538044
vn 0.72771233 -0.68495774 -0.03560343
vn 0.76333797 -0.5036021 -0.40459877
vn 0.25859016 0.87966454 -0.39915088
vn 0.083773926 0.90932393 -0.40756825
vn 0.9898095 0.1408146 0.021174297
vn 0.9861917 0.16434091 0.020445844
vn 0.98836946 0.15121005 0.016167399
vn 0.99266607 0.11996396 0.014923673
vn 0.9887508 -0.06629762 0.13407618
vn 0.99298793 -0.116978034 0.017063294
vn 0.9562431 0.29034847 0.03601285
vn 0.95959616 0.2756106 0.056692198
vn 0.96591204 0.08126644 0.24578366
vn 0.7760302 0.6260222 0.076638
vn 0.87814516 0.29183024 0.37907282
vn 0.33212507 0.93559915 0.11977963
vn 0.3608869 0.8368937 0.41154543
vn 0.9311678 -0.031698048 0.3632104
vn 0.9881027 0.11954909 0.09675292
vn 0.99407274 -0.07388896 -0.07974816
vn 0.9910146 0.102858745 -0.08549884
vn 0.9926695 0.107993 0.054265432
vn 0.9861992 0.14793575 0.07433799
vn 0.9926784 0.10080278 0.0665458
vn 0.98621273 0.1380833 0.09119965
vn 0.948446 0.31689346 -0.0053691585
vn 0.956355 0.2610953 0.13120358
vn 0.95638674 0.24369797 0.16104569
vn 0.7773248 0.5621191 0.28246805
vn 0.77746487 0.5246192 0.34687626
vn 0.33378163 0.8448213 0.41817087
vn 0.34055877 0.91407865 0.22018155
vn 0.7756761 0.6100515 0.16175242
vn 0.33289796 0.78655714 0.5201027
vn 0.08293242 0.8938296 0.4406709
vn 0.08693626 0.83099693 0.54944175
vn 0.09038146 0.95246434 0.29093444
vn 0.25859016 0.87966454 -0.39915088
vn 0.083773926 0.90932393 -0.40756825
vn 0.6406656 0.67297745 -0.3696606
vn 0.8030101 0.2012045 -0.56097364
vn 0.76333797 -0.5036021 -0.40459877
vn 0.72771233 -0.68495774 -0.03560343
vn 0.7277831 -0.49721932 0.47233966
vn 0.8520901 -0.19582705 0.48538044
vn 0.8319448 -0.24842156 0.4961396
vn 0.76339984 -0.2966702 0.5737661
vn 0.6183712 -0.12466844 0.77593476
vn 0.22166486 5.413335E-4 0.9751228
vn 0.069316514 0.22548418 0.9717778
vn 0.09952681 0.93749326 0.33346784
vn 0.086405225 0.9853018 0.1473583
vn 0.08159171 0.98050207 0.17876928
vn 0.33374926 0.9426172 -0.009182426
vn 0.7773359 0.62908584 -1.7029986E-4
vn 0.87738425 0.34083042 -0.33768559
vn 0.3612774 0.88242704 -0.30133247
vn 0.9563548 0.29220793 -7.536178E-5
vn 0.98620194 0.16554688 -4.182268E-5
vn 0.9926723 0.12083729 -3.0386618E-5
vn 0.9898229 0.14229578 -0.0015826928
vn 0.9884008 0.15181133 0.004139711
vn 0.98875076 -0.04654089 -0.14214721
vn 0.99298596 -0.11337504 -0.03354187
vn 0.9597063 0.28033224 -0.019432284
vn 0.9659164 0.11540808 -0.23170345
vn 0.9311677 0.020331092 -0.36402392
vn 0.98812145 0.13201973 -0.07865636
vn 0.9940626 -0.08455053 0.06848865
vn 0.991015 0.08959319 0.09930873
vn 0.9926753 0.11457223 -0.038326062
vn 0.98620605 0.15697198 -0.052511323
vn 0.992679 0.10951909 -0.05093136
vn 0.9862114 0.15005094 -0.06979747
vn 0.9926767 0.10255567 -0.06383818
vn 0.9862038 0.14053103 -0.08748223
vn 0.9484519 0.3128905 0.050384123
vn 0.9563589 0.27710018 -0.092699
vn 0.95637006 0.26489177 -0.1232422
vn 0.9563415 0.24810281 -0.15445374
vn 0.7773268 0.5965994 -0.19957991
vn 0.77737623 0.5703128 -0.26538572
vn 0.33375666 0.8957535 -0.29365307
vn 0.34055 0.93611175 -0.087866165
vn 0.77567637 0.62685823 -0.07331332
vn 0.33279437 0.8549642 -0.39784932
vn 0.77728814 0.5340954 -0.33251345
vn 0.33269215 0.80056137 -0.49841487
vn 0.0846655 0.9500162 -0.30050132
vn 0.08687165 0.9032218 -0.42029
vn 0.08681477 0.8457163 -0.5265236
vn 0.092040345 0.98534334 -0.14362164
vn 0.076382786 0.95383465 -0.29045692
vn 0.25860214 0.8139158 0.5202558
vn 0.08378487 0.8420761 0.5328113
vn 0.64067477 0.61352277 0.46165544
vn 0.80302745 0.11930642 0.5838775
vn 0.7633409 -0.55606836 0.32878378
vn 0.72772914 -0.6830333 -0.062256575
vn 0.72779065 -0.42492247 -0.5382951
vn 0.8521077 -0.1247504 -0.5082812
vn 0.8319498 -0.17526926 -0.52644104
vn 0.76341397 -0.21196143 -0.6101406
vn 0.61838776 -0.012944842 -0.78576654
vn 0.2216347 0.13930127 -0.96512866
vn 0.069303386 0.3614165 -0.92982537
vn 0.097567 0.974509 -0.20202214
vn 0.084524944 0.99625593 -0.018156663
vn 0.07630608 0.9968973 -0.019317104
vn 0.9856039 -0.08031474 0.14877646
vn 0.92400116 0.3716732 -0.089893386
vn 0.9323933 0.32376885 -0.160675
vn 0.9850015 -0.17249948 0.004004395
vn 0.9322932 0.28732097 -0.21971807
vn 0.92377293 0.2443542 -0.29484674
vn 0.96062523 0.09533294 0.26098058
vn 0.855098 -0.3508224 0.3817473
vn 0.9985859 0.023388548 0.04774098
vn 0.8243597 -0.14218654 0.54791796
vn 0.8576887 -0.48289365 0.17658925
vn 0.99840695 -0.030766891 -0.047296014
vn 0.77563524 -0.026498025 0.63062495
vn 0.87436616 0.12692502 0.46837363
vn 0.81682897 0.12047707 0.5641593
vn 0.7298108 0.03333143 0.6828361
vn 0.7539365 0.14606784 0.6405028
vn 0.68406147 0.109221615 0.7212008
vn 0.6053799 0.18078461 0.7751336
vn 0.671145 0.19881445 0.7141689
vn 0.47801864 0.23529497 0.84624726
vn 0.2141711 0.20393479 0.9552703
vn 0.1296241 0.08654156 0.98777944
vn 0.3473445 0.12962575 0.92873514
vn 0.15000398 -0.02131485 0.9884556
vn 0.393269 0.0313252 0.9188897
vn 0.123189054 -0.1548504 0.9802275
vn 0.3864921 -0.10225376 0.9166068
vn 0.098799 -0.30094138 0.94851094
vn 0.3739405 -0.24068508 0.8956781
vn 0.34485212 -0.41841385 0.84024215
vn 0.12020415 -0.46280533 0.8782723
vn 0.15210842 -0.68115234 0.71616656
vn 0.31779483 -0.6669195 0.673962
vn 0.17653774 -0.8772522 0.44638887
vn 0.32972965 -0.85291326 0.40474355
vn 0.3642902 -0.92672575 0.09204347
vn 0.15683974 -0.98024267 0.12052207
vn 0.11342059 -0.9884837 -0.10017831
vn 0.38595474 -0.9138919 -0.12585953
vn 0.38660157 -0.86761457 -0.31270468
vn 0.12321032 -0.9479662 -0.29356313
vn 0.39328328 -0.8107721 -0.43356284
vn 0.1500226 -0.8964308 -0.41701922
vn 0.3472489 -0.7762858 -0.5261165
vn 0.12965411 -0.848229 -0.51351476
vn 0.21392927 -0.7670531 -0.6048667
vn 0.47761828 -0.65562975 -0.58483356
vn 0.67094845 -0.5532787 -0.49367085
vn 0.6052879 -0.61590695 -0.50426704
vn 0.7539265 -0.5103339 -0.41370764
vn 0.6840596 -0.5990037 -0.41624165
vn 0.7298758 -0.59798044 -0.3312111
vn 0.8168478 -0.45307964 -0.35704136
vn 0.7938057 -0.56823945 -0.21674038
vn 0.8839785 -0.34990576 -0.31007728
vn 0.96531385 -0.174543 -0.19417499
vn 0.84086025 -0.5377372 -0.06158476
vn -0.0204147 -0.3207632 -0.94693935
vn 0.2216347 0.13930127 -0.96512866
vn 0.069303386 0.3614165 -0.92982537
vn 0.69819313 0.23886313 -0.6748857
vn 0.35145286 0.19288294 -0.91612065
vn 0.46409196 -0.2449168 -0.85125464
vn 0.64168364 -0.042504925 -0.76579076
vn 0.7703278 -0.11843782 -0.6265521
vn 0.79418695 -0.18977901 -0.577279
vn 0.8319498 -0.17526926 -0.52644104
vn 0.8521077 -0.1247504 -0.5082812
vn 0.51347864 -0.85729444 -0.03722926
vn 0.72772914 -0.6830333 -0.062256575
vn 0.618597 -0.72209316 0.30970815
vn 0.68605876 -0.18933517 0.70247823
vn 0.7633409 -0.55606836 0.32878378
vn 0.25860214 0.8139158 0.5202558
vn 0.08378487 0.8420761 0.5328113
vn 0.33249563 0.7210594 0.6078815
vn 0.08675519 0.7616739 0.64212644
vn 0.77708304 0.48121247 0.4056803
vn 0.9562812 0.22359434 0.18849887
vn 0.98618156 0.12666245 0.106782846
vn 0.992665 0.09243004 0.0779286
vn 0.98621285 0.11331829 0.12059503
vn 0.9926774 0.08269877 0.08804846
vn 0.9862012 0.09846763 0.1330837
vn 0.9926676 0.07189469 0.09717084
vn 0.99101776 -0.06670008 0.11590915
vn 0.98810095 0.11571169 0.10132833
vn 0.9484557 0.048760653 0.31313592
vn 0.95635986 0.17378826 0.2348903
vn 0.956388 0.20007925 0.21281518
vn 0.7773293 0.37416157 0.5057295
vn 0.7774715 0.43090913 0.45809975
vn 0.3338013 0.5560848 0.76114804
vn 0.3405619 0.37291813 0.86310464
vn 0.77567804 0.2634499 0.5735135
vn 0.33291635 0.64609945 0.68682027
vn 0.08466318 0.57978004 0.8103624
vn 0.08694904 0.6825614 0.7256375
vn 0.09200103 0.44159433 0.89248544
vn 0.07620127 0.57218933 0.8165738
vn 0.22164606 -0.92723936 0.30182818
vn -0.020414319 -0.98776174 -0.15462856
vn 0.06929775 -0.8545848 0.5146675
vn 0.25861284 0.65145147 0.7132533
vn 0.08375684 0.6686562 0.7388394
vn 0.763317 0.22917107 -0.60400975
vn 0.9898036 0.023385452 0.1405059
vn 0.9861902 0.031340975 0.16262417
vn 0.9883674 0.03135979 0.14881706
vn 0.9926619 0.022884052 0.11873804
vn 0.9887527 -0.14798951 -0.02161492
vn 0.9929888 -0.052378234 -0.10597064
vn 0.95624626 0.055472106 0.28725597
vn 0.95959854 0.031244341 0.2796327
vn 0.96591556 -0.20862496 0.15324102
vn 0.77603036 0.12056647 0.6190643
vn 0.878155 -0.27031398 0.39468226
vn 0.33214602 0.17521292 0.92681146
vn 0.36089346 -0.1328133 0.9231016
vn 0.93116385 -0.3552376 0.0820986
vn 0.9881059 -0.055036027 0.14358875
vn 0.9940705 0.05302747 -0.09493169
vn 0.99101967 0.113084756 0.071357526
vn 0.99266857 -0.01823904 0.11948414
vn 0.9862038 -0.024980217 0.16364017
vn 0.9926727 -0.03171678 0.11659713
vn 0.98620886 -0.04345754 0.1596982
vn 0.94846356 0.102982976 0.29968545
vn 0.9563631 -0.044092435 0.28883475
vn 0.9563754 -0.07673726 0.28188187
vn 0.77732384 -0.094937354 0.6218959
vn 0.77739453 -0.16528341 0.60690945
vn 0.33379084 -0.13664229 0.932691
vn 0.34056506 0.07307289 0.9373771
vn 0.7756763 0.034652483 0.6301789
vn 0.33285123 -0.24779034 0.90984064
vn 0.08219461 -0.14653705 0.9857845
vn 0.0869589 -0.2617594 0.9612076
vn 0.08968184 0.013975094 0.9958724
vn 0.06880424 -0.16068178 0.98460513
vn 0.25861284 0.65145147 0.7132533
vn 0.08375684 0.6686562 0.7388394
vn 0.6406967 0.5594899 0.5258125
vn 0.8030257 0.59567297 0.01798255
vn 0.763317 0.22917107 -0.60400975
vn 0.72770876 -0.17782559 -0.66243345
vn 0.7277832 -0.602878 -0.32690936
vn 0.8521152 -0.52209735 -0.036248393
vn 0.8319574 -0.54860556 -0.0829393
vn 0.76342535 -0.6373277 -0.104858205
vn 0.618431 -0.7764357 0.12120556
vn 0.22164606 -0.92723936 0.30182818
vn 0.06929775 -0.8545848 0.5146675
vn 0.09951614 -0.027243827 0.99466294
vn 0.086415485 0.16458291 0.9825705
vn 0.33377323 0.29999042 0.89364487
vn 0.77733415 0.19456182 0.5982452
vn 0.8773889 0.42648855 0.2197641
vn 0.36129862 0.5592428 0.7461306
vn 0.95635957 0.09036349 0.27786833
vn 0.98620015 0.05119963 0.1574415
vn 0.9926666 0.037384387 0.11495874
vn 0.98981214 0.04550539 0.13491191
vn 0.98839957 0.042976554 0.1456688
vn 0.9887562 0.12078357 -0.08816227
vn 0.9929951 -0.003126617 -0.118114315
vn 0.95970976 0.105110414 0.26059332
vn 0.9659173 0.25602022 0.038176768
vn 0.93116504 0.35249963 -0.093143106
vn 0.98810095 0.11571169 0.10132833
vn 0.9940758 -0.09116137 -0.059185427
vn 0.99101776 -0.06670008 0.11590915
vn 0.72770846 -0.15189086 -0.6688569
vn 0.7633331 -0.48454034 -0.42725077
vn 0.80303 -0.5184314 0.29389066
vn 0.72778964 0.3806299 -0.5704761
vn 0.85212034 0.44484487 -0.2756882
vn 0.83194405 0.44652724 -0.32936695
vn 0.7633942 0.5147715 -0.39017892
vn 0.6183896 0.7432893 -0.25517693
vn 0.22163622 0.9609349 -0.16577575
vn 0.06926622 0.9960038 0.056379102
vn 0.097423755 0.4918087 0.8652357
vn 0.08438238 0.3235393 0.9424447
vn 0.07575178 0.3217745 0.9437811
vn 0.77567804 0.2634499 0.5735135
vn 0.6407074 -0.24942493 0.72614133
vn 0.3405619 0.37291813 0.86310464
vn 0.25860584 -0.24320644 0.9348656
vn 0.09200103 0.44159433 0.89248544
vn 0.08377457 -0.24642813 0.96553355
vn 0.9484557 0.048760653 0.31313592
vn 0.07152606 0.44650078 0.8919199
vn 0.07152606 0.44650078 0.8919199
vn 0.07152606 0.44650078 0.8919199
vn 0.08152654 0.13368051 0.9876654
vn 0.98560065 -0.16633457 -0.030400287
vn 0.92383987 0.2005569 0.32603183
vn 0.9322953 0.2530262 0.2584631
vn 0.9068095 0.15144642 0.39339614
vn 0.44362727 0.8320054 -0.3331095
vn 0.19590908 0.91389704 -0.35554454
vn 0.26948225 0.85218704 -0.44850472
vn 0.19590908 0.91389704 -0.35554454
vn 0.3849105 0.8757558 -0.29136863
vn 0.6416782 0.7151866 -0.27705082
vn 0.7704326 0.5591946 -0.3061617
vn 0.44362727 0.8320054 -0.3331095
vn 0.7942184 0.490353 -0.35884687
vn 0.83194405 0.44652724 -0.32936695
vn 0.85212034 0.44484487 -0.2756882
vn 0.5134366 -0.22959964 -0.8268415
vn 0.61857665 -0.5177745 -0.59099275
vn 0.72770846 -0.15189086 -0.6688569
vn 0.72778964 0.3806299 -0.5704761
vn 0.7633331 -0.48454034 -0.42725077
vn 0.342921 0.3379004 -0.8764864
vn 0.16781968 0.36418176 -0.9160831
vn -0.020430116 0.8014533 -0.59770834
vn 0.22163622 0.9609349 -0.16577575
vn 0.06926622 0.9960038 0.056379102
vn 0.25860584 -0.24320644 0.9348656
vn 0.08377457 -0.24642813 0.96553355
vn 0.3326918 -0.3561544 0.87319535
vn 0.086885616 -0.37623465 0.92244154
vn 0.77725536 -0.23762207 0.582589
vn 0.9563335 -0.110377744 0.27063432
vn 0.98619574 -0.06252953 0.15332308
vn 0.9926687 -0.04564034 0.11191866
vn 0.9862052 -0.080390655 0.14469485
vn 0.99267435 -0.0586847 0.10561141
vn 0.98620236 -0.09613991 0.13476661
vn 0.9926726 -0.07017286 0.098370835
vn 0.9910167 -0.13085142 -0.027635876
vn 0.98810685 -0.060562175 0.1413403
vn 0.9484568 -0.28275552 0.14310458
vn 0.9563574 -0.16969675 0.23787306
vn 0.95636654 -0.14187476 0.25541052
vn 0.7773214 -0.3653546 0.5121401
vn 0.7773733 -0.30541182 0.54992217
vn 0.3337658 -0.5520698 0.76408076
vn 0.3405479 -0.70568824 0.6213141
vn 0.775673 -0.46406043 0.42776087
vn 0.3328195 -0.4578364 0.8243889
vn 0.08477613 -0.5921701 0.80134106
vn 0.086946644 -0.48368907 0.8709105
vn 0.09212254 -0.71294045 0.695147
vn 0.2586119 -0.96426773 0.057511736
vn 0.08376733 -0.994435 0.063891105
vn 0.64069957 -0.76768416 -0.0128494045
vn 0.80300796 -0.43973097 -0.40226224
vn 0.76333123 0.2566013 -0.5928585
vn 0.9940724 0.02814599 -0.10501386
vn 0.9929861 0.11142816 -0.03952811
vn 0.9898246 -0.114177294 0.08491608
vn 0.98875433 0.12119128 0.087621324
vn 0.9884029 -0.12524006 0.08587566
vn 0.98620397 -0.1338965 0.097331166
vn 0.9926742 -0.09772904 0.071042664
vn 0.986195 -0.14495702 0.08004294
vn 0.9926707 -0.10579101 0.0584217
vn 0.9898191 -0.12630239 0.0656187
vn 0.9883721 -0.13181823 0.07579298
vn 0.9887535 -0.02516041 -0.14742261
vn 0.992984 0.08465339 -0.08256256
vn 0.9562434 -0.25606617 0.1415228
vn 0.9595954 -0.25629517 0.11614447
vn 0.96591645 -0.21020399 -0.15106174
vn 0.7760294 -0.5515094 0.305967
vn 0.87813073 -0.45893922 -0.1351339
vn 0.3321072 -0.8273296 0.45302376
vn 0.36086687 -0.9189781 0.15891604
vn 0.931167 -0.18785863 -0.31246933
vn 0.9881293 -0.15341765 -0.007966719
vn 0.9940599 0.10676376 0.021127367
vn 0.99101484 -0.0328634 0.12965176
vn 0.992679 -0.119187936 0.019560702
vn 0.98620915 -0.16331899 0.026804546
vn 0.9926723 -0.120648585 0.006758803
vn 0.986198 -0.16530955 0.009285585
vn 0.94845635 -0.25319204 0.19058967
vn 0.9563591 -0.2883362 0.047322895
vn 0.956332 -0.29181907 0.01644949
vn 0.77732205 -0.62079775 0.10188496
vn 0.7772422 -0.6281972 0.0355362
vn 0.333741 -0.9292804 0.1582873
vn 0.34054574 -0.868909 0.35920152
vn 0.7756781 -0.5886107 0.2277297
vn 0.3326868 -0.9415303 0.053293027
vn 0.0832032 -0.98180753 0.1706788
vn 0.08688219 -0.9946279 0.056275714
vn 0.09066577 -0.94093305 0.32622808
vn 0.07205223 -0.9832151 0.1676202
vn 0.25859636 -0.47702357 0.839986
vn 0.08376563 -0.49608192 0.8642257
vn 0.6406642 -0.3271527 0.6946369
vn 0.8030189 0.16699527 0.57207793
vn 0.7633109 0.6452736 0.031279765
vn 0.7277206 0.57507294 -0.37378314
vn 0.7277774 0.12462594 -0.6743948
vn 0.8521071 -0.1268623 -0.5077593
vn 0.8319538 -0.090649866 -0.5473897
vn 0.7633747 -0.09727177 -0.6385901
vn 0.6183374 -0.3552434 -0.70104283
vn 0.22163475 -0.5735896 -0.78858924
vn 0.069295295 -0.7535889 -0.65368336
vn 0.09916793 -0.9539557 0.28307983
vn 0.08601217 -0.88289106 0.46163335
vn 0.33374262 -0.7571976 0.561487
vn 0.7773354 -0.508842 0.36990455
vn 0.8773779 -0.07720476 0.47354773
vn 0.36127695 -0.53679115 0.7624528
vn 0.956357 -0.23635194 0.17181107
vn 0.9597081 -0.21536386 0.1804959
vn 0.965916 0.042797096 0.2552934
vn 0.9311685 0.19752838 0.30644363
vn 0.08409117 -0.7973125 0.59768015
vn 0.09719635 -0.67212284 0.7340326
vn 0.07502135 -0.8011087 0.5937984
vn 0.8521194 0.39966038 0.33788183
vn 0.72778237 0.6601894 0.18569548
vn 0.7276914 0.5891864 -0.35117596
vn 0.8319509 0.45123237 0.322873
vn 0.76336896 0.5301695 0.36903676
vn 0.6183333 0.47238135 0.628108
vn 0.22162957 0.45458767 0.8626879
vn 0.06931351 0.2541036 0.96469015
vn 0.42929536 -0.83412695 -0.34632024
vn 0.9770233 -0.1809267 0.112654336
vn 0.6981891 -0.52619123 -0.485443
vn 0.64936453 -0.75452846 0.09493397
vn 0.63058406 -0.6588379 0.41023943
vn 0.46409756 -0.18060274 -0.86717707
vn 0.7759658 0.18440701 -0.60321724
vn 0.79513997 0.5147869 -0.3205416
vn 0.43540448 -0.7641986 0.4758398
vn 0.36584216 -0.9291761 0.05283298
vn 0.33982363 -0.86177427 -0.37664965
vn 0.35135764 -0.59807813 -0.7203127
vn 0.49107122 0.32150328 -0.80962014
vn 0.79513997 0.5147869 -0.3205416
vn 0.5027225 0.73381823 -0.45692545
vn 0.41390386 -0.18010971 -0.8923251
vn 0.8594167 -0.42955577 0.27728093
vn 0.92366856 0.11605125 -0.36519647
vn 0.9178885 0.33686295 -0.20977138
vn 0.90175104 -0.366944 0.228467
vn 0.33907616 0.79858404 -0.49728355
vn 0.34292257 0.3685673 -0.86403835
vn 0.1775965 0.8353653 -0.52021563
vn 0.16781165 0.37729967 -0.9107602
vn 0.28601277 -0.2876148 -0.9140429
vn 0.13266192 -0.28818262 -0.9483415
vn 0.34292257 0.3685673 -0.86403835
vn 0.11447064 -0.5055376 -0.8551773
vn 0.21135524 -0.5070346 -0.8356105
vn 0.1274331 -0.41912928 -0.8989391
vn 0.19569781 -0.4075876 -0.89194995
vn 0.15544404 -0.312952 -0.93696225
vn 0.269315 -0.2985495 -0.9156078
vn 0.116862096 -0.18247929 -0.97624004
vn 0.3620802 -0.18647762 -0.9133039
vn 0.5678353 -0.24307773 -0.7864326
vn 0.44346893 -0.36450607 -0.8188227
vn 0.6689704 -0.14277299 -0.7294481
vn 0.6183374 -0.3552434 -0.70104283
vn 0.7633747 -0.09727177 -0.6385901
vn 0.38510498 -0.42494905 -0.8192145
vn 0.64184 -0.31973976 -0.69699925
vn 0.44346893 -0.36450607 -0.8188227
vn 0.7704566 -0.1876193 -0.6092583
vn 0.79421884 -0.10153599 -0.5990883
vn 0.8319538 -0.090649866 -0.5473897
vn 0.44418436 -0.31937072 -0.8370798
vn 0.41960326 -0.42095014 -0.8041978
vn 0.53192365 -0.19019373 -0.8251566
vn 0.5325599 -0.13073401 -0.83623475
vn 0.7277774 0.12462594 -0.6743948
vn 0.8521071 -0.1268623 -0.5077593
vn 0.513478 0.7408528 -0.43298677
vn 0.6186369 0.78314143 -0.06307095
vn 0.7277206 0.57507294 -0.37378314
vn 0.7277774 0.12462594 -0.6743948
vn 0.7633109 0.6452736 0.031279765
vn 0.44346893 -0.36450607 -0.8188227
vn 0.269315 -0.2985495 -0.9156078
vn 0.19569781 -0.4075876 -0.89194995
vn 0.19569781 -0.4075876 -0.89194995
vn 0.22163475 -0.5735896 -0.78858924
vn -0.02044054 -0.15818058 -0.98719865
vn 0.069295295 -0.7535889 -0.65368336
vn 0.25859636 -0.47702357 0.839986
vn 0.08376563 -0.49608192 0.8642257
vn 0.9855981 -0.02246935 -0.16760546
vn 0.9236102 -0.24845034 0.2919189
vn 0.9320392 -0.16791838 0.32110175
vn 0.90660834 -0.32766965 0.26588318
vn 0.42929435 -0.057313737 0.9013443
vn 0.6493586 -0.4181313 0.6352162
vn 0.69819224 0.20345086 0.6863931
vn 0.46409237 0.6985023 0.54471356
vn 0.7759689 0.62268233 0.100691944
vn 0.6493586 -0.4181313 0.6352162
vn 0.36586207 -0.45740005 0.8105123
vn 0.33983558 -0.042304773 0.93953294
vn 0.6493586 -0.4181313 0.6352162
vn 0.36586207 -0.45740005 0.8105123
vn 0.3514776 0.38244453 0.8545172
vn 0.69819224 0.20345086 0.6863931
vn 0.8613937 -0.1384749 0.48869792
vn 0.93822837 -0.28648221 -0.19405
vn 0.8735173 -0.31689504 0.3695201
vn 0.91140014 0.16508193 0.37695855
vn 0.9509778 -0.26774913 -0.15476306
vn 0.748121 0.24311696 0.61742127
vn 0.941612 -0.32707915 -0.07991261
vn 0.8873584 0.18860888 0.42073953
vn 0.9270239 -0.3696989 -0.06284501
vn 0.90853924 0.2753473 0.31422973
vn 0.92943263 -0.348406 -0.12152458
vn 0.91651833 0.3197825 0.24027736
vn 0.94061905 -0.29009315 -0.17630018
vn 0.82659906 0.5479141 -0.1285463
vn 0.9029407 0.08481832 -0.42131224
vn 0.4333636 0.7089488 0.5564059
vn 0.4201252 0.61778796 0.6647051
vn 0.45579514 0.7289117 0.5108215
vn 0.4934227 0.8647169 0.093801335
vn 0.72778237 0.6601894 0.18569548
vn 0.5325522 0.69274724 0.4863018
vn 0.72778237 0.6601894 0.18569548
vn 0.5319508 0.65653634 0.53477895
vn 0.44414335 0.6102601 0.6559872
vn 0.41935885 0.53598934 0.732703
vn 0.21110575 0.52619284 0.8237448
vn 0.28583765 0.6933996 0.6614332
vn 0.114485785 0.54435146 0.8310081
vn 0.13266687 0.72386825 0.677063
vn 0.34283075 0.93803984 0.050481483
vn 0.16781871 0.9837887 0.0632191
vn 0.12745112 0.62174237 0.77278244
vn 0.19573106 0.62058234 0.75932
vn 0.44344777 0.5739781 0.6884063
vn 0.26940995 0.68990093 0.67190397
vn 0.5679127 0.5984427 0.5651032
vn 0.3621545 0.7372708 0.57032967
vn 0.6690321 0.5915426 0.4499703
vn 0.6183333 0.47238135 0.628108
vn 0.76336896 0.5301695 0.36903676
vn 0.38480556 0.5477018 0.74293166
vn 0.15544824 0.7027253 0.69427156
vn 0.11685218 0.79554945 0.5945138
vn 0.64182717 0.4843561 0.59452254
vn 0.77052087 0.4638819 0.43716267
vn 0.7942313 0.49280477 0.35544366
vn 0.8319509 0.45123237 0.322873
vn 0.44414335 0.6102601 0.6559872
vn 0.44414335 0.6102601 0.6559872
vn 0.8521194 0.39966038 0.33788183
vn -0.020425973 0.8160994 0.5775504
vn 0.22162957 0.45458767 0.8626879
vn 0.06931351 0.2541036 0.96469015
vn 0.9236388 0.3790011 0.057004277
vn 0.8594271 -0.43835557 0.26311493
vn 0.36586207 -0.45740005 0.8105123
vn 0.34494218 -0.15539993 -0.92567044
vn 0.15209465 0.13011158 -0.97976434
vn 0.12018864 -0.14182644 -0.982568
vn 0.17652676 0.44733092 -0.87677443
vn 0.09880413 -0.31406286 -0.94424695
vn 0.37400147 -0.33176032 -0.8660589
vn 0.38660607 -0.45604923 -0.8015952
vn 0.123207286 -0.4508873 -0.88403654
vn 0.39326093 -0.56546307 -0.72498095
vn 0.15003061 -0.5637567 -0.81220025
vn 0.34713873 -0.65080386 -0.67524004
vn 0.12967123 -0.6506234 -0.7482477
vn 0.21404658 -0.7265853 -0.65288424
vn 0.79513997 0.5147869 -0.3205416
vn 0.49118805 0.86833614 0.068750836
vn 0.7759689 0.62268233 0.100691944
vn 0.414076 0.72121024 0.55533487
vn 0.46409237 0.6985023 0.54471356
vn 0.7759689 0.62268233 0.100691944
vn 0.69819224 0.20345086 0.6863931
vn 0.5325522 0.69274724 0.4863018
vn 0.5134304 0.7154262 -0.4738718
vn 0.7276914 0.5891864 -0.35117596
vn 0.61862296 0.40202647 -0.675041
vn 0.76333123 0.2566013 -0.5928585
vn 0.2586119 -0.96426773 0.057511736
vn 0.08376733 -0.994435 0.063891105
vn 0.33304682 -0.94038063 -0.06902183
vn 0.087023035 -0.99353397 -0.07291956
vn 0.7775948 -0.6270792 -0.046021793
vn 0.95641625 -0.29122427 -0.021362625
vn 0.98622286 -0.1649794 -0.012095945
vn 0.9926836 -0.12042139 -0.008825412
vn 0.98619866 -0.16224171 -0.033011347
vn 0.9926731 -0.11840931 -0.02406944
vn 0.9862111 -0.15782858 -0.0497768
vn 0.99268216 -0.115165755 -0.036318194
vn 0.9910171 -0.014111758 -0.1329885
vn 0.9881295 -0.15299274 -0.013904856
vn 0.9484538 -0.2235069 -0.22467765
vn 0.95635986 -0.2786613 -0.08788454
vn 0.9563291 -0.28640988 -0.058344223
vn 0.7773197 -0.5999761 -0.18921597
vn 0.7772245 -0.6165312 -0.12574364
vn 0.33371377 -0.8972923 -0.2889664
vn 0.34053248 -0.8089901 -0.47913736
vn 0.7756797 -0.5502402 -0.30912232
vn 0.33266443 -0.924016 -0.18849105
vn 0.083401896 -0.9471214 -0.30984712
vn 0.08686104 -0.9761246 -0.19908784
vn 0.09085701 -0.8843687 -0.45786136
vn 0.2586377 -0.3526872 -0.89928764
vn 0.0837701 -0.3680886 -0.92600936
vn 0.6407146 -0.22500768 -0.73406833
vn 0.8030162 0.24668704 -0.542504
vn 0.7633399 0.6431244 0.060854018
vn 0.9940626 0.10866158 -0.0056748595
vn 0.992981 0.07206172 0.09378618
vn 0.9898419 -0.11594154 -0.0822833
vn 0.9887526 -0.04587401 0.14235114
vn 0.98840904 -0.12034296 -0.09254804
vn 0.9862105 -0.13391228 -0.09724366
vn 0.99268395 -0.09769986 -0.07094602
vn 0.9862028 -0.120888524 -0.11309278
vn 0.99267894 -0.08820297 -0.08251509
vn 0.9898329 -0.10136515 -0.09977931
vn 0.9883796 -0.1127822 -0.10191195
vn 0.98875004 0.1324578 -0.0694866
vn 0.99297905 0.10471638 0.05501869
vn 0.9562464 -0.21372049 -0.19979112
vn 0.9595989 -0.18965526 -0.20784816
vn 0.96591586 0.07872205 -0.24659552
vn 0.77602553 -0.46141878 -0.42997342
vn 0.87813187 -0.013236238 -0.47823566
vn 0.3320561 -0.6865063 -0.6468755
vn 0.3608394 -0.4350591 -0.82493544
vn 0.9311549 0.23918091 -0.27521458
vn 0.988137 -0.039796565 -0.14832869
vn 0.9940558 0.012928288 0.10810117
vn 0.9910172 -0.13344382 0.008808011
vn 0.9926849 -0.055413146 -0.10726643
vn 0.9862144 -0.07594093 -0.14701754
vn 0.99267584 -0.043815054 -0.112582855
vn 0.9862003 -0.060073093 -0.1542733
vn 0.9484553 -0.25949767 -0.18191631
vn 0.9563609 -0.13409832 -0.2595988
vn 0.9563269 -0.10612642 -0.2723528
vn 0.7773242 -0.2887344 -0.5589272
vn 0.77721786 -0.22860414 -0.5862359
vn 0.3337076 -0.43772078 -0.83488905
vn 0.34052092 -0.61008567 -0.71543056
vn 0.7756776 -0.39845663 -0.4894451
vn 0.33263648 -0.3426528 -0.8786023
vn 0.08365423 -0.46803883 -0.8797395
vn 0.08681462 -0.36194038 -0.92815
vn 0.09110421 -0.60307264 -0.7924667
vn 0.25860095 -0.9462653 -0.19418423
vn 0.083757035 -0.97520834 -0.20482539
vn 0.6406872 -0.7617096 -0.09653225
vn 0.803016 -0.4924896 0.335588
vn 0.76331145 0.16962902 0.62336314
vn 0.727729 0.5332146 0.4313846
vn 0.72777504 0.67989886 -0.08989467
vn 0.8521023 0.44371524 -0.27755803
vn 0.8319342 0.49262223 -0.25535995
vn 0.76335233 0.57732683 -0.28980502
vn 0.6183313 0.55698913 -0.5544632
vn 0.22163066 0.5727799 -0.7891787
vn 0.0693016 0.38890442 -0.91866785
vn 0.09901048 -0.5643722 -0.8195615
vn 0.08581101 -0.7122066 -0.6967053
vn 0.08010551 -0.6934582 -0.7160299
vn 0.3336981 -0.7680311 -0.5466021
vn 0.7773376 -0.5090384 -0.36962983
vn 0.8773881 -0.47421622 0.07286326
vn 0.36126173 -0.89104164 -0.2748358
vn 0.95635575 -0.23644133 -0.17169516
vn 0.95970726 -0.23821397 -0.1490506
vn 0.965916 -0.22956759 0.11960374
vn 0.9311748 -0.23044188 0.2825066
vn 0.084732585 -0.81816465 -0.5687064
vn 0.09777242 -0.908214 -0.40692502
vn 0.8521009 -0.19785479 0.4845384
vn 0.7278128 0.027378034 0.68522906
vn 0.727744 0.5160052 0.45180446
vn 0.83196086 -0.16766003 0.5288962
vn 0.7634276 -0.18714733 0.61818624
vn 0.6183845 -0.45136428 0.643328
vn 0.22162585 -0.6799737 0.6989404
vn 0.069279805 -0.8389405 0.53979546
vn 0.07715941 -0.82223153 -0.5638987
vn 0.4292934 0.0715512 -0.9003264
vn 0.9770232 -0.16304944 -0.13726094
vn 0.6982004 0.29907647 -0.65043795
vn 0.64936185 -0.3234688 -0.6882565
vn 0.63059056 -0.59374547 -0.49982193
vn 0.46408993 0.7689294 -0.4397363
vn 0.7759669 0.63067675 -0.011058257
vn 0.7951398 0.46393597 0.39053312
vn 0.43530858 -0.68872297 -0.5797992
vn 0.36579704 -0.33738294 -0.8673899
vn 0.3397095 0.09190746 -0.9360291
vn 0.85936165 -0.3965065 -0.3229243
vn 0.92367965 0.38315743 -0.002494142
vn 0.91789925 0.30357647 0.2555431
vn 0.9017139 -0.33071968 -0.27845377
vn 0.3397095 0.09190746 -0.9360291
vn 0.35133842 0.50022113 -0.7914165
vn 0.4140367 0.79292166 -0.44704452
vn 0.6982004 0.29907647 -0.65043795
vn 0.46408993 0.7689294 -0.4397363
vn 0.49114454 0.8693064 0.05552897
vn 0.7759669 0.63067675 -0.011058257
vn 0.50271064 0.66132665 0.55671275
vn 0.85937965 -0.38575068 -0.33565304
vn 0.49113768 0.20292291 0.84711635
vn 0.77597165 0.09664506 0.6233199
vn 0.41398832 -0.30528194 0.8575644
vn 0.35135815 -0.69450897 0.62785727
vn 0.86136466 -0.5076179 0.01936583
vn 0.93821293 0.09596625 -0.33248606
vn 0.8735051 -0.44938046 -0.18720591
vn 0.9114463 -0.30746025 0.27337492
vn 0.9509444 0.06443119 -0.30257782
vn 0.74827147 -0.5119885 0.42185012
vn 0.94160575 -0.02505669 -0.33578375
vn 0.8873638 -0.34185576 0.30938688
vn 0.927015 -0.054456733 -0.37104943
vn 0.9085136 -0.21379548 0.35901895
vn 0.9294307 0.00791819 -0.36891165
vn 0.9165207 -0.12973554 0.37836298
vn 0.94063044 0.07801013 -0.33034647
vn 0.8264968 0.2916407 0.48150682
vn 0.9028965 0.4270031 -0.049459804
vn 0.4333552 -0.3101008 0.84619194
vn 0.42016488 -0.44125837 0.7929392
vn 0.45586982 -0.2605919 0.8510432
vn 0.49339762 0.17797077 0.8514019
vn 0.7278128 0.027378034 0.68522906
vn 0.53256845 -0.24843371 0.8091054
vn 0.5319048 -0.30570337 0.7896978
vn 0.4439518 -0.43530184 0.78321075
vn 0.4193818 -0.53120047 0.7361691
vn 0.21131572 -0.62082255 0.7549338
vn 0.28600574 -0.4148073 0.8637914
vn 0.114470825 -0.6221146 0.77451265
vn 0.13265999 -0.42024773 0.89765984
vn 0.3429189 0.24180056 0.9077109
vn 0.16780958 0.24378698 0.9552004
vn 0.12744142 -0.5428316 0.830116
vn 0.19583867 -0.5303979 0.8248183
vn 0.15543823 -0.4431431 0.8828721
vn 0.26950178 -0.42583036 0.86373454
vn 0.44356146 -0.47732198 0.75856245
vn 0.5679922 -0.35250425 0.74372417
vn 0.36218682 -0.31456158 0.8774233
vn 0.6690601 -0.24511999 0.70162284
vn 0.6183845 -0.45136428 0.643328
vn 0.7634276 -0.18714733 0.61818624
vn 0.11684908 -0.3195796 0.94032717
vn 0.17758921 0.7528427 0.6337901
vn 0.3391137 0.71967936 0.6058577
vn 0.34294993 0.9356352 0.083499365
vn 0.1678037 0.982779 0.077377096
vn 0.13265762 0.81286454 -0.5671448
vn 0.28596145 0.7804364 -0.5560082
vn 0.11447362 0.6571005 -0.74506015
vn 0.2112774 0.6380744 -0.7404208
vn 0.12743999 0.7254112 -0.6764154
vn 0.19584316 0.72231996 -0.6632491
vn 0.15544426 0.7943893 -0.58718204
vn 0.26949245 0.77848446 -0.56686485
vn 0.11686353 0.87207425 -0.47521508
vn 0.36218446 0.81094164 -0.4595608
vn 0.5679829 0.67273533 -0.4741547
vn 0.44355425 0.66607517 -0.59966946
vn 0.19584316 0.72231996 -0.6632491
vn 0.6690599 0.64955217 -0.36116585
vn 0.6183313 0.55698913 -0.5544632
vn 0.76335233 0.57732683 -0.28980502
vn 0.38509864 0.6478101 -0.6572983
vn 0.64197767 0.56394124 -0.5194564
vn 0.7705498 0.5213468 -0.36667496
vn 0.79421896 0.53838885 -0.2816979
vn 0.8319342 0.49262223 -0.25535995
vn 0.4443372 0.6973381 -0.56239134
vn 0.41951555 0.6348008 -0.64887184
vn 0.53201634 0.72593045 -0.43587103
vn 0.5325722 0.75489897 -0.3827458
vn 0.72777504 0.67989886 -0.08989467
vn 0.8521023 0.44371524 -0.27755803
vn 0.72777504 0.67989886 -0.08989467
vn 0.5325722 0.75489897 -0.3827458
vn 0.51337457 0.64079905 0.5708092
vn 0.727729 0.5332146 0.4313846
vn 0.61853164 0.30195844 0.7254238
vn 0.76331145 0.16962902 0.62336314
vn 0.22163066 0.5727799 -0.7891787
vn -0.020413108 0.8900104 -0.45548308
vn 0.0693016 0.38890442 -0.91866785
vn 0.36416626 -0.19882119 0.9098643
vn 0.17654029 0.1534331 0.9722612
vn 0.31785002 0.43489003 0.84252125
vn 0.15209593 0.470616 0.8691303
vn 0.34495267 0.6698282 0.6575241
vn 0.12019201 0.692273 0.71155596
vn 0.09880663 0.809099 0.57930654
vn 0.3740255 0.7774557 0.50563586
vn 0.38667 0.8400979 0.3804232
vn 0.123196915 0.8844113 0.45015463
vn 0.3934284 0.8835381 0.25411522
vn 0.15001103 0.93348986 0.32571965
vn 0.34742904 0.9233077 0.16369489
vn 0.12963422 0.96617407 0.22294073
vn 0.21416588 0.97156566 0.1009615
vn 0.6982004 0.29907647 -0.65043795
vn 0.3397095 0.09190746 -0.9360291
vn 0.4292934 0.0715512 -0.9003264
vn 0.25860095 -0.9462653 -0.19418423
vn 0.083757035 -0.97520834 -0.20482539
vn 0.9856045 0.1524177 -0.07316098
vn 0.9236497 -0.35432136 -0.14603943
vn 0.93205005 -0.35724884 -0.060464732
vn 0.9066816 -0.35398728 -0.22939377
vn 0.42929414 -0.87494636 0.22399871
vn 0.6493592 -0.73333305 -0.20138317
vn 0.69820267 -0.5899099 0.4056097
vn 0.46408907 -0.3021735 0.8326539
vn 0.77597165 0.09664506 0.6233199
vn 0.36584347 -0.912192 -0.1845654
vn 0.33977118 -0.90663713 0.25012916
vn 0.41398832 -0.30528194 0.8575644
vn 0.46408907 -0.3021735 0.8326539
vn 0.92366755 0.062892415 0.3779984
vn 0.960621 0.07628962 -0.2671839
vn 0.8550961 0.5082098 -0.10263206
vn 0.998586 0.009133963 -0.05236964
vn 0.8243952 0.4370275 -0.35969386
vn 0.775661 0.39208305 -0.4945916
vn 0.8743479 0.17264624 -0.4535516
vn 0.8168395 0.23413305 -0.5272142
vn 0.7298517 0.3743593 -0.5719891
vn 0.7540234 0.2582448 -0.6039522
vn 0.68408215 0.33552387 -0.64765376
vn 0.60519433 0.30947664 -0.7334603
vn 0.6711714 0.25886938 -0.69463336
vn 0.47728717 0.30712104 -0.8233308
vn 0.44356146 -0.47732198 0.75856245
vn 0.19583867 -0.5303979 0.8248183
vn 0.38482273 -0.5372838 0.7504917
vn 0.64164937 -0.41575944 0.6445387
vn 0.77045125 -0.27242842 0.5763572
vn 0.44356146 -0.47732198 0.75856245
vn 0.79420024 -0.18578805 0.57855755
vn 0.83196086 -0.16766003 0.5288962
vn 0.8521009 -0.19785479 0.4845384
vn 0.5132994 0.67178714 0.5340653
vn 0.727744 0.5160052 0.45180446
vn 0.61853135 0.7662955 0.1738111
vn 0.7633399 0.6431244 0.060854018
vn -0.020436812 -0.2970934 0.9546297
vn 0.22162585 -0.6799737 0.6989404
vn 0.069279805 -0.8389405 0.53979546
vn 0.46408907 -0.3021735 0.8326539
vn 0.41398832 -0.30528194 0.8575644
vn 0.77597165 0.09664506 0.6233199
vn 0.2586377 -0.3526872 -0.89928764
vn 0.0837701 -0.3680886 -0.92600936
vn 0.07148444 -0.88554955 -0.45901194
vn 0.07148444 -0.88554955 -0.45901194
vn 0.07148444 -0.88554955 -0.45901194
vn 0.0727372 -0.9481831 -0.30928645
vn 0.3330407 -0.22614963 -0.91539073
vn 0.08697928 -0.23892862 -0.96713376
vn 0.7776131 -0.15079793 -0.6103916
vn 0.9564215 -0.07002747 -0.28346798
vn 0.9862273 -0.039664228 -0.16056922
vn 0.99268824 -0.028943386 -0.117185086
vn 0.98620003 -0.018762251 -0.16449149
vn 0.99267644 -0.013710857 -0.120023094
vn 0.98621106 -0.0014324893 -0.16548614
vn 0.9926845 -0.0010439549 -0.12073292
vn 0.9910141 0.12216371 -0.054471124
vn 0.98813736 -0.0340037 -0.1497609
vn 0.94845456 0.14462478 -0.28198877
vn 0.9563572 -0.0025306898 -0.2921892
vn 0.95632845 -0.033062316 -0.29041827
vn 0.77732587 -0.005447725 -0.6290746
vn 0.77723056 -0.071030304 -0.6251939
vn 0.33370733 -0.0024529202 -0.94267356
vn 0.34052068 0.20571746 -0.9174562
vn 0.77567744 0.12397701 -0.61883295
vn 0.33264738 -0.106422685 -0.9370272
vn 0.08181944 -0.0055448855 -0.99663174
vn 0.086813465 -0.11245184 -0.98985755
vn 0.089372136 0.15471195 -0.98390895
vn 0.06803853 -0.021484962 -0.9974513
vn 0.258611 0.7462874 -0.61333144
vn 0.08374865 0.7669367 -0.63623446
vn 0.6406958 0.62862396 -0.44084096
vn 0.80300945 0.5921888 0.06699489
vn 0.76329744 0.14087583 0.6305006
vn 0.9940538 0.039025802 0.10165651
vn 0.9929783 -0.06694742 0.097530946
vn 0.9898391 0.04243924 -0.13571097
vn 0.98875004 -0.14957702 3.490383E-4
vn 0.9884069 0.050838258 -0.14306368
vn 0.9862106 0.051101286 -0.15740846
vn 0.992682 0.037285384 -0.11485744
vn 0.98620075 0.07020975 -0.14992899
vn 0.992676 0.051230226 -0.10940638
vn 0.9898268 0.0635901 -0.12727575
vn 0.98837817 0.062084146 -0.13875937
vn 0.98874867 0.1070379 0.10449391
vn 0.9929815 -0.019934399 0.11657769
vn 0.9562455 0.12397302 -0.26500055
vn 0.9595981 0.13908544 -0.24459487
vn 0.96591336 0.25886214 -0.0013416721
vn 0.7760364 0.2663357 -0.57169294
vn 0.8781522 0.450695 -0.16038312
vn 0.33208546 0.40306386 -0.85279465
vn 0.3608611 0.6501033 -0.6686891
vn 0.931164 0.335652 0.14237721
vn 0.98812085 0.12886898 -0.083725005
vn 0.9940655 -0.09872879 0.045676854
vn 0.9910173 -0.049558856 -0.12421217
vn 0.99267894 0.084928215 -0.085882075
vn 0.98620933 0.116372675 -0.117679946
vn 0.99268 0.09403474 -0.07578844
vn 0.9862105 0.12886119 -0.10384421
vn 0.94845355 0.09282059 -0.30301857
vn 0.95636004 0.20545226 -0.20776139
vn 0.9563637 0.22750999 -0.18332422
vn 0.77732575 0.44234538 -0.44732
vn 0.77736694 0.48982948 -0.39467412
vn 0.33373246 0.65876496 -0.67427844
vn 0.34053022 0.49185306 -0.8013238
vn 0.7756776 0.34236205 -0.53020036
vn 0.332781 0.7343046 -0.5916533
vn 0.08398292 0.69109786 -0.71786535
vn 0.08684885 0.77574044 -0.6250472
vn 0.091396086 0.5661864 -0.81919456
vn 0.25858393 -0.107784115 -0.9599567
vn 0.08374357 -0.10663342 -0.9907655
vn 0.6406769 -0.14359622 -0.75426334
vn 0.8030192 -0.47134256 -0.36468667
vn 0.76332384 -0.5404242 0.35394692
vn 0.72773385 -0.24544957 0.6404357
vn 0.7277752 0.29563043 0.61882627
vn 0.8521034 0.4010905 0.33622336
vn 0.83194774 0.3950922 0.3895704
vn 0.7634386 0.45395288 0.45944342
vn 0.6184223 0.69937956 0.3583602
vn 0.22163697 0.92755556 0.30086154
vn 0.06932416 0.9938866 0.08592784
vn 0.09894628 0.60459316 -0.790365
vn 0.085737914 0.44203374 -0.8928915
vn 0.0798445 0.46526954 -0.8815606
vn 0.3337153 0.28251162 -0.8993449
vn 0.7773466 0.19422863 -0.59833723
vn 0.87739986 -0.21583962 -0.4284656
vn 0.36124572 -0.013892176 -0.93236715
vn 0.95635736 0.09022489 -0.2779211
vn 0.9597084 0.0681423 -0.2726103
vn 0.96591765 -0.18468024 -0.1813734
vn 0.9311721 -0.3399133 -0.13182387
vn 0.084243335 0.29170543 -0.9527912
vn 0.09734833 0.11020538 -0.98912996
vn 0.85210466 -0.5219583 -0.03843427
vn 0.7277598 -0.6433007 0.23776016
vn 0.7276985 -0.2703231 0.6303811
vn 0.8319549 -0.5548287 0.0040125092
vn 0.76343733 -0.6457488 0.013109784
vn 0.61843 -0.7512852 -0.2304665
vn 0.22163174 -0.8748366 -0.4307439
vn 0.06931161 -0.772607 -0.6310898
vn 0.075691044 0.29316494 -0.9530609
vn 0.42929113 0.8783764 -0.21015234
vn 0.9770223 0.08015899 -0.19748929
vn 0.6981993 0.7110254 0.083430156
vn 0.64936477 0.5546322 -0.5202965
vn 0.63058704 0.2918894 -0.71913874
vn 0.46409076 0.6558139 0.59542245
vn 0.7759734 0.20537569 0.59639424
vn 0.7951412 -0.22807679 0.5618998
vn 0.49123105 0.21579215 0.84387547
vn 0.5028286 -0.32509613 0.8009219
vn 0.4140213 0.6701831 0.6159878
vn 0.35141006 0.90723443 0.23116371
vn 0.6981993 0.7110254 0.083430156
vn 0.42929113 0.8783764 -0.21015234
vn 0.33981836 0.9185708 -0.20186915
vn 0.42929113 0.8783764 -0.21015234
vn 0.3658365 0.7206709 -0.5888949
vn 0.4353532 0.3386103 -0.8341527
vn 0.63058704 0.2918894 -0.71913874
vn 0.8735037 0.31008625 -0.37528357
vn 0.8593797 0.18458422 -0.4768597
vn 0.9236956 0.120760895 0.36359772
vn 0.91791993 -0.14920202 0.3676436
vn 0.90171444 0.1626655 -0.4005633
vn 0.4353532 0.3386103 -0.8341527
vn 0.33915251 -0.3537908 0.8716695
vn 0.34299 0.20974015 0.9156238
vn 0.17759341 -0.3700998 0.9118589
vn 0.16780362 0.23014134 0.9585807
vn 0.1326571 0.7905734 0.5978259
vn 0.28599423 0.76996064 0.5704104
vn 0.11447268 0.9116486 0.394706
vn 0.21127297 0.9013737 0.37800676
vn 0.12743515 0.8674691 0.4808926
vn 0.1957251 0.85402185 0.48201483
vn 0.15544367 0.80391747 0.574068
vn 0.26945508 0.77969044 0.5652227
vn 0.11685774 0.7214461 0.6825392
vn 0.36223695 0.68765706 0.6292154
vn 0.56795245 0.65885 0.49330175
vn 0.4434731 0.7761892 0.44817626
vn 0.66909635 0.54419285 0.5061267
vn 0.6184223 0.69937956 0.3583602
vn 0.7634386 0.45395288 0.45944342
vn 0.38523155 0.82527703 0.4129341
vn 0.64196193 0.6682718 0.37589568
vn 0.4434731 0.7761892 0.44817626
vn 0.77038044 0.5099589 0.38269565
vn 0.7941707 0.43431598 0.42504427
vn 0.83194774 0.3950922 0.3895704
vn 0.44437996 0.75031507 0.48944238
vn 0.44437996 0.75031507 0.48944238
vn 0.4197032 0.81320614 0.40316877
vn 0.53187835 0.63889897 0.5557999
vn 0.53256536 0.5972792 0.59969306
vn 0.7277752 0.29563043 0.61882627
vn 0.44437996 0.75031507 0.48944238
vn 0.8521034 0.4010905 0.33622336
vn 0.5133592 -0.3448588 0.78583384
vn 0.72773385 -0.24544957 0.6404357
vn 0.6185194 -0.59662575 0.51134276
vn 0.76332384 -0.5404242 0.35394692
vn 0.4434731 0.7761892 0.44817626
vn 0.26945508 0.77969044 0.5652227
vn 0.1957251 0.85402185 0.48201483
vn 0.22163697 0.92755556 0.30086154
vn -0.020411847 0.70822966 0.7056869
vn 0.06932416 0.9938866 0.08592784
vn 0.25858393 -0.107784115 -0.9599567
vn 0.08374357 -0.10663342 -0.9907655
vn 0.9856011 0.11669755 0.122360736
vn 0.9238585 0.029366165 -0.38160592
vn 0.93224275 -0.052815624 -0.35795808
vn 0.9069223 0.108629584 -0.40705237
vn 0.42929408 -0.48341292 -0.76290137
vn 0.6493582 -0.03508501 -0.759673
vn 0.6981953 -0.5680392 -0.43572342
vn 0.46409822 -0.8852722 -0.030099196
vn 0.7759706 -0.56294 0.28454915
vn 0.33975926 -0.51806855 -0.7849641
vn 0.36589175 -0.1063544 -0.9245604
vn 0.4353532 0.3386103 -0.8341527
vn 0.63058704 0.2918894 -0.71913874
vn 0.35131323 -0.8117345 -0.466547
vn 0.49122202 -0.7428953 0.45476088
vn 0.41401896 -0.9099143 -0.025379643
vn 0.86136186 -0.17529199 -0.47678977
vn 0.9382212 0.34584633 -0.011460552
vn 0.95095503 0.30764812 -0.032204945
vn 0.87353146 0.039177198 -0.48518863
vn 0.9114379 -0.35501936 -0.20794745
vn 0.748189 -0.55953646 -0.35655612
vn 0.9415957 0.31164438 -0.127575
vn 0.88725924 -0.40011737 -0.22951491
vn 0.9270075 0.33608702 -0.16644107
vn 0.9084541 -0.40765223 -0.09236263
vn 0.92942667 0.35331377 -0.10646818
vn 0.9164942 -0.3999961 -0.006444414
vn 0.940616 0.3383244 -0.027893068
vn 0.82666403 -0.36774716 0.42589742
vn 0.9029539 0.17902458 0.3906718
vn 0.4332618 -0.9006484 -0.033414945
vn 0.41993836 -0.89060074 -0.17459148
vn 0.4558494 -0.88992774 0.015163806
vn 0.49351326 -0.75474715 0.43220526
vn 0.8593957 0.20005995 -0.47054762
vn 0.9236823 -0.34004408 0.17658176
vn 0.34294116 -0.7885816 0.5104219
vn 0.16780598 -0.8331368 0.52699554
vn 0.13264981 -0.9835873 -0.12231103
vn 0.28598043 -0.94970167 -0.12760058
vn 0.11446146 -0.928854 -0.3523193
vn 0.21126342 -0.90984917 -0.35713047
vn 0.12743223 -0.95723283 -0.25974283
vn 0.19566311 -0.9483881 -0.24955155
vn 0.15544243 -0.97659844 -0.14863773
vn 0.26940018 -0.953077 -0.13808605
vn 0.11685356 -0.99305934 -0.013356291
vn 0.362218 -0.93167156 -0.028041488
vn 0.56791985 -0.81630236 -0.105439365
vn 0.44348451 -0.8689723 -0.2195646
vn 0.66908765 -0.7430042 -0.0163241
vn 0.61843 -0.7512852 -0.2304665
vn 0.76343733 -0.6457488 0.013109784
vn 0.38509378 -0.87967825 -0.27905002
vn 0.64185756 -0.7412982 -0.19620366
vn 0.77038395 -0.63241565 -0.08098788
vn 0.44348451 -0.8689723 -0.2195646
vn 0.79417646 -0.60768366 0.002097061
vn 0.8319549 -0.5548287 0.0040125092
vn 0.4441291 -0.87930876 -0.17194575
vn 0.41950953 -0.864244 -0.27765822
vn 0.5318362 -0.8455579 -0.04671324
vn 0.53255934 -0.84628093 0.013755149
vn 0.7277598 -0.6433007 0.23776016
vn 0.85210466 -0.5219583 -0.03843427
vn 0.5135442 -0.30037397 0.803771
vn 0.7276985 -0.2703231 0.6303811
vn 0.61864287 0.071514085 0.78241086
vn 0.76329744 0.14087583 0.6305006
vn 0.44348451 -0.8689723 -0.2195646
vn 0.19566311 -0.9483881 -0.24955155
vn 0.26940018 -0.953077 -0.13808605
vn -0.020414377 -0.9997138 0.012473842
vn 0.22163174 -0.8748366 -0.4307439
vn 0.06931161 -0.772607 -0.6310898
vn 0.258611 0.7462874 -0.61333144
vn 0.08374865 0.7669367 -0.63623446
vn 0.9070129 0.4130303 0.0820584
vn 0.53704476 0.77391547 0.33561546
vn 0.9237467 0.3559887 0.14129403
vn 0.5369334 0.8229483 0.18563052
vn 0.53728026 0.6920807 0.48203135
vn 0.93224174 0.29785562 0.20544411
vn 0.5367155 0.5913268 0.60188794
vn 0.9322953 0.2530262 0.2584631
vn 0.536839 0.46561727 0.7035655
vn 0.92383987 0.2005569 0.32603183
vn 0.5364668 0.3233339 0.7795246
vn 0.9068095 0.15144642 0.39339614
vn 0.0738851 0.9149381 0.39677358
vn 0.07390357 0.9728303 0.21940711
vn -0.0 0.91744965 0.39785188
vn -0.0 0.97549874 0.22000496
vn -0.0 0.8205552 0.57156724
vn 0.07385186 0.38205642 0.92118335
vn 0.07386291 0.55039424 0.8316312
vn -0.0 0.38309273 0.92370987
vn -0.0 0.5519002 0.8339101
vn 0.07386436 0.6989265 0.71136886
vn -0.0 0.70083416 0.7133242
vn 0.07395486 0.8183113 0.5699977
vn 0.92400116 0.3716732 -0.089893386
vn 0.5369997 0.8409508 -0.0665815
vn 0.90704334 0.42043966 -0.022424312
vn 0.53727174 0.81275094 -0.22533293
vn 0.9323933 0.32376885 -0.160675
vn 0.53706217 0.7549522 -0.3763129
vn 0.9322932 0.28732097 -0.21971807
vn 0.5375598 0.67216116 -0.50914514
vn 0.92377293 0.2443542 -0.29484674
vn 0.5371733 0.5583 -0.63225466
vn 0.90699667 0.20569839 -0.36748496
vn 0.5369142 0.43085498 -0.7253187
vn 0.07391305 0.9941559 -0.07868231
vn 0.0739484 0.96100974 -0.26644304
vn -0.0 0.9968827 -0.07889827
vn -0.0 0.9636466 -0.26718026
vn 0.07400353 0.8925048 -0.4449255
vn -0.0 0.8949498 -0.44616678
vn 0.074136004 0.7949574 -0.60211843
vn 0.07396295 0.6600956 -0.7475315
vn 0.07392739 0.50927705 -0.8574215
vn -0.0 0.6619125 -0.7495811
vn -0.0 0.51066357 -0.8597806
vn -0.0 0.7971494 -0.60378206
vn 0.90704334 0.42043966 -0.022424312
vn 0.53671753 0.8416108 0.06021227
vn 0.898738 0.43736836 0.031287182
vn 0.5369997 0.8409508 -0.0665815
vn 0.5369334 0.8229483 0.18563052
vn 0.9070129 0.4130303 0.0820584
vn 0.07390357 0.9728303 0.21940711
vn 0.07389142 0.9947238 0.07116637
vn -0.0 0.97549874 0.22000496
vn -0.0 0.9974508 0.071357
vn 0.07391305 0.9941559 -0.07868231
vn -0.0 0.9968827 -0.07889827
vn 0.9067627 0.049640186 0.4187089
vn 0.5363418 -0.08010037 0.8401913
vn 0.92350763 -0.02444363 0.38280052
vn 0.5362748 0.0778155 0.84044874
vn 0.53650796 -0.24470894 0.80763656
vn 0.93198204 -0.103544824 0.34740174
vn 0.53594154 -0.389906 0.7488257
vn 0.9320392 -0.16791838 0.32110175
vn 0.53618675 -0.52552485 0.66055083
vn 0.9236102 -0.24845034 0.2919189
vn 0.5358917 -0.6417369 0.5486289
vn 0.90660834 -0.32766965 0.26588318
vn 0.07364991 -0.7580446 0.64803094
vn 0.073694855 -0.62088525 0.7804298
vn -0.0 -0.76010925 0.64979523
vn -0.0 -0.6225823 0.7825543
vn 0.073666185 -0.4605487 0.8845723
vn -0.0 -0.46180785 0.88698
vn 0.07376182 -0.28919476 0.9544242
vn 0.0736788 -0.09463778 0.9927815
vn 0.07372714 0.091993324 0.99302644
vn -0.0 -0.09489637 0.99548715
vn -0.0 0.09225795 0.9957351
vn -0.0 -0.28998157 0.9570322
vn 0.9068095 0.15144642 0.39339614
vn 0.53612524 0.20289746 0.8193915
vn 0.8984734 0.10552194 0.42615816
vn 0.5364668 0.3233339 0.7795246
vn 0.5362748 0.0778155 0.84044874
vn 0.9067627 0.049640186 0.4187089
vn 0.07372714 0.091993324 0.99302644
vn 0.073816136 0.2397126 0.9680336
vn -0.0 0.09225795 0.9957351
vn -0.0 0.24037717 0.9706796
vn 0.07385186 0.38205642 0.92118335
vn -0.0 0.38309273 0.92370987
vn 0.9066127 -0.3831726 0.17672645
vn 0.53609145 -0.82397527 0.18349585
vn 0.9233966 -0.37187618 0.09511524
vn 0.5358952 -0.7754938 0.33380482
vn 0.5363866 -0.8438041 0.016852861
vn 0.93193674 -0.36251184 0.008895443
vn 0.53590363 -0.8326884 -0.13941765
vn 0.93205005 -0.35724884 -0.060464732
vn 0.5362068 -0.79061586 -0.29564983
vn 0.9236497 -0.35432136 -0.14603943
vn 0.5360494 -0.7199985 -0.44074172
vn 0.9066816 -0.35398728 -0.22939377
vn 0.07365049 -0.85054845 -0.52071387
vn 0.073613316 -0.9341128 -0.34930557
vn -0.0 -0.8528548 -0.52214813
vn -0.0 -0.9366533 -0.35025787
vn 0.073590524 -0.98360276 -0.16465122
vn -0.0 -0.98627794 -0.1650936
vn 0.07374173 -0.9970791 0.019888718
vn 0.07366924 -0.973439 0.21677013
vn 0.07363205 -0.91602075 0.39431497
vn -0.0 -0.9760922 0.21735688
vn -0.0 -0.91851664 0.3953823
vn -0.0 -0.99980104 0.019947907
vn 0.90660834 -0.32766965 0.26588318
vn 0.5356085 -0.71686727 0.44634613
vn 0.89829475 -0.37300065 0.23224363
vn 0.5358917 -0.6417369 0.5486289
vn 0.5358952 -0.7754938 0.33380482
vn 0.9066127 -0.3831726 0.17672645
vn 0.07363205 -0.91602075 0.39431497
vn 0.07360643 -0.8465982 0.52711827
vn -0.0 -0.91851664 0.3953823
vn -0.0 -0.848904 0.5285471
vn 0.07364991 -0.7580446 0.64803094
vn -0.0 -0.76010925 0.64979523
vn 0.5364733 -0.42902273 -0.72672963
vn 0.9235534 -0.20518412 -0.3239578
vn 0.53620183 -0.5569778 -0.6342423
vn 0.53685904 -0.27668223 -0.79701275
vn 0.9321206 -0.120326325 -0.34157386
vn 0.53644 -0.12465803 -0.8346811
vn 0.93224275 -0.052815624 -0.35795808
vn 0.5368355 0.03684232 -0.84288216
vn 0.9238585 0.029366165 -0.38160592
vn 0.5367198 0.19654842 -0.82054895
vn 0.9069223 0.108629584 -0.40705237
vn 0.073884234 0.2323619 -0.96981907
vn 0.073816404 0.043561216 -0.99631995
vn -0.0 0.23300509 -0.9724755
vn -0.0 0.043686997 -0.99904525
vn 0.07369144 -0.14733058 -0.9863383
vn -0.0 -0.1477256 -0.9890284
vn 0.07379097 -0.32703662 -0.9421263
vn 0.07371959 -0.50697315 -0.85880363
vn 0.07367508 -0.65809214 -0.74932414
vn -0.0 -0.508356 -0.86114705
vn -0.0 -0.6598889 -0.7513632
vn -0.0 -0.32794157 -0.94469804
vn 0.9066816 -0.35398728 -0.22939377
vn 0.53588015 -0.64589214 -0.54374236
vn 0.898409 -0.33595908 -0.28282982
vn 0.5360494 -0.7199985 -0.44074172
vn 0.53620183 -0.5569778 -0.6342423
vn 0.90674967 -0.28628245 -0.3095924
vn 0.07367508 -0.65809214 -0.74932414
vn 0.0736567 -0.762931 -0.6422702
vn -0.0 -0.6598889 -0.7513632
vn -0.0 -0.76500714 -0.6440218
vn 0.07365049 -0.85054845 -0.52071387
vn -0.0 -0.8528548 -0.52214813
vn 0.9069223 0.108629584 -0.40705237
vn 0.5365727 0.31735617 -0.78190464
vn 0.8986608 0.16495258 -0.40644735
vn 0.5367198 0.19654842 -0.82054895
vn 0.5369142 0.43085498 -0.7253187
vn 0.90699667 0.20569839 -0.36748496
vn 0.07392739 0.50927705 -0.8574215
vn 0.07391577 0.37507364 -0.9240434
vn -0.0 0.51066357 -0.8597806
vn -0.0 0.3761064 -0.9265765
vn 0.073884234 0.2323619 -0.96981907
vn -0.0 0.23300509 -0.9724755
vn 0.0738851 0.9149381 0.39677358
vn -0.0 0.8205552 0.57156724
vn 0.07395486 0.8183113 0.5699977
vn 0.074136004 0.7949574 -0.60211843
vn -0.0 0.7971494 -0.60378206
vn -0.0 0.8949498 -0.44616678
vn 0.0736788 -0.09463778 0.9927815
vn -0.0 -0.28998157 0.9570322
vn 0.07376182 -0.28919476 0.9544242
vn 0.07395486 0.8183113 0.5699977
vn -0.0 0.8205552 0.57156724
vn -0.0 0.70083416 0.7133242
vn 0.07366924 -0.973439 0.21677013
vn -0.0 -0.99980104 0.019947907
vn 0.07374173 -0.9970791 0.019888718
vn 0.07376182 -0.28919476 0.9544242
vn -0.0 -0.28998157 0.9570322
vn -0.0 -0.46180785 0.88698
vn 0.07371959 -0.50697315 -0.85880363
vn -0.0 -0.32794157 -0.94469804
vn 0.07379097 -0.32703662 -0.9421263
vn 0.07374173 -0.9970791 0.019888718
vn -0.0 -0.99980104 0.019947907
vn -0.0 -0.98627794 -0.1650936
vn 0.07396295 0.6600956 -0.7475315
vn -0.0 0.7971494 -0.60378206
vn 0.074136004 0.7949574 -0.60211843
vn 0.07379097 -0.32703662 -0.9421263
vn -0.0 -0.32794157 -0.94469804
vn -0.0 -0.1477256 -0.9890284
vn 0.6698206 -0.7295653 -0.13811155
vn 0.9670293 -0.25271714 -0.03143933
vn 0.6698206 -0.7295653 -0.13811155
vn 0.96703124 -0.24687764 -0.06246622
vn 0.6702282 -0.7071029 -0.22538772
vn 0.6702282 -0.7071029 -0.22538772
vn 0.9670173 -0.2382998 -0.0899486
vn 0.6702618 -0.67964274 -0.2980519
vn 0.6702618 -0.67964274 -0.2980519
vn 0.96702164 -0.22757721 -0.11435791
vn 0.6703032 -0.6447313 -0.36744398
vn 0.6703032 -0.6447313 -0.36744398
vn 0.96705204 -0.2124969 -0.14019777
vn 0.6698168 -0.74117047 -0.044853624
vn 0.9670327 -0.2546522 7.2589195E-5
vn 0.6698168 -0.74117047 -0.044853624
vn 0.67016125 -0.7408342 0.045260742
vn 0.967012 -0.25309518 0.028821848
vn 0.67016125 -0.7408342 0.045260742
vn 0.67011684 -0.7320825 0.12246888
vn 0.9670094 -0.2487059 0.055120416
vn 0.67011684 -0.7320825 0.12246888
vn 0.6700984 -0.7152901 0.19831337
vn 0.9670085 -0.2415851 0.08081619
vn 0.6700984 -0.7152901 0.19831337
vn 0.6700625 -0.69066834 0.2720173
vn 0.9670224 -0.2309498 0.107376926
vn 0.6700625 -0.69066834 0.2720173
vn 0.6696954 -0.6534205 0.35291627
vn 0.9670151 -0.21625426 0.13459529
vn 0.6696954 -0.6534205 0.35291627
vn 0.6696521 -0.6052081 0.43045235
vn 0.9670176 -0.19830632 0.1598485
vn 0.6696521 -0.6052081 0.43045235
vn 0.6699421 -0.54893416 0.49984887
vn 0.9669986 -0.17914955 0.1811607
vn 0.6699421 -0.54893416 0.49984887
vn 0.669927 -0.4936967 0.554492
vn 0.96700096 -0.15922838 0.1988854
vn 0.669927 -0.4936967 0.554492
vn 0.6699326 -0.4330223 0.60306066
vn 0.9670183 -0.13572592 0.21553206
vn 0.6699326 -0.4330223 0.60306066
vn 0.66950864 -0.35693404 0.6514264
vn 0.96700865 -0.10802598 0.23070475
vn 0.66950864 -0.35693404 0.6514264
vn 0.6694388 -0.27181804 0.69135135
vn 0.9670054 -0.078652255 0.24231069
vn 0.6694388 -0.27181804 0.69135135
vn 0.66978616 -0.18595836 0.7188922
vn 0.966989 -0.050818443 0.24969943
vn 0.66978616 -0.18595836 0.7188922
vn 0.6697943 -0.10980978 0.73438233
vn 0.9669875 -0.024439942 0.253649
vn 0.6697943 -0.10980978 0.73438233
vn 0.6697429 -0.03243233 0.74188447
vn 0.9669811 0.0022089966 0.25483865
vn 0.6697429 -0.03243233 0.74188447
vn 0.6697022 0.045288447 0.74124753
vn 0.966985 0.028969502 0.25318134
vn 0.6697022 0.045288447 0.74124753
vn 0.66973454 0.12332228 0.732289
vn 0.9670807 0.06101088 0.2470476
vn 0.66973454 0.12332228 0.732289
vn 0.6697195 0.23176678 0.705521
vn 0.96699256 0.092365615 0.23747416
vn 0.6697195 0.23176678 0.705521
vn 0.6697359 0.3058372 0.676696
vn 0.96698654 0.11695812 0.2264019
vn 0.6697359 0.3058372 0.676696
vn 0.66973084 0.37489003 0.64102894
vn 0.96698487 0.13998057 0.21294522
vn 0.66973084 0.37489003 0.64102894
vn 0.66971815 0.43983793 0.59834796
vn 0.9670038 0.16307491 0.19572982
vn 0.66971815 0.43983793 0.59834796
vn 0.66938025 0.50932395 0.5408504
vn 0.96700424 0.18604311 0.17404261
vn 0.66938025 0.50932395 0.5408504
vn 0.66939235 0.57354945 0.4721809
vn 0.96700674 0.20614094 0.14967898
vn 0.66939235 0.57354945 0.4721809
vn 0.66977316 0.6262494 0.3990185
vn 0.96699274 0.2217619 0.12548606
vn 0.66977316 0.6262494 0.3990185
vn 0.6698211 0.66448784 0.33135444
vn 0.9669979 0.23364596 0.10161015
vn 0.6698211 0.66448784 0.33135444
vn 0.6698531 0.6954573 0.26006898
vn 0.96700007 0.24297917 0.076629214
vn 0.6698531 0.6954573 0.26006898
vn 0.6698738 0.7188117 0.1859539
vn 0.9669991 0.2496838 0.050702512
vn 0.6698738 0.7188117 0.1859539
vn 0.66984415 0.7344347 0.10915367
vn 0.9670824 0.25378346 0.01859044
vn 0.66984415 0.7344347 0.10915367
vn 0.66982555 0.7425178 -9.607291E-4
vn 0.9670074 0.2543514 -0.014214009
vn 0.66982555 0.7425178 -9.607291E-4
vn 0.6699694 0.737874 -0.08174972
vn 0.96700406 0.25139743 -0.04126077
vn 0.6699694 0.737874 -0.08174972
vn 0.66997045 0.72529405 -0.15839237
vn 0.9670027 0.24571396 -0.06730808
vn 0.66997045 0.72529405 -0.15839237
vn 0.6699833 0.7047487 -0.23334852
vn 0.96702135 0.23647957 -0.09458924
vn 0.6699833 0.7047487 -0.23334852
vn 0.66965336 0.6715451 -0.31716168
vn 0.96701956 0.22296321 -0.12312801
vn 0.66965336 0.6715451 -0.31716168
vn 0.66967446 0.6260928 -0.39942947
vn 0.9670267 0.20599303 -0.14975391
vn 0.66967446 0.6260928 -0.39942947
vn 0.6701295 0.5727612 -0.4720922
vn 0.9670172 0.18780208 -0.17207043
vn 0.6701295 0.5727612 -0.4720922
vn 0.67017406 0.5202502 -0.5293453
vn 0.96701896 0.16878663 -0.19074965
vn 0.67017406 0.5202502 -0.5293453
vn 0.67018765 0.46207145 -0.5808084
vn 0.96701956 0.14792098 -0.20734653
vn 0.67018765 0.46207145 -0.5808084
vn 0.6702119 0.3987983 -0.62592006
vn 0.96703553 0.12370159 -0.22257636
vn 0.6702119 0.3987983 -0.62592006
vn 0.66988915 0.32111773 -0.66942656
vn 0.96702087 0.09616357 -0.23584582
vn 0.66988915 0.32111773 -0.66942656
vn 0.6698263 0.2385469 -0.7031558
vn 0.9670401 0.06680472 -0.24570408
vn 0.6698263 0.2385469 -0.7031558
vn 0.6702934 0.15024316 -0.7267281
vn 0.96702933 0.038435664 -0.25174782
vn 0.6702934 0.15024316 -0.7267281
vn 0.6703625 0.07343743 -0.73839086
vn 0.96703744 0.01190795 -0.25435567
vn 0.6703625 0.07343743 -0.73839086
vn 0.670398 -0.0041419594 -0.74199015
vn 0.96705514 -0.016873015 -0.25400716
vn 0.670398 -0.0041419594 -0.74199015
vn 0.67000955 -0.094081394 -0.7363667
vn 0.9670518 -0.04817882 -0.2499791
vn 0.67000955 -0.094081394 -0.7363667
vn 0.67003596 -0.18632439 -0.71856457
vn 0.9670538 -0.07873495 -0.24209061
vn 0.67003596 -0.18632439 -0.71856457
vn 0.67039245 -0.27189565 -0.690396
vn 0.9670304 -0.10558919 -0.23173931
vn 0.67039245 -0.27189565 -0.690396
vn 0.6703464 -0.3425951 -0.6582282
vn 0.96702754 -0.1292386 -0.21944256
vn 0.6703464 -0.3425951 -0.6582282
vn 0.66971624 -0.591905 -0.44847372
vn 0.66971624 -0.591905 -0.44847372
vn 0.96698296 -0.19483343 -0.16426808
vn 0.66973466 -0.54205114 -0.50757873
vn 0.66973466 -0.54205114 -0.50757873
vn 0.9670488 -0.1742462 -0.18561992
vn 0.6703423 -0.4719768 -0.5726072
vn 0.6703423 -0.4719768 -0.5726072
vn 0.96702796 -0.15147145 -0.20472752
vn 0.67035604 -0.40951258 -0.61880714
vn 0.67035604 -0.40951258 -0.61880714
vn 0.96702754 -0.1292386 -0.21944256
vn -0.40259287 0.88741285 0.2245381
vn -0.0 0.982549 0.18600394
vn -0.40248924 0.9084222 0.11301112
vn -0.0 0.982549 0.18600394
vn -0.40258312 0.85640395 0.32326308
vn -0.0 0.9527679 0.30369952
vn -0.0 0.9527679 0.30369952
vn -0.40260875 0.8179153 0.41099966
vn -0.0 0.9158036 0.4016264
vn -0.0 0.9158036 0.4016264
vn -0.4026939 0.7640312 0.5040773
vn -0.0 0.8688141 0.49513832
vn -0.0 0.8688141 0.49513832
vn -0.0 0.9981739 0.060405526
vn -0.40250862 0.9154162 -2.6071863E-4
vn -0.0 0.9981739 0.060405526
vn -0.0 0.9981384 -0.06098869
vn -0.40242422 0.9095748 -0.10357792
vn -0.0 0.9981384 -0.06098869
vn -0.0 0.9862953 -0.1649897
vn -0.4023821 0.8937841 -0.19808736
vn -0.0 0.9862953 -0.1649897
vn -0.0 0.9636494 -0.2671701
vn -0.40233672 0.8681999 -0.29043773
vn -0.0 0.9636494 -0.2671701
vn -0.0 0.93043715 -0.36645144
vn -0.40232515 0.8301525 -0.385981
vn -0.0 0.93043715 -0.36645144
vn -0.0 0.87986046 -0.47523212
vn -0.4021899 0.7772986 -0.48378733
vn -0.0 0.87986046 -0.47523212
vn -0.0 0.81491494 -0.57958055
vn -0.40221047 0.7128124 -0.57456523
vn -0.0 0.81491494 -0.57958055
vn -0.0 0.73938763 -0.67328
vn -0.40211624 0.6437822 -0.65103537
vn -0.0 0.73938763 -0.67328
vn -0.0 0.6649562 -0.7468823
vn -0.40206888 0.5722169 -0.71477854
vn -0.0 0.6649562 -0.7468823
vn -0.0 0.58324677 -0.8122951
vn -0.4020643 0.4878962 -0.77479136
vn -0.0 0.58324677 -0.8122951
vn -0.0 0.48053023 -0.87697816
vn -0.4019509 0.3883018 -0.829251
vn -0.0 0.48053023 -0.87697816
vn -0.0 0.36590794 -0.930651
vn -0.40196517 0.2827083 -0.87091905
vn -0.0 0.36590794 -0.930651
vn -0.0 0.25044152 -0.9681317
vn -0.4018821 0.18261495 -0.8972974
vn -0.0 0.25044152 -0.9681317
vn -0.0 0.14787136 -0.98900664
vn -0.40184805 0.08782168 -0.9114853
vn -0.0 0.14787136 -0.98900664
vn -0.0 0.043681085 -0.99904555
vn -0.40181735 -0.007933059 -0.9156855
vn -0.0 0.043681085 -0.99904555
vn -0.0 -0.060981393 -0.9981389
vn -0.40179536 -0.10410774 -0.9097923
vn -0.0 -0.060981393 -0.9981389
vn -0.0 -0.166078 -0.9861126
vn -0.40224287 -0.21952224 -0.8888254
vn -0.0 -0.166078 -0.9861126
vn -0.0 -0.3121156 -0.95004416
vn -0.40175918 -0.3319471 -0.85346395
vn -0.0 -0.3121156 -0.95004416
vn -0.0 -0.41181985 -0.91126525
vn -0.4017432 -0.42029485 -0.81360596
vn -0.0 -0.41181985 -0.91126525
vn -0.0 -0.5048401 -0.8632129
vn -0.4017384 -0.5030412 -0.76521623
vn -0.0 -0.5048401 -0.8632129
vn -0.0 -0.5922934 -0.80572236
vn -0.40178347 -0.5861808 -0.7035355
vn -0.0 -0.5922934 -0.80572236
vn -0.0 -0.68557626 -0.7280009
vn -0.40172812 -0.6687451 -0.6256153
vn -0.0 -0.68557626 -0.7280009
vn -0.0 -0.77202415 -0.6355931
vn -0.40180534 -0.7409871 -0.5380432
vn -0.0 -0.77202415 -0.6355931
vn -0.0 -0.8433605 -0.5373482
vn -0.40178075 -0.79699004 -0.45097575
vn -0.0 -0.8433605 -0.5373482
vn -0.0 -0.8949095 -0.4462476
vn -0.4018048 -0.83975345 -0.36519453
vn -0.0 -0.8949095 -0.4462476
vn -0.0 -0.9366517 -0.35026225
vn -0.40183377 -0.87331086 -0.27542284
vn -0.0 -0.9366517 -0.35026225
vn -0.0 -0.9681269 -0.2504602
vn -0.40187013 -0.8973798 -0.1822358
vn -0.0 -0.9681269 -0.2504602
vn -0.0 -0.98913527 -0.14700827
vn -0.40235224 -0.9130386 -0.06688116
vn -0.0 -0.98913527 -0.14700827
vn -0.0 -0.99999917 0.0013029728
vn -0.40196946 -0.9142281 0.051064342
vn -0.0 -0.99999917 0.0013029728
vn -0.0 -0.993924 0.1100684
vn -0.40199777 -0.90355384 0.14828433
vn -0.0 -0.993924 0.1100684
vn -0.0 -0.97696996 0.21337701
vn -0.40204114 -0.8830839 0.24192092
vn -0.0 -0.97696996 0.21337701
vn -0.0 -0.94931275 0.31433302
vn -0.40213618 -0.85010034 0.34002343
vn -0.0 -0.94931275 0.31433302
vn -0.0 -0.90423256 0.42704043
vn -0.4021308 -0.8014954 0.44260138
vn -0.0 -0.90423256 0.42704043
vn -0.0 -0.84304535 0.5378425
vn -0.4022495 -0.7405279 0.53834355
vn -0.0 -0.84304535 0.5378425
vn -0.0 -0.771665 0.63602924
vn -0.40225798 -0.67503285 0.6184813
vn -0.0 -0.771665 0.63602924
vn -0.0 -0.70094466 0.71321565
vn -0.402305 -0.60667485 0.6856357
vn -0.0 -0.70094466 0.71321565
vn -0.0 -0.6225702 0.7825639
vn -0.402352 -0.53168076 0.7452707
vn -0.0 -0.6225702 0.7825639
vn -0.0 -0.5373635 0.8433507
vn -0.402441 -0.44473356 0.80015826
vn -0.0 -0.5373635 0.8433507
vn -0.0 -0.43251562 0.90162647
vn -0.40236163 -0.34566423 0.8477154
vn -0.0 -0.43251562 0.90162647
vn -0.0 -0.32127446 0.94698614
vn -0.40254307 -0.24016409 0.88333476
vn -0.0 -0.32127446 0.94698614
vn -0.0 -0.20243138 0.97929645
vn -0.40253362 -0.13814348 0.90492153
vn -0.0 -0.20243138 0.97929645
vn -0.0 -0.09897353 0.99509007
vn -0.40256497 -0.042799197 0.9143903
vn -0.0 -0.09897353 0.99509007
vn -0.0 0.005592421 0.9999844
vn -0.40263876 0.06067682 0.91334563
vn -0.0 0.005592421 0.9999844
vn -0.0 0.12673008 0.9919373
vn -0.40260535 0.1732228 0.8988341
vn -0.0 0.12673008 0.9919373
vn -0.0 0.2509916 0.96798927
vn -0.40268764 0.28309548 0.87045944
vn -0.0 0.2509916 0.96798927
vn -0.0 0.36643705 0.9304428
vn -0.40265378 0.3795423 0.8329571
vn -0.0 0.36643705 0.9304428
vn -0.0 0.4617051 0.8870335
vn -0.4026582 0.4645296 0.7887196
vn -0.0 0.4617051 0.8870335
vn -0.4022721 0.69994605 0.5901294
vn -0.0 0.7970547 0.60390705
vn -0.0 0.7970547 0.60390705
vn -0.40271538 0.6264572 0.6673618
vn -0.0 0.72993886 0.6835124
vn -0.0 0.72993886 0.6835124
vn -0.4026588 0.5444212 0.7358474
vn -0.0 0.6360241 0.7716692
vn -0.0 0.6360241 0.7716692
vn -0.4026582 0.4645296 0.7887196
vn -0.0 0.5518815 0.83392256
vn -0.0 0.5518815 0.83392256
vn -0.63925856 0.7555719 0.1430373
vn -0.63925856 0.7555719 0.1430373
vn -0.63925856 0.7555719 0.1430373
vn -0.63925856 0.7555719 0.1430373
vn -0.6396409 0.7323687 0.2334426
vn -0.6396409 0.7323687 0.2334426
vn -0.6396409 0.7323687 0.2334426
vn -0.6396409 0.7323687 0.2334426
vn -0.6396373 0.703957 0.308721
vn -0.6396373 0.703957 0.308721
vn -0.6396373 0.703957 0.308721
vn -0.6396373 0.703957 0.308721
vn -0.6396392 0.6678329 0.380606
vn -0.6396392 0.6678329 0.380606
vn -0.6396392 0.6678329 0.380606
vn -0.6396392 0.6678329 0.380606
vn -0.6035274 0.6927371 0.39480373
vn -0.6035274 0.6927371 0.39480373
vn -0.63926613 0.7675813 0.04645068
vn -0.63926613 0.7675813 0.04645068
vn -0.63926613 0.7675813 0.04645068
vn -0.63926613 0.7675813 0.04645068
vn -0.6033565 0.79601514 0.04817448
vn -0.6033565 0.79601514 0.04817448
vn -0.6396573 0.7672295 -0.04687629
vn -0.6396573 0.7672295 -0.04687629
vn -0.6396573 0.7672295 -0.04687629
vn -0.6396573 0.7672295 -0.04687629
vn -0.63966745 0.7581171 -0.12682256
vn -0.63966745 0.7581171 -0.12682256
vn -0.63966745 0.7581171 -0.12682256
vn -0.63966745 0.7581171 -0.12682256
vn -0.6396774 0.7407037 -0.20535539
vn -0.6396774 0.7407037 -0.20535539
vn -0.6396774 0.7407037 -0.20535539
vn -0.6396774 0.7407037 -0.20535539
vn -0.63968724 0.7151665 -0.28166848
vn -0.63968724 0.7151665 -0.28166848
vn -0.63968724 0.7151665 -0.28166848
vn -0.63968724 0.7151665 -0.28166848
vn -0.60402983 0.7415246 -0.29204318
vn -0.60402983 0.7415246 -0.29204318
vn -0.6393568 0.67653364 -0.36541095
vn -0.6393568 0.67653364 -0.36541095
vn -0.6393568 0.67653364 -0.36541095
vn -0.6393568 0.67653364 -0.36541095
vn -0.6040628 0.7010907 -0.37891957
vn -0.6040628 0.7010907 -0.37891957
vn -0.63901484 0.61309093 0.46452072
vn -0.63901484 0.61309093 0.46452072
vn -0.63901484 0.61309093 0.46452072
vn -0.63901484 0.61309093 0.46452072
vn -0.60381055 0.63495886 0.48191285
vn -0.60381055 0.63495886 0.48191285
vn -0.6393411 0.097443335 0.76272386
vn -0.6393411 0.097443335 0.76272386
vn -0.6393411 0.097443335 0.76272386
vn -0.6393411 0.097443335 0.76272386
vn -0.6397432 0.0043042027 0.7685767
vn -0.6397432 0.0043042027 0.7685767
vn -0.6397432 0.0043042027 0.7685767
vn -0.6397432 0.0043042027 0.7685767
vn -0.6397548 -0.07607302 0.7648051
vn -0.6397548 -0.07607302 0.7648051
vn -0.6397548 -0.07607302 0.7648051
vn -0.6397548 -0.07607302 0.7648051
vn -0.6397701 -0.155576 0.7526555
vn -0.6397701 -0.155576 0.7526555
vn -0.6397701 -0.155576 0.7526555
vn -0.6397701 -0.155576 0.7526555
vn -0.60357237 -0.16138957 0.78080326
vn -0.60357237 -0.16138957 0.78080326
vn -0.6393161 0.1929954 0.74433035
vn -0.6393161 0.1929954 0.74433035
vn -0.6393161 0.1929954 0.74433035
vn -0.6393161 0.1929954 0.74433035
vn -0.6030453 0.20021093 0.7721736
vn -0.6030453 0.20021093 0.7721736
vn -0.63968784 0.28166208 0.7151684
vn -0.63968784 0.28166208 0.7151684
vn -0.63968784 0.28166208 0.7151684
vn -0.63968784 0.28166208 0.7151684
vn -0.6396773 0.3548806 0.68181574
vn -0.6396773 0.3548806 0.68181574
vn -0.6396773 0.3548806 0.68181574
vn -0.6396773 0.3548806 0.68181574
vn -0.6396628 0.42420927 0.64099765
vn -0.6396628 0.42420927 0.64099765
vn -0.6396628 0.42420927 0.64099765
vn -0.6396628 0.42420927 0.64099765
vn -0.63965386 0.48888567 0.5931558
vn -0.63965386 0.48888567 0.5931558
vn -0.63965386 0.48888567 0.5931558
vn -0.63965386 0.48888567 0.5931558
vn -0.60344434 0.5071684 0.6153334
vn -0.60344434 0.5071684 0.6153334
vn -0.6390607 0.561441 0.5257238
vn -0.6390607 0.561441 0.5257238
vn -0.6390607 0.561441 0.5257238
vn -0.6390607 0.561441 0.5257238
vn -0.60383886 0.58230436 0.5443346
vn -0.60383886 0.58230436 0.5443346
vn -0.6393616 -0.24703468 0.7281419
vn -0.6393616 -0.24703468 0.7281419
vn -0.6393616 -0.24703468 0.7281419
vn -0.6393616 -0.24703468 0.7281419
vn -0.60360783 -0.256414 0.75492346
vn -0.60360783 -0.256414 0.75492346
vn -0.6395444 -0.695132 0.32829008
vn -0.6395444 -0.695132 0.32829008
vn -0.6395444 -0.695132 0.32829008
vn -0.6395444 -0.695132 0.32829008
vn -0.6399489 -0.72946966 0.2415357
vn -0.6399489 -0.72946966 0.2415357
vn -0.6399489 -0.72946966 0.2415357
vn -0.6399489 -0.72946966 0.2415357
vn -0.6399617 -0.75070965 0.16396366
vn -0.6399617 -0.75070965 0.16396366
vn -0.6399617 -0.75070965 0.16396366
vn -0.6399617 -0.75070965 0.16396366
vn -0.6399675 -0.7637329 0.084579095
vn -0.6399675 -0.7637329 0.084579095
vn -0.6399675 -0.7637329 0.084579095
vn -0.6399675 -0.7637329 0.084579095
vn -0.60432595 -0.79189557 0.08770137
vn -0.60432595 -0.79189557 0.08770137
vn -0.63952816 -0.6481068 0.41347468
vn -0.63952816 -0.6481068 0.41347468
vn -0.63952816 -0.6481068 0.41347468
vn -0.63952816 -0.6481068 0.41347468
vn -0.6036375 -0.67212665 0.4287978
vn -0.6036375 -0.67212665 0.4287978
vn -0.63988954 -0.592998 0.48876846
vn -0.63988954 -0.592998 0.48876846
vn -0.63988954 -0.592998 0.48876846
vn -0.63988954 -0.592998 0.48876846
vn -0.63987124 -0.5386665 0.54809046
vn -0.63987124 -0.5386665 0.54809046
vn -0.63987124 -0.5386665 0.54809046
vn -0.63987124 -0.5386665 0.54809046
vn -0.6398546 -0.47843948 0.60139984
vn -0.6398546 -0.47843948 0.60139984
vn -0.6398546 -0.47843948 0.60139984
vn -0.6398546 -0.47843948 0.60139984
vn -0.63984317 -0.41296437 0.64812124
vn -0.63984317 -0.41296437 0.64812124
vn -0.63984317 -0.41296437 0.64812124
vn -0.63984317 -0.41296437 0.64812124
vn -0.6037399 -0.4283719 0.6723062
vn -0.6037399 -0.4283719 0.6723062
vn -0.6394762 -0.33252597 0.69317865
vn -0.6394762 -0.33252597 0.69317865
vn -0.6394762 -0.33252597 0.69317865
vn -0.6394762 -0.33252597 0.69317865
vn -0.6036325 -0.34463793 0.7189245
vn -0.6036325 -0.34463793 0.7189245
vn -0.6398844 -0.7684706 0.001001638
vn -0.6398844 -0.7684706 0.001001638
vn -0.6398844 -0.7684706 0.001001638
vn -0.6398844 -0.7684706 0.001001638
vn -0.6035889 -0.7972943 0.0015104403
vn -0.6035889 -0.7972943 0.0015104403
vn -0.6395982 -0.527007 -0.55962294
vn -0.6395982 -0.527007 -0.55962294
vn -0.6395982 -0.527007 -0.55962294
vn -0.6395982 -0.527007 -0.55962294
vn -0.6399751 -0.4551205 -0.61911005
vn -0.6399751 -0.4551205 -0.61911005
vn -0.6399751 -0.4551205 -0.61911005
vn -0.6399751 -0.4551205 -0.61911005
vn -0.63996524 -0.38791892 -0.6632974
vn -0.63996524 -0.38791892 -0.6632974
vn -0.63996524 -0.38791892 -0.6632974
vn -0.63996524 -0.38791892 -0.6632974
vn -0.6399474 -0.3164602 -0.7002287
vn -0.6399474 -0.3164602 -0.7002287
vn -0.6399474 -0.3164602 -0.7002287
vn -0.6399474 -0.3164602 -0.7002287
vn -0.6047648 -0.32798165 -0.7257324
vn -0.6047648 -0.32798165 -0.7257324
vn -0.6396036 -0.59346145 -0.48858026
vn -0.6396036 -0.59346145 -0.48858026
vn -0.6396036 -0.59346145 -0.48858026
vn -0.6396036 -0.59346145 -0.48858026
vn -0.6043095 -0.6151137 -0.50640416
vn -0.6043095 -0.6151137 -0.50640416
vn -0.6399928 -0.64802 -0.4128914
vn -0.6399928 -0.64802 -0.4128914
vn -0.6399928 -0.64802 -0.4128914
vn -0.6399928 -0.64802 -0.4128914
vn -0.63999075 -0.6876327 -0.34288964
vn -0.63999075 -0.6876327 -0.34288964
vn -0.63999075 -0.6876327 -0.34288964
vn -0.63999075 -0.6876327 -0.34288964
vn -0.6399888 -0.7197095 -0.26913318
vn -0.6399888 -0.7197095 -0.26913318
vn -0.6399888 -0.7197095 -0.26913318
vn -0.6399888 -0.7197095 -0.26913318
vn -0.6399935 -0.7438905 -0.1924453
vn -0.6399935 -0.7438905 -0.1924453
vn -0.6399935 -0.7438905 -0.1924453
vn -0.6399935 -0.7438905 -0.1924453
vn -0.6045354 -0.771194 -0.1994912
vn -0.6045354 -0.771194 -0.1994912
vn -0.6399688 -0.7600517 -0.11296584
vn -0.6399688 -0.7600517 -0.11296584
vn -0.6399688 -0.7600517 -0.11296584
vn -0.6399688 -0.7600517 -0.11296584
vn -0.6036597 -0.78849596 -0.11776719
vn -0.6036597 -0.78849596 -0.11776719
vn -0.6398864 -0.23984782 -0.73008114
vn -0.6398864 -0.23984782 -0.73008114
vn -0.6398864 -0.23984782 -0.73008114
vn -0.6398864 -0.23984782 -0.73008114
vn -0.60385394 -0.24932975 -0.7570965
vn -0.60385394 -0.24932975 -0.7570965
vn -0.63941675 0.3694602 -0.67427397
vn -0.63941675 0.3694602 -0.67427397
vn -0.63941675 0.3694602 -0.67427397
vn -0.63941675 0.3694602 -0.67427397
vn -0.639778 0.4482565 -0.6242998
vn -0.639778 0.4482565 -0.6242998
vn -0.639778 0.4482565 -0.6242998
vn -0.639778 0.4482565 -0.6242998
vn -0.63976085 0.51107097 -0.57403183
vn -0.63976085 0.51107097 -0.57403183
vn -0.63976085 0.51107097 -0.57403183
vn -0.63976085 0.51107097 -0.57403183
vn -0.6397513 0.5682856 -0.51746476
vn -0.6397513 0.5682856 -0.51746476
vn -0.6397513 0.5682856 -0.51746476
vn -0.6397513 0.5682856 -0.51746476
vn -0.6042681 0.58914167 -0.53644407
vn -0.6042681 0.58914167 -0.53644407
vn -0.63944227 0.28132212 -0.71552175
vn -0.63944227 0.28132212 -0.71552175
vn -0.63944227 0.28132212 -0.71552175
vn -0.63944227 0.28132212 -0.71552175
vn -0.6041426 0.29158127 -0.74161446
vn -0.6041426 0.29158127 -0.74161446
vn -0.6398515 0.19246274 -0.7440081
vn -0.6398515 0.19246274 -0.7440081
vn -0.6398515 0.19246274 -0.7440081
vn -0.6398515 0.19246274 -0.7440081
vn -0.6398692 0.11364032 -0.76003504
vn -0.6398692 0.11364032 -0.76003504
vn -0.6398692 0.11364032 -0.76003504
vn -0.6398692 0.11364032 -0.76003504
vn -0.63988197 0.03356986 -0.7677396
vn -0.63988197 0.03356986 -0.7677396
vn -0.63988197 0.03356986 -0.7677396
vn -0.63988197 0.03356986 -0.7677396
vn -0.63989985 -0.04686695 -0.7670278
vn -0.63989985 -0.04686695 -0.7670278
vn -0.63989985 -0.04686695 -0.7670278
vn -0.63989985 -0.04686695 -0.7670278
vn -0.6047139 -0.048574626 -0.79496014
vn -0.6047139 -0.048574626 -0.79496014
vn -0.63989437 -0.12762451 -0.757791
vn -0.63989437 -0.12762451 -0.757791
vn -0.63989437 -0.12762451 -0.757791
vn -0.63989437 -0.12762451 -0.757791
vn -0.60393226 -0.13183923 -0.78605616
vn -0.60393226 -0.13183923 -0.78605616
vn -0.6393749 0.6265793 -0.44564342
vn -0.6393749 0.6265793 -0.44564342
vn -0.6393749 0.6265793 -0.44564342
vn -0.6393749 0.6265793 -0.44564342
vn -0.6040241 0.64952815 -0.46180946
vn -0.6040241 0.64952815 -0.46180946
vn -0.5570775 0.8209772 0.12514432
vn -0.5570775 0.8209772 0.12514432
vn -0.5570775 0.8209772 0.12514432
vn -0.5570775 0.8209772 0.12514432
vn -0.4996184 0.82637435 0.25978243
vn -0.4996184 0.82637435 0.25978243
vn -0.4996184 0.82637435 0.25978243
vn -0.4996184 0.82637435 0.25978243
vn -0.53410673 0.75025046 0.3896848
vn -0.53410673 0.75025046 0.3896848
vn -0.53410673 0.75025046 0.3896848
vn -0.53410673 0.75025046 0.3896848
vn -0.5396452 0.84189254 1.664881E-4
vn -0.5396452 0.84189254 1.664881E-4
vn -0.5396452 0.84189254 1.664881E-4
vn -0.5396452 0.84189254 1.664881E-4
vn -0.4898898 0.8598364 -0.14383781
vn -0.4898898 0.8598364 -0.14383781
vn -0.4898898 0.8598364 -0.14383781
vn -0.4898898 0.8598364 -0.14383781
vn -0.549562 0.7922124 -0.26529434
vn -0.549562 0.7922124 -0.26529434
vn -0.549562 0.7922124 -0.26529434
vn -0.549562 0.7922124 -0.26529434
vn -0.5562415 0.1350974 0.8199659
vn -0.5562415 0.1350974 0.8199659
vn -0.5562415 0.1350974 0.8199659
vn -0.5562415 0.1350974 0.8199659
vn -0.49941644 0.0085748555 0.86631966
vn -0.49941644 0.0085748555 0.86631966
vn -0.49941644 0.0085748555 0.86631966
vn -0.49941644 0.0085748555 0.86631966
vn -0.5288513 -0.14309308 0.83656484
vn -0.5288513 -0.14309308 0.83656484
vn -0.5288513 -0.14309308 0.83656484
vn -0.5288513 -0.14309308 0.83656484
vn -0.536575 0.2587696 0.803197
vn -0.536575 0.2587696 0.803197
vn -0.536575 0.2587696 0.803197
vn -0.536575 0.2587696 0.803197
vn -0.48962796 0.4025553 0.77344275
vn -0.48962796 0.4025553 0.77344275
vn -0.48962796 0.4025553 0.77344275
vn -0.48962796 0.4025553 0.77344275
vn -0.5480603 0.49821573 0.6718713
vn -0.5480603 0.49821573 0.6718713
vn -0.5480603 0.49821573 0.6718713
vn -0.5480603 0.49821573 0.6718713
vn -0.5531112 -0.7388727 0.38488337
vn -0.5531112 -0.7388727 0.38488337
vn -0.5531112 -0.7388727 0.38488337
vn -0.5531112 -0.7388727 0.38488337
vn -0.5005321 -0.8206993 0.27553636
vn -0.5005321 -0.8206993 0.27553636
vn -0.5005321 -0.8206993 0.27553636
vn -0.5005321 -0.8206993 0.27553636
vn -0.5376673 -0.83349127 0.12730348
vn -0.5376673 -0.83349127 0.12730348
vn -0.5376673 -0.83349127 0.12730348
vn -0.5376673 -0.83349127 0.12730348
vn -0.53465253 -0.6860217 0.49347845
vn -0.53465253 -0.6860217 0.49347845
vn -0.53465253 -0.6860217 0.49347845
vn -0.53465253 -0.6860217 0.49347845
vn -0.4899457 -0.611058 0.62174064
vn -0.4899457 -0.611058 0.62174064
vn -0.4899457 -0.611058 0.62174064
vn -0.4899457 -0.611058 0.62174064
vn -0.5498545 -0.4851876 0.679892
vn -0.5498545 -0.4851876 0.679892
vn -0.5498545 -0.4851876 0.679892
vn -0.5498545 -0.4851876 0.679892
vn -0.55269915 -0.5950409 -0.58348095
vn -0.55269915 -0.5950409 -0.58348095
vn -0.55269915 -0.5950409 -0.58348095
vn -0.55269915 -0.5950409 -0.58348095
vn -0.50112355 -0.5153513 -0.69518936
vn -0.50112355 -0.5153513 -0.69518936
vn -0.50112355 -0.5153513 -0.69518936
vn -0.50112355 -0.5153513 -0.69518936
vn -0.54229087 -0.37997547 -0.74935925
vn -0.54229087 -0.37997547 -0.74935925
vn -0.54229087 -0.37997547 -0.74935925
vn -0.54229087 -0.37997547 -0.74935925
vn -0.5450112 -0.680065 -0.49038184
vn -0.5450112 -0.680065 -0.49038184
vn -0.5450112 -0.680065 -0.49038184
vn -0.5450112 -0.680065 -0.49038184
vn -0.49037915 -0.77992165 -0.3889095
vn -0.49037915 -0.77992165 -0.3889095
vn -0.49037915 -0.77992165 -0.3889095
vn -0.49037915 -0.77992165 -0.3889095
vn -0.54022956 -0.80483425 -0.2457516
vn -0.54022956 -0.80483425 -0.2457516
vn -0.54022956 -0.80483425 -0.2457516
vn -0.54022956 -0.80483425 -0.2457516
vn -0.5512553 0.3708385 -0.7473931
vn -0.5512553 0.3708385 -0.7473931
vn -0.5512553 0.3708385 -0.7473931
vn -0.5512553 0.3708385 -0.7473931
vn -0.50111043 0.5019304 -0.70494986
vn -0.50111043 0.5019304 -0.70494986
vn -0.50111043 0.5019304 -0.70494986
vn -0.50111043 0.5019304 -0.70494986
vn -0.5439256 0.5933844 -0.59332955
vn -0.5439256 0.5933844 -0.59332955
vn -0.5439256 0.5933844 -0.59332955
vn -0.5439256 0.5933844 -0.59332955
vn -0.5385343 0.26194435 -0.80085325
vn -0.5385343 0.26194435 -0.80085325
vn -0.5385343 0.26194435 -0.80085325
vn -0.5385343 0.26194435 -0.80085325
vn -0.46231866 0.15255381 -0.87349224
vn -0.46231866 0.15255381 -0.87349224
vn -0.46231866 0.15255381 -0.87349224
vn -0.46231866 0.15255381 -0.87349224
vn -0.5195576 -0.030354232 -0.8538961
vn -0.5195576 -0.030354232 -0.8538961
vn -0.5195576 -0.030354232 -0.8538961
vn -0.5195576 -0.030354232 -0.8538961
vn 0.071411 0.9862942 -0.14874187
vn 0.071411 0.9862942 -0.14874187
vn 0.071411 0.9862942 -0.14874187
vn 0.07413337 0.9557312 0.2847491
vn 0.07413337 0.9557312 0.2847491
vn 0.07413337 0.9557312 0.2847491
vn 0.07105635 0.89160365 0.44720683
vn 0.074214116 0.02443056 0.996943
vn 0.074214116 0.02443056 0.996943
vn 0.074214116 0.02443056 0.996943
vn 0.07661684 -0.60162026 0.7950993
vn 0.07133309 -0.7102696 0.7003062
vn 0.07133309 -0.7102696 0.7003062
vn 0.07133309 -0.7102696 0.7003062
vn 0.080499664 -0.89589936 0.43690288
vn 0.073968165 -0.94060344 0.3313516
vn 0.073968165 -0.94060344 0.3313516
vn 0.073968165 -0.94060344 0.3313516
vn 0.073766865 -0.6058514 -0.7921505
vn 0.073766865 -0.6058514 -0.7921505
vn 0.073766865 -0.6058514 -0.7921505
vn 0.073567 -0.47015366 -0.87951314
vn 0.073829256 0.5661473 -0.8209911
vn 0.073829256 0.5661473 -0.8209911
vn 0.073829256 0.5661473 -0.8209911
vn 0.07444345 0.6883001 -0.72159624
vn 0.06809745 0.17666148 -0.9819132
vn 0.06809745 0.17666148 -0.9819132
vn 0.06809745 0.17666148 -0.9819132
vn 0.83792835 -0.26878306 0.47500712
vn 0.8379361 -0.36166558 0.40873107
vn 0.8379361 -0.36166558 0.40873107
vn 0.83792835 -0.26878306 0.47500712
vn 0.83793277 -0.43874884 0.3246046
vn 0.83793277 -0.43874884 0.3246046
vn 0.83792484 -0.4966575 0.2263037
vn 0.83792484 -0.4966575 0.2263037
vn 0.83792406 -0.53285676 0.118097626
vn 0.83792406 -0.53285676 0.118097626
vn 0.8379323 -0.54575366 0.0047251796
vn 0.8379323 -0.54575366 0.0047251796
vn 0.83792764 -0.5348169 -0.10884961
vn 0.83792764 -0.5348169 -0.10884961
vn 0.8379278 -0.5005005 -0.21766073
vn 0.8379278 -0.5005005 -0.21766073
vn 0.83794415 -0.44428667 -0.31695247
vn 0.83794415 -0.44428667 -0.31695247
vn 0.83796084 -0.3686654 -0.40237722
vn 0.83796084 -0.3686654 -0.40237722
vn 0.8379722 -0.27693784 -0.4702212
vn 0.8379722 -0.27693784 -0.4702212
vn 0.8379519 -0.17313091 -0.5175542
vn 0.8379519 -0.17313091 -0.5175542
vn 0.8379291 -0.061754376 -0.54227406
vn 0.8379291 -0.061754376 -0.54227406
vn 0.83793426 0.05234174 -0.5432554
vn 0.83793426 0.05234174 -0.5432554
vn 0.8379468 0.16414362 -0.5204825
vn 0.8379468 0.16414362 -0.5204825
vn 0.8379443 0.2687728 -0.47498477
vn 0.8379443 0.2687728 -0.47498477
vn 0.8379287 0.36167437 -0.4087385
vn 0.8379287 0.36167437 -0.4087385
vn 0.83792 0.43876466 -0.32461613
vn 0.83792 0.43876466 -0.32461613
vn 0.83791643 0.49667242 -0.2263019
vn 0.83791643 0.49667242 -0.2263019
vn 0.8379199 0.5328633 -0.11809752
vn 0.8379199 0.5328633 -0.11809752
vn 0.83793783 0.54574513 -0.004729799
vn 0.83793783 0.54574513 -0.004729799
vn 0.8379289 0.534816 0.10884391
vn 0.8379289 0.534816 0.10884391
vn 0.83792335 0.50050735 0.21766214
vn 0.83792335 0.50050735 0.21766214
vn 0.83793104 0.44430155 0.31696635
vn 0.83793104 0.44430155 0.31696635
vn 0.8379255 0.3687006 0.40241867
vn 0.8379255 0.3687006 0.40241867
vn 0.83792156 0.27697927 0.47028708
vn 0.83792156 0.27697927 0.47028708
vn 0.83792704 0.17314282 0.51759046
vn 0.83792704 0.17314282 0.51759046
vn 0.83793706 0.061745755 0.54226273
vn 0.83793706 0.061745755 0.54226273
vn 0.8379356 -0.052343186 0.54325324
vn 0.8379356 -0.052343186 0.54325324
vn 0.83792573 -0.1641539 0.5205131
vn 0.83792573 -0.1641539 0.5205131
vn 0.99693984 -0.038508803 0.06803024
vn 1.0 1.00521284E-7 0.0
vn 0.9969404 -0.051797383 0.05854005
vn 0.9969405 -0.06283468 0.046491522
vn 0.99693996 -0.071135506 0.032411482
vn 0.99694026 -0.07631588 0.016913956
vn 0.9969403 -0.07816418 6.765552E-4
vn 0.9969401 -0.07659968 -0.015588795
vn 0.9969401 -0.07168529 -0.031173667
vn 0.9969403 -0.06363342 -0.04539644
vn 0.99693984 -0.05281427 -0.057633925
vn 0.9969399 -0.03967836 -0.06735341
vn 0.9969403 -0.024795204 -0.07412984
vn 0.9969404 -0.008840739 -0.07766481
vn 0.99694043 0.007485546 -0.07780608
vn 0.99694043 0.023505853 -0.0745474
vn 0.9969397 0.03850952 -0.0680311
vn 0.9969403 0.051797815 -0.058540843
vn 0.9969405 0.062835366 -0.04649169
vn 0.99694 0.07113507 -0.032411087
vn 0.9969402 0.07631678 -0.016913198
vn 0.9969401 0.078167334 -6.7721476E-4
vn 0.9969401 0.07660004 0.015587823
vn 0.99694014 0.07168421 0.031173844
vn 0.99694043 0.06363212 0.04539633
vn 0.9969399 0.052813366 0.057633646
vn 0.9969399 0.039678656 0.0673534
vn 0.9969404 0.024795024 0.074128896
vn 0.9969403 0.008840656 0.07766506
vn 0.9969404 -0.0074856463 0.07780661
vn 0.99694043 -0.023505362 0.07454757
vn -0.021659521 -0.9882881 0.15105473
vn -0.021659521 -0.9882881 0.15105473
vn -0.021659521 -0.9882881 0.15105473
vn -0.021659521 -0.9882881 0.15105473
vn -0.021659521 -0.9882881 0.15105473
vn -0.02170608 -0.6902297 -0.7232647
vn -0.02170608 -0.6902297 -0.7232647
vn -0.02170608 -0.6902297 -0.7232647
vn -0.02170608 -0.6902297 -0.7232647
vn -0.02170608 -0.6902297 -0.7232647
vn -0.0 0.32270265 -0.94650036
vn -0.0 0.32270265 -0.94650036
vn -0.0 0.32270265 -0.94650036
vn -0.0 0.32270265 -0.94650036
vn -0.0 0.9810496 -0.1937565
vn -0.0 0.9810496 -0.1937565
vn -0.0 0.9810496 -0.1937565
vn -0.0 0.9810496 -0.1937565
vn -0.0 0.9810496 -0.1937565
vn -0.0 0.6583268 0.7527323
vn -0.0 0.6583268 0.7527323
vn -0.0 0.6583268 0.7527323
vn -0.0 0.6583268 0.7527323
vn -0.0 0.6583268 0.7527323
vn -0.0 0.6583268 0.7527323
vn -0.0 -0.32271084 0.94649756
vn -0.0 -0.32271084 0.94649756
vn -0.0 -0.32271084 0.94649756
vn -0.0 -0.32271084 0.94649756
vn 0.94406235 -0.24875878 0.21648426
vn 0.944497 -0.31114554 -0.105422206
vn 0.89392424 -0.43852857 0.09269401
vn 1.0 3.2475018E-6 0.0
vn 0.94407505 -0.06405765 -0.3234485
vn 0.8939168 -0.2917097 -0.34032077
vn 0.943497 0.24863365 -0.21907704
vn 0.8948135 0.14708112 -0.42151624
vn 0.94333 0.31154007 0.11433023
vn 0.8957096 0.4365386 -0.08448853
vn 0.94327 0.051070195 0.32807547
vn 0.8963035 0.27608746 0.34700984
vn 0.89475435 -0.14442249 0.42255986
vn 0.43880287 -0.6779707 0.58975226
vn 0.42682317 -0.88490903 0.1864347
vn -0.0 -0.7545805 0.6562075
vn -0.0 -0.978607 0.20573859
vn 0.44050604 -0.85021996 -0.28823695
vn 0.42681172 -0.5889081 -0.6863082
vn -0.0 -0.94701916 -0.32117718
vn -0.0 -0.6514553 -0.758687
vn 0.43693748 0.6748263 -0.59472275
vn 0.42990953 0.88637316 -0.17181498
vn -0.0 0.7501886 -0.66122395
vn -0.0 0.9816911 -0.1904798
vn -0.0 0.93991786 0.34140068
vn 0.43659174 0.84520304 0.30825233
vn 0.43090537 0.56281996 0.70537525
vn -0.0 0.6243946 0.78110904
vn -0.0 0.15848939 0.98736066
vn 0.4358939 0.14098582 0.8888867
vn 0.4282498 -0.29247764 0.85501987
vn -0.0 -0.32381752 0.94611955
vn 0.99998105 0.005559275 -0.0026359884
vn 0.99996597 0.0061908183 0.005454631
vn 0.99998105 0.005559275 -0.0026359884
vn 0.99996597 0.0061908183 0.005454631
vn 0.999982 0.0050059203 0.0033070026
vn 0.99996895 -0.0015313011 0.0077293194
vn 0.99996895 -0.0015313011 0.0077293194
vn 0.9999823 -4.028126E-4 0.005940802
vn 0.99997026 -0.0072810813 0.0025329858
vn 0.99997026 -0.0072810813 0.0025329858
vn 0.9999827 -0.0052891667 0.0025691844
vn 0.99997085 -0.005923725 -0.00481253
vn 0.99997085 -0.005923725 -0.00481253
vn 0.9999651 0.008021148 -0.0023466246
vn 0.9999828 3.6684115E-4 -0.005854309
vn 0.9999693 0.0017867503 -0.0076304134
vn 0.9999854 -0.004623868 -0.0028066875
vn 0.9999693 0.0017867503 -0.0076304134
vn -0.0 -0.1949465 -0.9808139
vn 0.4283508 0.29719186 -0.853342
vn -0.0 0.32853255 -0.94449264
vn 0.43891037 -0.1749322 -0.8813379
vn -0.021659043 -0.47270754 -0.88095313
vn -0.021659043 -0.47270754 -0.88095313
vn -0.021659043 -0.47270754 -0.88095313
vn -0.021659043 -0.47270754 -0.88095313
vn -0.021659043 -0.47270754 -0.88095313
vn -0.021702157 0.4509107 -0.8923052
vn -0.021702157 0.4509107 -0.8923052
vn -0.021702157 0.4509107 -0.8923052
vn -0.021702157 0.4509107 -0.8923052
vn -0.021702157 0.4509107 -0.8923052
vn -0.0 0.99992514 -0.012235921
vn -0.0 0.99992514 -0.012235921
vn -0.0 0.99992514 -0.012235921
vn -0.0 0.99992514 -0.012235921
vn -0.0 0.51054597 0.8598504
vn -0.0 0.51054597 0.8598504
vn -0.0 0.51054597 0.8598504
vn -0.0 0.51054597 0.8598504
vn -0.0 0.51054597 0.8598504
vn -0.0 -0.4893461 0.8720896
vn -0.0 -0.4893461 0.8720896
vn -0.0 -0.4893461 0.8720896
vn -0.0 -0.4893461 0.8720896
vn -0.0 -0.4893461 0.8720896
vn -0.0 -0.4893461 0.8720896
vn -0.0 -0.9999251 0.012239754
vn -0.0 -0.9999251 0.012239754
vn -0.0 -0.9999251 0.012239754
vn -0.0 -0.9999251 0.012239754
vn 0.9440495 -0.28721172 -0.16211087
vn 0.9444995 -0.004659051 -0.32847986
vn 0.8939107 -0.23397762 -0.38233235
vn 1.0 0.0 0.0
vn 0.94407946 0.28341338 -0.16849598
vn 0.893918 0.22324675 -0.3886793
vn 0.943489 0.2896017 0.16111895
vn 0.8948111 0.446439 -0.0022882456
vn 0.9433294 -0.003619739 0.33183816
vn 0.8956979 0.22557546 0.38319835
vn 0.94327134 -0.2921229 0.15780821
vn 0.89629304 -0.23480117 0.37620103
vn 0.89474726 -0.44654313 0.005150055
vn 0.4387632 -0.7824582 -0.4418666
vn 0.42680272 -0.47154933 -0.7716739
vn -0.0 -0.87068045 -0.49184904
vn -0.0 -0.521066 -0.8535164
vn 0.44052127 -0.0125652505 -0.89765424
vn 0.4268125 0.4499848 -0.78443915
vn -0.0 -0.013875371 -0.99990374
vn -0.0 0.49727517 -0.8675929
vn 0.43691158 0.7860924 0.43722647
vn 0.4298929 0.45825806 0.77794063
vn -0.0 0.8739521 0.4860121
vn -0.0 0.50771624 0.86152434
vn -0.0 -0.0075473543 0.9999715
vn 0.43658754 -0.007984084 0.8996263
vn 0.43088922 -0.47668663 0.76622736
vn -0.0 -0.52744865 0.8495869
vn -0.0 -0.87757087 0.4794469
vn 0.43590167 -0.79060954 0.43003064
vn 0.42823893 -0.9036084 0.010161929
vn -0.0 -0.99993885 0.011060471
vn 0.99998116 0.0043161428 0.004359304
vn 0.9999659 -0.0030596368 0.007669541
vn 0.99998116 0.0043161428 0.004359304
vn 0.9999659 -0.0030596368 0.007669541
vn 0.9999821 -0.0014712085 0.0057942146
vn 0.999969 -0.007790592 0.0011379933
vn 0.999969 -0.007790592 0.0011379933
vn 0.99998224 -0.005744093 0.001600408
vn 0.9999704 -0.004824676 -0.0059927357
vn 0.9999704 -0.004824676 -0.0059927357
vn 0.99998283 -0.004181693 -0.0041034743
vn 0.99997085 0.0025509975 -0.007192405
vn 0.99997085 0.0025509975 -0.007192405
vn 0.99996525 0.004875957 0.0067638555
vn 0.9999829 0.005624382 -0.0015952309
vn 0.9999694 0.007768841 -8.603307E-4
vn 0.99998546 0.0011280151 -0.005273702
vn 0.9999694 0.007768841 -8.603307E-4
vn -0.0 0.8592083 -0.51162595
vn 0.42834583 0.9036003 -0.0051419614
vn -0.0 0.9999817 -0.0060538114
vn 0.43893227 0.77214146 -0.45949543
vn -0.021658517 0.6810359 -0.73192966
vn -0.021658517 0.6810359 -0.73192966
vn -0.021658517 0.6810359 -0.73192966
vn -0.021658517 0.6810359 -0.73192966
vn -0.021658517 0.6810359 -0.73192966
vn -0.021702502 0.9901201 0.13853188
vn -0.021702502 0.9901201 0.13853188
vn -0.021702502 0.9901201 0.13853188
vn -0.021702502 0.9901201 0.13853188
vn -0.021702502 0.9901201 0.13853188
vn -0.0 0.33457395 0.94236946
vn -0.0 0.33457395 0.94236946
vn -0.0 0.33457395 0.94236946
vn -0.0 0.33457395 0.94236946
vn -0.0 -0.64883834 0.7609263
vn -0.0 -0.64883834 0.7609263
vn -0.0 -0.64883834 0.7609263
vn -0.0 -0.64883834 0.7609263
vn -0.0 -0.64883834 0.7609263
vn -0.0 -0.98340315 -0.18143383
vn -0.0 -0.98340315 -0.18143383
vn -0.0 -0.98340315 -0.18143383
vn -0.0 -0.98340315 -0.18143383
vn -0.0 -0.98340315 -0.18143383
vn -0.0 -0.98340315 -0.18143383
vn -0.0 -0.33455038 -0.94237787
vn -0.0 -0.33455038 -0.94237787
vn -0.0 -0.33455038 -0.94237787
vn -0.0 -0.33455038 -0.94237787
vn 0.94407064 0.0606232 -0.32412255
vn 0.9445069 0.3093533 -0.110486485
vn 0.8939524 0.28621635 -0.34486133
vn 1.0 4.871388E-6 0.0
vn 0.944079 0.2510169 0.21378812
vn 0.89392143 0.43995318 0.085707165
vn 0.94348234 -0.05893687 0.32614046
vn 0.8948059 0.14636463 0.42178175
vn 0.9433241 -0.3152349 0.1037624
vn 0.89568174 -0.28982794 0.3372742
vn 0.94328076 -0.2436831 -0.22547714
vn 0.89630574 -0.43185833 -0.10066962
vn 0.8947688 -0.14908507 -0.42090684
vn 0.43883014 0.1653845 -0.8832191
vn 0.4268674 0.5779899 -0.695494
vn -0.0 0.184195 -0.9828897
vn -0.0 0.6394765 -0.76881063
vn 0.44054374 0.8454779 -0.3018084
vn 0.42681804 0.887743 0.17244928
vn -0.0 0.9418307 -0.33608767
vn -0.0 0.98171544 0.19035463
vn 0.43688968 -0.15987474 0.88519347
vn 0.42986536 -0.5882451 0.6849698
vn -0.0 -0.17766239 0.9840915
vn -0.0 -0.65135574 0.75877255
vn -0.0 -0.94880706 0.31585622
vn 0.43656838 -0.85399234 0.28302863
vn 0.43090802 -0.8791312 -0.20358464
vn -0.0 -0.9744292 -0.22469495
vn -0.0 -0.7371993 -0.6756754
vn 0.43593162 -0.6623319 -0.60932755
vn 0.42826855 -0.30146846 -0.8518819
vn -0.0 -0.33344197 -0.94277066
vn 0.9999811 -0.0027107946 0.0055187116
vn 0.9999662 -0.008211582 -4.2691364E-4
vn 0.9999811 -0.0027107946 0.0055187116
vn 0.9999662 -0.008211582 -4.2691364E-4
vn 0.99998194 -0.005992375 4.9576693E-4
vn 0.9999689 -0.0036194113 -0.007011932
vn 0.9999689 -0.0036194113 -0.007011932
vn 0.9999823 -0.0033665458 -0.004910686
vn 0.99997056 0.0040914225 -0.0064898524
vn 0.99997056 0.0040914225 -0.0064898524
vn 0.99998283 0.0025242334 -0.0052824304
vn 0.99997073 0.007652582 9.498542E-5
vn 0.99997073 0.007652582 9.498542E-5
vn 0.9999651 -0.0048433114 0.0068111755
vn 0.9999828 0.0033401453 0.004826496
vn 0.9999693 0.0033217706 0.007094982
vn 0.9999854 0.005362596 -6.5631117E-4
vn 0.9999693 0.0033217706 0.007094982
vn -0.0 0.7617264 0.647899
vn 0.4283388 0.29672098 0.8535119
vn -0.0 0.32871255 0.94443
vn 0.4389256 0.6842808 0.5823265
vn -0.02166209 0.89975697 0.43585333
vn -0.02166209 0.89975697 0.43585333
vn -0.02166209 0.89975697 0.43585333
vn -0.02166209 0.89975697 0.43585333
vn -0.02166209 0.89975697 0.43585333
vn -0.02170826 0.15861668 0.98710155
vn -0.02170826 0.15861668 0.98710155
vn -0.02170826 0.15861668 0.98710155
vn -0.02170826 0.15861668 0.98710155
vn -0.02170826 0.15861668 0.98710155
vn -0.0 -0.8024307 0.5967453
vn -0.0 -0.8024307 0.5967453
vn -0.0 -0.8024307 0.5967453
vn -0.0 -0.8024307 0.5967453
vn -0.0 -0.91801167 -0.39655334
vn -0.0 -0.91801167 -0.39655334
vn -0.0 -0.91801167 -0.39655334
vn -0.0 -0.91801167 -0.39655334
vn -0.0 -0.91801167 -0.39655334
vn -0.0 -0.11559561 -0.9932963
vn -0.0 -0.11559561 -0.9932963
vn -0.0 -0.11559561 -0.9932963
vn -0.0 -0.11559561 -0.9932963
vn -0.0 -0.11559561 -0.9932963
vn -0.0 -0.11559561 -0.9932963
vn -0.0 0.8024308 -0.5967452
vn -0.0 0.8024308 -0.5967452
vn -0.0 0.8024308 -0.5967452
vn -0.0 0.8024308 -0.5967452
vn 0.94406456 0.3276426 -0.037315942
vn 0.94449866 0.19655584 0.2632264
vn 0.8939209 0.41381073 0.17223842
vn 1.0 -4.0591797E-7 0.0
vn 0.9440824 -0.13060178 0.30274016
vn 0.89393175 0.047357224 0.4456942
vn 0.9434864 -0.3290477 0.03951027
vn 0.8948057 -0.36015147 0.26384398
vn 0.94333065 -0.19181517 -0.2708031
vn 0.8956974 -0.40753 -0.17789142
vn 0.9432807 0.14390332 -0.29918778
vn 0.8963097 -0.030711668 -0.4423639
vn 0.8947605 0.35851768 -0.2662118
vn 0.43880847 0.8928325 -0.10147492
vn 0.42681876 0.83466315 0.34808502
vn -0.0 0.99362034 -0.112776905
vn -0.0 0.922784 0.38531774
vn 0.4405104 0.5369966 0.719434
vn 0.4268371 0.09604784 0.8992135
vn -0.0 0.5980576 0.8014531
vn -0.0 0.1065625 0.99430597
vn 0.43690434 -0.89308035 0.107341
vn 0.42989174 -0.8275919 -0.3609498
vn -0.0 -0.9928453 0.11940776
vn -0.0 -0.916692 -0.39959437
vn -0.0 -0.58074486 -0.8140856
vn 0.43659317 -0.52150124 -0.7330913
vn 0.43091315 -0.06378976 -0.90013593
vn -0.0 -0.07160717 -0.9974329
vn -0.0 0.42913112 -0.90324223
vn 0.43592754 0.38773906 -0.81217337
vn 0.42825982 0.72565776 -0.53852975
vn -0.0 0.80312556 -0.5958097
vn 0.9999813 -0.006042705 -9.808604E-4
vn 0.99996597 -0.0019866414 -0.008010168
vn 0.9999813 -0.006042705 -9.808604E-4
vn 0.99996597 -0.0019866414 -0.008010168
vn 0.9999822 -0.0022268973 -0.0055441866
vn 0.99996907 0.0056240032 -0.005497319
vn 0.99996907 0.0056240032 -0.005497319
vn 0.99998224 0.0037127514 -0.004661804
vn 0.99997044 0.007420841 0.0020273048
vn 0.99997044 0.007420841 0.0020273048
vn 0.9999832 0.005735089 8.6813775E-4
vn 0.9999709 0.002129225 0.007322566
vn 0.9999709 0.002129225 0.007322566
vn 0.9999653 -0.00791288 -0.0026075023
vn 0.9999829 -0.0035984113 0.0046050064
vn 0.99996924 -0.005813445 0.0052686394
vn 0.99998546 0.0022052384 0.004919456
vn 0.99996924 -0.005813445 0.0052686394
vn -0.0 -0.39544892 0.91848797
vn 0.4283394 -0.72861624 0.5344565
vn -0.0 -0.80610174 0.5917769
vn 0.43893403 -0.35555312 0.825178
vn -0.021656988 -0.15367848 0.9878835
vn -0.021656988 -0.15367848 0.9878835
vn -0.021656988 -0.15367848 0.9878835
vn -0.021656988 -0.15367848 0.9878835
vn -0.021656988 -0.15367848 0.9878835
vn -0.021702167 -0.8975944 0.4402878
vn -0.021702167 -0.8975944 0.4402878
vn -0.021702167 -0.8975944 0.4402878
vn -0.021702167 -0.8975944 0.4402878
vn -0.021702167 -0.8975944 0.4402878
vn -0.0 -0.8053111 -0.5928525
vn -0.0 -0.8053111 -0.5928525
vn -0.0 -0.8053111 -0.5928525
vn -0.0 -0.8053111 -0.5928525
vn -0.0 0.1107913 -0.99384373
vn -0.0 0.1107913 -0.99384373
vn -0.0 0.1107913 -0.99384373
vn -0.0 0.1107913 -0.99384373
vn -0.0 0.1107913 -0.99384373
vn -0.0 0.9160762 -0.40100428
vn -0.0 0.9160762 -0.40100428
vn -0.0 0.9160762 -0.40100428
vn -0.0 0.9160762 -0.40100428
vn -0.0 0.9160762 -0.40100428
vn -0.0 0.9160762 -0.40100428
vn -0.0 0.80530924 0.592855
vn -0.0 0.80530924 0.592855
vn -0.0 0.80530924 0.592855
vn -0.0 0.80530924 0.592855
vn 0.944073 0.1314894 0.30238503
vn 0.94449615 -0.19426948 0.26492715
vn 0.89394075 -0.043725185 0.44604713
vn 1.0 4.0579934E-7 0.0
vn 0.9440845 -0.3276948 -0.03633868
vn 0.8939146 -0.41239697 0.17562884
vn 0.9434905 -0.13400339 -0.3030986
vn 0.89482784 -0.35760584 -0.26720998
vn 0.943324 0.20288731 -0.26263386
vn 0.89568937 0.050944474 -0.44175246
vn 0.9432833 0.32818422 0.05011728
vn 0.8963067 0.41406307 -0.15870139
vn 0.89477885 0.3594015 0.26495552
vn 0.4388335 0.35810852 0.8241259
vn 0.42684668 -0.08882602 0.89995104
vn -0.0 0.39837602 0.9172222
vn -0.0 -0.09865075 0.99512213
vn 0.4405041 -0.5309934 0.72388
vn 0.42680642 -0.83183515 0.35480484
vn -0.0 -0.5915476 0.8062701
vn -0.0 -0.91968006 0.39266855
vn 0.436921 -0.36380124 -0.8226474
vn 0.4298764 0.103182845 -0.8969725
vn -0.0 -0.40450627 -0.9145352
vn -0.0 0.11409884 -0.9934694
vn -0.0 0.6086677 -0.79342526
vn 0.43657017 0.54855406 -0.7130883
vn 0.4309057 0.8421543 -0.3241857
vn -0.0 0.93290436 -0.3601241
vn -0.0 0.98924416 0.14627399
vn 0.43593216 0.89005274 0.13330148
vn 0.42828664 0.72719014 0.5364375
vn -0.0 0.8046145 0.5937975
vn 0.99998105 -8.287136E-4 -0.0060961167
vn 0.9999659 0.0070666084 -0.004270622
vn 0.99998105 -8.287136E-4 -0.0060961167
vn 0.9999659 0.0070666084 -0.004270622
vn 0.99998224 0.0046290904 -0.0037478195
vn 0.9999688 0.0069250213 0.003791502
vn 0.9999688 0.0069250213 0.003791502
vn 0.9999825 0.0054992684 0.0021793481
vn 0.99997044 2.2157785E-4 0.0076831896
vn 0.99997044 2.2157785E-4 0.0076831896
vn 0.99998283 8.586492E-4 0.00579454
vn 0.99997085 -0.006374592 0.004199321
vn 0.99997085 -0.006374592 0.004199321
vn 0.99996513 1.9451471E-4 -0.008345047
vn 0.99998295 -0.0054331706 -0.0021295662
vn 0.9999694 -0.006713246 -0.004008163
vn 0.9999856 -0.0040315567 0.003541627
vn 0.9999694 -0.006713246 -0.004008163
vn -0.0 -0.99397856 -0.10957476
vn 0.42836866 -0.72416055 -0.5404551
vn -0.0 -0.80163485 -0.59781396
vn 0.43894038 -0.89308083 -0.09868107
vn 0.96703124 -0.24687764 -0.06246622
vn 0.9997251 0.023267055 0.0028942802
vn 0.9670293 -0.25271714 -0.03143933
vn 0.99972534 0.022720795 0.0057488983
vn 0.9670173 -0.2382998 -0.0899486
vn 0.99972534 0.021926647 0.008276472
vn 0.96702164 -0.22757721 -0.11435791
vn 0.99972534 0.020940587 0.010521443
vn 0.96705204 -0.2124969 -0.14019777
vn 0.99972546 0.019558568 0.0129047185
vn 0.99972516 0.023442825 -6.0526413E-6
vn 0.9670327 -0.2546522 7.2589195E-5
vn 0.99972516 0.0232921 -0.002652627
vn 0.967012 -0.25309518 0.028821848
vn 0.99972516 0.02288812 -0.005073221
vn 0.9670094 -0.2487059 0.055120416
vn 0.9997251 0.022235554 -0.0074383547
vn 0.9670085 -0.2415851 0.08081619
vn 0.9997251 0.021261571 -0.009885404
vn 0.9670224 -0.2309498 0.107376926
vn 0.99972486 0.019914791 -0.012394218
vn 0.9670151 -0.21625426 0.13459529
vn 0.96698296 -0.19483343 -0.16426808
vn 0.9997247 0.017938625 0.01512508
vn 0.9670488 -0.1742462 -0.18561992
vn 0.99972546 0.016037295 0.017082598
vn 0.96702796 -0.15147145 -0.20472752
vn 0.9997254 0.0139383385 0.018838221
vn 0.96702754 -0.1292386 -0.21944256
vn 0.9997254 0.011891983 0.020191109
vn 0.999725 0.018258674 -0.014717925
vn 0.9670176 -0.19830632 0.1598485
vn 0.9997249 0.016490795 -0.016676895
vn 0.9669986 -0.17914955 0.1811607
vn 0.99972486 0.014659163 -0.018310556
vn 0.96700096 -0.15922838 0.1988854
vn 0.9997248 0.012499997 -0.019851249
vn 0.9670183 -0.13572592 0.21553206
vn 0.9997246 0.009951106 -0.021251384
vn 0.96700865 -0.10802598 0.23070475
vn 0.9997248 0.007243314 -0.022312073
vn 0.9670054 -0.078652255 0.24231069
vn 0.99972475 0.004678863 -0.022989472
vn 0.966989 -0.050818443 0.24969943
vn 0.99972475 0.0022500225 -0.023354314
vn 0.9669875 -0.024439942 0.253649
vn 0.99972475 -2.0352553E-4 -0.02346185
vn 0.9669811 0.0022089966 0.25483865
vn 0.9997247 -0.0026670417 -0.023312679
vn 0.966985 0.028969502 0.25318134
vn 0.99972534 -0.005617884 -0.022752097
vn 0.9670807 0.06101088 0.2470476
vn 0.9997246 -0.008506472 -0.02187049
vn 0.96699256 0.092365615 0.23747416
vn 0.9997247 -0.010769062 -0.020845486
vn 0.96698654 0.11695812 0.2264019
vn 0.99972475 -0.012888146 -0.01960599
vn 0.96698487 0.13998057 0.21294522
vn 0.9997247 -0.015019129 -0.018026022
vn 0.9670038 0.16307491 0.19572982
vn 0.9997246 -0.017137654 -0.016032476
vn 0.96700424 0.18604311 0.17404261
vn 0.99972475 -0.018983869 -0.013785182
vn 0.96700674 0.20614094 0.14967898
vn 0.99972475 -0.020419674 -0.0115547115
vn 0.96699274 0.2217619 0.12548606
vn 0.99972475 -0.021515802 -0.009357123
vn 0.9669979 0.23364596 0.10161015
vn 0.99972475 -0.022374302 -0.0070568263
vn 0.96700007 0.24297917 0.076629214
vn 0.99972475 -0.02299125 -0.0046681855
vn 0.9669991 0.2496838 0.050702512
vn 0.99972546 -0.023367526 -0.0017118324
vn 0.9670824 0.25378346 0.01859044
vn 0.9997249 -0.023416538 0.001307737
vn 0.9670074 0.2543514 -0.014214009
vn 0.99972504 -0.023138866 0.003798461
vn 0.96700406 0.25139743 -0.04126077
vn 0.99972504 -0.022616386 0.0061956025
vn 0.9670027 0.24571396 -0.06730808
vn 0.99972504 -0.021771315 0.00870811
vn 0.96702135 0.23647957 -0.09458924
vn 0.99972504 -0.020527413 0.011336344
vn 0.96701956 0.22296321 -0.12312801
vn 0.9997252 -0.018960124 0.013783598
vn 0.9670267 0.20599303 -0.14975391
vn 0.99972516 -0.01728546 0.01583565
vn 0.9670172 0.18780208 -0.17207043
vn 0.9997252 -0.01553427 0.017556088
vn 0.96701896 0.16878663 -0.19074965
vn 0.99972516 -0.013613736 0.019084502
vn 0.96701956 0.14792098 -0.20734653
vn 0.9997252 -0.0113875335 0.020489724
vn 0.96703553 0.12370159 -0.22257636
vn 0.99972504 -0.00885258 0.021713631
vn 0.96702087 0.09616357 -0.23584582
vn 0.9997254 -0.0061478214 0.022611748
vn 0.9670401 0.06680472 -0.24570408
vn 0.9997254 -0.0035378844 0.023164978
vn 0.96702933 0.038435664 -0.25174782
vn 0.99972534 -0.0010965695 0.023411494
vn 0.96703744 0.01190795 -0.25435567
vn 0.9997253 0.0015554674 0.023385875
vn 0.96705514 -0.016873015 -0.25400716
vn 0.99972516 0.004436736 0.023018893
vn 0.9670518 -0.04817882 -0.2499791
vn 0.9997254 0.007246014 0.02228432
vn 0.9670538 -0.07873495 -0.24209061
vn 0.99972546 0.009715113 0.021322064
vn 0.9670304 -0.10558919 -0.23173931
vn 0.9997254 0.011891983 0.020191109
vn 0.96702754 -0.1292386 -0.21944256
vn 0.96290237 -0.05106574 -0.2649742
vn 0.96292394 -0.017887063 -0.26917943
vn 0.9629229 0.012609958 -0.26948187
vn 0.9629193 0.040712863 -0.26670003
vn 0.9629121 0.07079878 -0.26036105
vn 0.9629279 -0.083427705 -0.25653416
vn 0.96293056 -0.11184796 -0.24546832
vn 0.9629309 -0.13689229 -0.23243181
vn 0.96286863 0.101935476 -0.24998625
vn 0.96290237 0.13108943 -0.23586978
vn 0.9628984 0.1567246 -0.21969093
vn 0.96289223 0.17884538 -0.2021211
vn 0.9628859 0.19900952 -0.18233486
vn 0.9628764 0.21834883 -0.15872285
vn 0.9628443 0.23640709 -0.13054667
vn 0.9628614 0.25068468 -0.10027533
vn 0.9628569 0.26041713 -0.07134075
vn 0.96285045 0.2664705 -0.04373249
vn 0.9628447 0.2696351 -0.015060349
vn 0.96292776 0.26903838 0.019708496
vn 0.9628324 0.26469672 0.053752925
vn 0.96282715 0.25761122 0.08124258
vn 0.96282303 0.24772152 0.10773005
vn 0.96281934 0.23511511 0.13304059
vn 0.96281356 0.2186105 0.15874383
vn 0.9627861 0.19736381 0.18463624
vn 0.96280885 0.17295286 0.2075728
vn 0.9628098 0.14841643 0.22576499
vn 0.9628096 0.12400307 0.24004357
vn 0.96281046 0.09793433 0.25180334
vn 0.9629089 0.06469806 0.26195523
vn 0.9628148 0.030715778 0.26841047
vn 0.9628172 0.0023413713 0.27014348
vn 0.9628203 -0.025909029 0.26889735
vn 0.9628239 -0.053871848 0.2647034
vn 0.96282595 -0.083404586 0.25692382
vn 0.9628073 -0.11457748 0.24469191
vn 0.9628381 -0.14390947 0.22854516
vn 0.9628466 -0.16876955 0.2108158
vn 0.9628521 -0.18987048 0.19200277
vn 0.9628565 -0.21022576 0.16944768
vn 0.9628368 -0.229297 0.14271724
vn 0.962871 -0.24479365 0.11382219
vn 0.9628807 -0.2559836 0.085634254
vn 0.96288675 -0.26351148 0.058402028
vn 0.96289235 -0.26815265 0.03053499
vn 0.96289617 -0.26987213 7.046963E-5
vn 0.9628783 -0.2678711 -0.033324033
vn 0.962909 -0.26158446 -0.066180624
vn 0.9629162 -0.25241777 -0.09527688
vn 0.96291983 -0.24106365 -0.12113517
vn 0.9629177 -0.22519194 -0.14858711
vn 0.96281207 -0.20655724 -0.17414677
vn 0.9629235 -0.18464455 -0.19668421
vn 0.96293026 -0.16043988 -0.21685106
vn 0.9629309 -0.13689229 -0.23243181
vn 0.893113 -0.43609196 -0.110331595
vn 0.89303595 -0.4465431 -0.055552952
vn 0.89303595 -0.4465431 -0.055552952
vn 0.893113 -0.43609196 -0.110331595
vn 0.89312845 -0.4208209 -0.1588438
vn 0.89312845 -0.4208209 -0.1588438
vn 0.8931365 -0.40189746 -0.2019543
vn 0.8931365 -0.40189746 -0.2019543
vn 0.89313394 -0.3754331 -0.2477129
vn 0.89313394 -0.3754331 -0.2477129
vn 0.8930797 -0.4498984 1.2027408E-4
vn 0.8930797 -0.4498984 1.2027408E-4
vn 0.8930702 -0.44702852 0.050902378
vn 0.8930702 -0.44702852 0.050902378
vn 0.8930572 -0.43928382 0.09735768
vn 0.8930572 -0.43928382 0.09735768
vn 0.8930397 -0.42673224 0.14275746
vn 0.8930397 -0.42673224 0.14275746
vn 0.8930151 -0.40807104 0.18974225
vn 0.8930151 -0.40807104 0.18974225
vn 0.8929266 -0.38221505 0.23789442
vn 0.8929266 -0.38221505 0.23789442
vn 0.89286155 -0.34429312 -0.29027665
vn 0.89286155 -0.34429312 -0.29027665
vn 0.8931458 -0.30783296 -0.3279169
vn 0.8931458 -0.30783296 -0.3279169
vn 0.8931616 -0.2674902 -0.3615402
vn 0.8931616 -0.2674902 -0.3615402
vn 0.8931644 -0.22823161 -0.38751474
vn 0.8931644 -0.22823161 -0.38751474
vn 0.8929773 -0.35043663 0.28246352
vn 0.8929773 -0.35043663 0.28246352
vn 0.8929643 -0.31650382 0.3200625
vn 0.8929643 -0.31650382 0.3200625
vn 0.8929481 -0.2813334 0.35141873
vn 0.8929481 -0.2813334 0.35141873
vn 0.89292556 -0.23988964 0.38096842
vn 0.89292556 -0.23988964 0.38096842
vn 0.892846 -0.19098279 0.40786228
vn 0.892846 -0.19098279 0.40786228
vn 0.89289415 -0.13902925 0.42826506
vn 0.89289415 -0.13902925 0.42826506
vn 0.892887 -0.089799896 0.44123548
vn 0.892887 -0.089799896 0.44123548
vn 0.8928783 -0.043188978 0.44822222
vn 0.8928783 -0.043188978 0.44822222
vn 0.89287317 0.003900491 0.45029137
vn 0.89287317 0.003900491 0.45029137
vn 0.8928668 0.051198795 0.44740096
vn 0.8928668 0.051198795 0.44740096
vn 0.8931101 0.107859805 0.4367157
vn 0.8931101 0.107859805 0.4367157
vn 0.89285886 0.1632426 0.41970807
vn 0.89285886 0.1632426 0.41970807
vn 0.8928589 0.20668785 0.40010393
vn 0.8928589 0.20668785 0.40010393
vn 0.89286 0.24737903 0.37630376
vn 0.89286 0.24737903 0.37630376
vn 0.89285254 0.28828555 0.34598514
vn 0.89285254 0.28828555 0.34598514
vn 0.89279175 0.3289615 0.30774552
vn 0.89279175 0.3289615 0.30774552
vn 0.8928628 0.36439368 0.2646
vn 0.8928628 0.36439368 0.2646
vn 0.89287895 0.39190432 0.22176145
vn 0.89287895 0.39190432 0.22176145
vn 0.8928914 0.41291454 0.17957321
vn 0.8928914 0.41291454 0.17957321
vn 0.89290524 0.4293975 0.13541788
vn 0.89290524 0.4293975 0.13541788
vn 0.89291584 0.44121808 0.089598805
vn 0.89291584 0.44121808 0.089598805
vn 0.8931595 0.448538 0.032858875
vn 0.8931595 0.448538 0.032858875
vn 0.89295214 0.44945097 -0.025105875
vn 0.89295214 0.44945097 -0.025105875
vn 0.8929687 0.44417658 -0.07289686
vn 0.8929687 0.44417658 -0.07289686
vn 0.8929826 0.4340967 -0.11892096
vn 0.8929826 0.4340967 -0.11892096
vn 0.89299303 0.4178788 -0.16715497
vn 0.89299303 0.4178788 -0.16715497
vn 0.8929491 0.39406565 -0.21761023
vn 0.8929491 0.39406565 -0.21761023
vn 0.8930294 0.36398768 -0.26459676
vn 0.8930294 0.36398768 -0.26459676
vn 0.89305216 0.33175957 -0.30396274
vn 0.89305216 0.33175957 -0.30396274
vn 0.89306676 0.29815003 -0.33695439
vn 0.89306676 0.29815003 -0.33695439
vn 0.89308393 0.2612742 -0.36624703
vn 0.89308393 0.2612742 -0.36624703
vn 0.89309406 0.21853949 -0.39322194
vn 0.89309406 0.21853949 -0.39322194
vn 0.8930028 0.16992994 -0.41673705
vn 0.8930028 0.16992994 -0.41673705
vn 0.8931159 0.118028276 -0.43406615
vn 0.8931159 0.118028276 -0.43406615
vn 0.8931333 0.06787784 -0.44464093
vn 0.8931333 0.06787784 -0.44464093
vn 0.89314294 0.021029525 -0.449281
vn 0.89314294 0.021029525 -0.449281
vn 0.8931483 -0.029819347 -0.44877273
vn 0.8931483 -0.029819347 -0.44877273
vn 0.89309484 -0.0851307 -0.4417401
vn 0.89309484 -0.0851307 -0.4417401
vn 0.8931626 -0.13909128 -0.42768478
vn 0.8931626 -0.13909128 -0.42768478
vn 0.8931672 -0.18647356 -0.4092431
vn 0.8931672 -0.18647356 -0.4092431
vn 0.8931644 -0.22823161 -0.38751474
vn 0.8931644 -0.22823161 -0.38751474
vn 0.08190609 -0.96619 -0.2444758
vn -7.726679E-4 -0.9923501 -0.12345329
vn 0.08187091 -0.98901904 -0.12303889
vn -7.7297934E-4 -0.96944696 -0.24529989
vn 0.081914596 -0.93242425 -0.35195884
vn -7.730971E-4 -0.93556815 -0.35314533
vn 0.08191879 -0.8905267 -0.44749472
vn -7.7306514E-4 -0.8935296 -0.44900364
vn 0.08191614 -0.8319024 -0.54884255
vn -7.730663E-4 -0.8347073 -0.5506932
vn -7.7292393E-4 -0.99999964 2.8799998E-4
vn 0.08189198 -0.99664116 2.8687913E-4
vn -7.728425E-4 -0.99357903 0.113138
vn 0.08188638 -0.99024254 0.11275803
vn -7.7275967E-4 -0.9763089 0.21638018
vn 0.081876494 -0.9730312 0.21565375
vn -7.7275885E-4 -0.94834226 0.317248
vn 0.0818704 -0.945159 0.31618303
vn -7.7269267E-4 -0.906782 0.4215992
vn 0.08186264 -0.9037388 0.4201842
vn -7.7226455E-4 -0.8489856 0.52841544
vn 0.08182273 -0.84613913 0.5266437
vn 0.08179696 -0.7619724 -0.642423
vn -7.7202293E-4 -0.7645341 -0.64458275
vn 0.081928894 -0.68209857 -0.7266562
vn -7.731162E-4 -0.6843991 -0.72910714
vn 0.08193515 -0.5927707 -0.8011926
vn -7.7316334E-4 -0.59477025 -0.8038954
vn 0.0819336 -0.50577855 -0.8587636
vn -7.732855E-4 -0.5074847 -0.8616604
vn -7.7243167E-4 -0.77855736 0.62757295
vn 0.08184406 -0.77594566 0.6254677
vn -7.724275E-4 -0.70314366 0.71104735
vn 0.081839606 -0.70078516 0.7086624
vn -7.723995E-4 -0.62496656 0.78065115
vn 0.08183546 -0.62287045 0.778033
vn -7.723132E-4 -0.5328677 0.8461982
vn 0.08182633 -0.5310809 0.84336084
vn -7.719975E-4 -0.42406753 0.9056303
vn 0.08178959 -0.4226469 0.9025963
vn -7.722019E-4 -0.3087481 0.95114356
vn 0.08181182 -0.30771324 0.94795537
vn -7.721601E-4 -0.19942933 0.9799119
vn 0.08181028 -0.1987608 0.97662747
vn -7.721108E-4 -0.095909454 0.99538976
vn 0.08180451 -0.09558798 0.9920539
vn -7.7204907E-4 0.008663475 0.99996215
vn 0.081798576 0.0086344555 0.9966115
vn -7.719772E-4 0.113689564 0.993516
vn 0.081794366 0.11330859 0.9901872
vn -7.7303365E-4 0.23976736 0.9708301
vn 0.08190348 0.23896177 0.96756864
vn -7.7197433E-4 0.36249223 0.93198645
vn 0.081791714 0.36127782 0.9288641
vn -7.719828E-4 0.4589615 0.88845587
vn 0.08179309 0.4574237 0.8854792
vn -7.7197794E-4 0.5493195 0.835612
vn 0.08179451 0.5474791 0.83281225
vn -7.7195145E-4 0.6401188 0.76827556
vn 0.081793875 0.6379741 0.7657015
vn -7.717191E-4 0.730263 0.68316567
vn 0.08176778 0.7278177 0.6808784
vn -7.719987E-4 0.8091858 0.5875523
vn 0.081797965 0.80647445 0.58558357
vn -7.7203236E-4 0.87032443 0.4924782
vn 0.08180425 0.8674079 0.49082744
vn -7.720998E-4 0.917033 0.3988105
vn 0.0818082 0.9139595 0.39747387
vn -7.721791E-4 0.95369816 0.30076447
vn 0.08181156 0.9505013 0.2997566
vn -7.72226E-4 0.9799979 0.1990064
vn 0.08181608 0.97671276 0.19833906
vn -7.732523E-4 0.9973269 0.07306454
vn 0.08192586 0.9939746 0.072818786
vn -7.723185E-4 0.99844295 -0.05577681
vn 0.0818308 0.9950948 -0.055589467
vn -7.723641E-4 0.9867983 -0.16195242
vn 0.08183834 0.98348856 -0.16140865
vn -7.724975E-4 0.96446306 -0.26421666
vn 0.08184683 0.96122736 -0.2633306
vn -7.726088E-4 0.9284831 -0.37137374
vn 0.08185286 0.9253676 -0.37012827
vn -7.7238254E-4 0.8753943 -0.48340896
vn 0.081832685 0.8724586 -0.48178783
vn -7.7266817E-4 0.8088479 -0.58801746
vn 0.08186868 0.80613303 -0.58604354
vn -7.7274465E-4 0.7373189 -0.67554444
vn 0.08187795 0.7348436 -0.6732761
vn -7.728087E-4 0.66266745 -0.7489134
vn 0.08188447 0.6604424 -0.74639857
vn -7.728856E-4 0.58075863 -0.8140754
vn 0.08189185 0.57880825 -0.8113413
vn -7.7298295E-4 0.4858075 -0.8740655
vn 0.081898496 0.48417562 -0.8711295
vn -7.7261694E-4 0.37757683 -0.92597795
vn 0.08186011 0.3763098 -0.9228704
vn -7.732217E-4 0.2623527 -0.9649717
vn 0.08190777 0.26147124 -0.96172965
vn -7.7330606E-4 0.1509074 -0.9885476
vn 0.0819161 0.15040022 -0.9852256
vn -7.7324745E-4 0.046757158 -0.99890596
vn 0.08192359 0.046599925 -0.9955486
vn -7.732408E-4 -0.066278815 -0.9978008
vn 0.08192449 -0.06605604 -0.9944471
vn -7.729429E-4 -0.18923885 -0.9819308
vn 0.081896044 -0.18860304 -0.9786327
vn -7.732112E-4 -0.30929598 -0.9509655
vn 0.08192572 -0.30825627 -0.94776905
vn -7.73268E-4 -0.41463938 -0.9099855
vn 0.08193174 -0.41324544 -0.9069264
vn -7.732855E-4 -0.5074847 -0.8616604
vn 0.0819336 -0.50577855 -0.8587636
vn -0.08347484 -0.5057135 -0.8586534
vn -0.08347293 -0.4131924 -0.9068099
vn -0.08346679 -0.3082169 -0.9476474
vn -0.08343659 -0.1885792 -0.97850716
vn -0.08346563 -0.06604759 -0.99431944
vn -0.08346477 0.046594106 -0.9954208
vn -0.08345739 0.15038103 -0.9850992
vn -0.083448894 0.2614377 -0.96160626
vn -0.083400026 0.37626138 -0.92275226
vn -0.083439134 0.48411366 -0.87101775
vn -0.08343228 0.5787338 -0.8112374
vn -0.08342477 0.6603575 -0.7463031
vn -0.08341811 0.7347491 -0.6731904
vn -0.0834087 0.80602944 -0.58596885
vn -0.083372116 0.8723469 -0.48172608
vn -0.083392754 0.9252495 -0.37007973
vn -0.083386526 0.9611045 -0.26329613
vn -0.083377756 0.98336244 -0.1613891
vn -0.08337013 0.99496734 -0.05558295
vn -0.08346702 0.9938471 0.07280977
vn -0.08335521 0.97658765 0.19831407
vn -0.08335061 0.9503799 0.29971775
vn -0.0833471 0.91384256 0.39742294
vn -0.08334301 0.86729664 0.49076518
vn -0.08333664 0.8063713 0.58550864
vn -0.0833059 0.72772497 0.680791
vn -0.08333249 0.6378924 0.76560366
vn -0.08333317 0.547409 0.83270586
vn -0.083331764 0.45736524 0.88536596
vn -0.08333035 0.3612316 0.92874527
vn -0.083444186 0.23893133 0.96744454
vn -0.08333303 0.1132942 0.9900606
vn -0.083337374 0.008633329 0.99648404
vn -0.08334341 -0.09557585 0.99192697
vn -0.08334928 -0.19873556 0.9765024
vn -0.08335091 -0.30767378 0.94783413
vn -0.08332828 -0.4225927 0.90248096
vn -0.08336564 -0.53101313 0.84325284
vn -0.083374955 -0.62279093 0.77793324
vn -0.08337915 -0.70069546 0.7085717
vn -0.083383605 -0.7758463 0.6253876
vn -0.08336195 -0.84603083 0.5265764
vn -0.08340271 -0.90362287 0.42013055
vn -0.08341062 -0.94503784 0.31614265
vn -0.083416715 -0.97290653 0.21562608
vn -0.083426744 -0.9901156 0.11274367
vn -0.083432496 -0.99651337 2.8714957E-4
vn -0.08341092 -0.9888923 -0.123023115
vn -0.083446726 -0.96606606 -0.24444436
vn -0.08345545 -0.9323048 -0.35191336
vn -0.08345957 -0.89041257 -0.44743708
vn -0.08345693 -0.8317955 -0.5487724
vn -0.08333571 -0.7618748 -0.64234096
vn -0.08346978 -0.68201107 -0.726563
vn -0.083476156 -0.5926944 -0.80108994
vn -0.08347484 -0.5057135 -0.8586534
vn -0.77578664 -0.6117201 -0.15476987
vn -0.9647484 -0.2611606 -0.03248972
vn -0.7756583 -0.62632495 -0.077918075
vn -0.9647635 -0.25508082 -0.06453852
vn -0.7758125 -0.5903098 -0.22282112
vn -0.9647568 -0.24618845 -0.09292785
vn -0.77582717 -0.56376916 -0.28329584
vn -0.96475893 -0.23511943 -0.1181484
vn -0.77581847 -0.52665204 -0.3474813
vn -0.9647744 -0.21958968 -0.14488159
vn -0.9647569 -0.2631428 7.280196E-5
vn -0.775741 -0.63105136 1.7180637E-4
vn -0.9647447 -0.26149774 0.029775208
vn -0.77572846 -0.6270152 0.07139519
vn -0.96474177 -0.25696295 0.056950435
vn -0.7757076 -0.6161416 0.13655455
vn -0.9647384 -0.24961297 0.08350499
vn -0.7756849 -0.59851694 0.20022573
vn -0.964743 -0.23865765 0.11096626
vn -0.77565163 -0.5723204 0.2661089
vn -0.96472377 -0.2235075 0.13911276
vn -0.7755067 -0.5359983 0.33360955
vn -0.77535224 -0.48282436 -0.40707436
vn -0.96468985 -0.20136872 -0.16977678
vn -0.775841 -0.4318223 -0.4600003
vn -0.9647765 -0.18005046 -0.19180223
vn -0.77586704 -0.37524158 -0.5071727
vn -0.96476454 -0.15649387 -0.21151613
vn -0.7758698 -0.32017112 -0.5436143
vn -0.96476483 -0.1335269 -0.22671431
vn -0.96473545 -0.2049354 0.16518785
vn -0.7755984 -0.49145326 0.39613226
vn -0.964724 -0.18511088 0.18719396
vn -0.7755861 -0.4438506 0.44884607
vn -0.96472096 -0.16453692 0.20552644
vn -0.7755659 -0.39451796 0.4928012
vn -0.9647264 -0.14027673 0.22276753
vn -0.7755328 -0.33639368 0.53421736
vn -0.9647113 -0.11166043 0.23846173
vn -0.77540374 -0.26778352 0.57187504
vn -0.96472067 -0.08128862 0.25041193
vn -0.7754925 -0.19494 0.60050803
vn -0.9647094 -0.05251318 0.25802737
vn -0.775487 -0.12591086 0.6186812
vn -0.9647076 -0.025255807 0.2621094
vn -0.7754752 -0.060554188 0.62846756
vn -0.9647068 0.002281385 0.2633166
vn -0.7754682 0.0054708323 0.6313629
vn -0.9647067 0.029938437 0.26161936
vn -0.77546203 0.07178393 0.62730026
vn -0.964799 0.06305674 0.25531694
vn -0.7758804 0.15126501 0.61247736
vn -0.9647055 0.095455036 0.24542116
vn -0.77545 0.22887844 0.58846575
vn -0.9647037 0.12086159 0.2339642
vn -0.775448 0.2897933 0.5609814
vn -0.9647041 0.1446564 0.2200466
vn -0.77545077 0.346846 0.52761155
vn -0.96471363 0.16854769 0.20228523
vn -0.7754445 0.4041903 0.4850939
vn -0.9647028 0.19230768 0.17990617
vn -0.77534497 0.46118832 0.4314459
vn -0.9647169 0.21304712 0.15470006
vn -0.77546597 0.5109041 0.3709846
vn -0.96470994 0.22916906 0.12967771
vn -0.7754895 0.5494879 0.31093243
vn -0.96471196 0.24146153 0.10501017
vn -0.775504 0.5789622 0.25178623
vn -0.9647147 0.2511065 0.07919045
vn -0.77552205 0.6020892 0.18987922
vn -0.96471745 0.258021 0.05239629
vn -0.7755385 0.6186726 0.12563522
vn -0.96480733 0.26225495 0.019212695
vn -0.7759507 0.6291077 0.046087626
vn -0.9647264 0.26284483 -0.014682742
vn -0.7755867 0.6302585 -0.035206966
vn -0.9647276 0.2597748 -0.042634353
vn -0.7756108 0.6228783 -0.10222738
vn -0.9647309 0.25388324 -0.06955275
vn -0.7756328 0.60875404 -0.1667703
vn -0.96474284 0.24437015 -0.09774677
vn -0.7756442 0.58602756 -0.23440942
vn -0.9647345 0.23042598 -0.12724487
vn -0.7755625 0.5526114 -0.30516112
vn -0.96475065 0.21286361 -0.15474269
vn -0.77569777 0.5104749 -0.37109086
vn -0.96474534 0.19405214 -0.17779252
vn -0.7757334 0.46529382 -0.42630902
vn -0.9647481 0.17439729 -0.19709562
vn -0.77575296 0.41816708 -0.4725925
vn -0.9647508 0.1528337 -0.21423759
vn -0.775771 0.36646503 -0.51369506
vn -0.96476173 0.12782411 -0.22999081
vn -0.7757809 0.3065363 -0.5515429
vn -0.9647394 0.09938159 -0.24372372
vn -0.7756262 0.23832357 -0.5844706
vn -0.96476877 0.069031216 -0.25388187
vn -0.7758144 0.16555181 -0.6088551
vn -0.9647609 0.039706323 -0.26011515
vn -0.7758408 0.0952097 -0.6237036
vn -0.9647627 0.012301014 -0.26283383
vn -0.7758526 0.02949638 -0.63022435
vn -0.96477306 -0.017439561 -0.26250473
vn -0.7758526 -0.04182483 -0.6295264
vn -0.96476257 -0.049792126 -0.2583678
vn -0.7757546 -0.11941453 -0.61963296
vn -0.96477515 -0.08136462 -0.25017738
vn -0.77586555 -0.19512208 -0.59996665
vn -0.96476537 -0.10909677 -0.23942769
vn -0.7758727 -0.2615927 -0.5741
vn -0.96476483 -0.1335269 -0.22671431
vn -0.7758698 -0.32017112 -0.5436143
vn -0.9887742 0.07582832 0.12874655
vn -0.9887742 0.061954815 0.13596763
vn -0.9887733 0.046210725 0.14209859
vn -0.9887653 0.028286418 0.1467757
vn -0.98877245 0.009907583 0.14909992
vn -0.9887725 -0.0069867754 0.1492652
vn -0.9887718 -0.022551544 0.14772181
vn -0.9887698 -0.039213505 0.1442101
vn -0.9887563 -0.056459893 0.13846764
vn -0.9887673 -0.07260802 0.13064143
vn -0.98876673 -0.08680529 0.121676624
vn -0.98876554 -0.09905217 0.11194383
vn -0.988764 -0.11021733 0.10098434
vn -0.9887614 -0.1209271 0.08790637
vn -0.98875177 -0.13092904 0.07230147
vn -0.98875755 -0.13883266 0.055533808
vn -0.98875666 -0.14422001 0.03950854
vn -0.98875517 -0.14756908 0.024219422
vn -0.9887537 -0.14932026 0.008341334
vn -0.98877984 -0.14898083 -0.010913722
vn -0.9887501 -0.14658448 -0.029768337
vn -0.98874885 -0.14265884 -0.044990502
vn -0.98874766 -0.13718207 -0.059658736
vn -0.9887466 -0.13020109 -0.07367456
vn -0.98874485 -0.12106145 -0.08790796
vn -0.9887362 -0.10929762 -0.102247864
vn -0.9887435 -0.09577755 -0.11494735
vn -0.988744 -0.08218764 -0.12502192
vn -0.9887438 -0.06866946 -0.13292925
vn -0.9887437 -0.05423409 -0.13944362
vn -0.9887743 -0.03582453 -0.14505853
vn -0.98874444 -0.017008897 -0.1486445
vn -0.9887451 -0.0012968573 -0.14960437
vn -0.98874575 0.014346542 -0.14891607
vn -0.9887466 0.029833037 -0.14659563
vn -0.9887468 0.04619283 -0.1422881
vn -0.9887405 0.06345828 -0.13551848
vn -0.9887499 0.07970152 -0.12657541
vn -0.9887521 0.09347131 -0.11675761
vn -0.98875344 0.10515749 -0.10634162
vn -0.9887544 0.11643493 -0.09384934
vn -0.98874784 0.12700139 -0.079046756
vn -0.98875815 0.13558346 -0.0630437
vn -0.98876035 0.14178547 -0.04743179
vn -0.988762 0.14595643 -0.032347903
vn -0.9887636 0.14852807 -0.016912675
vn -0.9887645 0.14948153 -3.857558E-5
vn -0.98875856 0.14837714 0.018458908
vn -0.9887678 0.14489448 0.036657363
vn -0.98876977 0.13981791 0.052775614
vn -0.9887707 0.13352947 0.067098744
vn -0.98876995 0.124738894 0.082305625
vn -0.9887365 0.11442562 0.09647218
vn -0.9887717 0.102278925 0.10894784
vn -0.9887739 0.0888717 0.120117
vn -0.9887742 0.07582832 0.12874655
vn -0.7367528 0.6555066 0.16585048
vn -0.40248924 0.9084222 0.11301112
vn -0.7365741 0.6711831 0.08349764
vn -0.40259287 0.88741285 0.2245381
vn -0.73681474 0.6325336 0.23875763
vn -0.40258312 0.85640395 0.32326308
vn -0.73685265 0.60407615 0.30354595
vn -0.40260875 0.8179153 0.41099966
vn -0.7368566 0.5642926 0.37231207
vn -0.4026939 0.7640312 0.5040773
vn -0.40250862 0.9154162 -2.6071863E-4
vn -0.7366286 0.6762975 -1.8530902E-4
vn -0.40242422 0.9095748 -0.10357792
vn -0.73658013 0.6720072 -0.07652447
vn -0.4023821 0.8937841 -0.19808736
vn -0.73651814 0.6603931 -0.14636248
vn -0.40233672 0.8681999 -0.29043773
vn -0.73645097 0.6415445 -0.21461736
vn -0.40232515 0.8301525 -0.385981
vn -0.7363648 0.6135089 -0.28526095
vn -0.4021899 0.7772986 -0.48378733
vn -0.7361506 0.57460994 -0.3576389
vn -0.736358 0.51727766 0.43612012
vn -0.4022721 0.69994605 0.5901294
vn -0.73689616 0.46267185 0.49286798
vn -0.40271538 0.6264572 0.6673618
vn -0.7369264 0.4020477 0.54341257
vn -0.4026588 0.5444212 0.7358474
vn -0.73692554 0.3430485 0.5824589
vn -0.4026582 0.4645296 0.7887196
vn -0.40221047 0.7128124 -0.57456523
vn -0.7361936 0.5269119 -0.42471504
vn -0.40211624 0.6437822 -0.65103537
vn -0.73612547 0.47591248 -0.48127607
vn -0.40206888 0.5722169 -0.71477854
vn -0.73605555 0.4230465 -0.5284448
vn -0.4020643 0.4878962 -0.77479136
vn -0.7359727 0.36074767 -0.572892
vn -0.4019509 0.3883018 -0.829251
vn -0.73577935 0.2871853 -0.6133134
vn -0.40196517 0.2827083 -0.87091905
vn -0.73582625 0.20908202 -0.64408416
vn -0.4018821 0.18261495 -0.8972974
vn -0.7357797 0.1350559 -0.6636175
vn -0.40184805 0.08782168 -0.9114853
vn -0.7357293 0.06495305 -0.674154
vn -0.40181735 -0.007933059 -0.9156855
vn -0.7356839 -0.0058689667 -0.6772996
vn -0.40179536 -0.10410774 -0.9097923
vn -0.7356466 -0.077008 -0.6729738
vn -0.40224287 -0.21952224 -0.8888254
vn -0.7360775 -0.16230267 -0.65715134
vn -0.40175918 -0.3319471 -0.85346395
vn -0.73558825 -0.24556191 -0.6313551
vn -0.4017432 -0.42029485 -0.81360596
vn -0.7355742 -0.31092256 -0.60187846
vn -0.4017384 -0.5030412 -0.76521623
vn -0.7355673 -0.37213647 -0.56608766
vn -0.40178347 -0.5861808 -0.7035355
vn -0.7355577 -0.43366286 -0.52047235
vn -0.40172812 -0.6687451 -0.6256153
vn -0.7354504 -0.49481058 -0.46289867
vn -0.40180534 -0.7409871 -0.5380432
vn -0.7355901 -0.548157 -0.39803413
vn -0.40178075 -0.79699004 -0.45097575
vn -0.73562974 -0.58954525 -0.3335944
vn -0.4018048 -0.83975345 -0.36519453
vn -0.7356654 -0.6211491 -0.27012977
vn -0.40183377 -0.87331086 -0.27542284
vn -0.7357083 -0.64593613 -0.20371509
vn -0.40187013 -0.8973798 -0.1822358
vn -0.73575807 -0.6636971 -0.1347823
vn -0.40235224 -0.9130386 -0.06688116
vn -0.73624915 -0.67490226 -0.049437948
vn -0.40196946 -0.9142281 0.051064342
vn -0.7358903 -0.676047 0.03776044
vn -0.40199777 -0.90355384 0.14828433
vn -0.73595047 -0.66809815 0.10964446
vn -0.40204114 -0.8830839 0.24192092
vn -0.73601454 -0.6529096 0.1788623
vn -0.40213618 -0.85010034 0.34002343
vn -0.73607886 -0.6284847 0.25138572
vn -0.4021308 -0.8014954 0.44260138
vn -0.73604494 -0.59258336 0.32723504
vn -0.4022495 -0.7405279 0.53834355
vn -0.7362461 -0.5473662 0.39790946
vn -0.40225798 -0.67503285 0.6184813
vn -0.7363348 -0.4988825 0.45708567
vn -0.402305 -0.60667485 0.6856357
vn -0.7364043 -0.44832253 0.50667113
vn -0.402352 -0.53168076 0.7452707
vn -0.73647356 -0.3928686 0.55069137
vn -0.402441 -0.44473356 0.80015826
vn -0.7365357 -0.32859847 0.5912175
vn -0.40236163 -0.34566423 0.8477154
vn -0.7364178 -0.2554408 0.62644947
vn -0.40254307 -0.24016409 0.88333476
vn -0.7366707 -0.17742962 0.6525603
vn -0.40253362 -0.13814348 0.90492153
vn -0.73674184 -0.10204168 0.66843027
vn -0.40256497 -0.042799197 0.9143903
vn -0.7367879 -0.03161266 0.6753844
vn -0.40263876 0.06067682 0.91334563
vn -0.7368204 0.044820156 0.6746012
vn -0.40260535 0.1732228 0.8988341
vn -0.7367454 0.12795383 0.6639533
vn -0.40268764 0.28309548 0.87045944
vn -0.7368927 0.20907152 0.6428672
vn -0.40265378 0.3795423 0.8329571
vn -0.7369188 0.28029034 0.6151325
vn -0.4026582 0.4645296 0.7887196
vn -0.73692554 0.3430485 0.5824589
vt 0.66115785 0.8666218
vt 0.6663368 0.87659717
vt 0.66436833 0.86383253
vt 0.6640296 0.87761307
vt 0.66115785 0.8666218
vt 0.65690327 0.8806745
vt 0.6640296 0.87761307
vt 0.64056283 0.8760907
vt 0.64056283 0.8760907
vt 0.63908553 0.8866437
vt 0.65690327 0.8806745
vt 0.63299274 0.8778136
vt 0.63299274 0.8778136
vt 0.63373035 0.8874785
vt 0.63908553 0.8866437
vt 0.6225245 0.8888327
vt 0.62217534 0.877953
vt 0.62217534 0.877953
vt 0.6089529 0.88859224
vt 0.6225245 0.8888327
vt 0.60910976 0.87779284
vt 0.60910976 0.87779284
vt 0.60759217 0.8894874
vt 0.6089529 0.88859224
vt 0.6066803 0.8773833
vt 0.60328764 0.8757049
vt 0.60328764 0.8757049
vt 0.5978988 0.8698455
vt 0.60759217 0.8894874
vt 0.5978988 0.8698455
vt 0.6072908 0.8906411
vt 0.60759217 0.8894874
vt 0.5978988 0.8698455
vt 0.6075251 0.8918012
vt 0.6072908 0.8906411
vt 0.6663368 0.87659717
vt 0.6643904 0.8629706
vt 0.66436833 0.86383253
vt 0.6668777 0.87684816
vt 0.5978988 0.8698455
vt 0.59762996 0.9099565
vt 0.6075251 0.8918012
vt 0.59762996 0.9099565
vt 0.6001853 0.90701234
vt 0.6075251 0.8918012
vt 0.6001853 0.90701234
vt 0.60339344 0.90477544
vt 0.6075251 0.8918012
vt 0.60339344 0.90477544
vt 0.6088334 0.89272743
vt 0.6075251 0.8918012
vt 0.6059141 0.90387577
vt 0.6059141 0.90387577
vt 0.60836565 0.9035231
vt 0.6088334 0.89272743
vt 0.60836565 0.9035231
vt 0.6224094 0.89280355
vt 0.6088334 0.89272743
vt 0.6214317 0.9036676
vt 0.6214317 0.9036676
vt 0.6335294 0.89441764
vt 0.6224094 0.89280355
vt 0.63223374 0.9040589
vt 0.63223374 0.9040589
vt 0.638833 0.895377
vt 0.6335294 0.89441764
vt 0.639699 0.90595704
vt 0.639699 0.90595704
vt 0.6562936 0.901757
vt 0.638833 0.895377
vt 0.65973276 0.9158992
vt 0.65973276 0.9158992
vt 0.6632379 0.90498245
vt 0.6562936 0.901757
vt 0.65973276 0.9158992
vt 0.6654848 0.90605134
vt 0.6632379 0.90498245
vt 0.66277975 0.9187615
vt 0.66277975 0.9187615
vt 0.66603994 0.90581346
vt 0.6654848 0.90605134
vt 0.6627519 0.9196234
vt 0.5978988 0.8698455
vt 0.5708321 0.8902161
vt 0.59762996 0.9099565
vt 0.57841873 0.7952696
vt 0.5893667 0.79312927
vt 0.5768783 0.791326
vt 0.58955646 0.79567504
vt 0.57841873 0.7952696
vt 0.59007144 0.8035159
vt 0.58955646 0.79567504
vt 0.5804838 0.8181108
vt 0.5804838 0.8181108
vt 0.5897951 0.82262856
vt 0.59007144 0.8035159
vt 0.57961184 0.8259937
vt 0.57961184 0.8259937
vt 0.588822 0.8280933
vt 0.5897951 0.82262856
vt 0.58642083 0.8394137
vt 0.57621026 0.83658123
vt 0.57621026 0.83658123
vt 0.5817678 0.85257554
vt 0.58642083 0.8394137
vt 0.57179695 0.84927315
vt 0.57179695 0.84927315
vt 0.58215445 0.8541633
vt 0.5817678 0.85257554
vt 0.570624 0.8515225
vt 0.5679588 0.8543408
vt 0.5679588 0.8543408
vt 0.5607622 0.85788596
vt 0.58215445 0.8541633
vt 0.5607622 0.85788596
vt 0.58312684 0.85479355
vt 0.58215445 0.8541633
vt 0.5607622 0.85788596
vt 0.5842801 0.8549034
vt 0.58312684 0.85479355
vt 0.5893667 0.79312927
vt 0.5760855 0.7910531
vt 0.5768783 0.791326
vt 0.5897761 0.7926751
vt 0.5607622 0.85788596
vt 0.5978988 0.8698455
vt 0.5842801 0.8549034
vt 0.5978988 0.8698455
vt 0.5960006 0.8664955
vt 0.5842801 0.8549034
vt 0.5960006 0.8664955
vt 0.594972 0.8627154
vt 0.5842801 0.8549034
vt 0.594972 0.8627154
vt 0.5855665 0.8538979
vt 0.5842801 0.8549034
vt 0.5949596 0.8599955
vt 0.5949596 0.8599955
vt 0.59543246 0.85750234
vt 0.5855665 0.8538979
vt 0.59543246 0.85750234
vt 0.5900686 0.8406838
vt 0.5855665 0.8538979
vt 0.59983176 0.84480536
vt 0.59983176 0.84480536
vt 0.5951961 0.8303128
vt 0.5900686 0.8406838
vt 0.6037204 0.8343877
vt 0.6037204 0.8343877
vt 0.59781736 0.8254217
vt 0.5951961 0.8303128
vt 0.60791886 0.8276628
vt 0.60791886 0.8276628
vt 0.6094376 0.81025857
vt 0.59781736 0.8254217
vt 0.62368435 0.8110298
vt 0.62368435 0.8110298
vt 0.6146975 0.8044286
vt 0.6094376 0.81025857
vt 0.62368435 0.8110298
vt 0.616423 0.80254954
vt 0.6146975 0.8044286
vt 0.6273353 0.80889356
vt 0.6273353 0.80889356
vt 0.61638343 0.80193883
vt 0.616423 0.80254954
vt 0.628126 0.8091721
vt 0.5607622 0.85788596
vt 0.5708321 0.8902161
vt 0.5978988 0.8698455
vt 0.48519525 0.85513026
vt 0.4867825 0.84383214
vt 0.4810326 0.8554822
vt 0.48920685 0.8443897
vt 0.48519525 0.85513026
vt 0.49665147 0.846174
vt 0.48920685 0.8443897
vt 0.5070664 0.859778
vt 0.5070664 0.859778
vt 0.5142984 0.8520171
vt 0.49665147 0.846174
vt 0.5140976 0.862927
vt 0.5140976 0.862927
vt 0.51905227 0.85455966
vt 0.5142984 0.8520171
vt 0.52877414 0.860202
vt 0.52281266 0.8693311
vt 0.52281266 0.8693311
vt 0.53947 0.8685769
vt 0.52877414 0.860202
vt 0.5331508 0.8773353
vt 0.5331508 0.8773353
vt 0.54106975 0.868663
vt 0.53947 0.8685769
vt 0.5348553 0.8791349
vt 0.5366008 0.88255525
vt 0.5366008 0.88255525
vt 0.5375418 0.89060557
vt 0.54106975 0.868663
vt 0.5375418 0.89060557
vt 0.5419719 0.8678988
vt 0.54106975 0.868663
vt 0.5375418 0.89060557
vt 0.5424504 0.86680657
vt 0.5419719 0.8678988
vt 0.4867825 0.84383214
vt 0.4805206 0.85617554
vt 0.4810326 0.8554822
vt 0.4864945 0.8433004
vt 0.5375418 0.89060557
vt 0.5607622 0.85788596
vt 0.5424504 0.86680657
vt 0.5607622 0.85788596
vt 0.5570339 0.8587597
vt 0.5424504 0.86680657
vt 0.5570339 0.8587597
vt 0.55319 0.8586603
vt 0.5424504 0.86680657
vt 0.55319 0.8586603
vt 0.54193705 0.8652589
vt 0.5424504 0.86680657
vt 0.5506617 0.85787904
vt 0.5506617 0.85787904
vt 0.5485024 0.85669076
vt 0.54193705 0.8652589
vt 0.5485024 0.85669076
vt 0.5311436 0.85701597
vt 0.54193705 0.8652589
vt 0.53815514 0.8486991
vt 0.53815514 0.8486991
vt 0.5231926 0.8489922
vt 0.5311436 0.85701597
vt 0.52975667 0.8418696
vt 0.52975667 0.8418696
vt 0.51950914 0.84501016
vt 0.5231926 0.8489922
vt 0.5248861 0.8358151
vt 0.5248861 0.8358151
vt 0.50923014 0.82925874
vt 0.51950914 0.84501016
vt 0.514596 0.8155931
vt 0.514596 0.8155931
vt 0.5055366 0.82243025
vt 0.50923014 0.82925874
vt 0.514596 0.8155931
vt 0.504356 0.82019997
vt 0.5055366 0.82243025
vt 0.51380545 0.8114106
vt 0.51380545 0.8114106
vt 0.5037764 0.8200604
vt 0.504356 0.82019997
vt 0.5143219 0.81072104
vt 0.5375418 0.89060557
vt 0.5708321 0.8902161
vt 0.5607622 0.85788596
vt 0.5103189 0.9634784
vt 0.500352 0.9586361
vt 0.50928676 0.9676396
vt 0.50166065 0.9564351
vt 0.5103189 0.9634784
vt 0.5057466 0.949697
vt 0.50166065 0.9564351
vt 0.521771 0.9435099
vt 0.521771 0.9435099
vt 0.5169294 0.93419564
vt 0.5057466 0.949697
vt 0.5269885 0.93757296
vt 0.5269885 0.93757296
vt 0.5208406 0.9303022
vt 0.5169294 0.93419564
vt 0.52925014 0.92246884
vt 0.5357763 0.9309435
vt 0.5357763 0.9309435
vt 0.5405135 0.9144831
vt 0.52925014 0.92246884
vt 0.54657894 0.92319846
vt 0.54657894 0.92319846
vt 0.5411156 0.9129485
vt 0.5405135 0.9144831
vt 0.5488053 0.9220612
vt 0.5525493 0.9213569
vt 0.5525493 0.9213569
vt 0.56032735 0.922787
vt 0.5411156 0.9129485
vt 0.56032735 0.922787
vt 0.5407008 0.91184586
vt 0.5411156 0.9129485
vt 0.56032735 0.922787
vt 0.53984344 0.91106105
vt 0.5407008 0.91184586
vt 0.500352 0.9586361
vt 0.5097632 0.96834093
vt 0.50928676 0.9676396
vt 0.49976453 0.95876175
vt 0.56032735 0.922787
vt 0.5375418 0.89060557
vt 0.53984344 0.91106105
vt 0.5375418 0.89060557
vt 0.53713584 0.8944958
vt 0.53984344 0.91106105
vt 0.53713584 0.8944958
vt 0.5357888 0.89821446
vt 0.53984344 0.91106105
vt 0.5357888 0.89821446
vt 0.5382396 0.91111
vt 0.53984344 0.91106105
vt 0.5342388 0.9004515
vt 0.5342388 0.9004515
vt 0.5324312 0.9022104
vt 0.5382396 0.91111
vt 0.5324312 0.9022104
vt 0.5270667 0.91922975
vt 0.5382396 0.91111
vt 0.5216371 0.909968
vt 0.5216371 0.909968
vt 0.51702523 0.92464185
vt 0.5270667 0.91922975
vt 0.5125578 0.9161649
vt 0.5125578 0.9161649
vt 0.5121275 0.9270717
vt 0.51702523 0.92464185
vt 0.5053491 0.91914797
vt 0.5053491 0.91914797
vt 0.4941545 0.9325001
vt 0.5121275 0.9270717
vt 0.48322392 0.92328316
vt 0.48322392 0.92328316
vt 0.48661184 0.9341098
vt 0.4941545 0.9325001
vt 0.48322392 0.92328316
vt 0.48415673 0.93461037
vt 0.48661184 0.9341098
vt 0.47908434 0.9228343
vt 0.47908434 0.9228343
vt 0.4838381 0.9351348
vt 0.48415673 0.93461037
vt 0.47861293 0.9221295
vt 0.56032735 0.922787
vt 0.5708321 0.8902161
vt 0.5375418 0.89060557
vt 0.61906976 0.9705805
vt 0.6113227 0.978886
vt 0.6225946 0.9728003
vt 0.6097071 0.9769681
vt 0.61906976 0.9705805
vt 0.6047877 0.9710194
vt 0.6097071 0.9769681
vt 0.60427636 0.95359147
vt 0.60427636 0.95359147
vt 0.594052 0.9555958
vt 0.6047877 0.9710194
vt 0.6004698 0.9467733
vt 0.6004698 0.9467733
vt 0.5917156 0.95064706
vt 0.594052 0.9555958
vt 0.587191 0.9401635
vt 0.5971859 0.9362719
vt 0.5971859 0.9362719
vt 0.5834562 0.926853
vt 0.587191 0.9401635
vt 0.5935242 0.923481
vt 0.5935242 0.923481
vt 0.58222866 0.9258185
vt 0.5834562 0.926853
vt 0.5931956 0.9209786
vt 0.593764 0.91712296
vt 0.593764 0.91712296
vt 0.59762996 0.9099565
vt 0.58222866 0.9258185
vt 0.59762996 0.9099565
vt 0.58107007 0.9259013
vt 0.58222866 0.9258185
vt 0.59762996 0.9099565
vt 0.58006185 0.9265085
vt 0.58107007 0.9259013
vt 0.6113227 0.978886
vt 0.6234009 0.97254044
vt 0.6225946 0.9728003
vt 0.6112476 0.9794953
vt 0.59762996 0.9099565
vt 0.56032735 0.922787
vt 0.58006185 0.9265085
vt 0.56032735 0.922787
vt 0.56380486 0.92431736
vt 0.58006185 0.9265085
vt 0.56380486 0.92431736
vt 0.56681633 0.92671514
vt 0.58006185 0.9265085
vt 0.56681633 0.92671514
vt 0.5795837 0.92808634
vt 0.58006185 0.9265085
vt 0.56838644 0.92887884
vt 0.56838644 0.92887884
vt 0.5694286 0.9311541
vt 0.5795837 0.92808634
vt 0.5694286 0.9311541
vt 0.5834723 0.9413476
vt 0.5795837 0.92808634
vt 0.57310486 0.9439404
vt 0.57310486 0.9439404
vt 0.58521724 0.9527162
vt 0.5834723 0.9413476
vt 0.5758921 0.95459974
vt 0.5758921 0.95459974
vt 0.5858736 0.9582001
vt 0.58521724 0.9527162
vt 0.57630754 0.96249795
vt 0.57630754 0.96249795
vt 0.5850447 0.97730637
vt 0.5858736 0.9582001
vt 0.5729233 0.9852755
vt 0.5729233 0.9852755
vt 0.58407646 0.98512965
vt 0.5850447 0.97730637
vt 0.5729233 0.9852755
vt 0.5837399 0.9876694
vt 0.58407646 0.98512965
vt 0.57115555 0.9891807
vt 0.57115555 0.9891807
vt 0.58412254 0.9881331
vt 0.5837399 0.9876694
vt 0.5703477 0.9894348
vt 0.59762996 0.9099565
vt 0.5708321 0.8902161
vt 0.56032735 0.922787
vt 0.19939876 0.76271784
vt 0.18884826 0.7356416
vt 0.20208597 0.76199555
vt 0.18420434 0.7420678
vt 0.18615007 0.7268903
vt 0.18313408 0.7298353
vt 0.18537283 0.724983
vt 0.18198061 0.7241992
vt 0.18002343 0.73085356
vt 0.18117881 0.72404206
vt 0.17495346 0.7372296
vt 0.16824389 0.7396215
vt 0.16837502 0.74235153
vt 0.16128874 0.737231
vt 0.1504724 0.7435132
vt 0.1566937 0.73249054
vt 0.14937472 0.74312973
vt 0.14379525 0.73369336
vt 0.11148453 0.7351413
vt 0.11512375 0.74460864
vt 0.096194744 0.7397932
vt 0.099460125 0.7494904
vt 0.07852268 0.75030875
vt 0.081786156 0.75999784
vt 0.043407917 0.7734448
vt 0.046670914 0.7831329
vt 0.005879402 0.79737806
vt 0.00914526 0.80707526
vt 0.078499794 0.7501775
vt 0.0961709 0.73965716
vt 0.043384552 0.77330863
vt 0.0053901672 0.7968912
vt 0.11519623 0.7459445
vt 0.0995698 0.75068474
vt 0.11457348 0.7490853
vt 0.14887881 0.7468555
vt 0.14957428 0.74422646
vt 0.16606426 0.7463882
vt 0.16785145 0.7436142
vt 0.09887838 0.75380015
vt 0.08186388 0.76118255
vt 0.07920122 0.76507187
vt 0.046401978 0.7844951
vt 0.03955221 0.7904781
vt 0.009145737 0.808594
vt 0.008939266 0.81123745
vt 0.076309204 0.7818028
vt 0.031195164 0.8045052
vt 0.013454437 0.81235397
vt 0.18390942 0.74307466
vt 0.18170977 0.7459661
vt 0.19517732 0.7637795
vt 0.1983304 0.7629869
vt 0.19450498 0.76394427
vt 0.1809318 0.7464764
vt 0.17266464 0.7696321
vt 0.1606214 0.7585697
vt 0.15459538 0.7567197
vt 0.1655941 0.7469171
vt 0.14872217 0.7473979
vt 0.14608097 0.7558627
vt 0.11479473 0.7496052
vt 0.11809397 0.75711083
vt 0.09523964 0.7601435
vt 0.09852123 0.7544761
vt 0.08054352 0.76444995
vt 0.07985306 0.76487744
vt 0.09184122 0.77601624
vt 0.095219135 0.7606516
vt 0.11481285 0.77366173
vt 0.11806583 0.75766253
vt 0.14266825 0.7716527
vt 0.14607 0.75635743
vt 0.14797544 0.7722459
vt 0.15450692 0.7573805
vt 0.16033864 0.75904024
vt 0.16033864 0.75904024
vt 0.1535449 0.7742287
vt 0.16033864 0.75904024
vt 0.15972781 0.7740983
vt 0.17221284 0.76972735
vt 0.16033864 0.75904024
vt 0.17640471 0.7818847
vt 0.19934988 0.7773254
vt 0.19806886 0.7847407
vt 0.17557406 0.79200554
vt 0.17298388 0.797752
vt 0.18760824 0.7959666
vt 0.17610574 0.80831826
vt 0.16800499 0.80471134
vt 0.15204191 0.83233714
vt 0.14858484 0.8249029
vt 0.13121462 0.84006155
vt 0.13763762 0.84134007
vt 0.11827517 0.848253
vt 0.138381 0.8415183
vt 0.11692142 0.84885025
vt 0.12160063 0.8494195
vt 0.1411767 0.8430563
vt 0.15228653 0.83284664
vt 0.15505648 0.834453
vt 0.17661595 0.8085586
vt 0.17904949 0.80977297
vt 0.18831658 0.7959628
vt 0.19157958 0.796453
vt 0.08067608 0.8606521
vt 0.071659565 0.86184454
vt 0.037975788 0.87271273
vt 0.03585434 0.8711225
vt 0.10244846 0.8399725
vt 0.055606842 0.85885644
vt 0.037997723 0.8669944
vt 0.20258951 0.7847512
vt 0.19896579 0.78449297
vt 0.20002651 0.77721405
vt 0.20365477 0.7774725
vt 0.20353985 0.78519464
vt 0.19287372 0.79689336
vt 0.19483685 0.798795
vt 0.20106363 0.7953366
vt 0.21201897 0.7940767
vt 0.2091999 0.7957401
vt 0.21660018 0.7997588
vt 0.2191596 0.7973995
vt 0.22190619 0.8019837
vt 0.22117352 0.7978326
vt 0.22099233 0.8051275
vt 0.21601796 0.8003329
vt 0.22339964 0.8129095
vt 0.23261166 0.8079971
vt 0.2215929 0.81979907
vt 0.22392178 0.82123005
vt 0.21569777 0.8241956
vt 0.21478653 0.8366711
vt 0.21385121 0.8373617
vt 0.2091918 0.8253182
vt 0.20291162 0.8366492
vt 0.1858902 0.8641516
vt 0.1957612 0.86648345
vt 0.18111181 0.8794016
vt 0.19096184 0.8821718
vt 0.17983294 0.8999257
vt 0.18967485 0.90269357
vt 0.17914295 0.9419714
vt 0.1889844 0.9447391
vt 0.17775011 0.98646
vt 0.18760014 0.98923045
vt 0.17971134 0.89987034
vt 0.18098593 0.8793443
vt 0.17901707 0.94191426
vt 0.17707253 0.9865897
vt 0.20137858 0.82331777
vt 0.20116997 0.8300952
vt 0.19490981 0.8248192
vt 0.197793 0.8208554
vt 0.2095952 0.8246348
vt 0.21576142 0.82331145
vt 0.22087646 0.8193588
vt 0.21330214 0.81909645
vt 0.20933652 0.8199477
vt 0.2095952 0.8246348
vt 0.21659184 0.8165544
vt 0.22261167 0.8132783
vt 0.21659184 0.8165544
vt 0.21782422 0.8126973
vt 0.22025561 0.8056462
vt 0.21619248 0.80773556
vt 0.212147 0.8037509
vt 0.21554208 0.80080235
vt 0.20887995 0.79658294
vt 0.20887995 0.79658294
vt 0.212147 0.8037509
vt 0.20786285 0.8010373
vt 0.20265102 0.8006854
vt 0.20441747 0.807824
vt 0.212147 0.8037509
vt 0.21619248 0.80773556
vt 0.21782422 0.8126973
vt 0.21659184 0.8165544
vt 0.20933652 0.8199477
vt 0.20019078 0.81554615
vt 0.1977303 0.8107058
vt 0.19757295 0.80665267
vt 0.19921994 0.80283606
vt 0.19708633 0.81903374
vt 0.20933652 0.8199477
vt 0.2095952 0.8246348
vt 0.19312549 0.81161654
vt 0.19287968 0.8053144
vt 0.19544148 0.79937994
vt 0.20090151 0.79619133
vt 0.20887995 0.79658294
vt 0.19203925 0.8055961
vt 0.18017793 0.8095695
vt 0.17974114 0.8106469
vt 0.18314242 0.82106876
vt 0.16071606 0.84437513
vt 0.15601063 0.83538973
vt 0.14712572 0.85278404
vt 0.14200115 0.8439276
vt 0.12755919 0.8591093
vt 0.12243891 0.85026014
vt 0.08699608 0.8701979
vt 0.08187628 0.8613496
vt 0.04424095 0.88257277
vt 0.03911543 0.873716
vt 0.12764263 0.859213
vt 0.14721298 0.8528917
vt 0.08708334 0.87030554
vt 0.044282436 0.8832618
vt 0.0449543 0.8846655
vt 0.08905935 0.87275946
vt 0.12962198 0.861671
vt 0.14721584 0.85576725
vt 0.15927649 0.8457415
vt 0.1610713 0.84480524
vt 0.18316984 0.8217493
vt 0.16033363 0.862208
vt 0.17730808 0.84274983
vt 0.18972945 0.82161653
vt 0.1451869 0.8770993
vt 0.14558744 0.86318326
vt 0.13665724 0.8826407
vt 0.1359067 0.8694731
vt 0.10352373 0.8956444
vt 0.09829903 0.88423264
vt 0.13561153 0.86910653
vt 0.14515638 0.86285985
vt 0.09792328 0.8837658
vt 0.067668915 0.8937079
vt 0.06630564 0.89325035
vt 0.18992329 0.8211324
vt 0.19643807 0.8192501
vt 0.19256353 0.8121773
vt 0.19454598 0.8251252
vt 0.20074868 0.83040357
vt 0.18179607 0.8431779
vt 0.18280172 0.8445282
vt 0.18335247 0.8476746
vt 0.20224595 0.8367909
vt 0.1687088 0.8689419
vt 0.1853857 0.8639148
vt 0.15803576 0.8873063
vt 0.17141819 0.8834693
vt 0.17183828 0.88380677
vt 0.16772366 0.8944074
vt 0.16815186 0.89460266
vt 0.16274452 0.93449897
vt 0.16329002 0.9347476
vt 0.16115618 0.966522
vt 0.16193676 0.96772933
vt 0.18454409 0.865829
vt 0.15478086 0.89694333
vt 0.15039444 0.93226534
vt 0.1776967 0.8799799
vt 0.17610979 0.8982859
vt 0.17531872 0.9402291
vt 0.16689968 0.97441506
vt 0.18492365 0.8658844
vt 0.17819929 0.8800544
vt 0.1768403 0.8985617
vt 0.17614937 0.94060755
vt 0.17554569 0.9862875
vt 0.17819929 0.8800544
vt 0.17819929 0.8800544
vt 0.17427778 0.98435557
vt 0.17614937 0.94060755
vt 0.17816257 0.98751605
vt 0.17828226 0.9889857
vt 0.18761444 0.9900103
vt 0.18885517 0.99008584
vt 0.18995714 0.94572914
vt 0.1910367 0.95475984
vt 0.19240856 0.90768915
vt 0.1906972 0.9032971
vt 0.19419384 0.88508236
vt 0.1920104 0.8827547
vt 0.19914865 0.8694613
vt 0.19690514 0.86717635
vt 0.21664882 0.8398714
vt 0.21486902 0.8378153
vt 0.22595263 0.8254144
vt 0.22466874 0.82237506
vt 0.1909213 0.99174744
vt 0.20459604 0.9195105
vt 0.19790936 0.96957064
vt 0.19438982 0.98864764
vt 0.23327732 0.8088087
vt 0.23442459 0.81225514
vt 0.25456095 0.81015503
vt 0.25492024 0.80669606
vt 0.25504303 0.80552804
vt 0.2299223 0.80053854
vt 0.25532842 0.8025776
vt 0.23440766 0.8131856
vt 0.22612381 0.8261014
vt 0.22801924 0.8407119
vt 0.21700859 0.84030676
vt 0.22251034 0.84726053
vt 0.19970274 0.8695715
vt 0.20776129 0.8710793
vt 0.19738054 0.8916647
vt 0.19455051 0.88575816
vt 0.19265127 0.9062299
vt 0.23294377 0.83677846
vt 0.252105 0.83407927
vt 0.25448227 0.8108684
vt 0.19261599 0.9070408
vt 0.20857382 0.9034201
vt 0.19778872 0.89196754
vt 0.2195816 0.88311994
vt 0.20820165 0.8714136
vt 0.23362732 0.8589815
vt 0.22291327 0.84754884
vt 0.23710942 0.85493314
vt 0.22851515 0.84115744
vt 0.23317337 0.8372773
vt 0.2418871 0.8514514
vt 0.25004935 0.84876156
vt 0.25202966 0.8345729
vt 0.25004935 0.84876156
vt 0.26662183 0.83551204
vt 0.2667837 0.83496475
vt 0.267812 0.81159306
vt 0.27470946 0.8146018
vt 0.27641678 0.83817816
vt 0.28138232 0.84206074
vt 0.28312588 0.8274312
vt 0.29238772 0.8415417
vt 0.28695822 0.84855205
vt 0.30999517 0.87062615
vt 0.3019519 0.87221694
vt 0.3125453 0.892694
vt 0.31531405 0.8867589
vt 0.31742454 0.90720963
vt 0.3156643 0.88607943
vt 0.3176825 0.90866643
vt 0.31934834 0.90425706
vt 0.31782293 0.88372916
vt 0.31054807 0.87051
vt 0.31276703 0.86820203
vt 0.29274273 0.8411025
vt 0.29450107 0.83902824
vt 0.28329062 0.82674253
vt 0.2845428 0.8236903
vt 0.32052636 0.9466791
vt 0.31953955 0.9557205
vt 0.32208586 0.99102205
vt 0.3200369 0.99270475
vt 0.3056178 0.92061317
vt 0.3128202 0.9706014
vt 0.3165369 0.9896411
vt 0.27579498 0.8102132
vt 0.27468252 0.8136713
vt 0.2678647 0.8109096
vt 0.26897836 0.80744696
vt 0.27645183 0.8093951
vt 0.28527832 0.82253754
vt 0.28759217 0.8210825
vt 0.2857139 0.814212
vt 0.28709507 0.8032716
vt 0.28804064 0.80640537
vt 0.2937038 0.8001734
vt 0.29202104 0.7971258
vt 0.29712677 0.79554886
vt 0.2929206 0.79527295
vt 0.29996276 0.79718345
vt 0.29412293 0.80087495
vt 0.30809426 0.7966958
vt 0.30551362 0.78657997
vt 0.31435657 0.80008954
vt 0.31630015 0.7981678
vt 0.31722474 0.80686164
vt 0.32912588 0.81071246
vt 0.31676817 0.8134477
vt 0.3262806 0.8222414
vt 0.3295741 0.81178534
vt 0.34894633 0.845315
vt 0.35355854 0.83628166
vt 0.3626225 0.85358304
vt 0.36765552 0.84467435
vt 0.3822534 0.8597059
vt 0.3872826 0.85080445
vt 0.42292905 0.87037504
vt 0.42795753 0.8614744
vt 0.4658103 0.8823075
vt 0.47084332 0.87339866
vt 0.38217092 0.85981053
vt 0.36253715 0.8536916
vt 0.4228437 0.87048334
vt 0.46577477 0.8829971
vt 0.35450363 0.835335
vt 0.3302567 0.8109044
vt 0.3326769 0.8096647
vt 0.32084727 0.7971902
vt 0.31759 0.7977144
vt 0.3572564 0.83369994
vt 0.36847067 0.8437945
vt 0.3712511 0.8422276
vt 0.38811183 0.8499553
vt 0.39278483 0.8493374
vt 0.42915082 0.86076456
vt 0.43817902 0.86186373
vt 0.47197294 0.87238353
vt 0.47407818 0.8707714
vt 0.4071653 0.840311
vt 0.4541993 0.85870993
vt 0.47189188 0.8666657
vt 0.30645967 0.78612673
vt 0.3100803 0.78583133
vt 0.31126308 0.76569855
vt 0.3078599 0.7647661
vt 0.30671215 0.76444924
vt 0.2976296 0.7874185
vt 0.30381203 0.7636688
vt 0.31195855 0.7658932
vt 0.31098008 0.78606945
vt 0.33456278 0.7720801
vt 0.3335483 0.79310155
vt 0.3361976 0.7988211
vt 0.3215556 0.79718673
vt 0.33318543 0.80941916
vt 0.3412485 0.8057288
vt 0.35749578 0.8331878
vt 0.36087608 0.82571876
vt 0.37840223 0.8406971
vt 0.37199235 0.84204173
vt 0.39142513 0.8487546
vt 0.39220428 0.84898245
vt 0.39248276 0.83262026
vt 0.37879395 0.84037274
vt 0.37538266 0.8171015
vt 0.3613057 0.82537097
vt 0.35527682 0.7977178
vt 0.34162402 0.8054062
vt 0.3521726 0.79337317
vt 0.33674836 0.7984451
vt 0.33408713 0.7929977
vt 0.34992695 0.7879044
vt 0.3491118 0.7772725
vt 0.33504486 0.7722392
vt 0.3378973 0.75711274
vt 0.35128498 0.7664393
vt 0.34226036 0.74802446
vt 0.3553133 0.7583425
vt 0.35933208 0.75400645
vt 0.3466606 0.7438538
vt 0.35366583 0.7390412
vt 0.3637612 0.75102407
vt 0.3790927 0.7272335
vt 0.38938212 0.7399093
vt 0.40072727 0.71930635
vt 0.41083407 0.73136175
vt 0.4163034 0.71593845
vt 0.42728066 0.7293002
vt 0.41697168 0.71580935
vt 0.46387815 0.7199737
vt 0.4550364 0.7178415
vt 0.41281104 0.71359396
vt 0.39431214 0.71492743
vt 0.3922565 0.71248627
vt 0.37821722 0.7180139
vt 0.37621117 0.71551824
vt 0.34677672 0.73191917
vt 0.34494376 0.7299106
vt 0.33132744 0.7394608
vt 0.32846022 0.7378292
vt 0.49921584 0.7219551
vt 0.500623 0.7242024
vt 0.4777794 0.7285383
vt 0.49713755 0.7272826
vt 0.31397653 0.74478495
vt 0.31726408 0.74632967
vt 0.3136549 0.7527392
vt 0.31036282 0.75119245
vt 0.31324887 0.74402905
vt 0.3274107 0.73695254
vt 0.32626295 0.7344718
vt 0.31920886 0.73545766
vt 0.30853415 0.73269105
vt 0.3117633 0.7321532
vt 0.30630517 0.7257407
vt 0.30306768 0.727021
vt 0.3021555 0.7217554
vt 0.30134487 0.72589195
vt 0.30413866 0.71915126
vt 0.30705476 0.7254145
vt 0.30469346 0.71102405
vt 0.2943306 0.7122923
vt 0.30885863 0.70524645
vt 0.30720067 0.70307326
vt 0.31594157 0.703266
vt 0.32128024 0.69195414
vt 0.32241535 0.70456004
vt 0.33235168 0.6962478
vt 0.32240152 0.69164634
vt 0.35813022 0.67671347
vt 0.34975958 0.6709857
vt 0.36807632 0.6642047
vt 0.35988307 0.65807533
vt 0.37665534 0.6455159
vt 0.368469 0.63939154
vt 0.3924303 0.6065353
vt 0.38424444 0.60041153
vt 0.4097395 0.5655284
vt 0.401546 0.559399
vt 0.37674856 0.6456113
vt 0.36817288 0.66430354
vt 0.39252663 0.606634
vt 0.41041875 0.5656513
vt 0.34894133 0.66992724
vt 0.32161474 0.69085693
vt 0.3206942 0.6882982
vt 0.3068118 0.6984384
vt 0.30691576 0.701736
vt 0.34767103 0.6669884
vt 0.35911465 0.6571543
vt 0.35791564 0.65419674
vt 0.36773252 0.6384605
vt 0.36771607 0.6337472
vt 0.3836925 0.59913766
vt 0.38593554 0.59032345
vt 0.40068316 0.5581491
vt 0.39935303 0.5558555
vt 0.36059952 0.6183318
vt 0.3848524 0.5740317
vt 0.3950019 0.5574994
vt 0.29400206 0.71129584
vt 0.2941711 0.70766735
vt 0.27252984 0.6968875
vt 0.27043223 0.6994078
vt 0.26972175 0.7002622
vt 0.29415584 0.720219
vt 0.26796007 0.7024455
vt 0.2729783 0.6963557
vt 0.2945223 0.7068052
vt 0.28735542 0.6788156
vt 0.30437803 0.68531954
vt 0.3103888 0.6834223
vt 0.30689883 0.6977358
vt 0.32051563 0.6877625
vt 0.31788468 0.6792946
vt 0.34719348 0.66668594
vt 0.3402171 0.66237926
vt 0.3573103 0.64690876
vt 0.35782576 0.65343773
vt 0.36696482 0.6350212
vt 0.36729002 0.63427734
vt 0.35109758 0.6319126
vt 0.35703874 0.6464791
vt 0.33352232 0.6468915
vt 0.3399272 0.6619091
vt 0.31173038 0.66435826
vt 0.31761265 0.6788807
vt 0.30702496 0.6668823
vt 0.3100865 0.68282795
vt 0.3043437 0.6847718
vt 0.30131435 0.6684115
vt 0.29555464 0.66856873
vt 0.3043437 0.6847718
vt 0.28766823 0.6784688
vt 0.2766478 0.6690042
vt 0.26099157 0.6863873
vt 0.25758147 0.67967916
vt 0.27125716 0.6603985
vt 0.26989412 0.6542442
vt 0.25924492 0.6644256
vt 0.2610705 0.64764607
vt 0.2697189 0.6456889
vt 0.26597834 0.6140032
vt 0.27319694 0.61789036
vt 0.27804375 0.595351
vt 0.2721324 0.5981703
vt 0.28350902 0.5810456
vt 0.27143025 0.5984721
vt 0.28423643 0.5797572
vt 0.28014684 0.58210087
vt 0.26826954 0.59891295
vt 0.26547742 0.61374104
vt 0.26229715 0.6141112
vt 0.26051736 0.6477592
vt 0.2578411 0.648242
vt 0.25867987 0.6648526
vt 0.2557726 0.66641164
vt 0.30621552 0.5486125
vt 0.31272602 0.5422623
vt 0.33321047 0.513399
vt 0.33586216 0.51340353
vt 0.3011446 0.57821
vt 0.3273754 0.5350511
vt 0.3366146 0.5179937
vt 0.25395298 0.68237567
vt 0.25701046 0.6804142
vt 0.26051593 0.68688107
vt 0.2574544 0.6888454
vt 0.25292587 0.6825893
vt 0.25447202 0.66683364
vt 0.25176072 0.66648495
vt 0.24884105 0.67298174
vt 0.24081779 0.68054664
vt 0.24208093 0.6775267
vt 0.233747 0.6787348
vt 0.23310804 0.68215704
vt 0.22816467 0.680127
vt 0.23123527 0.68301487
vt 0.2270155 0.6770618
vt 0.23387003 0.6779269
vt 0.2204299 0.6722672
vt 0.21598887 0.68171525
vt 0.21775556 0.6656656
vt 0.21503353 0.66591287
vt 0.2198484 0.65861535
vt 0.2131126 0.6480752
vt 0.22264028 0.6409873
vt 0.213449 0.64696205
vt 0.21982145 0.6087667
vt 0.21051717 0.61280465
vt 0.21452498 0.59368837
vt 0.20497513 0.5973629
vt 0.20326829 0.5764792
vt 0.19372654 0.5801506
vt 0.17866254 0.5423784
vt 0.1691215 0.54604936
vt 0.15315771 0.50589967
vt 0.14360738 0.5095744
vt 0.20339894 0.5764508
vt 0.21465993 0.59365916
vt 0.17879725 0.5423491
vt 0.1536231 0.50539017
vt 0.20918608 0.61293435
vt 0.21236205 0.64720786
vt 0.20970559 0.6466254
vt 0.21090245 0.6637757
vt 0.21374965 0.6654422
vt 0.20602179 0.61244535
vt 0.20378637 0.59752357
vt 0.20064425 0.59696436
vt 0.1925466 0.5802785
vt 0.18854737 0.5777836
vt 0.1677494 0.54583836
vt 0.1614809 0.5392487
vt 0.14209056 0.50963974
vt 0.13944077 0.50954485
vt 0.17170906 0.5756047
vt 0.14711142 0.5314951
vt 0.1385169 0.51410365
vt 0.21497011 0.68146324
vt 0.21198845 0.679389
vt 0.20415401 0.6881888
vt 0.2067554 0.6906209
vt 0.1930883 0.7009423
vt 0.19125605 0.6978003
vt 0.18647575 0.70416594
vt 0.18464613 0.701028
vt 0.1691699 0.6986995
vt 0.17060375 0.7016704
vt 0.15253782 0.69883204
vt 0.15216947 0.6961379
vt 0.11862707 0.69293094
vt 0.11839247 0.68973756
vt 0.10369587 0.6863189
vt 0.10338974 0.68314195
vt 0.0874033 0.6737385
vt 0.085235596 0.66955304
vt 0.05505228 0.6462717
vt 0.04898405 0.63949704
vt 0.021016598 0.6178055
vt 0.021133423 0.6151571
vt 0.08440733 0.65259445
vt 0.042401314 0.624555
vt 0.025751114 0.6145997
vt 0.17096996 0.7029878
vt 0.18664598 0.7052014
vt 0.17050648 0.70568156
vt 0.17687345 0.70887446
vt 0.18409085 0.71721184
vt 0.18112731 0.7158215
vt 0.18672442 0.7205031
vt 0.16331124 0.70720506
vt 0.15334272 0.69964945
vt 0.15817165 0.71134925
vt 0.15220594 0.69989634
vt 0.1455164 0.7085813
vt 0.11362362 0.70319974
vt 0.11839151 0.69424784
vt 0.09901619 0.6967169
vt 0.10344076 0.6874908
vt 0.08276081 0.6841228
vt 0.087182045 0.67490447
vt 0.050732136 0.65687394
vt 0.055152893 0.64765644
vt 0.016405582 0.6285391
vt 0.020830154 0.61931276
vt 0.08272171 0.6842507
vt 0.09897661 0.6968492
vt 0.050691605 0.65700614
vt 0.015860558 0.6289623
vt 0.015079498 0.63030815
vt 0.049779892 0.6600219
vt 0.08180809 0.68727124
vt 0.09660244 0.69847286
vt 0.11168385 0.70278156
vt 0.11346865 0.70373535
vt 0.14496994 0.7089877
vt 0.09867954 0.7129384
vt 0.12432098 0.7159867
vt 0.14877772 0.7143302
vt 0.12631893 0.7184787
vt 0.07784128 0.70882463
vt 0.08956051 0.70130956
vt 0.089583874 0.7007712
vt 0.078906536 0.6968603
vt 0.07904291 0.6964098
vt 0.04551363 0.67412233
vt 0.0456872 0.67354846
vt 0.020418167 0.6541668
vt 0.020027637 0.6527827
vt 0.11147499 0.70310307
vt 0.06845522 0.7049043
vt 0.039034843 0.68487096
vt 0.12649727 0.71993494
vt 0.14859557 0.7202867
vt 0.14773369 0.7283852
vt 0.12594938 0.7215266
vt 0.12366152 0.72375584
vt 0.1433022 0.7332231
vt 0.09784031 0.7236519
vt 0.11139441 0.73459125
vt 0.07665539 0.72519135
vt 0.08736944 0.7340807
vt 0.08732796 0.73461807
vt 0.07625294 0.7371962
vt 0.07633352 0.73766005
vt 0.040334225 0.75568867
vt 0.040436268 0.75627923
vt 0.012989998 0.77243173
vt 0.012433529 0.77375746
vt 0.10933924 0.73497534
vt 0.06686115 0.72793674
vt 0.035215378 0.7442291
vt 0.14822578 0.72855914
vt 0.15394115 0.7249106
vt 0.14905357 0.72041476
vt 0.15395308 0.720561
vt 0.1574862 0.73243904
vt 0.16205621 0.73678565
vt 0.16121078 0.72958267
vt 0.15505981 0.7189504
vt 0.15968966 0.71954787
vt 0.1684506 0.7186849
vt 0.16414976 0.7323781
vt 0.16810393 0.73366165
vt 0.17198467 0.7325053
vt 0.17516232 0.7283597
vt 0.17617345 0.72277224
vt 0.16820359 0.73878145
vt 0.16810393 0.73366165
vt 0.16820359 0.73878145
vt 0.17420411 0.7367866
vt 0.17917895 0.7305373
vt 0.17198467 0.7325053
vt 0.17516232 0.7283597
vt 0.17617345 0.72277224
vt 0.18052173 0.7239138
vt 0.18025136 0.71603227
vt 0.17599821 0.7177037
vt 0.17335081 0.71320105
vt 0.17607665 0.70922244
vt 0.17036462 0.7065103
vt 0.16401815 0.7077404
vt 0.158952 0.71149695
vt 0.16230035 0.7147869
vt 0.16555905 0.712371
vt 0.16963959 0.7115797
vt 0.17335081 0.71320105
vt 0.17599821 0.7177037
vt 0.17036462 0.7065103
vt 0.16963959 0.7115797
vt 0.15451503 0.7185366
vt 0.1492877 0.71421754
vt 0.012464046 0.7686397
vt 0.023169518 0.7516047
vt 0.011124134 0.7589804
vt 0.16033864 0.75904024
vt 0.15972781 0.7740983
vt 0.17583442 0.7818574
vt 0.15998745 0.77797365
vt 0.17503428 0.7919071
vt 0.15914297 0.78697777
vt 0.15695381 0.79246914
vt 0.1724298 0.79738164
vt 0.1676259 0.8043928
vt 0.15389442 0.7968458
vt 0.1481514 0.8245597
vt 0.13399029 0.81643605
vt 0.13081932 0.83974147
vt 0.11705112 0.8321308
vt 0.1174984 0.8484889
vt 0.16810393 0.73366165
vt 0.17198467 0.7325053
vt 0.16820359 0.73878145
vt 0.009145737 0.808594
vt 0.008509159 0.8075267
vt 0.0052399635 0.79831433
vt 0.004779339 0.7954601
vt 0.04284668 0.77020395
vt 0.07796192 0.7470679
vt 0.094013214 0.73775566
vt 0.10950756 0.73531985
vt 0.09379196 0.7372985
vt 0.077777386 0.7463093
vt 0.04269123 0.76930416
vt 0.009709835 0.7816255
vt 0.005660057 0.79332364
vt 0.004094124 0.79924166
vt 0.007766247 0.80970466
vt 0.017060757 0.8132458
vt 0.02999115 0.81737256
vt 0.84726024 0.4988075
vt 0.82737577 0.49133795
vt 0.8472614 0.49124885
vt 0.8273746 0.4989043
vt 0.8518057 0.49239856
vt 0.853261 0.49412495
vt 0.8273748 0.48955655
vt 0.84726095 0.48945743
vt 0.8503288 0.4892866
vt 0.82737195 0.48075223
vt 0.84425664 0.48064303
vt 0.827371 0.4755975
vt 0.840531 0.4755031
vt 0.84725964 0.4837066
vt 0.8629843 0.49888045
vt 0.86071515 0.49415582
vt 0.86298597 0.4913332
vt 0.87870896 0.49898964
vt 0.87871075 0.49141145
vt 0.8944335 0.4990592
vt 0.89443576 0.4914757
vt 0.8629856 0.4894963
vt 0.8787105 0.48962295
vt 0.8944359 0.48968506
vt 0.8787097 0.48077655
vt 0.8944354 0.48080778
vt 0.87870944 0.47559035
vt 0.8629832 0.47546685
vt 0.86298406 0.48069572
vt 0.89443564 0.47558558
vt 0.8787017 0.38275766
vt 0.8944293 0.38276827
vt 0.8629832 0.46014422
vt 0.86156154 0.47512066
vt 0.86172855 0.46027273
vt 0.8611516 0.4803083
vt 0.86133516 0.49162567
vt 0.8601843 0.4926151
vt 0.85409844 0.49257493
vt 0.8531153 0.49191862
vt 0.8518523 0.48964673
vt 0.8481771 0.48317385
vt 0.84499216 0.48012984
vt 0.8439833 0.47923797
vt 0.84240234 0.47476983
vt 0.8420211 0.46180075
vt 0.84152794 0.46045274
vt 0.8273585 0.38273466
vt 0.8484857 0.3844719
vt 0.8074851 0.47558975
vt 0.8074864 0.48076105
vt 0.7947649 0.48061562
vt 0.79848707 0.4754758
vt 0.8074901 0.48957825
vt 0.80749094 0.49136257
vt 0.8074901 0.498931
vt 0.7917683 0.49877578
vt 0.79176855 0.49122906
vt 0.78722584 0.49235147
vt 0.7857721 0.49406385
vt 0.7917676 0.48944104
vt 0.7887001 0.48926228
vt 0.79176474 0.48368466
vt 0.77604675 0.49876016
vt 0.77831936 0.49404186
vt 0.7760469 0.4912002
vt 0.7603264 0.4988191
vt 0.76032627 0.4912383
vt 0.744607 0.49882758
vt 0.7446066 0.49124253
vt 0.725245 0.49874347
vt 0.72522306 0.49115765
vt 0.7760459 0.48935878
vt 0.76032495 0.4894495
vt 0.74460554 0.48945242
vt 0.7252188 0.48937094
vt 0.7603198 0.4806031
vt 0.74459946 0.48058832
vt 0.7603178 0.47541952
vt 0.7760391 0.4753151
vt 0.7760408 0.48054206
vt 0.74459743 0.4753809
vt 0.7251977 0.48051643
vt 0.7251903 0.47532272
vt 0.76030195 0.38266516
vt 0.7445811 0.38264632
vt 0.72518575 0.3826176
vt 0.7760383 0.46002072
vt 0.77697885 0.3844124
vt 0.7774601 0.4749695
vt 0.777292 0.46014863
vt 0.7778728 0.48015285
vt 0.7776977 0.4914961
vt 0.77884877 0.49250168
vt 0.7849339 0.49251014
vt 0.7859161 0.49186206
vt 0.7871771 0.4896195
vt 0.79084706 0.4831524
vt 0.79402864 0.48010206
vt 0.7950368 0.4792139
vt 0.7966161 0.4747405
vt 0.7969953 0.46173364
vt 0.7974887 0.46038133
vt 0.8074714 0.38271642
vt 0.79267526 0.38443124
vt 0.19374037 0.70198226
vt 0.19047046 0.71214664
vt 0.19551253 0.7047018
vt 0.20762038 0.6914581
vt 0.20985079 0.6936321
vt 0.22260666 0.6860819
vt 0.18393612 0.70042646
vt 0.17408013 0.68092406
vt 0.19078279 0.69730425
vt 0.1652534 0.6859443
vt 0.18890238 0.66948366
vt 0.20370173 0.68764913
vt 0.15904689 0.6870452
vt 0.16876698 0.69811654
vt 0.15207934 0.69558024
vt 0.150491 0.6868565
vt 0.11867523 0.6892488
vt 0.12286544 0.6822015
vt 0.10055208 0.676402
vt 0.10311842 0.6824279
vt 0.086491585 0.67033434
vt 0.08585882 0.6698258
vt 0.09911728 0.66023326
vt 0.10059404 0.6758956
vt 0.12162995 0.66537404
vt 0.12290454 0.68165064
vt 0.1490326 0.67076814
vt 0.15054059 0.68636405
vt 0.1543715 0.67082703
vt 0.15904021 0.68637836
vt 0.16503 0.6854429
vt 0.16014123 0.6695391
vt 0.1680541 0.6651596
vt 0.1737814 0.6804378
vt 0.17626071 0.65937006
vt 0.18852329 0.6691059
vt 0.19801879 0.6585915
vt 0.1825552 0.65244925
vt 0.18429995 0.6468005
vt 0.19942904 0.65269506
vt 0.20009303 0.6442224
vt 0.18466711 0.6414733
vt 0.19760013 0.61629844
vt 0.18147755 0.6137283
vt 0.19364381 0.59359944
vt 0.1781497 0.59087706
vt 0.18876934 0.5784267
vt 0.18922591 0.5790982
vt 0.19995427 0.5966368
vt 0.19415236 0.59359825
vt 0.20551157 0.6126888
vt 0.19815254 0.6163032
vt 0.20058799 0.6442119
vt 0.20915723 0.6464914
vt 0.20009303 0.6527554
vt 0.21035361 0.6633278
vt 0.21144533 0.67863274
vt 0.19850063 0.6588539
vt 0.027978897 0.6760806
vt 0.019432545 0.65786636
vt 0.016923904 0.66728973
vt 0.16963959 0.7115797
vt 0.17036462 0.7065103
vt 0.17335081 0.71320105
vt 0.096327305 0.6988995
vt 0.081532955 0.6880019
vt 0.049515247 0.66089606
vt 0.018284798 0.6446413
vt 0.01569271 0.6325362
vt 0.015884876 0.6275315
vt 0.014860153 0.6264713
vt 0.020253658 0.6187873
vt 0.021016598 0.6178055
vt 0.019782066 0.6165347
vt 0.02943945 0.61415434
vt 0.042776585 0.61163735
vt 0.91413784 0.47552872
vt 0.91413414 0.38277566
vt 0.9141381 0.48069596
vt 0.9141383 0.48952806
vt 0.9141382 0.4913171
vt 0.9141371 0.49890715
vt 0.93328685 0.49151087
vt 0.93328446 0.4990999
vt 0.94901127 0.4914887
vt 0.9490085 0.49907583
vt 0.96473527 0.49147016
vt 0.9647326 0.49906212
vt 0.96473604 0.48967528
vt 0.9490117 0.48969644
vt 0.9332872 0.4897179
vt 0.94901407 0.4808184
vt 0.9332885 0.48082924
vt 0.9490147 0.47561097
vt 0.96473974 0.47553003
vt 0.9647388 0.48077214
vt 0.93328935 0.47560012
vt 0.9490145 0.38277674
vt 0.9332872 0.38277912
vt 0.96474046 0.4601336
vt 0.9654853 0.38451314
vt 0.15772772 0.96481854
vt 0.14969397 0.94637245
vt 0.14899397 0.96047926
vt 0.19715929 0.98617214
vt 0.20785761 0.97781944
vt 0.18899393 0.991852
vt 0.09318584 0.49852324
vt 0.07330707 0.49107277
vt 0.09318861 0.49096912
vt 0.07330418 0.4986319
vt 0.09773064 0.49211007
vt 0.099184185 0.49383062
vt 0.07330802 0.4892919
vt 0.093189925 0.4891798
vt 0.09625676 0.48900688
vt 0.07331297 0.48050022
vt 0.090194136 0.4803741
vt 0.07331443 0.47535264
vt 0.08647242 0.4752431
vt 0.09319323 0.48343158
vt 0.10890555 0.4985531
vt 0.10663593 0.49383515
vt 0.10890833 0.49100137
vt 0.12462437 0.49863297
vt 0.12462687 0.4910606
vt 0.14034158 0.4986605
vt 0.14034417 0.4910828
vt 0.10890973 0.4891621
vt 0.12462828 0.48927236
vt 0.14034554 0.48929483
vt 0.1246343 0.48043025
vt 0.14035204 0.48043287
vt 0.12463653 0.47525048
vt 0.10891733 0.4751302
vt 0.10891548 0.48035324
vt 0.14035428 0.4752283
vt 0.12464815 0.38253665
vt 0.14036682 0.38253212
vt 0.10891852 0.45984644
vt 0.11206946 0.38427496
vt 0.1074968 0.4747839
vt 0.10766491 0.4599741
vt 0.10708386 0.47996378
vt 0.10725784 0.4912951
vt 0.10610658 0.49229538
vt 0.10002246 0.49228007
vt 0.09904036 0.49162644
vt 0.09777981 0.48936617
vt 0.094111025 0.4828986
vt 0.09093022 0.47985828
vt 0.08992225 0.4789722
vt 0.08834329 0.47450936
vt 0.087964326 0.4615453
vt 0.08747086 0.46019834
vt 0.07332149 0.38257158
vt 0.053430706 0.47537696
vt 0.053429067 0.4805262
vt 0.04070723 0.48034883
vt 0.04443273 0.47524822
vt 0.053425163 0.4893149
vt 0.05342403 0.49109495
vt 0.0534212 0.49865305
vt 0.037698567 0.49844235
vt 0.03770131 0.4909054
vt 0.03315729 0.49199665
vt 0.031701684 0.4936942
vt 0.037701964 0.4891227
vt 0.03463447 0.48892778
vt 0.03770411 0.483392
vt 0.021974862 0.49830562
vt 0.024248064 0.4936207
vt 0.021977484 0.49082023
vt 0.030864537 0.49213547
vt 0.024778724 0.49207544
vt 0.023628652 0.49103492
vt 0.031847656 0.49150032
vt 0.033110976 0.4892766
vt 0.036786854 0.48285675
vt 0.03997174 0.47983372
vt 0.040980756 0.47895318
vt 0.042562097 0.47451437
vt 0.04294327 0.46156353
vt 0.043436408 0.46021765
vt 0.053435475 0.38257897
vt 0.039141357 0.3843093
vt 0.02198118 0.48007643
vt 0.023813605 0.4796793
vt 0.021982133 0.47480178
vt 0.023404002 0.474465
vt 0.021982789 0.45996803
vt 0.023237288 0.4600889
vt 0.02197826 0.48883212
vt 0.039141357 0.3843093
vt 0.02272755 0.38430452
vt 0.043436408 0.46021765
vt 0.094294935 0.38428235
vt 0.20488095 0.7775202
vt 0.21143246 0.7859516
vt 0.20812678 0.7775904
vt 0.21622229 0.79375696
vt 0.14515638 0.86285985
vt 0.14558744 0.86318326
vt 0.1359067 0.8694731
vt 0.14558744 0.86318326
vt 0.1594243 0.8460952
vt 0.1474123 0.85623574
vt 0.13007021 0.8623102
vt 0.14515638 0.86285985
vt 0.089632034 0.87347066
vt 0.05859852 0.8900995
vt 0.047139168 0.8854151
vt 0.04311514 0.8824347
vt 0.038356304 0.873896
vt 0.04166174 0.8826828
vt 0.0449543 0.8846655
vt 0.036230564 0.8730154
vt 0.18972945 0.82161653
vt 0.1804924 0.8425044
vt 0.09003019 0.89981866
vt 0.07016897 0.89660704
vt 0.07653761 0.9039924
vt 0.03970909 0.8636975
vt 0.045149803 0.8512628
vt 0.16033205 0.4751873
vt 0.16033456 0.3825215
vt 0.16032445 0.48037517
vt 0.16030362 0.48922104
vt 0.16029933 0.49101168
vt 0.16027686 0.49859065
vt 0.17917112 0.49104947
vt 0.17916912 0.4986295
vt 0.19488409 0.49098867
vt 0.19488224 0.4985624
vt 0.21059576 0.49089772
vt 0.21059406 0.49843705
vt 0.21059716 0.48906267
vt 0.19488561 0.48920226
vt 0.17917258 0.48926127
vt 0.19489223 0.48036623
vt 0.17917943 0.48039985
vt 0.19489467 0.47518682
vt 0.21060622 0.47505164
vt 0.21060383 0.48027265
vt 0.17918175 0.47519398
vt 0.1949104 0.3824941
vt 0.17919683 0.38250804
vt 0.2106078 0.4597513
vt 0.21202698 0.47470558
vt 0.21186134 0.45987982
vt 0.21243504 0.47988552
vt 0.21224535 0.49118936
vt 0.21339402 0.49217403
vt 0.212863 0.49371374
vt 0.22031045 0.49367595
vt 0.22630492 0.4983548
vt 0.22176573 0.491948
vt 0.22630611 0.49080408
vt 0.24201527 0.49091488
vt 0.2420142 0.49847645
vt 0.26188025 0.4908533
vt 0.2618796 0.49840826
vt 0.28174314 0.4982456
vt 0.2817435 0.49070257
vt 0.2862812 0.49182796
vt 0.2877334 0.49354535
vt 0.26188144 0.4890743
vt 0.28174457 0.488917
vt 0.28480878 0.48873717
vt 0.26188752 0.48028958
vt 0.27875206 0.48014307
vt 0.26188976 0.47514534
vt 0.27503437 0.47502732
vt 0.28174815 0.4831884
vt 0.2974485 0.4982739
vt 0.29517815 0.49355352
vt 0.29744855 0.4907322
vt 0.31315288 0.4983765
vt 0.3131527 0.4908086
vt 0.3288562 0.4983995
vt 0.32885578 0.49082607
vt 0.29744974 0.488899
vt 0.31315365 0.48902458
vt 0.32885662 0.48904097
vt 0.31315824 0.48020542
vt 0.3288606 0.48020673
vt 0.31315985 0.4750409
vt 0.29745653 0.4749124
vt 0.29745468 0.48012245
vt 0.3288621 0.47502923
vt 0.31317493 0.38241506
vt 0.3288763 0.38241076
vt 0.29745796 0.4596513
vt 0.29936853 0.38414907
vt 0.29603723 0.4745667
vt 0.29620555 0.4597785
vt 0.295625 0.4797343
vt 0.29579964 0.49102223
vt 0.29464957 0.4920138
vt 0.28857103 0.49199265
vt 0.28758952 0.49133956
vt 0.28633037 0.48909175
vt 0.28266492 0.4826553
vt 0.27948725 0.47962773
vt 0.2784807 0.47874486
vt 0.27690336 0.47429442
vt 0.27652526 0.46134645
vt 0.27603173 0.46000165
vt 0.2619062 0.38244987
vt 0.24202526 0.4751768
vt 0.24202287 0.4803337
vt 0.22931331 0.48018742
vt 0.23303631 0.4750625
vt 0.24201658 0.48913378
vt 0.22630742 0.4890145
vt 0.22324258 0.48883998
vt 0.22631171 0.48325598
vt 0.24204177 0.3824613
vt 0.23204157 0.46002334
vt 0.22818056 0.3841982
vt 0.22172031 0.4891991
vt 0.2204574 0.4914646
vt 0.21947461 0.49212754
vt 0.22539559 0.4827237
vt 0.22857863 0.47967243
vt 0.22958714 0.4787861
vt 0.23116723 0.47432876
vt 0.23154923 0.4613698
vt 0.3117025 0.80797523
vt 0.2986405 0.8139243
vt 0.31001544 0.80417585
vt 0.31158614 0.8120296
vt 0.30513597 0.8198662
vt 0.30656242 0.8020606
vt 0.30135465 0.8024664
vt 0.29652262 0.8054474
vt 0.30778527 0.8237103
vt 0.31620026 0.812893
vt 0.31638122 0.80658865
vt 0.3137586 0.80068076
vt 0.30029154 0.79802287
vt 0.29652262 0.8054474
vt 0.29446602 0.8014488
vt 0.3082652 0.7975489
vt 0.31296682 0.8205602
vt 0.31950045 0.8223751
vt 0.3128872 0.82720053
vt 0.3097229 0.8234576
vt 0.31309795 0.82762694
vt 0.31969976 0.8228575
vt 0.3276012 0.84430414
vt 0.3291514 0.8436486
vt 0.32625985 0.82292235
vt 0.33233857 0.8438611
vt 0.31969976 0.8228575
vt 0.3495133 0.863143
vt 0.3485961 0.8457488
vt 0.3648126 0.8778769
vt 0.36426806 0.8639661
vt 0.37339902 0.8833301
vt 0.3740139 0.8701557
vt 0.40666485 0.89599085
vt 0.4117713 0.88452584
vt 0.3743055 0.86978596
vt 0.36469603 0.8636379
vt 0.41214228 0.88405514
vt 0.44249797 0.8936842
vt 0.44385624 0.89321244
vt 0.3502555 0.8470216
vt 0.36237216 0.85703766
vt 0.36469603 0.8636379
vt 0.37977552 0.8629326
vt 0.4203272 0.87367487
vt 0.4515307 0.8899822
vt 0.36256385 0.8565673
vt 0.3503995 0.84666646
vt 0.38021708 0.86228865
vt 0.42089248 0.87295777
vt 0.4651184 0.8844078
vt 0.46294045 0.8851797
vt 0.46693397 0.88215786
vt 0.47160435 0.8735704
vt 0.46839 0.8823909
vt 0.4651184 0.8844078
vt 0.47372127 0.8726682
vt 0.36469603 0.8636379
vt 0.3740139 0.8701557
vt 0.36426806 0.8639661
vt 0.36426806 0.8639661
vt 0.44002795 0.89660907
vt 0.4202006 0.90002537
vt 0.4337361 0.90405995
vt 0.47014618 0.86338663
vt 0.4645772 0.8510089
vt 0.26931643 0.806267
vt 0.27906394 0.80190897
vt 0.27015615 0.80313146
vt 0.28778434 0.799113
vt 0.29587483 0.8202943
vt 0.2998495 0.8211045
vt 0.29255986 0.81778646
vt 0.2912867 0.81394213
vt 0.2928679 0.80896384
vt 0.2998495 0.8211045
vt 0.299639 0.8257941
vt 0.29345918 0.82453454
vt 0.2998495 0.8211045
vt 0.299639 0.8257941
vt 0.2883041 0.8206349
vt 0.29255986 0.81778646
vt 0.2935331 0.825418
vt 0.29457188 0.83788335
vt 0.30005002 0.8264732
vt 0.30644608 0.83773875
vt 0.29551458 0.83856404
vt 0.3237505 0.8650638
vt 0.31390405 0.86749744
vt 0.32868624 0.88026386
vt 0.3188653 0.88313574
vt 0.33017707 0.9007735
vt 0.32036424 0.9036429
vt 0.33130145 0.9428098
vt 0.3214891 0.94567907
vt 0.33315325 0.9872817
vt 0.32333183 0.9901535
vt 0.3302977 0.90071696
vt 0.3288114 0.8802052
vt 0.33142638 0.9427513
vt 0.33383226 0.98740464
vt 0.33535552 0.9870863
vt 0.33428025 0.9414151
vt 0.33535552 0.9870863
vt 0.33315563 0.8993788
vt 0.33160496 0.8808865
vt 0.32473516 0.8667867
vt 0.32425284 0.8648217
vt 0.30711365 0.83787364
vt 0.34098077 0.86967653
vt 0.32611752 0.84856164
vt 0.3085444 0.83147126
vt 0.32663655 0.84540987
vt 0.35184288 0.88792974
vt 0.33842158 0.88423115
vt 0.33800483 0.884573
vt 0.34222913 0.8951305
vt 0.34180236 0.8953302
vt 0.34762144 0.93516845
vt 0.34707832 0.93542266
vt 0.34954095 0.96717346
vt 0.34877205 0.9683887
vt 0.325114 0.86672723
vt 0.35519695 0.8975325
vt 0.35994816 0.93280774
vt 0.3321073 0.88080674
vt 0.33388305 0.8990955
vt 0.3351071 0.94102794
vt 0.34387898 0.97512525
vt 0.33160496 0.8808865
vt 0.33160496 0.8808865
vt 0.33660293 0.9851416
vt 0.3607936 0.94690645
vt 0.3529513 0.96543473
vt 0.36163926 0.96100545
vt 0.3081205 0.8311672
vt 0.3078413 0.82439196
vt 0.299639 0.8257941
vt 0.27619267 0.8386793
vt 0.2590809 0.84998095
vt 0.26762557 0.8529426
vt 0.25004935 0.84876156
vt 0.272439 0.856375
vt 0.28089094 0.8425111
vt 0.28655863 0.8488443
vt 0.2759626 0.8603871
vt 0.30151606 0.87255573
vt 0.29025745 0.88437927
vt 0.31214023 0.8930013
vt 0.30147338 0.90456456
vt 0.31746888 0.90802044
vt 0.29652262 0.8054474
vt 0.28878307 0.80691653
vt 0.2928679 0.80896384
vt 0.28650546 0.8145727
vt 0.2912867 0.81394213
vt 0.2928679 0.80896384
vt 0.29255986 0.81778646
vt 0.33428025 0.9414151
vt 0.33275127 0.9883418
vt 0.33264637 0.98981273
vt 0.32332563 0.99093366
vt 0.32196546 0.9927894
vt 0.31374192 0.9871942
vt 0.302958 0.97895235
vt 0.3487341 0.4750718
vt 0.34873888 0.38240314
vt 0.34872958 0.48030412
vt 0.3487163 0.48918694
vt 0.34871373 0.4909776
vt 0.3487008 0.49854892
vt 0.36764988 0.49082792
vt 0.36765125 0.4984045
vt 0.3833511 0.4908303
vt 0.38335258 0.49840957
vt 0.39905155 0.49082446
vt 0.3990534 0.4983968
vt 0.3990519 0.48897856
vt 0.38335133 0.48904228
vt 0.36765054 0.48904228
vt 0.38335353 0.48019648
vt 0.3676531 0.48019993
vt 0.3833542 0.47501183
vt 0.39905345 0.47490048
vt 0.39905304 0.4801383
vt 0.367654 0.47501647
vt 0.38336402 0.38238168
vt 0.3676655 0.382393
vt 0.39905375 0.4595725
vt 0.40047288 0.47455382
vt 0.40030617 0.459701
vt 0.40088272 0.47974855
vt 0.4007001 0.49112642
vt 0.4018489 0.49214923
vt 0.40131903 0.4936868
vt 0.40876186 0.4937685
vt 0.4147538 0.49847323
vt 0.41021484 0.492104
vt 0.4147519 0.49096775
vt 0.43045214 0.49084008
vt 0.43045428 0.4984241
vt 0.4503076 0.49075413
vt 0.45031 0.49833047
vt 0.47016641 0.49835795
vt 0.4701637 0.4908464
vt 0.47470117 0.4919551
vt 0.47830978 0.49364048
vt 0.4503075 0.48896563
vt 0.47016338 0.48907167
vt 0.47322664 0.4890262
vt 0.45030653 0.48011398
vt 0.46716407 0.48000634
vt 0.45030594 0.4749422
vt 0.46344522 0.47469735
vt 0.4704981 0.48338246
vt 0.4858675 0.49835008
vt 0.48384246 0.4936511
vt 0.4858649 0.49078774
vt 0.50156903 0.49836433
vt 0.501566 0.49078953
vt 0.517271 0.49836034
vt 0.5172682 0.49078774
vt 0.48586404 0.48894286
vt 0.5015655 0.48900288
vt 0.5172674 0.48900318
vt 0.5015624 0.48016548
vt 0.51726377 0.48016977
vt 0.5015611 0.47498822
vt 0.48586082 0.4748701
vt 0.48586154 0.48010397
vt 0.51726246 0.47499323
vt 0.5015586 0.38238192
vt 0.51725835 0.38239646
vt 0.48586023 0.45956427
vt 0.4844411 0.4745232
vt 0.4846074 0.45969206
vt 0.48403198 0.47971284
vt 0.4842162 0.49109447
vt 0.48306757 0.49214178
vt 0.47728437 0.49206352
vt 0.47591087 0.49136043
vt 0.47455177 0.48945242
vt 0.4718335 0.48301804
vt 0.46907404 0.4795344
vt 0.46781507 0.47838205
vt 0.46531323 0.47388244
vt 0.46493274 0.46115953
vt 0.46444058 0.45983273
vt 0.45030957 0.38236666
vt 0.47021618 0.384089
vt 0.43045184 0.47495627
vt 0.4304519 0.48016047
vt 0.41774967 0.48012984
vt 0.42146805 0.47469556
vt 0.43045202 0.48904812
vt 0.41475207 0.48919564
vt 0.41168898 0.4891203
vt 0.41475254 0.48348796
vt 0.43045726 0.38236737
vt 0.4204724 0.45981926
vt 0.41016793 0.4895267
vt 0.40899932 0.4916032
vt 0.40792572 0.49220526
vt 0.41334194 0.48310077
vt 0.41584092 0.47974432
vt 0.41684777 0.4784881
vt 0.41960022 0.47386003
vt 0.4199799 0.46114606
vt 0.41482934 0.38409483
vt 0.31634116 0.70888543
vt 0.3205738 0.72259986
vt 0.31235743 0.71007335
vt 0.32034755 0.70951843
vt 0.32729626 0.7169162
vt 0.30981827 0.71322846
vt 0.30955625 0.7184453
vt 0.31189585 0.7236184
vt 0.33144712 0.7147796
vt 0.3217926 0.70505214
vt 0.31556296 0.70406795
vt 0.32898426 0.7092378
vt 0.3316188 0.7029897
vt 0.33555984 0.71016467
vt 0.3314438 0.71282566
vt 0.31556296 0.70406795
vt 0.30936885 0.705915
vt 0.30556107 0.7109635
vt 0.31235743 0.71007335
vt 0.30981827 0.71322846
vt 0.30501318 0.7189324
vt 0.30955625 0.7184453
vt 0.3076675 0.7251476
vt 0.33213043 0.7148111
vt 0.31236506 0.7314819
vt 0.3149171 0.72769237
vt 0.31966782 0.73471844
vt 0.3259101 0.7337086
vt 0.33132124 0.72913325
vt 0.34381747 0.7296941
vt 0.33320022 0.72280407
vt 0.3451898 0.7178987
vt 0.34461308 0.7288463
vt 0.37450075 0.7042242
vt 0.37565732 0.7143009
vt 0.39020634 0.70126915
vt 0.39180088 0.7113764
vt 0.41073823 0.70240927
vt 0.41233158 0.7125082
vt 0.4525745 0.7066607
vt 0.4541676 0.71675855
vt 0.49691892 0.71050125
vt 0.49851346 0.72060883
vt 0.4106977 0.7022822
vt 0.39016414 0.7011378
vt 0.45253253 0.70652926
vt 0.49712753 0.70984334
vt 0.49700642 0.70829177
vt 0.45157146 0.7035282
vt 0.40973568 0.6992768
vt 0.39119673 0.69845366
vt 0.37633514 0.70346737
vt 0.37432456 0.7036952
vt 0.34540892 0.7172538
vt 0.38127518 0.68772376
vt 0.35843587 0.69976974
vt 0.33924174 0.71501696
vt 0.35537577 0.6988528
vt 0.4007659 0.679281
vt 0.39538407 0.6921202
vt 0.41071844 0.67718005
vt 0.40668035 0.6897358
vt 0.3956697 0.69257724
vt 0.40682364 0.690184
vt 0.44707918 0.6894988
vt 0.44726205 0.69006944
vt 0.47906733 0.69168067
vt 0.4801743 0.6925987
vt 0.4463117 0.6769712
vt 0.3544023 0.6977551
vt 0.33600998 0.7100102
vt 0.33212256 0.70285344
vt 0.3539498 0.6961336
vt 0.35456777 0.6929997
vt 0.3330245 0.69635534
vt 0.37588453 0.6784271
vt 0.3585155 0.67711616
vt 0.39245105 0.66513383
vt 0.37858438 0.663898
vt 0.39895582 0.6573138
vt 0.38596773 0.65502214
vt 0.41575956 0.6259365
vt 0.4050405 0.61940825
vt 0.38563824 0.65468585
vt 0.37831378 0.663432
vt 0.37858438 0.663898
vt 0.40462112 0.61898017
vt 0.41804695 0.5901023
vt 0.41775227 0.58869493
vt 0.35998988 0.67563283
vt 0.37147093 0.6648942
vt 0.37953925 0.6483854
vt 0.39537072 0.60953724
vt 0.4155283 0.5806711
vt 0.37102866 0.66464365
vt 0.35965586 0.6754446
vt 0.37895656 0.64786553
vt 0.39473152 0.60888505
vt 0.41173434 0.5664828
vt 0.41222167 0.56874156
vt 0.41173434 0.5664828
vt 0.39473152 0.60888505
vt 0.40973473 0.5643947
vt 0.41015148 0.5629804
vt 0.4018135 0.5586661
vt 0.4011891 0.55645156
vt 0.42063236 0.5929253
vt 0.42148948 0.61302686
vt 0.4272189 0.60011685
vt 0.3043437 0.6847718
vt 0.29555464 0.66856873
vt 0.27712035 0.66868484
vt 0.29214168 0.6623143
vt 0.27174878 0.660154
vt 0.287431 0.65459466
vt 0.28589892 0.64888465
vt 0.2705598 0.65420914
vt 0.27021337 0.6457174
vt 0.28573084 0.64354753
vt 0.2737491 0.61790633
vt 0.28995657 0.6159413
vt 0.27855158 0.59537125
vt 0.294137 0.5932307
vt 0.28399062 0.5803914
vt 0.31235743 0.71007335
vt 0.31556296 0.70406795
vt 0.31634116 0.70888543
vt 0.3915267 0.5588126
vt 0.3785391 0.56275547
vt 0.3092358 0.75070643
vt 0.3061576 0.74048257
vt 0.30623293 0.74947345
vt 0.30449772 0.7314763
vt 0.3265388 0.7261561
vt 0.32784963 0.7223177
vt 0.3236282 0.7291242
vt 0.3196528 0.72989595
vt 0.3149171 0.72769237
vt 0.332474 0.723125
vt 0.33043575 0.72909343
vt 0.31966782 0.73471844
vt 0.3196528 0.72989595
vt 0.33888602 0.715399
vt 0.31819057 0.7464216
vt 0.33737516 0.7568822
vt 0.3143258 0.7528789
vt 0.34179187 0.74773836
vt 0.34627676 0.7433089
vt 0.33198953 0.739712
vt 0.34716702 0.73232734
vt 0.35342693 0.7386075
vt 0.37826133 0.7185774
vt 0.3788123 0.7267575
vt 0.40047407 0.7188655
vt 0.3949411 0.7153611
vt 0.41549397 0.7158792
vt 0.3956697 0.69257724
vt 0.39538407 0.6921202
vt 0.37632442 0.7030841
vt 0.39118123 0.6979456
vt 0.40954733 0.698519
vt 0.3956697 0.69257724
vt 0.45129323 0.70265853
vt 0.48623133 0.69831157
vt 0.49523664 0.70680606
vt 0.49791932 0.7110349
vt 0.4993646 0.71132666
vt 0.4992864 0.72071433
vt 0.50095344 0.7223007
vt 0.46040273 0.6779326
vt 0.4777782 0.68807626
vt 0.47449422 0.6788938
vt 0.3196528 0.72989595
vt 0.31966782 0.73471844
vt 0.3149171 0.72769237
vt 0.494354 0.72974247
vt 0.48480296 0.7393862
vt 0.41482934 0.38409483
vt 0.3981231 0.384102
vt 0.4204724 0.45981926
vt 0.3981231 0.384102
vt 0.5367949 0.475062
vt 0.5367956 0.38241267
vt 0.5367998 0.4802946
vt 0.5368123 0.48917532
vt 0.5368149 0.49096513
vt 0.53682935 0.4985333
vt 0.5560662 0.49083108
vt 0.5560691 0.49840742
vt 0.5717712 0.49085885
vt 0.57177407 0.4984402
vt 0.5874774 0.4908731
vt 0.5874799 0.4984545
vt 0.58747613 0.48902512
vt 0.57177013 0.48907083
vt 0.5560651 0.48904574
vt 0.57176465 0.48022687
vt 0.55606 0.48020756
vt 0.5717626 0.47504556
vt 0.58746797 0.47494197
vt 0.5874702 0.48017716
vt 0.5560581 0.47502768
vt 0.57175297 0.38243115
vt 0.55605006 0.38242447
vt 0.5874668 0.45963937
vt 0.5877819 0.3846054
vt 0.5888874 0.4745953
vt 0.5887194 0.45976764
vt 0.5893001 0.4797848
vt 0.58912647 0.4911756
vt 0.5902768 0.49220634
vt 0.5901213 0.4937452
vt 0.59630764 0.4938544
vt 0.6031872 0.49858564
vt 0.59850633 0.49221212
vt 0.6031847 0.491082
vt 0.618893 0.4909979
vt 0.6188952 0.49857825
vt 0.6387609 0.49091965
vt 0.63876283 0.49848437
vt 0.6586323 0.49836725
vt 0.6586307 0.49080884
vt 0.66317195 0.49195963
vt 0.66462725 0.4936931
vt 0.6387594 0.48913723
vt 0.65862906 0.48901743
vt 0.66169465 0.4888456
vt 0.63875294 0.4803337
vt 0.65562284 0.48021126
vt 0.6387503 0.47518098
vt 0.651899 0.4750842
vt 0.6586249 0.48326898
vt 0.6743453 0.49848408
vt 0.6720761 0.4937529
vt 0.67434376 0.49094743
vt 0.69005936 0.4986369
vt 0.6900579 0.49106455
vt 0.7057745 0.4987263
vt 0.7057734 0.49114496
vt 0.67434233 0.48911554
vt 0.6900567 0.48927867
vt 0.7057721 0.48935592
vt 0.69004995 0.48044765
vt 0.70576566 0.48049867
vt 0.69004744 0.4752717
vt 0.67433316 0.47512364
vt 0.67433566 0.48034036
vt 0.7057633 0.47529626
vt 0.690031 0.38256145
vt 0.7057465 0.3825872
vt 0.6743316 0.45982128
vt 0.6729121 0.47477746
vt 0.6730775 0.45994848
vt 0.67250395 0.47995424
vt 0.6726941 0.4912359
vt 0.6715449 0.4922124
vt 0.66546315 0.49214393
vt 0.6644806 0.4914776
vt 0.66321737 0.48920518
vt 0.65954125 0.48273492
vt 0.65635765 0.47969437
vt 0.65534866 0.47880882
vt 0.6537684 0.47435153
vt 0.653386 0.46142656
vt 0.65289414 0.46008414
vt 0.6387358 0.38250518
vt 0.65838087 0.38424873
vt 0.6188829 0.47514665
vt 0.6188854 0.48033762
vt 0.60617566 0.48021448
vt 0.6098937 0.47491157
vt 0.6188917 0.48920757
vt 0.60318327 0.4893062
vt 0.60011864 0.48926336
vt 0.60317916 0.4835503
vt 0.61886954 0.3824793
vt 0.608896 0.45997018
vt 0.598597 0.48970467
vt 0.597571 0.49170125
vt 0.59635603 0.49227214
vt 0.6016558 0.48314202
vt 0.6044604 0.47973824
vt 0.6057008 0.47862375
vt 0.60802436 0.47411144
vt 0.6084025 0.46130556
vt 0.60440326 0.38418818
vt 0.22481847 0.6612679
vt 0.23868203 0.6649833
vt 0.2237041 0.66527283
vt 0.22748685 0.6582128
vt 0.23744798 0.6562668
vt 0.22502398 0.6691011
vt 0.22930098 0.6720998
vt 0.23492575 0.6728722
vt 0.22729564 0.67620516
vt 0.23397017 0.6772661
vt 0.22084069 0.6715002
vt 0.21859312 0.6655898
vt 0.2237041 0.66527283
vt 0.22481847 0.6612679
vt 0.22032595 0.6593623
vt 0.22481847 0.6612679
vt 0.22447443 0.6546122
vt 0.23784804 0.6516155
vt 0.23744798 0.6562668
vt 0.22438931 0.65382314
vt 0.23184562 0.65075123
vt 0.22795796 0.6451957
vt 0.23613 0.6456773
vt 0.23619199 0.65057826
vt 0.23784804 0.6516155
vt 0.23623848 0.64521444
vt 0.22811079 0.6446967
vt 0.23565173 0.6231208
vt 0.23403811 0.62264085
vt 0.23171377 0.6204499
vt 0.22308922 0.64047503
vt 0.23072147 0.5946473
vt 0.22036767 0.60865426
vt 0.22828388 0.573547
vt 0.2198577 0.58462894
vt 0.22512507 0.5638783
vt 0.21627283 0.57365453
vt 0.20750403 0.5329521
vt 0.19627237 0.53855336
vt 0.21581292 0.57375455
vt 0.21931934 0.58460987
vt 0.19568634 0.53868055
vt 0.17838335 0.5119448
vt 0.1770351 0.51144505
vt 0.21989655 0.6066171
vt 0.21691537 0.591182
vt 0.21931934 0.58460987
vt 0.20723295 0.575565
vt 0.18276906 0.5414864
vt 0.16905856 0.50905776
vt 0.21646762 0.5914228
vt 0.21646762 0.5914228
vt 0.2195592 0.60679924
vt 0.20648289 0.5757811
vt 0.18187666 0.5416801
vt 0.15502739 0.504719
vt 0.21646762 0.5914228
vt 0.15719867 0.5055084
vt 0.15219522 0.50530076
vt 0.15121984 0.50419474
vt 0.14312959 0.50895786
vt 0.14092231 0.50830793
vt 0.21931934 0.58460987
vt 0.21627283 0.57365453
vt 0.2198577 0.58462894
vt 0.18214965 0.5112586
vt 0.19962358 0.5212312
vt 0.19174314 0.50950956
vt 0.13777852 0.5177448
vt 0.13420463 0.53083825
vt 0.2564435 0.68954074
vt 0.2461493 0.68670535
vt 0.25380158 0.69142663
vt 0.2376411 0.68331754
vt 0.24486756 0.6618258
vt 0.24231529 0.65867317
vt 0.24583101 0.66586983
vt 0.24436879 0.66964614
vt 0.2399826 0.6724826
vt 0.24942803 0.66008997
vt 0.24546003 0.6551876
vt 0.23784804 0.6516155
vt 0.23744798 0.6562668
vt 0.25092673 0.66637766
vt 0.24183297 0.67665994
vt 0.24845958 0.67219996
vt 0.24993324 0.65936124
vt 0.25705838 0.6490803
vt 0.25676417 0.64795566
vt 0.24557471 0.6544024
vt 0.24780273 0.6416409
vt 0.2518251 0.6095482
vt 0.26097178 0.613932
vt 0.25768209 0.5946791
vt 0.2670877 0.59870815
vt 0.2695744 0.5779028
vt 0.2789724 0.58192885
vt 0.29543948 0.54474664
vt 0.30483627 0.548772
vt 0.32229114 0.509248
vt 0.331697 0.5132773
vt 0.26944566 0.57786965
vt 0.25754833 0.59464455
vt 0.2953055 0.5447122
vt 0.32184505 0.50872123
vt 0.23823857 0.6510539
vt 0.24233127 0.64564764
vt 0.24219751 0.6451433
vt 0.23709917 0.6228808
vt 0.23950386 0.62077856
vt 0.24737334 0.6411123
vt 0.24146104 0.59503114
vt 0.25128388 0.60941565
vt 0.24468637 0.57403684
vt 0.25269198 0.5854262
vt 0.24820471 0.5644927
vt 0.25668502 0.57459354
vt 0.2669704 0.5342481
vt 0.27798486 0.5402652
vt 0.25714087 0.5747106
vt 0.25323105 0.5854275
vt 0.2785654 0.54041433
vt 0.29685664 0.51434505
vt 0.29822302 0.513896
vt 0.25183058 0.6073973
vt 0.2553873 0.5920844
vt 0.26564717 0.5768409
vt 0.25323105 0.5854275
vt 0.2913692 0.5437014
vt 0.306283 0.5118089
vt 0.25582552 0.5923419
vt 0.25216055 0.6075922
vt 0.2663889 0.5770849
vt 0.2922535 0.5439286
vt 0.32046676 0.50799775
vt 0.31826758 0.50870526
vt 0.32327533 0.5086851
vt 0.32429147 0.50761664
vt 0.33219743 0.51267886
vt 0.33442807 0.512112
vt 0.25323105 0.5854275
vt 0.25269198 0.5854262
vt 0.25668502 0.57459354
vt 0.27528405 0.5228298
vt 0.2931192 0.51351786
vt 0.28359723 0.5114114
vt 0.3372159 0.5216596
vt 0.34029746 0.5348784
vt 0.18615007 0.7268903
vt 0.18884826 0.7356416
vt 0.18884826 0.7356416
vt 0.18615007 0.7268903
vt 0.20208597 0.76199555
vt 0.20208597 0.76199555
vt 0.20812678 0.7775904
vt 0.20812678 0.7775904
vt 0.21143246 0.7859516
vt 0.21143246 0.7859516
vt 0.21622229 0.79375696
vt 0.21622229 0.79375696
vt 0.18884826 0.7356416
vt 0.18615007 0.7268903
vt 0.18884826 0.7356416
vt 0.18615007 0.7268903
vt 0.19980049 0.75740814
vt 0.21622229 0.79375696
vt 0.21143246 0.7859516
vt 0.21622229 0.79375696
vt 0.21143246 0.7859516
vt 0.20812678 0.7775904
vt 0.20812678 0.7775904
vt 0.20208597 0.76199555
vt 0.19047046 0.71214664
vt 0.18672442 0.7205031
vt 0.18672442 0.7205031
vt 0.19047046 0.71214664
vt 0.19551253 0.7047018
vt 0.19551253 0.7047018
vt 0.20985079 0.6936321
vt 0.20985079 0.6936321
vt 0.22260666 0.6860819
vt 0.22260666 0.6860819
vt 0.23123527 0.68301487
vt 0.23123527 0.68301487
vt 0.18672442 0.7205031
vt 0.19047046 0.71214664
vt 0.18672442 0.7205031
vt 0.19047046 0.71214664
vt 0.19551253 0.7047018
vt 0.19551253 0.7047018
vt 0.20985079 0.6936321
vt 0.22260666 0.6860819
vt 0.23123527 0.68301487
vt 0.22260666 0.6860819
vt 0.23123527 0.68301487
vt 0.20738459 0.6951914
vt 0.7992389 0.4324972
vt 0.8191881 0.42833477
vt 0.8191924 0.43247157
vt 0.7992301 0.428361
vt 0.8391516 0.42834884
vt 0.8391545 0.43247956
vt 0.8391516 0.4220956
vt 0.81918573 0.42209488
vt 0.8391516 0.40779036
vt 0.81918573 0.40779012
vt 0.79922736 0.42210728
vt 0.79922736 0.40779907
vt 0.22117352 0.7978326
vt 0.2299223 0.80053854
vt 0.2299223 0.80053854
vt 0.22117352 0.7978326
vt 0.25532842 0.8025776
vt 0.25532842 0.8025776
vt 0.27015615 0.80313146
vt 0.27015615 0.80313146
vt 0.27906394 0.80190897
vt 0.27906394 0.80190897
vt 0.28778434 0.799113
vt 0.28778434 0.799113
vt 0.28778434 0.799113
vt 0.27906394 0.80190897
vt 0.28778434 0.799113
vt 0.27906394 0.80190897
vt 0.27015615 0.80313146
vt 0.27015615 0.80313146
vt 0.25532842 0.8025776
vt 0.2299223 0.80053854
vt 0.22117352 0.7978326
vt 0.2299223 0.80053854
vt 0.22117352 0.7978326
vt 0.25120687 0.8023505
vt 0.045926094 0.42116755
vt 0.065895736 0.4215861
vt 0.065874964 0.42116755
vt 0.045942426 0.4215861
vt 0.08583787 0.4215861
vt 0.0858168 0.42116755
vt 0.08584377 0.4227001
vt 0.06589931 0.4227001
vt 0.08584377 0.42526942
vt 0.06589931 0.42526942
vt 0.04594651 0.4227001
vt 0.04594651 0.42526942
vt 0.2929206 0.79527295
vt 0.2976296 0.7874185
vt 0.2976296 0.7874185
vt 0.2929206 0.79527295
vt 0.30381203 0.7636688
vt 0.30381203 0.7636688
vt 0.30623293 0.74947345
vt 0.30623293 0.74947345
vt 0.3061576 0.74048257
vt 0.3061576 0.74048257
vt 0.30449772 0.7314763
vt 0.30449772 0.7314763
vt 0.30449772 0.7314763
vt 0.3061576 0.74048257
vt 0.30449772 0.7314763
vt 0.3061576 0.74048257
vt 0.30623293 0.74947345
vt 0.30623293 0.74947345
vt 0.30381203 0.7636688
vt 0.2976296 0.7874185
vt 0.2929206 0.79527295
vt 0.2976296 0.7874185
vt 0.2929206 0.79527295
vt 0.30307102 0.76750743
vt 0.23477301 0.42116755
vt 0.25462592 0.4215861
vt 0.25460798 0.42116755
vt 0.2347919 0.4215861
vt 0.27444655 0.4215861
vt 0.27443224 0.42116755
vt 0.27445263 0.4227001
vt 0.25463206 0.4227001
vt 0.27445263 0.42526942
vt 0.25463206 0.42526942
vt 0.23479721 0.4227001
vt 0.23479721 0.42526942
vt 0.29415584 0.720219
vt 0.29415584 0.720219
vt 0.30134487 0.72589195
vt 0.26796007 0.7024455
vt 0.26796007 0.7024455
vt 0.25380158 0.69142663
vt 0.25380158 0.69142663
vt 0.2461493 0.68670535
vt 0.2461493 0.68670535
vt 0.2376411 0.68331754
vt 0.2376411 0.68331754
vt 0.2376411 0.68331754
vt 0.2461493 0.68670535
vt 0.2376411 0.68331754
vt 0.2461493 0.68670535
vt 0.25380158 0.69142663
vt 0.25380158 0.69142663
vt 0.26796007 0.7024455
vt 0.29415584 0.720219
vt 0.30134487 0.72589195
vt 0.29415584 0.720219
vt 0.30134487 0.72589195
vt 0.27252984 0.7058227
vt 0.42261878 0.42116755
vt 0.44238257 0.4215861
vt 0.4423915 0.42116755
vt 0.42261276 0.4215861
vt 0.46215257 0.4215861
vt 0.46216342 0.42116755
vt 0.46215 0.4227001
vt 0.44238055 0.4227001
vt 0.46215 0.42526942
vt 0.44238055 0.42526942
vt 0.42261133 0.4227001
vt 0.42261133 0.42526942
vt 0.61043894 0.42116755
vt 0.6302589 0.4215861
vt 0.6302819 0.42116755
vt 0.6104152 0.4215861
vt 0.6501155 0.4215861
vt 0.6501392 0.42116755
vt 0.6501092 0.4227001
vt 0.630252 0.4227001
vt 0.6501092 0.42526942
vt 0.630252 0.42526942
vt 0.6104089 0.4227001
vt 0.6104089 0.42526942
vt 0.18884826 0.7356416
vt 0.19980049 0.75740814
vt 0.20208597 0.76199555
vt 0.20985079 0.6936321
vt 0.20738459 0.6951914
vt 0.19551253 0.7047018
vt 0.2299223 0.80053854
vt 0.25120687 0.8023505
vt 0.25532842 0.8025776
vt 0.20208597 0.76199555
vt 0.19980049 0.75740814
vt 0.20812678 0.7775904
vt 0.2976296 0.7874185
vt 0.30307102 0.76750743
vt 0.30381203 0.7636688
vt 0.25532842 0.8025776
vt 0.25120687 0.8023505
vt 0.27015615 0.80313146
vt 0.29415584 0.720219
vt 0.27252984 0.7058227
vt 0.26796007 0.7024455
vt 0.30381203 0.7636688
vt 0.30307102 0.76750743
vt 0.30623293 0.74947345
vt 0.22260666 0.6860819
vt 0.20738459 0.6951914
vt 0.20985079 0.6936321
vt 0.26796007 0.7024455
vt 0.27252984 0.7058227
vt 0.25380158 0.69142663
vt 0.84726024 0.4988075
vt 0.82737625 0.5010958
vt 0.8273746 0.4989043
vt 0.8472614 0.5010011
vt 0.8629843 0.49888045
vt 0.84726024 0.4988075
vt 0.8629854 0.50107354
vt 0.87870896 0.49898964
vt 0.8629843 0.49888045
vt 0.8787099 0.50118196
vt 0.8944335 0.4990592
vt 0.87870896 0.49898964
vt 0.89443445 0.50125253
vt 0.8273746 0.4989043
vt 0.80749214 0.50112295
vt 0.8074901 0.498931
vt 0.8074901 0.498931
vt 0.7917701 0.5009688
vt 0.7917683 0.49877578
vt 0.7917683 0.49877578
vt 0.7760489 0.50095296
vt 0.77604675 0.49876016
vt 0.77604675 0.49876016
vt 0.76032853 0.5010109
vt 0.7603264 0.4988191
vt 0.7603264 0.4988191
vt 0.74460924 0.50101936
vt 0.744607 0.49882758
vt 0.744607 0.49882758
vt 0.72524726 0.50093627
vt 0.725245 0.49874347
vt 0.725245 0.49874347
vt 0.705777 0.5009165
vt 0.7057745 0.4987263
vt 0.7057745 0.4987263
vt 0.6900617 0.5008266
vt 0.69005936 0.4986369
vt 0.69005936 0.4986369
vt 0.6743477 0.50067425
vt 0.6743453 0.49848408
vt 0.6743453 0.49848408
vt 0.6586348 0.5005603
vt 0.6586323 0.49836725
vt 0.6586323 0.49836725
vt 0.638765 0.5006738
vt 0.63876283 0.49848437
vt 0.63876283 0.49848437
vt 0.61889756 0.50076735
vt 0.6188952 0.49857825
vt 0.6188952 0.49857825
vt 0.603189 0.50077426
vt 0.6031872 0.49858564
vt 0.6031872 0.49858564
vt 0.5874817 0.5006447
vt 0.5874799 0.4984545
vt 0.5874799 0.4984545
vt 0.5717754 0.50062907
vt 0.57177407 0.4984402
vt 0.57177407 0.4984402
vt 0.5560703 0.5005952
vt 0.5560691 0.49840742
vt 0.5560691 0.49840742
vt 0.5368303 0.5007205
vt 0.53682935 0.4985333
vt 0.53682935 0.4985333
vt 0.5172719 0.50054705
vt 0.517271 0.49836034
vt 0.517271 0.49836034
vt 0.50156945 0.5005516
vt 0.50156903 0.49836433
vt 0.50156903 0.49836433
vt 0.48586777 0.5005381
vt 0.4858675 0.49835008
vt 0.4858675 0.49835008
vt 0.47016627 0.5005444
vt 0.47016641 0.49835795
vt 0.47016641 0.49835795
vt 0.4503098 0.50051856
vt 0.45031 0.49833047
vt 0.45031 0.49833047
vt 0.43045387 0.50061214
vt 0.43045428 0.4984241
vt 0.43045428 0.4984241
vt 0.414753 0.5006608
vt 0.4147538 0.49847323
vt 0.4147538 0.49847323
vt 0.39905238 0.5005859
vt 0.3990534 0.4983968
vt 0.3990534 0.4983968
vt 0.38335115 0.50059783
vt 0.38335258 0.49840957
vt 0.38335258 0.49840957
vt 0.36765006 0.5005926
vt 0.36765125 0.4984045
vt 0.36765125 0.4984045
vt 0.34869936 0.50073564
vt 0.3487008 0.49854892
vt 0.3487008 0.49854892
vt 0.32885447 0.5005878
vt 0.3288562 0.4983995
vt 0.3288562 0.4983995
vt 0.31315097 0.5005648
vt 0.31315288 0.4983765
vt 0.31315288 0.4983765
vt 0.29744646 0.500463
vt 0.2974485 0.4982739
vt 0.2974485 0.4982739
vt 0.281741 0.50043654
vt 0.28174314 0.4982456
vt 0.28174314 0.4982456
vt 0.26187736 0.50059736
vt 0.2618796 0.49840826
vt 0.2618796 0.49840826
vt 0.2420119 0.5006658
vt 0.2420142 0.49847645
vt 0.2420142 0.49847645
vt 0.22630253 0.5005466
vt 0.22630492 0.4983548
vt 0.22630492 0.4983548
vt 0.2105918 0.500628
vt 0.21059406 0.49843705
vt 0.21059406 0.49843705
vt 0.19488001 0.50075305
vt 0.19488224 0.4985624
vt 0.19488224 0.4985624
vt 0.179167 0.500821
vt 0.17916912 0.4986295
vt 0.17916912 0.4986295
vt 0.16027454 0.50078213
vt 0.16027686 0.49859065
vt 0.16027686 0.49859065
vt 0.14033973 0.5008517
vt 0.14034158 0.4986605
vt 0.14034158 0.4986605
vt 0.12462252 0.50082445
vt 0.12462437 0.49863297
vt 0.12462437 0.49863297
vt 0.10890409 0.50074565
vt 0.10890555 0.4985531
vt 0.10890555 0.4985531
vt 0.0931845 0.5007155
vt 0.09318584 0.49852324
vt 0.09318584 0.49852324
vt 0.07330319 0.500824
vt 0.07330418 0.4986319
vt 0.07330418 0.4986319
vt 0.053420544 0.5008451
vt 0.0534212 0.49865305
vt 0.0534212 0.49865305
vt 0.03769797 0.5006362
vt 0.037698567 0.49844235
vt 0.037698567 0.49844235
vt 0.021974564 0.5005008
vt 0.021974862 0.49830562
vt 0.9141371 0.49890715
vt 0.8944335 0.4990592
vt 0.91413736 0.5011013
vt 0.93328446 0.4990999
vt 0.9141371 0.49890715
vt 0.93328446 0.50129354
vt 0.9490085 0.49907583
vt 0.93328446 0.4990999
vt 0.9490084 0.501269
vt 0.9647326 0.49906212
vt 0.9490085 0.49907583
vt 0.96473235 0.50125515
vt 0.84724414 0.32085264
vt 0.827356 0.33854878
vt 0.827356 0.32084894
vt 0.84724414 0.33854294
vt 0.8629712 0.3208534
vt 0.84724414 0.33854294
vt 0.8629712 0.33854556
vt 0.87869835 0.32084656
vt 0.8629712 0.33854556
vt 0.87869835 0.33853555
vt 0.89442575 0.320841
vt 0.87869835 0.33853555
vt 0.89442575 0.33852416
vt 0.80746937 0.33852547
vt 0.80746937 0.32083595
vt 0.827356 0.33854878
vt 0.7917454 0.33852124
vt 0.7917454 0.32083178
vt 0.80746937 0.33852547
vt 0.7760227 0.33850485
vt 0.7760227 0.3208167
vt 0.7917454 0.33852124
vt 0.7603009 0.33847606
vt 0.7603009 0.32079315
vt 0.7760227 0.33850485
vt 0.7445806 0.33844644
vt 0.7445806 0.32076854
vt 0.7603009 0.33847606
vt 0.72521794 0.33843583
vt 0.72521794 0.3207479
vt 0.7445806 0.33844644
vt 0.7057471 0.3383959
vt 0.7057471 0.3207212
vt 0.72521794 0.33843583
vt 0.6900322 0.33838612
vt 0.6900322 0.32071304
vt 0.7057471 0.3383959
vt 0.6743184 0.3383811
vt 0.6743184 0.32070774
vt 0.6900322 0.33838612
vt 0.6586065 0.33836818
vt 0.6586065 0.32069743
vt 0.6743184 0.3383811
vt 0.63873804 0.33836818
vt 0.63873804 0.32068712
vt 0.6586065 0.33836818
vt 0.6188723 0.33834565
vt 0.6188723 0.32067603
vt 0.63873804 0.33836818
vt 0.60316545 0.33834833
vt 0.60316545 0.3206752
vt 0.6188723 0.33834565
vt 0.5874603 0.33833987
vt 0.5874603 0.3206625
vt 0.60316545 0.33834833
vt 0.5717564 0.33830917
vt 0.5717564 0.3206371
vt 0.5874603 0.33833987
vt 0.5560536 0.3382846
vt 0.5560536 0.3206144
vt 0.5717564 0.33830917
vt 0.5368171 0.3382045
vt 0.5368171 0.32057393
vt 0.5560536 0.3382846
vt 0.51726246 0.33825392
vt 0.51726246 0.32059008
vt 0.5368171 0.3382045
vt 0.50156254 0.33824944
vt 0.50156254 0.32059085
vt 0.51726246 0.33825392
vt 0.48586386 0.33825392
vt 0.48586386 0.32059324
vt 0.50156254 0.33824944
vt 0.47016576 0.33824968
vt 0.47016576 0.3205893
vt 0.48586386 0.33825392
vt 0.4503132 0.33825552
vt 0.4503132 0.3205861
vt 0.47016576 0.33824968
vt 0.4304609 0.33824253
vt 0.4304609 0.3205824
vt 0.4503132 0.33825552
vt 0.41476324 0.33825552
vt 0.41476324 0.32059216
vt 0.4304609 0.33824253
vt 0.3990652 0.33825922
vt 0.3990652 0.32059854
vt 0.41476324 0.33825552
vt 0.38336712 0.33825338
vt 0.38336712 0.3205964
vt 0.3990652 0.33825922
vt 0.36766836 0.33825368
vt 0.36766836 0.32059246
vt 0.38336712 0.33825338
vt 0.3487204 0.33820182
vt 0.3487204 0.32057106
vt 0.36766836 0.33825368
vt 0.32887825 0.33826238
vt 0.32887825 0.320598
vt 0.3487204 0.33820182
vt 0.31317624 0.33827192
vt 0.31317624 0.32060856
vt 0.32887825 0.33826238
vt 0.29747316 0.3382883
vt 0.29747316 0.3206197
vt 0.31317624 0.33827192
vt 0.281769 0.33829415
vt 0.281769 0.32062393
vt 0.29747316 0.3382883
vt 0.26190636 0.33831263
vt 0.26190636 0.3206334
vt 0.281769 0.33829415
vt 0.24204156 0.3383084
vt 0.24204156 0.3206371
vt 0.26190636 0.33831263
vt 0.22633228 0.33832693
vt 0.22633228 0.32064664
vt 0.24204156 0.3383084
vt 0.21062142 0.33832848
vt 0.21062142 0.32065034
vt 0.22633228 0.33832693
vt 0.19490889 0.3383187
vt 0.19490889 0.32064772
vt 0.21062142 0.33832848
vt 0.17919463 0.33831763
vt 0.17919463 0.32064426
vt 0.19490889 0.3383187
vt 0.16030124 0.33834833
vt 0.16030124 0.3206575
vt 0.17919463 0.33831763
vt 0.14036426 0.3383351
vt 0.14036426 0.32065934
vt 0.16030124 0.33834833
vt 0.12464499 0.33835334
vt 0.12464499 0.32067388
vt 0.14036426 0.3383351
vt 0.10892454 0.33837795
vt 0.10892454 0.32069027
vt 0.12464499 0.33835334
vt 0.09320256 0.3383885
vt 0.09320256 0.3207006
vt 0.10892454 0.33837795
vt 0.073317796 0.3384139
vt 0.073317796 0.32072067
vt 0.09320256 0.3383885
vt 0.05343169 0.33841604
vt 0.05343169 0.32073128
vt 0.073317796 0.3384139
vt 0.03770566 0.33843744
vt 0.03770566 0.32074106
vt 0.05343169 0.33841604
vt 0.02197951 0.3384446
vt 0.02197951 0.320745
vt 0.03770566 0.33843744
vt 0.91413236 0.32086742
vt 0.89442575 0.33852416
vt 0.91413236 0.3385908
vt 0.9332835 0.32084125
vt 0.91413236 0.3385908
vt 0.9332835 0.33852416
vt 0.94901067 0.32084203
vt 0.9332835 0.33852416
vt 0.94901067 0.33853054
vt 0.96473724 0.32084632
vt 0.94901067 0.33853054
vt 0.96473724 0.33853662
vt 0.84724414 0.33854294
vt 0.8273524 0.35073072
vt 0.827356 0.33854878
vt 0.84724104 0.3507384
vt 0.8629712 0.33854556
vt 0.84724104 0.3507384
vt 0.84724414 0.33854294
vt 0.86296856 0.3507532
vt 0.87869835 0.33853555
vt 0.86296856 0.3507532
vt 0.8629712 0.33854556
vt 0.8786962 0.35072702
vt 0.89442575 0.33852416
vt 0.8786962 0.35072702
vt 0.87869835 0.33853555
vt 0.89442396 0.35070825
vt 0.8787017 0.38275766
vt 0.8944293 0.38276827
vt 0.827356 0.33854878
vt 0.8074652 0.35070747
vt 0.80746937 0.33852547
vt 0.8273524 0.35073072
vt 0.8074714 0.38271642
vt 0.8273585 0.38273466
vt 0.80746937 0.33852547
vt 0.7917409 0.3507225
vt 0.7917454 0.33852124
vt 0.8074652 0.35070747
vt 0.7917454 0.33852124
vt 0.7760178 0.35070324
vt 0.7760227 0.33850485
vt 0.7917409 0.3507225
vt 0.7760227 0.33850485
vt 0.760296 0.3506593
vt 0.7603009 0.33847606
vt 0.7760178 0.35070324
vt 0.7603009 0.33847606
vt 0.7445754 0.35062468
vt 0.7445806 0.33844644
vt 0.760296 0.3506593
vt 0.7445811 0.38264632
vt 0.76030195 0.38266516
vt 0.7445806 0.33844644
vt 0.7252126 0.3506112
vt 0.72521794 0.33843583
vt 0.7445754 0.35062468
vt 0.72518575 0.3826176
vt 0.7445811 0.38264632
vt 0.91413236 0.3385908
vt 0.89442396 0.35070825
vt 0.89442575 0.33852416
vt 0.9141314 0.35077566
vt 0.8944293 0.38276827
vt 0.91413414 0.38277566
vt 0.09320256 0.3383885
vt 0.07332051 0.35059297
vt 0.073317796 0.3384139
vt 0.09320578 0.35058028
vt 0.10892454 0.33837795
vt 0.09320578 0.35058028
vt 0.09320256 0.3383885
vt 0.10892829 0.35058182
vt 0.12464499 0.33835334
vt 0.10892829 0.35058182
vt 0.10892454 0.33837795
vt 0.12464908 0.35054058
vt 0.14036426 0.3383351
vt 0.12464908 0.35054058
vt 0.12464499 0.33835334
vt 0.14036855 0.3505147
vt 0.12464815 0.38253665
vt 0.14036682 0.38253212
vt 0.073317796 0.3384139
vt 0.053433627 0.35059798
vt 0.05343169 0.33841604
vt 0.07332051 0.35059297
vt 0.053435475 0.38257897
vt 0.07332149 0.38257158
vt 0.05343169 0.33841604
vt 0.03770733 0.35064054
vt 0.03770566 0.33843744
vt 0.053433627 0.35059798
vt 0.03770566 0.33843744
vt 0.021980584 0.3506477
vt 0.02197951 0.3384446
vt 0.03770733 0.35064054
vt 0.96473724 0.33853662
vt 0.949011 0.35072434
vt 0.94901067 0.33853054
vt 0.9647383 0.35073972
vt 0.94901067 0.33853054
vt 0.93328327 0.35071033
vt 0.9332835 0.33852416
vt 0.949011 0.35072434
vt 0.9332872 0.38277912
vt 0.9490145 0.38277674
vt 0.9332835 0.33852416
vt 0.9141314 0.35077566
vt 0.91413236 0.3385908
vt 0.93328327 0.35071033
vt 0.91413414 0.38277566
vt 0.9332872 0.38277912
vt 0.16030124 0.33834833
vt 0.14036855 0.3505147
vt 0.14036426 0.3383351
vt 0.16030613 0.35052633
vt 0.14036682 0.38253212
vt 0.16033456 0.3825215
vt 0.281769 0.33829415
vt 0.26191145 0.35048717
vt 0.26190636 0.33831263
vt 0.28177407 0.35048085
vt 0.29747316 0.3382883
vt 0.28177407 0.35048085
vt 0.281769 0.33829415
vt 0.29747805 0.35048187
vt 0.31317624 0.33827192
vt 0.29747805 0.35048187
vt 0.29747316 0.3382883
vt 0.31318107 0.35044992
vt 0.32887825 0.33826238
vt 0.31318107 0.35044992
vt 0.31317624 0.33827192
vt 0.3288826 0.35043877
vt 0.31317493 0.38241506
vt 0.3288763 0.38241076
vt 0.26190636 0.33831263
vt 0.24204686 0.35048825
vt 0.24204156 0.3383084
vt 0.26191145 0.35048717
vt 0.24204177 0.3824613
vt 0.2619062 0.38244987
vt 0.24204156 0.3383084
vt 0.22633758 0.35052657
vt 0.22633228 0.33832693
vt 0.24204686 0.35048825
vt 0.22633228 0.33832693
vt 0.21062669 0.35052526
vt 0.21062142 0.33832848
vt 0.22633758 0.35052657
vt 0.21062142 0.33832848
vt 0.19491425 0.3505025
vt 0.19490889 0.3383187
vt 0.21062669 0.35052526
vt 0.19490889 0.3383187
vt 0.17919973 0.35049617
vt 0.17919463 0.33831763
vt 0.19491425 0.3505025
vt 0.17919683 0.38250804
vt 0.1949104 0.3824941
vt 0.17919463 0.33831763
vt 0.16030613 0.35052633
vt 0.16030124 0.33834833
vt 0.17919973 0.35049617
vt 0.16033456 0.3825215
vt 0.17919683 0.38250804
vt 0.3487204 0.33820182
vt 0.3288826 0.35043877
vt 0.32887825 0.33826238
vt 0.3487241 0.35037374
vt 0.3288763 0.38241076
vt 0.34873888 0.38240314
vt 0.47016576 0.33824968
vt 0.4503138 0.35042453
vt 0.4503132 0.33825552
vt 0.4701656 0.3504306
vt 0.48586386 0.33825392
vt 0.4701656 0.3504306
vt 0.47016576 0.33824968
vt 0.48586327 0.35044354
vt 0.50156254 0.33824944
vt 0.48586327 0.35044354
vt 0.48586386 0.33825392
vt 0.50156134 0.35042745
vt 0.51726246 0.33825392
vt 0.50156134 0.35042745
vt 0.50156254 0.33824944
vt 0.51726055 0.35043037
vt 0.5015586 0.38238192
vt 0.51725835 0.38239646
vt 0.4503132 0.33825552
vt 0.4304622 0.350415
vt 0.4304609 0.33824253
vt 0.4503138 0.35042453
vt 0.43045726 0.38236737
vt 0.45030957 0.38236666
vt 0.4304609 0.33824253
vt 0.4147651 0.3504483
vt 0.41476324 0.33825552
vt 0.4304622 0.350415
vt 0.41476324 0.33825552
vt 0.3990677 0.35045546
vt 0.3990652 0.33825922
vt 0.4147651 0.3504483
vt 0.3990652 0.33825922
vt 0.38336992 0.350433
vt 0.38336712 0.33825338
vt 0.3990677 0.35045546
vt 0.38336712 0.33825338
vt 0.36767158 0.35043085
vt 0.36766836 0.33825368
vt 0.38336992 0.350433
vt 0.3676655 0.382393
vt 0.38336402 0.38238168
vt 0.36766836 0.33825368
vt 0.3487241 0.35037374
vt 0.3487204 0.33820182
vt 0.36767158 0.35043085
vt 0.34873888 0.38240314
vt 0.3676655 0.382393
vt 0.5368171 0.3382045
vt 0.51726055 0.35043037
vt 0.51726246 0.33825392
vt 0.5368148 0.35037744
vt 0.51725835 0.38239646
vt 0.5367956 0.38241267
vt 0.6586065 0.33836818
vt 0.63873315 0.3505422
vt 0.63873804 0.33836818
vt 0.6586013 0.3505565
vt 0.6743184 0.3383811
vt 0.6586013 0.3505565
vt 0.6586065 0.33836818
vt 0.6743131 0.3505752
vt 0.6900322 0.33838612
vt 0.6743131 0.3505752
vt 0.6743184 0.3383811
vt 0.69002676 0.35056728
vt 0.7057471 0.3383959
vt 0.69002676 0.35056728
vt 0.6900322 0.33838612
vt 0.70574164 0.3505739
vt 0.690031 0.38256145
vt 0.7057465 0.3825872
vt 0.63873804 0.33836818
vt 0.61886764 0.35052288
vt 0.6188723 0.33834565
vt 0.63873315 0.3505422
vt 0.61886954 0.3824793
vt 0.6387358 0.38250518
vt 0.6188723 0.33834565
vt 0.60316133 0.35054988
vt 0.60316545 0.33834833
vt 0.61886764 0.35052288
vt 0.60316545 0.33834833
vt 0.58745646 0.35054988
vt 0.5874603 0.33833987
vt 0.60316133 0.35054988
vt 0.5874603 0.33833987
vt 0.57175297 0.35049117
vt 0.5717564 0.33830917
vt 0.58745646 0.35054988
vt 0.5717564 0.33830917
vt 0.5560506 0.35046124
vt 0.5560536 0.3382846
vt 0.57175297 0.35049117
vt 0.55605006 0.38242447
vt 0.57175297 0.38243115
vt 0.5560536 0.3382846
vt 0.5368148 0.35037744
vt 0.5368171 0.3382045
vt 0.5560506 0.35046124
vt 0.5367956 0.38241267
vt 0.55605006 0.38242447
vt 0.72521794 0.33843583
vt 0.70574164 0.3505739
vt 0.7057471 0.3383959
vt 0.7252126 0.3506112
vt 0.7057465 0.3825872
vt 0.72518575 0.3826176
vt 0.84724104 0.3507384
vt 0.8273585 0.38273466
vt 0.8273524 0.35073072
vt 0.8484857 0.3844719
vt 0.86296856 0.3507532
vt 0.8484857 0.3844719
vt 0.84724104 0.3507384
vt 0.8653225 0.38448358
vt 0.8786962 0.35072702
vt 0.8653225 0.38448358
vt 0.86296856 0.3507532
vt 0.8787017 0.38275766
vt 0.8074652 0.35070747
vt 0.79267526 0.38443124
vt 0.7917409 0.3507225
vt 0.8074714 0.38271642
vt 0.7917409 0.3507225
vt 0.77697885 0.3844124
vt 0.7760178 0.35070324
vt 0.79267526 0.38443124
vt 0.7760178 0.35070324
vt 0.76030195 0.38266516
vt 0.760296 0.3506593
vt 0.77697885 0.3844124
vt 0.09320578 0.35058028
vt 0.07332149 0.38257158
vt 0.07332051 0.35059297
vt 0.094294935 0.38428235
vt 0.10892829 0.35058182
vt 0.094294935 0.38428235
vt 0.09320578 0.35058028
vt 0.11206946 0.38427496
vt 0.12464908 0.35054058
vt 0.11206946 0.38427496
vt 0.10892829 0.35058182
vt 0.12464815 0.38253665
vt 0.053433627 0.35059798
vt 0.039141357 0.3843093
vt 0.03770733 0.35064054
vt 0.053435475 0.38257897
vt 0.03770733 0.35064054
vt 0.02272755 0.38430452
vt 0.021980584 0.3506477
vt 0.039141357 0.3843093
vt 0.9647383 0.35073972
vt 0.9490145 0.38277674
vt 0.949011 0.35072434
vt 0.9654853 0.38451314
vt 0.28177407 0.35048085
vt 0.2619062 0.38244987
vt 0.26191145 0.35048717
vt 0.28202632 0.38415694
vt 0.29747805 0.35048187
vt 0.28202632 0.38415694
vt 0.28177407 0.35048085
vt 0.29936853 0.38414907
vt 0.31318107 0.35044992
vt 0.29936853 0.38414907
vt 0.29747805 0.35048187
vt 0.31317493 0.38241506
vt 0.24204686 0.35048825
vt 0.22818056 0.3841982
vt 0.22633758 0.35052657
vt 0.24204177 0.3824613
vt 0.22633758 0.35052657
vt 0.2116771 0.38420856
vt 0.21062669 0.35052526
vt 0.22818056 0.3841982
vt 0.21062669 0.35052526
vt 0.1949104 0.3824941
vt 0.19491425 0.3505025
vt 0.2116771 0.38420856
vt 0.4701656 0.3504306
vt 0.45030957 0.38236666
vt 0.4503138 0.35042453
vt 0.47021618 0.384089
vt 0.48586327 0.35044354
vt 0.47021618 0.384089
vt 0.4701656 0.3504306
vt 0.48705414 0.38409913
vt 0.50156134 0.35042745
vt 0.48705414 0.38409913
vt 0.48586327 0.35044354
vt 0.5015586 0.38238192
vt 0.4304622 0.350415
vt 0.41482934 0.38409483
vt 0.4147651 0.3504483
vt 0.43045726 0.38236737
vt 0.4147651 0.3504483
vt 0.3981231 0.384102
vt 0.3990677 0.35045546
vt 0.41482934 0.38409483
vt 0.3990677 0.35045546
vt 0.38336402 0.38238168
vt 0.38336992 0.350433
vt 0.3981231 0.384102
vt 0.6586013 0.3505565
vt 0.6387358 0.38250518
vt 0.63873315 0.3505422
vt 0.65838087 0.38424873
vt 0.6743131 0.3505752
vt 0.65838087 0.38424873
vt 0.6586013 0.3505565
vt 0.67516595 0.38427043
vt 0.69002676 0.35056728
vt 0.67516595 0.38427043
vt 0.6743131 0.3505752
vt 0.690031 0.38256145
vt 0.61886764 0.35052288
vt 0.60440326 0.38418818
vt 0.60316133 0.35054988
vt 0.61886954 0.3824793
vt 0.60316133 0.35054988
vt 0.5877819 0.3846054
vt 0.58745646 0.35054988
vt 0.60440326 0.38418818
vt 0.58745646 0.35054988
vt 0.57175297 0.38243115
vt 0.57175297 0.35049117
vt 0.5877819 0.3846054
vt 0.79267526 0.38443124
vt 0.77697885 0.3844124
vt 0.7974887 0.46038133
vt 0.8484857 0.3844719
vt 0.84152794 0.46045274
vt 0.8653225 0.38448358
vt 0.8653225 0.38448358
vt 0.094294935 0.38428235
vt 0.08747086 0.46019834
vt 0.11206946 0.38427496
vt 0.2116771 0.38420856
vt 0.22818056 0.3841982
vt 0.2116771 0.38420856
vt 0.23204157 0.46002334
vt 0.28202632 0.38415694
vt 0.28202632 0.38415694
vt 0.27603173 0.46000165
vt 0.29936853 0.38414907
vt 0.47021618 0.384089
vt 0.46444058 0.45983273
vt 0.48705414 0.38409913
vt 0.48705414 0.38409913
vt 0.65838087 0.38424873
vt 0.65289414 0.46008414
vt 0.67516595 0.38427043
vt 0.67516595 0.38427043
vt 0.60440326 0.38418818
vt 0.5877819 0.3846054
vt 0.608896 0.45997018
vt 0.7258377 0.90976983
vt 0.76251435 0.9146734
vt 0.7594478 0.92444485
vt 0.7308582 0.9008521
vt 0.796337 0.92158103
vt 0.795362 0.9317793
vt 0.8308524 0.9212733
vt 0.8320079 0.93145233
vt 0.86454815 0.91376334
vt 0.867786 0.9234786
vt 0.8959554 0.8993797
vt 0.90113235 0.9082063
vt 0.9236969 0.87875074
vt 0.93058836 0.8863031
vt 0.9465649 0.8527782
vt 0.9548675 0.85872626
vt 0.9635564 0.82259715
vt 0.97291017 0.82668084
vt 0.9739307 0.7895266
vt 0.983925 0.7915678
vt 0.977234 0.75501204
vt 0.9874316 0.7549212
vt 0.97332084 0.720562
vt 0.9832777 0.7183429
vt 0.9623649 0.6876816
vt 0.9716437 0.68343157
vt 0.944841 0.6578084
vt 0.9530393 0.65171313
vt 0.9215181 0.6322479
vt 0.92827606 0.62457365
vt 0.89341575 0.6121172
vt 0.8984362 0.6031994
vt 0.8617594 0.59829587
vt 0.86482626 0.5885244
vt 0.8279369 0.59138805
vt 0.8289118 0.58119
vt 0.7934228 0.59169596
vt 0.792266 0.58151674
vt 0.7597258 0.5992059
vt 0.7564881 0.58949065
vt 0.72831976 0.6135896
vt 0.72314155 0.6047628
vt 0.700577 0.6342185
vt 0.6936855 0.62666595
vt 0.677709 0.6601912
vt 0.6694064 0.6542428
vt 0.66071737 0.6903721
vt 0.6513637 0.6862883
vt 0.6503446 0.72344244
vt 0.6403489 0.72140145
vt 0.64704126 0.7579571
vt 0.63684225 0.75804824
vt 0.6509532 0.79240716
vt 0.6409963 0.79462624
vt 0.661909 0.82528746
vt 0.6526302 0.8295375
vt 0.6794329 0.8551606
vt 0.6712347 0.8612561
vt 0.70275563 0.88072115
vt 0.69599915 0.8883954
vt 0.7308582 0.9008521
vt 0.8121369 0.7564846
vt 0.76251435 0.9146734
vt 0.796337 0.92158103
vt 0.8308524 0.9212733
vt 0.86454815 0.91376334
vt 0.8959554 0.8993797
vt 0.9236969 0.87875074
vt 0.9465649 0.8527782
vt 0.9635564 0.82259715
vt 0.9739307 0.7895266
vt 0.977234 0.75501204
vt 0.97332084 0.720562
vt 0.9623649 0.6876816
vt 0.944841 0.6578084
vt 0.9215181 0.6322479
vt 0.89341575 0.6121172
vt 0.8617594 0.59829587
vt 0.8279369 0.59138805
vt 0.7934228 0.59169596
vt 0.7597258 0.5992059
vt 0.72831976 0.6135896
vt 0.700577 0.6342185
vt 0.677709 0.6601912
vt 0.66071737 0.6903721
vt 0.6503446 0.72344244
vt 0.64704126 0.7579571
vt 0.6509532 0.79240716
vt 0.661909 0.82528746
vt 0.6794329 0.8551606
vt 0.70275563 0.88072115
vt 0.6274514 0.64802486
vt 0.64626896 0.6313418
vt 0.63495064 0.6608613
vt 0.6274514 0.64802486
vt 0.6353321 0.6316066
vt 0.6353321 0.6316066
vt 0.6337663 0.60243666
vt 0.64626896 0.6313418
vt 0.6267946 0.61562026
vt 0.6337663 0.60243666
vt 0.6267946 0.61562026
vt 0.6041639 0.60321605
vt 0.6337663 0.60243666
vt 0.6103759 0.61605257
vt 0.6103759 0.61605257
vt 0.58995533 0.6328182
vt 0.6041639 0.60321605
vt 0.6103759 0.61605257
vt 0.6024953 0.632471
vt 0.6024953 0.632471
vt 0.6053487 0.6616407
vt 0.58995533 0.6328182
vt 0.6024953 0.632471
vt 0.6110331 0.6484571
vt 0.6053487 0.6616407
vt 0.6110331 0.6484571
vt 0.63495064 0.6608613
vt 0.6053487 0.6616407
vt 0.6274514 0.64802486
vt 0.6220068 0.63758224
vt 0.6247399 0.63188815
vt 0.6237345 0.63521737
vt 0.618974 0.63203806
vt 0.62177896 0.626344
vt 0.6236274 0.62866193
vt 0.6160848 0.62649393
vt 0.6188177 0.6257556
vt 0.6133518 0.632188
vt 0.61412764 0.62903774
vt 0.61631286 0.6377321
vt 0.61457586 0.6358923
vt 0.619179 0.6383192
vt 0.6225667 0.6386305
vt 0.6246346 0.63581854
vt 0.6255181 0.64415735
vt 0.62931955 0.6389882
vt 0.6258166 0.6318599
vt 0.6245073 0.6280236
vt 0.63149226 0.6317111
vt 0.6290854 0.62465906
vt 0.615525 0.6254456
vt 0.61321115 0.6284704
vt 0.6125736 0.61992
vt 0.60832024 0.6254804
vt 0.60659945 0.6323665
vt 0.6122751 0.6322164
vt 0.61374426 0.63662106
vt 0.60930014 0.6404634
vt 0.6130718 0.644485
vt 0.6157961 0.6388087
vt 0.61921775 0.6395069
vt 0.6193619 0.6457684
vt 0.62931955 0.6389882
vt 0.6353321 0.6316066
vt 0.6274514 0.64802486
vt 0.63149226 0.6317111
vt 0.6290854 0.62465906
vt 0.6267946 0.61562026
vt 0.62502 0.6195924
vt 0.6185721 0.6183063
vt 0.6103759 0.61605257
vt 0.6125736 0.61992
vt 0.60832024 0.6254804
vt 0.6024953 0.632471
vt 0.60659945 0.6323665
vt 0.6255181 0.64415735
vt 0.6193619 0.6457684
vt 0.6110331 0.6484571
vt 0.60930014 0.6404634
vt 0.6130718 0.644485
vt 0.62502 0.6195924
vt 0.6187881 0.62456775
vt 0.6185721 0.6183063
vt 0.62229574 0.6252674
vt 0.6274514 0.57941014
vt 0.64626896 0.5627271
vt 0.63495064 0.5922466
vt 0.6274514 0.57941014
vt 0.6353321 0.5629918
vt 0.6353321 0.5629918
vt 0.6337663 0.53382194
vt 0.64626896 0.5627271
vt 0.6267946 0.5470055
vt 0.6337663 0.53382194
vt 0.6267946 0.5470055
vt 0.6041639 0.53460133
vt 0.6337663 0.53382194
vt 0.6103759 0.5474378
vt 0.6103759 0.5474378
vt 0.58995533 0.56420344
vt 0.6041639 0.53460133
vt 0.6103759 0.5474378
vt 0.6024953 0.5638563
vt 0.6024953 0.5638563
vt 0.6053487 0.593026
vt 0.58995533 0.56420344
vt 0.6024953 0.5638563
vt 0.6110331 0.5798424
vt 0.6053487 0.593026
vt 0.6110331 0.5798424
vt 0.63495064 0.5922466
vt 0.6053487 0.593026
vt 0.6274514 0.57941014
vt 0.6220068 0.56896746
vt 0.6247399 0.56327343
vt 0.6237345 0.56660265
vt 0.618974 0.5634233
vt 0.62177896 0.55772924
vt 0.6236274 0.5600472
vt 0.6160848 0.55787915
vt 0.6188177 0.5571409
vt 0.6133518 0.5635733
vt 0.61412764 0.560423
vt 0.61631286 0.56911737
vt 0.61457586 0.56727755
vt 0.619179 0.5697045
vt 0.6225667 0.5700158
vt 0.6246346 0.5672038
vt 0.6255181 0.5755426
vt 0.62931955 0.5703735
vt 0.6258166 0.5632451
vt 0.6245073 0.55940884
vt 0.63149226 0.5630964
vt 0.6290854 0.5560443
vt 0.615525 0.5568309
vt 0.61321115 0.5598557
vt 0.6125736 0.5513053
vt 0.60832024 0.5568657
vt 0.60659945 0.56375176
vt 0.6122751 0.5636016
vt 0.61374426 0.5680063
vt 0.60930014 0.5718487
vt 0.6130718 0.5758703
vt 0.6157961 0.570194
vt 0.61921775 0.57089216
vt 0.6193619 0.5771536
vt 0.62931955 0.5703735
vt 0.6353321 0.5629918
vt 0.6274514 0.57941014
vt 0.63149226 0.5630964
vt 0.6290854 0.5560443
vt 0.6267946 0.5470055
vt 0.62502 0.55097765
vt 0.6185721 0.5496915
vt 0.6103759 0.5474378
vt 0.6125736 0.5513053
vt 0.60832024 0.5568657
vt 0.6024953 0.5638563
vt 0.60659945 0.56375176
vt 0.6255181 0.5755426
vt 0.6193619 0.5771536
vt 0.6110331 0.5798424
vt 0.60930014 0.5718487
vt 0.6130718 0.5758703
vt 0.62502 0.55097765
vt 0.6187881 0.555953
vt 0.6185721 0.5496915
vt 0.62229574 0.55665267
vt 0.5649176 0.71552193
vt 0.5837351 0.6988389
vt 0.57241684 0.7283584
vt 0.5649176 0.71552193
vt 0.5727983 0.6991036
vt 0.5727983 0.6991036
vt 0.5712325 0.66993374
vt 0.5837351 0.6988389
vt 0.5642607 0.6831173
vt 0.5712325 0.66993374
vt 0.5642607 0.6831173
vt 0.54163 0.6707131
vt 0.5712325 0.66993374
vt 0.547842 0.68354964
vt 0.547842 0.68354964
vt 0.5274215 0.70031524
vt 0.54163 0.6707131
vt 0.547842 0.68354964
vt 0.53996146 0.6999681
vt 0.53996146 0.6999681
vt 0.5428149 0.7291378
vt 0.5274215 0.70031524
vt 0.53996146 0.6999681
vt 0.5484992 0.7159542
vt 0.5428149 0.7291378
vt 0.5484992 0.7159542
vt 0.57241684 0.7283584
vt 0.5428149 0.7291378
vt 0.5649176 0.71552193
vt 0.559473 0.7050793
vt 0.5622061 0.6993852
vt 0.5612007 0.70271444
vt 0.5564402 0.69953513
vt 0.55924517 0.6938411
vt 0.5610936 0.696159
vt 0.553551 0.69399095
vt 0.55628383 0.6932527
vt 0.55081797 0.6996851
vt 0.5515938 0.6965348
vt 0.553779 0.70522916
vt 0.55204207 0.70338935
vt 0.5566452 0.70581627
vt 0.5600329 0.7061276
vt 0.5621008 0.7033156
vt 0.5629843 0.7116544
vt 0.5667857 0.7064853
vt 0.5632827 0.6993569
vt 0.5619735 0.69552064
vt 0.56895846 0.6992082
vt 0.5665516 0.6921561
vt 0.5529912 0.6929427
vt 0.55067736 0.6959675
vt 0.55003977 0.6874171
vt 0.5457864 0.6929775
vt 0.5440656 0.69986355
vt 0.5497413 0.69971347
vt 0.55121046 0.70411813
vt 0.54676634 0.7079605
vt 0.550538 0.7119821
vt 0.55326223 0.7063058
vt 0.55668396 0.70700395
vt 0.5568281 0.7132654
vt 0.5667857 0.7064853
vt 0.5727983 0.6991036
vt 0.5649176 0.71552193
vt 0.56895846 0.6992082
vt 0.5665516 0.6921561
vt 0.5642607 0.6831173
vt 0.56248623 0.68708944
vt 0.5560383 0.6858033
vt 0.547842 0.68354964
vt 0.55003977 0.6874171
vt 0.5457864 0.6929775
vt 0.53996146 0.6999681
vt 0.5440656 0.69986355
vt 0.5629843 0.7116544
vt 0.5568281 0.7132654
vt 0.5484992 0.7159542
vt 0.54676634 0.7079605
vt 0.550538 0.7119821
vt 0.56248623 0.68708944
vt 0.5562543 0.6920648
vt 0.5560383 0.6858033
vt 0.55976194 0.69276446
vt 0.5649176 0.6513821
vt 0.5837351 0.634699
vt 0.57241684 0.66421854
vt 0.5649176 0.6513821
vt 0.5727983 0.63496375
vt 0.5727983 0.63496375
vt 0.5712325 0.60579383
vt 0.5837351 0.634699
vt 0.5642607 0.6189774
vt 0.5712325 0.60579383
vt 0.5642607 0.6189774
vt 0.54163 0.6065732
vt 0.5712325 0.60579383
vt 0.547842 0.61940974
vt 0.547842 0.61940974
vt 0.5274215 0.6361754
vt 0.54163 0.6065732
vt 0.547842 0.61940974
vt 0.53996146 0.63582826
vt 0.53996146 0.63582826
vt 0.5428149 0.66499794
vt 0.5274215 0.6361754
vt 0.53996146 0.63582826
vt 0.5484992 0.65181434
vt 0.5428149 0.66499794
vt 0.5484992 0.65181434
vt 0.57241684 0.66421854
vt 0.5428149 0.66499794
vt 0.5649176 0.6513821
vt 0.559473 0.6409394
vt 0.5622061 0.6352453
vt 0.5612007 0.6385746
vt 0.5564402 0.6353952
vt 0.55924517 0.6297012
vt 0.5610936 0.63201916
vt 0.553551 0.6298511
vt 0.55628383 0.62911284
vt 0.55081797 0.63554525
vt 0.5515938 0.6323949
vt 0.553779 0.6410893
vt 0.55204207 0.63924944
vt 0.5566452 0.6416764
vt 0.5600329 0.6419877
vt 0.5621008 0.6391758
vt 0.5629843 0.6475146
vt 0.5667857 0.6423454
vt 0.5632827 0.6352171
vt 0.5619735 0.6313808
vt 0.56895846 0.6350683
vt 0.5665516 0.62801623
vt 0.5529912 0.6288028
vt 0.55067736 0.6318276
vt 0.55003977 0.6232772
vt 0.5457864 0.6288376
vt 0.5440656 0.6357237
vt 0.5497413 0.63557357
vt 0.55121046 0.63997823
vt 0.54676634 0.64382064
vt 0.550538 0.64784217
vt 0.55326223 0.6421659
vt 0.55668396 0.6428641
vt 0.5568281 0.6491256
vt 0.5667857 0.6423454
vt 0.5727983 0.63496375
vt 0.5649176 0.6513821
vt 0.56895846 0.6350683
vt 0.5665516 0.62801623
vt 0.5642607 0.6189774
vt 0.56248623 0.6229496
vt 0.5560383 0.62166345
vt 0.547842 0.61940974
vt 0.55003977 0.6232772
vt 0.5457864 0.6288376
vt 0.53996146 0.63582826
vt 0.5440656 0.6357237
vt 0.5629843 0.6475146
vt 0.5568281 0.6491256
vt 0.5484992 0.65181434
vt 0.54676634 0.64382064
vt 0.550538 0.64784217
vt 0.56248623 0.6229496
vt 0.5562543 0.6279249
vt 0.5560383 0.62166345
vt 0.55976194 0.62862456
vt 0.5649176 0.5872422
vt 0.5837351 0.57055914
vt 0.57241684 0.60007864
vt 0.5649176 0.5872422
vt 0.5727983 0.5708239
vt 0.5727983 0.5708239
vt 0.5712325 0.541654
vt 0.5837351 0.57055914
vt 0.5642607 0.5548376
vt 0.5712325 0.541654
vt 0.5642607 0.5548376
vt 0.54163 0.5424334
vt 0.5712325 0.541654
vt 0.547842 0.55526984
vt 0.547842 0.55526984
vt 0.5274215 0.57203555
vt 0.54163 0.5424334
vt 0.547842 0.55526984
vt 0.53996146 0.57168835
vt 0.53996146 0.57168835
vt 0.5428149 0.60085803
vt 0.5274215 0.57203555
vt 0.53996146 0.57168835
vt 0.5484992 0.58767444
vt 0.5428149 0.60085803
vt 0.5484992 0.58767444
vt 0.57241684 0.60007864
vt 0.5428149 0.60085803
vt 0.5649176 0.5872422
vt 0.559473 0.5767995
vt 0.5622061 0.5711055
vt 0.5612007 0.5744347
vt 0.5564402 0.5712553
vt 0.55924517 0.5655613
vt 0.5610936 0.56787926
vt 0.553551 0.56571126
vt 0.55628383 0.56497294
vt 0.55081797 0.57140535
vt 0.5515938 0.56825507
vt 0.553779 0.5769494
vt 0.55204207 0.5751096
vt 0.5566452 0.5775365
vt 0.5600329 0.57784784
vt 0.5621008 0.57503587
vt 0.5629843 0.5833747
vt 0.5667857 0.5782055
vt 0.5632827 0.5710772
vt 0.5619735 0.56724095
vt 0.56895846 0.57092845
vt 0.5665516 0.5638764
vt 0.5529912 0.56466293
vt 0.55067736 0.56768775
vt 0.55003977 0.55913734
vt 0.5457864 0.56469774
vt 0.5440656 0.5715838
vt 0.5497413 0.57143366
vt 0.55121046 0.5758383
vt 0.54676634 0.57968074
vt 0.550538 0.5837023
vt 0.55326223 0.57802606
vt 0.55668396 0.5787242
vt 0.5568281 0.58498573
vt 0.5667857 0.5782055
vt 0.5727983 0.5708239
vt 0.5649176 0.5872422
vt 0.56895846 0.57092845
vt 0.5665516 0.5638764
vt 0.5642607 0.5548376
vt 0.56248623 0.55880976
vt 0.5560383 0.5575236
vt 0.547842 0.55526984
vt 0.55003977 0.55913734
vt 0.5457864 0.56469774
vt 0.53996146 0.57168835
vt 0.5440656 0.5715838
vt 0.5629843 0.5833747
vt 0.5568281 0.58498573
vt 0.5484992 0.58767444
vt 0.54676634 0.57968074
vt 0.550538 0.5837023
vt 0.56248623 0.55880976
vt 0.5562543 0.5637851
vt 0.5560383 0.5575236
vt 0.55976194 0.5644847
vt 0.1394422 0.013567507
vt 0.15931773 0.037478745
vt 0.15932739 0.013567507
vt 0.1394341 0.037478745
vt 0.12371826 0.013567507
vt 0.12371111 0.037478745
vt 0.10799372 0.013567507
vt 0.10798812 0.037478745
vt 0.09226918 0.013567507
vt 0.09226525 0.037478745
vt 0.17920065 0.037478745
vt 0.1792115 0.013567507
vt 0.19492185 0.037478745
vt 0.19493353 0.013567507
vt 0.21064222 0.037478745
vt 0.21065474 0.013567507
vt 0.22636175 0.037478745
vt 0.2263751 0.013567507
vt 0.24208045 0.037478745
vt 0.2420944 0.013567507
vt 0.26144218 0.037478745
vt 0.26145637 0.013567507
vt 0.07256627 0.013567507
vt 0.07256389 0.037478745
vt 0.053419173 0.013567507
vt 0.053418815 0.037478745
vt 0.03769523 0.013567507
vt 0.037696183 0.037478745
vt 0.021971285 0.013567507
vt 0.021973789 0.037478745
vt 0.2809124 0.037478745
vt 0.28092664 0.013567507
vt 0.2966277 0.037478745
vt 0.29664195 0.013567507
vt 0.31234217 0.037478745
vt 0.31235594 0.013567507
vt 0.32805514 0.037478745
vt 0.32806885 0.013567507
vt 0.34792542 0.037478745
vt 0.34793866 0.013567507
vt 0.36779404 0.037478745
vt 0.36780608 0.013567507
vt 0.3835032 0.037478745
vt 0.38351464 0.013567507
vt 0.39921165 0.037478745
vt 0.39922196 0.013567507
vt 0.41491908 0.037478745
vt 0.41492826 0.013567507
vt 0.43062532 0.037478745
vt 0.4306333 0.013567507
vt 0.4498669 0.037478745
vt 0.44987333 0.013567507
vt 0.4694271 0.037478745
vt 0.46943176 0.013567507
vt 0.48513085 0.037478745
vt 0.48513418 0.013567507
vt 0.5008343 0.037478745
vt 0.5008359 0.013567507
vt 0.51653695 0.037478745
vt 0.51653737 0.013567507
vt 0.5363955 0.037478745
vt 0.5363938 0.013567507
vt 0.5562533 0.037478745
vt 0.55624974 0.013567507
vt 0.57195556 0.037478745
vt 0.5719507 0.013567507
vt 0.58765763 0.037478745
vt 0.58765125 0.013567507
vt 0.60336006 0.037478745
vt 0.6033525 0.013567507
vt 0.6190624 0.037478745
vt 0.6190536 0.013567507
vt 0.63801444 0.037478745
vt 0.6380043 0.013567507
vt 0.65786064 0.037478745
vt 0.6578492 0.013567507
vt 0.6735649 0.037478745
vt 0.67355263 0.013567507
vt 0.68927014 0.037478745
vt 0.68925714 0.013567507
vt 0.7049761 0.037478745
vt 0.7049626 0.013567507
vt 0.7248403 0.037478745
vt 0.7248263 0.013567507
vt 0.7447059 0.037478745
vt 0.7446917 0.013567507
vt 0.76041543 0.037478745
vt 0.7604011 0.013567507
vt 0.776126 0.037478745
vt 0.77611184 0.013567507
vt 0.79183745 0.037478745
vt 0.7918236 0.013567507
vt 0.8075501 0.037478745
vt 0.8075366 0.013567507
vt 0.82644165 0.037478745
vt 0.8264291 0.013567507
vt 0.8463754 0.037478745
vt 0.8463639 0.013567507
vt 0.86209196 0.037478745
vt 0.8620811 0.013567507
vt 0.8778094 0.037478745
vt 0.8777995 0.013567507
vt 0.89352787 0.037478745
vt 0.89351916 0.013567507
vt 0.9134074 0.037478745
vt 0.9134004 0.013567507
vt 0.9332887 0.037478745
vt 0.9332831 0.013567507
vt 0.9490098 0.037478745
vt 0.94900566 0.013567507
vt 0.9647316 0.037478745
vt 0.9647291 0.013567507
vt 0.9134181 0.06295484
vt 0.8935405 0.06295484
vt 0.8778237 0.06295484
vt 0.8621078 0.06295484
vt 0.84639287 0.06295484
vt 0.9332964 0.06295484
vt 0.9490158 0.06295484
vt 0.96473527 0.06295484
vt 0.8264603 0.06295484
vt 0.80757 0.06295484
vt 0.79185784 0.06295484
vt 0.77614677 0.06295484
vt 0.7604364 0.06295484
vt 0.74472684 0.06295484
vt 0.724861 0.06295484
vt 0.7049961 0.06295484
vt 0.6892892 0.06295484
vt 0.6735829 0.06295484
vt 0.6578773 0.06295484
vt 0.63802934 0.06295484
vt 0.61907554 0.06295484
vt 0.60337114 0.06295484
vt 0.58766687 0.06295484
vt 0.5719625 0.06295484
vt 0.55625844 0.06295484
vt 0.5363977 0.06295484
vt 0.5165365 0.06295484
vt 0.5008315 0.06295484
vt 0.48512596 0.06295484
vt 0.46942008 0.06295484
vt 0.44985735 0.06295484
vt 0.43061358 0.06295484
vt 0.4149056 0.06295484
vt 0.39919657 0.06295484
vt 0.38348675 0.06295484
vt 0.36777616 0.06295484
vt 0.34790647 0.06295484
vt 0.32803512 0.06295484
vt 0.31232148 0.06295484
vt 0.29660672 0.06295484
vt 0.28089136 0.06295484
vt 0.26142132 0.06295484
vt 0.24206042 0.06295484
vt 0.22634244 0.06295484
vt 0.2106235 0.06295484
vt 0.19490409 0.06295484
vt 0.17918432 0.06295484
vt 0.15930355 0.06295484
vt 0.13942206 0.06295484
vt 0.12370121 0.06295484
vt 0.10798037 0.06295484
vt 0.09225905 0.06295484
vt 0.07256055 0.06295484
vt 0.05341798 0.06295484
vt 0.037697732 0.06295484
vt 0.021977484 0.06295484
vt 0.13942206 0.06295484
vt 0.15929902 0.0808503
vt 0.15930355 0.06295484
vt 0.13941824 0.0808503
vt 0.12370121 0.06295484
vt 0.12369812 0.0808503
vt 0.10798037 0.06295484
vt 0.10797739 0.0808503
vt 0.09225905 0.06295484
vt 0.09225714 0.08085054
vt 0.17917931 0.0808503
vt 0.17918432 0.06295484
vt 0.1948986 0.0808503
vt 0.19490409 0.06295484
vt 0.21061754 0.0808503
vt 0.2106235 0.06295484
vt 0.22633636 0.0808503
vt 0.22634244 0.06295484
vt 0.24205387 0.0808503
vt 0.24206042 0.06295484
vt 0.2614149 0.0808503
vt 0.26142132 0.06295484
vt 0.07256055 0.06295484
vt 0.07255936 0.08085054
vt 0.05341798 0.06295484
vt 0.053417742 0.08085054
vt 0.037697732 0.06295484
vt 0.03769815 0.08085054
vt 0.021977484 0.06295484
vt 0.021978796 0.08085054
vt 0.28088456 0.0808503
vt 0.28089136 0.06295484
vt 0.29659992 0.0808503
vt 0.29660672 0.06295484
vt 0.3123148 0.0808503
vt 0.31232148 0.06295484
vt 0.32802856 0.0808503
vt 0.32803512 0.06295484
vt 0.34790027 0.0808503
vt 0.34790647 0.06295484
vt 0.3677702 0.0808503
vt 0.36777616 0.06295484
vt 0.38348132 0.0808503
vt 0.38348675 0.06295484
vt 0.39919168 0.0808503
vt 0.39919657 0.06295484
vt 0.41490096 0.08085054
vt 0.4149056 0.06295484
vt 0.43060988 0.08085054
vt 0.43061358 0.06295484
vt 0.44985437 0.08085054
vt 0.44985735 0.06295484
vt 0.46941805 0.08085054
vt 0.46942008 0.06295484
vt 0.48512465 0.08085054
vt 0.48512596 0.06295484
vt 0.5008307 0.08085054
vt 0.5008315 0.06295484
vt 0.5165365 0.08085054
vt 0.5165365 0.06295484
vt 0.53639835 0.08085054
vt 0.5363977 0.06295484
vt 0.55626 0.08085054
vt 0.55625844 0.06295484
vt 0.57196474 0.08085054
vt 0.5719625 0.06295484
vt 0.5876698 0.08085054
vt 0.58766687 0.06295484
vt 0.60337484 0.08085054
vt 0.60337114 0.06295484
vt 0.6190796 0.08085054
vt 0.61907554 0.06295484
vt 0.63803434 0.08085054
vt 0.63802934 0.06295484
vt 0.6578828 0.08085054
vt 0.6578773 0.06295484
vt 0.67358875 0.08085054
vt 0.6735829 0.06295484
vt 0.6892954 0.08085054
vt 0.6892892 0.06295484
vt 0.7050023 0.08085054
vt 0.7049961 0.06295484
vt 0.7248677 0.08085054
vt 0.724861 0.06295484
vt 0.7447337 0.08085054
vt 0.74472684 0.06295484
vt 0.76044315 0.08085054
vt 0.7604364 0.06295484
vt 0.77615345 0.08085054
vt 0.77614677 0.06295484
vt 0.7918645 0.08085054
vt 0.79185784 0.06295484
vt 0.8075763 0.08085054
vt 0.80757 0.06295484
vt 0.8264662 0.08085054
vt 0.8264603 0.06295484
vt 0.84639823 0.08085054
vt 0.84639287 0.06295484
vt 0.862113 0.08085054
vt 0.8621078 0.06295484
vt 0.8778284 0.08085054
vt 0.8778237 0.06295484
vt 0.89354455 0.08085054
vt 0.8935405 0.06295484
vt 0.91342115 0.08085054
vt 0.9134181 0.06295484
vt 0.9332988 0.08085054
vt 0.9332964 0.06295484
vt 0.9490174 0.08085054
vt 0.9490158 0.06295484
vt 0.9647366 0.08085054
vt 0.96473527 0.06295484
vt 0.13941824 0.0808503
vt 0.15929592 0.1500631
vt 0.15929902 0.0808503
vt 0.13941562 0.1500631
vt 0.12369812 0.0808503
vt 0.12369573 0.1500631
vt 0.10797739 0.0808503
vt 0.10797572 0.1500631
vt 0.09225714 0.08085054
vt 0.09225583 0.1500631
vt 0.17917562 0.1500631
vt 0.17917931 0.0808503
vt 0.19489479 0.1500631
vt 0.1948986 0.0808503
vt 0.21061349 0.1500631
vt 0.21061754 0.0808503
vt 0.22633171 0.1500631
vt 0.22633636 0.0808503
vt 0.24204934 0.1500631
vt 0.24205387 0.0808503
vt 0.26141 0.1500631
vt 0.2614149 0.0808503
vt 0.07255936 0.08085054
vt 0.07255876 0.1500631
vt 0.053417742 0.08085054
vt 0.053417742 0.1500631
vt 0.03769815 0.08085054
vt 0.037698686 0.1500631
vt 0.021978796 0.08085054
vt 0.02197951 0.1500631
vt 0.28087997 0.1500631
vt 0.28088456 0.0808503
vt 0.29659534 0.1500631
vt 0.29659992 0.0808503
vt 0.31231004 0.1500631
vt 0.3123148 0.0808503
vt 0.32802415 0.1500631
vt 0.32802856 0.0808503
vt 0.34789586 0.1500631
vt 0.34790027 0.0808503
vt 0.36776662 0.1500631
vt 0.3677702 0.0808503
vt 0.38347787 0.1500631
vt 0.38348132 0.0808503
vt 0.39918834 0.1500631
vt 0.39919168 0.0808503
vt 0.41489822 0.1500631
vt 0.41490096 0.08085054
vt 0.43060708 0.1500631
vt 0.43060988 0.08085054
vt 0.44985223 0.1500631
vt 0.44985437 0.08085054
vt 0.46941644 0.1500631
vt 0.46941805 0.08085054
vt 0.48512357 0.1500631
vt 0.48512465 0.08085054
vt 0.50083005 0.1500631
vt 0.5008307 0.08085054
vt 0.5165363 0.1500631
vt 0.5165365 0.08085054
vt 0.53639895 0.1500631
vt 0.53639835 0.08085054
vt 0.5562612 0.1500631
vt 0.55626 0.08085054
vt 0.5719667 0.1500631
vt 0.57196474 0.08085054
vt 0.5876717 0.1500631
vt 0.5876698 0.08085054
vt 0.60337716 0.1500631
vt 0.60337484 0.08085054
vt 0.61908245 0.1500631
vt 0.6190796 0.08085054
vt 0.63803744 0.1500631
vt 0.63803434 0.08085054
vt 0.6578864 0.1500631
vt 0.6578828 0.08085054
vt 0.6735928 0.1500631
vt 0.67358875 0.08085054
vt 0.6892996 0.1500631
vt 0.6892954 0.08085054
vt 0.70500696 0.1500631
vt 0.7050023 0.08085054
vt 0.7248722 0.1500631
vt 0.7248677 0.08085054
vt 0.7447383 0.1500631
vt 0.7447337 0.08085054
vt 0.7604476 0.1500631
vt 0.76044315 0.08085054
vt 0.7761581 0.1500631
vt 0.77615345 0.08085054
vt 0.791869 0.1500631
vt 0.7918645 0.08085054
vt 0.80758077 0.1500631
vt 0.8075763 0.08085054
vt 0.8264704 0.1500631
vt 0.8264662 0.08085054
vt 0.84640217 0.1500631
vt 0.84639823 0.08085054
vt 0.86211646 0.1500631
vt 0.862113 0.08085054
vt 0.8778316 0.1500631
vt 0.8778284 0.08085054
vt 0.8935474 0.1500631
vt 0.89354455 0.08085054
vt 0.91342354 0.1500631
vt 0.91342115 0.08085054
vt 0.93330085 0.1500631
vt 0.9332988 0.08085054
vt 0.9490188 0.1500631
vt 0.9490174 0.08085054
vt 0.96473724 0.1500631
vt 0.9647366 0.08085054
vt 0.9647366 0.2360211
vt 0.9490174 0.2360211
vt 0.9332988 0.2360211
vt 0.91342115 0.2360211
vt 0.89354455 0.2360211
vt 0.8778284 0.2360211
vt 0.862113 0.2360211
vt 0.84639823 0.2360211
vt 0.8264662 0.2360211
vt 0.8075763 0.2360211
vt 0.7918645 0.2360211
vt 0.77615345 0.2360211
vt 0.76044315 0.2360211
vt 0.7447337 0.2360211
vt 0.7248677 0.2360211
vt 0.7050023 0.2360211
vt 0.6892954 0.2360211
vt 0.67358875 0.2360211
vt 0.6578828 0.2360211
vt 0.63803434 0.2360211
vt 0.6190796 0.2360211
vt 0.6033748 0.2360211
vt 0.5876698 0.2360211
vt 0.5719648 0.2360211
vt 0.55626 0.2360211
vt 0.53639835 0.2360211
vt 0.5165365 0.2360211
vt 0.50083065 0.2360211
vt 0.48512465 0.2360211
vt 0.469418 0.2360211
vt 0.44985437 0.2360211
vt 0.43060988 0.2360211
vt 0.41490096 0.2360211
vt 0.39919168 0.2360211
vt 0.38348132 0.2360211
vt 0.3677702 0.2360211
vt 0.34790003 0.2360211
vt 0.32802856 0.2360211
vt 0.3123148 0.2360211
vt 0.29659992 0.2360211
vt 0.28088456 0.2360211
vt 0.2614149 0.2360211
vt 0.24205387 0.2360211
vt 0.22633636 0.2360211
vt 0.21061754 0.2360211
vt 0.1948986 0.2360211
vt 0.17917931 0.2360211
vt 0.15929902 0.2360211
vt 0.13941824 0.2360211
vt 0.12369812 0.2360211
vt 0.10797751 0.2360211
vt 0.09225714 0.2360211
vt 0.07255936 0.2360211
vt 0.053417742 0.2360211
vt 0.03769815 0.2360211
vt 0.021978796 0.2360211
vt 0.13941824 0.2360211
vt 0.15930784 0.2580161
vt 0.15929902 0.2360211
vt 0.13942575 0.2580161
vt 0.12369812 0.2360211
vt 0.12370431 0.2580161
vt 0.10797751 0.2360211
vt 0.10798252 0.2580161
vt 0.09225714 0.2360211
vt 0.092261076 0.2580161
vt 0.17918932 0.2580161
vt 0.17917931 0.2360211
vt 0.19490957 0.2580161
vt 0.1948986 0.2360211
vt 0.21062934 0.2580161
vt 0.21061754 0.2360211
vt 0.2263484 0.2580161
vt 0.22633636 0.2360211
vt 0.24206662 0.2580161
vt 0.24205387 0.2360211
vt 0.26142788 0.2580161
vt 0.2614149 0.2360211
vt 0.07255936 0.2360211
vt 0.0725615 0.2580161
vt 0.053417742 0.2360211
vt 0.05341828 0.2580161
vt 0.03769815 0.2360211
vt 0.037697136 0.2580161
vt 0.021978796 0.2360211
vt 0.02197653 0.2580161
vt 0.2808978 0.2580161
vt 0.28088456 0.2360211
vt 0.29661304 0.2580161
vt 0.29659992 0.2360211
vt 0.31232768 0.2580161
vt 0.3123148 0.2360211
vt 0.3280412 0.2580161
vt 0.32802856 0.2360211
vt 0.3479123 0.2580161
vt 0.34790003 0.2360211
vt 0.36778164 0.2580161
vt 0.3677702 0.2360211
vt 0.3834918 0.2580161
vt 0.38348132 0.2360211
vt 0.39920127 0.2580161
vt 0.39919168 0.2360211
vt 0.41490942 0.2580161
vt 0.41490096 0.2360211
vt 0.43061703 0.2580161
vt 0.43060988 0.2360211
vt 0.44986033 0.2580161
vt 0.44985437 0.2360211
vt 0.4694224 0.2580161
vt 0.469418 0.2360211
vt 0.48512763 0.2580161
vt 0.48512465 0.2360211
vt 0.5008322 0.2580161
vt 0.50083065 0.2360211
vt 0.5165366 0.2580161
vt 0.5165365 0.2360211
vt 0.5363969 0.2580161
vt 0.53639835 0.2360211
vt 0.5562569 0.2580161
vt 0.55626 0.2360211
vt 0.57196033 0.2580161
vt 0.5719648 0.2360211
vt 0.58766395 0.2580161
vt 0.5876698 0.2360211
vt 0.6033678 0.2580161
vt 0.6033748 0.2360211
vt 0.6190716 0.2580161
vt 0.6190796 0.2360211
vt 0.6380248 0.2580161
vt 0.63803434 0.2360211
vt 0.6578722 0.2580161
vt 0.6578828 0.2360211
vt 0.6735774 0.2580161
vt 0.67358875 0.2360211
vt 0.6892834 0.2580161
vt 0.6892954 0.2360211
vt 0.7049899 0.2580161
vt 0.7050023 0.2360211
vt 0.7248547 0.2580161
vt 0.7248677 0.2360211
vt 0.74472064 0.2580161
vt 0.7447337 0.2360211
vt 0.76043 0.2580161
vt 0.76044315 0.2360211
vt 0.77614045 0.2580161
vt 0.77615345 0.2360211
vt 0.79185164 0.2580161
vt 0.7918645 0.2360211
vt 0.807564 0.2580161
vt 0.8075763 0.2360211
vt 0.82645476 0.2580161
vt 0.8264662 0.2360211
vt 0.84638757 0.2580161
vt 0.84639823 0.2360211
vt 0.8621031 0.2580161
vt 0.862113 0.2360211
vt 0.8778194 0.2580161
vt 0.8778284 0.2360211
vt 0.89353657 0.2580161
vt 0.89354455 0.2360211
vt 0.9134147 0.2580161
vt 0.91342115 0.2360211
vt 0.93329406 0.2580161
vt 0.9332988 0.2360211
vt 0.9490138 0.2580161
vt 0.9490174 0.2360211
vt 0.9647342 0.2580161
vt 0.9647366 0.2360211
vt 0.96472985 0.28476036
vt 0.9490068 0.28476036
vt 0.9332845 0.28476036
vt 0.9134021 0.28476036
vt 0.89352095 0.28476036
vt 0.877802 0.28476036
vt 0.86208355 0.28476036
vt 0.8463664 0.28476036
vt 0.826432 0.28476036
vt 0.8075398 0.28476036
vt 0.7918267 0.28476036
vt 0.77611506 0.28476036
vt 0.7604044 0.28476036
vt 0.74469495 0.28476036
vt 0.7248296 0.28476036
vt 0.7049657 0.28476036
vt 0.68926024 0.28476036
vt 0.67355525 0.28476036
vt 0.6578518 0.28476036
vt 0.63800645 0.28476036
vt 0.61905587 0.28476036
vt 0.6033542 0.28476036
vt 0.58765286 0.28476036
vt 0.5719517 0.28476036
vt 0.5562507 0.28476036
vt 0.536394 0.28476036
vt 0.5165372 0.28476036
vt 0.50083566 0.28476036
vt 0.4851334 0.28476036
vt 0.4694308 0.28476036
vt 0.4498719 0.28476036
vt 0.43063134 0.28476036
vt 0.414926 0.28476036
vt 0.39921963 0.28476036
vt 0.3835122 0.28476036
vt 0.36780357 0.28476036
vt 0.34793556 0.28476036
vt 0.32806575 0.28476036
vt 0.31235284 0.28476036
vt 0.29663855 0.28476036
vt 0.2809233 0.28476036
vt 0.26145327 0.28476036
vt 0.24209106 0.28476036
vt 0.22637188 0.28476036
vt 0.21065187 0.28476036
vt 0.19493091 0.28476036
vt 0.17920911 0.28476036
vt 0.15932512 0.28476036
vt 0.1394403 0.28476036
vt 0.12371647 0.28476036
vt 0.10799229 0.28476036
vt 0.09226847 0.28476036
vt 0.072565794 0.28476036
vt 0.053419173 0.28476036
vt 0.03769523 0.28476036
vt 0.02197212 0.28476036
vt 0.1394403 0.28476036
vt 0.15934765 0.30069017
vt 0.15932512 0.28476036
vt 0.13945949 0.3006904
vt 0.12371647 0.28476036
vt 0.12373245 0.3006904
vt 0.10799229 0.28476036
vt 0.10800529 0.3006904
vt 0.09226847 0.28476036
vt 0.092277884 0.3006904
vt 0.17923427 0.30069017
vt 0.17920911 0.28476036
vt 0.19495821 0.30069017
vt 0.19493091 0.28476036
vt 0.21068096 0.30069017
vt 0.21065187 0.28476036
vt 0.22640276 0.30069017
vt 0.22637188 0.28476036
vt 0.24212301 0.30069017
vt 0.24209106 0.28476036
vt 0.2614857 0.30069017
vt 0.26145327 0.28476036
vt 0.072565794 0.28476036
vt 0.07257128 0.3006904
vt 0.053419173 0.28476036
vt 0.053420126 0.3006904
vt 0.03769523 0.28476036
vt 0.037692964 0.3006904
vt 0.02197212 0.28476036
vt 0.021966398 0.3006904
vt 0.2809565 0.30069017
vt 0.2809233 0.28476036
vt 0.29667145 0.30069017
vt 0.29663855 0.28476036
vt 0.31238526 0.30069017
vt 0.31235284 0.28476036
vt 0.3280971 0.30069017
vt 0.32806575 0.28476036
vt 0.3479656 0.30069017
vt 0.34793556 0.28476036
vt 0.36783135 0.3006904
vt 0.36780357 0.28476036
vt 0.3835382 0.3006904
vt 0.3835122 0.28476036
vt 0.39924335 0.3006904
vt 0.39921963 0.28476036
vt 0.4149472 0.3006904
vt 0.414926 0.28476036
vt 0.43065006 0.3006904
vt 0.43063134 0.28476036
vt 0.44988656 0.3006904
vt 0.4498719 0.28476036
vt 0.46944118 0.3006904
vt 0.4694308 0.28476036
vt 0.4851411 0.3006904
vt 0.4851334 0.28476036
vt 0.50083977 0.3006904
vt 0.50083566 0.28476036
vt 0.5165379 0.3006904
vt 0.5165372 0.28476036
vt 0.5363904 0.3006904
vt 0.536394 0.28476036
vt 0.5562427 0.3006904
vt 0.5562507 0.28476036
vt 0.5719404 0.3006904
vt 0.5719517 0.28476036
vt 0.58763844 0.3006904
vt 0.58765286 0.28476036
vt 0.6033365 0.3006904
vt 0.6033542 0.28476036
vt 0.61903524 0.3006904
vt 0.61905587 0.28476036
vt 0.6379832 0.3006904
vt 0.63800645 0.28476036
vt 0.65782535 0.3006904
vt 0.6578518 0.28476036
vt 0.67352736 0.3006904
vt 0.67355525 0.28476036
vt 0.68923044 0.3006904
vt 0.68926024 0.28476036
vt 0.7049346 0.3006904
vt 0.7049657 0.28476036
vt 0.72479725 0.3006904
vt 0.7248296 0.28476036
vt 0.74466205 0.3006904
vt 0.74469495 0.28476036
vt 0.7603713 0.3006904
vt 0.7604044 0.28476036
vt 0.7760822 0.3006904
vt 0.77611506 0.28476036
vt 0.7917948 0.3006904
vt 0.7918267 0.28476036
vt 0.807509 0.3006904
vt 0.8075398 0.28476036
vt 0.8264024 0.3006904
vt 0.826432 0.28476036
vt 0.84633934 0.3006904
vt 0.8463664 0.28476036
vt 0.86205864 0.3006904
vt 0.86208355 0.28476036
vt 0.8777791 0.3006904
vt 0.877802 0.28476036
vt 0.89350104 0.3006904
vt 0.89352095 0.28476036
vt 0.91338587 0.3006904
vt 0.9134021 0.28476036
vt 0.93327194 0.3006904
vt 0.9332845 0.28476036
vt 0.948998 0.3006904
vt 0.9490068 0.28476036
vt 0.9647241 0.3006904
vt 0.96472985 0.28476036

g Slingshot_WheelLF
s 1
usemtl Slingshot_WheelLF_0
f 3/3/3 2/2/2 1/1/1 
f 2/2/2 4/4/4 1/1/1 
f 7/7/7 6/6/6 5/5/5 
f 6/6/6 8/8/8 5/5/5 
f 11/11/11 10/10/10 9/9/9 
f 10/10/10 12/12/12 9/9/9 
f 15/15/15 14/14/14 13/13/13 
f 14/14/14 16/16/16 13/13/13 
f 16/16/16 17/17/17 13/13/13 
f 20/20/20 19/19/19 18/18/18 
f 19/19/19 21/21/21 18/18/18 
f 24/24/24 23/23/23 22/22/22 
f 23/23/23 25/25/25 22/22/22 
f 23/23/23 26/26/26 25/25/25 
f 29/29/29 28/28/28 27/27/27 
f 32/32/32 31/31/31 30/30/30 
f 35/35/35 34/34/34 33/33/33 
f 38/38/38 37/37/37 36/36/36 
f 37/37/37 39/39/39 36/36/36 
f 42/42/42 41/41/41 40/40/40 
f 45/45/45 44/44/44 43/43/43 
f 48/48/48 47/47/47 46/46/46 
f 51/51/51 50/50/50 49/49/49 
f 50/50/50 52/52/52 49/49/49 
f 55/55/55 54/54/54 53/53/53 
f 58/58/58 57/57/57 56/56/56 
f 57/57/57 59/59/59 56/56/56 
f 62/62/62 61/61/61 60/60/60 
f 61/61/61 63/63/63 60/60/60 
f 66/66/66 65/65/65 64/64/64 
f 65/65/65 67/67/67 64/64/64 
f 70/70/70 69/69/69 68/68/68 
f 69/69/69 71/71/71 68/68/68 
f 74/74/74 73/73/73 72/72/72 
f 77/77/77 76/76/76 75/75/75 
f 76/76/76 78/78/78 75/75/75 
f 81/81/81 80/80/80 79/79/79 
f 80/80/80 82/82/82 79/79/79 
f 85/85/85 84/84/84 83/83/83 
f 88/88/88 87/87/87 86/86/86 
f 87/87/87 89/89/89 86/86/86 
f 92/92/92 91/91/91 90/90/90 
f 91/91/91 93/93/93 90/90/90 
f 96/96/96 95/95/95 94/94/94 
f 95/95/95 97/97/97 94/94/94 
f 100/100/100 99/99/99 98/98/98 
f 99/99/99 101/101/101 98/98/98 
f 101/101/101 102/102/102 98/98/98 
f 105/105/105 104/104/104 103/103/103 
f 104/104/104 106/106/106 103/103/103 
f 109/109/109 108/108/108 107/107/107 
f 108/108/108 110/110/110 107/107/107 
f 108/108/108 111/111/111 110/110/110 
f 114/114/114 113/113/113 112/112/112 
f 117/117/117 116/116/116 115/115/115 
f 120/120/120 119/119/119 118/118/118 
f 123/123/123 122/122/122 121/121/121 
f 122/122/122 124/124/124 121/121/121 
f 127/127/127 126/126/126 125/125/125 
f 130/130/130 129/129/129 128/128/128 
f 133/133/133 132/132/132 131/131/131 
f 136/136/136 135/135/135 134/134/134 
f 135/135/135 137/137/137 134/134/134 
f 140/140/140 139/139/139 138/138/138 
f 143/143/143 142/142/142 141/141/141 
f 142/142/142 144/144/144 141/141/141 
f 147/147/147 146/146/146 145/145/145 
f 146/146/146 148/148/148 145/145/145 
f 151/151/151 150/150/150 149/149/149 
f 150/150/150 152/152/152 149/149/149 
f 155/155/155 154/154/154 153/153/153 
f 154/154/154 156/156/156 153/153/153 
f 159/159/159 158/158/158 157/157/157 
f 162/162/162 161/161/161 160/160/160 
f 161/161/161 163/163/163 160/160/160 
f 166/166/166 165/165/165 164/164/164 
f 165/165/165 167/167/167 164/164/164 
f 170/170/170 169/169/169 168/168/168 
f 173/173/173 172/172/172 171/171/171 
f 172/172/172 174/174/174 171/171/171 
f 177/177/177 176/176/176 175/175/175 
f 176/176/176 178/178/178 175/175/175 
f 181/181/181 180/180/180 179/179/179 
f 180/180/180 182/182/182 179/179/179 
f 185/185/185 184/184/184 183/183/183 
f 184/184/184 186/186/186 183/183/183 
f 186/186/186 187/187/187 183/183/183 
f 190/190/190 189/189/189 188/188/188 
f 189/189/189 191/191/191 188/188/188 
f 194/194/194 193/193/193 192/192/192 
f 193/193/193 195/195/195 192/192/192 
f 193/193/193 196/196/196 195/195/195 
f 199/199/199 198/198/198 197/197/197 
f 202/202/202 201/201/201 200/200/200 
f 205/205/205 204/204/204 203/203/203 
f 208/208/208 207/207/207 206/206/206 
f 207/207/207 209/209/209 206/206/206 
f 212/212/212 211/211/211 210/210/210 
f 215/215/215 214/214/214 213/213/213 
f 218/218/218 217/217/217 216/216/216 
f 221/221/221 220/220/220 219/219/219 
f 220/220/220 222/222/222 219/219/219 
f 225/225/225 224/224/224 223/223/223 
f 228/228/228 227/227/227 226/226/226 
f 227/227/227 229/229/229 226/226/226 
f 232/232/232 231/231/231 230/230/230 
f 231/231/231 233/233/233 230/230/230 
f 236/236/236 235/235/235 234/234/234 
f 235/235/235 237/237/237 234/234/234 
f 240/240/240 239/239/239 238/238/238 
f 239/239/239 241/241/241 238/238/238 
f 244/244/244 243/243/243 242/242/242 
f 247/247/247 246/246/246 245/245/245 
f 246/246/246 248/248/248 245/245/245 
f 251/251/251 250/250/250 249/249/249 
f 250/250/250 252/252/252 249/249/249 
f 255/255/255 254/254/254 253/253/253 
f 258/258/258 257/257/257 256/256/256 
f 257/257/257 259/259/259 256/256/256 
f 262/262/262 261/261/261 260/260/260 
f 261/261/261 263/263/263 260/260/260 
f 266/266/266 265/265/265 264/264/264 
f 265/265/265 267/267/267 264/264/264 
f 270/270/270 269/269/269 268/268/268 
f 269/269/269 271/271/271 268/268/268 
f 271/271/271 272/272/272 268/268/268 
f 275/275/275 274/274/274 273/273/273 
f 274/274/274 276/276/276 273/273/273 
f 279/279/279 278/278/278 277/277/277 
f 278/278/278 280/280/280 277/277/277 
f 278/278/278 281/281/281 280/280/280 
f 284/284/284 283/283/283 282/282/282 
f 287/287/287 286/286/286 285/285/285 
f 290/290/290 289/289/289 288/288/288 
f 293/293/293 292/292/292 291/291/291 
f 292/292/292 294/294/294 291/291/291 
f 297/297/297 296/296/296 295/295/295 
f 300/300/300 299/299/299 298/298/298 
f 303/303/303 302/302/302 301/301/301 
f 306/306/306 305/305/305 304/304/304 
f 305/305/305 307/307/307 304/304/304 
f 310/310/310 309/309/309 308/308/308 
f 313/313/313 312/312/312 311/311/311 
f 312/312/312 314/314/314 311/311/311 
f 317/317/317 316/316/316 315/315/315 
f 316/316/316 318/318/318 315/315/315 
f 321/321/321 320/320/320 319/319/319 
f 320/320/320 322/322/322 319/319/319 
f 325/325/325 324/324/324 323/323/323 
f 324/324/324 326/326/326 323/323/323 
f 329/329/329 328/328/328 327/327/327 
f 332/332/332 331/331/331 330/330/330 
f 331/331/331 333/333/333 330/330/330 
f 336/336/336 335/335/335 334/334/334 
f 335/335/335 337/337/337 334/334/334 
f 340/340/340 339/339/339 338/338/338 
f 343/343/343 342/342/342 341/341/341 
f 342/342/342 344/344/344 341/341/341 
f 347/347/347 346/346/346 345/345/345 
f 346/346/346 348/348/348 345/345/345 
f 351/351/351 350/350/350 349/349/349 
f 350/350/350 352/352/352 349/349/349 
f 355/355/355 354/354/354 353/353/353 
f 354/354/354 356/356/356 353/353/353 
f 356/356/356 357/357/357 353/353/353 
f 360/360/360 359/359/359 358/358/358 
f 359/359/359 361/361/361 358/358/358 
f 364/364/364 363/363/363 362/362/362 
f 363/363/363 365/365/365 362/362/362 
f 363/363/363 366/366/366 365/365/365 
f 369/369/369 368/368/368 367/367/367 
f 372/372/372 371/371/371 370/370/370 
f 375/375/375 374/374/374 373/373/373 
f 378/378/378 377/377/377 376/376/376 
f 377/377/377 379/379/379 376/376/376 
f 382/382/382 381/381/381 380/380/380 
f 385/385/385 384/384/384 383/383/383 
f 388/388/388 387/387/387 386/386/386 
f 391/391/391 390/390/390 389/389/389 
f 390/390/390 392/392/392 389/389/389 
f 395/395/395 394/394/394 393/393/393 
f 398/398/398 397/397/397 396/396/396 
f 397/397/397 399/399/399 396/396/396 
f 402/402/402 401/401/401 400/400/400 
f 401/401/401 403/403/403 400/400/400 
f 406/406/406 405/405/405 404/404/404 
f 405/405/405 407/407/407 404/404/404 
f 410/410/410 409/409/409 408/408/408 
f 409/409/409 411/411/411 408/408/408 
f 414/414/414 413/413/413 412/412/412 
f 417/417/417 416/416/416 415/415/415 
f 416/416/416 418/418/418 415/415/415 
f 421/421/421 420/420/420 419/419/419 
f 420/420/420 422/422/422 419/419/419 
f 425/425/425 424/424/424 423/423/423 
f 428/428/428 427/427/427 426/426/426 
f 427/427/427 429/429/429 426/426/426 
f 427/427/427 430/430/430 429/429/429 
f 430/430/430 431/431/431 429/429/429 
f 430/430/430 432/432/432 431/431/431 
f 432/432/432 433/433/433 431/431/431 
f 431/431/431 433/433/433 434/434/434 
f 433/433/433 435/435/435 434/434/434 
f 434/434/434 436/436/436 431/431/431 
f 436/436/436 429/429/429 431/431/431 
f 429/429/429 436/436/436 437/437/437 
f 438/438/438 429/429/429 437/437/437 
f 437/437/437 439/439/439 438/438/438 
f 439/439/439 440/440/440 438/438/438 
f 440/440/440 439/439/439 441/441/441 
f 442/442/442 440/440/440 441/441/441 
f 441/441/441 443/443/443 442/442/442 
f 442/442/442 443/443/443 444/444/444 
f 445/445/445 442/442/442 444/444/444 
f 445/445/445 444/444/444 446/446/446 
f 447/447/447 445/445/445 446/446/446 
f 447/447/447 446/446/446 448/448/448 
f 449/449/449 447/447/447 448/448/448 
f 449/449/449 448/448/448 450/450/450 
f 451/451/451 449/449/449 450/450/450 
f 450/450/450 452/452/452 451/451/451 
f 452/452/452 453/453/453 451/451/451 
f 454/454/454 448/448/448 446/446/446 
f 455/455/455 454/454/454 446/446/446 
f 454/454/454 456/456/456 448/448/448 
f 456/456/456 450/450/450 448/448/448 
f 456/456/456 457/457/457 450/450/450 
f 457/457/457 452/452/452 450/450/450 
f 445/445/445 458/458/458 442/442/442 
f 447/447/447 459/459/459 445/445/445 
f 459/459/459 458/458/458 445/445/445 
f 460/460/460 458/458/458 459/459/459 
f 460/460/460 461/461/461 458/458/458 
f 461/461/461 462/462/462 458/458/458 
f 461/461/461 463/463/463 462/462/462 
f 463/463/463 464/464/464 462/462/462 
f 465/465/465 460/460/460 459/459/459 
f 465/465/465 459/459/459 466/466/466 
f 467/467/467 465/465/465 466/466/466 
f 467/467/467 466/466/466 468/468/468 
f 469/469/469 467/467/467 468/468/468 
f 469/469/469 468/468/468 470/470/470 
f 471/471/471 469/469/469 470/470/470 
f 472/472/472 467/467/467 469/469/469 
f 473/473/473 472/472/472 469/469/469 
f 474/474/474 469/469/469 471/471/471 
f 473/473/473 469/469/469 474/474/474 
f 475/475/475 464/464/464 463/463/463 
f 476/476/476 475/475/475 463/463/463 
f 476/476/476 477/477/477 475/475/475 
f 477/477/477 478/478/478 475/475/475 
f 464/464/464 475/475/475 429/429/429 
f 438/438/438 464/464/464 429/429/429 
f 478/478/478 426/426/426 475/475/475 
f 426/426/426 429/429/429 475/475/475 
f 468/468/468 466/466/466 449/449/449 
f 449/449/449 466/466/466 447/447/447 
f 466/466/466 459/459/459 447/447/447 
f 479/479/479 477/477/477 476/476/476 
f 480/480/480 479/479/479 476/476/476 
f 481/481/481 479/479/479 480/480/480 
f 482/482/482 481/481/481 480/480/480 
f 482/482/482 480/480/480 483/483/483 
f 480/480/480 484/484/484 483/483/483 
f 483/483/483 484/484/484 485/485/485 
f 486/486/486 483/483/483 485/485/485 
f 486/486/486 485/485/485 487/487/487 
f 488/488/488 486/486/486 487/487/487 
f 489/489/489 488/488/488 487/487/487 
f 490/490/490 489/489/489 487/487/487 
f 491/491/491 489/489/489 490/490/490 
f 491/491/491 490/490/490 465/465/465 
f 467/467/467 491/491/491 465/465/465 
f 465/465/465 490/490/490 460/460/460 
f 490/490/490 487/487/487 460/460/460 
f 487/487/487 485/485/485 460/460/460 
f 485/485/485 461/461/461 460/460/460 
f 485/485/485 484/484/484 461/461/461 
f 484/484/484 463/463/463 461/461/461 
f 463/463/463 484/484/484 480/480/480 
f 476/476/476 463/463/463 480/480/480 
f 492/492/492 491/491/491 467/467/467 
f 472/472/472 492/492/492 467/467/467 
f 472/472/472 493/493/493 492/492/492 
f 493/493/493 494/494/494 492/492/492 
f 492/492/492 494/494/494 491/491/491 
f 494/494/494 489/489/489 491/491/491 
f 493/493/493 495/495/495 494/494/494 
f 495/495/495 496/496/496 494/494/494 
f 494/494/494 496/496/496 489/489/489 
f 495/495/495 497/497/497 496/496/496 
f 497/497/497 498/498/498 496/496/496 
f 497/497/497 499/499/499 498/498/498 
f 499/499/499 500/500/500 498/498/498 
f 501/501/501 500/500/500 499/499/499 
f 496/496/496 498/498/498 488/488/488 
f 496/496/496 488/488/488 489/489/489 
f 498/498/498 486/486/486 488/488/488 
f 498/498/498 500/500/500 486/486/486 
f 500/500/500 483/483/483 486/486/486 
f 483/483/483 500/500/500 501/501/501 
f 482/482/482 483/483/483 501/501/501 
f 503/503/503 502/502/502 499/499/499 
f 503/503/503 505/505/505 504/504/504 
f 507/507/507 506/506/506 482/482/482 
f 506/506/506 481/481/481 482/482/482 
f 481/481/481 506/506/506 508/508/508 
f 481/481/481 508/508/508 509/509/509 
f 509/509/509 508/508/508 510/510/510 
f 508/508/508 511/511/511 510/510/510 
f 479/479/479 481/481/481 509/509/509 
f 510/510/510 511/511/511 512/512/512 
f 513/513/513 510/510/510 512/512/512 
f 513/513/513 512/512/512 514/514/514 
f 512/512/512 515/515/515 514/514/514 
f 514/514/514 515/515/515 516/516/516 
f 515/515/515 517/517/517 516/516/516 
f 517/517/517 518/518/518 516/516/516 
f 518/518/518 519/519/519 516/516/516 
f 518/518/518 520/520/520 519/519/519 
f 519/519/519 520/520/520 521/521/521 
f 520/520/520 522/522/522 521/521/521 
f 521/521/521 522/522/522 523/523/523 
f 524/524/524 521/521/521 523/523/523 
f 525/525/525 521/521/521 524/524/524 
f 516/516/516 519/519/519 525/525/525 
f 519/519/519 521/521/521 525/525/525 
f 514/514/514 516/516/516 525/525/525 
f 526/526/526 525/525/525 524/524/524 
f 527/527/527 525/525/525 526/526/526 
f 527/527/527 514/514/514 525/525/525 
f 513/513/513 514/514/514 527/527/527 
f 528/528/528 527/527/527 526/526/526 
f 529/529/529 527/527/527 528/528/528 
f 530/530/530 529/529/529 528/528/528 
f 523/523/523 522/522/522 531/531/531 
f 522/522/522 532/532/532 531/531/531 
f 531/531/531 532/532/532 533/533/533 
f 532/532/532 534/534/534 533/533/533 
f 522/522/522 535/535/535 532/532/532 
f 535/535/535 536/536/536 532/532/532 
f 532/532/532 537/537/537 534/534/534 
f 532/532/532 536/536/536 537/537/537 
f 530/530/530 538/538/538 529/529/529 
f 538/538/538 539/539/539 529/529/529 
f 540/540/540 539/539/539 538/538/538 
f 541/541/541 540/540/540 538/538/538 
f 477/477/477 540/540/540 541/541/541 
f 478/478/478 477/477/477 541/541/541 
f 538/538/538 530/530/530 542/542/542 
f 530/530/530 543/543/543 542/542/542 
f 542/542/542 543/543/543 544/544/544 
f 545/545/545 542/542/542 544/544/544 
f 542/542/542 545/545/545 546/546/546 
f 545/545/545 547/547/547 546/546/546 
f 548/548/548 546/546/546 547/547/547 
f 548/548/548 549/549/549 546/546/546 
f 549/549/549 548/548/548 550/550/550 
f 551/551/551 549/549/549 550/550/550 
f 550/550/550 548/548/548 552/552/552 
f 548/548/548 553/553/553 552/552/552 
f 553/553/553 548/548/548 547/547/547 
f 552/552/552 554/554/554 550/550/550 
f 554/554/554 555/555/555 550/550/550 
f 551/551/551 550/550/550 555/555/555 
f 555/555/555 554/554/554 556/556/556 
f 557/557/557 555/555/555 556/556/556 
f 556/556/556 558/558/558 557/557/557 
f 558/558/558 559/559/559 557/557/557 
f 560/560/560 559/559/559 558/558/558 
f 560/560/560 558/558/558 561/561/561 
f 561/561/561 562/562/562 560/560/560 
f 560/560/560 562/562/562 563/563/563 
f 564/564/564 560/560/560 563/563/563 
f 564/564/564 563/563/563 565/565/565 
f 566/566/566 564/564/564 565/565/565 
f 566/566/566 565/565/565 567/567/567 
f 568/568/568 566/566/566 567/567/567 
f 568/568/568 567/567/567 569/569/569 
f 570/570/570 568/568/568 569/569/569 
f 569/569/569 571/571/571 570/570/570 
f 571/571/571 572/572/572 570/570/570 
f 573/573/573 567/567/567 565/565/565 
f 574/574/574 573/573/573 565/565/565 
f 573/573/573 575/575/575 567/567/567 
f 575/575/575 569/569/569 567/567/567 
f 575/575/575 576/576/576 569/569/569 
f 576/576/576 571/571/571 569/569/569 
f 562/562/562 561/561/561 577/577/577 
f 578/578/578 562/562/562 577/577/577 
f 578/578/578 577/577/577 579/579/579 
f 577/577/577 580/580/580 579/579/579 
f 577/577/577 561/561/561 581/581/581 
f 581/581/581 561/561/561 582/582/582 
f 561/561/561 558/558/558 582/582/582 
f 582/582/582 558/558/558 583/583/583 
f 584/584/584 582/582/582 583/583/583 
f 584/584/584 585/585/585 582/582/582 
f 585/585/585 586/586/586 582/582/582 
f 587/587/587 584/584/584 583/583/583 
f 558/558/558 556/556/556 583/583/583 
f 583/583/583 556/556/556 588/588/588 
f 589/589/589 583/583/583 588/588/588 
f 590/590/590 589/589/589 588/588/588 
f 590/590/590 588/588/588 591/591/591 
f 592/592/592 590/590/590 591/591/591 
f 592/592/592 591/591/591 593/593/593 
f 591/591/591 594/594/594 593/593/593 
f 591/591/591 552/552/552 594/594/594 
f 552/552/552 553/553/553 594/594/594 
f 588/588/588 554/554/554 591/591/591 
f 554/554/554 552/552/552 591/591/591 
f 556/556/556 554/554/554 588/588/588 
f 594/594/594 595/595/595 593/593/593 
f 553/553/553 547/547/547 594/594/594 
f 547/547/547 596/596/596 594/594/594 
f 596/596/596 598/598/598 597/597/597 
f 599/599/599 598/598/598 596/596/596 
f 598/598/598 599/599/599 600/600/600 
f 601/601/601 598/598/598 600/600/600 
f 602/602/602 601/601/601 600/600/600 
f 603/603/603 602/602/602 600/600/600 
f 604/604/604 603/603/603 600/600/600 
f 604/604/604 600/600/600 584/584/584 
f 600/600/600 605/605/605 584/584/584 
f 605/605/605 600/600/600 606/606/606 
f 600/600/600 607/607/607 606/606/606 
f 607/607/607 600/600/600 608/608/608 
f 600/600/600 609/609/609 608/608/608 
f 599/599/599 609/609/609 600/600/600 
f 610/610/610 606/606/606 607/607/607 
f 606/606/606 610/610/610 611/611/611 
f 610/610/610 612/612/612 611/611/611 
f 613/613/613 610/610/610 607/607/607 
f 613/613/613 607/607/607 614/614/614 
f 607/607/607 608/608/608 614/614/614 
f 614/614/614 608/608/608 615/615/615 
f 608/608/608 609/609/609 615/615/615 
f 615/615/615 609/609/609 616/616/616 
f 609/609/609 599/599/599 616/616/616 
f 616/616/616 599/599/599 596/596/596 
f 544/544/544 615/615/615 616/616/616 
f 545/545/545 544/544/544 616/616/616 
f 545/545/545 616/616/616 617/617/617 
f 547/547/547 545/545/545 617/617/617 
f 544/544/544 618/618/618 615/615/615 
f 618/618/618 614/614/614 615/615/615 
f 618/618/618 544/544/544 543/543/543 
f 619/619/619 618/618/618 543/543/543 
f 618/618/618 619/619/619 620/620/620 
f 620/620/620 621/621/621 618/618/618 
f 621/621/621 620/620/620 622/622/622 
f 620/620/620 623/623/623 622/622/622 
f 622/622/622 623/623/623 624/624/624 
f 623/623/623 625/625/625 624/624/624 
f 624/624/624 625/625/625 626/626/626 
f 625/625/625 627/627/627 626/626/626 
f 626/626/626 627/627/627 628/628/628 
f 627/627/627 629/629/629 628/628/628 
f 630/630/630 628/628/628 629/629/629 
f 631/631/631 630/630/630 629/629/629 
f 626/626/626 632/632/632 624/624/624 
f 632/632/632 633/633/633 624/624/624 
f 628/628/628 634/634/634 626/626/626 
f 634/634/634 632/632/632 626/626/626 
f 630/630/630 635/635/635 628/628/628 
f 635/635/635 634/634/634 628/628/628 
f 526/526/526 623/623/623 620/620/620 
f 526/526/526 524/524/524 623/623/623 
f 524/524/524 625/625/625 623/623/623 
f 524/524/524 523/523/523 625/625/625 
f 523/523/523 627/627/627 625/625/625 
f 523/523/523 531/531/531 627/627/627 
f 531/531/531 629/629/629 627/627/627 
f 531/531/531 533/533/533 629/629/629 
f 533/533/533 631/631/631 629/629/629 
f 635/635/635 636/636/636 634/634/634 
f 636/636/636 637/637/637 634/634/634 
f 634/634/634 637/637/637 632/632/632 
f 637/637/637 638/638/638 632/632/632 
f 632/632/632 638/638/638 633/633/633 
f 638/638/638 639/639/639 633/633/633 
f 639/639/639 640/640/640 633/633/633 
f 633/633/633 640/640/640 624/624/624 
f 640/640/640 622/622/622 624/624/624 
f 641/641/641 622/622/622 640/640/640 
f 622/622/622 641/641/641 621/621/621 
f 641/641/641 642/642/642 621/621/621 
f 641/641/641 643/643/643 642/642/642 
f 643/643/643 644/644/644 642/642/642 
f 642/642/642 644/644/644 645/645/645 
f 646/646/646 643/643/643 641/641/641 
f 647/647/647 646/646/646 641/641/641 
f 648/648/648 646/646/646 647/647/647 
f 649/649/649 648/648/648 647/647/647 
f 650/650/650 648/648/648 649/649/649 
f 651/651/651 650/650/650 649/649/649 
f 651/651/651 649/649/649 652/652/652 
f 652/652/652 649/649/649 653/653/653 
f 654/654/654 651/651/651 652/652/652 
f 655/655/655 651/651/651 654/654/654 
f 656/656/656 655/655/655 654/654/654 
f 621/621/621 642/642/642 657/657/657 
f 621/621/621 657/657/657 658/658/658 
f 659/659/659 621/621/621 658/658/658 
f 621/621/621 659/659/659 618/618/618 
f 658/658/658 657/657/657 579/579/579 
f 580/580/580 658/658/658 579/579/579 
f 618/618/618 659/659/659 614/614/614 
f 659/659/659 613/613/613 614/614/614 
f 659/659/659 658/658/658 613/613/613 
f 658/658/658 610/610/610 613/613/613 
f 658/658/658 580/580/580 610/610/610 
f 580/580/580 577/577/577 610/610/610 
f 610/610/610 577/577/577 581/581/581 
f 579/579/579 657/657/657 660/660/660 
f 578/578/578 579/579/579 660/660/660 
f 661/661/661 578/578/578 660/660/660 
f 661/661/661 660/660/660 662/662/662 
f 663/663/663 661/661/661 662/662/662 
f 663/663/663 664/664/664 661/661/661 
f 664/664/664 665/665/665 661/661/661 
f 661/661/661 665/665/665 578/578/578 
f 664/664/664 666/666/666 665/665/665 
f 666/666/666 667/667/667 665/665/665 
f 666/666/666 668/668/668 667/667/667 
f 668/668/668 669/669/669 667/667/667 
f 667/667/667 669/669/669 670/670/670 
f 669/669/669 671/671/671 670/670/670 
f 671/671/671 672/672/672 670/670/670 
f 671/671/671 673/673/673 672/672/672 
f 673/673/673 674/674/674 672/672/672 
f 673/673/673 675/675/675 674/674/674 
f 675/675/675 676/676/676 674/674/674 
f 677/677/677 667/667/667 670/670/670 
f 668/668/668 678/678/678 669/669/669 
f 678/678/678 671/671/671 669/669/669 
f 678/678/678 679/679/679 671/671/671 
f 679/679/679 673/673/673 671/671/671 
f 665/665/665 667/667/667 562/562/562 
f 665/665/665 562/562/562 578/578/578 
f 667/667/667 563/563/563 562/562/562 
f 677/677/677 670/670/670 680/680/680 
f 670/670/670 672/672/672 680/680/680 
f 672/672/672 681/681/681 680/680/680 
f 672/672/672 674/674/674 681/681/681 
f 674/674/674 682/682/682 681/681/681 
f 674/674/674 676/676/676 682/682/682 
f 676/676/676 683/683/683 682/682/682 
f 563/563/563 667/667/667 684/684/684 
f 667/667/667 677/677/677 684/684/684 
f 563/563/563 684/684/684 565/565/565 
f 684/684/684 574/574/574 565/565/565 
f 684/684/684 685/685/685 574/574/574 
f 685/685/685 686/686/686 574/574/574 
f 681/681/681 682/682/682 686/686/686 
f 686/686/686 573/573/573 574/574/574 
f 686/686/686 687/687/687 573/573/573 
f 682/682/682 687/687/687 686/686/686 
f 687/687/687 575/575/575 573/573/573 
f 687/687/687 688/688/688 575/575/575 
f 688/688/688 576/576/576 575/575/575 
f 680/680/680 681/681/681 689/689/689 
f 677/677/677 680/680/680 689/689/689 
f 684/684/684 677/677/677 690/690/690 
f 681/681/681 686/686/686 690/690/690 
f 682/682/682 691/691/691 687/687/687 
f 683/683/683 691/691/691 682/682/682 
f 691/691/691 688/688/688 692/692/692 
f 576/576/576 688/688/688 693/693/693 
f 576/576/576 693/693/693 571/571/571 
f 688/688/688 694/694/694 693/693/693 
f 571/571/571 693/693/693 572/572/572 
f 693/693/693 695/695/695 572/572/572 
f 693/693/693 694/694/694 695/695/695 
f 695/695/695 696/696/696 572/572/572 
f 572/572/572 696/696/696 570/570/570 
f 696/696/696 697/697/697 570/570/570 
f 698/698/698 697/697/697 696/696/696 
f 698/698/698 699/699/699 697/697/697 
f 699/699/699 700/700/700 697/697/697 
f 699/699/699 701/701/701 700/700/700 
f 701/701/701 702/702/702 700/700/700 
f 701/701/701 703/703/703 702/702/702 
f 703/703/703 704/704/704 702/702/702 
f 703/703/703 705/705/705 704/704/704 
f 705/705/705 706/706/706 704/704/704 
f 705/705/705 707/707/707 706/706/706 
f 707/707/707 708/708/708 706/706/706 
f 709/709/709 698/698/698 696/696/696 
f 710/710/710 699/699/699 698/698/698 
f 711/711/711 710/710/710 698/698/698 
f 712/712/712 698/698/698 709/709/709 
f 711/711/711 698/698/698 712/712/712 
f 713/713/713 708/708/708 707/707/707 
f 714/714/714 713/713/713 707/707/707 
f 714/714/714 715/715/715 713/713/713 
f 715/715/715 716/716/716 713/713/713 
f 708/708/708 713/713/713 555/555/555 
f 557/557/557 708/708/708 555/555/555 
f 706/706/706 708/708/708 557/557/557 
f 716/716/716 717/717/717 713/713/713 
f 717/717/717 555/555/555 713/713/713 
f 718/718/718 555/555/555 717/717/717 
f 719/719/719 718/718/718 717/717/717 
f 718/718/718 551/551/551 555/555/555 
f 714/714/714 707/707/707 720/720/720 
f 707/707/707 721/721/721 720/720/720 
f 720/720/720 721/721/721 722/722/722 
f 722/722/722 721/721/721 723/723/723 
f 724/724/724 722/722/722 723/723/723 
f 724/724/724 723/723/723 725/725/725 
f 726/726/726 724/724/724 725/725/725 
f 727/727/727 726/726/726 725/725/725 
f 728/728/728 727/727/727 725/725/725 
f 729/729/729 727/727/727 728/728/728 
f 730/730/730 720/720/720 722/722/722 
f 730/730/730 731/731/731 720/720/720 
f 731/731/731 732/732/732 720/720/720 
f 729/729/729 728/728/728 701/701/701 
f 699/699/699 729/729/729 701/701/701 
f 701/701/701 728/728/728 703/703/703 
f 728/728/728 725/725/725 703/703/703 
f 725/725/725 723/723/723 703/703/703 
f 723/723/723 705/705/705 703/703/703 
f 723/723/723 721/721/721 705/705/705 
f 721/721/721 707/707/707 705/705/705 
f 733/733/733 729/729/729 699/699/699 
f 710/710/710 733/733/733 699/699/699 
f 710/710/710 734/734/734 733/733/733 
f 734/734/734 735/735/735 733/733/733 
f 733/733/733 735/735/735 729/729/729 
f 735/735/735 727/727/727 729/729/729 
f 734/734/734 736/736/736 735/735/735 
f 736/736/736 737/737/737 735/735/735 
f 736/736/736 738/738/738 737/737/737 
f 738/738/738 739/739/739 737/737/737 
f 738/738/738 740/740/740 739/739/739 
f 740/740/740 741/741/741 739/739/739 
f 742/742/742 741/741/741 740/740/740 
f 743/743/743 742/742/742 740/740/740 
f 743/743/743 744/744/744 742/742/742 
f 735/735/735 737/737/737 727/727/727 
f 737/737/737 726/726/726 727/727/727 
f 737/737/737 739/739/739 726/726/726 
f 739/739/739 724/724/724 726/726/726 
f 739/739/739 741/741/741 724/724/724 
f 741/741/741 722/722/722 724/724/724 
f 722/722/722 741/741/741 742/742/742 
f 730/730/730 722/722/722 742/742/742 
f 742/742/742 745/745/745 730/730/730 
f 746/746/746 745/745/745 742/742/742 
f 745/745/745 731/731/731 730/730/730 
f 745/745/745 746/746/746 747/747/747 
f 731/731/731 745/745/745 748/748/748 
f 745/745/745 747/747/747 748/748/748 
f 731/731/731 748/748/748 749/749/749 
f 749/749/749 748/748/748 750/750/750 
f 748/748/748 751/751/751 750/750/750 
f 748/748/748 747/747/747 751/751/751 
f 732/732/732 731/731/731 749/749/749 
f 750/750/750 751/751/751 752/752/752 
f 753/753/753 750/750/750 752/752/752 
f 753/753/753 752/752/752 754/754/754 
f 752/752/752 755/755/755 754/754/754 
f 754/754/754 755/755/755 756/756/756 
f 755/755/755 757/757/757 756/756/756 
f 757/757/757 758/758/758 756/756/756 
f 758/758/758 759/759/759 756/756/756 
f 758/758/758 760/760/760 759/759/759 
f 759/759/759 760/760/760 761/761/761 
f 760/760/760 762/762/762 761/761/761 
f 761/761/761 762/762/762 763/763/763 
f 764/764/764 761/761/761 763/763/763 
f 765/765/765 761/761/761 764/764/764 
f 756/756/756 759/759/759 765/765/765 
f 759/759/759 761/761/761 765/765/765 
f 754/754/754 756/756/756 765/765/765 
f 766/766/766 765/765/765 764/764/764 
f 767/767/767 765/765/765 766/766/766 
f 767/767/767 754/754/754 765/765/765 
f 753/753/753 754/754/754 767/767/767 
f 768/768/768 767/767/767 766/766/766 
f 769/769/769 767/767/767 768/768/768 
f 770/770/770 769/769/769 768/768/768 
f 763/763/763 762/762/762 771/771/771 
f 762/762/762 772/772/772 771/771/771 
f 771/771/771 772/772/772 773/773/773 
f 772/772/772 774/774/774 773/773/773 
f 762/762/762 775/775/775 772/772/772 
f 775/775/775 776/776/776 772/772/772 
f 772/772/772 777/777/777 774/774/774 
f 772/772/772 776/776/776 777/777/777 
f 770/770/770 778/778/778 769/769/769 
f 778/778/778 779/779/779 769/769/769 
f 780/780/780 779/779/779 778/778/778 
f 781/781/781 780/780/780 778/778/778 
f 715/715/715 780/780/780 781/781/781 
f 716/716/716 715/715/715 781/781/781 
f 778/778/778 770/770/770 782/782/782 
f 770/770/770 783/783/783 782/782/782 
f 782/782/782 783/783/783 784/784/784 
f 785/785/785 782/782/782 784/784/784 
f 782/782/782 785/785/785 786/786/786 
f 785/785/785 787/787/787 786/786/786 
f 788/788/788 786/786/786 787/787/787 
f 788/788/788 789/789/789 786/786/786 
f 789/789/789 788/788/788 790/790/790 
f 791/791/791 789/789/789 790/790/790 
f 790/790/790 788/788/788 792/792/792 
f 788/788/788 793/793/793 792/792/792 
f 793/793/793 788/788/788 787/787/787 
f 792/792/792 794/794/794 790/790/790 
f 794/794/794 795/795/795 790/790/790 
f 791/791/791 790/790/790 795/795/795 
f 795/795/795 794/794/794 796/796/796 
f 797/797/797 795/795/795 796/796/796 
f 796/796/796 798/798/798 797/797/797 
f 798/798/798 799/799/799 797/797/797 
f 799/799/799 798/798/798 800/800/800 
f 800/800/800 801/801/801 799/799/799 
f 801/801/801 802/802/802 799/799/799 
f 802/802/802 801/801/801 803/803/803 
f 804/804/804 802/802/802 803/803/803 
f 804/804/804 803/803/803 805/805/805 
f 806/806/806 804/804/804 805/805/805 
f 806/806/806 805/805/805 807/807/807 
f 808/808/808 806/806/806 807/807/807 
f 808/808/808 807/807/807 809/809/809 
f 810/810/810 808/808/808 809/809/809 
f 809/809/809 811/811/811 810/810/810 
f 811/811/811 812/812/812 810/810/810 
f 813/813/813 807/807/807 805/805/805 
f 814/814/814 813/813/813 805/805/805 
f 813/813/813 815/815/815 807/807/807 
f 815/815/815 809/809/809 807/807/807 
f 815/815/815 816/816/816 809/809/809 
f 816/816/816 811/811/811 809/809/809 
f 804/804/804 817/817/817 802/802/802 
f 817/817/817 818/818/818 802/802/802 
f 819/819/819 818/818/818 817/817/817 
f 819/819/819 820/820/820 818/818/818 
f 820/820/820 821/821/821 818/818/818 
f 822/822/822 819/819/819 817/817/817 
f 822/822/822 817/817/817 823/823/823 
f 824/824/824 822/822/822 823/823/823 
f 824/824/824 823/823/823 825/825/825 
f 826/826/826 824/824/824 825/825/825 
f 826/826/826 825/825/825 827/827/827 
f 828/828/828 826/826/826 827/827/827 
f 828/828/828 827/827/827 829/829/829 
f 830/830/830 828/828/828 829/829/829 
f 831/831/831 826/826/826 828/828/828 
f 832/832/832 831/831/831 828/828/828 
f 833/833/833 828/828/828 830/830/830 
f 832/832/832 828/828/828 833/833/833 
f 834/834/834 821/821/821 820/820/820 
f 835/835/835 834/834/834 820/820/820 
f 835/835/835 836/836/836 834/834/834 
f 836/836/836 837/837/837 834/834/834 
f 837/837/837 838/838/838 834/834/834 
f 838/838/838 795/795/795 834/834/834 
f 839/839/839 795/795/795 838/838/838 
f 840/840/840 839/839/839 838/838/838 
f 839/839/839 791/791/791 795/795/795 
f 821/821/821 834/834/834 795/795/795 
f 797/797/797 821/821/821 795/795/795 
f 818/818/818 821/821/821 797/797/797 
f 799/799/799 818/818/818 797/797/797 
f 802/802/802 818/818/818 799/799/799 
f 841/841/841 836/836/836 835/835/835 
f 842/842/842 841/841/841 835/835/835 
f 843/843/843 841/841/841 842/842/842 
f 844/844/844 843/843/843 842/842/842 
f 844/844/844 842/842/842 845/845/845 
f 842/842/842 846/846/846 845/845/845 
f 845/845/845 846/846/846 847/847/847 
f 848/848/848 845/845/845 847/847/847 
f 848/848/848 847/847/847 849/849/849 
f 850/850/850 848/848/848 849/849/849 
f 851/851/851 850/850/850 849/849/849 
f 852/852/852 851/851/851 849/849/849 
f 853/853/853 851/851/851 852/852/852 
f 853/853/853 852/852/852 824/824/824 
f 826/826/826 853/853/853 824/824/824 
f 824/824/824 852/852/852 822/822/822 
f 852/852/852 849/849/849 822/822/822 
f 849/849/849 847/847/847 822/822/822 
f 847/847/847 819/819/819 822/822/822 
f 847/847/847 846/846/846 819/819/819 
f 846/846/846 820/820/820 819/819/819 
f 820/820/820 846/846/846 842/842/842 
f 835/835/835 820/820/820 842/842/842 
f 854/854/854 853/853/853 826/826/826 
f 831/831/831 854/854/854 826/826/826 
f 831/831/831 855/855/855 854/854/854 
f 855/855/855 856/856/856 854/854/854 
f 854/854/854 856/856/856 853/853/853 
f 856/856/856 851/851/851 853/853/853 
f 855/855/855 857/857/857 856/856/856 
f 857/857/857 858/858/858 856/856/856 
f 856/856/856 858/858/858 851/851/851 
f 857/857/857 859/859/859 858/858/858 
f 859/859/859 860/860/860 858/858/858 
f 859/859/859 861/861/861 860/860/860 
f 861/861/861 862/862/862 860/860/860 
f 863/863/863 862/862/862 861/861/861 
f 864/864/864 863/863/863 861/861/861 
f 864/864/864 865/865/865 863/863/863 
f 865/865/865 866/866/866 863/863/863 
f 858/858/858 860/860/860 850/850/850 
f 858/858/858 850/850/850 851/851/851 
f 860/860/860 848/848/848 850/850/850 
f 860/860/860 862/862/862 848/848/848 
f 862/862/862 845/845/845 848/848/848 
f 845/845/845 862/862/862 863/863/863 
f 844/844/844 845/845/845 863/863/863 
f 863/863/863 866/866/866 844/844/844 
f 866/866/866 843/843/843 844/844/844 
f 866/866/866 865/865/865 867/867/867 
f 865/865/865 868/868/868 867/867/867 
f 867/867/867 868/868/868 869/869/869 
f 868/868/868 870/870/870 869/869/869 
f 869/869/869 870/870/870 871/871/871 
f 872/872/872 869/869/869 871/871/871 
f 872/872/872 871/871/871 873/873/873 
f 871/871/871 874/874/874 873/873/873 
f 873/873/873 874/874/874 875/875/875 
f 874/874/874 876/876/876 875/875/875 
f 875/875/875 876/876/876 877/877/877 
f 876/876/876 878/878/878 877/877/877 
f 877/877/877 878/878/878 879/879/879 
f 878/878/878 880/880/880 879/879/879 
f 879/879/879 880/880/880 881/881/881 
f 881/881/881 880/880/880 882/882/882 
f 881/881/881 882/882/882 883/883/883 
f 884/884/884 881/881/881 883/883/883 
f 885/885/885 881/881/881 884/884/884 
f 886/886/886 885/885/885 884/884/884 
f 887/887/887 885/885/885 886/886/886 
f 888/888/888 887/887/887 886/886/886 
f 889/889/889 887/887/887 888/888/888 
f 890/890/890 889/889/889 888/888/888 
f 891/891/891 889/889/889 890/890/890 
f 892/892/892 891/891/891 890/890/890 
f 883/883/883 882/882/882 893/893/893 
f 882/882/882 894/894/894 893/893/893 
f 880/880/880 895/895/895 882/882/882 
f 882/882/882 896/896/896 894/894/894 
f 882/882/882 895/895/895 896/896/896 
f 892/892/892 897/897/897 891/891/891 
f 897/897/897 898/898/898 891/891/891 
f 899/899/899 898/898/898 897/897/897 
f 900/900/900 899/899/899 897/897/897 
f 836/836/836 899/899/899 900/900/900 
f 837/837/837 836/836/836 900/900/900 
f 897/897/897 892/892/892 901/901/901 
f 892/892/892 902/902/902 901/901/901 
f 892/892/892 890/890/890 902/902/902 
f 901/901/901 902/902/902 903/903/903 
f 904/904/904 901/901/901 903/903/903 
f 901/901/901 904/904/904 905/905/905 
f 904/904/904 906/906/906 905/905/905 
f 907/907/907 905/905/905 906/906/906 
f 907/907/907 908/908/908 905/905/905 
f 908/908/908 907/907/907 909/909/909 
f 910/910/910 908/908/908 909/909/909 
f 909/909/909 907/907/907 911/911/911 
f 907/907/907 912/912/912 911/911/911 
f 912/912/912 907/907/907 906/906/906 
f 911/911/911 913/913/913 909/909/909 
f 913/913/913 914/914/914 909/909/909 
f 910/910/910 909/909/909 914/914/914 
f 914/914/914 913/913/913 915/915/915 
f 916/916/916 914/914/914 915/915/915 
f 915/915/915 917/917/917 916/916/916 
f 917/917/917 918/918/918 916/916/916 
f 918/918/918 917/917/917 919/919/919 
f 919/919/919 920/920/920 918/918/918 
f 920/920/920 921/921/921 918/918/918 
f 921/921/921 920/920/920 922/922/922 
f 923/923/923 921/921/921 922/922/922 
f 923/923/923 922/922/922 924/924/924 
f 925/925/925 923/923/923 924/924/924 
f 925/925/925 924/924/924 926/926/926 
f 927/927/927 925/925/925 926/926/926 
f 927/927/927 926/926/926 928/928/928 
f 929/929/929 927/927/927 928/928/928 
f 928/928/928 930/930/930 929/929/929 
f 930/930/930 931/931/931 929/929/929 
f 932/932/932 926/926/926 924/924/924 
f 933/933/933 932/932/932 924/924/924 
f 932/932/932 934/934/934 926/926/926 
f 934/934/934 928/928/928 926/926/926 
f 934/934/934 935/935/935 928/928/928 
f 935/935/935 930/930/930 928/928/928 
f 923/923/923 936/936/936 921/921/921 
f 936/936/936 937/937/937 921/921/921 
f 938/938/938 937/937/937 936/936/936 
f 938/938/938 939/939/939 937/937/937 
f 939/939/939 940/940/940 937/937/937 
f 941/941/941 938/938/938 936/936/936 
f 941/941/941 936/936/936 942/942/942 
f 943/943/943 941/941/941 942/942/942 
f 943/943/943 942/942/942 944/944/944 
f 945/945/945 943/943/943 944/944/944 
f 945/945/945 944/944/944 946/946/946 
f 947/947/947 945/945/945 946/946/946 
f 947/947/947 946/946/946 948/948/948 
f 949/949/949 947/947/947 948/948/948 
f 950/950/950 945/945/945 947/947/947 
f 951/951/951 950/950/950 947/947/947 
f 952/952/952 947/947/947 949/949/949 
f 951/951/951 947/947/947 952/952/952 
f 953/953/953 940/940/940 939/939/939 
f 954/954/954 953/953/953 939/939/939 
f 954/954/954 955/955/955 953/953/953 
f 955/955/955 956/956/956 953/953/953 
f 956/956/956 957/957/957 953/953/953 
f 957/957/957 914/914/914 953/953/953 
f 958/958/958 914/914/914 957/957/957 
f 959/959/959 958/958/958 957/957/957 
f 958/958/958 910/910/910 914/914/914 
f 940/940/940 953/953/953 914/914/914 
f 916/916/916 940/940/940 914/914/914 
f 937/937/937 940/940/940 916/916/916 
f 918/918/918 937/937/937 916/916/916 
f 921/921/921 937/937/937 918/918/918 
f 960/960/960 955/955/955 954/954/954 
f 961/961/961 960/960/960 954/954/954 
f 962/962/962 960/960/960 961/961/961 
f 963/963/963 962/962/962 961/961/961 
f 963/963/963 961/961/961 964/964/964 
f 961/961/961 965/965/965 964/964/964 
f 964/964/964 965/965/965 966/966/966 
f 967/967/967 964/964/964 966/966/966 
f 967/967/967 966/966/966 968/968/968 
f 969/969/969 967/967/967 968/968/968 
f 970/970/970 969/969/969 968/968/968 
f 971/971/971 970/970/970 968/968/968 
f 972/972/972 970/970/970 971/971/971 
f 972/972/972 971/971/971 943/943/943 
f 945/945/945 972/972/972 943/943/943 
f 943/943/943 971/971/971 941/941/941 
f 971/971/971 968/968/968 941/941/941 
f 968/968/968 966/966/966 941/941/941 
f 966/966/966 938/938/938 941/941/941 
f 966/966/966 965/965/965 938/938/938 
f 965/965/965 939/939/939 938/938/938 
f 939/939/939 965/965/965 961/961/961 
f 954/954/954 939/939/939 961/961/961 
f 973/973/973 972/972/972 945/945/945 
f 950/950/950 973/973/973 945/945/945 
f 950/950/950 974/974/974 973/973/973 
f 974/974/974 975/975/975 973/973/973 
f 973/973/973 975/975/975 972/972/972 
f 975/975/975 970/970/970 972/972/972 
f 974/974/974 976/976/976 975/975/975 
f 976/976/976 977/977/977 975/975/975 
f 975/975/975 977/977/977 970/970/970 
f 976/976/976 978/978/978 977/977/977 
f 978/978/978 979/979/979 977/977/977 
f 978/978/978 980/980/980 979/979/979 
f 980/980/980 981/981/981 979/979/979 
f 982/982/982 981/981/981 980/980/980 
f 983/983/983 982/982/982 980/980/980 
f 983/983/983 984/984/984 982/982/982 
f 977/977/977 979/979/979 969/969/969 
f 977/977/977 969/969/969 970/970/970 
f 979/979/979 967/967/967 969/969/969 
f 979/979/979 981/981/981 967/967/967 
f 981/981/981 964/964/964 967/967/967 
f 963/963/963 964/964/964 982/982/982 
f 964/964/964 981/981/981 985/985/985 
f 985/985/985 986/986/986 963/963/963 
f 986/986/986 962/962/962 963/963/963 
f 962/962/962 986/986/986 987/987/987 
f 962/962/962 987/987/987 988/988/988 
f 988/988/988 987/987/987 989/989/989 
f 987/987/987 990/990/990 989/989/989 
f 960/960/960 962/962/962 988/988/988 
f 989/989/989 990/990/990 991/991/991 
f 992/992/992 989/989/989 991/991/991 
f 992/992/992 991/991/991 993/993/993 
f 991/991/991 994/994/994 993/993/993 
f 993/993/993 994/994/994 995/995/995 
f 994/994/994 996/996/996 995/995/995 
f 996/996/996 997/997/997 995/995/995 
f 997/997/997 998/998/998 995/995/995 
f 997/997/997 999/999/999 998/998/998 
f 998/998/998 999/999/999 1000/1000/1000 
f 999/999/999 1001/1001/1001 1000/1000/1000 
f 1000/1000/1000 1001/1001/1001 1002/1002/1002 
f 1003/1003/1003 1000/1000/1000 1002/1002/1002 
f 1004/1004/1004 1000/1000/1000 1003/1003/1003 
f 995/995/995 998/998/998 1004/1004/1004 
f 998/998/998 1000/1000/1000 1004/1004/1004 
f 993/993/993 995/995/995 1004/1004/1004 
f 1005/1005/1005 1004/1004/1004 1003/1003/1003 
f 1006/1006/1006 1004/1004/1004 1005/1005/1005 
f 1006/1006/1006 993/993/993 1004/1004/1004 
f 992/992/992 993/993/993 1006/1006/1006 
f 1007/1007/1007 1006/1006/1006 1005/1005/1005 
f 1008/1008/1008 1006/1006/1006 1007/1007/1007 
f 1009/1009/1009 1008/1008/1008 1007/1007/1007 
f 1002/1002/1002 1001/1001/1001 1010/1010/1010 
f 1001/1001/1001 1011/1011/1011 1010/1010/1010 
f 1010/1010/1010 1011/1011/1011 1012/1012/1012 
f 1011/1011/1011 1013/1013/1013 1012/1012/1012 
f 1001/1001/1001 1014/1014/1014 1011/1011/1011 
f 1014/1014/1014 1015/1015/1015 1011/1011/1011 
f 1011/1011/1011 1016/1016/1016 1013/1013/1013 
f 1011/1011/1011 1015/1015/1015 1016/1016/1016 
f 1009/1009/1009 1017/1017/1017 1008/1008/1008 
f 1017/1017/1017 1018/1018/1018 1008/1008/1008 
f 1019/1019/1019 1018/1018/1018 1017/1017/1017 
f 1020/1020/1020 1019/1019/1019 1017/1017/1017 
f 955/955/955 1019/1019/1019 1020/1020/1020 
f 956/956/956 955/955/955 1020/1020/1020 
f 1017/1017/1017 1009/1009/1009 1021/1021/1021 
f 1009/1009/1009 1022/1022/1022 1021/1021/1021 
f 1021/1021/1021 1022/1022/1022 1023/1023/1023 
f 1024/1024/1024 1021/1021/1021 1023/1023/1023 
f 1021/1021/1021 1024/1024/1024 1025/1025/1025 
f 1024/1024/1024 1026/1026/1026 1025/1025/1025 
f 1027/1027/1027 1025/1025/1025 1026/1026/1026 
f 1027/1027/1027 1028/1028/1028 1025/1025/1025 
f 1028/1028/1028 1027/1027/1027 1029/1029/1029 
f 1030/1030/1030 1028/1028/1028 1029/1029/1029 
f 1029/1029/1029 1027/1027/1027 1031/1031/1031 
f 1027/1027/1027 1032/1032/1032 1031/1031/1031 
f 1032/1032/1032 1027/1027/1027 1026/1026/1026 
f 1031/1031/1031 1033/1033/1033 1029/1029/1029 
f 1033/1033/1033 1034/1034/1034 1029/1029/1029 
f 1030/1030/1030 1029/1029/1029 1034/1034/1034 
f 1034/1034/1034 1033/1033/1033 1035/1035/1035 
f 1036/1036/1036 1034/1034/1034 1035/1035/1035 
f 1035/1035/1035 1037/1037/1037 1036/1036/1036 
f 1037/1037/1037 1038/1038/1038 1036/1036/1036 
f 1038/1038/1038 1037/1037/1037 1039/1039/1039 
f 1039/1039/1039 1040/1040/1040 1038/1038/1038 
f 1040/1040/1040 1039/1039/1039 1041/1041/1041 
f 1042/1042/1042 1040/1040/1040 1041/1041/1041 
f 1042/1042/1042 1041/1041/1041 1043/1043/1043 
f 1044/1044/1044 1042/1042/1042 1043/1043/1043 
f 1044/1044/1044 1043/1043/1043 1045/1045/1045 
f 1046/1046/1046 1044/1044/1044 1045/1045/1045 
f 1046/1046/1046 1045/1045/1045 1047/1047/1047 
f 1048/1048/1048 1046/1046/1046 1047/1047/1047 
f 1047/1047/1047 1049/1049/1049 1048/1048/1048 
f 1049/1049/1049 1050/1050/1050 1048/1048/1048 
f 1051/1051/1051 1045/1045/1045 1043/1043/1043 
f 1052/1052/1052 1051/1051/1051 1043/1043/1043 
f 1051/1051/1051 1053/1053/1053 1045/1045/1045 
f 1053/1053/1053 1047/1047/1047 1045/1045/1045 
f 1053/1053/1053 1054/1054/1054 1047/1047/1047 
f 1054/1054/1054 1049/1049/1049 1047/1047/1047 
f 1042/1042/1042 1055/1055/1055 1040/1040/1040 
f 1055/1055/1055 1056/1056/1056 1040/1040/1040 
f 1057/1057/1057 1056/1056/1056 1055/1055/1055 
f 1057/1057/1057 1058/1058/1058 1056/1056/1056 
f 1058/1058/1058 1059/1059/1059 1056/1056/1056 
f 1060/1060/1060 1057/1057/1057 1055/1055/1055 
f 1060/1060/1060 1055/1055/1055 1061/1061/1061 
f 1062/1062/1062 1060/1060/1060 1061/1061/1061 
f 1062/1062/1062 1061/1061/1061 1063/1063/1063 
f 1064/1064/1064 1062/1062/1062 1063/1063/1063 
f 1064/1064/1064 1063/1063/1063 1065/1065/1065 
f 1066/1066/1066 1064/1064/1064 1065/1065/1065 
f 1066/1066/1066 1065/1065/1065 1067/1067/1067 
f 1068/1068/1068 1066/1066/1066 1067/1067/1067 
f 1069/1069/1069 1064/1064/1064 1066/1066/1066 
f 1070/1070/1070 1069/1069/1069 1066/1066/1066 
f 1071/1071/1071 1066/1066/1066 1068/1068/1068 
f 1070/1070/1070 1066/1066/1066 1071/1071/1071 
f 1072/1072/1072 1059/1059/1059 1058/1058/1058 
f 1073/1073/1073 1072/1072/1072 1058/1058/1058 
f 1073/1073/1073 1074/1074/1074 1072/1072/1072 
f 1074/1074/1074 1075/1075/1075 1072/1072/1072 
f 1075/1075/1075 1074/1074/1074 1076/1076/1076 
f 1074/1074/1074 1077/1077/1077 1076/1076/1076 
f 1076/1076/1076 1077/1077/1077 1078/1078/1078 
f 1077/1077/1077 1079/1079/1079 1078/1078/1078 
f 1078/1078/1078 1079/1079/1079 1080/1080/1080 
f 1081/1081/1081 1078/1078/1078 1080/1080/1080 
f 1081/1081/1081 1080/1080/1080 1082/1082/1082 
f 1080/1080/1080 1083/1083/1083 1082/1082/1082 
f 1082/1082/1082 1083/1083/1083 1084/1084/1084 
f 1083/1083/1083 1085/1085/1085 1084/1084/1084 
f 1084/1084/1084 1085/1085/1085 1086/1086/1086 
f 1085/1085/1085 1087/1087/1087 1086/1086/1086 
f 1086/1086/1086 1087/1087/1087 1088/1088/1088 
f 1087/1087/1087 1089/1089/1089 1088/1088/1088 
f 1088/1088/1088 1089/1089/1089 1090/1090/1090 
f 1089/1089/1089 1091/1091/1091 1090/1090/1090 
f 1090/1090/1090 1091/1091/1091 1092/1092/1092 
f 1091/1091/1091 1093/1093/1093 1092/1092/1092 
f 1089/1089/1089 1094/1094/1094 1091/1091/1091 
f 1094/1094/1094 1095/1095/1095 1091/1091/1091 
f 1091/1091/1091 1096/1096/1096 1093/1093/1093 
f 1091/1091/1091 1095/1095/1095 1096/1096/1096 
f 1081/1081/1081 1082/1082/1082 1097/1097/1097 
f 1081/1081/1081 1097/1097/1097 1098/1098/1098 
f 1098/1098/1098 1097/1097/1097 1099/1099/1099 
f 1100/1100/1100 1098/1098/1098 1099/1099/1099 
f 1098/1098/1098 1100/1100/1100 1101/1101/1101 
f 1100/1100/1100 1102/1102/1102 1101/1101/1101 
f 433/433/433 1101/1101/1101 1102/1102/1102 
f 433/433/433 432/432/432 1101/1101/1101 
f 432/432/432 1103/1103/1103 1101/1101/1101 
f 1101/1101/1101 1103/1103/1103 1098/1098/1098 
f 435/435/435 433/433/433 1102/1102/1102 
f 1104/1104/1104 1099/1099/1099 1097/1097/1097 
f 1105/1105/1105 1104/1104/1104 1097/1097/1097 
f 1106/1106/1106 1104/1104/1104 1105/1105/1105 
f 1106/1106/1106 1105/1105/1105 1107/1107/1107 
f 1107/1107/1107 1108/1108/1108 1106/1106/1106 
f 1108/1108/1108 1107/1107/1107 1109/1109/1109 
f 1107/1107/1107 1110/1110/1110 1109/1109/1109 
f 1109/1109/1109 1110/1110/1110 1111/1111/1111 
f 1110/1110/1110 1112/1112/1112 1111/1111/1111 
f 1111/1111/1111 1112/1112/1112 1113/1113/1113 
f 1112/1112/1112 1114/1114/1114 1113/1113/1113 
f 1113/1113/1113 1114/1114/1114 1115/1115/1115 
f 1114/1114/1114 1116/1116/1116 1115/1115/1115 
f 1117/1117/1117 1115/1115/1115 1116/1116/1116 
f 1118/1118/1118 1117/1117/1117 1116/1116/1116 
f 1113/1113/1113 1119/1119/1119 1111/1111/1111 
f 1119/1119/1119 1120/1120/1120 1111/1111/1111 
f 1115/1115/1115 1121/1121/1121 1113/1113/1113 
f 1121/1121/1121 1119/1119/1119 1113/1113/1113 
f 1117/1117/1117 1122/1122/1122 1115/1115/1115 
f 1122/1122/1122 1121/1121/1121 1115/1115/1115 
f 1084/1084/1084 1110/1110/1110 1107/1107/1107 
f 1084/1084/1084 1086/1086/1086 1110/1110/1110 
f 1086/1086/1086 1112/1112/1112 1110/1110/1110 
f 1086/1086/1086 1088/1088/1088 1112/1112/1112 
f 1088/1088/1088 1114/1114/1114 1112/1112/1112 
f 1088/1088/1088 1090/1090/1090 1114/1114/1114 
f 1090/1090/1090 1116/1116/1116 1114/1114/1114 
f 1090/1090/1090 1092/1092/1092 1116/1116/1116 
f 1092/1092/1092 1118/1118/1118 1116/1116/1116 
f 1122/1122/1122 1123/1123/1123 1121/1121/1121 
f 1123/1123/1123 1124/1124/1124 1121/1121/1121 
f 1121/1121/1121 1124/1124/1124 1119/1119/1119 
f 1124/1124/1124 1125/1125/1125 1119/1119/1119 
f 1119/1119/1119 1125/1125/1125 1120/1120/1120 
f 1125/1125/1125 1126/1126/1126 1120/1120/1120 
f 1126/1126/1126 1127/1127/1127 1120/1120/1120 
f 1120/1120/1120 1127/1127/1127 1111/1111/1111 
f 1127/1127/1127 1109/1109/1109 1111/1111/1111 
f 1128/1128/1128 1109/1109/1109 1127/1127/1127 
f 1109/1109/1109 1128/1128/1128 1108/1108/1108 
f 1128/1128/1128 1129/1129/1129 1108/1108/1108 
f 1128/1128/1128 1130/1130/1130 1129/1129/1129 
f 1130/1130/1130 1131/1131/1131 1129/1129/1129 
f 1129/1129/1129 1131/1131/1131 1132/1132/1132 
f 1131/1131/1131 1133/1133/1133 1132/1132/1132 
f 1134/1134/1134 1130/1130/1130 1128/1128/1128 
f 1135/1135/1135 1134/1134/1134 1128/1128/1128 
f 1135/1135/1135 1128/1128/1128 1136/1136/1136 
f 1137/1137/1137 1135/1135/1135 1136/1136/1136 
f 1138/1138/1138 1137/1137/1137 1136/1136/1136 
f 1139/1139/1139 1137/1137/1137 1138/1138/1138 
f 1140/1140/1140 1139/1139/1139 1138/1138/1138 
f 1141/1141/1141 1139/1139/1139 1140/1140/1140 
f 1142/1142/1142 1141/1141/1141 1140/1140/1140 
f 1128/1128/1128 1143/1143/1143 1136/1136/1136 
f 1137/1137/1137 1144/1144/1144 1135/1135/1135 
f 1144/1144/1144 1134/1134/1134 1135/1135/1135 
f 1139/1139/1139 1145/1145/1145 1137/1137/1137 
f 1145/1145/1145 1144/1144/1144 1137/1137/1137 
f 1132/1132/1132 1133/1133/1133 1146/1146/1146 
f 1147/1147/1147 1132/1132/1132 1146/1146/1146 
f 1148/1148/1148 1147/1147/1147 1146/1146/1146 
f 1149/1149/1149 1148/1148/1148 1146/1146/1146 
f 1149/1149/1149 1150/1150/1150 1148/1148/1148 
f 1150/1150/1150 1151/1151/1151 1148/1148/1148 
f 1150/1150/1150 1152/1152/1152 1151/1151/1151 
f 1152/1152/1152 1153/1153/1153 1151/1151/1151 
f 1152/1152/1152 1154/1154/1154 1153/1153/1153 
f 1154/1154/1154 1155/1155/1155 1153/1153/1153 
f 1153/1153/1153 1155/1155/1155 1156/1156/1156 
f 1155/1155/1155 1157/1157/1157 1156/1156/1156 
f 1157/1157/1157 1158/1158/1158 1156/1156/1156 
f 1157/1157/1157 1159/1159/1159 1158/1158/1158 
f 1159/1159/1159 1160/1160/1160 1158/1158/1158 
f 1159/1159/1159 1161/1161/1161 1160/1160/1160 
f 1161/1161/1161 1162/1162/1162 1160/1160/1160 
f 1163/1163/1163 1153/1153/1153 1156/1156/1156 
f 1154/1154/1154 1164/1164/1164 1155/1155/1155 
f 1164/1164/1164 1157/1157/1157 1155/1155/1155 
f 1164/1164/1164 1165/1165/1165 1157/1157/1157 
f 1165/1165/1165 1159/1159/1159 1157/1157/1157 
f 1151/1151/1151 1153/1153/1153 443/443/443 
f 1151/1151/1151 443/443/443 1166/1166/1166 
f 1166/1166/1166 443/443/443 1167/1167/1167 
f 443/443/443 441/441/441 1167/1167/1167 
f 1166/1166/1166 1167/1167/1167 1168/1168/1168 
f 1167/1167/1167 1169/1169/1169 1168/1168/1168 
f 1167/1167/1167 441/441/441 1170/1170/1170 
f 1170/1170/1170 441/441/441 1171/1171/1171 
f 1172/1172/1172 1170/1170/1170 1171/1171/1171 
f 1173/1173/1173 1170/1170/1170 1172/1172/1172 
f 1173/1173/1173 1167/1167/1167 1170/1170/1170 
f 1169/1169/1169 1167/1167/1167 1173/1173/1173 
f 1174/1174/1174 1173/1173/1173 1172/1172/1172 
f 1172/1172/1172 1175/1175/1175 1174/1174/1174 
f 1175/1175/1175 1172/1172/1172 1176/1176/1176 
f 1176/1176/1176 1172/1172/1172 1171/1171/1171 
f 1177/1177/1177 1175/1175/1175 1176/1176/1176 
f 1177/1177/1177 1178/1178/1178 1175/1175/1175 
f 1178/1178/1178 1179/1179/1179 1175/1175/1175 
f 1179/1179/1179 1180/1180/1180 1175/1175/1175 
f 1176/1176/1176 1171/1171/1171 1181/1181/1181 
f 1182/1182/1182 1176/1176/1176 1181/1181/1181 
f 441/441/441 439/439/439 1171/1171/1171 
f 1171/1171/1171 439/439/439 1183/1183/1183 
f 439/439/439 437/437/437 1183/1183/1183 
f 1183/1183/1183 437/437/437 1184/1184/1184 
f 437/437/437 436/436/436 1184/1184/1184 
f 1184/1184/1184 436/436/436 1185/1185/1185 
f 1186/1186/1186 1184/1184/1184 1185/1185/1185 
f 1187/1187/1187 1186/1186/1186 1185/1185/1185 
f 1187/1187/1187 1185/1185/1185 1188/1188/1188 
f 1185/1185/1185 1189/1189/1189 1188/1188/1188 
f 1185/1185/1185 434/434/434 1189/1189/1189 
f 436/436/436 434/434/434 1185/1185/1185 
f 434/434/434 435/435/435 1189/1189/1189 
f 1189/1189/1189 1190/1190/1190 1188/1188/1188 
f 1190/1190/1190 1191/1191/1191 1188/1188/1188 
f 1192/1192/1192 1191/1191/1191 1190/1190/1190 
f 1193/1193/1193 1192/1192/1192 1190/1190/1190 
f 435/435/435 1102/1102/1102 1189/1189/1189 
f 1102/1102/1102 1190/1190/1190 1189/1189/1189 
f 1102/1102/1102 1100/1100/1100 1190/1190/1190 
f 1100/1100/1100 1193/1193/1193 1190/1190/1190 
f 1100/1100/1100 1099/1099/1099 1193/1193/1193 
f 1099/1099/1099 1194/1194/1194 1193/1193/1193 
f 1099/1099/1099 1104/1104/1104 1194/1194/1194 
f 1104/1104/1104 1195/1195/1195 1194/1194/1194 
f 1104/1104/1104 1106/1106/1106 1195/1195/1195 
f 1106/1106/1106 1196/1196/1196 1195/1195/1195 
f 1196/1196/1196 1197/1197/1197 1195/1195/1195 
f 1196/1196/1196 1173/1173/1173 1197/1197/1197 
f 1173/1173/1173 1174/1174/1174 1197/1197/1197 
f 1175/1175/1175 1197/1197/1197 1174/1174/1174 
f 1197/1197/1197 1175/1175/1175 1198/1198/1198 
f 1197/1197/1197 1198/1198/1198 1195/1195/1195 
f 1175/1175/1175 1199/1199/1199 1198/1198/1198 
f 1200/1200/1200 1199/1199/1199 1175/1175/1175 
f 1201/1201/1201 1200/1200/1200 1175/1175/1175 
f 1180/1180/1180 1201/1201/1201 1175/1175/1175 
f 1195/1195/1195 1198/1198/1198 1202/1202/1202 
f 1198/1198/1198 1203/1203/1203 1202/1202/1202 
f 1106/1106/1106 1204/1204/1204 1196/1196/1196 
f 1204/1204/1204 1173/1173/1173 1196/1196/1196 
f 1106/1106/1106 1108/1108/1108 1204/1204/1204 
f 1108/1108/1108 1205/1205/1205 1204/1204/1204 
f 1204/1204/1204 1205/1205/1205 1168/1168/1168 
f 1169/1169/1169 1204/1204/1204 1168/1168/1168 
f 1204/1204/1204 1169/1169/1169 1173/1173/1173 
f 1168/1168/1168 1205/1205/1205 1147/1147/1147 
f 1166/1166/1166 1168/1168/1168 1147/1147/1147 
f 1148/1148/1148 1166/1166/1166 1147/1147/1147 
f 1148/1148/1148 1151/1151/1151 1166/1166/1166 
f 1205/1205/1205 1132/1132/1132 1147/1147/1147 
f 1108/1108/1108 1129/1129/1129 1205/1205/1205 
f 1129/1129/1129 1132/1132/1132 1205/1205/1205 
f 1207/1207/1207 1206/1206/1206 1165/1165/1165 
f 1165/1165/1165 1206/1206/1206 1159/1159/1159 
f 1206/1206/1206 1161/1161/1161 1159/1159/1159 
f 1208/1208/1208 1206/1206/1206 1207/1207/1207 
f 1210/1210/1210 506/506/506 1209/1209/1209 
f 506/506/506 1210/1210/1210 1211/1211/1211 
f 1210/1210/1210 1212/1212/1212 1211/1211/1211 
f 1211/1211/1211 1212/1212/1212 1213/1213/1213 
f 1212/1212/1212 1214/1214/1214 1213/1213/1213 
f 1213/1213/1213 1214/1214/1214 1215/1215/1215 
f 1216/1216/1216 1213/1213/1213 1215/1215/1215 
f 1216/1216/1216 1215/1215/1215 1217/1217/1217 
f 1215/1215/1215 1218/1218/1218 1217/1217/1217 
f 1217/1217/1217 1218/1218/1218 1219/1219/1219 
f 1218/1218/1218 1220/1220/1220 1219/1219/1219 
f 1219/1219/1219 1220/1220/1220 1221/1221/1221 
f 1220/1220/1220 1222/1222/1222 1221/1221/1221 
f 1221/1221/1221 1222/1222/1222 1223/1223/1223 
f 1222/1222/1222 535/535/535 1223/1223/1223 
f 1223/1223/1223 535/535/535 522/522/522 
f 520/520/520 1223/1223/1223 522/522/522 
f 1221/1221/1221 1223/1223/1223 520/520/520 
f 518/518/518 1221/1221/1221 520/520/520 
f 1219/1219/1219 1221/1221/1221 518/518/518 
f 517/517/517 1219/1219/1219 518/518/518 
f 1217/1217/1217 1219/1219/1219 517/517/517 
f 515/515/515 1217/1217/1217 517/517/517 
f 1216/1216/1216 1217/1217/1217 515/515/515 
f 512/512/512 1216/1216/1216 515/515/515 
f 1216/1216/1216 512/512/512 1213/1213/1213 
f 512/512/512 511/511/511 1213/1213/1213 
f 1211/1211/1211 1213/1213/1213 511/511/511 
f 508/508/508 1211/1211/1211 511/511/511 
f 506/506/506 1211/1211/1211 508/508/508 
f 1225/1225/1225 1224/1224/1224 1184/1184/1184 
f 1224/1224/1224 1226/1226/1226 1184/1184/1184 
f 440/440/440 462/462/462 438/438/438 
f 462/462/462 464/464/464 438/438/438 
f 442/442/442 462/462/462 440/440/440 
f 458/458/458 462/462/462 442/442/442 
f 451/451/451 468/468/468 449/449/449 
f 470/470/470 468/468/468 451/451/451 
f 453/453/453 470/470/470 451/451/451 
f 1228/1228/1228 1227/1227/1227 453/453/453 
f 1229/1229/1229 1228/1228/1228 453/453/453 
f 452/452/452 1229/1229/1229 453/453/453 
f 457/457/457 1229/1229/1229 452/452/452 
f 457/457/457 1230/1230/1230 1229/1229/1229 
f 1230/1230/1230 457/457/457 456/456/456 
f 1231/1231/1231 1230/1230/1230 456/456/456 
f 1231/1231/1231 456/456/456 454/454/454 
f 1232/1232/1232 1231/1231/1231 454/454/454 
f 1232/1232/1232 454/454/454 455/455/455 
f 1233/1233/1233 1232/1232/1232 455/455/455 
f 1234/1234/1234 1233/1233/1233 455/455/455 
f 1234/1234/1234 455/455/455 446/446/446 
f 444/444/444 1234/1234/1234 446/446/446 
f 444/444/444 1153/1153/1153 1234/1234/1234 
f 1153/1153/1153 444/444/444 443/443/443 
f 1153/1153/1153 1163/1163/1163 1234/1234/1234 
f 1234/1234/1234 1163/1163/1163 1233/1233/1233 
f 1163/1163/1163 1235/1235/1235 1233/1233/1233 
f 1163/1163/1163 1156/1156/1156 1235/1235/1235 
f 1156/1156/1156 1158/1158/1158 1235/1235/1235 
f 1158/1158/1158 1236/1236/1236 1235/1235/1235 
f 1235/1235/1235 1236/1236/1236 1233/1233/1233 
f 1236/1236/1236 1232/1232/1232 1233/1233/1233 
f 1158/1158/1158 1160/1160/1160 1236/1236/1236 
f 1160/1160/1160 1237/1237/1237 1236/1236/1236 
f 1236/1236/1236 1237/1237/1237 1232/1232/1232 
f 1160/1160/1160 1162/1162/1162 1237/1237/1237 
f 1162/1162/1162 1238/1238/1238 1237/1237/1237 
f 1238/1238/1238 1239/1239/1239 1237/1237/1237 
f 1237/1237/1237 1239/1239/1239 1231/1231/1231 
f 1237/1237/1237 1231/1231/1231 1232/1232/1232 
f 1239/1239/1239 1230/1230/1230 1231/1231/1231 
f 1230/1230/1230 1240/1240/1240 1229/1229/1229 
f 1229/1229/1229 1240/1240/1240 1228/1228/1228 
f 1240/1240/1240 1241/1241/1241 1228/1228/1228 
f 1228/1228/1228 1241/1241/1241 1227/1227/1227 
f 1241/1241/1241 471/471/471 1227/1227/1227 
f 1243/1243/1243 473/473/473 1242/1242/1242 
f 1242/1242/1242 473/473/473 474/474/474 
f 1246/1246/1246 1245/1245/1245 1244/1244/1244 
f 1245/1245/1245 1247/1247/1247 1244/1244/1244 
f 1246/1246/1246 1244/1244/1244 1248/1248/1248 
f 1244/1244/1244 1249/1249/1249 1248/1248/1248 
f 1250/1250/1250 1245/1245/1245 1246/1246/1246 
f 1251/1251/1251 1250/1250/1250 1246/1246/1246 
f 1251/1251/1251 1246/1246/1246 1248/1248/1248 
f 1252/1252/1252 1251/1251/1251 1248/1248/1248 
f 1253/1253/1253 1250/1250/1250 1251/1251/1251 
f 1254/1254/1254 1253/1253/1253 1251/1251/1251 
f 1255/1255/1255 1253/1253/1253 1254/1254/1254 
f 1256/1256/1256 1255/1255/1255 1254/1254/1254 
f 1254/1254/1254 1251/1251/1251 1257/1257/1257 
f 1251/1251/1251 1252/1252/1252 1257/1257/1257 
f 1249/1249/1249 1244/1244/1244 1258/1258/1258 
f 1259/1259/1259 1249/1249/1249 1258/1258/1258 
f 1260/1260/1260 1259/1259/1259 1258/1258/1258 
f 1260/1260/1260 1258/1258/1258 1261/1261/1261 
f 1262/1262/1262 1260/1260/1260 1261/1261/1261 
f 1262/1262/1262 1261/1261/1261 1263/1263/1263 
f 1264/1264/1264 1262/1262/1262 1263/1263/1263 
f 1265/1265/1265 1260/1260/1260 1262/1262/1262 
f 1266/1266/1266 1265/1265/1265 1262/1262/1262 
f 1266/1266/1266 1262/1262/1262 1264/1264/1264 
f 1267/1267/1267 1266/1266/1266 1264/1264/1264 
f 1268/1268/1268 1266/1266/1266 1267/1267/1267 
f 1269/1269/1269 1268/1268/1268 1267/1267/1267 
f 1270/1270/1270 1268/1268/1268 1269/1269/1269 
f 1270/1270/1270 1271/1271/1271 1268/1268/1268 
f 1271/1271/1271 1272/1272/1272 1268/1268/1268 
f 1268/1268/1268 1272/1272/1272 1266/1266/1266 
f 1272/1272/1272 1265/1265/1265 1266/1266/1266 
f 1273/1273/1273 1270/1270/1270 1269/1269/1269 
f 1274/1274/1274 1270/1270/1270 1273/1273/1273 
f 1275/1275/1275 1274/1274/1274 1273/1273/1273 
f 1274/1274/1274 1276/1276/1276 1270/1270/1270 
f 1276/1276/1276 1271/1271/1271 1270/1270/1270 
f 1271/1271/1271 1276/1276/1276 1277/1277/1277 
f 1276/1276/1276 1278/1278/1278 1277/1277/1277 
f 1272/1272/1272 1271/1271/1271 1279/1279/1279 
f 1271/1271/1271 1277/1277/1277 1279/1279/1279 
f 1265/1265/1265 1272/1272/1272 1280/1280/1280 
f 1272/1272/1272 1279/1279/1279 1280/1280/1280 
f 1260/1260/1260 1265/1265/1265 1280/1280/1280 
f 1280/1280/1280 1281/1281/1281 1260/1260/1260 
f 1281/1281/1281 1259/1259/1259 1260/1260/1260 
f 1281/1281/1281 1282/1282/1282 1259/1259/1259 
f 1282/1282/1282 1249/1249/1249 1259/1259/1259 
f 1282/1282/1282 1283/1283/1283 1249/1249/1249 
f 1283/1283/1283 1248/1248/1248 1249/1249/1249 
f 1248/1248/1248 1283/1283/1283 1284/1284/1284 
f 1252/1252/1252 1248/1248/1248 1284/1284/1284 
f 1252/1252/1252 1284/1284/1284 1285/1285/1285 
f 1257/1257/1257 1252/1252/1252 1285/1285/1285 
f 1257/1257/1257 1285/1285/1285 1286/1286/1286 
f 1254/1254/1254 1257/1257/1257 1286/1286/1286 
f 1254/1254/1254 1286/1286/1286 1287/1287/1287 
f 1254/1254/1254 1287/1287/1287 1288/1288/1288 
f 1256/1256/1256 1254/1254/1254 1288/1288/1288 
f 1256/1256/1256 1288/1288/1288 1289/1289/1289 
f 1290/1290/1290 1256/1256/1256 1289/1289/1289 
f 1290/1290/1290 1291/1291/1291 1256/1256/1256 
f 1290/1290/1290 1292/1292/1292 1291/1291/1291 
f 1291/1291/1291 1255/1255/1255 1256/1256/1256 
f 1255/1255/1255 1291/1291/1291 1293/1293/1293 
f 1255/1255/1255 1293/1293/1293 1294/1294/1294 
f 1253/1253/1253 1255/1255/1255 1294/1294/1294 
f 1294/1294/1294 1293/1293/1293 1295/1295/1295 
f 1293/1293/1293 1296/1296/1296 1295/1295/1295 
f 1253/1253/1253 1294/1294/1294 1297/1297/1297 
f 1250/1250/1250 1253/1253/1253 1297/1297/1297 
f 1250/1250/1250 1297/1297/1297 1298/1298/1298 
f 1245/1245/1245 1250/1250/1250 1298/1298/1298 
f 1245/1245/1245 1298/1298/1298 1299/1299/1299 
f 1247/1247/1247 1245/1245/1245 1299/1299/1299 
f 1299/1299/1299 1298/1298/1298 1300/1300/1300 
f 1298/1298/1298 1301/1301/1301 1300/1300/1300 
f 1298/1298/1298 1297/1297/1297 1301/1301/1301 
f 1300/1300/1300 1301/1301/1301 1302/1302/1302 
f 1303/1303/1303 1300/1300/1300 1302/1302/1302 
f 1297/1297/1297 1304/1304/1304 1301/1301/1301 
f 1301/1301/1301 1304/1304/1304 1302/1302/1302 
f 1297/1297/1297 1294/1294/1294 1304/1304/1304 
f 1294/1294/1294 1295/1295/1295 1304/1304/1304 
f 1304/1304/1304 1305/1305/1305 1302/1302/1302 
f 1305/1305/1305 1304/1304/1304 1306/1306/1306 
f 1304/1304/1304 1295/1295/1295 1306/1306/1306 
f 1300/1300/1300 1303/1303/1303 1307/1307/1307 
f 1303/1303/1303 1308/1308/1308 1307/1307/1307 
f 1308/1308/1308 1309/1309/1309 1307/1307/1307 
f 1307/1307/1307 1309/1309/1309 1310/1310/1310 
f 1309/1309/1309 1311/1311/1311 1310/1310/1310 
f 1310/1310/1310 1311/1311/1311 1312/1312/1312 
f 1311/1311/1311 1313/1313/1313 1312/1312/1312 
f 1312/1312/1312 1313/1313/1313 1314/1314/1314 
f 1313/1313/1313 1315/1315/1315 1314/1314/1314 
f 1309/1309/1309 1316/1316/1316 1311/1311/1311 
f 1316/1316/1316 1317/1317/1317 1311/1311/1311 
f 1311/1311/1311 1317/1317/1317 1313/1313/1313 
f 1317/1317/1317 1318/1318/1318 1313/1313/1313 
f 1313/1313/1313 1318/1318/1318 1315/1315/1315 
f 1318/1318/1318 1319/1319/1319 1315/1315/1315 
f 1317/1317/1317 1320/1320/1320 1318/1318/1318 
f 1320/1320/1320 1321/1321/1321 1318/1318/1318 
f 1318/1318/1318 1321/1321/1321 1319/1319/1319 
f 1320/1320/1320 1322/1322/1322 1321/1321/1321 
f 1323/1323/1323 1322/1322/1322 1320/1320/1320 
f 1324/1324/1324 1323/1323/1323 1320/1320/1320 
f 1316/1316/1316 1324/1324/1324 1317/1317/1317 
f 1324/1324/1324 1320/1320/1320 1317/1317/1317 
f 1322/1322/1322 1325/1325/1325 1321/1321/1321 
f 1321/1321/1321 1325/1325/1325 1326/1326/1326 
f 1321/1321/1321 1326/1326/1326 1319/1319/1319 
f 1325/1325/1325 1327/1327/1327 1326/1326/1326 
f 1322/1322/1322 1328/1328/1328 1325/1325/1325 
f 1328/1328/1328 1329/1329/1329 1325/1325/1325 
f 1325/1325/1325 1329/1329/1329 1327/1327/1327 
f 1329/1329/1329 1330/1330/1330 1327/1327/1327 
f 1323/1323/1323 1331/1331/1331 1322/1322/1322 
f 1331/1331/1331 1328/1328/1328 1322/1322/1322 
f 1328/1328/1328 1331/1331/1331 1332/1332/1332 
f 1331/1331/1331 1323/1323/1323 1333/1333/1333 
f 1334/1334/1334 1331/1331/1331 1333/1333/1333 
f 1333/1333/1333 1323/1323/1323 1335/1335/1335 
f 1323/1323/1323 1324/1324/1324 1335/1335/1335 
f 1335/1335/1335 1324/1324/1324 1336/1336/1336 
f 1324/1324/1324 1316/1316/1316 1336/1336/1336 
f 1316/1316/1316 1309/1309/1309 1336/1336/1336 
f 1337/1337/1337 1336/1336/1336 1309/1309/1309 
f 1308/1308/1308 1337/1337/1337 1309/1309/1309 
f 1338/1338/1338 1337/1337/1337 1308/1308/1308 
f 1303/1303/1303 1338/1338/1338 1308/1308/1308 
f 1339/1339/1339 1338/1338/1338 1303/1303/1303 
f 1302/1302/1302 1339/1339/1339 1303/1303/1303 
f 1339/1339/1339 1302/1302/1302 1340/1340/1340 
f 1302/1302/1302 1305/1305/1305 1340/1340/1340 
f 1340/1340/1340 1305/1305/1305 1341/1341/1341 
f 1305/1305/1305 1306/1306/1306 1341/1341/1341 
f 1341/1341/1341 1306/1306/1306 1342/1342/1342 
f 1306/1306/1306 1295/1295/1295 1342/1342/1342 
f 1342/1342/1342 1295/1295/1295 1343/1343/1343 
f 1343/1343/1343 1295/1295/1295 1344/1344/1344 
f 1295/1295/1295 1296/1296/1296 1344/1344/1344 
f 1344/1344/1344 1296/1296/1296 1345/1345/1345 
f 1296/1296/1296 1346/1346/1346 1345/1345/1345 
f 1347/1347/1347 1346/1346/1346 1296/1296/1296 
f 1293/1293/1293 1347/1347/1347 1296/1296/1296 
f 1291/1291/1291 1347/1347/1347 1293/1293/1293 
f 1348/1348/1348 1346/1346/1346 1347/1347/1347 
f 1098/1098/1098 1350/1350/1350 1349/1349/1349 
f 1350/1350/1350 1351/1351/1351 1349/1349/1349 
f 1349/1349/1349 1351/1351/1351 1352/1352/1352 
f 1351/1351/1351 1353/1353/1353 1352/1352/1352 
f 1103/1103/1103 1350/1350/1350 1098/1098/1098 
f 1098/1098/1098 1349/1349/1349 1078/1078/1078 
f 1078/1078/1078 1081/1081/1081 1098/1098/1098 
f 1349/1349/1349 1076/1076/1076 1078/1078/1078 
f 1349/1349/1349 1352/1352/1352 1076/1076/1076 
f 1352/1352/1352 1075/1075/1075 1076/1076/1076 
f 1353/1353/1353 1354/1354/1354 1352/1352/1352 
f 1354/1354/1354 1034/1034/1034 1352/1352/1352 
f 1354/1354/1354 1030/1030/1030 1034/1034/1034 
f 1075/1075/1075 1352/1352/1352 1072/1072/1072 
f 1352/1352/1352 1034/1034/1034 1072/1072/1072 
f 1059/1059/1059 1072/1072/1072 1034/1034/1034 
f 1036/1036/1036 1059/1059/1059 1034/1034/1034 
f 1056/1056/1056 1059/1059/1059 1036/1036/1036 
f 1038/1038/1038 1056/1056/1056 1036/1036/1036 
f 1040/1040/1040 1056/1056/1056 1038/1038/1038 
f 1357/1357/1357 1356/1356/1356 1355/1355/1355 
f 1356/1356/1356 1358/1358/1358 1355/1355/1355 
f 1359/1359/1359 1356/1356/1356 1357/1357/1357 
f 1360/1360/1360 1359/1359/1359 1357/1357/1357 
f 1355/1355/1355 1358/1358/1358 1361/1361/1361 
f 1362/1362/1362 1355/1355/1355 1361/1361/1361 
f 1362/1362/1362 1361/1361/1361 1363/1363/1363 
f 1361/1361/1361 1364/1364/1364 1363/1363/1363 
f 1363/1363/1363 1364/1364/1364 1365/1365/1365 
f 1364/1364/1364 1366/1366/1366 1365/1365/1365 
f 1366/1366/1366 1367/1367/1367 1365/1365/1365 
f 1367/1367/1367 1368/1368/1368 1365/1365/1365 
f 1367/1367/1367 1369/1369/1369 1368/1368/1368 
f 1368/1368/1368 1369/1369/1369 1087/1087/1087 
f 1369/1369/1369 1089/1089/1089 1087/1087/1087 
f 1365/1365/1365 1368/1368/1368 1085/1085/1085 
f 1368/1368/1368 1087/1087/1087 1085/1085/1085 
f 1363/1363/1363 1365/1365/1365 1085/1085/1085 
f 1083/1083/1083 1363/1363/1363 1085/1085/1085 
f 1362/1362/1362 1363/1363/1363 1083/1083/1083 
f 1080/1080/1080 1362/1362/1362 1083/1083/1083 
f 1362/1362/1362 1080/1080/1080 1355/1355/1355 
f 1080/1080/1080 1079/1079/1079 1355/1355/1355 
f 1357/1357/1357 1355/1355/1355 1079/1079/1079 
f 1077/1077/1077 1357/1357/1357 1079/1079/1079 
f 1360/1360/1360 1357/1357/1357 1077/1077/1077 
f 1074/1074/1074 1360/1360/1360 1077/1077/1077 
f 1369/1369/1369 1370/1370/1370 1089/1089/1089 
f 1370/1370/1370 1094/1094/1094 1089/1089/1089 
f 1371/1371/1371 1094/1094/1094 1370/1370/1370 
f 1372/1372/1372 1371/1371/1371 1370/1370/1370 
f 1372/1372/1372 1370/1370/1370 1369/1369/1369 
f 1373/1373/1373 1371/1371/1371 1372/1372/1372 
f 1374/1374/1374 1373/1373/1373 1372/1372/1372 
f 1375/1375/1375 1373/1373/1373 1374/1374/1374 
f 1376/1376/1376 1375/1375/1375 1374/1374/1374 
f 1377/1377/1377 1375/1375/1375 1376/1376/1376 
f 1378/1378/1378 1377/1377/1377 1376/1376/1376 
f 1378/1378/1378 1379/1379/1379 1377/1377/1377 
f 1379/1379/1379 1380/1380/1380 1377/1377/1377 
f 1381/1381/1381 1380/1380/1380 1379/1379/1379 
f 1382/1382/1382 1381/1381/1381 1379/1379/1379 
f 1383/1383/1383 1381/1381/1381 1382/1382/1382 
f 1384/1384/1384 1383/1383/1383 1382/1382/1382 
f 1374/1374/1374 1372/1372/1372 1367/1367/1367 
f 1367/1367/1367 1372/1372/1372 1369/1369/1369 
f 1366/1366/1366 1374/1374/1374 1367/1367/1367 
f 1376/1376/1376 1374/1374/1374 1366/1366/1366 
f 1364/1364/1364 1376/1376/1376 1366/1366/1366 
f 1378/1378/1378 1376/1376/1376 1364/1364/1364 
f 1361/1361/1361 1378/1378/1378 1364/1364/1364 
f 1378/1378/1378 1361/1361/1361 1379/1379/1379 
f 1361/1361/1361 1358/1358/1358 1379/1379/1379 
f 1382/1382/1382 1379/1379/1379 1358/1358/1358 
f 1356/1356/1356 1382/1382/1382 1358/1358/1358 
f 1384/1384/1384 1382/1382/1382 1356/1356/1356 
f 1359/1359/1359 1384/1384/1384 1356/1356/1356 
f 1383/1383/1383 1384/1384/1384 1385/1385/1385 
f 1386/1386/1386 1383/1383/1383 1385/1385/1385 
f 1386/1386/1386 1385/1385/1385 1387/1387/1387 
f 1385/1385/1385 1388/1388/1388 1387/1387/1387 
f 1387/1387/1387 1388/1388/1388 1389/1389/1389 
f 1390/1390/1390 1387/1387/1387 1389/1389/1389 
f 1390/1390/1390 1389/1389/1389 1391/1391/1391 
f 1392/1392/1392 1390/1390/1390 1391/1391/1391 
f 1392/1392/1392 1391/1391/1391 1393/1393/1393 
f 1394/1394/1394 1392/1392/1392 1393/1393/1393 
f 1394/1394/1394 1393/1393/1393 1395/1395/1395 
f 1069/1069/1069 1394/1394/1394 1395/1395/1395 
f 1069/1069/1069 1395/1395/1395 1064/1064/1064 
f 1395/1395/1395 1396/1396/1396 1064/1064/1064 
f 1395/1395/1395 1393/1393/1393 1396/1396/1396 
f 1064/1064/1064 1396/1396/1396 1062/1062/1062 
f 1396/1396/1396 1397/1397/1397 1062/1062/1062 
f 1396/1396/1396 1398/1398/1398 1397/1397/1397 
f 1393/1393/1393 1398/1398/1398 1396/1396/1396 
f 1393/1393/1393 1391/1391/1391 1398/1398/1398 
f 1397/1397/1397 1398/1398/1398 1399/1399/1399 
f 1398/1398/1398 1400/1400/1400 1399/1399/1399 
f 1391/1391/1391 1400/1400/1400 1398/1398/1398 
f 1391/1391/1391 1389/1389/1389 1400/1400/1400 
f 1400/1400/1400 1401/1401/1401 1399/1399/1399 
f 1389/1389/1389 1401/1401/1401 1400/1400/1400 
f 1401/1401/1401 1402/1402/1402 1399/1399/1399 
f 1401/1401/1401 1403/1403/1403 1402/1402/1402 
f 1403/1403/1403 1404/1404/1404 1402/1402/1402 
f 1405/1405/1405 1404/1404/1404 1403/1403/1403 
f 1406/1406/1406 1405/1405/1405 1403/1403/1403 
f 1406/1406/1406 1359/1359/1359 1405/1405/1405 
f 1359/1359/1359 1360/1360/1360 1405/1405/1405 
f 1062/1062/1062 1397/1397/1397 1060/1060/1060 
f 1397/1397/1397 1399/1399/1399 1060/1060/1060 
f 1399/1399/1399 1402/1402/1402 1060/1060/1060 
f 1402/1402/1402 1057/1057/1057 1060/1060/1060 
f 1402/1402/1402 1404/1404/1404 1057/1057/1057 
f 1404/1404/1404 1058/1058/1058 1057/1057/1057 
f 1058/1058/1058 1404/1404/1404 1405/1405/1405 
f 1073/1073/1073 1058/1058/1058 1405/1405/1405 
f 1405/1405/1405 1360/1360/1360 1073/1073/1073 
f 1360/1360/1360 1074/1074/1074 1073/1073/1073 
f 1388/1388/1388 1403/1403/1403 1401/1401/1401 
f 1389/1389/1389 1388/1388/1388 1401/1401/1401 
f 1406/1406/1406 1403/1403/1403 1385/1385/1385 
f 1403/1403/1403 1388/1388/1388 1385/1385/1385 
f 1385/1385/1385 1384/1384/1384 1406/1406/1406 
f 1384/1384/1384 1359/1359/1359 1406/1406/1406 
f 1408/1408/1408 1407/1407/1407 1145/1145/1145 
f 1408/1408/1408 1145/1145/1145 1139/1139/1139 
f 1141/1141/1141 1408/1408/1408 1139/1139/1139 
f 1408/1408/1408 1409/1409/1409 1407/1407/1407 
f 1411/1411/1411 1410/1410/1410 1193/1193/1193 
f 1410/1410/1410 1412/1412/1412 1193/1193/1193 
f 1082/1082/1082 1105/1105/1105 1097/1097/1097 
f 1082/1082/1082 1107/1107/1107 1105/1105/1105 
f 1082/1082/1082 1084/1084/1084 1107/1107/1107 
f 1136/1136/1136 1143/1143/1143 1413/1413/1413 
f 1138/1138/1138 1136/1136/1136 1413/1413/1413 
f 1414/1414/1414 1138/1138/1138 1413/1413/1413 
f 1140/1140/1140 1138/1138/1138 1414/1414/1414 
f 1415/1415/1415 1140/1140/1140 1414/1414/1414 
f 1142/1142/1142 1140/1140/1140 1415/1415/1415 
f 1416/1416/1416 1142/1142/1142 1415/1415/1415 
f 1413/1413/1413 1143/1143/1143 1126/1126/1126 
f 1414/1414/1414 1413/1413/1413 1126/1126/1126 
f 1143/1143/1143 1127/1127/1127 1126/1126/1126 
f 1143/1143/1143 1128/1128/1128 1127/1127/1127 
f 1125/1125/1125 1414/1414/1414 1126/1126/1126 
f 1415/1415/1415 1414/1414/1414 1125/1125/1125 
f 1124/1124/1124 1415/1415/1415 1125/1125/1125 
f 1417/1417/1417 1415/1415/1415 1124/1124/1124 
f 1417/1417/1417 1416/1416/1416 1415/1415/1415 
f 1123/1123/1123 1417/1417/1417 1124/1124/1124 
f 1419/1419/1419 1123/1123/1123 1418/1418/1418 
f 1123/1123/1123 1122/1122/1122 1418/1418/1418 
f 1418/1418/1418 1122/1122/1122 1117/1117/1117 
f 1418/1418/1418 1117/1117/1117 1118/1118/1118 
f 1420/1420/1420 1418/1418/1418 1118/1118/1118 
f 1419/1419/1419 1418/1418/1418 1420/1420/1420 
f 1421/1421/1421 1420/1420/1420 1118/1118/1118 
f 1422/1422/1422 1419/1419/1419 1420/1420/1420 
f 1422/1422/1422 1420/1420/1420 1421/1421/1421 
f 1093/1093/1093 1422/1422/1422 1421/1421/1421 
f 1095/1095/1095 1424/1424/1424 1423/1423/1423 
f 1095/1095/1095 1423/1423/1423 1096/1096/1096 
f 1273/1273/1273 1425/1425/1425 1275/1275/1275 
f 1425/1425/1425 1426/1426/1426 1275/1275/1275 
f 1427/1427/1427 1425/1425/1425 1273/1273/1273 
f 1269/1269/1269 1427/1427/1427 1273/1273/1273 
f 1428/1428/1428 1427/1427/1427 1269/1269/1269 
f 1267/1267/1267 1428/1428/1428 1269/1269/1269 
f 1267/1267/1267 1264/1264/1264 1428/1428/1428 
f 1264/1264/1264 1429/1429/1429 1428/1428/1428 
f 1264/1264/1264 1263/1263/1263 1429/1429/1429 
f 1263/1263/1263 1430/1430/1430 1429/1429/1429 
f 1431/1431/1431 1429/1429/1429 1430/1430/1430 
f 1432/1432/1432 1431/1431/1431 1430/1430/1430 
f 1433/1433/1433 1431/1431/1431 1432/1432/1432 
f 1434/1434/1434 1433/1433/1433 1432/1432/1432 
f 1435/1435/1435 1433/1433/1433 1434/1434/1434 
f 1436/1436/1436 1435/1435/1435 1434/1434/1434 
f 1435/1435/1435 1437/1437/1437 1433/1433/1433 
f 1437/1437/1437 1438/1438/1438 1433/1433/1433 
f 1433/1433/1433 1438/1438/1438 1431/1431/1431 
f 1438/1438/1438 1439/1439/1439 1431/1431/1431 
f 1431/1431/1431 1439/1439/1439 1429/1429/1429 
f 1439/1439/1439 1428/1428/1428 1429/1429/1429 
f 1438/1438/1438 1440/1440/1440 1439/1439/1439 
f 1440/1440/1440 1441/1441/1441 1439/1439/1439 
f 1440/1440/1440 1442/1442/1442 1441/1441/1441 
f 1443/1443/1443 1442/1442/1442 1440/1440/1440 
f 1444/1444/1444 1443/1443/1443 1440/1440/1440 
f 1437/1437/1437 1444/1444/1444 1438/1438/1438 
f 1444/1444/1444 1440/1440/1440 1438/1438/1438 
f 1442/1442/1442 1445/1445/1445 1441/1441/1441 
f 1441/1441/1441 1445/1445/1445 1427/1427/1427 
f 1445/1445/1445 1425/1425/1425 1427/1427/1427 
f 1439/1439/1439 1441/1441/1441 1428/1428/1428 
f 1441/1441/1441 1427/1427/1427 1428/1428/1428 
f 1442/1442/1442 1446/1446/1446 1445/1445/1445 
f 1446/1446/1446 1447/1447/1447 1445/1445/1445 
f 1445/1445/1445 1447/1447/1447 1425/1425/1425 
f 1447/1447/1447 1426/1426/1426 1425/1425/1425 
f 1443/1443/1443 1448/1448/1448 1442/1442/1442 
f 1448/1448/1448 1446/1446/1446 1442/1442/1442 
f 1446/1446/1446 1448/1448/1448 1449/1449/1449 
f 1451/1451/1451 1450/1450/1450 679/679/679 
f 679/679/679 1450/1450/1450 673/673/673 
f 1450/1450/1450 675/675/675 673/673/673 
f 1452/1452/1452 1450/1450/1450 1451/1451/1451 
f 559/559/559 706/706/706 557/557/557 
f 560/560/560 706/706/706 559/559/559 
f 704/704/704 706/706/706 560/560/560 
f 564/564/564 704/704/704 560/560/560 
f 702/702/702 704/704/704 564/564/564 
f 566/566/566 702/702/702 564/564/564 
f 700/700/700 702/702/702 566/566/566 
f 568/568/568 700/700/700 566/566/566 
f 697/697/697 700/700/700 568/568/568 
f 570/570/570 697/697/697 568/568/568 
f 720/720/720 732/732/732 714/714/714 
f 732/732/732 715/715/715 714/714/714 
f 715/715/715 732/732/732 780/780/780 
f 732/732/732 749/749/749 780/780/780 
f 780/780/780 749/749/749 779/779/779 
f 749/749/749 750/750/750 779/779/779 
f 769/769/769 779/779/779 750/750/750 
f 753/753/753 769/769/769 750/750/750 
f 769/769/769 753/753/753 767/767/767 
f 1454/1454/1454 711/711/711 1453/1453/1453 
f 1453/1453/1453 711/711/711 712/712/712 
f 694/694/694 1455/1455/1455 695/695/695 
f 695/695/695 1455/1455/1455 696/696/696 
f 1455/1455/1455 709/709/709 696/696/696 
f 1458/1458/1458 1457/1457/1457 1456/1456/1456 
f 1457/1457/1457 1459/1459/1459 1456/1456/1456 
f 1458/1458/1458 1456/1456/1456 1460/1460/1460 
f 1456/1456/1456 1461/1461/1461 1460/1460/1460 
f 1462/1462/1462 1457/1457/1457 1458/1458/1458 
f 1463/1463/1463 1462/1462/1462 1458/1458/1458 
f 1463/1463/1463 1458/1458/1458 1460/1460/1460 
f 1464/1464/1464 1463/1463/1463 1460/1460/1460 
f 1465/1465/1465 1462/1462/1462 1463/1463/1463 
f 1466/1466/1466 1465/1465/1465 1463/1463/1463 
f 1467/1467/1467 1465/1465/1465 1466/1466/1466 
f 1468/1468/1468 1467/1467/1467 1466/1466/1466 
f 1466/1466/1466 1463/1463/1463 1469/1469/1469 
f 1463/1463/1463 1464/1464/1464 1469/1469/1469 
f 1461/1461/1461 1456/1456/1456 1470/1470/1470 
f 1471/1471/1471 1461/1461/1461 1470/1470/1470 
f 1472/1472/1472 1471/1471/1471 1470/1470/1470 
f 1472/1472/1472 1470/1470/1470 1473/1473/1473 
f 1474/1474/1474 1472/1472/1472 1473/1473/1473 
f 1474/1474/1474 1473/1473/1473 1475/1475/1475 
f 1476/1476/1476 1474/1474/1474 1475/1475/1475 
f 1477/1477/1477 1472/1472/1472 1474/1474/1474 
f 1478/1478/1478 1477/1477/1477 1474/1474/1474 
f 1478/1478/1478 1474/1474/1474 1476/1476/1476 
f 1479/1479/1479 1478/1478/1478 1476/1476/1476 
f 1480/1480/1480 1478/1478/1478 1479/1479/1479 
f 1481/1481/1481 1480/1480/1480 1479/1479/1479 
f 1482/1482/1482 1480/1480/1480 1481/1481/1481 
f 1482/1482/1482 1483/1483/1483 1480/1480/1480 
f 1483/1483/1483 1484/1484/1484 1480/1480/1480 
f 1480/1480/1480 1484/1484/1484 1478/1478/1478 
f 1484/1484/1484 1477/1477/1477 1478/1478/1478 
f 1485/1485/1485 1482/1482/1482 1481/1481/1481 
f 1486/1486/1486 1482/1482/1482 1485/1485/1485 
f 1487/1487/1487 1486/1486/1486 1485/1485/1485 
f 1486/1486/1486 1488/1488/1488 1482/1482/1482 
f 1488/1488/1488 1483/1483/1483 1482/1482/1482 
f 1488/1488/1488 1486/1486/1486 1489/1489/1489 
f 1483/1483/1483 1488/1488/1488 1490/1490/1490 
f 1488/1488/1488 1491/1491/1491 1490/1490/1490 
f 1484/1484/1484 1483/1483/1483 1492/1492/1492 
f 1483/1483/1483 1490/1490/1490 1492/1492/1492 
f 1477/1477/1477 1484/1484/1484 1493/1493/1493 
f 1484/1484/1484 1492/1492/1492 1493/1493/1493 
f 1472/1472/1472 1477/1477/1477 1493/1493/1493 
f 1493/1493/1493 1494/1494/1494 1472/1472/1472 
f 1494/1494/1494 1471/1471/1471 1472/1472/1472 
f 1494/1494/1494 1495/1495/1495 1471/1471/1471 
f 1495/1495/1495 1461/1461/1461 1471/1471/1471 
f 1495/1495/1495 1496/1496/1496 1461/1461/1461 
f 1496/1496/1496 1460/1460/1460 1461/1461/1461 
f 1460/1460/1460 1496/1496/1496 1497/1497/1497 
f 1464/1464/1464 1460/1460/1460 1497/1497/1497 
f 1464/1464/1464 1497/1497/1497 1498/1498/1498 
f 1469/1469/1469 1464/1464/1464 1498/1498/1498 
f 1469/1469/1469 1498/1498/1498 1499/1499/1499 
f 1466/1466/1466 1469/1469/1469 1499/1499/1499 
f 1466/1466/1466 1499/1499/1499 1500/1500/1500 
f 1466/1466/1466 1500/1500/1500 1501/1501/1501 
f 1468/1468/1468 1466/1466/1466 1501/1501/1501 
f 1468/1468/1468 1501/1501/1501 1502/1502/1502 
f 1503/1503/1503 1468/1468/1468 1502/1502/1502 
f 1503/1503/1503 1504/1504/1504 1468/1468/1468 
f 1504/1504/1504 1467/1467/1467 1468/1468/1468 
f 1467/1467/1467 1504/1504/1504 1505/1505/1505 
f 1467/1467/1467 1505/1505/1505 1506/1506/1506 
f 1465/1465/1465 1467/1467/1467 1506/1506/1506 
f 1506/1506/1506 1505/1505/1505 1507/1507/1507 
f 1505/1505/1505 1508/1508/1508 1507/1507/1507 
f 1465/1465/1465 1506/1506/1506 1509/1509/1509 
f 1462/1462/1462 1465/1465/1465 1509/1509/1509 
f 1462/1462/1462 1509/1509/1509 1510/1510/1510 
f 1457/1457/1457 1462/1462/1462 1510/1510/1510 
f 1457/1457/1457 1510/1510/1510 1511/1511/1511 
f 1459/1459/1459 1457/1457/1457 1511/1511/1511 
f 1511/1511/1511 1510/1510/1510 1512/1512/1512 
f 1510/1510/1510 1513/1513/1513 1512/1512/1512 
f 1510/1510/1510 1509/1509/1509 1513/1513/1513 
f 1512/1512/1512 1513/1513/1513 1514/1514/1514 
f 1515/1515/1515 1512/1512/1512 1514/1514/1514 
f 1509/1509/1509 1516/1516/1516 1513/1513/1513 
f 1513/1513/1513 1516/1516/1516 1514/1514/1514 
f 1509/1509/1509 1506/1506/1506 1516/1516/1516 
f 1506/1506/1506 1507/1507/1507 1516/1516/1516 
f 1516/1516/1516 1517/1517/1517 1514/1514/1514 
f 1517/1517/1517 1516/1516/1516 1518/1518/1518 
f 1516/1516/1516 1507/1507/1507 1518/1518/1518 
f 1512/1512/1512 1515/1515/1515 1519/1519/1519 
f 1515/1515/1515 1520/1520/1520 1519/1519/1519 
f 1520/1520/1520 1521/1521/1521 1519/1519/1519 
f 1515/1515/1515 1522/1522/1522 1520/1520/1520 
f 1522/1522/1522 1523/1523/1523 1520/1520/1520 
f 1520/1520/1520 1523/1523/1523 1521/1521/1521 
f 1523/1523/1523 1524/1524/1524 1521/1521/1521 
f 1514/1514/1514 1525/1525/1525 1515/1515/1515 
f 1525/1525/1525 1522/1522/1522 1515/1515/1515 
f 1525/1525/1525 1514/1514/1514 1526/1526/1526 
f 1514/1514/1514 1517/1517/1517 1526/1526/1526 
f 1526/1526/1526 1517/1517/1517 1527/1527/1527 
f 1517/1517/1517 1518/1518/1518 1527/1527/1527 
f 1527/1527/1527 1518/1518/1518 1528/1528/1528 
f 1518/1518/1518 1507/1507/1507 1528/1528/1528 
f 1528/1528/1528 1507/1507/1507 1529/1529/1529 
f 1529/1529/1529 1507/1507/1507 1530/1530/1530 
f 1507/1507/1507 1508/1508/1508 1530/1530/1530 
f 1530/1530/1530 1508/1508/1508 1531/1531/1531 
f 1508/1508/1508 1532/1532/1532 1531/1531/1531 
f 1533/1533/1533 1532/1532/1532 1508/1508/1508 
f 1505/1505/1505 1533/1533/1533 1508/1508/1508 
f 1504/1504/1504 1533/1533/1533 1505/1505/1505 
f 1534/1534/1534 1532/1532/1532 1533/1533/1533 
f 1536/1536/1536 1535/1535/1535 1524/1524/1524 
f 1537/1537/1537 1535/1535/1535 1536/1536/1536 
f 1538/1538/1538 1537/1537/1537 1536/1536/1536 
f 1539/1539/1539 1537/1537/1537 1538/1538/1538 
f 1540/1540/1540 1539/1539/1539 1538/1538/1538 
f 1535/1535/1535 1541/1541/1541 1524/1524/1524 
f 1541/1541/1541 1521/1521/1521 1524/1524/1524 
f 1543/1543/1543 1539/1539/1539 1542/1542/1542 
f 1539/1539/1539 1544/1544/1544 1542/1542/1542 
f 1503/1503/1503 1545/1545/1545 1504/1504/1504 
f 542/542/542 1547/1547/1547 1546/1546/1546 
f 1547/1547/1547 1548/1548/1548 1546/1546/1546 
f 1546/1546/1546 1548/1548/1548 426/426/426 
f 1548/1548/1548 428/428/428 426/426/426 
f 1549/1549/1549 1547/1547/1547 542/542/542 
f 546/546/546 1549/1549/1549 542/542/542 
f 549/549/549 1549/1549/1549 546/546/546 
f 542/542/542 1546/1546/1546 538/538/538 
f 1546/1546/1546 541/541/541 538/538/538 
f 1546/1546/1546 426/426/426 541/541/541 
f 426/426/426 478/478/478 541/541/541 
f 1552/1552/1552 1551/1551/1551 1550/1550/1550 
f 1553/1553/1553 641/641/641 1550/1550/1550 
f 641/641/641 1554/1554/1554 653/653/653 
f 653/653/653 1554/1554/1554 1555/1555/1555 
f 1554/1554/1554 641/641/641 640/640/640 
f 1555/1555/1555 1554/1554/1554 639/639/639 
f 1554/1554/1554 640/640/640 639/639/639 
f 1556/1556/1556 1555/1555/1555 639/639/639 
f 1556/1556/1556 652/652/652 1555/1555/1555 
f 652/652/652 1557/1557/1557 1555/1555/1555 
f 654/654/654 652/652/652 1556/1556/1556 
f 1558/1558/1558 654/654/654 1556/1556/1556 
f 656/656/656 654/654/654 1558/1558/1558 
f 1559/1559/1559 656/656/656 1558/1558/1558 
f 638/638/638 1556/1556/1556 639/639/639 
f 1558/1558/1558 1556/1556/1556 638/638/638 
f 637/637/637 1558/1558/1558 638/638/638 
f 1560/1560/1560 1558/1558/1558 637/637/637 
f 1560/1560/1560 1559/1559/1559 1558/1558/1558 
f 636/636/636 1560/1560/1560 637/637/637 
f 636/636/636 635/635/635 1561/1561/1561 
f 1561/1561/1561 635/635/635 630/630/630 
f 1561/1561/1561 630/630/630 631/631/631 
f 1562/1562/1562 1561/1561/1561 631/631/631 
f 533/533/533 1562/1562/1562 631/631/631 
f 1563/1563/1563 1561/1561/1561 1562/1562/1562 
f 1563/1563/1563 1564/1564/1564 1561/1561/1561 
f 1565/1565/1565 1563/1563/1563 1562/1562/1562 
f 1565/1565/1565 1562/1562/1562 533/533/533 
f 534/534/534 1565/1565/1565 533/533/533 
f 644/644/644 1567/1567/1567 1566/1566/1566 
f 645/645/645 1567/1567/1567 662/662/662 
f 660/660/660 645/645/645 662/662/662 
f 657/657/657 645/645/645 660/660/660 
f 642/642/642 645/645/645 657/657/657 
f 1569/1569/1569 1568/1568/1568 650/650/650 
f 1569/1569/1569 650/650/650 651/651/651 
f 655/655/655 1569/1569/1569 651/651/651 
f 1569/1569/1569 1570/1570/1570 1568/1568/1568 
f 530/530/530 528/528/528 543/543/543 
f 528/528/528 619/619/619 543/543/543 
f 528/528/528 620/620/620 619/619/619 
f 528/528/528 526/526/526 620/620/620 
f 529/529/529 513/513/513 527/527/527 
f 513/513/513 529/529/529 510/510/510 
f 529/529/529 539/539/539 510/510/510 
f 509/509/509 510/510/510 539/539/539 
f 540/540/540 509/509/509 539/539/539 
f 479/479/479 509/509/509 540/540/540 
f 477/477/477 479/479/479 540/540/540 
f 536/536/536 1572/1572/1572 1571/1571/1571 
f 536/536/536 1571/1571/1571 537/537/537 
f 1485/1485/1485 1573/1573/1573 1487/1487/1487 
f 1573/1573/1573 1574/1574/1574 1487/1487/1487 
f 1575/1575/1575 1573/1573/1573 1485/1485/1485 
f 1481/1481/1481 1575/1575/1575 1485/1485/1485 
f 1576/1576/1576 1575/1575/1575 1481/1481/1481 
f 1479/1479/1479 1576/1576/1576 1481/1481/1481 
f 1479/1479/1479 1476/1476/1476 1576/1576/1576 
f 1476/1476/1476 1577/1577/1577 1576/1576/1576 
f 1476/1476/1476 1475/1475/1475 1577/1577/1577 
f 1475/1475/1475 1578/1578/1578 1577/1577/1577 
f 1579/1579/1579 1577/1577/1577 1578/1578/1578 
f 1580/1580/1580 1579/1579/1579 1578/1578/1578 
f 1581/1581/1581 1579/1579/1579 1580/1580/1580 
f 1582/1582/1582 1581/1581/1581 1580/1580/1580 
f 1583/1583/1583 1581/1581/1581 1582/1582/1582 
f 1584/1584/1584 1583/1583/1583 1582/1582/1582 
f 1583/1583/1583 1585/1585/1585 1581/1581/1581 
f 1585/1585/1585 1586/1586/1586 1581/1581/1581 
f 1581/1581/1581 1586/1586/1586 1579/1579/1579 
f 1586/1586/1586 1587/1587/1587 1579/1579/1579 
f 1579/1579/1579 1587/1587/1587 1577/1577/1577 
f 1587/1587/1587 1576/1576/1576 1577/1577/1577 
f 1586/1586/1586 1588/1588/1588 1587/1587/1587 
f 1588/1588/1588 1589/1589/1589 1587/1587/1587 
f 1588/1588/1588 1590/1590/1590 1589/1589/1589 
f 1591/1591/1591 1590/1590/1590 1588/1588/1588 
f 1592/1592/1592 1591/1591/1591 1588/1588/1588 
f 1585/1585/1585 1592/1592/1592 1586/1586/1586 
f 1592/1592/1592 1588/1588/1588 1586/1586/1586 
f 1590/1590/1590 1593/1593/1593 1589/1589/1589 
f 1589/1589/1589 1593/1593/1593 1575/1575/1575 
f 1593/1593/1593 1573/1573/1573 1575/1575/1575 
f 1587/1587/1587 1589/1589/1589 1576/1576/1576 
f 1589/1589/1589 1575/1575/1575 1576/1576/1576 
f 1590/1590/1590 1594/1594/1594 1593/1593/1593 
f 1594/1594/1594 1595/1595/1595 1593/1593/1593 
f 1593/1593/1593 1595/1595/1595 1573/1573/1573 
f 1595/1595/1595 1574/1574/1574 1573/1573/1573 
f 1591/1591/1591 1596/1596/1596 1590/1590/1590 
f 1596/1596/1596 1594/1594/1594 1590/1590/1590 
f 1596/1596/1596 1591/1591/1591 1597/1597/1597 
f 1598/1598/1598 1596/1596/1596 1597/1597/1597 
f 1597/1597/1597 1591/1591/1591 1599/1599/1599 
f 1591/1591/1591 1592/1592/1592 1599/1599/1599 
f 1599/1599/1599 1592/1592/1592 1600/1600/1600 
f 1592/1592/1592 1585/1585/1585 1600/1600/1600 
f 1585/1585/1585 1583/1583/1583 1600/1600/1600 
f 1601/1601/1601 1600/1600/1600 1583/1583/1583 
f 1602/1602/1602 1601/1601/1601 1583/1583/1583 
f 1602/1602/1602 1583/1583/1583 1584/1584/1584 
f 1603/1603/1603 1602/1602/1602 1584/1584/1584 
f 1604/1604/1604 1603/1603/1603 1584/1584/1584 
f 1603/1603/1603 1604/1604/1604 1605/1605/1605 
f 1604/1604/1604 1606/1606/1606 1605/1605/1605 
f 1607/1607/1607 1606/1606/1606 1604/1604/1604 
f 1608/1608/1608 1607/1607/1607 1604/1604/1604 
f 1609/1609/1609 1607/1607/1607 1608/1608/1608 
f 1610/1610/1610 1609/1609/1609 1608/1608/1608 
f 1609/1609/1609 1610/1610/1610 1611/1611/1611 
f 1612/1612/1612 1609/1609/1609 1611/1611/1611 
f 1612/1612/1612 1611/1611/1611 1613/1613/1613 
f 1611/1611/1611 1614/1614/1614 1613/1613/1613 
f 1615/1615/1615 1609/1609/1609 1612/1612/1612 
f 1609/1609/1609 1615/1615/1615 1607/1607/1607 
f 1616/1616/1616 1615/1615/1615 1612/1612/1612 
f 1616/1616/1616 1612/1612/1612 1613/1613/1613 
f 1617/1617/1617 1616/1616/1616 1613/1613/1613 
f 1618/1618/1618 1615/1615/1615 1616/1616/1616 
f 1619/1619/1619 1618/1618/1618 1616/1616/1616 
f 1620/1620/1620 1618/1618/1618 1619/1619/1619 
f 1621/1621/1621 1620/1620/1620 1619/1619/1619 
f 1619/1619/1619 1616/1616/1616 1622/1622/1622 
f 1616/1616/1616 1617/1617/1617 1622/1622/1622 
f 1614/1614/1614 1611/1611/1611 1623/1623/1623 
f 1624/1624/1624 1614/1614/1614 1623/1623/1623 
f 1625/1625/1625 1624/1624/1624 1623/1623/1623 
f 1625/1625/1625 1623/1623/1623 1626/1626/1626 
f 1627/1627/1627 1625/1625/1625 1626/1626/1626 
f 1627/1627/1627 1626/1626/1626 1628/1628/1628 
f 1629/1629/1629 1627/1627/1627 1628/1628/1628 
f 1630/1630/1630 1625/1625/1625 1627/1627/1627 
f 1631/1631/1631 1630/1630/1630 1627/1627/1627 
f 1631/1631/1631 1627/1627/1627 1629/1629/1629 
f 1632/1632/1632 1631/1631/1631 1629/1629/1629 
f 1633/1633/1633 1631/1631/1631 1632/1632/1632 
f 1634/1634/1634 1633/1633/1633 1632/1632/1632 
f 1635/1635/1635 1633/1633/1633 1634/1634/1634 
f 1635/1635/1635 1636/1636/1636 1633/1633/1633 
f 1636/1636/1636 1637/1637/1637 1633/1633/1633 
f 1633/1633/1633 1637/1637/1637 1631/1631/1631 
f 1637/1637/1637 1630/1630/1630 1631/1631/1631 
f 1638/1638/1638 1635/1635/1635 1634/1634/1634 
f 1639/1639/1639 1635/1635/1635 1638/1638/1638 
f 1640/1640/1640 1639/1639/1639 1638/1638/1638 
f 1639/1639/1639 1641/1641/1641 1635/1635/1635 
f 1641/1641/1641 1636/1636/1636 1635/1635/1635 
f 1641/1641/1641 1639/1639/1639 1642/1642/1642 
f 1636/1636/1636 1641/1641/1641 1643/1643/1643 
f 1641/1641/1641 1644/1644/1644 1643/1643/1643 
f 1637/1637/1637 1636/1636/1636 1645/1645/1645 
f 1636/1636/1636 1643/1643/1643 1645/1645/1645 
f 1630/1630/1630 1637/1637/1637 1646/1646/1646 
f 1637/1637/1637 1645/1645/1645 1646/1646/1646 
f 1625/1625/1625 1630/1630/1630 1646/1646/1646 
f 1646/1646/1646 1647/1647/1647 1625/1625/1625 
f 1647/1647/1647 1624/1624/1624 1625/1625/1625 
f 1647/1647/1647 1648/1648/1648 1624/1624/1624 
f 1648/1648/1648 1614/1614/1614 1624/1624/1624 
f 1648/1648/1648 1649/1649/1649 1614/1614/1614 
f 1649/1649/1649 1613/1613/1613 1614/1614/1614 
f 1613/1613/1613 1649/1649/1649 1650/1650/1650 
f 1617/1617/1617 1613/1613/1613 1650/1650/1650 
f 1617/1617/1617 1650/1650/1650 1651/1651/1651 
f 1622/1622/1622 1617/1617/1617 1651/1651/1651 
f 1622/1622/1622 1651/1651/1651 1652/1652/1652 
f 1619/1619/1619 1622/1622/1622 1652/1652/1652 
f 1619/1619/1619 1652/1652/1652 1653/1653/1653 
f 1619/1619/1619 1653/1653/1653 1654/1654/1654 
f 1621/1621/1621 1619/1619/1619 1654/1654/1654 
f 1621/1621/1621 1654/1654/1654 1655/1655/1655 
f 1656/1656/1656 1621/1621/1621 1655/1655/1655 
f 1656/1656/1656 1657/1657/1657 1621/1621/1621 
f 1657/1657/1657 1620/1620/1620 1621/1621/1621 
f 1620/1620/1620 1657/1657/1657 1658/1658/1658 
f 1620/1620/1620 1658/1658/1658 1659/1659/1659 
f 1618/1618/1618 1620/1620/1620 1659/1659/1659 
f 1659/1659/1659 1658/1658/1658 1660/1660/1660 
f 1658/1658/1658 1661/1661/1661 1660/1660/1660 
f 1618/1618/1618 1659/1659/1659 1662/1662/1662 
f 1615/1615/1615 1618/1618/1618 1662/1662/1662 
f 1615/1615/1615 1662/1662/1662 1607/1607/1607 
f 1607/1607/1607 1662/1662/1662 1606/1606/1606 
f 1662/1662/1662 1663/1663/1663 1606/1606/1606 
f 1662/1662/1662 1659/1659/1659 1663/1663/1663 
f 1659/1659/1659 1660/1660/1660 1663/1663/1663 
f 1606/1606/1606 1663/1663/1663 1605/1605/1605 
f 1663/1663/1663 1664/1664/1664 1605/1605/1605 
f 1664/1664/1664 1663/1663/1663 1665/1665/1665 
f 1663/1663/1663 1660/1660/1660 1665/1665/1665 
f 1657/1657/1657 1666/1666/1666 1658/1658/1658 
f 1658/1658/1658 1666/1666/1666 1661/1661/1661 
f 1666/1666/1666 1667/1667/1667 1661/1661/1661 
f 1668/1668/1668 1667/1667/1667 1666/1666/1666 
f 1605/1605/1605 1664/1664/1664 1669/1669/1669 
f 1670/1670/1670 1605/1605/1605 1669/1669/1669 
f 1605/1605/1605 1670/1670/1670 1603/1603/1603 
f 1670/1670/1670 1671/1671/1671 1603/1603/1603 
f 1603/1603/1603 1671/1671/1671 1602/1602/1602 
f 1671/1671/1671 1601/1601/1601 1602/1602/1602 
f 1669/1669/1669 1664/1664/1664 1672/1672/1672 
f 1664/1664/1664 1665/1665/1665 1672/1672/1672 
f 1672/1672/1672 1665/1665/1665 1673/1673/1673 
f 1665/1665/1665 1660/1660/1660 1673/1673/1673 
f 1673/1673/1673 1660/1660/1660 1674/1674/1674 
f 1674/1674/1674 1660/1660/1660 1675/1675/1675 
f 1660/1660/1660 1661/1661/1661 1675/1675/1675 
f 1675/1675/1675 1661/1661/1661 1676/1676/1676 
f 1661/1661/1661 1667/1667/1667 1676/1676/1676 
f 1679/1679/1679 1678/1678/1678 1677/1677/1677 
f 1678/1678/1678 1680/1680/1680 1677/1677/1677 
f 1680/1680/1680 1678/1678/1678 1681/1681/1681 
f 1679/1679/1679 1682/1682/1682 1678/1678/1678 
f 1682/1682/1682 1683/1683/1683 1678/1678/1678 
f 1683/1683/1683 1684/1684/1684 1678/1678/1678 
f 1681/1681/1681 1685/1685/1685 1680/1680/1680 
f 1685/1685/1685 1686/1686/1686 1680/1680/1680 
f 1677/1677/1677 1680/1680/1680 1687/1687/1687 
f 1680/1680/1680 1686/1686/1686 1687/1687/1687 
f 1679/1679/1679 1677/1677/1677 1688/1688/1688 
f 1677/1677/1677 1687/1687/1687 1688/1688/1688 
f 1683/1683/1683 1682/1682/1682 1689/1689/1689 
f 1683/1683/1683 1689/1689/1689 1690/1690/1690 
f 1689/1689/1689 1691/1691/1691 1690/1690/1690 
f 1682/1682/1682 1692/1692/1692 1689/1689/1689 
f 1682/1682/1682 1679/1679/1679 1692/1692/1692 
f 1679/1679/1679 1688/1688/1688 1692/1692/1692 
f 1689/1689/1689 792/792/792 1691/1691/1691 
f 792/792/792 793/793/793 1691/1691/1691 
f 1692/1692/1692 794/794/794 1689/1689/1689 
f 794/794/794 792/792/792 1689/1689/1689 
f 1688/1688/1688 796/796/796 1692/1692/1692 
f 796/796/796 794/794/794 1692/1692/1692 
f 1687/1687/1687 798/798/798 1688/1688/1688 
f 798/798/798 796/796/796 1688/1688/1688 
f 1686/1686/1686 800/800/800 1687/1687/1687 
f 800/800/800 798/798/798 1687/1687/1687 
f 1685/1685/1685 1693/1693/1693 1686/1686/1686 
f 1693/1693/1693 800/800/800 1686/1686/1686 
f 801/801/801 800/800/800 1693/1693/1693 
f 1694/1694/1694 801/801/801 1693/1693/1693 
f 1694/1694/1694 1693/1693/1693 1695/1695/1695 
f 1693/1693/1693 1696/1696/1696 1695/1695/1695 
f 1694/1694/1694 1695/1695/1695 1697/1697/1697 
f 1698/1698/1698 1694/1694/1694 1697/1697/1697 
f 1698/1698/1698 1697/1697/1697 1699/1699/1699 
f 1700/1700/1700 1698/1698/1698 1699/1699/1699 
f 1698/1698/1698 1701/1701/1701 1694/1694/1694 
f 1701/1701/1701 801/801/801 1694/1694/1694 
f 1702/1702/1702 1701/1701/1701 1698/1698/1698 
f 1700/1700/1700 1702/1702/1702 1703/1703/1703 
f 1702/1702/1702 1704/1704/1704 1701/1701/1701 
f 1704/1704/1704 1705/1705/1705 1701/1701/1701 
f 1701/1701/1701 1705/1705/1705 801/801/801 
f 1704/1704/1704 1706/1706/1706 1705/1705/1705 
f 1706/1706/1706 1707/1707/1707 1705/1705/1705 
f 1706/1706/1706 1708/1708/1708 1707/1707/1707 
f 1708/1708/1708 1709/1709/1709 1707/1707/1707 
f 1708/1708/1708 1710/1710/1710 1709/1709/1709 
f 1710/1710/1710 1711/1711/1711 1709/1709/1709 
f 1709/1709/1709 1711/1711/1711 1712/1712/1712 
f 1709/1709/1709 1712/1712/1712 1713/1713/1713 
f 1711/1711/1711 1714/1714/1714 1712/1712/1712 
f 1711/1711/1711 1715/1715/1715 1714/1714/1714 
f 1715/1715/1715 1716/1716/1716 1714/1714/1714 
f 1717/1717/1717 1705/1705/1705 1713/1713/1713 
f 1717/1717/1717 1713/1713/1713 1718/1718/1718 
f 1719/1719/1719 1712/1712/1712 1718/1718/1718 
f 1712/1712/1712 1720/1720/1720 1718/1718/1718 
f 1712/1712/1712 1714/1714/1714 1720/1720/1720 
f 1714/1714/1714 1721/1721/1721 1720/1720/1720 
f 1714/1714/1714 1716/1716/1716 1721/1721/1721 
f 1716/1716/1716 1722/1722/1722 1721/1721/1721 
f 1717/1717/1717 1718/1718/1718 1723/1723/1723 
f 1718/1718/1718 1720/1720/1720 1723/1723/1723 
f 1724/1724/1724 1717/1717/1717 1723/1723/1723 
f 1724/1724/1724 1723/1723/1723 814/814/814 
f 1723/1723/1723 1725/1725/1725 814/814/814 
f 1720/1720/1720 1725/1725/1725 1723/1723/1723 
f 1720/1720/1720 1721/1721/1721 1725/1725/1725 
f 1725/1725/1725 813/813/813 814/814/814 
f 1725/1725/1725 1726/1726/1726 813/813/813 
f 1721/1721/1721 1726/1726/1726 1725/1725/1725 
f 1726/1726/1726 815/815/815 813/813/813 
f 1726/1726/1726 1727/1727/1727 815/815/815 
f 1727/1727/1727 816/816/816 815/815/815 
f 1724/1724/1724 814/814/814 805/805/805 
f 803/803/803 1724/1724/1724 805/805/805 
f 803/803/803 1705/1705/1705 1724/1724/1724 
f 1705/1705/1705 803/803/803 801/801/801 
f 1705/1705/1705 1717/1717/1717 1724/1724/1724 
f 1721/1721/1721 1728/1728/1728 1726/1726/1726 
f 1728/1728/1728 1727/1727/1727 1726/1726/1726 
f 816/816/816 1727/1727/1727 1729/1729/1729 
f 816/816/816 1729/1729/1729 811/811/811 
f 811/811/811 1729/1729/1729 812/812/812 
f 1729/1729/1729 1730/1730/1730 812/812/812 
f 1730/1730/1730 829/829/829 812/812/812 
f 812/812/812 829/829/829 810/810/810 
f 829/829/829 827/827/827 810/810/810 
f 810/810/810 827/827/827 808/808/808 
f 827/827/827 825/825/825 808/808/808 
f 808/808/808 825/825/825 806/806/806 
f 825/825/825 823/823/823 806/806/806 
f 806/806/806 823/823/823 804/804/804 
f 823/823/823 817/817/817 804/804/804 
f 1729/1729/1729 1731/1731/1731 1730/1730/1730 
f 1732/1732/1732 1731/1731/1731 1729/1729/1729 
f 1731/1731/1731 1733/1733/1733 1730/1730/1730 
f 1730/1730/1730 1733/1733/1733 829/829/829 
f 1733/1733/1733 830/830/830 829/829/829 
f 1736/1736/1736 1735/1735/1735 1734/1734/1734 
f 1705/1705/1705 1737/1737/1737 1734/1734/1734 
f 1739/1739/1739 1738/1738/1738 1710/1710/1710 
f 1710/1710/1710 1738/1738/1738 1711/1711/1711 
f 1738/1738/1738 1715/1715/1715 1711/1711/1711 
f 1740/1740/1740 1738/1738/1738 1739/1739/1739 
f 1742/1742/1742 832/832/832 1741/1741/1741 
f 1741/1741/1741 832/832/832 833/833/833 
f 1722/1722/1722 1728/1728/1728 1721/1721/1721 
f 782/782/782 1744/1744/1744 1743/1743/1743 
f 1744/1744/1744 1745/1745/1745 1743/1743/1743 
f 1743/1743/1743 1745/1745/1745 717/717/717 
f 1745/1745/1745 719/719/719 717/717/717 
f 1746/1746/1746 1744/1744/1744 782/782/782 
f 786/786/786 1746/1746/1746 782/782/782 
f 789/789/789 1746/1746/1746 786/786/786 
f 782/782/782 1743/1743/1743 778/778/778 
f 1743/1743/1743 781/781/781 778/778/778 
f 1743/1743/1743 717/717/717 781/781/781 
f 717/717/717 716/716/716 781/781/781 
f 1748/1748/1748 1678/1678/1678 1747/1747/1747 
f 1678/1678/1678 1749/1749/1749 1747/1747/1747 
f 1678/1678/1678 1748/1748/1748 1681/1681/1681 
f 1750/1750/1750 1749/1749/1749 1678/1678/1678 
f 1751/1751/1751 1750/1750/1750 1678/1678/1678 
f 1690/1690/1690 1751/1751/1751 1678/1678/1678 
f 1685/1685/1685 1681/1681/1681 1752/1752/1752 
f 1753/1753/1753 1685/1685/1685 1752/1752/1752 
f 1755/1755/1755 1747/1747/1747 1754/1754/1754 
f 1756/1756/1756 1755/1755/1755 1754/1754/1754 
f 1754/1754/1754 1747/1747/1747 1757/1757/1757 
f 1747/1747/1747 1758/1758/1758 1757/1757/1757 
f 1759/1759/1759 1754/1754/1754 1757/1757/1757 
f 784/784/784 1759/1759/1759 1757/1757/1757 
f 1759/1759/1759 784/784/784 783/783/783 
f 1760/1760/1760 1759/1759/1759 783/783/783 
f 1761/1761/1761 1759/1759/1759 1760/1760/1760 
f 1759/1759/1759 1761/1761/1761 1754/1754/1754 
f 1760/1760/1760 1762/1762/1762 1761/1761/1761 
f 1760/1760/1760 1763/1763/1763 1762/1762/1762 
f 1762/1762/1762 1763/1763/1763 1764/1764/1764 
f 1763/1763/1763 1765/1765/1765 1764/1764/1764 
f 1764/1764/1764 1765/1765/1765 1766/1766/1766 
f 1765/1765/1765 1767/1767/1767 1766/1766/1766 
f 1766/1766/1766 1767/1767/1767 1768/1768/1768 
f 1767/1767/1767 1769/1769/1769 1768/1768/1768 
f 1768/1768/1768 1769/1769/1769 1770/1770/1770 
f 1769/1769/1769 1771/1771/1771 1770/1770/1770 
f 1772/1772/1772 1770/1770/1770 1771/1771/1771 
f 1773/1773/1773 1772/1772/1772 1771/1771/1771 
f 1768/1768/1768 1774/1774/1774 1766/1766/1766 
f 1774/1774/1774 1775/1775/1775 1766/1766/1766 
f 1770/1770/1770 1776/1776/1776 1768/1768/1768 
f 1776/1776/1776 1774/1774/1774 1768/1768/1768 
f 1772/1772/1772 1777/1777/1777 1770/1770/1770 
f 1777/1777/1777 1776/1776/1776 1770/1770/1770 
f 766/766/766 1765/1765/1765 1763/1763/1763 
f 768/768/768 766/766/766 1763/1763/1763 
f 766/766/766 764/764/764 1765/1765/1765 
f 764/764/764 1767/1767/1767 1765/1765/1765 
f 764/764/764 763/763/763 1767/1767/1767 
f 763/763/763 1769/1769/1769 1767/1767/1767 
f 763/763/763 771/771/771 1769/1769/1769 
f 771/771/771 1771/1771/1771 1769/1769/1769 
f 771/771/771 773/773/773 1771/1771/1771 
f 773/773/773 1773/1773/1773 1771/1771/1771 
f 1777/1777/1777 1778/1778/1778 1776/1776/1776 
f 1776/1776/1776 1779/1779/1779 1774/1774/1774 
f 1780/1780/1780 1779/1779/1779 1776/1776/1776 
f 1779/1779/1779 1781/1781/1781 1774/1774/1774 
f 1774/1774/1774 1781/1781/1781 1775/1775/1775 
f 1781/1781/1781 1782/1782/1782 1775/1775/1775 
f 1782/1782/1782 1783/1783/1783 1775/1775/1775 
f 1775/1775/1775 1783/1783/1783 1766/1766/1766 
f 1783/1783/1783 1764/1764/1764 1766/1766/1766 
f 1784/1784/1784 1764/1764/1764 1783/1783/1783 
f 1764/1764/1764 1784/1784/1784 1762/1762/1762 
f 1784/1784/1784 1785/1785/1785 1762/1762/1762 
f 1784/1784/1784 1786/1786/1786 1785/1785/1785 
f 1786/1786/1786 1787/1787/1787 1785/1785/1785 
f 1785/1785/1785 1787/1787/1787 1788/1788/1788 
f 1787/1787/1787 1789/1789/1789 1788/1788/1788 
f 1790/1790/1790 1786/1786/1786 1784/1784/1784 
f 1791/1791/1791 1790/1790/1790 1784/1784/1784 
f 1791/1791/1791 1784/1784/1784 1792/1792/1792 
f 1793/1793/1793 1791/1791/1791 1792/1792/1792 
f 1794/1794/1794 1793/1793/1793 1792/1792/1792 
f 1795/1795/1795 1793/1793/1793 1794/1794/1794 
f 1796/1796/1796 1795/1795/1795 1794/1794/1794 
f 1797/1797/1797 1795/1795/1795 1796/1796/1796 
f 1798/1798/1798 1797/1797/1797 1796/1796/1796 
f 1784/1784/1784 1799/1799/1799 1792/1792/1792 
f 1793/1793/1793 1800/1800/1800 1791/1791/1791 
f 1800/1800/1800 1790/1790/1790 1791/1791/1791 
f 1795/1795/1795 1801/1801/1801 1793/1793/1793 
f 1801/1801/1801 1800/1800/1800 1793/1793/1793 
f 1788/1788/1788 1789/1789/1789 1699/1699/1699 
f 1697/1697/1697 1788/1788/1788 1699/1699/1699 
f 1792/1792/1792 1799/1799/1799 1802/1802/1802 
f 1794/1794/1794 1792/1792/1792 1802/1802/1802 
f 1803/1803/1803 1794/1794/1794 1802/1802/1802 
f 1796/1796/1796 1794/1794/1794 1803/1803/1803 
f 1804/1804/1804 1796/1796/1796 1803/1803/1803 
f 1798/1798/1798 1796/1796/1796 1804/1804/1804 
f 1805/1805/1805 1798/1798/1798 1804/1804/1804 
f 1799/1799/1799 1784/1784/1784 1783/1783/1783 
f 1802/1802/1802 1799/1799/1799 1806/1806/1806 
f 1803/1803/1803 1802/1802/1802 1806/1806/1806 
f 1799/1799/1799 1783/1783/1783 1807/1807/1807 
f 1781/1781/1781 1803/1803/1803 1807/1807/1807 
f 1804/1804/1804 1803/1803/1803 1781/1781/1781 
f 1779/1779/1779 1804/1804/1804 1781/1781/1781 
f 1808/1808/1808 1804/1804/1804 1779/1779/1779 
f 1808/1808/1808 1805/1805/1805 1804/1804/1804 
f 1810/1810/1810 1809/1809/1809 1801/1801/1801 
f 1810/1810/1810 1801/1801/1801 1795/1795/1795 
f 1797/1797/1797 1810/1810/1810 1795/1795/1795 
f 1810/1810/1810 1811/1811/1811 1809/1809/1809 
f 1695/1695/1695 1812/1812/1812 1697/1697/1697 
f 1813/1813/1813 1812/1812/1812 1695/1695/1695 
f 1762/1762/1762 1812/1812/1812 1813/1813/1813 
f 1761/1761/1761 1762/1762/1762 1813/1813/1813 
f 1696/1696/1696 1813/1813/1813 1695/1695/1695 
f 1761/1761/1761 1813/1813/1813 1814/1814/1814 
f 1761/1761/1761 1814/1814/1814 1754/1754/1754 
f 1813/1813/1813 1685/1685/1685 1814/1814/1814 
f 1813/1813/1813 1696/1696/1696 1685/1685/1685 
f 1696/1696/1696 1693/1693/1693 1685/1685/1685 
f 1762/1762/1762 1785/1785/1785 1812/1812/1812 
f 1785/1785/1785 1788/1788/1788 1812/1812/1812 
f 1812/1812/1812 1788/1788/1788 1697/1697/1697 
f 747/747/747 1816/1816/1816 1815/1815/1815 
f 1816/1816/1816 1817/1817/1817 1815/1815/1815 
f 1818/1818/1818 1816/1816/1816 747/747/747 
f 1815/1815/1815 1817/1817/1817 1819/1819/1819 
f 1820/1820/1820 1815/1815/1815 1819/1819/1819 
f 1820/1820/1820 1819/1819/1819 1821/1821/1821 
f 1819/1819/1819 1822/1822/1822 1821/1821/1821 
f 1821/1821/1821 1822/1822/1822 1823/1823/1823 
f 1822/1822/1822 1824/1824/1824 1823/1823/1823 
f 1823/1823/1823 1824/1824/1824 1825/1825/1825 
f 1824/1824/1824 1826/1826/1826 1825/1825/1825 
f 1825/1825/1825 1826/1826/1826 1827/1827/1827 
f 1826/1826/1826 775/775/775 1827/1827/1827 
f 1827/1827/1827 775/775/775 762/762/762 
f 760/760/760 1827/1827/1827 762/762/762 
f 1825/1825/1825 1827/1827/1827 760/760/760 
f 758/758/758 1825/1825/1825 760/760/760 
f 1823/1823/1823 1825/1825/1825 758/758/758 
f 757/757/757 1823/1823/1823 758/758/758 
f 1821/1821/1821 1823/1823/1823 757/757/757 
f 755/755/755 1821/1821/1821 757/757/757 
f 1820/1820/1820 1821/1821/1821 755/755/755 
f 752/752/752 1820/1820/1820 755/755/755 
f 1820/1820/1820 752/752/752 1815/1815/1815 
f 752/752/752 751/751/751 1815/1815/1815 
f 747/747/747 1815/1815/1815 751/751/751 
f 1691/1691/1691 1829/1829/1829 1828/1828/1828 
f 1829/1829/1829 1830/1830/1830 1828/1828/1828 
f 787/787/787 1829/1829/1829 1691/1691/1691 
f 793/793/793 787/787/787 1691/1691/1691 
f 787/787/787 785/785/785 1829/1829/1829 
f 785/785/785 1831/1831/1831 1829/1829/1829 
f 1831/1831/1831 1832/1832/1832 1829/1829/1829 
f 1832/1832/1832 1833/1833/1833 1829/1829/1829 
f 1834/1834/1834 1832/1832/1832 1831/1831/1831 
f 1757/1757/1757 1834/1834/1834 1831/1831/1831 
f 785/785/785 784/784/784 1831/1831/1831 
f 784/784/784 1757/1757/1757 1831/1831/1831 
f 770/770/770 768/768/768 783/783/783 
f 768/768/768 1760/1760/1760 783/783/783 
f 768/768/768 1763/1763/1763 1760/1760/1760 
f 1778/1778/1778 1808/1808/1808 1835/1835/1835 
f 1837/1837/1837 1778/1778/1778 1836/1836/1836 
f 1778/1778/1778 1777/1777/1777 1836/1836/1836 
f 1836/1836/1836 1777/1777/1777 1772/1772/1772 
f 1836/1836/1836 1772/1772/1772 1773/1773/1773 
f 1838/1838/1838 1836/1836/1836 1773/1773/1773 
f 1837/1837/1837 1836/1836/1836 1838/1838/1838 
f 773/773/773 1838/1838/1838 1773/1773/1773 
f 1839/1839/1839 1837/1837/1837 1838/1838/1838 
f 1839/1839/1839 1838/1838/1838 773/773/773 
f 774/774/774 1839/1839/1839 773/773/773 
f 776/776/776 1841/1841/1841 1840/1840/1840 
f 776/776/776 1840/1840/1840 777/777/777 
f 1638/1638/1638 1842/1842/1842 1640/1640/1640 
f 1842/1842/1842 1843/1843/1843 1640/1640/1640 
f 1844/1844/1844 1842/1842/1842 1638/1638/1638 
f 1634/1634/1634 1844/1844/1844 1638/1638/1638 
f 1845/1845/1845 1844/1844/1844 1634/1634/1634 
f 1632/1632/1632 1845/1845/1845 1634/1634/1634 
f 1632/1632/1632 1629/1629/1629 1845/1845/1845 
f 1629/1629/1629 1846/1846/1846 1845/1845/1845 
f 1629/1629/1629 1628/1628/1628 1846/1846/1846 
f 1628/1628/1628 1847/1847/1847 1846/1846/1846 
f 1848/1848/1848 1846/1846/1846 1847/1847/1847 
f 1849/1849/1849 1848/1848/1848 1847/1847/1847 
f 1850/1850/1850 1848/1848/1848 1849/1849/1849 
f 1851/1851/1851 1850/1850/1850 1849/1849/1849 
f 1852/1852/1852 1850/1850/1850 1851/1851/1851 
f 1853/1853/1853 1852/1852/1852 1851/1851/1851 
f 1852/1852/1852 1854/1854/1854 1850/1850/1850 
f 1854/1854/1854 1855/1855/1855 1850/1850/1850 
f 1850/1850/1850 1855/1855/1855 1848/1848/1848 
f 1855/1855/1855 1856/1856/1856 1848/1848/1848 
f 1848/1848/1848 1856/1856/1856 1846/1846/1846 
f 1856/1856/1856 1845/1845/1845 1846/1846/1846 
f 1855/1855/1855 1857/1857/1857 1856/1856/1856 
f 1857/1857/1857 1858/1858/1858 1856/1856/1856 
f 1857/1857/1857 1859/1859/1859 1858/1858/1858 
f 1860/1860/1860 1859/1859/1859 1857/1857/1857 
f 1861/1861/1861 1860/1860/1860 1857/1857/1857 
f 1854/1854/1854 1861/1861/1861 1855/1855/1855 
f 1861/1861/1861 1857/1857/1857 1855/1855/1855 
f 1859/1859/1859 1862/1862/1862 1858/1858/1858 
f 1858/1858/1858 1862/1862/1862 1844/1844/1844 
f 1862/1862/1862 1842/1842/1842 1844/1844/1844 
f 1856/1856/1856 1858/1858/1858 1845/1845/1845 
f 1858/1858/1858 1844/1844/1844 1845/1845/1845 
f 1859/1859/1859 1863/1863/1863 1862/1862/1862 
f 1863/1863/1863 1864/1864/1864 1862/1862/1862 
f 1862/1862/1862 1864/1864/1864 1842/1842/1842 
f 1864/1864/1864 1843/1843/1843 1842/1842/1842 
f 1860/1860/1860 1865/1865/1865 1859/1859/1859 
f 1865/1865/1865 1863/1863/1863 1859/1859/1859 
f 1865/1865/1865 1860/1860/1860 1866/1866/1866 
f 1867/1867/1867 1865/1865/1865 1866/1866/1866 
f 1866/1866/1866 1860/1860/1860 1868/1868/1868 
f 1860/1860/1860 1861/1861/1861 1868/1868/1868 
f 1868/1868/1868 1861/1861/1861 1869/1869/1869 
f 1861/1861/1861 1854/1854/1854 1869/1869/1869 
f 1854/1854/1854 1852/1852/1852 1869/1869/1869 
f 1870/1870/1870 1869/1869/1869 1852/1852/1852 
f 1871/1871/1871 1870/1870/1870 1852/1852/1852 
f 1871/1871/1871 1852/1852/1852 1853/1853/1853 
f 1872/1872/1872 1871/1871/1871 1853/1853/1853 
f 1873/1873/1873 1872/1872/1872 1853/1853/1853 
f 1872/1872/1872 1873/1873/1873 1874/1874/1874 
f 1873/1873/1873 1875/1875/1875 1874/1874/1874 
f 1876/1876/1876 1875/1875/1875 1873/1873/1873 
f 1877/1877/1877 1876/1876/1876 1873/1873/1873 
f 1878/1878/1878 1876/1876/1876 1877/1877/1877 
f 1879/1879/1879 1878/1878/1878 1877/1877/1877 
f 1878/1878/1878 1879/1879/1879 1880/1880/1880 
f 1881/1881/1881 1878/1878/1878 1880/1880/1880 
f 1881/1881/1881 1880/1880/1880 1882/1882/1882 
f 1880/1880/1880 1883/1883/1883 1882/1882/1882 
f 1884/1884/1884 1878/1878/1878 1881/1881/1881 
f 1878/1878/1878 1884/1884/1884 1876/1876/1876 
f 1885/1885/1885 1884/1884/1884 1881/1881/1881 
f 1885/1885/1885 1881/1881/1881 1882/1882/1882 
f 1886/1886/1886 1885/1885/1885 1882/1882/1882 
f 1887/1887/1887 1884/1884/1884 1885/1885/1885 
f 1888/1888/1888 1887/1887/1887 1885/1885/1885 
f 1889/1889/1889 1887/1887/1887 1888/1888/1888 
f 1890/1890/1890 1889/1889/1889 1888/1888/1888 
f 1888/1888/1888 1885/1885/1885 1891/1891/1891 
f 1885/1885/1885 1886/1886/1886 1891/1891/1891 
f 1883/1883/1883 1880/1880/1880 1892/1892/1892 
f 1893/1893/1893 1883/1883/1883 1892/1892/1892 
f 1894/1894/1894 1893/1893/1893 1892/1892/1892 
f 1894/1894/1894 1892/1892/1892 1895/1895/1895 
f 1896/1896/1896 1894/1894/1894 1895/1895/1895 
f 1896/1896/1896 1895/1895/1895 1897/1897/1897 
f 1898/1898/1898 1896/1896/1896 1897/1897/1897 
f 1899/1899/1899 1894/1894/1894 1896/1896/1896 
f 1900/1900/1900 1899/1899/1899 1896/1896/1896 
f 1900/1900/1900 1896/1896/1896 1898/1898/1898 
f 1901/1901/1901 1900/1900/1900 1898/1898/1898 
f 1902/1902/1902 1900/1900/1900 1901/1901/1901 
f 1903/1903/1903 1902/1902/1902 1901/1901/1901 
f 1904/1904/1904 1902/1902/1902 1903/1903/1903 
f 1904/1904/1904 1905/1905/1905 1902/1902/1902 
f 1905/1905/1905 1906/1906/1906 1902/1902/1902 
f 1902/1902/1902 1906/1906/1906 1900/1900/1900 
f 1906/1906/1906 1899/1899/1899 1900/1900/1900 
f 1907/1907/1907 1904/1904/1904 1903/1903/1903 
f 1908/1908/1908 1904/1904/1904 1907/1907/1907 
f 1909/1909/1909 1908/1908/1908 1907/1907/1907 
f 1908/1908/1908 1910/1910/1910 1904/1904/1904 
f 1910/1910/1910 1905/1905/1905 1904/1904/1904 
f 1905/1905/1905 1910/1910/1910 1911/1911/1911 
f 1910/1910/1910 1912/1912/1912 1911/1911/1911 
f 1906/1906/1906 1905/1905/1905 1913/1913/1913 
f 1905/1905/1905 1911/1911/1911 1913/1913/1913 
f 1899/1899/1899 1906/1906/1906 1914/1914/1914 
f 1906/1906/1906 1913/1913/1913 1914/1914/1914 
f 1894/1894/1894 1899/1899/1899 1914/1914/1914 
f 1914/1914/1914 1915/1915/1915 1894/1894/1894 
f 1915/1915/1915 1893/1893/1893 1894/1894/1894 
f 1915/1915/1915 1916/1916/1916 1893/1893/1893 
f 1916/1916/1916 1883/1883/1883 1893/1893/1893 
f 1916/1916/1916 1917/1917/1917 1883/1883/1883 
f 1917/1917/1917 1882/1882/1882 1883/1883/1883 
f 1882/1882/1882 1917/1917/1917 1918/1918/1918 
f 1886/1886/1886 1882/1882/1882 1918/1918/1918 
f 1886/1886/1886 1918/1918/1918 1919/1919/1919 
f 1891/1891/1891 1886/1886/1886 1919/1919/1919 
f 1891/1891/1891 1919/1919/1919 1920/1920/1920 
f 1888/1888/1888 1891/1891/1891 1920/1920/1920 
f 1888/1888/1888 1920/1920/1920 1921/1921/1921 
f 1888/1888/1888 1921/1921/1921 1922/1922/1922 
f 1890/1890/1890 1888/1888/1888 1922/1922/1922 
f 1890/1890/1890 1922/1922/1922 1923/1923/1923 
f 1924/1924/1924 1890/1890/1890 1923/1923/1923 
f 1924/1924/1924 1925/1925/1925 1890/1890/1890 
f 1924/1924/1924 1926/1926/1926 1925/1925/1925 
f 1925/1925/1925 1889/1889/1889 1890/1890/1890 
f 1889/1889/1889 1925/1925/1925 1927/1927/1927 
f 1889/1889/1889 1927/1927/1927 1928/1928/1928 
f 1887/1887/1887 1889/1889/1889 1928/1928/1928 
f 1928/1928/1928 1927/1927/1927 1929/1929/1929 
f 1927/1927/1927 1930/1930/1930 1929/1929/1929 
f 1887/1887/1887 1928/1928/1928 1931/1931/1931 
f 1884/1884/1884 1887/1887/1887 1931/1931/1931 
f 1884/1884/1884 1931/1931/1931 1876/1876/1876 
f 1876/1876/1876 1931/1931/1931 1875/1875/1875 
f 1931/1931/1931 1932/1932/1932 1875/1875/1875 
f 1931/1931/1931 1928/1928/1928 1932/1932/1932 
f 1928/1928/1928 1929/1929/1929 1932/1932/1932 
f 1875/1875/1875 1932/1932/1932 1874/1874/1874 
f 1932/1932/1932 1933/1933/1933 1874/1874/1874 
f 1933/1933/1933 1932/1932/1932 1934/1934/1934 
f 1932/1932/1932 1929/1929/1929 1934/1934/1934 
f 1925/1925/1925 1935/1935/1935 1927/1927/1927 
f 1927/1927/1927 1935/1935/1935 1930/1930/1930 
f 1935/1935/1935 1936/1936/1936 1930/1930/1930 
f 1874/1874/1874 1933/1933/1933 1937/1937/1937 
f 1938/1938/1938 1874/1874/1874 1937/1937/1937 
f 1874/1874/1874 1938/1938/1938 1872/1872/1872 
f 1938/1938/1938 1939/1939/1939 1872/1872/1872 
f 1872/1872/1872 1939/1939/1939 1871/1871/1871 
f 1939/1939/1939 1870/1870/1870 1871/1871/1871 
f 1937/1937/1937 1933/1933/1933 1940/1940/1940 
f 1933/1933/1933 1934/1934/1934 1940/1940/1940 
f 1940/1940/1940 1934/1934/1934 1941/1941/1941 
f 1934/1934/1934 1929/1929/1929 1941/1941/1941 
f 1941/1941/1941 1929/1929/1929 1942/1942/1942 
f 1942/1942/1942 1929/1929/1929 1943/1943/1943 
f 1929/1929/1929 1930/1930/1930 1943/1943/1943 
f 1943/1943/1943 1930/1930/1930 1944/1944/1944 
f 1930/1930/1930 1936/1936/1936 1944/1944/1944 
f 1945/1945/1945 1936/1936/1936 1935/1935/1935 
f 1948/1948/1948 1947/1947/1947 1946/1946/1946 
f 1947/1947/1947 1949/1949/1949 1946/1946/1946 
f 1949/1949/1949 1947/1947/1947 1950/1950/1950 
f 1948/1948/1948 1951/1951/1951 1947/1947/1947 
f 1951/1951/1951 1952/1952/1952 1947/1947/1947 
f 1952/1952/1952 1953/1953/1953 1947/1947/1947 
f 1950/1950/1950 1954/1954/1954 1949/1949/1949 
f 1954/1954/1954 1955/1955/1955 1949/1949/1949 
f 1946/1946/1946 1949/1949/1949 1956/1956/1956 
f 1949/1949/1949 1955/1955/1955 1956/1956/1956 
f 1954/1954/1954 1957/1957/1957 1955/1955/1955 
f 1957/1957/1957 919/919/919 1955/1955/1955 
f 920/920/920 919/919/919 1957/1957/1957 
f 1958/1958/1958 920/920/920 1957/1957/1957 
f 1958/1958/1958 1957/1957/1957 1959/1959/1959 
f 1957/1957/1957 1960/1960/1960 1959/1959/1959 
f 1960/1960/1960 1957/1957/1957 1954/1954/1954 
f 1955/1955/1955 919/919/919 1961/1961/1961 
f 919/919/919 917/917/917 1961/1961/1961 
f 1961/1961/1961 917/917/917 1962/1962/1962 
f 917/917/917 915/915/915 1962/1962/1962 
f 1962/1962/1962 915/915/915 1963/1963/1963 
f 1964/1964/1964 1962/1962/1962 1963/1963/1963 
f 1965/1965/1965 1964/1964/1964 1963/1963/1963 
f 1965/1965/1965 1963/1963/1963 1966/1966/1966 
f 1967/1967/1967 1965/1965/1965 1966/1966/1966 
f 1967/1967/1967 1966/1966/1966 1953/1953/1953 
f 1966/1966/1966 1968/1968/1968 1953/1953/1953 
f 1966/1966/1966 911/911/911 1968/1968/1968 
f 911/911/911 912/912/912 1968/1968/1968 
f 1963/1963/1963 913/913/913 1966/1966/1966 
f 913/913/913 911/911/911 1966/1966/1966 
f 915/915/915 913/913/913 1963/1963/1963 
f 1960/1960/1960 1969/1969/1969 1959/1959/1959 
f 1968/1968/1968 1970/1970/1970 1953/1953/1953 
f 1970/1970/1970 1971/1971/1971 1953/1953/1953 
f 912/912/912 906/906/906 1968/1968/1968 
f 906/906/906 1970/1970/1970 1968/1968/1968 
f 906/906/906 904/904/904 1970/1970/1970 
f 904/904/904 1972/1972/1972 1970/1970/1970 
f 904/904/904 903/903/903 1972/1972/1972 
f 903/903/903 1973/1973/1973 1972/1972/1972 
f 903/903/903 1974/1974/1974 1973/1973/1973 
f 1974/1974/1974 903/903/903 902/902/902 
f 1975/1975/1975 1974/1974/1974 902/902/902 
f 1976/1976/1976 1974/1974/1974 1975/1975/1975 
f 1975/1975/1975 1977/1977/1977 1976/1976/1976 
f 1976/1976/1976 1977/1977/1977 1969/1969/1969 
f 1975/1975/1975 1978/1978/1978 1977/1977/1977 
f 1977/1977/1977 1978/1978/1978 1979/1979/1979 
f 1978/1978/1978 1980/1980/1980 1979/1979/1979 
f 1979/1979/1979 1980/1980/1980 1981/1981/1981 
f 1980/1980/1980 1982/1982/1982 1981/1981/1981 
f 1981/1981/1981 1982/1982/1982 1983/1983/1983 
f 1982/1982/1982 1984/1984/1984 1983/1983/1983 
f 1983/1983/1983 1984/1984/1984 1985/1985/1985 
f 1984/1984/1984 1986/1986/1986 1985/1985/1985 
f 1987/1987/1987 1985/1985/1985 1986/1986/1986 
f 1988/1988/1988 1987/1987/1987 1986/1986/1986 
f 1983/1983/1983 1989/1989/1989 1981/1981/1981 
f 1989/1989/1989 1990/1990/1990 1981/1981/1981 
f 1985/1985/1985 1991/1991/1991 1983/1983/1983 
f 1991/1991/1991 1989/1989/1989 1983/1983/1983 
f 1987/1987/1987 1992/1992/1992 1985/1985/1985 
f 1992/1992/1992 1991/1991/1991 1985/1985/1985 
f 888/888/888 1980/1980/1980 1978/1978/1978 
f 890/890/890 888/888/888 1978/1978/1978 
f 888/888/888 886/886/886 1980/1980/1980 
f 886/886/886 1982/1982/1982 1980/1980/1980 
f 886/886/886 884/884/884 1982/1982/1982 
f 884/884/884 1984/1984/1984 1982/1982/1982 
f 884/884/884 883/883/883 1984/1984/1984 
f 883/883/883 1986/1986/1986 1984/1984/1984 
f 883/883/883 893/893/893 1986/1986/1986 
f 893/893/893 1988/1988/1988 1986/1986/1986 
f 1992/1992/1992 1993/1993/1993 1991/1991/1991 
f 1993/1993/1993 1994/1994/1994 1991/1991/1991 
f 1991/1991/1991 1994/1994/1994 1989/1989/1989 
f 1994/1994/1994 1995/1995/1995 1989/1989/1989 
f 1989/1989/1989 1995/1995/1995 1990/1990/1990 
f 1995/1995/1995 1996/1996/1996 1990/1990/1990 
f 1996/1996/1996 1997/1997/1997 1990/1990/1990 
f 1990/1990/1990 1997/1997/1997 1981/1981/1981 
f 1997/1997/1997 1979/1979/1979 1981/1981/1981 
f 1998/1998/1998 1979/1979/1979 1997/1997/1997 
f 1979/1979/1979 1998/1998/1998 1977/1977/1977 
f 1998/1998/1998 1999/1999/1999 1977/1977/1977 
f 1998/1998/1998 2000/2000/2000 1999/1999/1999 
f 2000/2000/2000 2001/2001/2001 1999/1999/1999 
f 1999/1999/1999 2001/2001/2001 2002/2002/2002 
f 2001/2001/2001 2003/2003/2003 2002/2002/2002 
f 2004/2004/2004 2000/2000/2000 1998/1998/1998 
f 2005/2005/2005 2004/2004/2004 1998/1998/1998 
f 2006/2006/2006 2004/2004/2004 2005/2005/2005 
f 2007/2007/2007 2006/2006/2006 2005/2005/2005 
f 2007/2007/2007 2005/2005/2005 2008/2008/2008 
f 2009/2009/2009 2007/2007/2007 2008/2008/2008 
f 2010/2010/2010 2007/2007/2007 2009/2009/2009 
f 2011/2011/2011 2010/2010/2010 2009/2009/2009 
f 2012/2012/2012 2010/2010/2010 2011/2011/2011 
f 2013/2013/2013 2012/2012/2012 2011/2011/2011 
f 2010/2010/2010 2014/2014/2014 2007/2007/2007 
f 2014/2014/2014 2006/2006/2006 2007/2007/2007 
f 2002/2002/2002 2003/2003/2003 2015/2015/2015 
f 2016/2016/2016 2002/2002/2002 2015/2015/2015 
f 2017/2017/2017 2016/2016/2016 2015/2015/2015 
f 2018/2018/2018 2017/2017/2017 2015/2015/2015 
f 2018/2018/2018 2019/2019/2019 2017/2017/2017 
f 2019/2019/2019 2020/2020/2020 2017/2017/2017 
f 2019/2019/2019 2021/2021/2021 2020/2020/2020 
f 2021/2021/2021 2022/2022/2022 2020/2020/2020 
f 2021/2021/2021 2023/2023/2023 2022/2022/2022 
f 2023/2023/2023 2024/2024/2024 2022/2022/2022 
f 2023/2023/2023 2025/2025/2025 2024/2024/2024 
f 2025/2025/2025 2026/2026/2026 2024/2024/2024 
f 2025/2025/2025 2027/2027/2027 2026/2026/2026 
f 2027/2027/2027 2028/2028/2028 2026/2026/2026 
f 2026/2026/2026 2028/2028/2028 2029/2029/2029 
f 2026/2026/2026 2029/2029/2029 2030/2030/2030 
f 2031/2031/2031 2026/2026/2026 2030/2030/2030 
f 2022/2022/2022 2031/2031/2031 2030/2030/2030 
f 2028/2028/2028 2032/2032/2032 2029/2029/2029 
f 2028/2028/2028 2033/2033/2033 2032/2032/2032 
f 2033/2033/2033 2034/2034/2034 2032/2032/2032 
f 2035/2035/2035 2022/2022/2022 2030/2030/2030 
f 2020/2020/2020 2022/2022/2022 920/920/920 
f 2020/2020/2020 920/920/920 1958/1958/1958 
f 2017/2017/2017 2020/2020/2020 1958/1958/1958 
f 2017/2017/2017 1958/1958/1958 2016/2016/2016 
f 1958/1958/1958 1959/1959/1959 2016/2016/2016 
f 2035/2035/2035 2030/2030/2030 2036/2036/2036 
f 2030/2030/2030 2029/2029/2029 2036/2036/2036 
f 2029/2029/2029 2037/2037/2037 2036/2036/2036 
f 2029/2029/2029 2032/2032/2032 2037/2037/2037 
f 2032/2032/2032 2038/2038/2038 2037/2037/2037 
f 2032/2032/2032 2034/2034/2034 2038/2038/2038 
f 2034/2034/2034 2039/2039/2039 2038/2038/2038 
f 2035/2035/2035 2036/2036/2036 2040/2040/2040 
f 2036/2036/2036 2037/2037/2037 2040/2040/2040 
f 2041/2041/2041 2035/2035/2035 2040/2040/2040 
f 2041/2041/2041 2040/2040/2040 933/933/933 
f 2040/2040/2040 2042/2042/2042 933/933/933 
f 2037/2037/2037 2042/2042/2042 2040/2040/2040 
f 2037/2037/2037 2038/2038/2038 2042/2042/2042 
f 2042/2042/2042 932/932/932 933/933/933 
f 2042/2042/2042 2043/2043/2043 932/932/932 
f 2038/2038/2038 2043/2043/2043 2042/2042/2042 
f 2043/2043/2043 934/934/934 932/932/932 
f 2043/2043/2043 2044/2044/2044 934/934/934 
f 2041/2041/2041 933/933/933 924/924/924 
f 922/922/922 2041/2041/2041 924/924/924 
f 922/922/922 2022/2022/2022 2041/2041/2041 
f 2022/2022/2022 922/922/922 920/920/920 
f 2022/2022/2022 2035/2035/2035 2041/2041/2041 
f 2038/2038/2038 2045/2045/2045 2043/2043/2043 
f 2039/2039/2039 2045/2045/2045 2038/2038/2038 
f 2046/2046/2046 935/935/935 934/934/934 
f 2045/2045/2045 2046/2046/2046 2047/2047/2047 
f 935/935/935 2046/2046/2046 2048/2048/2048 
f 935/935/935 2048/2048/2048 930/930/930 
f 2046/2046/2046 2049/2049/2049 2048/2048/2048 
f 930/930/930 2048/2048/2048 931/931/931 
f 2048/2048/2048 2050/2050/2050 931/931/931 
f 2048/2048/2048 2049/2049/2049 2050/2050/2050 
f 2050/2050/2050 948/948/948 931/931/931 
f 931/931/931 948/948/948 929/929/929 
f 948/948/948 946/946/946 929/929/929 
f 929/929/929 946/946/946 927/927/927 
f 946/946/946 944/944/944 927/927/927 
f 927/927/927 944/944/944 925/925/925 
f 944/944/944 942/942/942 925/925/925 
f 925/925/925 942/942/942 923/923/923 
f 942/942/942 936/936/936 923/923/923 
f 2049/2049/2049 2051/2051/2051 2050/2050/2050 
f 2050/2050/2050 2051/2051/2051 948/948/948 
f 2051/2051/2051 949/949/949 948/948/948 
f 2053/2053/2053 2052/2052/2052 2027/2027/2027 
f 2027/2027/2027 2052/2052/2052 2028/2028/2028 
f 2052/2052/2052 2033/2033/2033 2028/2028/2028 
f 2054/2054/2054 2052/2052/2052 2053/2053/2053 
f 2056/2056/2056 986/986/986 2055/2055/2055 
f 986/986/986 2056/2056/2056 2057/2057/2057 
f 2056/2056/2056 2058/2058/2058 2057/2057/2057 
f 2057/2057/2057 2058/2058/2058 2059/2059/2059 
f 2058/2058/2058 2060/2060/2060 2059/2059/2059 
f 2059/2059/2059 2060/2060/2060 2061/2061/2061 
f 2062/2062/2062 2059/2059/2059 2061/2061/2061 
f 2062/2062/2062 2061/2061/2061 2063/2063/2063 
f 2061/2061/2061 2064/2064/2064 2063/2063/2063 
f 2063/2063/2063 2064/2064/2064 2065/2065/2065 
f 2064/2064/2064 2066/2066/2066 2065/2065/2065 
f 2065/2065/2065 2066/2066/2066 2067/2067/2067 
f 2066/2066/2066 2068/2068/2068 2067/2067/2067 
f 2067/2067/2067 2068/2068/2068 2069/2069/2069 
f 2068/2068/2068 1014/1014/1014 2069/2069/2069 
f 2069/2069/2069 1014/1014/1014 1001/1001/1001 
f 999/999/999 2069/2069/2069 1001/1001/1001 
f 2067/2067/2067 2069/2069/2069 999/999/999 
f 997/997/997 2067/2067/2067 999/999/999 
f 2065/2065/2065 2067/2067/2067 997/997/997 
f 996/996/996 2065/2065/2065 997/997/997 
f 2063/2063/2063 2065/2065/2065 996/996/996 
f 994/994/994 2063/2063/2063 996/996/996 
f 2062/2062/2062 2063/2063/2063 994/994/994 
f 991/991/991 2062/2062/2062 994/994/994 
f 2062/2062/2062 991/991/991 2059/2059/2059 
f 991/991/991 990/990/990 2059/2059/2059 
f 2057/2057/2057 2059/2059/2059 990/990/990 
f 987/987/987 2057/2057/2057 990/990/990 
f 986/986/986 2057/2057/2057 987/987/987 
f 2070/2070/2070 1946/1946/1946 1962/1962/1962 
f 2072/2072/2072 2071/2071/2071 1962/1962/1962 
f 2074/2074/2074 951/951/951 2073/2073/2073 
f 2073/2073/2073 951/951/951 952/952/952 
f 901/901/901 2076/2076/2076 2075/2075/2075 
f 2076/2076/2076 2077/2077/2077 2075/2075/2075 
f 2075/2075/2075 2077/2077/2077 838/838/838 
f 2077/2077/2077 840/840/840 838/838/838 
f 2078/2078/2078 2076/2076/2076 901/901/901 
f 905/905/905 2078/2078/2078 901/901/901 
f 908/908/908 2078/2078/2078 905/905/905 
f 901/901/901 2075/2075/2075 897/897/897 
f 2075/2075/2075 900/900/900 897/897/897 
f 2075/2075/2075 838/838/838 900/900/900 
f 838/838/838 837/837/837 900/900/900 
f 2080/2080/2080 1947/1947/1947 2079/2079/2079 
f 1947/1947/1947 2081/2081/2081 2079/2079/2079 
f 1947/1947/1947 2080/2080/2080 1950/1950/1950 
f 2082/2082/2082 2081/2081/2081 1947/1947/1947 
f 2083/2083/2083 2082/2082/2082 1947/1947/1947 
f 1953/1953/1953 2083/2083/2083 1947/1947/1947 
f 1954/1954/1954 1950/1950/1950 2080/2080/2080 
f 2084/2084/2084 1954/1954/1954 2080/2080/2080 
f 2084/2084/2084 2080/2080/2080 2085/2085/2085 
f 2080/2080/2080 2079/2079/2079 2085/2085/2085 
f 2085/2085/2085 2079/2079/2079 1973/1973/1973 
f 2079/2079/2079 2081/2081/2081 1973/1973/1973 
f 1973/1973/1973 2081/2081/2081 2086/2086/2086 
f 2081/2081/2081 2087/2087/2087 2086/2086/2086 
f 1974/1974/1974 2085/2085/2085 1973/1973/1973 
f 1974/1974/1974 1976/1976/1976 2085/2085/2085 
f 1976/1976/1976 2084/2084/2084 2085/2085/2085 
f 1976/1976/1976 1969/1969/1969 2084/2084/2084 
f 1969/1969/1969 1954/1954/1954 2084/2084/2084 
f 1969/1969/1969 1960/1960/1960 1954/1954/1954 
f 1977/1977/1977 2088/2088/2088 1969/1969/1969 
f 1969/1969/1969 2088/2088/2088 1959/1959/1959 
f 1959/1959/1959 2088/2088/2088 2016/2016/2016 
f 2088/2088/2088 2002/2002/2002 2016/2016/2016 
f 1977/1977/1977 1999/1999/1999 2088/2088/2088 
f 1999/1999/1999 2002/2002/2002 2088/2088/2088 
f 2091/2091/2091 2090/2090/2090 2089/2089/2089 
f 2090/2090/2090 2092/2092/2092 2089/2089/2089 
f 843/843/843 2090/2090/2090 2091/2091/2091 
f 841/841/841 843/843/843 2091/2091/2091 
f 2089/2089/2089 2092/2092/2092 2093/2093/2093 
f 2094/2094/2094 2089/2089/2089 2093/2093/2093 
f 2094/2094/2094 2093/2093/2093 2095/2095/2095 
f 2093/2093/2093 2096/2096/2096 2095/2095/2095 
f 2095/2095/2095 2096/2096/2096 2097/2097/2097 
f 2096/2096/2096 2098/2098/2098 2097/2097/2097 
f 2098/2098/2098 2099/2099/2099 2097/2097/2097 
f 2099/2099/2099 2100/2100/2100 2097/2097/2097 
f 2099/2099/2099 2101/2101/2101 2100/2100/2100 
f 2100/2100/2100 2101/2101/2101 885/885/885 
f 2101/2101/2101 881/881/881 885/885/885 
f 2097/2097/2097 2100/2100/2100 887/887/887 
f 2100/2100/2100 885/885/885 887/887/887 
f 2095/2095/2095 2097/2097/2097 887/887/887 
f 889/889/889 2095/2095/2095 887/887/887 
f 2094/2094/2094 2095/2095/2095 889/889/889 
f 891/891/891 2094/2094/2094 889/889/889 
f 2094/2094/2094 891/891/891 2089/2089/2089 
f 891/891/891 898/898/898 2089/2089/2089 
f 2091/2091/2091 2089/2089/2089 898/898/898 
f 899/899/899 2091/2091/2091 898/898/898 
f 841/841/841 2091/2091/2091 899/899/899 
f 836/836/836 841/841/841 899/899/899 
f 2101/2101/2101 879/879/879 881/881/881 
f 2099/2099/2099 877/877/877 2101/2101/2101 
f 877/877/877 879/879/879 2101/2101/2101 
f 875/875/875 877/877/877 2099/2099/2099 
f 2098/2098/2098 875/875/875 2099/2099/2099 
f 873/873/873 875/875/875 2098/2098/2098 
f 2096/2096/2096 873/873/873 2098/2098/2098 
f 872/872/872 873/873/873 2096/2096/2096 
f 2093/2093/2093 872/872/872 2096/2096/2096 
f 872/872/872 2093/2093/2093 869/869/869 
f 2093/2093/2093 2092/2092/2092 869/869/869 
f 867/867/867 869/869/869 2092/2092/2092 
f 2090/2090/2090 867/867/867 2092/2092/2092 
f 866/866/866 867/867/867 2090/2090/2090 
f 843/843/843 866/866/866 2090/2090/2090 
f 2103/2103/2103 1998/1998/1998 2102/2102/2102 
f 1998/1998/1998 2104/2104/2104 2008/2008/2008 
f 2008/2008/2008 2104/2104/2104 2105/2105/2105 
f 2104/2104/2104 1998/1998/1998 1997/1997/1997 
f 2105/2105/2105 2104/2104/2104 1996/1996/1996 
f 2104/2104/2104 1997/1997/1997 1996/1996/1996 
f 2106/2106/2106 2105/2105/2105 1996/1996/1996 
f 2106/2106/2106 2009/2009/2009 2105/2105/2105 
f 2009/2009/2009 2107/2107/2107 2105/2105/2105 
f 2011/2011/2011 2009/2009/2009 2106/2106/2106 
f 2108/2108/2108 2011/2011/2011 2106/2106/2106 
f 2013/2013/2013 2011/2011/2011 2108/2108/2108 
f 2109/2109/2109 2013/2013/2013 2108/2108/2108 
f 1995/1995/1995 2106/2106/2106 1996/1996/1996 
f 2108/2108/2108 2106/2106/2106 1995/1995/1995 
f 1994/1994/1994 2108/2108/2108 1995/1995/1995 
f 2110/2110/2110 2108/2108/2108 1994/1994/1994 
f 2110/2110/2110 2109/2109/2109 2108/2108/2108 
f 1993/1993/1993 2110/2110/2110 1994/1994/1994 
f 2112/2112/2112 1993/1993/1993 2111/2111/2111 
f 1993/1993/1993 1992/1992/1992 2111/2111/2111 
f 2111/2111/2111 1992/1992/1992 1987/1987/1987 
f 2111/2111/2111 1987/1987/1987 1988/1988/1988 
f 2113/2113/2113 2111/2111/2111 1988/1988/1988 
f 2112/2112/2112 2111/2111/2111 2113/2113/2113 
f 893/893/893 2113/2113/2113 1988/1988/1988 
f 2114/2114/2114 2112/2112/2112 2113/2113/2113 
f 2114/2114/2114 2113/2113/2113 893/893/893 
f 894/894/894 2114/2114/2114 893/893/893 
f 2116/2116/2116 2115/2115/2115 2014/2014/2014 
f 2116/2116/2116 2014/2014/2014 2010/2010/2010 
f 2012/2012/2012 2116/2116/2116 2010/2010/2010 
f 2116/2116/2116 2117/2117/2117 2115/2115/2115 
f 2119/2119/2119 2118/2118/2118 1970/1970/1970 
f 2118/2118/2118 2120/2120/2120 1970/1970/1970 
f 890/890/890 1975/1975/1975 902/902/902 
f 890/890/890 1978/1978/1978 1975/1975/1975 
f 895/895/895 2122/2122/2122 2121/2121/2121 
f 895/895/895 2121/2121/2121 896/896/896 
f 2124/2124/2124 1865/1865/1865 2123/2123/2123 
f 1865/1865/1865 2125/2125/2125 2123/2123/2123 
f 1863/1863/1863 1865/1865/1865 2126/2126/2126 
f 1907/1907/1907 2127/2127/2127 1909/1909/1909 
f 2127/2127/2127 2128/2128/2128 1909/1909/1909 
f 2129/2129/2129 2127/2127/2127 1907/1907/1907 
f 1903/1903/1903 2129/2129/2129 1907/1907/1907 
f 2130/2130/2130 2129/2129/2129 1903/1903/1903 
f 1901/1901/1901 2130/2130/2130 1903/1903/1903 
f 1901/1901/1901 1898/1898/1898 2130/2130/2130 
f 1898/1898/1898 2131/2131/2131 2130/2130/2130 
f 1898/1898/1898 1897/1897/1897 2131/2131/2131 
f 1897/1897/1897 2132/2132/2132 2131/2131/2131 
f 2133/2133/2133 2131/2131/2131 2132/2132/2132 
f 2134/2134/2134 2133/2133/2133 2132/2132/2132 
f 2135/2135/2135 2133/2133/2133 2134/2134/2134 
f 2136/2136/2136 2135/2135/2135 2134/2134/2134 
f 2137/2137/2137 2135/2135/2135 2136/2136/2136 
f 2138/2138/2138 2137/2137/2137 2136/2136/2136 
f 2137/2137/2137 2139/2139/2139 2135/2135/2135 
f 2139/2139/2139 2140/2140/2140 2135/2135/2135 
f 2135/2135/2135 2140/2140/2140 2133/2133/2133 
f 2140/2140/2140 2141/2141/2141 2133/2133/2133 
f 2133/2133/2133 2141/2141/2141 2131/2131/2131 
f 2141/2141/2141 2130/2130/2130 2131/2131/2131 
f 2140/2140/2140 2142/2142/2142 2141/2141/2141 
f 2142/2142/2142 2143/2143/2143 2141/2141/2141 
f 2142/2142/2142 2144/2144/2144 2143/2143/2143 
f 2145/2145/2145 2144/2144/2144 2142/2142/2142 
f 2146/2146/2146 2145/2145/2145 2142/2142/2142 
f 2139/2139/2139 2146/2146/2146 2140/2140/2140 
f 2146/2146/2146 2142/2142/2142 2140/2140/2140 
f 2144/2144/2144 2147/2147/2147 2143/2143/2143 
f 2143/2143/2143 2147/2147/2147 2129/2129/2129 
f 2147/2147/2147 2127/2127/2127 2129/2129/2129 
f 2141/2141/2141 2143/2143/2143 2130/2130/2130 
f 2143/2143/2143 2129/2129/2129 2130/2130/2130 
f 2144/2144/2144 2148/2148/2148 2147/2147/2147 
f 2148/2148/2148 2149/2149/2149 2147/2147/2147 
f 2147/2147/2147 2149/2149/2149 2127/2127/2127 
f 2149/2149/2149 2128/2128/2128 2127/2127/2127 
f 2145/2145/2145 2150/2150/2150 2144/2144/2144 
f 2150/2150/2150 2148/2148/2148 2144/2144/2144 
f 2148/2148/2148 2150/2150/2150 2151/2151/2151 
f 2150/2150/2150 2145/2145/2145 2152/2152/2152 
f 2153/2153/2153 2150/2150/2150 2152/2152/2152 
f 2152/2152/2152 2145/2145/2145 2154/2154/2154 
f 2145/2145/2145 2146/2146/2146 2154/2154/2154 
f 2154/2154/2154 2146/2146/2146 2155/2155/2155 
f 2146/2146/2146 2139/2139/2139 2155/2155/2155 
f 2139/2139/2139 2137/2137/2137 2155/2155/2155 
f 2156/2156/2156 2155/2155/2155 2137/2137/2137 
f 2157/2157/2157 2156/2156/2156 2137/2137/2137 
f 2157/2157/2157 2137/2137/2137 2138/2138/2138 
f 2158/2158/2158 2157/2157/2157 2138/2138/2138 
f 2159/2159/2159 2158/2158/2158 2138/2138/2138 
f 2158/2158/2158 2159/2159/2159 2160/2160/2160 
f 2159/2159/2159 2161/2161/2161 2160/2160/2160 
f 2162/2162/2162 2161/2161/2161 2159/2159/2159 
f 2163/2163/2163 2162/2162/2162 2159/2159/2159 
f 2164/2164/2164 2162/2162/2162 2163/2163/2163 
f 2165/2165/2165 2164/2164/2164 2163/2163/2163 
f 2164/2164/2164 2165/2165/2165 2166/2166/2166 
f 2167/2167/2167 2164/2164/2164 2166/2166/2166 
f 2167/2167/2167 2166/2166/2166 2168/2168/2168 
f 2166/2166/2166 2169/2169/2169 2168/2168/2168 
f 2170/2170/2170 2164/2164/2164 2167/2167/2167 
f 2164/2164/2164 2170/2170/2170 2162/2162/2162 
f 2171/2171/2171 2170/2170/2170 2167/2167/2167 
f 2171/2171/2171 2167/2167/2167 2168/2168/2168 
f 2172/2172/2172 2171/2171/2171 2168/2168/2168 
f 2173/2173/2173 2170/2170/2170 2171/2171/2171 
f 2174/2174/2174 2173/2173/2173 2171/2171/2171 
f 2175/2175/2175 2173/2173/2173 2174/2174/2174 
f 2176/2176/2176 2175/2175/2175 2174/2174/2174 
f 2174/2174/2174 2171/2171/2171 2177/2177/2177 
f 2171/2171/2171 2172/2172/2172 2177/2177/2177 
f 2169/2169/2169 2166/2166/2166 2178/2178/2178 
f 2179/2179/2179 2169/2169/2169 2178/2178/2178 
f 2180/2180/2180 2179/2179/2179 2178/2178/2178 
f 2180/2180/2180 2178/2178/2178 2181/2181/2181 
f 2182/2182/2182 2180/2180/2180 2181/2181/2181 
f 2182/2182/2182 2181/2181/2181 2183/2183/2183 
f 2184/2184/2184 2182/2182/2182 2183/2183/2183 
f 2185/2185/2185 2180/2180/2180 2182/2182/2182 
f 2186/2186/2186 2185/2185/2185 2182/2182/2182 
f 2186/2186/2186 2182/2182/2182 2184/2184/2184 
f 2187/2187/2187 2186/2186/2186 2184/2184/2184 
f 2188/2188/2188 2186/2186/2186 2187/2187/2187 
f 2189/2189/2189 2188/2188/2188 2187/2187/2187 
f 2190/2190/2190 2188/2188/2188 2189/2189/2189 
f 2190/2190/2190 2191/2191/2191 2188/2188/2188 
f 2191/2191/2191 2192/2192/2192 2188/2188/2188 
f 2188/2188/2188 2192/2192/2192 2186/2186/2186 
f 2192/2192/2192 2185/2185/2185 2186/2186/2186 
f 2193/2193/2193 2190/2190/2190 2189/2189/2189 
f 2194/2194/2194 2190/2190/2190 2193/2193/2193 
f 2195/2195/2195 2194/2194/2194 2193/2193/2193 
f 2194/2194/2194 2196/2196/2196 2190/2190/2190 
f 2196/2196/2196 2191/2191/2191 2190/2190/2190 
f 2191/2191/2191 2196/2196/2196 2197/2197/2197 
f 2196/2196/2196 2198/2198/2198 2197/2197/2197 
f 2192/2192/2192 2191/2191/2191 2199/2199/2199 
f 2191/2191/2191 2197/2197/2197 2199/2199/2199 
f 2185/2185/2185 2192/2192/2192 2200/2200/2200 
f 2192/2192/2192 2199/2199/2199 2200/2200/2200 
f 2180/2180/2180 2185/2185/2185 2200/2200/2200 
f 2200/2200/2200 2201/2201/2201 2180/2180/2180 
f 2201/2201/2201 2179/2179/2179 2180/2180/2180 
f 2201/2201/2201 2202/2202/2202 2179/2179/2179 
f 2202/2202/2202 2169/2169/2169 2179/2179/2179 
f 2202/2202/2202 2203/2203/2203 2169/2169/2169 
f 2203/2203/2203 2168/2168/2168 2169/2169/2169 
f 2168/2168/2168 2203/2203/2203 2204/2204/2204 
f 2172/2172/2172 2168/2168/2168 2204/2204/2204 
f 2172/2172/2172 2204/2204/2204 2205/2205/2205 
f 2177/2177/2177 2172/2172/2172 2205/2205/2205 
f 2177/2177/2177 2205/2205/2205 2206/2206/2206 
f 2174/2174/2174 2177/2177/2177 2206/2206/2206 
f 2174/2174/2174 2206/2206/2206 2207/2207/2207 
f 2174/2174/2174 2207/2207/2207 2208/2208/2208 
f 2176/2176/2176 2174/2174/2174 2208/2208/2208 
f 2176/2176/2176 2208/2208/2208 2209/2209/2209 
f 2210/2210/2210 2176/2176/2176 2209/2209/2209 
f 2210/2210/2210 2211/2211/2211 2176/2176/2176 
f 2210/2210/2210 2212/2212/2212 2211/2211/2211 
f 2211/2211/2211 2175/2175/2175 2176/2176/2176 
f 2175/2175/2175 2211/2211/2211 2213/2213/2213 
f 2175/2175/2175 2213/2213/2213 2214/2214/2214 
f 2173/2173/2173 2175/2175/2175 2214/2214/2214 
f 2214/2214/2214 2213/2213/2213 2215/2215/2215 
f 2213/2213/2213 2216/2216/2216 2215/2215/2215 
f 2173/2173/2173 2214/2214/2214 2217/2217/2217 
f 2170/2170/2170 2173/2173/2173 2217/2217/2217 
f 2170/2170/2170 2217/2217/2217 2162/2162/2162 
f 2162/2162/2162 2217/2217/2217 2161/2161/2161 
f 2217/2217/2217 2218/2218/2218 2161/2161/2161 
f 2217/2217/2217 2214/2214/2214 2218/2218/2218 
f 2214/2214/2214 2215/2215/2215 2218/2218/2218 
f 2161/2161/2161 2218/2218/2218 2160/2160/2160 
f 2218/2218/2218 2219/2219/2219 2160/2160/2160 
f 2219/2219/2219 2218/2218/2218 2220/2220/2220 
f 2218/2218/2218 2215/2215/2215 2220/2220/2220 
f 2211/2211/2211 2221/2221/2221 2213/2213/2213 
f 2213/2213/2213 2221/2221/2221 2216/2216/2216 
f 2221/2221/2221 2222/2222/2222 2216/2216/2216 
f 2160/2160/2160 2219/2219/2219 2223/2223/2223 
f 2224/2224/2224 2160/2160/2160 2223/2223/2223 
f 2160/2160/2160 2224/2224/2224 2158/2158/2158 
f 2224/2224/2224 2225/2225/2225 2158/2158/2158 
f 2158/2158/2158 2225/2225/2225 2157/2157/2157 
f 2225/2225/2225 2156/2156/2156 2157/2157/2157 
f 2223/2223/2223 2219/2219/2219 2226/2226/2226 
f 2219/2219/2219 2220/2220/2220 2226/2226/2226 
f 2226/2226/2226 2220/2220/2220 2227/2227/2227 
f 2220/2220/2220 2215/2215/2215 2227/2227/2227 
f 2227/2227/2227 2215/2215/2215 2228/2228/2228 
f 2228/2228/2228 2215/2215/2215 2229/2229/2229 
f 2215/2215/2215 2216/2216/2216 2229/2229/2229 
f 2229/2229/2229 2216/2216/2216 2230/2230/2230 
f 2216/2216/2216 2222/2222/2222 2230/2230/2230 
f 2231/2231/2231 2222/2222/2222 2221/2221/2221 
f 2234/2234/2234 2233/2233/2233 2232/2232/2232 
f 2233/2233/2233 2235/2235/2235 2232/2232/2232 
f 2235/2235/2235 2233/2233/2233 2236/2236/2236 
f 2234/2234/2234 2237/2237/2237 2233/2233/2233 
f 2237/2237/2237 2238/2238/2238 2233/2233/2233 
f 2238/2238/2238 2239/2239/2239 2233/2233/2233 
f 2238/2238/2238 2240/2240/2240 2239/2239/2239 
f 2238/2238/2238 2237/2237/2237 2240/2240/2240 
f 2240/2240/2240 2241/2241/2241 2239/2239/2239 
f 2237/2237/2237 2242/2242/2242 2240/2240/2240 
f 2237/2237/2237 2234/2234/2234 2242/2242/2242 
f 2240/2240/2240 1031/1031/1031 2241/2241/2241 
f 1031/1031/1031 1032/1032/1032 2241/2241/2241 
f 2242/2242/2242 1033/1033/1033 2240/2240/2240 
f 1033/1033/1033 1031/1031/1031 2240/2240/2240 
f 1035/1035/1035 1033/1033/1033 2242/2242/2242 
f 2243/2243/2243 1035/1035/1035 2242/2242/2242 
f 2244/2244/2244 2243/2243/2243 2242/2242/2242 
f 2244/2244/2244 2245/2245/2245 2243/2243/2243 
f 1037/1037/1037 1035/1035/1035 2243/2243/2243 
f 2246/2246/2246 1037/1037/1037 2243/2243/2243 
f 2247/2247/2247 2246/2246/2246 2243/2243/2243 
f 2247/2247/2247 2235/2235/2235 2246/2246/2246 
f 2235/2235/2235 2248/2248/2248 2246/2246/2246 
f 2249/2249/2249 2248/2248/2248 2235/2235/2235 
f 2250/2250/2250 2249/2249/2249 2235/2235/2235 
f 2248/2248/2248 2251/2251/2251 2246/2246/2246 
f 2251/2251/2251 1037/1037/1037 2246/2246/2246 
f 1037/1037/1037 2251/2251/2251 1039/1039/1039 
f 1039/1039/1039 2251/2251/2251 2252/2252/2252 
f 2252/2252/2252 2251/2251/2251 2248/2248/2248 
f 2253/2253/2253 1039/1039/1039 2252/2252/2252 
f 2253/2253/2253 2252/2252/2252 2254/2254/2254 
f 2252/2252/2252 2255/2255/2255 2254/2254/2254 
f 2256/2256/2256 2252/2252/2252 2248/2248/2248 
f 2255/2255/2255 2252/2252/2252 2256/2256/2256 
f 2253/2253/2253 2254/2254/2254 2257/2257/2257 
f 2258/2258/2258 2253/2253/2253 2257/2257/2257 
f 2258/2258/2258 2257/2257/2257 2259/2259/2259 
f 2260/2260/2260 2258/2258/2258 2259/2259/2259 
f 2260/2260/2260 2261/2261/2261 2258/2258/2258 
f 2261/2261/2261 2262/2262/2262 2258/2258/2258 
f 2258/2258/2258 2262/2262/2262 2253/2253/2253 
f 2262/2262/2262 1039/1039/1039 2253/2253/2253 
f 2261/2261/2261 2263/2263/2263 2262/2262/2262 
f 2263/2263/2263 2264/2264/2264 2262/2262/2262 
f 2262/2262/2262 2264/2264/2264 1039/1039/1039 
f 2263/2263/2263 2265/2265/2265 2264/2264/2264 
f 2265/2265/2265 2266/2266/2266 2264/2264/2264 
f 2265/2265/2265 2267/2267/2267 2266/2266/2266 
f 2267/2267/2267 2268/2268/2268 2266/2266/2266 
f 2267/2267/2267 2269/2269/2269 2268/2268/2268 
f 2269/2269/2269 2270/2270/2270 2268/2268/2268 
f 2268/2268/2268 2270/2270/2270 2271/2271/2271 
f 2268/2268/2268 2271/2271/2271 2272/2272/2272 
f 2270/2270/2270 2273/2273/2273 2271/2271/2271 
f 2270/2270/2270 2274/2274/2274 2273/2273/2273 
f 2274/2274/2274 2275/2275/2275 2273/2273/2273 
f 2276/2276/2276 2264/2264/2264 2272/2272/2272 
f 2276/2276/2276 2272/2272/2272 2277/2277/2277 
f 2278/2278/2278 2271/2271/2271 2277/2277/2277 
f 2271/2271/2271 2279/2279/2279 2277/2277/2277 
f 2271/2271/2271 2273/2273/2273 2279/2279/2279 
f 2273/2273/2273 2280/2280/2280 2279/2279/2279 
f 2273/2273/2273 2275/2275/2275 2280/2280/2280 
f 2275/2275/2275 2281/2281/2281 2280/2280/2280 
f 2276/2276/2276 2277/2277/2277 2282/2282/2282 
f 2277/2277/2277 2279/2279/2279 2283/2283/2283 
f 2284/2284/2284 2276/2276/2276 2283/2283/2283 
f 2264/2264/2264 2276/2276/2276 2284/2284/2284 
f 1041/1041/1041 2264/2264/2264 2284/2284/2284 
f 2264/2264/2264 1041/1041/1041 1039/1039/1039 
f 1041/1041/1041 2284/2284/2284 1043/1043/1043 
f 2284/2284/2284 1052/1052/1052 1043/1043/1043 
f 2283/2283/2283 2285/2285/2285 1052/1052/1052 
f 2279/2279/2279 2285/2285/2285 2283/2283/2283 
f 2279/2279/2279 2280/2280/2280 2285/2285/2285 
f 2285/2285/2285 1051/1051/1051 1052/1052/1052 
f 2285/2285/2285 2286/2286/2286 1051/1051/1051 
f 2280/2280/2280 2286/2286/2286 2285/2285/2285 
f 2286/2286/2286 1053/1053/1053 1051/1051/1051 
f 2286/2286/2286 2287/2287/2287 1053/1053/1053 
f 2287/2287/2287 1054/1054/1054 1053/1053/1053 
f 2284/2284/2284 2288/2288/2288 1052/1052/1052 
f 2289/2289/2289 2287/2287/2287 2286/2286/2286 
f 2280/2280/2280 2289/2289/2289 2286/2286/2286 
f 1054/1054/1054 2287/2287/2287 2290/2290/2290 
f 1054/1054/1054 2290/2290/2290 1049/1049/1049 
f 2287/2287/2287 2291/2291/2291 2290/2290/2290 
f 1049/1049/1049 2290/2290/2290 1050/1050/1050 
f 2290/2290/2290 2292/2292/2292 1050/1050/1050 
f 2290/2290/2290 2291/2291/2291 2292/2292/2292 
f 2292/2292/2292 1067/1067/1067 1050/1050/1050 
f 1050/1050/1050 1067/1067/1067 1048/1048/1048 
f 1067/1067/1067 1065/1065/1065 1048/1048/1048 
f 1048/1048/1048 1065/1065/1065 1046/1046/1046 
f 1065/1065/1065 1063/1063/1063 1046/1046/1046 
f 1046/1046/1046 1063/1063/1063 1044/1044/1044 
f 1063/1063/1063 1061/1061/1061 1044/1044/1044 
f 1044/1044/1044 1061/1061/1061 1042/1042/1042 
f 1061/1061/1061 1055/1055/1055 1042/1042/1042 
f 2291/2291/2291 2293/2293/2293 2292/2292/2292 
f 2292/2292/2292 2293/2293/2293 1067/1067/1067 
f 2293/2293/2293 1068/1068/1068 1067/1067/1067 
f 2296/2296/2296 2295/2295/2295 2294/2294/2294 
f 2264/2264/2264 2296/2296/2296 2294/2294/2294 
f 2298/2298/2298 2297/2297/2297 2269/2269/2269 
f 2269/2269/2269 2297/2297/2297 2270/2270/2270 
f 2297/2297/2297 2274/2274/2274 2270/2270/2270 
f 2299/2299/2299 2297/2297/2297 2298/2298/2298 
f 2301/2301/2301 1070/1070/1070 2300/2300/2300 
f 2300/2300/2300 1070/1070/1070 1071/1071/1071 
f 2281/2281/2281 2289/2289/2289 2280/2280/2280 
f 1021/1021/1021 2303/2303/2303 2302/2302/2302 
f 2303/2303/2303 2304/2304/2304 2302/2302/2302 
f 2302/2302/2302 2304/2304/2304 957/957/957 
f 2304/2304/2304 959/959/959 957/957/957 
f 2305/2305/2305 2303/2303/2303 1021/1021/1021 
f 1025/1025/1025 2305/2305/2305 1021/1021/1021 
f 1028/1028/1028 2305/2305/2305 1025/1025/1025 
f 1021/1021/1021 2302/2302/2302 1017/1017/1017 
f 2302/2302/2302 1020/1020/1020 1017/1017/1017 
f 2302/2302/2302 957/957/957 1020/1020/1020 
f 957/957/957 956/956/956 1020/1020/1020 
f 2307/2307/2307 2233/2233/2233 2306/2306/2306 
f 2233/2233/2233 2308/2308/2308 2306/2306/2306 
f 2233/2233/2233 2307/2307/2307 2236/2236/2236 
f 2309/2309/2309 2308/2308/2308 2233/2233/2233 
f 2310/2310/2310 2309/2309/2309 2233/2233/2233 
f 2239/2239/2239 2310/2310/2310 2233/2233/2233 
f 2307/2307/2307 2306/2306/2306 2311/2311/2311 
f 2312/2312/2312 2307/2307/2307 2311/2311/2311 
f 2312/2312/2312 2313/2313/2313 2307/2307/2307 
f 2313/2313/2313 2314/2314/2314 2307/2307/2307 
f 2311/2311/2311 2306/2306/2306 2315/2315/2315 
f 2306/2306/2306 2308/2308/2308 2315/2315/2315 
f 2316/2316/2316 2310/2310/2310 2239/2239/2239 
f 2309/2309/2309 2310/2310/2310 2316/2316/2316 
f 2241/2241/2241 2316/2316/2316 2239/2239/2239 
f 2317/2317/2317 2309/2309/2309 2316/2316/2316 
f 2315/2315/2315 2308/2308/2308 2317/2317/2317 
f 2308/2308/2308 2309/2309/2309 2317/2317/2317 
f 1026/1026/1026 2316/2316/2316 2241/2241/2241 
f 1032/1032/1032 1026/1026/1026 2241/2241/2241 
f 1026/1026/1026 1024/1024/1024 2316/2316/2316 
f 1024/1024/1024 2317/2317/2317 2316/2316/2316 
f 1024/1024/1024 1023/1023/1023 2317/2317/2317 
f 1023/1023/1023 2315/2315/2315 2317/2317/2317 
f 1023/1023/1023 2318/2318/2318 2315/2315/2315 
f 2318/2318/2318 2311/2311/2311 2315/2315/2315 
f 2318/2318/2318 1023/1023/1023 1022/1022/1022 
f 2319/2319/2319 2318/2318/2318 1022/1022/1022 
f 2318/2318/2318 2319/2319/2319 2320/2320/2320 
f 2321/2321/2321 2318/2318/2318 2320/2320/2320 
f 2320/2320/2320 2322/2322/2322 2321/2321/2321 
f 2322/2322/2322 2320/2320/2320 2323/2323/2323 
f 2320/2320/2320 2324/2324/2324 2323/2323/2323 
f 2323/2323/2323 2324/2324/2324 2325/2325/2325 
f 2324/2324/2324 2326/2326/2326 2325/2325/2325 
f 2325/2325/2325 2326/2326/2326 2327/2327/2327 
f 2326/2326/2326 2328/2328/2328 2327/2327/2327 
f 2327/2327/2327 2328/2328/2328 2329/2329/2329 
f 2328/2328/2328 2330/2330/2330 2329/2329/2329 
f 2331/2331/2331 2329/2329/2329 2330/2330/2330 
f 2332/2332/2332 2331/2331/2331 2330/2330/2330 
f 2327/2327/2327 2333/2333/2333 2325/2325/2325 
f 2333/2333/2333 2334/2334/2334 2325/2325/2325 
f 2329/2329/2329 2335/2335/2335 2327/2327/2327 
f 2335/2335/2335 2333/2333/2333 2327/2327/2327 
f 2331/2331/2331 2336/2336/2336 2329/2329/2329 
f 2336/2336/2336 2335/2335/2335 2329/2329/2329 
f 2321/2321/2321 2322/2322/2322 2337/2337/2337 
f 2321/2321/2321 2337/2337/2337 2312/2312/2312 
f 2321/2321/2321 2312/2312/2312 2311/2311/2311 
f 2318/2318/2318 2321/2321/2321 2311/2311/2311 
f 2337/2337/2337 2256/2256/2256 2312/2312/2312 
f 2337/2337/2337 2255/2255/2255 2256/2256/2256 
f 2255/2255/2255 2337/2337/2337 2254/2254/2254 
f 2337/2337/2337 2338/2338/2338 2254/2254/2254 
f 2322/2322/2322 2338/2338/2338 2337/2337/2337 
f 2254/2254/2254 2338/2338/2338 2257/2257/2257 
f 2338/2338/2338 2339/2339/2339 2257/2257/2257 
f 2257/2257/2257 2339/2339/2339 2259/2259/2259 
f 2339/2339/2339 2340/2340/2340 2259/2259/2259 
f 2341/2341/2341 2340/2340/2340 2339/2339/2339 
f 2342/2342/2342 2341/2341/2341 2339/2339/2339 
f 2322/2322/2322 2342/2342/2342 2338/2338/2338 
f 2342/2342/2342 2339/2339/2339 2338/2338/2338 
f 2343/2343/2343 2341/2341/2341 2342/2342/2342 
f 2344/2344/2344 2343/2343/2343 2342/2342/2342 
f 2344/2344/2344 2342/2342/2342 2322/2322/2322 
f 2345/2345/2345 2343/2343/2343 2344/2344/2344 
f 2346/2346/2346 2345/2345/2345 2344/2344/2344 
f 2347/2347/2347 2345/2345/2345 2346/2346/2346 
f 2348/2348/2348 2347/2347/2347 2346/2346/2346 
f 2349/2349/2349 2347/2347/2347 2348/2348/2348 
f 2350/2350/2350 2349/2349/2349 2348/2348/2348 
f 2350/2350/2350 2348/2348/2348 2351/2351/2351 
f 2351/2351/2351 2348/2348/2348 2352/2352/2352 
f 2353/2353/2353 2350/2350/2350 2351/2351/2351 
f 2354/2354/2354 2350/2350/2350 2353/2353/2353 
f 2355/2355/2355 2354/2354/2354 2353/2353/2353 
f 2344/2344/2344 2356/2356/2356 2352/2352/2352 
f 2352/2352/2352 2356/2356/2356 2357/2357/2357 
f 2358/2358/2358 2351/2351/2351 2357/2357/2357 
f 2353/2353/2353 2351/2351/2351 2358/2358/2358 
f 2351/2351/2351 2359/2359/2359 2357/2357/2357 
f 2360/2360/2360 2353/2353/2353 2358/2358/2358 
f 2355/2355/2355 2353/2353/2353 2360/2360/2360 
f 2361/2361/2361 2355/2355/2355 2360/2360/2360 
f 2357/2357/2357 2356/2356/2356 2362/2362/2362 
f 2358/2358/2358 2357/2357/2357 2362/2362/2362 
f 2356/2356/2356 2363/2363/2363 2362/2362/2362 
f 2362/2362/2362 2363/2363/2363 2334/2334/2334 
f 2364/2364/2364 2362/2362/2362 2334/2334/2334 
f 2364/2364/2364 2358/2358/2358 2362/2362/2362 
f 2360/2360/2360 2358/2358/2358 2364/2364/2364 
f 2333/2333/2333 2364/2364/2364 2334/2334/2334 
f 2365/2365/2365 2364/2364/2364 2333/2333/2333 
f 2365/2365/2365 2360/2360/2360 2364/2364/2364 
f 2335/2335/2335 2365/2365/2365 2333/2333/2333 
f 2366/2366/2366 2365/2365/2365 2335/2335/2335 
f 2336/2336/2336 2366/2366/2366 2335/2335/2335 
f 2334/2334/2334 2363/2363/2363 2325/2325/2325 
f 2363/2363/2363 2323/2323/2323 2325/2325/2325 
f 2344/2344/2344 2323/2323/2323 2363/2363/2363 
f 2323/2323/2323 2344/2344/2344 2322/2322/2322 
f 2356/2356/2356 2344/2344/2344 2363/2363/2363 
f 2366/2366/2366 2367/2367/2367 2365/2365/2365 
f 2367/2367/2367 2360/2360/2360 2365/2365/2365 
f 2366/2366/2366 2336/2336/2336 2368/2368/2368 
f 2368/2368/2368 2336/2336/2336 2331/2331/2331 
f 2369/2369/2369 2366/2366/2366 2368/2368/2368 
f 2368/2368/2368 2331/2331/2331 2332/2332/2332 
f 2370/2370/2370 2368/2368/2368 2332/2332/2332 
f 2369/2369/2369 2368/2368/2368 2370/2370/2370 
f 1012/1012/1012 2370/2370/2370 2332/2332/2332 
f 1012/1012/1012 2332/2332/2332 2330/2330/2330 
f 1010/1010/1010 1012/1012/1012 2330/2330/2330 
f 1010/1010/1010 2330/2330/2330 2328/2328/2328 
f 1002/1002/1002 1010/1010/1010 2328/2328/2328 
f 1002/1002/1002 2328/2328/2328 2326/2326/2326 
f 1003/1003/1003 1002/1002/1002 2326/2326/2326 
f 1003/1003/1003 2326/2326/2326 2324/2324/2324 
f 1005/1005/1005 1003/1003/1003 2324/2324/2324 
f 1005/1005/1005 2324/2324/2324 2320/2320/2320 
f 1007/1007/1007 1005/1005/1005 2320/2320/2320 
f 1007/1007/1007 2320/2320/2320 2319/2319/2319 
f 1007/1007/1007 2319/2319/2319 1022/1022/1022 
f 1009/1009/1009 1007/1007/1007 1022/1022/1022 
f 2371/2371/2371 2370/2370/2370 1012/1012/1012 
f 2371/2371/2371 2369/2369/2369 2370/2370/2370 
f 1013/1013/1013 2371/2371/2371 1012/1012/1012 
f 2374/2374/2374 2373/2373/2373 2372/2372/2372 
f 2373/2373/2373 2344/2344/2344 2372/2372/2372 
f 2376/2376/2376 2375/2375/2375 2349/2349/2349 
f 2376/2376/2376 2349/2349/2349 2350/2350/2350 
f 2354/2354/2354 2376/2376/2376 2350/2350/2350 
f 2376/2376/2376 2377/2377/2377 2375/2375/2375 
f 1008/1008/1008 992/992/992 1006/1006/1006 
f 992/992/992 1008/1008/1008 989/989/989 
f 1008/1008/1008 1018/1018/1018 989/989/989 
f 988/988/988 989/989/989 1018/1018/1018 
f 1019/1019/1019 988/988/988 1018/1018/1018 
f 960/960/960 988/988/988 1019/1019/1019 
f 955/955/955 960/960/960 1019/1019/1019 
f 1015/1015/1015 2379/2379/2379 2378/2378/2378 
f 1015/1015/1015 2378/2378/2378 1016/1016/1016 
f 2367/2367/2367 2361/2361/2361 2360/2360/2360 
f 2193/2193/2193 1327/1327/1327 2195/2195/2195 
f 1327/1327/1327 1330/1330/1330 2195/2195/2195 
f 1326/1326/1326 1327/1327/1327 2193/2193/2193 
f 2189/2189/2189 1326/1326/1326 2193/2193/2193 
f 1319/1319/1319 1326/1326/1326 2189/2189/2189 
f 2187/2187/2187 1319/1319/1319 2189/2189/2189 
f 2187/2187/2187 2184/2184/2184 1319/1319/1319 
f 2184/2184/2184 1315/1315/1315 1319/1319/1319 
f 2184/2184/2184 2183/2183/2183 1315/1315/1315 
f 2183/2183/2183 1314/1314/1314 1315/1315/1315 
f 2382/2382/2382 2381/2381/2381 2380/2380/2380 
f 2381/2381/2381 2383/2383/2383 2380/2380/2380 
f 2384/2384/2384 2381/2381/2381 2382/2382/2382 
f 2385/2385/2385 2384/2384/2384 2382/2382/2382 
f 2386/2386/2386 2384/2384/2384 2385/2385/2385 
f 2387/2387/2387 2386/2386/2386 2385/2385/2385 
f 2388/2388/2388 2386/2386/2386 2387/2387/2387 
f 2389/2389/2389 2388/2388/2388 2387/2387/2387 
f 2390/2390/2390 2388/2388/2388 2389/2389/2389 
f 2391/2391/2391 2390/2390/2390 2389/2389/2389 
f 2381/2381/2381 2392/2392/2392 2383/2383/2383 
f 2392/2392/2392 2393/2393/2393 2383/2383/2383 
f 2392/2392/2392 2394/2394/2394 2393/2393/2393 
f 2394/2394/2394 2395/2395/2395 2393/2393/2393 
f 2396/2396/2396 2394/2394/2394 2392/2392/2392 
f 2390/2390/2390 2397/2397/2397 2388/2388/2388 
f 2397/2397/2397 2398/2398/2398 2388/2388/2388 
f 2388/2388/2388 2398/2398/2398 2386/2386/2386 
f 2397/2397/2397 2399/2399/2399 2398/2398/2398 
f 2399/2399/2399 2400/2400/2400 2398/2398/2398 
f 2398/2398/2398 2400/2400/2400 2401/2401/2401 
f 2398/2398/2398 2401/2401/2401 2386/2386/2386 
f 2400/2400/2400 2402/2402/2402 2401/2401/2401 
f 2401/2401/2401 2402/2402/2402 2403/2403/2403 
f 2401/2401/2401 2403/2403/2403 2384/2384/2384 
f 2386/2386/2386 2401/2401/2401 2384/2384/2384 
f 2384/2384/2384 2403/2403/2403 2381/2381/2381 
f 2403/2403/2403 2392/2392/2392 2381/2381/2381 
f 2406/2406/2406 2405/2405/2405 2404/2404/2404 
f 2405/2405/2405 2407/2407/2407 2404/2404/2404 
f 2404/2404/2404 2407/2407/2407 2408/2408/2408 
f 2407/2407/2407 2409/2409/2409 2408/2408/2408 
f 2408/2408/2408 2409/2409/2409 2410/2410/2410 
f 2409/2409/2409 2411/2411/2411 2410/2410/2410 
f 2410/2410/2410 2411/2411/2411 2412/2412/2412 
f 2411/2411/2411 2413/2413/2413 2412/2412/2412 
f 2412/2412/2412 2413/2413/2413 2414/2414/2414 
f 2413/2413/2413 2415/2415/2415 2414/2414/2414 
f 2405/2405/2405 2416/2416/2416 2407/2407/2407 
f 2416/2416/2416 2417/2417/2417 2407/2407/2407 
f 2407/2407/2407 2417/2417/2417 2409/2409/2409 
f 2416/2416/2416 2418/2418/2418 2417/2417/2417 
f 2418/2418/2418 2419/2419/2419 2417/2417/2417 
f 2417/2417/2417 2419/2419/2419 2420/2420/2420 
f 2417/2417/2417 2420/2420/2420 2409/2409/2409 
f 2409/2409/2409 2420/2420/2420 2411/2411/2411 
f 2419/2419/2419 2421/2421/2421 2420/2420/2420 
f 2420/2420/2420 2421/2421/2421 2422/2422/2422 
f 2420/2420/2420 2422/2422/2422 2411/2411/2411 
f 2411/2411/2411 2422/2422/2422 2413/2413/2413 
f 2422/2422/2422 2423/2423/2423 2413/2413/2413 
f 2413/2413/2413 2423/2423/2423 2415/2415/2415 
f 2423/2423/2423 2424/2424/2424 2415/2415/2415 
f 2423/2423/2423 2425/2425/2425 2424/2424/2424 
f 2425/2425/2425 2426/2426/2426 2424/2424/2424 
f 2427/2427/2427 2425/2425/2425 2423/2423/2423 
f 2430/2430/2430 2429/2429/2429 2428/2428/2428 
f 2429/2429/2429 2431/2431/2431 2428/2428/2428 
f 2432/2432/2432 2429/2429/2429 2430/2430/2430 
f 2433/2433/2433 2432/2432/2432 2430/2430/2430 
f 2432/2432/2432 2434/2434/2434 2429/2429/2429 
f 2434/2434/2434 2435/2435/2435 2429/2429/2429 
f 2429/2429/2429 2435/2435/2435 2431/2431/2431 
f 2434/2434/2434 2436/2436/2436 2435/2435/2435 
f 2436/2436/2436 2437/2437/2437 2435/2435/2435 
f 2435/2435/2435 2437/2437/2437 2438/2438/2438 
f 2435/2435/2435 2438/2438/2438 2431/2431/2431 
f 2437/2437/2437 2439/2439/2439 2438/2438/2438 
f 2442/2442/2442 2441/2441/2441 2440/2440/2440 
f 2441/2441/2441 2443/2443/2443 2440/2440/2440 
f 2444/2444/2444 2441/2441/2441 2442/2442/2442 
f 2445/2445/2445 2444/2444/2444 2442/2442/2442 
f 2446/2446/2446 2444/2444/2444 2445/2445/2445 
f 2447/2447/2447 2446/2446/2446 2445/2445/2445 
f 2448/2448/2448 2446/2446/2446 2447/2447/2447 
f 2449/2449/2449 2448/2448/2448 2447/2447/2447 
f 2450/2450/2450 2448/2448/2448 2449/2449/2449 
f 2451/2451/2451 2450/2450/2450 2449/2449/2449 
f 2450/2450/2450 2452/2452/2452 2448/2448/2448 
f 2452/2452/2452 2453/2453/2453 2448/2448/2448 
f 2448/2448/2448 2453/2453/2453 2446/2446/2446 
f 2452/2452/2452 2454/2454/2454 2453/2453/2453 
f 2454/2454/2454 2455/2455/2455 2453/2453/2453 
f 2453/2453/2453 2455/2455/2455 2456/2456/2456 
f 2453/2453/2453 2456/2456/2456 2446/2446/2446 
f 2446/2446/2446 2456/2456/2456 2444/2444/2444 
f 2455/2455/2455 2457/2457/2457 2456/2456/2456 
f 2456/2456/2456 2457/2457/2457 2458/2458/2458 
f 2456/2456/2456 2458/2458/2458 2444/2444/2444 
f 2444/2444/2444 2458/2458/2458 2441/2441/2441 
f 2458/2458/2458 2459/2459/2459 2441/2441/2441 
f 2441/2441/2441 2459/2459/2459 2443/2443/2443 
f 2459/2459/2459 2460/2460/2460 2443/2443/2443 
f 2459/2459/2459 2461/2461/2461 2460/2460/2460 
f 2461/2461/2461 2462/2462/2462 2460/2460/2460 
f 2463/2463/2463 2461/2461/2461 2459/2459/2459 
f 2466/2466/2466 2465/2465/2465 2464/2464/2464 
f 2465/2465/2465 2467/2467/2467 2464/2464/2464 
f 2468/2468/2468 2465/2465/2465 2466/2466/2466 
f 2469/2469/2469 2468/2468/2468 2466/2466/2466 
f 2468/2468/2468 2470/2470/2470 2465/2465/2465 
f 2470/2470/2470 2471/2471/2471 2465/2465/2465 
f 2465/2465/2465 2471/2471/2471 2467/2467/2467 
f 2470/2470/2470 2472/2472/2472 2471/2471/2471 
f 2472/2472/2472 2473/2473/2473 2471/2471/2471 
f 2471/2471/2471 2473/2473/2473 2474/2474/2474 
f 2471/2471/2471 2474/2474/2474 2467/2467/2467 
f 2473/2473/2473 2475/2475/2475 2474/2474/2474 
f 2478/2478/2478 2477/2477/2477 2476/2476/2476 
f 2477/2477/2477 2479/2479/2479 2476/2476/2476 
f 2480/2480/2480 2477/2477/2477 2478/2478/2478 
f 2481/2481/2481 2480/2480/2480 2478/2478/2478 
f 2482/2482/2482 2480/2480/2480 2481/2481/2481 
f 2483/2483/2483 2482/2482/2482 2481/2481/2481 
f 2484/2484/2484 2482/2482/2482 2483/2483/2483 
f 2485/2485/2485 2484/2484/2484 2483/2483/2483 
f 2486/2486/2486 2484/2484/2484 2485/2485/2485 
f 2487/2487/2487 2486/2486/2486 2485/2485/2485 
f 2486/2486/2486 2488/2488/2488 2484/2484/2484 
f 2488/2488/2488 2489/2489/2489 2484/2484/2484 
f 2484/2484/2484 2489/2489/2489 2482/2482/2482 
f 2488/2488/2488 2490/2490/2490 2489/2489/2489 
f 2490/2490/2490 2491/2491/2491 2489/2489/2489 
f 2489/2489/2489 2491/2491/2491 2492/2492/2492 
f 2489/2489/2489 2492/2492/2492 2482/2482/2482 
f 2482/2482/2482 2492/2492/2492 2480/2480/2480 
f 2491/2491/2491 2493/2493/2493 2492/2492/2492 
f 2492/2492/2492 2493/2493/2493 2494/2494/2494 
f 2492/2492/2492 2494/2494/2494 2480/2480/2480 
f 2480/2480/2480 2494/2494/2494 2477/2477/2477 
f 2494/2494/2494 2495/2495/2495 2477/2477/2477 
f 2477/2477/2477 2495/2495/2495 2479/2479/2479 
f 2495/2495/2495 2496/2496/2496 2479/2479/2479 
f 2495/2495/2495 2497/2497/2497 2496/2496/2496 
f 2497/2497/2497 2498/2498/2498 2496/2496/2496 
f 2499/2499/2499 2497/2497/2497 2495/2495/2495 
f 2502/2502/2502 2501/2501/2501 2500/2500/2500 
f 2501/2501/2501 2503/2503/2503 2500/2500/2500 
f 2504/2504/2504 2501/2501/2501 2502/2502/2502 
f 2505/2505/2505 2504/2504/2504 2502/2502/2502 
f 2504/2504/2504 2506/2506/2506 2501/2501/2501 
f 2506/2506/2506 2507/2507/2507 2501/2501/2501 
f 2501/2501/2501 2507/2507/2507 2503/2503/2503 
f 2506/2506/2506 2508/2508/2508 2507/2507/2507 
f 2508/2508/2508 2509/2509/2509 2507/2507/2507 
f 2507/2507/2507 2509/2509/2509 2510/2510/2510 
f 2507/2507/2507 2510/2510/2510 2503/2503/2503 
f 2509/2509/2509 2511/2511/2511 2510/2510/2510 
f 2513/2513/2513 2512/2512/2512 910/910/910 
f 2512/2512/2512 2514/2514/2514 910/910/910 
f 2515/2515/2515 2512/2512/2512 2513/2513/2513 
f 2516/2516/2516 2515/2515/2515 2513/2513/2513 
f 2517/2517/2517 2515/2515/2515 2516/2516/2516 
f 2518/2518/2518 2517/2517/2517 2516/2516/2516 
f 2519/2519/2519 2517/2517/2517 2518/2518/2518 
f 2520/2520/2520 2519/2519/2519 2518/2518/2518 
f 2521/2521/2521 2519/2519/2519 2520/2520/2520 
f 2522/2522/2522 2521/2521/2521 2520/2520/2520 
f 2521/2521/2521 2523/2523/2523 2519/2519/2519 
f 2523/2523/2523 2524/2524/2524 2519/2519/2519 
f 2519/2519/2519 2524/2524/2524 2517/2517/2517 
f 2523/2523/2523 2525/2525/2525 2524/2524/2524 
f 2525/2525/2525 2526/2526/2526 2524/2524/2524 
f 2524/2524/2524 2526/2526/2526 2527/2527/2527 
f 2524/2524/2524 2527/2527/2527 2517/2517/2517 
f 2517/2517/2517 2527/2527/2527 2515/2515/2515 
f 2526/2526/2526 2528/2528/2528 2527/2527/2527 
f 2527/2527/2527 2528/2528/2528 2529/2529/2529 
f 2527/2527/2527 2529/2529/2529 2515/2515/2515 
f 2515/2515/2515 2529/2529/2529 2512/2512/2512 
f 2529/2529/2529 2530/2530/2530 2512/2512/2512 
f 2512/2512/2512 2530/2530/2530 2514/2514/2514 
f 2530/2530/2530 2531/2531/2531 2514/2514/2514 
f 2530/2530/2530 2532/2532/2532 2531/2531/2531 
f 2532/2532/2532 2533/2533/2533 2531/2531/2531 
f 2534/2534/2534 2532/2532/2532 2530/2530/2530 
f 2537/2537/2537 2536/2536/2536 2535/2535/2535 
f 2536/2536/2536 2538/2538/2538 2535/2535/2535 
f 2539/2539/2539 2536/2536/2536 2537/2537/2537 
f 2540/2540/2540 2539/2539/2539 2537/2537/2537 
f 2539/2539/2539 2541/2541/2541 2536/2536/2536 
f 2541/2541/2541 2542/2542/2542 2536/2536/2536 
f 2536/2536/2536 2542/2542/2542 2538/2538/2538 
f 2541/2541/2541 2543/2543/2543 2542/2542/2542 
f 2543/2543/2543 2544/2544/2544 2542/2542/2542 
f 2542/2542/2542 2544/2544/2544 2545/2545/2545 
f 2542/2542/2542 2545/2545/2545 2538/2538/2538 
f 2544/2544/2544 2546/2546/2546 2545/2545/2545 
f 2549/2549/2549 2548/2548/2548 2547/2547/2547 
f 2548/2548/2548 2550/2550/2550 2547/2547/2547 
f 2551/2551/2551 2548/2548/2548 2549/2549/2549 
f 2552/2552/2552 2551/2551/2551 2549/2549/2549 
f 2551/2551/2551 2553/2553/2553 2548/2548/2548 
f 2553/2553/2553 2554/2554/2554 2548/2548/2548 
f 2548/2548/2548 2554/2554/2554 2550/2550/2550 
f 2553/2553/2553 2555/2555/2555 2554/2554/2554 
f 2555/2555/2555 2556/2556/2556 2554/2554/2554 
f 2554/2554/2554 2556/2556/2556 2557/2557/2557 
f 2554/2554/2554 2557/2557/2557 2550/2550/2550 
f 2556/2556/2556 2558/2558/2558 2557/2557/2557 
f 2561/2561/2561 2560/2560/2560 2559/2559/2559 
f 2564/2564/2564 2563/2563/2563 2562/2562/2562 
f 2567/2567/2567 2566/2566/2566 2565/2565/2565 
f 2570/2570/2570 2569/2569/2569 2568/2568/2568 
f 2573/2573/2573 2572/2572/2572 2571/2571/2571 
f 2576/2576/2576 2575/2575/2575 2574/2574/2574 
f 2579/2579/2579 2578/2578/2578 2577/2577/2577 
f 2582/2582/2582 2581/2581/2581 2580/2580/2580 
f 2585/2585/2585 2584/2584/2584 2583/2583/2583 
f 2588/2588/2588 2587/2587/2587 2586/2586/2586 
f 2591/2591/2591 2590/2590/2590 2589/2589/2589 
f 2590/2590/2590 2592/2592/2592 2589/2589/2589 
f 2594/2594/2594 2592/2592/2592 2593/2593/2593 
f 2592/2592/2592 2595/2595/2595 2593/2593/2593 
f 2597/2597/2597 2595/2595/2595 2596/2596/2596 
f 2595/2595/2595 2598/2598/2598 2596/2596/2596 
f 2600/2600/2600 2598/2598/2598 2599/2599/2599 
f 2598/2598/2598 2601/2601/2601 2599/2599/2599 
f 2603/2603/2603 2590/2590/2590 2602/2602/2602 
f 2604/2604/2604 2603/2603/2603 2602/2602/2602 
f 2606/2606/2606 2603/2603/2603 2605/2605/2605 
f 2607/2607/2607 2606/2606/2606 2605/2605/2605 
f 2609/2609/2609 2606/2606/2606 2608/2608/2608 
f 2610/2610/2610 2609/2609/2609 2608/2608/2608 
f 2612/2612/2612 2609/2609/2609 2611/2611/2611 
f 2613/2613/2613 2612/2612/2612 2611/2611/2611 
f 2615/2615/2615 2612/2612/2612 2614/2614/2614 
f 2616/2616/2616 2615/2615/2615 2614/2614/2614 
f 2618/2618/2618 2615/2615/2615 2617/2617/2617 
f 2619/2619/2619 2618/2618/2618 2617/2617/2617 
f 2621/2621/2621 2618/2618/2618 2620/2620/2620 
f 2622/2622/2622 2621/2621/2621 2620/2620/2620 
f 2624/2624/2624 2621/2621/2621 2623/2623/2623 
f 2625/2625/2625 2624/2624/2624 2623/2623/2623 
f 2627/2627/2627 2624/2624/2624 2626/2626/2626 
f 2628/2628/2628 2627/2627/2627 2626/2626/2626 
f 2630/2630/2630 2627/2627/2627 2629/2629/2629 
f 2631/2631/2631 2630/2630/2630 2629/2629/2629 
f 2633/2633/2633 2630/2630/2630 2632/2632/2632 
f 2634/2634/2634 2633/2633/2633 2632/2632/2632 
f 2636/2636/2636 2633/2633/2633 2635/2635/2635 
f 2637/2637/2637 2636/2636/2636 2635/2635/2635 
f 2639/2639/2639 2636/2636/2636 2638/2638/2638 
f 2640/2640/2640 2639/2639/2639 2638/2638/2638 
f 2642/2642/2642 2639/2639/2639 2641/2641/2641 
f 2643/2643/2643 2642/2642/2642 2641/2641/2641 
f 2645/2645/2645 2642/2642/2642 2644/2644/2644 
f 2646/2646/2646 2645/2645/2645 2644/2644/2644 
f 2648/2648/2648 2645/2645/2645 2647/2647/2647 
f 2649/2649/2649 2648/2648/2648 2647/2647/2647 
f 2651/2651/2651 2648/2648/2648 2650/2650/2650 
f 2652/2652/2652 2651/2651/2651 2650/2650/2650 
f 2654/2654/2654 2651/2651/2651 2653/2653/2653 
f 2655/2655/2655 2654/2654/2654 2653/2653/2653 
f 2657/2657/2657 2654/2654/2654 2656/2656/2656 
f 2658/2658/2658 2657/2657/2657 2656/2656/2656 
f 2660/2660/2660 2657/2657/2657 2659/2659/2659 
f 2661/2661/2661 2660/2660/2660 2659/2659/2659 
f 2663/2663/2663 2660/2660/2660 2662/2662/2662 
f 2664/2664/2664 2663/2663/2663 2662/2662/2662 
f 2666/2666/2666 2663/2663/2663 2665/2665/2665 
f 2667/2667/2667 2666/2666/2666 2665/2665/2665 
f 2669/2669/2669 2666/2666/2666 2668/2668/2668 
f 2670/2670/2670 2669/2669/2669 2668/2668/2668 
f 2672/2672/2672 2669/2669/2669 2671/2671/2671 
f 2673/2673/2673 2672/2672/2672 2671/2671/2671 
f 2675/2675/2675 2672/2672/2672 2674/2674/2674 
f 2676/2676/2676 2675/2675/2675 2674/2674/2674 
f 2678/2678/2678 2675/2675/2675 2677/2677/2677 
f 2679/2679/2679 2678/2678/2678 2677/2677/2677 
f 2681/2681/2681 2678/2678/2678 2680/2680/2680 
f 2682/2682/2682 2681/2681/2681 2680/2680/2680 
f 2684/2684/2684 2681/2681/2681 2683/2683/2683 
f 2685/2685/2685 2684/2684/2684 2683/2683/2683 
f 2687/2687/2687 2684/2684/2684 2686/2686/2686 
f 2688/2688/2688 2687/2687/2687 2686/2686/2686 
f 2690/2690/2690 2687/2687/2687 2689/2689/2689 
f 2691/2691/2691 2690/2690/2690 2689/2689/2689 
f 2693/2693/2693 2690/2690/2690 2692/2692/2692 
f 2694/2694/2694 2693/2693/2693 2692/2692/2692 
f 2696/2696/2696 2693/2693/2693 2695/2695/2695 
f 2697/2697/2697 2696/2696/2696 2695/2695/2695 
f 2699/2699/2699 2696/2696/2696 2698/2698/2698 
f 2700/2700/2700 2699/2699/2699 2698/2698/2698 
f 2702/2702/2702 2699/2699/2699 2701/2701/2701 
f 2703/2703/2703 2702/2702/2702 2701/2701/2701 
f 2705/2705/2705 2702/2702/2702 2704/2704/2704 
f 2706/2706/2706 2705/2705/2705 2704/2704/2704 
f 2708/2708/2708 2705/2705/2705 2707/2707/2707 
f 2709/2709/2709 2708/2708/2708 2707/2707/2707 
f 2711/2711/2711 2708/2708/2708 2710/2710/2710 
f 2712/2712/2712 2711/2711/2711 2710/2710/2710 
f 2714/2714/2714 2711/2711/2711 2713/2713/2713 
f 2715/2715/2715 2714/2714/2714 2713/2713/2713 
f 2717/2717/2717 2714/2714/2714 2716/2716/2716 
f 2718/2718/2718 2717/2717/2717 2716/2716/2716 
f 2720/2720/2720 2717/2717/2717 2719/2719/2719 
f 2721/2721/2721 2720/2720/2720 2719/2719/2719 
f 2723/2723/2723 2720/2720/2720 2722/2722/2722 
f 2724/2724/2724 2723/2723/2723 2722/2722/2722 
f 2726/2726/2726 2723/2723/2723 2725/2725/2725 
f 2727/2727/2727 2726/2726/2726 2725/2725/2725 
f 2729/2729/2729 2726/2726/2726 2728/2728/2728 
f 2730/2730/2730 2729/2729/2729 2728/2728/2728 
f 2732/2732/2732 2729/2729/2729 2731/2731/2731 
f 2733/2733/2733 2732/2732/2732 2731/2731/2731 
f 2735/2735/2735 2732/2732/2732 2734/2734/2734 
f 2736/2736/2736 2735/2735/2735 2734/2734/2734 
f 2738/2738/2738 2735/2735/2735 2737/2737/2737 
f 2739/2739/2739 2738/2738/2738 2737/2737/2737 
f 2741/2741/2741 2738/2738/2738 2740/2740/2740 
f 2742/2742/2742 2741/2741/2741 2740/2740/2740 
f 2744/2744/2744 2601/2601/2601 2743/2743/2743 
f 2601/2601/2601 2745/2745/2745 2743/2743/2743 
f 2747/2747/2747 2745/2745/2745 2746/2746/2746 
f 2745/2745/2745 2748/2748/2748 2746/2746/2746 
f 2750/2750/2750 2748/2748/2748 2749/2749/2749 
f 2748/2748/2748 2751/2751/2751 2749/2749/2749 
f 2753/2753/2753 2751/2751/2751 2752/2752/2752 
f 2751/2751/2751 2754/2754/2754 2752/2752/2752 
f 2757/2757/2757 2756/2756/2756 2755/2755/2755 
f 2756/2756/2756 2758/2758/2758 2755/2755/2755 
f 2755/2755/2755 2760/2760/2760 2759/2759/2759 
f 2760/2760/2760 2761/2761/2761 2759/2759/2759 
f 2759/2759/2759 2763/2763/2763 2762/2762/2762 
f 2763/2763/2763 2764/2764/2764 2762/2762/2762 
f 2762/2762/2762 2766/2766/2766 2765/2765/2765 
f 2766/2766/2766 2767/2767/2767 2765/2765/2765 
f 2769/2769/2769 2768/2768/2768 2757/2757/2757 
f 2768/2768/2768 2770/2770/2770 2757/2757/2757 
f 2772/2772/2772 2771/2771/2771 2769/2769/2769 
f 2771/2771/2771 2773/2773/2773 2769/2769/2769 
f 2775/2775/2775 2774/2774/2774 2772/2772/2772 
f 2774/2774/2774 2776/2776/2776 2772/2772/2772 
f 2778/2778/2778 2777/2777/2777 2775/2775/2775 
f 2777/2777/2777 2779/2779/2779 2775/2775/2775 
f 2781/2781/2781 2780/2780/2780 2778/2778/2778 
f 2780/2780/2780 2782/2782/2782 2778/2778/2778 
f 2784/2784/2784 2783/2783/2783 2781/2781/2781 
f 2783/2783/2783 2785/2785/2785 2781/2781/2781 
f 2787/2787/2787 2786/2786/2786 2784/2784/2784 
f 2786/2786/2786 2788/2788/2788 2784/2784/2784 
f 2790/2790/2790 2789/2789/2789 2787/2787/2787 
f 2789/2789/2789 2791/2791/2791 2787/2787/2787 
f 2793/2793/2793 2792/2792/2792 2790/2790/2790 
f 2792/2792/2792 2794/2794/2794 2790/2790/2790 
f 2796/2796/2796 2795/2795/2795 2793/2793/2793 
f 2795/2795/2795 2797/2797/2797 2793/2793/2793 
f 2799/2799/2799 2798/2798/2798 2796/2796/2796 
f 2798/2798/2798 2800/2800/2800 2796/2796/2796 
f 2802/2802/2802 2801/2801/2801 2799/2799/2799 
f 2801/2801/2801 2803/2803/2803 2799/2799/2799 
f 2805/2805/2805 2804/2804/2804 2802/2802/2802 
f 2804/2804/2804 2806/2806/2806 2802/2802/2802 
f 2808/2808/2808 2807/2807/2807 2805/2805/2805 
f 2807/2807/2807 2809/2809/2809 2805/2805/2805 
f 2811/2811/2811 2810/2810/2810 2808/2808/2808 
f 2810/2810/2810 2812/2812/2812 2808/2808/2808 
f 2814/2814/2814 2813/2813/2813 2811/2811/2811 
f 2813/2813/2813 2815/2815/2815 2811/2811/2811 
f 2817/2817/2817 2816/2816/2816 2814/2814/2814 
f 2816/2816/2816 2818/2818/2818 2814/2814/2814 
f 2820/2820/2820 2819/2819/2819 2817/2817/2817 
f 2819/2819/2819 2821/2821/2821 2817/2817/2817 
f 2823/2823/2823 2822/2822/2822 2820/2820/2820 
f 2822/2822/2822 2824/2824/2824 2820/2820/2820 
f 2826/2826/2826 2825/2825/2825 2823/2823/2823 
f 2825/2825/2825 2827/2827/2827 2823/2823/2823 
f 2829/2829/2829 2828/2828/2828 2826/2826/2826 
f 2828/2828/2828 2830/2830/2830 2826/2826/2826 
f 2832/2832/2832 2831/2831/2831 2829/2829/2829 
f 2831/2831/2831 2833/2833/2833 2829/2829/2829 
f 2835/2835/2835 2834/2834/2834 2832/2832/2832 
f 2834/2834/2834 2836/2836/2836 2832/2832/2832 
f 2838/2838/2838 2837/2837/2837 2835/2835/2835 
f 2837/2837/2837 2839/2839/2839 2835/2835/2835 
f 2841/2841/2841 2840/2840/2840 2838/2838/2838 
f 2840/2840/2840 2842/2842/2842 2838/2838/2838 
f 2844/2844/2844 2843/2843/2843 2841/2841/2841 
f 2843/2843/2843 2845/2845/2845 2841/2841/2841 
f 2847/2847/2847 2846/2846/2846 2844/2844/2844 
f 2846/2846/2846 2848/2848/2848 2844/2844/2844 
f 2850/2850/2850 2849/2849/2849 2847/2847/2847 
f 2849/2849/2849 2851/2851/2851 2847/2847/2847 
f 2853/2853/2853 2852/2852/2852 2850/2850/2850 
f 2852/2852/2852 2854/2854/2854 2850/2850/2850 
f 2856/2856/2856 2855/2855/2855 2853/2853/2853 
f 2855/2855/2855 2857/2857/2857 2853/2853/2853 
f 2859/2859/2859 2858/2858/2858 2856/2856/2856 
f 2858/2858/2858 2860/2860/2860 2856/2856/2856 
f 2862/2862/2862 2861/2861/2861 2859/2859/2859 
f 2861/2861/2861 2863/2863/2863 2859/2859/2859 
f 2865/2865/2865 2864/2864/2864 2862/2862/2862 
f 2864/2864/2864 2866/2866/2866 2862/2862/2862 
f 2868/2868/2868 2867/2867/2867 2865/2865/2865 
f 2867/2867/2867 2869/2869/2869 2865/2865/2865 
f 2871/2871/2871 2870/2870/2870 2868/2868/2868 
f 2870/2870/2870 2872/2872/2872 2868/2868/2868 
f 2874/2874/2874 2873/2873/2873 2871/2871/2871 
f 2873/2873/2873 2875/2875/2875 2871/2871/2871 
f 2877/2877/2877 2876/2876/2876 2874/2874/2874 
f 2876/2876/2876 2878/2878/2878 2874/2874/2874 
f 2880/2880/2880 2879/2879/2879 2877/2877/2877 
f 2879/2879/2879 2881/2881/2881 2877/2877/2877 
f 2883/2883/2883 2882/2882/2882 2880/2880/2880 
f 2882/2882/2882 2884/2884/2884 2880/2880/2880 
f 2886/2886/2886 2885/2885/2885 2883/2883/2883 
f 2885/2885/2885 2887/2887/2887 2883/2883/2883 
f 2889/2889/2889 2888/2888/2888 2886/2886/2886 
f 2888/2888/2888 2890/2890/2890 2886/2886/2886 
f 2892/2892/2892 2891/2891/2891 2889/2889/2889 
f 2891/2891/2891 2893/2893/2893 2889/2889/2889 
f 2895/2895/2895 2894/2894/2894 2892/2892/2892 
f 2894/2894/2894 2896/2896/2896 2892/2892/2892 
f 2898/2898/2898 2897/2897/2897 2895/2895/2895 
f 2897/2897/2897 2899/2899/2899 2895/2895/2895 
f 2901/2901/2901 2900/2900/2900 2898/2898/2898 
f 2900/2900/2900 2902/2902/2902 2898/2898/2898 
f 2904/2904/2904 2903/2903/2903 2901/2901/2901 
f 2903/2903/2903 2905/2905/2905 2901/2901/2901 
f 2907/2907/2907 2906/2906/2906 2904/2904/2904 
f 2906/2906/2906 2908/2908/2908 2904/2904/2904 
f 2765/2765/2765 2910/2910/2910 2909/2909/2909 
f 2910/2910/2910 2911/2911/2911 2909/2909/2909 
f 2909/2909/2909 2913/2913/2913 2912/2912/2912 
f 2913/2913/2913 2914/2914/2914 2912/2912/2912 
f 2912/2912/2912 2916/2916/2916 2915/2915/2915 
f 2916/2916/2916 2917/2917/2917 2915/2915/2915 
f 2915/2915/2915 2919/2919/2919 2918/2918/2918 
f 2919/2919/2919 2920/2920/2920 2918/2918/2918 
f 2923/2923/2923 2922/2922/2922 2921/2921/2921 
f 2922/2922/2922 2924/2924/2924 2921/2921/2921 
f 2927/2927/2927 2926/2926/2926 2925/2925/2925 
f 2926/2926/2926 2928/2928/2928 2925/2925/2925 
f 2931/2931/2931 2930/2930/2930 2929/2929/2929 
f 2930/2930/2930 2932/2932/2932 2929/2929/2929 
f 2935/2935/2935 2934/2934/2934 2933/2933/2933 
f 2934/2934/2934 2936/2936/2936 2933/2933/2933 
f 2934/2934/2934 2937/2937/2937 2936/2936/2936 
f 2937/2937/2937 2938/2938/2938 2936/2936/2936 
f 2941/2941/2941 2940/2940/2940 2939/2939/2939 
f 2940/2940/2940 2942/2942/2942 2939/2939/2939 
f 2940/2940/2940 2943/2943/2943 2942/2942/2942 
f 2943/2943/2943 2944/2944/2944 2942/2942/2942 
f 2947/2947/2947 2946/2946/2946 2945/2945/2945 
f 2946/2946/2946 2948/2948/2948 2945/2945/2945 
f 2951/2951/2951 2950/2950/2950 2949/2949/2949 
f 2950/2950/2950 2952/2952/2952 2949/2949/2949 
f 2955/2955/2955 2954/2954/2954 2953/2953/2953 
f 2954/2954/2954 2956/2956/2956 2953/2953/2953 
f 2959/2959/2959 2958/2958/2958 2957/2957/2957 
f 2958/2958/2958 2960/2960/2960 2957/2957/2957 
f 2958/2958/2958 2961/2961/2961 2960/2960/2960 
f 2961/2961/2961 2962/2962/2962 2960/2960/2960 
f 2965/2965/2965 2964/2964/2964 2963/2963/2963 
f 2964/2964/2964 2966/2966/2966 2963/2963/2963 
f 2964/2964/2964 2967/2967/2967 2966/2966/2966 
f 2967/2967/2967 2968/2968/2968 2966/2966/2966 
f 2971/2971/2971 2970/2970/2970 2969/2969/2969 
f 2970/2970/2970 2972/2972/2972 2969/2969/2969 
f 2970/2970/2970 2973/2973/2973 2972/2972/2972 
f 2973/2973/2973 2974/2974/2974 2972/2972/2972 
f 2977/2977/2977 2976/2976/2976 2975/2975/2975 
f 2976/2976/2976 2978/2978/2978 2975/2975/2975 
f 2981/2981/2981 2980/2980/2980 2979/2979/2979 
f 2980/2980/2980 2982/2982/2982 2979/2979/2979 
f 2985/2985/2985 2984/2984/2984 2983/2983/2983 
f 2984/2984/2984 2986/2986/2986 2983/2983/2983 
f 2989/2989/2989 2988/2988/2988 2987/2987/2987 
f 2988/2988/2988 2990/2990/2990 2987/2987/2987 
f 2988/2988/2988 2991/2991/2991 2990/2990/2990 
f 2991/2991/2991 2992/2992/2992 2990/2990/2990 
f 2995/2995/2995 2994/2994/2994 2993/2993/2993 
f 2994/2994/2994 2996/2996/2996 2993/2993/2993 
f 2994/2994/2994 2997/2997/2997 2996/2996/2996 
f 2997/2997/2997 2998/2998/2998 2996/2996/2996 
f 3001/3001/3001 3000/3000/3000 2999/2999/2999 
f 3000/3000/3000 3002/3002/3002 2999/2999/2999 
f 3005/3005/3005 3004/3004/3004 3003/3003/3003 
f 3004/3004/3004 3006/3006/3006 3003/3003/3003 
f 3009/3009/3009 3008/3008/3008 3007/3007/3007 
f 3008/3008/3008 3010/3010/3010 3007/3007/3007 
f 3013/3013/3013 3012/3012/3012 3011/3011/3011 
f 3012/3012/3012 3014/3014/3014 3011/3011/3011 
f 3012/3012/3012 3015/3015/3015 3014/3014/3014 
f 3015/3015/3015 3016/3016/3016 3014/3014/3014 
f 3019/3019/3019 3018/3018/3018 3017/3017/3017 
f 3018/3018/3018 3020/3020/3020 3017/3017/3017 
f 3018/3018/3018 3021/3021/3021 3020/3020/3020 
f 3021/3021/3021 3022/3022/3022 3020/3020/3020 
f 3025/3025/3025 3024/3024/3024 3023/3023/3023 
f 3024/3024/3024 3026/3026/3026 3023/3023/3023 
f 3024/3024/3024 3027/3027/3027 3026/3026/3026 
f 3027/3027/3027 3028/3028/3028 3026/3026/3026 
f 3031/3031/3031 3030/3030/3030 3029/3029/3029 
f 3030/3030/3030 3032/3032/3032 3029/3029/3029 
f 3035/3035/3035 3034/3034/3034 3033/3033/3033 
f 3034/3034/3034 3036/3036/3036 3033/3033/3033 
f 3039/3039/3039 3038/3038/3038 3037/3037/3037 
f 3038/3038/3038 3040/3040/3040 3037/3037/3037 
f 3043/3043/3043 3042/3042/3042 3041/3041/3041 
f 3042/3042/3042 3044/3044/3044 3041/3041/3041 
f 3042/3042/3042 3045/3045/3045 3044/3044/3044 
f 3045/3045/3045 3046/3046/3046 3044/3044/3044 
f 3049/3049/3049 3048/3048/3048 3047/3047/3047 
f 3048/3048/3048 3050/3050/3050 3047/3047/3047 
f 3048/3048/3048 3051/3051/3051 3050/3050/3050 
f 3051/3051/3051 3052/3052/3052 3050/3050/3050 
f 3055/3055/3055 3054/3054/3054 3053/3053/3053 
f 3054/3054/3054 3056/3056/3056 3053/3053/3053 
f 3059/3059/3059 3058/3058/3058 3057/3057/3057 
f 3058/3058/3058 3060/3060/3060 3057/3057/3057 
f 3063/3063/3063 3062/3062/3062 3061/3061/3061 
f 3062/3062/3062 3064/3064/3064 3061/3061/3061 
f 3067/3067/3067 3066/3066/3066 3065/3065/3065 
f 3066/3066/3066 3068/3068/3068 3065/3065/3065 
f 3066/3066/3066 3069/3069/3069 3068/3068/3068 
f 3069/3069/3069 3070/3070/3070 3068/3068/3068 
f 3073/3073/3073 3072/3072/3072 3071/3071/3071 
f 3072/3072/3072 3074/3074/3074 3071/3071/3071 
f 3072/3072/3072 3075/3075/3075 3074/3074/3074 
f 3075/3075/3075 3076/3076/3076 3074/3074/3074 
f 3079/3079/3079 3078/3078/3078 3077/3077/3077 
f 3078/3078/3078 3080/3080/3080 3077/3077/3077 
f 3078/3078/3078 3081/3081/3081 3080/3080/3080 
f 3081/3081/3081 3082/3082/3082 3080/3080/3080 
f 3085/3085/3085 3084/3084/3084 3083/3083/3083 
f 3084/3084/3084 3086/3086/3086 3083/3083/3083 
f 3089/3089/3089 3088/3088/3088 3087/3087/3087 
f 3088/3088/3088 3090/3090/3090 3087/3087/3087 
f 3093/3093/3093 3092/3092/3092 3091/3091/3091 
f 3092/3092/3092 3094/3094/3094 3091/3091/3091 
f 3097/3097/3097 3096/3096/3096 3095/3095/3095 
f 3096/3096/3096 3098/3098/3098 3095/3095/3095 
f 3096/3096/3096 3099/3099/3099 3098/3098/3098 
f 3099/3099/3099 3100/3100/3100 3098/3098/3098 
f 3103/3103/3103 3102/3102/3102 3101/3101/3101 
f 3102/3102/3102 3104/3104/3104 3101/3101/3101 
f 3102/3102/3102 3105/3105/3105 3104/3104/3104 
f 3105/3105/3105 3106/3106/3106 3104/3104/3104 
f 3109/3109/3109 3108/3108/3108 3107/3107/3107 
f 3108/3108/3108 3110/3110/3110 3107/3107/3107 
f 3113/3113/3113 3112/3112/3112 3111/3111/3111 
f 3112/3112/3112 3114/3114/3114 3111/3111/3111 
f 3117/3117/3117 3116/3116/3116 3115/3115/3115 
f 3116/3116/3116 3118/3118/3118 3115/3115/3115 
f 3121/3121/3121 3120/3120/3120 3119/3119/3119 
f 3120/3120/3120 3122/3122/3122 3119/3119/3119 
f 3120/3120/3120 3123/3123/3123 3122/3122/3122 
f 3123/3123/3123 3124/3124/3124 3122/3122/3122 
f 3127/3127/3127 3126/3126/3126 3125/3125/3125 
f 3126/3126/3126 3128/3128/3128 3125/3125/3125 
f 3126/3126/3126 3129/3129/3129 3128/3128/3128 
f 3129/3129/3129 3130/3130/3130 3128/3128/3128 
f 3133/3133/3133 3132/3132/3132 3131/3131/3131 
f 3132/3132/3132 3134/3134/3134 3131/3131/3131 
f 3132/3132/3132 3135/3135/3135 3134/3134/3134 
f 3135/3135/3135 3136/3136/3136 3134/3134/3134 
f 3139/3139/3139 3138/3138/3138 3137/3137/3137 
f 3138/3138/3138 3140/3140/3140 3137/3137/3137 
f 3143/3143/3143 3142/3142/3142 3141/3141/3141 
f 3142/3142/3142 3144/3144/3144 3141/3141/3141 
f 3147/3147/3147 3146/3146/3146 3145/3145/3145 
f 3146/3146/3146 3148/3148/3148 3145/3145/3145 
f 3151/3151/3151 3150/3150/3150 3149/3149/3149 
f 3150/3150/3150 3152/3152/3152 3149/3149/3149 
f 3150/3150/3150 3153/3153/3153 3152/3152/3152 
f 3153/3153/3153 3154/3154/3154 3152/3152/3152 
f 3157/3157/3157 3156/3156/3156 3155/3155/3155 
f 3156/3156/3156 3158/3158/3158 3155/3155/3155 
f 3156/3156/3156 3159/3159/3159 3158/3158/3158 
f 3159/3159/3159 3160/3160/3160 3158/3158/3158 
f 3163/3163/3163 3162/3162/3162 3161/3161/3161 
f 3162/3162/3162 3164/3164/3164 3161/3161/3161 
f 3167/3167/3167 3166/3166/3166 3165/3165/3165 
f 3166/3166/3166 3168/3168/3168 3165/3165/3165 
f 3171/3171/3171 3170/3170/3170 3169/3169/3169 
f 3170/3170/3170 3172/3172/3172 3169/3169/3169 
f 3175/3175/3175 3174/3174/3174 3173/3173/3173 
f 3174/3174/3174 3176/3176/3176 3173/3173/3173 
f 3174/3174/3174 3177/3177/3177 3176/3176/3176 
f 3177/3177/3177 3178/3178/3178 3176/3176/3176 
f 3181/3181/3181 3180/3180/3180 3179/3179/3179 
f 3180/3180/3180 3182/3182/3182 3179/3179/3179 
f 3180/3180/3180 3183/3183/3183 3182/3182/3182 
f 3183/3183/3183 3184/3184/3184 3182/3182/3182 
f 3187/3187/3187 3186/3186/3186 3185/3185/3185 
f 3186/3186/3186 3188/3188/3188 3185/3185/3185 
f 3186/3186/3186 3189/3189/3189 3188/3188/3188 
f 3189/3189/3189 3190/3190/3190 3188/3188/3188 
f 3193/3193/3193 3192/3192/3192 3191/3191/3191 
f 3192/3192/3192 3194/3194/3194 3191/3191/3191 
f 3197/3197/3197 3196/3196/3196 3195/3195/3195 
f 3196/3196/3196 3198/3198/3198 3195/3195/3195 
f 3201/3201/3201 3200/3200/3200 3199/3199/3199 
f 3200/3200/3200 3202/3202/3202 3199/3199/3199 
f 3205/3205/3205 3204/3204/3204 3203/3203/3203 
f 3204/3204/3204 3206/3206/3206 3203/3203/3203 
f 3209/3209/3209 3208/3208/3208 3207/3207/3207 
f 3208/3208/3208 3210/3210/3210 3207/3207/3207 
f 3213/3213/3213 3212/3212/3212 3211/3211/3211 
f 3212/3212/3212 3214/3214/3214 3211/3211/3211 
f 3217/3217/3217 3216/3216/3216 3215/3215/3215 
f 3216/3216/3216 3218/3218/3218 3215/3215/3215 
f 3221/3221/3221 3220/3220/3220 3219/3219/3219 
f 3220/3220/3220 3222/3222/3222 3219/3219/3219 
f 3225/3225/3225 3224/3224/3224 3223/3223/3223 
f 3224/3224/3224 3226/3226/3226 3223/3223/3223 
f 3229/3229/3229 3228/3228/3228 3227/3227/3227 
f 3228/3228/3228 3230/3230/3230 3227/3227/3227 
f 3233/3233/3233 3232/3232/3232 3231/3231/3231 
f 3232/3232/3232 3234/3234/3234 3231/3231/3231 
f 3237/3237/3237 3236/3236/3236 3235/3235/3235 
f 3236/3236/3236 3238/3238/3238 3235/3235/3235 
f 3241/3241/3241 3240/3240/3240 3239/3239/3239 
f 3240/3240/3240 3242/3242/3242 3239/3239/3239 
f 3245/3245/3245 3244/3244/3244 3243/3243/3243 
f 3244/3244/3244 3246/3246/3246 3243/3243/3243 
f 3249/3249/3249 3248/3248/3248 3247/3247/3247 
f 3248/3248/3248 3250/3250/3250 3247/3247/3247 
f 3253/3253/3253 3252/3252/3252 3251/3251/3251 
f 3252/3252/3252 3254/3254/3254 3251/3251/3251 
f 3257/3257/3257 3256/3256/3256 3255/3255/3255 
f 3256/3256/3256 3258/3258/3258 3255/3255/3255 
f 3261/3261/3261 3260/3260/3260 3259/3259/3259 
f 3260/3260/3260 3262/3262/3262 3259/3259/3259 
f 3265/3265/3265 3264/3264/3264 3263/3263/3263 
f 3264/3264/3264 3266/3266/3266 3263/3263/3263 
f 3269/3269/3269 3268/3268/3268 3267/3267/3267 
f 3268/3268/3268 3270/3270/3270 3267/3267/3267 
f 3273/3273/3273 3272/3272/3272 3271/3271/3271 
f 3272/3272/3272 3274/3274/3274 3271/3271/3271 
f 3277/3277/3277 3276/3276/3276 3275/3275/3275 
f 3276/3276/3276 3278/3278/3278 3275/3275/3275 
f 3281/3281/3281 3280/3280/3280 3279/3279/3279 
f 3280/3280/3280 3282/3282/3282 3279/3279/3279 
f 3285/3285/3285 3284/3284/3284 3283/3283/3283 
f 3284/3284/3284 3286/3286/3286 3283/3283/3283 
f 3289/3289/3289 3288/3288/3288 3287/3287/3287 
f 3288/3288/3288 3290/3290/3290 3287/3287/3287 
f 3293/3293/3293 3292/3292/3292 3291/3291/3291 
f 3292/3292/3292 3294/3294/3294 3291/3291/3291 
f 3297/3297/3297 3296/3296/3296 3295/3295/3295 
f 3296/3296/3296 3298/3298/3298 3295/3295/3295 
f 3301/3301/3301 3300/3300/3300 3299/3299/3299 
f 3300/3300/3300 3302/3302/3302 3299/3299/3299 
f 3305/3305/3305 3304/3304/3304 3303/3303/3303 
f 3304/3304/3304 3306/3306/3306 3303/3303/3303 
f 3309/3309/3309 3308/3308/3308 3307/3307/3307 
f 3308/3308/3308 3310/3310/3310 3307/3307/3307 
f 3312/3312/3312 1331/1331/1331 3311/3311/3311 
f 1331/1331/1331 3313/3313/3313 3311/3311/3311 
f 3315/3315/3315 1276/1276/1276 3314/3314/3314 
f 1276/1276/1276 3316/3316/3316 3314/3314/3314 
f 1276/1276/1276 1274/1274/1274 3317/3317/3317 
f 3319/3319/3319 1488/1488/1488 3318/3318/3318 
f 1488/1488/1488 3320/3320/3320 3318/3318/3318 
f 1594/1594/1594 1596/1596/1596 3321/3321/3321 
f 3323/3323/3323 1596/1596/1596 3322/3322/3322 
f 1596/1596/1596 3324/3324/3324 3322/3322/3322 
f 1656/1656/1656 3325/3325/3325 1657/1657/1657 
f 3327/3327/3327 1641/1641/1641 3326/3326/3326 
f 1641/1641/1641 3328/3328/3328 3326/3326/3326 
f 3330/3330/3330 1910/1910/1910 3329/3329/3329 
f 1910/1910/1910 3331/3331/3331 3329/3329/3329 
f 1910/1910/1910 1908/1908/1908 3332/3332/3332 
f 3334/3334/3334 2196/2196/2196 3333/3333/3333 
f 2196/2196/2196 3335/3335/3335 3333/3333/3333 
f 2196/2196/2196 2194/2194/2194 3336/3336/3336 
f 3338/3338/3338 2150/2150/2150 3337/3337/3337 
f 2150/2150/2150 3339/3339/3339 3337/3337/3337 
f 3342/3342/3342 3341/3341/3341 3340/3340/3340 
f 3341/3341/3341 3343/3343/3343 3340/3340/3340 
f 3344/3344/3344 3341/3341/3341 3342/3342/3342 
f 3345/3345/3345 3344/3344/3344 3342/3342/3342 
f 3346/3346/3346 3344/3344/3344 3345/3345/3345 
f 3347/3347/3347 3346/3346/3346 3345/3345/3345 
f 3348/3348/3348 3346/3346/3346 3347/3347/3347 
f 3349/3349/3349 3348/3348/3348 3347/3347/3347 
f 3350/3350/3350 3348/3348/3348 3349/3349/3349 
f 3351/3351/3351 3350/3350/3350 3349/3349/3349 
f 3352/3352/3352 3350/3350/3350 3351/3351/3351 
f 3353/3353/3353 3352/3352/3352 3351/3351/3351 
f 3354/3354/3354 3352/3352/3352 3353/3353/3353 
f 3355/3355/3355 3354/3354/3354 3353/3353/3353 
f 3356/3356/3356 3354/3354/3354 3355/3355/3355 
f 3357/3357/3357 3356/3356/3356 3355/3355/3355 
f 3358/3358/3358 3356/3356/3356 3357/3357/3357 
f 3359/3359/3359 3358/3358/3358 3357/3357/3357 
f 3360/3360/3360 3358/3358/3358 3359/3359/3359 
f 3361/3361/3361 3360/3360/3360 3359/3359/3359 
f 3362/3362/3362 3360/3360/3360 3361/3361/3361 
f 3363/3363/3363 3362/3362/3362 3361/3361/3361 
f 3364/3364/3364 3362/3362/3362 3363/3363/3363 
f 3365/3365/3365 3364/3364/3364 3363/3363/3363 
f 3366/3366/3366 3364/3364/3364 3365/3365/3365 
f 3367/3367/3367 3366/3366/3366 3365/3365/3365 
f 3368/3368/3368 3366/3366/3366 3367/3367/3367 
f 3369/3369/3369 3368/3368/3368 3367/3367/3367 
f 3370/3370/3370 3368/3368/3368 3369/3369/3369 
f 3371/3371/3371 3370/3370/3370 3369/3369/3369 
f 3372/3372/3372 3370/3370/3370 3371/3371/3371 
f 3373/3373/3373 3372/3372/3372 3371/3371/3371 
f 3374/3374/3374 3372/3372/3372 3373/3373/3373 
f 3375/3375/3375 3374/3374/3374 3373/3373/3373 
f 3376/3376/3376 3374/3374/3374 3375/3375/3375 
f 3377/3377/3377 3376/3376/3376 3375/3375/3375 
f 3378/3378/3378 3376/3376/3376 3377/3377/3377 
f 3379/3379/3379 3378/3378/3378 3377/3377/3377 
f 3380/3380/3380 3378/3378/3378 3379/3379/3379 
f 3381/3381/3381 3380/3380/3380 3379/3379/3379 
f 3382/3382/3382 3380/3380/3380 3381/3381/3381 
f 3383/3383/3383 3382/3382/3382 3381/3381/3381 
f 3384/3384/3384 3382/3382/3382 3383/3383/3383 
f 3385/3385/3385 3384/3384/3384 3383/3383/3383 
f 3386/3386/3386 3384/3384/3384 3385/3385/3385 
f 3387/3387/3387 3386/3386/3386 3385/3385/3385 
f 3388/3388/3388 3386/3386/3386 3387/3387/3387 
f 3389/3389/3389 3388/3388/3388 3387/3387/3387 
f 3390/3390/3390 3388/3388/3388 3389/3389/3389 
f 3391/3391/3391 3390/3390/3390 3389/3389/3389 
f 3392/3392/3392 3390/3390/3390 3391/3391/3391 
f 3393/3393/3393 3392/3392/3392 3391/3391/3391 
f 3394/3394/3394 3392/3392/3392 3393/3393/3393 
f 3395/3395/3395 3394/3394/3394 3393/3393/3393 
f 3396/3396/3396 3394/3394/3394 3395/3395/3395 
f 3397/3397/3397 3396/3396/3396 3395/3395/3395 
f 3398/3398/3398 3396/3396/3396 3397/3397/3397 
f 3399/3399/3399 3398/3398/3398 3397/3397/3397 
f 3343/3343/3343 3398/3398/3398 3399/3399/3399 
f 3340/3340/3340 3343/3343/3343 3399/3399/3399 
f 3402/3402/3402 3401/3401/3401 3400/3400/3400 
f 3403/3403/3403 3401/3401/3401 3402/3402/3402 
f 3404/3404/3404 3401/3401/3401 3403/3403/3403 
f 3405/3405/3405 3401/3401/3401 3404/3404/3404 
f 3406/3406/3406 3401/3401/3401 3405/3405/3405 
f 3407/3407/3407 3401/3401/3401 3406/3406/3406 
f 3408/3408/3408 3401/3401/3401 3407/3407/3407 
f 3409/3409/3409 3401/3401/3401 3408/3408/3408 
f 3410/3410/3410 3401/3401/3401 3409/3409/3409 
f 3411/3411/3411 3401/3401/3401 3410/3410/3410 
f 3412/3412/3412 3401/3401/3401 3411/3411/3411 
f 3413/3413/3413 3401/3401/3401 3412/3412/3412 
f 3414/3414/3414 3401/3401/3401 3413/3413/3413 
f 3415/3415/3415 3401/3401/3401 3414/3414/3414 
f 3416/3416/3416 3401/3401/3401 3415/3415/3415 
f 3417/3417/3417 3401/3401/3401 3416/3416/3416 
f 3418/3418/3418 3401/3401/3401 3417/3417/3417 
f 3419/3419/3419 3401/3401/3401 3418/3418/3418 
f 3420/3420/3420 3401/3401/3401 3419/3419/3419 
f 3421/3421/3421 3401/3401/3401 3420/3420/3420 
f 3422/3422/3422 3401/3401/3401 3421/3421/3421 
f 3423/3423/3423 3401/3401/3401 3422/3422/3422 
f 3424/3424/3424 3401/3401/3401 3423/3423/3423 
f 3425/3425/3425 3401/3401/3401 3424/3424/3424 
f 3426/3426/3426 3401/3401/3401 3425/3425/3425 
f 3427/3427/3427 3401/3401/3401 3426/3426/3426 
f 3428/3428/3428 3401/3401/3401 3427/3427/3427 
f 3429/3429/3429 3401/3401/3401 3428/3428/3428 
f 3430/3430/3430 3401/3401/3401 3429/3429/3429 
f 3400/3400/3400 3401/3401/3401 3430/3430/3430 
f 3433/3433/3433 3432/3432/3432 3431/3431/3431 
f 3432/3432/3432 3435/3435/3435 3434/3434/3434 
f 3438/3438/3438 3437/3437/3437 3436/3436/3436 
f 3440/3440/3440 3439/3439/3439 3436/3436/3436 
f 3443/3443/3443 3442/3442/3442 3441/3441/3441 
f 3442/3442/3442 3444/3444/3444 3441/3441/3441 
f 3447/3447/3447 3446/3446/3446 3445/3445/3445 
f 3446/3446/3446 3449/3449/3449 3448/3448/3448 
f 3452/3452/3452 3451/3451/3451 3450/3450/3450 
f 3455/3455/3455 3454/3454/3454 3453/3453/3453 
f 3458/3458/3458 3457/3457/3457 3456/3456/3456 
f 3457/3457/3457 3459/3459/3459 3456/3456/3456 
f 3462/3462/3462 3461/3461/3461 3460/3460/3460 
f 3461/3461/3461 3463/3463/3463 3460/3460/3460 
f 3464/3464/3464 3463/3463/3463 3461/3461/3461 
f 3465/3465/3465 3464/3464/3464 3461/3461/3461 
f 3466/3466/3466 3463/3463/3463 3464/3464/3464 
f 3467/3467/3467 3466/3466/3466 3464/3464/3464 
f 3468/3468/3468 3463/3463/3463 3466/3466/3466 
f 3469/3469/3469 3468/3468/3468 3466/3466/3466 
f 3470/3470/3470 3463/3463/3463 3468/3468/3468 
f 3460/3460/3460 3463/3463/3463 3470/3470/3470 
f 3471/3471/3471 3470/3470/3470 3468/3468/3468 
f 3472/3472/3472 3460/3460/3460 3470/3470/3470 
f 3462/3462/3462 3460/3460/3460 3473/3473/3473 
f 3473/3473/3473 3460/3460/3460 3472/3472/3472 
f 3474/3474/3474 3462/3462/3462 3473/3473/3473 
f 3474/3474/3474 3473/3473/3473 3475/3475/3475 
f 3476/3476/3476 3474/3474/3474 3475/3475/3475 
f 3465/3465/3465 3461/3461/3461 3477/3477/3477 
f 3478/3478/3478 3465/3465/3465 3477/3477/3477 
f 3478/3478/3478 3477/3477/3477 3479/3479/3479 
f 3476/3476/3476 3479/3479/3479 3474/3474/3474 
f 3479/3479/3479 3477/3477/3477 3474/3474/3474 
f 3480/3480/3480 3478/3478/3478 3479/3479/3479 
f 3469/3469/3469 3466/3466/3466 3481/3481/3481 
f 3482/3482/3482 3469/3469/3469 3481/3481/3481 
f 3482/3482/3482 3481/3481/3481 3483/3483/3483 
f 3484/3484/3484 3482/3482/3482 3483/3483/3483 
f 3484/3484/3484 3485/3485/3485 3482/3482/3482 
f 3485/3485/3485 3486/3486/3486 3482/3482/3482 
f 3487/3487/3487 3486/3486/3486 3485/3485/3485 
f 3488/3488/3488 3487/3487/3487 3485/3485/3485 
f 3487/3487/3487 3471/3471/3471 3486/3486/3486 
f 3471/3471/3471 3468/3468/3468 3486/3486/3486 
f 3482/3482/3482 3486/3486/3486 3469/3469/3469 
f 3486/3486/3486 3468/3468/3468 3469/3469/3469 
f 3488/3488/3488 3489/3489/3489 3487/3487/3487 
f 3489/3489/3489 3490/3490/3490 3487/3487/3487 
f 3487/3487/3487 3490/3490/3490 3471/3471/3471 
f 3491/3491/3491 3490/3490/3490 3489/3489/3489 
f 3492/3492/3492 3491/3491/3491 3489/3489/3489 
f 3491/3491/3491 3472/3472/3472 3490/3490/3490 
f 3472/3472/3472 3470/3470/3470 3490/3490/3490 
f 3490/3490/3490 3470/3470/3470 3471/3471/3471 
f 3492/3492/3492 3475/3475/3475 3491/3491/3491 
f 3475/3475/3475 3473/3473/3473 3491/3491/3491 
f 3491/3491/3491 3473/3473/3473 3472/3472/3472 
f 3495/3495/3495 3494/3494/3494 3493/3493/3493 
f 3494/3494/3494 3496/3496/3496 3493/3493/3493 
f 3497/3497/3497 3496/3496/3496 3494/3494/3494 
f 3494/3494/3494 3498/3498/3498 3497/3497/3497 
f 3498/3498/3498 3499/3499/3499 3497/3497/3497 
f 3500/3500/3500 3499/3499/3499 3498/3498/3498 
f 3498/3498/3498 3501/3501/3501 3500/3500/3500 
f 3501/3501/3501 3502/3502/3502 3500/3500/3500 
f 3503/3503/3503 3502/3502/3502 3501/3501/3501 
f 3501/3501/3501 3504/3504/3504 3503/3503/3503 
f 3504/3504/3504 3505/3505/3505 3503/3503/3503 
f 3493/3493/3493 3506/3506/3506 3495/3495/3495 
f 3495/3495/3495 3506/3506/3506 3507/3507/3507 
f 3508/3508/3508 3495/3495/3495 3507/3507/3507 
f 3504/3504/3504 3508/3508/3508 3509/3509/3509 
f 3509/3509/3509 3505/3505/3505 3504/3504/3504 
f 3508/3508/3508 3510/3510/3510 3509/3509/3509 
f 3507/3507/3507 3510/3510/3510 3508/3508/3508 
f 3513/3513/3513 3512/3512/3512 3511/3511/3511 
f 3512/3512/3512 3514/3514/3514 3511/3511/3511 
f 3512/3512/3512 3467/3467/3467 3514/3514/3514 
f 3467/3467/3467 3464/3464/3464 3514/3514/3514 
f 3511/3511/3511 3514/3514/3514 3478/3478/3478 
f 3480/3480/3480 3511/3511/3511 3478/3478/3478 
f 3478/3478/3478 3514/3514/3514 3465/3465/3465 
f 3514/3514/3514 3464/3464/3464 3465/3465/3465 
f 3513/3513/3513 3483/3483/3483 3512/3512/3512 
f 3483/3483/3483 3481/3481/3481 3512/3512/3512 
f 3512/3512/3512 3481/3481/3481 3467/3467/3467 
f 3481/3481/3481 3466/3466/3466 3467/3467/3467 
f 3474/3474/3474 3477/3477/3477 3462/3462/3462 
f 3477/3477/3477 3461/3461/3461 3462/3462/3462 
f 3517/3517/3517 3516/3516/3516 3515/3515/3515 
f 3516/3516/3516 3519/3519/3519 3518/3518/3518 
f 3522/3522/3522 3521/3521/3521 3520/3520/3520 
f 3524/3524/3524 3523/3523/3523 3520/3520/3520 
f 3527/3527/3527 3526/3526/3526 3525/3525/3525 
f 3526/3526/3526 3528/3528/3528 3525/3525/3525 
f 3531/3531/3531 3530/3530/3530 3529/3529/3529 
f 3530/3530/3530 3533/3533/3533 3532/3532/3532 
f 3536/3536/3536 3535/3535/3535 3534/3534/3534 
f 3539/3539/3539 3538/3538/3538 3537/3537/3537 
f 3542/3542/3542 3541/3541/3541 3540/3540/3540 
f 3541/3541/3541 3543/3543/3543 3540/3540/3540 
f 3546/3546/3546 3545/3545/3545 3544/3544/3544 
f 3545/3545/3545 3547/3547/3547 3544/3544/3544 
f 3548/3548/3548 3547/3547/3547 3545/3545/3545 
f 3549/3549/3549 3548/3548/3548 3545/3545/3545 
f 3550/3550/3550 3547/3547/3547 3548/3548/3548 
f 3551/3551/3551 3550/3550/3550 3548/3548/3548 
f 3552/3552/3552 3547/3547/3547 3550/3550/3550 
f 3553/3553/3553 3552/3552/3552 3550/3550/3550 
f 3554/3554/3554 3547/3547/3547 3552/3552/3552 
f 3544/3544/3544 3547/3547/3547 3554/3554/3554 
f 3555/3555/3555 3554/3554/3554 3552/3552/3552 
f 3556/3556/3556 3544/3544/3544 3554/3554/3554 
f 3546/3546/3546 3544/3544/3544 3557/3557/3557 
f 3557/3557/3557 3544/3544/3544 3556/3556/3556 
f 3558/3558/3558 3546/3546/3546 3557/3557/3557 
f 3558/3558/3558 3557/3557/3557 3559/3559/3559 
f 3560/3560/3560 3558/3558/3558 3559/3559/3559 
f 3549/3549/3549 3545/3545/3545 3561/3561/3561 
f 3562/3562/3562 3549/3549/3549 3561/3561/3561 
f 3562/3562/3562 3561/3561/3561 3563/3563/3563 
f 3560/3560/3560 3563/3563/3563 3558/3558/3558 
f 3563/3563/3563 3561/3561/3561 3558/3558/3558 
f 3564/3564/3564 3562/3562/3562 3563/3563/3563 
f 3553/3553/3553 3550/3550/3550 3565/3565/3565 
f 3566/3566/3566 3553/3553/3553 3565/3565/3565 
f 3566/3566/3566 3565/3565/3565 3567/3567/3567 
f 3568/3568/3568 3566/3566/3566 3567/3567/3567 
f 3568/3568/3568 3569/3569/3569 3566/3566/3566 
f 3569/3569/3569 3570/3570/3570 3566/3566/3566 
f 3571/3571/3571 3570/3570/3570 3569/3569/3569 
f 3572/3572/3572 3571/3571/3571 3569/3569/3569 
f 3571/3571/3571 3555/3555/3555 3570/3570/3570 
f 3555/3555/3555 3552/3552/3552 3570/3570/3570 
f 3566/3566/3566 3570/3570/3570 3553/3553/3553 
f 3570/3570/3570 3552/3552/3552 3553/3553/3553 
f 3572/3572/3572 3573/3573/3573 3571/3571/3571 
f 3573/3573/3573 3574/3574/3574 3571/3571/3571 
f 3571/3571/3571 3574/3574/3574 3555/3555/3555 
f 3575/3575/3575 3574/3574/3574 3573/3573/3573 
f 3576/3576/3576 3575/3575/3575 3573/3573/3573 
f 3575/3575/3575 3556/3556/3556 3574/3574/3574 
f 3556/3556/3556 3554/3554/3554 3574/3574/3574 
f 3574/3574/3574 3554/3554/3554 3555/3555/3555 
f 3576/3576/3576 3559/3559/3559 3575/3575/3575 
f 3559/3559/3559 3557/3557/3557 3575/3575/3575 
f 3575/3575/3575 3557/3557/3557 3556/3556/3556 
f 3579/3579/3579 3578/3578/3578 3577/3577/3577 
f 3578/3578/3578 3580/3580/3580 3577/3577/3577 
f 3581/3581/3581 3580/3580/3580 3578/3578/3578 
f 3578/3578/3578 3582/3582/3582 3581/3581/3581 
f 3582/3582/3582 3583/3583/3583 3581/3581/3581 
f 3584/3584/3584 3583/3583/3583 3582/3582/3582 
f 3582/3582/3582 3585/3585/3585 3584/3584/3584 
f 3585/3585/3585 3586/3586/3586 3584/3584/3584 
f 3587/3587/3587 3586/3586/3586 3585/3585/3585 
f 3585/3585/3585 3588/3588/3588 3587/3587/3587 
f 3588/3588/3588 3589/3589/3589 3587/3587/3587 
f 3577/3577/3577 3590/3590/3590 3579/3579/3579 
f 3579/3579/3579 3590/3590/3590 3591/3591/3591 
f 3592/3592/3592 3579/3579/3579 3591/3591/3591 
f 3588/3588/3588 3592/3592/3592 3593/3593/3593 
f 3593/3593/3593 3589/3589/3589 3588/3588/3588 
f 3592/3592/3592 3594/3594/3594 3593/3593/3593 
f 3591/3591/3591 3594/3594/3594 3592/3592/3592 
f 3597/3597/3597 3596/3596/3596 3595/3595/3595 
f 3596/3596/3596 3598/3598/3598 3595/3595/3595 
f 3596/3596/3596 3551/3551/3551 3598/3598/3598 
f 3551/3551/3551 3548/3548/3548 3598/3598/3598 
f 3595/3595/3595 3598/3598/3598 3562/3562/3562 
f 3564/3564/3564 3595/3595/3595 3562/3562/3562 
f 3562/3562/3562 3598/3598/3598 3549/3549/3549 
f 3598/3598/3598 3548/3548/3548 3549/3549/3549 
f 3597/3597/3597 3567/3567/3567 3596/3596/3596 
f 3567/3567/3567 3565/3565/3565 3596/3596/3596 
f 3596/3596/3596 3565/3565/3565 3551/3551/3551 
f 3565/3565/3565 3550/3550/3550 3551/3551/3551 
f 3558/3558/3558 3561/3561/3561 3546/3546/3546 
f 3561/3561/3561 3545/3545/3545 3546/3546/3546 
f 3601/3601/3601 3600/3600/3600 3599/3599/3599 
f 3600/3600/3600 3603/3603/3603 3602/3602/3602 
f 3606/3606/3606 3605/3605/3605 3604/3604/3604 
f 3608/3608/3608 3607/3607/3607 3604/3604/3604 
f 3611/3611/3611 3610/3610/3610 3609/3609/3609 
f 3610/3610/3610 3612/3612/3612 3609/3609/3609 
f 3615/3615/3615 3614/3614/3614 3613/3613/3613 
f 3614/3614/3614 3617/3617/3617 3616/3616/3616 
f 3620/3620/3620 3619/3619/3619 3618/3618/3618 
f 3623/3623/3623 3622/3622/3622 3621/3621/3621 
f 3626/3626/3626 3625/3625/3625 3624/3624/3624 
f 3625/3625/3625 3627/3627/3627 3624/3624/3624 
f 3630/3630/3630 3629/3629/3629 3628/3628/3628 
f 3629/3629/3629 3631/3631/3631 3628/3628/3628 
f 3632/3632/3632 3631/3631/3631 3629/3629/3629 
f 3633/3633/3633 3632/3632/3632 3629/3629/3629 
f 3634/3634/3634 3631/3631/3631 3632/3632/3632 
f 3635/3635/3635 3634/3634/3634 3632/3632/3632 
f 3636/3636/3636 3631/3631/3631 3634/3634/3634 
f 3637/3637/3637 3636/3636/3636 3634/3634/3634 
f 3638/3638/3638 3631/3631/3631 3636/3636/3636 
f 3628/3628/3628 3631/3631/3631 3638/3638/3638 
f 3639/3639/3639 3638/3638/3638 3636/3636/3636 
f 3640/3640/3640 3628/3628/3628 3638/3638/3638 
f 3630/3630/3630 3628/3628/3628 3641/3641/3641 
f 3641/3641/3641 3628/3628/3628 3640/3640/3640 
f 3642/3642/3642 3630/3630/3630 3641/3641/3641 
f 3642/3642/3642 3641/3641/3641 3643/3643/3643 
f 3644/3644/3644 3642/3642/3642 3643/3643/3643 
f 3633/3633/3633 3629/3629/3629 3645/3645/3645 
f 3646/3646/3646 3633/3633/3633 3645/3645/3645 
f 3646/3646/3646 3645/3645/3645 3647/3647/3647 
f 3644/3644/3644 3647/3647/3647 3642/3642/3642 
f 3647/3647/3647 3645/3645/3645 3642/3642/3642 
f 3648/3648/3648 3646/3646/3646 3647/3647/3647 
f 3637/3637/3637 3634/3634/3634 3649/3649/3649 
f 3650/3650/3650 3637/3637/3637 3649/3649/3649 
f 3650/3650/3650 3649/3649/3649 3651/3651/3651 
f 3652/3652/3652 3650/3650/3650 3651/3651/3651 
f 3652/3652/3652 3653/3653/3653 3650/3650/3650 
f 3653/3653/3653 3654/3654/3654 3650/3650/3650 
f 3655/3655/3655 3654/3654/3654 3653/3653/3653 
f 3656/3656/3656 3655/3655/3655 3653/3653/3653 
f 3655/3655/3655 3639/3639/3639 3654/3654/3654 
f 3639/3639/3639 3636/3636/3636 3654/3654/3654 
f 3650/3650/3650 3654/3654/3654 3637/3637/3637 
f 3654/3654/3654 3636/3636/3636 3637/3637/3637 
f 3656/3656/3656 3657/3657/3657 3655/3655/3655 
f 3657/3657/3657 3658/3658/3658 3655/3655/3655 
f 3655/3655/3655 3658/3658/3658 3639/3639/3639 
f 3659/3659/3659 3658/3658/3658 3657/3657/3657 
f 3660/3660/3660 3659/3659/3659 3657/3657/3657 
f 3659/3659/3659 3640/3640/3640 3658/3658/3658 
f 3640/3640/3640 3638/3638/3638 3658/3658/3658 
f 3658/3658/3658 3638/3638/3638 3639/3639/3639 
f 3660/3660/3660 3643/3643/3643 3659/3659/3659 
f 3643/3643/3643 3641/3641/3641 3659/3659/3659 
f 3659/3659/3659 3641/3641/3641 3640/3640/3640 
f 3663/3663/3663 3662/3662/3662 3661/3661/3661 
f 3662/3662/3662 3664/3664/3664 3661/3661/3661 
f 3665/3665/3665 3664/3664/3664 3662/3662/3662 
f 3662/3662/3662 3666/3666/3666 3665/3665/3665 
f 3666/3666/3666 3667/3667/3667 3665/3665/3665 
f 3668/3668/3668 3667/3667/3667 3666/3666/3666 
f 3666/3666/3666 3669/3669/3669 3668/3668/3668 
f 3669/3669/3669 3670/3670/3670 3668/3668/3668 
f 3671/3671/3671 3670/3670/3670 3669/3669/3669 
f 3669/3669/3669 3672/3672/3672 3671/3671/3671 
f 3672/3672/3672 3673/3673/3673 3671/3671/3671 
f 3661/3661/3661 3674/3674/3674 3663/3663/3663 
f 3663/3663/3663 3674/3674/3674 3675/3675/3675 
f 3676/3676/3676 3663/3663/3663 3675/3675/3675 
f 3672/3672/3672 3676/3676/3676 3677/3677/3677 
f 3677/3677/3677 3673/3673/3673 3672/3672/3672 
f 3676/3676/3676 3678/3678/3678 3677/3677/3677 
f 3675/3675/3675 3678/3678/3678 3676/3676/3676 
f 3681/3681/3681 3680/3680/3680 3679/3679/3679 
f 3680/3680/3680 3682/3682/3682 3679/3679/3679 
f 3680/3680/3680 3635/3635/3635 3682/3682/3682 
f 3635/3635/3635 3632/3632/3632 3682/3682/3682 
f 3679/3679/3679 3682/3682/3682 3646/3646/3646 
f 3648/3648/3648 3679/3679/3679 3646/3646/3646 
f 3646/3646/3646 3682/3682/3682 3633/3633/3633 
f 3682/3682/3682 3632/3632/3632 3633/3633/3633 
f 3681/3681/3681 3651/3651/3651 3680/3680/3680 
f 3651/3651/3651 3649/3649/3649 3680/3680/3680 
f 3680/3680/3680 3649/3649/3649 3635/3635/3635 
f 3649/3649/3649 3634/3634/3634 3635/3635/3635 
f 3642/3642/3642 3645/3645/3645 3630/3630/3630 
f 3645/3645/3645 3629/3629/3629 3630/3630/3630 
f 3685/3685/3685 3684/3684/3684 3683/3683/3683 
f 3684/3684/3684 3687/3687/3687 3686/3686/3686 
f 3690/3690/3690 3689/3689/3689 3688/3688/3688 
f 3692/3692/3692 3691/3691/3691 3688/3688/3688 
f 3695/3695/3695 3694/3694/3694 3693/3693/3693 
f 3694/3694/3694 3696/3696/3696 3693/3693/3693 
f 3699/3699/3699 3698/3698/3698 3697/3697/3697 
f 3698/3698/3698 3701/3701/3701 3700/3700/3700 
f 3704/3704/3704 3703/3703/3703 3702/3702/3702 
f 3707/3707/3707 3706/3706/3706 3705/3705/3705 
f 3710/3710/3710 3709/3709/3709 3708/3708/3708 
f 3709/3709/3709 3711/3711/3711 3708/3708/3708 
f 3714/3714/3714 3713/3713/3713 3712/3712/3712 
f 3713/3713/3713 3715/3715/3715 3712/3712/3712 
f 3716/3716/3716 3715/3715/3715 3713/3713/3713 
f 3717/3717/3717 3716/3716/3716 3713/3713/3713 
f 3718/3718/3718 3715/3715/3715 3716/3716/3716 
f 3719/3719/3719 3718/3718/3718 3716/3716/3716 
f 3720/3720/3720 3715/3715/3715 3718/3718/3718 
f 3721/3721/3721 3720/3720/3720 3718/3718/3718 
f 3722/3722/3722 3715/3715/3715 3720/3720/3720 
f 3712/3712/3712 3715/3715/3715 3722/3722/3722 
f 3723/3723/3723 3722/3722/3722 3720/3720/3720 
f 3724/3724/3724 3712/3712/3712 3722/3722/3722 
f 3714/3714/3714 3712/3712/3712 3725/3725/3725 
f 3725/3725/3725 3712/3712/3712 3724/3724/3724 
f 3726/3726/3726 3714/3714/3714 3725/3725/3725 
f 3726/3726/3726 3725/3725/3725 3727/3727/3727 
f 3728/3728/3728 3726/3726/3726 3727/3727/3727 
f 3717/3717/3717 3713/3713/3713 3729/3729/3729 
f 3730/3730/3730 3717/3717/3717 3729/3729/3729 
f 3730/3730/3730 3729/3729/3729 3731/3731/3731 
f 3728/3728/3728 3731/3731/3731 3726/3726/3726 
f 3731/3731/3731 3729/3729/3729 3726/3726/3726 
f 3732/3732/3732 3730/3730/3730 3731/3731/3731 
f 3721/3721/3721 3718/3718/3718 3733/3733/3733 
f 3734/3734/3734 3721/3721/3721 3733/3733/3733 
f 3734/3734/3734 3733/3733/3733 3735/3735/3735 
f 3736/3736/3736 3734/3734/3734 3735/3735/3735 
f 3736/3736/3736 3737/3737/3737 3734/3734/3734 
f 3737/3737/3737 3738/3738/3738 3734/3734/3734 
f 3739/3739/3739 3738/3738/3738 3737/3737/3737 
f 3740/3740/3740 3739/3739/3739 3737/3737/3737 
f 3739/3739/3739 3723/3723/3723 3738/3738/3738 
f 3723/3723/3723 3720/3720/3720 3738/3738/3738 
f 3734/3734/3734 3738/3738/3738 3721/3721/3721 
f 3738/3738/3738 3720/3720/3720 3721/3721/3721 
f 3740/3740/3740 3741/3741/3741 3739/3739/3739 
f 3741/3741/3741 3742/3742/3742 3739/3739/3739 
f 3739/3739/3739 3742/3742/3742 3723/3723/3723 
f 3743/3743/3743 3742/3742/3742 3741/3741/3741 
f 3744/3744/3744 3743/3743/3743 3741/3741/3741 
f 3743/3743/3743 3724/3724/3724 3742/3742/3742 
f 3724/3724/3724 3722/3722/3722 3742/3742/3742 
f 3742/3742/3742 3722/3722/3722 3723/3723/3723 
f 3744/3744/3744 3727/3727/3727 3743/3743/3743 
f 3727/3727/3727 3725/3725/3725 3743/3743/3743 
f 3743/3743/3743 3725/3725/3725 3724/3724/3724 
f 3747/3747/3747 3746/3746/3746 3745/3745/3745 
f 3746/3746/3746 3748/3748/3748 3745/3745/3745 
f 3749/3749/3749 3748/3748/3748 3746/3746/3746 
f 3746/3746/3746 3750/3750/3750 3749/3749/3749 
f 3750/3750/3750 3751/3751/3751 3749/3749/3749 
f 3752/3752/3752 3751/3751/3751 3750/3750/3750 
f 3750/3750/3750 3753/3753/3753 3752/3752/3752 
f 3753/3753/3753 3754/3754/3754 3752/3752/3752 
f 3755/3755/3755 3754/3754/3754 3753/3753/3753 
f 3753/3753/3753 3756/3756/3756 3755/3755/3755 
f 3756/3756/3756 3757/3757/3757 3755/3755/3755 
f 3745/3745/3745 3758/3758/3758 3747/3747/3747 
f 3747/3747/3747 3758/3758/3758 3759/3759/3759 
f 3760/3760/3760 3747/3747/3747 3759/3759/3759 
f 3756/3756/3756 3760/3760/3760 3761/3761/3761 
f 3761/3761/3761 3757/3757/3757 3756/3756/3756 
f 3760/3760/3760 3762/3762/3762 3761/3761/3761 
f 3759/3759/3759 3762/3762/3762 3760/3760/3760 
f 3765/3765/3765 3764/3764/3764 3763/3763/3763 
f 3764/3764/3764 3766/3766/3766 3763/3763/3763 
f 3764/3764/3764 3719/3719/3719 3766/3766/3766 
f 3719/3719/3719 3716/3716/3716 3766/3766/3766 
f 3763/3763/3763 3766/3766/3766 3730/3730/3730 
f 3732/3732/3732 3763/3763/3763 3730/3730/3730 
f 3730/3730/3730 3766/3766/3766 3717/3717/3717 
f 3766/3766/3766 3716/3716/3716 3717/3717/3717 
f 3765/3765/3765 3735/3735/3735 3764/3764/3764 
f 3735/3735/3735 3733/3733/3733 3764/3764/3764 
f 3764/3764/3764 3733/3733/3733 3719/3719/3719 
f 3733/3733/3733 3718/3718/3718 3719/3719/3719 
f 3726/3726/3726 3729/3729/3729 3714/3714/3714 
f 3729/3729/3729 3713/3713/3713 3714/3714/3714 
f 3769/3769/3769 3768/3768/3768 3767/3767/3767 
f 3768/3768/3768 3771/3771/3771 3770/3770/3770 
f 3774/3774/3774 3773/3773/3773 3772/3772/3772 
f 3776/3776/3776 3775/3775/3775 3772/3772/3772 
f 3779/3779/3779 3778/3778/3778 3777/3777/3777 
f 3778/3778/3778 3780/3780/3780 3777/3777/3777 
f 3783/3783/3783 3782/3782/3782 3781/3781/3781 
f 3782/3782/3782 3785/3785/3785 3784/3784/3784 
f 3788/3788/3788 3787/3787/3787 3786/3786/3786 
f 3791/3791/3791 3790/3790/3790 3789/3789/3789 
f 3794/3794/3794 3793/3793/3793 3792/3792/3792 
f 3793/3793/3793 3795/3795/3795 3792/3792/3792 
f 3798/3798/3798 3797/3797/3797 3796/3796/3796 
f 3797/3797/3797 3799/3799/3799 3796/3796/3796 
f 3800/3800/3800 3799/3799/3799 3797/3797/3797 
f 3801/3801/3801 3800/3800/3800 3797/3797/3797 
f 3802/3802/3802 3799/3799/3799 3800/3800/3800 
f 3803/3803/3803 3802/3802/3802 3800/3800/3800 
f 3804/3804/3804 3799/3799/3799 3802/3802/3802 
f 3805/3805/3805 3804/3804/3804 3802/3802/3802 
f 3806/3806/3806 3799/3799/3799 3804/3804/3804 
f 3796/3796/3796 3799/3799/3799 3806/3806/3806 
f 3807/3807/3807 3806/3806/3806 3804/3804/3804 
f 3808/3808/3808 3796/3796/3796 3806/3806/3806 
f 3798/3798/3798 3796/3796/3796 3809/3809/3809 
f 3809/3809/3809 3796/3796/3796 3808/3808/3808 
f 3810/3810/3810 3798/3798/3798 3809/3809/3809 
f 3810/3810/3810 3809/3809/3809 3811/3811/3811 
f 3812/3812/3812 3810/3810/3810 3811/3811/3811 
f 3801/3801/3801 3797/3797/3797 3813/3813/3813 
f 3814/3814/3814 3801/3801/3801 3813/3813/3813 
f 3814/3814/3814 3813/3813/3813 3815/3815/3815 
f 3812/3812/3812 3815/3815/3815 3810/3810/3810 
f 3815/3815/3815 3813/3813/3813 3810/3810/3810 
f 3816/3816/3816 3814/3814/3814 3815/3815/3815 
f 3805/3805/3805 3802/3802/3802 3817/3817/3817 
f 3818/3818/3818 3805/3805/3805 3817/3817/3817 
f 3818/3818/3818 3817/3817/3817 3819/3819/3819 
f 3820/3820/3820 3818/3818/3818 3819/3819/3819 
f 3820/3820/3820 3821/3821/3821 3818/3818/3818 
f 3821/3821/3821 3822/3822/3822 3818/3818/3818 
f 3823/3823/3823 3822/3822/3822 3821/3821/3821 
f 3824/3824/3824 3823/3823/3823 3821/3821/3821 
f 3823/3823/3823 3807/3807/3807 3822/3822/3822 
f 3807/3807/3807 3804/3804/3804 3822/3822/3822 
f 3818/3818/3818 3822/3822/3822 3805/3805/3805 
f 3822/3822/3822 3804/3804/3804 3805/3805/3805 
f 3824/3824/3824 3825/3825/3825 3823/3823/3823 
f 3825/3825/3825 3826/3826/3826 3823/3823/3823 
f 3823/3823/3823 3826/3826/3826 3807/3807/3807 
f 3827/3827/3827 3826/3826/3826 3825/3825/3825 
f 3828/3828/3828 3827/3827/3827 3825/3825/3825 
f 3827/3827/3827 3808/3808/3808 3826/3826/3826 
f 3808/3808/3808 3806/3806/3806 3826/3826/3826 
f 3826/3826/3826 3806/3806/3806 3807/3807/3807 
f 3828/3828/3828 3811/3811/3811 3827/3827/3827 
f 3811/3811/3811 3809/3809/3809 3827/3827/3827 
f 3827/3827/3827 3809/3809/3809 3808/3808/3808 
f 3831/3831/3831 3830/3830/3830 3829/3829/3829 
f 3830/3830/3830 3832/3832/3832 3829/3829/3829 
f 3833/3833/3833 3832/3832/3832 3830/3830/3830 
f 3830/3830/3830 3834/3834/3834 3833/3833/3833 
f 3834/3834/3834 3835/3835/3835 3833/3833/3833 
f 3836/3836/3836 3835/3835/3835 3834/3834/3834 
f 3834/3834/3834 3837/3837/3837 3836/3836/3836 
f 3837/3837/3837 3838/3838/3838 3836/3836/3836 
f 3839/3839/3839 3838/3838/3838 3837/3837/3837 
f 3837/3837/3837 3840/3840/3840 3839/3839/3839 
f 3840/3840/3840 3841/3841/3841 3839/3839/3839 
f 3829/3829/3829 3842/3842/3842 3831/3831/3831 
f 3831/3831/3831 3842/3842/3842 3843/3843/3843 
f 3844/3844/3844 3831/3831/3831 3843/3843/3843 
f 3840/3840/3840 3844/3844/3844 3845/3845/3845 
f 3845/3845/3845 3841/3841/3841 3840/3840/3840 
f 3844/3844/3844 3846/3846/3846 3845/3845/3845 
f 3843/3843/3843 3846/3846/3846 3844/3844/3844 
f 3849/3849/3849 3848/3848/3848 3847/3847/3847 
f 3848/3848/3848 3850/3850/3850 3847/3847/3847 
f 3848/3848/3848 3803/3803/3803 3850/3850/3850 
f 3803/3803/3803 3800/3800/3800 3850/3850/3850 
f 3847/3847/3847 3850/3850/3850 3814/3814/3814 
f 3816/3816/3816 3847/3847/3847 3814/3814/3814 
f 3814/3814/3814 3850/3850/3850 3801/3801/3801 
f 3850/3850/3850 3800/3800/3800 3801/3801/3801 
f 3849/3849/3849 3819/3819/3819 3848/3848/3848 
f 3819/3819/3819 3817/3817/3817 3848/3848/3848 
f 3848/3848/3848 3817/3817/3817 3803/3803/3803 
f 3817/3817/3817 3802/3802/3802 3803/3803/3803 
f 3810/3810/3810 3813/3813/3813 3798/3798/3798 
f 3813/3813/3813 3797/3797/3797 3798/3798/3798 

usemtl Slingshot_WheelLF_1
f 3853/3853/3853 3852/3852/3852 3851/3851/3851 
f 3852/3852/3852 3854/3854/3854 3851/3851/3851 
f 3851/3851/3851 3854/3854/3854 3855/3855/3855 
f 3854/3854/3854 3856/3856/3856 3855/3855/3855 
f 3855/3855/3855 3856/3856/3856 3857/3857/3857 
f 3856/3856/3856 3858/3858/3858 3857/3857/3857 
f 3857/3857/3857 3858/3858/3858 3859/3859/3859 
f 3858/3858/3858 3860/3860/3860 3859/3859/3859 
f 3861/3861/3861 3852/3852/3852 3853/3853/3853 
f 3862/3862/3862 3861/3861/3861 3853/3853/3853 
f 3863/3863/3863 3861/3861/3861 3862/3862/3862 
f 3864/3864/3864 3863/3863/3863 3862/3862/3862 
f 3865/3865/3865 3863/3863/3863 3864/3864/3864 
f 3866/3866/3866 3865/3865/3865 3864/3864/3864 
f 3867/3867/3867 3865/3865/3865 3866/3866/3866 
f 3868/3868/3868 3867/3867/3867 3866/3866/3866 
f 3869/3869/3869 3867/3867/3867 3868/3868/3868 
f 3870/3870/3870 3869/3869/3869 3868/3868/3868 
f 3871/3871/3871 3869/3869/3869 3870/3870/3870 
f 3872/3872/3872 3871/3871/3871 3870/3870/3870 
f 3859/3859/3859 3860/3860/3860 3873/3873/3873 
f 3860/3860/3860 3874/3874/3874 3873/3873/3873 
f 3873/3873/3873 3874/3874/3874 3875/3875/3875 
f 3874/3874/3874 3876/3876/3876 3875/3875/3875 
f 3875/3875/3875 3876/3876/3876 3877/3877/3877 
f 3876/3876/3876 3878/3878/3878 3877/3877/3877 
f 3877/3877/3877 3878/3878/3878 3879/3879/3879 
f 3878/3878/3878 3880/3880/3880 3879/3879/3879 
f 3881/3881/3881 3871/3871/3871 3872/3872/3872 
f 3882/3882/3882 3881/3881/3881 3872/3872/3872 
f 3883/3883/3883 3881/3881/3881 3882/3882/3882 
f 3884/3884/3884 3883/3883/3883 3882/3882/3882 
f 3885/3885/3885 3883/3883/3883 3884/3884/3884 
f 3886/3886/3886 3885/3885/3885 3884/3884/3884 
f 3887/3887/3887 3885/3885/3885 3886/3886/3886 
f 3888/3888/3888 3887/3887/3887 3886/3886/3886 
f 3889/3889/3889 3887/3887/3887 3888/3888/3888 
f 3890/3890/3890 3889/3889/3889 3888/3888/3888 
f 3891/3891/3891 3889/3889/3889 3890/3890/3890 
f 3892/3892/3892 3891/3891/3891 3890/3890/3890 
f 3893/3893/3893 3891/3891/3891 3892/3892/3892 
f 3894/3894/3894 3893/3893/3893 3892/3892/3892 
f 3895/3895/3895 3893/3893/3893 3894/3894/3894 
f 3896/3896/3896 3895/3895/3895 3894/3894/3894 
f 3897/3897/3897 3895/3895/3895 3896/3896/3896 
f 3898/3898/3898 3897/3897/3897 3896/3896/3896 
f 3899/3899/3899 3897/3897/3897 3898/3898/3898 
f 3900/3900/3900 3899/3899/3899 3898/3898/3898 
f 3901/3901/3901 3899/3899/3899 3900/3900/3900 
f 3902/3902/3902 3901/3901/3901 3900/3900/3900 
f 3903/3903/3903 3901/3901/3901 3902/3902/3902 
f 3904/3904/3904 3903/3903/3903 3902/3902/3902 
f 3905/3905/3905 3903/3903/3903 3904/3904/3904 
f 3906/3906/3906 3905/3905/3905 3904/3904/3904 
f 3907/3907/3907 3905/3905/3905 3906/3906/3906 
f 3908/3908/3908 3907/3907/3907 3906/3906/3906 
f 3909/3909/3909 3907/3907/3907 3908/3908/3908 
f 3910/3910/3910 3909/3909/3909 3908/3908/3908 
f 3911/3911/3911 3909/3909/3909 3910/3910/3910 
f 3912/3912/3912 3911/3911/3911 3910/3910/3910 
f 3913/3913/3913 3911/3911/3911 3912/3912/3912 
f 3914/3914/3914 3913/3913/3913 3912/3912/3912 
f 3915/3915/3915 3913/3913/3913 3914/3914/3914 
f 3916/3916/3916 3915/3915/3915 3914/3914/3914 
f 3917/3917/3917 3915/3915/3915 3916/3916/3916 
f 3918/3918/3918 3917/3917/3917 3916/3916/3916 
f 3919/3919/3919 3917/3917/3917 3918/3918/3918 
f 3920/3920/3920 3919/3919/3919 3918/3918/3918 
f 3921/3921/3921 3919/3919/3919 3920/3920/3920 
f 3922/3922/3922 3921/3921/3921 3920/3920/3920 
f 3923/3923/3923 3921/3921/3921 3922/3922/3922 
f 3924/3924/3924 3923/3923/3923 3922/3922/3922 
f 3925/3925/3925 3923/3923/3923 3924/3924/3924 
f 3926/3926/3926 3925/3925/3925 3924/3924/3924 
f 3927/3927/3927 3925/3925/3925 3926/3926/3926 
f 3928/3928/3928 3927/3927/3927 3926/3926/3926 
f 3929/3929/3929 3927/3927/3927 3928/3928/3928 
f 3930/3930/3930 3929/3929/3929 3928/3928/3928 
f 3931/3931/3931 3929/3929/3929 3930/3930/3930 
f 3932/3932/3932 3931/3931/3931 3930/3930/3930 
f 3933/3933/3933 3931/3931/3931 3932/3932/3932 
f 3934/3934/3934 3933/3933/3933 3932/3932/3932 
f 3935/3935/3935 3933/3933/3933 3934/3934/3934 
f 3936/3936/3936 3935/3935/3935 3934/3934/3934 
f 3937/3937/3937 3935/3935/3935 3936/3936/3936 
f 3938/3938/3938 3937/3937/3937 3936/3936/3936 
f 3939/3939/3939 3937/3937/3937 3938/3938/3938 
f 3940/3940/3940 3939/3939/3939 3938/3938/3938 
f 3941/3941/3941 3939/3939/3939 3940/3940/3940 
f 3942/3942/3942 3941/3941/3941 3940/3940/3940 
f 3943/3943/3943 3941/3941/3941 3942/3942/3942 
f 3944/3944/3944 3943/3943/3943 3942/3942/3942 
f 3945/3945/3945 3943/3943/3943 3944/3944/3944 
f 3946/3946/3946 3945/3945/3945 3944/3944/3944 
f 3947/3947/3947 3945/3945/3945 3946/3946/3946 
f 3948/3948/3948 3947/3947/3947 3946/3946/3946 
f 3949/3949/3949 3947/3947/3947 3948/3948/3948 
f 3950/3950/3950 3949/3949/3949 3948/3948/3948 
f 3951/3951/3951 3949/3949/3949 3950/3950/3950 
f 3952/3952/3952 3951/3951/3951 3950/3950/3950 
f 3953/3953/3953 3951/3951/3951 3952/3952/3952 
f 3954/3954/3954 3953/3953/3953 3952/3952/3952 
f 3955/3955/3955 3953/3953/3953 3954/3954/3954 
f 3956/3956/3956 3955/3955/3955 3954/3954/3954 
f 3957/3957/3957 3955/3955/3955 3956/3956/3956 
f 3958/3958/3958 3957/3957/3957 3956/3956/3956 
f 3959/3959/3959 3957/3957/3957 3958/3958/3958 
f 3960/3960/3960 3959/3959/3959 3958/3958/3958 
f 3961/3961/3961 3959/3959/3959 3960/3960/3960 
f 3962/3962/3962 3961/3961/3961 3960/3960/3960 
f 3955/3955/3955 3963/3963/3963 3953/3953/3953 
f 3963/3963/3963 3964/3964/3964 3953/3953/3953 
f 3953/3953/3953 3964/3964/3964 3951/3951/3951 
f 3964/3964/3964 3965/3965/3965 3951/3951/3951 
f 3951/3951/3951 3965/3965/3965 3949/3949/3949 
f 3965/3965/3965 3966/3966/3966 3949/3949/3949 
f 3949/3949/3949 3966/3966/3966 3947/3947/3947 
f 3966/3966/3966 3967/3967/3967 3947/3947/3947 
f 3957/3957/3957 3968/3968/3968 3955/3955/3955 
f 3968/3968/3968 3963/3963/3963 3955/3955/3955 
f 3959/3959/3959 3969/3969/3969 3957/3957/3957 
f 3969/3969/3969 3968/3968/3968 3957/3957/3957 
f 3961/3961/3961 3970/3970/3970 3959/3959/3959 
f 3970/3970/3970 3969/3969/3969 3959/3959/3959 
f 3947/3947/3947 3967/3967/3967 3945/3945/3945 
f 3967/3967/3967 3971/3971/3971 3945/3945/3945 
f 3945/3945/3945 3971/3971/3971 3943/3943/3943 
f 3971/3971/3971 3972/3972/3972 3943/3943/3943 
f 3943/3943/3943 3972/3972/3972 3941/3941/3941 
f 3972/3972/3972 3973/3973/3973 3941/3941/3941 
f 3941/3941/3941 3973/3973/3973 3939/3939/3939 
f 3973/3973/3973 3974/3974/3974 3939/3939/3939 
f 3939/3939/3939 3974/3974/3974 3937/3937/3937 
f 3974/3974/3974 3975/3975/3975 3937/3937/3937 
f 3937/3937/3937 3975/3975/3975 3935/3935/3935 
f 3975/3975/3975 3976/3976/3976 3935/3935/3935 
f 3935/3935/3935 3976/3976/3976 3933/3933/3933 
f 3976/3976/3976 3977/3977/3977 3933/3933/3933 
f 3933/3933/3933 3977/3977/3977 3931/3931/3931 
f 3977/3977/3977 3978/3978/3978 3931/3931/3931 
f 3931/3931/3931 3978/3978/3978 3929/3929/3929 
f 3978/3978/3978 3979/3979/3979 3929/3929/3929 
f 3929/3929/3929 3979/3979/3979 3927/3927/3927 
f 3979/3979/3979 3980/3980/3980 3927/3927/3927 
f 3927/3927/3927 3980/3980/3980 3925/3925/3925 
f 3980/3980/3980 3981/3981/3981 3925/3925/3925 
f 3925/3925/3925 3981/3981/3981 3923/3923/3923 
f 3981/3981/3981 3982/3982/3982 3923/3923/3923 
f 3923/3923/3923 3982/3982/3982 3921/3921/3921 
f 3982/3982/3982 3983/3983/3983 3921/3921/3921 
f 3921/3921/3921 3983/3983/3983 3919/3919/3919 
f 3983/3983/3983 3984/3984/3984 3919/3919/3919 
f 3919/3919/3919 3984/3984/3984 3917/3917/3917 
f 3984/3984/3984 3985/3985/3985 3917/3917/3917 
f 3917/3917/3917 3985/3985/3985 3915/3915/3915 
f 3985/3985/3985 3986/3986/3986 3915/3915/3915 
f 3915/3915/3915 3986/3986/3986 3913/3913/3913 
f 3986/3986/3986 3987/3987/3987 3913/3913/3913 
f 3913/3913/3913 3987/3987/3987 3911/3911/3911 
f 3987/3987/3987 3988/3988/3988 3911/3911/3911 
f 3911/3911/3911 3988/3988/3988 3909/3909/3909 
f 3988/3988/3988 3989/3989/3989 3909/3909/3909 
f 3909/3909/3909 3989/3989/3989 3907/3907/3907 
f 3989/3989/3989 3990/3990/3990 3907/3907/3907 
f 3907/3907/3907 3990/3990/3990 3905/3905/3905 
f 3990/3990/3990 3991/3991/3991 3905/3905/3905 
f 3905/3905/3905 3991/3991/3991 3903/3903/3903 
f 3991/3991/3991 3992/3992/3992 3903/3903/3903 
f 3903/3903/3903 3992/3992/3992 3901/3901/3901 
f 3992/3992/3992 3993/3993/3993 3901/3901/3901 
f 3901/3901/3901 3993/3993/3993 3899/3899/3899 
f 3993/3993/3993 3994/3994/3994 3899/3899/3899 
f 3899/3899/3899 3994/3994/3994 3897/3897/3897 
f 3994/3994/3994 3995/3995/3995 3897/3897/3897 
f 3897/3897/3897 3995/3995/3995 3895/3895/3895 
f 3995/3995/3995 3996/3996/3996 3895/3895/3895 
f 3895/3895/3895 3996/3996/3996 3893/3893/3893 
f 3996/3996/3996 3997/3997/3997 3893/3893/3893 
f 3893/3893/3893 3997/3997/3997 3891/3891/3891 
f 3997/3997/3997 3998/3998/3998 3891/3891/3891 
f 3891/3891/3891 3998/3998/3998 3889/3889/3889 
f 3998/3998/3998 3999/3999/3999 3889/3889/3889 
f 3889/3889/3889 3999/3999/3999 3887/3887/3887 
f 3999/3999/3999 4000/4000/4000 3887/3887/3887 
f 3887/3887/3887 4000/4000/4000 3885/3885/3885 
f 4000/4000/4000 4001/4001/4001 3885/3885/3885 
f 3885/3885/3885 4001/4001/4001 3883/3883/3883 
f 4001/4001/4001 4002/4002/4002 3883/3883/3883 
f 3883/3883/3883 4002/4002/4002 3881/3881/3881 
f 4002/4002/4002 4003/4003/4003 3881/3881/3881 
f 3881/3881/3881 4003/4003/4003 3871/3871/3871 
f 4003/4003/4003 4004/4004/4004 3871/3871/3871 
f 3871/3871/3871 4004/4004/4004 3869/3869/3869 
f 4004/4004/4004 4005/4005/4005 3869/3869/3869 
f 3869/3869/3869 4005/4005/4005 3867/3867/3867 
f 4005/4005/4005 4006/4006/4006 3867/3867/3867 
f 3867/3867/3867 4006/4006/4006 3865/3865/3865 
f 4006/4006/4006 4007/4007/4007 3865/3865/3865 
f 3865/3865/3865 4007/4007/4007 3863/3863/3863 
f 4007/4007/4007 4008/4008/4008 3863/3863/3863 
f 3863/3863/3863 4008/4008/4008 3861/3861/3861 
f 4008/4008/4008 4009/4009/4009 3861/3861/3861 
f 3861/3861/3861 4009/4009/4009 3852/3852/3852 
f 4009/4009/4009 4010/4010/4010 3852/3852/3852 
f 3852/3852/3852 4010/4010/4010 3854/3854/3854 
f 4010/4010/4010 4011/4011/4011 3854/3854/3854 
f 3854/3854/3854 4011/4011/4011 3856/3856/3856 
f 4011/4011/4011 4012/4012/4012 3856/3856/3856 
f 3856/3856/3856 4012/4012/4012 3858/3858/3858 
f 4012/4012/4012 4013/4013/4013 3858/3858/3858 
f 3858/3858/3858 4013/4013/4013 3860/3860/3860 
f 4013/4013/4013 4014/4014/4014 3860/3860/3860 
f 3860/3860/3860 4014/4014/4014 3874/3874/3874 
f 4014/4014/4014 4015/4015/4015 3874/3874/3874 
f 3874/3874/3874 4015/4015/4015 3876/3876/3876 
f 4015/4015/4015 4016/4016/4016 3876/3876/3876 
f 3876/3876/3876 4016/4016/4016 3878/3878/3878 
f 4016/4016/4016 4017/4017/4017 3878/3878/3878 
f 3878/3878/3878 4017/4017/4017 3880/3880/3880 
f 4017/4017/4017 4018/4018/4018 3880/3880/3880 
f 4021/4021/4021 4020/4020/4020 4019/4019/4019 
f 4020/4020/4020 4022/4022/4022 4019/4019/4019 
f 4019/4019/4019 4022/4022/4022 4023/4023/4023 
f 4022/4022/4022 4024/4024/4024 4023/4023/4023 
f 4023/4023/4023 4024/4024/4024 4025/4025/4025 
f 4024/4024/4024 4026/4026/4026 4025/4025/4025 
f 4025/4025/4025 4026/4026/4026 4027/4027/4027 
f 4026/4026/4026 4028/4028/4028 4027/4027/4027 
f 4029/4029/4029 4020/4020/4020 4021/4021/4021 
f 4030/4030/4030 4029/4029/4029 4021/4021/4021 
f 4031/4031/4031 4029/4029/4029 4030/4030/4030 
f 4032/4032/4032 4031/4031/4031 4030/4030/4030 
f 4033/4033/4033 4031/4031/4031 4032/4032/4032 
f 4034/4034/4034 4033/4033/4033 4032/4032/4032 
f 4035/4035/4035 4033/4033/4033 4034/4034/4034 
f 4036/4036/4036 4035/4035/4035 4034/4034/4034 
f 4037/4037/4037 4035/4035/4035 4036/4036/4036 
f 4038/4038/4038 4037/4037/4037 4036/4036/4036 
f 4039/4039/4039 4037/4037/4037 4038/4038/4038 
f 4040/4040/4040 4039/4039/4039 4038/4038/4038 
f 4027/4027/4027 4028/4028/4028 4041/4041/4041 
f 4028/4028/4028 4042/4042/4042 4041/4041/4041 
f 4041/4041/4041 4042/4042/4042 4043/4043/4043 
f 4042/4042/4042 4044/4044/4044 4043/4043/4043 
f 4043/4043/4043 4044/4044/4044 4045/4045/4045 
f 4044/4044/4044 4046/4046/4046 4045/4045/4045 
f 4045/4045/4045 4046/4046/4046 4047/4047/4047 
f 4046/4046/4046 4048/4048/4048 4047/4047/4047 
f 4049/4049/4049 4039/4039/4039 4040/4040/4040 
f 4050/4050/4050 4049/4049/4049 4040/4040/4040 
f 4051/4051/4051 4049/4049/4049 4050/4050/4050 
f 4052/4052/4052 4051/4051/4051 4050/4050/4050 
f 4053/4053/4053 4051/4051/4051 4052/4052/4052 
f 4054/4054/4054 4053/4053/4053 4052/4052/4052 
f 4055/4055/4055 4053/4053/4053 4054/4054/4054 
f 4056/4056/4056 4055/4055/4055 4054/4054/4054 
f 4057/4057/4057 4055/4055/4055 4056/4056/4056 
f 4058/4058/4058 4057/4057/4057 4056/4056/4056 
f 4059/4059/4059 4057/4057/4057 4058/4058/4058 
f 4060/4060/4060 4059/4059/4059 4058/4058/4058 
f 4061/4061/4061 4059/4059/4059 4060/4060/4060 
f 4062/4062/4062 4061/4061/4061 4060/4060/4060 
f 4063/4063/4063 4061/4061/4061 4062/4062/4062 
f 4064/4064/4064 4063/4063/4063 4062/4062/4062 
f 4065/4065/4065 4063/4063/4063 4064/4064/4064 
f 4066/4066/4066 4065/4065/4065 4064/4064/4064 
f 4067/4067/4067 4065/4065/4065 4066/4066/4066 
f 4068/4068/4068 4067/4067/4067 4066/4066/4066 
f 4069/4069/4069 4067/4067/4067 4068/4068/4068 
f 4070/4070/4070 4069/4069/4069 4068/4068/4068 
f 4071/4071/4071 4069/4069/4069 4070/4070/4070 
f 4072/4072/4072 4071/4071/4071 4070/4070/4070 
f 4073/4073/4073 4071/4071/4071 4072/4072/4072 
f 4074/4074/4074 4073/4073/4073 4072/4072/4072 
f 4075/4075/4075 4073/4073/4073 4074/4074/4074 
f 4076/4076/4076 4075/4075/4075 4074/4074/4074 
f 4077/4077/4077 4075/4075/4075 4076/4076/4076 
f 4078/4078/4078 4077/4077/4077 4076/4076/4076 
f 4079/4079/4079 4077/4077/4077 4078/4078/4078 
f 4080/4080/4080 4079/4079/4079 4078/4078/4078 
f 4081/4081/4081 4079/4079/4079 4080/4080/4080 
f 4082/4082/4082 4081/4081/4081 4080/4080/4080 
f 4083/4083/4083 4081/4081/4081 4082/4082/4082 
f 4084/4084/4084 4083/4083/4083 4082/4082/4082 
f 4085/4085/4085 4083/4083/4083 4084/4084/4084 
f 4086/4086/4086 4085/4085/4085 4084/4084/4084 
f 4087/4087/4087 4085/4085/4085 4086/4086/4086 
f 4088/4088/4088 4087/4087/4087 4086/4086/4086 
f 4089/4089/4089 4087/4087/4087 4088/4088/4088 
f 4090/4090/4090 4089/4089/4089 4088/4088/4088 
f 4091/4091/4091 4089/4089/4089 4090/4090/4090 
f 4092/4092/4092 4091/4091/4091 4090/4090/4090 
f 4093/4093/4093 4091/4091/4091 4092/4092/4092 
f 4094/4094/4094 4093/4093/4093 4092/4092/4092 
f 4095/4095/4095 4093/4093/4093 4094/4094/4094 
f 4096/4096/4096 4095/4095/4095 4094/4094/4094 
f 4097/4097/4097 4095/4095/4095 4096/4096/4096 
f 4098/4098/4098 4097/4097/4097 4096/4096/4096 
f 4099/4099/4099 4097/4097/4097 4098/4098/4098 
f 4100/4100/4100 4099/4099/4099 4098/4098/4098 
f 4101/4101/4101 4099/4099/4099 4100/4100/4100 
f 4102/4102/4102 4101/4101/4101 4100/4100/4100 
f 4103/4103/4103 4101/4101/4101 4102/4102/4102 
f 4104/4104/4104 4103/4103/4103 4102/4102/4102 
f 4105/4105/4105 4103/4103/4103 4104/4104/4104 
f 4106/4106/4106 4105/4105/4105 4104/4104/4104 
f 4107/4107/4107 4105/4105/4105 4106/4106/4106 
f 4108/4108/4108 4107/4107/4107 4106/4106/4106 
f 4109/4109/4109 4107/4107/4107 4108/4108/4108 
f 4110/4110/4110 4109/4109/4109 4108/4108/4108 
f 4111/4111/4111 4109/4109/4109 4110/4110/4110 
f 4112/4112/4112 4111/4111/4111 4110/4110/4110 
f 4113/4113/4113 4111/4111/4111 4112/4112/4112 
f 4114/4114/4114 4113/4113/4113 4112/4112/4112 
f 4115/4115/4115 4113/4113/4113 4114/4114/4114 
f 4116/4116/4116 4115/4115/4115 4114/4114/4114 
f 4117/4117/4117 4115/4115/4115 4116/4116/4116 
f 4118/4118/4118 4117/4117/4117 4116/4116/4116 
f 4119/4119/4119 4117/4117/4117 4118/4118/4118 
f 4120/4120/4120 4119/4119/4119 4118/4118/4118 
f 4121/4121/4121 4119/4119/4119 4120/4120/4120 
f 4122/4122/4122 4121/4121/4121 4120/4120/4120 
f 4123/4123/4123 4121/4121/4121 4122/4122/4122 
f 4124/4124/4124 4123/4123/4123 4122/4122/4122 
f 4125/4125/4125 4123/4123/4123 4124/4124/4124 
f 4126/4126/4126 4125/4125/4125 4124/4124/4124 
f 4127/4127/4127 4125/4125/4125 4126/4126/4126 
f 4128/4128/4128 4127/4127/4127 4126/4126/4126 
f 4129/4129/4129 4127/4127/4127 4128/4128/4128 
f 4130/4130/4130 4129/4129/4129 4128/4128/4128 
f 4133/4133/4133 4132/4132/4132 4131/4131/4131 
f 4132/4132/4132 4134/4134/4134 4131/4131/4131 
f 4131/4131/4131 4134/4134/4134 4135/4135/4135 
f 4134/4134/4134 4136/4136/4136 4135/4135/4135 
f 4135/4135/4135 4136/4136/4136 4137/4137/4137 
f 4136/4136/4136 4138/4138/4138 4137/4137/4137 
f 4137/4137/4137 4138/4138/4138 4139/4139/4139 
f 4138/4138/4138 4140/4140/4140 4139/4139/4139 
f 4141/4141/4141 4132/4132/4132 4133/4133/4133 
f 4142/4142/4142 4141/4141/4141 4133/4133/4133 
f 4143/4143/4143 4141/4141/4141 4142/4142/4142 
f 4144/4144/4144 4143/4143/4143 4142/4142/4142 
f 4145/4145/4145 4143/4143/4143 4144/4144/4144 
f 4146/4146/4146 4145/4145/4145 4144/4144/4144 
f 4147/4147/4147 4145/4145/4145 4146/4146/4146 
f 4148/4148/4148 4147/4147/4147 4146/4146/4146 
f 4149/4149/4149 4147/4147/4147 4148/4148/4148 
f 4150/4150/4150 4149/4149/4149 4148/4148/4148 
f 4151/4151/4151 4149/4149/4149 4150/4150/4150 
f 4152/4152/4152 4151/4151/4151 4150/4150/4150 
f 4139/4139/4139 4140/4140/4140 4153/4153/4153 
f 4140/4140/4140 4154/4154/4154 4153/4153/4153 
f 4153/4153/4153 4154/4154/4154 4155/4155/4155 
f 4154/4154/4154 4156/4156/4156 4155/4155/4155 
f 4155/4155/4155 4156/4156/4156 4157/4157/4157 
f 4156/4156/4156 4158/4158/4158 4157/4157/4157 
f 4157/4157/4157 4158/4158/4158 4159/4159/4159 
f 4158/4158/4158 4160/4160/4160 4159/4159/4159 
f 4161/4161/4161 4151/4151/4151 4152/4152/4152 
f 4162/4162/4162 4161/4161/4161 4152/4152/4152 
f 4163/4163/4163 4161/4161/4161 4162/4162/4162 
f 4164/4164/4164 4163/4163/4163 4162/4162/4162 
f 4165/4165/4165 4163/4163/4163 4164/4164/4164 
f 4166/4166/4166 4165/4165/4165 4164/4164/4164 
f 4167/4167/4167 4165/4165/4165 4166/4166/4166 
f 4168/4168/4168 4167/4167/4167 4166/4166/4166 
f 4169/4169/4169 4167/4167/4167 4168/4168/4168 
f 4170/4170/4170 4169/4169/4169 4168/4168/4168 
f 4171/4171/4171 4169/4169/4169 4170/4170/4170 
f 4172/4172/4172 4171/4171/4171 4170/4170/4170 
f 4173/4173/4173 4171/4171/4171 4172/4172/4172 
f 4174/4174/4174 4173/4173/4173 4172/4172/4172 
f 4175/4175/4175 4173/4173/4173 4174/4174/4174 
f 4176/4176/4176 4175/4175/4175 4174/4174/4174 
f 4177/4177/4177 4175/4175/4175 4176/4176/4176 
f 4178/4178/4178 4177/4177/4177 4176/4176/4176 
f 4179/4179/4179 4177/4177/4177 4178/4178/4178 
f 4180/4180/4180 4179/4179/4179 4178/4178/4178 
f 4181/4181/4181 4179/4179/4179 4180/4180/4180 
f 4182/4182/4182 4181/4181/4181 4180/4180/4180 
f 4183/4183/4183 4181/4181/4181 4182/4182/4182 
f 4184/4184/4184 4183/4183/4183 4182/4182/4182 
f 4185/4185/4185 4183/4183/4183 4184/4184/4184 
f 4186/4186/4186 4185/4185/4185 4184/4184/4184 
f 4187/4187/4187 4185/4185/4185 4186/4186/4186 
f 4188/4188/4188 4187/4187/4187 4186/4186/4186 
f 4189/4189/4189 4187/4187/4187 4188/4188/4188 
f 4190/4190/4190 4189/4189/4189 4188/4188/4188 
f 4191/4191/4191 4189/4189/4189 4190/4190/4190 
f 4192/4192/4192 4191/4191/4191 4190/4190/4190 
f 4193/4193/4193 4191/4191/4191 4192/4192/4192 
f 4194/4194/4194 4193/4193/4193 4192/4192/4192 
f 4195/4195/4195 4193/4193/4193 4194/4194/4194 
f 4196/4196/4196 4195/4195/4195 4194/4194/4194 
f 4197/4197/4197 4195/4195/4195 4196/4196/4196 
f 4198/4198/4198 4197/4197/4197 4196/4196/4196 
f 4199/4199/4199 4197/4197/4197 4198/4198/4198 
f 4200/4200/4200 4199/4199/4199 4198/4198/4198 
f 4201/4201/4201 4199/4199/4199 4200/4200/4200 
f 4202/4202/4202 4201/4201/4201 4200/4200/4200 
f 4203/4203/4203 4201/4201/4201 4202/4202/4202 
f 4204/4204/4204 4203/4203/4203 4202/4202/4202 
f 4205/4205/4205 4203/4203/4203 4204/4204/4204 
f 4206/4206/4206 4205/4205/4205 4204/4204/4204 
f 4207/4207/4207 4205/4205/4205 4206/4206/4206 
f 4208/4208/4208 4207/4207/4207 4206/4206/4206 
f 4209/4209/4209 4207/4207/4207 4208/4208/4208 
f 4210/4210/4210 4209/4209/4209 4208/4208/4208 
f 4211/4211/4211 4209/4209/4209 4210/4210/4210 
f 4212/4212/4212 4211/4211/4211 4210/4210/4210 
f 4213/4213/4213 4211/4211/4211 4212/4212/4212 
f 4214/4214/4214 4213/4213/4213 4212/4212/4212 
f 4215/4215/4215 4213/4213/4213 4214/4214/4214 
f 4216/4216/4216 4215/4215/4215 4214/4214/4214 
f 4217/4217/4217 4215/4215/4215 4216/4216/4216 
f 4218/4218/4218 4217/4217/4217 4216/4216/4216 
f 4219/4219/4219 4217/4217/4217 4218/4218/4218 
f 4220/4220/4220 4219/4219/4219 4218/4218/4218 
f 4221/4221/4221 4219/4219/4219 4220/4220/4220 
f 4222/4222/4222 4221/4221/4221 4220/4220/4220 
f 4223/4223/4223 4221/4221/4221 4222/4222/4222 
f 4224/4224/4224 4223/4223/4223 4222/4222/4222 
f 4225/4225/4225 4223/4223/4223 4224/4224/4224 
f 4226/4226/4226 4225/4225/4225 4224/4224/4224 
f 4227/4227/4227 4225/4225/4225 4226/4226/4226 
f 4228/4228/4228 4227/4227/4227 4226/4226/4226 
f 4229/4229/4229 4227/4227/4227 4228/4228/4228 
f 4230/4230/4230 4229/4229/4229 4228/4228/4228 
f 4231/4231/4231 4229/4229/4229 4230/4230/4230 
f 4232/4232/4232 4231/4231/4231 4230/4230/4230 
f 4233/4233/4233 4231/4231/4231 4232/4232/4232 
f 4234/4234/4234 4233/4233/4233 4232/4232/4232 
f 4235/4235/4235 4233/4233/4233 4234/4234/4234 
f 4236/4236/4236 4235/4235/4235 4234/4234/4234 
f 4237/4237/4237 4235/4235/4235 4236/4236/4236 
f 4238/4238/4238 4237/4237/4237 4236/4236/4236 
f 4239/4239/4239 4237/4237/4237 4238/4238/4238 
f 4240/4240/4240 4239/4239/4239 4238/4238/4238 
f 4241/4241/4241 4239/4239/4239 4240/4240/4240 
f 4242/4242/4242 4241/4241/4241 4240/4240/4240 
f 4241/4241/4241 4243/4243/4243 4239/4239/4239 
f 4243/4243/4243 4244/4244/4244 4239/4239/4239 
f 4239/4239/4239 4244/4244/4244 4237/4237/4237 
f 4244/4244/4244 4245/4245/4245 4237/4237/4237 
f 4237/4237/4237 4245/4245/4245 4235/4235/4235 
f 4245/4245/4245 4246/4246/4246 4235/4235/4235 
f 4235/4235/4235 4246/4246/4246 4233/4233/4233 
f 4246/4246/4246 4247/4247/4247 4233/4233/4233 
f 4233/4233/4233 4247/4247/4247 4231/4231/4231 
f 4247/4247/4247 4248/4248/4248 4231/4231/4231 
f 4231/4231/4231 4248/4248/4248 4229/4229/4229 
f 4248/4248/4248 4249/4249/4249 4229/4229/4229 
f 4229/4229/4229 4249/4249/4249 4227/4227/4227 
f 4249/4249/4249 4250/4250/4250 4227/4227/4227 
f 4227/4227/4227 4250/4250/4250 4225/4225/4225 
f 4250/4250/4250 4251/4251/4251 4225/4225/4225 
f 4225/4225/4225 4251/4251/4251 4223/4223/4223 
f 4251/4251/4251 4252/4252/4252 4223/4223/4223 
f 4223/4223/4223 4252/4252/4252 4221/4221/4221 
f 4252/4252/4252 4253/4253/4253 4221/4221/4221 
f 4221/4221/4221 4253/4253/4253 4219/4219/4219 
f 4253/4253/4253 4254/4254/4254 4219/4219/4219 
f 4219/4219/4219 4254/4254/4254 4217/4217/4217 
f 4254/4254/4254 4255/4255/4255 4217/4217/4217 
f 4217/4217/4217 4255/4255/4255 4215/4215/4215 
f 4255/4255/4255 4256/4256/4256 4215/4215/4215 
f 4215/4215/4215 4256/4256/4256 4213/4213/4213 
f 4256/4256/4256 4257/4257/4257 4213/4213/4213 
f 4213/4213/4213 4257/4257/4257 4211/4211/4211 
f 4257/4257/4257 4258/4258/4258 4211/4211/4211 
f 4211/4211/4211 4258/4258/4258 4209/4209/4209 
f 4258/4258/4258 4259/4259/4259 4209/4209/4209 
f 4209/4209/4209 4259/4259/4259 4207/4207/4207 
f 4259/4259/4259 4260/4260/4260 4207/4207/4207 
f 4207/4207/4207 4260/4260/4260 4205/4205/4205 
f 4260/4260/4260 4261/4261/4261 4205/4205/4205 
f 4205/4205/4205 4261/4261/4261 4203/4203/4203 
f 4261/4261/4261 4262/4262/4262 4203/4203/4203 
f 4203/4203/4203 4262/4262/4262 4201/4201/4201 
f 4262/4262/4262 4263/4263/4263 4201/4201/4201 
f 4201/4201/4201 4263/4263/4263 4199/4199/4199 
f 4263/4263/4263 4264/4264/4264 4199/4199/4199 
f 4199/4199/4199 4264/4264/4264 4197/4197/4197 
f 4264/4264/4264 4265/4265/4265 4197/4197/4197 
f 4197/4197/4197 4265/4265/4265 4195/4195/4195 
f 4265/4265/4265 4266/4266/4266 4195/4195/4195 
f 4195/4195/4195 4266/4266/4266 4193/4193/4193 
f 4266/4266/4266 4267/4267/4267 4193/4193/4193 
f 4193/4193/4193 4267/4267/4267 4191/4191/4191 
f 4267/4267/4267 4268/4268/4268 4191/4191/4191 
f 4191/4191/4191 4268/4268/4268 4189/4189/4189 
f 4268/4268/4268 4269/4269/4269 4189/4189/4189 
f 4189/4189/4189 4269/4269/4269 4187/4187/4187 
f 4269/4269/4269 4270/4270/4270 4187/4187/4187 
f 4187/4187/4187 4270/4270/4270 4185/4185/4185 
f 4270/4270/4270 4271/4271/4271 4185/4185/4185 
f 4185/4185/4185 4271/4271/4271 4183/4183/4183 
f 4271/4271/4271 4272/4272/4272 4183/4183/4183 
f 4183/4183/4183 4272/4272/4272 4181/4181/4181 
f 4272/4272/4272 4273/4273/4273 4181/4181/4181 
f 4181/4181/4181 4273/4273/4273 4179/4179/4179 
f 4273/4273/4273 4274/4274/4274 4179/4179/4179 
f 4179/4179/4179 4274/4274/4274 4177/4177/4177 
f 4274/4274/4274 4275/4275/4275 4177/4177/4177 
f 4177/4177/4177 4275/4275/4275 4175/4175/4175 
f 4275/4275/4275 4276/4276/4276 4175/4175/4175 
f 4175/4175/4175 4276/4276/4276 4173/4173/4173 
f 4276/4276/4276 4277/4277/4277 4173/4173/4173 
f 4173/4173/4173 4277/4277/4277 4171/4171/4171 
f 4277/4277/4277 4278/4278/4278 4171/4171/4171 
f 4171/4171/4171 4278/4278/4278 4169/4169/4169 
f 4278/4278/4278 4279/4279/4279 4169/4169/4169 
f 4169/4169/4169 4279/4279/4279 4167/4167/4167 
f 4279/4279/4279 4280/4280/4280 4167/4167/4167 
f 4167/4167/4167 4280/4280/4280 4165/4165/4165 
f 4280/4280/4280 4281/4281/4281 4165/4165/4165 
f 4165/4165/4165 4281/4281/4281 4163/4163/4163 
f 4281/4281/4281 4282/4282/4282 4163/4163/4163 
f 4163/4163/4163 4282/4282/4282 4161/4161/4161 
f 4282/4282/4282 4283/4283/4283 4161/4161/4161 
f 4161/4161/4161 4283/4283/4283 4151/4151/4151 
f 4283/4283/4283 4284/4284/4284 4151/4151/4151 
f 4151/4151/4151 4284/4284/4284 4149/4149/4149 
f 4284/4284/4284 4285/4285/4285 4149/4149/4149 
f 4149/4149/4149 4285/4285/4285 4147/4147/4147 
f 4285/4285/4285 4286/4286/4286 4147/4147/4147 
f 4147/4147/4147 4286/4286/4286 4145/4145/4145 
f 4286/4286/4286 4287/4287/4287 4145/4145/4145 
f 4145/4145/4145 4287/4287/4287 4143/4143/4143 
f 4287/4287/4287 4288/4288/4288 4143/4143/4143 
f 4143/4143/4143 4288/4288/4288 4141/4141/4141 
f 4288/4288/4288 4289/4289/4289 4141/4141/4141 
f 4141/4141/4141 4289/4289/4289 4132/4132/4132 
f 4289/4289/4289 4290/4290/4290 4132/4132/4132 
f 4132/4132/4132 4290/4290/4290 4134/4134/4134 
f 4290/4290/4290 4291/4291/4291 4134/4134/4134 
f 4134/4134/4134 4291/4291/4291 4136/4136/4136 
f 4291/4291/4291 4292/4292/4292 4136/4136/4136 
f 4136/4136/4136 4292/4292/4292 4138/4138/4138 
f 4292/4292/4292 4293/4293/4293 4138/4138/4138 
f 4138/4138/4138 4293/4293/4293 4140/4140/4140 
f 4293/4293/4293 4294/4294/4294 4140/4140/4140 
f 4140/4140/4140 4294/4294/4294 4154/4154/4154 
f 4294/4294/4294 4295/4295/4295 4154/4154/4154 
f 4154/4154/4154 4295/4295/4295 4156/4156/4156 
f 4295/4295/4295 4296/4296/4296 4156/4156/4156 
f 4156/4156/4156 4296/4296/4296 4158/4158/4158 
f 4296/4296/4296 4297/4297/4297 4158/4158/4158 
f 4158/4158/4158 4297/4297/4297 4160/4160/4160 
f 4297/4297/4297 4298/4298/4298 4160/4160/4160 
f 4301/4301/4301 4300/4300/4300 4299/4299/4299 
f 4300/4300/4300 4302/4302/4302 4299/4299/4299 
f 4299/4299/4299 4302/4302/4302 4303/4303/4303 
f 4302/4302/4302 4304/4304/4304 4303/4303/4303 
f 4303/4303/4303 4304/4304/4304 4305/4305/4305 
f 4304/4304/4304 4306/4306/4306 4305/4305/4305 
f 4305/4305/4305 4306/4306/4306 4307/4307/4307 
f 4306/4306/4306 4308/4308/4308 4307/4307/4307 
f 4309/4309/4309 4300/4300/4300 4301/4301/4301 
f 4310/4310/4310 4309/4309/4309 4301/4301/4301 
f 4311/4311/4311 4309/4309/4309 4310/4310/4310 
f 4312/4312/4312 4311/4311/4311 4310/4310/4310 
f 4313/4313/4313 4311/4311/4311 4312/4312/4312 
f 4314/4314/4314 4313/4313/4313 4312/4312/4312 
f 4315/4315/4315 4313/4313/4313 4314/4314/4314 
f 4316/4316/4316 4315/4315/4315 4314/4314/4314 
f 4317/4317/4317 4315/4315/4315 4316/4316/4316 
f 4318/4318/4318 4317/4317/4317 4316/4316/4316 
f 4319/4319/4319 4317/4317/4317 4318/4318/4318 
f 4320/4320/4320 4319/4319/4319 4318/4318/4318 
f 4307/4307/4307 4308/4308/4308 4321/4321/4321 
f 4308/4308/4308 4322/4322/4322 4321/4321/4321 
f 4321/4321/4321 4322/4322/4322 4323/4323/4323 
f 4322/4322/4322 4324/4324/4324 4323/4323/4323 
f 4323/4323/4323 4324/4324/4324 4325/4325/4325 
f 4324/4324/4324 4326/4326/4326 4325/4325/4325 
f 4325/4325/4325 4326/4326/4326 4327/4327/4327 
f 4326/4326/4326 4328/4328/4328 4327/4327/4327 
f 4329/4329/4329 4319/4319/4319 4320/4320/4320 
f 4330/4330/4330 4329/4329/4329 4320/4320/4320 
f 4331/4331/4331 4329/4329/4329 4330/4330/4330 
f 4332/4332/4332 4331/4331/4331 4330/4330/4330 
f 4333/4333/4333 4331/4331/4331 4332/4332/4332 
f 4334/4334/4334 4333/4333/4333 4332/4332/4332 
f 4335/4335/4335 4333/4333/4333 4334/4334/4334 
f 4336/4336/4336 4335/4335/4335 4334/4334/4334 
f 4337/4337/4337 4335/4335/4335 4336/4336/4336 
f 4338/4338/4338 4337/4337/4337 4336/4336/4336 
f 4339/4339/4339 4337/4337/4337 4338/4338/4338 
f 4340/4340/4340 4339/4339/4339 4338/4338/4338 
f 4341/4341/4341 4339/4339/4339 4340/4340/4340 
f 4342/4342/4342 4341/4341/4341 4340/4340/4340 
f 4343/4343/4343 4341/4341/4341 4342/4342/4342 
f 4344/4344/4344 4343/4343/4343 4342/4342/4342 
f 4345/4345/4345 4343/4343/4343 4344/4344/4344 
f 4346/4346/4346 4345/4345/4345 4344/4344/4344 
f 4347/4347/4347 4345/4345/4345 4346/4346/4346 
f 4348/4348/4348 4347/4347/4347 4346/4346/4346 
f 4349/4349/4349 4347/4347/4347 4348/4348/4348 
f 4350/4350/4350 4349/4349/4349 4348/4348/4348 
f 4351/4351/4351 4349/4349/4349 4350/4350/4350 
f 4352/4352/4352 4351/4351/4351 4350/4350/4350 
f 4353/4353/4353 4351/4351/4351 4352/4352/4352 
f 4354/4354/4354 4353/4353/4353 4352/4352/4352 
f 4355/4355/4355 4353/4353/4353 4354/4354/4354 
f 4356/4356/4356 4355/4355/4355 4354/4354/4354 
f 4357/4357/4357 4355/4355/4355 4356/4356/4356 
f 4358/4358/4358 4357/4357/4357 4356/4356/4356 
f 4359/4359/4359 4357/4357/4357 4358/4358/4358 
f 4360/4360/4360 4359/4359/4359 4358/4358/4358 
f 4361/4361/4361 4359/4359/4359 4360/4360/4360 
f 4362/4362/4362 4361/4361/4361 4360/4360/4360 
f 4363/4363/4363 4361/4361/4361 4362/4362/4362 
f 4364/4364/4364 4363/4363/4363 4362/4362/4362 
f 4365/4365/4365 4363/4363/4363 4364/4364/4364 
f 4366/4366/4366 4365/4365/4365 4364/4364/4364 
f 4367/4367/4367 4365/4365/4365 4366/4366/4366 
f 4368/4368/4368 4367/4367/4367 4366/4366/4366 
f 4369/4369/4369 4367/4367/4367 4368/4368/4368 
f 4370/4370/4370 4369/4369/4369 4368/4368/4368 
f 4371/4371/4371 4369/4369/4369 4370/4370/4370 
f 4372/4372/4372 4371/4371/4371 4370/4370/4370 
f 4373/4373/4373 4371/4371/4371 4372/4372/4372 
f 4374/4374/4374 4373/4373/4373 4372/4372/4372 
f 4375/4375/4375 4373/4373/4373 4374/4374/4374 
f 4376/4376/4376 4375/4375/4375 4374/4374/4374 
f 4377/4377/4377 4375/4375/4375 4376/4376/4376 
f 4378/4378/4378 4377/4377/4377 4376/4376/4376 
f 4379/4379/4379 4377/4377/4377 4378/4378/4378 
f 4380/4380/4380 4379/4379/4379 4378/4378/4378 
f 4381/4381/4381 4379/4379/4379 4380/4380/4380 
f 4382/4382/4382 4381/4381/4381 4380/4380/4380 
f 4383/4383/4383 4381/4381/4381 4382/4382/4382 
f 4384/4384/4384 4383/4383/4383 4382/4382/4382 
f 4385/4385/4385 4383/4383/4383 4384/4384/4384 
f 4386/4386/4386 4385/4385/4385 4384/4384/4384 
f 4387/4387/4387 4385/4385/4385 4386/4386/4386 
f 4388/4388/4388 4387/4387/4387 4386/4386/4386 
f 4389/4389/4389 4387/4387/4387 4388/4388/4388 
f 4390/4390/4390 4389/4389/4389 4388/4388/4388 
f 4391/4391/4391 4389/4389/4389 4390/4390/4390 
f 4392/4392/4392 4391/4391/4391 4390/4390/4390 
f 4393/4393/4393 4391/4391/4391 4392/4392/4392 
f 4394/4394/4394 4393/4393/4393 4392/4392/4392 
f 4395/4395/4395 4393/4393/4393 4394/4394/4394 
f 4396/4396/4396 4395/4395/4395 4394/4394/4394 
f 4397/4397/4397 4395/4395/4395 4396/4396/4396 
f 4398/4398/4398 4397/4397/4397 4396/4396/4396 
f 4399/4399/4399 4397/4397/4397 4398/4398/4398 
f 4400/4400/4400 4399/4399/4399 4398/4398/4398 
f 4401/4401/4401 4399/4399/4399 4400/4400/4400 
f 4402/4402/4402 4401/4401/4401 4400/4400/4400 
f 4403/4403/4403 4401/4401/4401 4402/4402/4402 
f 4404/4404/4404 4403/4403/4403 4402/4402/4402 
f 4405/4405/4405 4403/4403/4403 4404/4404/4404 
f 4406/4406/4406 4405/4405/4405 4404/4404/4404 
f 4407/4407/4407 4405/4405/4405 4406/4406/4406 
f 4408/4408/4408 4407/4407/4407 4406/4406/4406 
f 4409/4409/4409 4407/4407/4407 4408/4408/4408 
f 4410/4410/4410 4409/4409/4409 4408/4408/4408 
f 4409/4409/4409 4411/4411/4411 4407/4407/4407 
f 4411/4411/4411 4412/4412/4412 4407/4407/4407 
f 4407/4407/4407 4412/4412/4412 4405/4405/4405 
f 4412/4412/4412 4413/4413/4413 4405/4405/4405 
f 4405/4405/4405 4413/4413/4413 4403/4403/4403 
f 4413/4413/4413 4414/4414/4414 4403/4403/4403 
f 4403/4403/4403 4414/4414/4414 4401/4401/4401 
f 4414/4414/4414 4415/4415/4415 4401/4401/4401 
f 4401/4401/4401 4415/4415/4415 4399/4399/4399 
f 4415/4415/4415 4416/4416/4416 4399/4399/4399 
f 4399/4399/4399 4416/4416/4416 4397/4397/4397 
f 4416/4416/4416 4417/4417/4417 4397/4397/4397 
f 4397/4397/4397 4417/4417/4417 4395/4395/4395 
f 4417/4417/4417 4418/4418/4418 4395/4395/4395 
f 4395/4395/4395 4418/4418/4418 4393/4393/4393 
f 4418/4418/4418 4419/4419/4419 4393/4393/4393 
f 4393/4393/4393 4419/4419/4419 4391/4391/4391 
f 4419/4419/4419 4420/4420/4420 4391/4391/4391 
f 4391/4391/4391 4420/4420/4420 4389/4389/4389 
f 4420/4420/4420 4421/4421/4421 4389/4389/4389 
f 4389/4389/4389 4421/4421/4421 4387/4387/4387 
f 4421/4421/4421 4422/4422/4422 4387/4387/4387 
f 4387/4387/4387 4422/4422/4422 4385/4385/4385 
f 4422/4422/4422 4423/4423/4423 4385/4385/4385 
f 4385/4385/4385 4423/4423/4423 4383/4383/4383 
f 4423/4423/4423 4424/4424/4424 4383/4383/4383 
f 4383/4383/4383 4424/4424/4424 4381/4381/4381 
f 4424/4424/4424 4425/4425/4425 4381/4381/4381 
f 4381/4381/4381 4425/4425/4425 4379/4379/4379 
f 4425/4425/4425 4426/4426/4426 4379/4379/4379 
f 4379/4379/4379 4426/4426/4426 4377/4377/4377 
f 4426/4426/4426 4427/4427/4427 4377/4377/4377 
f 4377/4377/4377 4427/4427/4427 4375/4375/4375 
f 4427/4427/4427 4428/4428/4428 4375/4375/4375 
f 4375/4375/4375 4428/4428/4428 4373/4373/4373 
f 4428/4428/4428 4429/4429/4429 4373/4373/4373 
f 4373/4373/4373 4429/4429/4429 4371/4371/4371 
f 4429/4429/4429 4430/4430/4430 4371/4371/4371 
f 4371/4371/4371 4430/4430/4430 4369/4369/4369 
f 4430/4430/4430 4431/4431/4431 4369/4369/4369 
f 4369/4369/4369 4431/4431/4431 4367/4367/4367 
f 4431/4431/4431 4432/4432/4432 4367/4367/4367 
f 4367/4367/4367 4432/4432/4432 4365/4365/4365 
f 4432/4432/4432 4433/4433/4433 4365/4365/4365 
f 4365/4365/4365 4433/4433/4433 4363/4363/4363 
f 4433/4433/4433 4434/4434/4434 4363/4363/4363 
f 4363/4363/4363 4434/4434/4434 4361/4361/4361 
f 4434/4434/4434 4435/4435/4435 4361/4361/4361 
f 4361/4361/4361 4435/4435/4435 4359/4359/4359 
f 4435/4435/4435 4436/4436/4436 4359/4359/4359 
f 4359/4359/4359 4436/4436/4436 4357/4357/4357 
f 4436/4436/4436 4437/4437/4437 4357/4357/4357 
f 4357/4357/4357 4437/4437/4437 4355/4355/4355 
f 4437/4437/4437 4438/4438/4438 4355/4355/4355 
f 4355/4355/4355 4438/4438/4438 4353/4353/4353 
f 4438/4438/4438 4439/4439/4439 4353/4353/4353 
f 4353/4353/4353 4439/4439/4439 4351/4351/4351 
f 4439/4439/4439 4440/4440/4440 4351/4351/4351 
f 4351/4351/4351 4440/4440/4440 4349/4349/4349 
f 4440/4440/4440 4441/4441/4441 4349/4349/4349 
f 4349/4349/4349 4441/4441/4441 4347/4347/4347 
f 4441/4441/4441 4442/4442/4442 4347/4347/4347 
f 4347/4347/4347 4442/4442/4442 4345/4345/4345 
f 4442/4442/4442 4443/4443/4443 4345/4345/4345 
f 4345/4345/4345 4443/4443/4443 4343/4343/4343 
f 4443/4443/4443 4444/4444/4444 4343/4343/4343 
f 4343/4343/4343 4444/4444/4444 4341/4341/4341 
f 4444/4444/4444 4445/4445/4445 4341/4341/4341 
f 4341/4341/4341 4445/4445/4445 4339/4339/4339 
f 4445/4445/4445 4446/4446/4446 4339/4339/4339 
f 4339/4339/4339 4446/4446/4446 4337/4337/4337 
f 4446/4446/4446 4447/4447/4447 4337/4337/4337 
f 4337/4337/4337 4447/4447/4447 4335/4335/4335 
f 4447/4447/4447 4448/4448/4448 4335/4335/4335 
f 4335/4335/4335 4448/4448/4448 4333/4333/4333 
f 4448/4448/4448 4449/4449/4449 4333/4333/4333 
f 4333/4333/4333 4449/4449/4449 4331/4331/4331 
f 4449/4449/4449 4450/4450/4450 4331/4331/4331 
f 4331/4331/4331 4450/4450/4450 4329/4329/4329 
f 4450/4450/4450 4451/4451/4451 4329/4329/4329 
f 4329/4329/4329 4451/4451/4451 4319/4319/4319 
f 4451/4451/4451 4452/4452/4452 4319/4319/4319 
f 4319/4319/4319 4452/4452/4452 4317/4317/4317 
f 4452/4452/4452 4453/4453/4453 4317/4317/4317 
f 4317/4317/4317 4453/4453/4453 4315/4315/4315 
f 4453/4453/4453 4454/4454/4454 4315/4315/4315 
f 4315/4315/4315 4454/4454/4454 4313/4313/4313 
f 4454/4454/4454 4455/4455/4455 4313/4313/4313 
f 4313/4313/4313 4455/4455/4455 4311/4311/4311 
f 4455/4455/4455 4456/4456/4456 4311/4311/4311 
f 4311/4311/4311 4456/4456/4456 4309/4309/4309 
f 4456/4456/4456 4457/4457/4457 4309/4309/4309 
f 4309/4309/4309 4457/4457/4457 4300/4300/4300 
f 4457/4457/4457 4458/4458/4458 4300/4300/4300 
f 4300/4300/4300 4458/4458/4458 4302/4302/4302 
f 4458/4458/4458 4459/4459/4459 4302/4302/4302 
f 4302/4302/4302 4459/4459/4459 4304/4304/4304 
f 4459/4459/4459 4460/4460/4460 4304/4304/4304 
f 4304/4304/4304 4460/4460/4460 4306/4306/4306 
f 4460/4460/4460 4461/4461/4461 4306/4306/4306 
f 4306/4306/4306 4461/4461/4461 4308/4308/4308 
f 4461/4461/4461 4462/4462/4462 4308/4308/4308 
f 4308/4308/4308 4462/4462/4462 4322/4322/4322 
f 4462/4462/4462 4463/4463/4463 4322/4322/4322 
f 4322/4322/4322 4463/4463/4463 4324/4324/4324 
f 4463/4463/4463 4464/4464/4464 4324/4324/4324 
f 4324/4324/4324 4464/4464/4464 4326/4326/4326 
f 4464/4464/4464 4465/4465/4465 4326/4326/4326 
f 4326/4326/4326 4465/4465/4465 4328/4328/4328 
f 4465/4465/4465 4466/4466/4466 4328/4328/4328 
f 4469/4469/4469 4468/4468/4468 4467/4467/4467 
f 4468/4468/4468 4470/4470/4470 4467/4467/4467 
f 4467/4467/4467 4470/4470/4470 4471/4471/4471 
f 4470/4470/4470 4472/4472/4472 4471/4471/4471 
f 4471/4471/4471 4472/4472/4472 4473/4473/4473 
f 4472/4472/4472 4474/4474/4474 4473/4473/4473 
f 4473/4473/4473 4474/4474/4474 4475/4475/4475 
f 4474/4474/4474 4476/4476/4476 4475/4475/4475 
f 4477/4477/4477 4468/4468/4468 4469/4469/4469 
f 4478/4478/4478 4477/4477/4477 4469/4469/4469 
f 4479/4479/4479 4477/4477/4477 4478/4478/4478 
f 4480/4480/4480 4479/4479/4479 4478/4478/4478 
f 4481/4481/4481 4479/4479/4479 4480/4480/4480 
f 4482/4482/4482 4481/4481/4481 4480/4480/4480 
f 4483/4483/4483 4481/4481/4481 4482/4482/4482 
f 4484/4484/4484 4483/4483/4483 4482/4482/4482 
f 4485/4485/4485 4483/4483/4483 4484/4484/4484 
f 4486/4486/4486 4485/4485/4485 4484/4484/4484 
f 4487/4487/4487 4485/4485/4485 4486/4486/4486 
f 4488/4488/4488 4487/4487/4487 4486/4486/4486 
f 4475/4475/4475 4476/4476/4476 4489/4489/4489 
f 4476/4476/4476 4490/4490/4490 4489/4489/4489 
f 4489/4489/4489 4490/4490/4490 4491/4491/4491 
f 4490/4490/4490 4492/4492/4492 4491/4491/4491 
f 4491/4491/4491 4492/4492/4492 4493/4493/4493 
f 4492/4492/4492 4494/4494/4494 4493/4493/4493 
f 4493/4493/4493 4494/4494/4494 4495/4495/4495 
f 4494/4494/4494 4496/4496/4496 4495/4495/4495 
f 4497/4497/4497 4487/4487/4487 4488/4488/4488 
f 4498/4498/4498 4497/4497/4497 4488/4488/4488 
f 4499/4499/4499 4497/4497/4497 4498/4498/4498 
f 4500/4500/4500 4499/4499/4499 4498/4498/4498 
f 4501/4501/4501 4499/4499/4499 4500/4500/4500 
f 4502/4502/4502 4501/4501/4501 4500/4500/4500 
f 4503/4503/4503 4501/4501/4501 4502/4502/4502 
f 4504/4504/4504 4503/4503/4503 4502/4502/4502 
f 4505/4505/4505 4503/4503/4503 4504/4504/4504 
f 4506/4506/4506 4505/4505/4505 4504/4504/4504 
f 4507/4507/4507 4505/4505/4505 4506/4506/4506 
f 4508/4508/4508 4507/4507/4507 4506/4506/4506 
f 4509/4509/4509 4507/4507/4507 4508/4508/4508 
f 4510/4510/4510 4509/4509/4509 4508/4508/4508 
f 4511/4511/4511 4509/4509/4509 4510/4510/4510 
f 4512/4512/4512 4511/4511/4511 4510/4510/4510 
f 4513/4513/4513 4511/4511/4511 4512/4512/4512 
f 4514/4514/4514 4513/4513/4513 4512/4512/4512 
f 4515/4515/4515 4513/4513/4513 4514/4514/4514 
f 4516/4516/4516 4515/4515/4515 4514/4514/4514 
f 4517/4517/4517 4515/4515/4515 4516/4516/4516 
f 4518/4518/4518 4517/4517/4517 4516/4516/4516 
f 4519/4519/4519 4517/4517/4517 4518/4518/4518 
f 4520/4520/4520 4519/4519/4519 4518/4518/4518 
f 4521/4521/4521 4519/4519/4519 4520/4520/4520 
f 4522/4522/4522 4521/4521/4521 4520/4520/4520 
f 4523/4523/4523 4521/4521/4521 4522/4522/4522 
f 4524/4524/4524 4523/4523/4523 4522/4522/4522 
f 4525/4525/4525 4523/4523/4523 4524/4524/4524 
f 4526/4526/4526 4525/4525/4525 4524/4524/4524 
f 4527/4527/4527 4525/4525/4525 4526/4526/4526 
f 4528/4528/4528 4527/4527/4527 4526/4526/4526 
f 4529/4529/4529 4527/4527/4527 4528/4528/4528 
f 4530/4530/4530 4529/4529/4529 4528/4528/4528 
f 4531/4531/4531 4529/4529/4529 4530/4530/4530 
f 4532/4532/4532 4531/4531/4531 4530/4530/4530 
f 4533/4533/4533 4531/4531/4531 4532/4532/4532 
f 4534/4534/4534 4533/4533/4533 4532/4532/4532 
f 4535/4535/4535 4533/4533/4533 4534/4534/4534 
f 4536/4536/4536 4535/4535/4535 4534/4534/4534 
f 4537/4537/4537 4535/4535/4535 4536/4536/4536 
f 4538/4538/4538 4537/4537/4537 4536/4536/4536 
f 4539/4539/4539 4537/4537/4537 4538/4538/4538 
f 4540/4540/4540 4539/4539/4539 4538/4538/4538 
f 4541/4541/4541 4539/4539/4539 4540/4540/4540 
f 4542/4542/4542 4541/4541/4541 4540/4540/4540 
f 4543/4543/4543 4541/4541/4541 4542/4542/4542 
f 4544/4544/4544 4543/4543/4543 4542/4542/4542 
f 4545/4545/4545 4543/4543/4543 4544/4544/4544 
f 4546/4546/4546 4545/4545/4545 4544/4544/4544 
f 4547/4547/4547 4545/4545/4545 4546/4546/4546 
f 4548/4548/4548 4547/4547/4547 4546/4546/4546 
f 4549/4549/4549 4547/4547/4547 4548/4548/4548 
f 4550/4550/4550 4549/4549/4549 4548/4548/4548 
f 4551/4551/4551 4549/4549/4549 4550/4550/4550 
f 4552/4552/4552 4551/4551/4551 4550/4550/4550 
f 4553/4553/4553 4551/4551/4551 4552/4552/4552 
f 4554/4554/4554 4553/4553/4553 4552/4552/4552 
f 4555/4555/4555 4553/4553/4553 4554/4554/4554 
f 4556/4556/4556 4555/4555/4555 4554/4554/4554 
f 4557/4557/4557 4555/4555/4555 4556/4556/4556 
f 4558/4558/4558 4557/4557/4557 4556/4556/4556 
f 4559/4559/4559 4557/4557/4557 4558/4558/4558 
f 4560/4560/4560 4559/4559/4559 4558/4558/4558 
f 4561/4561/4561 4559/4559/4559 4560/4560/4560 
f 4562/4562/4562 4561/4561/4561 4560/4560/4560 
f 4563/4563/4563 4561/4561/4561 4562/4562/4562 
f 4564/4564/4564 4563/4563/4563 4562/4562/4562 
f 4565/4565/4565 4563/4563/4563 4564/4564/4564 
f 4566/4566/4566 4565/4565/4565 4564/4564/4564 
f 4567/4567/4567 4565/4565/4565 4566/4566/4566 
f 4568/4568/4568 4567/4567/4567 4566/4566/4566 
f 4569/4569/4569 4567/4567/4567 4568/4568/4568 
f 4570/4570/4570 4569/4569/4569 4568/4568/4568 
f 4571/4571/4571 4569/4569/4569 4570/4570/4570 
f 4572/4572/4572 4571/4571/4571 4570/4570/4570 
f 4573/4573/4573 4571/4571/4571 4572/4572/4572 
f 4574/4574/4574 4573/4573/4573 4572/4572/4572 
f 4575/4575/4575 4573/4573/4573 4574/4574/4574 
f 4576/4576/4576 4575/4575/4575 4574/4574/4574 
f 4577/4577/4577 4575/4575/4575 4576/4576/4576 
f 4578/4578/4578 4577/4577/4577 4576/4576/4576 

