# Created by DisUnity v0.3.2
v 0.8767576 0.32774204 -0.5460009
v 0.8909779 0.3491842 -0.58808345
v 0.8767576 0.3491842 -0.58808345
v 0.8909779 0.32774204 -0.5460009
v 0.8909779 0.38258117 -0.62148035
v 0.8767576 0.38258117 -0.62148035
v 0.8909779 0.4246638 -0.6429226
v 0.8767576 0.4246638 -0.6429226
v 0.8909779 0.4713128 -0.65031105
v 0.8767576 0.4713128 -0.65031105
v 0.8909779 0.51796174 -0.6429226
v 0.8767576 0.32035366 -0.49935183
v 0.8909779 0.32035366 -0.49935183
v 0.8767576 0.3277421 -0.45270288
v 0.8909779 0.3277421 -0.45270288
v 0.8767576 0.34918424 -0.41062027
v 0.8909779 0.34918424 -0.41062027
v 0.8767576 0.38258117 -0.37722334
v 0.8909779 0.38258117 -0.37722334
v 0.8767576 0.42466384 -0.35578117
v 0.8909779 0.42466384 -0.35578117
v 0.8767576 0.4713128 -0.34839278
v 0.8909779 0.51796174 -0.6429226
v 0.8767576 0.51796174 -0.6429226
v 0.8909779 0.5600443 -0.62148035
v 0.8767576 0.5600443 -0.62148035
v 0.8909779 0.59344125 -0.5880834
v 0.8767576 0.59344125 -0.5880834
v 0.8909779 0.6148834 -0.5460008
v 0.8767576 0.6148834 -0.5460008
v 0.8909779 0.6222719 -0.49935183
v 0.8767576 0.6222719 -0.49935183
v 0.8909779 0.6148834 -0.45270288
v 0.8767576 0.6148834 -0.45270288
v 0.8909779 0.59344125 -0.41062027
v 0.8767576 0.59344125 -0.41062027
v 0.8909779 0.5600443 -0.37722334
v 0.8767576 0.5600443 -0.37722334
v 0.8909779 0.51796174 -0.35578117
v 0.8767576 0.51796174 -0.35578117
v 0.8909779 0.4713128 -0.34839278
v 0.8909779 0.42466384 -0.35578117
v 0.8767576 0.3491842 -0.58808345
v 0.8767576 0.4713128 -0.49935183
v 0.8767576 0.32774204 -0.5460009
v 0.8767576 0.38258117 -0.62148035
v 0.8767576 0.4246638 -0.6429226
v 0.8767576 0.4713128 -0.65031105
v 0.8767576 0.51796174 -0.6429226
v 0.8767576 0.5600443 -0.62148035
v 0.8767576 0.59344125 -0.5880834
v 0.8767576 0.6148834 -0.5460008
v 0.8767576 0.6222719 -0.49935183
v 0.8767576 0.6148834 -0.45270288
v 0.8767576 0.59344125 -0.41062027
v 0.8767576 0.5600443 -0.37722334
v 0.8767576 0.51796174 -0.35578117
v 0.8767576 0.4713128 -0.34839278
v 0.8767576 0.42466384 -0.35578117
v 0.8767576 0.38258117 -0.37722334
v 0.8767576 0.34918424 -0.41062027
v 0.8767576 0.3277421 -0.45270288
v 0.8767576 0.32035366 -0.49935183
v 0.91998464 0.39626938 -0.523735
v 0.91998464 0.4713128 -0.49935183
v 0.91998464 0.40747705 -0.54573125
v 0.91998464 0.42493343 -0.56318754
v 0.91998464 0.4469297 -0.5743952
v 0.91998464 0.4713128 -0.57825714
v 0.91998464 0.49569583 -0.5743952
v 0.91998464 0.51769215 -0.56318754
v 0.91998464 0.53514844 -0.5457312
v 0.91998464 0.546356 -0.52373487
v 0.91998464 0.550218 -0.49935183
v 0.91998464 0.546356 -0.47496882
v 0.91998464 0.53514844 -0.45297253
v 0.91998464 0.51769215 -0.43551627
v 0.91998464 0.4956958 -0.42430854
v 0.91998464 0.4713128 -0.4204467
v 0.91998464 0.44692972 -0.42430854
v 0.91998464 0.42493343 -0.43551627
v 0.91998464 0.40747714 -0.45297253
v 0.91998464 0.39626944 -0.47496882
v 0.91998464 0.39240754 -0.49935183
v 0.8909779 0.32774204 -0.5460009
v 0.8909779 0.3863734 -0.56106395
v 0.8909779 0.3491842 -0.58808345
v 0.8909779 0.37146056 -0.53179586
v 0.8909779 0.4096007 -0.58429116
v 0.8909779 0.38258117 -0.62148035
v 0.8909779 0.43886882 -0.59920406
v 0.8909779 0.4246638 -0.6429226
v 0.8909779 0.4713128 -0.6043427
v 0.8909779 0.4713128 -0.65031105
v 0.8909779 0.50375676 -0.59920406
v 0.8909779 0.51796174 -0.6429226
v 0.8909779 0.5330248 -0.58429116
v 0.8909779 0.5600443 -0.62148035
v 0.8909779 0.55625206 -0.5610639
v 0.8909779 0.59344125 -0.5880834
v 0.8909779 0.5711649 -0.53179574
v 0.8909779 0.6148834 -0.5460008
v 0.8909779 0.5763036 -0.49935183
v 0.8909779 0.6222719 -0.49935183
v 0.8909779 0.5711649 -0.46690792
v 0.8909779 0.6148834 -0.45270288
v 0.8909779 0.55625206 -0.4376398
v 0.8909779 0.59344125 -0.41062027
v 0.8909779 0.5330248 -0.41441256
v 0.8909779 0.5600443 -0.37722334
v 0.8909779 0.5037567 -0.39949965
v 0.8909779 0.51796174 -0.35578117
v 0.8909779 0.4713128 -0.3943611
v 0.8909779 0.4713128 -0.34839278
v 0.8909779 0.43886885 -0.39949965
v 0.8909779 0.42466384 -0.35578117
v 0.8909779 0.4096007 -0.41441256
v 0.8909779 0.38258117 -0.37722334
v 0.8909779 0.38637346 -0.4376398
v 0.8909779 0.34918424 -0.41062027
v 0.8909779 0.37146056 -0.46690792
v 0.8909779 0.3277421 -0.45270288
v 0.8909779 0.36632198 -0.49935183
v 0.8909779 0.32035366 -0.49935183
v 0.8909779 0.37146056 -0.53179586
v 0.91998464 0.40747705 -0.54573125
v 0.8909779 0.3863734 -0.56106395
v 0.91998464 0.39626938 -0.523735
v 0.91998464 0.42493343 -0.56318754
v 0.8909779 0.4096007 -0.58429116
v 0.91998464 0.4469297 -0.5743952
v 0.8909779 0.43886882 -0.59920406
v 0.91998464 0.4713128 -0.57825714
v 0.8909779 0.4713128 -0.6043427
v 0.91998464 0.49569583 -0.5743952
v 0.8909779 0.50375676 -0.59920406
v 0.91998464 0.51769215 -0.56318754
v 0.8909779 0.5330248 -0.58429116
v 0.91998464 0.53514844 -0.5457312
v 0.8909779 0.55625206 -0.5610639
v 0.91998464 0.546356 -0.52373487
v 0.8909779 0.5711649 -0.53179574
v 0.91998464 0.550218 -0.49935183
v 0.8909779 0.5763036 -0.49935183
v 0.91998464 0.546356 -0.47496882
v 0.8909779 0.5711649 -0.46690792
v 0.91998464 0.53514844 -0.45297253
v 0.8909779 0.55625206 -0.4376398
v 0.91998464 0.51769215 -0.43551627
v 0.8909779 0.5330248 -0.41441256
v 0.91998464 0.4956958 -0.42430854
v 0.8909779 0.5037567 -0.39949965
v 0.91998464 0.4713128 -0.4204467
v 0.8909779 0.4713128 -0.3943611
v 0.91998464 0.44692972 -0.42430854
v 0.8909779 0.43886885 -0.39949965
v 0.91998464 0.42493343 -0.43551627
v 0.8909779 0.4096007 -0.41441256
v 0.91998464 0.40747714 -0.45297253
v 0.8909779 0.38637346 -0.4376398
v 0.91998464 0.39626944 -0.47496882
v 0.8909779 0.37146056 -0.46690792
v 0.91998464 0.39240754 -0.49935183
v 0.8909779 0.36632198 -0.49935183
v 0.9277554 0.4152259 -0.60982513
v 0.9371799 0.4279321 -0.65055114
v 0.9363142 0.4031321 -0.643331
v 0.9258941 0.43884358 -0.60561705
v 0.9363142 0.4031321 -0.643331
v 0.9371799 0.4279321 -0.65055114
v 0.93628055 0.39955384 -0.64821243
v 0.93719894 0.42586982 -0.666244
v 0.93630964 0.40039742 -0.6591722
v 0.9258941 0.43884358 -0.60561705
v 0.9257705 0.4147495 -0.60821533
v 0.92399406 0.43849266 -0.60412663
v 0.9277554 0.4152259 -0.60982513
v 0.9258941 0.43884358 -0.60561705
v 0.92399406 0.43849266 -0.60412663
v 0.9250825 0.44094643 -0.60593015
v 0.9257705 0.4147495 -0.60821533
v 0.9277554 0.4152259 -0.60982513
v 0.9260944 0.41241974 -0.61078846
v 0.9260944 0.41241974 -0.61078846
v 0.9363142 0.4031321 -0.643331
v 0.93436736 0.4014379 -0.6425697
v 0.9277554 0.4152259 -0.60982513
v 0.93436736 0.4014379 -0.6425697
v 0.93628055 0.39955384 -0.64821243
v 0.93426365 0.3976003 -0.64798355
v 0.9363142 0.4031321 -0.643331
v 0.93426365 0.3976003 -0.64798355
v 0.93630964 0.40039742 -0.6591722
v 0.93418473 0.39863452 -0.66059554
v 0.93628055 0.39955384 -0.64821243
v 0.93418473 0.39863452 -0.66059554
v 0.9345735 0.40041083 -0.66204727
v 0.93264973 0.39936408 -0.66162694
v 0.93630964 0.40039742 -0.6591722
v 0.9345735 0.40041083 -0.66204727
v 0.93719894 0.42586982 -0.666244
v 0.9353121 0.42540434 -0.6689715
v 0.93630964 0.40039742 -0.6591722
v 0.9353121 0.42540434 -0.6689715
v 0.93719894 0.42586982 -0.666244
v 0.93546605 0.42867178 -0.6665944
v 0.93546605 0.42867178 -0.6665944
v 0.9371799 0.4279321 -0.65055114
v 0.935474 0.4306127 -0.6516258
v 0.93719894 0.42586982 -0.666244
v 0.935474 0.4306127 -0.6516258
v 0.9258941 0.43884358 -0.60561705
v 0.9250825 0.44094643 -0.60593015
v 0.9371799 0.4279321 -0.65055114
v 0.9353121 0.42540434 -0.6689715
v 0.8667901 0.45256457 -0.68438
v 0.86612844 0.44991547 -0.6862892
v 0.93546605 0.42867178 -0.6665944
v 0.93264973 0.39936408 -0.66162694
v 0.86539084 0.42902213 -0.68427414
v 0.8636118 0.42607284 -0.68307966
v 0.9345735 0.40041083 -0.66204727
v 0.86539084 0.42902213 -0.68427414
v 0.9353121 0.42540434 -0.6689715
v 0.86612844 0.44991547 -0.6862892
v 0.9345735 0.40041083 -0.66204727
v 0.935474 0.4306127 -0.6516258
v 0.9218128 0.44438088 -0.6055198
v 0.9289298 0.43920887 -0.63342243
v 0.9250825 0.44094643 -0.60593015
v 0.935474 0.4306127 -0.6516258
v 0.92974615 0.44142663 -0.6373006
v 0.93324375 0.4333152 -0.6544817
v 0.9289298 0.43920887 -0.63342243
v 0.93324375 0.4333152 -0.6544817
v 0.9323507 0.4558996 -0.64840513
v 0.93387085 0.45127448 -0.65633607
v 0.92974615 0.44142663 -0.6373006
v 0.93387085 0.47865963 -0.65633607
v 0.9323507 0.4740345 -0.64840513
v 0.93324375 0.4966189 -0.6544817
v 0.92974615 0.48850745 -0.6373006
v 0.935474 0.4306127 -0.6516258
v 0.93326306 0.432074 -0.6639386
v 0.93546605 0.42867178 -0.6665944
v 0.93324375 0.4333152 -0.6544817
v 0.93546605 0.42867178 -0.6665944
v 0.8661026 0.4540186 -0.67615783
v 0.8652622 0.45405927 -0.6787818
v 0.93326306 0.432074 -0.6639386
v 0.93546605 0.42867178 -0.6665944
v 0.8652622 0.45405927 -0.6787818
v 0.8667901 0.45256457 -0.68438
v 0.93324375 0.4333152 -0.6544817
v 0.93382454 0.45189533 -0.66661406
v 0.93326306 0.432074 -0.6639386
v 0.93387085 0.45127448 -0.65633607
v 0.93382454 0.4780388 -0.66661406
v 0.93382454 0.45189533 -0.66661406
v 0.93387085 0.47865963 -0.65633607
v 0.93324375 0.4966189 -0.6544817
v 0.93382454 0.4780388 -0.66661406
v 0.93326306 0.4978601 -0.6639386
v 0.93326306 0.432074 -0.6639386
v 0.9090527 0.45316523 -0.6708596
v 0.9028187 0.4516975 -0.6715121
v 0.93382454 0.45189533 -0.66661406
v 0.93326306 0.432074 -0.6639386
v 0.88494045 0.45277405 -0.6737652
v 0.8661026 0.4540186 -0.67615783
v 0.9028187 0.4516975 -0.6715121
v 0.8661026 0.4540186 -0.67615783
v 0.88494045 0.45277405 -0.6737652
v 0.8788489 0.4557207 -0.67458534
v 0.8788489 0.46733516 -0.67458534
v 0.8661026 0.46903726 -0.67615783
v 0.88494045 0.47445577 -0.6737652
v 0.9311268 0.45665416 -0.64708495
v 0.92974615 0.44142663 -0.6373006
v 0.9278825 0.44266197 -0.63612115
v 0.9323507 0.4558996 -0.64840513
v 0.9278825 0.44266197 -0.63612115
v 0.9289298 0.43920887 -0.63342243
v 0.92750007 0.44102085 -0.6323342
v 0.92974615 0.44142663 -0.6373006
v 0.92750007 0.44102085 -0.6323342
v 0.9218128 0.44438088 -0.6055198
v 0.91808385 0.4446321 -0.60534406
v 0.9289298 0.43920887 -0.63342243
v 0.91808385 0.4446321 -0.60534406
v 0.9218128 0.44438088 -0.6055198
v 0.91893697 0.44351268 -0.6035897
v 0.91893697 0.44351268 -0.6035897
v 0.9250825 0.44094643 -0.60593015
v 0.92399406 0.43849266 -0.60412663
v 0.9218128 0.44438088 -0.6055198
v 0.91646737 0.45822677 -0.64702165
v 0.9278825 0.44266197 -0.63612115
v 0.9170023 0.4433433 -0.6359926
v 0.9311268 0.45665416 -0.64708495
v 0.9170023 0.4433433 -0.6359926
v 0.92750007 0.44102085 -0.6323342
v 0.9165542 0.4418681 -0.6335001
v 0.9170023 0.4433433 -0.6359926
v 0.9278825 0.44266197 -0.63612115
v 0.92750007 0.44102085 -0.6323342
v 0.9165542 0.4418681 -0.6335001
v 0.92750007 0.44102085 -0.6323342
v 0.91808385 0.4446321 -0.60534406
v 0.91893697 0.44351268 -0.6035897
v 0.9257705 0.4147495 -0.60821533
v 0.91698045 0.41579875 -0.6079037
v 0.92399406 0.43849266 -0.60412663
v 0.91698045 0.41579875 -0.6079037
v 0.9260944 0.41241974 -0.61078846
v 0.91755646 0.41257408 -0.61062634
v 0.9257705 0.4147495 -0.60821533
v 0.91755646 0.41257408 -0.61062634
v 0.93436736 0.4014379 -0.6425697
v 0.9153789 0.40438488 -0.6386593
v 0.9260944 0.41241974 -0.61078846
v 0.93436736 0.4014379 -0.6425697
v 0.9185633 0.39793053 -0.647171
v 0.9153789 0.40438488 -0.6386593
v 0.93426365 0.3976003 -0.64798355
v 0.9185633 0.39793053 -0.647171
v 0.90534973 0.39993858 -0.6451607
v 0.9153789 0.40438488 -0.6386593
v 0.9185633 0.39793053 -0.647171
v 0.93418473 0.39863452 -0.66059554
v 0.9185881 0.39878744 -0.66055256
v 0.93426365 0.3976003 -0.64798355
v 0.83757627 0.39727488 -0.6585677
v 0.82791716 0.39678657 -0.6478537
v 0.9185881 0.39878744 -0.66055256
v 0.93418473 0.39863452 -0.66059554
v 0.93264973 0.39936408 -0.66162694
v 0.9185881 0.39878744 -0.66055256
v 0.93264973 0.39936408 -0.66162694
v 0.8636118 0.42607284 -0.68307966
v 0.9185881 0.39878744 -0.66055256
v 0.8636118 0.42607284 -0.68307966
v 0.8399214 0.39822903 -0.6615007
v 0.9185881 0.39878744 -0.66055256
v 0.8399214 0.39822903 -0.6615007
v 0.83757627 0.39727488 -0.6585677
v 0.83757627 0.39727488 -0.6585677
v 0.8399214 0.39822903 -0.6615007
v 0.83660704 0.3985575 -0.6599697
v 0.83660704 0.3985575 -0.6599697
v 0.8636118 0.42607284 -0.68307966
v 0.8607502 0.42935935 -0.6835035
v 0.8399214 0.39822903 -0.6615007
v 0.8607502 0.42935935 -0.6835035
v 0.8636118 0.42607284 -0.68307966
v 0.86539084 0.42902213 -0.68427414
v 0.8607502 0.42935935 -0.6835035
v 0.86612844 0.44991547 -0.6862892
v 0.8607184 0.45108786 -0.68483657
v 0.86539084 0.42902213 -0.68427414
v 0.8607184 0.45108786 -0.68483657
v 0.8667901 0.45256457 -0.68438
v 0.8616664 0.45386058 -0.683263
v 0.86612844 0.44991547 -0.6862892
v 0.8616664 0.45386058 -0.683263
v 0.8652622 0.45405927 -0.6787818
v 0.8621329 0.45454475 -0.6786189
v 0.8667901 0.45256457 -0.68438
v 0.8621329 0.45454475 -0.6786189
v 0.8661026 0.4540186 -0.67615783
v 0.86277294 0.45470634 -0.6761273
v 0.8652622 0.45405927 -0.6787818
v 0.8607184 0.45108786 -0.68483657
v 0.8465162 0.4534582 -0.6733736
v 0.840056 0.45237708 -0.67085373
v 0.8616664 0.45386058 -0.683263
v 0.840056 0.45237708 -0.67085373
v 0.8465162 0.4534582 -0.6733736
v 0.8392811 0.45494533 -0.66987896
v 0.8392811 0.45494533 -0.66987896
v 0.8621329 0.45454475 -0.6786189
v 0.86277294 0.45470634 -0.6761273
v 0.8465162 0.4534582 -0.6733736
v 0.8465162 0.4534582 -0.6733736
v 0.8616664 0.45386058 -0.683263
v 0.8621329 0.45454475 -0.6786189
v 0.8607184 0.45108786 -0.68483657
v 0.831284 0.43487033 -0.66488206
v 0.8607502 0.42935935 -0.6835035
v 0.840056 0.45237708 -0.67085373
v 0.8167102 0.43780574 -0.6556697
v 0.8392811 0.45494533 -0.66987896
v 0.8228765 0.44971266 -0.6593732
v 0.82722217 0.46012446 -0.6617153
v 0.8392811 0.470884 -0.66987896
v 0.82722217 0.4629314 -0.6617153
v 0.8228765 0.47611666 -0.6593732
v 0.8167102 0.4880236 -0.6556697
v 0.840056 0.47345224 -0.67085373
v 0.831284 0.49095902 -0.66488206
v 0.8607184 0.47474146 -0.68483657
v 0.8607502 0.49646997 -0.6835035
v 0.8607502 0.42935935 -0.6835035
v 0.831284 0.43487033 -0.66488206
v 0.83660704 0.3985575 -0.6599697
v 0.8167102 0.43780574 -0.6556697
v 0.83757627 0.39727488 -0.6585677
v 0.8265136 0.39913154 -0.6553108
v 0.82687473 0.3972593 -0.6535151
v 0.83660704 0.3985575 -0.6599697
v 0.82687473 0.3972593 -0.6535151
v 0.8165654 0.3911602 -0.65507877
v 0.8182692 0.39049056 -0.6539425
v 0.8265136 0.39913154 -0.6553108
v 0.8265136 0.39913154 -0.6553108
v 0.8167102 0.43780574 -0.6556697
v 0.8123782 0.4374199 -0.6536379
v 0.83660704 0.3985575 -0.6599697
v 0.8165654 0.3911602 -0.65507877
v 0.8123782 0.4374199 -0.6536379
v 0.8100399 0.43537167 -0.65311444
v 0.8265136 0.39913154 -0.6553108
v 0.8165654 0.3911602 -0.65507877
v 0.8100399 0.43537167 -0.65311444
v 0.80811524 0.3810165 -0.6553918
v 0.8148992 0.380429 -0.65553135
v 0.8167102 0.43780574 -0.6556697
v 0.81122 0.44167656 -0.6534026
v 0.8123782 0.4374199 -0.6536379
v 0.8228765 0.44971266 -0.6593732
v 0.8100399 0.43537167 -0.65311444
v 0.8123782 0.4374199 -0.6536379
v 0.81122 0.44167656 -0.6534026
v 0.82722217 0.46012446 -0.6617153
v 0.8189251 0.45087576 -0.65833294
v 0.8228765 0.44971266 -0.6593732
v 0.82385755 0.460591 -0.6606635
v 0.81122 0.44167656 -0.6534026
v 0.8189251 0.45087576 -0.65833294
v 0.81032443 0.4435839 -0.6541815
v 0.8228765 0.44971266 -0.6593732
v 0.81122 0.44167656 -0.6534026
v 0.80385333 0.439085 -0.6497541
v 0.8073774 0.43299377 -0.64953506
v 0.81032443 0.4435839 -0.6541815
v 0.8073774 0.43299377 -0.64953506
v 0.8031984 0.431218 -0.6365539
v 0.80712706 0.4275019 -0.6391215
v 0.80385333 0.439085 -0.6497541
v 0.80712706 0.4275019 -0.6391215
v 0.80555457 0.42830086 -0.6293899
v 0.8073423 0.4236478 -0.6308224
v 0.8031984 0.431218 -0.6365539
v 0.8073423 0.4236478 -0.6308224
v 0.812873 0.4284582 -0.6245816
v 0.8126679 0.4230062 -0.6287261
v 0.80555457 0.42830086 -0.6293899
v 0.8073423 0.4236478 -0.6308224
v 0.8077661 0.3805388 -0.63072515
v 0.80594885 0.38819766 -0.63326526
v 0.8126679 0.4230062 -0.6287261
v 0.8077661 0.3805388 -0.63072515
v 0.8100399 0.43537167 -0.65311444
v 0.81122 0.44167656 -0.6534026
v 0.8073774 0.43299377 -0.64953506
v 0.8100399 0.43537167 -0.65311444
v 0.8058078 0.38840052 -0.65165204
v 0.80811524 0.3810165 -0.6553918
v 0.8073774 0.43299377 -0.64953506
v 0.8058078 0.38840052 -0.65165204
v 0.8073423 0.4236478 -0.6308224
v 0.80594885 0.38819766 -0.63326526
v 0.8073774 0.43299377 -0.64953506
v 0.83757627 0.39727488 -0.6585677
v 0.82687473 0.3972593 -0.6535151
v 0.82791716 0.39678657 -0.6478537
v 0.82791716 0.39678657 -0.6478537
v 0.8182692 0.39049056 -0.6539425
v 0.82012856 0.39077035 -0.6465645
v 0.82791716 0.39678657 -0.6478537
v 0.82687473 0.3972593 -0.6535151
v 0.8182692 0.39049056 -0.6539425
v 0.8182692 0.39049056 -0.6539425
v 0.8165654 0.3911602 -0.65507877
v 0.8148992 0.380429 -0.65553135
v 0.8182692 0.39049056 -0.6539425
v 0.8148992 0.380429 -0.65553135
v 0.82012856 0.39077035 -0.6465645
v 0.82791716 0.39678657 -0.6478537
v 0.8182376 0.3900494 -0.63582414
v 0.82835424 0.4068055 -0.6302602
v 0.82791716 0.39678657 -0.6478537
v 0.82012856 0.39077035 -0.6465645
v 0.82835424 0.4068055 -0.6302602
v 0.815423 0.379616 -0.63064003
v 0.8274701 0.40816718 -0.6293275
v 0.8182376 0.3900494 -0.63582414
v 0.8274701 0.40816718 -0.6293275
v 0.8077661 0.3805388 -0.63072515
v 0.8126679 0.4230062 -0.6287261
v 0.83116096 0.42095366 -0.62868375
v 0.815423 0.379616 -0.63064003
v 0.8077661 0.3805388 -0.63072515
v 0.8206866 0.3745096 -0.6306512
v 0.8206866 0.3745096 -0.6306512
v 0.80351925 0.37578407 -0.6307333
v 0.82835424 0.4068055 -0.6302602
v 0.8367909 0.4146447 -0.62583977
v 0.83833665 0.41305494 -0.6258192
v 0.8274701 0.40816718 -0.6293275
v 0.83833665 0.41305494 -0.6258192
v 0.8385656 0.41922385 -0.6206913
v 0.840502 0.41775435 -0.619614
v 0.8367909 0.4146447 -0.62583977
v 0.840502 0.41775435 -0.619614
v 0.8385656 0.41922385 -0.6206913
v 0.84098315 0.4315132 -0.6017121
v 0.8367909 0.4146447 -0.62583977
v 0.8274701 0.40816718 -0.6293275
v 0.83116096 0.42095366 -0.62868375
v 0.8385656 0.41922385 -0.6206913
v 0.83116096 0.42095366 -0.62868375
v 0.834916 0.42423075 -0.6222687
v 0.8367909 0.4146447 -0.62583977
v 0.8385656 0.41922385 -0.6206913
v 0.834916 0.42423075 -0.6222687
v 0.84098315 0.4315132 -0.6017121
v 0.834916 0.42423075 -0.6222687
v 0.8126679 0.4230062 -0.6287261
v 0.812873 0.4284582 -0.6245816
v 0.83116096 0.42095366 -0.62868375
v 0.82835424 0.4068055 -0.6302602
v 0.85017246 0.4032462 -0.6381643
v 0.82791716 0.39678657 -0.6478537
v 0.83833665 0.41305494 -0.6258192
v 0.85017246 0.4032462 -0.6381643
v 0.83833665 0.41305494 -0.6258192
v 0.840502 0.41775435 -0.619614
v 0.84098315 0.4315132 -0.6017121
v 0.84904104 0.43123183 -0.6017124
v 0.84098315 0.4315132 -0.6017121
v 0.812873 0.4284582 -0.6245816
v 0.81315726 0.4369886 -0.60298246
v 0.834916 0.42423075 -0.6222687
v 0.84904104 0.43123183 -0.6017124
v 0.838015 0.4437076 -0.59130645
v 0.8542285 0.4417925 -0.59222066
v 0.84098315 0.4315132 -0.6017121
v 0.8542285 0.4417925 -0.59222066
v 0.8386811 0.46000338 -0.5863698
v 0.85374475 0.45602882 -0.5865209
v 0.838015 0.4437076 -0.59130645
v 0.85374475 0.45602882 -0.5865209
v 0.8387343 0.4615279 -0.5867654
v 0.8542188 0.4615279 -0.58760273
v 0.8386811 0.46000338 -0.5863698
v 0.838015 0.4437076 -0.59130645
v 0.81315726 0.4369886 -0.60298246
v 0.81365895 0.4513451 -0.5928963
v 0.84098315 0.4315132 -0.6017121
v 0.8152425 0.4615279 -0.5904789
v 0.8386811 0.46000338 -0.5863698
v 0.838015 0.4437076 -0.59130645
v 0.81365895 0.4513451 -0.5928963
v 0.8141115 0.4615279 -0.59068924
v 0.8386811 0.46305248 -0.5863698
v 0.8387343 0.4615279 -0.5867654
v 0.8189251 0.45087576 -0.65833294
v 0.80588543 0.45977786 -0.6604282
v 0.80545646 0.45026252 -0.65766263
v 0.82385755 0.460591 -0.6606635
v 0.8189251 0.45087576 -0.65833294
v 0.80385333 0.439085 -0.6497541
v 0.81032443 0.4435839 -0.6541815
v 0.80545646 0.45026252 -0.65766263
v 0.81315726 0.4369886 -0.60298246
v 0.80555457 0.42830086 -0.6293899
v 0.80497205 0.4363282 -0.6044916
v 0.812873 0.4284582 -0.6245816
v 0.81365895 0.4513451 -0.5928963
v 0.80497205 0.4363282 -0.6044916
v 0.8054957 0.45130816 -0.5932475
v 0.81315726 0.4369886 -0.60298246
v 0.81411403 0.4616013 -0.5906767
v 0.8141115 0.4615279 -0.59068924
v 0.8132798 0.4615279 -0.5906977
v 0.80385333 0.439085 -0.6497541
v 0.7990663 0.44886875 -0.6469645
v 0.8031984 0.431218 -0.6365539
v 0.80545646 0.45026252 -0.65766263
v 0.7990663 0.44886875 -0.6469645
v 0.80588543 0.45977786 -0.6604282
v 0.7993653 0.46037403 -0.657791
v 0.80545646 0.45026252 -0.65766263
v 0.8031984 0.431218 -0.6365539
v 0.79568017 0.44917023 -0.64375055
v 0.798316 0.43227136 -0.632084
v 0.7990663 0.44886875 -0.6469645
v 0.8031984 0.431218 -0.6365539
v 0.800705 0.43028906 -0.627065
v 0.80555457 0.42830086 -0.6293899
v 0.798316 0.43227136 -0.632084
v 0.80497205 0.4363282 -0.6044916
v 0.800705 0.43028906 -0.627065
v 0.7977445 0.43366084 -0.6198072
v 0.80555457 0.42830086 -0.6293899
v 0.80497205 0.4363282 -0.6044916
v 0.7977445 0.43366084 -0.6198072
v 0.79937476 0.4402657 -0.6075785
v 0.80497205 0.4363282 -0.6044916
v 0.7996645 0.45175627 -0.5996701
v 0.8054957 0.45130816 -0.5932475
v 0.79937476 0.4402657 -0.6075785
v 0.8054957 0.45130816 -0.5932475
v 0.8000092 0.45885053 -0.59698766
v 0.80592686 0.46088102 -0.59088296
v 0.7996645 0.45175627 -0.5996701
v 0.79937476 0.4402657 -0.6075785
v 0.79823864 0.4434625 -0.6178209
v 0.7996645 0.45175627 -0.5996701
v 0.7977445 0.43366084 -0.6198072
v 0.7996645 0.45175627 -0.5996701
v 0.7937805 0.45529756 -0.6193203
v 0.8000092 0.45885053 -0.59698766
v 0.79823864 0.4434625 -0.6178209
v 0.7921922 0.45998558 -0.6574928
v 0.7990663 0.44886875 -0.6469645
v 0.7993653 0.46037403 -0.657791
v 0.79568017 0.44917023 -0.64375055
v 0.7860261 0.45965168 -0.65723646
v 0.7855961 0.44732052 -0.6439312
v 0.79568017 0.44917023 -0.64375055
v 0.7850147 0.43065673 -0.6323666
v 0.798316 0.43227136 -0.632084
v 0.7855961 0.44732052 -0.6439312
v 0.798316 0.43227136 -0.632084
v 0.78494895 0.42876455 -0.6245211
v 0.800705 0.43028906 -0.627065
v 0.7850147 0.43065673 -0.6323666
v 0.7977445 0.43366084 -0.6198072
v 0.78494895 0.42876455 -0.6245211
v 0.78507775 0.4324468 -0.6195766
v 0.800705 0.43028906 -0.627065
v 0.79823864 0.4434625 -0.6178209
v 0.78507775 0.4324468 -0.6195766
v 0.7855016 0.4445852 -0.6199885
v 0.7977445 0.43366084 -0.6198072
v 0.79823864 0.4434625 -0.6178209
v 0.7858862 0.4555991 -0.61952585
v 0.7937805 0.45529756 -0.6193203
v 0.7855016 0.4445852 -0.6199885
v 0.7937805 0.45529756 -0.6193203
v 0.7859784 0.4582442 -0.62368965
v 0.79439026 0.4584369 -0.6234042
v 0.7858862 0.4555991 -0.61952585
v 0.79439026 0.4584369 -0.6234042
v 0.7859929 0.45867288 -0.63390774
v 0.79249054 0.45849085 -0.6349748
v 0.7859784 0.4582442 -0.62368965
v 0.79249054 0.45849085 -0.6349748
v 0.7858483 0.45453373 -0.63691485
v 0.79287314 0.45512423 -0.6374761
v 0.7859929 0.45867288 -0.63390774
v 0.79287314 0.45512423 -0.6374761
v 0.7857703 0.45230716 -0.6415223
v 0.7927936 0.4528526 -0.6440504
v 0.7858483 0.45453373 -0.63691485
v 0.7927936 0.4528526 -0.6440504
v 0.7868874 0.45565313 -0.65018284
v 0.7933855 0.45548442 -0.650244
v 0.7857703 0.45230716 -0.6415223
v 0.7933855 0.45548442 -0.650244
v 0.7860211 0.45950285 -0.6536893
v 0.7935197 0.45932922 -0.652668
v 0.7868874 0.45565313 -0.65018284
v 0.7935197 0.45932922 -0.652668
v 0.7860261 0.45965168 -0.65723646
v 0.7921922 0.45998558 -0.6574928
v 0.7860211 0.45950285 -0.6536893
v 0.7860261 0.45965168 -0.65723646
v 0.7860211 0.45950285 -0.6536893
v 0.7855961 0.44732052 -0.6439312
v 0.7860261 0.45965168 -0.65723646
v 0.7868874 0.45565313 -0.65018284
v 0.7855961 0.44732052 -0.6439312
v 0.7868874 0.45565313 -0.65018284
v 0.7857703 0.45230716 -0.6415223
v 0.7855961 0.44732052 -0.6439312
v 0.7857703 0.45230716 -0.6415223
v 0.7858483 0.45453373 -0.63691485
v 0.7855961 0.44732052 -0.6439312
v 0.7858862 0.4555991 -0.61952585
v 0.7855016 0.4445852 -0.6199885
v 0.7850147 0.43065673 -0.6323666
v 0.78507775 0.4324468 -0.6195766
v 0.7859784 0.4582442 -0.62368965
v 0.7858862 0.4555991 -0.61952585
v 0.7859929 0.45867288 -0.63390774
v 0.78507775 0.4324468 -0.6195766
v 0.78494895 0.42876455 -0.6245211
v 0.79568017 0.44917023 -0.64375055
v 0.7921922 0.45998558 -0.6574928
v 0.7860261 0.45965168 -0.65723646
v 0.7990663 0.44886875 -0.6469645
v 0.7921922 0.45998558 -0.6574928
v 0.82791716 0.39678657 -0.6478537
v 0.85017246 0.4032462 -0.6381643
v 0.85753006 0.39767995 -0.64492935
v 0.82791716 0.39678657 -0.6478537
v 0.90534973 0.39993858 -0.6451607
v 0.9185633 0.39793053 -0.647171
v 0.85753006 0.39767995 -0.64492935
v 0.8058078 0.38840052 -0.65165204
v 0.80351925 0.37578407 -0.6307333
v 0.80359066 0.37785605 -0.6557063
v 0.80594885 0.38819766 -0.63326526
v 0.8031781 0.36602148 -0.6383116
v 0.80315787 0.36545345 -0.64904463
v 0.8058078 0.38840052 -0.65165204
v 0.80359066 0.37785605 -0.6557063
v 0.80811524 0.3810165 -0.6553918
v 0.80811524 0.3810165 -0.6553918
v 0.8212613 0.37724298 -0.65590316
v 0.8148992 0.380429 -0.65553135
v 0.80811524 0.3810165 -0.6553918
v 0.80359066 0.37785605 -0.6557063
v 0.8212613 0.37724298 -0.65590316
v 0.8212613 0.37724298 -0.65590316
v 0.80315787 0.36545345 -0.64904463
v 0.82114005 0.36463064 -0.6491331
v 0.8212613 0.37724298 -0.65590316
v 0.80359066 0.37785605 -0.6557063
v 0.82114005 0.36463064 -0.6491331
v 0.8031781 0.36602148 -0.6383116
v 0.82064587 0.36550072 -0.637635
v 0.80315787 0.36545345 -0.64904463
v 0.82064587 0.36550072 -0.637635
v 0.80351925 0.37578407 -0.6307333
v 0.8206866 0.3745096 -0.6306512
v 0.8031781 0.36602148 -0.6383116
v 0.80594885 0.38819766 -0.63326526
v 0.8077661 0.3805388 -0.63072515
v 0.80351925 0.37578407 -0.6307333
v 0.8206866 0.3745096 -0.6306512
v 0.8182376 0.3900494 -0.63582414
v 0.8219145 0.38679263 -0.6351615
v 0.8206866 0.3745096 -0.6306512
v 0.815423 0.379616 -0.63064003
v 0.8182376 0.3900494 -0.63582414
v 0.8219145 0.38679263 -0.6351615
v 0.82012856 0.39077035 -0.6465645
v 0.82150024 0.3899836 -0.64627945
v 0.8182376 0.3900494 -0.63582414
v 0.82150024 0.3899836 -0.64627945
v 0.8148992 0.380429 -0.65553135
v 0.8212613 0.37724298 -0.65590316
v 0.82150024 0.3899836 -0.64627945
v 0.82012856 0.39077035 -0.6465645
v 0.8148992 0.380429 -0.65553135
v 0.8219145 0.38679263 -0.6351615
v 0.82114005 0.36463064 -0.6491331
v 0.82064587 0.36550072 -0.637635
v 0.8219145 0.38679263 -0.6351615
v 0.82150024 0.3899836 -0.64627945
v 0.82114005 0.36463064 -0.6491331
v 0.8219145 0.38679263 -0.6351615
v 0.82064587 0.36550072 -0.637635
v 0.8206866 0.3745096 -0.6306512
v 0.82114005 0.36463064 -0.6491331
v 0.82150024 0.3899836 -0.64627945
v 0.8212613 0.37724298 -0.65590316
v 0.93382454 0.45189533 -0.66661406
v 0.9090527 0.47290355 -0.6708596
v 0.9090527 0.45316523 -0.6708596
v 0.93382454 0.4780388 -0.66661406
v 0.9311268 0.45665416 -0.64708495
v 0.9323507 0.4740345 -0.64840513
v 0.9323507 0.4558996 -0.64840513
v 0.9311268 0.47327995 -0.64708495
v 0.91646737 0.47170734 -0.64702165
v 0.9311268 0.45665416 -0.64708495
v 0.91646737 0.45822677 -0.64702165
v 0.9311268 0.47327995 -0.64708495
v 0.82722217 0.46012446 -0.6617153
v 0.82385755 0.46246487 -0.6606635
v 0.82385755 0.460591 -0.6606635
v 0.82722217 0.4629314 -0.6617153
v 0.8152425 0.4615279 -0.5904789
v 0.8141115 0.4615279 -0.59068924
v 0.81411403 0.4616013 -0.5906767
v 0.8152425 0.4615279 -0.5904789
v 0.8387343 0.4615279 -0.5867654
v 0.8386811 0.46000338 -0.5863698
v 0.838015 0.48212177 -0.59130645
v 0.8386811 0.46305248 -0.5863698
v 0.81365895 0.47448424 -0.5928963
v 0.8141115 0.4615279 -0.59068924
v 0.8132798 0.4615279 -0.5906977
v 0.8141115 0.4615279 -0.59068924
v 0.81365895 0.4513451 -0.5928963
v 0.8054957 0.45130816 -0.5932475
v 0.80592686 0.46088102 -0.59088296
v 0.80592686 0.46088102 -0.59088296
v 0.80592686 0.46217483 -0.59088296
v 0.8132798 0.4615279 -0.5906977
v 0.7937805 0.45529756 -0.6193203
v 0.8000092 0.46420532 -0.59698766
v 0.8000092 0.45885053 -0.59698766
v 0.7937805 0.46775827 -0.6193203
v 0.79439026 0.4584369 -0.6234042
v 0.7937805 0.46775827 -0.6193203
v 0.7937805 0.45529756 -0.6193203
v 0.79439026 0.46461895 -0.6234042
v 0.7993653 0.46037403 -0.657791
v 0.7921922 0.46307027 -0.6574928
v 0.7921922 0.45998558 -0.6574928
v 0.7993653 0.46268183 -0.657791
v 0.9277554 0.5147082 -0.60982513
v 0.9371799 0.502002 -0.65055114
v 0.9258941 0.49109054 -0.60561705
v 0.9363142 0.526802 -0.643331
v 0.9363142 0.526802 -0.643331
v 0.93628055 0.53038025 -0.64821243
v 0.9371799 0.502002 -0.65055114
v 0.93719894 0.50406426 -0.666244
v 0.93630964 0.52953666 -0.6591722
v 0.9258941 0.49109054 -0.60561705
v 0.9257705 0.5151846 -0.60821533
v 0.9277554 0.5147082 -0.60982513
v 0.92399406 0.49144146 -0.60412663
v 0.9258941 0.49109054 -0.60561705
v 0.9250825 0.48898768 -0.60593015
v 0.92399406 0.49144146 -0.60412663
v 0.9257705 0.5151846 -0.60821533
v 0.9260944 0.51751435 -0.61078846
v 0.9277554 0.5147082 -0.60982513
v 0.9260944 0.51751435 -0.61078846
v 0.9363142 0.526802 -0.643331
v 0.9277554 0.5147082 -0.60982513
v 0.93436736 0.5284962 -0.6425697
v 0.93436736 0.5284962 -0.6425697
v 0.93628055 0.53038025 -0.64821243
v 0.9363142 0.526802 -0.643331
v 0.93426365 0.5323338 -0.64798355
v 0.93426365 0.5323338 -0.64798355
v 0.93630964 0.52953666 -0.6591722
v 0.93628055 0.53038025 -0.64821243
v 0.93418473 0.5312996 -0.66059554
v 0.93418473 0.5312996 -0.66059554
v 0.9345735 0.52952325 -0.66204727
v 0.93630964 0.52953666 -0.6591722
v 0.93264973 0.53057003 -0.66162694
v 0.9345735 0.52952325 -0.66204727
v 0.93719894 0.50406426 -0.666244
v 0.93630964 0.52953666 -0.6591722
v 0.9353121 0.5045298 -0.6689715
v 0.9353121 0.5045298 -0.6689715
v 0.93546605 0.5012623 -0.6665944
v 0.93719894 0.50406426 -0.666244
v 0.93546605 0.5012623 -0.6665944
v 0.9371799 0.502002 -0.65055114
v 0.93719894 0.50406426 -0.666244
v 0.935474 0.4993214 -0.6516258
v 0.935474 0.4993214 -0.6516258
v 0.9258941 0.49109054 -0.60561705
v 0.9371799 0.502002 -0.65055114
v 0.9250825 0.48898768 -0.60593015
v 0.9353121 0.5045298 -0.6689715
v 0.8667901 0.47326475 -0.68438
v 0.93546605 0.5012623 -0.6665944
v 0.86612844 0.47591388 -0.6862892
v 0.93264973 0.53057003 -0.66162694
v 0.86539084 0.4968072 -0.68427414
v 0.9345735 0.52952325 -0.66204727
v 0.8636118 0.4997565 -0.68307966
v 0.86539084 0.4968072 -0.68427414
v 0.9353121 0.5045298 -0.6689715
v 0.9345735 0.52952325 -0.66204727
v 0.86612844 0.47591388 -0.6862892
v 0.935474 0.4993214 -0.6516258
v 0.9218128 0.48555323 -0.6055198
v 0.9250825 0.48898768 -0.60593015
v 0.9289298 0.49072525 -0.63342243
v 0.935474 0.4993214 -0.6516258
v 0.92974615 0.48850745 -0.6373006
v 0.9289298 0.49072525 -0.63342243
v 0.93324375 0.4966189 -0.6544817
v 0.935474 0.4993214 -0.6516258
v 0.93326306 0.4978601 -0.6639386
v 0.93324375 0.4966189 -0.6544817
v 0.93546605 0.5012623 -0.6665944
v 0.93546605 0.5012623 -0.6665944
v 0.8661026 0.46903726 -0.67615783
v 0.93326306 0.4978601 -0.6639386
v 0.8652622 0.47177005 -0.6787818
v 0.93546605 0.5012623 -0.6665944
v 0.8667901 0.47326475 -0.68438
v 0.8652622 0.47177005 -0.6787818
v 0.93326306 0.4978601 -0.6639386
v 0.9090527 0.47290355 -0.6708596
v 0.93382454 0.4780388 -0.66661406
v 0.9028187 0.4766824 -0.6715121
v 0.93326306 0.4978601 -0.6639386
v 0.88494045 0.47445577 -0.6737652
v 0.9028187 0.4766824 -0.6715121
v 0.8661026 0.46903726 -0.67615783
v 0.9311268 0.47327995 -0.64708495
v 0.92974615 0.48850745 -0.6373006
v 0.9323507 0.4740345 -0.64840513
v 0.9278825 0.48727214 -0.63612115
v 0.9278825 0.48727214 -0.63612115
v 0.9289298 0.49072525 -0.63342243
v 0.92974615 0.48850745 -0.6373006
v 0.92750007 0.48891327 -0.6323342
v 0.92750007 0.48891327 -0.6323342
v 0.9218128 0.48555323 -0.6055198
v 0.9289298 0.49072525 -0.63342243
v 0.91808385 0.485302 -0.60534406
v 0.91808385 0.485302 -0.60534406
v 0.91893697 0.48642144 -0.6035897
v 0.9218128 0.48555323 -0.6055198
v 0.91893697 0.48642144 -0.6035897
v 0.9250825 0.48898768 -0.60593015
v 0.9218128 0.48555323 -0.6055198
v 0.92399406 0.49144146 -0.60412663
v 0.91646737 0.47170734 -0.64702165
v 0.9278825 0.48727214 -0.63612115
v 0.9311268 0.47327995 -0.64708495
v 0.9170023 0.4865908 -0.6359926
v 0.9170023 0.4865908 -0.6359926
v 0.92750007 0.48891327 -0.6323342
v 0.9278825 0.48727214 -0.63612115
v 0.9170023 0.4865908 -0.6359926
v 0.9165542 0.48806602 -0.6335001
v 0.92750007 0.48891327 -0.6323342
v 0.9165542 0.48806602 -0.6335001
v 0.91808385 0.485302 -0.60534406
v 0.92750007 0.48891327 -0.6323342
v 0.91893697 0.48642144 -0.6035897
v 0.9257705 0.5151846 -0.60821533
v 0.92399406 0.49144146 -0.60412663
v 0.91698045 0.51413536 -0.6079037
v 0.91698045 0.51413536 -0.6079037
v 0.9260944 0.51751435 -0.61078846
v 0.9257705 0.5151846 -0.60821533
v 0.91755646 0.51736003 -0.61062634
v 0.91755646 0.51736003 -0.61062634
v 0.93436736 0.5284962 -0.6425697
v 0.9260944 0.51751435 -0.61078846
v 0.9153789 0.52554923 -0.6386593
v 0.93436736 0.5284962 -0.6425697
v 0.9185633 0.5320036 -0.647171
v 0.93426365 0.5323338 -0.64798355
v 0.9153789 0.52554923 -0.6386593
v 0.9185633 0.5320036 -0.647171
v 0.82791716 0.5290428 -0.6478537
v 0.90534973 0.5299955 -0.6451607
v 0.85753006 0.52814937 -0.64492935
v 0.9153789 0.52554923 -0.6386593
v 0.82791716 0.5290428 -0.6478537
v 0.85017246 0.5225831 -0.6381643
v 0.9185633 0.5320036 -0.647171
v 0.93418473 0.5312996 -0.66059554
v 0.93426365 0.5323338 -0.64798355
v 0.9185881 0.53114665 -0.66055256
v 0.83757627 0.52855444 -0.6585677
v 0.82791716 0.5290428 -0.6478537
v 0.82687473 0.52857006 -0.6535151
v 0.9185881 0.53114665 -0.66055256
v 0.93264973 0.53057003 -0.66162694
v 0.93418473 0.5312996 -0.66059554
v 0.9185881 0.53114665 -0.66055256
v 0.8636118 0.4997565 -0.68307966
v 0.93264973 0.53057003 -0.66162694
v 0.8399214 0.5276003 -0.6615007
v 0.9185881 0.53114665 -0.66055256
v 0.83757627 0.52855444 -0.6585677
v 0.8399214 0.5276003 -0.6615007
v 0.83757627 0.52855444 -0.6585677
v 0.83660704 0.5272718 -0.6599697
v 0.8399214 0.5276003 -0.6615007
v 0.83660704 0.5272718 -0.6599697
v 0.8636118 0.4997565 -0.68307966
v 0.8399214 0.5276003 -0.6615007
v 0.8607502 0.49646997 -0.6835035
v 0.8607502 0.49646997 -0.6835035
v 0.86539084 0.4968072 -0.68427414
v 0.8636118 0.4997565 -0.68307966
v 0.8607502 0.49646997 -0.6835035
v 0.86612844 0.47591388 -0.6862892
v 0.86539084 0.4968072 -0.68427414
v 0.8607184 0.47474146 -0.68483657
v 0.8607184 0.47474146 -0.68483657
v 0.8667901 0.47326475 -0.68438
v 0.86612844 0.47591388 -0.6862892
v 0.8616664 0.47196874 -0.683263
v 0.8616664 0.47196874 -0.683263
v 0.8652622 0.47177005 -0.6787818
v 0.8667901 0.47326475 -0.68438
v 0.8621329 0.4712846 -0.6786189
v 0.8621329 0.4712846 -0.6786189
v 0.8661026 0.46903726 -0.67615783
v 0.8652622 0.47177005 -0.6787818
v 0.86277294 0.46834952 -0.6761273
v 0.86277294 0.45470634 -0.6761273
v 0.8661026 0.46903726 -0.67615783
v 0.86277294 0.46834952 -0.6761273
v 0.8661026 0.4540186 -0.67615783
v 0.8607184 0.47474146 -0.68483657
v 0.8465162 0.47237113 -0.6733736
v 0.8616664 0.47196874 -0.683263
v 0.840056 0.47345224 -0.67085373
v 0.840056 0.47345224 -0.67085373
v 0.8392811 0.470884 -0.66987896
v 0.8465162 0.47237113 -0.6733736
v 0.8392811 0.470884 -0.66987896
v 0.8621329 0.4712846 -0.6786189
v 0.8465162 0.47237113 -0.6733736
v 0.86277294 0.46834952 -0.6761273
v 0.8465162 0.47237113 -0.6733736
v 0.8621329 0.4712846 -0.6786189
v 0.8616664 0.47196874 -0.683263
v 0.8392811 0.45494533 -0.66987896
v 0.86277294 0.46834952 -0.6761273
v 0.8392811 0.470884 -0.66987896
v 0.86277294 0.45470634 -0.6761273
v 0.8607502 0.49646997 -0.6835035
v 0.83660704 0.5272718 -0.6599697
v 0.831284 0.49095902 -0.66488206
v 0.8167102 0.4880236 -0.6556697
v 0.83757627 0.52855444 -0.6585677
v 0.8265136 0.5266978 -0.6553108
v 0.83660704 0.5272718 -0.6599697
v 0.82687473 0.52857006 -0.6535151
v 0.82687473 0.52857006 -0.6535151
v 0.8165654 0.53466916 -0.65507877
v 0.8265136 0.5266978 -0.6553108
v 0.8182692 0.53533876 -0.6539425
v 0.8265136 0.5266978 -0.6553108
v 0.8167102 0.4880236 -0.6556697
v 0.83660704 0.5272718 -0.6599697
v 0.8123782 0.48840946 -0.6536379
v 0.8165654 0.53466916 -0.65507877
v 0.8123782 0.48840946 -0.6536379
v 0.8265136 0.5266978 -0.6553108
v 0.8100399 0.49045768 -0.65311444
v 0.8165654 0.53466916 -0.65507877
v 0.80811524 0.54481286 -0.6553918
v 0.8100399 0.49045768 -0.65311444
v 0.8148992 0.5454003 -0.65553135
v 0.8167102 0.4880236 -0.6556697
v 0.81122 0.4841528 -0.6534026
v 0.8228765 0.47611666 -0.6593732
v 0.8123782 0.48840946 -0.6536379
v 0.8100399 0.49045768 -0.65311444
v 0.81122 0.4841528 -0.6534026
v 0.8123782 0.48840946 -0.6536379
v 0.82722217 0.4629314 -0.6617153
v 0.8189251 0.47495356 -0.65833294
v 0.82385755 0.46246487 -0.6606635
v 0.8228765 0.47611666 -0.6593732
v 0.81122 0.4841528 -0.6534026
v 0.8189251 0.47495356 -0.65833294
v 0.8228765 0.47611666 -0.6593732
v 0.81032443 0.48224545 -0.6541815
v 0.81122 0.4841528 -0.6534026
v 0.80385333 0.48674434 -0.6497541
v 0.81032443 0.48224545 -0.6541815
v 0.8073774 0.49283558 -0.64953506
v 0.8073774 0.49283558 -0.64953506
v 0.8031984 0.49461135 -0.6365539
v 0.80385333 0.48674434 -0.6497541
v 0.80712706 0.49832743 -0.6391215
v 0.80712706 0.49832743 -0.6391215
v 0.80555457 0.4975285 -0.6293899
v 0.8031984 0.49461135 -0.6365539
v 0.8073423 0.50218153 -0.6308224
v 0.8073423 0.50218153 -0.6308224
v 0.812873 0.49737114 -0.6245816
v 0.80555457 0.4975285 -0.6293899
v 0.8126679 0.5028231 -0.6287261
v 0.8073423 0.50218153 -0.6308224
v 0.8077661 0.5452905 -0.63072515
v 0.8126679 0.5028231 -0.6287261
v 0.80594885 0.5376317 -0.63326526
v 0.8100399 0.49045768 -0.65311444
v 0.8073774 0.49283558 -0.64953506
v 0.81122 0.4841528 -0.6534026
v 0.8100399 0.49045768 -0.65311444
v 0.8058078 0.5374288 -0.65165204
v 0.8073774 0.49283558 -0.64953506
v 0.80811524 0.54481286 -0.6553918
v 0.8058078 0.5374288 -0.65165204
v 0.8073423 0.50218153 -0.6308224
v 0.8073774 0.49283558 -0.64953506
v 0.80594885 0.5376317 -0.63326526
v 0.82791716 0.5290428 -0.6478537
v 0.8182692 0.53533876 -0.6539425
v 0.82687473 0.52857006 -0.6535151
v 0.82791716 0.5290428 -0.6478537
v 0.82012856 0.535059 -0.6465645
v 0.8182692 0.53533876 -0.6539425
v 0.8182692 0.53533876 -0.6539425
v 0.8148992 0.5454003 -0.65553135
v 0.8165654 0.53466916 -0.65507877
v 0.8182692 0.53533876 -0.6539425
v 0.82012856 0.535059 -0.6465645
v 0.8148992 0.5454003 -0.65553135
v 0.82791716 0.5290428 -0.6478537
v 0.8182376 0.53577995 -0.63582414
v 0.82012856 0.535059 -0.6465645
v 0.82791716 0.5290428 -0.6478537
v 0.82835424 0.51902384 -0.6302602
v 0.82835424 0.51902384 -0.6302602
v 0.815423 0.5462133 -0.63064003
v 0.8182376 0.53577995 -0.63582414
v 0.8274701 0.51766217 -0.6293275
v 0.8274701 0.51766217 -0.6293275
v 0.8077661 0.5452905 -0.63072515
v 0.815423 0.5462133 -0.63064003
v 0.8126679 0.5028231 -0.6287261
v 0.83116096 0.50487566 -0.62868375
v 0.8206866 0.5513197 -0.6306512
v 0.80351925 0.55004525 -0.6307333
v 0.815423 0.5462133 -0.63064003
v 0.82835424 0.51902384 -0.6302602
v 0.8367909 0.51118463 -0.62583977
v 0.8274701 0.51766217 -0.6293275
v 0.83833665 0.5127744 -0.6258192
v 0.83833665 0.5127744 -0.6258192
v 0.8385656 0.5066055 -0.6206913
v 0.8367909 0.51118463 -0.62583977
v 0.840502 0.508075 -0.619614
v 0.840502 0.508075 -0.619614
v 0.84098315 0.49431613 -0.6017121
v 0.8385656 0.5066055 -0.6206913
v 0.8367909 0.51118463 -0.62583977
v 0.83116096 0.50487566 -0.62868375
v 0.8274701 0.51766217 -0.6293275
v 0.8385656 0.5066055 -0.6206913
v 0.83116096 0.50487566 -0.62868375
v 0.8367909 0.51118463 -0.62583977
v 0.834916 0.5015986 -0.6222687
v 0.8385656 0.5066055 -0.6206913
v 0.84098315 0.49431613 -0.6017121
v 0.834916 0.5015986 -0.6222687
v 0.834916 0.5015986 -0.6222687
v 0.8126679 0.5028231 -0.6287261
v 0.83116096 0.50487566 -0.62868375
v 0.812873 0.49737114 -0.6245816
v 0.82835424 0.51902384 -0.6302602
v 0.85017246 0.5225831 -0.6381643
v 0.83833665 0.5127744 -0.6258192
v 0.82791716 0.5290428 -0.6478537
v 0.85017246 0.5225831 -0.6381643
v 0.85017246 0.5225831 -0.6381643
v 0.840502 0.508075 -0.619614
v 0.83833665 0.5127744 -0.6258192
v 0.84098315 0.49431613 -0.6017121
v 0.84904104 0.4945975 -0.6017124
v 0.84098315 0.49431613 -0.6017121
v 0.812873 0.49737114 -0.6245816
v 0.834916 0.5015986 -0.6222687
v 0.81315726 0.48884073 -0.60298246
v 0.84904104 0.4945975 -0.6017124
v 0.838015 0.48212177 -0.59130645
v 0.84098315 0.49431613 -0.6017121
v 0.8542285 0.48403686 -0.59222066
v 0.8542285 0.48403686 -0.59222066
v 0.8386811 0.46305248 -0.5863698
v 0.838015 0.48212177 -0.59130645
v 0.85374475 0.46702704 -0.5865209
v 0.85374475 0.46702704 -0.5865209
v 0.8387343 0.4615279 -0.5867654
v 0.8386811 0.46305248 -0.5863698
v 0.8542188 0.4615279 -0.58760273
v 0.838015 0.48212177 -0.59130645
v 0.81315726 0.48884073 -0.60298246
v 0.84098315 0.49431613 -0.6017121
v 0.81365895 0.47448424 -0.5928963
v 0.8189251 0.47495356 -0.65833294
v 0.80588543 0.463278 -0.6604282
v 0.82385755 0.46246487 -0.6606635
v 0.80545646 0.4755668 -0.65766263
v 0.8189251 0.47495356 -0.65833294
v 0.80385333 0.48674434 -0.6497541
v 0.80545646 0.4755668 -0.65766263
v 0.81032443 0.48224545 -0.6541815
v 0.80588543 0.45977786 -0.6604282
v 0.82385755 0.46246487 -0.6606635
v 0.80588543 0.463278 -0.6604282
v 0.82385755 0.460591 -0.6606635
v 0.81315726 0.48884073 -0.60298246
v 0.80555457 0.4975285 -0.6293899
v 0.812873 0.49737114 -0.6245816
v 0.80497205 0.48950115 -0.6044916
v 0.81365895 0.47448424 -0.5928963
v 0.80497205 0.48950115 -0.6044916
v 0.81315726 0.48884073 -0.60298246
v 0.8054957 0.47452116 -0.5932475
v 0.81411403 0.46145457 -0.5906767
v 0.8132798 0.4615279 -0.5906977
v 0.8141115 0.4615279 -0.59068924
v 0.81365895 0.47448424 -0.5928963
v 0.8054957 0.47452116 -0.5932475
v 0.80592686 0.46217483 -0.59088296
v 0.80385333 0.48674434 -0.6497541
v 0.7990663 0.4769606 -0.6469645
v 0.80545646 0.4755668 -0.65766263
v 0.8031984 0.49461135 -0.6365539
v 0.7990663 0.4769606 -0.6469645
v 0.80588543 0.463278 -0.6604282
v 0.80545646 0.4755668 -0.65766263
v 0.7993653 0.46268183 -0.657791
v 0.7993653 0.46037403 -0.657791
v 0.80588543 0.463278 -0.6604282
v 0.7993653 0.46268183 -0.657791
v 0.80588543 0.45977786 -0.6604282
v 0.8031984 0.49461135 -0.6365539
v 0.79568017 0.47665912 -0.64375055
v 0.7990663 0.4769606 -0.6469645
v 0.798316 0.49355796 -0.632084
v 0.8031984 0.49461135 -0.6365539
v 0.800705 0.49554026 -0.627065
v 0.798316 0.49355796 -0.632084
v 0.80555457 0.4975285 -0.6293899
v 0.80497205 0.48950115 -0.6044916
v 0.800705 0.49554026 -0.627065
v 0.80555457 0.4975285 -0.6293899
v 0.7977445 0.4921685 -0.6198072
v 0.80497205 0.48950115 -0.6044916
v 0.79937476 0.48556364 -0.6075785
v 0.7977445 0.4921685 -0.6198072
v 0.80497205 0.48950115 -0.6044916
v 0.7996645 0.47407305 -0.5996701
v 0.79937476 0.48556364 -0.6075785
v 0.8054957 0.47452116 -0.5932475
v 0.8054957 0.47452116 -0.5932475
v 0.8000092 0.46420532 -0.59698766
v 0.7996645 0.47407305 -0.5996701
v 0.80592686 0.46217483 -0.59088296
v 0.80592686 0.46088102 -0.59088296
v 0.8000092 0.46420532 -0.59698766
v 0.80592686 0.46217483 -0.59088296
v 0.8000092 0.45885053 -0.59698766
v 0.79937476 0.48556364 -0.6075785
v 0.79823864 0.48236686 -0.6178209
v 0.7977445 0.4921685 -0.6198072
v 0.7996645 0.47407305 -0.5996701
v 0.7996645 0.47407305 -0.5996701
v 0.7937805 0.46775827 -0.6193203
v 0.79823864 0.48236686 -0.6178209
v 0.8000092 0.46420532 -0.59698766
v 0.7921922 0.46307027 -0.6574928
v 0.7993653 0.46268183 -0.657791
v 0.7990663 0.4769606 -0.6469645
v 0.79568017 0.47665912 -0.64375055
v 0.7855961 0.47573534 -0.6439312
v 0.7860261 0.46340418 -0.65723646
v 0.79568017 0.47665912 -0.64375055
v 0.7850147 0.49239913 -0.6323666
v 0.7855961 0.47573534 -0.6439312
v 0.798316 0.49355796 -0.632084
v 0.798316 0.49355796 -0.632084
v 0.78494895 0.4942913 -0.6245211
v 0.7850147 0.49239913 -0.6323666
v 0.800705 0.49554026 -0.627065
v 0.7977445 0.4921685 -0.6198072
v 0.78494895 0.4942913 -0.6245211
v 0.800705 0.49554026 -0.627065
v 0.78507775 0.49060905 -0.6195766
v 0.79823864 0.48236686 -0.6178209
v 0.78507775 0.49060905 -0.6195766
v 0.7977445 0.4921685 -0.6198072
v 0.7855016 0.47847065 -0.6199885
v 0.79823864 0.48236686 -0.6178209
v 0.7858862 0.46745676 -0.61952585
v 0.7855016 0.47847065 -0.6199885
v 0.7937805 0.46775827 -0.6193203
v 0.7937805 0.46775827 -0.6193203
v 0.7859784 0.46481165 -0.62368965
v 0.7858862 0.46745676 -0.61952585
v 0.79439026 0.46461895 -0.6234042
v 0.79439026 0.46461895 -0.6234042
v 0.7859929 0.46438298 -0.63390774
v 0.7859784 0.46481165 -0.62368965
v 0.79249054 0.464565 -0.6349748
v 0.79249054 0.464565 -0.6349748
v 0.7858483 0.46852213 -0.63691485
v 0.7859929 0.46438298 -0.63390774
v 0.79287314 0.46793163 -0.6374761
v 0.79287314 0.46793163 -0.6374761
v 0.7857703 0.4707487 -0.6415223
v 0.7858483 0.46852213 -0.63691485
v 0.7927936 0.47020325 -0.6440504
v 0.7927936 0.47020325 -0.6440504
v 0.7868874 0.46740273 -0.65018284
v 0.7857703 0.4707487 -0.6415223
v 0.7933855 0.46757144 -0.650244
v 0.7933855 0.46757144 -0.650244
v 0.7860211 0.463553 -0.6536893
v 0.7868874 0.46740273 -0.65018284
v 0.7935197 0.46372664 -0.652668
v 0.7935197 0.46372664 -0.652668
v 0.7860261 0.46340418 -0.65723646
v 0.7860211 0.463553 -0.6536893
v 0.7921922 0.46307027 -0.6574928
v 0.7860261 0.46340418 -0.65723646
v 0.7860211 0.463553 -0.6536893
v 0.7855961 0.47573534 -0.6439312
v 0.7868874 0.46740273 -0.65018284
v 0.7860261 0.46340418 -0.65723646
v 0.7855961 0.47573534 -0.6439312
v 0.7868874 0.46740273 -0.65018284
v 0.7855961 0.47573534 -0.6439312
v 0.7857703 0.4707487 -0.6415223
v 0.7857703 0.4707487 -0.6415223
v 0.7855961 0.47573534 -0.6439312
v 0.7858483 0.46852213 -0.63691485
v 0.7858862 0.46745676 -0.61952585
v 0.7855016 0.47847065 -0.6199885
v 0.7850147 0.49239913 -0.6323666
v 0.78507775 0.49060905 -0.6195766
v 0.78494895 0.4942913 -0.6245211
v 0.7859784 0.46481165 -0.62368965
v 0.7859929 0.46438298 -0.63390774
v 0.7858862 0.46745676 -0.61952585
v 0.79568017 0.47665912 -0.64375055
v 0.7921922 0.46307027 -0.6574928
v 0.7990663 0.4769606 -0.6469645
v 0.7860261 0.46340418 -0.65723646
v 0.7921922 0.46307027 -0.6574928
v 0.7935197 0.45932922 -0.652668
v 0.7921922 0.46307027 -0.6574928
v 0.7935197 0.46372664 -0.652668
v 0.7921922 0.45998558 -0.6574928
v 0.7927936 0.47020325 -0.6440504
v 0.7927936 0.4528526 -0.6440504
v 0.7933855 0.45548442 -0.650244
v 0.7935197 0.45932922 -0.652668
v 0.7935197 0.46372664 -0.652668
v 0.7933855 0.46757144 -0.650244
v 0.79287314 0.45512423 -0.6374761
v 0.7927936 0.47020325 -0.6440504
v 0.79287314 0.46793163 -0.6374761
v 0.7927936 0.4528526 -0.6440504
v 0.79249054 0.45849085 -0.6349748
v 0.79287314 0.46793163 -0.6374761
v 0.79249054 0.464565 -0.6349748
v 0.79287314 0.45512423 -0.6374761
v 0.79439026 0.4584369 -0.6234042
v 0.79249054 0.464565 -0.6349748
v 0.79439026 0.46461895 -0.6234042
v 0.79249054 0.45849085 -0.6349748
v 0.8058078 0.5374288 -0.65165204
v 0.80351925 0.55004525 -0.6307333
v 0.80594885 0.5376317 -0.63326526
v 0.80359066 0.5479733 -0.6557063
v 0.80359066 0.5479733 -0.6557063
v 0.8031781 0.55980784 -0.6383116
v 0.80315787 0.56037587 -0.64904463
v 0.8058078 0.5374288 -0.65165204
v 0.80811524 0.54481286 -0.6553918
v 0.80359066 0.5479733 -0.6557063
v 0.80811524 0.54481286 -0.6553918
v 0.8212613 0.5485863 -0.65590316
v 0.80359066 0.5479733 -0.6557063
v 0.8148992 0.5454003 -0.65553135
v 0.8212613 0.5485863 -0.65590316
v 0.80315787 0.56037587 -0.64904463
v 0.80359066 0.5479733 -0.6557063
v 0.82114005 0.56119865 -0.6491331
v 0.82114005 0.56119865 -0.6491331
v 0.8031781 0.55980784 -0.6383116
v 0.80315787 0.56037587 -0.64904463
v 0.82064587 0.5603286 -0.637635
v 0.82064587 0.5603286 -0.637635
v 0.80351925 0.55004525 -0.6307333
v 0.8031781 0.55980784 -0.6383116
v 0.8206866 0.5513197 -0.6306512
v 0.80594885 0.5376317 -0.63326526
v 0.80351925 0.55004525 -0.6307333
v 0.8077661 0.5452905 -0.63072515
v 0.8206866 0.5513197 -0.6306512
v 0.8182376 0.53577995 -0.63582414
v 0.815423 0.5462133 -0.63064003
v 0.8206866 0.5513197 -0.6306512
v 0.8219145 0.5390367 -0.6351615
v 0.8182376 0.53577995 -0.63582414
v 0.8219145 0.5390367 -0.6351615
v 0.82012856 0.535059 -0.6465645
v 0.8182376 0.53577995 -0.63582414
v 0.82150024 0.53584576 -0.64627945
v 0.82150024 0.53584576 -0.64627945
v 0.8148992 0.5454003 -0.65553135
v 0.82012856 0.535059 -0.6465645
v 0.82150024 0.53584576 -0.64627945
v 0.8212613 0.5485863 -0.65590316
v 0.8148992 0.5454003 -0.65553135
v 0.8219145 0.5390367 -0.6351615
v 0.82114005 0.56119865 -0.6491331
v 0.82150024 0.53584576 -0.64627945
v 0.82064587 0.5603286 -0.637635
v 0.8212613 0.5485863 -0.65590316
v 0.8219145 0.5390367 -0.6351615
v 0.8206866 0.5513197 -0.6306512
v 0.82064587 0.5603286 -0.637635
v 0.8152425 0.4615279 -0.5904789
v 0.81411403 0.46145457 -0.5906767
v 0.8141115 0.4615279 -0.59068924
v 0.9090527 0.45316523 -0.6708596
v 0.90151364 0.4535359 -0.669773
v 0.9028187 0.4516975 -0.6715121
v 0.90683025 0.45478767 -0.6692165
v 0.9028187 0.4516975 -0.6715121
v 0.88626647 0.45445403 -0.6716946
v 0.88494045 0.45277405 -0.6737652
v 0.90151364 0.4535359 -0.669773
v 0.88494045 0.45277405 -0.6737652
v 0.8810714 0.45696703 -0.67239404
v 0.8788489 0.4557207 -0.67458534
v 0.88626647 0.45445403 -0.6716946
v 0.8788489 0.4557207 -0.67458534
v 0.8810714 0.46687227 -0.67239404
v 0.8788489 0.46733516 -0.67458534
v 0.8810714 0.45696703 -0.67239404
v 0.9028187 0.4766824 -0.6715121
v 0.90683025 0.47162125 -0.6692165
v 0.9090527 0.47290355 -0.6708596
v 0.90151364 0.47484398 -0.669773
v 0.88494045 0.47445577 -0.6737652
v 0.90151364 0.47484398 -0.669773
v 0.9028187 0.4766824 -0.6715121
v 0.88626647 0.47294506 -0.6716946
v 0.8788489 0.46733516 -0.67458534
v 0.88626647 0.47294506 -0.6716946
v 0.88494045 0.47445577 -0.6737652
v 0.8810714 0.46687227 -0.67239404
v 0.9090527 0.47290355 -0.6708596
v 0.90683025 0.45478767 -0.6692165
v 0.9090527 0.45316523 -0.6708596
v 0.90683025 0.47162125 -0.6692165
v 0.90683025 0.45478767 -0.6692165
v 0.90151364 0.4535359 -0.6601732
v 0.90151364 0.4535359 -0.669773
v 0.90683025 0.45478767 -0.6596167
v 0.90151364 0.4535359 -0.669773
v 0.88626647 0.45445403 -0.6620947
v 0.88626647 0.45445403 -0.6716946
v 0.90151364 0.4535359 -0.669773
v 0.90151364 0.4535359 -0.6601732
v 0.88626647 0.45445403 -0.6620947
v 0.88626647 0.45445403 -0.6716946
v 0.8810714 0.45696703 -0.6627942
v 0.8810714 0.45696703 -0.67239404
v 0.88626647 0.45445403 -0.6620947
v 0.8810714 0.45696703 -0.67239404
v 0.8810714 0.46687227 -0.6627942
v 0.8810714 0.46687227 -0.67239404
v 0.8810714 0.45696703 -0.6627942
v 0.90151364 0.47484398 -0.669773
v 0.90683025 0.47162125 -0.6596167
v 0.90683025 0.47162125 -0.6692165
v 0.90151364 0.47484398 -0.6601732
v 0.88626647 0.47294506 -0.6716946
v 0.90151364 0.47484398 -0.6601732
v 0.90151364 0.47484398 -0.669773
v 0.88626647 0.47294506 -0.6716946
v 0.88626647 0.47294506 -0.6620947
v 0.90151364 0.47484398 -0.6601732
v 0.8810714 0.46687227 -0.67239404
v 0.88626647 0.47294506 -0.6620947
v 0.88626647 0.47294506 -0.6716946
v 0.8810714 0.46687227 -0.6627942
v 0.90683025 0.47162125 -0.6692165
v 0.90683025 0.45478767 -0.6596167
v 0.90683025 0.45478767 -0.6692165
v 0.90683025 0.47162125 -0.6596167
v 0.9336322 0.55609167 -0.60115963
v 0.93844444 0.5387077 -0.61015755
v 0.93916595 0.5379481 -0.59963936
v 0.932213 0.55747217 -0.6088544
v 0.93844444 0.5387077 -0.61015755
v 0.9402471 0.5128457 -0.59858835
v 0.93916595 0.5379481 -0.59963936
v 0.9401377 0.5159714 -0.60572577
v 0.9410929 0.4869704 -0.6045544
v 0.94103897 0.4901521 -0.61231035
v 0.9421011 0.4597436 -0.60608757
v 0.9419421 0.46134132 -0.6140739
v 0.94266635 0.44191137 -0.6012621
v 0.9432099 0.42798972 -0.60491735
v 0.94338745 0.42291868 -0.5948108
v 0.94351685 0.41920614 -0.60166097
v 0.94418585 0.39857838 -0.59377944
v 0.94414175 0.3972737 -0.60250443
v 0.94414175 0.3972737 -0.60250443
v 0.93990153 0.37975842 -0.59300125
v 0.94418585 0.39857838 -0.59377944
v 0.9385105 0.37713835 -0.6012794
v 0.94414175 0.3972737 -0.60250443
v 0.90694207 0.36321944 -0.64214104
v 0.9385105 0.37713835 -0.6012794
v 0.905744 0.37799838 -0.65224624
v 0.9126061 0.38768023 -0.6470839
v 0.905744 0.37799838 -0.65224624
v 0.84988827 0.3608942 -0.64280134
v 0.90694207 0.36321944 -0.64214104
v 0.8487214 0.37543908 -0.65265626
v 0.93990153 0.37975842 -0.59300125
v 0.9411404 0.39903662 -0.58980846
v 0.94418585 0.39857838 -0.59377944
v 0.9376526 0.3797354 -0.5899308
v 0.9385105 0.37713835 -0.6012794
v 0.9390542 0.3777827 -0.59370506
v 0.93990153 0.37975842 -0.59300125
v 0.9368784 0.3751386 -0.5993373
v 0.9385105 0.37713835 -0.6012794
v 0.9046345 0.36123174 -0.6396812
v 0.9368784 0.3751386 -0.5993373
v 0.90694207 0.36321944 -0.64214104
v 0.84988827 0.3608942 -0.64280134
v 0.9046345 0.36123174 -0.6396812
v 0.90694207 0.36321944 -0.64214104
v 0.8492651 0.3598927 -0.6395224
v 0.9390542 0.3777827 -0.59370506
v 0.9376526 0.3797354 -0.5899308
v 0.93990153 0.37975842 -0.59300125
v 0.9411404 0.39903662 -0.58980846
v 0.94338745 0.42291868 -0.5948108
v 0.94418585 0.39857838 -0.59377944
v 0.941181 0.42322704 -0.59098595
v 0.941181 0.42322704 -0.59098595
v 0.94266635 0.44191137 -0.6012621
v 0.94338745 0.42291868 -0.5948108
v 0.9396437 0.4426199 -0.5985305
v 0.9396437 0.4426199 -0.5985305
v 0.9421011 0.4597436 -0.60608757
v 0.94266635 0.44191137 -0.6012621
v 0.93989456 0.46123004 -0.60237426
v 0.93989456 0.46123004 -0.60237426
v 0.9410929 0.4869704 -0.6045544
v 0.9421011 0.4597436 -0.60608757
v 0.9390119 0.48650923 -0.6018706
v 0.9390119 0.48650923 -0.6018706
v 0.9402471 0.5128457 -0.59858835
v 0.9410929 0.4869704 -0.6045544
v 0.9372627 0.5108109 -0.59505814
v 0.9372627 0.5108109 -0.59505814
v 0.93916595 0.5379481 -0.59963936
v 0.9402471 0.5128457 -0.59858835
v 0.93717647 0.5369847 -0.5957271
v 0.93717647 0.5369847 -0.5957271
v 0.9336322 0.55609167 -0.60115963
v 0.93916595 0.5379481 -0.59963936
v 0.93102235 0.55571496 -0.5972456
v 0.93102235 0.55571496 -0.5972456
v 0.93062496 0.55826956 -0.6009553
v 0.9336322 0.55609167 -0.60115963
v 0.93062496 0.55826956 -0.6009553
v 0.932213 0.55747217 -0.6088544
v 0.9336322 0.55609167 -0.60115963
v 0.93081146 0.5593869 -0.6064304
v 0.93081146 0.5593869 -0.6064304
v 0.8998717 0.5656875 -0.650646
v 0.932213 0.55747217 -0.6088544
v 0.89742416 0.56770855 -0.64835465
v 0.89742416 0.56770855 -0.64835465
v 0.8427967 0.5639707 -0.65133184
v 0.8998717 0.5656875 -0.650646
v 0.8427506 0.5652936 -0.6481433
v 0.8998717 0.5656875 -0.650646
v 0.93844444 0.5387077 -0.61015755
v 0.932213 0.55747217 -0.6088544
v 0.89973503 0.55006677 -0.6594743
v 0.9072397 0.54135257 -0.6535391
v 0.8427967 0.5639707 -0.65133184
v 0.89973503 0.55006677 -0.6594743
v 0.8998717 0.5656875 -0.650646
v 0.842673 0.54860485 -0.6599304
v 0.842673 0.54860485 -0.6599304
v 0.9072397 0.54135257 -0.6535391
v 0.89973503 0.55006677 -0.6594743
v 0.8437588 0.5361305 -0.65311104
v 0.905744 0.37799838 -0.65224624
v 0.84896123 0.3874368 -0.647869
v 0.8487214 0.37543908 -0.65265626
v 0.9126061 0.38768023 -0.6470839
v 0.94351685 0.41920614 -0.60166097
v 0.92323947 0.4077789 -0.60305023
v 0.94414175 0.3972737 -0.60250443
v 0.94351685 0.41920614 -0.60166097
v 0.934486 0.41876513 -0.60465807
v 0.92323947 0.4077789 -0.60305023
v 0.934486 0.41876513 -0.60465807
v 0.94351685 0.41920614 -0.60166097
v 0.9432099 0.42798972 -0.60491735
v 0.9419421 0.46134132 -0.6140739
v 0.9330168 0.46082366 -0.6162861
v 0.9330168 0.46082366 -0.6162861
v 0.9419421 0.46134132 -0.6140739
v 0.94103897 0.4901521 -0.61231035
v 0.930422 0.49019313 -0.6148337
v 0.9401377 0.5159714 -0.60572577
v 0.930422 0.49019313 -0.6148337
v 0.94103897 0.4901521 -0.61231035
v 0.93015754 0.51444477 -0.6085938
v 0.9401377 0.5159714 -0.60572577
v 0.9245555 0.52653223 -0.6091936
v 0.93015754 0.51444477 -0.6085938
v 0.93844444 0.5387077 -0.61015755
v 0.93844444 0.5387077 -0.61015755
v 0.8965926 0.524525 -0.61240214
v 0.9245555 0.52653223 -0.6091936
v 0.8955027 0.53337884 -0.61300397
v 0.93844444 0.5387077 -0.61015755
v 0.8437588 0.5361305 -0.65311104
v 0.8955027 0.53337884 -0.61300397
v 0.9072397 0.54135257 -0.6535391
v 0.93102235 0.55571496 -0.5972456
v 0.9247609 0.55772835 -0.5999116
v 0.93062496 0.55826956 -0.6009553
v 0.92580074 0.5547029 -0.5967904
v 0.9247609 0.55772835 -0.5999116
v 0.9247609 0.55772835 -0.5999116
v 0.93081146 0.5593869 -0.6064304
v 0.93062496 0.55826956 -0.6009553
v 0.9247609 0.55772835 -0.5999116
v 0.89742416 0.56770855 -0.64835465
v 0.90355855 0.56367 -0.6293331
v 0.8427506 0.5652936 -0.6481433
v 0.86676365 0.56198925 -0.6279406
v 0.8528618 0.5613072 -0.6291363
v 0.84288174 0.56081045 -0.6305346
v 0.8427506 0.5652936 -0.6481433
v 0.93717647 0.5369847 -0.5957271
v 0.92580074 0.5547029 -0.5967904
v 0.93102235 0.55571496 -0.5972456
v 0.92231137 0.53603965 -0.59596056
v 0.9372627 0.5108109 -0.59505814
v 0.92899823 0.511192 -0.59495705
v 0.9390119 0.48650923 -0.6018706
v 0.92899823 0.511192 -0.59495705
v 0.9372627 0.5108109 -0.59505814
v 0.93072486 0.48620006 -0.60173315
v 0.93989456 0.46123004 -0.60237426
v 0.93072486 0.48620006 -0.60173315
v 0.9390119 0.48650923 -0.6018706
v 0.9316063 0.46095508 -0.60223615
v 0.9396437 0.4426199 -0.5985305
v 0.9316063 0.46095508 -0.60223615
v 0.93989456 0.46123004 -0.60237426
v 0.9322557 0.44236183 -0.59853005
v 0.941181 0.42322704 -0.59098595
v 0.9322557 0.44236183 -0.59853005
v 0.9396437 0.4426199 -0.5985305
v 0.9329087 0.42357054 -0.59099174
v 0.941181 0.42322704 -0.59098595
v 0.92775214 0.40968612 -0.5903831
v 0.9329087 0.42357054 -0.59099174
v 0.9411404 0.39903662 -0.58980846
v 0.9411404 0.39903662 -0.58980846
v 0.9035034 0.40723482 -0.5935618
v 0.92775214 0.40968612 -0.5903831
v 0.90151006 0.38659143 -0.59500694
v 0.9411404 0.39903662 -0.58980846
v 0.9311909 0.38267195 -0.58923227
v 0.90151006 0.38659143 -0.59500694
v 0.9376526 0.3797354 -0.5899308
v 0.9376526 0.3797354 -0.5899308
v 0.92984563 0.37767074 -0.59189963
v 0.9311909 0.38267195 -0.58923227
v 0.9390542 0.3777827 -0.59370506
v 0.92984563 0.37767074 -0.59189963
v 0.9368784 0.3751386 -0.5993373
v 0.92984563 0.37767074 -0.59189963
v 0.9390542 0.3777827 -0.59370506
v 0.9368784 0.3751386 -0.5993373
v 0.913064 0.36820567 -0.6189161
v 0.92984563 0.37767074 -0.59189963
v 0.9046345 0.36123174 -0.6396812
v 0.87497276 0.36604667 -0.6210256
v 0.8492651 0.3598927 -0.6395224
v 0.8497245 0.36511433 -0.6231426
v 0.94414175 0.3972737 -0.60250443
v 0.91073585 0.39140436 -0.6462859
v 0.9126061 0.38768023 -0.6470839
v 0.91073585 0.39140436 -0.6462859
v 0.84896123 0.3874368 -0.647869
v 0.9126061 0.38768023 -0.6470839
v 0.9220389 0.39583334 -0.60803235
v 0.84896123 0.3874368 -0.647869
v 0.91073585 0.39140436 -0.6462859
v 0.8481783 0.39102024 -0.626505
v 0.94414175 0.3972737 -0.60250443
v 0.92323947 0.4077789 -0.60305023
v 0.9220389 0.39583334 -0.60803235
v 0.94414175 0.3972737 -0.60250443
vn -0.0 -0.9510567 -0.30901638
vn -0.0 -0.80901694 -0.5877853
vn -0.0 -0.80901694 -0.5877853
vn -0.0 -0.9510567 -0.30901638
vn -0.0 -0.587786 -0.8090164
vn -0.0 -0.587786 -0.8090164
vn -0.0 -0.30901757 -0.9510563
vn -0.0 -0.30901757 -0.9510563
vn -0.0 0.0 -1.0
vn -0.0 0.0 -1.0
vn -0.0 0.30901808 -0.9510562
vn -0.0 -1.0 8.373231E-7
vn -0.0 -1.0 8.373231E-7
vn -0.0 -0.95105684 0.309016
vn -0.0 -0.95105684 0.309016
vn -0.0 -0.80901796 0.587784
vn -0.0 -0.80901796 0.587784
vn -0.0 -0.5877854 0.8090169
vn -0.0 -0.5877854 0.8090169
vn -0.0 -0.30901545 0.951057
vn -0.0 -0.30901545 0.951057
vn -0.0 0.0 1.0
vn -0.0 0.30901808 -0.9510562
vn -0.0 0.30901808 -0.9510562
vn -0.0 0.5877866 -0.809016
vn -0.0 0.5877866 -0.809016
vn -0.0 0.80901736 -0.58778477
vn -0.0 0.80901736 -0.58778477
vn -0.0 0.9510566 -0.30901667
vn -0.0 0.9510566 -0.30901667
vn -0.0 1.0 0.0
vn -0.0 1.0 0.0
vn -0.0 0.9510566 0.30901667
vn -0.0 0.9510566 0.30901667
vn -0.0 0.80901736 0.58778477
vn -0.0 0.80901736 0.58778477
vn -0.0 0.58778554 0.80901676
vn -0.0 0.58778554 0.80901676
vn -0.0 0.30901587 0.9510569
vn -0.0 0.30901587 0.9510569
vn -0.0 0.0 1.0
vn -0.0 -0.30901545 0.951057
vn -1.0 8.667209E-7 0.0
vn -1.0 0.0 0.0
vn -1.0 8.667209E-7 0.0
vn -1.0 0.0 0.0
vn -1.0 -1.7334387E-6 0.0
vn -1.0 0.0 0.0
vn -1.0 1.7334387E-6 0.0
vn -1.0 -8.667209E-7 0.0
vn -1.0 -8.667209E-7 0.0
vn -1.0 0.0 0.0
vn -1.0 0.0 0.0
vn -1.0 0.0 0.0
vn -1.0 0.0 0.0
vn -1.0 0.0 0.0
vn -1.0 0.0 0.0
vn -1.0 0.0 0.0
vn -1.0 0.0 0.0
vn -1.0 8.667209E-7 0.0
vn -1.0 8.667209E-7 0.0
vn -1.0 0.0 0.0
vn -1.0 0.0 0.0
vn 1.0 0.0 0.0
vn 1.0 0.0 0.0
vn 1.0 1.5861988E-6 0.0
vn 1.0 1.5861988E-6 0.0
vn 1.0 0.0 0.0
vn 1.0 0.0 0.0
vn 1.0 0.0 0.0
vn 1.0 0.0 0.0
vn 1.0 -1.5861938E-6 0.0
vn 1.0 -1.5861938E-6 0.0
vn 1.0 0.0 0.0
vn 1.0 0.0 0.0
vn 1.0 0.0 0.0
vn 1.0 0.0 0.0
vn 1.0 0.0 0.0
vn 1.0 0.0 0.0
vn 1.0 0.0 0.0
vn 1.0 0.0 0.0
vn 1.0 0.0 0.0
vn 1.0 0.0 0.0
vn 1.0 0.0 0.0
vn 1.0 -1.2590568E-6 0.0
vn 1.0 -1.2590568E-6 0.0
vn 1.0 -1.2590568E-6 0.0
vn 1.0 -1.2590568E-6 0.0
vn 1.0 0.0 0.0
vn 1.0 0.0 0.0
vn 1.0 0.0 0.0
vn 1.0 0.0 0.0
vn 1.0 -1.6787396E-6 0.0
vn 1.0 -1.6787396E-6 0.0
vn 1.0 1.6787396E-6 0.0
vn 1.0 1.6787396E-6 0.0
vn 1.0 -1.6787396E-6 0.0
vn 1.0 -1.6787396E-6 0.0
vn 1.0 0.0 0.0
vn 1.0 0.0 0.0
vn 1.0 0.0 0.0
vn 1.0 0.0 0.0
vn 1.0 0.0 0.0
vn 1.0 0.0 0.0
vn 1.0 0.0 0.0
vn 1.0 0.0 0.0
vn 1.0 0.0 0.0
vn 1.0 0.0 0.0
vn 1.0 0.0 0.0
vn 1.0 0.0 0.0
vn 1.0 0.0 0.0
vn 1.0 0.0 0.0
vn 1.0 1.6787413E-6 0.0
vn 1.0 1.6787413E-6 0.0
vn 1.0 -1.678741E-6 0.0
vn 1.0 -1.678741E-6 0.0
vn 1.0 0.0 0.0
vn 1.0 0.0 0.0
vn 1.0 0.0 0.0
vn 1.0 0.0 0.0
vn 1.0 0.0 0.0
vn 1.0 0.0 0.0
vn 1.0 0.0 0.0
vn 1.0 0.0 0.0
vn 0.66867423 -0.70716333 -0.22977099
vn 0.66867423 -0.6015484 -0.4370519
vn 0.66867423 -0.6015484 -0.4370519
vn 0.66867423 -0.70716333 -0.22977099
vn 0.6686742 -0.43705097 -0.601549
vn 0.6686742 -0.43705097 -0.601549
vn 0.6686744 -0.22977158 -0.70716304
vn 0.6686744 -0.22977158 -0.70716304
vn 0.66867423 7.277008E-7 -0.74355555
vn 0.66867423 7.277008E-7 -0.74355555
vn 0.66867393 0.22977276 -0.70716316
vn 0.66867393 0.22977276 -0.70716316
vn 0.66867375 0.43705195 -0.6015488
vn 0.66867375 0.43705195 -0.6015488
vn 0.6686743 0.601549 -0.43705073
vn 0.6686743 0.601549 -0.43705073
vn 0.6686752 0.7071624 -0.22977139
vn 0.6686752 0.7071624 -0.22977139
vn 0.66867566 0.7435541 1.1253105E-7
vn 0.66867566 0.7435541 1.1253105E-7
vn 0.6686753 0.7071622 0.22977157
vn 0.6686753 0.7071622 0.22977157
vn 0.66867465 0.6015487 0.43705073
vn 0.66867465 0.6015487 0.43705073
vn 0.66867465 0.43705133 0.6015483
vn 0.66867465 0.43705133 0.6015483
vn 0.66867477 0.22977157 0.7071626
vn 0.66867477 0.22977157 0.7071626
vn 0.6686747 0.0 0.743555
vn 0.6686747 0.0 0.743555
vn 0.66867524 -0.2297715 0.70716226
vn 0.66867524 -0.2297715 0.70716226
vn 0.66867477 -0.43705076 0.6015486
vn 0.66867477 -0.43705076 0.6015486
vn 0.66867495 -0.60154796 0.43705124
vn 0.66867495 -0.60154796 0.43705124
vn 0.6686752 -0.7071624 0.22977126
vn 0.6686752 -0.7071624 0.22977126
vn 0.66867447 -0.74355525 8.77742E-7
vn 0.66867447 -0.74355525 8.77742E-7
vn 0.9712425 0.034627505 0.235561
vn 0.9712425 0.034627505 0.235561
vn 0.9712425 0.034627505 0.235561
vn 0.9712425 0.034627505 0.235561
vn 0.9994193 -0.030396797 0.015399214
vn 0.9994193 -0.030396797 0.015399214
vn 0.9994193 -0.030396797 0.015399214
vn 0.9994623 -0.032621503 0.0032940647
vn 0.9994623 -0.032621503 0.0032940647
vn 0.6325814 -0.086247966 0.76967657
vn 0.6325814 -0.086247966 0.76967657
vn 0.6325814 -0.086247966 0.76967657
vn 0.6325814 -0.086247966 0.76967657
vn 0.54560536 0.32556352 0.7722197
vn 0.54560536 0.32556352 0.7722197
vn 0.54560536 0.32556352 0.7722197
vn 0.60068727 -0.5535737 0.5768283
vn 0.60068727 -0.5535737 0.5768283
vn 0.60068727 -0.5535737 0.5768283
vn 0.709733 -0.586489 0.3902687
vn 0.709733 -0.586489 0.3902687
vn 0.709733 -0.586489 0.3902687
vn 0.709733 -0.586489 0.3902687
vn 0.66727275 -0.60855746 0.42942396
vn 0.66727275 -0.60855746 0.42942396
vn 0.66727275 -0.60855746 0.42942396
vn 0.66727275 -0.60855746 0.42942396
vn 0.6761731 -0.73430103 -0.059933037
vn 0.6761731 -0.73430103 -0.059933037
vn 0.6761731 -0.73430103 -0.059933037
vn 0.6761731 -0.73430103 -0.059933037
vn 0.5566893 -0.5953528 -0.57935476
vn 0.5566893 -0.5953528 -0.57935476
vn 0.5566893 -0.5953528 -0.57935476
vn 0.5566893 -0.5953528 -0.57935476
vn 0.8334219 -0.17249466 -0.5250272
vn 0.8334219 -0.17249466 -0.5250272
vn 0.8334219 -0.17249466 -0.5250272
vn 0.8334219 -0.17249466 -0.5250272
vn 0.72916675 0.37979877 -0.56927043
vn 0.72916675 0.37979877 -0.56927043
vn 0.72916675 0.37979877 -0.56927043
vn 0.853007 0.5175469 -0.06726284
vn 0.853007 0.5175469 -0.06726284
vn 0.853007 0.5175469 -0.06726284
vn 0.853007 0.5175469 -0.06726284
vn 0.869457 0.48492798 0.094283536
vn 0.869457 0.48492798 0.094283536
vn 0.869457 0.48492798 0.094283536
vn 0.869457 0.48492798 0.094283536
vn 0.375905 0.50910586 -0.7742781
vn 0.375905 0.50910586 -0.7742781
vn 0.375905 0.50910586 -0.7742781
vn 0.375905 0.50910586 -0.7742781
vn 0.09983007 -0.45090896 -0.88696957
vn 0.09983007 -0.45090896 -0.88696957
vn 0.09983007 -0.45090896 -0.88696957
vn 0.09983007 -0.45090896 -0.88696957
vn 0.20018609 -0.19354746 -0.96045035
vn 0.20018609 -0.19354746 -0.96045035
vn 0.20018609 -0.19354746 -0.96045035
vn 0.20018609 -0.19354746 -0.96045035
vn 0.8302329 0.55145085 0.08133408
vn 0.8302329 0.55145085 0.08133408
vn 0.8302329 0.55145085 0.08133408
vn 0.8302329 0.55145085 0.08133408
vn 0.9219054 0.37843305 0.08293929
vn 0.9219054 0.37843305 0.08293929
vn 0.9219054 0.37843305 0.08293929
vn 0.9219054 0.37843305 0.08293929
vn 0.9788858 -0.016121604 0.20377088
vn 0.9788858 -0.016121604 0.20377088
vn 0.9788858 -0.016121604 0.20377088
vn 0.9788858 -0.016121604 0.20377088
vn 0.98212135 0.0 0.18824877
vn 0.98212135 0.0 0.18824877
vn 0.978886 0.016118558 0.20377044
vn 0.978886 0.016118558 0.20377044
vn 0.80801153 0.5842777 -0.07574298
vn 0.80801153 0.5842777 -0.07574298
vn 0.80801153 0.5842777 -0.07574298
vn 0.80801153 0.5842777 -0.07574298
vn 0.36147106 0.82596546 -0.43257347
vn 0.36147106 0.82596546 -0.43257347
vn 0.36147106 0.82596546 -0.43257347
vn 0.36147106 0.82596546 -0.43257347
vn 0.3589522 0.92153496 -0.14807631
vn 0.3589522 0.92153496 -0.14807631
vn 0.3589522 0.92153496 -0.14807631
vn 0.99950415 -0.03148452 -3.7827276E-4
vn 0.99950415 -0.03148452 -3.7827276E-4
vn 0.99950415 -0.03148452 -3.7827276E-4
vn 0.99950415 -0.03148452 -3.7827276E-4
vn 0.99998987 0.0 -0.004505706
vn 0.99998987 0.0 -0.004505706
vn 0.99998987 0.0 -0.004505706
vn 0.99950415 0.031484537 -3.7800233E-4
vn 0.99950415 0.031484537 -3.7800233E-4
vn 0.99950415 0.031484537 -3.7800233E-4
vn 0.15533672 -0.14246862 -0.97753423
vn 0.15533672 -0.14246862 -0.97753423
vn 0.15533672 -0.14246862 -0.97753423
vn 0.15533672 -0.14246862 -0.97753423
vn 0.110130556 -0.20462897 -0.9726244
vn 0.110130556 -0.20462897 -0.9726244
vn 0.110130556 -0.20462897 -0.9726244
vn 0.110130556 -0.20462897 -0.9726244
vn 0.12479565 -0.01811276 -0.99201715
vn 0.12479565 -0.01811276 -0.99201715
vn 0.12479565 -0.01811276 -0.99201715
vn 0.12356303 0.00858651 -0.9922996
vn 0.12356303 0.00858651 -0.9922996
vn 0.12356303 0.00858651 -0.9922996
vn 0.7134894 0.33182964 0.6171077
vn 0.7134894 0.33182964 0.6171077
vn 0.7134894 0.33182964 0.6171077
vn 0.7134894 0.33182964 0.6171077
vn 0.7555331 0.5300396 0.38500357
vn 0.7555331 0.5300396 0.38500357
vn 0.7555331 0.5300396 0.38500357
vn 0.7555331 0.5300396 0.38500357
vn 0.36264202 0.93107986 -0.0397627
vn 0.36264202 0.93107986 -0.0397627
vn 0.36264202 0.93107986 -0.0397627
vn 0.36264202 0.93107986 -0.0397627
vn 0.08170814 0.8577277 0.5075696
vn 0.08170814 0.8577277 0.5075696
vn 0.08170814 0.8577277 0.5075696
vn 0.45999175 0.3622044 0.8106884
vn 0.45999175 0.3622044 0.8106884
vn 0.45999175 0.3622044 0.8106884
vn 0.45999175 0.3622044 0.8106884
vn 0.059055302 0.6013368 0.79681027
vn 0.059055302 0.6013368 0.79681027
vn 0.059055302 0.6013368 0.79681027
vn 0.059055302 0.6013368 0.79681027
vn 0.041210566 0.8928145 0.44853532
vn 0.041210566 0.8928145 0.44853532
vn 0.041210566 0.8928145 0.44853532
vn 0.041210566 0.8928145 0.44853532
vn 0.041210566 0.8928145 0.44853532
vn 0.041210566 0.8928145 0.44853532
vn 0.087568395 0.99091953 -0.102030516
vn 0.087568395 0.99091953 -0.102030516
vn 0.087568395 0.99091953 -0.102030516
vn -0.0101445485 -0.1611203 0.9868826
vn -0.0101445485 -0.1611203 0.9868826
vn -0.0101445485 -0.1611203 0.9868826
vn -0.0101445485 -0.1611203 0.9868826
vn -0.028364649 -0.69217026 0.7211767
vn -0.028364649 -0.69217026 0.7211767
vn -0.028364649 -0.69217026 0.7211767
vn -0.028364649 -0.69217026 0.7211767
vn -0.063082084 -0.9522371 0.2987726
vn -0.063082084 -0.9522371 0.2987726
vn -0.063082084 -0.9522371 0.2987726
vn -0.063082084 -0.9522371 0.2987726
vn 0.005096051 -0.8036501 0.5950803
vn 0.005096051 -0.8036501 0.5950803
vn 0.005096051 -0.8036501 0.5950803
vn 0.005096051 -0.8036501 0.5950803
vn 0.005096051 -0.8036501 0.5950803
vn -0.031119457 -0.8020017 0.5965106
vn -0.031119457 -0.8020017 0.5965106
vn -0.017377276 -0.99721587 -0.07251612
vn -0.017377276 -0.99721587 -0.07251612
vn -0.017377276 -0.99721587 -0.07251612
vn -0.017377276 -0.99721587 -0.07251612
vn 0.015077755 -0.9986507 -0.04969336
vn 0.015077755 -0.9986507 -0.04969336
vn -0.009639244 -0.82310385 -0.56780905
vn -0.009639244 -0.82310385 -0.56780905
vn -0.009639244 -0.82310385 -0.56780905
vn -0.02913302 -0.6706378 -0.74121267
vn -0.02913302 -0.6706378 -0.74121267
vn -0.02913302 -0.6706378 -0.74121267
vn 0.013857291 -0.61985195 -0.78459644
vn 0.013857291 -0.61985195 -0.78459644
vn 0.013857291 -0.61985195 -0.78459644
vn 0.010404294 -0.95330566 -0.30182797
vn 0.010404294 -0.95330566 -0.30182797
vn 0.010404294 -0.95330566 -0.30182797
vn -0.31578407 -0.79864126 -0.5123012
vn -0.31578407 -0.79864126 -0.5123012
vn -0.31578407 -0.79864126 -0.5123012
vn -0.36546654 -0.36169237 -0.8576788
vn -0.36546654 -0.36169237 -0.8576788
vn -0.36546654 -0.36169237 -0.8576788
vn -0.36546654 -0.36169237 -0.8576788
vn -0.17691095 -0.27588573 -0.9447696
vn -0.17691095 -0.27588573 -0.9447696
vn -0.17691095 -0.27588573 -0.9447696
vn -0.22578259 -0.07257436 -0.97147065
vn -0.22578259 -0.07257436 -0.97147065
vn -0.22578259 -0.07257436 -0.97147065
vn -0.22578259 -0.07257436 -0.97147065
vn -0.07243669 0.554176 -0.82924175
vn -0.07243669 0.554176 -0.82924175
vn -0.07243669 0.554176 -0.82924175
vn -0.07243669 0.554176 -0.82924175
vn 0.17951296 0.9658447 -0.18686679
vn 0.17951296 0.9658447 -0.18686679
vn 0.17951296 0.9658447 -0.18686679
vn 0.17951296 0.9658447 -0.18686679
vn 0.17607635 0.9815795 -0.07415396
vn 0.17607635 0.9815795 -0.07415396
vn 0.17607635 0.9815795 -0.07415396
vn 0.17607635 0.9815795 -0.07415396
vn -0.41534686 0.63958484 -0.64685255
vn -0.41534686 0.63958484 -0.64685255
vn -0.41534686 0.63958484 -0.64685255
vn -0.41534686 0.63958484 -0.64685255
vn -0.3864033 0.2230572 -0.8949514
vn -0.3864033 0.2230572 -0.8949514
vn -0.3864033 0.2230572 -0.8949514
vn -0.13744959 0.90575826 -0.4008859
vn -0.13744959 0.90575826 -0.4008859
vn -0.13744959 0.90575826 -0.4008859
vn -0.13744959 0.90575826 -0.4008859
vn -0.11339009 0.9845204 -0.13364983
vn -0.11339009 0.9845204 -0.13364983
vn -0.11339009 0.9845204 -0.13364983
vn -0.54811686 -0.033496745 -0.83573073
vn -0.54811686 -0.033496745 -0.83573073
vn -0.54811686 -0.033496745 -0.83573073
vn -0.54811686 -0.033496745 -0.83573073
vn -0.5501385 0.011309046 -0.8349969
vn -0.5501385 0.011309046 -0.8349969
vn -0.54588914 0.030310292 -0.83730894
vn -0.54588914 0.030310292 -0.83730894
vn -0.55014026 -0.011308612 -0.8349957
vn -0.56060565 0.0 -0.8280829
vn -0.54508287 -0.026467502 -0.8379643
vn -0.55014026 -0.011308612 -0.8349957
vn -0.5481172 0.033495646 -0.83573055
vn -0.5481172 0.033495646 -0.83573055
vn -0.5481172 0.033495646 -0.83573055
vn -0.5481172 0.033495646 -0.83573055
vn -0.5496581 -0.19059889 -0.813356
vn -0.5496581 -0.19059889 -0.813356
vn -0.5496581 -0.19059889 -0.813356
vn -0.5516735 -0.19070886 -0.8119646
vn -0.30149755 -0.73845035 -0.6031503
vn -0.30149755 -0.73845035 -0.6031503
vn -0.30149755 -0.73845035 -0.6031503
vn -0.30149755 -0.73845035 -0.6031503
vn 0.41972893 -0.51842016 -0.7450289
vn 0.41972893 -0.51842016 -0.7450289
vn 0.41972893 -0.51842016 -0.7450289
vn 0.41972893 -0.51842016 -0.7450289
vn -0.41921163 -0.114624776 -0.90062356
vn -0.41921163 -0.114624776 -0.90062356
vn -0.41921163 -0.114624776 -0.90062356
vn -0.41921163 -0.114624776 -0.90062356
vn -0.0806099 0.023739822 -0.99646294
vn -0.0806099 0.023739822 -0.99646294
vn -0.0806099 0.023739822 -0.99646294
vn -0.0806099 0.023739822 -0.99646294
vn -0.013836828 0.04234496 -0.9990072
vn -0.013836828 0.04234496 -0.9990072
vn -0.013836828 0.04234496 -0.9990072
vn -0.016671263 0.04471429 -0.9988607
vn -0.41933477 -0.06438132 -0.90554595
vn -0.41933477 -0.06438132 -0.90554595
vn -0.41933477 -0.06438132 -0.90554595
vn -0.41933477 -0.06438132 -0.90554595
vn -0.21478991 -0.0044433037 -0.9766502
vn -0.21478991 -0.0044433037 -0.9766502
vn -0.21478991 -0.0044433037 -0.9766502
vn -0.29170108 -0.08668042 -0.95257384
vn -0.29170108 -0.08668042 -0.95257384
vn -0.29170108 -0.08668042 -0.95257384
vn -0.29170108 -0.08668042 -0.95257384
vn -0.23775141 -0.29658693 -0.924938
vn -0.23775141 -0.29658693 -0.924938
vn -0.23775141 -0.29658693 -0.924938
vn -0.23775141 -0.29658693 -0.924938
vn -0.33746728 -0.29787156 -0.8929661
vn -0.33746728 -0.29787156 -0.8929661
vn -0.33746728 -0.29787156 -0.8929661
vn -0.33746728 -0.29787156 -0.8929661
vn -0.7888053 -0.5215174 -0.325278
vn -0.7888053 -0.5215174 -0.325278
vn -0.7888053 -0.5215174 -0.325278
vn -0.7888053 -0.5215174 -0.325278
vn -0.8422674 -0.5310647 -0.09249852
vn -0.8422674 -0.5310647 -0.09249852
vn -0.8422674 -0.5310647 -0.09249852
vn -0.8422674 -0.5310647 -0.09249852
vn -0.4329867 -0.48659617 0.75877976
vn -0.4329867 -0.48659617 0.75877976
vn -0.4329867 -0.48659617 0.75877976
vn -0.4329867 -0.48659617 0.75877976
vn -0.54730654 -0.00349043 0.83692497
vn -0.54730654 -0.00349043 0.83692497
vn -0.54730654 -0.00349043 0.83692497
vn -0.54730654 -0.00349043 0.83692497
vn -0.54730654 -0.00349043 0.83692497
vn -0.8353264 0.1319632 -0.53368115
vn -0.8353264 0.1319632 -0.53368115
vn -0.8353264 0.1319632 -0.53368115
vn -0.8083206 0.054580204 -0.58620715
vn -0.8083206 0.054580204 -0.58620715
vn -0.8083206 0.054580204 -0.58620715
vn -0.8083206 0.054580204 -0.58620715
vn -0.99926674 0.03629459 0.0121940905
vn -0.99926674 0.03629459 0.0121940905
vn -0.99926674 0.03629459 0.0121940905
vn -0.99926674 0.03629459 0.0121940905
vn -0.034804344 -0.9964396 -0.07679127
vn -0.034804344 -0.9964396 -0.07679127
vn -0.034804344 -0.9964396 -0.07679127
vn 0.6035946 -0.78382456 -0.14591947
vn 0.6035946 -0.78382456 -0.14591947
vn 0.6035946 -0.78382456 -0.14591947
vn 0.6035946 -0.78382456 -0.14591947
vn 0.6035946 -0.78382456 -0.14591947
vn 0.6035946 -0.78382456 -0.14591947
vn 0.54090947 -0.04857618 -0.8396769
vn 0.54090947 -0.04857618 -0.8396769
vn 0.54090947 -0.04857618 -0.8396769
vn 0.9340741 -0.27736545 -0.22488678
vn 0.9340741 -0.27736545 -0.22488678
vn 0.9340741 -0.27736545 -0.22488678
vn 0.7396192 -0.62731296 0.24380721
vn 0.7396192 -0.62731296 0.24380721
vn 0.7396192 -0.62731296 0.24380721
vn 0.7396192 -0.62731296 0.24380721
vn 0.7396192 -0.62731296 0.24380721
vn 0.89998364 -0.42679104 -0.08876228
vn 0.89998364 -0.42679104 -0.08876228
vn 0.89998364 -0.42679104 -0.08876228
vn 0.89998364 -0.42679104 -0.08876228
vn -0.008333023 -0.044594146 0.99897045
vn -0.008333023 -0.044594146 0.99897045
vn -0.008333023 -0.044594146 0.99897045
vn -0.00761922 -0.04808423 0.9988142
vn -0.008333023 -0.044594146 0.99897045
vn -0.008333023 -0.044594146 0.99897045
vn -0.0069778003 -0.0026727007 0.9999721
vn -0.0069778003 -0.0026727007 0.9999721
vn -0.0069778003 -0.0026727007 0.9999721
vn -0.1227792 -0.38391685 0.91516834
vn -0.1227792 -0.38391685 0.91516834
vn -0.1227792 -0.38391685 0.91516834
vn -0.1227792 -0.38391685 0.91516834
vn -0.621416 -0.487049 0.6136982
vn -0.621416 -0.487049 0.6136982
vn -0.621416 -0.487049 0.6136982
vn -0.621416 -0.487049 0.6136982
vn -0.6849316 -0.5686947 0.4554723
vn -0.6849316 -0.5686947 0.4554723
vn -0.6849316 -0.5686947 0.4554723
vn -0.38975224 0.06625942 0.918533
vn -0.38975224 0.06625942 0.918533
vn -0.38975224 0.06625942 0.918533
vn -0.72173494 -0.36113015 0.5904945
vn -0.72173494 -0.36113015 0.5904945
vn -0.72173494 -0.36113015 0.5904945
vn -0.72173494 -0.36113015 0.5904945
vn -0.79679465 -0.45583382 0.39665326
vn -0.79679465 -0.45583382 0.39665326
vn -0.79679465 -0.45583382 0.39665326
vn -0.15208346 -0.7330223 0.66298485
vn -0.15208346 -0.7330223 0.66298485
vn -0.15208346 -0.7330223 0.66298485
vn -0.15208346 -0.7330223 0.66298485
vn 0.0729096 -0.81851375 0.56984156
vn 0.0729096 -0.81851375 0.56984156
vn 0.0729096 -0.81851375 0.56984156
vn 0.0729096 -0.81851375 0.56984156
vn -0.022562942 -0.7931645 0.60858935
vn -0.022562942 -0.7931645 0.60858935
vn -0.022562942 -0.7931645 0.60858935
vn -0.024570337 -0.79299545 0.6087319
vn -0.024570337 -0.79299545 0.6087319
vn -0.20297326 -0.9063583 0.37056231
vn -0.20297326 -0.9063583 0.37056231
vn -0.20297326 -0.9063583 0.37056231
vn -0.20297326 -0.9063583 0.37056231
vn -0.030981204 -0.6562289 0.7539256
vn -0.030981204 -0.6562289 0.7539256
vn -0.030981204 -0.6562289 0.7539256
vn -0.030981204 -0.6562289 0.7539256
vn -0.029736063 -0.3286728 0.9439756
vn -0.029736063 -0.3286728 0.9439756
vn -0.029736063 -0.3286728 0.9439756
vn -0.029736063 -0.3286728 0.9439756
vn 0.05783771 0.20134732 0.97781086
vn 0.05783771 0.20134732 0.97781086
vn 0.05783771 0.20134732 0.97781086
vn 0.05783771 0.20134732 0.97781086
vn -0.19548652 -0.6105148 0.7675003
vn -0.19548652 -0.6105148 0.7675003
vn -0.19548652 -0.6105148 0.7675003
vn -0.19548652 -0.6105148 0.7675003
vn -0.16225633 -0.25039944 0.9544491
vn -0.16225633 -0.25039944 0.9544491
vn -0.16225633 -0.25039944 0.9544491
vn -0.16225633 -0.25039944 0.9544491
vn -0.16225633 -0.25039944 0.9544491
vn -0.15104942 -0.25324517 0.95553696
vn -0.15104942 -0.25324517 0.95553696
vn -0.01644724 -0.25183818 -0.9676296
vn -0.01644724 -0.25183818 -0.9676296
vn -0.01644724 -0.25183818 -0.9676296
vn -0.01644724 -0.25183818 -0.9676296
vn -0.08797242 -0.5100956 -0.855607
vn -0.08797242 -0.5100956 -0.855607
vn -0.08797242 -0.5100956 -0.855607
vn -0.08797242 -0.5100956 -0.855607
vn -0.086468406 -0.938699 0.33371753
vn -0.086468406 -0.938699 0.33371753
vn -0.086468406 -0.938699 0.33371753
vn -0.086468406 -0.938699 0.33371753
vn -0.0669919 -0.5852175 0.80810434
vn -0.0669919 -0.5852175 0.80810434
vn -0.0669919 -0.5852175 0.80810434
vn -0.0669919 -0.5852175 0.80810434
vn -0.010005965 -0.16767208 0.98579204
vn -0.010005965 -0.16767208 0.98579204
vn -0.010005965 -0.16767208 0.98579204
vn -0.8692549 -0.31721166 -0.37917358
vn -0.8692549 -0.31721166 -0.37917358
vn -0.8692549 -0.31721166 -0.37917358
vn -0.8692549 -0.31721166 -0.37917358
vn -0.6470791 -0.3980532 -0.6502632
vn -0.6470791 -0.3980532 -0.6502632
vn -0.6470791 -0.3980532 -0.6502632
vn -0.6470791 -0.3980532 -0.6502632
vn -0.63160294 -0.5015185 -0.5912334
vn -0.63160294 -0.5015185 -0.5912334
vn -0.63160294 -0.5015185 -0.5912334
vn -0.63160294 -0.5015185 -0.5912334
vn -0.41453978 -0.8886886 -0.19593178
vn -0.41453978 -0.8886886 -0.19593178
vn -0.41453978 -0.8886886 -0.19593178
vn -0.41453978 -0.8886886 -0.19593178
vn -0.2666015 -0.9172919 0.29580274
vn -0.2666015 -0.9172919 0.29580274
vn -0.2666015 -0.9172919 0.29580274
vn -0.2666015 -0.9172919 0.29580274
vn -0.66565526 -0.6158953 0.4213978
vn -0.66565526 -0.6158953 0.4213978
vn -0.66565526 -0.6158953 0.4213978
vn -0.6701276 -0.42147824 0.6109707
vn -0.6701276 -0.42147824 0.6109707
vn -0.6701276 -0.42147824 0.6109707
vn -0.6701276 -0.42147824 0.6109707
vn -0.7071109 -0.17457181 0.6852145
vn -0.7071109 -0.17457181 0.6852145
vn -0.7071109 -0.17457181 0.6852145
vn -0.7071109 -0.17457181 0.6852145
vn -0.9942527 -0.012794731 0.10629166
vn -0.9942527 -0.012794731 0.10629166
vn -0.9942527 -0.012794731 0.10629166
vn -0.9942527 -0.012794731 0.10629166
vn -0.9446091 -0.22046769 0.24312069
vn -0.9446091 -0.22046769 0.24312069
vn -0.9446091 -0.22046769 0.24312069
vn -0.9446091 -0.22046769 0.24312069
vn 0.006848822 -0.68538105 -0.72815245
vn 0.006848822 -0.68538105 -0.72815245
vn 0.006848822 -0.68538105 -0.72815245
vn 0.14553691 -0.7279742 -0.6699795
vn 0.14553691 -0.7279742 -0.6699795
vn 0.14553691 -0.7279742 -0.6699795
vn 0.09954695 -0.56217945 -0.8210022
vn 0.09954695 -0.56217945 -0.8210022
vn 0.09954695 -0.56217945 -0.8210022
vn 0.09954695 -0.56217945 -0.8210022
vn 0.079289004 -0.9504569 -0.30057436
vn 0.079289004 -0.9504569 -0.30057436
vn 0.079289004 -0.9504569 -0.30057436
vn 0.079289004 -0.9504569 -0.30057436
vn 0.13202696 -0.8445869 0.5188852
vn 0.13202696 -0.8445869 0.5188852
vn 0.13202696 -0.8445869 0.5188852
vn 0.13202696 -0.8445869 0.5188852
vn -0.07560624 -0.068221845 0.9948012
vn -0.07560624 -0.068221845 0.9948012
vn -0.07560624 -0.068221845 0.9948012
vn -0.07560624 -0.068221845 0.9948012
vn -0.11253923 0.025006093 0.9933326
vn -0.11253923 0.025006093 0.9933326
vn -0.11253923 0.025006093 0.9933326
vn -0.11253923 0.025006093 0.9933326
vn -0.011805218 0.8191329 0.57348233
vn -0.011805218 0.8191329 0.57348233
vn -0.011805218 0.8191329 0.57348233
vn -0.011805218 0.8191329 0.57348233
vn 4.4263795E-4 0.99975556 0.02210677
vn 4.4263795E-4 0.99975556 0.02210677
vn 4.4263795E-4 0.99975556 0.02210677
vn 4.4263795E-4 0.99975556 0.02210677
vn -0.114328295 0.5854189 -0.8026293
vn -0.114328295 0.5854189 -0.8026293
vn -0.114328295 0.5854189 -0.8026293
vn -0.114328295 0.5854189 -0.8026293
vn -0.15484887 0.9173076 -0.36683598
vn -0.15484887 0.9173076 -0.36683598
vn -0.15484887 0.9173076 -0.36683598
vn -0.15484887 0.9173076 -0.36683598
vn 0.046528056 0.9248262 0.3775337
vn 0.046528056 0.9248262 0.3775337
vn 0.046528056 0.9248262 0.3775337
vn 0.046528056 0.9248262 0.3775337
vn -0.039556064 0.6076112 0.79324895
vn -0.039556064 0.6076112 0.79324895
vn -0.039556064 0.6076112 0.79324895
vn -0.039556064 0.6076112 0.79324895
vn -0.01717845 0.99499863 0.098400235
vn -0.01717845 0.99499863 0.098400235
vn -0.01717845 0.99499863 0.098400235
vn -0.01717845 0.99499863 0.098400235
vn -0.01717845 0.99499863 0.098400235
vn -0.9421321 0.22897884 0.24485865
vn -0.9421321 0.22897884 0.24485865
vn -0.9421321 0.22897884 0.24485865
vn -0.9421321 0.22897884 0.24485865
vn -0.9421321 0.22897884 0.24485865
vn -0.9920012 0.08131544 -0.09654732
vn -0.9920012 0.08131544 -0.09654732
vn -0.9920012 0.08131544 -0.09654732
vn -0.999391 0.03489318 4.802683E-5
vn -0.999391 0.03489318 4.802683E-5
vn -0.999391 0.03489318 4.802683E-5
vn -0.99939084 0.034898505 4.305968E-5
vn -0.99939084 0.034898505 4.305968E-5
vn -0.9993909 0.034897238 4.279836E-5
vn -0.9993909 0.034897238 4.279836E-5
vn -0.99939114 0.034889642 4.0423765E-5
vn -0.99939114 0.034889642 4.0423765E-5
vn -0.99939114 0.034889642 4.0423765E-5
vn -0.99939114 0.034889374 3.956206E-5
vn -0.99939114 0.034889374 3.956206E-5
vn -0.20532255 -0.79372895 -0.57257056
vn -0.20532255 -0.79372895 -0.57257056
vn -0.20532255 -0.79372895 -0.57257056
vn -0.20532255 -0.79372895 -0.57257056
vn -0.20532255 -0.79372895 -0.57257056
vn -0.036480032 -0.7908014 0.61098474
vn -0.036480032 -0.7908014 0.61098474
vn -0.036480032 -0.7908014 0.61098474
vn 0.020384572 -0.8899783 0.45554712
vn 0.020384572 -0.8899783 0.45554712
vn 0.020384572 -0.8899783 0.45554712
vn 0.020384572 -0.8899783 0.45554712
vn -0.9802097 0.1976014 0.011939967
vn -0.993156 0.11664076 0.006008769
vn -0.993156 0.11664076 0.006008769
vn -0.9802097 0.1976014 0.011939967
vn -0.9993911 0.03489194 3.6966896E-5
vn -0.9993911 0.03489194 3.6966896E-5
vn -0.20933598 0.38895664 -0.89715725
vn -0.20933598 0.38895664 -0.89715725
vn -0.20933598 0.38895664 -0.89715725
vn -0.008524483 0.10506463 -0.9944289
vn -0.008524483 0.10506463 -0.9944289
vn -0.008524483 0.10506463 -0.9944289
vn -0.008524483 0.10506463 -0.9944289
vn -0.008524483 0.10506463 -0.9944289
vn -0.008524483 0.10506463 -0.9944289
vn -0.026079008 -0.47245756 -0.8809675
vn -0.026079008 -0.47245756 -0.8809675
vn -0.026079008 -0.47245756 -0.8809675
vn -0.026079008 -0.47245756 -0.8809675
vn -0.026079008 -0.47245756 -0.8809675
vn -0.038852125 -0.99721366 0.063682005
vn -0.038852125 -0.99721366 0.063682005
vn -0.038852125 -0.99721366 0.063682005
vn -0.038852125 -0.99721366 0.063682005
vn -0.049001552 -0.61158663 0.7896585
vn -0.049001552 -0.61158663 0.7896585
vn -0.049001552 -0.61158663 0.7896585
vn -0.049001552 -0.61158663 0.7896585
vn -0.2743133 0.2434423 0.9303161
vn -0.2743133 0.2434423 0.9303161
vn -0.2743133 0.2434423 0.9303161
vn 0.2532357 0.34124923 0.90521854
vn 0.2532357 0.34124923 0.90521854
vn 0.2532357 0.34124923 0.90521854
vn 0.2532357 0.34124923 0.90521854
vn 0.2532357 0.34124923 0.90521854
vn 0.2532357 0.34124923 0.90521854
vn 0.59401023 0.7839629 0.18042737
vn 0.59401023 0.7839629 0.18042737
vn 0.59401023 0.7839629 0.18042737
vn 0.59401023 0.7839629 0.18042737
vn 0.27956048 0.56121516 -0.7790273
vn 0.27956048 0.56121516 -0.7790273
vn 0.27956048 0.56121516 -0.7790273
vn 0.27956048 0.56121516 -0.7790273
vn 0.27956048 0.56121516 -0.7790273
vn 0.27956048 0.56121516 -0.7790273
vn 0.99939096 -0.034894392 -5.0812043E-5
vn 0.99939096 -0.034894392 -5.0812043E-5
vn 0.99939096 -0.034894392 -5.0812043E-5
vn 0.99939096 -0.034894392 -5.0812043E-5
vn 0.99939096 -0.034894392 -5.0812043E-5
vn 0.99939096 -0.034894392 -5.0812043E-5
vn 0.9941599 -0.06888655 0.08307066
vn 0.9941599 -0.06888655 0.08307066
vn 0.9941599 -0.06888655 0.08307066
vn 0.99988514 -0.013402736 -0.0070748525
vn 0.99988514 -0.013402736 -0.0070748525
vn 0.99988514 -0.013402736 -0.0070748525
vn 0.16892356 0.0 -0.9856292
vn 0.16892356 0.0 -0.9856292
vn 0.16892356 0.0 -0.9856292
vn 0.16892356 0.0 -0.9856292
vn 0.73333186 0.0 0.6798709
vn 0.73333186 0.0 0.6798709
vn 0.73333186 0.0 0.6798709
vn 0.73333186 0.0 0.6798709
vn 0.004319514 0.0 0.99999064
vn 0.004319514 0.0 0.99999064
vn 0.004319514 0.0 0.99999064
vn 0.004319514 0.0 0.99999064
vn -0.2983441 0.0 -0.95445836
vn -0.2983441 0.0 -0.95445836
vn -0.2983441 0.0 -0.95445836
vn -0.2983441 0.0 -0.95445836
vn -0.18053782 -0.15871151 0.97067845
vn -0.18053782 -0.15871151 0.97067845
vn -0.18053782 -0.15871151 0.97067845
vn -0.15104903 0.2532547 0.9555345
vn -0.15104903 0.2532547 0.9555345
vn -0.15104903 0.2532547 0.9555345
vn -0.15593559 0.20975015 0.96524036
vn -0.15593559 0.20975015 0.96524036
vn -0.15593559 0.20975015 0.96524036
vn -0.15593559 0.20975015 0.96524036
vn -0.023041377 -0.22422232 0.9742656
vn -0.023041377 -0.22422232 0.9742656
vn -0.023041377 -0.22422232 0.9742656
vn -0.023041377 -0.22422232 0.9742656
vn -0.023041377 -0.22422232 0.9742656
vn -0.025184488 0.0 0.99968284
vn -0.025184488 0.0 0.99968284
vn -0.025184488 0.0 0.99968284
vn -0.96323645 0.0 0.26865485
vn -0.96323645 0.0 0.26865485
vn -0.96323645 0.0 0.26865485
vn -0.96323645 0.0 0.26865485
vn -0.9890372 0.0 -0.14766628
vn -0.9890372 0.0 -0.14766628
vn -0.9890372 0.0 -0.14766628
vn -0.9890372 0.0 -0.14766628
vn -0.041542016 0.0 -0.99913675
vn -0.041542016 0.0 -0.99913675
vn -0.041542016 0.0 -0.99913675
vn -0.041542016 0.0 -0.99913675
vn 0.9712425 -0.034628242 0.23556094
vn 0.9712425 -0.034628242 0.23556094
vn 0.9712425 -0.034628242 0.23556094
vn 0.9712425 -0.034628242 0.23556094
vn 0.9994191 0.030402059 0.015398988
vn 0.9994191 0.030402059 0.015398988
vn 0.9994191 0.030402059 0.015398988
vn 0.9994624 0.03261942 0.003294158
vn 0.9994624 0.03261942 0.003294158
vn 0.6325762 0.086245514 0.76968116
vn 0.6325762 0.086245514 0.76968116
vn 0.6325762 0.086245514 0.76968116
vn 0.6325762 0.086245514 0.76968116
vn 0.5456174 -0.32556045 0.77221245
vn 0.5456174 -0.32556045 0.77221245
vn 0.5456174 -0.32556045 0.77221245
vn 0.6006923 0.5535607 0.5768357
vn 0.6006923 0.5535607 0.5768357
vn 0.6006923 0.5535607 0.5768357
vn 0.7097279 0.5864963 0.39026716
vn 0.7097279 0.5864963 0.39026716
vn 0.7097279 0.5864963 0.39026716
vn 0.7097279 0.5864963 0.39026716
vn 0.6672758 0.6085522 0.42942652
vn 0.6672758 0.6085522 0.42942652
vn 0.6672758 0.6085522 0.42942652
vn 0.6672758 0.6085522 0.42942652
vn 0.67616856 0.7343056 -0.059927743
vn 0.67616856 0.7343056 -0.059927743
vn 0.67616856 0.7343056 -0.059927743
vn 0.67616856 0.7343056 -0.059927743
vn 0.5566834 0.5953466 -0.5793668
vn 0.5566834 0.5953466 -0.5793668
vn 0.5566834 0.5953466 -0.5793668
vn 0.5566834 0.5953466 -0.5793668
vn 0.8334203 0.17249125 -0.52503085
vn 0.8334203 0.17249125 -0.52503085
vn 0.8334203 0.17249125 -0.52503085
vn 0.8334203 0.17249125 -0.52503085
vn 0.72915995 -0.37979758 -0.56927985
vn 0.72915995 -0.37979758 -0.56927985
vn 0.72915995 -0.37979758 -0.56927985
vn 0.8530038 -0.51755196 -0.06726394
vn 0.8530038 -0.51755196 -0.06726394
vn 0.8530038 -0.51755196 -0.06726394
vn 0.8530038 -0.51755196 -0.06726394
vn 0.86945254 -0.4849362 0.09428232
vn 0.86945254 -0.4849362 0.09428232
vn 0.86945254 -0.4849362 0.09428232
vn 0.86945254 -0.4849362 0.09428232
vn 0.40093377 -0.5005722 -0.7672546
vn 0.40093377 -0.5005722 -0.7672546
vn 0.40093377 -0.5005722 -0.7672546
vn 0.40093377 -0.5005722 -0.7672546
vn 0.08182152 0.43763512 -0.8954221
vn 0.08182152 0.43763512 -0.8954221
vn 0.08182152 0.43763512 -0.8954221
vn 0.08182152 0.43763512 -0.8954221
vn 0.18929464 0.19362368 -0.9626408
vn 0.18929464 0.19362368 -0.9626408
vn 0.18929464 0.19362368 -0.9626408
vn 0.18929464 0.19362368 -0.9626408
vn 0.83023655 -0.55144626 0.08132827
vn 0.83023655 -0.55144626 0.08132827
vn 0.83023655 -0.55144626 0.08132827
vn 0.83023655 -0.55144626 0.08132827
vn 0.9219056 -0.37843066 0.08294788
vn 0.9219056 -0.37843066 0.08294788
vn 0.9219056 -0.37843066 0.08294788
vn 0.9219056 -0.37843066 0.08294788
vn 0.80801344 -0.5842749 -0.07574373
vn 0.80801344 -0.5842749 -0.07574373
vn 0.80801344 -0.5842749 -0.07574373
vn 0.80801344 -0.5842749 -0.07574373
vn 0.39135876 -0.64866906 -0.65273786
vn 0.39135876 -0.64866906 -0.65273786
vn 0.39135876 -0.64866906 -0.65273786
vn 0.39135876 -0.64866906 -0.65273786
vn 0.40327868 -0.9055477 -0.13171846
vn 0.40327868 -0.9055477 -0.13171846
vn 0.40327868 -0.9055477 -0.13171846
vn 0.149347 0.12705542 -0.9805878
vn 0.149347 0.12705542 -0.9805878
vn 0.149347 0.12705542 -0.9805878
vn 0.149347 0.12705542 -0.9805878
vn 0.06594592 0.26747265 -0.96130615
vn 0.06594592 0.26747265 -0.96130615
vn 0.06594592 0.26747265 -0.96130615
vn 0.06594592 0.26747265 -0.96130615
vn 0.71349066 -0.33182445 0.61710906
vn 0.71349066 -0.33182445 0.61710906
vn 0.71349066 -0.33182445 0.61710906
vn 0.71349066 -0.33182445 0.61710906
vn 0.75554127 -0.5300243 0.38500878
vn 0.75554127 -0.5300243 0.38500878
vn 0.75554127 -0.5300243 0.38500878
vn 0.75554127 -0.5300243 0.38500878
vn 0.3626431 -0.93108004 -0.039749283
vn 0.3626431 -0.93108004 -0.039749283
vn 0.3626431 -0.93108004 -0.039749283
vn 0.3626431 -0.93108004 -0.039749283
vn 0.08170058 -0.8577338 0.5075605
vn 0.08170058 -0.8577338 0.5075605
vn 0.08170058 -0.8577338 0.5075605
vn 0.4599982 -0.36220092 0.81068623
vn 0.4599982 -0.36220092 0.81068623
vn 0.4599982 -0.36220092 0.81068623
vn 0.4599982 -0.36220092 0.81068623
vn 0.05905676 -0.6013397 0.79680794
vn 0.05905676 -0.6013397 0.79680794
vn 0.05905676 -0.6013397 0.79680794
vn 0.05905676 -0.6013397 0.79680794
vn 0.04121042 -0.892815 0.4485343
vn 0.04121042 -0.892815 0.4485343
vn 0.04121042 -0.892815 0.4485343
vn 0.04121042 -0.892815 0.4485343
vn 0.04121042 -0.892815 0.4485343
vn 0.04121042 -0.892815 0.4485343
vn 0.08756752 -0.9909194 -0.10203288
vn 0.08756752 -0.9909194 -0.10203288
vn 0.08756752 -0.9909194 -0.10203288
vn -0.010145615 0.16112073 0.98688257
vn -0.010145615 0.16112073 0.98688257
vn -0.010145615 0.16112073 0.98688257
vn -0.010145615 0.16112073 0.98688257
vn -0.028364649 0.69217026 0.7211767
vn -0.028364649 0.69217026 0.7211767
vn -0.028364649 0.69217026 0.7211767
vn -0.028364649 0.69217026 0.7211767
vn -0.06308225 0.952237 0.29877317
vn -0.06308225 0.952237 0.29877317
vn -0.06308225 0.952237 0.29877317
vn -0.06308225 0.952237 0.29877317
vn 0.005096041 0.8036485 0.5950825
vn 0.005096041 0.8036485 0.5950825
vn 0.005096041 0.8036485 0.5950825
vn 0.005096041 0.8036485 0.5950825
vn 0.005096041 0.8036485 0.5950825
vn -0.0301682 0.81461245 0.5792206
vn -0.0301682 0.81461245 0.5792206
vn -0.036480315 0.7908062 0.61097866
vn -0.031116396 0.80200005 0.596513
vn -0.036480315 0.7908062 0.61097866
vn -0.036480315 0.7908062 0.61097866
vn -0.017377416 0.9972156 -0.072519235
vn -0.017377416 0.9972156 -0.072519235
vn -0.017377416 0.9972156 -0.072519235
vn -0.017377416 0.9972156 -0.072519235
vn -0.032777227 0.9970892 -0.068838924
vn -0.032777227 0.9970892 -0.068838924
vn -0.034804706 0.9964396 -0.07679127
vn -0.009639066 0.8230843 -0.5678375
vn -0.009639066 0.8230843 -0.5678375
vn -0.009639066 0.8230843 -0.5678375
vn -0.03430528 0.6216545 -0.78254
vn -0.03430528 0.6216545 -0.78254
vn -0.03430528 0.6216545 -0.78254
vn -0.017574988 0.60309154 -0.7974784
vn -0.03835451 0.94082165 -0.3367247
vn -0.03835451 0.94082165 -0.3367247
vn -0.03835451 0.94082165 -0.3367247
vn -0.31578207 0.7986362 -0.5123104
vn -0.31578207 0.7986362 -0.5123104
vn -0.31578207 0.7986362 -0.5123104
vn -0.36546203 0.36168593 -0.8576834
vn -0.36546203 0.36168593 -0.8576834
vn -0.36546203 0.36168593 -0.8576834
vn -0.36546203 0.36168593 -0.8576834
vn -0.1769274 0.2758917 -0.9447648
vn -0.1769274 0.2758917 -0.9447648
vn -0.1769274 0.2758917 -0.9447648
vn -0.22578761 0.072574474 -0.97146946
vn -0.22578761 0.072574474 -0.97146946
vn -0.22578761 0.072574474 -0.97146946
vn -0.22578761 0.072574474 -0.97146946
vn -0.07243717 -0.55417955 -0.82923937
vn -0.07243717 -0.55417955 -0.82923937
vn -0.07243717 -0.55417955 -0.82923937
vn -0.07243717 -0.55417955 -0.82923937
vn 0.17950973 -0.96584356 -0.18687569
vn 0.17950973 -0.96584356 -0.18687569
vn 0.17950973 -0.96584356 -0.18687569
vn 0.17950973 -0.96584356 -0.18687569
vn 0.09611459 -0.6529515 -0.75127643
vn 0.09611459 -0.6529515 -0.75127643
vn 0.09611459 -0.6529515 -0.75127643
vn 0.09611459 -0.6529515 -0.75127643
vn -0.009165308 0.0 -0.999958
vn -0.009165308 0.0 -0.999958
vn -0.009165308 0.0 -0.999958
vn -0.009165308 0.0 -0.999958
vn -0.4153458 -0.6395874 -0.6468507
vn -0.4153458 -0.6395874 -0.6468507
vn -0.4153458 -0.6395874 -0.6468507
vn -0.4153458 -0.6395874 -0.6468507
vn -0.38640514 -0.22305411 -0.89495134
vn -0.38640514 -0.22305411 -0.89495134
vn -0.38640514 -0.22305411 -0.89495134
vn -0.27589396 -0.6024081 -0.74899065
vn -0.27589396 -0.6024081 -0.74899065
vn -0.27589396 -0.6024081 -0.74899065
vn -0.27589396 -0.6024081 -0.74899065
vn -0.11338958 -0.9845206 -0.13364851
vn -0.11338958 -0.9845206 -0.13364851
vn -0.11338958 -0.9845206 -0.13364851
vn -0.2570405 0.0 -0.9664007
vn -0.2570405 0.0 -0.9664007
vn -0.2570405 0.0 -0.9664007
vn -0.2570405 0.0 -0.9664007
vn -0.54965806 0.19060145 -0.81335545
vn -0.54965806 0.19060145 -0.81335545
vn -0.54965806 0.19060145 -0.81335545
vn -0.55167544 0.19070949 -0.8119631
vn -0.30150327 0.73845756 -0.6031387
vn -0.30150327 0.73845756 -0.6031387
vn -0.30150327 0.73845756 -0.6031387
vn -0.30150327 0.73845756 -0.6031387
vn 0.41972154 0.518412 -0.74503875
vn 0.41972154 0.518412 -0.74503875
vn 0.41972154 0.518412 -0.74503875
vn 0.41972154 0.518412 -0.74503875
vn -0.41921124 0.11462402 -0.9006238
vn -0.41921124 0.11462402 -0.9006238
vn -0.41921124 0.11462402 -0.9006238
vn -0.41921124 0.11462402 -0.9006238
vn -0.08060752 -0.023739932 -0.9964631
vn -0.08060752 -0.023739932 -0.9964631
vn -0.08060752 -0.023739932 -0.9964631
vn -0.08060752 -0.023739932 -0.9964631
vn -0.013843784 -0.042344917 -0.99900717
vn -0.013843784 -0.042344917 -0.99900717
vn -0.013843784 -0.042344917 -0.99900717
vn -0.016671134 -0.04471458 -0.9988607
vn -0.41932485 0.064380966 -0.90555054
vn -0.41932485 0.064380966 -0.90555054
vn -0.41932485 0.064380966 -0.90555054
vn -0.41932485 0.064380966 -0.90555054
vn -0.21478513 0.0044432045 -0.9766512
vn -0.21478513 0.0044432045 -0.9766512
vn -0.21478513 0.0044432045 -0.9766512
vn -0.28853527 0.06952043 -0.95494205
vn -0.28853527 0.06952043 -0.95494205
vn -0.28853527 0.06952043 -0.95494205
vn -0.28853527 0.06952043 -0.95494205
vn -0.23775627 0.29657882 -0.92493945
vn -0.23775627 0.29657882 -0.92493945
vn -0.23775627 0.29657882 -0.92493945
vn -0.23775627 0.29657882 -0.92493945
vn -0.3374649 0.2978762 -0.89296544
vn -0.3374649 0.2978762 -0.89296544
vn -0.3374649 0.2978762 -0.89296544
vn -0.3374649 0.2978762 -0.89296544
vn -0.78880554 0.521516 -0.32527968
vn -0.78880554 0.521516 -0.32527968
vn -0.78880554 0.521516 -0.32527968
vn -0.78880554 0.521516 -0.32527968
vn -0.8422656 0.5310677 -0.09249754
vn -0.8422656 0.5310677 -0.09249754
vn -0.8422656 0.5310677 -0.09249754
vn -0.8422656 0.5310677 -0.09249754
vn -0.43298113 0.48659566 0.7587833
vn -0.43298113 0.48659566 0.7587833
vn -0.43298113 0.48659566 0.7587833
vn -0.43298113 0.48659566 0.7587833
vn -0.547309 0.003490426 0.83692336
vn -0.547309 0.003490426 0.83692336
vn -0.547309 0.003490426 0.83692336
vn -0.547309 0.003490426 0.83692336
vn -0.8353219 -0.13195884 -0.53368926
vn -0.8353219 -0.13195884 -0.53368926
vn -0.8353219 -0.13195884 -0.53368926
vn -0.8083214 -0.054580137 -0.5862061
vn -0.8083214 -0.054580137 -0.5862061
vn -0.8083214 -0.054580137 -0.5862061
vn -0.8083214 -0.054580137 -0.5862061
vn -0.99926674 -0.03629536 0.012193999
vn -0.99926674 -0.03629536 0.012193999
vn -0.99926674 -0.03629536 0.012193999
vn -0.99926674 -0.03629536 0.012193999
vn 0.6035961 0.7838233 -0.14592044
vn 0.6035961 0.7838233 -0.14592044
vn 0.6035961 0.7838233 -0.14592044
vn 0.6035961 0.7838233 -0.14592044
vn 0.6035961 0.7838233 -0.14592044
vn 0.6035961 0.7838233 -0.14592044
vn 0.5409076 0.04857601 -0.8396781
vn 0.5409076 0.04857601 -0.8396781
vn 0.5409076 0.04857601 -0.8396781
vn 0.9340745 0.2773657 -0.2248846
vn 0.9340745 0.2773657 -0.2248846
vn 0.9340745 0.2773657 -0.2248846
vn 0.73962086 0.62730974 0.24381034
vn 0.73962086 0.62730974 0.24381034
vn 0.73962086 0.62730974 0.24381034
vn 0.73962086 0.62730974 0.24381034
vn 0.73962086 0.62730974 0.24381034
vn 0.89998204 0.42679211 -0.08877394
vn 0.89998204 0.42679211 -0.08877394
vn 0.89998204 0.42679211 -0.08877394
vn 0.89998204 0.42679211 -0.08877394
vn -0.0083313845 0.044594046 0.99897045
vn -0.0083313845 0.044594046 0.99897045
vn -0.0083313845 0.044594046 0.99897045
vn -0.0083313845 0.044594046 0.99897045
vn -0.007620024 0.048084382 0.99881417
vn -0.0069761844 0.0026727081 0.9999721
vn -0.0069761844 0.0026727081 0.9999721
vn -0.0069761844 0.0026727081 0.9999721
vn -0.122778475 0.38392103 0.9151667
vn -0.122778475 0.38392103 0.9151667
vn -0.122778475 0.38392103 0.9151667
vn -0.122778475 0.38392103 0.9151667
vn -0.62140524 0.48705962 0.61370057
vn -0.62140524 0.48705962 0.61370057
vn -0.62140524 0.48705962 0.61370057
vn -0.62140524 0.48705962 0.61370057
vn -0.68492985 0.56869966 0.45546877
vn -0.68492985 0.56869966 0.45546877
vn -0.68492985 0.56869966 0.45546877
vn -0.38974962 -0.066258974 0.91853416
vn -0.38974962 -0.066258974 0.91853416
vn -0.38974962 -0.066258974 0.91853416
vn -0.72173196 0.36113867 0.59049284
vn -0.72173196 0.36113867 0.59049284
vn -0.72173196 0.36113867 0.59049284
vn -0.72173196 0.36113867 0.59049284
vn -0.7967961 0.4558342 0.39664996
vn -0.7967961 0.4558342 0.39664996
vn -0.7967961 0.4558342 0.39664996
vn -0.15208347 0.73301977 0.66298765
vn -0.15208347 0.73301977 0.66298765
vn -0.15208347 0.73301977 0.66298765
vn -0.15208347 0.73301977 0.66298765
vn 0.072908394 0.8185116 0.56984484
vn 0.072908394 0.8185116 0.56984484
vn 0.072908394 0.8185116 0.56984484
vn 0.072908394 0.8185116 0.56984484
vn 0.072908394 0.8185116 0.56984484
vn -0.02256885 0.7931718 0.60857964
vn -0.02256885 0.7931718 0.60857964
vn -0.02256885 0.7931718 0.60857964
vn -0.024567792 0.79299545 0.6087321
vn -0.024567792 0.79299545 0.6087321
vn -0.20297413 0.9063584 0.37056166
vn -0.20297413 0.9063584 0.37056166
vn -0.20297413 0.9063584 0.37056166
vn -0.20297413 0.9063584 0.37056166
vn -0.030977065 0.65622735 0.75392705
vn -0.030977065 0.65622735 0.75392705
vn -0.030977065 0.65622735 0.75392705
vn -0.030977065 0.65622735 0.75392705
vn -0.020549808 0.28262138 0.9590114
vn -0.020549808 0.28262138 0.9590114
vn -0.020549808 0.28262138 0.9590114
vn -0.020549808 0.28262138 0.9590114
vn 0.057841115 -0.20134719 0.9778107
vn 0.057841115 -0.20134719 0.9778107
vn 0.057841115 -0.20134719 0.9778107
vn 0.057841115 -0.20134719 0.9778107
vn -0.19548492 0.61051345 0.7675018
vn -0.19548492 0.61051345 0.7675018
vn -0.19548492 0.61051345 0.7675018
vn -0.19548492 0.61051345 0.7675018
vn -0.019278212 0.1974181 -0.98012984
vn -0.019278212 0.1974181 -0.98012984
vn -0.019278212 0.1974181 -0.98012984
vn -0.019278212 0.1974181 -0.98012984
vn -0.08796912 0.5100928 -0.855609
vn -0.08796912 0.5100928 -0.855609
vn -0.08796912 0.5100928 -0.855609
vn -0.08796912 0.5100928 -0.855609
vn -0.013089161 0.0 -0.99991435
vn -0.013089161 0.0 -0.99991435
vn -0.013089161 0.0 -0.99991435
vn -0.013089161 0.0 -0.99991435
vn -0.086467505 0.9386992 0.33371735
vn -0.086467505 0.9386992 0.33371735
vn -0.086467505 0.9386992 0.33371735
vn -0.086467505 0.9386992 0.33371735
vn -0.06699046 0.58521694 0.8081048
vn -0.06699046 0.58521694 0.8081048
vn -0.06699046 0.58521694 0.8081048
vn -0.06699046 0.58521694 0.8081048
vn -0.010019346 0.1679204 0.9857496
vn -0.010019346 0.1679204 0.9857496
vn -0.010019346 0.1679204 0.9857496
vn -0.025349563 0.17685714 0.98391
vn -0.025349563 0.17685714 0.98391
vn -0.025349563 0.17685714 0.98391
vn -0.86925614 0.31720954 -0.37917253
vn -0.86925614 0.31720954 -0.37917253
vn -0.86925614 0.31720954 -0.37917253
vn -0.86925614 0.31720954 -0.37917253
vn -0.6701 0.32343593 -0.66809815
vn -0.6701 0.32343593 -0.66809815
vn -0.6701 0.32343593 -0.66809815
vn -0.6701 0.32343593 -0.66809815
vn -0.37495813 0.0 -0.92704177
vn -0.37495813 0.0 -0.92704177
vn -0.37495813 0.0 -0.92704177
vn -0.37495813 0.0 -0.92704177
vn -0.63159996 0.5015204 -0.591235
vn -0.63159996 0.5015204 -0.591235
vn -0.63159996 0.5015204 -0.591235
vn -0.63159996 0.5015204 -0.591235
vn -0.41454145 0.88868976 -0.19592303
vn -0.41454145 0.88868976 -0.19592303
vn -0.41454145 0.88868976 -0.19592303
vn -0.41454145 0.88868976 -0.19592303
vn -0.26659706 0.9172933 0.2958022
vn -0.26659706 0.9172933 0.2958022
vn -0.26659706 0.9172933 0.2958022
vn -0.26659706 0.9172933 0.2958022
vn -0.6656599 0.61589587 0.42138955
vn -0.6656599 0.61589587 0.42138955
vn -0.6656599 0.61589587 0.42138955
vn -0.67012686 0.42147532 0.6109734
vn -0.67012686 0.42147532 0.6109734
vn -0.67012686 0.42147532 0.6109734
vn -0.67012686 0.42147532 0.6109734
vn -0.71480054 0.13109964 0.6869302
vn -0.71480054 0.13109964 0.6869302
vn -0.71480054 0.13109964 0.6869302
vn -0.71480054 0.13109964 0.6869302
vn -0.7180212 0.0 0.69602126
vn -0.7180212 0.0 0.69602126
vn -0.7180212 0.0 0.69602126
vn -0.7180212 0.0 0.69602126
vn -0.99425274 0.012794732 0.10629129
vn -0.99425274 0.012794732 0.10629129
vn -0.99425274 0.012794732 0.10629129
vn -0.99425274 0.012794732 0.10629129
vn -0.95751214 0.17210783 0.23140723
vn -0.95751214 0.17210783 0.23140723
vn -0.95751214 0.17210783 0.23140723
vn -0.95751214 0.17210783 0.23140723
vn -4.1150965E-4 0.6041861 -0.7968432
vn -4.1150965E-4 0.6041861 -0.7968432
vn -4.1150965E-4 0.6041861 -0.7968432
vn -0.054825656 0.73145133 -0.679686
vn -0.054825656 0.73145133 -0.679686
vn -0.054825656 0.73145133 -0.679686
vn -0.03452023 0.5702223 -0.8207648
vn -0.03452023 0.5702223 -0.8207648
vn -0.03452023 0.5702223 -0.8207648
vn -0.03452023 0.5702223 -0.8207648
vn -0.10037684 0.95754 -0.2702621
vn -0.10037684 0.95754 -0.2702621
vn -0.10037684 0.95754 -0.2702621
vn -0.10037684 0.95754 -0.2702621
vn -0.037676338 0.8688969 0.49355713
vn -0.037676338 0.8688969 0.49355713
vn -0.037676338 0.8688969 0.49355713
vn -0.037676338 0.8688969 0.49355713
vn -0.090265185 0.06752432 0.993626
vn -0.090265185 0.06752432 0.993626
vn -0.090265185 0.06752432 0.993626
vn -0.090265185 0.06752432 0.993626
vn -0.10966987 -0.022768846 0.99370724
vn -0.10966987 -0.022768846 0.99370724
vn -0.10966987 -0.022768846 0.99370724
vn -0.10966987 -0.022768846 0.99370724
vn -0.011805208 -0.819134 0.5734807
vn -0.011805208 -0.819134 0.5734807
vn -0.011805208 -0.819134 0.5734807
vn -0.011805208 -0.819134 0.5734807
vn 4.426016E-4 -0.9997556 0.022104442
vn 4.426016E-4 -0.9997556 0.022104442
vn 4.426016E-4 -0.9997556 0.022104442
vn 4.426016E-4 -0.9997556 0.022104442
vn -0.114329666 -0.5854212 -0.80262744
vn -0.114329666 -0.5854212 -0.80262744
vn -0.114329666 -0.5854212 -0.80262744
vn -0.114329666 -0.5854212 -0.80262744
vn -0.15484692 -0.917307 -0.36683816
vn -0.15484692 -0.917307 -0.36683816
vn -0.15484692 -0.917307 -0.36683816
vn -0.15484692 -0.917307 -0.36683816
vn 0.04652934 -0.92482513 0.37753594
vn 0.04652934 -0.92482513 0.37753594
vn 0.04652934 -0.92482513 0.37753594
vn 0.04652934 -0.92482513 0.37753594
vn -0.03955701 -0.60761106 0.7932491
vn -0.03955701 -0.60761106 0.7932491
vn -0.03955701 -0.60761106 0.7932491
vn -0.03955701 -0.60761106 0.7932491
vn -0.017177243 -0.994998 0.09840721
vn -0.017177243 -0.994998 0.09840721
vn -0.017177243 -0.994998 0.09840721
vn -0.017177243 -0.994998 0.09840721
vn -0.017177243 -0.994998 0.09840721
vn -0.94213194 -0.2289752 0.24486268
vn -0.94213194 -0.2289752 0.24486268
vn -0.94213194 -0.2289752 0.24486268
vn -0.94213194 -0.2289752 0.24486268
vn -0.94213194 -0.2289752 0.24486268
vn -0.9920012 -0.08131544 -0.09654732
vn -0.9920012 -0.08131544 -0.09654732
vn -0.9920012 -0.08131544 -0.09654732
vn -0.99939024 -0.034914803 4.667393E-5
vn -0.99939024 -0.034914803 4.667393E-5
vn -0.99939024 -0.034914803 4.667393E-5
vn -0.9993904 -0.0349097 4.306745E-5
vn -0.9993904 -0.0349097 4.306745E-5
vn -0.9993909 -0.03489715 4.285516E-5
vn -0.9993909 -0.03489715 4.285516E-5
vn -0.99939114 -0.034889374 3.9717812E-5
vn -0.99939173 -0.034873407 4.0518797E-5
vn -0.99939173 -0.034873407 4.0518797E-5
vn -0.99939173 -0.034873407 4.0518797E-5
vn -0.23469424 0.7203275 -0.6527227
vn -0.23469424 0.7203275 -0.6527227
vn -0.23469424 0.7203275 -0.6527227
vn -0.23469424 0.7203275 -0.6527227
vn -0.23469424 0.7203275 -0.6527227
vn -0.9641749 0.0 0.26526725
vn -0.9641749 0.0 0.26526725
vn -0.9641749 0.0 0.26526725
vn -0.9641749 0.0 0.26526725
vn -0.9961206 0.0 -0.08799924
vn -0.9961206 0.0 -0.08799924
vn -0.9961206 0.0 -0.08799924
vn -0.9961206 0.0 -0.08799924
vn -0.9961206 0.0 -0.08799924
vn -0.9961206 0.0 -0.08799924
vn -0.99992675 0.0 0.012102949
vn -0.99992675 0.0 0.012102949
vn -0.99992675 0.0 0.012102949
vn -0.99992675 0.0 0.012102949
vn -0.9885027 0.0 -0.15120304
vn -0.9885027 0.0 -0.15120304
vn -0.9885027 0.0 -0.15120304
vn -0.9885027 0.0 -0.15120304
vn -0.9867881 0.0 0.16201647
vn -0.9867881 0.0 0.16201647
vn -0.9867881 0.0 0.16201647
vn -0.9867881 0.0 0.16201647
vn -0.9802097 -0.19760154 0.0119405845
vn -0.9931559 -0.1166418 0.0060091075
vn -0.9802097 -0.19760154 0.0119405845
vn -0.9931559 -0.1166418 0.0060091075
vn -0.9931559 -0.1166418 0.0060091075
vn -0.999391 -0.034893878 3.702702E-5
vn -0.999391 -0.034893878 3.702702E-5
vn -0.20933835 -0.38896102 -0.8971548
vn -0.20933835 -0.38896102 -0.8971548
vn -0.20933835 -0.38896102 -0.8971548
vn -0.008528076 -0.105063386 -0.994429
vn -0.008528076 -0.105063386 -0.994429
vn -0.008528076 -0.105063386 -0.994429
vn -0.008528076 -0.105063386 -0.994429
vn -0.026079359 0.47245678 -0.8809679
vn -0.026079359 0.47245678 -0.8809679
vn -0.026079359 0.47245678 -0.8809679
vn -0.026079359 0.47245678 -0.8809679
vn -0.038852118 0.9972136 0.06368344
vn -0.038852118 0.9972136 0.06368344
vn -0.038852118 0.9972136 0.06368344
vn -0.038852118 0.9972136 0.06368344
vn -0.04899962 0.61158895 0.7896569
vn -0.04899962 0.61158895 0.7896569
vn -0.04899962 0.61158895 0.7896569
vn -0.04899962 0.61158895 0.7896569
vn -0.27431443 -0.2434433 0.93031555
vn -0.27431443 -0.2434433 0.93031555
vn -0.27431443 -0.2434433 0.93031555
vn 0.25324 -0.34124488 0.905219
vn 0.25324 -0.34124488 0.905219
vn 0.25324 -0.34124488 0.905219
vn 0.25324 -0.34124488 0.905219
vn 0.25324 -0.34124488 0.905219
vn 0.25324 -0.34124488 0.905219
vn 0.5940091 -0.7839627 0.1804317
vn 0.5940091 -0.7839627 0.1804317
vn 0.5940091 -0.7839627 0.1804317
vn 0.5940091 -0.7839627 0.1804317
vn 0.27955297 -0.56121945 -0.7790269
vn 0.27955297 -0.56121945 -0.7790269
vn 0.27955297 -0.56121945 -0.7790269
vn 0.27955297 -0.56121945 -0.7790269
vn 0.27955297 -0.56121945 -0.7790269
vn 0.27955297 -0.56121945 -0.7790269
vn 0.99939096 0.03489587 -5.0901417E-5
vn 0.99939096 0.03489587 -5.0901417E-5
vn 0.99939096 0.03489587 -5.0901417E-5
vn 0.99939096 0.03489587 -5.0901417E-5
vn 0.99988514 0.013402834 -0.0070751337
vn 0.99416 0.06888572 0.08307041
vn 0.99416 0.06888572 0.08307041
vn 0.99416 0.06888572 0.08307041
vn -0.18034251 0.1585398 0.9707429
vn -0.18034251 0.1585398 0.9707429
vn -0.18034251 0.1585398 0.9707429
vn -0.075937785 0.6562575 -0.750706
vn -0.075937785 0.6562575 -0.750706
vn -0.075937785 0.6562575 -0.750706
vn -0.075937785 0.6562575 -0.750706
vn 0.12868926 0.7281797 -0.6731963
vn 0.12868926 0.7281797 -0.6731963
vn 0.12868926 0.7281797 -0.6731963
vn 0.12868926 0.7281797 -0.6731963
vn 0.3793459 0.58455926 -0.71720797
vn 0.3793459 0.58455926 -0.71720797
vn 0.3793459 0.58455926 -0.71720797
vn 0.3793459 0.58455926 -0.71720797
vn 0.70210105 0.0 -0.7120773
vn 0.70210105 0.0 -0.7120773
vn 0.70210105 0.0 -0.7120773
vn 0.70210105 0.0 -0.7120773
vn -0.25777876 -0.5611016 -0.7865845
vn -0.25777876 -0.5611016 -0.7865845
vn -0.25777876 -0.5611016 -0.7865845
vn -0.25777876 -0.5611016 -0.7865845
vn 0.17405605 -0.7391094 -0.6507087
vn 0.17405605 -0.7391094 -0.6507087
vn 0.17405605 -0.7391094 -0.6507087
vn 0.17405605 -0.7391094 -0.6507087
vn 0.58918357 -0.42486045 -0.68728185
vn 0.58918357 -0.42486045 -0.68728185
vn 0.58918357 -0.42486045 -0.68728185
vn 0.58918357 -0.42486045 -0.68728185
vn -0.5944812 0.0 -0.8041095
vn -0.5944812 0.0 -0.8041095
vn -0.5944812 0.0 -0.8041095
vn -0.5944812 0.0 -0.8041095
vn -0.22917436 0.9733854 0.0
vn -0.22917436 0.9733854 0.0
vn -0.22917436 0.9733854 0.0
vn -0.22917436 0.9733854 0.0
vn 0.060107116 0.9981919 0.0
vn 0.060107116 0.9981919 0.0
vn 0.060107116 0.9981919 0.0
vn 0.060107116 0.9981919 0.0
vn 0.060107116 0.9981919 0.0
vn 0.060107116 0.9981919 0.0
vn 0.43545574 0.90021014 0.0
vn 0.43545574 0.90021014 0.0
vn 0.43545574 0.90021014 0.0
vn 0.43545574 0.90021014 0.0
vn 1.0 0.0 0.0
vn 1.0 0.0 0.0
vn 1.0 0.0 0.0
vn 1.0 0.0 0.0
vn -0.5183626 -0.85516095 0.0
vn -0.5183626 -0.85516095 0.0
vn -0.5183626 -0.85516095 0.0
vn -0.5183626 -0.85516095 0.0
vn 0.12358718 -0.9923337 0.0
vn 0.12358718 -0.9923337 0.0
vn 0.12358718 -0.9923337 0.0
vn 0.12358718 -0.9923337 0.0
vn 0.12358718 -0.9923337 0.0
vn 0.12358718 -0.9923337 0.0
vn 0.75988525 -0.6500572 0.0
vn 0.75988525 -0.6500572 0.0
vn 0.75988525 -0.6500572 0.0
vn 0.75988525 -0.6500572 0.0
vn -1.0 0.0 0.0
vn -1.0 0.0 0.0
vn -1.0 0.0 0.0
vn -1.0 0.0 0.0
vn 0.9501268 0.3024274 -0.0761359
vn 0.9501268 0.3024274 -0.0761359
vn 0.9501268 0.3024274 -0.0761359
vn 0.9501268 0.3024274 -0.0761359
vn 0.99793166 0.053845983 -0.035114832
vn 0.99793166 0.053845983 -0.035114832
vn 0.99793166 0.053845983 -0.035114832
vn 0.99793166 0.053845983 -0.035114832
vn 0.9994494 0.033043284 0.0030314075
vn 0.9994494 0.033043284 0.0030314075
vn 0.9994078 0.034267966 -0.0031135324
vn 0.9994078 0.034267966 -0.0031135324
vn 0.99938875 0.03475206 -0.0037844433
vn 0.99938875 0.03475206 -0.0037844433
vn 0.9992992 0.037409708 0.0012157784
vn 0.9992992 0.037409708 0.0012157784
vn 0.99951816 0.03072218 -0.004423999
vn 0.99951816 0.03072218 -0.004423999
vn 0.96850574 -0.24777775 -0.024553312
vn 0.96850574 -0.24777775 -0.024553312
vn 0.96850574 -0.24777775 -0.024553312
vn 0.96850574 -0.24777775 -0.024553312
vn 0.80725324 -0.27241233 -0.52357787
vn 0.80725324 -0.27241233 -0.52357787
vn 0.80725324 -0.27241233 -0.52357787
vn 0.80725324 -0.27241233 -0.52357787
vn 0.8076166 -0.30249017 -0.5062166
vn 0.03176983 -0.56065685 -0.8274386
vn 0.03176983 -0.56065685 -0.8274386
vn 0.03176983 -0.56065685 -0.8274386
vn 0.03176983 -0.56065685 -0.8274386
vn 0.7857779 -0.1498805 0.6000741
vn 0.7857779 -0.1498805 0.6000741
vn 0.7857779 -0.1498805 0.6000741
vn 0.7857779 -0.1498805 0.6000741
vn 0.84621674 -0.5326151 -0.015435698
vn 0.84621674 -0.5326151 -0.015435698
vn 0.84621674 -0.5326151 -0.015435698
vn 0.84621674 -0.5326151 -0.015435698
vn 0.585431 -0.7881487 -0.18997952
vn 0.585431 -0.7881487 -0.18997952
vn 0.585431 -0.7881487 -0.18997952
vn 0.585431 -0.7881487 -0.18997952
vn 0.031106204 -0.89289016 -0.44919887
vn 0.031106204 -0.89289016 -0.44919887
vn 0.031106204 -0.89289016 -0.44919887
vn 0.031106204 -0.89289016 -0.44919887
vn 0.7067326 -0.4861363 0.51400447
vn 0.7067326 -0.4861363 0.51400447
vn 0.7067326 -0.4861363 0.51400447
vn 0.8304901 0.03826148 0.5557178
vn 0.8304901 0.03826148 0.5557178
vn 0.8304901 0.03826148 0.5557178
vn 0.8304901 0.03826148 0.5557178
vn 0.77467114 0.25633886 0.5780788
vn 0.77467114 0.25633886 0.5780788
vn 0.77467114 0.25633886 0.5780788
vn 0.77467114 0.25633886 0.5780788
vn 0.79203427 0.14773768 0.59233046
vn 0.79203427 0.14773768 0.59233046
vn 0.79203427 0.14773768 0.59233046
vn 0.79203427 0.14773768 0.59233046
vn 0.831273 0.008375524 0.5558013
vn 0.831273 0.008375524 0.5558013
vn 0.831273 0.008375524 0.5558013
vn 0.831273 0.008375524 0.5558013
vn 0.79178363 -0.11196699 0.60045165
vn 0.79178363 -0.11196699 0.60045165
vn 0.79178363 -0.11196699 0.60045165
vn 0.79178363 -0.11196699 0.60045165
vn 0.8237413 0.037730183 0.56570894
vn 0.8237413 0.037730183 0.56570894
vn 0.8237413 0.037730183 0.56570894
vn 0.8237413 0.037730183 0.56570894
vn 0.8003017 0.2966151 0.5210919
vn 0.8003017 0.2966151 0.5210919
vn 0.8003017 0.2966151 0.5210919
vn 0.8003017 0.2966151 0.5210919
vn 0.54761493 0.71538794 0.43397927
vn 0.54761493 0.71538794 0.43397927
vn 0.54761493 0.71538794 0.43397927
vn 0.70054096 0.7102554 0.06913437
vn 0.70054096 0.7102554 0.06913437
vn 0.70054096 0.7102554 0.06913437
vn 0.70054096 0.7102554 0.06913437
vn 0.5244174 0.8136199 -0.2510159
vn 0.5244174 0.8136199 -0.2510159
vn 0.5244174 0.8136199 -0.2510159
vn 0.5244174 0.8136199 -0.2510159
vn -0.029076353 0.8473207 -0.5302851
vn -0.029076353 0.8473207 -0.5302851
vn -0.029076353 0.8473207 -0.5302851
vn -0.029076353 0.8473207 -0.5302851
vn 0.7824951 0.29953545 -0.54587543
vn 0.7824951 0.29953545 -0.54587543
vn 0.7824951 0.29953545 -0.54587543
vn 0.7824951 0.29953545 -0.54587543
vn 0.7822905 0.303037 -0.5442335
vn -0.004932475 0.49022195 -0.87158364
vn -0.004932475 0.49022195 -0.87158364
vn -0.004932475 0.49022195 -0.87158364
vn -0.004932475 0.49022195 -0.87158364
vn 0.028316006 -0.5070703 -0.8614394
vn 0.028316006 -0.5070703 -0.8614394
vn 0.028316006 -0.5070703 -0.8614394
vn 0.028316006 -0.5070703 -0.8614394
vn -6.911714E-4 0.4172971 -0.90876985
vn -6.911714E-4 0.4172971 -0.90876985
vn -6.911714E-4 0.4172971 -0.90876985
vn -6.911714E-4 0.4172971 -0.90876985
vn 0.09908467 -0.05504384 -0.9935554
vn 0.09908467 -0.05504384 -0.9935554
vn 0.09908467 -0.05504384 -0.9935554
vn 0.09908467 -0.05504384 -0.9935554
vn 0.09908467 -0.05504384 -0.9935554
vn 0.09908467 -0.05504384 -0.9935554
vn 0.24947251 -0.25758773 -0.9334945
vn 0.24947251 -0.25758773 -0.9334945
vn 0.24947251 -0.25758773 -0.9334945
vn 0.24947251 -0.25758773 -0.9334945
vn 0.24947251 -0.25758773 -0.9334945
vn 0.23341285 0.06765086 -0.97002155
vn 0.23341285 0.06765086 -0.97002155
vn 0.23341285 0.06765086 -0.97002155
vn 0.23341285 0.06765086 -0.97002155
vn 0.22872588 0.24653563 -0.9417561
vn 0.22872588 0.24653563 -0.9417561
vn 0.22872588 0.24653563 -0.9417561
vn 0.22872588 0.24653563 -0.9417561
vn 0.14283627 -0.11216291 -0.98337036
vn 0.14283627 -0.11216291 -0.98337036
vn 0.14283627 -0.11216291 -0.98337036
vn 0.14283627 -0.11216291 -0.98337036
vn 0.0979885 -0.13307157 -0.9862506
vn 0.0979885 -0.13307157 -0.9862506
vn 0.0979885 -0.13307157 -0.9862506
vn 0.0979885 -0.13307157 -0.9862506
vn 0.10101007 -0.9813108 -0.16378652
vn 0.10101007 -0.9813108 -0.16378652
vn 0.10101007 -0.9813108 -0.16378652
vn 0.10101007 -0.9813108 -0.16378652
vn -0.022269672 0.77196676 0.6352727
vn -0.022269672 0.77196676 0.6352727
vn -0.022269672 0.77196676 0.6352727
vn -0.022269672 0.77196676 0.6352727
vn -0.022269672 0.77196676 0.6352727
vn -0.055107336 0.9786772 0.197874
vn -0.055107336 0.9786772 0.197874
vn -0.055107336 0.9786772 0.197874
vn -0.029639544 0.9755637 0.21770835
vn -0.029639544 0.9755637 0.21770835
vn -0.029639544 0.9755637 0.21770835
vn -0.0399647 0.9761353 0.21345419
vn -0.0399647 0.9761353 0.21345419
vn -0.08258837 0.9656274 0.24646102
vn -0.08258837 0.9656274 0.24646102
vn -0.08258837 0.9656274 0.24646102
vn 0.004876564 0.06301971 0.9980004
vn 0.004876564 0.06301971 0.9980004
vn 0.004876564 0.06301971 0.9980004
vn 0.004876564 0.06301971 0.9980004
vn -0.0064982474 0.031900316 0.99946994
vn -0.0064982474 0.031900316 0.99946994
vn 0.012742846 -0.26489356 0.96419346
vn 0.012742846 -0.26489356 0.96419346
vn 0.012742846 -0.26489356 0.96419346
vn 0.012742846 -0.26489356 0.96419346
vn 0.01729977 -0.019312818 0.99966383
vn 0.01729977 -0.019312818 0.99966383
vn 0.01729977 -0.019312818 0.99966383
vn 0.01729977 -0.019312818 0.99966383
vn 0.0019011211 0.19890174 0.9800176
vn 0.0019011211 0.19890174 0.9800176
vn 0.0019011211 0.19890174 0.9800176
vn 0.0019011211 0.19890174 0.9800176
vn 0.0016868431 0.3674619 0.9300371
vn 0.0016868431 0.3674619 0.9300371
vn 0.0016868431 0.3674619 0.9300371
vn 0.0016868431 0.3674619 0.9300371
vn -0.0027930366 0.04723922 0.99887973
vn -0.0027930366 0.04723922 0.99887973
vn -0.0027930366 0.04723922 0.99887973
vn -0.0027930366 0.04723922 0.99887973
vn -0.113874204 -0.06903565 0.9910937
vn -0.113874204 -0.06903565 0.9910937
vn -0.113874204 -0.06903565 0.9910937
vn -0.113874204 -0.06903565 0.9910937
vn -0.11840212 0.10674672 0.9872112
vn -0.11840212 0.10674672 0.9872112
vn -0.11840212 0.10674672 0.9872112
vn -0.11840212 0.10674672 0.9872112
vn -0.0052799596 -0.6795896 0.73357356
vn -0.0052799596 -0.6795896 0.73357356
vn -0.0052799596 -0.6795896 0.73357356
vn -0.0052799596 -0.6795896 0.73357356
vn -0.0052799596 -0.6795896 0.73357356
vn 0.08857057 -0.9143769 0.39505714
vn 0.08857057 -0.9143769 0.39505714
vn 0.08857057 -0.9143769 0.39505714
vn 0.013842201 -0.947734 0.31876117
vn 0.013842201 -0.947734 0.31876117
vn 0.013842201 -0.947734 0.31876117
vn 0.013842201 -0.947734 0.31876117
vn 0.029630376 -0.95543706 0.29370412
vn 0.029630376 -0.95543706 0.29370412
vn 0.009737792 -0.95279205 0.30346733
vn 0.6741063 0.46201345 -0.57630223
vn 0.6741063 0.46201345 -0.57630223
vn 0.6741063 0.46201345 -0.57630223
vn 0.011225511 0.21488166 -0.9765756
vn 0.011225511 0.21488166 -0.9765756
vn 0.011225511 0.21488166 -0.9765756
vn -0.045656368 0.9910876 -0.12514336
vn -0.045656368 0.9910876 -0.12514336
vn -0.045656368 0.9910876 -0.12514336
vn -0.045656368 0.9910876 -0.12514336
vn -0.038858853 0.9938614 -0.10358358
vn 0.20433366 0.3592499 -0.9105972
vn 0.20433366 0.3592499 -0.9105972
vn 0.20433366 0.3592499 -0.9105972
vt 0.28811735 0.29051918
vt 0.32078418 0.2641095
vt 0.32596216 0.2712363
vt 0.28539512 0.2821411
vt 0.3488691 0.2360245
vt 0.35599595 0.24120241
vt 0.3669008 0.20063531
vt 0.37527895 0.20335758
vt 0.3731141 0.16140616
vt 0.38192344 0.16140616
vt 0.3669008 0.122176886
vt 0.24616584 0.29716355
vt 0.24616584 0.28835428
vt 0.20421448 0.29051918
vt 0.20693675 0.28214103
vt 0.16636965 0.27123624
vt 0.17154759 0.2641093
vt 0.1363358 0.24120241
vt 0.14346269 0.23602438
vt 0.11705285 0.20335752
vt 0.125431 0.20063531
vt 0.11040846 0.16140616
vt 0.3669008 0.122176886
vt 0.37527895 0.11945468
vt 0.3488691 0.08678782
vt 0.35599595 0.081609905
vt 0.32078418 0.058702886
vt 0.32596216 0.051576078
vt 0.285395 0.04067117
vt 0.28811726 0.03229302
vt 0.24616584 0.03445798
vt 0.24616584 0.025648654
vt 0.20693675 0.04067117
vt 0.20421448 0.03229302
vt 0.17154759 0.058702886
vt 0.16636965 0.051576078
vt 0.14346269 0.08678782
vt 0.1363358 0.081609905
vt 0.125431 0.122176945
vt 0.11705285 0.11945474
vt 0.11921776 0.16140616
vt 0.125431 0.20063531
vt 0.42937583 0.279476
vt 0.4072769 0.24905944
vt 0.41889507 0.2848162
vt 0.43769327 0.27115834
vt 0.44303358 0.26067758
vt 0.4448737 0.24905944
vt 0.44303358 0.23744154
vt 0.43769327 0.22696066
vt 0.42937583 0.21864301
vt 0.418895 0.21330279
vt 0.4072769 0.21146268
vt 0.39565894 0.21330279
vt 0.38517815 0.21864301
vt 0.3768605 0.22696066
vt 0.37152028 0.23744154
vt 0.36968017 0.24905944
vt 0.37152028 0.26067752
vt 0.3768605 0.27115834
vt 0.38517815 0.27947593
vt 0.39565894 0.28481615
vt 0.4072769 0.28665626
vt 0.26667073 0.22451335
vt 0.24616584 0.16140616
vt 0.28516838 0.21508843
vt 0.29984808 0.20040858
vt 0.30927315 0.18191093
vt 0.3125208 0.16140616
vt 0.30927315 0.14090133
vt 0.29984808 0.12240374
vt 0.28516832 0.10772395
vt 0.26667064 0.09829891
vt 0.24616584 0.09505129
vt 0.22566116 0.09829891
vt 0.20716345 0.10772395
vt 0.19248372 0.12240374
vt 0.18305868 0.14090133
vt 0.17981106 0.16140616
vt 0.18305868 0.18191087
vt 0.19248372 0.20040858
vt 0.20716345 0.21508837
vt 0.22566116 0.22451335
vt 0.24616584 0.22776103
vt 0.28539512 0.2821411
vt 0.29806232 0.23283541
vt 0.32078418 0.2641095
vt 0.27344945 0.24537623
vt 0.31759506 0.21330255
vt 0.3488691 0.2360245
vt 0.330136 0.18868971
vt 0.3669008 0.20063531
vt 0.33445728 0.16140616
vt 0.3731141 0.16140616
vt 0.330136 0.13412261
vt 0.3669008 0.122176886
vt 0.31759506 0.109509766
vt 0.3488691 0.08678782
vt 0.29806226 0.08997697
vt 0.32078418 0.058702886
vt 0.2734494 0.07743603
vt 0.285395 0.04067117
vt 0.24616584 0.07311475
vt 0.24616584 0.03445798
vt 0.21888232 0.07743603
vt 0.20693675 0.04067117
vt 0.19426951 0.08997697
vt 0.17154759 0.058702886
vt 0.17473671 0.109509766
vt 0.14346269 0.08678782
vt 0.1621958 0.13412261
vt 0.125431 0.122176945
vt 0.15787454 0.16140616
vt 0.11921776 0.16140616
vt 0.1621958 0.18868965
vt 0.125431 0.20063531
vt 0.17473671 0.21330255
vt 0.14346269 0.23602438
vt 0.19426951 0.2328353
vt 0.17154759 0.2641093
vt 0.21888232 0.24537623
vt 0.20693675 0.28214103
vt 0.24616584 0.2496975
vt 0.24616584 0.28835428
vt 0.27344945 0.24537623
vt 0.28516838 0.21508843
vt 0.29806232 0.23283541
vt 0.26667073 0.22451335
vt 0.29984808 0.20040858
vt 0.31759506 0.21330255
vt 0.30927315 0.18191093
vt 0.330136 0.18868971
vt 0.3125208 0.16140616
vt 0.33445728 0.16140616
vt 0.30927315 0.14090133
vt 0.330136 0.13412261
vt 0.29984808 0.12240374
vt 0.31759506 0.109509766
vt 0.28516832 0.10772395
vt 0.29806226 0.08997697
vt 0.26667064 0.09829891
vt 0.2734494 0.07743603
vt 0.24616584 0.09505129
vt 0.24616584 0.07311475
vt 0.22566116 0.09829891
vt 0.21888232 0.07743603
vt 0.20716345 0.10772395
vt 0.19426951 0.08997697
vt 0.19248372 0.12240374
vt 0.17473671 0.109509766
vt 0.18305868 0.14090133
vt 0.1621958 0.13412261
vt 0.17981106 0.16140616
vt 0.15787454 0.16140616
vt 0.18305868 0.18191087
vt 0.1621958 0.18868965
vt 0.19248372 0.20040858
vt 0.17473671 0.21330255
vt 0.20716345 0.21508837
vt 0.19426951 0.2328353
vt 0.22566116 0.22451335
vt 0.21888232 0.24537623
vt 0.24616584 0.22776103
vt 0.24616584 0.2496975
vt 0.28808522 0.5210376
vt 0.33642584 0.48348552
vt 0.34044325 0.51650023
vt 0.27461767 0.490691
vt 0.34044325 0.51650023
vt 0.33642584 0.48348552
vt 0.3455553 0.51731133
vt 0.35268635 0.48146403
vt 0.35152233 0.5118965
vt 0.27461767 0.490691
vt 0.28492844 0.52327585
vt 0.27168727 0.4914425
vt 0.28808522 0.5210376
vt 0.27461767 0.490691
vt 0.27168727 0.4914425
vt 0.27402073 0.48793507
vt 0.28492844 0.52327585
vt 0.28808522 0.5210376
vt 0.2895856 0.5255102
vt 0.2895856 0.5255102
vt 0.34044325 0.51650023
vt 0.34095776 0.5202044
vt 0.28808522 0.5210376
vt 0.34095776 0.5202044
vt 0.3455553 0.51731133
vt 0.3472796 0.51952076
vt 0.34044325 0.51650023
vt 0.3472796 0.51952076
vt 0.35152233 0.5118965
vt 0.3533694 0.5129529
vt 0.3455553 0.51731133
vt 0.3533694 0.5129529
vt 0.3532598 0.5115533
vt 0.3548808 0.5130202
vt 0.35152233 0.5118965
vt 0.3532598 0.5115533
vt 0.35268635 0.48146403
vt 0.35539025 0.48144776
vt 0.35152233 0.5118965
vt 0.35539025 0.48144776
vt 0.35268635 0.48146403
vt 0.35379356 0.47725087
vt 0.35379356 0.47725087
vt 0.33642584 0.48348552
vt 0.3363452 0.4788909
vt 0.35268635 0.48146403
vt 0.3363452 0.4788909
vt 0.27461767 0.490691
vt 0.27402073 0.48793507
vt 0.33642584 0.48348552
vt 0.35539025 0.48144776
vt 0.43616027 0.4448321
vt 0.43747258 0.44761622
vt 0.35379356 0.47725087
vt 0.3548808 0.5130202
vt 0.44014502 0.46724564
vt 0.44252557 0.4700979
vt 0.3532598 0.5115533
vt 0.44014502 0.46724564
vt 0.35539025 0.48144776
vt 0.43747258 0.44761622
vt 0.3532598 0.5115533
vt 0.3363452 0.4788909
vt 0.27171963 0.4832465
vt 0.30812126 0.47594464
vt 0.27402073 0.48793507
vt 0.3363452 0.4788909
vt 0.31220853 0.47015452
vt 0.3394364 0.4731077
vt 0.30812126 0.47594464
vt 0.3394364 0.4731077
vt 0.32130444 0.44067377
vt 0.33569974 0.44633645
vt 0.31220853 0.47015452
vt 0.3360921 0.40263397
vt 0.32161164 0.40804917
vt 0.34012818 0.37613493
vt 0.31312346 0.37853497
vt 0.3363452 0.4788909
vt 0.35400498 0.47174174
vt 0.35379356 0.47725087
vt 0.3394364 0.4731077
vt 0.35379356 0.47725087
vt 0.43277133 0.43734163
vt 0.43506366 0.43912846
vt 0.35400498 0.47174174
vt 0.35379356 0.47725087
vt 0.43506366 0.43912846
vt 0.43616027 0.4448321
vt 0.3394364 0.4731077
vt 0.35115063 0.4438774
vt 0.35400498 0.47174174
vt 0.33569974 0.44633645
vt 0.35154855 0.4052915
vt 0.35115063 0.4438774
vt 0.3360921 0.40263397
vt 0.34012818 0.37613493
vt 0.35154855 0.4052915
vt 0.35435843 0.37783223
vt 0.35400498 0.47174174
vt 0.38533318 0.44201523
vt 0.39174163 0.44476074
vt 0.35115063 0.4438774
vt 0.35400498 0.47174174
vt 0.4102317 0.44165868
vt 0.43277133 0.43734163
vt 0.39174163 0.44476074
vt 0.43277133 0.43734163
vt 0.4102317 0.44165868
vt 0.41617024 0.43681175
vt 0.41558278 0.42136526
vt 0.43285328 0.4204474
vt 0.41059995 0.41160637
vt 0.317814 0.43979675
vt 0.31220853 0.47015452
vt 0.30871856 0.46869415
vt 0.32130444 0.44067377
vt 0.30871856 0.46869415
vt 0.30812126 0.47594464
vt 0.30522662 0.47411352
vt 0.31220853 0.47015452
vt 0.30522662 0.47411352
vt 0.27171963 0.4832465
vt 0.2711308 0.47926348
vt 0.30812126 0.47594464
vt 0.2711308 0.47926348
vt 0.27171963 0.4832465
vt 0.2630651 0.48394358
vt 0.2630651 0.48394358
vt 0.27402073 0.48793507
vt 0.27168727 0.4914425
vt 0.27171963 0.4832465
vt 0.29086626 0.43681782
vt 0.30871856 0.46869415
vt 0.29601157 0.46497202
vt 0.317814 0.43979675
vt 0.29601157 0.46497202
vt 0.30522662 0.47411352
vt 0.29925126 0.46542728
vt 0.29601157 0.46497202
vt 0.30871856 0.46869415
vt 0.30522662 0.47411352
vt 0.29925126 0.46542728
vt 0.30522662 0.47411352
vt 0.2711308 0.47926348
vt 0.2630651 0.48394358
vt 0.28492844 0.52327585
vt 0.27053982 0.5301722
vt 0.27168727 0.4914425
vt 0.27053982 0.5301722
vt 0.2895856 0.5255102
vt 0.2824459 0.53911865
vt 0.28492844 0.52327585
vt 0.2824459 0.53911865
vt 0.34095776 0.5202044
vt 0.34063447 0.5511611
vt 0.2895856 0.5255102
vt 0.34095776 0.5202044
vt 0.36178255 0.5376544
vt 0.34063447 0.5511611
vt 0.3472796 0.51952076
vt 0.36178255 0.5376544
vt 0.38292152 0.540214
vt 0.34063447 0.5511611
vt 0.36178255 0.5376544
vt 0.3533694 0.5129529
vt 0.36871547 0.5176245
vt 0.3472796 0.51952076
vt 0.49199647 0.49982035
vt 0.5152278 0.5084276
vt 0.36871547 0.5176245
vt 0.3533694 0.5129529
vt 0.3548808 0.5130202
vt 0.36871547 0.5176245
vt 0.3548808 0.5130202
vt 0.44252557 0.4700979
vt 0.36871547 0.5176245
vt 0.44252557 0.4700979
vt 0.4869542 0.49737203
vt 0.36871547 0.5176245
vt 0.4869542 0.49737203
vt 0.49199647 0.49982035
vt 0.49199647 0.49982035
vt 0.4869542 0.49737203
vt 0.4913736 0.49677008
vt 0.4913736 0.49677008
vt 0.44252557 0.4700979
vt 0.4449998 0.46639425
vt 0.4869542 0.49737203
vt 0.4449998 0.46639425
vt 0.44252557 0.4700979
vt 0.44014502 0.46724564
vt 0.4449998 0.46639425
vt 0.43747258 0.44761622
vt 0.44141966 0.44599104
vt 0.44014502 0.46724564
vt 0.44141966 0.44599104
vt 0.43616027 0.4448321
vt 0.43992388 0.44330484
vt 0.43747258 0.44761622
vt 0.43992388 0.44330484
vt 0.43506366 0.43912846
vt 0.43934518 0.43913513
vt 0.43616027 0.4448321
vt 0.43934518 0.43913513
vt 0.43277133 0.43734163
vt 0.43852097 0.43656677
vt 0.43506366 0.43912846
vt 0.44141966 0.44599104
vt 0.4604724 0.43954176
vt 0.46911192 0.44038278
vt 0.43992388 0.44330484
vt 0.46911192 0.44038278
vt 0.4604724 0.43954176
vt 0.4704749 0.43736082
vt 0.4704749 0.43736082
vt 0.43934518 0.43913513
vt 0.43852097 0.43656677
vt 0.4604724 0.43954176
vt 0.4604724 0.43954176
vt 0.43992388 0.44330484
vt 0.43934518 0.43913513
vt 0.44141966 0.44599104
vt 0.48442912 0.45885932
vt 0.4449998 0.46639425
vt 0.46911192 0.44038278
vt 0.5029716 0.45571232
vt 0.4704749 0.43736082
vt 0.4935947 0.44278038
vt 0.48773193 0.43131095
vt 0.47082734 0.4187525
vt 0.48776263 0.42815024
vt 0.49390513 0.4137557
vt 0.50352436 0.40098625
vt 0.46953845 0.4157018
vt 0.4850548 0.39747316
vt 0.4417904 0.41001517
vt 0.44564342 0.38939124
vt 0.4449998 0.46639425
vt 0.48442912 0.45885932
vt 0.4913736 0.49677008
vt 0.5029716 0.45571232
vt 0.49199647 0.49982035
vt 0.50452805 0.49423683
vt 0.5074917 0.49852943
vt 0.4913736 0.49677008
vt 0.5074917 0.49852943
vt 0.5126822 0.49404645
vt 0.51315176 0.49553728
vt 0.50452805 0.49423683
vt 0.50452805 0.49423683
vt 0.5029716 0.45571232
vt 0.507956 0.45631826
vt 0.4913736 0.49677008
vt 0.5126822 0.49404645
vt 0.507956 0.45631826
vt 0.5108843 0.45854807
vt 0.50452805 0.49423683
vt 0.5126822 0.49404645
vt 0.5108843 0.45854807
vt 0.5155767 0.49323285
vt 0.5159743 0.4969064
vt 0.5029716 0.45571232
vt 0.50846744 0.45140827
vt 0.507956 0.45631826
vt 0.4935947 0.44278038
vt 0.5108843 0.45854807
vt 0.507956 0.45631826
vt 0.50846744 0.45140827
vt 0.48773193 0.43131095
vt 0.49790674 0.4413727
vt 0.4935947 0.44278038
vt 0.49181038 0.43077284
vt 0.50846744 0.45140827
vt 0.49790674 0.4413727
vt 0.50869274 0.44898617
vt 0.4935947 0.44278038
vt 0.50846744 0.45140827
vt 0.51638377 0.45275307
vt 0.51540756 0.46021843
vt 0.50869274 0.44898617
vt 0.51540756 0.46021843
vt 0.5267438 0.4600879
vt 0.52163154 0.46526015
vt 0.51638377 0.45275307
vt 0.52163154 0.46526015
vt 0.5355328 0.46597958
vt 0.53260535 0.47298527
vt 0.5267438 0.4600879
vt 0.53260535 0.47298527
vt 0.54389423 0.47223032
vt 0.53660864 0.47774833
vt 0.5355328 0.46597958
vt 0.53260535 0.47298527
vt 0.52208346 0.49561572
vt 0.52130175 0.4921015
vt 0.53660864 0.47774833
vt 0.52208346 0.49561572
vt 0.5108843 0.45854807
vt 0.50846744 0.45140827
vt 0.51540756 0.46021843
vt 0.5108843 0.45854807
vt 0.51733434 0.49244553
vt 0.5155767 0.49323285
vt 0.51540756 0.46021843
vt 0.51733434 0.49244553
vt 0.53260535 0.47298527
vt 0.52130175 0.4921015
vt 0.51540756 0.46021843
vt 0.49199647 0.49982035
vt 0.5074917 0.49852943
vt 0.5152278 0.5084276
vt 0.5152278 0.5084276
vt 0.51315176 0.49553728
vt 0.5162124 0.49957937
vt 0.5152278 0.5084276
vt 0.5074917 0.49852943
vt 0.51315176 0.49553728
vt 0.51315176 0.49553728
vt 0.5126822 0.49404645
vt 0.5159743 0.4969064
vt 0.51315176 0.49553728
vt 0.5159743 0.4969064
vt 0.5162124 0.49957937
vt 0.5152278 0.5084276
vt 0.5210959 0.49877876
vt 0.5317468 0.50068635
vt 0.5152278 0.5084276
vt 0.5162124 0.49957937
vt 0.5317468 0.50068635
vt 0.52197224 0.4968676
vt 0.53297955 0.4986238
vt 0.5210959 0.49877876
vt 0.53297955 0.4986238
vt 0.52208346 0.49561572
vt 0.53660864 0.47774833
vt 0.54749256 0.4949503
vt 0.52197224 0.4968676
vt 0.52208346 0.49561572
vt 0.520899 0.4970597
vt 0.520899 0.4970597
vt 0.5212148 0.49542904
vt 0.5317468 0.50068635
vt 0.5455112 0.5058753
vt 0.5438723 0.5092306
vt 0.53297955 0.4986238
vt 0.5438723 0.5092306
vt 0.558205 0.5038105
vt 0.55958533 0.5071875
vt 0.5455112 0.5058753
vt 0.55958533 0.5071875
vt 0.558205 0.5038105
vt 0.5973898 0.4895718
vt 0.5455112 0.5058753
vt 0.53297955 0.4986238
vt 0.54749256 0.4949503
vt 0.558205 0.5038105
vt 0.54749256 0.4949503
vt 0.5581256 0.4954996
vt 0.5455112 0.5058753
vt 0.558205 0.5038105
vt 0.5581256 0.4954996
vt 0.5973898 0.4895718
vt 0.5581256 0.4954996
vt 0.53660864 0.47774833
vt 0.54389423 0.47223032
vt 0.54749256 0.4949503
vt 0.5317468 0.50068635
vt 0.5141422 0.5360223
vt 0.5152278 0.5084276
vt 0.5438723 0.5092306
vt 0.5141422 0.5360223
vt 0.5438723 0.5092306
vt 0.55958533 0.5071875
vt 0.5973898 0.4895718
vt 0.6117137 0.5035928
vt 0.5973898 0.4895718
vt 0.54389423 0.47223032
vt 0.5684034 0.45793575
vt 0.5581256 0.4954996
vt 0.6117137 0.5035928
vt 0.60731655 0.46207082
vt 0.63448817 0.4773593
vt 0.5973898 0.4895718
vt 0.63448817 0.4773593
vt 0.6146995 0.43399328
vt 0.64154714 0.44472915
vt 0.60731655 0.46207082
vt 0.64154714 0.44472915
vt 0.614872 0.43130332
vt 0.64359474 0.43199402
vt 0.6146995 0.43399328
vt 0.60731655 0.46207082
vt 0.5684034 0.45793575
vt 0.5787014 0.4416517
vt 0.5973898 0.4895718
vt 0.5827067 0.43038136
vt 0.6146995 0.43399328
vt 0.60731655 0.46207082
vt 0.5787014 0.4416517
vt 0.58138907 0.43033665
vt 0.61485887 0.4286067
vt 0.614872 0.43130332
vt 0.49790674 0.4413727
vt 0.5100393 0.43134505
vt 0.51117384 0.44058323
vt 0.49181038 0.43077284
vt 0.49790674 0.4413727
vt 0.51638377 0.45275307
vt 0.50869274 0.44898617
vt 0.51117384 0.44058323
vt 0.5684034 0.45793575
vt 0.5355328 0.46597958
vt 0.56141436 0.4530437
vt 0.54389423 0.47223032
vt 0.5787014 0.4416517
vt 0.56141436 0.4530437
vt 0.5711431 0.43894744
vt 0.5684034 0.45793575
vt 0.5813901 0.43026012
vt 0.58138907 0.43033665
vt 0.5804759 0.4303159
vt 0.51638377 0.45275307
vt 0.520545 0.443726
vt 0.5267438 0.4600879
vt 0.51117384 0.44058323
vt 0.520545 0.443726
vt 0.5100393 0.43134505
vt 0.51653373 0.43099862
vt 0.51117384 0.44058323
vt 0.5267438 0.4600879
vt 0.52368987 0.44336098
vt 0.5321414 0.45620775
vt 0.520545 0.443726
vt 0.5267438 0.4600879
vt 0.5371943 0.45878577
vt 0.5355328 0.46597958
vt 0.5321414 0.45620775
vt 0.56141436 0.4530437
vt 0.5371943 0.45878577
vt 0.54389733 0.45304036
vt 0.5355328 0.46597958
vt 0.56141436 0.4530437
vt 0.54389733 0.45304036
vt 0.5566551 0.448022
vt 0.56141436 0.4530437
vt 0.5634363 0.4380586
vt 0.5711431 0.43894744
vt 0.5566551 0.448022
vt 0.5711431 0.43894744
vt 0.5658007 0.43211406
vt 0.5732437 0.4305771
vt 0.5634363 0.4380586
vt 0.5566551 0.448022
vt 0.5479662 0.44533002
vt 0.5634363 0.4380586
vt 0.54389733 0.45304036
vt 0.5634363 0.4380586
vt 0.5457983 0.43529445
vt 0.5658007 0.43211406
vt 0.5479662 0.44533002
vt 0.52234185 0.43114275
vt 0.520545 0.443726
vt 0.51653373 0.43099862
vt 0.52368987 0.44336098
vt 0.52425015 0.4318182
vt 0.5290351 0.44018853
vt 0.52368987 0.44336098
vt 0.535328 0.44890708
vt 0.5321414 0.45620775
vt 0.5290351 0.44018853
vt 0.5321414 0.45620775
vt 0.5378966 0.44917518
vt 0.5371943 0.45878577
vt 0.535328 0.44890708
vt 0.54389733 0.45304036
vt 0.5378966 0.44917518
vt 0.5395904 0.44816995
vt 0.5371943 0.45878577
vt 0.5479662 0.44533002
vt 0.5395904 0.44816995
vt 0.54100883 0.4426937
vt 0.54389733 0.45304036
vt 0.5479662 0.44533002
vt 0.5417066 0.43721086
vt 0.5457983 0.43529445
vt 0.54100883 0.4426937
vt 0.5457983 0.43529445
vt 0.54015094 0.43586951
vt 0.54262716 0.43205267
vt 0.5417066 0.43721086
vt 0.54262716 0.43205267
vt 0.53551036 0.4349323
vt 0.5349337 0.4314602
vt 0.54015094 0.43586951
vt 0.5349337 0.4314602
vt 0.5335528 0.4364515
vt 0.5331339 0.4327894
vt 0.53551036 0.4349323
vt 0.5331339 0.4327894
vt 0.5308294 0.43721646
vt 0.5301182 0.43344915
vt 0.5335528 0.4364515
vt 0.5301182 0.43344915
vt 0.5268103 0.43467802
vt 0.52748656 0.43223804
vt 0.5308294 0.43721646
vt 0.52748656 0.43223804
vt 0.5251914 0.43268973
vt 0.5259497 0.4307354
vt 0.5268103 0.43467802
vt 0.5259497 0.4307354
vt 0.52425015 0.4318182
vt 0.52234185 0.43114275
vt 0.5251914 0.43268973
vt 0.52425015 0.4318182
vt 0.5251914 0.43268973
vt 0.5290351 0.44018853
vt 0.52425015 0.4318182
vt 0.5268103 0.43467802
vt 0.5290351 0.44018853
vt 0.5268103 0.43467802
vt 0.5308294 0.43721646
vt 0.5290351 0.44018853
vt 0.5308294 0.43721646
vt 0.5335528 0.4364515
vt 0.5290351 0.44018853
vt 0.5417066 0.43721086
vt 0.54100883 0.4426937
vt 0.535328 0.44890708
vt 0.5395904 0.44816995
vt 0.54015094 0.43586951
vt 0.5417066 0.43721086
vt 0.53551036 0.4349323
vt 0.5395904 0.44816995
vt 0.5378966 0.44917518
vt 0.52368987 0.44336098
vt 0.52234185 0.43114275
vt 0.52425015 0.4318182
vt 0.520545 0.443726
vt 0.52234185 0.43114275
vt 0.5152278 0.5084276
vt 0.5141422 0.5360223
vt 0.4679798 0.5238694
vt 0.5152278 0.5084276
vt 0.38292152 0.540214
vt 0.36178255 0.5376544
vt 0.4679798 0.5238694
vt 0.51733434 0.49244553
vt 0.5212148 0.49542904
vt 0.5169064 0.4960993
vt 0.52130175 0.4921015
vt 0.5183707 0.49633986
vt 0.51753396 0.49646538
vt 0.51733434 0.49244553
vt 0.5169064 0.4960993
vt 0.5155767 0.49323285
vt 0.5155767 0.49323285
vt 0.51655376 0.49692994
vt 0.5159743 0.4969064
vt 0.5155767 0.49323285
vt 0.5169064 0.4960993
vt 0.51655376 0.49692994
vt 0.51655376 0.49692994
vt 0.51753396 0.49646538
vt 0.5173074 0.49709928
vt 0.51655376 0.49692994
vt 0.5169064 0.4960993
vt 0.5173074 0.49709928
vt 0.5183707 0.49633986
vt 0.5182104 0.49715805
vt 0.51753396 0.49646538
vt 0.5182104 0.49715805
vt 0.5212148 0.49542904
vt 0.520899 0.4970597
vt 0.5183707 0.49633986
vt 0.52130175 0.4921015
vt 0.52208346 0.49561572
vt 0.5212148 0.49542904
vt 0.520899 0.4970597
vt 0.5210959 0.49877876
vt 0.51935244 0.49831575
vt 0.520899 0.4970597
vt 0.52197224 0.4968676
vt 0.5210959 0.49877876
vt 0.51935244 0.49831575
vt 0.5162124 0.49957937
vt 0.5166322 0.49923158
vt 0.5210959 0.49877876
vt 0.5166322 0.49923158
vt 0.5159743 0.4969064
vt 0.51655376 0.49692994
vt 0.5166322 0.49923158
vt 0.5162124 0.49957937
vt 0.5159743 0.4969064
vt 0.51935244 0.49831575
vt 0.5173074 0.49709928
vt 0.5182104 0.49715805
vt 0.51935244 0.49831575
vt 0.5166322 0.49923158
vt 0.5173074 0.49709928
vt 0.51935244 0.49831575
vt 0.5182104 0.49715805
vt 0.520899 0.4970597
vt 0.5173074 0.49709928
vt 0.5166322 0.49923158
vt 0.51655376 0.49692994
vt 0.35115063 0.4438774
vt 0.38544047 0.4126497
vt 0.38533318 0.44201523
vt 0.35154855 0.4052915
vt 0.317814 0.43979675
vt 0.32161164 0.40804917
vt 0.32130444 0.44067377
vt 0.3181082 0.40886515
vt 0.29110122 0.41134065
vt 0.317814 0.43979675
vt 0.29086626 0.43681782
vt 0.3181082 0.40886515
vt 0.48773193 0.43131095
vt 0.49180377 0.4287097
vt 0.49181038 0.43077284
vt 0.48776263 0.42815024
vt 0.5827067 0.43038136
vt 0.58138907 0.43033665
vt 0.5813901 0.43026012
vt 0.5827067 0.43038136
vt 0.614872 0.43130332
vt 0.6146995 0.43399328
vt 0.6077345 0.39592534
vt 0.61485887 0.4286067
vt 0.5788872 0.41594225
vt 0.58138907 0.43033665
vt 0.5804759 0.4303159
vt 0.58138907 0.43033665
vt 0.5787014 0.4416517
vt 0.5711431 0.43894744
vt 0.5732437 0.4305771
vt 0.5732437 0.4305771
vt 0.5732731 0.4295357
vt 0.5804759 0.4303159
vt 0.5457983 0.43529445
vt 0.5658702 0.42763656
vt 0.5658007 0.43211406
vt 0.54605854 0.4239847
vt 0.54262716 0.43205267
vt 0.54605854 0.4239847
vt 0.5457983 0.43529445
vt 0.5427191 0.42713147
vt 0.51653373 0.43099862
vt 0.5222901 0.42808372
vt 0.52234185 0.43114275
vt 0.51651144 0.42829436
vt 0.28978837 0.32761312
vt 0.3373748 0.36575818
vt 0.27612567 0.35755748
vt 0.34212768 0.333031
vt 0.34212768 0.333031
vt 0.34725595 0.33233637
vt 0.3373748 0.36575818
vt 0.35338765 0.36813527
vt 0.35301495 0.3378598
vt 0.27612567 0.35755748
vt 0.28665078 0.32535088
vt 0.28978837 0.32761312
vt 0.27321088 0.3567881
vt 0.27612567 0.35755748
vt 0.27551043 0.36027557
vt 0.27321088 0.3567881
vt 0.28665078 0.32535088
vt 0.29132688 0.3231796
vt 0.28978837 0.32761312
vt 0.29132688 0.3231796
vt 0.34212768 0.333031
vt 0.28978837 0.32761312
vt 0.34272492 0.32935554
vt 0.34272492 0.32935554
vt 0.34725595 0.33233637
vt 0.34212768 0.333031
vt 0.34905994 0.33017844
vt 0.34905994 0.33017844
vt 0.35301495 0.3378598
vt 0.34725595 0.33233637
vt 0.35487032 0.33685237
vt 0.35487032 0.33685237
vt 0.35470676 0.33824235
vt 0.35301495 0.3378598
vt 0.35636914 0.33682948
vt 0.35470676 0.33824235
vt 0.35338765 0.36813527
vt 0.35301495 0.3378598
vt 0.3560803 0.36822253
vt 0.3560803 0.36822253
vt 0.35435212 0.3723464
vt 0.35338765 0.36813527
vt 0.35435212 0.3723464
vt 0.3373748 0.36575818
vt 0.35338765 0.36813527
vt 0.33720648 0.37031406
vt 0.33720648 0.37031406
vt 0.27612567 0.35755748
vt 0.3373748 0.36575818
vt 0.27551043 0.36027557
vt 0.3560803 0.36822253
vt 0.4363991 0.41116375
vt 0.35435212 0.3723464
vt 0.43780446 0.4083603
vt 0.35636914 0.33682948
vt 0.44078028 0.38846987
vt 0.35470676 0.33824235
vt 0.4432181 0.38562047
vt 0.44078028 0.38846987
vt 0.3560803 0.36822253
vt 0.35470676 0.33824235
vt 0.43780446 0.4083603
vt 0.33720648 0.37031406
vt 0.27320713 0.36488944
vt 0.27551043 0.36027557
vt 0.3091696 0.37271708
vt 0.33720648 0.37031406
vt 0.31312346 0.37853497
vt 0.3091696 0.37271708
vt 0.34012818 0.37613493
vt 0.33720648 0.37031406
vt 0.35435843 0.37783223
vt 0.34012818 0.37613493
vt 0.35435212 0.3723464
vt 0.35435212 0.3723464
vt 0.43285328 0.4204474
vt 0.35435843 0.37783223
vt 0.43492252 0.4168839
vt 0.35435212 0.3723464
vt 0.4363991 0.41116375
vt 0.43492252 0.4168839
vt 0.35435843 0.37783223
vt 0.38544047 0.4126497
vt 0.35154855 0.4052915
vt 0.39184397 0.40705603
vt 0.35435843 0.37783223
vt 0.41059995 0.41160637
vt 0.39184397 0.40705603
vt 0.43285328 0.4204474
vt 0.3181082 0.40886515
vt 0.31312346 0.37853497
vt 0.32161164 0.40804917
vt 0.30963337 0.37990814
vt 0.30963337 0.37990814
vt 0.3091696 0.37271708
vt 0.31312346 0.37853497
vt 0.30627626 0.3744654
vt 0.30627626 0.3744654
vt 0.27320713 0.36488944
vt 0.3091696 0.37271708
vt 0.2726186 0.36880976
vt 0.2726186 0.36880976
vt 0.2645632 0.36416775
vt 0.27320713 0.36488944
vt 0.2645632 0.36416775
vt 0.27551043 0.36027557
vt 0.27320713 0.36488944
vt 0.27321088 0.3567881
vt 0.29110122 0.41134065
vt 0.30963337 0.37990814
vt 0.3181082 0.40886515
vt 0.29691148 0.38327843
vt 0.29691148 0.38327843
vt 0.30627626 0.3744654
vt 0.30963337 0.37990814
vt 0.29691148 0.38327843
vt 0.30024105 0.38285273
vt 0.30627626 0.3744654
vt 0.30024105 0.38285273
vt 0.2726186 0.36880976
vt 0.30627626 0.3744654
vt 0.2645632 0.36416775
vt 0.28665078 0.32535088
vt 0.27321088 0.3567881
vt 0.27228725 0.3183568
vt 0.27228725 0.3183568
vt 0.29132688 0.3231796
vt 0.28665078 0.32535088
vt 0.2842309 0.30948126
vt 0.2842309 0.30948126
vt 0.34272492 0.32935554
vt 0.29132688 0.3231796
vt 0.34290707 0.29846972
vt 0.34272492 0.32935554
vt 0.36427277 0.3125028
vt 0.34905994 0.33017844
vt 0.34290707 0.29846972
vt 0.36427277 0.3125028
vt 0.51691425 0.34850556
vt 0.38640475 0.3120678
vt 0.47096908 0.32993144
vt 0.34290707 0.29846972
vt 0.51691425 0.34850556
vt 0.5162897 0.31990355
vt 0.36427277 0.3125028
vt 0.35487032 0.33685237
vt 0.34905994 0.33017844
vt 0.37035072 0.33354646
vt 0.49319345 0.35635382
vt 0.51691425 0.34850556
vt 0.5088942 0.35813576
vt 0.37035072 0.33354646
vt 0.35636914 0.33682948
vt 0.35487032 0.33685237
vt 0.37035072 0.33354646
vt 0.4432181 0.38562047
vt 0.35636914 0.33682948
vt 0.48803473 0.3586846
vt 0.37035072 0.33354646
vt 0.49319345 0.35635382
vt 0.48803473 0.3586846
vt 0.49319345 0.35635382
vt 0.4925099 0.3594064
vt 0.48803473 0.3586846
vt 0.4925099 0.3594064
vt 0.4432181 0.38562047
vt 0.48803473 0.3586846
vt 0.44564342 0.38939124
vt 0.44564342 0.38939124
vt 0.44078028 0.38846987
vt 0.4432181 0.38562047
vt 0.44564342 0.38939124
vt 0.43780446 0.4083603
vt 0.44078028 0.38846987
vt 0.4417904 0.41001517
vt 0.4417904 0.41001517
vt 0.4363991 0.41116375
vt 0.43780446 0.4083603
vt 0.4402445 0.41278964
vt 0.4402445 0.41278964
vt 0.43492252 0.4168839
vt 0.4363991 0.41116375
vt 0.43967938 0.41713613
vt 0.43967938 0.41713613
vt 0.43285328 0.4204474
vt 0.43492252 0.4168839
vt 0.43859255 0.42127258
vt 0.43852097 0.43656677
vt 0.43285328 0.4204474
vt 0.43859255 0.42127258
vt 0.43277133 0.43734163
vt 0.4417904 0.41001517
vt 0.4609251 0.4164452
vt 0.4402445 0.41278964
vt 0.46953845 0.4157018
vt 0.46953845 0.4157018
vt 0.47082734 0.4187525
vt 0.4609251 0.4164452
vt 0.47082734 0.4187525
vt 0.43967938 0.41713613
vt 0.4609251 0.4164452
vt 0.43859255 0.42127258
vt 0.4609251 0.4164452
vt 0.43967938 0.41713613
vt 0.4402445 0.41278964
vt 0.4704749 0.43736082
vt 0.43859255 0.42127258
vt 0.47082734 0.4187525
vt 0.43852097 0.43656677
vt 0.44564342 0.38939124
vt 0.4925099 0.3594064
vt 0.4850548 0.39747316
vt 0.50352436 0.40098625
vt 0.49319345 0.35635382
vt 0.50581026 0.36233455
vt 0.4925099 0.3594064
vt 0.5088942 0.35813576
vt 0.5088942 0.35813576
vt 0.5140934 0.36270833
vt 0.50581026 0.36233455
vt 0.5146004 0.36123002
vt 0.50581026 0.36233455
vt 0.50352436 0.40098625
vt 0.4925099 0.3594064
vt 0.50852406 0.40047175
vt 0.5140934 0.36270833
vt 0.50852406 0.40047175
vt 0.50581026 0.36233455
vt 0.51150215 0.39828318
vt 0.5140934 0.36270833
vt 0.5176998 0.36042655
vt 0.51150215 0.39828318
vt 0.51750815 0.35990417
vt 0.50352436 0.40098625
vt 0.5089052 0.40542227
vt 0.49390513 0.4137557
vt 0.50852406 0.40047175
vt 0.51150215 0.39828318
vt 0.5089052 0.40542227
vt 0.50852406 0.40047175
vt 0.48776263 0.42815024
vt 0.4981827 0.41524905
vt 0.49180377 0.4287097
vt 0.49390513 0.4137557
vt 0.5089052 0.40542227
vt 0.4981827 0.41524905
vt 0.49390513 0.4137557
vt 0.5090662 0.40785366
vt 0.5089052 0.40542227
vt 0.51687527 0.40429848
vt 0.5090662 0.40785366
vt 0.5160797 0.39668053
vt 0.5160797 0.39668053
vt 0.5274469 0.39691168
vt 0.51687527 0.40429848
vt 0.52237093 0.3916582
vt 0.52237093 0.3916582
vt 0.5363626 0.39098406
vt 0.5274469 0.39691168
vt 0.5335594 0.38398278
vt 0.5335594 0.38398278
vt 0.5447894 0.38485056
vt 0.5363626 0.39098406
vt 0.5376292 0.3792464
vt 0.5335594 0.38398278
vt 0.5222817 0.36125767
vt 0.5376292 0.3792464
vt 0.52272785 0.3647672
vt 0.51150215 0.39828318
vt 0.5160797 0.39668053
vt 0.5089052 0.40542227
vt 0.51150215 0.39828318
vt 0.5186423 0.36478865
vt 0.5160797 0.39668053
vt 0.5176998 0.36042655
vt 0.5186423 0.36478865
vt 0.5335594 0.38398278
vt 0.5160797 0.39668053
vt 0.52272785 0.3647672
vt 0.51691425 0.34850556
vt 0.5146004 0.36123002
vt 0.5088942 0.35813576
vt 0.51691425 0.34850556
vt 0.5177684 0.35725933
vt 0.5146004 0.36123002
vt 0.5146004 0.36123002
vt 0.51750815 0.35990417
vt 0.5140934 0.36270833
vt 0.5146004 0.36123002
vt 0.5177684 0.35725933
vt 0.51750815 0.35990417
vt 0.51691425 0.34850556
vt 0.52263594 0.35808563
vt 0.5177684 0.35725933
vt 0.51691425 0.34850556
vt 0.533202 0.3561843
vt 0.533202 0.3561843
vt 0.52310306 0.35961807
vt 0.52263594 0.35808563
vt 0.53439146 0.35826975
vt 0.53439146 0.35826975
vt 0.5222817 0.36125767
vt 0.52310306 0.35961807
vt 0.5376292 0.3792464
vt 0.54872257 0.36211264
vt 0.5214596 0.35975564
vt 0.5205415 0.36142385
vt 0.52310306 0.35961807
vt 0.533202 0.3561843
vt 0.5469199 0.351058
vt 0.53439146 0.35826975
vt 0.5453456 0.34763288
vt 0.5453456 0.34763288
vt 0.5594692 0.35334778
vt 0.5469199 0.351058
vt 0.5608833 0.34996778
vt 0.5608833 0.34996778
vt 0.5981239 0.3683508
vt 0.5594692 0.35334778
vt 0.5469199 0.351058
vt 0.54872257 0.36211264
vt 0.53439146 0.35826975
vt 0.5594692 0.35334778
vt 0.54872257 0.36211264
vt 0.5469199 0.351058
vt 0.5592735 0.3617156
vt 0.5594692 0.35334778
vt 0.5981239 0.3683508
vt 0.5592735 0.3617156
vt 0.5592735 0.3617156
vt 0.5376292 0.3792464
vt 0.54872257 0.36211264
vt 0.5447894 0.38485056
vt 0.533202 0.3561843
vt 0.5162897 0.31990355
vt 0.5453456 0.34763288
vt 0.51691425 0.34850556
vt 0.5162897 0.31990355
vt 0.5162897 0.31990355
vt 0.5608833 0.34996778
vt 0.5453456 0.34763288
vt 0.5981239 0.3683508
vt 0.61244756 0.35463053
vt 0.5981239 0.3683508
vt 0.5447894 0.38485056
vt 0.5592735 0.3617156
vt 0.5689501 0.3995164
vt 0.61244756 0.35463053
vt 0.6077345 0.39592534
vt 0.5981239 0.3683508
vt 0.6352202 0.38135165
vt 0.6352202 0.38135165
vt 0.61485887 0.4286067
vt 0.6077345 0.39592534
vt 0.6422383 0.41913933
vt 0.6422383 0.41913933
vt 0.614872 0.43130332
vt 0.61485887 0.4286067
vt 0.64359474 0.43199402
vt 0.6077345 0.39592534
vt 0.5689501 0.3995164
vt 0.5981239 0.3683508
vt 0.5788872 0.41594225
vt 0.4981827 0.41524905
vt 0.5100237 0.42799813
vt 0.49180377 0.4287097
vt 0.5112616 0.41629475
vt 0.4981827 0.41524905
vt 0.51687527 0.40429848
vt 0.5112616 0.41629475
vt 0.5090662 0.40785366
vt 0.5100393 0.43134505
vt 0.49180377 0.4287097
vt 0.5100237 0.42799813
vt 0.49181038 0.43077284
vt 0.5689501 0.3995164
vt 0.5363626 0.39098406
vt 0.5447894 0.38485056
vt 0.5619498 0.40431136
vt 0.5788872 0.41594225
vt 0.5619498 0.40431136
vt 0.5689501 0.3995164
vt 0.5713143 0.41846865
vt 0.5813901 0.43042725
vt 0.5804759 0.4303159
vt 0.58138907 0.43033665
vt 0.5788872 0.41594225
vt 0.5713143 0.41846865
vt 0.5732731 0.4295357
vt 0.51687527 0.40429848
vt 0.52082556 0.41372257
vt 0.5112616 0.41629475
vt 0.5274469 0.39691168
vt 0.52082556 0.41372257
vt 0.5100237 0.42799813
vt 0.5112616 0.41629475
vt 0.51651144 0.42829436
vt 0.51653373 0.43099862
vt 0.5100237 0.42799813
vt 0.51651144 0.42829436
vt 0.5100393 0.43134505
vt 0.5274469 0.39691168
vt 0.52407557 0.4142397
vt 0.52082556 0.41372257
vt 0.53283876 0.40082115
vt 0.5274469 0.39691168
vt 0.5379155 0.39812803
vt 0.53283876 0.40082115
vt 0.5363626 0.39098406
vt 0.5619498 0.40431136
vt 0.5379155 0.39812803
vt 0.5363626 0.39098406
vt 0.544543 0.40403825
vt 0.5619498 0.40431136
vt 0.5571576 0.40928108
vt 0.544543 0.40403825
vt 0.5619498 0.40431136
vt 0.56368273 0.41928476
vt 0.5571576 0.40928108
vt 0.5713143 0.41846865
vt 0.5713143 0.41846865
vt 0.5658702 0.42763656
vt 0.56368273 0.41928476
vt 0.5732731 0.4295357
vt 0.5732437 0.4305771
vt 0.5658702 0.42763656
vt 0.5732731 0.4295357
vt 0.5658007 0.43211406
vt 0.5571576 0.40928108
vt 0.5485383 0.41193968
vt 0.544543 0.40403825
vt 0.56368273 0.41928476
vt 0.56368273 0.41928476
vt 0.54605854 0.4239847
vt 0.5485383 0.41193968
vt 0.5658702 0.42763656
vt 0.5222901 0.42808372
vt 0.51651144 0.42829436
vt 0.52082556 0.41372257
vt 0.52407557 0.4142397
vt 0.52896184 0.41859156
vt 0.5242679 0.42749125
vt 0.52407557 0.4142397
vt 0.535579 0.4092241
vt 0.52896184 0.41859156
vt 0.53283876 0.40082115
vt 0.53283876 0.40082115
vt 0.5385813 0.4088719
vt 0.535579 0.4092241
vt 0.5379155 0.39812803
vt 0.544543 0.40403825
vt 0.5385813 0.4088719
vt 0.5379155 0.39812803
vt 0.54044753 0.41017455
vt 0.5485383 0.41193968
vt 0.54044753 0.41017455
vt 0.544543 0.40403825
vt 0.54151833 0.41617996
vt 0.5485383 0.41193968
vt 0.5419902 0.42187238
vt 0.54151833 0.41617996
vt 0.54605854 0.4239847
vt 0.54605854 0.4239847
vt 0.54034907 0.4232096
vt 0.5419902 0.42187238
vt 0.5427191 0.42713147
vt 0.5427191 0.42713147
vt 0.5355882 0.42407745
vt 0.54034907 0.4232096
vt 0.5349537 0.42757958
vt 0.5349537 0.42757958
vt 0.53361446 0.42250067
vt 0.5355882 0.42407745
vt 0.5331507 0.4262367
vt 0.5331507 0.4262367
vt 0.5308286 0.421696
vt 0.53361446 0.42250067
vt 0.5301203 0.42559093
vt 0.5301203 0.42559093
vt 0.5267972 0.4244073
vt 0.5308286 0.421696
vt 0.5274801 0.42686647
vt 0.5274801 0.42686647
vt 0.5251951 0.42652828
vt 0.5267972 0.4244073
vt 0.52594113 0.42841607
vt 0.52594113 0.42841607
vt 0.5242679 0.42749125
vt 0.5251951 0.42652828
vt 0.5222901 0.42808372
vt 0.5242679 0.42749125
vt 0.5251951 0.42652828
vt 0.52896184 0.41859156
vt 0.5267972 0.4244073
vt 0.5242679 0.42749125
vt 0.52896184 0.41859156
vt 0.5267972 0.4244073
vt 0.52896184 0.41859156
vt 0.5308286 0.421696
vt 0.5308286 0.421696
vt 0.52896184 0.41859156
vt 0.53361446 0.42250067
vt 0.5419902 0.42187238
vt 0.54151833 0.41617996
vt 0.535579 0.4092241
vt 0.54044753 0.41017455
vt 0.5385813 0.4088719
vt 0.54034907 0.4232096
vt 0.5355882 0.42407745
vt 0.5419902 0.42187238
vt 0.52407557 0.4142397
vt 0.5222901 0.42808372
vt 0.52082556 0.41372257
vt 0.5242679 0.42749125
vt 0.5222901 0.42808372
vt 0.5259497 0.4307354
vt 0.5222901 0.42808372
vt 0.52594113 0.42841607
vt 0.52234185 0.43114275
vt 0.5301203 0.42559093
vt 0.5301182 0.43344915
vt 0.52748656 0.43223804
vt 0.5259497 0.4307354
vt 0.52594113 0.42841607
vt 0.5274801 0.42686647
vt 0.5331339 0.4327894
vt 0.5301203 0.42559093
vt 0.5331507 0.4262367
vt 0.5301182 0.43344915
vt 0.5349337 0.4314602
vt 0.5331507 0.4262367
vt 0.5349537 0.42757958
vt 0.5331339 0.4327894
vt 0.54262716 0.43205267
vt 0.5349537 0.42757958
vt 0.5427191 0.42713147
vt 0.5349337 0.4314602
vt 0.5186423 0.36478865
vt 0.5205415 0.36142385
vt 0.52272785 0.3647672
vt 0.5184891 0.36100626
vt 0.5184891 0.36100626
vt 0.51974136 0.36086452
vt 0.5191159 0.36066544
vt 0.5186423 0.36478865
vt 0.5176998 0.36042655
vt 0.5184891 0.36100626
vt 0.5176998 0.36042655
vt 0.51802385 0.35982144
vt 0.5184891 0.36100626
vt 0.51750815 0.35990417
vt 0.51802385 0.35982144
vt 0.5191159 0.36066544
vt 0.5184891 0.36100626
vt 0.51891243 0.36003494
vt 0.51891243 0.36003494
vt 0.51974136 0.36086452
vt 0.5191159 0.36066544
vt 0.51960707 0.36004877
vt 0.51960707 0.36004877
vt 0.5205415 0.36142385
vt 0.51974136 0.36086452
vt 0.5214596 0.35975564
vt 0.52272785 0.3647672
vt 0.5205415 0.36142385
vt 0.5222817 0.36125767
vt 0.5214596 0.35975564
vt 0.52263594 0.35808563
vt 0.52310306 0.35961807
vt 0.5214596 0.35975564
vt 0.5212572 0.3585018
vt 0.52263594 0.35808563
vt 0.5212572 0.3585018
vt 0.5177684 0.35725933
vt 0.52263594 0.35808563
vt 0.51819015 0.35761034
vt 0.51819015 0.35761034
vt 0.51750815 0.35990417
vt 0.5177684 0.35725933
vt 0.51819015 0.35761034
vt 0.51802385 0.35982144
vt 0.51750815 0.35990417
vt 0.5212572 0.3585018
vt 0.51891243 0.36003494
vt 0.51819015 0.35761034
vt 0.51960707 0.36004877
vt 0.51802385 0.35982144
vt 0.5212572 0.3585018
vt 0.5214596 0.35975564
vt 0.51960707 0.36004877
vt 0.5827067 0.43038136
vt 0.5813901 0.43042725
vt 0.58138907 0.43033665
vt 0.38533318 0.44201523
vt 0.3939948 0.4430778
vt 0.39174163 0.44476074
vt 0.39027917 0.43928117
vt 0.39174163 0.44476074
vt 0.40692455 0.44049758
vt 0.4102317 0.44165868
vt 0.3939948 0.4430778
vt 0.4102317 0.44165868
vt 0.41064358 0.4352463
vt 0.41617024 0.43681175
vt 0.40692455 0.44049758
vt 0.41617024 0.43681175
vt 0.41027725 0.42177117
vt 0.41558278 0.42136526
vt 0.41064358 0.4352463
vt 0.39184397 0.40705603
vt 0.39042503 0.4146182
vt 0.38544047 0.4126497
vt 0.39407974 0.4091273
vt 0.41059995 0.41160637
vt 0.39407974 0.4091273
vt 0.39184397 0.40705603
vt 0.40694213 0.41289598
vt 0.41558278 0.42136526
vt 0.40694213 0.41289598
vt 0.41059995 0.41160637
vt 0.41027725 0.42177117
vt 0.38544047 0.4126497
vt 0.39027917 0.43928117
vt 0.38533318 0.44201523
vt 0.39042503 0.4146182
vt 0.39027917 0.43928117
vt 0.39858782 0.44186336
vt 0.3939948 0.4430778
vt 0.40428615 0.43863493
vt 0.3939948 0.4430778
vt 0.3996024 0.439434
vt 0.40692455 0.44049758
vt 0.3939948 0.4430778
vt 0.39858782 0.44186336
vt 0.3996024 0.439434
vt 0.40692455 0.44049758
vt 0.39636856 0.4352501
vt 0.41064358 0.4352463
vt 0.3996024 0.439434
vt 0.41064358 0.4352463
vt 0.39454973 0.42211497
vt 0.41027725 0.42177117
vt 0.39636856 0.4352501
vt 0.39407974 0.4091273
vt 0.40530193 0.41501707
vt 0.39042503 0.4146182
vt 0.39890385 0.41010898
vt 0.40694213 0.41289598
vt 0.39890385 0.41010898
vt 0.39407974 0.4091273
vt 0.40694213 0.41289598
vt 0.39756978 0.4137649
vt 0.39890385 0.41010898
vt 0.41027725 0.42177117
vt 0.39756978 0.4137649
vt 0.40694213 0.41289598
vt 0.39454973 0.42211497
vt 0.39042503 0.4146182
vt 0.40428615 0.43863493
vt 0.39027917 0.43928117
vt 0.40530193 0.41501707
vt 0.79486346 0.109858155
vt 0.80551106 0.14361614
vt 0.7879647 0.14449245
vt 0.8074208 0.109252214
vt 0.80551106 0.14361614
vt 0.78264296 0.18870729
vt 0.7879647 0.14449245
vt 0.79485637 0.18197662
vt 0.7966551 0.24042785
vt 0.8131798 0.23235548
vt 0.79652685 0.29417115
vt 0.8124768 0.2928279
vt 0.7820289 0.3277855
vt 0.78603524 0.3576169
vt 0.7691854 0.3678776
vt 0.78083515 0.37599355
vt 0.77131057 0.40538406
vt 0.78256613 0.40526122
vt 0.78256613 0.40526122
vt 0.76780665 0.42749077
vt 0.77131057 0.40538406
vt 0.7847682 0.4341008
vt 0.78256613 0.40526122
vt 0.8546051 0.44135022
vt 0.7847682 0.4341008
vt 0.8607532 0.42233562
vt 0.8491335 0.4134751
vt 0.8607532 0.42233562
vt 0.9437075 0.4758684
vt 0.8546051 0.44135022
vt 0.95301545 0.41925955
vt 0.76780665 0.42749077
vt 0.764559 0.4062273
vt 0.77131057 0.40538406
vt 0.7629026 0.4270652
vt 0.7847682 0.4341008
vt 0.76914084 0.4309181
vt 0.76780665 0.42749077
vt 0.78335774 0.4392993
vt 0.7847682 0.4341008
vt 0.85598564 0.44592708
vt 0.78335774 0.4392993
vt 0.8546051 0.44135022
vt 0.9437075 0.4758684
vt 0.85598564 0.44592708
vt 0.8546051 0.44135022
vt 0.941119 0.48482525
vt 0.76914084 0.4309181
vt 0.7629026 0.4270652
vt 0.76780665 0.42749077
vt 0.764559 0.4062273
vt 0.7691854 0.3678776
vt 0.77131057 0.40538406
vt 0.7616464 0.3668641
vt 0.7616464 0.3668641
vt 0.7820289 0.3277855
vt 0.7691854 0.3678776
vt 0.774312 0.3237263
vt 0.774312 0.3237263
vt 0.79652685 0.29417115
vt 0.7820289 0.3277855
vt 0.7887212 0.29010415
vt 0.7887212 0.29010415
vt 0.7966551 0.24042785
vt 0.79652685 0.29417115
vt 0.7896333 0.2421267
vt 0.7896333 0.2421267
vt 0.78264296 0.18870729
vt 0.7966551 0.24042785
vt 0.774253 0.19285828
vt 0.774253 0.19285828
vt 0.7879647 0.14449245
vt 0.78264296 0.18870729
vt 0.780334 0.14555985
vt 0.780334 0.14555985
vt 0.79486346 0.109858155
vt 0.7879647 0.14449245
vt 0.7867912 0.10798907
vt 0.7867912 0.10798907
vt 0.7959142 0.1014092
vt 0.79486346 0.109858155
vt 0.7959142 0.1014092
vt 0.8074208 0.109252214
vt 0.79486346 0.109858155
vt 0.8052531 0.102930605
vt 0.8052531 0.102930605
vt 0.88391995 0.10924035
vt 0.8074208 0.109252214
vt 0.885529 0.10445267
vt 0.885529 0.10445267
vt 0.9746692 0.072916746
vt 0.88391995 0.10924035
vt 0.9710372 0.06416035
vt 0.88391995 0.10924035
vt 0.80551106 0.14361614
vt 0.8074208 0.109252214
vt 0.88979244 0.13034964
vt 0.87696123 0.1407274
vt 0.9746692 0.072916746
vt 0.88979244 0.13034964
vt 0.88391995 0.10924035
vt 0.9845066 0.12779886
vt 0.9845066 0.12779886
vt 0.87696123 0.1407274
vt 0.88979244 0.13034964
vt 0.9780965 0.17398459
vt 0.8607532 0.42233562
vt 0.94543254 0.37221485
vt 0.95301545 0.41925955
vt 0.8491335 0.4134751
vt 0.78083515 0.37599355
vt 0.7993077 0.38605493
vt 0.78256613 0.40526122
vt 0.78083515 0.37599355
vt 0.7933447 0.3810668
vt 0.7993077 0.38605493
vt 0.7933447 0.3810668
vt 0.78083515 0.37599355
vt 0.78603524 0.3576169
vt 0.8124768 0.2928279
vt 0.8310104 0.29734033
vt 0.8310104 0.29734033
vt 0.8124768 0.2928279
vt 0.8131798 0.23235548
vt 0.83713883 0.23293245
vt 0.79485637 0.18197662
vt 0.8326879 0.21851623
vt 0.8131798 0.23235548
vt 0.81058496 0.17974156
vt 0.79485637 0.18197662
vt 0.8149057 0.16937888
vt 0.81058496 0.17974156
vt 0.80551106 0.14361614
vt 0.80551106 0.14361614
vt 0.84403473 0.20245022
vt 0.8149057 0.16937888
vt 0.8573075 0.2011686
vt 0.80551106 0.14361614
vt 0.9780965 0.17398459
vt 0.8573075 0.2011686
vt 0.87696123 0.1407274
vt 0.7867912 0.10798907
vt 0.7956071 0.08220607
vt 0.7959142 0.1014092
vt 0.7763907 0.1041795
vt 0.7956071 0.08220607
vt 0.7956071 0.08220607
vt 0.8052531 0.102930605
vt 0.7959142 0.1014092
vt 0.7956071 0.08220607
vt 0.885529 0.10445267
vt 0.86102873 0.09039134
vt 0.9710372 0.06416035
vt 0.911223 0.070585966
vt 0.9270957 0.05063826
vt 0.943759 0.022694945
vt 0.9710372 0.06416035
vt 0.780334 0.14555985
vt 0.7763907 0.1041795
vt 0.7867912 0.10798907
vt 0.75232995 0.14219117
vt 0.774253 0.19285828
vt 0.75834954 0.19346744
vt 0.7896333 0.2421267
vt 0.75834954 0.19346744
vt 0.774253 0.19285828
vt 0.77367616 0.24644637
vt 0.7887212 0.29010415
vt 0.77367616 0.24644637
vt 0.7896333 0.2421267
vt 0.7745365 0.2873708
vt 0.774312 0.3237263
vt 0.7745365 0.2873708
vt 0.7887212 0.29010415
vt 0.7603252 0.3156917
vt 0.7616464 0.3668641
vt 0.7603252 0.3156917
vt 0.774312 0.3237263
vt 0.7457423 0.36187774
vt 0.7616464 0.3668641
vt 0.7473153 0.39937294
vt 0.7457423 0.36187774
vt 0.764559 0.4062273
vt 0.764559 0.4062273
vt 0.73945457 0.41121715
vt 0.7473153 0.39937294
vt 0.7398695 0.42373765
vt 0.764559 0.4062273
vt 0.74986476 0.43233192
vt 0.7398695 0.42373765
vt 0.7629026 0.4270652
vt 0.7629026 0.4270652
vt 0.7690433 0.45723528
vt 0.74986476 0.43233192
vt 0.76914084 0.4309181
vt 0.7690433 0.45723528
vt 0.78335774 0.4392993
vt 0.7690433 0.45723528
vt 0.76914084 0.4309181
vt 0.78335774 0.4392993
vt 0.82717854 0.45658636
vt 0.7690433 0.45723528
vt 0.85598564 0.44592708
vt 0.88068074 0.4769079
vt 0.941119 0.48482525
vt 0.9176555 0.51571894
vt 0.78256613 0.40526122
vt 0.85014737 0.40889478
vt 0.8491335 0.4134751
vt 0.85014737 0.40889478
vt 0.94543254 0.37221485
vt 0.8491335 0.4134751
vt 0.80484563 0.3887384
vt 0.94543254 0.37221485
vt 0.85014737 0.40889478
vt 0.92359716 0.32869273
vt 0.78256613 0.40526122
vt 0.7993077 0.38605493
vt 0.80484563 0.3887384
vt 0.78256613 0.40526122

g Slingshot_FBrakes_01
s 1
usemtl Slingshot_FBrakes_01
f 3/3/3 2/2/2 1/1/1 
f 2/2/2 4/4/4 1/1/1 
f 5/5/5 2/2/2 3/3/3 
f 6/6/6 5/5/5 3/3/3 
f 7/7/7 5/5/5 6/6/6 
f 8/8/8 7/7/7 6/6/6 
f 9/9/9 7/7/7 8/8/8 
f 10/10/10 9/9/9 8/8/8 
f 11/11/11 9/9/9 10/10/10 
f 1/1/1 4/4/4 12/12/12 
f 4/4/4 13/13/13 12/12/12 
f 12/12/12 13/13/13 14/14/14 
f 13/13/13 15/15/15 14/14/14 
f 14/14/14 15/15/15 16/16/16 
f 15/15/15 17/17/17 16/16/16 
f 16/16/16 17/17/17 18/18/18 
f 17/17/17 19/19/19 18/18/18 
f 18/18/18 19/19/19 20/20/20 
f 19/19/19 21/21/21 20/20/20 
f 20/20/20 21/21/21 22/22/22 
f 24/24/24 23/23/23 10/10/10 
f 25/25/25 23/23/23 24/24/24 
f 26/26/26 25/25/25 24/24/24 
f 27/27/27 25/25/25 26/26/26 
f 28/28/28 27/27/27 26/26/26 
f 29/29/29 27/27/27 28/28/28 
f 30/30/30 29/29/29 28/28/28 
f 31/31/31 29/29/29 30/30/30 
f 32/32/32 31/31/31 30/30/30 
f 33/33/33 31/31/31 32/32/32 
f 34/34/34 33/33/33 32/32/32 
f 35/35/35 33/33/33 34/34/34 
f 36/36/36 35/35/35 34/34/34 
f 37/37/37 35/35/35 36/36/36 
f 38/38/38 37/37/37 36/36/36 
f 39/39/39 37/37/37 38/38/38 
f 40/40/40 39/39/39 38/38/38 
f 41/41/41 39/39/39 40/40/40 
f 22/22/22 41/41/41 40/40/40 
f 42/42/42 41/41/41 22/22/22 
f 45/45/45 44/44/44 43/43/43 
f 43/43/43 44/44/44 46/46/46 
f 46/46/46 44/44/44 47/47/47 
f 47/47/47 44/44/44 48/48/48 
f 48/48/48 44/44/44 49/49/49 
f 49/49/49 44/44/44 50/50/50 
f 50/50/50 44/44/44 51/51/51 
f 51/51/51 44/44/44 52/52/52 
f 52/52/52 44/44/44 53/53/53 
f 53/53/53 44/44/44 54/54/54 
f 54/54/54 44/44/44 55/55/55 
f 55/55/55 44/44/44 56/56/56 
f 56/56/56 44/44/44 57/57/57 
f 57/57/57 44/44/44 58/58/58 
f 58/58/58 44/44/44 59/59/59 
f 59/59/59 44/44/44 60/60/60 
f 60/60/60 44/44/44 61/61/61 
f 61/61/61 44/44/44 62/62/62 
f 62/62/62 44/44/44 63/63/63 
f 63/63/63 44/44/44 45/45/45 
f 66/66/66 65/65/65 64/64/64 
f 67/67/67 65/65/65 66/66/66 
f 68/68/68 65/65/65 67/67/67 
f 69/69/69 65/65/65 68/68/68 
f 70/70/70 65/65/65 69/69/69 
f 71/71/71 65/65/65 70/70/70 
f 72/72/72 65/65/65 71/71/71 
f 73/73/73 65/65/65 72/72/72 
f 74/74/74 65/65/65 73/73/73 
f 75/75/75 65/65/65 74/74/74 
f 76/76/76 65/65/65 75/75/75 
f 77/77/77 65/65/65 76/76/76 
f 78/78/78 65/65/65 77/77/77 
f 79/79/79 65/65/65 78/78/78 
f 80/80/80 65/65/65 79/79/79 
f 81/81/81 65/65/65 80/80/80 
f 82/82/82 65/65/65 81/81/81 
f 83/83/83 65/65/65 82/82/82 
f 84/84/84 65/65/65 83/83/83 
f 64/64/64 65/65/65 84/84/84 
f 87/87/87 86/86/86 85/85/85 
f 86/86/86 88/88/88 85/85/85 
f 89/89/89 86/86/86 87/87/87 
f 90/90/90 89/89/89 87/87/87 
f 91/91/91 89/89/89 90/90/90 
f 92/92/92 91/91/91 90/90/90 
f 93/93/93 91/91/91 92/92/92 
f 94/94/94 93/93/93 92/92/92 
f 95/95/95 93/93/93 94/94/94 
f 96/96/96 95/95/95 94/94/94 
f 97/97/97 95/95/95 96/96/96 
f 98/98/98 97/97/97 96/96/96 
f 99/99/99 97/97/97 98/98/98 
f 100/100/100 99/99/99 98/98/98 
f 101/101/101 99/99/99 100/100/100 
f 102/102/102 101/101/101 100/100/100 
f 103/103/103 101/101/101 102/102/102 
f 104/104/104 103/103/103 102/102/102 
f 105/105/105 103/103/103 104/104/104 
f 106/106/106 105/105/105 104/104/104 
f 107/107/107 105/105/105 106/106/106 
f 108/108/108 107/107/107 106/106/106 
f 109/109/109 107/107/107 108/108/108 
f 110/110/110 109/109/109 108/108/108 
f 111/111/111 109/109/109 110/110/110 
f 112/112/112 111/111/111 110/110/110 
f 113/113/113 111/111/111 112/112/112 
f 114/114/114 113/113/113 112/112/112 
f 115/115/115 113/113/113 114/114/114 
f 116/116/116 115/115/115 114/114/114 
f 117/117/117 115/115/115 116/116/116 
f 118/118/118 117/117/117 116/116/116 
f 119/119/119 117/117/117 118/118/118 
f 120/120/120 119/119/119 118/118/118 
f 121/121/121 119/119/119 120/120/120 
f 122/122/122 121/121/121 120/120/120 
f 123/123/123 121/121/121 122/122/122 
f 124/124/124 123/123/123 122/122/122 
f 88/88/88 123/123/123 124/124/124 
f 85/85/85 88/88/88 124/124/124 
f 127/127/127 126/126/126 125/125/125 
f 126/126/126 128/128/128 125/125/125 
f 129/129/129 126/126/126 127/127/127 
f 130/130/130 129/129/129 127/127/127 
f 131/131/131 129/129/129 130/130/130 
f 132/132/132 131/131/131 130/130/130 
f 133/133/133 131/131/131 132/132/132 
f 134/134/134 133/133/133 132/132/132 
f 135/135/135 133/133/133 134/134/134 
f 136/136/136 135/135/135 134/134/134 
f 137/137/137 135/135/135 136/136/136 
f 138/138/138 137/137/137 136/136/136 
f 139/139/139 137/137/137 138/138/138 
f 140/140/140 139/139/139 138/138/138 
f 141/141/141 139/139/139 140/140/140 
f 142/142/142 141/141/141 140/140/140 
f 143/143/143 141/141/141 142/142/142 
f 144/144/144 143/143/143 142/142/142 
f 145/145/145 143/143/143 144/144/144 
f 146/146/146 145/145/145 144/144/144 
f 147/147/147 145/145/145 146/146/146 
f 148/148/148 147/147/147 146/146/146 
f 149/149/149 147/147/147 148/148/148 
f 150/150/150 149/149/149 148/148/148 
f 151/151/151 149/149/149 150/150/150 
f 152/152/152 151/151/151 150/150/150 
f 153/153/153 151/151/151 152/152/152 
f 154/154/154 153/153/153 152/152/152 
f 155/155/155 153/153/153 154/154/154 
f 156/156/156 155/155/155 154/154/154 
f 157/157/157 155/155/155 156/156/156 
f 158/158/158 157/157/157 156/156/156 
f 159/159/159 157/157/157 158/158/158 
f 160/160/160 159/159/159 158/158/158 
f 161/161/161 159/159/159 160/160/160 
f 162/162/162 161/161/161 160/160/160 
f 163/163/163 161/161/161 162/162/162 
f 164/164/164 163/163/163 162/162/162 
f 128/128/128 163/163/163 164/164/164 
f 125/125/125 128/128/128 164/164/164 
f 167/167/167 166/166/166 165/165/165 
f 166/166/166 168/168/168 165/165/165 
f 171/171/171 170/170/170 169/169/169 
f 172/172/172 170/170/170 171/171/171 
f 173/173/173 172/172/172 171/171/171 
f 176/176/176 175/175/175 174/174/174 
f 175/175/175 177/177/177 174/174/174 
f 180/180/180 179/179/179 178/178/178 
f 183/183/183 182/182/182 181/181/181 
f 186/186/186 185/185/185 184/184/184 
f 185/185/185 187/187/187 184/184/184 
f 190/190/190 189/189/189 188/188/188 
f 189/189/189 191/191/191 188/188/188 
f 194/194/194 193/193/193 192/192/192 
f 193/193/193 195/195/195 192/192/192 
f 198/198/198 197/197/197 196/196/196 
f 197/197/197 199/199/199 196/196/196 
f 202/202/202 201/201/201 200/200/200 
f 201/201/201 203/203/203 200/200/200 
f 206/206/206 205/205/205 204/204/204 
f 209/209/209 208/208/208 207/207/207 
f 208/208/208 210/210/210 207/207/207 
f 213/213/213 212/212/212 211/211/211 
f 212/212/212 214/214/214 211/211/211 
f 217/217/217 216/216/216 215/215/215 
f 216/216/216 218/218/218 215/215/215 
f 221/221/221 220/220/220 219/219/219 
f 220/220/220 222/222/222 219/219/219 
f 225/225/225 224/224/224 223/223/223 
f 224/224/224 226/226/226 223/223/223 
f 229/229/229 228/228/228 227/227/227 
f 228/228/228 230/230/230 227/227/227 
f 233/233/233 232/232/232 231/231/231 
f 232/232/232 234/234/234 231/231/231 
f 237/237/237 236/236/236 235/235/235 
f 236/236/236 238/238/238 235/235/235 
f 237/237/237 239/239/239 236/236/236 
f 239/239/239 240/240/240 236/236/236 
f 240/240/240 239/239/239 241/241/241 
f 242/242/242 240/240/240 241/241/241 
f 245/245/245 244/244/244 243/243/243 
f 244/244/244 246/246/246 243/243/243 
f 249/249/249 248/248/248 247/247/247 
f 248/248/248 250/250/250 247/247/247 
f 253/253/253 252/252/252 251/251/251 
f 256/256/256 255/255/255 254/254/254 
f 255/255/255 257/257/257 254/254/254 
f 259/259/259 258/258/258 257/257/257 
f 258/258/258 260/260/260 257/257/257 
f 260/260/260 262/262/262 261/261/261 
f 262/262/262 263/263/263 261/261/261 
f 266/266/266 265/265/265 264/264/264 
f 265/265/265 267/267/267 264/264/264 
f 270/270/270 269/269/269 268/268/268 
f 269/269/269 271/271/271 268/268/268 
f 274/274/274 273/273/273 272/272/272 
f 275/275/275 274/274/274 272/272/272 
f 276/276/276 275/275/275 272/272/272 
f 277/277/277 275/275/275 276/276/276 
f 280/280/280 279/279/279 278/278/278 
f 279/279/279 281/281/281 278/278/278 
f 284/284/284 283/283/283 282/282/282 
f 283/283/283 285/285/285 282/282/282 
f 288/288/288 287/287/287 286/286/286 
f 287/287/287 289/289/289 286/286/286 
f 292/292/292 291/291/291 290/290/290 
f 295/295/295 294/294/294 293/293/293 
f 294/294/294 296/296/296 293/293/293 
f 299/299/299 298/298/298 297/297/297 
f 298/298/298 300/300/300 297/297/297 
f 303/303/303 302/302/302 301/301/301 
f 306/306/306 305/305/305 304/304/304 
f 309/309/309 308/308/308 307/307/307 
f 312/312/312 311/311/311 310/310/310 
f 311/311/311 313/313/313 310/310/310 
f 316/316/316 315/315/315 314/314/314 
f 315/315/315 317/317/317 314/314/314 
f 320/320/320 319/319/319 318/318/318 
f 319/319/319 321/321/321 318/318/318 
f 324/324/324 323/323/323 322/322/322 
f 326/326/326 325/325/325 322/322/322 
f 328/328/328 327/327/327 323/323/323 
f 331/331/331 330/330/330 329/329/329 
f 330/330/330 332/332/332 329/329/329 
f 333/333/333 331/331/331 329/329/329 
f 334/334/334 333/333/333 329/329/329 
f 337/337/337 336/336/336 335/335/335 
f 340/340/340 339/339/339 338/338/338 
f 343/343/343 342/342/342 341/341/341 
f 346/346/346 345/345/345 344/344/344 
f 349/349/349 348/348/348 347/347/347 
f 352/352/352 351/351/351 350/350/350 
f 351/351/351 353/353/353 350/350/350 
f 356/356/356 355/355/355 354/354/354 
f 359/359/359 358/358/358 357/357/357 
f 358/358/358 360/360/360 357/357/357 
f 363/363/363 362/362/362 361/361/361 
f 362/362/362 364/364/364 361/361/361 
f 367/367/367 366/366/366 365/365/365 
f 366/366/366 368/368/368 365/365/365 
f 371/371/371 370/370/370 369/369/369 
f 370/370/370 372/372/372 369/369/369 
f 375/375/375 374/374/374 373/373/373 
f 374/374/374 376/376/376 373/373/373 
f 379/379/379 378/378/378 377/377/377 
f 382/382/382 381/381/381 380/380/380 
f 381/381/381 383/383/383 380/380/380 
f 386/386/386 385/385/385 384/384/384 
f 389/389/389 388/388/388 387/387/387 
f 388/388/388 390/390/390 387/387/387 
f 388/388/388 391/391/391 390/390/390 
f 391/391/391 392/392/392 390/390/390 
f 391/391/391 393/393/393 392/392/392 
f 393/393/393 394/394/394 392/392/392 
f 395/395/395 392/392/392 394/394/394 
f 396/396/396 395/395/395 394/394/394 
f 396/396/396 397/397/397 395/395/395 
f 397/397/397 398/398/398 395/395/395 
f 395/395/395 398/398/398 399/399/399 
f 398/398/398 400/400/400 399/399/399 
f 399/399/399 400/400/400 401/401/401 
f 400/400/400 402/402/402 401/401/401 
f 405/405/405 404/404/404 403/403/403 
f 406/406/406 404/404/404 405/405/405 
f 409/409/409 408/408/408 407/407/407 
f 408/408/408 410/410/410 407/407/407 
f 413/413/413 412/412/412 411/411/411 
f 412/412/412 414/414/414 411/411/411 
f 417/417/417 416/416/416 415/415/415 
f 416/416/416 418/418/418 415/415/415 
f 421/421/421 420/420/420 419/419/419 
f 420/420/420 422/422/422 419/419/419 
f 425/425/425 424/424/424 423/423/423 
f 426/426/426 425/425/425 423/423/423 
f 429/429/429 428/428/428 427/427/427 
f 428/428/428 430/430/430 427/427/427 
f 433/433/433 432/432/432 431/431/431 
f 436/436/436 435/435/435 434/434/434 
f 435/435/435 437/437/437 434/434/434 
f 440/440/440 439/439/439 438/438/438 
f 439/439/439 441/441/441 438/438/438 
f 444/444/444 443/443/443 442/442/442 
f 443/443/443 445/445/445 442/442/442 
f 448/448/448 447/447/447 446/446/446 
f 447/447/447 449/449/449 446/446/446 
f 452/452/452 451/451/451 450/450/450 
f 451/451/451 453/453/453 450/450/450 
f 456/456/456 455/455/455 454/454/454 
f 455/455/455 457/457/457 454/454/454 
f 460/460/460 459/459/459 458/458/458 
f 462/462/462 461/461/461 458/458/458 
f 465/465/465 464/464/464 463/463/463 
f 468/468/468 467/467/467 466/466/466 
f 467/467/467 469/469/469 466/466/466 
f 472/472/472 471/471/471 470/470/470 
f 471/471/471 473/473/473 470/470/470 
f 476/476/476 475/475/475 474/474/474 
f 479/479/479 478/478/478 477/477/477 
f 482/482/482 481/481/481 480/480/480 
f 485/485/485 484/484/484 483/483/483 
f 488/488/488 487/487/487 486/486/486 
f 491/491/491 490/490/490 489/489/489 
f 490/490/490 493/493/493 492/492/492 
f 496/496/496 495/495/495 494/494/494 
f 495/495/495 497/497/497 494/494/494 
f 500/500/500 499/499/499 498/498/498 
f 500/500/500 498/498/498 501/501/501 
f 503/503/503 502/502/502 498/498/498 
f 502/502/502 503/503/503 504/504/504 
f 503/503/503 506/506/506 505/505/505 
f 509/509/509 508/508/508 507/507/507 
f 508/508/508 510/510/510 507/507/507 
f 513/513/513 512/512/512 511/511/511 
f 512/512/512 514/514/514 511/511/511 
f 517/517/517 516/516/516 515/515/515 
f 520/520/520 519/519/519 518/518/518 
f 523/523/523 522/522/522 521/521/521 
f 522/522/522 524/524/524 521/521/521 
f 527/527/527 526/526/526 525/525/525 
f 530/530/530 529/529/529 528/528/528 
f 529/529/529 531/531/531 528/528/528 
f 534/534/534 533/533/533 532/532/532 
f 533/533/533 535/535/535 532/532/532 
f 538/538/538 537/537/537 536/536/536 
f 539/539/539 538/538/538 536/536/536 
f 540/540/540 539/539/539 536/536/536 
f 543/543/543 542/542/542 541/541/541 
f 542/542/542 544/544/544 541/541/541 
f 547/547/547 546/546/546 545/545/545 
f 546/546/546 548/548/548 545/545/545 
f 551/551/551 550/550/550 549/549/549 
f 550/550/550 552/552/552 549/549/549 
f 555/555/555 554/554/554 553/553/553 
f 554/554/554 556/556/556 553/553/553 
f 559/559/559 558/558/558 557/557/557 
f 558/558/558 560/560/560 557/557/557 
f 563/563/563 562/562/562 561/561/561 
f 561/561/561 564/564/564 563/563/563 
f 561/561/561 565/565/565 564/564/564 
f 567/567/567 566/566/566 561/561/561 
f 570/570/570 569/569/569 568/568/568 
f 569/569/569 571/571/571 568/568/568 
f 574/574/574 573/573/573 572/572/572 
f 573/573/573 575/575/575 572/572/572 
f 578/578/578 577/577/577 576/576/576 
f 577/577/577 579/579/579 576/576/576 
f 582/582/582 581/581/581 580/580/580 
f 581/581/581 583/583/583 580/580/580 
f 586/586/586 585/585/585 584/584/584 
f 589/589/589 588/588/588 587/587/587 
f 588/588/588 590/590/590 587/587/587 
f 593/593/593 592/592/592 591/591/591 
f 592/592/592 594/594/594 591/591/591 
f 597/597/597 596/596/596 595/595/595 
f 596/596/596 598/598/598 595/595/595 
f 601/601/601 600/600/600 599/599/599 
f 600/600/600 602/602/602 599/599/599 
f 605/605/605 604/604/604 603/603/603 
f 604/604/604 606/606/606 603/603/603 
f 609/609/609 608/608/608 607/607/607 
f 612/612/612 611/611/611 610/610/610 
f 611/611/611 613/613/613 610/610/610 
f 616/616/616 615/615/615 614/614/614 
f 615/615/615 617/617/617 614/614/614 
f 620/620/620 619/619/619 618/618/618 
f 619/619/619 621/621/621 618/618/618 
f 624/624/624 623/623/623 622/622/622 
f 623/623/623 625/625/625 622/622/622 
f 628/628/628 627/627/627 626/626/626 
f 631/631/631 630/630/630 629/629/629 
f 634/634/634 633/633/633 632/632/632 
f 633/633/633 635/635/635 632/632/632 
f 638/638/638 637/637/637 636/636/636 
f 637/637/637 639/639/639 636/636/636 
f 642/642/642 641/641/641 640/640/640 
f 641/641/641 643/643/643 640/640/640 
f 646/646/646 645/645/645 644/644/644 
f 645/645/645 647/647/647 644/644/644 
f 650/650/650 649/649/649 648/648/648 
f 649/649/649 651/651/651 648/648/648 
f 654/654/654 653/653/653 652/652/652 
f 653/653/653 655/655/655 652/652/652 
f 658/658/658 657/657/657 656/656/656 
f 657/657/657 659/659/659 656/656/656 
f 662/662/662 661/661/661 660/660/660 
f 661/661/661 663/663/663 660/660/660 
f 666/666/666 665/665/665 664/664/664 
f 665/665/665 667/667/667 664/664/664 
f 670/670/670 669/669/669 668/668/668 
f 669/669/669 671/671/671 668/668/668 
f 674/674/674 673/673/673 672/672/672 
f 673/673/673 675/675/675 672/672/672 
f 678/678/678 677/677/677 676/676/676 
f 680/680/680 679/679/679 676/676/676 
f 683/683/683 682/682/682 681/681/681 
f 685/685/685 684/684/684 681/681/681 
f 688/688/688 687/687/687 686/686/686 
f 691/691/691 690/690/690 689/689/689 
f 690/690/690 691/691/691 692/692/692 
f 691/691/691 693/693/693 692/692/692 
f 693/693/693 691/691/691 694/694/694 
f 695/695/695 693/693/693 694/694/694 
f 697/697/697 696/696/696 690/690/690 
f 696/696/696 698/698/698 690/690/690 
f 694/694/694 700/700/700 699/699/699 
f 703/703/703 702/702/702 701/701/701 
f 705/705/705 704/704/704 701/701/701 
f 708/708/708 707/707/707 706/706/706 
f 711/711/711 710/710/710 709/709/709 
f 710/710/710 712/712/712 709/709/709 
f 715/715/715 714/714/714 713/713/713 
f 714/714/714 716/716/716 713/713/713 
f 717/717/717 714/714/714 715/715/715 
f 718/718/718 717/717/717 715/715/715 
f 721/721/721 720/720/720 719/719/719 
f 724/724/724 723/723/723 722/722/722 
f 727/727/727 726/726/726 725/725/725 
f 730/730/730 729/729/729 728/728/728 
f 729/729/729 732/732/732 731/731/731 
f 735/735/735 734/734/734 733/733/733 
f 734/734/734 736/736/736 733/733/733 
f 739/739/739 738/738/738 737/737/737 
f 738/738/738 740/740/740 737/737/737 
f 743/743/743 742/742/742 741/741/741 
f 746/746/746 745/745/745 744/744/744 
f 749/749/749 748/748/748 747/747/747 
f 752/752/752 751/751/751 750/750/750 
f 751/751/751 753/753/753 750/750/750 
f 756/756/756 755/755/755 754/754/754 
f 759/759/759 758/758/758 757/757/757 
f 762/762/762 761/761/761 760/760/760 
f 765/765/765 764/764/764 763/763/763 
f 768/768/768 767/767/767 766/766/766 
f 771/771/771 770/770/770 769/769/769 
f 774/774/774 773/773/773 772/772/772 
f 773/773/773 775/775/775 772/772/772 
f 778/778/778 777/777/777 776/776/776 
f 777/777/777 779/779/779 776/776/776 
f 782/782/782 781/781/781 780/780/780 
f 781/781/781 783/783/783 780/780/780 
f 786/786/786 785/785/785 784/784/784 
f 785/785/785 787/787/787 784/784/784 
f 790/790/790 789/789/789 788/788/788 
f 793/793/793 792/792/792 791/791/791 
f 791/791/791 795/795/795 794/794/794 
f 794/794/794 796/796/796 791/791/791 
f 796/796/796 797/797/797 791/791/791 
f 800/800/800 799/799/799 798/798/798 
f 798/798/798 801/801/801 800/800/800 
f 798/798/798 802/802/802 801/801/801 
f 805/805/805 804/804/804 803/803/803 
f 808/808/808 807/807/807 806/806/806 
f 807/807/807 809/809/809 806/806/806 
f 812/812/812 811/811/811 810/810/810 
f 811/811/811 813/813/813 810/810/810 
f 816/816/816 815/815/815 814/814/814 
f 815/815/815 817/817/817 814/814/814 
f 820/820/820 819/819/819 818/818/818 
f 819/819/819 821/821/821 818/818/818 
f 824/824/824 823/823/823 822/822/822 
f 824/824/824 825/825/825 823/823/823 
f 825/825/825 826/826/826 823/823/823 
f 829/829/829 828/828/828 827/827/827 
f 828/828/828 830/830/830 827/827/827 
f 833/833/833 832/832/832 831/831/831 
f 836/836/836 835/835/835 834/834/834 
f 839/839/839 838/838/838 837/837/837 
f 838/838/838 840/840/840 837/837/837 
f 843/843/843 842/842/842 841/841/841 
f 842/842/842 844/844/844 841/841/841 
f 847/847/847 846/846/846 845/845/845 
f 846/846/846 848/848/848 845/845/845 
f 851/851/851 850/850/850 849/849/849 
f 850/850/850 852/852/852 849/849/849 
f 855/855/855 854/854/854 853/853/853 
f 854/854/854 856/856/856 853/853/853 
f 859/859/859 858/858/858 857/857/857 
f 862/862/862 861/861/861 860/860/860 
f 861/861/861 863/863/863 860/860/860 
f 866/866/866 865/865/865 864/864/864 
f 865/865/865 867/867/867 864/864/864 
f 870/870/870 869/869/869 868/868/868 
f 869/869/869 871/871/871 868/868/868 
f 874/874/874 873/873/873 872/872/872 
f 873/873/873 875/875/875 872/872/872 
f 878/878/878 877/877/877 876/876/876 
f 877/877/877 879/879/879 876/876/876 
f 882/882/882 881/881/881 880/880/880 
f 881/881/881 883/883/883 880/880/880 
f 886/886/886 885/885/885 884/884/884 
f 885/885/885 887/887/887 884/884/884 
f 890/890/890 889/889/889 888/888/888 
f 889/889/889 891/891/891 888/888/888 
f 894/894/894 893/893/893 892/892/892 
f 893/893/893 895/895/895 892/892/892 
f 898/898/898 897/897/897 896/896/896 
f 901/901/901 900/900/900 899/899/899 
f 900/900/900 902/902/902 899/899/899 
f 905/905/905 904/904/904 903/903/903 
f 904/904/904 906/906/906 903/903/903 
f 909/909/909 908/908/908 907/907/907 
f 908/908/908 910/910/910 907/907/907 
f 913/913/913 912/912/912 911/911/911 
f 912/912/912 914/914/914 911/911/911 
f 917/917/917 916/916/916 915/915/915 
f 916/916/916 918/918/918 915/915/915 
f 921/921/921 920/920/920 919/919/919 
f 924/924/924 923/923/923 922/922/922 
f 923/923/923 925/925/925 922/922/922 
f 928/928/928 927/927/927 926/926/926 
f 927/927/927 929/929/929 926/926/926 
f 932/932/932 931/931/931 930/930/930 
f 935/935/935 934/934/934 933/933/933 
f 938/938/938 937/937/937 936/936/936 
f 941/941/941 940/940/940 939/939/939 
f 940/940/940 942/942/942 939/939/939 
f 945/945/945 944/944/944 943/943/943 
f 944/944/944 946/946/946 943/943/943 
f 949/949/949 948/948/948 947/947/947 
f 948/948/948 950/950/950 947/947/947 
f 953/953/953 952/952/952 951/951/951 
f 955/955/955 954/954/954 951/951/951 
f 957/957/957 955/955/955 956/956/956 
f 958/958/958 957/957/957 956/956/956 
f 957/957/957 959/959/959 955/955/955 
f 961/961/961 958/958/958 960/960/960 
f 964/964/964 963/963/963 962/962/962 
f 963/963/963 965/965/965 962/962/962 
f 965/965/965 966/966/966 962/962/962 
f 966/966/966 967/967/967 962/962/962 
f 968/968/968 967/967/967 966/966/966 
f 971/971/971 970/970/970 969/969/969 
f 974/974/974 973/973/973 972/972/972 
f 973/973/973 975/975/975 972/972/972 
f 978/978/978 977/977/977 976/976/976 
f 981/981/981 980/980/980 979/979/979 
f 984/984/984 983/983/983 982/982/982 
f 983/983/983 985/985/985 982/982/982 
f 988/988/988 987/987/987 986/986/986 
f 991/991/991 990/990/990 989/989/989 
f 990/990/990 992/992/992 989/989/989 
f 995/995/995 994/994/994 993/993/993 
f 994/994/994 996/996/996 993/993/993 
f 999/999/999 998/998/998 997/997/997 
f 998/998/998 1000/1000/1000 997/997/997 
f 1003/1003/1003 1002/1002/1002 1001/1001/1001 
f 1002/1002/1002 1004/1004/1004 1001/1001/1001 
f 1007/1007/1007 1006/1006/1006 1005/1005/1005 
f 1006/1006/1006 1008/1008/1008 1005/1005/1005 
f 1011/1011/1011 1010/1010/1010 1009/1009/1009 
f 1010/1010/1010 1012/1012/1012 1009/1009/1009 
f 1015/1015/1015 1014/1014/1014 1013/1013/1013 
f 1018/1018/1018 1017/1017/1017 1016/1016/1016 
f 1017/1017/1017 1019/1019/1019 1016/1016/1016 
f 1022/1022/1022 1021/1021/1021 1020/1020/1020 
f 1025/1025/1025 1024/1024/1024 1023/1023/1023 
f 1024/1024/1024 1026/1026/1026 1023/1023/1023 
f 1029/1029/1029 1028/1028/1028 1027/1027/1027 
f 1029/1029/1029 1030/1030/1030 1028/1028/1028 
f 1033/1033/1033 1032/1032/1032 1031/1031/1031 
f 1032/1032/1032 1034/1034/1034 1031/1031/1031 
f 1037/1037/1037 1036/1036/1036 1035/1035/1035 
f 1036/1036/1036 1038/1038/1038 1035/1035/1035 
f 1041/1041/1041 1040/1040/1040 1039/1039/1039 
f 1040/1040/1040 1042/1042/1042 1039/1039/1039 
f 1045/1045/1045 1044/1044/1044 1043/1043/1043 
f 1044/1044/1044 1046/1046/1046 1043/1043/1043 
f 1049/1049/1049 1048/1048/1048 1047/1047/1047 
f 1048/1048/1048 1050/1050/1050 1047/1047/1047 
f 1053/1053/1053 1052/1052/1052 1051/1051/1051 
f 1052/1052/1052 1054/1054/1054 1051/1051/1051 
f 1057/1057/1057 1056/1056/1056 1055/1055/1055 
f 1060/1060/1060 1059/1059/1059 1058/1058/1058 
f 1059/1059/1059 1061/1061/1061 1058/1058/1058 
f 1064/1064/1064 1063/1063/1063 1062/1062/1062 
f 1063/1063/1063 1065/1065/1065 1062/1062/1062 
f 1068/1068/1068 1067/1067/1067 1066/1066/1066 
f 1067/1067/1067 1069/1069/1069 1066/1066/1066 
f 1072/1072/1072 1071/1071/1071 1070/1070/1070 
f 1071/1071/1071 1073/1073/1073 1070/1070/1070 
f 1076/1076/1076 1075/1075/1075 1074/1074/1074 
f 1075/1075/1075 1077/1077/1077 1074/1074/1074 
f 1080/1080/1080 1079/1079/1079 1078/1078/1078 
f 1079/1079/1079 1081/1081/1081 1078/1078/1078 
f 1084/1084/1084 1083/1083/1083 1082/1082/1082 
f 1083/1083/1083 1085/1085/1085 1082/1082/1082 
f 1088/1088/1088 1087/1087/1087 1086/1086/1086 
f 1091/1091/1091 1090/1090/1090 1089/1089/1089 
f 1090/1090/1090 1092/1092/1092 1089/1089/1089 
f 1095/1095/1095 1094/1094/1094 1093/1093/1093 
f 1094/1094/1094 1096/1096/1096 1093/1093/1093 
f 1099/1099/1099 1098/1098/1098 1097/1097/1097 
f 1102/1102/1102 1101/1101/1101 1100/1100/1100 
f 1105/1105/1105 1104/1104/1104 1103/1103/1103 
f 1108/1108/1108 1107/1107/1107 1106/1106/1106 
f 1111/1111/1111 1110/1110/1110 1109/1109/1109 
f 1110/1110/1110 1113/1113/1113 1112/1112/1112 
f 1116/1116/1116 1115/1115/1115 1114/1114/1114 
f 1115/1115/1115 1117/1117/1117 1114/1114/1114 
f 1120/1120/1120 1119/1119/1119 1118/1118/1118 
f 1119/1119/1119 1121/1121/1121 1118/1118/1118 
f 1118/1118/1118 1121/1121/1121 1122/1122/1122 
f 1124/1124/1124 1119/1119/1119 1123/1123/1123 
f 1119/1119/1119 1125/1125/1125 1123/1123/1123 
f 1128/1128/1128 1127/1127/1127 1126/1126/1126 
f 1127/1127/1127 1129/1129/1129 1126/1126/1126 
f 1132/1132/1132 1131/1131/1131 1130/1130/1130 
f 1131/1131/1131 1133/1133/1133 1130/1130/1130 
f 1136/1136/1136 1135/1135/1135 1134/1134/1134 
f 1139/1139/1139 1138/1138/1138 1137/1137/1137 
f 1142/1142/1142 1141/1141/1141 1140/1140/1140 
f 1141/1141/1141 1143/1143/1143 1140/1140/1140 
f 1146/1146/1146 1145/1145/1145 1144/1144/1144 
f 1149/1149/1149 1148/1148/1148 1147/1147/1147 
f 1148/1148/1148 1150/1150/1150 1147/1147/1147 
f 1153/1153/1153 1152/1152/1152 1151/1151/1151 
f 1155/1155/1155 1154/1154/1154 1151/1151/1151 
f 1158/1158/1158 1157/1157/1157 1156/1156/1156 
f 1157/1157/1157 1159/1159/1159 1156/1156/1156 
f 1159/1159/1159 1160/1160/1160 1156/1156/1156 
f 1163/1163/1163 1162/1162/1162 1161/1161/1161 
f 1162/1162/1162 1164/1164/1164 1161/1161/1161 
f 1167/1167/1167 1166/1166/1166 1165/1165/1165 
f 1166/1166/1166 1168/1168/1168 1165/1165/1165 
f 1171/1171/1171 1170/1170/1170 1169/1169/1169 
f 1170/1170/1170 1172/1172/1172 1169/1169/1169 
f 1175/1175/1175 1174/1174/1174 1173/1173/1173 
f 1174/1174/1174 1176/1176/1176 1173/1173/1173 
f 1179/1179/1179 1178/1178/1178 1177/1177/1177 
f 1178/1178/1178 1180/1180/1180 1177/1177/1177 
f 1183/1183/1183 1182/1182/1182 1181/1181/1181 
f 1182/1182/1182 1184/1184/1184 1181/1181/1181 
f 1187/1187/1187 1186/1186/1186 1185/1185/1185 
f 1186/1186/1186 1188/1188/1188 1185/1185/1185 
f 1191/1191/1191 1190/1190/1190 1189/1189/1189 
f 1190/1190/1190 1192/1192/1192 1189/1189/1189 
f 1195/1195/1195 1194/1194/1194 1193/1193/1193 
f 1194/1194/1194 1196/1196/1196 1193/1193/1193 
f 1199/1199/1199 1198/1198/1198 1197/1197/1197 
f 1198/1198/1198 1200/1200/1200 1197/1197/1197 
f 1203/1203/1203 1202/1202/1202 1201/1201/1201 
f 1202/1202/1202 1203/1203/1203 1204/1204/1204 
f 1204/1204/1204 1205/1205/1205 1202/1202/1202 
f 1205/1205/1205 1206/1206/1206 1202/1202/1202 
f 1209/1209/1209 1208/1208/1208 1207/1207/1207 
f 1208/1208/1208 1210/1210/1210 1207/1207/1207 
f 1213/1213/1213 1212/1212/1212 1211/1211/1211 
f 1212/1212/1212 1214/1214/1214 1211/1211/1211 
f 1217/1217/1217 1216/1216/1216 1215/1215/1215 
f 1216/1216/1216 1218/1218/1218 1215/1215/1215 
f 1221/1221/1221 1220/1220/1220 1219/1219/1219 
f 1220/1220/1220 1222/1222/1222 1219/1219/1219 
f 1225/1225/1225 1224/1224/1224 1223/1223/1223 
f 1224/1224/1224 1226/1226/1226 1223/1223/1223 
f 1229/1229/1229 1228/1228/1228 1227/1227/1227 
f 1228/1228/1228 1230/1230/1230 1227/1227/1227 
f 1233/1233/1233 1232/1232/1232 1231/1231/1231 
f 1236/1236/1236 1235/1235/1235 1234/1234/1234 
f 1235/1235/1235 1237/1237/1237 1234/1234/1234 
f 1240/1240/1240 1239/1239/1239 1238/1238/1238 
f 1239/1239/1239 1241/1241/1241 1238/1238/1238 
f 1244/1244/1244 1243/1243/1243 1242/1242/1242 
f 1243/1243/1243 1245/1245/1245 1242/1242/1242 
f 1248/1248/1248 1247/1247/1247 1246/1246/1246 
f 1247/1247/1247 1249/1249/1249 1246/1246/1246 
f 1252/1252/1252 1251/1251/1251 1250/1250/1250 
f 1251/1251/1251 1253/1253/1253 1250/1250/1250 
f 1256/1256/1256 1255/1255/1255 1254/1254/1254 
f 1259/1259/1259 1258/1258/1258 1257/1257/1257 
f 1262/1262/1262 1261/1261/1261 1260/1260/1260 
f 1261/1261/1261 1263/1263/1263 1260/1260/1260 
f 1266/1266/1266 1265/1265/1265 1264/1264/1264 
f 1265/1265/1265 1267/1267/1267 1264/1264/1264 
f 1270/1270/1270 1269/1269/1269 1268/1268/1268 
f 1269/1269/1269 1271/1271/1271 1268/1268/1268 
f 1274/1274/1274 1273/1273/1273 1272/1272/1272 
f 1273/1273/1273 1275/1275/1275 1272/1272/1272 
f 1278/1278/1278 1277/1277/1277 1276/1276/1276 
f 1277/1277/1277 1279/1279/1279 1276/1276/1276 
f 1282/1282/1282 1281/1281/1281 1280/1280/1280 
f 1281/1281/1281 1283/1283/1283 1280/1280/1280 
f 1286/1286/1286 1285/1285/1285 1284/1284/1284 
f 1285/1285/1285 1287/1287/1287 1284/1284/1284 
f 1290/1290/1290 1289/1289/1289 1288/1288/1288 
f 1289/1289/1289 1291/1291/1291 1288/1288/1288 
f 1294/1294/1294 1293/1293/1293 1292/1292/1292 
f 1293/1293/1293 1295/1295/1295 1292/1292/1292 
f 1298/1298/1298 1297/1297/1297 1296/1296/1296 
f 1297/1297/1297 1299/1299/1299 1296/1296/1296 
f 1302/1302/1302 1301/1301/1301 1300/1300/1300 
f 1301/1301/1301 1303/1303/1303 1300/1300/1300 
f 1306/1306/1306 1305/1305/1305 1304/1304/1304 
f 1308/1308/1308 1307/1307/1307 1304/1304/1304 
f 1311/1311/1311 1310/1310/1310 1309/1309/1309 
f 1313/1313/1313 1312/1312/1312 1309/1309/1309 
f 1316/1316/1316 1315/1315/1315 1314/1314/1314 
f 1319/1319/1319 1318/1318/1318 1317/1317/1317 
f 1318/1318/1318 1319/1319/1319 1320/1320/1320 
f 1321/1321/1321 1318/1318/1318 1320/1320/1320 
f 1318/1318/1318 1321/1321/1321 1322/1322/1322 
f 1321/1321/1321 1323/1323/1323 1322/1322/1322 
f 1324/1324/1324 1322/1322/1322 1323/1323/1323 
f 1326/1326/1326 1325/1325/1325 1319/1319/1319 
f 1325/1325/1325 1327/1327/1327 1319/1319/1319 
f 1330/1330/1330 1329/1329/1329 1328/1328/1328 
f 1332/1332/1332 1331/1331/1331 1328/1328/1328 
f 1335/1335/1335 1334/1334/1334 1333/1333/1333 
f 1334/1334/1334 1336/1336/1336 1333/1333/1333 
f 1339/1339/1339 1338/1338/1338 1337/1337/1337 
f 1337/1337/1337 1340/1340/1340 1339/1339/1339 
f 1337/1337/1337 1341/1341/1341 1340/1340/1340 
f 1337/1337/1337 1342/1342/1342 1341/1341/1341 
f 1345/1345/1345 1344/1344/1344 1343/1343/1343 
f 1344/1344/1344 1346/1346/1346 1343/1343/1343 
f 1349/1349/1349 1348/1348/1348 1347/1347/1347 
f 1348/1348/1348 1350/1350/1350 1347/1347/1347 
f 1353/1353/1353 1352/1352/1352 1351/1351/1351 
f 1352/1352/1352 1354/1354/1354 1351/1351/1351 
f 1357/1357/1357 1356/1356/1356 1355/1355/1355 
f 1356/1356/1356 1358/1358/1358 1355/1355/1355 
f 1356/1356/1356 1360/1360/1360 1359/1359/1359 
f 1360/1360/1360 1361/1361/1361 1359/1359/1359 
f 1364/1364/1364 1363/1363/1363 1362/1362/1362 
f 1367/1367/1367 1366/1366/1366 1365/1365/1365 
f 1366/1366/1366 1368/1368/1368 1365/1365/1365 
f 1371/1371/1371 1370/1370/1370 1369/1369/1369 
f 1370/1370/1370 1372/1372/1372 1369/1369/1369 
f 1375/1375/1375 1374/1374/1374 1373/1373/1373 
f 1374/1374/1374 1376/1376/1376 1373/1373/1373 
f 1379/1379/1379 1378/1378/1378 1377/1377/1377 
f 1378/1378/1378 1380/1380/1380 1377/1377/1377 
f 1383/1383/1383 1382/1382/1382 1381/1381/1381 
f 1386/1386/1386 1385/1385/1385 1384/1384/1384 
f 1389/1389/1389 1388/1388/1388 1387/1387/1387 
f 1392/1392/1392 1391/1391/1391 1390/1390/1390 
f 1391/1391/1391 1393/1393/1393 1390/1390/1390 
f 1396/1396/1396 1395/1395/1395 1394/1394/1394 
f 1399/1399/1399 1398/1398/1398 1397/1397/1397 
f 1402/1402/1402 1401/1401/1401 1400/1400/1400 
f 1401/1401/1401 1403/1403/1403 1400/1400/1400 
f 1402/1402/1402 1404/1404/1404 1401/1401/1401 
f 1407/1407/1407 1406/1406/1406 1405/1405/1405 
f 1410/1410/1410 1409/1409/1409 1408/1408/1408 
f 1413/1413/1413 1412/1412/1412 1411/1411/1411 
f 1412/1412/1412 1414/1414/1414 1411/1411/1411 
f 1417/1417/1417 1416/1416/1416 1415/1415/1415 
f 1416/1416/1416 1418/1418/1418 1415/1415/1415 
f 1421/1421/1421 1420/1420/1420 1419/1419/1419 
f 1420/1420/1420 1422/1422/1422 1419/1419/1419 
f 1425/1425/1425 1424/1424/1424 1423/1423/1423 
f 1424/1424/1424 1426/1426/1426 1423/1423/1423 
f 1429/1429/1429 1428/1428/1428 1427/1427/1427 
f 1428/1428/1428 1430/1430/1430 1427/1427/1427 
f 1433/1433/1433 1432/1432/1432 1431/1431/1431 
f 1432/1432/1432 1434/1434/1434 1431/1431/1431 
f 1437/1437/1437 1436/1436/1436 1435/1435/1435 
f 1436/1436/1436 1438/1438/1438 1435/1435/1435 
f 1441/1441/1441 1440/1440/1440 1439/1439/1439 
f 1440/1440/1440 1442/1442/1442 1439/1439/1439 
f 1445/1445/1445 1444/1444/1444 1443/1443/1443 
f 1444/1444/1444 1446/1446/1446 1443/1443/1443 
f 1449/1449/1449 1448/1448/1448 1447/1447/1447 
f 1452/1452/1452 1451/1451/1451 1450/1450/1450 
f 1455/1455/1455 1454/1454/1454 1453/1453/1453 
f 1454/1454/1454 1456/1456/1456 1453/1453/1453 
f 1459/1459/1459 1458/1458/1458 1457/1457/1457 
f 1458/1458/1458 1460/1460/1460 1457/1457/1457 
f 1463/1463/1463 1462/1462/1462 1461/1461/1461 
f 1462/1462/1462 1464/1464/1464 1461/1461/1461 
f 1467/1467/1467 1466/1466/1466 1465/1465/1465 
f 1470/1470/1470 1469/1469/1469 1468/1468/1468 
f 1473/1473/1473 1472/1472/1472 1471/1471/1471 
f 1472/1472/1472 1474/1474/1474 1471/1471/1471 
f 1477/1477/1477 1476/1476/1476 1475/1475/1475 
f 1476/1476/1476 1478/1478/1478 1475/1475/1475 
f 1481/1481/1481 1480/1480/1480 1479/1479/1479 
f 1480/1480/1480 1482/1482/1482 1479/1479/1479 
f 1485/1485/1485 1484/1484/1484 1483/1483/1483 
f 1484/1484/1484 1486/1486/1486 1483/1483/1483 
f 1484/1484/1484 1487/1487/1487 1486/1486/1486 
f 1487/1487/1487 1488/1488/1488 1486/1486/1486 
f 1487/1487/1487 1489/1489/1489 1488/1488/1488 
f 1489/1489/1489 1490/1490/1490 1488/1488/1488 
f 1489/1489/1489 1491/1491/1491 1490/1490/1490 
f 1491/1491/1491 1492/1492/1492 1490/1490/1490 
f 1491/1491/1491 1493/1493/1493 1492/1492/1492 
f 1493/1493/1493 1494/1494/1494 1492/1492/1492 
f 1493/1493/1493 1495/1495/1495 1494/1494/1494 
f 1495/1495/1495 1496/1496/1496 1494/1494/1494 
f 1499/1499/1499 1498/1498/1498 1497/1497/1497 
f 1498/1498/1498 1500/1500/1500 1497/1497/1497 
f 1503/1503/1503 1502/1502/1502 1501/1501/1501 
f 1502/1502/1502 1504/1504/1504 1501/1501/1501 
f 1504/1504/1504 1505/1505/1505 1501/1501/1501 
f 1508/1508/1508 1507/1507/1507 1506/1506/1506 
f 1507/1507/1507 1509/1509/1509 1506/1506/1506 
f 1512/1512/1512 1511/1511/1511 1510/1510/1510 
f 1511/1511/1511 1513/1513/1513 1510/1510/1510 
f 1516/1516/1516 1515/1515/1515 1514/1514/1514 
f 1515/1515/1515 1517/1517/1517 1514/1514/1514 
f 1520/1520/1520 1519/1519/1519 1518/1518/1518 
f 1519/1519/1519 1521/1521/1521 1518/1518/1518 
f 1524/1524/1524 1523/1523/1523 1522/1522/1522 
f 1523/1523/1523 1525/1525/1525 1522/1522/1522 
f 1528/1528/1528 1527/1527/1527 1526/1526/1526 
f 1531/1531/1531 1530/1530/1530 1529/1529/1529 
f 1530/1530/1530 1532/1532/1532 1529/1529/1529 
f 1535/1535/1535 1534/1534/1534 1533/1533/1533 
f 1534/1534/1534 1536/1536/1536 1533/1533/1533 
f 1539/1539/1539 1538/1538/1538 1537/1537/1537 
f 1538/1538/1538 1540/1540/1540 1537/1537/1537 
f 1543/1543/1543 1542/1542/1542 1541/1541/1541 
f 1542/1542/1542 1544/1544/1544 1541/1541/1541 
f 1547/1547/1547 1546/1546/1546 1545/1545/1545 
f 1546/1546/1546 1548/1548/1548 1545/1545/1545 
f 1551/1551/1551 1550/1550/1550 1549/1549/1549 
f 1550/1550/1550 1552/1552/1552 1549/1549/1549 
f 1555/1555/1555 1554/1554/1554 1553/1553/1553 
f 1554/1554/1554 1556/1556/1556 1553/1553/1553 
f 1559/1559/1559 1558/1558/1558 1557/1557/1557 
f 1562/1562/1562 1561/1561/1561 1560/1560/1560 
f 1561/1561/1561 1563/1563/1563 1560/1560/1560 
f 1566/1566/1566 1565/1565/1565 1564/1564/1564 
f 1565/1565/1565 1567/1567/1567 1564/1564/1564 
f 1570/1570/1570 1569/1569/1569 1568/1568/1568 
f 1569/1569/1569 1571/1571/1571 1568/1568/1568 
f 1574/1574/1574 1573/1573/1573 1572/1572/1572 
f 1573/1573/1573 1575/1575/1575 1572/1572/1572 
f 1573/1573/1573 1576/1576/1576 1575/1575/1575 
f 1579/1579/1579 1578/1578/1578 1577/1577/1577 
f 1578/1578/1578 1580/1580/1580 1577/1577/1577 
f 1583/1583/1583 1582/1582/1582 1581/1581/1581 
f 1582/1582/1582 1584/1584/1584 1581/1581/1581 
f 1587/1587/1587 1586/1586/1586 1585/1585/1585 
f 1586/1586/1586 1588/1588/1588 1585/1585/1585 
f 1591/1591/1591 1590/1590/1590 1589/1589/1589 
f 1594/1594/1594 1593/1593/1593 1592/1592/1592 
f 1597/1597/1597 1596/1596/1596 1595/1595/1595 
f 1595/1595/1595 1598/1598/1598 1597/1597/1597 
f 1595/1595/1595 1599/1599/1599 1598/1598/1598 
f 1602/1602/1602 1601/1601/1601 1600/1600/1600 
f 1600/1600/1600 1603/1603/1603 1602/1602/1602 
f 1606/1606/1606 1605/1605/1605 1604/1604/1604 
f 1605/1605/1605 1607/1607/1607 1604/1604/1604 
f 1610/1610/1610 1609/1609/1609 1608/1608/1608 
f 1609/1609/1609 1611/1611/1611 1608/1608/1608 
f 1614/1614/1614 1613/1613/1613 1612/1612/1612 
f 1613/1613/1613 1615/1615/1615 1612/1612/1612 
f 1618/1618/1618 1617/1617/1617 1616/1616/1616 
f 1617/1617/1617 1619/1619/1619 1616/1616/1616 
f 1622/1622/1622 1621/1621/1621 1620/1620/1620 
f 1624/1624/1624 1623/1623/1623 1620/1620/1620 
f 1627/1627/1627 1626/1626/1626 1625/1625/1625 
f 1626/1626/1626 1629/1629/1629 1628/1628/1628 
f 1629/1629/1629 1630/1630/1630 1628/1628/1628 
f 1629/1629/1629 1631/1631/1631 1630/1630/1630 
f 1631/1631/1631 1632/1632/1632 1630/1630/1630 
f 1631/1631/1631 1633/1633/1633 1632/1632/1632 
f 1635/1635/1635 1634/1634/1634 1633/1633/1633 
f 1638/1638/1638 1637/1637/1637 1636/1636/1636 
f 1637/1637/1637 1639/1639/1639 1636/1636/1636 
f 1636/1636/1636 1639/1639/1639 1640/1640/1640 
f 1639/1639/1639 1641/1641/1641 1640/1640/1640 
f 1644/1644/1644 1643/1643/1643 1642/1642/1642 
f 1643/1643/1643 1645/1645/1645 1642/1642/1642 
f 1648/1648/1648 1647/1647/1647 1646/1646/1646 
f 1647/1647/1647 1649/1649/1649 1646/1646/1646 
f 1652/1652/1652 1651/1651/1651 1650/1650/1650 
f 1651/1651/1651 1653/1653/1653 1650/1650/1650 
f 1656/1656/1656 1655/1655/1655 1654/1654/1654 
f 1655/1655/1655 1657/1657/1657 1654/1654/1654 
f 1660/1660/1660 1659/1659/1659 1658/1658/1658 
f 1659/1659/1659 1661/1661/1661 1658/1658/1658 
f 1664/1664/1664 1663/1663/1663 1662/1662/1662 
f 1663/1663/1663 1665/1665/1665 1662/1662/1662 
f 1668/1668/1668 1667/1667/1667 1666/1666/1666 
f 1667/1667/1667 1669/1669/1669 1666/1666/1666 
f 1672/1672/1672 1671/1671/1671 1670/1670/1670 
f 1674/1674/1674 1673/1673/1673 1670/1670/1670 
f 1677/1677/1677 1676/1676/1676 1675/1675/1675 
f 1680/1680/1680 1679/1679/1679 1678/1678/1678 
f 1679/1679/1679 1681/1681/1681 1678/1678/1678 
f 1679/1679/1679 1682/1682/1682 1681/1681/1681 
f 1682/1682/1682 1683/1683/1683 1681/1681/1681 
f 1682/1682/1682 1684/1684/1684 1683/1683/1683 
f 1687/1687/1687 1686/1686/1686 1685/1685/1685 
f 1690/1690/1690 1689/1689/1689 1688/1688/1688 
f 1693/1693/1693 1692/1692/1692 1691/1691/1691 
f 1692/1692/1692 1694/1694/1694 1691/1691/1691 
f 1693/1693/1693 1691/1691/1691 1695/1695/1695 
f 1698/1698/1698 1697/1697/1697 1696/1696/1696 

