# Created by DisUnity v0.3.2
v 0.47023815 1.0285146 -1.4988513
v 0.48781905 1.0148389 -1.5365543
v 0.46807882 1.0331143 -1.5533661
v 0.5679306 0.9314789 -1.3728817
v 0.59451103 0.9160636 -1.4456912
v 0.48781905 1.0148389 -1.5365543
v 0.4724075 1.0318786 -1.5519758
v 0.46807882 1.0331143 -1.5533661
v 0.49268138 1.0149196 -1.5329989
v 0.59451103 0.9160636 -1.4456912
v 0.49856144 1.0106722 -1.5327846
v 0.49268138 1.0149196 -1.5329989
v 0.5310214 0.9798135 -1.5034918
v 0.5679306 0.9314789 -1.3728817
v 0.6512906 0.8519595 -1.3878343
v 0.59451103 0.9160636 -1.4456912
v 0.61837995 0.86659867 -1.3219291
v 0.61837995 0.86659867 -1.3219291
v 0.7063904 0.78184205 -1.3231077
v 0.6512906 0.8519595 -1.3878343
v 0.6492158 0.80783916 -1.2673179
v 0.6492158 0.80783916 -1.2673179
v 0.72939545 0.7557907 -1.2905579
v 0.7063904 0.78184205 -1.3231077
v 0.6660792 0.78664327 -1.2401828
v 0.59451103 0.9160636 -1.4456912
v 0.49268138 1.0149196 -1.5329989
v 0.48781905 1.0148389 -1.5365543
v -0.29639685 1.0372165 -1.554205
v -0.25456822 1.0149618 -1.5106591
v -0.29136986 1.037841 -1.552794
v -0.2593571 1.0151842 -1.5129501
v -0.1567972 0.9541786 -1.3987192
v -0.46226713 1.0149146 -1.5194184
v -0.46807882 1.0331143 -1.5533661
v -0.48781905 1.0148389 -1.5365543
v -0.5421982 0.9314789 -1.4400774
v -0.59451103 0.9160636 -1.4456912
v -0.48781905 1.0148389 -1.5365543
v -0.4724075 1.0318786 -1.5519758
v -0.49268138 1.0149196 -1.5329989
v -0.46807882 1.0331143 -1.5533661
v -0.59451103 0.9160636 -1.4456912
v -0.49856144 1.0106722 -1.5327846
v -0.5310214 0.9798135 -1.5034918
v -0.49268138 1.0149196 -1.5329989
v -0.5421982 0.9314789 -1.4400774
v -0.6512906 0.8519595 -1.3878343
v -0.59264755 0.86659867 -1.389125
v -0.59451103 0.9160636 -1.4456912
v -0.59264755 0.86659867 -1.389125
v -0.7063904 0.78184205 -1.3231077
v -0.6234835 0.80783916 -1.3345138
v -0.6512906 0.8519595 -1.3878343
v -0.1567972 0.9541786 -1.3987192
v -0.6234835 0.80783916 -1.3345138
v -0.72939545 0.7557907 -1.2905579
v -0.6403469 0.78664327 -1.3073786
v -0.7063904 0.78184205 -1.3231077
v -0.1567972 0.9541786 -1.3987192
v -0.59451103 0.9160636 -1.4456912
v -0.48781905 1.0148389 -1.5365543
v -0.49268138 1.0149196 -1.5329989
v -0.1567972 0.9541786 -1.3987192
v -0.5421982 0.9314789 -1.4400774
v -0.59264755 0.86659867 -1.389125
v -0.1567972 0.9541786 -1.3987192
v -0.46226713 1.0149146 -1.5194184
v -0.5421982 0.9314789 -1.4400774
v -0.2593571 1.0151842 -1.5129501
v -0.2593571 1.0151842 -1.5129501
v -0.46807882 1.0331143 -1.5533661
v -0.46226713 1.0149146 -1.5194184
v -0.29639685 1.0372165 -1.554205
v -0.31658262 0.51131356 0.05930537
v -0.25827646 0.6052526 0.0890582
v -0.318437 0.546976 0.054299593
v -0.23348083 0.49536958 0.0990612
v -0.23348083 0.49536958 0.0990612
v -0.31335258 0.46470696 0.06603903
v -0.21873972 0.44091365 0.103023015
v -0.31658262 0.51131356 0.05930537
v -0.21873972 0.44091365 0.103023015
v -0.31335258 0.46470696 0.06603903
v -0.31237796 0.45096123 0.068173245
v -0.21873972 0.44091365 0.103023015
v -0.31610528 0.44369274 0.07002073
v -0.21700788 0.4375506 0.10329629
v -0.31237796 0.45096123 0.068173245
v -0.21700788 0.4375506 0.10329629
v -0.31331694 0.43421 0.069308154
v -0.21434577 0.43486163 0.104193896
v -0.31610528 0.44369274 0.07002073
v -0.21434577 0.43486163 0.104193896
v -0.31331694 0.43421 0.069308154
v -0.31306618 0.42049062 0.0645723
v -0.21434577 0.43486163 0.104193896
v -0.31597117 0.34971148 0.055679183
v -0.21434577 0.36450535 0.081308365
v -0.31306618 0.42049062 0.0645723
v -0.31331694 0.43421 0.069308154
v -0.31610528 0.44369274 0.07002073
v -0.3280617 0.43411288 0.07358241
v -0.31306618 0.42049062 0.0645723
v -0.3280617 0.43411288 0.07358241
v -0.35189238 0.41483864 0.08066288
v -0.31331694 0.43421 0.069308154
v -0.31597117 0.34971148 0.055679183
v -0.35189238 0.41483864 0.08066288
v -0.35189238 0.34448233 0.05777734
v -0.31306618 0.42049062 0.0645723
v -0.83028555 0.3085741 -0.059757203
v -0.8968276 0.3266659 -0.07833556
v -0.90178514 0.3008713 -0.07732365
v -0.8285152 0.33543724 -0.062388983
v -0.4601107 0.33716705 0.09384702
v -0.45313936 0.3462221 0.10272514
v -0.45772463 0.34610382 0.10075899
v -0.5708441 0.34409422 0.047501888
v -0.59889585 0.32594222 0.034261208
v -0.8968276 0.3266659 -0.07833556
v -0.8285152 0.33543724 -0.062388983
v -0.8922264 0.33011648 -0.07667368
v -0.7346382 0.3157534 -0.028647535
v -0.8285152 0.33543724 -0.062388983
v -0.83028555 0.3085741 -0.059757203
v -0.7312829 0.34036213 -0.028188718
v -0.59889585 0.32594222 0.034261208
v -0.59517276 0.3434772 0.03601315
v -0.5708441 0.34409422 0.047501888
v -0.4601107 0.33716705 0.09384702
v -0.43513408 0.3493109 0.104268596
v -0.45313936 0.3462221 0.10272514
v -0.4601107 0.33716705 0.09384702
v -0.4168556 0.3610372 0.09983553
v -0.43513408 0.3493109 0.104268596
v -0.35189238 0.34448233 0.05777734
v -0.4168556 0.3610372 0.09983553
v -0.4601107 0.33716705 0.09384702
v -0.35189238 0.34448233 0.05777734
v -0.35189238 0.41483864 0.08066288
v -0.5708441 0.34409422 0.047501888
v -0.46409735 0.35089904 0.0985961
v -0.5648889 0.34899157 0.05114876
v -0.45772463 0.34610382 0.10075899
v -0.5648889 0.34899157 0.05114876
v -0.47752815 0.39547348 0.09985101
v -0.56098175 0.38554654 0.05928429
v -0.46409735 0.35089904 0.0985961
v -0.56098175 0.38554654 0.05928429
v -0.47587737 0.39921275 0.10064821
v -0.56403947 0.38822323 0.05822882
v -0.47752815 0.39547348 0.09985101
v -0.56403947 0.38822323 0.05822882
v -0.55918026 0.4388608 0.04593923
v -0.57466096 0.42593038 0.036832936
v -0.47587737 0.39921275 0.10064821
v -0.56403947 0.38822323 0.05822882
v -0.57466096 0.42593038 0.036832936
v -0.6211789 0.42304653 -0.02022386
v -0.56403947 0.38822323 0.05822882
v -0.6211789 0.42304653 -0.02022386
v -0.63482493 0.42131743 -0.02702053
v -0.55918026 0.4388608 0.04593923
v -0.47587737 0.39921275 0.10064821
v -0.54610074 0.45377758 0.051124938
v -0.54610074 0.45377758 0.051124938
v -0.47587737 0.39921275 0.10064821
v -0.5387934 0.46727052 0.05431913
v -0.5387934 0.46727052 0.05431913
v -0.47587737 0.39921275 0.10064821
v -0.43916714 0.4265631 0.10292261
v -0.5387934 0.46727052 0.05431913
v -0.43916714 0.4265631 0.10292261
v -0.47718486 0.57508945 0.08323537
v -0.47718486 0.57508945 0.08323537
v -0.43916714 0.4265631 0.10292261
v -0.37991896 0.4893862 0.08040406
v -0.37991896 0.4893862 0.08040406
v -0.32242548 0.54911923 0.05518176
v -0.47718486 0.57508945 0.08323537
v -0.32242548 0.54911923 0.05518176
v -0.4578258 0.6139537 0.09387796
v -0.4578258 0.6139537 0.09387796
v -0.318437 0.546976 0.054299593
v -0.25827646 0.6052526 0.0890582
v -0.32242548 0.54911923 0.05518176
v -0.25827646 0.6052526 0.0890582
v -0.38908127 0.70119834 0.14469154
v -0.83028555 0.3085741 -0.059757203
v -0.90178514 0.3008713 -0.07732365
v -0.8987146 0.298557 -0.07637031
v -0.8987146 0.298557 -0.07637031
v -0.8906748 0.2959942 -0.07400158
v -0.83028555 0.3085741 -0.059757203
v -0.8906748 0.2959942 -0.07400158
v -0.82655305 0.2846634 0.00440961
v -0.7346382 0.3157534 -0.028647535
v -0.82655305 0.2846634 0.00440961
v -0.81603247 0.2837934 0.012256219
v -0.83028555 0.3085741 -0.059757203
v -0.81603247 0.2837934 0.012256219
v -0.7217449 0.2832816 0.06530664
v -0.59889585 0.32594222 0.034261208
v -0.7217449 0.2832816 0.06530664
v -0.6755879 0.28322533 0.09019545
v -0.7346382 0.3157534 -0.028647535
v -0.4601107 0.33716705 0.09384702
v -0.6755879 0.28322533 0.09019545
v -0.5352968 0.28379473 0.16135804
v -0.59889585 0.32594222 0.034261208
v -0.4601107 0.33716705 0.09384702
v -0.5352968 0.28379473 0.16135804
v -0.4879363 0.28423163 0.18386734
v -0.4601107 0.33716705 0.09384702
v -0.4879363 0.28423163 0.18386734
v -0.4402868 0.28478888 0.20575629
v -0.35189238 0.34448233 0.05777734
v -0.4402868 0.28478888 0.20575629
v -0.3441552 0.28624538 0.24766155
v -0.4601107 0.33716705 0.09384702
v -0.35189238 0.34448233 0.05777734
v -0.3441552 0.28624538 0.24766155
v -0.33005223 0.287523 0.25225893
v -0.35189238 0.34448233 0.05777734
v -0.33005223 0.287523 0.25225893
v -0.31165224 0.293904 0.25589833
v -0.31597117 0.34971148 0.055679183
v -0.31165224 0.293904 0.25589833
v -0.18929325 0.35782024 0.27583596
v -0.35189238 0.34448233 0.05777734
v -0.21434577 0.36450535 0.081308365
v -0.31597117 0.34971148 0.055679183
v -0.18929325 0.35782024 0.27583596
v -0.21434577 0.36450535 0.081308365
v -0.18929325 0.35782024 0.27583596
v -0.17848057 0.3629993 0.27720374
v -0.21434577 0.36450535 0.081308365
v -0.17848057 0.3629993 0.27720374
v -0.17069629 0.36487964 0.2778715
v -0.21434577 0.36450535 0.081308365
v -0.17069629 0.36487964 0.2778715
v -0.0 0.3652892 0.28035986
v -0.21434577 0.36450535 0.081308365
v -0.0 0.3652892 0.28035986
v -0.0 0.3776481 0.10435534
v -0.21434577 0.43486163 0.104193896
v -0.21434577 0.36450535 0.081308365
v -0.21010952 0.43245646 0.104381695
v -0.21010952 0.43245646 0.104381695
v -0.21434577 0.36450535 0.081308365
v -0.20318031 0.43104458 0.10445052
v -0.20318031 0.43104458 0.10445052
v -0.0 0.3776481 0.10435534
v -0.0 0.43217114 0.10435534
v -0.21434577 0.36450535 0.081308365
v -0.8183107 0.7987408 -0.1097792
v -0.8140504 0.70116657 -0.09172519
v -0.816018 0.80065733 -0.1091651
v -0.81706494 0.7053024 -0.093490005
v -0.816018 0.80065733 -0.1091651
v -0.7668527 0.6844736 -0.077606745
v -0.80749345 0.79760313 -0.10519104
v -0.8140504 0.70116657 -0.09172519
v -0.80749345 0.79760313 -0.10519104
v -0.7668527 0.6844736 -0.077606745
v -0.7394559 0.66564673 -0.06961913
v -0.80749345 0.79760313 -0.10519104
v -0.718913 0.6626277 -0.06099878
v -0.7976092 0.7801122 -0.06820755
v -0.7394559 0.66564673 -0.06961913
v -0.7976092 0.7801122 -0.06820755
v -0.7148021 0.6622348 -0.059208516
v -0.78939694 0.7753498 -0.04728731
v -0.718913 0.6626277 -0.06099878
v -0.78939694 0.7753498 -0.04728731
v -0.7148021 0.6622348 -0.059208516
v -0.79623795 0.77165645 -0.04079299
v -0.79623795 0.77165645 -0.04079299
v -0.7148021 0.6622348 -0.059208516
v -0.7991002 0.85169727 -0.06418766
v -0.7991002 0.85169727 -0.06418766
v -0.6506086 0.6559514 -0.031339202
v -0.65444756 0.7284565 -0.039602894
v -0.7148021 0.6622348 -0.059208516
v -0.5797303 0.64901376 -5.6769E-4
v -0.7991002 0.85169727 -0.06418766
v -0.65444756 0.7284565 -0.039602894
v -0.65626293 0.75588214 -0.04046979
v -0.5797303 0.64901376 -5.6769E-4
v -0.51212364 0.64280736 0.028678222
v -0.6592691 0.78671426 -0.042228498
v -0.65934587 0.78809386 -0.04226022
v -0.44246295 0.6689122 0.07580155
v -0.44366366 0.6728969 0.07580446
v -0.65934587 0.78809386 -0.04226022
v -0.65937394 0.7907966 -0.042223137
v -0.44366366 0.6728969 0.07580446
v -0.44249606 0.67921996 0.07582632
v -0.66168255 0.80311054 -0.043825522
v -0.661813 0.80460507 -0.04389849
v -0.42909354 0.7036541 0.10478685
v -0.43057144 0.70807457 0.10523687
v -0.7991002 0.85169727 -0.06418766
v -0.65626293 0.75588214 -0.04046979
v -0.65647656 0.756894 -0.040620912
v -0.51212364 0.64280736 0.028678222
v -0.50930756 0.6426553 0.03124269
v -0.65647656 0.756894 -0.040620912
v -0.6595477 0.7714403 -0.042793177
v -0.50930756 0.6426553 0.03124269
v -0.46040198 0.6400152 0.07577793
v -0.65937394 0.7907966 -0.042223137
v -0.66168255 0.80311054 -0.043825522
v -0.44249606 0.67921996 0.07582632
v -0.42909354 0.7036541 0.10478685
v -0.7991002 0.85169727 -0.06418766
v -0.6595477 0.7714403 -0.042793177
v -0.6594734 0.77257717 -0.042707663
v -0.46040198 0.6400152 0.07577793
v -0.45760885 0.6412709 0.07582717
v -0.6594734 0.77257717 -0.042707663
v -0.65943396 0.78296566 -0.042445477
v -0.45760885 0.6412709 0.07582717
v -0.44463348 0.660228 0.07782668
v -0.65943396 0.78296566 -0.042445477
v -0.6594146 0.78451663 -0.042395327
v -0.44463348 0.660228 0.07782668
v -0.4430704 0.6634231 0.077803865
v -0.6594146 0.78451663 -0.042395327
v -0.6592691 0.78671426 -0.042228498
v -0.4430704 0.6634231 0.077803865
v -0.44246295 0.6689122 0.07580155
v -0.79623795 0.77165645 -0.04079299
v -0.86778766 0.8737981 -0.10204701
v -0.8459268 0.79960716 -0.07067404
v -0.7991002 0.85169727 -0.06418766
v -0.8459268 0.79960716 -0.07067404
v -0.90290076 0.9095849 -0.23358013
v -0.8876518 0.8544767 -0.20220715
v -0.86778766 0.8737981 -0.10204701
v -0.8876518 0.8544767 -0.20220715
v -0.9287281 0.91614157 -0.23470728
v -0.9074072 0.85905457 -0.21321277
v -0.90290076 0.9095849 -0.23358013
v -0.9287281 0.91614157 -0.23470728
v -0.90290076 0.9095849 -0.23358013
v -0.9286037 0.9172621 -0.23470117
v -0.9286037 0.9172621 -0.23470117
v -0.90290076 0.9095849 -0.23358013
v -0.92814755 0.9175914 -0.23370975
v -0.8876518 0.8544767 -0.20220715
v -0.9074072 0.85905457 -0.21321277
v -0.90559936 0.8548276 -0.20899953
v -0.8459268 0.79960716 -0.07067404
v -0.90559936 0.8548276 -0.20899953
v -0.89895743 0.8418115 -0.17877513
v -0.8876518 0.8544767 -0.20220715
v -0.89895743 0.8418115 -0.17877513
v -0.8776699 0.8024443 -0.08855381
v -0.8459268 0.79960716 -0.07067404
v -0.8776699 0.8024443 -0.08855381
v -0.87582695 0.79943836 -0.08179549
v -0.8459268 0.79960716 -0.07067404
v -0.87582695 0.79943836 -0.08179549
v -0.86610067 0.79100317 -0.06395036
v -0.8459268 0.79960716 -0.07067404
v -0.86610067 0.79100317 -0.06395036
v -0.8516923 0.78459793 -0.05420081
v -0.8459268 0.79960716 -0.07067404
v -0.7770394 0.7562207 -0.019944916
v -0.79623795 0.77165645 -0.04079299
v -0.8459268 0.79960716 -0.07067404
v -0.8516923 0.78459793 -0.05420081
v 0.31658262 0.51131356 0.05930537
v 0.25827646 0.6052526 0.0890582
v 0.23348083 0.49536958 0.0990612
v 0.318437 0.546976 0.054299593
v 0.23348083 0.49536958 0.0990612
v 0.31335258 0.46470696 0.06603903
v 0.31658262 0.51131356 0.05930537
v 0.21873972 0.44091365 0.103023015
v 0.21873972 0.44091365 0.103023015
v 0.31237796 0.45096123 0.068173245
v 0.31335258 0.46470696 0.06603903
v 0.21873972 0.44091365 0.103023015
v 0.31610528 0.44369274 0.07002073
v 0.31237796 0.45096123 0.068173245
v 0.21700788 0.4375506 0.10329629
v 0.21700788 0.4375506 0.10329629
v 0.31331694 0.43421 0.069308154
v 0.31610528 0.44369274 0.07002073
v 0.21434577 0.43486163 0.104193896
v 0.21434577 0.43486163 0.104193896
v 0.31306618 0.42049062 0.0645723
v 0.31331694 0.43421 0.069308154
v 0.21434577 0.43486163 0.104193896
v 0.31597117 0.34971148 0.055679183
v 0.31306618 0.42049062 0.0645723
v 0.21434577 0.36450535 0.081308365
v 0.31331694 0.43421 0.069308154
v 0.3280617 0.43411288 0.07358241
v 0.31610528 0.44369274 0.07002073
v 0.31306618 0.42049062 0.0645723
v 0.3280617 0.43411288 0.07358241
v 0.31331694 0.43421 0.069308154
v 0.35189238 0.41483864 0.08066288
v 0.31597117 0.34971148 0.055679183
v 0.35189238 0.41483864 0.08066288
v 0.31306618 0.42049062 0.0645723
v 0.35189238 0.34448233 0.05777734
v 0.83028555 0.3085741 -0.059757203
v 0.8968276 0.3266659 -0.07833556
v 0.8285152 0.33543724 -0.062388983
v 0.90178514 0.3008713 -0.07732365
v 0.4601107 0.33716705 0.09384702
v 0.45772463 0.34610382 0.10075899
v 0.45313936 0.3462221 0.10272514
v 0.5708441 0.34409422 0.047501888
v 0.59889585 0.32594222 0.034261208
v 0.8968276 0.3266659 -0.07833556
v 0.8922264 0.33011648 -0.07667368
v 0.8285152 0.33543724 -0.062388983
v 0.7346382 0.3157534 -0.028647535
v 0.8285152 0.33543724 -0.062388983
v 0.7312829 0.34036213 -0.028188718
v 0.83028555 0.3085741 -0.059757203
v 0.59889585 0.32594222 0.034261208
v 0.59517276 0.3434772 0.03601315
v 0.5708441 0.34409422 0.047501888
v 0.4601107 0.33716705 0.09384702
v 0.45313936 0.3462221 0.10272514
v 0.43513408 0.3493109 0.104268596
v 0.4601107 0.33716705 0.09384702
v 0.43513408 0.3493109 0.104268596
v 0.4168556 0.3610372 0.09983553
v 0.35189238 0.34448233 0.05777734
v 0.4168556 0.3610372 0.09983553
v 0.35189238 0.41483864 0.08066288
v 0.35189238 0.34448233 0.05777734
v 0.4601107 0.33716705 0.09384702
v 0.5708441 0.34409422 0.047501888
v 0.46409735 0.35089904 0.0985961
v 0.45772463 0.34610382 0.10075899
v 0.5648889 0.34899157 0.05114876
v 0.5648889 0.34899157 0.05114876
v 0.47752815 0.39547348 0.09985101
v 0.46409735 0.35089904 0.0985961
v 0.56098175 0.38554654 0.05928429
v 0.56098175 0.38554654 0.05928429
v 0.47587737 0.39921275 0.10064821
v 0.47752815 0.39547348 0.09985101
v 0.56403947 0.38822323 0.05822882
v 0.56403947 0.38822323 0.05822882
v 0.55918026 0.4388608 0.04593923
v 0.47587737 0.39921275 0.10064821
v 0.57466096 0.42593038 0.036832936
v 0.56403947 0.38822323 0.05822882
v 0.6211789 0.42304653 -0.02022386
v 0.57466096 0.42593038 0.036832936
v 0.56403947 0.38822323 0.05822882
v 0.63482493 0.42131743 -0.02702053
v 0.6211789 0.42304653 -0.02022386
v 0.55918026 0.4388608 0.04593923
v 0.54610074 0.45377758 0.051124938
v 0.47587737 0.39921275 0.10064821
v 0.54610074 0.45377758 0.051124938
v 0.5387934 0.46727052 0.05431913
v 0.47587737 0.39921275 0.10064821
v 0.5387934 0.46727052 0.05431913
v 0.43916714 0.4265631 0.10292261
v 0.47587737 0.39921275 0.10064821
v 0.5387934 0.46727052 0.05431913
v 0.47718486 0.57508945 0.08323537
v 0.43916714 0.4265631 0.10292261
v 0.47718486 0.57508945 0.08323537
v 0.37991896 0.4893862 0.08040406
v 0.43916714 0.4265631 0.10292261
v 0.32242548 0.54911923 0.05518176
v 0.37991896 0.4893862 0.08040406
v 0.47718486 0.57508945 0.08323537
v 0.4578258 0.6139537 0.09387796
v 0.32242548 0.54911923 0.05518176
v 0.4578258 0.6139537 0.09387796
v 0.318437 0.546976 0.054299593
v 0.32242548 0.54911923 0.05518176
v 0.25827646 0.6052526 0.0890582
v 0.38908127 0.70119834 0.14469154
v 0.25827646 0.6052526 0.0890582
v 0.83028555 0.3085741 -0.059757203
v 0.8987146 0.298557 -0.07637031
v 0.90178514 0.3008713 -0.07732365
v 0.8906748 0.2959942 -0.07400158
v 0.8987146 0.298557 -0.07637031
v 0.83028555 0.3085741 -0.059757203
v 0.82655305 0.2846634 0.00440961
v 0.8906748 0.2959942 -0.07400158
v 0.7346382 0.3157534 -0.028647535
v 0.82655305 0.2846634 0.00440961
v 0.83028555 0.3085741 -0.059757203
v 0.81603247 0.2837934 0.012256219
v 0.7217449 0.2832816 0.06530664
v 0.81603247 0.2837934 0.012256219
v 0.59889585 0.32594222 0.034261208
v 0.7217449 0.2832816 0.06530664
v 0.7346382 0.3157534 -0.028647535
v 0.6755879 0.28322533 0.09019545
v 0.4601107 0.33716705 0.09384702
v 0.6755879 0.28322533 0.09019545
v 0.59889585 0.32594222 0.034261208
v 0.5352968 0.28379473 0.16135804
v 0.4601107 0.33716705 0.09384702
v 0.4879363 0.28423163 0.18386734
v 0.5352968 0.28379473 0.16135804
v 0.4601107 0.33716705 0.09384702
v 0.4402868 0.28478888 0.20575629
v 0.4879363 0.28423163 0.18386734
v 0.35189238 0.34448233 0.05777734
v 0.4402868 0.28478888 0.20575629
v 0.4601107 0.33716705 0.09384702
v 0.3441552 0.28624538 0.24766155
v 0.35189238 0.34448233 0.05777734
v 0.33005223 0.287523 0.25225893
v 0.3441552 0.28624538 0.24766155
v 0.35189238 0.34448233 0.05777734
v 0.31165224 0.293904 0.25589833
v 0.33005223 0.287523 0.25225893
v 0.31597117 0.34971148 0.055679183
v 0.31165224 0.293904 0.25589833
v 0.35189238 0.34448233 0.05777734
v 0.18929325 0.35782024 0.27583596
v 0.21434577 0.36450535 0.081308365
v 0.18929325 0.35782024 0.27583596
v 0.31597117 0.34971148 0.055679183
v 0.21434577 0.36450535 0.081308365
v 0.17848057 0.3629993 0.27720374
v 0.18929325 0.35782024 0.27583596
v 0.21434577 0.36450535 0.081308365
v 0.17069629 0.36487964 0.2778715
v 0.17848057 0.3629993 0.27720374
v 0.21434577 0.36450535 0.081308365
v -0.0 0.3652892 0.28035986
v 0.17069629 0.36487964 0.2778715
v 0.21434577 0.36450535 0.081308365
v -0.0 0.3776481 0.10435534
v -0.0 0.3652892 0.28035986
v 0.21434577 0.43486163 0.104193896
v 0.21010952 0.43245646 0.104381695
v 0.21434577 0.36450535 0.081308365
v 0.21010952 0.43245646 0.104381695
v 0.20318031 0.43104458 0.10445052
v 0.21434577 0.36450535 0.081308365
v 0.20318031 0.43104458 0.10445052
v -0.0 0.3776481 0.10435534
v 0.21434577 0.36450535 0.081308365
v -0.0 0.43217114 0.10435534
v 0.8183107 0.7987408 -0.1097792
v 0.8140504 0.70116657 -0.09172519
v 0.81706494 0.7053024 -0.093490005
v 0.816018 0.80065733 -0.1091651
v 0.816018 0.80065733 -0.1091651
v 0.7668527 0.6844736 -0.077606745
v 0.8140504 0.70116657 -0.09172519
v 0.80749345 0.79760313 -0.10519104
v 0.80749345 0.79760313 -0.10519104
v 0.7394559 0.66564673 -0.06961913
v 0.7668527 0.6844736 -0.077606745
v 0.80749345 0.79760313 -0.10519104
v 0.718913 0.6626277 -0.06099878
v 0.7394559 0.66564673 -0.06961913
v 0.7976092 0.7801122 -0.06820755
v 0.7976092 0.7801122 -0.06820755
v 0.7148021 0.6622348 -0.059208516
v 0.718913 0.6626277 -0.06099878
v 0.78939694 0.7753498 -0.04728731
v 0.78939694 0.7753498 -0.04728731
v 0.79623795 0.77165645 -0.04079299
v 0.7148021 0.6622348 -0.059208516
v 0.79623795 0.77165645 -0.04079299
v 0.7991002 0.85169727 -0.06418766
v 0.7148021 0.6622348 -0.059208516
v 0.7991002 0.85169727 -0.06418766
v 0.6506086 0.6559514 -0.031339202
v 0.7148021 0.6622348 -0.059208516
v 0.65444756 0.7284565 -0.039602894
v 0.5797303 0.64901376 -5.6769E-4
v 0.7991002 0.85169727 -0.06418766
v 0.65626293 0.75588214 -0.04046979
v 0.65444756 0.7284565 -0.039602894
v 0.5797303 0.64901376 -5.6769E-4
v 0.51212364 0.64280736 0.028678222
v 0.65934587 0.78809386 -0.04226022
v 0.6592691 0.78671426 -0.042228498
v 0.44246295 0.6689122 0.07580155
v 0.44366366 0.6728969 0.07580446
v 0.65937394 0.7907966 -0.042223137
v 0.65934587 0.78809386 -0.04226022
v 0.44366366 0.6728969 0.07580446
v 0.44249606 0.67921996 0.07582632
v 0.661813 0.80460507 -0.04389849
v 0.66168255 0.80311054 -0.043825522
v 0.42909354 0.7036541 0.10478685
v 0.43057144 0.70807457 0.10523687
v 0.7991002 0.85169727 -0.06418766
v 0.65647656 0.756894 -0.040620912
v 0.65626293 0.75588214 -0.04046979
v 0.51212364 0.64280736 0.028678222
v 0.50930756 0.6426553 0.03124269
v 0.6595477 0.7714403 -0.042793177
v 0.65647656 0.756894 -0.040620912
v 0.50930756 0.6426553 0.03124269
v 0.46040198 0.6400152 0.07577793
v 0.66168255 0.80311054 -0.043825522
v 0.65937394 0.7907966 -0.042223137
v 0.44249606 0.67921996 0.07582632
v 0.42909354 0.7036541 0.10478685
v 0.7991002 0.85169727 -0.06418766
v 0.6594734 0.77257717 -0.042707663
v 0.6595477 0.7714403 -0.042793177
v 0.46040198 0.6400152 0.07577793
v 0.45760885 0.6412709 0.07582717
v 0.65943396 0.78296566 -0.042445477
v 0.6594734 0.77257717 -0.042707663
v 0.45760885 0.6412709 0.07582717
v 0.44463348 0.660228 0.07782668
v 0.6594146 0.78451663 -0.042395327
v 0.65943396 0.78296566 -0.042445477
v 0.44463348 0.660228 0.07782668
v 0.4430704 0.6634231 0.077803865
v 0.6592691 0.78671426 -0.042228498
v 0.6594146 0.78451663 -0.042395327
v 0.4430704 0.6634231 0.077803865
v 0.44246295 0.6689122 0.07580155
v 0.79623795 0.77165645 -0.04079299
v 0.86778766 0.8737981 -0.10204701
v 0.7991002 0.85169727 -0.06418766
v 0.8459268 0.79960716 -0.07067404
v 0.8459268 0.79960716 -0.07067404
v 0.90290076 0.9095849 -0.23358013
v 0.86778766 0.8737981 -0.10204701
v 0.8876518 0.8544767 -0.20220715
v 0.8876518 0.8544767 -0.20220715
v 0.9287281 0.91614157 -0.23470728
v 0.90290076 0.9095849 -0.23358013
v 0.9074072 0.85905457 -0.21321277
v 0.9287281 0.91614157 -0.23470728
v 0.9286037 0.9172621 -0.23470117
v 0.90290076 0.9095849 -0.23358013
v 0.9286037 0.9172621 -0.23470117
v 0.92814755 0.9175914 -0.23370975
v 0.90290076 0.9095849 -0.23358013
v 0.8876518 0.8544767 -0.20220715
v 0.90559936 0.8548276 -0.20899953
v 0.9074072 0.85905457 -0.21321277
v 0.8459268 0.79960716 -0.07067404
v 0.90559936 0.8548276 -0.20899953
v 0.8876518 0.8544767 -0.20220715
v 0.89895743 0.8418115 -0.17877513
v 0.8776699 0.8024443 -0.08855381
v 0.89895743 0.8418115 -0.17877513
v 0.8459268 0.79960716 -0.07067404
v 0.87582695 0.79943836 -0.08179549
v 0.8776699 0.8024443 -0.08855381
v 0.8459268 0.79960716 -0.07067404
v 0.86610067 0.79100317 -0.06395036
v 0.87582695 0.79943836 -0.08179549
v 0.8459268 0.79960716 -0.07067404
v 0.8516923 0.78459793 -0.05420081
v 0.86610067 0.79100317 -0.06395036
v 0.8459268 0.79960716 -0.07067404
v 0.7770394 0.7562207 -0.019944916
v 0.8516923 0.78459793 -0.05420081
v 0.8459268 0.79960716 -0.07067404
v 0.79623795 0.77165645 -0.04079299
v -0.42508543 0.7360222 -0.24200419
v -0.95951223 0.957491 -0.5572478
v -0.8289325 0.88672763 -0.10354112
v -0.60248184 0.7994988 -0.7954283
v -0.8289325 0.88672763 -0.10354112
v -0.96607465 0.9645814 -0.48296458
v -0.85628676 0.89419526 -0.10658625
v -0.95951223 0.957491 -0.5572478
v -0.85628676 0.89419526 -0.10658625
v -0.96607465 0.9645814 -0.48296458
v -0.8885431 0.91483784 -0.19558737
v -0.95951223 0.957491 -0.5572478
v -0.60248184 0.7994988 -0.7954283
v -0.9061082 0.90066594 -0.75894386
v -0.9061082 0.90066594 -0.75894386
v -0.60248184 0.7994988 -0.7954283
v -0.8340394 0.82749146 -0.9972488
v -0.8340394 0.82749146 -0.9972488
v -0.6821768 0.78727394 -1.1245385
v -0.7947827 0.7902084 -1.1161575
v -0.60248184 0.7994988 -0.7954283
v -0.85628676 0.89419526 -0.10658625
v -0.8928987 0.9144636 -0.18758197
v -0.8663808 0.8970517 -0.11684629
v -0.8885431 0.91483784 -0.19558737
v -0.42508543 0.7360222 -0.24200419
v -0.8289325 0.88672763 -0.10354112
v -0.7910302 0.87446046 -0.090043426
v -0.42508543 0.7360222 -0.24200419
v -0.7910302 0.87446046 -0.090043426
v -0.71578467 0.8456527 -0.043110516
v -0.42508543 0.7360222 -0.24200419
v -0.71578467 0.8456527 -0.043110516
v -0.5896823 0.79317117 0.0327809
v -0.5896823 0.79317117 0.0327809
v -0.46267354 0.73692906 0.10435606
v -0.42508543 0.7360222 -0.24200419
v -0.3350577 0.6718127 0.01029737
v -0.3259519 0.6629108 0.008594849
v -0.3397386 0.6765864 0.01630789
v -0.42508543 0.7360222 -0.24200419
v -0.38908127 0.70119834 0.14469154
v -0.3397386 0.6765864 0.01630789
v -0.46267354 0.73692906 0.10435606
v -0.3397386 0.6765864 0.01630789
v -0.38908127 0.70119834 0.14469154
v -0.44619623 0.6175264 0.120292805
v -0.3350577 0.6718127 0.01029737
v -0.44619623 0.6175264 0.120292805
v -0.44461223 0.6157054 0.120570384
v -0.3397386 0.6765864 0.01630789
v -0.38908127 0.70119834 0.14469154
v -0.466163 0.7171401 0.11790837
v -0.43930992 0.70554495 0.12518087
v -0.46267354 0.73692906 0.10435606
v -0.466163 0.7171401 0.11790837
v -0.5896823 0.79317117 0.0327809
v -0.6002847 0.76924735 0.06601141
v -0.46267354 0.73692906 0.10435606
v -0.6002847 0.76924735 0.06601141
v -0.71578467 0.8456527 -0.043110516
v -0.74940616 0.8244302 0.00645873
v -0.5896823 0.79317117 0.0327809
v -0.74940616 0.8244302 0.00645873
v -0.7910302 0.87446046 -0.090043426
v -0.82811046 0.8517068 -0.025539318
v -0.71578467 0.8456527 -0.043110516
v -0.82811046 0.8517068 -0.025539318
v -0.8289325 0.88672763 -0.10354112
v -0.867565 0.86497796 -0.041595586
v -0.7910302 0.87446046 -0.090043426
v -0.8289325 0.88672763 -0.10354112
v -0.89132893 0.87336606 -0.0561589
v -0.867565 0.86497796 -0.041595586
v -0.85628676 0.89419526 -0.10658625
v -0.89132893 0.87336606 -0.0561589
v -0.85628676 0.89419526 -0.10658625
v -0.901851 0.8787717 -0.06997883
v -0.85628676 0.89419526 -0.10658625
v -0.90872395 0.88425595 -0.08824784
v -0.901851 0.8787717 -0.06997883
v -0.8663808 0.8970517 -0.11684629
v -0.8663808 0.8970517 -0.11684629
v -0.9268572 0.90630406 -0.17258467
v -0.90872395 0.88425595 -0.08824784
v -0.8928987 0.9144636 -0.18758197
v -0.9268572 0.90630406 -0.17258467
v -0.8885431 0.91483784 -0.19558737
v -0.9483776 0.9354466 -0.3057516
v -0.8928987 0.9144636 -0.18758197
v -0.9483776 0.9354466 -0.3057516
v -0.96607465 0.9645814 -0.48296458
v -0.960182 0.9548532 -0.41913825
v -0.8885431 0.91483784 -0.19558737
v -0.44619623 0.6175264 0.120292805
v -0.43930992 0.70554495 0.12518087
v -0.4752529 0.6513201 0.11306635
v -0.38908127 0.70119834 0.14469154
v -0.60248184 0.7994988 -0.7954283
v -0.025470275 0.75341934 -0.24200419
v -0.01942955 0.81689596 -0.7954283
v -0.42508543 0.7360222 -0.24200419
v -0.6821768 0.78727394 -1.1245385
v -0.01942955 0.81689596 -0.7954283
v -0.01671585 0.80467105 -1.1245385
v -0.60248184 0.7994988 -0.7954283
v -0.42508543 0.7360222 -0.24200419
v -0.028845863 0.680308 0.008594849
v -0.025470275 0.75341934 -0.24200419
v -0.3259519 0.6629108 0.008594849
v 0.42508543 0.7360222 -0.24200419
v 0.95951223 0.957491 -0.5572478
v 0.60248184 0.7994988 -0.7954283
v 0.8289325 0.88672763 -0.10354112
v 0.8289325 0.88672763 -0.10354112
v 0.96607465 0.9645814 -0.48296458
v 0.95951223 0.957491 -0.5572478
v 0.85628676 0.89419526 -0.10658625
v 0.85628676 0.89419526 -0.10658625
v 0.8885431 0.91483784 -0.19558737
v 0.96607465 0.9645814 -0.48296458
v 0.95951223 0.957491 -0.5572478
v 0.9061082 0.90066594 -0.75894386
v 0.60248184 0.7994988 -0.7954283
v 0.9061082 0.90066594 -0.75894386
v 0.8340394 0.82749146 -0.9972488
v 0.60248184 0.7994988 -0.7954283
v 0.8340394 0.82749146 -0.9972488
v 0.6821768 0.78727394 -1.1245385
v 0.60248184 0.7994988 -0.7954283
v 0.7947827 0.7902084 -1.1161575
v 0.85628676 0.89419526 -0.10658625
v 0.8928987 0.9144636 -0.18758197
v 0.8885431 0.91483784 -0.19558737
v 0.8663808 0.8970517 -0.11684629
v 0.42508543 0.7360222 -0.24200419
v 0.7910302 0.87446046 -0.090043426
v 0.8289325 0.88672763 -0.10354112
v 0.42508543 0.7360222 -0.24200419
v 0.71578467 0.8456527 -0.043110516
v 0.7910302 0.87446046 -0.090043426
v 0.42508543 0.7360222 -0.24200419
v 0.5896823 0.79317117 0.0327809
v 0.71578467 0.8456527 -0.043110516
v 0.46267354 0.73692906 0.10435606
v 0.5896823 0.79317117 0.0327809
v 0.42508543 0.7360222 -0.24200419
v 0.3259519 0.6629108 0.008594849
v 0.3350577 0.6718127 0.01029737
v 0.3397386 0.6765864 0.01630789
v 0.42508543 0.7360222 -0.24200419
v 0.38908127 0.70119834 0.14469154
v 0.46267354 0.73692906 0.10435606
v 0.3397386 0.6765864 0.01630789
v 0.3397386 0.6765864 0.01630789
v 0.44619623 0.6175264 0.120292805
v 0.38908127 0.70119834 0.14469154
v 0.3350577 0.6718127 0.01029737
v 0.44619623 0.6175264 0.120292805
v 0.3397386 0.6765864 0.01630789
v 0.44461223 0.6157054 0.120570384
v 0.38908127 0.70119834 0.14469154
v 0.466163 0.7171401 0.11790837
v 0.46267354 0.73692906 0.10435606
v 0.43930992 0.70554495 0.12518087
v 0.466163 0.7171401 0.11790837
v 0.5896823 0.79317117 0.0327809
v 0.46267354 0.73692906 0.10435606
v 0.6002847 0.76924735 0.06601141
v 0.6002847 0.76924735 0.06601141
v 0.71578467 0.8456527 -0.043110516
v 0.5896823 0.79317117 0.0327809
v 0.74940616 0.8244302 0.00645873
v 0.74940616 0.8244302 0.00645873
v 0.7910302 0.87446046 -0.090043426
v 0.71578467 0.8456527 -0.043110516
v 0.82811046 0.8517068 -0.025539318
v 0.82811046 0.8517068 -0.025539318
v 0.8289325 0.88672763 -0.10354112
v 0.7910302 0.87446046 -0.090043426
v 0.867565 0.86497796 -0.041595586
v 0.8289325 0.88672763 -0.10354112
v 0.89132893 0.87336606 -0.0561589
v 0.85628676 0.89419526 -0.10658625
v 0.867565 0.86497796 -0.041595586
v 0.89132893 0.87336606 -0.0561589
v 0.901851 0.8787717 -0.06997883
v 0.85628676 0.89419526 -0.10658625
v 0.85628676 0.89419526 -0.10658625
v 0.90872395 0.88425595 -0.08824784
v 0.8663808 0.8970517 -0.11684629
v 0.901851 0.8787717 -0.06997883
v 0.8663808 0.8970517 -0.11684629
v 0.9268572 0.90630406 -0.17258467
v 0.8928987 0.9144636 -0.18758197
v 0.90872395 0.88425595 -0.08824784
v 0.9268572 0.90630406 -0.17258467
v 0.8885431 0.91483784 -0.19558737
v 0.8928987 0.9144636 -0.18758197
v 0.9483776 0.9354466 -0.3057516
v 0.9483776 0.9354466 -0.3057516
v 0.96607465 0.9645814 -0.48296458
v 0.8885431 0.91483784 -0.19558737
v 0.960182 0.9548532 -0.41913825
v 0.44619623 0.6175264 0.120292805
v 0.43930992 0.70554495 0.12518087
v 0.38908127 0.70119834 0.14469154
v 0.4752529 0.6513201 0.11306635
v 0.60248184 0.7994988 -0.7954283
v 0.025470275 0.75341934 -0.24200419
v 0.42508543 0.7360222 -0.24200419
v 0.01942955 0.81689596 -0.7954283
v 0.6821768 0.78727394 -1.1245385
v 0.01942955 0.81689596 -0.7954283
v 0.60248184 0.7994988 -0.7954283
v 0.01671585 0.80467105 -1.1245385
v 0.42508543 0.7360222 -0.24200419
v 0.028845863 0.680308 0.008594849
v 0.3259519 0.6629108 0.008594849
v 0.025470275 0.75341934 -0.24200419
v -0.17212869 0.63842785 -0.023940772
v 0.17212869 0.7708042 -0.005594482
v 0.17212869 0.6349518 -0.023974627
v -0.17212869 0.7708042 -0.005594482
v -0.17212869 0.7708042 -0.005594482
v 0.17212869 0.83571273 -0.49784607
v 0.17212869 0.7708042 -0.005594482
v -0.17212869 0.83571273 -0.49784607
v 0.17212869 0.8676292 -0.87432486
v -0.17212869 0.8676292 -0.87432486
v 0.105643615 0.6000611 -1.6035532
v -0.105643615 0.6000611 -1.6035532
v -0.31457803 0.93784374 -2.8908792
v 0.140752 0.64902157 -2.7188106
v 0.140752 0.93784374 -2.8908792
v -0.31457803 0.64902157 -2.7188106
v 0.140752 0.3394744 -2.5595782
v -0.31457803 0.3394744 -2.5617545
v -0.17212869 0.3639112 -0.43403298
v 0.25059786 0.3639112 0.0062688445
v 0.17212869 0.3639112 -0.43403298
v -0.25059786 0.3639112 0.0062688445
v -0.17212869 0.3639112 -0.8459693
v 0.17212869 0.3639112 -0.8459693
v -0.105643615 0.36138418 -1.6035532
v 0.105643615 0.36138418 -1.6035532
v 0.17212869 0.6349518 -0.023974627
v 0.17212869 0.7708042 -0.005594482
v 0.17212869 0.83571273 -0.49784607
v -0.17212869 0.3639112 -0.43403298
v -0.26582465 0.6092813 0.061014757
v -0.25059786 0.3639112 0.0062688445
v -0.17212869 0.6733175 -0.47588143
v -0.17212869 0.3639112 -0.8459693
v -0.17212869 0.69424826 -0.8645648
v -0.105643615 0.36138418 -1.6035532
v -0.105643615 0.5179079 -1.6035532
v -0.17212869 0.63842785 -0.023940772
v -0.17212869 0.83571273 -0.49784607
v -0.17212869 0.8676292 -0.87432486
v -0.105643615 0.6000611 -1.6035532
v 0.17212869 0.6733175 -0.47588143
v 0.17212869 0.3639112 -0.8459693
v 0.17212869 0.3639112 -0.43403298
v 0.17212869 0.69424826 -0.8645648
v 0.105643615 0.36138418 -1.6035532
v 0.105643615 0.5179079 -1.6035532
v 0.25059786 0.3639112 0.0062688445
v 0.26582465 0.60700166 0.060992554
v 0.17212869 0.8676292 -0.87432486
v 0.105643615 0.6000611 -1.6035532
v 0.17212869 0.83571273 -0.49784607
v 0.26582465 0.60700166 0.060992554
v 0.17212869 0.6349518 -0.023974627
v -0.25059786 0.3639112 0.0062688445
v 0.26582465 0.60700166 0.060992554
v 0.25059786 0.3639112 0.0062688445
v -0.26582465 0.6092813 0.061014757
v 0.17212869 0.6349518 -0.023974627
v -0.17212869 0.63842785 -0.023940772
v -0.17212869 0.83571273 -0.49784607
v -0.17212869 0.7708042 -0.005594482
v -0.17212869 0.63842785 -0.023940772
v -0.105643615 0.6000611 -1.6035532
v 0.105643615 0.6000611 -2.3891585
v 0.105643615 0.6000611 -1.6035532
v -0.105643615 0.6000611 -2.3891585
v 0.105643615 0.5179079 -1.6035532
v 0.105643615 0.36138418 -2.3891585
v 0.105643615 0.36138418 -1.6035532
v 0.105643615 0.5179079 -2.3891582
v 0.105643615 0.6000611 -1.6035532
v 0.105643615 0.6000611 -2.3891585
v 0.105643615 0.36138418 -1.6035532
v -0.105643615 0.36138418 -2.3891585
v -0.105643615 0.36138418 -1.6035532
v 0.105643615 0.36138418 -2.3891585
v -0.105643615 0.36138418 -1.6035532
v -0.105643615 0.5179079 -2.3891582
v -0.105643615 0.5179079 -1.6035532
v -0.105643615 0.36138418 -2.3891585
v -0.105643615 0.6000611 -1.6035532
v -0.105643615 0.6000611 -2.3891585
v -0.105643615 0.6000611 -2.3891585
v 0.124470115 0.79068935 -2.6286583
v 0.105643615 0.6000611 -2.3891585
v -0.21768253 0.79068935 -2.6286583
v 0.140752 0.93784374 -2.8908792
v -0.31457803 0.93784374 -2.8908792
v 0.140752 0.64902157 -2.7188106
v 0.140752 0.3394744 -2.5595782
v 0.105643615 0.36138418 -2.3891585
v 0.105643615 0.5179079 -2.3891582
v 0.105643615 0.6000611 -2.3891585
v 0.124470115 0.79068935 -2.6286583
v 0.140752 0.93784374 -2.8908792
v 0.105643615 0.36138418 -2.3891585
v -0.31457803 0.3394744 -2.5617545
v -0.105643615 0.36138418 -2.3891585
v 0.140752 0.3394744 -2.5595782
v -0.21768253 0.79068935 -2.6286583
v -0.105643615 0.6000611 -2.3891585
v -0.105643615 0.5179079 -2.3891582
v -0.105643615 0.36138418 -2.3891585
v -0.31457803 0.3394744 -2.5617545
v -0.31457803 0.64902157 -2.7188106
v -0.31457803 0.93784374 -2.8908792
v 0.9610303 0.5094597 -0.9753735
v 0.6535421 0.48691517 -1.1033813
v 0.64604974 0.48951653 -1.0553721
v 0.9626912 0.4738744 -1.000892
v 0.94129485 0.5383183 -0.960352
v 0.71089476 0.55074316 -1.0307451
v 0.95174253 0.78637046 -0.8247825
v 0.9377487 0.74563116 -0.84508324
v 0.68530774 0.55317193 -1.0378853
v 0.65345764 0.5710823 -1.0034126
v 0.9472647 0.78844094 -0.817761
v 0.94351405 0.78967327 -0.81835395
v 0.9012305 0.7745503 -0.84118706
v 0.90276027 0.7772406 -0.8446945
v 0.9455112 0.79095554 -0.8241179
v 0.706537 0.61494225 -0.996317
v 0.7417931 0.7175266 -0.92728305
v 0.75333863 0.6954635 -0.93546623
v 0.73832273 0.71865815 -0.9222543
v 0.7049727 0.6145561 -0.99499404
v 0.7402758 0.7206137 -0.92012954
v 0.6822947 0.60051423 -0.9942053
v 0.6671026 0.59494877 -1.0025179
v 0.6640647 0.59698445 -1.002282
v 0.69165325 0.6213659 -0.98208654
v 0.6899186 0.6241505 -0.9852918
v 0.6742862 0.66135347 -0.96793514
v 0.6690431 0.6348395 -0.9778326
v 0.70962286 0.67277485 -0.9499036
v 0.6712549 0.67947066 -0.9640239
v 0.6690431 0.6348395 -0.9778326
v 0.71225965 0.694234 -0.94215864
v 0.71966803 0.70930976 -0.93328846
v 0.70962286 0.67277485 -0.9499036
v 0.7021407 0.7482603 -0.91546893
v 0.6941077 0.7427789 -0.9189582
v 0.66660315 0.7774896 -0.8754873
v 0.737591 0.7617663 -0.8966752
v 0.75929123 0.7718029 -0.8909051
v 0.74616164 0.7322392 -0.91828525
v 0.7478369 0.7302423 -0.91895026
v 0.6887821 0.8126221 -0.85040814
v 0.66878 0.7880667 -0.86849606
v 0.79261565 0.78422326 -0.8735968
v 0.6912275 0.81602454 -0.8496171
v 0.7654051 0.8760326 -0.824294
v 0.709932 0.8656549 -0.8461083
v 0.6915259 0.84982425 -0.85408735
v 0.8064265 0.79098266 -0.8695735
v 0.8120821 0.7528147 -0.885998
v 0.8224769 0.7494237 -0.8772471
v 0.73832273 0.71865815 -0.9222543
v 0.8254234 0.7474374 -0.88212276
v 0.8248821 0.7629436 -0.880293
v 0.8324236 0.80088025 -0.85607374
v 0.82177204 0.88398474 -0.8037797
v 0.8349818 0.7982427 -0.8568351
v 0.86692935 0.8905875 -0.78644013
v 0.89015585 0.8357047 -0.8164083
v 0.88115776 0.8853453 -0.79181844
v 0.900252 0.7814678 -0.8442481
v 0.8733903 0.89182746 -0.78569114
v 0.9129053 0.7190998 -0.8621804
v 0.94129485 0.5383183 -0.960352
v 0.96160644 0.4619089 -1.0238049
v 0.6500428 0.46066278 -1.1215833
v 0.65180004 0.4699015 -1.1124429
v 0.96051234 0.45776233 -1.0469172
v 0.6559699 0.4610018 -1.160745
v 0.93022513 0.46084118 -1.0996357
v 0.6843388 0.47476527 -1.3259256
v 0.6843388 0.47476527 -1.3259256
v 0.68106663 0.47313473 -1.3258315
v 0.6559699 0.4610018 -1.160745
v 0.71089476 0.55074316 -1.0307451
v 0.9129053 0.7190998 -0.8621804
v 0.94129485 0.5383183 -0.960352
v 0.7686743 0.68256843 -0.9311177
v 0.71089476 0.55074316 -1.0307451
v 0.75333863 0.6954635 -0.93546623
v 0.7686743 0.68256843 -0.9311177
v 0.9129053 0.7190998 -0.8621804
v 0.75333863 0.6954635 -0.93546623
v 0.9377487 0.74563116 -0.84508324
v 0.7686743 0.68256843 -0.9311177
v 0.9455112 0.79095554 -0.8241179
v 0.95174253 0.78637046 -0.8247825
v 0.6690431 0.6348395 -0.9778326
v 0.6570349 0.67427087 -0.9398386
v 0.6553833 0.76995647 -0.8820152
v 0.67078453 0.73617107 -0.9300604
v 0.6582335 0.7746387 -0.8795322
v 0.6920854 0.74462926 -0.9184677
v 0.6655321 0.63505214 -0.97882885
v 0.66660315 0.7774896 -0.8754873
v 0.6941077 0.7427789 -0.9189582
v 0.6920854 0.74462926 -0.9184677
v 0.8733903 0.89182746 -0.78569114
v 0.87744254 0.89072186 -0.78721297
v 0.88115776 0.8853453 -0.79181844
v 0.6915259 0.84982425 -0.85408735
v 0.6946057 0.85404897 -0.8528165
v 0.709932 0.8656549 -0.8461083
vn -0.6617576 -0.7488058 -0.036970764
vn -0.6617576 -0.7488058 -0.036970764
vn -0.6617576 -0.7488058 -0.036970764
vn -0.65459615 -0.75332594 -0.063275844
vn -0.65459615 -0.75332594 -0.063275844
vn 0.39734492 -0.3916991 -0.8298728
vn 0.39734492 -0.3916991 -0.8298728
vn 0.39734492 -0.3916991 -0.8298728
vn 0.39734492 -0.3916991 -0.8298728
vn -0.42265996 -0.8074705 -0.41152152
vn -0.42265996 -0.8074705 -0.41152152
vn -0.42265996 -0.8074705 -0.41152152
vn -0.42265996 -0.8074705 -0.41152152
vn -0.69642675 -0.7025217 -0.14646852
vn -0.69642675 -0.7025217 -0.14646852
vn -0.69642675 -0.7025217 -0.14646852
vn -0.69642675 -0.7025217 -0.14646852
vn -0.6706772 -0.69273794 -0.26515326
vn -0.6706772 -0.69273794 -0.26515326
vn -0.6706772 -0.69273794 -0.26515326
vn -0.6706772 -0.69273794 -0.26515326
vn -0.576231 -0.78283584 -0.23478885
vn -0.576231 -0.78283584 -0.23478885
vn -0.576231 -0.78283584 -0.23478885
vn -0.576231 -0.78283584 -0.23478885
vn 0.588249 -0.10249794 -0.8021579
vn 0.588249 -0.10249794 -0.8021579
vn 0.588249 -0.10249794 -0.8021579
vn 0.26731664 -0.72948563 -0.6295971
vn 0.26731664 -0.72948563 -0.6295971
vn 0.26731664 -0.72948563 -0.6295971
vn 0.26731664 -0.72948563 -0.6295971
vn 0.26734975 -0.72947335 -0.62959725
vn 0.33051798 -0.80708057 -0.48926362
vn 0.33051798 -0.80708057 -0.48926362
vn 0.33051798 -0.80708057 -0.48926362
vn 0.30961043 -0.798853 -0.51572794
vn 0.30961043 -0.798853 -0.51572794
vn -0.39733967 -0.39170197 -0.8298739
vn -0.39733967 -0.39170197 -0.8298739
vn -0.39733967 -0.39170197 -0.8298739
vn -0.39733967 -0.39170197 -0.8298739
vn 0.42263734 -0.8074741 -0.41153777
vn 0.42263734 -0.8074741 -0.41153777
vn 0.42263734 -0.8074741 -0.41153777
vn 0.42263734 -0.8074741 -0.41153777
vn 0.222945 -0.73017925 -0.6458589
vn 0.222945 -0.73017925 -0.6458589
vn 0.222945 -0.73017925 -0.6458589
vn 0.222945 -0.73017925 -0.6458589
vn 0.14702952 -0.72304934 -0.6749681
vn 0.14702952 -0.72304934 -0.6749681
vn 0.14702952 -0.72304934 -0.6749681
vn 0.14702952 -0.72304934 -0.6749681
vn 0.12748852 -0.71029645 -0.6922612
vn 0.18641005 -0.8271097 -0.5302272
vn 0.18641005 -0.8271097 -0.5302272
vn 0.18641005 -0.8271097 -0.5302272
vn 0.18641005 -0.8271097 -0.5302272
vn 0.18641046 -0.82710725 -0.5302309
vn -0.588249 -0.10249794 -0.8021579
vn -0.588249 -0.10249794 -0.8021579
vn -0.588249 -0.10249794 -0.8021579
vn 0.11816896 -0.66851515 -0.7342503
vn 0.11816896 -0.66851515 -0.7342503
vn 0.11816896 -0.66851515 -0.7342503
vn 0.07996388 -0.7943934 -0.60211706
vn 0.07996388 -0.7943934 -0.60211706
vn 0.07996388 -0.7943934 -0.60211706
vn 0.07996388 -0.7943934 -0.60211706
vn 0.017444212 -0.8774459 -0.4793584
vn 0.017444212 -0.8774459 -0.4793584
vn 0.017444212 -0.8774459 -0.4793584
vn 0.017444212 -0.8774459 -0.4793584
vn 0.46297148 -0.0066289767 -0.8863484
vn 0.46297148 -0.0066289767 -0.8863484
vn 0.46297148 -0.0066289767 -0.8863484
vn 0.46297148 -0.0066289767 -0.8863484
vn 0.39102894 -0.0278255 -0.91995764
vn 0.39102894 -0.0278255 -0.91995764
vn 0.39102894 -0.0278255 -0.91995764
vn 0.39102894 -0.0278255 -0.91995764
vn 0.33475995 -0.1213537 -0.9344565
vn 0.33475995 -0.1213537 -0.9344565
vn 0.33475995 -0.1213537 -0.9344565
vn 0.30536714 -0.24107769 -0.9212125
vn 0.30536714 -0.24107769 -0.9212125
vn 0.30536714 -0.24107769 -0.9212125
vn 0.30536714 -0.24107769 -0.9212125
vn 0.32582775 0.13167226 -0.9362151
vn 0.32582775 0.13167226 -0.9362151
vn 0.32582775 0.13167226 -0.9362151
vn 0.32582775 0.13167226 -0.9362151
vn 0.3136745 0.31495315 -0.89577496
vn 0.3136745 0.31495315 -0.89577496
vn 0.3136745 0.31495315 -0.89577496
vn 0.2758497 0.2057344 -0.9389251
vn 0.2758497 0.2057344 -0.9389251
vn 0.2758497 0.2057344 -0.9389251
vn 0.2758497 0.2057344 -0.9389251
vn -0.27834952 -0.009677799 -0.9604311
vn -0.27834952 -0.009677799 -0.9604311
vn -0.27834952 -0.009677799 -0.9604311
vn -0.36678645 0.19753346 -0.90909195
vn -0.36678645 0.19753346 -0.90909195
vn -0.36678645 0.19753346 -0.90909195
vn -0.36678645 0.19753346 -0.90909195
vn -0.26052716 0.21717952 -0.9407224
vn -0.26052716 0.21717952 -0.9407224
vn -0.26052716 0.21717952 -0.9407224
vn -0.26052716 0.21717952 -0.9407224
vn 0.24286415 -0.09781165 -0.9651165
vn 0.24286415 -0.09781165 -0.9651165
vn 0.24286415 -0.09781165 -0.9651165
vn 0.24286415 -0.09781165 -0.9651165
vn 0.36086136 0.38051435 -0.8514622
vn 0.32447833 0.5229569 -0.78818136
vn 0.36086136 0.38051435 -0.8514622
vn 0.3879999 0.22832367 -0.89293027
vn 0.3879999 0.22832367 -0.89293027
vn 0.19875668 0.19731662 -0.9599802
vn 0.19875668 0.19731662 -0.9599802
vn 0.19875668 0.19731662 -0.9599802
vn 0.3748171 -0.048023377 -0.92585415
vn 0.3239383 -0.07208239 -0.9433282
vn 0.3239383 -0.07208239 -0.9433282
vn 0.3748171 -0.048023377 -0.92585415
vn 0.4257368 -0.012058973 -0.9047667
vn 0.4257368 -0.012058973 -0.9047667
vn 0.42701995 -3.186791E-4 -0.9042421
vn -0.06527658 0.7237784 -0.6869379
vn -0.06527658 0.7237784 -0.6869379
vn -0.06527658 0.7237784 -0.6869379
vn -0.4944729 0.84606236 0.19918594
vn -0.4944729 0.84606236 0.19918594
vn -0.4944729 0.84606236 0.19918594
vn -0.40915772 0.43381247 -0.80274326
vn -0.40915772 0.43381247 -0.80274326
vn -0.40915772 0.43381247 -0.80274326
vn -0.40915772 0.43381247 -0.80274326
vn -0.40915772 0.43381247 -0.80274326
vn 0.41846263 0.15503997 -0.8949032
vn 0.41846263 0.15503997 -0.8949032
vn 0.41846263 0.15503997 -0.8949032
vn 0.41846263 0.15503997 -0.8949032
vn 0.41798353 0.15272036 -0.8955257
vn 0.41798353 0.15272036 -0.8955257
vn 0.41798353 0.15272036 -0.8955257
vn 0.41798353 0.15272036 -0.8955257
vn 0.4288929 0.057758708 -0.90150696
vn 0.4288929 0.057758708 -0.90150696
vn 0.4288929 0.057758708 -0.90150696
vn 0.4288929 0.057758708 -0.90150696
vn 0.4766995 -0.25026143 -0.8426902
vn 0.4766995 -0.25026143 -0.8426902
vn 0.4766995 -0.25026143 -0.8426902
vn 0.4766995 -0.25026143 -0.8426902
vn 0.7712373 -0.13564813 -0.6219265
vn 0.7712373 -0.13564813 -0.6219265
vn 0.7712373 -0.13564813 -0.6219265
vn 0.38536474 -0.70608366 -0.5940874
vn 0.38536474 -0.70608366 -0.5940874
vn 0.38536474 -0.70608366 -0.5940874
vn 0.49699107 -0.13794634 -0.85672086
vn 0.49699107 -0.13794634 -0.85672086
vn 0.49699107 -0.13794634 -0.85672086
vn 0.5285205 -0.08630801 -0.8445217
vn 0.5285205 -0.08630801 -0.8445217
vn 0.5285205 -0.08630801 -0.8445217
vn 0.3014458 -0.33022445 -0.8944732
vn 0.3014458 -0.33022445 -0.8944732
vn 0.3014458 -0.33022445 -0.8944732
vn 0.4359015 -0.007714422 -0.89996135
vn 0.4359015 -0.007714422 -0.89996135
vn 0.4359015 -0.007714422 -0.89996135
vn -0.18228106 -0.17490871 -0.9675642
vn -0.18228106 -0.17490871 -0.9675642
vn -0.18228106 -0.17490871 -0.9675642
vn -0.20766535 -0.2040776 -0.95667523
vn -0.20766535 -0.2040776 -0.95667523
vn -0.117554516 0.3163324 -0.9413367
vn -0.117554516 0.3163324 -0.9413367
vn -0.117554516 0.3163324 -0.9413367
vn 0.0033475738 0.5138869 -0.8578514
vn 0.0033475738 0.5138869 -0.8578514
vn 0.0033475738 0.5138869 -0.8578514
vn 0.0033475738 0.5138869 -0.8578514
vn 0.0010385151 0.5026751 -0.8644748
vn 0.0010385151 0.5026751 -0.8644748
vn 0.24534346 -0.07272396 -0.9667046
vn 0.24534346 -0.07272396 -0.9667046
vn 0.24534346 -0.07272396 -0.9667046
vn 0.24936764 -0.10728047 -0.96244824
vn 0.24936764 -0.10728047 -0.96244824
vn 0.2694473 -0.8971653 -0.3499895
vn 0.2694473 -0.8971653 -0.3499895
vn 0.2694473 -0.8971653 -0.3499895
vn 0.18375915 -0.91771984 -0.3521688
vn 0.18375915 -0.91771984 -0.3521688
vn 0.18375915 -0.91771984 -0.3521688
vn 0.18375915 -0.91771984 -0.3521688
vn 0.18844543 -0.9199391 -0.34380272
vn 0.18844543 -0.9199391 -0.34380272
vn 0.22384767 -0.9060147 -0.35920694
vn 0.22384767 -0.9060147 -0.35920694
vn 0.22384767 -0.9060147 -0.35920694
vn 0.22384767 -0.9060147 -0.35920694
vn 0.22826196 -0.88423973 -0.40745127
vn 0.22826196 -0.88423973 -0.40745127
vn 0.22826196 -0.88423973 -0.40745127
vn 0.22826196 -0.88423973 -0.40745127
vn 0.21879213 -0.86917096 -0.443477
vn 0.21879213 -0.86917096 -0.443477
vn 0.21879213 -0.86917096 -0.443477
vn 0.21456993 -0.86946756 -0.444956
vn 0.21456993 -0.86946756 -0.444956
vn 0.21456993 -0.86946756 -0.444956
vn 0.05011915 -0.93625146 -0.34773737
vn 0.05011915 -0.93625146 -0.34773737
vn 0.05011915 -0.93625146 -0.34773737
vn 0.05011915 -0.93625146 -0.34773737
vn 0.18118776 -0.93812835 -0.2951037
vn 0.18118776 -0.93812835 -0.2951037
vn 0.18118776 -0.93812835 -0.2951037
vn 0.36492997 -0.88165 -0.29919806
vn 0.36492997 -0.88165 -0.29919806
vn 0.36492997 -0.88165 -0.29919806
vn 0.4111025 -0.8757839 -0.25297698
vn 0.4111025 -0.8757839 -0.25297698
vn 0.4111025 -0.8757839 -0.25297698
vn 0.4111025 -0.8757839 -0.25297698
vn 0.15719822 -0.9860824 -0.05413257
vn 0.15719822 -0.9860824 -0.05413257
vn 0.15719822 -0.9860824 -0.05413257
vn 0.43929547 -0.8940906 -0.08730083
vn 0.43929547 -0.8940906 -0.08730083
vn 0.43929547 -0.8940906 -0.08730083
vn 0.23863947 -0.9697604 -0.051146697
vn 0.23863947 -0.9697604 -0.051146697
vn 0.23863947 -0.9697604 -0.051146697
vn 0.0023794237 -0.99999624 0.001375951
vn 0.0023794237 -0.99999624 0.001375951
vn 0.0023794237 -0.99999624 0.001375951
vn 0.06853503 -0.9951982 -0.06988189
vn 0.06853503 -0.9951982 -0.06988189
vn 0.06853503 -0.9951982 -0.06988189
vn 0.21279474 0.3022429 -0.9291758
vn 0.21279474 0.3022429 -0.9291758
vn 0.21279474 0.3022429 -0.9291758
vn 0.073887356 0.31651568 -0.94570524
vn 0.073887356 0.31651568 -0.94570524
vn 0.073887356 0.31651568 -0.94570524
vn 0.047711514 0.18329856 -0.9818988
vn 0.047711514 0.18329856 -0.9818988
vn 0.047711514 0.18329856 -0.9818988
vn 0.047711514 0.18329856 -0.9818988
vn 0.34907293 -0.15573826 -0.9240637
vn 0.34907293 -0.15573826 -0.9240637
vn 0.34907293 -0.15573826 -0.9240637
vn 0.34907293 -0.15573826 -0.9240637
vn 0.25655833 -0.15075245 -0.9546997
vn 0.25655833 -0.15075245 -0.9546997
vn 0.25655833 -0.15075245 -0.9546997
vn 0.25655833 -0.15075245 -0.9546997
vn 0.15981911 -0.17927842 -0.9707302
vn 0.15981911 -0.17927842 -0.9707302
vn 0.15981911 -0.17927842 -0.9707302
vn 0.82932466 0.42579398 -0.36182883
vn 0.82932466 0.42579398 -0.36182883
vn 0.82932466 0.42579398 -0.36182883
vn 0.82932466 0.42579398 -0.36182883
vn 0.78943866 0.53107 -0.30781692
vn 0.78943866 0.53107 -0.30781692
vn 0.78943866 0.53107 -0.30781692
vn 0.78943866 0.53107 -0.30781692
vn 0.569442 0.29464743 0.7674104
vn 0.569442 0.29464743 0.7674104
vn 0.569442 0.29464743 0.7674104
vn -0.52692163 -0.25574547 -0.8105232
vn -0.52692163 -0.25574547 -0.8105232
vn -0.52692163 -0.25574547 -0.8105232
vn 0.2674071 0.041301295 -0.9626981
vn 0.33001408 -0.021373225 -0.943734
vn 0.33001408 -0.021373225 -0.943734
vn 0.2674071 0.041301295 -0.9626981
vn 0.38991252 -0.08387234 -0.9170244
vn 0.14982945 -0.02132722 -0.9884818
vn 0.28180003 -0.03485392 -0.9588399
vn 0.28180003 -0.03485392 -0.9588399
vn 0.40856355 -0.0477366 -0.9114807
vn 0.40856355 -0.0477366 -0.9114807
vn 0.34460577 0.054231737 -0.9371797
vn 0.34460577 0.054231737 -0.9371797
vn 0.52487284 0.1204609 -0.8426136
vn 0.52487284 0.1204609 -0.8426136
vn 0.3135646 -0.018601522 -0.9493847
vn 0.3135646 -0.018601522 -0.9493847
vn 0.4573622 -0.05194627 -0.887762
vn 0.4573622 -0.05194627 -0.887762
vn 0.37663102 0.09026569 -0.9219551
vn 0.37663102 0.09026569 -0.9219551
vn 0.5894475 0.20999935 -0.7800333
vn 0.5894475 0.20999935 -0.7800333
vn 0.075835384 -0.13162225 -0.9883949
vn 0.35877156 0.08914718 -0.92915857
vn 0.35877156 0.08914718 -0.92915857
vn 0.5942419 0.29812235 -0.7469937
vn 0.5942419 0.29812235 -0.7469937
vn 0.36735812 0.08262767 -0.926402
vn 0.36735812 0.08262767 -0.926402
vn 0.6093782 0.2857098 -0.7396135
vn 0.6093782 0.2857098 -0.7396135
vn 0.3771061 0.13324213 -0.9165356
vn 0.3771061 0.13324213 -0.9165356
vn 0.59485424 0.3567069 -0.7203531
vn 0.59485424 0.3567069 -0.7203531
vn 0.18579546 0.061618175 -0.9806545
vn 0.2554328 -0.13509932 -0.95734125
vn 0.2554328 -0.13509932 -0.95734125
vn 0.31380796 -0.32586017 -0.8918182
vn 0.31380796 -0.32586017 -0.8918182
vn 0.30431235 -0.05069261 -0.95122254
vn 0.30431235 -0.05069261 -0.95122254
vn 0.4352611 -0.12431591 -0.89168006
vn 0.4352611 -0.12431591 -0.89168006
vn 0.29924408 -0.05371137 -0.95266366
vn 0.29924408 -0.05371137 -0.95266366
vn 0.42289072 -0.13584049 -0.8959413
vn 0.42289072 -0.13584049 -0.8959413
vn 0.2747622 -0.095384076 -0.9567694
vn 0.2747622 -0.095384076 -0.9567694
vn 0.35715833 -0.2498959 -0.89999443
vn 0.35715833 -0.2498959 -0.89999443
vn 0.39946282 -0.24924321 -0.8822172
vn 0.39946282 -0.24924321 -0.8822172
vn 0.39946282 -0.24924321 -0.8822172
vn 0.39946282 -0.24924321 -0.8822172
vn 0.9603674 0.16752248 -0.22277968
vn 0.9603674 0.16752248 -0.22277968
vn 0.9603674 0.16752248 -0.22277968
vn 0.9603674 0.16752248 -0.22277968
vn 0.1497457 -0.38108853 -0.9123309
vn 0.1497457 -0.38108853 -0.9123309
vn 0.1497457 -0.38108853 -0.9123309
vn 0.1497457 -0.38108853 -0.9123309
vn 0.043757405 5.8923906E-4 -0.99904203
vn 0.043757405 5.8923906E-4 -0.99904203
vn 0.043757405 5.8923906E-4 -0.99904203
vn 0.27693164 0.8665366 -0.4152386
vn 0.27693164 0.8665366 -0.4152386
vn 0.27693164 0.8665366 -0.4152386
vn 0.26687822 -0.6206989 -0.7372305
vn 0.26687822 -0.6206989 -0.7372305
vn 0.26687822 -0.6206989 -0.7372305
vn 0.13879573 -0.89767426 -0.4182304
vn 0.13879573 -0.89767426 -0.4182304
vn 0.13879573 -0.89767426 -0.4182304
vn 0.13879573 -0.89767426 -0.4182304
vn 0.16056499 -0.8902079 -0.42632008
vn 0.16056499 -0.8902079 -0.42632008
vn 0.16808859 -0.8828732 -0.43849865
vn 0.16808859 -0.8828732 -0.43849865
vn 0.16808859 -0.8828732 -0.43849865
vn 0.19182086 -0.8427778 -0.50292176
vn 0.19182086 -0.8427778 -0.50292176
vn 0.19182086 -0.8427778 -0.50292176
vn 0.1047135 -0.7531009 -0.64951843
vn 0.1047135 -0.7531009 -0.64951843
vn 0.1047135 -0.7531009 -0.64951843
vn -0.030870253 -0.7799207 -0.62511665
vn -0.030870253 -0.7799207 -0.62511665
vn -0.030870253 -0.7799207 -0.62511665
vn -0.030870253 -0.7799207 -0.62511665
vn -0.030870253 -0.7799207 -0.62511665
vn -0.46297142 -0.0066290367 -0.8863484
vn -0.46297142 -0.0066290367 -0.8863484
vn -0.46297142 -0.0066290367 -0.8863484
vn -0.46297142 -0.0066290367 -0.8863484
vn -0.39102897 -0.02782534 -0.91995764
vn -0.39102897 -0.02782534 -0.91995764
vn -0.39102897 -0.02782534 -0.91995764
vn -0.39102897 -0.02782534 -0.91995764
vn -0.33475995 -0.1213537 -0.9344565
vn -0.33475995 -0.1213537 -0.9344565
vn -0.33475995 -0.1213537 -0.9344565
vn -0.30536753 -0.24107844 -0.9212122
vn -0.30536753 -0.24107844 -0.9212122
vn -0.30536753 -0.24107844 -0.9212122
vn -0.30536753 -0.24107844 -0.9212122
vn -0.32582805 0.131673 -0.9362149
vn -0.32582805 0.131673 -0.9362149
vn -0.32582805 0.131673 -0.9362149
vn -0.32582805 0.131673 -0.9362149
vn -0.3136746 0.31495315 -0.89577496
vn -0.3136746 0.31495315 -0.89577496
vn -0.3136746 0.31495315 -0.89577496
vn -0.27584976 0.20573436 -0.9389251
vn -0.27584976 0.20573436 -0.9389251
vn -0.27584976 0.20573436 -0.9389251
vn -0.27584976 0.20573436 -0.9389251
vn 0.2783497 -0.009677799 -0.96043104
vn 0.2783497 -0.009677799 -0.96043104
vn 0.2783497 -0.009677799 -0.96043104
vn 0.36678573 0.19753306 -0.9090923
vn 0.36678573 0.19753306 -0.9090923
vn 0.36678573 0.19753306 -0.9090923
vn 0.36678573 0.19753306 -0.9090923
vn 0.26052707 0.21717952 -0.94072247
vn 0.26052707 0.21717952 -0.94072247
vn 0.26052707 0.21717952 -0.94072247
vn 0.26052707 0.21717952 -0.94072247
vn -0.24286415 -0.09781132 -0.9651165
vn -0.24286415 -0.09781132 -0.9651165
vn -0.24286415 -0.09781132 -0.9651165
vn -0.24286415 -0.09781132 -0.9651165
vn -0.36086038 0.38051674 -0.8514616
vn -0.36086038 0.38051674 -0.8514616
vn -0.32447612 0.5229608 -0.7881797
vn -0.38799983 0.22832437 -0.8929301
vn -0.38799983 0.22832437 -0.8929301
vn -0.19875649 0.19731335 -0.95998085
vn -0.19875649 0.19731335 -0.95998085
vn -0.19875649 0.19731335 -0.95998085
vn -0.3748171 -0.048023693 -0.92585415
vn -0.3239382 -0.07208341 -0.94332814
vn -0.3748171 -0.048023693 -0.92585415
vn -0.3239382 -0.07208341 -0.94332814
vn -0.42573717 -0.012059389 -0.9047665
vn -0.42573717 -0.012059389 -0.9047665
vn -0.42702046 -3.1989886E-4 -0.9042419
vn 0.06527675 0.72378033 -0.6869359
vn 0.06527675 0.72378033 -0.6869359
vn 0.06527675 0.72378033 -0.6869359
vn 0.49447325 0.8460631 0.19918182
vn 0.49447325 0.8460631 0.19918182
vn 0.49447325 0.8460631 0.19918182
vn 0.40915766 0.43381235 -0.8027434
vn 0.40915766 0.43381235 -0.8027434
vn 0.40915766 0.43381235 -0.8027434
vn 0.40915766 0.43381235 -0.8027434
vn 0.40915766 0.43381235 -0.8027434
vn -0.41846257 0.15503696 -0.89490366
vn -0.41846257 0.15503696 -0.89490366
vn -0.41846257 0.15503696 -0.89490366
vn -0.41846257 0.15503696 -0.89490366
vn -0.41798368 0.15272014 -0.89552563
vn -0.41798368 0.15272014 -0.89552563
vn -0.41798368 0.15272014 -0.89552563
vn -0.41798368 0.15272014 -0.89552563
vn -0.428894 0.057760686 -0.9015063
vn -0.428894 0.057760686 -0.9015063
vn -0.428894 0.057760686 -0.9015063
vn -0.428894 0.057760686 -0.9015063
vn -0.47669935 -0.25026152 -0.8426903
vn -0.47669935 -0.25026152 -0.8426903
vn -0.47669935 -0.25026152 -0.8426903
vn -0.47669935 -0.25026152 -0.8426903
vn -0.7712373 -0.13564813 -0.6219265
vn -0.7712373 -0.13564813 -0.6219265
vn -0.7712373 -0.13564813 -0.6219265
vn -0.38536474 -0.70608366 -0.5940874
vn -0.38536474 -0.70608366 -0.5940874
vn -0.38536474 -0.70608366 -0.5940874
vn -0.49699175 -0.13794777 -0.85672027
vn -0.49699175 -0.13794777 -0.85672027
vn -0.49699175 -0.13794777 -0.85672027
vn -0.52851987 -0.086307675 -0.8445222
vn -0.52851987 -0.086307675 -0.8445222
vn -0.52851987 -0.086307675 -0.8445222
vn -0.3014458 -0.33022445 -0.8944732
vn -0.3014458 -0.33022445 -0.8944732
vn -0.3014458 -0.33022445 -0.8944732
vn -0.4359015 -0.007714422 -0.89996135
vn -0.4359015 -0.007714422 -0.89996135
vn -0.4359015 -0.007714422 -0.89996135
vn 0.18228106 -0.17490867 -0.9675643
vn 0.18228106 -0.17490867 -0.9675643
vn 0.18228106 -0.17490867 -0.9675643
vn 0.20766537 -0.20407754 -0.95667523
vn 0.20766537 -0.20407754 -0.95667523
vn 0.1175545 0.31633237 -0.9413367
vn 0.1175545 0.31633237 -0.9413367
vn 0.1175545 0.31633237 -0.9413367
vn -0.0033475743 0.5138868 -0.8578515
vn -0.0033475743 0.5138868 -0.8578515
vn -0.0033475743 0.5138868 -0.8578515
vn -0.0033475743 0.5138868 -0.8578515
vn -0.0010384786 0.50267506 -0.8644748
vn -0.0010384786 0.50267506 -0.8644748
vn -0.24534346 -0.07272396 -0.9667046
vn -0.24534346 -0.07272396 -0.9667046
vn -0.24534346 -0.07272396 -0.9667046
vn -0.24936745 -0.107274815 -0.96244895
vn -0.24936745 -0.107274815 -0.96244895
vn -0.26944706 -0.8971655 -0.34998915
vn -0.26944706 -0.8971655 -0.34998915
vn -0.26944706 -0.8971655 -0.34998915
vn -0.18375917 -0.91771984 -0.3521688
vn -0.18375917 -0.91771984 -0.3521688
vn -0.18375917 -0.91771984 -0.3521688
vn -0.18375917 -0.91771984 -0.3521688
vn -0.18844533 -0.9199392 -0.3438026
vn -0.18844533 -0.9199392 -0.3438026
vn -0.2238477 -0.90601474 -0.3592068
vn -0.2238477 -0.90601474 -0.3592068
vn -0.2238477 -0.90601474 -0.3592068
vn -0.2238477 -0.90601474 -0.3592068
vn -0.22826193 -0.88423973 -0.40745142
vn -0.22826193 -0.88423973 -0.40745142
vn -0.22826193 -0.88423973 -0.40745142
vn -0.22826193 -0.88423973 -0.40745142
vn -0.2187919 -0.8691713 -0.44347635
vn -0.2187919 -0.8691713 -0.44347635
vn -0.2187919 -0.8691713 -0.44347635
vn -0.21456994 -0.8694676 -0.44495595
vn -0.21456994 -0.8694676 -0.44495595
vn -0.21456994 -0.8694676 -0.44495595
vn -0.05011915 -0.93625146 -0.34773737
vn -0.05011915 -0.93625146 -0.34773737
vn -0.05011915 -0.93625146 -0.34773737
vn -0.05011915 -0.93625146 -0.34773737
vn -0.18118776 -0.93812835 -0.2951037
vn -0.18118776 -0.93812835 -0.2951037
vn -0.18118776 -0.93812835 -0.2951037
vn -0.36492997 -0.88165 -0.29919806
vn -0.36492997 -0.88165 -0.29919806
vn -0.36492997 -0.88165 -0.29919806
vn -0.4111025 -0.8757839 -0.25297686
vn -0.4111025 -0.8757839 -0.25297686
vn -0.4111025 -0.8757839 -0.25297686
vn -0.4111025 -0.8757839 -0.25297686
vn -0.15719824 -0.9860824 -0.054132648
vn -0.15719824 -0.9860824 -0.054132648
vn -0.15719824 -0.9860824 -0.054132648
vn -0.4392954 -0.8940906 -0.0873015
vn -0.4392954 -0.8940906 -0.0873015
vn -0.4392954 -0.8940906 -0.0873015
vn -0.23863947 -0.9697604 -0.051146697
vn -0.23863947 -0.9697604 -0.051146697
vn -0.23863947 -0.9697604 -0.051146697
vn -0.0023794237 -0.99999624 0.0013760421
vn -0.0023794237 -0.99999624 0.0013760421
vn -0.0023794237 -0.99999624 0.0013760421
vn -0.06853503 -0.9951982 -0.06988189
vn -0.06853503 -0.9951982 -0.06988189
vn -0.06853503 -0.9951982 -0.06988189
vn -0.21279377 0.30224225 -0.9291762
vn -0.21279377 0.30224225 -0.9291762
vn -0.21279377 0.30224225 -0.9291762
vn -0.07388717 0.3165156 -0.9457053
vn -0.07388717 0.3165156 -0.9457053
vn -0.07388717 0.3165156 -0.9457053
vn -0.047711533 0.18329853 -0.9818988
vn -0.047711533 0.18329853 -0.9818988
vn -0.047711533 0.18329853 -0.9818988
vn -0.047711533 0.18329853 -0.9818988
vn -0.34907305 -0.15573895 -0.92406356
vn -0.34907305 -0.15573895 -0.92406356
vn -0.34907305 -0.15573895 -0.92406356
vn -0.34907305 -0.15573895 -0.92406356
vn -0.2565585 -0.15075259 -0.9546996
vn -0.2565585 -0.15075259 -0.9546996
vn -0.2565585 -0.15075259 -0.9546996
vn -0.2565585 -0.15075259 -0.9546996
vn -0.15981956 -0.17927761 -0.97073025
vn -0.15981956 -0.17927761 -0.97073025
vn -0.15981956 -0.17927761 -0.97073025
vn -0.8293247 0.425794 -0.36182866
vn -0.8293247 0.425794 -0.36182866
vn -0.8293247 0.425794 -0.36182866
vn -0.8293247 0.425794 -0.36182866
vn -0.7894384 0.5310702 -0.30781716
vn -0.7894384 0.5310702 -0.30781716
vn -0.7894384 0.5310702 -0.30781716
vn -0.7894384 0.5310702 -0.30781716
vn -0.5694434 0.29464868 0.76740885
vn -0.5694434 0.29464868 0.76740885
vn -0.5694434 0.29464868 0.76740885
vn 0.5269218 -0.25574547 -0.8105231
vn 0.5269218 -0.25574547 -0.8105231
vn 0.5269218 -0.25574547 -0.8105231
vn -0.2674074 0.04130134 -0.962698
vn -0.33001426 -0.021373136 -0.94373393
vn -0.2674074 0.04130134 -0.962698
vn -0.33001426 -0.021373136 -0.94373393
vn -0.38991252 -0.0838722 -0.9170244
vn -0.14982945 -0.02132722 -0.9884818
vn -0.28179976 -0.034853924 -0.95883995
vn -0.28179976 -0.034853924 -0.95883995
vn -0.40856305 -0.04773661 -0.9114809
vn -0.40856305 -0.04773661 -0.9114809
vn -0.34460676 0.0542337 -0.93717927
vn -0.34460676 0.0542337 -0.93717927
vn -0.5248744 0.12046469 -0.8426121
vn -0.5248744 0.12046469 -0.8426121
vn -0.31356525 -0.018600563 -0.94938445
vn -0.31356525 -0.018600563 -0.94938445
vn -0.4573635 -0.051944382 -0.88776153
vn -0.4573635 -0.051944382 -0.88776153
vn -0.37663004 0.09026343 -0.9219557
vn -0.37663004 0.09026343 -0.9219557
vn -0.58944607 0.20999509 -0.7800355
vn -0.58944607 0.20999509 -0.7800355
vn -0.075835384 -0.13162225 -0.9883949
vn -0.35877433 0.08914624 -0.9291576
vn -0.35877433 0.08914624 -0.9291576
vn -0.5942466 0.2981205 -0.7469907
vn -0.5942466 0.2981205 -0.7469907
vn -0.3673582 0.08262775 -0.9264019
vn -0.3673582 0.08262775 -0.9264019
vn -0.60937834 0.28570992 -0.73961335
vn -0.60937834 0.28570992 -0.73961335
vn -0.37710667 0.13324319 -0.91653526
vn -0.37710667 0.13324319 -0.91653526
vn -0.5948552 0.35670695 -0.7203523
vn -0.5948552 0.35670695 -0.7203523
vn -0.18579546 0.061618175 -0.9806545
vn -0.25543118 -0.13509986 -0.9573416
vn -0.25543118 -0.13509986 -0.9573416
vn -0.31380478 -0.3258613 -0.89181894
vn -0.31380478 -0.3258613 -0.89181894
vn -0.30431244 -0.05069239 -0.9512225
vn -0.30431244 -0.05069239 -0.9512225
vn -0.43526134 -0.12431548 -0.89168
vn -0.43526134 -0.12431548 -0.89168
vn -0.2992448 -0.053712018 -0.9526634
vn -0.2992448 -0.053712018 -0.9526634
vn -0.422892 -0.13584177 -0.8959405
vn -0.422892 -0.13584177 -0.8959405
vn -0.27476123 -0.095383964 -0.95676965
vn -0.27476123 -0.095383964 -0.95676965
vn -0.3571564 -0.2498957 -0.8999952
vn -0.3571564 -0.2498957 -0.8999952
vn -0.3994627 -0.24924219 -0.8822176
vn -0.3994627 -0.24924219 -0.8822176
vn -0.3994627 -0.24924219 -0.8822176
vn -0.3994627 -0.24924219 -0.8822176
vn -0.96036744 0.16752289 -0.22277907
vn -0.96036744 0.16752289 -0.22277907
vn -0.96036744 0.16752289 -0.22277907
vn -0.96036744 0.16752289 -0.22277907
vn -0.1497461 -0.38108987 -0.9123304
vn -0.1497461 -0.38108987 -0.9123304
vn -0.1497461 -0.38108987 -0.9123304
vn -0.1497461 -0.38108987 -0.9123304
vn -0.043754928 5.867755E-4 -0.9990421
vn -0.043754928 5.867755E-4 -0.9990421
vn -0.043754928 5.867755E-4 -0.9990421
vn -0.2769393 0.8665463 -0.41521347
vn -0.2769393 0.8665463 -0.41521347
vn -0.2769393 0.8665463 -0.41521347
vn -0.266879 -0.62069446 -0.737234
vn -0.266879 -0.62069446 -0.737234
vn -0.266879 -0.62069446 -0.737234
vn -0.13879628 -0.89767426 -0.41823024
vn -0.13879628 -0.89767426 -0.41823024
vn -0.13879628 -0.89767426 -0.41823024
vn -0.13879628 -0.89767426 -0.41823024
vn -0.16056503 -0.8902087 -0.42631826
vn -0.16056503 -0.8902087 -0.42631826
vn -0.16808851 -0.88287324 -0.43849865
vn -0.16808851 -0.88287324 -0.43849865
vn -0.16808851 -0.88287324 -0.43849865
vn -0.19182105 -0.8427774 -0.5029224
vn -0.19182105 -0.8427774 -0.5029224
vn -0.19182105 -0.8427774 -0.5029224
vn -0.104713455 -0.75310075 -0.64951855
vn -0.104713455 -0.75310075 -0.64951855
vn -0.104713455 -0.75310075 -0.64951855
vn 0.030870333 -0.77992195 -0.62511504
vn 0.030870333 -0.77992195 -0.62511504
vn 0.030870333 -0.77992195 -0.62511504
vn 0.030870333 -0.77992195 -0.62511504
vn 0.030870333 -0.77992195 -0.62511504
vn -0.37908825 -0.9253309 -0.0074133463
vn -0.37908825 -0.9253309 -0.0074133463
vn -0.37908825 -0.9253309 -0.0074133463
vn -0.37908825 -0.9253309 -0.0074133463
vn -0.4391326 -0.89805895 -0.025548864
vn -0.4391326 -0.89805895 -0.025548864
vn -0.4391326 -0.89805895 -0.025548864
vn -0.4391326 -0.89805895 -0.025548864
vn -0.5361582 -0.8441163 -0.0014568424
vn -0.5361582 -0.8441163 -0.0014568424
vn -0.5361582 -0.8441163 -0.0014568424
vn -0.29014096 -0.9384229 0.18756527
vn -0.29014096 -0.9384229 0.18756527
vn -0.29014096 -0.9384229 0.18756527
vn -0.2879277 -0.9364348 0.20046803
vn -0.2879277 -0.9364348 0.20046803
vn -0.2879277 -0.9364348 0.20046803
vn -0.15689033 -0.979995 0.12245501
vn -0.15689033 -0.979995 0.12245501
vn -0.15689033 -0.979995 0.12245501
vn -0.15689033 -0.979995 0.12245501
vn -0.139045 -0.9736414 -0.18080068
vn -0.139045 -0.9736414 -0.18080068
vn -0.139045 -0.9736414 -0.18080068
vn -0.139045 -0.9736414 -0.18080068
vn -0.32867715 -0.9420809 0.06674462
vn -0.32867715 -0.9420809 0.06674462
vn -0.32867715 -0.9420809 0.06674462
vn -0.35531312 -0.93473834 -0.0040920516
vn -0.35531312 -0.93473834 -0.0040920516
vn -0.35531312 -0.93473834 -0.0040920516
vn -0.36956513 -0.9287767 -0.02820445
vn -0.36956513 -0.9287767 -0.02820445
vn -0.36956513 -0.9287767 -0.02820445
vn -0.3859041 -0.92169434 -0.03946675
vn -0.3859041 -0.92169434 -0.03946675
vn -0.69153094 -0.7195384 0.06363553
vn -0.69153094 -0.7195384 0.06363553
vn -0.69153094 -0.7195384 0.06363553
vn -0.6774058 -0.7335481 0.05503288
vn -0.46147993 -0.8863848 -0.03685631
vn -0.46147993 -0.8863848 -0.03685631
vn -0.46147993 -0.8863848 -0.03685631
vn -0.46147993 -0.8863848 -0.03685631
vn -0.7059943 0.5942594 -0.38526338
vn -0.7059943 0.5942594 -0.38526338
vn -0.7059943 0.5942594 -0.38526338
vn -0.69437385 -0.034808755 -0.7187721
vn -0.69437385 -0.034808755 -0.7187721
vn -0.69437385 -0.034808755 -0.7187721
vn -0.69437385 -0.034808755 -0.7187721
vn 0.21871798 -0.4212223 -0.88018984
vn 0.21871798 -0.4212223 -0.88018984
vn 0.21871798 -0.4212223 -0.88018984
vn 0.21871798 -0.4212223 -0.88018984
vn 0.017252494 -0.7331536 -0.67984426
vn 0.017252494 -0.7331536 -0.67984426
vn 0.017252494 -0.7331536 -0.67984426
vn 0.017252494 -0.7331536 -0.67984426
vn -0.083236806 -0.8555693 -0.51095283
vn -0.083236806 -0.8555693 -0.51095283
vn -0.083236806 -0.8555693 -0.51095283
vn -0.083236806 -0.8555693 -0.51095283
vn -0.11397422 -0.90123564 -0.4180721
vn -0.11397422 -0.90123564 -0.4180721
vn -0.11397422 -0.90123564 -0.4180721
vn -0.11397422 -0.90123564 -0.4180721
vn -0.14385699 -0.903348 -0.40406364
vn -0.14385699 -0.903348 -0.40406364
vn -0.14385699 -0.903348 -0.40406364
vn -0.14385699 -0.903348 -0.40406364
vn -0.13123854 -0.89546716 -0.42534098
vn -0.13123854 -0.89546716 -0.42534098
vn -0.13123854 -0.89546716 -0.42534098
vn -0.13123854 -0.89546716 -0.42534098
vn 0.013951329 -0.9275542 -0.37342817
vn 0.013951329 -0.9275542 -0.37342817
vn 0.013951329 -0.9275542 -0.37342817
vn 0.06836059 -0.94589204 -0.31719872
vn 0.06836059 -0.94589204 -0.31719872
vn 0.06836059 -0.94589204 -0.31719872
vn 0.06836059 -0.94589204 -0.31719872
vn 0.1060951 -0.95591897 -0.27379325
vn 0.1060951 -0.95591897 -0.27379325
vn 0.1060951 -0.95591897 -0.27379325
vn 0.1060951 -0.95591897 -0.27379325
vn 0.08812948 -0.97282416 -0.21411769
vn 0.08812948 -0.97282416 -0.21411769
vn 0.08812948 -0.97282416 -0.21411769
vn 0.08812948 -0.97282416 -0.21411769
vn -0.06520767 -0.98567516 -0.15553916
vn -0.06520767 -0.98567516 -0.15553916
vn -0.06520767 -0.98567516 -0.15553916
vn -0.06520767 -0.98567516 -0.15553916
vn 0.33085716 0.026500693 -0.94330865
vn 0.33085716 0.026500693 -0.94330865
vn 0.33085716 0.026500693 -0.94330865
vn 0.33085716 0.026500693 -0.94330865
vn 0.03513335 -0.99224275 -0.11924742
vn 0.03513335 -0.99224275 -0.11924742
vn 0.03513335 -0.99224275 -0.11924742
vn 0.03513335 -0.99224275 -0.11924742
vn 0.027841818 -0.99903893 0.033853516
vn 0.027841818 -0.99903893 0.033853516
vn 0.027841818 -0.99903893 0.033853516
vn 0.027841818 -0.99903893 0.033853516
vn 0.047762364 -0.9563935 -0.2881497
vn 0.047762364 -0.9563935 -0.2881497
vn 0.047762364 -0.9563935 -0.2881497
vn 0.047762364 -0.9563935 -0.2881497
vn 0.37908828 -0.9253308 -0.007413294
vn 0.37908828 -0.9253308 -0.007413294
vn 0.37908828 -0.9253308 -0.007413294
vn 0.37908828 -0.9253308 -0.007413294
vn 0.4391324 -0.898059 -0.02554934
vn 0.4391324 -0.898059 -0.02554934
vn 0.4391324 -0.898059 -0.02554934
vn 0.4391324 -0.898059 -0.02554934
vn 0.53616 -0.8441151 -0.0014546736
vn 0.53616 -0.8441151 -0.0014546736
vn 0.53616 -0.8441151 -0.0014546736
vn 0.29014087 -0.938423 0.1875649
vn 0.29014087 -0.938423 0.1875649
vn 0.29014087 -0.938423 0.1875649
vn 0.2879277 -0.9364348 0.20046808
vn 0.2879277 -0.9364348 0.20046808
vn 0.2879277 -0.9364348 0.20046808
vn 0.1568904 -0.979995 0.12245486
vn 0.1568904 -0.979995 0.12245486
vn 0.1568904 -0.979995 0.12245486
vn 0.1568904 -0.979995 0.12245486
vn 0.1390443 -0.9736417 -0.18079975
vn 0.1390443 -0.9736417 -0.18079975
vn 0.1390443 -0.9736417 -0.18079975
vn 0.1390443 -0.9736417 -0.18079975
vn 0.32867715 -0.9420809 0.06674462
vn 0.32867715 -0.9420809 0.06674462
vn 0.32867715 -0.9420809 0.06674462
vn 0.35531327 -0.9347383 -0.004092054
vn 0.35531327 -0.9347383 -0.004092054
vn 0.35531327 -0.9347383 -0.004092054
vn 0.36956513 -0.9287767 -0.02820493
vn 0.36956513 -0.9287767 -0.02820493
vn 0.36956513 -0.9287767 -0.02820493
vn 0.3859041 -0.92169434 -0.039466634
vn 0.3859041 -0.92169434 -0.039466634
vn 0.69153094 -0.7195384 0.06363553
vn 0.69153094 -0.7195384 0.06363553
vn 0.69153094 -0.7195384 0.06363553
vn 0.6774058 -0.7335481 0.05503288
vn 0.46147978 -0.8863848 -0.0368563
vn 0.46147978 -0.8863848 -0.0368563
vn 0.46147978 -0.8863848 -0.0368563
vn 0.46147978 -0.8863848 -0.0368563
vn 0.7059943 0.59425956 -0.38526303
vn 0.7059943 0.59425956 -0.38526303
vn 0.7059943 0.59425956 -0.38526303
vn 0.69437504 -0.034809314 -0.7187709
vn 0.69437504 -0.034809314 -0.7187709
vn 0.69437504 -0.034809314 -0.7187709
vn 0.69437504 -0.034809314 -0.7187709
vn -0.21871792 -0.4212223 -0.88018984
vn -0.21871792 -0.4212223 -0.88018984
vn -0.21871792 -0.4212223 -0.88018984
vn -0.21871792 -0.4212223 -0.88018984
vn -0.017252563 -0.73315424 -0.6798436
vn -0.017252563 -0.73315424 -0.6798436
vn -0.017252563 -0.73315424 -0.6798436
vn -0.017252563 -0.73315424 -0.6798436
vn 0.0832368 -0.8555691 -0.5109531
vn 0.0832368 -0.8555691 -0.5109531
vn 0.0832368 -0.8555691 -0.5109531
vn 0.0832368 -0.8555691 -0.5109531
vn 0.113974236 -0.90123534 -0.41807255
vn 0.113974236 -0.90123534 -0.41807255
vn 0.113974236 -0.90123534 -0.41807255
vn 0.113974236 -0.90123534 -0.41807255
vn 0.14385699 -0.903348 -0.40406364
vn 0.14385699 -0.903348 -0.40406364
vn 0.14385699 -0.903348 -0.40406364
vn 0.14385699 -0.903348 -0.40406364
vn 0.13123845 -0.8954666 -0.4253422
vn 0.13123845 -0.8954666 -0.4253422
vn 0.13123845 -0.8954666 -0.4253422
vn 0.13123845 -0.8954666 -0.4253422
vn -0.013951285 -0.9275542 -0.37342814
vn -0.013951285 -0.9275542 -0.37342814
vn -0.013951285 -0.9275542 -0.37342814
vn -0.06836071 -0.9458926 -0.31719732
vn -0.06836071 -0.9458926 -0.31719732
vn -0.06836071 -0.9458926 -0.31719732
vn -0.06836071 -0.9458926 -0.31719732
vn -0.10609516 -0.955919 -0.27379298
vn -0.10609516 -0.955919 -0.27379298
vn -0.10609516 -0.955919 -0.27379298
vn -0.10609516 -0.955919 -0.27379298
vn -0.088129446 -0.9728241 -0.21411788
vn -0.088129446 -0.9728241 -0.21411788
vn -0.088129446 -0.9728241 -0.21411788
vn -0.088129446 -0.9728241 -0.21411788
vn 0.06520784 -0.9856752 -0.15553865
vn 0.06520784 -0.9856752 -0.15553865
vn 0.06520784 -0.9856752 -0.15553865
vn 0.06520784 -0.9856752 -0.15553865
vn -0.33085737 0.026500605 -0.9433086
vn -0.33085737 0.026500605 -0.9433086
vn -0.33085737 0.026500605 -0.9433086
vn -0.33085737 0.026500605 -0.9433086
vn -0.03513335 -0.99224275 -0.11924738
vn -0.03513335 -0.99224275 -0.11924738
vn -0.03513335 -0.99224275 -0.11924738
vn -0.03513335 -0.99224275 -0.11924738
vn -0.027841814 -0.99903893 0.03385349
vn -0.027841814 -0.99903893 0.03385349
vn -0.027841814 -0.99903893 0.03385349
vn -0.027841814 -0.99903893 0.03385349
vn -0.04776237 -0.9563935 -0.2881497
vn -0.04776237 -0.9563935 -0.2881497
vn -0.04776237 -0.9563935 -0.2881497
vn -0.04776237 -0.9563935 -0.2881497
vn -6.361695E-4 -0.13565628 0.99075574
vn -6.361695E-4 -0.13565628 0.99075574
vn -6.361695E-4 -0.13565628 0.99075574
vn -6.361695E-4 -0.13565628 0.99075574
vn -0.0 0.9914182 0.13072887
vn -0.0 0.99419105 0.107630074
vn -0.0 0.9914182 0.13072887
vn -0.0 0.99419105 0.107630074
vn -0.0 0.99109584 -0.13315028
vn -0.0 0.99109584 -0.13315028
vn -0.0 0.9387996 -0.34446386
vn -0.0 0.9387996 -0.34446386
vn -0.0 -0.51181436 -0.85909605
vn 0.0010647376 -0.4836394 -0.87526673
vn -0.0 -0.51181436 -0.85909605
vn 0.0010647376 -0.4836394 -0.87526673
vn 0.00212835 -0.45495346 -0.8905127
vn 0.00212835 -0.45495346 -0.8905127
vn -0.0 -1.0 0.0
vn -0.0 -1.0 0.0
vn -0.0 -1.0 0.0
vn -0.0 -1.0 0.0
vn -0.0 -0.9999986 0.0016678087
vn -0.0 -0.9999986 0.0016678087
vn -0.0 -0.99999446 0.0033356133
vn -0.0 -0.99999446 0.0033356133
vn 1.0 1.6252645E-7 0.0
vn 1.0 1.6252645E-7 0.0
vn 1.0 1.6252645E-7 0.0
vn -0.996071 -0.011519998 -0.087806456
vn -0.9718906 0.2239922 -0.07249916
vn -0.9843147 -0.02294949 -0.17492293
vn -0.9932035 0.11073475 -0.03584133
vn -0.999026 -0.0016841453 -0.044093754
vn -0.999014 -0.0016944156 -0.04436281
vn -0.99610585 -0.0033650275 -0.08810161
vn -0.9960581 -0.003385492 -0.08863814
vn -0.8898548 0.45489037 0.035117358
vn -0.97207373 0.23397936 0.018063115
vn -0.99900204 -0.0017046862 -0.044631865
vn -0.9960102 -0.003405955 -0.08917465
vn 0.993121 0.111773565 -0.03489063
vn 0.999026 -0.0016841543 -0.044093754
vn 0.9960676 -0.01157022 -0.08783782
vn 0.999014 -0.0016944166 -0.044362817
vn 0.99610585 -0.0033650275 -0.08810161
vn 0.9960581 -0.003385492 -0.08863815
vn 0.9843013 -0.023049446 -0.17498484
vn 0.97152734 0.22616479 -0.070598364
vn 0.99900204 -0.0017046789 -0.044631865
vn 0.9960102 -0.0034059556 -0.08917466
vn 0.9715115 0.23614292 0.02004793
vn 0.97152734 0.22616479 -0.070598364
vn 0.8876692 0.45883107 0.038953587
vn -4.61702E-4 -0.21868685 0.975795
vn 0.0038957517 0.4908539 0.8712332
vn -4.61702E-4 -0.21868685 0.975795
vn 0.0038957517 0.4908539 0.8712332
vn 0.006249231 0.94789934 0.3185087
vn 0.006249231 0.94789934 0.3185087
vn -1.0 0.0 0.0
vn -1.0 0.0 0.0
vn -1.0 0.0 0.0
vn -0.0 1.0 0.0
vn -0.0 1.0 0.0
vn -0.0 1.0 0.0
vn -0.0 1.0 0.0
vn 1.0 0.0 0.0
vn 1.0 0.0 0.0
vn 1.0 0.0 0.0
vn 1.0 0.0 0.0
vn 1.0 0.0 0.0
vn 1.0 0.0 0.0
vn -0.0 -1.0 0.0
vn -0.0 -1.0 0.0
vn -0.0 -1.0 0.0
vn -0.0 -1.0 0.0
vn -1.0 0.0 0.0
vn -1.0 0.0 0.0
vn -1.0 0.0 0.0
vn -1.0 0.0 0.0
vn -1.0 0.0 0.0
vn -1.0 0.0 0.0
vn -0.0 0.782415 0.6227574
vn -0.0 0.8299232 0.55787754
vn -0.0 0.782415 0.6227574
vn -0.0 0.8299232 0.55787754
vn -0.0 0.8720649 0.48939025
vn -0.0 0.8720649 0.48939025
vn 0.9924196 0.048373483 0.11297491
vn 0.99022555 0.041478164 0.13316487
vn 0.99022555 0.041478164 0.13316487
vn 0.99022555 0.041478164 0.13316487
vn 0.99022555 0.041478164 0.13316487
vn 0.9924196 0.048373483 0.11297491
vn 0.99415714 0.05524655 0.09273299
vn -4.1435633E-4 -0.99191225 0.12692466
vn -4.1435633E-4 -0.99191225 0.12692466
vn -4.1435633E-4 -0.99191225 0.12692466
vn -4.1435633E-4 -0.99191225 0.12692466
vn -0.8072967 0.23432703 0.54162985
vn -0.76770675 0.18886094 0.61233807
vn -0.76770675 0.18886094 0.61233807
vn -0.76770675 0.18886094 0.61233807
vn -0.76770675 0.18886094 0.61233807
vn -0.8072967 0.23432703 0.54162985
vn -0.8399163 0.27776992 0.4662451
vn -0.12103281 -0.5871093 0.80040854
vn -0.17697829 -0.8082593 0.561601
vn -0.03677484 -0.57421577 0.81787765
vn -0.17697829 -0.8082593 0.561601
vn -0.11144142 -0.38696375 0.9153359
vn -0.14072439 -0.41912186 0.8969579
vn 0.4356896 -0.09411006 0.89516366
vn -0.08070793 -0.4854178 0.8705491
vn 0.295334 -0.5294176 0.7952954
vn 0.4497563 -0.31493807 0.83578306
vn 0.65394324 0.22082801 0.7235974
vn 0.07476604 0.32974878 0.94110346
vn -0.41286114 -0.13169819 0.9012221
vn -0.4811792 0.2825752 0.82983005
vn 0.045941908 0.9707536 0.2356411
vn 0.18329032 -0.5916639 0.7850722
vn 0.10920376 -0.7210708 0.68420124
vn -0.28553164 -0.4656919 0.8376173
vn -0.0026976073 -0.44938338 0.8933349
vn 0.38548076 -0.6081325 0.6939593
vn -0.15054923 -0.46112436 0.87447083
vn 0.16969092 -0.53472716 0.8278114
vn 0.29213762 -0.38505456 0.87543625
vn 0.46377417 -0.22912502 0.8558126
vn 0.23588382 -0.5773523 0.78167975
vn 0.1546254 -0.4674304 0.8704021
vn 0.20955554 -0.3322489 0.91961795
vn 0.26191297 -0.4993736 0.8258496
vn -0.25587118 -0.37353605 0.89162815
vn 0.62056166 -0.3164119 0.7174864
vn 0.26191297 -0.4993736 0.8258496
vn -0.33492848 -0.3254679 0.8842475
vn -0.30890316 -0.31882736 0.89606243
vn -0.25587118 -0.37353605 0.89162815
vn 0.0023833248 -0.6665119 0.74549055
vn -0.011753234 -0.6188051 0.78545666
vn 0.03148552 -0.7689606 0.6385204
vn 0.052200574 -0.6570685 0.7520213
vn 0.029145434 -0.64333355 0.765031
vn -0.3091938 -0.1738957 0.934965
vn -0.45580244 0.19412525 0.86865383
vn 0.020028036 -0.6730437 0.7393315
vn 0.054535035 -0.69291186 0.71895695
vn -0.043796096 -0.49356082 0.8686078
vn -0.20236175 -0.34577656 0.9162359
vn -0.09275017 -0.46006742 0.88302624
vn -0.27206314 -0.12278558 0.95441365
vn -0.47944432 0.119220205 0.86943644
vn -0.10658403 -0.47641388 0.8727369
vn -0.37687963 0.02923483 0.92580074
vn -0.35595793 -0.23395215 0.90474325
vn -0.0026976073 -0.44938338 0.8933349
vn -0.2026834 -0.5795438 0.7893341
vn -0.2838988 -0.25862762 0.9233164
vn -0.22780088 -0.538285 0.8113914
vn -0.22780088 -0.538285 0.8113914
vn -0.23177151 -0.51469827 0.82545
vn -0.124991976 -0.5808062 0.8043887
vn -0.22928683 -0.5031995 0.8331973
vn -0.06801221 -0.5995644 0.7974314
vn -0.38585803 -0.17534 0.90574247
vn 0.039903168 -0.6607212 0.7495701
vn -0.08070793 -0.4854178 0.8705491
vn -0.08070793 -0.4854178 0.8705491
vn -0.17687769 -0.82559735 0.5358202
vn -0.05901959 -0.98182297 0.18038948
vn -0.17687769 -0.82559735 0.5358202
vn -0.05901959 -0.98182297 0.18038948
vn 0.010443873 -0.99819624 -0.05912041
vn 0.010443873 -0.99819624 -0.05912041
vn 0.017259432 -0.9966391 -0.08007982
vn 0.4460387 -0.89501137 0.002028473
vn 0.4460387 -0.89501137 0.002028473
vn 0.4460387 -0.89501137 0.002028473
vn -0.27457607 -0.49557737 0.8240213
vn -0.27457607 -0.49557737 0.8240213
vn -0.27457607 -0.49557737 0.8240213
vn -0.27457607 -0.49557737 0.8240213
vn -0.5206072 -0.3577092 0.77524984
vn -0.5206072 -0.3577092 0.77524984
vn -0.5206072 -0.3577092 0.77524984
vn -0.3845774 -0.19874398 0.9014439
vn -0.3845774 -0.19874398 0.9014439
vn -0.3845774 -0.19874398 0.9014439
vn -0.3845774 -0.19874398 0.9014439
vn 0.045941908 0.9707536 0.2356411
vn 0.4356896 -0.09411006 0.89516366
vn 0.26191297 -0.4993736 0.8258496
vn 0.63151926 -0.44156337 0.6373423
vn 0.83564454 -0.28833848 0.46750307
vn 0.45614114 -0.63747823 0.62093216
vn 0.45614114 -0.63747823 0.62093216
vn 0.03222038 -0.7772793 0.62833005
vn 0.32847303 -0.6298464 0.70384586
vn 0.03148552 -0.7689606 0.6385204
vn -0.011753234 -0.6188051 0.78545666
vn 0.03222038 -0.7772793 0.62833005
vn 0.1394078 -0.5868965 0.79757
vn 0.1394078 -0.5868965 0.79757
vn 0.1394078 -0.5868965 0.79757
vn -0.4240343 0.03692688 0.904893
vn -0.4240343 0.03692688 0.904893
vn -0.4240343 0.03692688 0.904893
vt 0.8736125 0.60627556
vt 0.9784745 0.4957471
vt 0.9969967 0.58747053
vt 0.77338874 0.11951387
vt 0.8783656 5.9604645E-8
vt 0.8438671 1.0
vt 0.97961175 0.99148273
vt 1.0 1.0
vt 0.8199295 0.9825552
vt 0.0 1.0
vt 0.9626369 0.9781612
vt 1.0 1.0
vt 0.6415988 0.9845942
vt 0.782041 1.0
vt 0.99999994 0.8249215
vt 0.88819224 1.0
vt 0.88140786 0.8456844
vt 0.7747483 1.0
vt 1.0 0.8512309
vt 0.8789895 1.0
vt 0.84914863 0.87367296
vt 0.80255085 1.0
vt 1.0 0.9453163
vt 0.94512415 1.0
vt 0.8444833 0.9538206
vt 0.0 1.0
vt 0.8199295 0.9825552
vt 0.8438671 1.0
vt 0.0 1.0
vt 0.28596216 0.98848295
vt 0.017193735 0.98414785
vt 0.2653285 1.0
vt 1.0 1.0
vt 0.8736125 0.60627556
vt 0.9969967 0.58747053
vt 0.9784745 0.4957471
vt 0.77338874 0.11951387
vt 0.8783656 5.9604645E-8
vt 0.8438671 1.0
vt 0.97961175 0.99148273
vt 0.8199295 0.9825552
vt 1.0 1.0
vt 0.0 1.0
vt 0.9626369 0.9781612
vt 0.6415988 0.9845942
vt 1.0 1.0
vt 0.782041 1.0
vt 0.99999994 0.8249215
vt 0.88140786 0.8456844
vt 0.88819224 1.0
vt 0.7747483 1.0
vt 1.0 0.8512309
vt 0.84914863 0.87367296
vt 0.8789895 1.0
vt 0.0 1.0
vt 0.80255085 1.0
vt 1.0 0.9453163
vt 0.8444833 0.9538206
vt 0.94512415 1.0
vt 0.0 1.0
vt 0.0 1.0
vt 0.8438671 1.0
vt 0.8199295 0.9825552
vt 0.0 1.0
vt 0.782041 1.0
vt 0.88140786 0.8456844
vt 0.0 1.0
vt 0.8736125 0.60627556
vt 0.77338874 0.11951387
vt 0.5000731 1.0
vt 0.5000731 1.0
vt 0.9969967 0.58747053
vt 0.8736125 0.60627556
vt 0.6806758 1.0
vt 0.09505493 1.0
vt 0.56227225 0.0
vt 0.0 0.6673853
vt 0.9964651 1.0
vt 0.20477466 0.9309299
vt 0.88361657 0.9313356
vt 0.0 1.0
vt 1.0 0.9309299
vt 0.0 1.0
vt 1.0 1.0
vt 0.9542329 0.87442726
vt 0.01956827 1.0
vt 1.0 0.9234002
vt 0.0 0.9712019
vt 0.97984844 1.0
vt 0.025253844 1.0
vt 0.87033665 0.9058032
vt 0.0 0.98117274
vt 0.9179764 1.0
vt 0.0 1.0
vt 0.7370687 1.0
vt 0.7177233 0.88049316
vt 0.0 1.0
vt 0.73884344 0.0
vt 0.0 0.0
vt 0.71772337 1.0
vt 0.87033665 0.9058032
vt 0.9179764 1.0
vt 0.99999994 0.89457464
vt 0.7177233 0.88049316
vt 0.84687763 1.0
vt 0.99999994 0.83349174
vt 0.7370687 1.0
vt 0.73884344 0.0
vt 1.0 1.0
vt 1.0 0.0
vt 0.71772337 1.0
vt 0.0 0.13002455
vt 0.8389442 0.0
vt 0.0 0.0
vt 1.0 0.13002455
vt 0.0 0.8227664
vt 1.0 0.83041954
vt 1.0 0.8227664
vt 1.0 0.60682976
vt 0.0 0.5508152
vt 0.8389442 0.0
vt 1.0 0.13002455
vt 1.0 0.0
vt 0.0 0.30396283
vt 1.0 0.13002455
vt 0.0 0.13002455
vt 1.0 0.30396283
vt 0.0 0.5508152
vt 1.0 0.5508152
vt 1.0 0.60682976
vt 0.0 0.8227664
vt 1.0 0.8541788
vt 1.0 0.83041954
vt 0.0 0.8227664
vt 1.0 0.8846726
vt 1.0 0.8541788
vt 0.0 1.0
vt 1.0 0.8846726
vt 0.0 0.8227664
vt 0.0 1.0
vt 1.0 1.0
vt 0.0 1.0
vt 0.9471469 0.96033233
vt 0.056133017 0.9612496
vt 1.0 1.0
vt 0.0 1.0
vt 0.902597 0.5935225
vt 0.068435445 0.66906047
vt 1.0 1.0
vt 0.029543046 1.0
vt 1.0000001 0.9642786
vt 0.0 0.96931773
vt 0.97744495 1.0
vt 0.12853678 1.0
vt 0.17021531 0.5387038
vt 0.0 0.62890893
vt 1.0 1.0
vt 0.0 1.0
vt 0.5536745 1.0
vt 0.99999994 0.20256573
vt 0.0 1.0
vt 0.8945968 1.0
vt 0.99999994 0.9187064
vt 0.0 1.0
vt 1.0 1.0
vt 0.0679606 0.82130915
vt 0.0062254714 1.0
vt 0.99999994 1.0
vt 0.0 0.84710586
vt 0.0 1.0
vt 0.9509642 1.0
vt 0.99999994 0.5822113
vt 0.0 1.0
vt 0.94718623 1.0
vt 0.2142475 0.0
vt 0.0 1.0
vt 1.0 1.0
vt 0.6851911 0.5160355
vt 0.9686456 1.0
vt 1.0 0.35340208
vt 0.0 1.0
vt 1.0 1.0
vt 0.06643022 0.7275485
vt 0.0 0.9996883
vt 0.891162 1.0
vt 1.0 0.5056097
vt 0.86548156 0.9996883
vt 1.0 1.0
vt 0.31849337 0.4781701
vt 0.0 1.0
vt 1.0000001 1.0
vt 0.9601356 0.9643005
vt 1.0 1.0
vt 0.88854545 0.9474405
vt 0.17303224 1.0
vt 1.0 1.0
vt 0.0 0.12106675
vt 0.0 1.0
vt 0.7854443 0.35462493
vt 0.6630849 0.30942076
vt 1.0 1.0
vt 1.0000001 1.0
vt 0.41111678 0.046507955
vt 0.0 1.0
vt 0.6740447 0.416466
vt 0.32582116 0.3870961
vt 1.0 1.0
vt 0.0 1.0
vt 1.0 0.5543922
vt 0.22816594 0.48506522
vt 0.74647576 1.0
vt 0.0 1.0
vt 1.0 1.0
vt 0.84191 0.5692146
vt 0.0 1.0
vt 0.9499741 1.0
vt 1.0 0.54177856
vt 0.0 1.0
vt 0.70466495 0.35413885
vt 0.29572624 0.0
vt 0.60018873 1.0
vt 0.0 1.0
vt 0.97754097 1.0
vt 0.99999994 0.93030745
vt 0.0 1.0
vt 0.9823554 1.0
vt 1.0 0.9061575
vt 0.50435597 1.0
vt 0.57233465 0.08354741
vt 0.0 0.0
vt 0.6657732 1.0
vt 0.38318935 1.0
vt 0.96078044 1.0
vt 0.0 0.0
vt 0.0 1.0
vt 0.9871249 1.0
vt 1.0 0.94068545
vt 0.0 1.0
vt 0.98983884 1.0
vt 1.0 0.9613744
vt 0.0 1.0
vt 0.83622813 1.0
vt 1.0 0.3101827
vt 0.0 1.0
vt 1.0 1.0
vt 0.5911759 0.50283706
vt 0.0 1.0
vt 1.0 1.0
vt 0.030129364 0.9413994
vt 0.0 1.0
vt 1.0 1.0
vt 0.012577778 0.90243125
vt 0.15958673 1.0
vt 0.24727851 0.0
vt 0.0 0.060967624
vt 0.5063632 1.0
vt 0.062025454 1.0
vt 1.0 0.9692624
vt 0.0 0.994939
vt 0.95699716 1.0
vt 0.0 1.0
vt 0.99999994 0.6020782
vt 0.031946145 0.9251767
vt 0.8361591 1.0
vt 0.0 1.0
vt 0.81452614 1.0
vt 1.0 0.8712339
vt 0.0 1.0
vt 1.0 0.9421449
vt 0.16907375 0.816896
vt 0.9172478 1.0
vt 0.0 1.0
vt 0.99999994 0.9828321
vt 0.06640129 0.85575616
vt 0.9812737 1.0
vt 0.030652236 1.0
vt 1.0 1.0
vt 0.0 0.8818077
vt 0.25575632 1.0
vt 1.0 1.0
vt 0.0 0.77065235
vt 0.0 1.0
vt 0.858569 0.7697265
vt 0.6594006 0.6805028
vt 0.7304771 1.0
vt 1.0 0.5154733
vt 0.0 1.0
vt 0.54792154 1.0
vt 0.4977315 0.9402872
vt 0.8309388 1.0
vt 1.0 0.88003004
vt 0.39208215 1.0
vt 0.39072207 0.9969701
vt 1.0 1.0
vt 0.9937213 0.9922941
vt 0.3931908 1.0
vt 0.39041153 0.99411196
vt 1.0 1.0
vt 0.9963933 0.9849727
vt 0.3713925 1.0
vt 0.37036768 0.99654704
vt 1.0 1.0
vt 0.99420196 0.990731
vt 0.0 1.0
vt 0.493614 1.0
vt 0.49215752 0.99679697
vt 0.9917274 1.0
vt 1.0 0.9934918
vt 0.43005997 1.0
vt 0.4120263 0.95964533
vt 0.87382585 1.0
vt 1.0 0.902058
vt 0.38083553 1.0
vt 0.3713925 0.9665943
vt 0.9719538 1.0
vt 1.0 0.9100527
vt 0.0 1.0
vt 0.41035894 1.0
vt 0.40887362 0.99750346
vt 0.99595326 1.0
vt 1.0 0.99389404
vt 0.40658054 1.0
vt 0.39401805 0.9785054
vt 0.9943917 1.0
vt 1.0000001 0.9454476
vt 0.394018 1.0
vt 0.39230624 0.99668616
vt 1.0 1.0
vt 0.9999074 0.9915537
vt 0.39234257 1.0
vt 0.38981566 0.99502194
vt 1.0 1.0
vt 0.9942193 0.98730356
vt 0.0 1.0
vt 1.0 0.0
vt 0.0 0.0
vt 1.0 1.0
vt 0.0 1.0
vt 1.0 0.0
vt 0.0 0.0
vt 1.0 1.0
vt 0.0 1.0
vt 1.0 0.7174938
vt 0.17818484 0.7618699
vt 0.8432806 1.0
vt 0.0057701985 1.0
vt 0.99999994 1.0
vt 0.0 0.95836943
vt 0.0 1.0
vt 1.0 1.0
vt 0.014300188 0.960023
vt 0.0 1.0
vt 1.0 1.0
vt 0.8094605 0.80831814
vt 0.0 1.0
vt 1.0 0.90234584
vt 0.79055417 0.8842133
vt 0.92993474 1.0
vt 1.0 1.0
vt 0.22948886 0.8286439
vt 0.0 1.0
vt 0.99999994 1.0
vt 0.85931385 0.84598243
vt 0.0 1.0
vt 1.0 1.0
vt 0.52064383 0.5040338
vt 0.0 1.0
vt 1.0 1.0
vt 0.6769258 0.25923365
vt 0.0 1.0
vt 0.56865984 0.0
vt 0.2714796 0.14881837
vt 0.0 1.0
vt 0.27652147 1.0
vt 0.09505493 1.0
vt 0.56227225 0.0
vt 0.9964651 1.0
vt 0.0 0.6673853
vt 0.20477466 0.9309299
vt 0.88361657 0.9313356
vt 1.0 0.9309299
vt 0.0 1.0
vt 0.0 1.0
vt 0.9542329 0.87442726
vt 1.0 1.0
vt 0.01956827 1.0
vt 1.0 0.9234002
vt 0.97984844 1.0
vt 0.0 0.9712019
vt 0.025253844 1.0
vt 0.87033665 0.9058032
vt 0.9179764 1.0
vt 0.0 0.98117274
vt 0.0 1.0
vt 0.7177233 0.88049316
vt 0.7370687 1.0
vt 0.0 1.0
vt 0.73884344 0.0
vt 0.71772337 1.0
vt 0.0 0.0
vt 0.87033665 0.9058032
vt 0.99999994 0.89457464
vt 0.9179764 1.0
vt 0.7177233 0.88049316
vt 0.84687763 1.0
vt 0.7370687 1.0
vt 0.99999994 0.83349174
vt 0.73884344 0.0
vt 1.0 1.0
vt 0.71772337 1.0
vt 1.0 0.0
vt 0.0 0.13002455
vt 0.8389442 0.0
vt 1.0 0.13002455
vt 0.0 0.0
vt 0.0 0.8227664
vt 1.0 0.8227664
vt 1.0 0.83041954
vt 1.0 0.60682976
vt 0.0 0.5508152
vt 0.8389442 0.0
vt 1.0 0.0
vt 1.0 0.13002455
vt 0.0 0.30396283
vt 1.0 0.13002455
vt 1.0 0.30396283
vt 0.0 0.13002455
vt 0.0 0.5508152
vt 1.0 0.5508152
vt 1.0 0.60682976
vt 0.0 0.8227664
vt 1.0 0.83041954
vt 1.0 0.8541788
vt 0.0 0.8227664
vt 1.0 0.8541788
vt 1.0 0.8846726
vt 0.0 1.0
vt 1.0 0.8846726
vt 1.0 1.0
vt 0.0 1.0
vt 0.0 0.8227664
vt 0.0 1.0
vt 0.9471469 0.96033233
vt 1.0 1.0
vt 0.056133017 0.9612496
vt 0.0 1.0
vt 0.902597 0.5935225
vt 1.0 1.0
vt 0.068435445 0.66906047
vt 0.029543046 1.0
vt 1.0000001 0.9642786
vt 0.97744495 1.0
vt 0.0 0.96931773
vt 0.12853678 1.0
vt 0.17021531 0.5387038
vt 1.0 1.0
vt 0.0 0.62890893
vt 0.0 1.0
vt 0.99999994 0.20256573
vt 0.5536745 1.0
vt 0.0 1.0
vt 0.99999994 0.9187064
vt 0.8945968 1.0
vt 0.0 1.0
vt 0.0679606 0.82130915
vt 1.0 1.0
vt 0.0062254714 1.0
vt 0.0 0.84710586
vt 0.99999994 1.0
vt 0.0 1.0
vt 0.99999994 0.5822113
vt 0.9509642 1.0
vt 0.0 1.0
vt 0.2142475 0.0
vt 0.94718623 1.0
vt 0.0 1.0
vt 0.6851911 0.5160355
vt 1.0 1.0
vt 1.0 0.35340208
vt 0.9686456 1.0
vt 0.0 1.0
vt 0.06643022 0.7275485
vt 1.0 1.0
vt 0.0 0.9996883
vt 0.891162 1.0
vt 0.86548156 0.9996883
vt 1.0 0.5056097
vt 0.31849337 0.4781701
vt 1.0 1.0
vt 0.0 1.0
vt 0.9601356 0.9643005
vt 1.0000001 1.0
vt 0.88854545 0.9474405
vt 1.0 1.0
vt 0.17303224 1.0
vt 0.0 0.12106675
vt 1.0 1.0
vt 0.0 1.0
vt 0.7854443 0.35462493
vt 1.0 1.0
vt 0.6630849 0.30942076
vt 0.41111678 0.046507955
vt 1.0000001 1.0
vt 0.0 1.0
vt 0.6740447 0.416466
vt 1.0 1.0
vt 0.32582116 0.3870961
vt 0.0 1.0
vt 1.0 0.5543922
vt 0.74647576 1.0
vt 0.22816594 0.48506522
vt 0.0 1.0
vt 0.84191 0.5692146
vt 1.0 1.0
vt 0.0 1.0
vt 1.0 0.54177856
vt 0.9499741 1.0
vt 0.0 1.0
vt 0.70466495 0.35413885
vt 0.60018873 1.0
vt 0.29572624 0.0
vt 0.0 1.0
vt 0.99999994 0.93030745
vt 0.97754097 1.0
vt 0.0 1.0
vt 1.0 0.9061575
vt 0.9823554 1.0
vt 0.50435597 1.0
vt 0.57233465 0.08354741
vt 0.6657732 1.0
vt 0.0 0.0
vt 0.38318935 1.0
vt 0.0 0.0
vt 0.96078044 1.0
vt 0.0 1.0
vt 1.0 0.94068545
vt 0.9871249 1.0
vt 0.0 1.0
vt 1.0 0.9613744
vt 0.98983884 1.0
vt 0.0 1.0
vt 1.0 0.3101827
vt 0.83622813 1.0
vt 0.0 1.0
vt 0.5911759 0.50283706
vt 1.0 1.0
vt 0.0 1.0
vt 0.030129364 0.9413994
vt 1.0 1.0
vt 0.0 1.0
vt 0.012577778 0.90243125
vt 1.0 1.0
vt 0.15958673 1.0
vt 0.24727851 0.0
vt 0.5063632 1.0
vt 0.0 0.060967624
vt 0.062025454 1.0
vt 1.0 0.9692624
vt 0.95699716 1.0
vt 0.0 0.994939
vt 0.0 1.0
vt 0.99999994 0.6020782
vt 0.8361591 1.0
vt 0.031946145 0.9251767
vt 0.0 1.0
vt 1.0 0.8712339
vt 0.81452614 1.0
vt 0.0 1.0
vt 1.0 0.9421449
vt 0.9172478 1.0
vt 0.16907375 0.816896
vt 0.0 1.0
vt 0.99999994 0.9828321
vt 0.9812737 1.0
vt 0.06640129 0.85575616
vt 0.030652236 1.0
vt 0.0 0.8818077
vt 1.0 1.0
vt 0.25575632 1.0
vt 0.0 0.77065235
vt 1.0 1.0
vt 0.0 1.0
vt 0.858569 0.7697265
vt 0.7304771 1.0
vt 0.6594006 0.6805028
vt 1.0 0.5154733
vt 0.0 1.0
vt 0.4977315 0.9402872
vt 0.54792154 1.0
vt 0.8309388 1.0
vt 1.0 0.88003004
vt 0.39072207 0.9969701
vt 0.39208215 1.0
vt 1.0 1.0
vt 0.9937213 0.9922941
vt 0.39041153 0.99411196
vt 0.3931908 1.0
vt 1.0 1.0
vt 0.9963933 0.9849727
vt 0.37036768 0.99654704
vt 0.3713925 1.0
vt 1.0 1.0
vt 0.99420196 0.990731
vt 0.0 1.0
vt 0.49215752 0.99679697
vt 0.493614 1.0
vt 0.9917274 1.0
vt 1.0 0.9934918
vt 0.4120263 0.95964533
vt 0.43005997 1.0
vt 0.87382585 1.0
vt 1.0 0.902058
vt 0.3713925 0.9665943
vt 0.38083553 1.0
vt 0.9719538 1.0
vt 1.0 0.9100527
vt 0.0 1.0
vt 0.40887362 0.99750346
vt 0.41035894 1.0
vt 0.99595326 1.0
vt 1.0 0.99389404
vt 0.39401805 0.9785054
vt 0.40658054 1.0
vt 0.9943917 1.0
vt 1.0000001 0.9454476
vt 0.39230624 0.99668616
vt 0.394018 1.0
vt 1.0 1.0
vt 0.9999074 0.9915537
vt 0.38981566 0.99502194
vt 0.39234257 1.0
vt 1.0 1.0
vt 0.9942193 0.98730356
vt 0.0 1.0
vt 1.0 0.0
vt 1.0 1.0
vt 0.0 0.0
vt 0.0 1.0
vt 1.0 0.0
vt 1.0 1.0
vt 0.0 0.0
vt 0.0 1.0
vt 1.0 0.7174938
vt 0.8432806 1.0
vt 0.17818484 0.7618699
vt 0.0057701985 1.0
vt 0.0 0.95836943
vt 0.99999994 1.0
vt 0.0 1.0
vt 0.014300188 0.960023
vt 1.0 1.0
vt 0.0 1.0
vt 0.8094605 0.80831814
vt 1.0 1.0
vt 0.0 1.0
vt 1.0 0.90234584
vt 0.92993474 1.0
vt 0.79055417 0.8842133
vt 0.22948886 0.8286439
vt 1.0 1.0
vt 0.0 1.0
vt 0.85931385 0.84598243
vt 0.99999994 1.0
vt 0.0 1.0
vt 0.52064383 0.5040338
vt 1.0 1.0
vt 0.0 1.0
vt 0.6769258 0.25923365
vt 1.0 1.0
vt 0.0 1.0
vt 0.56865984 0.0
vt 0.27652147 1.0
vt 0.0 1.0
vt 0.2714796 0.14881837
vt 0.0 1.0
vt 0.8224798 0.25724334
vt 0.018745555 0.2385934
vt 1.0 1.0
vt 0.0 1.0
vt 0.85808265 0.93381363
vt 0.024053209 0.946387
vt 1.0 1.0
vt 0.0 1.0
vt 1.0 1.0
vt 0.24259682 0.9824661
vt 0.0 1.0
vt 0.99999994 1.0
vt 0.3717303 0.6894861
vt 0.0 1.0
vt 1.0 1.0
vt 0.33847934 0.287529
vt 0.13427056 1.0
vt 0.2348276 0.42970443
vt 0.0 0.66249764
vt 1.0 1.0
vt 0.0 1.0
vt 0.22645487 0.9668893
vt 0.032589514 0.9837157
vt 0.24259682 0.9824661
vt 0.0 1.0
vt 1.0 1.0
vt 0.92406315 0.94275904
vt 0.0 1.0
vt 0.99999994 1.0
vt 0.8605688 0.8199926
vt 0.0 1.0
vt 1.0 1.0
vt 0.80344653 0.6130756
vt 1.0000001 1.0
vt 0.9759167 0.5139168
vt 0.0 1.0
vt 0.68456864 0.6779419
vt 0.61891747 0.6562512
vt 0.7072541 0.6854371
vt 0.0 1.0
vt 1.0 0.7821586
vt 0.7072541 0.6854371
vt 0.9079544 1.0
vt 0.0 1.0
vt 0.9716256 1.0
vt 1.0000001 0.26651096
vt 0.0 1.0
vt 0.558701 0.0024939775
vt 0.5480175 0.0
vt 0.059802234 1.0
vt 0.0 1.0
vt 0.8801705 0.7686555
vt 0.5575746 0.79940337
vt 0.99999994 1.0
vt 0.0 1.0
vt 0.67047274 0.056750774
vt 0.38124734 0.0
vt 0.17684066 1.0
vt 0.0 1.0
vt 0.6104674 0.12879002
vt 0.24798295 5.9604645E-8
vt 0.2582199 1.0
vt 0.08165003 1.0
vt 0.83607936 0.0
vt 0.0 0.041548967
vt 0.7668565 1.0
vt 0.020282544 1.0
vt 0.95862514 0.4719743
vt 0.0 0.4385565
vt 0.99999994 1.0
vt 0.0 1.0
vt 0.71194464 0.15848565
vt 0.34348303 0.0
vt 0.39584425 1.0
vt 0.0 1.0
vt 1.0 1.0
vt 0.10482997 0.7397809
vt 0.0 1.0
vt 0.3529657 0.13471001
vt 0.045456525 0.0
vt 0.24299678 1.0
vt 0.15742497 1.0
vt 0.95760286 0.5890789
vt 0.0 0.4495769
vt 1.0 1.0
vt 0.0 1.0
vt 0.35399085 0.96415734
vt 0.3103399 -1.1920929E-7
vt 0.2980725 1.0
vt 0.56752986 1.0
vt 0.0 0.76498115
vt 0.20321165 0.8510508
vt 1.0 1.0
vt 0.0 1.0
vt 0.725452 0.55992204
vt 0.09132965 0.5769093
vt 1.0 1.0
vt 0.0 1.0
vt 1.0 0.0
vt 0.0 0.0
vt 1.0 1.0
vt 0.0 1.0
vt 1.0 0.0
vt 0.0 0.0
vt 1.0 1.0
vt 0.0 1.0
vt 1.0 0.0
vt 0.0 0.0
vt 1.0 1.0
vt 0.0 1.0
vt 0.8224798 0.25724334
vt 1.0 1.0
vt 0.018745555 0.2385934
vt 0.0 1.0
vt 0.85808265 0.93381363
vt 1.0 1.0
vt 0.024053209 0.946387
vt 0.0 1.0
vt 0.24259682 0.9824661
vt 1.0 1.0
vt 0.0 1.0
vt 0.3717303 0.6894861
vt 0.99999994 1.0
vt 0.0 1.0
vt 0.33847934 0.287529
vt 1.0 1.0
vt 0.13427056 1.0
vt 0.2348276 0.42970443
vt 1.0 1.0
vt 0.0 0.66249764
vt 0.0 1.0
vt 0.22645487 0.9668893
vt 0.24259682 0.9824661
vt 0.032589514 0.9837157
vt 0.0 1.0
vt 0.92406315 0.94275904
vt 1.0 1.0
vt 0.0 1.0
vt 0.8605688 0.8199926
vt 0.99999994 1.0
vt 0.0 1.0
vt 0.80344653 0.6130756
vt 1.0 1.0
vt 0.9759167 0.5139168
vt 1.0000001 1.0
vt 0.0 1.0
vt 0.61891747 0.6562512
vt 0.68456864 0.6779419
vt 0.7072541 0.6854371
vt 0.0 1.0
vt 1.0 0.7821586
vt 0.9079544 1.0
vt 0.7072541 0.6854371
vt 0.0 1.0
vt 1.0000001 0.26651096
vt 0.9716256 1.0
vt 0.0 1.0
vt 0.558701 0.0024939775
vt 0.059802234 1.0
vt 0.5480175 0.0
vt 0.0 1.0
vt 0.8801705 0.7686555
vt 0.99999994 1.0
vt 0.5575746 0.79940337
vt 0.0 1.0
vt 0.67047274 0.056750774
vt 0.17684066 1.0
vt 0.38124734 0.0
vt 0.0 1.0
vt 0.6104674 0.12879002
vt 0.2582199 1.0
vt 0.24798295 5.9604645E-8
vt 0.08165003 1.0
vt 0.83607936 0.0
vt 0.7668565 1.0
vt 0.0 0.041548967
vt 0.020282544 1.0
vt 0.95862514 0.4719743
vt 0.99999994 1.0
vt 0.0 0.4385565
vt 0.0 1.0
vt 0.71194464 0.15848565
vt 0.39584425 1.0
vt 0.34348303 0.0
vt 0.0 1.0
vt 0.10482997 0.7397809
vt 1.0 1.0
vt 0.0 1.0
vt 0.3529657 0.13471001
vt 0.24299678 1.0
vt 0.045456525 0.0
vt 0.15742497 1.0
vt 0.95760286 0.5890789
vt 1.0 1.0
vt 0.0 0.4495769
vt 0.0 1.0
vt 0.35399085 0.96415734
vt 0.2980725 1.0
vt 0.3103399 -1.1920929E-7
vt 0.56752986 1.0
vt 0.0 0.76498115
vt 1.0 1.0
vt 0.20321165 0.8510508
vt 0.0 1.0
vt 0.725452 0.55992204
vt 1.0 1.0
vt 0.09132965 0.5769093
vt 0.0 1.0
vt 1.0 0.0
vt 1.0 1.0
vt 0.0 0.0
vt 0.0 1.0
vt 1.0 0.0
vt 1.0 1.0
vt 0.0 0.0
vt 0.0 1.0
vt 1.0 0.0
vt 1.0 1.0
vt 0.0 0.0
vt 0.375 0.82735646
vt 0.625 0.75
vt 0.625 0.8295426
vt 0.375 0.75
vt 0.375 0.75
vt 0.625 0.6428784
vt 0.625 0.75
vt 0.375 0.6428784
vt 0.625 0.56348866
vt 0.375 0.56348866
vt 0.625 0.5
vt 0.375 0.5
vt 0.375 0.5
vt 0.625 0.37561214
vt 0.625 0.5
vt 0.375 0.37561214
vt 0.625 0.25
vt 0.375 0.25
vt 0.375 0.10712159
vt 0.625 0.0
vt 0.625 0.10712159
vt 0.375 0.0
vt 0.375 0.18651134
vt 0.625 0.18651134
vt 0.375 0.25
vt 0.625 0.25
vt 0.625 0.8295426
vt 0.625 0.75
vt 0.7321216 0.75
vt 0.26787844 1.0
vt 0.375 0.8867808
vt 0.375 1.0
vt 0.26787844 0.8360506
vt 0.18848868 1.0
vt 0.18848868 0.8360506
vt 0.125 1.0
vt 0.125 0.8360506
vt 0.375 0.82735646
vt 0.26787844 0.75
vt 0.18848868 0.75
vt 0.125 0.75
vt 0.7321216 0.8360506
vt 0.81151134 1.0
vt 0.7321216 1.0
vt 0.8115113 0.8360506
vt 0.875 1.0
vt 0.875 0.8360506
vt 0.625 1.0
vt 0.625 0.88821447
vt 0.81151134 0.75
vt 0.875 0.75
vt 0.7321216 0.75
vt 0.625 0.88821447
vt 0.625 0.8295426
vt 0.375 1.0
vt 0.625 0.88821447
vt 0.625 1.0
vt 0.375 0.8867808
vt 0.625 0.8295426
vt 0.375 0.82735646
vt 0.26787844 0.75
vt 0.375 0.75
vt 0.375 0.82735646
vt 0.375 0.5
vt 0.625 0.5
vt 0.625 0.5
vt 0.375 0.5
vt 0.625 0.41394937
vt 0.625 0.25
vt 0.625 0.25
vt 0.625 0.41394937
vt 0.625 0.5
vt 0.625 0.5
vt 0.625 0.25
vt 0.375 0.25
vt 0.375 0.25
vt 0.625 0.25
vt 0.375 0.25
vt 0.375 0.41394937
vt 0.375 0.41394937
vt 0.375 0.25
vt 0.375 0.5
vt 0.375 0.5
vt 0.375 0.5
vt 0.625 0.5
vt 0.625 0.5
vt 0.375 0.5
vt 0.625 0.5
vt 0.375 0.5
vt 0.625 0.37561214
vt 0.625 0.25
vt 0.625 0.25
vt 0.625 0.41394937
vt 0.625 0.5
vt 0.625 0.5
vt 0.625 0.5
vt 0.625 0.25
vt 0.375 0.25
vt 0.375 0.25
vt 0.625 0.25
vt 0.375 0.5
vt 0.375 0.5
vt 0.375 0.41394937
vt 0.375 0.25
vt 0.375 0.25
vt 0.375 0.37561214
vt 0.375 0.5
vt 0.9812896 0.71037245
vt 0.037865877 0.92446566
vt 0.044249773 0.84989023
vt 0.9832852 0.79127395
vt 0.93242717 0.6574081
vt 0.20479012 0.7267529
vt 0.958956 0.045483053
vt 0.92122793 0.113773346
vt 0.12398267 0.7315794
vt 0.06270623 0.66490567
vt 0.95128083 -0.0031267405
vt 0.93943596 -0.0046731234
vt 0.8058982 0.054003358
vt 0.7984762 0.04587567
vt 0.9407153 -0.014925599
vt 0.19102764 0.5600754
vt 0.30237174 0.27525222
vt 0.33883405 0.32772303
vt 0.29141164 0.2664839
vt 0.18608737 0.55906045
vt 0.29757977 0.2599882
vt 0.15222645 0.55318403
vt 0.09820628 0.5773628
vt 0.08740425 0.57268274
vt 0.16898823 0.5129727
vt 0.16281986 0.51180816
vt 0.10723448 0.40690958
vt 0.10510635 0.45586717
vt 0.2328844 0.35584676
vt 0.09259629 0.3829341
vt 0.10510635 0.45586717
vt 0.2384007 0.31907165
vt 0.25720477 0.27950096
vt 0.2328844 0.35584676
vt 0.19488144 0.17019796
vt 0.17385626 0.18137288
vt 0.10405183 0.14627087
vt 0.320935 0.11356962
vt 0.3582456 0.095638275
vt 0.31155968 0.22043884
vt 0.31751657 0.22567356
vt 0.2199254 0.007073641
vt 0.14452529 0.07048881
vt 0.47674012 0.043524265
vt 0.21832204 -0.0077472925
vt 0.37658477 -0.14879286
vt 0.19806957 -0.100335
vt 0.18913029 -0.065222025
vt 0.50671124 0.032083154
vt 0.545959 0.12874162
vt 0.557183 0.14901865
vt 0.29141164 0.2664839
vt 0.56648827 0.15919971
vt 0.5723355 0.10763645
vt 0.5991514 -0.009010673
vt 0.5465877 -0.19122958
vt 0.60824776 -0.002270341
vt 0.70371866 -0.22755325
vt 0.7667279 -0.10185015
vt 0.7369139 -0.23204052
vt 0.7943647 0.03376627
vt 0.7202445 -0.23348069
vt 0.84276867 0.18643892
vt 0.93242717 0.6574081
vt 0.9779415 0.8366655
vt 0.043629408 0.98642397
vt 0.040735245 0.96276224
vt 0.9725511 0.867484
vt 0.05800414 1.0309584
vt 0.87998366 0.93228793
vt 0.15128967 1.1747944
vt 0.15128967 1.1747944
vt 0.1177249 1.1859647
vt 0.05800414 1.0309584
vt 0.20479012 0.7267529
vt 0.84276867 0.18643892
vt 0.93242717 0.6574081
vt 0.3872664 0.34634984
vt 0.20479012 0.7267529
vt 0.33883405 0.32772303
vt 0.3872664 0.34634984
vt 0.84276867 0.18643892
vt 0.33883405 0.32772303
vt 0.92122793 0.113773346
vt 0.3872664 0.34634984
vt 0.9407153 -0.014925599
vt 0.958956 0.045483053
vt 0.10510635 0.45586717
vt 0.075350285 0.41424358
vt 0.073434114 0.3515482
vt 0.090924025 0.21190965
vt 0.07278848 0.1636082
vt 0.16666532 0.17670882
vt 0.09262204 0.45689368
vt 0.10405183 0.14627087
vt 0.17385626 0.18137288
vt 0.16666532 0.17670882
vt 0.7202445 -0.23348069
vt 0.7284641 -0.23642898
vt 0.7369139 -0.23204052
vt 0.18913029 -0.065222025
vt 0.18206263 -0.079137444
vt 0.19806957 -0.100335

g Slingshot_Mask
s 1
usemtl Slingshot_Mask
f 3/3/3 2/2/2 1/1/1 
f 1/1/1 2/2/2 4/4/4 
f 2/2/2 5/5/5 4/4/4 
f 8/8/8 7/7/7 6/6/6 
f 7/7/7 9/9/9 6/6/6 
f 12/12/12 11/11/11 10/10/10 
f 11/11/11 13/13/13 10/10/10 
f 16/16/16 15/15/15 14/14/14 
f 15/15/15 17/17/17 14/14/14 
f 20/20/20 19/19/19 18/18/18 
f 19/19/19 21/21/21 18/18/18 
f 24/24/24 23/23/23 22/22/22 
f 23/23/23 25/25/25 22/22/22 
f 28/28/28 27/27/27 26/26/26 
f 31/31/31 30/30/30 29/29/29 
f 30/30/30 32/32/32 29/29/29 
f 33/33/33 32/32/32 30/30/30 
f 36/36/36 35/35/35 34/34/34 
f 36/36/36 34/34/34 37/37/37 
f 38/38/38 36/36/36 37/37/37 
f 41/41/41 40/40/40 39/39/39 
f 40/40/40 42/42/42 39/39/39 
f 45/45/45 44/44/44 43/43/43 
f 44/44/44 46/46/46 43/43/43 
f 49/49/49 48/48/48 47/47/47 
f 48/48/48 50/50/50 47/47/47 
f 53/53/53 52/52/52 51/51/51 
f 52/52/52 54/54/54 51/51/51 
f 53/53/53 51/51/51 55/55/55 
f 58/58/58 57/57/57 56/56/56 
f 57/57/57 59/59/59 56/56/56 
f 58/58/58 56/56/56 60/60/60 
f 63/63/63 62/62/62 61/61/61 
f 66/66/66 65/65/65 64/64/64 
f 69/69/69 68/68/68 67/67/67 
f 68/68/68 70/70/70 67/67/67 
f 73/73/73 72/72/72 71/71/71 
f 72/72/72 74/74/74 71/71/71 
f 77/77/77 76/76/76 75/75/75 
f 76/76/76 78/78/78 75/75/75 
f 81/81/81 80/80/80 79/79/79 
f 80/80/80 82/82/82 79/79/79 
f 85/85/85 84/84/84 83/83/83 
f 88/88/88 87/87/87 86/86/86 
f 87/87/87 89/89/89 86/86/86 
f 92/92/92 91/91/91 90/90/90 
f 91/91/91 93/93/93 90/90/90 
f 96/96/96 95/95/95 94/94/94 
f 99/99/99 98/98/98 97/97/97 
f 98/98/98 100/100/100 97/97/97 
f 103/103/103 102/102/102 101/101/101 
f 106/106/106 105/105/105 104/104/104 
f 105/105/105 107/107/107 104/104/104 
f 110/110/110 109/109/109 108/108/108 
f 109/109/109 111/111/111 108/108/108 
f 114/114/114 113/113/113 112/112/112 
f 113/113/113 115/115/115 112/112/112 
f 118/118/118 117/117/117 116/116/116 
f 119/119/119 118/118/118 116/116/116 
f 120/120/120 119/119/119 116/116/116 
f 123/123/123 122/122/122 121/121/121 
f 126/126/126 125/125/125 124/124/124 
f 125/125/125 127/127/127 124/124/124 
f 124/124/124 127/127/127 128/128/128 
f 127/127/127 129/129/129 128/128/128 
f 129/129/129 130/130/130 128/128/128 
f 133/133/133 132/132/132 131/131/131 
f 136/136/136 135/135/135 134/134/134 
f 139/139/139 138/138/138 137/137/137 
f 138/138/138 141/141/141 140/140/140 
f 144/144/144 143/143/143 142/142/142 
f 143/143/143 145/145/145 142/142/142 
f 148/148/148 147/147/147 146/146/146 
f 147/147/147 149/149/149 146/146/146 
f 152/152/152 151/151/151 150/150/150 
f 151/151/151 153/153/153 150/150/150 
f 156/156/156 155/155/155 154/154/154 
f 155/155/155 157/157/157 154/154/154 
f 160/160/160 159/159/159 158/158/158 
f 163/163/163 162/162/162 161/161/161 
f 166/166/166 165/165/165 164/164/164 
f 169/169/169 168/168/168 167/167/167 
f 172/172/172 171/171/171 170/170/170 
f 175/175/175 174/174/174 173/173/173 
f 178/178/178 177/177/177 176/176/176 
f 180/180/180 179/179/179 176/176/176 
f 183/183/183 182/182/182 181/181/181 
f 186/186/186 185/185/185 184/184/184 
f 185/185/185 187/187/187 184/184/184 
f 189/189/189 188/188/188 184/184/184 
f 192/192/192 191/191/191 190/190/190 
f 194/194/194 193/193/193 190/190/190 
f 197/197/197 196/196/196 195/195/195 
f 200/200/200 199/199/199 198/198/198 
f 199/199/199 201/201/201 198/198/198 
f 203/203/203 202/202/202 198/198/198 
f 206/206/206 205/205/205 204/204/204 
f 205/205/205 207/207/207 204/204/204 
f 210/210/210 209/209/209 208/208/208 
f 209/209/209 211/211/211 208/208/208 
f 214/214/214 213/213/213 212/212/212 
f 217/217/217 216/216/216 215/215/215 
f 220/220/220 219/219/219 218/218/218 
f 219/219/219 221/221/221 218/218/218 
f 224/224/224 223/223/223 222/222/222 
f 227/227/227 226/226/226 225/225/225 
f 230/230/230 229/229/229 228/228/228 
f 229/229/229 231/231/231 228/228/228 
f 234/234/234 233/233/233 232/232/232 
f 237/237/237 236/236/236 235/235/235 
f 240/240/240 239/239/239 238/238/238 
f 243/243/243 242/242/242 241/241/241 
f 246/246/246 245/245/245 244/244/244 
f 249/249/249 248/248/248 247/247/247 
f 252/252/252 251/251/251 250/250/250 
f 255/255/255 254/254/254 253/253/253 
f 254/254/254 256/256/256 253/253/253 
f 259/259/259 258/258/258 257/257/257 
f 258/258/258 260/260/260 257/257/257 
f 263/263/263 262/262/262 261/261/261 
f 262/262/262 264/264/264 261/261/261 
f 267/267/267 266/266/266 265/265/265 
f 270/270/270 269/269/269 268/268/268 
f 269/269/269 271/271/271 268/268/268 
f 274/274/274 273/273/273 272/272/272 
f 273/273/273 275/275/275 272/272/272 
f 278/278/278 277/277/277 276/276/276 
f 281/281/281 280/280/280 279/279/279 
f 284/284/284 283/283/283 282/282/282 
f 283/283/283 285/285/285 282/282/282 
f 286/286/286 283/283/283 284/284/284 
f 289/289/289 288/288/288 287/287/287 
f 290/290/290 288/288/288 289/289/289 
f 291/291/291 290/290/290 289/289/289 
f 293/293/293 292/292/292 287/287/287 
f 294/294/294 292/292/292 293/293/293 
f 295/295/295 294/294/294 293/293/293 
f 297/297/297 296/296/296 287/287/287 
f 298/298/298 296/296/296 297/297/297 
f 299/299/299 298/298/298 297/297/297 
f 301/301/301 300/300/300 287/287/287 
f 302/302/302 300/300/300 301/301/301 
f 303/303/303 302/302/302 301/301/301 
f 306/306/306 305/305/305 304/304/304 
f 307/307/307 305/305/305 306/306/306 
f 308/308/308 307/307/307 306/306/306 
f 310/310/310 309/309/309 304/304/304 
f 311/311/311 309/309/309 310/310/310 
f 312/312/312 311/311/311 310/310/310 
f 314/314/314 313/313/313 304/304/304 
f 315/315/315 313/313/313 314/314/314 
f 316/316/316 315/315/315 314/314/314 
f 319/319/319 318/318/318 317/317/317 
f 320/320/320 318/318/318 319/319/319 
f 321/321/321 320/320/320 319/319/319 
f 323/323/323 322/322/322 317/317/317 
f 324/324/324 322/322/322 323/323/323 
f 325/325/325 324/324/324 323/323/323 
f 327/327/327 326/326/326 317/317/317 
f 328/328/328 326/326/326 327/327/327 
f 329/329/329 328/328/328 327/327/327 
f 331/331/331 330/330/330 317/317/317 
f 332/332/332 330/330/330 331/331/331 
f 333/333/333 332/332/332 331/331/331 
f 336/336/336 335/335/335 334/334/334 
f 335/335/335 337/337/337 334/334/334 
f 340/340/340 339/339/339 338/338/338 
f 339/339/339 341/341/341 338/338/338 
f 344/344/344 343/343/343 342/342/342 
f 343/343/343 345/345/345 342/342/342 
f 348/348/348 347/347/347 346/346/346 
f 351/351/351 350/350/350 349/349/349 
f 354/354/354 353/353/353 352/352/352 
f 357/357/357 356/356/356 355/355/355 
f 356/356/356 358/358/358 355/355/355 
f 360/360/360 359/359/359 355/355/355 
f 363/363/363 362/362/362 361/361/361 
f 366/366/366 365/365/365 364/364/364 
f 369/369/369 368/368/368 367/367/367 
f 372/372/372 371/371/371 370/370/370 
f 371/371/371 374/374/374 373/373/373 
f 377/377/377 376/376/376 375/375/375 
f 376/376/376 378/378/378 375/375/375 
f 381/381/381 380/380/380 379/379/379 
f 380/380/380 382/382/382 379/379/379 
f 385/385/385 384/384/384 383/383/383 
f 388/388/388 387/387/387 386/386/386 
f 387/387/387 389/389/389 386/386/386 
f 392/392/392 391/391/391 390/390/390 
f 391/391/391 393/393/393 390/390/390 
f 396/396/396 395/395/395 394/394/394 
f 399/399/399 398/398/398 397/397/397 
f 398/398/398 400/400/400 397/397/397 
f 403/403/403 402/402/402 401/401/401 
f 406/406/406 405/405/405 404/404/404 
f 405/405/405 407/407/407 404/404/404 
f 410/410/410 409/409/409 408/408/408 
f 409/409/409 411/411/411 408/408/408 
f 414/414/414 413/413/413 412/412/412 
f 413/413/413 415/415/415 412/412/412 
f 418/418/418 417/417/417 416/416/416 
f 417/417/417 419/419/419 416/416/416 
f 419/419/419 420/420/420 416/416/416 
f 423/423/423 422/422/422 421/421/421 
f 426/426/426 425/425/425 424/424/424 
f 425/425/425 427/427/427 424/424/424 
f 426/426/426 424/424/424 428/428/428 
f 429/429/429 426/426/426 428/428/428 
f 430/430/430 429/429/429 428/428/428 
f 433/433/433 432/432/432 431/431/431 
f 436/436/436 435/435/435 434/434/434 
f 439/439/439 438/438/438 437/437/437 
f 438/438/438 441/441/441 440/440/440 
f 444/444/444 443/443/443 442/442/442 
f 443/443/443 445/445/445 442/442/442 
f 448/448/448 447/447/447 446/446/446 
f 447/447/447 449/449/449 446/446/446 
f 452/452/452 451/451/451 450/450/450 
f 451/451/451 453/453/453 450/450/450 
f 456/456/456 455/455/455 454/454/454 
f 455/455/455 457/457/457 454/454/454 
f 460/460/460 459/459/459 458/458/458 
f 463/463/463 462/462/462 461/461/461 
f 466/466/466 465/465/465 464/464/464 
f 469/469/469 468/468/468 467/467/467 
f 472/472/472 471/471/471 470/470/470 
f 475/475/475 474/474/474 473/473/473 
f 478/478/478 477/477/477 476/476/476 
f 480/480/480 479/479/479 476/476/476 
f 483/483/483 482/482/482 481/481/481 
f 486/486/486 485/485/485 484/484/484 
f 485/485/485 487/487/487 484/484/484 
f 489/489/489 488/488/488 484/484/484 
f 492/492/492 491/491/491 490/490/490 
f 494/494/494 493/493/493 490/490/490 
f 497/497/497 496/496/496 495/495/495 
f 500/500/500 499/499/499 498/498/498 
f 499/499/499 501/501/501 498/498/498 
f 503/503/503 502/502/502 498/498/498 
f 506/506/506 505/505/505 504/504/504 
f 505/505/505 507/507/507 504/504/504 
f 510/510/510 509/509/509 508/508/508 
f 509/509/509 511/511/511 508/508/508 
f 514/514/514 513/513/513 512/512/512 
f 517/517/517 516/516/516 515/515/515 
f 520/520/520 519/519/519 518/518/518 
f 519/519/519 521/521/521 518/518/518 
f 524/524/524 523/523/523 522/522/522 
f 527/527/527 526/526/526 525/525/525 
f 530/530/530 529/529/529 528/528/528 
f 529/529/529 531/531/531 528/528/528 
f 534/534/534 533/533/533 532/532/532 
f 537/537/537 536/536/536 535/535/535 
f 540/540/540 539/539/539 538/538/538 
f 543/543/543 542/542/542 541/541/541 
f 546/546/546 545/545/545 544/544/544 
f 549/549/549 548/548/548 547/547/547 
f 552/552/552 551/551/551 550/550/550 
f 555/555/555 554/554/554 553/553/553 
f 554/554/554 556/556/556 553/553/553 
f 559/559/559 558/558/558 557/557/557 
f 558/558/558 560/560/560 557/557/557 
f 563/563/563 562/562/562 561/561/561 
f 562/562/562 564/564/564 561/561/561 
f 567/567/567 566/566/566 565/565/565 
f 570/570/570 569/569/569 568/568/568 
f 569/569/569 571/571/571 568/568/568 
f 574/574/574 573/573/573 572/572/572 
f 573/573/573 575/575/575 572/572/572 
f 578/578/578 577/577/577 576/576/576 
f 581/581/581 580/580/580 579/579/579 
f 584/584/584 583/583/583 582/582/582 
f 583/583/583 585/585/585 582/582/582 
f 583/583/583 586/586/586 585/585/585 
f 589/589/589 588/588/588 587/587/587 
f 589/589/589 590/590/590 588/588/588 
f 590/590/590 591/591/591 588/588/588 
f 593/593/593 592/592/592 587/587/587 
f 593/593/593 594/594/594 592/592/592 
f 594/594/594 595/595/595 592/592/592 
f 597/597/597 596/596/596 587/587/587 
f 597/597/597 598/598/598 596/596/596 
f 598/598/598 599/599/599 596/596/596 
f 601/601/601 600/600/600 587/587/587 
f 601/601/601 602/602/602 600/600/600 
f 602/602/602 603/603/603 600/600/600 
f 606/606/606 605/605/605 604/604/604 
f 606/606/606 607/607/607 605/605/605 
f 607/607/607 608/608/608 605/605/605 
f 610/610/610 609/609/609 604/604/604 
f 610/610/610 611/611/611 609/609/609 
f 611/611/611 612/612/612 609/609/609 
f 614/614/614 613/613/613 604/604/604 
f 614/614/614 615/615/615 613/613/613 
f 615/615/615 616/616/616 613/613/613 
f 619/619/619 618/618/618 617/617/617 
f 619/619/619 620/620/620 618/618/618 
f 620/620/620 621/621/621 618/618/618 
f 623/623/623 622/622/622 617/617/617 
f 623/623/623 624/624/624 622/622/622 
f 624/624/624 625/625/625 622/622/622 
f 627/627/627 626/626/626 617/617/617 
f 627/627/627 628/628/628 626/626/626 
f 628/628/628 629/629/629 626/626/626 
f 631/631/631 630/630/630 617/617/617 
f 631/631/631 632/632/632 630/630/630 
f 632/632/632 633/633/633 630/630/630 
f 636/636/636 635/635/635 634/634/634 
f 635/635/635 637/637/637 634/634/634 
f 640/640/640 639/639/639 638/638/638 
f 639/639/639 641/641/641 638/638/638 
f 644/644/644 643/643/643 642/642/642 
f 643/643/643 645/645/645 642/642/642 
f 648/648/648 647/647/647 646/646/646 
f 651/651/651 650/650/650 649/649/649 
f 654/654/654 653/653/653 652/652/652 
f 657/657/657 656/656/656 655/655/655 
f 656/656/656 658/658/658 655/655/655 
f 660/660/660 659/659/659 655/655/655 
f 663/663/663 662/662/662 661/661/661 
f 666/666/666 665/665/665 664/664/664 
f 669/669/669 668/668/668 667/667/667 
f 672/672/672 671/671/671 670/670/670 
f 671/671/671 674/674/674 673/673/673 
f 677/677/677 676/676/676 675/675/675 
f 676/676/676 678/678/678 675/675/675 
f 681/681/681 680/680/680 679/679/679 
f 680/680/680 682/682/682 679/679/679 
f 685/685/685 684/684/684 683/683/683 
f 688/688/688 687/687/687 686/686/686 
f 691/691/691 690/690/690 689/689/689 
f 694/694/694 693/693/693 692/692/692 
f 693/693/693 695/695/695 692/692/692 
f 698/698/698 697/697/697 696/696/696 
f 697/697/697 699/699/699 696/696/696 
f 702/702/702 701/701/701 700/700/700 
f 705/705/705 704/704/704 703/703/703 
f 708/708/708 707/707/707 706/706/706 
f 710/710/710 709/709/709 706/706/706 
f 713/713/713 712/712/712 711/711/711 
f 712/712/712 714/714/714 711/711/711 
f 717/717/717 716/716/716 715/715/715 
f 716/716/716 718/718/718 715/715/715 
f 721/721/721 720/720/720 719/719/719 
f 724/724/724 723/723/723 722/722/722 
f 723/723/723 725/725/725 722/722/722 
f 728/728/728 727/727/727 726/726/726 
f 727/727/727 729/729/729 726/726/726 
f 732/732/732 731/731/731 730/730/730 
f 731/731/731 733/733/733 730/730/730 
f 736/736/736 735/735/735 734/734/734 
f 735/735/735 737/737/737 734/734/734 
f 740/740/740 739/739/739 738/738/738 
f 739/739/739 741/741/741 738/738/738 
f 744/744/744 743/743/743 742/742/742 
f 743/743/743 745/745/745 742/742/742 
f 748/748/748 747/747/747 746/746/746 
f 747/747/747 749/749/749 746/746/746 
f 752/752/752 751/751/751 750/750/750 
f 755/755/755 754/754/754 753/753/753 
f 754/754/754 756/756/756 753/753/753 
f 759/759/759 758/758/758 757/757/757 
f 758/758/758 760/760/760 757/757/757 
f 763/763/763 762/762/762 761/761/761 
f 762/762/762 764/764/764 761/761/761 
f 767/767/767 766/766/766 765/765/765 
f 766/766/766 768/768/768 765/765/765 
f 771/771/771 770/770/770 769/769/769 
f 770/770/770 772/772/772 769/769/769 
f 775/775/775 774/774/774 773/773/773 
f 774/774/774 776/776/776 773/773/773 
f 779/779/779 778/778/778 777/777/777 
f 778/778/778 780/780/780 777/777/777 
f 783/783/783 782/782/782 781/781/781 
f 782/782/782 784/784/784 781/781/781 
f 787/787/787 786/786/786 785/785/785 
f 786/786/786 788/788/788 785/785/785 
f 791/791/791 790/790/790 789/789/789 
f 790/790/790 792/792/792 789/789/789 
f 795/795/795 794/794/794 793/793/793 
f 798/798/798 797/797/797 796/796/796 
f 801/801/801 800/800/800 799/799/799 
f 804/804/804 803/803/803 802/802/802 
f 803/803/803 805/805/805 802/802/802 
f 808/808/808 807/807/807 806/806/806 
f 807/807/807 809/809/809 806/806/806 
f 812/812/812 811/811/811 810/810/810 
f 815/815/815 814/814/814 813/813/813 
f 818/818/818 817/817/817 816/816/816 
f 820/820/820 819/819/819 816/816/816 
f 823/823/823 822/822/822 821/821/821 
f 824/824/824 823/823/823 821/821/821 
f 827/827/827 826/826/826 825/825/825 
f 826/826/826 828/828/828 825/825/825 
f 831/831/831 830/830/830 829/829/829 
f 834/834/834 833/833/833 832/832/832 
f 833/833/833 835/835/835 832/832/832 
f 838/838/838 837/837/837 836/836/836 
f 837/837/837 839/839/839 836/836/836 
f 842/842/842 841/841/841 840/840/840 
f 841/841/841 843/843/843 840/840/840 
f 846/846/846 845/845/845 844/844/844 
f 845/845/845 847/847/847 844/844/844 
f 850/850/850 849/849/849 848/848/848 
f 849/849/849 851/851/851 848/848/848 
f 854/854/854 853/853/853 852/852/852 
f 853/853/853 855/855/855 852/852/852 
f 858/858/858 857/857/857 856/856/856 
f 857/857/857 859/859/859 856/856/856 
f 862/862/862 861/861/861 860/860/860 
f 865/865/865 864/864/864 863/863/863 
f 864/864/864 866/866/866 863/863/863 
f 869/869/869 868/868/868 867/867/867 
f 868/868/868 870/870/870 867/867/867 
f 873/873/873 872/872/872 871/871/871 
f 872/872/872 874/874/874 871/871/871 
f 877/877/877 876/876/876 875/875/875 
f 876/876/876 878/878/878 875/875/875 
f 881/881/881 880/880/880 879/879/879 
f 880/880/880 882/882/882 879/879/879 
f 885/885/885 884/884/884 883/883/883 
f 884/884/884 886/886/886 883/883/883 
f 889/889/889 888/888/888 887/887/887 
f 888/888/888 890/890/890 887/887/887 
f 893/893/893 892/892/892 891/891/891 
f 892/892/892 894/894/894 891/891/891 
f 897/897/897 896/896/896 895/895/895 
f 896/896/896 898/898/898 895/895/895 
f 901/901/901 900/900/900 899/899/899 
f 900/900/900 902/902/902 899/899/899 
f 900/900/900 903/903/903 902/902/902 
f 903/903/903 904/904/904 902/902/902 
f 903/903/903 905/905/905 904/904/904 
f 905/905/905 906/906/906 904/904/904 
f 909/909/909 908/908/908 907/907/907 
f 908/908/908 910/910/910 907/907/907 
f 908/908/908 911/911/911 910/910/910 
f 911/911/911 912/912/912 910/910/910 
f 915/915/915 914/914/914 913/913/913 
f 914/914/914 916/916/916 913/913/913 
f 915/915/915 913/913/913 917/917/917 
f 918/918/918 915/915/915 917/917/917 
f 918/918/918 917/917/917 919/919/919 
f 920/920/920 918/918/918 919/919/919 
f 923/923/923 922/922/922 921/921/921 
f 926/926/926 925/925/925 924/924/924 
f 925/925/925 927/927/927 924/924/924 
f 924/924/924 927/927/927 928/928/928 
f 927/927/927 929/929/929 928/928/928 
f 928/928/928 929/929/929 930/930/930 
f 929/929/929 931/931/931 930/930/930 
f 925/925/925 932/932/932 927/927/927 
f 932/932/932 933/933/933 927/927/927 
f 927/927/927 933/933/933 929/929/929 
f 933/933/933 934/934/934 929/929/929 
f 929/929/929 934/934/934 931/931/931 
f 934/934/934 935/935/935 931/931/931 
f 938/938/938 937/937/937 936/936/936 
f 937/937/937 939/939/939 936/936/936 
f 937/937/937 940/940/940 939/939/939 
f 940/940/940 941/941/941 939/939/939 
f 938/938/938 936/936/936 942/942/942 
f 936/936/936 943/943/943 942/942/942 
f 939/939/939 941/941/941 944/944/944 
f 941/941/941 945/945/945 944/944/944 
f 936/936/936 939/939/939 946/946/946 
f 939/939/939 944/944/944 946/946/946 
f 936/936/936 946/946/946 943/943/943 
f 946/946/946 948/948/948 947/947/947 
f 951/951/951 950/950/950 949/949/949 
f 950/950/950 952/952/952 949/949/949 
f 950/950/950 953/953/953 952/952/952 
f 953/953/953 954/954/954 952/952/952 
f 957/957/957 956/956/956 955/955/955 
f 960/960/960 959/959/959 958/958/958 
f 959/959/959 961/961/961 958/958/958 
f 964/964/964 963/963/963 962/962/962 
f 963/963/963 965/965/965 962/962/962 
f 962/962/962 965/965/965 966/966/966 
f 965/965/965 967/967/967 966/966/966 
f 970/970/970 969/969/969 968/968/968 
f 969/969/969 971/971/971 968/968/968 
f 974/974/974 973/973/973 972/972/972 
f 973/973/973 975/975/975 972/972/972 
f 974/974/974 976/976/976 973/973/973 
f 976/976/976 977/977/977 973/973/973 
f 980/980/980 979/979/979 978/978/978 
f 979/979/979 981/981/981 978/978/978 
f 979/979/979 982/982/982 981/981/981 
f 982/982/982 983/983/983 981/981/981 
f 986/986/986 985/985/985 984/984/984 
f 984/984/984 987/987/987 986/986/986 
f 984/984/984 988/988/988 987/987/987 
f 984/984/984 989/989/989 988/988/988 
f 984/984/984 990/990/990 989/989/989 
f 993/993/993 992/992/992 991/991/991 
f 992/992/992 994/994/994 991/991/991 
f 997/997/997 996/996/996 995/995/995 
f 995/995/995 998/998/998 997/997/997 
f 995/995/995 999/999/999 998/998/998 
f 995/995/995 1000/1000/1000 999/999/999 
f 995/995/995 1001/1001/1001 1000/1000/1000 
f 1004/1004/1004 1003/1003/1003 1002/1002/1002 
f 1003/1003/1003 1005/1005/1005 1002/1002/1002 
f 1002/1002/1002 1006/1006/1006 1004/1004/1004 
f 1006/1006/1006 1007/1007/1007 1004/1004/1004 
f 1002/1002/1002 1008/1008/1008 1006/1006/1006 
f 1008/1008/1008 1009/1009/1009 1006/1006/1006 
f 1007/1007/1007 1010/1010/1010 1004/1004/1004 
f 1010/1010/1010 1011/1011/1011 1004/1004/1004 
f 1008/1008/1008 1012/1012/1012 1009/1009/1009 
f 1012/1012/1012 1013/1013/1013 1009/1009/1009 
f 1012/1012/1012 1008/1008/1008 1013/1013/1013 
f 1013/1013/1013 1014/1014/1014 1009/1009/1009 
f 1014/1014/1014 1013/1013/1013 1015/1015/1015 
f 1013/1013/1013 1016/1016/1016 1015/1015/1015 
f 1017/1017/1017 1010/1010/1010 1007/1007/1007 
f 1018/1018/1018 1017/1017/1017 1007/1007/1007 
f 1019/1019/1019 1018/1018/1018 1007/1007/1007 
f 1018/1018/1018 1019/1019/1019 1009/1009/1009 
f 1018/1018/1018 1020/1020/1020 1017/1017/1017 
f 1020/1020/1020 1021/1021/1021 1017/1017/1017 
f 1017/1017/1017 1021/1021/1021 1010/1010/1010 
f 1018/1018/1018 1022/1022/1022 1020/1020/1020 
f 1021/1021/1021 1023/1023/1023 1010/1010/1010 
f 1023/1023/1023 1024/1024/1024 1010/1010/1010 
f 1024/1024/1024 1011/1011/1011 1010/1010/1010 
f 1024/1024/1024 1025/1025/1025 1011/1011/1011 
f 1021/1021/1021 1026/1026/1026 1023/1023/1023 
f 1021/1021/1021 1020/1020/1020 1026/1026/1026 
f 1026/1026/1026 1027/1027/1027 1023/1023/1023 
f 1027/1027/1027 1028/1028/1028 1023/1023/1023 
f 1028/1028/1028 1029/1029/1029 1023/1023/1023 
f 1020/1020/1020 1030/1030/1030 1026/1026/1026 
f 1031/1031/1031 1028/1028/1028 1030/1030/1030 
f 1028/1028/1028 1031/1031/1031 1032/1032/1032 
f 1033/1033/1033 1031/1031/1031 1030/1030/1030 
f 1020/1020/1020 1034/1034/1034 1030/1030/1030 
f 1034/1034/1034 1033/1033/1033 1035/1035/1035 
f 1034/1034/1034 1036/1036/1036 1033/1033/1033 
f 1036/1036/1036 1037/1037/1037 1033/1033/1033 
f 1037/1037/1037 1036/1036/1036 1038/1038/1038 
f 1038/1038/1038 1036/1036/1036 1039/1039/1039 
f 1040/1040/1040 1039/1039/1039 1034/1034/1034 
f 1041/1041/1041 1040/1040/1040 1034/1034/1034 
f 1020/1020/1020 1041/1041/1041 1034/1034/1034 
f 1042/1042/1042 1041/1041/1041 1020/1020/1020 
f 1040/1040/1040 1043/1043/1043 1039/1039/1039 
f 1043/1043/1043 1044/1044/1044 1039/1039/1039 
f 1044/1044/1044 1038/1038/1038 1039/1039/1039 
f 1040/1040/1040 1045/1045/1045 1043/1043/1043 
f 1045/1045/1045 1046/1046/1046 1043/1043/1043 
f 1045/1045/1045 1047/1047/1047 1046/1046/1046 
f 1047/1047/1047 1048/1048/1048 1046/1046/1046 
f 1048/1048/1048 1049/1049/1049 1046/1046/1046 
f 1050/1050/1050 1047/1047/1047 1045/1045/1045 
f 1050/1050/1050 1045/1045/1045 1051/1051/1051 
f 1052/1052/1052 1051/1051/1051 1042/1042/1042 
f 1022/1022/1022 1052/1052/1052 1042/1042/1042 
f 1022/1022/1022 1042/1042/1042 1053/1053/1053 
f 1054/1054/1054 1052/1052/1052 1022/1022/1022 
f 1018/1018/1018 1054/1054/1054 1022/1022/1022 
f 1054/1054/1054 1018/1018/1018 1009/1009/1009 
f 1055/1055/1055 1050/1050/1050 1051/1051/1051 
f 1055/1055/1055 1051/1051/1051 1052/1052/1052 
f 1050/1050/1050 1056/1056/1056 1047/1047/1047 
f 1056/1056/1056 1057/1057/1057 1047/1047/1047 
f 1056/1056/1056 1058/1058/1058 1057/1057/1057 
f 1058/1058/1058 1059/1059/1059 1057/1057/1057 
f 1058/1058/1058 1060/1060/1060 1059/1059/1059 
f 1058/1058/1058 1055/1055/1055 1060/1060/1060 
f 1060/1060/1060 1061/1061/1061 1059/1059/1059 
f 1062/1062/1062 1055/1055/1055 1052/1052/1052 
f 1055/1055/1055 1062/1062/1062 1060/1060/1060 
f 1052/1052/1052 1015/1015/1015 1062/1062/1062 
f 1054/1054/1054 1014/1014/1014 1052/1052/1052 
f 1014/1014/1014 1015/1015/1015 1052/1052/1052 
f 1014/1014/1014 1054/1054/1054 1009/1009/1009 
f 1061/1061/1061 1063/1063/1063 1059/1059/1059 
f 1065/1065/1065 1009/1009/1009 1064/1064/1064 
f 1068/1068/1068 1067/1067/1067 1066/1066/1066 
f 1067/1067/1067 1069/1069/1069 1066/1066/1066 
f 1067/1067/1067 1070/1070/1070 1069/1069/1069 
f 1070/1070/1070 1071/1071/1071 1069/1069/1069 
f 1068/1068/1068 1066/1066/1066 1005/1005/1005 
f 1003/1003/1003 1068/1068/1068 1005/1005/1005 
f 1070/1070/1070 1072/1072/1072 1071/1071/1071 
f 1075/1075/1075 1074/1074/1074 1073/1073/1073 
f 1078/1078/1078 1077/1077/1077 1076/1076/1076 
f 1077/1077/1077 1079/1079/1079 1076/1076/1076 
f 1082/1082/1082 1081/1081/1081 1080/1080/1080 
f 1085/1085/1085 1084/1084/1084 1083/1083/1083 
f 1084/1084/1084 1086/1086/1086 1083/1083/1083 
f 1088/1088/1088 1087/1087/1087 1013/1013/1013 
f 1031/1031/1031 1090/1090/1090 1089/1089/1089 
f 1031/1031/1031 1091/1091/1091 1090/1090/1090 
f 1031/1031/1031 1092/1092/1092 1091/1091/1091 
f 1092/1092/1092 1093/1093/1093 1091/1091/1091 
f 1092/1092/1092 1094/1094/1094 1093/1093/1093 
f 1094/1094/1094 1038/1038/1038 1093/1093/1093 
f 1090/1090/1090 1095/1095/1095 1032/1032/1032 
f 1090/1090/1090 1011/1011/1011 1095/1095/1095 
f 1011/1011/1011 1025/1025/1025 1095/1095/1095 
f 1098/1098/1098 1097/1097/1097 1096/1096/1096 
f 1101/1101/1101 1100/1100/1100 1099/1099/1099 
f 1104/1104/1104 1103/1103/1103 1102/1102/1102 

