# Created by DisUnity v0.3.2
v 0.5598641 0.89445364 -1.5845999
v 0.56562597 0.8958725 -1.59002
v 0.56773627 0.8949714 -1.5865775
v 0.55901635 0.8954406 -1.58837
v 0.57642245 0.895992 -1.5904762
v 0.57228357 0.8974329 -1.5959814
v 0.55901635 0.8954406 -1.58837
v 0.56562597 0.888497 -1.5919505
v 0.56562597 0.8958725 -1.59002
v 0.55901647 0.8880652 -1.5903009
v 0.57228357 0.8974329 -1.5959814
v 0.5722836 0.89005744 -1.597912
v 0.55901647 0.8880652 -1.5903009
v 0.56773627 0.8875959 -1.588508
v 0.56562597 0.888497 -1.5919505
v 0.55986416 0.8870783 -1.5865303
v 0.57642245 0.8886164 -1.5924067
v 0.5722836 0.89005744 -1.597912
v 0.57642245 0.8886164 -1.5924067
v 0.57228357 0.8974329 -1.5959814
v 0.5722836 0.89005744 -1.597912
v 0.57642245 0.895992 -1.5904762
v 0.55901647 0.8880652 -1.5903009
v 0.5598641 0.89445364 -1.5845999
v 0.55986416 0.8870783 -1.5865303
v 0.55901635 0.8954406 -1.58837
v 0.6177803 0.88269305 -1.5876724
v 0.6158142 0.9026767 -1.5888832
v 0.61672574 0.88549453 -1.5951878
v 0.61787534 0.90010697 -1.5817432
v 0.6158142 0.9026767 -1.5888832
v 0.6142987 0.88623273 -1.5964388
v 0.61672574 0.88549453 -1.5951878
v 0.6136035 0.9029969 -1.5906444
v 0.61787534 0.90010697 -1.5817432
v 0.61481273 0.904185 -1.5884825
v 0.6158142 0.9026767 -1.5888832
v 0.61684144 0.90199906 -1.5810537
v 0.61481273 0.904185 -1.5884825
v 0.6136035 0.9029969 -1.5906444
v 0.6158142 0.9026767 -1.5888832
v 0.6177803 0.88269305 -1.5876724
v 0.61737573 0.8994698 -1.5797901
v 0.61787534 0.90010697 -1.5817432
v 0.6173624 0.882293 -1.5855222
v 0.61737573 0.8994698 -1.5797901
v 0.61684144 0.90199906 -1.5810537
v 0.61787534 0.90010697 -1.5817432
v 0.61672574 0.88549453 -1.5951878
v 0.61736584 0.88114905 -1.5881577
v 0.6177803 0.88269305 -1.5876724
v 0.6153394 0.8838657 -1.59541
v 0.6142987 0.88623273 -1.5964388
v 0.6153394 0.8838657 -1.59541
v 0.61672574 0.88549453 -1.5951878
v 0.61736584 0.88114905 -1.5881577
v 0.6173624 0.882293 -1.5855222
v 0.6177803 0.88269305 -1.5876724
v 0.6136035 0.9029969 -1.5906444
v 0.6112168 0.88623273 -1.5964388
v 0.6142987 0.88623273 -1.5964388
v 0.61052155 0.9029969 -1.5906444
v 0.61684144 0.90199906 -1.5810537
v 0.61173075 0.904185 -1.5884825
v 0.61481273 0.904185 -1.5884825
v 0.61375946 0.90199906 -1.5810537
v 0.61481273 0.904185 -1.5884825
v 0.61052155 0.9029969 -1.5906444
v 0.6136035 0.9029969 -1.5906444
v 0.61173075 0.904185 -1.5884825
v 0.6173624 0.882293 -1.5855222
v 0.61429375 0.8994698 -1.5797901
v 0.61737573 0.8994698 -1.5797901
v 0.6142804 0.882293 -1.5855222
v 0.61737573 0.8994698 -1.5797901
v 0.61375946 0.90199906 -1.5810537
v 0.61684144 0.90199906 -1.5810537
v 0.61429375 0.8994698 -1.5797901
v 0.6153394 0.8838657 -1.59541
v 0.61428386 0.88114905 -1.5881577
v 0.61736584 0.88114905 -1.5881577
v 0.6122574 0.8838657 -1.59541
v 0.6142987 0.88623273 -1.5964388
v 0.6122574 0.8838657 -1.59541
v 0.6153394 0.8838657 -1.59541
v 0.6112168 0.88623273 -1.5964388
v 0.61736584 0.88114905 -1.5881577
v 0.6142804 0.882293 -1.5855222
v 0.6173624 0.882293 -1.5855222
v 0.61428386 0.88114905 -1.5881577
v 0.36440012 0.9330923 -1.6699009
v 0.357244 0.9207997 -1.6736053
v 0.36753416 0.90489715 -1.6783968
v 0.38495615 0.93302333 -1.6699191
v 0.38161403 0.9048493 -1.6784058
v 0.3920213 0.92068195 -1.6736323
v 0.3920213 0.92068195 -1.6736323
v 0.3849556 0.9325481 -1.668342
v 0.38495615 0.93302333 -1.6699191
v 0.3920213 0.92068195 -1.6736323
v 0.3920205 0.9202069 -1.6720549
v 0.3849556 0.9325481 -1.668342
v 0.38161403 0.9048493 -1.6784058
v 0.3920205 0.9202069 -1.6720549
v 0.3920213 0.92068195 -1.6736323
v 0.38161322 0.9043744 -1.6768286
v 0.36753416 0.90489715 -1.6783968
v 0.38161322 0.9043744 -1.6768286
v 0.38161403 0.9048493 -1.6784058
v 0.36753386 0.9044218 -1.6768197
v 0.357244 0.9207997 -1.6736053
v 0.36753386 0.9044218 -1.6768197
v 0.36753416 0.90489715 -1.6783968
v 0.357244 0.9203244 -1.6720282
v 0.36440012 0.9330923 -1.6699009
v 0.357244 0.9203244 -1.6720282
v 0.357244 0.9207997 -1.6736053
v 0.36440012 0.9330923 -1.6699009
v 0.36440003 0.93261725 -1.668324
v 0.38495615 0.93302333 -1.6699191
v 0.36440003 0.93261725 -1.668324
v 0.36440012 0.9330923 -1.6699009
v 0.3849556 0.9325481 -1.668342
v 0.39989245 0.939624 -1.6699393
v 0.35176265 0.9443848 -1.6683301
v 0.3495082 0.9397943 -1.6698837
v 0.39767244 0.94422865 -1.6683758
v 0.37466705 0.9308322 -1.6729171
v 0.39767244 0.94422865 -1.6683758
v 0.40077925 0.9387491 -1.6681963
v 0.39810875 0.9443802 -1.6665008
v 0.39989245 0.939624 -1.6699393
v 0.39767244 0.94422865 -1.6683758
v 0.3513838 0.94445777 -1.6664726
v 0.35176265 0.9443848 -1.6683301
v 0.39810875 0.9443802 -1.6665008
v 0.35176265 0.9443848 -1.6683301
v 0.34861946 0.9389256 -1.6681406
v 0.3495082 0.9397943 -1.6698837
v 0.3513838 0.94445777 -1.6664726
v 0.3495082 0.9397943 -1.6698837
v 0.374665 0.92944014 -1.670997
v 0.37466705 0.9308322 -1.6729171
v 0.34861946 0.9389256 -1.6681406
v 0.37466705 0.9308322 -1.6729171
v 0.40077925 0.9387491 -1.6681963
v 0.39989245 0.939624 -1.6699393
v 0.374665 0.92944014 -1.670997
v 0.3808979 0.8939281 -1.6835243
v 0.3961615 0.91143596 -1.6782539
v 0.38372996 0.9157481 -1.6769546
v 0.38358155 0.89456016 -1.6833303
v 0.4015903 0.91926175 -1.6758947
v 0.4060153 0.92627513 -1.6737851
v 0.4050164 0.9281386 -1.6732227
v 0.3808979 0.8939281 -1.6835243
v 0.38319874 0.9155711 -1.6751808
v 0.3801323 0.8925983 -1.6821014
v 0.38372996 0.9157481 -1.6769546
v 0.3808979 0.8939281 -1.6835243
v 0.38391486 0.89357173 -1.681806
v 0.38358155 0.89456016 -1.6833303
v 0.3801323 0.8925983 -1.6821014
v 0.3961615 0.91143596 -1.6782539
v 0.38391486 0.89357173 -1.681806
v 0.3978502 0.91233295 -1.676148
v 0.38358155 0.89456016 -1.6833303
v 0.4015903 0.91926175 -1.6758947
v 0.4031559 0.9200944 -1.6738174
v 0.4060153 0.92627513 -1.6737851
v 0.40666056 0.9257588 -1.6721127
v 0.4015903 0.91926175 -1.6758947
v 0.4050164 0.9281386 -1.6732227
v 0.40666056 0.9257588 -1.6721127
v 0.4052426 0.92840344 -1.6713107
v 0.4060153 0.92627513 -1.6737851
v 0.38372996 0.9157481 -1.6769546
v 0.4052426 0.92840344 -1.6713107
v 0.38319874 0.9155711 -1.6751808
v 0.4050164 0.9281386 -1.6732227
v 0.36836547 0.89392805 -1.6835241
v 0.35310194 0.91143596 -1.6782539
v 0.3656818 0.8945601 -1.6833302
v 0.3655333 0.91574794 -1.6769543
v 0.347673 0.91926163 -1.6758947
v 0.34324807 0.9262751 -1.6737847
v 0.34424704 0.92813855 -1.6732223
v 0.36836547 0.89392805 -1.6835241
v 0.3660646 0.9155711 -1.6751808
v 0.3655333 0.91574794 -1.6769543
v 0.369131 0.8925983 -1.6821014
v 0.36836547 0.89392805 -1.6835241
v 0.36534846 0.89357173 -1.681806
v 0.369131 0.8925983 -1.6821014
v 0.3656818 0.8945601 -1.6833302
v 0.35310194 0.91143596 -1.6782539
v 0.36534846 0.89357173 -1.681806
v 0.3656818 0.8945601 -1.6833302
v 0.3514132 0.9123329 -1.6761477
v 0.347673 0.91926163 -1.6758947
v 0.34610748 0.92009413 -1.6738172
v 0.34324807 0.9262751 -1.6737847
v 0.347673 0.91926163 -1.6758947
v 0.34260273 0.9257587 -1.6721126
v 0.34424704 0.92813855 -1.6732223
v 0.34260273 0.9257587 -1.6721126
v 0.34324807 0.9262751 -1.6737847
v 0.34402072 0.92840344 -1.6713107
v 0.3655333 0.91574794 -1.6769543
v 0.34402072 0.92840344 -1.6713107
v 0.34424704 0.92813855 -1.6732223
v 0.3660646 0.9155711 -1.6751808
v 0.3760387 0.88873816 -1.6850909
v 0.3696018 0.918357 -1.6771317
v 0.37298632 0.8887485 -1.6850812
v 0.37963942 0.9183232 -1.6771404
v 0.3746509 0.9264274 -1.6749111
v 0.34056243 0.9346353 -1.6712594
v 0.3433885 0.93788725 -1.6702827
v 0.4059981 0.9376752 -1.6703476
v 0.4087998 0.93440384 -1.6713336
v 0.37963942 0.9183232 -1.6771404
v 0.41003105 0.9335862 -1.6693596
v 0.4087998 0.93440384 -1.6713336
v 0.38052616 0.91703016 -1.6747388
v 0.3760387 0.88873816 -1.6850909
v 0.38052616 0.91703016 -1.6747388
v 0.37963942 0.9183232 -1.6771404
v 0.37675375 0.8873466 -1.6832922
v 0.37298632 0.8887485 -1.6850812
v 0.37675375 0.8873466 -1.6832922
v 0.3760387 0.88873816 -1.6850909
v 0.37226513 0.8873612 -1.6832829
v 0.3696018 0.918357 -1.6771317
v 0.37226513 0.8873612 -1.6832829
v 0.37298632 0.8887485 -1.6850812
v 0.3687109 0.9170697 -1.6747297
v 0.34056243 0.9346353 -1.6712594
v 0.3687109 0.9170697 -1.6747297
v 0.3696018 0.918357 -1.6771317
v 0.3393312 0.9338258 -1.6692859
v 0.3433885 0.93788725 -1.6702827
v 0.3393312 0.9338258 -1.6692859
v 0.34056243 0.9346353 -1.6712594
v 0.3433885 0.93788725 -1.6702827
v 0.34313494 0.938202 -1.6679682
v 0.3746509 0.9264274 -1.6749111
v 0.3743755 0.9266303 -1.6717547
v 0.3433885 0.93788725 -1.6702827
v 0.4059981 0.9376752 -1.6703476
v 0.3743755 0.9266303 -1.6717547
v 0.3746509 0.9264274 -1.6749111
v 0.40617234 0.9376933 -1.6671298
v 0.4087998 0.93440384 -1.6713336
v 0.40617234 0.9376933 -1.6671298
v 0.4059981 0.9376752 -1.6703476
v 0.41003105 0.9335862 -1.6693596
v 0.40617234 0.9376933 -1.6671298
v 0.3433885 0.93788725 -1.6702827
v 0.3743755 0.9266303 -1.6717547
v 0.34313494 0.938202 -1.6679682
v -0.09875609 0.96761054 -1.465389
v -0.095047176 0.8849982 -1.5295917
v -0.09568304 0.95510983 -1.4752587
v -0.09911195 0.8729949 -1.5386403
v -0.0922543 0.88092995 -1.5329764
v -0.093683586 0.9577602 -1.4733735
v -0.0887358 0.9597825 -1.4721545
v -0.08334519 0.9591773 -1.4730014
v -0.0888128 0.88006216 -1.5338899
v -0.083185546 0.8810262 -1.5333871
v -0.09438642 0.86934066 -1.5416387
v -0.098046474 0.86947566 -1.5408473
v -0.09701034 0.96933025 -1.464142
v -0.09438549 0.9700026 -1.4636728
v -0.058454018 0.9474609 -1.4837761
v -0.06360049 0.9660103 -1.4672252
v -0.04629101 0.95862263 -1.4737843
v -0.06395382 0.96759677 -1.4658194
v -0.06449294 0.9700177 -1.4636744
v -0.06284972 0.96645355 -1.4668291
v -0.04629101 0.95862263 -1.4737843
v -0.0458371 0.95918727 -1.4721875
v -0.05868606 0.8930678 -1.5258987
v -0.05337555 0.944362 -1.486186
v -0.05264576 0.8964267 -1.5233138
v -0.048500102 0.89476097 -1.5246038
v -0.051518477 0.9463747 -1.484627
v -0.06080843 0.8693385 -1.5416565
v 0.048500042 0.89476097 -1.5246038
v 0.058686 0.8930678 -1.5258987
v 0.052645702 0.8964267 -1.5233138
v 0.06080837 0.8693385 -1.5416565
v 0.053375486 0.944362 -1.486186
v 0.058453955 0.9474609 -1.4837761
v 0.051518414 0.9463747 -1.484627
v 0.046290945 0.95862263 -1.4737843
v 0.06360043 0.9660103 -1.4672252
v 0.09438542 0.9700026 -1.4636728
v 0.08334512 0.9591773 -1.4730014
v 0.06395376 0.96759677 -1.4658194
v 0.064492874 0.9700177 -1.4636744
v 0.062849656 0.96645355 -1.4668291
v 0.045837037 0.95918727 -1.4721875
v -0.0458371 0.95918727 -1.4721875
v 0.046290945 0.95862263 -1.4737843
v 0.045837037 0.95918727 -1.4721875
v 0.09701027 0.96933025 -1.464142
v 0.09875602 0.96761054 -1.465389
v 0.08873573 0.9597825 -1.4721545
v 0.09368352 0.9577602 -1.4733735
v 0.09568297 0.95510983 -1.4752587
v 0.09504711 0.8849982 -1.5295917
v 0.09911189 0.8729949 -1.5386403
v 0.09225424 0.88092995 -1.5329764
v 0.08881273 0.88006216 -1.5338899
v 0.08318548 0.8810262 -1.5333871
v 0.094386354 0.86934066 -1.5416387
v 0.09804641 0.86947566 -1.5408473
v -0.051518477 0.9463747 -1.484627
v -0.052635178 0.9425165 -1.4864254
v -0.05092952 0.9451618 -1.4843771
v -0.05337555 0.944362 -1.486186
v -0.051845685 0.8963235 -1.5222055
v -0.05264576 0.8964267 -1.5233138
v -0.048500083 0.8949748 -1.5232496
v -0.048500102 0.89476097 -1.5246038
v 0.051518414 0.9463747 -1.484627
v 0.05092946 0.9451618 -1.4843771
v 0.052635115 0.9425165 -1.4864254
v 0.053375486 0.944362 -1.486186
v 0.05184562 0.8963235 -1.5222055
v 0.052645702 0.8964267 -1.5233138
v 0.04850002 0.8949748 -1.5232496
v 0.048500042 0.89476097 -1.5246038
v -0.05092952 0.9451618 -1.4843771
v -0.0518788 0.93955016 -1.4803101
v -0.04989956 0.94111496 -1.4790982
v -0.052635178 0.9425165 -1.4864254
v -0.052157238 0.8918657 -1.515459
v -0.051845685 0.8963235 -1.5222055
v 0.049899496 0.94111496 -1.4790982
v 0.05092946 0.9451618 -1.4843771
v 0.051878735 0.93955016 -1.4803101
v 0.052635115 0.9425165 -1.4864254
v 0.05215718 0.8918657 -1.515459
v 0.05184562 0.8963235 -1.5222055
v -0.050219476 0.89127976 -1.5176985
v -0.052157238 0.8918657 -1.515459
v -0.048500083 0.8949748 -1.5232496
v 0.04850002 0.8949748 -1.5232496
v 0.050219417 0.89127976 -1.5176985
v 0.05215718 0.8918657 -1.515459
v -0.09875609 0.96761054 -1.465389
v -0.09748708 0.96939147 -1.4632385
v -0.099546 0.9673332 -1.4647418
v -0.09701034 0.96933025 -1.464142
v -0.0945182 0.970184 -1.4626604
v -0.09438549 0.9700026 -1.4636728
v -0.09911195 0.8729949 -1.5386403
v -0.09998994 0.872409 -1.5382375
v -0.098046474 0.86947566 -1.5408473
v -0.098555975 0.8685835 -1.5407654
v -0.09438642 0.86934066 -1.5416387
v -0.09446381 0.86817294 -1.5417483
v -0.06472897 0.9702015 -1.4626553
v -0.06449294 0.9700177 -1.4636744
v -0.061036322 0.8681524 -1.5417467
v -0.06080843 0.8693385 -1.5416565
v 0.06080837 0.8693385 -1.5416565
v 0.061036263 0.8681524 -1.5417467
v 0.064492874 0.9700177 -1.4636744
v 0.0647289 0.9702015 -1.4626553
v 0.09438542 0.9700026 -1.4636728
v 0.09451813 0.970184 -1.4626604
v 0.09701027 0.96933025 -1.464142
v 0.09748701 0.96939147 -1.4632385
v 0.09875602 0.96761054 -1.465389
v 0.09954593 0.9673332 -1.4647418
v 0.09911189 0.8729949 -1.5386403
v 0.099989876 0.872409 -1.5382375
v 0.09804641 0.86947566 -1.5408473
v 0.09855591 0.8685835 -1.5407654
v 0.094386354 0.86934066 -1.5416387
v 0.09446374 0.86817294 -1.5417483
v -0.099546 0.9673332 -1.4647418
v -0.09748708 0.9653494 -1.4584669
v -0.099546 0.96329117 -1.4599702
v -0.09748708 0.96939147 -1.4632385
v -0.0945182 0.96614194 -1.457889
v -0.0945182 0.970184 -1.4626604
v -0.09998994 0.872409 -1.5382375
v -0.09998994 0.8683669 -1.5334659
v -0.098555975 0.8685835 -1.5407654
v -0.098555975 0.8645415 -1.5359938
v -0.09446381 0.86817294 -1.5417483
v -0.09446381 0.8641309 -1.5369767
v -0.06319301 0.96616024 -1.4578835
v -0.06472897 0.9702015 -1.4626553
v -0.060081746 0.8641097 -1.536975
v -0.061036322 0.8681524 -1.5417467
v 0.060081687 0.8641097 -1.536975
v 0.061036263 0.8681524 -1.5417467
v 0.0647289 0.9702015 -1.4626553
v 0.06319295 0.96616024 -1.4578835
v 0.09451813 0.970184 -1.4626604
v 0.09451813 0.96614194 -1.457889
v 0.09748701 0.96939147 -1.4632385
v 0.09748701 0.9653494 -1.4584669
v 0.09954593 0.9673332 -1.4647418
v 0.09954593 0.96329117 -1.4599702
v 0.099989876 0.872409 -1.5382375
v 0.099989876 0.8683669 -1.5334659
v 0.09855591 0.8685835 -1.5407654
v 0.09855591 0.8645415 -1.5359938
v 0.09446374 0.86817294 -1.5417483
v 0.09446374 0.8641309 -1.5369767
v -0.059176814 0.8912757 -1.5232142
v -0.058953255 0.945321 -1.4813609
v -0.0829346 0.95696247 -1.4706552
v -0.0827808 0.87931114 -1.5306549
v -0.08820235 0.8783532 -1.5311544
v -0.08812817 0.9575638 -1.4698137
v -0.092895105 0.9555545 -1.4710249
v -0.09151807 0.8792155 -1.5302467
v -0.09420885 0.88325775 -1.5268837
v -0.09482147 0.95292103 -1.4728981
v -0.058454018 0.9474609 -1.4837761
v -0.0830744 0.958467 -1.4725997
v -0.059093043 0.94682556 -1.4833055
v -0.08334519 0.9591773 -1.4730014
v -0.08826796 0.95906836 -1.4717582
v -0.0887358 0.9597825 -1.4721545
v -0.09303489 0.957059 -1.4729695
v -0.093683586 0.9577602 -1.4733735
v -0.09496126 0.9544256 -1.4748427
v -0.09568304 0.95510983 -1.4752587
v -0.09434864 0.8847622 -1.5288283
v -0.095047176 0.8849982 -1.5295917
v -0.091657855 0.88071996 -1.5321913
v -0.0922543 0.88092995 -1.5329764
v -0.08834214 0.8798577 -1.533099
v -0.0888128 0.88006216 -1.5338899
v -0.08292059 0.8808156 -1.5325994
v -0.083185546 0.8810262 -1.5333871
v -0.059316605 0.8927802 -1.5251588
v -0.05868606 0.8930678 -1.5258987
v -0.059093043 0.94682556 -1.4833055
v -0.0829346 0.95696247 -1.4706552
v -0.058953255 0.945321 -1.4813609
v -0.0830744 0.958467 -1.4725997
v -0.08812817 0.9575638 -1.4698137
v -0.08826796 0.95906836 -1.4717582
v -0.092895105 0.9555545 -1.4710249
v -0.09303489 0.957059 -1.4729695
v -0.09482147 0.95292103 -1.4728981
v -0.09496126 0.9544256 -1.4748427
v -0.09420885 0.88325775 -1.5268837
v -0.09482147 0.95292103 -1.4728981
v -0.09434864 0.8847622 -1.5288283
v -0.09151807 0.8792155 -1.5302467
v -0.09420885 0.88325775 -1.5268837
v -0.091657855 0.88071996 -1.5321913
v -0.08820235 0.8783532 -1.5311544
v -0.08834214 0.8798577 -1.533099
v -0.0827808 0.87931114 -1.5306549
v -0.08292059 0.8808156 -1.5325994
v -0.059176814 0.8912757 -1.5232142
v -0.059316605 0.8927802 -1.5251588
v -0.058953255 0.945321 -1.4813609
v -0.059176814 0.8912757 -1.5232142
v 0.094208784 0.88325775 -1.5268837
v 0.0948214 0.95292103 -1.4728981
v 0.09289504 0.9555545 -1.4710249
v 0.091518 0.8792155 -1.5302467
v 0.088128105 0.9575638 -1.4698137
v 0.08820228 0.8783532 -1.5311544
v 0.08278073 0.87931114 -1.5306549
v 0.08293454 0.95696247 -1.4706552
v 0.058953192 0.945321 -1.4813609
v 0.059176754 0.8912757 -1.5232142
v 0.058453955 0.9474609 -1.4837761
v 0.08307433 0.958467 -1.4725997
v 0.08334512 0.9591773 -1.4730014
v 0.059092984 0.94682556 -1.4833055
v 0.0882679 0.95906836 -1.4717582
v 0.08873573 0.9597825 -1.4721545
v 0.093034826 0.957059 -1.4729695
v 0.09368352 0.9577602 -1.4733735
v 0.094961196 0.9544256 -1.4748427
v 0.09568297 0.95510983 -1.4752587
v 0.09434857 0.8847622 -1.5288283
v 0.09504711 0.8849982 -1.5295917
v 0.09165779 0.88071996 -1.5321913
v 0.09225424 0.88092995 -1.5329764
v 0.08834207 0.8798577 -1.533099
v 0.08881273 0.88006216 -1.5338899
v 0.08292052 0.8808156 -1.5325994
v 0.08318548 0.8810262 -1.5333871
v 0.059316542 0.8927802 -1.5251588
v 0.058686 0.8930678 -1.5258987
v 0.059092984 0.94682556 -1.4833055
v 0.08293454 0.95696247 -1.4706552
v 0.08307433 0.958467 -1.4725997
v 0.058953192 0.945321 -1.4813609
v 0.088128105 0.9575638 -1.4698137
v 0.0882679 0.95906836 -1.4717582
v 0.09289504 0.9555545 -1.4710249
v 0.093034826 0.957059 -1.4729695
v 0.0948214 0.95292103 -1.4728981
v 0.094961196 0.9544256 -1.4748427
v 0.094208784 0.88325775 -1.5268837
v 0.09434857 0.8847622 -1.5288283
v 0.0948214 0.95292103 -1.4728981
v 0.091518 0.8792155 -1.5302467
v 0.09165779 0.88071996 -1.5321913
v 0.094208784 0.88325775 -1.5268837
v 0.08820228 0.8783532 -1.5311544
v 0.08834207 0.8798577 -1.533099
v 0.08278073 0.87931114 -1.5306549
v 0.08292052 0.8808156 -1.5325994
v 0.059176754 0.8912757 -1.5232142
v 0.059316542 0.8927802 -1.5251588
v 0.058953192 0.945321 -1.4813609
v 0.059176754 0.8912757 -1.5232142
v 0.049899496 0.94111496 -1.4790982
v 0.05215718 0.8918657 -1.515459
v 0.051878735 0.93955016 -1.4803101
v 0.050219417 0.89127976 -1.5176985
v 0.05215718 0.8918657 -1.515459
v 0.050219417 0.89127976 -1.5176985
v -0.04989956 0.94111496 -1.4790982
v -0.050219476 0.89127976 -1.5176985
v 0.049899496 0.94111496 -1.4790982
v -0.052157238 0.8918657 -1.515459
v -0.04989956 0.94111496 -1.4790982
v -0.0518788 0.93955016 -1.4803101
v -0.052157238 0.8918657 -1.515459
v -0.050219476 0.89127976 -1.5176985
v 0.3615918 0.91213965 -1.4501188
v 0.31084296 0.930483 -1.4449861
v 0.35201666 0.8965698 -1.4546238
v 0.33747542 0.8850904 -1.4579666
v 0.31972188 0.8790861 -1.4597435
v 0.30089742 0.8792809 -1.4597405
v 0.28327253 0.88565147 -1.4579579
v 0.26897305 0.8974294 -1.4546107
v 0.25972372 0.9131941 -1.4501027
v 0.2566401 0.93104404 -1.4449774
v 0.26009414 0.9488264 -1.4398532
v 0.26966926 0.9643962 -1.4353482
v 0.28421053 0.9758756 -1.4320055
v 0.30196407 0.98188 -1.4302286
v 0.32078853 0.98168516 -1.4302315
v 0.33841342 0.97531456 -1.4320141
v 0.3527129 0.96353656 -1.4353613
v 0.36196223 0.9477719 -1.4398694
v 0.36504585 0.9299219 -1.4449946
v 0.49060905 0.9108041 -1.4501393
v 0.43986022 0.9291475 -1.4450065
v 0.48103392 0.8952343 -1.4546443
v 0.46649268 0.88375485 -1.4579871
v 0.4487391 0.8777505 -1.4597639
v 0.42991465 0.87794536 -1.459761
v 0.4122898 0.8843159 -1.4579784
v 0.3979903 0.8960939 -1.4546312
v 0.38874096 0.91185856 -1.4501231
v 0.38565734 0.92970854 -1.4449978
v 0.3891114 0.9474908 -1.4398736
v 0.39868653 0.9630607 -1.4353687
v 0.4132278 0.97454005 -1.432026
v 0.4309813 0.9805444 -1.430249
v 0.4498058 0.98034954 -1.4302518
v 0.46743068 0.973979 -1.4320346
v 0.48173013 0.96220106 -1.4353818
v 0.4909795 0.94643635 -1.4398898
v 0.4940631 0.9285864 -1.4450151
v 0.6083321 0.906128 -1.5919267
v 0.5523342 0.8994427 -1.5828506
v 0.60218126 0.9031827 -1.5958875
v 0.55612266 0.90219665 -1.5786794
v 0.49296415 0.891715 -1.5673233
v 0.493939 0.8934632 -1.5629013
v 0.5523342 0.8994427 -1.5828506
v 0.60130024 0.8873326 -1.601166
v 0.60218126 0.9031827 -1.5958875
v 0.5511978 0.88462853 -1.5877055
v 0.6037843 0.8882327 -1.6013838
v 0.60379493 0.90239596 -1.5966575
v 0.49296415 0.891715 -1.5673233
v 0.4928046 0.8804347 -1.571758
v 0.55672723 0.87829953 -1.5854876
v 0.60130024 0.8873326 -1.601166
v 0.5511978 0.88462853 -1.5877055
v 0.6097053 0.88346523 -1.5998782
v 0.4928046 0.8804347 -1.571758
v 0.49362808 0.8748458 -1.5683477
v 0.6083321 0.906128 -1.5919267
v 0.560152 0.8985838 -1.5671759
v 0.55612266 0.90219665 -1.5786794
v 0.6138413 0.9022529 -1.5777029
v 0.493939 0.8934632 -1.5629013
v 0.4962058 0.8911829 -1.5546377
v 0.6155047 0.90029883 -1.5782782
v 0.6157107 0.8792764 -1.5844668
v 0.6140826 0.8776242 -1.5849533
v 0.6138413 0.9022529 -1.5777029
v 0.56037456 0.873512 -1.5735267
v 0.560152 0.8985838 -1.5671759
v 0.4962058 0.8911829 -1.5546377
v 0.49640605 0.8726652 -1.5599172
v 0.55672723 0.87829953 -1.5854876
v 0.6140826 0.8776242 -1.5849533
v 0.6097053 0.88346523 -1.5998782
v 0.56037456 0.873512 -1.5735267
v 0.49362808 0.8748458 -1.5683477
v 0.49640605 0.8726652 -1.5599172
v 0.493939 0.8934632 -1.5629013
v 0.49204868 0.8906404 -1.5663043
v 0.49296415 0.891715 -1.5673233
v 0.49284315 0.8918825 -1.5628685
v 0.4962058 0.8911829 -1.5546377
v 0.4962058 0.8911829 -1.5546377
v 0.4947602 0.89060193 -1.5556636
v 0.49296415 0.891715 -1.5673233
v 0.49187773 0.8805829 -1.5703152
v 0.4928046 0.8804347 -1.571758
v 0.49204868 0.8906404 -1.5663043
v 0.49248818 0.8761065 -1.5674505
v 0.49362808 0.8748458 -1.5683477
v 0.49492773 0.8737028 -1.5605026
v 0.49640605 0.8726652 -1.5599172
v 0.4947602 0.89060193 -1.5556636
v 0.4962058 0.8911829 -1.5546377
v 0.49284315 0.8918825 -1.5628685
v 0.47841838 0.8888641 -1.5625846
v 0.49204868 0.8906404 -1.5663043
v 0.4791117 0.889948 -1.5595863
v 0.49204868 0.8906404 -1.5663043
v 0.47826922 0.88008714 -1.566085
v 0.49187773 0.8805829 -1.5703152
v 0.47841838 0.8888641 -1.5625846
v 0.49187773 0.8805829 -1.5703152
v 0.4788019 0.8761805 -1.563585
v 0.49248818 0.8761065 -1.5674505
v 0.47826922 0.88008714 -1.566085
v 0.4947602 0.89060193 -1.5556636
v 0.4791117 0.889948 -1.5595863
v 0.49284315 0.8918825 -1.5628685
v 0.48078468 0.88883054 -1.5532987
v 0.49492773 0.8737028 -1.5605026
v 0.48078468 0.88883054 -1.5532987
v 0.4947602 0.89060193 -1.5556636
v 0.4809309 0.8740829 -1.5575216
v 0.49248818 0.8761065 -1.5674505
v 0.4809309 0.8740829 -1.5575216
v 0.49492773 0.8737028 -1.5605026
v 0.4788019 0.8761805 -1.563585
v 0.60218126 0.9031827 -1.5958875
v 0.6100851 0.9043326 -1.5925566
v 0.6083321 0.906128 -1.5919267
v 0.60379493 0.90239596 -1.5966575
v 0.6112658 0.8848486 -1.5993928
v 0.60379493 0.90239596 -1.5966575
v 0.6037843 0.8882327 -1.6013838
v 0.6112658 0.8848486 -1.5993928
v 0.6100851 0.9043326 -1.5925566
v 0.60130024 0.8873326 -1.601166
v 0.6112658 0.8848486 -1.5993928
v 0.6037843 0.8882327 -1.6013838
v 0.6097053 0.88346523 -1.5998782
v 0.6157107 0.8792764 -1.5844668
v 0.6097053 0.88346523 -1.5998782
v 0.6140826 0.8776242 -1.5849533
v 0.6112658 0.8848486 -1.5993928
v 0.6138413 0.9022529 -1.5777029
v 0.6100851 0.9043326 -1.5925566
v 0.6155047 0.90029883 -1.5782782
v 0.6083321 0.906128 -1.5919267
v 0.6155047 0.90029883 -1.5782782
v 0.6112658 0.8848486 -1.5993928
v 0.6157107 0.8792764 -1.5844668
v 0.6100851 0.9043326 -1.5925566
v 0.6112658 0.8848486 -1.5993928
v 0.2075804 0.8769952 -1.6985513
v 0.22767718 0.83075804 -1.7253977
v 0.20191963 0.8786602 -1.7092454
v 0.23249252 0.8306654 -1.7141734
v 0.26779553 0.79274255 -1.7382158
v 0.2712941 0.79389787 -1.726571
v 0.31834754 0.76833516 -1.7464459
v 0.32018682 0.7702915 -1.7345309
v 0.24961486 0.8429043 -1.711536
v 0.2837342 0.81057364 -1.7224375
v 0.32672697 0.7898159 -1.7294369
v 0.2315749 0.87889653 -1.6985315
v 0.2012716 0.9026738 -1.6898929
v 0.19546516 0.9052102 -1.7002932
v 0.19899638 0.9283524 -1.6812344
v 0.19304432 0.93176013 -1.6913409
v 0.20758052 0.9797094 -1.6639173
v 0.20191978 0.98486006 -1.6734359
v 0.21905029 0.9385327 -1.6721342
v 0.2315749 0.87889653 -1.6985315
v 0.22364722 0.94966197 -1.6755385
v 0.23602687 0.98550105 -1.6673445
v 0.2182573 1.0045921 -1.6557891
v 0.21303642 1.0105609 -1.665032
v 0.23249263 1.0260392 -1.6482954
v 0.2276773 1.0327622 -1.657284
v 0.26799437 0.99686354 -1.6536076
v 0.25265983 0.9914131 -1.6601971
v 0.2507772 1.0472043 -1.6419457
v 0.24663627 1.0545661 -1.6507187
v 0.27129412 1.062807 -1.6358978
v 0.2677956 1.0707775 -1.6444653
v 0.32018688 1.0864131 -1.6279378
v 0.31834757 1.0951849 -1.6362356
v 0.37487593 1.0945473 -1.6251953
v 0.37487593 1.103595 -1.6333997
v 0.37487593 1.0711691 -1.6332949
v 0.32672703 1.0640166 -1.6357065
v 0.28743756 1.0453976 -1.6427059
v 0.27795246 1.0217209 -1.6480242
v 0.43165195 1.0951849 -1.6362356
v 0.42981264 1.0864131 -1.6279378
v 0.48220393 1.0707775 -1.6444653
v 0.4787054 1.062807 -1.6358978
v 0.50336325 1.0545661 -1.6507187
v 0.49922234 1.0472043 -1.6419457
v 0.4232725 1.0640166 -1.6357065
v 0.46256196 1.0453976 -1.6427059
v 0.47204706 1.0217209 -1.6480242
v 0.52232224 1.0327622 -1.657284
v 0.5175069 1.0260392 -1.6482954
v 0.5369631 1.0105609 -1.665032
v 0.5317422 1.0045921 -1.6557891
v 0.48200515 0.99686354 -1.6536076
v 0.4973397 0.9914131 -1.6601971
v 0.5480797 0.98486006 -1.6734359
v 0.542419 0.9797094 -1.6639173
v 0.5569552 0.93176013 -1.6913409
v 0.55100316 0.9283524 -1.6812344
v 0.5545344 0.9052102 -1.7002932
v 0.5487279 0.9026738 -1.6898929
v 0.53094923 0.9385327 -1.6721342
v 0.51842463 0.87889653 -1.6985315
v 0.5263523 0.94966197 -1.6755385
v 0.51397264 0.98550105 -1.6673445
v 0.5480799 0.8786602 -1.7092454
v 0.54241914 0.8769952 -1.6985513
v 0.52232236 0.83075804 -1.7253977
v 0.517507 0.8306654 -1.7141734
v 0.48220402 0.79274255 -1.7382158
v 0.47870544 0.79389787 -1.726571
v 0.43165198 0.76833516 -1.7464459
v 0.4298127 0.7702915 -1.7345309
v 0.5003847 0.8429043 -1.711536
v 0.46626532 0.81057364 -1.7224375
v 0.42327255 0.7898159 -1.7294369
v 0.51842463 0.87889653 -1.6985315
v 0.40501982 0.76657057 -1.7357856
v 0.4008637 0.76371443 -1.748004
v 0.41405502 0.78843254 -1.7299033
v 0.39663172 0.7750746 -1.7267208
v 0.404928 0.79692256 -1.7268614
v 0.39915106 0.7842588 -1.7178864
v 0.41719863 0.8517056 -1.6538364
v 0.37487593 0.75992507 -1.7492818
v 0.37487593 0.7621573 -1.7372737
v 0.3449797 0.76657057 -1.7357856
v 0.34913582 0.76371443 -1.748004
v 0.3359445 0.78843254 -1.7299033
v 0.3533678 0.7750746 -1.7267208
v 0.34507152 0.79692256 -1.7268614
v 0.35084847 0.7842588 -1.7178864
v 0.3328009 0.8517056 -1.6538364
v 0.41867924 0.85356146 -1.6528393
v 0.3313203 0.85356146 -1.6528393
v 0.2276773 1.0327622 -1.657284
v 0.2182573 1.0120662 -1.677955
v 0.23249263 1.0335133 -1.670461
v 0.21303642 1.0105609 -1.665032
v 0.23756965 1.0048621 -1.6816212
v 0.25131407 1.0181935 -1.6746068
v 0.2507772 1.0546783 -1.6641116
v 0.26593047 1.0402194 -1.6686635
v 0.27129412 1.070281 -1.6580637
v 0.2677956 1.0707775 -1.6444653
v 0.24663627 1.0545661 -1.6507187
v 0.31834757 1.0951849 -1.6362356
v 0.32018688 1.0938872 -1.6501037
v 0.37487593 1.103595 -1.6333997
v 0.37487593 1.1020213 -1.6473612
v 0.32365417 1.0821614 -1.6555516
v 0.37487593 1.0897752 -1.6529844
v 0.27985266 1.0611992 -1.6630025
v 0.32672703 1.0705887 -1.6551977
v 0.37487593 1.0777415 -1.652786
v 0.32672703 1.0640166 -1.6357065
v 0.28743756 1.0453976 -1.6427059
v 0.28743756 1.0519698 -1.6621971
v 0.27795246 1.0217209 -1.6480242
v 0.27795246 1.028293 -1.6675153
v 0.37487593 1.0711691 -1.6332949
v 0.26799437 0.99686354 -1.6536076
v 0.26799437 1.0034357 -1.6730986
v 0.25265983 0.9914131 -1.6601971
v 0.25265983 0.9979853 -1.6796881
v 0.23602687 0.98550105 -1.6673445
v 0.23602687 0.99207336 -1.6868354
v 0.22364722 0.94966197 -1.6755385
v 0.22266151 0.9904018 -1.6892292
v 0.20758052 0.9871835 -1.6860832
v 0.21021682 0.9362134 -1.7054385
v 0.19899638 0.9358264 -1.7034003
v 0.20191978 0.98486006 -1.6734359
v 0.19304432 0.93176013 -1.6913409
v 0.2012716 0.91014785 -1.7120587
v 0.19546516 0.9052102 -1.7002932
v 0.21317825 0.912826 -1.7133244
v 0.21825168 0.8881419 -1.7216477
v 0.2075804 0.88446933 -1.7207173
v 0.24157004 0.84477586 -1.7362703
v 0.23249252 0.8381394 -1.7363392
v 0.20191963 0.8786602 -1.7092454
v 0.22767718 0.83075804 -1.7253977
v 0.2712941 0.8013719 -1.7487369
v 0.26779553 0.79274255 -1.7382158
v 0.32018682 0.7777656 -1.7566967
v 0.31834754 0.76833516 -1.7464459
v 0.35162842 0.77304673 -1.7582879
v 0.34913582 0.76371443 -1.748004
v 0.27788928 0.8103605 -1.7478749
v 0.32365417 0.7882644 -1.7553254
v 0.22373043 0.9140187 -1.7092642
v 0.22016075 0.9353755 -1.7020628
v 0.22796397 0.9133263 -1.7042776
v 0.228886 0.93733406 -1.6934534
v 0.23670246 0.9327209 -1.6942992
v 0.23436122 0.91286033 -1.703487
v 0.2413887 0.9310655 -1.6942728
v 0.24892448 0.9177369 -1.6985259
v 0.2484248 0.90920776 -1.6991754
v 0.3102073 0.9025649 -1.6814419
v 0.31059474 0.89400125 -1.6816665
v 0.24669124 0.9048534 -1.6993213
v 0.31031725 0.88754684 -1.6796243
v 0.24443546 0.89373463 -1.6949447
v 0.31584632 0.86635756 -1.6577095
v 0.31208622 0.8872959 -1.6802871
v 0.3184555 0.86408055 -1.6556741
v 0.3518136 0.8600484 -1.6890635
v 0.33104822 0.85651886 -1.6604056
v 0.3539771 0.8568773 -1.6917386
v 0.3328027 0.852944 -1.662084
v 0.35798958 0.79117393 -1.7475088
v 0.34670684 0.79692006 -1.7314733
v 0.35896704 0.85682243 -1.6923884
v 0.36296615 0.7883978 -1.753162
v 0.35662422 0.8617152 -1.6893524
v 0.3135165 0.89267755 -1.6807181
v 0.31890672 0.89782727 -1.6806129
v 0.36206812 0.8667447 -1.6880581
v 0.36729652 0.86010957 -1.6928368
v 0.37191585 0.7877844 -1.7533273
v 0.32169044 0.9144613 -1.670663
v 0.24899681 0.9234569 -1.6958667
v 0.33007246 0.9039598 -1.6727684
v 0.31998456 0.92183065 -1.6663455
v 0.35687122 0.8726418 -1.6844039
v 0.37487593 0.86901855 -1.6851516
v 0.37487593 0.78775305 -1.7533331
v 0.2403271 0.93500334 -1.6917294
v 0.31539023 0.92633724 -1.6644905
v 0.31694332 0.92802197 -1.6632143
v 0.30668747 0.9313478 -1.6350199
v 0.30985594 0.93238235 -1.6349434
v 0.23785286 0.9405519 -1.6804106
v 0.22870098 0.948072 -1.6819534
v 0.3422544 0.9628158 -1.6221025
v 0.34381515 0.96400005 -1.6515646
v 0.34461856 0.964161 -1.6232835
v 0.34671935 0.96548444 -1.651205
v 0.37487593 0.9656172 -1.6225578
v 0.37487593 0.96595716 -1.6518245
v 0.37487593 0.9632258 -1.6537417
v 0.34668615 0.96224606 -1.6540691
v 0.40328017 0.96548444 -1.651205
v 0.40538096 0.964161 -1.6232835
v 0.40618438 0.96400005 -1.6515646
v 0.40774512 0.9628158 -1.6221025
v 0.4330562 0.92802197 -1.6632143
v 0.4401436 0.93238235 -1.6349434
v 0.44331205 0.9313478 -1.6350199
v 0.4346093 0.92633724 -1.6644905
v 0.43001497 0.92183065 -1.6663455
v 0.5096724 0.93500334 -1.6917294
v 0.50861084 0.9310655 -1.6942728
v 0.42830908 0.9144613 -1.670663
v 0.5010027 0.9234569 -1.6958667
v 0.43979222 0.9025649 -1.6814419
v 0.501075 0.9177369 -1.6985259
v 0.50157475 0.90920776 -1.6991754
v 0.4394048 0.89400125 -1.6816665
v 0.5033083 0.9048534 -1.6993213
v 0.43968228 0.88754684 -1.6796243
v 0.5055641 0.89373463 -1.6949447
v 0.4341532 0.86635756 -1.6577095
v 0.4379133 0.8872959 -1.6802871
v 0.43648303 0.89267755 -1.6807181
v 0.3933753 0.8617152 -1.6893524
v 0.3981859 0.8600484 -1.6890635
v 0.43154404 0.86408055 -1.6556741
v 0.4189513 0.85651886 -1.6604056
v 0.3960224 0.8568773 -1.6917386
v 0.4171968 0.852944 -1.662084
v 0.39200994 0.79117393 -1.7475088
v 0.4341532 0.86635756 -1.6577095
v 0.3910325 0.85682243 -1.6923884
v 0.39200994 0.79117393 -1.7475088
v 0.38703337 0.7883978 -1.753162
v 0.4310928 0.89782727 -1.6806129
v 0.3879314 0.8667447 -1.6880581
v 0.382703 0.86010957 -1.6928368
v 0.37808368 0.7877844 -1.7533273
v 0.41992706 0.9039598 -1.6727684
v 0.3931283 0.8726418 -1.6844039
v 0.40331337 0.96224606 -1.6540691
v 0.37487593 0.7794334 -1.7553897
v 0.354921 0.78120065 -1.7548814
v 0.3539671 0.7922998 -1.7503064
v 0.32672697 0.796388 -1.7489281
v 0.34075442 0.7925481 -1.7391491
v 0.3359445 0.78843254 -1.7299033
v 0.34670684 0.79692006 -1.7314733
v 0.32672697 0.7898159 -1.7294369
v 0.2837342 0.81714576 -1.7419287
v 0.2837342 0.81057364 -1.7224375
v 0.24961486 0.8494765 -1.731027
v 0.24961486 0.8429043 -1.711536
v 0.22770897 0.89021575 -1.7172903
v 0.2315749 0.87889653 -1.6985315
v 0.23177417 0.9085708 -1.7039615
v 0.23406929 0.8860807 -1.7032319
v 0.2344759 0.8925614 -1.6837946
v 0.24443546 0.89373463 -1.6949447
v 0.23177417 0.9085708 -1.7039615
v 0.31727707 0.8640348 -1.6503255
v 0.2344759 0.8925614 -1.6837946
v 0.3189274 0.8631535 -1.6501704
v 0.3313203 0.85356146 -1.6528393
v 0.3328009 0.8517056 -1.6538364
v 0.34507152 0.79692256 -1.7268614
v 0.34670684 0.79692006 -1.7314733
v 0.3359445 0.78843254 -1.7299033
v 0.37487593 0.7696314 -1.7594395
v 0.37487593 0.75992507 -1.7492818
v 0.3950785 0.78120065 -1.7548814
v 0.39837113 0.77304673 -1.7582879
v 0.4298127 0.7777656 -1.7566967
v 0.43165198 0.76833516 -1.7464459
v 0.4008637 0.76371443 -1.748004
v 0.48220402 0.79274255 -1.7382158
v 0.47870544 0.8013719 -1.7487369
v 0.52232236 0.83075804 -1.7253977
v 0.517507 0.8381394 -1.7363392
v 0.5480799 0.8786602 -1.7092454
v 0.54241914 0.88446933 -1.7207173
v 0.50842947 0.84477586 -1.7362703
v 0.5317478 0.8881419 -1.7216477
v 0.47211024 0.8103605 -1.7478749
v 0.42634535 0.7882644 -1.7553254
v 0.5487279 0.91014785 -1.7120587
v 0.5368213 0.912826 -1.7133244
v 0.55100316 0.9358264 -1.7034003
v 0.5569552 0.93176013 -1.6913409
v 0.5545344 0.9052102 -1.7002932
v 0.5480797 0.98486006 -1.6734359
v 0.542419 0.9871835 -1.6860832
v 0.5397827 0.9362134 -1.7054385
v 0.527338 0.9904018 -1.6892292
v 0.5317422 1.0120662 -1.677955
v 0.5124299 1.0048621 -1.6816212
v 0.5175069 1.0335133 -1.670461
v 0.52232224 1.0327622 -1.657284
v 0.5369631 1.0105609 -1.665032
v 0.49868545 1.0181935 -1.6746068
v 0.49922234 1.0546783 -1.6641116
v 0.48406905 1.0402194 -1.6686635
v 0.4787054 1.070281 -1.6580637
v 0.48220393 1.0707775 -1.6444653
v 0.50336325 1.0545661 -1.6507187
v 0.43165195 1.0951849 -1.6362356
v 0.42981264 1.0938872 -1.6501037
v 0.42634535 1.0821614 -1.6555516
v 0.47014686 1.0611992 -1.6630025
v 0.4232725 1.0705887 -1.6551977
v 0.4232725 1.0640166 -1.6357065
v 0.46256196 1.0453976 -1.6427059
v 0.46256196 1.0519698 -1.6621971
v 0.47204706 1.0217209 -1.6480242
v 0.47204706 1.028293 -1.6675153
v 0.48200515 0.99686354 -1.6536076
v 0.48200515 1.0034357 -1.6730986
v 0.4973397 0.9914131 -1.6601971
v 0.4973397 0.9979853 -1.6796881
v 0.51397264 0.98550105 -1.6673445
v 0.51397264 0.99207336 -1.6868354
v 0.5263523 0.94966197 -1.6755385
v 0.5298388 0.9353755 -1.7020628
v 0.5251394 0.95888126 -1.678912
v 0.5262691 0.9140187 -1.7092642
v 0.52203554 0.9133263 -1.7042776
v 0.5211135 0.93733406 -1.6934534
v 0.5132971 0.9327209 -1.6942992
v 0.5156383 0.91286033 -1.703487
v 0.5182254 0.9085708 -1.7039615
v 0.51593024 0.8860807 -1.7032319
v 0.51214665 0.9405519 -1.6804106
v 0.5212985 0.948072 -1.6819534
v 0.5222906 0.89021575 -1.7172903
v 0.51842463 0.87889653 -1.6985315
v 0.5003847 0.8429043 -1.711536
v 0.5003847 0.8494765 -1.731027
v 0.46626532 0.81057364 -1.7224375
v 0.46626532 0.81714576 -1.7419287
v 0.42327255 0.7898159 -1.7294369
v 0.42327255 0.796388 -1.7489281
v 0.41405502 0.78843254 -1.7299033
v 0.4092451 0.7925481 -1.7391491
v 0.4032927 0.79692006 -1.7314733
v 0.39603245 0.7922998 -1.7503064
v 0.4171968 0.852944 -1.662084
v 0.404928 0.79692256 -1.7268614
v 0.41405502 0.78843254 -1.7299033
v 0.39200994 0.79117393 -1.7475088
v 0.4032927 0.79692006 -1.7314733
v 0.22486012 0.95888126 -1.678912
v 0.30668747 0.9313478 -1.6350199
v 0.23758045 0.9402739 -1.6771499
v 0.23785286 0.9405519 -1.6804106
v 0.307086 0.9302894 -1.6320065
v 0.22870098 0.948072 -1.6819534
v 0.227779 0.9464354 -1.6787285
v 0.22486012 0.95888126 -1.678912
v 0.22364722 0.94966197 -1.6755385
v 0.30985594 0.93238235 -1.6349434
v 0.30892986 0.93095237 -1.6311369
v 0.34301165 0.96294075 -1.6209811
v 0.3422544 0.9628158 -1.6221025
v 0.34461856 0.964161 -1.6232835
v 0.3446463 0.9634841 -1.6208432
v 0.37487593 0.9656172 -1.6225578
v 0.37487593 0.9649965 -1.620386
v 0.40535322 0.9634841 -1.6208432
v 0.40538096 0.964161 -1.6232835
v 0.40698788 0.96294075 -1.6209811
v 0.40774512 0.9628158 -1.6221025
v 0.4401436 0.93238235 -1.6349434
v 0.44106966 0.93095237 -1.6311369
v 0.44291353 0.9302894 -1.6320065
v 0.44331205 0.9313478 -1.6350199
v 0.5124191 0.9402739 -1.6771499
v 0.51214665 0.9405519 -1.6804106
v 0.5212985 0.948072 -1.6819534
v 0.52222055 0.9464354 -1.6787285
v 0.5251394 0.95888126 -1.678912
v 0.5263523 0.94966197 -1.6755385
v 0.307086 0.9302894 -1.6320065
v 0.22683814 0.93234235 -1.6685666
v 0.23758045 0.9402739 -1.6771499
v 0.30638367 0.92746466 -1.6287973
v 0.30892986 0.93095237 -1.6311369
v 0.30837432 0.9284958 -1.6281403
v 0.34301165 0.96294075 -1.6209811
v 0.34294063 0.9585122 -1.6134496
v 0.3446463 0.9634841 -1.6208432
v 0.34525824 0.95952713 -1.6131108
v 0.37487593 0.96096504 -1.6126308
v 0.37487593 0.9649965 -1.620386
v 0.227779 0.9464354 -1.6787285
v 0.2344759 0.8925614 -1.6837946
v 0.31727707 0.8640348 -1.6503255
v 0.40535322 0.9634841 -1.6208432
v 0.4047413 0.95952713 -1.6131108
v 0.4070589 0.9585122 -1.6134496
v 0.40698788 0.96294075 -1.6209811
v 0.4416252 0.9284958 -1.6281403
v 0.44106966 0.93095237 -1.6311369
v 0.44361585 0.92746466 -1.6287973
v 0.44291353 0.9302894 -1.6320065
v 0.52316135 0.93234235 -1.6685666
v 0.5124191 0.9402739 -1.6771499
v 0.52222055 0.9464354 -1.6787285
v 0.5155236 0.8925614 -1.6837946
v 0.43272245 0.8640348 -1.6503255
v 0.30985594 0.93238235 -1.6349434
v 0.307086 0.9302894 -1.6320065
v 0.30668747 0.9313478 -1.6350199
v 0.23602687 0.99207336 -1.6868354
v 0.22486012 0.95888126 -1.678912
v 0.22364722 0.94966197 -1.6755385
v 0.22486012 0.95888126 -1.678912
v 0.22016075 0.9353755 -1.7020628
v 0.51593024 0.8860807 -1.7032319
v 0.43272245 0.8640348 -1.6503255
v 0.5155236 0.8925614 -1.6837946
v 0.4341532 0.86635756 -1.6577095
v 0.43107212 0.8631535 -1.6501704
v 0.41867924 0.85356146 -1.6528393
v 0.41719863 0.8517056 -1.6538364
v 0.404928 0.79692256 -1.7268614
v 0.51593024 0.8860807 -1.7032319
v 0.5155236 0.8925614 -1.6837946
v 0.51842463 0.87889653 -1.6985315
v 0.5055641 0.89373463 -1.6949447
v 0.5182254 0.9085708 -1.7039615
v 0.51593024 0.8860807 -1.7032319
v 0.4401436 0.93238235 -1.6349434
v 0.44331205 0.9313478 -1.6350199
v 0.44291353 0.9302894 -1.6320065
v 0.51397264 0.99207336 -1.6868354
v 0.5263523 0.94966197 -1.6755385
v 0.5251394 0.95888126 -1.678912
v 0.5298388 0.9353755 -1.7020628
v 0.5251394 0.95888126 -1.678912
v 0.32285818 0.86730397 -1.6348132
v 0.4369815 0.9255786 -1.6185287
v 0.42714134 0.86730397 -1.6348132
v 0.31301802 0.9255786 -1.6185287
v 0.32434893 0.86651677 -1.6346296
v 0.4256506 0.86651677 -1.6346296
v 0.33554357 0.8577333 -1.6365631
v 0.41445595 0.8577333 -1.6365631
v 0.3148162 0.9265411 -1.6179872
v 0.40395916 0.95434034 -1.6062194
v 0.4351833 0.9265411 -1.6179872
v 0.34604037 0.95434034 -1.6062194
v 0.31727707 0.8640348 -1.6503255
v 0.31301802 0.9255786 -1.6185287
v 0.32285818 0.86730397 -1.6348132
v 0.30638367 0.92746466 -1.6287973
v 0.30638367 0.92746466 -1.6287973
v 0.4369815 0.9255786 -1.6185287
v 0.31301802 0.9255786 -1.6185287
v 0.44361585 0.92746466 -1.6287973
v 0.44361585 0.92746466 -1.6287973
v 0.42714134 0.86730397 -1.6348132
v 0.4369815 0.9255786 -1.6185287
v 0.43272245 0.8640348 -1.6503255
v 0.43272245 0.8640348 -1.6503255
v 0.4256506 0.86651677 -1.6346296
v 0.42714134 0.86730397 -1.6348132
v 0.43107212 0.8631535 -1.6501704
v 0.3189274 0.8631535 -1.6501704
v 0.32285818 0.86730397 -1.6348132
v 0.32434893 0.86651677 -1.6346296
v 0.31727707 0.8640348 -1.6503255
v 0.3313203 0.85356146 -1.6528393
v 0.32434893 0.86651677 -1.6346296
v 0.33554357 0.8577333 -1.6365631
v 0.3189274 0.8631535 -1.6501704
v 0.43107212 0.8631535 -1.6501704
v 0.41445595 0.8577333 -1.6365631
v 0.4256506 0.86651677 -1.6346296
v 0.41867924 0.85356146 -1.6528393
v 0.41867924 0.85356146 -1.6528393
v 0.33554357 0.8577333 -1.6365631
v 0.41445595 0.8577333 -1.6365631
v 0.3313203 0.85356146 -1.6528393
v 0.30837432 0.9284958 -1.6281403
v 0.34604037 0.95434034 -1.6062194
v 0.3148162 0.9265411 -1.6179872
v 0.30837432 0.9284958 -1.6281403
v 0.34294063 0.9585122 -1.6134496
v 0.34604037 0.95434034 -1.6062194
v 0.34294063 0.9585122 -1.6134496
v 0.40395916 0.95434034 -1.6062194
v 0.34604037 0.95434034 -1.6062194
v 0.4070589 0.9585122 -1.6134496
v 0.4070589 0.9585122 -1.6134496
v 0.4351833 0.9265411 -1.6179872
v 0.40395916 0.95434034 -1.6062194
v 0.4416252 0.9284958 -1.6281403
v 0.4416252 0.9284958 -1.6281403
v 0.3148162 0.9265411 -1.6179872
v 0.4351833 0.9265411 -1.6179872
v 0.30837432 0.9284958 -1.6281403
v 0.32833168 0.9195963 -1.673978
v 0.36551678 0.89184767 -1.6832243
v 0.34240234 0.9241276 -1.672468
v 0.36214697 0.8790791 -1.6874789
v 0.3518903 0.9540279 -1.6625047
v 0.35129103 0.9430347 -1.6661679
v 0.37499872 0.95465386 -1.662296
v 0.37499872 0.9430347 -1.6661679
v 0.39870644 0.9430347 -1.6661679
v 0.39810717 0.9540279 -1.6625047
v 0.40759513 0.9241276 -1.672468
v 0.4216658 0.9195963 -1.673978
v 0.38448068 0.89184767 -1.6832243
v 0.3878505 0.8790791 -1.6874789
v 0.36214697 0.8790791 -1.6874789
v 0.37499872 0.8904643 -1.6826311
v 0.36551678 0.89184767 -1.6832243
v 0.37499872 0.8776455 -1.6879568
v 0.3518903 0.9540279 -1.6625047
v 0.3233601 0.9211273 -1.6689998
v 0.32833168 0.9195963 -1.673978
v 0.34769773 0.9574167 -1.6573126
v 0.3518903 0.9540279 -1.6625047
v 0.37499872 0.95919424 -1.6571542
v 0.34769773 0.9574167 -1.6573126
v 0.37499872 0.95465386 -1.662296
v 0.32833168 0.9195963 -1.673978
v 0.36131492 0.874367 -1.6816708
v 0.36214697 0.8790791 -1.6874789
v 0.3233601 0.9211273 -1.6689998
v 0.36214697 0.8790791 -1.6874789
v 0.37499872 0.87311286 -1.6820887
v 0.37499872 0.8776455 -1.6879568
v 0.36131492 0.874367 -1.6816708
v 0.36551678 0.89184767 -1.6832243
v 0.34240234 0.9241276 -1.6711187
v 0.34240234 0.9241276 -1.672468
v 0.36551678 0.89184767 -1.6818751
v 0.37499872 0.8904643 -1.6826311
v 0.36551678 0.89184767 -1.6818751
v 0.36551678 0.89184767 -1.6832243
v 0.37499872 0.8904643 -1.681282
v 0.34240234 0.9241276 -1.672468
v 0.35129103 0.9430347 -1.6648186
v 0.35129103 0.9430347 -1.6661679
v 0.34240234 0.9241276 -1.672468
v 0.34240234 0.9241276 -1.6711187
v 0.35129103 0.9430347 -1.6648186
v 0.35129103 0.9430347 -1.6661679
v 0.37499872 0.9430347 -1.6648186
v 0.37499872 0.9430347 -1.6661679
v 0.35129103 0.9430347 -1.6648186
v 0.39870644 0.9430347 -1.6661679
v 0.39870644 0.9430347 -1.6648186
v 0.3878505 0.8790791 -1.6874789
v 0.37499872 0.8904643 -1.6826311
v 0.37499872 0.8776455 -1.6879568
v 0.38448068 0.89184767 -1.6832243
v 0.39810717 0.9540279 -1.6625047
v 0.42663738 0.9211273 -1.6689998
v 0.40229973 0.9574167 -1.6573126
v 0.4216658 0.9195963 -1.673978
v 0.39810717 0.9540279 -1.6625047
v 0.37499872 0.95919424 -1.6571542
v 0.37499872 0.95465386 -1.662296
v 0.40229973 0.9574167 -1.6573126
v 0.4216658 0.9195963 -1.673978
v 0.38868254 0.874367 -1.6816708
v 0.42663738 0.9211273 -1.6689998
v 0.3878505 0.8790791 -1.6874789
v 0.3878505 0.8790791 -1.6874789
v 0.37499872 0.87311286 -1.6820887
v 0.38868254 0.874367 -1.6816708
v 0.37499872 0.8776455 -1.6879568
v 0.38448068 0.89184767 -1.6832243
v 0.40759513 0.9241276 -1.6711187
v 0.38448068 0.89184767 -1.6818751
v 0.40759513 0.9241276 -1.672468
v 0.37499872 0.8904643 -1.6826311
v 0.38448068 0.89184767 -1.6818751
v 0.37499872 0.8904643 -1.681282
v 0.38448068 0.89184767 -1.6832243
v 0.40759513 0.9241276 -1.672468
v 0.39870644 0.9430347 -1.6648186
v 0.40759513 0.9241276 -1.6711187
v 0.40759513 0.9241276 -1.672468
v 0.39870644 0.9430347 -1.6661679
v 0.39870644 0.9430347 -1.6648186
v 0.2492319 0.9233846 -1.6978891
v 0.31020525 0.9025649 -1.6834567
v 0.32168838 0.9144613 -1.6726778
v 0.24892242 0.9177369 -1.7005408
v 0.31603634 0.89909065 -1.6824727
v 0.24892242 0.9177369 -1.7005408
v 0.24461994 0.9247013 -1.6941401
v 0.24107283 0.9160057 -1.6988076
v 0.2492319 0.9233846 -1.6978891
v 0.24461994 0.9247013 -1.6941401
v 0.32168838 0.9144613 -1.6726778
v 0.31969905 0.9157235 -1.6669095
v 0.2492319 0.9233846 -1.6978891
v 0.31020525 0.9025649 -1.6834567
v 0.24107283 0.9160057 -1.6988076
v 0.30920115 0.8985027 -1.679157
v 0.24892242 0.9177369 -1.7005408
v 0.31020525 0.9025649 -1.6834567
v 0.31563044 0.89555013 -1.6784619
v 0.31603634 0.89909065 -1.6824727
v 0.30920115 0.8985027 -1.679157
v 0.31603634 0.89909065 -1.6824727
v 0.35792583 0.8662262 -1.6866118
v 0.36206606 0.8667447 -1.6900729
v 0.31563044 0.89555013 -1.6784619
v 0.32168838 0.9144613 -1.6726778
v 0.36206606 0.8667447 -1.6900729
v 0.3582952 0.87159353 -1.6865257
v 0.31603634 0.89909065 -1.6824727
v 0.36206606 0.8667447 -1.6900729
v 0.36428055 0.85598564 -1.6937428
v 0.36727053 0.85810375 -1.6962631
v 0.35792583 0.8662262 -1.6866118
v 0.36727053 0.85810375 -1.6962631
v 0.36856514 0.79012334 -1.74787
v 0.3719138 0.7937814 -1.7496747
v 0.36428055 0.85598564 -1.6937428
v 0.3719138 0.7937814 -1.7496747
v 0.37499872 0.7901468 -1.749017
v 0.37499872 0.7933102 -1.7497842
v 0.36856514 0.79012334 -1.74787
v 0.3719138 0.7937814 -1.7496747
v 0.37499872 0.8690011 -1.6871237
v 0.36727053 0.85810375 -1.6962631
v 0.37499872 0.7933102 -1.7497842
v 0.36727053 0.85810375 -1.6962631
v 0.3643039 0.86923057 -1.6877332
v 0.36206606 0.8667447 -1.6900729
v 0.37499872 0.8690011 -1.6871237
v 0.3582952 0.87159353 -1.6865257
v 0.24107283 0.9160057 -1.6988076
v 0.24434672 0.9236791 -1.6913204
v 0.24086852 0.91501236 -1.6958452
v 0.24107283 0.9160057 -1.6988076
v 0.24461994 0.9247013 -1.6941401
v 0.24434672 0.9236791 -1.6913204
v 0.30920115 0.8985027 -1.679157
v 0.24086852 0.91501236 -1.6958452
v 0.30913714 0.8969014 -1.675329
v 0.24107283 0.9160057 -1.6988076
v 0.31563044 0.89555013 -1.6784619
v 0.30913714 0.8969014 -1.675329
v 0.31545115 0.8938683 -1.6742823
v 0.30920115 0.8985027 -1.679157
v 0.35792583 0.8662262 -1.6866118
v 0.31545115 0.8938683 -1.6742823
v 0.35775223 0.8642235 -1.6816095
v 0.31563044 0.89555013 -1.6784619
v 0.36428055 0.85598564 -1.6937428
v 0.35775223 0.8642235 -1.6816095
v 0.36140856 0.854354 -1.6896193
v 0.35792583 0.8662262 -1.6866118
v 0.35775223 0.8642235 -1.6816095
v 0.36856514 0.79012334 -1.74787
v 0.36140856 0.854354 -1.6896193
v 0.36862564 0.7891599 -1.7464038
v 0.36428055 0.85598564 -1.6937428
v 0.37499872 0.7901468 -1.749017
v 0.36862564 0.7891599 -1.7464038
v 0.37499872 0.7869512 -1.7482874
v 0.37499872 0.7901468 -1.749017
v 0.36856514 0.79012334 -1.74787
v 0.24461994 0.9247013 -1.6941401
v 0.31693366 0.9149744 -1.6638391
v 0.24434672 0.9236791 -1.6913204
v 0.31969905 0.9157235 -1.6669095
v 0.31969905 0.9157235 -1.6669095
v 0.3582952 0.87159353 -1.6865257
v 0.35908487 0.86739963 -1.6730303
v 0.32168838 0.9144613 -1.6726778
v 0.35908487 0.86739963 -1.6730303
v 0.3643039 0.86923057 -1.6877332
v 0.36423907 0.8656377 -1.6736174
v 0.3582952 0.87159353 -1.6865257
v 0.36423907 0.8656377 -1.6736174
v 0.37499872 0.8690011 -1.6871237
v 0.37499872 0.8655755 -1.6736381
v 0.3643039 0.86923057 -1.6877332
v 0.3857584 0.8656377 -1.6736174
v 0.38569358 0.86923057 -1.6877332
v 0.50076556 0.9233846 -1.6978891
v 0.43979222 0.9025649 -1.6834567
v 0.501075 0.9177369 -1.7005408
v 0.42830908 0.9144613 -1.6726778
v 0.43396112 0.89909065 -1.6824727
v 0.501075 0.9177369 -1.7005408
v 0.50537753 0.9247013 -1.6941401
v 0.50076556 0.9233846 -1.6978891
v 0.5089246 0.9160057 -1.6988076
v 0.50537753 0.9247013 -1.6941401
v 0.42830908 0.9144613 -1.6726778
v 0.50076556 0.9233846 -1.6978891
v 0.43029842 0.9157235 -1.6669095
v 0.43979222 0.9025649 -1.6834567
v 0.5089246 0.9160057 -1.6988076
v 0.501075 0.9177369 -1.7005408
v 0.44079632 0.8985027 -1.679157
v 0.43979222 0.9025649 -1.6834567
v 0.43436703 0.89555013 -1.6784619
v 0.44079632 0.8985027 -1.679157
v 0.43396112 0.89909065 -1.6824727
v 0.43396112 0.89909065 -1.6824727
v 0.39207163 0.8662262 -1.6866118
v 0.43436703 0.89555013 -1.6784619
v 0.3879314 0.8667447 -1.6900729
v 0.42830908 0.9144613 -1.6726778
v 0.3879314 0.8667447 -1.6900729
v 0.43396112 0.89909065 -1.6824727
v 0.39170226 0.87159353 -1.6865257
v 0.3879314 0.8667447 -1.6900729
v 0.38571692 0.85598564 -1.6937428
v 0.39207163 0.8662262 -1.6866118
v 0.38272694 0.85810375 -1.6962631
v 0.38272694 0.85810375 -1.6962631
v 0.38143232 0.79012334 -1.74787
v 0.38571692 0.85598564 -1.6937428
v 0.37808368 0.7937814 -1.7496747
v 0.37808368 0.7937814 -1.7496747
v 0.37499872 0.7901468 -1.749017
v 0.38143232 0.79012334 -1.74787
v 0.37499872 0.7933102 -1.7497842
v 0.37808368 0.7937814 -1.7496747
v 0.37499872 0.8690011 -1.6871237
v 0.37499872 0.7933102 -1.7497842
v 0.38272694 0.85810375 -1.6962631
v 0.38272694 0.85810375 -1.6962631
v 0.38569358 0.86923057 -1.6877332
v 0.37499872 0.8690011 -1.6871237
v 0.3879314 0.8667447 -1.6900729
v 0.39170226 0.87159353 -1.6865257
v 0.5089246 0.9160057 -1.6988076
v 0.50565076 0.9236791 -1.6913204
v 0.50537753 0.9247013 -1.6941401
v 0.5089246 0.9160057 -1.6988076
v 0.5091289 0.91501236 -1.6958452
v 0.50565076 0.9236791 -1.6913204
v 0.44079632 0.8985027 -1.679157
v 0.5091289 0.91501236 -1.6958452
v 0.5089246 0.9160057 -1.6988076
v 0.44086033 0.8969014 -1.675329
v 0.43436703 0.89555013 -1.6784619
v 0.44086033 0.8969014 -1.675329
v 0.44079632 0.8985027 -1.679157
v 0.43454632 0.8938683 -1.6742823
v 0.39207163 0.8662262 -1.6866118
v 0.43454632 0.8938683 -1.6742823
v 0.43436703 0.89555013 -1.6784619
v 0.39224523 0.8642235 -1.6816095
v 0.38571692 0.85598564 -1.6937428
v 0.39224523 0.8642235 -1.6816095
v 0.39207163 0.8662262 -1.6866118
v 0.3885889 0.854354 -1.6896193
v 0.39224523 0.8642235 -1.6816095
v 0.38143232 0.79012334 -1.74787
v 0.3885889 0.854354 -1.6896193
v 0.38571692 0.85598564 -1.6937428
v 0.38137183 0.7891599 -1.7464038
v 0.37499872 0.7901468 -1.749017
v 0.38137183 0.7891599 -1.7464038
v 0.38143232 0.79012334 -1.74787
v 0.37499872 0.7901468 -1.749017
v 0.37499872 0.7869512 -1.7482874
v 0.50537753 0.9247013 -1.6941401
v 0.4330638 0.9149744 -1.6638391
v 0.43029842 0.9157235 -1.6669095
v 0.50565076 0.9236791 -1.6913204
v 0.43029842 0.9157235 -1.6669095
v 0.39170226 0.87159353 -1.6865257
v 0.42830908 0.9144613 -1.6726778
v 0.3909126 0.86739963 -1.6730303
v 0.3909126 0.86739963 -1.6730303
v 0.38569358 0.86923057 -1.6877332
v 0.39170226 0.87159353 -1.6865257
v 0.3857584 0.8656377 -1.6736174
v 0.25401545 0.8855468 -1.4245735
v 0.24448627 0.8984507 -1.4738694
v 0.25852793 0.9004158 -1.4760765
v 0.23727569 0.8840773 -1.4242483
v 0.255659 0.91112727 -1.5239352
v 0.26864207 0.9115858 -1.5188048
v 0.27548194 0.9234302 -1.5799776
v 0.28560066 0.9226426 -1.5656048
v 0.2886244 0.9236295 -1.5690689
v 0.28200427 0.92644376 -1.5952584
v 0.30519438 0.9269637 -1.5754896
v 0.29067546 0.92851424 -1.6006619
v 0.323086 0.934522 -1.6070101
v 0.3200929 0.929978 -1.5811917
v 0.32462963 0.9351815 -1.6065915
v 0.32163474 0.93064916 -1.5810275
v 0.31934643 0.92947453 -1.5797598
v 0.2893842 0.9233536 -1.5680673
v 0.28733364 0.922137 -1.5645424
v 0.2726823 0.91248685 -1.5244147
v 0.26192406 0.8989853 -1.4760318
v 0.25582495 0.88495 -1.4245892
v 0.31929606 0.92628944 -1.5710183
v 0.3174055 0.9257104 -1.57156
v 0.31010512 0.8975517 -1.507963
v 0.30817106 0.89693844 -1.5085255
v 0.30855373 0.8940133 -1.5014757
v 0.30661383 0.8935931 -1.5024087
v 0.30033755 0.8782118 -1.4768791
v 0.29817 0.8773757 -1.4772131
v 0.28756648 0.8964761 -1.5088291
v 0.28283203 0.89752793 -1.5085983
v 0.28831905 0.89318246 -1.5026784
v 0.28380275 0.89346915 -1.5012528
v 0.29514423 0.8774927 -1.476773
v 0.33783162 0.94155383 -1.5657595
v 0.3401202 0.94565463 -1.5748861
v 0.34516063 0.9523193 -1.5947402
v 0.3250223 0.9350353 -1.6091708
v 0.34745342 0.953245 -1.602563
v 0.35241616 0.9557839 -1.6015649
v 0.34963244 0.95481503 -1.593878
v 0.34463328 0.94817734 -1.5740554
v 0.34226486 0.9440306 -1.5649468
v 0.35612357 0.9563594 -1.6011894
v 0.35474572 0.9556728 -1.5935704
v 0.34975734 0.9490508 -1.5737936
v 0.34737498 0.944945 -1.5646755
v 0.32389852 0.89719963 -1.477477
v 0.3196631 0.8962994 -1.4774492
v 0.31608385 0.89385676 -1.4773717
v 0.3749511 0.95660275 -1.5994736
v 0.3749511 0.9556656 -1.593547
v 0.3749511 0.94904995 -1.5737942
v 0.3749511 0.944945 -1.5646756
v 0.3618378 0.93764484 -1.5513442
v 0.3749511 0.9380653 -1.5521117
v 0.3557568 0.8971978 -1.4774772
v 0.3749511 0.9369846 -1.550854
v 0.36340672 0.93708336 -1.5508976
v 0.3629344 0.9357006 -1.549114
v 0.35860378 0.89549214 -1.476191
v 0.36667034 0.9317661 -1.5468131
v 0.3656215 0.93140066 -1.5457695
v 0.36672923 0.9310848 -1.5459062
v 0.36223093 0.8902156 -1.472009
v 0.3609863 0.8906452 -1.4718813
v 0.3749511 0.9318587 -1.5469398
v 0.3749511 0.931371 -1.5463988
v 0.3749511 0.89022934 -1.4720341
v 0.38806438 0.93764484 -1.5513442
v 0.42600363 0.89719963 -1.477477
v 0.40252718 0.944945 -1.5646755
v 0.40763733 0.9440306 -1.5649468
v 0.40014485 0.9490508 -1.5737936
v 0.40526888 0.94817734 -1.5740554
v 0.41207057 0.94155383 -1.5657595
v 0.409782 0.94565463 -1.5748861
v 0.4306061 0.92628944 -1.5710183
v 0.42826742 0.93064916 -1.5810275
v 0.43055576 0.92947453 -1.5797598
v 0.4298093 0.929978 -1.5811917
v 0.42527255 0.9351815 -1.6065915
v 0.42681617 0.934522 -1.6070101
v 0.44470778 0.9269637 -1.5754896
v 0.4592267 0.92851424 -1.6006619
v 0.4678979 0.92644376 -1.5952584
v 0.46127775 0.9236295 -1.5690689
v 0.47442022 0.9234302 -1.5799776
v 0.46430153 0.9226426 -1.5656048
v 0.4812601 0.9115858 -1.5188048
v 0.49424314 0.91112727 -1.5239352
v 0.49137422 0.9004158 -1.4760765
v 0.5054159 0.8984507 -1.4738694
v 0.4958867 0.8855468 -1.4245735
v 0.51262647 0.8840773 -1.4242483
v 0.46051797 0.9233536 -1.5680673
v 0.46256855 0.922137 -1.5645424
v 0.47721988 0.91248685 -1.5244147
v 0.48797813 0.8989853 -1.4760318
v 0.4940772 0.88495 -1.4245892
v 0.46233568 0.8964761 -1.5088291
v 0.46707016 0.89752793 -1.5085983
v 0.46158314 0.89318246 -1.5026784
v 0.4660994 0.89346915 -1.5012528
v 0.4417311 0.89693844 -1.5085255
v 0.44328833 0.8935931 -1.5024087
v 0.44134843 0.8940133 -1.5014757
v 0.43979704 0.8975517 -1.507963
v 0.43249667 0.9257104 -1.57156
v 0.4495646 0.8782118 -1.4768791
v 0.45173216 0.8773757 -1.4772131
v 0.45475796 0.8774927 -1.476773
v 0.4338183 0.89385676 -1.4773717
v 0.43023905 0.8962994 -1.4774492
v 0.3941454 0.8971978 -1.4774772
v 0.38696778 0.9357006 -1.549114
v 0.38649547 0.93708336 -1.5508976
v 0.3912984 0.89549214 -1.476191
v 0.38323185 0.9317661 -1.5468131
v 0.38428065 0.93140066 -1.5457695
v 0.38317293 0.9310848 -1.5459062
v 0.38767123 0.8902156 -1.472009
v 0.3889159 0.8906452 -1.4718813
v 0.32358623 0.9341505 -1.6096357
v 0.28979895 0.9275882 -1.6033562
v 0.28970557 0.92600447 -1.604562
v 0.32152617 0.93255913 -1.6105828
v 0.3248301 0.93359 -1.611556
v 0.2799183 0.9252445 -1.5968411
v 0.27980635 0.9237753 -1.5984292
v 0.27348182 0.92253846 -1.5809381
v 0.27295163 0.9208317 -1.5830926
v 0.2796186 0.91218376 -1.6034012
v 0.27153116 0.9075045 -1.5887665
v 0.28907725 0.91338307 -1.6092771
v 0.30947402 0.9144778 -1.6170368
v 0.3108365 0.9148888 -1.6182944
v 0.3133203 0.91500837 -1.6191577
v 0.32632354 0.9323467 -1.6126956
v 0.3497745 0.95147014 -1.6055684
v 0.34866434 0.9525521 -1.604756
v 0.35295513 0.9547548 -1.6039251
v 0.35345313 0.9533425 -1.6048703
v 0.3561771 0.95528877 -1.603696
v 0.3562279 0.953764 -1.6047134
v 0.3749511 0.9561574 -1.6027292
v 0.3749511 0.95487577 -1.6041722
v 0.32208508 0.91500205 -1.6191602
v 0.32851332 0.9293496 -1.6138127
v 0.34834716 0.94717735 -1.6071682
v 0.35332912 0.9494793 -1.6063104
v 0.35853538 0.95129365 -1.6056341
v 0.3749511 0.95364773 -1.6047567
v 0.39372507 0.95528877 -1.603696
v 0.3937786 0.9563594 -1.6011894
v 0.39515647 0.9556728 -1.5935704
v 0.40026972 0.95481503 -1.593878
v 0.39748603 0.9557839 -1.6015649
v 0.40474156 0.9523193 -1.5947402
v 0.40244877 0.953245 -1.602563
v 0.42487988 0.9350353 -1.6091708
v 0.42631593 0.9341505 -1.6096357
v 0.4601032 0.9275882 -1.6033562
v 0.46019658 0.92600447 -1.604562
v 0.428376 0.93255913 -1.6105828
v 0.42507204 0.93359 -1.611556
v 0.46998385 0.9252445 -1.5968411
v 0.4700958 0.9237753 -1.5984292
v 0.47547165 0.92371833 -1.5847353
v 0.4729506 0.92265064 -1.592846
v 0.4758695 0.921278 -1.5898834
v 0.47591484 0.91035986 -1.5966846
v 0.47309485 0.9110904 -1.5995755
v 0.48997533 0.9224754 -1.5789125
v 0.4916695 0.920502 -1.5831827
v 0.49178186 0.92204183 -1.5771991
v 0.49542755 0.9189375 -1.5786386
v 0.4960043 0.9064895 -1.5866476
v 0.49233997 0.9082214 -1.5910836
v 0.47028357 0.91218376 -1.6034012
v 0.4608249 0.91338307 -1.6092771
v 0.44042814 0.9144778 -1.6170368
v 0.4390657 0.9148888 -1.6182944
v 0.43658188 0.91500837 -1.6191577
v 0.42357862 0.9323467 -1.6126956
v 0.40012768 0.95147014 -1.6055684
v 0.40123782 0.9525521 -1.604756
v 0.39694706 0.9547548 -1.6039251
v 0.39644903 0.9533425 -1.6048703
v 0.39367428 0.953764 -1.6047134
v 0.4278171 0.91500205 -1.6191602
v 0.42138883 0.9293496 -1.6138127
v 0.401555 0.94717735 -1.6071682
v 0.39657307 0.9494793 -1.6063104
v 0.3913668 0.95129365 -1.6056341
v 0.2521784 0.90788525 -1.525194
v 0.24094161 0.8951517 -1.4753146
v 0.23363928 0.8807641 -1.4257431
v 0.23683979 0.88445103 -1.4217536
v 0.25249636 0.88577545 -1.4219941
v 0.23888107 0.8719846 -1.4832847
v 0.24874187 0.8871289 -1.5270206
v 0.23188026 0.85591274 -1.4387425
v 0.22753657 0.8632247 -1.3778961
v 0.2249239 0.835979 -1.3858011
v 0.22930507 0.8365013 -1.3209236
v 0.23372523 0.88250077 -1.3128134
v 0.2302142 0.89538026 -1.345547
v 0.23731364 0.88591605 -1.3122113
v 0.23361275 0.89857537 -1.3441281
v 0.23340717 0.9078051 -1.3777493
v 0.23354056 0.8922675 -1.4053262
v 0.23704547 0.9106591 -1.3795407
v 0.23691161 0.8936032 -1.4070123
v 0.23692603 0.9110997 -1.3738308
v 0.24354392 0.89227986 -1.4098564
v 0.24888924 0.89121336 -1.4121487
v 0.2249239 0.835979 -1.3858011
v 0.22822124 0.8114823 -1.3248782
v 0.4939638 0.9120279 -1.5294029
v 0.49772376 0.90788525 -1.525194
v 0.50005364 0.9078928 -1.5302222
v 0.49783286 0.9117324 -1.5325301
v 0.5031874 0.90856856 -1.5380337
v 0.49976656 0.9123692 -1.5382121
v 0.5040013 0.8888711 -1.5327835
v 0.50629526 0.8909041 -1.538793
v 0.5011603 0.8871289 -1.5270206
v 0.50896055 0.8951517 -1.4753146
v 0.5162629 0.8807641 -1.4257431
v 0.5130624 0.88445103 -1.4217536
v 0.4974058 0.88577545 -1.4219941
v 0.5110211 0.8719846 -1.4832847
v 0.51802194 0.85591274 -1.4387425
v 0.52236557 0.8632247 -1.3778961
v 0.5249783 0.835979 -1.3858011
v 0.5205971 0.8365013 -1.3209236
v 0.51617694 0.88250077 -1.3128134
v 0.519688 0.89538026 -1.345547
v 0.5125885 0.88591605 -1.3122113
v 0.5162894 0.89857537 -1.3441281
v 0.516495 0.9078051 -1.3777493
v 0.5163616 0.8922675 -1.4053262
v 0.5128567 0.9106591 -1.3795407
v 0.51299053 0.8936032 -1.4070123
v 0.5129761 0.9110997 -1.3738308
v 0.50635827 0.89227986 -1.4098564
v 0.5010129 0.89121336 -1.4121487
v 0.5249783 0.835979 -1.3858011
v 0.52168095 0.8114823 -1.3248782
v 0.27153116 0.9075045 -1.5887665
v 0.28153446 0.91142035 -1.6017756
v 0.2796186 0.91218376 -1.6034012
v 0.27400634 0.9069242 -1.5878214
v 0.29025936 0.91235214 -1.6070752
v 0.28907725 0.91338307 -1.6092771
v 0.310823 0.9131508 -1.6151837
v 0.30947402 0.9144778 -1.6170368
v 0.3121366 0.91346127 -1.6164788
v 0.3108365 0.9148888 -1.6182944
v 0.3137356 0.9138506 -1.6167833
v 0.3133203 0.91500837 -1.6191577
v 0.3220851 0.9140522 -1.6166117
v 0.32208508 0.91500205 -1.6191602
v 0.24874187 0.8871289 -1.5270206
v 0.2513431 0.886649 -1.5264125
v 0.23888107 0.8719846 -1.4832847
v 0.24154578 0.87159866 -1.4829117
v 0.23188026 0.85591274 -1.4387425
v 0.23188026 0.85591274 -1.4387425
v 0.23456638 0.8555815 -1.438477
v 0.2249239 0.835979 -1.3858011
v 0.22762346 0.8357485 -1.385786
v 0.22822124 0.8114823 -1.3248782
v 0.2309296 0.8113407 -1.3250817
v 0.47309485 0.9110904 -1.5995755
v 0.47449034 0.90917176 -1.59479
v 0.47591484 0.91035986 -1.5966846
v 0.47102362 0.91024077 -1.5980471
v 0.4908183 0.9070302 -1.5893224
v 0.49233997 0.9082214 -1.5910836
v 0.49361548 0.90576917 -1.5857502
v 0.4960043 0.9064895 -1.5866476
v 0.47028357 0.91218376 -1.6034012
v 0.4684616 0.9113786 -1.6016276
v 0.4608249 0.91338307 -1.6092771
v 0.45964283 0.91235214 -1.6070752
v 0.44042814 0.9144778 -1.6170368
v 0.4390792 0.9131508 -1.6151837
v 0.4390657 0.9148888 -1.6182944
v 0.4377656 0.91346127 -1.6164788
v 0.43658188 0.91500837 -1.6191577
v 0.4361666 0.9138506 -1.6167833
v 0.5037349 0.8904926 -1.5391164
v 0.50629526 0.8909041 -1.538793
v 0.5015714 0.88853484 -1.5339521
v 0.5040013 0.8888711 -1.5327835
v 0.49864239 0.88676566 -1.5274298
v 0.5011603 0.8871289 -1.5270206
v 0.5083564 0.87159866 -1.4829117
v 0.5110211 0.8719846 -1.4832847
v 0.51533574 0.8555815 -1.438477
v 0.4278171 0.91500205 -1.6191602
v 0.42781708 0.9140522 -1.6166117
v 0.5110211 0.8719846 -1.4832847
v 0.51802194 0.85591274 -1.4387425
v 0.5222787 0.8357485 -1.385786
v 0.5249783 0.835979 -1.3858011
v 0.5189726 0.81134063 -1.3250817
v 0.52168095 0.8114823 -1.3248782
v 0.26509526 0.82348335 -1.5177277
v 0.2544746 0.88766867 -1.542145
v 0.23998176 0.8666461 -1.4846628
v 0.27675053 0.83469564 -1.5485635
v 0.2754706 0.8152806 -1.5223259
v 0.26469338 0.7918508 -1.4800186
v 0.25507945 0.79207355 -1.4711001
v 0.28393996 0.8293048 -1.5577477
v 0.28474635 0.81006074 -1.521667
v 0.29108593 0.82572335 -1.5575278
v 0.3072502 0.85053986 -1.6143472
v 0.2976177 0.8568606 -1.6126465
v 0.3049082 0.8619584 -1.624633
v 0.31083664 0.8532712 -1.6206077
v 0.31341878 0.8648383 -1.6283467
v 0.32266724 0.85639685 -1.6272476
v 0.29644012 0.8629198 -1.6148641
v 0.2840778 0.9075884 -1.6078897
v 0.29159874 0.9083471 -1.6114863
v 0.27862942 0.90615904 -1.602235
v 0.3246004 0.8654935 -1.632131
v 0.3297181 0.8569976 -1.6296209
v 0.3115387 0.8846085 -1.6242938
v 0.31801087 0.87207204 -1.6288161
v 0.3076564 0.90936995 -1.6175201
v 0.3127342 0.91026455 -1.6206834
v 0.32001454 0.8792959 -1.6298219
v 0.31639072 0.8878986 -1.6272833
v 0.3115387 0.8846085 -1.6242938
v 0.32675722 0.8685766 -1.6329849
v 0.33723196 0.85636973 -1.6340395
v 0.33611774 0.8540304 -1.630588
v 0.33887216 0.86020714 -1.6354545
v 0.3348595 0.843901 -1.6260552
v 0.33043274 0.83850765 -1.6119686
v 0.31908146 0.8485305 -1.6109338
v 0.31361696 0.837354 -1.584426
v 0.32654342 0.8284503 -1.5866859
v 0.32183975 0.8279224 -1.5637623
v 0.34690383 0.8503404 -1.6313275
v 0.3566443 0.84532684 -1.6307598
v 0.366823 0.8389461 -1.6168047
v 0.3749521 0.82766014 -1.5870625
v 0.3749521 0.8268589 -1.571354
v 0.3749521 0.8373217 -1.6126248
v 0.3749521 0.7986736 -1.4956099
v 0.29511225 0.7970865 -1.4930319
v 0.27504718 0.79107773 -1.4782543
v 0.25359806 0.7613401 -1.4104279
v 0.24463144 0.76572967 -1.4074316
v 0.25227955 0.75626546 -1.3845459
v 0.24513192 0.75955254 -1.3818251
v 0.26083326 0.7580611 -1.3152506
v 0.25250992 0.7624404 -1.3171853
v 0.23298758 0.85072315 -1.4405377
v 0.22369163 0.8241232 -1.3702219
v 0.22435641 0.8149014 -1.3465735
v 0.23161945 0.80715686 -1.3251535
v 0.28191563 0.7617995 -1.4148091
v 0.28367782 0.75496495 -1.3845022
v 0.2811717 0.75735915 -1.3366989
v 0.29117152 0.73426276 -1.3899446
v 0.28879258 0.7449467 -1.4205301
v 0.301707 0.7680477 -1.4782073
v 0.30063903 0.78003484 -1.489205
v 0.3749521 0.7681282 -1.478174
v 0.3749521 0.7824743 -1.4896296
v 0.29175824 0.7367671 -1.3461778
v 0.3749521 0.733952 -1.3947146
v 0.3749521 0.7435213 -1.3331429
v 0.45479196 0.7970865 -1.4930319
v 0.46515787 0.81006074 -1.521667
v 0.45881832 0.82572335 -1.5575278
v 0.46596426 0.8293048 -1.5577477
v 0.442654 0.85053986 -1.6143472
v 0.4522865 0.8568606 -1.6126465
v 0.47163624 0.82915366 -1.5455396
v 0.47443363 0.8152806 -1.5223259
v 0.4750037 0.83149177 -1.5406766
v 0.47351718 0.83134955 -1.5470066
v 0.47815147 0.8343969 -1.5436978
v 0.50161374 0.88357604 -1.5323471
v 0.50018066 0.8820252 -1.5285263
v 0.48009443 0.82111293 -1.5161585
v 0.50992244 0.8666461 -1.4846628
v 0.51691663 0.85072315 -1.4405377
v 0.48946634 0.80297405 -1.4703728
v 0.5039744 0.88428724 -1.5344365
v 0.49744704 0.84364265 -1.5526098
v 0.5062502 0.8870467 -1.542363
v 0.50119 0.8479839 -1.5608401
v 0.4969915 0.84298813 -1.5592904
v 0.48327097 0.7960573 -1.4776579
v 0.49266562 0.863992 -1.5991083
v 0.48822102 0.8607714 -1.6013194
v 0.48859516 0.86534023 -1.6033157
v 0.45591608 0.86291665 -1.612745
v 0.45535845 0.8577689 -1.6106864
v 0.45346412 0.8629198 -1.6148641
v 0.4966176 0.9024616 -1.5886184
v 0.4926424 0.9037126 -1.5929415
v 0.4749106 0.905434 -1.5985092
v 0.47127482 0.90615904 -1.602235
v 0.44499606 0.8619584 -1.624633
v 0.4390676 0.8532712 -1.6206077
v 0.43648547 0.8648383 -1.6283467
v 0.427237 0.85639685 -1.6272476
v 0.46582645 0.9075884 -1.6078897
v 0.4583055 0.9083471 -1.6114863
v 0.42530382 0.8654935 -1.632131
v 0.4201861 0.8569976 -1.6296209
v 0.43836555 0.8846085 -1.6242938
v 0.43189338 0.87207204 -1.6288161
v 0.44224784 0.90936995 -1.6175201
v 0.43717006 0.91026455 -1.6206834
v 0.43351352 0.8878986 -1.6272833
v 0.4298897 0.8792959 -1.6298219
v 0.423147 0.8685766 -1.6329849
v 0.41267225 0.85636973 -1.6340395
v 0.4137865 0.8540304 -1.630588
v 0.41103205 0.86020714 -1.6354545
v 0.41504472 0.843901 -1.6260552
v 0.4194715 0.83850765 -1.6119686
v 0.4030004 0.8503404 -1.6313275
v 0.3932599 0.84532684 -1.6307598
v 0.38308123 0.8389461 -1.6168047
v 0.42336082 0.8284503 -1.5866859
v 0.4308228 0.8485305 -1.6109338
v 0.43628725 0.837354 -1.584426
v 0.4280645 0.8279224 -1.5637623
v 0.3898861 0.84733814 -1.635939
v 0.40089723 0.8519708 -1.6356317
v 0.3749521 0.84548026 -1.6364918
v 0.389752 0.849865 -1.6378998
v 0.3749521 0.84797966 -1.6384578
v 0.40024105 0.8536825 -1.6367712
v 0.40018225 0.85695136 -1.6364154
v 0.40893683 0.8624862 -1.6347822
v 0.4195998 0.8735352 -1.6315217
v 0.4246852 0.882329 -1.6289266
v 0.42654657 0.8870361 -1.6275378
v 0.4305509 0.9102624 -1.6206763
v 0.39048153 0.8531364 -1.6375412
v 0.3749521 0.8509423 -1.6381886
v 0.31341878 0.8648383 -1.6283467
v 0.3115387 0.8846085 -1.6242938
v 0.3087391 0.908986 -1.6154134
v 0.29255703 0.90798414 -1.6093054
v 0.2854576 0.90754485 -1.6059686
v 0.28051788 0.9066003 -1.6008682
v 0.31338596 0.90974814 -1.6185275
v 0.3193506 0.909579 -1.6183624
v 0.3193533 0.9102624 -1.6206763
v 0.32335764 0.8870361 -1.6275378
v 0.32521904 0.882329 -1.6289266
v 0.33030444 0.8735352 -1.6315217
v 0.3409674 0.8624862 -1.6347822
v 0.34972197 0.85695136 -1.6364154
v 0.3496632 0.8536825 -1.6367712
v 0.34900698 0.8519708 -1.6356317
v 0.3600181 0.84733814 -1.635939
v 0.3749521 0.84548026 -1.6364918
v 0.3749521 0.8425646 -1.6310927
v 0.36015224 0.849865 -1.6378998
v 0.3749521 0.84797966 -1.6384578
v 0.3594227 0.8531364 -1.6375412
v 0.3749521 0.8509423 -1.6381886
v 0.43648547 0.8648383 -1.6283467
v 0.44224784 0.90936995 -1.6175201
v 0.43836555 0.8846085 -1.6242938
v 0.47485706 0.79107773 -1.4782543
v 0.4870878 0.76133955 -1.4104251
v 0.4961358 0.7659498 -1.407686
v 0.48977926 0.75633734 -1.3816904
v 0.4980989 0.7607905 -1.3817183
v 0.48907095 0.7580611 -1.3152506
v 0.49739432 0.7624404 -1.3171853
v 0.52621263 0.8241232 -1.3702219
v 0.5255478 0.8149014 -1.3465735
v 0.5182848 0.80715686 -1.3251535
v 0.4679886 0.7617995 -1.4148091
v 0.46622643 0.75496495 -1.3845022
v 0.4687325 0.75735915 -1.3366989
v 0.4492652 0.78003484 -1.489205
v 0.44819725 0.7680477 -1.4782073
v 0.46111166 0.7449467 -1.4205301
v 0.4587327 0.73426276 -1.3899446
v 0.458146 0.7367671 -1.3461778
v 0.25659057 0.8883593 -1.5412227
v 0.24215147 0.86740935 -1.4839407
v 0.24231811 0.8601675 -1.4818165
v 0.24642324 0.8541571 -1.4918425
v 0.25046954 0.83906674 -1.4927784
v 0.2523361 0.8251403 -1.4916731
v 0.24811304 0.8184363 -1.4816189
v 0.24285786 0.8248485 -1.4644657
v 0.23950629 0.8549166 -1.4692953
v 0.2434113 0.8388002 -1.4616704
v 0.2352266 0.8513973 -1.439965
v 0.22598672 0.8247508 -1.3698606
v 0.22658342 0.8157643 -1.3466496
v 0.23377904 0.8081681 -1.3255202
v 0.23583597 0.857835 -1.4401046
v 0.24273063 0.8737772 -1.4838885
v 0.25710678 0.89463586 -1.5409209
v 0.22663637 0.83130467 -1.3703059
v 0.22723047 0.8223573 -1.347196
v 0.23439471 0.81479424 -1.3261588
v 0.28092977 0.9127974 -1.6003064
v 0.285848 0.9137378 -1.6053845
v 0.29291648 0.91417515 -1.6087068
v 0.30902794 0.9151726 -1.6147882
v 0.3136546 0.91593146 -1.6178886
v 0.31959322 0.9157631 -1.6177243
v 0.25046954 0.83906674 -1.4927784
v 0.24642324 0.8541571 -1.4918425
v 0.25151217 0.8495294 -1.4841821
v 0.24231811 0.8601675 -1.4818165
v 0.2492906 0.85135674 -1.4771124
v 0.23950629 0.8549166 -1.4692953
v 0.24595965 0.8485192 -1.4684402
v 0.2434113 0.8388002 -1.4616704
v 0.2434113 0.8388002 -1.4616704
v 0.24709614 0.82581496 -1.4638298
v 0.24759635 0.83842474 -1.4613032
v 0.24285786 0.8248485 -1.4644657
v 0.24595965 0.8485192 -1.4684402
v 0.2498996 0.8472089 -1.467422
v 0.2492906 0.85135674 -1.4771124
v 0.25291014 0.84977347 -1.47526
v 0.25151217 0.8495294 -1.4841821
v 0.25491804 0.84812194 -1.4816498
v 0.25046954 0.83906674 -1.4927784
v 0.25674477 0.83866566 -1.4894192
v 0.2523361 0.8251403 -1.4916731
v 0.25566274 0.8260787 -1.4884202
v 0.24811304 0.8184363 -1.4816189
v 0.25184584 0.8200196 -1.4793332
v 0.24285786 0.8248485 -1.4644657
v 0.24709614 0.82581496 -1.4638298
v 0.24811304 0.8184363 -1.4816189
v 0.50992244 0.8666461 -1.4846628
v 0.5147416 0.85155845 -1.4399134
v 0.50778687 0.86751056 -1.4839494
v 0.50018066 0.8820252 -1.5285263
v 0.50992244 0.8666461 -1.4846628
v 0.51691663 0.85072315 -1.4405377
v 0.52401125 0.82498884 -1.3697747
v 0.50018066 0.8820252 -1.5285263
v 0.4980513 0.88297826 -1.5283295
v 0.50161374 0.88357604 -1.5323471
v 0.4997315 0.8845732 -1.533292
v 0.5039744 0.88428724 -1.5344365
v 0.50161374 0.88357604 -1.5323471
v 0.50018066 0.8820252 -1.5285263
v 0.5039744 0.88428724 -1.5344365
v 0.50201225 0.8850398 -1.5354257
v 0.5062502 0.8870467 -1.542363
v 0.5039223 0.8873651 -1.5423379
v 0.4966176 0.9024616 -1.5886184
v 0.4966176 0.9024616 -1.5886184
v 0.4945391 0.90237916 -1.587567
v 0.4926424 0.9037126 -1.5929415
v 0.4926424 0.9037126 -1.5929415
v 0.49136612 0.9033447 -1.5910287
v 0.4749106 0.905434 -1.5985092
v 0.49136612 0.9033447 -1.5910287
v 0.4736825 0.9052752 -1.5965403
v 0.47127482 0.90615904 -1.602235
v 0.46957114 0.906356 -1.6005381
v 0.46582645 0.9075884 -1.6078897
v 0.46444663 0.90754485 -1.6059686
v 0.4583055 0.9083471 -1.6114863
v 0.4573472 0.90798414 -1.6093054
v 0.44224784 0.90936995 -1.6175201
v 0.44116515 0.908986 -1.6154134
v 0.43717006 0.91026455 -1.6206834
v 0.43651828 0.90974814 -1.6185275
v 0.4305509 0.9102624 -1.6206763
v 0.43055362 0.90957904 -1.6183624
v 0.51691663 0.85072315 -1.4405377
v 0.52621263 0.8241232 -1.3702219
v 0.52339524 0.8159422 -1.3465708
v 0.52621263 0.8241232 -1.3702219
v 0.5255478 0.8149014 -1.3465735
v 0.5255478 0.8149014 -1.3465735
v 0.51618546 0.80830854 -1.3254489
v 0.5182848 0.80715686 -1.3251535
v 0.50778687 0.86751056 -1.4839494
v 0.5141323 0.85799545 -1.4400532
v 0.50720793 0.873878 -1.4838972
v 0.5147416 0.85155845 -1.4399134
v 0.4980513 0.88297826 -1.5283295
v 0.4975148 0.8892783 -1.5280838
v 0.4997315 0.8845732 -1.533292
v 0.49918774 0.8908662 -1.5330247
v 0.50201225 0.8850398 -1.5354257
v 0.5014585 0.89133084 -1.5351491
v 0.5039223 0.8873651 -1.5423379
v 0.5033602 0.893646 -1.5420312
v 0.4945391 0.90237916 -1.587567
v 0.49401793 0.90859455 -1.5870631
v 0.49136612 0.9033447 -1.5910287
v 0.4908588 0.909556 -1.5905098
v 0.4736825 0.9052752 -1.5965403
v 0.4732523 0.91147804 -1.5959973
v 0.46957114 0.906356 -1.6005381
v 0.46915886 0.9125541 -1.5999777
v 0.46444663 0.90754485 -1.6059686
v 0.46405664 0.9137378 -1.6053845
v 0.4573472 0.90798414 -1.6093054
v 0.45698822 0.91417515 -1.6087068
v 0.44116515 0.908986 -1.6154134
v 0.4408767 0.9151726 -1.6147882
v 0.43651828 0.90974814 -1.6185275
v 0.43625006 0.91593146 -1.6178886
v 0.43055362 0.90957904 -1.6183624
v 0.4303114 0.91576314 -1.6177243
v 0.5233616 0.83154166 -1.3702203
v 0.52401125 0.82498884 -1.3697747
v 0.52151906 0.82253444 -1.3471175
v 0.52339524 0.8159422 -1.3465708
v 0.5155699 0.8149341 -1.3260877
v 0.51618546 0.80830854 -1.3254489
v 0.70189 0.78529483 -1.3147161
v 0.64228237 0.7657452 -1.2038448
v 0.7549995 0.76636595 -1.207365
v 0.6491509 0.7807038 -1.2886789
v 0.6491509 0.7807038 -1.2886789
v 0.6522536 0.8462222 -1.3760344
v 0.6170711 0.8092467 -1.3146597
v 0.70189 0.78529483 -1.3147161
v 0.6141787 0.79177475 -1.2909067
v 0.5997668 0.77640957 -1.2643086
v 0.5997668 0.77640957 -1.2643086
v 0.5666431 0.7776286 -1.2534821
v 0.56279135 0.77209127 -1.2398347
v 0.6141787 0.79177475 -1.2909067
v 0.6170711 0.8092467 -1.3146597
v 0.6522536 0.8462222 -1.3760344
v 0.6306844 0.85604995 -1.3486319
v 0.6170711 0.8092467 -1.3146597
v 0.6257063 0.8654274 -1.3412914
v 0.60879475 0.87173325 -1.3157877
v 0.6306844 0.85604995 -1.3486319
v 0.6170711 0.8092467 -1.3146597
v 0.5983212 0.8520595 -1.2265276
v 0.6141787 0.79177475 -1.2909067
v 0.60879475 0.87173325 -1.3157877
v 0.6306844 0.85604995 -1.3486319
v 0.58314204 0.9164208 -1.4367769
v 0.56599045 0.92583793 -1.4209238
v 0.6522536 0.8462222 -1.3760344
v 0.5119819 0.9872378 -1.500622
v 0.49704447 0.9943997 -1.4904243
v 0.4790707 1.0171486 -1.5268399
v 0.47610563 1.014026 -1.5072206
v 0.47610563 1.014026 -1.5072206
v 0.47037506 1.0312346 -1.5317428
v 0.46990335 1.0227047 -1.502667
v 0.4790707 1.0171486 -1.5268399
v 0.47610563 1.014026 -1.5072206
v 0.49097887 1.0030966 -1.4821104
v 0.49704447 0.9943997 -1.4904243
v 0.46990335 1.0227047 -1.502667
v 0.56283104 0.9328308 -1.4098698
v 0.56599045 0.92583793 -1.4209238
v 0.56599045 0.92583793 -1.4209238
v 0.6257063 0.8654274 -1.3412914
v 0.6306844 0.85604995 -1.3486319
v 0.56283104 0.9328308 -1.4098698
v 0.46990335 1.0227047 -1.502667
v 0.46480957 1.038424 -1.5425962
v 0.46448484 1.024208 -1.4968468
v 0.47037506 1.0312346 -1.5317428
v 0.46990335 1.0227047 -1.502667
v 0.46143013 1.0177848 -1.4742068
v 0.49097887 1.0030966 -1.4821104
v 0.46448484 1.024208 -1.4968468
v 0.5002143 0.9509008 -1.3404887
v 0.60879475 0.87173325 -1.3157877
v 0.56283104 0.9328308 -1.4098698
v 0.46448484 1.024208 -1.4968468
v 0.45908186 1.0403688 -1.5429126
v 0.4587366 1.026092 -1.4971634
v 0.46480957 1.038424 -1.5425962
v 0.46143013 1.0177848 -1.4742068
v 0.4587366 1.026092 -1.4971634
v 0.3045512 1.0426965 -1.5446835
v 0.30418244 1.0281723 -1.4981195
v 0.45908186 1.0403688 -1.5429126
v 0.3000357 1.0201417 -1.4749565
v 0.46143013 1.0177848 -1.4742068
v 0.5002143 0.9509008 -1.3404887
v 0.25467783 0.9951165 -1.4376969
v 0.28547442 0.944072 -1.2755532
v 0.4739684 0.89935905 -1.1784077
v 0.29680973 0.90111524 -1.172554
v 0.30418244 1.0281723 -1.4981195
v 0.29861468 1.0419139 -1.5450982
v 0.29820323 1.0254496 -1.4925433
v 0.3045512 1.0426965 -1.5446835
v 0.3000357 1.0201417 -1.4749565
v 0.29820323 1.0254496 -1.4925433
v 0.29861468 1.0419139 -1.5450982
v 0.24886401 1.0127171 -1.494024
v 0.3000357 1.0201417 -1.4749565
v 0.25757715 1.0043643 -1.4623345
v 0.18313996 0.97135 -1.4202174
v 0.25467783 0.9951165 -1.4376969
v 0.17430303 0.9170956 -1.292948
v 0.28547442 0.944072 -1.2755532
v 0.17430303 0.9170956 -1.292948
v 0.18313996 0.97135 -1.4202174
v 0.15863061 0.9557821 -1.3931699
v 0.14393024 0.951739 -1.3902525
v 0.6257063 0.8654274 -1.3412914
v 0.56283104 0.9328308 -1.4098698
v 0.60879475 0.87173325 -1.3157877
v 0.16923 0.85811704 -1.3389229
v 0.13921607 0.844688 -1.4672809
v 0.16556653 0.81552595 -1.3721234
v 0.14119285 0.88957757 -1.4349808
v 0.12297693 0.90072125 -1.4981552
v 0.17430303 0.9170956 -1.292948
v 0.14393024 0.951739 -1.3902525
v 0.14393024 0.951739 -1.3902525
v 0.12297693 0.90072125 -1.4981552
v 0.12277107 0.86570996 -1.5252132
v 0.13921607 0.844688 -1.4672809
v 0.11965089 0.8537754 -1.5332059
v 0.1361764 0.8328946 -1.469209
v 0.13921607 0.844688 -1.4672809
v 0.12277107 0.86570996 -1.5252132
v 0.13921607 0.844688 -1.4672809
v 0.15859522 0.8083705 -1.3860357
v 0.16556653 0.81552595 -1.3721234
v 0.1361764 0.8328946 -1.469209
v 0.1361764 0.8328946 -1.469209
v 0.1066195 0.82790846 -1.5446343
v 0.12351011 0.8164675 -1.4779892
v 0.11965089 0.8537754 -1.5332059
v 0.1361764 0.8328946 -1.469209
v 0.14620955 0.8006892 -1.3932986
v 0.15859522 0.8083705 -1.3860357
v 0.12351011 0.8164675 -1.4779892
v 0.12351011 0.8164675 -1.4779892
v 0.10255885 0.82584 -1.5446588
v 0.12143946 0.8125783 -1.4694486
v 0.1066195 0.82790846 -1.5446343
v 0.12351011 0.8164675 -1.4779892
v 0.14190504 0.79938823 -1.3946435
v 0.14620955 0.8006892 -1.3932986
v 0.12143946 0.8125783 -1.4694486
v 0.14620955 0.8006892 -1.3932986
v 0.16341771 0.7953947 -1.3719956
v 0.16860604 0.7998745 -1.3711865
v 0.14190504 0.79938823 -1.3946435
v 0.14620955 0.8006892 -1.3932986
v 0.16556653 0.81552595 -1.3721234
v 0.15859522 0.8083705 -1.3860357
v 0.16860604 0.7998745 -1.3711865
v 0.16860604 0.7998745 -1.3711865
v 0.18927537 0.77405906 -1.2509947
v 0.19436236 0.7811337 -1.2516304
v 0.16341771 0.7953947 -1.3719956
v 0.16556653 0.81552595 -1.3721234
v 0.16860604 0.7998745 -1.3711865
v 0.19436236 0.7811337 -1.2516304
v 0.16923 0.85811704 -1.3389229
v 0.19436236 0.7811337 -1.2516304
v 0.19300334 0.82551414 -1.2465246
v 0.16556653 0.81552595 -1.3721234
v 0.17430303 0.9170956 -1.292948
v 0.19637461 0.8756527 -1.1986165
v 0.17430303 0.9170956 -1.292948
v 0.29680973 0.90111524 -1.172554
v 0.28547442 0.944072 -1.2755532
v 0.19637461 0.8756527 -1.1986165
v 0.70189 0.78529483 -1.3147161
v 0.75616574 0.7679665 -1.207638
v 0.70224315 0.7887299 -1.3154147
v 0.7549995 0.76636595 -1.207365
v 0.70189 0.78529483 -1.3147161
v 0.6535028 0.84909993 -1.3751979
v 0.6522536 0.8462222 -1.3760344
v 0.70224315 0.7887299 -1.3154147
v 0.6522536 0.8462222 -1.3760344
v 0.6501844 0.85654044 -1.3765669
v 0.64906526 0.853659 -1.377377
v 0.6535028 0.84909993 -1.3751979
v 0.64906526 0.853659 -1.377377
v 0.5957144 0.9158502 -1.4345986
v 0.58774495 0.9207877 -1.4399359
v 0.6501844 0.85654044 -1.3765669
v 0.58774495 0.9207877 -1.4399359
v 0.5305447 0.98320264 -1.4924319
v 0.52785784 0.98198813 -1.4948508
v 0.5957144 0.9158502 -1.4345986
v 0.4847654 1.0216452 -1.5290834
v 0.4819019 1.0184963 -1.5289929
v 0.4819019 1.0184963 -1.5289929
v 0.46480957 1.038424 -1.5425962
v 0.47037506 1.0312346 -1.5317428
v 0.4847654 1.0216452 -1.5290834
v 0.47037506 1.0312346 -1.5317428
v 0.4790707 1.0171486 -1.5268399
v 0.4819019 1.0184963 -1.5289929
v 0.4790707 1.0171486 -1.5268399
v 0.52785784 0.98198813 -1.4948508
v 0.4819019 1.0184963 -1.5289929
v 0.5119819 0.9872378 -1.500622
v 0.5119819 0.9872378 -1.500622
v 0.58774495 0.9207877 -1.4399359
v 0.52785784 0.98198813 -1.4948508
v 0.58314204 0.9164208 -1.4367769
v 0.58314204 0.9164208 -1.4367769
v 0.64906526 0.853659 -1.377377
v 0.58774495 0.9207877 -1.4399359
v 0.58314204 0.9164208 -1.4367769
v 0.6522536 0.8462222 -1.3760344
v 0.45908186 1.0403688 -1.5429126
v 0.4663533 1.0408194 -1.5416319
v 0.4592554 1.0433758 -1.5425057
v 0.46480957 1.038424 -1.5425962
v 0.45908186 1.0403688 -1.5429126
v 0.30445138 1.0457084 -1.5442821
v 0.3045512 1.0426965 -1.5446835
v 0.4592554 1.0433758 -1.5425057
v 0.2978581 1.0448111 -1.5446484
v 0.29861468 1.0419139 -1.5450982
v 0.29861468 1.0419139 -1.5450982
v 0.2388414 1.0088599 -1.4843904
v 0.24886401 1.0127171 -1.494024
v 0.2978581 1.0448111 -1.5446484
v 0.24886401 1.0127171 -1.494024
v 0.15981877 0.9596841 -1.3941487
v 0.18313996 0.97135 -1.4202174
v 0.2388414 1.0088599 -1.4843904
v 0.18313996 0.97135 -1.4202174
v 0.15981877 0.9596841 -1.3941487
v 0.15863061 0.9557821 -1.3931699
v 0.15863061 0.9557821 -1.3931699
v 0.14613703 0.95608836 -1.395289
v 0.14393024 0.951739 -1.3902525
v 0.15981877 0.9596841 -1.3941487
v 0.14393024 0.951739 -1.3902525
v 0.1278805 0.959425 -1.4223679
v 0.123261996 0.9492038 -1.460686
v 0.14613703 0.95608836 -1.395289
v 0.18927537 0.77405906 -1.2509947
v 0.10659764 0.7907301 -1.3455409
v 0.13025162 0.7853362 -1.3149507
v 0.16341771 0.7953947 -1.3719956
v 0.14190504 0.79938823 -1.3946435
v 0.12143946 0.8125783 -1.4694486
v 0.10113066 0.8082717 -1.4450238
v 0.09699996 0.82417405 -1.535211
v 0.10255885 0.82584 -1.5446588
v 0.17362787 0.75655335 -1.1517149
v 0.19709489 0.77269346 -1.2423357
v 0.28171334 0.77266407 -1.2421907
v 0.28613138 0.7589605 -1.1653659
v 0.2031998 0.75223476 -1.1272231
v 0.37256575 0.75223476 -1.1272231
v 0.3755202 0.7587502 -1.1641737
v 0.54399925 0.75223476 -1.1272231
v 0.46610016 0.76044995 -1.1689528
v 0.55901545 0.753942 -1.136904
v 0.56279135 0.77209127 -1.2398347
v 0.4676634 0.77241474 -1.2409798
v 0.56279135 0.77209127 -1.2398347
v 0.4670783 0.78054976 -1.2483981
v 0.4676634 0.77241474 -1.2409798
v 0.5666431 0.7776286 -1.2534821
v 0.19436236 0.7811337 -1.2516304
v 0.18927537 0.77405906 -1.2509947
v 0.19709489 0.77269346 -1.2423357
v 0.19436236 0.7811337 -1.2516304
v 0.28171334 0.77266407 -1.2421907
v 0.28286967 0.7826274 -1.2473488
v 0.19709489 0.77269346 -1.2423357
v 0.28286967 0.7826274 -1.2473488
v 0.4676634 0.77241474 -1.2409798
v 0.4670783 0.78054976 -1.2483981
v 0.28171334 0.77266407 -1.2421907
v 0.5666431 0.7776286 -1.2534821
v 0.6141787 0.79177475 -1.2909067
v 0.5971985 0.82203263 -1.2477063
v 0.12297693 0.90072125 -1.4981552
v 0.14393024 0.951739 -1.3902525
v 0.123261996 0.9492038 -1.460686
v 0.5666431 0.7776286 -1.2534821
v 0.19300334 0.82551414 -1.2465246
v 0.19436236 0.7811337 -1.2516304
v 0.5971985 0.82203263 -1.2477063
v 0.5971985 0.82203263 -1.2477063
v 0.6141787 0.79177475 -1.2909067
v 0.5983212 0.8520595 -1.2265276
v 0.5971985 0.82203263 -1.2477063
v 0.19637461 0.8756527 -1.1986165
v 0.19300334 0.82551414 -1.2465246
v 0.5983212 0.8520595 -1.2265276
v 0.5983212 0.8520595 -1.2265276
v 0.5002143 0.9509008 -1.3404887
v 0.4739684 0.89935905 -1.1784077
v 0.60879475 0.87173325 -1.3157877
v 0.3000357 1.0201417 -1.4749565
v 0.25467783 0.9951165 -1.4376969
v 0.46143013 1.0177848 -1.4742068
v 0.25757715 1.0043643 -1.4623345
v 0.5983212 0.8520595 -1.2265276
v 0.29680973 0.90111524 -1.172554
v 0.19637461 0.8756527 -1.1986165
v 0.4739684 0.89935905 -1.1784077
v 0.5022171 0.9605486 -1.4682944
v 0.51098114 0.90789145 -1.3780978
v 0.50726223 0.92721057 -1.3618661
v 0.5057263 0.94106466 -1.4677846
v 0.5063185 0.88882947 -1.3943672
v 0.50281984 0.9145813 -1.4668558
v 0.50183105 0.9153119 -1.4676983
v 0.5050406 0.94099945 -1.4685042
v 0.50115556 0.96089107 -1.4693924
v 0.50097287 0.961746 -1.4674339
v 0.5048306 0.92792594 -1.362075
v 0.5056892 0.8880005 -1.3948666
v 0.5017746 0.9138233 -1.4670728
v 0.50014114 0.9153119 -1.4676983
v 0.5033507 0.94099945 -1.4685042
v 0.49946558 0.96089107 -1.4693924
v 0.499283 0.961746 -1.4674339
v 0.5031407 0.92792594 -1.362075
v 0.49946558 0.96089107 -1.4693924
v 0.49946558 0.96089107 -1.4693924
v 0.50399923 0.8880005 -1.3948666
v 0.5000847 0.9138233 -1.4670728
v 0.2488007 0.9605486 -1.4682944
v 0.2400367 0.90789145 -1.3780978
v 0.24529155 0.94106466 -1.4677846
v 0.24375556 0.92721057 -1.3618661
v 0.24469928 0.88882947 -1.3943672
v 0.24819797 0.9145813 -1.4668558
v 0.24918678 0.9153119 -1.4676983
v 0.24597722 0.94099945 -1.4685042
v 0.2498623 0.96089107 -1.4693924
v 0.2500449 0.961746 -1.4674339
v 0.24618721 0.92792594 -1.362075
v 0.24532863 0.8880005 -1.3948666
v 0.2492432 0.9138233 -1.4670728
v 0.2508767 0.9153119 -1.4676983
v 0.24766715 0.94099945 -1.4685042
v 0.25155222 0.96089107 -1.4693924
v 0.25173485 0.961746 -1.4674339
v 0.24787714 0.92792594 -1.362075
v 0.25155222 0.96089107 -1.4693924
v 0.25155222 0.96089107 -1.4693924
v 0.24701856 0.8880005 -1.3948666
v 0.25093314 0.9138233 -1.4670728
v 0.24437301 0.86542743 -1.3372265
v 0.2660531 0.8935224 -1.4771508
v 0.25233942 0.9151376 -1.4771506
v 0.25995585 0.8408658 -1.3372265
v 0.286577 0.8790796 -1.4771508
v 0.28327715 0.8244545 -1.3372265
v 0.31078655 0.8740077 -1.4771508
v 0.31078663 0.81869113 -1.3372265
v 0.33499616 0.8790796 -1.4771508
v 0.33829606 0.8244544 -1.3372265
v 0.3557567 0.8914796 -1.4717227
v 0.36161742 0.8408658 -1.3372265
v 0.3772003 0.8654274 -1.3372265
v 0.38267222 0.89439976 -1.3372265
v 0.3785881 0.9162985 -1.4035003
v 0.37317196 0.9449938 -1.4079802
v 0.37720025 0.9233721 -1.3372265
v 0.3582138 0.9701586 -1.415336
v 0.36161748 0.94793355 -1.3372265
v 0.3382961 0.96434516 -1.3372265
v 0.33499625 1.00219 -1.4771506
v 0.31078666 1.0072618 -1.4771508
v 0.31078666 0.9701079 -1.3372266
v 0.286577 1.00219 -1.4771506
v 0.28327715 0.96434516 -1.3372265
v 0.2660531 0.9877472 -1.4771508
v 0.25995594 0.94793355 -1.3372265
v 0.25233948 0.96613175 -1.4771507
v 0.24437301 0.9233721 -1.3372265
v 0.24752387 0.9406346 -1.4771506
v 0.23890106 0.89439976 -1.3372265
v 0.25233942 0.9151376 -1.4771506
v 0.24437301 0.86542743 -1.3372265
v 0.35618663 0.9833956 -1.4592949
v 0.3555202 0.9877472 -1.4771508
v 0.3587817 0.97954464 -1.4629666
v 0.36977386 0.9632332 -1.4676658
v 0.36923385 0.96613175 -1.4771507
v 0.37450397 0.93819726 -1.4697742
v 0.3740494 0.9406346 -1.4771506
v 0.36961383 0.9127664 -1.4704759
v 0.36923385 0.9151376 -1.4771506
v 0.3557567 0.8914796 -1.4717227
v 0.35552016 0.8935224 -1.4771508
v 0.33499616 0.8790796 -1.4771508
v 0.25233942 0.9151376 -1.4771506
v 0.26929343 0.89659697 -1.4759641
v 0.25658777 0.9168065 -1.4764279
v 0.2660531 0.8935224 -1.4771508
v 0.2883266 0.88308835 -1.4756558
v 0.286577 0.8790796 -1.4771508
v 0.31078655 0.87834346 -1.475548
v 0.31078655 0.8740077 -1.4771508
v 0.33324656 0.88308835 -1.4756558
v 0.33499616 0.8790796 -1.4771508
v 0.3522798 0.89659697 -1.4759641
v 0.35552016 0.8935224 -1.4771508
v 0.3649855 0.9168065 -1.4764279
v 0.36923385 0.9151376 -1.4771506
v 0.36943206 0.9406325 -1.4769791
v 0.3740494 0.9406346 -1.4771506
v 0.36495024 0.964445 -1.477535
v 0.36923385 0.96613175 -1.4771507
v 0.35223007 0.98462105 -1.4780099
v 0.3555202 0.9877472 -1.4771508
v 0.33321136 0.99809664 -1.4783295
v 0.33499625 1.00219 -1.4771506
v 0.31078666 1.0028274 -1.4784416
v 0.31078666 1.0072618 -1.4771508
v 0.28836185 0.99809664 -1.4783295
v 0.286577 1.00219 -1.4771506
v 0.26934326 0.98462105 -1.4780099
v 0.2660531 0.9877472 -1.4771508
v 0.25662306 0.964445 -1.477535
v 0.25233948 0.96613175 -1.4771507
v 0.2521412 0.9406325 -1.4769791
v 0.24752387 0.9406346 -1.4771506
v 0.2521412 0.9406325 -1.4769791
v 0.25658777 0.9168065 -1.4764279
v 0.26932174 0.8931869 -1.4580362
v 0.2578166 0.9119022 -1.4526724
v 0.26929343 0.89659697 -1.4759641
v 0.28799614 0.88021916 -1.4617623
v 0.2883266 0.88308835 -1.4756558
v 0.31078655 0.8755704 -1.4631001
v 0.31078655 0.87834346 -1.475548
v 0.33357704 0.88021916 -1.4617623
v 0.33324656 0.88308835 -1.4756558
v 0.35225153 0.8931869 -1.4580362
v 0.3522798 0.89659697 -1.4759641
v 0.36375666 0.9119022 -1.4526724
v 0.3649855 0.9168065 -1.4764279
v 0.36662772 0.9329905 -1.4466498
v 0.36943206 0.9406325 -1.4769791
v 0.2521412 0.9406325 -1.4769791
v 0.2549456 0.9329905 -1.4466498
v 0.25662306 0.964445 -1.477535
v 0.25662306 0.964445 -1.477535
v 0.26058105 0.95303935 -1.4409481
v 0.26934326 0.98462105 -1.4780099
v 0.2732943 0.9691888 -1.4363759
v 0.28836185 0.99809664 -1.4783295
v 0.29085118 0.97950774 -1.4334658
v 0.31078666 1.0028274 -1.4784416
v 0.31078666 0.9830339 -1.4324735
v 0.33321136 0.99809664 -1.4783295
v 0.3307219 0.97950774 -1.4334658
v 0.35223007 0.98462105 -1.4780099
v 0.34827894 0.96918875 -1.4363759
v 0.36495024 0.964445 -1.477535
v 0.3609923 0.95303935 -1.4409481
v 0.36943206 0.9406325 -1.4769791
v 0.3609923 0.95303935 -1.4409481
v 0.36662772 0.9329905 -1.4466498
v 0.2578166 0.9119022 -1.4526724
v 0.27361763 0.89706165 -1.4573333
v 0.26331484 0.9138454 -1.452572
v 0.26932174 0.8931869 -1.4580362
v 0.29035228 0.8854314 -1.4606636
v 0.28799614 0.88021916 -1.4617623
v 0.31078655 0.8812616 -1.4618658
v 0.31078655 0.8755704 -1.4631001
v 0.3312209 0.8854314 -1.4606636
v 0.33357704 0.88021916 -1.4617623
v 0.34795564 0.89706165 -1.4573333
v 0.35225153 0.8931869 -1.4580362
v 0.35825843 0.9138454 -1.452572
v 0.36375666 0.9119022 -1.4526724
v 0.36082542 0.93275815 -1.4472512
v 0.36662772 0.9329905 -1.4466498
v 0.35577345 0.9507415 -1.4422276
v 0.3609923 0.95303935 -1.4409481
v 0.3443808 0.9652291 -1.4382057
v 0.34827894 0.96918875 -1.4363759
v 0.32864872 0.97448665 -1.435649
v 0.3307219 0.97950774 -1.4334658
v 0.31078666 0.97765005 -1.4347781
v 0.31078666 0.9830339 -1.4324735
v 0.29292446 0.97448665 -1.435649
v 0.29085118 0.97950774 -1.4334658
v 0.27719244 0.96522915 -1.4382055
v 0.2732943 0.9691888 -1.4363759
v 0.26579994 0.9507415 -1.4422276
v 0.26058105 0.95303935 -1.4409481
v 0.2607479 0.93275815 -1.4472512
v 0.2549456 0.9329905 -1.4466498
v 0.50559974 0.86542743 -1.3372265
v 0.48391962 0.8935224 -1.4771508
v 0.49001688 0.8408658 -1.3372265
v 0.4976333 0.9151376 -1.4771506
v 0.46339574 0.8790796 -1.4771508
v 0.46669558 0.8244545 -1.3372265
v 0.43918622 0.8740077 -1.4771508
v 0.43918613 0.81869113 -1.3372265
v 0.41497657 0.8790796 -1.4771508
v 0.4116767 0.8244544 -1.3372265
v 0.39421603 0.8914796 -1.4717227
v 0.3883553 0.8408658 -1.3372265
v 0.37277243 0.8654274 -1.3372265
v 0.37138465 0.9162985 -1.4035003
v 0.3673005 0.89439976 -1.3372265
v 0.3768008 0.9449938 -1.4079802
v 0.3727725 0.9233721 -1.3372265
v 0.39175895 0.9701586 -1.415336
v 0.38835528 0.94793355 -1.3372265
v 0.41167668 0.96434516 -1.3372265
v 0.41497648 1.00219 -1.4771506
v 0.4391861 1.0072618 -1.4771508
v 0.4391861 0.9701079 -1.3372266
v 0.46339574 1.00219 -1.4771506
v 0.46669558 0.96434516 -1.3372265
v 0.48391962 0.9877472 -1.4771508
v 0.49001682 0.94793355 -1.3372265
v 0.49763328 0.96613175 -1.4771507
v 0.50559974 0.9233721 -1.3372265
v 0.50244886 0.9406346 -1.4771506
v 0.5110717 0.89439976 -1.3372265
v 0.4976333 0.9151376 -1.4771506
v 0.50559974 0.86542743 -1.3372265
v 0.3937861 0.9833956 -1.4592949
v 0.39445254 0.9877472 -1.4771508
v 0.3908704 0.9790689 -1.4631037
v 0.3801989 0.9632332 -1.4676658
v 0.38073888 0.96613175 -1.4771507
v 0.3754688 0.93819726 -1.4697742
v 0.37592334 0.9406346 -1.4771506
v 0.3803589 0.9127664 -1.4704759
v 0.38073888 0.9151376 -1.4771506
v 0.39421603 0.8914796 -1.4717227
v 0.39445257 0.8935224 -1.4771508
v 0.41497657 0.8790796 -1.4771508
v 0.4976333 0.9151376 -1.4771506
v 0.4806793 0.89659697 -1.4759641
v 0.48391962 0.8935224 -1.4771508
v 0.49338496 0.9168065 -1.4764279
v 0.46164614 0.88308835 -1.4756558
v 0.46339574 0.8790796 -1.4771508
v 0.43918622 0.87834346 -1.475548
v 0.43918622 0.8740077 -1.4771508
v 0.41672617 0.88308835 -1.4756558
v 0.41497657 0.8790796 -1.4771508
v 0.39769295 0.89659697 -1.4759641
v 0.39445257 0.8935224 -1.4771508
v 0.38498726 0.9168065 -1.4764279
v 0.38073888 0.9151376 -1.4771506
v 0.3805407 0.9406325 -1.4769791
v 0.37592334 0.9406346 -1.4771506
v 0.3850225 0.964445 -1.477535
v 0.38073888 0.96613175 -1.4771507
v 0.3977427 0.98462105 -1.4780099
v 0.39445254 0.9877472 -1.4771508
v 0.4167614 0.99809664 -1.4783295
v 0.41497648 1.00219 -1.4771506
v 0.4391861 1.0028274 -1.4784416
v 0.4391861 1.0072618 -1.4771508
v 0.46161088 0.99809664 -1.4783295
v 0.46339574 1.00219 -1.4771506
v 0.4806295 0.98462105 -1.4780099
v 0.48391962 0.9877472 -1.4771508
v 0.49334967 0.964445 -1.477535
v 0.49334967 0.964445 -1.477535
v 0.49763328 0.96613175 -1.4771507
v 0.49783152 0.9406325 -1.4769791
v 0.49783152 0.9406325 -1.4769791
v 0.50244886 0.9406346 -1.4771506
v 0.49338496 0.9168065 -1.4764279
v 0.480651 0.8931869 -1.4580362
v 0.4806793 0.89659697 -1.4759641
v 0.49215612 0.9119022 -1.4526724
v 0.46197662 0.88021916 -1.4617623
v 0.46164614 0.88308835 -1.4756558
v 0.43918622 0.8755704 -1.4631001
v 0.43918622 0.87834346 -1.475548
v 0.41639572 0.88021916 -1.4617623
v 0.41672617 0.88308835 -1.4756558
v 0.3977212 0.8931869 -1.4580362
v 0.39769295 0.89659697 -1.4759641
v 0.38621607 0.9119022 -1.4526724
v 0.38498726 0.9168065 -1.4764279
v 0.38334504 0.9329905 -1.4466498
v 0.3805407 0.9406325 -1.4769791
v 0.38898045 0.95303935 -1.4409481
v 0.38898045 0.95303935 -1.4409481
v 0.3850225 0.964445 -1.477535
v 0.4016938 0.96918875 -1.4363759
v 0.3977427 0.98462105 -1.4780099
v 0.41925082 0.97950774 -1.4334658
v 0.4167614 0.99809664 -1.4783295
v 0.4391861 0.9830339 -1.4324735
v 0.4391861 1.0028274 -1.4784416
v 0.45912158 0.97950774 -1.4334658
v 0.46161088 0.99809664 -1.4783295
v 0.47667846 0.9691888 -1.4363759
v 0.4806295 0.98462105 -1.4780099
v 0.48939168 0.95303935 -1.4409481
v 0.49334967 0.964445 -1.477535
v 0.49502715 0.9329905 -1.4466498
v 0.49334967 0.964445 -1.477535
v 0.49783152 0.9406325 -1.4769791
v 0.49215612 0.9119022 -1.4526724
v 0.47635514 0.89706165 -1.4573333
v 0.480651 0.8931869 -1.4580362
v 0.4866579 0.9138454 -1.452572
v 0.45962048 0.8854314 -1.4606636
v 0.46197662 0.88021916 -1.4617623
v 0.43918622 0.8812616 -1.4618658
v 0.43918622 0.8755704 -1.4631001
v 0.41875187 0.8854314 -1.4606636
v 0.41639572 0.88021916 -1.4617623
v 0.4020171 0.89706165 -1.4573333
v 0.3977212 0.8931869 -1.4580362
v 0.3917143 0.9138454 -1.452572
v 0.38621607 0.9119022 -1.4526724
v 0.38914734 0.93275815 -1.4472512
v 0.38334504 0.9329905 -1.4466498
v 0.39419928 0.9507415 -1.4422276
v 0.38898045 0.95303935 -1.4409481
v 0.40559196 0.9652291 -1.4382057
v 0.4016938 0.96918875 -1.4363759
v 0.42132404 0.97448665 -1.435649
v 0.41925082 0.97950774 -1.4334658
v 0.4391861 0.97765005 -1.4347781
v 0.4391861 0.9830339 -1.4324735
v 0.4570483 0.97448665 -1.435649
v 0.45912158 0.97950774 -1.4334658
v 0.4727803 0.96522915 -1.4382055
v 0.47667846 0.9691888 -1.4363759
v 0.48417282 0.9507415 -1.4422276
v 0.48939168 0.95303935 -1.4409481
v 0.48922485 0.93275815 -1.4472512
v 0.49502715 0.9329905 -1.4466498
v 0.35618663 0.9833956 -1.4592949
v 0.39175895 0.9701586 -1.415336
v 0.3582138 0.9701586 -1.415336
v 0.3937861 0.9833956 -1.4592949
v 0.3587817 0.97954464 -1.4629666
v 0.3908704 0.9790689 -1.4631037
v 0.36977386 0.9632332 -1.4676658
v 0.3801989 0.9632332 -1.4676658
v 0.37450397 0.93819726 -1.4697742
v 0.3754688 0.93819726 -1.4697742
v 0.36961383 0.9127664 -1.4704759
v 0.3803589 0.9127664 -1.4704759
v 0.3557567 0.8914796 -1.4717227
v 0.39421603 0.8914796 -1.4717227
v 0.36161742 0.8408658 -1.3372265
v 0.39421603 0.8914796 -1.4717227
v 0.3557567 0.8914796 -1.4717227
v 0.3883553 0.8408658 -1.3372265
v 0.090283364 0.8790917 -1.5243804
v 0.085462496 0.8836405 -1.530562
v 0.08625832 0.87908643 -1.523903
v 0.08948753 0.8836457 -1.5310396
v 0.08625832 0.87908643 -1.523903
v 0.08367853 0.8865418 -1.5283647
v 0.08447437 0.8819878 -1.5217056
v 0.085462496 0.8836405 -1.530562
v 0.08447437 0.8819878 -1.5217056
v 0.08591962 0.88944846 -1.5266448
v 0.086715445 0.8848945 -1.5199858
v 0.08367853 0.8865418 -1.5283647
v 0.086715445 0.8848945 -1.5199858
v 0.08994465 0.8894537 -1.5271223
v 0.09074049 0.8848997 -1.5204632
v 0.08591962 0.88944846 -1.5266448
v 0.09074049 0.8848997 -1.5204632
v 0.091728605 0.88655233 -1.5293198
v 0.09252445 0.88199836 -1.5226606
v 0.08994465 0.8894537 -1.5271223
v 0.09252445 0.88199836 -1.5226606
v 0.08948753 0.8836457 -1.5310396
v 0.090283364 0.8790917 -1.5243804
v 0.091728605 0.88655233 -1.5293198
v 0.08948753 0.8836457 -1.5310396
v 0.08770357 0.8865471 -1.5288423
v 0.085462496 0.8836405 -1.530562
v 0.08367853 0.8865418 -1.5283647
v 0.08591962 0.88944846 -1.5266448
v 0.08994465 0.8894537 -1.5271223
v 0.091728605 0.88655233 -1.5293198
v 0.090012595 0.94591457 -1.4730812
v 0.085688934 0.95078295 -1.4793859
v 0.08597007 0.9460428 -1.4728156
v 0.08973146 0.9506548 -1.4796513
v 0.08597007 0.9460428 -1.4728156
v 0.08389204 0.95369244 -1.4772099
v 0.084173165 0.94895226 -1.4706396
v 0.085688934 0.95078295 -1.4793859
v 0.084173165 0.94895226 -1.4706396
v 0.08613767 0.9564738 -1.4752992
v 0.0864188 0.9517336 -1.468729
v 0.08389204 0.95369244 -1.4772099
v 0.0864188 0.9517336 -1.468729
v 0.090180196 0.9563457 -1.4755647
v 0.09046133 0.95160544 -1.4689946
v 0.08613767 0.9564738 -1.4752992
v 0.09046133 0.95160544 -1.4689946
v 0.0919771 0.9534362 -1.4777408
v 0.09225822 0.94869596 -1.4711704
v 0.090180196 0.9563457 -1.4755647
v 0.09225822 0.94869596 -1.4711704
v 0.08973146 0.9506548 -1.4796513
v 0.090012595 0.94591457 -1.4730812
v 0.0919771 0.9534362 -1.4777408
v 0.08973146 0.9506548 -1.4796513
v 0.08793457 0.9535643 -1.4774753
v 0.085688934 0.95078295 -1.4793859
v 0.08389204 0.95369244 -1.4772099
v 0.08613767 0.9564738 -1.4752992
v 0.090180196 0.9563457 -1.4755647
v 0.0919771 0.9534362 -1.4777408
v -0.09001266 0.94591457 -1.4730812
v -0.085689 0.95078295 -1.4793859
v -0.08973153 0.9506548 -1.4796513
v -0.08597013 0.9460428 -1.4728156
v -0.08597013 0.9460428 -1.4728156
v -0.08389211 0.95369244 -1.4772099
v -0.085689 0.95078295 -1.4793859
v -0.08417323 0.94895226 -1.4706396
v -0.08417323 0.94895226 -1.4706396
v -0.086137734 0.9564738 -1.4752992
v -0.08389211 0.95369244 -1.4772099
v -0.08641887 0.9517336 -1.468729
v -0.08641887 0.9517336 -1.468729
v -0.09018026 0.9563457 -1.4755647
v -0.086137734 0.9564738 -1.4752992
v -0.090461396 0.95160544 -1.4689946
v -0.090461396 0.95160544 -1.4689946
v -0.091977164 0.9534362 -1.4777408
v -0.09018026 0.9563457 -1.4755647
v -0.09225829 0.94869596 -1.4711704
v -0.09225829 0.94869596 -1.4711704
v -0.08973153 0.9506548 -1.4796513
v -0.091977164 0.9534362 -1.4777408
v -0.09001266 0.94591457 -1.4730812
v -0.08973153 0.9506548 -1.4796513
v -0.085689 0.95078295 -1.4793859
v -0.087934636 0.9535643 -1.4774753
v -0.08389211 0.95369244 -1.4772099
v -0.086137734 0.9564738 -1.4752992
v -0.09018026 0.9563457 -1.4755647
v -0.091977164 0.9534362 -1.4777408
v -0.09028342 0.8790917 -1.5243804
v -0.08546255 0.8836405 -1.530562
v -0.08948759 0.8836457 -1.5310396
v -0.08625838 0.87908643 -1.523903
v -0.08625838 0.87908643 -1.523903
v -0.08367859 0.8865418 -1.5283647
v -0.08546255 0.8836405 -1.530562
v -0.08447443 0.8819878 -1.5217056
v -0.08447443 0.8819878 -1.5217056
v -0.08591967 0.88944846 -1.5266448
v -0.08367859 0.8865418 -1.5283647
v -0.086715505 0.8848945 -1.5199858
v -0.086715505 0.8848945 -1.5199858
v -0.08994471 0.8894537 -1.5271223
v -0.08591967 0.88944846 -1.5266448
v -0.09074055 0.8848997 -1.5204632
v -0.09074055 0.8848997 -1.5204632
v -0.091728665 0.88655233 -1.5293198
v -0.08994471 0.8894537 -1.5271223
v -0.092524506 0.88199836 -1.5226606
v -0.092524506 0.88199836 -1.5226606
v -0.08948759 0.8836457 -1.5310396
v -0.091728665 0.88655233 -1.5293198
v -0.09028342 0.8790917 -1.5243804
v -0.08948759 0.8836457 -1.5310396
v -0.08546255 0.8836405 -1.530562
v -0.08770362 0.8865471 -1.5288423
v -0.08367859 0.8865418 -1.5283647
v -0.08591967 0.88944846 -1.5266448
v -0.08994471 0.8894537 -1.5271223
v -0.091728665 0.88655233 -1.5293198
v 0.07473654 0.94378775 -1.4847766
v 0.06556221 0.9365226 -1.4903717
v 0.074736506 0.9366386 -1.490314
v 0.06556221 0.94387263 -1.4846786
v 0.07545858 0.94331837 -1.4842093
v 0.07545855 0.9362065 -1.4897177
v 0.074585825 0.93551654 -1.490252
v 0.06558583 0.93551654 -1.490252
v 0.06471308 0.9362066 -1.4897177
v 0.0647131 0.94331837 -1.4842093
v 0.06558583 0.9440083 -1.4836748
v 0.074585825 0.9440083 -1.4836748
v 0.07545858 0.9416745 -1.4818556
v 0.07545855 0.93456256 -1.487364
v 0.074585825 0.93387264 -1.4878983
v 0.06558583 0.93387264 -1.4878983
v 0.06471308 0.9345627 -1.487364
v 0.0647131 0.9416745 -1.4818556
v 0.06558583 0.9423644 -1.4813211
v 0.074585825 0.9423644 -1.4813211
v 0.07473654 0.9304606 -1.4953408
v 0.06556221 0.9231954 -1.5009359
v 0.074736506 0.9233114 -1.5008782
v 0.06556221 0.9305455 -1.4952428
v 0.07545858 0.9299912 -1.4947735
v 0.07545855 0.92287934 -1.5002819
v 0.074585825 0.9221894 -1.5008163
v 0.06558583 0.9221894 -1.5008163
v 0.06471308 0.9228794 -1.5002819
v 0.0647131 0.9299912 -1.4947735
v 0.06558583 0.9306811 -1.494239
v 0.074585825 0.9306811 -1.494239
v 0.07545858 0.9283473 -1.4924198
v 0.07545855 0.9212354 -1.4979283
v 0.074585825 0.92054546 -1.4984627
v 0.06558583 0.92054546 -1.4984627
v 0.06471308 0.9212355 -1.4979283
v 0.0647131 0.9283473 -1.4924198
v 0.06558583 0.9290372 -1.4918853
v 0.074585825 0.9290372 -1.4918853
v 0.07473654 0.9170035 -1.5057048
v 0.06556221 0.90973836 -1.5112998
v 0.074736506 0.9098544 -1.5112422
v 0.06556221 0.91708845 -1.5056068
v 0.07545858 0.9165342 -1.5051374
v 0.07545855 0.9094223 -1.5106459
v 0.074585825 0.90873235 -1.5111803
v 0.06558583 0.90873235 -1.5111803
v 0.06471308 0.90942234 -1.5106459
v 0.0647131 0.9165342 -1.5051374
v 0.06558583 0.9172241 -1.5046029
v 0.074585825 0.9172241 -1.5046029
v 0.07545858 0.9148903 -1.5027838
v 0.07545855 0.9077784 -1.5082922
v 0.074585825 0.90708846 -1.5088266
v 0.06558583 0.90708846 -1.5088266
v 0.06471308 0.90777844 -1.5082922
v 0.0647131 0.9148903 -1.5027838
v 0.06558583 0.9155802 -1.5022492
v 0.074585825 0.9155802 -1.5022492
v 0.07473654 0.90371215 -1.5163981
v 0.06556221 0.89644694 -1.5219933
v 0.074736506 0.896563 -1.5219356
v 0.06556221 0.90379703 -1.5163002
v 0.07545858 0.90324277 -1.5158308
v 0.07545855 0.89613086 -1.5213392
v 0.074585825 0.89544094 -1.5218736
v 0.06558583 0.89544094 -1.5218736
v 0.06471308 0.896131 -1.5213392
v 0.0647131 0.90324277 -1.5158308
v 0.06558583 0.9039327 -1.5152963
v 0.074585825 0.9039327 -1.5152963
v 0.07545858 0.9015989 -1.5134771
v 0.07545855 0.89448696 -1.5189855
v 0.074585825 0.89379704 -1.5195199
v 0.06558583 0.89379704 -1.5195199
v 0.06471308 0.8944871 -1.5189855
v 0.0647131 0.9015989 -1.5134771
v 0.06558583 0.9022888 -1.5129427
v 0.074585825 0.9022888 -1.5129427
v -0.0747366 0.94378775 -1.4847766
v -0.06556227 0.9365226 -1.4903717
v -0.06556227 0.94387263 -1.4846786
v -0.074736565 0.9366386 -1.490314
v -0.07545864 0.94331837 -1.4842093
v -0.07545861 0.9362065 -1.4897177
v -0.07458589 0.93551654 -1.490252
v -0.06558589 0.93551654 -1.490252
v -0.06471314 0.9362066 -1.4897177
v -0.064713165 0.94331837 -1.4842093
v -0.06558589 0.9440083 -1.4836748
v -0.07458589 0.9440083 -1.4836748
v -0.07545864 0.9416745 -1.4818556
v -0.07545861 0.93456256 -1.487364
v -0.07458589 0.93387264 -1.4878983
v -0.06558589 0.93387264 -1.4878983
v -0.06471314 0.9345627 -1.487364
v -0.064713165 0.9416745 -1.4818556
v -0.06558589 0.9423644 -1.4813211
v -0.07458589 0.9423644 -1.4813211
v -0.0747366 0.9304606 -1.4953408
v -0.06556227 0.9231954 -1.5009359
v -0.06556227 0.9305455 -1.4952428
v -0.074736565 0.9233114 -1.5008782
v -0.07545864 0.9299912 -1.4947735
v -0.07545861 0.92287934 -1.5002819
v -0.07458589 0.9221894 -1.5008163
v -0.06558589 0.9221894 -1.5008163
v -0.06471314 0.9228794 -1.5002819
v -0.064713165 0.9299912 -1.4947735
v -0.06558589 0.9306811 -1.494239
v -0.07458589 0.9306811 -1.494239
v -0.07545864 0.9283473 -1.4924198
v -0.07545861 0.9212354 -1.4979283
v -0.07458589 0.92054546 -1.4984627
v -0.06558589 0.92054546 -1.4984627
v -0.06471314 0.9212355 -1.4979283
v -0.064713165 0.9283473 -1.4924198
v -0.06558589 0.9290372 -1.4918853
v -0.07458589 0.9290372 -1.4918853
v -0.0747366 0.9170035 -1.5057048
v -0.06556227 0.90973836 -1.5112998
v -0.06556227 0.91708845 -1.5056068
v -0.074736565 0.9098544 -1.5112422
v -0.07545864 0.9165342 -1.5051374
v -0.07545861 0.9094223 -1.5106459
v -0.07458589 0.90873235 -1.5111803
v -0.06558589 0.90873235 -1.5111803
v -0.06471314 0.90942234 -1.5106459
v -0.064713165 0.9165342 -1.5051374
v -0.06558589 0.9172241 -1.5046029
v -0.07458589 0.9172241 -1.5046029
v -0.07545864 0.9148903 -1.5027838
v -0.07545861 0.9077784 -1.5082922
v -0.07458589 0.90708846 -1.5088266
v -0.06558589 0.90708846 -1.5088266
v -0.06471314 0.90777844 -1.5082922
v -0.064713165 0.9148903 -1.5027838
v -0.06558589 0.9155802 -1.5022492
v -0.07458589 0.9155802 -1.5022492
v -0.0747366 0.90371215 -1.5163981
v -0.06556227 0.89644694 -1.5219933
v -0.06556227 0.90379703 -1.5163002
v -0.074736565 0.896563 -1.5219356
v -0.07545864 0.90324277 -1.5158308
v -0.07545861 0.89613086 -1.5213392
v -0.07458589 0.89544094 -1.5218736
v -0.06558589 0.89544094 -1.5218736
v -0.06471314 0.896131 -1.5213392
v -0.064713165 0.90324277 -1.5158308
v -0.06558589 0.9039327 -1.5152963
v -0.07458589 0.9039327 -1.5152963
v -0.07545864 0.9015989 -1.5134771
v -0.07545861 0.89448696 -1.5189855
v -0.07458589 0.89379704 -1.5195199
v -0.06558589 0.89379704 -1.5195199
v -0.06471314 0.8944871 -1.5189855
v -0.064713165 0.9015989 -1.5134771
v -0.06558589 0.9022888 -1.5129427
v -0.07458589 0.9022888 -1.5129427
v -0.06180858 0.8517597 -1.5518838
v -0.07551161 0.83876485 -1.5599757
v -0.061808597 0.8388809 -1.559918
v -0.075511605 0.8517411 -1.5518662
v -0.06108654 0.8513095 -1.5513017
v -0.061086554 0.83844876 -1.5593218
v -0.061959274 0.83775884 -1.559856
v -0.07548799 0.83775884 -1.559856
v -0.07636074 0.8384488 -1.5593218
v -0.07636073 0.85130954 -1.5513017
v -0.06108654 0.847778 -1.5482208
v -0.061086554 0.83680487 -1.5569681
v -0.061959274 0.83611494 -1.5575024
v -0.07548799 0.83611494 -1.5575024
v -0.07636074 0.8368049 -1.5569681
v -0.07636073 0.8477781 -1.5482208
v -0.07636072 0.86106896 -1.541716
v -0.07636072 0.859425 -1.5393623
v -0.07548799 0.8617589 -1.5411814
v -0.07551161 0.8616232 -1.5421853
v -0.06180856 0.8615383 -1.5422833
v -0.061959274 0.8617589 -1.5411814
v -0.061086524 0.86106896 -1.541716
v -0.07548799 0.86011493 -1.5388278
v -0.061959274 0.86011493 -1.5388278
v -0.061086524 0.859425 -1.5393623
v -0.033825304 0.8517597 -1.5518838
v -0.047528338 0.83876485 -1.5599757
v -0.033825327 0.8388809 -1.559918
v -0.047528334 0.8517411 -1.5518662
v -0.033103265 0.8513095 -1.5513017
v -0.03310328 0.83844876 -1.5593218
v -0.033976 0.83775884 -1.559856
v -0.04750472 0.83775884 -1.559856
v -0.048377465 0.8384488 -1.5593218
v -0.048377454 0.85130954 -1.5513017
v -0.033103265 0.847778 -1.5482208
v -0.03310328 0.83680487 -1.5569681
v -0.033976 0.83611494 -1.5575024
v -0.04750472 0.83611494 -1.5575024
v -0.048377465 0.8368049 -1.5569681
v -0.048377454 0.8477781 -1.5482208
v -0.048377447 0.86106896 -1.541716
v -0.048377447 0.859425 -1.5393623
v -0.04750472 0.8617589 -1.5411814
v -0.047528338 0.8616232 -1.5421853
v -0.033825286 0.8615383 -1.5422833
v -0.033976 0.8617589 -1.5411814
v -0.03310325 0.86106896 -1.541716
v -0.04750472 0.86011493 -1.5388278
v -0.033976 0.86011493 -1.5388278
v -0.03310325 0.859425 -1.5393623
v 0.04790981 0.8517597 -1.5518838
v 0.03420678 0.83876485 -1.5599757
v 0.047909793 0.8388809 -1.559918
v 0.03420678 0.8517411 -1.5518662
v 0.048631847 0.8513095 -1.5513017
v 0.04863184 0.83844876 -1.5593218
v 0.047759112 0.83775884 -1.559856
v 0.034230396 0.83775884 -1.559856
v 0.03335765 0.8384488 -1.5593218
v 0.03335766 0.85130954 -1.5513017
v 0.048631847 0.847778 -1.5482208
v 0.04863184 0.83680487 -1.5569681
v 0.047759112 0.83611494 -1.5575024
v 0.034230396 0.83611494 -1.5575024
v 0.03335765 0.8368049 -1.5569681
v 0.03335766 0.8477781 -1.5482208
v 0.03335767 0.86106896 -1.541716
v 0.03335767 0.859425 -1.5393623
v 0.034230396 0.8617589 -1.5411814
v 0.034206778 0.8616232 -1.5421853
v 0.04790983 0.8615383 -1.5422833
v 0.047759112 0.8617589 -1.5411814
v 0.048631866 0.86106896 -1.541716
v 0.034230396 0.86011493 -1.5388278
v 0.047759112 0.86011493 -1.5388278
v 0.048631866 0.859425 -1.5393623
v 0.07392195 0.85356057 -1.5535632
v 0.063822724 0.84680456 -1.56132
v 0.073921934 0.8469206 -1.5612624
v 0.06382274 0.8535419 -1.5535455
v 0.0744541 0.8531103 -1.552981
v 0.074454084 0.8464885 -1.560666
v 0.07381089 0.84579855 -1.5612004
v 0.06384013 0.84579855 -1.5612004
v 0.06319692 0.84648854 -1.560666
v 0.06319692 0.85311043 -1.552981
v 0.0744541 0.84957886 -1.5499002
v 0.074454084 0.8421529 -1.5583123
v 0.07381089 0.84146297 -1.5588467
v 0.06384013 0.84146297 -1.5588467
v 0.06319692 0.842153 -1.5583123
v 0.06319692 0.8495789 -1.5499002
v 0.063196935 0.85932624 -1.5460478
v 0.063196935 0.85768235 -1.5436941
v 0.06384013 0.86001617 -1.5455133
v 0.063822724 0.8598805 -1.5465171
v 0.07392196 0.8597956 -1.5466151
v 0.07381089 0.86001617 -1.5455133
v 0.074454114 0.85932624 -1.5460478
v 0.06384013 0.8583723 -1.5431596
v 0.07381089 0.8583723 -1.5431596
v 0.074454114 0.85768235 -1.5436941
v 0.07585282 0.8517597 -1.5518838
v 0.062149785 0.83876485 -1.5599757
v 0.0758528 0.8388809 -1.559918
v 0.06214979 0.8517411 -1.5518662
v 0.076574855 0.8513095 -1.5513017
v 0.07657485 0.83844876 -1.5593218
v 0.07570212 0.83775884 -1.559856
v 0.062173404 0.83775884 -1.559856
v 0.061300658 0.8384488 -1.5593218
v 0.06130067 0.85130954 -1.5513017
v 0.076574855 0.847778 -1.5482208
v 0.07657485 0.83680487 -1.5569681
v 0.07570212 0.83611494 -1.5575024
v 0.062173404 0.83611494 -1.5575024
v 0.061300658 0.8368049 -1.5569681
v 0.06130067 0.8477781 -1.5482208
v 0.061300676 0.86106896 -1.541716
v 0.061300676 0.859425 -1.5393623
v 0.062173404 0.8617589 -1.5411814
v 0.062149785 0.8616232 -1.5421853
v 0.07585283 0.8615383 -1.5422833
v 0.07570212 0.8617589 -1.5411814
v 0.07657487 0.86106896 -1.541716
v 0.062173404 0.86011493 -1.5388278
v 0.07570212 0.86011493 -1.5388278
v 0.07657487 0.859425 -1.5393623
v 0.017105801 0.83833665 -1.5586467
v 0.010029417 0.8345613 -1.5653917
v 0.010029417 0.8326881 -1.5629094
v 0.017105801 0.84020984 -1.5611291
v 3.628964E-4 0.832494 -1.5669518
v 3.628964E-4 0.83062077 -1.5644696
v -0.009303625 0.8345613 -1.5653917
v -0.009303625 0.8326881 -1.5629094
v -0.01638001 0.84020984 -1.5611291
v -0.01638001 0.83833665 -1.5586467
v -0.018970143 0.8479255 -1.5553057
v -0.018970143 0.8460524 -1.5528238
v -0.01638001 0.8556415 -1.549483
v -0.01638001 0.85376847 -1.5470006
v -0.009303625 0.86128974 -1.5452201
v -0.009303625 0.8594167 -1.542738
v 3.628964E-4 0.8633576 -1.54366
v 3.628964E-4 0.8614842 -1.5411777
v 0.010029417 0.86128974 -1.5452201
v 0.010029417 0.8594167 -1.542738
v 0.017105801 0.8556415 -1.549483
v 0.017105801 0.85376847 -1.5470006
v 0.019695938 0.8479255 -1.5553057
v 0.019695938 0.8460524 -1.5528238
v 0.010553977 0.84429806 -1.5602667
v 3.6289968E-4 0.8489947 -1.5567224
v 0.0062467284 0.8408599 -1.5628611
v 3.628963E-4 0.83960176 -1.5638112
v -0.0055209356 0.8408599 -1.5628611
v -0.009828187 0.84429806 -1.5602667
v -0.011404767 0.8489947 -1.5567224
v -0.009828207 0.85369116 -1.5531782
v -0.0055209356 0.85712934 -1.5505836
v 3.6291644E-4 0.8583877 -1.5496339
v 0.0062467484 0.85712934 -1.5505836
v 0.010553996 0.85369116 -1.5531782
v 0.012130559 0.8489947 -1.5567224
v 0.017105801 0.84020984 -1.5611291
v 0.0069571207 0.83910465 -1.562578
v 0.010029417 0.8345613 -1.5653917
v 0.0117844315 0.842958 -1.5596706
v 3.628964E-4 0.8376945 -1.5636424
v 3.628964E-4 0.832494 -1.5669518
v -0.006231328 0.83910465 -1.562578
v -0.009303625 0.8345613 -1.5653917
v -0.011058641 0.842958 -1.5596706
v -0.01638001 0.84020984 -1.5611291
v -0.012825552 0.8482215 -1.555698
v -0.018970143 0.8479255 -1.5553057
v -0.011058641 0.8534849 -1.5517256
v -0.01638001 0.8556415 -1.549483
v -0.006231328 0.8573381 -1.5488178
v -0.009303625 0.86128974 -1.5452201
v 3.628964E-4 0.8587486 -1.5477535
v 3.628964E-4 0.8633576 -1.54366
v 0.0069571207 0.8573381 -1.5488178
v 0.010029417 0.86128974 -1.5452201
v 0.0117844315 0.8534849 -1.5517256
v 0.017105801 0.8556415 -1.549483
v 0.013551344 0.8482215 -1.555698
v 0.019695938 0.8479255 -1.5553057
v 0.0117844315 0.842958 -1.5596706
v 0.0062467284 0.8408599 -1.5628611
v 0.0069571207 0.83910465 -1.562578
v 0.010553977 0.84429806 -1.5602667
v 3.628963E-4 0.83960176 -1.5638112
v 3.628964E-4 0.8376945 -1.5636424
v -0.0055209356 0.8408599 -1.5628611
v -0.006231328 0.83910465 -1.562578
v -0.009828187 0.84429806 -1.5602667
v -0.011058641 0.842958 -1.5596706
v -0.011404767 0.8489947 -1.5567224
v -0.012825552 0.8482215 -1.555698
v -0.009828207 0.85369116 -1.5531782
v -0.011058641 0.8534849 -1.5517256
v -0.0055209356 0.85712934 -1.5505836
v -0.006231328 0.8573381 -1.5488178
v 3.6291644E-4 0.8583877 -1.5496339
v 3.628964E-4 0.8587486 -1.5477535
v 0.0062467484 0.85712934 -1.5505836
v 0.0069571207 0.8573381 -1.5488178
v 0.010553996 0.85369116 -1.5531782
v 0.0117844315 0.8534849 -1.5517256
v 0.012130559 0.8489947 -1.5567224
v 0.013551344 0.8482215 -1.555698
v 0.0075981687 0.77803725 -1.571353
v 0.002054109 0.7785684 -1.5761105
v 0.003123931 0.77479726 -1.5716174
v 0.004797337 0.780555 -1.5759487
v -0.0013367062 0.7785684 -1.5761105
v -0.002406529 0.77479726 -1.5716174
v -0.0040799333 0.780555 -1.5759487
v -0.006880765 0.77803725 -1.571353
v -0.0051277513 0.7837691 -1.5756865
v -0.008589768 0.78327966 -1.5709257
v -0.0040799323 0.7869834 -1.5765177
v -0.0068807625 0.78852195 -1.5704981
v 0.009307174 0.78327966 -1.5709257
v 0.005845157 0.7837691 -1.5756865
v 0.007598168 0.78852195 -1.5704981
v 0.004797336 0.7869834 -1.5754247
v 0.0031239325 0.791762 -1.570234
v 0.0020541095 0.7889697 -1.5752627
v -0.0024065273 0.791762 -1.570234
v -0.0013367052 0.7889698 -1.576356
v 0.0047729476 0.78079855 -1.5786848
v 3.587096E-4 0.78399503 -1.5784241
v 0.0020447697 0.7788229 -1.578846
v -0.0013273299 0.7788229 -1.578846
v -0.004055506 0.78079855 -1.5786848
v -0.0050976514 0.78399503 -1.5784241
v -0.0040555806 0.7871917 -1.5781636
v -0.0013274036 0.7891673 -1.5780025
v 0.002044808 0.7891673 -1.5780025
v 0.0047729844 0.7871917 -1.5781636
v 0.0058150557 0.78399503 -1.5784241
v 0.004797337 0.780555 -1.5759487
v 0.002054109 0.7785684 -1.5761105
v -0.0013367062 0.7785684 -1.5761105
v -0.0040799333 0.780555 -1.5759487
v -0.0051277513 0.7837691 -1.5756865
v -0.0013367052 0.7889698 -1.576356
v -0.0040799323 0.7869834 -1.5765177
v -0.0040555806 0.7871917 -1.5781636
v 0.0020541095 0.7889697 -1.5752627
v 0.004797336 0.7869834 -1.5754247
v 0.005845157 0.7837691 -1.5756865
v -0.0050976514 0.78399503 -1.5784241
v -0.0040555806 0.7871917 -1.5781636
v 0.0046038674 0.69377744 -1.5994204
v -0.005495348 0.6888835 -1.6084678
v 0.0046038628 0.68898404 -1.6083866
v -0.005495348 0.6937553 -1.599407
v 0.0051360223 0.6932107 -1.598951
v 0.005136013 0.68843186 -1.607899
v 0.004492807 0.6878755 -1.6085714
v -0.0054779435 0.6878755 -1.6085714
v -0.0061211586 0.688432 -1.6078988
v -0.0061211535 0.6932107 -1.598951
v 0.0051360223 0.68909043 -1.596718
v 0.005136013 0.6836862 -1.6065519
v 0.004492807 0.68313 -1.6072243
v -0.0054779435 0.68313 -1.6072243
v -0.0061211586 0.6836864 -1.6065519
v -0.0061211535 0.68909043 -1.596718
v -0.006121144 0.69775784 -1.590825
v -0.006121144 0.6956387 -1.5888884
v -0.0054779435 0.6983142 -1.5901524
v -0.005495348 0.69840145 -1.5911615
v 0.004603882 0.6983401 -1.5912756
v 0.004492807 0.6983142 -1.5901524
v 0.005136027 0.69775784 -1.590825
v -0.0054779435 0.69619477 -1.5882157
v 0.004492807 0.69619477 -1.5882157
v 0.005136027 0.6956387 -1.5888884
v 0.006534748 0.69367766 -1.5980769
v -0.007168283 0.6816372 -1.6088175
v 0.0065347287 0.6817378 -1.6087359
v -0.007168274 0.69365567 -1.5980636
v 0.007256794 0.6931111 -1.5976074
v 0.0072567747 0.6811856 -1.6082486
v 0.006384058 0.68062943 -1.6089208
v -0.0071446607 0.68062943 -1.6089208
v -0.008017406 0.6811857 -1.6082484
v -0.008017397 0.6931111 -1.5976074
v 0.007256794 0.6878583 -1.5953745
v 0.0072567747 0.6790663 -1.6063118
v 0.0063840533 0.67850995 -1.6069839
v -0.0071446653 0.67850995 -1.6069839
v -0.008017411 0.6790665 -1.6063116
v -0.008017397 0.6878584 -1.5953746
v -0.008017387 0.6992001 -1.5852585
v -0.008017387 0.69708085 -1.5833218
v -0.0071446607 0.6997563 -1.5845861
v -0.007168283 0.6998437 -1.5855954
v 0.006534767 0.69978225 -1.5857095
v 0.006384058 0.6997563 -1.5845861
v 0.0072568036 0.6992001 -1.5852585
v -0.0071446607 0.69763684 -1.5826492
v 0.006384058 0.69763684 -1.5826492
v 0.0072568036 0.69708085 -1.5833218
v 0.0076701045 0.8034699 -1.7190695
v 0.015063355 0.7982343 -1.731119
v 0.014159898 0.80276257 -1.7197845
v 0.008495875 0.79872954 -1.7329373
v 0.014472695 0.79291165 -1.7354164
v 0.008237285 0.79340285 -1.7370176
v 0.017529845 0.79692227 -1.7295696
v 0.016882185 0.79087436 -1.7341254
v 0.01756184 0.8009299 -1.7210574
v 0.012573967 0.7769106 -1.7362945
v 0.015110097 0.7757857 -1.7348946
v 0.007327266 0.77836293 -1.737587
v 0.010524188 0.73310757 -1.7332352
v 0.021370627 0.77872694 -1.7278516
v 0.013213158 0.7328411 -1.7313137
v 0.017736347 0.73246694 -1.7264978
v 0.024254264 0.7662852 -1.7212224
v 0.025192324 0.7715085 -1.7181906
v 0.022528335 0.784398 -1.7249577
v 0.021776276 0.7930211 -1.7096441
v 0.024973767 0.78020924 -1.7058789
v 0.016620755 0.78596777 -1.6944875
v 0.015674155 0.7960527 -1.7004555
v 0.0019686054 0.7866713 -1.6913779
v 0.0041446853 0.79567134 -1.6963954
v 0.017588465 0.80054235 -1.7139748
v 0.013000974 0.80222744 -1.7052072
v 0.0058865147 0.80304146 -1.7023895
v 0.01177687 0.6950545 -1.7268798
v 0.0076681995 0.6950322 -1.729815
v -1.2776184E-4 0.69503933 -1.7309791
v 0.006165518 0.73325074 -1.7346469
v 0.005525108 0.7221542 -1.7336155
v -1.2776187E-4 0.7213672 -1.7339969
v -1.277618E-4 0.73496014 -1.7373538
v 0.0021507076 0.7369246 -1.7375326
v -1.2776187E-4 0.7731776 -1.739981
v 0.0026962059 0.77616286 -1.7399572
v -1.277618E-4 0.7959287 -1.7385238
v 0.004330765 0.79547256 -1.7383593
v -1.2776187E-4 0.800622 -1.7344136
v 0.0045164246 0.8002386 -1.7342447
v -1.2776178E-4 0.80494416 -1.7205032
v 0.0046064896 0.80455905 -1.7193649
v -1.277618E-4 0.80559576 -1.7042071
v 0.0046965545 0.8048161 -1.7044853
v -1.2776187E-4 0.8045224 -1.7019888
v 0.0038422549 0.8041568 -1.7021214
v -0.005525175 0.7221542 -1.7336155
v -0.0061655855 0.73325074 -1.7346469
v -0.010524256 0.73310757 -1.7332352
v -0.012574035 0.7769106 -1.7362945
v -0.015110165 0.7757857 -1.7348946
v -0.021370694 0.77872694 -1.7278516
v -0.013213226 0.7328411 -1.7313137
v -0.017736416 0.73246694 -1.7264978
v -0.024254331 0.7662852 -1.7212224
v -0.025192391 0.7715085 -1.7181906
v -0.022528403 0.784398 -1.7249577
v -0.021776343 0.7930211 -1.7096441
v -0.024973834 0.78020924 -1.7058789
v -0.016620824 0.78596777 -1.6944875
v -0.015674222 0.7960527 -1.7004555
v -0.0019686732 0.7866713 -1.6913779
v -0.004144753 0.79567134 -1.6963954
v -0.017588532 0.80054235 -1.7139748
v -0.013001042 0.80222744 -1.7052072
v -0.005886582 0.80304146 -1.7023895
v -0.011776938 0.6950545 -1.7268798
v -0.0076682665 0.6950322 -1.729815
v -1.2776187E-4 0.7801271 -1.693576
v -0.014678463 0.7792211 -1.6963677
v -0.021015441 0.77354455 -1.7051487
v -0.020506263 0.76679486 -1.7115699
v -0.020101363 0.7632423 -1.7127151
v -0.017240016 0.73103803 -1.7205437
v -1.2776181E-4 0.75488377 -1.6988245
v -0.011065424 0.75471145 -1.700471
v -0.015259196 0.72705436 -1.7087427
v -1.2776196E-4 0.73966414 -1.7011067
v -0.014468778 0.6953896 -1.7118136
v -1.2776181E-4 0.69594556 -1.7006406
v -0.010258613 0.6934587 -1.7254527
v -0.0066796476 0.6934393 -1.7280095
v -1.11294656E-4 0.69344556 -1.7290235
v 0.00667958 0.6934393 -1.7280095
v 0.010258546 0.6934587 -1.7254527
v 0.0126033425 0.6937507 -1.7123288
v 0.01446871 0.6953896 -1.7118136
v 0.017239949 0.73103803 -1.7205437
v 0.020101296 0.7632423 -1.7127151
v 0.020506196 0.76679486 -1.7115699
v 0.021015374 0.77354455 -1.7051487
v 0.014678395 0.7792211 -1.6963677
v -1.2776187E-4 0.7801271 -1.693576
v -1.2776181E-4 0.75488377 -1.6988245
v 0.011065356 0.75471145 -1.700471
v 0.015259128 0.72705436 -1.7087427
v -1.2776196E-4 0.73966414 -1.7011067
v -1.2776181E-4 0.69594556 -1.7006406
v -1.2776187E-4 0.786509 -1.6912498
v -1.2776187E-4 0.7959481 -1.6958967
v 0.0028461649 0.7975843 -1.6970376
v -1.2776187E-4 0.8045224 -1.7019888
v 0.0038422549 0.8041568 -1.7021214
v -1.1129463E-4 0.6942349 -1.7025962
v 0.017588465 0.80054235 -1.7139748
v 0.013000974 0.80222744 -1.7052072
v 0.013364025 0.80293006 -1.7097994
v 0.0068443343 0.8041469 -1.7052016
v 0.0058865147 0.80304146 -1.7023895
v 0.017529845 0.79692227 -1.7295696
v 0.01756184 0.8009299 -1.7210574
v 0.0019686054 0.7866713 -1.6913779
v 0.0028461649 0.7975843 -1.6970376
v 0.0041446853 0.79567134 -1.6963954
v 0.0058865147 0.80304146 -1.7023895
v 0.0038422549 0.8041568 -1.7021214
v 0.0038422549 0.8041568 -1.7021214
v 0.0068443343 0.8041469 -1.7052016
v 0.0058865147 0.80304146 -1.7023895
v 0.0046965545 0.8048161 -1.7044853
v 0.0076701045 0.8034699 -1.7190695
v 0.0046064896 0.80455905 -1.7193649
v 0.008495875 0.79872954 -1.7329373
v 0.0045164246 0.8002386 -1.7342447
v 0.008237285 0.79340285 -1.7370176
v 0.004330765 0.79547256 -1.7383593
v 0.007327266 0.77836293 -1.737587
v 0.0026962059 0.77616286 -1.7399572
v 0.006165518 0.73325074 -1.7346469
v 0.0021507076 0.7369246 -1.7375326
v 0.005525108 0.7221542 -1.7336155
v -0.0076701716 0.8034699 -1.7190695
v -0.015063423 0.7982343 -1.731119
v -0.008495942 0.79872954 -1.7329373
v -0.014159966 0.80276257 -1.7197845
v -0.014472763 0.79291165 -1.7354164
v -0.008237353 0.79340285 -1.7370176
v -0.017529912 0.79692227 -1.7295696
v -0.016882252 0.79087436 -1.7341254
v -0.017561909 0.8009299 -1.7210574
v -0.0073273336 0.77836293 -1.737587
v -0.0045164926 0.8002386 -1.7342447
v -0.0046065575 0.80455905 -1.7193649
v -0.0076701716 0.8034699 -1.7190695
v -0.004330833 0.79547256 -1.7383593
v -0.0073273336 0.77836293 -1.737587
v -0.0026962736 0.77616286 -1.7399572
v -0.0061655855 0.73325074 -1.7346469
v -0.0021507754 0.7369246 -1.7375326
v -0.0026962736 0.77616286 -1.7399572
v -0.004330833 0.79547256 -1.7383593
v -0.0045164926 0.8002386 -1.7342447
v -0.0046065575 0.80455905 -1.7193649
v -0.0046966225 0.8048161 -1.7044853
v -0.0038423224 0.8041568 -1.7021214
v -0.017588532 0.80054235 -1.7139748
v -0.013364093 0.80293006 -1.7097994
v -0.013001042 0.80222744 -1.7052072
v -0.006844402 0.8041469 -1.7052016
v -0.005886582 0.80304146 -1.7023895
v -0.017529912 0.79692227 -1.7295696
v -0.017561909 0.8009299 -1.7210574
v -0.0019686732 0.7866713 -1.6913779
v -0.004144753 0.79567134 -1.6963954
v -0.0028462326 0.7975843 -1.6970376
v -0.005886582 0.80304146 -1.7023895
v -0.0038423224 0.8041568 -1.7021214
v -0.0038423224 0.8041568 -1.7021214
v -0.006844402 0.8041469 -1.7052016
v -0.0046966225 0.8048161 -1.7044853
v -0.005886582 0.80304146 -1.7023895
v -1.2776187E-4 0.786509 -1.6912498
v -1.2776187E-4 0.7959481 -1.6958967
v -0.0028462326 0.7975843 -1.6970376
v -1.2776187E-4 0.8045224 -1.7019888
v -0.0038423224 0.8041568 -1.7021214
v -0.0126034105 0.6937507 -1.7123288
v -1.1129463E-4 0.6942349 -1.7025962
v 0.02890893 0.6409302 -1.7373049
v 0.012534683 0.66035885 -1.756862
v 0.010521008 0.6409302 -1.7506645
v 0.034180786 0.66035885 -1.7411351
v -0.014221383 0.66035885 -1.756862
v -0.012207708 0.6409302 -1.7506645
v 0.035932474 0.6409302 -1.7156886
v 0.04244887 0.66035885 -1.7156886
v 0.028908929 0.6409302 -1.6940722
v 0.034180786 0.66035885 -1.6902422
v 0.010521011 0.6409302 -1.6807127
v 0.012534686 0.66035885 -1.6745152
v -0.012207702 0.6409302 -1.6807127
v -0.014221376 0.66035885 -1.6745152
v -0.030595629 0.6409302 -1.6940722
v -0.035867486 0.66035885 -1.6902422
v -0.03761918 0.6409302 -1.7156886
v -0.04413554 0.66035885 -1.7156886
v -0.030595629 0.6409302 -1.7373049
v -0.035867494 0.66035885 -1.7411351
v -0.012207708 0.6409302 -1.7506645
v -0.014221383 0.66035885 -1.756862
v -0.028594198 0.66035885 -1.7358507
v -0.011443229 0.66035885 -1.7483118
v -0.03514527 0.66035885 -1.7156886
v -0.028594198 0.66035885 -1.6955266
v -0.011443221 0.66035885 -1.6830654
v 0.0097565325 0.66035885 -1.6830654
v 0.026907472 0.66035885 -1.6955266
v 0.033458572 0.66035885 -1.7156886
v 0.026907472 0.66035885 -1.7358507
v 0.009756529 0.66035885 -1.7483118
v -0.011443229 0.66035885 -1.7483118
v 0.01391182 0.6927926 -1.726409
v -8.433492E-4 0.6927926 -1.7156886
v 0.0047926223 0.6927926 -1.7330341
v -0.006479326 0.6927926 -1.7330341
v -0.015598528 0.6927926 -1.726409
v -0.019081745 0.6927926 -1.7156886
v -0.015598528 0.6927926 -1.7049682
v -0.006479324 0.6927926 -1.698343
v 0.0047926274 0.6927926 -1.698343
v 0.01391182 0.6927926 -1.7049682
v 0.017395034 0.6927926 -1.7156886
v 0.026907472 0.66035885 -1.7358507
v 0.011067413 0.6693606 -1.7523462
v 0.009756529 0.66035885 -1.7483118
v 0.03033942 0.6693606 -1.7383441
v -0.012754113 0.6693606 -1.7523462
v -0.011443229 0.66035885 -1.7483118
v 0.033458572 0.66035885 -1.7156886
v 0.03770068 0.6693606 -1.7156886
v 0.026907472 0.66035885 -1.6955266
v 0.03033942 0.6693606 -1.6930331
v 0.0097565325 0.66035885 -1.6830654
v 0.011067417 0.6693606 -1.679031
v -0.011443221 0.66035885 -1.6830654
v -0.012754106 0.6693606 -1.679031
v -0.028594198 0.66035885 -1.6955266
v -0.032026127 0.6693606 -1.6930331
v -0.03514527 0.66035885 -1.7156886
v -0.039387383 0.6693606 -1.7156886
v -0.028594198 0.66035885 -1.7358507
v -0.032026146 0.6693606 -1.7383441
v -0.011443229 0.66035885 -1.7483118
v -0.012754113 0.6693606 -1.7523462
v -0.022322027 0.6693606 -1.7312936
v -0.009047475 0.6693606 -1.7409384
v -0.027392454 0.6693606 -1.7156886
v -0.022322027 0.6693606 -1.7000836
v -0.00904747 0.6693606 -1.6904387
v 0.00736078 0.6693606 -1.6904387
v 0.020635325 0.6693606 -1.7000836
v 0.02570573 0.6693606 -1.7156886
v 0.020635325 0.6693606 -1.7312936
v 0.007360776 0.6693606 -1.7409384
v -0.009047475 0.6693606 -1.7409384
v 0.020635325 0.6693606 -1.7312936
v 0.008304775 0.67701215 -1.7438437
v 0.007360776 0.6693606 -1.7409384
v 0.023106733 0.67701215 -1.7330892
v -0.0099914735 0.67701215 -1.7438437
v -0.009047475 0.6693606 -1.7409384
v 0.02570573 0.6693606 -1.7156886
v 0.028760578 0.67701215 -1.7156886
v 0.020635325 0.6693606 -1.7000836
v 0.023106733 0.67701215 -1.698288
v 0.00736078 0.6693606 -1.6904387
v 0.00830478 0.67701215 -1.6875335
v -0.00904747 0.6693606 -1.6904387
v -0.009991468 0.67701215 -1.6875335
v -0.022322027 0.6693606 -1.7000836
v -0.02479346 0.67701215 -1.698288
v -0.027392454 0.6693606 -1.7156886
v -0.030447287 0.67701215 -1.7156886
v -0.022322027 0.6693606 -1.7312936
v -0.02479346 0.67701215 -1.7330892
v -0.009047475 0.6693606 -1.7409384
v -0.0099914735 0.67701215 -1.7438437
v -0.016327333 0.67701215 -1.7269385
v -0.0067577045 0.67701215 -1.733891
v -0.019982597 0.67701215 -1.7156886
v -0.016327333 0.67701215 -1.7044387
v -0.006757701 0.67701215 -1.6974863
v 0.0050710062 0.67701215 -1.6974863
v 0.014640625 0.67701215 -1.7044387
v 0.018295882 0.67701215 -1.7156886
v 0.014640625 0.67701215 -1.7269385
v 0.0050710025 0.67701215 -1.733891
v -0.0067577045 0.67701215 -1.733891
v 0.014640625 0.67701215 -1.7269385
v 0.005660916 0.6869846 -1.7357064
v 0.0050710025 0.67701215 -1.733891
v 0.016185036 0.6869846 -1.7280606
v -0.0073476164 0.6869846 -1.7357064
v -0.0067577045 0.67701215 -1.733891
v 0.018295882 0.67701215 -1.7156886
v 0.020204883 0.6869846 -1.7156886
v 0.014640625 0.67701215 -1.7044387
v 0.016185036 0.6869846 -1.7033166
v 0.0050710062 0.67701215 -1.6974863
v 0.00566092 0.6869846 -1.6956707
v -0.006757701 0.67701215 -1.6974863
v -0.0073476136 0.6869846 -1.6956707
v -0.016327333 0.67701215 -1.7044387
v -0.017871741 0.6869846 -1.7033166
v -0.019982597 0.67701215 -1.7156886
v -0.021891596 0.6869846 -1.7156886
v -0.016327333 0.67701215 -1.7269385
v -0.017871741 0.6869846 -1.7280606
v -0.0067577045 0.67701215 -1.733891
v -0.0073476164 0.6869846 -1.7357064
v 0.016185036 0.6869846 -1.7280606
v 0.0047926223 0.6927926 -1.7330341
v 0.005660916 0.6869846 -1.7357064
v 0.01391182 0.6927926 -1.726409
v -0.006479326 0.6927926 -1.7330341
v -0.0073476164 0.6869846 -1.7357064
v 0.020204883 0.6869846 -1.7156886
v 0.017395034 0.6927926 -1.7156886
v 0.016185036 0.6869846 -1.7033166
v 0.01391182 0.6927926 -1.7049682
v 0.00566092 0.6869846 -1.6956707
v 0.0047926274 0.6927926 -1.698343
v -0.0073476136 0.6869846 -1.6956707
v -0.006479324 0.6927926 -1.698343
v -0.017871741 0.6869846 -1.7033166
v -0.015598528 0.6927926 -1.7049682
v -0.021891596 0.6869846 -1.7156886
v -0.019081745 0.6927926 -1.7156886
v -0.017871741 0.6869846 -1.7280606
v -0.015598528 0.6927926 -1.726409
v -0.0073476164 0.6869846 -1.7357064
v -0.006479326 0.6927926 -1.7330341
v 0.05089415 0.64468724 -1.7405016
v 0.019939924 0.6503545 -1.7606864
v 0.021819549 0.64468724 -1.7652093
v 0.046366952 0.6503545 -1.7382287
v 0.021819549 0.64468724 -1.7652093
v -0.01747744 0.6503545 -1.7607304
v -0.019346446 0.64468724 -1.7652575
v 0.019939924 0.6503545 -1.7606864
v -0.019346446 0.64468724 -1.7652575
v -0.043966554 0.6503545 -1.7383577
v -0.048489355 0.64468724 -1.7406434
v -0.01747744 0.6503545 -1.7607304
v -0.048489355 0.64468724 -1.7406434
v -0.04401046 0.6503545 -1.6928545
v -0.04853766 0.64468724 -1.6905817
v -0.043966554 0.6503545 -1.7383577
v -0.04853766 0.64468724 -1.6905817
v -0.017583432 0.6503545 -1.6703968
v -0.019463057 0.64468724 -1.665874
v -0.04401046 0.6503545 -1.6928545
v -0.019463057 0.64468724 -1.665874
v 0.019833934 0.6503545 -1.6703529
v 0.02170294 0.64468724 -1.6658257
v -0.017583432 0.6503545 -1.6703968
v 0.02170294 0.64468724 -1.6658257
v 0.04632305 0.6503545 -1.6927257
v 0.05084585 0.64468724 -1.6904398
v 0.019833934 0.6503545 -1.6703529
v 0.05084585 0.64468724 -1.6904398
v 0.046366952 0.6503545 -1.7382287
v 0.05089415 0.64468724 -1.7405016
v 0.04632305 0.6503545 -1.6927257
v 0.046366952 0.6503545 -1.7382287
v 0.0011782462 0.6503545 -1.7155416
v 0.019939924 0.6503545 -1.7606864
v -0.01747744 0.6503545 -1.7607304
v -0.043966554 0.6503545 -1.7383577
v -0.04401046 0.6503545 -1.6928545
v -0.017583432 0.6503545 -1.6703968
v 0.019833934 0.6503545 -1.6703529
v 0.04632305 0.6503545 -1.6927257
v -0.04321044 0.68991935 -1.8346866
v -0.047138695 0.68977004 -1.9999113
v -0.042100243 0.6898281 -2.0063474
v -0.047693927 0.68996835 -1.8347342
v -0.051758442 0.6898068 -1.99999
v -0.051758442 0.68982923 -2.00633
v -0.061416637 0.6898281 -2.0063474
v -0.056378186 0.68977004 -1.9999113
v -0.06030644 0.68991935 -1.8346866
v -0.055822954 0.68996835 -1.8347342
v -0.047138695 0.68977004 -1.9999113
v -0.049879983 0.6863159 -1.8323257
v -0.050084084 0.6860218 -1.9978166
v -0.047693927 0.68996835 -1.8347342
v -0.047138695 0.68977004 -1.9999113
v -0.051758442 0.6859973 -1.9975798
v -0.051758442 0.6898068 -1.99999
v -0.050084084 0.6860218 -1.9978166
v -0.051758442 0.68631226 -1.8325458
v -0.050084084 0.6860218 -1.9978166
v -0.049879983 0.6863159 -1.8323257
v -0.051758442 0.6859973 -1.9975798
v -0.053432796 0.6860218 -1.9978166
v -0.053636897 0.6863159 -1.8323257
v -0.04321044 0.68991935 -1.8346866
v -0.034605127 0.67987746 -2.0136633
v -0.038030777 0.68222 -1.8305389
v -0.042100243 0.6898281 -2.0063474
v -0.04321044 0.68991935 -1.8346866
v -0.049879983 0.6863159 -1.8323257
v -0.047693927 0.68996835 -1.8347342
v -0.038030777 0.68222 -1.8305389
v -0.049879983 0.6863159 -1.8323257
v -0.038030777 0.68222 -1.8305389
v -0.051758442 0.68213695 -1.8306433
v -0.051758442 0.68631226 -1.8325458
v -0.053636897 0.6863159 -1.8323257
v -0.0654861 0.68222 -1.8305389
v -0.042100243 0.6898281 -2.0063474
v -0.051758442 0.6859673 -2.017571
v -0.049445223 0.6859706 -2.0175645
v -0.051758442 0.68982923 -2.00633
v -0.061416637 0.6898281 -2.0063474
v -0.054071657 0.6859706 -2.0175645
v -0.034605127 0.67987746 -2.0136633
v -0.049445223 0.6859706 -2.0175645
v -0.045038532 0.68128127 -2.0217712
v -0.042100243 0.6898281 -2.0063474
v -0.038030777 0.68222 -1.8305389
v -0.03535112 0.65088624 -1.9706762
v -0.037515145 0.65508246 -1.8461051
v -0.038030777 0.68222 -1.8305389
v -0.034605127 0.67987746 -2.0136633
v -0.034120705 0.64850044 -2.0415041
v -0.034120705 0.64850044 -2.0415041
v -0.045038532 0.68128127 -2.0217712
v -0.03995525 0.64497375 -2.046658
v -0.034605127 0.67987746 -2.0136633
v -0.03995525 0.64497375 -2.046658
v -0.044808473 0.6658343 -2.0353594
v -0.04458584 0.65088606 -2.0485091
v -0.045038532 0.68128127 -2.0217712
v -0.03995525 0.64497375 -2.046658
v -0.04458584 0.65088606 -2.0485091
v -0.038518846 0.64271283 -2.0514307
v -0.049445223 0.6859706 -2.0175645
v -0.044808473 0.6658343 -2.0353594
v -0.045038532 0.68128127 -2.0217712
v -0.051758442 0.6859673 -2.017571
v -0.04458584 0.65088606 -2.0485091
v -0.051758442 0.65053755 -2.0494921
v -0.054071657 0.6859706 -2.0175645
v -0.05870841 0.6658343 -2.0353594
v -0.058478348 0.68128127 -2.0217712
v -0.058931045 0.65088606 -2.0485091
v -0.051758442 0.65053755 -2.0494921
v -0.037515145 0.65508246 -1.8461051
v -0.040531386 0.6472751 -1.9718429
v -0.041487355 0.6510936 -1.8477023
v -0.03535112 0.65088624 -1.9706762
v -0.040531386 0.6472751 -1.9718429
v -0.034120705 0.64850044 -2.0415041
v -0.03995525 0.64497375 -2.046658
v -0.040531386 0.6472751 -1.9718429
v -0.03535112 0.65088624 -1.9706762
v -0.034120705 0.64850044 -2.0415041
v -0.040531386 0.6472751 -1.9718429
v -0.038518846 0.64271283 -2.0514307
v -0.037502803 0.6089009 -2.0041628
v -0.03995525 0.64497375 -2.046658
v -0.037502803 0.6089009 -2.0041628
v -0.037884034 0.64036536 -2.0584962
v -0.040531386 0.6472751 -1.9718429
v -0.051758442 0.6090418 -2.0019503
v -0.051758442 0.64554155 -1.9692091
v -0.037502803 0.6089009 -2.0041628
v -0.038518846 0.64271283 -2.0514307
v -0.045833215 0.64904946 -2.0718203
v -0.037884034 0.64036536 -2.0584962
v -0.04458584 0.65088606 -2.0485091
v -0.045833215 0.64904946 -2.0718203
v -0.051758442 0.65053755 -2.0494921
v -0.051758442 0.6490757 -2.0713634
v -0.04458584 0.65088606 -2.0485091
v -0.057683665 0.64904946 -2.0718203
v -0.058931045 0.65088606 -2.0485091
v -0.037884034 0.64036536 -2.0584962
v -0.045833215 0.64904946 -2.0718203
v -0.03559503 0.64906615 -2.071998
v -0.045833215 0.64904946 -2.0718203
v -0.051758442 0.6490757 -2.0713634
v -0.051758442 0.6550425 -2.0846634
v -0.03559503 0.64906615 -2.071998
v -0.03559503 0.65505004 -2.084671
v -0.03559503 0.65505004 -2.084671
v -0.051758442 0.6591493 -2.1028647
v -0.03559503 0.6591444 -2.10288
v -0.051758442 0.6550425 -2.0846634
v -0.067921855 0.65505004 -2.084671
v -0.067921855 0.6591444 -2.10288
v -0.03559503 0.6591444 -2.10288
v -0.051758442 0.65953535 -2.1193476
v -0.0401666 0.65953535 -2.1193476
v -0.051758442 0.6591493 -2.1028647
v -0.067921855 0.6591444 -2.10288
v -0.06335028 0.65953535 -2.1193476
v -0.0401666 0.65953535 -2.1193476
v -0.051758442 0.6565556 -2.1234326
v -0.041584 0.6565556 -2.1234322
v -0.051758442 0.65953535 -2.1193476
v -0.06335028 0.65953535 -2.1193476
v -0.06193288 0.6565556 -2.1234322
v -0.037502803 0.6089009 -2.0041628
v -0.03745644 0.57246387 -2.035516
v -0.03755216 0.5725794 -2.0022206
v -0.037884034 0.64036536 -2.0584962
v -0.041487355 0.6510936 -1.8477023
v -0.051758442 0.64554155 -1.9692091
v -0.051758442 0.65089154 -1.8481545
v -0.040531386 0.6472751 -1.9718429
v -0.037502803 0.6089009 -2.0041628
v -0.051758442 0.5738996 -2.0042055
v -0.051758442 0.6090418 -2.0019503
v -0.03755216 0.5725794 -2.0022206
v -0.037515145 0.65508246 -1.8461051
v -0.051758442 0.65089154 -1.8481545
v -0.051758442 0.6543471 -1.845559
v -0.051758442 0.68213695 -1.8306433
v -0.038030777 0.68222 -1.8305389
v -0.066001736 0.65508246 -1.8461051
v -0.041487355 0.6510936 -1.8477023
v -0.051758442 0.65089154 -1.8481545
v -0.051758442 0.65089154 -1.8481545
v -0.062029526 0.6510936 -1.8477023
v -0.051758442 0.68213695 -1.8306433
v -0.051758442 0.6543471 -1.845559
v -0.0654861 0.68222 -1.8305389
v -0.056378186 0.68977004 -1.9999113
v -0.053636897 0.6863159 -1.8323257
v -0.055822954 0.68996835 -1.8347342
v -0.053432796 0.6860218 -1.9978166
v -0.056378186 0.68977004 -1.9999113
v -0.051758442 0.6859973 -1.9975798
v -0.053432796 0.6860218 -1.9978166
v -0.051758442 0.6898068 -1.99999
v -0.06030644 0.68991935 -1.8346866
v -0.06891175 0.67987746 -2.0136633
v -0.061416637 0.6898281 -2.0063474
v -0.0654861 0.68222 -1.8305389
v -0.06030644 0.68991935 -1.8346866
v -0.053636897 0.6863159 -1.8323257
v -0.0654861 0.68222 -1.8305389
v -0.055822954 0.68996835 -1.8347342
v -0.06891175 0.67987746 -2.0136633
v -0.054071657 0.6859706 -2.0175645
v -0.061416637 0.6898281 -2.0063474
v -0.058478348 0.68128127 -2.0217712
v -0.0654861 0.68222 -1.8305389
v -0.068165764 0.65088624 -1.9706762
v -0.06891175 0.67987746 -2.0136633
v -0.066001736 0.65508246 -1.8461051
v -0.069396175 0.64850044 -2.0415041
v -0.069396175 0.64850044 -2.0415041
v -0.058478348 0.68128127 -2.0217712
v -0.06891175 0.67987746 -2.0136633
v -0.063561626 0.64497375 -2.046658
v -0.063561626 0.64497375 -2.046658
v -0.05870841 0.6658343 -2.0353594
v -0.058478348 0.68128127 -2.0217712
v -0.058931045 0.65088606 -2.0485091
v -0.063561626 0.64497375 -2.046658
v -0.06499803 0.64271283 -2.0514307
v -0.058931045 0.65088606 -2.0485091
v -0.066001736 0.65508246 -1.8461051
v -0.062985495 0.6472751 -1.9718429
v -0.068165764 0.65088624 -1.9706762
v -0.062029526 0.6510936 -1.8477023
v -0.062985495 0.6472751 -1.9718429
v -0.069396175 0.64850044 -2.0415041
v -0.068165764 0.65088624 -1.9706762
v -0.062985495 0.6472751 -1.9718429
v -0.063561626 0.64497375 -2.046658
v -0.069396175 0.64850044 -2.0415041
v -0.062985495 0.6472751 -1.9718429
v -0.06499803 0.64271283 -2.0514307
v -0.063561626 0.64497375 -2.046658
v -0.06601408 0.6089009 -2.0041628
v -0.06601408 0.6089009 -2.0041628
v -0.06563285 0.64036536 -2.0584962
v -0.062985495 0.6472751 -1.9718429
v -0.051758442 0.6090418 -2.0019503
v -0.06601408 0.6089009 -2.0041628
v -0.051758442 0.64554155 -1.9692091
v -0.06499803 0.64271283 -2.0514307
v -0.057683665 0.64904946 -2.0718203
v -0.058931045 0.65088606 -2.0485091
v -0.06563285 0.64036536 -2.0584962
v -0.06563285 0.64036536 -2.0584962
v -0.067921855 0.64906615 -2.071998
v -0.057683665 0.64904946 -2.0718203
v -0.057683665 0.64904946 -2.0718203
v -0.051758442 0.6550425 -2.0846634
v -0.051758442 0.6490757 -2.0713634
v -0.067921855 0.64906615 -2.071998
v -0.067921855 0.65505004 -2.084671
v -0.06601408 0.6089009 -2.0041628
v -0.06606044 0.57246387 -2.035516
v -0.06563285 0.64036536 -2.0584962
v -0.06596472 0.5725794 -2.0022206
v -0.062029526 0.6510936 -1.8477023
v -0.051758442 0.64554155 -1.9692091
v -0.062985495 0.6472751 -1.9718429
v -0.051758442 0.65089154 -1.8481545
v -0.06601408 0.6089009 -2.0041628
v -0.051758442 0.5738996 -2.0042055
v -0.06596472 0.5725794 -2.0022206
v -0.051758442 0.6090418 -2.0019503
v -0.035888195 0.6635133 -2.1122816
v -0.011009434 0.65906996 -2.0772188
v -0.03565082 0.6567745 -2.0782096
v -0.01138688 0.665999 -2.109592
v -0.015371448 0.64204 -2.0559082
v -0.035668995 0.6426253 -2.0566936
v -0.018303335 0.62440884 -2.0404685
v -0.035922416 0.62606716 -2.0423958
v -0.019563328 0.61135 -2.0292401
v -0.03618693 0.6128856 -2.027839
v -0.0200993 0.6083023 -2.0213716
v -0.036623385 0.6094033 -2.0195193
v -0.021599906 0.60689616 -1.9935055
v -0.036002763 0.60771054 -1.9989578
v -0.039497502 0.6075253 -1.9964561
v -0.022046557 0.6049828 -1.9681631
v -0.04189982 0.6047213 -1.9686815
v -0.061740287 0.60501343 -1.9689006
v -0.06466366 0.60802203 -1.9964764
v -0.08231685 0.60230935 -1.9651951
v -0.08401182 0.6051888 -1.9910758
v -0.068178646 0.60598624 -2.000297
v -0.08758379 0.6093378 -2.0228891
v -0.068339124 0.6106746 -2.0202725
v -0.08802108 0.61293125 -2.0304515
v -0.06831217 0.6150019 -2.029889
v -0.09072751 0.6263471 -2.0392976
v -0.068328746 0.6266696 -2.0427737
v -0.08716582 0.6295289 -2.0450792
v -0.06832183 0.6342506 -2.0488727
v -0.07877249 0.6480806 -2.0591881
v -0.06834074 0.64681625 -2.061616
v -0.072409086 0.65899456 -2.0837886
v -0.06834958 0.65914726 -2.0842235
v -0.070067696 0.6634988 -2.1096048
v -0.06770995 0.66352004 -2.1135597
v -0.071566254 0.66584915 -2.1294243
v -0.05940443 0.6635865 -2.1269999
v -0.058925647 0.6637227 -2.1511457
v -0.045993745 0.66359025 -2.1277604
v -0.033473242 0.663604 -2.1305645
v -0.014944489 0.6636612 -2.1176555
v -0.03971981 0.6635475 -2.1192527
v -0.07462831 0.6577904 -2.0845742
v -0.080320284 0.6464435 -2.0627263
v -0.07226476 0.66219336 -2.1096175
v -0.07441893 0.663465 -2.1247208
v -0.08886581 0.6298773 -2.0850503
v -0.087456375 0.6316443 -2.049665
v -0.023689363 0.6002402 -1.8500129
v -0.04189982 0.60055083 -1.8303716
v -0.061740287 0.60084295 -1.8303809
v -0.07916913 0.6011271 -1.8302243
v -0.035888195 0.6635133 -2.1122816
v -0.037291408 0.65380436 -2.0794106
v -0.03753777 0.6621471 -2.112124
v -0.03565082 0.6567745 -2.0782096
v -0.037463035 0.6402594 -2.0587776
v -0.035668995 0.6426253 -2.0566936
v -0.037886407 0.623939 -2.0446162
v -0.035922416 0.62606716 -2.0423958
v -0.03833888 0.61046475 -2.0294688
v -0.03618693 0.6128856 -2.027839
v -0.038774386 0.6065855 -2.0202205
v -0.036623385 0.6094033 -2.0195193
v -0.0376215 0.60474116 -1.9999741
v -0.036002763 0.60771054 -1.9989578
v -0.040108908 0.60460705 -1.998489
v -0.063641496 0.6050829 -1.9977595
v -0.06613451 0.6030083 -2.0008292
v -0.068178646 0.60598624 -2.000297
v -0.06622309 0.6078656 -2.0212202
v -0.068339124 0.6106746 -2.0202725
v -0.06626212 0.6125178 -2.0315366
v -0.06831217 0.6150019 -2.029889
v -0.06649502 0.62450695 -2.0450683
v -0.068328746 0.6266696 -2.0427737
v -0.06660533 0.6320887 -2.0512607
v -0.06832183 0.6342506 -2.0488727
v -0.06683476 0.6441661 -2.0635767
v -0.06834074 0.64681625 -2.061616
v -0.06683933 0.6560422 -2.0852573
v -0.06834958 0.65914726 -2.0842235
v -0.066353105 0.66197675 -2.1134574
v -0.06770995 0.66352004 -2.1135597
v -0.058809597 0.6620916 -2.125743
v -0.05940443 0.6635865 -2.1269999
v -0.046704482 0.66224545 -2.126274
v -0.045993745 0.66359025 -2.1277604
v -0.04135887 0.66224164 -2.1182234
v -0.03971981 0.6635475 -2.1192527
v -0.06380304 0.6391624 -2.0673087
v -0.063954435 0.65008986 -2.0872228
v -0.06683933 0.6560422 -2.0852573
v -0.06392329 0.6537207 -2.1133034
v -0.066353105 0.66197675 -2.1134574
v -0.057688855 0.65378773 -2.123781
v -0.058809597 0.6620916 -2.125743
v -0.047989853 0.6541569 -2.1239884
v -0.046704482 0.66224545 -2.126274
v -0.04419238 0.6543051 -2.1164453
v -0.04135887 0.66224164 -2.1182234
v -0.0406221 0.65425444 -2.11186
v -0.03753777 0.6621471 -2.112124
v -0.04061004 0.6482132 -2.081699
v -0.037291408 0.65380436 -2.0794106
v -0.04095508 0.63576704 -2.0627544
v -0.041683763 0.61988306 -2.0488465
v -0.042424086 0.60579914 -2.0325813
v -0.042730723 0.601082 -2.0215502
v -0.04033641 0.5988475 -2.001838
v -0.0376215 0.60474116 -1.9999741
v -0.041080717 0.5986298 -2.001911
v -0.040108908 0.60460705 -1.998489
v -0.06142975 0.59943116 -1.9996074
v -0.061808355 0.5976092 -2.0016289
v -0.062204026 0.60247475 -2.023074
v -0.06236242 0.6077254 -2.034691
v -0.0629109 0.6203977 -2.0494206
v -0.06334457 0.6279492 -2.0558467
v -0.04493644 0.6726399 -1.8474865
v -0.050479874 0.6740132 -1.8251028
v -0.050479874 0.67493415 -1.8473916
v -0.04493644 0.671719 -1.8251976
v -0.056023307 0.671719 -1.8251976
v -0.056023307 0.6726399 -1.8474865
v -0.05831947 0.6661803 -1.8254265
v -0.05831947 0.6671012 -1.8477153
v -0.056023307 0.6606416 -1.8256552
v -0.056023307 0.6615625 -1.8479441
v -0.050479874 0.65834737 -1.8257501
v -0.050479874 0.6592683 -1.8480389
v -0.04493644 0.6606416 -1.8256552
v -0.04493644 0.6615625 -1.8479441
v -0.042640276 0.6661803 -1.8254265
v -0.042640276 0.6671012 -1.8477153
v -0.04493644 0.671719 -1.8251976
v -0.04493644 0.6726399 -1.8474865
v -0.04493644 0.671719 -1.8251976
v -0.050479874 0.6661803 -1.8254265
v -0.050479874 0.6740132 -1.8251028
v -0.056023307 0.671719 -1.8251976
v -0.05831947 0.6661803 -1.8254265
v -0.056023307 0.6606416 -1.8256552
v -0.050479874 0.65834737 -1.8257501
v -0.04493644 0.6606416 -1.8256552
v -0.042640276 0.6661803 -1.8254265
v 0.025711905 0.82286197 -1.5673764
v -0.02632321 0.70527965 -1.5766871
v 0.026324699 0.7052779 -1.5766903
v -0.025711905 0.82286197 -1.5673764
v 0.025711905 0.82286197 -1.5673764
v 0.03282535 0.7134072 -1.5843332
v 0.031726826 0.82366955 -1.5784285
v 0.026324699 0.7052779 -1.5766903
v 0.026324699 0.7052779 -1.5766903
v -0.027671799 0.6733617 -1.6165675
v 0.0269249 0.6733871 -1.6153725
v -0.02632321 0.70527965 -1.5766871
v 0.026324699 0.7052779 -1.5766903
v 0.03158874 0.6832217 -1.6183358
v 0.03282535 0.7134072 -1.5843332
v 0.0269249 0.6733871 -1.6153725
v -0.027671799 0.6733617 -1.6165675
v -0.03053307 0.7120643 -1.5855789
v -0.03027095 0.6832217 -1.6183358
v -0.02632321 0.70527965 -1.5766871
v -0.02632321 0.70527965 -1.5766871
v -0.030982494 0.82483405 -1.5824244
v -0.03053307 0.7120643 -1.5855789
v -0.025711905 0.82286197 -1.5673764
v 0.0269249 0.6733871 -1.6153725
v -0.02609003 0.6736559 -1.6502622
v 0.02608997 0.6736556 -1.6502622
v -0.027671799 0.6733617 -1.6165675
v 0.0269249 0.6733871 -1.6153725
v 0.031693038 0.6840436 -1.6550767
v 0.03158874 0.6832217 -1.6183358
v 0.02608997 0.6736556 -1.6502622
v 0.0243871 0.67029214 -1.6557908
v -0.02609003 0.6736559 -1.6502622
v -0.03027095 0.6832217 -1.6183358
v -0.029522939 0.6833982 -1.6550767
v -0.027671799 0.6733617 -1.6165675
v 0.02608997 0.6736556 -1.6502622
v -0.024387117 0.670292 -1.6557908
v 0.0243871 0.67029214 -1.6557908
v -0.02609003 0.6736559 -1.6502622
v -0.02609003 0.6736559 -1.6502622
v -0.029522939 0.6833982 -1.6550767
v -0.024387117 0.670292 -1.6557908
v 0.031693038 0.6840436 -1.6550767
v 0.021164691 0.6468721 -1.6644872
v 0.033511546 0.68349653 -1.659675
v 0.0243871 0.67029214 -1.6557908
v -0.024387117 0.670292 -1.6557908
v -0.031341467 0.6828512 -1.659675
v -0.021164726 0.6468721 -1.6644872
v -0.029522939 0.6833982 -1.6550767
v -0.024387117 0.670292 -1.6557908
v 0.021164691 0.6468721 -1.6644872
v 0.0243871 0.67029214 -1.6557908
v -0.021164726 0.6468721 -1.6644872
v 0.033511546 0.68349653 -1.659675
v 0.05083567 0.64530647 -1.69076
v 0.06500253 0.6837977 -1.6864758
v 0.021164691 0.6468721 -1.6644872
v 0.06500253 0.6837977 -1.6864758
v 0.05085704 0.64477897 -1.7375698
v 0.063893296 0.68419605 -1.7441506
v 0.05083567 0.64530647 -1.69076
v 0.063893296 0.68419605 -1.7441506
v 0.025600461 0.64451385 -1.7612228
v 0.030411469 0.6856444 -1.7760519
v 0.05085704 0.64477897 -1.7375698
v -0.021164726 0.6468721 -1.6644872
v -0.06551284 0.68380415 -1.687554
v -0.050835717 0.64530647 -1.69076
v -0.031341467 0.6828512 -1.659675
v -0.050835717 0.64530647 -1.69076
v -0.06412917 0.68470967 -1.74532
v -0.051149067 0.6452458 -1.7388531
v -0.06551284 0.68380415 -1.687554
v -0.051149067 0.6452458 -1.7388531
v -0.028649552 0.68506783 -1.7779194
v -0.025335899 0.64503217 -1.7625692
v -0.06412917 0.68470967 -1.74532
v -0.050835717 0.64530647 -1.69076
v 0.05085704 0.64477897 -1.7375698
v 0.05083567 0.64530647 -1.69076
v -0.051149067 0.6452458 -1.7388531
v -0.025335899 0.64503217 -1.7625692
v 0.025600461 0.64451385 -1.7612228
v -0.050835717 0.64530647 -1.69076
v 0.021164691 0.6468721 -1.6644872
v -0.021164726 0.6468721 -1.6644872
v 0.05083567 0.64530647 -1.69076
v 0.030411469 0.6856444 -1.7760519
v 0.019146841 0.64547926 -1.7661977
v 0.026541568 0.6718791 -1.777776
v 0.025600461 0.64451385 -1.7612228
v -0.025335899 0.64503217 -1.7625692
v -0.025058988 0.6705277 -1.7775148
v -0.019146958 0.6454792 -1.7661979
v -0.028649552 0.68506783 -1.7779194
v -0.025335899 0.64503217 -1.7625692
v 0.019146841 0.64547926 -1.7661977
v 0.025600461 0.64451385 -1.7612228
v -0.019146958 0.6454792 -1.7661979
v -0.019146958 0.6454792 -1.7661979
v 0.026541568 0.6718791 -1.777776
v 0.019146841 0.64547926 -1.7661977
v -0.025058988 0.6705277 -1.7775148
v 0.026541568 0.6718791 -1.777776
v -0.026237778 0.67404735 -1.7829043
v 0.026237719 0.67404735 -1.7829043
v -0.025058988 0.6705277 -1.7775148
v -0.025058988 0.6705277 -1.7775148
v -0.028649552 0.68506783 -1.7779194
v -0.026237778 0.67404735 -1.7829043
v 0.030411469 0.6856444 -1.7760519
v 0.026541568 0.6718791 -1.777776
v 0.026237719 0.67404735 -1.7829043
v 0.02362672 0.67602247 -2.0912113
v -0.010620119 0.675931 -2.1151302
v 0.05986168 0.67585546 -2.1169777
v 0.026237719 0.67404735 -1.7829043
v -0.012861169 0.6738194 -1.8064065
v -0.026513709 0.6737845 -1.7915295
v -0.026237778 0.67404735 -1.7829043
v 5.2575825E-4 0.6754743 -2.1326604
v -0.033363916 0.67519146 -2.1438088
v -0.05881016 0.6750931 -2.1505637
v 0.037004087 0.67559767 -2.1503236
v 0.045747433 0.6754939 -2.18246
v 0.05922891 0.67551583 -2.1859648
v 0.058468223 0.6751075 -2.2688985
v 0.03415428 0.6753691 -2.2085855
v 0.045907285 0.6750603 -2.2880685
v 0.035887897 0.6742195 -2.3113668
v 0.05595432 0.6743955 -2.311842
v 0.026254378 0.67453015 -2.3398764
v 0.020419817 0.674682 -2.3239908
v 9.9944E-4 0.6746646 -2.3403301
v 6.336554E-4 0.6745908 -2.32787
v -0.02749572 0.67481625 -2.340842
v -0.021177564 0.6741257 -2.3215468
v -0.04252147 0.67404103 -2.2987309
v -0.056580525 0.674404 -2.3133993
v -0.042973828 0.6748904 -2.2670116
v -0.058929056 0.67474705 -2.264057
v -0.032282148 0.67500246 -2.2098744
v -0.044020213 0.67510015 -2.175725
v -0.058867596 0.674926 -2.2053921
v -0.027878216 0.67478377 -2.245472
v 8.0715174E-5 0.67509246 -2.223213
v 5.2996165E-5 0.6750687 -2.2382467
v 0.03058604 0.6752706 -2.25165
v 0.045907285 0.6750603 -2.2880685
v 5.2996165E-5 0.6750687 -2.2382467
v 0.03058604 0.6752706 -2.25165
v 0.026237719 0.67404735 -1.7829043
v 0.025954979 0.68660873 -2.089989
v 0.030411469 0.6856444 -1.7760519
v 0.02362672 0.67602247 -2.0912113
v 0.025954979 0.68660873 -2.089989
v 0.05986168 0.67585546 -2.1169777
v 0.06186564 0.6854532 -2.1163106
v 0.02362672 0.67602247 -2.0912113
v 0.06186564 0.6854532 -2.1163106
v 0.05922891 0.67551583 -2.1859648
v 0.061570358 0.6844701 -2.182761
v 0.05986168 0.67585546 -2.1169777
v 0.058468223 0.6751075 -2.2688985
v 0.06121539 0.68328834 -2.262645
v -0.030399702 0.6870475 -1.7829043
v -0.026237778 0.67404735 -1.7829043
v -0.028649552 0.68506783 -1.7779194
v -0.058929056 0.67474705 -2.264057
v -0.064028405 0.68709624 -2.204483
v -0.06351232 0.6869174 -2.264057
v -0.058867596 0.674926 -2.2053921
v -0.06451074 0.6872635 -2.1488051
v -0.05881016 0.6750931 -2.1505637
v -0.012861169 0.6738194 -1.8064065
v -0.040306456 0.6013352 -1.8330526
v -0.026215056 0.6012378 -1.8485943
v -0.012861169 0.6738194 -1.8064065
v -0.026513709 0.6737845 -1.7915295
v -0.040306456 0.6013352 -1.8330526
v -0.012861169 0.6738194 -1.8064065
v -0.021618228 0.6086205 -2.0212958
v -0.010620119 0.675931 -2.1151302
v -0.026215056 0.6012378 -1.8485943
v -0.010620119 0.675931 -2.1151302
v -0.021618228 0.6086205 -2.0212958
v -0.015012039 0.6655284 -2.1140652
v -0.010620119 0.675931 -2.1151302
v -0.05902175 0.66549176 -2.1464775
v -0.05881016 0.6750931 -2.1505637
v -0.015012039 0.6655284 -2.1140652
v -0.05881016 0.6750931 -2.1505637
v -0.0723362 0.66599834 -2.130085
v -0.06451074 0.6872635 -2.1488051
v -0.05881016 0.6750931 -2.1505637
v -0.05902175 0.66549176 -2.1464775
v -0.040306456 0.6013352 -1.8330526
v -0.04382048 0.68355614 -1.7876663
v -0.07891167 0.6016016 -1.8320942
v -0.09690688 0.63864636 -1.8119142
v -0.040306456 0.6013352 -1.8330526
v -0.026513709 0.6737845 -1.7915295
v -0.07891167 0.6016016 -1.8320942
v -0.09690688 0.63864636 -1.8119142
v -0.097733855 0.6259436 -1.8200276
v -0.07891167 0.6016016 -1.8320942
v -0.090838164 0.6295466 -2.0570676
v -0.084075496 0.60960805 -2.035577
v -0.097733855 0.6259436 -1.8200276
v -0.20985869 0.9354518 -1.4279633
v -0.25596106 0.83341515 -1.4314871
v -0.23252127 0.7764375 -1.3942186
v -0.22417243 0.75456035 -1.3745222
v -0.20047362 0.92345685 -1.412187
v -0.22014904 0.74960977 -1.3542091
v -0.1956786 0.9100144 -1.3899478
v -0.1904392 0.86095023 -1.2790763
v -0.22363296 0.7479642 -1.3359224
v -0.19578797 0.8513233 -1.2568028
v -0.23387443 0.7482369 -1.3136598
v -0.200312 0.8446166 -1.2415197
v -0.24991162 0.7471233 -1.3050976
v -0.22165449 0.8341354 -1.2409656
v -0.18748899 0.86320555 -1.2781775
v -0.19283935 0.91286105 -1.3902065
v -0.1979574 0.92528766 -1.4118611
v -0.20799045 0.93717605 -1.4283886
v -0.27822584 0.9924998 -1.5059925
v -0.27993917 0.990914 -1.5055138
v -0.29300523 1.001708 -1.5190729
v -0.29336384 0.99979293 -1.5177585
v -0.29199597 0.9210091 -1.4887816
v -0.3057395 0.9454233 -1.5047636
v -0.3084165 1.0038918 -1.5237678
v -0.31716377 0.95238006 -1.5095372
v -0.31909868 0.9908158 -1.5209303
v -0.31786495 0.9710658 -1.5151774
v -0.32296357 0.994466 -1.5220547
v -0.32233694 0.96584654 -1.5138596
v -0.3278132 0.953623 -1.5103781
v -0.3218689 1.0041959 -1.5247504
v -0.42294574 1.0032476 -1.5252546
v -0.4232564 0.99438095 -1.5226817
v -0.42273813 0.96516347 -1.5138823
v -0.4205783 0.9542642 -1.5105247
v -0.42900217 0.9695422 -1.5147451
v -0.43010175 0.9523446 -1.5090883
v -0.4338284 1.002426 -1.5240484
v -0.42868888 0.98932457 -1.5208529
v -0.44695356 0.9982949 -1.5184628
v -0.439903 0.9452989 -1.5040485
v -0.45512298 0.99353987 -1.5124422
v -0.44839266 0.93359333 -1.4961665
v -0.42434156 1.004849 -1.5263674
v -0.3218785 1.005814 -1.5258725
v -0.30882108 1.0055468 -1.5249707
v -0.44648632 1.0005994 -1.5202769
v -0.43432894 1.0040356 -1.5251571
v -0.45655626 0.99504477 -1.5130235
v -0.5352819 0.9134966 -1.437424
v -0.533655 0.9121578 -1.4372942
v -0.5852089 0.8584617 -1.3870617
v -0.5835157 0.8570362 -1.3869305
v -0.50698024 0.84036404 -1.4338899
v -0.4933175 0.86210525 -1.4484129
v -0.5513512 0.7714721 -1.3860711
v -0.5946985 0.8396447 -1.3654118
v -0.562732 0.7546979 -1.36601
v -0.5953369 0.83106667 -1.3494254
v -0.5660608 0.7498986 -1.3450134
v -0.5895597 0.8065933 -1.3009394
v -0.59297216 0.8114392 -1.2662038
v -0.5906614 0.80658406 -1.2764115
v -0.55971754 0.74897027 -1.3176705
v -0.58779466 0.8143469 -1.255356
v -0.5815977 0.80386025 -1.2630072
v -0.5463005 0.74865276 -1.3060275
v -0.5537696 0.79672545 -1.2681154
v -0.5323476 0.748732 -1.3029461
v -0.59814185 0.83298707 -1.3485917
v -0.59684503 0.84072614 -1.3652523
v -0.5953456 0.81260204 -1.2658468
v -0.6029112 0.8419037 -1.3667005
v -0.59575105 0.856975 -1.3853945
v -0.5351622 0.9240015 -1.4465553
v -0.4582516 0.99948156 -1.5186013
v -0.44817793 1.0038642 -1.5247627
v -0.43453208 1.0077857 -1.5304993
v -0.42715466 1.0089749 -1.5322369
v -0.30286467 1.0094805 -1.5300163
v -0.28634095 1.0036827 -1.521414
v -0.2786996 0.9985172 -1.5141166
v -0.19708051 0.93775403 -1.4269764
v -0.1899314 0.92671406 -1.4118698
v -0.18634966 0.9142314 -1.3901173
v -0.18182631 0.8843665 -1.3203698
v -0.30201927 1.0149522 -1.53238
v -0.28182665 1.0085846 -1.5217189
v -0.27438325 1.0035837 -1.5145103
v -0.19595201 0.9414723 -1.4271469
v -0.18752363 0.93022054 -1.4100701
v -0.18402733 0.91830254 -1.3884302
v -0.18054909 0.88807166 -1.320229
v -0.17909114 0.92753 -1.3187288
v -0.18212436 0.95281696 -1.3770056
v -0.1840993 0.9612294 -1.3969511
v -0.18982847 0.96985936 -1.4160042
v -0.2687893 1.0214927 -1.5070459
v -0.2776321 1.0267371 -1.5159417
v -0.30240846 1.0377853 -1.5307742
v -0.43091223 1.0383513 -1.5333688
v -0.42819232 1.0140991 -1.5346928
v -0.43623686 1.0127581 -1.5327984
v -0.45089194 1.008432 -1.5266321
v -0.46237284 1.0030428 -1.5192784
v -0.5377097 0.92588305 -1.4469855
v -0.5990222 0.8596745 -1.3857083
v -0.6075201 0.8464218 -1.3641065
v -0.6073085 0.8393082 -1.349106
v -0.60391027 0.8345691 -1.3510802
v -0.5997586 0.81212294 -1.2630897
v -0.59821445 0.8155147 -1.258667
v -0.60414577 0.81591177 -1.2620399
v -0.6024314 0.8147154 -1.2571884
v -0.602657 0.88669467 -1.3904579
v -0.60930765 0.8761358 -1.3676578
v -0.60921407 0.87140816 -1.3483914
v -0.55098075 0.9406617 -1.4416074
v -0.4692273 1.0258543 -1.5179956
v -0.45473114 1.0348551 -1.5262043
v -0.44070205 1.0372286 -1.5312636
v -0.3235632 0.9927242 -1.5206463
v -0.3215482 0.98961365 -1.5185133
v -0.3243046 0.99070966 -1.5170034
v -0.3220801 0.9891585 -1.5167755
v -0.32429612 0.9879715 -1.5158033
v -0.4231664 0.99263585 -1.5213223
v -0.42554542 0.98977065 -1.5192077
v -0.4253923 0.9890753 -1.5177792
v -0.42295805 0.99025553 -1.5172685
v -0.42311028 0.9875051 -1.5161061
v -0.32007006 0.97073996 -1.5157806
v -0.4266453 0.97118324 -1.5167737
v -0.42292833 0.96801144 -1.5164346
v -0.32335615 0.96846426 -1.5161923
v -0.32007006 0.97073996 -1.5157806
v -0.422516 0.97140515 -1.5197092
v -0.42370662 0.97203594 -1.5195923
v -0.32408473 0.9709858 -1.5192816
v -0.3219947 0.9720195 -1.5185708
v -0.3215482 0.98961365 -1.5185133
v -0.3219947 0.9720195 -1.5185708
v -0.4266453 0.97118324 -1.5167737
v -0.31690466 0.94494426 -1.505892
v -0.30907798 0.94032687 -1.5029854
v -0.32336777 0.94615525 -1.5066681
v -0.29742002 0.918486 -1.4892645
v -0.41992068 0.9467621 -1.5066828
v -0.42857185 0.94478345 -1.5053259
v -0.43517563 0.93968856 -1.5019921
v -0.44323793 0.93052495 -1.4960142
v -0.27203673 0.8568185 -1.4490458
v -0.26739448 0.86120754 -1.4496658
v -0.48793483 0.85944456 -1.4486616
v -0.5048608 0.8325276 -1.43073
v -0.5463529 0.7681902 -1.3861281
v -0.5577383 0.75137085 -1.3660619
v -0.5610812 0.74653876 -1.3448825
v -0.5547436 0.74628705 -1.3199242
v -0.48598224 0.8579484 -1.4480335
v -0.4360123 0.9369743 -1.5007533
v -0.4345304 0.9390906 -1.5020808
v -0.42821506 0.94407886 -1.5052536
v -0.41991118 0.9460019 -1.5065522
v -0.32338685 0.9453984 -1.5065438
v -0.31718192 0.9442449 -1.5057994
v -0.3098294 0.9391432 -1.5026634
v -0.29109538 0.8962818 -1.4756976
v -0.27408162 0.8575284 -1.4502673
v -0.32860667 0.90974945 -1.5149907
v -0.32498947 0.9092978 -1.5145353
v -0.31902543 0.9066822 -1.5112977
v -0.29590124 0.8804222 -1.4794066
v -0.41737992 0.91035175 -1.5147862
v -0.42297786 0.90949553 -1.5136611
v -0.417358 0.90832657 -1.5140667
v -0.42216104 0.9076092 -1.513097
v -0.42594135 0.90566176 -1.5105603
v -0.4273969 0.9072685 -1.5106889
v -0.48561296 0.8568152 -1.4473354
v -0.32865372 0.9077218 -1.5142796
v -0.3268245 0.9075895 -1.5141336
v -0.32060257 0.90526843 -1.5112634
v -0.2971235 0.87965095 -1.4792558
v -0.27463952 0.85697913 -1.450214
v -0.29948083 0.8792996 -1.4776673
v -0.27792186 0.8556656 -1.4493006
v -0.3226599 0.9045203 -1.5091977
v -0.32809678 0.9068624 -1.5107896
v -0.33009928 0.9070691 -1.5109129
v -0.4162685 0.9076574 -1.5106994
v -0.4213418 0.9066991 -1.509586
v -0.42393455 0.90524673 -1.5076714
v -0.4800876 0.8581405 -1.4483154
v -0.29530326 0.87725186 -1.4640557
v -0.32408237 0.90879333 -1.5034093
v -0.3281223 0.9105606 -1.5056803
v -0.33137316 0.91089416 -1.5062364
v -0.41517442 0.9114774 -1.5060109
v -0.42022324 0.91065025 -1.5047293
v -0.4228132 0.90917975 -1.5028422
v -0.45925036 0.8791924 -1.4634413
v -0.2984309 0.8794455 -1.4644789
v -0.29613903 0.8772798 -1.4630233
v -0.32477686 0.9084654 -1.5007185
v -0.32877737 0.91059035 -1.5033653
v -0.33139923 0.91091335 -1.5037417
v -0.41513485 0.9115013 -1.503522
v -0.41918883 0.9107863 -1.502563
v -0.42125908 0.90961784 -1.501043
v -0.45621493 0.88072675 -1.4636811
v -0.4590502 0.87854445 -1.4621358
v -0.26414648 0.82751256 -1.4305934
v -0.2615536 0.8285652 -1.4311154
v -0.23786636 0.7738034 -1.3949045
v -0.26074138 0.82937706 -1.431149
v -0.2285527 0.7519918 -1.3746597
v -0.2253999 0.74515563 -1.3552613
v -0.22855404 0.7446373 -1.336767
v -0.23698245 0.74452513 -1.319189
v -0.2506652 0.74450666 -1.3104882
v -0.23698245 0.74452513 -1.319189
v -0.2506652 0.74450666 -1.3104882
v -0.5449664 0.74614555 -1.3114378
v -0.53239465 0.7460288 -1.3083024
v -0.5449664 0.74614555 -1.3114378
v -0.5547436 0.74628705 -1.3199242
v 0.041937154 0.67348975 -2.2063456
v 0.016699027 0.68031067 -2.224682
v 0.016699027 0.67348975 -2.224682
v 0.041937154 0.68031067 -2.2063456
v -0.01449701 0.68031067 -2.224682
v -0.01449701 0.67348975 -2.224682
v -0.039735127 0.68031067 -2.2063456
v -0.039735127 0.67348975 -2.2063456
v -0.049375243 0.68031067 -2.1766765
v -0.049375243 0.67348975 -2.1766765
v -0.03973512 0.68031067 -2.147007
v 0.051577248 0.67348975 -2.1766765
v -0.03973512 0.68031067 -2.147007
v -0.03973512 0.67348975 -2.147007
v -0.0144970035 0.68031067 -2.1286707
v -0.0144970035 0.67348975 -2.1286707
v 0.016699033 0.68031067 -2.1286707
v 0.016699033 0.67348975 -2.1286707
v 0.041937146 0.68031067 -2.147007
v 0.041937146 0.67348975 -2.147007
v 0.051577248 0.68031067 -2.1766765
v 0.041937154 0.68031067 -2.2063456
v 0.029499592 0.59428376 -2.197309
v 0.0011010122 0.59428376 -2.1766765
v 0.0119483 0.59428376 -2.2100608
v -0.009746281 0.59428376 -2.2100608
v -0.027297564 0.59428376 -2.197309
v -0.03400155 0.59428376 -2.1766765
v -0.027297558 0.59428376 -2.1560433
v -0.009746276 0.59428376 -2.1432915
v 0.0119483005 0.59428376 -2.1432915
v 0.029499585 0.59428376 -2.1560433
v 0.036203578 0.59428376 -2.1766765
v 0.03487928 0.68031067 -2.2012177
v 0.014003158 0.68031067 -2.216385
v -0.0118011385 0.68031067 -2.216385
v -0.032677248 0.68031067 -2.2012177
v -0.040651217 0.68031067 -2.1766765
v -0.032677244 0.68031067 -2.152135
v -0.011801133 0.68031067 -2.1369672
v 0.0140031595 0.68031067 -2.1369672
v 0.034879275 0.68031067 -2.152135
v 0.042853225 0.68031067 -2.1766765
v 0.041937154 0.68031067 -2.2063456
v 0.014003158 0.68031067 -2.216385
v 0.016699027 0.68031067 -2.224682
v 0.03487928 0.68031067 -2.2012177
v -0.0118011385 0.68031067 -2.216385
v -0.01449701 0.68031067 -2.224682
v -0.032677248 0.68031067 -2.2012177
v -0.039735127 0.68031067 -2.2063456
v -0.040651217 0.68031067 -2.1766765
v -0.049375243 0.68031067 -2.1766765
v -0.032677244 0.68031067 -2.152135
v -0.03973512 0.68031067 -2.147007
v -0.011801133 0.68031067 -2.1369672
v -0.0144970035 0.68031067 -2.1286707
v 0.0140031595 0.68031067 -2.1369672
v 0.016699033 0.68031067 -2.1286707
v 0.034879275 0.68031067 -2.152135
v 0.041937146 0.68031067 -2.147007
v 0.042853225 0.68031067 -2.1766765
v 0.051577248 0.68031067 -2.1766765
v 0.041937154 0.67348975 -2.3125985
v 0.016699027 0.68031067 -2.330935
v 0.016699027 0.67348975 -2.330935
v 0.041937154 0.68031067 -2.3125985
v -0.01449701 0.68031067 -2.330935
v -0.01449701 0.67348975 -2.330935
v -0.039735127 0.68031067 -2.3125985
v -0.039735127 0.67348975 -2.3125985
v -0.049375243 0.68031067 -2.2829294
v -0.049375243 0.67348975 -2.2829294
v -0.03973512 0.68031067 -2.25326
v 0.051577248 0.67348975 -2.2829294
v -0.03973512 0.68031067 -2.25326
v -0.03973512 0.67348975 -2.25326
v -0.0144970035 0.68031067 -2.2349236
v -0.0144970035 0.67348975 -2.2349236
v 0.016699033 0.68031067 -2.2349236
v 0.016699033 0.67348975 -2.2349236
v 0.041937146 0.68031067 -2.25326
v 0.041937146 0.67348975 -2.25326
v 0.051577248 0.68031067 -2.2829294
v 0.041937154 0.68031067 -2.3125985
v 0.029499592 0.59428376 -2.303562
v 0.0011010122 0.59428376 -2.2829294
v 0.0119483 0.59428376 -2.3163137
v -0.009746281 0.59428376 -2.3163137
v -0.027297564 0.59428376 -2.303562
v -0.03400155 0.59428376 -2.2829294
v -0.027297558 0.59428376 -2.2622962
v -0.009746276 0.59428376 -2.2495444
v 0.0119483005 0.59428376 -2.2495444
v 0.029499585 0.59428376 -2.2622962
v 0.036203578 0.59428376 -2.2829294
v 0.03487928 0.68031067 -2.3074706
v 0.014003158 0.68031067 -2.3226378
v -0.0118011385 0.68031067 -2.3226378
v -0.032677248 0.68031067 -2.3074706
v -0.040651217 0.68031067 -2.2829294
v -0.032677244 0.68031067 -2.2583878
v -0.011801133 0.68031067 -2.24322
v 0.0140031595 0.68031067 -2.24322
v 0.034879275 0.68031067 -2.2583878
v 0.042853225 0.68031067 -2.2829294
v 0.041937154 0.68031067 -2.3125985
v 0.014003158 0.68031067 -2.3226378
v 0.016699027 0.68031067 -2.330935
v 0.03487928 0.68031067 -2.3074706
v -0.0118011385 0.68031067 -2.3226378
v -0.01449701 0.68031067 -2.330935
v -0.032677248 0.68031067 -2.3074706
v -0.039735127 0.68031067 -2.3125985
v -0.040651217 0.68031067 -2.2829294
v -0.049375243 0.68031067 -2.2829294
v -0.032677244 0.68031067 -2.2583878
v -0.03973512 0.68031067 -2.25326
v -0.011801133 0.68031067 -2.24322
v -0.0144970035 0.68031067 -2.2349236
v 0.0140031595 0.68031067 -2.24322
v 0.016699033 0.68031067 -2.2349236
v 0.034879275 0.68031067 -2.2583878
v 0.041937146 0.68031067 -2.25326
v 0.042853225 0.68031067 -2.2829294
v 0.051577248 0.68031067 -2.2829294
v -0.010729803 1.0205737 -1.4074132
v -0.010729803 1.0136675 -1.3744332
v -0.010729804 1.014576 -1.4075778
v -0.010729802 1.0196652 -1.3742688
v -0.010729802 1.0192701 -1.3598524
v -0.010729802 1.0287843 -1.3739538
v -0.010729802 1.0229309 -1.3597844
v -0.010729802 1.0286089 -1.366908
v -0.010729802 1.0275586 -1.324685
v -0.010729802 1.0183682 -1.326948
v -0.010729802 1.0273834 -1.3176452
v -0.010729799 1.0441128 -1.3207012
v -0.010729802 1.0430607 -1.3138863
v -0.010729802 1.0177062 -1.3027942
v -0.010729802 1.0117084 -1.3029586
v -0.010729802 1.0113819 -1.2910423
v -0.010729802 1.0173796 -1.2908778
v -0.010729802 1.0282191 -1.3512347
v -0.010729799 1.0299186 -1.3658301
v -0.010729802 1.063737 -1.3566209
v -0.010729802 1.0614054 -1.3506894
v -0.010729803 1.0285407 -1.3641697
v -0.010729802 1.0278518 -1.3633393
v -0.010729803 1.0284946 -1.3623134
v -0.010729799 1.0457748 -1.3228515
v -0.010729802 1.0506624 -1.3269343
v -0.010729802 1.056116 -1.3204888
v -0.010729802 1.063037 -1.3476847
v -0.010729802 1.0577401 -1.3173836
v -0.010729802 1.0531464 -1.327503
v -0.010729802 1.0650378 -1.3387828
v -0.010729802 1.067556 -1.3396759
v -0.010729799 1.0827758 -1.3112167
v -0.010729802 1.0801741 -1.3049873
v -0.010729802 1.0961288 -1.307695
v -0.010729799 1.084328 -1.3136065
v -0.010729802 1.0951654 -1.3115388
v -0.010729802 1.087795 -1.3190886
v -0.010729802 1.0747695 -1.3402426
v -0.010729802 1.0768383 -1.3427992
v -0.010729802 1.0981365 -1.3395623
v -0.0107298 1.0961436 -1.3336339
v -0.010729802 1.0914818 -1.318268
v -0.0107298 1.0978644 -1.3301649
v -0.010729799 1.1000787 -1.3214986
v -0.010729802 1.1009657 -1.3294538
v -0.010729799 1.1029527 -1.3223549
v -0.010729802 1.1113383 -1.3259286
v -0.010729802 1.1098732 -1.322699
v -0.010729799 1.1133555 -1.3063011
v -0.010729799 1.1203946 -1.3055835
v -0.010729802 1.1454844 -1.3160827
v -0.010729802 1.1119128 -1.3257333
v -0.010729802 1.1296962 -1.3170605
v -0.010729802 1.1307874 -1.3128172
v -0.010729802 1.1235943 -1.2945763
v -0.010729802 1.1231785 -1.3053466
v -0.010729802 1.1105237 -1.3038788
v -0.010729796 1.1203128 -1.3055904
v -0.010729799 1.1203946 -1.3055835
v -0.010729796 1.1203128 -1.3055904
v -0.010729799 1.1133555 -1.3063011
v 0.020657314 1.0205737 -1.4074132
v 0.020657314 1.0136675 -1.3744332
v 0.020657314 1.0196652 -1.3742688
v 0.020657314 1.014576 -1.4075778
v 0.020657314 1.0192701 -1.3598524
v 0.020657314 1.0287843 -1.3739538
v 0.020657314 1.0229309 -1.3597844
v 0.020657314 1.0286089 -1.366908
v 0.020657314 1.0275586 -1.324685
v 0.020657314 1.0183682 -1.326948
v 0.020657314 1.0273834 -1.3176452
v 0.020657318 1.0441128 -1.3207012
v 0.020657314 1.0430607 -1.3138863
v 0.020657314 1.0177062 -1.3027942
v 0.020657314 1.0117084 -1.3029586
v 0.020657314 1.0113819 -1.2910423
v 0.020657314 1.0173796 -1.2908778
v 0.020657314 1.0282191 -1.3512347
v 0.020657318 1.0299186 -1.3658301
v 0.020657314 1.063737 -1.3566209
v 0.020657314 1.0614054 -1.3506894
v 0.020657314 1.0285407 -1.3641697
v 0.020657314 1.0278518 -1.3633393
v 0.020657314 1.0284946 -1.3623134
v 0.020657318 1.0457748 -1.3228515
v 0.020657314 1.0506624 -1.3269343
v 0.020657314 1.056116 -1.3204888
v 0.020657314 1.063037 -1.3476847
v 0.020657314 1.0577401 -1.3173836
v 0.020657314 1.0531464 -1.327503
v 0.020657314 1.0650378 -1.3387828
v 0.020657314 1.067556 -1.3396759
v 0.020657318 1.0827758 -1.3112167
v 0.020657314 1.0801741 -1.3049873
v 0.020657314 1.0961288 -1.307695
v 0.020657318 1.084328 -1.3136065
v 0.020657314 1.0951654 -1.3115388
v 0.020657314 1.087795 -1.3190886
v 0.020657314 1.0747695 -1.3402426
v 0.020657314 1.0768383 -1.3427992
v 0.020657314 1.0981365 -1.3395623
v 0.020657318 1.0961436 -1.3336339
v 0.020657314 1.0914818 -1.318268
v 0.020657318 1.0978644 -1.3301649
v 0.020657318 1.1000787 -1.3214986
v 0.020657314 1.1009657 -1.3294538
v 0.020657318 1.1029527 -1.3223549
v 0.020657314 1.1113383 -1.3259286
v 0.020657314 1.1098732 -1.322699
v 0.020657318 1.1133555 -1.3063011
v 0.020657318 1.1203946 -1.3055835
v 0.020657314 1.1454844 -1.3160827
v 0.020657314 1.1119128 -1.3257333
v 0.020657314 1.1296962 -1.3170605
v 0.020657314 1.1307874 -1.3128172
v 0.020657314 1.1235943 -1.2945763
v 0.020657314 1.1231785 -1.3053466
v 0.020657314 1.1105237 -1.3038788
v 0.020657318 1.1203128 -1.3055904
v 0.020657314 1.1235943 -1.2945763
v 0.020657318 1.1203946 -1.3055835
v 0.020657318 1.1203128 -1.3055904
v 0.020657318 1.1133555 -1.3063011
v 0.020657314 1.014576 -1.4075778
v -0.010729803 1.0205737 -1.4074132
v -0.010729804 1.014576 -1.4075778
v 0.020657314 1.0205737 -1.4074132
v 0.020657314 1.0177062 -1.3027942
v -0.010729802 1.0173796 -1.2908778
v -0.010729802 1.0177062 -1.3027942
v 0.020657314 1.0173796 -1.2908778
v 0.020657314 1.0173796 -1.2908778
v -0.010729802 1.0113819 -1.2910423
v -0.010729802 1.0173796 -1.2908778
v 0.020657314 1.0113819 -1.2910423
v 0.020657314 1.0205737 -1.4074132
v -0.010729802 1.0287843 -1.3739538
v -0.010729803 1.0205737 -1.4074132
v 0.020657314 1.0287843 -1.3739538
v 0.020657314 1.0275586 -1.324685
v -0.010729799 1.0441128 -1.3207012
v -0.010729802 1.0275586 -1.324685
v 0.020657318 1.0441128 -1.3207012
v 0.020657314 1.0430607 -1.3138863
v -0.010729802 1.0273834 -1.3176452
v -0.010729802 1.0430607 -1.3138863
v 0.020657314 1.0273834 -1.3176452
v 0.020657314 1.0801741 -1.3049873
v -0.010729802 1.0801741 -1.3049873
v 0.020657314 1.1235943 -1.2945763
v -0.010729802 1.1235943 -1.2945763
v 0.020657314 1.0273834 -1.3176452
v -0.010729802 1.0177062 -1.3027942
v -0.010729802 1.0273834 -1.3176452
v 0.020657314 1.0177062 -1.3027942
v 0.020657314 1.0282191 -1.3512347
v -0.010729802 1.0275586 -1.324685
v -0.010729802 1.0282191 -1.3512347
v 0.020657314 1.0275586 -1.324685
v 0.020657314 1.0614054 -1.3506894
v -0.010729799 1.0299186 -1.3658301
v -0.010729802 1.0614054 -1.3506894
v 0.020657318 1.0299186 -1.3658301
v 0.020657314 1.0287843 -1.3739538
v -0.010729802 1.063737 -1.3566209
v -0.010729802 1.0287843 -1.3739538
v 0.020657314 1.063737 -1.3566209
v -0.010729802 1.0981365 -1.3395623
v 0.020657314 1.0981365 -1.3395623
v -0.010729802 1.1454844 -1.3160827
v 0.020657314 1.1454844 -1.3160827
v 0.020657314 1.0285407 -1.3641697
v -0.010729803 1.0284946 -1.3623134
v -0.010729803 1.0285407 -1.3641697
v 0.020657314 1.0284946 -1.3623134
v 0.020657318 1.0299186 -1.3658301
v -0.010729803 1.0285407 -1.3641697
v -0.010729799 1.0299186 -1.3658301
v 0.020657314 1.0285407 -1.3641697
v 0.020657314 1.0284946 -1.3623134
v -0.010729802 1.0506624 -1.3269343
v -0.010729803 1.0284946 -1.3623134
v 0.020657314 1.0506624 -1.3269343
v 0.020657318 1.0457748 -1.3228515
v -0.010729802 1.0282191 -1.3512347
v -0.010729799 1.0457748 -1.3228515
v 0.020657314 1.0282191 -1.3512347
v 0.020657314 1.063037 -1.3476847
v -0.010729802 1.0614054 -1.3506894
v -0.010729802 1.063037 -1.3476847
v 0.020657314 1.0614054 -1.3506894
v 0.020657318 1.0827758 -1.3112167
v -0.010729799 1.084328 -1.3136065
v -0.010729799 1.0827758 -1.3112167
v 0.020657318 1.084328 -1.3136065
v 0.020657314 1.0951654 -1.3115388
v -0.010729802 1.0961288 -1.307695
v -0.010729802 1.0951654 -1.3115388
v 0.020657314 1.0961288 -1.307695
v 0.020657314 1.056116 -1.3204888
v -0.010729802 1.0577401 -1.3173836
v -0.010729802 1.056116 -1.3204888
v 0.020657314 1.0577401 -1.3173836
v 0.020657318 1.0441128 -1.3207012
v -0.010729799 1.0457748 -1.3228515
v -0.010729799 1.0441128 -1.3207012
v 0.020657318 1.0457748 -1.3228515
v 0.020657314 1.0650378 -1.3387828
v -0.010729802 1.056116 -1.3204888
v -0.010729802 1.0650378 -1.3387828
v 0.020657314 1.056116 -1.3204888
v 0.020657314 1.0506624 -1.3269343
v -0.010729802 1.0531464 -1.327503
v -0.010729802 1.0506624 -1.3269343
v 0.020657314 1.0531464 -1.327503
v 0.020657314 1.0531464 -1.327503
v -0.010729802 1.063037 -1.3476847
v -0.010729802 1.0531464 -1.327503
v 0.020657314 1.063037 -1.3476847
v 0.020657314 1.067556 -1.3396759
v -0.010729802 1.0650378 -1.3387828
v -0.010729802 1.067556 -1.3396759
v 0.020657314 1.0650378 -1.3387828
v 0.020657314 1.0577401 -1.3173836
v -0.010729799 1.0827758 -1.3112167
v -0.010729802 1.0577401 -1.3173836
v 0.020657318 1.0827758 -1.3112167
v 0.020657314 1.0768383 -1.3427992
v -0.010729802 1.0747695 -1.3402426
v -0.010729802 1.0768383 -1.3427992
v 0.020657314 1.0747695 -1.3402426
v 0.020657314 1.0747695 -1.3402426
v -0.010729802 1.087795 -1.3190886
v -0.010729802 1.0747695 -1.3402426
v 0.020657314 1.087795 -1.3190886
v 0.020657318 1.084328 -1.3136065
v -0.010729802 1.067556 -1.3396759
v -0.010729799 1.084328 -1.3136065
v 0.020657314 1.067556 -1.3396759
v 0.020657318 1.0961436 -1.3336339
v -0.010729802 1.0768383 -1.3427992
v -0.0107298 1.0961436 -1.3336339
v 0.020657314 1.0768383 -1.3427992
v 0.020657314 1.0914818 -1.318268
v -0.0107298 1.0978644 -1.3301649
v -0.010729802 1.0914818 -1.318268
v 0.020657318 1.0978644 -1.3301649
v 0.020657318 1.1000787 -1.3214986
v -0.010729802 1.0951654 -1.3115388
v -0.010729799 1.1000787 -1.3214986
v 0.020657314 1.0951654 -1.3115388
v 0.020657314 1.087795 -1.3190886
v -0.010729802 1.0914818 -1.318268
v -0.010729802 1.087795 -1.3190886
v 0.020657314 1.0914818 -1.318268
v 0.020657318 1.1029527 -1.3223549
v -0.010729799 1.1000787 -1.3214986
v -0.010729799 1.1029527 -1.3223549
v 0.020657318 1.1000787 -1.3214986
v 0.020657318 1.0978644 -1.3301649
v -0.0107298 1.0961436 -1.3336339
v -0.0107298 1.0978644 -1.3301649
v 0.020657318 1.0961436 -1.3336339
v 0.020657314 1.1231785 -1.3053466
v -0.010729802 1.1307874 -1.3128172
v -0.010729802 1.1231785 -1.3053466
v 0.020657314 1.1307874 -1.3128172
v 0.020657314 1.1454844 -1.3160827
v -0.010729802 1.1235943 -1.2945763
v -0.010729802 1.1454844 -1.3160827
v 0.020657314 1.1235943 -1.2945763
v 0.020657318 1.1203946 -1.3055835
v -0.010729802 1.1231785 -1.3053466
v -0.010729799 1.1203946 -1.3055835
v 0.020657314 1.1231785 -1.3053466
v 0.020657314 1.1105237 -1.3038788
v -0.010729799 1.1133555 -1.3063011
v -0.010729802 1.1105237 -1.3038788
v 0.020657318 1.1133555 -1.3063011
v 0.020657314 1.1098732 -1.322699
v -0.010729799 1.1203946 -1.3055835
v -0.010729802 1.1098732 -1.322699
v 0.020657318 1.1203946 -1.3055835
v 0.020657318 1.1133555 -1.3063011
v -0.010729799 1.1029527 -1.3223549
v -0.010729799 1.1133555 -1.3063011
v 0.020657318 1.1029527 -1.3223549
v 0.020657314 1.1113383 -1.3259286
v -0.010729802 1.1098732 -1.322699
v -0.010729802 1.1113383 -1.3259286
v 0.020657314 1.1098732 -1.322699
v 0.020657314 1.1296962 -1.3170605
v -0.010729802 1.1119128 -1.3257333
v -0.010729802 1.1296962 -1.3170605
v 0.020657314 1.1119128 -1.3257333
v -0.010729802 1.1113383 -1.3259286
v 0.020657314 1.1113383 -1.3259286
v 0.020657314 1.1307874 -1.3128172
v -0.010729802 1.1296962 -1.3170605
v -0.010729802 1.1307874 -1.3128172
v 0.020657314 1.1296962 -1.3170605
v 0.020657314 1.0961288 -1.307695
v -0.010729802 1.1105237 -1.3038788
v -0.010729802 1.0961288 -1.307695
v 0.020657314 1.1105237 -1.3038788
v 0.12691583 0.86545604 -1.5486963
v 0.16346967 0.93032116 -1.3488538
v 0.12698044 0.9728978 -1.4659851
v 0.16134182 0.8239986 -1.4253265
v 0.15985411 0.82086813 -1.4291737
v 0.1259055 0.86131 -1.55113
v 0.12277981 0.8644549 -1.5526929
v 0.1236398 0.974238 -1.4680581
v 0.124351464 0.975311 -1.4659524
v 0.11076077 0.9768162 -1.4660742
v 0.110565394 0.97806877 -1.46387
v 0.11058749 0.867335 -1.5504761
v 0.0973113 0.82632256 -1.5820948
v 0.08972254 0.83519346 -1.5752575
v 0.10034294 0.823013 -1.5806198
v 0.09515327 0.8203903 -1.5822165
v 0.09513386 0.8253134 -1.5828701
v 0.085870065 0.8334007 -1.5766398
v 0.04589936 0.8253133 -1.5828764
v 0.04451207 0.833385 -1.5766569
v 0.032221034 0.82531327 -1.5828781
v 0.033021994 0.8333806 -1.5766617
v 0.05149263 0.8203627 -1.5823201
v 0.049627542 0.81785315 -1.5818261
v 0.032065578 0.7134973 -1.5888046
v 0.046209615 0.71299505 -1.5890548
v 0.101582974 0.78956413 -1.5406833
v 0.10187442 0.78629607 -1.5386239
v 0.10768039 0.78595084 -1.5320786
v 0.106477134 0.78939503 -1.5339754
v 0.16108201 0.8173597 -1.4270384
v 0.16213822 0.817982 -1.4233792
v 0.14564575 0.7619047 -1.4946045
v 0.14653511 0.75998807 -1.4936606
v 0.17756158 0.81553566 -1.3497889
v 0.1764857 0.80911064 -1.3560258
v 0.17864837 0.9073231 -1.2875894
v 0.16004075 0.75360364 -1.4326036
v 0.11237148 0.63348365 -1.647665
v 0.11696349 0.6074288 -1.6291897
v 0.111621484 0.63154274 -1.6519803
v 0.10974799 0.636188 -1.6492969
v 0.11032563 0.63368773 -1.6530558
v 0.11710727 0.6018885 -1.6445117
v 0.11130839 0.6313334 -1.6566311
v 0.110283256 0.6338619 -1.655776
v 0.11719619 0.5995635 -1.6603225
v 0.107023306 0.63718045 -1.651577
v 0.10797867 0.63715976 -1.6551323
v 0.08465206 0.66019666 -1.6547145
v 0.08550958 0.65792656 -1.651243
v 0.08915799 0.6547083 -1.6407559
v 0.08842986 0.6570335 -1.6366037
v 0.09351892 0.66396093 -1.666647
v 0.04830412 0.68564355 -1.6221942
v 0.047776137 0.6871437 -1.6187521
v 0.05038294 0.6856398 -1.6532539
v 0.04753629 0.68624973 -1.6497949
v 0.048605308 0.6869005 -1.6554028
v 0.04549635 0.68686825 -1.6497301
v 0.04627614 0.68625915 -1.6221175
v 0.08080217 0.68499076 -1.6781764
v 0.07902969 0.68634593 -1.6803975
v 0.08278146 0.68452376 -1.6817899
v 0.094893694 0.66459 -1.6709018
v 0.04873867 0.7110697 -1.5894375
v 0.046113938 0.7108269 -1.5901469
v 0.03213358 0.7113173 -1.5899
v 0.048413098 0.7135534 -1.588288
v 0.08397783 0.73016965 -1.5578897
v 0.08527352 0.7281005 -1.5582052
v 0.14160286 0.76093924 -1.499885
v 0.14285573 0.75896215 -1.49998
v 0.04626274 0.68828857 -1.6194768
v 0.03236848 0.68656707 -1.6215945
v 0.032389037 0.6876253 -1.6187255
v 0.03123816 0.6871749 -1.6546572
v 0.033291247 0.6872906 -1.6580005
v 0.06709759 0.6869219 -1.6871446
v 0.078434005 0.6874333 -1.7495613
v 0.08167826 0.68558025 -1.7495177
v 0.080266714 0.68610215 -1.7519276
v 0.09119856 0.6696784 -1.7591554
v 0.08984599 0.67030686 -1.76147
v 0.10816265 0.63565606 -1.7797247
v 0.10698811 0.6368121 -1.7813809
v 0.10514728 0.6335322 -1.7838587
v 0.109166525 0.63322353 -1.783139
v 0.11340763 0.60124683 -1.9337507
v 0.07514408 0.66643083 -1.7843914
v 0.072625384 0.66948986 -1.7814982
v 0.04521195 0.6882552 -1.7849396
v 0.04752026 0.68768394 -1.7819395
v 0.04314032 0.6888856 -1.7849089
v 0.045680538 0.68877965 -1.7799368
v 0.066205874 0.68778425 -1.7425756
v 0.03116348 0.689021 -1.776564
v 0.03003588 0.6890647 -1.7791197
v 0.040327158 0.68985915 -2.0816305
v 0.0271328 0.69011915 -2.0899413
v 0.042496808 0.6891508 -2.081652
v 0.07298504 0.66574264 -2.0826476
v 0.10416666 0.63588333 -2.0862238
v 0.10493447 0.63362074 -2.0886157
v 0.10484863 0.63481367 -2.0887125
v 0.10374861 0.63676643 -2.0874438
v 0.0763647 0.6639972 -2.0853248
v 0.04530262 0.688269 -2.0842683
v 0.04356964 0.68975216 -2.0867863
v 0.044910997 0.68964523 -2.1030123
v 0.07795037 0.6867641 -2.107328
v 0.07588587 0.6883726 -2.1097257
v 0.07927892 0.68643415 -2.1105034
v 0.0893387 0.66469324 -2.0985503
v 0.09056637 0.66364694 -2.100884
v 0.077832304 0.68498254 -2.2554238
v 0.073094554 0.6870104 -2.2557478
v 0.06388391 0.6888861 -2.1171815
v 0.06276302 0.6874316 -2.2557116
v 0.08032583 0.68069905 -2.2559547
v 0.09065194 0.66169065 -2.2352014
v 0.090668105 0.66132104 -2.2605808
v 0.10285167 0.63531744 -2.234399
v 0.103171095 0.63523686 -2.2110956
v 0.10316381 0.63423795 -2.2334588
v 0.1034547 0.63413656 -2.2096632
v 0.10960804 0.60296273 -2.2075424
v 0.10992889 0.60279256 -2.1848166
v 0.08569428 0.6705712 -2.269625
v 0.111469835 0.6021079 -2.0736034
v 0.061577544 0.6870045 -2.2545202
v 0.06267466 0.68828475 -2.1175666
v 0.044128716 0.68881536 -2.104089
v 0.026780989 0.68927515 -2.0918746
v 0.02579254 0.68930954 -2.0899248
v 0.02869773 0.68825316 -1.7791123
v 0.03025486 0.6881818 -1.7755989
v 0.064930774 0.687242 -1.7425598
v 0.065988846 0.6864106 -1.6884621
v 0.064714156 0.6862387 -1.6860148
v 0.03240643 0.6865868 -1.6590629
v 0.030163478 0.686059 -1.6546574
v 0.03077635 0.6853565 -1.6215925
v 0.03081756 0.6866823 -1.617961
v 0.030879557 0.71081036 -1.5895364
v 0.046209615 0.71299505 -1.5890548
v 0.032065578 0.7134973 -1.5888046
v 0.03213358 0.7113173 -1.5899
v 0.0308309 0.7134815 -1.5881503
v 0.030879557 0.71081036 -1.5895364
v 0.032065578 0.7134973 -1.5888046
v 0.030879557 0.71081036 -1.5895364
v 0.03213358 0.7113173 -1.5899
v 0.0308309 0.7134815 -1.5881503
v 0.031043032 0.82332486 -1.582955
v 0.030982494 0.82483405 -1.5824244
v 0.030586332 0.83238435 -1.5769498
v 0.031748142 0.83278435 -1.5771204
v 0.032198306 0.83379745 -1.5758318
v 0.0881235 0.8344523 -1.5740402
v 0.108859554 0.8654714 -1.5501254
v 0.1091733 0.8664897 -1.5493405
v 0.10944753 0.97618604 -1.4654989
v 0.10918427 0.9772832 -1.4640315
v 0.033021994 0.8333806 -1.5766617
v 0.032198306 0.83379745 -1.5758318
v 0.030586332 0.83238435 -1.5769498
v 0.085870065 0.8334007 -1.5766398
v 0.08586915 0.83365583 -1.5746543
v 0.032198306 0.83379745 -1.5758318
v 0.0881235 0.8344523 -1.5740402
v 0.06267466 0.68828475 -2.1175666
v 0.06146186 0.68302244 -2.2544968
v 0.061577544 0.6870045 -2.2545202
v 0.062333386 0.68444747 -2.1166103
v 0.044128716 0.68881536 -2.104089
v 0.062333386 0.68444747 -2.1166103
v 0.06267466 0.68828475 -2.1175666
v 0.044128716 0.68881536 -2.104089
v 0.043481763 0.68505615 -2.102286
v 0.026780989 0.68927515 -2.0918746
v 0.026585845 0.6855772 -2.0904343
v 0.02579254 0.68930954 -2.0899248
v 0.026166527 0.68566936 -2.0893598
v 0.02869773 0.68825316 -1.7791123
v 0.02908108 0.68460023 -1.7796508
v 0.03025486 0.6881818 -1.7755989
v 0.030287785 0.6845505 -1.7751973
v 0.064930774 0.687242 -1.7425598
v 0.06308074 0.6834349 -1.7434704
v 0.065988846 0.6864106 -1.6884621
v 0.06308074 0.6834349 -1.7434704
v 0.064930774 0.687242 -1.7425598
v 0.06405445 0.6823917 -1.6882954
v 0.064714156 0.6862387 -1.6860148
v 0.06265386 0.6824022 -1.6857885
v 0.03240643 0.6865868 -1.6590629
v 0.032648817 0.6831271 -1.6594115
v 0.030163478 0.686059 -1.6546574
v 0.031059131 0.68275696 -1.6560154
v 0.03077635 0.6853565 -1.6215925
v 0.03163704 0.68206716 -1.6210637
v 0.03081756 0.6866823 -1.617961
v 0.03143478 0.6836388 -1.6161958
v 0.030879557 0.71081036 -1.5895364
v 0.031133072 0.70852834 -1.5866058
v 0.0308309 0.7134815 -1.5881503
v 0.031133072 0.70852834 -1.5866058
v 0.030879557 0.71081036 -1.5895364
v 0.030489428 0.71248734 -1.5843095
v 0.031133072 0.70852834 -1.5866058
v 0.031043032 0.82332486 -1.582955
v 0.030489428 0.71248734 -1.5843095
v 0.0308309 0.7134815 -1.5881503
v 0.030716678 0.82260704 -1.5790063
v 0.030982494 0.82483405 -1.5824244
v 0.030916538 0.8230734 -1.5789241
v 0.030586332 0.83238435 -1.5769498
v 0.030445887 0.83009917 -1.5736756
v -0.12691583 0.86545604 -1.5486963
v -0.16346967 0.93032116 -1.3488538
v -0.16134182 0.8239986 -1.4253265
v -0.12698044 0.9728978 -1.4659851
v -0.15985411 0.82086813 -1.4291737
v -0.1259055 0.86131 -1.55113
v -0.12277981 0.8644549 -1.5526929
v -0.1236398 0.974238 -1.4680581
v -0.124351464 0.975311 -1.4659524
v -0.11076077 0.9768162 -1.4660742
v -0.110565394 0.97806877 -1.46387
v -0.11058749 0.867335 -1.5504761
v -0.0973113 0.82632256 -1.5820948
v -0.08972254 0.83519346 -1.5752575
v -0.10034294 0.823013 -1.5806198
v -0.09515327 0.8203903 -1.5822165
v -0.09513386 0.8253134 -1.5828701
v -0.085870065 0.8334007 -1.5766398
v -0.04589936 0.8253133 -1.5828764
v -0.04451207 0.833385 -1.5766569
v -0.032221034 0.82531327 -1.5828781
v -0.033021994 0.8333806 -1.5766617
v -0.05149263 0.8203627 -1.5823201
v -0.049627542 0.81785315 -1.5818261
v -0.032065578 0.7134973 -1.5888046
v -0.046209615 0.71299505 -1.5890548
v -0.03213358 0.7113173 -1.5899
v -0.046113938 0.7108269 -1.5901469
v -0.101582974 0.78956413 -1.5406833
v -0.10187442 0.78629607 -1.5386239
v -0.10768039 0.78595084 -1.5320786
v -0.106477134 0.78939503 -1.5339754
v -0.16108201 0.8173597 -1.4270384
v -0.16213822 0.817982 -1.4233792
v -0.14564575 0.7619047 -1.4946045
v -0.14653511 0.75998807 -1.4936606
v -0.17756158 0.81553566 -1.3497889
v -0.1764857 0.80911064 -1.3560258
v -0.17864837 0.9073231 -1.2875894
v -0.16004075 0.75360364 -1.4326036
v -0.11237148 0.63348365 -1.647665
v -0.11696349 0.6074288 -1.6291897
v -0.111621484 0.63154274 -1.6519803
v -0.10974799 0.636188 -1.6492969
v -0.11032563 0.63368773 -1.6530558
v -0.11710727 0.6018885 -1.6445117
v -0.11130839 0.6313334 -1.6566311
v -0.110283256 0.6338619 -1.655776
v -0.11719619 0.5995635 -1.6603225
v -0.107023306 0.63718045 -1.651577
v -0.10797867 0.63715976 -1.6551323
v -0.08465206 0.66019666 -1.6547145
v -0.08550958 0.65792656 -1.651243
v -0.08915799 0.6547083 -1.6407559
v -0.08842986 0.6570335 -1.6366037
v -0.09351892 0.66396093 -1.666647
v -0.04830412 0.68564355 -1.6221942
v -0.047776137 0.6871437 -1.6187521
v -0.05038294 0.6856398 -1.6532539
v -0.04753629 0.68624973 -1.6497949
v -0.048605308 0.6869005 -1.6554028
v -0.04549635 0.68686825 -1.6497301
v -0.04627614 0.68625915 -1.6221175
v -0.08080217 0.68499076 -1.6781764
v -0.07902969 0.68634593 -1.6803975
v -0.08278146 0.68452376 -1.6817899
v -0.094893694 0.66459 -1.6709018
v -0.04873867 0.7110697 -1.5894375
v -0.048413098 0.7135534 -1.588288
v -0.08397783 0.73016965 -1.5578897
v -0.08527352 0.7281005 -1.5582052
v -0.14160286 0.76093924 -1.499885
v -0.14285573 0.75896215 -1.49998
v -0.04626274 0.68828857 -1.6194768
v -0.03236848 0.68656707 -1.6215945
v -0.032389037 0.6876253 -1.6187255
v -0.03081756 0.6866823 -1.617961
v -0.03077635 0.6853565 -1.6215925
v -0.03236848 0.68656707 -1.6215945
v -0.030879557 0.71081036 -1.5895364
v -0.0308309 0.7134815 -1.5881503
v -0.031043032 0.82332486 -1.582955
v -0.030982494 0.82483405 -1.5824244
v -0.030586332 0.83238435 -1.5769498
v -0.031748142 0.83278435 -1.5771204
v -0.032198306 0.83379745 -1.5758318
v -0.08586915 0.83365583 -1.5746543
v -0.0881235 0.8344523 -1.5740402
v -0.108859554 0.8654714 -1.5501254
v -0.1091733 0.8664897 -1.5493405
v -0.10944753 0.97618604 -1.4654989
v -0.10918427 0.9772832 -1.4640315
v -0.033291247 0.6872906 -1.6580005
v -0.03123816 0.6871749 -1.6546572
v -0.03236848 0.68656707 -1.6215945
v -0.06709759 0.6869219 -1.6871446
v -0.078434005 0.6874333 -1.7495613
v -0.08167826 0.68558025 -1.7495177
v -0.080266714 0.68610215 -1.7519276
v -0.09119856 0.6696784 -1.7591554
v -0.08984599 0.67030686 -1.76147
v -0.10816265 0.63565606 -1.7797247
v -0.10698811 0.6368121 -1.7813809
v -0.10514728 0.6335322 -1.7838587
v -0.109166525 0.63322353 -1.783139
v -0.11340763 0.60124683 -1.8160946
v -0.07514408 0.66643083 -1.7843914
v -0.072625384 0.66948986 -1.7814982
v -0.04521195 0.6882552 -1.7849396
v -0.04752026 0.68768394 -1.7819395
v -0.04314032 0.6888856 -1.7849089
v -0.045680538 0.68877965 -1.7799368
v -0.066205874 0.68778425 -1.7425756
v -0.03116348 0.689021 -1.776564
v -0.03003588 0.6890647 -1.7791197
v -0.02869773 0.68825316 -1.7791123
v -0.03025486 0.6881818 -1.7755989
v -0.064930774 0.687242 -1.7425598
v -0.065988846 0.6864106 -1.6884621
v -0.064714156 0.6862387 -1.6860148
v -0.03240643 0.6865868 -1.6590629
v -0.030163478 0.686059 -1.6546574
v -0.03236848 0.68656707 -1.6215945
v -0.043109 0.68891275 -1.787588
v -0.03012526 0.6891489 -1.7876059
v -0.04470633 0.6882309 -1.7889533
v -0.07686855 0.66494024 -1.8002957
v -0.10873507 0.6329865 -1.8183594
v -0.10921665 0.6309748 -1.8211032
v -0.10549382 0.63241327 -2.083575
v -0.111469835 0.6021079 -2.0736034
v -0.10992889 0.60279256 -2.1848166
v -0.1034547 0.63413656 -2.2096632
v -0.10960804 0.60296273 -2.2075424
v -0.10316381 0.63423795 -2.2334588
v -0.103171095 0.63523686 -2.2110956
v -0.10285167 0.63531744 -2.234399
v -0.09065194 0.66169065 -2.2352014
v -0.090668105 0.66132104 -2.2605808
v -0.08032583 0.68069905 -2.2559547
v -0.08569428 0.6705712 -2.269625
v -0.07896726 0.6860624 -2.1545146
v -0.093354814 0.6603023 -2.121219
v -0.077832304 0.68498254 -2.2554238
v -0.075695716 0.6880593 -2.1549902
v -0.073094554 0.6870104 -2.2557478
v -0.0632871 0.6885748 -2.1524885
v -0.06276302 0.6874316 -2.2557116
v -0.10495085 0.63459164 -2.0881584
v -0.10310151 0.63488996 -2.0821817
v -0.10271463 0.6361986 -2.0861828
v -0.093354814 0.6603023 -2.121219
v -0.090419345 0.66179013 -2.1189456
v -0.10687832 0.63349056 -1.8227888
v -0.10921665 0.6309748 -1.8211032
v -0.03236848 0.68656707 -1.6215945
v -0.030163478 0.686059 -1.6546574
v -0.03077635 0.6853565 -1.6215925
v -0.10873507 0.6329865 -1.8183594
v -0.10921665 0.6309748 -1.8211032
v -0.10687832 0.63349056 -1.8227888
v -0.03025486 0.6881818 -1.7755989
v -0.02865427 0.68500394 -1.7793481
v -0.030287785 0.6845505 -1.7751973
v -0.02869773 0.68825316 -1.7791123
v -0.064930774 0.687242 -1.7425598
v -0.06308074 0.6834349 -1.7434704
v -0.065988846 0.6864106 -1.6884621
v -0.06308074 0.6834349 -1.7434704
v -0.06405445 0.6823917 -1.6882954
v -0.064930774 0.687242 -1.7425598
v -0.064714156 0.6862387 -1.6860148
v -0.06265386 0.6824022 -1.6857885
v -0.03240643 0.6865868 -1.6590629
v -0.032648817 0.6831271 -1.6594115
v -0.030163478 0.686059 -1.6546574
v -0.030163478 0.686059 -1.6546574
v -0.031059131 0.68275696 -1.6560154
v -0.03077635 0.6853565 -1.6215925
v -0.031059131 0.68275696 -1.6560154
v -0.03163704 0.68206716 -1.6210637
v -0.030163478 0.686059 -1.6546574
v -0.031059131 0.68275696 -1.6560154
v -0.03081756 0.6866823 -1.617961
v -0.03163704 0.68206716 -1.6210637
v -0.03143478 0.6836388 -1.6161958
v -0.03077635 0.6853565 -1.6215925
v -0.030879557 0.71081036 -1.5895364
v -0.031133072 0.70852834 -1.5866058
v -0.0308309 0.7134815 -1.5881503
v -0.030489428 0.71248734 -1.5843095
v -0.031043032 0.82332486 -1.582955
v -0.030716678 0.82260704 -1.5790063
v -0.030982494 0.82483405 -1.5824244
v -0.030916538 0.8230734 -1.5789241
v -0.030586332 0.83238435 -1.5769498
v -0.030445887 0.83009917 -1.5736756
v -0.07896726 0.6860624 -2.1545146
v -0.075695716 0.6880593 -2.1549902
v -0.076327056 0.6868469 -2.1512303
v -0.075695716 0.6880593 -2.1549902
v -0.06365409 0.6872547 -2.1484525
v -0.076327056 0.6868469 -2.1512303
v -0.0632871 0.6885748 -2.1524885
v -0.07896726 0.6860624 -2.1545146
v -0.090419345 0.66179013 -2.1189456
v -0.093354814 0.6603023 -2.121219
v -0.076327056 0.6868469 -2.1512303
v -0.10873507 0.6329865 -1.8183594
v -0.10687832 0.63349056 -1.8227888
v -0.10555251 0.63479674 -1.8192571
v -0.10873507 0.6329865 -1.8183594
v -0.07484153 0.66400266 -1.8030069
v -0.07686855 0.66494024 -1.8002957
v -0.10555251 0.63479674 -1.8192571
v -0.07686855 0.66494024 -1.8002957
v -0.04307497 0.68739456 -1.7902261
v -0.04470633 0.6882309 -1.7889533
v -0.07484153 0.66400266 -1.8030069
v -0.04470633 0.6882309 -1.7889533
v -0.04307497 0.68739456 -1.7902261
v -0.043109 0.68891275 -1.787588
v -0.03012526 0.6891489 -1.7876059
v -0.04307497 0.68739456 -1.7902261
v -0.0324766 0.68755233 -1.790261
v -0.043109 0.68891275 -1.787588
v -0.0324766 0.68755233 -1.790261
v -0.07484153 0.66400266 -1.8030069
v -0.06811567 0.6588669 -1.8055241
v -0.04307497 0.68739456 -1.7902261
v -0.10555251 0.63479674 -1.8192571
v -0.094358526 0.63536817 -1.8187957
v -0.094358526 0.63536817 -1.8187957
v -0.10687832 0.63349056 -1.8227888
v -0.095251 0.63422537 -1.8222848
v -0.10555251 0.63479674 -1.8192571
v -0.095251 0.63422537 -1.8222848
v -0.10310151 0.63488996 -2.0821817
v -0.091603585 0.63557667 -2.079799
v -0.10687832 0.63349056 -1.8227888
v -0.091603585 0.63557667 -2.079799
v -0.10271463 0.6361986 -2.0861828
v -0.09107545 0.63684446 -2.0836983
v -0.10310151 0.63488996 -2.0821817
v -0.09107545 0.63684446 -2.0836983
v -0.090419345 0.66179013 -2.1189456
v -0.0785172 0.66237265 -2.1164224
v -0.10271463 0.6361986 -2.0861828
v -0.076327056 0.6868469 -2.1512303
v -0.06365409 0.6872547 -2.1484525
v -0.02869773 0.68825316 -1.7791123
v -0.03012526 0.6891489 -1.7876059
v -0.02897284 0.6881554 -1.7880992
v -0.03003588 0.6890647 -1.7791197
v -0.03012526 0.6891489 -1.7876059
v -0.03156891 0.6863063 -1.7901536
v -0.02897284 0.6881554 -1.7880992
v -0.0324766 0.68755233 -1.790261
v -0.0324766 0.68755233 -1.790261
v -0.067012474 0.6572839 -1.8049979
v -0.03156891 0.6863063 -1.7901536
v -0.06811567 0.6588669 -1.8055241
v -0.06811567 0.6588669 -1.8055241
v -0.09298066 0.6339331 -1.8185824
v -0.067012474 0.6572839 -1.8049979
v -0.094358526 0.63536817 -1.8187957
v -0.094358526 0.63536817 -1.8187957
v -0.09376486 0.63288695 -1.8222636
v -0.09298066 0.6339331 -1.8185824
v -0.095251 0.63422537 -1.8222848
v -0.09376486 0.63288695 -1.8222636
v -0.095251 0.63422537 -1.8222848
v -0.091603585 0.63557667 -2.079799
v -0.09011794 0.6342383 -2.0797849
v -0.09376486 0.63288695 -1.8222636
v -0.09011794 0.6342383 -2.0797849
v -0.09107545 0.63684446 -2.0836983
v -0.0895626 0.6356196 -2.084157
v -0.09011794 0.6342383 -2.0797849
v -0.091603585 0.63557667 -2.079799
v -0.0895626 0.6356196 -2.084157
v -0.0785172 0.66237265 -2.1164224
v -0.077030666 0.66109025 -2.1168087
v -0.09107545 0.63684446 -2.0836983
v -0.077030666 0.66109025 -2.1168087
v -0.06365409 0.6872547 -2.1484525
v -0.06267724 0.68614334 -2.1490104
v -0.0785172 0.66237265 -2.1164224
v -0.06365409 0.6872547 -2.1484525
v -0.062241375 0.68741864 -2.1524704
v -0.06267724 0.68614334 -2.1490104
v -0.0632871 0.6885748 -2.1524885
v -0.0632871 0.6885748 -2.1524885
v -0.061603807 0.6860603 -2.2554505
v -0.062241375 0.68741864 -2.1524704
v -0.06276302 0.6874316 -2.2557116
v -0.061603807 0.6860603 -2.2554505
v -0.06276302 0.6874316 -2.2557116
v -0.06337261 0.68498886 -2.2565727
v -0.06276302 0.6874316 -2.2557116
v -0.07305695 0.6852505 -2.2566967
v -0.06337261 0.68498886 -2.2565727
v -0.06276302 0.6874316 -2.2557116
v -0.073094554 0.6870104 -2.2557478
v -0.07305695 0.6852505 -2.2566967
v -0.073094554 0.6870104 -2.2557478
v -0.076471396 0.6822919 -2.2552228
v -0.07305695 0.6852505 -2.2566967
v -0.073094554 0.6870104 -2.2557478
v -0.077832304 0.68498254 -2.2554238
v -0.076471396 0.6822919 -2.2552228
v -0.077832304 0.68498254 -2.2554238
v -0.07853619 0.67991316 -2.2563617
v -0.076471396 0.6822919 -2.2552228
v -0.08032583 0.68069905 -2.2559547
v -0.08032583 0.68069905 -2.2559547
v -0.08373653 0.6707089 -2.2705808
v -0.07853619 0.67991316 -2.2563617
v -0.08569428 0.6705712 -2.269625
v -0.08373653 0.6707089 -2.2705808
v -0.08569428 0.6705712 -2.269625
v -0.085524835 0.66803044 -2.2695343
v -0.08569428 0.6705712 -2.269625
v -0.0895551 0.65989286 -2.2614326
v -0.085524835 0.66803044 -2.2695343
v -0.090668105 0.66132104 -2.2605808
v -0.090668105 0.66132104 -2.2605808
v -0.100883424 0.6336025 -2.2349896
v -0.0895551 0.65989286 -2.2614326
v -0.10285167 0.63531744 -2.234399
v -0.10285167 0.63531744 -2.234399
v -0.10316381 0.63423795 -2.2334588
v -0.100883424 0.6336025 -2.2349896
v -0.10698904 0.60225224 -2.2090893
v -0.10960804 0.60296273 -2.2075424
v -0.02869773 0.68825316 -1.7791123
v -0.028186979 0.68575764 -1.7870312
v -0.02865427 0.68500394 -1.7793481
v -0.02897284 0.6881554 -1.7880992
v -0.03049629 0.68486786 -1.7879516
v -0.03156891 0.6863063 -1.7901536
v -0.06601352 0.6562899 -1.8026862
v -0.067012474 0.6572839 -1.8049979
v -0.0923756 0.63216347 -1.8170238
v -0.09298066 0.6339331 -1.8185824
v -0.09376486 0.63288695 -1.8222636
v -0.09350707 0.63030976 -1.8218659
v -0.09298066 0.6339331 -1.8185824
v -0.0923756 0.63216347 -1.8170238
v -0.09376486 0.63288695 -1.8222636
v -0.089827985 0.6316139 -2.0801811
v -0.09350707 0.63030976 -1.8218659
v -0.09011794 0.6342383 -2.0797849
v -0.09011794 0.6342383 -2.0797849
v -0.089183174 0.63329315 -2.0853155
v -0.089827985 0.6316139 -2.0801811
v -0.09011794 0.6342383 -2.0797849
v -0.0895626 0.6356196 -2.084157
v -0.089183174 0.63329315 -2.0853155
v -0.07666335 0.659107 -2.118368
v -0.077030666 0.66109025 -2.1168087
v -0.06249435 0.68405354 -2.1501799
v -0.06267724 0.68614334 -2.1490104
v -0.06218269 0.6850412 -2.1528547
v -0.062241375 0.68741864 -2.1524704
v -0.06115786 0.68416953 -2.254348
v -0.061603807 0.6860603 -2.2554505
v -0.061603807 0.6860603 -2.2554505
v -0.062012296 0.68342626 -2.2543268
v -0.06115786 0.68416953 -2.254348
v -0.061603807 0.6860603 -2.2554505
v -0.06337261 0.68498886 -2.2565727
v -0.062012296 0.68342626 -2.2543268
v -0.06337261 0.68498886 -2.2565727
v -0.07118048 0.6834456 -2.2543998
v -0.062012296 0.68342626 -2.2543268
v -0.07305695 0.6852505 -2.2566967
vn -0.0 0.9674017 0.2532469
vn -3.7106468E-6 0.967406 0.2532307
vn -3.7106468E-6 0.967406 0.2532307
vn -0.0 0.9674017 0.2532469
vn -7.421294E-6 0.96741015 0.2532145
vn -7.421294E-6 0.96741015 0.2532145
vn -0.24983987 0.2452036 -0.9367258
vn -0.47911084 0.22227189 -0.8491455
vn -0.47911084 0.22227189 -0.8491455
vn -0.24983987 0.2452036 -0.9367258
vn -0.67927045 0.18583469 -0.7099698
vn -0.67927045 0.18583469 -0.7099698
vn -9.611401E-6 -0.96741325 -0.25320277
vn -6.6609964E-6 -0.9674098 -0.25321597
vn -6.6609964E-6 -0.9674098 -0.25321597
vn -9.611401E-6 -0.96741325 -0.25320277
vn -3.7105897E-6 -0.96740633 -0.25322917
vn -3.7105897E-6 -0.96740633 -0.25322917
vn 0.8087253 0.14893837 -0.56901735
vn 0.8087253 0.14893837 -0.56901735
vn 0.8087253 0.14893837 -0.56901735
vn 0.8087253 0.14893837 -0.56901735
vn -0.9771496 -0.053839333 0.205621
vn -0.9771496 -0.053839333 0.205621
vn -0.9771496 -0.053839333 0.205621
vn -0.9771496 -0.053839333 0.205621
vn 0.9804649 0.085738696 -0.17702384
vn 0.9804649 0.085738696 -0.17702384
vn 0.9804649 0.085738696 -0.17702384
vn 0.9804649 0.085738696 -0.17702384
vn 0.5667854 0.3002675 -0.7671986
vn 0.5667854 0.3002675 -0.7671986
vn 0.5667854 0.3002675 -0.7671986
vn 0.5667854 0.3002675 -0.7671986
vn 0.8468075 0.52786154 -0.065416016
vn 0.8468075 0.52786154 -0.065416016
vn 0.8468075 0.52786154 -0.065416016
vn 0.8468075 0.52786154 -0.065416016
vn 0.57016385 0.54240143 -0.6170202
vn 0.57016385 0.54240143 -0.6170202
vn 0.57016385 0.54240143 -0.6170202
vn 0.977112 -0.070689276 0.20063716
vn 0.977112 -0.070689276 0.20063716
vn 0.977112 -0.070689276 0.20063716
vn 0.977112 -0.070689276 0.20063716
vn 0.8721931 0.35324222 0.33837712
vn 0.8721931 0.35324222 0.33837712
vn 0.8721931 0.35324222 0.33837712
vn 0.8505846 -0.409136 -0.33032337
vn 0.8505846 -0.409136 -0.33032337
vn 0.8505846 -0.409136 -0.33032337
vn 0.8505846 -0.409136 -0.33032337
vn 0.39508453 -0.21448913 -0.8932539
vn 0.39508453 -0.21448913 -0.8932539
vn 0.39508453 -0.21448913 -0.8932539
vn 0.94680697 -0.2947403 0.12916946
vn 0.94680697 -0.2947403 0.12916946
vn 0.94680697 -0.2947403 0.12916946
vn -0.0 0.3266779 -0.9451357
vn -0.0 0.3266779 -0.9451357
vn -0.0 0.3266779 -0.9451357
vn -0.0 0.3266779 -0.9451357
vn -0.0 0.9593281 0.28229356
vn -0.0 0.9593281 0.28229356
vn -0.0 0.9593281 0.28229356
vn -0.0 0.9593281 0.28229356
vn -0.0 0.876384 -0.48161298
vn -0.0 0.876384 -0.48161298
vn -0.0 0.876384 -0.48161298
vn -0.0 0.876384 -0.48161298
vn -0.0 -0.31654558 0.9485773
vn -0.0 -0.31654558 0.9485773
vn -0.0 -0.31654558 0.9485773
vn -0.0 -0.31654558 0.9485773
vn -0.0 0.44690713 0.89458036
vn -0.0 0.44690713 0.89458036
vn -0.0 0.44690713 0.89458036
vn -0.0 0.44690713 0.89458036
vn -0.0 -0.93645453 -0.35078886
vn -0.0 -0.93645453 -0.35078886
vn -0.0 -0.93645453 -0.35078886
vn -0.0 -0.93645453 -0.35078886
vn -0.0 -0.3986025 -0.9171238
vn -0.0 -0.3986025 -0.9171238
vn -0.0 -0.3986025 -0.9171238
vn -0.0 -0.3986025 -0.9171238
vn -0.0 -0.9173157 0.3981605
vn -0.0 -0.9173157 0.3981605
vn -0.0 -0.9173157 0.3981605
vn -0.0 -0.9173157 0.3981605
vn 6.080016E-5 0.28851652 -0.9574749
vn 6.080016E-5 0.28851652 -0.9574749
vn 6.080016E-5 0.28851652 -0.9574749
vn 4.8641005E-4 0.2883682 -0.9575195
vn 4.8641005E-4 0.2883682 -0.9575195
vn 4.8641005E-4 0.2883682 -0.9575195
vn 0.87689024 0.46016037 0.1389819
vn 0.87689024 0.46016037 0.1389819
vn 0.87689024 0.46016037 0.1389819
vn 0.87689024 0.46016037 0.1389819
vn 0.87689024 0.46016037 0.1389819
vn 0.87689024 0.46016037 0.1389819
vn 0.8463141 -0.5101768 -0.1532059
vn 0.8463141 -0.5101768 -0.1532059
vn 0.8463141 -0.5101768 -0.1532059
vn 0.8463141 -0.5101768 -0.1532059
vn -0.003421397 -0.95751 -0.28837982
vn -0.003421397 -0.95751 -0.28837982
vn -0.003421397 -0.95751 -0.28837982
vn -0.003421397 -0.95751 -0.28837982
vn -0.8500784 -0.50423664 -0.15202694
vn -0.8500784 -0.50423664 -0.15202694
vn -0.8500784 -0.50423664 -0.15202694
vn -0.8500784 -0.50423664 -0.15202694
vn -0.8734819 0.4661648 0.14042683
vn -0.8734819 0.4661648 0.14042683
vn -0.8734819 0.4661648 0.14042683
vn -0.8734819 0.4661648 0.14042683
vn -0.8734819 0.4661648 0.14042683
vn 0.0034688166 0.95748633 0.28845793
vn 0.0034688166 0.95748633 0.28845793
vn 0.0034688166 0.95748633 0.28845793
vn 0.0034688166 0.95748633 0.28845793
vn 8.812973E-5 0.32103965 -0.9470657
vn 8.812973E-5 0.32103965 -0.9470657
vn 8.812973E-5 0.32103965 -0.9470657
vn 8.812973E-5 0.32103965 -0.9470657
vn 3.7968566E-5 0.32070693 -0.9471784
vn 0.8523021 0.47614294 -0.21649279
vn 0.8523021 0.47614294 -0.21649279
vn 0.8523021 0.47614294 -0.21649279
vn 0.8523021 0.47614294 -0.21649279
vn 0.0024701888 0.9981925 -0.060046624
vn 0.0024701888 0.9981925 -0.060046624
vn 0.0024701888 0.9981925 -0.060046624
vn 0.0024701888 0.9981925 -0.060046624
vn -0.8531538 0.4845243 -0.19329955
vn -0.8531538 0.4845243 -0.19329955
vn -0.8531538 0.4845243 -0.19329955
vn -0.8531538 0.4845243 -0.19329955
vn -0.3380723 -0.7619285 -0.5524239
vn -0.3380723 -0.7619285 -0.5524239
vn -0.3380723 -0.7619285 -0.5524239
vn -0.3380723 -0.7619285 -0.5524239
vn 0.33170116 -0.7642384 -0.5530949
vn 0.33170116 -0.7642384 -0.5530949
vn 0.33170116 -0.7642384 -0.5530949
vn 0.33170116 -0.7642384 -0.5530949
vn 1.3094571E-4 0.28814924 -0.95758545
vn 1.3094571E-4 0.28814924 -0.95758545
vn 1.3094571E-4 0.28814924 -0.95758545
vn 1.3094571E-4 0.28814924 -0.95758545
vn 4.841715E-5 0.2886018 -0.9574492
vn 3.1615156E-5 0.2882348 -0.95755976
vn 3.1615156E-5 0.2882348 -0.95755976
vn -0.9366186 0.20818654 -0.28178698
vn -0.9366186 0.20818654 -0.28178698
vn -0.9366186 0.20818654 -0.28178698
vn -0.9366186 0.20818654 -0.28178698
vn 0.23749393 -0.78010225 -0.5788239
vn 0.23749393 -0.78010225 -0.5788239
vn 0.23749393 -0.78010225 -0.5788239
vn 0.23749393 -0.78010225 -0.5788239
vn 0.77767885 -0.44474944 -0.44431248
vn 0.77767885 -0.44474944 -0.44431248
vn 0.77767885 -0.44474944 -0.44431248
vn 0.77767885 -0.44474944 -0.44431248
vn 0.79380304 -0.412189 -0.44718787
vn 0.79380304 -0.412189 -0.44718787
vn 0.8125072 -0.3735475 -0.44754255
vn 0.8125072 -0.3735475 -0.44754255
vn 0.8125072 -0.3735475 -0.44754255
vn 0.84608 0.50513375 -0.17026044
vn 0.84608 0.50513375 -0.17026044
vn 0.84608 0.50513375 -0.17026044
vn 0.84608 0.50513375 -0.17026044
vn -0.4940375 0.8672568 -0.061583173
vn -0.4940375 0.8672568 -0.061583173
vn -0.4940375 0.8672568 -0.061583173
vn -0.4940375 0.8672568 -0.061583173
vn -1.093133E-4 0.28815666 -0.9575833
vn -1.093133E-4 0.28815666 -0.9575833
vn -1.093133E-4 0.28815666 -0.9575833
vn -1.093133E-4 0.28815666 -0.9575833
vn -3.0261328E-5 0.28861853 -0.95744413
vn -1.8065275E-5 0.28826758 -0.95754987
vn -1.8065275E-5 0.28826758 -0.95754987
vn 0.9365993 0.20820941 -0.28183416
vn 0.9365993 0.20820941 -0.28183416
vn 0.9365993 0.20820941 -0.28183416
vn 0.9365993 0.20820941 -0.28183416
vn -0.23748581 -0.7801037 -0.5788253
vn -0.23748581 -0.7801037 -0.5788253
vn -0.23748581 -0.7801037 -0.5788253
vn -0.23748581 -0.7801037 -0.5788253
vn -0.77766436 -0.44473818 -0.44434905
vn -0.77766436 -0.44473818 -0.44434905
vn -0.77766436 -0.44473818 -0.44434905
vn -0.77766436 -0.44473818 -0.44434905
vn -0.7938317 -0.41221663 -0.44711143
vn -0.7938317 -0.41221663 -0.44711143
vn -0.8125088 -0.37353116 -0.44755313
vn -0.8125088 -0.37353116 -0.44755313
vn -0.8125088 -0.37353116 -0.44755313
vn -0.8460479 0.5051562 -0.17035294
vn -0.8460479 0.5051562 -0.17035294
vn -0.8460479 0.5051562 -0.17035294
vn -0.8460479 0.5051562 -0.17035294
vn 0.49400592 0.8672733 -0.06160587
vn 0.49400592 0.8672733 -0.06160587
vn 0.49400592 0.8672733 -0.06160587
vn 0.49400592 0.8672733 -0.06160587
vn -4.7165283E-4 0.25942045 -0.96576434
vn -4.7165283E-4 0.25942045 -0.96576434
vn -4.7165283E-4 0.25942045 -0.96576434
vn -4.7165283E-4 0.25942045 -0.96576434
vn 7.249279E-5 0.26524433 -0.96418124
vn -0.032043364 0.2921861 -0.9558245
vn -0.032043364 0.2921861 -0.9558245
vn 0.03191602 0.2920348 -0.95587504
vn 0.03191602 0.2920348 -0.95587504
vn 0.48197088 -0.67485636 -0.5588139
vn 0.48197088 -0.67485636 -0.5588139
vn 0.48197088 -0.67485636 -0.5588139
vn 0.48197088 -0.67485636 -0.5588139
vn 0.9311691 -0.014391897 -0.3643034
vn 0.9311691 -0.014391897 -0.3643034
vn 0.9311691 -0.014391897 -0.3643034
vn 0.9311691 -0.014391897 -0.3643034
vn -0.0041621486 -0.791348 -0.6113518
vn -0.0041621486 -0.791348 -0.6113518
vn -0.0041621486 -0.791348 -0.6113518
vn -0.0041621486 -0.791348 -0.6113518
vn -0.93184566 -0.0080715995 -0.36276513
vn -0.93184566 -0.0080715995 -0.36276513
vn -0.93184566 -0.0080715995 -0.36276513
vn -0.93184566 -0.0080715995 -0.36276513
vn -0.48771265 -0.6712354 -0.55819297
vn -0.48771265 -0.6712354 -0.55819297
vn -0.48771265 -0.6712354 -0.55819297
vn -0.48771265 -0.6712354 -0.55819297
vn -0.71769696 0.6751186 -0.17066346
vn -0.71769696 0.6751186 -0.17066346
vn -0.71769696 0.6751186 -0.17066346
vn -0.71769696 0.6751186 -0.17066346
vn -0.71769696 0.6751186 -0.17066346
vn 0.3400254 0.9399131 -0.030758213
vn 0.3400254 0.9399131 -0.030758213
vn 0.3400254 0.9399131 -0.030758213
vn -0.32798743 0.94391924 -0.037956968
vn -0.32798743 0.94391924 -0.037956968
vn -0.32798743 0.94391924 -0.037956968
vn -0.32798743 0.94391924 -0.037956968
vn 0.71982586 0.688445 -0.088849805
vn 0.71982586 0.688445 -0.088849805
vn 0.71982586 0.688445 -0.088849805
vn 0.71982586 0.688445 -0.088849805
vn 0.71982586 0.688445 -0.088849805
vn 0.3362321 0.93740207 -0.09069366
vn 0.3362321 0.93740207 -0.09069366
vn 0.3362321 0.93740207 -0.09069366
vn -0.05176237 0.61420447 -0.7874475
vn -0.05410971 0.61267287 -0.7884822
vn -0.055038627 0.6103373 -0.79022723
vn -0.066729754 0.58654636 -0.807162
vn -0.057705935 0.61255515 -0.78831863
vn -0.058612693 0.6102231 -0.79005843
vn -0.055366997 0.61135256 -0.7894191
vn -0.04470172 0.622347 -0.78146404
vn -0.04164599 0.598457 -0.8000717
vn -0.026367087 0.5838601 -0.81142604
vn -0.07313969 0.5530089 -0.82995886
vn -0.16741039 0.4869538 -0.8572338
vn -0.037985805 0.62746495 -0.77771765
vn -0.015850583 0.64981204 -0.75992966
vn -0.0069607343 0.64168644 -0.7669355
vn 0.035787243 0.70431554 -0.7089843
vn 7.9618185E-4 0.6643401 -0.74743
vn 4.4029686E-4 0.65191036 -0.7582959
vn -1.8938088E-4 0.66314626 -0.7484898
vn 0.05954272 0.7111598 -0.70050436
vn 0.08736164 0.8967288 -0.43387255
vn 0.08736164 0.8967288 -0.43387255
vn -0.0033517135 0.5862365 -0.81013304
vn -0.0014319756 0.61260474 -0.7903881
vn -0.0013695189 0.611595 -0.7911698
vn -4.2848737E-4 0.58411145 -0.81167334
vn -4.907782E-4 0.63811654 -0.76993966
vn -0.0053305808 0.5602873 -0.8282812
vn 4.3441838E-4 0.5841111 -0.8116736
vn 0.0033553503 0.5862365 -0.81013304
vn 0.0013758149 0.61159444 -0.7911703
vn 0.005331554 0.56028783 -0.8282808
vn 0.0014225577 0.6126135 -0.79038143
vn 0.006960214 0.6416918 -0.76693106
vn 4.8135442E-4 0.63812524 -0.76993245
vn -7.981949E-4 0.6643411 -0.7474291
vn -0.035789415 0.7043128 -0.70898694
vn 0.015853798 0.6498084 -0.7599327
vn 0.044709075 0.62235093 -0.78146046
vn -4.411005E-4 0.6518987 -0.7583059
vn 1.874764E-4 0.6631305 -0.7485038
vn -0.059545875 0.71115434 -0.7005097
vn -1.624593E-7 0.6051039 -0.7961465
vn -1.624593E-7 0.6051039 -0.7961465
vn -0.08736601 0.89673144 -0.43386623
vn -0.08736601 0.89673144 -0.43386623
vn 0.037985954 0.6274658 -0.777717
vn 0.051770274 0.61420524 -0.7874464
vn 0.05537167 0.6113515 -0.78941965
vn 0.058624133 0.6102255 -0.7900558
vn 0.05505364 0.61034 -0.7902242
vn 0.05411574 0.6126743 -0.7884806
vn 0.066729315 0.58654153 -0.80716556
vn 0.05770568 0.6125538 -0.78831965
vn 0.041640162 0.5984459 -0.8000804
vn 0.02636426 0.58385575 -0.8114292
vn 0.07313953 0.55300593 -0.8299608
vn 0.16740699 0.48694062 -0.8572419
vn 0.2828556 0.013713238 -0.9590644
vn 0.6693628 0.31852898 -0.6711875
vn 0.2828556 0.013713238 -0.9590644
vn 0.6693628 0.31852898 -0.6711875
vn 0.59996015 0.7202924 -0.34817636
vn 0.59996015 0.7202924 -0.34817636
vn 0.16675776 0.97380996 -0.15455098
vn 0.16675776 0.97380996 -0.15455098
vn -0.28285563 0.013712662 -0.9590644
vn -0.28285563 0.013712662 -0.9590644
vn -0.6693594 0.3185311 -0.67118996
vn -0.6693594 0.3185311 -0.67118996
vn -0.5999525 0.7203032 -0.34816703
vn -0.5999525 0.7203032 -0.34816703
vn -0.1667511 0.9738131 -0.15453807
vn -0.1667511 0.9738131 -0.15453807
vn 0.463771 -0.68490785 -0.5619766
vn 0.9543303 -0.20824331 -0.21421573
vn 0.463771 -0.68490785 -0.5619766
vn 0.9543303 -0.20824331 -0.21421573
vn 0.882068 0.37747037 0.28190815
vn 0.882068 0.37747037 0.28190815
vn -0.46377513 -0.6849066 -0.5619747
vn -0.46377513 -0.6849066 -0.5619747
vn -0.9543318 -0.20823994 -0.21421233
vn -0.9543318 -0.20823994 -0.21421233
vn -0.88206804 0.37747034 0.281908
vn -0.88206804 0.37747034 0.281908
vn 0.29286543 0.77337503 0.5622463
vn 0.882068 0.37747037 0.28190815
vn 0.29286543 0.77337503 0.5622463
vn -0.292866 0.77337486 0.56224626
vn -0.292866 0.77337486 0.56224626
vn -0.88206804 0.37747034 0.281908
vn -0.59708893 0.6418705 -0.48113105
vn -0.3826806 0.88524383 -0.264384
vn -0.59708893 0.6418705 -0.48113105
vn -0.3826806 0.88524383 -0.264384
vn -0.10855423 0.9768065 -0.18456715
vn -0.10855423 0.9768065 -0.18456715
vn -0.6096632 0.38775557 -0.6913439
vn -0.6096632 0.38775557 -0.6913439
vn -0.40968728 0.1896728 -0.8922895
vn -0.40968728 0.1896728 -0.8922895
vn -0.10951263 0.08031326 -0.9907355
vn -0.10951263 0.08031326 -0.9907355
vn -2.6348568E-4 0.98415893 -0.17728814
vn -2.6348568E-4 0.98415893 -0.17728814
vn -1.0362962E-4 0.08029414 -0.99677116
vn -1.0362962E-4 0.08029414 -0.99677116
vn 1.0426527E-4 0.0802923 -0.99677134
vn 1.0426527E-4 0.0802923 -0.99677134
vn 2.63611E-4 0.98416704 -0.17724335
vn 2.63611E-4 0.98416704 -0.17724335
vn 0.108560696 0.9768173 -0.18450622
vn 0.108560696 0.9768173 -0.18450622
vn 0.38269147 0.8852422 -0.26437375
vn 0.38269147 0.8852422 -0.26437375
vn 0.59709376 0.6418632 -0.48113486
vn 0.59709376 0.6418632 -0.48113486
vn 0.6096638 0.38776276 -0.6913394
vn 0.6096638 0.38776276 -0.6913394
vn 0.4096729 0.18968056 -0.8922944
vn 0.4096729 0.18968056 -0.8922944
vn 0.109497756 0.08030922 -0.99073744
vn 0.109497756 0.08030922 -0.99073744
vn -0.94200987 0.2560596 0.21691202
vn -0.56809086 0.6279422 0.53194106
vn -0.94200987 0.2560596 0.21691202
vn -0.56809086 0.6279422 0.53194106
vn -0.1587643 0.75334734 0.63817066
vn -0.1587643 0.75334734 0.63817066
vn -0.98866343 -0.11456815 -0.097050615
vn -0.98866343 -0.11456815 -0.097050615
vn -0.67924184 -0.5599941 -0.47438094
vn -0.67924184 -0.5599941 -0.47438094
vn -0.113873206 -0.7580593 -0.6421674
vn -0.113873206 -0.7580593 -0.6421674
vn -2.7721876E-4 0.7630704 0.6463153
vn -2.7721876E-4 0.7630704 0.6463153
vn -2.2039736E-4 -0.76300865 -0.64638823
vn -2.2039736E-4 -0.76300865 -0.64638823
vn 2.2051838E-4 -0.7630112 -0.64638513
vn 2.2051838E-4 -0.7630112 -0.64638513
vn 2.7748395E-4 0.7630704 0.6463153
vn 2.7748395E-4 0.7630704 0.6463153
vn 0.15877356 0.7533464 0.6381694
vn 0.15877356 0.7533464 0.6381694
vn 0.56809616 0.62793964 0.5319386
vn 0.56809616 0.62793964 0.5319386
vn 0.94200885 0.25606188 0.21691386
vn 0.94200885 0.25606188 0.21691386
vn 0.98866355 -0.11456702 -0.09705063
vn 0.98866355 -0.11456702 -0.09705063
vn 0.67923886 -0.55999637 -0.4743824
vn 0.67923886 -0.55999637 -0.4743824
vn 0.11386871 -0.75806296 -0.64216393
vn 0.11386871 -0.75806296 -0.64216393
vn -0.056758616 0.61090845 -0.7896641
vn -0.056758616 0.61090845 -0.7896641
vn -0.056758616 0.61090845 -0.7896641
vn -0.056758616 0.61090845 -0.7896641
vn -0.056758616 0.61090845 -0.7896641
vn -0.056758616 0.61090845 -0.7896641
vn -0.056758616 0.61090845 -0.7896641
vn -0.056758616 0.61090845 -0.7896641
vn -0.056758616 0.61090845 -0.7896641
vn -0.056758616 0.61090845 -0.7896641
vn -0.7072677 0.01738199 -0.70673203
vn -0.36000386 -0.4664911 -0.80795
vn -0.7072677 0.01738199 -0.70673203
vn -0.36000386 -0.4664911 -0.80795
vn 0.07333898 -0.4232144 -0.90305644
vn 0.07333898 -0.4232144 -0.90305644
vn 0.47787553 -0.06754866 -0.8758266
vn 0.47787553 -0.06754866 -0.8758266
vn 0.6757944 0.27940053 -0.68208295
vn 0.6757944 0.27940053 -0.68208295
vn 0.6905755 0.57274455 -0.44166633
vn 0.6905755 0.57274455 -0.44166633
vn 0.47148845 0.8716829 -0.13367009
vn 0.47148845 0.8716829 -0.13367009
vn 0.038828544 0.97698 0.2097675
vn 0.038828544 0.97698 0.2097675
vn -0.34092382 0.90558213 0.25237256
vn -0.34092382 0.90558213 0.25237256
vn -0.692752 0.696179 -0.18822733
vn -0.692752 0.696179 -0.18822733
vn -0.8792733 -0.40523803 -0.250321
vn -0.3743874 -0.7462193 -0.5504461
vn -0.8792733 -0.40523803 -0.250321
vn -0.3743874 -0.7462193 -0.5504461
vn 0.13235234 -0.77932245 -0.6124863
vn 0.13235234 -0.77932245 -0.6124863
vn 0.67541313 -0.5589632 -0.48101687
vn 0.67541313 -0.5589632 -0.48101687
vn 0.96329 -0.17435075 -0.20414278
vn 0.96329 -0.17435075 -0.20414278
vn 0.9696347 0.22218236 0.10219362
vn 0.96329 -0.17435075 -0.20414278
vn 0.9696347 0.22218236 0.10219362
vn 0.66328895 0.6142194 0.42753035
vn 0.9696347 0.22218236 0.10219362
vn 0.66328895 0.6142194 0.42753035
vn 0.08129792 0.79111594 0.6062393
vn 0.08129792 0.79111594 0.6062393
vn -0.3557414 0.7266209 0.587767
vn -0.3557414 0.7266209 0.587767
vn -0.8666678 0.3624906 0.3427645
vn -0.8666678 0.3624906 0.3427645
vn -0.8792733 -0.40523803 -0.250321
vn -0.8666678 0.3624906 0.3427645
vn 0.05675961 0.61090827 -0.78966415
vn 0.05675961 0.61090827 -0.78966415
vn 0.05675961 0.61090827 -0.78966415
vn 0.05675961 0.61090827 -0.78966415
vn 0.05675961 0.61090827 -0.78966415
vn 0.05675961 0.61090827 -0.78966415
vn 0.05675961 0.61090827 -0.78966415
vn 0.05675961 0.61090827 -0.78966415
vn 0.05675961 0.61090827 -0.78966415
vn 0.05675961 0.61090827 -0.78966415
vn 0.7072802 0.017381007 -0.7067195
vn 0.36001012 -0.46648872 -0.80794865
vn 0.36001012 -0.46648872 -0.80794865
vn 0.7072802 0.017381007 -0.7067195
vn -0.073315464 -0.42321137 -0.9030598
vn -0.073315464 -0.42321137 -0.9030598
vn -0.47785196 -0.06754766 -0.8758395
vn -0.47785196 -0.06754766 -0.8758395
vn -0.6757977 0.27939934 -0.68208027
vn -0.6757977 0.27939934 -0.68208027
vn -0.6905923 0.57273406 -0.4416538
vn -0.6905923 0.57273406 -0.4416538
vn -0.4715047 0.87167144 -0.13368708
vn -0.4715047 0.87167144 -0.13368708
vn -0.038830966 0.97698146 0.20976052
vn -0.038830966 0.97698146 0.20976052
vn 0.34092996 0.9055796 0.25237334
vn 0.34092996 0.9055796 0.25237334
vn 0.69276094 0.6961689 -0.18823178
vn 0.69276094 0.6961689 -0.18823178
vn 0.8792753 -0.40523407 -0.25032017
vn 0.3743917 -0.7462203 -0.55044174
vn 0.3743917 -0.7462203 -0.55044174
vn 0.8792753 -0.40523407 -0.25032017
vn -0.13233908 -0.7793274 -0.6124828
vn -0.13233908 -0.7793274 -0.6124828
vn -0.6754027 -0.5589695 -0.4810242
vn -0.6754027 -0.5589695 -0.4810242
vn -0.96328956 -0.17435108 -0.2041446
vn -0.96328956 -0.17435108 -0.2041446
vn -0.96963483 0.22218132 0.10219461
vn -0.96963483 0.22218132 0.10219461
vn -0.96328956 -0.17435108 -0.2041446
vn -0.66328585 0.61422324 0.42752978
vn -0.66328585 0.61422324 0.42752978
vn -0.96963483 0.22218132 0.10219461
vn -0.08129004 0.7911198 0.60623544
vn -0.08129004 0.7911198 0.60623544
vn 0.3557476 0.72661936 0.5877652
vn 0.3557476 0.72661936 0.5877652
vn 0.8666692 0.36248764 0.3427642
vn 0.8666692 0.36248764 0.3427642
vn 0.8792753 -0.40523407 -0.25032017
vn 0.8666692 0.36248764 0.3427642
vn 0.33878288 0.56883717 -0.7494334
vn 0.33878288 0.56883717 -0.7494334
vn 0.33878288 0.56883717 -0.7494334
vn 0.33878288 0.56883717 -0.7494334
vn 0.33878288 0.56883717 -0.7494334
vn -0.0 0.61235404 -0.79058367
vn -0.0 0.61235404 -0.79058367
vn -0.0 0.61235404 -0.79058367
vn -0.0 0.61235404 -0.79058367
vn -0.33880204 0.56883335 -0.7494276
vn -0.33880204 0.56883335 -0.7494276
vn -0.33880204 0.56883335 -0.7494276
vn -0.33880204 0.56883335 -0.7494276
vn -0.33880204 0.56883335 -0.7494276
vn 0.002707356 0.27640727 -0.96103674
vn 0.0027080623 0.27640796 -0.9610366
vn 0.002714837 0.27640644 -0.96103704
vn 0.0027026925 0.27640802 -0.96103656
vn 0.0026966287 0.2764071 -0.96103686
vn 0.0027087687 0.27640754 -0.9610367
vn 0.0027148388 0.2764064 -0.96103704
vn 0.0027118044 0.27640572 -0.96103716
vn 0.002704215 0.27640852 -0.96103644
vn 0.0027068788 0.27641082 -0.9610357
vn 0.0027053629 0.2764082 -0.9610365
vn 0.0027087636 0.27640563 -0.9610372
vn 0.0027057214 0.2764072 -0.9610368
vn 0.0027087657 0.27640873 -0.9610363
vn 0.0027148395 0.27641034 -0.96103585
vn 0.0027087596 0.2764085 -0.96103644
vn 0.002708771 0.2764074 -0.96103674
vn 0.0027087696 0.27640936 -0.9610362
vn 0.0027073456 0.27640998 -0.961036
vn 0.0027080127 0.27640647 -0.96103704
vn 0.0027075585 0.27640817 -0.96103656
vn 0.0027178817 0.27640718 -0.96103674
vn 0.0027118074 0.27640808 -0.96103656
vn 0.002696625 0.27640638 -0.9610371
vn 0.0027027007 0.2764085 -0.96103644
vn 0.0027087706 0.27640775 -0.9610367
vn 0.0027087603 0.27640513 -0.9610374
vn 0.002705733 0.27640858 -0.9610364
vn 0.0027046963 0.27641106 -0.9610357
vn 0.0027046825 0.27640662 -0.961037
vn 0.0027118085 0.2764065 -0.961037
vn 0.0027027088 0.27640933 -0.9610362
vn 0.002702701 0.27640885 -0.9610363
vn 0.0027148398 0.27641034 -0.96103585
vn 0.002708767 0.27640998 -0.961036
vn 0.0027087631 0.27640656 -0.961037
vn 0.0027087696 0.27640897 -0.96103626
vn 0.0027080174 0.2764108 -0.9610357
vn -0.17376935 0.89359504 -0.4138745
vn -0.19453838 0.90188175 -0.38569957
vn -0.17376935 0.89359504 -0.4138745
vn -0.19453838 0.90188175 -0.38569957
vn -0.21505569 0.9090016 -0.3570255
vn -0.21505569 0.9090016 -0.3570255
vn -0.26843658 0.32645214 -0.9062951
vn -0.26204878 0.31830668 -0.91104954
vn -0.26204878 0.31830668 -0.91104954
vn -0.26843658 0.32645214 -0.9062951
vn -0.23065022 0.31386745 -0.9210254
vn -0.23065022 0.31386745 -0.9210254
vn -0.27478954 0.33455515 -0.9014231
vn -0.27478954 0.33455515 -0.9014231
vn -0.190036 -0.5181294 -0.83392334
vn -0.18245374 -0.5333427 -0.825988
vn -0.190036 -0.5181294 -0.83392334
vn -0.18245374 -0.5333427 -0.825988
vn -0.1975514 -0.5027339 -0.8415653
vn -0.1975514 -0.5027339 -0.8415653
vn -0.005697496 0.95957655 0.28139
vn -0.029953204 0.9561512 0.29133773
vn -0.029953204 0.9561512 0.29133773
vn -0.005697496 0.95957655 0.28139
vn -0.054187972 0.9520575 0.30108178
vn -0.054187972 0.9520575 0.30108178
vn 0.20580915 -0.2570168 0.94423777
vn 0.20580915 -0.2570168 0.94423777
vn 0.20580915 -0.2570168 0.94423777
vn 0.20580915 -0.2570168 0.94423777
vn 0.20758733 -0.25360456 0.944771
vn 0.20758733 -0.25360456 0.944771
vn 0.20936237 -0.2501885 0.94528997
vn 0.20936237 -0.2501885 0.94528997
vn -0.025337761 -0.94063556 -0.3384711
vn -0.0075525423 -0.9307109 -0.36567768
vn -0.0075525423 -0.9307109 -0.36567768
vn -0.025337761 -0.94063556 -0.3384711
vn -0.04309372 -0.9494738 -0.3108737
vn -0.04309372 -0.9494738 -0.3108737
vn -0.7593108 0.6336551 0.1480826
vn -0.8524302 0.42748982 -0.30102345
vn -0.8524302 0.42748982 -0.30102345
vn -0.7593108 0.6336551 0.1480826
vn -0.69058627 0.23777558 0.6830471
vn -0.69058627 0.23777558 0.6830471
vn -0.69058627 0.23777558 0.6830471
vn -0.8524302 0.42748982 -0.30102345
vn -0.8486104 -0.09344204 -0.5207005
vn -0.8486104 -0.09344204 -0.5207005
vn -0.8524302 0.42748982 -0.30102345
vn -0.7606663 -0.6027981 -0.2408759
vn -0.7606663 -0.6027981 -0.2408759
vn -0.6655329 -0.5722822 0.4791233
vn -0.6655329 -0.5722822 0.4791233
vn -0.69058627 0.23777558 0.6830471
vn -0.69058627 0.23777558 0.6830471
vn -0.20141119 0.93513435 -0.2914744
vn -0.20141119 0.93513435 -0.2914744
vn -0.20141119 0.93513435 -0.2914744
vn -0.20141119 0.93513435 -0.2914744
vn -0.28896862 0.35886568 -0.88753176
vn -0.28896862 0.35886568 -0.88753176
vn -0.28896862 0.35886568 -0.88753176
vn -0.28896862 0.35886568 -0.88753176
vn -0.23034033 -0.54661125 -0.80508345
vn -0.23034033 -0.54661125 -0.80508345
vn -0.23034033 -0.54661125 -0.80508345
vn -0.23034033 -0.54661125 -0.80508345
vn -0.09030146 0.97613335 0.19750789
vn -0.09030146 0.97613335 0.19750789
vn -0.09030146 0.97613335 0.19750789
vn -0.09030146 0.97613335 0.19750789
vn 0.19370252 -0.2682926 0.9436622
vn 0.19370252 -0.2682926 0.9436622
vn 0.19370252 -0.2682926 0.9436622
vn 0.19370252 -0.2682926 0.9436622
vn -0.08918168 -0.95053893 -0.29752716
vn -0.08918168 -0.95053893 -0.29752716
vn -0.08918168 -0.95053893 -0.29752716
vn -0.08918168 -0.95053893 -0.29752716
vn 0.20753783 0.66136587 -0.7207796
vn 0.20753783 0.66136587 -0.7207796
vn 0.20753783 0.66136587 -0.7207796
vn 0.20753783 0.66136587 -0.7207796
vn 0.41172624 0.30893633 -0.8573446
vn 0.41172624 0.30893633 -0.8573446
vn 0.41172624 0.30893633 -0.8573446
vn 0.41172624 0.30893633 -0.8573446
vn 0.41172624 0.30893633 -0.8573446
vn 0.14097577 -0.13468835 -0.98080826
vn 0.14097577 -0.13468835 -0.98080826
vn 0.14097577 -0.13468835 -0.98080826
vn 0.14097577 -0.13468835 -0.98080826
vn 0.68827957 -0.5860919 -0.42751318
vn 0.68827957 -0.5860919 -0.42751318
vn 0.68827957 -0.5860919 -0.42751318
vn 0.68827957 -0.5860919 -0.42751318
vn 0.72239 0.6860372 -0.08663529
vn 0.72239 0.6860372 -0.08663529
vn 0.72239 0.6860372 -0.08663529
vn 0.72239 0.6860372 -0.08663529
vn 0.95178664 0.122949414 -0.28104392
vn 0.95178664 0.122949414 -0.28104392
vn 0.95178664 0.122949414 -0.28104392
vn 0.95178664 0.122949414 -0.28104392
vn 0.95178664 0.122949414 -0.28104392
vn -0.4598847 -0.4392191 0.7717465
vn -0.8084944 -0.5681006 -0.15361843
vn -0.9389644 -0.3356513 -0.0753923
vn -0.38729957 -0.54885226 0.7407835
vn -0.58740515 -0.77760184 -0.22425547
vn -0.27901673 -0.64512205 0.7113137
vn -0.27653763 -0.94519407 -0.17359464
vn -0.14668599 -0.7090121 0.68977183
vn 0.5924819 0.18082193 0.78502774
vn 0.42690992 0.33716208 0.8390886
vn 0.1922603 0.43102828 0.8816182
vn 0.425968 -0.42230624 0.8001304
vn -0.5205168 -0.36567438 0.7715857
vn -0.98718566 -0.15878153 -0.01590331
vn -0.54102236 -0.24280162 0.80519694
vn -0.99870837 0.022720953 0.045445777
vn -0.35415775 -0.19514264 0.9145991
vn -0.96234643 0.24390066 0.12000725
vn -0.026311703 -0.10466067 0.9941599
vn 0.425968 -0.42230624 0.8001304
vn 0.61093825 -0.15256438 0.7768388
vn 0.55687106 -0.6784281 0.4791971
vn -0.47072244 -0.12091256 0.8739568
vn -0.88940996 0.42041612 0.179444
vn -0.43954688 0.016094422 0.89807546
vn -0.8098645 0.54343283 0.22090791
vn 0.465268 -0.6840348 0.56180245
vn 0.27428314 -0.8686052 0.41266656
vn -0.35824254 0.09918957 0.9283446
vn -0.7039691 0.66069835 0.26058626
vn -0.27649325 0.12797129 0.9524573
vn -0.5466547 0.78129864 0.3012327
vn -0.15449907 0.17022832 0.9732175
vn -0.30816963 0.8893315 0.33781776
vn -1.6957882E-4 0.19752114 0.98029864
vn -3.398347E-4 0.9354866 0.3533621
vn 2.769258E-4 -0.8951559 0.44575316
vn 0.2159362 -0.8649074 0.45310795
vn 0.5091666 -0.6640886 0.5474811
vn 0.66163766 -0.4352868 0.6105415
vn 0.30784568 0.88942957 0.337855
vn 0.15433036 0.17025474 0.97323966
vn 0.5466558 0.7812976 0.30123335
vn 0.27649274 0.12797086 0.9524575
vn 0.7039705 0.6606969 0.26058626
vn 0.35824266 0.09918919 0.9283446
vn -0.21566725 -0.8649748 0.4531074
vn -0.5091675 -0.66408813 0.547481
vn -0.66163796 -0.43528688 0.6105413
vn 0.8098646 0.54343265 0.22090803
vn 0.439546 0.01609411 0.8980759
vn 0.88941014 0.42041615 0.17944302
vn 0.47072312 -0.120913014 0.87395644
vn -0.46526805 -0.68403524 0.56180197
vn -0.274284 -0.8686052 0.41266605
vn 0.9623467 0.24390052 0.12000571
vn 0.3541585 -0.19514322 0.91459876
vn 0.9987084 0.02272014 0.045445096
vn 0.54102206 -0.24280223 0.805197
vn 0.98718554 -0.15878214 -0.01590365
vn 0.5205168 -0.36567456 0.7715856
vn 0.02631044 -0.104660995 0.9941599
vn -0.42596895 -0.422308 0.800129
vn -0.6109419 -0.15256576 0.7768356
vn -0.556871 -0.6784288 0.47919622
vn 0.9389643 -0.33565176 -0.075391814
vn 0.4598846 -0.4392186 0.7717468
vn 0.8084949 -0.5680999 -0.15361778
vn 0.3872998 -0.5488517 0.7407838
vn 0.587406 -0.77760106 -0.22425602
vn 0.2790171 -0.6451219 0.7113137
vn 0.2765376 -0.94519424 -0.17359395
vn 0.14668499 -0.70901155 0.6897725
vn -0.59248346 0.18082051 0.78502697
vn -0.42691016 0.33716208 0.83908844
vn -0.1922594 0.43102872 0.8816181
vn -0.42596895 -0.422308 0.800129
vn 0.17247511 -0.8044298 0.56845844
vn 0.1541878 -0.9470628 -0.28159943
vn 0.49447712 0.24352586 0.83437854
vn 0.24720688 -0.5636592 0.78814787
vn 0.97999287 0.03814216 0.19534364
vn 0.4647943 -0.5804852 0.668583
vn 0.74318886 -0.5431126 0.3907672
vn -7.206139E-4 -0.9585706 -0.2848543
vn -3.5554913E-4 -0.8398991 0.54274243
vn -0.17279282 -0.80436116 0.5684591
vn -0.15489456 -0.9469344 -0.2816432
vn -0.49447522 0.24352731 0.83437926
vn -0.24730536 -0.5635842 0.7881705
vn -0.9799928 0.038141992 0.19534393
vn -0.46479356 -0.5804863 0.6685826
vn -0.7431898 -0.54311013 0.3907688
vn 0.6296574 -0.7370217 0.24562281
vn -0.62966084 -0.73701775 0.24562599
vn -0.8098645 0.54343283 0.22090791
vn -0.49520478 0.53769636 -0.68238896
vn -0.43166372 0.56920487 -0.6997659
vn -0.88940996 0.42041612 0.179444
vn 0.09524819 0.35638335 -0.9294723
vn 0.12728707 0.25865695 -0.9575461
vn -0.38981688 0.62228405 -0.67882645
vn 0.098873585 0.21839288 -0.9708391
vn -0.31036615 0.7159095 -0.6254171
vn -0.5466547 0.78129864 0.3012327
vn -0.7039691 0.66069835 0.26058626
vn -0.30816963 0.8893315 0.33781776
vn -0.1790094 0.7841376 -0.5942086
vn -3.398347E-4 0.9354866 0.3533621
vn -1.9783291E-4 0.8086151 -0.58833796
vn 0.03664746 0.21791054 -0.97528046
vn 4.6236073E-5 0.20562768 -0.9786303
vn 0.07456908 0.2314123 -0.9699937
vn 0.25244325 -0.5468639 -0.7982558
vn 3.1726307E-4 -0.5869572 -0.80961794
vn 0.2159362 -0.8649074 0.45310795
vn 0.5091666 -0.6640886 0.5474811
vn 0.5653282 -0.3347497 -0.7538878
vn 0.66163766 -0.4352868 0.6105415
vn 0.7196743 -0.13947408 -0.6801588
vn 2.769258E-4 -0.8951559 0.44575316
vn 0.465268 -0.6840348 0.56180245
vn 0.6011959 -0.2686997 -0.75257164
vn 0.27428314 -0.8686052 0.41266656
vn 0.44706133 -0.3733744 -0.8128516
vn 0.55687106 -0.6784281 0.4791971
vn 0.75288 -0.24935816 -0.6090913
vn 0.61093825 -0.15256438 0.7768388
vn 0.020169837 0.34135807 -0.9397169
vn -0.58874136 0.4223086 -0.6892308
vn 0.0368321 0.30664456 -0.9511112
vn -0.6180321 0.2705851 -0.7381193
vn -0.96234643 0.24390066 0.12000725
vn -0.99870837 0.022720953 0.045445777
vn -0.60173434 0.16358972 -0.78176355
vn -0.98718566 -0.15878153 -0.01590331
vn 0.07307654 0.3295794 -0.9412955
vn 0.06994818 0.3393137 -0.93806905
vn -0.5727175 0.056066904 -0.81783324
vn 0.059171397 0.35924014 -0.93136746
vn -0.49347165 -0.08661789 -0.86543804
vn -0.9389644 -0.3356513 -0.0753923
vn -0.8084944 -0.5681006 -0.15361843
vn -0.35876113 -0.21489547 -0.9083559
vn -0.58740515 -0.77760184 -0.22425547
vn -0.1755965 -0.27352545 -0.94570065
vn -0.27653763 -0.94519407 -0.17359464
vn -0.07233616 -0.24062331 -0.96791935
vn -0.15489456 -0.9469344 -0.2816432
vn 0.042150393 0.37351614 -0.92666554
vn 0.04323162 0.37295002 -0.9268437
vn 0.5047337 0.34897563 -0.78959477
vn 0.6596088 0.2556903 -0.70678055
vn 0.3711798 0.31807095 -0.87238544
vn 0.44176435 0.5279084 -0.7253667
vn 0.18116225 0.48119015 -0.8576924
vn 0.21229787 0.16621394 -0.9629655
vn 0.24300338 0.5014252 -0.83037466
vn 0.28333756 0.23240022 -0.93043536
vn 0.27448434 -0.04470971 -0.9605516
vn 0.28092965 0.22689015 -0.93252313
vn 0.161119 -0.099158846 -0.981941
vn 0.2834319 -0.26674348 -0.92114836
vn 0.03147365 -0.46591964 -0.8842671
vn 0.35003462 -0.7571963 -0.55147946
vn -0.23190112 -0.83979535 -0.49088243
vn -0.26969948 -0.43135917 -0.8609248
vn -0.50068074 -0.7790212 -0.37741846
vn -0.5055916 -0.0570319 -0.8608859
vn -0.75992894 -0.5345377 -0.3698344
vn -0.54087675 0.40434507 -0.73753476
vn -0.9269261 -0.04886733 -0.37204847
vn -0.22609106 0.8142754 -0.5346386
vn -0.7238191 0.60404396 -0.3334919
vn -0.19984765 0.5575824 -0.80570644
vn -0.106215306 0.536846 -0.8369676
vn -0.1534116 0.30440247 -0.9401085
vn -0.023047296 0.0019961607 -0.9997324
vn 0.19013262 0.3079525 -0.9322097
vn 0.029819988 0.46828777 -0.8830727
vn -0.06338664 0.58908445 -0.80558157
vn -0.028687978 0.45336077 -0.8908653
vn 0.25423282 0.43509775 -0.86374515
vn 0.2896982 0.44585463 -0.8469289
vn 0.14985514 0.42663327 -0.8919235
vn 0.11820503 0.49454173 -0.8610784
vn 0.08880141 0.46212137 -0.88235945
vn 3.438961E-4 0.52754 -0.8495301
vn 2.0437791E-4 0.45290175 -0.8915604
vn 0.29777783 0.7172033 -0.63003796
vn 0.075951904 0.8204449 -0.56665814
vn -0.3498468 0.7144269 -0.6059715
vn -0.15213864 0.98823833 0.015455193
vn -0.57414573 0.8186348 0.013920458
vn 0.31804535 0.9473095 -0.03810321
vn 0.7238337 0.68798375 -0.052374594
vn -0.57950634 0.8125492 0.06273931
vn -0.46445823 0.7418743 -0.4836332
vn -0.2379143 0.96176434 0.13566922
vn -0.21487579 0.8850149 -0.41300973
vn -1.7685376E-4 0.9885974 0.15058246
vn -1.2578565E-4 0.9073517 -0.42037243
vn -1.8212422E-5 0.47939482 -0.8775993
vn -0.091835536 0.4547948 -0.8858487
vn 0.21476485 0.88503605 -0.4130221
vn 0.23775066 0.96180266 0.13568409
vn 0.46446815 0.74186826 -0.48363283
vn 0.5795132 0.8125441 0.062742464
vn 0.34984857 0.71442753 -0.6059698
vn 0.5741457 0.8186348 0.013924262
vn 0.15213914 0.98823816 0.0154601885
vn -0.075951375 0.8204462 -0.56665635
vn -0.11820393 0.49454272 -0.861078
vn -0.2977782 0.71720386 -0.6300372
vn -0.24300265 0.501423 -0.83037627
vn -0.25423527 0.43509683 -0.86374485
vn -0.289701 0.44585302 -0.8469288
vn -0.28093505 0.22688963 -0.93252164
vn -0.28334045 0.23239966 -0.93043464
vn -0.27448565 -0.044708345 -0.9605513
vn -0.16111888 -0.09915793 -0.9819411
vn -0.28343382 -0.26674253 -0.921148
vn -0.03147465 -0.46591753 -0.88426816
vn -0.35003707 -0.757195 -0.5514797
vn 0.23189634 -0.8397951 -0.49088508
vn 0.26969922 -0.43135715 -0.86092585
vn 0.023046928 0.0019965624 -0.9997324
vn 0.15340975 0.3044023 -0.94010884
vn 0.5055918 -0.057031237 -0.86088586
vn 0.5006773 -0.779022 -0.37742153
vn 0.7599267 -0.5345401 -0.36983547
vn 0.54087627 0.40434608 -0.73753446
vn 0.92692524 -0.048870314 -0.37205023
vn 0.22608681 0.81427616 -0.5346393
vn 0.23189634 -0.8397951 -0.49088508
vn 0.19984767 0.5575828 -0.80570614
vn 0.22608681 0.81427616 -0.5346393
vn 0.106207855 0.5368351 -0.8369755
vn -0.19013771 0.30795115 -0.9322091
vn -0.02951105 0.46810845 -0.8831781
vn 0.063871734 0.58889556 -0.80568135
vn 0.028888633 0.45334256 -0.8908681
vn -0.14985451 0.42663252 -0.89192396
vn -0.08846695 0.4619533 -0.882481
vn 0.09182954 0.45479026 -0.8858517
vn 2.446518E-5 0.28710523 -0.95789903
vn 0.023420325 0.3927418 -0.9193505
vn 0.11782759 0.90732896 -0.4035726
vn 0.22446376 0.9501186 -0.21654241
vn -0.08161799 0.9955918 0.046210326
vn -0.49447522 0.24352731 0.83437926
vn -0.7238191 0.60404396 -0.3334919
vn 0.1922603 0.43102828 0.8816182
vn 0.47666714 0.808566 -0.3449776
vn 0.42690992 0.33716208 0.8390886
vn 0.6548456 0.634762 -0.41018838
vn 0.5924819 0.18082193 0.78502774
vn 0.70519537 0.3445225 -0.61968035
vn 0.425968 -0.42230624 0.8001304
vn 0.529753 0.022817003 -0.84784496
vn 0.8275848 -0.35265326 -0.43673688
vn -0.23741992 -0.84716094 0.47534215
vn 0.35003462 -0.7571963 -0.55147946
vn 0.529753 0.022817003 -0.84784496
vn -0.48487294 -0.85866386 0.1661166
vn -0.23741992 -0.84716094 0.47534215
vn -0.5714089 -0.8043146 -0.1630027
vn -0.62966084 -0.73701775 0.24562599
vn -0.7431898 -0.54311013 0.3907688
vn -0.9799928 0.038141992 0.19534393
vn -0.7238191 0.60404396 -0.3334919
vn -0.49447522 0.24352731 0.83437926
vn -3.7926724E-4 -0.20355977 -0.97906244
vn -7.206139E-4 -0.9585706 -0.2848543
vn -0.023403259 0.3927341 -0.91935426
vn 0.071967416 -0.24068461 -0.9679316
vn 0.17559797 -0.27352548 -0.94570035
vn 0.2765376 -0.94519424 -0.17359395
vn 0.1541878 -0.9470628 -0.28159943
vn 0.587406 -0.77760106 -0.22425602
vn 0.35876274 -0.21489464 -0.9083554
vn 0.8084949 -0.5680999 -0.15361778
vn 0.49347377 -0.08661783 -0.86543685
vn 0.9389643 -0.33565176 -0.075391814
vn 0.5727174 0.056066524 -0.81783324
vn -0.059171293 0.3592395 -0.9313677
vn -0.06994902 0.33931285 -0.9380692
vn -0.042149927 0.37351573 -0.9266657
vn -0.043229587 0.3729492 -0.9268442
vn 0.60173225 0.16358995 -0.78176504
vn -0.07307755 0.3295787 -0.9412957
vn 0.6180313 0.27058524 -0.73811984
vn 0.9987084 0.02272014 0.045445096
vn 0.98718554 -0.15878214 -0.01590365
vn 0.9623467 0.24390052 0.12000571
vn 0.58874166 0.42230865 -0.68923044
vn -0.03683116 0.30664423 -0.9511113
vn -0.0201699 0.34135696 -0.9397173
vn 0.49520493 0.5376964 -0.68238896
vn -0.09524985 0.35638258 -0.9294724
vn 0.43166214 0.569205 -0.69976664
vn 0.8098646 0.54343265 0.22090803
vn 0.88941014 0.42041615 0.17944302
vn -0.12728974 0.258657 -0.95754576
vn 0.38981625 0.62228405 -0.67882675
vn -0.09887541 0.21839274 -0.97083896
vn 0.3103672 0.71590877 -0.6254174
vn 0.5466558 0.7812976 0.30123335
vn 0.7039705 0.6606969 0.26058626
vn 0.30784568 0.88942957 0.337855
vn 0.17881545 0.7841805 -0.59421045
vn -0.036600474 0.21790326 -0.9752838
vn -0.07456833 0.23141183 -0.9699939
vn -0.25213528 -0.5469324 -0.79830617
vn -0.21566725 -0.8649748 0.4531074
vn -0.5091675 -0.66408813 0.547481
vn -0.5653276 -0.3347497 -0.75388813
vn -0.66163796 -0.43528688 0.6105413
vn -0.71967417 -0.13947466 -0.6801588
vn -0.46526805 -0.68403524 0.56180197
vn -0.60119647 -0.26870006 -0.752571
vn -0.274284 -0.8686052 0.41266605
vn -0.4470639 -0.3733748 -0.81285006
vn -0.556871 -0.6784288 0.47919622
vn -0.75287986 -0.24935877 -0.60909116
vn -0.6109419 -0.15256576 0.7768356
vn -0.65960747 0.25569054 -0.7067817
vn -0.9993017 0.029348683 -0.023125866
vn -0.5047311 0.34897688 -0.78959584
vn -0.3711713 0.31807417 -0.87238795
vn -0.4417642 0.52791166 -0.72536445
vn -0.18115814 0.48119128 -0.85769266
vn -0.21229471 0.16621436 -0.96296614
vn -0.5297487 0.022819055 -0.84784764
vn -0.82758427 -0.35265204 -0.43673882
vn -0.31804264 0.94731045 -0.038102012
vn -0.72383213 0.68798536 -0.052374996
vn -0.7051942 0.3445218 -0.6196821
vn -0.42596895 -0.422308 0.800129
vn -0.59248346 0.18082051 0.78502697
vn -0.65484804 0.63475907 -0.41018903
vn -0.42691016 0.33716208 0.83908844
vn -0.47666818 0.8085652 -0.34497797
vn -0.1922594 0.43102872 0.8816181
vn -0.22446206 0.9501189 -0.21654288
vn 0.49447712 0.24352586 0.83437854
vn 0.08161931 0.9955917 0.04621066
vn 0.7238201 0.6040428 -0.3334918
vn -0.117833085 0.90732795 -0.40357327
vn 0.92692524 -0.048870314 -0.37205023
vn 0.97999287 0.03814216 0.19534364
vn 0.49447712 0.24352586 0.83437854
vn 0.22608681 0.81427616 -0.5346393
vn 0.7238201 0.6040428 -0.3334918
vn 0.9993016 0.029350113 -0.023126073
vn -0.15213864 0.98823833 0.015455193
vn 0.12415443 0.85325825 0.5064938
vn 0.31804535 0.9473095 -0.03810321
vn -0.2805661 0.8745427 0.39554733
vn 0.7238337 0.68798375 -0.052374594
vn 0.57731175 0.42904103 0.6947194
vn 0.9993016 0.029350113 -0.023126073
vn 0.61093825 -0.15256438 0.7768388
vn -0.57414573 0.8186348 0.013920458
vn -0.57877475 0.7427488 0.33666596
vn -0.54953015 0.7763468 0.30871046
vn -0.57950634 0.8125492 0.06273931
vn -0.2379143 0.96176434 0.13566922
vn -0.21574226 0.90793425 0.35931975
vn -1.7685376E-4 0.9885974 0.15058246
vn -2.1151127E-4 0.9300425 0.36745197
vn 0.2155365 0.90797615 0.3593373
vn 0.23775066 0.96180266 0.13568409
vn 0.5495307 0.7763457 0.30871242
vn 0.5795132 0.8125441 0.062742464
vn 0.5741457 0.8186348 0.013924262
vn 0.57877004 0.7427495 0.33667257
vn 0.28056148 0.87454104 0.39555424
vn 0.15213914 0.98823816 0.0154601885
vn -0.12414751 0.85325956 0.5064934
vn -0.31804264 0.94731045 -0.038102012
vn -0.72383213 0.68798536 -0.052374996
vn -0.57731116 0.42904437 0.6947177
vn -0.9993017 0.029348683 -0.023125866
vn -0.6109419 -0.15256576 0.7768356
vn -0.2805661 0.8745427 0.39554733
vn -0.3990288 0.2060486 0.8934875
vn 0.12415443 0.85325825 0.5064938
vn -0.39187616 0.20502226 0.8968829
vn -0.57877475 0.7427488 0.33666596
vn -0.5390564 0.3534273 0.7645307
vn -0.54953015 0.7763468 0.30871046
vn -0.4544812 0.47381997 0.7542821
vn -0.21574226 0.90793425 0.35931975
vn -0.13974549 0.34941778 0.92648715
vn -1.7591662E-4 0.61515254 0.7884081
vn -2.1151127E-4 0.9300425 0.36745197
vn 0.57731175 0.42904103 0.6947194
vn -0.23741992 -0.84716094 0.47534215
vn -0.48487294 -0.85866386 0.1661166
vn 0.2155365 0.90797615 0.3593373
vn 0.13960496 0.3494357 0.9265016
vn 0.4544749 0.4738254 0.7542825
vn 0.5495307 0.7763457 0.30871242
vn 0.5390483 0.35342824 0.7645361
vn 0.57877004 0.7427495 0.33667257
vn 0.39187023 0.20502314 0.8968853
vn 0.28056148 0.87454104 0.39555424
vn 0.39903244 0.2060484 0.89348596
vn -0.12414751 0.85325956 0.5064934
vn -0.57731116 0.42904437 0.6947177
vn 0.23741905 -0.8471617 0.47534117
vn 0.48487303 -0.85866374 0.16611637
vn -0.57414573 0.8186348 0.013920458
vn -0.2805661 0.8745427 0.39554733
vn -0.15213864 0.98823833 0.015455193
vn 0.75288 -0.24935816 -0.6090913
vn 0.9993016 0.029350113 -0.023126073
vn 0.61093825 -0.15256438 0.7768388
vn 0.9993016 0.029350113 -0.023126073
vn 0.6596088 0.2556903 -0.70678055
vn -0.82758427 -0.35265204 -0.43673882
vn 0.48487303 -0.85866374 0.16611637
vn 0.23741905 -0.8471617 0.47534117
vn 0.23189634 -0.8397951 -0.49088508
vn 0.57140815 -0.80431503 -0.16300313
vn 0.6296574 -0.7370217 0.24562281
vn 0.74318886 -0.5431126 0.3907672
vn 0.97999287 0.03814216 0.19534364
vn -0.82758427 -0.35265204 -0.43673882
vn 0.23741905 -0.8471617 0.47534117
vn -0.42596895 -0.422308 0.800129
vn -0.35003707 -0.757195 -0.5514797
vn -0.5297487 0.022819055 -0.84784764
vn -0.82758427 -0.35265204 -0.43673882
vn 0.5741457 0.8186348 0.013924262
vn 0.15213914 0.98823816 0.0154601885
vn 0.28056148 0.87454104 0.39555424
vn -0.75287986 -0.24935877 -0.60909116
vn -0.6109419 -0.15256576 0.7768356
vn -0.9993017 0.029348683 -0.023125866
vn -0.65960747 0.25569054 -0.7067817
vn -0.9993017 0.029348683 -0.023125866
vn -0.0 -0.02169839 0.99976456
vn -0.0 -0.26913312 0.963103
vn -0.0 -0.02169839 0.99976456
vn -0.0 -0.26913312 0.963103
vn -0.0 0.006212509 0.9999807
vn -0.0 0.006212509 0.9999807
vn -0.0 -0.21497627 0.9766193
vn -0.0 -0.21497627 0.9766193
vn -0.0 -0.3898224 0.9208901
vn -0.0 -0.3898224 0.9208901
vn -0.0 -0.3898224 0.9208901
vn -0.0 -0.3898224 0.9208901
vn -0.86209285 -0.27841794 0.42341387
vn -0.86209285 -0.27841794 0.42341387
vn -0.86209285 -0.27841794 0.42341387
vn -0.86209285 -0.27841794 0.42341387
vn -0.0 0.98354745 0.18065012
vn -0.0 0.98354745 0.18065012
vn -0.0 0.98354745 0.18065012
vn -0.0 0.98354745 0.18065012
vn 0.8620934 -0.2784173 0.4234133
vn 0.8620934 -0.2784173 0.4234133
vn 0.8620934 -0.2784173 0.4234133
vn 0.8620934 -0.2784173 0.4234133
vn 0.46947026 -0.8147187 0.34033972
vn 0.46947026 -0.8147187 0.34033972
vn 0.46947026 -0.8147187 0.34033972
vn 0.46947026 -0.8147187 0.34033972
vn -0.4694609 -0.8147229 0.34034252
vn -0.4694609 -0.8147229 0.34034252
vn -0.4694609 -0.8147229 0.34034252
vn -0.4694609 -0.8147229 0.34034252
vn -0.53410846 -0.77194124 0.3447243
vn -0.53410846 -0.77194124 0.3447243
vn -0.53410846 -0.77194124 0.3447243
vn -0.53410846 -0.77194124 0.3447243
vn 0.5341092 -0.7719419 0.3447217
vn 0.5341092 -0.7719419 0.3447217
vn 0.5341092 -0.7719419 0.3447217
vn 0.5341092 -0.7719419 0.3447217
vn -0.0 -0.96868557 0.24829082
vn -0.0 -0.96868557 0.24829082
vn -0.0 -0.96868557 0.24829082
vn -0.0 -0.96868557 0.24829082
vn -0.6663406 0.50880593 0.54507506
vn -0.6663406 0.50880593 0.54507506
vn -0.6663406 0.50880593 0.54507506
vn -0.6663406 0.50880593 0.54507506
vn -0.6663406 0.50880593 0.54507506
vn -0.6663406 0.50880593 0.54507506
vn -0.0 0.86615235 0.49978
vn -0.0 0.86615235 0.49978
vn -0.0 0.86615235 0.49978
vn -0.0 0.86615235 0.49978
vn 0.6663412 0.5088046 0.5450754
vn 0.6663412 0.5088046 0.5450754
vn 0.6663412 0.5088046 0.5450754
vn 0.6663412 0.5088046 0.5450754
vn -0.0 -0.98196554 -0.18905981
vn -0.0 -0.98196554 -0.18905981
vn -0.0 -0.98196554 -0.18905981
vn -0.0 -0.98196554 -0.18905981
vn 1.0273716E-5 0.31612933 -0.9487161
vn 1.0273716E-5 0.31612933 -0.9487161
vn 1.0273716E-5 0.31612933 -0.9487161
vn 1.0273716E-5 0.31612933 -0.9487161
vn -0.0 0.31612507 -0.94871753
vn -0.0 0.31612507 -0.94871753
vn -5.4717857E-6 0.3161338 -0.9487146
vn -5.4717857E-6 0.3161338 -0.9487146
vn -6.23828E-6 0.31612447 -0.9487177
vn -6.23828E-6 0.31612447 -0.9487177
vn -1.2842176E-5 0.31613028 -0.9487158
vn -1.2842176E-5 0.31613028 -0.9487158
vn -1.2842176E-5 0.31613028 -0.9487158
vn -1.2842176E-5 0.31613028 -0.9487158
vn 0.04830433 0.3446454 -0.93748933
vn 0.04830433 0.3446454 -0.93748933
vn 0.04830433 0.3446454 -0.93748933
vn 0.04830433 0.3446454 -0.93748933
vn -0.47317865 0.5466958 -0.69081515
vn -0.47317865 0.5466958 -0.69081515
vn -0.47317865 0.5466958 -0.69081515
vn -0.47317865 0.5466958 -0.69081515
vn -0.033006072 0.78642213 -0.61680686
vn -0.033006072 0.78642213 -0.61680686
vn -0.033006072 0.78642213 -0.61680686
vn -0.033006072 0.78642213 -0.61680686
vn -0.7287293 -0.44253042 -0.5226093
vn -0.7287293 -0.44253042 -0.5226093
vn -0.7287293 -0.44253042 -0.5226093
vn -0.7287293 -0.44253042 -0.5226093
vn -0.09967012 -0.7766417 -0.62200755
vn -0.09967012 -0.7766417 -0.62200755
vn -0.09967012 -0.7766417 -0.62200755
vn -0.09967012 -0.7766417 -0.62200755
vn 0.81303257 0.58221817 0.0
vn 0.81303257 0.58221817 0.0
vn 0.81303257 0.58221817 0.0
vn 0.81303257 0.58221817 0.0
vn 0.14436091 0.9895251 0.0
vn 0.14436091 0.9895251 0.0
vn 0.14436091 0.9895251 0.0
vn 0.14436091 0.9895251 0.0
vn 0.9049845 -0.4254447 0.0
vn 0.9049845 -0.4254447 0.0
vn 0.9049845 -0.4254447 0.0
vn 0.9049845 -0.4254447 0.0
vn 0.9049845 -0.4254447 0.0
vn 0.9049845 -0.4254447 0.0
vn -0.0 -1.0 0.0
vn -0.0 -1.0 0.0
vn -0.0 -1.0 0.0
vn -0.0 -1.0 0.0
vn -0.0 -1.0 0.0
vn -0.0 -1.0 0.0
vn -0.04830065 0.34464505 -0.9374897
vn -0.04830065 0.34464505 -0.9374897
vn -0.04830065 0.34464505 -0.9374897
vn -0.04830065 0.34464505 -0.9374897
vn 0.47318283 0.54669416 -0.6908137
vn 0.47318283 0.54669416 -0.6908137
vn 0.47318283 0.54669416 -0.6908137
vn 0.47318283 0.54669416 -0.6908137
vn 0.03300441 0.7864249 -0.6168035
vn 0.03300441 0.7864249 -0.6168035
vn 0.03300441 0.7864249 -0.6168035
vn 0.03300441 0.7864249 -0.6168035
vn 0.728728 -0.44253045 -0.522611
vn 0.728728 -0.44253045 -0.522611
vn 0.728728 -0.44253045 -0.522611
vn 0.728728 -0.44253045 -0.522611
vn 0.09966806 -0.7766436 -0.62200564
vn 0.09966806 -0.7766436 -0.62200564
vn 0.09966806 -0.7766436 -0.62200564
vn 0.09966806 -0.7766436 -0.62200564
vn -0.8130284 0.582224 0.0
vn -0.8130284 0.582224 0.0
vn -0.8130284 0.582224 0.0
vn -0.8130284 0.582224 0.0
vn -0.14436038 0.98952514 0.0
vn -0.14436038 0.98952514 0.0
vn -0.14436038 0.98952514 0.0
vn -0.14436038 0.98952514 0.0
vn -0.90498376 -0.425446 0.0
vn -0.90498376 -0.425446 0.0
vn -0.90498376 -0.425446 0.0
vn -0.90498376 -0.425446 0.0
vn -0.90498376 -0.425446 0.0
vn -0.90498376 -0.425446 0.0
vn 0.3414798 0.41575697 -0.84293395
vn 0.3414798 0.41575697 -0.84293395
vn 0.3414798 0.41575697 -0.84293395
vn 0.3414798 0.41575697 -0.84293395
vn 0.37688598 0.39523742 -0.8377018
vn -0.36278024 0.4991126 -0.78694165
vn -0.36278024 0.4991126 -0.78694165
vn -0.36278024 0.4991126 -0.78694165
vn -0.36278024 0.4991126 -0.78694165
vn 0.17015673 0.9745364 -0.14603262
vn 0.17015673 0.9745364 -0.14603262
vn 0.17015673 0.9745364 -0.14603262
vn 0.17015673 0.9745364 -0.14603262
vn 0.010344611 -0.7287752 -0.68467486
vn 0.010344611 -0.7287752 -0.68467486
vn 0.010344611 -0.7287752 -0.68467486
vn 0.010344611 -0.7287752 -0.68467486
vn -0.268087 -0.6877341 -0.6746489
vn -0.268087 -0.6877341 -0.6746489
vn -0.268087 -0.6877341 -0.6746489
vn -0.268087 -0.6877341 -0.6746489
vn -0.5171295 -0.57981944 -0.6295924
vn -0.5171295 -0.57981944 -0.6295924
vn -0.5171295 -0.57981944 -0.6295924
vn -0.5171295 -0.57981944 -0.6295924
vn 0.25702652 0.5154853 -0.8174425
vn 0.25702652 0.5154853 -0.8174425
vn 0.25702652 0.5154853 -0.8174425
vn 0.25702652 0.5154853 -0.8174425
vn -0.66316336 0.11574252 -0.7394714
vn -0.66316336 0.11574252 -0.7394714
vn -0.66316336 0.11574252 -0.7394714
vn -0.66316336 0.11574252 -0.7394714
vn -0.73659945 0.39998847 -0.54537183
vn -0.73659945 0.39998847 -0.54537183
vn -0.73659945 0.39998847 -0.54537183
vn -0.73659945 0.39998847 -0.54537183
vn -0.13866217 -0.28906807 -0.947213
vn -0.13866217 -0.28906807 -0.947213
vn -0.13866217 -0.28906807 -0.947213
vn -0.13866217 -0.28906807 -0.947213
vn 0.026646916 0.6385144 -0.7691484
vn 0.026646916 0.6385144 -0.7691484
vn 0.026646916 0.6385144 -0.7691484
vn 0.026646916 0.6385144 -0.7691484
vn 0.070516065 0.6186606 -0.78248733
vn 0.070516065 0.6186606 -0.78248733
vn 0.070516065 0.6186606 -0.78248733
vn 0.070516065 0.6186606 -0.78248733
vn 0.0957274 0.63515896 -0.7664264
vn -0.93425405 0.353615 0.046106104
vn -0.93425405 0.353615 0.046106104
vn -0.93425405 0.353615 0.046106104
vn -0.93425405 0.353615 0.046106104
vn -0.93425405 0.353615 0.046106104
vn -0.93425405 0.353615 0.046106104
vn -0.13565959 -0.92369735 -0.35830113
vn -0.13565959 -0.92369735 -0.35830113
vn -0.13565959 -0.92369735 -0.35830113
vn -0.13565959 -0.92369735 -0.35830113
vn -0.35480893 -0.8612229 -0.36387601
vn -0.35480893 -0.8612229 -0.36387601
vn -0.35480893 -0.8612229 -0.36387601
vn -0.35480893 -0.8612229 -0.36387601
vn -0.5803052 -0.74785846 -0.32241812
vn -0.5803052 -0.74785846 -0.32241812
vn -0.5803052 -0.74785846 -0.32241812
vn -0.5803052 -0.74785846 -0.32241812
vn -0.911547 -0.17289607 -0.3730805
vn -0.911547 -0.17289607 -0.3730805
vn -0.911547 -0.17289607 -0.3730805
vn -0.911547 -0.17289607 -0.3730805
vn -0.911547 -0.17289607 -0.3730805
vn -0.9086418 0.22041598 -0.35466447
vn -0.9086418 0.22041598 -0.35466447
vn -0.9086418 0.22041598 -0.35466447
vn -0.9086418 0.22041598 -0.35466447
vn -0.27772442 -0.45165712 -0.847865
vn -0.27772442 -0.45165712 -0.847865
vn -0.27772442 -0.45165712 -0.847865
vn -0.27772442 -0.45165712 -0.847865
vn -0.27772442 -0.45165712 -0.847865
vn 0.0066843615 0.9566583 0.29113606
vn 0.0066843615 0.9566583 0.29113606
vn 0.0066843615 0.9566583 0.29113606
vn 0.0066843615 0.9566583 0.29113606
vn 0.775511 0.61517566 0.14192078
vn 0.775511 0.61517566 0.14192078
vn 0.775511 0.61517566 0.14192078
vn 0.775511 0.61517566 0.14192078
vn 0.37036377 0.8965102 0.24310538
vn 0.37036377 0.8965102 0.24310538
vn 0.37036377 0.8965102 0.24310538
vn 0.37036377 0.8965102 0.24310538
vn 0.006412449 0.9691362 0.24644244
vn 0.006412449 0.9691362 0.24644244
vn 0.006412449 0.9691362 0.24644244
vn 0.006412449 0.9691362 0.24644244
vn -0.006412267 0.9691359 0.24644381
vn -0.006412267 0.9691359 0.24644381
vn -0.34148005 0.41575843 -0.8429332
vn -0.34148005 0.41575843 -0.8429332
vn -0.34148005 0.41575843 -0.8429332
vn -0.34148005 0.41575843 -0.8429332
vn -0.37687734 0.39524385 -0.8377027
vn 0.36277637 0.49910688 -0.78694695
vn 0.36277637 0.49910688 -0.78694695
vn 0.36277637 0.49910688 -0.78694695
vn 0.36277637 0.49910688 -0.78694695
vn -0.17015672 0.9745365 -0.14603214
vn -0.17015672 0.9745365 -0.14603214
vn -0.17015672 0.9745365 -0.14603214
vn -0.17015672 0.9745365 -0.14603214
vn -0.01034262 -0.72877514 -0.684675
vn -0.01034262 -0.72877514 -0.684675
vn -0.01034262 -0.72877514 -0.684675
vn -0.01034262 -0.72877514 -0.684675
vn 0.2680872 -0.6877359 -0.6746469
vn 0.2680872 -0.6877359 -0.6746469
vn 0.2680872 -0.6877359 -0.6746469
vn 0.2680872 -0.6877359 -0.6746469
vn 0.517137 -0.57981366 -0.62959146
vn 0.517137 -0.57981366 -0.62959146
vn 0.517137 -0.57981366 -0.62959146
vn 0.517137 -0.57981366 -0.62959146
vn -0.2570314 0.51548404 -0.8174418
vn -0.2570314 0.51548404 -0.8174418
vn -0.2570314 0.51548404 -0.8174418
vn -0.2570314 0.51548404 -0.8174418
vn 0.6631583 0.11574653 -0.7394753
vn 0.6631583 0.11574653 -0.7394753
vn 0.6631583 0.11574653 -0.7394753
vn 0.6631583 0.11574653 -0.7394753
vn 0.73659647 0.39999208 -0.5453734
vn 0.73659647 0.39999208 -0.5453734
vn 0.73659647 0.39999208 -0.5453734
vn 0.73659647 0.39999208 -0.5453734
vn 0.13865677 -0.2890697 -0.9472133
vn 0.13865677 -0.2890697 -0.9472133
vn 0.13865677 -0.2890697 -0.9472133
vn 0.13865677 -0.2890697 -0.9472133
vn -0.026657607 0.6385145 -0.769148
vn -0.026657607 0.6385145 -0.769148
vn -0.026657607 0.6385145 -0.769148
vn -0.026657607 0.6385145 -0.769148
vn -0.070515975 0.618662 -0.7824863
vn -0.070515975 0.618662 -0.7824863
vn -0.070515975 0.618662 -0.7824863
vn -0.070515975 0.618662 -0.7824863
vn -0.095756054 0.63515717 -0.76642424
vn 0.93425584 0.35360962 0.046112504
vn 0.93425584 0.35360962 0.046112504
vn 0.93425584 0.35360962 0.046112504
vn 0.93425584 0.35360962 0.046112504
vn 0.93425584 0.35360962 0.046112504
vn 0.93425584 0.35360962 0.046112504
vn 0.13566427 -0.923694 -0.358308
vn 0.13566427 -0.923694 -0.358308
vn 0.13566427 -0.923694 -0.358308
vn 0.13566427 -0.923694 -0.358308
vn 0.35480314 -0.8612269 -0.36387223
vn 0.35480314 -0.8612269 -0.36387223
vn 0.35480314 -0.8612269 -0.36387223
vn 0.35480314 -0.8612269 -0.36387223
vn 0.58030367 -0.7478615 -0.32241407
vn 0.58030367 -0.7478615 -0.32241407
vn 0.58030367 -0.7478615 -0.32241407
vn 0.58030367 -0.7478615 -0.32241407
vn 0.9115494 -0.17289142 -0.3730767
vn 0.9115494 -0.17289142 -0.3730767
vn 0.9115494 -0.17289142 -0.3730767
vn 0.9115494 -0.17289142 -0.3730767
vn 0.9115494 -0.17289142 -0.3730767
vn 0.9086398 0.2204193 -0.35466757
vn 0.9086398 0.2204193 -0.35466757
vn 0.9086398 0.2204193 -0.35466757
vn 0.9086398 0.2204193 -0.35466757
vn 0.2777274 -0.4516555 -0.8478648
vn 0.2777274 -0.4516555 -0.8478648
vn 0.2777274 -0.4516555 -0.8478648
vn 0.2777274 -0.4516555 -0.8478648
vn 0.2777274 -0.4516555 -0.8478648
vn -0.0066836327 0.9566581 0.29113653
vn -0.0066836327 0.9566581 0.29113653
vn -0.0066836327 0.9566581 0.29113653
vn -0.0066836327 0.9566581 0.29113653
vn -0.7755133 0.61517346 0.1419179
vn -0.7755133 0.61517346 0.1419179
vn -0.7755133 0.61517346 0.1419179
vn -0.7755133 0.61517346 0.1419179
vn -0.37036377 0.8965102 0.24310538
vn -0.37036377 0.8965102 0.24310538
vn -0.37036377 0.8965102 0.24310538
vn -0.37036377 0.8965102 0.24310538
vn 0.060473945 0.98822683 0.14053719
vn -0.41920617 0.8925938 0.1659593
vn 0.11478372 0.9533712 0.2791201
vn -0.39610374 0.91820574 1.806379E-4
vn -0.40022144 0.9103271 0.10548674
vn 0.053997897 0.96598685 0.2528905
vn -0.29836938 0.9505132 0.086605154
vn -0.021924483 0.97164947 0.23540732
vn -0.08234853 0.9698398 0.22941095
vn -0.2753409 0.9612506 0.01358762
vn -0.12739314 0.974774 0.18326643
vn -0.22098498 0.9746955 -0.033680525
vn -0.30569458 0.9516813 -0.029213015
vn -0.2648859 0.94933236 0.1691258
vn -0.52973616 0.8479436 -0.019268302
vn -0.49700263 0.85312235 0.15865274
vn -0.21098877 0.9333348 0.29046497
vn 0.021468194 0.92774546 0.37259564
vn 0.23633079 0.9045568 0.35485885
vn 0.39836782 0.8545013 0.3333625
vn 0.44044244 0.8437647 0.30671075
vn 0.34627387 0.8933115 0.28651154
vn -0.5105877 0.81671447 0.26884535
vn -0.18684193 0.90707254 0.3772393
vn -0.53089756 0.7947786 0.2940661
vn -0.2011555 0.8911183 0.4067488
vn -0.48619014 0.8056905 0.33835185
vn -0.20460899 0.8665334 0.45525262
vn -0.5418384 0.7777764 0.31855124
vn -0.08289451 0.8695576 0.48682445
vn 0.09020325 0.8939786 0.4389369
vn 0.38649204 0.8312347 0.39959073
vn 0.0797823 0.8697462 0.4870075
vn 0.37612003 0.83847404 0.39432853
vn 0.3529399 0.8513168 0.38819203
vn -0.5889812 0.7729231 0.23598936
vn -0.5830474 0.79635996 0.16083097
vn -0.56214166 0.826755 0.021746466
vn -0.4767755 0.82500106 -0.30341113
vn -0.4819669 0.83452195 -0.26698515
vn -0.27913535 0.93576074 -0.21548846
vn -0.33383244 0.93567145 0.11434553
vn -0.34725413 0.8995702 0.2649301
vn -0.35283378 0.8705328 0.34304655
vn -0.07613698 0.9894484 -0.12326801
vn -0.08860382 0.97694707 0.19422616
vn -0.08891 0.93484575 0.34374174
vn -0.09074693 0.900605 0.42505944
vn -0.06108094 0.88230604 0.46669608
vn -0.35678795 0.8556287 0.37496924
vn -0.62513036 0.73954445 0.24957162
vn -0.01104379 0.99751836 -0.069534555
vn -0.005653642 0.9757386 0.21886592
vn 1.5783593E-5 0.93120307 0.3645008
vn 1.1399027E-5 0.88928837 0.457347
vn 0.074925564 0.8351116 0.54495394
vn 0.0054209856 0.8078197 0.5894047
vn 0.16961807 0.8589515 0.4831481
vn 0.0071548712 0.6689355 0.7432861
vn 0.118177235 0.7117671 0.6924029
vn 0.3557541 0.7591009 0.545165
vn 0.4755841 0.75732327 0.44752795
vn 0.16627419 0.72887415 0.6641502
vn 0.39577034 0.7538488 0.5244786
vn 0.1544997 0.82419276 0.5448266
vn 0.1587066 0.8599159 0.48513588
vn 0.4661068 0.76217437 0.44926015
vn 0.00463862 0.69837844 0.71571374
vn 0.0025828942 0.8297556 0.55812097
vn -5.593108E-4 0.8750572 0.4840192
vn -0.07491901 0.8351079 0.54496044
vn 0.061080355 0.88230544 0.4666972
vn 0.09074599 0.900605 0.4250597
vn 0.35283464 0.87053233 0.34304687
vn 0.08890946 0.9348464 0.34374028
vn 0.34725544 0.89957 0.2649291
vn 0.58898276 0.7729218 0.2359898
vn 0.5830492 0.7963585 0.1608317
vn 0.51058644 0.8167152 0.26884532
vn 0.49699596 0.8531275 0.15864575
vn 0.2109785 0.93333983 0.29045615
vn 0.26487452 0.94933695 0.16911802
vn 0.5297334 0.8479452 -0.01927228
vn 0.30569193 0.9516822 -0.029212948
vn 0.12739035 0.9747741 0.18326776
vn 0.22098424 0.9746958 -0.03367611
vn 0.24086747 0.97026825 0.023714744
vn 0.082346015 0.96984035 0.22940986
vn 0.1920368 0.973535 0.12390079
vn 0.021926777 0.9716503 0.23540379
vn -0.05399523 0.9659871 0.25289023
vn 0.38872403 0.91155666 0.13400789
vn -0.11478432 0.953371 0.27912065
vn 0.41920814 0.89259285 0.16595942
vn -0.060474444 0.9882271 0.14053486
vn 0.39610785 0.918204 1.704256E-4
vn -0.021472156 0.92774576 0.3725946
vn -0.23632997 0.9045577 0.35485694
vn -0.3983653 0.8545023 0.3333629
vn -0.4404423 0.8437642 0.30671236
vn -0.34627706 0.89331025 0.28651187
vn -0.09020504 0.89397734 0.43893924
vn -0.38649347 0.8312331 0.3995926
vn -0.079780295 0.86974585 0.48700848
vn -0.37611833 0.83847445 0.39432946
vn 0.2011515 0.8911195 0.40674832
vn 0.2046074 0.86653376 0.45525277
vn 0.48618814 0.8056919 0.3383514
vn 0.5308947 0.7947808 0.2940652
vn 0.1868396 0.90707374 0.3772375
vn 0.54184055 0.77777445 0.31855264
vn 0.082897924 0.86955816 0.4868229
vn -0.35293645 0.85131896 0.38819054
vn 0.6251319 0.73954326 0.24957135
vn 0.35678807 0.8556284 0.3749698
vn -0.16959432 0.85895765 0.4831455
vn -0.35574377 0.7590986 0.545175
vn -0.11817864 0.71175647 0.6924135
vn -0.47556275 0.757335 0.44753078
vn -0.16627446 0.7288728 0.66415167
vn -0.39576712 0.75384986 0.52447957
vn -0.15449724 0.8241936 0.54482615
vn -0.15870161 0.85991853 0.4851329
vn -0.466101 0.76217765 0.44926056
vn -0.32980898 0.85382885 -0.4027434
vn -0.35714597 0.81526166 -0.45584556
vn -0.41329554 0.51309586 -0.7522761
vn -0.36200672 0.63038415 -0.6867073
vn -0.36557177 0.64870536 -0.66748685
vn -0.5725453 0.7654264 -0.2937929
vn -0.73056644 0.42593765 -0.5337133
vn -0.7053989 0.6966456 -0.13075632
vn -0.889151 0.35635135 -0.28709614
vn -0.743614 0.28652763 -0.60410273
vn -0.9172141 0.21055892 -0.3382059
vn -0.4181659 0.38322687 -0.8235742
vn -0.39470896 0.5121222 -0.76284707
vn -0.38458475 0.54759824 -0.74312234
vn -0.13737425 0.43237722 -0.8911668
vn -0.11111255 0.43451375 -0.8937851
vn -0.06936406 0.43837902 -0.89610964
vn -0.28273678 0.68357116 -0.6728971
vn -0.15379348 0.73528546 -0.66007787
vn -0.035504762 0.44676068 -0.89394873
vn -0.041652516 0.80780464 -0.5879768
vn -0.009730163 0.4895303 -0.87193197
vn -0.007845477 0.8502983 -0.52624255
vn -0.0022103204 0.52541584 -0.8508427
vn -0.0 0.34924617 -0.93703103
vn 1.45593485E-5 0.34924018 -0.93703324
vn 1.45593485E-5 0.34924617 -0.93703103
vn -2.579447E-5 0.34926325 -0.93702465
vn 7.6654134E-5 0.36321414 -0.93170565
vn 2.0488013E-4 0.37707895 -0.9261811
vn 0.04165022 0.8078015 -0.58798134
vn 0.076129146 0.98944825 -0.123274185
vn 0.08860365 0.97694725 0.19422518
vn 0.33383322 0.93567157 0.11434195
vn 0.27912784 0.9357608 -0.21549787
vn 0.5621431 0.8267541 0.021744214
vn 0.48196632 0.83452094 -0.26698947
vn 0.47677803 0.8249991 -0.30341253
vn 0.32981592 0.8538267 -0.40274236
vn 0.35714945 0.8152606 -0.4558448
vn 0.41329527 0.5130918 -0.7522791
vn 0.36201578 0.6303811 -0.6867053
vn 0.3655777 0.6487032 -0.6674857
vn 0.5449037 0.78201365 -0.30254674
vn 0.71348125 0.41890123 -0.56166387
vn 0.41381136 0.9028934 -0.11637673
vn 0.78240937 0.45452875 -0.42572188
vn 0.51311713 0.66385967 -0.54405993
vn 0.55186003 0.44575584 -0.70480657
vn 0.796023 0.3025827 -0.5242052
vn 0.25516677 0.9655835 -0.050382584
vn 0.5054471 0.6970682 -0.50854605
vn 0.4904605 0.87142956 0.0076838573
vn 0.8034079 0.5512074 -0.22518022
vn 0.90056354 0.2721977 -0.33895978
vn 0.5838479 0.45471177 -0.6725763
vn 0.71607155 0.29372397 -0.63322026
vn 0.41816083 0.38322827 -0.8235761
vn 0.39471334 0.51212287 -0.7628444
vn 0.38459024 0.54759556 -0.74312145
vn 0.1373798 0.4323731 -0.8911679
vn 0.11111465 0.434511 -0.8937862
vn 0.06935811 0.43838322 -0.89610803
vn 0.2827358 0.6835718 -0.67289674
vn 0.15378955 0.7352846 -0.66007984
vn 0.035503957 0.44676596 -0.8939462
vn 0.0097360285 0.48953095 -0.87193155
vn 1.0578959E-5 0.34924537 -0.9370313
vn -1.1349693E-5 0.34924042 -0.9370332
vn -2.7781674E-5 0.34924993 -0.9370296
vn 1.4651955E-5 0.34926713 -0.9370232
vn -7.665414E-5 0.363215 -0.93170536
vn -0.8526902 0.50442123 -0.135936
vn -0.88828987 0.4576377 -0.038844597
vn -0.86250335 0.48170015 -0.15509027
vn -0.26211295 0.8829426 -0.38949856
vn -0.08141704 0.9377679 -0.33758345
vn -0.9797096 0.14307491 -0.14035171
vn -0.9567743 0.17865 -0.22949333
vn -0.9878455 0.12154947 -0.09688645
vn -0.9944581 0.10241784 -0.023742577
vn -0.9962159 0.086449645 -0.008965769
vn -0.9959326 0.05210242 0.0735096
vn -0.9044739 0.3661741 0.21873136
vn -0.9104122 0.38775298 0.14421265
vn -0.69745576 0.63651556 0.32924667
vn -0.72271544 0.64198357 0.25600687
vn -0.8564612 0.5081292 -0.09098859
vn -0.8338239 0.4751522 -0.28101254
vn -0.46096614 0.81331134 -0.35501394
vn -0.29868647 0.816054 -0.4948154
vn -0.6985109 0.71348345 0.054989908
vn -0.06174291 0.8509274 -0.52164197
vn -0.07225429 0.855948 -0.5119887
vn -0.9962159 0.086449645 -0.008965769
vn -0.9962309 0.055296198 0.0668305
vn 0.40123567 0.8910842 0.21208245
vn 0.82782644 0.5346154 0.16996978
vn 0.806581 0.42700258 0.40877363
vn 0.38831475 0.8725558 0.29640862
vn 0.883268 0.4403085 0.16114001
vn 0.5514758 0.809983 0.19950429
vn 0.9006077 0.12824434 0.41528192
vn 0.97993326 0.15775271 0.12183955
vn 0.9789333 0.14511138 0.14363973
vn 0.8882912 0.45763513 -0.03884399
vn 0.8625041 0.48169672 -0.15509656
vn 0.26211303 0.88293964 -0.38950515
vn 0.08141812 0.9377666 -0.3375868
vn 0.97970986 0.1430739 -0.14035127
vn 0.98784584 0.12154703 -0.096886374
vn 0.994458 0.102418564 -0.023742627
vn 0.99621606 0.08644775 -0.00896593
vn 0.9959326 0.052102707 0.07350951
vn 0.9044751 0.36617064 0.21873224
vn 0.9104122 0.38775277 0.14421308
vn 0.69746 0.6365099 0.32924873
vn 0.7227158 0.64198273 0.25600776
vn 0.85646117 0.5081287 -0.090991676
vn 0.8338244 0.47515094 -0.2810133
vn 0.46096686 0.81330985 -0.35501632
vn 0.29868737 0.8160551 -0.49481308
vn 0.6985085 0.71348643 0.05498272
vn 0.061741255 0.85093063 -0.5216369
vn 0.07225432 0.8559478 -0.51198894
vn 0.99621606 0.08644775 -0.00896593
vn 0.99623084 0.05529675 0.06683027
vn -0.08715066 -0.93495303 -0.3439006
vn -0.09494928 -0.93267995 -0.34798372
vn -0.09494928 -0.93267995 -0.34798372
vn -0.08715066 -0.93495303 -0.3439006
vn -0.117417365 -0.9114262 -0.39435446
vn -0.117417365 -0.9114262 -0.39435446
vn -0.17683578 -0.87146306 -0.45747253
vn -0.17683578 -0.87146306 -0.45747253
vn -0.13291845 -0.85771215 -0.49665126
vn -0.13291845 -0.85771215 -0.49665126
vn -0.0127689615 -0.89046896 -0.45486477
vn -0.0127689615 -0.89046896 -0.45486477
vn 0.014380444 -0.91875374 -0.39456913
vn 0.014380444 -0.91875374 -0.39456913
vn -0.09015501 -0.9350162 -0.34295306
vn -0.09015501 -0.9350162 -0.34295306
vn -0.086510986 -0.93398035 -0.3466938
vn -0.086510986 -0.93398035 -0.3466938
vn -0.08078052 -0.93139005 -0.35494655
vn -0.08078052 -0.93139005 -0.35494655
vn -0.08078052 -0.93139005 -0.35494655
vn -0.077402726 -0.9280536 -0.36431485
vn -0.077402726 -0.9280536 -0.36431485
vn -0.076594494 -0.92651504 -0.368379
vn -0.076594494 -0.92651504 -0.368379
vn 0.11597072 -0.91891426 -0.37702432
vn 0.09738853 -0.88402766 -0.45717674
vn 0.09738853 -0.88402766 -0.45717674
vn 0.11597072 -0.91891426 -0.37702432
vn 0.09750622 -0.87412643 -0.47581038
vn 0.09750622 -0.87412643 -0.47581038
vn 0.15358604 -0.90773016 -0.39043212
vn 0.15358604 -0.90773016 -0.39043212
vn 0.10187906 -0.9309637 -0.35060978
vn 0.10187906 -0.9309637 -0.35060978
vn 0.11733067 -0.9115441 -0.39410776
vn 0.11733067 -0.9115441 -0.39410776
vn 0.17684034 -0.87147003 -0.45745766
vn 0.17684034 -0.87147003 -0.45745766
vn 0.13290372 -0.85772157 -0.49663904
vn 0.13290372 -0.85772157 -0.49663904
vn 0.012754043 -0.890477 -0.4548495
vn 0.012754043 -0.890477 -0.4548495
vn 0.1944861 -0.9353868 -0.2953417
vn 0.1944861 -0.9353868 -0.2953417
vn 0.20572479 -0.954152 -0.21741952
vn 0.20572479 -0.954152 -0.21741952
vn 0.16632394 -0.9491326 -0.26736426
vn 0.16632394 -0.9491326 -0.26736426
vn 0.109951034 -0.93053424 -0.34930894
vn 0.109951034 -0.93053424 -0.34930894
vn 0.08078083 -0.9313893 -0.35494855
vn -0.014376447 -0.91876024 -0.3945542
vn -0.014376447 -0.91876024 -0.3945542
vn 0.109951034 -0.93053424 -0.34930894
vn 0.08078083 -0.9313893 -0.35494855
vn 0.07741393 -0.92805195 -0.36431667
vn 0.07741393 -0.92805195 -0.36431667
vn 0.07661379 -0.926513 -0.3683801
vn 0.07661379 -0.926513 -0.3683801
vn -0.8245141 -0.364592 -0.43272308
vn -0.8845211 0.4444928 -0.14159249
vn -0.9809891 0.12319882 -0.14994137
vn -0.83857733 -0.36774504 -0.40193495
vn -0.5049972 -0.72174597 -0.47335038
vn -0.37263006 -0.80434346 -0.46279415
vn -0.82808965 -0.4443798 -0.34175143
vn -0.63668466 -0.6302324 -0.44434208
vn -0.13482824 -0.8956294 -0.42387414
vn -0.1957936 -0.8827424 -0.42711914
vn -0.26817998 -0.82944894 -0.48999384
vn -0.658205 -0.53845227 -0.5261515
vn -0.573808 -0.30895433 -0.7584798
vn -0.284649 -0.7100912 -0.6440074
vn -0.3551766 -0.094678834 -0.92999226
vn -0.31083924 -0.59858644 -0.7382908
vn -0.8038515 -0.28102767 -0.5242577
vn -0.48968992 0.71587545 -0.49772093
vn -0.2933237 0.79591346 -0.5296064
vn -0.769418 0.5541333 -0.31769824
vn -0.3680707 -0.20030189 -0.9079665
vn -0.33908063 -0.4441709 -0.82929885
vn -0.45642483 0.123991385 -0.8810803
vn -0.4347122 0.06331228 -0.8983412
vn -0.3442097 0.80956215 -0.47553006
vn -0.2100343 0.8571604 -0.4702782
vn -0.25042832 0.1569597 -0.9553268
vn -0.28775978 0.19256984 -0.9381424
vn -0.45642483 0.123991385 -0.8810803
vn -0.18304405 0.10830517 -0.9771207
vn -0.3500203 -0.47024658 -0.8101567
vn -0.3226546 -0.53739464 -0.7791668
vn -0.14970611 0.0023578429 -0.9887277
vn -0.30258498 -0.6337186 -0.711929
vn -0.33591056 -0.8446525 -0.41680485
vn -0.3292219 -0.8353034 -0.44031927
vn -0.31944606 -0.879063 -0.35383967
vn -0.3250841 -0.91294026 -0.24669914
vn -0.16949542 -0.9530212 -0.25104168
vn -0.3004841 -0.6779745 -0.670865
vn -0.17154537 -0.8274615 -0.53467715
vn -0.044255845 -0.935701 -0.3500072
vn -0.0 -0.96742684 -0.25315073
vn -0.0 -0.9777672 -0.20969322
vn 3.0655173E-7 -0.94404656 -0.32981232
vn -0.0 -0.77157754 -0.6361353
vn -0.22160439 -0.7833991 -0.58066976
vn -0.13324203 -0.8923585 -0.43121088
vn -0.20698062 -0.9254365 -0.31737402
vn -0.6718438 -0.68038404 -0.29275158
vn -0.25076586 -0.9653021 -0.07285829
vn -0.746804 -0.6648897 -0.014338094
vn -0.23677874 -0.9696037 0.06168021
vn -0.71189183 -0.69306123 0.113473535
vn -0.98427707 0.15588205 -0.08306254
vn -0.8883385 0.44228983 0.12342755
vn -0.88453394 0.36252373 0.29355794
vn -0.8676813 0.31164464 0.38730708
vn -0.6666872 -0.68039674 -0.30428377
vn -0.571644 -0.81821215 -0.061253294
vn -0.55669755 -0.8303893 0.023267893
vn -0.56383216 -0.8223783 -0.076074265
vn -0.5703298 -0.75646317 -0.32013646
vn -0.5357223 -0.6596535 -0.5271233
vn -0.34467608 -0.50396365 -0.7919716
vn 1.6861918E-7 -0.8107417 -0.58540404
vn -0.0 -0.47695 -0.8789304
vn -0.5336057 -0.842827 0.070054054
vn -0.0 -0.9793803 -0.20202523
vn -0.0 -0.993516 0.11369221
vn 0.22374764 -0.7831195 -0.5802248
vn 0.18634012 -0.8883209 -0.41971815
vn 0.19579415 -0.8827421 -0.42711946
vn 0.6555422 -0.618983 -0.43257904
vn 0.26817787 -0.8294492 -0.48999462
vn 0.62833726 -0.54901 -0.5511626
vn 0.74388283 -0.5679392 -0.35225466
vn 0.6894579 -0.6036129 -0.40037397
vn 0.83675545 -0.5276903 -0.14623022
vn 0.47610646 -0.8460917 -0.2396903
vn 0.6832873 -0.6856728 0.25094077
vn 0.7275359 -0.46400902 0.50535834
vn 0.9007275 -0.4329773 -0.034938004
vn 0.8594812 -0.39038074 -0.32999223
vn 0.8828254 -0.35333806 -0.3094698
vn 0.898434 -0.3384336 -0.27978402
vn 0.87293184 -0.3773487 -0.30918914
vn 0.7884208 -0.35236362 0.5042149
vn 0.7477119 -0.5983896 0.28784847
vn 0.9895533 -0.14379203 0.010398414
vn 0.9000491 -0.4234973 -0.10277006
vn 0.55477744 -0.8087211 -0.19542812
vn 0.6827042 -0.61406606 -0.39602757
vn 0.8024323 -0.25147375 -0.5411686
vn 0.46567538 -0.60753864 -0.64346194
vn 0.5106715 -0.117721766 -0.85167843
vn 0.48481354 -0.16342847 -0.859213
vn 0.42065203 -0.62961257 -0.6531767
vn 0.6933451 -0.22553435 -0.6844024
vn 0.8876144 0.037787132 -0.4590346
vn 0.5278657 0.16145375 -0.83384085
vn 0.49999264 0.07207439 -0.8630253
vn 0.71256995 -0.08392338 -0.69656366
vn 0.57380426 -0.3089579 -0.75848114
vn 0.28464505 -0.71009135 -0.6440089
vn 0.35517642 -0.09467869 -0.92999226
vn 0.31084016 -0.59858674 -0.73829013
vn 0.60094035 0.014325313 -0.7991655
vn 0.40756837 0.1499125 -0.9007854
vn 0.36806974 -0.20030157 -0.907967
vn 0.33908427 -0.44417152 -0.829297
vn 0.4564228 0.123991325 -0.8810814
vn 0.43470746 0.06331238 -0.89834344
vn 0.4740669 0.15725237 -0.86633265
vn 0.29512197 0.22226 -0.92924887
vn 0.28775683 0.19256932 -0.9381434
vn 0.2504216 0.1569599 -0.9553285
vn 0.18303932 0.1083059 -0.97712153
vn 0.35001913 -0.4702458 -0.81015766
vn 0.32265657 -0.5373933 -0.779167
vn 0.14970048 0.0023572338 -0.9887286
vn 0.30258456 -0.63371694 -0.71193075
vn 0.3359116 -0.84465134 -0.4168064
vn 0.3004857 -0.6779716 -0.6708672
vn 0.17154543 -0.8274604 -0.53467876
vn 0.044256132 -0.9357003 -0.35000908
vn 0.32508406 -0.91294026 -0.24669905
vn 0.32922348 -0.8353027 -0.44031954
vn 0.31944594 -0.8790626 -0.35384074
vn 0.16949494 -0.95302105 -0.2510424
vn 0.22181661 -0.722681 -0.6546217
vn 0.3170841 -0.6235554 -0.7145882
vn 0.123226844 -0.76354694 -0.63388574
vn 0.1260434 -0.2546634 -0.9587803
vn 0.07143049 -0.2763982 -0.95838493
vn 0.16752344 -0.14604126 -0.9749912
vn 0.05084054 0.14716002 -0.9878052
vn 0.014485147 0.23827896 -0.9710887
vn 5.149564E-6 0.28301418 -0.95911574
vn 8.158845E-6 0.28302464 -0.95911264
vn -2.8244153E-4 0.28314117 -0.9590782
vn -5.922334E-4 0.28325948 -0.9590431
vn 0.049573496 0.099038176 -0.993848
vn 0.026487894 0.09708549 -0.99492353
vn -0.3551766 -0.094678834 -0.92999226
vn -0.45642483 0.123991385 -0.8810803
vn -0.34576765 0.7965648 -0.49591258
vn -0.2888481 0.7844028 -0.54888886
vn -0.45936716 0.7473438 -0.4800615
vn -0.691569 0.67239344 -0.2638548
vn -0.21283591 0.83000714 -0.51554734
vn 0.030840322 0.82275987 -0.5675519
vn 0.0071267206 0.8720634 -0.48934108
vn 2.783901E-4 0.2831419 -0.95907795
vn -1.6830974E-5 0.28302392 -0.9591128
vn -7.999439E-6 0.28301287 -0.9591161
vn -0.014488125 0.23827939 -0.9710886
vn -0.050846327 0.14716162 -0.9878047
vn -0.16752395 -0.1460399 -0.9749913
vn -0.31708044 -0.62355685 -0.7145886
vn -0.2218114 -0.7226809 -0.65462357
vn -0.123222604 -0.7635455 -0.6338884
vn 3.8424048E-7 -0.9238396 -0.38277975
vn -0.12603906 -0.2546629 -0.958781
vn -0.07142844 -0.27639818 -0.9583851
vn -0.04957568 0.09903905 -0.9938478
vn -0.02649197 0.09708573 -0.9949234
vn 0.35517642 -0.09467869 -0.92999226
vn 0.4740669 0.15725237 -0.86633265
vn 0.4564228 0.123991325 -0.8810814
vn 0.26281908 -0.86391664 -0.42962098
vn 0.27965274 -0.9058129 -0.3182722
vn 0.76730216 -0.57478493 -0.28437594
vn 0.26630852 -0.96003187 -0.08613144
vn 0.7297005 -0.6804079 -0.06769255
vn 0.25618732 -0.9660789 0.032551818
vn 0.71460426 -0.6983159 0.041178714
vn 0.9135332 -0.3541949 -0.20000748
vn 0.9075347 -0.41786158 -0.04209953
vn 0.89156467 -0.45004267 0.050735176
vn 0.6716931 -0.67728466 -0.30018976
vn 0.57752734 -0.81428105 -0.058382392
vn 0.5584256 -0.8292515 0.02242157
vn 0.3446765 -0.5039633 -0.7919717
vn 0.5357228 -0.65965307 -0.5271232
vn 0.5703293 -0.7564635 -0.32013658
vn 0.5638317 -0.8223786 -0.076074466
vn 0.5336057 -0.84282696 0.07005449
vn -0.79566675 0.60317934 -0.05557961
vn -0.8097609 0.58487177 0.047034156
vn -0.9088694 -0.3604385 -0.20985845
vn -0.9135172 -0.3137661 -0.25891536
vn -0.8957991 -0.19274318 -0.40049228
vn -0.86545616 -0.24882343 -0.43482465
vn -0.89210826 -0.3315442 -0.30695495
vn -0.9500851 -0.26003495 -0.17239533
vn -0.90373516 -0.33460787 -0.2670212
vn -0.9373579 -0.27341738 -0.21587743
vn -0.7996613 0.591461 0.10351684
vn -0.78408754 0.5922203 0.18569304
vn -0.74428713 0.57045466 0.3473012
vn -0.70849526 0.5517632 0.4399907
vn -0.98982036 0.09132303 -0.10915948
vn -0.98168236 0.090657115 -0.16757382
vn -0.9556392 0.09205324 -0.27978548
vn -0.99510837 0.0976017 -0.015271252
vn -0.9701891 0.11298484 0.21440057
vn -0.9256796 0.12056836 0.35858133
vn -0.8455289 0.103686824 -0.52376515
vn -0.5861196 0.112620786 -0.8023593
vn -0.3929544 0.11107799 -0.9128245
vn -0.46454778 0.11049453 -0.8786275
vn -0.28157976 0.11071199 -0.9531294
vn 0.030395223 0.101418816 -0.9943794
vn -0.8692884 -0.2591891 0.42090222
vn -0.84738386 -0.47801194 0.23118207
vn -0.84738386 -0.47801194 0.23118207
vn -0.69356245 -0.6888242 -0.21093258
vn -0.69356245 -0.6888242 -0.21093258
vn -0.49000177 -0.5928247 -0.63910645
vn -0.49000177 -0.5928247 -0.63910645
vn -0.35771647 -0.4687719 -0.8076458
vn 0.066857465 -0.20858216 -0.97571695
vn -0.02672726 0.6286279 -0.77724683
vn 0.066857465 -0.20858216 -0.97571695
vn -0.02672726 0.6286279 -0.77724683
vn -0.0963533 -0.7750317 -0.62453336
vn -0.0963533 -0.7750317 -0.62453336
vn -0.33295056 -0.9316265 -0.14565708
vn -0.33295056 -0.9316265 -0.14565708
vn -0.49946877 -0.7698104 0.39739522
vn -0.49946877 -0.7698104 0.39739522
vn -0.56553394 -0.26962203 0.7794071
vn -0.56553394 -0.26962203 0.7794071
vn -0.6132095 0.4719088 0.6334637
vn -0.6132095 0.4719088 0.6334637
vn -0.36798584 0.9288626 -0.042435672
vn -0.36798584 0.9288626 -0.042435672
vn -0.02672726 0.6286279 -0.77724683
vn -0.02672726 0.6286279 -0.77724683
vn -0.36798584 0.9288626 -0.042435672
vn 0.4212865 0.8767798 0.23189393
vn 0.4136923 0.8717706 0.26244
vn 0.4212865 0.8767798 0.23189393
vn 0.37918407 0.8683576 0.31964746
vn 0.4212865 0.8767798 0.23189393
vn 0.4136923 0.8717706 0.26244
vn 0.4065009 0.85980964 0.30900535
vn 0.37918407 0.8683576 0.31964746
vn 0.37918407 0.8683576 0.31964746
vn 0.25603554 0.86472493 0.43208396
vn 0.25603554 0.86472493 0.43208396
vn 0.16415612 0.9016471 0.40010664
vn 0.25603554 0.86472493 0.43208396
vn 0.37918407 0.8683576 0.31964746
vn 0.16415612 0.9016471 0.40010664
vn 0.16415612 0.9016471 0.40010664
vn 0.13580804 0.9361004 0.32445672
vn 0.13580804 0.9361004 0.32445672
vn 0.09252995 0.9624641 0.25514907
vn 0.09252995 0.9624641 0.25514907
vn 0.09252995 0.9624641 0.25514907
vn 0.056425545 0.9796554 0.19259156
vn 0.056425545 0.9796554 0.19259156
vn 0.056425545 0.9796554 0.19259156
vn 0.091792464 0.98707837 0.13134085
vn 0.056425545 0.9796554 0.19259156
vn 0.091792464 0.98707837 0.13134085
vn 0.14272316 0.98546296 0.09215663
vn 0.14272316 0.98546296 0.09215663
vn 0.08976663 0.9908215 0.10106775
vn 0.08976663 0.9908215 0.10106775
vn 0.012492845 0.98974127 0.14232413
vn 0.012492845 0.98974127 0.14232413
vn 0.011978018 0.9809802 0.19373761
vn 0.011978018 0.9809802 0.19373761
vn 0.008340466 0.9713532 0.23749405
vn 0.008340466 0.9713532 0.23749405
vn -0.009619725 0.96610636 0.25796503
vn -0.009619725 0.96610636 0.25796503
vn 0.4136923 0.8717706 0.26244
vn 0.4065009 0.85980964 0.30900535
vn 0.3990399 0.8321927 0.38499665
vn 0.4065009 0.85980964 0.30900535
vn 0.3990399 0.8321927 0.38499665
vn 0.3990399 0.8321927 0.38499665
vn 0.39086148 0.8150998 0.42759752
vn 0.39086148 0.8150998 0.42759752
vn 0.98401415 0.09072276 -0.15324998
vn 0.98976135 0.09130065 -0.10971165
vn 0.98401415 0.09072276 -0.15324998
vn 0.98976135 0.09130065 -0.10971165
vn 0.9933981 0.08143917 0.08079577
vn 0.9933981 0.08143917 0.08079577
vn 0.8327021 0.04852253 0.55159104
vn 0.8327021 0.04852253 0.55159104
vn 0.8471347 0.05130804 0.52889526
vn 0.8471347 0.05130804 0.52889526
vn 0.994492 0.08607349 0.059807714
vn 0.994492 0.08607349 0.059807714
vn 0.8970265 0.10991935 -0.42809018
vn 0.8970265 0.10991935 -0.42809018
vn 0.5467478 0.1139684 -0.8295047
vn 0.5467478 0.1139684 -0.8295047
vn 0.5216892 0.11024592 -0.84598243
vn 0.5216892 0.11024592 -0.84598243
vn 0.72134316 0.109817654 -0.68381584
vn 0.72134316 0.109817654 -0.68381584
vn 0.5924461 0.11254277 -0.7977103
vn 0.5924461 0.11254277 -0.7977103
vn 0.39295492 0.11105094 -0.91282755
vn 0.39295492 0.11105094 -0.91282755
vn 0.46455178 0.110464215 -0.87862927
vn 0.46455178 0.110464215 -0.87862927
vn 0.2815796 0.11069208 -0.9531318
vn 0.2815796 0.11069208 -0.9531318
vn -0.03039843 0.101421334 -0.99437904
vn -0.03039843 0.101421334 -0.99437904
vn 0.98926806 0.14522168 0.016106432
vn 0.98926806 0.14522168 0.016106432
vn 0.94835174 0.20161481 0.2449091
vn 0.94835174 0.20161481 0.2449091
vn 0.9111369 0.20389387 0.35812956
vn 0.9111369 0.20389387 0.35812956
vn -0.0 -0.9848077 -0.17364827
vn -0.0 -0.9848077 -0.17364827
vn -0.0 -0.9848077 -0.17364827
vn -0.0 -0.9848077 -0.17364827
vn -0.21972038 -0.77668035 -0.59033096
vn -0.21972038 -0.77668035 -0.59033096
vn -0.21972038 -0.77668035 -0.59033096
vn -0.21972038 -0.77668035 -0.59033096
vn -0.20761952 -0.77575654 -0.5958993
vn -0.2139511 -0.79115874 -0.57296836
vn -0.20106636 -0.8290227 -0.52181774
vn -0.20106636 -0.8290227 -0.52181774
vn -0.20106636 -0.8290227 -0.52181774
vn -0.20106636 -0.8290227 -0.52181774
vn -0.8032677 -0.17876142 -0.5681595
vn -0.8032677 -0.17876142 -0.5681595
vn -0.8032677 -0.17876142 -0.5681595
vn -0.8508016 -0.11254678 -0.51329327
vn -0.8508016 -0.11254678 -0.51329327
vn -0.8508016 -0.11254678 -0.51329327
vn -0.8508016 -0.11254678 -0.51329327
vn -0.98156464 -0.11386231 -0.15351297
vn -0.98156464 -0.11386231 -0.15351297
vn -0.98156464 -0.11386231 -0.15351297
vn -0.98156464 -0.11386231 -0.15351297
vn -0.6062043 -0.7696972 -0.20020652
vn -0.6062043 -0.7696972 -0.20020652
vn -0.6062043 -0.7696972 -0.20020652
vn -0.6062043 -0.7696972 -0.20020652
vn -0.5795124 -0.78656614 -0.21325816
vn -0.5795124 -0.78656614 -0.21325816
vn -0.5559426 -0.80007374 -0.22541013
vn -0.5559426 -0.80007374 -0.22541013
vn -0.82064825 -0.5399281 -0.18712032
vn -0.82064825 -0.5399281 -0.18712032
vn -0.82064825 -0.5399281 -0.18712032
vn -0.82064825 -0.5399281 -0.18712032
vn -0.74622846 -0.64596885 0.16083339
vn -0.74622846 -0.64596885 0.16083339
vn -0.74622846 -0.64596885 0.16083339
vn -0.74622846 -0.64596885 0.16083339
vn -0.7646822 -0.62799597 0.14450714
vn -0.7646822 -0.62799597 0.14450714
vn -0.7997299 -0.5783831 0.1609505
vn -0.7997299 -0.5783831 0.1609505
vn -0.7997299 -0.5783831 0.1609505
vn -0.7997299 -0.5783831 0.1609505
vn -0.52672637 -0.81171185 -0.2523554
vn -0.52672637 -0.81171185 -0.2523554
vn -0.52672637 -0.81171185 -0.2523554
vn -0.52672637 -0.81171185 -0.2523554
vn -0.49326938 -0.8205673 -0.2887119
vn -0.49326938 -0.8205673 -0.2887119
vn -0.49326938 -0.8205673 -0.2887119
vn -0.49326938 -0.8205673 -0.2887119
vn -0.5266428 -0.8077526 -0.26492095
vn -0.5266428 -0.8077526 -0.26492095
vn -0.5266428 -0.8077526 -0.26492095
vn -0.28896612 -0.91344416 -0.28656295
vn -0.28896612 -0.91344416 -0.28656295
vn -0.28896612 -0.91344416 -0.28656295
vn -0.28896612 -0.91344416 -0.28656295
vn -0.28260624 -0.9121281 -0.29691088
vn -0.010984167 -0.95453554 -0.2978947
vn -0.010984167 -0.95453554 -0.2978947
vn -0.010984167 -0.95453554 -0.2978947
vn -0.010984167 -0.95453554 -0.2978947
vn -0.011430443 -0.9424287 -0.3342118
vn -0.011430443 -0.9424287 -0.3342118
vn -0.0488562 -0.9399392 -0.33782747
vn -0.022854678 -0.9305212 -0.3655242
vn -0.0488562 -0.9399392 -0.33782747
vn -0.0488562 -0.9399392 -0.33782747
vn -0.0488562 -0.9399392 -0.33782747
vn 0.1503602 -0.9439276 -0.29392603
vn 0.1503602 -0.9439276 -0.29392603
vn 0.1503602 -0.9439276 -0.29392603
vn 0.1503602 -0.9439276 -0.29392603
vn 0.14931613 -0.94220567 -0.29992202
vn 0.24738623 -0.9251579 -0.28789392
vn 0.24738623 -0.9251579 -0.28789392
vn 0.24738623 -0.9251579 -0.28789392
vn 0.24794354 -0.9186019 -0.30772492
vn 0.24794354 -0.9186019 -0.30772492
vn 0.23217477 -0.92132694 -0.3118519
vn 0.23217477 -0.92132694 -0.3118519
vn 0.25074682 -0.90344304 -0.34773085
vn 0.25074682 -0.90344304 -0.34773085
vn 0.16265494 -0.9116744 -0.37735015
vn 0.16265494 -0.9116744 -0.37735015
vn 0.16265494 -0.9116744 -0.37735015
vn 0.17494795 -0.90902215 -0.37824848
vn -0.60094935 -0.771843 -0.2076494
vn -0.60094935 -0.771843 -0.2076494
vn -0.60094935 -0.771843 -0.2076494
vn 0.9626613 0.11972412 -0.24279484
vn 0.96443766 0.11573697 -0.23762363
vn 0.96443766 0.11573697 -0.23762363
vn 0.9626613 0.11972412 -0.24279484
vn 0.9548703 0.15988004 -0.250322
vn 0.9608409 0.12370577 -0.24795492
vn 0.9608409 0.12370577 -0.24795492
vn 0.94891495 0.17105372 -0.2651434
vn 0.9548703 0.15988004 -0.250322
vn 0.96046275 0.14864556 -0.23540553
vn 0.9469032 -0.12133093 -0.29774672
vn 0.9469032 -0.12133093 -0.29774672
vn 0.9469032 -0.12133093 -0.29774672
vn 0.9469032 -0.12133093 -0.29774672
vn 0.9469032 -0.12133093 -0.29774672
vn 0.92184836 -0.22072776 -0.31855115
vn 0.92184836 -0.22072776 -0.31855115
vn 0.92184836 -0.22072776 -0.31855115
vn 0.92184836 -0.22072776 -0.31855115
vn 0.87028646 -0.37776107 -0.31606662
vn 0.87028646 -0.37776107 -0.31606662
vn 0.87028646 -0.37776107 -0.31606662
vn 0.87028646 -0.37776107 -0.31606662
vn 0.7559489 -0.5607361 -0.3378111
vn 0.7559489 -0.5607361 -0.3378111
vn 0.7559489 -0.5607361 -0.3378111
vn 0.7559489 -0.5607361 -0.3378111
vn 0.45868644 -0.8486479 -0.26344544
vn 0.45868644 -0.8486479 -0.26344544
vn 0.45868644 -0.8486479 -0.26344544
vn 0.45868644 -0.8486479 -0.26344544
vn 0.4072688 -0.8728702 -0.26875588
vn 0.4072688 -0.8728702 -0.26875588
vn 0.4072688 -0.8728702 -0.26875588
vn 0.4072688 -0.8728702 -0.26875588
vn 0.51672864 -0.6342865 -0.5750411
vn 0.51672864 -0.6342865 -0.5750411
vn 0.51672864 -0.6342865 -0.5750411
vn 0.51672864 -0.6342865 -0.5750411
vn 0.77917486 -0.14690095 -0.60934937
vn 0.77917486 -0.14690095 -0.60934937
vn 0.77917486 -0.14690095 -0.60934937
vn 0.77917486 -0.14690095 -0.60934937
vn 0.7231713 -0.6391879 -0.26165274
vn 0.7231713 -0.6391879 -0.26165274
vn 0.7231713 -0.6391879 -0.26165274
vn 0.7231713 -0.6391879 -0.26165274
vn 0.9674737 0.17706802 -0.18066993
vn 0.9674737 0.17706802 -0.18066993
vn 0.9674737 0.17706802 -0.18066993
vn 0.97420686 0.083815925 -0.20951328
vn 0.973362 0.07032438 -0.21822196
vn 0.97420686 0.083815925 -0.20951328
vn 0.973362 0.07032438 -0.21822196
vn 0.9747999 0.09728578 -0.20075041
vn 0.9747999 0.09728578 -0.20075041
vn 0.29844072 -0.85822445 -0.417593
vn 0.29844072 -0.85822445 -0.417593
vn 0.29844072 -0.85822445 -0.417593
vn 0.29844072 -0.85822445 -0.417593
vn 0.81674373 -0.33681118 -0.46849525
vn 0.81674373 -0.33681118 -0.46849525
vn 0.81674373 -0.33681118 -0.46849525
vn 0.81674373 -0.33681118 -0.46849525
vn 0.6831483 -0.15782261 -0.71302205
vn 0.6831483 -0.15782261 -0.71302205
vn 0.6831483 -0.15782261 -0.71302205
vn 0.6831483 -0.15782261 -0.71302205
vn 0.48240173 0.051622327 -0.8744277
vn 0.48240173 0.051622327 -0.8744277
vn 0.48240173 0.051622327 -0.8744277
vn 0.48240173 0.051622327 -0.8744277
vn 0.4719683 -0.34255704 -0.8123427
vn 0.4719683 -0.34255704 -0.8123427
vn 0.4719683 -0.34255704 -0.8123427
vn 0.4719683 -0.34255704 -0.8123427
vn 0.52597255 -0.21093886 -0.82392824
vn 0.52597255 -0.21093886 -0.82392824
vn 0.52597255 -0.21093886 -0.82392824
vn 0.52597255 -0.21093886 -0.82392824
vn 0.5006991 -0.1857492 -0.8454571
vn 0.5006991 -0.1857492 -0.8454571
vn -0.37057155 -0.71912354 -0.5878249
vn -0.37057155 -0.71912354 -0.5878249
vn -0.37057155 -0.71912354 -0.5878249
vn -0.37057155 -0.71912354 -0.5878249
vn -0.36224696 -0.49787986 -0.7879675
vn -0.36224696 -0.49787986 -0.7879675
vn -0.36224696 -0.49787986 -0.7879675
vn 0.003809611 -0.67006505 -0.7422926
vn 0.003809611 -0.67006505 -0.7422926
vn 0.003809611 -0.67006505 -0.7422926
vn 0.003809611 -0.67006505 -0.7422926
vn 0.07197798 -0.6266264 -0.7759888
vn 0.07197798 -0.6266264 -0.7759888
vn 0.07197798 -0.6266264 -0.7759888
vn 0.07197798 -0.6266264 -0.7759888
vn 0.40434796 -0.36781844 -0.83738416
vn 0.40434796 -0.36781844 -0.83738416
vn 0.40434796 -0.36781844 -0.83738416
vn 0.40434796 -0.36781844 -0.83738416
vn 0.40434796 -0.36781844 -0.83738416
vn 0.15839037 0.19530655 -0.9678677
vn 0.15839037 0.19530655 -0.9678677
vn 0.15839037 0.19530655 -0.9678677
vn 0.15839037 0.19530655 -0.9678677
vn 0.01336627 0.13291818 -0.9910369
vn 0.01336627 0.13291818 -0.9910369
vn 0.01336627 0.13291818 -0.9910369
vn 0.01336627 0.13291818 -0.9910369
vn 0.0417247 0.14837898 -0.98805
vn 0.0417247 0.14837898 -0.98805
vn -0.671686 -0.12616852 -0.73001325
vn -0.671686 -0.12616852 -0.73001325
vn -0.671686 -0.12616852 -0.73001325
vn -0.671686 -0.12616852 -0.73001325
vn -0.63746005 -0.2808124 -0.717488
vn -0.63746005 -0.2808124 -0.717488
vn -0.63746005 -0.2808124 -0.717488
vn -0.63746005 -0.2808124 -0.717488
vn -0.7585886 0.06843064 -0.64796644
vn -0.7585886 0.06843064 -0.64796644
vn -0.7585886 0.06843064 -0.64796644
vn 0.11702586 -0.6160311 -0.7789805
vn 0.11702586 -0.6160311 -0.7789805
vn 0.11702586 -0.6160311 -0.7789805
vn 0.11702586 -0.6160311 -0.7789805
vn 0.8619778 0.37512058 -0.34099674
vn 0.8619778 0.37512058 -0.34099674
vn 0.8619778 0.37512058 -0.34099674
vn 0.8619778 0.37512058 -0.34099674
vn -7.6550396E-7 -0.98480785 -0.17364769
vn -7.6550396E-7 -0.98480785 -0.17364769
vn -7.6550396E-7 -0.98480785 -0.17364769
vn -7.6550396E-7 -0.98480785 -0.17364769
vn -2.8337931E-6 -0.98480713 -0.1736516
vn -1.5545168E-6 -0.9848078 -0.1736478
vn -1.5545168E-6 -0.9848078 -0.1736478
vn -1.1883955E-6 -0.9848079 -0.17364715
vn -1.1883955E-6 -0.9848079 -0.17364715
vn 9.513448E-7 -0.9848079 -0.17364708
vn -1.4815648E-4 -0.9844829 -0.1754804
vn -1.4815648E-4 -0.9844829 -0.1754804
vn -1.538609E-7 -0.98480725 -0.1736512
vn -1.538609E-7 -0.98480725 -0.1736512
vn 0.0029668289 -0.9824029 -0.18675052
vn 0.0029668289 -0.9824029 -0.18675052
vn -0.0059030317 -0.98318017 -0.1825431
vn -0.0058277654 -0.98546195 -0.16979621
vn -0.0058277654 -0.98546195 -0.16979621
vn -0.0058277654 -0.98546195 -0.16979621
vn -0.0058277654 -0.98546195 -0.16979621
vn -0.025011146 -0.83677655 -0.54697293
vn -0.025011146 -0.83677655 -0.54697293
vn -0.025011146 -0.83677655 -0.54697293
vn -0.025011146 -0.83677655 -0.54697293
vn 0.6061254 -0.49198896 -0.62494713
vn 0.6061254 -0.49198896 -0.62494713
vn 0.6061254 -0.49198896 -0.62494713
vn 0.025340077 -0.6160889 -0.78726894
vn 0.025340077 -0.6160889 -0.78726894
vn 0.025340077 -0.6160889 -0.78726894
vn 0.025340077 -0.6160889 -0.78726894
vn -0.003228255 -0.5705696 -0.8212429
vn -0.003228255 -0.5705696 -0.8212429
vn -0.003228255 -0.5705696 -0.8212429
vn -0.003228255 -0.5705696 -0.8212429
vn -0.62156415 0.5055479 -0.59839725
vn -0.62156415 0.5055479 -0.59839725
vn -0.62156415 0.5055479 -0.59839725
vn 0.9548703 0.15988004 -0.250322
vn 0.94891495 0.17105372 -0.2651434
vn 0.94891495 0.17105372 -0.2651434
vn -0.0027740237 0.1225498 -0.9924585
vn -0.0027740237 0.1225498 -0.9924585
vn -0.0027740237 0.1225498 -0.9924585
vn -0.0027740237 0.1225498 -0.9924585
vn -0.69451505 0.4318502 -0.5754601
vn -0.69451505 0.4318502 -0.5754601
vn -0.69451505 0.4318502 -0.5754601
vn -0.005400795 0.65298796 -0.757349
vn -0.005400795 0.65298796 -0.757349
vn -0.005400795 0.65298796 -0.757349
vn -0.005400795 0.65298796 -0.757349
vn -0.47803104 -0.82428145 -0.3033914
vn -0.47803104 -0.82428145 -0.3033914
vn -0.47803104 -0.82428145 -0.3033914
vn -0.47803104 -0.82428145 -0.3033914
vn 0.024252284 -0.8433068 -0.53688496
vn 0.024252284 -0.8433068 -0.53688496
vn 0.024252284 -0.8433068 -0.53688496
vn 0.024252284 -0.8433068 -0.53688496
vn -0.009738927 0.71230245 -0.70180506
vn -0.009738927 0.71230245 -0.70180506
vn -0.009738927 0.71230245 -0.70180506
vn -0.009738927 0.71230245 -0.70180506
vn 0.80183244 0.5598889 -0.2087802
vn 0.9986145 0.025056412 -0.046272907
vn 0.8122326 0.5658462 0.14176123
vn 0.9107553 0.016193934 -0.41262895
vn 0.8945146 -0.4038643 -0.19166984
vn 0.77278 -0.34121212 -0.5351498
vn 0.28977153 -0.23465592 -0.9278842
vn 0.37392512 -0.017812105 -0.9272879
vn 0.39669743 0.5486307 -0.73595893
vn 0.2835764 0.95820457 -0.037794344
vn 0.24849431 0.92574894 0.2850255
vn 0.39165813 -0.8599675 -0.32719985
vn 0.32944873 -0.66535467 -0.6699005
vn -0.0 -0.212924 -0.9770688
vn -0.0 -0.03798215 -0.9992784
vn -0.0 0.5289012 -0.8486834
vn -0.0 0.99872637 -0.05045475
vn -0.0 0.95214695 0.3056407
vn -0.0 0.5289012 -0.8486834
vn -0.0 0.5289012 -0.8486834
vn -0.0 -0.9415974 -0.33674073
vn -0.0 -0.72604847 -0.6876436
vn -0.80184466 0.5598824 -0.20875047
vn -0.9986145 0.025056444 -0.046273034
vn -0.91076326 0.016192896 -0.4126113
vn -0.81223786 0.56583893 0.14176023
vn -0.8945132 -0.40386716 -0.19167039
vn -0.77278477 -0.34121695 -0.5351398
vn -0.28978044 -0.23466142 -0.92788005
vn -0.37394312 -0.017813137 -0.92728055
vn -0.3967173 0.5486329 -0.73594654
vn -0.28358763 0.95820165 -0.037784133
vn -0.24850258 0.92574674 0.28502527
vn -0.39165476 -0.85996884 -0.32720056
vn -0.32944545 -0.6653596 -0.6698972
vn -0.0 -0.21292453 -0.97706866
vn -0.0 -0.037982102 -0.9992784
vn -0.0 0.5288862 -0.8486928
vn -0.0 0.9987255 -0.050472315
vn -0.0 0.95214725 0.30563962
vn -0.0 0.5288862 -0.8486928
vn -0.0 0.5288862 -0.8486928
vn -0.0 -0.94159675 -0.33674246
vn -0.0 -0.72604877 -0.6876433
vn -0.91567147 -0.3594517 -0.17983386
vn -0.6967027 -0.6608585 -0.27905437
vn -0.91567147 -0.3594517 -0.17983386
vn -0.6967027 -0.6608585 -0.27905437
vn -0.37558776 -0.8602963 -0.3447088
vn -0.37558776 -0.8602963 -0.3447088
vn -1.8748951E-6 -0.9299663 -0.3676449
vn -1.8748951E-6 -0.9299663 -0.3676449
vn 0.37558633 -0.86029655 -0.34470972
vn 0.37558633 -0.86029655 -0.34470972
vn 0.28484136 -0.8929935 -0.3484653
vn 0.28484136 -0.8929935 -0.3484653
vn 0.97541046 -0.18422268 -0.120981015
vn 0.9981204 6.9736893E-4 -0.06127863
vn 0.9981204 6.9736893E-4 -0.06127863
vn 0.9287498 0.3659876 0.058965247
vn 0.9287498 0.3659876 0.058965247
vn 0.6650962 0.7251647 0.17827855
vn 0.71520716 0.6798149 0.16226685
vn 0.44755206 0.865608 0.22454408
vn 0.44875526 0.8673952 0.21504453
vn -2.2805284E-7 0.96650845 0.25663486
vn -2.2805284E-7 0.96650845 0.25663486
vn -0.38867038 0.89168835 0.23200686
vn -0.38867038 0.89168835 0.23200686
vn -0.7152064 0.6798157 0.1622668
vn -0.7152064 0.6798157 0.1622668
vn -0.9287501 0.36598682 0.05896502
vn -0.9287501 0.36598682 0.05896502
vn -0.9981204 6.9512054E-4 -0.061279472
vn -0.9981204 6.9512054E-4 -0.061279472
vn -0.91567147 -0.3594517 -0.17983386
vn -0.91567147 -0.3594517 -0.17983386
vn 0.6774075 0.7178646 0.16059124
vn 0.77114344 0.6235031 0.12877044
vn 0.8512806 0.51471865 0.101911224
vn 0.92875165 0.36598298 0.05896405
vn 0.92875165 0.36598298 0.05896405
vn 0.9981205 6.9189235E-4 -0.06127808
vn 0.9981205 6.9189235E-4 -0.06127808
vn 0.91567194 -0.35945216 -0.17983072
vn 0.91567194 -0.35945216 -0.17983072
vn 0.69670063 -0.6608585 -0.27905956
vn 0.69670063 -0.6608585 -0.27905956
vn 0.5460343 -0.7759558 -0.31581524
vn 0.14122768 0.056203555 -0.98838043
vn 0.17966275 0.17173904 -0.9686212
vn 0.14122768 0.056203555 -0.98838043
vn 0.17966275 0.17173904 -0.9686212
vn 0.12429642 0.2865828 -0.94995826
vn 0.12429642 0.2865828 -0.94995826
vn -0.0 0.33462694 -0.9423507
vn -0.0 0.33462694 -0.9423507
vn -0.124302045 0.28658214 -0.9499577
vn -0.124302045 0.28658214 -0.9499577
vn -0.17966768 0.17173712 -0.9686206
vn -0.17966768 0.17173712 -0.9686206
vn -0.14122689 0.05620321 -0.98838055
vn -0.14122689 0.05620321 -0.98838055
vn -0.03697226 4.65416E-4 -0.9993162
vn -0.03697226 4.65416E-4 -0.9993162
vn 0.07325318 0.0294582 -0.9968782
vn 0.07325318 0.0294582 -0.9968782
vn 0.1282911 0.12294355 -0.9840865
vn 0.1282911 0.12294355 -0.9840865
vn 0.09685131 0.2236585 -0.9698436
vn 0.09685131 0.2236585 -0.9698436
vn -0.0 0.2668873 -0.9637277
vn -0.0 0.2668873 -0.9637277
vn -0.09684444 0.22365868 -0.9698443
vn -0.09684444 0.22365868 -0.9698443
vn -0.12828428 0.12294325 -0.98408747
vn -0.12828428 0.12294325 -0.98408747
vn -0.07325321 0.029458094 -0.9968782
vn -0.07325321 0.029458094 -0.9968782
vn 0.036972377 4.6545075E-4 -0.9993162
vn 0.036972377 4.6545075E-4 -0.9993162
vn 0.036972377 4.6545075E-4 -0.9993162
vn 0.93684137 0.34907576 0.021778809
vn 0.72871566 0.6736445 0.123193
vn 0.93684137 0.34907576 0.021778809
vn 0.72871566 0.6736445 0.123193
vn 0.39883652 0.89725 0.18939862
vn 0.39883652 0.89725 0.18939862
vn 3.272733E-7 0.9772812 0.21194682
vn 3.272733E-7 0.9772812 0.21194682
vn -0.39883476 0.89725053 0.18939993
vn -0.39883476 0.89725053 0.18939993
vn -0.72871405 0.6736458 0.12319548
vn -0.72871405 0.6736458 0.12319548
vn -0.9368409 0.34907702 0.021780191
vn -0.9368409 0.34907702 0.021780191
vn -0.9856822 0.16488725 -0.03525343
vn -0.9856822 0.16488725 -0.03525343
vn 0.99503535 -0.020251192 -0.09743975
vn 0.99503535 -0.020251192 -0.09743975
vn 0.90169096 -0.3757289 -0.21396552
vn 0.90169096 -0.3757289 -0.21396552
vn 0.90169096 -0.3757289 -0.21396552
vn 0.6784468 -0.66613394 -0.309799
vn 0.6784468 -0.66613394 -0.309799
vn 0.36283684 -0.8543446 -0.37208167
vn 0.36283684 -0.8543446 -0.37208167
vn -6.5948063E-7 -0.9192848 -0.39359295
vn -6.5948063E-7 -0.9192848 -0.39359295
vn -0.36283636 -0.85434467 -0.37208182
vn -0.36283636 -0.85434467 -0.37208182
vn -0.67844474 -0.6661354 -0.30980042
vn -0.67844474 -0.6661354 -0.30980042
vn -0.9016906 -0.37572983 -0.21396542
vn -0.9016906 -0.37572983 -0.21396542
vn -0.9663484 -0.20461366 -0.15589723
vn -0.9016906 -0.37572983 -0.21396542
vn -0.9663484 -0.20461366 -0.15589723
vn -0.07216903 0.24994996 -0.9655655
vn -0.05091901 0.23029608 -0.9717876
vn -0.07216903 0.24994996 -0.9655655
vn -0.05091901 0.23029608 -0.9717876
vn -0.026940871 0.2172112 -0.9757528
vn -0.026940871 0.2172112 -0.9757528
vn -3.1141874E-6 0.2121581 -0.9772354
vn -3.1141874E-6 0.2121581 -0.9772354
vn 0.02693776 0.21720977 -0.9757531
vn 0.02693776 0.21720977 -0.9757531
vn 0.050919026 0.23029494 -0.97178775
vn 0.050919026 0.23029494 -0.97178775
vn 0.07216905 0.24994847 -0.96556586
vn 0.07216905 0.24994847 -0.96556586
vn 0.0884295 0.2781838 -0.9564486
vn 0.0884295 0.2781838 -0.9564486
vn 0.09254324 0.3146066 -0.9447002
vn 0.09254324 0.3146066 -0.9447002
vn 0.07807804 0.35244843 -0.93256843
vn 0.07807804 0.35244843 -0.93256843
vn 0.044849236 0.38124263 -0.92338645
vn 0.044849236 0.38124263 -0.92338645
vn -0.0 0.39200473 -0.9199632
vn -0.0 0.39200473 -0.9199632
vn -0.04484942 0.38123745 -0.9233886
vn -0.04484942 0.38123745 -0.9233886
vn -0.07807172 0.35243863 -0.93257266
vn -0.07807172 0.35243863 -0.93257266
vn -0.09254977 0.31460392 -0.9447004
vn -0.09254977 0.31460392 -0.9447004
vn -0.08844254 0.27818465 -0.9564472
vn -0.08844254 0.27818465 -0.9564472
vn 0.91567117 -0.35945258 -0.17983381
vn 0.6967028 -0.66085845 -0.27905434
vn 0.6967028 -0.66085845 -0.27905434
vn 0.91567117 -0.35945258 -0.17983381
vn 0.3755881 -0.86029613 -0.3447087
vn 0.3755881 -0.86029613 -0.3447087
vn 7.8942963E-7 -0.92996633 -0.3676446
vn 7.8942963E-7 -0.92996633 -0.3676446
vn -0.37558708 -0.86029625 -0.34470955
vn -0.37558708 -0.86029625 -0.34470955
vn -0.28484136 -0.8929935 -0.34846523
vn -0.28484136 -0.8929935 -0.34846523
vn -0.97541046 -0.1842227 -0.12098122
vn -0.9981204 6.968296E-4 -0.061278824
vn -0.9981204 6.968296E-4 -0.061278824
vn -0.92875 0.36598706 0.05896506
vn -0.92875 0.36598706 0.05896506
vn -0.6650961 0.7251647 0.17827846
vn -0.71520716 0.6798149 0.16226692
vn -0.44755194 0.86560804 0.22454394
vn -0.44875634 0.8673947 0.21504483
vn -3.3447748E-7 0.9665085 0.25663456
vn -3.3447748E-7 0.9665085 0.25663456
vn 0.38866994 0.89168847 0.23200697
vn 0.38866994 0.89168847 0.23200697
vn 0.71520686 0.6798151 0.16226682
vn 0.71520686 0.6798151 0.16226682
vn 0.92875004 0.365987 0.05896498
vn 0.92875004 0.365987 0.05896498
vn 0.99812037 6.955004E-4 -0.061279476
vn 0.99812037 6.955004E-4 -0.061279476
vn 0.91567117 -0.35945258 -0.17983381
vn 0.91567117 -0.35945258 -0.17983381
vn -0.6762655 0.7188769 0.16087565
vn -0.77012604 0.62469196 0.12909608
vn -0.8500294 0.5166793 0.10243322
vn -0.9287515 0.36598364 0.058962576
vn -0.9287515 0.36598364 0.058962576
vn -0.9981204 6.923329E-4 -0.061278604
vn -0.9981204 6.923329E-4 -0.061278604
vn -0.91567206 -0.3594517 -0.17983104
vn -0.91567206 -0.3594517 -0.17983104
vn -0.696701 -0.66085815 -0.27905944
vn -0.696701 -0.66085815 -0.27905944
vn -0.5460343 -0.7759558 -0.31581524
vn -0.1412294 0.056203548 -0.9883802
vn -0.17966762 0.17173816 -0.9686204
vn -0.17966762 0.17173816 -0.9686204
vn -0.1412294 0.056203548 -0.9883802
vn -0.12429943 0.2865824 -0.94995797
vn -0.12429943 0.2865824 -0.94995797
vn -0.0 0.33462706 -0.9423506
vn -0.0 0.33462706 -0.9423506
vn 0.12430197 0.28658175 -0.94995785
vn 0.12430197 0.28658175 -0.94995785
vn 0.1796718 0.17173733 -0.9686198
vn 0.1796718 0.17173733 -0.9686198
vn 0.14122948 0.056203634 -0.98838013
vn 0.14122948 0.056203634 -0.98838013
vn 0.036970846 4.654437E-4 -0.9993163
vn 0.036970846 4.654437E-4 -0.9993163
vn -0.07324786 0.029458223 -0.9968786
vn -0.07324786 0.029458223 -0.9968786
vn -0.12828754 0.12294319 -0.98408705
vn -0.12828754 0.12294319 -0.98408705
vn -0.09685446 0.2236575 -0.96984357
vn -0.09685446 0.2236575 -0.96984357
vn 1.8564924E-6 0.2668869 -0.96372783
vn 1.8564924E-6 0.2668869 -0.96372783
vn 0.09685348 0.22365873 -0.9698434
vn 0.09685348 0.22365873 -0.9698434
vn 0.12829499 0.122943364 -0.98408604
vn 0.12829499 0.122943364 -0.98408604
vn 0.0732635 0.029458225 -0.99687743
vn 0.0732635 0.029458225 -0.99687743
vn 0.0732635 0.029458225 -0.99687743
vn -0.036967106 4.6555052E-4 -0.9993164
vn -0.036967106 4.6555052E-4 -0.9993164
vn -0.036967106 4.6555052E-4 -0.9993164
vn -0.9368411 0.34907657 0.021778973
vn -0.7287163 0.6736438 0.12319274
vn -0.7287163 0.6736438 0.12319274
vn -0.9368411 0.34907657 0.021778973
vn -0.39883825 0.8972492 0.1893987
vn -0.39883825 0.8972492 0.1893987
vn -3.577174E-7 0.9772811 0.21194734
vn -3.577174E-7 0.9772811 0.21194734
vn 0.39883584 0.8972501 0.1893996
vn 0.39883584 0.8972501 0.1893996
vn 0.728714 0.673646 0.12319492
vn 0.728714 0.673646 0.12319492
vn 0.9368407 0.34907755 0.021779936
vn 0.9368407 0.34907755 0.021779936
vn 0.9950355 -0.02025081 -0.09743783
vn 0.9950355 -0.02025081 -0.09743783
vn 0.90169036 -0.37572998 -0.21396613
vn 0.90169036 -0.37572998 -0.21396613
vn 0.90169036 -0.37572998 -0.21396613
vn 0.6784443 -0.6661354 -0.30980137
vn 0.6784443 -0.6661354 -0.30980137
vn 0.3628367 -0.85434455 -0.37208197
vn 0.3628367 -0.85434455 -0.37208197
vn 7.0496225E-7 -0.9192847 -0.39359322
vn 7.0496225E-7 -0.9192847 -0.39359322
vn -0.3628366 -0.85434484 -0.3720814
vn -0.3628366 -0.85434484 -0.3720814
vn -0.67844564 -0.6661351 -0.30979946
vn -0.67844564 -0.6661351 -0.30979946
vn -0.90169024 -0.37573034 -0.21396594
vn -0.90169024 -0.37573034 -0.21396594
vn -0.99503535 -0.02025164 -0.09743958
vn -0.90169024 -0.37573034 -0.21396594
vn -0.99503535 -0.02025164 -0.09743958
vn 0.072174184 0.2499504 -0.96556497
vn 0.050921205 0.23029535 -0.9717876
vn 0.050921205 0.23029535 -0.9717876
vn 0.072174184 0.2499504 -0.96556497
vn 0.02693932 0.21721089 -0.9757529
vn 0.02693932 0.21721089 -0.9757529
vn 1.1456411E-7 0.21215875 -0.9772352
vn 1.1456411E-7 0.21215875 -0.9772352
vn -0.026937637 0.21720965 -0.9757532
vn -0.026937637 0.21720965 -0.9757532
vn -0.050920524 0.23029545 -0.9717876
vn -0.050920524 0.23029545 -0.9717876
vn -0.072176084 0.24994847 -0.9655653
vn -0.072176084 0.24994847 -0.9655653
vn -0.088443704 0.2781831 -0.95644754
vn -0.088443704 0.2781831 -0.95644754
vn -0.0925552 0.31460625 -0.94469917
vn -0.0925552 0.31460625 -0.94469917
vn -0.0780798 0.3524474 -0.9325687
vn -0.0780798 0.3524474 -0.9325687
vn -0.044850856 0.3812422 -0.92338663
vn -0.044850856 0.3812422 -0.92338663
vn -0.0 0.39200476 -0.9199632
vn -0.0 0.39200476 -0.9199632
vn 0.044849414 0.38123757 -0.9233886
vn 0.044849414 0.38123757 -0.9233886
vn 0.07806662 0.3524386 -0.93257314
vn 0.07806662 0.3524386 -0.93257314
vn 0.092538245 0.3146034 -0.94470173
vn 0.092538245 0.3146034 -0.94470173
vn 0.08843747 0.27818468 -0.95644766
vn 0.08843747 0.27818468 -0.95644766
vn 0.0018623197 0.96410346 -0.26552036
vn -0.0 0.95752937 0.28833577
vn -0.0 0.95752937 0.28833577
vn 0.0018623197 0.96410346 -0.26552036
vn 0.0016171364 0.4887502 -0.8724223
vn 0.0016171364 0.4887502 -0.8724223
vn -2.1563028E-6 0.18125197 -0.9834367
vn -2.1563028E-6 0.18125197 -0.9834367
vn -0.0 0.05577161 -0.99844354
vn -0.0 0.05577161 -0.99844354
vn -0.0 0.043029767 -0.9990738
vn -0.0 0.043029767 -0.9990738
vn -0.0 0.058471274 -0.9982891
vn -0.0 0.058471274 -0.9982891
vn 0.28484136 -0.8929935 -0.3484653
vn -0.28484136 -0.8929935 -0.34846523
vn 0.28484136 -0.8929935 -0.3484653
vn -0.28484136 -0.8929935 -0.34846523
vn -0.06510706 -0.8272896 -0.5579901
vn -0.06510706 -0.8272896 -0.5579901
vn -0.06510706 -0.8272896 -0.5579901
vn -0.06510706 -0.8272896 -0.5579901
vn -0.89256513 -0.41473815 -0.17697397
vn -0.89256513 -0.41473815 -0.17697397
vn -0.89256513 -0.41473815 -0.17697397
vn -0.89256513 -0.41473815 -0.17697397
vn -0.827425 0.41254422 0.38101855
vn -0.827425 0.41254422 0.38101855
vn -0.827425 0.41254422 0.38101855
vn -0.827425 0.41254422 0.38101855
vn 0.065106936 0.8272894 0.55799043
vn 0.065106936 0.8272894 0.55799043
vn 0.065106936 0.8272894 0.55799043
vn 0.065106936 0.8272894 0.55799043
vn 0.89255667 0.41475436 0.1769786
vn 0.89255667 0.41475436 0.1769786
vn 0.89255667 0.41475436 0.1769786
vn 0.89255667 0.41475436 0.1769786
vn 0.8274396 -0.41252834 -0.38100398
vn 0.8274396 -0.41252834 -0.38100398
vn 0.8274396 -0.41252834 -0.38100398
vn 0.8274396 -0.41252834 -0.38100398
vn -0.098204724 0.5617554 -0.821454
vn -0.09817822 0.56176084 -0.82145345
vn -0.09815624 0.5617474 -0.8214653
vn -0.09815104 0.5617717 -0.8214493
vn -0.09817651 0.561774 -0.82144463
vn -0.09817886 0.5617553 -0.82145715
vn -0.0982019 0.5617611 -0.8214505
vn -0.063923396 -0.8106058 -0.5820929
vn -0.063923396 -0.8106058 -0.5820929
vn -0.063923396 -0.8106058 -0.5820929
vn -0.063923396 -0.8106058 -0.5820929
vn -0.89569014 -0.3779255 -0.2343321
vn -0.89569014 -0.3779255 -0.2343321
vn -0.89569014 -0.3779255 -0.2343321
vn -0.89569014 -0.3779255 -0.2343321
vn -0.83179265 0.4326642 0.34773928
vn -0.83179265 0.4326642 0.34773928
vn -0.83179265 0.4326642 0.34773928
vn -0.83179265 0.4326642 0.34773928
vn 0.06394648 0.81060266 0.58209455
vn 0.06394648 0.81060266 0.58209455
vn 0.06394648 0.81060266 0.58209455
vn 0.06394648 0.81060266 0.58209455
vn 0.89569014 0.3779255 0.2343321
vn 0.89569014 0.3779255 0.2343321
vn 0.89569014 0.3779255 0.2343321
vn 0.89569014 0.3779255 0.2343321
vn 0.8317761 -0.43267977 -0.3477597
vn 0.8317761 -0.43267977 -0.3477597
vn 0.8317761 -0.43267977 -0.3477597
vn 0.8317761 -0.43267977 -0.3477597
vn -0.034688633 0.5847553 -0.8104677
vn -0.034682177 0.5847436 -0.8104764
vn -0.034667574 0.58474135 -0.8104786
vn -0.03466417 0.5847335 -0.8104845
vn -0.034690678 0.5847417 -0.81047744
vn -0.034693744 0.5847422 -0.81047696
vn -0.03468829 0.5847478 -0.8104732
vn 0.06391559 -0.81060684 -0.5820923
vn 0.06391559 -0.81060684 -0.5820923
vn 0.06391559 -0.81060684 -0.5820923
vn 0.06391559 -0.81060684 -0.5820923
vn 0.89569163 -0.3779225 -0.23433104
vn 0.89569163 -0.3779225 -0.23433104
vn 0.89569163 -0.3779225 -0.23433104
vn 0.89569163 -0.3779225 -0.23433104
vn 0.8317818 0.43267703 0.34774923
vn 0.8317818 0.43267703 0.34774923
vn 0.8317818 0.43267703 0.34774923
vn 0.8317818 0.43267703 0.34774923
vn -0.06395133 0.81060517 0.5820907
vn -0.06395133 0.81060517 0.5820907
vn -0.06395133 0.81060517 0.5820907
vn -0.06395133 0.81060517 0.5820907
vn -0.89568937 0.37792647 0.23433347
vn -0.89568937 0.37792647 0.23433347
vn -0.89568937 0.37792647 0.23433347
vn -0.89568937 0.37792647 0.23433347
vn -0.83177686 -0.43267977 -0.34775782
vn -0.83177686 -0.43267977 -0.34775782
vn -0.83177686 -0.43267977 -0.34775782
vn -0.83177686 -0.43267977 -0.34775782
vn 0.034687802 0.58475506 -0.8104679
vn 0.034660902 0.584741 -0.8104793
vn 0.034684002 0.5847417 -0.81047773
vn 0.03466662 0.58473533 -0.8104831
vn 0.034697004 0.58473516 -0.81048197
vn 0.03469758 0.5847348 -0.81048214
vn 0.034694105 0.5847491 -0.81047195
vn 0.065097064 -0.8272879 -0.5579938
vn 0.065097064 -0.8272879 -0.5579938
vn 0.065097064 -0.8272879 -0.5579938
vn 0.065097064 -0.8272879 -0.5579938
vn 0.89256316 -0.41474333 -0.17697152
vn 0.89256316 -0.41474333 -0.17697152
vn 0.89256316 -0.41474333 -0.17697152
vn 0.89256316 -0.41474333 -0.17697152
vn 0.8274285 0.41254056 0.38101488
vn 0.8274285 0.41254056 0.38101488
vn 0.8274285 0.41254056 0.38101488
vn 0.8274285 0.41254056 0.38101488
vn -0.06509585 0.82728803 0.55799377
vn -0.06509585 0.82728803 0.55799377
vn -0.06509585 0.82728803 0.55799377
vn -0.06509585 0.82728803 0.55799377
vn -0.89255875 0.41474995 0.17697816
vn -0.89255875 0.41474995 0.17697816
vn -0.89255875 0.41474995 0.17697816
vn -0.89255875 0.41474995 0.17697816
vn -0.827436 -0.41253233 -0.3810076
vn -0.827436 -0.41253233 -0.3810076
vn -0.827436 -0.41253233 -0.3810076
vn -0.827436 -0.41253233 -0.3810076
vn 0.09821089 0.5617579 -0.82145154
vn 0.098153904 0.56175035 -0.8214636
vn 0.098182246 0.56175816 -0.8214549
vn 0.09815721 0.5617647 -0.82145333
vn 0.09818233 0.5617638 -0.8214509
vn 0.098178566 0.5617516 -0.8214597
vn 0.09821045 0.56176007 -0.8214502
vn 0.37193558 0.8092416 -0.4547439
vn -0.34522206 0.2507329 -0.90440845
vn 0.37190506 0.23795621 -0.8972533
vn -0.34522134 0.8129946 -0.4688945
vn 0.85444826 0.51543075 -0.06518645
vn 0.8605455 -0.078475595 -0.5032922
vn 0.37506786 -0.4649007 -0.8019922
vn -0.37173226 -0.4618186 -0.805319
vn -0.84789914 -0.06369075 -0.52631783
vn -0.8413411 0.5337418 -0.085234165
vn -0.3650534 0.908472 0.20350575
vn 0.3684595 0.90622157 0.20736474
vn 0.9237669 0.31395948 0.21928087
vn 0.92375606 -0.31398335 -0.21929246
vn 0.3823866 -0.75753146 -0.5290809
vn -0.3824114 -0.7575198 -0.5290797
vn -0.92376727 -0.31395787 -0.21928154
vn -0.92376995 0.31395742 0.21927129
vn -0.38242 0.75751376 0.52908206
vn 0.3824105 0.75751317 0.5290898
vn 0.37196103 0.80923885 -0.45472792
vn -0.34518537 0.2507409 -0.9044203
vn 0.371953 0.23796819 -0.8972302
vn -0.34524727 0.81298685 -0.46888876
vn 0.85446167 0.5154094 -0.06517938
vn 0.86057776 -0.07845902 -0.50323963
vn 0.37512207 -0.4648895 -0.80197334
vn -0.3717002 -0.46181574 -0.80533546
vn -0.84787303 -0.06368742 -0.52636045
vn -0.8413548 0.53371936 -0.085238986
vn -0.36508816 0.9084538 0.20352453
vn 0.36847517 0.90621144 0.20738094
vn 0.9237669 0.31395948 0.21928087
vn 0.92376333 -0.31396893 -0.21928236
vn 0.38240424 -0.75752544 -0.52907676
vn -0.38239372 -0.75752574 -0.52908385
vn -0.92376 -0.31397232 -0.21929161
vn -0.92376995 0.31395742 0.21927129
vn -0.38242 0.75751376 0.52908206
vn 0.3824105 0.75751317 0.5290898
vn 0.371922 0.8092853 -0.45467716
vn -0.3451882 0.25073752 -0.90442014
vn 0.37186718 0.23794821 -0.8972711
vn -0.34519103 0.81304175 -0.46883506
vn 0.85442585 0.51547474 -0.06513189
vn 0.8605303 -0.0784774 -0.50331783
vn 0.37503266 -0.46489355 -0.8020128
vn -0.3717043 -0.46181262 -0.8053353
vn -0.847882 -0.06368462 -0.5263464
vn -0.8413153 0.53379 -0.08518671
vn -0.36499968 0.9084798 0.20356748
vn 0.36840189 0.9062317 0.2074225
vn 0.9237544 0.31399107 0.21928835
vn 0.92376435 -0.31397033 -0.21927606
vn 0.38240677 -0.75752807 -0.5290713
vn -0.3824114 -0.7575198 -0.5290797
vn -0.92376727 -0.31395787 -0.21928154
vn -0.9237626 0.3139719 0.21928139
vn -0.38240236 0.7575273 0.5290754
vn 0.38238028 0.7575377 0.5290764
vn 0.37189 0.80927235 -0.4547264
vn -0.34520882 0.25073263 -0.90441364
vn 0.37188804 0.23794433 -0.8972635
vn -0.34517547 0.81299835 -0.46892163
vn 0.8544138 0.51548964 -0.065172814
vn 0.86053574 -0.07847592 -0.50330883
vn 0.37504667 -0.46489072 -0.80200785
vn -0.37170878 -0.4618172 -0.80533063
vn -0.847887 -0.063694336 -0.526337
vn -0.8413124 0.5337798 -0.08527908
vn -0.3650042 0.9084995 0.20347163
vn 0.36838442 0.9062487 0.20737955
vn 0.9237502 0.31398568 0.21931371
vn 0.9237602 -0.3139649 -0.21930142
vn 0.38239664 -0.75751024 -0.52910393
vn -0.3823938 -0.75751823 -0.52909464
vn -0.92376 -0.31397232 -0.21929161
vn -0.92376053 0.31396917 0.21929406
vn -0.38239735 0.7575221 0.5290864
vn 0.3823702 0.7575275 0.52909833
vn -0.37194505 0.80924505 -0.45473
vn 0.34519964 0.25074163 -0.90441465
vn 0.34518954 0.8130013 -0.46890628
vn -0.37186348 0.2379493 -0.89727235
vn -0.85445434 0.5154222 -0.065174796
vn -0.86052316 -0.07848138 -0.50332946
vn -0.37502524 -0.46490213 -0.8020113
vn 0.37171817 -0.4618248 -0.80532193
vn 0.84788185 -0.06369009 -0.5263458
vn 0.84132934 0.53375626 -0.085260026
vn 0.36505285 0.90847415 0.20349732
vn -0.36847034 0.9062139 0.2073789
vn -0.9237708 0.31395164 0.21927603
vn -0.92375594 -0.3139837 -0.21929237
vn -0.38238636 -0.75753164 -0.5290807
vn 0.38238516 -0.75752854 -0.5290861
vn 0.92375624 -0.3139799 -0.21929668
vn 0.9237772 0.313943 0.21926111
vn 0.3824372 0.7575083 0.5290775
vn -0.38241974 0.7575097 0.5290881
vn -0.37196672 0.8092466 -0.45470947
vn 0.3451796 0.25074136 -0.90442234
vn 0.34524113 0.81300586 -0.46886042
vn -0.37193608 0.23795836 -0.89723986
vn -0.8544634 0.51540804 -0.06516775
vn -0.86056876 -0.07847053 -0.5032531
vn -0.375097 -0.46489543 -0.80198157
vn 0.37169316 -0.46180856 -0.80534285
vn 0.8478715 -0.0636838 -0.52636325
vn 0.8413442 0.5337404 -0.085212685
vn 0.36505845 0.9084593 0.20355323
vn -0.3684719 0.90620935 0.20739608
vn -0.9237671 0.3139588 0.21928102
vn -0.9237633 -0.3139693 -0.21928231
vn -0.38240394 -0.7575257 -0.5290765
vn 0.38240275 -0.7575225 -0.52908194
vn 0.9237635 -0.3139654 -0.2192866
vn 0.9237626 0.3139719 0.21928127
vn 0.38240194 0.7575202 0.5290859
vn -0.38241088 0.7575127 0.5290901
vn -0.3719141 0.8092862 -0.4546821
vn 0.34518614 0.2507383 -0.90442073
vn 0.3451952 0.813034 -0.4688455
vn -0.37187162 0.23794383 -0.8972704
vn -0.85442346 0.5154773 -0.06514308
vn -0.8605325 -0.07848127 -0.5033134
vn -0.37503088 -0.46489733 -0.80201143
vn 0.37169638 -0.46181652 -0.8053368
vn 0.8478766 -0.06368904 -0.52635443
vn 0.84131896 0.53378224 -0.08519961
vn 0.36500904 0.908478 0.20355852
vn -0.36839655 0.90623677 0.20741025
vn -0.92375827 0.3139832 0.21928349
vn -0.9237643 -0.31397063 -0.21927598
vn -0.38240647 -0.75752825 -0.5290711
vn 0.38239402 -0.7575255 -0.529084
vn 0.9237599 -0.31397265 -0.21929166
vn 0.9237626 0.3139719 0.21928127
vn 0.382402 0.7575277 0.5290751
vn -0.38238958 0.7575343 0.5290746
vn -0.37188968 0.80927336 -0.45472482
vn 0.34518528 0.25073335 -0.9044224
vn 0.34519178 0.8129982 -0.46890995
vn -0.37188482 0.23794523 -0.8972646
vn -0.8544162 0.51548433 -0.065183766
vn -0.8605345 -0.07847537 -0.5033109
vn -0.37504962 -0.4648942 -0.80200446
vn 0.37169454 -0.461813 -0.80533963
vn 0.8478763 -0.06368942 -0.5263548
vn 0.84132046 0.533768 -0.08527335
vn 0.36502066 0.9084887 0.20349014
vn -0.3683954 0.9062434 0.20738295
vn -0.9237541 0.31397772 0.21930882
vn -0.9237602 -0.3139652 -0.21930133
vn -0.38239646 -0.7575105 -0.52910376
vn 0.3824028 -0.757515 -0.52909267
vn 0.9237635 -0.3139654 -0.2192866
vn 0.92376053 0.31396917 0.21929394
vn 0.3823969 0.7575226 0.5290861
vn -0.38237947 0.7575241 0.52909666
vn 0.38743594 0.570288 -0.72433764
vn -0.3401501 0.20575027 -0.9175864
vn 0.36547107 0.19462337 -0.91024864
vn -0.34508637 0.58057404 -0.73746127
vn 0.9260812 0.2334365 -0.29644743
vn 0.8540884 -0.09427302 -0.51151305
vn 0.37477577 -0.46495065 -0.8020997
vn -0.37200043 -0.46174207 -0.805239
vn -0.8414123 -0.08167402 -0.534186
vn -0.9075492 0.25977385 -0.32995763
vn 1.0 -5.6051476E-7 -6.918602E-7
vn 0.9237484 -0.31399977 -0.21930136
vn 0.3823672 -0.7575387 -0.5290846
vn -0.38237613 -0.75753117 -0.5290888
vn -0.92375237 -0.31398767 -0.21930204
vn -1.0 5.581603E-7 4.6122287E-7
vn -0.8340394 0.5475813 -0.067327775
vn -0.9237775 0.31394222 0.21926089
vn -0.3654008 0.9083322 0.20350629
vn -0.33929333 0.840587 -0.42224813
vn 0.3644665 0.83615744 -0.409884
vn 0.36820424 0.90632474 0.20736694
vn 0.84712636 0.5290511 -0.04981809
vn -0.3824376 0.7575148 0.5290679
vn 0.3824306 0.7575167 0.52907014
vn 0.923775 0.31394687 0.21926503
vn 0.3874363 0.57028747 -0.7243379
vn -0.34015027 0.20574848 -0.91758674
vn 0.365471 0.19462349 -0.91024864
vn -0.3450862 0.5805743 -0.7374612
vn 0.9260813 0.23343566 -0.29644758
vn 0.8540884 -0.09427283 -0.51151305
vn 0.37477604 -0.46495026 -0.8020998
vn -0.37200016 -0.46174332 -0.8052384
vn -0.8414122 -0.08167596 -0.5341859
vn -0.90754914 0.2597741 -0.3299576
vn 1.0 -8.313902E-7 -6.918602E-7
vn 0.92374843 -0.3139995 -0.21930148
vn 0.38236767 -0.75753814 -0.529085
vn -0.3823762 -0.7575311 -0.529089
vn -0.92375237 -0.31398767 -0.21930204
vn -1.0 5.581603E-7 4.6122287E-7
vn -0.83403856 0.54758257 -0.06732741
vn -0.9237775 0.31394222 0.21926089
vn -0.36539993 0.9083326 0.20350637
vn -0.33929214 0.8405878 -0.42224762
vn 0.3644654 0.83615786 -0.40988415
vn 0.3682026 0.9063254 0.2073671
vn 0.8471258 0.52905196 -0.04981814
vn -0.38243762 0.7575147 0.529068
vn 0.3824306 0.7575166 0.52907026
vn 0.9237749 0.31394705 0.21926501
vn 0.38743758 0.57028687 -0.72433764
vn -0.34014973 0.20575088 -0.9175863
vn 0.3654715 0.19462459 -0.9102482
vn -0.3450864 0.5805732 -0.737462
vn 0.9260818 0.23343466 -0.29644683
vn 0.8540887 -0.09427339 -0.5115124
vn 0.37477604 -0.46494925 -0.8021004
vn -0.37200075 -0.46174073 -0.8052397
vn -0.84141195 -0.08167464 -0.5341864
vn -0.9075492 0.2597729 -0.32995844
vn 1.0 -6.7074126E-7 -6.9428114E-7
vn 0.9237484 -0.3139999 -0.21930122
vn 0.38236722 -0.75753856 -0.52908474
vn -0.38237616 -0.75753105 -0.529089
vn -0.92375237 -0.3139874 -0.21930204
vn -1.0 7.223298E-7 4.6122287E-7
vn -0.8340398 0.5475806 -0.06732794
vn -0.9237776 0.31394216 0.2192609
vn -0.3654 0.90833074 0.20351449
vn -0.3392947 0.8405902 -0.42224073
vn 0.36447102 0.83616954 -0.40985534
vn 0.36819944 0.90631956 0.20739812
vn 0.84712654 0.52905315 -0.049793817
vn -0.3824376 0.75751466 0.52906805
vn 0.38242966 0.7575175 0.52906966
vn 0.9237746 0.31394815 0.21926454
vn 0.4499284 0.67012227 -0.5903394
vn -0.42990673 0.3261489 -0.8419068
vn 0.45751303 0.30820444 -0.8340815
vn -0.4083794 0.68469137 -0.60367537
vn 0.95003843 0.23440383 -0.20611104
vn 0.8941456 0.011754886 -0.447622
vn 0.41240925 -0.26954824 -0.87020826
vn -0.4090725 -0.26644942 -0.8727339
vn -0.88268644 0.031897802 -0.46887866
vn -0.9337746 0.26847762 -0.2366109
vn 1.0 -5.873E-7 -8.7732474E-7
vn 0.9431188 -0.15861893 -0.29217622
vn 0.43180445 -0.4303346 -0.79268974
vn -0.4317942 -0.4303344 -0.79269546
vn -0.9431152 -0.15862106 -0.29218665
vn -1.0 4.905115E-7 5.0771615E-7
vn -0.88600206 0.460911 -0.050609563
vn -0.94989616 0.2562517 0.178976
vn -0.43725222 0.87832433 0.19327903
vn -0.407818 0.8282595 -0.38427934
vn 0.43121892 0.8221415 -0.37166318
vn 0.4404314 0.87592906 0.19689734
vn 0.8960798 0.44258484 -0.034054462
vn -0.4506613 0.7318596 0.5111613
vn 0.4506719 0.73185873 0.51115316
vn 0.9499002 0.2562453 0.1789638
vn 0.38743615 0.5702875 -0.7243379
vn -0.34015024 0.20574988 -0.9175864
vn 0.3654712 0.1946229 -0.91024876
vn -0.34508663 0.5805736 -0.73746157
vn 0.92608124 0.23343612 -0.29644755
vn 0.8540884 -0.094272636 -0.51151305
vn 0.3747762 -0.46494994 -0.80209994
vn -0.37200007 -0.4617427 -0.80523884
vn -0.84141225 -0.081675105 -0.534186
vn -0.9075493 0.25977308 -0.3299578
vn 1.0 -3.4006163E-7 -6.918602E-7
vn 0.92374885 -0.31399813 -0.21930167
vn 0.38236812 -0.7575377 -0.52908534
vn -0.38237527 -0.757532 -0.52908826
vn -0.92375195 -0.31398904 -0.21930166
vn -1.0 3.3536452E-7 4.6122287E-7
vn -0.83403903 0.54758173 -0.06732776
vn -0.9237776 0.3139421 0.2192609
vn -0.36539993 0.9083326 0.20350637
vn -0.3392927 0.8405873 -0.42224807
vn 0.3644665 0.83615744 -0.409884
vn 0.36820474 0.9063245 0.20736726
vn 0.8471267 0.5290506 -0.04981788
vn -0.38243762 0.7575147 0.529068
vn 0.3824315 0.7575158 0.5290709
vn 0.9237754 0.31394547 0.21926531
vn 0.86603236 -0.39910746 -0.3011664
vn 0.50000364 -0.6912858 -0.52165157
vn 0.50000364 -0.6912858 -0.52165157
vn 0.86603236 -0.39910746 -0.3011664
vn 1.912916E-6 -0.798218 -0.60236865
vn 1.912916E-6 -0.798218 -0.60236865
vn -0.50000185 -0.69128054 -0.5216602
vn -0.50000185 -0.69128054 -0.5216602
vn -0.86603165 -0.39910835 -0.3011672
vn -0.86603165 -0.39910835 -0.3011672
vn -1.0 -1.5349673E-6 -2.0517653E-6
vn -1.0 -1.5349673E-6 -2.0517653E-6
vn -0.86602545 0.39912 0.30116963
vn -0.86602545 0.39912 0.30116963
vn -0.49999928 0.69128436 0.52165765
vn -0.49999928 0.69128436 0.52165765
vn 2.9619544E-6 0.798212 0.60237664
vn 2.9619544E-6 0.798212 0.60237664
vn 0.50000376 0.6912823 0.52165604
vn 0.50000376 0.6912823 0.52165604
vn 0.866027 0.39911932 0.301166
vn 0.866027 0.39911932 0.301166
vn 1.0 2.0054836E-7 -3.6947179E-6
vn 1.0 2.0054836E-7 -3.6947179E-6
vn -1.1018882E-5 0.6023717 -0.79821575
vn -0.0 0.60237336 -0.79821444
vn -0.0 0.60237586 -0.7982126
vn -1.10187075E-5 0.6023946 -0.7981984
vn -1.1018841E-5 0.6023719 -0.79821557
vn 1.1018878E-5 0.60237193 -0.7982155
vn -0.0 0.60237175 -0.7982156
vn 1.1018975E-5 0.6023631 -0.7982222
vn 3.3056935E-5 0.6023731 -0.7982147
vn -0.0 0.60236835 -0.79821825
vn -2.2037684E-5 0.60237074 -0.7982164
vn -0.0 0.6023704 -0.7982167
vn -0.0 0.6023768 -0.7982119
vn 0.06899243 0.5686739 -0.8196646
vn 0.039808404 0.5453877 -0.837238
vn 0.039808404 0.5453877 -0.837238
vn 0.06899243 0.5686739 -0.8196646
vn -7.676778E-6 0.5368822 -0.8436572
vn -7.676778E-6 0.5368822 -0.8436572
vn -0.039816078 0.5453893 -0.8372366
vn -0.039816078 0.5453893 -0.8372366
vn -0.068991005 0.568674 -0.81966466
vn -0.068991005 0.568674 -0.81966466
vn -0.07969918 0.6004842 -0.7956549
vn -0.07969918 0.6004842 -0.7956549
vn -0.06899413 0.632274 -0.7716666
vn -0.06899413 0.632274 -0.7716666
vn -0.039835297 0.6555405 -0.7541086
vn -0.039835297 0.6555405 -0.7541086
vn -7.5463663E-6 0.6640537 -0.74768484
vn -7.5463663E-6 0.6640537 -0.74768484
vn 0.039827846 0.6555435 -0.7541064
vn 0.039827846 0.6555435 -0.7541064
vn 0.06899564 0.632275 -0.77166575
vn 0.06899564 0.632275 -0.77166575
vn 0.07970201 0.60048413 -0.7956547
vn 0.07970201 0.60048413 -0.7956547
vn 0.5804744 0.17952952 -0.7942409
vn 0.3351608 -0.0163569 -0.9420189
vn 0.3351608 -0.0163569 -0.9420189
vn 0.5804744 0.17952952 -0.7942409
vn -8.326859E-6 -0.088082984 -0.9961131
vn -8.326859E-6 -0.088082984 -0.9961131
vn -0.3351655 -0.016355662 -0.9420173
vn -0.3351655 -0.016355662 -0.9420173
vn -0.5804592 0.17953615 -0.79425055
vn -0.5804592 0.17953615 -0.79425055
vn -0.6702907 0.44704348 -0.5923364
vn -0.6702907 0.44704348 -0.5923364
vn -0.58057016 0.71453553 -0.39035523
vn -0.58057016 0.71453553 -0.39035523
vn -0.3352421 0.91038865 -0.2424981
vn -0.3352421 0.91038865 -0.2424981
vn -1.0067944E-6 0.9820904 -0.18841018
vn -1.0067944E-6 0.9820904 -0.18841018
vn 0.33523682 0.91038555 -0.24251671
vn 0.33523682 0.91038555 -0.24251671
vn 0.5805621 0.7145392 -0.39036065
vn 0.5805621 0.7145392 -0.39036065
vn 0.6702993 0.44704267 -0.5923273
vn 0.6702993 0.44704267 -0.5923273
vn 0.65198046 -0.42314783 -0.62917995
vn 0.24822304 -0.71208376 -0.65675116
vn 0.24822304 -0.71208376 -0.65675116
vn 0.65198046 -0.42314783 -0.62917995
vn -0.2482151 -0.7120824 -0.65675557
vn -0.2482151 -0.7120824 -0.65675557
vn -0.65197104 -0.42314786 -0.62918955
vn -0.65197104 -0.42314786 -0.62918955
vn -0.82674706 0.020092208 -0.562215
vn -0.82674706 0.020092208 -0.562215
vn -0.7019997 0.5179655 -0.48878238
vn -0.7019997 0.5179655 -0.48878238
vn 0.81018454 0.04842602 -0.58417124
vn 0.81018454 0.04842602 -0.58417124
vn 0.65894234 0.5250522 -0.53862345
vn 0.65894234 0.5250522 -0.53862345
vn 0.27931362 0.8271318 -0.48768532
vn 0.27931362 0.8271318 -0.48768532
vn -0.2397403 0.8559223 -0.45817205
vn -0.2397403 0.8559223 -0.45817205
vn 0.55430806 -0.34218144 -0.75871897
vn -4.359971E-6 0.08127037 -0.9966921
vn 0.21168128 -0.59014064 -0.7790539
vn -0.21169333 -0.5901434 -0.77904856
vn -0.554315 -0.34218624 -0.7587117
vn -0.68587506 0.060187303 -0.72522616
vn -0.560119 0.46543807 -0.68529856
vn -0.2199655 0.71692216 -0.66154206
vn 0.20787515 0.7127174 -0.6699416
vn 0.55464715 0.46078324 -0.69285315
vn 0.6853698 0.059169248 -0.72578734
vn 0.8089641 -0.58486146 -0.05928094
vn 0.30899942 -0.9468742 -0.089155346
vn -0.30899408 -0.94687647 -0.08914934
vn -0.80895835 -0.58486956 -0.059279155
vn -0.9999586 0.002263975 -0.008817556
vn -0.3157812 0.9439761 0.09587177
vn -0.80808705 0.58610827 0.05892675
vn -0.560119 0.46543807 -0.68529856
vn 0.30210888 0.9501676 0.07688808
vn 0.80897176 0.58665425 0.03743633
vn 0.99993986 8.836074E-4 -0.010930083
vn -0.68587506 0.060187303 -0.72522616
vn -0.560119 0.46543807 -0.68529856
vn 0.44994375 0.7831005 -0.42930675
vn -0.42984334 0.50252503 -0.75013554
vn 0.457588 0.4831992 -0.7464126
vn -0.4083538 0.8002519 -0.43914023
vn 0.9500474 0.2738174 -0.14978021
vn 0.89416516 0.10935986 -0.43417636
vn 0.41240308 -0.07260732 -0.90810347
vn -0.4090131 -0.06891516 -0.90992254
vn -0.8826451 0.13381965 -0.45058852
vn -0.9337605 0.31379703 -0.17211258
vn 1.0 -3.1033704E-7 -6.206079E-7
vn 0.9431034 -0.09079427 -0.3198632
vn 0.43176234 -0.24630442 -0.86770695
vn -0.4318025 -0.24629419 -0.8676899
vn -0.94311833 -0.09077772 -0.31982362
vn -1.0 3.8763062E-7 6.1637155E-7
vn -0.8860345 0.46075132 0.051488224
vn -0.94991857 0.21080446 0.23068638
vn -0.43734333 0.814657 0.38087374
vn -0.40785652 0.89227587 -0.19364102
vn 0.43126333 0.88353235 -0.18270878
vn 0.44050375 0.81155 0.38385296
vn 0.89611053 0.4392484 0.063613765
vn -0.45072508 0.6021635 0.6589735
vn 0.45068553 0.60217637 0.6589887
vn 0.9499049 0.21083196 0.23071735
vn 0.3889333 0.7333471 -0.5576136
vn -0.3376101 0.38113448 -0.8606718
vn 0.36228192 0.36937645 -0.8557528
vn -0.3476442 0.7462231 -0.5677099
vn 0.926608 0.29946244 -0.22742003
vn 0.85084003 0.01303541 -0.52526313
vn 0.37477252 -0.27817497 -0.8844005
vn -0.372096 -0.2743204 -0.88673156
vn -0.8382534 0.029246358 -0.54449606
vn -0.9090683 0.33164805 -0.25219917
vn 1.0 -5.2344757E-7 -8.6129E-7
vn 0.92374057 -0.25838593 -0.28273684
vn 0.3823486 -0.62334824 -0.68208987
vn -0.38241592 -0.62333316 -0.6820658
vn -0.9237689 -0.25834352 -0.28268307
vn -1.0 5.717008E-7 4.4525092E-7
vn -0.82662135 0.5577391 0.07499559
vn -0.92374337 0.2583803 0.28273275
vn -0.36532357 0.841802 0.3973764
vn -0.33292395 0.9262569 -0.17666282
vn 0.3567969 0.91909415 -0.16721828
vn 0.36810902 0.8389849 0.40074933
vn 0.83953935 0.5364964 0.0857044
vn -0.38235512 0.6233467 0.6820876
vn 0.38234946 0.6233478 0.6820897
vn 0.9237413 0.25838336 0.28273675
vn 0.12679936 0.9748648 -0.18319525
vn 0.39328787 0.7358719 -0.55119616
vn 0.3128575 0.93423426 -0.17124963
vn 0.190704 0.793833 -0.57746094
vn 0.431026 0.26988184 -0.8610345
vn 0.26134142 0.3189524 -0.9110269
vn 0.72275233 0.5380487 -0.43374273
vn 0.7583653 0.17903185 -0.62676126
vn 0.760229 0.6248159 -0.17792423
vn 0.32848555 -0.034578696 -0.94387585
vn 0.6059166 -0.048591334 -0.7940427
vn 0.23451895 -0.023206186 -0.97183454
vn 0.44986144 -0.109891385 -0.88631177
vn 0.8221486 -0.04124891 -0.5677765
vn 0.63086367 -0.09987244 -0.76943916
vn 0.94453114 -0.14873344 -0.2928128
vn 0.9833364 -0.15329081 -0.09773209
vn 0.9874264 -0.14246008 0.06851397
vn 0.9427567 0.16933154 -0.28729182
vn 0.9133584 0.38038778 0.14519525
vn 0.92230403 -0.067483306 0.38052762
vn 0.5475974 0.037531793 0.8358998
vn 0.5678272 0.5357991 0.62489325
vn 0.15135194 0.067060456 0.98620254
vn 0.26378614 0.54233503 0.79767764
vn 0.7317522 0.67344916 0.10490399
vn 0.51305056 0.76332086 0.3925816
vn 0.29877695 0.79425955 0.52904075
vn 0.8471881 -0.4327389 -0.30823588
vn 0.38519633 -0.49182382 -0.78085417
vn -8.002268E-4 -0.31242833 -0.949941
vn 0.33073273 -0.101768695 -0.9382212
vn 0.20019221 -0.1694064 -0.9649998
vn -0.0027267851 -0.175239 -0.98452216
vn -0.002675496 -0.15103507 -0.9885248
vn 0.06992617 -0.15087351 -0.98607683
vn -9.424202E-4 0.0035744838 -0.99999315
vn 0.016865244 0.003578938 -0.9998514
vn -0.0013806851 0.38272852 -0.92385983
vn 0.046631377 0.38236365 -0.9228345
vn -0.0031020602 0.8393574 -0.5435711
vn 0.10696832 0.8345718 -0.54041433
vn -0.0034432427 0.9870928 -0.16011243
vn 0.121661425 0.9797685 -0.15890941
vn -0.003897857 0.9841504 0.17729294
vn 0.13302961 0.97547513 0.17536087
vn -0.0029860956 0.7880553 0.61559725
vn 0.09171324 0.7850468 0.61260927
vn -0.28278586 -0.15451115 -0.94665647
vn -0.32817593 -0.10057122 -0.9392476
vn -0.44949758 -0.10905276 -0.88659996
vn -0.3284885 -0.034578606 -0.9438748
vn -0.60592127 -0.048591208 -0.79403925
vn -0.8221498 -0.041248932 -0.5677748
vn -0.6320801 -0.099884816 -0.7684386
vn -0.94453114 -0.14873248 -0.29281318
vn -0.98333627 -0.15329067 -0.097733274
vn -0.9874263 -0.14246108 0.06851343
vn -0.9427565 0.16933277 -0.2872921
vn -0.9133582 0.38038847 0.14519455
vn -0.9223035 -0.067483775 0.38052887
vn -0.5478528 0.038249936 0.8356998
vn -0.5678292 0.53579843 0.624892
vn -0.15684304 0.06767341 0.98530227
vn -0.26379034 0.5423344 0.79767674
vn -0.7317533 0.6734483 0.10490228
vn -0.5130547 0.763318 0.39258173
vn -0.29878056 0.79425764 0.52904165
vn -0.8471884 -0.43273914 -0.3082347
vn -0.38760063 -0.49184266 -0.7796515
vn -0.0027475092 -0.29331905 0.95601064
vn -0.47256678 -0.30781034 0.8257926
vn -0.7743611 -0.35646874 0.5227762
vn -0.8478187 -0.31673875 0.42529994
vn -0.90836763 -0.20569551 0.36408463
vn -0.97839594 -0.12955317 0.16111255
vn -0.0019288928 -0.20639104 0.9784677
vn -0.6519683 -0.22368039 0.7245029
vn -0.7755943 -0.11985166 0.61974925
vn -0.0030275916 -0.13527709 0.9908032
vn -0.7943839 -0.46364683 0.39241046
vn -0.003101047 -0.4427689 0.8966304
vn -0.5337902 -0.78625524 -0.3112408
vn -0.23079762 -0.7888833 -0.5695574
vn -0.0014988899 -0.7751894 -0.63172716
vn 0.229344 -0.7887848 -0.5702805
vn 0.53379005 -0.786254 -0.31124398
vn 0.5940518 -0.7594657 0.2651686
vn 0.7926456 -0.46371096 0.39583477
vn 0.97839594 -0.1295537 0.16111276
vn 0.90836513 -0.20569646 0.36409023
vn 0.8478169 -0.3167384 0.4253038
vn 0.77436405 -0.35646796 0.52277225
vn 0.4714951 -0.30858284 0.8261168
vn -0.0027475092 -0.29331905 0.95601064
vn -0.0019288928 -0.20639104 0.9784677
vn 0.65083677 -0.22398585 0.7254253
vn 0.7736095 -0.12025419 0.62214726
vn -0.0030275916 -0.13527709 0.9908032
vn -0.003101047 -0.4427689 0.8966304
vn -0.0051205372 0.058652192 0.9982653
vn -0.0026202037 0.5225934 0.85257804
vn 0.051853463 0.521981 0.8513795
vn -0.0029860956 0.7880553 0.61559725
vn 0.09171324 0.7850468 0.61260927
vn -0.0019387022 -0.75269246 0.6583695
vn 0.7317522 0.67344916 0.10490399
vn 0.51305056 0.76332086 0.3925816
vn 0.3929829 0.9122448 0.11564578
vn 0.21434765 0.9685214 0.12657553
vn 0.29877695 0.79425955 0.52904075
vn 0.72275233 0.5380487 -0.43374273
vn 0.760229 0.6248159 -0.17792423
vn 0.21083158 0.43663654 0.8745848
vn 0.3026831 0.48383185 0.8211514
vn 0.3026831 0.48383185 0.8211514
vn 0.4237577 0.6747638 0.60425425
vn 0.4237577 0.6747638 0.60425425
vn 0.4237577 0.6747638 0.60425425
vn 0.38930812 0.8976234 0.20666726
vn 0.4237577 0.6747638 0.60425425
vn 0.38930812 0.8976234 0.20666726
vn 0.35536513 0.92314154 -0.14671513
vn 0.35536513 0.92314154 -0.14671513
vn 0.4497415 0.7403995 -0.49954093
vn 0.4497415 0.7403995 -0.49954093
vn 0.4567381 0.29672477 -0.8386565
vn 0.4567381 0.29672477 -0.8386565
vn 0.45566747 -0.018316954 -0.8899616
vn 0.45566747 -0.018316954 -0.8899616
vn 0.5116033 -0.086827 -0.85482347
vn 0.5116033 -0.086827 -0.85482347
vn 0.5126747 -0.10874282 -0.8516687
vn -0.12679982 0.9748649 -0.18319456
vn -0.3932926 0.73586994 -0.5511953
vn -0.32352492 0.77446634 -0.54362994
vn -0.31285697 0.93423444 -0.1712499
vn -0.43103066 0.26988006 -0.8610327
vn -0.36126727 0.3095153 -0.8795944
vn -0.7227539 0.5380476 -0.43374148
vn -0.75836796 0.17903109 -0.6267583
vn -0.76022696 0.6248178 -0.17792599
vn -0.2345186 -0.023206143 -0.9718346
vn -0.4497336 0.74040073 -0.49954626
vn -0.3553673 0.9231402 -0.14671803
vn -0.3553673 0.9231402 -0.14671803
vn -0.45672125 0.29672873 -0.83866423
vn -0.45566285 -0.018316938 -0.889964
vn -0.45566285 -0.018316938 -0.889964
vn -0.5116105 -0.08682669 -0.8548191
vn -0.30199066 -0.121811904 -0.9454964
vn -0.018750347 0.003568896 -0.99981785
vn -0.049393967 0.3822106 -0.9227542
vn -0.11313081 0.8339465 -0.5401246
vn -0.1284921 0.9789138 -0.15880072
vn -0.1407688 0.97429365 0.17588651
vn -0.097648606 0.78398305 0.613054
vn -0.7317533 0.6734483 0.10490228
vn -0.39298546 0.91224355 0.115646325
vn -0.5130547 0.763318 0.39258173
vn -0.21434867 0.9685207 0.1265794
vn -0.29878056 0.79425764 0.52904165
vn -0.7227539 0.5380476 -0.43374148
vn -0.76022696 0.6248178 -0.17792599
vn -0.21083158 0.43663654 0.8745848
vn -0.30267304 0.48383245 0.8211548
vn -0.30267304 0.48383245 0.8211548
vn -0.42375645 0.6747664 0.6042522
vn -0.42375645 0.6747664 0.6042522
vn -0.42375645 0.6747664 0.6042522
vn -0.38931492 0.89762264 0.2066579
vn -0.38931492 0.89762264 0.2066579
vn -0.42375645 0.6747664 0.6042522
vn -0.0051205372 0.058652192 0.9982653
vn -0.0026202037 0.5225934 0.85257804
vn -0.057087693 0.52165407 0.851245
vn -0.0029860956 0.7880553 0.61559725
vn -0.097648606 0.78398305 0.613054
vn -0.59513974 -0.75971097 0.26200753
vn -0.0019387022 -0.75269246 0.6583695
vn 0.76702595 -0.31798902 -0.5572738
vn 0.24505228 0.60923 -0.7541805
vn 0.29297996 -0.3179904 -0.90169
vn 0.6415489 0.6092281 -0.4661075
vn -0.24505197 0.609228 -0.7541821
vn -0.29298043 -0.31799075 -0.9016897
vn 0.9480939 -0.31799054 0.0
vn 0.7929957 0.60922736 0.0
vn 0.7670242 -0.31798974 0.55727595
vn 0.6415469 0.6092278 0.46611053
vn 0.2929773 -0.3179912 0.9016906
vn 0.24504927 0.6092266 0.75418425
vn -0.29297718 -0.31799117 0.9016906
vn -0.24504931 0.60922694 0.7541839
vn -0.7670243 -0.31798938 0.557276
vn -0.6415476 0.6092286 0.46610853
vn -0.9480941 -0.31798983 7.328324E-7
vn -0.7929956 0.6092274 -2.0128023E-7
vn -0.7670268 -0.31798905 -0.5572727
vn -0.6415486 0.6092271 -0.46610913
vn -0.29298043 -0.31799075 -0.9016897
vn -0.24505197 0.609228 -0.7541821
vn -0.0 1.0 -9.3032793E-7
vn -0.0 1.0 9.303416E-7
vn -0.0 1.0 -9.3033725E-7
vn -0.0 1.0 -3.7213208E-6
vn -0.0 1.0 0.0
vn -0.0 1.0 9.303496E-7
vn -0.0 1.0 -9.3032145E-7
vn -0.0 1.0 0.0
vn -0.0 1.0 2.790977E-6
vn -0.0 1.0 5.581981E-6
vn -0.0 1.0 9.303416E-7
vn 0.42094854 0.853968 -0.3058447
vn -0.0 1.0 7.8043377E-7
vn 0.16078384 0.85396516 -0.49486566
vn -0.16078489 0.85396534 -0.4948651
vn -0.42094964 0.8539686 -0.30584133
vn -0.52032655 0.8539673 7.1792255E-7
vn -0.42095056 0.8539681 0.3058417
vn -0.160787 0.8539659 0.49486336
vn 0.16078693 0.8539659 0.49486348
vn 0.42095006 0.85396725 0.30584466
vn 0.52032644 0.8539674 7.089488E-7
vn 0.7318247 -0.42629057 -0.5317038
vn 0.25541633 0.5628667 -0.7860939
vn 0.2795316 -0.4262889 -0.8603138
vn 0.66869 0.56286573 -0.48583513
vn -0.2554173 0.56286764 -0.78609294
vn -0.27953207 -0.4262894 -0.86031336
vn 0.90458626 -0.42629066 -1.2891115E-6
vn 0.82654834 0.5628658 -1.1779006E-6
vn 0.7318266 -0.42628995 0.5317017
vn 0.6686921 0.5628668 0.4858311
vn 0.27953252 -0.4262873 0.8603143
vn 0.2554176 0.56286937 0.7860915
vn -0.27953362 -0.4262882 0.86031353
vn -0.2554179 0.56286746 0.7860928
vn -0.73182684 -0.42628983 0.53170145
vn -0.66869175 0.56286573 0.48583284
vn -0.9045864 -0.42629027 4.0381818E-7
vn -0.8265481 0.56286615 -1.2142764E-6
vn -0.7318252 -0.42629102 -0.5317028
vn -0.66869146 0.5628663 -0.48583263
vn -0.27953207 -0.4262894 -0.86031336
vn -0.2554173 0.56286764 -0.78609294
vn -0.0 1.0 8.3118437E-7
vn -0.0 1.0 2.909211E-6
vn -0.0 1.0 -1.662421E-6
vn -0.0 1.0 1.6624047E-6
vn -0.0 1.0 -4.1562384E-7
vn -0.0 1.0 -4.571637E-6
vn -0.0 1.0 -8.31187E-7
vn -0.0 1.0 0.0
vn -0.0 1.0 -1.6624211E-6
vn -0.0 1.0 4.1560565E-7
vn -0.0 1.0 2.909211E-6
vn 0.75135154 -0.3707833 -0.54588515
vn 0.25012937 0.58721745 -0.7698123
vn 0.28699172 -0.37078083 -0.8832652
vn 0.65484595 0.5872152 -0.47576788
vn -0.2501298 0.5872161 -0.76981324
vn -0.2869925 -0.3707819 -0.8832644
vn 0.9287189 -0.37078452 7.938055E-7
vn 0.8094318 0.5872139 1.85015E-6
vn 0.7513507 -0.37078536 0.54588485
vn 0.6548449 0.58721256 0.4757726
vn 0.2869925 -0.37078083 0.8832649
vn 0.2501296 0.5872166 0.7698129
vn -0.28699195 -0.37078103 0.883265
vn -0.25012946 0.58721715 0.76981246
vn -0.7513496 -0.3707855 0.5458863
vn -0.654845 0.58721316 0.47577173
vn -0.9287188 -0.37078482 8.09371E-7
vn -0.80943155 0.5872143 1.8637169E-6
vn -0.75135124 -0.37078407 -0.5458851
vn -0.65484595 0.5872141 -0.4757692
vn -0.2869925 -0.3707819 -0.8832644
vn -0.2501298 0.5872161 -0.76981324
vn -0.0 1.0 1.2723375E-6
vn -0.0 1.0 6.361548E-7
vn -0.0 1.0 1.2723375E-6
vn -0.0 1.0 0.0
vn -0.0 1.0 -2.5446193E-6
vn -0.0 1.0 -6.361154E-7
vn -0.0 1.0 3.1808418E-6
vn -0.0 1.0 1.2723378E-6
vn -0.0 1.0 2.5446716E-6
vn -0.0 1.0 3.1808263E-6
vn -0.0 1.0 6.361548E-7
vn 0.79458517 -0.18801405 -0.57730854
vn 0.3034975 -0.18800904 -0.9340995
vn 0.3034975 -0.18800904 -0.9340995
vn 0.79458517 -0.18801405 -0.57730854
vn -0.3034966 -0.18800876 -0.93409985
vn -0.3034966 -0.18800876 -0.93409985
vn 0.98216647 -0.18801336 0.0
vn 0.98216647 -0.18801336 0.0
vn 0.79458493 -0.18801406 0.5773089
vn 0.79458493 -0.18801406 0.5773089
vn 0.30349717 -0.18800838 0.93409973
vn 0.30349717 -0.18800838 0.93409973
vn -0.30349582 -0.18800789 0.9341003
vn -0.30349582 -0.18800789 0.9341003
vn -0.7945841 -0.18801367 0.5773101
vn -0.7945841 -0.18801367 0.5773101
vn -0.98216647 -0.18801333 0.0
vn -0.98216647 -0.18801333 0.0
vn -0.7945846 -0.1880139 -0.57730937
vn -0.7945846 -0.1880139 -0.57730937
vn -0.3034966 -0.18800876 -0.93409985
vn -0.3034966 -0.18800876 -0.93409985
vn 0.7282606 0.43550274 -0.52912563
vn 0.16078384 0.85396516 -0.49486566
vn 0.27816188 0.43549722 -0.8561356
vn 0.42094854 0.853968 -0.3058447
vn -0.16078489 0.85396534 -0.4948651
vn -0.27816412 0.43549913 -0.85613394
vn 0.9001869 0.43550372 1.2265116E-6
vn 0.52032644 0.8539674 7.089488E-7
vn 0.7282631 0.43550378 0.5291213
vn 0.42095006 0.85396725 0.30584466
vn 0.27816793 0.43550047 0.856132
vn 0.16078693 0.8539659 0.49486348
vn -0.27816808 0.43550062 0.8561318
vn -0.160787 0.8539659 0.49486336
vn -0.7282637 0.43550423 0.5291201
vn -0.42095056 0.8539681 0.3058417
vn -0.90018684 0.43550384 1.2420361E-6
vn -0.52032655 0.8539673 7.1792255E-7
vn -0.7282625 0.43550423 -0.52912176
vn -0.42094964 0.8539686 -0.30584133
vn -0.27816412 0.43549913 -0.85613394
vn -0.16078489 0.85396534 -0.4948651
vn 0.50002235 0.63542044 -0.58840334
vn 0.50002235 0.63542044 -0.58840334
vn 0.50002235 0.63542044 -0.58840334
vn 0.50002235 0.63542044 -0.58840334
vn 9.183737E-4 0.6239566 -0.7814584
vn 9.183737E-4 0.6239566 -0.7814584
vn 9.183737E-4 0.6239566 -0.7814584
vn 9.183737E-4 0.6239566 -0.7814584
vn -0.498202 0.6354974 -0.5898626
vn -0.498202 0.6354974 -0.5898626
vn -0.498202 0.6354974 -0.5898626
vn -0.498202 0.6354974 -0.5898626
vn -0.78146034 0.6239545 -7.546284E-4
vn -0.78146034 0.6239545 -7.546284E-4
vn -0.78146034 0.6239545 -7.546284E-4
vn -0.78146034 0.6239545 -7.546284E-4
vn -0.5000244 0.6354197 0.5884024
vn -0.5000244 0.6354197 0.5884024
vn -0.5000244 0.6354197 0.5884024
vn -0.5000244 0.6354197 0.5884024
vn -9.156924E-4 0.6239541 0.78146046
vn -9.156924E-4 0.6239541 0.78146046
vn -9.156924E-4 0.6239541 0.78146046
vn -9.156924E-4 0.6239541 0.78146046
vn 0.49820083 0.63549906 0.5898617
vn 0.49820083 0.63549906 0.5898617
vn 0.49820083 0.63549906 0.5898617
vn 0.49820083 0.63549906 0.5898617
vn 0.7814615 0.623953 7.5407693E-4
vn 0.7814615 0.623953 7.5407693E-4
vn 0.7814615 0.623953 7.5407693E-4
vn 0.7814615 0.623953 7.5407693E-4
vn -0.0 1.0 1.8903498E-6
vn -0.0 1.0 1.2343438E-7
vn -0.0 1.0 9.874759E-7
vn -0.0 1.0 0.0
vn -0.0 1.0 9.4517424E-7
vn -0.0 1.0 -1.8903497E-6
vn -0.0 1.0 -1.4389126E-6
vn -0.0 1.0 4.5143696E-7
vn -0.0 1.0 0.0
vn -0.0015352927 0.99999845 -8.6706463E-4
vn -0.0015352927 0.99999845 -8.6706463E-4
vn -0.0015352927 0.99999845 -8.6706463E-4
vn -0.0015352927 0.99999845 -8.6706463E-4
vn 0.0026238998 0.9999698 0.0073150834
vn 0.0026238998 0.9999698 0.0073150834
vn 0.0015352931 0.99999845 -8.671244E-4
vn 0.0015352931 0.99999845 -8.671244E-4
vn 0.0015352931 0.99999845 -8.671244E-4
vn 0.0015352931 0.99999845 -8.671244E-4
vn -0.8222707 0.569094 -0.00172041
vn -0.8222707 0.569094 -0.00172041
vn -0.8222707 0.569094 -0.00172041
vn -0.8222707 0.569094 -0.00172041
vn 0.022672288 0.50535876 0.8626115
vn 0.022672288 0.50535876 0.8626115
vn 0.022672288 0.50535876 0.8626115
vn 0.022672288 0.50535876 0.8626115
vn -0.007932391 0.99996686 -0.0018379355
vn -0.007932391 0.99996686 -0.0018379355
vn -0.007932391 0.99996686 -0.0018379355
vn -0.007932391 0.99996686 -0.0018379355
vn 0.007932401 0.99996686 -0.0018379403
vn 0.007932401 0.99996686 -0.0018379403
vn 0.812785 0.58252865 0.0063949837
vn 0.812785 0.58252865 0.0063949837
vn 0.812785 0.58252865 0.0063949837
vn 0.812785 0.58252865 0.0063949837
vn 0.031654563 0.5061237 0.8618798
vn 0.031654563 0.5061237 0.8618798
vn 0.031654563 0.5061237 0.8618798
vn 0.031654563 0.5061237 0.8618798
vn -0.009312545 0.3770619 0.9261412
vn -0.009312545 0.3770619 0.9261412
vn -0.009312545 0.3770619 0.9261412
vn -0.0 0.4146378 0.90998656
vn 0.009312466 0.37705854 0.92614263
vn 0.009312466 0.37705854 0.92614263
vn -4.7764587E-4 0.9457441 -0.3249121
vn -4.7764587E-4 0.9457441 -0.3249121
vn -4.7764587E-4 0.9457441 -0.3249121
vn -4.7764587E-4 0.9457441 -0.3249121
vn 4.8292498E-4 0.94574416 -0.3249119
vn 4.8292498E-4 0.94574416 -0.3249119
vn 0.43817857 0.74826044 -0.49810228
vn 0.43817857 0.74826044 -0.49810228
vn 0.43817857 0.74826044 -0.49810228
vn 0.43817857 0.74826044 -0.49810228
vn 0.9998257 0.004720963 0.018062856
vn 0.9998257 0.004720963 0.018062856
vn 0.9998257 0.004720963 0.018062856
vn 0.9998257 0.004720963 0.018062856
vn 0.9998257 0.004720963 0.018062856
vn 0.9998492 2.5475309E-5 0.017368456
vn 0.4760656 0.5644799 -0.6743323
vn 0.4760656 0.5644799 -0.6743323
vn 0.4760656 0.5644799 -0.6743323
vn 0.4760656 0.5644799 -0.6743323
vn 0.7552519 0.4392141 -0.4865034
vn 0.7552519 0.4392141 -0.4865034
vn 0.7552519 0.4392141 -0.4865034
vn 0.7552519 0.4392141 -0.4865034
vn 0.7936731 0.60641396 -0.04842729
vn 0.7936731 0.60641396 -0.04842729
vn 0.7936731 0.60641396 -0.04842729
vn -0.007865469 0.6611613 -0.7502026
vn 0.019803276 0.66390204 -0.7475573
vn -0.007865469 0.6611613 -0.7502026
vn 0.019803276 0.66390204 -0.7475573
vn 0.047456574 0.666125 -0.74432874
vn 0.047456574 0.666125 -0.74432874
vn 0.007850773 0.6611618 -0.7502023
vn -0.019805023 0.66390246 -0.74755687
vn 0.007850773 0.6611618 -0.7502023
vn -0.04744539 0.6661257 -0.7443289
vn -0.04744539 0.6661257 -0.7443289
vn 0.6326025 -0.7737787 0.03287112
vn 0.6326025 -0.7737787 0.03287112
vn 0.6326025 -0.7737787 0.03287112
vn 0.6326025 -0.7737787 0.03287112
vn 0.5297594 -0.8474724 0.033844214
vn 0.5297594 -0.8474724 0.033844214
vn 0.5297594 -0.8474724 0.033844214
vn 0.5297594 -0.8474724 0.033844214
vn 0.5297594 -0.8474724 0.033844214
vn 0.5297594 -0.8474724 0.033844214
vn 0.99563366 0.091190144 0.01994927
vn 0.99563366 0.091190144 0.01994927
vn 0.99563366 0.091190144 0.01994927
vn 0.99563366 0.091190144 0.01994927
vn 0.9929402 0.105535194 0.054148227
vn 0.9929402 0.105535194 0.054148227
vn 0.18189788 -0.64076596 0.7458767
vn 0.18189788 -0.64076596 0.7458767
vn 0.18189788 -0.64076596 0.7458767
vn 0.18189788 -0.64076596 0.7458767
vn 0.79424375 0.59954596 -0.09859772
vn 0.79424375 0.59954596 -0.09859772
vn 0.79424375 0.59954596 -0.09859772
vn 0.79424375 0.59954596 -0.09859772
vn -0.021633804 0.9971556 -0.07219847
vn -0.021633804 0.9971556 -0.07219847
vn -0.021633804 0.9971556 -0.07219847
vn -0.021633804 0.9971556 -0.07219847
vn 0.021633733 0.9971556 -0.07219851
vn 0.021633733 0.9971556 -0.07219851
vn 0.008052897 0.8399294 0.542636
vn 0.008052897 0.8399294 0.542636
vn 0.008052897 0.8399294 0.542636
vn 0.03554359 0.9118085 0.4090745
vn 0.03554359 0.9118085 0.4090745
vn 0.03554359 0.9118085 0.4090745
vn 0.0021531698 0.90542644 0.42449766
vn 0.0021531698 0.90542644 0.42449766
vn 7.7754645E-5 0.97555906 0.21973738
vn 7.7754645E-5 0.97555906 0.21973738
vn 7.7754645E-5 0.97555906 0.21973738
vn 7.7754645E-5 0.97555906 0.21973738
vn -7.8411715E-5 0.975559 0.21973743
vn -7.8411715E-5 0.975559 0.21973743
vn 1.8885835E-4 0.99972266 0.02355009
vn 1.8885835E-4 0.99972266 0.02355009
vn 1.8885835E-4 0.99972266 0.02355009
vn 1.8885835E-4 0.99972266 0.02355009
vn -1.8888434E-4 0.99972266 0.02354925
vn -1.8888434E-4 0.99972266 0.02354925
vn 6.932547E-6 0.8078781 -0.5893496
vn 6.932547E-6 0.8078781 -0.5893496
vn 6.932547E-6 0.8078781 -0.5893496
vn 6.932547E-6 0.8078781 -0.5893496
vn -6.932558E-6 0.8078787 -0.5893489
vn -6.932558E-6 0.8078787 -0.5893489
vn 0.99999285 0.003116546 -0.0021432305
vn 0.99999285 0.003116546 -0.0021432305
vn 0.99999285 0.003116546 -0.0021432305
vn 0.99999285 0.003116546 -0.0021432305
vn 0.093389936 -0.9949206 0.03756691
vn 0.093389936 -0.9949206 0.03756691
vn 0.093389936 -0.9949206 0.03756691
vn 0.093389936 -0.9949206 0.03756691
vn 0.0077653555 -0.0043887114 0.99996024
vn 0.0077653555 -0.0043887114 0.99996024
vn 0.0077653555 -0.0043887114 0.99996024
vn 0.0077653555 -0.0043887114 0.99996024
vn 0.02240981 -0.49965653 0.8659337
vn 0.02240981 -0.49965653 0.8659337
vn 0.02240981 -0.49965653 0.8659337
vn 0.027998261 -0.4848477 0.87415034
vn 0.027998261 -0.4848477 0.87415034
vn -0.022415206 -0.4996533 0.8659354
vn 0.02240981 -0.49965653 0.8659337
vn 0.02240981 -0.49965653 0.8659337
vn -0.022415206 -0.4996533 0.8659354
vn -0.022415206 -0.4996533 0.8659354
vn -0.027996313 -0.48484778 0.8741504
vn -0.027996313 -0.48484778 0.8741504
vn -0.027996313 -0.48484778 0.8741504
vn 0.8222704 0.5690945 -0.001720378
vn 0.8222704 0.5690945 -0.001720378
vn 0.8222704 0.5690945 -0.001720378
vn 0.8222704 0.5690945 -0.001720378
vn -0.022651555 0.50535923 0.86261165
vn -0.022651555 0.50535923 0.86261165
vn -0.022651555 0.50535923 0.86261165
vn -0.022651555 0.50535923 0.86261165
vn -0.8127851 0.58252853 0.0063951574
vn -0.8127851 0.58252853 0.0063951574
vn -0.8127851 0.58252853 0.0063951574
vn -0.8127851 0.58252853 0.0063951574
vn -0.03166072 0.50612396 0.8618794
vn -0.03166072 0.50612396 0.8618794
vn -0.03166072 0.50612396 0.8618794
vn -0.03166072 0.50612396 0.8618794
vn -0.43817806 0.7482618 -0.4981006
vn -0.43817806 0.7482618 -0.4981006
vn -0.43817806 0.7482618 -0.4981006
vn -0.43817806 0.7482618 -0.4981006
vn -0.9998257 0.00472066 0.018062849
vn -0.9998257 0.00472066 0.018062849
vn -0.9998257 0.00472066 0.018062849
vn -0.9998257 0.00472066 0.018062849
vn -0.9998492 2.5121433E-5 0.017368374
vn -0.47607043 0.56447935 -0.67432934
vn -0.47607043 0.56447935 -0.67432934
vn -0.47607043 0.56447935 -0.67432934
vn -0.47607043 0.56447935 -0.67432934
vn -0.7552426 0.43922144 -0.48651123
vn -0.7552426 0.43922144 -0.48651123
vn -0.7552426 0.43922144 -0.48651123
vn -0.7552426 0.43922144 -0.48651123
vn -0.79366666 0.6064226 -0.048423365
vn -0.79366666 0.6064226 -0.048423365
vn -0.79366666 0.6064226 -0.048423365
vn -0.6326036 -0.7737779 0.032870993
vn -0.6326036 -0.7737779 0.032870993
vn -0.6326036 -0.7737779 0.032870993
vn -0.6326036 -0.7737779 0.032870993
vn -0.5297597 -0.8474722 0.033844486
vn -0.5297597 -0.8474722 0.033844486
vn -0.5297597 -0.8474722 0.033844486
vn -0.5297597 -0.8474722 0.033844486
vn -0.5297597 -0.8474722 0.033844486
vn -0.5297597 -0.8474722 0.033844486
vn -0.99563366 0.09119023 0.019949302
vn -0.99563366 0.09119023 0.019949302
vn -0.99563366 0.09119023 0.019949302
vn -0.99563366 0.09119023 0.019949302
vn -0.99294025 0.1055352 0.054148093
vn -0.99294025 0.1055352 0.054148093
vn -0.18190077 -0.6407653 0.7458766
vn -0.18190077 -0.6407653 0.7458766
vn -0.18190077 -0.6407653 0.7458766
vn -0.18190077 -0.6407653 0.7458766
vn -0.7942442 0.5995452 -0.098598324
vn -0.7942442 0.5995452 -0.098598324
vn -0.7942442 0.5995452 -0.098598324
vn -0.7942442 0.5995452 -0.098598324
vn -0.008052891 0.83992887 0.54263675
vn -0.008052891 0.83992887 0.54263675
vn -0.008052891 0.83992887 0.54263675
vn -0.035539415 0.9118088 0.4090741
vn -0.035539415 0.9118088 0.4090741
vn -0.035539415 0.9118088 0.4090741
vn -0.0021539412 0.905428 0.42449436
vn -0.0021539412 0.905428 0.42449436
vn -0.99999285 0.0031165057 -0.002143226
vn -0.99999285 0.0031165057 -0.002143226
vn -0.99999285 0.0031165057 -0.002143226
vn -0.99999285 0.0031165057 -0.002143226
vn -0.09338969 -0.9949207 0.03756688
vn -0.09338969 -0.9949207 0.03756688
vn -0.09338969 -0.9949207 0.03756688
vn -0.09338969 -0.9949207 0.03756688
vn -0.0077659613 -0.0043887096 0.9999602
vn -0.0077659613 -0.0043887096 0.9999602
vn -0.0077659613 -0.0043887096 0.9999602
vn -0.0077659613 -0.0043887096 0.9999602
vn -0.07639404 0.9964534 0.035277974
vn -0.08370362 0.9119681 0.4016315
vn -0.08370362 0.9119681 0.4016315
vn -0.07639404 0.9964534 0.035277974
vn -0.034708988 0.73841214 0.67345583
vn -0.034708988 0.73841214 0.67345583
vn 0.019574871 0.67831606 0.73450947
vn 0.019574871 0.67831606 0.73450947
vn 0.08392208 0.8260798 0.5572695
vn 0.08392208 0.8260798 0.5572695
vn 0.08330053 0.9709915 0.2241351
vn 0.08330053 0.9709915 0.2241351
vn 0.024775058 0.9961304 0.08432367
vn 0.03637934 0.9959521 0.08219438
vn -0.106784776 0.9484086 -0.29852673
vn 0.010184307 0.99804145 0.061721217
vn 0.012951399 0.997835 0.06447942
vn -0.03507936 0.99704325 0.06836809
vn 0.043667194 0.91831744 -0.39342883
vn -0.08582872 0.9938953 0.06932291
vn -0.12185432 0.99254555 -0.0021841668
vn -0.12732416 0.98976946 -0.06438104
vn -0.07111507 0.9522245 0.29700363
vn -0.07111507 0.9522245 0.29700363
vn -0.050202698 0.7976405 0.60104024
vn -0.050202698 0.7976405 0.60104024
vn -0.2985666 0.76511735 0.57048523
vn 0.02205889 0.69717515 0.71656144
vn -0.4451533 0.7414088 0.5021469
vn 0.05842293 0.6886677 0.72271955
vn -0.36853668 0.8061815 0.46287373
vn 0.12467752 0.77299875 0.6220358
vn -0.2639961 0.9345571 0.23855643
vn 0.12233956 0.94218993 0.31194726
vn -0.1989359 0.970676 0.13495395
vn 0.12375815 0.9832459 0.13383332
vn -0.085961625 0.99236465 0.08844759
vn 0.12523983 0.99054164 0.056055825
vn 0.043872535 0.99901617 0.006471877
vn 0.028140087 0.99958956 0.0053708954
vn -0.0015842415 0.99998915 0.0043750377
vn -0.02210578 0.99767715 -0.06443336
vn -0.02210578 0.99767715 -0.06443336
vn -0.7699942 0.634651 0.06578041
vn -0.8338801 0.54329026 0.09736353
vn -0.70312536 0.7033561 0.10442649
vn -0.6760159 0.7201913 0.15597126
vn -0.86617625 0.49785143 0.043389596
vn -0.8442468 0.5283505 0.08996131
vn 0.018797118 0.99921584 0.03484749
vn 0.016669868 0.9993333 0.032480568
vn -0.023487512 0.99940664 0.025194447
vn -0.061482936 0.9979029 0.02023854
vn -0.67902285 0.6969025 0.23076993
vn -0.84622484 0.49384692 0.20004678
vn -0.67902285 0.6969025 0.23076993
vn -0.84622484 0.49384692 0.20004678
vn -0.8681499 0.37707672 0.32269025
vn -0.8681499 0.37707672 0.32269025
vn -0.8400367 0.39116696 0.3759345
vn -0.8400367 0.39116696 0.3759345
vn -0.8157286 0.5033093 0.28507304
vn -0.8157286 0.5033093 0.28507304
vn -0.8242423 0.54848343 0.14067882
vn -0.8242423 0.54848343 0.14067882
vn -0.7359388 0.58906263 -0.33376533
vn -0.7359388 0.58906263 -0.33376533
vn -0.2533886 0.5346076 -0.8062189
vn 0.25707462 0.5038178 -0.8246698
vn 0.7410029 0.58255076 -0.33398986
vn 0.7410029 0.58255076 -0.33398986
vn 0.8198366 0.54289037 0.18203816
vn 0.8198366 0.54289037 0.18203816
vn 0.8329437 0.46719575 0.29653487
vn 0.8329437 0.46719575 0.29653487
vn 0.85937536 0.3578139 0.36529872
vn 0.85937536 0.3578139 0.36529872
vn 0.88497055 0.3162732 0.34175786
vn 0.88497055 0.3162732 0.34175786
vn 0.9026509 0.3465305 0.2552215
vn 0.9026509 0.3465305 0.2552215
vn 0.8845439 0.43984064 0.15531337
vn 0.8845439 0.43984064 0.15531337
vn 0.7761674 0.5713461 0.2666982
vn 0.7761674 0.5713461 0.2666982
vn 0.37483397 0.7003853 0.6074207
vn 0.37483397 0.7003853 0.6074207
vn -0.25020346 0.78306293 0.56939495
vn -0.25020346 0.78306293 0.56939495
vn -0.5160643 0.7876835 0.33650008
vn -0.5160643 0.7876835 0.33650008
vn 0.89781696 0.35905528 0.2549588
vn 0.92197627 0.3620094 0.13750951
vn 0.92197627 0.3620094 0.13750951
vn 0.9074101 0.29995677 0.29433477
vn 0.9074101 0.29995677 0.29433477
vn 0.48297077 0.27798083 0.8303408
vn 0.48297077 0.27798083 0.8303408
vn -0.4523298 0.33293346 0.82737726
vn -0.4523298 0.33293346 0.82737726
vn -0.7916685 0.34312096 0.5054988
vn -0.7916685 0.34312096 0.5054988
vn -0.85867214 0.39582673 0.3255815
vn -0.85867214 0.39582673 0.3255815
vn -0.8892316 0.4194459 0.1825713
vn -0.8892316 0.4194459 0.1825713
vn -0.86127967 0.3921122 0.32318005
vn -0.83783454 0.40248904 0.36883044
vn -0.8195137 0.49900097 0.28177172
vn -0.84186894 0.51378584 0.16516896
vn -0.73867315 0.552831 -0.38566798
vn -0.73867315 0.552831 -0.38566798
vn -0.22729541 0.44832164 -0.86449087
vn -0.22729541 0.44832164 -0.86449087
vn 0.26194173 0.47254482 -0.84147966
vn 0.744259 0.5935746 -0.3061825
vn 0.811147 0.5568828 0.17866762
vn 0.83305174 0.47311738 0.28667897
vn 0.8572818 0.3758572 0.3518511
vn 0.88172334 0.33460027 0.33257574
vn 0.7071069 0.7065039 0.029191157
vn 1.2903119E-7 0.9991475 0.04128345
vn 1.2903119E-7 0.9991475 0.04128345
vn 0.7071069 0.7065039 0.029191157
vn -0.70710695 0.7065038 0.02919115
vn -0.70710695 0.7065038 0.02919115
vn -1.0 1.0967644E-6 4.304397E-7
vn -1.0 1.0967644E-6 4.304397E-7
vn -0.7071082 -0.7065026 -0.02919072
vn -0.7071082 -0.7065026 -0.02919072
vn 1.1290234E-7 -0.9991475 -0.04128344
vn 1.1290234E-7 -0.9991475 -0.04128344
vn 0.70710826 -0.70650256 -0.029190714
vn 0.70710826 -0.70650256 -0.029190714
vn 1.0 1.3709558E-6 4.4253645E-7
vn 1.0 1.3709558E-6 4.4253645E-7
vn 0.7071069 0.7065039 0.029191157
vn 0.7071069 0.7065039 0.029191157
vn -0.0 -0.041285764 0.99914736
vn -0.0 -0.041278727 0.99914765
vn -0.0 -0.041283358 0.9991475
vn -0.0 -0.041285764 0.99914736
vn -0.0 -0.041274816 0.99914783
vn 3.511078E-5 -0.041271698 0.99914795
vn -0.0 -0.04128193 0.99914753
vn -3.511078E-5 -0.04127168 0.99914795
vn -0.0 -0.041274816 0.99914783
vn -2.7844044E-5 0.07895085 -0.9968785
vn -2.7844044E-5 0.07895085 -0.9968785
vn -2.7844044E-5 0.07895085 -0.9968785
vn -2.7844044E-5 0.07895085 -0.9968785
vn -0.8372122 0.030184159 -0.5460446
vn -0.8372122 0.030184159 -0.5460446
vn -0.8372122 0.030184159 -0.5460446
vn -0.8372122 0.030184159 -0.5460446
vn 0.0068350825 0.7761776 -0.6304773
vn 0.0068350825 0.7761776 -0.6304773
vn 0.0068350825 0.7761776 -0.6304773
vn 0.0068350825 0.7761776 -0.6304773
vn -0.87908995 0.36623192 -0.30508196
vn -0.87908995 0.36623192 -0.30508196
vn -0.87908995 0.36623192 -0.30508196
vn -0.87908995 0.36623192 -0.30508196
vn 0.94417155 0.2456143 -0.2195762
vn 0.94417155 0.2456143 -0.2195762
vn 0.94417155 0.2456143 -0.2195762
vn 0.94417155 0.2456143 -0.2195762
vn 0.9319364 0.018941116 -0.36212674
vn 0.9319364 0.018941116 -0.36212674
vn 0.9319364 0.018941116 -0.36212674
vn 0.9319364 0.018941116 -0.36212674
vn -3.268459E-4 0.9999663 0.008199842
vn -3.268459E-4 0.9999663 0.008199842
vn -3.268459E-4 0.9999663 0.008199842
vn -3.268459E-4 0.9999663 0.008199842
vn -0.8890481 0.45753297 0.016033228
vn -0.8890481 0.45753297 0.016033228
vn -0.8890481 0.45753297 0.016033228
vn -0.8890481 0.45753297 0.016033228
vn -0.882723 0.46968865 -0.013880876
vn 0.95201355 0.30421445 0.033521876
vn 0.95201355 0.30421445 0.033521876
vn 0.95201355 0.30421445 0.033521876
vn 0.95201355 0.30421445 0.033521876
vn 2.0905297E-6 0.85430133 -0.5197781
vn 2.0905297E-6 0.85430133 -0.5197781
vn 2.0905297E-6 0.85430133 -0.5197781
vn 2.0905297E-6 0.85430133 -0.5197781
vn 0.93021196 0.36086723 0.06693648
vn 0.93021196 0.36086723 0.06693648
vn 0.93021196 0.36086723 0.06693648
vn -0.75000256 0.35390124 -0.5587934
vn -0.75000256 0.35390124 -0.5587934
vn -0.75000256 0.35390124 -0.5587934
vn -0.75000256 0.35390124 -0.5587934
vn 0.8247284 0.31049946 -0.472666
vn 0.8247284 0.31049946 -0.472666
vn 0.8247284 0.31049946 -0.472666
vn 0.8247284 0.31049946 -0.472666
vn -0.0 0.348101 -0.9374571
vn -0.0 0.348101 -0.9374571
vn -0.0 0.348101 -0.9374571
vn -0.0 0.348101 -0.9374571
vn -0.62026185 0.30637893 -0.7220853
vn -0.62026185 0.30637893 -0.7220853
vn -0.62026185 0.30637893 -0.7220853
vn -0.62026185 0.30637893 -0.7220853
vn -0.9439746 0.32988358 0.009420326
vn -0.9439746 0.32988358 0.009420326
vn -0.9439746 0.32988358 0.009420326
vn -0.9439746 0.32988358 0.009420326
vn -0.64599675 0.32653442 0.6899735
vn -0.64599675 0.32653442 0.6899735
vn -0.64599675 0.32653442 0.6899735
vn -0.64599675 0.32653442 0.6899735
vn 0.6183988 0.2852068 -0.73228407
vn 0.6183988 0.2852068 -0.73228407
vn 0.6183988 0.2852068 -0.73228407
vn 0.6183988 0.2852068 -0.73228407
vn 0.9422213 0.33476907 0.012198234
vn 0.9422213 0.33476907 0.012198234
vn 0.9422213 0.33476907 0.012198234
vn 0.9422213 0.33476907 0.012198234
vn 0.6400043 0.32255465 0.6973902
vn 0.6400043 0.32255465 0.6973902
vn 0.6400043 0.32255465 0.6973902
vn 0.6400043 0.32255465 0.6973902
vn 0.0023310932 0.999978 -0.006205144
vn 0.0023310932 0.999978 -0.006205144
vn 0.0023310932 0.999978 -0.006205144
vn 0.0023310932 0.999978 -0.006205144
vn 0.006613458 0.9999279 -0.010026072
vn 0.006613458 0.9999279 -0.010026072
vn -0.0 0.99822915 -0.059485823
vn -0.0 0.99822915 -0.059485823
vn -0.0 0.99822915 -0.059485823
vn -0.0 0.99822915 -0.059485823
vn -0.77396965 0.34701428 0.52967167
vn -0.77396965 0.34701428 0.52967167
vn -0.77396965 0.34701428 0.52967167
vn -0.77396965 0.34701428 0.52967167
vn 0.70816976 0.35131815 0.61243045
vn 0.70816976 0.35131815 0.61243045
vn 0.70816976 0.35131815 0.61243045
vn 0.70816976 0.35131815 0.61243045
vn 0.0032885533 0.98679996 0.16191053
vn 0.0032885533 0.98679996 0.16191053
vn 0.0032885533 0.98679996 0.16191053
vn 0.0032885533 0.98679996 0.16191053
vn -0.0034617046 0.40665236 0.9135764
vn -0.0034617046 0.40665236 0.9135764
vn -0.0034617046 0.40665236 0.9135764
vn -0.0034617046 0.40665236 0.9135764
vn -0.010216585 0.8789705 0.4767666
vn -0.010216585 0.8789705 0.4767666
vn -0.010216585 0.8789705 0.4767666
vn -0.010216585 0.8789705 0.4767666
vn 0.96964467 0.23784666 -0.056728292
vn 0.96964467 0.23784666 -0.056728292
vn 0.96964467 0.23784666 -0.056728292
vn -0.95511997 0.24827997 0.16156398
vn -0.95511997 0.24827997 0.16156398
vn -0.95511997 0.24827997 0.16156398
vn 9.3625754E-4 0.99998623 -0.0051660994
vn 9.3625754E-4 0.99998623 -0.0051660994
vn 9.3625754E-4 0.99998623 -0.0051660994
vn -0.0031084842 0.9999293 -0.011475229
vn -0.0031084842 0.9999293 -0.011475229
vn -0.0031084842 0.9999293 -0.011475229
vn -0.0031084842 0.9999293 -0.011475229
vn 1.8579976E-4 0.9996641 -0.02591641
vn 1.8579976E-4 0.9996641 -0.02591641
vn 0.003773182 0.9995792 -0.028761167
vn -0.0038427108 0.9999816 -0.0046935296
vn -0.002723847 0.9999852 -0.0047000414
vn -0.002723847 0.9999852 -0.0047000414
vn 0.0073880907 0.99966437 -0.024832038
vn -0.0073763276 0.99997145 -0.001646601
vn 0.0073880907 0.99966437 -0.024832038
vn 0.028993651 0.99957895 0.0010984027
vn 0.0073880907 0.99966437 -0.024832038
vn 0.028993651 0.99957895 0.0010984027
vn 0.028993651 0.99957895 0.0010984027
vn -0.0033768178 0.99968916 0.024700401
vn -0.0033768178 0.99968916 0.024700401
vn -0.0033768178 0.99968916 0.024700401
vn -0.0033768178 0.99968916 0.024700401
vn 0.004818239 0.999786 0.02011793
vn 0.004818239 0.999786 0.02011793
vn 0.012882575 0.99981534 -0.014259758
vn 0.012882575 0.99981534 -0.014259758
vn -0.0034511765 0.9999882 -0.0034160533
vn -0.004016238 0.99998766 -0.002915922
vn -0.004016238 0.99998766 -0.002915922
vn -9.806342E-6 0.9999981 -0.001958363
vn -0.0073763276 0.99997145 -0.001646601
vn -0.006762518 0.9999627 -0.005375147
vn -0.0073763276 0.99997145 -0.001646601
vn 0.0037935232 0.9999873 -0.0033246242
vn -0.0073763276 0.99997145 -0.001646601
vn -0.0073763276 0.99997145 -0.001646601
vn -0.96074855 0.27715132 0.01222148
vn -0.96074855 0.27715132 0.01222148
vn -0.96074855 0.27715132 0.01222148
vn -0.96074855 0.27715132 0.01222148
vn -0.5714862 0.19723134 -0.7965572
vn -0.5714862 0.19723134 -0.7965572
vn -0.5714862 0.19723134 -0.7965572
vn -0.5714862 0.19723134 -0.7965572
vn -0.97384435 0.22717251 0.004454474
vn -0.96691513 0.25506473 0.00413449
vn -0.96691513 0.25506473 0.00413449
vn -0.97384435 0.22717251 0.004454474
vn -0.9591872 0.28274623 0.0038110917
vn -0.9591872 0.28274623 0.0038110917
vn 0.9314216 0.2982185 -0.20861356
vn 0.9314216 0.2982185 -0.20861356
vn 0.9314216 0.2982185 -0.20861356
vn 0.9284022 0.37156883 0.0024454764
vn 0.9210231 0.3895009 0.0023628995
vn 0.9284022 0.37156883 0.0024454764
vn 0.9210231 0.3895009 0.0023628995
vn 0.9132976 0.40728644 0.0022794334
vn 0.9132976 0.40728644 0.0022794334
vn -0.6530217 0.46656182 -0.5965591
vn -0.6530217 0.46656182 -0.5965591
vn -0.6530217 0.46656182 -0.5965591
vn -0.6530217 0.46656182 -0.5965591
vn -0.6530217 0.46656182 -0.5965591
vn -0.6530217 0.46656182 -0.5965591
vn -0.9857878 0.16765432 -0.010695187
vn -0.9857878 0.16765432 -0.010695187
vn -0.9857878 0.16765432 -0.010695187
vn -0.9857878 0.16765432 -0.010695187
vn -0.89943117 0.39818105 0.18020913
vn -0.89943117 0.39818105 0.18020913
vn -0.89943117 0.39818105 0.18020913
vn -0.5624681 0.32520184 0.7601799
vn -0.5624681 0.32520184 0.7601799
vn -0.5624681 0.32520184 0.7601799
vn -0.5624681 0.32520184 0.7601799
vn 0.75112796 0.2544917 0.60913116
vn 0.75112796 0.2544917 0.60913116
vn 0.75112796 0.2544917 0.60913116
vn 0.75112796 0.2544917 0.60913116
vn 0.75112796 0.2544917 0.60913116
vn 0.01134918 0.48360622 -0.8752121
vn 0.01134918 0.48360622 -0.8752121
vn 0.01134918 0.48360622 -0.8752121
vn -0.00253583 0.47742113 -0.87867093
vn 0.01134918 0.48360622 -0.8752121
vn 0.01134918 0.48360622 -0.8752121
vn 0.14298277 0.5261238 -0.8383016
vn 0.14298277 0.5261238 -0.8383016
vn 0.14298277 0.5261238 -0.8383016
vn 0.86420125 0.50287074 0.016649993
vn 0.86420125 0.50287074 0.016649993
vn 0.86420125 0.50287074 0.016649993
vn 0.86420125 0.50287074 0.016649993
vn 0.5739814 -0.36635047 -0.7323473
vn 0.46242708 -0.34389195 -0.8172512
vn 0.52261895 -0.37617892 -0.7650874
vn 0.7088191 -0.46544087 -0.53003806
vn 0.7135834 -0.43521017 -0.5489907
vn 0.86698085 -0.48367417 -0.12001461
vn 0.82810056 -0.4526063 -0.33075222
vn 0.8989554 -0.4206262 -0.12228153
vn 0.7587089 -0.62702924 0.17662135
vn 0.8992912 -0.39612547 0.18536417
vn 0.5307168 -0.7345427 0.4228318
vn 0.6450879 -0.57764876 0.5001835
vn 0.32271188 -0.7651287 0.5571672
vn 0.3629844 -0.6314886 0.6851747
vn 0.45865214 -0.8048356 -0.37666675
vn 0.41946974 -0.78672045 -0.45289737
vn 0.33606607 -0.72518694 -0.6009688
vn 0.2578111 -0.68559444 -0.68080366
vn 0.19840689 -0.69533867 -0.6907524
vn 0.44850773 -0.43625867 -0.78007644
vn 0.13585131 -0.6991782 -0.7019219
vn 0.31245562 -0.43855506 -0.84263927
vn 0.4129186 -0.36098602 -0.8361742
vn 0.27829754 -0.3607732 -0.8901647
vn 0.1143637 -0.3773418 -0.9189853
vn 0.097112365 -0.3348866 -0.93724066
vn -0.11770184 -0.35505718 -0.9274053
vn 0.061596517 -0.3302817 -0.9418704
vn -0.03853964 -0.419791 -0.90680224
vn 0.09767415 -0.41315252 -0.9054086
vn 0.015702892 -0.36696061 -0.9301039
vn 0.03190125 -0.42805928 -0.90318745
vn -0.028604494 -0.43093586 -0.9019291
vn 0.07177965 -0.47727716 -0.87581635
vn -0.11020293 -0.4738386 -0.8736889
vn -0.030823702 -0.37579623 -0.92618954
vn -0.15292086 -0.35782406 -0.9211825
vn -0.14156546 -0.3609946 -0.9217603
vn -0.1506884 -0.4133976 -0.89799523
vn 0.025890082 -0.3789134 -0.9250699
vn -0.28519437 -0.43947768 -0.85177666
vn -0.2579647 -0.3687919 -0.89299875
vn -0.3719867 -0.4056998 -0.83488536
vn -0.34556293 -0.35577336 -0.8683384
vn -0.007138958 -0.70268714 -0.7114631
vn 0.022987612 -0.65442896 -0.755774
vn 0.06388711 -0.6958275 -0.71536183
vn -0.10782175 -0.7027641 -0.70320493
vn -0.052627724 -0.71354467 -0.6986303
vn -0.13023661 -0.6515743 -0.7473214
vn -0.15172459 -0.59062487 -0.792554
vn -0.43731335 -0.33918914 -0.8328912
vn -0.19051462 -0.6410377 -0.7434883
vn -0.5124766 -0.4022287 -0.7586697
vn -0.4028965 -0.32880998 -0.85414195
vn -0.38310272 -0.3384011 -0.85948646
vn -0.5014113 -0.387111 -0.7737776
vn -0.68173665 -0.5196807 -0.5149437
vn -0.6887712 -0.53590477 -0.48826244
vn -0.8161469 -0.5444525 -0.19358625
vn -0.7976082 -0.5981049 -0.0780498
vn -0.92400694 -0.38225576 -0.009579261
vn -0.6571673 -0.74062204 0.14003569
vn -0.7856177 -0.5794794 0.21681425
vn -0.5973761 -0.76068574 0.25396657
vn -0.34182417 -0.8605726 0.37758595
vn -0.43464777 -0.71233857 0.55104905
vn -0.27954486 -0.80722904 0.5198422
vn -0.067668915 -0.62428474 0.7782605
vn -0.086331695 -0.7823655 0.6168072
vn -0.3223072 -0.8896544 -0.3234704
vn -0.2579842 -0.7871701 -0.56018513
vn -0.28256443 -0.9551225 0.08887258
vn -0.40574065 -0.74630016 -0.52764624
vn -0.24566753 -0.6359506 -0.7315834
vn -0.14237298 -0.59791833 -0.7888115
vn -0.1389514 -0.63865054 -0.75684744
vn -0.13498983 -0.6645563 -0.73494405
vn -0.09373922 -0.660206 -0.7452121
vn -0.027097534 -0.6414441 -0.7666911
vn 0.099739164 -0.6262433 -0.77322143
vn 0.21503194 -0.6380747 -0.7393389
vn 0.28623828 -0.6300519 -0.72187406
vn 0.4144906 -0.5890593 -0.6936906
vn 0.53747356 -0.6220542 -0.56935984
vn 0.6040383 -0.6834847 -0.4098616
vn 0.638748 -0.6909816 -0.33844543
vn 0.23353936 -0.16813032 -0.95770115
vn 0.5260322 -0.17659503 -0.831928
vn 0.6416687 -0.18392374 -0.74460286
vn 0.78408396 -0.14972268 -0.6023251
vn 0.9156493 -0.16964813 -0.3644253
vn 0.9585059 -0.20545162 -0.19762613
vn 0.9683969 -0.20491591 -0.14218624
vn 0.9972384 -0.033749815 -0.06615523
vn 0.9940338 -0.030285884 -0.1047831
vn 0.96661013 -0.013741642 -0.2558828
vn 0.86071277 0.03115815 -0.5081366
vn 0.7444584 0.060211074 -0.6649484
vn 0.62569344 0.08198725 -0.7757486
vn 0.2797733 0.08686745 -0.9561281
vn -0.10218522 0.0442402 -0.99378115
vn -0.0823737 -0.20158114 -0.97600186
vn -0.24161784 -0.23872405 -0.9405486
vn -0.34777558 -0.27565357 -0.8961402
vn -0.41722324 -0.31977773 -0.8506862
vn -0.43534246 -0.35360333 -0.82791406
vn -0.6314042 -0.35786745 -0.6879387
vn -0.881399 -0.33084723 -0.3371586
vn -0.932751 -0.34429184 -0.10695231
vn -0.47000426 -0.83234125 -0.29377553
vn -0.315528 -0.94577265 0.07717618
vn -0.14539845 -0.9328237 0.32969558
vn -0.77185786 -0.6317334 0.07175227
vn -0.2329576 -0.9248095 0.30076268
vn -0.76566416 -0.18684053 -0.6155071
vn -0.97346634 -0.10401051 -0.20382607
vn -0.998193 -0.059944723 0.004153293
vn -0.57182026 -0.19259818 -0.79745066
vn -0.53239274 -0.122089 -0.83764684
vn -0.42192078 -0.048657548 -0.90532607
vn -0.291697 8.6832064E-4 -0.9565104
vn -0.217194 -0.7365513 -0.6405615
vn -0.21217453 -0.44851768 -0.86822456
vn -0.19026174 -0.6390179 -0.7452897
vn -0.13457711 -0.28213322 -0.9498894
vn -0.08184295 -0.113066934 -0.99021083
vn 0.21650866 -0.754299 -0.619804
vn 0.12456366 -0.48019338 -0.86827314
vn 0.27623406 -0.2923504 -0.9155468
vn 0.2289873 -0.643502 -0.7303903
vn 0.23174211 -0.10543503 -0.96704656
vn 0.2684858 -0.36196214 -0.8926919
vn -0.31385025 -0.37805662 -0.87095994
vn -0.20027933 -0.6612569 -0.72292984
vn 0.22825336 -0.64215684 -0.7318025
vn 0.2684858 -0.36196214 -0.8926919
vn 0.017759295 -0.28804886 -0.957451
vn -0.14261788 -0.18220767 -0.972862
vn 0.10843155 -0.28610206 -0.9520442
vn 0.28354117 -0.17323348 -0.9431832
vn -0.21217453 -0.44851768 -0.86822456
vn 0.28354117 -0.17323348 -0.9431832
vn -0.31385025 -0.37805662 -0.87095994
vn 0.10004864 -0.3330911 -0.93757164
vn 0.1657265 -0.4091398 -0.8972956
vn 0.026931828 -0.30792356 -0.95102984
vn 0.2417836 -0.44504493 -0.8622504
vn -0.03997355 -0.31294292 -0.9489303
vn -0.14534488 -0.3259254 -0.934156
vn -0.23278855 -0.3561711 -0.9049595
vn -0.21638486 -0.42124665 -0.8807547
vn 0.31411347 -0.4244906 -0.8491999
vn 0.4570228 -0.35152292 -0.81704456
vn -0.1799675 -0.46482193 -0.8669212
vn -0.10489646 -0.511913 -0.8526088
vn -0.1780919 -0.5845561 -0.79156643
vn -0.25279534 -0.81678057 -0.5186175
vn -0.27631631 -0.95342666 -0.12094144
vn -0.21386364 -0.9708745 0.108004995
vn -0.30007973 -0.43029946 -0.85134864
vn -0.41504946 -0.28320435 -0.8645977
vn -0.4925763 -0.10481401 -0.86393434
vn -0.30183724 -0.01761732 -0.95319664
vn -0.08273678 0.025914239 -0.9962345
vn 0.060935646 0.026844911 -0.9977806
vn 0.23161423 -0.040407617 -0.9719682
vn 0.41919228 -0.20028174 -0.885531
vn 0.52939945 -0.28380087 -0.79949564
vn 0.3848505 -0.4272672 -0.81812763
vn 0.056835957 -0.05597545 -0.9968132
vn 0.25456274 -0.11047232 -0.9607256
vn 0.5073822 -0.24785976 -0.82530534
vn 0.60265005 -0.3415523 -0.72121775
vn -0.091037445 -0.061774176 -0.9939296
vn -0.33023146 -0.11140192 -0.9373029
vn -0.011024589 -0.7475505 -0.6641136
vn -0.033353094 -0.74511653 -0.6660997
vn -0.07555615 -0.7444504 -0.66338897
vn -0.5373293 -0.20406689 -0.8183117
vn -0.064544 -0.6436198 -0.76261896
vn -0.0031977869 -0.74790305 -0.6638003
vn 0.0149465 -0.7320989 -0.6810344
vn 0.061067272 -0.7341862 -0.6761963
vn 0.12772621 -0.72540694 -0.6763658
vn 0.12479738 -0.6555227 -0.74479234
vn -0.55973464 -0.79690117 -0.2272568
vn -0.2643937 -0.71379465 -0.6485315
vn -0.5056733 -0.8598729 -0.07009402
vn -0.26700136 -0.95541763 0.12604561
vn -0.0659081 -0.9730116 0.22114387
vn 0.103175215 -0.97210634 0.21062787
vn 0.36463347 -0.924661 0.10974746
vn 0.5398729 -0.84126616 -0.028435422
vn 0.27375063 -0.7471586 -0.6056523
vn -0.6821083 -0.7160324 -0.14841135
vn -0.5963318 -0.8000901 0.0651476
vn -0.3025213 -0.9222172 0.24082436
vn -0.073772915 -0.9431159 0.32417575
vn 0.11349406 -0.9404107 0.32054144
vn 0.40161446 -0.8896739 0.21722388
vn 0.6070283 -0.7908577 0.077850945
vn 0.5486763 -0.8035438 -0.2308064
vn -0.28134173 -0.7840186 -0.5533188
vn -0.28243643 -0.69933945 -0.65662324
vn -0.24015866 -0.86948055 -0.43165657
vn -0.126572 -0.92127675 -0.36773452
vn -0.043649975 -0.9754361 -0.21591453
vn 0.05341032 -0.9749245 -0.21603148
vn 0.14916341 -0.9186146 -0.36591998
vn 0.22253588 -0.8774314 -0.42496118
vn 0.21263428 -0.7972227 -0.564998
vn 0.21110126 -0.7071974 -0.67476517
vn 0.018646346 -0.54894817 -0.8356484
vn 0.20972355 -0.4754437 -0.8543824
vn 0.17985886 -0.54401314 -0.8195734
vn 0.33489645 -0.41447222 -0.8462016
vn 0.24652217 -0.79776996 -0.5502635
vn 0.3126937 -0.9379984 -0.14960465
vn 0.29239148 -0.9534119 0.074250415
vn 0.2040624 -0.9647681 0.16607547
vn 0.13738999 -0.9689246 0.20569198
vn 0.2040624 -0.9647681 0.16607547
vn 0.13738999 -0.9689246 0.20569198
vn -0.10963034 -0.9753274 0.19161849
vn -0.05448347 -0.97586966 0.21144733
vn -0.10963034 -0.9753274 0.19161849
vn -0.21386364 -0.9708745 0.108004995
vn 0.8090175 0.0 -0.58778465
vn 0.3090168 0.0 -0.95105654
vn 0.3090168 0.0 -0.95105654
vn 0.8090175 0.0 -0.58778465
vn -0.30901477 0.0 -0.95105726
vn -0.30901477 0.0 -0.95105726
vn -0.8090162 0.0 -0.5877863
vn -0.8090162 0.0 -0.5877863
vn -1.0 0.0 1.7234806E-6
vn -1.0 0.0 1.7234806E-6
vn -0.8090153 0.0 0.58778775
vn 1.0 0.0 0.0
vn -0.8090153 0.0 0.58778775
vn -0.8090153 0.0 0.58778775
vn -0.30901477 0.0 0.95105726
vn -0.30901477 0.0 0.95105726
vn 0.3090168 0.0 0.95105654
vn 0.3090168 0.0 0.95105654
vn 0.8090175 0.0 0.58778465
vn 0.8090175 0.0 0.58778465
vn 1.0 0.0 0.0
vn 0.8090175 0.0 -0.58778465
vn -0.5357254 0.749334 0.38922596
vn -0.0 1.0 4.213558E-7
vn -0.20463057 0.7493347 0.6297808
vn 0.20463057 0.74933445 0.6297811
vn 0.5357252 0.7493338 0.38922668
vn 0.6621916 0.7493346 2.3719354E-6
vn 0.53572667 0.7493341 -0.38922417
vn 0.2046305 0.74933493 -0.62978053
vn -0.20463046 0.7493346 -0.629781
vn -0.53572696 0.7493343 -0.3892234
vn -0.66219175 0.7493344 3.911612E-6
vn -0.8066117 0.07706828 0.5860358
vn -0.30810118 0.07706779 0.9482269
vn 0.30810133 0.07706781 0.94822687
vn 0.8066117 0.07706832 0.5860359
vn 0.99702585 0.07706789 3.5712935E-6
vn 0.8066138 0.0770671 -0.58603317
vn 0.30810118 0.07706808 -0.94822687
vn -0.30810127 0.0770681 -0.94822687
vn -0.806614 0.07706707 -0.58603287
vn -0.99702585 0.07706779 3.6809377E-6
vn -0.0 1.0 0.0
vn -0.0 1.0 0.0
vn -0.0 1.0 0.0
vn -0.0 1.0 0.0
vn -0.0 1.0 3.2264036E-6
vn -0.0 1.0 3.2264036E-6
vn -0.0 1.0 3.2264036E-6
vn -0.0 1.0 3.2264036E-6
vn -0.0 1.0 -8.065986E-7
vn -0.0 1.0 -8.065986E-7
vn -0.0 1.0 -4.03306E-6
vn -0.0 1.0 -4.03306E-6
vn -0.0 1.0 -1.613183E-6
vn -0.0 1.0 -1.613183E-6
vn -0.0 1.0 2.8232016E-6
vn -0.0 1.0 2.8232016E-6
vn -0.0 1.0 2.016522E-6
vn -0.0 1.0 2.016522E-6
vn -0.0 1.0 8.0659896E-7
vn -0.0 1.0 8.0659896E-7
vn 0.80901575 0.0 -0.58778703
vn 0.309014 0.0 -0.9510575
vn 0.309014 0.0 -0.9510575
vn 0.80901575 0.0 -0.58778703
vn -0.30901203 0.0 -0.95105815
vn -0.30901203 0.0 -0.95105815
vn -0.8090145 0.0 -0.58778864
vn -0.8090145 0.0 -0.58778864
vn -1.0 0.0 6.110521E-7
vn -1.0 0.0 6.110521E-7
vn -0.80901414 0.0 0.5877891
vn 1.0 0.0 -1.1124275E-6
vn -0.80901414 0.0 0.5877891
vn -0.80901414 0.0 0.5877891
vn -0.30901203 0.0 0.95105815
vn -0.30901203 0.0 0.95105815
vn 0.309014 0.0 0.9510575
vn 0.309014 0.0 0.9510575
vn 0.8090164 0.0 0.5877861
vn 0.8090164 0.0 0.5877861
vn 1.0 0.0 -1.1124275E-6
vn 0.80901575 0.0 -0.58778703
vn -0.5357235 0.74933475 0.38922712
vn -0.0 1.0 4.213558E-7
vn -0.20462768 0.7493343 0.62978226
vn 0.20462762 0.749334 0.6297826
vn 0.53572345 0.7493345 0.3892278
vn 0.66219205 0.74933416 1.1651609E-6
vn 0.5357254 0.7493344 -0.38922527
vn 0.20462905 0.7493347 -0.6297813
vn -0.20462899 0.74933434 -0.6297817
vn -0.5357257 0.7493345 -0.3892245
vn -0.6621921 0.7493341 2.694435E-6
vn -0.80661 0.07706829 0.5860383
vn -0.30809656 0.07706794 0.94822836
vn 0.3080967 0.07706795 0.9482283
vn 0.80661 0.07706834 0.5860383
vn 0.99702585 0.0770674 1.7543183E-6
vn 0.8066123 0.07706728 -0.5860351
vn 0.3080989 0.07706817 -0.94822764
vn -0.30809894 0.07706819 -0.9482276
vn -0.8066126 0.07706727 -0.58603483
vn -0.99702585 0.07706731 1.8482995E-6
vn -0.0 1.0 0.0
vn -0.0 1.0 0.0
vn -0.0 1.0 0.0
vn -0.0 1.0 0.0
vn -0.0 1.0 3.2264036E-6
vn -0.0 1.0 3.2264036E-6
vn -0.0 1.0 3.2264036E-6
vn -0.0 1.0 3.2264036E-6
vn -0.0 1.0 -8.065986E-7
vn -0.0 1.0 -8.065986E-7
vn -0.0 1.0 -4.03306E-6
vn -0.0 1.0 -4.03306E-6
vn -0.0 1.0 -1.613183E-6
vn -0.0 1.0 -1.613183E-6
vn -0.0 1.0 2.8232016E-6
vn -0.0 1.0 2.8232016E-6
vn -0.0 1.0 2.016522E-6
vn -0.0 1.0 2.016522E-6
vn -0.0 1.0 8.0659896E-7
vn -0.0 1.0 8.0659896E-7
vn -1.0 3.5952667E-7 0.0
vn -1.0 1.7976333E-7 0.0
vn -1.0 3.5952667E-7 0.0
vn -1.0 1.7976333E-7 0.0
vn -1.0 0.0 0.0
vn -1.0 -1.5761535E-7 0.0
vn -1.0 0.0 0.0
vn -1.0 -1.0427171E-7 0.0
vn -1.0 1.0455463E-7 -1.6208074E-7
vn -1.0 0.0 0.0
vn -1.0 1.0455463E-7 -1.6208074E-7
vn -1.0 1.0455463E-7 -1.6208074E-7
vn -1.0 1.0455463E-7 -1.6208074E-7
vn -1.0 0.0 0.0
vn -1.0 0.0 0.0
vn -1.0 0.0 0.0
vn -1.0 0.0 0.0
vn -1.0 0.0 0.0
vn -1.0 -1.202256E-7 1.5771978E-7
vn -1.0 -1.202256E-7 1.5771978E-7
vn -1.0 -1.202256E-7 1.5771978E-7
vn -1.0 -2.4019985E-6 0.0
vn -1.0 -2.4019985E-6 0.0
vn -1.0 -2.4019985E-6 0.0
vn -1.0 -2.2170669E-7 2.4182185E-7
vn -1.0 -2.2170669E-7 2.4182185E-7
vn -1.0 -2.2170669E-7 2.4182185E-7
vn -1.0 -7.145634E-7 0.0
vn -1.0 -1.788781E-7 -2.3353012E-7
vn -1.0 0.0 0.0
vn -1.0 0.0 0.0
vn -1.0 -3.3966654E-7 0.0
vn -1.0 -1.5473974E-7 0.0
vn -1.0 0.0 -1.2368484E-7
vn -1.0 -1.5473974E-7 0.0
vn -1.0 -1.5473974E-7 0.0
vn -1.0 -1.5473974E-7 0.0
vn -1.0 -1.2624342E-7 1.4096743E-7
vn -1.0 1.2784741E-7 0.0
vn -1.0 1.2784741E-7 0.0
vn -1.0 0.0 0.0
vn -1.0 0.0 0.0
vn -1.0 5.511381E-7 0.0
vn -1.0 5.511381E-7 0.0
vn -1.0 5.511381E-7 0.0
vn -1.0 -2.5146454E-7 2.7821642E-7
vn -1.0 -2.5146454E-7 2.7821642E-7
vn -1.0 -1.3473255E-7 2.4002523E-7
vn -1.0 -2.1276442E-7 2.5642652E-7
vn -1.0 2.6853849E-7 -4.8603215E-7
vn -1.0 -7.9780443E-7 0.0
vn -1.0 0.0 0.0
vn -1.0 0.0 0.0
vn -1.0 0.0 0.0
vn -1.0 0.0 0.0
vn -1.0 0.0 0.0
vn -1.0 0.0 0.0
vn -1.0 2.6853849E-7 -4.8603215E-7
vn -1.0 2.6853849E-7 -4.8603215E-7
vn -1.0 -2.1276442E-7 2.5642652E-7
vn -1.0 -2.1276442E-7 2.5642652E-7
vn -1.0 -2.1276442E-7 2.5642652E-7
vn 1.0 -1.1422485E-7 0.0
vn 1.0 0.0 0.0
vn 1.0 0.0 0.0
vn 1.0 -1.1422485E-7 0.0
vn 1.0 1.3776716E-7 0.0
vn 1.0 1.3791308E-7 0.0
vn 1.0 0.0 0.0
vn 1.0 0.0 0.0
vn 1.0 0.0 1.620801E-7
vn 1.0 0.0 0.0
vn 1.0 0.0 1.620801E-7
vn 1.0 0.0 1.620801E-7
vn 1.0 0.0 1.620801E-7
vn 1.0 1.6455668E-7 0.0
vn 1.0 1.6455668E-7 0.0
vn 1.0 0.0 0.0
vn 1.0 0.0 0.0
vn 1.0 0.0 0.0
vn 1.0 0.0 -1.5772076E-7
vn 1.0 0.0 -1.5772076E-7
vn 1.0 0.0 -1.5772076E-7
vn 1.0 0.0 0.0
vn 1.0 0.0 0.0
vn 1.0 0.0 0.0
vn 1.0 0.0 -2.4182185E-7
vn 1.0 0.0 -2.4182185E-7
vn 1.0 0.0 -2.4182185E-7
vn 1.0 0.0 0.0
vn 1.0 0.0 2.3353012E-7
vn 1.0 -3.6063796E-7 0.0
vn 1.0 -3.6063796E-7 0.0
vn 1.0 -3.3966654E-7 0.0
vn 1.0 0.0 0.0
vn 1.0 0.0 1.236831E-7
vn 1.0 0.0 0.0
vn 1.0 0.0 0.0
vn 1.0 0.0 0.0
vn 1.0 0.0 -1.4096806E-7
vn 1.0 0.0 0.0
vn 1.0 0.0 0.0
vn 1.0 0.0 -1.3199664E-7
vn 1.0 0.0 -1.3199664E-7
vn 1.0 -3.1493445E-7 0.0
vn 1.0 -3.1493445E-7 0.0
vn 1.0 -3.1493445E-7 0.0
vn 1.0 7.543936E-7 -2.5590785E-7
vn 1.0 7.543936E-7 -2.5590785E-7
vn 1.0 0.0 -2.4002213E-7
vn 1.0 2.0949251E-7 -1.8269701E-7
vn 1.0 3.5804516E-7 3.600092E-7
vn 1.0 0.0 0.0
vn 1.0 0.0 0.0
vn 1.0 0.0 0.0
vn 1.0 0.0 0.0
vn 1.0 0.0 0.0
vn 1.0 0.0 0.0
vn 1.0 0.0 0.0
vn 1.0 3.5804516E-7 3.600092E-7
vn 1.0 3.5804516E-7 3.600092E-7
vn 1.0 3.5804516E-7 3.600092E-7
vn 1.0 3.5804516E-7 3.600092E-7
vn 1.0 3.5804516E-7 3.600092E-7
vn 1.0 2.0949251E-7 -1.8269701E-7
vn -0.0 0.02741469 -0.9996242
vn -0.0 0.02741469 -0.9996242
vn -0.0 0.02741469 -0.9996242
vn -0.0 0.02741469 -0.9996242
vn -0.0 0.99962467 0.027396956
vn -0.0 0.99962467 0.027396956
vn -0.0 0.99962467 0.027396956
vn -0.0 0.99962467 0.027396956
vn -0.0 -0.02741469 0.9996242
vn -0.0 -0.02741469 0.9996242
vn -0.0 -0.02741469 0.9996242
vn -0.0 -0.02741469 0.9996242
vn -0.0 0.9711879 -0.23831515
vn -0.0 0.9711879 -0.23831515
vn -0.0 0.9711879 -0.23831515
vn -0.0 0.9711879 -0.23831515
vn -0.0 0.23397104 -0.9722436
vn -0.0 0.23397104 -0.9722436
vn -0.0 0.23397104 -0.9722436
vn -0.0 0.23397104 -0.9722436
vn -0.0 -0.23316674 0.9724368
vn -0.0 -0.23316605 0.97243696
vn -0.0 -0.23316674 0.9724368
vn -0.0 -0.23316605 0.97243696
vn -0.0 -0.23316684 0.9724367
vn -0.0 -0.23316684 0.9724367
vn -0.0 -0.23316629 0.9724369
vn -0.0 -0.23316629 0.9724369
vn -0.0 0.8378226 0.5459424
vn -0.0 0.8378226 0.5459424
vn -0.0 0.8378226 0.5459424
vn -0.0 0.8378226 0.5459424
vn -0.0 0.9996907 0.024869474
vn -0.0 0.9996907 0.024869474
vn -0.0 0.9996907 0.024869474
vn -0.0 0.9996907 0.024869474
vn -0.0 -0.4333582 0.90122175
vn -0.0 -0.4333582 0.90122175
vn -0.0 -0.4333582 0.90122175
vn -0.0 -0.4333582 0.90122175
vn -0.0 0.44427013 -0.8958929
vn -0.0 0.44426906 -0.8958934
vn -0.0 0.44427013 -0.8958929
vn -0.0 0.44426906 -0.8958934
vn -0.0 0.444269 -0.89589345
vn -0.0 0.444269 -0.89589345
vn -0.0 0.44427007 -0.8958929
vn -0.0 0.44427007 -0.8958929
vn -0.0 0.99969196 0.024818486
vn -0.0 0.99969196 0.024818486
vn -0.0 0.99969196 0.024818486
vn -0.0 0.99969196 0.024818486
vn -0.0 0.76954806 0.6385889
vn -0.0 0.76954806 0.6385889
vn -0.0 0.76954806 0.6385889
vn -0.0 0.76954806 0.6385889
vn -0.0 0.84739727 -0.5309594
vn -0.0 0.84739727 -0.5309594
vn -0.0 0.84739727 -0.5309594
vn -0.0 0.84739727 -0.5309594
vn -0.0 -0.85046273 0.5260353
vn -0.0 -0.85046273 0.5260353
vn -0.0 -0.85046273 0.5260353
vn -0.0 -0.85046273 0.5260353
vn -0.0 -0.87879944 0.47719127
vn -0.0 -0.87879944 0.47719127
vn -0.0 -0.87879944 0.47719127
vn -0.0 -0.87879944 0.47719127
vn -0.0 -0.83862305 -0.5447122
vn -0.0 -0.83862305 -0.5447122
vn -0.0 -0.83862305 -0.5447122
vn -0.0 -0.83862305 -0.5447122
vn -0.0 0.9699946 -0.24312651
vn -0.0 0.9699946 -0.24312651
vn -0.0 0.9699946 -0.24312651
vn -0.0 0.9699946 -0.24312651
vn -0.0 0.8861004 -0.4634934
vn -0.0 0.8861004 -0.4634934
vn -0.0 0.8861004 -0.4634934
vn -0.0 0.8861004 -0.4634934
vn -0.0 -0.79118365 -0.61157864
vn -0.0 -0.79118365 -0.61157864
vn -0.0 -0.79118365 -0.61157864
vn -0.0 -0.79118365 -0.61157864
vn -0.0 0.89880663 0.43834534
vn -0.0 0.89880663 0.43834534
vn -0.0 0.89880663 0.43834534
vn -0.0 0.89880663 0.43834534
vn -0.0 -0.22317563 -0.97477823
vn -0.0 -0.22317563 -0.97477823
vn -0.0 -0.22317563 -0.97477823
vn -0.0 -0.22317563 -0.97477823
vn -0.0 -0.89796156 -0.4400739
vn -0.0 -0.89796156 -0.4400739
vn -0.0 -0.89796156 -0.4400739
vn -0.0 -0.89796156 -0.4400739
vn -0.0 0.33426344 0.94247967
vn -0.0 0.33426344 0.94247967
vn -0.0 0.33426344 0.94247967
vn -0.0 0.33426344 0.94247967
vn -0.0 0.23917864 -0.9709756
vn -0.0 0.23917864 -0.9709756
vn -0.0 0.23917864 -0.9709756
vn -0.0 0.23917864 -0.9709756
vn -0.0 0.7773905 0.62901837
vn -0.0 0.7773905 0.62901837
vn -0.0 0.7773905 0.62901837
vn -0.0 0.7773905 0.62901837
vn -0.0 0.8515217 -0.5243194
vn -0.0 0.8515217 -0.5243194
vn -0.0 0.8515217 -0.5243194
vn -0.0 0.8515217 -0.5243194
vn -0.0 -0.84098375 0.5410604
vn -0.0 -0.84098375 0.5410604
vn -0.0 -0.84098375 0.5410604
vn -0.0 -0.84098375 0.5410604
vn -0.0 -0.4288775 0.9033627
vn -0.0 -0.4288775 0.9033627
vn -0.0 -0.4288775 0.9033627
vn -0.0 -0.4288775 0.9033627
vn -0.0 -0.8811968 -0.47274956
vn -0.0 -0.8811968 -0.47274956
vn -0.0 -0.8811968 -0.47274956
vn -0.0 -0.8811968 -0.47274956
vn -0.0 0.89681363 0.4424085
vn -0.0 0.89681363 0.4424085
vn -0.0 0.89681363 0.4424085
vn -0.0 0.89681363 0.4424085
vn -0.0 0.21726288 -0.97611314
vn -0.0 0.21726288 -0.97611314
vn -0.0 0.21726288 -0.97611314
vn -0.0 0.21726288 -0.97611314
vn -0.0 0.28550184 0.9583782
vn -0.0 0.28550184 0.9583782
vn -0.0 0.28550184 0.9583782
vn -0.0 0.28550184 0.9583782
vn -0.0 -0.89582753 0.44440183
vn -0.0 -0.89582753 0.44440183
vn -0.0 -0.89582753 0.44440183
vn -0.0 -0.89582753 0.44440183
vn -0.0 -0.70058984 -0.7135642
vn -0.0 -0.70058984 -0.7135642
vn -0.0 -0.70058984 -0.7135642
vn -0.0 -0.70058984 -0.7135642
vn -0.0 0.70082766 0.7133306
vn -0.0 0.70082766 0.7133306
vn -0.0 0.70082766 0.7133306
vn -0.0 0.70082766 0.7133306
vn -0.0 0.084758356 -0.9964015
vn -0.0 0.084758356 -0.9964015
vn -0.0 0.084758356 -0.9964015
vn -0.0 0.084758356 -0.9964015
vn -0.0 -0.65001297 -0.7599231
vn -0.0 -0.65001297 -0.7599231
vn -0.0 -0.65001297 -0.7599231
vn -0.0 -0.65001297 -0.7599231
vn -0.0 0.8519087 -0.52369034
vn -0.0 0.8519087 -0.52369034
vn -0.0 0.8519087 -0.52369034
vn -0.0 0.8519087 -0.52369034
vn -0.0 -0.83920866 0.54380953
vn -0.0 -0.83920866 0.54380953
vn -0.0 -0.83920866 0.54380953
vn -0.0 -0.83920866 0.54380953
vn -0.0 0.91068256 0.41310692
vn -0.0 0.91068256 0.41310692
vn -0.0 0.91068256 0.41310692
vn -0.0 0.91068256 0.41310692
vn -0.0 -0.43833855 0.89880997
vn -0.0 -0.3808564 0.92463416
vn -0.0 -0.43833855 0.89880997
vn -0.0 -0.3808564 0.92463416
vn -0.0 -0.32186186 0.94678664
vn -0.0 -0.32186186 0.94678664
vn -0.0 -0.9684945 0.2490351
vn -0.0 -0.9684945 0.2490351
vn -0.0 -0.9684945 0.2490351
vn -0.0 -0.9684945 0.2490351
vn -0.0 0.2562579 -0.9666084
vn -0.0 0.2562579 -0.9666084
vn -0.0 0.2562579 -0.9666084
vn -0.0 0.2562579 -0.9666084
vn 0.8300919 0.22959179 -0.50816834
vn 0.9672289 0.14036141 -0.21158192
vn 0.7384115 0.45792094 -0.49503222
vn 0.9653909 0.061238173 -0.25351575
vn 0.9269775 -0.07711351 -0.3671053
vn 0.8191593 0.020075504 -0.57321453
vn 0.38068518 0.46818107 -0.7974242
vn 0.3252989 0.6906722 -0.6458735
vn 0.35059825 0.78009856 -0.518196
vn -0.2668216 0.71658504 -0.6444472
vn -0.1870357 0.83165365 -0.5228478
vn -0.43463024 0.63477397 -0.63887286
vn 0.25854453 0.35801503 -0.8972068
vn -0.29300612 0.78857684 -0.54064214
vn 0.66365904 -0.23115498 -0.7114239
vn 0.26246285 -0.4582559 -0.84918475
vn 0.09676946 0.27053908 -0.9578331
vn -0.102135785 0.8539774 -0.5101871
vn 0.053101853 0.1866318 -0.98099375
vn 0.00137144 0.770405 -0.63755345
vn -0.19250016 0.3772112 -0.9059003
vn -0.06827256 0.78449523 -0.61636525
vn 0.09207911 -0.41406992 -0.90557575
vn 0.35428202 -0.13839193 -0.9248416
vn -0.18068582 0.24861194 -0.95160115
vn 0.13875018 0.25552508 -0.95679426
vn 0.4664918 -0.55771536 -0.6865413
vn 0.6745407 -0.08156263 -0.73371816
vn 0.8114688 0.116114974 -0.5727441
vn 0.81072795 -0.28379437 -0.51203614
vn 0.8909541 0.1691533 -0.42141196
vn 0.95855486 0.06628419 -0.27709022
vn 0.80281895 0.27718768 -0.5278719
vn 0.9174797 0.14860609 -0.36898148
vn 0.97621775 0.08466516 -0.1995765
vn 0.9778889 0.023359142 -0.20781651
vn 0.9731971 0.121070035 -0.19552329
vn 0.97642255 0.0022551566 -0.21585642
vn 0.9176365 0.27523923 -0.2866822
vn 0.98563015 0.07308283 -0.15228942
vn 0.93980426 0.32154363 -0.115661636
vn 0.6195161 0.6445788 -0.4480157
vn 0.80067116 0.590105 -0.10344964
vn 0.9854122 0.15985967 -0.058375027
vn 0.95319605 0.30127427 -0.025517164
vn 0.8738936 0.4834294 0.051048156
vn 0.98272306 0.1836501 -0.022980241
vn 0.67826885 0.7320561 -0.06360206
vn 0.73927355 0.61423844 0.27601779
vn 0.59023964 0.6713692 0.4481971
vn 0.6457822 0.7500206 0.14294888
vn 0.58850884 0.7899444 -0.17217784
vn 0.3912181 0.7738588 -0.49808738
vn 0.65591794 0.5994632 0.4587107
vn 0.4157192 0.89326817 -0.17102505
vn 0.40718225 0.7739917 -0.48491177
vn 0.43736228 0.82204473 0.36463222
vn 0.46523085 0.8743499 0.13810308
vn 0.17365392 0.9752948 0.1365441
vn 0.17331845 0.9830904 0.059110545
vn 0.25784522 0.92750424 -0.27065048
vn 0.5118992 0.7819213 0.3557503
vn 0.26517686 0.95853895 0.10432747
vn 0.65354717 0.74695444 0.122209735
vn 0.8283021 0.53923285 0.15213037
vn 0.3235016 0.5922619 -0.7379516
vn 0.13753386 0.6206926 -0.7718971
vn -0.26081535 0.6009298 -0.75555193
vn 0.43021724 0.24583068 -0.8686083
vn 0.6015125 0.22804692 -0.76562214
vn 0.38734156 0.5802107 -0.716465
vn 0.6760327 0.27524856 -0.68353343
vn 0.6413913 0.4435538 -0.626001
vn 0.2544867 0.784479 -0.56553435
vn -0.34146228 0.91985095 -0.19307439
vn -0.3130298 0.80405486 -0.5054781
vn -0.3219422 0.9455405 -0.048024997
vn -0.23711665 0.9561379 -0.17197692
vn -0.21255167 0.97206956 -0.099511914
vn 0.2704802 0.9602427 -0.06909735
vn 0.66035736 0.74442047 -0.09882486
vn 0.5285263 0.79349726 -0.3016986
vn 0.83014226 0.53968817 -0.14000219
vn 0.6706006 0.6238181 -0.40142965
vn 0.8142547 0.52637345 -0.24478629
vn 0.6175137 0.5939367 -0.51567054
vn 0.59599787 0.7315256 -0.33114472
vn 0.8518902 0.5010065 -0.15256342
vn 0.98154217 0.19080587 -0.012965856
vn 0.63771003 0.73394513 -0.23377453
vn 0.5689931 0.66100055 -0.48920864
vn 0.46087676 0.8804025 -0.111731775
vn 0.44037992 0.8420882 -0.31137276
vn 0.17223334 0.9846205 -0.029293252
vn 0.17245667 0.9803694 -0.09557476
vn -0.18327112 0.97618526 0.11607762
vn -0.21358427 0.961538 0.17270331
vn -0.25842988 0.9636151 0.06826351
vn 0.18535955 0.98154086 0.04711085
vn -0.25950834 0.95592237 -0.13736044
vn 0.47883156 0.8686069 0.12744555
vn 0.65446377 0.73633826 0.17170632
vn 0.7350044 0.6658568 0.12807503
vn 0.92947394 0.36840495 0.018868832
vn 0.93444645 0.35045987 0.063148074
vn 0.7932031 0.51736957 0.32118154
vn 0.59754413 0.63736546 0.48652464
vn 0.45668048 0.8035894 0.38168967
vn 0.1883194 0.9728667 0.13441043
vn -0.12636884 0.96805406 -0.21656933
vn 0.56088275 0.74698967 0.3569551
vn 0.27262226 0.95774543 0.09165604
vn 0.69555205 0.71250874 0.092405125
vn 0.7192692 0.55132776 0.42271692
vn 0.87291646 0.47852704 0.09502
vn 0.6985394 0.715456 -0.012862731
vn 0.24660827 0.9690272 -0.013061184
vn -0.15670589 0.9805665 -0.118036576
vn -0.1800789 0.983616 -0.0084326845
vn 0.8850213 0.46549317 -0.007304468
vn 0.8951343 0.44572952 -0.0077336193
vn 0.89505315 0.44590902 -0.0067064636
vn 0.9414186 0.33709526 -0.009895664
vn 0.9486948 0.31603163 -0.010108103
vn 0.97486717 0.22248071 -0.011677233
vn 0.9801365 0.19797024 -0.011839135
vn 0.9811544 0.19286628 -0.011776484
vn 0.9808932 0.19419123 -0.011759863
vn 0.8816795 0.47181946 -0.00526186
vn 0.98073965 0.19492601 -0.012391656
vn -0.39626223 0.91811824 -0.0059240977
vn -0.35303873 0.9077422 -0.22664459
vn -0.2757845 0.86721027 -0.41459525
vn -0.3836978 0.8610015 -0.3338449
vn -0.5141647 0.8475415 -0.13156033
vn -0.5151206 0.8480457 0.12437561
vn -0.43338913 0.8422891 0.3205042
vn -0.3924249 0.8946202 0.2136759
vn -0.3667354 0.9295112 -0.038910214
vn -0.34389967 0.89905214 -0.27099478
vn -0.47425333 0.8081855 -0.3491705
vn -0.62519205 0.77215976 -0.113596804
vn -0.6291851 0.76754266 -0.12249217
vn -0.5714229 0.7104034 -0.41085622
vn -0.49043378 0.53416437 -0.6885805
vn 0.13875018 0.25552508 -0.95679426
vn -0.18068582 0.24861194 -0.95160115
vn -0.26081535 0.6009298 -0.75555193
vn -0.3517444 0.23226625 -0.90682316
vn -0.49043378 0.53416437 -0.6885805
vn -0.18068582 0.24861194 -0.95160115
vn -0.49043378 0.53416437 -0.6885805
vn -0.26081535 0.6009298 -0.75555193
vn -0.3517444 0.23226625 -0.90682316
vn -0.35166746 0.16876072 -0.9207876
vn -0.41193947 0.41477987 -0.8113344
vn -0.33300385 0.6798799 -0.65335417
vn -0.22430076 0.6665743 -0.7108923
vn -0.13346246 0.9093595 -0.39402154
vn -0.53890413 0.82287854 -0.18014781
vn -0.68686247 0.62098646 -0.37761846
vn -0.6696899 0.5177327 -0.53241736
vn -0.5552398 0.6035461 -0.57222456
vn -0.45871875 0.72133344 -0.51889807
vn -0.06827256 0.78449523 -0.61636525
vn -0.13346246 0.9093595 -0.39402154
vn -0.33300385 0.6798799 -0.65335417
vn -0.102135785 0.8539774 -0.5101871
vn -0.19082518 0.9711953 -0.14270759
vn -0.13346246 0.9093595 -0.39402154
vn -0.53890413 0.82287854 -0.18014781
vn -0.99822694 0.059159357 0.0065679695
vn -0.99822694 0.059159357 0.0065679695
vn -0.99822694 0.059159357 0.0065679695
vn -0.99822694 0.059159357 0.0065679695
vn -0.5731252 -0.24260353 -0.7827331
vn -0.5876753 -0.20760939 -0.78200775
vn -0.5876753 -0.20760939 -0.78200775
vn -0.5731252 -0.24260353 -0.7827331
vn -0.5731252 -0.24260353 -0.7827331
vn -0.75540346 -0.21353039 -0.6194921
vn -0.75540346 -0.21353039 -0.6194921
vn -0.97066057 -0.12200305 -0.20720349
vn -0.97066057 -0.12200305 -0.20720349
vn -0.9819802 -0.08274218 0.16990744
vn -0.9819802 -0.08274218 0.16990744
vn -0.841453 0.030131606 0.5394895
vn -0.841453 0.030131606 0.5394895
vn -0.6857559 0.11837887 0.7181401
vn -0.6857559 0.11837887 0.7181401
vn -0.8814414 0.4245215 -0.20698427
vn -0.90089875 0.43335497 0.024185125
vn -0.90089875 0.43335497 0.024185125
vn -0.8814414 0.4245215 -0.20698427
vn -0.7439737 0.28900376 -0.6024782
vn -0.7439737 0.28900376 -0.6024782
vn -0.78725684 0.068363994 -0.6128238
vn -0.78725684 0.068363994 -0.6128238
vn -0.9624475 -0.15378958 -0.22370422
vn -0.9624475 -0.15378958 -0.22370422
vn -0.9717177 -0.2339452 0.032161392
vn -0.9717177 -0.2339452 0.032161392
vn -0.98623806 -0.15220462 0.064561844
vn -0.98623806 -0.15220462 0.064561844
vn -0.99621975 -0.085858196 0.01321256
vn -0.99621975 -0.085858196 0.01321256
vn -0.99712926 -0.035181597 -0.06704799
vn -0.99621975 -0.085858196 0.01321256
vn -0.99621975 -0.085858196 0.01321256
vn -0.99712926 -0.035181597 -0.06704799
vn -0.99621975 -0.085858196 0.01321256
vn -0.9975744 0.042277712 -0.05529854
vn -0.99712926 -0.035181597 -0.06704799
vn -0.99712926 -0.035181597 -0.06704799
vn -0.9975744 0.042277712 -0.05529854
vn -0.99899817 0.026412526 -0.036124263
vn -0.99899817 0.026412526 -0.036124263
vn -0.99862075 -0.025709022 -0.04577811
vn -0.99862075 -0.025709022 -0.04577811
vn -0.83009565 0.2295911 -0.5081625
vn -0.9672289 0.14036138 -0.2115819
vn -0.965391 0.0612384 -0.2535156
vn -0.7384095 0.45793125 -0.49502555
vn -0.92697686 -0.077113435 -0.36710677
vn -0.8191614 0.020076228 -0.5732116
vn -0.38068897 0.4681811 -0.7974223
vn -0.32529864 0.69067985 -0.6458655
vn -0.3505916 0.7801123 -0.51817983
vn 0.26682678 0.7165835 -0.6444467
vn 0.18704447 0.8316519 -0.52284753
vn 0.4346307 0.6347745 -0.638872
vn -0.25855112 0.35801524 -0.8972048
vn 0.2930044 0.7885779 -0.54064155
vn -0.66366255 -0.23115426 -0.71142095
vn -0.26246947 -0.45825627 -0.84918255
vn -0.09677759 0.27053958 -0.95783216
vn 0.10213473 0.8539792 -0.51018435
vn -0.053100955 0.18663105 -0.980994
vn -0.001372323 0.77040774 -0.63755006
vn 0.19249322 0.37721246 -0.9059013
vn 0.068247125 0.7845024 -0.6163589
vn -0.09207948 -0.4140702 -0.90557563
vn -0.3542808 -0.138392 -0.92484206
vn 0.18069224 0.24861224 -0.9515999
vn -0.13875929 0.25552395 -0.9567933
vn 0.2608167 0.60092926 -0.75555193
vn -0.13754268 0.6206919 -0.77189606
vn -0.46649113 -0.5577144 -0.68654263
vn -0.67453945 -0.08156161 -0.73371947
vn -0.81146634 0.11611544 -0.5727474
vn -0.8107259 -0.28379425 -0.51203924
vn -0.89095294 0.16915405 -0.4214141
vn -0.9585546 0.06628512 -0.27709088
vn -0.8028183 0.2771869 -0.5278733
vn -0.9174803 0.14860587 -0.36897993
vn -0.97621775 0.08466536 -0.19957629
vn -0.97788894 0.023359371 -0.20781633
vn -0.9731971 0.12106999 -0.19552329
vn -0.9764225 0.0022551562 -0.21585648
vn -0.9176338 0.27524394 -0.2866863
vn -0.98563015 0.073083006 -0.15228957
vn -0.9398019 0.32154927 -0.11566555
vn -0.6195107 0.64458156 -0.44801903
vn -0.8006677 0.5901088 -0.10345396
vn -0.9854122 0.15985961 -0.058374938
vn -0.95467365 0.29643014 -0.026969565
vn -0.8738928 0.48343083 0.051049285
vn -0.9844656 0.17366731 -0.025829801
vn -0.67826676 0.7320579 -0.06360385
vn -0.73927236 0.6142397 0.27601808
vn -0.59023696 0.67137104 0.4481977
vn -0.6457788 0.7500235 0.14294904
vn -0.58850676 0.7899461 -0.17217714
vn -0.39121684 0.7738604 -0.4980858
vn -0.6559194 0.59946203 0.45871016
vn -0.41572452 0.8932662 -0.17102218
vn -0.40718523 0.7739914 -0.48490974
vn -0.4373603 0.82204473 0.3646346
vn -0.46522963 0.87435013 0.13810575
vn -0.17365341 0.97529477 0.13654523
vn -0.17331822 0.9830903 0.05911327
vn -0.25784984 0.92750335 -0.2706494
vn -0.5119006 0.78192073 0.35574958
vn -0.26517662 0.9585392 0.10432649
vn -0.6535486 0.74695325 0.12220933
vn -0.8283028 0.53923184 0.15213025
vn -0.32350972 0.59226054 -0.73794913
vn -0.4302252 0.24582921 -0.8686048
vn -0.6015131 0.2280475 -0.76562154
vn -0.38734236 0.5802113 -0.71646404
vn -0.6760313 0.27524722 -0.6835354
vn -0.6413925 0.4435522 -0.62600094
vn -0.25448433 0.7844788 -0.5655358
vn 0.34146518 0.91984946 -0.19307628
vn 0.31303456 0.80405205 -0.5054796
vn 0.57143074 0.71039706 -0.41085628
vn 0.6291889 0.7675393 -0.12249385
vn 0.34146518 0.91984946 -0.19307628
vn 0.49043632 0.5341627 -0.68858004
vn 0.3517561 0.23226584 -0.90681875
vn 0.35169902 0.16875759 -0.92077607
vn 0.411966 0.41477525 -0.81132334
vn 0.33302665 0.6798818 -0.6533405
vn 0.22427645 0.6665839 -0.71089095
vn 0.1334765 0.9093653 -0.39400345
vn 0.19082493 0.97119635 -0.14270106
vn 0.538903 0.8228797 -0.18014617
vn 0.68686247 0.6209878 -0.37761647
vn 0.66969246 0.5177307 -0.5324161
vn 0.5552517 0.60353637 -0.5722232
vn 0.45873973 0.72131836 -0.5189004
vn 0.237115 0.9561381 -0.17197809
vn 0.32193998 0.9455413 -0.04802281
vn 0.34146518 0.91984946 -0.19307628
vn 0.21255913 0.9720668 -0.099522606
vn -0.2704873 0.96024066 -0.069097176
vn -0.66036695 0.74441195 -0.09882453
vn -0.5285371 0.7934901 -0.3016986
vn -0.83014256 0.5396876 -0.14000261
vn -0.6706008 0.62381756 -0.40143025
vn -0.8142553 0.52637374 -0.24478354
vn -0.617513 0.59393835 -0.5156695
vn -0.597747 0.7340222 -0.32235065
vn -0.85744405 0.4902719 -0.15627916
vn -0.9881591 0.1529025 -0.012743848
vn -0.6392997 0.73477495 -0.22671972
vn -0.5689906 0.6610017 -0.48921
vn -0.46256796 0.87794954 -0.12343188
vn -0.4403815 0.84208685 -0.31137428
vn -0.17965476 0.9831348 -0.034206342
vn -0.17245853 0.9803688 -0.09557796
vn 0.18327071 0.9761852 0.11607919
vn 0.2135851 0.9615373 0.17270613
vn 0.16275376 0.98252106 0.090352625
vn 0.50546235 0.8289965 0.23931704
vn 0.4333903 0.8422857 0.32051155
vn 0.39242408 0.8946197 0.21367946
vn 0.36675295 0.9295035 -0.038929593
vn 0.34391642 0.8990388 -0.271018
vn 0.47425 0.80818677 -0.349172
vn 0.6251881 0.77216333 -0.11359408
vn 0.34146518 0.91984946 -0.19307628
vn -0.17522283 0.98449606 -0.008032935
vn -0.018140804 0.99978495 0.0100463275
vn -0.46112093 0.886951 -0.026179178
vn -0.6605376 0.75070083 0.01176091
vn -0.60099006 0.7990268 0.019161737
vn -0.8143268 0.5803133 -0.0104049565
vn -0.91522235 0.4017597 0.030936914
vn -0.984007 0.17776212 -0.011440919
vn -0.9813354 0.19190879 -0.0123234885
vn -0.97663546 0.21455249 -0.012266704
vn -0.98115426 0.19286677 -0.011776771
vn -0.9748673 0.22248004 -0.0116771525
vn -0.94507253 0.32665357 -0.011635099
vn -0.9414189 0.3370942 -0.009895248
vn -0.8964074 0.44310975 -0.010368421
vn -0.8950531 0.44590914 -0.006706605
vn -0.88134587 0.47237077 -0.00976013
vn -0.8816791 0.47182006 -0.0052625192
vn -0.6979771 0.7159232 -0.016788824
vn -0.8977414 0.44029936 -0.014030898
vn -0.6979771 0.7159232 -0.016788824
vn -0.25082693 0.96791726 -0.014896564
vn -0.25082693 0.96791726 -0.014896564
vn -0.039887995 0.9991397 -0.011349391
vn -0.039887995 0.9991397 -0.011349391
vn -0.8489524 0.51460904 0.120238565
vn -0.72859865 0.6786579 0.09256076
vn -0.69277304 0.6780997 0.24545124
vn -0.6587611 0.6903942 0.298981
vn -0.6587611 0.6903942 0.298981
vn -0.7260626 0.687596 -0.0066954456
vn -0.8952392 0.44550025 -0.0087334355
vn 0.34146518 0.91984946 -0.19307628
vn 0.6251881 0.77216333 -0.11359408
vn 0.6291889 0.7675393 -0.12249385
vn -0.78859085 0.5536807 -0.26751116
vn -0.78859085 0.5536807 -0.26751116
vn -0.78859085 0.5536807 -0.26751116
vn 0.82292724 0.06602879 0.56429684
vn 0.922882 0.01069262 0.3849343
vn 0.82292724 0.06602879 0.56429684
vn 0.922882 0.01069262 0.3849343
vn 0.6857565 0.11837888 0.7181396
vn 0.6857565 0.11837888 0.7181396
vn 0.8814433 0.4245188 -0.20698188
vn 0.9008994 0.43335357 0.024185289
vn 0.8814433 0.4245188 -0.20698188
vn 0.9008994 0.43335357 0.024185289
vn 0.743976 0.28900248 -0.602476
vn 0.743976 0.28900248 -0.602476
vn 0.78725606 0.06836454 -0.61282474
vn 0.78725606 0.06836454 -0.61282474
vn 0.96244717 -0.15378939 -0.22370556
vn 0.96244717 -0.15378939 -0.22370556
vn 0.96244717 -0.15378939 -0.22370556
vn 0.971718 -0.2339439 0.032161556
vn 0.96244717 -0.15378939 -0.22370556
vn 0.971718 -0.2339439 0.032161556
vn 0.96244717 -0.15378939 -0.22370556
vn 0.96244717 -0.15378939 -0.22370556
vn 0.98623824 -0.15220335 0.06456213
vn 0.971718 -0.2339439 0.032161556
vn 0.98623824 -0.15220335 0.06456213
vn 0.971718 -0.2339439 0.032161556
vn 0.99621975 -0.085857935 0.013213255
vn 0.99621975 -0.085857935 0.013213255
vn 0.9971293 -0.03518131 -0.06704794
vn 0.9971293 -0.03518131 -0.06704794
vn 0.9975744 0.04227721 -0.055299073
vn 0.9975744 0.04227721 -0.055299073
vn 0.99899817 0.026411712 -0.036125086
vn 0.99899817 0.026411712 -0.036125086
vn 0.9986207 -0.025709571 -0.04577976
vn 0.9986207 -0.025709571 -0.04577976
vn -0.4908584 0.8499019 0.1916369
vn -0.4908584 0.8499019 0.1916369
vn -0.4908584 0.8499019 0.1916369
vn -0.09732639 0.95014936 0.29621562
vn -0.09732639 0.95014936 0.29621562
vn -0.09732639 0.95014936 0.29621562
vn -0.09732639 0.95014936 0.29621562
vn -0.6050635 0.7347762 0.3065976
vn -0.6050635 0.7347762 0.3065976
vn -0.6050635 0.7347762 0.3065976
vn -0.6050635 0.7347762 0.3065976
vn -0.5161602 0.84806484 -0.11985263
vn -0.5161602 0.84806484 -0.11985263
vn -0.5161602 0.84806484 -0.11985263
vn -0.46054345 0.74337816 -0.48506558
vn -0.46054345 0.74337816 -0.48506558
vn -0.46054345 0.74337816 -0.48506558
vn -0.46054345 0.74337816 -0.48506558
vn -0.30603546 0.73304147 -0.6074476
vn -0.30603546 0.73304147 -0.6074476
vn -0.30603546 0.73304147 -0.6074476
vn -0.30603546 0.73304147 -0.6074476
vn 0.055694263 0.86570287 -0.4974502
vn 0.055694263 0.86570287 -0.4974502
vn 0.055694263 0.86570287 -0.4974502
vn -0.015569302 0.8647163 -0.5020192
vn -0.015569302 0.8647163 -0.5020192
vn -0.015569302 0.8647163 -0.5020192
vn -0.015569302 0.8647163 -0.5020192
vn 0.004760028 0.4693257 -0.88301235
vn 0.004760028 0.4693257 -0.88301235
vn 0.004760028 0.4693257 -0.88301235
vn 0.004760028 0.4693257 -0.88301235
vn 0.01930352 0.47264075 -0.88104373
vn 0.01930352 0.47264075 -0.88104373
vn -0.040790945 0.947358 -0.31756726
vn -0.040790945 0.947358 -0.31756726
vn -0.040790945 0.947358 -0.31756726
vn -0.040790945 0.947358 -0.31756726
vn -0.061905194 0.99807227 0.004421913
vn -0.061905194 0.99807227 0.004421913
vn -0.061905194 0.99807227 0.004421913
vn -0.061905194 0.99807227 0.004421913
vn -0.11680629 0.948122 0.29567027
vn -0.11680629 0.948122 0.29567027
vn -0.11680629 0.948122 0.29567027
vn -0.11680629 0.948122 0.29567027
vn -0.1629095 0.80677897 0.5679508
vn -0.1629095 0.80677897 0.5679508
vn -0.1629095 0.80677897 0.5679508
vn -0.1629095 0.80677897 0.5679508
vn -0.15393718 0.8128112 0.5618196
vn -0.15393718 0.8128112 0.5618196
vn 0.58513635 0.81083333 -0.012833925
vn 0.58513635 0.81083333 -0.012833925
vn 0.58513635 0.81083333 -0.012833925
vn 0.58513635 0.81083333 -0.012833925
vn 0.39298582 0.49499583 -0.774946
vn 0.39298582 0.49499583 -0.774946
vn 0.39298582 0.49499583 -0.774946
vn 0.39298582 0.49499583 -0.774946
vn 0.35796443 0.045605954 -0.93262076
vn 0.35796443 0.045605954 -0.93262076
vn 0.35796443 0.045605954 -0.93262076
vn 0.35796443 0.045605954 -0.93262076
vn 0.38755167 0.093862414 -0.91705704
vn 0.38755167 0.093862414 -0.91705704
vn 0.38755167 0.093862414 -0.91705704
vn 0.38755167 0.093862414 -0.91705704
vn 0.6649844 0.6565817 -0.35594413
vn 0.6649844 0.6565817 -0.35594413
vn 0.6649844 0.6565817 -0.35594413
vn 0.6649844 0.6565817 -0.35594413
vn 0.6649844 0.6565817 -0.35594413
vn 0.66919833 0.7429634 0.013376722
vn 0.66919833 0.7429634 0.013376722
vn 0.66919833 0.7429634 0.013376722
vn 0.6690387 0.7431072 0.013375014
vn 0.64410204 0.69995105 0.30854666
vn 0.64410204 0.69995105 0.30854666
vn 0.64410204 0.69995105 0.30854666
vn 0.64410204 0.69995105 0.30854666
vn 0.64410204 0.69995105 0.30854666
vn 0.597471 0.5047809 0.62307674
vn 0.597471 0.5047809 0.62307674
vn 0.597471 0.5047809 0.62307674
vn 0.597471 0.5047809 0.62307674
vn 0.6529714 0.4246412 0.62714297
vn 0.6529714 0.4246412 0.62714297
vn 0.6529714 0.4246412 0.62714297
vn 0.6529714 0.4246412 0.62714297
vn 0.74774605 0.59858984 0.28734297
vn 0.74774605 0.59858984 0.28734297
vn 0.74774605 0.59858984 0.28734297
vn 0.74774605 0.59858984 0.28734297
vn 0.7537393 0.65716296 -0.003726255
vn 0.7537393 0.65716296 -0.003726255
vn 0.7537393 0.65716296 -0.003726255
vn 0.7537393 0.65716296 -0.003726255
vn 0.4352677 0.20075388 -0.87763315
vn 0.4352677 0.20075388 -0.87763315
vn 0.4352677 0.20075388 -0.87763315
vn 0.004195502 0.39507377 -0.9186398
vn 0.004195502 0.39507377 -0.9186398
vn 0.004195502 0.39507377 -0.9186398
vn 0.004195502 0.39507377 -0.9186398
vn 0.004195502 0.39507377 -0.9186398
vn 0.004195502 0.39507377 -0.9186398
vn -0.26081827 0.07970497 -0.9620919
vn -0.26081827 0.07970497 -0.9620919
vn -0.26081827 0.07970497 -0.9620919
vn -0.26081827 0.07970497 -0.9620919
vn -0.26081827 0.07970497 -0.9620919
vn -0.26081827 0.07970497 -0.9620919
vn 0.1178764 0.16482122 -0.97925436
vn 0.1178764 0.16482122 -0.97925436
vn 0.1178764 0.16482122 -0.97925436
vn 0.1178764 0.16482122 -0.97925436
vn -0.05776668 0.8305986 -0.55386734
vn -0.05776668 0.8305986 -0.55386734
vn -0.05776668 0.8305986 -0.55386734
vn -0.05776668 0.8305986 -0.55386734
vn -0.43444785 -0.06097661 -0.89863056
vn -0.43444785 -0.06097661 -0.89863056
vn -0.43444785 -0.06097661 -0.89863056
vn -0.80469686 -0.14979693 -0.574477
vn -0.80469686 -0.14979693 -0.574477
vn -0.80469686 -0.14979693 -0.574477
vn -0.80469686 -0.14979693 -0.574477
vn -0.66878355 -0.35607508 -0.65264016
vn -0.66878355 -0.35607508 -0.65264016
vn -0.66878355 -0.35607508 -0.65264016
vn -0.66878355 -0.35607508 -0.65264016
vn -0.58268744 -0.43146032 -0.68870693
vn -0.58268744 -0.43146032 -0.68870693
vn -0.58268744 -0.43146032 -0.68870693
vn -0.5596151 -0.45886737 -0.69012433
vn -0.5596151 -0.45886737 -0.69012433
vn 0.98887265 0.14776543 0.017213102
vn 0.9112808 -0.09637004 -0.40034997
vn 0.98887265 0.14776543 0.017213102
vn 0.9112808 -0.09637004 -0.40034997
vn 0.6361967 -0.4145726 -0.6506792
vn 0.6361967 -0.4145726 -0.6506792
vn 0.6713083 -0.4628867 -0.57886195
vn 0.6713083 -0.4628867 -0.57886195
vn 0.8796131 -0.17893171 -0.4407541
vn 0.8796131 -0.17893171 -0.4407541
vn 0.9887836 0.09394518 -0.11610885
vn 0.9887836 0.09394518 -0.11610885
vn 0.8796131 -0.17893171 -0.4407541
vn 0.8796131 -0.17893171 -0.4407541
vn 0.9887836 0.09394518 -0.11610885
vn 0.9919432 0.09531776 0.08344583
vn 0.9887836 0.09394518 -0.11610885
vn 0.9919432 0.09531776 0.08344583
vn 0.9919432 0.09531776 0.08344583
vn 0.97033656 0.02161838 0.24078953
vn 0.9919432 0.09531776 0.08344583
vn 0.9919432 0.09531776 0.08344583
vn 0.97033656 0.02161838 0.24078953
vn 0.97033656 0.02161838 0.24078953
vn 0.94029003 -0.071457766 0.332789
vn 0.94029003 -0.071457766 0.332789
vn 0.97132975 -0.04538686 0.23336355
vn 0.97132975 -0.04538686 0.23336355
vn 0.995729 0.06461842 0.06594089
vn 0.995729 0.06461842 0.06594089
vn 0.89928216 -0.15859506 -0.40760168
vn 0.89928216 -0.15859506 -0.40760168
vn 0.89928216 -0.15859506 -0.40760168
vn 0.5742681 -0.3949216 -0.71711445
vn 0.89928216 -0.15859506 -0.40760168
vn 0.89928216 -0.15859506 -0.40760168
vn 0.5742681 -0.3949216 -0.71711445
vn 0.5742681 -0.3949216 -0.71711445
vn -0.0058040125 -0.80530435 -0.5928332
vn -0.0058040125 -0.80530435 -0.5928332
vn -0.0058040125 -0.80530435 -0.5928332
vn -0.0058040125 -0.80530435 -0.5928332
vt 0.94477695 0.15287942
vt 0.95689046 0.1556955
vt 0.95713234 0.15151358
vt 0.95073307 0.15633804
vt 0.9707654 0.14882118
vt 0.9630925 0.15337443
vt 0.95073307 0.15633804
vt 0.95689046 0.16666675
vt 0.95689046 0.1556955
vt 0.95073307 0.16730917
vt 0.9630925 0.15337443
vt 0.9630925 0.16434562
vt 0.95073307 0.16730917
vt 0.95713234 0.17097235
vt 0.95689046 0.16666675
vt 0.94477695 0.17233813
vt 0.9707654 0.16828012
vt 0.9630925 0.16434562
vt 0.9707654 0.16828012
vt 0.9630925 0.15337443
vt 0.9630925 0.16434562
vt 0.9707654 0.14882118
vt 0.95073307 0.16730917
vt 0.94477695 0.15287942
vt 0.94477695 0.17233813
vt 0.95073307 0.15633804
vt 0.9260386 0.17356396
vt 0.92852426 0.15652764
vt 0.9326191 0.17181504
vt 0.9220514 0.15841395
vt 0.92852426 0.15652764
vt 0.934932 0.17133671
vt 0.9326191 0.17181504
vt 0.93094397 0.15574735
vt 0.9220514 0.15841395
vt 0.92849386 0.15516043
vt 0.92852426 0.15652764
vt 0.92151344 0.15695196
vt 0.92849386 0.15516043
vt 0.93094397 0.15574735
vt 0.92852426 0.15652764
vt 0.9260386 0.17356396
vt 0.9203501 0.15863717
vt 0.9220514 0.15841395
vt 0.9242139 0.17388612
vt 0.9203501 0.15863717
vt 0.92151344 0.15695196
vt 0.9220514 0.15841395
vt 0.9326191 0.17181504
vt 0.92628586 0.17474377
vt 0.9260386 0.17356396
vt 0.9331432 0.17313886
vt 0.934932 0.17133671
vt 0.9331432 0.17313886
vt 0.9326191 0.17181504
vt 0.92628586 0.17474377
vt 0.9242139 0.17388612
vt 0.9260386 0.17356396
vt 0.93094397 0.15574735
vt 0.93802434 0.1710577
vt 0.934932 0.17133671
vt 0.9339001 0.154463
vt 0.92151344 0.15695196
vt 0.92937815 0.15237468
vt 0.92849386 0.15516043
vt 0.9205823 0.15444326
vt 0.92849386 0.15516043
vt 0.9339001 0.154463
vt 0.93094397 0.15574735
vt 0.92937815 0.15237468
vt 0.9242139 0.17388612
vt 0.9175692 0.15857816
vt 0.9203501 0.15863717
vt 0.92169565 0.1751517
vt 0.9203501 0.15863717
vt 0.9205823 0.15444326
vt 0.92151344 0.15695196
vt 0.9175692 0.15857816
vt 0.9331432 0.17313886
vt 0.92663324 0.17735589
vt 0.92628586 0.17474377
vt 0.93535316 0.1750133
vt 0.934932 0.17133671
vt 0.93535316 0.1750133
vt 0.9331432 0.17313886
vt 0.93802434 0.1710577
vt 0.92628586 0.17474377
vt 0.92169565 0.1751517
vt 0.9242139 0.17388612
vt 0.92663324 0.17735589
vt 0.13228154 0.21344525
vt 0.14924526 0.24278057
vt 0.12507343 0.2812727
vt 0.08394301 0.21361625
vt 0.09166351 0.28138846
vt 0.06720394 0.2430712
vt 0.06720394 0.2430712
vt 0.08243847 0.21051401
vt 0.08394301 0.21361625
vt 0.06720394 0.2430712
vt 0.063673034 0.24340546
vt 0.08243847 0.21051401
vt 0.09166351 0.28138846
vt 0.063673034 0.24340546
vt 0.06720394 0.2430712
vt 0.089639604 0.2843269
vt 0.12507343 0.2812727
vt 0.089639604 0.2843269
vt 0.09166351 0.28138846
vt 0.12711889 0.2841972
vt 0.14924526 0.24278057
vt 0.12711889 0.2841972
vt 0.12507343 0.2812727
vt 0.15277815 0.24309146
vt 0.13228154 0.21344525
vt 0.15277815 0.24309146
vt 0.14924526 0.24278057
vt 0.13228154 0.21344525
vt 0.13376307 0.21033007
vt 0.08394301 0.21361625
vt 0.13376307 0.21033007
vt 0.13228154 0.21344525
vt 0.08243847 0.21051401
vt 0.16157031 0.300609
vt 0.0591311 0.29016697
vt 0.054377675 0.3001747
vt 0.15690416 0.29054862
vt 0.1078862 0.32014436
vt 0.15690416 0.29054862
vt 0.16504228 0.30331337
vt 0.15816748 0.28673458
vt 0.16157031 0.300609
vt 0.15690416 0.29054862
vt 0.057998247 0.28640038
vt 0.0591311 0.29016697
vt 0.15816748 0.28673458
vt 0.0591311 0.29016697
vt 0.050885685 0.30285037
vt 0.054377675 0.3001747
vt 0.057998247 0.28640038
vt 0.054377675 0.3001747
vt 0.10786566 0.3250928
vt 0.1078862 0.32014436
vt 0.050885685 0.30285037
vt 0.1078862 0.32014436
vt 0.16504228 0.30331337
vt 0.16157031 0.300609
vt 0.10786566 0.3250928
vt 0.0815717 0.43150824
vt 0.048059694 0.3855747
vt 0.078701824 0.3776884
vt 0.07539171 0.42978317
vt 0.037589446 0.36458158
vt 0.029574625 0.3463313
vt 0.032201014 0.34240055
vt 0.0815717 0.43150824
vt 0.08251172 0.37566328
vt 0.08590311 0.4339587
vt 0.078701824 0.3776884
vt 0.0815717 0.43150824
vt 0.072117046 0.43297344
vt 0.07539171 0.42978317
vt 0.08590311 0.4339587
vt 0.048059694 0.3855747
vt 0.072117046 0.43297344
vt 0.04146727 0.3832711
vt 0.07539171 0.42978317
vt 0.037589446 0.36458158
vt 0.031514555 0.36197525
vt 0.029574625 0.3463313
vt 0.025747053 0.3457349
vt 0.037589446 0.36458158
vt 0.032201014 0.34240055
vt 0.025747053 0.3457349
vt 0.03308221 0.3381518
vt 0.029574625 0.3463313
vt 0.078701824 0.3776884
vt 0.03308221 0.3381518
vt 0.08251172 0.37566328
vt 0.032201014 0.34240055
vt 0.13108045 0.43321085
vt 0.16459322 0.3872782
vt 0.13726121 0.4314878
vt 0.13395095 0.37939155
vt 0.17506367 0.3662871
vt 0.18307894 0.34803528
vt 0.18045235 0.34410447
vt 0.13108045 0.43321085
vt 0.1301412 0.37736714
vt 0.13395095 0.37939155
vt 0.1267497 0.43566364
vt 0.13108045 0.43321085
vt 0.14053524 0.434677
vt 0.1267497 0.43566364
vt 0.13726121 0.4314878
vt 0.16459322 0.3872782
vt 0.14053524 0.434677
vt 0.13726121 0.4314878
vt 0.17118585 0.38497508
vt 0.17506367 0.3662871
vt 0.18113899 0.36367857
vt 0.18307894 0.34803528
vt 0.17506367 0.3662871
vt 0.18690664 0.34743875
vt 0.18045235 0.34410447
vt 0.18690664 0.34743875
vt 0.18307894 0.34803528
vt 0.17957163 0.33985543
vt 0.13395095 0.37939155
vt 0.17957163 0.33985543
vt 0.18045235 0.34410447
vt 0.1301412 0.37736714
vt 0.10363749 0.43379742
vt 0.11998147 0.35912234
vt 0.11100033 0.43377906
vt 0.09420681 0.35901576
vt 0.10683417 0.34206998
vt 0.17469066 0.31594515
vt 0.16844314 0.31029743
vt 0.048224464 0.31246388
vt 0.04226888 0.31758618
vt 0.09420681 0.35901576
vt 0.037987597 0.31886858
vt 0.04226888 0.31758618
vt 0.0882968 0.3619467
vt 0.10363749 0.43379742
vt 0.0882968 0.3619467
vt 0.09420681 0.35901576
vt 0.09865922 0.4368708
vt 0.11100033 0.43377906
vt 0.09865922 0.4368708
vt 0.10363749 0.43379742
vt 0.11599132 0.43682784
vt 0.11998147 0.35912234
vt 0.11599132 0.43682784
vt 0.11100033 0.43377906
vt 0.1259585 0.36213207
vt 0.17469066 0.31594515
vt 0.1259585 0.36213207
vt 0.11998147 0.35912234
vt 0.17922008 0.31748044
vt 0.16844314 0.31029743
vt 0.17922008 0.31748044
vt 0.17469066 0.31594515
vt 0.16844314 0.31029743
vt 0.16805089 0.30575472
vt 0.10683417 0.34206998
vt 0.10721099 0.3359527
vt 0.16844314 0.31029743
vt 0.048224464 0.31246388
vt 0.10721099 0.3359527
vt 0.10683417 0.34206998
vt 0.04915584 0.3067568
vt 0.04226888 0.31758618
vt 0.04915584 0.3067568
vt 0.048224464 0.31246388
vt 0.037987597 0.31886858
vt 0.04915584 0.3067568
vt 0.16844314 0.31029743
vt 0.10721099 0.3359527
vt 0.16805089 0.30575472
vt 0.5153629 0.90606886
vt 0.5171492 0.81521547
vt 0.51775306 0.8919423
vt 0.5133891 0.8019047
vt 0.5203091 0.8102184
vt 0.519982 0.89503103
vt 0.5251107 0.8972252
vt 0.53043246 0.89632845
vt 0.5241103 0.8087627
vt 0.529953 0.809387
vt 0.5183463 0.7977167
vt 0.5151632 0.7985444
vt 0.5172552 0.90783936
vt 0.5198114 0.9086869
vt 0.55291027 0.88176465
vt 0.5485356 0.90452886
vt 0.56395197 0.89592254
vt 0.54826355 0.90644366
vt 0.5477592 0.90929115
vt 0.54924965 0.9051113
vt 0.56395197 0.89592254
vt 0.56427205 0.89737177
vt 0.5519719 0.8226244
vt 0.55701107 0.87789166
vt 0.5569624 0.8266799
vt 0.56275916 0.82291925
vt 0.560481 0.88200694
vt 0.55068064 0.7967527
vt 0.6448188 0.82359564
vt 0.65427387 0.82223195
vt 0.64979947 0.82669574
vt 0.65656114 0.79752296
vt 0.6499145 0.87795883
vt 0.65400356 0.8818138
vt 0.6464503 0.88207906
vt 0.6429674 0.8959736
vt 0.6583814 0.90458894
vt 0.6872171 0.90862995
vt 0.6765537 0.89630586
vt 0.6586531 0.9065079
vt 0.65915376 0.90935683
vt 0.65766275 0.9051732
vt 0.6426469 0.8974209
vt 0.56427205 0.89737177
vt 0.6429674 0.8959736
vt 0.6426469 0.8974209
vt 0.68977904 0.9077628
vt 0.691676 0.90597665
vt 0.68189967 0.89717305
vt 0.68702686 0.89496374
vt 0.689235 0.8918797
vt 0.68953335 0.8152905
vt 0.6932645 0.8020097
vt 0.6863638 0.8102768
vt 0.6825557 0.80882746
vt 0.67671585 0.8094696
vt 0.6883534 0.7979225
vt 0.69153106 0.79871726
vt 0.560481 0.88200694
vt 0.557852 0.8762793
vt 0.5611508 0.88105595
vt 0.55701107 0.87789166
vt 0.5578539 0.8274106
vt 0.5569624 0.8266799
vt 0.56298715 0.82399833
vt 0.56275916 0.82291925
vt 0.6464503 0.88207906
vt 0.6457826 0.8811295
vt 0.64907515 0.8763502
vt 0.6499145 0.87795883
vt 0.64899313 0.82749224
vt 0.64979947 0.82669574
vt 0.64452314 0.8246107
vt 0.6448188 0.82359564
vt 0.5611508 0.88105595
vt 0.56205463 0.8755156
vt 0.5631869 0.8766426
vt 0.557852 0.8762793
vt 0.561972 0.8297867
vt 0.5578539 0.8274106
vt 0.6437614 0.8767276
vt 0.6457826 0.8811295
vt 0.6448945 0.8756038
vt 0.64907515 0.8763502
vt 0.6452236 0.830126
vt 0.64899313 0.82749224
vt 0.5630443 0.8287347
vt 0.561972 0.8297867
vt 0.56298715 0.82399833
vt 0.64452314 0.8246107
vt 0.6442449 0.82914954
vt 0.6452236 0.830126
vt 0.5153629 0.90606886
vt 0.51688385 0.9082834
vt 0.5144453 0.90630376
vt 0.5172552 0.90783936
vt 0.51957715 0.9095051
vt 0.5198114 0.9086869
vt 0.5133891 0.8019047
vt 0.5123796 0.8016668
vt 0.5151632 0.7985444
vt 0.5148184 0.7980047
vt 0.5183463 0.7977167
vt 0.51821864 0.79671204
vt 0.54754615 0.9102031
vt 0.5477592 0.90929115
vt 0.55046636 0.79569435
vt 0.55068064 0.7967527
vt 0.65656114 0.79752296
vt 0.65677106 0.79646754
vt 0.65915376 0.90935683
vt 0.6593702 0.9102683
vt 0.6872171 0.90862995
vt 0.68745327 0.909449
vt 0.68977904 0.9077628
vt 0.69014597 0.9082059
vt 0.691676 0.90597665
vt 0.69259477 0.90620875
vt 0.6932645 0.8020097
vt 0.694276 0.80177176
vt 0.69153106 0.79871726
vt 0.6918801 0.79818344
vt 0.6883534 0.7979225
vt 0.68848574 0.7969336
vt 0.5144453 0.90630376
vt 0.513748 0.9123603
vt 0.50870997 0.90669775
vt 0.51688385 0.9082834
vt 0.51866746 0.91494536
vt 0.51957715 0.9095051
vt 0.5123796 0.8016668
vt 0.5065263 0.80106777
vt 0.5148184 0.7980047
vt 0.5117439 0.79350823
vt 0.51821864 0.79671204
vt 0.517607 0.7909763
vt 0.5488763 0.9157295
vt 0.54754615 0.9102031
vt 0.5512998 0.79010326
vt 0.55046636 0.79569435
vt 0.65594196 0.7908847
vt 0.65677106 0.79646754
vt 0.6593702 0.9102683
vt 0.65803385 0.9158004
vt 0.68745327 0.909449
vt 0.68836737 0.9149027
vt 0.69014597 0.9082059
vt 0.6932976 0.91228056
vt 0.69259477 0.90620875
vt 0.6983286 0.906585
vt 0.694276 0.80177176
vt 0.7001351 0.8011632
vt 0.6918801 0.79818344
vt 0.6949588 0.79372215
vt 0.68848574 0.7969336
vt 0.68910897 0.7912791
vt 0.5493107 0.82346976
vt 0.5501827 0.8809524
vt 0.52991223 0.8941522
vt 0.5292962 0.81180686
vt 0.5249028 0.8108159
vt 0.52585113 0.8952462
vt 0.5220934 0.89369035
vt 0.5222465 0.81168884
vt 0.5200619 0.81586695
vt 0.5205427 0.891188
vt 0.55291027 0.88176465
vt 0.53050315 0.89566404
vt 0.5520473 0.8814874
vt 0.53043246 0.89632845
vt 0.525577 0.89661217
vt 0.5251107 0.8972252
vt 0.52082634 0.89463234
vt 0.519982 0.89503103
vt 0.5185963 0.89155084
vt 0.51775306 0.8919423
vt 0.51802087 0.8155633
vt 0.5171492 0.81521547
vt 0.52108705 0.8106924
vt 0.5203091 0.8102184
vt 0.52461976 0.8093788
vt 0.5241103 0.8087627
vt 0.52998644 0.8101017
vt 0.529953 0.809387
vt 0.55113167 0.8229167
vt 0.5519719 0.8226244
vt 0.5520473 0.8814874
vt 0.52991223 0.8941522
vt 0.5501827 0.8809524
vt 0.53050315 0.89566404
vt 0.52585113 0.8952462
vt 0.525577 0.89661217
vt 0.5220934 0.89369035
vt 0.52082634 0.89463234
vt 0.5205427 0.891188
vt 0.5185963 0.89155084
vt 0.5200619 0.81586695
vt 0.5205427 0.891188
vt 0.51802087 0.8155633
vt 0.5222465 0.81168884
vt 0.5200619 0.81586695
vt 0.52108705 0.8106924
vt 0.5249028 0.8108159
vt 0.52461976 0.8093788
vt 0.5292962 0.81180686
vt 0.52998644 0.8101017
vt 0.5493107 0.82346976
vt 0.55113167 0.8229167
vt 0.5501827 0.8809524
vt 0.5493107 0.82346976
vt 0.6866076 0.8159368
vt 0.68644667 0.89113533
vt 0.6849141 0.8936054
vt 0.6844145 0.8116872
vt 0.6811588 0.8951795
vt 0.68173933 0.8108103
vt 0.6773122 0.81181216
vt 0.67707354 0.8941333
vt 0.65671486 0.8809798
vt 0.6570002 0.8231373
vt 0.65400356 0.8818138
vt 0.67648137 0.89564276
vt 0.6765537 0.89630586
vt 0.6548603 0.88152933
vt 0.6814375 0.8965576
vt 0.68189967 0.89717305
vt 0.68618786 0.8945613
vt 0.68702686 0.89496374
vt 0.68839264 0.89149153
vt 0.689235 0.8918797
vt 0.68865836 0.8156369
vt 0.68953335 0.8152905
vt 0.68559253 0.8107396
vt 0.6863638 0.8102768
vt 0.68205047 0.80942726
vt 0.6825557 0.80882746
vt 0.67666346 0.81016105
vt 0.67671585 0.8094696
vt 0.65513486 0.8225427
vt 0.65427387 0.82223195
vt 0.6548603 0.88152933
vt 0.67707354 0.8941333
vt 0.67648137 0.89564276
vt 0.65671486 0.8809798
vt 0.6811588 0.8951795
vt 0.6814375 0.8965576
vt 0.6849141 0.8936054
vt 0.68618786 0.8945613
vt 0.68644667 0.89113533
vt 0.68839264 0.89149153
vt 0.6866076 0.8159368
vt 0.68865836 0.8156369
vt 0.68644667 0.89113533
vt 0.6844145 0.8116872
vt 0.68559253 0.8107396
vt 0.6866076 0.8159368
vt 0.68173933 0.8108103
vt 0.68205047 0.80942726
vt 0.6773122 0.81181216
vt 0.67666346 0.81016105
vt 0.6570002 0.8231373
vt 0.65513486 0.8225427
vt 0.65671486 0.8809798
vt 0.6570002 0.8231373
vt 0.6437614 0.8767276
vt 0.6452236 0.830126
vt 0.6448945 0.8756038
vt 0.6442449 0.82914954
vt 0.6452236 0.830126
vt 0.6442449 0.82914954
vt 0.5631869 0.8766426
vt 0.5630443 0.8287347
vt 0.6437614 0.8767276
vt 0.561972 0.8297867
vt 0.5631869 0.8766426
vt 0.56205463 0.8755156
vt 0.561972 0.8297867
vt 0.5630443 0.8287347
vt 0.9316502 0.70147127
vt 0.87551546 0.72429216
vt 0.9212769 0.6835042
vt 0.9053841 0.6701685
vt 0.8858887 0.6630728
vt 0.86514217 0.6630728
vt 0.84564674 0.6701685
vt 0.829754 0.6835042
vt 0.8193807 0.7014712
vt 0.8157781 0.7219026
vt 0.8193807 0.742334
vt 0.82975394 0.7603011
vt 0.84564674 0.7736367
vt 0.8651421 0.78073245
vt 0.8858887 0.78073245
vt 0.9053841 0.7736367
vt 0.9212769 0.7603011
vt 0.9316502 0.742334
vt 0.9352528 0.7219026
vt 0.73039126 0.70147127
vt 0.6742565 0.72429216
vt 0.720018 0.6835042
vt 0.7041252 0.6701685
vt 0.6846298 0.6630728
vt 0.66388327 0.6630728
vt 0.64438784 0.6701685
vt 0.62849504 0.6835042
vt 0.61812174 0.7014712
vt 0.6145192 0.7219026
vt 0.61812174 0.742334
vt 0.62849504 0.7603011
vt 0.64438784 0.7736367
vt 0.6638832 0.78073245
vt 0.6846298 0.78073245
vt 0.70412517 0.7736367
vt 0.72001797 0.7603011
vt 0.73039126 0.742334
vt 0.7339939 0.7219026
vt 0.92920244 0.03128326
vt 0.91999847 0.07821244
vt 0.91782796 0.03552234
vt 0.9302515 0.075924695
vt 0.9206753 0.12899065
vt 0.9373894 0.12907946
vt 0.9819496 0.07821244
vt 0.97107476 0.03498566
vt 0.98188984 0.03552234
vt 0.96744704 0.07797867
vt 0.9718012 0.032948732
vt 0.98151964 0.034060597
vt 0.9716744 0.12858987
vt 0.96230257 0.12811005
vt 0.96206284 0.073747694
vt 0.97107476 0.03498566
vt 0.96744704 0.07797867
vt 0.967515 0.028306842
vt 0.96230257 0.12811005
vt 0.95901155 0.12792504
vt 0.92920244 0.03128326
vt 0.9380772 0.07459748
vt 0.9302515 0.075924695
vt 0.9365623 0.029226422
vt 0.9373894 0.12907946
vt 0.94339466 0.1285739
vt 0.93712026 0.027734518
vt 0.9511659 0.026049018
vt 0.9524367 0.02725184
vt 0.9365623 0.029226422
vt 0.95411235 0.07278681
vt 0.9380772 0.07459748
vt 0.94339466 0.1285739
vt 0.9546454 0.12710404
vt 0.96206284 0.073747694
vt 0.9524367 0.02725184
vt 0.967515 0.028306842
vt 0.95411235 0.07278681
vt 0.95901155 0.12792504
vt 0.9546454 0.12710404
vt 0.9373894 0.12907946
vt 0.92033184 0.1305753
vt 0.9206753 0.12899065
vt 0.9402832 0.12991989
vt 0.94339466 0.1285739
vt 0.94339466 0.1285739
vt 0.9438828 0.1295557
vt 0.9716744 0.12858987
vt 0.96152186 0.12911916
vt 0.96230257 0.12811005
vt 0.96988654 0.12975395
vt 0.9587485 0.12903416
vt 0.95901155 0.12792504
vt 0.95489335 0.12822306
vt 0.9546454 0.12710404
vt 0.9438828 0.1295557
vt 0.94339466 0.1285739
vt 0.9402832 0.12991989
vt 0.9196522 0.14027917
vt 0.92033184 0.1305753
vt 0.9409352 0.14230895
vt 0.96988654 0.12975395
vt 0.96037126 0.14090228
vt 0.96152186 0.12911916
vt 0.96955526 0.14085126
vt 0.96152186 0.12911916
vt 0.9582071 0.14082813
vt 0.9587485 0.12903416
vt 0.96037126 0.14090228
vt 0.9438828 0.1295557
vt 0.9409352 0.14230895
vt 0.9402832 0.12991989
vt 0.94582653 0.14128351
vt 0.95489335 0.12822306
vt 0.94582653 0.14128351
vt 0.9438828 0.1295557
vt 0.95490986 0.1401205
vt 0.9587485 0.12903416
vt 0.95490986 0.1401205
vt 0.95489335 0.12822306
vt 0.9582071 0.14082813
vt 0.91782796 0.03552234
vt 0.929006 0.02971232
vt 0.92920244 0.03128326
vt 0.91745776 0.034060597
vt 0.96847785 0.027153373
vt 0.98151964 0.034060597
vt 0.9718012 0.032948732
vt 0.96847785 0.027153373
vt 0.9846252 0.02971232
vt 0.97107476 0.03498566
vt 0.96847785 0.027153373
vt 0.9718012 0.032948732
vt 0.967515 0.028306842
vt 0.9511659 0.026049018
vt 0.967515 0.028306842
vt 0.9524367 0.02725184
vt 0.96847785 0.027153373
vt 0.9365623 0.029226422
vt 0.929006 0.02971232
vt 0.93712026 0.027734518
vt 0.92920244 0.03128326
vt 0.9853494 0.02270925
vt 0.96847785 0.027153373
vt 0.96983504 0.021910548
vt 0.9846252 0.02971232
vt 0.96847785 0.027153373
vt 0.90336055 0.092027605
vt 0.8998623 0.10842872
vt 0.9067937 0.0930931
vt 0.89689815 0.106405616
vt 0.88783455 0.12079519
vt 0.88567096 0.117943466
vt 0.873103 0.128708
vt 0.87187326 0.12544483
vt 0.8919039 0.10294342
vt 0.8819303 0.113070786
vt 0.8699155 0.11991733
vt 0.89647543 0.091845274
vt 0.9046614 0.084499
vt 0.9082524 0.08478862
vt 0.9044405 0.07686484
vt 0.9081593 0.07660377
vt 0.9020499 0.060880482
vt 0.9055872 0.059912562
vt 0.8977572 0.0741384
vt 0.8975165 0.092259645
vt 0.8969524 0.07040596
vt 0.8937459 0.05942923
vt 0.89907765 0.053144455
vt 0.9023453 0.051547766
vt 0.89506364 0.046432436
vt 0.8980297 0.044359863
vt 0.88447547 0.054751694
vt 0.88921803 0.056917727
vt 0.889912 0.039824545
vt 0.8925214 0.037338138
vt 0.88418007 0.03490734
vt 0.88622564 0.032121003
vt 0.8711628 0.027593374
vt 0.8722917 0.024462044
vt 0.8567106 0.025044978
vt 0.8567117 0.021753788
vt 0.8567111 0.031548202
vt 0.8691731 0.033839524
vt 0.87933475 0.03986758
vt 0.88155895 0.047152996
vt 0.841067 0.024462521
vt 0.84219295 0.02759397
vt 0.827131 0.03211981
vt 0.82917666 0.034906268
vt 0.8208355 0.037337422
vt 0.8234449 0.03982371
vt 0.84418327 0.03384
vt 0.8340218 0.039866388
vt 0.8317981 0.047151804
vt 0.81532776 0.044359624
vt 0.81829387 0.04643196
vt 0.81101304 0.051547885
vt 0.8142807 0.053144097
vt 0.82888204 0.054750025
vt 0.82413983 0.056916177
vt 0.8077723 0.05991292
vt 0.81130964 0.060880363
vt 0.80520236 0.07660413
vt 0.8089211 0.0768649
vt 0.80510956 0.08478856
vt 0.8087005 0.08449894
vt 0.8156043 0.07413769
vt 0.81584567 0.09225917
vt 0.8164086 0.07040501
vt 0.8196128 0.059428036
vt 0.80656856 0.09309304
vt 0.8100016 0.092027426
vt 0.81350017 0.108428955
vt 0.81646425 0.106405735
vt 0.8255283 0.12079573
vt 0.8276919 0.11794382
vt 0.84026074 0.1287089
vt 0.84149045 0.12544525
vt 0.82145846 0.10294342
vt 0.8314326 0.113070965
vt 0.8434481 0.11991745
vt 0.8168868 0.091845155
vt 0.8484637 0.12646872
vt 0.84928817 0.13014048
vt 0.8459031 0.12059516
vt 0.851102 0.12303251
vt 0.8473373 0.1188584
vt 0.8508502 0.119571924
vt 0.8473233 0.098556936
vt 0.8567155 0.1310094
vt 0.8567148 0.12760913
vt 0.8648998 0.12646908
vt 0.8640769 0.13014203
vt 0.8674605 0.1205945
vt 0.8622611 0.12303245
vt 0.86602575 0.11885774
vt 0.8625136 0.11957157
vt 0.8660371 0.09855747
vt 0.84694237 0.09809101
vt 0.86642116 0.0980916
vt 0.5355738 0.05306983
vt 0.5311932 0.07194376
vt 0.5418663 0.059618235
vt 0.52414423 0.06688595
vt 0.54139704 0.07872653
vt 0.55114245 0.07154417
vt 0.5560996 0.04845023
vt 0.5632134 0.060198307
vt 0.5717618 0.040439367
vt 0.5678843 0.03090024
vt 0.5509583 0.040582657
vt 0.60812783 0.01833558
vt 0.61018175 0.029049397
vt 0.6526069 0.013843536
vt 0.65260684 0.025092363
vt 0.61154395 0.039429903
vt 0.6526066 0.035966158
vt 0.57629144 0.04909563
vt 0.61281145 0.04903102
vt 0.65260625 0.04601264
vt 0.6149002 0.06513357
vt 0.58532035 0.06982899
vt 0.5803776 0.057095528
vt 0.57557595 0.07734108
vt 0.568194 0.069078684
vt 0.6526066 0.06294513
vt 0.5662412 0.0903008
vt 0.55872667 0.08139706
vt 0.55576587 0.09506369
vt 0.5495995 0.083839655
vt 0.54016924 0.10584378
vt 0.53319454 0.096811056
vt 0.53924495 0.122190475
vt 0.5260638 0.09656572
vt 0.51732045 0.09637666
vt 0.525324 0.13242984
vt 0.5186287 0.13277292
vt 0.5094082 0.093426466
vt 0.5101665 0.13249111
vt 0.52028525 0.1508863
vt 0.5108333 0.1526531
vt 0.5281661 0.14918005
vt 0.53243697 0.1668117
vt 0.5256173 0.1691196
vt 0.55011255 0.19254404
vt 0.5448028 0.19766623
vt 0.5171609 0.17290354
vt 0.538021 0.20424753
vt 0.5751522 0.21984595
vt 0.5700995 0.22894031
vt 0.6130415 0.23536676
vt 0.6099514 0.24590284
vt 0.636393 0.23877603
vt 0.6336488 0.2497738
vt 0.57914543 0.21263295
vt 0.61535114 0.22700948
vt 0.53540325 0.14724064
vt 0.5313278 0.13147831
vt 0.53975403 0.14625299
vt 0.5384735 0.12849689
vt 0.5439701 0.13105345
vt 0.5441632 0.14604294
vt 0.54721093 0.13177335
vt 0.5540013 0.14068711
vt 0.55484563 0.14651906
vt 0.6033512 0.1419189
vt 0.60454947 0.1488018
vt 0.5542408 0.14969158
vt 0.60526633 0.15418184
vt 0.5552452 0.15800965
vt 0.6116115 0.17398667
vt 0.6069698 0.15390754
vt 0.613597 0.17603844
vt 0.6368101 0.17102075
vt 0.62052 0.17540771
vt 0.6387682 0.17371392
vt 0.6223775 0.17716199
vt 0.64213896 0.22118443
vt 0.6354832 0.21138221
vt 0.6419972 0.17350006
vt 0.64531237 0.22506624
vt 0.6400726 0.16981447
vt 0.60741425 0.14956772
vt 0.6108858 0.14496195
vt 0.6435455 0.16620827
vt 0.64761126 0.17159045
vt 0.6508094 0.22572583
vt 0.6122582 0.12820125
vt 0.5536105 0.13636816
vt 0.61939937 0.13697755
vt 0.6106648 0.12114692
vt 0.63971233 0.16126466
vt 0.65261954 0.1643889
vt 0.65262705 0.22577423
vt 0.5461687 0.12861276
vt 0.6066572 0.11708236
vt 0.6085899 0.11525726
vt 0.5997762 0.09322524
vt 0.6014995 0.09306049
vt 0.54485273 0.119826555
vt 0.5395168 0.12139487
vt 0.6264516 0.07264805
vt 0.63244444 0.09150982
vt 0.6288196 0.0727303
vt 0.63407624 0.09091258
vt 0.6526117 0.06928706
vt 0.65262055 0.09055829
vt 0.652621 0.09288335
vt 0.63386065 0.093458176
vt 0.67133564 0.09091115
vt 0.67658466 0.07272625
vt 0.67296576 0.09151101
vt 0.6789539 0.072643995
vt 0.6968207 0.11525726
vt 0.70391136 0.09306073
vt 0.7056344 0.09322548
vt 0.6987534 0.11708236
vt 0.6947456 0.12114692
vt 0.75924015 0.12861288
vt 0.75819933 0.13177347
vt 0.69315237 0.12820137
vt 0.75179875 0.1363684
vt 0.70205915 0.1419189
vt 0.75140846 0.14068758
vt 0.7505636 0.14651906
vt 0.70086086 0.14880157
vt 0.75116885 0.1496923
vt 0.700144 0.15418184
vt 0.74652445 0.15791714
vt 0.70653784 0.1730485
vt 0.69844073 0.15390742
vt 0.6979961 0.14956784
vt 0.6653359 0.16981518
vt 0.6685995 0.1710223
vt 0.6903324 0.17713934
vt 0.67878777 0.18310302
vt 0.66663915 0.17371666
vt 0.67192906 0.18860465
vt 0.66327107 0.22118539
vt 0.70653784 0.1730485
vt 0.6634108 0.17350471
vt 0.66327107 0.22118539
vt 0.6600982 0.22506708
vt 0.6945248 0.1449616
vt 0.66186476 0.16620636
vt 0.6577939 0.17159808
vt 0.65460145 0.225725
vt 0.6860112 0.13697708
vt 0.6656984 0.16126192
vt 0.67154884 0.09346056
vt 0.6526224 0.23254687
vt 0.63902855 0.23169214
vt 0.6387212 0.22274178
vt 0.61761713 0.21871668
vt 0.6308169 0.21329767
vt 0.6254493 0.20385355
vt 0.6285114 0.2026313
vt 0.62246466 0.20334214
vt 0.582689 0.20538062
vt 0.5887883 0.19178718
vt 0.55475986 0.18740278
vt 0.562238 0.1777628
vt 0.538621 0.16465127
vt 0.5479598 0.16623425
vt 0.54288685 0.14943027
vt 0.5465302 0.16267133
vt 0.5544003 0.16211069
vt 0.5552452 0.15800965
vt 0.54288685 0.14943027
vt 0.6124296 0.17995125
vt 0.5544003 0.16211069
vt 0.61381525 0.17988557
vt 0.6210103 0.17944485
vt 0.6217313 0.18055528
vt 0.62702036 0.20318598
vt 0.6285114 0.2026313
vt 0.6254493 0.20385355
vt 0.6526201 0.2408486
vt 0.65261835 0.25196224
vt 0.6663793 0.2316913
vt 0.66901445 0.23877496
vt 0.69236606 0.2353664
vt 0.69545585 0.24590236
vt 0.67175657 0.24977392
vt 0.73530835 0.2289409
vt 0.73025584 0.21984655
vt 0.7673875 0.20424813
vt 0.7606058 0.19766694
vt 0.78824806 0.17290437
vt 0.77979165 0.16912031
vt 0.7552961 0.19254464
vt 0.772972 0.1668123
vt 0.7262627 0.21263343
vt 0.6900567 0.227009
vt 0.7851242 0.1508869
vt 0.7772432 0.14918077
vt 0.78678083 0.13277316
vt 0.79524297 0.13249159
vt 0.794576 0.1526537
vt 0.79600173 0.09342694
vt 0.7880894 0.096377134
vt 0.7800855 0.13243008
vt 0.7793463 0.0965662
vt 0.774217 0.07194424
vt 0.76401305 0.07872701
vt 0.76354396 0.059618473
vt 0.76983654 0.05307007
vt 0.7812658 0.066886425
vt 0.75426775 0.07154441
vt 0.74931085 0.04845047
vt 0.7421969 0.060198545
vt 0.73364884 0.040439367
vt 0.7375264 0.030900002
vt 0.7544524 0.040582895
vt 0.6972824 0.01833415
vt 0.6952298 0.029047966
vt 0.693865 0.03942895
vt 0.7291188 0.04909587
vt 0.6925948 0.04903245
vt 0.69051075 0.065136194
vt 0.7200902 0.0698297
vt 0.7250325 0.057095766
vt 0.7298343 0.07734132
vt 0.73721623 0.06907916
vt 0.73916894 0.09030151
vt 0.7466836 0.08139753
vt 0.7496444 0.0950644
vt 0.7558107 0.08384013
vt 0.765241 0.10584402
vt 0.7722155 0.096811295
vt 0.7661648 0.122190475
vt 0.7740817 0.13147855
vt 0.76876473 0.12027931
vt 0.77000594 0.14724123
vt 0.7656553 0.14625347
vt 0.76693606 0.12849689
vt 0.7614393 0.13105345
vt 0.7612461 0.1460433
vt 0.76252234 0.14943063
vt 0.7541719 0.16234887
vt 0.76055694 0.119826555
vt 0.76589286 0.12139511
vt 0.766788 0.16465199
vt 0.75578856 0.16372395
vt 0.7431708 0.1777634
vt 0.75064886 0.18740338
vt 0.71662027 0.19178742
vt 0.72271925 0.20538086
vt 0.68294376 0.20334154
vt 0.6877908 0.21871608
vt 0.67894197 0.20554787
vt 0.6745918 0.21329802
vt 0.67334396 0.20709747
vt 0.66668797 0.2227419
vt 0.67192906 0.18860465
vt 0.6781103 0.20368844
vt 0.67894197 0.20554787
vt 0.66327107 0.22118539
vt 0.6699262 0.21138316
vt 0.53706884 0.119484425
vt 0.84942585 0.06149745
vt 0.8449143 0.05838144
vt 0.8449892 0.058153033
vt 0.849469 0.06171149
vt 0.84437335 0.056625128
vt 0.8436981 0.05707693
vt 0.84316874 0.053675175
vt 0.84215933 0.056194186
vt 0.8492225 0.061057806
vt 0.84994274 0.06154287
vt 0.8539607 0.052223086
vt 0.8536801 0.052295804
vt 0.8539552 0.05186653
vt 0.8540215 0.0520916
vt 0.8566869 0.051455736
vt 0.8566862 0.051654696
vt 0.85931754 0.052095175
vt 0.8593833 0.051874757
vt 0.8593748 0.052227736
vt 0.8596566 0.0522995
vt 0.86417836 0.06106043
vt 0.8634584 0.061550736
vt 0.8639335 0.061716557
vt 0.86397547 0.06150329
vt 0.868444 0.058378816
vt 0.86836827 0.058151722
vt 0.86897916 0.056623578
vt 0.8696542 0.057073474
vt 0.8701813 0.053675056
vt 0.8711909 0.056191087
vt 0.8716966 0.07654971
vt 0.89513075 0.07575554
vt 0.89321995 0.07201445
vt 0.87143195 0.077649415
vt 0.8715533 0.07657862
vt 0.8709829 0.07738143
vt 0.8650941 0.066747904
vt 0.863939 0.06835616
vt 0.8642836 0.066336036
vt 0.8634452 0.06812632
vt 0.8567099 0.06776011
vt 0.85671026 0.06562221
vt 0.8952873 0.07101214
vt 0.8951278 0.08739847
vt 0.8716711 0.09477496
vt 0.8490824 0.0663358
vt 0.84991837 0.06812632
vt 0.8494247 0.06835687
vt 0.848271 0.066747546
vt 0.8423796 0.07738054
vt 0.8418091 0.07657784
vt 0.8419308 0.07764894
vt 0.8416662 0.076548874
vt 0.8182312 0.07575464
vt 0.82014185 0.0720135
vt 0.8180743 0.07101107
vt 0.8182343 0.087397814
vt 0.84169066 0.09477472
vt 0.8492225 0.061057806
vt 0.849469 0.06171149
vt 0.84942585 0.06149745
vt 0.53319454 0.096811056
vt 0.53706884 0.119484425
vt 0.53924495 0.122190475
vt 0.53706884 0.119484425
vt 0.5313278 0.13147831
vt 0.7541719 0.16234887
vt 0.7132228 0.18274432
vt 0.75448656 0.16246235
vt 0.70653784 0.1730485
vt 0.6906431 0.18915683
vt 0.6845334 0.19442457
vt 0.6797031 0.19943696
vt 0.6781103 0.20368844
vt 0.7541719 0.16234887
vt 0.75448656 0.16246235
vt 0.75578856 0.16372395
vt 0.74652445 0.15791714
vt 0.76252234 0.14943063
vt 0.7541719 0.16234887
vt 0.86417836 0.06106043
vt 0.86397547 0.06150329
vt 0.8639335 0.061716557
vt 0.7722155 0.096811295
vt 0.7661648 0.122190475
vt 0.76876473 0.12027931
vt 0.7740817 0.13147855
vt 0.76876473 0.12027931
vt 0.86806333 0.09233606
vt 0.84373647 0.07922351
vt 0.84529835 0.09233564
vt 0.8696255 0.07922417
vt 0.86773956 0.09250486
vt 0.8456223 0.092504025
vt 0.86528736 0.09440732
vt 0.84807485 0.09440744
vt 0.8692042 0.0758999
vt 0.850543 0.06985152
vt 0.844159 0.07589924
vt 0.86281973 0.0698514
vt 0.8716711 0.09477496
vt 0.8696255 0.07922417
vt 0.86806333 0.09233606
vt 0.87143195 0.077649415
vt 0.87143195 0.077649415
vt 0.84373647 0.07922351
vt 0.8696255 0.07922417
vt 0.8419308 0.07764894
vt 0.8419308 0.07764894
vt 0.84529835 0.09233564
vt 0.84373647 0.07922351
vt 0.84169066 0.09477472
vt 0.84169066 0.09477472
vt 0.8456223 0.092504025
vt 0.84529835 0.09233564
vt 0.84232277 0.095261216
vt 0.8710393 0.095261455
vt 0.86806333 0.09233606
vt 0.86773956 0.09250486
vt 0.8716711 0.09477496
vt 0.86642116 0.0980916
vt 0.86773956 0.09250486
vt 0.86528736 0.09440732
vt 0.8710393 0.095261455
vt 0.84232277 0.095261216
vt 0.84807485 0.09440744
vt 0.8456223 0.092504025
vt 0.84694237 0.09809101
vt 0.84694237 0.09809101
vt 0.86528736 0.09440732
vt 0.84807485 0.09440744
vt 0.86642116 0.0980916
vt 0.8709829 0.07738143
vt 0.86281973 0.0698514
vt 0.8692042 0.0758999
vt 0.8709829 0.07738143
vt 0.863939 0.06835616
vt 0.86281973 0.0698514
vt 0.863939 0.06835616
vt 0.850543 0.06985152
vt 0.86281973 0.0698514
vt 0.8494247 0.06835687
vt 0.8494247 0.06835687
vt 0.844159 0.07589924
vt 0.850543 0.06985152
vt 0.8423796 0.07738054
vt 0.8423796 0.07738054
vt 0.8692042 0.0758999
vt 0.844159 0.07589924
vt 0.8709829 0.07738143
vt 0.91269046 0.18786442
vt 0.8798698 0.20967817
vt 0.90094715 0.18315
vt 0.8819585 0.2218188
vt 0.8935715 0.15512085
vt 0.8937954 0.16585189
vt 0.8712567 0.15419137
vt 0.8712579 0.16625142
vt 0.8487202 0.16585183
vt 0.8489436 0.15512133
vt 0.84156835 0.18315047
vt 0.8298248 0.18786448
vt 0.8626462 0.20967847
vt 0.86055815 0.22181809
vt 0.8819585 0.2218188
vt 0.8712584 0.21010834
vt 0.8798698 0.20967817
vt 0.87125874 0.22292566
vt 0.8935715 0.15512085
vt 0.9186472 0.18627477
vt 0.91269046 0.18786442
vt 0.8982666 0.14957577
vt 0.8935715 0.15512085
vt 0.871259 0.14735264
vt 0.8982666 0.14957577
vt 0.8712567 0.15419137
vt 0.91269046 0.18786442
vt 0.8852198 0.22772765
vt 0.8819585 0.2218188
vt 0.9186472 0.18627477
vt 0.8819585 0.2218188
vt 0.8712584 0.22982466
vt 0.87125874 0.22292566
vt 0.8852198 0.22772765
vt 0.8798698 0.20967817
vt 0.9001287 0.18259418
vt 0.90094715 0.18315
vt 0.87932193 0.20863968
vt 0.8712584 0.21010834
vt 0.87932193 0.20863968
vt 0.8798698 0.20967817
vt 0.871258 0.20877212
vt 0.90094715 0.18315
vt 0.8932718 0.1666922
vt 0.8937954 0.16585189
vt 0.90094715 0.18315
vt 0.9001287 0.18259418
vt 0.8932718 0.1666922
vt 0.8937954 0.16585189
vt 0.871258 0.16759014
vt 0.8712579 0.16625142
vt 0.8932718 0.1666922
vt 0.8487202 0.16585183
vt 0.849244 0.16669202
vt 0.86055815 0.22181809
vt 0.8712584 0.21010834
vt 0.87125874 0.22292566
vt 0.8626462 0.20967847
vt 0.8489436 0.15512133
vt 0.82386804 0.18627489
vt 0.8442494 0.14957535
vt 0.8298248 0.18786448
vt 0.8489436 0.15512133
vt 0.871259 0.14735264
vt 0.8712567 0.15419137
vt 0.8442494 0.14957535
vt 0.8298248 0.18786448
vt 0.85729635 0.22772825
vt 0.82386804 0.18627489
vt 0.86055815 0.22181809
vt 0.86055815 0.22181809
vt 0.8712584 0.22982466
vt 0.85729635 0.22772825
vt 0.87125874 0.22292566
vt 0.8626462 0.20967847
vt 0.8423867 0.18259394
vt 0.8631942 0.20863968
vt 0.84156835 0.18315047
vt 0.8712584 0.21010834
vt 0.8631942 0.20863968
vt 0.871258 0.20877212
vt 0.8626462 0.20967847
vt 0.84156835 0.18315047
vt 0.849244 0.16669202
vt 0.8423867 0.18259394
vt 0.84156835 0.18315047
vt 0.8487202 0.16585183
vt 0.849244 0.16669202
vt 0.99075115 0.22926497
vt 0.93620944 0.2401768
vt 0.92732656 0.22587466
vt 0.99081504 0.23394817
vt 0.9289093 0.24180996
vt 0.99081504 0.23394817
vt 0.9940285 0.22552723
vt 0.9967695 0.23687768
vt 0.99075115 0.22926497
vt 0.9940285 0.22552723
vt 0.92732656 0.22587466
vt 0.9276778 0.22066844
vt 0.99075115 0.22926497
vt 0.93620944 0.2401768
vt 0.9967695 0.23687768
vt 0.9358164 0.24584568
vt 0.99081504 0.23394817
vt 0.93620944 0.2401768
vt 0.92900205 0.24659467
vt 0.9289093 0.24180996
vt 0.9358164 0.24584568
vt 0.9289093 0.24180996
vt 0.8867153 0.2564634
vt 0.8828435 0.25425196
vt 0.92900205 0.24659467
vt 0.92732656 0.22587466
vt 0.8828435 0.25425196
vt 0.8872541 0.2500739
vt 0.9289093 0.24180996
vt 0.8828435 0.25425196
vt 0.880322 0.26262367
vt 0.8770927 0.26230884
vt 0.8867153 0.2564634
vt 0.8770927 0.26230884
vt 0.87691426 0.32617068
vt 0.8734138 0.3247372
vt 0.880322 0.26262367
vt 0.8734138 0.3247372
vt 0.871256 0.327325
vt 0.87125707 0.32507002
vt 0.87691426 0.32617068
vt 0.8734138 0.3247372
vt 0.871258 0.25137126
vt 0.8770927 0.26230884
vt 0.87125707 0.32507002
vt 0.8770927 0.26230884
vt 0.88104296 0.25129712
vt 0.8828435 0.25425196
vt 0.871258 0.25137126
vt 0.8872541 0.2500739
vt 0.9967695 0.23687768
vt 0.9940549 0.22310042
vt 0.9969424 0.2390598
vt 0.9967695 0.23687768
vt 0.9940285 0.22552723
vt 0.9940549 0.22310042
vt 0.9358164 0.24584568
vt 0.9969424 0.2390598
vt 0.93519044 0.24965096
vt 0.9967695 0.23687768
vt 0.92900205 0.24659467
vt 0.93519044 0.24965096
vt 0.9295495 0.2504021
vt 0.9358164 0.24584568
vt 0.8867153 0.2564634
vt 0.9295495 0.2504021
vt 0.88782454 0.2602824
vt 0.92900205 0.24659467
vt 0.880322 0.26262367
vt 0.88782454 0.2602824
vt 0.88392615 0.2620319
vt 0.8867153 0.2564634
vt 0.88782454 0.2602824
vt 0.87691426 0.32617068
vt 0.88392615 0.2620319
vt 0.8781471 0.32624578
vt 0.880322 0.26262367
vt 0.871256 0.327325
vt 0.8781471 0.32624578
vt 0.87125695 0.3300947
vt 0.871256 0.327325
vt 0.87691426 0.32617068
vt 0.9940285 0.22552723
vt 0.9291314 0.21706104
vt 0.9940549 0.22310042
vt 0.9276778 0.22066844
vt 0.9276778 0.22066844
vt 0.8872541 0.2500739
vt 0.88237214 0.23998821
vt 0.92732656 0.22587466
vt 0.88237214 0.23998821
vt 0.88104296 0.25129712
vt 0.87948775 0.23901927
vt 0.8872541 0.2500739
vt 0.87948775 0.23901927
vt 0.871258 0.25137126
vt 0.87125814 0.23846793
vt 0.88104296 0.25129712
vt 0.8630284 0.23901927
vt 0.8614731 0.25129712
vt 0.751765 0.22926474
vt 0.80630684 0.24017692
vt 0.7517007 0.23394823
vt 0.81518996 0.2258743
vt 0.8136065 0.24180996
vt 0.7517007 0.23394823
vt 0.7484878 0.2255277
vt 0.751765 0.22926474
vt 0.7457466 0.23687762
vt 0.7484878 0.2255277
vt 0.81518996 0.2258743
vt 0.751765 0.22926474
vt 0.81483865 0.22066867
vt 0.80630684 0.24017692
vt 0.7457466 0.23687762
vt 0.7517007 0.23394823
vt 0.8067002 0.24584568
vt 0.80630684 0.24017692
vt 0.81351435 0.24659455
vt 0.8067002 0.24584568
vt 0.8136065 0.24180996
vt 0.8136065 0.24180996
vt 0.85580134 0.256464
vt 0.81351435 0.24659455
vt 0.8596728 0.25425172
vt 0.81518996 0.2258743
vt 0.8596728 0.25425172
vt 0.8136065 0.24180996
vt 0.8552623 0.2500738
vt 0.8596728 0.25425172
vt 0.86219406 0.26262403
vt 0.85580134 0.256464
vt 0.8654231 0.26231003
vt 0.8654231 0.26231003
vt 0.8655987 0.32617068
vt 0.86219406 0.26262403
vt 0.8690989 0.32473683
vt 0.8690989 0.32473683
vt 0.871256 0.327325
vt 0.8655987 0.32617068
vt 0.87125707 0.32507002
vt 0.8690989 0.32473683
vt 0.871258 0.25137126
vt 0.87125707 0.32507002
vt 0.8654231 0.26231003
vt 0.8654231 0.26231003
vt 0.8614731 0.25129712
vt 0.871258 0.25137126
vt 0.8596728 0.25425172
vt 0.8552623 0.2500738
vt 0.7457466 0.23687762
vt 0.74846125 0.22310013
vt 0.7484878 0.2255277
vt 0.7457466 0.23687762
vt 0.74557424 0.2390598
vt 0.74846125 0.22310013
vt 0.8067002 0.24584568
vt 0.74557424 0.2390598
vt 0.7457466 0.23687762
vt 0.80732656 0.24965084
vt 0.81351435 0.24659455
vt 0.80732656 0.24965084
vt 0.8067002 0.24584568
vt 0.81296766 0.2504021
vt 0.85580134 0.256464
vt 0.81296766 0.2504021
vt 0.81351435 0.24659455
vt 0.85469186 0.26028228
vt 0.86219406 0.26262403
vt 0.85469186 0.26028228
vt 0.85580134 0.256464
vt 0.85858953 0.26203108
vt 0.85469186 0.26028228
vt 0.8655987 0.32617068
vt 0.85858953 0.26203108
vt 0.86219406 0.26262403
vt 0.8643662 0.32624596
vt 0.871256 0.327325
vt 0.8643662 0.32624596
vt 0.8655987 0.32617068
vt 0.871256 0.327325
vt 0.87125695 0.3300947
vt 0.7484878 0.2255277
vt 0.8133858 0.21706116
vt 0.81483865 0.22066867
vt 0.74846125 0.22310013
vt 0.81483865 0.22066867
vt 0.8552623 0.2500738
vt 0.81518996 0.2258743
vt 0.860144 0.23998833
vt 0.860144 0.23998833
vt 0.8614731 0.25129712
vt 0.8552623 0.2500738
vt 0.8630284 0.23901927
vt 0.94788235 0.31909877
vt 0.9533707 0.34091264
vt 0.9452836 0.34188932
vt 0.9575236 0.31895489
vt 0.9469359 0.3630672
vt 0.93945825 0.36079693
vt 0.93551904 0.38786644
vt 0.9296912 0.38150626
vt 0.92794967 0.3830393
vt 0.9317624 0.3946283
vt 0.9184063 0.38588053
vt 0.9267685 0.3970195
vt 0.90810174 0.3998286
vt 0.90982574 0.38840377
vt 0.9072128 0.39964336
vt 0.9089377 0.38833106
vt 0.9102556 0.38777012
vt 0.9275121 0.38259608
vt 0.9286932 0.38103622
vt 0.93713146 0.3632794
vt 0.94332755 0.3418694
vt 0.94684035 0.31910568
vt 0.9102846 0.3839019
vt 0.9113734 0.38414168
vt 0.915578 0.35599935
vt 0.91669196 0.35624832
vt 0.91647154 0.35312867
vt 0.91758883 0.35354155
vt 0.9212036 0.34224445
vt 0.92245203 0.34239215
vt 0.92855895 0.35638267
vt 0.93128574 0.35628045
vt 0.92812556 0.35366088
vt 0.9307266 0.35303003
vt 0.9241947 0.34219748
vt 0.8996092 0.38157493
vt 0.89829105 0.3856135
vt 0.8953881 0.39439905
vt 0.90698665 0.40078467
vt 0.8940675 0.39786065
vt 0.89120924 0.3974191
vt 0.8928126 0.39401758
vt 0.89569175 0.3852458
vt 0.89705586 0.38121516
vt 0.88907397 0.3972528
vt 0.88986766 0.39388132
vt 0.8927406 0.38513
vt 0.8941127 0.381095
vt 0.90763384 0.34250897
vt 0.9100732 0.34249657
vt 0.9121346 0.34246224
vt 0.87823045 0.39649355
vt 0.87823045 0.39387095
vt 0.87823045 0.3851303
vt 0.87823045 0.38109523
vt 0.88578296 0.37519586
vt 0.87823045 0.37553567
vt 0.8892853 0.3425091
vt 0.87823033 0.37497908
vt 0.88487935 0.37499827
vt 0.88515127 0.37420887
vt 0.8876456 0.34194
vt 0.88299966 0.37319082
vt 0.8836037 0.372729
vt 0.8829657 0.37278956
vt 0.88555646 0.34008938
vt 0.8862734 0.34003276
vt 0.87823045 0.3732469
vt 0.87823045 0.37300754
vt 0.87823045 0.34010047
vt 0.87067795 0.37519586
vt 0.8488271 0.3425089
vt 0.8623482 0.381095
vt 0.85940504 0.38121516
vt 0.8637203 0.38512993
vt 0.86076915 0.38524586
vt 0.8568518 0.38157493
vt 0.8581699 0.3856135
vt 0.84617645 0.3839019
vt 0.84752333 0.38833094
vt 0.8462054 0.38777012
vt 0.8466352 0.38840377
vt 0.84924823 0.3996433
vt 0.8483592 0.39982867
vt 0.8380546 0.38588053
vt 0.82969254 0.3970195
vt 0.8246984 0.3946283
vt 0.8285112 0.3830393
vt 0.82094187 0.38786632
vt 0.8267697 0.38150626
vt 0.8170026 0.36079693
vt 0.8095252 0.3630672
vt 0.81117743 0.34188926
vt 0.8030903 0.34091258
vt 0.8085785 0.31909865
vt 0.79893726 0.31895489
vt 0.82894886 0.38259608
vt 0.82776785 0.38103622
vt 0.81932956 0.3632794
vt 0.81313336 0.34186953
vt 0.80962074 0.31910568
vt 0.82790196 0.35638273
vt 0.8251753 0.3562805
vt 0.8283354 0.35366094
vt 0.8257344 0.35303003
vt 0.839769 0.35624826
vt 0.8388722 0.3535415
vt 0.8399894 0.35312867
vt 0.8408828 0.35599923
vt 0.8450874 0.38414168
vt 0.83525735 0.34224457
vt 0.834009 0.34239227
vt 0.83226633 0.34219748
vt 0.84432626 0.34246242
vt 0.8463878 0.34249663
vt 0.8671757 0.3425091
vt 0.8713095 0.374209
vt 0.87158144 0.37499827
vt 0.8688153 0.3419401
vt 0.8734611 0.37319082
vt 0.8728571 0.372729
vt 0.8734951 0.37278932
vt 0.8709043 0.34008938
vt 0.8701875 0.34003282
vt 0.9078137 0.4009905
vt 0.9272732 0.39821172
vt 0.927327 0.39874524
vt 0.9090001 0.40140957
vt 0.9070972 0.4018402
vt 0.9329639 0.39532876
vt 0.9330284 0.3960315
vt 0.936671 0.38829142
vt 0.9369763 0.38924485
vt 0.937491 0.4034186
vt 0.9425182 0.39636487
vt 0.9316112 0.40625083
vt 0.91893226 0.41222507
vt 0.9180854 0.41283125
vt 0.91654134 0.4132473
vt 0.9062372 0.40234447
vt 0.8927307 0.3991906
vt 0.89337003 0.3988312
vt 0.8908988 0.39846343
vt 0.890612 0.39888173
vt 0.8890431 0.3983621
vt 0.8890139 0.39881223
vt 0.87823033 0.3979342
vt 0.87823045 0.39857274
vt 0.91109306 0.4132486
vt 0.904976 0.40598112
vt 0.8935528 0.40340412
vt 0.8906834 0.4030246
vt 0.88768494 0.4027254
vt 0.87823045 0.4023372
vt 0.8674178 0.3983621
vt 0.8673868 0.3972528
vt 0.86659336 0.39388132
vt 0.8636484 0.39401758
vt 0.86525154 0.3974191
vt 0.8610728 0.39439905
vt 0.8623934 0.39786065
vt 0.84947425 0.40078467
vt 0.8486471 0.40099043
vt 0.8291877 0.39821166
vt 0.8291339 0.3987453
vt 0.84746075 0.40140957
vt 0.84936374 0.40184015
vt 0.823497 0.39532876
vt 0.8234326 0.3960315
vt 0.8203364 0.3899716
vt 0.8217884 0.39356083
vt 0.8201073 0.3922497
vt 0.81546956 0.4001813
vt 0.81722254 0.4015746
vt 0.8119831 0.3873952
vt 0.81100744 0.3892848
vt 0.81094265 0.38663697
vt 0.80884296 0.3872739
vt 0.80298156 0.3953436
vt 0.80525935 0.39748162
vt 0.81897014 0.40341854
vt 0.82484967 0.40625083
vt 0.8375287 0.41222513
vt 0.83837557 0.41283125
vt 0.83991957 0.4132473
vt 0.8502238 0.40234447
vt 0.8637301 0.3991906
vt 0.86309075 0.3988312
vt 0.86556196 0.39846355
vt 0.8658488 0.39888167
vt 0.867447 0.3988123
vt 0.845368 0.4132486
vt 0.85148495 0.40598118
vt 0.8629081 0.40340412
vt 0.8657774 0.40302455
vt 0.86877596 0.4027254
vt 0.9489406 0.36362422
vt 0.95541215 0.3415522
vt 0.9596179 0.31961626
vt 0.95777464 0.31785095
vt 0.9487574 0.31795734
vt 0.9628141 0.34552372
vt 0.95668447 0.3666039
vt 0.96716595 0.32405496
vt 0.9631327 0.2984435
vt 0.97149014 0.2985378
vt 0.9621142 0.2732327
vt 0.9595684 0.26964396
vt 0.95927405 0.28721774
vt 0.9575017 0.26937747
vt 0.9573166 0.28658986
vt 0.9597517 0.2983786
vt 0.9596748 0.31058162
vt 0.95765615 0.29917127
vt 0.9577332 0.31132776
vt 0.957725 0.2966447
vt 0.9539135 0.3125863
vt 0.9508349 0.31360072
vt 0.97149014 0.2985378
vt 0.9694404 0.26917338
vt 0.809686 0.36548674
vt 0.80752045 0.36362427
vt 0.80617857 0.3658492
vt 0.8074576 0.36687046
vt 0.8043737 0.36930597
vt 0.806344 0.36938477
vt 0.7980105 0.3693816
vt 0.79658455 0.3722781
vt 0.79977655 0.36660397
vt 0.8010487 0.3415522
vt 0.796843 0.31961638
vt 0.7986863 0.3178509
vt 0.8077036 0.31795734
vt 0.7936469 0.34552372
vt 0.789295 0.3240549
vt 0.7933282 0.29844356
vt 0.78497094 0.29853767
vt 0.7943467 0.2732327
vt 0.7968926 0.26964396
vt 0.7964801 0.2879336
vt 0.7989592 0.26937747
vt 0.7984374 0.2873057
vt 0.79670936 0.2983786
vt 0.7967861 0.31058162
vt 0.7988048 0.29917133
vt 0.7987276 0.31132776
vt 0.79873604 0.2966447
vt 0.8025475 0.3125863
vt 0.80562615 0.31360072
vt 0.78497094 0.29853767
vt 0.7870206 0.26917338
vt 0.9425182 0.39636487
vt 0.94163364 0.40784377
vt 0.937491 0.4034186
vt 0.9467431 0.40056694
vt 0.9357118 0.41060728
vt 0.9316112 0.40625083
vt 0.9217551 0.41706985
vt 0.91893226 0.41222507
vt 0.9208635 0.41774523
vt 0.9180854 0.41283125
vt 0.9197782 0.41790396
vt 0.91654134 0.4132473
vt 0.9141114 0.41781455
vt 0.91109306 0.4132486
vt 0.95668447 0.3666039
vt 0.9621248 0.36854404
vt 0.9628141 0.34552372
vt 0.9687743 0.34585977
vt 0.96716595 0.32405496
vt 0.96716595 0.32405496
vt 0.97351146 0.32268834
vt 0.97149014 0.2985378
vt 0.9782237 0.29521185
vt 0.9694404 0.26917338
vt 0.97597975 0.2635563
vt 0.81722254 0.4015746
vt 0.81067187 0.4042008
vt 0.81546956 0.4001813
vt 0.81302476 0.40589947
vt 0.79959 0.40134972
vt 0.80525935 0.39748162
vt 0.79769146 0.39948702
vt 0.80298156 0.3953436
vt 0.81897014 0.40341854
vt 0.8147637 0.40776658
vt 0.82484967 0.40625083
vt 0.8207491 0.41060734
vt 0.8375287 0.41222513
vt 0.8347059 0.4170699
vt 0.83837557 0.41283125
vt 0.8355974 0.4177453
vt 0.83991957 0.4132473
vt 0.83668256 0.4179039
vt 0.79082316 0.3751688
vt 0.79658455 0.3722781
vt 0.79229164 0.3724758
vt 0.7980105 0.3693816
vt 0.7942796 0.36907464
vt 0.79977655 0.36660397
vt 0.7876865 0.34585965
vt 0.7936469 0.34552372
vt 0.7829495 0.3226884
vt 0.845368 0.4132486
vt 0.84234965 0.41781455
vt 0.7936469 0.34552372
vt 0.789295 0.3240549
vt 0.7782373 0.29521185
vt 0.78497094 0.29853767
vt 0.7804813 0.2635563
vt 0.7870206 0.26917338
vt 0.5715809 0.35640484
vt 0.54607475 0.38535714
vt 0.5330886 0.3547796
vt 0.5796384 0.37236845
vt 0.58089083 0.35611546
vt 0.5752872 0.33208978
vt 0.5689641 0.32832992
vt 0.58719873 0.3746115
vt 0.5876832 0.35445017
vt 0.59203583 0.37366408
vt 0.6032902 0.40239882
vt 0.5968034 0.40331078
vt 0.60137075 0.40831065
vt 0.6052254 0.40512383
vt 0.60531414 0.4110067
vt 0.6113241 0.4085709
vt 0.59478116 0.40589035
vt 0.57087517 0.42002344
vt 0.5754237 0.4231279
vt 0.5670438 0.4166553
vt 0.6105961 0.41302192
vt 0.61496586 0.4102285
vt 0.5972435 0.41826522
vt 0.6053035 0.41447544
vt 0.5861888 0.42918682
vt 0.5903871 0.43091512
vt 0.60459226 0.41752088
vt 0.6000475 0.42045724
vt 0.5972435 0.41826522
vt 0.6109261 0.41452157
vt 0.6192404 0.41207755
vt 0.6189984 0.41023028
vt 0.61914647 0.41398978
vt 0.6200721 0.4056722
vt 0.6179061 0.39911652
vt 0.60972965 0.4005828
vt 0.6063524 0.38734567
vt 0.6154896 0.38700116
vt 0.61141086 0.37659657
vt 0.6259078 0.41021252
vt 0.632463 0.4088403
vt 0.6392317 0.40185046
vt 0.64442813 0.38711298
vt 0.6444839 0.3797487
vt 0.6442578 0.3998406
vt 0.6443162 0.34129864
vt 0.59460884 0.3386259
vt 0.5816907 0.3312508
vt 0.56847733 0.29834902
vt 0.5629365 0.29799843
vt 0.5658567 0.28791332
vt 0.5614902 0.28755367
vt 0.5604836 0.25878298
vt 0.5555588 0.26059425
vt 0.5263686 0.32888508
vt 0.52113104 0.29170668
vt 0.5228572 0.27809995
vt 0.52735484 0.2664634
vt 0.58410233 0.2994405
vt 0.5825559 0.2852466
vt 0.5746336 0.2657429
vt 0.59467953 0.28502738
vt 0.59467566 0.29843545
vt 0.60261035 0.32486844
vt 0.60078055 0.3317889
vt 0.6441982 0.32494366
vt 0.6442611 0.33333725
vt 0.5897731 0.2656988
vt 0.6437924 0.28383553
vt 0.6434194 0.25186276
vt 0.6941851 0.33845985
vt 0.70120806 0.35416704
vt 0.69731003 0.37357795
vt 0.70225435 0.37450933
vt 0.68691295 0.40325165
vt 0.69415534 0.4041437
vt 0.707574 0.36942524
vt 0.7079584 0.35563046
vt 0.7116638 0.3676051
vt 0.70892316 0.37065798
vt 0.7134102 0.36982965
vt 0.74792236 0.37512147
vt 0.7477874 0.3729952
vt 0.71431166 0.35432732
vt 0.7539366 0.35118347
vt 0.7600037 0.3282957
vt 0.72042614 0.33049393
vt 0.7480678 0.3767088
vt 0.7218564 0.377747
vt 0.7482069 0.3809961
vt 0.7230801 0.38130736
vt 0.7205463 0.3797021
vt 0.7132799 0.33193552
vt 0.7183626 0.3987521
vt 0.7154166 0.39891446
vt 0.71662635 0.4005617
vt 0.69809586 0.4064536
vt 0.6964126 0.40353787
vt 0.6961782 0.40724993
vt 0.74025816 0.4074918
vt 0.7380766 0.4105271
vt 0.72860295 0.42011213
vt 0.7254768 0.42241144
vt 0.6883896 0.4098271
vt 0.6844397 0.40622962
vt 0.68356127 0.41276824
vt 0.67739385 0.409796
vt 0.72068495 0.42586935
vt 0.71527284 0.42900026
vt 0.6774869 0.41471446
vt 0.67336905 0.41136837
vt 0.6914868 0.42184198
vt 0.683007 0.4167801
vt 0.7028032 0.43514502
vt 0.69800884 0.43696368
vt 0.68790984 0.42432618
vt 0.68317705 0.42036426
vt 0.6768428 0.4163432
vt 0.668694 0.4129802
vt 0.66917413 0.4111359
vt 0.6685055 0.41491163
vt 0.6684885 0.4063722
vt 0.6710856 0.39965928
vt 0.66226625 0.410784
vt 0.65575385 0.40924263
vt 0.64923 0.40198624
vt 0.6737011 0.3872459
vt 0.67975897 0.40133524
vt 0.6831245 0.38767028
vt 0.6777447 0.37663484
vt 0.6536573 0.41206896
vt 0.6610558 0.412948
vt 0.6440177 0.41207647
vt 0.6538013 0.41369355
vt 0.64414155 0.41362762
vt 0.6609412 0.4139799
vt 0.6616645 0.4154744
vt 0.6679453 0.41622615
vt 0.67602503 0.41893685
vt 0.68050885 0.4223225
vt 0.68248516 0.4248054
vt 0.6925748 0.43868887
vt 0.6547121 0.4153098
vt 0.6443616 0.4151435
vt 0.60531414 0.4110067
vt 0.5972435 0.41826522
vt 0.58524644 0.43061197
vt 0.5741916 0.4244175
vt 0.56946474 0.42094076
vt 0.5655415 0.4171654
vt 0.58954465 0.43236828
vt 0.59466016 0.43458915
vt 0.59516037 0.4323933
vt 0.60452026 0.42096162
vt 0.60647416 0.41942978
vt 0.61116934 0.41687453
vt 0.6194687 0.4153378
vt 0.6261865 0.41511047
vt 0.62703 0.4135493
vt 0.62697846 0.4124769
vt 0.6344482 0.4116658
vt 0.6438161 0.4118079
vt 0.64399505 0.40898037
vt 0.63427746 0.4132545
vt 0.6436713 0.41328108
vt 0.6333641 0.4148301
vt 0.6434388 0.4147613
vt 0.68356127 0.41276824
vt 0.7028032 0.43514502
vt 0.6914868 0.42184198
vt 0.707179 0.33112276
vt 0.7148122 0.29713702
vt 0.7205818 0.29689205
vt 0.7183066 0.28505564
vt 0.7233375 0.285874
vt 0.7261836 0.25700688
vt 0.7312178 0.25876808
vt 0.7654208 0.29020298
vt 0.7637541 0.27671152
vt 0.7594919 0.26511562
vt 0.7040277 0.2987268
vt 0.7051557 0.2843609
vt 0.7122726 0.26451516
vt 0.68786633 0.3315786
vt 0.68590134 0.32459486
vt 0.6933349 0.29785132
vt 0.69296473 0.28435123
vt 0.69726354 0.2648946
vt 0.54459065 0.3858248
vt 0.53149354 0.3550731
vt 0.53643084 0.3515935
vt 0.54330045 0.3543833
vt 0.5517453 0.35126173
vt 0.5579092 0.34588486
vt 0.55682683 0.3387339
vt 0.5483973 0.33259416
vt 0.5346461 0.3440038
vt 0.54137784 0.3354963
vt 0.52477133 0.32911038
vt 0.5195565 0.29183745
vt 0.5211892 0.2778219
vt 0.52590275 0.2652393
vt 0.5210041 0.3309132
vt 0.5278613 0.35696977
vt 0.5412736 0.3878864
vt 0.5156723 0.2935871
vt 0.5162434 0.27865845
vt 0.5209563 0.26443446
vt 0.5621163 0.41948807
vt 0.5655945 0.42420483
vt 0.5711467 0.42812943
vt 0.58272684 0.4344343
vt 0.58681667 0.43665695
vt 0.591907 0.43916202
vt 0.5517453 0.35126173
vt 0.54330045 0.3543833
vt 0.54510623 0.3503375
vt 0.53643084 0.3515935
vt 0.5424098 0.34746885
vt 0.5346461 0.3440038
vt 0.5405644 0.34231293
vt 0.54137784 0.3354963
vt 0.54137784 0.3354963
vt 0.5477342 0.33359694
vt 0.5435255 0.33620846
vt 0.5483973 0.33259416
vt 0.5405644 0.34231293
vt 0.54346824 0.3420416
vt 0.5424098 0.34746885
vt 0.54484165 0.34647667
vt 0.54510623 0.3503375
vt 0.54607856 0.34937775
vt 0.5517453 0.35126173
vt 0.550135 0.3499477
vt 0.5579092 0.34588486
vt 0.5547833 0.3453474
vt 0.55682683 0.3387339
vt 0.5539913 0.3389039
vt 0.5483973 0.33259416
vt 0.5477342 0.33359694
vt 0.55682683 0.3387339
vt 0.7539366 0.35118347
vt 0.7615543 0.3284961
vt 0.7554029 0.35145664
vt 0.7477874 0.3729952
vt 0.7539366 0.35118347
vt 0.7600037 0.3282957
vt 0.76702106 0.29031634
vt 0.7477874 0.3729952
vt 0.7491223 0.3733449
vt 0.74792236 0.37512147
vt 0.74936444 0.375376
vt 0.7480678 0.3767088
vt 0.74792236 0.37512147
vt 0.7477874 0.3729952
vt 0.7480678 0.3767088
vt 0.7493425 0.37684596
vt 0.7482069 0.3809961
vt 0.74970454 0.38126522
vt 0.74025816 0.4074918
vt 0.74025816 0.4074918
vt 0.74186474 0.40771115
vt 0.7380766 0.4105271
vt 0.7380766 0.4105271
vt 0.73960227 0.41130567
vt 0.72860295 0.42011213
vt 0.73960227 0.41130567
vt 0.72999007 0.42127132
vt 0.7254768 0.42241144
vt 0.72683364 0.4236716
vt 0.72068495 0.42586935
vt 0.721971 0.4270692
vt 0.71527284 0.42900026
vt 0.7164828 0.43050337
vt 0.7028032 0.43514502
vt 0.70371634 0.43677962
vt 0.69800884 0.43696368
vt 0.6988655 0.4385513
vt 0.6925748 0.43868887
vt 0.69330424 0.4408822
vt 0.7600037 0.3282957
vt 0.7654208 0.29020298
vt 0.7653886 0.27644217
vt 0.7654208 0.29020298
vt 0.7637541 0.27671152
vt 0.7637541 0.27671152
vt 0.7609607 0.26397127
vt 0.7594919 0.26511562
vt 0.7554029 0.35145664
vt 0.7651907 0.3302405
vt 0.7587713 0.353177
vt 0.7615543 0.3284961
vt 0.7491223 0.3733449
vt 0.75233924 0.3745917
vt 0.74936444 0.375376
vt 0.75276506 0.3752877
vt 0.7493425 0.37684596
vt 0.7535863 0.37682295
vt 0.74970454 0.38126522
vt 0.7539358 0.3825056
vt 0.74186474 0.40771115
vt 0.7461244 0.40970182
vt 0.73960227 0.41130567
vt 0.7440653 0.41432118
vt 0.72999007 0.42127132
vt 0.7335742 0.4245956
vt 0.72683364 0.4236716
vt 0.72998995 0.42712092
vt 0.721971 0.4270692
vt 0.72532374 0.43077707
vt 0.7164828 0.43050337
vt 0.7194497 0.4347489
vt 0.70371634 0.43677962
vt 0.7061359 0.44115388
vt 0.6988655 0.4385513
vt 0.7014995 0.44311845
vt 0.69330424 0.4408822
vt 0.69613236 0.44557118
vt 0.77096653 0.2920406
vt 0.76702106 0.29031634
vt 0.7704346 0.2771176
vt 0.7653886 0.27644217
vt 0.76583767 0.263411
vt 0.7609607 0.26397127
vt 0.9367173 0.4994331
vt 0.92254025 0.5260904
vt 0.9493716 0.5248289
vt 0.9238502 0.5056721
vt 0.9238502 0.5056721
vt 0.9251317 0.4781127
vt 0.91591763 0.4967177
vt 0.9367173 0.4994331
vt 0.91347224 0.50441605
vt 0.90922594 0.5124928
vt 0.90922594 0.5124928
vt 0.8995753 0.515561
vt 0.8996637 0.51913047
vt 0.91347224 0.50441605
vt 0.91591763 0.4967177
vt 0.9251317 0.4781127
vt 0.91704816 0.48159766
vt 0.91591763 0.4967177
vt 0.9141724 0.48168874
vt 0.9081919 0.48494625
vt 0.91704816 0.48159766
vt 0.91591763 0.4967177
vt 0.8999176 0.5002961
vt 0.91347224 0.50441605
vt 0.9081919 0.48494625
vt 0.91704816 0.48159766
vt 0.91117907 0.45469838
vt 0.90583956 0.45649225
vt 0.9251317 0.4781127
vt 0.89455503 0.43392193
vt 0.8904296 0.4351545
vt 0.8866674 0.425902
vt 0.8854265 0.42991203
vt 0.8854265 0.42991203
vt 0.88368994 0.423257
vt 0.88289815 0.430107
vt 0.8866674 0.425902
vt 0.8854265 0.42991203
vt 0.8876674 0.43622524
vt 0.8904296 0.4351545
vt 0.88289815 0.430107
vt 0.90341717 0.45817333
vt 0.90583956 0.45649225
vt 0.90583956 0.45649225
vt 0.9141724 0.48168874
vt 0.91704816 0.48159766
vt 0.90341717 0.45817333
vt 0.88289815 0.430107
vt 0.88223785 0.42021078
vt 0.8814039 0.43107098
vt 0.88368994 0.423257
vt 0.88289815 0.430107
vt 0.880267 0.4361086
vt 0.8876674 0.43622524
vt 0.8814039 0.43107098
vt 0.8866116 0.4671589
vt 0.9081919 0.48494625
vt 0.90341717 0.45817333
vt 0.8814039 0.43107098
vt 0.88080305 0.41976452
vt 0.8800662 0.4307369
vt 0.88223785 0.42021078
vt 0.880267 0.4361086
vt 0.8800662 0.4307369
vt 0.8456926 0.4181406
vt 0.845955 0.42995632
vt 0.88080305 0.41976452
vt 0.8453415 0.43581784
vt 0.880267 0.4361086
vt 0.8866116 0.4671589
vt 0.8361875 0.4464972
vt 0.8469402 0.478404
vt 0.8781819 0.49291736
vt 0.85042477 0.49328697
vt 0.845955 0.42995632
vt 0.8441075 0.4180509
vt 0.8446275 0.43146628
vt 0.8456926 0.4181406
vt 0.8453415 0.43581784
vt 0.8446275 0.43146628
vt 0.8441075 0.4180509
vt 0.8327065 0.43252355
vt 0.8453415 0.43581784
vt 0.83594483 0.44029796
vt 0.8207768 0.45661885
vt 0.8361875 0.4464972
vt 0.8278977 0.4848863
vt 0.8469402 0.478404
vt 0.8278977 0.4848863
vt 0.8207768 0.45661885
vt 0.816913 0.46608418
vt 0.81454104 0.4700567
vt 0.9141724 0.48168874
vt 0.90341717 0.45817333
vt 0.9081919 0.48494625
vt 0.8177971 0.4902112
vt 0.8026184 0.48188436
vt 0.810153 0.49229258
vt 0.80737925 0.47957826
vt 0.8030728 0.47869498
vt 0.8278977 0.4848863
vt 0.81454104 0.4700567
vt 0.81454104 0.4700567
vt 0.8030728 0.47869498
vt 0.8015312 0.47805125
vt 0.8026184 0.48188436
vt 0.80063915 0.47724462
vt 0.8016607 0.4824515
vt 0.8026184 0.48188436
vt 0.8015312 0.47805125
vt 0.8026184 0.48188436
vt 0.80778897 0.49189818
vt 0.810153 0.49229258
vt 0.8016607 0.4824515
vt 0.8016607 0.4824515
vt 0.79791635 0.47582954
vt 0.79947096 0.48246068
vt 0.80063915 0.47724462
vt 0.8016607 0.4824515
vt 0.80543345 0.4920346
vt 0.80778897 0.49189818
vt 0.79947096 0.48246068
vt 0.79947096 0.48246068
vt 0.79743254 0.4757607
vt 0.7994039 0.48348176
vt 0.79791635 0.47582954
vt 0.79947096 0.48246068
vt 0.80477786 0.4920919
vt 0.80543345 0.4920346
vt 0.7994039 0.48348176
vt 0.80543345 0.4920346
vt 0.80831075 0.4946962
vt 0.8092066 0.49437505
vt 0.80477786 0.4920919
vt 0.80543345 0.4920346
vt 0.810153 0.49229258
vt 0.80778897 0.49189818
vt 0.8092066 0.49437505
vt 0.8092066 0.49437505
vt 0.8248408 0.5170691
vt 0.8270309 0.515988
vt 0.80831075 0.4946962
vt 0.810153 0.49229258
vt 0.8092066 0.49437505
vt 0.8270309 0.515988
vt 0.8177971 0.4902112
vt 0.8270309 0.515988
vt 0.8299588 0.5073383
vt 0.810153 0.49229258
vt 0.8278977 0.4848863
vt 0.83432245 0.49808002
vt 0.8278977 0.4848863
vt 0.85042477 0.49328697
vt 0.8469402 0.478404
vt 0.83432245 0.49808002
vt 0.9367173 0.4994331
vt 0.949795 0.5246141
vt 0.93715644 0.4987353
vt 0.9493716 0.5248289
vt 0.9367173 0.4994331
vt 0.9257481 0.47757572
vt 0.9251317 0.4781127
vt 0.93715644 0.4987353
vt 0.9251317 0.4781127
vt 0.92568386 0.4755267
vt 0.9251114 0.4760856
vt 0.9257481 0.47757572
vt 0.9251114 0.4760856
vt 0.914055 0.45513922
vt 0.9122461 0.4534546
vt 0.92568386 0.4755267
vt 0.9122461 0.4534546
vt 0.8990311 0.43533313
vt 0.8981791 0.4354275
vt 0.914055 0.45513922
vt 0.88781637 0.42468482
vt 0.8872135 0.4253404
vt 0.8872135 0.4253404
vt 0.88223785 0.42021078
vt 0.88368994 0.423257
vt 0.88781637 0.42468482
vt 0.88368994 0.423257
vt 0.8866674 0.425902
vt 0.8872135 0.4253404
vt 0.8866674 0.425902
vt 0.8981791 0.4354275
vt 0.8872135 0.4253404
vt 0.89455503 0.43392193
vt 0.89455503 0.43392193
vt 0.9122461 0.4534546
vt 0.8981791 0.4354275
vt 0.91117907 0.45469838
vt 0.91117907 0.45469838
vt 0.9251114 0.4760856
vt 0.9122461 0.4534546
vt 0.91117907 0.45469838
vt 0.9251317 0.4781127
vt 0.88080305 0.41976452
vt 0.88262767 0.41964382
vt 0.88086593 0.4190387
vt 0.88223785 0.42021078
vt 0.88080305 0.41976452
vt 0.8456907 0.4174087
vt 0.8456926 0.4181406
vt 0.88086593 0.4190387
vt 0.843573 0.417459
vt 0.8441075 0.4180509
vt 0.8441075 0.4180509
vt 0.8304784 0.43522114
vt 0.8327065 0.43252355
vt 0.843573 0.417459
vt 0.8327065 0.43252355
vt 0.8162497 0.46471
vt 0.8207768 0.45661885
vt 0.8304784 0.43522114
vt 0.8207768 0.45661885
vt 0.8162497 0.46471
vt 0.816913 0.46608418
vt 0.816913 0.46608418
vt 0.81366223 0.46897435
vt 0.81454104 0.4700567
vt 0.8162497 0.46471
vt 0.81454104 0.4700567
vt 0.80887586 0.47148865
vt 0.80439657 0.4751603
vt 0.81366223 0.46897435
vt 0.8248408 0.5170691
vt 0.8016953 0.5005349
vt 0.8077102 0.5055101
vt 0.80831075 0.4946962
vt 0.80477786 0.4920919
vt 0.7994039 0.48348176
vt 0.7975222 0.48628008
vt 0.7968484 0.4766953
vt 0.79743254 0.4757607
vt 0.8223394 0.53989255
vt 0.8268791 0.51892674
vt 0.8438133 0.5186056
vt 0.84468645 0.5371595
vt 0.8278307 0.5460987
vt 0.86215913 0.5466513
vt 0.8628923 0.53761077
vt 0.8988086 0.54665184
vt 0.88181984 0.53644073
vt 0.9021391 0.54428625
vt 0.8996637 0.51913047
vt 0.881602 0.5189042
vt 0.8996637 0.51913047
vt 0.88148266 0.5162627
vt 0.881602 0.5189042
vt 0.8995753 0.515561
vt 0.8270309 0.515988
vt 0.8248408 0.5170691
vt 0.8268791 0.51892674
vt 0.8270309 0.515988
vt 0.8438133 0.5186056
vt 0.8440389 0.5159154
vt 0.8268791 0.51892674
vt 0.8440389 0.5159154
vt 0.881602 0.5189042
vt 0.88148266 0.5162627
vt 0.8438133 0.5186056
vt 0.8995753 0.515561
vt 0.91347224 0.50441605
vt 0.9026564 0.50554645
vt 0.8030728 0.47869498
vt 0.81454104 0.4700567
vt 0.80439657 0.4751603
vt 0.8995753 0.515561
vt 0.8299588 0.5073383
vt 0.8270309 0.515988
vt 0.9026564 0.50554645
vt 0.9026564 0.50554645
vt 0.91347224 0.50441605
vt 0.8999176 0.5002961
vt 0.9026564 0.50554645
vt 0.83432245 0.49808002
vt 0.8299588 0.5073383
vt 0.8999176 0.5002961
vt 0.8999176 0.5002961
vt 0.8866116 0.4671589
vt 0.8781819 0.49291736
vt 0.9081919 0.48494625
vt 0.8453415 0.43581784
vt 0.8361875 0.4464972
vt 0.880267 0.4361086
vt 0.83594483 0.44029796
vt 0.8999176 0.5002961
vt 0.85042477 0.49328697
vt 0.83432245 0.49808002
vt 0.8781819 0.49291736
vt 0.82170326 0.259502
vt 0.8372898 0.32882822
vt 0.8213505 0.33474576
vt 0.8344077 0.26364797
vt 0.8533701 0.32186222
vt 0.8515042 0.2696005
vt 0.8514774 0.2686273
vt 0.8346541 0.2629748
vt 0.8215317 0.25855708
vt 0.82044446 0.25976056
vt 0.81969166 0.33433747
vt 0.85414624 0.32165176
vt 0.85236645 0.26955336
vt 0.8521063 0.2676053
vt 0.83502436 0.2618065
vt 0.8214526 0.25747442
vt 0.81930757 0.25969553
vt 0.8185544 0.33428597
vt 0.8214526 0.25747442
vt 0.8214526 0.25747442
vt 0.8552995 0.32152814
vt 0.8534936 0.26942444
vt 0.93569463 0.25950193
vt 0.9201076 0.32882798
vt 0.9229901 0.26364803
vt 0.9360464 0.33474576
vt 0.9040276 0.32186222
vt 0.90589345 0.2696005
vt 0.9059193 0.2686274
vt 0.9227436 0.26297486
vt 0.9358661 0.2585569
vt 0.9369534 0.25976038
vt 0.93770564 0.33433735
vt 0.90325147 0.32165176
vt 0.90503156 0.26955366
vt 0.9052901 0.26760554
vt 0.92237306 0.2618065
vt 0.93594515 0.25747442
vt 0.9380903 0.25969553
vt 0.93884295 0.3342861
vt 0.93594515 0.25747442
vt 0.93594515 0.25747442
vt 0.9020985 0.32152802
vt 0.9039043 0.26942462
vt 0.74188006 0.66885453
vt 0.7542031 0.5801004
vt 0.74188006 0.57539904
vt 0.7542031 0.6735561
vt 0.76652634 0.58324176
vt 0.76652634 0.67669743
vt 0.7788496 0.584345
vt 0.7788496 0.67780054
vt 0.79117286 0.5832418
vt 0.79117286 0.67669743
vt 0.8034961 0.583726
vt 0.8034961 0.6735561
vt 0.8158194 0.66885453
vt 0.82814264 0.66330886
vt 0.82814264 0.61904436
vt 0.8404659 0.6105066
vt 0.8404659 0.6577632
vt 0.85278916 0.6008922
vt 0.85278916 0.6530616
vt 0.8651124 0.6499203
vt 0.8651124 0.5564647
vt 0.8774357 0.55536157
vt 0.8774357 0.6488172
vt 0.88975894 0.5564647
vt 0.88975894 0.6499203
vt 0.9020822 0.55960596
vt 0.9020822 0.6530616
vt 0.91440547 0.56430733
vt 0.91440547 0.6577632
vt 0.9267287 0.5698533
vt 0.9267287 0.66330886
vt 0.93905175 0.57539904
vt 0.93905175 0.66885453
vt 0.85278916 0.5698206
vt 0.85278916 0.55960596
vt 0.8504354 0.5699775
vt 0.8404659 0.5706424
vt 0.8404659 0.56430733
vt 0.82814264 0.57477987
vt 0.82814264 0.5698533
vt 0.8158194 0.5798568
vt 0.8158194 0.5753988
vt 0.8034961 0.583726
vt 0.8034961 0.5801004
vt 0.79117286 0.5832418
vt 0.5692853 0.5263984
vt 0.58373415 0.54186976
vt 0.57290584 0.52500576
vt 0.5809726 0.5444354
vt 0.59995496 0.5531422
vt 0.5984639 0.5564873
vt 0.6190963 0.5571016
vt 0.6190963 0.56071955
vt 0.6382377 0.5531422
vt 0.6397288 0.5564873
vt 0.65445864 0.54186976
vt 0.6572202 0.5444354
vt 0.665287 0.52500576
vt 0.6689076 0.5263984
vt 0.6690765 0.505124
vt 0.6730116 0.5051223
vt 0.6652569 0.48525345
vt 0.6689076 0.48384595
vt 0.65441626 0.4684174
vt 0.65722024 0.46580875
vt 0.6382077 0.4571725
vt 0.6397288 0.4537568
vt 0.6190964 0.4532249
vt 0.6190964 0.44952464
vt 0.599985 0.4571725
vt 0.5984639 0.4537568
vt 0.5837766 0.4684174
vt 0.5809726 0.46580875
vt 0.57293594 0.48525345
vt 0.5692853 0.48384595
vt 0.5691163 0.505124
vt 0.5651812 0.5051223
vt 0.5691163 0.505124
vt 0.57290584 0.52500576
vt 0.59356713 0.52864844
vt 0.5864836 0.5173663
vt 0.58373415 0.54186976
vt 0.60506463 0.53646594
vt 0.59995496 0.5531422
vt 0.6190963 0.5392684
vt 0.6190963 0.5571016
vt 0.63312817 0.53646594
vt 0.6382377 0.5531422
vt 0.64462566 0.52864844
vt 0.65445864 0.54186976
vt 0.65170926 0.5173663
vt 0.665287 0.52500576
vt 0.6534769 0.50465345
vt 0.6690765 0.505124
vt 0.5691163 0.505124
vt 0.58471596 0.50465345
vt 0.57293594 0.48525345
vt 0.57293594 0.48525345
vt 0.5881856 0.49256718
vt 0.5837766 0.4684174
vt 0.59601295 0.48283172
vt 0.599985 0.4571725
vt 0.60682243 0.47661108
vt 0.6190964 0.4532249
vt 0.6190964 0.47448552
vt 0.6382077 0.4571725
vt 0.6313703 0.47661108
vt 0.65441626 0.4684174
vt 0.6421797 0.48283184
vt 0.6652569 0.48525345
vt 0.6500073 0.49256718
vt 0.6690765 0.505124
vt 0.6500073 0.49256718
vt 0.6534769 0.50465345
vt 0.5864836 0.5173663
vt 0.5962119 0.52631265
vt 0.5898687 0.5161947
vt 0.59356713 0.52864844
vt 0.6065153 0.53332376
vt 0.60506463 0.53646594
vt 0.6190963 0.5358375
vt 0.6190963 0.5392684
vt 0.6316775 0.53332376
vt 0.63312817 0.53646594
vt 0.64198077 0.52631265
vt 0.64462566 0.52864844
vt 0.64832413 0.5161947
vt 0.65170926 0.5173663
vt 0.6499045 0.5047935
vt 0.6534769 0.50465345
vt 0.6467941 0.4939524
vt 0.6500073 0.49256718
vt 0.6397798 0.48521876
vt 0.6421797 0.48283184
vt 0.6300938 0.47963798
vt 0.6313703 0.47661108
vt 0.6190964 0.477731
vt 0.6190964 0.47448552
vt 0.608099 0.47963798
vt 0.60682243 0.47661108
vt 0.598413 0.48521876
vt 0.59601295 0.48283172
vt 0.59139884 0.4939524
vt 0.5881856 0.49256718
vt 0.58828837 0.5047935
vt 0.58471596 0.50465345
vt 0.53961444 0.66885453
vt 0.55193746 0.5801004
vt 0.55193746 0.6735561
vt 0.53961444 0.57539904
vt 0.5642607 0.58324176
vt 0.5642607 0.67669743
vt 0.576584 0.584345
vt 0.576584 0.67780054
vt 0.58890724 0.5832418
vt 0.58890724 0.67669743
vt 0.6012305 0.583726
vt 0.6012305 0.6735561
vt 0.61355376 0.66885453
vt 0.625877 0.61904436
vt 0.625877 0.66330886
vt 0.6382003 0.6105066
vt 0.6382003 0.6577632
vt 0.65052354 0.6008922
vt 0.65052354 0.6530616
vt 0.6628468 0.6499203
vt 0.6628468 0.5564647
vt 0.67517006 0.55536157
vt 0.67517006 0.6488172
vt 0.6874933 0.5564647
vt 0.6874933 0.6499203
vt 0.6998166 0.55960596
vt 0.6998166 0.6530616
vt 0.71213984 0.56430733
vt 0.71213984 0.6577632
vt 0.7244631 0.5698533
vt 0.7244631 0.66330886
vt 0.7367861 0.57539904
vt 0.7367861 0.66885453
vt 0.65052354 0.5698206
vt 0.65052354 0.55960596
vt 0.6478791 0.5699969
vt 0.6382003 0.5706424
vt 0.6382003 0.56430733
vt 0.625877 0.57477987
vt 0.625877 0.5698533
vt 0.61355376 0.5798568
vt 0.61355376 0.5753988
vt 0.6012305 0.583726
vt 0.6012305 0.5801004
vt 0.58890724 0.5832418
vt 0.77833503 0.5263984
vt 0.76388615 0.54186976
vt 0.7666477 0.5444354
vt 0.77471447 0.52500576
vt 0.7476653 0.5531422
vt 0.74915636 0.5564873
vt 0.72852397 0.5571016
vt 0.72852397 0.56071955
vt 0.7093826 0.5531422
vt 0.70789146 0.5564873
vt 0.6931616 0.54186976
vt 0.69040006 0.5444354
vt 0.68233335 0.52500576
vt 0.6787127 0.5263984
vt 0.6785438 0.505124
vt 0.6746087 0.5051223
vt 0.68236333 0.48525345
vt 0.6787127 0.48384595
vt 0.69320405 0.4684174
vt 0.69040006 0.46580875
vt 0.7094126 0.4571725
vt 0.7078914 0.4537568
vt 0.7285239 0.4532249
vt 0.7285239 0.44952464
vt 0.74763525 0.4571725
vt 0.74915636 0.4537568
vt 0.76384366 0.4684174
vt 0.7666477 0.46580875
vt 0.77468437 0.48525345
vt 0.77468437 0.48525345
vt 0.77833503 0.48384595
vt 0.778504 0.505124
vt 0.778504 0.505124
vt 0.7824391 0.5051223
vt 0.77471447 0.52500576
vt 0.7547538 0.52994955
vt 0.76388615 0.54186976
vt 0.76203173 0.51835763
vt 0.7429407 0.5379815
vt 0.7476653 0.5531422
vt 0.7285239 0.5408609
vt 0.72852397 0.5571016
vt 0.71410716 0.5379815
vt 0.7093826 0.5531422
vt 0.702294 0.52994955
vt 0.6931616 0.54186976
vt 0.695016 0.51835763
vt 0.68233335 0.52500576
vt 0.6931998 0.505296
vt 0.6785438 0.505124
vt 0.6967647 0.49287808
vt 0.6967647 0.49287808
vt 0.68236333 0.48525345
vt 0.704807 0.48287553
vt 0.69320405 0.4684174
vt 0.7159132 0.47648412
vt 0.7094126 0.4571725
vt 0.7285239 0.47430015
vt 0.7285239 0.4532249
vt 0.7411347 0.47648412
vt 0.74763525 0.4571725
vt 0.75224084 0.4828754
vt 0.76384366 0.4684174
vt 0.760283 0.49287808
vt 0.77468437 0.48525345
vt 0.7638479 0.505296
vt 0.77468437 0.48525345
vt 0.778504 0.505124
vt 0.76203173 0.51835763
vt 0.75203633 0.5275496
vt 0.7547538 0.52994955
vt 0.75855374 0.5171541
vt 0.7414503 0.5347532
vt 0.7429407 0.5379815
vt 0.7285239 0.5373359
vt 0.7285239 0.5408609
vt 0.71559757 0.5347532
vt 0.71410716 0.5379815
vt 0.7050115 0.5275496
vt 0.702294 0.52994955
vt 0.6984941 0.5171541
vt 0.695016 0.51835763
vt 0.6968703 0.5054399
vt 0.6931998 0.505296
vt 0.70006603 0.49430132
vt 0.6967647 0.49287808
vt 0.7072729 0.48532802
vt 0.704807 0.48287553
vt 0.71722466 0.4795941
vt 0.7159132 0.47648412
vt 0.7285239 0.47763467
vt 0.7285239 0.47430015
vt 0.73982316 0.4795941
vt 0.7411347 0.47648412
vt 0.74977493 0.4853279
vt 0.75224084 0.4828754
vt 0.75698173 0.49430132
vt 0.760283 0.49287808
vt 0.76017743 0.5054399
vt 0.7638479 0.505296
vt 0.7646589 0.367301
vt 0.78625965 0.3616346
vt 0.7658899 0.3616346
vt 0.78749084 0.367301
vt 0.76623476 0.36959052
vt 0.7857202 0.3698734
vt 0.77290964 0.3792889
vt 0.77924 0.3792889
vt 0.77578175 0.39417434
vt 0.77636766 0.39417434
vt 0.7728125 0.4092946
vt 0.7793373 0.4092946
vt 0.76439786 0.421951
vt 0.7877518 0.421951
vt 0.76795673 0.45204413
vt 0.7877518 0.421951
vt 0.76439786 0.421951
vt 0.7841929 0.45204413
vt 0.718428 0.7807617
vt 0.73637414 0.77181345
vt 0.73637414 0.7807617
vt 0.718428 0.77181345
vt 0.73637414 0.7807617
vt 0.75432026 0.77181345
vt 0.75432026 0.7807617
vt 0.73637414 0.77181345
vt 0.75432026 0.7807617
vt 0.7722663 0.77181345
vt 0.7722663 0.7807617
vt 0.75432026 0.77181345
vt 0.7722663 0.7807617
vt 0.7902124 0.77181345
vt 0.7902124 0.7807617
vt 0.7722663 0.77181345
vt 0.7902124 0.7807617
vt 0.8081585 0.77181345
vt 0.8081585 0.7807617
vt 0.7902124 0.77181345
vt 0.8081585 0.7807617
vt 0.8261046 0.77181345
vt 0.8261046 0.7807617
vt 0.8081585 0.77181345
vt 0.79449415 0.7318388
vt 0.7837483 0.75131077
vt 0.7730025 0.7318388
vt 0.7622567 0.7504511
vt 0.7730025 0.7690634
vt 0.79449415 0.7690634
vt 0.80524 0.7504511
vt 0.718428 0.7807617
vt 0.73637414 0.77181345
vt 0.73637414 0.7807617
vt 0.718428 0.77181345
vt 0.73637414 0.7807617
vt 0.75432026 0.77181345
vt 0.75432026 0.7807617
vt 0.73637414 0.77181345
vt 0.75432026 0.7807617
vt 0.7722663 0.77181345
vt 0.7722663 0.7807617
vt 0.75432026 0.77181345
vt 0.7722663 0.7807617
vt 0.7902124 0.77181345
vt 0.7902124 0.7807617
vt 0.7722663 0.77181345
vt 0.7902124 0.7807617
vt 0.8081585 0.77181345
vt 0.8081585 0.7807617
vt 0.7902124 0.77181345
vt 0.8081585 0.7807617
vt 0.8261046 0.77181345
vt 0.8261046 0.7807617
vt 0.8081585 0.77181345
vt 0.79449415 0.7318388
vt 0.7837483 0.75131077
vt 0.7730025 0.7318388
vt 0.7622567 0.7504511
vt 0.7730025 0.7690634
vt 0.79449415 0.7690634
vt 0.80524 0.7504511
vt 0.718428 0.7807617
vt 0.73637414 0.77181345
vt 0.718428 0.77181345
vt 0.73637414 0.7807617
vt 0.73637414 0.7807617
vt 0.75432026 0.77181345
vt 0.73637414 0.77181345
vt 0.75432026 0.7807617
vt 0.75432026 0.7807617
vt 0.7722663 0.77181345
vt 0.75432026 0.77181345
vt 0.7722663 0.7807617
vt 0.7722663 0.7807617
vt 0.7902124 0.77181345
vt 0.7722663 0.77181345
vt 0.7902124 0.7807617
vt 0.7902124 0.7807617
vt 0.8081585 0.77181345
vt 0.7902124 0.77181345
vt 0.8081585 0.7807617
vt 0.8081585 0.7807617
vt 0.8261046 0.77181345
vt 0.8081585 0.77181345
vt 0.8261046 0.7807617
vt 0.79449415 0.7318388
vt 0.7730025 0.7318388
vt 0.7837483 0.75131077
vt 0.7622567 0.7504511
vt 0.7730025 0.7690634
vt 0.79449415 0.7690634
vt 0.80524 0.7504511
vt 0.718428 0.7807617
vt 0.73637414 0.77181345
vt 0.718428 0.77181345
vt 0.73637414 0.7807617
vt 0.73637414 0.7807617
vt 0.75432026 0.77181345
vt 0.73637414 0.77181345
vt 0.75432026 0.7807617
vt 0.75432026 0.7807617
vt 0.7722663 0.77181345
vt 0.75432026 0.77181345
vt 0.7722663 0.7807617
vt 0.7722663 0.7807617
vt 0.7902124 0.77181345
vt 0.7722663 0.77181345
vt 0.7902124 0.7807617
vt 0.7902124 0.7807617
vt 0.8081585 0.77181345
vt 0.7902124 0.77181345
vt 0.8081585 0.7807617
vt 0.8081585 0.7807617
vt 0.8261046 0.77181345
vt 0.8081585 0.77181345
vt 0.8261046 0.7807617
vt 0.79449415 0.7318388
vt 0.7730025 0.7318388
vt 0.7837483 0.75131077
vt 0.7622567 0.7504511
vt 0.7730025 0.7690634
vt 0.79449415 0.7690634
vt 0.80524 0.7504511
vt 0.5510681 0.7086228
vt 0.54049915 0.69723403
vt 0.55096656 0.6973597
vt 0.54039377 0.70875156
vt 0.5520468 0.70883
vt 0.5519257 0.697116
vt 0.55108106 0.6961825
vt 0.5402753 0.6961876
vt 0.5394536 0.6971352
vt 0.5393316 0.7088101
vt 0.54014534 0.709834
vt 0.55120754 0.70984054
vt 0.55529773 0.7103634
vt 0.55518156 0.69588554
vt 0.5525024 0.69256556
vt 0.53886086 0.6925863
vt 0.5362028 0.69591117
vt 0.5360842 0.71033454
vt 0.53874403 0.71357965
vt 0.55261624 0.7136023
vt 0.5510681 0.73288333
vt 0.54049915 0.72149444
vt 0.5509665 0.7216201
vt 0.54039377 0.733012
vt 0.5520468 0.7330904
vt 0.5519257 0.7213764
vt 0.55108106 0.7204429
vt 0.5402753 0.720448
vt 0.5394536 0.7213956
vt 0.5393316 0.7330705
vt 0.54014534 0.7340945
vt 0.55120754 0.73410094
vt 0.55529773 0.7346238
vt 0.55518156 0.72014606
vt 0.5525024 0.71682596
vt 0.53886086 0.7168467
vt 0.53620285 0.7201716
vt 0.53608423 0.734595
vt 0.53874403 0.73784006
vt 0.55261624 0.7378627
vt 0.5510681 0.7569538
vt 0.54049915 0.74556494
vt 0.5509665 0.7456906
vt 0.54039377 0.75708246
vt 0.5520468 0.7571609
vt 0.5519257 0.7454469
vt 0.55108106 0.74451345
vt 0.5402753 0.7445185
vt 0.5394536 0.7454661
vt 0.53933156 0.7571409
vt 0.54014534 0.75816494
vt 0.55120754 0.7581714
vt 0.55529773 0.75869423
vt 0.55518156 0.7442165
vt 0.5525024 0.74089646
vt 0.53886086 0.7409172
vt 0.53620285 0.7442421
vt 0.53608423 0.75866544
vt 0.53874403 0.76191056
vt 0.55261624 0.7619332
vt 0.5510681 0.78053796
vt 0.5404991 0.7691492
vt 0.55096656 0.76927483
vt 0.5403938 0.78066665
vt 0.5520468 0.7807451
vt 0.5519257 0.7690311
vt 0.55108106 0.76809764
vt 0.5402752 0.7681027
vt 0.5394536 0.76905036
vt 0.53933156 0.7807251
vt 0.5401453 0.7817491
vt 0.55120754 0.78175557
vt 0.55529773 0.7822784
vt 0.55518156 0.76780075
vt 0.5525024 0.7644807
vt 0.53886086 0.76450145
vt 0.5362028 0.7678263
vt 0.5360842 0.7822497
vt 0.53874403 0.7854947
vt 0.55261624 0.7855174
vt 0.51714504 0.697464
vt 0.52771366 0.7088547
vt 0.5278168 0.69730556
vt 0.5172466 0.7087002
vt 0.5161677 0.6972581
vt 0.5162887 0.7089411
vt 0.51713085 0.7098756
vt 0.52793664 0.70990455
vt 0.52876025 0.7089536
vt 0.52888006 0.6972444
vt 0.5280639 0.6962209
vt 0.5170044 0.69625115
vt 0.5129222 0.6957345
vt 0.51303786 0.7101644
vt 0.51570493 0.71348584
vt 0.5293468 0.7135081
vt 0.5320161 0.7101816
vt 0.532131 0.6957152
vt 0.52945936 0.6924727
vt 0.51559085 0.6924964
vt 0.51714504 0.7217244
vt 0.52771366 0.7331151
vt 0.5278168 0.72156596
vt 0.5172466 0.73296064
vt 0.5161677 0.7215185
vt 0.5162887 0.7332016
vt 0.51713085 0.73413604
vt 0.52793664 0.734165
vt 0.52876025 0.733214
vt 0.52888006 0.7215049
vt 0.5280639 0.7204813
vt 0.5170044 0.72051156
vt 0.5129222 0.7199949
vt 0.51303786 0.7344248
vt 0.51570493 0.73774624
vt 0.5293468 0.73776853
vt 0.5320161 0.734442
vt 0.532131 0.7199756
vt 0.52945936 0.7167331
vt 0.51559085 0.7167568
vt 0.51714504 0.7457949
vt 0.52771366 0.7571856
vt 0.5278168 0.74563646
vt 0.5172466 0.7570311
vt 0.5161677 0.745589
vt 0.5162887 0.757272
vt 0.51713085 0.7582065
vt 0.52793664 0.7582355
vt 0.5287603 0.7572845
vt 0.52888006 0.7455753
vt 0.5280639 0.7445518
vt 0.5170044 0.744582
vt 0.5129222 0.7440654
vt 0.51303786 0.75849533
vt 0.51570493 0.76181674
vt 0.5293468 0.76183903
vt 0.5320161 0.7585125
vt 0.532131 0.74404603
vt 0.52945936 0.7408036
vt 0.51559085 0.7408273
vt 0.51714504 0.76937914
vt 0.52771366 0.7807698
vt 0.5278168 0.76922065
vt 0.5172466 0.7806153
vt 0.5161677 0.7691732
vt 0.5162887 0.78085625
vt 0.51713085 0.78179073
vt 0.52793664 0.7818197
vt 0.5287603 0.78086877
vt 0.52888006 0.76915956
vt 0.5280639 0.768136
vt 0.5170044 0.7681662
vt 0.51292217 0.76764965
vt 0.51303786 0.7820795
vt 0.51570493 0.7854009
vt 0.5293468 0.7854232
vt 0.5320161 0.7820967
vt 0.532131 0.7676302
vt 0.52945936 0.76438785
vt 0.51559085 0.76441145
vt 0.5634521 0.7073215
vt 0.5768062 0.7219948
vt 0.5641099 0.72189367
vt 0.5774397 0.7073307
vt 0.5623573 0.7073244
vt 0.5633087 0.72216284
vt 0.5640873 0.722742
vt 0.5769253 0.7227518
vt 0.57768536 0.7221572
vt 0.57861316 0.7073307
vt 0.5571941 0.708256
vt 0.5608933 0.72334117
vt 0.5633658 0.72516394
vt 0.57764596 0.72516567
vt 0.5801063 0.723333
vt 0.5837805 0.7082633
vt 0.577844 0.69374585
vt 0.58027315 0.6923505
vt 0.5770813 0.69311
vt 0.5769559 0.6939093
vt 0.56395924 0.6940248
vt 0.5639328 0.69313145
vt 0.5631517 0.6937525
vt 0.57779294 0.6905695
vt 0.5632204 0.6905842
vt 0.56072843 0.6923549
vt 0.59244895 0.7073219
vt 0.6058022 0.72199464
vt 0.5931057 0.7218937
vt 0.6064358 0.7073307
vt 0.59135336 0.7073246
vt 0.5923062 0.72216296
vt 0.59308434 0.7227421
vt 0.6059228 0.72275156
vt 0.6066822 0.72215694
vt 0.60760987 0.70733106
vt 0.5861918 0.7082565
vt 0.5898909 0.7233411
vt 0.59236217 0.7251641
vt 0.6066445 0.72516537
vt 0.6091027 0.7233326
vt 0.61277807 0.70826364
vt 0.6068411 0.69374573
vt 0.60927093 0.6923504
vt 0.606078 0.69311
vt 0.60595226 0.6939093
vt 0.5929551 0.6940247
vt 0.5929308 0.6931313
vt 0.5921487 0.6937524
vt 0.60678947 0.69056964
vt 0.5922189 0.69058406
vt 0.58972496 0.6923547
vt 0.56321216 0.7462168
vt 0.5765654 0.76088953
vt 0.5638689 0.7607887
vt 0.57719874 0.74622595
vt 0.562117 0.74621964
vt 0.5630697 0.7610579
vt 0.5638479 0.76163703
vt 0.5766864 0.76164645
vt 0.5774456 0.76105183
vt 0.5783737 0.74622595
vt 0.55695534 0.7471514
vt 0.5606543 0.7622361
vt 0.5631256 0.7640592
vt 0.57740843 0.76406026
vt 0.5798663 0.7622274
vt 0.58354163 0.74715865
vt 0.5776044 0.7326408
vt 0.5800344 0.7312454
vt 0.57684135 0.73200494
vt 0.5767156 0.7328043
vt 0.56371856 0.7329197
vt 0.5636945 0.7320263
vt 0.56291234 0.73264736
vt 0.5775527 0.72946465
vt 0.56298256 0.72947913
vt 0.56048846 0.73124963
vt 0.77975047 0.7087342
vt 0.77167964 0.7003219
vt 0.77898395 0.7004188
vt 0.77092564 0.70873743
vt 0.78058326 0.70881194
vt 0.77943766 0.7003458
vt 0.7791215 0.69971174
vt 0.77150345 0.6996935
vt 0.7711929 0.70033795
vt 0.7700554 0.708813
vt 0.7850412 0.7084431
vt 0.78210187 0.6974099
vt 0.78068805 0.69543105
vt 0.769946 0.69541913
vt 0.7685299 0.6973991
vt 0.7655941 0.7084461
vt 0.7702391 0.71744627
vt 0.7680472 0.7186577
vt 0.7707573 0.71816874
vt 0.770924 0.71733946
vt 0.7797438 0.7172349
vt 0.7798542 0.7181653
vt 0.78037906 0.7174508
vt 0.76978636 0.7210168
vt 0.78081965 0.7210199
vt 0.78257525 0.7186664
vt 0.75758487 0.704034
vt 0.7436641 0.6882315
vt 0.7574833 0.68836546
vt 0.743586 0.7040434
vt 0.7586418 0.7040346
vt 0.7583421 0.6881873
vt 0.7575719 0.68731916
vt 0.74347633 0.687295
vt 0.74272317 0.68817544
vt 0.7424502 0.70404935
vt 0.7635713 0.70306623
vt 0.7609628 0.68737495
vt 0.75857383 0.68425375
vt 0.7424832 0.6842328
vt 0.7400926 0.6873601
vt 0.7375203 0.7030922
vt 0.7426154 0.7184181
vt 0.74002 0.7194791
vt 0.7433607 0.7193356
vt 0.7435536 0.7183689
vt 0.75760204 0.7182479
vt 0.75769514 0.71932876
vt 0.75846034 0.71842486
vt 0.74238473 0.7224984
vt 0.7586747 0.72250223
vt 0.76105195 0.7194909
vt 0.7599862 0.8303432
vt 0.74779326 0.83858025
vt 0.7491308 0.841115
vt 0.7576697 0.82878
vt 0.73430187 0.84216696
vt 0.73430187 0.8450576
vt 0.7208106 0.83858025
vt 0.7194731 0.841115
vt 0.7109342 0.82878
vt 0.7086176 0.8303432
vt 0.70731914 0.81539243
vt 0.70464426 0.8156289
vt 0.7109342 0.8020052
vt 0.7086176 0.80091405
vt 0.7208106 0.7922049
vt 0.7194731 0.79014254
vt 0.73430187 0.7886177
vt 0.73430187 0.7861997
vt 0.74779326 0.7922049
vt 0.7491308 0.79014254
vt 0.7576697 0.8020052
vt 0.7599862 0.80091405
vt 0.76128465 0.81539243
vt 0.7639595 0.8156289
vt 0.7485254 0.82340634
vt 0.73430187 0.81525755
vt 0.74251395 0.8293714
vt 0.73430187 0.8315548
vt 0.72608995 0.8293714
vt 0.7200784 0.82340634
vt 0.717878 0.81525755
vt 0.72007835 0.80710906
vt 0.72608995 0.8011437
vt 0.734302 0.7989603
vt 0.74251395 0.8011437
vt 0.74852544 0.80710906
vt 0.75072587 0.81525755
vt 0.7576697 0.82878
vt 0.7435054 0.8311731
vt 0.74779326 0.83858025
vt 0.7502428 0.8244878
vt 0.73430187 0.83361995
vt 0.73430187 0.84216696
vt 0.7250985 0.8311731
vt 0.7208106 0.83858025
vt 0.71836114 0.8244878
vt 0.7109342 0.82878
vt 0.71589506 0.8153552
vt 0.70731914 0.81539243
vt 0.71836114 0.8062228
vt 0.7109342 0.8020052
vt 0.7250985 0.7995372
vt 0.7208106 0.7922049
vt 0.73430187 0.7970902
vt 0.73430187 0.7886177
vt 0.7435054 0.7995372
vt 0.74779326 0.7922049
vt 0.7502428 0.8062228
vt 0.7576697 0.8020052
vt 0.75270885 0.8153552
vt 0.76128465 0.81539243
vt 0.7502428 0.8244878
vt 0.74251395 0.8293714
vt 0.7435054 0.8311731
vt 0.7485254 0.82340634
vt 0.73430187 0.8315548
vt 0.73430187 0.83361995
vt 0.72608995 0.8293714
vt 0.7250985 0.8311731
vt 0.7200784 0.82340634
vt 0.71836114 0.8244878
vt 0.717878 0.81525755
vt 0.71589506 0.8153552
vt 0.72007835 0.80710906
vt 0.71836114 0.8062228
vt 0.72608995 0.8011437
vt 0.7250985 0.7995372
vt 0.734302 0.7989603
vt 0.73430187 0.7970902
vt 0.74251395 0.8011437
vt 0.7435054 0.7995372
vt 0.74852544 0.80710906
vt 0.7502428 0.8062228
vt 0.75072587 0.81525755
vt 0.75270885 0.8153552
vt 0.6156979 0.7732762
vt 0.60399216 0.77209306
vt 0.60625106 0.7804929
vt 0.6097842 0.7676681
vt 0.5968328 0.77209306
vt 0.59457403 0.7804929
vt 0.59104085 0.7676681
vt 0.58512723 0.7732762
vt 0.58882856 0.760509
vt 0.58151877 0.7615993
vt 0.59104085 0.7533494
vt 0.58512723 0.74992245
vt 0.6193062 0.7615993
vt 0.61199653 0.760509
vt 0.6156979 0.74992245
vt 0.6097842 0.7533494
vt 0.60625106 0.7427056
vt 0.60399216 0.748925
vt 0.5945741 0.7427056
vt 0.5968328 0.748925
vt 0.6066838 0.7647963
vt 0.6004125 0.7600057
vt 0.6028078 0.7677573
vt 0.5980172 0.7677573
vt 0.5941414 0.7647963
vt 0.59266084 0.7600056
vt 0.5941413 0.7552147
vt 0.5980171 0.7522537
vt 0.60280794 0.7522537
vt 0.6066838 0.7552147
vt 0.6081642 0.7600056
vt 0.6097842 0.7676681
vt 0.60399216 0.77209306
vt 0.5968328 0.77209306
vt 0.59104085 0.7676681
vt 0.58882856 0.760509
vt 0.5968328 0.748925
vt 0.59104085 0.7533494
vt 0.5941413 0.7552147
vt 0.60399216 0.748925
vt 0.6097842 0.7533494
vt 0.61199653 0.760509
vt 0.59266084 0.7600056
vt 0.5941413 0.7552147
vt 0.7552043 0.7541154
vt 0.74781084 0.7464088
vt 0.75450206 0.74649835
vt 0.74712 0.7541194
vt 0.7559663 0.7541858
vt 0.75491774 0.7464318
vt 0.75462806 0.7458508
vt 0.74764943 0.74583304
vt 0.747365 0.7464236
vt 0.7463232 0.7541876
vt 0.7600503 0.75384814
vt 0.7573582 0.7437426
vt 0.75606334 0.7419299
vt 0.74622285 0.74191725
vt 0.7449255 0.74373114
vt 0.7422358 0.753852
vt 0.746492 0.7620965
vt 0.7444844 0.7632073
vt 0.7469667 0.7627588
vt 0.7471193 0.76199967
vt 0.75519884 0.76190126
vt 0.7552998 0.76275355
vt 0.7557807 0.7620995
vt 0.7460778 0.7653679
vt 0.7561847 0.76536864
vt 0.7577921 0.7632127
vt 0.80577976 0.7035431
vt 0.7935363 0.688928
vt 0.80593 0.68905663
vt 0.7937058 0.7035638
vt 0.8066716 0.70355815
vt 0.8067143 0.68890274
vt 0.8060163 0.68810236
vt 0.79335916 0.68807054
vt 0.7926762 0.68888754
vt 0.7927461 0.70358384
vt 0.81176734 0.7021543
vt 0.8090734 0.68814754
vt 0.8069374 0.6852884
vt 0.7924462 0.6852658
vt 0.7903118 0.68812466
vt 0.78764606 0.7021785
vt 0.79247606 0.71628076
vt 0.79014313 0.7173332
vt 0.7931689 0.7171163
vt 0.79335207 0.7162189
vt 0.8061247 0.7161164
vt 0.806209 0.71712476
vt 0.80692065 0.716295
vt 0.7922807 0.7200438
vt 0.80710053 0.72004765
vt 0.8092544 0.7173406
vt 0.92512053 0.86476624
vt 0.9182965 0.887928
vt 0.9191304 0.86636776
vt 0.9243583 0.89068717
vt 0.9188417 0.8981656
vt 0.924597 0.9005641
vt 0.9160199 0.8860855
vt 0.91661775 0.897171
vt 0.9159904 0.8695468
vt 0.9211306 0.91206115
vt 0.91869503 0.9109352
vt 0.92560256 0.9115744
vt 0.9215495 0.95579976
vt 0.91176337 0.9119497
vt 0.9184701 0.95605594
vt 0.91234255 0.9564156
vt 0.90617037 0.92390895
vt 0.9037768 0.91888815
vt 0.90933955 0.90649855
vt 0.8967194 0.8982099
vt 0.8947309 0.91052485
vt 0.8845603 0.90498966
vt 0.8871487 0.89529586
vt 0.87337697 0.90431345
vt 0.8758857 0.8956624
vt 0.9000548 0.89098036
vt 0.88893694 0.8893606
vt 0.87982714 0.8885782
vt 0.9164076 0.9923771
vt 0.9223759 0.9923985
vt 0.932688 0.9923916
vt 0.9258495 0.9556622
vt 0.9261451 0.9663283
vt 0.93254596 0.9670849
vt 0.93252546 0.95401907
vt 0.9299652 0.95213085
vt 0.9323516 0.9172219
vt 0.9297215 0.9147262
vt 0.932318 0.9016391
vt 0.92820275 0.9016253
vt 0.932318 0.8920749
vt 0.9280314 0.8920116
vt 0.932318 0.8663219
vt 0.92794824 0.86463755
vt 0.932318 0.8386772
vt 0.9278651 0.83958924
vt 0.932318 0.83557945
vt 0.92865366 0.83601034
vt 0.9383915 0.9663283
vt 0.9386871 0.9556622
vt 0.9429871 0.95579976
vt 0.94336057 0.91206115
vt 0.94577336 0.9109352
vt 0.9527732 0.9119497
vt 0.94606656 0.95605594
vt 0.9521941 0.9564156
vt 0.9583662 0.92390895
vt 0.96075976 0.91888815
vt 0.9551971 0.90649855
vt 0.9678172 0.8982099
vt 0.9698057 0.91052485
vt 0.9799763 0.90498966
vt 0.9773879 0.89529586
vt 0.9911596 0.90431345
vt 0.98865086 0.8956624
vt 0.96448183 0.89098036
vt 0.97559965 0.8893606
vt 0.98470944 0.8885782
vt 0.94812906 0.9923771
vt 0.94216067 0.9923985
vt 0.99259686 0.9106038
vt 0.98026353 0.9114747
vt 0.9715312 0.9169311
vt 0.9664257 0.923419
vt 0.96544236 0.92683375
vt 0.95738715 0.95778906
vt 0.9925623 0.93486816
vt 0.9806554 0.9350338
vt 0.9707882 0.96161824
vt 0.9925394 0.9494975
vt 0.9676132 0.99205494
vt 0.99254465 0.9915205
vt 0.9481047 0.99391097
vt 0.9421445 0.99392956
vt 0.9324268 0.9939236
vt 0.92239213 0.99392956
vt 0.9164319 0.99391097
vt 0.8969588 0.9936303
vt 0.89692336 0.99205494
vt 0.90714943 0.95778906
vt 0.8990942 0.92683375
vt 0.8981109 0.923419
vt 0.8930054 0.9169311
vt 0.88427305 0.9114747
vt 0.87171835 0.9106038
vt 0.8716837 0.93486816
vt 0.8838812 0.9350338
vt 0.8937484 0.96161824
vt 0.8716609 0.9494975
vt 0.87166613 0.9915205
vt 0.8717289 0.90446943
vt 0.8717053 0.8953964
vt 0.8747327 0.8938237
vt 0.87165004 0.88715464
vt 0.87712735 0.88750607
vt 0.8716658 0.99316484
vt 0.91596586 0.85791606
vt 0.9202001 0.84227866
vt 0.919865 0.84956175
vt 0.9258827 0.841171
vt 0.92676675 0.83709747
vt 0.9146723 0.8888424
vt 0.90757054 0.8906078
vt 0.87337697 0.90431345
vt 0.8747327 0.8938237
vt 0.8758857 0.8956624
vt 0.87982714 0.8885782
vt 0.87712735 0.88750607
vt 0.92865366 0.83601034
vt 0.9258827 0.841171
vt 0.92676675 0.83709747
vt 0.9278651 0.83958924
vt 0.92512053 0.86476624
vt 0.92794824 0.86463755
vt 0.9243583 0.89068717
vt 0.9280314 0.8920116
vt 0.924597 0.9005641
vt 0.92820275 0.9016253
vt 0.92560256 0.9115744
vt 0.9297215 0.9147262
vt 0.9258495 0.9556622
vt 0.9299652 0.95213085
vt 0.9261451 0.9663283
vt 0.9392796 0.86476624
vt 0.94610363 0.887928
vt 0.94004184 0.89068717
vt 0.9452697 0.86636776
vt 0.9455584 0.8981656
vt 0.9398031 0.9005641
vt 0.9483802 0.8860855
vt 0.9477824 0.897171
vt 0.94840974 0.8695468
vt 0.9388886 0.9115744
vt 0.93636876 0.8920116
vt 0.9364519 0.86463755
vt 0.9392796 0.86476624
vt 0.9361974 0.9016253
vt 0.9388886 0.9115744
vt 0.9347697 0.9147262
vt 0.9386871 0.9556622
vt 0.93457144 0.95213085
vt 0.9347697 0.9147262
vt 0.9361974 0.9016253
vt 0.93636876 0.8920116
vt 0.9364519 0.86463755
vt 0.93653506 0.83958924
vt 0.9357465 0.83601034
vt 0.9484343 0.85791606
vt 0.94453514 0.84956175
vt 0.94420004 0.84227866
vt 0.93851745 0.841171
vt 0.9376334 0.83709747
vt 0.9498643 0.8888424
vt 0.95696604 0.8906078
vt 0.9911596 0.90431345
vt 0.98865086 0.8956624
vt 0.98980397 0.8938237
vt 0.98470944 0.8885782
vt 0.9874093 0.88750607
vt 0.9357465 0.83601034
vt 0.93851745 0.841171
vt 0.93653506 0.83958924
vt 0.9376334 0.83709747
vt 0.9926074 0.90446943
vt 0.9925839 0.8953964
vt 0.98980397 0.8938237
vt 0.99252856 0.88715464
vt 0.9874093 0.88750607
vt 0.96757776 0.9936303
vt 0.99254435 0.99316484
vt 0.8346739 0.99117553
vt 0.84830457 0.96564376
vt 0.84830457 0.99117553
vt 0.8346738 0.96564376
vt 0.8619353 0.96564376
vt 0.8619353 0.99117553
vt 0.82104313 0.99117553
vt 0.82104313 0.96564376
vt 0.8074123 0.99117553
vt 0.8074124 0.96564376
vt 0.79378164 0.99117553
vt 0.79378164 0.96564376
vt 0.78015095 0.99117553
vt 0.78015095 0.96564376
vt 0.76652026 0.99117553
vt 0.76652026 0.96564376
vt 0.75288945 0.99117553
vt 0.75288945 0.96564376
vt 0.7392587 0.99117553
vt 0.73925877 0.96564376
vt 0.725628 0.99117553
vt 0.725628 0.96564376
vt 0.7392588 0.96037245
vt 0.7256281 0.96037245
vt 0.75288945 0.96037245
vt 0.76652014 0.96037245
vt 0.780151 0.96037245
vt 0.79378164 0.96037245
vt 0.80741245 0.96037245
vt 0.82104313 0.96037245
vt 0.8346738 0.96037245
vt 0.84830457 0.96037245
vt 0.8619353 0.96037245
vt 0.9720796 0.59807944
vt 0.95989496 0.6073879
vt 0.9645491 0.5923269
vt 0.95524085 0.5923269
vt 0.94771034 0.59807944
vt 0.94483393 0.6073879
vt 0.94771034 0.6166962
vt 0.95524085 0.62244904
vt 0.9645491 0.62244904
vt 0.9720796 0.6166962
vt 0.97495604 0.6073879
vt 0.8346738 0.96037245
vt 0.84830457 0.95381445
vt 0.84830457 0.96037245
vt 0.8346738 0.95381445
vt 0.8619353 0.95381445
vt 0.8619353 0.96037245
vt 0.82104313 0.96037245
vt 0.82104313 0.95381445
vt 0.80741245 0.96037245
vt 0.80741245 0.95381445
vt 0.79378164 0.96037245
vt 0.79378164 0.95381445
vt 0.780151 0.96037245
vt 0.780151 0.95381445
vt 0.76652014 0.96037245
vt 0.76652014 0.95381445
vt 0.75288945 0.96037245
vt 0.75288945 0.95381445
vt 0.7392588 0.96037245
vt 0.7392588 0.95381445
vt 0.7256281 0.96037245
vt 0.725628 0.95381445
vt 0.7392589 0.94854313
vt 0.72562796 0.94854313
vt 0.75288945 0.94854313
vt 0.7665201 0.94854313
vt 0.780151 0.94854313
vt 0.79378164 0.94854313
vt 0.8074125 0.94854313
vt 0.82104313 0.94854313
vt 0.83467376 0.94854313
vt 0.8483046 0.94854313
vt 0.86193526 0.94854313
vt 0.83467376 0.94854313
vt 0.84830457 0.9437593
vt 0.8483046 0.94854313
vt 0.8346738 0.9437593
vt 0.8619353 0.9437593
vt 0.86193526 0.94854313
vt 0.82104313 0.94854313
vt 0.82104313 0.9437593
vt 0.8074125 0.94854313
vt 0.80741245 0.9437593
vt 0.79378164 0.94854313
vt 0.79378164 0.9437593
vt 0.780151 0.94854313
vt 0.780151 0.9437593
vt 0.7665201 0.94854313
vt 0.76652014 0.9437593
vt 0.75288945 0.94854313
vt 0.75288945 0.9437593
vt 0.7392589 0.94854313
vt 0.7392588 0.9437593
vt 0.72562796 0.94854313
vt 0.72562796 0.9437593
vt 0.7392587 0.938488
vt 0.7256281 0.938488
vt 0.75288945 0.938488
vt 0.76652026 0.938488
vt 0.7801509 0.938488
vt 0.7937817 0.938488
vt 0.8074123 0.938488
vt 0.82104313 0.938488
vt 0.83467394 0.938488
vt 0.8483045 0.938488
vt 0.8619354 0.938488
vt 0.83467394 0.938488
vt 0.8483045 0.9306543
vt 0.8483045 0.938488
vt 0.83467394 0.9306543
vt 0.8619354 0.9306543
vt 0.8619354 0.938488
vt 0.82104313 0.938488
vt 0.82104313 0.9306543
vt 0.8074123 0.938488
vt 0.80741227 0.9306543
vt 0.7937817 0.938488
vt 0.7937817 0.9306543
vt 0.7801509 0.938488
vt 0.78015083 0.9306543
vt 0.76652026 0.938488
vt 0.7665203 0.9306543
vt 0.75288945 0.938488
vt 0.75288945 0.9306543
vt 0.7392587 0.938488
vt 0.73925865 0.9306543
vt 0.7256281 0.938488
vt 0.7256282 0.9306543
vt 0.83467394 0.9306543
vt 0.8483045 0.9230219
vt 0.8483045 0.9306543
vt 0.83467394 0.9230219
vt 0.8619354 0.9230219
vt 0.8619354 0.9306543
vt 0.82104313 0.9306543
vt 0.82104313 0.9230219
vt 0.80741227 0.9306543
vt 0.80741227 0.9230219
vt 0.7937817 0.9306543
vt 0.7937817 0.9230219
vt 0.78015083 0.9306543
vt 0.78015083 0.9230219
vt 0.7665203 0.9306543
vt 0.7665203 0.9230219
vt 0.75288945 0.9306543
vt 0.75288945 0.9230219
vt 0.73925865 0.9306543
vt 0.73925865 0.9230219
vt 0.7256282 0.9306543
vt 0.72562814 0.9230219
vt 0.7737993 0.8690072
vt 0.75385696 0.8560031
vt 0.755068 0.8530892
vt 0.7708828 0.87047154
vt 0.755068 0.8530892
vt 0.7297508 0.8559748
vt 0.7285467 0.85305816
vt 0.75385696 0.8560031
vt 0.7285467 0.85305816
vt 0.7126849 0.8703885
vt 0.7097711 0.86891586
vt 0.7297508 0.8559748
vt 0.7097711 0.86891586
vt 0.7126566 0.8997041
vt 0.7097399 0.90116847
vt 0.7126849 0.8703885
vt 0.7097399 0.90116847
vt 0.7296825 0.9141726
vt 0.72847146 0.9170865
vt 0.7126566 0.8997041
vt 0.72847146 0.9170865
vt 0.7537887 0.9142009
vt 0.7549927 0.91711754
vt 0.7296825 0.9141726
vt 0.7549927 0.91711754
vt 0.7708544 0.8997872
vt 0.7737681 0.9012597
vt 0.7537887 0.9142009
vt 0.7737681 0.9012597
vt 0.7708828 0.87047154
vt 0.7737993 0.8690072
vt 0.7708544 0.8997872
vt 0.7708828 0.87047154
vt 0.74176973 0.88508785
vt 0.75385696 0.8560031
vt 0.7297508 0.8559748
vt 0.7126849 0.8703885
vt 0.7126566 0.8997041
vt 0.7296825 0.9141726
vt 0.7537887 0.9142009
vt 0.7708544 0.8997872
vt 0.689494 0.9510626
vt 0.5876676 0.95403785
vt 0.58370113 0.9502218
vt 0.6894648 0.95445836
vt 0.58761895 0.9575367
vt 0.58371186 0.9575367
vt 0.58370113 0.9648518
vt 0.58766764 0.9610358
vt 0.6894941 0.96401083
vt 0.68946475 0.96061516
vt 0.5876676 0.95403785
vt 0.6909492 0.956114
vt 0.58895856 0.9562687
vt 0.6894648 0.95445836
vt 0.5876676 0.95403785
vt 0.5891044 0.9575367
vt 0.58761895 0.9575367
vt 0.58895856 0.9562687
vt 0.69081366 0.95753664
vt 0.58895856 0.9562687
vt 0.6909492 0.956114
vt 0.5891044 0.9575367
vt 0.5889585 0.95880497
vt 0.6909492 0.95895946
vt 0.689494 0.9510626
vt 0.57919234 0.944545
vt 0.69205034 0.9471395
vt 0.58370113 0.9502218
vt 0.689494 0.9510626
vt 0.6909492 0.956114
vt 0.6894648 0.95445836
vt 0.69205034 0.9471395
vt 0.6909492 0.956114
vt 0.69205034 0.9471395
vt 0.6919862 0.95753664
vt 0.69081366 0.95753664
vt 0.6909492 0.95895946
vt 0.69205034 0.9679339
vt 0.58370113 0.9502218
vt 0.57678396 0.95753664
vt 0.5767878 0.9557848
vt 0.58371186 0.9575367
vt 0.58370113 0.9648518
vt 0.576788 0.95928884
vt 0.57919234 0.944545
vt 0.5767878 0.9557848
vt 0.5741955 0.9524472
vt 0.58370113 0.9502218
vt 0.69205034 0.9471395
vt 0.6070467 0.9406508
vt 0.6978791 0.94601244
vt 0.69205034 0.9471395
vt 0.57919234 0.944545
vt 0.57724136 0.9408381
vt 0.57724136 0.9408381
vt 0.5741955 0.9524472
vt 0.55885786 0.9485972
vt 0.57919234 0.944545
vt 0.55885786 0.9485972
vt 0.5658211 0.9522729
vt 0.5577171 0.95210433
vt 0.5741955 0.9524472
vt 0.55885786 0.9485972
vt 0.5577171 0.95210433
vt 0.5559168 0.94750935
vt 0.5767878 0.9557848
vt 0.5658211 0.9522729
vt 0.5741955 0.9524472
vt 0.57678396 0.95753664
vt 0.5577171 0.95210433
vt 0.55711126 0.9575367
vt 0.576788 0.95928884
vt 0.5658211 0.96280056
vt 0.5741955 0.9626263
vt 0.5577172 0.9629692
vt 0.55711126 0.9575367
vt 0.6978791 0.94601244
vt 0.58701205 0.93057305
vt 0.69203687 0.9386646
vt 0.6070467 0.9406508
vt 0.58701205 0.93057305
vt 0.57724136 0.9408381
vt 0.55885786 0.9485972
vt 0.58701205 0.93057305
vt 0.6070467 0.9406508
vt 0.57724136 0.9408381
vt 0.58701205 0.93057305
vt 0.5559168 0.94750935
vt 0.5558667 0.9301848
vt 0.55885786 0.9485972
vt 0.5558667 0.9301848
vt 0.54863286 0.9447518
vt 0.58701205 0.93057305
vt 0.559171 0.9223189
vt 0.58944833 0.9236919
vt 0.5558667 0.9301848
vt 0.5559168 0.94750935
vt 0.54335064 0.95304906
vt 0.54863286 0.9447518
vt 0.5577171 0.95210433
vt 0.54335064 0.95304906
vt 0.55711126 0.9575367
vt 0.5436323 0.9575367
vt 0.5577171 0.95210433
vt 0.54335064 0.96202445
vt 0.5577172 0.9629692
vt 0.54863286 0.9447518
vt 0.54335064 0.95304906
vt 0.54324114 0.9452948
vt 0.54335064 0.95304906
vt 0.5436323 0.9575367
vt 0.53543544 0.9575367
vt 0.54324114 0.9452948
vt 0.5354309 0.9452947
vt 0.5354309 0.9452947
vt 0.5242184 0.9575367
vt 0.5242089 0.9452947
vt 0.53543544 0.9575367
vt 0.5354309 0.9697787
vt 0.5242088 0.9697786
vt 0.5242089 0.9452947
vt 0.5140599 0.9575367
vt 0.51405996 0.9487573
vt 0.5242184 0.9575367
vt 0.5242088 0.9697786
vt 0.5140599 0.9663163
vt 0.51405996 0.9487573
vt 0.5115425 0.9575367
vt 0.5115428 0.9498307
vt 0.5140599 0.9575367
vt 0.5140599 0.9663163
vt 0.5115428 0.96524274
vt 0.5558667 0.9301848
vt 0.52245295 0.92419386
vt 0.5389693 0.92387545
vt 0.54863286 0.9447518
vt 0.69203687 0.9386646
vt 0.58944833 0.9236919
vt 0.6866915 0.9317797
vt 0.58701205 0.93057305
vt 0.5558667 0.9301848
vt 0.54890937 0.9198503
vt 0.559171 0.9223189
vt 0.5389693 0.92387545
vt 0.6978791 0.94601244
vt 0.70827854 0.9572589
vt 0.6985438 0.95726043
vt 0.6919862 0.95753664
vt 0.69205034 0.9471395
vt 0.69951963 0.96860075
vt 0.7072586 0.9442368
vt 0.70827854 0.9572589
vt 0.70827854 0.9572589
vt 0.7088826 0.96979094
vt 0.6919862 0.95753664
vt 0.6985438 0.95726043
vt 0.69205034 0.9679339
vt 0.58766764 0.9610358
vt 0.6909492 0.95895946
vt 0.68946475 0.96061516
vt 0.5889585 0.95880497
vt 0.58766764 0.9610358
vt 0.5891044 0.9575367
vt 0.5889585 0.95880497
vt 0.58761895 0.9575367
vt 0.6894941 0.96401083
vt 0.57919216 0.9705284
vt 0.58370113 0.9648518
vt 0.69205034 0.9679339
vt 0.6894941 0.96401083
vt 0.6909492 0.95895946
vt 0.69205034 0.9679339
vt 0.68946475 0.96061516
vt 0.57919216 0.9705284
vt 0.576788 0.95928884
vt 0.58370113 0.9648518
vt 0.5741955 0.9626263
vt 0.69205034 0.9679339
vt 0.604323 0.97518694
vt 0.57919216 0.9705284
vt 0.68311334 0.9739419
vt 0.5733335 0.9753488
vt 0.5733335 0.9753488
vt 0.5741955 0.9626263
vt 0.57919216 0.9705284
vt 0.5588579 0.9664763
vt 0.5588579 0.9664763
vt 0.5658211 0.96280056
vt 0.5741955 0.9626263
vt 0.5577172 0.9629692
vt 0.5588579 0.9664763
vt 0.55591655 0.9675642
vt 0.5577172 0.9629692
vt 0.68311334 0.9739419
vt 0.5711602 0.9855306
vt 0.604323 0.97518694
vt 0.6823245 0.9784242
vt 0.5711602 0.9855306
vt 0.5733335 0.9753488
vt 0.604323 0.97518694
vt 0.5711602 0.9855306
vt 0.5588579 0.9664763
vt 0.5733335 0.9753488
vt 0.5711602 0.9855306
vt 0.55591655 0.9675642
vt 0.5588579 0.9664763
vt 0.5466531 0.9852116
vt 0.5466531 0.9852116
vt 0.5497596 0.96943635
vt 0.5711602 0.9855306
vt 0.5531314 0.99166435
vt 0.5466531 0.9852116
vt 0.56912416 0.9924326
vt 0.55591655 0.9675642
vt 0.54335064 0.96202445
vt 0.5577172 0.9629692
vt 0.5497596 0.96943635
vt 0.5497596 0.96943635
vt 0.54324126 0.9697787
vt 0.54335064 0.96202445
vt 0.54335064 0.96202445
vt 0.53543544 0.9575367
vt 0.5436323 0.9575367
vt 0.54324126 0.9697787
vt 0.5354309 0.9697787
vt 0.5466531 0.9852116
vt 0.5124135 0.99101853
vt 0.5497596 0.96943635
vt 0.52625084 0.99094605
vt 0.6823245 0.9784242
vt 0.56912416 0.9924326
vt 0.5711602 0.9855306
vt 0.68012047 0.98208416
vt 0.5466531 0.9852116
vt 0.5439578 0.9958455
vt 0.52625084 0.99094605
vt 0.5531314 0.99166435
vt 0.98433524 0.7242145
vt 0.99618447 0.7420877
vt 0.98467416 0.7411087
vt 0.99705696 0.7256941
vt 0.99160516 0.7538225
vt 0.9835173 0.7519592
vt 0.9883696 0.76266503
vt 0.9816278 0.7605945
vt 0.9878144 0.7694508
vt 0.98015964 0.7693089
vt 0.98814535 0.773154
vt 0.97971165 0.7740902
vt 0.98813415 0.7874166
vt 0.9802977 0.78486264
vt 0.97845626 0.78658026
vt 0.98874474 0.8008373
vt 0.978247 0.80070186
vt 0.9679204 0.8005899
vt 0.9674176 0.78684115
vt 0.9569352 0.80245566
vt 0.9570777 0.7887771
vt 0.96573997 0.7841896
vt 0.95590836 0.7723862
vt 0.9656637 0.77336824
vt 0.9561204 0.76866376
vt 0.9653248 0.76784134
vt 0.95397264 0.7614202
vt 0.96432096 0.75970674
vt 0.9552488 0.75797313
vt 0.96408653 0.755597
vt 0.96055186 0.74844766
vt 0.9647348 0.7483778
vt 0.9641901 0.73771423
vt 0.9659816 0.7376784
vt 0.9662536 0.72525376
vt 0.96766156 0.72341824
vt 0.96583796 0.71530104
vt 0.9722042 0.71674365
vt 0.97231424 0.7042935
vt 0.9789285 0.71634513
vt 0.9932719 0.7054501
vt 0.9952128 0.72139645
vt 0.98233175 0.72058326
vt 0.96307826 0.7374006
vt 0.9593716 0.7473432
vt 0.96491444 0.72527206
vt 0.9641677 0.71764743
vt 0.94791794 0.7396636
vt 0.9551626 0.7555521
vt 0.9880254 0.8635353
vt 0.97831315 0.87393343
vt 0.96773326 0.87391555
vt 0.95843333 0.8739832
vt 0.98433524 0.7242145
vt 0.98303837 0.7410258
vt 0.98322177 0.724431
vt 0.98467416 0.7411087
vt 0.9821099 0.7517158
vt 0.9835173 0.7519592
vt 0.98018456 0.76027435
vt 0.9816278 0.7605945
vt 0.97839946 0.7690706
vt 0.98015964 0.7693089
vt 0.9777974 0.77405477
vt 0.97971165 0.7740902
vt 0.97861415 0.78421605
vt 0.9802977 0.78486264
vt 0.9776132 0.78521395
vt 0.9682105 0.7856938
vt 0.96763736 0.7838422
vt 0.96573997 0.7841896
vt 0.96757174 0.773288
vt 0.9656637 0.77336824
vt 0.96710545 0.76766086
vt 0.9653248 0.76784134
vt 0.96590483 0.75952196
vt 0.96432096 0.75970674
vt 0.96554756 0.75557303
vt 0.96408653 0.755597
vt 0.96617365 0.7485131
vt 0.9647348 0.7483778
vt 0.9675854 0.7378345
vt 0.9659816 0.7376784
vt 0.9687146 0.7236826
vt 0.96766156 0.72341824
vt 0.97272336 0.7176762
vt 0.9722042 0.71674365
vt 0.9783945 0.7173543
vt 0.9789285 0.71634513
vt 0.98132193 0.72117436
vt 0.98233175 0.72058326
vt 0.96907115 0.7488284
vt 0.9708487 0.73825234
vt 0.9675854 0.7378345
vt 0.972904 0.7250206
vt 0.9687146 0.7236826
vt 0.974807 0.7203306
vt 0.97272336 0.7176762
vt 0.9765905 0.7200624
vt 0.9783945 0.7173543
vt 0.97772676 0.7230693
vt 0.98132193 0.72117436
vt 0.9789969 0.72557175
vt 0.98322177 0.724431
vt 0.97977936 0.7409376
vt 0.98303837 0.7410258
vt 0.979351 0.75128305
vt 0.97749174 0.7596109
vt 0.9752419 0.768511
vt 0.974213 0.77404845
vt 0.9753883 0.78239644
vt 0.97861415 0.78421605
vt 0.97441673 0.7838669
vt 0.9776132 0.78521395
vt 0.96969664 0.7841109
vt 0.9697418 0.782426
vt 0.97112966 0.7731145
vt 0.97028154 0.76724076
vt 0.9687066 0.7590535
vt 0.96824336 0.75553566
vt 0.96076584 0.6844115
vt 0.9632319 0.6547444
vt 0.9632319 0.6844115
vt 0.96076584 0.6547444
vt 0.965698 0.6547444
vt 0.965698 0.6844115
vt 0.9681641 0.6547444
vt 0.9681641 0.6844115
vt 0.97063017 0.6547444
vt 0.97063017 0.6844115
vt 0.97309625 0.6547444
vt 0.97309625 0.6844115
vt 0.97556233 0.6547444
vt 0.97556233 0.6844115
vt 0.9780284 0.6547444
vt 0.9780284 0.6844115
vt 0.9804945 0.6547444
vt 0.9804945 0.6844115
vt 0.9793491 0.6337693
vt 0.97063017 0.6429814
vt 0.97063017 0.6301578
vt 0.96191126 0.6337693
vt 0.95829976 0.64248824
vt 0.96191126 0.6512071
vt 0.97063017 0.6548186
vt 0.9793491 0.6512071
vt 0.9829606 0.64248824
vt 0.4722649 0.9867167
vt 0.44700158 0.9347164
vt 0.47222114 0.93458116
vt 0.44627535 0.98614234
vt 0.4722649 0.9867167
vt 0.4778242 0.9370024
vt 0.47868696 0.98658794
vt 0.47222114 0.93458116
vt 0.47222114 0.93458116
vt 0.44593492 0.91298497
vt 0.47235116 0.9132122
vt 0.44700158 0.9347164
vt 0.47222114 0.93458116
vt 0.4777684 0.91371787
vt 0.4778242 0.9370024
vt 0.47235116 0.9132122
vt 0.44593492 0.91298497
vt 0.4416574 0.93644124
vt 0.44115597 0.91405416
vt 0.44700158 0.9347164
vt 0.44700158 0.9347164
vt 0.4382225 0.9861983
vt 0.4416574 0.93644124
vt 0.44627535 0.98614234
vt 0.47235116 0.9132122
vt 0.44533905 0.89844906
vt 0.47278896 0.8981179
vt 0.44593492 0.91298497
vt 0.47235116 0.9132122
vt 0.47924116 0.89716464
vt 0.4777684 0.91371787
vt 0.47278896 0.8981179
vt 0.47181585 0.8949338
vt 0.44533905 0.89844906
vt 0.44115597 0.91405416
vt 0.43967304 0.89745337
vt 0.44593492 0.91298497
vt 0.47278896 0.8981179
vt 0.44616368 0.8952328
vt 0.47181585 0.8949338
vt 0.44533905 0.89844906
vt 0.44533905 0.89844906
vt 0.43967304 0.89745337
vt 0.44616368 0.8952328
vt 0.47924116 0.89716464
vt 0.46708855 0.8855188
vt 0.4803228 0.8961962
vt 0.47181585 0.8949338
vt 0.44616368 0.8952328
vt 0.43855548 0.8967364
vt 0.45061594 0.8856909
vt 0.43967304 0.89745337
vt 0.44616368 0.8952328
vt 0.46708855 0.8855188
vt 0.47181585 0.8949338
vt 0.45061594 0.8856909
vt 0.4803228 0.8961962
vt 0.47758478 0.8757785
vt 0.49493638 0.8811481
vt 0.46708855 0.8855188
vt 0.49493638 0.8811481
vt 0.4769186 0.8591211
vt 0.49334767 0.85228467
vt 0.47758478 0.8757785
vt 0.49334767 0.85228467
vt 0.46758136 0.85065305
vt 0.47471935 0.8360389
vt 0.4769186 0.8591211
vt 0.45061594 0.8856909
vt 0.42235345 0.8811569
vt 0.4398662 0.8761403
vt 0.43855548 0.8967364
vt 0.4398662 0.8761403
vt 0.42334098 0.852359
vt 0.44002903 0.8592006
vt 0.42235345 0.8811569
vt 0.44002903 0.8592006
vt 0.4412657 0.83637166
vt 0.44949722 0.85072327
vt 0.42334098 0.852359
vt 0.4398662 0.8761403
vt 0.4769186 0.8591211
vt 0.47758478 0.8757785
vt 0.44002903 0.8592006
vt 0.44949722 0.85072327
vt 0.46758136 0.85065305
vt 0.4398662 0.8761403
vt 0.46708855 0.8855188
vt 0.45061594 0.8856909
vt 0.47758478 0.8757785
vt 0.47471935 0.8360389
vt 0.46538183 0.8489647
vt 0.47019073 0.8376462
vt 0.46758136 0.85065305
vt 0.44949722 0.85072327
vt 0.44702306 0.8397
vt 0.45154327 0.84946406
vt 0.4412657 0.83637166
vt 0.44949722 0.85072327
vt 0.46538183 0.8489647
vt 0.46758136 0.85065305
vt 0.45154327 0.84946406
vt 0.45154327 0.84946406
vt 0.47019073 0.8376462
vt 0.46538183 0.8489647
vt 0.44702306 0.8397
vt 0.47019073 0.8376462
vt 0.44696197 0.83692884
vt 0.47029224 0.83440554
vt 0.44702306 0.8397
vt 0.44702306 0.8397
vt 0.4412657 0.83637166
vt 0.44696197 0.83692884
vt 0.47471935 0.8360389
vt 0.47019073 0.8376462
vt 0.47029224 0.83440554
vt 0.47030985 0.7448326
vt 0.4578207 0.7375357
vt 0.49149927 0.7345761
vt 0.47029224 0.83440554
vt 0.45636937 0.82593346
vt 0.44796148 0.83287704
vt 0.44696197 0.83692884
vt 0.46105915 0.72723156
vt 0.4384749 0.72178245
vt 0.430619 0.719887
vt 0.48447913 0.7171257
vt 0.4847978 0.70641565
vt 0.49302354 0.70129853
vt 0.49485597 0.6612935
vt 0.4803182 0.69121504
vt 0.48612887 0.6616808
vt 0.48545694 0.6378361
vt 0.49427924 0.6379244
vt 0.476979 0.62269145
vt 0.47221485 0.6315806
vt 0.46207398 0.62247986
vt 0.46186665 0.6266921
vt 0.44525665 0.6222411
vt 0.4525398 0.6310543
vt 0.43903255 0.6373716
vt 0.42838076 0.637265
vt 0.43639874 0.6638876
vt 0.4283067 0.66424674
vt 0.44284463 0.691725
vt 0.43800157 0.708583
vt 0.42950192 0.69300723
vt 0.44702697 0.6704555
vt 0.46147105 0.6822019
vt 0.4614967 0.67939734
vt 0.47697324 0.66826594
vt 0.48612887 0.6616808
vt 0.4614967 0.67939734
vt 0.47697324 0.66826594
vt 0.47029224 0.83440554
vt 0.47388428 0.745665
vt 0.47471935 0.8360389
vt 0.47030985 0.7448326
vt 0.47388428 0.745665
vt 0.49149927 0.7345761
vt 0.49611 0.73569214
vt 0.47030985 0.7448326
vt 0.49611 0.73569214
vt 0.49302354 0.70129853
vt 0.49762022 0.7033652
vt 0.49149927 0.7345761
vt 0.49485597 0.6612935
vt 0.49943578 0.6645031
vt 0.44153187 0.83575
vt 0.44696197 0.83692884
vt 0.4412657 0.83637166
vt 0.4283067 0.66424674
vt 0.42265382 0.6929746
vt 0.42129743 0.6646654
vt 0.42950192 0.69300723
vt 0.42392153 0.7194326
vt 0.430619 0.719887
vt 0.45636937 0.82593346
vt 0.4353437 0.8051611
vt 0.43828964 0.80583674
vt 0.45636937 0.82593346
vt 0.44796148 0.83287704
vt 0.4353437 0.8051611
vt 0.45636937 0.82593346
vt 0.44435373 0.76544166
vt 0.4578207 0.7375357
vt 0.43828964 0.80583674
vt 0.4578207 0.7375357
vt 0.44435373 0.76544166
vt 0.45369852 0.73950684
vt 0.4578207 0.7375357
vt 0.42972374 0.7246114
vt 0.430619 0.719887
vt 0.45369852 0.73950684
vt 0.430619 0.719887
vt 0.42375046 0.72702575
vt 0.42392153 0.7194326
vt 0.430619 0.719887
vt 0.42972374 0.7246114
vt 0.4353437 0.8051611
vt 0.42690933 0.8288462
vt 0.42183006 0.80453765
vt 0.41351774 0.8184829
vt 0.4353437 0.8051611
vt 0.44796148 0.83287704
vt 0.42183006 0.80453765
vt 0.41351774 0.8184829
vt 0.41298813 0.810333
vt 0.42183006 0.80453765
vt 0.41284055 0.7404803
vt 0.42084926 0.7469611
vt 0.41298813 0.810333
vt 0.29890817 0.071567595
vt 0.2654234 0.11349589
vt 0.28279766 0.14309955
vt 0.28958768 0.15598792
vt 0.30770206 0.07910669
vt 0.29593518 0.1634
vt 0.31772867 0.088652074
vt 0.36577827 0.13288099
vt 0.30005902 0.1704942
vt 0.3762515 0.14282602
vt 0.30624706 0.18019319
vt 0.38520426 0.14999282
vt 0.31044844 0.19035095
vt 0.3875665 0.16298825
vt 0.3674824 0.13169587
vt 0.31893665 0.08699763
vt 0.30899775 0.07820183
vt 0.2998038 0.07070887
vt 0.24850747 0.035431445
vt 0.24764176 0.036230087
vt 0.23825467 0.029555082
vt 0.23820305 0.030606449
vt 0.24072172 0.06772965
vt 0.23146844 0.055336952
vt 0.22900186 0.02792269
vt 0.22440499 0.05177927
vt 0.22290547 0.033798516
vt 0.22377986 0.04306054
vt 0.22037911 0.031844735
vt 0.22100982 0.045755744
vt 0.21812695 0.0511719
vt 0.22104464 0.027490973
vt 0.16312174 0.028272688
vt 0.16325343 0.03233522
vt 0.16434309 0.046982348
vt 0.16580835 0.051879227
vt 0.16018829 0.044857264
vt 0.15998274 0.0532279
vt 0.15625668 0.029173851
vt 0.15981145 0.03528261
vt 0.14781289 0.032217264
vt 0.15401162 0.057275176
vt 0.14230576 0.035507917
vt 0.14907104 0.06380898
vt 0.16226426 0.027418435
vt 0.22103688 0.026639104
vt 0.22869195 0.027012587
vt 0.14815992 0.030830204
vt 0.15597934 0.028244555
vt 0.14144924 0.034766614
vt 0.09341998 0.086631835
vt 0.09446503 0.087135375
vt 0.06769048 0.12111324
vt 0.068633825 0.12160182
vt 0.11783759 0.115267456
vt 0.12569682 0.10346502
vt 0.09064493 0.15189809
vt 0.06068647 0.13298643
vt 0.08310718 0.16287291
vt 0.05609384 0.14013952
vt 0.07793382 0.17089957
vt 0.043670654 0.16107959
vt 0.027482467 0.1672976
vt 0.032991543 0.16684276
vt 0.07428585 0.18183392
vt 0.022141458 0.16946387
vt 0.027583675 0.17307734
vt 0.07388419 0.18941867
vt 0.029808762 0.18688291
vt 0.07296352 0.19683754
vt 0.054701433 0.13935179
vt 0.059705272 0.13252932
vt 0.026687594 0.16650677
vt 0.05736114 0.1311779
vt 0.062277824 0.12233889
vt 0.093293265 0.08030641
vt 0.14056432 0.03136927
vt 0.14737043 0.028173685
vt 0.1560438 0.025208414
vt 0.1604626 0.024253666
vt 0.23192526 0.024122536
vt 0.24171495 0.027814388
vt 0.24695313 0.031063795
vt 0.3057837 0.07000214
vt 0.31264907 0.076401055
vt 0.3216097 0.08493829
vt 0.3530896 0.11204088
vt 0.23238727 0.021538377
vt 0.24433608 0.025770664
vt 0.24935931 0.02883637
vt 0.30655813 0.06844103
vt 0.31452054 0.07523525
vt 0.32357907 0.08338195
vt 0.35490215 0.110302985
vt 0.36630684 0.091916144
vt 0.33517385 0.070002615
vt 0.32579193 0.06399
vt 0.31675258 0.057725906
vt 0.25662124 0.02203232
vt 0.24981388 0.018176258
vt 0.23272282 0.011386573
vt 0.15782027 0.010769725
vt 0.15976802 0.021742165
vt 0.15505958 0.022723258
vt 0.1457094 0.025883496
vt 0.137992 0.029764712
vt 0.09168713 0.07955009
vt 0.06050989 0.12144756
vt 0.05466734 0.13022417
vt 0.05108708 0.1357227
vt 0.053486824 0.13700622
vt 0.02447726 0.16602564
vt 0.024086224 0.16634846
vt 0.022508057 0.16455036
vt 0.023113625 0.16618657
vt 0.05526592 0.110661685
vt 0.049570292 0.12011474
vt 0.04268825 0.12548643
vt 0.08081841 0.07509363
vt 0.13049306 0.019913554
vt 0.14125562 0.013331711
vt 0.1511662 0.011367142
vt 0.22000416 0.032790244
vt 0.22129169 0.034729242
vt 0.21950194 0.034504235
vt 0.2205362 0.035175502
vt 0.21946342 0.035710156
vt 0.16340004 0.03329116
vt 0.16187716 0.035280526
vt 0.16248783 0.035786092
vt 0.16377789 0.035258472
vt 0.16383548 0.03648472
vt 0.22245532 0.04311341
vt 0.16174419 0.043752193
vt 0.16421327 0.045351923
vt 0.22031322 0.044332087
vt 0.22245532 0.04311341
vt 0.16443941 0.04338342
vt 0.16382967 0.043155134
vt 0.21975438 0.042750657
vt 0.22073884 0.042414665
vt 0.22129169 0.034729242
vt 0.22073884 0.042414665
vt 0.16174419 0.043752193
vt 0.2247774 0.055432975
vt 0.22991131 0.05776429
vt 0.22071621 0.054625392
vt 0.23775636 0.0686515
vt 0.16644138 0.05546701
vt 0.16097157 0.057010412
vt 0.15648119 0.059846997
vt 0.15202244 0.06491774
vt 0.25415647 0.10102731
vt 0.25695696 0.09904623
vt 0.12915029 0.10427177
vt 0.11902688 0.11874771
vt 0.09288444 0.15275896
vt 0.08398565 0.16375548
vt 0.07890028 0.17292064
vt 0.07779367 0.18451613
vt 0.13040103 0.104923785
vt 0.15582973 0.061174512
vt 0.15695292 0.06008637
vt 0.16122825 0.0573256
vt 0.16647862 0.05579275
vt 0.2207073 0.054944694
vt 0.2246084 0.05575329
vt 0.22955868 0.058312714
vt 0.24227431 0.07998836
vt 0.2527625 0.10057682
vt 0.21689928 0.06913531
vt 0.21861935 0.069475174
vt 0.22174233 0.07075477
vt 0.23770124 0.085339844
vt 0.17033009 0.06994903
vt 0.1676248 0.070617735
vt 0.17044285 0.070727944
vt 0.16803059 0.07128787
vt 0.16591746 0.072285175
vt 0.1652222 0.07172531
vt 0.13065162 0.10551602
vt 0.2168607 0.06990403
vt 0.21779841 0.07006127
vt 0.22109663 0.07127416
vt 0.23715883 0.08565569
vt 0.25238323 0.1008535
vt 0.23617576 0.08635837
vt 0.25035268 0.101890266
vt 0.22045684 0.07221371
vt 0.21721779 0.07132673
vt 0.21606125 0.07112676
vt 0.17115697 0.07195574
vt 0.16833898 0.072652936
vt 0.16670954 0.073432386
vt 0.13393661 0.10494071
vt 0.23764426 0.09206897
vt 0.21872528 0.07424337
vt 0.21669596 0.07344836
vt 0.21523678 0.073195934
vt 0.17201245 0.07407057
vt 0.16966362 0.07469344
vt 0.16838826 0.07540053
vt 0.1476412 0.09521675
vt 0.2358146 0.09159297
vt 0.23730482 0.092490315
vt 0.2186076 0.07526153
vt 0.21651715 0.0741716
vt 0.21518227 0.07403237
vt 0.17213497 0.07493138
vt 0.17010179 0.075391054
vt 0.16909736 0.07607639
vt 0.14926006 0.09467715
vt 0.14756879 0.09570086
vt 0.26073673 0.11619592
vt 0.26218438 0.1156078
vt 0.28043836 0.14382565
vt 0.26266178 0.115263045
vt 0.2893466 0.15635729
vt 0.29501247 0.16486531
vt 0.2973518 0.17304367
vt 0.29654408 0.18190974
vt 0.288715 0.18716872
vt 0.29654408 0.18190974
vt 0.288715 0.18716872
vt 0.082312234 0.18915099
vt 0.09060856 0.19094366
vt 0.082312234 0.18915099
vt 0.07779367 0.18451613
vt 0.13991857 0.4852029
vt 0.10529256 0.47208112
vt 0.10862505 0.46129692
vt 0.13119388 0.49186796
vt 0.07327664 0.47208112
vt 0.06994414 0.46129692
vt 0.047375258 0.49186796
vt 0.03865065 0.4852029
vt 0.037481815 0.5238838
vt 0.026697583 0.5238838
vt 0.047375258 0.55589974
vt 0.15187156 0.5238838
vt 0.047375258 0.55589974
vt 0.03865065 0.56256473
vt 0.07327664 0.5756866
vt 0.06994414 0.58647084
vt 0.10529256 0.5756866
vt 0.10862505 0.58647084
vt 0.13119388 0.55589974
vt 0.13991857 0.56256473
vt 0.14108741 0.5238838
vt 0.13119388 0.49186796
vt 0.097162426 0.5178657
vt 0.08928457 0.5238839
vt 0.09229362 0.5141463
vt 0.08627552 0.5141463
vt 0.08140668 0.5178657
vt 0.079546995 0.5238839
vt 0.08140668 0.52990204
vt 0.08627552 0.53362155
vt 0.09229362 0.53362155
vt 0.097162426 0.52990204
vt 0.09902215 0.5238839
vt 0.12395054 0.49740136
vt 0.10252583 0.48103452
vt 0.07604334 0.48103452
vt 0.054618612 0.49740136
vt 0.046435114 0.5238838
vt 0.054618612 0.5503664
vt 0.07604337 0.5667336
vt 0.10252583 0.5667336
vt 0.12395054 0.5503664
vt 0.13213396 0.5238838
vt 0.13119388 0.49186796
vt 0.10252583 0.48103452
vt 0.10529256 0.47208112
vt 0.12395054 0.49740136
vt 0.07604334 0.48103452
vt 0.07327664 0.47208112
vt 0.054618612 0.49740136
vt 0.047375258 0.49186796
vt 0.046435114 0.5238838
vt 0.037481815 0.5238838
vt 0.054618612 0.5503664
vt 0.047375258 0.55589974
vt 0.07604337 0.5667336
vt 0.07327664 0.5756866
vt 0.10252583 0.5667336
vt 0.10529256 0.5756866
vt 0.12395054 0.5503664
vt 0.13119388 0.55589974
vt 0.13213396 0.5238838
vt 0.14108741 0.5238838
vt 0.13991857 0.6208683
vt 0.10529256 0.6077466
vt 0.10862494 0.59696233
vt 0.13119388 0.62753344
vt 0.07327664 0.6077466
vt 0.06994414 0.59696233
vt 0.047375258 0.62753344
vt 0.03865065 0.6208683
vt 0.037481815 0.6595493
vt 0.026697576 0.6595493
vt 0.047375258 0.69156516
vt 0.15187156 0.6595493
vt 0.047375258 0.69156516
vt 0.03865065 0.6982302
vt 0.07327664 0.711352
vt 0.06994414 0.72213626
vt 0.10529256 0.711352
vt 0.10862494 0.72213626
vt 0.13119388 0.69156516
vt 0.13991857 0.6982302
vt 0.14108741 0.6595493
vt 0.13119388 0.62753344
vt 0.097162485 0.6535312
vt 0.08928457 0.65954936
vt 0.09229368 0.6498118
vt 0.08627549 0.6498118
vt 0.08140668 0.6535312
vt 0.07954699 0.65954936
vt 0.08140668 0.6655676
vt 0.08627549 0.669287
vt 0.09229368 0.669287
vt 0.097162426 0.6655676
vt 0.09902215 0.65954936
vt 0.12395054 0.6330668
vt 0.10252583 0.61669993
vt 0.07604334 0.61669993
vt 0.054618612 0.6330668
vt 0.046435114 0.6595493
vt 0.054618612 0.6860318
vt 0.07604337 0.70239913
vt 0.10252583 0.70239913
vt 0.12395054 0.6860318
vt 0.13213396 0.6595493
vt 0.13119388 0.62753344
vt 0.10252583 0.61669993
vt 0.10529256 0.6077466
vt 0.12395054 0.6330668
vt 0.07604334 0.61669993
vt 0.07327664 0.6077466
vt 0.054618612 0.6330668
vt 0.047375258 0.62753344
vt 0.046435114 0.6595493
vt 0.037481815 0.6595493
vt 0.054618612 0.6860318
vt 0.047375258 0.69156516
vt 0.07604337 0.70239913
vt 0.07327664 0.711352
vt 0.10252583 0.70239913
vt 0.10529256 0.711352
vt 0.12395054 0.6860318
vt 0.13119388 0.69156516
vt 0.13213396 0.6595493
vt 0.14108741 0.6595493
vt 0.16425991 0.9844259
vt 0.14022529 0.9894588
vt 0.16437978 0.98879683
vt 0.14010555 0.985088
vt 0.12959954 0.9853759
vt 0.13987598 0.97844243
vt 0.12954995 0.9827081
vt 0.13474125 0.97857016
vt 0.103971 0.9793356
vt 0.10562021 0.98603314
vt 0.098840654 0.9794632
vt 0.10106781 0.96727157
vt 0.096101314 0.9680383
vt 0.08801779 0.9865155
vt 0.088137716 0.99088645
vt 0.07945353 0.9911245
vt 0.07933366 0.9867536
vt 0.12331927 0.97885424
vt 0.13395575 0.9776158
vt 0.12724453 0.9529702
vt 0.12292185 0.95466936
vt 0.13274583 0.9786198
vt 0.13214067 0.9791219
vt 0.1313929 0.9786535
vt 0.10263479 0.96606034
vt 0.10561013 0.96249855
vt 0.10091299 0.95852417
vt 0.12073219 0.9534804
vt 0.09865007 0.9573405
vt 0.10602459 0.96068835
vt 0.11424485 0.95202225
vt 0.11489567 0.95018715
vt 0.09415582 0.93909556
vt 0.08961609 0.94099164
vt 0.09158933 0.92936444
vt 0.095897466 0.9379644
vt 0.0943906 0.93006665
vt 0.09989253 0.9354378
vt 0.11530864 0.9449302
vt 0.11717182 0.94342256
vt 0.11481291 0.92790127
vt 0.11049247 0.9293537
vt 0.099294454 0.93275094
vt 0.10796449 0.9280997
vt 0.1016489 0.9264859
vt 0.10744628 0.92583954
vt 0.1022729 0.9243915
vt 0.10487729 0.9182805
vt 0.1025236 0.9193481
vt 0.09057355 0.91681033
vt 0.09005058 0.9116806
vt 0.09770203 0.89339614
vt 0.1047349 0.9178617
vt 0.09841454 0.9049019
vt 0.09532222 0.90410674
vt 0.082028955 0.9093487
vt 0.08987799 0.9096519
vt 0.08880821 0.9188741
vt 0.090055525 0.9117402
vt 0.09005058 0.9116806
vt 0.090055525 0.9117402
vt 0.09057355 0.91681033
vt 0.08390704 0.86851114
vt 0.06221327 0.8800166
vt 0.06491709 0.88345283
vt 0.08120319 0.86507475
vt 0.056657434 0.8899519
vt 0.06899151 0.8887078
vt 0.058325797 0.89203423
vt 0.06496304 0.89189416
vt 0.04082164 0.9109884
vt 0.03780514 0.9047854
vt 0.0367966 0.914172
vt 0.046306998 0.92211854
vt 0.041998982 0.9247061
vt 0.023966372 0.9156742
vt 0.021262676 0.91223764
vt 0.014435254 0.9176097
vt 0.01713901 0.9210461
vt 0.056001753 0.89898205
vt 0.06496975 0.8931302
vt 0.07557595 0.91636705
vt 0.071166426 0.91782606
vt 0.06339747 0.8931324
vt 0.06261113 0.8931335
vt 0.062335998 0.8939719
vt 0.04828626 0.92204726
vt 0.052851617 0.92288184
vt 0.051783383 0.9289413
vt 0.070243835 0.92014056
vt 0.0508011 0.9312986
vt 0.054328114 0.9240082
vt 0.066190004 0.9254111
vt 0.06786415 0.92640543
vt 0.05901721 0.9481975
vt 0.05431488 0.94964397
vt 0.06326914 0.9573191
vt 0.061079502 0.947953
vt 0.064973116 0.9549875
vt 0.06576648 0.94733953
vt 0.07154423 0.930182
vt 0.073940724 0.930149
vt 0.082055986 0.9435885
vt 0.077805966 0.94523567
vt 0.06702542 0.9497874
vt 0.076664984 0.94781667
vt 0.07284272 0.9530969
vt 0.07771236 0.94988537
vt 0.07466206 0.9543077
vt 0.08057293 0.95733905
vt 0.07808086 0.9580239
vt 0.07051864 0.9676186
vt 0.07333386 0.97180784
vt 0.090975255 0.98105633
vt 0.08073136 0.957752
vt 0.08416307 0.9717565
vt 0.08229482 0.97434574
vt 0.06887531 0.9786443
vt 0.07495779 0.97333586
vt 0.06784165 0.96716154
vt 0.07336372 0.9718472
vt 0.06887531 0.9786443
vt 0.07333386 0.97180784
vt 0.07336372 0.9718472
vt 0.07051864 0.9676186
vt 0.16527995 0.9029951
vt 0.16791764 0.8891915
vt 0.16527995 0.8891915
vt 0.16791764 0.9029951
vt 0.1678597 0.93122387
vt 0.1765438 0.90835017
vt 0.1678597 0.90835017
vt 0.1765438 0.93122387
vt 0.13905042 0.88843626
vt 0.14168817 0.8746327
vt 0.13905042 0.8746327
vt 0.14168817 0.88843626
vt 0.17709568 0.95742476
vt 0.15422207 0.9330408
vt 0.15422207 0.95742476
vt 0.17709568 0.9330408
vt 0.14185482 0.9027271
vt 0.14913511 0.8889236
vt 0.14185482 0.8889236
vt 0.14913511 0.9027271
vt 0.20256782 0.91892743
vt 0.1796942 0.90750253
vt 0.1796942 0.91892743
vt 0.20256782 0.90750253
vt 0.20256782 0.9459741
vt 0.1796942 0.9459741
vt 0.20256782 0.97761697
vt 0.1796942 0.97761697
vt 0.15703684 0.93122387
vt 0.1678597 0.90835017
vt 0.15703684 0.90835017
vt 0.1678597 0.93122387
vt 0.1294297 0.9027272
vt 0.1411058 0.8889236
vt 0.1294297 0.8889236
vt 0.1411058 0.9027272
vt 0.18247026 0.9029951
vt 0.16866669 0.8891477
vt 0.16866669 0.9029951
vt 0.18247026 0.8891477
vt 0.2275308 0.99472165
vt 0.2046572 0.9692494
vt 0.2046572 0.99472165
vt 0.2275308 0.9692494
vt 0.2046572 0.9441805
vt 0.2275308 0.9441805
vt 0.2046572 0.9096753
vt 0.2275308 0.9096753
vt 0.21157542 0.90299517
vt 0.19777188 0.9021787
vt 0.19777188 0.90299517
vt 0.21157542 0.9021787
vt 0.18247026 0.8891477
vt 0.16866669 0.88854176
vt 0.16866669 0.8891477
vt 0.18247026 0.88854176
vt 0.21157542 0.9021787
vt 0.19777188 0.8866196
vt 0.19777188 0.9021787
vt 0.21157542 0.8866196
vt 0.14261955 0.88843626
vt 0.15034029 0.8746327
vt 0.14261955 0.8746327
vt 0.15034029 0.88843626
vt 0.12735927 0.9027272
vt 0.12868068 0.8889236
vt 0.12735927 0.8889236
vt 0.12868068 0.9027272
vt 0.19955492 0.8861323
vt 0.20023757 0.87232876
vt 0.19955492 0.87232876
vt 0.20023757 0.8861323
vt 0.11604416 0.9027272
vt 0.11773464 0.8889236
vt 0.11604416 0.8889236
vt 0.11773464 0.9027272
vt 0.20920095 0.8861323
vt 0.21056655 0.8723288
vt 0.20920095 0.8723288
vt 0.21056655 0.8861323
vt 0.14913511 0.9027271
vt 0.14986607 0.8889236
vt 0.14913511 0.8889236
vt 0.14986607 0.9027271
vt 0.20115557 0.8861323
vt 0.20920095 0.8723288
vt 0.20115557 0.8723288
vt 0.20920095 0.8861323
vt 0.10982251 0.9027271
vt 0.11091495 0.8889236
vt 0.10982251 0.8889236
vt 0.11091495 0.9027271
vt 0.11848369 0.9027272
vt 0.12735927 0.8889236
vt 0.11848369 0.8889236
vt 0.12735927 0.9027272
vt 0.16070542 0.88870424
vt 0.16181287 0.8749007
vt 0.16070542 0.8749007
vt 0.16181287 0.88870424
vt 0.18854469 0.8861323
vt 0.19955492 0.87232876
vt 0.18854469 0.87232876
vt 0.19955492 0.8861323
vt 0.17109922 0.88805443
vt 0.17200902 0.8742509
vt 0.17109922 0.8742509
vt 0.17200902 0.88805443
vt 0.10238364 0.88843626
vt 0.10811204 0.8746327
vt 0.10238364 0.8746327
vt 0.10811204 0.88843626
vt 0.15332937 0.88870424
vt 0.16070542 0.8749007
vt 0.15332937 0.8749007
vt 0.16070542 0.88870424
vt 0.16260907 0.88805443
vt 0.17109922 0.8742509
vt 0.16260907 0.8742509
vt 0.17109922 0.88805443
vt 0.11049744 0.88843626
vt 0.11572957 0.8746327
vt 0.11049744 0.8746327
vt 0.11572957 0.88843626
vt 0.111664 0.9027272
vt 0.11604416 0.8889236
vt 0.111664 0.8889236
vt 0.11604416 0.9027272
vt 0.10811204 0.88843626
vt 0.10973346 0.8746327
vt 0.10811204 0.8746327
vt 0.10973346 0.88843626
vt 0.17741552 0.88805443
vt 0.17867944 0.8742509
vt 0.17741552 0.8742509
vt 0.17867944 0.88805443
vt 0.11572957 0.88843626
vt 0.11725512 0.8746327
vt 0.11572957 0.8746327
vt 0.11725512 0.88843626
vt 0.123963 0.88843626
vt 0.1273093 0.8746327
vt 0.123963 0.8746327
vt 0.1273093 0.88843626
vt 0.20256782 0.9935696
vt 0.1796942 0.97761697
vt 0.1796942 0.9935696
vt 0.20256782 0.97761697
vt 0.12273872 0.88843626
vt 0.123963 0.8746327
vt 0.12273872 0.8746327
vt 0.123963 0.88843626
vt 0.13443574 0.88843626
vt 0.13568115 0.8746327
vt 0.13443574 0.8746327
vt 0.13568115 0.88843626
vt 0.11811158 0.88843626
vt 0.12273872 0.8746327
vt 0.11811158 0.8746327
vt 0.12273872 0.88843626
vt 0.17284057 0.88805443
vt 0.17741552 0.8742509
vt 0.17284057 0.8742509
vt 0.17741552 0.88805443
vt 0.22764625 0.9087931
vt 0.20477267 0.9064394
vt 0.20477267 0.90879315
vt 0.22764628 0.9064394
vt 0.17950293 0.8877929
vt 0.18732375 0.87398934
vt 0.17950293 0.87398934
vt 0.18732375 0.8877929
vt 0.18757644 0.87398934
vt 0.18757644 0.8877929
vt 0.1364331 0.88843626
vt 0.1382992 0.8746327
vt 0.1364331 0.8746327
vt 0.1382992 0.88843626
vt 0.12810513 0.88843626
vt 0.13443574 0.8746327
vt 0.12810513 0.8746327
vt 0.13443574 0.88843626
vt 0.4679854 0.507536
vt 0.5197078 0.3906185
vt 0.53617024 0.46738523
vt 0.4470954 0.43096298
vt 0.44497457 0.4333822
vt 0.4657461 0.5088527
vt 0.46762967 0.51090175
vt 0.53703487 0.4694966
vt 0.53704953 0.4685396
vt 0.5422443 0.47476053
vt 0.5420424 0.473796
vt 0.47256994 0.51644015
vt 0.4432872 0.5246913
vt 0.44750655 0.52841437
vt 0.44263113 0.5230893
vt 0.44138032 0.52432805
vt 0.4425617 0.5250377
vt 0.4441626 0.5287744
vt 0.4401986 0.54018545
vt 0.44459784 0.54061097
vt 0.4409386 0.54558176
vt 0.44495916 0.54387814
vt 0.4382459 0.5385157
vt 0.43710834 0.5391939
vt 0.39818978 0.55631024
vt 0.39607427 0.5516083
vt 0.4241858 0.50877154
vt 0.4224919 0.5081189
vt 0.42187732 0.50282294
vt 0.42396462 0.5041049
vt 0.44278595 0.431773
vt 0.44333196 0.42940778
vt 0.4049257 0.47190338
vt 0.40370458 0.47111076
vt 0.445808 0.3814327
vt 0.44135076 0.38508505
vt 0.50920236 0.3486225
vt 0.40151846 0.43231124
vt 0.3245446 0.5671499
vt 0.30800182 0.55456597
vt 0.3224043 0.57076615
vt 0.32674122 0.56869864
vt 0.32392994 0.5719639
vt 0.30228987 0.5634823
vt 0.3214003 0.57459533
vt 0.32338008 0.5743908
vt 0.29791874 0.57438534
vt 0.3278064 0.5715527
vt 0.32643366 0.57437927
vt 0.34915423 0.5798382
vt 0.34825778 0.5772734
vt 0.34669232 0.57014537
vt 0.3486694 0.56797826
vt 0.34466267 0.5878083
vt 0.3821709 0.5696402
vt 0.3833944 0.5678736
vt 0.37660488 0.586952
vt 0.37883213 0.58531547
vt 0.37775943 0.5885412
vt 0.38018337 0.5855932
vt 0.38364282 0.5700363
vt 0.35762492 0.59914505
vt 0.35881504 0.60059226
vt 0.3562436 0.60081196
vt 0.34371006 0.5902972
vt 0.3948353 0.5515986
vt 0.39530087 0.5526747
vt 0.39867622 0.55656844
vt 0.3959533 0.5506617
vt 0.39670506 0.526545
vt 0.39540648 0.52639145
vt 0.40454763 0.47602528
vt 0.40317184 0.47563928
vt 0.38459826 0.56830186
vt 0.39224765 0.57256234
vt 0.39260167 0.57097167
vt 0.38800958 0.5901634
vt 0.3867286 0.59146404
vt 0.36549795 0.6057507
vt 0.35185826 0.6411162
vt 0.34973824 0.64073205
vt 0.3502499 0.64210784
vt 0.3380202 0.64510643
vt 0.33865017 0.6465715
vt 0.3125112 0.65578645
vt 0.31362736 0.6567187
vt 0.3128941 0.658844
vt 0.31042755 0.65797484
vt 0.28021854 0.75428647
vt 0.3409471 0.6626048
vt 0.3437152 0.6611353
vt 0.3639071 0.6654824
vt 0.36284918 0.66336787
vt 0.3652389 0.66561025
vt 0.36442107 0.6623608
vt 0.3598177 0.63871074
vt 0.37304527 0.66187066
vt 0.37353557 0.6628267
vt 0.35157374 0.85320187
vt 0.35917667 0.858834
vt 0.35017636 0.853155
vt 0.3260475 0.85313886
vt 0.29750776 0.8553661
vt 0.29576874 0.85692316
vt 0.29658854 0.85701644
vt 0.29815847 0.85621166
vt 0.32384172 0.8547896
vt 0.34852841 0.8546691
vt 0.35008714 0.8560195
vt 0.35163358 0.8640788
vt 0.33482006 0.8693727
vt 0.33667123 0.87013894
vt 0.33437014 0.87114835
vt 0.31899416 0.86456996
vt 0.31795514 0.8659807
vt 0.35561132 0.9779873
vt 0.36057293 0.9776299
vt 0.3453069 0.8735088
vt 0.37088346 0.9762336
vt 0.35114747 0.978937
vt 0.33024108 0.9648581
vt 0.33073157 0.98479044
vt 0.3056115 0.96592367
vt 0.30520767 0.9482558
vt 0.30464333 0.96520174
vt 0.30428112 0.9472251
vt 0.28030062 0.9464261
vt 0.27996218 0.92993194
vt 0.33846158 0.9922215
vt 0.27447218 0.8467169
vt 0.3717084 0.9751295
vt 0.3462508 0.8735608
vt 0.35221168 0.8645806
vt 0.3595793 0.8594896
vt 0.36012796 0.8589045
vt 0.37448645 0.6628981
vt 0.37377715 0.6614263
vt 0.36062914 0.6388445
vt 0.36611223 0.606701
vt 0.36707944 0.60539085
vt 0.38727757 0.5921885
vt 0.38883933 0.5904087
vt 0.39348733 0.57293993
vt 0.39366862 0.5712456
vt 0.3992015 0.5568438
vt 0.39607427 0.5516083
vt 0.39818978 0.55631024
vt 0.39867622 0.55656844
vt 0.39827478 0.556771
vt 0.3992015 0.5568438
vt 0.39818978 0.55631024
vt 0.3992015 0.5568438
vt 0.39867622 0.55656844
vt 0.39827478 0.556771
vt 0.4402268 0.5462387
vt 0.44091392 0.5461857
vt 0.44714987 0.54530334
vt 0.4458574 0.54462516
vt 0.4452082 0.5440421
vt 0.44755495 0.5296939
vt 0.47202778 0.5178966
vt 0.4732613 0.51746243
vt 0.5427077 0.47557878
vt 0.5429406 0.47427905
vt 0.44495916 0.54387814
vt 0.4452082 0.5440421
vt 0.44714987 0.54530334
vt 0.4441626 0.5287744
vt 0.44415236 0.5288571
vt 0.4452082 0.5440421
vt 0.44755495 0.5296939
vt 0.3462508 0.8735608
vt 0.3742789 0.9743356
vt 0.3717084 0.9751295
vt 0.34850022 0.8724406
vt 0.35221168 0.8645806
vt 0.34850022 0.8724406
vt 0.3462508 0.8735608
vt 0.35221168 0.8645806
vt 0.354031 0.8653866
vt 0.3595793 0.8594896
vt 0.3613691 0.8601136
vt 0.36012796 0.8589045
vt 0.36236838 0.8587365
vt 0.37448645 0.6628981
vt 0.37671906 0.66336995
vt 0.37377715 0.6614263
vt 0.37541705 0.6603035
vt 0.36062914 0.6388445
vt 0.36308256 0.639249
vt 0.36611223 0.606701
vt 0.36308256 0.639249
vt 0.36062914 0.6388445
vt 0.3688239 0.60717416
vt 0.36707944 0.60539085
vt 0.36933255 0.6066717
vt 0.38727757 0.5921885
vt 0.3883866 0.5939312
vt 0.38883933 0.5904087
vt 0.39047113 0.5917448
vt 0.39348733 0.57293993
vt 0.39562863 0.57322294
vt 0.39366862 0.5712456
vt 0.3953559 0.5718805
vt 0.3992015 0.5568438
vt 0.40080455 0.55705744
vt 0.39827478 0.556771
vt 0.40080455 0.55705744
vt 0.3992015 0.5568438
vt 0.39806706 0.55812496
vt 0.40080455 0.55705744
vt 0.4402268 0.5462387
vt 0.39806706 0.55812496
vt 0.39827478 0.556771
vt 0.4401526 0.54787105
vt 0.44091392 0.5461857
vt 0.4409728 0.5481562
vt 0.44714987 0.54530334
vt 0.44786966 0.5481998
vt 0.38258535 0.38047427
vt 0.43549675 0.21567065
vt 0.36241907 0.27609974
vt 0.45536673 0.32576305
vt 0.36021692 0.27942687
vt 0.3802584 0.3823256
vt 0.38205877 0.38498443
vt 0.4564364 0.32916468
vt 0.4576046 0.328476
vt 0.4617795 0.33757728
vt 0.46315107 0.33776122
vt 0.38680196 0.39228004
vt 0.3608283 0.40709478
vt 0.36640045 0.4114836
vt 0.35949215 0.40491766
vt 0.35820323 0.40734392
vt 0.36039332 0.40788573
vt 0.3645894 0.41409332
vt 0.353627 0.4409545
vt 0.35966688 0.4429878
vt 0.35319343 0.45220143
vt 0.35834742 0.4510767
vt 0.35120782 0.43645382
vt 0.34944835 0.43752134
vt 0.28798768 0.45089138
vt 0.28807026 0.4389943
vt 0.28653553 0.45022327
vt 0.2866756 0.43917352
vt 0.3359602 0.38269478
vt 0.33383995 0.3813014
vt 0.33364612 0.37391496
vt 0.33583498 0.3758102
vt 0.35805947 0.2772748
vt 0.3587209 0.27417058
vt 0.3177243 0.33035392
vt 0.3165747 0.329296
vt 0.36030293 0.20971054
vt 0.35588023 0.2149095
vt 0.42312258 0.16020554
vt 0.3185187 0.27983296
vt 0.22890763 0.43065536
vt 0.21604975 0.4143744
vt 0.2274401 0.43441886
vt 0.23045975 0.43267936
vt 0.22863057 0.43573236
vt 0.211635 0.42654842
vt 0.2268534 0.43838817
vt 0.22827145 0.43815476
vt 0.21009031 0.43905497
vt 0.23143394 0.4355526
vt 0.23047729 0.43814588
vt 0.24681814 0.4439667
vt 0.24642585 0.4418623
vt 0.24617185 0.43613845
vt 0.2478319 0.43475133
vt 0.24347451 0.45050222
vt 0.2680692 0.44374156
vt 0.26956213 0.4432742
vt 0.26172358 0.44987458
vt 0.26302725 0.449229
vt 0.26223606 0.45057356
vt 0.2634939 0.44922793
vt 0.26840693 0.4443875
vt 0.25237453 0.4593225
vt 0.2533111 0.4602608
vt 0.25153267 0.46101475
vt 0.24278662 0.45264715
vt 0.28695244 0.43690914
vt 0.28848132 0.43703407
vt 0.2997827 0.40104288
vt 0.29844826 0.40036786
vt 0.31696588 0.3357154
vt 0.3155043 0.33498073
vt 0.26969832 0.4440021
vt 0.26901418 0.44840443
vt 0.2699514 0.44917685
vt 0.26986998 0.45011163
vt 0.26894903 0.4486506
vt 0.26901418 0.44840443
vt 0.28639013 0.45119172
vt 0.28796542 0.45210868
vt 0.35202488 0.45316595
vt 0.35286862 0.45319873
vt 0.35796762 0.45365626
vt 0.35801274 0.45237106
vt 0.35876226 0.45165986
vt 0.3656292 0.4140951
vt 0.3667239 0.41298562
vt 0.3864882 0.3941552
vt 0.38738117 0.3936814
vt 0.4621397 0.3387366
vt 0.46295807 0.33877963
vt 0.26552522 0.44959885
vt 0.26542062 0.44937992
vt 0.26901418 0.44840443
vt 0.25826877 0.463587
vt 0.24968462 0.5027005
vt 0.24806978 0.5022238
vt 0.24841891 0.50361997
vt 0.23956884 0.5064416
vt 0.23997681 0.50785476
vt 0.22176573 0.5171079
vt 0.22248575 0.5180533
vt 0.22186127 0.52027506
vt 0.22035828 0.5192308
vt 0.20458731 0.53914577
vt 0.24107862 0.5231535
vt 0.24296567 0.521823
vt 0.25576746 0.5266782
vt 0.25519824 0.5250202
vt 0.25653398 0.52709216
vt 0.2562793 0.52444464
vt 0.25578308 0.50055194
vt 0.26173973 0.5267016
vt 0.2616397 0.5274679
vt 0.2620558 0.5274882
vt 0.2622999 0.52657044
vt 0.25640458 0.5007883
vt 0.2587887 0.46446097
vt 0.25897884 0.462888
vt 0.26579583 0.4496919
vt 0.26553333 0.4493608
vt 0.26901418 0.44840443
vt 0.2562506 0.52817684
vt 0.26051247 0.5303592
vt 0.25556958 0.52850217
vt 0.23905891 0.5317562
vt 0.21802154 0.5405852
vt 0.21689075 0.5423747
vt 0.21462923 0.67705476
vt 0.2019065 0.67143947
vt 0.20098525 0.7420266
vt 0.21720672 0.75796986
vt 0.20079625 0.7584039
vt 0.21815413 0.77465177
vt 0.21779698 0.7588594
vt 0.21871221 0.77516025
vt 0.23296213 0.77243096
vt 0.23432827 0.78897226
vt 0.24436963 0.7824774
vt 0.2400896 0.7939111
vt 0.24334586 0.7216703
vt 0.22935027 0.70072746
vt 0.24659586 0.7812971
vt 0.24504775 0.7218072
vt 0.24884921 0.7807068
vt 0.25050688 0.71983397
vt 0.25300127 0.7800589
vt 0.2157287 0.6800122
vt 0.21601582 0.6762951
vt 0.21688354 0.67881095
vt 0.22935027 0.70072746
vt 0.2308256 0.6989267
vt 0.21823534 0.54340166
vt 0.21689075 0.5423747
vt 0.26901418 0.44840443
vt 0.26553333 0.4493608
vt 0.26894903 0.4486506
vt 0.21802154 0.5405852
vt 0.21689075 0.5423747
vt 0.21823534 0.54340166
vt 0.2622999 0.52657044
vt 0.26296508 0.527383
vt 0.26361346 0.52624243
vt 0.2620558 0.5274882
vt 0.25640458 0.5007883
vt 0.25838864 0.50154525
vt 0.2587887 0.46446097
vt 0.25838864 0.50154525
vt 0.2609607 0.46430534
vt 0.25640458 0.5007883
vt 0.25897884 0.462888
vt 0.26037943 0.46259952
vt 0.26579583 0.4496919
vt 0.26642662 0.44992828
vt 0.26553333 0.4493608
vt 0.26553333 0.4493608
vt 0.26561415 0.4493441
vt 0.26894903 0.4486506
vt 0.26561415 0.4493441
vt 0.26883686 0.44885027
vt 0.26553333 0.4493608
vt 0.26561415 0.4493441
vt 0.26986998 0.45011163
vt 0.26883686 0.44885027
vt 0.26941288 0.45185697
vt 0.26894903 0.4486506
vt 0.28639013 0.45119172
vt 0.28634766 0.45350868
vt 0.28796542 0.45210868
vt 0.28741682 0.45549434
vt 0.35202488 0.45316595
vt 0.35170135 0.45655125
vt 0.35286862 0.45319873
vt 0.35225973 0.45629358
vt 0.35796762 0.45365626
vt 0.35776302 0.45722616
vt 0.24334586 0.7216703
vt 0.24504775 0.7218072
vt 0.24446547 0.7197019
vt 0.24504775 0.7218072
vt 0.2501226 0.7167129
vt 0.24446547 0.7197019
vt 0.25050688 0.71983397
vt 0.24334586 0.7216703
vt 0.2308256 0.6989267
vt 0.22935027 0.70072746
vt 0.24446547 0.7197019
vt 0.21802154 0.5405852
vt 0.21823534 0.54340166
vt 0.21956134 0.54121786
vt 0.21802154 0.5405852
vt 0.23933646 0.53363967
vt 0.23905891 0.5317562
vt 0.21956134 0.54121786
vt 0.23905891 0.5317562
vt 0.25583377 0.5294346
vt 0.25556958 0.52850217
vt 0.23933646 0.53363967
vt 0.25556958 0.52850217
vt 0.25583377 0.5294346
vt 0.2562506 0.52817684
vt 0.26051247 0.5303592
vt 0.25583377 0.5294346
vt 0.25955042 0.5313483
vt 0.2562506 0.52817684
vt 0.25955042 0.5313483
vt 0.23933646 0.53363967
vt 0.24048302 0.5382898
vt 0.25583377 0.5294346
vt 0.21956134 0.54121786
vt 0.22392085 0.543358
vt 0.22392085 0.543358
vt 0.21823534 0.54340166
vt 0.22277 0.54379374
vt 0.21956134 0.54121786
vt 0.22277 0.54379374
vt 0.21601582 0.6762951
vt 0.22051358 0.67485464
vt 0.21823534 0.54340166
vt 0.22051358 0.67485464
vt 0.21688354 0.67881095
vt 0.22135317 0.67561746
vt 0.21601582 0.6762951
vt 0.22135317 0.67561746
vt 0.2308256 0.6989267
vt 0.23592609 0.69429505
vt 0.21688354 0.67881095
vt 0.24446547 0.7197019
vt 0.2501226 0.7167129
vt 0.2620558 0.5274882
vt 0.26051247 0.5303592
vt 0.26082224 0.53071564
vt 0.2616397 0.5274679
vt 0.26051247 0.5303592
vt 0.25973836 0.5320348
vt 0.26082224 0.53071564
vt 0.25955042 0.5313483
vt 0.25955042 0.5313483
vt 0.24067762 0.5393624
vt 0.25973836 0.5320348
vt 0.24048302 0.5382898
vt 0.24048302 0.5382898
vt 0.22418186 0.54434377
vt 0.24067762 0.5393624
vt 0.22392085 0.543358
vt 0.22392085 0.543358
vt 0.22352281 0.5438581
vt 0.22418186 0.54434377
vt 0.22277 0.54379374
vt 0.22352281 0.5438581
vt 0.22277 0.54379374
vt 0.22051358 0.67485464
vt 0.22126865 0.6748326
vt 0.22352281 0.5438581
vt 0.22126865 0.6748326
vt 0.22135317 0.67561746
vt 0.22200274 0.67480135
vt 0.22126865 0.6748326
vt 0.22051358 0.67485464
vt 0.22200274 0.67480135
vt 0.23592609 0.69429505
vt 0.23667085 0.6933255
vt 0.22135317 0.67561746
vt 0.23667085 0.6933255
vt 0.2501226 0.7167129
vt 0.2508278 0.7162033
vt 0.23592609 0.69429505
vt 0.2501226 0.7167129
vt 0.2512049 0.7197845
vt 0.2508278 0.7162033
vt 0.25050688 0.71983397
vt 0.25050688 0.71983397
vt 0.25371182 0.7799376
vt 0.2512049 0.7197845
vt 0.25300127 0.7800589
vt 0.25371182 0.7799376
vt 0.25300127 0.7800589
vt 0.2529952 0.7799822
vt 0.25300127 0.7800589
vt 0.24926257 0.78076226
vt 0.2529952 0.7799822
vt 0.25300127 0.7800589
vt 0.24884921 0.7807068
vt 0.24926257 0.78076226
vt 0.24884921 0.7807068
vt 0.24684358 0.7829208
vt 0.24926257 0.78076226
vt 0.24884921 0.7807068
vt 0.24659586 0.7812971
vt 0.24684358 0.7829208
vt 0.24659586 0.7812971
vt 0.24521357 0.7836163
vt 0.24684358 0.7829208
vt 0.24436963 0.7824774
vt 0.24436963 0.7824774
vt 0.24097937 0.7949785
vt 0.24521357 0.7836163
vt 0.2400896 0.7939111
vt 0.24097937 0.7949785
vt 0.2400896 0.7939111
vt 0.23888254 0.79441833
vt 0.2400896 0.7939111
vt 0.23376179 0.79010904
vt 0.23888254 0.79441833
vt 0.23432827 0.78897226
vt 0.23432827 0.78897226
vt 0.21779704 0.7766751
vt 0.23376179 0.79010904
vt 0.21871221 0.77516025
vt 0.21871221 0.77516025
vt 0.21815413 0.77465177
vt 0.21779704 0.7766751
vt 0.20020431 0.7606884
vt 0.20079625 0.7584039
vt 0.2620558 0.5274882
vt 0.2617578 0.53069407
vt 0.26296508 0.527383
vt 0.26082224 0.53071564
vt 0.26038587 0.53319913
vt 0.25973836 0.5320348
vt 0.24130097 0.5406108
vt 0.24067762 0.5393624
vt 0.2243093 0.54562443
vt 0.22418186 0.54434377
vt 0.22352281 0.5438581
vt 0.22449008 0.54371184
vt 0.22418186 0.54434377
vt 0.2243093 0.54562443
vt 0.22352281 0.5438581
vt 0.22225332 0.6750188
vt 0.22449008 0.54371184
vt 0.22126865 0.6748326
vt 0.22126865 0.6748326
vt 0.22264498 0.67348003
vt 0.22225332 0.6750188
vt 0.22126865 0.6748326
vt 0.22200274 0.67480135
vt 0.22264498 0.67348003
vt 0.23765987 0.692132
vt 0.23667085 0.6933255
vt 0.25182706 0.7151221
vt 0.2508278 0.7162033
vt 0.2522961 0.71997446
vt 0.2512049 0.7197845
vt 0.25449812 0.77937764
vt 0.25371182 0.7799376
vt 0.25371182 0.7799376
vt 0.25385725 0.7798351
vt 0.25449812 0.77937764
vt 0.25371182 0.7799376
vt 0.2529952 0.7799822
vt 0.25385725 0.7798351
vt 0.2529952 0.7799822
vt 0.25052112 0.78014165
vt 0.25385725 0.7798351
vt 0.24926257 0.78076226

g Slingshot_InteriorDetail1
s 1
usemtl Slingshot_InteriorDetail1_0
f 3/3/3 2/2/2 1/1/1 
f 2/2/2 4/4/4 1/1/1 
f 3/3/3 5/5/5 2/2/2 
f 5/5/5 6/6/6 2/2/2 
f 9/9/9 8/8/8 7/7/7 
f 8/8/8 10/10/10 7/7/7 
f 9/9/9 11/11/11 8/8/8 
f 11/11/11 12/12/12 8/8/8 
f 15/15/15 14/14/14 13/13/13 
f 14/14/14 16/16/16 13/13/13 
f 17/17/17 14/14/14 15/15/15 
f 18/18/18 17/17/17 15/15/15 
f 21/21/21 20/20/20 19/19/19 
f 20/20/20 22/22/22 19/19/19 
f 25/25/25 24/24/24 23/23/23 
f 24/24/24 26/26/26 23/23/23 
f 29/29/29 28/28/28 27/27/27 
f 28/28/28 30/30/30 27/27/27 
f 33/33/33 32/32/32 31/31/31 
f 32/32/32 34/34/34 31/31/31 
f 37/37/37 36/36/36 35/35/35 
f 36/36/36 38/38/38 35/35/35 
f 41/41/41 40/40/40 39/39/39 
f 44/44/44 43/43/43 42/42/42 
f 43/43/43 45/45/45 42/42/42 
f 48/48/48 47/47/47 46/46/46 
f 51/51/51 50/50/50 49/49/49 
f 50/50/50 52/52/52 49/49/49 
f 55/55/55 54/54/54 53/53/53 
f 58/58/58 57/57/57 56/56/56 
f 61/61/61 60/60/60 59/59/59 
f 60/60/60 62/62/62 59/59/59 
f 65/65/65 64/64/64 63/63/63 
f 64/64/64 66/66/66 63/63/63 
f 69/69/69 68/68/68 67/67/67 
f 68/68/68 70/70/70 67/67/67 
f 73/73/73 72/72/72 71/71/71 
f 72/72/72 74/74/74 71/71/71 
f 77/77/77 76/76/76 75/75/75 
f 76/76/76 78/78/78 75/75/75 
f 81/81/81 80/80/80 79/79/79 
f 80/80/80 82/82/82 79/79/79 
f 85/85/85 84/84/84 83/83/83 
f 84/84/84 86/86/86 83/83/83 
f 89/89/89 88/88/88 87/87/87 
f 88/88/88 90/90/90 87/87/87 
f 93/93/93 92/92/92 91/91/91 
f 93/93/93 91/91/91 94/94/94 
f 95/95/95 93/93/93 94/94/94 
f 96/96/96 95/95/95 94/94/94 
f 99/99/99 98/98/98 97/97/97 
f 102/102/102 101/101/101 100/100/100 
f 105/105/105 104/104/104 103/103/103 
f 104/104/104 106/106/106 103/103/103 
f 109/109/109 108/108/108 107/107/107 
f 108/108/108 110/110/110 107/107/107 
f 113/113/113 112/112/112 111/111/111 
f 112/112/112 114/114/114 111/111/111 
f 117/117/117 116/116/116 115/115/115 
f 116/116/116 119/119/119 118/118/118 
f 122/122/122 121/121/121 120/120/120 
f 121/121/121 123/123/123 120/120/120 
f 126/126/126 125/125/125 124/124/124 
f 125/125/125 127/127/127 124/124/124 
f 128/128/128 126/126/126 124/124/124 
f 131/131/131 130/130/130 129/129/129 
f 130/130/130 132/132/132 129/129/129 
f 135/135/135 134/134/134 133/133/133 
f 134/134/134 136/136/136 133/133/133 
f 139/139/139 138/138/138 137/137/137 
f 138/138/138 140/140/140 137/137/137 
f 143/143/143 142/142/142 141/141/141 
f 142/142/142 144/144/144 141/141/141 
f 147/147/147 146/146/146 145/145/145 
f 146/146/146 148/148/148 145/145/145 
f 151/151/151 150/150/150 149/149/149 
f 150/150/150 152/152/152 149/149/149 
f 153/153/153 150/150/150 151/151/151 
f 154/154/154 153/153/153 151/151/151 
f 155/155/155 154/154/154 151/151/151 
f 158/158/158 157/157/157 156/156/156 
f 157/157/157 159/159/159 156/156/156 
f 162/162/162 161/161/161 160/160/160 
f 161/161/161 163/163/163 160/160/160 
f 166/166/166 165/165/165 164/164/164 
f 165/165/165 167/167/167 164/164/164 
f 166/166/166 164/164/164 168/168/168 
f 169/169/169 166/166/166 168/168/168 
f 171/171/171 169/169/169 170/170/170 
f 169/169/169 172/172/172 170/170/170 
f 175/175/175 174/174/174 173/173/173 
f 174/174/174 176/176/176 173/173/173 
f 179/179/179 178/178/178 177/177/177 
f 178/178/178 180/180/180 177/177/177 
f 183/183/183 182/182/182 181/181/181 
f 182/182/182 184/184/184 181/181/181 
f 182/182/182 185/185/185 184/184/184 
f 185/185/185 186/186/186 184/184/184 
f 186/186/186 187/187/187 184/184/184 
f 190/190/190 189/189/189 188/188/188 
f 189/189/189 191/191/191 188/188/188 
f 194/194/194 193/193/193 192/192/192 
f 193/193/193 195/195/195 192/192/192 
f 198/198/198 197/197/197 196/196/196 
f 197/197/197 199/199/199 196/196/196 
f 196/196/196 199/199/199 200/200/200 
f 199/199/199 201/201/201 200/200/200 
f 203/203/203 201/201/201 202/202/202 
f 201/201/201 204/204/204 202/202/202 
f 207/207/207 206/206/206 205/205/205 
f 206/206/206 208/208/208 205/205/205 
f 211/211/211 210/210/210 209/209/209 
f 210/210/210 212/212/212 209/209/209 
f 215/215/215 214/214/214 213/213/213 
f 214/214/214 216/216/216 213/213/213 
f 214/214/214 217/217/217 216/216/216 
f 214/214/214 218/218/218 217/217/217 
f 218/218/218 219/219/219 217/217/217 
f 217/217/217 220/220/220 216/216/216 
f 220/220/220 221/221/221 216/216/216 
f 224/224/224 223/223/223 222/222/222 
f 223/223/223 225/225/225 222/222/222 
f 228/228/228 227/227/227 226/226/226 
f 227/227/227 229/229/229 226/226/226 
f 232/232/232 231/231/231 230/230/230 
f 231/231/231 233/233/233 230/230/230 
f 236/236/236 235/235/235 234/234/234 
f 235/235/235 237/237/237 234/234/234 
f 240/240/240 239/239/239 238/238/238 
f 239/239/239 241/241/241 238/238/238 
f 244/244/244 243/243/243 242/242/242 
f 243/243/243 246/246/246 245/245/245 
f 249/249/249 248/248/248 247/247/247 
f 252/252/252 251/251/251 250/250/250 
f 251/251/251 253/253/253 250/250/250 
f 256/256/256 255/255/255 254/254/254 
f 258/258/258 257/257/257 254/254/254 
f 261/261/261 260/260/260 259/259/259 
f 264/264/264 263/263/263 262/262/262 
f 263/263/263 265/265/265 262/262/262 
f 265/265/265 263/263/263 266/266/266 
f 264/264/264 262/262/262 267/267/267 
f 267/267/267 262/262/262 268/268/268 
f 268/268/268 262/262/262 269/269/269 
f 265/265/265 266/266/266 270/270/270 
f 265/265/265 270/270/270 271/271/271 
f 265/265/265 271/271/271 272/272/272 
f 273/273/273 265/265/265 272/272/272 
f 269/269/269 262/262/262 274/274/274 
f 275/275/275 269/269/269 274/274/274 
f 276/276/276 269/269/269 275/275/275 
f 277/277/277 276/276/276 275/275/275 
f 278/278/278 276/276/276 277/277/277 
f 279/279/279 277/277/277 275/275/275 
f 280/280/280 279/279/279 275/275/275 
f 281/281/281 277/277/277 279/279/279 
f 282/282/282 277/277/277 281/281/281 
f 283/283/283 282/282/282 281/281/281 
f 272/272/272 271/271/271 284/284/284 
f 284/284/284 276/276/276 285/285/285 
f 286/286/286 284/284/284 285/285/285 
f 287/287/287 284/284/284 286/286/286 
f 288/288/288 285/285/285 276/276/276 
f 288/288/288 276/276/276 278/278/278 
f 289/289/289 284/284/284 287/287/287 
f 289/289/289 272/272/272 284/284/284 
f 289/289/289 287/287/287 290/290/290 
f 289/289/289 290/290/290 291/291/291 
f 291/291/291 290/290/290 292/292/292 
f 291/291/291 293/293/293 289/289/289 
f 291/291/291 292/292/292 294/294/294 
f 295/295/295 291/291/291 294/294/294 
f 294/294/294 296/296/296 295/295/295 
f 297/297/297 295/295/295 296/296/296 
f 296/296/296 288/288/288 297/297/297 
f 288/288/288 278/278/278 297/297/297 
f 295/295/295 297/297/297 298/298/298 
f 295/295/295 298/298/298 299/299/299 
f 300/300/300 295/295/295 299/299/299 
f 298/298/298 301/301/301 299/299/299 
f 301/301/301 302/302/302 299/299/299 
f 302/302/302 301/301/301 280/280/280 
f 301/301/301 279/279/279 280/280/280 
f 279/279/279 301/301/301 303/303/303 
f 298/298/298 303/303/303 301/301/301 
f 303/303/303 304/304/304 279/279/279 
f 304/304/304 305/305/305 279/279/279 
f 305/305/305 281/281/281 279/279/279 
f 298/298/298 306/306/306 303/303/303 
f 306/306/306 307/307/307 303/303/303 
f 307/307/307 306/306/306 283/283/283 
f 306/306/306 282/282/282 283/283/283 
f 300/300/300 299/299/299 308/308/308 
f 309/309/309 300/300/300 308/308/308 
f 309/309/309 310/310/310 300/300/300 
f 309/309/309 311/311/311 310/310/310 
f 309/309/309 312/312/312 311/311/311 
f 313/313/313 312/312/312 309/309/309 
f 314/314/314 313/313/313 309/309/309 
f 313/313/313 314/314/314 315/315/315 
f 315/315/315 314/314/314 316/316/316 
f 316/316/316 314/314/314 317/317/317 
f 317/317/317 314/314/314 318/318/318 
f 314/314/314 319/319/319 318/318/318 
f 317/317/317 318/318/318 291/291/291 
f 318/318/318 293/293/293 291/291/291 
f 322/322/322 321/321/321 320/320/320 
f 321/321/321 323/323/323 320/320/320 
f 321/321/321 324/324/324 323/323/323 
f 324/324/324 325/325/325 323/323/323 
f 324/324/324 326/326/326 325/325/325 
f 326/326/326 327/327/327 325/325/325 
f 320/320/320 328/328/328 322/322/322 
f 328/328/328 329/329/329 322/322/322 
f 330/330/330 329/329/329 328/328/328 
f 331/331/331 330/330/330 328/328/328 
f 332/332/332 330/330/330 331/331/331 
f 333/333/333 332/332/332 331/331/331 
f 334/334/334 332/332/332 333/333/333 
f 335/335/335 334/334/334 333/333/333 
f 334/334/334 335/335/335 326/326/326 
f 335/335/335 327/327/327 326/326/326 
f 338/338/338 337/337/337 336/336/336 
f 337/337/337 339/339/339 336/336/336 
f 337/337/337 340/340/340 339/339/339 
f 340/340/340 341/341/341 339/339/339 
f 338/338/338 336/336/336 342/342/342 
f 336/336/336 343/343/343 342/342/342 
f 344/344/344 342/342/342 343/343/343 
f 345/345/345 344/344/344 343/343/343 
f 346/346/346 344/344/344 345/345/345 
f 347/347/347 346/346/346 345/345/345 
f 349/349/349 348/348/348 341/341/341 
f 348/348/348 350/350/350 341/341/341 
f 351/351/351 350/350/350 348/348/348 
f 351/351/351 352/352/352 347/347/347 
f 352/352/352 351/351/351 348/348/348 
f 352/352/352 353/353/353 347/347/347 
f 356/356/356 355/355/355 354/354/354 
f 355/355/355 357/357/357 354/354/354 
f 355/355/355 358/358/358 357/357/357 
f 358/358/358 359/359/359 357/357/357 
f 356/356/356 354/354/354 360/360/360 
f 361/361/361 356/356/356 360/360/360 
f 361/361/361 360/360/360 362/362/362 
f 363/363/363 361/361/361 362/362/362 
f 363/363/363 362/362/362 364/364/364 
f 365/365/365 363/363/363 364/364/364 
f 358/358/358 366/366/366 359/359/359 
f 366/366/366 367/367/367 359/359/359 
f 365/365/365 364/364/364 368/368/368 
f 364/364/364 369/369/369 368/368/368 
f 369/369/369 370/370/370 368/368/368 
f 370/370/370 371/371/371 368/368/368 
f 372/372/372 367/367/367 366/366/366 
f 373/373/373 372/372/372 366/366/366 
f 372/372/372 373/373/373 374/374/374 
f 373/373/373 375/375/375 374/374/374 
f 374/374/374 375/375/375 376/376/376 
f 375/375/375 377/377/377 376/376/376 
f 376/376/376 377/377/377 378/378/378 
f 377/377/377 379/379/379 378/378/378 
f 378/378/378 379/379/379 380/380/380 
f 379/379/379 381/381/381 380/380/380 
f 380/380/380 381/381/381 382/382/382 
f 381/381/381 383/383/383 382/382/382 
f 382/382/382 383/383/383 384/384/384 
f 370/370/370 384/384/384 371/371/371 
f 383/383/383 385/385/385 384/384/384 
f 384/384/384 385/385/385 371/371/371 
f 388/388/388 387/387/387 386/386/386 
f 387/387/387 389/389/389 386/386/386 
f 387/387/387 390/390/390 389/389/389 
f 390/390/390 391/391/391 389/389/389 
f 388/388/388 386/386/386 392/392/392 
f 393/393/393 388/388/388 392/392/392 
f 393/393/393 392/392/392 394/394/394 
f 395/395/395 393/393/393 394/394/394 
f 395/395/395 394/394/394 396/396/396 
f 397/397/397 395/395/395 396/396/396 
f 390/390/390 398/398/398 391/391/391 
f 398/398/398 399/399/399 391/391/391 
f 397/397/397 396/396/396 400/400/400 
f 396/396/396 401/401/401 400/400/400 
f 400/400/400 401/401/401 402/402/402 
f 401/401/401 403/403/403 402/402/402 
f 404/404/404 399/399/399 398/398/398 
f 405/405/405 404/404/404 398/398/398 
f 404/404/404 405/405/405 406/406/406 
f 405/405/405 407/407/407 406/406/406 
f 406/406/406 407/407/407 408/408/408 
f 407/407/407 409/409/409 408/408/408 
f 408/408/408 409/409/409 410/410/410 
f 409/409/409 411/411/411 410/410/410 
f 410/410/410 411/411/411 412/412/412 
f 411/411/411 413/413/413 412/412/412 
f 412/412/412 413/413/413 414/414/414 
f 413/413/413 415/415/415 414/414/414 
f 414/414/414 415/415/415 416/416/416 
f 403/403/403 416/416/416 402/402/402 
f 415/415/415 417/417/417 416/416/416 
f 416/416/416 417/417/417 402/402/402 
f 420/420/420 419/419/419 418/418/418 
f 418/418/418 421/421/421 420/420/420 
f 421/421/421 422/422/422 420/420/420 
f 422/422/422 423/423/423 420/420/420 
f 422/422/422 424/424/424 423/423/423 
f 422/422/422 425/425/425 424/424/424 
f 425/425/425 426/426/426 424/424/424 
f 426/426/426 427/427/427 424/424/424 
f 430/430/430 429/429/429 428/428/428 
f 429/429/429 431/431/431 428/428/428 
f 429/429/429 432/432/432 431/431/431 
f 432/432/432 433/433/433 431/431/431 
f 432/432/432 434/434/434 433/433/433 
f 434/434/434 435/435/435 433/433/433 
f 434/434/434 436/436/436 435/435/435 
f 436/436/436 437/437/437 435/435/435 
f 436/436/436 438/438/438 437/437/437 
f 438/438/438 439/439/439 437/437/437 
f 438/438/438 440/440/440 439/439/439 
f 440/440/440 441/441/441 439/439/439 
f 440/440/440 442/442/442 441/441/441 
f 442/442/442 443/443/443 441/441/441 
f 442/442/442 444/444/444 443/443/443 
f 444/444/444 445/445/445 443/443/443 
f 444/444/444 446/446/446 445/445/445 
f 446/446/446 447/447/447 445/445/445 
f 446/446/446 430/430/430 447/447/447 
f 430/430/430 428/428/428 447/447/447 
f 450/450/450 449/449/449 448/448/448 
f 449/449/449 451/451/451 448/448/448 
f 449/449/449 452/452/452 451/451/451 
f 452/452/452 453/453/453 451/451/451 
f 452/452/452 454/454/454 453/453/453 
f 454/454/454 455/455/455 453/453/453 
f 454/454/454 456/456/456 455/455/455 
f 456/456/456 457/457/457 455/455/455 
f 459/459/459 458/458/458 457/457/457 
f 458/458/458 460/460/460 457/457/457 
f 462/462/462 461/461/461 460/460/460 
f 461/461/461 463/463/463 460/460/460 
f 461/461/461 464/464/464 463/463/463 
f 464/464/464 465/465/465 463/463/463 
f 464/464/464 466/466/466 465/465/465 
f 466/466/466 467/467/467 465/465/465 
f 466/466/466 468/468/468 467/467/467 
f 468/468/468 469/469/469 467/467/467 
f 471/471/471 470/470/470 469/469/469 
f 470/470/470 448/448/448 469/469/469 
f 474/474/474 473/473/473 472/472/472 
f 472/472/472 475/475/475 474/474/474 
f 475/475/475 476/476/476 474/474/474 
f 475/475/475 477/477/477 476/476/476 
f 477/477/477 478/478/478 476/476/476 
f 478/478/478 479/479/479 476/476/476 
f 478/478/478 480/480/480 479/479/479 
f 478/478/478 481/481/481 480/480/480 
f 484/484/484 483/483/483 482/482/482 
f 483/483/483 485/485/485 482/482/482 
f 486/486/486 483/483/483 484/484/484 
f 487/487/487 486/486/486 484/484/484 
f 488/488/488 486/486/486 487/487/487 
f 489/489/489 488/488/488 487/487/487 
f 490/490/490 488/488/488 489/489/489 
f 491/491/491 490/490/490 489/489/489 
f 492/492/492 490/490/490 491/491/491 
f 493/493/493 492/492/492 491/491/491 
f 494/494/494 492/492/492 493/493/493 
f 495/495/495 494/494/494 493/493/493 
f 496/496/496 494/494/494 495/495/495 
f 497/497/497 496/496/496 495/495/495 
f 498/498/498 496/496/496 497/497/497 
f 499/499/499 498/498/498 497/497/497 
f 500/500/500 498/498/498 499/499/499 
f 501/501/501 500/500/500 499/499/499 
f 485/485/485 500/500/500 501/501/501 
f 482/482/482 485/485/485 501/501/501 
f 504/504/504 503/503/503 502/502/502 
f 503/503/503 505/505/505 502/502/502 
f 506/506/506 503/503/503 504/504/504 
f 507/507/507 506/506/506 504/504/504 
f 508/508/508 506/506/506 507/507/507 
f 509/509/509 508/508/508 507/507/507 
f 510/510/510 508/508/508 509/509/509 
f 511/511/511 510/510/510 509/509/509 
f 513/513/513 512/512/512 511/511/511 
f 512/512/512 514/514/514 511/511/511 
f 516/516/516 515/515/515 513/513/513 
f 515/515/515 517/517/517 513/513/513 
f 518/518/518 515/515/515 516/516/516 
f 519/519/519 518/518/518 516/516/516 
f 520/520/520 518/518/518 519/519/519 
f 521/521/521 520/520/520 519/519/519 
f 522/522/522 520/520/520 521/521/521 
f 523/523/523 522/522/522 521/521/521 
f 502/502/502 524/524/524 523/523/523 
f 524/524/524 525/525/525 523/523/523 
f 528/528/528 527/527/527 526/526/526 
f 530/530/530 529/529/529 526/526/526 
f 533/533/533 532/532/532 531/531/531 
f 532/532/532 534/534/534 531/531/531 
f 537/537/537 536/536/536 535/535/535 
f 536/536/536 539/539/539 538/538/538 
f 542/542/542 541/541/541 540/540/540 
f 543/543/543 541/541/541 542/542/542 
f 544/544/544 541/541/541 543/543/543 
f 545/545/545 541/541/541 544/544/544 
f 546/546/546 541/541/541 545/545/545 
f 547/547/547 541/541/541 546/546/546 
f 548/548/548 541/541/541 547/547/547 
f 549/549/549 541/541/541 548/548/548 
f 550/550/550 541/541/541 549/549/549 
f 551/551/551 541/541/541 550/550/550 
f 552/552/552 541/541/541 551/551/551 
f 553/553/553 541/541/541 552/552/552 
f 554/554/554 541/541/541 553/553/553 
f 555/555/555 541/541/541 554/554/554 
f 556/556/556 541/541/541 555/555/555 
f 557/557/557 541/541/541 556/556/556 
f 558/558/558 541/541/541 557/557/557 
f 540/540/540 541/541/541 558/558/558 
f 561/561/561 560/560/560 559/559/559 
f 562/562/562 560/560/560 561/561/561 
f 563/563/563 560/560/560 562/562/562 
f 564/564/564 560/560/560 563/563/563 
f 565/565/565 560/560/560 564/564/564 
f 566/566/566 560/560/560 565/565/565 
f 567/567/567 560/560/560 566/566/566 
f 568/568/568 560/560/560 567/567/567 
f 569/569/569 560/560/560 568/568/568 
f 570/570/570 560/560/560 569/569/569 
f 571/571/571 560/560/560 570/570/570 
f 572/572/572 560/560/560 571/571/571 
f 573/573/573 560/560/560 572/572/572 
f 574/574/574 560/560/560 573/573/573 
f 575/575/575 560/560/560 574/574/574 
f 576/576/576 560/560/560 575/575/575 
f 577/577/577 560/560/560 576/576/576 
f 559/559/559 560/560/560 577/577/577 
f 580/580/580 579/579/579 578/578/578 
f 579/579/579 581/581/581 578/578/578 
f 579/579/579 582/582/582 581/581/581 
f 582/582/582 583/583/583 581/581/581 
f 586/586/586 585/585/585 584/584/584 
f 585/585/585 587/587/587 584/584/584 
f 588/588/588 585/585/585 586/586/586 
f 589/589/589 588/588/588 586/586/586 
f 584/584/584 587/587/587 590/590/590 
f 587/587/587 591/591/591 590/590/590 
f 594/594/594 593/593/593 592/592/592 
f 593/593/593 595/595/595 592/592/592 
f 594/594/594 592/592/592 596/596/596 
f 592/592/592 597/597/597 596/596/596 
f 600/600/600 599/599/599 598/598/598 
f 599/599/599 601/601/601 598/598/598 
f 600/600/600 602/602/602 599/599/599 
f 602/602/602 603/603/603 599/599/599 
f 606/606/606 605/605/605 604/604/604 
f 604/604/604 607/607/607 606/606/606 
f 607/607/607 608/608/608 606/606/606 
f 607/607/607 609/609/609 608/608/608 
f 609/609/609 610/610/610 608/608/608 
f 610/610/610 611/611/611 608/608/608 
f 614/614/614 613/613/613 612/612/612 
f 613/613/613 615/615/615 612/612/612 
f 612/612/612 615/615/615 616/616/616 
f 615/615/615 617/617/617 616/616/616 
f 620/620/620 619/619/619 618/618/618 
f 619/619/619 621/621/621 618/618/618 
f 618/618/618 621/621/621 622/622/622 
f 621/621/621 624/624/624 623/623/623 
f 627/627/627 626/626/626 625/625/625 
f 626/626/626 628/628/628 625/625/625 
f 629/629/629 626/626/626 627/627/627 
f 630/630/630 629/629/629 627/627/627 
f 631/631/631 629/629/629 630/630/630 
f 632/632/632 631/631/631 630/630/630 
f 633/633/633 631/631/631 632/632/632 
f 634/634/634 633/633/633 632/632/632 
f 637/637/637 636/636/636 635/635/635 
f 636/636/636 638/638/638 635/635/635 
f 641/641/641 640/640/640 639/639/639 
f 640/640/640 642/642/642 639/639/639 
f 645/645/645 644/644/644 643/643/643 
f 644/644/644 646/646/646 643/643/643 
f 649/649/649 648/648/648 647/647/647 
f 648/648/648 650/650/650 647/647/647 
f 653/653/653 652/652/652 651/651/651 
f 652/652/652 654/654/654 651/651/651 
f 657/657/657 656/656/656 655/655/655 
f 656/656/656 658/658/658 655/655/655 
f 661/661/661 660/660/660 659/659/659 
f 660/660/660 662/662/662 659/659/659 
f 665/665/665 664/664/664 663/663/663 
f 664/664/664 667/667/667 666/666/666 
f 670/670/670 669/669/669 668/668/668 
f 669/669/669 671/671/671 668/668/668 
f 674/674/674 673/673/673 672/672/672 
f 673/673/673 675/675/675 672/672/672 
f 678/678/678 677/677/677 676/676/676 
f 677/677/677 679/679/679 676/676/676 
f 682/682/682 681/681/681 680/680/680 
f 684/684/684 683/683/683 680/680/680 
f 687/687/687 686/686/686 685/685/685 
f 686/686/686 688/688/688 685/685/685 
f 686/686/686 689/689/689 688/688/688 
f 689/689/689 690/690/690 688/688/688 
f 689/689/689 691/691/691 690/690/690 
f 691/691/691 692/692/692 690/690/690 
f 693/693/693 688/688/688 690/690/690 
f 694/694/694 693/693/693 690/690/690 
f 694/694/694 690/690/690 692/692/692 
f 695/695/695 694/694/694 692/692/692 
f 693/693/693 696/696/696 688/688/688 
f 696/696/696 685/685/685 688/688/688 
f 687/687/687 685/685/685 697/697/697 
f 698/698/698 687/687/687 697/697/697 
f 698/698/698 697/697/697 699/699/699 
f 700/700/700 698/698/698 699/699/699 
f 700/700/700 699/699/699 701/701/701 
f 702/702/702 700/700/700 701/701/701 
f 703/703/703 699/699/699 697/697/697 
f 704/704/704 703/703/703 697/697/697 
f 703/703/703 705/705/705 699/699/699 
f 705/705/705 701/701/701 699/699/699 
f 706/706/706 701/701/701 705/705/705 
f 704/704/704 697/697/697 685/685/685 
f 702/702/702 701/701/701 707/707/707 
f 708/708/708 702/702/702 707/707/707 
f 708/708/708 707/707/707 709/709/709 
f 710/710/710 708/708/708 709/709/709 
f 711/711/711 709/709/709 707/707/707 
f 712/712/712 711/711/711 707/707/707 
f 706/706/706 712/712/712 701/701/701 
f 712/712/712 707/707/707 701/701/701 
f 710/710/710 709/709/709 713/713/713 
f 714/714/714 710/710/710 713/713/713 
f 714/714/714 713/713/713 715/715/715 
f 716/716/716 714/714/714 715/715/715 
f 716/716/716 715/715/715 717/717/717 
f 718/718/718 716/716/716 717/717/717 
f 718/718/718 717/717/717 719/719/719 
f 720/720/720 718/718/718 719/719/719 
f 721/721/721 719/719/719 717/717/717 
f 722/722/722 721/721/721 717/717/717 
f 722/722/722 717/717/717 715/715/715 
f 723/723/723 722/722/722 715/715/715 
f 723/723/723 715/715/715 713/713/713 
f 724/724/724 723/723/723 713/713/713 
f 711/711/711 724/724/724 709/709/709 
f 724/724/724 713/713/713 709/709/709 
f 725/725/725 720/720/720 719/719/719 
f 726/726/726 725/725/725 719/719/719 
f 719/719/719 721/721/721 726/726/726 
f 727/727/727 725/725/725 726/726/726 
f 728/728/728 727/727/727 726/726/726 
f 729/729/729 727/727/727 728/728/728 
f 730/730/730 729/729/729 728/728/728 
f 721/721/721 731/731/731 726/726/726 
f 726/726/726 731/731/731 728/728/728 
f 731/731/731 732/732/732 728/728/728 
f 728/728/728 732/732/732 730/730/730 
f 732/732/732 733/733/733 730/730/730 
f 734/734/734 729/729/729 730/730/730 
f 735/735/735 734/734/734 730/730/730 
f 730/730/730 733/733/733 735/735/735 
f 736/736/736 734/734/734 735/735/735 
f 737/737/737 736/736/736 735/735/735 
f 735/735/735 738/738/738 737/737/737 
f 733/733/733 738/738/738 735/735/735 
f 738/738/738 739/739/739 737/737/737 
f 740/740/740 736/736/736 737/737/737 
f 741/741/741 740/740/740 737/737/737 
f 737/737/737 739/739/739 741/741/741 
f 742/742/742 740/740/740 741/741/741 
f 743/743/743 742/742/742 741/741/741 
f 744/744/744 742/742/742 743/743/743 
f 745/745/745 744/744/744 743/743/743 
f 743/743/743 746/746/746 745/745/745 
f 746/746/746 747/747/747 745/745/745 
f 741/741/741 748/748/748 743/743/743 
f 748/748/748 746/746/746 743/743/743 
f 741/741/741 749/749/749 748/748/748 
f 739/739/739 749/749/749 741/741/741 
f 750/750/750 744/744/744 745/745/745 
f 751/751/751 750/750/750 745/745/745 
f 745/745/745 747/747/747 751/751/751 
f 752/752/752 750/750/750 751/751/751 
f 753/753/753 752/752/752 751/751/751 
f 754/754/754 752/752/752 753/753/753 
f 755/755/755 754/754/754 753/753/753 
f 756/756/756 754/754/754 755/755/755 
f 757/757/757 756/756/756 755/755/755 
f 753/753/753 758/758/758 755/755/755 
f 758/758/758 759/759/759 755/755/755 
f 755/755/755 759/759/759 757/757/757 
f 759/759/759 760/760/760 757/757/757 
f 751/751/751 761/761/761 753/753/753 
f 761/761/761 758/758/758 753/753/753 
f 757/757/757 760/760/760 762/762/762 
f 762/762/762 756/756/756 757/757/757 
f 763/763/763 756/756/756 762/762/762 
f 760/760/760 764/764/764 762/762/762 
f 762/762/762 764/764/764 765/765/765 
f 765/765/765 764/764/764 766/766/766 
f 767/767/767 765/765/765 766/766/766 
f 767/767/767 766/766/766 768/768/768 
f 769/769/769 763/763/763 762/762/762 
f 770/770/770 769/769/769 762/762/762 
f 770/770/770 762/762/762 765/765/765 
f 769/769/769 770/770/770 771/771/771 
f 772/772/772 769/769/769 771/771/771 
f 691/691/691 772/772/772 771/771/771 
f 691/691/691 771/771/771 692/692/692 
f 695/695/695 692/692/692 771/771/771 
f 773/773/773 695/695/695 771/771/771 
f 773/773/773 771/771/771 774/774/774 
f 770/770/770 774/774/774 771/771/771 
f 774/774/774 770/770/770 765/765/765 
f 765/765/765 767/767/767 774/774/774 
f 773/773/773 774/774/774 775/775/775 
f 774/774/774 776/776/776 775/775/775 
f 767/767/767 776/776/776 774/774/774 
f 767/767/767 768/768/768 776/776/776 
f 775/775/775 776/776/776 777/777/777 
f 768/768/768 777/777/777 776/776/776 
f 777/777/777 768/768/768 778/778/778 
f 779/779/779 777/777/777 778/778/778 
f 782/782/782 781/781/781 780/780/780 
f 781/781/781 783/783/783 780/780/780 
f 784/784/784 781/781/781 782/782/782 
f 785/785/785 784/784/784 782/782/782 
f 785/785/785 782/782/782 786/786/786 
f 787/787/787 785/785/785 786/786/786 
f 787/787/787 786/786/786 788/788/788 
f 788/788/788 786/786/786 789/789/789 
f 786/786/786 790/790/790 789/789/789 
f 786/786/786 782/782/782 790/790/790 
f 782/782/782 780/780/780 790/790/790 
f 788/788/788 789/789/789 791/791/791 
f 792/792/792 788/788/788 791/791/791 
f 792/792/792 791/791/791 793/793/793 
f 794/794/794 792/792/792 793/793/793 
f 795/795/795 792/792/792 794/794/794 
f 796/796/796 795/795/795 794/794/794 
f 795/795/795 797/797/797 792/792/792 
f 797/797/797 788/788/788 792/792/792 
f 797/797/797 787/787/787 788/788/788 
f 798/798/798 795/795/795 796/796/796 
f 795/795/795 798/798/798 797/797/797 
f 799/799/799 798/798/798 796/796/796 
f 800/800/800 798/798/798 799/799/799 
f 800/800/800 801/801/801 798/798/798 
f 801/801/801 802/802/802 798/798/798 
f 798/798/798 802/802/802 797/797/797 
f 797/797/797 802/802/802 787/787/787 
f 801/801/801 803/803/803 802/802/802 
f 803/803/803 804/804/804 802/802/802 
f 805/805/805 800/800/800 799/799/799 
f 803/803/803 806/806/806 804/804/804 
f 806/806/806 807/807/807 804/804/804 
f 806/806/806 808/808/808 807/807/807 
f 808/808/808 809/809/809 807/807/807 
f 808/808/808 810/810/810 809/809/809 
f 810/810/810 811/811/811 809/809/809 
f 810/810/810 812/812/812 811/811/811 
f 802/802/802 804/804/804 787/787/787 
f 787/787/787 804/804/804 785/785/785 
f 804/804/804 807/807/807 785/785/785 
f 785/785/785 807/807/807 784/784/784 
f 807/807/807 809/809/809 784/784/784 
f 784/784/784 809/809/809 813/813/813 
f 809/809/809 811/811/811 813/813/813 
f 784/784/784 813/813/813 781/781/781 
f 813/813/813 814/814/814 781/781/781 
f 813/813/813 815/815/815 814/814/814 
f 813/813/813 811/811/811 815/815/815 
f 815/815/815 816/816/816 814/814/814 
f 814/814/814 816/816/816 817/817/817 
f 816/816/816 818/818/818 817/817/817 
f 816/816/816 819/819/819 818/818/818 
f 819/819/819 820/820/820 818/818/818 
f 815/815/815 821/821/821 816/816/816 
f 821/821/821 819/819/819 816/816/816 
f 821/821/821 822/822/822 819/819/819 
f 822/822/822 823/823/823 819/819/819 
f 819/819/819 823/823/823 820/820/820 
f 822/822/822 824/824/824 823/823/823 
f 824/824/824 825/825/825 823/823/823 
f 823/823/823 825/825/825 826/826/826 
f 823/823/823 826/826/826 820/820/820 
f 825/825/825 827/827/827 826/826/826 
f 825/825/825 828/828/828 827/827/827 
f 828/828/828 829/829/829 827/827/827 
f 828/828/828 830/830/830 829/829/829 
f 830/830/830 831/831/831 829/829/829 
f 830/830/830 832/832/832 831/831/831 
f 832/832/832 833/833/833 831/831/831 
f 824/824/824 834/834/834 825/825/825 
f 834/834/834 828/828/828 825/825/825 
f 834/834/834 835/835/835 828/828/828 
f 835/835/835 830/830/830 828/828/828 
f 821/821/821 836/836/836 822/822/822 
f 837/837/837 836/836/836 821/821/821 
f 838/838/838 836/836/836 837/837/837 
f 839/839/839 838/838/838 837/837/837 
f 838/838/838 839/839/839 840/840/840 
f 841/841/841 838/838/838 840/840/840 
f 842/842/842 841/841/841 840/840/840 
f 843/843/843 841/841/841 842/842/842 
f 844/844/844 841/841/841 843/843/843 
f 844/844/844 843/843/843 845/845/845 
f 846/846/846 844/844/844 845/845/845 
f 847/847/847 844/844/844 846/846/846 
f 848/848/848 847/847/847 846/846/846 
f 849/849/849 847/847/847 848/848/848 
f 850/850/850 849/849/849 848/848/848 
f 850/850/850 848/848/848 851/851/851 
f 852/852/852 850/850/850 851/851/851 
f 852/852/852 851/851/851 853/853/853 
f 854/854/854 852/852/852 853/853/853 
f 854/854/854 853/853/853 855/855/855 
f 856/856/856 854/854/854 855/855/855 
f 855/855/855 857/857/857 856/856/856 
f 857/857/857 858/858/858 856/856/856 
f 855/855/855 859/859/859 857/857/857 
f 855/855/855 853/853/853 859/859/859 
f 859/859/859 860/860/860 857/857/857 
f 853/853/853 861/861/861 859/859/859 
f 853/853/853 851/851/851 861/861/861 
f 851/851/851 862/862/862 861/861/861 
f 851/851/851 848/848/848 862/862/862 
f 848/848/848 846/846/846 862/862/862 
f 862/862/862 863/863/863 861/861/861 
f 863/863/863 864/864/864 861/861/861 
f 864/864/864 865/865/865 861/861/861 
f 865/865/865 859/859/859 861/861/861 
f 865/865/865 866/866/866 859/859/859 
f 866/866/866 860/860/860 859/859/859 
f 846/846/846 845/845/845 862/862/862 
f 845/845/845 863/863/863 862/862/862 
f 845/845/845 867/867/867 863/863/863 
f 868/868/868 867/867/867 845/845/845 
f 843/843/843 868/868/868 845/845/845 
f 867/867/867 869/869/869 863/863/863 
f 868/868/868 842/842/842 867/867/867 
f 868/868/868 843/843/843 842/842/842 
f 842/842/842 870/870/870 867/867/867 
f 869/869/869 871/871/871 863/863/863 
f 871/871/871 864/864/864 863/863/863 
f 871/871/871 872/872/872 864/864/864 
f 872/872/872 865/865/865 864/864/864 
f 872/872/872 873/873/873 865/865/865 
f 873/873/873 866/866/866 865/865/865 
f 842/842/842 874/874/874 870/870/870 
f 874/874/874 875/875/875 870/870/870 
f 875/875/875 876/876/876 870/870/870 
f 875/875/875 877/877/877 876/876/876 
f 877/877/877 878/878/878 876/876/876 
f 874/874/874 879/879/879 875/875/875 
f 879/879/879 877/877/877 875/875/875 
f 874/874/874 839/839/839 879/879/879 
f 839/839/839 880/880/880 879/879/879 
f 842/842/842 840/840/840 874/874/874 
f 840/840/840 839/839/839 874/874/874 
f 878/878/878 881/881/881 876/876/876 
f 881/881/881 882/882/882 876/876/876 
f 870/870/870 876/876/876 882/882/882 
f 881/881/881 883/883/883 882/882/882 
f 883/883/883 884/884/884 882/882/882 
f 883/883/883 885/885/885 884/884/884 
f 885/885/885 886/886/886 884/884/884 
f 886/886/886 887/887/887 884/884/884 
f 887/887/887 888/888/888 884/884/884 
f 888/888/888 882/882/882 884/884/884 
f 888/888/888 870/870/870 882/882/882 
f 887/887/887 872/872/872 888/888/888 
f 872/872/872 871/871/871 888/888/888 
f 871/871/871 869/869/869 888/888/888 
f 869/869/869 867/867/867 888/888/888 
f 867/867/867 870/870/870 888/888/888 
f 839/839/839 837/837/837 880/880/880 
f 886/886/886 885/885/885 889/889/889 
f 887/887/887 886/886/886 889/889/889 
f 885/885/885 890/890/890 889/889/889 
f 889/889/889 890/890/890 891/891/891 
f 890/890/890 892/892/892 891/891/891 
f 891/891/891 892/892/892 893/893/893 
f 892/892/892 894/894/894 893/893/893 
f 894/894/894 895/895/895 893/893/893 
f 895/895/895 896/896/896 893/893/893 
f 893/893/893 896/896/896 897/897/897 
f 893/893/893 897/897/897 891/891/891 
f 896/896/896 898/898/898 897/897/897 
f 898/898/898 899/899/899 897/897/897 
f 897/897/897 899/899/899 900/900/900 
f 899/899/899 901/901/901 900/900/900 
f 900/900/900 901/901/901 902/902/902 
f 901/901/901 903/903/903 902/902/902 
f 903/903/903 901/901/901 899/899/899 
f 903/903/903 904/904/904 902/902/902 
f 904/904/904 905/905/905 902/902/902 
f 904/904/904 906/906/906 905/905/905 
f 906/906/906 907/907/907 905/905/905 
f 906/906/906 908/908/908 907/907/907 
f 908/908/908 909/909/909 907/907/907 
f 907/907/907 909/909/909 910/910/910 
f 905/905/905 907/907/907 911/911/911 
f 907/907/907 910/910/910 911/911/911 
f 902/902/902 905/905/905 911/911/911 
f 911/911/911 910/910/910 912/912/912 
f 910/910/910 913/913/913 912/912/912 
f 910/910/910 914/914/914 913/913/913 
f 914/914/914 915/915/915 913/913/913 
f 913/913/913 915/915/915 916/916/916 
f 915/915/915 917/917/917 916/916/916 
f 918/918/918 916/916/916 917/917/917 
f 919/919/919 914/914/914 910/910/910 
f 912/912/912 913/913/913 920/920/920 
f 913/913/913 916/916/916 920/920/920 
f 920/920/920 916/916/916 921/921/921 
f 922/922/922 920/920/920 921/921/921 
f 923/923/923 911/911/911 912/912/912 
f 924/924/924 923/923/923 912/912/912 
f 920/920/920 925/925/925 912/912/912 
f 925/925/925 924/924/924 912/912/912 
f 922/922/922 926/926/926 920/920/920 
f 926/926/926 925/925/925 920/920/920 
f 923/923/923 902/902/902 911/911/911 
f 900/900/900 902/902/902 923/923/923 
f 927/927/927 900/900/900 923/923/923 
f 924/924/924 928/928/928 923/923/923 
f 928/928/928 927/927/927 923/923/923 
f 925/925/925 872/872/872 924/924/924 
f 872/872/872 928/928/928 924/924/924 
f 926/926/926 873/873/873 925/925/925 
f 873/873/873 872/872/872 925/925/925 
f 928/928/928 872/872/872 929/929/929 
f 927/927/927 928/928/928 929/929/929 
f 900/900/900 927/927/927 929/929/929 
f 872/872/872 887/887/887 929/929/929 
f 929/929/929 887/887/887 889/889/889 
f 891/891/891 929/929/929 889/889/889 
f 897/897/897 929/929/929 891/891/891 
f 897/897/897 900/900/900 929/929/929 
f 930/930/930 926/926/926 922/922/922 
f 930/930/930 873/873/873 926/926/926 
f 873/873/873 930/930/930 866/866/866 
f 866/866/866 930/930/930 860/860/860 
f 930/930/930 931/931/931 860/860/860 
f 860/860/860 931/931/931 857/857/857 
f 931/931/931 932/932/932 857/857/857 
f 933/933/933 932/932/932 931/931/931 
f 835/835/835 933/933/933 931/931/931 
f 934/934/934 932/932/932 933/933/933 
f 857/857/857 932/932/932 934/934/934 
f 857/857/857 934/934/934 858/858/858 
f 935/935/935 934/934/934 933/933/933 
f 934/934/934 935/935/935 936/936/936 
f 937/937/937 935/935/935 933/933/933 
f 937/937/937 933/933/933 938/938/938 
f 938/938/938 933/933/933 835/835/835 
f 939/939/939 937/937/937 938/938/938 
f 939/939/939 938/938/938 940/940/940 
f 941/941/941 939/939/939 940/940/940 
f 941/941/941 940/940/940 942/942/942 
f 943/943/943 941/941/941 942/942/942 
f 943/943/943 942/942/942 944/944/944 
f 944/944/944 942/942/942 838/838/838 
f 841/841/841 944/944/944 838/838/838 
f 944/944/944 841/841/841 844/844/844 
f 847/847/847 944/944/944 844/844/844 
f 945/945/945 944/944/944 847/847/847 
f 849/849/849 945/945/945 847/847/847 
f 946/946/946 943/943/943 945/945/945 
f 947/947/947 946/946/946 945/945/945 
f 945/945/945 943/943/943 948/948/948 
f 942/942/942 836/836/836 838/838/838 
f 836/836/836 942/942/942 822/822/822 
f 822/822/822 942/942/942 824/824/824 
f 942/942/942 940/940/940 824/824/824 
f 824/824/824 940/940/940 834/834/834 
f 940/940/940 938/938/938 834/834/834 
f 834/834/834 938/938/938 835/835/835 
f 850/850/850 949/949/949 849/849/849 
f 949/949/949 950/950/950 849/849/849 
f 850/850/850 852/852/852 949/949/949 
f 852/852/852 951/951/951 949/949/949 
f 952/952/952 951/951/951 852/852/852 
f 854/854/854 952/952/952 852/852/852 
f 953/953/953 952/952/952 854/854/854 
f 856/856/856 953/953/953 854/854/854 
f 954/954/954 953/953/953 856/856/856 
f 936/936/936 954/954/954 856/856/856 
f 956/956/956 954/954/954 955/955/955 
f 830/830/830 835/835/835 931/931/931 
f 832/832/832 830/830/830 931/931/931 
f 957/957/957 832/832/832 931/931/931 
f 930/930/930 957/957/957 931/931/931 
f 832/832/832 957/957/957 833/833/833 
f 957/957/957 958/958/958 833/833/833 
f 957/957/957 930/930/930 959/959/959 
f 959/959/959 930/930/930 922/922/922 
f 959/959/959 922/922/922 921/921/921 
f 960/960/960 957/957/957 959/959/959 
f 961/961/961 960/960/960 959/959/959 
f 960/960/960 961/961/961 962/962/962 
f 963/963/963 960/960/960 962/962/962 
f 958/958/958 957/957/957 963/963/963 
f 957/957/957 960/960/960 963/963/963 
f 962/962/962 961/961/961 964/964/964 
f 961/961/961 965/965/965 964/964/964 
f 964/964/964 965/965/965 966/966/966 
f 965/965/965 967/967/967 966/966/966 
f 966/966/966 967/967/967 968/968/968 
f 967/967/967 969/969/969 968/968/968 
f 967/967/967 970/970/970 969/969/969 
f 970/970/970 971/971/971 969/969/969 
f 965/965/965 972/972/972 967/967/967 
f 972/972/972 970/970/970 967/967/967 
f 961/961/961 973/973/973 965/965/965 
f 973/973/973 972/972/972 965/965/965 
f 969/969/969 971/971/971 974/974/974 
f 971/971/971 975/975/975 974/974/974 
f 974/974/974 975/975/975 976/976/976 
f 974/974/974 976/976/976 977/977/977 
f 978/978/978 974/974/974 977/977/977 
f 968/968/968 969/969/969 978/978/978 
f 969/969/969 974/974/974 978/978/978 
f 977/977/977 976/976/976 979/979/979 
f 976/976/976 980/980/980 979/979/979 
f 976/976/976 981/981/981 980/980/980 
f 975/975/975 981/981/981 976/976/976 
f 981/981/981 982/982/982 980/980/980 
f 980/980/980 982/982/982 983/983/983 
f 982/982/982 984/984/984 983/983/983 
f 983/983/983 984/984/984 985/985/985 
f 983/983/983 985/985/985 986/986/986 
f 987/987/987 983/983/983 986/986/986 
f 979/979/979 980/980/980 987/987/987 
f 980/980/980 983/983/983 987/987/987 
f 984/984/984 988/988/988 985/985/985 
f 985/985/985 988/988/988 989/989/989 
f 988/988/988 990/990/990 989/989/989 
f 989/989/989 990/990/990 991/991/991 
f 989/989/989 991/991/991 992/992/992 
f 993/993/993 989/989/989 992/992/992 
f 986/986/986 985/985/985 993/993/993 
f 985/985/985 989/989/989 993/993/993 
f 992/992/992 991/991/991 994/994/994 
f 991/991/991 995/995/995 994/994/994 
f 994/994/994 995/995/995 793/793/793 
f 995/995/995 794/794/794 793/793/793 
f 995/995/995 996/996/996 794/794/794 
f 996/996/996 796/796/796 794/794/794 
f 991/991/991 997/997/997 995/995/995 
f 997/997/997 996/996/996 995/995/995 
f 990/990/990 997/997/997 991/991/991 
f 996/996/996 998/998/998 796/796/796 
f 998/998/998 996/996/996 997/997/997 
f 998/998/998 799/799/799 796/796/796 
f 998/998/998 999/999/999 799/799/799 
f 1000/1000/1000 999/999/999 998/998/998 
f 1001/1001/1001 1000/1000/1000 998/998/998 
f 1001/1001/1001 998/998/998 997/997/997 
f 1001/1001/1001 997/997/997 990/990/990 
f 1002/1002/1002 1000/1000/1000 1001/1001/1001 
f 1003/1003/1003 1002/1002/1002 1001/1001/1001 
f 999/999/999 805/805/805 799/799/799 
f 1004/1004/1004 1002/1002/1002 1003/1003/1003 
f 1005/1005/1005 1004/1004/1004 1003/1003/1003 
f 1006/1006/1006 1004/1004/1004 1005/1005/1005 
f 1007/1007/1007 1006/1006/1006 1005/1005/1005 
f 1008/1008/1008 1006/1006/1006 1007/1007/1007 
f 1009/1009/1009 1008/1008/1008 1007/1007/1007 
f 1010/1010/1010 1008/1008/1008 1009/1009/1009 
f 1003/1003/1003 1001/1001/1001 990/990/990 
f 1005/1005/1005 1003/1003/1003 988/988/988 
f 1003/1003/1003 990/990/990 988/988/988 
f 1007/1007/1007 1005/1005/1005 984/984/984 
f 1005/1005/1005 988/988/988 984/984/984 
f 1009/1009/1009 1007/1007/1007 982/982/982 
f 1007/1007/1007 984/984/984 982/982/982 
f 1009/1009/1009 982/982/982 981/981/981 
f 1011/1011/1011 1009/1009/1009 981/981/981 
f 1011/1011/1011 1012/1012/1012 1009/1009/1009 
f 1011/1011/1011 981/981/981 975/975/975 
f 1013/1013/1013 1011/1011/1011 975/975/975 
f 1013/1013/1013 1014/1014/1014 1011/1011/1011 
f 1014/1014/1014 1015/1015/1015 1011/1011/1011 
f 1015/1015/1015 1014/1014/1014 1016/1016/1016 
f 1014/1014/1014 1017/1017/1017 1016/1016/1016 
f 1017/1017/1017 899/899/899 1016/1016/1016 
f 1017/1017/1017 903/903/903 899/899/899 
f 1017/1017/1017 904/904/904 903/903/903 
f 1017/1017/1017 1018/1018/1018 904/904/904 
f 1018/1018/1018 1017/1017/1017 1014/1014/1014 
f 1018/1018/1018 906/906/906 904/904/904 
f 1018/1018/1018 1019/1019/1019 906/906/906 
f 1016/1016/1016 899/899/899 898/898/898 
f 1015/1015/1015 1016/1016/1016 898/898/898 
f 1015/1015/1015 898/898/898 1020/1020/1020 
f 1020/1020/1020 898/898/898 896/896/896 
f 895/895/895 1020/1020/1020 896/896/896 
f 1021/1021/1021 1015/1015/1015 1020/1020/1020 
f 1011/1011/1011 1015/1015/1015 1021/1021/1021 
f 1022/1022/1022 1018/1018/1018 1014/1014/1014 
f 1022/1022/1022 1023/1023/1023 1018/1018/1018 
f 1024/1024/1024 1023/1023/1023 1022/1022/1022 
f 1025/1025/1025 1024/1024/1024 1022/1022/1022 
f 1026/1026/1026 1024/1024/1024 1025/1025/1025 
f 1027/1027/1027 1026/1026/1026 1025/1025/1025 
f 1028/1028/1028 1026/1026/1026 1027/1027/1027 
f 1029/1029/1029 1028/1028/1028 1027/1027/1027 
f 1030/1030/1030 1028/1028/1028 1029/1029/1029 
f 1031/1031/1031 1030/1030/1030 1029/1029/1029 
f 1030/1030/1030 1031/1031/1031 1032/1032/1032 
f 1033/1033/1033 1031/1031/1031 1029/1029/1029 
f 1033/1033/1033 1029/1029/1029 959/959/959 
f 1029/1029/1029 973/973/973 959/959/959 
f 1029/1029/1029 1027/1027/1027 973/973/973 
f 1033/1033/1033 921/921/921 1031/1031/1031 
f 1033/1033/1033 959/959/959 918/918/918 
f 1025/1025/1025 1022/1022/1022 970/970/970 
f 1022/1022/1022 971/971/971 970/970/970 
f 1022/1022/1022 1013/1013/1013 971/971/971 
f 1013/1013/1013 1022/1022/1022 1014/1014/1014 
f 1013/1013/1013 975/975/975 971/971/971 
f 973/973/973 961/961/961 959/959/959 
f 1035/1035/1035 1032/1032/1032 1034/1034/1034 
f 1035/1035/1035 1036/1036/1036 1032/1032/1032 
f 1038/1038/1038 1037/1037/1037 1034/1034/1034 
f 1031/1031/1031 1037/1037/1037 1038/1038/1038 
f 1025/1025/1025 970/970/970 972/972/972 
f 1027/1027/1027 1025/1025/1025 972/972/972 
f 1027/1027/1027 972/972/972 973/973/973 
f 1039/1039/1039 837/837/837 811/811/811 
f 811/811/811 837/837/837 815/815/815 
f 815/815/815 837/837/837 821/821/821 
f 1042/1042/1042 1041/1041/1041 1040/1040/1040 
f 1041/1041/1041 1043/1043/1043 1040/1040/1040 
f 1042/1042/1042 1044/1044/1044 1041/1041/1041 
f 1044/1044/1044 1045/1045/1045 1041/1041/1041 
f 1044/1044/1044 1046/1046/1046 1045/1045/1045 
f 1046/1046/1046 1047/1047/1047 1045/1045/1045 
f 1043/1043/1043 1049/1049/1049 1048/1048/1048 
f 1049/1049/1049 1050/1050/1050 1048/1048/1048 
f 1050/1050/1050 1051/1051/1051 1048/1048/1048 
f 1051/1051/1051 1050/1050/1050 1052/1052/1052 
f 1050/1050/1050 1053/1053/1053 1052/1052/1052 
f 1052/1052/1052 1053/1053/1053 1054/1054/1054 
f 1053/1053/1053 1055/1055/1055 1054/1054/1054 
f 1055/1055/1055 1056/1056/1056 1054/1054/1054 
f 1056/1056/1056 1057/1057/1057 1054/1054/1054 
f 1056/1056/1056 1058/1058/1058 1057/1057/1057 
f 1058/1058/1058 1059/1059/1059 1057/1057/1057 
f 1059/1059/1059 1058/1058/1058 1060/1060/1060 
f 1058/1058/1058 1061/1061/1061 1060/1060/1060 
f 1061/1061/1061 1062/1062/1062 1060/1060/1060 
f 1062/1062/1062 1064/1064/1064 1063/1063/1063 
f 1064/1064/1064 1065/1065/1065 1063/1063/1063 
f 1066/1066/1066 1065/1065/1065 1064/1064/1064 
f 1067/1067/1067 1066/1066/1066 1064/1064/1064 
f 1068/1068/1068 1066/1066/1066 1067/1067/1067 
f 1069/1069/1069 1068/1068/1068 1067/1067/1067 
f 1072/1072/1072 1071/1071/1071 1070/1070/1070 
f 1071/1071/1071 1073/1073/1073 1070/1070/1070 
f 1070/1070/1070 1073/1073/1073 1074/1074/1074 
f 1073/1073/1073 1075/1075/1075 1074/1074/1074 
f 1074/1074/1074 1075/1075/1075 1076/1076/1076 
f 1075/1075/1075 1077/1077/1077 1076/1076/1076 
f 1076/1076/1076 1077/1077/1077 1078/1078/1078 
f 1077/1077/1077 1079/1079/1079 1078/1078/1078 
f 1079/1079/1079 1080/1080/1080 1078/1078/1078 
f 1080/1080/1080 1081/1081/1081 1078/1078/1078 
f 1072/1072/1072 1082/1082/1082 1071/1071/1071 
f 1082/1082/1082 703/703/703 1071/1071/1071 
f 1071/1071/1071 1083/1083/1083 1073/1073/1073 
f 1083/1083/1083 1084/1084/1084 1073/1073/1073 
f 1083/1083/1083 1071/1071/1071 704/704/704 
f 1071/1071/1071 703/703/703 704/704/704 
f 703/703/703 1082/1082/1082 705/705/705 
f 1081/1081/1081 1080/1080/1080 1085/1085/1085 
f 1080/1080/1080 1086/1086/1086 1085/1085/1085 
f 1079/1079/1079 1077/1077/1077 1086/1086/1086 
f 1086/1086/1086 1080/1080/1080 1079/1079/1079 
f 1086/1086/1086 1087/1087/1087 1085/1085/1085 
f 1077/1077/1077 1087/1087/1087 1086/1086/1086 
f 1087/1087/1087 1088/1088/1088 1085/1085/1085 
f 1087/1087/1087 1089/1089/1089 1088/1088/1088 
f 1089/1089/1089 1090/1090/1090 1088/1088/1088 
f 1089/1089/1089 1091/1091/1091 1090/1090/1090 
f 1091/1091/1091 1092/1092/1092 1090/1090/1090 
f 1091/1091/1091 1093/1093/1093 1092/1092/1092 
f 1093/1093/1093 1094/1094/1094 1092/1092/1092 
f 1095/1095/1095 1094/1094/1094 1093/1093/1093 
f 746/746/746 1095/1095/1095 1093/1093/1093 
f 1096/1096/1096 1093/1093/1093 1091/1091/1091 
f 1097/1097/1097 1096/1096/1096 1091/1091/1091 
f 746/746/746 1093/1093/1093 747/747/747 
f 1093/1093/1093 1096/1096/1096 747/747/747 
f 1095/1095/1095 746/746/746 748/748/748 
f 1091/1091/1091 1089/1089/1089 1075/1075/1075 
f 1073/1073/1073 1091/1091/1091 1075/1075/1075 
f 1100/1100/1100 1099/1099/1099 1098/1098/1098 
f 1103/1103/1103 1102/1102/1102 1101/1101/1101 
f 1105/1105/1105 1104/1104/1104 880/880/880 
f 781/781/781 814/814/814 783/783/783 
f 814/814/814 817/817/817 783/783/783 
f 1106/1106/1106 908/908/908 906/906/906 
f 1108/1108/1108 1107/1107/1107 908/908/908 
f 1107/1107/1107 1109/1109/1109 908/908/908 
f 1110/1110/1110 914/914/914 1107/1107/1107 
f 914/914/914 909/909/909 1107/1107/1107 
f 1110/1110/1110 1111/1111/1111 914/914/914 
f 1111/1111/1111 915/915/915 914/914/914 
f 1111/1111/1111 1112/1112/1112 915/915/915 
f 1112/1112/1112 917/917/917 915/915/915 
f 1112/1112/1112 1113/1113/1113 917/917/917 
f 1116/1116/1116 1115/1115/1115 1114/1114/1114 
f 1115/1115/1115 1117/1117/1117 1114/1114/1114 
f 1116/1116/1116 1119/1119/1119 1118/1118/1118 
f 1122/1122/1122 1121/1121/1121 1120/1120/1120 
f 1125/1125/1125 1124/1124/1124 1123/1123/1123 
f 1127/1127/1127 1126/1126/1126 1021/1021/1021 
f 1130/1130/1130 1129/1129/1129 1128/1128/1128 
f 1129/1129/1129 1131/1131/1131 1128/1128/1128 
f 1128/1128/1128 1132/1132/1132 1130/1130/1130 
f 1132/1132/1132 1133/1133/1133 1130/1130/1130 
f 1133/1133/1133 1132/1132/1132 1134/1134/1134 
f 1135/1135/1135 1133/1133/1133 1134/1134/1134 
f 1138/1138/1138 1137/1137/1137 1136/1136/1136 
f 1137/1137/1137 1139/1139/1139 1136/1136/1136 
f 1142/1142/1142 1141/1141/1141 1140/1140/1140 
f 1141/1141/1141 1143/1143/1143 1140/1140/1140 
f 1146/1146/1146 1145/1145/1145 1144/1144/1144 
f 1145/1145/1145 1147/1147/1147 1144/1144/1144 
f 1150/1150/1150 1149/1149/1149 1148/1148/1148 
f 1149/1149/1149 1151/1151/1151 1148/1148/1148 
f 1154/1154/1154 1153/1153/1153 1152/1152/1152 
f 1153/1153/1153 1155/1155/1155 1152/1152/1152 
f 1158/1158/1158 1157/1157/1157 1156/1156/1156 
f 1157/1157/1157 1159/1159/1159 1156/1156/1156 
f 1162/1162/1162 1161/1161/1161 1160/1160/1160 
f 1161/1161/1161 1163/1163/1163 1160/1160/1160 
f 1166/1166/1166 1165/1165/1165 1164/1164/1164 
f 1165/1165/1165 1167/1167/1167 1164/1164/1164 
f 1170/1170/1170 1169/1169/1169 1168/1168/1168 
f 1169/1169/1169 1171/1171/1171 1168/1168/1168 
f 1174/1174/1174 1173/1173/1173 1172/1172/1172 
f 1177/1177/1177 1176/1176/1176 1175/1175/1175 
f 1180/1180/1180 1179/1179/1179 1178/1178/1178 
f 1179/1179/1179 1181/1181/1181 1178/1178/1178 
f 1184/1184/1184 1183/1183/1183 1182/1182/1182 
f 1183/1183/1183 1185/1185/1185 1182/1182/1182 
f 1188/1188/1188 1187/1187/1187 1186/1186/1186 
f 1187/1187/1187 1189/1189/1189 1186/1186/1186 
f 1192/1192/1192 1191/1191/1191 1190/1190/1190 
f 1191/1191/1191 1193/1193/1193 1190/1190/1190 
f 1190/1190/1190 1194/1194/1194 1192/1192/1192 
f 1194/1194/1194 1195/1195/1195 1192/1192/1192 
f 1194/1194/1194 1196/1196/1196 1195/1195/1195 
f 1196/1196/1196 1197/1197/1197 1195/1195/1195 
f 1197/1197/1197 1196/1196/1196 1198/1198/1198 
f 1196/1196/1196 1199/1199/1199 1198/1198/1198 
f 1198/1198/1198 1199/1199/1199 1200/1200/1200 
f 1199/1199/1199 1201/1201/1201 1200/1200/1200 
f 1202/1202/1202 1200/1200/1200 1201/1201/1201 
f 1203/1203/1203 1202/1202/1202 1201/1201/1201 
f 1206/1206/1206 1205/1205/1205 1204/1204/1204 
f 1205/1205/1205 1207/1207/1207 1204/1204/1204 
f 1210/1210/1210 1209/1209/1209 1208/1208/1208 
f 1209/1209/1209 1211/1211/1211 1208/1208/1208 
f 1214/1214/1214 1213/1213/1213 1212/1212/1212 
f 1213/1213/1213 1215/1215/1215 1212/1212/1212 
f 1218/1218/1218 1217/1217/1217 1216/1216/1216 
f 1217/1217/1217 1219/1219/1219 1216/1216/1216 
f 1222/1222/1222 1221/1221/1221 1220/1220/1220 
f 1221/1221/1221 1223/1223/1223 1220/1220/1220 
f 1226/1226/1226 1225/1225/1225 1224/1224/1224 
f 1225/1225/1225 1227/1227/1227 1224/1224/1224 
f 1230/1230/1230 1229/1229/1229 1228/1228/1228 
f 1229/1229/1229 1231/1231/1231 1228/1228/1228 
f 1234/1234/1234 1233/1233/1233 1232/1232/1232 
f 1237/1237/1237 1236/1236/1236 1235/1235/1235 
f 1240/1240/1240 1239/1239/1239 1238/1238/1238 
f 1239/1239/1239 1241/1241/1241 1238/1238/1238 
f 1239/1239/1239 1240/1240/1240 1242/1242/1242 
f 1243/1243/1243 1239/1239/1239 1242/1242/1242 
f 1246/1246/1246 1245/1245/1245 1244/1244/1244 
f 1245/1245/1245 1247/1247/1247 1244/1244/1244 
f 1250/1250/1250 1249/1249/1249 1248/1248/1248 
f 1249/1249/1249 1251/1251/1251 1248/1248/1248 
f 1254/1254/1254 1253/1253/1253 1252/1252/1252 
f 1253/1253/1253 1255/1255/1255 1252/1252/1252 
f 1258/1258/1258 1257/1257/1257 1256/1256/1256 
f 1257/1257/1257 1259/1259/1259 1256/1256/1256 
f 1262/1262/1262 1261/1261/1261 1260/1260/1260 
f 1261/1261/1261 1263/1263/1263 1260/1260/1260 
f 1266/1266/1266 1265/1265/1265 1264/1264/1264 
f 1265/1265/1265 1267/1267/1267 1264/1264/1264 
f 1270/1270/1270 1269/1269/1269 1268/1268/1268 
f 1269/1269/1269 1271/1271/1271 1268/1268/1268 
f 1274/1274/1274 1273/1273/1273 1272/1272/1272 
f 1277/1277/1277 1276/1276/1276 1275/1275/1275 
f 1280/1280/1280 1279/1279/1279 1278/1278/1278 
f 1279/1279/1279 1281/1281/1281 1278/1278/1278 
f 1280/1280/1280 1282/1282/1282 1279/1279/1279 
f 1285/1285/1285 1284/1284/1284 1283/1283/1283 
f 1284/1284/1284 1286/1286/1286 1283/1283/1283 
f 1289/1289/1289 1288/1288/1288 1287/1287/1287 
f 1288/1288/1288 1290/1290/1290 1287/1287/1287 
f 1293/1293/1293 1292/1292/1292 1291/1291/1291 
f 1292/1292/1292 1294/1294/1294 1291/1291/1291 
f 1297/1297/1297 1296/1296/1296 1295/1295/1295 
f 1296/1296/1296 1298/1298/1298 1295/1295/1295 
f 1301/1301/1301 1300/1300/1300 1299/1299/1299 
f 1300/1300/1300 1302/1302/1302 1299/1299/1299 
f 1305/1305/1305 1304/1304/1304 1303/1303/1303 
f 1304/1304/1304 1306/1306/1306 1303/1303/1303 
f 1309/1309/1309 1308/1308/1308 1307/1307/1307 
f 1308/1308/1308 1310/1310/1310 1307/1307/1307 
f 1313/1313/1313 1312/1312/1312 1311/1311/1311 
f 1312/1312/1312 1314/1314/1314 1311/1311/1311 
f 1317/1317/1317 1316/1316/1316 1315/1315/1315 
f 1316/1316/1316 1318/1318/1318 1315/1315/1315 
f 1321/1321/1321 1320/1320/1320 1319/1319/1319 
f 1320/1320/1320 1322/1322/1322 1319/1319/1319 
f 1325/1325/1325 1324/1324/1324 1323/1323/1323 
f 1324/1324/1324 1326/1326/1326 1323/1323/1323 
f 1327/1327/1327 1324/1324/1324 1325/1325/1325 
f 1330/1330/1330 1329/1329/1329 1328/1328/1328 
f 1333/1333/1333 1332/1332/1332 1331/1331/1331 
f 1336/1336/1336 1335/1335/1335 1334/1334/1334 
f 1335/1335/1335 1337/1337/1337 1334/1334/1334 
f 1340/1340/1340 1339/1339/1339 1338/1338/1338 
f 1339/1339/1339 1341/1341/1341 1338/1338/1338 
f 1344/1344/1344 1343/1343/1343 1342/1342/1342 
f 1343/1343/1343 1345/1345/1345 1342/1342/1342 
f 1348/1348/1348 1347/1347/1347 1346/1346/1346 
f 1350/1350/1350 1349/1349/1349 1346/1346/1346 
f 1353/1353/1353 1352/1352/1352 1351/1351/1351 
f 1352/1352/1352 1354/1354/1354 1351/1351/1351 
f 1357/1357/1357 1356/1356/1356 1355/1355/1355 
f 1356/1356/1356 1359/1359/1359 1358/1358/1358 
f 1362/1362/1362 1361/1361/1361 1360/1360/1360 
f 1361/1361/1361 1363/1363/1363 1360/1360/1360 
f 1366/1366/1366 1365/1365/1365 1364/1364/1364 
f 1365/1365/1365 1367/1367/1367 1364/1364/1364 
f 1370/1370/1370 1369/1369/1369 1368/1368/1368 
f 1369/1369/1369 1371/1371/1371 1368/1368/1368 
f 1374/1374/1374 1373/1373/1373 1372/1372/1372 
f 1373/1373/1373 1375/1375/1375 1372/1372/1372 
f 1373/1373/1373 1374/1374/1374 1376/1376/1376 
f 1377/1377/1377 1373/1373/1373 1376/1376/1376 
f 1380/1380/1380 1379/1379/1379 1378/1378/1378 
f 1379/1379/1379 1381/1381/1381 1378/1378/1378 
f 1382/1382/1382 1381/1381/1381 1379/1379/1379 
f 1385/1385/1385 1384/1384/1384 1383/1383/1383 
f 1384/1384/1384 1386/1386/1386 1383/1383/1383 
f 1389/1389/1389 1388/1388/1388 1387/1387/1387 
f 1388/1388/1388 1390/1390/1390 1387/1387/1387 
f 1393/1393/1393 1392/1392/1392 1391/1391/1391 
f 1392/1392/1392 1394/1394/1394 1391/1391/1391 
f 1397/1397/1397 1396/1396/1396 1395/1395/1395 
f 1396/1396/1396 1398/1398/1398 1395/1395/1395 
f 1401/1401/1401 1400/1400/1400 1399/1399/1399 
f 1400/1400/1400 1402/1402/1402 1399/1399/1399 
f 1405/1405/1405 1404/1404/1404 1403/1403/1403 
f 1404/1404/1404 1406/1406/1406 1403/1403/1403 
f 1409/1409/1409 1408/1408/1408 1407/1407/1407 
f 1408/1408/1408 1410/1410/1410 1407/1407/1407 
f 1413/1413/1413 1412/1412/1412 1411/1411/1411 
f 1412/1412/1412 1414/1414/1414 1411/1411/1411 
f 1417/1417/1417 1416/1416/1416 1415/1415/1415 
f 1416/1416/1416 1418/1418/1418 1415/1415/1415 
f 1421/1421/1421 1420/1420/1420 1419/1419/1419 
f 1420/1420/1420 1422/1422/1422 1419/1419/1419 
f 1425/1425/1425 1424/1424/1424 1423/1423/1423 
f 1424/1424/1424 1426/1426/1426 1423/1423/1423 
f 1424/1424/1424 1427/1427/1427 1426/1426/1426 
f 1430/1430/1430 1429/1429/1429 1428/1428/1428 
f 1433/1433/1433 1432/1432/1432 1431/1431/1431 
f 1436/1436/1436 1435/1435/1435 1434/1434/1434 
f 1435/1435/1435 1437/1437/1437 1434/1434/1434 
f 1440/1440/1440 1439/1439/1439 1438/1438/1438 
f 1439/1439/1439 1441/1441/1441 1438/1438/1438 
f 1444/1444/1444 1443/1443/1443 1442/1442/1442 
f 1443/1443/1443 1445/1445/1445 1442/1442/1442 
f 1448/1448/1448 1447/1447/1447 1446/1446/1446 
f 1450/1450/1450 1449/1449/1449 1446/1446/1446 
f 1453/1453/1453 1452/1452/1452 1451/1451/1451 
f 1452/1452/1452 1454/1454/1454 1451/1451/1451 
f 1457/1457/1457 1456/1456/1456 1455/1455/1455 
f 1456/1456/1456 1459/1459/1459 1458/1458/1458 
f 1462/1462/1462 1461/1461/1461 1460/1460/1460 
f 1461/1461/1461 1463/1463/1463 1460/1460/1460 
f 1466/1466/1466 1465/1465/1465 1464/1464/1464 
f 1465/1465/1465 1467/1467/1467 1464/1464/1464 
f 1470/1470/1470 1469/1469/1469 1468/1468/1468 
f 1469/1469/1469 1471/1471/1471 1468/1468/1468 
f 1474/1474/1474 1473/1473/1473 1472/1472/1472 
f 1473/1473/1473 1475/1475/1475 1472/1472/1472 
f 1476/1476/1476 1473/1473/1473 1474/1474/1474 
f 1477/1477/1477 1476/1476/1476 1474/1474/1474 
f 1478/1478/1478 1476/1476/1476 1477/1477/1477 
f 1479/1479/1479 1478/1478/1478 1477/1477/1477 
f 1480/1480/1480 1478/1478/1478 1479/1479/1479 
f 1481/1481/1481 1478/1478/1478 1480/1480/1480 
f 1482/1482/1482 1481/1481/1481 1480/1480/1480 
f 1483/1483/1483 1481/1481/1481 1482/1482/1482 
f 1484/1484/1484 1483/1483/1483 1482/1482/1482 
f 1485/1485/1485 1484/1484/1484 1482/1482/1482 
f 1486/1486/1486 1484/1484/1484 1485/1485/1485 
f 1487/1487/1487 1486/1486/1486 1485/1485/1485 
f 1488/1488/1488 1487/1487/1487 1485/1485/1485 
f 1488/1488/1488 1485/1485/1485 1482/1482/1482 
f 1482/1482/1482 1489/1489/1489 1488/1488/1488 
f 1482/1482/1482 1480/1480/1480 1489/1489/1489 
f 1479/1479/1479 1490/1490/1490 1480/1480/1480 
f 1490/1490/1490 1489/1489/1489 1480/1480/1480 
f 1490/1490/1490 1479/1479/1479 1477/1477/1477 
f 1491/1491/1491 1490/1490/1490 1477/1477/1477 
f 1492/1492/1492 1491/1491/1491 1477/1477/1477 
f 1474/1474/1474 1492/1492/1492 1477/1477/1477 
f 1493/1493/1493 1492/1492/1492 1474/1474/1474 
f 1472/1472/1472 1493/1493/1493 1474/1474/1474 
f 1494/1494/1494 1487/1487/1487 1488/1488/1488 
f 1495/1495/1495 1494/1494/1494 1488/1488/1488 
f 1489/1489/1489 1495/1495/1495 1488/1488/1488 
f 1496/1496/1496 1494/1494/1494 1495/1495/1495 
f 1497/1497/1497 1496/1496/1496 1495/1495/1495 
f 1498/1498/1498 1496/1496/1496 1497/1497/1497 
f 1499/1499/1499 1498/1498/1498 1497/1497/1497 
f 1500/1500/1500 1498/1498/1498 1499/1499/1499 
f 1498/1498/1498 1500/1500/1500 1496/1496/1496 
f 1501/1501/1501 1500/1500/1500 1499/1499/1499 
f 1502/1502/1502 1489/1489/1489 1490/1490/1490 
f 1489/1489/1489 1502/1502/1502 1495/1495/1495 
f 1502/1502/1502 1497/1497/1497 1495/1495/1495 
f 1503/1503/1503 1502/1502/1502 1490/1490/1490 
f 1503/1503/1503 1490/1490/1490 1491/1491/1491 
f 1503/1503/1503 1491/1491/1491 1492/1492/1492 
f 1504/1504/1504 1502/1502/1502 1503/1503/1503 
f 1502/1502/1502 1504/1504/1504 1497/1497/1497 
f 1504/1504/1504 1499/1499/1499 1497/1497/1497 
f 1501/1501/1501 1499/1499/1499 1504/1504/1504 
f 1505/1505/1505 1504/1504/1504 1503/1503/1503 
f 1501/1501/1501 1504/1504/1504 1505/1505/1505 
f 1505/1505/1505 1503/1503/1503 1492/1492/1492 
f 1506/1506/1506 1501/1501/1501 1505/1505/1505 
f 1494/1494/1494 1496/1496/1496 1507/1507/1507 
f 1507/1507/1507 1508/1508/1508 1494/1494/1494 
f 1508/1508/1508 1487/1487/1487 1494/1494/1494 
f 1486/1486/1486 1487/1487/1487 1508/1508/1508 
f 1509/1509/1509 1486/1486/1486 1508/1508/1508 
f 1510/1510/1510 1486/1486/1486 1509/1509/1509 
f 1511/1511/1511 1510/1510/1510 1509/1509/1509 
f 1512/1512/1512 1511/1511/1511 1509/1509/1509 
f 1513/1513/1513 1512/1512/1512 1509/1509/1509 
f 1513/1513/1513 1509/1509/1509 1508/1508/1508 
f 1514/1514/1514 1513/1513/1513 1508/1508/1508 
f 1514/1514/1514 1508/1508/1508 1507/1507/1507 
f 1515/1515/1515 1514/1514/1514 1507/1507/1507 
f 1516/1516/1516 1512/1512/1512 1513/1513/1513 
f 1517/1517/1517 1516/1516/1516 1513/1513/1513 
f 1517/1517/1517 1513/1513/1513 1514/1514/1514 
f 1518/1518/1518 1517/1517/1517 1514/1514/1514 
f 1518/1518/1518 1514/1514/1514 1515/1515/1515 
f 1519/1519/1519 1518/1518/1518 1515/1515/1515 
f 1520/1520/1520 1519/1519/1519 1515/1515/1515 
f 1521/1521/1521 1520/1520/1520 1515/1515/1515 
f 1521/1521/1521 1515/1515/1515 1507/1507/1507 
f 1522/1522/1522 1521/1521/1521 1507/1507/1507 
f 1496/1496/1496 1522/1522/1522 1507/1507/1507 
f 1500/1500/1500 1522/1522/1522 1496/1496/1496 
f 1523/1523/1523 1516/1516/1516 1517/1517/1517 
f 1524/1524/1524 1523/1523/1523 1517/1517/1517 
f 1524/1524/1524 1517/1517/1517 1518/1518/1518 
f 1525/1525/1525 1524/1524/1524 1518/1518/1518 
f 1525/1525/1525 1518/1518/1518 1519/1519/1519 
f 1526/1526/1526 1525/1525/1525 1519/1519/1519 
f 1526/1526/1526 1519/1519/1519 1520/1520/1520 
f 1527/1527/1527 1526/1526/1526 1520/1520/1520 
f 1528/1528/1528 1526/1526/1526 1527/1527/1527 
f 1529/1529/1529 1527/1527/1527 1520/1520/1520 
f 1530/1530/1530 1528/1528/1528 1527/1527/1527 
f 1531/1531/1531 1530/1530/1530 1527/1527/1527 
f 1532/1532/1532 1531/1531/1531 1527/1527/1527 
f 1532/1532/1532 1527/1527/1527 1529/1529/1529 
f 1533/1533/1533 1532/1532/1532 1529/1529/1529 
f 1534/1534/1534 1531/1531/1531 1532/1532/1532 
f 1535/1535/1535 1534/1534/1534 1532/1532/1532 
f 1532/1532/1532 1533/1533/1533 1535/1535/1535 
f 1536/1536/1536 1534/1534/1534 1535/1535/1535 
f 1537/1537/1537 1536/1536/1536 1535/1535/1535 
f 1538/1538/1538 1537/1537/1537 1535/1535/1535 
f 1533/1533/1533 1538/1538/1538 1535/1535/1535 
f 1539/1539/1539 1534/1534/1534 1536/1536/1536 
f 1530/1530/1530 1531/1531/1531 1539/1539/1539 
f 1531/1531/1531 1534/1534/1534 1539/1539/1539 
f 1540/1540/1540 1539/1539/1539 1536/1536/1536 
f 1537/1537/1537 1541/1541/1541 1536/1536/1536 
f 1541/1541/1541 1540/1540/1540 1536/1536/1536 
f 1526/1526/1526 1528/1528/1528 1542/1542/1542 
f 1528/1528/1528 1530/1530/1530 1542/1542/1542 
f 1526/1526/1526 1542/1542/1542 1543/1543/1543 
f 1544/1544/1544 1526/1526/1526 1543/1543/1543 
f 1544/1544/1544 1543/1543/1543 1545/1545/1545 
f 1546/1546/1546 1544/1544/1544 1545/1545/1545 
f 1547/1547/1547 1546/1546/1546 1545/1545/1545 
f 1547/1547/1547 1545/1545/1545 1548/1548/1548 
f 1549/1549/1549 1547/1547/1547 1548/1548/1548 
f 1549/1549/1549 1548/1548/1548 1550/1550/1550 
f 1551/1551/1551 1549/1549/1549 1550/1550/1550 
f 1551/1551/1551 1550/1550/1550 1552/1552/1552 
f 1551/1551/1551 1552/1552/1552 1553/1553/1553 
f 1554/1554/1554 1551/1551/1551 1553/1553/1553 
f 1551/1551/1551 1554/1554/1554 1549/1549/1549 
f 1555/1555/1555 1554/1554/1554 1553/1553/1553 
f 1555/1555/1555 1553/1553/1553 1556/1556/1556 
f 1556/1556/1556 1553/1553/1553 1552/1552/1552 
f 1557/1557/1557 1555/1555/1555 1556/1556/1556 
f 1558/1558/1558 1557/1557/1557 1556/1556/1556 
f 1558/1558/1558 1556/1556/1556 1559/1559/1559 
f 1560/1560/1560 1558/1558/1558 1559/1559/1559 
f 1560/1560/1560 1559/1559/1559 1561/1561/1561 
f 1560/1560/1560 1561/1561/1561 1562/1562/1562 
f 1563/1563/1563 1560/1560/1560 1562/1562/1562 
f 1563/1563/1563 1562/1562/1562 1564/1564/1564 
f 1565/1565/1565 1563/1563/1563 1564/1564/1564 
f 1565/1565/1565 1564/1564/1564 1566/1566/1566 
f 1567/1567/1567 1565/1565/1565 1566/1566/1566 
f 1552/1552/1552 1568/1568/1568 1556/1556/1556 
f 1568/1568/1568 1559/1559/1559 1556/1556/1556 
f 1568/1568/1568 1569/1569/1569 1559/1559/1559 
f 1569/1569/1569 1561/1561/1561 1559/1559/1559 
f 1561/1561/1561 1569/1569/1569 1562/1562/1562 
f 1569/1569/1569 1570/1570/1570 1562/1562/1562 
f 1570/1570/1570 1571/1571/1571 1562/1562/1562 
f 1571/1571/1571 1564/1564/1564 1562/1562/1562 
f 1571/1571/1571 1572/1572/1572 1564/1564/1564 
f 1572/1572/1572 1566/1566/1566 1564/1564/1564 
f 1568/1568/1568 1573/1573/1573 1569/1569/1569 
f 1573/1573/1573 1574/1574/1574 1569/1569/1569 
f 1569/1569/1569 1574/1574/1574 1570/1570/1570 
f 1570/1570/1570 1574/1574/1574 1571/1571/1571 
f 1573/1573/1573 1575/1575/1575 1574/1574/1574 
f 1575/1575/1575 1576/1576/1576 1574/1574/1574 
f 1574/1574/1574 1576/1576/1576 1571/1571/1571 
f 1575/1575/1575 1573/1573/1573 1577/1577/1577 
f 1578/1578/1578 1575/1575/1575 1577/1577/1577 
f 1579/1579/1579 1578/1578/1578 1577/1577/1577 
f 1580/1580/1580 1579/1579/1579 1577/1577/1577 
f 1580/1580/1580 1577/1577/1577 1581/1581/1581 
f 1581/1581/1581 1568/1568/1568 1552/1552/1552 
f 1577/1577/1577 1573/1573/1573 1581/1581/1581 
f 1573/1573/1573 1568/1568/1568 1581/1581/1581 
f 1550/1550/1550 1581/1581/1581 1552/1552/1552 
f 1550/1550/1550 1580/1580/1580 1581/1581/1581 
f 1579/1579/1579 1582/1582/1582 1578/1578/1578 
f 1582/1582/1582 1579/1579/1579 1580/1580/1580 
f 1582/1582/1582 1583/1583/1583 1578/1578/1578 
f 1578/1578/1578 1583/1583/1583 1575/1575/1575 
f 1575/1575/1575 1583/1583/1583 1576/1576/1576 
f 1583/1583/1583 1584/1584/1584 1576/1576/1576 
f 1576/1576/1576 1584/1584/1584 1571/1571/1571 
f 1580/1580/1580 1550/1550/1550 1548/1548/1548 
f 1585/1585/1585 1580/1580/1580 1548/1548/1548 
f 1585/1585/1585 1582/1582/1582 1580/1580/1580 
f 1586/1586/1586 1585/1585/1585 1548/1548/1548 
f 1545/1545/1545 1586/1586/1586 1548/1548/1548 
f 1543/1543/1543 1586/1586/1586 1545/1545/1545 
f 1542/1542/1542 1587/1587/1587 1543/1543/1543 
f 1542/1542/1542 1588/1588/1588 1587/1587/1587 
f 1589/1589/1589 1588/1588/1588 1542/1542/1542 
f 1530/1530/1530 1589/1589/1589 1542/1542/1542 
f 1588/1588/1588 1590/1590/1590 1587/1587/1587 
f 1589/1589/1589 1591/1591/1591 1588/1588/1588 
f 1591/1591/1591 1592/1592/1592 1588/1588/1588 
f 1590/1590/1590 1588/1588/1588 1592/1592/1592 
f 1591/1591/1591 1593/1593/1593 1592/1592/1592 
f 1593/1593/1593 1594/1594/1594 1592/1592/1592 
f 1594/1594/1594 1595/1595/1595 1592/1592/1592 
f 1595/1595/1595 1590/1590/1590 1592/1592/1592 
f 1591/1591/1591 1539/1539/1539 1593/1593/1593 
f 1591/1591/1591 1589/1589/1589 1539/1539/1539 
f 1589/1589/1589 1530/1530/1530 1539/1539/1539 
f 1539/1539/1539 1540/1540/1540 1593/1593/1593 
f 1540/1540/1540 1541/1541/1541 1593/1593/1593 
f 1541/1541/1541 1594/1594/1594 1593/1593/1593 
f 1506/1506/1506 1505/1505/1505 1492/1492/1492 
f 1596/1596/1596 1484/1484/1484 1510/1510/1510 
f 1484/1484/1484 1486/1486/1486 1510/1510/1510 
f 1483/1483/1483 1484/1484/1484 1596/1596/1596 
f 1597/1597/1597 1483/1483/1483 1596/1596/1596 
f 1598/1598/1598 1597/1597/1597 1596/1596/1596 
f 1599/1599/1599 1598/1598/1598 1596/1596/1596 
f 1599/1599/1599 1596/1596/1596 1510/1510/1510 
f 1600/1600/1600 1599/1599/1599 1510/1510/1510 
f 1481/1481/1481 1483/1483/1483 1597/1597/1597 
f 1601/1601/1601 1481/1481/1481 1597/1597/1597 
f 1601/1601/1601 1597/1597/1597 1598/1598/1598 
f 1602/1602/1602 1601/1601/1601 1598/1598/1598 
f 1478/1478/1478 1481/1481/1481 1601/1601/1601 
f 1603/1603/1603 1478/1478/1478 1601/1601/1601 
f 1603/1603/1603 1601/1601/1601 1602/1602/1602 
f 1604/1604/1604 1603/1603/1603 1602/1602/1602 
f 1602/1602/1602 1605/1605/1605 1604/1604/1604 
f 1605/1605/1605 1602/1602/1602 1598/1598/1598 
f 1605/1605/1605 1606/1606/1606 1604/1604/1604 
f 1607/1607/1607 1605/1605/1605 1598/1598/1598 
f 1607/1607/1607 1598/1598/1598 1599/1599/1599 
f 1608/1608/1608 1607/1607/1607 1599/1599/1599 
f 1608/1608/1608 1599/1599/1599 1600/1600/1600 
f 1609/1609/1609 1608/1608/1608 1600/1600/1600 
f 1610/1610/1610 1609/1609/1609 1600/1600/1600 
f 1611/1611/1611 1610/1610/1610 1600/1600/1600 
f 1612/1612/1612 1611/1611/1611 1600/1600/1600 
f 1613/1613/1613 1612/1612/1612 1600/1600/1600 
f 1613/1613/1613 1600/1600/1600 1511/1511/1511 
f 1600/1600/1600 1510/1510/1510 1511/1511/1511 
f 1613/1613/1613 1511/1511/1511 1512/1512/1512 
f 1614/1614/1614 1613/1613/1613 1512/1512/1512 
f 1612/1612/1612 1613/1613/1613 1614/1614/1614 
f 1615/1615/1615 1612/1612/1612 1614/1614/1614 
f 1614/1614/1614 1512/1512/1512 1516/1516/1516 
f 1616/1616/1616 1614/1614/1614 1516/1516/1516 
f 1615/1615/1615 1614/1614/1614 1616/1616/1616 
f 1617/1617/1617 1615/1615/1615 1616/1616/1616 
f 1616/1616/1616 1516/1516/1516 1523/1523/1523 
f 1618/1618/1618 1616/1616/1616 1523/1523/1523 
f 1617/1617/1617 1616/1616/1616 1618/1618/1618 
f 1619/1619/1619 1617/1617/1617 1618/1618/1618 
f 1620/1620/1620 1610/1610/1610 1611/1611/1611 
f 1621/1621/1621 1620/1620/1620 1611/1611/1611 
f 1622/1622/1622 1612/1612/1612 1615/1615/1615 
f 1622/1622/1622 1621/1621/1621 1611/1611/1611 
f 1612/1612/1612 1622/1622/1622 1611/1611/1611 
f 1623/1623/1623 1622/1622/1622 1615/1615/1615 
f 1623/1623/1623 1615/1615/1615 1617/1617/1617 
f 1624/1624/1624 1623/1623/1623 1617/1617/1617 
f 1624/1624/1624 1617/1617/1617 1619/1619/1619 
f 1625/1625/1625 1624/1624/1624 1619/1619/1619 
f 1626/1626/1626 1618/1618/1618 1523/1523/1523 
f 1627/1627/1627 1626/1626/1626 1523/1523/1523 
f 1627/1627/1627 1523/1523/1523 1628/1628/1628 
f 1627/1627/1627 1628/1628/1628 1629/1629/1629 
f 1630/1630/1630 1627/1627/1627 1629/1629/1629 
f 1630/1630/1630 1629/1629/1629 1631/1631/1631 
f 1632/1632/1632 1630/1630/1630 1631/1631/1631 
f 1633/1633/1633 1632/1632/1632 1631/1631/1631 
f 1554/1554/1554 1633/1633/1633 1631/1631/1631 
f 1554/1554/1554 1631/1631/1631 1549/1549/1549 
f 1631/1631/1631 1629/1629/1629 1549/1549/1549 
f 1629/1629/1629 1547/1547/1547 1549/1549/1549 
f 1629/1629/1629 1628/1628/1628 1547/1547/1547 
f 1628/1628/1628 1546/1546/1546 1547/1547/1547 
f 1628/1628/1628 1524/1524/1524 1546/1546/1546 
f 1523/1523/1523 1524/1524/1524 1628/1628/1628 
f 1524/1524/1524 1525/1525/1525 1546/1546/1546 
f 1546/1546/1546 1525/1525/1525 1544/1544/1544 
f 1525/1525/1525 1526/1526/1526 1544/1544/1544 
f 1554/1554/1554 1555/1555/1555 1633/1633/1633 
f 1555/1555/1555 1634/1634/1634 1633/1633/1633 
f 1555/1555/1555 1557/1557/1557 1634/1634/1634 
f 1557/1557/1557 1635/1635/1635 1634/1634/1634 
f 1635/1635/1635 1636/1636/1636 1634/1634/1634 
f 1636/1636/1636 1637/1637/1637 1634/1634/1634 
f 1634/1634/1634 1637/1637/1637 1633/1633/1633 
f 1637/1637/1637 1638/1638/1638 1633/1633/1633 
f 1557/1557/1557 1558/1558/1558 1635/1635/1635 
f 1558/1558/1558 1639/1639/1639 1635/1635/1635 
f 1635/1635/1635 1639/1639/1639 1636/1636/1636 
f 1639/1639/1639 1640/1640/1640 1636/1636/1636 
f 1558/1558/1558 1560/1560/1560 1639/1639/1639 
f 1560/1560/1560 1641/1641/1641 1639/1639/1639 
f 1639/1639/1639 1641/1641/1641 1640/1640/1640 
f 1641/1641/1641 1642/1642/1642 1640/1640/1640 
f 1641/1641/1641 1643/1643/1643 1642/1642/1642 
f 1643/1643/1643 1644/1644/1644 1642/1642/1642 
f 1644/1644/1644 1645/1645/1645 1642/1642/1642 
f 1641/1641/1641 1646/1646/1646 1643/1643/1643 
f 1646/1646/1646 1647/1647/1647 1643/1643/1643 
f 1644/1644/1644 1643/1643/1643 1647/1647/1647 
f 1646/1646/1646 1648/1648/1648 1647/1647/1647 
f 1648/1648/1648 1649/1649/1649 1647/1647/1647 
f 1649/1649/1649 1650/1650/1650 1647/1647/1647 
f 1650/1650/1650 1651/1651/1651 1647/1647/1647 
f 1651/1651/1651 1644/1644/1644 1647/1647/1647 
f 1645/1645/1645 1652/1652/1652 1642/1642/1642 
f 1652/1652/1652 1640/1640/1640 1642/1642/1642 
f 1640/1640/1640 1652/1652/1652 1636/1636/1636 
f 1652/1652/1652 1653/1653/1653 1636/1636/1636 
f 1636/1636/1636 1653/1653/1653 1637/1637/1637 
f 1653/1653/1653 1654/1654/1654 1637/1637/1637 
f 1637/1637/1637 1654/1654/1654 1638/1638/1638 
f 1654/1654/1654 1655/1655/1655 1638/1638/1638 
f 1655/1655/1655 1656/1656/1656 1638/1638/1638 
f 1656/1656/1656 1657/1657/1657 1638/1638/1638 
f 1657/1657/1657 1658/1658/1658 1638/1638/1638 
f 1658/1658/1658 1659/1659/1659 1638/1638/1638 
f 1638/1638/1638 1659/1659/1659 1632/1632/1632 
f 1633/1633/1633 1638/1638/1638 1632/1632/1632 
f 1632/1632/1632 1659/1659/1659 1630/1630/1630 
f 1659/1659/1659 1660/1660/1660 1630/1630/1630 
f 1659/1659/1659 1658/1658/1658 1660/1660/1660 
f 1658/1658/1658 1661/1661/1661 1660/1660/1660 
f 1630/1630/1630 1660/1660/1660 1627/1627/1627 
f 1660/1660/1660 1626/1626/1626 1627/1627/1627 
f 1660/1660/1660 1661/1661/1661 1626/1626/1626 
f 1661/1661/1661 1662/1662/1662 1626/1626/1626 
f 1626/1626/1626 1662/1662/1662 1618/1618/1618 
f 1662/1662/1662 1619/1619/1619 1618/1618/1618 
f 1656/1656/1656 1663/1663/1663 1657/1657/1657 
f 1663/1663/1663 1664/1664/1664 1657/1657/1657 
f 1664/1664/1664 1665/1665/1665 1657/1657/1657 
f 1665/1665/1665 1658/1658/1658 1657/1657/1657 
f 1658/1658/1658 1665/1665/1665 1661/1661/1661 
f 1665/1665/1665 1666/1666/1666 1661/1661/1661 
f 1661/1661/1661 1666/1666/1666 1662/1662/1662 
f 1666/1666/1666 1667/1667/1667 1662/1662/1662 
f 1662/1662/1662 1667/1667/1667 1619/1619/1619 
f 1667/1667/1667 1625/1625/1625 1619/1619/1619 
f 1668/1668/1668 1476/1476/1476 1603/1603/1603 
f 1476/1476/1476 1478/1478/1478 1603/1603/1603 
f 1473/1473/1473 1476/1476/1476 1668/1668/1668 
f 1669/1669/1669 1473/1473/1473 1668/1668/1668 
f 1475/1475/1475 1473/1473/1473 1669/1669/1669 
f 1670/1670/1670 1475/1475/1475 1669/1669/1669 
f 1671/1671/1671 1475/1475/1475 1670/1670/1670 
f 1472/1472/1472 1475/1475/1475 1671/1671/1671 
f 1672/1672/1672 1472/1472/1472 1671/1671/1671 
f 1673/1673/1673 1669/1669/1669 1668/1668/1668 
f 1670/1670/1670 1669/1669/1669 1673/1673/1673 
f 1674/1674/1674 1673/1673/1673 1668/1668/1668 
f 1675/1675/1675 1670/1670/1670 1673/1673/1673 
f 1676/1676/1676 1670/1670/1670 1675/1675/1675 
f 1677/1677/1677 1676/1676/1676 1675/1675/1675 
f 1678/1678/1678 1676/1676/1676 1677/1677/1677 
f 1678/1678/1678 1679/1679/1679 1676/1676/1676 
f 1679/1679/1679 1680/1680/1680 1676/1676/1676 
f 1679/1679/1679 1681/1681/1681 1680/1680/1680 
f 1681/1681/1681 1682/1682/1682 1680/1680/1680 
f 1680/1680/1680 1682/1682/1682 1683/1683/1683 
f 1676/1676/1676 1680/1680/1680 1683/1683/1683 
f 1683/1683/1683 1684/1684/1684 1676/1676/1676 
f 1684/1684/1684 1670/1670/1670 1676/1676/1676 
f 1683/1683/1683 1685/1685/1685 1684/1684/1684 
f 1685/1685/1685 1686/1686/1686 1684/1684/1684 
f 1687/1687/1687 1685/1685/1685 1683/1683/1683 
f 1682/1682/1682 1687/1687/1687 1683/1683/1683 
f 1684/1684/1684 1686/1686/1686 1670/1670/1670 
f 1686/1686/1686 1671/1671/1671 1670/1670/1670 
f 1686/1686/1686 1688/1688/1688 1671/1671/1671 
f 1685/1685/1685 1688/1688/1688 1686/1686/1686 
f 1688/1688/1688 1689/1689/1689 1671/1671/1671 
f 1689/1689/1689 1672/1672/1672 1671/1671/1671 
f 1691/1691/1691 1678/1678/1678 1690/1690/1690 
f 1560/1560/1560 1563/1563/1563 1641/1641/1641 
f 1563/1563/1563 1692/1692/1692 1641/1641/1641 
f 1563/1563/1563 1693/1693/1693 1692/1692/1692 
f 1693/1693/1693 1694/1694/1694 1692/1692/1692 
f 1694/1694/1694 1695/1695/1695 1692/1692/1692 
f 1694/1694/1694 1696/1696/1696 1695/1695/1695 
f 1696/1696/1696 1697/1697/1697 1695/1695/1695 
f 1696/1696/1696 1649/1649/1649 1697/1697/1697 
f 1649/1649/1649 1648/1648/1648 1697/1697/1697 
f 1697/1697/1697 1648/1648/1648 1695/1695/1695 
f 1694/1694/1694 1698/1698/1698 1696/1696/1696 
f 1694/1694/1694 1693/1693/1693 1698/1698/1698 
f 1698/1698/1698 1699/1699/1699 1696/1696/1696 
f 1699/1699/1699 1650/1650/1650 1696/1696/1696 
f 1650/1650/1650 1649/1649/1649 1696/1696/1696 
f 1693/1693/1693 1700/1700/1700 1698/1698/1698 
f 1648/1648/1648 1646/1646/1646 1695/1695/1695 
f 1641/1641/1641 1692/1692/1692 1646/1646/1646 
f 1692/1692/1692 1695/1695/1695 1646/1646/1646 
f 1563/1563/1563 1565/1565/1565 1693/1693/1693 
f 1565/1565/1565 1701/1701/1701 1693/1693/1693 
f 1565/1565/1565 1567/1567/1567 1701/1701/1701 
f 1567/1567/1567 1702/1702/1702 1701/1701/1701 
f 1567/1567/1567 1703/1703/1703 1702/1702/1702 
f 1567/1567/1567 1566/1566/1566 1703/1703/1703 
f 1566/1566/1566 1704/1704/1704 1703/1703/1703 
f 1701/1701/1701 1702/1702/1702 1705/1705/1705 
f 1701/1701/1701 1705/1705/1705 1693/1693/1693 
f 1705/1705/1705 1700/1700/1700 1693/1693/1693 
f 1702/1702/1702 1706/1706/1706 1705/1705/1705 
f 1702/1702/1702 1707/1707/1707 1706/1706/1706 
f 1707/1707/1707 1708/1708/1708 1706/1706/1706 
f 1707/1707/1707 1709/1709/1709 1708/1708/1708 
f 1710/1710/1710 1709/1709/1709 1707/1707/1707 
f 1711/1711/1711 1710/1710/1710 1707/1707/1707 
f 1712/1712/1712 1710/1710/1710 1711/1711/1711 
f 1713/1713/1713 1712/1712/1712 1711/1711/1711 
f 1713/1713/1713 1711/1711/1711 1714/1714/1714 
f 1711/1711/1711 1707/1707/1707 1714/1714/1714 
f 1715/1715/1715 1714/1714/1714 1707/1707/1707 
f 1702/1702/1702 1715/1715/1715 1707/1707/1707 
f 1716/1716/1716 1714/1714/1714 1715/1715/1715 
f 1717/1717/1717 1716/1716/1716 1715/1715/1715 
f 1716/1716/1716 1718/1718/1718 1714/1714/1714 
f 1718/1718/1718 1713/1713/1713 1714/1714/1714 
f 1717/1717/1717 1715/1715/1715 1702/1702/1702 
f 1703/1703/1703 1717/1717/1717 1702/1702/1702 
f 1719/1719/1719 1717/1717/1717 1703/1703/1703 
f 1719/1719/1719 1716/1716/1716 1717/1717/1717 
f 1720/1720/1720 1719/1719/1719 1703/1703/1703 
f 1704/1704/1704 1720/1720/1720 1703/1703/1703 
f 1709/1709/1709 1722/1722/1722 1721/1721/1721 
f 1604/1604/1604 1668/1668/1668 1603/1603/1603 
f 1668/1668/1668 1604/1604/1604 1674/1674/1674 
f 1604/1604/1604 1606/1606/1606 1674/1674/1674 
f 1725/1725/1725 1724/1724/1724 1723/1723/1723 
f 1724/1724/1724 1726/1726/1726 1723/1723/1723 
f 1727/1727/1727 1724/1724/1724 1725/1725/1725 
f 1728/1728/1728 1727/1727/1727 1725/1725/1725 
f 1729/1729/1729 1727/1727/1727 1728/1728/1728 
f 1730/1730/1730 1729/1729/1729 1728/1728/1728 
f 1731/1731/1731 1729/1729/1729 1730/1730/1730 
f 1732/1732/1732 1731/1731/1731 1730/1730/1730 
f 1733/1733/1733 1731/1731/1731 1732/1732/1732 
f 1734/1734/1734 1733/1733/1733 1732/1732/1732 
f 1735/1735/1735 1733/1733/1733 1734/1734/1734 
f 1736/1736/1736 1735/1735/1735 1734/1734/1734 
f 1723/1723/1723 1726/1726/1726 1737/1737/1737 
f 1726/1726/1726 1738/1738/1738 1737/1737/1737 
f 1737/1737/1737 1738/1738/1738 1739/1739/1739 
f 1738/1738/1738 1740/1740/1740 1739/1739/1739 
f 1739/1739/1739 1740/1740/1740 1741/1741/1741 
f 1740/1740/1740 1743/1743/1743 1742/1742/1742 
f 1742/1742/1742 1743/1743/1743 1744/1744/1744 
f 1743/1743/1743 1745/1745/1745 1744/1744/1744 
f 1744/1744/1744 1745/1745/1745 1746/1746/1746 
f 1745/1745/1745 1747/1747/1747 1746/1746/1746 
f 1750/1750/1750 1749/1749/1749 1748/1748/1748 
f 1749/1749/1749 1751/1751/1751 1748/1748/1748 
f 1752/1752/1752 1749/1749/1749 1750/1750/1750 
f 1753/1753/1753 1752/1752/1752 1750/1750/1750 
f 1754/1754/1754 1752/1752/1752 1753/1753/1753 
f 1755/1755/1755 1754/1754/1754 1753/1753/1753 
f 1748/1748/1748 1751/1751/1751 1756/1756/1756 
f 1751/1751/1751 1757/1757/1757 1756/1756/1756 
f 1756/1756/1756 1757/1757/1757 1758/1758/1758 
f 1757/1757/1757 1759/1759/1759 1758/1758/1758 
f 1758/1758/1758 1759/1759/1759 1760/1760/1760 
f 1759/1759/1759 1761/1761/1761 1760/1760/1760 
f 1760/1760/1760 1761/1761/1761 1762/1762/1762 
f 1761/1761/1761 1763/1763/1763 1762/1762/1762 
f 1762/1762/1762 1763/1763/1763 1764/1764/1764 
f 1763/1763/1763 1765/1765/1765 1764/1764/1764 
f 1766/1766/1766 1754/1754/1754 1755/1755/1755 
f 1767/1767/1767 1766/1766/1766 1755/1755/1755 
f 1768/1768/1768 1766/1766/1766 1767/1767/1767 
f 1769/1769/1769 1768/1768/1768 1767/1767/1767 
f 1770/1770/1770 1768/1768/1768 1769/1769/1769 
f 1771/1771/1771 1770/1770/1770 1769/1769/1769 
f 1772/1772/1772 1770/1770/1770 1771/1771/1771 
f 1773/1773/1773 1772/1772/1772 1771/1771/1771 
f 1774/1774/1774 1772/1772/1772 1773/1773/1773 
f 1764/1764/1764 1765/1765/1765 1775/1775/1775 
f 1765/1765/1765 1776/1776/1776 1775/1775/1775 
f 1778/1778/1778 1774/1774/1774 1777/1777/1777 
f 1779/1779/1779 1774/1774/1774 1778/1778/1778 
f 1780/1780/1780 1779/1779/1779 1778/1778/1778 
f 1781/1781/1781 1779/1779/1779 1780/1780/1780 
f 1782/1782/1782 1781/1781/1781 1780/1780/1780 
f 1785/1785/1785 1784/1784/1784 1783/1783/1783 
f 1784/1784/1784 1786/1786/1786 1783/1783/1783 
f 1783/1783/1783 1786/1786/1786 1787/1787/1787 
f 1787/1787/1787 1788/1788/1788 1783/1783/1783 
f 1788/1788/1788 1789/1789/1789 1783/1783/1783 
f 1786/1786/1786 1790/1790/1790 1787/1787/1787 
f 1791/1791/1791 1787/1787/1787 1790/1790/1790 
f 1792/1792/1792 1791/1791/1791 1790/1790/1790 
f 1793/1793/1793 1792/1792/1792 1790/1790/1790 
f 1794/1794/1794 1793/1793/1793 1790/1790/1790 
f 1794/1794/1794 1790/1790/1790 1786/1786/1786 
f 1794/1794/1794 1795/1795/1795 1793/1793/1793 
f 1795/1795/1795 1796/1796/1796 1793/1793/1793 
f 1795/1795/1795 1797/1797/1797 1796/1796/1796 
f 1797/1797/1797 1798/1798/1798 1796/1796/1796 
f 1799/1799/1799 1795/1795/1795 1794/1794/1794 
f 1799/1799/1799 1794/1794/1794 1786/1786/1786 
f 1799/1799/1799 1786/1786/1786 1784/1784/1784 
f 1795/1795/1795 1800/1800/1800 1797/1797/1797 
f 1795/1795/1795 1799/1799/1799 1800/1800/1800 
f 1800/1800/1800 1801/1801/1801 1797/1797/1797 
f 1799/1799/1799 1802/1802/1802 1800/1800/1800 
f 1797/1797/1797 1803/1803/1803 1798/1798/1798 
f 1803/1803/1803 1804/1804/1804 1798/1798/1798 
f 1797/1797/1797 1805/1805/1805 1803/1803/1803 
f 1805/1805/1805 1806/1806/1806 1803/1803/1803 
f 1801/1801/1801 1807/1807/1807 1797/1797/1797 
f 1807/1807/1807 1808/1808/1808 1805/1805/1805 
f 1809/1809/1809 1806/1806/1806 1805/1805/1805 
f 1810/1810/1810 1809/1809/1809 1805/1805/1805 
f 1808/1808/1808 1810/1810/1810 1811/1811/1811 
f 1809/1809/1809 1812/1812/1812 1806/1806/1806 
f 1812/1812/1812 1803/1803/1803 1806/1806/1806 
f 1803/1803/1803 1813/1813/1813 1804/1804/1804 
f 1803/1803/1803 1812/1812/1812 1813/1813/1813 
f 1813/1813/1813 1814/1814/1814 1804/1804/1804 
f 1812/1812/1812 1815/1815/1815 1813/1813/1813 
f 1814/1814/1814 1816/1816/1816 1804/1804/1804 
f 1816/1816/1816 1798/1798/1798 1804/1804/1804 
f 1816/1816/1816 1817/1817/1817 1798/1798/1798 
f 1817/1817/1817 1818/1818/1818 1798/1798/1798 
f 1798/1798/1798 1818/1818/1818 1796/1796/1796 
f 1818/1818/1818 1793/1793/1793 1796/1796/1796 
f 1818/1818/1818 1819/1819/1819 1793/1793/1793 
f 1819/1819/1819 1792/1792/1792 1793/1793/1793 
f 1817/1817/1817 1820/1820/1820 1818/1818/1818 
f 1820/1820/1820 1819/1819/1819 1818/1818/1818 
f 1820/1820/1820 1821/1821/1821 1819/1819/1819 
f 1821/1821/1821 1792/1792/1792 1819/1819/1819 
f 1814/1814/1814 1822/1822/1822 1816/1816/1816 
f 1814/1814/1814 1813/1813/1813 1822/1822/1822 
f 1822/1822/1822 1823/1823/1823 1816/1816/1816 
f 1823/1823/1823 1824/1824/1824 1816/1816/1816 
f 1824/1824/1824 1817/1817/1817 1816/1816/1816 
f 1824/1824/1824 1825/1825/1825 1817/1817/1817 
f 1825/1825/1825 1820/1820/1820 1817/1817/1817 
f 1825/1825/1825 1826/1826/1826 1820/1820/1820 
f 1826/1826/1826 1821/1821/1821 1820/1820/1820 
f 1824/1824/1824 1827/1827/1827 1825/1825/1825 
f 1827/1827/1827 1824/1824/1824 1823/1823/1823 
f 1821/1821/1821 1826/1826/1826 1828/1828/1828 
f 1828/1828/1828 1792/1792/1792 1821/1821/1821 
f 1828/1828/1828 1791/1791/1791 1792/1792/1792 
f 1828/1828/1828 1829/1829/1829 1791/1791/1791 
f 1829/1829/1829 1830/1830/1830 1791/1791/1791 
f 1791/1791/1791 1830/1830/1830 1787/1787/1787 
f 1830/1830/1830 1788/1788/1788 1787/1787/1787 
f 1830/1830/1830 1831/1831/1831 1788/1788/1788 
f 1831/1831/1831 1832/1832/1832 1788/1788/1788 
f 1831/1831/1831 1833/1833/1833 1832/1832/1832 
f 1833/1833/1833 1834/1834/1834 1832/1832/1832 
f 1833/1833/1833 1835/1835/1835 1834/1834/1834 
f 1835/1835/1835 1836/1836/1836 1834/1834/1834 
f 1788/1788/1788 1832/1832/1832 1789/1789/1789 
f 1789/1789/1789 1832/1832/1832 1837/1837/1837 
f 1832/1832/1832 1838/1838/1838 1837/1837/1837 
f 1832/1832/1832 1834/1834/1834 1838/1838/1838 
f 1834/1834/1834 1839/1839/1839 1838/1838/1838 
f 1834/1834/1834 1836/1836/1836 1839/1839/1839 
f 1836/1836/1836 1840/1840/1840 1839/1839/1839 
f 1829/1829/1829 1841/1841/1841 1830/1830/1830 
f 1841/1841/1841 1831/1831/1831 1830/1830/1830 
f 1841/1841/1841 1842/1842/1842 1831/1831/1831 
f 1842/1842/1842 1833/1833/1833 1831/1831/1831 
f 1842/1842/1842 1843/1843/1843 1833/1833/1833 
f 1843/1843/1843 1835/1835/1835 1833/1833/1833 
f 1844/1844/1844 1842/1842/1842 1841/1841/1841 
f 1845/1845/1845 1844/1844/1844 1841/1841/1841 
f 1845/1845/1845 1841/1841/1841 1846/1846/1846 
f 1846/1846/1846 1841/1841/1841 1847/1847/1847 
f 1848/1848/1848 1846/1846/1846 1847/1847/1847 
f 1849/1849/1849 1848/1848/1848 1847/1847/1847 
f 1849/1849/1849 1847/1847/1847 1829/1829/1829 
f 1841/1841/1841 1829/1829/1829 1847/1847/1847 
f 1828/1828/1828 1849/1849/1849 1829/1829/1829 
f 1844/1844/1844 1850/1850/1850 1842/1842/1842 
f 1850/1850/1850 1843/1843/1843 1842/1842/1842 
f 1848/1848/1848 1851/1851/1851 1846/1846/1846 
f 1851/1851/1851 1845/1845/1845 1846/1846/1846 
f 1845/1845/1845 1851/1851/1851 1844/1844/1844 
f 1844/1844/1844 1851/1851/1851 1850/1850/1850 
f 1851/1851/1851 1852/1852/1852 1850/1850/1850 
f 1849/1849/1849 1828/1828/1828 1853/1853/1853 
f 1853/1853/1853 1828/1828/1828 1854/1854/1854 
f 1855/1855/1855 1854/1854/1854 1828/1828/1828 
f 1854/1854/1854 1855/1855/1855 1856/1856/1856 
f 1855/1855/1855 1857/1857/1857 1856/1856/1856 
f 1857/1857/1857 1858/1858/1858 1856/1856/1856 
f 1858/1858/1858 1859/1859/1859 1856/1856/1856 
f 1856/1856/1856 1859/1859/1859 1860/1860/1860 
f 1860/1860/1860 1854/1854/1854 1856/1856/1856 
f 1860/1860/1860 1859/1859/1859 1861/1861/1861 
f 1859/1859/1859 1862/1862/1862 1861/1861/1861 
f 1862/1862/1862 1863/1863/1863 1861/1861/1861 
f 1863/1863/1863 1864/1864/1864 1861/1861/1861 
f 1864/1864/1864 1865/1865/1865 1861/1861/1861 
f 1861/1861/1861 1865/1865/1865 1866/1866/1866 
f 1866/1866/1866 1860/1860/1860 1861/1861/1861 
f 1865/1865/1865 1867/1867/1867 1866/1866/1866 
f 1866/1866/1866 1867/1867/1867 1868/1868/1868 
f 1869/1869/1869 1866/1866/1866 1868/1868/1868 
f 1870/1870/1870 1864/1864/1864 1863/1863/1863 
f 1871/1871/1871 1870/1870/1870 1863/1863/1863 
f 1863/1863/1863 1862/1862/1862 1871/1871/1871 
f 1872/1872/1872 1870/1870/1870 1871/1871/1871 
f 1873/1873/1873 1872/1872/1872 1871/1871/1871 
f 1874/1874/1874 1873/1873/1873 1871/1871/1871 
f 1862/1862/1862 1874/1874/1874 1871/1871/1871 
f 1869/1869/1869 1875/1875/1875 1866/1866/1866 
f 1875/1875/1875 1860/1860/1860 1866/1866/1866 
f 1873/1873/1873 1874/1874/1874 1876/1876/1876 
f 1874/1874/1874 1877/1877/1877 1876/1876/1876 
f 1876/1876/1876 1877/1877/1877 1878/1878/1878 
f 1878/1878/1878 1877/1877/1877 1879/1879/1879 
f 1877/1877/1877 1880/1880/1880 1879/1879/1879 
f 1880/1880/1880 1877/1877/1877 1874/1874/1874 
f 1879/1879/1879 1880/1880/1880 1858/1858/1858 
f 1858/1858/1858 1880/1880/1880 1859/1859/1859 
f 1880/1880/1880 1862/1862/1862 1859/1859/1859 
f 1862/1862/1862 1880/1880/1880 1874/1874/1874 
f 1881/1881/1881 1879/1879/1879 1858/1858/1858 
f 1882/1882/1882 1876/1876/1876 1878/1878/1878 
f 1872/1872/1872 1873/1873/1873 1882/1882/1882 
f 1873/1873/1873 1876/1876/1876 1882/1882/1882 
f 1883/1883/1883 1882/1882/1882 1878/1878/1878 
f 1884/1884/1884 1879/1879/1879 1881/1881/1881 
f 1883/1883/1883 1878/1878/1878 1884/1884/1884 
f 1878/1878/1878 1879/1879/1879 1884/1884/1884 
f 1885/1885/1885 1884/1884/1884 1881/1881/1881 
f 1886/1886/1886 1881/1881/1881 1858/1858/1858 
f 1886/1886/1886 1858/1858/1858 1857/1857/1857 
f 1887/1887/1887 1886/1886/1886 1857/1857/1857 
f 1888/1888/1888 1886/1886/1886 1887/1887/1887 
f 1889/1889/1889 1888/1888/1888 1887/1887/1887 
f 1890/1890/1890 1886/1886/1886 1888/1888/1888 
f 1885/1885/1885 1881/1881/1881 1890/1890/1890 
f 1881/1881/1881 1886/1886/1886 1890/1890/1890 
f 1891/1891/1891 1890/1890/1890 1888/1888/1888 
f 1892/1892/1892 1888/1888/1888 1889/1889/1889 
f 1893/1893/1893 1892/1892/1892 1889/1889/1889 
f 1894/1894/1894 1888/1888/1888 1892/1892/1892 
f 1895/1895/1895 1894/1894/1894 1892/1892/1892 
f 1896/1896/1896 1891/1891/1891 1888/1888/1888 
f 1897/1897/1897 1896/1896/1896 1894/1894/1894 
f 1898/1898/1898 1897/1897/1897 1894/1894/1894 
f 1895/1895/1895 1899/1899/1899 1894/1894/1894 
f 1899/1899/1899 1898/1898/1898 1894/1894/1894 
f 1892/1892/1892 1900/1900/1900 1895/1895/1895 
f 1900/1900/1900 1899/1899/1899 1895/1895/1895 
f 1901/1901/1901 1892/1892/1892 1893/1893/1893 
f 1900/1900/1900 1892/1892/1892 1901/1901/1901 
f 1902/1902/1902 1901/1901/1901 1893/1893/1893 
f 1903/1903/1903 1900/1900/1900 1901/1901/1901 
f 1889/1889/1889 1904/1904/1904 1893/1893/1893 
f 1904/1904/1904 1902/1902/1902 1893/1893/1893 
f 1905/1905/1905 1904/1904/1904 1889/1889/1889 
f 1906/1906/1906 1902/1902/1902 1904/1904/1904 
f 1901/1901/1901 1902/1902/1902 1906/1906/1906 
f 1907/1907/1907 1906/1906/1906 1904/1904/1904 
f 1905/1905/1905 1908/1908/1908 1904/1904/1904 
f 1908/1908/1908 1907/1907/1907 1904/1904/1904 
f 1825/1825/1825 1908/1908/1908 1905/1905/1905 
f 1909/1909/1909 1825/1825/1825 1905/1905/1905 
f 1909/1909/1909 1905/1905/1905 1910/1910/1910 
f 1910/1910/1910 1905/1905/1905 1889/1889/1889 
f 1910/1910/1910 1889/1889/1889 1887/1887/1887 
f 1857/1857/1857 1910/1910/1910 1887/1887/1887 
f 1911/1911/1911 1910/1910/1910 1857/1857/1857 
f 1911/1911/1911 1909/1909/1909 1910/1910/1910 
f 1855/1855/1855 1911/1911/1911 1857/1857/1857 
f 1912/1912/1912 1909/1909/1909 1911/1911/1911 
f 1855/1855/1855 1912/1912/1912 1911/1911/1911 
f 1912/1912/1912 1826/1826/1826 1909/1909/1909 
f 1826/1826/1826 1825/1825/1825 1909/1909/1909 
f 1827/1827/1827 1908/1908/1908 1825/1825/1825 
f 1908/1908/1908 1827/1827/1827 1907/1907/1907 
f 1828/1828/1828 1826/1826/1826 1912/1912/1912 
f 1912/1912/1912 1855/1855/1855 1828/1828/1828 
f 1907/1907/1907 1913/1913/1913 1906/1906/1906 
f 1913/1913/1913 1914/1914/1914 1906/1906/1906 
f 1915/1915/1915 1913/1913/1913 1907/1907/1907 
f 1916/1916/1916 1913/1913/1913 1915/1915/1915 
f 1914/1914/1914 1913/1913/1913 1916/1916/1916 
f 1917/1917/1917 1916/1916/1916 1915/1915/1915 
f 1918/1918/1918 1914/1914/1914 1916/1916/1916 
f 1901/1901/1901 1914/1914/1914 1918/1918/1918 
f 1914/1914/1914 1901/1901/1901 1906/1906/1906 
f 1903/1903/1903 1901/1901/1901 1918/1918/1918 
f 1918/1918/1918 1919/1919/1919 1903/1903/1903 
f 1919/1919/1919 1920/1920/1920 1903/1903/1903 
f 1920/1920/1920 1921/1921/1921 1903/1903/1903 
f 1921/1921/1921 1900/1900/1900 1903/1903/1903 
f 1900/1900/1900 1921/1921/1921 1899/1899/1899 
f 1921/1921/1921 1922/1922/1922 1899/1899/1899 
f 1899/1899/1899 1922/1922/1922 1898/1898/1898 
f 1922/1922/1922 1923/1923/1923 1898/1898/1898 
f 1923/1923/1923 1924/1924/1924 1898/1898/1898 
f 1924/1924/1924 1897/1897/1897 1898/1898/1898 
f 1916/1916/1916 1925/1925/1925 1918/1918/1918 
f 1925/1925/1925 1919/1919/1919 1918/1918/1918 
f 1926/1926/1926 1925/1925/1925 1916/1916/1916 
f 1917/1917/1917 1926/1926/1926 1916/1916/1916 
f 1807/1807/1807 1928/1928/1928 1927/1927/1927 
f 1929/1929/1929 1807/1807/1807 1801/1801/1801 
f 1930/1930/1930 1929/1929/1929 1801/1801/1801 
f 1930/1930/1930 1801/1801/1801 1800/1800/1800 
f 1931/1931/1931 1930/1930/1930 1800/1800/1800 
f 1931/1931/1931 1800/1800/1800 1802/1802/1802 
f 1932/1932/1932 1931/1931/1931 1802/1802/1802 
f 1929/1929/1929 1933/1933/1933 1807/1807/1807 
f 1933/1933/1933 1808/1808/1808 1807/1807/1807 
f 1933/1933/1933 1934/1934/1934 1808/1808/1808 
f 1934/1934/1934 1935/1935/1935 1808/1808/1808 
f 1808/1808/1808 1935/1935/1935 1810/1810/1810 
f 1935/1935/1935 1936/1936/1936 1810/1810/1810 
f 1936/1936/1936 1937/1937/1937 1810/1810/1810 
f 1937/1937/1937 1809/1809/1809 1810/1810/1810 
f 1937/1937/1937 1938/1938/1938 1809/1809/1809 
f 1938/1938/1938 1812/1812/1812 1809/1809/1809 
f 1812/1812/1812 1938/1938/1938 1815/1815/1815 
f 1938/1938/1938 1939/1939/1939 1815/1815/1815 
f 1939/1939/1939 1940/1940/1940 1815/1815/1815 
f 1940/1940/1940 1941/1941/1941 1815/1815/1815 
f 1813/1813/1813 1815/1815/1815 1941/1941/1941 
f 1942/1942/1942 1813/1813/1813 1941/1941/1941 
f 1813/1813/1813 1942/1942/1942 1822/1822/1822 
f 1942/1942/1942 1943/1943/1943 1822/1822/1822 
f 1943/1943/1943 1823/1823/1823 1822/1822/1822 
f 1943/1943/1943 1944/1944/1944 1823/1823/1823 
f 1944/1944/1944 1945/1945/1945 1823/1823/1823 
f 1945/1945/1945 1827/1827/1827 1823/1823/1823 
f 1943/1943/1943 1946/1946/1946 1944/1944/1944 
f 1943/1943/1943 1942/1942/1942 1946/1946/1946 
f 1942/1942/1942 1941/1941/1941 1946/1946/1946 
f 1946/1946/1946 1947/1947/1947 1944/1944/1944 
f 1940/1940/1940 1948/1948/1948 1941/1941/1941 
f 1948/1948/1948 1946/1946/1946 1941/1941/1941 
f 1948/1948/1948 1949/1949/1949 1946/1946/1946 
f 1949/1949/1949 1947/1947/1947 1946/1946/1946 
f 1827/1827/1827 1945/1945/1945 1907/1907/1907 
f 1945/1945/1945 1915/1915/1915 1907/1907/1907 
f 1952/1952/1952 1951/1951/1951 1950/1950/1950 
f 1875/1875/1875 1953/1953/1953 1860/1860/1860 
f 1953/1953/1953 1854/1854/1854 1860/1860/1860 
f 1953/1953/1953 1853/1853/1853 1854/1854/1854 
f 1954/1954/1954 1953/1953/1953 1875/1875/1875 
f 1955/1955/1955 1954/1954/1954 1875/1875/1875 
f 1956/1956/1956 1954/1954/1954 1955/1955/1955 
f 1957/1957/1957 1956/1956/1956 1955/1955/1955 
f 1958/1958/1958 1956/1956/1956 1957/1957/1957 
f 1959/1959/1959 1958/1958/1958 1957/1957/1957 
f 1955/1955/1955 1875/1875/1875 1869/1869/1869 
f 1955/1955/1955 1869/1869/1869 1868/1868/1868 
f 1960/1960/1960 1955/1955/1955 1868/1868/1868 
f 1957/1957/1957 1955/1955/1955 1960/1960/1960 
f 1961/1961/1961 1957/1957/1957 1960/1960/1960 
f 1959/1959/1959 1957/1957/1957 1961/1961/1961 
f 1962/1962/1962 1959/1959/1959 1961/1961/1961 
f 1954/1954/1954 1963/1963/1963 1953/1953/1953 
f 1963/1963/1963 1853/1853/1853 1953/1953/1953 
f 1956/1956/1956 1964/1964/1964 1954/1954/1954 
f 1964/1964/1964 1963/1963/1963 1954/1954/1954 
f 1958/1958/1958 1965/1965/1965 1956/1956/1956 
f 1965/1965/1965 1964/1964/1964 1956/1956/1956 
f 1853/1853/1853 1963/1963/1963 1966/1966/1966 
f 1966/1966/1966 1849/1849/1849 1853/1853/1853 
f 1848/1848/1848 1849/1849/1849 1966/1966/1966 
f 1967/1967/1967 1848/1848/1848 1966/1966/1966 
f 1963/1963/1963 1967/1967/1967 1966/1966/1966 
f 1963/1963/1963 1968/1968/1968 1967/1967/1967 
f 1964/1964/1964 1969/1969/1969 1963/1963/1963 
f 1969/1969/1969 1968/1968/1968 1963/1963/1963 
f 1965/1965/1965 1970/1970/1970 1964/1964/1964 
f 1970/1970/1970 1969/1969/1969 1964/1964/1964 
f 1968/1968/1968 1851/1851/1851 1967/1967/1967 
f 1851/1851/1851 1848/1848/1848 1967/1967/1967 
f 1851/1851/1851 1968/1968/1968 1969/1969/1969 
f 1851/1851/1851 1969/1969/1969 1970/1970/1970 
f 1852/1852/1852 1851/1851/1851 1970/1970/1970 
f 1802/1802/1802 1799/1799/1799 1784/1784/1784 
f 1932/1932/1932 1802/1802/1802 1784/1784/1784 
f 1971/1971/1971 1932/1932/1932 1784/1784/1784 
f 1971/1971/1971 1784/1784/1784 1785/1785/1785 
f 1972/1972/1972 1971/1971/1971 1785/1785/1785 
f 1972/1972/1972 1785/1785/1785 1837/1837/1837 
f 1785/1785/1785 1973/1973/1973 1837/1837/1837 
f 1974/1974/1974 1973/1973/1973 1785/1785/1785 
f 1975/1975/1975 1974/1974/1974 1785/1785/1785 
f 1783/1783/1783 1975/1975/1975 1785/1785/1785 
f 1976/1976/1976 1975/1975/1975 1783/1783/1783 
f 1977/1977/1977 1976/1976/1976 1783/1783/1783 
f 1789/1789/1789 1977/1977/1977 1783/1783/1783 
f 1977/1977/1977 1789/1789/1789 1978/1978/1978 
f 1978/1978/1978 1789/1789/1789 1837/1837/1837 
f 1973/1973/1973 1979/1979/1979 1837/1837/1837 
f 1979/1979/1979 1980/1980/1980 1837/1837/1837 
f 1980/1980/1980 1978/1978/1978 1837/1837/1837 
f 1981/1981/1981 1972/1972/1972 1837/1837/1837 
f 1981/1981/1981 1837/1837/1837 1838/1838/1838 
f 1982/1982/1982 1981/1981/1981 1838/1838/1838 
f 1982/1982/1982 1838/1838/1838 1839/1839/1839 
f 1983/1983/1983 1982/1982/1982 1839/1839/1839 
f 1983/1983/1983 1839/1839/1839 1840/1840/1840 
f 1984/1984/1984 1983/1983/1983 1840/1840/1840 
f 1985/1985/1985 1981/1981/1981 1982/1982/1982 
f 1985/1985/1985 1986/1986/1986 1981/1981/1981 
f 1986/1986/1986 1972/1972/1972 1981/1981/1981 
f 1986/1986/1986 1987/1987/1987 1972/1972/1972 
f 1987/1987/1987 1971/1971/1971 1972/1972/1972 
f 1988/1988/1988 1985/1985/1985 1982/1982/1982 
f 1988/1988/1988 1982/1982/1982 1983/1983/1983 
f 1989/1989/1989 1988/1988/1988 1983/1983/1983 
f 1989/1989/1989 1983/1983/1983 1984/1984/1984 
f 1990/1990/1990 1989/1989/1989 1984/1984/1984 
f 1987/1987/1987 1991/1991/1991 1971/1971/1971 
f 1991/1991/1991 1932/1932/1932 1971/1971/1971 
f 1991/1991/1991 1992/1992/1992 1932/1932/1932 
f 1992/1992/1992 1931/1931/1931 1932/1932/1932 
f 1992/1992/1992 1993/1993/1993 1931/1931/1931 
f 1993/1993/1993 1930/1930/1930 1931/1931/1931 
f 1993/1993/1993 1994/1994/1994 1930/1930/1930 
f 1994/1994/1994 1929/1929/1929 1930/1930/1930 
f 1994/1994/1994 1995/1995/1995 1929/1929/1929 
f 1995/1995/1995 1933/1933/1933 1929/1929/1929 
f 1995/1995/1995 1996/1996/1996 1933/1933/1933 
f 1996/1996/1996 1934/1934/1934 1933/1933/1933 
f 1999/1999/1999 1998/1998/1998 1997/1997/1997 
f 2000/2000/2000 1998/1998/1998 1999/1999/1999 
f 2001/2001/2001 2000/2000/2000 1999/1999/1999 
f 2002/2002/2002 2000/2000/2000 2001/2001/2001 
f 2003/2003/2003 2002/2002/2002 2001/2001/2001 
f 2003/2003/2003 2004/2004/2004 2002/2002/2002 
f 2007/2007/2007 2006/2006/2006 2005/2005/2005 
f 2006/2006/2006 2008/2008/2008 2005/2005/2005 
f 2007/2007/2007 2005/2005/2005 2009/2009/2009 
f 2010/2010/2010 2007/2007/2007 2009/2009/2009 
f 2010/2010/2010 2009/2009/2009 2011/2011/2011 
f 2012/2012/2012 2010/2010/2010 2011/2011/2011 
f 2012/2012/2012 2011/2011/2011 2013/2013/2013 
f 2014/2014/2014 2012/2012/2012 2013/2013/2013 
f 2014/2014/2014 2013/2013/2013 2015/2015/2015 
f 2016/2016/2016 2014/2014/2014 2015/2015/2015 
f 2016/2016/2016 2015/2015/2015 2017/2017/2017 
f 2018/2018/2018 2016/2016/2016 2017/2017/2017 
f 2018/2018/2018 2017/2017/2017 2019/2019/2019 
f 2020/2020/2020 2018/2018/2018 2019/2019/2019 
f 2022/2022/2022 2020/2020/2020 2021/2021/2021 
f 2020/2020/2020 2023/2023/2023 2021/2021/2021 
f 2026/2026/2026 2025/2025/2025 2024/2024/2024 
f 2026/2026/2026 2024/2024/2024 2027/2027/2027 
f 2025/2025/2025 2029/2029/2029 2028/2028/2028 
f 2025/2025/2025 2030/2030/2030 2029/2029/2029 
f 2032/2032/2032 2026/2026/2026 2031/2031/2031 
f 2034/2034/2034 2032/2032/2032 2033/2033/2033 
f 2034/2034/2034 2033/2033/2033 2035/2035/2035 
f 2032/2032/2032 2037/2037/2037 2036/2036/2036 
f 2039/2039/2039 2034/2034/2034 2038/2038/2038 
f 2039/2039/2039 2038/2038/2038 2040/2040/2040 
f 2041/2041/2041 2039/2039/2039 2040/2040/2040 
f 2041/2041/2041 2040/2040/2040 2042/2042/2042 
f 2044/2044/2044 2041/2041/2041 2043/2043/2043 
f 2044/2044/2044 2043/2043/2043 2045/2045/2045 
f 2047/2047/2047 2044/2044/2044 2046/2046/2046 
f 2049/2049/2049 2046/2046/2046 2048/2048/2048 
f 2050/2050/2050 2049/2049/2049 2048/2048/2048 
f 2050/2050/2050 2048/2048/2048 2051/2051/2051 
f 2052/2052/2052 2050/2050/2050 2051/2051/2051 
f 2052/2052/2052 2051/2051/2051 2053/2053/2053 
f 2054/2054/2054 2052/2052/2052 2053/2053/2053 
f 2054/2054/2054 2053/2053/2053 2055/2055/2055 
f 2056/2056/2056 2054/2054/2054 2055/2055/2055 
f 2056/2056/2056 2055/2055/2055 2057/2057/2057 
f 2058/2058/2058 2056/2056/2056 2057/2057/2057 
f 2058/2058/2058 2057/2057/2057 2059/2059/2059 
f 2060/2060/2060 2058/2058/2058 2059/2059/2059 
f 2060/2060/2060 2059/2059/2059 2061/2061/2061 
f 2062/2062/2062 2060/2060/2060 2061/2061/2061 
f 2030/2030/2030 2064/2064/2064 2063/2063/2063 
f 2030/2030/2030 2065/2065/2065 2064/2064/2064 
f 2065/2065/2065 2067/2067/2067 2066/2066/2066 
f 2065/2065/2065 2069/2069/2069 2068/2068/2068 
f 2069/2069/2069 2070/2070/2070 2068/2068/2068 
f 2073/2073/2073 2072/2072/2072 2071/2071/2071 
f 2072/2072/2072 2074/2074/2074 2071/2071/2071 
f 2073/2073/2073 2071/2071/2071 2075/2075/2075 
f 2076/2076/2076 2073/2073/2073 2075/2075/2075 
f 2076/2076/2076 2075/2075/2075 2077/2077/2077 
f 2078/2078/2078 2076/2076/2076 2077/2077/2077 
f 2078/2078/2078 2077/2077/2077 2079/2079/2079 
f 2080/2080/2080 2078/2078/2078 2079/2079/2079 
f 2080/2080/2080 2079/2079/2079 2081/2081/2081 
f 2082/2082/2082 2080/2080/2080 2081/2081/2081 
f 2082/2082/2082 2081/2081/2081 2083/2083/2083 
f 2084/2084/2084 2082/2082/2082 2083/2083/2083 
f 2084/2084/2084 2083/2083/2083 2085/2085/2085 
f 2086/2086/2086 2084/2084/2084 2085/2085/2085 
f 2086/2086/2086 2085/2085/2085 2087/2087/2087 
f 2088/2088/2088 2086/2086/2086 2087/2087/2087 
f 2088/2088/2088 2087/2087/2087 2089/2089/2089 
f 2090/2090/2090 2088/2088/2088 2089/2089/2089 
f 2090/2090/2090 2089/2089/2089 2091/2091/2091 
f 2092/2092/2092 2090/2090/2090 2091/2091/2091 
f 2092/2092/2092 2091/2091/2091 2093/2093/2093 
f 2094/2094/2094 2092/2092/2092 2093/2093/2093 
f 2094/2094/2094 2093/2093/2093 2095/2095/2095 
f 2096/2096/2096 2094/2094/2094 2095/2095/2095 
f 2096/2096/2096 2095/2095/2095 2097/2097/2097 
f 2098/2098/2098 2096/2096/2096 2097/2097/2097 
f 2098/2098/2098 2097/2097/2097 2099/2099/2099 
f 2100/2100/2100 2098/2098/2098 2099/2099/2099 
f 2072/2072/2072 2101/2101/2101 2074/2074/2074 
f 2101/2101/2101 2102/2102/2102 2074/2074/2074 
f 2101/2101/2101 2103/2103/2103 2102/2102/2102 
f 2103/2103/2103 2104/2104/2104 2102/2102/2102 
f 2103/2103/2103 2105/2105/2105 2104/2104/2104 
f 2105/2105/2105 2106/2106/2106 2104/2104/2104 
f 2109/2109/2109 2108/2108/2108 2107/2107/2107 
f 2108/2108/2108 2110/2110/2110 2107/2107/2107 
f 2113/2113/2113 2112/2112/2112 2111/2111/2111 
f 2112/2112/2112 2114/2114/2114 2111/2111/2111 
f 2115/2115/2115 2113/2113/2113 2111/2111/2111 
f 2116/2116/2116 2115/2115/2115 2111/2111/2111 
f 2119/2119/2119 2118/2118/2118 2117/2117/2117 
f 2118/2118/2118 2120/2120/2120 2117/2117/2117 
f 2123/2123/2123 2122/2122/2122 2121/2121/2121 
f 2126/2126/2126 2125/2125/2125 2124/2124/2124 
f 2125/2125/2125 2127/2127/2127 2124/2124/2124 
f 2130/2130/2130 2129/2129/2129 2128/2128/2128 
f 2129/2129/2129 2131/2131/2131 2128/2128/2128 
f 2134/2134/2134 2133/2133/2133 2132/2132/2132 
f 2133/2133/2133 2135/2135/2135 2132/2132/2132 
f 2136/2136/2136 2133/2133/2133 2134/2134/2134 
f 2137/2137/2137 2136/2136/2136 2134/2134/2134 
f 2138/2138/2138 2136/2136/2136 2137/2137/2137 
f 2139/2139/2139 2138/2138/2138 2137/2137/2137 
f 2142/2142/2142 2141/2141/2141 2140/2140/2140 
f 2141/2141/2141 2143/2143/2143 2140/2140/2140 
f 2146/2146/2146 2145/2145/2145 2144/2144/2144 
f 2145/2145/2145 2147/2147/2147 2144/2144/2144 
f 2148/2148/2148 2145/2145/2145 2146/2146/2146 
f 2149/2149/2149 2148/2148/2148 2146/2146/2146 
f 2152/2152/2152 2151/2151/2151 2150/2150/2150 
f 2151/2151/2151 2153/2153/2153 2150/2150/2150 
f 2156/2156/2156 2155/2155/2155 2154/2154/2154 
f 2155/2155/2155 2157/2157/2157 2154/2154/2154 
f 2160/2160/2160 2159/2159/2159 2158/2158/2158 
f 2159/2159/2159 2161/2161/2161 2158/2158/2158 
f 2162/2162/2162 2159/2159/2159 2160/2160/2160 
f 2162/2162/2162 2160/2160/2160 2163/2163/2163 
f 2160/2160/2160 2164/2164/2164 2163/2163/2163 
f 2167/2167/2167 2166/2166/2166 2165/2165/2165 
f 2166/2166/2166 2168/2168/2168 2165/2165/2165 
f 2169/2169/2169 2167/2167/2167 2165/2165/2165 
f 2172/2172/2172 2171/2171/2171 2170/2170/2170 
f 2171/2171/2171 2173/2173/2173 2170/2170/2170 
f 2174/2174/2174 2172/2172/2172 2170/2170/2170 
f 2175/2175/2175 2174/2174/2174 2170/2170/2170 
f 2177/2177/2177 2175/2175/2175 2176/2176/2176 
f 2178/2178/2178 2177/2177/2177 2176/2176/2176 
f 2178/2178/2178 2176/2176/2176 2179/2179/2179 
f 2180/2180/2180 2178/2178/2178 2179/2179/2179 
f 2183/2183/2183 2182/2182/2182 2181/2181/2181 
f 2182/2182/2182 2184/2184/2184 2181/2181/2181 
f 2185/2185/2185 2183/2183/2183 2181/2181/2181 
f 2188/2188/2188 2187/2187/2187 2186/2186/2186 
f 2188/2188/2188 2186/2186/2186 2189/2189/2189 
f 2190/2190/2190 2188/2188/2188 2189/2189/2189 
f 2191/2191/2191 2188/2188/2188 2190/2190/2190 
f 2192/2192/2192 2191/2191/2191 2190/2190/2190 
f 2193/2193/2193 2191/2191/2191 2192/2192/2192 
f 2194/2194/2194 2193/2193/2193 2192/2192/2192 
f 2197/2197/2197 2196/2196/2196 2195/2195/2195 
f 2198/2198/2198 2197/2197/2197 2195/2195/2195 
f 2201/2201/2201 2200/2200/2200 2199/2199/2199 
f 2204/2204/2204 2203/2203/2203 2202/2202/2202 
f 2203/2203/2203 2205/2205/2205 2202/2202/2202 
f 2206/2206/2206 2205/2205/2205 2203/2203/2203 
f 2202/2202/2202 2205/2205/2205 2207/2207/2207 
f 2205/2205/2205 2208/2208/2208 2207/2207/2207 
f 2209/2209/2209 2205/2205/2205 2206/2206/2206 
f 2211/2211/2211 2210/2210/2210 2203/2203/2203 
f 2214/2214/2214 2213/2213/2213 2212/2212/2212 
f 2213/2213/2213 2216/2216/2216 2215/2215/2215 
f 2219/2219/2219 2218/2218/2218 2217/2217/2217 
f 2218/2218/2218 2220/2220/2220 2217/2217/2217 
f 2223/2223/2223 2222/2222/2222 2221/2221/2221 
f 2222/2222/2222 2224/2224/2224 2221/2221/2221 
f 2227/2227/2227 2226/2226/2226 2225/2225/2225 
f 2226/2226/2226 2228/2228/2228 2225/2225/2225 
f 2231/2231/2231 2230/2230/2230 2229/2229/2229 
f 2230/2230/2230 2232/2232/2232 2229/2229/2229 
f 2235/2235/2235 2234/2234/2234 2233/2233/2233 
f 2234/2234/2234 2236/2236/2236 2233/2233/2233 
f 2239/2239/2239 2238/2238/2238 2237/2237/2237 
f 2238/2238/2238 2240/2240/2240 2237/2237/2237 
f 2243/2243/2243 2242/2242/2242 2241/2241/2241 
f 2242/2242/2242 2244/2244/2244 2241/2241/2241 
f 2247/2247/2247 2246/2246/2246 2245/2245/2245 
f 2246/2246/2246 2248/2248/2248 2245/2245/2245 
f 2251/2251/2251 2250/2250/2250 2249/2249/2249 
f 2254/2254/2254 2253/2253/2253 2252/2252/2252 
f 2253/2253/2253 2255/2255/2255 2252/2252/2252 
f 2254/2254/2254 2252/2252/2252 2256/2256/2256 
f 2257/2257/2257 2254/2254/2254 2256/2256/2256 
f 2260/2260/2260 2259/2259/2259 2258/2258/2258 
f 2259/2259/2259 2261/2261/2261 2258/2258/2258 
f 2264/2264/2264 2263/2263/2263 2262/2262/2262 
f 2263/2263/2263 2265/2265/2265 2262/2262/2262 
f 2268/2268/2268 2267/2267/2267 2266/2266/2266 
f 2267/2267/2267 2269/2269/2269 2266/2266/2266 
f 2272/2272/2272 2271/2271/2271 2270/2270/2270 
f 2271/2271/2271 2273/2273/2273 2270/2270/2270 
f 2276/2276/2276 2275/2275/2275 2274/2274/2274 
f 2275/2275/2275 2277/2277/2277 2274/2274/2274 
f 2280/2280/2280 2279/2279/2279 2278/2278/2278 
f 2279/2279/2279 2281/2281/2281 2278/2278/2278 
f 2282/2282/2282 2279/2279/2279 2280/2280/2280 
f 2283/2283/2283 2282/2282/2282 2280/2280/2280 
f 2286/2286/2286 2285/2285/2285 2284/2284/2284 
f 2285/2285/2285 2287/2287/2287 2284/2284/2284 
f 2290/2290/2290 2289/2289/2289 2288/2288/2288 
f 2293/2293/2293 2292/2292/2292 2291/2291/2291 
f 2292/2292/2292 2294/2294/2294 2291/2291/2291 
f 2297/2297/2297 2296/2296/2296 2295/2295/2295 
f 2296/2296/2296 2298/2298/2298 2295/2295/2295 
f 2301/2301/2301 2300/2300/2300 2299/2299/2299 
f 2300/2300/2300 2303/2303/2303 2302/2302/2302 
f 2306/2306/2306 2305/2305/2305 2304/2304/2304 
f 2305/2305/2305 2307/2307/2307 2304/2304/2304 
f 2310/2310/2310 2309/2309/2309 2308/2308/2308 
f 2309/2309/2309 2311/2311/2311 2308/2308/2308 
f 2312/2312/2312 2309/2309/2309 2310/2310/2310 
f 2313/2313/2313 2312/2312/2312 2310/2310/2310 
f 2316/2316/2316 2315/2315/2315 2314/2314/2314 
f 2315/2315/2315 2317/2317/2317 2314/2314/2314 
f 2320/2320/2320 2319/2319/2319 2318/2318/2318 
f 2319/2319/2319 2321/2321/2321 2318/2318/2318 
f 2324/2324/2324 2323/2323/2323 2322/2322/2322 
f 2327/2327/2327 2326/2326/2326 2325/2325/2325 
f 2326/2326/2326 2328/2328/2328 2325/2325/2325 
f 2331/2331/2331 2330/2330/2330 2329/2329/2329 
f 2330/2330/2330 2332/2332/2332 2329/2329/2329 
f 2335/2335/2335 2334/2334/2334 2333/2333/2333 
f 2334/2334/2334 2336/2336/2336 2333/2333/2333 
f 2337/2337/2337 2336/2336/2336 2334/2334/2334 
f 2338/2338/2338 2337/2337/2337 2334/2334/2334 
f 2339/2339/2339 2338/2338/2338 2334/2334/2334 
f 2339/2339/2339 2340/2340/2340 2338/2338/2338 
f 2340/2340/2340 2341/2341/2341 2338/2338/2338 
f 2335/2335/2335 2333/2333/2333 2342/2342/2342 
f 2333/2333/2333 2343/2343/2343 2342/2342/2342 
f 2343/2343/2343 2344/2344/2344 2342/2342/2342 
f 2344/2344/2344 2345/2345/2345 2342/2342/2342 
f 2342/2342/2342 2345/2345/2345 2346/2346/2346 
f 2346/2346/2346 2345/2345/2345 2347/2347/2347 
f 2345/2345/2345 2348/2348/2348 2347/2347/2347 
f 2348/2348/2348 2345/2345/2345 2344/2344/2344 
f 2347/2347/2347 2348/2348/2348 2349/2349/2349 
f 2348/2348/2348 2350/2350/2350 2349/2349/2349 
f 2349/2349/2349 2350/2350/2350 2351/2351/2351 
f 2351/2351/2351 2350/2350/2350 2352/2352/2352 
f 2350/2350/2350 2353/2353/2353 2352/2352/2352 
f 2348/2348/2348 2353/2353/2353 2350/2350/2350 
f 2344/2344/2344 2353/2353/2353 2348/2348/2348 
f 2356/2356/2356 2355/2355/2355 2354/2354/2354 
f 2355/2355/2355 2357/2357/2357 2354/2354/2354 
f 2360/2360/2360 2359/2359/2359 2358/2358/2358 
f 2363/2363/2363 2362/2362/2362 2361/2361/2361 
f 2362/2362/2362 2364/2364/2364 2361/2361/2361 
f 2367/2367/2367 2366/2366/2366 2365/2365/2365 
f 2366/2366/2366 2368/2368/2368 2365/2365/2365 
f 2371/2371/2371 2370/2370/2370 2369/2369/2369 
f 2374/2374/2374 2373/2373/2373 2372/2372/2372 
f 2377/2377/2377 2376/2376/2376 2375/2375/2375 
f 2376/2376/2376 2378/2378/2378 2375/2375/2375 
f 2381/2381/2381 2380/2380/2380 2379/2379/2379 
f 2384/2384/2384 2383/2383/2383 2382/2382/2382 
f 2383/2383/2383 2385/2385/2385 2382/2382/2382 
f 2388/2388/2388 2387/2387/2387 2386/2386/2386 
f 2387/2387/2387 2389/2389/2389 2386/2386/2386 
f 2392/2392/2392 2391/2391/2391 2390/2390/2390 
f 2391/2391/2391 2393/2393/2393 2390/2390/2390 
f 2396/2396/2396 2395/2395/2395 2394/2394/2394 
f 2395/2395/2395 2397/2397/2397 2394/2394/2394 
f 2400/2400/2400 2399/2399/2399 2398/2398/2398 
f 2399/2399/2399 2401/2401/2401 2398/2398/2398 
f 2399/2399/2399 2402/2402/2402 2401/2401/2401 
f 2402/2402/2402 2403/2403/2403 2401/2401/2401 
f 2403/2403/2403 2404/2404/2404 2401/2401/2401 
f 2404/2404/2404 2405/2405/2405 2401/2401/2401 
f 2405/2405/2405 2406/2406/2406 2401/2401/2401 
f 2406/2406/2406 2398/2398/2398 2401/2401/2401 
f 2398/2398/2398 2407/2407/2407 2400/2400/2400 
f 2398/2398/2398 2406/2406/2406 2407/2407/2407 
f 2407/2407/2407 2408/2408/2408 2400/2400/2400 
f 2402/2402/2402 2409/2409/2409 2403/2403/2403 
f 2409/2409/2409 2410/2410/2410 2403/2403/2403 
f 2410/2410/2410 2404/2404/2404 2403/2403/2403 
f 2404/2404/2404 2411/2411/2411 2405/2405/2405 
f 2411/2411/2411 2412/2412/2412 2405/2405/2405 
f 2405/2405/2405 2412/2412/2412 2406/2406/2406 
f 2412/2412/2412 2413/2413/2413 2406/2406/2406 
f 2407/2407/2407 2414/2414/2414 2408/2408/2408 
f 2414/2414/2414 2415/2415/2415 2408/2408/2408 
f 2406/2406/2406 2416/2416/2416 2407/2407/2407 
f 2417/2417/2417 2414/2414/2414 2407/2407/2407 
f 2409/2409/2409 2418/2418/2418 2410/2410/2410 
f 2418/2418/2418 2419/2419/2419 2410/2410/2410 
f 2410/2410/2410 2419/2419/2419 2404/2404/2404 
f 2419/2419/2419 2411/2411/2411 2404/2404/2404 
f 2422/2422/2422 2421/2421/2421 2420/2420/2420 
f 2421/2421/2421 2423/2423/2423 2420/2420/2420 
f 2424/2424/2424 2421/2421/2421 2422/2422/2422 
f 2425/2425/2425 2424/2424/2424 2422/2422/2422 
f 2426/2426/2426 2425/2425/2425 2422/2422/2422 
f 2427/2427/2427 2426/2426/2426 2422/2422/2422 
f 2420/2420/2420 2428/2428/2428 2422/2422/2422 
f 2428/2428/2428 2427/2427/2427 2422/2422/2422 
f 2429/2429/2429 2420/2420/2420 2423/2423/2423 
f 2428/2428/2428 2420/2420/2420 2429/2429/2429 
f 2430/2430/2430 2429/2429/2429 2423/2423/2423 
f 2431/2431/2431 2424/2424/2424 2425/2425/2425 
f 2432/2432/2432 2431/2431/2431 2425/2425/2425 
f 2426/2426/2426 2432/2432/2432 2425/2425/2425 
f 2433/2433/2433 2426/2426/2426 2427/2427/2427 
f 2434/2434/2434 2433/2433/2433 2427/2427/2427 
f 2434/2434/2434 2427/2427/2427 2428/2428/2428 
f 2435/2435/2435 2434/2434/2434 2428/2428/2428 
f 2436/2436/2436 2429/2429/2429 2430/2430/2430 
f 2437/2437/2437 2436/2436/2436 2430/2430/2430 
f 2436/2436/2436 2438/2438/2438 2429/2429/2429 
f 2439/2439/2439 2428/2428/2428 2429/2429/2429 
f 2440/2440/2440 2431/2431/2431 2432/2432/2432 
f 2441/2441/2441 2440/2440/2440 2432/2432/2432 
f 2433/2433/2433 2441/2441/2441 2426/2426/2426 
f 2441/2441/2441 2432/2432/2432 2426/2426/2426 
f 2444/2444/2444 2443/2443/2443 2442/2442/2442 
f 2443/2443/2443 2445/2445/2445 2442/2442/2442 
f 2443/2443/2443 2446/2446/2446 2445/2445/2445 
f 2446/2446/2446 2447/2447/2447 2445/2445/2445 
f 2446/2446/2446 2448/2448/2448 2447/2447/2447 
f 2448/2448/2448 2449/2449/2449 2447/2447/2447 
f 2448/2448/2448 2450/2450/2450 2449/2449/2449 
f 2450/2450/2450 2451/2451/2451 2449/2449/2449 
f 2450/2450/2450 2452/2452/2452 2451/2451/2451 
f 2452/2452/2452 2453/2453/2453 2451/2451/2451 
f 2456/2456/2456 2455/2455/2455 2454/2454/2454 
f 2456/2456/2456 2457/2457/2457 2455/2455/2455 
f 2457/2457/2457 2458/2458/2458 2455/2455/2455 
f 2457/2457/2457 2459/2459/2459 2458/2458/2458 
f 2459/2459/2459 2460/2460/2460 2458/2458/2458 
f 2459/2459/2459 2461/2461/2461 2460/2460/2460 
f 2462/2462/2462 2461/2461/2461 2459/2459/2459 
f 2462/2462/2462 2463/2463/2463 2461/2461/2461 
f 2463/2463/2463 2464/2464/2464 2461/2461/2461 
f 2463/2463/2463 2465/2465/2465 2464/2464/2464 
f 2465/2465/2465 2466/2466/2466 2464/2464/2464 
f 2465/2465/2465 2467/2467/2467 2466/2466/2466 
f 2467/2467/2467 2468/2468/2468 2466/2466/2466 
f 2467/2467/2467 2469/2469/2469 2468/2468/2468 
f 2469/2469/2469 2470/2470/2470 2468/2468/2468 
f 2469/2469/2469 2471/2471/2471 2470/2470/2470 
f 2471/2471/2471 2472/2472/2472 2470/2470/2470 
f 2471/2471/2471 2473/2473/2473 2472/2472/2472 
f 2473/2473/2473 2474/2474/2474 2472/2472/2472 
f 2475/2475/2475 2462/2462/2462 2459/2459/2459 
f 2476/2476/2476 2462/2462/2462 2475/2475/2475 
f 2476/2476/2476 2475/2475/2475 2477/2477/2477 
f 2476/2476/2476 2477/2477/2477 2478/2478/2478 
f 2479/2479/2479 2476/2476/2476 2478/2478/2478 
f 2479/2479/2479 2478/2478/2478 2480/2480/2480 
f 2481/2481/2481 2479/2479/2479 2480/2480/2480 
f 2481/2481/2481 2480/2480/2480 2482/2482/2482 
f 2483/2483/2483 2481/2481/2481 2482/2482/2482 
f 2483/2483/2483 2482/2482/2482 2484/2484/2484 
f 2485/2485/2485 2483/2483/2483 2484/2484/2484 
f 2485/2485/2485 2484/2484/2484 2486/2486/2486 
f 2489/2489/2489 2488/2488/2488 2487/2487/2487 
f 2488/2488/2488 2490/2490/2490 2487/2487/2487 
f 2488/2488/2488 2491/2491/2491 2490/2490/2490 
f 2491/2491/2491 2492/2492/2492 2490/2490/2490 
f 2491/2491/2491 2493/2493/2493 2492/2492/2492 
f 2493/2493/2493 2494/2494/2494 2492/2492/2492 
f 2493/2493/2493 2495/2495/2495 2494/2494/2494 
f 2495/2495/2495 2496/2496/2496 2494/2494/2494 
f 2495/2495/2495 2497/2497/2497 2496/2496/2496 
f 2497/2497/2497 2498/2498/2498 2496/2496/2496 
f 2497/2497/2497 2499/2499/2499 2498/2498/2498 
f 2499/2499/2499 2500/2500/2500 2498/2498/2498 
f 2499/2499/2499 2501/2501/2501 2500/2500/2500 
f 2501/2501/2501 2502/2502/2502 2500/2500/2500 
f 2501/2501/2501 2503/2503/2503 2502/2502/2502 
f 2503/2503/2503 2504/2504/2504 2502/2502/2502 
f 2503/2503/2503 2505/2505/2505 2504/2504/2504 
f 2505/2505/2505 2506/2506/2506 2504/2504/2504 
f 2505/2505/2505 2507/2507/2507 2506/2506/2506 
f 2507/2507/2507 2508/2508/2508 2506/2506/2506 
f 2507/2507/2507 2509/2509/2509 2508/2508/2508 
f 2509/2509/2509 2510/2510/2510 2508/2508/2508 
f 2509/2509/2509 2511/2511/2511 2510/2510/2510 
f 2511/2511/2511 2512/2512/2512 2510/2510/2510 
f 2511/2511/2511 2513/2513/2513 2512/2512/2512 
f 2513/2513/2513 2514/2514/2514 2512/2512/2512 
f 2513/2513/2513 2515/2515/2515 2514/2514/2514 
f 2515/2515/2515 2516/2516/2516 2514/2514/2514 
f 2515/2515/2515 2517/2517/2517 2516/2516/2516 
f 2519/2519/2519 2518/2518/2518 2516/2516/2516 
f 2519/2519/2519 2489/2489/2489 2518/2518/2518 
f 2489/2489/2489 2487/2487/2487 2518/2518/2518 
f 2522/2522/2522 2521/2521/2521 2520/2520/2520 
f 2521/2521/2521 2523/2523/2523 2520/2520/2520 
f 2521/2521/2521 2524/2524/2524 2523/2523/2523 
f 2524/2524/2524 2525/2525/2525 2523/2523/2523 
f 2524/2524/2524 2526/2526/2526 2525/2525/2525 
f 2526/2526/2526 2527/2527/2527 2525/2525/2525 
f 2526/2526/2526 2528/2528/2528 2527/2527/2527 
f 2528/2528/2528 2529/2529/2529 2527/2527/2527 
f 2528/2528/2528 2530/2530/2530 2529/2529/2529 
f 2530/2530/2530 2531/2531/2531 2529/2529/2529 
f 2530/2530/2530 2532/2532/2532 2531/2531/2531 
f 2532/2532/2532 2533/2533/2533 2531/2531/2531 
f 2532/2532/2532 2534/2534/2534 2533/2533/2533 
f 2534/2534/2534 2535/2535/2535 2533/2533/2533 
f 2522/2522/2522 2520/2520/2520 2536/2536/2536 
f 2537/2537/2537 2522/2522/2522 2536/2536/2536 
f 2537/2537/2537 2536/2536/2536 2538/2538/2538 
f 2540/2540/2540 2537/2537/2537 2539/2539/2539 
f 2540/2540/2540 2539/2539/2539 2541/2541/2541 
f 2542/2542/2542 2540/2540/2540 2541/2541/2541 
f 2542/2542/2542 2541/2541/2541 2543/2543/2543 
f 2544/2544/2544 2542/2542/2542 2543/2543/2543 
f 2544/2544/2544 2543/2543/2543 2545/2545/2545 
f 2546/2546/2546 2544/2544/2544 2545/2545/2545 
f 2546/2546/2546 2545/2545/2545 2547/2547/2547 
f 2548/2548/2548 2546/2546/2546 2547/2547/2547 
f 2548/2548/2548 2547/2547/2547 2549/2549/2549 
f 2550/2550/2550 2548/2548/2548 2549/2549/2549 
f 2550/2550/2550 2549/2549/2549 2551/2551/2551 
f 2552/2552/2552 2550/2550/2550 2551/2551/2551 
f 2552/2552/2552 2551/2551/2551 2553/2553/2553 
f 2555/2555/2555 2554/2554/2554 2553/2553/2553 
f 2558/2558/2558 2557/2557/2557 2556/2556/2556 
f 2557/2557/2557 2559/2559/2559 2556/2556/2556 
f 2557/2557/2557 2560/2560/2560 2559/2559/2559 
f 2560/2560/2560 2561/2561/2561 2559/2559/2559 
f 2560/2560/2560 2562/2562/2562 2561/2561/2561 
f 2562/2562/2562 2563/2563/2563 2561/2561/2561 
f 2562/2562/2562 2564/2564/2564 2563/2563/2563 
f 2564/2564/2564 2565/2565/2565 2563/2563/2563 
f 2564/2564/2564 2566/2566/2566 2565/2565/2565 
f 2566/2566/2566 2567/2567/2567 2565/2565/2565 
f 2566/2566/2566 2568/2568/2568 2567/2567/2567 
f 2568/2568/2568 2569/2569/2569 2567/2567/2567 
f 2568/2568/2568 2570/2570/2570 2569/2569/2569 
f 2570/2570/2570 2571/2571/2571 2569/2569/2569 
f 2570/2570/2570 2572/2572/2572 2571/2571/2571 
f 2572/2572/2572 2573/2573/2573 2571/2571/2571 
f 2572/2572/2572 2574/2574/2574 2573/2573/2573 
f 2574/2574/2574 2575/2575/2575 2573/2573/2573 
f 2574/2574/2574 2576/2576/2576 2575/2575/2575 
f 2576/2576/2576 2577/2577/2577 2575/2575/2575 
f 2576/2576/2576 2578/2578/2578 2577/2577/2577 
f 2578/2578/2578 2579/2579/2579 2577/2577/2577 
f 2578/2578/2578 2580/2580/2580 2579/2579/2579 
f 2580/2580/2580 2581/2581/2581 2579/2579/2579 
f 2580/2580/2580 2582/2582/2582 2581/2581/2581 
f 2582/2582/2582 2583/2583/2583 2581/2581/2581 
f 2582/2582/2582 2584/2584/2584 2583/2583/2583 
f 2584/2584/2584 2585/2585/2585 2583/2583/2583 
f 2584/2584/2584 2586/2586/2586 2585/2585/2585 
f 2586/2586/2586 2587/2587/2587 2585/2585/2585 
f 2586/2586/2586 2558/2558/2558 2587/2587/2587 
f 2558/2558/2558 2556/2556/2556 2587/2587/2587 
f 2590/2590/2590 2589/2589/2589 2588/2588/2588 
f 2589/2589/2589 2591/2591/2591 2588/2588/2588 
f 2592/2592/2592 2589/2589/2589 2590/2590/2590 
f 2593/2593/2593 2592/2592/2592 2590/2590/2590 
f 2594/2594/2594 2592/2592/2592 2593/2593/2593 
f 2595/2595/2595 2594/2594/2594 2593/2593/2593 
f 2596/2596/2596 2594/2594/2594 2595/2595/2595 
f 2597/2597/2597 2596/2596/2596 2595/2595/2595 
f 2598/2598/2598 2596/2596/2596 2597/2597/2597 
f 2599/2599/2599 2598/2598/2598 2597/2597/2597 
f 2602/2602/2602 2601/2601/2601 2600/2600/2600 
f 2603/2603/2603 2601/2601/2601 2602/2602/2602 
f 2604/2604/2604 2603/2603/2603 2602/2602/2602 
f 2605/2605/2605 2603/2603/2603 2604/2604/2604 
f 2606/2606/2606 2605/2605/2605 2604/2604/2604 
f 2607/2607/2607 2605/2605/2605 2606/2606/2606 
f 2607/2607/2607 2608/2608/2608 2605/2605/2605 
f 2609/2609/2609 2608/2608/2608 2607/2607/2607 
f 2610/2610/2610 2609/2609/2609 2607/2607/2607 
f 2611/2611/2611 2609/2609/2609 2610/2610/2610 
f 2612/2612/2612 2611/2611/2611 2610/2610/2610 
f 2613/2613/2613 2611/2611/2611 2612/2612/2612 
f 2614/2614/2614 2613/2613/2613 2612/2612/2612 
f 2615/2615/2615 2613/2613/2613 2614/2614/2614 
f 2616/2616/2616 2615/2615/2615 2614/2614/2614 
f 2617/2617/2617 2615/2615/2615 2616/2616/2616 
f 2618/2618/2618 2617/2617/2617 2616/2616/2616 
f 2619/2619/2619 2617/2617/2617 2618/2618/2618 
f 2620/2620/2620 2619/2619/2619 2618/2618/2618 
f 2608/2608/2608 2621/2621/2621 2605/2605/2605 
f 2608/2608/2608 2622/2622/2622 2621/2621/2621 
f 2621/2621/2621 2622/2622/2622 2623/2623/2623 
f 2623/2623/2623 2622/2622/2622 2624/2624/2624 
f 2622/2622/2622 2625/2625/2625 2624/2624/2624 
f 2624/2624/2624 2625/2625/2625 2626/2626/2626 
f 2625/2625/2625 2627/2627/2627 2626/2626/2626 
f 2626/2626/2626 2627/2627/2627 2628/2628/2628 
f 2627/2627/2627 2629/2629/2629 2628/2628/2628 
f 2628/2628/2628 2629/2629/2629 2630/2630/2630 
f 2629/2629/2629 2631/2631/2631 2630/2630/2630 
f 2630/2630/2630 2631/2631/2631 2632/2632/2632 
f 2635/2635/2635 2634/2634/2634 2633/2633/2633 
f 2634/2634/2634 2636/2636/2636 2633/2633/2633 
f 2637/2637/2637 2634/2634/2634 2635/2635/2635 
f 2638/2638/2638 2637/2637/2637 2635/2635/2635 
f 2639/2639/2639 2637/2637/2637 2638/2638/2638 
f 2640/2640/2640 2639/2639/2639 2638/2638/2638 
f 2641/2641/2641 2639/2639/2639 2640/2640/2640 
f 2642/2642/2642 2641/2641/2641 2640/2640/2640 
f 2643/2643/2643 2641/2641/2641 2642/2642/2642 
f 2644/2644/2644 2643/2643/2643 2642/2642/2642 
f 2645/2645/2645 2643/2643/2643 2644/2644/2644 
f 2646/2646/2646 2645/2645/2645 2644/2644/2644 
f 2647/2647/2647 2645/2645/2645 2646/2646/2646 
f 2648/2648/2648 2647/2647/2647 2646/2646/2646 
f 2649/2649/2649 2647/2647/2647 2648/2648/2648 
f 2650/2650/2650 2649/2649/2649 2648/2648/2648 
f 2651/2651/2651 2649/2649/2649 2650/2650/2650 
f 2652/2652/2652 2651/2651/2651 2650/2650/2650 
f 2653/2653/2653 2651/2651/2651 2652/2652/2652 
f 2654/2654/2654 2653/2653/2653 2652/2652/2652 
f 2655/2655/2655 2653/2653/2653 2654/2654/2654 
f 2656/2656/2656 2655/2655/2655 2654/2654/2654 
f 2657/2657/2657 2655/2655/2655 2656/2656/2656 
f 2658/2658/2658 2657/2657/2657 2656/2656/2656 
f 2659/2659/2659 2657/2657/2657 2658/2658/2658 
f 2660/2660/2660 2659/2659/2659 2658/2658/2658 
f 2661/2661/2661 2659/2659/2659 2660/2660/2660 
f 2663/2663/2663 2662/2662/2662 2660/2660/2660 
f 2664/2664/2664 2661/2661/2661 2663/2663/2663 
f 2666/2666/2666 2665/2665/2665 2663/2663/2663 
f 2636/2636/2636 2665/2665/2665 2666/2666/2666 
f 2633/2633/2633 2636/2636/2636 2666/2666/2666 
f 2669/2669/2669 2668/2668/2668 2667/2667/2667 
f 2668/2668/2668 2670/2670/2670 2667/2667/2667 
f 2671/2671/2671 2668/2668/2668 2669/2669/2669 
f 2672/2672/2672 2671/2671/2671 2669/2669/2669 
f 2673/2673/2673 2671/2671/2671 2672/2672/2672 
f 2674/2674/2674 2673/2673/2673 2672/2672/2672 
f 2675/2675/2675 2673/2673/2673 2674/2674/2674 
f 2676/2676/2676 2675/2675/2675 2674/2674/2674 
f 2677/2677/2677 2675/2675/2675 2676/2676/2676 
f 2678/2678/2678 2677/2677/2677 2676/2676/2676 
f 2679/2679/2679 2677/2677/2677 2678/2678/2678 
f 2680/2680/2680 2679/2679/2679 2678/2678/2678 
f 2681/2681/2681 2679/2679/2679 2680/2680/2680 
f 2682/2682/2682 2681/2681/2681 2680/2680/2680 
f 2683/2683/2683 2681/2681/2681 2682/2682/2682 
f 2685/2685/2685 2684/2684/2684 2682/2682/2682 
f 2686/2686/2686 2684/2684/2684 2685/2685/2685 
f 2687/2687/2687 2686/2686/2686 2685/2685/2685 
f 2688/2688/2688 2686/2686/2686 2687/2687/2687 
f 2689/2689/2689 2688/2688/2688 2687/2687/2687 
f 2690/2690/2690 2688/2688/2688 2689/2689/2689 
f 2691/2691/2691 2690/2690/2690 2689/2689/2689 
f 2692/2692/2692 2690/2690/2690 2691/2691/2691 
f 2693/2693/2693 2692/2692/2692 2691/2691/2691 
f 2694/2694/2694 2692/2692/2692 2693/2693/2693 
f 2695/2695/2695 2694/2694/2694 2693/2693/2693 
f 2696/2696/2696 2694/2694/2694 2695/2695/2695 
f 2697/2697/2697 2696/2696/2696 2695/2695/2695 
f 2698/2698/2698 2696/2696/2696 2697/2697/2697 
f 2700/2700/2700 2698/2698/2698 2699/2699/2699 
f 2670/2670/2670 2698/2698/2698 2700/2700/2700 
f 2667/2667/2667 2670/2670/2670 2700/2700/2700 
f 2703/2703/2703 2702/2702/2702 2701/2701/2701 
f 2702/2702/2702 2704/2704/2704 2701/2701/2701 
f 2705/2705/2705 2702/2702/2702 2703/2703/2703 
f 2706/2706/2706 2705/2705/2705 2703/2703/2703 
f 2707/2707/2707 2705/2705/2705 2706/2706/2706 
f 2708/2708/2708 2707/2707/2707 2706/2706/2706 
f 2709/2709/2709 2707/2707/2707 2708/2708/2708 
f 2710/2710/2710 2709/2709/2709 2708/2708/2708 
f 2711/2711/2711 2709/2709/2709 2710/2710/2710 
f 2712/2712/2712 2711/2711/2711 2710/2710/2710 
f 2713/2713/2713 2711/2711/2711 2712/2712/2712 
f 2714/2714/2714 2713/2713/2713 2712/2712/2712 
f 2715/2715/2715 2713/2713/2713 2714/2714/2714 
f 2716/2716/2716 2715/2715/2715 2714/2714/2714 
f 2717/2717/2717 2715/2715/2715 2716/2716/2716 
f 2718/2718/2718 2717/2717/2717 2716/2716/2716 
f 2719/2719/2719 2717/2717/2717 2718/2718/2718 
f 2720/2720/2720 2719/2719/2719 2718/2718/2718 
f 2721/2721/2721 2719/2719/2719 2720/2720/2720 
f 2722/2722/2722 2721/2721/2721 2720/2720/2720 
f 2723/2723/2723 2721/2721/2721 2722/2722/2722 
f 2724/2724/2724 2723/2723/2723 2722/2722/2722 
f 2725/2725/2725 2723/2723/2723 2724/2724/2724 
f 2726/2726/2726 2725/2725/2725 2724/2724/2724 
f 2727/2727/2727 2725/2725/2725 2726/2726/2726 
f 2728/2728/2728 2727/2727/2727 2726/2726/2726 
f 2729/2729/2729 2727/2727/2727 2728/2728/2728 
f 2730/2730/2730 2729/2729/2729 2728/2728/2728 
f 2731/2731/2731 2729/2729/2729 2730/2730/2730 
f 2732/2732/2732 2731/2731/2731 2730/2730/2730 
f 2704/2704/2704 2731/2731/2731 2732/2732/2732 
f 2701/2701/2701 2704/2704/2704 2732/2732/2732 
f 2735/2735/2735 2734/2734/2734 2733/2733/2733 
f 2734/2734/2734 2736/2736/2736 2733/2733/2733 
f 2733/2733/2733 2736/2736/2736 2737/2737/2737 
f 2736/2736/2736 2738/2738/2738 2737/2737/2737 
f 2737/2737/2737 2738/2738/2738 2739/2739/2739 
f 2738/2738/2738 2740/2740/2740 2739/2739/2739 
f 2739/2739/2739 2740/2740/2740 2741/2741/2741 
f 2740/2740/2740 2742/2742/2742 2741/2741/2741 
f 2741/2741/2741 2742/2742/2742 2743/2743/2743 
f 2742/2742/2742 2744/2744/2744 2743/2743/2743 
f 2743/2743/2743 2744/2744/2744 2745/2745/2745 
f 2744/2744/2744 2746/2746/2746 2745/2745/2745 
f 2749/2749/2749 2748/2748/2748 2747/2747/2747 
f 2748/2748/2748 2750/2750/2750 2747/2747/2747 
f 2753/2753/2753 2752/2752/2752 2751/2751/2751 
f 2752/2752/2752 2754/2754/2754 2751/2751/2751 
f 2757/2757/2757 2756/2756/2756 2755/2755/2755 
f 2756/2756/2756 2758/2758/2758 2755/2755/2755 
f 2761/2761/2761 2760/2760/2760 2759/2759/2759 
f 2760/2760/2760 2762/2762/2762 2759/2759/2759 
f 2765/2765/2765 2764/2764/2764 2763/2763/2763 
f 2764/2764/2764 2766/2766/2766 2763/2763/2763 
f 2769/2769/2769 2768/2768/2768 2767/2767/2767 
f 2768/2768/2768 2770/2770/2770 2767/2767/2767 
f 2773/2773/2773 2772/2772/2772 2771/2771/2771 
f 2772/2772/2772 2774/2774/2774 2771/2771/2771 
f 2777/2777/2777 2776/2776/2776 2775/2775/2775 
f 2778/2778/2778 2776/2776/2776 2777/2777/2777 
f 2779/2779/2779 2776/2776/2776 2778/2778/2778 
f 2780/2780/2780 2776/2776/2776 2779/2779/2779 
f 2781/2781/2781 2776/2776/2776 2780/2780/2780 
f 2775/2775/2775 2776/2776/2776 2781/2781/2781 
f 2784/2784/2784 2783/2783/2783 2782/2782/2782 
f 2783/2783/2783 2785/2785/2785 2782/2782/2782 
f 2788/2788/2788 2787/2787/2787 2786/2786/2786 
f 2787/2787/2787 2789/2789/2789 2786/2786/2786 
f 2792/2792/2792 2791/2791/2791 2790/2790/2790 
f 2791/2791/2791 2793/2793/2793 2790/2790/2790 
f 2796/2796/2796 2795/2795/2795 2794/2794/2794 
f 2795/2795/2795 2797/2797/2797 2794/2794/2794 
f 2800/2800/2800 2799/2799/2799 2798/2798/2798 
f 2799/2799/2799 2801/2801/2801 2798/2798/2798 
f 2804/2804/2804 2803/2803/2803 2802/2802/2802 
f 2803/2803/2803 2805/2805/2805 2802/2802/2802 
f 2808/2808/2808 2807/2807/2807 2806/2806/2806 
f 2809/2809/2809 2807/2807/2807 2808/2808/2808 
f 2810/2810/2810 2807/2807/2807 2809/2809/2809 
f 2811/2811/2811 2807/2807/2807 2810/2810/2810 
f 2812/2812/2812 2807/2807/2807 2811/2811/2811 
f 2806/2806/2806 2807/2807/2807 2812/2812/2812 
f 2815/2815/2815 2814/2814/2814 2813/2813/2813 
f 2814/2814/2814 2816/2816/2816 2813/2813/2813 
f 2819/2819/2819 2818/2818/2818 2817/2817/2817 
f 2818/2818/2818 2820/2820/2820 2817/2817/2817 
f 2823/2823/2823 2822/2822/2822 2821/2821/2821 
f 2822/2822/2822 2824/2824/2824 2821/2821/2821 
f 2827/2827/2827 2826/2826/2826 2825/2825/2825 
f 2826/2826/2826 2828/2828/2828 2825/2825/2825 
f 2831/2831/2831 2830/2830/2830 2829/2829/2829 
f 2830/2830/2830 2832/2832/2832 2829/2829/2829 
f 2835/2835/2835 2834/2834/2834 2833/2833/2833 
f 2834/2834/2834 2836/2836/2836 2833/2833/2833 
f 2839/2839/2839 2838/2838/2838 2837/2837/2837 
f 2839/2839/2839 2840/2840/2840 2838/2838/2838 
f 2839/2839/2839 2841/2841/2841 2840/2840/2840 
f 2839/2839/2839 2842/2842/2842 2841/2841/2841 
f 2839/2839/2839 2843/2843/2843 2842/2842/2842 
f 2839/2839/2839 2837/2837/2837 2843/2843/2843 
f 2846/2846/2846 2845/2845/2845 2844/2844/2844 
f 2845/2845/2845 2847/2847/2847 2844/2844/2844 
f 2850/2850/2850 2849/2849/2849 2848/2848/2848 
f 2849/2849/2849 2851/2851/2851 2848/2848/2848 
f 2854/2854/2854 2853/2853/2853 2852/2852/2852 
f 2853/2853/2853 2855/2855/2855 2852/2852/2852 
f 2858/2858/2858 2857/2857/2857 2856/2856/2856 
f 2857/2857/2857 2859/2859/2859 2856/2856/2856 
f 2862/2862/2862 2861/2861/2861 2860/2860/2860 
f 2861/2861/2861 2863/2863/2863 2860/2860/2860 
f 2866/2866/2866 2865/2865/2865 2864/2864/2864 
f 2865/2865/2865 2867/2867/2867 2864/2864/2864 
f 2870/2870/2870 2869/2869/2869 2868/2868/2868 
f 2870/2870/2870 2871/2871/2871 2869/2869/2869 
f 2870/2870/2870 2872/2872/2872 2871/2871/2871 
f 2870/2870/2870 2873/2873/2873 2872/2872/2872 
f 2870/2870/2870 2874/2874/2874 2873/2873/2873 
f 2870/2870/2870 2868/2868/2868 2874/2874/2874 
f 2877/2877/2877 2876/2876/2876 2875/2875/2875 
f 2876/2876/2876 2878/2878/2878 2875/2875/2875 
f 2875/2875/2875 2879/2879/2879 2877/2877/2877 
f 2879/2879/2879 2880/2880/2880 2877/2877/2877 
f 2877/2877/2877 2881/2881/2881 2876/2876/2876 
f 2877/2877/2877 2880/2880/2880 2881/2881/2881 
f 2881/2881/2881 2882/2882/2882 2876/2876/2876 
f 2876/2876/2876 2883/2883/2883 2878/2878/2878 
f 2876/2876/2876 2882/2882/2882 2883/2883/2883 
f 2883/2883/2883 2884/2884/2884 2878/2878/2878 
f 2878/2878/2878 2885/2885/2885 2875/2875/2875 
f 2878/2878/2878 2884/2884/2884 2885/2885/2885 
f 2885/2885/2885 2886/2886/2886 2875/2875/2875 
f 2886/2886/2886 2879/2879/2879 2875/2875/2875 
f 2879/2879/2879 2887/2887/2887 2880/2880/2880 
f 2887/2887/2887 2888/2888/2888 2880/2880/2880 
f 2880/2880/2880 2888/2888/2888 2881/2881/2881 
f 2881/2881/2881 2889/2889/2889 2882/2882/2882 
f 2888/2888/2888 2889/2889/2889 2881/2881/2881 
f 2889/2889/2889 2890/2890/2890 2882/2882/2882 
f 2882/2882/2882 2890/2890/2890 2883/2883/2883 
f 2883/2883/2883 2891/2891/2891 2884/2884/2884 
f 2890/2890/2890 2891/2891/2891 2883/2883/2883 
f 2891/2891/2891 2892/2892/2892 2884/2884/2884 
f 2884/2884/2884 2892/2892/2892 2885/2885/2885 
f 2885/2885/2885 2893/2893/2893 2886/2886/2886 
f 2892/2892/2892 2893/2893/2893 2885/2885/2885 
f 2893/2893/2893 2894/2894/2894 2886/2886/2886 
f 2886/2886/2886 2894/2894/2894 2879/2879/2879 
f 2894/2894/2894 2887/2887/2887 2879/2879/2879 
f 2897/2897/2897 2896/2896/2896 2895/2895/2895 
f 2896/2896/2896 2898/2898/2898 2895/2895/2895 
f 2895/2895/2895 2899/2899/2899 2897/2897/2897 
f 2899/2899/2899 2900/2900/2900 2897/2897/2897 
f 2897/2897/2897 2901/2901/2901 2896/2896/2896 
f 2897/2897/2897 2900/2900/2900 2901/2901/2901 
f 2901/2901/2901 2902/2902/2902 2896/2896/2896 
f 2896/2896/2896 2903/2903/2903 2898/2898/2898 
f 2896/2896/2896 2902/2902/2902 2903/2903/2903 
f 2903/2903/2903 2904/2904/2904 2898/2898/2898 
f 2898/2898/2898 2905/2905/2905 2895/2895/2895 
f 2898/2898/2898 2904/2904/2904 2905/2905/2905 
f 2905/2905/2905 2906/2906/2906 2895/2895/2895 
f 2906/2906/2906 2899/2899/2899 2895/2895/2895 
f 2899/2899/2899 2907/2907/2907 2900/2900/2900 
f 2907/2907/2907 2908/2908/2908 2900/2900/2900 
f 2900/2900/2900 2908/2908/2908 2901/2901/2901 
f 2901/2901/2901 2909/2909/2909 2902/2902/2902 
f 2908/2908/2908 2909/2909/2909 2901/2901/2901 
f 2909/2909/2909 2910/2910/2910 2902/2902/2902 
f 2902/2902/2902 2910/2910/2910 2903/2903/2903 
f 2903/2903/2903 2911/2911/2911 2904/2904/2904 
f 2910/2910/2910 2911/2911/2911 2903/2903/2903 
f 2911/2911/2911 2912/2912/2912 2904/2904/2904 
f 2904/2904/2904 2912/2912/2912 2905/2905/2905 
f 2905/2905/2905 2913/2913/2913 2906/2906/2906 
f 2912/2912/2912 2913/2913/2913 2905/2905/2905 
f 2913/2913/2913 2914/2914/2914 2906/2906/2906 
f 2906/2906/2906 2914/2914/2914 2899/2899/2899 
f 2914/2914/2914 2907/2907/2907 2899/2899/2899 
f 2917/2917/2917 2916/2916/2916 2915/2915/2915 
f 2916/2916/2916 2918/2918/2918 2915/2915/2915 
f 2915/2915/2915 2919/2919/2919 2917/2917/2917 
f 2919/2919/2919 2920/2920/2920 2917/2917/2917 
f 2917/2917/2917 2921/2921/2921 2916/2916/2916 
f 2917/2917/2917 2920/2920/2920 2921/2921/2921 
f 2921/2921/2921 2922/2922/2922 2916/2916/2916 
f 2916/2916/2916 2923/2923/2923 2918/2918/2918 
f 2916/2916/2916 2922/2922/2922 2923/2923/2923 
f 2923/2923/2923 2924/2924/2924 2918/2918/2918 
f 2918/2918/2918 2925/2925/2925 2915/2915/2915 
f 2918/2918/2918 2924/2924/2924 2925/2925/2925 
f 2925/2925/2925 2926/2926/2926 2915/2915/2915 
f 2926/2926/2926 2919/2919/2919 2915/2915/2915 
f 2919/2919/2919 2927/2927/2927 2920/2920/2920 
f 2927/2927/2927 2928/2928/2928 2920/2920/2920 
f 2920/2920/2920 2928/2928/2928 2921/2921/2921 
f 2921/2921/2921 2929/2929/2929 2922/2922/2922 
f 2928/2928/2928 2929/2929/2929 2921/2921/2921 
f 2929/2929/2929 2930/2930/2930 2922/2922/2922 
f 2922/2922/2922 2930/2930/2930 2923/2923/2923 
f 2923/2923/2923 2931/2931/2931 2924/2924/2924 
f 2930/2930/2930 2931/2931/2931 2923/2923/2923 
f 2931/2931/2931 2932/2932/2932 2924/2924/2924 
f 2924/2924/2924 2932/2932/2932 2925/2925/2925 
f 2925/2925/2925 2933/2933/2933 2926/2926/2926 
f 2932/2932/2932 2933/2933/2933 2925/2925/2925 
f 2933/2933/2933 2934/2934/2934 2926/2926/2926 
f 2926/2926/2926 2934/2934/2934 2919/2919/2919 
f 2934/2934/2934 2927/2927/2927 2919/2919/2919 
f 2937/2937/2937 2936/2936/2936 2935/2935/2935 
f 2936/2936/2936 2938/2938/2938 2935/2935/2935 
f 2935/2935/2935 2939/2939/2939 2937/2937/2937 
f 2939/2939/2939 2940/2940/2940 2937/2937/2937 
f 2937/2937/2937 2941/2941/2941 2936/2936/2936 
f 2937/2937/2937 2940/2940/2940 2941/2941/2941 
f 2941/2941/2941 2942/2942/2942 2936/2936/2936 
f 2936/2936/2936 2943/2943/2943 2938/2938/2938 
f 2936/2936/2936 2942/2942/2942 2943/2943/2943 
f 2943/2943/2943 2944/2944/2944 2938/2938/2938 
f 2938/2938/2938 2945/2945/2945 2935/2935/2935 
f 2938/2938/2938 2944/2944/2944 2945/2945/2945 
f 2945/2945/2945 2946/2946/2946 2935/2935/2935 
f 2946/2946/2946 2939/2939/2939 2935/2935/2935 
f 2939/2939/2939 2947/2947/2947 2940/2940/2940 
f 2947/2947/2947 2948/2948/2948 2940/2940/2940 
f 2940/2940/2940 2948/2948/2948 2941/2941/2941 
f 2941/2941/2941 2949/2949/2949 2942/2942/2942 
f 2948/2948/2948 2949/2949/2949 2941/2941/2941 
f 2949/2949/2949 2950/2950/2950 2942/2942/2942 
f 2942/2942/2942 2950/2950/2950 2943/2943/2943 
f 2943/2943/2943 2951/2951/2951 2944/2944/2944 
f 2950/2950/2950 2951/2951/2951 2943/2943/2943 
f 2951/2951/2951 2952/2952/2952 2944/2944/2944 
f 2944/2944/2944 2952/2952/2952 2945/2945/2945 
f 2945/2945/2945 2953/2953/2953 2946/2946/2946 
f 2952/2952/2952 2953/2953/2953 2945/2945/2945 
f 2953/2953/2953 2954/2954/2954 2946/2946/2946 
f 2946/2946/2946 2954/2954/2954 2939/2939/2939 
f 2954/2954/2954 2947/2947/2947 2939/2939/2939 
f 2957/2957/2957 2956/2956/2956 2955/2955/2955 
f 2956/2956/2956 2958/2958/2958 2955/2955/2955 
f 2959/2959/2959 2955/2955/2955 2958/2958/2958 
f 2960/2960/2960 2959/2959/2959 2958/2958/2958 
f 2961/2961/2961 2958/2958/2958 2956/2956/2956 
f 2960/2960/2960 2958/2958/2958 2961/2961/2961 
f 2962/2962/2962 2961/2961/2961 2956/2956/2956 
f 2963/2963/2963 2956/2956/2956 2957/2957/2957 
f 2962/2962/2962 2956/2956/2956 2963/2963/2963 
f 2964/2964/2964 2963/2963/2963 2957/2957/2957 
f 2965/2965/2965 2957/2957/2957 2955/2955/2955 
f 2964/2964/2964 2957/2957/2957 2965/2965/2965 
f 2966/2966/2966 2965/2965/2965 2955/2955/2955 
f 2959/2959/2959 2966/2966/2966 2955/2955/2955 
f 2967/2967/2967 2959/2959/2959 2960/2960/2960 
f 2968/2968/2968 2967/2967/2967 2960/2960/2960 
f 2968/2968/2968 2960/2960/2960 2961/2961/2961 
f 2969/2969/2969 2961/2961/2961 2962/2962/2962 
f 2969/2969/2969 2968/2968/2968 2961/2961/2961 
f 2970/2970/2970 2969/2969/2969 2962/2962/2962 
f 2970/2970/2970 2962/2962/2962 2963/2963/2963 
f 2971/2971/2971 2963/2963/2963 2964/2964/2964 
f 2971/2971/2971 2970/2970/2970 2963/2963/2963 
f 2972/2972/2972 2971/2971/2971 2964/2964/2964 
f 2972/2972/2972 2964/2964/2964 2965/2965/2965 
f 2973/2973/2973 2965/2965/2965 2966/2966/2966 
f 2973/2973/2973 2972/2972/2972 2965/2965/2965 
f 2974/2974/2974 2973/2973/2973 2966/2966/2966 
f 2967/2967/2967 2974/2974/2974 2959/2959/2959 
f 2974/2974/2974 2966/2966/2966 2959/2959/2959 
f 2977/2977/2977 2976/2976/2976 2975/2975/2975 
f 2976/2976/2976 2978/2978/2978 2975/2975/2975 
f 2979/2979/2979 2975/2975/2975 2978/2978/2978 
f 2980/2980/2980 2979/2979/2979 2978/2978/2978 
f 2981/2981/2981 2978/2978/2978 2976/2976/2976 
f 2980/2980/2980 2978/2978/2978 2981/2981/2981 
f 2982/2982/2982 2981/2981/2981 2976/2976/2976 
f 2983/2983/2983 2976/2976/2976 2977/2977/2977 
f 2982/2982/2982 2976/2976/2976 2983/2983/2983 
f 2984/2984/2984 2983/2983/2983 2977/2977/2977 
f 2985/2985/2985 2977/2977/2977 2975/2975/2975 
f 2984/2984/2984 2977/2977/2977 2985/2985/2985 
f 2986/2986/2986 2985/2985/2985 2975/2975/2975 
f 2979/2979/2979 2986/2986/2986 2975/2975/2975 
f 2987/2987/2987 2979/2979/2979 2980/2980/2980 
f 2988/2988/2988 2987/2987/2987 2980/2980/2980 
f 2988/2988/2988 2980/2980/2980 2981/2981/2981 
f 2989/2989/2989 2981/2981/2981 2982/2982/2982 
f 2989/2989/2989 2988/2988/2988 2981/2981/2981 
f 2990/2990/2990 2989/2989/2989 2982/2982/2982 
f 2990/2990/2990 2982/2982/2982 2983/2983/2983 
f 2991/2991/2991 2983/2983/2983 2984/2984/2984 
f 2991/2991/2991 2990/2990/2990 2983/2983/2983 
f 2992/2992/2992 2991/2991/2991 2984/2984/2984 
f 2992/2992/2992 2984/2984/2984 2985/2985/2985 
f 2993/2993/2993 2985/2985/2985 2986/2986/2986 
f 2993/2993/2993 2992/2992/2992 2985/2985/2985 
f 2994/2994/2994 2993/2993/2993 2986/2986/2986 
f 2987/2987/2987 2994/2994/2994 2979/2979/2979 
f 2994/2994/2994 2986/2986/2986 2979/2979/2979 
f 2997/2997/2997 2996/2996/2996 2995/2995/2995 
f 2996/2996/2996 2998/2998/2998 2995/2995/2995 
f 2999/2999/2999 2995/2995/2995 2998/2998/2998 
f 3000/3000/3000 2999/2999/2999 2998/2998/2998 
f 3001/3001/3001 2998/2998/2998 2996/2996/2996 
f 3000/3000/3000 2998/2998/2998 3001/3001/3001 
f 3002/3002/3002 3001/3001/3001 2996/2996/2996 
f 3003/3003/3003 2996/2996/2996 2997/2997/2997 
f 3002/3002/3002 2996/2996/2996 3003/3003/3003 
f 3004/3004/3004 3003/3003/3003 2997/2997/2997 
f 3005/3005/3005 2997/2997/2997 2995/2995/2995 
f 3004/3004/3004 2997/2997/2997 3005/3005/3005 
f 3006/3006/3006 3005/3005/3005 2995/2995/2995 
f 2999/2999/2999 3006/3006/3006 2995/2995/2995 
f 3007/3007/3007 2999/2999/2999 3000/3000/3000 
f 3008/3008/3008 3007/3007/3007 3000/3000/3000 
f 3008/3008/3008 3000/3000/3000 3001/3001/3001 
f 3009/3009/3009 3001/3001/3001 3002/3002/3002 
f 3009/3009/3009 3008/3008/3008 3001/3001/3001 
f 3010/3010/3010 3009/3009/3009 3002/3002/3002 
f 3010/3010/3010 3002/3002/3002 3003/3003/3003 
f 3011/3011/3011 3003/3003/3003 3004/3004/3004 
f 3011/3011/3011 3010/3010/3010 3003/3003/3003 
f 3012/3012/3012 3011/3011/3011 3004/3004/3004 
f 3012/3012/3012 3004/3004/3004 3005/3005/3005 
f 3013/3013/3013 3005/3005/3005 3006/3006/3006 
f 3013/3013/3013 3012/3012/3012 3005/3005/3005 
f 3014/3014/3014 3013/3013/3013 3006/3006/3006 
f 3007/3007/3007 3014/3014/3014 2999/2999/2999 
f 3014/3014/3014 3006/3006/3006 2999/2999/2999 
f 3017/3017/3017 3016/3016/3016 3015/3015/3015 
f 3016/3016/3016 3018/3018/3018 3015/3015/3015 
f 3019/3019/3019 3015/3015/3015 3018/3018/3018 
f 3020/3020/3020 3019/3019/3019 3018/3018/3018 
f 3021/3021/3021 3018/3018/3018 3016/3016/3016 
f 3020/3020/3020 3018/3018/3018 3021/3021/3021 
f 3022/3022/3022 3021/3021/3021 3016/3016/3016 
f 3023/3023/3023 3016/3016/3016 3017/3017/3017 
f 3022/3022/3022 3016/3016/3016 3023/3023/3023 
f 3024/3024/3024 3023/3023/3023 3017/3017/3017 
f 3025/3025/3025 3017/3017/3017 3015/3015/3015 
f 3024/3024/3024 3017/3017/3017 3025/3025/3025 
f 3026/3026/3026 3025/3025/3025 3015/3015/3015 
f 3019/3019/3019 3026/3026/3026 3015/3015/3015 
f 3027/3027/3027 3019/3019/3019 3020/3020/3020 
f 3028/3028/3028 3027/3027/3027 3020/3020/3020 
f 3028/3028/3028 3020/3020/3020 3021/3021/3021 
f 3029/3029/3029 3021/3021/3021 3022/3022/3022 
f 3029/3029/3029 3028/3028/3028 3021/3021/3021 
f 3030/3030/3030 3029/3029/3029 3022/3022/3022 
f 3030/3030/3030 3022/3022/3022 3023/3023/3023 
f 3031/3031/3031 3023/3023/3023 3024/3024/3024 
f 3031/3031/3031 3030/3030/3030 3023/3023/3023 
f 3032/3032/3032 3031/3031/3031 3024/3024/3024 
f 3032/3032/3032 3024/3024/3024 3025/3025/3025 
f 3033/3033/3033 3025/3025/3025 3026/3026/3026 
f 3033/3033/3033 3032/3032/3032 3025/3025/3025 
f 3034/3034/3034 3033/3033/3033 3026/3026/3026 
f 3027/3027/3027 3034/3034/3034 3019/3019/3019 
f 3034/3034/3034 3026/3026/3026 3019/3019/3019 
f 3037/3037/3037 3036/3036/3036 3035/3035/3035 
f 3036/3036/3036 3038/3038/3038 3035/3035/3035 
f 3035/3035/3035 3039/3039/3039 3037/3037/3037 
f 3039/3039/3039 3040/3040/3040 3037/3037/3037 
f 3037/3037/3037 3041/3041/3041 3036/3036/3036 
f 3037/3037/3037 3040/3040/3040 3041/3041/3041 
f 3041/3041/3041 3042/3042/3042 3036/3036/3036 
f 3036/3036/3036 3043/3043/3043 3038/3038/3038 
f 3036/3036/3036 3042/3042/3042 3043/3043/3043 
f 3043/3043/3043 3044/3044/3044 3038/3038/3038 
f 3039/3039/3039 3045/3045/3045 3040/3040/3040 
f 3045/3045/3045 3046/3046/3046 3040/3040/3040 
f 3040/3040/3040 3046/3046/3046 3041/3041/3041 
f 3041/3041/3041 3047/3047/3047 3042/3042/3042 
f 3046/3046/3046 3047/3047/3047 3041/3041/3041 
f 3047/3047/3047 3048/3048/3048 3042/3042/3042 
f 3042/3042/3042 3048/3048/3048 3043/3043/3043 
f 3043/3043/3043 3049/3049/3049 3044/3044/3044 
f 3048/3048/3048 3049/3049/3049 3043/3043/3043 
f 3049/3049/3049 3050/3050/3050 3044/3044/3044 
f 3044/3044/3044 3050/3050/3050 3051/3051/3051 
f 3050/3050/3050 3052/3052/3052 3051/3051/3051 
f 3051/3051/3051 3052/3052/3052 3053/3053/3053 
f 3054/3054/3054 3051/3051/3051 3053/3053/3053 
f 3044/3044/3044 3051/3051/3051 3054/3054/3054 
f 3054/3054/3054 3053/3053/3053 3055/3055/3055 
f 3053/3053/3053 3056/3056/3056 3055/3055/3055 
f 3056/3056/3056 3057/3057/3057 3055/3055/3055 
f 3053/3053/3053 3058/3058/3058 3056/3056/3056 
f 3052/3052/3052 3058/3058/3058 3053/3053/3053 
f 3058/3058/3058 3059/3059/3059 3056/3056/3056 
f 3056/3056/3056 3059/3059/3059 3057/3057/3057 
f 3059/3059/3059 3060/3060/3060 3057/3057/3057 
f 3057/3057/3057 3060/3060/3060 3045/3045/3045 
f 3038/3038/3038 3054/3054/3054 3055/3055/3055 
f 3038/3038/3038 3044/3044/3044 3054/3054/3054 
f 3035/3035/3035 3038/3038/3038 3055/3055/3055 
f 3035/3035/3035 3055/3055/3055 3039/3039/3039 
f 3055/3055/3055 3057/3057/3057 3039/3039/3039 
f 3039/3039/3039 3057/3057/3057 3045/3045/3045 
f 3063/3063/3063 3062/3062/3062 3061/3061/3061 
f 3062/3062/3062 3064/3064/3064 3061/3061/3061 
f 3061/3061/3061 3065/3065/3065 3063/3063/3063 
f 3065/3065/3065 3066/3066/3066 3063/3063/3063 
f 3063/3063/3063 3067/3067/3067 3062/3062/3062 
f 3063/3063/3063 3066/3066/3066 3067/3067/3067 
f 3067/3067/3067 3068/3068/3068 3062/3062/3062 
f 3062/3062/3062 3069/3069/3069 3064/3064/3064 
f 3062/3062/3062 3068/3068/3068 3069/3069/3069 
f 3069/3069/3069 3070/3070/3070 3064/3064/3064 
f 3065/3065/3065 3071/3071/3071 3066/3066/3066 
f 3071/3071/3071 3072/3072/3072 3066/3066/3066 
f 3066/3066/3066 3072/3072/3072 3067/3067/3067 
f 3067/3067/3067 3073/3073/3073 3068/3068/3068 
f 3072/3072/3072 3073/3073/3073 3067/3067/3067 
f 3073/3073/3073 3074/3074/3074 3068/3068/3068 
f 3068/3068/3068 3074/3074/3074 3069/3069/3069 
f 3069/3069/3069 3075/3075/3075 3070/3070/3070 
f 3074/3074/3074 3075/3075/3075 3069/3069/3069 
f 3075/3075/3075 3076/3076/3076 3070/3070/3070 
f 3070/3070/3070 3076/3076/3076 3077/3077/3077 
f 3076/3076/3076 3078/3078/3078 3077/3077/3077 
f 3077/3077/3077 3078/3078/3078 3079/3079/3079 
f 3080/3080/3080 3077/3077/3077 3079/3079/3079 
f 3070/3070/3070 3077/3077/3077 3080/3080/3080 
f 3080/3080/3080 3079/3079/3079 3081/3081/3081 
f 3079/3079/3079 3082/3082/3082 3081/3081/3081 
f 3082/3082/3082 3083/3083/3083 3081/3081/3081 
f 3079/3079/3079 3084/3084/3084 3082/3082/3082 
f 3078/3078/3078 3084/3084/3084 3079/3079/3079 
f 3084/3084/3084 3085/3085/3085 3082/3082/3082 
f 3082/3082/3082 3085/3085/3085 3083/3083/3083 
f 3085/3085/3085 3086/3086/3086 3083/3083/3083 
f 3083/3083/3083 3086/3086/3086 3071/3071/3071 
f 3064/3064/3064 3080/3080/3080 3081/3081/3081 
f 3064/3064/3064 3070/3070/3070 3080/3080/3080 
f 3061/3061/3061 3064/3064/3064 3081/3081/3081 
f 3061/3061/3061 3081/3081/3081 3065/3065/3065 
f 3081/3081/3081 3083/3083/3083 3065/3065/3065 
f 3065/3065/3065 3083/3083/3083 3071/3071/3071 
f 3089/3089/3089 3088/3088/3088 3087/3087/3087 
f 3088/3088/3088 3090/3090/3090 3087/3087/3087 
f 3087/3087/3087 3091/3091/3091 3089/3089/3089 
f 3091/3091/3091 3092/3092/3092 3089/3089/3089 
f 3089/3089/3089 3093/3093/3093 3088/3088/3088 
f 3089/3089/3089 3092/3092/3092 3093/3093/3093 
f 3093/3093/3093 3094/3094/3094 3088/3088/3088 
f 3088/3088/3088 3095/3095/3095 3090/3090/3090 
f 3088/3088/3088 3094/3094/3094 3095/3095/3095 
f 3095/3095/3095 3096/3096/3096 3090/3090/3090 
f 3091/3091/3091 3097/3097/3097 3092/3092/3092 
f 3097/3097/3097 3098/3098/3098 3092/3092/3092 
f 3092/3092/3092 3098/3098/3098 3093/3093/3093 
f 3093/3093/3093 3099/3099/3099 3094/3094/3094 
f 3098/3098/3098 3099/3099/3099 3093/3093/3093 
f 3099/3099/3099 3100/3100/3100 3094/3094/3094 
f 3094/3094/3094 3100/3100/3100 3095/3095/3095 
f 3095/3095/3095 3101/3101/3101 3096/3096/3096 
f 3100/3100/3100 3101/3101/3101 3095/3095/3095 
f 3101/3101/3101 3102/3102/3102 3096/3096/3096 
f 3096/3096/3096 3102/3102/3102 3103/3103/3103 
f 3102/3102/3102 3104/3104/3104 3103/3103/3103 
f 3103/3103/3103 3104/3104/3104 3105/3105/3105 
f 3106/3106/3106 3103/3103/3103 3105/3105/3105 
f 3096/3096/3096 3103/3103/3103 3106/3106/3106 
f 3106/3106/3106 3105/3105/3105 3107/3107/3107 
f 3105/3105/3105 3108/3108/3108 3107/3107/3107 
f 3108/3108/3108 3109/3109/3109 3107/3107/3107 
f 3105/3105/3105 3110/3110/3110 3108/3108/3108 
f 3104/3104/3104 3110/3110/3110 3105/3105/3105 
f 3110/3110/3110 3111/3111/3111 3108/3108/3108 
f 3108/3108/3108 3111/3111/3111 3109/3109/3109 
f 3111/3111/3111 3112/3112/3112 3109/3109/3109 
f 3109/3109/3109 3112/3112/3112 3097/3097/3097 
f 3090/3090/3090 3106/3106/3106 3107/3107/3107 
f 3090/3090/3090 3096/3096/3096 3106/3106/3106 
f 3087/3087/3087 3090/3090/3090 3107/3107/3107 
f 3087/3087/3087 3107/3107/3107 3091/3091/3091 
f 3107/3107/3107 3109/3109/3109 3091/3091/3091 
f 3091/3091/3091 3109/3109/3109 3097/3097/3097 
f 3115/3115/3115 3114/3114/3114 3113/3113/3113 
f 3114/3114/3114 3116/3116/3116 3113/3113/3113 
f 3113/3113/3113 3117/3117/3117 3115/3115/3115 
f 3117/3117/3117 3118/3118/3118 3115/3115/3115 
f 3115/3115/3115 3119/3119/3119 3114/3114/3114 
f 3115/3115/3115 3118/3118/3118 3119/3119/3119 
f 3119/3119/3119 3120/3120/3120 3114/3114/3114 
f 3114/3114/3114 3121/3121/3121 3116/3116/3116 
f 3114/3114/3114 3120/3120/3120 3121/3121/3121 
f 3121/3121/3121 3122/3122/3122 3116/3116/3116 
f 3117/3117/3117 3123/3123/3123 3118/3118/3118 
f 3123/3123/3123 3124/3124/3124 3118/3118/3118 
f 3118/3118/3118 3124/3124/3124 3119/3119/3119 
f 3119/3119/3119 3125/3125/3125 3120/3120/3120 
f 3124/3124/3124 3125/3125/3125 3119/3119/3119 
f 3125/3125/3125 3126/3126/3126 3120/3120/3120 
f 3120/3120/3120 3126/3126/3126 3121/3121/3121 
f 3121/3121/3121 3127/3127/3127 3122/3122/3122 
f 3126/3126/3126 3127/3127/3127 3121/3121/3121 
f 3127/3127/3127 3128/3128/3128 3122/3122/3122 
f 3122/3122/3122 3128/3128/3128 3129/3129/3129 
f 3128/3128/3128 3130/3130/3130 3129/3129/3129 
f 3129/3129/3129 3130/3130/3130 3131/3131/3131 
f 3132/3132/3132 3129/3129/3129 3131/3131/3131 
f 3122/3122/3122 3129/3129/3129 3132/3132/3132 
f 3132/3132/3132 3131/3131/3131 3133/3133/3133 
f 3131/3131/3131 3134/3134/3134 3133/3133/3133 
f 3134/3134/3134 3135/3135/3135 3133/3133/3133 
f 3131/3131/3131 3136/3136/3136 3134/3134/3134 
f 3130/3130/3130 3136/3136/3136 3131/3131/3131 
f 3136/3136/3136 3137/3137/3137 3134/3134/3134 
f 3134/3134/3134 3137/3137/3137 3135/3135/3135 
f 3137/3137/3137 3138/3138/3138 3135/3135/3135 
f 3135/3135/3135 3138/3138/3138 3123/3123/3123 
f 3116/3116/3116 3132/3132/3132 3133/3133/3133 
f 3116/3116/3116 3122/3122/3122 3132/3132/3132 
f 3113/3113/3113 3116/3116/3116 3133/3133/3133 
f 3113/3113/3113 3133/3133/3133 3117/3117/3117 
f 3133/3133/3133 3135/3135/3135 3117/3117/3117 
f 3117/3117/3117 3135/3135/3135 3123/3123/3123 
f 3141/3141/3141 3140/3140/3140 3139/3139/3139 
f 3140/3140/3140 3142/3142/3142 3139/3139/3139 
f 3139/3139/3139 3143/3143/3143 3141/3141/3141 
f 3143/3143/3143 3144/3144/3144 3141/3141/3141 
f 3141/3141/3141 3145/3145/3145 3140/3140/3140 
f 3141/3141/3141 3144/3144/3144 3145/3145/3145 
f 3145/3145/3145 3146/3146/3146 3140/3140/3140 
f 3140/3140/3140 3147/3147/3147 3142/3142/3142 
f 3140/3140/3140 3146/3146/3146 3147/3147/3147 
f 3147/3147/3147 3148/3148/3148 3142/3142/3142 
f 3143/3143/3143 3149/3149/3149 3144/3144/3144 
f 3149/3149/3149 3150/3150/3150 3144/3144/3144 
f 3144/3144/3144 3150/3150/3150 3145/3145/3145 
f 3145/3145/3145 3151/3151/3151 3146/3146/3146 
f 3150/3150/3150 3151/3151/3151 3145/3145/3145 
f 3151/3151/3151 3152/3152/3152 3146/3146/3146 
f 3146/3146/3146 3152/3152/3152 3147/3147/3147 
f 3147/3147/3147 3153/3153/3153 3148/3148/3148 
f 3152/3152/3152 3153/3153/3153 3147/3147/3147 
f 3153/3153/3153 3154/3154/3154 3148/3148/3148 
f 3148/3148/3148 3154/3154/3154 3155/3155/3155 
f 3154/3154/3154 3156/3156/3156 3155/3155/3155 
f 3155/3155/3155 3156/3156/3156 3157/3157/3157 
f 3158/3158/3158 3155/3155/3155 3157/3157/3157 
f 3148/3148/3148 3155/3155/3155 3158/3158/3158 
f 3158/3158/3158 3157/3157/3157 3159/3159/3159 
f 3157/3157/3157 3160/3160/3160 3159/3159/3159 
f 3160/3160/3160 3161/3161/3161 3159/3159/3159 
f 3157/3157/3157 3162/3162/3162 3160/3160/3160 
f 3156/3156/3156 3162/3162/3162 3157/3157/3157 
f 3162/3162/3162 3163/3163/3163 3160/3160/3160 
f 3160/3160/3160 3163/3163/3163 3161/3161/3161 
f 3163/3163/3163 3164/3164/3164 3161/3161/3161 
f 3161/3161/3161 3164/3164/3164 3149/3149/3149 
f 3142/3142/3142 3158/3158/3158 3159/3159/3159 
f 3142/3142/3142 3148/3148/3148 3158/3158/3158 
f 3139/3139/3139 3142/3142/3142 3159/3159/3159 
f 3139/3139/3139 3159/3159/3159 3143/3143/3143 
f 3159/3159/3159 3161/3161/3161 3143/3143/3143 
f 3143/3143/3143 3161/3161/3161 3149/3149/3149 
f 3167/3167/3167 3166/3166/3166 3165/3165/3165 
f 3166/3166/3166 3168/3168/3168 3165/3165/3165 
f 3169/3169/3169 3166/3166/3166 3167/3167/3167 
f 3170/3170/3170 3169/3169/3169 3167/3167/3167 
f 3171/3171/3171 3169/3169/3169 3170/3170/3170 
f 3172/3172/3172 3171/3171/3171 3170/3170/3170 
f 3173/3173/3173 3171/3171/3171 3172/3172/3172 
f 3174/3174/3174 3173/3173/3173 3172/3172/3172 
f 3175/3175/3175 3173/3173/3173 3174/3174/3174 
f 3176/3176/3176 3175/3175/3175 3174/3174/3174 
f 3177/3177/3177 3175/3175/3175 3176/3176/3176 
f 3178/3178/3178 3177/3177/3177 3176/3176/3176 
f 3179/3179/3179 3177/3177/3177 3178/3178/3178 
f 3180/3180/3180 3179/3179/3179 3178/3178/3178 
f 3181/3181/3181 3179/3179/3179 3180/3180/3180 
f 3182/3182/3182 3181/3181/3181 3180/3180/3180 
f 3183/3183/3183 3181/3181/3181 3182/3182/3182 
f 3184/3184/3184 3183/3183/3183 3182/3182/3182 
f 3185/3185/3185 3183/3183/3183 3184/3184/3184 
f 3186/3186/3186 3185/3185/3185 3184/3184/3184 
f 3187/3187/3187 3185/3185/3185 3186/3186/3186 
f 3188/3188/3188 3187/3187/3187 3186/3186/3186 
f 3168/3168/3168 3187/3187/3187 3188/3188/3188 
f 3165/3165/3165 3168/3168/3168 3188/3188/3188 
f 3191/3191/3191 3190/3190/3190 3189/3189/3189 
f 3192/3192/3192 3190/3190/3190 3191/3191/3191 
f 3193/3193/3193 3190/3190/3190 3192/3192/3192 
f 3194/3194/3194 3190/3190/3190 3193/3193/3193 
f 3195/3195/3195 3190/3190/3190 3194/3194/3194 
f 3196/3196/3196 3190/3190/3190 3195/3195/3195 
f 3197/3197/3197 3190/3190/3190 3196/3196/3196 
f 3198/3198/3198 3190/3190/3190 3197/3197/3197 
f 3199/3199/3199 3190/3190/3190 3198/3198/3198 
f 3200/3200/3200 3190/3190/3190 3199/3199/3199 
f 3201/3201/3201 3190/3190/3190 3200/3200/3200 
f 3189/3189/3189 3190/3190/3190 3201/3201/3201 
f 3204/3204/3204 3203/3203/3203 3202/3202/3202 
f 3203/3203/3203 3205/3205/3205 3202/3202/3202 
f 3206/3206/3206 3203/3203/3203 3204/3204/3204 
f 3207/3207/3207 3206/3206/3206 3204/3204/3204 
f 3208/3208/3208 3206/3206/3206 3207/3207/3207 
f 3209/3209/3209 3208/3208/3208 3207/3207/3207 
f 3210/3210/3210 3208/3208/3208 3209/3209/3209 
f 3211/3211/3211 3210/3210/3210 3209/3209/3209 
f 3212/3212/3212 3210/3210/3210 3211/3211/3211 
f 3213/3213/3213 3212/3212/3212 3211/3211/3211 
f 3214/3214/3214 3212/3212/3212 3213/3213/3213 
f 3215/3215/3215 3214/3214/3214 3213/3213/3213 
f 3216/3216/3216 3214/3214/3214 3215/3215/3215 
f 3217/3217/3217 3216/3216/3216 3215/3215/3215 
f 3218/3218/3218 3216/3216/3216 3217/3217/3217 
f 3219/3219/3219 3218/3218/3218 3217/3217/3217 
f 3220/3220/3220 3218/3218/3218 3219/3219/3219 
f 3221/3221/3221 3220/3220/3220 3219/3219/3219 
f 3222/3222/3222 3220/3220/3220 3221/3221/3221 
f 3223/3223/3223 3222/3222/3222 3221/3221/3221 
f 3224/3224/3224 3222/3222/3222 3223/3223/3223 
f 3225/3225/3225 3224/3224/3224 3223/3223/3223 
f 3205/3205/3205 3224/3224/3224 3225/3225/3225 
f 3202/3202/3202 3205/3205/3205 3225/3225/3225 
f 3228/3228/3228 3227/3227/3227 3226/3226/3226 
f 3227/3227/3227 3229/3229/3229 3226/3226/3226 
f 3230/3230/3230 3227/3227/3227 3228/3228/3228 
f 3231/3231/3231 3230/3230/3230 3228/3228/3228 
f 3232/3232/3232 3230/3230/3230 3231/3231/3231 
f 3233/3233/3233 3232/3232/3232 3231/3231/3231 
f 3234/3234/3234 3232/3232/3232 3233/3233/3233 
f 3235/3235/3235 3234/3234/3234 3233/3233/3233 
f 3236/3236/3236 3234/3234/3234 3235/3235/3235 
f 3237/3237/3237 3236/3236/3236 3235/3235/3235 
f 3238/3238/3238 3236/3236/3236 3237/3237/3237 
f 3239/3239/3239 3238/3238/3238 3237/3237/3237 
f 3240/3240/3240 3238/3238/3238 3239/3239/3239 
f 3241/3241/3241 3240/3240/3240 3239/3239/3239 
f 3242/3242/3242 3240/3240/3240 3241/3241/3241 
f 3243/3243/3243 3242/3242/3242 3241/3241/3241 
f 3244/3244/3244 3242/3242/3242 3243/3243/3243 
f 3245/3245/3245 3244/3244/3244 3243/3243/3243 
f 3246/3246/3246 3244/3244/3244 3245/3245/3245 
f 3247/3247/3247 3246/3246/3246 3245/3245/3245 
f 3248/3248/3248 3246/3246/3246 3247/3247/3247 
f 3249/3249/3249 3248/3248/3248 3247/3247/3247 
f 3229/3229/3229 3248/3248/3248 3249/3249/3249 
f 3226/3226/3226 3229/3229/3229 3249/3249/3249 
f 3252/3252/3252 3251/3251/3251 3250/3250/3250 
f 3251/3251/3251 3253/3253/3253 3250/3250/3250 
f 3254/3254/3254 3251/3251/3251 3252/3252/3252 
f 3255/3255/3255 3254/3254/3254 3252/3252/3252 
f 3256/3256/3256 3254/3254/3254 3255/3255/3255 
f 3257/3257/3257 3256/3256/3256 3255/3255/3255 
f 3258/3258/3258 3256/3256/3256 3257/3257/3257 
f 3259/3259/3259 3258/3258/3258 3257/3257/3257 
f 3260/3260/3260 3258/3258/3258 3259/3259/3259 
f 3261/3261/3261 3260/3260/3260 3259/3259/3259 
f 3250/3250/3250 3253/3253/3253 3262/3262/3262 
f 3253/3253/3253 3263/3263/3263 3262/3262/3262 
f 3262/3262/3262 3263/3263/3263 3264/3264/3264 
f 3263/3263/3263 3265/3265/3265 3264/3264/3264 
f 3264/3264/3264 3265/3265/3265 3266/3266/3266 
f 3265/3265/3265 3267/3267/3267 3266/3266/3266 
f 3266/3266/3266 3267/3267/3267 3268/3268/3268 
f 3260/3260/3260 3261/3261/3261 3268/3268/3268 
f 3267/3267/3267 3269/3269/3269 3268/3268/3268 
f 3269/3269/3269 3260/3260/3260 3268/3268/3268 
f 3272/3272/3272 3271/3271/3271 3270/3270/3270 
f 3273/3273/3273 3271/3271/3271 3272/3272/3272 
f 3274/3274/3274 3271/3271/3271 3273/3273/3273 
f 3275/3275/3275 3271/3271/3271 3274/3274/3274 
f 3276/3276/3276 3271/3271/3271 3275/3275/3275 
f 3277/3277/3277 3271/3271/3271 3276/3276/3276 
f 3278/3278/3278 3271/3271/3271 3277/3277/3277 
f 3279/3279/3279 3271/3271/3271 3278/3278/3278 
f 3280/3280/3280 3271/3271/3271 3279/3279/3279 
f 3270/3270/3270 3271/3271/3271 3280/3280/3280 
f 3272/3272/3272 3270/3270/3270 3281/3281/3281 
f 3282/3282/3282 3272/3272/3272 3281/3281/3281 
f 3273/3273/3273 3272/3272/3272 3282/3282/3282 
f 3283/3283/3283 3273/3273/3273 3282/3282/3282 
f 3274/3274/3274 3273/3273/3273 3283/3283/3283 
f 3284/3284/3284 3274/3274/3274 3283/3283/3283 
f 3275/3275/3275 3274/3274/3274 3284/3284/3284 
f 3285/3285/3285 3275/3275/3275 3284/3284/3284 
f 3278/3278/3278 3277/3277/3277 3286/3286/3286 
f 3286/3286/3286 3277/3277/3277 3287/3287/3287 
f 3287/3287/3287 3288/3288/3288 3285/3285/3285 
f 3277/3277/3277 3288/3288/3288 3287/3287/3287 
f 3289/3289/3289 3278/3278/3278 3286/3286/3286 
f 3279/3279/3279 3278/3278/3278 3289/3289/3289 
f 3290/3290/3290 3279/3279/3279 3289/3289/3289 
f 3280/3280/3280 3279/3279/3279 3290/3290/3290 
f 3291/3291/3291 3280/3280/3280 3290/3290/3290 
f 3281/3281/3281 3270/3270/3270 3291/3291/3291 
f 3270/3270/3270 3280/3280/3280 3291/3291/3291 
f 3293/3293/3293 3292/3292/3292 3285/3285/3285 
f 3296/3296/3296 3295/3295/3295 3294/3294/3294 
f 3295/3295/3295 3297/3297/3297 3294/3294/3294 
f 3294/3294/3294 3298/3298/3298 3296/3296/3296 
f 3298/3298/3298 3299/3299/3299 3296/3296/3296 
f 3296/3296/3296 3300/3300/3300 3295/3295/3295 
f 3296/3296/3296 3299/3299/3299 3300/3300/3300 
f 3300/3300/3300 3301/3301/3301 3295/3295/3295 
f 3295/3295/3295 3302/3302/3302 3297/3297/3297 
f 3295/3295/3295 3301/3301/3301 3302/3302/3302 
f 3302/3302/3302 3303/3303/3303 3297/3297/3297 
f 3298/3298/3298 3304/3304/3304 3299/3299/3299 
f 3304/3304/3304 3305/3305/3305 3299/3299/3299 
f 3299/3299/3299 3305/3305/3305 3300/3300/3300 
f 3300/3300/3300 3306/3306/3306 3301/3301/3301 
f 3305/3305/3305 3306/3306/3306 3300/3300/3300 
f 3306/3306/3306 3307/3307/3307 3301/3301/3301 
f 3301/3301/3301 3307/3307/3307 3302/3302/3302 
f 3302/3302/3302 3308/3308/3308 3303/3303/3303 
f 3307/3307/3307 3308/3308/3308 3302/3302/3302 
f 3308/3308/3308 3309/3309/3309 3303/3303/3303 
f 3303/3303/3303 3309/3309/3309 3310/3310/3310 
f 3309/3309/3309 3311/3311/3311 3310/3310/3310 
f 3310/3310/3310 3311/3311/3311 3312/3312/3312 
f 3313/3313/3313 3310/3310/3310 3312/3312/3312 
f 3303/3303/3303 3310/3310/3310 3313/3313/3313 
f 3313/3313/3313 3312/3312/3312 3314/3314/3314 
f 3312/3312/3312 3315/3315/3315 3314/3314/3314 
f 3315/3315/3315 3316/3316/3316 3314/3314/3314 
f 3312/3312/3312 3317/3317/3317 3315/3315/3315 
f 3311/3311/3311 3317/3317/3317 3312/3312/3312 
f 3317/3317/3317 3318/3318/3318 3315/3315/3315 
f 3315/3315/3315 3318/3318/3318 3316/3316/3316 
f 3318/3318/3318 3319/3319/3319 3316/3316/3316 
f 3316/3316/3316 3319/3319/3319 3304/3304/3304 
f 3297/3297/3297 3313/3313/3313 3314/3314/3314 
f 3297/3297/3297 3303/3303/3303 3313/3313/3313 
f 3294/3294/3294 3297/3297/3297 3314/3314/3314 
f 3294/3294/3294 3314/3314/3314 3298/3298/3298 
f 3314/3314/3314 3316/3316/3316 3298/3298/3298 
f 3298/3298/3298 3316/3316/3316 3304/3304/3304 
f 3322/3322/3322 3321/3321/3321 3320/3320/3320 
f 3321/3321/3321 3323/3323/3323 3320/3320/3320 
f 3320/3320/3320 3324/3324/3324 3322/3322/3322 
f 3324/3324/3324 3325/3325/3325 3322/3322/3322 
f 3322/3322/3322 3326/3326/3326 3321/3321/3321 
f 3322/3322/3322 3325/3325/3325 3326/3326/3326 
f 3326/3326/3326 3327/3327/3327 3321/3321/3321 
f 3321/3321/3321 3328/3328/3328 3323/3323/3323 
f 3321/3321/3321 3327/3327/3327 3328/3328/3328 
f 3328/3328/3328 3329/3329/3329 3323/3323/3323 
f 3324/3324/3324 3330/3330/3330 3325/3325/3325 
f 3330/3330/3330 3331/3331/3331 3325/3325/3325 
f 3325/3325/3325 3331/3331/3331 3326/3326/3326 
f 3326/3326/3326 3332/3332/3332 3327/3327/3327 
f 3331/3331/3331 3332/3332/3332 3326/3326/3326 
f 3332/3332/3332 3333/3333/3333 3327/3327/3327 
f 3327/3327/3327 3333/3333/3333 3328/3328/3328 
f 3328/3328/3328 3334/3334/3334 3329/3329/3329 
f 3333/3333/3333 3334/3334/3334 3328/3328/3328 
f 3334/3334/3334 3335/3335/3335 3329/3329/3329 
f 3329/3329/3329 3335/3335/3335 3336/3336/3336 
f 3335/3335/3335 3337/3337/3337 3336/3336/3336 
f 3336/3336/3336 3337/3337/3337 3338/3338/3338 
f 3339/3339/3339 3336/3336/3336 3338/3338/3338 
f 3329/3329/3329 3336/3336/3336 3339/3339/3339 
f 3339/3339/3339 3338/3338/3338 3340/3340/3340 
f 3338/3338/3338 3341/3341/3341 3340/3340/3340 
f 3341/3341/3341 3342/3342/3342 3340/3340/3340 
f 3338/3338/3338 3343/3343/3343 3341/3341/3341 
f 3337/3337/3337 3343/3343/3343 3338/3338/3338 
f 3343/3343/3343 3344/3344/3344 3341/3341/3341 
f 3341/3341/3341 3344/3344/3344 3342/3342/3342 
f 3344/3344/3344 3345/3345/3345 3342/3342/3342 
f 3342/3342/3342 3345/3345/3345 3330/3330/3330 
f 3323/3323/3323 3339/3339/3339 3340/3340/3340 
f 3323/3323/3323 3329/3329/3329 3339/3339/3339 
f 3320/3320/3320 3323/3323/3323 3340/3340/3340 
f 3320/3320/3320 3340/3340/3340 3324/3324/3324 
f 3340/3340/3340 3342/3342/3342 3324/3324/3324 
f 3324/3324/3324 3342/3342/3342 3330/3330/3330 
f 3348/3348/3348 3347/3347/3347 3346/3346/3346 
f 3347/3347/3347 3349/3349/3349 3346/3346/3346 
f 3347/3347/3347 3350/3350/3350 3349/3349/3349 
f 3350/3350/3350 3351/3351/3351 3349/3349/3349 
f 3347/3347/3347 3352/3352/3352 3350/3350/3350 
f 3352/3352/3352 3353/3353/3353 3350/3350/3350 
f 3348/3348/3348 3354/3354/3354 3347/3347/3347 
f 3354/3354/3354 3352/3352/3352 3347/3347/3347 
f 3355/3355/3355 3350/3350/3350 3353/3353/3353 
f 3350/3350/3350 3355/3355/3355 3351/3351/3351 
f 3356/3356/3356 3355/3355/3355 3353/3353/3353 
f 3355/3355/3355 3357/3357/3357 3351/3351/3351 
f 3356/3356/3356 3358/3358/3358 3355/3355/3355 
f 3358/3358/3358 3356/3356/3356 3359/3359/3359 
f 3359/3359/3359 3356/3356/3356 3353/3353/3353 
f 3360/3360/3360 3358/3358/3358 3359/3359/3359 
f 3361/3361/3361 3360/3360/3360 3359/3359/3359 
f 3362/3362/3362 3361/3361/3361 3359/3359/3359 
f 3363/3363/3363 3362/3362/3362 3359/3359/3359 
f 3364/3364/3364 3363/3363/3363 3359/3359/3359 
f 3364/3364/3364 3359/3359/3359 3353/3353/3353 
f 3363/3363/3363 3364/3364/3364 3365/3365/3365 
f 3366/3366/3366 3363/3363/3363 3365/3365/3365 
f 3367/3367/3367 3366/3366/3366 3365/3365/3365 
f 3368/3368/3368 3367/3367/3367 3365/3365/3365 
f 3369/3369/3369 3367/3367/3367 3368/3368/3368 
f 3370/3370/3370 3369/3369/3369 3368/3368/3368 
f 3368/3368/3368 3365/3365/3365 3371/3371/3371 
f 3365/3365/3365 3364/3364/3364 3371/3371/3371 
f 3372/3372/3372 3368/3368/3368 3371/3371/3371 
f 3370/3370/3370 3368/3368/3368 3372/3372/3372 
f 3373/3373/3373 3370/3370/3370 3372/3372/3372 
f 3361/3361/3361 3374/3374/3374 3360/3360/3360 
f 3374/3374/3374 3375/3375/3375 3360/3360/3360 
f 3360/3360/3360 3375/3375/3375 3358/3358/3358 
f 3375/3375/3375 3376/3376/3376 3358/3358/3358 
f 3358/3358/3358 3376/3376/3376 3377/3377/3377 
f 3358/3358/3358 3377/3377/3377 3355/3355/3355 
f 3377/3377/3377 3357/3357/3357 3355/3355/3355 
f 3376/3376/3376 3378/3378/3378 3377/3377/3377 
f 3376/3376/3376 3379/3379/3379 3378/3378/3378 
f 3379/3379/3379 3380/3380/3380 3378/3378/3378 
f 3380/3380/3380 3381/3381/3381 3378/3378/3378 
f 3381/3381/3381 3380/3380/3380 3382/3382/3382 
f 3383/3383/3383 3381/3381/3381 3382/3382/3382 
f 3383/3383/3383 3382/3382/3382 3384/3384/3384 
f 3385/3385/3385 3383/3383/3383 3384/3384/3384 
f 3385/3385/3385 3384/3384/3384 3386/3386/3386 
f 3387/3387/3387 3385/3385/3385 3386/3386/3386 
f 3387/3387/3387 3386/3386/3386 3388/3388/3388 
f 3389/3389/3389 3387/3387/3387 3388/3388/3388 
f 3389/3389/3389 3388/3388/3388 3390/3390/3390 
f 3391/3391/3391 3389/3389/3389 3390/3390/3390 
f 3391/3391/3391 3390/3390/3390 3392/3392/3392 
f 3393/3393/3393 3391/3391/3391 3392/3392/3392 
f 3380/3380/3380 3379/3379/3379 3394/3394/3394 
f 3379/3379/3379 3376/3376/3376 3394/3394/3394 
f 3394/3394/3394 3376/3376/3376 3395/3395/3395 
f 3376/3376/3376 3396/3396/3396 3395/3395/3395 
f 3395/3395/3395 3396/3396/3396 3397/3397/3397 
f 3396/3396/3396 3398/3398/3398 3397/3397/3397 
f 3398/3398/3398 3396/3396/3396 3399/3399/3399 
f 3396/3396/3396 3400/3400/3400 3399/3399/3399 
f 3400/3400/3400 3401/3401/3401 3399/3399/3399 
f 3401/3401/3401 3402/3402/3402 3399/3399/3399 
f 3402/3402/3402 3403/3403/3403 3399/3399/3399 
f 3403/3403/3403 3404/3404/3404 3399/3399/3399 
f 3404/3404/3404 3403/3403/3403 3405/3405/3405 
f 3403/3403/3403 3406/3406/3406 3405/3405/3405 
f 3406/3406/3406 3407/3407/3407 3405/3405/3405 
f 3407/3407/3407 3408/3408/3408 3405/3405/3405 
f 3407/3407/3407 3409/3409/3409 3408/3408/3408 
f 3409/3409/3409 3410/3410/3410 3408/3408/3408 
f 3405/3405/3405 3408/3408/3408 3411/3411/3411 
f 3404/3404/3404 3405/3405/3405 3411/3411/3411 
f 3408/3408/3408 3412/3412/3412 3411/3411/3411 
f 3408/3408/3408 3410/3410/3410 3412/3412/3412 
f 3410/3410/3410 3413/3413/3413 3412/3412/3412 
f 3414/3414/3414 3401/3401/3401 3400/3400/3400 
f 3415/3415/3415 3414/3414/3414 3400/3400/3400 
f 3415/3415/3415 3400/3400/3400 3396/3396/3396 
f 3376/3376/3376 3415/3415/3415 3396/3396/3396 
f 3416/3416/3416 3409/3409/3409 3407/3407/3407 
f 3417/3417/3417 3416/3416/3416 3407/3407/3407 
f 3417/3417/3417 3407/3407/3407 3406/3406/3406 
f 3418/3418/3418 3417/3417/3417 3406/3406/3406 
f 3418/3418/3418 3406/3406/3406 3403/3403/3403 
f 3419/3419/3419 3418/3418/3418 3403/3403/3403 
f 3419/3419/3419 3403/3403/3403 3402/3402/3402 
f 3420/3420/3420 3419/3419/3419 3402/3402/3402 
f 3420/3420/3420 3402/3402/3402 3401/3401/3401 
f 3421/3421/3421 3420/3420/3420 3401/3401/3401 
f 3414/3414/3414 3421/3421/3421 3401/3401/3401 
f 3422/3422/3422 3416/3416/3416 3417/3417/3417 
f 3423/3423/3423 3422/3422/3422 3417/3417/3417 
f 3419/3419/3419 3423/3423/3423 3418/3418/3418 
f 3423/3423/3423 3417/3417/3417 3418/3418/3418 
f 3423/3423/3423 3419/3419/3419 3420/3420/3420 
f 3421/3421/3421 3424/3424/3424 3420/3420/3420 
f 3424/3424/3424 3423/3423/3423 3420/3420/3420 
f 3422/3422/3422 3423/3423/3423 3424/3424/3424 
f 3425/3425/3425 3422/3422/3422 3424/3424/3424 
f 3426/3426/3426 3424/3424/3424 3421/3421/3421 
f 3425/3425/3425 3424/3424/3424 3426/3426/3426 
f 3414/3414/3414 3426/3426/3426 3421/3421/3421 
f 3427/3427/3427 3425/3425/3425 3426/3426/3426 
f 3414/3414/3414 3428/3428/3428 3426/3426/3426 
f 3429/3429/3429 3428/3428/3428 3414/3414/3414 
f 3415/3415/3415 3429/3429/3429 3414/3414/3414 
f 3430/3430/3430 3429/3429/3429 3415/3415/3415 
f 3376/3376/3376 3430/3430/3430 3415/3415/3415 
f 3431/3431/3431 3430/3430/3430 3376/3376/3376 
f 3375/3375/3375 3431/3431/3431 3376/3376/3376 
f 3432/3432/3432 3431/3431/3431 3375/3375/3375 
f 3374/3374/3374 3432/3432/3432 3375/3375/3375 
f 3433/3433/3433 3432/3432/3432 3374/3374/3374 
f 3434/3434/3434 3433/3433/3433 3374/3374/3374 
f 3434/3434/3434 3374/3374/3374 3435/3435/3435 
f 3435/3435/3435 3374/3374/3374 3361/3361/3361 
f 3436/3436/3436 3435/3435/3435 3361/3361/3361 
f 3362/3362/3362 3436/3436/3436 3361/3361/3361 
f 3437/3437/3437 3436/3436/3436 3362/3362/3362 
f 3363/3363/3363 3437/3437/3437 3362/3362/3362 
f 3438/3438/3438 3437/3437/3437 3363/3363/3363 
f 3366/3366/3366 3438/3438/3438 3363/3363/3363 
f 3439/3439/3439 3438/3438/3438 3366/3366/3366 
f 3367/3367/3367 3439/3439/3439 3366/3366/3366 
f 3440/3440/3440 3439/3439/3439 3367/3367/3367 
f 3369/3369/3369 3440/3440/3440 3367/3367/3367 
f 3440/3440/3440 3441/3441/3441 3439/3439/3439 
f 3441/3441/3441 3442/3442/3442 3439/3439/3439 
f 3439/3439/3439 3442/3442/3442 3438/3438/3438 
f 3442/3442/3442 3437/3437/3437 3438/3438/3438 
f 3437/3437/3437 3442/3442/3442 3436/3436/3436 
f 3442/3442/3442 3443/3443/3443 3436/3436/3436 
f 3443/3443/3443 3435/3435/3435 3436/3436/3436 
f 3442/3442/3442 3441/3441/3441 3443/3443/3443 
f 3443/3443/3443 3434/3434/3434 3435/3435/3435 
f 3441/3441/3441 3444/3444/3444 3443/3443/3443 
f 3443/3443/3443 3444/3444/3444 3434/3434/3434 
f 3444/3444/3444 3445/3445/3445 3434/3434/3434 
f 3369/3369/3369 3446/3446/3446 3440/3440/3440 
f 3447/3447/3447 3446/3446/3446 3369/3369/3369 
f 3448/3448/3448 3447/3447/3447 3369/3369/3369 
f 3449/3449/3449 3447/3447/3447 3448/3448/3448 
f 3450/3450/3450 3449/3449/3449 3448/3448/3448 
f 3445/3445/3445 3451/3451/3451 3434/3434/3434 
f 3451/3451/3451 3433/3433/3433 3434/3434/3434 
f 3454/3454/3454 3453/3453/3453 3452/3452/3452 
f 3454/3454/3454 3455/3455/3455 3453/3453/3453 
f 3455/3455/3455 3456/3456/3456 3453/3453/3453 
f 3454/3454/3454 3348/3348/3348 3455/3455/3455 
f 3348/3348/3348 3346/3346/3346 3455/3455/3455 
f 3348/3348/3348 3454/3454/3454 3354/3354/3354 
f 3454/3454/3454 3452/3452/3452 3354/3354/3354 
f 3458/3458/3458 3364/3364/3364 3457/3457/3457 
f 3364/3364/3364 3353/3353/3353 3457/3457/3457 
f 3364/3364/3364 3458/3458/3458 3371/3371/3371 
f 3461/3461/3461 3460/3460/3460 3459/3459/3459 
f 3461/3461/3461 3462/3462/3462 3460/3460/3460 
f 3462/3462/3462 3463/3463/3463 3460/3460/3460 
f 3466/3466/3466 3465/3465/3465 3464/3464/3464 
f 3465/3465/3465 3467/3467/3467 3464/3464/3464 
f 3465/3465/3465 3468/3468/3468 3467/3467/3467 
f 3468/3468/3468 3469/3469/3469 3467/3467/3467 
f 3468/3468/3468 3470/3470/3470 3469/3469/3469 
f 3470/3470/3470 3471/3471/3471 3469/3469/3469 
f 3470/3470/3470 3472/3472/3472 3471/3471/3471 
f 3472/3472/3472 3473/3473/3473 3471/3471/3471 
f 3472/3472/3472 3474/3474/3474 3473/3473/3473 
f 3474/3474/3474 3475/3475/3475 3473/3473/3473 
f 3474/3474/3474 3476/3476/3476 3475/3475/3475 
f 3476/3476/3476 3477/3477/3477 3475/3475/3475 
f 3478/3478/3478 3477/3477/3477 3476/3476/3476 
f 3481/3481/3481 3480/3480/3480 3479/3479/3479 
f 3480/3480/3480 3482/3482/3482 3479/3479/3479 
f 3483/3483/3483 3480/3480/3480 3481/3481/3481 
f 3484/3484/3484 3483/3483/3483 3481/3481/3481 
f 3485/3485/3485 3480/3480/3480 3483/3483/3483 
f 3486/3486/3486 3485/3485/3485 3483/3483/3483 
f 3485/3485/3485 3487/3487/3487 3480/3480/3480 
f 3487/3487/3487 3482/3482/3482 3480/3480/3480 
f 3483/3483/3483 3397/3397/3397 3486/3486/3486 
f 3397/3397/3397 3483/3483/3483 3484/3484/3484 
f 3397/3397/3397 3398/3398/3398 3486/3486/3486 
f 3488/3488/3488 3397/3397/3397 3484/3484/3484 
f 3488/3488/3488 3395/3395/3395 3397/3397/3397 
f 3484/3484/3484 3481/3481/3481 3489/3489/3489 
f 3489/3489/3489 3481/3481/3481 3490/3490/3490 
f 3481/3481/3481 3491/3491/3491 3490/3490/3490 
f 3492/3492/3492 3484/3484/3484 3489/3489/3489 
f 3493/3493/3493 3484/3484/3484 3492/3492/3492 
f 3494/3494/3494 3493/3493/3493 3492/3492/3492 
f 3495/3495/3495 3493/3493/3493 3494/3494/3494 
f 3496/3496/3496 3495/3495/3495 3494/3494/3494 
f 3496/3496/3496 3394/3394/3394 3495/3495/3495 
f 3496/3496/3496 3380/3380/3380 3394/3394/3394 
f 3380/3380/3380 3496/3496/3496 3382/3382/3382 
f 3496/3496/3496 3497/3497/3497 3382/3382/3382 
f 3382/3382/3382 3497/3497/3497 3384/3384/3384 
f 3497/3497/3497 3498/3498/3498 3384/3384/3384 
f 3384/3384/3384 3498/3498/3498 3386/3386/3386 
f 3498/3498/3498 3499/3499/3499 3386/3386/3386 
f 3386/3386/3386 3499/3499/3499 3388/3388/3388 
f 3499/3499/3499 3500/3500/3500 3388/3388/3388 
f 3388/3388/3388 3500/3500/3500 3390/3390/3390 
f 3500/3500/3500 3501/3501/3501 3390/3390/3390 
f 3390/3390/3390 3501/3501/3501 3392/3392/3392 
f 3501/3501/3501 3502/3502/3502 3392/3392/3392 
f 3505/3505/3505 3504/3504/3504 3503/3503/3503 
f 3506/3506/3506 3504/3504/3504 3505/3505/3505 
f 3507/3507/3507 3506/3506/3506 3505/3505/3505 
f 3482/3482/3482 3504/3504/3504 3506/3506/3506 
f 3479/3479/3479 3482/3482/3482 3506/3506/3506 
f 3503/3503/3503 3504/3504/3504 3487/3487/3487 
f 3504/3504/3504 3482/3482/3482 3487/3487/3487 
f 3486/3486/3486 3404/3404/3404 3508/3508/3508 
f 3404/3404/3404 3509/3509/3509 3508/3508/3508 
f 3509/3509/3509 3404/3404/3404 3411/3411/3411 
f 3399/3399/3399 3404/3404/3404 3486/3486/3486 
f 3398/3398/3398 3399/3399/3399 3486/3486/3486 
f 3512/3512/3512 3511/3511/3511 3510/3510/3510 
f 3513/3513/3513 3511/3511/3511 3512/3512/3512 
f 3514/3514/3514 3513/3513/3513 3512/3512/3512 
f 3517/3517/3517 3516/3516/3516 3515/3515/3515 
f 3516/3516/3516 3518/3518/3518 3515/3515/3515 
f 3491/3491/3491 3516/3516/3516 3517/3517/3517 
f 3490/3490/3490 3491/3491/3491 3517/3517/3517 
f 3519/3519/3519 3409/3409/3409 3416/3416/3416 
f 3519/3519/3519 3520/3520/3520 3409/3409/3409 
f 3520/3520/3520 3521/3521/3521 3409/3409/3409 
f 3520/3520/3520 3522/3522/3522 3521/3521/3521 
f 3522/3522/3522 3523/3523/3523 3521/3521/3521 
f 3428/3428/3428 3524/3524/3524 3426/3426/3426 
f 3426/3426/3426 3524/3524/3524 3427/3427/3427 
f 3524/3524/3524 3525/3525/3525 3427/3427/3427 
f 3528/3528/3528 3527/3527/3527 3526/3526/3526 
f 3527/3527/3527 3529/3529/3529 3526/3526/3526 
f 3530/3530/3530 3527/3527/3527 3528/3528/3528 
f 3531/3531/3531 3530/3530/3530 3528/3528/3528 
f 3526/3526/3526 3529/3529/3529 3532/3532/3532 
f 3529/3529/3529 3533/3533/3533 3532/3532/3532 
f 3532/3532/3532 3533/3533/3533 3534/3534/3534 
f 3533/3533/3533 3535/3535/3535 3534/3534/3534 
f 3534/3534/3534 3535/3535/3535 3536/3536/3536 
f 3535/3535/3535 3537/3537/3537 3536/3536/3536 
f 3536/3536/3536 3537/3537/3537 3538/3538/3538 
f 3537/3537/3537 3539/3539/3539 3538/3538/3538 
f 3538/3538/3538 3539/3539/3539 3540/3540/3540 
f 3539/3539/3539 3541/3541/3541 3540/3540/3540 
f 3540/3540/3540 3541/3541/3541 3542/3542/3542 
f 3541/3541/3541 3543/3543/3543 3542/3542/3542 
f 3542/3542/3542 3543/3543/3543 3544/3544/3544 
f 3543/3543/3543 3545/3545/3545 3544/3544/3544 
f 3544/3544/3544 3545/3545/3545 3546/3546/3546 
f 3545/3545/3545 3547/3547/3547 3546/3546/3546 
f 3545/3545/3545 3548/3548/3548 3547/3547/3547 
f 3548/3548/3548 3549/3549/3549 3547/3547/3547 
f 3543/3543/3543 3550/3550/3550 3545/3545/3545 
f 3550/3550/3550 3548/3548/3548 3545/3545/3545 
f 3541/3541/3541 3551/3551/3551 3543/3543/3543 
f 3551/3551/3551 3550/3550/3550 3543/3543/3543 
f 3539/3539/3539 3552/3552/3552 3541/3541/3541 
f 3552/3552/3552 3551/3551/3551 3541/3541/3541 
f 3537/3537/3537 3553/3553/3553 3539/3539/3539 
f 3553/3553/3553 3552/3552/3552 3539/3539/3539 
f 3554/3554/3554 3553/3553/3553 3537/3537/3537 
f 3535/3535/3535 3554/3554/3554 3537/3537/3537 
f 3555/3555/3555 3554/3554/3554 3535/3535/3535 
f 3533/3533/3533 3555/3555/3555 3535/3535/3535 
f 3556/3556/3556 3555/3555/3555 3533/3533/3533 
f 3529/3529/3529 3556/3556/3556 3533/3533/3533 
f 3557/3557/3557 3556/3556/3556 3529/3529/3529 
f 3527/3527/3527 3557/3557/3557 3529/3529/3529 
f 3558/3558/3558 3557/3557/3557 3527/3527/3527 
f 3530/3530/3530 3558/3558/3558 3527/3527/3527 
f 3561/3561/3561 3560/3560/3560 3559/3559/3559 
f 3562/3562/3562 3560/3560/3560 3561/3561/3561 
f 3563/3563/3563 3560/3560/3560 3562/3562/3562 
f 3564/3564/3564 3560/3560/3560 3563/3563/3563 
f 3565/3565/3565 3560/3560/3560 3564/3564/3564 
f 3566/3566/3566 3560/3560/3560 3565/3565/3565 
f 3567/3567/3567 3560/3560/3560 3566/3566/3566 
f 3568/3568/3568 3560/3560/3560 3567/3567/3567 
f 3569/3569/3569 3560/3560/3560 3568/3568/3568 
f 3559/3559/3559 3560/3560/3560 3569/3569/3569 
f 3572/3572/3572 3571/3571/3571 3570/3570/3570 
f 3571/3571/3571 3573/3573/3573 3570/3570/3570 
f 3574/3574/3574 3571/3571/3571 3572/3572/3572 
f 3575/3575/3575 3574/3574/3574 3572/3572/3572 
f 3570/3570/3570 3573/3573/3573 3576/3576/3576 
f 3573/3573/3573 3577/3577/3577 3576/3576/3576 
f 3576/3576/3576 3577/3577/3577 3578/3578/3578 
f 3577/3577/3577 3579/3579/3579 3578/3578/3578 
f 3578/3578/3578 3579/3579/3579 3580/3580/3580 
f 3579/3579/3579 3581/3581/3581 3580/3580/3580 
f 3580/3580/3580 3581/3581/3581 3582/3582/3582 
f 3581/3581/3581 3583/3583/3583 3582/3582/3582 
f 3582/3582/3582 3583/3583/3583 3584/3584/3584 
f 3583/3583/3583 3585/3585/3585 3584/3584/3584 
f 3584/3584/3584 3585/3585/3585 3586/3586/3586 
f 3585/3585/3585 3587/3587/3587 3586/3586/3586 
f 3586/3586/3586 3587/3587/3587 3588/3588/3588 
f 3587/3587/3587 3589/3589/3589 3588/3588/3588 
f 3588/3588/3588 3589/3589/3589 3590/3590/3590 
f 3589/3589/3589 3591/3591/3591 3590/3590/3590 
f 3589/3589/3589 3592/3592/3592 3591/3591/3591 
f 3592/3592/3592 3593/3593/3593 3591/3591/3591 
f 3587/3587/3587 3594/3594/3594 3589/3589/3589 
f 3594/3594/3594 3592/3592/3592 3589/3589/3589 
f 3585/3585/3585 3595/3595/3595 3587/3587/3587 
f 3595/3595/3595 3594/3594/3594 3587/3587/3587 
f 3583/3583/3583 3596/3596/3596 3585/3585/3585 
f 3596/3596/3596 3595/3595/3595 3585/3585/3585 
f 3581/3581/3581 3597/3597/3597 3583/3583/3583 
f 3597/3597/3597 3596/3596/3596 3583/3583/3583 
f 3598/3598/3598 3597/3597/3597 3581/3581/3581 
f 3579/3579/3579 3598/3598/3598 3581/3581/3581 
f 3599/3599/3599 3598/3598/3598 3579/3579/3579 
f 3577/3577/3577 3599/3599/3599 3579/3579/3579 
f 3600/3600/3600 3599/3599/3599 3577/3577/3577 
f 3573/3573/3573 3600/3600/3600 3577/3577/3577 
f 3601/3601/3601 3600/3600/3600 3573/3573/3573 
f 3571/3571/3571 3601/3601/3601 3573/3573/3573 
f 3602/3602/3602 3601/3601/3601 3571/3571/3571 
f 3574/3574/3574 3602/3602/3602 3571/3571/3571 
f 3605/3605/3605 3604/3604/3604 3603/3603/3603 
f 3604/3604/3604 3606/3606/3606 3603/3603/3603 
f 3607/3607/3607 3604/3604/3604 3605/3605/3605 
f 3608/3608/3608 3607/3607/3607 3605/3605/3605 
f 3603/3603/3603 3606/3606/3606 3609/3609/3609 
f 3606/3606/3606 3610/3610/3610 3609/3609/3609 
f 3609/3609/3609 3610/3610/3610 3611/3611/3611 
f 3610/3610/3610 3612/3612/3612 3611/3611/3611 
f 3611/3611/3611 3612/3612/3612 3613/3613/3613 
f 3612/3612/3612 3614/3614/3614 3613/3613/3613 
f 3613/3613/3613 3614/3614/3614 3615/3615/3615 
f 3614/3614/3614 3616/3616/3616 3615/3615/3615 
f 3615/3615/3615 3616/3616/3616 3617/3617/3617 
f 3616/3616/3616 3618/3618/3618 3617/3617/3617 
f 3617/3617/3617 3618/3618/3618 3619/3619/3619 
f 3618/3618/3618 3620/3620/3620 3619/3619/3619 
f 3619/3619/3619 3620/3620/3620 3621/3621/3621 
f 3620/3620/3620 3622/3622/3622 3621/3621/3621 
f 3621/3621/3621 3622/3622/3622 3623/3623/3623 
f 3622/3622/3622 3624/3624/3624 3623/3623/3623 
f 3622/3622/3622 3625/3625/3625 3624/3624/3624 
f 3625/3625/3625 3626/3626/3626 3624/3624/3624 
f 3620/3620/3620 3627/3627/3627 3622/3622/3622 
f 3627/3627/3627 3625/3625/3625 3622/3622/3622 
f 3618/3618/3618 3628/3628/3628 3620/3620/3620 
f 3628/3628/3628 3627/3627/3627 3620/3620/3620 
f 3616/3616/3616 3629/3629/3629 3618/3618/3618 
f 3629/3629/3629 3628/3628/3628 3618/3618/3618 
f 3614/3614/3614 3630/3630/3630 3616/3616/3616 
f 3630/3630/3630 3629/3629/3629 3616/3616/3616 
f 3631/3631/3631 3630/3630/3630 3614/3614/3614 
f 3612/3612/3612 3631/3631/3631 3614/3614/3614 
f 3632/3632/3632 3631/3631/3631 3612/3612/3612 
f 3610/3610/3610 3632/3632/3632 3612/3612/3612 
f 3633/3633/3633 3632/3632/3632 3610/3610/3610 
f 3606/3606/3606 3633/3633/3633 3610/3610/3610 
f 3634/3634/3634 3633/3633/3633 3606/3606/3606 
f 3604/3604/3604 3634/3634/3634 3606/3606/3606 
f 3635/3635/3635 3634/3634/3634 3604/3604/3604 
f 3607/3607/3607 3635/3635/3635 3604/3604/3604 
f 3638/3638/3638 3637/3637/3637 3636/3636/3636 
f 3637/3637/3637 3639/3639/3639 3636/3636/3636 
f 3640/3640/3640 3637/3637/3637 3638/3638/3638 
f 3641/3641/3641 3640/3640/3640 3638/3638/3638 
f 3636/3636/3636 3639/3639/3639 3642/3642/3642 
f 3639/3639/3639 3643/3643/3643 3642/3642/3642 
f 3642/3642/3642 3643/3643/3643 3644/3644/3644 
f 3643/3643/3643 3645/3645/3645 3644/3644/3644 
f 3644/3644/3644 3645/3645/3645 3646/3646/3646 
f 3645/3645/3645 3647/3647/3647 3646/3646/3646 
f 3646/3646/3646 3647/3647/3647 3648/3648/3648 
f 3647/3647/3647 3649/3649/3649 3648/3648/3648 
f 3648/3648/3648 3649/3649/3649 3650/3650/3650 
f 3649/3649/3649 3651/3651/3651 3650/3650/3650 
f 3650/3650/3650 3651/3651/3651 3652/3652/3652 
f 3651/3651/3651 3653/3653/3653 3652/3652/3652 
f 3652/3652/3652 3653/3653/3653 3654/3654/3654 
f 3653/3653/3653 3655/3655/3655 3654/3654/3654 
f 3654/3654/3654 3655/3655/3655 3656/3656/3656 
f 3655/3655/3655 3657/3657/3657 3656/3656/3656 
f 3660/3660/3660 3659/3659/3659 3658/3658/3658 
f 3659/3659/3659 3661/3661/3661 3658/3658/3658 
f 3662/3662/3662 3659/3659/3659 3660/3660/3660 
f 3663/3663/3663 3662/3662/3662 3660/3660/3660 
f 3658/3658/3658 3661/3661/3661 3664/3664/3664 
f 3661/3661/3661 3665/3665/3665 3664/3664/3664 
f 3664/3664/3664 3665/3665/3665 3666/3666/3666 
f 3665/3665/3665 3667/3667/3667 3666/3666/3666 
f 3666/3666/3666 3667/3667/3667 3668/3668/3668 
f 3667/3667/3667 3669/3669/3669 3668/3668/3668 
f 3668/3668/3668 3669/3669/3669 3670/3670/3670 
f 3669/3669/3669 3671/3671/3671 3670/3670/3670 
f 3670/3670/3670 3671/3671/3671 3672/3672/3672 
f 3671/3671/3671 3673/3673/3673 3672/3672/3672 
f 3672/3672/3672 3673/3673/3673 3674/3674/3674 
f 3673/3673/3673 3675/3675/3675 3674/3674/3674 
f 3674/3674/3674 3675/3675/3675 3676/3676/3676 
f 3675/3675/3675 3677/3677/3677 3676/3676/3676 
f 3676/3676/3676 3677/3677/3677 3678/3678/3678 
f 3677/3677/3677 3679/3679/3679 3678/3678/3678 
f 3682/3682/3682 3681/3681/3681 3680/3680/3680 
f 3681/3681/3681 3683/3683/3683 3680/3680/3680 
f 3686/3686/3686 3685/3685/3685 3684/3684/3684 
f 3685/3685/3685 3687/3687/3687 3684/3684/3684 
f 3690/3690/3690 3689/3689/3689 3688/3688/3688 
f 3689/3689/3689 3691/3691/3691 3688/3688/3688 
f 3694/3694/3694 3693/3693/3693 3692/3692/3692 
f 3693/3693/3693 3695/3695/3695 3692/3692/3692 
f 3698/3698/3698 3697/3697/3697 3696/3696/3696 
f 3697/3697/3697 3699/3699/3699 3696/3696/3696 
f 3702/3702/3702 3701/3701/3701 3700/3700/3700 
f 3701/3701/3701 3703/3703/3703 3700/3700/3700 
f 3706/3706/3706 3705/3705/3705 3704/3704/3704 
f 3705/3705/3705 3707/3707/3707 3704/3704/3704 
f 3710/3710/3710 3709/3709/3709 3708/3708/3708 
f 3709/3709/3709 3711/3711/3711 3708/3708/3708 
f 3714/3714/3714 3713/3713/3713 3712/3712/3712 
f 3715/3715/3715 3713/3713/3713 3714/3714/3714 
f 3716/3716/3716 3713/3713/3713 3715/3715/3715 
f 3717/3717/3717 3713/3713/3713 3716/3716/3716 
f 3718/3718/3718 3713/3713/3713 3717/3717/3717 
f 3719/3719/3719 3713/3713/3713 3718/3718/3718 
f 3720/3720/3720 3713/3713/3713 3719/3719/3719 
f 3712/3712/3712 3713/3713/3713 3720/3720/3720 
f 3723/3723/3723 3722/3722/3722 3721/3721/3721 
f 3722/3722/3722 3724/3724/3724 3721/3721/3721 
f 3725/3725/3725 3722/3722/3722 3723/3723/3723 
f 3726/3726/3726 3725/3725/3725 3723/3723/3723 
f 3725/3725/3725 3726/3726/3726 3727/3727/3727 
f 3728/3728/3728 3725/3725/3725 3727/3727/3727 
f 3728/3728/3728 3727/3727/3727 3729/3729/3729 
f 3730/3730/3730 3728/3728/3728 3729/3729/3729 
f 3733/3733/3733 3732/3732/3732 3731/3731/3731 
f 3732/3732/3732 3734/3734/3734 3731/3731/3731 
f 3737/3737/3737 3736/3736/3736 3735/3735/3735 
f 3736/3736/3736 3738/3738/3738 3735/3735/3735 
f 3741/3741/3741 3740/3740/3740 3739/3739/3739 
f 3740/3740/3740 3742/3742/3742 3739/3739/3739 
f 3742/3742/3742 3743/3743/3743 3739/3739/3739 
f 3743/3743/3743 3744/3744/3744 3739/3739/3739 
f 3747/3747/3747 3746/3746/3746 3745/3745/3745 
f 3746/3746/3746 3748/3748/3748 3745/3745/3745 
f 3751/3751/3751 3750/3750/3750 3749/3749/3749 
f 3750/3750/3750 3752/3752/3752 3749/3749/3749 
f 3755/3755/3755 3754/3754/3754 3753/3753/3753 
f 3753/3753/3753 3756/3756/3756 3755/3755/3755 
f 3756/3756/3756 3757/3757/3757 3755/3755/3755 
f 3758/3758/3758 3755/3755/3755 3757/3757/3757 
f 3761/3761/3761 3760/3760/3760 3759/3759/3759 
f 3760/3760/3760 3762/3762/3762 3759/3759/3759 
f 3762/3762/3762 3760/3760/3760 3763/3763/3763 
f 3760/3760/3760 3764/3764/3764 3763/3763/3763 
f 3767/3767/3767 3766/3766/3766 3765/3765/3765 
f 3766/3766/3766 3768/3768/3768 3765/3765/3765 
f 3771/3771/3771 3770/3770/3770 3769/3769/3769 
f 3770/3770/3770 3773/3773/3773 3772/3772/3772 
f 3774/3774/3774 3773/3773/3773 3770/3770/3770 
f 3777/3777/3777 3776/3776/3776 3775/3775/3775 
f 3776/3776/3776 3778/3778/3778 3775/3775/3775 
f 3781/3781/3781 3780/3780/3780 3779/3779/3779 
f 3780/3780/3780 3782/3782/3782 3779/3779/3779 
f 3785/3785/3785 3784/3784/3784 3783/3783/3783 
f 3788/3788/3788 3787/3787/3787 3786/3786/3786 
f 3787/3787/3787 3789/3789/3789 3786/3786/3786 
f 3789/3789/3789 3787/3787/3787 3790/3790/3790 
f 3791/3791/3791 3789/3789/3789 3790/3790/3790 
f 3789/3789/3789 3793/3793/3793 3792/3792/3792 
f 3793/3793/3793 3794/3794/3794 3792/3792/3792 
f 3793/3793/3793 3789/3789/3789 3795/3795/3795 
f 3789/3789/3789 3796/3796/3796 3795/3795/3795 
f 3799/3799/3799 3798/3798/3798 3797/3797/3797 
f 3798/3798/3798 3800/3800/3800 3797/3797/3797 
f 3803/3803/3803 3802/3802/3802 3801/3801/3801 
f 3806/3806/3806 3805/3805/3805 3804/3804/3804 
f 3809/3809/3809 3808/3808/3808 3807/3807/3807 
f 3808/3808/3808 3810/3810/3810 3807/3807/3807 
f 3812/3812/3812 3808/3808/3808 3811/3811/3811 
f 3815/3815/3815 3814/3814/3814 3813/3813/3813 
f 3814/3814/3814 3816/3816/3816 3813/3813/3813 
f 3819/3819/3819 3818/3818/3818 3817/3817/3817 
f 3818/3818/3818 3820/3820/3820 3817/3817/3817 
f 3823/3823/3823 3822/3822/3822 3821/3821/3821 
f 3822/3822/3822 3824/3824/3824 3821/3821/3821 
f 3822/3822/3822 3823/3823/3823 3825/3825/3825 
f 3826/3826/3826 3822/3822/3822 3825/3825/3825 
f 3829/3829/3829 3828/3828/3828 3827/3827/3827 
f 3832/3832/3832 3831/3831/3831 3830/3830/3830 
f 3832/3832/3832 3830/3830/3830 3833/3833/3833 
f 3834/3834/3834 3832/3832/3832 3833/3833/3833 
f 3837/3837/3837 3836/3836/3836 3835/3835/3835 
f 3836/3836/3836 3838/3838/3838 3835/3835/3835 
f 3838/3838/3838 3836/3836/3836 3839/3839/3839 
f 3836/3836/3836 3840/3840/3840 3839/3839/3839 
f 3843/3843/3843 3842/3842/3842 3841/3841/3841 
f 3842/3842/3842 3844/3844/3844 3841/3841/3841 
f 3844/3844/3844 3842/3842/3842 3845/3845/3845 
f 3842/3842/3842 3846/3846/3846 3845/3845/3845 
f 3849/3849/3849 3848/3848/3848 3847/3847/3847 
f 3848/3848/3848 3850/3850/3850 3847/3847/3847 
f 3850/3850/3850 3848/3848/3848 3851/3851/3851 
f 3848/3848/3848 3852/3852/3852 3851/3851/3851 
f 3855/3855/3855 3854/3854/3854 3853/3853/3853 
f 3854/3854/3854 3856/3856/3856 3853/3853/3853 
f 3859/3859/3859 3858/3858/3858 3857/3857/3857 
f 3858/3858/3858 3860/3860/3860 3857/3857/3857 
f 3863/3863/3863 3862/3862/3862 3861/3861/3861 
f 3862/3862/3862 3864/3864/3864 3861/3861/3861 
f 3867/3867/3867 3866/3866/3866 3865/3865/3865 
f 3868/3868/3868 3867/3867/3867 3865/3865/3865 
f 3869/3869/3869 3868/3868/3868 3865/3865/3865 
f 3866/3866/3866 3867/3867/3867 3870/3870/3870 
f 3872/3872/3872 3871/3871/3871 3865/3865/3865 
f 3874/3874/3874 3873/3873/3873 3870/3870/3870 
f 3876/3876/3876 3875/3875/3875 3870/3870/3870 
f 3875/3875/3875 3877/3877/3877 3870/3870/3870 
f 3880/3880/3880 3879/3879/3879 3878/3878/3878 
f 3879/3879/3879 3881/3881/3881 3878/3878/3878 
f 3884/3884/3884 3883/3883/3883 3882/3882/3882 
f 3883/3883/3883 3885/3885/3885 3882/3882/3882 
f 3888/3888/3888 3887/3887/3887 3886/3886/3886 
f 3887/3887/3887 3889/3889/3889 3886/3886/3886 
f 3892/3892/3892 3891/3891/3891 3890/3890/3890 
f 3891/3891/3891 3893/3893/3893 3890/3890/3890 
f 3896/3896/3896 3895/3895/3895 3894/3894/3894 
f 3895/3895/3895 3897/3897/3897 3894/3894/3894 
f 3900/3900/3900 3899/3899/3899 3898/3898/3898 
f 3899/3899/3899 3901/3901/3901 3898/3898/3898 
f 3900/3900/3900 3902/3902/3902 3899/3899/3899 
f 3905/3905/3905 3904/3904/3904 3903/3903/3903 
f 3904/3904/3904 3906/3906/3906 3903/3903/3903 
f 3909/3909/3909 3908/3908/3908 3907/3907/3907 
f 3908/3908/3908 3910/3910/3910 3907/3907/3907 
f 3913/3913/3913 3912/3912/3912 3911/3911/3911 
f 3916/3916/3916 3915/3915/3915 3914/3914/3914 
f 3915/3915/3915 3917/3917/3917 3914/3914/3914 
f 3920/3920/3920 3919/3919/3919 3918/3918/3918 
f 3923/3923/3923 3922/3922/3922 3921/3921/3921 
f 3926/3926/3926 3925/3925/3925 3924/3924/3924 
f 3925/3925/3925 3927/3927/3927 3924/3924/3924 
f 3925/3925/3925 3929/3929/3929 3928/3928/3928 
f 3932/3932/3932 3931/3931/3931 3930/3930/3930 
f 3931/3931/3931 3933/3933/3933 3930/3930/3930 
f 3936/3936/3936 3935/3935/3935 3934/3934/3934 
f 3935/3935/3935 3937/3937/3937 3934/3934/3934 
f 3940/3940/3940 3939/3939/3939 3938/3938/3938 
f 3943/3943/3943 3942/3942/3942 3941/3941/3941 
f 3941/3941/3941 3942/3942/3942 3944/3944/3944 
f 3942/3942/3942 3945/3945/3945 3944/3944/3944 
f 3948/3948/3948 3947/3947/3947 3946/3946/3946 
f 3947/3947/3947 3949/3949/3949 3946/3946/3946 
f 3952/3952/3952 3951/3951/3951 3950/3950/3950 
f 3951/3951/3951 3953/3953/3953 3950/3950/3950 
f 3956/3956/3956 3955/3955/3955 3954/3954/3954 
f 3955/3955/3955 3957/3957/3957 3954/3954/3954 
f 3960/3960/3960 3959/3959/3959 3958/3958/3958 
f 3959/3959/3959 3961/3961/3961 3958/3958/3958 
f 3962/3962/3962 3959/3959/3959 3960/3960/3960 
f 3963/3963/3963 3962/3962/3962 3960/3960/3960 
f 3964/3964/3964 3962/3962/3962 3963/3963/3963 
f 3965/3965/3965 3964/3964/3964 3963/3963/3963 
f 3966/3966/3966 3964/3964/3964 3965/3965/3965 
f 3967/3967/3967 3966/3966/3966 3965/3965/3965 
f 3968/3968/3968 3966/3966/3966 3967/3967/3967 
f 3969/3969/3969 3968/3968/3968 3967/3967/3967 
f 3970/3970/3970 3968/3968/3968 3969/3969/3969 
f 3971/3971/3971 3970/3970/3970 3969/3969/3969 
f 3972/3972/3972 3970/3970/3970 3971/3971/3971 
f 3973/3973/3973 3970/3970/3970 3972/3972/3972 
f 3974/3974/3974 3973/3973/3973 3972/3972/3972 
f 3975/3975/3975 3974/3974/3974 3972/3972/3972 
f 3976/3976/3976 3975/3975/3975 3972/3972/3972 
f 3977/3977/3977 3975/3975/3975 3976/3976/3976 
f 3978/3978/3978 3977/3977/3977 3976/3976/3976 
f 3979/3979/3979 3978/3978/3978 3976/3976/3976 
f 3980/3980/3980 3978/3978/3978 3979/3979/3979 
f 3981/3981/3981 3980/3980/3980 3979/3979/3979 
f 3982/3982/3982 3980/3980/3980 3981/3981/3981 
f 3983/3983/3983 3982/3982/3982 3981/3981/3981 
f 3984/3984/3984 3982/3982/3982 3983/3983/3983 
f 3985/3985/3985 3984/3984/3984 3983/3983/3983 
f 3986/3986/3986 3984/3984/3984 3985/3985/3985 
f 3987/3987/3987 3986/3986/3986 3985/3985/3985 
f 3988/3988/3988 3986/3986/3986 3987/3987/3987 
f 3989/3989/3989 3988/3988/3988 3987/3987/3987 
f 3990/3990/3990 3988/3988/3988 3989/3989/3989 
f 3991/3991/3991 3990/3990/3990 3989/3989/3989 
f 3992/3992/3992 3990/3990/3990 3991/3991/3991 
f 3993/3993/3993 3992/3992/3992 3991/3991/3991 
f 3994/3994/3994 3992/3992/3992 3993/3993/3993 
f 3995/3995/3995 3994/3994/3994 3993/3993/3993 
f 3996/3996/3996 3994/3994/3994 3995/3995/3995 
f 3997/3997/3997 3996/3996/3996 3995/3995/3995 
f 3998/3998/3998 3996/3996/3996 3997/3997/3997 
f 3999/3999/3999 3998/3998/3998 3997/3997/3997 
f 4000/4000/4000 3999/3999/3999 3997/3997/3997 
f 3961/3961/3961 3999/3999/3999 4000/4000/4000 
f 3958/3958/3958 3961/3961/3961 4000/4000/4000 
f 3990/3990/3990 4001/4001/4001 3988/3988/3988 
f 4001/4001/4001 4002/4002/4002 3988/3988/3988 
f 3992/3992/3992 4003/4003/4003 3990/3990/3990 
f 4003/4003/4003 4001/4001/4001 3990/3990/3990 
f 3994/3994/3994 4004/4004/4004 3992/3992/3992 
f 4004/4004/4004 4003/4003/4003 3992/3992/3992 
f 4005/4005/4005 4003/4003/4003 4004/4004/4004 
f 4005/4005/4005 4001/4001/4001 4003/4003/4003 
f 4005/4005/4005 4002/4002/4002 4001/4001/4001 
f 4005/4005/4005 4006/4006/4006 4002/4002/4002 
f 4002/4002/4002 4006/4006/4006 3988/3988/3988 
f 4006/4006/4006 3986/3986/3986 3988/3988/3988 
f 4006/4006/4006 4005/4005/4005 3986/3986/3986 
f 4005/4005/4005 3984/3984/3984 3986/3986/3986 
f 4008/4008/4008 4007/4007/4007 3974/3974/3974 
f 4007/4007/4007 3973/3973/3973 3974/3974/3974 
f 4008/4008/4008 3974/3974/3974 3975/3975/3975 
f 4009/4009/4009 4008/4008/4008 3975/3975/3975 
f 4009/4009/4009 3975/3975/3975 3977/3977/3977 
f 4010/4010/4010 4009/4009/4009 3977/3977/3977 
f 4013/4013/4013 4012/4012/4012 4011/4011/4011 
f 4012/4012/4012 4014/4014/4014 4011/4011/4011 
f 4012/4012/4012 4015/4015/4015 4014/4014/4014 
f 4015/4015/4015 4016/4016/4016 4014/4014/4014 
f 4015/4015/4015 4017/4017/4017 4016/4016/4016 
f 4017/4017/4017 4018/4018/4018 4016/4016/4016 
f 4017/4017/4017 4019/4019/4019 4018/4018/4018 
f 4019/4019/4019 4020/4020/4020 4018/4018/4018 
f 4019/4019/4019 4021/4021/4021 4020/4020/4020 
f 4021/4021/4021 4022/4022/4022 4020/4020/4020 
f 4021/4021/4021 4023/4023/4023 4022/4022/4022 
f 4023/4023/4023 4024/4024/4024 4022/4022/4022 
f 4023/4023/4023 4025/4025/4025 4024/4024/4024 
f 4025/4025/4025 3972/3972/3972 4024/4024/4024 
f 4025/4025/4025 4026/4026/4026 3972/3972/3972 
f 4026/4026/4026 3976/3976/3976 3972/3972/3972 
f 4026/4026/4026 4027/4027/4027 3976/3976/3976 
f 4027/4027/4027 4028/4028/4028 3976/3976/3976 
f 4027/4027/4027 4029/4029/4029 4028/4028/4028 
f 4029/4029/4029 4030/4030/4030 4028/4028/4028 
f 4029/4029/4029 4031/4031/4031 4030/4030/4030 
f 4031/4031/4031 4032/4032/4032 4030/4030/4030 
f 4031/4031/4031 4033/4033/4033 4032/4032/4032 
f 4033/4033/4033 4034/4034/4034 4032/4032/4032 
f 4033/4033/4033 4035/4035/4035 4034/4034/4034 
f 4035/4035/4035 4036/4036/4036 4034/4034/4034 
f 4035/4035/4035 4037/4037/4037 4036/4036/4036 
f 4037/4037/4037 4038/4038/4038 4036/4036/4036 
f 4037/4037/4037 4039/4039/4039 4038/4038/4038 
f 4039/4039/4039 4040/4040/4040 4038/4038/4038 
f 4039/4039/4039 4041/4041/4041 4040/4040/4040 
f 4041/4041/4041 4042/4042/4042 4040/4040/4040 
f 4041/4041/4041 4043/4043/4043 4042/4042/4042 
f 4043/4043/4043 4044/4044/4044 4042/4042/4042 
f 4043/4043/4043 4045/4045/4045 4044/4044/4044 
f 4045/4045/4045 4046/4046/4046 4044/4044/4044 
f 4045/4045/4045 4047/4047/4047 4046/4046/4046 
f 4047/4047/4047 4048/4048/4048 4046/4046/4046 
f 4047/4047/4047 4013/4013/4013 4048/4048/4048 
f 4013/4013/4013 4011/4011/4011 4048/4048/4048 
f 4049/4049/4049 4037/4037/4037 4035/4035/4035 
f 4049/4049/4049 4050/4050/4050 4037/4037/4037 
f 4050/4050/4050 4051/4051/4051 4037/4037/4037 
f 4050/4050/4050 4052/4052/4052 4051/4051/4051 
f 4052/4052/4052 4053/4053/4053 4051/4051/4051 
f 4052/4052/4052 4054/4054/4054 4053/4053/4053 
f 4054/4054/4054 4055/4055/4055 4053/4053/4053 
f 4054/4054/4054 4056/4056/4056 4055/4055/4055 
f 4056/4056/4056 4057/4057/4057 4055/4055/4055 
f 4056/4056/4056 4058/4058/4058 4057/4057/4057 
f 4058/4058/4058 4059/4059/4059 4057/4057/4057 
f 4058/4058/4058 4060/4060/4060 4059/4059/4059 
f 4060/4060/4060 4061/4061/4061 4059/4059/4059 
f 4060/4060/4060 4062/4062/4062 4061/4061/4061 
f 4062/4062/4062 4063/4063/4063 4061/4061/4061 
f 4062/4062/4062 4064/4064/4064 4063/4063/4063 
f 4064/4064/4064 4015/4015/4015 4063/4063/4063 
f 4064/4064/4064 4065/4065/4065 4015/4015/4015 
f 4065/4065/4065 4017/4017/4017 4015/4015/4015 
f 4065/4065/4065 4066/4066/4066 4017/4017/4017 
f 4066/4066/4066 4019/4019/4019 4017/4017/4017 
f 4066/4066/4066 4067/4067/4067 4019/4019/4019 
f 4067/4067/4067 4021/4021/4021 4019/4019/4019 
f 4067/4067/4067 4068/4068/4068 4021/4021/4021 
f 4068/4068/4068 4069/4069/4069 4021/4021/4021 
f 4068/4068/4068 4070/4070/4070 4069/4069/4069 
f 4070/4070/4070 4071/4071/4071 4069/4069/4069 
f 4070/4070/4070 4072/4072/4072 4071/4071/4071 
f 4072/4072/4072 4026/4026/4026 4071/4071/4071 
f 4072/4072/4072 4073/4073/4073 4026/4026/4026 
f 4073/4073/4073 4027/4027/4027 4026/4026/4026 
f 4073/4073/4073 4074/4074/4074 4027/4027/4027 
f 4074/4074/4074 4029/4029/4029 4027/4027/4027 
f 4074/4074/4074 4075/4075/4075 4029/4029/4029 
f 4075/4075/4075 4031/4031/4031 4029/4029/4029 
f 4075/4075/4075 4076/4076/4076 4031/4031/4031 
f 4076/4076/4076 4033/4033/4033 4031/4031/4031 
f 4076/4076/4076 4077/4077/4077 4033/4033/4033 
f 4077/4077/4077 4035/4035/4035 4033/4033/4033 
f 4077/4077/4077 4049/4049/4049 4035/4035/4035 
f 4080/4080/4080 4079/4079/4079 4078/4078/4078 
f 4079/4079/4079 4081/4081/4081 4078/4078/4078 
f 4082/4082/4082 4079/4079/4079 4080/4080/4080 
f 4083/4083/4083 4082/4082/4082 4080/4080/4080 
f 4084/4084/4084 4082/4082/4082 4083/4083/4083 
f 4085/4085/4085 4084/4084/4084 4083/4083/4083 
f 4086/4086/4086 4084/4084/4084 4085/4085/4085 
f 4087/4087/4087 4086/4086/4086 4085/4085/4085 
f 4088/4088/4088 4086/4086/4086 4087/4087/4087 
f 4089/4089/4089 4088/4088/4088 4087/4087/4087 
f 4090/4090/4090 4088/4088/4088 4089/4089/4089 
f 4091/4091/4091 4090/4090/4090 4089/4089/4089 
f 4092/4092/4092 4090/4090/4090 4091/4091/4091 
f 4093/4093/4093 4092/4092/4092 4091/4091/4091 
f 4094/4094/4094 4092/4092/4092 4093/4093/4093 
f 4095/4095/4095 4094/4094/4094 4093/4093/4093 
f 4098/4098/4098 4097/4097/4097 4096/4096/4096 
f 4099/4099/4099 4097/4097/4097 4098/4098/4098 
f 4100/4100/4100 4097/4097/4097 4099/4099/4099 
f 4101/4101/4101 4097/4097/4097 4100/4100/4100 
f 4102/4102/4102 4097/4097/4097 4101/4101/4101 
f 4103/4103/4103 4097/4097/4097 4102/4102/4102 
f 4104/4104/4104 4097/4097/4097 4103/4103/4103 
f 4096/4096/4096 4097/4097/4097 4104/4104/4104 
f 4107/4107/4107 4106/4106/4106 4105/4105/4105 
f 4106/4106/4106 4108/4108/4108 4105/4105/4105 
f 4111/4111/4111 4110/4110/4110 4109/4109/4109 
f 4110/4110/4110 4112/4112/4112 4109/4109/4109 
f 4115/4115/4115 4114/4114/4114 4113/4113/4113 
f 4114/4114/4114 4116/4116/4116 4113/4113/4113 
f 4119/4119/4119 4118/4118/4118 4117/4117/4117 
f 4118/4118/4118 4120/4120/4120 4117/4117/4117 
f 4123/4123/4123 4122/4122/4122 4121/4121/4121 
f 4122/4122/4122 4124/4124/4124 4121/4121/4121 
f 4127/4127/4127 4126/4126/4126 4125/4125/4125 
f 4126/4126/4126 4128/4128/4128 4125/4125/4125 
f 4131/4131/4131 4130/4130/4130 4129/4129/4129 
f 4130/4130/4130 4132/4132/4132 4129/4129/4129 
f 4135/4135/4135 4134/4134/4134 4133/4133/4133 
f 4134/4134/4134 4136/4136/4136 4133/4133/4133 
f 4134/4134/4134 4137/4137/4137 4136/4136/4136 
f 4140/4140/4140 4139/4139/4139 4138/4138/4138 
f 4139/4139/4139 4141/4141/4141 4138/4138/4138 
f 4144/4144/4144 4143/4143/4143 4142/4142/4142 
f 4143/4143/4143 4145/4145/4145 4142/4142/4142 
f 4148/4148/4148 4147/4147/4147 4146/4146/4146 
f 4151/4151/4151 4150/4150/4150 4149/4149/4149 
f 4150/4150/4150 4152/4152/4152 4149/4149/4149 
f 4155/4155/4155 4154/4154/4154 4153/4153/4153 
f 4154/4154/4154 4156/4156/4156 4153/4153/4153 
f 4159/4159/4159 4158/4158/4158 4157/4157/4157 
f 4158/4158/4158 4160/4160/4160 4157/4157/4157 
f 4163/4163/4163 4162/4162/4162 4161/4161/4161 
f 4162/4162/4162 4164/4164/4164 4161/4161/4161 
f 4167/4167/4167 4166/4166/4166 4165/4165/4165 
f 4166/4166/4166 4168/4168/4168 4165/4165/4165 
f 4171/4171/4171 4170/4170/4170 4169/4169/4169 
f 4170/4170/4170 4172/4172/4172 4169/4169/4169 
f 4175/4175/4175 4174/4174/4174 4173/4173/4173 
f 4174/4174/4174 4176/4176/4176 4173/4173/4173 
f 4179/4179/4179 4178/4178/4178 4177/4177/4177 
f 4178/4178/4178 4180/4180/4180 4177/4177/4177 
f 4183/4183/4183 4182/4182/4182 4181/4181/4181 
f 4182/4182/4182 4184/4184/4184 4181/4181/4181 
f 4187/4187/4187 4186/4186/4186 4185/4185/4185 
f 4186/4186/4186 4188/4188/4188 4185/4185/4185 
f 4189/4189/4189 4188/4188/4188 4186/4186/4186 
f 4190/4190/4190 4189/4189/4189 4186/4186/4186 
f 4193/4193/4193 4192/4192/4192 4191/4191/4191 
f 4192/4192/4192 4194/4194/4194 4191/4191/4191 
f 4197/4197/4197 4196/4196/4196 4195/4195/4195 
f 4196/4196/4196 4198/4198/4198 4195/4195/4195 
f 4201/4201/4201 4200/4200/4200 4199/4199/4199 
f 4200/4200/4200 4202/4202/4202 4199/4199/4199 
f 4205/4205/4205 4204/4204/4204 4203/4203/4203 
f 4204/4204/4204 4206/4206/4206 4203/4203/4203 
f 4209/4209/4209 4208/4208/4208 4207/4207/4207 
f 4208/4208/4208 4210/4210/4210 4207/4207/4207 
f 4213/4213/4213 4212/4212/4212 4211/4211/4211 
f 4212/4212/4212 4214/4214/4214 4211/4211/4211 
f 4217/4217/4217 4216/4216/4216 4215/4215/4215 
f 4220/4220/4220 4219/4219/4219 4218/4218/4218 
f 4223/4223/4223 4222/4222/4222 4221/4221/4221 
f 4221/4221/4221 4222/4222/4222 4224/4224/4224 
f 4222/4222/4222 4225/4225/4225 4224/4224/4224 
f 4225/4225/4225 4226/4226/4226 4224/4224/4224 
f 4226/4226/4226 4227/4227/4227 4224/4224/4224 
f 4228/4228/4228 4222/4222/4222 4223/4223/4223 
f 4229/4229/4229 4222/4222/4222 4228/4228/4228 
f 4229/4229/4229 4230/4230/4230 4222/4222/4222 
f 4231/4231/4231 4228/4228/4228 4223/4223/4223 
f 4232/4232/4232 4231/4231/4231 4223/4223/4223 
f 4233/4233/4233 4232/4232/4232 4223/4223/4223 
f 4233/4233/4233 4234/4234/4234 4232/4232/4232 
f 4234/4234/4234 4235/4235/4235 4232/4232/4232 
f 4235/4235/4235 4234/4234/4234 4236/4236/4236 
f 4237/4237/4237 4236/4236/4236 4234/4234/4234 
f 4238/4238/4238 4237/4237/4237 4234/4234/4234 
f 4239/4239/4239 4237/4237/4237 4238/4238/4238 
f 4239/4239/4239 4240/4240/4240 4237/4237/4237 
f 4239/4239/4239 4241/4241/4241 4240/4240/4240 
f 4241/4241/4241 4242/4242/4242 4240/4240/4240 
f 4241/4241/4241 4243/4243/4243 4242/4242/4242 
f 4243/4243/4243 4244/4244/4244 4242/4242/4242 
f 4243/4243/4243 4245/4245/4245 4244/4244/4244 
f 4243/4243/4243 4246/4246/4246 4245/4245/4245 
f 4245/4245/4245 4246/4246/4246 4247/4247/4247 
f 4246/4246/4246 4248/4248/4248 4247/4247/4247 
f 4247/4247/4247 4248/4248/4248 4249/4249/4249 
f 4249/4249/4249 4248/4248/4248 4250/4250/4250 
f 4248/4248/4248 4251/4251/4251 4250/4250/4250 
f 4252/4252/4252 4247/4247/4247 4249/4249/4249 
f 4252/4252/4252 4249/4249/4249 4253/4253/4253 
f 4254/4254/4254 4252/4252/4252 4253/4253/4253 
f 4250/4250/4250 4251/4251/4251 4229/4229/4229 
f 4251/4251/4251 4230/4230/4230 4229/4229/4229 
f 4235/4235/4235 4255/4255/4255 4253/4253/4253 
f 4255/4255/4255 4235/4235/4235 4256/4256/4256 
f 4258/4258/4258 4257/4257/4257 4253/4253/4253 
f 4261/4261/4261 4260/4260/4260 4259/4259/4259 
f 4260/4260/4260 4262/4262/4262 4259/4259/4259 
f 4265/4265/4265 4264/4264/4264 4263/4263/4263 
f 4264/4264/4264 4266/4266/4266 4263/4263/4263 
f 4269/4269/4269 4268/4268/4268 4267/4267/4267 
f 4268/4268/4268 4270/4270/4270 4267/4267/4267 
f 4271/4271/4271 4268/4268/4268 4269/4269/4269 
f 4272/4272/4272 4271/4271/4271 4269/4269/4269 
f 4275/4275/4275 4274/4274/4274 4273/4273/4273 
f 4278/4278/4278 4277/4277/4277 4276/4276/4276 
f 4277/4277/4277 4279/4279/4279 4276/4276/4276 
f 4277/4277/4277 4280/4280/4280 4279/4279/4279 
f 4280/4280/4280 4281/4281/4281 4279/4279/4279 
f 4284/4284/4284 4283/4283/4283 4282/4282/4282 
f 4287/4287/4287 4286/4286/4286 4285/4285/4285 
f 4290/4290/4290 4289/4289/4289 4288/4288/4288 
f 4289/4289/4289 4291/4291/4291 4288/4288/4288 
f 4294/4294/4294 4293/4293/4293 4292/4292/4292 
f 4297/4297/4297 4296/4296/4296 4295/4295/4295 
f 4296/4296/4296 4298/4298/4298 4295/4295/4295 
f 4301/4301/4301 4300/4300/4300 4299/4299/4299 
f 4300/4300/4300 4303/4303/4303 4302/4302/4302 
f 4306/4306/4306 4305/4305/4305 4304/4304/4304 
f 4307/4307/4307 4305/4305/4305 4306/4306/4306 
f 4305/4305/4305 4309/4309/4309 4308/4308/4308 
f 4312/4312/4312 4311/4311/4311 4310/4310/4310 
f 4315/4315/4315 4314/4314/4314 4313/4313/4313 
f 4314/4314/4314 4316/4316/4316 4313/4313/4313 
f 4319/4319/4319 4318/4318/4318 4317/4317/4317 
f 4320/4320/4320 4319/4319/4319 4317/4317/4317 
f 4321/4321/4321 4320/4320/4320 4317/4317/4317 
f 4322/4322/4322 4320/4320/4320 4321/4321/4321 
f 4323/4323/4323 4322/4322/4322 4321/4321/4321 
f 4324/4324/4324 4322/4322/4322 4323/4323/4323 
f 4325/4325/4325 4322/4322/4322 4324/4324/4324 
f 4326/4326/4326 4325/4325/4325 4324/4324/4324 
f 4327/4327/4327 4325/4325/4325 4326/4326/4326 
f 4328/4328/4328 4327/4327/4327 4326/4326/4326 
f 4329/4329/4329 4327/4327/4327 4328/4328/4328 
f 4330/4330/4330 4329/4329/4329 4328/4328/4328 
f 4331/4331/4331 4324/4324/4324 4323/4323/4323 
f 4332/4332/4332 4331/4331/4331 4323/4323/4323 
f 4321/4321/4321 4333/4333/4333 4323/4323/4323 
f 4333/4333/4333 4332/4332/4332 4323/4323/4323 
f 4334/4334/4334 4333/4333/4333 4321/4321/4321 
f 4317/4317/4317 4334/4334/4334 4321/4321/4321 
f 4335/4335/4335 4334/4334/4334 4317/4317/4317 
f 4336/4336/4336 4335/4335/4335 4317/4317/4317 
f 4337/4337/4337 4335/4335/4335 4336/4336/4336 
f 4338/4338/4338 4337/4337/4337 4336/4336/4336 
f 4338/4338/4338 4336/4336/4336 4339/4339/4339 
f 4339/4339/4339 4336/4336/4336 4317/4317/4317 
f 4340/4340/4340 4338/4338/4338 4339/4339/4339 
f 4341/4341/4341 4338/4338/4338 4340/4340/4340 
f 4342/4342/4342 4341/4341/4341 4340/4340/4340 
f 4343/4343/4343 4341/4341/4341 4342/4342/4342 
f 4344/4344/4344 4343/4343/4343 4342/4342/4342 
f 4345/4345/4345 4341/4341/4341 4343/4343/4343 
f 4346/4346/4346 4344/4344/4344 4342/4342/4342 
f 4347/4347/4347 4346/4346/4346 4342/4342/4342 
f 4348/4348/4348 4341/4341/4341 4345/4345/4345 
f 4349/4349/4349 4348/4348/4348 4345/4345/4345 
f 4350/4350/4350 4349/4349/4349 4345/4345/4345 
f 4351/4351/4351 4346/4346/4346 4347/4347/4347 
f 4352/4352/4352 4351/4351/4351 4347/4347/4347 
f 4353/4353/4353 4351/4351/4351 4352/4352/4352 
f 4354/4354/4354 4353/4353/4353 4352/4352/4352 
f 4355/4355/4355 4349/4349/4349 4350/4350/4350 
f 4356/4356/4356 4355/4355/4355 4350/4350/4350 
f 4353/4353/4353 4354/4354/4354 4356/4356/4356 
f 4354/4354/4354 4355/4355/4355 4356/4356/4356 
f 4357/4357/4357 4355/4355/4355 4354/4354/4354 
f 4358/4358/4358 4357/4357/4357 4354/4354/4354 
f 4359/4359/4359 4357/4357/4357 4358/4358/4358 
f 4360/4360/4360 4359/4359/4359 4358/4358/4358 
f 4349/4349/4349 4361/4361/4361 4348/4348/4348 
f 4361/4361/4361 4362/4362/4362 4348/4348/4348 
f 4348/4348/4348 4362/4362/4362 4341/4341/4341 
f 4362/4362/4362 4363/4363/4363 4341/4341/4341 
f 4341/4341/4341 4363/4363/4363 4338/4338/4338 
f 4363/4363/4363 4337/4337/4337 4338/4338/4338 
f 4357/4357/4357 4364/4364/4364 4355/4355/4355 
f 4364/4364/4364 4365/4365/4365 4355/4355/4355 
f 4355/4355/4355 4365/4365/4365 4349/4349/4349 
f 4365/4365/4365 4361/4361/4361 4349/4349/4349 
f 4359/4359/4359 4366/4366/4366 4357/4357/4357 
f 4366/4366/4366 4364/4364/4364 4357/4357/4357 
f 4367/4367/4367 4366/4366/4366 4359/4359/4359 
f 4368/4368/4368 4367/4367/4367 4359/4359/4359 
f 4368/4368/4368 4359/4359/4359 4360/4360/4360 
f 4369/4369/4369 4367/4367/4367 4368/4368/4368 
f 4370/4370/4370 4369/4369/4369 4368/4368/4368 
f 4370/4370/4370 4368/4368/4368 4371/4371/4371 
f 4371/4371/4371 4368/4368/4368 4372/4372/4372 
f 4373/4373/4373 4370/4370/4370 4371/4371/4371 
f 4374/4374/4374 4370/4370/4370 4373/4373/4373 
f 4375/4375/4375 4374/4374/4374 4373/4373/4373 
f 4376/4376/4376 4374/4374/4374 4375/4375/4375 
f 4377/4377/4377 4376/4376/4376 4375/4375/4375 
f 4378/4378/4378 4376/4376/4376 4377/4377/4377 
f 4379/4379/4379 4376/4376/4376 4378/4378/4378 
f 4380/4380/4380 4379/4379/4379 4378/4378/4378 
f 4380/4380/4380 4378/4378/4378 4377/4377/4377 
f 4381/4381/4381 4380/4380/4380 4377/4377/4377 
f 4382/4382/4382 4379/4379/4379 4380/4380/4380 
f 4383/4383/4383 4382/4382/4382 4380/4380/4380 
f 4381/4381/4381 4384/4384/4384 4380/4380/4380 
f 4384/4384/4384 4383/4383/4383 4380/4380/4380 
f 4385/4385/4385 4383/4383/4383 4384/4384/4384 
f 4386/4386/4386 4385/4385/4385 4384/4384/4384 
f 4376/4376/4376 4387/4387/4387 4374/4374/4374 
f 4387/4387/4387 4388/4388/4388 4374/4374/4374 
f 4374/4374/4374 4388/4388/4388 4370/4370/4370 
f 4388/4388/4388 4369/4369/4369 4370/4370/4370 
f 4379/4379/4379 4389/4389/4389 4376/4376/4376 
f 4389/4389/4389 4387/4387/4387 4376/4376/4376 
f 4382/4382/4382 4389/4389/4389 4379/4379/4379 
f 4388/4388/4388 4390/4390/4390 4369/4369/4369 
f 4390/4390/4390 4391/4391/4391 4369/4369/4369 
f 4369/4369/4369 4391/4391/4391 4367/4367/4367 
f 4391/4391/4391 4392/4392/4392 4367/4367/4367 
f 4367/4367/4367 4392/4392/4392 4366/4366/4366 
f 4392/4392/4392 4393/4393/4393 4366/4366/4366 
f 4366/4366/4366 4393/4393/4393 4364/4364/4364 
f 4393/4393/4393 4394/4394/4394 4364/4364/4364 
f 4364/4364/4364 4394/4394/4394 4365/4365/4365 
f 4394/4394/4394 4395/4395/4395 4365/4365/4365 
f 4365/4365/4365 4395/4395/4395 4361/4361/4361 
f 4395/4395/4395 4396/4396/4396 4361/4361/4361 
f 4361/4361/4361 4396/4396/4396 4397/4397/4397 
f 4397/4397/4397 4362/4362/4362 4361/4361/4361 
f 4397/4397/4397 4363/4363/4363 4362/4362/4362 
f 4363/4363/4363 4397/4397/4397 4337/4337/4337 
f 4397/4397/4397 4398/4398/4398 4337/4337/4337 
f 4337/4337/4337 4398/4398/4398 4335/4335/4335 
f 4398/4398/4398 4399/4399/4399 4335/4335/4335 
f 4335/4335/4335 4399/4399/4399 4334/4334/4334 
f 4399/4399/4399 4400/4400/4400 4334/4334/4334 
f 4334/4334/4334 4400/4400/4400 4333/4333/4333 
f 4400/4400/4400 4401/4401/4401 4333/4333/4333 
f 4333/4333/4333 4401/4401/4401 4332/4332/4332 
f 4401/4401/4401 4402/4402/4402 4332/4332/4332 
f 4402/4402/4402 4403/4403/4403 4332/4332/4332 
f 4403/4403/4403 4331/4331/4331 4332/4332/4332 
f 4404/4404/4404 4397/4397/4397 4396/4396/4396 
f 4398/4398/4398 4397/4397/4397 4404/4404/4404 
f 4405/4405/4405 4398/4398/4398 4404/4404/4404 
f 4399/4399/4399 4398/4398/4398 4405/4405/4405 
f 4406/4406/4406 4399/4399/4399 4405/4405/4405 
f 4400/4400/4400 4399/4399/4399 4406/4406/4406 
f 4407/4407/4407 4400/4400/4400 4406/4406/4406 
f 4401/4401/4401 4400/4400/4400 4407/4407/4407 
f 4408/4408/4408 4401/4401/4401 4407/4407/4407 
f 4402/4402/4402 4401/4401/4401 4408/4408/4408 
f 4409/4409/4409 4402/4402/4402 4408/4408/4408 
f 4403/4403/4403 4402/4402/4402 4409/4409/4409 
f 4410/4410/4410 4403/4403/4403 4409/4409/4409 
f 4411/4411/4411 4410/4410/4410 4409/4409/4409 
f 4412/4412/4412 4411/4411/4411 4409/4409/4409 
f 4408/4408/4408 4413/4413/4413 4409/4409/4409 
f 4413/4413/4413 4412/4412/4412 4409/4409/4409 
f 4407/4407/4407 4414/4414/4414 4408/4408/4408 
f 4414/4414/4414 4413/4413/4413 4408/4408/4408 
f 4406/4406/4406 4415/4415/4415 4407/4407/4407 
f 4415/4415/4415 4414/4414/4414 4407/4407/4407 
f 4405/4405/4405 4416/4416/4416 4406/4406/4406 
f 4416/4416/4416 4415/4415/4415 4406/4406/4406 
f 4404/4404/4404 4417/4417/4417 4405/4405/4405 
f 4417/4417/4417 4416/4416/4416 4405/4405/4405 
f 4418/4418/4418 4417/4417/4417 4404/4404/4404 
f 4419/4419/4419 4418/4418/4418 4404/4404/4404 
f 4419/4419/4419 4404/4404/4404 4396/4396/4396 
f 4420/4420/4420 4419/4419/4419 4396/4396/4396 
f 4395/4395/4395 4420/4420/4420 4396/4396/4396 
f 4421/4421/4421 4420/4420/4420 4395/4395/4395 
f 4394/4394/4394 4421/4421/4421 4395/4395/4395 
f 4422/4422/4422 4421/4421/4421 4394/4394/4394 
f 4393/4393/4393 4422/4422/4422 4394/4394/4394 
f 4423/4423/4423 4422/4422/4422 4393/4393/4393 
f 4392/4392/4392 4423/4423/4423 4393/4393/4393 
f 4424/4424/4424 4423/4423/4423 4392/4392/4392 
f 4391/4391/4391 4424/4424/4424 4392/4392/4392 
f 4425/4425/4425 4424/4424/4424 4391/4391/4391 
f 4390/4390/4390 4425/4425/4425 4391/4391/4391 
f 4426/4426/4426 4425/4425/4425 4390/4390/4390 
f 4427/4427/4427 4426/4426/4426 4390/4390/4390 
f 4427/4427/4427 4390/4390/4390 4388/4388/4388 
f 4387/4387/4387 4427/4427/4427 4388/4388/4388 
f 4428/4428/4428 4427/4427/4427 4387/4387/4387 
f 4389/4389/4389 4428/4428/4428 4387/4387/4387 
f 4429/4429/4429 4428/4428/4428 4389/4389/4389 
f 4382/4382/4382 4429/4429/4429 4389/4389/4389 
f 4428/4428/4428 4430/4430/4430 4427/4427/4427 
f 4430/4430/4430 4426/4426/4426 4427/4427/4427 
f 4429/4429/4429 4431/4431/4431 4428/4428/4428 
f 4431/4431/4431 4430/4430/4430 4428/4428/4428 
f 4424/4424/4424 4432/4432/4432 4423/4423/4423 
f 4425/4425/4425 4433/4433/4433 4424/4424/4424 
f 4433/4433/4433 4432/4432/4432 4424/4424/4424 
f 4426/4426/4426 4434/4434/4434 4425/4425/4425 
f 4434/4434/4434 4433/4433/4433 4425/4425/4425 
f 4430/4430/4430 4434/4434/4434 4426/4426/4426 
f 4432/4432/4432 4435/4435/4435 4423/4423/4423 
f 4423/4423/4423 4435/4435/4435 4422/4422/4422 
f 4435/4435/4435 4436/4436/4436 4422/4422/4422 
f 4422/4422/4422 4436/4436/4436 4421/4421/4421 
f 4436/4436/4436 4437/4437/4437 4421/4421/4421 
f 4421/4421/4421 4437/4437/4437 4420/4420/4420 
f 4437/4437/4437 4438/4438/4438 4420/4420/4420 
f 4420/4420/4420 4438/4438/4438 4419/4419/4419 
f 4438/4438/4438 4418/4418/4418 4419/4419/4419 
f 4440/4440/4440 4439/4439/4439 4343/4343/4343 
f 4439/4439/4439 4345/4345/4345 4343/4343/4343 
f 4441/4441/4441 4439/4439/4439 4440/4440/4440 
f 4442/4442/4442 4441/4441/4441 4440/4440/4440 
f 4443/4443/4443 4441/4441/4441 4442/4442/4442 
f 4345/4345/4345 4439/4439/4439 4350/4350/4350 
f 4439/4439/4439 4444/4444/4444 4350/4350/4350 
f 4444/4444/4444 4439/4439/4439 4441/4441/4441 
f 4444/4444/4444 4445/4445/4445 4350/4350/4350 
f 4445/4445/4445 4356/4356/4356 4350/4350/4350 
f 4446/4446/4446 4445/4445/4445 4444/4444/4444 
f 4447/4447/4447 4446/4446/4446 4444/4444/4444 
f 4447/4447/4447 4444/4444/4444 4441/4441/4441 
f 4441/4441/4441 4443/4443/4443 4447/4447/4447 
f 4448/4448/4448 4446/4446/4446 4447/4447/4447 
f 4443/4443/4443 4448/4448/4448 4447/4447/4447 
f 4449/4449/4449 4440/4440/4440 4343/4343/4343 
f 4356/4356/4356 4445/4445/4445 4353/4353/4353 
f 4445/4445/4445 4450/4450/4450 4353/4353/4353 
f 4353/4353/4353 4450/4450/4450 4351/4351/4351 
f 4450/4450/4450 4451/4451/4451 4351/4351/4351 
f 4351/4351/4351 4451/4451/4451 4346/4346/4346 
f 4451/4451/4451 4452/4452/4452 4346/4346/4346 
f 4346/4346/4346 4452/4452/4452 4344/4344/4344 
f 4452/4452/4452 4453/4453/4453 4344/4344/4344 
f 4344/4344/4344 4453/4453/4453 4343/4343/4343 
f 4454/4454/4454 4451/4451/4451 4450/4450/4450 
f 4452/4452/4452 4451/4451/4451 4454/4454/4454 
f 4455/4455/4455 4454/4454/4454 4450/4450/4450 
f 4455/4455/4455 4450/4450/4450 4446/4446/4446 
f 4454/4454/4454 4455/4455/4455 4448/4448/4448 
f 4455/4455/4455 4446/4446/4446 4448/4448/4448 
f 4456/4456/4456 4452/4452/4452 4454/4454/4454 
f 4453/4453/4453 4452/4452/4452 4456/4456/4456 
f 4454/4454/4454 4448/4448/4448 4456/4456/4456 
f 4457/4457/4457 4453/4453/4453 4456/4456/4456 
f 4458/4458/4458 4453/4453/4453 4457/4457/4457 
f 4457/4457/4457 4456/4456/4456 4442/4442/4442 
f 4456/4456/4456 4443/4443/4443 4442/4442/4442 
f 4448/4448/4448 4443/4443/4443 4456/4456/4456 
f 4442/4442/4442 4440/4440/4440 4459/4459/4459 
f 4460/4460/4460 4445/4445/4445 4446/4446/4446 
f 4462/4462/4462 4461/4461/4461 4340/4340/4340 
f 4461/4461/4461 4342/4342/4342 4340/4340/4340 
f 4461/4461/4461 4463/4463/4463 4342/4342/4342 
f 4463/4463/4463 4347/4347/4347 4342/4342/4342 
f 4464/4464/4464 4462/4462/4462 4340/4340/4340 
f 4339/4339/4339 4464/4464/4464 4340/4340/4340 
f 4352/4352/4352 4347/4347/4347 4463/4463/4463 
f 4465/4465/4465 4352/4352/4352 4463/4463/4463 
f 4465/4465/4465 4466/4466/4466 4352/4352/4352 
f 4466/4466/4466 4354/4354/4354 4352/4352/4352 
f 4466/4466/4466 4467/4467/4467 4354/4354/4354 
f 4467/4467/4467 4358/4358/4358 4354/4354/4354 
f 4467/4467/4467 4468/4468/4468 4358/4358/4358 
f 4468/4468/4468 4360/4360/4360 4358/4358/4358 
f 4469/4469/4469 4464/4464/4464 4339/4339/4339 
f 4470/4470/4470 4469/4469/4469 4339/4339/4339 
f 4470/4470/4470 4339/4339/4339 4317/4317/4317 
f 4468/4468/4468 4471/4471/4471 4360/4360/4360 
f 4471/4471/4471 4372/4372/4372 4360/4360/4360 
f 4471/4471/4471 4472/4472/4472 4372/4372/4372 
f 4472/4472/4472 4371/4371/4371 4372/4372/4372 
f 4472/4472/4472 4473/4473/4473 4371/4371/4371 
f 4473/4473/4473 4373/4373/4373 4371/4371/4371 
f 4473/4473/4473 4474/4474/4474 4373/4373/4373 
f 4474/4474/4474 4375/4375/4375 4373/4373/4373 
f 4474/4474/4474 4475/4475/4475 4375/4375/4375 
f 4475/4475/4475 4377/4377/4377 4375/4375/4375 
f 4475/4475/4475 4476/4476/4476 4377/4377/4377 
f 4476/4476/4476 4381/4381/4381 4377/4377/4377 
f 4372/4372/4372 4368/4368/4368 4360/4360/4360 
f 4472/4472/4472 4471/4471/4471 4477/4477/4477 
f 4477/4477/4477 4471/4471/4471 4478/4478/4478 
f 4471/4471/4471 4468/4468/4468 4478/4478/4478 
f 4478/4478/4478 4468/4468/4468 4467/4467/4467 
f 4479/4479/4479 4478/4478/4478 4467/4467/4467 
f 4479/4479/4479 4467/4467/4467 4466/4466/4466 
f 4480/4480/4480 4479/4479/4479 4466/4466/4466 
f 4480/4480/4480 4466/4466/4466 4465/4465/4465 
f 4481/4481/4481 4480/4480/4480 4465/4465/4465 
f 4481/4481/4481 4465/4465/4465 4463/4463/4463 
f 4482/4482/4482 4481/4481/4481 4463/4463/4463 
f 4482/4482/4482 4463/4463/4463 4461/4461/4461 
f 4483/4483/4483 4482/4482/4482 4461/4461/4461 
f 4483/4483/4483 4461/4461/4461 4462/4462/4462 
f 4484/4484/4484 4483/4483/4483 4462/4462/4462 
f 4484/4484/4484 4462/4462/4462 4485/4485/4485 
f 4462/4462/4462 4464/4464/4464 4485/4485/4485 
f 4485/4485/4485 4464/4464/4464 4469/4469/4469 
f 4486/4486/4486 4485/4485/4485 4469/4469/4469 
f 4487/4487/4487 4482/4482/4482 4483/4483/4483 
f 4488/4488/4488 4487/4487/4487 4483/4483/4483 
f 4488/4488/4488 4483/4483/4483 4484/4484/4484 
f 4489/4489/4489 4488/4488/4488 4484/4484/4484 
f 4485/4485/4485 4490/4490/4490 4484/4484/4484 
f 4490/4490/4490 4489/4489/4489 4484/4484/4484 
f 4486/4486/4486 4490/4490/4490 4485/4485/4485 
f 4487/4487/4487 4491/4491/4491 4482/4482/4482 
f 4491/4491/4491 4481/4481/4481 4482/4482/4482 
f 4491/4491/4491 4492/4492/4492 4481/4481/4481 
f 4491/4491/4491 4493/4493/4493 4492/4492/4492 
f 4493/4493/4493 4494/4494/4494 4492/4492/4492 
f 4494/4494/4494 4495/4495/4495 4492/4492/4492 
f 4495/4495/4495 4496/4496/4496 4492/4492/4492 
f 4492/4492/4492 4496/4496/4496 4480/4480/4480 
f 4492/4492/4492 4480/4480/4480 4481/4481/4481 
f 4496/4496/4496 4479/4479/4479 4480/4480/4480 
f 4479/4479/4479 4496/4496/4496 4478/4478/4478 
f 4496/4496/4496 4477/4477/4477 4478/4478/4478 
f 4495/4495/4495 4497/4497/4497 4496/4496/4496 
f 4497/4497/4497 4477/4477/4477 4496/4496/4496 
f 4487/4487/4487 4498/4498/4498 4491/4491/4491 
f 4498/4498/4498 4493/4493/4493 4491/4491/4491 
f 4499/4499/4499 4498/4498/4498 4487/4487/4487 
f 4488/4488/4488 4499/4499/4499 4487/4487/4487 
f 4500/4500/4500 4499/4499/4499 4488/4488/4488 
f 4489/4489/4489 4500/4500/4500 4488/4488/4488 
f 4501/4501/4501 4500/4500/4500 4489/4489/4489 
f 4490/4490/4490 4501/4501/4501 4489/4489/4489 
f 4502/4502/4502 4501/4501/4501 4490/4490/4490 
f 4486/4486/4486 4502/4502/4502 4490/4490/4490 
f 4503/4503/4503 4501/4501/4501 4502/4502/4502 
f 4500/4500/4500 4501/4501/4501 4503/4503/4503 
f 4504/4504/4504 4503/4503/4503 4502/4502/4502 
f 4505/4505/4505 4500/4500/4500 4503/4503/4503 
f 4505/4505/4505 4506/4506/4506 4500/4500/4500 
f 4506/4506/4506 4499/4499/4499 4500/4500/4500 
f 4506/4506/4506 4507/4507/4507 4499/4499/4499 
f 4507/4507/4507 4498/4498/4498 4499/4499/4499 
f 4507/4507/4507 4508/4508/4508 4498/4498/4498 
f 4508/4508/4508 4493/4493/4493 4498/4498/4498 
f 4508/4508/4508 4509/4509/4509 4493/4493/4493 
f 4509/4509/4509 4494/4494/4494 4493/4493/4493 
f 4509/4509/4509 4510/4510/4510 4494/4494/4494 
f 4510/4510/4510 4495/4495/4495 4494/4494/4494 
f 4510/4510/4510 4511/4511/4511 4495/4495/4495 
f 4511/4511/4511 4497/4497/4497 4495/4495/4495 
f 4512/4512/4512 4503/4503/4503 4504/4504/4504 
f 4505/4505/4505 4503/4503/4503 4512/4512/4512 
f 4513/4513/4513 4505/4505/4505 4512/4512/4512 
f 4513/4513/4513 4514/4514/4514 4505/4505/4505 
f 4514/4514/4514 4506/4506/4506 4505/4505/4505 
f 4514/4514/4514 4515/4515/4515 4506/4506/4506 
f 4515/4515/4515 4507/4507/4507 4506/4506/4506 
f 4515/4515/4515 4516/4516/4516 4507/4507/4507 
f 4516/4516/4516 4508/4508/4508 4507/4507/4507 
f 4516/4516/4516 4517/4517/4517 4508/4508/4508 
f 4517/4517/4517 4509/4509/4509 4508/4508/4508 
f 4517/4517/4517 4518/4518/4518 4509/4509/4509 
f 4518/4518/4518 4510/4510/4510 4509/4509/4509 
f 4518/4518/4518 4519/4519/4519 4510/4510/4510 
f 4519/4519/4519 4511/4511/4511 4510/4510/4510 
f 4513/4513/4513 4512/4512/4512 4520/4520/4520 
f 4520/4520/4520 4512/4512/4512 4521/4521/4521 
f 4521/4521/4521 4512/4512/4512 4504/4504/4504 
f 4522/4522/4522 4513/4513/4513 4520/4520/4520 
f 4522/4522/4522 4523/4523/4523 4513/4513/4513 
f 4523/4523/4523 4514/4514/4514 4513/4513/4513 
f 4523/4523/4523 4524/4524/4524 4514/4514/4514 
f 4524/4524/4524 4515/4515/4515 4514/4514/4514 
f 4524/4524/4524 4525/4525/4525 4515/4515/4515 
f 4525/4525/4525 4516/4516/4516 4515/4515/4515 
f 4517/4517/4517 4516/4516/4516 4525/4525/4525 
f 4524/4524/4524 4523/4523/4523 4525/4525/4525 
f 4526/4526/4526 4517/4517/4517 4525/4525/4525 
f 4523/4523/4523 4526/4526/4526 4525/4525/4525 
f 4526/4526/4526 4523/4523/4523 4522/4522/4522 
f 4526/4526/4526 4527/4527/4527 4517/4517/4517 
f 4527/4527/4527 4518/4518/4518 4517/4517/4517 
f 4527/4527/4527 4526/4526/4526 4522/4522/4522 
f 4522/4522/4522 4520/4520/4520 4527/4527/4527 
f 4527/4527/4527 4528/4528/4528 4518/4518/4518 
f 4528/4528/4528 4519/4519/4519 4518/4518/4518 
f 4520/4520/4520 4528/4528/4528 4527/4527/4527 
f 4520/4520/4520 4521/4521/4521 4528/4528/4528 
f 4529/4529/4529 4519/4519/4519 4528/4528/4528 
f 4521/4521/4521 4529/4529/4529 4528/4528/4528 
f 4529/4529/4529 4521/4521/4521 4504/4504/4504 
f 4511/4511/4511 4519/4519/4519 4529/4529/4529 
f 4511/4511/4511 4529/4529/4529 4504/4504/4504 
f 4504/4504/4504 4530/4530/4530 4511/4511/4511 
f 4530/4530/4530 4504/4504/4504 4502/4502/4502 
f 4530/4530/4530 4502/4502/4502 4486/4486/4486 
f 4486/4486/4486 4531/4531/4531 4530/4530/4530 
f 4532/4532/4532 4530/4530/4530 4531/4531/4531 
f 4532/4532/4532 4531/4531/4531 4533/4533/4533 
f 4532/4532/4532 4533/4533/4533 4318/4318/4318 
f 4319/4319/4319 4532/4532/4532 4318/4318/4318 
f 4534/4534/4534 4532/4532/4532 4319/4319/4319 
f 4320/4320/4320 4534/4534/4534 4319/4319/4319 
f 4535/4535/4535 4534/4534/4534 4320/4320/4320 
f 4322/4322/4322 4535/4535/4535 4320/4320/4320 
f 4536/4536/4536 4535/4535/4535 4322/4322/4322 
f 4325/4325/4325 4536/4536/4536 4322/4322/4322 
f 4537/4537/4537 4536/4536/4536 4325/4325/4325 
f 4327/4327/4327 4537/4537/4537 4325/4325/4325 
f 4318/4318/4318 4533/4533/4533 4470/4470/4470 
f 4318/4318/4318 4470/4470/4470 4317/4317/4317 
f 4533/4533/4533 4469/4469/4469 4470/4470/4470 
f 4533/4533/4533 4531/4531/4531 4469/4469/4469 
f 4531/4531/4531 4486/4486/4486 4469/4469/4469 
f 4474/4474/4474 4534/4534/4534 4535/4535/4535 
f 4534/4534/4534 4474/4474/4474 4473/4473/4473 
f 4532/4532/4532 4534/4534/4534 4473/4473/4473 
f 4532/4532/4532 4473/4473/4473 4472/4472/4472 
f 4530/4530/4530 4532/4532/4532 4472/4472/4472 
f 4530/4530/4530 4472/4472/4472 4511/4511/4511 
f 4472/4472/4472 4497/4497/4497 4511/4511/4511 
f 4472/4472/4472 4477/4477/4477 4497/4497/4497 
f 4329/4329/4329 4538/4538/4538 4327/4327/4327 
f 4540/4540/4540 4539/4539/4539 4327/4327/4327 
f 4475/4475/4475 4474/4474/4474 4535/4535/4535 
f 4535/4535/4535 4536/4536/4536 4475/4475/4475 
f 4536/4536/4536 4476/4476/4476 4475/4475/4475 
f 4476/4476/4476 4536/4536/4536 4537/4537/4537 
f 4541/4541/4541 4476/4476/4476 4537/4537/4537 
f 4537/4537/4537 4538/4538/4538 4541/4541/4541 
f 4538/4538/4538 4542/4542/4542 4541/4541/4541 
f 4541/4541/4541 4542/4542/4542 4384/4384/4384 
f 4541/4541/4541 4384/4384/4384 4381/4381/4381 
f 4542/4542/4542 4386/4386/4386 4384/4384/4384 
f 4544/4544/4544 4543/4543/4543 4381/4381/4381 
f 4547/4547/4547 4546/4546/4546 4545/4545/4545 
f 4546/4546/4546 4548/4548/4548 4545/4545/4545 
f 4549/4549/4549 4546/4546/4546 4547/4547/4547 
f 4550/4550/4550 4549/4549/4549 4547/4547/4547 
f 4551/4551/4551 4549/4549/4549 4550/4550/4550 
f 4552/4552/4552 4551/4551/4551 4550/4550/4550 
f 4553/4553/4553 4551/4551/4551 4552/4552/4552 
f 4554/4554/4554 4553/4553/4553 4552/4552/4552 
f 4555/4555/4555 4553/4553/4553 4554/4554/4554 
f 4545/4545/4545 4548/4548/4548 4556/4556/4556 
f 4558/4558/4558 4557/4557/4557 4554/4554/4554 
f 4559/4559/4559 4557/4557/4557 4558/4558/4558 
f 4560/4560/4560 4559/4559/4559 4558/4558/4558 
f 4561/4561/4561 4559/4559/4559 4560/4560/4560 
f 4562/4562/4562 4561/4561/4561 4560/4560/4560 
f 4563/4563/4563 4561/4561/4561 4562/4562/4562 
f 4564/4564/4564 4563/4563/4563 4562/4562/4562 
f 4556/4556/4556 4565/4565/4565 4564/4564/4564 
f 4565/4565/4565 4563/4563/4563 4564/4564/4564 
f 4566/4566/4566 4565/4565/4565 4556/4556/4556 
f 4569/4569/4569 4568/4568/4568 4567/4567/4567 
f 4570/4570/4570 4568/4568/4568 4569/4569/4569 
f 4571/4571/4571 4568/4568/4568 4570/4570/4570 
f 4572/4572/4572 4568/4568/4568 4571/4571/4571 
f 4573/4573/4573 4568/4568/4568 4572/4572/4572 
f 4574/4574/4574 4568/4568/4568 4573/4573/4573 
f 4575/4575/4575 4568/4568/4568 4574/4574/4574 
f 4576/4576/4576 4568/4568/4568 4575/4575/4575 
f 4577/4577/4577 4568/4568/4568 4576/4576/4576 
f 4567/4567/4567 4568/4568/4568 4577/4577/4577 
f 4569/4569/4569 4567/4567/4567 4578/4578/4578 
f 4579/4579/4579 4569/4569/4569 4578/4578/4578 
f 4570/4570/4570 4569/4569/4569 4579/4579/4579 
f 4580/4580/4580 4570/4570/4570 4579/4579/4579 
f 4571/4571/4571 4570/4570/4570 4580/4580/4580 
f 4581/4581/4581 4571/4571/4571 4580/4580/4580 
f 4572/4572/4572 4571/4571/4571 4581/4581/4581 
f 4582/4582/4582 4572/4572/4572 4581/4581/4581 
f 4573/4573/4573 4572/4572/4572 4582/4582/4582 
f 4583/4583/4583 4573/4573/4573 4582/4582/4582 
f 4574/4574/4574 4573/4573/4573 4583/4583/4583 
f 4584/4584/4584 4574/4574/4574 4583/4583/4583 
f 4575/4575/4575 4574/4574/4574 4584/4584/4584 
f 4585/4585/4585 4575/4575/4575 4584/4584/4584 
f 4576/4576/4576 4575/4575/4575 4585/4585/4585 
f 4586/4586/4586 4576/4576/4576 4585/4585/4585 
f 4577/4577/4577 4576/4576/4576 4586/4586/4586 
f 4587/4587/4587 4577/4577/4577 4586/4586/4586 
f 4578/4578/4578 4567/4567/4567 4587/4587/4587 
f 4567/4567/4567 4577/4577/4577 4587/4587/4587 
f 4590/4590/4590 4589/4589/4589 4588/4588/4588 
f 4589/4589/4589 4591/4591/4591 4588/4588/4588 
f 4592/4592/4592 4589/4589/4589 4590/4590/4590 
f 4593/4593/4593 4592/4592/4592 4590/4590/4590 
f 4594/4594/4594 4592/4592/4592 4593/4593/4593 
f 4595/4595/4595 4594/4594/4594 4593/4593/4593 
f 4596/4596/4596 4594/4594/4594 4595/4595/4595 
f 4597/4597/4597 4596/4596/4596 4595/4595/4595 
f 4598/4598/4598 4596/4596/4596 4597/4597/4597 
f 4599/4599/4599 4598/4598/4598 4597/4597/4597 
f 4600/4600/4600 4598/4598/4598 4599/4599/4599 
f 4601/4601/4601 4600/4600/4600 4599/4599/4599 
f 4602/4602/4602 4600/4600/4600 4601/4601/4601 
f 4603/4603/4603 4602/4602/4602 4601/4601/4601 
f 4604/4604/4604 4602/4602/4602 4603/4603/4603 
f 4605/4605/4605 4604/4604/4604 4603/4603/4603 
f 4606/4606/4606 4604/4604/4604 4605/4605/4605 
f 4607/4607/4607 4606/4606/4606 4605/4605/4605 
f 4591/4591/4591 4606/4606/4606 4607/4607/4607 
f 4588/4588/4588 4591/4591/4591 4607/4607/4607 
f 4610/4610/4610 4609/4609/4609 4608/4608/4608 
f 4609/4609/4609 4611/4611/4611 4608/4608/4608 
f 4612/4612/4612 4609/4609/4609 4610/4610/4610 
f 4613/4613/4613 4612/4612/4612 4610/4610/4610 
f 4614/4614/4614 4612/4612/4612 4613/4613/4613 
f 4615/4615/4615 4614/4614/4614 4613/4613/4613 
f 4616/4616/4616 4614/4614/4614 4615/4615/4615 
f 4617/4617/4617 4616/4616/4616 4615/4615/4615 
f 4618/4618/4618 4616/4616/4616 4617/4617/4617 
f 4608/4608/4608 4611/4611/4611 4619/4619/4619 
f 4621/4621/4621 4620/4620/4620 4617/4617/4617 
f 4622/4622/4622 4620/4620/4620 4621/4621/4621 
f 4623/4623/4623 4622/4622/4622 4621/4621/4621 
f 4624/4624/4624 4622/4622/4622 4623/4623/4623 
f 4625/4625/4625 4624/4624/4624 4623/4623/4623 
f 4626/4626/4626 4624/4624/4624 4625/4625/4625 
f 4627/4627/4627 4626/4626/4626 4625/4625/4625 
f 4619/4619/4619 4628/4628/4628 4627/4627/4627 
f 4628/4628/4628 4626/4626/4626 4627/4627/4627 
f 4629/4629/4629 4628/4628/4628 4619/4619/4619 
f 4632/4632/4632 4631/4631/4631 4630/4630/4630 
f 4633/4633/4633 4631/4631/4631 4632/4632/4632 
f 4634/4634/4634 4631/4631/4631 4633/4633/4633 
f 4635/4635/4635 4631/4631/4631 4634/4634/4634 
f 4636/4636/4636 4631/4631/4631 4635/4635/4635 
f 4637/4637/4637 4631/4631/4631 4636/4636/4636 
f 4638/4638/4638 4631/4631/4631 4637/4637/4637 
f 4639/4639/4639 4631/4631/4631 4638/4638/4638 
f 4640/4640/4640 4631/4631/4631 4639/4639/4639 
f 4630/4630/4630 4631/4631/4631 4640/4640/4640 
f 4632/4632/4632 4630/4630/4630 4641/4641/4641 
f 4642/4642/4642 4632/4632/4632 4641/4641/4641 
f 4633/4633/4633 4632/4632/4632 4642/4642/4642 
f 4643/4643/4643 4633/4633/4633 4642/4642/4642 
f 4634/4634/4634 4633/4633/4633 4643/4643/4643 
f 4644/4644/4644 4634/4634/4634 4643/4643/4643 
f 4635/4635/4635 4634/4634/4634 4644/4644/4644 
f 4645/4645/4645 4635/4635/4635 4644/4644/4644 
f 4636/4636/4636 4635/4635/4635 4645/4645/4645 
f 4646/4646/4646 4636/4636/4636 4645/4645/4645 
f 4637/4637/4637 4636/4636/4636 4646/4646/4646 
f 4647/4647/4647 4637/4637/4637 4646/4646/4646 
f 4638/4638/4638 4637/4637/4637 4647/4647/4647 
f 4648/4648/4648 4638/4638/4638 4647/4647/4647 
f 4639/4639/4639 4638/4638/4638 4648/4648/4648 
f 4649/4649/4649 4639/4639/4639 4648/4648/4648 
f 4640/4640/4640 4639/4639/4639 4649/4649/4649 
f 4650/4650/4650 4640/4640/4640 4649/4649/4649 
f 4641/4641/4641 4630/4630/4630 4650/4650/4650 
f 4630/4630/4630 4640/4640/4640 4650/4650/4650 
f 4653/4653/4653 4652/4652/4652 4651/4651/4651 
f 4652/4652/4652 4654/4654/4654 4651/4651/4651 
f 4655/4655/4655 4652/4652/4652 4653/4653/4653 
f 4656/4656/4656 4655/4655/4655 4653/4653/4653 
f 4657/4657/4657 4655/4655/4655 4656/4656/4656 
f 4658/4658/4658 4657/4657/4657 4656/4656/4656 
f 4659/4659/4659 4657/4657/4657 4658/4658/4658 
f 4660/4660/4660 4659/4659/4659 4658/4658/4658 
f 4661/4661/4661 4659/4659/4659 4660/4660/4660 
f 4662/4662/4662 4661/4661/4661 4660/4660/4660 
f 4663/4663/4663 4661/4661/4661 4662/4662/4662 
f 4664/4664/4664 4663/4663/4663 4662/4662/4662 
f 4665/4665/4665 4663/4663/4663 4664/4664/4664 
f 4666/4666/4666 4665/4665/4665 4664/4664/4664 
f 4667/4667/4667 4665/4665/4665 4666/4666/4666 
f 4668/4668/4668 4667/4667/4667 4666/4666/4666 
f 4669/4669/4669 4667/4667/4667 4668/4668/4668 
f 4670/4670/4670 4669/4669/4669 4668/4668/4668 
f 4654/4654/4654 4669/4669/4669 4670/4670/4670 
f 4651/4651/4651 4654/4654/4654 4670/4670/4670 
f 4673/4673/4673 4672/4672/4672 4671/4671/4671 
f 4672/4672/4672 4674/4674/4674 4671/4671/4671 
f 4672/4672/4672 4675/4675/4675 4674/4674/4674 
f 4676/4676/4676 4671/4671/4671 4674/4674/4674 
f 4675/4675/4675 4677/4677/4677 4674/4674/4674 
f 4678/4678/4678 4676/4676/4676 4674/4674/4674 
f 4679/4679/4679 4677/4677/4677 4675/4675/4675 
f 4675/4675/4675 4680/4680/4680 4679/4679/4679 
f 4680/4680/4680 4675/4675/4675 4672/4672/4672 
f 4681/4681/4681 4679/4679/4679 4680/4680/4680 
f 4682/4682/4682 4679/4679/4679 4681/4681/4681 
f 4683/4683/4683 4682/4682/4682 4681/4681/4681 
f 4684/4684/4684 4681/4681/4681 4680/4680/4680 
f 4684/4684/4684 4680/4680/4680 4685/4685/4685 
f 4685/4685/4685 4680/4680/4680 4672/4672/4672 
f 4685/4685/4685 4686/4686/4686 4684/4684/4684 
f 4686/4686/4686 4687/4687/4687 4684/4684/4684 
f 4679/4679/4679 4688/4688/4688 4677/4677/4677 
f 4676/4676/4676 4678/4678/4678 4689/4689/4689 
f 4689/4689/4689 4690/4690/4690 4676/4676/4676 
f 4689/4689/4689 4691/4691/4691 4690/4690/4690 
f 4692/4692/4692 4689/4689/4689 4678/4678/4678 
f 4692/4692/4692 4678/4678/4678 4674/4674/4674 
f 4693/4693/4693 4692/4692/4692 4674/4674/4674 
f 4692/4692/4692 4693/4693/4693 4694/4694/4694 
f 4688/4688/4688 4694/4694/4694 4693/4693/4693 
f 4688/4688/4688 4695/4695/4695 4694/4694/4694 
f 4695/4695/4695 4696/4696/4696 4694/4694/4694 
f 4696/4696/4696 4695/4695/4695 4697/4697/4697 
f 4693/4693/4693 4674/4674/4674 4677/4677/4677 
f 4677/4677/4677 4688/4688/4688 4693/4693/4693 
f 4691/4691/4691 4698/4698/4698 4690/4690/4690 
f 4695/4695/4695 4682/4682/4682 4697/4697/4697 
f 4697/4697/4697 4682/4682/4682 4683/4683/4683 
f 4699/4699/4699 4697/4697/4697 4683/4683/4683 
f 4700/4700/4700 4696/4696/4696 4697/4697/4697 
f 4697/4697/4697 4698/4698/4698 4700/4700/4700 
f 4697/4697/4697 4701/4701/4701 4698/4698/4698 
f 4698/4698/4698 4701/4701/4701 4690/4690/4690 
f 4701/4701/4701 4702/4702/4702 4690/4690/4690 
f 4703/4703/4703 4699/4699/4699 4683/4683/4683 
f 4704/4704/4704 4703/4703/4703 4683/4683/4683 
f 4705/4705/4705 4703/4703/4703 4704/4704/4704 
f 4706/4706/4706 4703/4703/4703 4705/4705/4705 
f 4707/4707/4707 4706/4706/4706 4705/4705/4705 
f 4706/4706/4706 4708/4708/4708 4702/4702/4702 
f 4706/4706/4706 4707/4707/4707 4708/4708/4708 
f 4708/4708/4708 4709/4709/4709 4702/4702/4702 
f 4702/4702/4702 4709/4709/4709 4690/4690/4690 
f 4709/4709/4709 4710/4710/4710 4690/4690/4690 
f 4690/4690/4690 4710/4710/4710 4711/4711/4711 
f 4710/4710/4710 4712/4712/4712 4711/4711/4711 
f 4707/4707/4707 4713/4713/4713 4708/4708/4708 
f 4714/4714/4714 4713/4713/4713 4707/4707/4707 
f 4712/4712/4712 4714/4714/4714 4711/4711/4711 
f 4715/4715/4715 4714/4714/4714 4707/4707/4707 
f 4714/4714/4714 4715/4715/4715 4716/4716/4716 
f 4714/4714/4714 4716/4716/4716 4711/4711/4711 
f 4715/4715/4715 4717/4717/4717 4716/4716/4716 
f 4716/4716/4716 4717/4717/4717 4718/4718/4718 
f 4716/4716/4716 4718/4718/4718 4711/4711/4711 
f 4717/4717/4717 4719/4719/4719 4718/4718/4718 
f 4719/4719/4719 4717/4717/4717 4720/4720/4720 
f 4720/4720/4720 4721/4721/4721 4719/4719/4719 
f 4722/4722/4722 4711/4711/4711 4718/4718/4718 
f 4718/4718/4718 4723/4723/4723 4722/4722/4722 
f 4723/4723/4723 4724/4724/4724 4722/4722/4722 
f 4724/4724/4724 4725/4725/4725 4722/4722/4722 
f 4722/4722/4722 4725/4725/4725 4726/4726/4726 
f 4725/4725/4725 4727/4727/4727 4726/4726/4726 
f 4727/4727/4727 4721/4721/4721 4726/4726/4726 
f 4720/4720/4720 4728/4728/4728 4726/4726/4726 
f 4726/4726/4726 4729/4729/4729 4720/4720/4720 
f 4726/4726/4726 4721/4721/4721 4729/4729/4729 
f 4726/4726/4726 4728/4728/4728 4704/4704/4704 
f 4728/4728/4728 4705/4705/4705 4704/4704/4704 
f 4732/4732/4732 4731/4731/4731 4730/4730/4730 
f 4735/4735/4735 4734/4734/4734 4733/4733/4733 
f 4734/4734/4734 4736/4736/4736 4733/4733/4733 
f 4737/4737/4737 4734/4734/4734 4735/4735/4735 
f 4733/4733/4733 4738/4738/4738 4735/4735/4735 
f 4739/4739/4739 4737/4737/4737 4735/4735/4735 
f 4738/4738/4738 4740/4740/4740 4735/4735/4735 
f 4737/4737/4737 4739/4739/4739 4741/4741/4741 
f 4741/4741/4741 4742/4742/4742 4737/4737/4737 
f 4737/4737/4737 4742/4742/4742 4734/4734/4734 
f 4741/4741/4741 4743/4743/4743 4742/4742/4742 
f 4741/4741/4741 4744/4744/4744 4743/4743/4743 
f 4744/4744/4744 4745/4745/4745 4743/4743/4743 
f 4743/4743/4743 4746/4746/4746 4742/4742/4742 
f 4742/4742/4742 4746/4746/4746 4747/4747/4747 
f 4742/4742/4742 4747/4747/4747 4734/4734/4734 
f 4748/4748/4748 4747/4747/4747 4746/4746/4746 
f 4749/4749/4749 4748/4748/4748 4746/4746/4746 
f 4739/4739/4739 4750/4750/4750 4741/4741/4741 
f 4751/4751/4751 4740/4740/4740 4738/4738/4738 
f 4738/4738/4738 4752/4752/4752 4751/4751/4751 
f 4752/4752/4752 4753/4753/4753 4751/4751/4751 
f 4751/4751/4751 4754/4754/4754 4740/4740/4740 
f 4740/4740/4740 4754/4754/4754 4735/4735/4735 
f 4754/4754/4754 4755/4755/4755 4735/4735/4735 
f 4755/4755/4755 4754/4754/4754 4756/4756/4756 
f 4755/4755/4755 4756/4756/4756 4750/4750/4750 
f 4757/4757/4757 4750/4750/4750 4756/4756/4756 
f 4758/4758/4758 4757/4757/4757 4756/4756/4756 
f 4757/4757/4757 4758/4758/4758 4759/4759/4759 
f 4739/4739/4739 4735/4735/4735 4755/4755/4755 
f 4755/4755/4755 4750/4750/4750 4739/4739/4739 
f 4760/4760/4760 4753/4753/4753 4752/4752/4752 
f 4744/4744/4744 4757/4757/4757 4759/4759/4759 
f 4744/4744/4744 4759/4759/4759 4745/4745/4745 
f 4759/4759/4759 4761/4761/4761 4745/4745/4745 
f 4759/4759/4759 4758/4758/4758 4762/4762/4762 
f 4762/4762/4762 4760/4760/4760 4759/4759/4759 
f 4760/4760/4760 4763/4763/4763 4759/4759/4759 
f 4763/4763/4763 4760/4760/4760 4752/4752/4752 
f 4764/4764/4764 4763/4763/4763 4752/4752/4752 
f 4761/4761/4761 4765/4765/4765 4745/4745/4745 
f 4765/4765/4765 4766/4766/4766 4745/4745/4745 
f 4765/4765/4765 4767/4767/4767 4766/4766/4766 
f 4765/4765/4765 4768/4768/4768 4767/4767/4767 
f 4768/4768/4768 4769/4769/4769 4767/4767/4767 
f 4770/4770/4770 4768/4768/4768 4764/4764/4764 
f 4769/4769/4769 4768/4768/4768 4770/4770/4770 
f 4771/4771/4771 4770/4770/4770 4764/4764/4764 
f 4771/4771/4771 4764/4764/4764 4752/4752/4752 
f 4772/4772/4772 4771/4771/4771 4752/4752/4752 
f 4772/4772/4772 4752/4752/4752 4773/4773/4773 
f 4774/4774/4774 4772/4772/4772 4773/4773/4773 
f 4775/4775/4775 4769/4769/4769 4770/4770/4770 
f 4775/4775/4775 4776/4776/4776 4769/4769/4769 
f 4776/4776/4776 4774/4774/4774 4773/4773/4773 
f 4776/4776/4776 4777/4777/4777 4769/4769/4769 
f 4777/4777/4777 4776/4776/4776 4778/4778/4778 
f 4778/4778/4778 4776/4776/4776 4773/4773/4773 
f 4779/4779/4779 4777/4777/4777 4778/4778/4778 
f 4779/4779/4779 4778/4778/4778 4780/4780/4780 
f 4780/4780/4780 4778/4778/4778 4773/4773/4773 
f 4781/4781/4781 4779/4779/4779 4780/4780/4780 
f 4782/4782/4782 4779/4779/4779 4781/4781/4781 
f 4781/4781/4781 4783/4783/4783 4782/4782/4782 
f 4780/4780/4780 4773/4773/4773 4784/4784/4784 
f 4784/4784/4784 4785/4785/4785 4780/4780/4780 
f 4784/4784/4784 4786/4786/4786 4785/4785/4785 
f 4787/4787/4787 4786/4786/4786 4784/4784/4784 
f 4787/4787/4787 4784/4784/4784 4788/4788/4788 
f 4789/4789/4789 4787/4787/4787 4788/4788/4788 
f 4783/4783/4783 4789/4789/4789 4788/4788/4788 
f 4788/4788/4788 4790/4790/4790 4782/4782/4782 
f 4782/4782/4782 4791/4791/4791 4788/4788/4788 
f 4790/4790/4790 4788/4788/4788 4766/4766/4766 
f 4767/4767/4767 4790/4790/4790 4766/4766/4766 
f 4794/4794/4794 4793/4793/4793 4792/4792/4792 
f 4793/4793/4793 4794/4794/4794 4795/4795/4795 
f 4798/4798/4798 4797/4797/4797 4796/4796/4796 
f 4797/4797/4797 4799/4799/4799 4796/4796/4796 
f 4802/4802/4802 4801/4801/4801 4800/4800/4800 
f 4801/4801/4801 4803/4803/4803 4800/4800/4800 
f 4806/4806/4806 4805/4805/4805 4804/4804/4804 
f 4805/4805/4805 4807/4807/4807 4804/4804/4804 
f 4810/4810/4810 4809/4809/4809 4808/4808/4808 
f 4809/4809/4809 4811/4811/4811 4808/4808/4808 
f 4814/4814/4814 4813/4813/4813 4812/4812/4812 
f 4813/4813/4813 4815/4815/4815 4812/4812/4812 
f 4818/4818/4818 4817/4817/4817 4816/4816/4816 
f 4817/4817/4817 4819/4819/4819 4816/4816/4816 
f 4818/4818/4818 4816/4816/4816 4820/4820/4820 
f 4821/4821/4821 4818/4818/4818 4820/4820/4820 
f 4821/4821/4821 4820/4820/4820 4822/4822/4822 
f 4823/4823/4823 4821/4821/4821 4822/4822/4822 
f 4826/4826/4826 4825/4825/4825 4824/4824/4824 
f 4825/4825/4825 4827/4827/4827 4824/4824/4824 
f 4830/4830/4830 4829/4829/4829 4828/4828/4828 
f 4829/4829/4829 4831/4831/4831 4828/4828/4828 
f 4834/4834/4834 4833/4833/4833 4832/4832/4832 
f 4833/4833/4833 4835/4835/4835 4832/4832/4832 
f 4838/4838/4838 4837/4837/4837 4836/4836/4836 
f 4837/4837/4837 4839/4839/4839 4836/4836/4836 
f 4837/4837/4837 4840/4840/4840 4839/4839/4839 
f 4840/4840/4840 4841/4841/4841 4839/4839/4839 
f 4840/4840/4840 4842/4842/4842 4841/4841/4841 
f 4842/4842/4842 4843/4843/4843 4841/4841/4841 
f 4846/4846/4846 4845/4845/4845 4844/4844/4844 
f 4845/4845/4845 4847/4847/4847 4844/4844/4844 
f 4850/4850/4850 4849/4849/4849 4848/4848/4848 
f 4849/4849/4849 4851/4851/4851 4848/4848/4848 
f 4854/4854/4854 4853/4853/4853 4852/4852/4852 
f 4853/4853/4853 4855/4855/4855 4852/4852/4852 
f 4858/4858/4858 4857/4857/4857 4856/4856/4856 
f 4857/4857/4857 4859/4859/4859 4856/4856/4856 
f 4862/4862/4862 4861/4861/4861 4860/4860/4860 
f 4861/4861/4861 4863/4863/4863 4860/4860/4860 
f 4866/4866/4866 4865/4865/4865 4864/4864/4864 
f 4865/4865/4865 4867/4867/4867 4864/4864/4864 
f 4870/4870/4870 4869/4869/4869 4868/4868/4868 
f 4869/4869/4869 4871/4871/4871 4868/4868/4868 
f 4874/4874/4874 4873/4873/4873 4872/4872/4872 
f 4873/4873/4873 4875/4875/4875 4872/4872/4872 
f 4878/4878/4878 4877/4877/4877 4876/4876/4876 
f 4877/4877/4877 4879/4879/4879 4876/4876/4876 
f 4882/4882/4882 4881/4881/4881 4880/4880/4880 
f 4881/4881/4881 4883/4883/4883 4880/4880/4880 
f 4886/4886/4886 4885/4885/4885 4884/4884/4884 
f 4885/4885/4885 4887/4887/4887 4884/4884/4884 
f 4890/4890/4890 4889/4889/4889 4888/4888/4888 
f 4889/4889/4889 4891/4891/4891 4888/4888/4888 
f 4894/4894/4894 4893/4893/4893 4892/4892/4892 
f 4893/4893/4893 4895/4895/4895 4892/4892/4892 
f 4898/4898/4898 4897/4897/4897 4896/4896/4896 
f 4897/4897/4897 4899/4899/4899 4896/4896/4896 
f 4902/4902/4902 4901/4901/4901 4900/4900/4900 
f 4901/4901/4901 4903/4903/4903 4900/4900/4900 
f 4906/4906/4906 4905/4905/4905 4904/4904/4904 
f 4905/4905/4905 4907/4907/4907 4904/4904/4904 
f 4910/4910/4910 4909/4909/4909 4908/4908/4908 
f 4909/4909/4909 4911/4911/4911 4908/4908/4908 
f 4914/4914/4914 4913/4913/4913 4912/4912/4912 
f 4913/4913/4913 4915/4915/4915 4912/4912/4912 
f 4918/4918/4918 4917/4917/4917 4916/4916/4916 
f 4917/4917/4917 4919/4919/4919 4916/4916/4916 
f 4922/4922/4922 4921/4921/4921 4920/4920/4920 
f 4921/4921/4921 4923/4923/4923 4920/4920/4920 
f 4926/4926/4926 4925/4925/4925 4924/4924/4924 
f 4925/4925/4925 4927/4927/4927 4924/4924/4924 
f 4930/4930/4930 4929/4929/4929 4928/4928/4928 
f 4929/4929/4929 4931/4931/4931 4928/4928/4928 
f 4934/4934/4934 4933/4933/4933 4932/4932/4932 
f 4933/4933/4933 4935/4935/4935 4932/4932/4932 
f 4938/4938/4938 4937/4937/4937 4936/4936/4936 
f 4937/4937/4937 4939/4939/4939 4936/4936/4936 
f 4942/4942/4942 4941/4941/4941 4940/4940/4940 
f 4941/4941/4941 4943/4943/4943 4940/4940/4940 
f 4946/4946/4946 4945/4945/4945 4944/4944/4944 
f 4945/4945/4945 4947/4947/4947 4944/4944/4944 
f 4950/4950/4950 4949/4949/4949 4948/4948/4948 
f 4949/4949/4949 4951/4951/4951 4948/4948/4948 
f 4954/4954/4954 4953/4953/4953 4952/4952/4952 
f 4953/4953/4953 4955/4955/4955 4952/4952/4952 
f 4958/4958/4958 4957/4957/4957 4956/4956/4956 
f 4957/4957/4957 4959/4959/4959 4956/4956/4956 
f 4962/4962/4962 4961/4961/4961 4960/4960/4960 
f 4961/4961/4961 4963/4963/4963 4960/4960/4960 
f 4966/4966/4966 4965/4965/4965 4964/4964/4964 
f 4965/4965/4965 4967/4967/4967 4964/4964/4964 
f 4965/4965/4965 4968/4968/4968 4967/4967/4967 
f 4968/4968/4968 4969/4969/4969 4967/4967/4967 
f 4972/4972/4972 4971/4971/4971 4970/4970/4970 
f 4971/4971/4971 4973/4973/4973 4970/4970/4970 
f 4976/4976/4976 4975/4975/4975 4974/4974/4974 
f 4975/4975/4975 4977/4977/4977 4974/4974/4974 

usemtl Slingshot_InteriorDetail1_1
f 4980/4980/4980 4979/4979/4979 4978/4978/4978 
f 4979/4979/4979 4981/4981/4981 4978/4978/4978 
f 4981/4981/4981 4982/4982/4982 4978/4978/4978 
f 4982/4982/4982 4983/4983/4983 4978/4978/4978 
f 4983/4983/4983 4984/4984/4984 4978/4978/4978 
f 4978/4978/4978 4984/4984/4984 4980/4980/4980 
f 4984/4984/4984 4985/4985/4985 4980/4980/4980 
f 4985/4985/4985 4986/4986/4986 4980/4980/4980 
f 4985/4985/4985 4987/4987/4987 4986/4986/4986 
f 4985/4985/4985 4984/4984/4984 4987/4987/4987 
f 4987/4987/4987 4988/4988/4988 4986/4986/4986 
f 4984/4984/4984 4989/4989/4989 4987/4987/4987 
f 4984/4984/4984 4990/4990/4990 4989/4989/4989 
f 4984/4984/4984 4983/4983/4983 4990/4990/4990 
f 4990/4990/4990 4991/4991/4991 4989/4989/4989 
f 4983/4983/4983 4992/4992/4992 4990/4990/4990 
f 4992/4992/4992 4993/4993/4993 4990/4990/4990 
f 4993/4993/4993 4994/4994/4994 4990/4990/4990 
f 4994/4994/4994 4995/4995/4995 4990/4990/4990 
f 4995/4995/4995 4991/4991/4991 4990/4990/4990 
f 4994/4994/4994 4996/4996/4996 4995/4995/4995 
f 4996/4996/4996 4997/4997/4997 4995/4995/4995 
f 4996/4996/4996 4998/4998/4998 4997/4997/4997 
f 4998/4998/4998 4999/4999/4999 4997/4997/4997 
f 4993/4993/4993 5000/5000/5000 4994/4994/4994 
f 5000/5000/5000 4996/4996/4996 4994/4994/4994 
f 5000/5000/5000 5001/5001/5001 4996/4996/4996 
f 5002/5002/5002 4998/4998/4998 4996/4996/4996 
f 5003/5003/5003 5002/5002/5002 4996/4996/4996 
f 4996/4996/4996 5001/5001/5001 5003/5003/5003 
f 5001/5001/5001 5000/5000/5000 5004/5004/5004 
f 5000/5000/5000 4993/4993/4993 5004/5004/5004 
f 5005/5005/5005 5001/5001/5001 5004/5004/5004 
f 5005/5005/5005 5004/5004/5004 5006/5006/5006 
f 5004/5004/5004 5007/5007/5007 5006/5006/5006 
f 4992/4992/4992 5007/5007/5007 4993/4993/4993 
f 5007/5007/5007 5004/5004/5004 4993/4993/4993 
f 5007/5007/5007 4992/4992/4992 4983/4983/4983 
f 4982/4982/4982 5007/5007/5007 4983/4983/4983 
f 5007/5007/5007 4982/4982/4982 5006/5006/5006 
f 4982/4982/4982 5008/5008/5008 5006/5006/5006 
f 4982/4982/4982 4981/4981/4981 5008/5008/5008 
f 4981/4981/4981 5009/5009/5009 5008/5008/5008 
f 5006/5006/5006 5008/5008/5008 5010/5010/5010 
f 5009/5009/5009 5011/5011/5011 5008/5008/5008 
f 5011/5011/5011 5010/5010/5010 5008/5008/5008 
f 4981/4981/4981 5012/5012/5012 5009/5009/5009 
f 5012/5012/5012 5013/5013/5013 5009/5009/5009 
f 5014/5014/5014 5012/5012/5012 4981/4981/4981 
f 4979/4979/4979 5014/5014/5014 4981/4981/4981 
f 5013/5013/5013 5015/5015/5015 5009/5009/5009 
f 5015/5015/5015 5011/5011/5011 5009/5009/5009 
f 5011/5011/5011 5015/5015/5015 5016/5016/5016 
f 5015/5015/5015 5017/5017/5017 5016/5016/5016 
f 5016/5016/5016 5017/5017/5017 5018/5018/5018 
f 5016/5016/5016 5018/5018/5018 5019/5019/5019 
f 5018/5018/5018 5020/5020/5020 5019/5019/5019 
f 5017/5017/5017 5021/5021/5021 5018/5018/5018 
f 5018/5018/5018 5022/5022/5022 5020/5020/5020 
f 5018/5018/5018 5021/5021/5021 5022/5022/5022 
f 5022/5022/5022 5023/5023/5023 5020/5020/5020 
f 5021/5021/5021 5024/5024/5024 5022/5022/5022 
f 5020/5020/5020 5025/5025/5025 5019/5019/5019 
f 5020/5020/5020 5026/5026/5026 5025/5025/5025 
f 5023/5023/5023 5026/5026/5026 5020/5020/5020 
f 5026/5026/5026 5027/5027/5027 5025/5025/5025 
f 5027/5027/5027 5028/5028/5028 5025/5025/5025 
f 5025/5025/5025 5029/5029/5029 5019/5019/5019 
f 5025/5025/5025 5028/5028/5028 5029/5029/5029 
f 5029/5029/5029 5030/5030/5030 5019/5019/5019 
f 5026/5026/5026 5031/5031/5031 5027/5027/5027 
f 5029/5029/5029 5032/5032/5032 5030/5030/5030 
f 5032/5032/5032 5029/5029/5029 5028/5028/5028 
f 5032/5032/5032 5033/5033/5033 5030/5030/5030 
f 5027/5027/5027 5034/5034/5034 5028/5028/5028 
f 5034/5034/5034 5027/5027/5027 5031/5031/5031 
f 5034/5034/5034 5035/5035/5035 5028/5028/5028 
f 5035/5035/5035 5032/5032/5032 5028/5028/5028 
f 5034/5034/5034 5036/5036/5036 5035/5035/5035 
f 5036/5036/5036 5037/5037/5037 5035/5035/5035 
f 5032/5032/5032 5038/5038/5038 5033/5033/5033 
f 5032/5032/5032 5035/5035/5035 5038/5038/5038 
f 5035/5035/5035 5037/5037/5037 5038/5038/5038 
f 5034/5034/5034 5039/5039/5039 5036/5036/5036 
f 5039/5039/5039 5034/5034/5034 5031/5031/5031 
f 5039/5039/5039 5040/5040/5040 5036/5036/5036 
f 5039/5039/5039 5041/5041/5041 5040/5040/5040 
f 5039/5039/5039 5031/5031/5031 5041/5041/5041 
f 5031/5031/5031 5042/5042/5042 5041/5041/5041 
f 5030/5030/5030 5033/5033/5033 5043/5043/5043 
f 5044/5044/5044 5043/5043/5043 5033/5033/5033 
f 5043/5043/5043 5044/5044/5044 5003/5003/5003 
f 5044/5044/5044 5045/5045/5045 5003/5003/5003 
f 5046/5046/5046 5043/5043/5043 5003/5003/5003 
f 5001/5001/5001 5046/5046/5046 5003/5003/5003 
f 5043/5043/5043 5046/5046/5046 5047/5047/5047 
f 5048/5048/5048 5043/5043/5043 5047/5047/5047 
f 5001/5001/5001 5005/5005/5005 5046/5046/5046 
f 5005/5005/5005 5047/5047/5047 5046/5046/5046 
f 5047/5047/5047 5049/5049/5049 5048/5048/5048 
f 5005/5005/5005 5049/5049/5049 5047/5047/5047 
f 5049/5049/5049 5005/5005/5005 5006/5006/5006 
f 5010/5010/5010 5049/5049/5049 5006/5006/5006 
f 5049/5049/5049 5010/5010/5010 5050/5050/5050 
f 5049/5049/5049 5050/5050/5050 5048/5048/5048 
f 5010/5010/5010 5011/5011/5011 5050/5050/5050 
f 5011/5011/5011 5016/5016/5016 5050/5050/5050 
f 5016/5016/5016 5019/5019/5019 5050/5050/5050 
f 5048/5048/5048 5030/5030/5030 5043/5043/5043 
f 5048/5048/5048 5050/5050/5050 5030/5030/5030 
f 5050/5050/5050 5019/5019/5019 5030/5030/5030 
f 5044/5044/5044 5051/5051/5051 5045/5045/5045 
f 5051/5051/5051 5044/5044/5044 5033/5033/5033 
f 5038/5038/5038 5051/5051/5051 5033/5033/5033 
f 5038/5038/5038 5052/5052/5052 5051/5051/5051 
f 5052/5052/5052 5053/5053/5053 5051/5051/5051 
f 5038/5038/5038 5037/5037/5037 5052/5052/5052 
f 5037/5037/5037 5054/5054/5054 5052/5052/5052 
f 5055/5055/5055 5054/5054/5054 5037/5037/5037 
f 5036/5036/5036 5055/5055/5055 5037/5037/5037 
f 5036/5036/5036 5040/5040/5040 5055/5055/5055 
f 5040/5040/5040 5056/5056/5056 5055/5055/5055 
f 5040/5040/5040 5057/5057/5057 5056/5056/5056 
f 5057/5057/5057 5040/5040/5040 5058/5058/5058 
f 5059/5059/5059 5057/5057/5057 5058/5058/5058 
f 5059/5059/5059 5058/5058/5058 5060/5060/5060 
f 5061/5061/5061 5059/5059/5059 5060/5060/5060 
f 5061/5061/5061 5060/5060/5060 5062/5062/5062 
f 5063/5063/5063 5061/5061/5061 5062/5062/5062 
f 5064/5064/5064 5063/5063/5063 5062/5062/5062 
f 5065/5065/5065 5064/5064/5064 5062/5062/5062 
f 5065/5065/5065 5062/5062/5062 5023/5023/5023 
f 5022/5022/5022 5065/5065/5065 5023/5023/5023 
f 5022/5022/5022 5024/5024/5024 5065/5065/5065 
f 5024/5024/5024 5066/5066/5066 5065/5065/5065 
f 5064/5064/5064 5067/5067/5067 5063/5063/5063 
f 5067/5067/5067 5068/5068/5068 5063/5063/5063 
f 5063/5063/5063 5068/5068/5068 5061/5061/5061 
f 5061/5061/5061 5068/5068/5068 5059/5059/5059 
f 5060/5060/5060 5042/5042/5042 5062/5062/5062 
f 5042/5042/5042 5023/5023/5023 5062/5062/5062 
f 5042/5042/5042 5060/5060/5060 5058/5058/5058 
f 5023/5023/5023 5042/5042/5042 5026/5026/5026 
f 5042/5042/5042 5031/5031/5031 5026/5026/5026 
f 5067/5067/5067 5069/5069/5069 5068/5068/5068 
f 5069/5069/5069 5070/5070/5070 5068/5068/5068 
f 5069/5069/5069 5071/5071/5071 5070/5070/5070 
f 5071/5071/5071 5072/5072/5072 5070/5070/5070 
f 5068/5068/5068 5070/5070/5070 5059/5059/5059 
f 5059/5059/5059 5070/5070/5070 5057/5057/5057 
f 5070/5070/5070 5072/5072/5072 5057/5057/5057 
f 5057/5057/5057 5072/5072/5072 5073/5073/5073 
f 5057/5057/5057 5073/5073/5073 5056/5056/5056 
f 5072/5072/5072 5074/5074/5074 5073/5073/5073 
f 5072/5072/5072 5071/5071/5071 5074/5074/5074 
f 5071/5071/5071 5075/5075/5075 5074/5074/5074 
f 5071/5071/5071 5076/5076/5076 5075/5075/5075 
f 5076/5076/5076 5077/5077/5077 5075/5075/5075 
f 5069/5069/5069 5078/5078/5078 5071/5071/5071 
f 5078/5078/5078 5076/5076/5076 5071/5071/5071 
f 5069/5069/5069 5067/5067/5067 5078/5078/5078 
f 5067/5067/5067 5079/5079/5079 5078/5078/5078 
f 5067/5067/5067 5064/5064/5064 5079/5079/5079 
f 5064/5064/5064 5080/5080/5080 5079/5079/5079 
f 5081/5081/5081 5080/5080/5080 5064/5064/5064 
f 5065/5065/5065 5081/5081/5081 5064/5064/5064 
f 5081/5081/5081 5082/5082/5082 5080/5080/5080 
f 5082/5082/5082 5083/5083/5083 5080/5080/5080 
f 5083/5083/5083 5084/5084/5084 5080/5080/5080 
f 5084/5084/5084 5079/5079/5079 5080/5080/5080 
f 5084/5084/5084 5085/5085/5085 5079/5079/5079 
f 5085/5085/5085 5078/5078/5078 5079/5079/5079 
f 5085/5085/5085 5086/5086/5086 5078/5078/5078 
f 5086/5086/5086 5076/5076/5076 5078/5078/5078 
f 5086/5086/5086 5087/5087/5087 5076/5076/5076 
f 5087/5087/5087 5077/5077/5077 5076/5076/5076 
f 5085/5085/5085 5088/5088/5088 5086/5086/5086 
f 5088/5088/5088 5089/5089/5089 5086/5086/5086 
f 5086/5086/5086 5089/5089/5089 5087/5087/5087 
f 5090/5090/5090 5089/5089/5089 5088/5088/5088 
f 5090/5090/5090 5088/5088/5088 5091/5091/5091 
f 5088/5088/5088 5085/5085/5085 5091/5091/5091 
f 5085/5085/5085 5084/5084/5084 5091/5091/5091 
f 5091/5091/5091 5084/5084/5084 5083/5083/5083 
f 5092/5092/5092 5090/5090/5090 5091/5091/5091 
f 5082/5082/5082 5092/5092/5092 5083/5083/5083 
f 5092/5092/5092 5091/5091/5091 5083/5083/5083 
f 5090/5090/5090 5093/5093/5093 5089/5089/5089 
f 5093/5093/5093 5094/5094/5094 5089/5089/5089 
f 5089/5089/5089 5095/5095/5095 5087/5087/5087 
f 5089/5089/5089 5094/5094/5094 5095/5095/5095 
f 5094/5094/5094 5096/5096/5096 5095/5095/5095 
f 5097/5097/5097 5090/5090/5090 5092/5092/5092 
f 5097/5097/5097 5093/5093/5093 5090/5090/5090 
f 5092/5092/5092 5098/5098/5098 5097/5097/5097 
f 5097/5097/5097 5098/5098/5098 5099/5099/5099 
f 5100/5100/5100 5099/5099/5099 5098/5098/5098 
f 5101/5101/5101 5100/5100/5100 5098/5098/5098 
f 5101/5101/5101 5098/5098/5098 5092/5092/5092 
f 5102/5102/5102 5100/5100/5100 5101/5101/5101 
f 5103/5103/5103 5102/5102/5102 5101/5101/5101 
f 5104/5104/5104 5102/5102/5102 5103/5103/5103 
f 5105/5105/5105 5104/5104/5104 5103/5103/5103 
f 5106/5106/5106 5097/5097/5097 5099/5099/5099 
f 5082/5082/5082 5101/5101/5101 5092/5092/5092 
f 5103/5103/5103 5101/5101/5101 5082/5082/5082 
f 5081/5081/5081 5103/5103/5103 5082/5082/5082 
f 5105/5105/5105 5103/5103/5103 5081/5081/5081 
f 5107/5107/5107 5105/5105/5105 5081/5081/5081 
f 5066/5066/5066 5107/5107/5107 5081/5081/5081 
f 5065/5065/5065 5066/5066/5066 5081/5081/5081 
f 5096/5096/5096 5108/5108/5108 5095/5095/5095 
f 5108/5108/5108 5109/5109/5109 5095/5095/5095 
f 5095/5095/5095 5109/5109/5109 5087/5087/5087 
f 5109/5109/5109 5110/5110/5110 5087/5087/5087 
f 5087/5087/5087 5110/5110/5110 5077/5077/5077 
f 5110/5110/5110 5111/5111/5111 5077/5077/5077 
f 5111/5111/5111 5112/5112/5112 5077/5077/5077 
f 5077/5077/5077 5112/5112/5112 5075/5075/5075 
f 5112/5112/5112 5113/5113/5113 5075/5075/5075 
f 5075/5075/5075 5113/5113/5113 5074/5074/5074 
f 5113/5113/5113 5114/5114/5114 5074/5074/5074 
f 5074/5074/5074 5114/5114/5114 5073/5073/5073 
f 5114/5114/5114 5115/5115/5115 5073/5073/5073 
f 5115/5115/5115 5116/5116/5116 5073/5073/5073 
f 5116/5116/5116 5056/5056/5056 5073/5073/5073 
f 5116/5116/5116 5117/5117/5117 5056/5056/5056 
f 5056/5056/5056 5117/5117/5117 5055/5055/5055 
f 5117/5117/5117 5118/5118/5118 5055/5055/5055 
f 5055/5055/5055 5118/5118/5118 5054/5054/5054 
f 5118/5118/5118 5119/5119/5119 5054/5054/5054 
f 5054/5054/5054 5119/5119/5119 5052/5052/5052 
f 5119/5119/5119 5120/5120/5120 5052/5052/5052 
f 5052/5052/5052 5120/5120/5120 5053/5053/5053 
f 5120/5120/5120 5121/5121/5121 5053/5053/5053 
f 5053/5053/5053 5121/5121/5121 5045/5045/5045 
f 5051/5051/5051 5053/5053/5053 5045/5045/5045 
f 5121/5121/5121 5122/5122/5122 5045/5045/5045 
f 5125/5125/5125 5124/5124/5124 5123/5123/5123 
f 5127/5127/5127 5126/5126/5126 5124/5124/5124 
f 5040/5040/5040 5041/5041/5041 5058/5058/5058 
f 5041/5041/5041 5042/5042/5042 5058/5058/5058 
f 5130/5130/5130 5129/5129/5129 5128/5128/5128 
f 5002/5002/5002 5131/5131/5131 4998/4998/4998 
f 5131/5131/5131 5132/5132/5132 4998/4998/4998 
f 5132/5132/5132 5133/5133/5133 4998/4998/4998 
f 5133/5133/5133 5134/5134/5134 4998/4998/4998 
f 5134/5134/5134 5135/5135/5135 4998/4998/4998 
f 5135/5135/5135 4999/4999/4999 4998/4998/4998 
f 5135/5135/5135 5134/5134/5134 4999/4999/4999 
f 4997/4997/4997 4999/4999/4999 5136/5136/5136 
f 5136/5136/5136 4995/4995/4995 4997/4997/4997 
f 5137/5137/5137 4991/4991/4991 4995/4995/4995 
f 5137/5137/5137 5138/5138/5138 4991/4991/4991 
f 5138/5138/5138 4989/4989/4989 4991/4991/4991 
f 5138/5138/5138 5139/5139/5139 4989/4989/4989 
f 5139/5139/5139 5140/5140/5140 4989/4989/4989 
f 5140/5140/5140 4987/4987/4987 4989/4989/4989 
f 4987/4987/4987 5140/5140/5140 4988/4988/4988 
f 5140/5140/5140 5141/5141/5141 4988/4988/4988 
f 5144/5144/5144 5143/5143/5143 5142/5142/5142 
f 5147/5147/5147 5146/5146/5146 5145/5145/5145 
f 5146/5146/5146 5148/5148/5148 5145/5145/5145 
f 5151/5151/5151 5150/5150/5150 5149/5149/5149 
f 5150/5150/5150 5152/5152/5152 5149/5149/5149 
f 5155/5155/5155 5154/5154/5154 5153/5153/5153 
f 5154/5154/5154 5157/5157/5157 5156/5156/5156 
f 5156/5156/5156 5157/5157/5157 5158/5158/5158 
f 5157/5157/5157 5159/5159/5159 5158/5158/5158 
f 5158/5158/5158 5159/5159/5159 5160/5160/5160 
f 5159/5159/5159 5161/5161/5161 5160/5160/5160 
f 5160/5160/5160 5161/5161/5161 5162/5162/5162 
f 5161/5161/5161 5163/5163/5163 5162/5162/5162 
f 5162/5162/5162 5163/5163/5163 5164/5164/5164 
f 5163/5163/5163 5165/5165/5165 5164/5164/5164 
f 5164/5164/5164 5165/5165/5165 5166/5166/5166 
f 5165/5165/5165 5167/5167/5167 5166/5166/5166 
f 5170/5170/5170 5169/5169/5169 5168/5168/5168 
f 5169/5169/5169 5171/5171/5171 5168/5168/5168 
f 5168/5168/5168 5171/5171/5171 5172/5172/5172 
f 5171/5171/5171 5173/5173/5173 5172/5172/5172 
f 5172/5172/5172 5173/5173/5173 5174/5174/5174 
f 5173/5173/5173 5175/5175/5175 5174/5174/5174 
f 5174/5174/5174 5175/5175/5175 5176/5176/5176 
f 5175/5175/5175 5177/5177/5177 5176/5176/5176 
f 5176/5176/5176 5177/5177/5177 5178/5178/5178 
f 5177/5177/5177 5179/5179/5179 5178/5178/5178 
f 5178/5178/5178 5179/5179/5179 5180/5180/5180 
f 5179/5179/5179 5181/5181/5181 5180/5180/5180 
f 5180/5180/5180 5181/5181/5181 5182/5182/5182 
f 5181/5181/5181 5183/5183/5183 5182/5182/5182 
f 5186/5186/5186 5185/5185/5185 5184/5184/5184 
f 5188/5188/5188 5187/5187/5187 5184/5184/5184 
f 5191/5191/5191 5190/5190/5190 5189/5189/5189 
f 5190/5190/5190 5192/5192/5192 5189/5189/5189 
f 5189/5189/5189 5192/5192/5192 5193/5193/5193 
f 5192/5192/5192 5194/5194/5194 5193/5193/5193 
f 5193/5193/5193 5194/5194/5194 5195/5195/5195 
f 5194/5194/5194 5196/5196/5196 5195/5195/5195 
f 5199/5199/5199 5198/5198/5198 5197/5197/5197 
f 5198/5198/5198 5200/5200/5200 5197/5197/5197 
f 5201/5201/5201 5199/5199/5199 5197/5197/5197 
f 5202/5202/5202 5201/5201/5201 5197/5197/5197 
f 5203/5203/5203 5202/5202/5202 5197/5197/5197 
f 5203/5203/5203 5197/5197/5197 5200/5200/5200 
f 5204/5204/5204 5203/5203/5203 5200/5200/5200 
f 5205/5205/5205 5204/5204/5204 5200/5200/5200 
f 5206/5206/5206 5204/5204/5204 5205/5205/5205 
f 5203/5203/5203 5204/5204/5204 5206/5206/5206 
f 5207/5207/5207 5206/5206/5206 5205/5205/5205 
f 5208/5208/5208 5203/5203/5203 5206/5206/5206 
f 5209/5209/5209 5203/5203/5203 5208/5208/5208 
f 5202/5202/5202 5203/5203/5203 5209/5209/5209 
f 5210/5210/5210 5209/5209/5209 5208/5208/5208 
f 5211/5211/5211 5202/5202/5202 5209/5209/5209 
f 5212/5212/5212 5211/5211/5211 5209/5209/5209 
f 5213/5213/5213 5212/5212/5212 5209/5209/5209 
f 5210/5210/5210 5214/5214/5214 5209/5209/5209 
f 5214/5214/5214 5213/5213/5213 5209/5209/5209 
f 5215/5215/5215 5213/5213/5213 5214/5214/5214 
f 5216/5216/5216 5215/5215/5215 5214/5214/5214 
f 5217/5217/5217 5215/5215/5215 5216/5216/5216 
f 5218/5218/5218 5217/5217/5217 5216/5216/5216 
f 5215/5215/5215 5219/5219/5219 5213/5213/5213 
f 5219/5219/5219 5212/5212/5212 5213/5213/5213 
f 5220/5220/5220 5219/5219/5219 5215/5215/5215 
f 5217/5217/5217 5221/5221/5221 5215/5215/5215 
f 5221/5221/5221 5222/5222/5222 5215/5215/5215 
f 5220/5220/5220 5215/5215/5215 5222/5222/5222 
f 5221/5221/5221 5223/5223/5223 5222/5222/5222 
f 5223/5223/5223 5224/5224/5224 5222/5222/5222 
f 5219/5219/5219 5220/5220/5220 5225/5225/5225 
f 5212/5212/5212 5219/5219/5219 5225/5225/5225 
f 5220/5220/5220 5226/5226/5226 5225/5225/5225 
f 5225/5225/5225 5226/5226/5226 5227/5227/5227 
f 5228/5228/5228 5225/5225/5225 5227/5227/5227 
f 5225/5225/5225 5228/5228/5228 5212/5212/5212 
f 5228/5228/5228 5211/5211/5211 5212/5212/5212 
f 5211/5211/5211 5228/5228/5228 5202/5202/5202 
f 5228/5228/5228 5201/5201/5201 5202/5202/5202 
f 5201/5201/5201 5228/5228/5228 5227/5227/5227 
f 5229/5229/5229 5201/5201/5201 5227/5227/5227 
f 5199/5199/5199 5201/5201/5201 5229/5229/5229 
f 5230/5230/5230 5199/5199/5199 5229/5229/5229 
f 5229/5229/5229 5227/5227/5227 5231/5231/5231 
f 5231/5231/5231 5232/5232/5232 5229/5229/5229 
f 5232/5232/5232 5230/5230/5230 5229/5229/5229 
f 5233/5233/5233 5199/5199/5199 5230/5230/5230 
f 5234/5234/5234 5233/5233/5233 5230/5230/5230 
f 5233/5233/5233 5235/5235/5235 5199/5199/5199 
f 5235/5235/5235 5198/5198/5198 5199/5199/5199 
f 5232/5232/5232 5236/5236/5236 5230/5230/5230 
f 5236/5236/5236 5234/5234/5234 5230/5230/5230 
f 5236/5236/5236 5232/5232/5232 5237/5237/5237 
f 5238/5238/5238 5236/5236/5236 5237/5237/5237 
f 5238/5238/5238 5237/5237/5237 5239/5239/5239 
f 5239/5239/5239 5237/5237/5237 5240/5240/5240 
f 5241/5241/5241 5239/5239/5239 5240/5240/5240 
f 5242/5242/5242 5238/5238/5238 5239/5239/5239 
f 5243/5243/5243 5239/5239/5239 5241/5241/5241 
f 5242/5242/5242 5239/5239/5239 5243/5243/5243 
f 5244/5244/5244 5243/5243/5243 5241/5241/5241 
f 5245/5245/5245 5242/5242/5242 5243/5243/5243 
f 5246/5246/5246 5241/5241/5241 5240/5240/5240 
f 5247/5247/5247 5241/5241/5241 5246/5246/5246 
f 5247/5247/5247 5244/5244/5244 5241/5241/5241 
f 5248/5248/5248 5247/5247/5247 5246/5246/5246 
f 5249/5249/5249 5248/5248/5248 5246/5246/5246 
f 5250/5250/5250 5246/5246/5246 5240/5240/5240 
f 5249/5249/5249 5246/5246/5246 5250/5250/5250 
f 5251/5251/5251 5250/5250/5250 5240/5240/5240 
f 5252/5252/5252 5247/5247/5247 5248/5248/5248 
f 5253/5253/5253 5250/5250/5250 5251/5251/5251 
f 5250/5250/5250 5253/5253/5253 5249/5249/5249 
f 5254/5254/5254 5253/5253/5253 5251/5251/5251 
f 5255/5255/5255 5248/5248/5248 5249/5249/5249 
f 5248/5248/5248 5255/5255/5255 5252/5252/5252 
f 5256/5256/5256 5255/5255/5255 5249/5249/5249 
f 5253/5253/5253 5256/5256/5256 5249/5249/5249 
f 5257/5257/5257 5255/5255/5255 5256/5256/5256 
f 5258/5258/5258 5257/5257/5257 5256/5256/5256 
f 5259/5259/5259 5253/5253/5253 5254/5254/5254 
f 5258/5258/5258 5256/5256/5256 5259/5259/5259 
f 5256/5256/5256 5253/5253/5253 5259/5259/5259 
f 5260/5260/5260 5255/5255/5255 5257/5257/5257 
f 5255/5255/5255 5260/5260/5260 5252/5252/5252 
f 5261/5261/5261 5260/5260/5260 5257/5257/5257 
f 5262/5262/5262 5260/5260/5260 5261/5261/5261 
f 5252/5252/5252 5260/5260/5260 5262/5262/5262 
f 5263/5263/5263 5252/5252/5252 5262/5262/5262 
f 5254/5254/5254 5251/5251/5251 5264/5264/5264 
f 5264/5264/5264 5224/5224/5224 5254/5254/5254 
f 5224/5224/5224 5264/5264/5264 5222/5222/5222 
f 5264/5264/5264 5265/5265/5265 5222/5222/5222 
f 5265/5265/5265 5220/5220/5220 5222/5222/5222 
f 5265/5265/5265 5264/5264/5264 5266/5266/5266 
f 5264/5264/5264 5267/5267/5267 5266/5266/5266 
f 5266/5266/5266 5226/5226/5226 5265/5265/5265 
f 5226/5226/5226 5220/5220/5220 5265/5265/5265 
f 5268/5268/5268 5266/5266/5266 5267/5267/5267 
f 5268/5268/5268 5226/5226/5226 5266/5266/5266 
f 5226/5226/5226 5268/5268/5268 5227/5227/5227 
f 5268/5268/5268 5231/5231/5231 5227/5227/5227 
f 5231/5231/5231 5268/5268/5268 5269/5269/5269 
f 5269/5269/5269 5268/5268/5268 5267/5267/5267 
f 5232/5232/5232 5231/5231/5231 5269/5269/5269 
f 5237/5237/5237 5232/5232/5232 5269/5269/5269 
f 5240/5240/5240 5237/5237/5237 5269/5269/5269 
f 5251/5251/5251 5267/5267/5267 5264/5264/5264 
f 5240/5240/5240 5269/5269/5269 5251/5251/5251 
f 5269/5269/5269 5267/5267/5267 5251/5251/5251 
f 5224/5224/5224 5270/5270/5270 5254/5254/5254 
f 5270/5270/5270 5259/5259/5259 5254/5254/5254 
f 5271/5271/5271 5259/5259/5259 5270/5270/5270 
f 5272/5272/5272 5271/5271/5271 5270/5270/5270 
f 5272/5272/5272 5270/5270/5270 5223/5223/5223 
f 5270/5270/5270 5224/5224/5224 5223/5223/5223 
f 5273/5273/5273 5272/5272/5272 5223/5223/5223 
f 5273/5273/5273 5274/5274/5274 5272/5272/5272 
f 5274/5274/5274 5275/5275/5275 5272/5272/5272 
f 5276/5276/5276 5273/5273/5273 5223/5223/5223 
f 5276/5276/5276 5223/5223/5223 5221/5221/5221 
f 5277/5277/5277 5276/5276/5276 5221/5221/5221 
f 5277/5277/5277 5221/5221/5221 5217/5217/5217 
f 5278/5278/5278 5277/5277/5277 5217/5217/5217 
f 5279/5279/5279 5278/5278/5278 5217/5217/5217 
f 5280/5280/5280 5279/5279/5279 5217/5217/5217 
f 5281/5281/5281 5280/5280/5280 5217/5217/5217 
f 5218/5218/5218 5281/5281/5281 5217/5217/5217 
f 5280/5280/5280 5281/5281/5281 5218/5218/5218 
f 5282/5282/5282 5280/5280/5280 5218/5218/5218 
f 5282/5282/5282 5218/5218/5218 5216/5216/5216 
f 5216/5216/5216 5214/5214/5214 5282/5282/5282 
f 5214/5214/5214 5283/5283/5283 5282/5282/5282 
f 5284/5284/5284 5283/5283/5283 5214/5214/5214 
f 5210/5210/5210 5284/5284/5284 5214/5214/5214 
f 5285/5285/5285 5284/5284/5284 5210/5210/5210 
f 5208/5208/5208 5285/5285/5285 5210/5210/5210 
f 5286/5286/5286 5285/5285/5285 5208/5208/5208 
f 5287/5287/5287 5286/5286/5286 5208/5208/5208 
f 5206/5206/5206 5287/5287/5287 5208/5208/5208 
f 5287/5287/5287 5206/5206/5206 5207/5207/5207 
f 5288/5288/5288 5287/5287/5287 5207/5207/5207 
f 5290/5290/5290 5289/5289/5289 5258/5258/5258 
f 5289/5289/5289 5257/5257/5257 5258/5258/5258 
f 5290/5290/5290 5258/5258/5258 5291/5291/5291 
f 5261/5261/5261 5257/5257/5257 5289/5289/5289 
f 5292/5292/5292 5261/5261/5261 5289/5289/5289 
f 5293/5293/5293 5261/5261/5261 5292/5292/5292 
f 5261/5261/5261 5293/5293/5293 5294/5294/5294 
f 5293/5293/5293 5295/5295/5295 5294/5294/5294 
f 5294/5294/5294 5295/5295/5295 5296/5296/5296 
f 5295/5295/5295 5297/5297/5297 5296/5296/5296 
f 5296/5296/5296 5297/5297/5297 5298/5298/5298 
f 5297/5297/5297 5299/5299/5299 5298/5298/5298 
f 5299/5299/5299 5300/5300/5300 5298/5298/5298 
f 5300/5300/5300 5301/5301/5301 5298/5298/5298 
f 5298/5298/5298 5301/5301/5301 5244/5244/5244 
f 5301/5301/5301 5243/5243/5243 5244/5244/5244 
f 5245/5245/5245 5243/5243/5243 5301/5301/5301 
f 5302/5302/5302 5245/5245/5245 5301/5301/5301 
f 5303/5303/5303 5300/5300/5300 5299/5299/5299 
f 5304/5304/5304 5303/5303/5303 5299/5299/5299 
f 5304/5304/5304 5299/5299/5299 5297/5297/5297 
f 5304/5304/5304 5297/5297/5297 5295/5295/5295 
f 5244/5244/5244 5263/5263/5263 5298/5298/5298 
f 5263/5263/5263 5296/5296/5296 5298/5298/5298 
f 5296/5296/5296 5263/5263/5263 5294/5294/5294 
f 5263/5263/5263 5244/5244/5244 5247/5247/5247 
f 5252/5252/5252 5263/5263/5263 5247/5247/5247 
f 5305/5305/5305 5303/5303/5303 5304/5304/5304 
f 5306/5306/5306 5305/5305/5305 5304/5304/5304 
f 5307/5307/5307 5305/5305/5305 5306/5306/5306 
f 5308/5308/5308 5307/5307/5307 5306/5306/5306 
f 5306/5306/5306 5304/5304/5304 5295/5295/5295 
f 5308/5308/5308 5306/5306/5306 5293/5293/5293 
f 5306/5306/5306 5295/5295/5295 5293/5293/5293 
f 5308/5308/5308 5293/5293/5293 5309/5309/5309 
f 5309/5309/5309 5293/5293/5293 5292/5292/5292 
f 5310/5310/5310 5308/5308/5308 5309/5309/5309 
f 5307/5307/5307 5308/5308/5308 5310/5310/5310 
f 5311/5311/5311 5307/5307/5307 5310/5310/5310 
f 5312/5312/5312 5311/5311/5311 5310/5310/5310 
f 5313/5313/5313 5312/5312/5312 5310/5310/5310 
f 5313/5313/5313 5310/5310/5310 5309/5309/5309 
f 5314/5314/5314 5313/5313/5313 5309/5309/5309 
f 5292/5292/5292 5315/5315/5315 5309/5309/5309 
f 5315/5315/5315 5314/5314/5314 5309/5309/5309 
f 5316/5316/5316 5315/5315/5315 5292/5292/5292 
f 5316/5316/5316 5292/5292/5292 5289/5289/5289 
f 5317/5317/5317 5316/5316/5316 5289/5289/5289 
f 5317/5317/5317 5289/5289/5289 5290/5290/5290 
f 5318/5318/5318 5317/5317/5317 5290/5290/5290 
f 5318/5318/5318 5290/5290/5290 5319/5319/5319 
f 5321/5321/5321 5320/5320/5320 5311/5311/5311 
f 5320/5320/5320 5307/5307/5307 5311/5311/5311 
f 5320/5320/5320 5322/5322/5322 5307/5307/5307 
f 5322/5322/5322 5305/5305/5305 5307/5307/5307 
f 5305/5305/5305 5322/5322/5322 5323/5323/5323 
f 5303/5303/5303 5305/5305/5305 5323/5323/5323 
f 5303/5303/5303 5323/5323/5323 5324/5324/5324 
f 5300/5300/5300 5303/5303/5303 5324/5324/5324 
f 5324/5324/5324 5325/5325/5325 5300/5300/5300 
f 5325/5325/5325 5301/5301/5301 5300/5300/5300 
f 5301/5301/5301 5325/5325/5325 5302/5302/5302 
f 5327/5327/5327 5302/5302/5302 5326/5326/5326 
f 5328/5328/5328 5327/5327/5327 5326/5326/5326 
f 5329/5329/5329 5328/5328/5328 5326/5326/5326 
f 5330/5330/5330 5328/5328/5328 5329/5329/5329 
f 5331/5331/5331 5330/5330/5330 5329/5329/5329 
f 5331/5331/5331 5329/5329/5329 5332/5332/5332 
f 5333/5333/5333 5331/5331/5331 5332/5332/5332 
f 5333/5333/5333 5332/5332/5332 5334/5334/5334 
f 5335/5335/5335 5333/5333/5333 5334/5334/5334 
f 5334/5334/5334 5336/5336/5336 5335/5335/5335 
f 5336/5336/5336 5337/5337/5337 5335/5335/5335 
f 5338/5338/5338 5336/5336/5336 5334/5334/5334 
f 5334/5334/5334 5339/5339/5339 5338/5338/5338 
f 5334/5334/5334 5332/5332/5332 5339/5339/5339 
f 5338/5338/5338 5340/5340/5340 5336/5336/5336 
f 5340/5340/5340 5338/5338/5338 5341/5341/5341 
f 5342/5342/5342 5340/5340/5340 5341/5341/5341 
f 5342/5342/5342 5341/5341/5341 5343/5343/5343 
f 5344/5344/5344 5342/5342/5342 5343/5343/5343 
f 5332/5332/5332 5345/5345/5345 5339/5339/5339 
f 5332/5332/5332 5329/5329/5329 5345/5345/5345 
f 5329/5329/5329 5326/5326/5326 5345/5345/5345 
f 5345/5345/5345 5326/5326/5326 5346/5346/5346 
f 5347/5347/5347 5345/5345/5345 5346/5346/5346 
f 5345/5345/5345 5347/5347/5347 5348/5348/5348 
f 5347/5347/5347 5349/5349/5349 5348/5348/5348 
f 5346/5346/5346 5326/5326/5326 5350/5350/5350 
f 5326/5326/5326 5351/5351/5351 5350/5350/5350 
f 5302/5302/5302 5351/5351/5351 5326/5326/5326 
f 5258/5258/5258 5259/5259/5259 5352/5352/5352 
f 5354/5354/5354 5353/5353/5353 5352/5352/5352 
f 5262/5262/5262 5261/5261/5261 5294/5294/5294 
f 5263/5263/5263 5262/5262/5262 5294/5294/5294 
f 5357/5357/5357 5356/5356/5356 5355/5355/5355 
f 5360/5360/5360 5359/5359/5359 5358/5358/5358 
f 5359/5359/5359 5361/5361/5361 5358/5358/5358 
f 5360/5360/5360 5358/5358/5358 5362/5362/5362 
f 5363/5363/5363 5360/5360/5360 5362/5362/5362 
f 5366/5366/5366 5365/5365/5365 5364/5364/5364 
f 5365/5365/5365 5367/5367/5367 5364/5364/5364 
f 5366/5366/5366 5364/5364/5364 5368/5368/5368 
f 5369/5369/5369 5366/5366/5366 5368/5368/5368 
f 5369/5369/5369 5368/5368/5368 5370/5370/5370 
f 5371/5371/5371 5369/5369/5369 5370/5370/5370 
f 5371/5371/5371 5370/5370/5370 5372/5372/5372 
f 5374/5374/5374 5371/5371/5371 5373/5373/5373 
f 5377/5377/5377 5376/5376/5376 5375/5375/5375 
f 5379/5379/5379 5378/5378/5378 5375/5375/5375 
f 5382/5382/5382 5381/5381/5381 5380/5380/5380 
f 5381/5381/5381 5383/5383/5383 5380/5380/5380 
f 5382/5382/5382 5380/5380/5380 5384/5384/5384 
f 5385/5385/5385 5382/5382/5382 5384/5384/5384 
f 5385/5385/5385 5384/5384/5384 5386/5386/5386 
f 5387/5387/5387 5385/5385/5385 5386/5386/5386 
f 5387/5387/5387 5386/5386/5386 5388/5388/5388 
f 5389/5389/5389 5387/5387/5387 5388/5388/5388 
f 5389/5389/5389 5388/5388/5388 5390/5390/5390 
f 5391/5391/5391 5389/5389/5389 5390/5390/5390 
f 5391/5391/5391 5390/5390/5390 5392/5392/5392 
f 5393/5393/5393 5391/5391/5391 5392/5392/5392 
f 5396/5396/5396 5395/5395/5395 5394/5394/5394 
f 5399/5399/5399 5398/5398/5398 5397/5397/5397 
f 5398/5398/5398 5400/5400/5400 5397/5397/5397 
f 5403/5403/5403 5402/5402/5402 5401/5401/5401 
f 5402/5402/5402 5404/5404/5404 5401/5401/5401 
f 5407/5407/5407 5406/5406/5406 5405/5405/5405 
f 5410/5410/5410 5409/5409/5409 5408/5408/5408 
f 5409/5409/5409 5411/5411/5411 5408/5408/5408 
f 5414/5414/5414 5413/5413/5413 5412/5412/5412 
f 5413/5413/5413 5415/5415/5415 5412/5412/5412 
f 5418/5418/5418 5417/5417/5417 5416/5416/5416 
f 5421/5421/5421 5420/5420/5420 5419/5419/5419 
f 5420/5420/5420 5422/5422/5422 5419/5419/5419 
f 5425/5425/5425 5424/5424/5424 5423/5423/5423 
f 5424/5424/5424 5426/5426/5426 5423/5423/5423 
f 5427/5427/5427 5424/5424/5424 5425/5425/5425 
f 5428/5428/5428 5427/5427/5427 5425/5425/5425 
f 5431/5431/5431 5430/5430/5430 5429/5429/5429 
f 5430/5430/5430 5432/5432/5432 5429/5429/5429 
f 5435/5435/5435 5434/5434/5434 5433/5433/5433 
f 5434/5434/5434 5436/5436/5436 5433/5433/5433 
f 5439/5439/5439 5438/5438/5438 5437/5437/5437 
f 5438/5438/5438 5440/5440/5440 5437/5437/5437 
f 5443/5443/5443 5442/5442/5442 5441/5441/5441 
f 5442/5442/5442 5444/5444/5444 5441/5441/5441 
f 5445/5445/5445 5442/5442/5442 5443/5443/5443 
f 5446/5446/5446 5445/5445/5445 5443/5443/5443 
f 5449/5449/5449 5448/5448/5448 5447/5447/5447 
f 5448/5448/5448 5450/5450/5450 5447/5447/5447 
f 5453/5453/5453 5452/5452/5452 5451/5451/5451 
f 5452/5452/5452 5454/5454/5454 5451/5451/5451 
f 5457/5457/5457 5456/5456/5456 5455/5455/5455 
f 5456/5456/5456 5458/5458/5458 5455/5455/5455 
f 5461/5461/5461 5460/5460/5460 5459/5459/5459 
f 5460/5460/5460 5462/5462/5462 5459/5459/5459 
f 5465/5465/5465 5464/5464/5464 5463/5463/5463 
f 5467/5467/5467 5466/5466/5466 5463/5463/5463 
f 5470/5470/5470 5469/5469/5469 5468/5468/5468 
f 5470/5470/5470 5468/5468/5468 5471/5471/5471 
f 5474/5474/5474 5473/5473/5473 5472/5472/5472 
f 5473/5473/5473 5476/5476/5476 5475/5475/5475 
f 5479/5479/5479 5478/5478/5478 5477/5477/5477 
f 5478/5478/5478 5480/5480/5480 5477/5477/5477 
f 5483/5483/5483 5482/5482/5482 5481/5481/5481 
f 5482/5482/5482 5484/5484/5484 5481/5481/5481 
f 5487/5487/5487 5486/5486/5486 5485/5485/5485 
f 5486/5486/5486 5488/5488/5488 5485/5485/5485 
f 5491/5491/5491 5490/5490/5490 5489/5489/5489 
f 5490/5490/5490 5492/5492/5492 5489/5489/5489 
f 5495/5495/5495 5494/5494/5494 5493/5493/5493 
f 5498/5498/5498 5497/5497/5497 5496/5496/5496 
f 5501/5501/5501 5500/5500/5500 5499/5499/5499 
f 5504/5504/5504 5503/5503/5503 5502/5502/5502 
f 5507/5507/5507 5506/5506/5506 5505/5505/5505 
f 5510/5510/5510 5509/5509/5509 5508/5508/5508 
f 5509/5509/5509 5511/5511/5511 5508/5508/5508 
f 5514/5514/5514 5513/5513/5513 5512/5512/5512 
f 5513/5513/5513 5515/5515/5515 5512/5512/5512 
f 5518/5518/5518 5517/5517/5517 5516/5516/5516 
f 5521/5521/5521 5520/5520/5520 5519/5519/5519 
f 5520/5520/5520 5522/5522/5522 5519/5519/5519 
f 5525/5525/5525 5524/5524/5524 5523/5523/5523 
f 5524/5524/5524 5526/5526/5526 5523/5523/5523 
f 5529/5529/5529 5528/5528/5528 5527/5527/5527 
f 5529/5529/5529 5530/5530/5530 5528/5528/5528 
f 5530/5530/5530 5531/5531/5531 5528/5528/5528 
f 5534/5534/5534 5533/5533/5533 5532/5532/5532 
f 5533/5533/5533 5535/5535/5535 5532/5532/5532 
f 5533/5533/5533 5536/5536/5536 5535/5535/5535 
f 5536/5536/5536 5537/5537/5537 5535/5535/5535 
f 5536/5536/5536 5538/5538/5538 5537/5537/5537 
f 5538/5538/5538 5539/5539/5539 5537/5537/5537 
f 5538/5538/5538 5540/5540/5540 5539/5539/5539 
f 5540/5540/5540 5541/5541/5541 5539/5539/5539 
f 5543/5543/5543 5542/5542/5542 5541/5541/5541 
f 5545/5545/5545 5543/5543/5543 5544/5544/5544 
f 5548/5548/5548 5547/5547/5547 5546/5546/5546 
f 5547/5547/5547 5549/5549/5549 5546/5546/5546 
f 5552/5552/5552 5551/5551/5551 5550/5550/5550 
f 5555/5555/5555 5554/5554/5554 5553/5553/5553 
f 5555/5555/5555 5556/5556/5556 5554/5554/5554 
f 5556/5556/5556 5557/5557/5557 5554/5554/5554 
f 5556/5556/5556 5558/5558/5558 5557/5557/5557 
f 5558/5558/5558 5559/5559/5559 5557/5557/5557 
f 5558/5558/5558 5560/5560/5560 5559/5559/5559 
f 5560/5560/5560 5561/5561/5561 5559/5559/5559 
f 5560/5560/5560 5562/5562/5562 5561/5561/5561 
f 5562/5562/5562 5563/5563/5563 5561/5561/5561 
f 5566/5566/5566 5565/5565/5565 5564/5564/5564 
f 5569/5569/5569 5568/5568/5568 5567/5567/5567 
f 5572/5572/5572 5571/5571/5571 5570/5570/5570 
f 5571/5571/5571 5573/5573/5573 5570/5570/5570 

