Blender 4.5.2 LTS (hash ab25eae04993 built 2025-08-20 02:20:52)
Read blend: "C:\Users\SM - Dan\Documents\GitHub\slingmods-three-wheel-tour-rebuild\assets\blender\harbor\harbor.blend"
Fra:1 Mem:256.98M (Peak 256.98M) | Time:00:00.16 | Mem:0.00M, Peak:0.00M | Scene, ViewLayer | Synchronizing object | road_closed_asphalt
Fra:1 Mem:256.99M (Peak 256.99M) | Time:00:00.16 | Mem:0.00M, Peak:0.00M | Scene, ViewLayer | Synchronizing object | Quay_rail_post_1_-3.5
Fra:1 Mem:257.04M (Peak 257.04M) | Time:00:00.16 | Mem:0.00M, Peak:0.00M | Scene, ViewLayer | Synchronizing object | Quay_paving_2
Fra:1 Mem:257.19M (Peak 257.19M) | Time:00:00.17 | Mem:0.00M, Peak:0.00M | Scene, ViewLayer | Synchronizing object | Quay_coping_2
Fra:1 Mem:257.21M (Peak 257.21M) | Time:00:00.17 | Mem:0.00M, Peak:0.00M | Scene, ViewLayer | Synchronizing object | Quay_rail_post_2_-3.5
Fra:1 Mem:257.33M (Peak 257.33M) | Time:00:00.17 | Mem:0.00M, Peak:0.00M | Scene, ViewLayer | Synchronizing object | Quay_rail_post_2_3.5
Fra:1 Mem:257.47M (Peak 257.47M) | Time:00:00.17 | Mem:0.00M, Peak:0.00M | Scene, ViewLayer | Synchronizing object | Quay_rail_2_0.65
Fra:1 Mem:257.52M (Peak 257.52M) | Time:00:00.17 | Mem:0.00M, Peak:0.00M | Scene, ViewLayer | Synchronizing object | Quay_rail_2_1.12
Fra:1 Mem:257.52M (Peak 257.52M) | Time:00:00.17 | Mem:0.00M, Peak:0.00M | Scene, ViewLayer | Synchronizing object | Quay_paving_3
Fra:1 Mem:257.54M (Peak 257.54M) | Time:00:00.17 | Mem:0.00M, Peak:0.00M | Scene, ViewLayer | Synchronizing object | Quay_rail_3_1.12
Fra:1 Mem:257.59M (Peak 257.59M) | Time:00:00.17 | Mem:0.00M, Peak:0.00M | Scene, ViewLayer | Synchronizing object | Quay_paving_4
Fra:1 Mem:257.66M (Peak 257.66M) | Time:00:00.17 | Mem:0.00M, Peak:0.00M | Scene, ViewLayer | Synchronizing object | Quay_rail_post_4_3.5
Fra:1 Mem:257.66M (Peak 257.66M) | Time:00:00.17 | Mem:0.00M, Peak:0.00M | Scene, ViewLayer | Synchronizing object | Quay_rail_4_0.65
Fra:1 Mem:257.63M (Peak 257.66M) | Time:00:00.17 | Mem:0.00M, Peak:0.00M | Scene, ViewLayer | Synchronizing object | Quay_rail_4_1.12
Fra:1 Mem:257.64M (Peak 257.66M) | Time:00:00.17 | Mem:0.00M, Peak:0.00M | Scene, ViewLayer | Synchronizing object | Quay_rail_post_5_-3.5
Fra:1 Mem:257.66M (Peak 257.66M) | Time:00:00.17 | Mem:0.00M, Peak:0.00M | Scene, ViewLayer | Synchronizing object | Quay_rail_post_5_3.5
Fra:1 Mem:257.65M (Peak 257.66M) | Time:00:00.17 | Mem:0.00M, Peak:0.00M | Scene, ViewLayer | Synchronizing object | Quay_rail_5_0.65
Fra:1 Mem:257.71M (Peak 257.71M) | Time:00:00.17 | Mem:0.00M, Peak:0.00M | Scene, ViewLayer | Synchronizing object | Quay_rail_5_1.12
Fra:1 Mem:257.71M (Peak 257.71M) | Time:00:00.17 | Mem:0.00M, Peak:0.00M | Scene, ViewLayer | Synchronizing object | Quay_paving_6
Fra:1 Mem:257.76M (Peak 257.76M) | Time:00:00.17 | Mem:0.00M, Peak:0.00M | Scene, ViewLayer | Synchronizing object | Quay_coping_6
Fra:1 Mem:257.96M (Peak 257.96M) | Time:00:00.17 | Mem:0.00M, Peak:0.00M | Scene, ViewLayer | Synchronizing object | Quay_rail_post_6_-3.5
Fra:1 Mem:257.96M (Peak 257.96M) | Time:00:00.17 | Mem:0.00M, Peak:0.00M | Scene, ViewLayer | Synchronizing object | Quay_rail_6_0.65
Fra:1 Mem:257.97M (Peak 257.97M) | Time:00:00.17 | Mem:0.00M, Peak:0.00M | Scene, ViewLayer | Synchronizing object | Quay_rail_6_1.12
Fra:1 Mem:257.99M (Peak 257.99M) | Time:00:00.17 | Mem:0.00M, Peak:0.00M | Scene, ViewLayer | Synchronizing object | Quay_paving_7
Fra:1 Mem:257.99M (Peak 257.99M) | Time:00:00.17 | Mem:0.00M, Peak:0.00M | Scene, ViewLayer | Synchronizing object | Quay_coping_7
Fra:1 Mem:257.99M (Peak 257.99M) | Time:00:00.17 | Mem:0.00M, Peak:0.00M | Scene, ViewLayer | Synchronizing object | Quay_rail_post_7_-3.5
Fra:1 Mem:258.05M (Peak 258.05M) | Time:00:00.17 | Mem:0.00M, Peak:0.00M | Scene, ViewLayer | Synchronizing object | Quay_rail_7_1.12
Fra:1 Mem:258.04M (Peak 258.05M) | Time:00:00.17 | Mem:0.00M, Peak:0.00M | Scene, ViewLayer | Synchronizing object | Quay_paving_8
Fra:1 Mem:258.04M (Peak 258.05M) | Time:00:00.17 | Mem:0.00M, Peak:0.00M | Scene, ViewLayer | Synchronizing object | Quay_rail_post_8_-3.5
Fra:1 Mem:258.11M (Peak 258.11M) | Time:00:00.17 | Mem:0.00M, Peak:0.00M | Scene, ViewLayer | Synchronizing object | Quay_rail_post_8_3.5
Fra:1 Mem:258.29M (Peak 258.29M) | Time:00:00.17 | Mem:0.00M, Peak:0.00M | Scene, ViewLayer | Synchronizing object | Quay_rail_8_1.12
Fra:1 Mem:258.37M (Peak 258.37M) | Time:00:00.17 | Mem:0.00M, Peak:0.00M | Scene, ViewLayer | Synchronizing object | Quay_rail_post_9_-3.5
Fra:1 Mem:258.41M (Peak 258.41M) | Time:00:00.17 | Mem:0.00M, Peak:0.00M | Scene, ViewLayer | Synchronizing object | Quay_coping_9
Fra:1 Mem:258.41M (Peak 258.41M) | Time:00:00.17 | Mem:0.00M, Peak:0.00M | Scene, ViewLayer | Synchronizing object | Quay_rail_post_9_3.5
Fra:1 Mem:258.57M (Peak 258.57M) | Time:00:00.17 | Mem:0.00M, Peak:0.00M | Scene, ViewLayer | Synchronizing object | Quay_coping_10
Fra:1 Mem:258.60M (Peak 258.60M) | Time:00:00.17 | Mem:0.00M, Peak:0.00M | Scene, ViewLayer | Synchronizing object | Quay_rail_post_10_-3.5
Fra:1 Mem:258.66M (Peak 258.66M) | Time:00:00.17 | Mem:0.00M, Peak:0.00M | Scene, ViewLayer | Synchronizing object | Quay_rail_post_10_3.5
Fra:1 Mem:258.66M (Peak 258.66M) | Time:00:00.17 | Mem:0.00M, Peak:0.00M | Scene, ViewLayer | Synchronizing object | Quay_rail_10_0.65
Fra:1 Mem:258.64M (Peak 258.66M) | Time:00:00.17 | Mem:0.00M, Peak:0.00M | Scene, ViewLayer | Synchronizing object | Quay_paving_11
Fra:1 Mem:258.76M (Peak 258.76M) | Time:00:00.17 | Mem:0.00M, Peak:0.00M | Scene, ViewLayer | Synchronizing object | Quay_coping_11
Fra:1 Mem:258.76M (Peak 258.76M) | Time:00:00.17 | Mem:0.00M, Peak:0.00M | Scene, ViewLayer | Synchronizing object | Quay_rail_post_11_-3.5
Fra:1 Mem:258.77M (Peak 258.77M) | Time:00:00.17 | Mem:0.00M, Peak:0.00M | Scene, ViewLayer | Synchronizing object | Quay_rail_11_0.65
Fra:1 Mem:258.85M (Peak 258.85M) | Time:00:00.17 | Mem:0.00M, Peak:0.00M | Scene, ViewLayer | Synchronizing object | Quay_rail_11_1.12
Fra:1 Mem:258.84M (Peak 258.85M) | Time:00:00.17 | Mem:0.00M, Peak:0.00M | Scene, ViewLayer | Synchronizing object | Quay_paving_12
Fra:1 Mem:258.84M (Peak 258.85M) | Time:00:00.17 | Mem:0.00M, Peak:0.00M | Scene, ViewLayer | Synchronizing object | Quay_coping_12
Fra:1 Mem:258.84M (Peak 258.85M) | Time:00:00.17 | Mem:0.00M, Peak:0.00M | Scene, ViewLayer | Synchronizing object | Quay_rail_post_12_-3.5
Fra:1 Mem:258.91M (Peak 258.91M) | Time:00:00.17 | Mem:0.00M, Peak:0.00M | Scene, ViewLayer | Synchronizing object | Quay_rail_post_12_3.5
Fra:1 Mem:258.92M (Peak 258.92M) | Time:00:00.17 | Mem:0.00M, Peak:0.00M | Scene, ViewLayer | Synchronizing object | Quay_rail_12_0.65
Fra:1 Mem:258.92M (Peak 258.92M) | Time:00:00.17 | Mem:0.00M, Peak:0.00M | Scene, ViewLayer | Synchronizing object | Quay_rail_12_1.12
Fra:1 Mem:258.85M (Peak 258.92M) | Time:00:00.17 | Mem:0.00M, Peak:0.00M | Scene, ViewLayer | Synchronizing object | Quay_rail_post_13_3.5
Fra:1 Mem:258.86M (Peak 258.92M) | Time:00:00.17 | Mem:0.00M, Peak:0.00M | Scene, ViewLayer | Synchronizing object | Quay_rail_13_0.65
Fra:1 Mem:258.87M (Peak 258.92M) | Time:00:00.17 | Mem:0.00M, Peak:0.00M | Scene, ViewLayer | Synchronizing object | Quay_rail_13_1.12
Fra:1 Mem:258.87M (Peak 258.92M) | Time:00:00.17 | Mem:0.00M, Peak:0.00M | Scene, ViewLayer | Synchronizing object | Quay_paving_14
Fra:1 Mem:258.87M (Peak 258.92M) | Time:00:00.17 | Mem:0.00M, Peak:0.00M | Scene, ViewLayer | Synchronizing object | Quay_rail_post_14_-3.5
Fra:1 Mem:258.87M (Peak 258.92M) | Time:00:00.17 | Mem:0.00M, Peak:0.00M | Scene, ViewLayer | Synchronizing object | Quay_rail_post_14_3.5
Fra:1 Mem:258.89M (Peak 258.92M) | Time:00:00.17 | Mem:0.00M, Peak:0.00M | Scene, ViewLayer | Synchronizing object | Quay_rail_14_0.65
Fra:1 Mem:258.88M (Peak 258.92M) | Time:00:00.17 | Mem:0.00M, Peak:0.00M | Scene, ViewLayer | Synchronizing object | Quay_rail_14_1.12
Fra:1 Mem:258.86M (Peak 258.92M) | Time:00:00.17 | Mem:0.00M, Peak:0.00M | Scene, ViewLayer | Synchronizing object | Quay_rail_post_15_3.5
Fra:1 Mem:258.86M (Peak 258.92M) | Time:00:00.17 | Mem:0.00M, Peak:0.00M | Scene, ViewLayer | Synchronizing object | Quay_rail_15_0.65
Fra:1 Mem:258.86M (Peak 258.92M) | Time:00:00.17 | Mem:0.00M, Peak:0.00M | Scene, ViewLayer | Synchronizing object | Quay_rail_15_1.12
Fra:1 Mem:258.86M (Peak 258.92M) | Time:00:00.17 | Mem:0.00M, Peak:0.00M | Scene, ViewLayer | Synchronizing object | Quay_paving_16
Fra:1 Mem:258.87M (Peak 258.92M) | Time:00:00.17 | Mem:0.00M, Peak:0.00M | Scene, ViewLayer | Synchronizing object | Quay_coping_16
Fra:1 Mem:258.90M (Peak 258.92M) | Time:00:00.17 | Mem:0.00M, Peak:0.00M | Scene, ViewLayer | Synchronizing object | Quay_rail_post_16_-3.5
Fra:1 Mem:258.90M (Peak 258.92M) | Time:00:00.17 | Mem:0.00M, Peak:0.00M | Scene, ViewLayer | Synchronizing object | Quay_rail_post_16_3.5
Fra:1 Mem:258.91M (Peak 258.92M) | Time:00:00.17 | Mem:0.00M, Peak:0.00M | Scene, ViewLayer | Synchronizing object | Quay_rail_16_0.65
Fra:1 Mem:258.91M (Peak 258.92M) | Time:00:00.17 | Mem:0.00M, Peak:0.00M | Scene, ViewLayer | Synchronizing object | Quay_rail_16_1.12
Fra:1 Mem:258.92M (Peak 258.92M) | Time:00:00.17 | Mem:0.00M, Peak:0.00M | Scene, ViewLayer | Synchronizing object | Quay_coping_17
Fra:1 Mem:258.92M (Peak 258.93M) | Time:00:00.17 | Mem:0.00M, Peak:0.00M | Scene, ViewLayer | Synchronizing object | Quay_rail_post_17_-3.5
Fra:1 Mem:258.93M (Peak 258.93M) | Time:00:00.17 | Mem:0.00M, Peak:0.00M | Scene, ViewLayer | Synchronizing object | Quay_rail_17_1.12
Fra:1 Mem:258.90M (Peak 258.93M) | Time:00:00.17 | Mem:0.00M, Peak:0.00M | Scene, ViewLayer | Synchronizing object | Quay_coping_18
Fra:1 Mem:258.93M (Peak 258.93M) | Time:00:00.17 | Mem:0.00M, Peak:0.00M | Scene, ViewLayer | Synchronizing object | Quay_rail_post_18_-3.5
Fra:1 Mem:258.94M (Peak 258.94M) | Time:00:00.17 | Mem:0.00M, Peak:0.00M | Scene, ViewLayer | Synchronizing object | Quay_rail_post_18_3.5
Fra:1 Mem:258.94M (Peak 258.94M) | Time:00:00.17 | Mem:0.00M, Peak:0.00M | Scene, ViewLayer | Synchronizing object | Quay_rail_18_1.12
Fra:1 Mem:258.95M (Peak 258.95M) | Time:00:00.17 | Mem:0.00M, Peak:0.00M | Scene, ViewLayer | Synchronizing object | Quay_paving_19
Fra:1 Mem:258.95M (Peak 258.95M) | Time:00:00.17 | Mem:0.00M, Peak:0.00M | Scene, ViewLayer | Synchronizing object | Quay_coping_19
Fra:1 Mem:258.95M (Peak 258.95M) | Time:00:00.17 | Mem:0.00M, Peak:0.00M | Scene, ViewLayer | Synchronizing object | Quay_rail_post_19_-3.5
Fra:1 Mem:259.03M (Peak 259.03M) | Time:00:00.17 | Mem:0.00M, Peak:0.00M | Scene, ViewLayer | Synchronizing object | Quay_rail_19_0.65
Fra:1 Mem:259.03M (Peak 259.03M) | Time:00:00.17 | Mem:0.00M, Peak:0.00M | Scene, ViewLayer | Synchronizing object | Quay_rail_19_1.12
Fra:1 Mem:259.03M (Peak 259.03M) | Time:00:00.17 | Mem:0.00M, Peak:0.00M | Scene, ViewLayer | Synchronizing object | Quay_paving_20
Fra:1 Mem:259.03M (Peak 259.03M) | Time:00:00.17 | Mem:0.00M, Peak:0.00M | Scene, ViewLayer | Synchronizing object | Quay_coping_20
Fra:1 Mem:259.04M (Peak 259.04M) | Time:00:00.17 | Mem:0.00M, Peak:0.00M | Scene, ViewLayer | Synchronizing object | Quay_rail_post_20_-3.5
Fra:1 Mem:259.04M (Peak 259.04M) | Time:00:00.17 | Mem:0.00M, Peak:0.00M | Scene, ViewLayer | Synchronizing object | Quay_rail_20_0.65
Fra:1 Mem:259.08M (Peak 259.08M) | Time:00:00.17 | Mem:0.00M, Peak:0.00M | Scene, ViewLayer | Synchronizing object | Quay_rail_20_1.12
Fra:1 Mem:259.13M (Peak 259.13M) | Time:00:00.17 | Mem:0.00M, Peak:0.00M | Scene, ViewLayer | Synchronizing object | Quay_paving_21
Fra:1 Mem:259.13M (Peak 259.13M) | Time:00:00.17 | Mem:0.00M, Peak:0.00M | Scene, ViewLayer | Synchronizing object | Quay_rail_post_21_3.5
Fra:1 Mem:259.13M (Peak 259.13M) | Time:00:00.17 | Mem:0.00M, Peak:0.00M | Scene, ViewLayer | Synchronizing object | Quay_rail_21_0.65
Fra:1 Mem:259.19M (Peak 259.19M) | Time:00:00.17 | Mem:0.00M, Peak:0.00M | Scene, ViewLayer | Synchronizing object | Quay_rail_21_1.12
Fra:1 Mem:259.19M (Peak 259.19M) | Time:00:00.17 | Mem:0.00M, Peak:0.00M | Scene, ViewLayer | Synchronizing object | Quay_coping_22
Fra:1 Mem:259.19M (Peak 259.19M) | Time:00:00.17 | Mem:0.00M, Peak:0.00M | Scene, ViewLayer | Synchronizing object | Quay_rail_post_22_-3.5
Fra:1 Mem:259.19M (Peak 259.19M) | Time:00:00.17 | Mem:0.00M, Peak:0.00M | Scene, ViewLayer | Synchronizing object | Quay_rail_22_0.65
Fra:1 Mem:259.20M (Peak 259.20M) | Time:00:00.17 | Mem:0.00M, Peak:0.00M | Scene, ViewLayer | Synchronizing object | Quay_rail_22_1.12
Fra:1 Mem:259.21M (Peak 259.21M) | Time:00:00.17 | Mem:0.00M, Peak:0.00M | Scene, ViewLayer | Synchronizing object | Quay_paving_23
Fra:1 Mem:259.21M (Peak 259.21M) | Time:00:00.17 | Mem:0.00M, Peak:0.00M | Scene, ViewLayer | Synchronizing object | Quay_rail_23_0.65
Fra:1 Mem:259.22M (Peak 259.22M) | Time:00:00.17 | Mem:0.00M, Peak:0.00M | Scene, ViewLayer | Synchronizing object | Quay_paving_24
Fra:1 Mem:259.26M (Peak 259.26M) | Time:00:00.17 | Mem:0.00M, Peak:0.00M | Scene, ViewLayer | Synchronizing object | Quay_rail_post_24_3.5
Fra:1 Mem:259.26M (Peak 259.26M) | Time:00:00.17 | Mem:0.00M, Peak:0.00M | Scene, ViewLayer | Synchronizing object | Quay_rail_post_24_-3.5
Fra:1 Mem:259.28M (Peak 259.28M) | Time:00:00.17 | Mem:0.00M, Peak:0.00M | Scene, ViewLayer | Synchronizing object | Quay_coping_25
Fra:1 Mem:259.29M (Peak 259.29M) | Time:00:00.17 | Mem:0.00M, Peak:0.00M | Scene, ViewLayer | Synchronizing object | Quay_rail_post_25_-3.5
Fra:1 Mem:259.41M (Peak 259.41M) | Time:00:00.17 | Mem:0.00M, Peak:0.00M | Scene, ViewLayer | Synchronizing object | Quay_rail_post_25_3.5
Fra:1 Mem:259.41M (Peak 259.41M) | Time:00:00.17 | Mem:0.00M, Peak:0.00M | Scene, ViewLayer | Synchronizing object | Quay_paving_26
Fra:1 Mem:259.41M (Peak 259.41M) | Time:00:00.17 | Mem:0.00M, Peak:0.00M | Scene, ViewLayer | Synchronizing object | Quay_coping_26
Fra:1 Mem:259.46M (Peak 259.46M) | Time:00:00.17 | Mem:0.00M, Peak:0.00M | Scene, ViewLayer | Synchronizing object | Quay_rail_post_26_-3.5
Fra:1 Mem:259.42M (Peak 259.46M) | Time:00:00.17 | Mem:0.00M, Peak:0.00M | Scene, ViewLayer | Synchronizing object | Quay_rail_26_0.65
Fra:1 Mem:259.54M (Peak 259.54M) | Time:00:00.17 | Mem:0.00M, Peak:0.00M | Scene, ViewLayer | Synchronizing object | Quay_rail_26_1.12
Fra:1 Mem:259.44M (Peak 259.54M) | Time:00:00.17 | Mem:0.00M, Peak:0.00M | Scene, ViewLayer | Synchronizing object | Quay_rail_post_27_-3.5
Fra:1 Mem:259.44M (Peak 259.54M) | Time:00:00.17 | Mem:0.00M, Peak:0.00M | Scene, ViewLayer | Synchronizing object | Quay_rail_27_0.65
Fra:1 Mem:259.44M (Peak 259.54M) | Time:00:00.17 | Mem:0.00M, Peak:0.00M | Scene, ViewLayer | Synchronizing object | Quay_rail_27_1.12
Fra:1 Mem:259.45M (Peak 259.54M) | Time:00:00.17 | Mem:0.00M, Peak:0.00M | Scene, ViewLayer | Synchronizing object | Quay_coping_28
Fra:1 Mem:259.45M (Peak 259.54M) | Time:00:00.17 | Mem:0.00M, Peak:0.00M | Scene, ViewLayer | Synchronizing object | Quay_rail_post_28_-3.5
Fra:1 Mem:259.45M (Peak 259.54M) | Time:00:00.17 | Mem:0.00M, Peak:0.00M | Scene, ViewLayer | Synchronizing object | Quay_rail_28_0.65
Fra:1 Mem:259.46M (Peak 259.54M) | Time:00:00.17 | Mem:0.00M, Peak:0.00M | Scene, ViewLayer | Synchronizing object | Quay_rail_28_1.12
Fra:1 Mem:259.46M (Peak 259.54M) | Time:00:00.17 | Mem:0.00M, Peak:0.00M | Scene, ViewLayer | Synchronizing object | Quay_coping_29
Fra:1 Mem:259.46M (Peak 259.54M) | Time:00:00.17 | Mem:0.00M, Peak:0.00M | Scene, ViewLayer | Synchronizing object | Quay_rail_post_29_3.5
Fra:1 Mem:259.47M (Peak 259.54M) | Time:00:00.17 | Mem:0.00M, Peak:0.00M | Scene, ViewLayer | Synchronizing object | Quay_rail_29_0.65
Fra:1 Mem:259.47M (Peak 259.54M) | Time:00:00.17 | Mem:0.00M, Peak:0.00M | Scene, ViewLayer | Synchronizing object | Quay_rail_29_1.12
Fra:1 Mem:259.47M (Peak 259.54M) | Time:00:00.17 | Mem:0.00M, Peak:0.00M | Scene, ViewLayer | Synchronizing object | Quay_paving_30
Fra:1 Mem:259.48M (Peak 259.54M) | Time:00:00.17 | Mem:0.00M, Peak:0.00M | Scene, ViewLayer | Synchronizing object | Quay_coping_30
Fra:1 Mem:259.48M (Peak 259.54M) | Time:00:00.17 | Mem:0.00M, Peak:0.00M | Scene, ViewLayer | Synchronizing object | Quay_rail_post_30_-3.5
Fra:1 Mem:259.50M (Peak 259.54M) | Time:00:00.17 | Mem:0.00M, Peak:0.00M | Scene, ViewLayer | Synchronizing object | Quay_rail_30_0.65
Fra:1 Mem:259.49M (Peak 259.54M) | Time:00:00.17 | Mem:0.00M, Peak:0.00M | Scene, ViewLayer | Synchronizing object | Quay_coping_31
Fra:1 Mem:259.49M (Peak 259.54M) | Time:00:00.17 | Mem:0.00M, Peak:0.00M | Scene, ViewLayer | Synchronizing object | Quay_rail_post_31_-3.5
Fra:1 Mem:259.49M (Peak 259.54M) | Time:00:00.17 | Mem:0.00M, Peak:0.00M | Scene, ViewLayer | Synchronizing object | Quay_rail_post_31_3.5
Fra:1 Mem:259.50M (Peak 259.54M) | Time:00:00.17 | Mem:0.00M, Peak:0.00M | Scene, ViewLayer | Synchronizing object | Quay_rail_31_0.65
Fra:1 Mem:259.50M (Peak 259.54M) | Time:00:00.17 | Mem:0.00M, Peak:0.00M | Scene, ViewLayer | Synchronizing object | Quay_rail_31_1.12
Fra:1 Mem:259.51M (Peak 259.54M) | Time:00:00.17 | Mem:0.00M, Peak:0.00M | Scene, ViewLayer | Synchronizing object | Quay_coping_32
Fra:1 Mem:259.51M (Peak 259.54M) | Time:00:00.17 | Mem:0.00M, Peak:0.00M | Scene, ViewLayer | Synchronizing object | Quay_rail_post_32_-3.5
Fra:1 Mem:259.51M (Peak 259.54M) | Time:00:00.17 | Mem:0.00M, Peak:0.00M | Scene, ViewLayer | Synchronizing object | Quay_rail_post_32_3.5
Fra:1 Mem:259.52M (Peak 259.54M) | Time:00:00.17 | Mem:0.00M, Peak:0.00M | Scene, ViewLayer | Synchronizing object | Quay_rail_32_0.65
Fra:1 Mem:259.52M (Peak 259.54M) | Time:00:00.17 | Mem:0.00M, Peak:0.00M | Scene, ViewLayer | Synchronizing object | Dock_plank_module_0_0
Fra:1 Mem:259.52M (Peak 259.54M) | Time:00:00.17 | Mem:0.00M, Peak:0.00M | Scene, ViewLayer | Synchronizing object | Dock_pile_0_0_1
Fra:1 Mem:259.53M (Peak 259.54M) | Time:00:00.17 | Mem:0.00M, Peak:0.00M | Scene, ViewLayer | Synchronizing object | Dock_pile_0_1_-1
Fra:1 Mem:259.53M (Peak 259.54M) | Time:00:00.17 | Mem:0.00M, Peak:0.00M | Scene, ViewLayer | Synchronizing object | Dock_pile_0_1_1
Fra:1 Mem:259.54M (Peak 259.54M) | Time:00:00.17 | Mem:0.00M, Peak:0.00M | Scene, ViewLayer | Synchronizing object | Dock_pile_0_2_1
Fra:1 Mem:259.54M (Peak 259.54M) | Time:00:00.17 | Mem:0.00M, Peak:0.00M | Scene, ViewLayer | Synchronizing object | Dock_plank_module_0_3
Fra:1 Mem:259.55M (Peak 259.55M) | Time:00:00.17 | Mem:0.00M, Peak:0.00M | Scene, ViewLayer | Synchronizing object | Dock_pile_0_3_1
Fra:1 Mem:259.55M (Peak 259.55M) | Time:00:00.17 | Mem:0.00M, Peak:0.00M | Scene, ViewLayer | Synchronizing object | Dock_plank_module_0_4
Fra:1 Mem:259.55M (Peak 259.55M) | Time:00:00.17 | Mem:0.00M, Peak:0.00M | Scene, ViewLayer | Synchronizing object | Dock_pile_0_4_-1
Fra:1 Mem:259.55M (Peak 259.55M) | Time:00:00.17 | Mem:0.00M, Peak:0.00M | Scene, ViewLayer | Synchronizing object | Dock_pile_0_4_1
Fra:1 Mem:259.55M (Peak 259.55M) | Time:00:00.17 | Mem:0.00M, Peak:0.00M | Scene, ViewLayer | Synchronizing object | Dock_plank_module_0_5
Fra:1 Mem:259.56M (Peak 259.56M) | Time:00:00.17 | Mem:0.00M, Peak:0.00M | Scene, ViewLayer | Synchronizing object | Dock_pile_0_5_-1
Fra:1 Mem:259.56M (Peak 259.56M) | Time:00:00.17 | Mem:0.00M, Peak:0.00M | Scene, ViewLayer | Synchronizing object | Dock_plank_module_0_6
Fra:1 Mem:259.56M (Peak 259.56M) | Time:00:00.17 | Mem:0.00M, Peak:0.00M | Scene, ViewLayer | Synchronizing object | Dock_pile_0_6_-1
Fra:1 Mem:259.57M (Peak 259.57M) | Time:00:00.17 | Mem:0.00M, Peak:0.00M | Scene, ViewLayer | Synchronizing object | Dock_pile_0_6_1
Fra:1 Mem:259.57M (Peak 259.57M) | Time:00:00.17 | Mem:0.00M, Peak:0.00M | Scene, ViewLayer | Synchronizing object | Dock_plank_module_0_7
Fra:1 Mem:259.58M (Peak 259.58M) | Time:00:00.17 | Mem:0.00M, Peak:0.00M | Scene, ViewLayer | Synchronizing object | Dock_pile_0_7_-1
Fra:1 Mem:259.58M (Peak 259.58M) | Time:00:00.17 | Mem:0.00M, Peak:0.00M | Scene, ViewLayer | Synchronizing object | Dock_plank_module_0_8
Fra:1 Mem:259.58M (Peak 259.58M) | Time:00:00.17 | Mem:0.00M, Peak:0.00M | Scene, ViewLayer | Synchronizing object | Mooring_bollard_0_-36
Fra:1 Mem:259.58M (Peak 259.58M) | Time:00:00.17 | Mem:0.00M, Peak:0.00M | Scene, ViewLayer | Synchronizing object | Mooring_crossbar_0_-36
Fra:1 Mem:259.59M (Peak 259.59M) | Time:00:00.17 | Mem:0.00M, Peak:0.00M | Scene, ViewLayer | Synchronizing object | Mooring_bollard_0_-54
Fra:1 Mem:259.59M (Peak 259.59M) | Time:00:00.17 | Mem:0.00M, Peak:0.00M | Scene, ViewLayer | Synchronizing object | Mooring_crossbar_0_-54
Fra:1 Mem:259.60M (Peak 259.60M) | Time:00:00.17 | Mem:0.00M, Peak:0.00M | Scene, ViewLayer | Synchronizing object | Mooring_bollard_0_-72
Fra:1 Mem:259.60M (Peak 259.60M) | Time:00:00.17 | Mem:0.00M, Peak:0.00M | Scene, ViewLayer | Synchronizing object | Mooring_crossbar_0_-72
Fra:1 Mem:259.60M (Peak 259.60M) | Time:00:00.17 | Mem:0.00M, Peak:0.00M | Scene, ViewLayer | Synchronizing object | Dock_plank_module_1_0
Fra:1 Mem:259.60M (Peak 259.60M) | Time:00:00.17 | Mem:0.00M, Peak:0.00M | Scene, ViewLayer | Synchronizing object | Dock_pile_1_0_-1
Fra:1 Mem:259.61M (Peak 259.61M) | Time:00:00.17 | Mem:0.00M, Peak:0.00M | Scene, ViewLayer | Synchronizing object | Dock_plank_module_1_1
Fra:1 Mem:259.61M (Peak 259.61M) | Time:00:00.17 | Mem:0.00M, Peak:0.00M | Scene, ViewLayer | Synchronizing object | Dock_pile_1_1_-1
Fra:1 Mem:259.61M (Peak 259.61M) | Time:00:00.17 | Mem:0.00M, Peak:0.00M | Scene, ViewLayer | Synchronizing object | Dock_pile_1_1_1
Fra:1 Mem:259.61M (Peak 259.61M) | Time:00:00.17 | Mem:0.00M, Peak:0.00M | Scene, ViewLayer | Synchronizing object | Dock_plank_module_1_2
Fra:1 Mem:259.62M (Peak 259.62M) | Time:00:00.17 | Mem:0.00M, Peak:0.00M | Scene, ViewLayer | Synchronizing object | Dock_pile_1_2_-1
Fra:1 Mem:259.62M (Peak 259.62M) | Time:00:00.17 | Mem:0.00M, Peak:0.00M | Scene, ViewLayer | Synchronizing object | Dock_pile_1_2_1
Fra:1 Mem:259.62M (Peak 259.62M) | Time:00:00.17 | Mem:0.00M, Peak:0.00M | Scene, ViewLayer | Synchronizing object | Dock_pile_1_3_-1
Fra:1 Mem:259.63M (Peak 259.63M) | Time:00:00.17 | Mem:0.00M, Peak:0.00M | Scene, ViewLayer | Synchronizing object | Dock_pile_1_3_1
Fra:1 Mem:259.63M (Peak 259.63M) | Time:00:00.17 | Mem:0.00M, Peak:0.00M | Scene, ViewLayer | Synchronizing object | Dock_plank_module_1_4
Fra:1 Mem:259.63M (Peak 259.63M) | Time:00:00.17 | Mem:0.00M, Peak:0.00M | Scene, ViewLayer | Synchronizing object | Dock_pile_1_4_-1
Fra:1 Mem:259.64M (Peak 259.64M) | Time:00:00.17 | Mem:0.00M, Peak:0.00M | Scene, ViewLayer | Synchronizing object | Dock_plank_module_1_5
Fra:1 Mem:259.64M (Peak 259.64M) | Time:00:00.17 | Mem:0.00M, Peak:0.00M | Scene, ViewLayer | Synchronizing object | Dock_pile_1_5_-1
Fra:1 Mem:259.64M (Peak 259.64M) | Time:00:00.17 | Mem:0.00M, Peak:0.00M | Scene, ViewLayer | Synchronizing object | Dock_pile_1_5_1
Fra:1 Mem:259.65M (Peak 259.65M) | Time:00:00.17 | Mem:0.00M, Peak:0.00M | Scene, ViewLayer | Synchronizing object | Dock_pile_1_6_-1
Fra:1 Mem:259.65M (Peak 259.65M) | Time:00:00.17 | Mem:0.00M, Peak:0.00M | Scene, ViewLayer | Synchronizing object | Dock_plank_module_1_7
Fra:1 Mem:259.66M (Peak 259.66M) | Time:00:00.17 | Mem:0.00M, Peak:0.00M | Scene, ViewLayer | Synchronizing object | Dock_pile_1_7_-1
Fra:1 Mem:259.66M (Peak 259.66M) | Time:00:00.17 | Mem:0.00M, Peak:0.00M | Scene, ViewLayer | Synchronizing object | Dock_plank_module_1_8
Fra:1 Mem:259.66M (Peak 259.66M) | Time:00:00.17 | Mem:0.00M, Peak:0.00M | Scene, ViewLayer | Synchronizing object | Dock_pile_1_8_1
Fra:1 Mem:259.67M (Peak 259.67M) | Time:00:00.17 | Mem:0.00M, Peak:0.00M | Scene, ViewLayer | Synchronizing object | Mooring_bollard_1_-36
Fra:1 Mem:259.67M (Peak 259.67M) | Time:00:00.17 | Mem:0.00M, Peak:0.00M | Scene, ViewLayer | Synchronizing object | Mooring_crossbar_1_-54
Fra:1 Mem:259.68M (Peak 259.68M) | Time:00:00.17 | Mem:0.00M, Peak:0.00M | Scene, ViewLayer | Synchronizing object | Mooring_bollard_1_-72
Fra:1 Mem:259.69M (Peak 259.69M) | Time:00:00.17 | Mem:0.00M, Peak:0.00M | Scene, ViewLayer | Synchronizing object | Mooring_crossbar_1_-72
Fra:1 Mem:259.69M (Peak 259.69M) | Time:00:00.17 | Mem:0.00M, Peak:0.00M | Scene, ViewLayer | Synchronizing object | Dock_pile_2_0_1
Fra:1 Mem:259.69M (Peak 259.69M) | Time:00:00.17 | Mem:0.00M, Peak:0.00M | Scene, ViewLayer | Synchronizing object | Dock_pile_2_1_-1
Fra:1 Mem:259.70M (Peak 259.70M) | Time:00:00.17 | Mem:0.00M, Peak:0.00M | Scene, ViewLayer | Synchronizing object | Dock_pile_2_1_1
Fra:1 Mem:259.70M (Peak 259.70M) | Time:00:00.17 | Mem:0.00M, Peak:0.00M | Scene, ViewLayer | Synchronizing object | Dock_pile_2_2_-1
Fra:1 Mem:259.71M (Peak 259.71M) | Time:00:00.17 | Mem:0.00M, Peak:0.00M | Scene, ViewLayer | Synchronizing object | Dock_pile_2_2_1
Fra:1 Mem:259.71M (Peak 259.71M) | Time:00:00.17 | Mem:0.00M, Peak:0.00M | Scene, ViewLayer | Synchronizing object | Dock_plank_module_2_3
Fra:1 Mem:259.71M (Peak 259.71M) | Time:00:00.17 | Mem:0.00M, Peak:0.00M | Scene, ViewLayer | Synchronizing object | Dock_plank_module_2_4
Fra:1 Mem:259.72M (Peak 259.72M) | Time:00:00.17 | Mem:0.00M, Peak:0.00M | Scene, ViewLayer | Synchronizing object | Dock_pile_2_4_-1
Fra:1 Mem:259.73M (Peak 259.73M) | Time:00:00.17 | Mem:0.00M, Peak:0.00M | Scene, ViewLayer | Synchronizing object | Dock_pile_2_5_-1
Fra:1 Mem:259.73M (Peak 259.73M) | Time:00:00.17 | Mem:0.00M, Peak:0.00M | Scene, ViewLayer | Synchronizing object | Dock_pile_2_5_1
Fra:1 Mem:259.74M (Peak 259.74M) | Time:00:00.17 | Mem:0.00M, Peak:0.00M | Scene, ViewLayer | Synchronizing object | Dock_plank_module_2_6
Fra:1 Mem:259.74M (Peak 259.74M) | Time:00:00.17 | Mem:0.00M, Peak:0.00M | Scene, ViewLayer | Synchronizing object | Dock_pile_2_6_-1
Fra:1 Mem:259.75M (Peak 259.75M) | Time:00:00.17 | Mem:0.00M, Peak:0.00M | Scene, ViewLayer | Synchronizing object | Dock_pile_2_6_1
Fra:1 Mem:259.75M (Peak 259.75M) | Time:00:00.17 | Mem:0.00M, Peak:0.00M | Scene, ViewLayer | Synchronizing object | Dock_plank_module_2_7
Fra:1 Mem:259.75M (Peak 259.75M) | Time:00:00.17 | Mem:0.00M, Peak:0.00M | Scene, ViewLayer | Synchronizing object | Dock_pile_2_7_-1
Fra:1 Mem:259.75M (Peak 259.75M) | Time:00:00.17 | Mem:0.00M, Peak:0.00M | Scene, ViewLayer | Synchronizing object | Dock_plank_module_2_8
Fra:1 Mem:259.76M (Peak 259.76M) | Time:00:00.17 | Mem:0.00M, Peak:0.00M | Scene, ViewLayer | Synchronizing object | Dock_pile_2_8_-1
Fra:1 Mem:259.76M (Peak 259.76M) | Time:00:00.17 | Mem:0.00M, Peak:0.00M | Scene, ViewLayer | Synchronizing object | Dock_pile_2_8_1
Fra:1 Mem:259.76M (Peak 259.76M) | Time:00:00.17 | Mem:0.00M, Peak:0.00M | Scene, ViewLayer | Synchronizing object | Mooring_bollard_2_-36
Fra:1 Mem:259.76M (Peak 259.76M) | Time:00:00.17 | Mem:0.00M, Peak:0.00M | Scene, ViewLayer | Synchronizing object | Mooring_crossbar_2_-36
Fra:1 Mem:259.77M (Peak 259.77M) | Time:00:00.17 | Mem:0.00M, Peak:0.00M | Scene, ViewLayer | Synchronizing object | Mooring_crossbar_2_-54
Fra:1 Mem:259.77M (Peak 259.77M) | Time:00:00.17 | Mem:0.00M, Peak:0.00M | Scene, ViewLayer | Synchronizing object | Mooring_bollard_2_-72
Fra:1 Mem:259.78M (Peak 259.78M) | Time:00:00.17 | Mem:0.00M, Peak:0.00M | Scene, ViewLayer | Synchronizing object | Dock_pile_3_0_-1
Fra:1 Mem:259.78M (Peak 259.78M) | Time:00:00.17 | Mem:0.00M, Peak:0.00M | Scene, ViewLayer | Synchronizing object | Dock_plank_module_3_1
Fra:1 Mem:259.79M (Peak 259.79M) | Time:00:00.17 | Mem:0.00M, Peak:0.00M | Scene, ViewLayer | Synchronizing object | Dock_pile_3_1_-1
Fra:1 Mem:259.79M (Peak 259.79M) | Time:00:00.17 | Mem:0.00M, Peak:0.00M | Scene, ViewLayer | Synchronizing object | Dock_pile_3_2_-1
Fra:1 Mem:259.80M (Peak 259.80M) | Time:00:00.17 | Mem:0.00M, Peak:0.00M | Scene, ViewLayer | Synchronizing object | Dock_pile_3_2_1
Fra:1 Mem:259.80M (Peak 259.80M) | Time:00:00.17 | Mem:0.00M, Peak:0.00M | Scene, ViewLayer | Synchronizing object | Dock_pile_3_3_-1
Fra:1 Mem:259.80M (Peak 259.80M) | Time:00:00.17 | Mem:0.00M, Peak:0.00M | Scene, ViewLayer | Synchronizing object | Dock_plank_module_3_4
Fra:1 Mem:259.83M (Peak 259.83M) | Time:00:00.17 | Mem:0.00M, Peak:0.00M | Scene, ViewLayer | Synchronizing object | Dock_pile_3_4_1
Fra:1 Mem:259.81M (Peak 259.83M) | Time:00:00.17 | Mem:0.00M, Peak:0.00M | Scene, ViewLayer | Synchronizing object | Dock_pile_3_5_-1
Fra:1 Mem:259.82M (Peak 259.83M) | Time:00:00.17 | Mem:0.00M, Peak:0.00M | Scene, ViewLayer | Synchronizing object | Dock_pile_3_5_1
Fra:1 Mem:259.82M (Peak 259.83M) | Time:00:00.17 | Mem:0.00M, Peak:0.00M | Scene, ViewLayer | Synchronizing object | Dock_plank_module_3_6
Fra:1 Mem:259.82M (Peak 259.83M) | Time:00:00.17 | Mem:0.00M, Peak:0.00M | Scene, ViewLayer | Synchronizing object | Dock_pile_3_6_-1
Fra:1 Mem:259.83M (Peak 259.83M) | Time:00:00.17 | Mem:0.00M, Peak:0.00M | Scene, ViewLayer | Synchronizing object | Dock_pile_3_6_1
Fra:1 Mem:259.83M (Peak 259.83M) | Time:00:00.17 | Mem:0.00M, Peak:0.00M | Scene, ViewLayer | Synchronizing object | Dock_plank_module_3_7
Fra:1 Mem:259.84M (Peak 259.84M) | Time:00:00.17 | Mem:0.00M, Peak:0.00M | Scene, ViewLayer | Synchronizing object | Dock_pile_3_7_-1
Fra:1 Mem:259.84M (Peak 259.84M) | Time:00:00.17 | Mem:0.00M, Peak:0.00M | Scene, ViewLayer | Synchronizing object | Dock_pile_3_8_1
Fra:1 Mem:259.84M (Peak 259.84M) | Time:00:00.17 | Mem:0.00M, Peak:0.00M | Scene, ViewLayer | Synchronizing object | Mooring_bollard_3_-36
Fra:1 Mem:259.85M (Peak 259.85M) | Time:00:00.17 | Mem:0.00M, Peak:0.00M | Scene, ViewLayer | Synchronizing object | Mooring_crossbar_3_-36
Fra:1 Mem:259.85M (Peak 259.85M) | Time:00:00.17 | Mem:0.00M, Peak:0.00M | Scene, ViewLayer | Synchronizing object | Mooring_bollard_3_-54
Fra:1 Mem:259.86M (Peak 259.86M) | Time:00:00.17 | Mem:0.00M, Peak:0.00M | Scene, ViewLayer | Synchronizing object | Mooring_crossbar_3_-54
Fra:1 Mem:259.88M (Peak 259.86M) | Time:00:00.17 | Mem:0.00M, Peak:0.00M | Scene, ViewLayer | Synchronizing object | Mooring_bollard_3_-72
Fra:1 Mem:259.86M (Peak 259.86M) | Time:00:00.17 | Mem:0.00M, Peak:0.00M | Scene, ViewLayer | Synchronizing object | Mooring_crossbar_3_-72
Fra:1 Mem:259.87M (Peak 259.87M) | Time:00:00.17 | Mem:0.00M, Peak:0.00M | Scene, ViewLayer | Synchronizing object | Skiff_console_0
Fra:1 Mem:259.87M (Peak 259.87M) | Time:00:00.17 | Mem:0.00M, Peak:0.00M | Scene, ViewLayer | Synchronizing object | Skiff_outboard_0
Fra:1 Mem:259.87M (Peak 259.87M) | Time:00:00.17 | Mem:0.00M, Peak:0.00M | Scene, ViewLayer | Synchronizing object | Marina_skiff_hull_1
Fra:1 Mem:259.87M (Peak 259.87M) | Time:00:00.17 | Mem:0.00M, Peak:0.00M | Scene, ViewLayer | Synchronizing object | Skiff_cockpit_1
Fra:1 Mem:259.88M (Peak 259.88M) | Time:00:00.17 | Mem:0.00M, Peak:0.00M | Scene, ViewLayer | Synchronizing object | Skiff_console_1
Fra:1 Mem:259.88M (Peak 259.88M) | Time:00:00.17 | Mem:0.00M, Peak:0.00M | Scene, ViewLayer | Synchronizing object | Skiff_outboard_1
Fra:1 Mem:259.88M (Peak 259.88M) | Time:00:00.17 | Mem:0.00M, Peak:0.00M | Scene, ViewLayer | Synchronizing object | Skiff_console_2
Fra:1 Mem:259.88M (Peak 259.88M) | Time:00:00.17 | Mem:0.00M, Peak:0.00M | Scene, ViewLayer | Synchronizing object | Skiff_outboard_2
Fra:1 Mem:259.89M (Peak 259.89M) | Time:00:00.17 | Mem:0.00M, Peak:0.00M | Scene, ViewLayer | Synchronizing object | Marina_skiff_hull_3
Fra:1 Mem:259.89M (Peak 259.89M) | Time:00:00.17 | Mem:0.00M, Peak:0.00M | Scene, ViewLayer | Synchronizing object | Skiff_console_3
Fra:1 Mem:259.89M (Peak 259.89M) | Time:00:00.17 | Mem:0.00M, Peak:0.00M | Scene, ViewLayer | Synchronizing object | Skiff_outboard_3
Fra:1 Mem:259.90M (Peak 259.90M) | Time:00:00.17 | Mem:0.00M, Peak:0.00M | Scene, ViewLayer | Synchronizing object | Harbor_works_body
Fra:1 Mem:259.90M (Peak 259.90M) | Time:00:00.17 | Mem:0.00M, Peak:0.00M | Scene, ViewLayer | Synchronizing object | Harbor_works_side_panel_-1_0
Fra:1 Mem:259.90M (Peak 259.90M) | Time:00:00.17 | Mem:0.00M, Peak:0.00M | Scene, ViewLayer | Synchronizing object | Harbor_works_clerestory_-1_0
Fra:1 Mem:259.91M (Peak 259.91M) | Time:00:00.17 | Mem:0.00M, Peak:0.00M | Scene, ViewLayer | Synchronizing object | Harbor_works_side_panel_-1_1
Fra:1 Mem:259.91M (Peak 259.91M) | Time:00:00.17 | Mem:0.00M, Peak:0.00M | Scene, ViewLayer | Synchronizing object | Harbor_works_clerestory_-1_2
Fra:1 Mem:259.91M (Peak 259.91M) | Time:00:00.17 | Mem:0.00M, Peak:0.00M | Scene, ViewLayer | Synchronizing object | Harbor_works_side_panel_-1_3
Fra:1 Mem:259.91M (Peak 259.91M) | Time:00:00.17 | Mem:0.00M, Peak:0.00M | Scene, ViewLayer | Synchronizing object | Harbor_works_clerestory_-1_3
Fra:1 Mem:259.92M (Peak 259.92M) | Time:00:00.17 | Mem:0.00M, Peak:0.00M | Scene, ViewLayer | Synchronizing object | Harbor_works_side_panel_-1_4
Fra:1 Mem:259.92M (Peak 259.92M) | Time:00:00.17 | Mem:0.00M, Peak:0.00M | Scene, ViewLayer | Synchronizing object | Harbor_works_clerestory_-1_4
Fra:1 Mem:259.92M (Peak 259.92M) | Time:00:00.17 | Mem:0.00M, Peak:0.00M | Scene, ViewLayer | Synchronizing object | Harbor_works_side_panel_-1_5
Fra:1 Mem:259.92M (Peak 259.92M) | Time:00:00.17 | Mem:0.00M, Peak:0.00M | Scene, ViewLayer | Synchronizing object | Harbor_works_side_panel_-1_6
Fra:1 Mem:259.93M (Peak 259.93M) | Time:00:00.17 | Mem:0.00M, Peak:0.00M | Scene, ViewLayer | Synchronizing object | Harbor_works_clerestory_-1_6
Fra:1 Mem:259.93M (Peak 259.93M) | Time:00:00.17 | Mem:0.00M, Peak:0.00M | Scene, ViewLayer | Synchronizing object | Harbor_works_side_panel_-1_7
Fra:1 Mem:259.93M (Peak 259.93M) | Time:00:00.17 | Mem:0.00M, Peak:0.00M | Scene, ViewLayer | Synchronizing object | Harbor_works_clerestory_-1_7
Fra:1 Mem:259.93M (Peak 259.93M) | Time:00:00.17 | Mem:0.00M, Peak:0.00M | Scene, ViewLayer | Synchronizing object | Harbor_works_column_-1_0
Fra:1 Mem:259.93M (Peak 259.93M) | Time:00:00.17 | Mem:0.00M, Peak:0.00M | Scene, ViewLayer | Synchronizing object | Harbor_works_column_-1_6
Fra:1 Mem:259.95M (Peak 259.94M) | Time:00:00.17 | Mem:0.00M, Peak:0.00M | Scene, ViewLayer | Synchronizing object | Harbor_works_column_-1_12
Fra:1 Mem:259.94M (Peak 259.94M) | Time:00:00.17 | Mem:0.00M, Peak:0.00M | Scene, ViewLayer | Synchronizing object | Harbor_works_column_-1_42
Fra:1 Mem:259.95M (Peak 259.95M) | Time:00:00.17 | Mem:0.00M, Peak:0.00M | Scene, ViewLayer | Synchronizing object | Harbor_works_side_panel_1_0
Fra:1 Mem:259.95M (Peak 259.95M) | Time:00:00.17 | Mem:0.00M, Peak:0.00M | Scene, ViewLayer | Synchronizing object | Harbor_works_clerestory_1_0
Fra:1 Mem:259.95M (Peak 259.95M) | Time:00:00.17 | Mem:0.00M, Peak:0.00M | Scene, ViewLayer | Synchronizing object | Harbor_works_side_panel_1_1
Fra:1 Mem:259.95M (Peak 259.95M) | Time:00:00.17 | Mem:0.00M, Peak:0.00M | Scene, ViewLayer | Synchronizing object | Harbor_works_clerestory_1_3
Fra:1 Mem:259.96M (Peak 259.96M) | Time:00:00.17 | Mem:0.00M, Peak:0.00M | Scene, ViewLayer | Synchronizing object | Harbor_works_side_panel_1_4
Fra:1 Mem:259.97M (Peak 259.97M) | Time:00:00.17 | Mem:0.00M, Peak:0.00M | Scene, ViewLayer | Synchronizing object | Harbor_works_side_panel_1_5
Fra:1 Mem:259.97M (Peak 259.97M) | Time:00:00.17 | Mem:0.00M, Peak:0.00M | Scene, ViewLayer | Synchronizing object | Harbor_works_side_panel_1_6
Fra:1 Mem:259.97M (Peak 259.97M) | Time:00:00.17 | Mem:0.00M, Peak:0.00M | Scene, ViewLayer | Synchronizing object | Harbor_works_clerestory_1_6
Fra:1 Mem:259.97M (Peak 259.97M) | Time:00:00.17 | Mem:0.00M, Peak:0.00M | Scene, ViewLayer | Synchronizing object | Harbor_works_side_panel_1_7
Fra:1 Mem:259.97M (Peak 259.97M) | Time:00:00.17 | Mem:0.00M, Peak:0.00M | Scene, ViewLayer | Synchronizing object | Harbor_works_clerestory_1_7
Fra:1 Mem:259.97M (Peak 259.97M) | Time:00:00.17 | Mem:0.00M, Peak:0.00M | Scene, ViewLayer | Synchronizing object | Harbor_works_column_1_0
Fra:1 Mem:259.98M (Peak 259.98M) | Time:00:00.17 | Mem:0.00M, Peak:0.00M | Scene, ViewLayer | Synchronizing object | Harbor_works_column_1_6
Fra:1 Mem:259.98M (Peak 259.98M) | Time:00:00.17 | Mem:0.00M, Peak:0.00M | Scene, ViewLayer | Synchronizing object | Harbor_works_column_1_12
Fra:1 Mem:259.98M (Peak 259.98M) | Time:00:00.17 | Mem:0.00M, Peak:0.00M | Scene, ViewLayer | Synchronizing object | Harbor_works_column_1_24
Fra:1 Mem:259.99M (Peak 259.99M) | Time:00:00.17 | Mem:0.00M, Peak:0.00M | Scene, ViewLayer | Synchronizing object | Harbor_works_column_1_30
Fra:1 Mem:259.99M (Peak 259.99M) | Time:00:00.17 | Mem:0.00M, Peak:0.00M | Scene, ViewLayer | Synchronizing object | Harbor_works_column_1_36
Fra:1 Mem:259.99M (Peak 259.99M) | Time:00:00.17 | Mem:0.00M, Peak:0.00M | Scene, ViewLayer | Synchronizing object | Harbor_works_column_1_42
Fra:1 Mem:260.00M (Peak 260.00M) | Time:00:00.17 | Mem:0.00M, Peak:0.00M | Scene, ViewLayer | Synchronizing object | Harbor_works_roof_1_0
Fra:1 Mem:260.00M (Peak 260.00M) | Time:00:00.17 | Mem:0.00M, Peak:0.00M | Scene, ViewLayer | Synchronizing object | Harbor_works_roof_-1_1
Fra:1 Mem:260.02M (Peak 260.00M) | Time:00:00.17 | Mem:0.00M, Peak:0.00M | Scene, ViewLayer | Synchronizing object | Harbor_works_roof_1_1
Fra:1 Mem:260.01M (Peak 260.01M) | Time:00:00.17 | Mem:0.00M, Peak:0.00M | Scene, ViewLayer | Synchronizing object | Harbor_works_roof_-1_2
Fra:1 Mem:260.01M (Peak 260.01M) | Time:00:00.17 | Mem:0.00M, Peak:0.00M | Scene, ViewLayer | Synchronizing object | Harbor_works_roof_1_2
Fra:1 Mem:260.02M (Peak 260.01M) | Time:00:00.17 | Mem:0.00M, Peak:0.00M | Scene, ViewLayer | Synchronizing object | Harbor_works_roof_-1_3
Fra:1 Mem:260.01M (Peak 260.01M) | Time:00:00.17 | Mem:0.00M, Peak:0.00M | Scene, ViewLayer | Synchronizing object | Harbor_works_roof_-1_4
Fra:1 Mem:260.01M (Peak 260.01M) | Time:00:00.17 | Mem:0.00M, Peak:0.00M | Scene, ViewLayer | Synchronizing object | Harbor_works_roof_1_4
Fra:1 Mem:260.02M (Peak 260.02M) | Time:00:00.17 | Mem:0.00M, Peak:0.00M | Scene, ViewLayer | Synchronizing object | Harbor_works_roof_-1_5
Fra:1 Mem:260.02M (Peak 260.02M) | Time:00:00.17 | Mem:0.00M, Peak:0.00M | Scene, ViewLayer | Synchronizing object | Harbor_works_roof_1_5
Fra:1 Mem:260.02M (Peak 260.02M) | Time:00:00.17 | Mem:0.00M, Peak:0.00M | Scene, ViewLayer | Synchronizing object | Harbor_works_roof_-1_7
Fra:1 Mem:260.02M (Peak 260.02M) | Time:00:00.17 | Mem:0.00M, Peak:0.00M | Scene, ViewLayer | Synchronizing object | Harbor_works_roof_1_7
Fra:1 Mem:260.02M (Peak 260.02M) | Time:00:00.17 | Mem:0.00M, Peak:0.00M | Scene, ViewLayer | Synchronizing object | Harbor_works_gable_-1
Fra:1 Mem:260.02M (Peak 260.02M) | Time:00:00.17 | Mem:0.00M, Peak:0.00M | Scene, ViewLayer | Synchronizing object | Harbor_works_roller_door_-1_1
Fra:1 Mem:260.02M (Peak 260.02M) | Time:00:00.17 | Mem:0.00M, Peak:0.00M | Scene, ViewLayer | Synchronizing object | Harbor_works_roller_door_-1_2
Fra:1 Mem:260.03M (Peak 260.03M) | Time:00:00.17 | Mem:0.00M, Peak:0.00M | Scene, ViewLayer | Synchronizing object | Harbor_works_roller_door_-1_4
Fra:1 Mem:260.03M (Peak 260.03M) | Time:00:00.17 | Mem:0.00M, Peak:0.00M | Scene, ViewLayer | Synchronizing object | Harbor_works_roller_door_-1_5
Fra:1 Mem:260.03M (Peak 260.03M) | Time:00:00.17 | Mem:0.00M, Peak:0.00M | Scene, ViewLayer | Synchronizing object | Harbor_works_roller_door_-1_6
Fra:1 Mem:260.06M (Peak 260.05M) | Time:00:00.17 | Mem:0.00M, Peak:0.00M | Scene, ViewLayer | Synchronizing object | Harbor_works_roller_door_-1_7
Fra:1 Mem:260.04M (Peak 260.05M) | Time:00:00.17 | Mem:0.00M, Peak:0.00M | Scene, ViewLayer | Synchronizing object | Harbor_works_roller_door_1_0
Fra:1 Mem:260.04M (Peak 260.05M) | Time:00:00.17 | Mem:0.00M, Peak:0.00M | Scene, ViewLayer | Synchronizing object | Harbor_works_roller_door_1_1
Fra:1 Mem:260.05M (Peak 260.05M) | Time:00:00.17 | Mem:0.00M, Peak:0.00M | Scene, ViewLayer | Synchronizing object | Harbor_works_roller_door_1_2
Fra:1 Mem:260.05M (Peak 260.05M) | Time:00:00.17 | Mem:0.00M, Peak:0.00M | Scene, ViewLayer | Synchronizing object | Harbor_works_roller_door_1_4
Fra:1 Mem:260.05M (Peak 260.05M) | Time:00:00.17 | Mem:0.00M, Peak:0.00M | Scene, ViewLayer | Synchronizing object | Harbor_works_roller_door_1_5
Fra:1 Mem:260.05M (Peak 260.05M) | Time:00:00.17 | Mem:0.00M, Peak:0.00M | Scene, ViewLayer | Synchronizing object | Harbor_works_roller_door_1_6
Fra:1 Mem:260.05M (Peak 260.05M) | Time:00:00.17 | Mem:0.00M, Peak:0.00M | Scene, ViewLayer | Synchronizing object | Harbor_works_roller_door_1_7
Fra:1 Mem:260.06M (Peak 260.06M) | Time:00:00.17 | Mem:0.00M, Peak:0.00M | Scene, ViewLayer | Synchronizing object | Harbor_works_roller_door_1_8
Fra:1 Mem:260.06M (Peak 260.06M) | Time:00:00.17 | Mem:0.00M, Peak:0.00M | Scene, ViewLayer | Synchronizing object | Harbor_works_loading_apron
Fra:1 Mem:260.06M (Peak 260.06M) | Time:00:00.17 | Mem:0.00M, Peak:0.00M | Scene, ViewLayer | Synchronizing object | Harbor_works_canopy_post_-1
Fra:1 Mem:260.06M (Peak 260.06M) | Time:00:00.17 | Mem:0.00M, Peak:0.00M | Scene, ViewLayer | Synchronizing object | Harbor_works_canopy_post_1
Fra:1 Mem:260.06M (Peak 260.06M) | Time:00:00.17 | Mem:0.00M, Peak:0.00M | Scene, ViewLayer | Synchronizing object | Harbor_works_identity
Fra:1 Mem:260.06M (Peak 260.06M) | Time:00:00.17 | Mem:0.00M, Peak:0.00M | Scene, ViewLayer | Synchronizing object | Marine_service_body
Fra:1 Mem:260.07M (Peak 260.07M) | Time:00:00.17 | Mem:0.00M, Peak:0.00M | Scene, ViewLayer | Synchronizing object | Marine_service_plinth
Fra:1 Mem:260.07M (Peak 260.07M) | Time:00:00.17 | Mem:0.00M, Peak:0.00M | Scene, ViewLayer | Synchronizing object | Marine_service_side_panel_-1_0
Fra:1 Mem:260.07M (Peak 260.07M) | Time:00:00.17 | Mem:0.00M, Peak:0.00M | Scene, ViewLayer | Synchronizing object | Marine_service_clerestory_-1_0
Fra:1 Mem:260.07M (Peak 260.07M) | Time:00:00.17 | Mem:0.00M, Peak:0.00M | Scene, ViewLayer | Synchronizing object | Marine_service_side_panel_-1_1
Fra:1 Mem:260.07M (Peak 260.07M) | Time:00:00.17 | Mem:0.00M, Peak:0.00M | Scene, ViewLayer | Synchronizing object | Marine_service_side_panel_-1_3
Fra:1 Mem:260.08M (Peak 260.08M) | Time:00:00.17 | Mem:0.00M, Peak:0.00M | Scene, ViewLayer | Synchronizing object | Marine_service_clerestory_-1_3
Fra:1 Mem:260.08M (Peak 260.08M) | Time:00:00.17 | Mem:0.00M, Peak:0.00M | Scene, ViewLayer | Synchronizing object | Marine_service_clerestory_-1_4
Fra:1 Mem:260.09M (Peak 260.09M) | Time:00:00.17 | Mem:0.00M, Peak:0.00M | Scene, ViewLayer | Synchronizing object | Marine_service_side_panel_-1_5
Fra:1 Mem:260.09M (Peak 260.09M) | Time:00:00.17 | Mem:0.00M, Peak:0.00M | Scene, ViewLayer | Synchronizing object | Marine_service_clerestory_-1_5
Fra:1 Mem:260.09M (Peak 260.09M) | Time:00:00.17 | Mem:0.00M, Peak:0.00M | Scene, ViewLayer | Synchronizing object | Marine_service_column_-1_0
Fra:1 Mem:260.09M (Peak 260.09M) | Time:00:00.17 | Mem:0.00M, Peak:0.00M | Scene, ViewLayer | Synchronizing object | Marine_service_column_-1_6
Fra:1 Mem:260.10M (Peak 260.10M) | Time:00:00.17 | Mem:0.00M, Peak:0.00M | Scene, ViewLayer | Synchronizing object | Marine_service_column_-1_12
Fra:1 Mem:260.10M (Peak 260.10M) | Time:00:00.17 | Mem:0.00M, Peak:0.00M | Scene, ViewLayer | Synchronizing object | Marine_service_column_-1_24
Fra:1 Mem:260.11M (Peak 260.11M) | Time:00:00.17 | Mem:0.00M, Peak:0.00M | Scene, ViewLayer | Synchronizing object | Marine_service_side_panel_1_0
Fra:1 Mem:260.11M (Peak 260.11M) | Time:00:00.17 | Mem:0.00M, Peak:0.00M | Scene, ViewLayer | Synchronizing object | Marine_service_clerestory_1_0
Fra:1 Mem:260.11M (Peak 260.11M) | Time:00:00.17 | Mem:0.00M, Peak:0.00M | Scene, ViewLayer | Synchronizing object | Marine_service_side_panel_1_2
Fra:1 Mem:260.11M (Peak 260.11M) | Time:00:00.17 | Mem:0.00M, Peak:0.00M | Scene, ViewLayer | Synchronizing object | Marine_service_clerestory_1_2
Fra:1 Mem:260.11M (Peak 260.11M) | Time:00:00.17 | Mem:0.00M, Peak:0.00M | Scene, ViewLayer | Synchronizing object | Marine_service_side_panel_1_3
Fra:1 Mem:260.12M (Peak 260.12M) | Time:00:00.17 | Mem:0.00M, Peak:0.00M | Scene, ViewLayer | Synchronizing object | Marine_service_clerestory_1_3
Fra:1 Mem:260.12M (Peak 260.12M) | Time:00:00.17 | Mem:0.00M, Peak:0.00M | Scene, ViewLayer | Synchronizing object | Marine_service_side_panel_1_4
Fra:1 Mem:260.12M (Peak 260.12M) | Time:00:00.17 | Mem:0.00M, Peak:0.00M | Scene, ViewLayer | Synchronizing object | Marine_service_clerestory_1_4
Fra:1 Mem:260.12M (Peak 260.12M) | Time:00:00.17 | Mem:0.00M, Peak:0.00M | Scene, ViewLayer | Synchronizing object | Marine_service_side_panel_1_5
Fra:1 Mem:260.12M (Peak 260.12M) | Time:00:00.17 | Mem:0.00M, Peak:0.00M | Scene, ViewLayer | Synchronizing object | Marine_service_column_1_6
Fra:1 Mem:260.13M (Peak 260.13M) | Time:00:00.17 | Mem:0.00M, Peak:0.00M | Scene, ViewLayer | Synchronizing object | Marine_service_column_1_12
Fra:1 Mem:260.13M (Peak 260.13M) | Time:00:00.17 | Mem:0.00M, Peak:0.00M | Scene, ViewLayer | Synchronizing object | Marine_service_column_1_18
Fra:1 Mem:260.13M (Peak 260.13M) | Time:00:00.17 | Mem:0.00M, Peak:0.00M | Scene, ViewLayer | Synchronizing object | Marine_service_roof_-1_0
Fra:1 Mem:260.27M (Peak 260.27M) | Time:00:00.17 | Mem:0.00M, Peak:0.00M | Scene, ViewLayer | Synchronizing object | Marine_service_roof_1_0
Fra:1 Mem:260.37M (Peak 260.37M) | Time:00:00.17 | Mem:0.00M, Peak:0.00M | Scene, ViewLayer | Synchronizing object | Marine_service_roof_-1_1
Fra:1 Mem:260.37M (Peak 260.37M) | Time:00:00.17 | Mem:0.00M, Peak:0.00M | Scene, ViewLayer | Synchronizing object | Marine_service_roof_1_1
Fra:1 Mem:260.38M (Peak 260.38M) | Time:00:00.17 | Mem:0.00M, Peak:0.00M | Scene, ViewLayer | Synchronizing object | Marine_service_roof_1_2
Fra:1 Mem:260.42M (Peak 260.42M) | Time:00:00.17 | Mem:0.00M, Peak:0.00M | Scene, ViewLayer | Synchronizing object | Marine_service_roof_1_3
Fra:1 Mem:260.43M (Peak 260.43M) | Time:00:00.17 | Mem:0.00M, Peak:0.00M | Scene, ViewLayer | Synchronizing object | Marine_service_roof_-1_4
Fra:1 Mem:260.44M (Peak 260.44M) | Time:00:00.17 | Mem:0.00M, Peak:0.00M | Scene, ViewLayer | Synchronizing object | Marine_service_roof_1_4
Fra:1 Mem:260.43M (Peak 260.44M) | Time:00:00.17 | Mem:0.00M, Peak:0.00M | Scene, ViewLayer | Synchronizing object | Marine_service_roof_1_5
Fra:1 Mem:260.43M (Peak 260.44M) | Time:00:00.17 | Mem:0.00M, Peak:0.00M | Scene, ViewLayer | Synchronizing object | Marine_service_gable_-1
Fra:1 Mem:260.43M (Peak 260.44M) | Time:00:00.17 | Mem:0.00M, Peak:0.00M | Scene, ViewLayer | Synchronizing object | Marine_service_roller_door_-1_2
Fra:1 Mem:260.48M (Peak 260.48M) | Time:00:00.17 | Mem:0.00M, Peak:0.00M | Scene, ViewLayer | Synchronizing object | Marine_service_roller_door_-1_3
Fra:1 Mem:260.48M (Peak 260.48M) | Time:00:00.17 | Mem:0.00M, Peak:0.00M | Scene, ViewLayer | Synchronizing object | Marine_service_roller_door_-1_4
Fra:1 Mem:260.50M (Peak 260.50M) | Time:00:00.17 | Mem:0.00M, Peak:0.00M | Scene, ViewLayer | Synchronizing object | Marine_service_roller_door_-1_6
Fra:1 Mem:260.57M (Peak 260.57M) | Time:00:00.17 | Mem:0.00M, Peak:0.00M | Scene, ViewLayer | Synchronizing object | Marine_service_roller_door_-1_7
Fra:1 Mem:260.57M (Peak 260.57M) | Time:00:00.17 | Mem:0.00M, Peak:0.00M | Scene, ViewLayer | Synchronizing object | Marine_service_roller_door_-1_8
Fra:1 Mem:260.57M (Peak 260.57M) | Time:00:00.17 | Mem:0.00M, Peak:0.00M | Scene, ViewLayer | Synchronizing object | Marine_service_roller_door_1_0
Fra:1 Mem:260.57M (Peak 260.57M) | Time:00:00.17 | Mem:0.00M, Peak:0.00M | Scene, ViewLayer | Synchronizing object | Marine_service_roller_door_1_1
Fra:1 Mem:260.57M (Peak 260.57M) | Time:00:00.17 | Mem:0.00M, Peak:0.00M | Scene, ViewLayer | Synchronizing object | Marine_service_roller_door_1_3
Fra:1 Mem:260.58M (Peak 260.58M) | Time:00:00.17 | Mem:0.00M, Peak:0.00M | Scene, ViewLayer | Synchronizing object | Marine_service_roller_door_1_5
Fra:1 Mem:260.58M (Peak 260.58M) | Time:00:00.17 | Mem:0.00M, Peak:0.00M | Scene, ViewLayer | Synchronizing object | Marine_service_roller_door_1_6
Fra:1 Mem:260.58M (Peak 260.58M) | Time:00:00.17 | Mem:0.00M, Peak:0.00M | Scene, ViewLayer | Synchronizing object | Marine_service_roller_door_1_7
Fra:1 Mem:260.58M (Peak 260.58M) | Time:00:00.17 | Mem:0.00M, Peak:0.00M | Scene, ViewLayer | Synchronizing object | Marine_service_door_header_1
Fra:1 Mem:260.58M (Peak 260.58M) | Time:00:00.17 | Mem:0.00M, Peak:0.00M | Scene, ViewLayer | Synchronizing object | Marine_service_loading_canopy
Fra:1 Mem:260.59M (Peak 260.59M) | Time:00:00.17 | Mem:0.00M, Peak:0.00M | Scene, ViewLayer | Synchronizing object | Marine_service_canopy_post_-1
Fra:1 Mem:260.59M (Peak 260.59M) | Time:00:00.17 | Mem:0.00M, Peak:0.00M | Scene, ViewLayer | Synchronizing object | Marine_service_identity
Fra:1 Mem:260.61M (Peak 260.61M) | Time:00:00.17 | Mem:0.00M, Peak:0.00M | Scene, ViewLayer | Synchronizing object | Shakedown_paddock_body
Fra:1 Mem:260.68M (Peak 260.68M) | Time:00:00.17 | Mem:0.00M, Peak:0.00M | Scene, ViewLayer | Synchronizing object | Shakedown_paddock_side_panel_-1_0
Fra:1 Mem:260.73M (Peak 260.73M) | Time:00:00.17 | Mem:0.00M, Peak:0.00M | Scene, ViewLayer | Synchronizing object | Shakedown_paddock_clerestory_-1_0
Fra:1 Mem:260.75M (Peak 260.75M) | Time:00:00.17 | Mem:0.00M, Peak:0.00M | Scene, ViewLayer | Synchronizing object | Shakedown_paddock_side_panel_-1_1
Fra:1 Mem:260.79M (Peak 260.79M) | Time:00:00.17 | Mem:0.00M, Peak:0.00M | Scene, ViewLayer | Synchronizing object | Shakedown_paddock_side_panel_-1_2
Fra:1 Mem:260.79M (Peak 260.79M) | Time:00:00.17 | Mem:0.00M, Peak:0.00M | Scene, ViewLayer | Synchronizing object | Shakedown_paddock_clerestory_-1_2
Fra:1 Mem:260.79M (Peak 260.79M) | Time:00:00.17 | Mem:0.00M, Peak:0.00M | Scene, ViewLayer | Synchronizing object | Shakedown_paddock_column_-1_0
Fra:1 Mem:260.79M (Peak 260.79M) | Time:00:00.17 | Mem:0.00M, Peak:0.00M | Scene, ViewLayer | Synchronizing object | Shakedown_paddock_column_-1_6
Fra:1 Mem:260.80M (Peak 260.80M) | Time:00:00.17 | Mem:0.00M, Peak:0.00M | Scene, ViewLayer | Synchronizing object | Shakedown_paddock_column_-1_12
Fra:1 Mem:260.80M (Peak 260.80M) | Time:00:00.17 | Mem:0.00M, Peak:0.00M | Scene, ViewLayer | Synchronizing object | Shakedown_paddock_column_-1_30
Fra:1 Mem:260.84M (Peak 260.84M) | Time:00:00.17 | Mem:0.00M, Peak:0.00M | Scene, ViewLayer | Synchronizing object | Shakedown_paddock_side_panel_1_0
Fra:1 Mem:260.85M (Peak 260.85M) | Time:00:00.17 | Mem:0.00M, Peak:0.00M | Scene, ViewLayer | Synchronizing object | Shakedown_paddock_clerestory_1_0
Fra:1 Mem:260.85M (Peak 260.85M) | Time:00:00.17 | Mem:0.00M, Peak:0.00M | Scene, ViewLayer | Synchronizing object | Shakedown_paddock_side_panel_1_1
Fra:1 Mem:260.89M (Peak 260.89M) | Time:00:00.17 | Mem:0.00M, Peak:0.00M | Scene, ViewLayer | Synchronizing object | Shakedown_paddock_clerestory_1_3
Fra:1 Mem:260.90M (Peak 260.90M) | Time:00:00.17 | Mem:0.00M, Peak:0.00M | Scene, ViewLayer | Synchronizing object | Shakedown_paddock_column_1_6
Fra:1 Mem:260.90M (Peak 260.90M) | Time:00:00.17 | Mem:0.00M, Peak:0.00M | Scene, ViewLayer | Synchronizing object | Shakedown_paddock_column_1_0
Fra:1 Mem:260.91M (Peak 260.90M) | Time:00:00.17 | Mem:0.00M, Peak:0.00M | Scene, ViewLayer | Synchronizing object | Shakedown_paddock_column_1_12
Fra:1 Mem:260.91M (Peak 260.91M) | Time:00:00.17 | Mem:0.00M, Peak:0.00M | Scene, ViewLayer | Synchronizing object | Shakedown_paddock_column_1_30
Fra:1 Mem:260.91M (Peak 260.91M) | Time:00:00.17 | Mem:0.00M, Peak:0.00M | Scene, ViewLayer | Synchronizing object | Shakedown_paddock_roof_-1_0
Fra:1 Mem:260.91M (Peak 260.91M) | Time:00:00.17 | Mem:0.00M, Peak:0.00M | Scene, ViewLayer | Synchronizing object | Shakedown_paddock_roof_-1_1
Fra:1 Mem:260.92M (Peak 260.92M) | Time:00:00.17 | Mem:0.00M, Peak:0.00M | Scene, ViewLayer | Synchronizing object | Shakedown_paddock_roof_1_1
Fra:1 Mem:260.92M (Peak 260.92M) | Time:00:00.17 | Mem:0.00M, Peak:0.00M | Scene, ViewLayer | Synchronizing object | Shakedown_paddock_roof_-1_2
Fra:1 Mem:260.92M (Peak 260.92M) | Time:00:00.17 | Mem:0.00M, Peak:0.00M | Scene, ViewLayer | Synchronizing object | Shakedown_paddock_roof_1_2
Fra:1 Mem:260.92M (Peak 260.92M) | Time:00:00.17 | Mem:0.00M, Peak:0.00M | Scene, ViewLayer | Synchronizing object | Shakedown_paddock_roof_1_3
Fra:1 Mem:260.92M (Peak 260.92M) | Time:00:00.17 | Mem:0.00M, Peak:0.00M | Scene, ViewLayer | Synchronizing object | Shakedown_paddock_roof_-1_4
Fra:1 Mem:260.92M (Peak 260.92M) | Time:00:00.17 | Mem:0.00M, Peak:0.00M | Scene, ViewLayer | Synchronizing object | Shakedown_paddock_gable_-1
Fra:1 Mem:260.92M (Peak 260.92M) | Time:00:00.17 | Mem:0.00M, Peak:0.00M | Scene, ViewLayer | Synchronizing object | Shakedown_paddock_door_recess_-1
Fra:1 Mem:260.93M (Peak 260.93M) | Time:00:00.17 | Mem:0.00M, Peak:0.00M | Scene, ViewLayer | Synchronizing object | Shakedown_paddock_roller_door_-1_0
Fra:1 Mem:260.93M (Peak 260.93M) | Time:00:00.17 | Mem:0.00M, Peak:0.00M | Scene, ViewLayer | Synchronizing object | Shakedown_paddock_roller_door_-1_3
Fra:1 Mem:260.93M (Peak 260.93M) | Time:00:00.17 | Mem:0.00M, Peak:0.00M | Scene, ViewLayer | Synchronizing object | Shakedown_paddock_roller_door_-1_4
Fra:1 Mem:260.93M (Peak 260.93M) | Time:00:00.17 | Mem:0.00M, Peak:0.00M | Scene, ViewLayer | Synchronizing object | Shakedown_paddock_roller_door_-1_5
Fra:1 Mem:260.94M (Peak 260.94M) | Time:00:00.17 | Mem:0.00M, Peak:0.00M | Scene, ViewLayer | Synchronizing object | Shakedown_paddock_roller_door_-1_8
Fra:1 Mem:260.94M (Peak 260.94M) | Time:00:00.17 | Mem:0.00M, Peak:0.00M | Scene, ViewLayer | Synchronizing object | Shakedown_paddock_gable_1
Fra:1 Mem:260.95M (Peak 260.95M) | Time:00:00.17 | Mem:0.00M, Peak:0.00M | Scene, ViewLayer | Synchronizing object | Shakedown_paddock_door_recess_1
Fra:1 Mem:260.95M (Peak 260.95M) | Time:00:00.17 | Mem:0.00M, Peak:0.00M | Scene, ViewLayer | Synchronizing object | Shakedown_paddock_roller_door_1_0
Fra:1 Mem:260.95M (Peak 260.95M) | Time:00:00.17 | Mem:0.00M, Peak:0.00M | Scene, ViewLayer | Synchronizing object | Shakedown_paddock_roller_door_1_2
Fra:1 Mem:260.96M (Peak 260.96M) | Time:00:00.17 | Mem:0.00M, Peak:0.00M | Scene, ViewLayer | Synchronizing object | Shakedown_paddock_roller_door_1_5
Fra:1 Mem:260.96M (Peak 260.96M) | Time:00:00.17 | Mem:0.00M, Peak:0.00M | Scene, ViewLayer | Synchronizing object | Shakedown_paddock_roller_door_1_7
Fra:1 Mem:260.96M (Peak 260.96M) | Time:00:00.17 | Mem:0.00M, Peak:0.00M | Scene, ViewLayer | Synchronizing object | Shakedown_paddock_roller_door_1_8
Fra:1 Mem:260.96M (Peak 260.96M) | Time:00:00.17 | Mem:0.00M, Peak:0.00M | Scene, ViewLayer | Synchronizing object | Shakedown_paddock_loading_apron
Fra:1 Mem:260.96M (Peak 260.96M) | Time:00:00.17 | Mem:0.00M, Peak:0.00M | Scene, ViewLayer | Synchronizing object | Shakedown_paddock_loading_canopy
Fra:1 Mem:260.97M (Peak 260.97M) | Time:00:00.17 | Mem:0.00M, Peak:0.00M | Scene, ViewLayer | Synchronizing object | Shakedown_paddock_canopy_post_1
Fra:1 Mem:260.97M (Peak 260.97M) | Time:00:00.17 | Mem:0.00M, Peak:0.00M | Scene, ViewLayer | Synchronizing object | Shakedown_paddock_identity
Fra:1 Mem:260.97M (Peak 260.97M) | Time:00:00.17 | Mem:0.00M, Peak:0.00M | Scene, ViewLayer | Synchronizing object | Cold_storage_body
Fra:1 Mem:260.98M (Peak 260.98M) | Time:00:00.17 | Mem:0.00M, Peak:0.00M | Scene, ViewLayer | Synchronizing object | Cold_storage_plinth
Fra:1 Mem:260.98M (Peak 260.98M) | Time:00:00.17 | Mem:0.00M, Peak:0.00M | Scene, ViewLayer | Synchronizing object | Cold_storage_clerestory_-1_0
Fra:1 Mem:260.98M (Peak 260.98M) | Time:00:00.17 | Mem:0.00M, Peak:0.00M | Scene, ViewLayer | Synchronizing object | Cold_storage_side_panel_-1_1
Fra:1 Mem:260.98M (Peak 260.98M) | Time:00:00.17 | Mem:0.00M, Peak:0.00M | Scene, ViewLayer | Synchronizing object | Cold_storage_clerestory_-1_1
Fra:1 Mem:260.98M (Peak 260.98M) | Time:00:00.17 | Mem:0.00M, Peak:0.00M | Scene, ViewLayer | Synchronizing object | Cold_storage_side_panel_-1_2
Fra:1 Mem:260.98M (Peak 260.98M) | Time:00:00.17 | Mem:0.00M, Peak:0.00M | Scene, ViewLayer | Synchronizing object | Cold_storage_clerestory_-1_2
Fra:1 Mem:260.98M (Peak 260.98M) | Time:00:00.17 | Mem:0.00M, Peak:0.00M | Scene, ViewLayer | Synchronizing object | Cold_storage_side_panel_-1_3
Fra:1 Mem:260.99M (Peak 260.99M) | Time:00:00.17 | Mem:0.00M, Peak:0.00M | Scene, ViewLayer | Synchronizing object | Cold_storage_clerestory_-1_3
Fra:1 Mem:260.99M (Peak 260.99M) | Time:00:00.17 | Mem:0.00M, Peak:0.00M | Scene, ViewLayer | Synchronizing object | Cold_storage_side_panel_-1_5
Fra:1 Mem:260.99M (Peak 260.99M) | Time:00:00.17 | Mem:0.00M, Peak:0.00M | Scene, ViewLayer | Synchronizing object | Cold_storage_side_panel_-1_6
Fra:1 Mem:260.99M (Peak 260.99M) | Time:00:00.17 | Mem:0.00M, Peak:0.00M | Scene, ViewLayer | Synchronizing object | Cold_storage_side_panel_-1_7
Fra:1 Mem:261.00M (Peak 261.00M) | Time:00:00.17 | Mem:0.00M, Peak:0.00M | Scene, ViewLayer | Synchronizing object | Cold_storage_clerestory_-1_7
Fra:1 Mem:261.00M (Peak 261.00M) | Time:00:00.17 | Mem:0.00M, Peak:0.00M | Scene, ViewLayer | Synchronizing object | Cold_storage_side_panel_-1_8
Fra:1 Mem:261.04M (Peak 261.04M) | Time:00:00.17 | Mem:0.00M, Peak:0.00M | Scene, ViewLayer | Synchronizing object | Cold_storage_clerestory_-1_8
Fra:1 Mem:261.12M (Peak 261.12M) | Time:00:00.17 | Mem:0.00M, Peak:0.00M | Scene, ViewLayer | Synchronizing object | Cold_storage_column_-1_0
Fra:1 Mem:261.23M (Peak 261.23M) | Time:00:00.17 | Mem:0.00M, Peak:0.00M | Scene, ViewLayer | Synchronizing object | Cold_storage_column_-1_6
Fra:1 Mem:261.23M (Peak 261.23M) | Time:00:00.17 | Mem:0.00M, Peak:0.00M | Scene, ViewLayer | Synchronizing object | Cold_storage_column_-1_12
Fra:1 Mem:261.29M (Peak 261.29M) | Time:00:00.17 | Mem:0.00M, Peak:0.00M | Scene, ViewLayer | Synchronizing object | Cold_storage_column_-1_18
Fra:1 Mem:261.29M (Peak 261.29M) | Time:00:00.17 | Mem:0.00M, Peak:0.00M | Scene, ViewLayer | Synchronizing object | Cold_storage_clerestory_1_0
Fra:1 Mem:261.29M (Peak 261.29M) | Time:00:00.17 | Mem:0.00M, Peak:0.00M | Scene, ViewLayer | Synchronizing object | Cold_storage_side_panel_1_1
Fra:1 Mem:261.29M (Peak 261.29M) | Time:00:00.17 | Mem:0.00M, Peak:0.00M | Scene, ViewLayer | Synchronizing object | Cold_storage_side_panel_1_2
Fra:1 Mem:261.29M (Peak 261.29M) | Time:00:00.17 | Mem:0.00M, Peak:0.00M | Scene, ViewLayer | Synchronizing object | Cold_storage_clerestory_1_2
Fra:1 Mem:261.30M (Peak 261.30M) | Time:00:00.17 | Mem:0.00M, Peak:0.00M | Scene, ViewLayer | Synchronizing object | Cold_storage_side_panel_1_3
Fra:1 Mem:261.30M (Peak 261.30M) | Time:00:00.17 | Mem:0.00M, Peak:0.00M | Scene, ViewLayer | Synchronizing object | Cold_storage_clerestory_1_4
Fra:1 Mem:261.30M (Peak 261.30M) | Time:00:00.17 | Mem:0.00M, Peak:0.00M | Scene, ViewLayer | Synchronizing object | Cold_storage_side_panel_1_5
Fra:1 Mem:261.30M (Peak 261.30M) | Time:00:00.17 | Mem:0.00M, Peak:0.00M | Scene, ViewLayer | Synchronizing object | Cold_storage_clerestory_1_5
Fra:1 Mem:261.35M (Peak 261.35M) | Time:00:00.17 | Mem:0.00M, Peak:0.00M | Scene, ViewLayer | Synchronizing object | Cold_storage_clerestory_1_6
Fra:1 Mem:261.36M (Peak 261.36M) | Time:00:00.17 | Mem:0.00M, Peak:0.00M | Scene, ViewLayer | Synchronizing object | Cold_storage_side_panel_1_7
Fra:1 Mem:261.36M (Peak 261.36M) | Time:00:00.17 | Mem:0.00M, Peak:0.00M | Scene, ViewLayer | Synchronizing object | Cold_storage_clerestory_1_7
Fra:1 Mem:261.43M (Peak 261.43M) | Time:00:00.17 | Mem:0.00M, Peak:0.00M | Scene, ViewLayer | Synchronizing object | Cold_storage_clerestory_1_8
Fra:1 Mem:261.44M (Peak 261.44M) | Time:00:00.17 | Mem:0.00M, Peak:0.00M | Scene, ViewLayer | Synchronizing object | Cold_storage_column_1_0
Fra:1 Mem:261.44M (Peak 261.44M) | Time:00:00.17 | Mem:0.00M, Peak:0.00M | Scene, ViewLayer | Synchronizing object | Cold_storage_column_1_12
Fra:1 Mem:261.44M (Peak 261.44M) | Time:00:00.17 | Mem:0.00M, Peak:0.00M | Scene, ViewLayer | Synchronizing object | Cold_storage_column_1_18
Fra:1 Mem:261.44M (Peak 261.44M) | Time:00:00.17 | Mem:0.00M, Peak:0.00M | Scene, ViewLayer | Synchronizing object | Cold_storage_column_1_30
Fra:1 Mem:261.45M (Peak 261.45M) | Time:00:00.17 | Mem:0.00M, Peak:0.00M | Scene, ViewLayer | Synchronizing object | Cold_storage_column_1_36
Fra:1 Mem:261.45M (Peak 261.45M) | Time:00:00.17 | Mem:0.00M, Peak:0.00M | Scene, ViewLayer | Synchronizing object | Cold_storage_column_1_48
Fra:1 Mem:261.45M (Peak 261.45M) | Time:00:00.17 | Mem:0.00M, Peak:0.00M | Scene, ViewLayer | Synchronizing object | Cold_storage_column_1_54
Fra:1 Mem:261.45M (Peak 261.45M) | Time:00:00.17 | Mem:0.00M, Peak:0.00M | Scene, ViewLayer | Synchronizing object | Cold_storage_roof_-1_0
Fra:1 Mem:261.46M (Peak 261.46M) | Time:00:00.17 | Mem:0.00M, Peak:0.00M | Scene, ViewLayer | Synchronizing object | Cold_storage_roof_-1_1
Fra:1 Mem:261.46M (Peak 261.46M) | Time:00:00.17 | Mem:0.00M, Peak:0.00M | Scene, ViewLayer | Synchronizing object | Cold_storage_roof_1_1
Fra:1 Mem:261.46M (Peak 261.46M) | Time:00:00.17 | Mem:0.00M, Peak:0.00M | Scene, ViewLayer | Synchronizing object | Cold_storage_roof_-1_2
Fra:1 Mem:261.46M (Peak 261.46M) | Time:00:00.17 | Mem:0.00M, Peak:0.00M | Scene, ViewLayer | Synchronizing object | Cold_storage_roof_1_2
Fra:1 Mem:261.47M (Peak 261.47M) | Time:00:00.17 | Mem:0.00M, Peak:0.00M | Scene, ViewLayer | Synchronizing object | Cold_storage_roof_1_3
Fra:1 Mem:261.47M (Peak 261.47M) | Time:00:00.17 | Mem:0.00M, Peak:0.00M | Scene, ViewLayer | Synchronizing object | Cold_storage_roof_-1_4
Fra:1 Mem:261.48M (Peak 261.48M) | Time:00:00.17 | Mem:0.00M, Peak:0.00M | Scene, ViewLayer | Synchronizing object | Cold_storage_roof_1_4
Fra:1 Mem:261.48M (Peak 261.48M) | Time:00:00.17 | Mem:0.00M, Peak:0.00M | Scene, ViewLayer | Synchronizing object | Cold_storage_roof_-1_5
Fra:1 Mem:261.48M (Peak 261.48M) | Time:00:00.17 | Mem:0.00M, Peak:0.00M | Scene, ViewLayer | Synchronizing object | Cold_storage_roof_-1_6
Fra:1 Mem:261.48M (Peak 261.48M) | Time:00:00.17 | Mem:0.00M, Peak:0.00M | Scene, ViewLayer | Synchronizing object | Cold_storage_roof_-1_7
Fra:1 Mem:261.48M (Peak 261.48M) | Time:00:00.17 | Mem:0.00M, Peak:0.00M | Scene, ViewLayer | Synchronizing object | Cold_storage_roof_1_7
Fra:1 Mem:261.49M (Peak 261.49M) | Time:00:00.17 | Mem:0.00M, Peak:0.00M | Scene, ViewLayer | Synchronizing object | Cold_storage_roof_1_8
Fra:1 Mem:261.49M (Peak 261.49M) | Time:00:00.17 | Mem:0.00M, Peak:0.00M | Scene, ViewLayer | Synchronizing object | Cold_storage_gable_-1
Fra:1 Mem:261.49M (Peak 261.49M) | Time:00:00.17 | Mem:0.00M, Peak:0.00M | Scene, ViewLayer | Synchronizing object | Cold_storage_door_recess_-1
Fra:1 Mem:261.49M (Peak 261.49M) | Time:00:00.17 | Mem:0.00M, Peak:0.00M | Scene, ViewLayer | Synchronizing object | Cold_storage_roller_door_-1_0
Fra:1 Mem:261.49M (Peak 261.49M) | Time:00:00.17 | Mem:0.00M, Peak:0.00M | Scene, ViewLayer | Synchronizing object | Cold_storage_roller_door_-1_1
Fra:1 Mem:261.49M (Peak 261.49M) | Time:00:00.17 | Mem:0.00M, Peak:0.00M | Scene, ViewLayer | Synchronizing object | Cold_storage_roller_door_-1_2
Fra:1 Mem:261.50M (Peak 261.50M) | Time:00:00.17 | Mem:0.00M, Peak:0.00M | Scene, ViewLayer | Synchronizing object | Cold_storage_roller_door_-1_5
Fra:1 Mem:261.50M (Peak 261.50M) | Time:00:00.17 | Mem:0.00M, Peak:0.00M | Scene, ViewLayer | Synchronizing object | Cold_storage_roller_door_-1_6
Fra:1 Mem:261.50M (Peak 261.50M) | Time:00:00.17 | Mem:0.00M, Peak:0.00M | Scene, ViewLayer | Synchronizing object | Cold_storage_roller_door_-1_7
Fra:1 Mem:261.50M (Peak 261.50M) | Time:00:00.17 | Mem:0.00M, Peak:0.00M | Scene, ViewLayer | Synchronizing object | Cold_storage_roller_door_-1_8
Fra:1 Mem:261.50M (Peak 261.50M) | Time:00:00.17 | Mem:0.00M, Peak:0.00M | Scene, ViewLayer | Synchronizing object | Cold_storage_door_header_-1
Fra:1 Mem:261.50M (Peak 261.50M) | Time:00:00.17 | Mem:0.00M, Peak:0.00M | Scene, ViewLayer | Synchronizing object | Cold_storage_door_recess_1
Fra:1 Mem:261.50M (Peak 261.50M) | Time:00:00.17 | Mem:0.00M, Peak:0.00M | Scene, ViewLayer | Synchronizing object | Cold_storage_roller_door_1_0
Fra:1 Mem:261.51M (Peak 261.51M) | Time:00:00.17 | Mem:0.00M, Peak:0.00M | Scene, ViewLayer | Synchronizing object | Cold_storage_roller_door_1_2
Fra:1 Mem:261.51M (Peak 261.51M) | Time:00:00.17 | Mem:0.00M, Peak:0.00M | Scene, ViewLayer | Synchronizing object | Cold_storage_roller_door_1_3
Fra:1 Mem:261.51M (Peak 261.51M) | Time:00:00.17 | Mem:0.00M, Peak:0.00M | Scene, ViewLayer | Synchronizing object | Cold_storage_roller_door_1_4
Fra:1 Mem:261.51M (Peak 261.51M) | Time:00:00.17 | Mem:0.00M, Peak:0.00M | Scene, ViewLayer | Synchronizing object | Cold_storage_roller_door_1_5
Fra:1 Mem:261.52M (Peak 261.52M) | Time:00:00.17 | Mem:0.00M, Peak:0.00M | Scene, ViewLayer | Synchronizing object | Cold_storage_roller_door_1_7
Fra:1 Mem:261.52M (Peak 261.52M) | Time:00:00.17 | Mem:0.00M, Peak:0.00M | Scene, ViewLayer | Synchronizing object | Cold_storage_door_header_1
Fra:1 Mem:261.52M (Peak 261.52M) | Time:00:00.17 | Mem:0.00M, Peak:0.00M | Scene, ViewLayer | Synchronizing object | Cold_storage_loading_apron
Fra:1 Mem:261.52M (Peak 261.52M) | Time:00:00.17 | Mem:0.00M, Peak:0.00M | Scene, ViewLayer | Synchronizing object | Cold_storage_loading_canopy
Fra:1 Mem:261.52M (Peak 261.52M) | Time:00:00.17 | Mem:0.00M, Peak:0.00M | Scene, ViewLayer | Synchronizing object | Cold_storage_canopy_post_-1
Fra:1 Mem:261.52M (Peak 261.52M) | Time:00:00.17 | Mem:0.00M, Peak:0.00M | Scene, ViewLayer | Synchronizing object | Cold_storage_canopy_post_1
Fra:1 Mem:261.53M (Peak 261.53M) | Time:00:00.17 | Mem:0.00M, Peak:0.00M | Scene, ViewLayer | Synchronizing object | Cold_storage_identity
Fra:1 Mem:261.53M (Peak 261.53M) | Time:00:00.17 | Mem:0.00M, Peak:0.00M | Scene, ViewLayer | Synchronizing object | Dock_supply_body
Fra:1 Mem:261.56M (Peak 261.56M) | Time:00:00.17 | Mem:0.00M, Peak:0.00M | Scene, ViewLayer | Synchronizing object | Dock_supply_plinth
Fra:1 Mem:261.70M (Peak 261.70M) | Time:00:00.17 | Mem:0.00M, Peak:0.00M | Scene, ViewLayer | Synchronizing object | Dock_supply_side_panel_-1_0
Fra:1 Mem:261.75M (Peak 261.75M) | Time:00:00.17 | Mem:0.00M, Peak:0.00M | Scene, ViewLayer | Synchronizing object | Dock_supply_clerestory_-1_0
Fra:1 Mem:261.76M (Peak 261.76M) | Time:00:00.17 | Mem:0.00M, Peak:0.00M | Scene, ViewLayer | Synchronizing object | Dock_supply_side_panel_-1_1
Fra:1 Mem:261.77M (Peak 261.77M) | Time:00:00.17 | Mem:0.00M, Peak:0.00M | Scene, ViewLayer | Synchronizing object | Dock_supply_clerestory_-1_2
Fra:1 Mem:261.81M (Peak 261.81M) | Time:00:00.17 | Mem:0.00M, Peak:0.00M | Scene, ViewLayer | Synchronizing object | Dock_supply_clerestory_-1_3
Fra:1 Mem:261.81M (Peak 261.81M) | Time:00:00.17 | Mem:0.00M, Peak:0.00M | Scene, ViewLayer | Synchronizing object | Dock_supply_side_panel_-1_4
Fra:1 Mem:261.81M (Peak 261.81M) | Time:00:00.17 | Mem:0.00M, Peak:0.00M | Scene, ViewLayer | Synchronizing object | Dock_supply_clerestory_-1_4
Fra:1 Mem:261.81M (Peak 261.81M) | Time:00:00.17 | Mem:0.00M, Peak:0.00M | Scene, ViewLayer | Synchronizing object | Dock_supply_clerestory_-1_5
Fra:1 Mem:261.81M (Peak 261.81M) | Time:00:00.17 | Mem:0.00M, Peak:0.00M | Scene, ViewLayer | Synchronizing object | Dock_supply_side_panel_-1_6
Fra:1 Mem:261.81M (Peak 261.81M) | Time:00:00.17 | Mem:0.00M, Peak:0.00M | Scene, ViewLayer | Synchronizing object | Dock_supply_clerestory_-1_6
Fra:1 Mem:261.85M (Peak 261.85M) | Time:00:00.17 | Mem:0.00M, Peak:0.00M | Scene, ViewLayer | Synchronizing object | Dock_supply_column_-1_12
Fra:1 Mem:261.85M (Peak 261.85M) | Time:00:00.17 | Mem:0.00M, Peak:0.00M | Scene, ViewLayer | Synchronizing object | Dock_supply_column_-1_18
Fra:1 Mem:261.87M (Peak 261.87M) | Time:00:00.17 | Mem:0.00M, Peak:0.00M | Scene, ViewLayer | Synchronizing object | Dock_supply_column_-1_24
Fra:1 Mem:261.94M (Peak 261.94M) | Time:00:00.17 | Mem:0.00M, Peak:0.00M | Scene, ViewLayer | Synchronizing object | Dock_supply_column_-1_30
Fra:1 Mem:262.00M (Peak 262.00M) | Time:00:00.17 | Mem:0.00M, Peak:0.00M | Scene, ViewLayer | Synchronizing object | Dock_supply_side_panel_1_0
Fra:1 Mem:261.94M (Peak 262.00M) | Time:00:00.17 | Mem:0.00M, Peak:0.00M | Scene, ViewLayer | Synchronizing object | Dock_supply_side_panel_1_1
Fra:1 Mem:261.94M (Peak 262.00M) | Time:00:00.17 | Mem:0.00M, Peak:0.00M | Scene, ViewLayer | Synchronizing object | Dock_supply_clerestory_1_1
Fra:1 Mem:261.94M (Peak 262.00M) | Time:00:00.17 | Mem:0.00M, Peak:0.00M | Scene, ViewLayer | Synchronizing object | Dock_supply_side_panel_1_2
Fra:1 Mem:261.95M (Peak 262.00M) | Time:00:00.17 | Mem:0.00M, Peak:0.00M | Scene, ViewLayer | Synchronizing object | Dock_supply_clerestory_1_2
Fra:1 Mem:261.95M (Peak 262.00M) | Time:00:00.17 | Mem:0.00M, Peak:0.00M | Scene, ViewLayer | Synchronizing object | Dock_supply_side_panel_1_3
Fra:1 Mem:261.95M (Peak 262.00M) | Time:00:00.17 | Mem:0.00M, Peak:0.00M | Scene, ViewLayer | Synchronizing object | Dock_supply_clerestory_1_3
Fra:1 Mem:261.95M (Peak 262.00M) | Time:00:00.17 | Mem:0.00M, Peak:0.00M | Scene, ViewLayer | Synchronizing object | Dock_supply_clerestory_1_4
Fra:1 Mem:261.96M (Peak 262.00M) | Time:00:00.17 | Mem:0.00M, Peak:0.00M | Scene, ViewLayer | Synchronizing object | Dock_supply_side_panel_1_5
Fra:1 Mem:261.96M (Peak 262.00M) | Time:00:00.17 | Mem:0.00M, Peak:0.00M | Scene, ViewLayer | Synchronizing object | Dock_supply_clerestory_1_5
Fra:1 Mem:261.97M (Peak 262.00M) | Time:00:00.17 | Mem:0.00M, Peak:0.00M | Scene, ViewLayer | Synchronizing object | Dock_supply_side_panel_1_6
Fra:1 Mem:261.97M (Peak 262.00M) | Time:00:00.17 | Mem:0.00M, Peak:0.00M | Scene, ViewLayer | Synchronizing object | Dock_supply_column_1_0
Fra:1 Mem:261.97M (Peak 262.00M) | Time:00:00.17 | Mem:0.00M, Peak:0.00M | Scene, ViewLayer | Synchronizing object | Dock_supply_column_1_6
Fra:1 Mem:261.97M (Peak 262.00M) | Time:00:00.17 | Mem:0.00M, Peak:0.00M | Scene, ViewLayer | Synchronizing object | Dock_supply_column_1_18
Fra:1 Mem:261.97M (Peak 262.00M) | Time:00:00.17 | Mem:0.00M, Peak:0.00M | Scene, ViewLayer | Synchronizing object | Dock_supply_column_1_24
Fra:1 Mem:261.98M (Peak 262.00M) | Time:00:00.17 | Mem:0.00M, Peak:0.00M | Scene, ViewLayer | Synchronizing object | Dock_supply_column_1_30
Fra:1 Mem:261.99M (Peak 262.00M) | Time:00:00.17 | Mem:0.00M, Peak:0.00M | Scene, ViewLayer | Synchronizing object | Dock_supply_column_1_42
Fra:1 Mem:261.99M (Peak 262.00M) | Time:00:00.17 | Mem:0.00M, Peak:0.00M | Scene, ViewLayer | Synchronizing object | Dock_supply_roof_-1_0
Fra:1 Mem:261.99M (Peak 262.00M) | Time:00:00.17 | Mem:0.00M, Peak:0.00M | Scene, ViewLayer | Synchronizing object | Dock_supply_roof_-1_2
Fra:1 Mem:261.99M (Peak 262.00M) | Time:00:00.17 | Mem:0.00M, Peak:0.00M | Scene, ViewLayer | Synchronizing object | Dock_supply_roof_1_2
Fra:1 Mem:261.99M (Peak 262.00M) | Time:00:00.17 | Mem:0.00M, Peak:0.00M | Scene, ViewLayer | Synchronizing object | Dock_supply_roof_-1_3
Fra:1 Mem:262.00M (Peak 262.00M) | Time:00:00.17 | Mem:0.00M, Peak:0.00M | Scene, ViewLayer | Synchronizing object | Dock_supply_roof_1_3
Fra:1 Mem:262.00M (Peak 262.00M) | Time:00:00.17 | Mem:0.00M, Peak:0.00M | Scene, ViewLayer | Synchronizing object | Dock_supply_roof_-1_4
Fra:1 Mem:262.00M (Peak 262.00M) | Time:00:00.17 | Mem:0.00M, Peak:0.00M | Scene, ViewLayer | Synchronizing object | Dock_supply_roof_1_4
Fra:1 Mem:262.00M (Peak 262.00M) | Time:00:00.17 | Mem:0.00M, Peak:0.00M | Scene, ViewLayer | Synchronizing object | Dock_supply_roof_-1_5
Fra:1 Mem:262.00M (Peak 262.00M) | Time:00:00.17 | Mem:0.00M, Peak:0.00M | Scene, ViewLayer | Synchronizing object | Dock_supply_roof_1_5
Fra:1 Mem:262.00M (Peak 262.00M) | Time:00:00.17 | Mem:0.00M, Peak:0.00M | Scene, ViewLayer | Synchronizing object | Dock_supply_roof_-1_6
Fra:1 Mem:262.00M (Peak 262.00M) | Time:00:00.17 | Mem:0.00M, Peak:0.00M | Scene, ViewLayer | Synchronizing object | Dock_supply_door_recess_-1
Fra:1 Mem:262.01M (Peak 262.01M) | Time:00:00.17 | Mem:0.00M, Peak:0.00M | Scene, ViewLayer | Synchronizing object | Dock_supply_roller_door_-1_0
Fra:1 Mem:262.02M (Peak 262.02M) | Time:00:00.17 | Mem:0.00M, Peak:0.00M | Scene, ViewLayer | Synchronizing object | Dock_supply_roller_door_-1_3
Fra:1 Mem:262.02M (Peak 262.02M) | Time:00:00.17 | Mem:0.00M, Peak:0.00M | Scene, ViewLayer | Synchronizing object | Dock_supply_roller_door_-1_5
Fra:1 Mem:262.02M (Peak 262.02M) | Time:00:00.17 | Mem:0.00M, Peak:0.00M | Scene, ViewLayer | Synchronizing object | Dock_supply_roller_door_-1_7
Fra:1 Mem:262.02M (Peak 262.02M) | Time:00:00.17 | Mem:0.00M, Peak:0.00M | Scene, ViewLayer | Synchronizing object | Dock_supply_door_header_-1
Fra:1 Mem:262.02M (Peak 262.02M) | Time:00:00.17 | Mem:0.00M, Peak:0.00M | Scene, ViewLayer | Synchronizing object | Dock_supply_roller_door_1_0
Fra:1 Mem:262.02M (Peak 262.02M) | Time:00:00.17 | Mem:0.00M, Peak:0.00M | Scene, ViewLayer | Synchronizing object | Dock_supply_roller_door_1_1
Fra:1 Mem:262.03M (Peak 262.03M) | Time:00:00.17 | Mem:0.00M, Peak:0.00M | Scene, ViewLayer | Synchronizing object | Dock_supply_roller_door_1_2
Fra:1 Mem:262.03M (Peak 262.03M) | Time:00:00.17 | Mem:0.00M, Peak:0.00M | Scene, ViewLayer | Synchronizing object | Dock_supply_roller_door_1_3
Fra:1 Mem:262.03M (Peak 262.03M) | Time:00:00.17 | Mem:0.00M, Peak:0.00M | Scene, ViewLayer | Synchronizing object | Dock_supply_roller_door_1_4
Fra:1 Mem:262.03M (Peak 262.03M) | Time:00:00.17 | Mem:0.00M, Peak:0.00M | Scene, ViewLayer | Synchronizing object | Dock_supply_roller_door_1_5
Fra:1 Mem:262.03M (Peak 262.03M) | Time:00:00.17 | Mem:0.00M, Peak:0.00M | Scene, ViewLayer | Synchronizing object | Dock_supply_roller_door_1_6
Fra:1 Mem:262.03M (Peak 262.03M) | Time:00:00.17 | Mem:0.00M, Peak:0.00M | Scene, ViewLayer | Synchronizing object | Dock_supply_roller_door_1_7
Fra:1 Mem:262.03M (Peak 262.03M) | Time:00:00.17 | Mem:0.00M, Peak:0.00M | Scene, ViewLayer | Synchronizing object | Dock_supply_roller_door_1_8
Fra:1 Mem:262.04M (Peak 262.04M) | Time:00:00.17 | Mem:0.00M, Peak:0.00M | Scene, ViewLayer | Synchronizing object | Dock_supply_loading_apron
Fra:1 Mem:262.04M (Peak 262.04M) | Time:00:00.17 | Mem:0.00M, Peak:0.00M | Scene, ViewLayer | Synchronizing object | Dock_supply_loading_canopy
Fra:1 Mem:262.04M (Peak 262.04M) | Time:00:00.17 | Mem:0.00M, Peak:0.00M | Scene, ViewLayer | Synchronizing object | Dock_supply_canopy_post_1
Fra:1 Mem:262.04M (Peak 262.04M) | Time:00:00.17 | Mem:0.00M, Peak:0.00M | Scene, ViewLayer | Synchronizing object | Dock_supply_identity
Fra:1 Mem:262.07M (Peak 262.07M) | Time:00:00.17 | Mem:0.00M, Peak:0.00M | Scene, ViewLayer | Synchronizing object | Port_logistics_plinth
Fra:1 Mem:262.18M (Peak 262.18M) | Time:00:00.17 | Mem:0.00M, Peak:0.00M | Scene, ViewLayer | Synchronizing object | Port_logistics_side_panel_-1_0
Fra:1 Mem:262.23M (Peak 262.23M) | Time:00:00.17 | Mem:0.00M, Peak:0.00M | Scene, ViewLayer | Synchronizing object | Port_logistics_side_panel_-1_1
Fra:1 Mem:262.23M (Peak 262.23M) | Time:00:00.17 | Mem:0.00M, Peak:0.00M | Scene, ViewLayer | Synchronizing object | Port_logistics_clerestory_-1_1
Fra:1 Mem:262.27M (Peak 262.27M) | Time:00:00.17 | Mem:0.00M, Peak:0.00M | Scene, ViewLayer | Synchronizing object | Port_logistics_side_panel_-1_2
Fra:1 Mem:262.27M (Peak 262.27M) | Time:00:00.17 | Mem:0.00M, Peak:0.00M | Scene, ViewLayer | Synchronizing object | Port_logistics_clerestory_-1_2
Fra:1 Mem:262.28M (Peak 262.28M) | Time:00:00.17 | Mem:0.00M, Peak:0.00M | Scene, ViewLayer | Synchronizing object | Port_logistics_side_panel_-1_3
Fra:1 Mem:262.27M (Peak 262.28M) | Time:00:00.17 | Mem:0.00M, Peak:0.00M | Scene, ViewLayer | Synchronizing object | Port_logistics_clerestory_-1_4
Fra:1 Mem:262.28M (Peak 262.28M) | Time:00:00.17 | Mem:0.00M, Peak:0.00M | Scene, ViewLayer | Synchronizing object | Port_logistics_column_-1_0
Fra:1 Mem:262.28M (Peak 262.28M) | Time:00:00.17 | Mem:0.00M, Peak:0.00M | Scene, ViewLayer | Synchronizing object | Port_logistics_column_-1_6
Fra:1 Mem:262.28M (Peak 262.28M) | Time:00:00.17 | Mem:0.00M, Peak:0.00M | Scene, ViewLayer | Synchronizing object | Port_logistics_column_-1_12
Fra:1 Mem:262.29M (Peak 262.29M) | Time:00:00.17 | Mem:0.00M, Peak:0.00M | Scene, ViewLayer | Synchronizing object | Port_logistics_column_-1_18
Fra:1 Mem:262.29M (Peak 262.29M) | Time:00:00.17 | Mem:0.00M, Peak:0.00M | Scene, ViewLayer | Synchronizing object | Port_logistics_column_-1_30
Fra:1 Mem:262.34M (Peak 262.34M) | Time:00:00.17 | Mem:0.00M, Peak:0.00M | Scene, ViewLayer | Synchronizing object | Port_logistics_clerestory_1_0
Fra:1 Mem:262.34M (Peak 262.34M) | Time:00:00.17 | Mem:0.00M, Peak:0.00M | Scene, ViewLayer | Synchronizing object | Port_logistics_side_panel_1_1
Fra:1 Mem:262.34M (Peak 262.34M) | Time:00:00.17 | Mem:0.00M, Peak:0.00M | Scene, ViewLayer | Synchronizing object | Port_logistics_clerestory_1_1
Fra:1 Mem:262.40M (Peak 262.40M) | Time:00:00.17 | Mem:0.00M, Peak:0.00M | Scene, ViewLayer | Synchronizing object | Port_logistics_side_panel_1_2
Fra:1 Mem:262.40M (Peak 262.40M) | Time:00:00.17 | Mem:0.00M, Peak:0.00M | Scene, ViewLayer | Synchronizing object | Port_logistics_clerestory_1_2
Fra:1 Mem:262.40M (Peak 262.40M) | Time:00:00.17 | Mem:0.00M, Peak:0.00M | Scene, ViewLayer | Synchronizing object | Port_logistics_side_panel_1_3
Fra:1 Mem:262.45M (Peak 262.45M) | Time:00:00.17 | Mem:0.00M, Peak:0.00M | Scene, ViewLayer | Synchronizing object | Port_logistics_clerestory_1_3
Fra:1 Mem:262.40M (Peak 262.45M) | Time:00:00.17 | Mem:0.00M, Peak:0.00M | Scene, ViewLayer | Synchronizing object | Port_logistics_clerestory_1_4
Fra:1 Mem:262.41M (Peak 262.45M) | Time:00:00.17 | Mem:0.00M, Peak:0.00M | Scene, ViewLayer | Synchronizing object | Port_logistics_column_1_0
Fra:1 Mem:262.41M (Peak 262.45M) | Time:00:00.17 | Mem:0.00M, Peak:0.00M | Scene, ViewLayer | Synchronizing object | Port_logistics_column_1_6
Fra:1 Mem:262.41M (Peak 262.45M) | Time:00:00.17 | Mem:0.00M, Peak:0.00M | Scene, ViewLayer | Synchronizing object | Port_logistics_column_1_24
Fra:1 Mem:262.41M (Peak 262.45M) | Time:00:00.17 | Mem:0.00M, Peak:0.00M | Scene, ViewLayer | Synchronizing object | Port_logistics_column_1_30
Fra:1 Mem:262.42M (Peak 262.45M) | Time:00:00.17 | Mem:0.00M, Peak:0.00M | Scene, ViewLayer | Synchronizing object | Port_logistics_roof_-1_0
Fra:1 Mem:262.42M (Peak 262.45M) | Time:00:00.17 | Mem:0.00M, Peak:0.00M | Scene, ViewLayer | Synchronizing object | Port_logistics_roof_-1_1
Fra:1 Mem:262.42M (Peak 262.45M) | Time:00:00.17 | Mem:0.00M, Peak:0.00M | Scene, ViewLayer | Synchronizing object | Port_logistics_roof_-1_2
Fra:1 Mem:262.42M (Peak 262.45M) | Time:00:00.17 | Mem:0.00M, Peak:0.00M | Scene, ViewLayer | Synchronizing object | Port_logistics_roof_1_2
Fra:1 Mem:262.43M (Peak 262.45M) | Time:00:00.17 | Mem:0.00M, Peak:0.00M | Scene, ViewLayer | Synchronizing object | Port_logistics_roof_1_3
Fra:1 Mem:262.43M (Peak 262.45M) | Time:00:00.17 | Mem:0.00M, Peak:0.00M | Scene, ViewLayer | Synchronizing object | Port_logistics_roof_1_4
Fra:1 Mem:262.43M (Peak 262.45M) | Time:00:00.17 | Mem:0.00M, Peak:0.00M | Scene, ViewLayer | Synchronizing object | Port_logistics_door_recess_-1
Fra:1 Mem:262.43M (Peak 262.45M) | Time:00:00.17 | Mem:0.00M, Peak:0.00M | Scene, ViewLayer | Synchronizing object | Port_logistics_roller_door_-1_1
Fra:1 Mem:262.43M (Peak 262.45M) | Time:00:00.17 | Mem:0.00M, Peak:0.00M | Scene, ViewLayer | Synchronizing object | Port_logistics_roller_door_-1_2
Fra:1 Mem:262.44M (Peak 262.45M) | Time:00:00.17 | Mem:0.00M, Peak:0.00M | Scene, ViewLayer | Synchronizing object | Port_logistics_roller_door_-1_3
Fra:1 Mem:262.44M (Peak 262.45M) | Time:00:00.17 | Mem:0.00M, Peak:0.00M | Scene, ViewLayer | Synchronizing object | Port_logistics_roller_door_-1_4
Fra:1 Mem:262.44M (Peak 262.45M) | Time:00:00.17 | Mem:0.00M, Peak:0.00M | Scene, ViewLayer | Synchronizing object | Port_logistics_roller_door_-1_5
Fra:1 Mem:262.45M (Peak 262.45M) | Time:00:00.17 | Mem:0.00M, Peak:0.00M | Scene, ViewLayer | Synchronizing object | Port_logistics_roller_door_-1_6
Fra:1 Mem:262.45M (Peak 262.45M) | Time:00:00.17 | Mem:0.00M, Peak:0.00M | Scene, ViewLayer | Synchronizing object | Port_logistics_roller_door_-1_8
Fra:1 Mem:262.45M (Peak 262.45M) | Time:00:00.17 | Mem:0.00M, Peak:0.00M | Scene, ViewLayer | Synchronizing object | Port_logistics_gable_1
Fra:1 Mem:262.45M (Peak 262.45M) | Time:00:00.17 | Mem:0.00M, Peak:0.00M | Scene, ViewLayer | Synchronizing object | Port_logistics_door_recess_1
Fra:1 Mem:262.46M (Peak 262.46M) | Time:00:00.17 | Mem:0.00M, Peak:0.00M | Scene, ViewLayer | Synchronizing object | Port_logistics_roller_door_1_0
Fra:1 Mem:262.46M (Peak 262.46M) | Time:00:00.17 | Mem:0.00M, Peak:0.00M | Scene, ViewLayer | Synchronizing object | Port_logistics_roller_door_1_1
Fra:1 Mem:262.46M (Peak 262.46M) | Time:00:00.17 | Mem:0.00M, Peak:0.00M | Scene, ViewLayer | Synchronizing object | Port_logistics_roller_door_1_2
Fra:1 Mem:262.46M (Peak 262.46M) | Time:00:00.17 | Mem:0.00M, Peak:0.00M | Scene, ViewLayer | Synchronizing object | Port_logistics_roller_door_1_3
Fra:1 Mem:262.46M (Peak 262.46M) | Time:00:00.17 | Mem:0.00M, Peak:0.00M | Scene, ViewLayer | Synchronizing object | Port_logistics_roller_door_1_5
Fra:1 Mem:262.46M (Peak 262.46M) | Time:00:00.17 | Mem:0.00M, Peak:0.00M | Scene, ViewLayer | Synchronizing object | Port_logistics_roller_door_1_6
Fra:1 Mem:262.46M (Peak 262.46M) | Time:00:00.17 | Mem:0.00M, Peak:0.00M | Scene, ViewLayer | Synchronizing object | Port_logistics_roller_door_1_8
Fra:1 Mem:262.46M (Peak 262.46M) | Time:00:00.17 | Mem:0.00M, Peak:0.00M | Scene, ViewLayer | Synchronizing object | Port_logistics_roller_door_1_7
Fra:1 Mem:262.47M (Peak 262.47M) | Time:00:00.17 | Mem:0.00M, Peak:0.00M | Scene, ViewLayer | Synchronizing object | Port_logistics_door_header_1
Fra:1 Mem:262.47M (Peak 262.47M) | Time:00:00.17 | Mem:0.00M, Peak:0.00M | Scene, ViewLayer | Synchronizing object | Port_logistics_canopy_post_1
Fra:1 Mem:262.48M (Peak 262.48M) | Time:00:00.17 | Mem:0.00M, Peak:0.00M | Scene, ViewLayer | Synchronizing object | Port_logistics_identity
Fra:1 Mem:262.48M (Peak 262.48M) | Time:00:00.17 | Mem:0.00M, Peak:0.00M | Scene, ViewLayer | Synchronizing object | Freight_container_0_0
Fra:1 Mem:262.51M (Peak 262.51M) | Time:00:00.17 | Mem:0.00M, Peak:0.00M | Scene, ViewLayer | Synchronizing object | Container_rib_0_0_0
Fra:1 Mem:262.52M (Peak 262.52M) | Time:00:00.17 | Mem:0.00M, Peak:0.00M | Scene, ViewLayer | Synchronizing object | Container_rib_0_0_1
Fra:1 Mem:262.62M (Peak 262.62M) | Time:00:00.17 | Mem:0.00M, Peak:0.00M | Scene, ViewLayer | Synchronizing object | Container_rib_0_0_2
Fra:1 Mem:262.62M (Peak 262.62M) | Time:00:00.17 | Mem:0.00M, Peak:0.00M | Scene, ViewLayer | Synchronizing object | Container_rib_0_0_3
Fra:1 Mem:262.68M (Peak 262.68M) | Time:00:00.17 | Mem:0.00M, Peak:0.00M | Scene, ViewLayer | Synchronizing object | Container_rib_0_0_6
Fra:1 Mem:262.68M (Peak 262.68M) | Time:00:00.17 | Mem:0.00M, Peak:0.00M | Scene, ViewLayer | Synchronizing object | Container_rib_0_0_7
Fra:1 Mem:262.74M (Peak 262.74M) | Time:00:00.17 | Mem:0.00M, Peak:0.00M | Scene, ViewLayer | Synchronizing object | Container_rib_0_0_8
Fra:1 Mem:262.75M (Peak 262.75M) | Time:00:00.17 | Mem:0.00M, Peak:0.00M | Scene, ViewLayer | Synchronizing object | Container_rib_0_0_9
Fra:1 Mem:262.75M (Peak 262.75M) | Time:00:00.17 | Mem:0.00M, Peak:0.00M | Scene, ViewLayer | Synchronizing object | Container_rib_0_0_10
Fra:1 Mem:262.75M (Peak 262.75M) | Time:00:00.17 | Mem:0.00M, Peak:0.00M | Scene, ViewLayer | Synchronizing object | Container_rib_0_0_11
Fra:1 Mem:262.75M (Peak 262.75M) | Time:00:00.17 | Mem:0.00M, Peak:0.00M | Scene, ViewLayer | Synchronizing object | Container_rib_0_0_12
Fra:1 Mem:262.75M (Peak 262.75M) | Time:00:00.17 | Mem:0.00M, Peak:0.00M | Scene, ViewLayer | Synchronizing object | Freight_container_0_1
Fra:1 Mem:262.76M (Peak 262.76M) | Time:00:00.17 | Mem:0.00M, Peak:0.00M | Scene, ViewLayer | Synchronizing object | Container_rib_0_1_0
Fra:1 Mem:262.81M (Peak 262.81M) | Time:00:00.17 | Mem:0.00M, Peak:0.00M | Scene, ViewLayer | Synchronizing object | Container_rib_0_1_1
Fra:1 Mem:262.82M (Peak 262.82M) | Time:00:00.17 | Mem:0.00M, Peak:0.00M | Scene, ViewLayer | Synchronizing object | Container_rib_0_1_2
Fra:1 Mem:262.82M (Peak 262.82M) | Time:00:00.17 | Mem:0.00M, Peak:0.00M | Scene, ViewLayer | Synchronizing object | Container_rib_0_1_3
Fra:1 Mem:262.81M (Peak 262.82M) | Time:00:00.17 | Mem:0.00M, Peak:0.00M | Scene, ViewLayer | Synchronizing object | Container_rib_0_1_4
Fra:1 Mem:262.81M (Peak 262.82M) | Time:00:00.17 | Mem:0.00M, Peak:0.00M | Scene, ViewLayer | Synchronizing object | Container_rib_0_1_5
Fra:1 Mem:262.81M (Peak 262.82M) | Time:00:00.17 | Mem:0.00M, Peak:0.00M | Scene, ViewLayer | Synchronizing object | Container_rib_0_1_6
Fra:1 Mem:262.81M (Peak 262.82M) | Time:00:00.17 | Mem:0.00M, Peak:0.00M | Scene, ViewLayer | Synchronizing object | Container_rib_0_1_8
Fra:1 Mem:262.81M (Peak 262.82M) | Time:00:00.17 | Mem:0.00M, Peak:0.00M | Scene, ViewLayer | Synchronizing object | Container_rib_0_1_9
Fra:1 Mem:262.81M (Peak 262.82M) | Time:00:00.17 | Mem:0.00M, Peak:0.00M | Scene, ViewLayer | Synchronizing object | Container_rib_0_1_11
Fra:1 Mem:262.87M (Peak 262.87M) | Time:00:00.17 | Mem:0.00M, Peak:0.00M | Scene, ViewLayer | Synchronizing object | Container_rib_0_1_12
Fra:1 Mem:262.87M (Peak 262.87M) | Time:00:00.17 | Mem:0.00M, Peak:0.00M | Scene, ViewLayer | Synchronizing object | Container_rib_1_0_0
Fra:1 Mem:262.87M (Peak 262.87M) | Time:00:00.17 | Mem:0.00M, Peak:0.00M | Scene, ViewLayer | Synchronizing object | Container_rib_1_0_1
Fra:1 Mem:262.87M (Peak 262.87M) | Time:00:00.17 | Mem:0.00M, Peak:0.00M | Scene, ViewLayer | Synchronizing object | Container_rib_1_0_3
Fra:1 Mem:262.89M (Peak 262.89M) | Time:00:00.17 | Mem:0.00M, Peak:0.00M | Scene, ViewLayer | Synchronizing object | Container_rib_1_0_4
Fra:1 Mem:262.89M (Peak 262.89M) | Time:00:00.17 | Mem:0.00M, Peak:0.00M | Scene, ViewLayer | Synchronizing object | Container_rib_1_0_6
Fra:1 Mem:262.97M (Peak 262.97M) | Time:00:00.17 | Mem:0.00M, Peak:0.00M | Scene, ViewLayer | Synchronizing object | Container_rib_1_0_7
Fra:1 Mem:263.02M (Peak 263.02M) | Time:00:00.17 | Mem:0.00M, Peak:0.00M | Scene, ViewLayer | Synchronizing object | Container_rib_1_0_10
Fra:1 Mem:262.97M (Peak 263.02M) | Time:00:00.17 | Mem:0.00M, Peak:0.00M | Scene, ViewLayer | Synchronizing object | Container_rib_1_0_11
Fra:1 Mem:262.97M (Peak 263.02M) | Time:00:00.17 | Mem:0.00M, Peak:0.00M | Scene, ViewLayer | Synchronizing object | Container_rib_1_0_12
Fra:1 Mem:262.97M (Peak 263.02M) | Time:00:00.17 | Mem:0.00M, Peak:0.00M | Scene, ViewLayer | Synchronizing object | Freight_container_2_0
Fra:1 Mem:262.98M (Peak 263.02M) | Time:00:00.17 | Mem:0.00M, Peak:0.00M | Scene, ViewLayer | Synchronizing object | Container_rib_2_0_1
Fra:1 Mem:262.98M (Peak 263.02M) | Time:00:00.17 | Mem:0.00M, Peak:0.00M | Scene, ViewLayer | Synchronizing object | Container_rib_2_0_2
Fra:1 Mem:262.98M (Peak 263.02M) | Time:00:00.17 | Mem:0.00M, Peak:0.00M | Scene, ViewLayer | Synchronizing object | Container_rib_2_0_3
Fra:1 Mem:262.98M (Peak 263.02M) | Time:00:00.17 | Mem:0.00M, Peak:0.00M | Scene, ViewLayer | Synchronizing object | Container_rib_2_0_5
Fra:1 Mem:262.98M (Peak 263.02M) | Time:00:00.17 | Mem:0.00M, Peak:0.00M | Scene, ViewLayer | Synchronizing object | Container_rib_2_0_6
Fra:1 Mem:262.99M (Peak 263.02M) | Time:00:00.17 | Mem:0.00M, Peak:0.00M | Scene, ViewLayer | Synchronizing object | Container_rib_2_0_7
Fra:1 Mem:262.99M (Peak 263.02M) | Time:00:00.17 | Mem:0.00M, Peak:0.00M | Scene, ViewLayer | Synchronizing object | Container_rib_2_0_8
Fra:1 Mem:262.99M (Peak 263.02M) | Time:00:00.17 | Mem:0.00M, Peak:0.00M | Scene, ViewLayer | Synchronizing object | Container_rib_2_0_11
Fra:1 Mem:262.99M (Peak 263.02M) | Time:00:00.17 | Mem:0.00M, Peak:0.00M | Scene, ViewLayer | Synchronizing object | Freight_container_3_0
Fra:1 Mem:263.00M (Peak 263.02M) | Time:00:00.17 | Mem:0.00M, Peak:0.00M | Scene, ViewLayer | Synchronizing object | Container_rib_3_0_0
Fra:1 Mem:263.01M (Peak 263.02M) | Time:00:00.17 | Mem:0.00M, Peak:0.00M | Scene, ViewLayer | Synchronizing object | Container_rib_3_0_6
Fra:1 Mem:263.01M (Peak 263.02M) | Time:00:00.17 | Mem:0.00M, Peak:0.00M | Scene, ViewLayer | Synchronizing object | Container_rib_3_0_7
Fra:1 Mem:263.01M (Peak 263.02M) | Time:00:00.17 | Mem:0.00M, Peak:0.00M | Scene, ViewLayer | Synchronizing object | Container_rib_3_0_8
Fra:1 Mem:263.01M (Peak 263.02M) | Time:00:00.17 | Mem:0.00M, Peak:0.00M | Scene, ViewLayer | Synchronizing object | Container_rib_3_0_9
Fra:1 Mem:263.01M (Peak 263.02M) | Time:00:00.17 | Mem:0.00M, Peak:0.00M | Scene, ViewLayer | Synchronizing object | Container_rib_3_0_11
Fra:1 Mem:263.02M (Peak 263.02M) | Time:00:00.17 | Mem:0.00M, Peak:0.00M | Scene, ViewLayer | Synchronizing object | Freight_container_3_1
Fra:1 Mem:263.02M (Peak 263.02M) | Time:00:00.17 | Mem:0.00M, Peak:0.00M | Scene, ViewLayer | Synchronizing object | Container_rib_3_1_0
Fra:1 Mem:263.02M (Peak 263.02M) | Time:00:00.17 | Mem:0.00M, Peak:0.00M | Scene, ViewLayer | Synchronizing object | Container_rib_3_1_1
Fra:1 Mem:263.02M (Peak 263.02M) | Time:00:00.17 | Mem:0.00M, Peak:0.00M | Scene, ViewLayer | Synchronizing object | Container_rib_3_1_3
Fra:1 Mem:263.03M (Peak 263.03M) | Time:00:00.17 | Mem:0.00M, Peak:0.00M | Scene, ViewLayer | Synchronizing object | Container_rib_3_1_4
Fra:1 Mem:263.03M (Peak 263.03M) | Time:00:00.17 | Mem:0.00M, Peak:0.00M | Scene, ViewLayer | Synchronizing object | Container_rib_3_1_6
Fra:1 Mem:263.03M (Peak 263.03M) | Time:00:00.17 | Mem:0.00M, Peak:0.00M | Scene, ViewLayer | Synchronizing object | Container_rib_3_1_7
Fra:1 Mem:263.03M (Peak 263.03M) | Time:00:00.17 | Mem:0.00M, Peak:0.00M | Scene, ViewLayer | Synchronizing object | Container_rib_3_1_9
Fra:1 Mem:263.04M (Peak 263.04M) | Time:00:00.17 | Mem:0.00M, Peak:0.00M | Scene, ViewLayer | Synchronizing object | Container_rib_3_1_11
Fra:1 Mem:263.04M (Peak 263.04M) | Time:00:00.17 | Mem:0.00M, Peak:0.00M | Scene, ViewLayer | Synchronizing object | Container_rib_3_1_12
Fra:1 Mem:263.04M (Peak 263.04M) | Time:00:00.17 | Mem:0.00M, Peak:0.00M | Scene, ViewLayer | Synchronizing object | Freight_container_4_0
Fra:1 Mem:263.04M (Peak 263.04M) | Time:00:00.17 | Mem:0.00M, Peak:0.00M | Scene, ViewLayer | Synchronizing object | Container_rib_4_0_0
Fra:1 Mem:263.04M (Peak 263.04M) | Time:00:00.17 | Mem:0.00M, Peak:0.00M | Scene, ViewLayer | Synchronizing object | Container_rib_4_0_1
Fra:1 Mem:263.05M (Peak 263.05M) | Time:00:00.17 | Mem:0.00M, Peak:0.00M | Scene, ViewLayer | Synchronizing object | Container_rib_4_0_2
Fra:1 Mem:263.05M (Peak 263.05M) | Time:00:00.17 | Mem:0.00M, Peak:0.00M | Scene, ViewLayer | Synchronizing object | Container_rib_4_0_4
Fra:1 Mem:263.05M (Peak 263.05M) | Time:00:00.17 | Mem:0.00M, Peak:0.00M | Scene, ViewLayer | Synchronizing object | Container_rib_4_0_6
Fra:1 Mem:263.05M (Peak 263.05M) | Time:00:00.17 | Mem:0.00M, Peak:0.00M | Scene, ViewLayer | Synchronizing object | Container_rib_4_0_7
Fra:1 Mem:263.05M (Peak 263.05M) | Time:00:00.17 | Mem:0.00M, Peak:0.00M | Scene, ViewLayer | Synchronizing object | Container_rib_4_0_8
Fra:1 Mem:263.06M (Peak 263.06M) | Time:00:00.17 | Mem:0.00M, Peak:0.00M | Scene, ViewLayer | Synchronizing object | Container_rib_4_0_9
Fra:1 Mem:263.06M (Peak 263.06M) | Time:00:00.17 | Mem:0.00M, Peak:0.00M | Scene, ViewLayer | Synchronizing object | Container_rib_4_0_10
Fra:1 Mem:263.06M (Peak 263.06M) | Time:00:00.17 | Mem:0.00M, Peak:0.00M | Scene, ViewLayer | Synchronizing object | Freight_container_5_0
Fra:1 Mem:263.06M (Peak 263.06M) | Time:00:00.17 | Mem:0.00M, Peak:0.00M | Scene, ViewLayer | Synchronizing object | Container_rib_5_0_0
Fra:1 Mem:263.06M (Peak 263.06M) | Time:00:00.17 | Mem:0.00M, Peak:0.00M | Scene, ViewLayer | Synchronizing object | Container_rib_5_0_1
Fra:1 Mem:263.07M (Peak 263.07M) | Time:00:00.17 | Mem:0.00M, Peak:0.00M | Scene, ViewLayer | Synchronizing object | Container_rib_5_0_2
Fra:1 Mem:263.07M (Peak 263.07M) | Time:00:00.17 | Mem:0.00M, Peak:0.00M | Scene, ViewLayer | Synchronizing object | Container_rib_5_0_3
Fra:1 Mem:263.07M (Peak 263.07M) | Time:00:00.17 | Mem:0.00M, Peak:0.00M | Scene, ViewLayer | Synchronizing object | Container_rib_5_0_4
Fra:1 Mem:263.07M (Peak 263.07M) | Time:00:00.17 | Mem:0.00M, Peak:0.00M | Scene, ViewLayer | Synchronizing object | Container_rib_5_0_5
Fra:1 Mem:263.07M (Peak 263.07M) | Time:00:00.17 | Mem:0.00M, Peak:0.00M | Scene, ViewLayer | Synchronizing object | Container_rib_5_0_6
Fra:1 Mem:263.08M (Peak 263.08M) | Time:00:00.17 | Mem:0.00M, Peak:0.00M | Scene, ViewLayer | Synchronizing object | Container_rib_5_0_7
Fra:1 Mem:263.08M (Peak 263.08M) | Time:00:00.17 | Mem:0.00M, Peak:0.00M | Scene, ViewLayer | Synchronizing object | Container_rib_5_0_10
Fra:1 Mem:263.08M (Peak 263.08M) | Time:00:00.17 | Mem:0.00M, Peak:0.00M | Scene, ViewLayer | Synchronizing object | Freight_container_6_0
Fra:1 Mem:263.09M (Peak 263.09M) | Time:00:00.17 | Mem:0.00M, Peak:0.00M | Scene, ViewLayer | Synchronizing object | Container_rib_6_0_0
Fra:1 Mem:263.09M (Peak 263.09M) | Time:00:00.17 | Mem:0.00M, Peak:0.00M | Scene, ViewLayer | Synchronizing object | Container_rib_6_0_4
Fra:1 Mem:263.09M (Peak 263.09M) | Time:00:00.17 | Mem:0.00M, Peak:0.00M | Scene, ViewLayer | Synchronizing object | Container_rib_6_0_5
Fra:1 Mem:263.10M (Peak 263.10M) | Time:00:00.17 | Mem:0.00M, Peak:0.00M | Scene, ViewLayer | Synchronizing object | Container_rib_6_0_6
Fra:1 Mem:263.10M (Peak 263.10M) | Time:00:00.17 | Mem:0.00M, Peak:0.00M | Scene, ViewLayer | Synchronizing object | Container_rib_6_0_10
Fra:1 Mem:263.10M (Peak 263.10M) | Time:00:00.17 | Mem:0.00M, Peak:0.00M | Scene, ViewLayer | Synchronizing object | Container_rib_6_0_11
Fra:1 Mem:263.10M (Peak 263.10M) | Time:00:00.17 | Mem:0.00M, Peak:0.00M | Scene, ViewLayer | Synchronizing object | Container_rib_6_0_12
Fra:1 Mem:263.10M (Peak 263.10M) | Time:00:00.17 | Mem:0.00M, Peak:0.00M | Scene, ViewLayer | Synchronizing object | Freight_container_6_1
Fra:1 Mem:263.11M (Peak 263.11M) | Time:00:00.17 | Mem:0.00M, Peak:0.00M | Scene, ViewLayer | Synchronizing object | Container_rib_6_1_1
Fra:1 Mem:263.11M (Peak 263.11M) | Time:00:00.17 | Mem:0.00M, Peak:0.00M | Scene, ViewLayer | Synchronizing object | Container_rib_6_1_4
Fra:1 Mem:263.11M (Peak 263.11M) | Time:00:00.17 | Mem:0.00M, Peak:0.00M | Scene, ViewLayer | Synchronizing object | Container_rib_6_1_5
Fra:1 Mem:263.11M (Peak 263.11M) | Time:00:00.17 | Mem:0.00M, Peak:0.00M | Scene, ViewLayer | Synchronizing object | Container_rib_6_1_6
Fra:1 Mem:263.12M (Peak 263.12M) | Time:00:00.17 | Mem:0.00M, Peak:0.00M | Scene, ViewLayer | Synchronizing object | Container_rib_6_1_8
Fra:1 Mem:263.12M (Peak 263.12M) | Time:00:00.17 | Mem:0.00M, Peak:0.00M | Scene, ViewLayer | Synchronizing object | Container_rib_6_1_9
Fra:1 Mem:263.12M (Peak 263.12M) | Time:00:00.17 | Mem:0.00M, Peak:0.00M | Scene, ViewLayer | Synchronizing object | Container_rib_6_1_12
Fra:1 Mem:263.13M (Peak 263.13M) | Time:00:00.17 | Mem:0.00M, Peak:0.00M | Scene, ViewLayer | Synchronizing object | Freight_container_7_0
Fra:1 Mem:263.13M (Peak 263.13M) | Time:00:00.17 | Mem:0.00M, Peak:0.00M | Scene, ViewLayer | Synchronizing object | Container_rib_7_0_0
Fra:1 Mem:263.13M (Peak 263.13M) | Time:00:00.17 | Mem:0.00M, Peak:0.00M | Scene, ViewLayer | Synchronizing object | Container_rib_7_0_3
Fra:1 Mem:263.13M (Peak 263.13M) | Time:00:00.17 | Mem:0.00M, Peak:0.00M | Scene, ViewLayer | Synchronizing object | Container_rib_7_0_4
Fra:1 Mem:263.13M (Peak 263.13M) | Time:00:00.17 | Mem:0.00M, Peak:0.00M | Scene, ViewLayer | Synchronizing object | Container_rib_7_0_5
Fra:1 Mem:263.14M (Peak 263.14M) | Time:00:00.17 | Mem:0.00M, Peak:0.00M | Scene, ViewLayer | Synchronizing object | Container_rib_7_0_6
Fra:1 Mem:263.14M (Peak 263.14M) | Time:00:00.17 | Mem:0.00M, Peak:0.00M | Scene, ViewLayer | Synchronizing object | Container_rib_7_0_7
Fra:1 Mem:263.14M (Peak 263.14M) | Time:00:00.17 | Mem:0.00M, Peak:0.00M | Scene, ViewLayer | Synchronizing object | Container_rib_7_0_11
Fra:1 Mem:263.15M (Peak 263.15M) | Time:00:00.17 | Mem:0.00M, Peak:0.00M | Scene, ViewLayer | Synchronizing object | Container_rib_7_0_12
Fra:1 Mem:263.15M (Peak 263.15M) | Time:00:00.17 | Mem:0.00M, Peak:0.00M | Scene, ViewLayer | Synchronizing object | Freight_container_8_0
Fra:1 Mem:263.15M (Peak 263.15M) | Time:00:00.17 | Mem:0.00M, Peak:0.00M | Scene, ViewLayer | Synchronizing object | Container_rib_8_0_0
Fra:1 Mem:263.16M (Peak 263.16M) | Time:00:00.17 | Mem:0.00M, Peak:0.00M | Scene, ViewLayer | Synchronizing object | Container_rib_8_0_1
Fra:1 Mem:263.16M (Peak 263.16M) | Time:00:00.17 | Mem:0.00M, Peak:0.00M | Scene, ViewLayer | Synchronizing object | Container_rib_8_0_6
Fra:1 Mem:263.17M (Peak 263.17M) | Time:00:00.17 | Mem:0.00M, Peak:0.00M | Scene, ViewLayer | Synchronizing object | Container_rib_8_0_7
Fra:1 Mem:263.17M (Peak 263.17M) | Time:00:00.17 | Mem:0.00M, Peak:0.00M | Scene, ViewLayer | Synchronizing object | Container_rib_8_0_8
Fra:1 Mem:263.17M (Peak 263.17M) | Time:00:00.17 | Mem:0.00M, Peak:0.00M | Scene, ViewLayer | Synchronizing object | Container_rib_8_0_10
Fra:1 Mem:263.18M (Peak 263.18M) | Time:00:00.17 | Mem:0.00M, Peak:0.00M | Scene, ViewLayer | Synchronizing object | Container_rib_8_0_11
Fra:1 Mem:263.18M (Peak 263.18M) | Time:00:00.17 | Mem:0.00M, Peak:0.00M | Scene, ViewLayer | Synchronizing object | Lamp_tapered_mast_0
Fra:1 Mem:263.18M (Peak 263.18M) | Time:00:00.17 | Mem:0.00M, Peak:0.00M | Scene, ViewLayer | Synchronizing object | Lamp_hood_0
Fra:1 Mem:263.18M (Peak 263.18M) | Time:00:00.17 | Mem:0.00M, Peak:0.00M | Scene, ViewLayer | Synchronizing object | Lamp_diffuser_0
Fra:1 Mem:263.19M (Peak 263.19M) | Time:00:00.17 | Mem:0.00M, Peak:0.00M | Scene, ViewLayer | Synchronizing object | Lamp_base_0
Fra:1 Mem:263.19M (Peak 263.19M) | Time:00:00.17 | Mem:0.00M, Peak:0.00M | Scene, ViewLayer | Synchronizing object | Lamp_tapered_mast_1
Fra:1 Mem:263.19M (Peak 263.19M) | Time:00:00.17 | Mem:0.00M, Peak:0.00M | Scene, ViewLayer | Synchronizing object | Lamp_outreach_1
Fra:1 Mem:263.21M (Peak 263.19M) | Time:00:00.17 | Mem:0.00M, Peak:0.00M | Scene, ViewLayer | Synchronizing object | Lamp_hood_1
Fra:1 Mem:263.20M (Peak 263.20M) | Time:00:00.17 | Mem:0.00M, Peak:0.00M | Scene, ViewLayer | Synchronizing object | Lamp_diffuser_1
Fra:1 Mem:263.20M (Peak 263.20M) | Time:00:00.17 | Mem:0.00M, Peak:0.00M | Scene, ViewLayer | Synchronizing object | Lamp_base_1
Fra:1 Mem:263.20M (Peak 263.20M) | Time:00:00.17 | Mem:0.00M, Peak:0.00M | Scene, ViewLayer | Synchronizing object | Lamp_outreach_2
Fra:1 Mem:263.20M (Peak 263.20M) | Time:00:00.17 | Mem:0.00M, Peak:0.00M | Scene, ViewLayer | Synchronizing object | Lamp_hood_2
Fra:1 Mem:263.20M (Peak 263.20M) | Time:00:00.17 | Mem:0.00M, Peak:0.00M | Scene, ViewLayer | Synchronizing object | Lamp_diffuser_2
Fra:1 Mem:263.21M (Peak 263.21M) | Time:00:00.17 | Mem:0.00M, Peak:0.00M | Scene, ViewLayer | Synchronizing object | Lamp_base_2
Fra:1 Mem:263.21M (Peak 263.21M) | Time:00:00.17 | Mem:0.00M, Peak:0.00M | Scene, ViewLayer | Synchronizing object | Lamp_tapered_mast_3
Fra:1 Mem:263.21M (Peak 263.21M) | Time:00:00.17 | Mem:0.00M, Peak:0.00M | Scene, ViewLayer | Synchronizing object | Lamp_outreach_3
Fra:1 Mem:263.21M (Peak 263.21M) | Time:00:00.17 | Mem:0.00M, Peak:0.00M | Scene, ViewLayer | Synchronizing object | Lamp_hood_3
Fra:1 Mem:263.22M (Peak 263.22M) | Time:00:00.17 | Mem:0.00M, Peak:0.00M | Scene, ViewLayer | Synchronizing object | Lamp_diffuser_3
Fra:1 Mem:263.22M (Peak 263.22M) | Time:00:00.17 | Mem:0.00M, Peak:0.00M | Scene, ViewLayer | Synchronizing object | Lamp_base_3
Fra:1 Mem:263.22M (Peak 263.22M) | Time:00:00.17 | Mem:0.00M, Peak:0.00M | Scene, ViewLayer | Synchronizing object | Lamp_tapered_mast_4
Fra:1 Mem:263.22M (Peak 263.22M) | Time:00:00.17 | Mem:0.00M, Peak:0.00M | Scene, ViewLayer | Synchronizing object | Lamp_hood_4
Fra:1 Mem:263.22M (Peak 263.22M) | Time:00:00.17 | Mem:0.00M, Peak:0.00M | Scene, ViewLayer | Synchronizing object | Lamp_diffuser_4
Fra:1 Mem:263.22M (Peak 263.22M) | Time:00:00.17 | Mem:0.00M, Peak:0.00M | Scene, ViewLayer | Synchronizing object | Lamp_tapered_mast_5
Fra:1 Mem:263.23M (Peak 263.23M) | Time:00:00.17 | Mem:0.00M, Peak:0.00M | Scene, ViewLayer | Synchronizing object | Lamp_outreach_5
Fra:1 Mem:263.23M (Peak 263.23M) | Time:00:00.17 | Mem:0.00M, Peak:0.00M | Scene, ViewLayer | Synchronizing object | Lamp_diffuser_5
Fra:1 Mem:263.23M (Peak 263.23M) | Time:00:00.17 | Mem:0.00M, Peak:0.00M | Scene, ViewLayer | Synchronizing object | Lamp_base_5
Fra:1 Mem:263.24M (Peak 263.24M) | Time:00:00.17 | Mem:0.00M, Peak:0.00M | Scene, ViewLayer | Synchronizing object | Lamp_tapered_mast_6
Fra:1 Mem:263.24M (Peak 263.24M) | Time:00:00.17 | Mem:0.00M, Peak:0.00M | Scene, ViewLayer | Synchronizing object | Lamp_outreach_6
Fra:1 Mem:263.24M (Peak 263.24M) | Time:00:00.17 | Mem:0.00M, Peak:0.00M | Scene, ViewLayer | Synchronizing object | Lamp_hood_6
Fra:1 Mem:263.24M (Peak 263.24M) | Time:00:00.17 | Mem:0.00M, Peak:0.00M | Scene, ViewLayer | Synchronizing object | Lamp_diffuser_6
Fra:1 Mem:263.24M (Peak 263.24M) | Time:00:00.17 | Mem:0.00M, Peak:0.00M | Scene, ViewLayer | Synchronizing object | Lamp_outreach_7
Fra:1 Mem:263.25M (Peak 263.25M) | Time:00:00.18 | Mem:0.00M, Peak:0.00M | Scene, ViewLayer | Synchronizing object | Lamp_hood_7
Fra:1 Mem:263.25M (Peak 263.25M) | Time:00:00.18 | Mem:0.00M, Peak:0.00M | Scene, ViewLayer | Synchronizing object | Lamp_diffuser_7
Fra:1 Mem:263.25M (Peak 263.25M) | Time:00:00.18 | Mem:0.00M, Peak:0.00M | Scene, ViewLayer | Synchronizing object | Lamp_base_7
Fra:1 Mem:263.26M (Peak 263.26M) | Time:00:00.18 | Mem:0.00M, Peak:0.00M | Scene, ViewLayer | Synchronizing object | Lamp_tapered_mast_8
Fra:1 Mem:263.26M (Peak 263.26M) | Time:00:00.18 | Mem:0.00M, Peak:0.00M | Scene, ViewLayer | Synchronizing object | Lamp_base_8
Fra:1 Mem:263.26M (Peak 263.26M) | Time:00:00.18 | Mem:0.00M, Peak:0.00M | Scene, ViewLayer | Synchronizing object | Lamp_tapered_mast_9
Fra:1 Mem:263.26M (Peak 263.26M) | Time:00:00.18 | Mem:0.00M, Peak:0.00M | Scene, ViewLayer | Synchronizing object | Lamp_outreach_9
Fra:1 Mem:263.27M (Peak 263.27M) | Time:00:00.18 | Mem:0.00M, Peak:0.00M | Scene, ViewLayer | Synchronizing object | Lamp_diffuser_9
Fra:1 Mem:263.27M (Peak 263.27M) | Time:00:00.18 | Mem:0.00M, Peak:0.00M | Scene, ViewLayer | Synchronizing object | Lamp_base_9
Fra:1 Mem:263.27M (Peak 263.27M) | Time:00:00.18 | Mem:0.00M, Peak:0.00M | Scene, ViewLayer | Synchronizing object | Lamp_tapered_mast_10
Fra:1 Mem:263.27M (Peak 263.27M) | Time:00:00.18 | Mem:0.00M, Peak:0.00M | Scene, ViewLayer | Synchronizing object | Lamp_hood_10
Fra:1 Mem:263.27M (Peak 263.27M) | Time:00:00.18 | Mem:0.00M, Peak:0.00M | Scene, ViewLayer | Synchronizing object | Lamp_diffuser_10
Fra:1 Mem:263.27M (Peak 263.27M) | Time:00:00.18 | Mem:0.00M, Peak:0.00M | Scene, ViewLayer | Synchronizing object | Lamp_base_10
Fra:1 Mem:263.28M (Peak 263.28M) | Time:00:00.18 | Mem:0.00M, Peak:0.00M | Scene, ViewLayer | Synchronizing object | Lamp_outreach_11
Fra:1 Mem:263.28M (Peak 263.28M) | Time:00:00.18 | Mem:0.00M, Peak:0.00M | Scene, ViewLayer | Synchronizing object | Lamp_hood_11
Fra:1 Mem:263.28M (Peak 263.28M) | Time:00:00.18 | Mem:0.00M, Peak:0.00M | Scene, ViewLayer | Synchronizing object | Lamp_diffuser_11
Fra:1 Mem:263.29M (Peak 263.29M) | Time:00:00.18 | Mem:0.00M, Peak:0.00M | Scene, ViewLayer | Synchronizing object | Lamp_base_11
Fra:1 Mem:263.29M (Peak 263.29M) | Time:00:00.18 | Mem:0.00M, Peak:0.00M | Scene, ViewLayer | Synchronizing object | Lamp_tapered_mast_12
Fra:1 Mem:263.29M (Peak 263.29M) | Time:00:00.18 | Mem:0.00M, Peak:0.00M | Scene, ViewLayer | Synchronizing object | Lamp_hood_12
Fra:1 Mem:263.29M (Peak 263.29M) | Time:00:00.18 | Mem:0.00M, Peak:0.00M | Scene, ViewLayer | Synchronizing object | Lamp_diffuser_12
Fra:1 Mem:263.29M (Peak 263.29M) | Time:00:00.18 | Mem:0.00M, Peak:0.00M | Scene, ViewLayer | Synchronizing object | Lamp_base_12
Fra:1 Mem:263.30M (Peak 263.30M) | Time:00:00.18 | Mem:0.00M, Peak:0.00M | Scene, ViewLayer | Synchronizing object | Lamp_tapered_mast_13
Fra:1 Mem:263.30M (Peak 263.30M) | Time:00:00.18 | Mem:0.00M, Peak:0.00M | Scene, ViewLayer | Synchronizing object | Lamp_outreach_13
Fra:1 Mem:263.30M (Peak 263.30M) | Time:00:00.18 | Mem:0.00M, Peak:0.00M | Scene, ViewLayer | Synchronizing object | Lamp_hood_13
Fra:1 Mem:263.31M (Peak 263.31M) | Time:00:00.18 | Mem:0.00M, Peak:0.00M | Scene, ViewLayer | Synchronizing object | Lamp_diffuser_13
Fra:1 Mem:263.31M (Peak 263.31M) | Time:00:00.18 | Mem:0.00M, Peak:0.00M | Scene, ViewLayer | Synchronizing object | Lamp_outreach_14
Fra:1 Mem:263.31M (Peak 263.31M) | Time:00:00.18 | Mem:0.00M, Peak:0.00M | Scene, ViewLayer | Synchronizing object | Lamp_hood_14
Fra:1 Mem:263.31M (Peak 263.31M) | Time:00:00.18 | Mem:0.00M, Peak:0.00M | Scene, ViewLayer | Synchronizing object | Lamp_diffuser_14
Fra:1 Mem:263.32M (Peak 263.32M) | Time:00:00.18 | Mem:0.00M, Peak:0.00M | Scene, ViewLayer | Synchronizing object | Lamp_base_14
Fra:1 Mem:263.32M (Peak 263.32M) | Time:00:00.18 | Mem:0.00M, Peak:0.00M | Scene, ViewLayer | Synchronizing object | Lamp_tapered_mast_15
Fra:1 Mem:263.32M (Peak 263.32M) | Time:00:00.18 | Mem:0.00M, Peak:0.00M | Scene, ViewLayer | Synchronizing object | Lamp_outreach_15
Fra:1 Mem:263.32M (Peak 263.32M) | Time:00:00.18 | Mem:0.00M, Peak:0.00M | Scene, ViewLayer | Synchronizing object | Lamp_hood_15
Fra:1 Mem:263.33M (Peak 263.33M) | Time:00:00.18 | Mem:0.00M, Peak:0.00M | Scene, ViewLayer | Synchronizing object | Lamp_tapered_mast_16
Fra:1 Mem:263.34M (Peak 263.34M) | Time:00:00.18 | Mem:0.00M, Peak:0.00M | Scene, ViewLayer | Synchronizing object | Lamp_outreach_16
Fra:1 Mem:263.34M (Peak 263.34M) | Time:00:00.18 | Mem:0.00M, Peak:0.00M | Scene, ViewLayer | Synchronizing object | Lamp_hood_16
Fra:1 Mem:263.34M (Peak 263.34M) | Time:00:00.18 | Mem:0.00M, Peak:0.00M | Scene, ViewLayer | Synchronizing object | Lamp_base_16
Fra:1 Mem:263.34M (Peak 263.34M) | Time:00:00.18 | Mem:0.00M, Peak:0.00M | Scene, ViewLayer | Synchronizing object | Lamp_tapered_mast_17
Fra:1 Mem:263.34M (Peak 263.34M) | Time:00:00.18 | Mem:0.00M, Peak:0.00M | Scene, ViewLayer | Synchronizing object | Lamp_outreach_17
Fra:1 Mem:263.35M (Peak 263.35M) | Time:00:00.18 | Mem:0.00M, Peak:0.00M | Scene, ViewLayer | Synchronizing object | Lamp_hood_17
Fra:1 Mem:263.35M (Peak 263.35M) | Time:00:00.18 | Mem:0.00M, Peak:0.00M | Scene, ViewLayer | Synchronizing object | Lamp_diffuser_17
Fra:1 Mem:263.35M (Peak 263.35M) | Time:00:00.18 | Mem:0.00M, Peak:0.00M | Scene, ViewLayer | Synchronizing object | Lamp_base_17
Fra:1 Mem:263.35M (Peak 263.35M) | Time:00:00.18 | Mem:0.00M, Peak:0.00M | Scene, ViewLayer | Synchronizing object | Lamp_tapered_mast_18
Fra:1 Mem:263.35M (Peak 263.35M) | Time:00:00.18 | Mem:0.00M, Peak:0.00M | Scene, ViewLayer | Synchronizing object | Lamp_outreach_18
Fra:1 Mem:263.36M (Peak 263.36M) | Time:00:00.18 | Mem:0.00M, Peak:0.00M | Scene, ViewLayer | Synchronizing object | Lamp_hood_18
Fra:1 Mem:263.36M (Peak 263.36M) | Time:00:00.18 | Mem:0.00M, Peak:0.00M | Scene, ViewLayer | Synchronizing object | Lamp_diffuser_18
Fra:1 Mem:263.36M (Peak 263.36M) | Time:00:00.18 | Mem:0.00M, Peak:0.00M | Scene, ViewLayer | Synchronizing object | Lamp_outreach_19
Fra:1 Mem:263.36M (Peak 263.36M) | Time:00:00.18 | Mem:0.00M, Peak:0.00M | Scene, ViewLayer | Synchronizing object | Lamp_diffuser_19
Fra:1 Mem:263.37M (Peak 263.37M) | Time:00:00.18 | Mem:0.00M, Peak:0.00M | Scene, ViewLayer | Synchronizing object | Lamp_base_19
Fra:1 Mem:263.37M (Peak 263.37M) | Time:00:00.18 | Mem:0.00M, Peak:0.00M | Scene, ViewLayer | Synchronizing object | Lamp_tapered_mast_20
Fra:1 Mem:263.37M (Peak 263.37M) | Time:00:00.18 | Mem:0.00M, Peak:0.00M | Scene, ViewLayer | Synchronizing object | Lamp_hood_20
Fra:1 Mem:263.38M (Peak 263.38M) | Time:00:00.18 | Mem:0.00M, Peak:0.00M | Scene, ViewLayer | Synchronizing object | Lamp_diffuser_20
Fra:1 Mem:263.38M (Peak 263.38M) | Time:00:00.18 | Mem:0.00M, Peak:0.00M | Scene, ViewLayer | Synchronizing object | Lamp_base_20
Fra:1 Mem:263.38M (Peak 263.38M) | Time:00:00.18 | Mem:0.00M, Peak:0.00M | Scene, ViewLayer | Synchronizing object | Lamp_outreach_21
Fra:1 Mem:263.38M (Peak 263.38M) | Time:00:00.18 | Mem:0.00M, Peak:0.00M | Scene, ViewLayer | Synchronizing object | Lamp_hood_21
Fra:1 Mem:263.38M (Peak 263.38M) | Time:00:00.18 | Mem:0.00M, Peak:0.00M | Scene, ViewLayer | Synchronizing object | Lamp_diffuser_21
Fra:1 Mem:263.39M (Peak 263.39M) | Time:00:00.18 | Mem:0.00M, Peak:0.00M | Scene, ViewLayer | Synchronizing object | Lamp_base_21
Fra:1 Mem:263.40M (Peak 263.40M) | Time:00:00.18 | Mem:0.00M, Peak:0.00M | Scene, ViewLayer | Synchronizing object | Lamp_tapered_mast_22
Fra:1 Mem:263.40M (Peak 263.40M) | Time:00:00.18 | Mem:0.00M, Peak:0.00M | Scene, ViewLayer | Synchronizing object | Lamp_hood_22
Fra:1 Mem:263.40M (Peak 263.40M) | Time:00:00.18 | Mem:0.00M, Peak:0.00M | Scene, ViewLayer | Synchronizing object | Lamp_base_22
Fra:1 Mem:263.40M (Peak 263.40M) | Time:00:00.18 | Mem:0.00M, Peak:0.00M | Scene, ViewLayer | Synchronizing object | Lamp_tapered_mast_23
Fra:1 Mem:263.41M (Peak 263.41M) | Time:00:00.18 | Mem:0.00M, Peak:0.00M | Scene, ViewLayer | Synchronizing object | Lamp_outreach_23
Fra:1 Mem:263.41M (Peak 263.41M) | Time:00:00.18 | Mem:0.00M, Peak:0.00M | Scene, ViewLayer | Synchronizing object | Lamp_diffuser_23
Fra:1 Mem:263.41M (Peak 263.41M) | Time:00:00.18 | Mem:0.00M, Peak:0.00M | Scene, ViewLayer | Synchronizing object | Lamp_base_23
Fra:1 Mem:263.42M (Peak 263.42M) | Time:00:00.18 | Mem:0.00M, Peak:0.00M | Scene, ViewLayer | Synchronizing object | Lamp_outreach_24
Fra:1 Mem:263.42M (Peak 263.42M) | Time:00:00.18 | Mem:0.00M, Peak:0.00M | Scene, ViewLayer | Synchronizing object | Lamp_hood_24
Fra:1 Mem:263.42M (Peak 263.42M) | Time:00:00.18 | Mem:0.00M, Peak:0.00M | Scene, ViewLayer | Synchronizing object | Lamp_diffuser_24
Fra:1 Mem:263.42M (Peak 263.42M) | Time:00:00.18 | Mem:0.00M, Peak:0.00M | Scene, ViewLayer | Synchronizing object | Lamp_base_24
Fra:1 Mem:263.43M (Peak 263.43M) | Time:00:00.18 | Mem:0.00M, Peak:0.00M | Scene, ViewLayer | Synchronizing object | Lamp_outreach_25
Fra:1 Mem:263.43M (Peak 263.43M) | Time:00:00.18 | Mem:0.00M, Peak:0.00M | Scene, ViewLayer | Synchronizing object | Lamp_hood_25
Fra:1 Mem:263.44M (Peak 263.44M) | Time:00:00.18 | Mem:0.00M, Peak:0.00M | Scene, ViewLayer | Synchronizing object | Lamp_diffuser_25
Fra:1 Mem:263.44M (Peak 263.44M) | Time:00:00.18 | Mem:0.00M, Peak:0.00M | Scene, ViewLayer | Synchronizing object | Lamp_tapered_mast_26
Fra:1 Mem:263.44M (Peak 263.44M) | Time:00:00.18 | Mem:0.00M, Peak:0.00M | Scene, ViewLayer | Synchronizing object | Lamp_outreach_26
Fra:1 Mem:263.44M (Peak 263.44M) | Time:00:00.18 | Mem:0.00M, Peak:0.00M | Scene, ViewLayer | Synchronizing object | Lamp_hood_26
Fra:1 Mem:263.44M (Peak 263.44M) | Time:00:00.18 | Mem:0.00M, Peak:0.00M | Scene, ViewLayer | Synchronizing object | Lamp_diffuser_26
Fra:1 Mem:263.45M (Peak 263.45M) | Time:00:00.18 | Mem:0.00M, Peak:0.00M | Scene, ViewLayer | Synchronizing object | Lamp_tapered_mast_27
Fra:1 Mem:263.45M (Peak 263.45M) | Time:00:00.18 | Mem:0.00M, Peak:0.00M | Scene, ViewLayer | Synchronizing object | Lamp_outreach_27
Fra:1 Mem:263.45M (Peak 263.45M) | Time:00:00.18 | Mem:0.00M, Peak:0.00M | Scene, ViewLayer | Synchronizing object | Lamp_hood_27
Fra:1 Mem:263.45M (Peak 263.45M) | Time:00:00.18 | Mem:0.00M, Peak:0.00M | Scene, ViewLayer | Synchronizing object | Lamp_diffuser_27
Fra:1 Mem:263.45M (Peak 263.45M) | Time:00:00.18 | Mem:0.00M, Peak:0.00M | Scene, ViewLayer | Synchronizing object | Lamp_base_27
Fra:1 Mem:263.46M (Peak 263.46M) | Time:00:00.18 | Mem:0.00M, Peak:0.00M | Scene, ViewLayer | Synchronizing object | Lamp_tapered_mast_28
Fra:1 Mem:263.46M (Peak 263.46M) | Time:00:00.18 | Mem:0.00M, Peak:0.00M | Scene, ViewLayer | Synchronizing object | Lamp_outreach_28
Fra:1 Mem:263.46M (Peak 263.46M) | Time:00:00.18 | Mem:0.00M, Peak:0.00M | Scene, ViewLayer | Synchronizing object | Lamp_hood_28
Fra:1 Mem:263.46M (Peak 263.46M) | Time:00:00.18 | Mem:0.00M, Peak:0.00M | Scene, ViewLayer | Synchronizing object | Lamp_base_28
Fra:1 Mem:263.48M (Peak 263.46M) | Time:00:00.18 | Mem:0.00M, Peak:0.00M | Scene, ViewLayer | Synchronizing object | Lamp_tapered_mast_29
Fra:1 Mem:263.47M (Peak 263.47M) | Time:00:00.18 | Mem:0.00M, Peak:0.00M | Scene, ViewLayer | Synchronizing object | Lamp_outreach_29
Fra:1 Mem:263.47M (Peak 263.47M) | Time:00:00.18 | Mem:0.00M, Peak:0.00M | Scene, ViewLayer | Synchronizing object | Lamp_hood_29
Fra:1 Mem:263.48M (Peak 263.48M) | Time:00:00.18 | Mem:0.00M, Peak:0.00M | Scene, ViewLayer | Synchronizing object | Lamp_diffuser_29
Fra:1 Mem:263.48M (Peak 263.48M) | Time:00:00.18 | Mem:0.00M, Peak:0.00M | Scene, ViewLayer | Synchronizing object | Lamp_base_29
Fra:1 Mem:263.48M (Peak 263.48M) | Time:00:00.18 | Mem:0.00M, Peak:0.00M | Scene, ViewLayer | Synchronizing object | Lamp_tapered_mast_30
Fra:1 Mem:263.49M (Peak 263.49M) | Time:00:00.18 | Mem:0.00M, Peak:0.00M | Scene, ViewLayer | Synchronizing object | Lamp_diffuser_30
Fra:1 Mem:263.49M (Peak 263.49M) | Time:00:00.18 | Mem:0.00M, Peak:0.00M | Scene, ViewLayer | Synchronizing object | Lamp_tapered_mast_31
Fra:1 Mem:263.50M (Peak 263.50M) | Time:00:00.18 | Mem:0.00M, Peak:0.00M | Scene, ViewLayer | Synchronizing object | Lamp_diffuser_31
Fra:1 Mem:263.50M (Peak 263.50M) | Time:00:00.18 | Mem:0.00M, Peak:0.00M | Scene, ViewLayer | Synchronizing object | Lamp_base_31
Fra:1 Mem:263.50M (Peak 263.50M) | Time:00:00.18 | Mem:0.00M, Peak:0.00M | Scene, ViewLayer | Synchronizing object | Lamp_outreach_32
Fra:1 Mem:263.50M (Peak 263.50M) | Time:00:00.18 | Mem:0.00M, Peak:0.00M | Scene, ViewLayer | Synchronizing object | Lamp_hood_32
Fra:1 Mem:263.50M (Peak 263.50M) | Time:00:00.18 | Mem:0.00M, Peak:0.00M | Scene, ViewLayer | Synchronizing object | Lamp_diffuser_32
Fra:1 Mem:263.51M (Peak 263.51M) | Time:00:00.18 | Mem:0.00M, Peak:0.00M | Scene, ViewLayer | Synchronizing object | Lamp_tapered_mast_33
Fra:1 Mem:263.51M (Peak 263.51M) | Time:00:00.18 | Mem:0.00M, Peak:0.00M | Scene, ViewLayer | Synchronizing object | Lamp_outreach_33
Fra:1 Mem:263.51M (Peak 263.51M) | Time:00:00.18 | Mem:0.00M, Peak:0.00M | Scene, ViewLayer | Synchronizing object | Lamp_hood_33
Fra:1 Mem:263.52M (Peak 263.52M) | Time:00:00.18 | Mem:0.00M, Peak:0.00M | Scene, ViewLayer | Synchronizing object | Lamp_diffuser_33
Fra:1 Mem:263.52M (Peak 263.52M) | Time:00:00.18 | Mem:0.00M, Peak:0.00M | Scene, ViewLayer | Synchronizing object | Lamp_tapered_mast_34
Fra:1 Mem:263.52M (Peak 263.52M) | Time:00:00.18 | Mem:0.00M, Peak:0.00M | Scene, ViewLayer | Synchronizing object | Lamp_outreach_34
Fra:1 Mem:263.52M (Peak 263.52M) | Time:00:00.18 | Mem:0.00M, Peak:0.00M | Scene, ViewLayer | Synchronizing object | Lamp_hood_34
Fra:1 Mem:263.53M (Peak 263.53M) | Time:00:00.18 | Mem:0.00M, Peak:0.00M | Scene, ViewLayer | Synchronizing object | Lamp_diffuser_34
Fra:1 Mem:263.53M (Peak 263.53M) | Time:00:00.18 | Mem:0.00M, Peak:0.00M | Scene, ViewLayer | Synchronizing object | Lamp_base_34
Fra:1 Mem:263.53M (Peak 263.53M) | Time:00:00.18 | Mem:0.00M, Peak:0.00M | Scene, ViewLayer | Synchronizing object | Lamp_outreach_35
Fra:1 Mem:263.53M (Peak 263.53M) | Time:00:00.18 | Mem:0.00M, Peak:0.00M | Scene, ViewLayer | Synchronizing object | Lamp_hood_35
Fra:1 Mem:263.54M (Peak 263.54M) | Time:00:00.18 | Mem:0.00M, Peak:0.00M | Scene, ViewLayer | Synchronizing object | Lamp_base_35
Fra:1 Mem:263.54M (Peak 263.54M) | Time:00:00.18 | Mem:0.00M, Peak:0.00M | Scene, ViewLayer | Synchronizing object | Lamp_diffuser_36
Fra:1 Mem:263.54M (Peak 263.54M) | Time:00:00.18 | Mem:0.00M, Peak:0.00M | Scene, ViewLayer | Synchronizing object | Lamp_base_36
Fra:1 Mem:263.55M (Peak 263.55M) | Time:00:00.18 | Mem:0.00M, Peak:0.00M | Scene, ViewLayer | Synchronizing object | Lamp_tapered_mast_37
Fra:1 Mem:263.55M (Peak 263.55M) | Time:00:00.18 | Mem:0.00M, Peak:0.00M | Scene, ViewLayer | Synchronizing object | Lamp_outreach_37
Fra:1 Mem:263.55M (Peak 263.55M) | Time:00:00.18 | Mem:0.00M, Peak:0.00M | Scene, ViewLayer | Synchronizing object | Lamp_hood_37
Fra:1 Mem:263.55M (Peak 263.55M) | Time:00:00.18 | Mem:0.00M, Peak:0.00M | Scene, ViewLayer | Synchronizing object | Lamp_diffuser_37
Fra:1 Mem:263.56M (Peak 263.56M) | Time:00:00.18 | Mem:0.00M, Peak:0.00M | Scene, ViewLayer | Synchronizing object | Lamp_base_37
Fra:1 Mem:263.56M (Peak 263.56M) | Time:00:00.18 | Mem:0.00M, Peak:0.00M | Scene, ViewLayer | Synchronizing object | Lamp_tapered_mast_38
Fra:1 Mem:263.56M (Peak 263.56M) | Time:00:00.18 | Mem:0.00M, Peak:0.00M | Scene, ViewLayer | Synchronizing object | Lamp_outreach_38
Fra:1 Mem:263.56M (Peak 263.56M) | Time:00:00.18 | Mem:0.00M, Peak:0.00M | Scene, ViewLayer | Synchronizing object | Lamp_hood_38
Fra:1 Mem:263.58M (Peak 263.56M) | Time:00:00.18 | Mem:0.00M, Peak:0.00M | Scene, ViewLayer | Synchronizing object | Lamp_diffuser_38
Fra:1 Mem:263.56M (Peak 263.56M) | Time:00:00.18 | Mem:0.00M, Peak:0.00M | Scene, ViewLayer | Synchronizing object | Promenade_palm_1_tapered_trunk
Fra:1 Mem:263.57M (Peak 263.57M) | Time:00:00.18 | Mem:0.00M, Peak:0.00M | Scene, ViewLayer | Synchronizing object | Promenade_palm_2_tapered_trunk
Fra:1 Mem:263.59M (Peak 263.59M) | Time:00:00.18 | Mem:0.00M, Peak:0.00M | Scene, ViewLayer | Synchronizing object | Promenade_palm_3_tapered_trunk
Fra:1 Mem:263.59M (Peak 263.59M) | Time:00:00.18 | Mem:0.00M, Peak:0.00M | Scene, ViewLayer | Synchronizing object | Promenade_palm_4_tapered_trunk
Fra:1 Mem:263.60M (Peak 263.60M) | Time:00:00.18 | Mem:0.00M, Peak:0.00M | Scene, ViewLayer | Synchronizing object | Promenade_palm_6_tapered_trunk
Fra:1 Mem:263.62M (Peak 263.62M) | Time:00:00.18 | Mem:0.00M, Peak:0.00M | Scene, ViewLayer | Synchronizing object | Promenade_palm_7_tapered_trunk
Fra:1 Mem:263.63M (Peak 263.63M) | Time:00:00.18 | Mem:0.00M, Peak:0.00M | Scene, ViewLayer | Synchronizing object | Promenade_palm_9_tapered_trunk
Fra:1 Mem:263.64M (Peak 263.64M) | Time:00:00.18 | Mem:0.00M, Peak:0.00M | Scene, ViewLayer | Synchronizing object | Promenade_palm_10_tapered_trunk
Fra:1 Mem:263.65M (Peak 263.65M) | Time:00:00.18 | Mem:0.00M, Peak:0.00M | Scene, ViewLayer | Synchronizing object | Circuit_palm_1_tapered_trunk
Fra:1 Mem:263.66M (Peak 263.66M) | Time:00:00.18 | Mem:0.00M, Peak:0.00M | Scene, ViewLayer | Synchronizing object | Circuit_palm_2_tapered_trunk
Fra:1 Mem:263.67M (Peak 263.67M) | Time:00:00.18 | Mem:0.00M, Peak:0.00M | Scene, ViewLayer | Synchronizing object | Circuit_palm_5_tapered_trunk
Fra:1 Mem:263.67M (Peak 263.67M) | Time:00:00.18 | Mem:0.00M, Peak:0.00M | Scene, ViewLayer | Synchronizing object | Circuit_palm_7_tapered_trunk
Fra:1 Mem:263.68M (Peak 263.68M) | Time:00:00.18 | Mem:0.00M, Peak:0.00M | Scene, ViewLayer | Synchronizing object | Circuit_palm_8_tapered_trunk
Fra:1 Mem:263.69M (Peak 263.69M) | Time:00:00.18 | Mem:0.00M, Peak:0.00M | Scene, ViewLayer | Synchronizing object | Circuit_palm_9_tapered_trunk
Fra:1 Mem:263.70M (Peak 263.70M) | Time:00:00.18 | Mem:0.00M, Peak:0.00M | Scene, ViewLayer | Synchronizing object | Circuit_palm_10_tapered_trunk
Fra:1 Mem:263.72M (Peak 263.72M) | Time:00:00.18 | Mem:0.00M, Peak:0.00M | Scene, ViewLayer | Synchronizing object | Circuit_palm_11_tapered_trunk
Fra:1 Mem:263.74M (Peak 263.74M) | Time:00:00.18 | Mem:0.00M, Peak:0.00M | Scene, ViewLayer | Synchronizing object | Circuit_palm_13_tapered_trunk
Fra:1 Mem:263.76M (Peak 263.76M) | Time:00:00.18 | Mem:0.00M, Peak:0.00M | Scene, ViewLayer | Synchronizing object | Circuit_palm_14_tapered_trunk
Fra:1 Mem:263.77M (Peak 263.77M) | Time:00:00.18 | Mem:0.00M, Peak:0.00M | Scene, ViewLayer | Synchronizing object | Circuit_palm_16_tapered_trunk
Fra:1 Mem:263.78M (Peak 263.78M) | Time:00:00.18 | Mem:0.00M, Peak:0.00M | Scene, ViewLayer | Synchronizing object | Circuit_palm_17_tapered_trunk
Fra:1 Mem:263.80M (Peak 263.80M) | Time:00:00.18 | Mem:0.00M, Peak:0.00M | Scene, ViewLayer | Synchronizing object | Circuit_palm_18_tapered_trunk
Fra:1 Mem:263.82M (Peak 263.82M) | Time:00:00.18 | Mem:0.00M, Peak:0.00M | Scene, ViewLayer | Synchronizing object | Circuit_palm_20_tapered_trunk
Fra:1 Mem:263.82M (Peak 263.82M) | Time:00:00.18 | Mem:0.00M, Peak:0.00M | Scene, ViewLayer | Synchronizing object | Circuit_palm_21_tapered_trunk
Fra:1 Mem:263.84M (Peak 263.84M) | Time:00:00.18 | Mem:0.00M, Peak:0.00M | Scene, ViewLayer | Synchronizing object | Circuit_palm_22_tapered_trunk
Fra:1 Mem:263.87M (Peak 263.87M) | Time:00:00.18 | Mem:0.00M, Peak:0.00M | Scene, ViewLayer | Synchronizing object | Circuit_palm_23_tapered_trunk
Fra:1 Mem:263.90M (Peak 263.90M) | Time:00:00.18 | Mem:0.00M, Peak:0.00M | Scene, ViewLayer | Synchronizing object | Circuit_palm_26_tapered_trunk
Fra:1 Mem:263.90M (Peak 263.90M) | Time:00:00.18 | Mem:0.00M, Peak:0.00M | Scene, ViewLayer | Synchronizing object | Circuit_palm_27_tapered_trunk
Fra:1 Mem:263.93M (Peak 263.93M) | Time:00:00.18 | Mem:0.00M, Peak:0.00M | Scene, ViewLayer | Synchronizing object | Circuit_palm_29_tapered_trunk
Fra:1 Mem:263.95M (Peak 263.95M) | Time:00:00.18 | Mem:0.00M, Peak:0.00M | Scene, ViewLayer | Synchronizing object | Circuit_palm_30_tapered_trunk
Fra:1 Mem:263.97M (Peak 263.97M) | Time:00:00.18 | Mem:0.00M, Peak:0.00M | Scene, ViewLayer | Synchronizing object | Circuit_palm_31_tapered_trunk
Fra:1 Mem:263.98M (Peak 263.98M) | Time:00:00.18 | Mem:0.00M, Peak:0.00M | Scene, ViewLayer | Synchronizing object | Circuit_palm_33_tapered_trunk
Fra:1 Mem:263.99M (Peak 263.99M) | Time:00:00.18 | Mem:0.00M, Peak:0.00M | Scene, ViewLayer | Synchronizing object | Circuit_palm_34_tapered_trunk
Fra:1 Mem:264.02M (Peak 264.02M) | Time:00:00.18 | Mem:0.00M, Peak:0.00M | Scene, ViewLayer | Synchronizing object | Circuit_palm_35_tapered_trunk
Fra:1 Mem:264.01M (Peak 264.02M) | Time:00:00.18 | Mem:0.00M, Peak:0.00M | Scene, ViewLayer | Synchronizing object | Circuit_palm_36_tapered_trunk
Fra:1 Mem:264.02M (Peak 264.02M) | Time:00:00.18 | Mem:0.00M, Peak:0.00M | Scene, ViewLayer | Synchronizing object | Circuit_palm_37_tapered_trunk
Fra:1 Mem:264.03M (Peak 264.03M) | Time:00:00.18 | Mem:0.00M, Peak:0.00M | Scene, ViewLayer | Synchronizing object | Circuit_palm_38_tapered_trunk
Fra:1 Mem:264.04M (Peak 264.04M) | Time:00:00.18 | Mem:0.00M, Peak:0.00M | Scene, ViewLayer | Synchronizing object | Circuit_palm_40_tapered_trunk
Fra:1 Mem:264.05M (Peak 264.05M) | Time:00:00.18 | Mem:0.00M, Peak:0.00M | Scene, ViewLayer | Synchronizing object | Circuit_palm_41_tapered_trunk
Fra:1 Mem:264.07M (Peak 264.07M) | Time:00:00.18 | Mem:0.00M, Peak:0.00M | Scene, ViewLayer | Synchronizing object | Circuit_palm_42_tapered_trunk
Fra:1 Mem:264.12M (Peak 264.12M) | Time:00:00.18 | Mem:0.00M, Peak:0.00M | Scene, ViewLayer | Synchronizing object | Circuit_palm_44_tapered_trunk
Fra:1 Mem:264.13M (Peak 264.13M) | Time:00:00.18 | Mem:0.00M, Peak:0.00M | Scene, ViewLayer | Synchronizing object | Circuit_palm_45_tapered_trunk
Fra:1 Mem:264.15M (Peak 264.15M) | Time:00:00.18 | Mem:0.00M, Peak:0.00M | Scene, ViewLayer | Synchronizing object | Circuit_palm_46_tapered_trunk
Fra:1 Mem:264.17M (Peak 264.17M) | Time:00:00.18 | Mem:0.00M, Peak:0.00M | Scene, ViewLayer | Synchronizing object | Circuit_palm_48_tapered_trunk
Fra:1 Mem:264.17M (Peak 264.17M) | Time:00:00.18 | Mem:0.00M, Peak:0.00M | Scene, ViewLayer | Synchronizing object | Circuit_palm_49_tapered_trunk
Fra:1 Mem:264.17M (Peak 264.17M) | Time:00:00.18 | Mem:0.00M, Peak:0.00M | Scene, ViewLayer | Synchronizing object | West_paddock_fence_post0
Fra:1 Mem:264.18M (Peak 264.18M) | Time:00:00.18 | Mem:0.00M, Peak:0.00M | Scene, ViewLayer | Synchronizing object | West_paddock_fence_rail0_0.35
Fra:1 Mem:264.20M (Peak 264.20M) | Time:00:00.18 | Mem:0.00M, Peak:0.00M | Scene, ViewLayer | Synchronizing object | West_paddock_fence_rail0_1.2
Fra:1 Mem:264.20M (Peak 264.20M) | Time:00:00.18 | Mem:0.00M, Peak:0.00M | Scene, ViewLayer | Synchronizing object | West_paddock_fence_rail0_2.2
Fra:1 Mem:264.21M (Peak 264.21M) | Time:00:00.18 | Mem:0.00M, Peak:0.00M | Scene, ViewLayer | Synchronizing object | West_paddock_fence_mesh0_0
Fra:1 Mem:264.22M (Peak 264.22M) | Time:00:00.18 | Mem:0.00M, Peak:0.00M | Scene, ViewLayer | Synchronizing object | West_paddock_fence_mesh0_1
Fra:1 Mem:264.23M (Peak 264.23M) | Time:00:00.18 | Mem:0.00M, Peak:0.00M | Scene, ViewLayer | Synchronizing object | West_paddock_fence_mesh0_4
Fra:1 Mem:264.25M (Peak 264.25M) | Time:00:00.18 | Mem:0.00M, Peak:0.00M | Scene, ViewLayer | Synchronizing object | West_paddock_fence_mesh0_5
Fra:1 Mem:264.26M (Peak 264.26M) | Time:00:00.18 | Mem:0.00M, Peak:0.00M | Scene, ViewLayer | Synchronizing object | West_paddock_fence_mesh0_7
Fra:1 Mem:264.28M (Peak 264.28M) | Time:00:00.18 | Mem:0.00M, Peak:0.00M | Scene, ViewLayer | Synchronizing object | West_paddock_fence_post1
Fra:1 Mem:264.28M (Peak 264.28M) | Time:00:00.18 | Mem:0.00M, Peak:0.00M | Scene, ViewLayer | Synchronizing object | West_paddock_fence_rail1_0.35
Fra:1 Mem:264.30M (Peak 264.30M) | Time:00:00.18 | Mem:0.00M, Peak:0.00M | Scene, ViewLayer | Synchronizing object | West_paddock_fence_rail1_1.2
Fra:1 Mem:264.31M (Peak 264.31M) | Time:00:00.18 | Mem:0.00M, Peak:0.00M | Scene, ViewLayer | Synchronizing object | West_paddock_fence_mesh1_1
Fra:1 Mem:264.33M (Peak 264.33M) | Time:00:00.18 | Mem:0.00M, Peak:0.00M | Scene, ViewLayer | Synchronizing object | West_paddock_fence_mesh1_2
Fra:1 Mem:264.34M (Peak 264.34M) | Time:00:00.18 | Mem:0.00M, Peak:0.00M | Scene, ViewLayer | Synchronizing object | West_paddock_fence_mesh1_5
Fra:1 Mem:264.35M (Peak 264.35M) | Time:00:00.18 | Mem:0.00M, Peak:0.00M | Scene, ViewLayer | Synchronizing object | West_paddock_fence_mesh1_7
Fra:1 Mem:264.36M (Peak 264.36M) | Time:00:00.18 | Mem:0.00M, Peak:0.00M | Scene, ViewLayer | Synchronizing object | West_paddock_fence_post2
Fra:1 Mem:264.38M (Peak 264.38M) | Time:00:00.18 | Mem:0.00M, Peak:0.00M | Scene, ViewLayer | Synchronizing object | West_paddock_fence_rail2_0.35
Fra:1 Mem:264.38M (Peak 264.38M) | Time:00:00.18 | Mem:0.00M, Peak:0.00M | Scene, ViewLayer | Synchronizing object | West_paddock_fence_rail2_2.2
Fra:1 Mem:264.38M (Peak 264.38M) | Time:00:00.18 | Mem:0.00M, Peak:0.00M | Scene, ViewLayer | Synchronizing object | West_paddock_fence_mesh2_0
Fra:1 Mem:264.40M (Peak 264.40M) | Time:00:00.18 | Mem:0.00M, Peak:0.00M | Scene, ViewLayer | Synchronizing object | West_paddock_fence_mesh2_1
Fra:1 Mem:264.40M (Peak 264.40M) | Time:00:00.18 | Mem:0.00M, Peak:0.00M | Scene, ViewLayer | Synchronizing object | West_paddock_fence_mesh2_2
Fra:1 Mem:264.41M (Peak 264.41M) | Time:00:00.18 | Mem:0.00M, Peak:0.00M | Scene, ViewLayer | Synchronizing object | West_paddock_fence_mesh2_4
Fra:1 Mem:264.42M (Peak 264.42M) | Time:00:00.18 | Mem:0.00M, Peak:0.00M | Scene, ViewLayer | Synchronizing object | West_paddock_fence_mesh2_6
Fra:1 Mem:264.42M (Peak 264.42M) | Time:00:00.18 | Mem:0.00M, Peak:0.00M | Scene, ViewLayer | Synchronizing object | West_paddock_fence_mesh2_7
Fra:1 Mem:264.42M (Peak 264.42M) | Time:00:00.18 | Mem:0.00M, Peak:0.00M | Scene, ViewLayer | Synchronizing object | West_paddock_fence_mesh2_8
Fra:1 Mem:264.43M (Peak 264.43M) | Time:00:00.18 | Mem:0.00M, Peak:0.00M | Scene, ViewLayer | Synchronizing object | West_paddock_fence_rail3_1.2
Fra:1 Mem:264.45M (Peak 264.45M) | Time:00:00.18 | Mem:0.00M, Peak:0.00M | Scene, ViewLayer | Synchronizing object | West_paddock_fence_mesh3_1
Fra:1 Mem:264.45M (Peak 264.45M) | Time:00:00.18 | Mem:0.00M, Peak:0.00M | Scene, ViewLayer | Synchronizing object | West_paddock_fence_mesh3_3
Fra:1 Mem:264.45M (Peak 264.45M) | Time:00:00.18 | Mem:0.00M, Peak:0.00M | Scene, ViewLayer | Synchronizing object | West_paddock_fence_mesh3_5
Fra:1 Mem:264.45M (Peak 264.45M) | Time:00:00.18 | Mem:0.00M, Peak:0.00M | Scene, ViewLayer | Synchronizing object | West_paddock_fence_mesh3_6
Fra:1 Mem:264.46M (Peak 264.46M) | Time:00:00.18 | Mem:0.00M, Peak:0.00M | Scene, ViewLayer | Synchronizing object | West_paddock_fence_mesh3_8
Fra:1 Mem:264.46M (Peak 264.46M) | Time:00:00.18 | Mem:0.00M, Peak:0.00M | Scene, ViewLayer | Synchronizing object | West_paddock_fence_rail4_1.2
Fra:1 Mem:264.46M (Peak 264.46M) | Time:00:00.18 | Mem:0.00M, Peak:0.00M | Scene, ViewLayer | Synchronizing object | West_paddock_fence_rail4_2.2
Fra:1 Mem:264.47M (Peak 264.47M) | Time:00:00.18 | Mem:0.00M, Peak:0.00M | Scene, ViewLayer | Synchronizing object | West_paddock_fence_mesh4_0
Fra:1 Mem:264.47M (Peak 264.47M) | Time:00:00.18 | Mem:0.00M, Peak:0.00M | Scene, ViewLayer | Synchronizing object | West_paddock_fence_mesh4_2
Fra:1 Mem:264.47M (Peak 264.47M) | Time:00:00.18 | Mem:0.00M, Peak:0.00M | Scene, ViewLayer | Synchronizing object | West_paddock_fence_mesh4_3
Fra:1 Mem:264.47M (Peak 264.47M) | Time:00:00.18 | Mem:0.00M, Peak:0.00M | Scene, ViewLayer | Synchronizing object | West_paddock_fence_mesh4_4
Fra:1 Mem:264.48M (Peak 264.48M) | Time:00:00.18 | Mem:0.00M, Peak:0.00M | Scene, ViewLayer | Synchronizing object | West_paddock_fence_mesh4_6
Fra:1 Mem:264.48M (Peak 264.48M) | Time:00:00.18 | Mem:0.00M, Peak:0.00M | Scene, ViewLayer | Synchronizing object | West_paddock_fence_mesh4_7
Fra:1 Mem:264.48M (Peak 264.48M) | Time:00:00.18 | Mem:0.00M, Peak:0.00M | Scene, ViewLayer | Synchronizing object | West_paddock_fence_mesh4_8
Fra:1 Mem:264.48M (Peak 264.48M) | Time:00:00.18 | Mem:0.00M, Peak:0.00M | Scene, ViewLayer | Synchronizing object | West_paddock_fence_rail5_0.35
Fra:1 Mem:264.49M (Peak 264.49M) | Time:00:00.18 | Mem:0.00M, Peak:0.00M | Scene, ViewLayer | Synchronizing object | West_paddock_fence_rail5_1.2
Fra:1 Mem:264.49M (Peak 264.49M) | Time:00:00.18 | Mem:0.00M, Peak:0.00M | Scene, ViewLayer | Synchronizing object | West_paddock_fence_rail5_2.2
Fra:1 Mem:264.50M (Peak 264.50M) | Time:00:00.18 | Mem:0.00M, Peak:0.00M | Scene, ViewLayer | Synchronizing object | West_paddock_fence_mesh5_1
Fra:1 Mem:264.50M (Peak 264.50M) | Time:00:00.18 | Mem:0.00M, Peak:0.00M | Scene, ViewLayer | Synchronizing object | West_paddock_fence_mesh5_3
Fra:1 Mem:264.50M (Peak 264.50M) | Time:00:00.18 | Mem:0.00M, Peak:0.00M | Scene, ViewLayer | Synchronizing object | West_paddock_fence_mesh5_4
Fra:1 Mem:264.51M (Peak 264.51M) | Time:00:00.18 | Mem:0.00M, Peak:0.00M | Scene, ViewLayer | Synchronizing object | West_paddock_fence_mesh5_7
Fra:1 Mem:264.51M (Peak 264.51M) | Time:00:00.18 | Mem:0.00M, Peak:0.00M | Scene, ViewLayer | Synchronizing object | West_paddock_fence_post6
Fra:1 Mem:264.51M (Peak 264.51M) | Time:00:00.18 | Mem:0.00M, Peak:0.00M | Scene, ViewLayer | Synchronizing object | West_paddock_fence_rail6_1.2
Fra:1 Mem:264.52M (Peak 264.52M) | Time:00:00.18 | Mem:0.00M, Peak:0.00M | Scene, ViewLayer | Synchronizing object | West_paddock_fence_rail6_2.2
Fra:1 Mem:264.52M (Peak 264.52M) | Time:00:00.18 | Mem:0.00M, Peak:0.00M | Scene, ViewLayer | Synchronizing object | West_paddock_fence_mesh6_2
Fra:1 Mem:264.52M (Peak 264.52M) | Time:00:00.18 | Mem:0.00M, Peak:0.00M | Scene, ViewLayer | Synchronizing object | West_paddock_fence_mesh6_3
Fra:1 Mem:264.53M (Peak 264.53M) | Time:00:00.18 | Mem:0.00M, Peak:0.00M | Scene, ViewLayer | Synchronizing object | West_paddock_fence_mesh6_4
Fra:1 Mem:264.53M (Peak 264.53M) | Time:00:00.18 | Mem:0.00M, Peak:0.00M | Scene, ViewLayer | Synchronizing object | West_paddock_fence_mesh6_5
Fra:1 Mem:264.53M (Peak 264.53M) | Time:00:00.18 | Mem:0.00M, Peak:0.00M | Scene, ViewLayer | Synchronizing object | West_paddock_fence_mesh6_6
Fra:1 Mem:264.54M (Peak 264.54M) | Time:00:00.18 | Mem:0.00M, Peak:0.00M | Scene, ViewLayer | Synchronizing object | West_paddock_fence_mesh6_7
Fra:1 Mem:264.54M (Peak 264.54M) | Time:00:00.18 | Mem:0.00M, Peak:0.00M | Scene, ViewLayer | Synchronizing object | West_paddock_fence_mesh6_8
Fra:1 Mem:264.54M (Peak 264.54M) | Time:00:00.18 | Mem:0.00M, Peak:0.00M | Scene, ViewLayer | Synchronizing object | West_paddock_fence_post7
Fra:1 Mem:264.54M (Peak 264.54M) | Time:00:00.18 | Mem:0.00M, Peak:0.00M | Scene, ViewLayer | Synchronizing object | West_paddock_fence_rail7_0.35
Fra:1 Mem:264.55M (Peak 264.55M) | Time:00:00.18 | Mem:0.00M, Peak:0.00M | Scene, ViewLayer | Synchronizing object | West_paddock_fence_rail7_2.2
Fra:1 Mem:264.56M (Peak 264.56M) | Time:00:00.18 | Mem:0.00M, Peak:0.00M | Scene, ViewLayer | Synchronizing object | West_paddock_fence_mesh7_0
Fra:1 Mem:264.56M (Peak 264.56M) | Time:00:00.18 | Mem:0.00M, Peak:0.00M | Scene, ViewLayer | Synchronizing object | West_paddock_fence_mesh7_1
Fra:1 Mem:264.57M (Peak 264.57M) | Time:00:00.18 | Mem:0.00M, Peak:0.00M | Scene, ViewLayer | Synchronizing object | West_paddock_fence_mesh7_2
Fra:1 Mem:264.57M (Peak 264.57M) | Time:00:00.18 | Mem:0.00M, Peak:0.00M | Scene, ViewLayer | Synchronizing object | West_paddock_fence_mesh7_3
Fra:1 Mem:264.57M (Peak 264.57M) | Time:00:00.18 | Mem:0.00M, Peak:0.00M | Scene, ViewLayer | Synchronizing object | West_paddock_fence_mesh7_5
Fra:1 Mem:264.57M (Peak 264.57M) | Time:00:00.18 | Mem:0.00M, Peak:0.00M | Scene, ViewLayer | Synchronizing object | West_paddock_fence_mesh7_8
Fra:1 Mem:264.58M (Peak 264.58M) | Time:00:00.18 | Mem:0.00M, Peak:0.00M | Scene, ViewLayer | Synchronizing object | West_paddock_fence_post8
Fra:1 Mem:264.58M (Peak 264.58M) | Time:00:00.18 | Mem:0.00M, Peak:0.00M | Scene, ViewLayer | Synchronizing object | West_paddock_fence_rail8_0.35
Fra:1 Mem:264.58M (Peak 264.58M) | Time:00:00.18 | Mem:0.00M, Peak:0.00M | Scene, ViewLayer | Synchronizing object | West_paddock_fence_rail8_2.2
Fra:1 Mem:264.58M (Peak 264.58M) | Time:00:00.18 | Mem:0.00M, Peak:0.00M | Scene, ViewLayer | Synchronizing object | West_paddock_fence_mesh8_0
Fra:1 Mem:264.59M (Peak 264.59M) | Time:00:00.18 | Mem:0.00M, Peak:0.00M | Scene, ViewLayer | Synchronizing object | West_paddock_fence_mesh8_2
Fra:1 Mem:264.59M (Peak 264.59M) | Time:00:00.18 | Mem:0.00M, Peak:0.00M | Scene, ViewLayer | Synchronizing object | West_paddock_fence_mesh8_3
Fra:1 Mem:264.59M (Peak 264.59M) | Time:00:00.18 | Mem:0.00M, Peak:0.00M | Scene, ViewLayer | Synchronizing object | West_paddock_fence_mesh8_5
Fra:1 Mem:264.60M (Peak 264.60M) | Time:00:00.18 | Mem:0.00M, Peak:0.00M | Scene, ViewLayer | Synchronizing object | West_paddock_fence_mesh8_6
Fra:1 Mem:264.60M (Peak 264.60M) | Time:00:00.18 | Mem:0.00M, Peak:0.00M | Scene, ViewLayer | Synchronizing object | West_paddock_fence_mesh8_7
Fra:1 Mem:264.60M (Peak 264.60M) | Time:00:00.18 | Mem:0.00M, Peak:0.00M | Scene, ViewLayer | Synchronizing object | West_paddock_fence_post9
Fra:1 Mem:264.60M (Peak 264.60M) | Time:00:00.18 | Mem:0.00M, Peak:0.00M | Scene, ViewLayer | Synchronizing object | West_paddock_fence_rail9_0.35
Fra:1 Mem:264.61M (Peak 264.61M) | Time:00:00.18 | Mem:0.00M, Peak:0.00M | Scene, ViewLayer | Synchronizing object | West_paddock_fence_rail9_1.2
Fra:1 Mem:264.61M (Peak 264.61M) | Time:00:00.18 | Mem:0.00M, Peak:0.00M | Scene, ViewLayer | Synchronizing object | West_paddock_fence_rail9_2.2
Fra:1 Mem:264.61M (Peak 264.61M) | Time:00:00.18 | Mem:0.00M, Peak:0.00M | Scene, ViewLayer | Synchronizing object | West_paddock_fence_mesh9_0
Fra:1 Mem:264.61M (Peak 264.61M) | Time:00:00.18 | Mem:0.00M, Peak:0.00M | Scene, ViewLayer | Synchronizing object | West_paddock_fence_mesh9_1
Fra:1 Mem:264.62M (Peak 264.62M) | Time:00:00.18 | Mem:0.00M, Peak:0.00M | Scene, ViewLayer | Synchronizing object | West_paddock_fence_mesh9_2
Fra:1 Mem:264.62M (Peak 264.62M) | Time:00:00.18 | Mem:0.00M, Peak:0.00M | Scene, ViewLayer | Synchronizing object | West_paddock_fence_mesh9_5
Fra:1 Mem:264.62M (Peak 264.62M) | Time:00:00.18 | Mem:0.00M, Peak:0.00M | Scene, ViewLayer | Synchronizing object | West_paddock_fence_mesh9_6
Fra:1 Mem:264.63M (Peak 264.63M) | Time:00:00.18 | Mem:0.00M, Peak:0.00M | Scene, ViewLayer | Synchronizing object | West_paddock_fence_mesh9_7
Fra:1 Mem:264.63M (Peak 264.63M) | Time:00:00.18 | Mem:0.00M, Peak:0.00M | Scene, ViewLayer | Synchronizing object | West_paddock_fence_rail10_0.35
Fra:1 Mem:264.63M (Peak 264.63M) | Time:00:00.18 | Mem:0.00M, Peak:0.00M | Scene, ViewLayer | Synchronizing object | West_paddock_fence_rail10_1.2
Fra:1 Mem:264.64M (Peak 264.64M) | Time:00:00.18 | Mem:0.00M, Peak:0.00M | Scene, ViewLayer | Synchronizing object | West_paddock_fence_rail10_2.2
Fra:1 Mem:264.64M (Peak 264.64M) | Time:00:00.18 | Mem:0.00M, Peak:0.00M | Scene, ViewLayer | Synchronizing object | West_paddock_fence_mesh10_1
Fra:1 Mem:264.64M (Peak 264.64M) | Time:00:00.18 | Mem:0.00M, Peak:0.00M | Scene, ViewLayer | Synchronizing object | West_paddock_fence_mesh10_2
Fra:1 Mem:264.64M (Peak 264.64M) | Time:00:00.18 | Mem:0.00M, Peak:0.00M | Scene, ViewLayer | Synchronizing object | West_paddock_fence_mesh10_3
Fra:1 Mem:264.64M (Peak 264.64M) | Time:00:00.18 | Mem:0.00M, Peak:0.00M | Scene, ViewLayer | Synchronizing object | West_paddock_fence_mesh10_4
Fra:1 Mem:264.64M (Peak 264.64M) | Time:00:00.18 | Mem:0.00M, Peak:0.00M | Scene, ViewLayer | Synchronizing object | West_paddock_fence_mesh10_5
Fra:1 Mem:264.64M (Peak 264.64M) | Time:00:00.18 | Mem:0.00M, Peak:0.00M | Scene, ViewLayer | Synchronizing object | West_paddock_fence_mesh10_6
Fra:1 Mem:264.65M (Peak 264.65M) | Time:00:00.18 | Mem:0.00M, Peak:0.00M | Scene, ViewLayer | Synchronizing object | West_paddock_fence_mesh10_7
Fra:1 Mem:264.65M (Peak 264.65M) | Time:00:00.18 | Mem:0.00M, Peak:0.00M | Scene, ViewLayer | Synchronizing object | West_paddock_fence_mesh10_8
Fra:1 Mem:264.65M (Peak 264.65M) | Time:00:00.18 | Mem:0.00M, Peak:0.00M | Scene, ViewLayer | Synchronizing object | West_paddock_fence_post11
Fra:1 Mem:264.66M (Peak 264.66M) | Time:00:00.18 | Mem:0.00M, Peak:0.00M | Scene, ViewLayer | Synchronizing object | West_paddock_fence_rail11_1.2
Fra:1 Mem:264.66M (Peak 264.66M) | Time:00:00.18 | Mem:0.00M, Peak:0.00M | Scene, ViewLayer | Synchronizing object | West_paddock_fence_mesh11_0
Fra:1 Mem:264.66M (Peak 264.66M) | Time:00:00.18 | Mem:0.00M, Peak:0.00M | Scene, ViewLayer | Synchronizing object | West_paddock_fence_mesh11_1
Fra:1 Mem:264.67M (Peak 264.67M) | Time:00:00.18 | Mem:0.00M, Peak:0.00M | Scene, ViewLayer | Synchronizing object | West_paddock_fence_mesh11_2
Fra:1 Mem:264.67M (Peak 264.67M) | Time:00:00.18 | Mem:0.00M, Peak:0.00M | Scene, ViewLayer | Synchronizing object | West_paddock_fence_mesh11_3
Fra:1 Mem:264.67M (Peak 264.67M) | Time:00:00.18 | Mem:0.00M, Peak:0.00M | Scene, ViewLayer | Synchronizing object | West_paddock_fence_mesh11_6
Fra:1 Mem:264.67M (Peak 264.67M) | Time:00:00.18 | Mem:0.00M, Peak:0.00M | Scene, ViewLayer | Synchronizing object | West_paddock_fence_mesh11_8
Fra:1 Mem:264.68M (Peak 264.68M) | Time:00:00.18 | Mem:0.00M, Peak:0.00M | Scene, ViewLayer | Synchronizing object | West_paddock_fence_rail12_0.35
Fra:1 Mem:264.68M (Peak 264.68M) | Time:00:00.18 | Mem:0.00M, Peak:0.00M | Scene, ViewLayer | Synchronizing object | West_paddock_fence_rail12_1.2
Fra:1 Mem:264.69M (Peak 264.69M) | Time:00:00.18 | Mem:0.00M, Peak:0.00M | Scene, ViewLayer | Synchronizing object | West_paddock_fence_rail12_2.2
Fra:1 Mem:264.69M (Peak 264.69M) | Time:00:00.18 | Mem:0.00M, Peak:0.00M | Scene, ViewLayer | Synchronizing object | West_paddock_fence_mesh12_1
Fra:1 Mem:264.69M (Peak 264.69M) | Time:00:00.18 | Mem:0.00M, Peak:0.00M | Scene, ViewLayer | Synchronizing object | West_paddock_fence_mesh12_3
Fra:1 Mem:264.69M (Peak 264.70M) | Time:00:00.18 | Mem:0.00M, Peak:0.00M | Scene, ViewLayer | Synchronizing object | West_paddock_fence_mesh12_4
Fra:1 Mem:264.70M (Peak 264.70M) | Time:00:00.18 | Mem:0.00M, Peak:0.00M | Scene, ViewLayer | Synchronizing object | West_paddock_fence_mesh12_6
Fra:1 Mem:264.70M (Peak 264.70M) | Time:00:00.18 | Mem:0.00M, Peak:0.00M | Scene, ViewLayer | Synchronizing object | West_paddock_fence_mesh12_7
Fra:1 Mem:264.70M (Peak 264.70M) | Time:00:00.18 | Mem:0.00M, Peak:0.00M | Scene, ViewLayer | Synchronizing object | West_paddock_fence_mesh12_8
Fra:1 Mem:264.70M (Peak 264.70M) | Time:00:00.18 | Mem:0.00M, Peak:0.00M | Scene, ViewLayer | Synchronizing object | West_paddock_fence_post13
Fra:1 Mem:264.70M (Peak 264.70M) | Time:00:00.18 | Mem:0.00M, Peak:0.00M | Scene, ViewLayer | Synchronizing object | West_paddock_fence_rail13_0.35
Fra:1 Mem:264.71M (Peak 264.71M) | Time:00:00.18 | Mem:0.00M, Peak:0.00M | Scene, ViewLayer | Synchronizing object | West_paddock_fence_rail13_1.2
Fra:1 Mem:264.71M (Peak 264.71M) | Time:00:00.18 | Mem:0.00M, Peak:0.00M | Scene, ViewLayer | Synchronizing object | West_paddock_fence_rail13_2.2
Fra:1 Mem:264.71M (Peak 264.71M) | Time:00:00.18 | Mem:0.00M, Peak:0.00M | Scene, ViewLayer | Synchronizing object | West_paddock_fence_mesh13_1
Fra:1 Mem:264.71M (Peak 264.71M) | Time:00:00.18 | Mem:0.00M, Peak:0.00M | Scene, ViewLayer | Synchronizing object | West_paddock_fence_mesh13_2
Fra:1 Mem:264.72M (Peak 264.72M) | Time:00:00.18 | Mem:0.00M, Peak:0.00M | Scene, ViewLayer | Synchronizing object | West_paddock_fence_mesh13_3
Fra:1 Mem:264.72M (Peak 264.72M) | Time:00:00.18 | Mem:0.00M, Peak:0.00M | Scene, ViewLayer | Synchronizing object | West_paddock_fence_mesh13_4
Fra:1 Mem:264.72M (Peak 264.72M) | Time:00:00.18 | Mem:0.00M, Peak:0.00M | Scene, ViewLayer | Synchronizing object | West_paddock_fence_mesh13_6
Fra:1 Mem:264.72M (Peak 264.72M) | Time:00:00.18 | Mem:0.00M, Peak:0.00M | Scene, ViewLayer | Synchronizing object | West_paddock_fence_mesh13_7
Fra:1 Mem:264.73M (Peak 264.73M) | Time:00:00.18 | Mem:0.00M, Peak:0.00M | Scene, ViewLayer | Synchronizing object | West_paddock_fence_mesh13_8
Fra:1 Mem:264.73M (Peak 264.73M) | Time:00:00.18 | Mem:0.00M, Peak:0.00M | Scene, ViewLayer | Synchronizing object | West_paddock_fence_post14
Fra:1 Mem:264.73M (Peak 264.73M) | Time:00:00.18 | Mem:0.00M, Peak:0.00M | Scene, ViewLayer | Synchronizing object | West_paddock_fence_mesh14_1
Fra:1 Mem:264.73M (Peak 264.73M) | Time:00:00.18 | Mem:0.00M, Peak:0.00M | Scene, ViewLayer | Synchronizing object | West_paddock_fence_mesh14_2
Fra:1 Mem:264.74M (Peak 264.74M) | Time:00:00.18 | Mem:0.00M, Peak:0.00M | Scene, ViewLayer | Synchronizing object | West_paddock_fence_mesh14_3
Fra:1 Mem:264.74M (Peak 264.74M) | Time:00:00.18 | Mem:0.00M, Peak:0.00M | Scene, ViewLayer | Synchronizing object | West_paddock_fence_mesh14_4
Fra:1 Mem:264.75M (Peak 264.75M) | Time:00:00.18 | Mem:0.00M, Peak:0.00M | Scene, ViewLayer | Synchronizing object | West_paddock_fence_mesh14_5
Fra:1 Mem:264.75M (Peak 264.75M) | Time:00:00.18 | Mem:0.00M, Peak:0.00M | Scene, ViewLayer | Synchronizing object | West_paddock_fence_mesh14_6
Fra:1 Mem:264.75M (Peak 264.75M) | Time:00:00.18 | Mem:0.00M, Peak:0.00M | Scene, ViewLayer | Synchronizing object | West_paddock_fence_mesh14_7
Fra:1 Mem:264.75M (Peak 264.75M) | Time:00:00.18 | Mem:0.00M, Peak:0.00M | Scene, ViewLayer | Synchronizing object | West_paddock_fence_mesh14_8
Fra:1 Mem:264.75M (Peak 264.75M) | Time:00:00.18 | Mem:0.00M, Peak:0.00M | Scene, ViewLayer | Synchronizing object | West_paddock_fence_post15
Fra:1 Mem:264.76M (Peak 264.76M) | Time:00:00.18 | Mem:0.00M, Peak:0.00M | Scene, ViewLayer | Synchronizing object | West_paddock_fence_rail15_2.2
Fra:1 Mem:264.76M (Peak 264.76M) | Time:00:00.18 | Mem:0.00M, Peak:0.00M | Scene, ViewLayer | Synchronizing object | West_paddock_fence_mesh15_0
Fra:1 Mem:264.76M (Peak 264.76M) | Time:00:00.18 | Mem:0.00M, Peak:0.00M | Scene, ViewLayer | Synchronizing object | West_paddock_fence_mesh15_1
Fra:1 Mem:264.77M (Peak 264.77M) | Time:00:00.18 | Mem:0.00M, Peak:0.00M | Scene, ViewLayer | Synchronizing object | West_paddock_fence_mesh15_3
Fra:1 Mem:264.77M (Peak 264.77M) | Time:00:00.18 | Mem:0.00M, Peak:0.00M | Scene, ViewLayer | Synchronizing object | West_paddock_fence_mesh15_4
Fra:1 Mem:264.77M (Peak 264.77M) | Time:00:00.18 | Mem:0.00M, Peak:0.00M | Scene, ViewLayer | Synchronizing object | West_paddock_fence_mesh15_5
Fra:1 Mem:264.78M (Peak 264.78M) | Time:00:00.18 | Mem:0.00M, Peak:0.00M | Scene, ViewLayer | Synchronizing object | West_paddock_fence_mesh15_7
Fra:1 Mem:264.78M (Peak 264.78M) | Time:00:00.18 | Mem:0.00M, Peak:0.00M | Scene, ViewLayer | Synchronizing object | West_paddock_fence_rail16_2.2
Fra:1 Mem:264.78M (Peak 264.78M) | Time:00:00.18 | Mem:0.00M, Peak:0.00M | Scene, ViewLayer | Synchronizing object | West_paddock_fence_mesh16_0
Fra:1 Mem:264.79M (Peak 264.79M) | Time:00:00.18 | Mem:0.00M, Peak:0.00M | Scene, ViewLayer | Synchronizing object | West_paddock_fence_mesh16_3
Fra:1 Mem:264.79M (Peak 264.79M) | Time:00:00.18 | Mem:0.00M, Peak:0.00M | Scene, ViewLayer | Synchronizing object | West_paddock_fence_mesh16_4
Fra:1 Mem:264.80M (Peak 264.80M) | Time:00:00.18 | Mem:0.00M, Peak:0.00M | Scene, ViewLayer | Synchronizing object | West_paddock_fence_mesh16_5
Fra:1 Mem:264.80M (Peak 264.80M) | Time:00:00.18 | Mem:0.00M, Peak:0.00M | Scene, ViewLayer | Synchronizing object | West_paddock_fence_mesh16_7
Fra:1 Mem:264.80M (Peak 264.80M) | Time:00:00.18 | Mem:0.00M, Peak:0.00M | Scene, ViewLayer | Synchronizing object | West_paddock_fence_mesh16_8
Fra:1 Mem:264.80M (Peak 264.80M) | Time:00:00.18 | Mem:0.00M, Peak:0.00M | Scene, ViewLayer | Synchronizing object | West_paddock_fence_post17
Fra:1 Mem:264.80M (Peak 264.80M) | Time:00:00.18 | Mem:0.00M, Peak:0.00M | Scene, ViewLayer | Synchronizing object | West_paddock_fence_rail17_1.2
Fra:1 Mem:264.81M (Peak 264.81M) | Time:00:00.18 | Mem:0.00M, Peak:0.00M | Scene, ViewLayer | Synchronizing object | West_paddock_fence_rail17_2.2
Fra:1 Mem:264.81M (Peak 264.81M) | Time:00:00.18 | Mem:0.00M, Peak:0.00M | Scene, ViewLayer | Synchronizing object | West_paddock_fence_mesh17_0
Fra:1 Mem:264.81M (Peak 264.81M) | Time:00:00.18 | Mem:0.00M, Peak:0.00M | Scene, ViewLayer | Synchronizing object | West_paddock_fence_mesh17_2
Fra:1 Mem:264.82M (Peak 264.82M) | Time:00:00.18 | Mem:0.00M, Peak:0.00M | Scene, ViewLayer | Synchronizing object | West_paddock_fence_mesh17_3
Fra:1 Mem:264.82M (Peak 264.82M) | Time:00:00.18 | Mem:0.00M, Peak:0.00M | Scene, ViewLayer | Synchronizing object | West_paddock_fence_mesh17_4
Fra:1 Mem:264.82M (Peak 264.82M) | Time:00:00.18 | Mem:0.00M, Peak:0.00M | Scene, ViewLayer | Synchronizing object | West_paddock_fence_mesh17_5
Fra:1 Mem:264.82M (Peak 264.82M) | Time:00:00.18 | Mem:0.00M, Peak:0.00M | Scene, ViewLayer | Synchronizing object | West_paddock_fence_mesh17_6
Fra:1 Mem:264.83M (Peak 264.83M) | Time:00:00.18 | Mem:0.00M, Peak:0.00M | Scene, ViewLayer | Synchronizing object | West_paddock_fence_mesh17_7
Fra:1 Mem:264.83M (Peak 264.83M) | Time:00:00.18 | Mem:0.00M, Peak:0.00M | Scene, ViewLayer | Synchronizing object | West_paddock_fence_post18
Fra:1 Mem:264.83M (Peak 264.83M) | Time:00:00.18 | Mem:0.00M, Peak:0.00M | Scene, ViewLayer | Synchronizing object | West_paddock_fence_rail18_0.35
Fra:1 Mem:264.83M (Peak 264.83M) | Time:00:00.18 | Mem:0.00M, Peak:0.00M | Scene, ViewLayer | Synchronizing object | West_paddock_fence_rail18_1.2
Fra:1 Mem:264.84M (Peak 264.84M) | Time:00:00.18 | Mem:0.00M, Peak:0.00M | Scene, ViewLayer | Synchronizing object | West_paddock_fence_mesh18_1
Fra:1 Mem:264.84M (Peak 264.84M) | Time:00:00.18 | Mem:0.00M, Peak:0.00M | Scene, ViewLayer | Synchronizing object | West_paddock_fence_mesh18_2
Fra:1 Mem:264.85M (Peak 264.85M) | Time:00:00.18 | Mem:0.00M, Peak:0.00M | Scene, ViewLayer | Synchronizing object | West_paddock_fence_mesh18_4
Fra:1 Mem:264.85M (Peak 264.85M) | Time:00:00.18 | Mem:0.00M, Peak:0.00M | Scene, ViewLayer | Synchronizing object | West_paddock_fence_mesh18_5
Fra:1 Mem:264.85M (Peak 264.85M) | Time:00:00.18 | Mem:0.00M, Peak:0.00M | Scene, ViewLayer | Synchronizing object | West_paddock_fence_mesh18_7
Fra:1 Mem:264.85M (Peak 264.85M) | Time:00:00.18 | Mem:0.00M, Peak:0.00M | Scene, ViewLayer | Synchronizing object | West_paddock_fence_mesh18_8
Fra:1 Mem:264.86M (Peak 264.86M) | Time:00:00.18 | Mem:0.00M, Peak:0.00M | Scene, ViewLayer | Synchronizing object | West_paddock_fence_post19
Fra:1 Mem:264.86M (Peak 264.86M) | Time:00:00.18 | Mem:0.00M, Peak:0.00M | Scene, ViewLayer | Synchronizing object | West_paddock_fence_rail19_0.35
Fra:1 Mem:264.86M (Peak 264.86M) | Time:00:00.18 | Mem:0.00M, Peak:0.00M | Scene, ViewLayer | Synchronizing object | West_paddock_fence_rail19_1.2
Fra:1 Mem:264.86M (Peak 264.86M) | Time:00:00.18 | Mem:0.00M, Peak:0.00M | Scene, ViewLayer | Synchronizing object | West_paddock_fence_mesh19_0
Fra:1 Mem:264.86M (Peak 264.86M) | Time:00:00.18 | Mem:0.00M, Peak:0.00M | Scene, ViewLayer | Synchronizing object | West_paddock_fence_mesh19_2
Fra:1 Mem:264.87M (Peak 264.87M) | Time:00:00.18 | Mem:0.00M, Peak:0.00M | Scene, ViewLayer | Synchronizing object | West_paddock_fence_mesh19_3
Fra:1 Mem:264.87M (Peak 264.87M) | Time:00:00.18 | Mem:0.00M, Peak:0.00M | Scene, ViewLayer | Synchronizing object | West_paddock_fence_mesh19_5
Fra:1 Mem:264.88M (Peak 264.88M) | Time:00:00.18 | Mem:0.00M, Peak:0.00M | Scene, ViewLayer | Synchronizing object | West_paddock_fence_mesh19_6
Fra:1 Mem:264.88M (Peak 264.88M) | Time:00:00.18 | Mem:0.00M, Peak:0.00M | Scene, ViewLayer | Synchronizing object | West_paddock_fence_mesh19_8
Fra:1 Mem:264.88M (Peak 264.88M) | Time:00:00.18 | Mem:0.00M, Peak:0.00M | Scene, ViewLayer | Synchronizing object | West_paddock_fence_post20
Fra:1 Mem:264.88M (Peak 264.88M) | Time:00:00.18 | Mem:0.00M, Peak:0.00M | Scene, ViewLayer | Synchronizing object | West_paddock_fence_rail20_1.2
Fra:1 Mem:264.88M (Peak 264.88M) | Time:00:00.18 | Mem:0.00M, Peak:0.00M | Scene, ViewLayer | Synchronizing object | West_paddock_fence_rail20_2.2
Fra:1 Mem:264.89M (Peak 264.89M) | Time:00:00.18 | Mem:0.00M, Peak:0.00M | Scene, ViewLayer | Synchronizing object | West_paddock_fence_mesh20_0
Fra:1 Mem:264.89M (Peak 264.89M) | Time:00:00.18 | Mem:0.00M, Peak:0.00M | Scene, ViewLayer | Synchronizing object | West_paddock_fence_mesh20_1
Fra:1 Mem:264.89M (Peak 264.89M) | Time:00:00.18 | Mem:0.00M, Peak:0.00M | Scene, ViewLayer | Synchronizing object | West_paddock_fence_mesh20_3
Fra:1 Mem:264.89M (Peak 264.89M) | Time:00:00.18 | Mem:0.00M, Peak:0.00M | Scene, ViewLayer | Synchronizing object | West_paddock_fence_mesh20_4
Fra:1 Mem:264.90M (Peak 264.90M) | Time:00:00.18 | Mem:0.00M, Peak:0.00M | Scene, ViewLayer | Synchronizing object | West_paddock_fence_mesh20_6
Fra:1 Mem:264.90M (Peak 264.90M) | Time:00:00.18 | Mem:0.00M, Peak:0.00M | Scene, ViewLayer | Synchronizing object | West_paddock_fence_mesh20_7
Fra:1 Mem:264.90M (Peak 264.90M) | Time:00:00.18 | Mem:0.00M, Peak:0.00M | Scene, ViewLayer | Synchronizing object | West_paddock_fence_mesh20_8
Fra:1 Mem:264.90M (Peak 264.90M) | Time:00:00.18 | Mem:0.00M, Peak:0.00M | Scene, ViewLayer | Synchronizing object | West_paddock_fence_rail21_0.35
Fra:1 Mem:264.91M (Peak 264.91M) | Time:00:00.18 | Mem:0.00M, Peak:0.00M | Scene, ViewLayer | Synchronizing object | West_paddock_fence_rail21_1.2
Fra:1 Mem:264.91M (Peak 264.91M) | Time:00:00.18 | Mem:0.00M, Peak:0.00M | Scene, ViewLayer | Synchronizing object | West_paddock_fence_rail21_2.2
Fra:1 Mem:264.91M (Peak 264.91M) | Time:00:00.18 | Mem:0.00M, Peak:0.00M | Scene, ViewLayer | Synchronizing object | West_paddock_fence_mesh21_0
Fra:1 Mem:264.92M (Peak 264.92M) | Time:00:00.18 | Mem:0.00M, Peak:0.00M | Scene, ViewLayer | Synchronizing object | West_paddock_fence_mesh21_1
Fra:1 Mem:264.92M (Peak 264.92M) | Time:00:00.18 | Mem:0.00M, Peak:0.00M | Scene, ViewLayer | Synchronizing object | West_paddock_fence_mesh21_4
Fra:1 Mem:264.92M (Peak 264.92M) | Time:00:00.18 | Mem:0.00M, Peak:0.00M | Scene, ViewLayer | Synchronizing object | West_paddock_fence_mesh21_6
Fra:1 Mem:264.93M (Peak 264.93M) | Time:00:00.18 | Mem:0.00M, Peak:0.00M | Scene, ViewLayer | Synchronizing object | West_paddock_fence_mesh21_8
Fra:1 Mem:264.93M (Peak 264.93M) | Time:00:00.18 | Mem:0.00M, Peak:0.00M | Scene, ViewLayer | Synchronizing object | West_paddock_fence_rail22_0.35
Fra:1 Mem:264.93M (Peak 264.93M) | Time:00:00.18 | Mem:0.00M, Peak:0.00M | Scene, ViewLayer | Synchronizing object | West_paddock_fence_rail22_1.2
Fra:1 Mem:264.94M (Peak 264.94M) | Time:00:00.18 | Mem:0.00M, Peak:0.00M | Scene, ViewLayer | Synchronizing object | West_paddock_fence_mesh22_0
Fra:1 Mem:264.97M (Peak 264.97M) | Time:00:00.18 | Mem:0.00M, Peak:0.00M | Scene, ViewLayer | Synchronizing object | West_paddock_fence_mesh22_1
Fra:1 Mem:264.98M (Peak 264.98M) | Time:00:00.18 | Mem:0.00M, Peak:0.00M | Scene, ViewLayer | Synchronizing object | West_paddock_fence_mesh22_4
Fra:1 Mem:264.97M (Peak 264.98M) | Time:00:00.18 | Mem:0.00M, Peak:0.00M | Scene, ViewLayer | Synchronizing object | West_paddock_fence_mesh22_6
Fra:1 Mem:264.97M (Peak 264.98M) | Time:00:00.18 | Mem:0.00M, Peak:0.00M | Scene, ViewLayer | Synchronizing object | West_paddock_fence_mesh22_7
Fra:1 Mem:264.97M (Peak 264.98M) | Time:00:00.18 | Mem:0.00M, Peak:0.00M | Scene, ViewLayer | Synchronizing object | West_paddock_fence_post23
Fra:1 Mem:264.98M (Peak 264.98M) | Time:00:00.18 | Mem:0.00M, Peak:0.00M | Scene, ViewLayer | Synchronizing object | West_paddock_fence_rail23_0.35
Fra:1 Mem:264.98M (Peak 264.98M) | Time:00:00.18 | Mem:0.00M, Peak:0.00M | Scene, ViewLayer | Synchronizing object | West_paddock_fence_mesh23_0
Fra:1 Mem:264.98M (Peak 264.98M) | Time:00:00.18 | Mem:0.00M, Peak:0.00M | Scene, ViewLayer | Synchronizing object | West_paddock_fence_mesh23_1
Fra:1 Mem:264.98M (Peak 264.98M) | Time:00:00.18 | Mem:0.00M, Peak:0.00M | Scene, ViewLayer | Synchronizing object | West_paddock_fence_mesh23_2
Fra:1 Mem:265.00M (Peak 265.00M) | Time:00:00.18 | Mem:0.00M, Peak:0.00M | Scene, ViewLayer | Synchronizing object | West_paddock_fence_mesh23_3
Fra:1 Mem:264.99M (Peak 265.00M) | Time:00:00.18 | Mem:0.00M, Peak:0.00M | Scene, ViewLayer | Synchronizing object | West_paddock_fence_mesh23_4
Fra:1 Mem:265.00M (Peak 265.00M) | Time:00:00.18 | Mem:0.00M, Peak:0.00M | Scene, ViewLayer | Synchronizing object | West_paddock_fence_mesh23_8
Fra:1 Mem:265.00M (Peak 265.00M) | Time:00:00.18 | Mem:0.00M, Peak:0.00M | Scene, ViewLayer | Synchronizing object | West_paddock_fence_post24
Fra:1 Mem:265.00M (Peak 265.00M) | Time:00:00.18 | Mem:0.00M, Peak:0.00M | Scene, ViewLayer | Synchronizing object | West_paddock_fence_rail24_2.2
Fra:1 Mem:265.01M (Peak 265.01M) | Time:00:00.18 | Mem:0.00M, Peak:0.00M | Scene, ViewLayer | Synchronizing object | West_paddock_fence_mesh24_0
Fra:1 Mem:265.01M (Peak 265.01M) | Time:00:00.18 | Mem:0.00M, Peak:0.00M | Scene, ViewLayer | Synchronizing object | West_paddock_fence_mesh24_2
Fra:1 Mem:265.02M (Peak 265.02M) | Time:00:00.18 | Mem:0.00M, Peak:0.00M | Scene, ViewLayer | Synchronizing object | West_paddock_fence_mesh24_3
Fra:1 Mem:265.02M (Peak 265.02M) | Time:00:00.18 | Mem:0.00M, Peak:0.00M | Scene, ViewLayer | Synchronizing object | West_paddock_fence_mesh24_6
Fra:1 Mem:265.02M (Peak 265.02M) | Time:00:00.18 | Mem:0.00M, Peak:0.00M | Scene, ViewLayer | Synchronizing object | West_paddock_fence_mesh24_7
Fra:1 Mem:265.02M (Peak 265.02M) | Time:00:00.18 | Mem:0.00M, Peak:0.00M | Scene, ViewLayer | Synchronizing object | West_paddock_fence_mesh24_8
Fra:1 Mem:265.02M (Peak 265.02M) | Time:00:00.18 | Mem:0.00M, Peak:0.00M | Scene, ViewLayer | Synchronizing object | West_paddock_fence_post25
Fra:1 Mem:265.03M (Peak 265.03M) | Time:00:00.18 | Mem:0.00M, Peak:0.00M | Scene, ViewLayer | Synchronizing object | West_paddock_fence_rail25_0.35
Fra:1 Mem:265.03M (Peak 265.03M) | Time:00:00.18 | Mem:0.00M, Peak:0.00M | Scene, ViewLayer | Synchronizing object | West_paddock_fence_rail25_1.2
Fra:1 Mem:265.03M (Peak 265.03M) | Time:00:00.18 | Mem:0.00M, Peak:0.00M | Scene, ViewLayer | Synchronizing object | West_paddock_fence_mesh25_0
Fra:1 Mem:265.03M (Peak 265.03M) | Time:00:00.18 | Mem:0.00M, Peak:0.00M | Scene, ViewLayer | Synchronizing object | West_paddock_fence_mesh25_1
Fra:1 Mem:265.04M (Peak 265.04M) | Time:00:00.18 | Mem:0.00M, Peak:0.00M | Scene, ViewLayer | Synchronizing object | West_paddock_fence_mesh25_2
Fra:1 Mem:265.04M (Peak 265.04M) | Time:00:00.18 | Mem:0.00M, Peak:0.00M | Scene, ViewLayer | Synchronizing object | West_paddock_fence_mesh25_3
Fra:1 Mem:265.04M (Peak 265.04M) | Time:00:00.18 | Mem:0.00M, Peak:0.00M | Scene, ViewLayer | Synchronizing object | West_paddock_fence_mesh25_4
Fra:1 Mem:265.04M (Peak 265.04M) | Time:00:00.18 | Mem:0.00M, Peak:0.00M | Scene, ViewLayer | Synchronizing object | West_paddock_fence_mesh25_5
Fra:1 Mem:265.04M (Peak 265.04M) | Time:00:00.18 | Mem:0.00M, Peak:0.00M | Scene, ViewLayer | Synchronizing object | West_paddock_fence_mesh25_7
Fra:1 Mem:265.04M (Peak 265.04M) | Time:00:00.18 | Mem:0.00M, Peak:0.00M | Scene, ViewLayer | Synchronizing object | West_paddock_fence_mesh25_8
Fra:1 Mem:265.05M (Peak 265.05M) | Time:00:00.18 | Mem:0.00M, Peak:0.00M | Scene, ViewLayer | Synchronizing object | West_paddock_fence_post26
Fra:1 Mem:265.05M (Peak 265.05M) | Time:00:00.18 | Mem:0.00M, Peak:0.00M | Scene, ViewLayer | Synchronizing object | West_paddock_fence_rail26_1.2
Fra:1 Mem:265.05M (Peak 265.05M) | Time:00:00.18 | Mem:0.00M, Peak:0.00M | Scene, ViewLayer | Synchronizing object | West_paddock_fence_rail26_2.2
Fra:1 Mem:265.06M (Peak 265.06M) | Time:00:00.18 | Mem:0.00M, Peak:0.00M | Scene, ViewLayer | Synchronizing object | West_paddock_fence_mesh26_0
Fra:1 Mem:265.06M (Peak 265.06M) | Time:00:00.18 | Mem:0.00M, Peak:0.00M | Scene, ViewLayer | Synchronizing object | West_paddock_fence_mesh26_2
Fra:1 Mem:265.07M (Peak 265.07M) | Time:00:00.18 | Mem:0.00M, Peak:0.00M | Scene, ViewLayer | Synchronizing object | West_paddock_fence_mesh26_3
Fra:1 Mem:265.07M (Peak 265.07M) | Time:00:00.18 | Mem:0.00M, Peak:0.00M | Scene, ViewLayer | Synchronizing object | West_paddock_fence_mesh26_6
Fra:1 Mem:265.07M (Peak 265.07M) | Time:00:00.18 | Mem:0.00M, Peak:0.00M | Scene, ViewLayer | Synchronizing object | West_paddock_fence_mesh26_8
Fra:1 Mem:265.08M (Peak 265.08M) | Time:00:00.18 | Mem:0.00M, Peak:0.00M | Scene, ViewLayer | Synchronizing object | West_paddock_fence_post27
Fra:1 Mem:265.08M (Peak 265.08M) | Time:00:00.18 | Mem:0.00M, Peak:0.00M | Scene, ViewLayer | Synchronizing object | West_paddock_fence_rail27_0.35
Fra:1 Mem:265.08M (Peak 265.08M) | Time:00:00.18 | Mem:0.00M, Peak:0.00M | Scene, ViewLayer | Synchronizing object | West_paddock_fence_rail27_2.2
Fra:1 Mem:265.09M (Peak 265.09M) | Time:00:00.18 | Mem:0.00M, Peak:0.00M | Scene, ViewLayer | Synchronizing object | West_paddock_fence_mesh27_0
Fra:1 Mem:265.09M (Peak 265.09M) | Time:00:00.18 | Mem:0.00M, Peak:0.00M | Scene, ViewLayer | Synchronizing object | West_paddock_fence_mesh27_1
Fra:1 Mem:265.09M (Peak 265.09M) | Time:00:00.18 | Mem:0.00M, Peak:0.00M | Scene, ViewLayer | Synchronizing object | West_paddock_fence_mesh27_4
Fra:1 Mem:265.10M (Peak 265.10M) | Time:00:00.18 | Mem:0.00M, Peak:0.00M | Scene, ViewLayer | Synchronizing object | West_paddock_fence_mesh27_5
Fra:1 Mem:265.10M (Peak 265.10M) | Time:00:00.18 | Mem:0.00M, Peak:0.00M | Scene, ViewLayer | Synchronizing object | West_paddock_fence_mesh27_8
Fra:1 Mem:265.10M (Peak 265.10M) | Time:00:00.18 | Mem:0.00M, Peak:0.00M | Scene, ViewLayer | Synchronizing object | West_paddock_fence_post28
Fra:1 Mem:265.11M (Peak 265.11M) | Time:00:00.18 | Mem:0.00M, Peak:0.00M | Scene, ViewLayer | Synchronizing object | West_paddock_fence_rail28_0.35
Fra:1 Mem:265.11M (Peak 265.11M) | Time:00:00.18 | Mem:0.00M, Peak:0.00M | Scene, ViewLayer | Synchronizing object | West_paddock_fence_rail28_2.2
Fra:1 Mem:265.11M (Peak 265.11M) | Time:00:00.18 | Mem:0.00M, Peak:0.00M | Scene, ViewLayer | Synchronizing object | West_paddock_fence_mesh28_1
Fra:1 Mem:265.12M (Peak 265.12M) | Time:00:00.18 | Mem:0.00M, Peak:0.00M | Scene, ViewLayer | Synchronizing object | West_paddock_fence_mesh28_2
Fra:1 Mem:265.12M (Peak 265.12M) | Time:00:00.18 | Mem:0.00M, Peak:0.00M | Scene, ViewLayer | Synchronizing object | West_paddock_fence_mesh28_7
Fra:1 Mem:265.13M (Peak 265.13M) | Time:00:00.18 | Mem:0.00M, Peak:0.00M | Scene, ViewLayer | Synchronizing object | West_paddock_fence_mesh28_8
Fra:1 Mem:265.13M (Peak 265.13M) | Time:00:00.18 | Mem:0.00M, Peak:0.00M | Scene, ViewLayer | Synchronizing object | West_paddock_fence_rail29_1.2
Fra:1 Mem:265.13M (Peak 265.13M) | Time:00:00.18 | Mem:0.00M, Peak:0.00M | Scene, ViewLayer | Synchronizing object | West_paddock_fence_rail29_2.2
Fra:1 Mem:265.14M (Peak 265.14M) | Time:00:00.18 | Mem:0.00M, Peak:0.00M | Scene, ViewLayer | Synchronizing object | West_paddock_fence_mesh29_0
Fra:1 Mem:265.14M (Peak 265.14M) | Time:00:00.18 | Mem:0.00M, Peak:0.00M | Scene, ViewLayer | Synchronizing object | West_paddock_fence_mesh29_2
Fra:1 Mem:265.14M (Peak 265.14M) | Time:00:00.18 | Mem:0.00M, Peak:0.00M | Scene, ViewLayer | Synchronizing object | West_paddock_fence_mesh29_3
Fra:1 Mem:265.15M (Peak 265.15M) | Time:00:00.18 | Mem:0.00M, Peak:0.00M | Scene, ViewLayer | Synchronizing object | West_paddock_fence_mesh29_5
Fra:1 Mem:265.15M (Peak 265.15M) | Time:00:00.18 | Mem:0.00M, Peak:0.00M | Scene, ViewLayer | Synchronizing object | West_paddock_fence_mesh29_7
Fra:1 Mem:265.15M (Peak 265.15M) | Time:00:00.18 | Mem:0.00M, Peak:0.00M | Scene, ViewLayer | Synchronizing object | West_paddock_fence_mesh29_8
Fra:1 Mem:265.15M (Peak 265.15M) | Time:00:00.18 | Mem:0.00M, Peak:0.00M | Scene, ViewLayer | Synchronizing object | West_paddock_fence_post30
Fra:1 Mem:265.16M (Peak 265.16M) | Time:00:00.18 | Mem:0.00M, Peak:0.00M | Scene, ViewLayer | Synchronizing object | West_paddock_fence_rail30_1.2
Fra:1 Mem:265.16M (Peak 265.16M) | Time:00:00.18 | Mem:0.00M, Peak:0.00M | Scene, ViewLayer | Synchronizing object | West_paddock_fence_mesh30_1
Fra:1 Mem:265.17M (Peak 265.17M) | Time:00:00.18 | Mem:0.00M, Peak:0.00M | Scene, ViewLayer | Synchronizing object | West_paddock_fence_mesh30_2
Fra:1 Mem:265.17M (Peak 265.17M) | Time:00:00.18 | Mem:0.00M, Peak:0.00M | Scene, ViewLayer | Synchronizing object | West_paddock_fence_mesh30_5
Fra:1 Mem:265.17M (Peak 265.17M) | Time:00:00.18 | Mem:0.00M, Peak:0.00M | Scene, ViewLayer | Synchronizing object | West_paddock_fence_mesh30_7
Fra:1 Mem:265.17M (Peak 265.17M) | Time:00:00.18 | Mem:0.00M, Peak:0.00M | Scene, ViewLayer | Synchronizing object | West_paddock_fence_mesh30_8
Fra:1 Mem:265.18M (Peak 265.18M) | Time:00:00.18 | Mem:0.00M, Peak:0.00M | Scene, ViewLayer | Synchronizing object | West_paddock_fence_rail31_1.2
Fra:1 Mem:265.18M (Peak 265.18M) | Time:00:00.18 | Mem:0.00M, Peak:0.00M | Scene, ViewLayer | Synchronizing object | West_paddock_fence_mesh31_0
Fra:1 Mem:265.19M (Peak 265.19M) | Time:00:00.18 | Mem:0.00M, Peak:0.00M | Scene, ViewLayer | Synchronizing object | West_paddock_fence_mesh31_1
Fra:1 Mem:265.19M (Peak 265.19M) | Time:00:00.18 | Mem:0.00M, Peak:0.00M | Scene, ViewLayer | Synchronizing object | West_paddock_fence_mesh31_2
Fra:1 Mem:265.19M (Peak 265.19M) | Time:00:00.18 | Mem:0.00M, Peak:0.00M | Scene, ViewLayer | Synchronizing object | West_paddock_fence_mesh31_3
Fra:1 Mem:265.20M (Peak 265.20M) | Time:00:00.18 | Mem:0.00M, Peak:0.00M | Scene, ViewLayer | Synchronizing object | West_paddock_fence_mesh31_8
Fra:1 Mem:265.20M (Peak 265.20M) | Time:00:00.18 | Mem:0.00M, Peak:0.00M | Scene, ViewLayer | Synchronizing object | West_paddock_fence_post32
Fra:1 Mem:265.20M (Peak 265.20M) | Time:00:00.18 | Mem:0.00M, Peak:0.00M | Scene, ViewLayer | Synchronizing object | West_paddock_fence_rail32_1.2
Fra:1 Mem:265.21M (Peak 265.21M) | Time:00:00.18 | Mem:0.00M, Peak:0.00M | Scene, ViewLayer | Synchronizing object | West_paddock_fence_rail32_2.2
Fra:1 Mem:265.21M (Peak 265.21M) | Time:00:00.18 | Mem:0.00M, Peak:0.00M | Scene, ViewLayer | Synchronizing object | West_paddock_fence_mesh32_0
Fra:1 Mem:265.22M (Peak 265.22M) | Time:00:00.18 | Mem:0.00M, Peak:0.00M | Scene, ViewLayer | Synchronizing object | West_paddock_fence_mesh32_2
Fra:1 Mem:265.22M (Peak 265.22M) | Time:00:00.18 | Mem:0.00M, Peak:0.00M | Scene, ViewLayer | Synchronizing object | West_paddock_fence_mesh32_3
Fra:1 Mem:265.22M (Peak 265.22M) | Time:00:00.18 | Mem:0.00M, Peak:0.00M | Scene, ViewLayer | Synchronizing object | West_paddock_fence_mesh32_5
Fra:1 Mem:265.22M (Peak 265.22M) | Time:00:00.18 | Mem:0.00M, Peak:0.00M | Scene, ViewLayer | Synchronizing object | West_paddock_fence_mesh32_6
Fra:1 Mem:265.22M (Peak 265.22M) | Time:00:00.18 | Mem:0.00M, Peak:0.00M | Scene, ViewLayer | Synchronizing object | West_paddock_fence_mesh32_7
Fra:1 Mem:265.23M (Peak 265.23M) | Time:00:00.18 | Mem:0.00M, Peak:0.00M | Scene, ViewLayer | Synchronizing object | West_paddock_fence_mesh32_8
Fra:1 Mem:265.23M (Peak 265.23M) | Time:00:00.18 | Mem:0.00M, Peak:0.00M | Scene, ViewLayer | Synchronizing object | West_paddock_fence_post33
Fra:1 Mem:265.23M (Peak 265.23M) | Time:00:00.18 | Mem:0.00M, Peak:0.00M | Scene, ViewLayer | Synchronizing object | West_paddock_fence_rail33_0.35
Fra:1 Mem:265.23M (Peak 265.23M) | Time:00:00.18 | Mem:0.00M, Peak:0.00M | Scene, ViewLayer | Synchronizing object | West_paddock_fence_rail33_1.2
Fra:1 Mem:265.24M (Peak 265.24M) | Time:00:00.18 | Mem:0.00M, Peak:0.00M | Scene, ViewLayer | Synchronizing object | West_paddock_fence_rail33_2.2
Fra:1 Mem:265.24M (Peak 265.24M) | Time:00:00.18 | Mem:0.00M, Peak:0.00M | Scene, ViewLayer | Synchronizing object | West_paddock_fence_mesh33_0
Fra:1 Mem:265.24M (Peak 265.24M) | Time:00:00.18 | Mem:0.00M, Peak:0.00M | Scene, ViewLayer | Synchronizing object | West_paddock_fence_mesh33_2
Fra:1 Mem:265.24M (Peak 265.24M) | Time:00:00.18 | Mem:0.00M, Peak:0.00M | Scene, ViewLayer | Synchronizing object | West_paddock_fence_mesh33_3
Fra:1 Mem:265.25M (Peak 265.25M) | Time:00:00.18 | Mem:0.00M, Peak:0.00M | Scene, ViewLayer | Synchronizing object | West_paddock_fence_mesh33_4
Fra:1 Mem:265.25M (Peak 265.25M) | Time:00:00.18 | Mem:0.00M, Peak:0.00M | Scene, ViewLayer | Synchronizing object | West_paddock_fence_mesh33_5
Fra:1 Mem:265.25M (Peak 265.25M) | Time:00:00.18 | Mem:0.00M, Peak:0.00M | Scene, ViewLayer | Synchronizing object | West_paddock_fence_mesh33_7
Fra:1 Mem:265.26M (Peak 265.26M) | Time:00:00.18 | Mem:0.00M, Peak:0.00M | Scene, ViewLayer | Synchronizing object | West_paddock_fence_mesh33_8
Fra:1 Mem:265.26M (Peak 265.26M) | Time:00:00.18 | Mem:0.00M, Peak:0.00M | Scene, ViewLayer | Synchronizing object | West_paddock_fence_rail34_0.35
Fra:1 Mem:265.27M (Peak 265.27M) | Time:00:00.18 | Mem:0.00M, Peak:0.00M | Scene, ViewLayer | Synchronizing object | West_paddock_fence_rail34_1.2
Fra:1 Mem:265.26M (Peak 265.27M) | Time:00:00.18 | Mem:0.00M, Peak:0.00M | Scene, ViewLayer | Synchronizing object | West_paddock_fence_mesh34_0
Fra:1 Mem:265.26M (Peak 265.27M) | Time:00:00.18 | Mem:0.00M, Peak:0.00M | Scene, ViewLayer | Synchronizing object | West_paddock_fence_mesh34_2
Fra:1 Mem:265.27M (Peak 265.27M) | Time:00:00.18 | Mem:0.00M, Peak:0.00M | Scene, ViewLayer | Synchronizing object | West_paddock_fence_mesh34_3
Fra:1 Mem:265.27M (Peak 265.27M) | Time:00:00.18 | Mem:0.00M, Peak:0.00M | Scene, ViewLayer | Synchronizing object | West_paddock_fence_mesh34_6
Fra:1 Mem:265.27M (Peak 265.27M) | Time:00:00.18 | Mem:0.00M, Peak:0.00M | Scene, ViewLayer | Synchronizing object | West_paddock_fence_mesh34_7
Fra:1 Mem:265.27M (Peak 265.27M) | Time:00:00.18 | Mem:0.00M, Peak:0.00M | Scene, ViewLayer | Synchronizing object | West_paddock_fence_mesh34_8
Fra:1 Mem:265.28M (Peak 265.28M) | Time:00:00.18 | Mem:0.00M, Peak:0.00M | Scene, ViewLayer | Synchronizing object | West_paddock_fence_post35
Fra:1 Mem:265.28M (Peak 265.28M) | Time:00:00.18 | Mem:0.00M, Peak:0.00M | Scene, ViewLayer | Synchronizing object | West_paddock_fence_rail35_0.35
Fra:1 Mem:265.28M (Peak 265.28M) | Time:00:00.18 | Mem:0.00M, Peak:0.00M | Scene, ViewLayer | Synchronizing object | West_paddock_fence_rail35_1.2
Fra:1 Mem:265.29M (Peak 265.29M) | Time:00:00.18 | Mem:0.00M, Peak:0.00M | Scene, ViewLayer | Synchronizing object | West_paddock_fence_mesh35_1
Fra:1 Mem:265.29M (Peak 265.29M) | Time:00:00.18 | Mem:0.00M, Peak:0.00M | Scene, ViewLayer | Synchronizing object | West_paddock_fence_mesh35_2
Fra:1 Mem:265.29M (Peak 265.29M) | Time:00:00.18 | Mem:0.00M, Peak:0.00M | Scene, ViewLayer | Synchronizing object | West_paddock_fence_mesh35_3
Fra:1 Mem:265.30M (Peak 265.30M) | Time:00:00.18 | Mem:0.00M, Peak:0.00M | Scene, ViewLayer | Synchronizing object | West_paddock_fence_mesh35_5
Fra:1 Mem:265.30M (Peak 265.30M) | Time:00:00.18 | Mem:0.00M, Peak:0.00M | Scene, ViewLayer | Synchronizing object | West_paddock_fence_mesh35_7
Fra:1 Mem:265.30M (Peak 265.30M) | Time:00:00.18 | Mem:0.00M, Peak:0.00M | Scene, ViewLayer | Synchronizing object | West_paddock_fence_post36
Fra:1 Mem:265.31M (Peak 265.31M) | Time:00:00.18 | Mem:0.00M, Peak:0.00M | Scene, ViewLayer | Synchronizing object | West_paddock_fence_rail36_0.35
Fra:1 Mem:265.31M (Peak 265.31M) | Time:00:00.18 | Mem:0.00M, Peak:0.00M | Scene, ViewLayer | Synchronizing object | West_paddock_fence_rail36_1.2
Fra:1 Mem:265.31M (Peak 265.31M) | Time:00:00.18 | Mem:0.00M, Peak:0.00M | Scene, ViewLayer | Synchronizing object | West_paddock_fence_rail36_2.2
Fra:1 Mem:265.32M (Peak 265.32M) | Time:00:00.18 | Mem:0.00M, Peak:0.00M | Scene, ViewLayer | Synchronizing object | West_paddock_fence_mesh36_0
Fra:1 Mem:265.32M (Peak 265.32M) | Time:00:00.18 | Mem:0.00M, Peak:0.00M | Scene, ViewLayer | Synchronizing object | West_paddock_fence_mesh36_3
Fra:1 Mem:265.32M (Peak 265.32M) | Time:00:00.18 | Mem:0.00M, Peak:0.00M | Scene, ViewLayer | Synchronizing object | West_paddock_fence_mesh36_4
Fra:1 Mem:265.33M (Peak 265.33M) | Time:00:00.18 | Mem:0.00M, Peak:0.00M | Scene, ViewLayer | Synchronizing object | West_paddock_fence_mesh36_7
Fra:1 Mem:265.33M (Peak 265.33M) | Time:00:00.18 | Mem:0.00M, Peak:0.00M | Scene, ViewLayer | Synchronizing object | West_paddock_fence_mesh36_8
Fra:1 Mem:265.33M (Peak 265.33M) | Time:00:00.18 | Mem:0.00M, Peak:0.00M | Scene, ViewLayer | Synchronizing object | West_paddock_fence_post37
Fra:1 Mem:265.33M (Peak 265.33M) | Time:00:00.18 | Mem:0.00M, Peak:0.00M | Scene, ViewLayer | Synchronizing object | West_paddock_fence_rail37_0.35
Fra:1 Mem:265.34M (Peak 265.34M) | Time:00:00.18 | Mem:0.00M, Peak:0.00M | Scene, ViewLayer | Synchronizing object | West_paddock_fence_rail37_1.2
Fra:1 Mem:265.34M (Peak 265.34M) | Time:00:00.18 | Mem:0.00M, Peak:0.00M | Scene, ViewLayer | Synchronizing object | West_paddock_fence_rail37_2.2
Fra:1 Mem:265.34M (Peak 265.34M) | Time:00:00.18 | Mem:0.00M, Peak:0.00M | Scene, ViewLayer | Synchronizing object | West_paddock_fence_mesh37_0
Fra:1 Mem:265.35M (Peak 265.35M) | Time:00:00.18 | Mem:0.00M, Peak:0.00M | Scene, ViewLayer | Synchronizing object | West_paddock_fence_mesh37_1
Fra:1 Mem:265.35M (Peak 265.35M) | Time:00:00.18 | Mem:0.00M, Peak:0.00M | Scene, ViewLayer | Synchronizing object | West_paddock_fence_mesh37_2
Fra:1 Mem:265.35M (Peak 265.35M) | Time:00:00.18 | Mem:0.00M, Peak:0.00M | Scene, ViewLayer | Synchronizing object | West_paddock_fence_mesh37_3
Fra:1 Mem:265.35M (Peak 265.35M) | Time:00:00.18 | Mem:0.00M, Peak:0.00M | Scene, ViewLayer | Synchronizing object | West_paddock_fence_mesh37_4
Fra:1 Mem:265.35M (Peak 265.35M) | Time:00:00.18 | Mem:0.00M, Peak:0.00M | Scene, ViewLayer | Synchronizing object | West_paddock_fence_mesh37_6
Fra:1 Mem:265.35M (Peak 265.35M) | Time:00:00.18 | Mem:0.00M, Peak:0.00M | Scene, ViewLayer | Synchronizing object | West_paddock_fence_mesh37_8
Fra:1 Mem:265.35M (Peak 265.35M) | Time:00:00.18 | Mem:0.00M, Peak:0.00M | Scene, ViewLayer | Synchronizing object | West_paddock_fence_post38
Fra:1 Mem:265.36M (Peak 265.36M) | Time:00:00.18 | Mem:0.00M, Peak:0.00M | Scene, ViewLayer | Synchronizing object | West_paddock_fence_rail38_1.2
Fra:1 Mem:265.36M (Peak 265.36M) | Time:00:00.18 | Mem:0.00M, Peak:0.00M | Scene, ViewLayer | Synchronizing object | West_paddock_fence_rail38_2.2
Fra:1 Mem:265.37M (Peak 265.37M) | Time:00:00.18 | Mem:0.00M, Peak:0.00M | Scene, ViewLayer | Synchronizing object | West_paddock_fence_mesh38_0
Fra:1 Mem:265.37M (Peak 265.37M) | Time:00:00.18 | Mem:0.00M, Peak:0.00M | Scene, ViewLayer | Synchronizing object | West_paddock_fence_mesh38_1
Fra:1 Mem:265.37M (Peak 265.37M) | Time:00:00.18 | Mem:0.00M, Peak:0.00M | Scene, ViewLayer | Synchronizing object | West_paddock_fence_mesh38_2
Fra:1 Mem:265.37M (Peak 265.37M) | Time:00:00.18 | Mem:0.00M, Peak:0.00M | Scene, ViewLayer | Synchronizing object | West_paddock_fence_mesh38_3
Fra:1 Mem:265.37M (Peak 265.37M) | Time:00:00.18 | Mem:0.00M, Peak:0.00M | Scene, ViewLayer | Synchronizing object | West_paddock_fence_mesh38_4
Fra:1 Mem:265.38M (Peak 265.38M) | Time:00:00.18 | Mem:0.00M, Peak:0.00M | Scene, ViewLayer | Synchronizing object | West_paddock_fence_mesh38_5
Fra:1 Mem:265.38M (Peak 265.38M) | Time:00:00.18 | Mem:0.00M, Peak:0.00M | Scene, ViewLayer | Synchronizing object | West_paddock_fence_mesh38_8
Fra:1 Mem:265.38M (Peak 265.38M) | Time:00:00.18 | Mem:0.00M, Peak:0.00M | Scene, ViewLayer | Synchronizing object | West_paddock_fence_post39
Fra:1 Mem:265.38M (Peak 265.38M) | Time:00:00.18 | Mem:0.00M, Peak:0.00M | Scene, ViewLayer | Synchronizing object | West_paddock_fence_rail39_0.35
Fra:1 Mem:265.38M (Peak 265.38M) | Time:00:00.18 | Mem:0.00M, Peak:0.00M | Scene, ViewLayer | Synchronizing object | West_paddock_fence_rail39_2.2
Fra:1 Mem:265.39M (Peak 265.39M) | Time:00:00.18 | Mem:0.00M, Peak:0.00M | Scene, ViewLayer | Synchronizing object | West_paddock_fence_mesh39_0
Fra:1 Mem:265.39M (Peak 265.39M) | Time:00:00.18 | Mem:0.00M, Peak:0.00M | Scene, ViewLayer | Synchronizing object | West_paddock_fence_mesh39_1
Fra:1 Mem:265.39M (Peak 265.39M) | Time:00:00.18 | Mem:0.00M, Peak:0.00M | Scene, ViewLayer | Synchronizing object | West_paddock_fence_mesh39_2
Fra:1 Mem:265.39M (Peak 265.39M) | Time:00:00.18 | Mem:0.00M, Peak:0.00M | Scene, ViewLayer | Synchronizing object | West_paddock_fence_mesh39_3
Fra:1 Mem:265.39M (Peak 265.39M) | Time:00:00.18 | Mem:0.00M, Peak:0.00M | Scene, ViewLayer | Synchronizing object | West_paddock_fence_mesh39_4
Fra:1 Mem:265.40M (Peak 265.40M) | Time:00:00.18 | Mem:0.00M, Peak:0.00M | Scene, ViewLayer | Synchronizing object | West_paddock_fence_mesh39_5
Fra:1 Mem:265.40M (Peak 265.40M) | Time:00:00.18 | Mem:0.00M, Peak:0.00M | Scene, ViewLayer | Synchronizing object | West_paddock_fence_mesh39_6
Fra:1 Mem:265.40M (Peak 265.40M) | Time:00:00.18 | Mem:0.00M, Peak:0.00M | Scene, ViewLayer | Synchronizing object | West_paddock_fence_mesh39_7
Fra:1 Mem:265.40M (Peak 265.40M) | Time:00:00.18 | Mem:0.00M, Peak:0.00M | Scene, ViewLayer | Synchronizing object | West_paddock_fence_post40
Fra:1 Mem:265.40M (Peak 265.40M) | Time:00:00.18 | Mem:0.00M, Peak:0.00M | Scene, ViewLayer | Synchronizing object | West_paddock_fence_rail40_0.35
Fra:1 Mem:265.41M (Peak 265.41M) | Time:00:00.18 | Mem:0.00M, Peak:0.00M | Scene, ViewLayer | Synchronizing object | West_paddock_fence_rail40_2.2
Fra:1 Mem:265.41M (Peak 265.41M) | Time:00:00.18 | Mem:0.00M, Peak:0.00M | Scene, ViewLayer | Synchronizing object | West_paddock_fence_mesh40_2
Fra:1 Mem:265.42M (Peak 265.42M) | Time:00:00.18 | Mem:0.00M, Peak:0.00M | Scene, ViewLayer | Synchronizing object | West_paddock_fence_mesh40_3
Fra:1 Mem:265.42M (Peak 265.42M) | Time:00:00.18 | Mem:0.00M, Peak:0.00M | Scene, ViewLayer | Synchronizing object | West_paddock_fence_mesh40_5
Fra:1 Mem:265.43M (Peak 265.43M) | Time:00:00.18 | Mem:0.00M, Peak:0.00M | Scene, ViewLayer | Synchronizing object | West_paddock_fence_mesh40_6
Fra:1 Mem:265.43M (Peak 265.43M) | Time:00:00.18 | Mem:0.00M, Peak:0.00M | Scene, ViewLayer | Synchronizing object | West_paddock_fence_mesh40_7
Fra:1 Mem:265.43M (Peak 265.43M) | Time:00:00.18 | Mem:0.00M, Peak:0.00M | Scene, ViewLayer | Synchronizing object | West_paddock_fence_mesh40_8
Fra:1 Mem:265.43M (Peak 265.43M) | Time:00:00.18 | Mem:0.00M, Peak:0.00M | Scene, ViewLayer | Synchronizing object | West_paddock_fence_post41
Fra:1 Mem:265.43M (Peak 265.43M) | Time:00:00.18 | Mem:0.00M, Peak:0.00M | Scene, ViewLayer | Synchronizing object | West_paddock_fence_rail41_1.2
Fra:1 Mem:265.43M (Peak 265.43M) | Time:00:00.18 | Mem:0.00M, Peak:0.00M | Scene, ViewLayer | Synchronizing object | West_paddock_fence_rail41_2.2
Fra:1 Mem:265.44M (Peak 265.44M) | Time:00:00.18 | Mem:0.00M, Peak:0.00M | Scene, ViewLayer | Synchronizing object | West_paddock_fence_mesh41_1
Fra:1 Mem:265.44M (Peak 265.44M) | Time:00:00.18 | Mem:0.00M, Peak:0.00M | Scene, ViewLayer | Synchronizing object | West_paddock_fence_mesh41_2
Fra:1 Mem:265.44M (Peak 265.44M) | Time:00:00.18 | Mem:0.00M, Peak:0.00M | Scene, ViewLayer | Synchronizing object | West_paddock_fence_mesh41_3
Fra:1 Mem:265.44M (Peak 265.44M) | Time:00:00.18 | Mem:0.00M, Peak:0.00M | Scene, ViewLayer | Synchronizing object | West_paddock_fence_mesh41_5
Fra:1 Mem:265.45M (Peak 265.45M) | Time:00:00.18 | Mem:0.00M, Peak:0.00M | Scene, ViewLayer | Synchronizing object | West_paddock_fence_mesh41_6
Fra:1 Mem:265.45M (Peak 265.45M) | Time:00:00.18 | Mem:0.00M, Peak:0.00M | Scene, ViewLayer | Synchronizing object | West_paddock_fence_mesh41_7
Fra:1 Mem:265.45M (Peak 265.45M) | Time:00:00.18 | Mem:0.00M, Peak:0.00M | Scene, ViewLayer | Synchronizing object | West_paddock_fence_mesh41_8
Fra:1 Mem:265.45M (Peak 265.45M) | Time:00:00.18 | Mem:0.00M, Peak:0.00M | Scene, ViewLayer | Synchronizing object | West_paddock_fence_rail42_0.35
Fra:1 Mem:265.45M (Peak 265.45M) | Time:00:00.18 | Mem:0.00M, Peak:0.00M | Scene, ViewLayer | Synchronizing object | West_paddock_fence_rail42_1.2
Fra:1 Mem:265.45M (Peak 265.45M) | Time:00:00.18 | Mem:0.00M, Peak:0.00M | Scene, ViewLayer | Synchronizing object | West_paddock_fence_rail42_2.2
Fra:1 Mem:265.46M (Peak 265.46M) | Time:00:00.18 | Mem:0.00M, Peak:0.00M | Scene, ViewLayer | Synchronizing object | West_paddock_fence_mesh42_0
Fra:1 Mem:265.46M (Peak 265.46M) | Time:00:00.18 | Mem:0.00M, Peak:0.00M | Scene, ViewLayer | Synchronizing object | West_paddock_fence_mesh42_2
Fra:1 Mem:265.47M (Peak 265.47M) | Time:00:00.18 | Mem:0.00M, Peak:0.00M | Scene, ViewLayer | Synchronizing object | West_paddock_fence_mesh42_3
Fra:1 Mem:265.47M (Peak 265.47M) | Time:00:00.18 | Mem:0.00M, Peak:0.00M | Scene, ViewLayer | Synchronizing object | West_paddock_fence_mesh42_5
Fra:1 Mem:265.47M (Peak 265.47M) | Time:00:00.18 | Mem:0.00M, Peak:0.00M | Scene, ViewLayer | Synchronizing object | West_paddock_fence_mesh42_6
Fra:1 Mem:265.47M (Peak 265.47M) | Time:00:00.18 | Mem:0.00M, Peak:0.00M | Scene, ViewLayer | Synchronizing object | West_paddock_fence_rail43_0.35
Fra:1 Mem:265.48M (Peak 265.48M) | Time:00:00.18 | Mem:0.00M, Peak:0.00M | Scene, ViewLayer | Synchronizing object | West_paddock_fence_rail43_1.2
Fra:1 Mem:265.49M (Peak 265.49M) | Time:00:00.18 | Mem:0.00M, Peak:0.00M | Scene, ViewLayer | Synchronizing object | West_paddock_fence_mesh43_1
Fra:1 Mem:265.49M (Peak 265.49M) | Time:00:00.18 | Mem:0.00M, Peak:0.00M | Scene, ViewLayer | Synchronizing object | West_paddock_fence_mesh43_2
Fra:1 Mem:265.49M (Peak 265.49M) | Time:00:00.18 | Mem:0.00M, Peak:0.00M | Scene, ViewLayer | Synchronizing object | West_paddock_fence_mesh43_3
Fra:1 Mem:265.49M (Peak 265.49M) | Time:00:00.18 | Mem:0.00M, Peak:0.00M | Scene, ViewLayer | Synchronizing object | West_paddock_fence_mesh43_4
Fra:1 Mem:265.50M (Peak 265.50M) | Time:00:00.18 | Mem:0.00M, Peak:0.00M | Scene, ViewLayer | Synchronizing object | West_paddock_fence_mesh43_5
Fra:1 Mem:265.50M (Peak 265.50M) | Time:00:00.18 | Mem:0.00M, Peak:0.00M | Scene, ViewLayer | Synchronizing object | West_paddock_fence_mesh43_8
Fra:1 Mem:265.50M (Peak 265.50M) | Time:00:00.18 | Mem:0.00M, Peak:0.00M | Scene, ViewLayer | Synchronizing object | West_paddock_fence_post44
Fra:1 Mem:265.50M (Peak 265.50M) | Time:00:00.18 | Mem:0.00M, Peak:0.00M | Scene, ViewLayer | Synchronizing object | West_paddock_fence_rail44_0.35
Fra:1 Mem:265.50M (Peak 265.50M) | Time:00:00.18 | Mem:0.00M, Peak:0.00M | Scene, ViewLayer | Synchronizing object | West_paddock_fence_rail44_1.2
Fra:1 Mem:265.50M (Peak 265.50M) | Time:00:00.18 | Mem:0.00M, Peak:0.00M | Scene, ViewLayer | Synchronizing object | West_paddock_fence_mesh44_2
Fra:1 Mem:265.51M (Peak 265.51M) | Time:00:00.18 | Mem:0.00M, Peak:0.00M | Scene, ViewLayer | Synchronizing object | West_paddock_fence_mesh44_3
Fra:1 Mem:265.52M (Peak 265.52M) | Time:00:00.18 | Mem:0.00M, Peak:0.00M | Scene, ViewLayer | Synchronizing object | West_paddock_fence_mesh44_5
Fra:1 Mem:265.52M (Peak 265.52M) | Time:00:00.18 | Mem:0.00M, Peak:0.00M | Scene, ViewLayer | Synchronizing object | West_paddock_fence_mesh44_6
Fra:1 Mem:265.52M (Peak 265.52M) | Time:00:00.18 | Mem:0.00M, Peak:0.00M | Scene, ViewLayer | Synchronizing object | West_paddock_fence_post45
Fra:1 Mem:265.53M (Peak 265.53M) | Time:00:00.18 | Mem:0.00M, Peak:0.00M | Scene, ViewLayer | Synchronizing object | West_paddock_fence_rail45_0.35
Fra:1 Mem:265.55M (Peak 265.55M) | Time:00:00.18 | Mem:0.00M, Peak:0.00M | Scene, ViewLayer | Synchronizing object | West_paddock_fence_rail45_1.2
Fra:1 Mem:265.54M (Peak 265.55M) | Time:00:00.18 | Mem:0.00M, Peak:0.00M | Scene, ViewLayer | Synchronizing object | West_paddock_fence_mesh45_0
Fra:1 Mem:265.54M (Peak 265.55M) | Time:00:00.18 | Mem:0.00M, Peak:0.00M | Scene, ViewLayer | Synchronizing object | West_paddock_fence_mesh45_1
Fra:1 Mem:265.56M (Peak 265.56M) | Time:00:00.18 | Mem:0.00M, Peak:0.00M | Scene, ViewLayer | Synchronizing object | West_paddock_fence_mesh45_2
Fra:1 Mem:265.55M (Peak 265.56M) | Time:00:00.18 | Mem:0.00M, Peak:0.00M | Scene, ViewLayer | Synchronizing object | West_paddock_fence_mesh45_3
Fra:1 Mem:265.55M (Peak 265.56M) | Time:00:00.18 | Mem:0.00M, Peak:0.00M | Scene, ViewLayer | Synchronizing object | West_paddock_fence_mesh45_5
Fra:1 Mem:265.55M (Peak 265.56M) | Time:00:00.18 | Mem:0.00M, Peak:0.00M | Scene, ViewLayer | Synchronizing object | West_paddock_fence_mesh45_8
Fra:1 Mem:265.55M (Peak 265.56M) | Time:00:00.18 | Mem:0.00M, Peak:0.00M | Scene, ViewLayer | Synchronizing object | West_paddock_fence_post46
Fra:1 Mem:265.56M (Peak 265.56M) | Time:00:00.18 | Mem:0.00M, Peak:0.00M | Scene, ViewLayer | Synchronizing object | West_paddock_fence_rail46_0.35
Fra:1 Mem:265.56M (Peak 265.56M) | Time:00:00.18 | Mem:0.00M, Peak:0.00M | Scene, ViewLayer | Synchronizing object | West_paddock_fence_rail46_1.2
Fra:1 Mem:265.56M (Peak 265.56M) | Time:00:00.18 | Mem:0.00M, Peak:0.00M | Scene, ViewLayer | Synchronizing object | West_paddock_fence_mesh46_0
Fra:1 Mem:265.56M (Peak 265.56M) | Time:00:00.18 | Mem:0.00M, Peak:0.00M | Scene, ViewLayer | Synchronizing object | West_paddock_fence_mesh46_1
Fra:1 Mem:265.57M (Peak 265.57M) | Time:00:00.18 | Mem:0.00M, Peak:0.00M | Scene, ViewLayer | Synchronizing object | West_paddock_fence_mesh46_4
Fra:1 Mem:265.57M (Peak 265.57M) | Time:00:00.18 | Mem:0.00M, Peak:0.00M | Scene, ViewLayer | Synchronizing object | West_paddock_fence_mesh46_5
Fra:1 Mem:265.57M (Peak 265.57M) | Time:00:00.18 | Mem:0.00M, Peak:0.00M | Scene, ViewLayer | Synchronizing object | West_paddock_fence_mesh46_7
Fra:1 Mem:265.57M (Peak 265.57M) | Time:00:00.18 | Mem:0.00M, Peak:0.00M | Scene, ViewLayer | Synchronizing object | West_paddock_fence_mesh46_8
Fra:1 Mem:265.58M (Peak 265.58M) | Time:00:00.18 | Mem:0.00M, Peak:0.00M | Scene, ViewLayer | Synchronizing object | West_paddock_fence_rail47_0.35
Fra:1 Mem:265.58M (Peak 265.58M) | Time:00:00.18 | Mem:0.00M, Peak:0.00M | Scene, ViewLayer | Synchronizing object | West_paddock_fence_rail47_1.2
Fra:1 Mem:265.58M (Peak 265.58M) | Time:00:00.18 | Mem:0.00M, Peak:0.00M | Scene, ViewLayer | Synchronizing object | West_paddock_fence_rail47_2.2
Fra:1 Mem:265.58M (Peak 265.58M) | Time:00:00.18 | Mem:0.00M, Peak:0.00M | Scene, ViewLayer | Synchronizing object | West_paddock_fence_mesh47_0
Fra:1 Mem:265.59M (Peak 265.59M) | Time:00:00.18 | Mem:0.00M, Peak:0.00M | Scene, ViewLayer | Synchronizing object | West_paddock_fence_mesh47_1
Fra:1 Mem:265.59M (Peak 265.59M) | Time:00:00.18 | Mem:0.00M, Peak:0.00M | Scene, ViewLayer | Synchronizing object | West_paddock_fence_mesh47_2
Fra:1 Mem:265.59M (Peak 265.59M) | Time:00:00.18 | Mem:0.00M, Peak:0.00M | Scene, ViewLayer | Synchronizing object | West_paddock_fence_mesh47_3
Fra:1 Mem:265.59M (Peak 265.59M) | Time:00:00.18 | Mem:0.00M, Peak:0.00M | Scene, ViewLayer | Synchronizing object | West_paddock_fence_mesh47_4
Fra:1 Mem:265.59M (Peak 265.59M) | Time:00:00.18 | Mem:0.00M, Peak:0.00M | Scene, ViewLayer | Synchronizing object | West_paddock_fence_mesh47_5
Fra:1 Mem:265.59M (Peak 265.59M) | Time:00:00.18 | Mem:0.00M, Peak:0.00M | Scene, ViewLayer | Synchronizing object | West_paddock_fence_mesh47_8
Fra:1 Mem:265.60M (Peak 265.60M) | Time:00:00.18 | Mem:0.00M, Peak:0.00M | Scene, ViewLayer | Synchronizing object | West_paddock_fence_post48
Fra:1 Mem:265.60M (Peak 265.60M) | Time:00:00.18 | Mem:0.00M, Peak:0.00M | Scene, ViewLayer | Synchronizing object | West_paddock_fence_rail48_0.35
Fra:1 Mem:265.60M (Peak 265.60M) | Time:00:00.18 | Mem:0.00M, Peak:0.00M | Scene, ViewLayer | Synchronizing object | West_paddock_fence_rail48_2.2
Fra:1 Mem:265.60M (Peak 265.60M) | Time:00:00.18 | Mem:0.00M, Peak:0.00M | Scene, ViewLayer | Synchronizing object | West_paddock_fence_mesh48_0
Fra:1 Mem:265.61M (Peak 265.61M) | Time:00:00.18 | Mem:0.00M, Peak:0.00M | Scene, ViewLayer | Synchronizing object | West_paddock_fence_mesh48_2
Fra:1 Mem:265.62M (Peak 265.62M) | Time:00:00.18 | Mem:0.00M, Peak:0.00M | Scene, ViewLayer | Synchronizing object | West_paddock_fence_mesh48_3
Fra:1 Mem:265.62M (Peak 265.62M) | Time:00:00.18 | Mem:0.00M, Peak:0.00M | Scene, ViewLayer | Synchronizing object | West_paddock_fence_mesh48_4
Fra:1 Mem:265.62M (Peak 265.62M) | Time:00:00.18 | Mem:0.00M, Peak:0.00M | Scene, ViewLayer | Synchronizing object | West_paddock_fence_mesh48_5
Fra:1 Mem:265.62M (Peak 265.62M) | Time:00:00.18 | Mem:0.00M, Peak:0.00M | Scene, ViewLayer | Synchronizing object | West_paddock_fence_mesh48_8
Fra:1 Mem:265.62M (Peak 265.62M) | Time:00:00.18 | Mem:0.00M, Peak:0.00M | Scene, ViewLayer | Synchronizing object | West_paddock_fence_post49
Fra:1 Mem:265.62M (Peak 265.62M) | Time:00:00.18 | Mem:0.00M, Peak:0.00M | Scene, ViewLayer | Synchronizing object | West_paddock_fence_rail49_0.35
Fra:1 Mem:265.63M (Peak 265.63M) | Time:00:00.18 | Mem:0.00M, Peak:0.00M | Scene, ViewLayer | Synchronizing object | West_paddock_fence_rail49_1.2
Fra:1 Mem:265.63M (Peak 265.63M) | Time:00:00.18 | Mem:0.00M, Peak:0.00M | Scene, ViewLayer | Synchronizing object | West_paddock_fence_rail49_2.2
Fra:1 Mem:265.63M (Peak 265.63M) | Time:00:00.18 | Mem:0.00M, Peak:0.00M | Scene, ViewLayer | Synchronizing object | West_paddock_fence_mesh49_0
Fra:1 Mem:265.64M (Peak 265.64M) | Time:00:00.18 | Mem:0.00M, Peak:0.00M | Scene, ViewLayer | Synchronizing object | West_paddock_fence_mesh49_1
Fra:1 Mem:265.64M (Peak 265.64M) | Time:00:00.18 | Mem:0.00M, Peak:0.00M | Scene, ViewLayer | Synchronizing object | West_paddock_fence_mesh49_3
Fra:1 Mem:265.64M (Peak 265.64M) | Time:00:00.18 | Mem:0.00M, Peak:0.00M | Scene, ViewLayer | Synchronizing object | West_paddock_fence_mesh49_5
Fra:1 Mem:265.66M (Peak 265.66M) | Time:00:00.18 | Mem:0.00M, Peak:0.00M | Scene, ViewLayer | Synchronizing object | West_paddock_fence_mesh49_7
Fra:1 Mem:265.65M (Peak 265.66M) | Time:00:00.18 | Mem:0.00M, Peak:0.00M | Scene, ViewLayer | Synchronizing object | West_paddock_fence_mesh49_8
Fra:1 Mem:265.65M (Peak 265.66M) | Time:00:00.18 | Mem:0.00M, Peak:0.00M | Scene, ViewLayer | Synchronizing object | West_paddock_fence_rail50_0.35
Fra:1 Mem:265.66M (Peak 265.66M) | Time:00:00.18 | Mem:0.00M, Peak:0.00M | Scene, ViewLayer | Synchronizing object | West_paddock_fence_rail50_1.2
Fra:1 Mem:265.66M (Peak 265.66M) | Time:00:00.18 | Mem:0.00M, Peak:0.00M | Scene, ViewLayer | Synchronizing object | West_paddock_fence_rail50_2.2
Fra:1 Mem:265.66M (Peak 265.66M) | Time:00:00.18 | Mem:0.00M, Peak:0.00M | Scene, ViewLayer | Synchronizing object | West_paddock_fence_mesh50_1
Fra:1 Mem:265.66M (Peak 265.66M) | Time:00:00.18 | Mem:0.00M, Peak:0.00M | Scene, ViewLayer | Synchronizing object | West_paddock_fence_mesh50_2
Fra:1 Mem:265.67M (Peak 265.67M) | Time:00:00.18 | Mem:0.00M, Peak:0.00M | Scene, ViewLayer | Synchronizing object | West_paddock_fence_mesh50_3
Fra:1 Mem:265.67M (Peak 265.67M) | Time:00:00.18 | Mem:0.00M, Peak:0.00M | Scene, ViewLayer | Synchronizing object | West_paddock_fence_mesh50_4
Fra:1 Mem:265.67M (Peak 265.67M) | Time:00:00.18 | Mem:0.00M, Peak:0.00M | Scene, ViewLayer | Synchronizing object | West_paddock_fence_mesh50_7
Fra:1 Mem:265.67M (Peak 265.67M) | Time:00:00.18 | Mem:0.00M, Peak:0.00M | Scene, ViewLayer | Synchronizing object | West_paddock_fence_mesh50_8
Fra:1 Mem:265.67M (Peak 265.67M) | Time:00:00.18 | Mem:0.00M, Peak:0.00M | Scene, ViewLayer | Synchronizing object | West_paddock_fence_post51
Fra:1 Mem:265.68M (Peak 265.68M) | Time:00:00.18 | Mem:0.00M, Peak:0.00M | Scene, ViewLayer | Synchronizing object | West_paddock_fence_rail51_0.35
Fra:1 Mem:265.68M (Peak 265.68M) | Time:00:00.18 | Mem:0.00M, Peak:0.00M | Scene, ViewLayer | Synchronizing object | West_paddock_fence_rail51_1.2
Fra:1 Mem:265.68M (Peak 265.68M) | Time:00:00.18 | Mem:0.00M, Peak:0.00M | Scene, ViewLayer | Synchronizing object | West_paddock_fence_rail51_2.2
Fra:1 Mem:265.68M (Peak 265.68M) | Time:00:00.18 | Mem:0.00M, Peak:0.00M | Scene, ViewLayer | Synchronizing object | West_paddock_fence_mesh51_0
Fra:1 Mem:265.69M (Peak 265.69M) | Time:00:00.18 | Mem:0.00M, Peak:0.00M | Scene, ViewLayer | Synchronizing object | West_paddock_fence_mesh51_1
Fra:1 Mem:265.69M (Peak 265.69M) | Time:00:00.18 | Mem:0.00M, Peak:0.00M | Scene, ViewLayer | Synchronizing object | West_paddock_fence_mesh51_2
Fra:1 Mem:265.69M (Peak 265.69M) | Time:00:00.18 | Mem:0.00M, Peak:0.00M | Scene, ViewLayer | Synchronizing object | West_paddock_fence_mesh51_3
Fra:1 Mem:265.69M (Peak 265.69M) | Time:00:00.18 | Mem:0.00M, Peak:0.00M | Scene, ViewLayer | Synchronizing object | West_paddock_fence_mesh51_4
Fra:1 Mem:265.69M (Peak 265.69M) | Time:00:00.18 | Mem:0.00M, Peak:0.00M | Scene, ViewLayer | Synchronizing object | West_paddock_fence_mesh51_5
Fra:1 Mem:265.70M (Peak 265.70M) | Time:00:00.18 | Mem:0.00M, Peak:0.00M | Scene, ViewLayer | Synchronizing object | West_paddock_fence_mesh51_6
Fra:1 Mem:265.70M (Peak 265.70M) | Time:00:00.18 | Mem:0.00M, Peak:0.00M | Scene, ViewLayer | Synchronizing object | West_paddock_fence_post52
Fra:1 Mem:265.70M (Peak 265.70M) | Time:00:00.18 | Mem:0.00M, Peak:0.00M | Scene, ViewLayer | Synchronizing object | West_paddock_fence_rail52_1.2
Fra:1 Mem:265.70M (Peak 265.70M) | Time:00:00.18 | Mem:0.00M, Peak:0.00M | Scene, ViewLayer | Synchronizing object | West_paddock_fence_mesh52_0
Fra:1 Mem:265.71M (Peak 265.71M) | Time:00:00.18 | Mem:0.00M, Peak:0.00M | Scene, ViewLayer | Synchronizing object | West_paddock_fence_mesh52_2
Fra:1 Mem:265.71M (Peak 265.71M) | Time:00:00.18 | Mem:0.00M, Peak:0.00M | Scene, ViewLayer | Synchronizing object | West_paddock_fence_mesh52_3
Fra:1 Mem:265.71M (Peak 265.71M) | Time:00:00.18 | Mem:0.00M, Peak:0.00M | Scene, ViewLayer | Synchronizing object | West_paddock_fence_mesh52_4
Fra:1 Mem:265.71M (Peak 265.71M) | Time:00:00.18 | Mem:0.00M, Peak:0.00M | Scene, ViewLayer | Synchronizing object | West_paddock_fence_mesh52_5
Fra:1 Mem:265.71M (Peak 265.71M) | Time:00:00.18 | Mem:0.00M, Peak:0.00M | Scene, ViewLayer | Synchronizing object | West_paddock_fence_mesh52_7
Fra:1 Mem:265.72M (Peak 265.72M) | Time:00:00.18 | Mem:0.00M, Peak:0.00M | Scene, ViewLayer | Synchronizing object | West_paddock_fence_mesh52_8
Fra:1 Mem:265.72M (Peak 265.72M) | Time:00:00.18 | Mem:0.00M, Peak:0.00M | Scene, ViewLayer | Synchronizing object | West_paddock_fence_post53
Fra:1 Mem:265.72M (Peak 265.72M) | Time:00:00.18 | Mem:0.00M, Peak:0.00M | Scene, ViewLayer | Synchronizing object | West_paddock_fence_rail53_1.2
Fra:1 Mem:265.73M (Peak 265.73M) | Time:00:00.18 | Mem:0.00M, Peak:0.00M | Scene, ViewLayer | Synchronizing object | West_paddock_fence_rail53_2.2
Fra:1 Mem:265.73M (Peak 265.73M) | Time:00:00.18 | Mem:0.00M, Peak:0.00M | Scene, ViewLayer | Synchronizing object | West_paddock_fence_mesh53_0
Fra:1 Mem:265.73M (Peak 265.73M) | Time:00:00.18 | Mem:0.00M, Peak:0.00M | Scene, ViewLayer | Synchronizing object | West_paddock_fence_mesh53_1
Fra:1 Mem:265.74M (Peak 265.74M) | Time:00:00.18 | Mem:0.00M, Peak:0.00M | Scene, ViewLayer | Synchronizing object | West_paddock_fence_mesh53_2
Fra:1 Mem:265.74M (Peak 265.74M) | Time:00:00.18 | Mem:0.00M, Peak:0.00M | Scene, ViewLayer | Synchronizing object | West_paddock_fence_mesh53_4
Fra:1 Mem:265.74M (Peak 265.74M) | Time:00:00.18 | Mem:0.00M, Peak:0.00M | Scene, ViewLayer | Synchronizing object | West_paddock_fence_mesh53_5
Fra:1 Mem:265.74M (Peak 265.74M) | Time:00:00.18 | Mem:0.00M, Peak:0.00M | Scene, ViewLayer | Synchronizing object | West_paddock_fence_mesh53_7
Fra:1 Mem:265.75M (Peak 265.75M) | Time:00:00.18 | Mem:0.00M, Peak:0.00M | Scene, ViewLayer | Synchronizing object | West_paddock_fence_mesh53_8
Fra:1 Mem:265.75M (Peak 265.75M) | Time:00:00.18 | Mem:0.00M, Peak:0.00M | Scene, ViewLayer | Synchronizing object | West_paddock_fence_rail54_0.35
Fra:1 Mem:265.75M (Peak 265.75M) | Time:00:00.18 | Mem:0.00M, Peak:0.00M | Scene, ViewLayer | Synchronizing object | West_paddock_fence_rail54_2.2
Fra:1 Mem:265.75M (Peak 265.75M) | Time:00:00.18 | Mem:0.00M, Peak:0.00M | Scene, ViewLayer | Synchronizing object | West_paddock_fence_mesh54_1
Fra:1 Mem:265.76M (Peak 265.76M) | Time:00:00.18 | Mem:0.00M, Peak:0.00M | Scene, ViewLayer | Synchronizing object | West_paddock_fence_mesh54_2
Fra:1 Mem:265.76M (Peak 265.76M) | Time:00:00.18 | Mem:0.00M, Peak:0.00M | Scene, ViewLayer | Synchronizing object | West_paddock_fence_mesh54_3
Fra:1 Mem:265.76M (Peak 265.76M) | Time:00:00.18 | Mem:0.00M, Peak:0.00M | Scene, ViewLayer | Synchronizing object | West_paddock_fence_mesh54_4
Fra:1 Mem:265.76M (Peak 265.76M) | Time:00:00.18 | Mem:0.00M, Peak:0.00M | Scene, ViewLayer | Synchronizing object | West_paddock_fence_mesh54_5
Fra:1 Mem:265.76M (Peak 265.76M) | Time:00:00.18 | Mem:0.00M, Peak:0.00M | Scene, ViewLayer | Synchronizing object | West_paddock_fence_mesh54_6
Fra:1 Mem:265.77M (Peak 265.77M) | Time:00:00.18 | Mem:0.00M, Peak:0.00M | Scene, ViewLayer | Synchronizing object | West_paddock_fence_mesh54_7
Fra:1 Mem:265.77M (Peak 265.77M) | Time:00:00.18 | Mem:0.00M, Peak:0.00M | Scene, ViewLayer | Synchronizing object | West_paddock_fence_mesh54_8
Fra:1 Mem:265.77M (Peak 265.77M) | Time:00:00.18 | Mem:0.00M, Peak:0.00M | Scene, ViewLayer | Synchronizing object | West_paddock_fence_post55
Fra:1 Mem:265.77M (Peak 265.77M) | Time:00:00.18 | Mem:0.00M, Peak:0.00M | Scene, ViewLayer | Synchronizing object | West_paddock_fence_rail55_0.35
Fra:1 Mem:265.78M (Peak 265.78M) | Time:00:00.18 | Mem:0.00M, Peak:0.00M | Scene, ViewLayer | Synchronizing object | West_paddock_fence_rail55_2.2
Fra:1 Mem:265.78M (Peak 265.78M) | Time:00:00.18 | Mem:0.00M, Peak:0.00M | Scene, ViewLayer | Synchronizing object | West_paddock_fence_mesh55_0
Fra:1 Mem:265.79M (Peak 265.79M) | Time:00:00.18 | Mem:0.00M, Peak:0.00M | Scene, ViewLayer | Synchronizing object | West_paddock_fence_mesh55_2
Fra:1 Mem:265.79M (Peak 265.79M) | Time:00:00.18 | Mem:0.00M, Peak:0.00M | Scene, ViewLayer | Synchronizing object | West_paddock_fence_mesh55_4
Fra:1 Mem:265.79M (Peak 265.79M) | Time:00:00.18 | Mem:0.00M, Peak:0.00M | Scene, ViewLayer | Synchronizing object | West_paddock_fence_mesh55_5
Fra:1 Mem:265.79M (Peak 265.79M) | Time:00:00.18 | Mem:0.00M, Peak:0.00M | Scene, ViewLayer | Synchronizing object | West_paddock_fence_mesh55_6
Fra:1 Mem:265.80M (Peak 265.80M) | Time:00:00.18 | Mem:0.00M, Peak:0.00M | Scene, ViewLayer | Synchronizing object | West_paddock_fence_mesh55_8
Fra:1 Mem:265.80M (Peak 265.80M) | Time:00:00.18 | Mem:0.00M, Peak:0.00M | Scene, ViewLayer | Synchronizing object | West_paddock_fence_post56
Fra:1 Mem:265.80M (Peak 265.80M) | Time:00:00.18 | Mem:0.00M, Peak:0.00M | Scene, ViewLayer | Synchronizing object | West_paddock_fence_rail56_1.2
Fra:1 Mem:265.81M (Peak 265.81M) | Time:00:00.18 | Mem:0.00M, Peak:0.00M | Scene, ViewLayer | Synchronizing object | West_paddock_fence_mesh56_0
Fra:1 Mem:265.81M (Peak 265.81M) | Time:00:00.18 | Mem:0.00M, Peak:0.00M | Scene, ViewLayer | Synchronizing object | West_paddock_fence_mesh56_1
Fra:1 Mem:265.81M (Peak 265.81M) | Time:00:00.18 | Mem:0.00M, Peak:0.00M | Scene, ViewLayer | Synchronizing object | West_paddock_fence_mesh56_2
Fra:1 Mem:265.81M (Peak 265.81M) | Time:00:00.18 | Mem:0.00M, Peak:0.00M | Scene, ViewLayer | Synchronizing object | West_paddock_fence_mesh56_3
Fra:1 Mem:265.81M (Peak 265.81M) | Time:00:00.18 | Mem:0.00M, Peak:0.00M | Scene, ViewLayer | Synchronizing object | West_paddock_fence_mesh56_4
Fra:1 Mem:265.82M (Peak 265.82M) | Time:00:00.18 | Mem:0.00M, Peak:0.00M | Scene, ViewLayer | Synchronizing object | West_paddock_fence_mesh56_5
Fra:1 Mem:265.82M (Peak 265.82M) | Time:00:00.18 | Mem:0.00M, Peak:0.00M | Scene, ViewLayer | Synchronizing object | West_paddock_fence_mesh56_6
Fra:1 Mem:265.82M (Peak 265.82M) | Time:00:00.18 | Mem:0.00M, Peak:0.00M | Scene, ViewLayer | Synchronizing object | West_paddock_fence_mesh56_7
Fra:1 Mem:265.82M (Peak 265.82M) | Time:00:00.18 | Mem:0.00M, Peak:0.00M | Scene, ViewLayer | Synchronizing object | East_service_fence_post0
Fra:1 Mem:265.82M (Peak 265.82M) | Time:00:00.18 | Mem:0.00M, Peak:0.00M | Scene, ViewLayer | Synchronizing object | East_service_fence_rail0_0.35
Fra:1 Mem:265.84M (Peak 265.84M) | Time:00:00.18 | Mem:0.00M, Peak:0.00M | Scene, ViewLayer | Synchronizing object | East_service_fence_rail0_1.2
Fra:1 Mem:265.83M (Peak 265.84M) | Time:00:00.18 | Mem:0.00M, Peak:0.00M | Scene, ViewLayer | Synchronizing object | East_service_fence_rail0_2.2
Fra:1 Mem:265.83M (Peak 265.84M) | Time:00:00.18 | Mem:0.00M, Peak:0.00M | Scene, ViewLayer | Synchronizing object | East_service_fence_mesh0_1
Fra:1 Mem:265.84M (Peak 265.84M) | Time:00:00.18 | Mem:0.00M, Peak:0.00M | Scene, ViewLayer | Synchronizing object | East_service_fence_mesh0_2
Fra:1 Mem:265.84M (Peak 265.84M) | Time:00:00.18 | Mem:0.00M, Peak:0.00M | Scene, ViewLayer | Synchronizing object | East_service_fence_mesh0_5
Fra:1 Mem:265.84M (Peak 265.84M) | Time:00:00.18 | Mem:0.00M, Peak:0.00M | Scene, ViewLayer | Synchronizing object | East_service_fence_mesh0_6
Fra:1 Mem:265.85M (Peak 265.85M) | Time:00:00.18 | Mem:0.00M, Peak:0.00M | Scene, ViewLayer | Synchronizing object | East_service_fence_mesh0_7
Fra:1 Mem:265.85M (Peak 265.85M) | Time:00:00.18 | Mem:0.00M, Peak:0.00M | Scene, ViewLayer | Synchronizing object | East_service_fence_post1
Fra:1 Mem:265.85M (Peak 265.85M) | Time:00:00.18 | Mem:0.00M, Peak:0.00M | Scene, ViewLayer | Synchronizing object | East_service_fence_rail1_0.35
Fra:1 Mem:265.85M (Peak 265.85M) | Time:00:00.18 | Mem:0.00M, Peak:0.00M | Scene, ViewLayer | Synchronizing object | East_service_fence_rail1_1.2
Fra:1 Mem:265.86M (Peak 265.86M) | Time:00:00.18 | Mem:0.00M, Peak:0.00M | Scene, ViewLayer | Synchronizing object | East_service_fence_rail1_2.2
Fra:1 Mem:265.86M (Peak 265.86M) | Time:00:00.18 | Mem:0.00M, Peak:0.00M | Scene, ViewLayer | Synchronizing object | East_service_fence_mesh1_0
Fra:1 Mem:265.86M (Peak 265.86M) | Time:00:00.18 | Mem:0.00M, Peak:0.00M | Scene, ViewLayer | Synchronizing object | East_service_fence_mesh1_2
Fra:1 Mem:265.87M (Peak 265.87M) | Time:00:00.18 | Mem:0.00M, Peak:0.00M | Scene, ViewLayer | Synchronizing object | East_service_fence_mesh1_3
Fra:1 Mem:265.87M (Peak 265.87M) | Time:00:00.18 | Mem:0.00M, Peak:0.00M | Scene, ViewLayer | Synchronizing object | East_service_fence_mesh1_6
Fra:1 Mem:265.87M (Peak 265.87M) | Time:00:00.18 | Mem:0.00M, Peak:0.00M | Scene, ViewLayer | Synchronizing object | East_service_fence_mesh1_8
Fra:1 Mem:265.88M (Peak 265.88M) | Time:00:00.18 | Mem:0.00M, Peak:0.00M | Scene, ViewLayer | Synchronizing object | East_service_fence_post2
Fra:1 Mem:265.88M (Peak 265.88M) | Time:00:00.18 | Mem:0.00M, Peak:0.00M | Scene, ViewLayer | Synchronizing object | East_service_fence_rail2_0.35
Fra:1 Mem:265.88M (Peak 265.88M) | Time:00:00.18 | Mem:0.00M, Peak:0.00M | Scene, ViewLayer | Synchronizing object | East_service_fence_rail2_1.2
Fra:1 Mem:265.88M (Peak 265.88M) | Time:00:00.18 | Mem:0.00M, Peak:0.00M | Scene, ViewLayer | Synchronizing object | East_service_fence_rail2_2.2
Fra:1 Mem:265.88M (Peak 265.88M) | Time:00:00.18 | Mem:0.00M, Peak:0.00M | Scene, ViewLayer | Synchronizing object | East_service_fence_mesh2_0
Fra:1 Mem:265.88M (Peak 265.88M) | Time:00:00.18 | Mem:0.00M, Peak:0.00M | Scene, ViewLayer | Synchronizing object | East_service_fence_mesh2_3
Fra:1 Mem:265.89M (Peak 265.89M) | Time:00:00.18 | Mem:0.00M, Peak:0.00M | Scene, ViewLayer | Synchronizing object | East_service_fence_mesh2_4
Fra:1 Mem:265.89M (Peak 265.89M) | Time:00:00.18 | Mem:0.00M, Peak:0.00M | Scene, ViewLayer | Synchronizing object | East_service_fence_mesh2_5
Fra:1 Mem:265.89M (Peak 265.89M) | Time:00:00.18 | Mem:0.00M, Peak:0.00M | Scene, ViewLayer | Synchronizing object | East_service_fence_mesh2_8
Fra:1 Mem:265.90M (Peak 265.90M) | Time:00:00.18 | Mem:0.00M, Peak:0.00M | Scene, ViewLayer | Synchronizing object | East_service_fence_post3
Fra:1 Mem:265.90M (Peak 265.90M) | Time:00:00.18 | Mem:0.00M, Peak:0.00M | Scene, ViewLayer | Synchronizing object | East_service_fence_rail3_1.2
Fra:1 Mem:265.91M (Peak 265.91M) | Time:00:00.18 | Mem:0.00M, Peak:0.00M | Scene, ViewLayer | Synchronizing object | East_service_fence_mesh3_0
Fra:1 Mem:265.91M (Peak 265.91M) | Time:00:00.18 | Mem:0.00M, Peak:0.00M | Scene, ViewLayer | Synchronizing object | East_service_fence_mesh3_1
Fra:1 Mem:265.92M (Peak 265.92M) | Time:00:00.18 | Mem:0.00M, Peak:0.00M | Scene, ViewLayer | Synchronizing object | East_service_fence_mesh3_2
Fra:1 Mem:265.92M (Peak 265.92M) | Time:00:00.18 | Mem:0.00M, Peak:0.00M | Scene, ViewLayer | Synchronizing object | East_service_fence_mesh3_3
Fra:1 Mem:265.92M (Peak 265.92M) | Time:00:00.18 | Mem:0.00M, Peak:0.00M | Scene, ViewLayer | Synchronizing object | East_service_fence_mesh3_7
Fra:1 Mem:265.92M (Peak 265.92M) | Time:00:00.18 | Mem:0.00M, Peak:0.00M | Scene, ViewLayer | Synchronizing object | East_service_fence_mesh3_8
Fra:1 Mem:265.93M (Peak 265.93M) | Time:00:00.18 | Mem:0.00M, Peak:0.00M | Scene, ViewLayer | Synchronizing object | East_service_fence_post4
Fra:1 Mem:265.93M (Peak 265.93M) | Time:00:00.18 | Mem:0.00M, Peak:0.00M | Scene, ViewLayer | Synchronizing object | East_service_fence_rail4_0.35
Fra:1 Mem:265.93M (Peak 265.93M) | Time:00:00.18 | Mem:0.00M, Peak:0.00M | Scene, ViewLayer | Synchronizing object | East_service_fence_rail4_2.2
Fra:1 Mem:265.93M (Peak 265.93M) | Time:00:00.18 | Mem:0.00M, Peak:0.00M | Scene, ViewLayer | Synchronizing object | East_service_fence_mesh4_0
Fra:1 Mem:265.94M (Peak 265.94M) | Time:00:00.18 | Mem:0.00M, Peak:0.00M | Scene, ViewLayer | Synchronizing object | East_service_fence_mesh4_1
Fra:1 Mem:265.94M (Peak 265.94M) | Time:00:00.18 | Mem:0.00M, Peak:0.00M | Scene, ViewLayer | Synchronizing object | East_service_fence_mesh4_3
Fra:1 Mem:265.94M (Peak 265.94M) | Time:00:00.18 | Mem:0.00M, Peak:0.00M | Scene, ViewLayer | Synchronizing object | East_service_fence_mesh4_4
Fra:1 Mem:265.95M (Peak 265.95M) | Time:00:00.18 | Mem:0.00M, Peak:0.00M | Scene, ViewLayer | Synchronizing object | East_service_fence_mesh4_6
Fra:1 Mem:265.95M (Peak 265.95M) | Time:00:00.18 | Mem:0.00M, Peak:0.00M | Scene, ViewLayer | Synchronizing object | East_service_fence_mesh4_8
Fra:1 Mem:265.95M (Peak 265.95M) | Time:00:00.18 | Mem:0.00M, Peak:0.00M | Scene, ViewLayer | Synchronizing object | East_service_fence_rail5_0.35
Fra:1 Mem:265.95M (Peak 265.95M) | Time:00:00.18 | Mem:0.00M, Peak:0.00M | Scene, ViewLayer | Synchronizing object | East_service_fence_rail5_1.2
Fra:1 Mem:265.96M (Peak 265.96M) | Time:00:00.18 | Mem:0.00M, Peak:0.00M | Scene, ViewLayer | Synchronizing object | East_service_fence_rail5_2.2
Fra:1 Mem:265.96M (Peak 265.96M) | Time:00:00.18 | Mem:0.00M, Peak:0.00M | Scene, ViewLayer | Synchronizing object | East_service_fence_mesh5_1
Fra:1 Mem:265.96M (Peak 265.96M) | Time:00:00.18 | Mem:0.00M, Peak:0.00M | Scene, ViewLayer | Synchronizing object | East_service_fence_mesh5_3
Fra:1 Mem:265.97M (Peak 265.97M) | Time:00:00.18 | Mem:0.00M, Peak:0.00M | Scene, ViewLayer | Synchronizing object | East_service_fence_mesh5_4
Fra:1 Mem:265.97M (Peak 265.97M) | Time:00:00.18 | Mem:0.00M, Peak:0.00M | Scene, ViewLayer | Synchronizing object | East_service_fence_mesh5_6
Fra:1 Mem:265.97M (Peak 265.97M) | Time:00:00.18 | Mem:0.00M, Peak:0.00M | Scene, ViewLayer | Synchronizing object | East_service_fence_mesh5_7
Fra:1 Mem:265.97M (Peak 265.97M) | Time:00:00.18 | Mem:0.00M, Peak:0.00M | Scene, ViewLayer | Synchronizing object | East_service_fence_post6
Fra:1 Mem:265.98M (Peak 265.98M) | Time:00:00.18 | Mem:0.00M, Peak:0.00M | Scene, ViewLayer | Synchronizing object | East_service_fence_rail6_0.35
Fra:1 Mem:265.99M (Peak 265.99M) | Time:00:00.18 | Mem:0.00M, Peak:0.00M | Scene, ViewLayer | Synchronizing object | East_service_fence_rail6_1.2
Fra:1 Mem:265.99M (Peak 265.99M) | Time:00:00.18 | Mem:0.00M, Peak:0.00M | Scene, ViewLayer | Synchronizing object | East_service_fence_rail6_2.2
Fra:1 Mem:265.99M (Peak 265.99M) | Time:00:00.18 | Mem:0.00M, Peak:0.00M | Scene, ViewLayer | Synchronizing object | East_service_fence_mesh6_3
Fra:1 Mem:266.00M (Peak 266.00M) | Time:00:00.18 | Mem:0.00M, Peak:0.00M | Scene, ViewLayer | Synchronizing object | East_service_fence_mesh6_4
Fra:1 Mem:266.00M (Peak 266.00M) | Time:00:00.18 | Mem:0.00M, Peak:0.00M | Scene, ViewLayer | Synchronizing object | East_service_fence_mesh6_5
Fra:1 Mem:266.00M (Peak 266.00M) | Time:00:00.18 | Mem:0.00M, Peak:0.00M | Scene, ViewLayer | Synchronizing object | East_service_fence_mesh6_6
Fra:1 Mem:266.00M (Peak 266.00M) | Time:00:00.18 | Mem:0.00M, Peak:0.00M | Scene, ViewLayer | Synchronizing object | East_service_fence_post7
Fra:1 Mem:266.00M (Peak 266.00M) | Time:00:00.18 | Mem:0.00M, Peak:0.00M | Scene, ViewLayer | Synchronizing object | East_service_fence_rail7_0.35
Fra:1 Mem:266.01M (Peak 266.01M) | Time:00:00.18 | Mem:0.00M, Peak:0.00M | Scene, ViewLayer | Synchronizing object | East_service_fence_rail7_1.2
Fra:1 Mem:266.01M (Peak 266.01M) | Time:00:00.18 | Mem:0.00M, Peak:0.00M | Scene, ViewLayer | Synchronizing object | East_service_fence_mesh7_0
Fra:1 Mem:266.01M (Peak 266.01M) | Time:00:00.18 | Mem:0.00M, Peak:0.00M | Scene, ViewLayer | Synchronizing object | East_service_fence_mesh7_1
Fra:1 Mem:266.01M (Peak 266.01M) | Time:00:00.18 | Mem:0.00M, Peak:0.00M | Scene, ViewLayer | Synchronizing object | East_service_fence_mesh7_2
Fra:1 Mem:266.02M (Peak 266.02M) | Time:00:00.18 | Mem:0.00M, Peak:0.00M | Scene, ViewLayer | Synchronizing object | East_service_fence_mesh7_4
Fra:1 Mem:266.02M (Peak 266.02M) | Time:00:00.18 | Mem:0.00M, Peak:0.00M | Scene, ViewLayer | Synchronizing object | East_service_fence_mesh7_5
Fra:1 Mem:266.02M (Peak 266.02M) | Time:00:00.18 | Mem:0.00M, Peak:0.00M | Scene, ViewLayer | Synchronizing object | East_service_fence_mesh7_7
Fra:1 Mem:266.03M (Peak 266.03M) | Time:00:00.18 | Mem:0.00M, Peak:0.00M | Scene, ViewLayer | Synchronizing object | East_service_fence_mesh7_8
Fra:1 Mem:266.03M (Peak 266.03M) | Time:00:00.18 | Mem:0.00M, Peak:0.00M | Scene, ViewLayer | Synchronizing object | East_service_fence_rail8_0.35
Fra:1 Mem:266.03M (Peak 266.03M) | Time:00:00.18 | Mem:0.00M, Peak:0.00M | Scene, ViewLayer | Synchronizing object | East_service_fence_rail8_1.2
Fra:1 Mem:266.03M (Peak 266.03M) | Time:00:00.18 | Mem:0.00M, Peak:0.00M | Scene, ViewLayer | Synchronizing object | East_service_fence_rail8_2.2
Fra:1 Mem:266.04M (Peak 266.04M) | Time:00:00.18 | Mem:0.00M, Peak:0.00M | Scene, ViewLayer | Synchronizing object | East_service_fence_mesh8_1
Fra:1 Mem:266.04M (Peak 266.04M) | Time:00:00.18 | Mem:0.00M, Peak:0.00M | Scene, ViewLayer | Synchronizing object | East_service_fence_mesh8_3
Fra:1 Mem:266.04M (Peak 266.04M) | Time:00:00.18 | Mem:0.00M, Peak:0.00M | Scene, ViewLayer | Synchronizing object | East_service_fence_mesh8_4
Fra:1 Mem:266.05M (Peak 266.05M) | Time:00:00.18 | Mem:0.00M, Peak:0.00M | Scene, ViewLayer | Synchronizing object | East_service_fence_mesh8_6
Fra:1 Mem:266.05M (Peak 266.05M) | Time:00:00.18 | Mem:0.00M, Peak:0.00M | Scene, ViewLayer | Synchronizing object | East_service_fence_mesh8_7
Fra:1 Mem:266.05M (Peak 266.05M) | Time:00:00.18 | Mem:0.00M, Peak:0.00M | Scene, ViewLayer | Synchronizing object | East_service_fence_mesh8_8
Fra:1 Mem:266.05M (Peak 266.05M) | Time:00:00.18 | Mem:0.00M, Peak:0.00M | Scene, ViewLayer | Synchronizing object | East_service_fence_post9
Fra:1 Mem:266.05M (Peak 266.05M) | Time:00:00.18 | Mem:0.00M, Peak:0.00M | Scene, ViewLayer | Synchronizing object | East_service_fence_rail9_0.35
Fra:1 Mem:266.06M (Peak 266.06M) | Time:00:00.19 | Mem:0.00M, Peak:0.00M | Scene, ViewLayer | Synchronizing object | East_service_fence_rail9_1.2
Fra:1 Mem:266.06M (Peak 266.06M) | Time:00:00.19 | Mem:0.00M, Peak:0.00M | Scene, ViewLayer | Synchronizing object | East_service_fence_rail9_2.2
Fra:1 Mem:266.06M (Peak 266.06M) | Time:00:00.19 | Mem:0.00M, Peak:0.00M | Scene, ViewLayer | Synchronizing object | East_service_fence_mesh9_0
Fra:1 Mem:266.07M (Peak 266.07M) | Time:00:00.19 | Mem:0.00M, Peak:0.00M | Scene, ViewLayer | Synchronizing object | East_service_fence_mesh9_1
Fra:1 Mem:266.07M (Peak 266.07M) | Time:00:00.19 | Mem:0.00M, Peak:0.00M | Scene, ViewLayer | Synchronizing object | East_service_fence_mesh9_2
Fra:1 Mem:266.07M (Peak 266.07M) | Time:00:00.19 | Mem:0.00M, Peak:0.00M | Scene, ViewLayer | Synchronizing object | East_service_fence_mesh9_4
Fra:1 Mem:266.07M (Peak 266.07M) | Time:00:00.19 | Mem:0.00M, Peak:0.00M | Scene, ViewLayer | Synchronizing object | East_service_fence_mesh9_5
Fra:1 Mem:266.08M (Peak 266.08M) | Time:00:00.19 | Mem:0.00M, Peak:0.00M | Scene, ViewLayer | Synchronizing object | East_service_fence_mesh9_7
Fra:1 Mem:266.08M (Peak 266.08M) | Time:00:00.19 | Mem:0.00M, Peak:0.00M | Scene, ViewLayer | Synchronizing object | East_service_fence_mesh9_8
Fra:1 Mem:266.08M (Peak 266.08M) | Time:00:00.19 | Mem:0.00M, Peak:0.00M | Scene, ViewLayer | Synchronizing object | East_service_fence_post10
Fra:1 Mem:266.08M (Peak 266.08M) | Time:00:00.19 | Mem:0.00M, Peak:0.00M | Scene, ViewLayer | Synchronizing object | East_service_fence_rail10_1.2
Fra:1 Mem:266.08M (Peak 266.08M) | Time:00:00.19 | Mem:0.00M, Peak:0.00M | Scene, ViewLayer | Synchronizing object | East_service_fence_mesh10_0
Fra:1 Mem:266.09M (Peak 266.09M) | Time:00:00.19 | Mem:0.00M, Peak:0.00M | Scene, ViewLayer | Synchronizing object | East_service_fence_mesh10_1
Fra:1 Mem:266.09M (Peak 266.09M) | Time:00:00.19 | Mem:0.00M, Peak:0.00M | Scene, ViewLayer | Synchronizing object | East_service_fence_mesh10_2
Fra:1 Mem:266.09M (Peak 266.09M) | Time:00:00.19 | Mem:0.00M, Peak:0.00M | Scene, ViewLayer | Synchronizing object | East_service_fence_mesh10_3
Fra:1 Mem:266.09M (Peak 266.09M) | Time:00:00.19 | Mem:0.00M, Peak:0.00M | Scene, ViewLayer | Synchronizing object | East_service_fence_mesh10_4
Fra:1 Mem:266.09M (Peak 266.09M) | Time:00:00.19 | Mem:0.00M, Peak:0.00M | Scene, ViewLayer | Synchronizing object | East_service_fence_mesh10_5
Fra:1 Mem:266.10M (Peak 266.10M) | Time:00:00.19 | Mem:0.00M, Peak:0.00M | Scene, ViewLayer | Synchronizing object | East_service_fence_mesh10_6
Fra:1 Mem:266.10M (Peak 266.10M) | Time:00:00.19 | Mem:0.00M, Peak:0.00M | Scene, ViewLayer | Synchronizing object | East_service_fence_post11
Fra:1 Mem:266.11M (Peak 266.11M) | Time:00:00.19 | Mem:0.00M, Peak:0.00M | Scene, ViewLayer | Synchronizing object | East_service_fence_rail11_1.2
Fra:1 Mem:266.11M (Peak 266.11M) | Time:00:00.19 | Mem:0.00M, Peak:0.00M | Scene, ViewLayer | Synchronizing object | East_service_fence_rail11_2.2
Fra:1 Mem:266.11M (Peak 266.11M) | Time:00:00.19 | Mem:0.00M, Peak:0.00M | Scene, ViewLayer | Synchronizing object | East_service_fence_mesh11_0
Fra:1 Mem:266.11M (Peak 266.11M) | Time:00:00.19 | Mem:0.00M, Peak:0.00M | Scene, ViewLayer | Synchronizing object | East_service_fence_mesh11_1
Fra:1 Mem:266.12M (Peak 266.12M) | Time:00:00.19 | Mem:0.00M, Peak:0.00M | Scene, ViewLayer | Synchronizing object | East_service_fence_mesh11_2
Fra:1 Mem:266.12M (Peak 266.12M) | Time:00:00.19 | Mem:0.00M, Peak:0.00M | Scene, ViewLayer | Synchronizing object | East_service_fence_mesh11_5
Fra:1 Mem:266.13M (Peak 266.13M) | Time:00:00.19 | Mem:0.00M, Peak:0.00M | Scene, ViewLayer | Synchronizing object | East_service_fence_mesh11_7
Fra:1 Mem:266.13M (Peak 266.13M) | Time:00:00.19 | Mem:0.00M, Peak:0.00M | Scene, ViewLayer | Synchronizing object | East_service_fence_mesh11_8
Fra:1 Mem:266.13M (Peak 266.13M) | Time:00:00.19 | Mem:0.00M, Peak:0.00M | Scene, ViewLayer | Synchronizing object | East_service_fence_post12
Fra:1 Mem:266.13M (Peak 266.13M) | Time:00:00.19 | Mem:0.00M, Peak:0.00M | Scene, ViewLayer | Synchronizing object | East_service_fence_rail12_1.2
Fra:1 Mem:266.13M (Peak 266.13M) | Time:00:00.19 | Mem:0.00M, Peak:0.00M | Scene, ViewLayer | Synchronizing object | East_service_fence_mesh12_1
Fra:1 Mem:266.14M (Peak 266.14M) | Time:00:00.19 | Mem:0.00M, Peak:0.00M | Scene, ViewLayer | Synchronizing object | East_service_fence_mesh12_2
Fra:1 Mem:266.14M (Peak 266.14M) | Time:00:00.19 | Mem:0.00M, Peak:0.00M | Scene, ViewLayer | Synchronizing object | East_service_fence_mesh12_3
Fra:1 Mem:266.15M (Peak 266.15M) | Time:00:00.19 | Mem:0.00M, Peak:0.00M | Scene, ViewLayer | Synchronizing object | East_service_fence_mesh12_4
Fra:1 Mem:266.15M (Peak 266.15M) | Time:00:00.19 | Mem:0.00M, Peak:0.00M | Scene, ViewLayer | Synchronizing object | East_service_fence_mesh12_5
Fra:1 Mem:266.15M (Peak 266.15M) | Time:00:00.19 | Mem:0.00M, Peak:0.00M | Scene, ViewLayer | Synchronizing object | East_service_fence_mesh12_8
Fra:1 Mem:266.16M (Peak 266.16M) | Time:00:00.19 | Mem:0.00M, Peak:0.00M | Scene, ViewLayer | Synchronizing object | East_service_fence_post13
Fra:1 Mem:266.16M (Peak 266.16M) | Time:00:00.19 | Mem:0.00M, Peak:0.00M | Scene, ViewLayer | Synchronizing object | East_service_fence_rail13_0.35
Fra:1 Mem:266.16M (Peak 266.16M) | Time:00:00.19 | Mem:0.00M, Peak:0.00M | Scene, ViewLayer | Synchronizing object | East_service_fence_mesh13_0
Fra:1 Mem:266.16M (Peak 266.16M) | Time:00:00.19 | Mem:0.00M, Peak:0.00M | Scene, ViewLayer | Synchronizing object | East_service_fence_mesh13_1
Fra:1 Mem:266.17M (Peak 266.17M) | Time:00:00.19 | Mem:0.00M, Peak:0.00M | Scene, ViewLayer | Synchronizing object | East_service_fence_mesh13_3
Fra:1 Mem:266.17M (Peak 266.17M) | Time:00:00.19 | Mem:0.00M, Peak:0.00M | Scene, ViewLayer | Synchronizing object | East_service_fence_mesh13_4
Fra:1 Mem:266.17M (Peak 266.17M) | Time:00:00.19 | Mem:0.00M, Peak:0.00M | Scene, ViewLayer | Synchronizing object | East_service_fence_mesh13_6
Fra:1 Mem:266.17M (Peak 266.17M) | Time:00:00.19 | Mem:0.00M, Peak:0.00M | Scene, ViewLayer | Synchronizing object | East_service_fence_mesh13_7
Fra:1 Mem:266.18M (Peak 266.18M) | Time:00:00.19 | Mem:0.00M, Peak:0.00M | Scene, ViewLayer | Synchronizing object | East_service_fence_post14
Fra:1 Mem:266.18M (Peak 266.18M) | Time:00:00.19 | Mem:0.00M, Peak:0.00M | Scene, ViewLayer | Synchronizing object | East_service_fence_rail14_0.35
Fra:1 Mem:266.18M (Peak 266.18M) | Time:00:00.19 | Mem:0.00M, Peak:0.00M | Scene, ViewLayer | Synchronizing object | East_service_fence_mesh14_0
Fra:1 Mem:266.18M (Peak 266.18M) | Time:00:00.19 | Mem:0.00M, Peak:0.00M | Scene, ViewLayer | Synchronizing object | East_service_fence_mesh14_1
Fra:1 Mem:266.19M (Peak 266.19M) | Time:00:00.19 | Mem:0.00M, Peak:0.00M | Scene, ViewLayer | Synchronizing object | East_service_fence_mesh14_2
Fra:1 Mem:266.19M (Peak 266.19M) | Time:00:00.19 | Mem:0.00M, Peak:0.00M | Scene, ViewLayer | Synchronizing object | East_service_fence_mesh14_3
Fra:1 Mem:266.19M (Peak 266.19M) | Time:00:00.19 | Mem:0.00M, Peak:0.00M | Scene, ViewLayer | Synchronizing object | East_service_fence_mesh14_4
Fra:1 Mem:266.19M (Peak 266.19M) | Time:00:00.19 | Mem:0.00M, Peak:0.00M | Scene, ViewLayer | Synchronizing object | East_service_fence_mesh14_5
Fra:1 Mem:266.20M (Peak 266.20M) | Time:00:00.19 | Mem:0.00M, Peak:0.00M | Scene, ViewLayer | Synchronizing object | East_service_fence_mesh14_7
Fra:1 Mem:266.20M (Peak 266.20M) | Time:00:00.19 | Mem:0.00M, Peak:0.00M | Scene, ViewLayer | Synchronizing object | East_service_fence_mesh14_8
Fra:1 Mem:266.20M (Peak 266.20M) | Time:00:00.19 | Mem:0.00M, Peak:0.00M | Scene, ViewLayer | Synchronizing object | East_service_fence_post15
Fra:1 Mem:266.20M (Peak 266.20M) | Time:00:00.19 | Mem:0.00M, Peak:0.00M | Scene, ViewLayer | Synchronizing object | East_service_fence_rail15_0.35
Fra:1 Mem:266.20M (Peak 266.20M) | Time:00:00.19 | Mem:0.00M, Peak:0.00M | Scene, ViewLayer | Synchronizing object | East_service_fence_rail15_2.2
Fra:1 Mem:266.21M (Peak 266.21M) | Time:00:00.19 | Mem:0.00M, Peak:0.00M | Scene, ViewLayer | Synchronizing object | East_service_fence_mesh15_0
Fra:1 Mem:266.21M (Peak 266.21M) | Time:00:00.19 | Mem:0.00M, Peak:0.00M | Scene, ViewLayer | Synchronizing object | East_service_fence_mesh15_1
Fra:1 Mem:266.21M (Peak 266.21M) | Time:00:00.19 | Mem:0.00M, Peak:0.00M | Scene, ViewLayer | Synchronizing object | East_service_fence_mesh15_2
Fra:1 Mem:266.22M (Peak 266.22M) | Time:00:00.19 | Mem:0.00M, Peak:0.00M | Scene, ViewLayer | Synchronizing object | East_service_fence_mesh15_3
Fra:1 Mem:266.22M (Peak 266.22M) | Time:00:00.19 | Mem:0.00M, Peak:0.00M | Scene, ViewLayer | Synchronizing object | East_service_fence_mesh15_5
Fra:1 Mem:266.22M (Peak 266.22M) | Time:00:00.19 | Mem:0.00M, Peak:0.00M | Scene, ViewLayer | Synchronizing object | East_service_fence_mesh15_6
Fra:1 Mem:266.22M (Peak 266.22M) | Time:00:00.19 | Mem:0.00M, Peak:0.00M | Scene, ViewLayer | Synchronizing object | East_service_fence_mesh15_7
Fra:1 Mem:266.22M (Peak 266.22M) | Time:00:00.19 | Mem:0.00M, Peak:0.00M | Scene, ViewLayer | Synchronizing object | East_service_fence_post16
Fra:1 Mem:266.23M (Peak 266.23M) | Time:00:00.19 | Mem:0.00M, Peak:0.00M | Scene, ViewLayer | Synchronizing object | East_service_fence_rail16_0.35
Fra:1 Mem:266.23M (Peak 266.23M) | Time:00:00.19 | Mem:0.00M, Peak:0.00M | Scene, ViewLayer | Synchronizing object | East_service_fence_rail16_2.2
Fra:1 Mem:266.23M (Peak 266.23M) | Time:00:00.19 | Mem:0.00M, Peak:0.00M | Scene, ViewLayer | Synchronizing object | East_service_fence_mesh16_0
Fra:1 Mem:266.24M (Peak 266.24M) | Time:00:00.19 | Mem:0.00M, Peak:0.00M | Scene, ViewLayer | Synchronizing object | East_service_fence_mesh16_2
Fra:1 Mem:266.24M (Peak 266.24M) | Time:00:00.19 | Mem:0.00M, Peak:0.00M | Scene, ViewLayer | Synchronizing object | East_service_fence_mesh16_3
Fra:1 Mem:266.24M (Peak 266.24M) | Time:00:00.19 | Mem:0.00M, Peak:0.00M | Scene, ViewLayer | Synchronizing object | East_service_fence_mesh16_4
Fra:1 Mem:266.24M (Peak 266.24M) | Time:00:00.19 | Mem:0.00M, Peak:0.00M | Scene, ViewLayer | Synchronizing object | East_service_fence_mesh16_5
Fra:1 Mem:266.25M (Peak 266.25M) | Time:00:00.19 | Mem:0.00M, Peak:0.00M | Scene, ViewLayer | Synchronizing object | East_service_fence_mesh16_7
Fra:1 Mem:266.25M (Peak 266.25M) | Time:00:00.19 | Mem:0.00M, Peak:0.00M | Scene, ViewLayer | Synchronizing object | East_service_fence_mesh16_8
Fra:1 Mem:266.25M (Peak 266.25M) | Time:00:00.19 | Mem:0.00M, Peak:0.00M | Scene, ViewLayer | Synchronizing object | East_service_fence_post17
Fra:1 Mem:266.25M (Peak 266.25M) | Time:00:00.19 | Mem:0.00M, Peak:0.00M | Scene, ViewLayer | Synchronizing object | East_service_fence_rail17_1.2
Fra:1 Mem:266.26M (Peak 266.26M) | Time:00:00.19 | Mem:0.00M, Peak:0.00M | Scene, ViewLayer | Synchronizing object | East_service_fence_rail17_2.2
Fra:1 Mem:266.26M (Peak 266.26M) | Time:00:00.19 | Mem:0.00M, Peak:0.00M | Scene, ViewLayer | Synchronizing object | East_service_fence_mesh17_0
Fra:1 Mem:266.26M (Peak 266.26M) | Time:00:00.19 | Mem:0.00M, Peak:0.00M | Scene, ViewLayer | Synchronizing object | East_service_fence_mesh17_1
Fra:1 Mem:266.26M (Peak 266.26M) | Time:00:00.19 | Mem:0.00M, Peak:0.00M | Scene, ViewLayer | Synchronizing object | East_service_fence_mesh17_2
Fra:1 Mem:266.27M (Peak 266.27M) | Time:00:00.19 | Mem:0.00M, Peak:0.00M | Scene, ViewLayer | Synchronizing object | East_service_fence_mesh17_3
Fra:1 Mem:266.27M (Peak 266.27M) | Time:00:00.19 | Mem:0.00M, Peak:0.00M | Scene, ViewLayer | Synchronizing object | East_service_fence_mesh17_4
Fra:1 Mem:266.27M (Peak 266.27M) | Time:00:00.19 | Mem:0.00M, Peak:0.00M | Scene, ViewLayer | Synchronizing object | East_service_fence_mesh17_5
Fra:1 Mem:266.28M (Peak 266.28M) | Time:00:00.19 | Mem:0.00M, Peak:0.00M | Scene, ViewLayer | Synchronizing object | East_service_fence_mesh17_8
Fra:1 Mem:266.28M (Peak 266.28M) | Time:00:00.19 | Mem:0.00M, Peak:0.00M | Scene, ViewLayer | Synchronizing object | East_service_fence_post18
Fra:1 Mem:266.28M (Peak 266.28M) | Time:00:00.19 | Mem:0.00M, Peak:0.00M | Scene, ViewLayer | Synchronizing object | East_service_fence_rail18_0.35
Fra:1 Mem:266.28M (Peak 266.28M) | Time:00:00.19 | Mem:0.00M, Peak:0.00M | Scene, ViewLayer | Synchronizing object | East_service_fence_rail18_1.2
Fra:1 Mem:266.28M (Peak 266.28M) | Time:00:00.19 | Mem:0.00M, Peak:0.00M | Scene, ViewLayer | Synchronizing object | East_service_fence_rail18_2.2
Fra:1 Mem:266.29M (Peak 266.29M) | Time:00:00.19 | Mem:0.00M, Peak:0.00M | Scene, ViewLayer | Synchronizing object | East_service_fence_mesh18_0
Fra:1 Mem:266.29M (Peak 266.29M) | Time:00:00.19 | Mem:0.00M, Peak:0.00M | Scene, ViewLayer | Synchronizing object | East_service_fence_mesh18_1
Fra:1 Mem:266.29M (Peak 266.29M) | Time:00:00.19 | Mem:0.00M, Peak:0.00M | Scene, ViewLayer | Synchronizing object | East_service_fence_mesh18_2
Fra:1 Mem:266.29M (Peak 266.29M) | Time:00:00.19 | Mem:0.00M, Peak:0.00M | Scene, ViewLayer | Synchronizing object | East_service_fence_mesh18_3
Fra:1 Mem:266.30M (Peak 266.30M) | Time:00:00.19 | Mem:0.00M, Peak:0.00M | Scene, ViewLayer | Synchronizing object | East_service_fence_mesh18_5
Fra:1 Mem:266.30M (Peak 266.30M) | Time:00:00.19 | Mem:0.00M, Peak:0.00M | Scene, ViewLayer | Synchronizing object | East_service_fence_mesh18_6
Fra:1 Mem:266.30M (Peak 266.30M) | Time:00:00.19 | Mem:0.00M, Peak:0.00M | Scene, ViewLayer | Synchronizing object | East_service_fence_mesh18_8
Fra:1 Mem:266.30M (Peak 266.30M) | Time:00:00.19 | Mem:0.00M, Peak:0.00M | Scene, ViewLayer | Synchronizing object | East_service_fence_rail19_0.35
Fra:1 Mem:266.31M (Peak 266.31M) | Time:00:00.19 | Mem:0.00M, Peak:0.00M | Scene, ViewLayer | Synchronizing object | East_service_fence_rail19_2.2
Fra:1 Mem:266.31M (Peak 266.31M) | Time:00:00.19 | Mem:0.00M, Peak:0.00M | Scene, ViewLayer | Synchronizing object | East_service_fence_mesh19_1
Fra:1 Mem:266.32M (Peak 266.32M) | Time:00:00.19 | Mem:0.00M, Peak:0.00M | Scene, ViewLayer | Synchronizing object | East_service_fence_mesh19_2
Fra:1 Mem:266.32M (Peak 266.32M) | Time:00:00.19 | Mem:0.00M, Peak:0.00M | Scene, ViewLayer | Synchronizing object | East_service_fence_mesh19_5
Fra:1 Mem:266.32M (Peak 266.32M) | Time:00:00.19 | Mem:0.00M, Peak:0.00M | Scene, ViewLayer | Synchronizing object | East_service_fence_mesh19_6
Fra:1 Mem:266.32M (Peak 266.32M) | Time:00:00.19 | Mem:0.00M, Peak:0.00M | Scene, ViewLayer | Synchronizing object | East_service_fence_mesh19_7
Fra:1 Mem:266.33M (Peak 266.33M) | Time:00:00.19 | Mem:0.00M, Peak:0.00M | Scene, ViewLayer | Synchronizing object | East_service_fence_mesh19_8
Fra:1 Mem:266.33M (Peak 266.33M) | Time:00:00.19 | Mem:0.00M, Peak:0.00M | Scene, ViewLayer | Synchronizing object | East_service_fence_rail20_0.35
Fra:1 Mem:266.33M (Peak 266.33M) | Time:00:00.19 | Mem:0.00M, Peak:0.00M | Scene, ViewLayer | Synchronizing object | East_service_fence_rail20_1.2
Fra:1 Mem:266.35M (Peak 266.35M) | Time:00:00.19 | Mem:0.00M, Peak:0.00M | Scene, ViewLayer | Synchronizing object | East_service_fence_rail20_2.2
Fra:1 Mem:266.34M (Peak 266.35M) | Time:00:00.19 | Mem:0.00M, Peak:0.00M | Scene, ViewLayer | Synchronizing object | East_service_fence_mesh20_1
Fra:1 Mem:266.34M (Peak 266.35M) | Time:00:00.19 | Mem:0.00M, Peak:0.00M | Scene, ViewLayer | Synchronizing object | East_service_fence_mesh20_2
Fra:1 Mem:266.34M (Peak 266.35M) | Time:00:00.19 | Mem:0.00M, Peak:0.00M | Scene, ViewLayer | Synchronizing object | East_service_fence_mesh20_4
Fra:1 Mem:266.34M (Peak 266.35M) | Time:00:00.19 | Mem:0.00M, Peak:0.00M | Scene, ViewLayer | Synchronizing object | East_service_fence_mesh20_5
Fra:1 Mem:266.35M (Peak 266.35M) | Time:00:00.19 | Mem:0.00M, Peak:0.00M | Scene, ViewLayer | Synchronizing object | East_service_fence_mesh20_6
Fra:1 Mem:266.35M (Peak 266.35M) | Time:00:00.19 | Mem:0.00M, Peak:0.00M | Scene, ViewLayer | Synchronizing object | East_service_fence_mesh20_7
Fra:1 Mem:266.35M (Peak 266.35M) | Time:00:00.19 | Mem:0.00M, Peak:0.00M | Scene, ViewLayer | Synchronizing object | East_service_fence_mesh20_8
Fra:1 Mem:266.36M (Peak 266.36M) | Time:00:00.19 | Mem:0.00M, Peak:0.00M | Scene, ViewLayer | Synchronizing object | East_service_fence_post21
Fra:1 Mem:266.36M (Peak 266.36M) | Time:00:00.19 | Mem:0.00M, Peak:0.00M | Scene, ViewLayer | Synchronizing object | P04A2 diagnostic sun
Fra:1 Mem:266.36M (Peak 266.36M) | Time:00:00.19 | Mem:0.00M, Peak:0.00M | Scene, ViewLayer | Synchronizing object | East_service_fence_mesh21_1
Fra:1 Mem:266.36M (Peak 266.36M) | Time:00:00.19 | Mem:0.00M, Peak:0.00M | Scene, ViewLayer | Synchronizing object | Promenade_palm_9_folded_fronds
Fra:1 Mem:266.36M (Peak 266.36M) | Time:00:00.19 | Mem:0.00M, Peak:0.00M | Scene, ViewLayer | Synchronizing object | East_service_fence_mesh21_2
Fra:1 Mem:266.36M (Peak 266.36M) | Time:00:00.19 | Mem:0.00M, Peak:0.00M | Scene, ViewLayer | Synchronizing object | East_service_fence_mesh21_3
Fra:1 Mem:266.43M (Peak 266.43M) | Time:00:00.19 | Mem:0.00M, Peak:0.00M | Scene, ViewLayer | Synchronizing object | East_service_fence_mesh21_5
Fra:1 Mem:266.52M (Peak 266.52M) | Time:00:00.19 | Mem:0.00M, Peak:0.00M | Scene, ViewLayer | Synchronizing object | East_service_fence_mesh21_6
Fra:1 Mem:266.52M (Peak 266.52M) | Time:00:00.19 | Mem:0.00M, Peak:0.00M | Scene, ViewLayer | Synchronizing object | East_service_fence_mesh21_7
Fra:1 Mem:266.52M (Peak 266.52M) | Time:00:00.19 | Mem:0.00M, Peak:0.00M | Scene, ViewLayer | Synchronizing object | East_service_fence_mesh21_8
Fra:1 Mem:266.52M (Peak 266.52M) | Time:00:00.19 | Mem:0.00M, Peak:0.00M | Scene, ViewLayer | Synchronizing object | East_service_fence_rail22_2.2
Fra:1 Mem:266.52M (Peak 266.52M) | Time:00:00.19 | Mem:0.00M, Peak:0.00M | Scene, ViewLayer | Synchronizing object | East_service_fence_mesh22_0
Fra:1 Mem:266.56M (Peak 266.56M) | Time:00:00.19 | Mem:0.00M, Peak:0.00M | Scene, ViewLayer | Synchronizing object | East_service_fence_mesh22_1
Fra:1 Mem:266.60M (Peak 266.60M) | Time:00:00.19 | Mem:0.00M, Peak:0.00M | Scene, ViewLayer | Synchronizing object | East_service_fence_mesh22_2
Fra:1 Mem:266.63M (Peak 266.63M) | Time:00:00.19 | Mem:0.00M, Peak:0.00M | Scene, ViewLayer | Synchronizing object | East_service_fence_mesh22_3
Fra:1 Mem:266.60M (Peak 266.63M) | Time:00:00.19 | Mem:0.00M, Peak:0.00M | Scene, ViewLayer | Synchronizing object | Promenade_palm_8_folded_fronds
Fra:1 Mem:266.62M (Peak 266.63M) | Time:00:00.19 | Mem:0.00M, Peak:0.00M | Scene, ViewLayer | Synchronizing object | East_service_fence_mesh22_4
Fra:1 Mem:266.68M (Peak 266.68M) | Time:00:00.19 | Mem:0.00M, Peak:0.00M | Scene, ViewLayer | Synchronizing object | East_service_fence_mesh22_7
Fra:1 Mem:266.75M (Peak 266.75M) | Time:00:00.19 | Mem:0.00M, Peak:0.00M | Scene, ViewLayer | Synchronizing object | East_service_fence_mesh22_8
Fra:1 Mem:266.75M (Peak 266.75M) | Time:00:00.19 | Mem:0.00M, Peak:0.00M | Scene, ViewLayer | Synchronizing object | East_service_fence_post23
Fra:1 Mem:266.75M (Peak 266.75M) | Time:00:00.19 | Mem:0.00M, Peak:0.00M | Scene, ViewLayer | Synchronizing object | East_service_fence_rail23_0.35
Fra:1 Mem:266.78M (Peak 266.78M) | Time:00:00.19 | Mem:0.00M, Peak:0.00M | Scene, ViewLayer | Synchronizing object | East_service_fence_rail23_1.2
Fra:1 Mem:266.79M (Peak 266.79M) | Time:00:00.19 | Mem:0.00M, Peak:0.00M | Scene, ViewLayer | Synchronizing object | East_service_fence_rail23_2.2
Fra:1 Mem:266.78M (Peak 266.79M) | Time:00:00.19 | Mem:0.00M, Peak:0.00M | Scene, ViewLayer | Synchronizing object | East_service_fence_mesh23_0
Fra:1 Mem:266.79M (Peak 266.79M) | Time:00:00.19 | Mem:0.00M, Peak:0.00M | Scene, ViewLayer | Synchronizing object | East_service_fence_mesh23_1
Fra:1 Mem:266.79M (Peak 266.79M) | Time:00:00.19 | Mem:0.00M, Peak:0.00M | Scene, ViewLayer | Synchronizing object | East_service_fence_mesh23_2
Fra:1 Mem:266.82M (Peak 266.82M) | Time:00:00.19 | Mem:0.00M, Peak:0.00M | Scene, ViewLayer | Synchronizing object | East_service_fence_mesh23_3
Fra:1 Mem:266.83M (Peak 266.83M) | Time:00:00.19 | Mem:0.00M, Peak:0.00M | Scene, ViewLayer | Synchronizing object | East_service_fence_mesh23_7
Fra:1 Mem:266.83M (Peak 266.83M) | Time:00:00.19 | Mem:0.00M, Peak:0.00M | Scene, ViewLayer | Synchronizing object | East_service_fence_mesh23_8
Fra:1 Mem:266.84M (Peak 266.84M) | Time:00:00.19 | Mem:0.00M, Peak:0.00M | Scene, ViewLayer | Synchronizing object | East_service_fence_post24
Fra:1 Mem:266.88M (Peak 266.88M) | Time:00:00.19 | Mem:0.00M, Peak:0.00M | Scene, ViewLayer | Synchronizing object | East_service_fence_rail24_1.2
Fra:1 Mem:266.91M (Peak 266.91M) | Time:00:00.19 | Mem:0.00M, Peak:0.00M | Scene, ViewLayer | Synchronizing object | East_service_fence_rail24_2.2
Fra:1 Mem:266.91M (Peak 266.91M) | Time:00:00.19 | Mem:0.00M, Peak:0.00M | Scene, ViewLayer | Synchronizing object | East_service_fence_mesh24_0
Fra:1 Mem:266.89M (Peak 266.91M) | Time:00:00.19 | Mem:0.00M, Peak:0.00M | Scene, ViewLayer | Synchronizing object | Promenade_palm_7_folded_fronds
Fra:1 Mem:266.89M (Peak 266.91M) | Time:00:00.19 | Mem:0.00M, Peak:0.00M | Scene, ViewLayer | Synchronizing object | East_service_fence_mesh24_2
Fra:1 Mem:266.89M (Peak 266.91M) | Time:00:00.19 | Mem:0.00M, Peak:0.00M | Scene, ViewLayer | Synchronizing object | East_service_fence_mesh24_5
Fra:1 Mem:266.90M (Peak 266.91M) | Time:00:00.19 | Mem:0.00M, Peak:0.00M | Scene, ViewLayer | Synchronizing object | East_service_fence_mesh24_6
Fra:1 Mem:266.90M (Peak 266.91M) | Time:00:00.19 | Mem:0.00M, Peak:0.00M | Scene, ViewLayer | Synchronizing object | East_service_fence_mesh24_7
Fra:1 Mem:266.90M (Peak 266.91M) | Time:00:00.19 | Mem:0.00M, Peak:0.00M | Scene, ViewLayer | Synchronizing object | East_service_fence_mesh24_8
Fra:1 Mem:266.90M (Peak 266.91M) | Time:00:00.19 | Mem:0.00M, Peak:0.00M | Scene, ViewLayer | Synchronizing object | East_service_fence_rail25_0.35
Fra:1 Mem:266.90M (Peak 266.91M) | Time:00:00.19 | Mem:0.00M, Peak:0.00M | Scene, ViewLayer | Synchronizing object | East_service_fence_rail25_1.2
Fra:1 Mem:266.91M (Peak 266.91M) | Time:00:00.19 | Mem:0.00M, Peak:0.00M | Scene, ViewLayer | Synchronizing object | East_service_fence_mesh25_0
Fra:1 Mem:266.91M (Peak 266.91M) | Time:00:00.19 | Mem:0.00M, Peak:0.00M | Scene, ViewLayer | Synchronizing object | East_service_fence_mesh25_1
Fra:1 Mem:266.91M (Peak 266.91M) | Time:00:00.19 | Mem:0.00M, Peak:0.00M | Scene, ViewLayer | Synchronizing object | East_service_fence_mesh25_3
Fra:1 Mem:266.92M (Peak 266.92M) | Time:00:00.19 | Mem:0.00M, Peak:0.00M | Scene, ViewLayer | Synchronizing object | East_service_fence_mesh25_5
Fra:1 Mem:266.92M (Peak 266.92M) | Time:00:00.19 | Mem:0.00M, Peak:0.00M | Scene, ViewLayer | Synchronizing object | East_service_fence_mesh25_6
Fra:1 Mem:266.92M (Peak 266.92M) | Time:00:00.19 | Mem:0.00M, Peak:0.00M | Scene, ViewLayer | Synchronizing object | East_service_fence_mesh25_7
Fra:1 Mem:266.92M (Peak 266.92M) | Time:00:00.19 | Mem:0.00M, Peak:0.00M | Scene, ViewLayer | Synchronizing object | East_service_fence_rail26_0.35
Fra:1 Mem:266.94M (Peak 266.94M) | Time:00:00.19 | Mem:0.00M, Peak:0.00M | Scene, ViewLayer | Synchronizing object | East_service_fence_rail26_1.2
Fra:1 Mem:267.00M (Peak 267.00M) | Time:00:00.19 | Mem:0.00M, Peak:0.00M | Scene, ViewLayer | Synchronizing object | East_service_fence_mesh26_0
Fra:1 Mem:267.06M (Peak 267.06M) | Time:00:00.19 | Mem:0.00M, Peak:0.00M | Scene, ViewLayer | Synchronizing object | East_service_fence_mesh26_1
Fra:1 Mem:267.07M (Peak 267.07M) | Time:00:00.19 | Mem:0.00M, Peak:0.00M | Scene, ViewLayer | Synchronizing object | East_service_fence_mesh26_2
Fra:1 Mem:267.10M (Peak 267.10M) | Time:00:00.19 | Mem:0.00M, Peak:0.00M | Scene, ViewLayer | Synchronizing object | East_service_fence_mesh26_4
Fra:1 Mem:267.10M (Peak 267.10M) | Time:00:00.19 | Mem:0.00M, Peak:0.00M | Scene, ViewLayer | Synchronizing object | East_service_fence_mesh26_5
Fra:1 Mem:267.09M (Peak 267.10M) | Time:00:00.19 | Mem:0.00M, Peak:0.00M | Scene, ViewLayer | Synchronizing object | East_service_fence_mesh26_6
Fra:1 Mem:267.10M (Peak 267.10M) | Time:00:00.19 | Mem:0.00M, Peak:0.00M | Scene, ViewLayer | Synchronizing object | East_service_fence_mesh26_7
Fra:1 Mem:267.13M (Peak 267.13M) | Time:00:00.19 | Mem:0.00M, Peak:0.00M | Scene, ViewLayer | Synchronizing object | East_service_fence_mesh26_8
Fra:1 Mem:267.14M (Peak 267.14M) | Time:00:00.19 | Mem:0.00M, Peak:0.00M | Scene, ViewLayer | Synchronizing object | East_service_fence_rail27_2.2
Fra:1 Mem:267.18M (Peak 267.18M) | Time:00:00.19 | Mem:0.00M, Peak:0.00M | Scene, ViewLayer | Synchronizing object | East_service_fence_mesh27_0
Fra:1 Mem:267.21M (Peak 267.21M) | Time:00:00.19 | Mem:0.00M, Peak:0.00M | Scene, ViewLayer | Synchronizing object | East_service_fence_mesh27_1
Fra:1 Mem:267.18M (Peak 267.21M) | Time:00:00.19 | Mem:0.00M, Peak:0.00M | Scene, ViewLayer | Synchronizing object | East_service_fence_mesh27_2
Fra:1 Mem:267.19M (Peak 267.21M) | Time:00:00.19 | Mem:0.00M, Peak:0.00M | Scene, ViewLayer | Synchronizing object | East_service_fence_mesh27_3
Fra:1 Mem:267.19M (Peak 267.21M) | Time:00:00.19 | Mem:0.00M, Peak:0.00M | Scene, ViewLayer | Synchronizing object | East_service_fence_mesh27_5
Fra:1 Mem:267.19M (Peak 267.21M) | Time:00:00.19 | Mem:0.00M, Peak:0.00M | Scene, ViewLayer | Synchronizing object | East_service_fence_mesh27_6
Fra:1 Mem:267.19M (Peak 267.21M) | Time:00:00.19 | Mem:0.00M, Peak:0.00M | Scene, ViewLayer | Synchronizing object | East_service_fence_mesh27_7
Fra:1 Mem:267.19M (Peak 267.21M) | Time:00:00.19 | Mem:0.00M, Peak:0.00M | Scene, ViewLayer | Synchronizing object | East_service_fence_post28
Fra:1 Mem:267.20M (Peak 267.21M) | Time:00:00.19 | Mem:0.00M, Peak:0.00M | Scene, ViewLayer | Synchronizing object | East_service_fence_rail28_0.35
Fra:1 Mem:267.20M (Peak 267.21M) | Time:00:00.19 | Mem:0.00M, Peak:0.00M | Scene, ViewLayer | Synchronizing object | East_service_fence_mesh28_0
Fra:1 Mem:267.20M (Peak 267.21M) | Time:00:00.19 | Mem:0.00M, Peak:0.00M | Scene, ViewLayer | Synchronizing object | East_service_fence_mesh28_1
Fra:1 Mem:267.21M (Peak 267.21M) | Time:00:00.19 | Mem:0.00M, Peak:0.00M | Scene, ViewLayer | Synchronizing object | East_service_fence_mesh28_3
Fra:1 Mem:267.21M (Peak 267.21M) | Time:00:00.19 | Mem:0.00M, Peak:0.00M | Scene, ViewLayer | Synchronizing object | East_service_fence_mesh28_5
Fra:1 Mem:267.21M (Peak 267.21M) | Time:00:00.19 | Mem:0.00M, Peak:0.00M | Scene, ViewLayer | Synchronizing object | East_service_fence_mesh28_6
Fra:1 Mem:267.21M (Peak 267.21M) | Time:00:00.19 | Mem:0.00M, Peak:0.00M | Scene, ViewLayer | Synchronizing object | East_service_fence_mesh28_7
Fra:1 Mem:267.21M (Peak 267.21M) | Time:00:00.19 | Mem:0.00M, Peak:0.00M | Scene, ViewLayer | Synchronizing object | East_service_fence_mesh28_8
Fra:1 Mem:267.21M (Peak 267.21M) | Time:00:00.19 | Mem:0.00M, Peak:0.00M | Scene, ViewLayer | Synchronizing object | East_service_fence_rail29_1.2
Fra:1 Mem:267.28M (Peak 267.28M) | Time:00:00.19 | Mem:0.00M, Peak:0.00M | Scene, ViewLayer | Synchronizing object | East_service_fence_rail29_2.2
Fra:1 Mem:267.34M (Peak 267.34M) | Time:00:00.19 | Mem:0.00M, Peak:0.00M | Scene, ViewLayer | Synchronizing object | East_service_fence_mesh29_0
Fra:1 Mem:267.35M (Peak 267.35M) | Time:00:00.19 | Mem:0.00M, Peak:0.00M | Scene, ViewLayer | Synchronizing object | East_service_fence_mesh29_1
Fra:1 Mem:267.35M (Peak 267.36M) | Time:00:00.19 | Mem:0.00M, Peak:0.00M | Scene, ViewLayer | Synchronizing object | East_service_fence_mesh29_3
Fra:1 Mem:267.38M (Peak 267.38M) | Time:00:00.19 | Mem:0.00M, Peak:0.00M | Scene, ViewLayer | Synchronizing object | East_service_fence_mesh29_4
Fra:1 Mem:267.37M (Peak 267.38M) | Time:00:00.19 | Mem:0.00M, Peak:0.00M | Scene, ViewLayer | Synchronizing object | East_service_fence_mesh29_6
Fra:1 Mem:267.38M (Peak 267.38M) | Time:00:00.19 | Mem:0.00M, Peak:0.00M | Scene, ViewLayer | Synchronizing object | East_service_fence_mesh29_8
Fra:1 Mem:267.38M (Peak 267.38M) | Time:00:00.19 | Mem:0.00M, Peak:0.00M | Scene, ViewLayer | Synchronizing object | East_service_fence_post30
Fra:1 Mem:267.41M (Peak 267.41M) | Time:00:00.19 | Mem:0.00M, Peak:0.00M | Scene, ViewLayer | Synchronizing object | East_service_fence_rail30_1.2
Fra:1 Mem:267.48M (Peak 267.48M) | Time:00:00.19 | Mem:0.00M, Peak:0.00M | Scene, ViewLayer | Synchronizing object | East_service_fence_rail30_2.2
Fra:1 Mem:267.49M (Peak 267.49M) | Time:00:00.19 | Mem:0.00M, Peak:0.00M | Scene, ViewLayer | Synchronizing object | East_service_fence_mesh30_0
Fra:1 Mem:267.46M (Peak 267.49M) | Time:00:00.19 | Mem:0.00M, Peak:0.00M | Scene, ViewLayer | Synchronizing object | Promenade_palm_5_folded_fronds
Fra:1 Mem:267.46M (Peak 267.49M) | Time:00:00.19 | Mem:0.00M, Peak:0.00M | Scene, ViewLayer | Synchronizing object | East_service_fence_mesh30_1
Fra:1 Mem:267.48M (Peak 267.49M) | Time:00:00.19 | Mem:0.00M, Peak:0.00M | Scene, ViewLayer | Synchronizing object | East_service_fence_mesh30_2
Fra:1 Mem:267.57M (Peak 267.57M) | Time:00:00.19 | Mem:0.00M, Peak:0.00M | Scene, ViewLayer | Synchronizing object | East_service_fence_mesh30_4
Fra:1 Mem:267.60M (Peak 267.60M) | Time:00:00.19 | Mem:0.00M, Peak:0.00M | Scene, ViewLayer | Synchronizing object | East_service_fence_mesh30_7
Fra:1 Mem:267.62M (Peak 267.62M) | Time:00:00.19 | Mem:0.00M, Peak:0.00M | Scene, ViewLayer | Synchronizing object | East_service_fence_mesh30_8
Fra:1 Mem:267.63M (Peak 267.63M) | Time:00:00.19 | Mem:0.00M, Peak:0.00M | Scene, ViewLayer | Synchronizing object | East_service_fence_rail31_1.2
Fra:1 Mem:267.65M (Peak 267.65M) | Time:00:00.19 | Mem:0.00M, Peak:0.00M | Scene, ViewLayer | Synchronizing object | East_service_fence_mesh31_1
Fra:1 Mem:267.65M (Peak 267.65M) | Time:00:00.19 | Mem:0.00M, Peak:0.00M | Scene, ViewLayer | Synchronizing object | East_service_fence_mesh31_3
Fra:1 Mem:267.65M (Peak 267.65M) | Time:00:00.19 | Mem:0.00M, Peak:0.00M | Scene, ViewLayer | Synchronizing object | East_service_fence_mesh31_4
Fra:1 Mem:267.65M (Peak 267.65M) | Time:00:00.19 | Mem:0.00M, Peak:0.00M | Scene, ViewLayer | Synchronizing object | East_service_fence_mesh31_5
Fra:1 Mem:267.69M (Peak 267.69M) | Time:00:00.19 | Mem:0.00M, Peak:0.00M | Scene, ViewLayer | Synchronizing object | East_service_fence_mesh31_8
Fra:1 Mem:267.69M (Peak 267.69M) | Time:00:00.19 | Mem:0.00M, Peak:0.00M | Scene, ViewLayer | Synchronizing object | East_service_fence_post32
Fra:1 Mem:267.70M (Peak 267.70M) | Time:00:00.19 | Mem:0.00M, Peak:0.00M | Scene, ViewLayer | Synchronizing object | East_service_fence_rail32_0.35
Fra:1 Mem:267.75M (Peak 267.75M) | Time:00:00.19 | Mem:0.00M, Peak:0.00M | Scene, ViewLayer | Synchronizing object | East_service_fence_rail32_1.2
Fra:1 Mem:267.78M (Peak 267.78M) | Time:00:00.19 | Mem:0.00M, Peak:0.00M | Scene, ViewLayer | Synchronizing object | East_service_fence_mesh32_0
Fra:1 Mem:267.75M (Peak 267.78M) | Time:00:00.19 | Mem:0.00M, Peak:0.00M | Scene, ViewLayer | Synchronizing object | Promenade_palm_4_folded_fronds
Fra:1 Mem:267.75M (Peak 267.78M) | Time:00:00.19 | Mem:0.00M, Peak:0.00M | Scene, ViewLayer | Synchronizing object | East_service_fence_mesh32_1
Fra:1 Mem:267.77M (Peak 267.78M) | Time:00:00.19 | Mem:0.00M, Peak:0.00M | Scene, ViewLayer | Synchronizing object | East_service_fence_mesh32_2
Fra:1 Mem:267.83M (Peak 267.83M) | Time:00:00.19 | Mem:0.00M, Peak:0.00M | Scene, ViewLayer | Synchronizing object | East_service_fence_mesh32_5
Fra:1 Mem:267.89M (Peak 267.89M) | Time:00:00.19 | Mem:0.00M, Peak:0.00M | Scene, ViewLayer | Synchronizing object | East_service_fence_mesh32_6
Fra:1 Mem:267.90M (Peak 267.90M) | Time:00:00.19 | Mem:0.00M, Peak:0.00M | Scene, ViewLayer | Synchronizing object | East_service_fence_mesh32_8
Fra:1 Mem:267.90M (Peak 267.90M) | Time:00:00.19 | Mem:0.00M, Peak:0.00M | Scene, ViewLayer | Synchronizing object | East_service_fence_post33
Fra:1 Mem:267.93M (Peak 267.93M) | Time:00:00.19 | Mem:0.00M, Peak:0.00M | Scene, ViewLayer | Synchronizing object | East_service_fence_rail33_0.35
Fra:1 Mem:267.93M (Peak 267.93M) | Time:00:00.19 | Mem:0.00M, Peak:0.00M | Scene, ViewLayer | Synchronizing object | East_service_fence_rail33_1.2
Fra:1 Mem:267.93M (Peak 267.93M) | Time:00:00.19 | Mem:0.00M, Peak:0.00M | Scene, ViewLayer | Synchronizing object | East_service_fence_rail33_2.2
Fra:1 Mem:267.93M (Peak 267.93M) | Time:00:00.19 | Mem:0.00M, Peak:0.00M | Scene, ViewLayer | Synchronizing object | East_service_fence_mesh33_3
Fra:1 Mem:267.93M (Peak 267.93M) | Time:00:00.19 | Mem:0.00M, Peak:0.00M | Scene, ViewLayer | Synchronizing object | East_service_fence_mesh33_4
Fra:1 Mem:267.97M (Peak 267.97M) | Time:00:00.19 | Mem:0.00M, Peak:0.00M | Scene, ViewLayer | Synchronizing object | East_service_fence_mesh33_5
Fra:1 Mem:267.97M (Peak 267.97M) | Time:00:00.19 | Mem:0.00M, Peak:0.00M | Scene, ViewLayer | Synchronizing object | East_service_fence_mesh33_8
Fra:1 Mem:268.02M (Peak 268.02M) | Time:00:00.19 | Mem:0.00M, Peak:0.00M | Scene, ViewLayer | Synchronizing object | East_service_fence_post34
Fra:1 Mem:268.05M (Peak 268.05M) | Time:00:00.19 | Mem:0.00M, Peak:0.00M | Scene, ViewLayer | Synchronizing object | East_service_fence_rail34_0.35
Fra:1 Mem:268.05M (Peak 268.05M) | Time:00:00.19 | Mem:0.00M, Peak:0.00M | Scene, ViewLayer | Synchronizing object | East_service_fence_rail34_2.2
Fra:1 Mem:268.06M (Peak 268.06M) | Time:00:00.19 | Mem:0.00M, Peak:0.00M | Scene, ViewLayer | Synchronizing object | East_service_fence_mesh34_0
Fra:1 Mem:268.06M (Peak 268.06M) | Time:00:00.19 | Mem:0.00M, Peak:0.00M | Scene, ViewLayer | Synchronizing object | East_service_fence_mesh34_1
Fra:1 Mem:268.03M (Peak 268.06M) | Time:00:00.19 | Mem:0.00M, Peak:0.00M | Scene, ViewLayer | Synchronizing object | East_service_fence_mesh34_2
Fra:1 Mem:268.03M (Peak 268.06M) | Time:00:00.19 | Mem:0.00M, Peak:0.00M | Scene, ViewLayer | Synchronizing object | East_service_fence_mesh34_4
Fra:1 Mem:268.04M (Peak 268.06M) | Time:00:00.19 | Mem:0.00M, Peak:0.00M | Scene, ViewLayer | Synchronizing object | East_service_fence_mesh34_6
Fra:1 Mem:268.04M (Peak 268.06M) | Time:00:00.19 | Mem:0.00M, Peak:0.00M | Scene, ViewLayer | Synchronizing object | East_service_fence_mesh34_7
Fra:1 Mem:268.04M (Peak 268.06M) | Time:00:00.19 | Mem:0.00M, Peak:0.00M | Scene, ViewLayer | Synchronizing object | East_service_fence_mesh34_8
Fra:1 Mem:268.04M (Peak 268.06M) | Time:00:00.19 | Mem:0.00M, Peak:0.00M | Scene, ViewLayer | Synchronizing object | East_service_fence_post35
Fra:1 Mem:268.04M (Peak 268.06M) | Time:00:00.19 | Mem:0.00M, Peak:0.00M | Scene, ViewLayer | Synchronizing object | East_service_fence_rail35_0.35
Fra:1 Mem:268.04M (Peak 268.06M) | Time:00:00.19 | Mem:0.00M, Peak:0.00M | Scene, ViewLayer | Synchronizing object | East_service_fence_rail35_1.2
Fra:1 Mem:268.05M (Peak 268.06M) | Time:00:00.19 | Mem:0.00M, Peak:0.00M | Scene, ViewLayer | Synchronizing object | East_service_fence_mesh35_1
Fra:1 Mem:268.05M (Peak 268.06M) | Time:00:00.19 | Mem:0.00M, Peak:0.00M | Scene, ViewLayer | Synchronizing object | East_service_fence_mesh35_2
Fra:1 Mem:268.05M (Peak 268.06M) | Time:00:00.19 | Mem:0.00M, Peak:0.00M | Scene, ViewLayer | Synchronizing object | East_service_fence_mesh35_3
Fra:1 Mem:268.05M (Peak 268.06M) | Time:00:00.19 | Mem:0.00M, Peak:0.00M | Scene, ViewLayer | Synchronizing object | East_service_fence_mesh35_4
Fra:1 Mem:268.05M (Peak 268.06M) | Time:00:00.19 | Mem:0.00M, Peak:0.00M | Scene, ViewLayer | Synchronizing object | East_service_fence_mesh35_7
Fra:1 Mem:268.06M (Peak 268.06M) | Time:00:00.19 | Mem:0.00M, Peak:0.00M | Scene, ViewLayer | Synchronizing object | East_service_fence_mesh35_8
Fra:1 Mem:268.06M (Peak 268.06M) | Time:00:00.19 | Mem:0.00M, Peak:0.00M | Scene, ViewLayer | Synchronizing object | East_service_fence_post36
Fra:1 Mem:268.07M (Peak 268.07M) | Time:00:00.19 | Mem:0.00M, Peak:0.00M | Scene, ViewLayer | Synchronizing object | East_service_fence_rail36_0.35
Fra:1 Mem:268.16M (Peak 268.16M) | Time:00:00.19 | Mem:0.00M, Peak:0.00M | Scene, ViewLayer | Synchronizing object | East_service_fence_rail36_1.2
Fra:1 Mem:268.18M (Peak 268.18M) | Time:00:00.19 | Mem:0.00M, Peak:0.00M | Scene, ViewLayer | Synchronizing object | East_service_fence_rail36_2.2
Fra:1 Mem:268.20M (Peak 268.20M) | Time:00:00.19 | Mem:0.00M, Peak:0.00M | Scene, ViewLayer | Synchronizing object | East_service_fence_mesh36_1
Fra:1 Mem:268.20M (Peak 268.20M) | Time:00:00.19 | Mem:0.00M, Peak:0.00M | Scene, ViewLayer | Synchronizing object | East_service_fence_mesh36_2
Fra:1 Mem:268.21M (Peak 268.21M) | Time:00:00.19 | Mem:0.00M, Peak:0.00M | Scene, ViewLayer | Synchronizing object | East_service_fence_mesh36_4
Fra:1 Mem:268.23M (Peak 268.23M) | Time:00:00.19 | Mem:0.00M, Peak:0.00M | Scene, ViewLayer | Synchronizing object | East_service_fence_mesh36_6
Fra:1 Mem:268.23M (Peak 268.23M) | Time:00:00.19 | Mem:0.00M, Peak:0.00M | Scene, ViewLayer | Synchronizing object | East_service_fence_mesh36_8
Fra:1 Mem:268.23M (Peak 268.23M) | Time:00:00.19 | Mem:0.00M, Peak:0.00M | Scene, ViewLayer | Synchronizing object | East_service_fence_post37
Fra:1 Mem:268.23M (Peak 268.23M) | Time:00:00.19 | Mem:0.00M, Peak:0.00M | Scene, ViewLayer | Synchronizing object | East_service_fence_rail37_0.35
Fra:1 Mem:268.23M (Peak 268.23M) | Time:00:00.19 | Mem:0.00M, Peak:0.00M | Scene, ViewLayer | Synchronizing object | East_service_fence_rail37_2.2
Fra:1 Mem:268.23M (Peak 268.23M) | Time:00:00.19 | Mem:0.00M, Peak:0.00M | Scene, ViewLayer | Synchronizing object | East_service_fence_mesh37_1
Fra:1 Mem:268.24M (Peak 268.24M) | Time:00:00.19 | Mem:0.00M, Peak:0.00M | Scene, ViewLayer | Synchronizing object | East_service_fence_mesh37_0
Fra:1 Mem:268.27M (Peak 268.27M) | Time:00:00.19 | Mem:0.00M, Peak:0.00M | Scene, ViewLayer | Synchronizing object | East_service_fence_mesh37_4
Fra:1 Mem:268.27M (Peak 268.27M) | Time:00:00.19 | Mem:0.00M, Peak:0.00M | Scene, ViewLayer | Synchronizing object | East_service_fence_mesh37_5
Fra:1 Mem:268.34M (Peak 268.34M) | Time:00:00.19 | Mem:0.00M, Peak:0.00M | Scene, ViewLayer | Synchronizing object | East_service_fence_mesh37_6
Fra:1 Mem:268.34M (Peak 268.34M) | Time:00:00.19 | Mem:0.00M, Peak:0.00M | Scene, ViewLayer | Synchronizing object | East_service_fence_rail38_0.35
Fra:1 Mem:268.31M (Peak 268.34M) | Time:00:00.19 | Mem:0.00M, Peak:0.00M | Scene, ViewLayer | Synchronizing object | East_service_fence_rail38_1.2
Fra:1 Mem:268.31M (Peak 268.34M) | Time:00:00.19 | Mem:0.00M, Peak:0.00M | Scene, ViewLayer | Synchronizing object | East_service_fence_rail38_2.2
Fra:1 Mem:268.31M (Peak 268.34M) | Time:00:00.19 | Mem:0.00M, Peak:0.00M | Scene, ViewLayer | Synchronizing object | East_service_fence_mesh38_0
Fra:1 Mem:268.33M (Peak 268.34M) | Time:00:00.19 | Mem:0.00M, Peak:0.00M | Scene, ViewLayer | Synchronizing object | East_service_fence_mesh38_2
Fra:1 Mem:268.33M (Peak 268.34M) | Time:00:00.19 | Mem:0.00M, Peak:0.00M | Scene, ViewLayer | Synchronizing object | East_service_fence_mesh38_3
Fra:1 Mem:268.33M (Peak 268.34M) | Time:00:00.19 | Mem:0.00M, Peak:0.00M | Scene, ViewLayer | Synchronizing object | East_service_fence_mesh38_5
Fra:1 Mem:268.33M (Peak 268.34M) | Time:00:00.19 | Mem:0.00M, Peak:0.00M | Scene, ViewLayer | Synchronizing object | East_service_fence_mesh38_6
Fra:1 Mem:268.33M (Peak 268.34M) | Time:00:00.19 | Mem:0.00M, Peak:0.00M | Scene, ViewLayer | Synchronizing object | East_service_fence_mesh38_7
Fra:1 Mem:268.33M (Peak 268.34M) | Time:00:00.19 | Mem:0.00M, Peak:0.00M | Scene, ViewLayer | Synchronizing object | East_service_fence_post39
Fra:1 Mem:268.33M (Peak 268.34M) | Time:00:00.19 | Mem:0.00M, Peak:0.00M | Scene, ViewLayer | Synchronizing object | East_service_fence_rail39_0.35
Fra:1 Mem:268.34M (Peak 268.34M) | Time:00:00.19 | Mem:0.00M, Peak:0.00M | Scene, ViewLayer | Synchronizing object | East_service_fence_rail39_2.2
Fra:1 Mem:268.34M (Peak 268.34M) | Time:00:00.19 | Mem:0.00M, Peak:0.00M | Scene, ViewLayer | Synchronizing object | East_service_fence_mesh39_0
Fra:1 Mem:268.34M (Peak 268.34M) | Time:00:00.19 | Mem:0.00M, Peak:0.00M | Scene, ViewLayer | Synchronizing object | East_service_fence_mesh39_2
Fra:1 Mem:268.34M (Peak 268.34M) | Time:00:00.19 | Mem:0.00M, Peak:0.00M | Scene, ViewLayer | Synchronizing object | East_service_fence_mesh39_3
Fra:1 Mem:268.35M (Peak 268.35M) | Time:00:00.19 | Mem:0.00M, Peak:0.00M | Scene, ViewLayer | Synchronizing object | East_service_fence_mesh39_4
Fra:1 Mem:268.35M (Peak 268.35M) | Time:00:00.19 | Mem:0.00M, Peak:0.00M | Scene, ViewLayer | Synchronizing object | East_service_fence_mesh39_5
Fra:1 Mem:268.35M (Peak 268.35M) | Time:00:00.19 | Mem:0.00M, Peak:0.00M | Scene, ViewLayer | Synchronizing object | East_service_fence_mesh39_8
Fra:1 Mem:268.47M (Peak 268.47M) | Time:00:00.19 | Mem:0.00M, Peak:0.00M | Scene, ViewLayer | Synchronizing object | East_service_fence_post40
Fra:1 Mem:268.51M (Peak 268.51M) | Time:00:00.19 | Mem:0.00M, Peak:0.00M | Scene, ViewLayer | Synchronizing object | East_service_fence_rail40_1.2
Fra:1 Mem:268.51M (Peak 268.51M) | Time:00:00.19 | Mem:0.00M, Peak:0.00M | Scene, ViewLayer | Synchronizing object | East_service_fence_rail40_2.2
Fra:1 Mem:268.51M (Peak 268.51M) | Time:00:00.19 | Mem:0.00M, Peak:0.00M | Scene, ViewLayer | Synchronizing object | East_service_fence_mesh40_0
Fra:1 Mem:268.51M (Peak 268.51M) | Time:00:00.19 | Mem:0.00M, Peak:0.00M | Scene, ViewLayer | Synchronizing object | East_service_fence_mesh40_2
Fra:1 Mem:268.54M (Peak 268.54M) | Time:00:00.19 | Mem:0.00M, Peak:0.00M | Scene, ViewLayer | Synchronizing object | East_service_fence_mesh40_3
Fra:1 Mem:268.55M (Peak 268.55M) | Time:00:00.19 | Mem:0.00M, Peak:0.00M | Scene, ViewLayer | Synchronizing object | East_service_fence_mesh40_4
Fra:1 Mem:268.55M (Peak 268.55M) | Time:00:00.19 | Mem:0.00M, Peak:0.00M | Scene, ViewLayer | Synchronizing object | East_service_fence_mesh40_5
Fra:1 Mem:268.55M (Peak 268.55M) | Time:00:00.19 | Mem:0.00M, Peak:0.00M | Scene, ViewLayer | Synchronizing object | East_service_fence_mesh40_7
Fra:1 Mem:268.55M (Peak 268.55M) | Time:00:00.19 | Mem:0.00M, Peak:0.00M | Scene, ViewLayer | Synchronizing object | East_service_fence_mesh40_8
Fra:1 Mem:268.55M (Peak 268.55M) | Time:00:00.19 | Mem:0.00M, Peak:0.00M | Scene, ViewLayer | Synchronizing object | East_service_fence_rail41_0.35
Fra:1 Mem:268.59M (Peak 268.59M) | Time:00:00.19 | Mem:0.00M, Peak:0.00M | Scene, ViewLayer | Synchronizing object | East_service_fence_rail41_2.2
Fra:1 Mem:268.59M (Peak 268.59M) | Time:00:00.19 | Mem:0.00M, Peak:0.00M | Scene, ViewLayer | Synchronizing object | East_service_fence_mesh41_0
Fra:1 Mem:268.59M (Peak 268.59M) | Time:00:00.19 | Mem:0.00M, Peak:0.00M | Scene, ViewLayer | Synchronizing object | East_service_fence_mesh41_1
Fra:1 Mem:268.60M (Peak 268.60M) | Time:00:00.19 | Mem:0.00M, Peak:0.00M | Scene, ViewLayer | Synchronizing object | East_service_fence_mesh41_2
Fra:1 Mem:268.64M (Peak 268.64M) | Time:00:00.19 | Mem:0.00M, Peak:0.00M | Scene, ViewLayer | Synchronizing object | East_service_fence_mesh41_3
Fra:1 Mem:268.64M (Peak 268.64M) | Time:00:00.19 | Mem:0.00M, Peak:0.00M | Scene, ViewLayer | Synchronizing object | East_service_fence_mesh41_4
Fra:1 Mem:268.68M (Peak 268.68M) | Time:00:00.19 | Mem:0.00M, Peak:0.00M | Scene, ViewLayer | Synchronizing object | East_service_fence_mesh41_5
Fra:1 Mem:268.64M (Peak 268.68M) | Time:00:00.19 | Mem:0.00M, Peak:0.00M | Scene, ViewLayer | Synchronizing object | East_service_fence_mesh41_6
Fra:1 Mem:268.65M (Peak 268.68M) | Time:00:00.19 | Mem:0.00M, Peak:0.00M | Scene, ViewLayer | Synchronizing object | East_service_fence_mesh41_8
Fra:1 Mem:268.65M (Peak 268.68M) | Time:00:00.19 | Mem:0.00M, Peak:0.00M | Scene, ViewLayer | Synchronizing object | East_service_fence_post42
Fra:1 Mem:268.65M (Peak 268.68M) | Time:00:00.19 | Mem:0.00M, Peak:0.00M | Scene, ViewLayer | Synchronizing object | East_service_fence_rail42_0.35
Fra:1 Mem:268.65M (Peak 268.68M) | Time:00:00.19 | Mem:0.00M, Peak:0.00M | Scene, ViewLayer | Synchronizing object | East_service_fence_rail42_1.2
Fra:1 Mem:268.65M (Peak 268.68M) | Time:00:00.19 | Mem:0.00M, Peak:0.00M | Scene, ViewLayer | Synchronizing object | East_service_fence_rail42_2.2
Fra:1 Mem:268.66M (Peak 268.68M) | Time:00:00.19 | Mem:0.00M, Peak:0.00M | Scene, ViewLayer | Synchronizing object | East_service_fence_mesh42_1
Fra:1 Mem:268.66M (Peak 268.68M) | Time:00:00.19 | Mem:0.00M, Peak:0.00M | Scene, ViewLayer | Synchronizing object | East_service_fence_mesh42_2
Fra:1 Mem:268.66M (Peak 268.68M) | Time:00:00.19 | Mem:0.00M, Peak:0.00M | Scene, ViewLayer | Synchronizing object | East_service_fence_mesh42_3
Fra:1 Mem:268.66M (Peak 268.68M) | Time:00:00.19 | Mem:0.00M, Peak:0.00M | Scene, ViewLayer | Synchronizing object | East_service_fence_mesh42_4
Fra:1 Mem:268.66M (Peak 268.68M) | Time:00:00.19 | Mem:0.00M, Peak:0.00M | Scene, ViewLayer | Synchronizing object | East_service_fence_mesh42_5
Fra:1 Mem:268.67M (Peak 268.68M) | Time:00:00.19 | Mem:0.00M, Peak:0.00M | Scene, ViewLayer | Synchronizing object | East_service_fence_mesh42_6
Fra:1 Mem:268.67M (Peak 268.68M) | Time:00:00.19 | Mem:0.00M, Peak:0.00M | Scene, ViewLayer | Synchronizing object | East_service_fence_mesh42_7
Fra:1 Mem:268.67M (Peak 268.68M) | Time:00:00.19 | Mem:0.00M, Peak:0.00M | Scene, ViewLayer | Synchronizing object | East_service_fence_mesh42_8
Fra:1 Mem:268.67M (Peak 268.68M) | Time:00:00.19 | Mem:0.00M, Peak:0.00M | Scene, ViewLayer | Synchronizing object | East_service_fence_post43
Fra:1 Mem:268.67M (Peak 268.68M) | Time:00:00.19 | Mem:0.00M, Peak:0.00M | Scene, ViewLayer | Synchronizing object | East_service_fence_rail43_0.35
Fra:1 Mem:268.67M (Peak 268.68M) | Time:00:00.19 | Mem:0.00M, Peak:0.00M | Scene, ViewLayer | Synchronizing object | East_service_fence_rail43_2.2
Fra:1 Mem:268.68M (Peak 268.68M) | Time:00:00.19 | Mem:0.00M, Peak:0.00M | Scene, ViewLayer | Synchronizing object | East_service_fence_mesh43_0
Fra:1 Mem:268.68M (Peak 268.68M) | Time:00:00.19 | Mem:0.00M, Peak:0.00M | Scene, ViewLayer | Synchronizing object | East_service_fence_mesh43_2
Fra:1 Mem:268.68M (Peak 268.68M) | Time:00:00.19 | Mem:0.00M, Peak:0.00M | Scene, ViewLayer | Synchronizing object | East_service_fence_mesh43_3
Fra:1 Mem:268.69M (Peak 268.69M) | Time:00:00.19 | Mem:0.00M, Peak:0.00M | Scene, ViewLayer | Synchronizing object | East_service_fence_mesh43_4
Fra:1 Mem:268.69M (Peak 268.69M) | Time:00:00.19 | Mem:0.00M, Peak:0.00M | Scene, ViewLayer | Synchronizing object | East_service_fence_mesh43_6
Fra:1 Mem:268.69M (Peak 268.69M) | Time:00:00.19 | Mem:0.00M, Peak:0.00M | Scene, ViewLayer | Synchronizing object | East_service_fence_mesh43_7
Fra:1 Mem:268.69M (Peak 268.69M) | Time:00:00.19 | Mem:0.00M, Peak:0.00M | Scene, ViewLayer | Synchronizing object | East_service_fence_mesh43_8
Fra:1 Mem:268.69M (Peak 268.69M) | Time:00:00.19 | Mem:0.00M, Peak:0.00M | Scene, ViewLayer | Synchronizing object | East_service_fence_post44
Fra:1 Mem:268.70M (Peak 268.70M) | Time:00:00.19 | Mem:0.00M, Peak:0.00M | Scene, ViewLayer | Synchronizing object | East_service_fence_rail44_0.35
Fra:1 Mem:268.70M (Peak 268.70M) | Time:00:00.19 | Mem:0.00M, Peak:0.00M | Scene, ViewLayer | Synchronizing object | East_service_fence_rail44_1.2
Fra:1 Mem:268.70M (Peak 268.70M) | Time:00:00.19 | Mem:0.00M, Peak:0.00M | Scene, ViewLayer | Synchronizing object | East_service_fence_rail44_2.2
Fra:1 Mem:268.70M (Peak 268.70M) | Time:00:00.19 | Mem:0.00M, Peak:0.00M | Scene, ViewLayer | Synchronizing object | East_service_fence_mesh44_2
Fra:1 Mem:268.71M (Peak 268.71M) | Time:00:00.19 | Mem:0.00M, Peak:0.00M | Scene, ViewLayer | Synchronizing object | East_service_fence_mesh44_3
Fra:1 Mem:268.71M (Peak 268.71M) | Time:00:00.19 | Mem:0.00M, Peak:0.00M | Scene, ViewLayer | Synchronizing object | East_service_fence_mesh44_6
Fra:1 Mem:268.71M (Peak 268.71M) | Time:00:00.19 | Mem:0.00M, Peak:0.00M | Scene, ViewLayer | Synchronizing object | East_service_fence_post45
Fra:1 Mem:268.73M (Peak 268.73M) | Time:00:00.19 | Mem:0.00M, Peak:0.00M | Scene, ViewLayer | Synchronizing object | East_service_fence_rail45_0.35
Fra:1 Mem:268.80M (Peak 268.80M) | Time:00:00.19 | Mem:0.00M, Peak:0.00M | Scene, ViewLayer | Synchronizing object | East_service_fence_rail45_1.2
Fra:1 Mem:268.79M (Peak 268.80M) | Time:00:00.19 | Mem:0.00M, Peak:0.00M | Scene, ViewLayer | Synchronizing object | East_service_fence_rail45_2.2
Fra:1 Mem:268.82M (Peak 268.82M) | Time:00:00.19 | Mem:0.00M, Peak:0.00M | Scene, ViewLayer | Synchronizing object | East_service_fence_mesh45_0
Fra:1 Mem:268.86M (Peak 268.86M) | Time:00:00.19 | Mem:0.00M, Peak:0.00M | Scene, ViewLayer | Synchronizing object | East_service_fence_mesh45_3
Fra:1 Mem:268.86M (Peak 268.86M) | Time:00:00.19 | Mem:0.00M, Peak:0.00M | Scene, ViewLayer | Synchronizing object | East_service_fence_mesh45_4
Fra:1 Mem:268.87M (Peak 268.87M) | Time:00:00.19 | Mem:0.00M, Peak:0.00M | Scene, ViewLayer | Synchronizing object | East_service_fence_mesh45_5
Fra:1 Mem:268.90M (Peak 268.90M) | Time:00:00.19 | Mem:0.00M, Peak:0.00M | Scene, ViewLayer | Synchronizing object | East_service_fence_mesh45_6
Fra:1 Mem:268.90M (Peak 268.90M) | Time:00:00.19 | Mem:0.00M, Peak:0.00M | Scene, ViewLayer | Synchronizing object | East_service_fence_mesh45_7
Fra:1 Mem:268.90M (Peak 268.90M) | Time:00:00.19 | Mem:0.00M, Peak:0.00M | Scene, ViewLayer | Synchronizing object | East_service_fence_mesh45_8
Fra:1 Mem:268.89M (Peak 268.90M) | Time:00:00.19 | Mem:0.00M, Peak:0.00M | Scene, ViewLayer | Synchronizing object | East_service_fence_post46
Fra:1 Mem:268.89M (Peak 268.90M) | Time:00:00.19 | Mem:0.00M, Peak:0.00M | Scene, ViewLayer | Synchronizing object | East_service_fence_rail46_0.35
Fra:1 Mem:268.89M (Peak 268.90M) | Time:00:00.19 | Mem:0.00M, Peak:0.00M | Scene, ViewLayer | Synchronizing object | East_service_fence_rail46_1.2
Fra:1 Mem:268.90M (Peak 268.90M) | Time:00:00.19 | Mem:0.00M, Peak:0.00M | Scene, ViewLayer | Synchronizing object | East_service_fence_rail46_2.2
Fra:1 Mem:268.90M (Peak 268.90M) | Time:00:00.19 | Mem:0.00M, Peak:0.00M | Scene, ViewLayer | Synchronizing object | East_service_fence_mesh46_0
Fra:1 Mem:268.93M (Peak 268.93M) | Time:00:00.19 | Mem:0.00M, Peak:0.00M | Scene, ViewLayer | Synchronizing object | East_service_fence_mesh46_1
Fra:1 Mem:268.93M (Peak 268.93M) | Time:00:00.19 | Mem:0.00M, Peak:0.00M | Scene, ViewLayer | Synchronizing object | East_service_fence_mesh46_3
Fra:1 Mem:268.94M (Peak 268.94M) | Time:00:00.19 | Mem:0.00M, Peak:0.00M | Scene, ViewLayer | Synchronizing object | East_service_fence_mesh46_4
Fra:1 Mem:268.98M (Peak 268.98M) | Time:00:00.19 | Mem:0.00M, Peak:0.00M | Scene, ViewLayer | Synchronizing object | East_service_fence_mesh46_6
Fra:1 Mem:269.01M (Peak 269.01M) | Time:00:00.19 | Mem:0.00M, Peak:0.00M | Scene, ViewLayer | Synchronizing object | East_service_fence_mesh46_7
Fra:1 Mem:269.02M (Peak 269.02M) | Time:00:00.19 | Mem:0.00M, Peak:0.00M | Scene, ViewLayer | Synchronizing object | East_service_fence_mesh46_8
Fra:1 Mem:268.99M (Peak 269.02M) | Time:00:00.19 | Mem:0.00M, Peak:0.00M | Scene, ViewLayer | Synchronizing object | Promenade_palm_10_folded_fronds
Fra:1 Mem:268.99M (Peak 269.02M) | Time:00:00.19 | Mem:0.00M, Peak:0.00M | Scene, ViewLayer | Synchronizing object | East_service_fence_rail47_0.35
Fra:1 Mem:268.99M (Peak 269.02M) | Time:00:00.19 | Mem:0.00M, Peak:0.00M | Scene, ViewLayer | Synchronizing object | East_service_fence_rail47_1.2
Fra:1 Mem:269.00M (Peak 269.02M) | Time:00:00.19 | Mem:0.00M, Peak:0.00M | Scene, ViewLayer | Synchronizing object | East_service_fence_mesh47_0
Fra:1 Mem:269.00M (Peak 269.02M) | Time:00:00.19 | Mem:0.00M, Peak:0.00M | Scene, ViewLayer | Synchronizing object | East_service_fence_mesh47_1
Fra:1 Mem:269.00M (Peak 269.02M) | Time:00:00.19 | Mem:0.00M, Peak:0.00M | Scene, ViewLayer | Synchronizing object | East_service_fence_mesh47_2
Fra:1 Mem:269.00M (Peak 269.02M) | Time:00:00.19 | Mem:0.00M, Peak:0.00M | Scene, ViewLayer | Synchronizing object | East_service_fence_mesh47_4
Fra:1 Mem:269.01M (Peak 269.02M) | Time:00:00.19 | Mem:0.00M, Peak:0.00M | Scene, ViewLayer | Synchronizing object | East_service_fence_mesh47_5
Fra:1 Mem:269.01M (Peak 269.02M) | Time:00:00.19 | Mem:0.00M, Peak:0.00M | Scene, ViewLayer | Synchronizing object | East_service_fence_mesh47_7
Fra:1 Mem:269.01M (Peak 269.02M) | Time:00:00.19 | Mem:0.00M, Peak:0.00M | Scene, ViewLayer | Synchronizing object | East_service_fence_mesh47_8
Fra:1 Mem:269.01M (Peak 269.02M) | Time:00:00.19 | Mem:0.00M, Peak:0.00M | Scene, ViewLayer | Synchronizing object | East_service_fence_rail48_2.2
Fra:1 Mem:269.02M (Peak 269.02M) | Time:00:00.19 | Mem:0.00M, Peak:0.00M | Scene, ViewLayer | Synchronizing object | East_service_fence_mesh48_0
Fra:1 Mem:269.02M (Peak 269.02M) | Time:00:00.19 | Mem:0.00M, Peak:0.00M | Scene, ViewLayer | Synchronizing object | East_service_fence_mesh48_1
Fra:1 Mem:269.02M (Peak 269.02M) | Time:00:00.19 | Mem:0.00M, Peak:0.00M | Scene, ViewLayer | Synchronizing object | East_service_fence_mesh48_3
Fra:1 Mem:269.02M (Peak 269.02M) | Time:00:00.19 | Mem:0.00M, Peak:0.00M | Scene, ViewLayer | Synchronizing object | East_service_fence_mesh48_4
Fra:1 Mem:269.02M (Peak 269.02M) | Time:00:00.19 | Mem:0.00M, Peak:0.00M | Scene, ViewLayer | Synchronizing object | East_service_fence_mesh48_5
Fra:1 Mem:269.03M (Peak 269.03M) | Time:00:00.19 | Mem:0.00M, Peak:0.00M | Scene, ViewLayer | Synchronizing object | East_service_fence_mesh48_6
Fra:1 Mem:269.03M (Peak 269.03M) | Time:00:00.19 | Mem:0.00M, Peak:0.00M | Scene, ViewLayer | Synchronizing object | East_service_fence_mesh48_8
Fra:1 Mem:269.04M (Peak 269.04M) | Time:00:00.19 | Mem:0.00M, Peak:0.00M | Scene, ViewLayer | Synchronizing object | East_service_fence_rail49_0.35
Fra:1 Mem:269.04M (Peak 269.04M) | Time:00:00.19 | Mem:0.00M, Peak:0.00M | Scene, ViewLayer | Synchronizing object | East_service_fence_rail49_2.2
Fra:1 Mem:269.04M (Peak 269.04M) | Time:00:00.19 | Mem:0.00M, Peak:0.00M | Scene, ViewLayer | Synchronizing object | East_service_fence_mesh49_0
Fra:1 Mem:269.05M (Peak 269.05M) | Time:00:00.19 | Mem:0.00M, Peak:0.00M | Scene, ViewLayer | Synchronizing object | East_service_fence_mesh49_1
Fra:1 Mem:269.05M (Peak 269.05M) | Time:00:00.19 | Mem:0.00M, Peak:0.00M | Scene, ViewLayer | Synchronizing object | East_service_fence_mesh49_3
Fra:1 Mem:269.06M (Peak 269.06M) | Time:00:00.19 | Mem:0.00M, Peak:0.00M | Scene, ViewLayer | Synchronizing object | East_service_fence_mesh49_5
Fra:1 Mem:269.05M (Peak 269.06M) | Time:00:00.19 | Mem:0.00M, Peak:0.00M | Scene, ViewLayer | Synchronizing object | East_service_fence_mesh49_6
Fra:1 Mem:269.05M (Peak 269.06M) | Time:00:00.19 | Mem:0.00M, Peak:0.00M | Scene, ViewLayer | Synchronizing object | East_service_fence_mesh49_7
Fra:1 Mem:269.06M (Peak 269.06M) | Time:00:00.19 | Mem:0.00M, Peak:0.00M | Scene, ViewLayer | Synchronizing object | East_service_fence_rail50_1.2
Fra:1 Mem:269.06M (Peak 269.06M) | Time:00:00.19 | Mem:0.00M, Peak:0.00M | Scene, ViewLayer | Synchronizing object | East_service_fence_rail50_2.2
Fra:1 Mem:269.06M (Peak 269.06M) | Time:00:00.19 | Mem:0.00M, Peak:0.00M | Scene, ViewLayer | Synchronizing object | East_service_fence_mesh50_1
Fra:1 Mem:269.07M (Peak 269.07M) | Time:00:00.19 | Mem:0.00M, Peak:0.00M | Scene, ViewLayer | Synchronizing object | East_service_fence_mesh50_3
Fra:1 Mem:269.07M (Peak 269.07M) | Time:00:00.19 | Mem:0.00M, Peak:0.00M | Scene, ViewLayer | Synchronizing object | East_service_fence_mesh50_4
Fra:1 Mem:269.07M (Peak 269.07M) | Time:00:00.19 | Mem:0.00M, Peak:0.00M | Scene, ViewLayer | Synchronizing object | East_service_fence_mesh50_6
Fra:1 Mem:269.08M (Peak 269.08M) | Time:00:00.19 | Mem:0.00M, Peak:0.00M | Scene, ViewLayer | Synchronizing object | East_service_fence_mesh50_8
Fra:1 Mem:269.08M (Peak 269.08M) | Time:00:00.19 | Mem:0.00M, Peak:0.00M | Scene, ViewLayer | Synchronizing object | East_service_fence_post51
Fra:1 Mem:269.08M (Peak 269.08M) | Time:00:00.19 | Mem:0.00M, Peak:0.00M | Scene, ViewLayer | Synchronizing object | East_service_fence_rail51_0.35
Fra:1 Mem:269.08M (Peak 269.08M) | Time:00:00.19 | Mem:0.00M, Peak:0.00M | Scene, ViewLayer | Synchronizing object | East_service_fence_rail51_1.2
Fra:1 Mem:269.08M (Peak 269.08M) | Time:00:00.19 | Mem:0.00M, Peak:0.00M | Scene, ViewLayer | Synchronizing object | East_service_fence_rail51_2.2
Fra:1 Mem:269.09M (Peak 269.09M) | Time:00:00.19 | Mem:0.00M, Peak:0.00M | Scene, ViewLayer | Synchronizing object | East_service_fence_mesh51_0
Fra:1 Mem:269.09M (Peak 269.09M) | Time:00:00.19 | Mem:0.00M, Peak:0.00M | Scene, ViewLayer | Synchronizing object | East_service_fence_mesh51_1
Fra:1 Mem:269.09M (Peak 269.09M) | Time:00:00.19 | Mem:0.00M, Peak:0.00M | Scene, ViewLayer | Synchronizing object | East_service_fence_mesh51_2
Fra:1 Mem:269.09M (Peak 269.09M) | Time:00:00.19 | Mem:0.00M, Peak:0.00M | Scene, ViewLayer | Synchronizing object | East_service_fence_mesh51_5
Fra:1 Mem:269.10M (Peak 269.10M) | Time:00:00.19 | Mem:0.00M, Peak:0.00M | Scene, ViewLayer | Synchronizing object | East_service_fence_mesh51_6
Fra:1 Mem:269.10M (Peak 269.10M) | Time:00:00.19 | Mem:0.00M, Peak:0.00M | Scene, ViewLayer | Synchronizing object | East_service_fence_mesh51_8
Fra:1 Mem:269.10M (Peak 269.10M) | Time:00:00.19 | Mem:0.00M, Peak:0.00M | Scene, ViewLayer | Synchronizing object | East_service_fence_post52
Fra:1 Mem:269.10M (Peak 269.10M) | Time:00:00.19 | Mem:0.00M, Peak:0.00M | Scene, ViewLayer | Synchronizing object | East_service_fence_rail52_0.35
Fra:1 Mem:269.11M (Peak 269.11M) | Time:00:00.19 | Mem:0.00M, Peak:0.00M | Scene, ViewLayer | Synchronizing object | East_service_fence_rail52_1.2
Fra:1 Mem:269.11M (Peak 269.11M) | Time:00:00.19 | Mem:0.00M, Peak:0.00M | Scene, ViewLayer | Synchronizing object | East_service_fence_rail52_2.2
Fra:1 Mem:269.11M (Peak 269.11M) | Time:00:00.19 | Mem:0.00M, Peak:0.00M | Scene, ViewLayer | Synchronizing object | East_service_fence_mesh52_0
Fra:1 Mem:269.11M (Peak 269.11M) | Time:00:00.19 | Mem:0.00M, Peak:0.00M | Scene, ViewLayer | Synchronizing object | East_service_fence_mesh52_2
Fra:1 Mem:269.12M (Peak 269.12M) | Time:00:00.19 | Mem:0.00M, Peak:0.00M | Scene, ViewLayer | Synchronizing object | East_service_fence_mesh52_4
Fra:1 Mem:269.12M (Peak 269.12M) | Time:00:00.19 | Mem:0.00M, Peak:0.00M | Scene, ViewLayer | Synchronizing object | East_service_fence_mesh52_5
Fra:1 Mem:269.12M (Peak 269.12M) | Time:00:00.19 | Mem:0.00M, Peak:0.00M | Scene, ViewLayer | Synchronizing object | East_service_fence_mesh52_6
Fra:1 Mem:269.13M (Peak 269.13M) | Time:00:00.19 | Mem:0.00M, Peak:0.00M | Scene, ViewLayer | Synchronizing object | East_service_fence_mesh52_8
Fra:1 Mem:269.15M (Peak 269.15M) | Time:00:00.19 | Mem:0.00M, Peak:0.00M | Scene, ViewLayer | Synchronizing object | East_service_fence_post53
Fra:1 Mem:269.13M (Peak 269.15M) | Time:00:00.19 | Mem:0.00M, Peak:0.00M | Scene, ViewLayer | Synchronizing object | East_service_fence_rail53_2.2
Fra:1 Mem:269.14M (Peak 269.15M) | Time:00:00.19 | Mem:0.00M, Peak:0.00M | Scene, ViewLayer | Synchronizing object | East_service_fence_mesh53_1
Fra:1 Mem:269.15M (Peak 269.15M) | Time:00:00.19 | Mem:0.00M, Peak:0.00M | Scene, ViewLayer | Synchronizing object | East_service_fence_mesh53_2
Fra:1 Mem:269.20M (Peak 269.20M) | Time:00:00.19 | Mem:0.00M, Peak:0.00M | Scene, ViewLayer | Synchronizing object | East_service_fence_mesh53_3
Fra:1 Mem:269.24M (Peak 269.24M) | Time:00:00.19 | Mem:0.00M, Peak:0.00M | Scene, ViewLayer | Synchronizing object | East_service_fence_mesh53_4
Fra:1 Mem:269.27M (Peak 269.27M) | Time:00:00.19 | Mem:0.00M, Peak:0.00M | Scene, ViewLayer | Synchronizing object | East_service_fence_mesh53_5
Fra:1 Mem:269.27M (Peak 269.27M) | Time:00:00.19 | Mem:0.00M, Peak:0.00M | Scene, ViewLayer | Synchronizing object | East_service_fence_mesh53_6
Fra:1 Mem:269.29M (Peak 269.29M) | Time:00:00.19 | Mem:0.00M, Peak:0.00M | Scene, ViewLayer | Synchronizing object | East_service_fence_mesh53_7
Fra:1 Mem:269.30M (Peak 269.30M) | Time:00:00.19 | Mem:0.00M, Peak:0.00M | Scene, ViewLayer | Synchronizing object | East_service_fence_post54
Fra:1 Mem:269.29M (Peak 269.30M) | Time:00:00.19 | Mem:0.00M, Peak:0.00M | Scene, ViewLayer | Synchronizing object | East_service_fence_rail54_0.35
Fra:1 Mem:269.30M (Peak 269.30M) | Time:00:00.19 | Mem:0.00M, Peak:0.00M | Scene, ViewLayer | Synchronizing object | East_service_fence_rail54_1.2
Fra:1 Mem:269.30M (Peak 269.30M) | Time:00:00.19 | Mem:0.00M, Peak:0.00M | Scene, ViewLayer | Synchronizing object | East_service_fence_rail54_2.2
Fra:1 Mem:269.30M (Peak 269.30M) | Time:00:00.19 | Mem:0.00M, Peak:0.00M | Scene, ViewLayer | Synchronizing object | East_service_fence_mesh54_1
Fra:1 Mem:269.30M (Peak 269.30M) | Time:00:00.19 | Mem:0.00M, Peak:0.00M | Scene, ViewLayer | Synchronizing object | East_service_fence_mesh54_2
Fra:1 Mem:269.30M (Peak 269.30M) | Time:00:00.19 | Mem:0.00M, Peak:0.00M | Scene, ViewLayer | Synchronizing object | East_service_fence_mesh54_3
Fra:1 Mem:269.34M (Peak 269.34M) | Time:00:00.19 | Mem:0.00M, Peak:0.00M | Scene, ViewLayer | Synchronizing object | East_service_fence_mesh54_4
Fra:1 Mem:269.34M (Peak 269.34M) | Time:00:00.19 | Mem:0.00M, Peak:0.00M | Scene, ViewLayer | Synchronizing object | East_service_fence_mesh54_6
Fra:1 Mem:269.38M (Peak 269.38M) | Time:00:00.19 | Mem:0.00M, Peak:0.00M | Scene, ViewLayer | Synchronizing object | East_service_fence_mesh54_7
Fra:1 Mem:269.41M (Peak 269.41M) | Time:00:00.19 | Mem:0.00M, Peak:0.00M | Scene, ViewLayer | Synchronizing object | East_service_fence_mesh54_8
Fra:1 Mem:269.38M (Peak 269.41M) | Time:00:00.19 | Mem:0.00M, Peak:0.00M | Scene, ViewLayer | Synchronizing object | East_service_fence_post55
Fra:1 Mem:269.38M (Peak 269.41M) | Time:00:00.19 | Mem:0.00M, Peak:0.00M | Scene, ViewLayer | Synchronizing object | East_service_fence_rail55_1.2
Fra:1 Mem:269.39M (Peak 269.41M) | Time:00:00.19 | Mem:0.00M, Peak:0.00M | Scene, ViewLayer | Synchronizing object | East_service_fence_mesh55_0
Fra:1 Mem:269.39M (Peak 269.41M) | Time:00:00.19 | Mem:0.00M, Peak:0.00M | Scene, ViewLayer | Synchronizing object | East_service_fence_mesh55_1
Fra:1 Mem:269.39M (Peak 269.41M) | Time:00:00.19 | Mem:0.00M, Peak:0.00M | Scene, ViewLayer | Synchronizing object | East_service_fence_mesh55_2
Fra:1 Mem:269.39M (Peak 269.41M) | Time:00:00.19 | Mem:0.00M, Peak:0.00M | Scene, ViewLayer | Synchronizing object | East_service_fence_mesh55_3
Fra:1 Mem:269.39M (Peak 269.41M) | Time:00:00.19 | Mem:0.00M, Peak:0.00M | Scene, ViewLayer | Synchronizing object | East_service_fence_mesh55_5
Fra:1 Mem:269.40M (Peak 269.41M) | Time:00:00.19 | Mem:0.00M, Peak:0.00M | Scene, ViewLayer | Synchronizing object | East_service_fence_mesh55_7
Fra:1 Mem:269.40M (Peak 269.41M) | Time:00:00.19 | Mem:0.00M, Peak:0.00M | Scene, ViewLayer | Synchronizing object | East_service_fence_mesh55_8
Fra:1 Mem:269.40M (Peak 269.41M) | Time:00:00.19 | Mem:0.00M, Peak:0.00M | Scene, ViewLayer | Synchronizing object | East_service_fence_rail56_0.35
Fra:1 Mem:269.40M (Peak 269.41M) | Time:00:00.19 | Mem:0.00M, Peak:0.00M | Scene, ViewLayer | Synchronizing object | East_service_fence_rail56_2.2
Fra:1 Mem:269.41M (Peak 269.41M) | Time:00:00.19 | Mem:0.00M, Peak:0.00M | Scene, ViewLayer | Synchronizing object | East_service_fence_mesh56_0
Fra:1 Mem:269.41M (Peak 269.41M) | Time:00:00.19 | Mem:0.00M, Peak:0.00M | Scene, ViewLayer | Synchronizing object | East_service_fence_mesh56_1
Fra:1 Mem:269.41M (Peak 269.41M) | Time:00:00.19 | Mem:0.00M, Peak:0.00M | Scene, ViewLayer | Synchronizing object | East_service_fence_mesh56_2
Fra:1 Mem:269.42M (Peak 269.42M) | Time:00:00.19 | Mem:0.00M, Peak:0.00M | Scene, ViewLayer | Synchronizing object | East_service_fence_mesh56_5
Fra:1 Mem:269.49M (Peak 269.49M) | Time:00:00.19 | Mem:0.00M, Peak:0.00M | Scene, ViewLayer | Synchronizing object | East_service_fence_mesh56_6
Fra:1 Mem:269.54M (Peak 269.54M) | Time:00:00.19 | Mem:0.00M, Peak:0.00M | Scene, ViewLayer | Synchronizing object | East_service_fence_mesh56_7
Fra:1 Mem:269.54M (Peak 269.54M) | Time:00:00.19 | Mem:0.00M, Peak:0.00M | Scene, ViewLayer | Synchronizing object | East_service_fence_mesh56_8
Fra:1 Mem:269.57M (Peak 269.57M) | Time:00:00.19 | Mem:0.00M, Peak:0.00M | Scene, ViewLayer | Synchronizing object | East_service_fence_rail57_1.2
Fra:1 Mem:269.58M (Peak 269.58M) | Time:00:00.19 | Mem:0.00M, Peak:0.00M | Scene, ViewLayer | Synchronizing object | East_service_fence_rail57_2.2
Fra:1 Mem:269.61M (Peak 269.61M) | Time:00:00.19 | Mem:0.00M, Peak:0.00M | Scene, ViewLayer | Synchronizing object | East_service_fence_mesh57_0
Fra:1 Mem:269.61M (Peak 269.61M) | Time:00:00.19 | Mem:0.00M, Peak:0.00M | Scene, ViewLayer | Synchronizing object | East_service_fence_mesh57_1
Fra:1 Mem:269.60M (Peak 269.61M) | Time:00:00.19 | Mem:0.00M, Peak:0.00M | Scene, ViewLayer | Synchronizing object | East_service_fence_mesh57_2
Fra:1 Mem:269.61M (Peak 269.61M) | Time:00:00.19 | Mem:0.00M, Peak:0.00M | Scene, ViewLayer | Synchronizing object | East_service_fence_mesh57_4
Fra:1 Mem:269.61M (Peak 269.61M) | Time:00:00.19 | Mem:0.00M, Peak:0.00M | Scene, ViewLayer | Synchronizing object | East_service_fence_mesh57_5
Fra:1 Mem:269.61M (Peak 269.61M) | Time:00:00.19 | Mem:0.00M, Peak:0.00M | Scene, ViewLayer | Synchronizing object | East_service_fence_mesh57_6
Fra:1 Mem:269.61M (Peak 269.61M) | Time:00:00.19 | Mem:0.00M, Peak:0.00M | Scene, ViewLayer | Synchronizing object | East_service_fence_mesh57_7
Fra:1 Mem:269.61M (Peak 269.61M) | Time:00:00.19 | Mem:0.00M, Peak:0.00M | Scene, ViewLayer | Synchronizing object | East_service_fence_mesh57_8
Fra:1 Mem:269.65M (Peak 269.65M) | Time:00:00.19 | Mem:0.00M, Peak:0.00M | Scene, ViewLayer | Synchronizing object | East_service_fence_post58
Fra:1 Mem:269.66M (Peak 269.66M) | Time:00:00.19 | Mem:0.00M, Peak:0.00M | Scene, ViewLayer | Synchronizing object | East_service_fence_rail58_1.2
Fra:1 Mem:269.70M (Peak 269.70M) | Time:00:00.19 | Mem:0.00M, Peak:0.00M | Scene, ViewLayer | Synchronizing object | East_service_fence_rail58_2.2
Fra:1 Mem:269.70M (Peak 269.70M) | Time:00:00.19 | Mem:0.00M, Peak:0.00M | Scene, ViewLayer | Synchronizing object | East_service_fence_mesh58_0
Fra:1 Mem:269.70M (Peak 269.70M) | Time:00:00.19 | Mem:0.00M, Peak:0.00M | Scene, ViewLayer | Synchronizing object | Circuit_palm_9_folded_fronds
Fra:1 Mem:269.70M (Peak 269.70M) | Time:00:00.19 | Mem:0.00M, Peak:0.00M | Scene, ViewLayer | Synchronizing object | East_service_fence_mesh58_3
Fra:1 Mem:269.70M (Peak 269.70M) | Time:00:00.19 | Mem:0.00M, Peak:0.00M | Scene, ViewLayer | Synchronizing object | East_service_fence_mesh58_4
Fra:1 Mem:269.71M (Peak 269.71M) | Time:00:00.19 | Mem:0.00M, Peak:0.00M | Scene, ViewLayer | Synchronizing object | East_service_fence_mesh58_5
Fra:1 Mem:269.71M (Peak 269.71M) | Time:00:00.19 | Mem:0.00M, Peak:0.00M | Scene, ViewLayer | Synchronizing object | East_service_fence_mesh58_7
Fra:1 Mem:269.72M (Peak 269.72M) | Time:00:00.19 | Mem:0.00M, Peak:0.00M | Scene, ViewLayer | Synchronizing object | East_service_fence_mesh58_8
Fra:1 Mem:269.72M (Peak 269.72M) | Time:00:00.19 | Mem:0.00M, Peak:0.00M | Scene, ViewLayer | Synchronizing object | East_service_fence_rail59_0.35
Fra:1 Mem:269.72M (Peak 269.72M) | Time:00:00.19 | Mem:0.00M, Peak:0.00M | Scene, ViewLayer | Synchronizing object | East_service_fence_rail59_1.2
Fra:1 Mem:269.72M (Peak 269.72M) | Time:00:00.19 | Mem:0.00M, Peak:0.00M | Scene, ViewLayer | Synchronizing object | East_service_fence_mesh59_0
Fra:1 Mem:269.72M (Peak 269.72M) | Time:00:00.19 | Mem:0.00M, Peak:0.00M | Scene, ViewLayer | Synchronizing object | East_service_fence_mesh59_1
Fra:1 Mem:269.72M (Peak 269.73M) | Time:00:00.19 | Mem:0.00M, Peak:0.00M | Scene, ViewLayer | Synchronizing object | East_service_fence_mesh59_3
Fra:1 Mem:269.73M (Peak 269.73M) | Time:00:00.19 | Mem:0.00M, Peak:0.00M | Scene, ViewLayer | Synchronizing object | East_service_fence_mesh59_4
Fra:1 Mem:269.73M (Peak 269.73M) | Time:00:00.19 | Mem:0.00M, Peak:0.00M | Scene, ViewLayer | Synchronizing object | East_service_fence_mesh59_6
Fra:1 Mem:269.73M (Peak 269.73M) | Time:00:00.19 | Mem:0.00M, Peak:0.00M | Scene, ViewLayer | Synchronizing object | East_service_fence_mesh59_7
Fra:1 Mem:269.73M (Peak 269.73M) | Time:00:00.19 | Mem:0.00M, Peak:0.00M | Scene, ViewLayer | Synchronizing object | East_service_fence_mesh59_8
Fra:1 Mem:269.75M (Peak 269.75M) | Time:00:00.19 | Mem:0.00M, Peak:0.00M | Scene, ViewLayer | Synchronizing object | East_service_fence_post60
Fra:1 Mem:269.81M (Peak 269.81M) | Time:00:00.19 | Mem:0.00M, Peak:0.00M | Scene, ViewLayer | Synchronizing object | East_service_fence_rail60_0.35
Fra:1 Mem:269.84M (Peak 269.84M) | Time:00:00.19 | Mem:0.00M, Peak:0.00M | Scene, ViewLayer | Synchronizing object | East_service_fence_rail60_1.2
Fra:1 Mem:269.89M (Peak 269.89M) | Time:00:00.19 | Mem:0.00M, Peak:0.00M | Scene, ViewLayer | Synchronizing object | East_service_fence_rail60_2.2
Fra:1 Mem:269.91M (Peak 269.91M) | Time:00:00.19 | Mem:0.00M, Peak:0.00M | Scene, ViewLayer | Synchronizing object | East_service_fence_mesh60_2
Fra:1 Mem:269.92M (Peak 269.92M) | Time:00:00.19 | Mem:0.00M, Peak:0.00M | Scene, ViewLayer | Synchronizing object | East_service_fence_mesh60_3
Fra:1 Mem:269.91M (Peak 269.92M) | Time:00:00.19 | Mem:0.00M, Peak:0.00M | Scene, ViewLayer | Synchronizing object | East_service_fence_mesh60_4
Fra:1 Mem:269.91M (Peak 269.92M) | Time:00:00.19 | Mem:0.00M, Peak:0.00M | Scene, ViewLayer | Synchronizing object | East_service_fence_mesh60_5
Fra:1 Mem:269.91M (Peak 269.92M) | Time:00:00.19 | Mem:0.00M, Peak:0.00M | Scene, ViewLayer | Synchronizing object | East_service_fence_mesh60_7
Fra:1 Mem:269.94M (Peak 269.94M) | Time:00:00.19 | Mem:0.00M, Peak:0.00M | Scene, ViewLayer | Synchronizing object | East_service_fence_mesh60_8
Fra:1 Mem:269.95M (Peak 269.95M) | Time:00:00.19 | Mem:0.00M, Peak:0.00M | Scene, ViewLayer | Synchronizing object | East_service_fence_post61
Fra:1 Mem:269.95M (Peak 269.95M) | Time:00:00.19 | Mem:0.00M, Peak:0.00M | Scene, ViewLayer | Synchronizing object | East_service_fence_rail61_0.35
Fra:1 Mem:270.00M (Peak 270.00M) | Time:00:00.19 | Mem:0.00M, Peak:0.00M | Scene, ViewLayer | Synchronizing object | East_service_fence_rail61_1.2
Fra:1 Mem:270.03M (Peak 270.03M) | Time:00:00.19 | Mem:0.00M, Peak:0.00M | Scene, ViewLayer | Synchronizing object | East_service_fence_mesh61_1
Fra:1 Mem:270.00M (Peak 270.03M) | Time:00:00.19 | Mem:0.00M, Peak:0.00M | Scene, ViewLayer | Synchronizing object | Circuit_palm_8_folded_fronds
Fra:1 Mem:270.02M (Peak 270.03M) | Time:00:00.19 | Mem:0.00M, Peak:0.00M | Scene, ViewLayer | Synchronizing object | East_service_fence_mesh61_6
Fra:1 Mem:270.01M (Peak 270.03M) | Time:00:00.19 | Mem:0.00M, Peak:0.00M | Scene, ViewLayer | Synchronizing object | East_service_fence_mesh61_7
Fra:1 Mem:270.02M (Peak 270.03M) | Time:00:00.19 | Mem:0.00M, Peak:0.00M | Scene, ViewLayer | Synchronizing object | East_service_fence_post62
Fra:1 Mem:270.02M (Peak 270.03M) | Time:00:00.19 | Mem:0.00M, Peak:0.00M | Scene, ViewLayer | Synchronizing object | East_service_fence_rail62_0.35
Fra:1 Mem:270.02M (Peak 270.03M) | Time:00:00.19 | Mem:0.00M, Peak:0.00M | Scene, ViewLayer | Synchronizing object | East_service_fence_rail62_2.2
Fra:1 Mem:270.02M (Peak 270.03M) | Time:00:00.19 | Mem:0.00M, Peak:0.00M | Scene, ViewLayer | Synchronizing object | East_service_fence_mesh62_1
Fra:1 Mem:270.03M (Peak 270.03M) | Time:00:00.19 | Mem:0.00M, Peak:0.00M | Scene, ViewLayer | Synchronizing object | East_service_fence_mesh62_2
Fra:1 Mem:270.03M (Peak 270.03M) | Time:00:00.19 | Mem:0.00M, Peak:0.00M | Scene, ViewLayer | Synchronizing object | East_service_fence_mesh62_3
Fra:1 Mem:270.03M (Peak 270.03M) | Time:00:00.19 | Mem:0.00M, Peak:0.00M | Scene, ViewLayer | Synchronizing object | East_service_fence_mesh62_5
Fra:1 Mem:270.03M (Peak 270.03M) | Time:00:00.19 | Mem:0.00M, Peak:0.00M | Scene, ViewLayer | Synchronizing object | East_service_fence_mesh62_6
Fra:1 Mem:270.03M (Peak 270.03M) | Time:00:00.19 | Mem:0.00M, Peak:0.00M | Scene, ViewLayer | Synchronizing object | East_service_fence_mesh62_8
Fra:1 Mem:270.04M (Peak 270.04M) | Time:00:00.19 | Mem:0.00M, Peak:0.00M | Scene, ViewLayer | Synchronizing object | East_service_fence_post63
Fra:1 Mem:270.04M (Peak 270.04M) | Time:00:00.19 | Mem:0.00M, Peak:0.00M | Scene, ViewLayer | Synchronizing object | East_service_fence_rail63_0.35
Fra:1 Mem:270.04M (Peak 270.04M) | Time:00:00.19 | Mem:0.00M, Peak:0.00M | Scene, ViewLayer | Synchronizing object | East_service_fence_rail63_2.2
Fra:1 Mem:270.05M (Peak 270.05M) | Time:00:00.19 | Mem:0.00M, Peak:0.00M | Scene, ViewLayer | Synchronizing object | East_service_fence_mesh63_0
Fra:1 Mem:270.05M (Peak 270.05M) | Time:00:00.19 | Mem:0.00M, Peak:0.00M | Scene, ViewLayer | Synchronizing object | East_service_fence_mesh63_2
Fra:1 Mem:270.05M (Peak 270.05M) | Time:00:00.19 | Mem:0.00M, Peak:0.00M | Scene, ViewLayer | Synchronizing object | East_service_fence_mesh63_4
Fra:1 Mem:270.05M (Peak 270.05M) | Time:00:00.19 | Mem:0.00M, Peak:0.00M | Scene, ViewLayer | Synchronizing object | East_service_fence_mesh63_5
Fra:1 Mem:270.06M (Peak 270.06M) | Time:00:00.19 | Mem:0.00M, Peak:0.00M | Scene, ViewLayer | Synchronizing object | East_service_fence_mesh63_6
Fra:1 Mem:270.06M (Peak 270.06M) | Time:00:00.19 | Mem:0.00M, Peak:0.00M | Scene, ViewLayer | Synchronizing object | East_service_fence_mesh63_8
Fra:1 Mem:270.06M (Peak 270.06M) | Time:00:00.19 | Mem:0.00M, Peak:0.00M | Scene, ViewLayer | Synchronizing object | East_service_fence_post64
Fra:1 Mem:270.06M (Peak 270.06M) | Time:00:00.19 | Mem:0.00M, Peak:0.00M | Scene, ViewLayer | Synchronizing object | East_service_fence_rail64_0.35
Fra:1 Mem:270.07M (Peak 270.07M) | Time:00:00.19 | Mem:0.00M, Peak:0.00M | Scene, ViewLayer | Synchronizing object | East_service_fence_rail64_2.2
Fra:1 Mem:270.07M (Peak 270.07M) | Time:00:00.19 | Mem:0.00M, Peak:0.00M | Scene, ViewLayer | Synchronizing object | East_service_fence_mesh64_0
Fra:1 Mem:270.07M (Peak 270.07M) | Time:00:00.19 | Mem:0.00M, Peak:0.00M | Scene, ViewLayer | Synchronizing object | East_service_fence_mesh64_1
Fra:1 Mem:270.07M (Peak 270.07M) | Time:00:00.19 | Mem:0.00M, Peak:0.00M | Scene, ViewLayer | Synchronizing object | East_service_fence_mesh64_3
Fra:1 Mem:270.07M (Peak 270.07M) | Time:00:00.19 | Mem:0.00M, Peak:0.00M | Scene, ViewLayer | Synchronizing object | East_service_fence_mesh64_4
Fra:1 Mem:270.07M (Peak 270.07M) | Time:00:00.19 | Mem:0.00M, Peak:0.00M | Scene, ViewLayer | Synchronizing object | East_service_fence_mesh64_5
Fra:1 Mem:270.08M (Peak 270.08M) | Time:00:00.19 | Mem:0.00M, Peak:0.00M | Scene, ViewLayer | Synchronizing object | East_service_fence_mesh64_6
Fra:1 Mem:270.08M (Peak 270.08M) | Time:00:00.19 | Mem:0.00M, Peak:0.00M | Scene, ViewLayer | Synchronizing object | East_service_fence_mesh64_8
Fra:1 Mem:270.08M (Peak 270.08M) | Time:00:00.19 | Mem:0.00M, Peak:0.00M | Scene, ViewLayer | Synchronizing object | East_service_fence_rail65_0.35
Fra:1 Mem:270.09M (Peak 270.09M) | Time:00:00.19 | Mem:0.00M, Peak:0.00M | Scene, ViewLayer | Synchronizing object | East_service_fence_rail65_1.2
Fra:1 Mem:270.09M (Peak 270.09M) | Time:00:00.19 | Mem:0.00M, Peak:0.00M | Scene, ViewLayer | Synchronizing object | East_service_fence_mesh65_0
Fra:1 Mem:270.09M (Peak 270.09M) | Time:00:00.19 | Mem:0.00M, Peak:0.00M | Scene, ViewLayer | Synchronizing object | East_service_fence_mesh65_1
Fra:1 Mem:270.10M (Peak 270.10M) | Time:00:00.19 | Mem:0.00M, Peak:0.00M | Scene, ViewLayer | Synchronizing object | East_service_fence_mesh65_2
Fra:1 Mem:270.10M (Peak 270.10M) | Time:00:00.19 | Mem:0.00M, Peak:0.00M | Scene, ViewLayer | Synchronizing object | East_service_fence_mesh65_3
Fra:1 Mem:270.10M (Peak 270.10M) | Time:00:00.19 | Mem:0.00M, Peak:0.00M | Scene, ViewLayer | Synchronizing object | East_service_fence_mesh65_5
Fra:1 Mem:270.10M (Peak 270.10M) | Time:00:00.19 | Mem:0.00M, Peak:0.00M | Scene, ViewLayer | Synchronizing object | East_service_fence_mesh65_7
Fra:1 Mem:270.10M (Peak 270.10M) | Time:00:00.19 | Mem:0.00M, Peak:0.00M | Scene, ViewLayer | Synchronizing object | East_service_fence_mesh65_8
Fra:1 Mem:270.10M (Peak 270.10M) | Time:00:00.19 | Mem:0.00M, Peak:0.00M | Scene, ViewLayer | Synchronizing object | East_service_fence_rail66_0.35
Fra:1 Mem:270.11M (Peak 270.11M) | Time:00:00.19 | Mem:0.00M, Peak:0.00M | Scene, ViewLayer | Synchronizing object | East_service_fence_rail66_2.2
Fra:1 Mem:270.11M (Peak 270.11M) | Time:00:00.19 | Mem:0.00M, Peak:0.00M | Scene, ViewLayer | Synchronizing object | East_service_fence_mesh66_0
Fra:1 Mem:270.11M (Peak 270.11M) | Time:00:00.19 | Mem:0.00M, Peak:0.00M | Scene, ViewLayer | Synchronizing object | East_service_fence_mesh66_2
Fra:1 Mem:270.12M (Peak 270.12M) | Time:00:00.19 | Mem:0.00M, Peak:0.00M | Scene, ViewLayer | Synchronizing object | East_service_fence_mesh66_3
Fra:1 Mem:270.12M (Peak 270.12M) | Time:00:00.19 | Mem:0.00M, Peak:0.00M | Scene, ViewLayer | Synchronizing object | East_service_fence_mesh66_5
Fra:1 Mem:270.12M (Peak 270.12M) | Time:00:00.19 | Mem:0.00M, Peak:0.00M | Scene, ViewLayer | Synchronizing object | East_service_fence_mesh66_6
Fra:1 Mem:270.12M (Peak 270.12M) | Time:00:00.19 | Mem:0.00M, Peak:0.00M | Scene, ViewLayer | Synchronizing object | East_service_fence_mesh66_7
Fra:1 Mem:270.12M (Peak 270.12M) | Time:00:00.19 | Mem:0.00M, Peak:0.00M | Scene, ViewLayer | Synchronizing object | East_service_fence_mesh66_8
Fra:1 Mem:270.13M (Peak 270.13M) | Time:00:00.19 | Mem:0.00M, Peak:0.00M | Scene, ViewLayer | Synchronizing object | East_service_fence_post67
Fra:1 Mem:270.15M (Peak 270.15M) | Time:00:00.19 | Mem:0.00M, Peak:0.00M | Scene, ViewLayer | Synchronizing object | East_service_fence_rail67_1.2
Fra:1 Mem:270.13M (Peak 270.15M) | Time:00:00.19 | Mem:0.00M, Peak:0.00M | Scene, ViewLayer | Synchronizing object | East_service_fence_rail67_2.2
Fra:1 Mem:270.15M (Peak 270.15M) | Time:00:00.19 | Mem:0.00M, Peak:0.00M | Scene, ViewLayer | Synchronizing object | East_service_fence_mesh67_1
Fra:1 Mem:270.14M (Peak 270.15M) | Time:00:00.19 | Mem:0.00M, Peak:0.00M | Scene, ViewLayer | Synchronizing object | East_service_fence_mesh67_2
Fra:1 Mem:270.16M (Peak 270.16M) | Time:00:00.19 | Mem:0.00M, Peak:0.00M | Scene, ViewLayer | Synchronizing object | East_service_fence_mesh67_3
Fra:1 Mem:270.19M (Peak 270.19M) | Time:00:00.19 | Mem:0.00M, Peak:0.00M | Scene, ViewLayer | Synchronizing object | East_service_fence_mesh67_5
Fra:1 Mem:270.21M (Peak 270.21M) | Time:00:00.19 | Mem:0.00M, Peak:0.00M | Scene, ViewLayer | Synchronizing object | East_service_fence_mesh67_6
Fra:1 Mem:270.24M (Peak 270.24M) | Time:00:00.19 | Mem:0.00M, Peak:0.00M | Scene, ViewLayer | Synchronizing object | East_service_fence_mesh67_7
Fra:1 Mem:270.27M (Peak 270.27M) | Time:00:00.19 | Mem:0.00M, Peak:0.00M | Scene, ViewLayer | Synchronizing object | East_service_fence_mesh67_8
Fra:1 Mem:270.28M (Peak 270.28M) | Time:00:00.19 | Mem:0.00M, Peak:0.00M | Scene, ViewLayer | Synchronizing object | East_service_fence_post68
Fra:1 Mem:270.29M (Peak 270.29M) | Time:00:00.19 | Mem:0.00M, Peak:0.00M | Scene, ViewLayer | Synchronizing object | East_service_fence_rail68_1.2
Fra:1 Mem:270.30M (Peak 270.30M) | Time:00:00.19 | Mem:0.00M, Peak:0.00M | Scene, ViewLayer | Synchronizing object | East_service_fence_mesh68_0
Fra:1 Mem:270.31M (Peak 270.31M) | Time:00:00.19 | Mem:0.00M, Peak:0.00M | Scene, ViewLayer | Synchronizing object | East_service_fence_mesh68_1
Fra:1 Mem:270.31M (Peak 270.31M) | Time:00:00.19 | Mem:0.00M, Peak:0.00M | Scene, ViewLayer | Synchronizing object | East_service_fence_mesh68_2
Fra:1 Mem:270.31M (Peak 270.31M) | Time:00:00.19 | Mem:0.00M, Peak:0.00M | Scene, ViewLayer | Synchronizing object | East_service_fence_mesh68_4
Fra:1 Mem:270.31M (Peak 270.31M) | Time:00:00.19 | Mem:0.00M, Peak:0.00M | Scene, ViewLayer | Synchronizing object | East_service_fence_mesh68_7
Fra:1 Mem:270.31M (Peak 270.31M) | Time:00:00.19 | Mem:0.00M, Peak:0.00M | Scene, ViewLayer | Synchronizing object | East_service_fence_mesh68_8
Fra:1 Mem:270.31M (Peak 270.31M) | Time:00:00.19 | Mem:0.00M, Peak:0.00M | Scene, ViewLayer | Synchronizing object | East_service_fence_post69
Fra:1 Mem:270.32M (Peak 270.32M) | Time:00:00.19 | Mem:0.00M, Peak:0.00M | Scene, ViewLayer | Synchronizing object | East_service_fence_rail69_0.35
Fra:1 Mem:270.32M (Peak 270.32M) | Time:00:00.19 | Mem:0.00M, Peak:0.00M | Scene, ViewLayer | Synchronizing object | East_service_fence_rail69_2.2
Fra:1 Mem:270.32M (Peak 270.32M) | Time:00:00.19 | Mem:0.00M, Peak:0.00M | Scene, ViewLayer | Synchronizing object | East_service_fence_mesh69_0
Fra:1 Mem:270.32M (Peak 270.32M) | Time:00:00.19 | Mem:0.00M, Peak:0.00M | Scene, ViewLayer | Synchronizing object | East_service_fence_mesh69_2
Fra:1 Mem:270.35M (Peak 270.35M) | Time:00:00.19 | Mem:0.00M, Peak:0.00M | Scene, ViewLayer | Synchronizing object | East_service_fence_mesh69_3
Fra:1 Mem:270.36M (Peak 270.36M) | Time:00:00.19 | Mem:0.00M, Peak:0.00M | Scene, ViewLayer | Synchronizing object | East_service_fence_mesh69_4
Fra:1 Mem:270.36M (Peak 270.36M) | Time:00:00.19 | Mem:0.00M, Peak:0.00M | Scene, ViewLayer | Synchronizing object | East_service_fence_mesh69_5
Fra:1 Mem:270.37M (Peak 270.37M) | Time:00:00.19 | Mem:0.00M, Peak:0.00M | Scene, ViewLayer | Synchronizing object | East_service_fence_mesh69_7
Fra:1 Mem:270.43M (Peak 270.43M) | Time:00:00.19 | Mem:0.00M, Peak:0.00M | Scene, ViewLayer | Synchronizing object | East_service_fence_mesh69_8
Fra:1 Mem:270.43M (Peak 270.43M) | Time:00:00.19 | Mem:0.00M, Peak:0.00M | Scene, ViewLayer | Synchronizing object | East_service_fence_post70
Fra:1 Mem:270.44M (Peak 270.44M) | Time:00:00.19 | Mem:0.00M, Peak:0.00M | Scene, ViewLayer | Synchronizing object | East_service_fence_rail70_0.35
Fra:1 Mem:270.41M (Peak 270.44M) | Time:00:00.19 | Mem:0.00M, Peak:0.00M | Scene, ViewLayer | Synchronizing object | Circuit_palm_7_folded_fronds
Fra:1 Mem:270.41M (Peak 270.44M) | Time:00:00.19 | Mem:0.00M, Peak:0.00M | Scene, ViewLayer | Synchronizing object | East_service_fence_mesh70_0
Fra:1 Mem:270.43M (Peak 270.44M) | Time:00:00.19 | Mem:0.00M, Peak:0.00M | Scene, ViewLayer | Synchronizing object | East_service_fence_mesh70_2
Fra:1 Mem:270.47M (Peak 270.47M) | Time:00:00.19 | Mem:0.00M, Peak:0.00M | Scene, ViewLayer | Synchronizing object | East_service_fence_mesh70_3
Fra:1 Mem:270.50M (Peak 270.50M) | Time:00:00.19 | Mem:0.00M, Peak:0.00M | Scene, ViewLayer | Synchronizing object | East_service_fence_mesh70_4
Fra:1 Mem:270.50M (Peak 270.50M) | Time:00:00.19 | Mem:0.00M, Peak:0.00M | Scene, ViewLayer | Synchronizing object | East_service_fence_mesh70_5
Fra:1 Mem:270.53M (Peak 270.53M) | Time:00:00.19 | Mem:0.00M, Peak:0.00M | Scene, ViewLayer | Synchronizing object | East_service_fence_mesh70_7
Fra:1 Mem:270.54M (Peak 270.54M) | Time:00:00.19 | Mem:0.00M, Peak:0.00M | Scene, ViewLayer | Synchronizing object | East_service_fence_post71
Fra:1 Mem:270.57M (Peak 270.57M) | Time:00:00.19 | Mem:0.00M, Peak:0.00M | Scene, ViewLayer | Synchronizing object | East_service_fence_rail71_1.2
Fra:1 Mem:270.60M (Peak 270.60M) | Time:00:00.19 | Mem:0.00M, Peak:0.00M | Scene, ViewLayer | Synchronizing object | East_service_fence_mesh71_1
Fra:1 Mem:270.61M (Peak 270.61M) | Time:00:00.19 | Mem:0.00M, Peak:0.00M | Scene, ViewLayer | Synchronizing object | East_service_fence_mesh71_2
Fra:1 Mem:270.61M (Peak 270.61M) | Time:00:00.19 | Mem:0.00M, Peak:0.00M | Scene, ViewLayer | Synchronizing object | East_service_fence_mesh71_3
Fra:1 Mem:270.61M (Peak 270.61M) | Time:00:00.19 | Mem:0.00M, Peak:0.00M | Scene, ViewLayer | Synchronizing object | East_service_fence_mesh71_4
Fra:1 Mem:270.61M (Peak 270.61M) | Time:00:00.19 | Mem:0.00M, Peak:0.00M | Scene, ViewLayer | Synchronizing object | East_service_fence_mesh71_5
Fra:1 Mem:270.61M (Peak 270.61M) | Time:00:00.19 | Mem:0.00M, Peak:0.00M | Scene, ViewLayer | Synchronizing object | East_service_fence_post72
Fra:1 Mem:270.61M (Peak 270.61M) | Time:00:00.19 | Mem:0.00M, Peak:0.00M | Scene, ViewLayer | Synchronizing object | East_service_fence_rail72_0.35
Fra:1 Mem:270.62M (Peak 270.62M) | Time:00:00.19 | Mem:0.00M, Peak:0.00M | Scene, ViewLayer | Synchronizing object | East_service_fence_rail72_2.2
Fra:1 Mem:270.62M (Peak 270.62M) | Time:00:00.19 | Mem:0.00M, Peak:0.00M | Scene, ViewLayer | Synchronizing object | East_service_fence_mesh72_0
Fra:1 Mem:270.62M (Peak 270.62M) | Time:00:00.19 | Mem:0.00M, Peak:0.00M | Scene, ViewLayer | Synchronizing object | East_service_fence_mesh72_1
Fra:1 Mem:270.62M (Peak 270.62M) | Time:00:00.19 | Mem:0.00M, Peak:0.00M | Scene, ViewLayer | Synchronizing object | East_service_fence_mesh72_3
Fra:1 Mem:270.63M (Peak 270.63M) | Time:00:00.19 | Mem:0.00M, Peak:0.00M | Scene, ViewLayer | Synchronizing object | East_service_fence_mesh72_5
Fra:1 Mem:270.66M (Peak 270.66M) | Time:00:00.19 | Mem:0.00M, Peak:0.00M | Scene, ViewLayer | Synchronizing object | East_service_fence_mesh72_6
Fra:1 Mem:270.66M (Peak 270.66M) | Time:00:00.19 | Mem:0.00M, Peak:0.00M | Scene, ViewLayer | Synchronizing object | East_service_fence_mesh72_7
Fra:1 Mem:270.67M (Peak 270.67M) | Time:00:00.19 | Mem:0.00M, Peak:0.00M | Scene, ViewLayer | Synchronizing object | East_service_fence_mesh72_8
Fra:1 Mem:270.67M (Peak 270.67M) | Time:00:00.19 | Mem:0.00M, Peak:0.00M | Scene, ViewLayer | Synchronizing object | East_service_fence_post73
Fra:1 Mem:270.68M (Peak 270.68M) | Time:00:00.19 | Mem:0.00M, Peak:0.00M | Scene, ViewLayer | Synchronizing object | East_service_fence_rail73_0.35
Fra:1 Mem:270.68M (Peak 270.68M) | Time:00:00.19 | Mem:0.00M, Peak:0.00M | Scene, ViewLayer | Synchronizing object | East_service_fence_rail73_2.2
Fra:1 Mem:270.72M (Peak 270.72M) | Time:00:00.19 | Mem:0.00M, Peak:0.00M | Scene, ViewLayer | Synchronizing object | East_service_fence_mesh73_0
Fra:1 Mem:270.72M (Peak 270.72M) | Time:00:00.19 | Mem:0.00M, Peak:0.00M | Scene, ViewLayer | Synchronizing object | East_service_fence_mesh73_1
Fra:1 Mem:270.76M (Peak 270.76M) | Time:00:00.19 | Mem:0.00M, Peak:0.00M | Scene, ViewLayer | Synchronizing object | East_service_fence_mesh73_2
Fra:1 Mem:270.76M (Peak 270.76M) | Time:00:00.19 | Mem:0.00M, Peak:0.00M | Scene, ViewLayer | Synchronizing object | East_service_fence_mesh73_3
Fra:1 Mem:270.77M (Peak 270.77M) | Time:00:00.19 | Mem:0.00M, Peak:0.00M | Scene, ViewLayer | Synchronizing object | East_service_fence_mesh73_4
Fra:1 Mem:270.73M (Peak 270.77M) | Time:00:00.19 | Mem:0.00M, Peak:0.00M | Scene, ViewLayer | Synchronizing object | East_service_fence_mesh73_6
Fra:1 Mem:270.73M (Peak 270.77M) | Time:00:00.19 | Mem:0.00M, Peak:0.00M | Scene, ViewLayer | Synchronizing object | East_service_fence_mesh73_8
Fra:1 Mem:270.74M (Peak 270.77M) | Time:00:00.19 | Mem:0.00M, Peak:0.00M | Scene, ViewLayer | Synchronizing object | East_service_fence_rail74_1.2
Fra:1 Mem:270.74M (Peak 270.77M) | Time:00:00.19 | Mem:0.00M, Peak:0.00M | Scene, ViewLayer | Synchronizing object | East_service_fence_rail74_0.35
Fra:1 Mem:270.74M (Peak 270.77M) | Time:00:00.19 | Mem:0.00M, Peak:0.00M | Scene, ViewLayer | Synchronizing object | East_service_fence_rail74_2.2
Fra:1 Mem:270.74M (Peak 270.77M) | Time:00:00.19 | Mem:0.00M, Peak:0.00M | Scene, ViewLayer | Synchronizing object | East_service_fence_mesh74_0
Fra:1 Mem:270.75M (Peak 270.77M) | Time:00:00.19 | Mem:0.00M, Peak:0.00M | Scene, ViewLayer | Synchronizing object | East_service_fence_mesh74_1
Fra:1 Mem:270.75M (Peak 270.77M) | Time:00:00.19 | Mem:0.00M, Peak:0.00M | Scene, ViewLayer | Synchronizing object | East_service_fence_mesh74_3
Fra:1 Mem:270.75M (Peak 270.77M) | Time:00:00.19 | Mem:0.00M, Peak:0.00M | Scene, ViewLayer | Synchronizing object | East_service_fence_mesh74_4
Fra:1 Mem:270.75M (Peak 270.77M) | Time:00:00.19 | Mem:0.00M, Peak:0.00M | Scene, ViewLayer | Synchronizing object | East_service_fence_mesh74_5
Fra:1 Mem:270.76M (Peak 270.77M) | Time:00:00.19 | Mem:0.00M, Peak:0.00M | Scene, ViewLayer | Synchronizing object | East_service_fence_mesh74_7
Fra:1 Mem:270.76M (Peak 270.77M) | Time:00:00.19 | Mem:0.00M, Peak:0.00M | Scene, ViewLayer | Synchronizing object | East_service_fence_mesh74_8
Fra:1 Mem:270.76M (Peak 270.77M) | Time:00:00.19 | Mem:0.00M, Peak:0.00M | Scene, ViewLayer | Synchronizing object | East_service_fence_post75
Fra:1 Mem:270.76M (Peak 270.77M) | Time:00:00.19 | Mem:0.00M, Peak:0.00M | Scene, ViewLayer | Synchronizing object | East_service_fence_rail75_0.35
Fra:1 Mem:270.76M (Peak 270.77M) | Time:00:00.19 | Mem:0.00M, Peak:0.00M | Scene, ViewLayer | Synchronizing object | East_service_fence_rail75_1.2
Fra:1 Mem:270.77M (Peak 270.77M) | Time:00:00.19 | Mem:0.00M, Peak:0.00M | Scene, ViewLayer | Synchronizing object | East_service_fence_mesh75_0
Fra:1 Mem:270.77M (Peak 270.77M) | Time:00:00.19 | Mem:0.00M, Peak:0.00M | Scene, ViewLayer | Synchronizing object | East_service_fence_mesh75_1
Fra:1 Mem:270.79M (Peak 270.79M) | Time:00:00.19 | Mem:0.00M, Peak:0.00M | Scene, ViewLayer | Synchronizing object | East_service_fence_mesh75_2
Fra:1 Mem:270.84M (Peak 270.84M) | Time:00:00.19 | Mem:0.00M, Peak:0.00M | Scene, ViewLayer | Synchronizing object | East_service_fence_mesh75_4
Fra:1 Mem:270.88M (Peak 270.88M) | Time:00:00.19 | Mem:0.00M, Peak:0.00M | Scene, ViewLayer | Synchronizing object | East_service_fence_mesh75_5
Fra:1 Mem:270.91M (Peak 270.91M) | Time:00:00.19 | Mem:0.00M, Peak:0.00M | Scene, ViewLayer | Synchronizing object | East_service_fence_mesh75_6
Fra:1 Mem:270.91M (Peak 270.91M) | Time:00:00.19 | Mem:0.00M, Peak:0.00M | Scene, ViewLayer | Synchronizing object | East_service_fence_mesh75_7
Fra:1 Mem:270.91M (Peak 270.91M) | Time:00:00.19 | Mem:0.00M, Peak:0.00M | Scene, ViewLayer | Synchronizing object | East_service_fence_mesh75_8
Fra:1 Mem:270.94M (Peak 270.94M) | Time:00:00.19 | Mem:0.00M, Peak:0.00M | Scene, ViewLayer | Synchronizing object | East_service_fence_post76
Fra:1 Mem:270.94M (Peak 270.94M) | Time:00:00.19 | Mem:0.00M, Peak:0.00M | Scene, ViewLayer | Synchronizing object | East_service_fence_rail76_1.2
Fra:1 Mem:270.94M (Peak 270.95M) | Time:00:00.19 | Mem:0.00M, Peak:0.00M | Scene, ViewLayer | Synchronizing object | East_service_fence_rail76_2.2
Fra:1 Mem:270.94M (Peak 270.95M) | Time:00:00.19 | Mem:0.00M, Peak:0.00M | Scene, ViewLayer | Synchronizing object | East_service_fence_mesh76_1
Fra:1 Mem:270.94M (Peak 270.95M) | Time:00:00.19 | Mem:0.00M, Peak:0.00M | Scene, ViewLayer | Synchronizing object | East_service_fence_mesh76_2
Fra:1 Mem:270.95M (Peak 270.95M) | Time:00:00.19 | Mem:0.00M, Peak:0.00M | Scene, ViewLayer | Synchronizing object | East_service_fence_mesh76_3
Fra:1 Mem:270.95M (Peak 270.95M) | Time:00:00.19 | Mem:0.00M, Peak:0.00M | Scene, ViewLayer | Synchronizing object | East_service_fence_mesh76_4
Fra:1 Mem:270.98M (Peak 270.98M) | Time:00:00.19 | Mem:0.00M, Peak:0.00M | Scene, ViewLayer | Synchronizing object | East_service_fence_mesh76_7
Fra:1 Mem:271.06M (Peak 271.06M) | Time:00:00.19 | Mem:0.00M, Peak:0.00M | Scene, ViewLayer | Synchronizing object | East_service_fence_mesh76_8
Fra:1 Mem:271.03M (Peak 271.06M) | Time:00:00.19 | Mem:0.00M, Peak:0.00M | Scene, ViewLayer | Synchronizing object | East_service_fence_post77
Fra:1 Mem:271.06M (Peak 271.06M) | Time:00:00.19 | Mem:0.00M, Peak:0.00M | Scene, ViewLayer | Synchronizing object | East_service_fence_rail77_0.35
Fra:1 Mem:271.03M (Peak 271.06M) | Time:00:00.19 | Mem:0.00M, Peak:0.00M | Scene, ViewLayer | Synchronizing object | Circuit_palm_5_folded_fronds
Fra:1 Mem:271.11M (Peak 271.11M) | Time:00:00.19 | Mem:0.00M, Peak:0.00M | Scene, ViewLayer | Synchronizing object | East_service_fence_mesh77_0
Fra:1 Mem:271.16M (Peak 271.16M) | Time:00:00.19 | Mem:0.00M, Peak:0.00M | Scene, ViewLayer | Synchronizing object | East_service_fence_mesh77_1
Fra:1 Mem:271.17M (Peak 271.17M) | Time:00:00.19 | Mem:0.00M, Peak:0.00M | Scene, ViewLayer | Synchronizing object | East_service_fence_mesh77_3
Fra:1 Mem:271.17M (Peak 271.17M) | Time:00:00.19 | Mem:0.00M, Peak:0.00M | Scene, ViewLayer | Synchronizing object | East_service_fence_mesh77_5
Fra:1 Mem:271.20M (Peak 271.20M) | Time:00:00.19 | Mem:0.00M, Peak:0.00M | Scene, ViewLayer | Synchronizing object | East_service_fence_mesh77_6
Fra:1 Mem:271.20M (Peak 271.20M) | Time:00:00.19 | Mem:0.00M, Peak:0.00M | Scene, ViewLayer | Synchronizing object | East_service_fence_mesh77_7
Fra:1 Mem:271.19M (Peak 271.20M) | Time:00:00.19 | Mem:0.00M, Peak:0.00M | Scene, ViewLayer | Synchronizing object | East_service_fence_mesh77_8
Fra:1 Mem:271.19M (Peak 271.20M) | Time:00:00.19 | Mem:0.00M, Peak:0.00M | Scene, ViewLayer | Synchronizing object | Brake_sign_panel_0
Fra:1 Mem:271.20M (Peak 271.23M) | Time:00:00.19 | Mem:0.00M, Peak:0.00M | Scene, ViewLayer | Synchronizing object | Brake_sign_post_0
Fra:1 Mem:271.23M (Peak 271.23M) | Time:00:00.19 | Mem:0.00M, Peak:0.00M | Scene, ViewLayer | Synchronizing object | Brake_sign_text_0
Fra:1 Mem:271.24M (Peak 271.24M) | Time:00:00.19 | Mem:0.00M, Peak:0.00M | Scene, ViewLayer | Synchronizing object | Brake_sign_post_1
Fra:1 Mem:271.27M (Peak 271.27M) | Time:00:00.19 | Mem:0.00M, Peak:0.00M | Scene, ViewLayer | Synchronizing object | Brake_sign_text_1
Fra:1 Mem:271.31M (Peak 271.31M) | Time:00:00.19 | Mem:0.00M, Peak:0.00M | Scene, ViewLayer | Synchronizing object | Brake_sign_text_2
Fra:1 Mem:271.31M (Peak 271.31M) | Time:00:00.19 | Mem:0.00M, Peak:0.00M | Scene, ViewLayer | Synchronizing object | Start_identity_text
Fra:1 Mem:271.30M (Peak 271.31M) | Time:00:00.19 | Mem:0.00M, Peak:0.00M | Scene, ViewLayer | Synchronizing object | Road_direction_arrow_0
Fra:1 Mem:271.30M (Peak 271.31M) | Time:00:00.19 | Mem:0.00M, Peak:0.00M | Scene, ViewLayer | Synchronizing object | Gate_marker_0_1
Fra:1 Mem:271.31M (Peak 271.31M) | Time:00:00.19 | Mem:0.00M, Peak:0.00M | Scene, ViewLayer | Synchronizing object | Road_direction_arrow_1
Fra:1 Mem:271.34M (Peak 271.34M) | Time:00:00.19 | Mem:0.00M, Peak:0.00M | Scene, ViewLayer | Synchronizing object | Gate_marker_1_-1
Fra:1 Mem:271.34M (Peak 271.34M) | Time:00:00.19 | Mem:0.00M, Peak:0.00M | Scene, ViewLayer | Synchronizing object | Gate_marker_2_-1
Fra:1 Mem:271.36M (Peak 271.36M) | Time:00:00.19 | Mem:0.00M, Peak:0.00M | Scene, ViewLayer | Synchronizing object | Gate_marker_2_1
Fra:1 Mem:271.36M (Peak 271.36M) | Time:00:00.19 | Mem:0.00M, Peak:0.00M | Scene, ViewLayer | Synchronizing object | Road_direction_arrow_3
Fra:1 Mem:271.36M (Peak 271.36M) | Time:00:00.19 | Mem:0.00M, Peak:0.00M | Scene, ViewLayer | Synchronizing object | Gate_marker_3_1
Fra:1 Mem:271.36M (Peak 271.36M) | Time:00:00.19 | Mem:0.00M, Peak:0.00M | Scene, ViewLayer | Synchronizing object | Road_direction_arrow_4
Fra:1 Mem:271.37M (Peak 271.37M) | Time:00:00.19 | Mem:0.00M, Peak:0.00M | Scene, ViewLayer | Synchronizing object | Gate_marker_4_-1
Fra:1 Mem:271.39M (Peak 271.39M) | Time:00:00.19 | Mem:0.00M, Peak:0.00M | Scene, ViewLayer | Synchronizing object | Gate_marker_4_1
Fra:1 Mem:271.40M (Peak 271.40M) | Time:00:00.19 | Mem:0.00M, Peak:0.00M | Scene, ViewLayer | Synchronizing object | Gate_marker_5_-1
Fra:1 Mem:271.45M (Peak 271.45M) | Time:00:00.19 | Mem:0.00M, Peak:0.00M | Scene, ViewLayer | Synchronizing object | Gate_marker_5_1
Fra:1 Mem:271.47M (Peak 271.47M) | Time:00:00.19 | Mem:0.00M, Peak:0.00M | Scene, ViewLayer | Synchronizing object | Road_direction_arrow_6
Fra:1 Mem:271.55M (Peak 271.55M) | Time:00:00.19 | Mem:0.00M, Peak:0.00M | Scene, ViewLayer | Synchronizing object | Gate_marker_6_1
Fra:1 Mem:271.55M (Peak 271.55M) | Time:00:00.19 | Mem:0.00M, Peak:0.00M | Scene, ViewLayer | Synchronizing object | Gate_marker_7_-1
Fra:1 Mem:271.59M (Peak 271.59M) | Time:00:00.19 | Mem:0.00M, Peak:0.00M | Scene, ViewLayer | Synchronizing object | Gate_marker_7_1
Fra:1 Mem:271.63M (Peak 271.63M) | Time:00:00.19 | Mem:0.00M, Peak:0.00M | Scene, ViewLayer | Synchronizing object | Gate_marker_8_-1
Fra:1 Mem:271.67M (Peak 271.67M) | Time:00:00.19 | Mem:0.00M, Peak:0.00M | Scene, ViewLayer | Synchronizing object | Gate_marker_8_1
Fra:1 Mem:271.67M (Peak 271.67M) | Time:00:00.19 | Mem:0.00M, Peak:0.00M | Scene, ViewLayer | Synchronizing object | Gate_marker_9_1
Fra:1 Mem:271.67M (Peak 271.67M) | Time:00:00.19 | Mem:0.00M, Peak:0.00M | Scene, ViewLayer | Synchronizing object | Road_direction_arrow_10
Fra:1 Mem:271.67M (Peak 271.67M) | Time:00:00.19 | Mem:0.00M, Peak:0.00M | Scene, ViewLayer | Synchronizing object | Gate_marker_10_-1
Fra:1 Mem:271.67M (Peak 271.67M) | Time:00:00.19 | Mem:0.00M, Peak:0.00M | Scene, ViewLayer | Synchronizing object | Gate_marker_11_-1
Fra:1 Mem:271.68M (Peak 271.68M) | Time:00:00.19 | Mem:0.00M, Peak:0.00M | Scene, ViewLayer | Synchronizing object | Road_direction_arrow_12
Fra:1 Mem:271.72M (Peak 271.72M) | Time:00:00.19 | Mem:0.00M, Peak:0.00M | Scene, ViewLayer | Synchronizing object | Gate_marker_12_-1
Fra:1 Mem:271.73M (Peak 271.73M) | Time:00:00.19 | Mem:0.00M, Peak:0.00M | Scene, ViewLayer | Synchronizing object | Gate_marker_13_-1
Fra:1 Mem:271.82M (Peak 271.82M) | Time:00:00.19 | Mem:0.00M, Peak:0.00M | Scene, ViewLayer | Synchronizing object | Gate_marker_13_1
Fra:1 Mem:271.80M (Peak 271.82M) | Time:00:00.19 | Mem:0.00M, Peak:0.00M | Scene, ViewLayer | Synchronizing object | Road_direction_arrow_14
Fra:1 Mem:271.83M (Peak 271.83M) | Time:00:00.19 | Mem:0.00M, Peak:0.00M | Scene, ViewLayer | Synchronizing object | Gate_marker_14_-1
Fra:1 Mem:271.80M (Peak 271.83M) | Time:00:00.19 | Mem:0.00M, Peak:0.00M | Scene, ViewLayer | Synchronizing object | Circuit_palm_49_folded_fronds
Fra:1 Mem:271.80M (Peak 271.83M) | Time:00:00.19 | Mem:0.00M, Peak:0.00M | Scene, ViewLayer | Synchronizing object | Gate_marker_15_1
Fra:1 Mem:271.80M (Peak 271.83M) | Time:00:00.19 | Mem:0.00M, Peak:0.00M | Scene, ViewLayer | Synchronizing object | Circuit_palm_0_folded_fronds
Fra:1 Mem:271.81M (Peak 271.83M) | Time:00:00.19 | Mem:0.00M, Peak:0.00M | Scene, ViewLayer | Synchronizing object | Circuit_palm_10_folded_fronds
Fra:1 Mem:271.82M (Peak 271.83M) | Time:00:00.19 | Mem:0.00M, Peak:0.00M | Scene, ViewLayer | Synchronizing object | Circuit_palm_11_folded_fronds
Fra:1 Mem:271.95M (Peak 271.95M) | Time:00:00.19 | Mem:0.00M, Peak:0.00M | Scene, ViewLayer | Synchronizing object | Circuit_palm_12_folded_fronds
Fra:1 Mem:272.01M (Peak 272.01M) | Time:00:00.19 | Mem:0.00M, Peak:0.00M | Scene, ViewLayer | Synchronizing object | Circuit_palm_13_folded_fronds
Fra:1 Mem:272.32M (Peak 272.32M) | Time:00:00.19 | Mem:0.00M, Peak:0.00M | Scene, ViewLayer | Synchronizing object | Circuit_palm_14_folded_fronds
Fra:1 Mem:272.44M (Peak 272.44M) | Time:00:00.19 | Mem:0.00M, Peak:0.00M | Scene, ViewLayer | Synchronizing object | Circuit_palm_16_folded_fronds
Fra:1 Mem:272.51M (Peak 272.51M) | Time:00:00.19 | Mem:0.00M, Peak:0.00M | Scene, ViewLayer | Synchronizing object | Circuit_palm_17_folded_fronds
Fra:1 Mem:272.66M (Peak 272.66M) | Time:00:00.19 | Mem:0.00M, Peak:0.00M | Scene, ViewLayer | Synchronizing object | Circuit_palm_18_folded_fronds
Fra:1 Mem:272.70M (Peak 272.70M) | Time:00:00.19 | Mem:0.00M, Peak:0.00M | Scene, ViewLayer | Synchronizing object | Circuit_palm_19_folded_fronds
Fra:1 Mem:272.84M (Peak 272.84M) | Time:00:00.19 | Mem:0.00M, Peak:0.00M | Scene, ViewLayer | Synchronizing object | Circuit_palm_1_folded_fronds
Fra:1 Mem:273.22M (Peak 273.22M) | Time:00:00.19 | Mem:0.00M, Peak:0.00M | Scene, ViewLayer | Synchronizing object | Circuit_palm_20_folded_fronds
Fra:1 Mem:273.35M (Peak 273.35M) | Time:00:00.19 | Mem:0.00M, Peak:0.00M | Scene, ViewLayer | Synchronizing object | Circuit_palm_21_folded_fronds
Fra:1 Mem:273.48M (Peak 273.48M) | Time:00:00.19 | Mem:0.00M, Peak:0.00M | Scene, ViewLayer | Synchronizing object | Circuit_palm_22_folded_fronds
Fra:1 Mem:273.66M (Peak 273.66M) | Time:00:00.19 | Mem:0.00M, Peak:0.00M | Scene, ViewLayer | Synchronizing object | Circuit_palm_24_folded_fronds
Fra:1 Mem:273.84M (Peak 273.84M) | Time:00:00.19 | Mem:0.00M, Peak:0.00M | Scene, ViewLayer | Synchronizing object | Circuit_palm_25_folded_fronds
Fra:1 Mem:274.19M (Peak 274.21M) | Time:00:00.19 | Mem:0.00M, Peak:0.00M | Scene, ViewLayer | Synchronizing object | Circuit_palm_26_folded_fronds
Fra:1 Mem:275.31M (Peak 275.31M) | Time:00:00.19 | Mem:0.00M, Peak:0.00M | Scene, ViewLayer | Synchronizing object | Circuit_palm_27_folded_fronds
Fra:1 Mem:275.48M (Peak 275.48M) | Time:00:00.19 | Mem:0.00M, Peak:0.00M | Scene, ViewLayer | Synchronizing object | Circuit_palm_28_folded_fronds
Fra:1 Mem:275.66M (Peak 275.66M) | Time:00:00.19 | Mem:0.00M, Peak:0.00M | Scene, ViewLayer | Synchronizing object | Circuit_palm_29_folded_fronds
Fra:1 Mem:276.37M (Peak 276.37M) | Time:00:00.19 | Mem:0.00M, Peak:0.00M | Scene, ViewLayer | Synchronizing object | Circuit_palm_2_folded_fronds
Fra:1 Mem:276.66M (Peak 276.66M) | Time:00:00.19 | Mem:0.00M, Peak:0.00M | Scene, ViewLayer | Synchronizing object | Circuit_palm_30_folded_fronds
Fra:1 Mem:277.01M (Peak 277.01M) | Time:00:00.19 | Mem:0.00M, Peak:0.00M | Scene, ViewLayer | Synchronizing object | Circuit_palm_31_folded_fronds
Fra:1 Mem:277.20M (Peak 277.20M) | Time:00:00.19 | Mem:0.00M, Peak:0.00M | Scene, ViewLayer | Synchronizing object | Circuit_palm_32_folded_fronds
Fra:1 Mem:277.44M (Peak 277.44M) | Time:00:00.19 | Mem:0.00M, Peak:0.00M | Scene, ViewLayer | Synchronizing object | Circuit_palm_33_folded_fronds
Fra:1 Mem:277.49M (Peak 277.49M) | Time:00:00.19 | Mem:0.00M, Peak:0.00M | Scene, ViewLayer | Synchronizing object | Circuit_palm_34_folded_fronds
Fra:1 Mem:277.61M (Peak 277.61M) | Time:00:00.19 | Mem:0.00M, Peak:0.00M | Scene, ViewLayer | Synchronizing object | Circuit_palm_35_folded_fronds
Fra:1 Mem:277.71M (Peak 277.71M) | Time:00:00.19 | Mem:0.00M, Peak:0.00M | Scene, ViewLayer | Synchronizing object | Circuit_palm_36_folded_fronds
Fra:1 Mem:277.75M (Peak 277.75M) | Time:00:00.19 | Mem:0.00M, Peak:0.00M | Scene, ViewLayer | Synchronizing object | Circuit_palm_37_folded_fronds
Fra:1 Mem:278.24M (Peak 278.21M) | Time:00:00.19 | Mem:0.00M, Peak:0.00M | Scene, ViewLayer | Synchronizing object | Circuit_palm_38_folded_fronds
Fra:1 Mem:278.79M (Peak 278.79M) | Time:00:00.19 | Mem:0.00M, Peak:0.00M | Scene, ViewLayer | Synchronizing object | Circuit_palm_39_folded_fronds
Fra:1 Mem:278.94M (Peak 278.94M) | Time:00:00.19 | Mem:0.00M, Peak:0.00M | Scene, ViewLayer | Synchronizing object | Circuit_palm_41_folded_fronds
Fra:1 Mem:279.00M (Peak 279.00M) | Time:00:00.20 | Mem:0.00M, Peak:0.00M | Scene, ViewLayer | Synchronizing object | Circuit_palm_43_folded_fronds
Fra:1 Mem:279.38M (Peak 279.38M) | Time:00:00.20 | Mem:0.00M, Peak:0.00M | Scene, ViewLayer | Synchronizing object | Circuit_palm_44_folded_fronds
Fra:1 Mem:279.72M (Peak 279.72M) | Time:00:00.20 | Mem:0.00M, Peak:0.00M | Scene, ViewLayer | Synchronizing object | Circuit_palm_45_folded_fronds
Fra:1 Mem:280.42M (Peak 280.42M) | Time:00:00.20 | Mem:0.00M, Peak:0.00M | Scene, ViewLayer | Synchronizing object | Circuit_palm_46_folded_fronds
Fra:1 Mem:280.55M (Peak 280.55M) | Time:00:00.20 | Mem:0.00M, Peak:0.00M | Scene, ViewLayer | Synchronizing object | Circuit_palm_47_folded_fronds
Fra:1 Mem:282.26M (Peak 282.26M) | Time:00:00.20 | Mem:0.00M, Peak:0.00M | Scene, ViewLayer | Initializing
Fra:1 Mem:269.18M (Peak 282.26M) | Time:00:00.21 | Mem:0.00M, Peak:0.00M | Scene, ViewLayer | Updating Images | Loading Harbor_harbor_orm
Fra:1 Mem:269.18M (Peak 282.26M) | Time:00:00.21 | Mem:0.00M, Peak:0.00M | Scene, ViewLayer | Updating Images | Loading concrete_orm
Fra:1 Mem:269.18M (Peak 282.26M) | Time:00:00.21 | Mem:0.00M, Peak:0.00M | Scene, ViewLayer | Updating Images | Loading Harbor_harbor_normal
Fra:1 Mem:213.30M (Peak 325.24M) | Time:00:00.26 | Mem:36.00M, Peak:36.00M | Scene, ViewLayer | Waiting for render to start
Fra:1 Mem:213.30M (Peak 325.24M) | Time:00:00.26 | Mem:36.00M, Peak:36.00M | Scene, ViewLayer | Updating Scene
Fra:1 Mem:213.30M (Peak 325.24M) | Time:00:00.26 | Mem:36.00M, Peak:36.00M | Scene, ViewLayer | Updating Shaders
Fra:1 Mem:213.39M (Peak 325.24M) | Time:00:00.26 | Mem:36.00M, Peak:36.00M | Scene, ViewLayer | Loading render kernels (may take a few minutes the first time)
Fra:1 Mem:213.39M (Peak 325.24M) | Time:00:00.26 | Mem:36.01M, Peak:36.01M | Scene, ViewLayer | Updating Procedurals
Fra:1 Mem:213.39M (Peak 325.24M) | Time:00:00.26 | Mem:36.01M, Peak:36.01M | Scene, ViewLayer | Updating Background
Fra:1 Mem:213.39M (Peak 325.24M) | Time:00:00.26 | Mem:36.01M, Peak:36.01M | Scene, ViewLayer | Updating Camera
Fra:1 Mem:213.39M (Peak 325.24M) | Time:00:00.26 | Mem:36.01M, Peak:36.01M | Scene, ViewLayer | Updating Meshes Flags
Fra:1 Mem:213.39M (Peak 325.24M) | Time:00:00.26 | Mem:36.01M, Peak:36.01M | Scene, ViewLayer | Updating Objects
Fra:1 Mem:213.39M (Peak 325.24M) | Time:00:00.26 | Mem:36.01M, Peak:36.01M | Scene, ViewLayer | Updating Objects | Copying Transformations to device
Fra:1 Mem:214.14M (Peak 325.24M) | Time:00:00.26 | Mem:36.73M, Peak:36.73M | Scene, ViewLayer | Updating Particle Systems
Fra:1 Mem:214.14M (Peak 325.24M) | Time:00:00.26 | Mem:36.73M, Peak:36.73M | Scene, ViewLayer | Updating Particle Systems | Copying Particles to device
Fra:1 Mem:214.14M (Peak 325.24M) | Time:00:00.26 | Mem:36.73M, Peak:36.73M | Scene, ViewLayer | Updating Meshes
Fra:1 Mem:223.57M (Peak 325.24M) | Time:00:00.32 | Mem:36.73M, Peak:36.73M | Scene, ViewLayer | Updating Objects | Applying Static Transformations
Fra:1 Mem:223.57M (Peak 325.24M) | Time:00:00.32 | Mem:36.73M, Peak:36.73M | Scene, ViewLayer | Updating Mesh | Computing attributes
Fra:1 Mem:238.78M (Peak 325.24M) | Time:00:00.33 | Mem:37.21M, Peak:37.21M | Scene, ViewLayer | Updating Mesh | Copying Attributes to device
Fra:1 Mem:238.14M (Peak 325.24M) | Time:00:00.33 | Mem:51.30M, Peak:51.30M | Scene, ViewLayer | Updating Scene BVH | Building
Fra:1 Mem:238.19M (Peak 325.24M) | Time:00:00.33 | Mem:51.30M, Peak:51.30M | Scene, ViewLayer | Updating Scene BVH | Building BVH
Fra:1 Mem:238.19M (Peak 325.24M) | Time:00:00.33 | Mem:57.17M, Peak:57.17M | Scene, ViewLayer | Updating Scene BVH | Building BVH 0%
Fra:1 Mem:238.19M (Peak 325.24M) | Time:00:00.34 | Mem:64.17M, Peak:70.05M | Scene, ViewLayer | Updating Scene BVH | Copying BVH to device
Fra:1 Mem:238.19M (Peak 325.24M) | Time:00:00.34 | Mem:64.17M, Peak:70.05M | Scene, ViewLayer | Updating Mesh | Computing normals
Fra:1 Mem:245.54M (Peak 325.24M) | Time:00:00.34 | Mem:64.17M, Peak:70.05M | Scene, ViewLayer | Updating Mesh | Copying Mesh to device
Fra:1 Mem:245.54M (Peak 325.24M) | Time:00:00.34 | Mem:71.52M, Peak:71.52M | Scene, ViewLayer | Updating Objects Flags
Fra:1 Mem:245.54M (Peak 325.24M) | Time:00:00.34 | Mem:71.55M, Peak:71.55M | Scene, ViewLayer | Updating Primitive Offsets
Fra:1 Mem:245.55M (Peak 325.24M) | Time:00:00.34 | Mem:71.56M, Peak:71.56M | Scene, ViewLayer | Updating Images
Fra:1 Mem:245.55M (Peak 325.24M) | Time:00:00.34 | Mem:71.56M, Peak:71.56M | Scene, ViewLayer | Updating Camera Volume
Fra:1 Mem:245.55M (Peak 325.24M) | Time:00:00.34 | Mem:71.56M, Peak:71.56M | Scene, ViewLayer | Updating Lookup Tables
Fra:1 Mem:245.55M (Peak 325.24M) | Time:00:00.34 | Mem:71.64M, Peak:71.64M | Scene, ViewLayer | Updating Lights
Fra:1 Mem:245.55M (Peak 325.24M) | Time:00:00.34 | Mem:71.64M, Peak:71.64M | Scene, ViewLayer | Updating Lights | Computing tree
Fra:1 Mem:245.65M (Peak 325.24M) | Time:00:00.34 | Mem:71.74M, Peak:71.74M | Scene, ViewLayer | Updating Integrator
Fra:1 Mem:245.65M (Peak 325.24M) | Time:00:00.34 | Mem:71.74M, Peak:71.74M | Scene, ViewLayer | Updating Film
Fra:1 Mem:245.65M (Peak 325.24M) | Time:00:00.34 | Mem:71.66M, Peak:71.74M | Scene, ViewLayer | Updating Lookup Tables
Fra:1 Mem:245.65M (Peak 325.24M) | Time:00:00.34 | Mem:71.75M, Peak:71.75M | Scene, ViewLayer | Updating Baking
Fra:1 Mem:245.65M (Peak 325.24M) | Time:00:00.34 | Mem:71.75M, Peak:71.75M | Scene, ViewLayer | Updating Device | Writing constant memory
Fra:1 Mem:245.70M (Peak 325.24M) | Time:00:00.34 | Mem:71.75M, Peak:71.75M | Scene, ViewLayer | Loading denoising kernels (may take a few minutes the first time)
Fra:1 Mem:245.70M (Peak 325.24M) | Time:00:00.34 | Mem:71.75M, Peak:71.75M | Scene, ViewLayer | Sample 0/12
Fra:1 Mem:305.78M (Peak 325.24M) | Time:00:00.43 | Remaining:00:01.03 | Mem:131.55M, Peak:131.55M | Scene, ViewLayer | Sample 1/12
Fra:1 Mem:330.96M (Peak 368.72M) | Time:00:02.70 | Mem:131.55M, Peak:131.55M | Scene, ViewLayer | Sample 12/12
Fra:1 Mem:330.96M (Peak 368.72M) | Time:00:02.70 | Mem:131.55M, Peak:131.55M | Scene, ViewLayer | Finished
Saved: 'C:\Users\SM - Dan\Documents\GitHub\slingmods-three-wheel-tour-rebuild\director-kit\production\evidence\P04A2\artist-palm-oblique.png'
Time: 00:02.83 (Saving: 00:00.11)

Fra:1 Mem:265.49M (Peak 265.49M) | Time:00:00.14 | Mem:0.00M, Peak:0.00M | Scene, ViewLayer | Synchronizing object | road_closed_asphalt
Fra:1 Mem:265.49M (Peak 265.49M) | Time:00:00.14 | Mem:0.00M, Peak:0.00M | Scene, ViewLayer | Synchronizing object | runoff_left
Fra:1 Mem:265.63M (Peak 265.63M) | Time:00:00.14 | Mem:0.00M, Peak:0.00M | Scene, ViewLayer | Synchronizing object | runoff_right
Fra:1 Mem:265.63M (Peak 265.63M) | Time:00:00.14 | Mem:0.00M, Peak:0.00M | Scene, ViewLayer | Synchronizing object | paint_edge_1
Fra:1 Mem:265.69M (Peak 265.69M) | Time:00:00.14 | Mem:0.00M, Peak:0.00M | Scene, ViewLayer | Synchronizing object | barriers_exact_route_colliders
Fra:1 Mem:265.71M (Peak 265.71M) | Time:00:00.14 | Mem:0.00M, Peak:0.00M | Scene, ViewLayer | Synchronizing object | Quay_paving_0
Fra:1 Mem:265.84M (Peak 265.84M) | Time:00:00.14 | Mem:0.00M, Peak:0.00M | Scene, ViewLayer | Synchronizing object | Quay_rail_0_0.65
Fra:1 Mem:265.93M (Peak 265.93M) | Time:00:00.14 | Mem:0.00M, Peak:0.00M | Scene, ViewLayer | Synchronizing object | Quay_paving_2
Fra:1 Mem:265.93M (Peak 265.93M) | Time:00:00.14 | Mem:0.00M, Peak:0.00M | Scene, ViewLayer | Synchronizing object | Quay_coping_2
Fra:1 Mem:266.01M (Peak 266.01M) | Time:00:00.14 | Mem:0.00M, Peak:0.00M | Scene, ViewLayer | Synchronizing object | Quay_rail_post_2_-3.5
Fra:1 Mem:266.09M (Peak 266.09M) | Time:00:00.14 | Mem:0.00M, Peak:0.00M | Scene, ViewLayer | Synchronizing object | Quay_rail_2_0.65
Fra:1 Mem:266.13M (Peak 266.13M) | Time:00:00.14 | Mem:0.00M, Peak:0.00M | Scene, ViewLayer | Synchronizing object | Quay_paving_3
Fra:1 Mem:266.07M (Peak 266.13M) | Time:00:00.14 | Mem:0.00M, Peak:0.00M | Scene, ViewLayer | Synchronizing object | Quay_coping_3
Fra:1 Mem:266.07M (Peak 266.13M) | Time:00:00.14 | Mem:0.00M, Peak:0.00M | Scene, ViewLayer | Synchronizing object | Quay_rail_post_3_3.5
Fra:1 Mem:266.07M (Peak 266.13M) | Time:00:00.14 | Mem:0.00M, Peak:0.00M | Scene, ViewLayer | Synchronizing object | Quay_rail_3_1.12
Fra:1 Mem:266.07M (Peak 266.13M) | Time:00:00.14 | Mem:0.00M, Peak:0.00M | Scene, ViewLayer | Synchronizing object | Quay_paving_4
Fra:1 Mem:266.08M (Peak 266.13M) | Time:00:00.14 | Mem:0.00M, Peak:0.00M | Scene, ViewLayer | Synchronizing object | Quay_coping_4
Fra:1 Mem:266.08M (Peak 266.13M) | Time:00:00.14 | Mem:0.00M, Peak:0.00M | Scene, ViewLayer | Synchronizing object | Quay_rail_post_4_3.5
Fra:1 Mem:266.08M (Peak 266.13M) | Time:00:00.14 | Mem:0.00M, Peak:0.00M | Scene, ViewLayer | Synchronizing object | Quay_rail_4_1.12
Fra:1 Mem:266.08M (Peak 266.13M) | Time:00:00.14 | Mem:0.00M, Peak:0.00M | Scene, ViewLayer | Synchronizing object | Quay_paving_5
Fra:1 Mem:266.08M (Peak 266.13M) | Time:00:00.14 | Mem:0.00M, Peak:0.00M | Scene, ViewLayer | Synchronizing object | Quay_coping_5
Fra:1 Mem:266.08M (Peak 266.13M) | Time:00:00.14 | Mem:0.00M, Peak:0.00M | Scene, ViewLayer | Synchronizing object | Quay_rail_post_5_3.5
Fra:1 Mem:266.08M (Peak 266.13M) | Time:00:00.14 | Mem:0.00M, Peak:0.00M | Scene, ViewLayer | Synchronizing object | Quay_rail_5_0.65
Fra:1 Mem:266.13M (Peak 266.13M) | Time:00:00.14 | Mem:0.00M, Peak:0.00M | Scene, ViewLayer | Synchronizing object | Quay_paving_6
Fra:1 Mem:266.17M (Peak 266.17M) | Time:00:00.14 | Mem:0.00M, Peak:0.00M | Scene, ViewLayer | Synchronizing object | Quay_coping_6
Fra:1 Mem:266.20M (Peak 266.20M) | Time:00:00.14 | Mem:0.00M, Peak:0.00M | Scene, ViewLayer | Synchronizing object | Quay_rail_post_6_-3.5
Fra:1 Mem:266.20M (Peak 266.20M) | Time:00:00.14 | Mem:0.00M, Peak:0.00M | Scene, ViewLayer | Synchronizing object | Quay_rail_post_6_3.5
Fra:1 Mem:266.20M (Peak 266.20M) | Time:00:00.14 | Mem:0.00M, Peak:0.00M | Scene, ViewLayer | Synchronizing object | Quay_coping_7
Fra:1 Mem:266.21M (Peak 266.21M) | Time:00:00.14 | Mem:0.00M, Peak:0.00M | Scene, ViewLayer | Synchronizing object | Quay_rail_post_7_-3.5
Fra:1 Mem:266.21M (Peak 266.21M) | Time:00:00.14 | Mem:0.00M, Peak:0.00M | Scene, ViewLayer | Synchronizing object | Quay_rail_post_7_3.5
Fra:1 Mem:266.21M (Peak 266.21M) | Time:00:00.14 | Mem:0.00M, Peak:0.00M | Scene, ViewLayer | Synchronizing object | Quay_rail_7_0.65
Fra:1 Mem:266.22M (Peak 266.22M) | Time:00:00.14 | Mem:0.00M, Peak:0.00M | Scene, ViewLayer | Synchronizing object | Quay_paving_8
Fra:1 Mem:266.22M (Peak 266.22M) | Time:00:00.14 | Mem:0.00M, Peak:0.00M | Scene, ViewLayer | Synchronizing object | Quay_rail_post_8_-3.5
Fra:1 Mem:266.22M (Peak 266.22M) | Time:00:00.14 | Mem:0.00M, Peak:0.00M | Scene, ViewLayer | Synchronizing object | Quay_rail_8_0.65
Fra:1 Mem:266.22M (Peak 266.22M) | Time:00:00.14 | Mem:0.00M, Peak:0.00M | Scene, ViewLayer | Synchronizing object | Quay_rail_8_1.12
Fra:1 Mem:266.23M (Peak 266.23M) | Time:00:00.14 | Mem:0.00M, Peak:0.00M | Scene, ViewLayer | Synchronizing object | Quay_paving_9
Fra:1 Mem:266.23M (Peak 266.23M) | Time:00:00.14 | Mem:0.00M, Peak:0.00M | Scene, ViewLayer | Synchronizing object | Quay_coping_9
Fra:1 Mem:266.23M (Peak 266.23M) | Time:00:00.14 | Mem:0.00M, Peak:0.00M | Scene, ViewLayer | Synchronizing object | Quay_rail_post_9_-3.5
Fra:1 Mem:266.23M (Peak 266.23M) | Time:00:00.14 | Mem:0.00M, Peak:0.00M | Scene, ViewLayer | Synchronizing object | Quay_rail_post_9_3.5
Fra:1 Mem:266.23M (Peak 266.23M) | Time:00:00.14 | Mem:0.00M, Peak:0.00M | Scene, ViewLayer | Synchronizing object | Quay_rail_9_1.12
Fra:1 Mem:266.24M (Peak 266.24M) | Time:00:00.14 | Mem:0.00M, Peak:0.00M | Scene, ViewLayer | Synchronizing object | Quay_paving_10
Fra:1 Mem:266.24M (Peak 266.24M) | Time:00:00.14 | Mem:0.00M, Peak:0.00M | Scene, ViewLayer | Synchronizing object | Quay_rail_post_10_-3.5
Fra:1 Mem:266.24M (Peak 266.24M) | Time:00:00.14 | Mem:0.00M, Peak:0.00M | Scene, ViewLayer | Synchronizing object | Quay_rail_post_10_3.5
Fra:1 Mem:266.24M (Peak 266.24M) | Time:00:00.14 | Mem:0.00M, Peak:0.00M | Scene, ViewLayer | Synchronizing object | Quay_rail_10_0.65
Fra:1 Mem:266.25M (Peak 266.25M) | Time:00:00.14 | Mem:0.00M, Peak:0.00M | Scene, ViewLayer | Synchronizing object | Quay_rail_10_1.12
Fra:1 Mem:266.25M (Peak 266.25M) | Time:00:00.14 | Mem:0.00M, Peak:0.00M | Scene, ViewLayer | Synchronizing object | Quay_paving_11
Fra:1 Mem:266.25M (Peak 266.25M) | Time:00:00.14 | Mem:0.00M, Peak:0.00M | Scene, ViewLayer | Synchronizing object | Quay_coping_11
Fra:1 Mem:266.25M (Peak 266.25M) | Time:00:00.14 | Mem:0.00M, Peak:0.00M | Scene, ViewLayer | Synchronizing object | Quay_rail_post_11_3.5
Fra:1 Mem:266.26M (Peak 266.26M) | Time:00:00.14 | Mem:0.00M, Peak:0.00M | Scene, ViewLayer | Synchronizing object | Quay_paving_12
Fra:1 Mem:266.26M (Peak 266.26M) | Time:00:00.14 | Mem:0.00M, Peak:0.00M | Scene, ViewLayer | Synchronizing object | Quay_coping_12
Fra:1 Mem:266.26M (Peak 266.26M) | Time:00:00.14 | Mem:0.00M, Peak:0.00M | Scene, ViewLayer | Synchronizing object | Quay_rail_post_12_3.5
Fra:1 Mem:266.40M (Peak 266.40M) | Time:00:00.14 | Mem:0.00M, Peak:0.00M | Scene, ViewLayer | Synchronizing object | Quay_rail_12_0.65
Fra:1 Mem:266.70M (Peak 266.70M) | Time:00:00.14 | Mem:0.00M, Peak:0.00M | Scene, ViewLayer | Synchronizing object | Quay_rail_12_1.12
Fra:1 Mem:266.70M (Peak 266.70M) | Time:00:00.14 | Mem:0.00M, Peak:0.00M | Scene, ViewLayer | Synchronizing object | Quay_coping_13
Fra:1 Mem:266.93M (Peak 266.93M) | Time:00:00.14 | Mem:0.00M, Peak:0.00M | Scene, ViewLayer | Synchronizing object | Quay_rail_13_0.65
Fra:1 Mem:266.93M (Peak 266.93M) | Time:00:00.14 | Mem:0.00M, Peak:0.00M | Scene, ViewLayer | Synchronizing object | Quay_rail_13_1.12
Fra:1 Mem:266.93M (Peak 266.93M) | Time:00:00.14 | Mem:0.00M, Peak:0.00M | Scene, ViewLayer | Synchronizing object | Quay_rail_post_14_-3.5
Fra:1 Mem:266.94M (Peak 266.94M) | Time:00:00.14 | Mem:0.00M, Peak:0.00M | Scene, ViewLayer | Synchronizing object | Quay_rail_post_14_3.5
Fra:1 Mem:266.94M (Peak 266.94M) | Time:00:00.14 | Mem:0.00M, Peak:0.00M | Scene, ViewLayer | Synchronizing object | Quay_rail_14_0.65
Fra:1 Mem:266.94M (Peak 266.94M) | Time:00:00.14 | Mem:0.00M, Peak:0.00M | Scene, ViewLayer | Synchronizing object | Quay_paving_15
Fra:1 Mem:266.94M (Peak 266.94M) | Time:00:00.14 | Mem:0.00M, Peak:0.00M | Scene, ViewLayer | Synchronizing object | Quay_coping_15
Fra:1 Mem:266.95M (Peak 266.95M) | Time:00:00.14 | Mem:0.00M, Peak:0.00M | Scene, ViewLayer | Synchronizing object | Quay_rail_post_15_-3.5
Fra:1 Mem:266.95M (Peak 266.95M) | Time:00:00.14 | Mem:0.00M, Peak:0.00M | Scene, ViewLayer | Synchronizing object | Quay_rail_15_0.65
Fra:1 Mem:266.95M (Peak 266.95M) | Time:00:00.14 | Mem:0.00M, Peak:0.00M | Scene, ViewLayer | Synchronizing object | Quay_rail_15_1.12
Fra:1 Mem:266.95M (Peak 266.95M) | Time:00:00.14 | Mem:0.00M, Peak:0.00M | Scene, ViewLayer | Synchronizing object | Quay_paving_16
Fra:1 Mem:266.96M (Peak 266.96M) | Time:00:00.14 | Mem:0.00M, Peak:0.00M | Scene, ViewLayer | Synchronizing object | Quay_coping_16
Fra:1 Mem:266.96M (Peak 266.96M) | Time:00:00.14 | Mem:0.00M, Peak:0.00M | Scene, ViewLayer | Synchronizing object | Quay_rail_post_16_3.5
Fra:1 Mem:266.96M (Peak 266.96M) | Time:00:00.14 | Mem:0.00M, Peak:0.00M | Scene, ViewLayer | Synchronizing object | Quay_rail_16_0.65
Fra:1 Mem:266.96M (Peak 266.96M) | Time:00:00.14 | Mem:0.00M, Peak:0.00M | Scene, ViewLayer | Synchronizing object | Quay_rail_16_1.12
Fra:1 Mem:266.97M (Peak 266.97M) | Time:00:00.14 | Mem:0.00M, Peak:0.00M | Scene, ViewLayer | Synchronizing object | Quay_paving_17
Fra:1 Mem:266.97M (Peak 266.97M) | Time:00:00.14 | Mem:0.00M, Peak:0.00M | Scene, ViewLayer | Synchronizing object | Quay_coping_17
Fra:1 Mem:266.97M (Peak 266.97M) | Time:00:00.14 | Mem:0.00M, Peak:0.00M | Scene, ViewLayer | Synchronizing object | Quay_rail_17_0.65
Fra:1 Mem:266.97M (Peak 266.97M) | Time:00:00.14 | Mem:0.00M, Peak:0.00M | Scene, ViewLayer | Synchronizing object | Quay_rail_17_1.12
Fra:1 Mem:266.97M (Peak 266.97M) | Time:00:00.14 | Mem:0.00M, Peak:0.00M | Scene, ViewLayer | Synchronizing object | Quay_paving_18
Fra:1 Mem:266.98M (Peak 266.98M) | Time:00:00.14 | Mem:0.00M, Peak:0.00M | Scene, ViewLayer | Synchronizing object | Quay_coping_18
Fra:1 Mem:266.98M (Peak 266.98M) | Time:00:00.14 | Mem:0.00M, Peak:0.00M | Scene, ViewLayer | Synchronizing object | Quay_rail_post_18_-3.5
Fra:1 Mem:266.98M (Peak 266.98M) | Time:00:00.14 | Mem:0.00M, Peak:0.00M | Scene, ViewLayer | Synchronizing object | Quay_rail_18_0.65
Fra:1 Mem:266.99M (Peak 266.99M) | Time:00:00.14 | Mem:0.00M, Peak:0.00M | Scene, ViewLayer | Synchronizing object | Quay_paving_19
Fra:1 Mem:266.99M (Peak 266.99M) | Time:00:00.14 | Mem:0.00M, Peak:0.00M | Scene, ViewLayer | Synchronizing object | Quay_coping_19
Fra:1 Mem:266.99M (Peak 266.99M) | Time:00:00.14 | Mem:0.00M, Peak:0.00M | Scene, ViewLayer | Synchronizing object | Quay_rail_post_19_-3.5
Fra:1 Mem:266.99M (Peak 266.99M) | Time:00:00.14 | Mem:0.00M, Peak:0.00M | Scene, ViewLayer | Synchronizing object | Quay_rail_19_1.12
Fra:1 Mem:267.00M (Peak 267.00M) | Time:00:00.14 | Mem:0.00M, Peak:0.00M | Scene, ViewLayer | Synchronizing object | Quay_paving_20
Fra:1 Mem:267.00M (Peak 267.00M) | Time:00:00.14 | Mem:0.00M, Peak:0.00M | Scene, ViewLayer | Synchronizing object | Quay_coping_20
Fra:1 Mem:267.00M (Peak 267.00M) | Time:00:00.14 | Mem:0.00M, Peak:0.00M | Scene, ViewLayer | Synchronizing object | Quay_rail_post_20_-3.5
Fra:1 Mem:267.00M (Peak 267.00M) | Time:00:00.14 | Mem:0.00M, Peak:0.00M | Scene, ViewLayer | Synchronizing object | Quay_rail_20_0.65
Fra:1 Mem:267.01M (Peak 267.01M) | Time:00:00.14 | Mem:0.00M, Peak:0.00M | Scene, ViewLayer | Synchronizing object | Quay_rail_20_1.12
Fra:1 Mem:267.01M (Peak 267.01M) | Time:00:00.14 | Mem:0.00M, Peak:0.00M | Scene, ViewLayer | Synchronizing object | Quay_coping_21
Fra:1 Mem:267.01M (Peak 267.01M) | Time:00:00.14 | Mem:0.00M, Peak:0.00M | Scene, ViewLayer | Synchronizing object | Quay_rail_post_21_3.5
Fra:1 Mem:267.01M (Peak 267.01M) | Time:00:00.14 | Mem:0.00M, Peak:0.00M | Scene, ViewLayer | Synchronizing object | Quay_rail_21_0.65
Fra:1 Mem:267.01M (Peak 267.01M) | Time:00:00.14 | Mem:0.00M, Peak:0.00M | Scene, ViewLayer | Synchronizing object | Quay_rail_21_1.12
Fra:1 Mem:267.02M (Peak 267.02M) | Time:00:00.14 | Mem:0.00M, Peak:0.00M | Scene, ViewLayer | Synchronizing object | Quay_paving_22
Fra:1 Mem:267.02M (Peak 267.02M) | Time:00:00.14 | Mem:0.00M, Peak:0.00M | Scene, ViewLayer | Synchronizing object | Quay_rail_post_22_3.5
Fra:1 Mem:267.02M (Peak 267.02M) | Time:00:00.14 | Mem:0.00M, Peak:0.00M | Scene, ViewLayer | Synchronizing object | Quay_rail_22_1.12
Fra:1 Mem:267.03M (Peak 267.03M) | Time:00:00.14 | Mem:0.00M, Peak:0.00M | Scene, ViewLayer | Synchronizing object | Quay_paving_23
Fra:1 Mem:267.03M (Peak 267.03M) | Time:00:00.14 | Mem:0.00M, Peak:0.00M | Scene, ViewLayer | Synchronizing object | Quay_rail_post_23_-3.5
Fra:1 Mem:267.04M (Peak 267.04M) | Time:00:00.14 | Mem:0.00M, Peak:0.00M | Scene, ViewLayer | Synchronizing object | Quay_rail_post_23_3.5
Fra:1 Mem:267.04M (Peak 267.04M) | Time:00:00.14 | Mem:0.00M, Peak:0.00M | Scene, ViewLayer | Synchronizing object | Quay_coping_24
Fra:1 Mem:267.04M (Peak 267.04M) | Time:00:00.14 | Mem:0.00M, Peak:0.00M | Scene, ViewLayer | Synchronizing object | Quay_rail_post_24_-3.5
Fra:1 Mem:267.04M (Peak 267.04M) | Time:00:00.14 | Mem:0.00M, Peak:0.00M | Scene, ViewLayer | Synchronizing object | Quay_rail_24_0.65
Fra:1 Mem:267.05M (Peak 267.05M) | Time:00:00.14 | Mem:0.00M, Peak:0.00M | Scene, ViewLayer | Synchronizing object | Quay_rail_24_1.12
Fra:1 Mem:267.05M (Peak 267.05M) | Time:00:00.14 | Mem:0.00M, Peak:0.00M | Scene, ViewLayer | Synchronizing object | Quay_paving_25
Fra:1 Mem:267.05M (Peak 267.05M) | Time:00:00.14 | Mem:0.00M, Peak:0.00M | Scene, ViewLayer | Synchronizing object | Quay_coping_25
Fra:1 Mem:267.05M (Peak 267.05M) | Time:00:00.14 | Mem:0.00M, Peak:0.00M | Scene, ViewLayer | Synchronizing object | Quay_rail_post_25_3.5
Fra:1 Mem:267.06M (Peak 267.06M) | Time:00:00.14 | Mem:0.00M, Peak:0.00M | Scene, ViewLayer | Synchronizing object | Quay_rail_25_1.12
Fra:1 Mem:267.06M (Peak 267.06M) | Time:00:00.14 | Mem:0.00M, Peak:0.00M | Scene, ViewLayer | Synchronizing object | Quay_coping_26
Fra:1 Mem:267.06M (Peak 267.06M) | Time:00:00.14 | Mem:0.00M, Peak:0.00M | Scene, ViewLayer | Synchronizing object | Quay_rail_post_26_-3.5
Fra:1 Mem:267.06M (Peak 267.06M) | Time:00:00.14 | Mem:0.00M, Peak:0.00M | Scene, ViewLayer | Synchronizing object | Quay_rail_26_1.12
Fra:1 Mem:267.07M (Peak 267.07M) | Time:00:00.14 | Mem:0.00M, Peak:0.00M | Scene, ViewLayer | Synchronizing object | Quay_paving_27
Fra:1 Mem:267.07M (Peak 267.07M) | Time:00:00.14 | Mem:0.00M, Peak:0.00M | Scene, ViewLayer | Synchronizing object | Quay_coping_27
Fra:1 Mem:267.07M (Peak 267.07M) | Time:00:00.14 | Mem:0.00M, Peak:0.00M | Scene, ViewLayer | Synchronizing object | Quay_rail_post_27_3.5
Fra:1 Mem:267.08M (Peak 267.08M) | Time:00:00.14 | Mem:0.00M, Peak:0.00M | Scene, ViewLayer | Synchronizing object | Quay_rail_27_0.65
Fra:1 Mem:267.08M (Peak 267.08M) | Time:00:00.14 | Mem:0.00M, Peak:0.00M | Scene, ViewLayer | Synchronizing object | Quay_paving_28
Fra:1 Mem:267.08M (Peak 267.08M) | Time:00:00.14 | Mem:0.00M, Peak:0.00M | Scene, ViewLayer | Synchronizing object | Quay_rail_post_28_3.5
Fra:1 Mem:267.09M (Peak 267.09M) | Time:00:00.14 | Mem:0.00M, Peak:0.00M | Scene, ViewLayer | Synchronizing object | Quay_rail_28_0.65
Fra:1 Mem:267.10M (Peak 267.10M) | Time:00:00.14 | Mem:0.00M, Peak:0.00M | Scene, ViewLayer | Synchronizing object | Quay_paving_29
Fra:1 Mem:267.10M (Peak 267.10M) | Time:00:00.14 | Mem:0.00M, Peak:0.00M | Scene, ViewLayer | Synchronizing object | Quay_rail_post_29_-3.5
Fra:1 Mem:267.10M (Peak 267.10M) | Time:00:00.14 | Mem:0.00M, Peak:0.00M | Scene, ViewLayer | Synchronizing object | Quay_rail_post_29_3.5
Fra:1 Mem:267.10M (Peak 267.10M) | Time:00:00.14 | Mem:0.00M, Peak:0.00M | Scene, ViewLayer | Synchronizing object | Quay_rail_29_0.65
Fra:1 Mem:267.11M (Peak 267.11M) | Time:00:00.14 | Mem:0.00M, Peak:0.00M | Scene, ViewLayer | Synchronizing object | Quay_rail_29_1.12
Fra:1 Mem:267.11M (Peak 267.11M) | Time:00:00.14 | Mem:0.00M, Peak:0.00M | Scene, ViewLayer | Synchronizing object | Quay_coping_30
Fra:1 Mem:267.11M (Peak 267.11M) | Time:00:00.14 | Mem:0.00M, Peak:0.00M | Scene, ViewLayer | Synchronizing object | Quay_rail_post_30_-3.5
Fra:1 Mem:267.11M (Peak 267.11M) | Time:00:00.14 | Mem:0.00M, Peak:0.00M | Scene, ViewLayer | Synchronizing object | Quay_rail_30_1.12
Fra:1 Mem:267.12M (Peak 267.12M) | Time:00:00.14 | Mem:0.00M, Peak:0.00M | Scene, ViewLayer | Synchronizing object | Quay_coping_31
Fra:1 Mem:267.12M (Peak 267.12M) | Time:00:00.14 | Mem:0.00M, Peak:0.00M | Scene, ViewLayer | Synchronizing object | Quay_rail_post_31_-3.5
Fra:1 Mem:267.12M (Peak 267.12M) | Time:00:00.14 | Mem:0.00M, Peak:0.00M | Scene, ViewLayer | Synchronizing object | Quay_rail_post_31_3.5
Fra:1 Mem:267.13M (Peak 267.13M) | Time:00:00.14 | Mem:0.00M, Peak:0.00M | Scene, ViewLayer | Synchronizing object | Quay_rail_31_0.65
Fra:1 Mem:267.13M (Peak 267.13M) | Time:00:00.14 | Mem:0.00M, Peak:0.00M | Scene, ViewLayer | Synchronizing object | Quay_coping_32
Fra:1 Mem:267.13M (Peak 267.13M) | Time:00:00.14 | Mem:0.00M, Peak:0.00M | Scene, ViewLayer | Synchronizing object | Quay_rail_post_32_-3.5
Fra:1 Mem:267.13M (Peak 267.13M) | Time:00:00.14 | Mem:0.00M, Peak:0.00M | Scene, ViewLayer | Synchronizing object | Quay_rail_post_32_3.5
Fra:1 Mem:267.14M (Peak 267.14M) | Time:00:00.14 | Mem:0.00M, Peak:0.00M | Scene, ViewLayer | Synchronizing object | Quay_rail_32_1.12
Fra:1 Mem:267.14M (Peak 267.14M) | Time:00:00.14 | Mem:0.00M, Peak:0.00M | Scene, ViewLayer | Synchronizing object | Dock_plank_module_0_0
Fra:1 Mem:267.14M (Peak 267.14M) | Time:00:00.14 | Mem:0.00M, Peak:0.00M | Scene, ViewLayer | Synchronizing object | Dock_pile_0_0_-1
Fra:1 Mem:267.14M (Peak 267.14M) | Time:00:00.14 | Mem:0.00M, Peak:0.00M | Scene, ViewLayer | Synchronizing object | Dock_pile_0_0_1
Fra:1 Mem:267.15M (Peak 267.15M) | Time:00:00.14 | Mem:0.00M, Peak:0.00M | Scene, ViewLayer | Synchronizing object | Dock_plank_module_0_1
Fra:1 Mem:267.15M (Peak 267.15M) | Time:00:00.14 | Mem:0.00M, Peak:0.00M | Scene, ViewLayer | Synchronizing object | Dock_plank_module_0_2
Fra:1 Mem:267.15M (Peak 267.15M) | Time:00:00.14 | Mem:0.00M, Peak:0.00M | Scene, ViewLayer | Synchronizing object | Dock_pile_0_2_-1
Fra:1 Mem:267.15M (Peak 267.15M) | Time:00:00.14 | Mem:0.00M, Peak:0.00M | Scene, ViewLayer | Synchronizing object | Dock_pile_0_2_1
Fra:1 Mem:267.16M (Peak 267.16M) | Time:00:00.14 | Mem:0.00M, Peak:0.00M | Scene, ViewLayer | Synchronizing object | Dock_plank_module_0_3
Fra:1 Mem:267.16M (Peak 267.16M) | Time:00:00.14 | Mem:0.00M, Peak:0.00M | Scene, ViewLayer | Synchronizing object | Dock_pile_0_3_-1
Fra:1 Mem:267.16M (Peak 267.16M) | Time:00:00.14 | Mem:0.00M, Peak:0.00M | Scene, ViewLayer | Synchronizing object | Dock_pile_0_4_-1
Fra:1 Mem:267.16M (Peak 267.16M) | Time:00:00.14 | Mem:0.00M, Peak:0.00M | Scene, ViewLayer | Synchronizing object | Dock_pile_0_4_1
Fra:1 Mem:267.17M (Peak 267.17M) | Time:00:00.14 | Mem:0.00M, Peak:0.00M | Scene, ViewLayer | Synchronizing object | Dock_pile_0_5_1
Fra:1 Mem:267.17M (Peak 267.17M) | Time:00:00.14 | Mem:0.00M, Peak:0.00M | Scene, ViewLayer | Synchronizing object | Dock_plank_module_0_6
Fra:1 Mem:267.17M (Peak 267.17M) | Time:00:00.14 | Mem:0.00M, Peak:0.00M | Scene, ViewLayer | Synchronizing object | Dock_pile_0_6_-1
Fra:1 Mem:267.17M (Peak 267.17M) | Time:00:00.14 | Mem:0.00M, Peak:0.00M | Scene, ViewLayer | Synchronizing object | Dock_pile_0_6_1
Fra:1 Mem:267.17M (Peak 267.17M) | Time:00:00.14 | Mem:0.00M, Peak:0.00M | Scene, ViewLayer | Synchronizing object | Dock_pile_0_7_-1
Fra:1 Mem:267.17M (Peak 267.17M) | Time:00:00.14 | Mem:0.00M, Peak:0.00M | Scene, ViewLayer | Synchronizing object | Dock_pile_0_7_1
Fra:1 Mem:267.18M (Peak 267.18M) | Time:00:00.14 | Mem:0.00M, Peak:0.00M | Scene, ViewLayer | Synchronizing object | Dock_plank_module_0_8
Fra:1 Mem:267.18M (Peak 267.18M) | Time:00:00.14 | Mem:0.00M, Peak:0.00M | Scene, ViewLayer | Synchronizing object | Dock_pile_0_8_-1
Fra:1 Mem:267.19M (Peak 267.19M) | Time:00:00.14 | Mem:0.00M, Peak:0.00M | Scene, ViewLayer | Synchronizing object | Mooring_bollard_0_-36
Fra:1 Mem:267.19M (Peak 267.19M) | Time:00:00.14 | Mem:0.00M, Peak:0.00M | Scene, ViewLayer | Synchronizing object | Mooring_crossbar_0_-36
Fra:1 Mem:267.19M (Peak 267.19M) | Time:00:00.14 | Mem:0.00M, Peak:0.00M | Scene, ViewLayer | Synchronizing object | Mooring_bollard_0_-72
Fra:1 Mem:267.19M (Peak 267.19M) | Time:00:00.14 | Mem:0.00M, Peak:0.00M | Scene, ViewLayer | Synchronizing object | Mooring_crossbar_0_-72
Fra:1 Mem:267.20M (Peak 267.20M) | Time:00:00.14 | Mem:0.00M, Peak:0.00M | Scene, ViewLayer | Synchronizing object | Dock_plank_module_1_0
Fra:1 Mem:267.20M (Peak 267.20M) | Time:00:00.14 | Mem:0.00M, Peak:0.00M | Scene, ViewLayer | Synchronizing object | Dock_pile_1_0_1
Fra:1 Mem:267.20M (Peak 267.20M) | Time:00:00.14 | Mem:0.00M, Peak:0.00M | Scene, ViewLayer | Synchronizing object | Dock_pile_1_1_1
Fra:1 Mem:267.21M (Peak 267.21M) | Time:00:00.14 | Mem:0.00M, Peak:0.00M | Scene, ViewLayer | Synchronizing object | Dock_plank_module_1_2
Fra:1 Mem:267.21M (Peak 267.21M) | Time:00:00.14 | Mem:0.00M, Peak:0.00M | Scene, ViewLayer | Synchronizing object | Dock_pile_1_2_-1
Fra:1 Mem:267.21M (Peak 267.21M) | Time:00:00.14 | Mem:0.00M, Peak:0.00M | Scene, ViewLayer | Synchronizing object | Dock_pile_1_2_1
Fra:1 Mem:267.21M (Peak 267.21M) | Time:00:00.14 | Mem:0.00M, Peak:0.00M | Scene, ViewLayer | Synchronizing object | Dock_pile_1_3_-1
Fra:1 Mem:267.22M (Peak 267.22M) | Time:00:00.14 | Mem:0.00M, Peak:0.00M | Scene, ViewLayer | Synchronizing object | Dock_pile_1_3_1
Fra:1 Mem:267.22M (Peak 267.22M) | Time:00:00.14 | Mem:0.00M, Peak:0.00M | Scene, ViewLayer | Synchronizing object | Dock_plank_module_1_4
Fra:1 Mem:267.22M (Peak 267.22M) | Time:00:00.14 | Mem:0.00M, Peak:0.00M | Scene, ViewLayer | Synchronizing object | Dock_pile_1_5_-1
Fra:1 Mem:267.23M (Peak 267.23M) | Time:00:00.14 | Mem:0.00M, Peak:0.00M | Scene, ViewLayer | Synchronizing object | Dock_pile_1_5_1
Fra:1 Mem:267.23M (Peak 267.23M) | Time:00:00.14 | Mem:0.00M, Peak:0.00M | Scene, ViewLayer | Synchronizing object | Dock_plank_module_1_6
Fra:1 Mem:267.23M (Peak 267.23M) | Time:00:00.14 | Mem:0.00M, Peak:0.00M | Scene, ViewLayer | Synchronizing object | Dock_plank_module_1_7
Fra:1 Mem:267.24M (Peak 267.24M) | Time:00:00.14 | Mem:0.00M, Peak:0.00M | Scene, ViewLayer | Synchronizing object | Dock_pile_1_7_-1
Fra:1 Mem:267.24M (Peak 267.24M) | Time:00:00.14 | Mem:0.00M, Peak:0.00M | Scene, ViewLayer | Synchronizing object | Dock_pile_1_7_1
Fra:1 Mem:267.24M (Peak 267.24M) | Time:00:00.14 | Mem:0.00M, Peak:0.00M | Scene, ViewLayer | Synchronizing object | Dock_plank_module_1_8
Fra:1 Mem:267.24M (Peak 267.24M) | Time:00:00.14 | Mem:0.00M, Peak:0.00M | Scene, ViewLayer | Synchronizing object | Dock_pile_1_8_1
Fra:1 Mem:267.24M (Peak 267.24M) | Time:00:00.14 | Mem:0.00M, Peak:0.00M | Scene, ViewLayer | Synchronizing object | Mooring_crossbar_1_-36
Fra:1 Mem:267.25M (Peak 267.25M) | Time:00:00.14 | Mem:0.00M, Peak:0.00M | Scene, ViewLayer | Synchronizing object | Mooring_bollard_1_-54
Fra:1 Mem:267.25M (Peak 267.25M) | Time:00:00.14 | Mem:0.00M, Peak:0.00M | Scene, ViewLayer | Synchronizing object | Mooring_crossbar_1_-54
Fra:1 Mem:267.25M (Peak 267.25M) | Time:00:00.14 | Mem:0.00M, Peak:0.00M | Scene, ViewLayer | Synchronizing object | Mooring_bollard_1_-72
Fra:1 Mem:267.26M (Peak 267.26M) | Time:00:00.14 | Mem:0.00M, Peak:0.00M | Scene, ViewLayer | Synchronizing object | Dock_plank_module_2_0
Fra:1 Mem:267.26M (Peak 267.26M) | Time:00:00.14 | Mem:0.00M, Peak:0.00M | Scene, ViewLayer | Synchronizing object | Dock_pile_2_0_1
Fra:1 Mem:267.27M (Peak 267.27M) | Time:00:00.14 | Mem:0.00M, Peak:0.00M | Scene, ViewLayer | Synchronizing object | Dock_pile_2_1_-1
Fra:1 Mem:267.27M (Peak 267.27M) | Time:00:00.14 | Mem:0.00M, Peak:0.00M | Scene, ViewLayer | Synchronizing object | Dock_pile_2_2_-1
Fra:1 Mem:267.27M (Peak 267.27M) | Time:00:00.14 | Mem:0.00M, Peak:0.00M | Scene, ViewLayer | Synchronizing object | Dock_pile_2_2_1
Fra:1 Mem:267.27M (Peak 267.27M) | Time:00:00.14 | Mem:0.00M, Peak:0.00M | Scene, ViewLayer | Synchronizing object | Dock_pile_2_3_-1
Fra:1 Mem:267.28M (Peak 267.28M) | Time:00:00.14 | Mem:0.00M, Peak:0.00M | Scene, ViewLayer | Synchronizing object | Dock_pile_2_3_1
Fra:1 Mem:267.28M (Peak 267.28M) | Time:00:00.14 | Mem:0.00M, Peak:0.00M | Scene, ViewLayer | Synchronizing object | Dock_plank_module_2_4
Fra:1 Mem:267.28M (Peak 267.28M) | Time:00:00.14 | Mem:0.00M, Peak:0.00M | Scene, ViewLayer | Synchronizing object | Dock_pile_2_4_-1
Fra:1 Mem:267.28M (Peak 267.28M) | Time:00:00.14 | Mem:0.00M, Peak:0.00M | Scene, ViewLayer | Synchronizing object | Dock_plank_module_2_5
Fra:1 Mem:267.28M (Peak 267.28M) | Time:00:00.14 | Mem:0.00M, Peak:0.00M | Scene, ViewLayer | Synchronizing object | Dock_pile_2_5_1
Fra:1 Mem:267.29M (Peak 267.29M) | Time:00:00.14 | Mem:0.00M, Peak:0.00M | Scene, ViewLayer | Synchronizing object | Dock_plank_module_2_6
Fra:1 Mem:267.29M (Peak 267.29M) | Time:00:00.14 | Mem:0.00M, Peak:0.00M | Scene, ViewLayer | Synchronizing object | Dock_pile_2_6_1
Fra:1 Mem:267.29M (Peak 267.29M) | Time:00:00.14 | Mem:0.00M, Peak:0.00M | Scene, ViewLayer | Synchronizing object | Dock_plank_module_2_7
Fra:1 Mem:267.30M (Peak 267.30M) | Time:00:00.14 | Mem:0.00M, Peak:0.00M | Scene, ViewLayer | Synchronizing object | Dock_pile_2_7_1
Fra:1 Mem:267.30M (Peak 267.30M) | Time:00:00.14 | Mem:0.00M, Peak:0.00M | Scene, ViewLayer | Synchronizing object | Dock_pile_2_8_-1
Fra:1 Mem:267.30M (Peak 267.30M) | Time:00:00.14 | Mem:0.00M, Peak:0.00M | Scene, ViewLayer | Synchronizing object | Dock_pile_2_8_1
Fra:1 Mem:267.30M (Peak 267.30M) | Time:00:00.14 | Mem:0.00M, Peak:0.00M | Scene, ViewLayer | Synchronizing object | Mooring_bollard_2_-36
Fra:1 Mem:267.30M (Peak 267.30M) | Time:00:00.14 | Mem:0.00M, Peak:0.00M | Scene, ViewLayer | Synchronizing object | Mooring_crossbar_2_-36
Fra:1 Mem:267.31M (Peak 267.31M) | Time:00:00.14 | Mem:0.00M, Peak:0.00M | Scene, ViewLayer | Synchronizing object | Mooring_crossbar_2_-54
Fra:1 Mem:267.31M (Peak 267.31M) | Time:00:00.14 | Mem:0.00M, Peak:0.00M | Scene, ViewLayer | Synchronizing object | Mooring_bollard_2_-72
Fra:1 Mem:267.32M (Peak 267.32M) | Time:00:00.14 | Mem:0.00M, Peak:0.00M | Scene, ViewLayer | Synchronizing object | Dock_pile_3_0_-1
Fra:1 Mem:267.32M (Peak 267.32M) | Time:00:00.14 | Mem:0.00M, Peak:0.00M | Scene, ViewLayer | Synchronizing object | Dock_plank_module_3_1
Fra:1 Mem:267.32M (Peak 267.32M) | Time:00:00.14 | Mem:0.00M, Peak:0.00M | Scene, ViewLayer | Synchronizing object | Dock_pile_3_1_-1
Fra:1 Mem:267.33M (Peak 267.33M) | Time:00:00.14 | Mem:0.00M, Peak:0.00M | Scene, ViewLayer | Synchronizing object | Dock_pile_3_1_1
Fra:1 Mem:267.33M (Peak 267.33M) | Time:00:00.14 | Mem:0.00M, Peak:0.00M | Scene, ViewLayer | Synchronizing object | Dock_pile_3_2_1
Fra:1 Mem:267.33M (Peak 267.33M) | Time:00:00.14 | Mem:0.00M, Peak:0.00M | Scene, ViewLayer | Synchronizing object | Dock_plank_module_3_3
Fra:1 Mem:267.33M (Peak 267.33M) | Time:00:00.14 | Mem:0.00M, Peak:0.00M | Scene, ViewLayer | Synchronizing object | Dock_pile_3_3_-1
Fra:1 Mem:267.33M (Peak 267.33M) | Time:00:00.14 | Mem:0.00M, Peak:0.00M | Scene, ViewLayer | Synchronizing object | Dock_pile_3_3_1
Fra:1 Mem:267.34M (Peak 267.34M) | Time:00:00.14 | Mem:0.00M, Peak:0.00M | Scene, ViewLayer | Synchronizing object | Dock_plank_module_3_4
Fra:1 Mem:267.34M (Peak 267.34M) | Time:00:00.14 | Mem:0.00M, Peak:0.00M | Scene, ViewLayer | Synchronizing object | Dock_pile_3_4_1
Fra:1 Mem:267.34M (Peak 267.34M) | Time:00:00.14 | Mem:0.00M, Peak:0.00M | Scene, ViewLayer | Synchronizing object | Dock_plank_module_3_5
Fra:1 Mem:267.34M (Peak 267.34M) | Time:00:00.14 | Mem:0.00M, Peak:0.00M | Scene, ViewLayer | Synchronizing object | Dock_pile_3_5_1
Fra:1 Mem:267.34M (Peak 267.34M) | Time:00:00.14 | Mem:0.00M, Peak:0.00M | Scene, ViewLayer | Synchronizing object | Dock_pile_3_6_-1
Fra:1 Mem:267.35M (Peak 267.35M) | Time:00:00.14 | Mem:0.00M, Peak:0.00M | Scene, ViewLayer | Synchronizing object | Dock_pile_3_6_1
Fra:1 Mem:267.35M (Peak 267.35M) | Time:00:00.14 | Mem:0.00M, Peak:0.00M | Scene, ViewLayer | Synchronizing object | Dock_pile_3_7_-1
Fra:1 Mem:267.36M (Peak 267.36M) | Time:00:00.14 | Mem:0.00M, Peak:0.00M | Scene, ViewLayer | Synchronizing object | Dock_pile_3_7_1
Fra:1 Mem:267.36M (Peak 267.36M) | Time:00:00.14 | Mem:0.00M, Peak:0.00M | Scene, ViewLayer | Synchronizing object | Dock_plank_module_3_8
Fra:1 Mem:267.36M (Peak 267.36M) | Time:00:00.14 | Mem:0.00M, Peak:0.00M | Scene, ViewLayer | Synchronizing object | Mooring_bollard_3_-36
Fra:1 Mem:267.36M (Peak 267.36M) | Time:00:00.14 | Mem:0.00M, Peak:0.00M | Scene, ViewLayer | Synchronizing object | Mooring_crossbar_3_-36
Fra:1 Mem:267.36M (Peak 267.36M) | Time:00:00.14 | Mem:0.00M, Peak:0.00M | Scene, ViewLayer | Synchronizing object | Mooring_crossbar_3_-54
Fra:1 Mem:267.37M (Peak 267.37M) | Time:00:00.14 | Mem:0.00M, Peak:0.00M | Scene, ViewLayer | Synchronizing object | Mooring_bollard_3_-72
Fra:1 Mem:267.37M (Peak 267.37M) | Time:00:00.14 | Mem:0.00M, Peak:0.00M | Scene, ViewLayer | Synchronizing object | Mooring_crossbar_3_-72
Fra:1 Mem:267.37M (Peak 267.37M) | Time:00:00.14 | Mem:0.00M, Peak:0.00M | Scene, ViewLayer | Synchronizing object | Skiff_cockpit_0
Fra:1 Mem:267.38M (Peak 267.38M) | Time:00:00.14 | Mem:0.00M, Peak:0.00M | Scene, ViewLayer | Synchronizing object | Skiff_console_0
Fra:1 Mem:267.38M (Peak 267.38M) | Time:00:00.14 | Mem:0.00M, Peak:0.00M | Scene, ViewLayer | Synchronizing object | Marina_skiff_hull_1
Fra:1 Mem:267.38M (Peak 267.38M) | Time:00:00.14 | Mem:0.00M, Peak:0.00M | Scene, ViewLayer | Synchronizing object | Skiff_cockpit_1
Fra:1 Mem:267.38M (Peak 267.38M) | Time:00:00.14 | Mem:0.00M, Peak:0.00M | Scene, ViewLayer | Synchronizing object | Skiff_outboard_1
Fra:1 Mem:267.39M (Peak 267.39M) | Time:00:00.14 | Mem:0.00M, Peak:0.00M | Scene, ViewLayer | Synchronizing object | Marina_skiff_hull_2
Fra:1 Mem:267.39M (Peak 267.39M) | Time:00:00.14 | Mem:0.00M, Peak:0.00M | Scene, ViewLayer | Synchronizing object | Skiff_cockpit_2
Fra:1 Mem:267.39M (Peak 267.39M) | Time:00:00.14 | Mem:0.00M, Peak:0.00M | Scene, ViewLayer | Synchronizing object | Skiff_console_2
Fra:1 Mem:267.39M (Peak 267.39M) | Time:00:00.14 | Mem:0.00M, Peak:0.00M | Scene, ViewLayer | Synchronizing object | Skiff_cockpit_3
Fra:1 Mem:267.40M (Peak 267.40M) | Time:00:00.14 | Mem:0.00M, Peak:0.00M | Scene, ViewLayer | Synchronizing object | Skiff_console_3
Fra:1 Mem:267.40M (Peak 267.40M) | Time:00:00.14 | Mem:0.00M, Peak:0.00M | Scene, ViewLayer | Synchronizing object | Skiff_outboard_3
Fra:1 Mem:267.40M (Peak 267.40M) | Time:00:00.14 | Mem:0.00M, Peak:0.00M | Scene, ViewLayer | Synchronizing object | Harbor_works_side_panel_-1_0
Fra:1 Mem:267.40M (Peak 267.40M) | Time:00:00.14 | Mem:0.00M, Peak:0.00M | Scene, ViewLayer | Synchronizing object | Harbor_works_clerestory_-1_0
Fra:1 Mem:267.40M (Peak 267.40M) | Time:00:00.14 | Mem:0.00M, Peak:0.00M | Scene, ViewLayer | Synchronizing object | Harbor_works_side_panel_-1_1
Fra:1 Mem:267.41M (Peak 267.41M) | Time:00:00.14 | Mem:0.00M, Peak:0.00M | Scene, ViewLayer | Synchronizing object | Harbor_works_clerestory_-1_1
Fra:1 Mem:267.41M (Peak 267.41M) | Time:00:00.14 | Mem:0.00M, Peak:0.00M | Scene, ViewLayer | Synchronizing object | Harbor_works_clerestory_-1_2
Fra:1 Mem:267.41M (Peak 267.41M) | Time:00:00.14 | Mem:0.00M, Peak:0.00M | Scene, ViewLayer | Synchronizing object | Harbor_works_side_panel_-1_3
Fra:1 Mem:267.41M (Peak 267.41M) | Time:00:00.14 | Mem:0.00M, Peak:0.00M | Scene, ViewLayer | Synchronizing object | Harbor_works_side_panel_-1_4
Fra:1 Mem:267.41M (Peak 267.41M) | Time:00:00.14 | Mem:0.00M, Peak:0.00M | Scene, ViewLayer | Synchronizing object | Harbor_works_clerestory_-1_4
Fra:1 Mem:267.41M (Peak 267.41M) | Time:00:00.14 | Mem:0.00M, Peak:0.00M | Scene, ViewLayer | Synchronizing object | Harbor_works_side_panel_-1_5
Fra:1 Mem:267.41M (Peak 267.41M) | Time:00:00.14 | Mem:0.00M, Peak:0.00M | Scene, ViewLayer | Synchronizing object | Harbor_works_clerestory_-1_5
Fra:1 Mem:267.42M (Peak 267.42M) | Time:00:00.14 | Mem:0.00M, Peak:0.00M | Scene, ViewLayer | Synchronizing object | Harbor_works_side_panel_-1_6
Fra:1 Mem:267.42M (Peak 267.42M) | Time:00:00.14 | Mem:0.00M, Peak:0.00M | Scene, ViewLayer | Synchronizing object | Harbor_works_clerestory_-1_6
Fra:1 Mem:267.42M (Peak 267.42M) | Time:00:00.14 | Mem:0.00M, Peak:0.00M | Scene, ViewLayer | Synchronizing object | Harbor_works_clerestory_-1_7
Fra:1 Mem:267.42M (Peak 267.42M) | Time:00:00.14 | Mem:0.00M, Peak:0.00M | Scene, ViewLayer | Synchronizing object | Harbor_works_column_-1_0
Fra:1 Mem:267.42M (Peak 267.42M) | Time:00:00.14 | Mem:0.00M, Peak:0.00M | Scene, ViewLayer | Synchronizing object | Harbor_works_column_-1_6
Fra:1 Mem:267.42M (Peak 267.42M) | Time:00:00.14 | Mem:0.00M, Peak:0.00M | Scene, ViewLayer | Synchronizing object | Harbor_works_column_-1_18
Fra:1 Mem:267.42M (Peak 267.42M) | Time:00:00.14 | Mem:0.00M, Peak:0.00M | Scene, ViewLayer | Synchronizing object | Harbor_works_column_-1_24
Fra:1 Mem:267.43M (Peak 267.43M) | Time:00:00.14 | Mem:0.00M, Peak:0.00M | Scene, ViewLayer | Synchronizing object | Harbor_works_column_-1_30
Fra:1 Mem:267.43M (Peak 267.43M) | Time:00:00.14 | Mem:0.00M, Peak:0.00M | Scene, ViewLayer | Synchronizing object | Harbor_works_column_-1_36
Fra:1 Mem:267.60M (Peak 267.60M) | Time:00:00.15 | Mem:0.00M, Peak:0.00M | Scene, ViewLayer | Synchronizing object | Harbor_works_clerestory_1_0
Fra:1 Mem:267.60M (Peak 267.60M) | Time:00:00.15 | Mem:0.00M, Peak:0.00M | Scene, ViewLayer | Synchronizing object | Harbor_works_side_panel_1_1
Fra:1 Mem:267.60M (Peak 267.60M) | Time:00:00.15 | Mem:0.00M, Peak:0.00M | Scene, ViewLayer | Synchronizing object | Harbor_works_side_panel_1_2
Fra:1 Mem:267.60M (Peak 267.60M) | Time:00:00.15 | Mem:0.00M, Peak:0.00M | Scene, ViewLayer | Synchronizing object | Harbor_works_clerestory_1_2
Fra:1 Mem:267.61M (Peak 267.61M) | Time:00:00.15 | Mem:0.00M, Peak:0.00M | Scene, ViewLayer | Synchronizing object | Harbor_works_clerestory_1_3
Fra:1 Mem:267.61M (Peak 267.61M) | Time:00:00.15 | Mem:0.00M, Peak:0.00M | Scene, ViewLayer | Synchronizing object | Harbor_works_side_panel_1_4
Fra:1 Mem:267.61M (Peak 267.61M) | Time:00:00.15 | Mem:0.00M, Peak:0.00M | Scene, ViewLayer | Synchronizing object | Harbor_works_clerestory_1_4
Fra:1 Mem:267.61M (Peak 267.61M) | Time:00:00.15 | Mem:0.00M, Peak:0.00M | Scene, ViewLayer | Synchronizing object | Harbor_works_side_panel_1_5
Fra:1 Mem:267.61M (Peak 267.61M) | Time:00:00.15 | Mem:0.00M, Peak:0.00M | Scene, ViewLayer | Synchronizing object | Harbor_works_side_panel_1_6
Fra:1 Mem:267.62M (Peak 267.62M) | Time:00:00.15 | Mem:0.00M, Peak:0.00M | Scene, ViewLayer | Synchronizing object | Harbor_works_clerestory_1_6
Fra:1 Mem:267.62M (Peak 267.62M) | Time:00:00.15 | Mem:0.00M, Peak:0.00M | Scene, ViewLayer | Synchronizing object | Harbor_works_side_panel_1_7
Fra:1 Mem:267.62M (Peak 267.62M) | Time:00:00.15 | Mem:0.00M, Peak:0.00M | Scene, ViewLayer | Synchronizing object | Harbor_works_clerestory_1_7
Fra:1 Mem:267.62M (Peak 267.62M) | Time:00:00.15 | Mem:0.00M, Peak:0.00M | Scene, ViewLayer | Synchronizing object | Harbor_works_column_1_0
Fra:1 Mem:267.62M (Peak 267.62M) | Time:00:00.15 | Mem:0.00M, Peak:0.00M | Scene, ViewLayer | Synchronizing object | Harbor_works_column_1_6
Fra:1 Mem:267.63M (Peak 267.63M) | Time:00:00.15 | Mem:0.00M, Peak:0.00M | Scene, ViewLayer | Synchronizing object | Harbor_works_column_1_12
Fra:1 Mem:267.63M (Peak 267.63M) | Time:00:00.15 | Mem:0.00M, Peak:0.00M | Scene, ViewLayer | Synchronizing object | Harbor_works_column_1_30
Fra:1 Mem:267.63M (Peak 267.63M) | Time:00:00.15 | Mem:0.00M, Peak:0.00M | Scene, ViewLayer | Synchronizing object | Harbor_works_column_1_36
Fra:1 Mem:267.63M (Peak 267.63M) | Time:00:00.15 | Mem:0.00M, Peak:0.00M | Scene, ViewLayer | Synchronizing object | Harbor_works_column_1_42
Fra:1 Mem:267.63M (Peak 267.63M) | Time:00:00.15 | Mem:0.00M, Peak:0.00M | Scene, ViewLayer | Synchronizing object | Harbor_works_roof_-1_0
Fra:1 Mem:267.63M (Peak 267.63M) | Time:00:00.15 | Mem:0.00M, Peak:0.00M | Scene, ViewLayer | Synchronizing object | Harbor_works_roof_1_0
Fra:1 Mem:267.64M (Peak 267.64M) | Time:00:00.15 | Mem:0.00M, Peak:0.00M | Scene, ViewLayer | Synchronizing object | Harbor_works_roof_1_1
Fra:1 Mem:267.64M (Peak 267.64M) | Time:00:00.15 | Mem:0.00M, Peak:0.00M | Scene, ViewLayer | Synchronizing object | Harbor_works_roof_-1_2
Fra:1 Mem:267.64M (Peak 267.64M) | Time:00:00.15 | Mem:0.00M, Peak:0.00M | Scene, ViewLayer | Synchronizing object | Harbor_works_roof_1_2
Fra:1 Mem:267.64M (Peak 267.64M) | Time:00:00.15 | Mem:0.00M, Peak:0.00M | Scene, ViewLayer | Synchronizing object | Harbor_works_roof_-1_3
Fra:1 Mem:267.64M (Peak 267.64M) | Time:00:00.15 | Mem:0.00M, Peak:0.00M | Scene, ViewLayer | Synchronizing object | Harbor_works_roof_-1_4
Fra:1 Mem:267.64M (Peak 267.64M) | Time:00:00.15 | Mem:0.00M, Peak:0.00M | Scene, ViewLayer | Synchronizing object | Harbor_works_roof_1_4
Fra:1 Mem:267.64M (Peak 267.64M) | Time:00:00.15 | Mem:0.00M, Peak:0.00M | Scene, ViewLayer | Synchronizing object | Harbor_works_roof_-1_5
Fra:1 Mem:267.65M (Peak 267.65M) | Time:00:00.15 | Mem:0.00M, Peak:0.00M | Scene, ViewLayer | Synchronizing object | Harbor_works_roof_1_5
Fra:1 Mem:267.65M (Peak 267.65M) | Time:00:00.15 | Mem:0.00M, Peak:0.00M | Scene, ViewLayer | Synchronizing object | Harbor_works_roof_1_6
Fra:1 Mem:267.65M (Peak 267.65M) | Time:00:00.15 | Mem:0.00M, Peak:0.00M | Scene, ViewLayer | Synchronizing object | Harbor_works_roof_-1_7
Fra:1 Mem:267.65M (Peak 267.65M) | Time:00:00.15 | Mem:0.00M, Peak:0.00M | Scene, ViewLayer | Synchronizing object | Harbor_works_roof_1_7
Fra:1 Mem:267.65M (Peak 267.65M) | Time:00:00.15 | Mem:0.00M, Peak:0.00M | Scene, ViewLayer | Synchronizing object | Harbor_works_roller_door_-1_0
Fra:1 Mem:267.66M (Peak 267.66M) | Time:00:00.15 | Mem:0.00M, Peak:0.00M | Scene, ViewLayer | Synchronizing object | Harbor_works_roller_door_-1_2
Fra:1 Mem:267.66M (Peak 267.66M) | Time:00:00.15 | Mem:0.00M, Peak:0.00M | Scene, ViewLayer | Synchronizing object | Harbor_works_roller_door_-1_3
Fra:1 Mem:267.66M (Peak 267.66M) | Time:00:00.15 | Mem:0.00M, Peak:0.00M | Scene, ViewLayer | Synchronizing object | Harbor_works_roller_door_-1_4
Fra:1 Mem:267.66M (Peak 267.66M) | Time:00:00.15 | Mem:0.00M, Peak:0.00M | Scene, ViewLayer | Synchronizing object | Harbor_works_roller_door_-1_6
Fra:1 Mem:267.66M (Peak 267.66M) | Time:00:00.15 | Mem:0.00M, Peak:0.00M | Scene, ViewLayer | Synchronizing object | Harbor_works_roller_door_-1_7
Fra:1 Mem:267.67M (Peak 267.67M) | Time:00:00.15 | Mem:0.00M, Peak:0.00M | Scene, ViewLayer | Synchronizing object | Harbor_works_roller_door_-1_8
Fra:1 Mem:267.67M (Peak 267.67M) | Time:00:00.15 | Mem:0.00M, Peak:0.00M | Scene, ViewLayer | Synchronizing object | Harbor_works_door_header_-1
Fra:1 Mem:267.67M (Peak 267.67M) | Time:00:00.15 | Mem:0.00M, Peak:0.00M | Scene, ViewLayer | Synchronizing object | Harbor_works_door_recess_1
Fra:1 Mem:267.67M (Peak 267.67M) | Time:00:00.15 | Mem:0.00M, Peak:0.00M | Scene, ViewLayer | Synchronizing object | Harbor_works_roller_door_1_0
Fra:1 Mem:267.67M (Peak 267.67M) | Time:00:00.15 | Mem:0.00M, Peak:0.00M | Scene, ViewLayer | Synchronizing object | Harbor_works_roller_door_1_2
Fra:1 Mem:267.67M (Peak 267.67M) | Time:00:00.15 | Mem:0.00M, Peak:0.00M | Scene, ViewLayer | Synchronizing object | Harbor_works_roller_door_1_3
Fra:1 Mem:267.67M (Peak 267.67M) | Time:00:00.15 | Mem:0.00M, Peak:0.00M | Scene, ViewLayer | Synchronizing object | Harbor_works_roller_door_1_4
Fra:1 Mem:267.67M (Peak 267.67M) | Time:00:00.15 | Mem:0.00M, Peak:0.00M | Scene, ViewLayer | Synchronizing object | Harbor_works_roller_door_1_7
Fra:1 Mem:267.68M (Peak 267.68M) | Time:00:00.15 | Mem:0.00M, Peak:0.00M | Scene, ViewLayer | Synchronizing object | Harbor_works_roller_door_1_8
Fra:1 Mem:267.68M (Peak 267.68M) | Time:00:00.15 | Mem:0.00M, Peak:0.00M | Scene, ViewLayer | Synchronizing object | Harbor_works_loading_apron
Fra:1 Mem:267.68M (Peak 267.68M) | Time:00:00.15 | Mem:0.00M, Peak:0.00M | Scene, ViewLayer | Synchronizing object | Harbor_works_loading_canopy
Fra:1 Mem:267.68M (Peak 267.68M) | Time:00:00.15 | Mem:0.00M, Peak:0.00M | Scene, ViewLayer | Synchronizing object | Harbor_works_canopy_post_-1
Fra:1 Mem:267.68M (Peak 267.68M) | Time:00:00.15 | Mem:0.00M, Peak:0.00M | Scene, ViewLayer | Synchronizing object | Harbor_works_canopy_post_1
Fra:1 Mem:267.68M (Peak 267.68M) | Time:00:00.15 | Mem:0.00M, Peak:0.00M | Scene, ViewLayer | Synchronizing object | Harbor_works_identity
Fra:1 Mem:267.69M (Peak 267.69M) | Time:00:00.15 | Mem:0.00M, Peak:0.00M | Scene, ViewLayer | Synchronizing object | Marine_service_body
Fra:1 Mem:267.69M (Peak 267.69M) | Time:00:00.15 | Mem:0.00M, Peak:0.00M | Scene, ViewLayer | Synchronizing object | Marine_service_side_panel_-1_0
Fra:1 Mem:267.69M (Peak 267.69M) | Time:00:00.15 | Mem:0.00M, Peak:0.00M | Scene, ViewLayer | Synchronizing object | Marine_service_side_panel_-1_1
Fra:1 Mem:267.69M (Peak 267.69M) | Time:00:00.15 | Mem:0.00M, Peak:0.00M | Scene, ViewLayer | Synchronizing object | Marine_service_side_panel_-1_2
Fra:1 Mem:267.69M (Peak 267.69M) | Time:00:00.15 | Mem:0.00M, Peak:0.00M | Scene, ViewLayer | Synchronizing object | Marine_service_side_panel_-1_3
Fra:1 Mem:267.70M (Peak 267.70M) | Time:00:00.15 | Mem:0.00M, Peak:0.00M | Scene, ViewLayer | Synchronizing object | Marine_service_side_panel_-1_4
Fra:1 Mem:267.70M (Peak 267.70M) | Time:00:00.15 | Mem:0.00M, Peak:0.00M | Scene, ViewLayer | Synchronizing object | Marine_service_side_panel_-1_5
Fra:1 Mem:267.70M (Peak 267.70M) | Time:00:00.15 | Mem:0.00M, Peak:0.00M | Scene, ViewLayer | Synchronizing object | Marine_service_clerestory_-1_5
Fra:1 Mem:267.70M (Peak 267.70M) | Time:00:00.15 | Mem:0.00M, Peak:0.00M | Scene, ViewLayer | Synchronizing object | Marine_service_column_-1_0
Fra:1 Mem:267.70M (Peak 267.70M) | Time:00:00.15 | Mem:0.00M, Peak:0.00M | Scene, ViewLayer | Synchronizing object | Marine_service_column_-1_6
Fra:1 Mem:267.70M (Peak 267.70M) | Time:00:00.15 | Mem:0.00M, Peak:0.00M | Scene, ViewLayer | Synchronizing object | Marine_service_column_-1_12
Fra:1 Mem:267.70M (Peak 267.70M) | Time:00:00.15 | Mem:0.00M, Peak:0.00M | Scene, ViewLayer | Synchronizing object | Marine_service_column_-1_18
Fra:1 Mem:267.71M (Peak 267.71M) | Time:00:00.15 | Mem:0.00M, Peak:0.00M | Scene, ViewLayer | Synchronizing object | Marine_service_column_-1_24
Fra:1 Mem:267.71M (Peak 267.71M) | Time:00:00.15 | Mem:0.00M, Peak:0.00M | Scene, ViewLayer | Synchronizing object | Marine_service_column_-1_30
Fra:1 Mem:267.71M (Peak 267.71M) | Time:00:00.15 | Mem:0.00M, Peak:0.00M | Scene, ViewLayer | Synchronizing object | Marine_service_side_panel_1_0
Fra:1 Mem:267.71M (Peak 267.71M) | Time:00:00.15 | Mem:0.00M, Peak:0.00M | Scene, ViewLayer | Synchronizing object | Marine_service_clerestory_1_0
Fra:1 Mem:267.71M (Peak 267.71M) | Time:00:00.15 | Mem:0.00M, Peak:0.00M | Scene, ViewLayer | Synchronizing object | Marine_service_side_panel_1_1
Fra:1 Mem:267.71M (Peak 267.71M) | Time:00:00.15 | Mem:0.00M, Peak:0.00M | Scene, ViewLayer | Synchronizing object | Marine_service_side_panel_1_2
Fra:1 Mem:267.71M (Peak 267.71M) | Time:00:00.15 | Mem:0.00M, Peak:0.00M | Scene, ViewLayer | Synchronizing object | Marine_service_clerestory_1_2
Fra:1 Mem:267.72M (Peak 267.72M) | Time:00:00.15 | Mem:0.00M, Peak:0.00M | Scene, ViewLayer | Synchronizing object | Marine_service_clerestory_1_3
Fra:1 Mem:267.72M (Peak 267.72M) | Time:00:00.15 | Mem:0.00M, Peak:0.00M | Scene, ViewLayer | Synchronizing object | Marine_service_side_panel_1_4
Fra:1 Mem:267.72M (Peak 267.72M) | Time:00:00.15 | Mem:0.00M, Peak:0.00M | Scene, ViewLayer | Synchronizing object | Marine_service_side_panel_1_5
Fra:1 Mem:267.72M (Peak 267.72M) | Time:00:00.15 | Mem:0.00M, Peak:0.00M | Scene, ViewLayer | Synchronizing object | Marine_service_clerestory_1_5
Fra:1 Mem:267.72M (Peak 267.72M) | Time:00:00.15 | Mem:0.00M, Peak:0.00M | Scene, ViewLayer | Synchronizing object | Marine_service_column_1_0
Fra:1 Mem:267.72M (Peak 267.72M) | Time:00:00.15 | Mem:0.00M, Peak:0.00M | Scene, ViewLayer | Synchronizing object | Marine_service_column_1_12
Fra:1 Mem:267.73M (Peak 267.73M) | Time:00:00.15 | Mem:0.00M, Peak:0.00M | Scene, ViewLayer | Synchronizing object | Marine_service_column_1_18
Fra:1 Mem:267.73M (Peak 267.73M) | Time:00:00.15 | Mem:0.00M, Peak:0.00M | Scene, ViewLayer | Synchronizing object | Marine_service_roof_-1_0
Fra:1 Mem:267.87M (Peak 267.87M) | Time:00:00.15 | Mem:0.00M, Peak:0.00M | Scene, ViewLayer | Synchronizing object | Marine_service_roof_1_0
Fra:1 Mem:267.92M (Peak 267.92M) | Time:00:00.15 | Mem:0.00M, Peak:0.00M | Scene, ViewLayer | Synchronizing object | Marine_service_roof_-1_1
Fra:1 Mem:267.99M (Peak 267.99M) | Time:00:00.15 | Mem:0.00M, Peak:0.00M | Scene, ViewLayer | Synchronizing object | Marine_service_roof_-1_2
Fra:1 Mem:268.03M (Peak 268.03M) | Time:00:00.15 | Mem:0.00M, Peak:0.00M | Scene, ViewLayer | Synchronizing object | Marine_service_roof_1_2
Fra:1 Mem:267.99M (Peak 268.03M) | Time:00:00.15 | Mem:0.00M, Peak:0.00M | Scene, ViewLayer | Synchronizing object | Marine_service_roof_-1_3
Fra:1 Mem:267.99M (Peak 268.03M) | Time:00:00.15 | Mem:0.00M, Peak:0.00M | Scene, ViewLayer | Synchronizing object | Marine_service_roof_1_4
Fra:1 Mem:267.99M (Peak 268.03M) | Time:00:00.15 | Mem:0.00M, Peak:0.00M | Scene, ViewLayer | Synchronizing object | Marine_service_roof_1_5
Fra:1 Mem:267.99M (Peak 268.03M) | Time:00:00.15 | Mem:0.00M, Peak:0.00M | Scene, ViewLayer | Synchronizing object | Marine_service_door_recess_-1
Fra:1 Mem:267.99M (Peak 268.03M) | Time:00:00.15 | Mem:0.00M, Peak:0.00M | Scene, ViewLayer | Synchronizing object | Marine_service_roller_door_-1_0
Fra:1 Mem:268.00M (Peak 268.03M) | Time:00:00.15 | Mem:0.00M, Peak:0.00M | Scene, ViewLayer | Synchronizing object | Marine_service_roller_door_-1_2
Fra:1 Mem:268.00M (Peak 268.03M) | Time:00:00.15 | Mem:0.00M, Peak:0.00M | Scene, ViewLayer | Synchronizing object | Marine_service_roller_door_-1_4
Fra:1 Mem:268.00M (Peak 268.03M) | Time:00:00.15 | Mem:0.00M, Peak:0.00M | Scene, ViewLayer | Synchronizing object | Marine_service_roller_door_-1_5
Fra:1 Mem:268.00M (Peak 268.03M) | Time:00:00.15 | Mem:0.00M, Peak:0.00M | Scene, ViewLayer | Synchronizing object | Marine_service_roller_door_-1_8
Fra:1 Mem:268.01M (Peak 268.03M) | Time:00:00.15 | Mem:0.00M, Peak:0.00M | Scene, ViewLayer | Synchronizing object | Marine_service_door_header_-1
Fra:1 Mem:268.01M (Peak 268.03M) | Time:00:00.15 | Mem:0.00M, Peak:0.00M | Scene, ViewLayer | Synchronizing object | Marine_service_gable_1
Fra:1 Mem:268.01M (Peak 268.03M) | Time:00:00.15 | Mem:0.00M, Peak:0.00M | Scene, ViewLayer | Synchronizing object | Marine_service_door_recess_1
Fra:1 Mem:268.01M (Peak 268.03M) | Time:00:00.15 | Mem:0.00M, Peak:0.00M | Scene, ViewLayer | Synchronizing object | Marine_service_roller_door_1_0
Fra:1 Mem:268.01M (Peak 268.03M) | Time:00:00.15 | Mem:0.00M, Peak:0.00M | Scene, ViewLayer | Synchronizing object | Marine_service_roller_door_1_2
Fra:1 Mem:268.01M (Peak 268.03M) | Time:00:00.15 | Mem:0.00M, Peak:0.00M | Scene, ViewLayer | Synchronizing object | Marine_service_roller_door_1_4
Fra:1 Mem:268.01M (Peak 268.03M) | Time:00:00.15 | Mem:0.00M, Peak:0.00M | Scene, ViewLayer | Synchronizing object | Marine_service_roller_door_1_5
Fra:1 Mem:268.01M (Peak 268.03M) | Time:00:00.15 | Mem:0.00M, Peak:0.00M | Scene, ViewLayer | Synchronizing object | Marine_service_roller_door_1_7
Fra:1 Mem:268.01M (Peak 268.03M) | Time:00:00.15 | Mem:0.00M, Peak:0.00M | Scene, ViewLayer | Synchronizing object | Marine_service_roller_door_1_8
Fra:1 Mem:268.02M (Peak 268.03M) | Time:00:00.15 | Mem:0.00M, Peak:0.00M | Scene, ViewLayer | Synchronizing object | Marine_service_door_header_1
Fra:1 Mem:268.02M (Peak 268.03M) | Time:00:00.15 | Mem:0.00M, Peak:0.00M | Scene, ViewLayer | Synchronizing object | Marine_service_loading_apron
Fra:1 Mem:268.02M (Peak 268.03M) | Time:00:00.15 | Mem:0.00M, Peak:0.00M | Scene, ViewLayer | Synchronizing object | Marine_service_loading_canopy
Fra:1 Mem:268.02M (Peak 268.03M) | Time:00:00.15 | Mem:0.00M, Peak:0.00M | Scene, ViewLayer | Synchronizing object | Marine_service_canopy_post_1
Fra:1 Mem:268.03M (Peak 268.03M) | Time:00:00.15 | Mem:0.00M, Peak:0.00M | Scene, ViewLayer | Synchronizing object | Marine_service_identity
Fra:1 Mem:268.03M (Peak 268.03M) | Time:00:00.15 | Mem:0.00M, Peak:0.00M | Scene, ViewLayer | Synchronizing object | Shakedown_paddock_plinth
Fra:1 Mem:268.03M (Peak 268.03M) | Time:00:00.15 | Mem:0.00M, Peak:0.00M | Scene, ViewLayer | Synchronizing object | Shakedown_paddock_side_panel_-1_0
Fra:1 Mem:268.03M (Peak 268.03M) | Time:00:00.15 | Mem:0.00M, Peak:0.00M | Scene, ViewLayer | Synchronizing object | Shakedown_paddock_clerestory_-1_0
Fra:1 Mem:268.03M (Peak 268.03M) | Time:00:00.15 | Mem:0.00M, Peak:0.00M | Scene, ViewLayer | Synchronizing object | Shakedown_paddock_clerestory_-1_1
Fra:1 Mem:268.03M (Peak 268.03M) | Time:00:00.15 | Mem:0.00M, Peak:0.00M | Scene, ViewLayer | Synchronizing object | Shakedown_paddock_side_panel_-1_2
Fra:1 Mem:268.03M (Peak 268.03M) | Time:00:00.15 | Mem:0.00M, Peak:0.00M | Scene, ViewLayer | Synchronizing object | Shakedown_paddock_side_panel_-1_3
Fra:1 Mem:268.04M (Peak 268.04M) | Time:00:00.15 | Mem:0.00M, Peak:0.00M | Scene, ViewLayer | Synchronizing object | Shakedown_paddock_side_panel_-1_4
Fra:1 Mem:268.04M (Peak 268.04M) | Time:00:00.15 | Mem:0.00M, Peak:0.00M | Scene, ViewLayer | Synchronizing object | Shakedown_paddock_clerestory_-1_4
Fra:1 Mem:268.04M (Peak 268.04M) | Time:00:00.15 | Mem:0.00M, Peak:0.00M | Scene, ViewLayer | Synchronizing object | Shakedown_paddock_column_-1_0
Fra:1 Mem:268.04M (Peak 268.04M) | Time:00:00.15 | Mem:0.00M, Peak:0.00M | Scene, ViewLayer | Synchronizing object | Shakedown_paddock_column_-1_12
Fra:1 Mem:268.04M (Peak 268.04M) | Time:00:00.15 | Mem:0.00M, Peak:0.00M | Scene, ViewLayer | Synchronizing object | Shakedown_paddock_column_-1_18
Fra:1 Mem:268.05M (Peak 268.05M) | Time:00:00.15 | Mem:0.00M, Peak:0.00M | Scene, ViewLayer | Synchronizing object | Shakedown_paddock_column_-1_24
Fra:1 Mem:268.05M (Peak 268.05M) | Time:00:00.15 | Mem:0.00M, Peak:0.00M | Scene, ViewLayer | Synchronizing object | Shakedown_paddock_clerestory_1_0
Fra:1 Mem:268.11M (Peak 268.11M) | Time:00:00.15 | Mem:0.00M, Peak:0.00M | Scene, ViewLayer | Synchronizing object | Shakedown_paddock_side_panel_1_1
Fra:1 Mem:268.22M (Peak 268.22M) | Time:00:00.15 | Mem:0.00M, Peak:0.00M | Scene, ViewLayer | Synchronizing object | Shakedown_paddock_side_panel_1_2
Fra:1 Mem:268.22M (Peak 268.22M) | Time:00:00.15 | Mem:0.00M, Peak:0.00M | Scene, ViewLayer | Synchronizing object | Shakedown_paddock_clerestory_1_2
Fra:1 Mem:268.22M (Peak 268.22M) | Time:00:00.15 | Mem:0.00M, Peak:0.00M | Scene, ViewLayer | Synchronizing object | Shakedown_paddock_side_panel_1_3
Fra:1 Mem:268.22M (Peak 268.22M) | Time:00:00.15 | Mem:0.00M, Peak:0.00M | Scene, ViewLayer | Synchronizing object | Shakedown_paddock_side_panel_1_4
Fra:1 Mem:268.22M (Peak 268.22M) | Time:00:00.15 | Mem:0.00M, Peak:0.00M | Scene, ViewLayer | Synchronizing object | Shakedown_paddock_column_1_0
Fra:1 Mem:268.22M (Peak 268.22M) | Time:00:00.15 | Mem:0.00M, Peak:0.00M | Scene, ViewLayer | Synchronizing object | Shakedown_paddock_column_1_6
Fra:1 Mem:268.23M (Peak 268.23M) | Time:00:00.15 | Mem:0.00M, Peak:0.00M | Scene, ViewLayer | Synchronizing object | Shakedown_paddock_column_1_18
Fra:1 Mem:268.23M (Peak 268.23M) | Time:00:00.15 | Mem:0.00M, Peak:0.00M | Scene, ViewLayer | Synchronizing object | Shakedown_paddock_column_1_24
Fra:1 Mem:268.24M (Peak 268.24M) | Time:00:00.15 | Mem:0.00M, Peak:0.00M | Scene, ViewLayer | Synchronizing object | Shakedown_paddock_roof_-1_0
Fra:1 Mem:268.24M (Peak 268.24M) | Time:00:00.15 | Mem:0.00M, Peak:0.00M | Scene, ViewLayer | Synchronizing object | Shakedown_paddock_roof_-1_1
Fra:1 Mem:268.24M (Peak 268.24M) | Time:00:00.15 | Mem:0.00M, Peak:0.00M | Scene, ViewLayer | Synchronizing object | Shakedown_paddock_roof_1_1
Fra:1 Mem:268.24M (Peak 268.24M) | Time:00:00.15 | Mem:0.00M, Peak:0.00M | Scene, ViewLayer | Synchronizing object | Shakedown_paddock_roof_-1_2
Fra:1 Mem:268.24M (Peak 268.24M) | Time:00:00.15 | Mem:0.00M, Peak:0.00M | Scene, ViewLayer | Synchronizing object | Shakedown_paddock_roof_-1_3
Fra:1 Mem:268.24M (Peak 268.24M) | Time:00:00.15 | Mem:0.00M, Peak:0.00M | Scene, ViewLayer | Synchronizing object | Shakedown_paddock_roof_1_3
Fra:1 Mem:268.24M (Peak 268.24M) | Time:00:00.15 | Mem:0.00M, Peak:0.00M | Scene, ViewLayer | Synchronizing object | Shakedown_paddock_gable_-1
Fra:1 Mem:268.25M (Peak 268.25M) | Time:00:00.15 | Mem:0.00M, Peak:0.00M | Scene, ViewLayer | Synchronizing object | Shakedown_paddock_door_recess_-1
Fra:1 Mem:268.25M (Peak 268.25M) | Time:00:00.15 | Mem:0.00M, Peak:0.00M | Scene, ViewLayer | Synchronizing object | Shakedown_paddock_roller_door_-1_0
Fra:1 Mem:268.25M (Peak 268.25M) | Time:00:00.15 | Mem:0.00M, Peak:0.00M | Scene, ViewLayer | Synchronizing object | Shakedown_paddock_roller_door_-1_3
Fra:1 Mem:268.25M (Peak 268.25M) | Time:00:00.15 | Mem:0.00M, Peak:0.00M | Scene, ViewLayer | Synchronizing object | Shakedown_paddock_roller_door_-1_4
Fra:1 Mem:268.25M (Peak 268.25M) | Time:00:00.15 | Mem:0.00M, Peak:0.00M | Scene, ViewLayer | Synchronizing object | Shakedown_paddock_roller_door_-1_5
Fra:1 Mem:268.25M (Peak 268.26M) | Time:00:00.15 | Mem:0.00M, Peak:0.00M | Scene, ViewLayer | Synchronizing object | Shakedown_paddock_roller_door_-1_6
Fra:1 Mem:268.26M (Peak 268.26M) | Time:00:00.15 | Mem:0.00M, Peak:0.00M | Scene, ViewLayer | Synchronizing object | Shakedown_paddock_roller_door_-1_7
Fra:1 Mem:268.26M (Peak 268.26M) | Time:00:00.15 | Mem:0.00M, Peak:0.00M | Scene, ViewLayer | Synchronizing object | Shakedown_paddock_door_header_-1
Fra:1 Mem:268.26M (Peak 268.26M) | Time:00:00.15 | Mem:0.00M, Peak:0.00M | Scene, ViewLayer | Synchronizing object | Shakedown_paddock_door_recess_1
Fra:1 Mem:268.26M (Peak 268.26M) | Time:00:00.15 | Mem:0.00M, Peak:0.00M | Scene, ViewLayer | Synchronizing object | Shakedown_paddock_roller_door_1_0
Fra:1 Mem:268.26M (Peak 268.26M) | Time:00:00.15 | Mem:0.00M, Peak:0.00M | Scene, ViewLayer | Synchronizing object | Shakedown_paddock_roller_door_1_1
Fra:1 Mem:268.26M (Peak 268.26M) | Time:00:00.15 | Mem:0.00M, Peak:0.00M | Scene, ViewLayer | Synchronizing object | Shakedown_paddock_roller_door_1_3
Fra:1 Mem:268.26M (Peak 268.26M) | Time:00:00.15 | Mem:0.00M, Peak:0.00M | Scene, ViewLayer | Synchronizing object | Shakedown_paddock_roller_door_1_4
Fra:1 Mem:268.27M (Peak 268.27M) | Time:00:00.15 | Mem:0.00M, Peak:0.00M | Scene, ViewLayer | Synchronizing object | Shakedown_paddock_roller_door_1_5
Fra:1 Mem:268.27M (Peak 268.27M) | Time:00:00.15 | Mem:0.00M, Peak:0.00M | Scene, ViewLayer | Synchronizing object | Shakedown_paddock_roller_door_1_6
Fra:1 Mem:268.27M (Peak 268.27M) | Time:00:00.15 | Mem:0.00M, Peak:0.00M | Scene, ViewLayer | Synchronizing object | Shakedown_paddock_roller_door_1_7
Fra:1 Mem:268.27M (Peak 268.27M) | Time:00:00.15 | Mem:0.00M, Peak:0.00M | Scene, ViewLayer | Synchronizing object | Shakedown_paddock_roller_door_1_8
Fra:1 Mem:268.27M (Peak 268.27M) | Time:00:00.15 | Mem:0.00M, Peak:0.00M | Scene, ViewLayer | Synchronizing object | Shakedown_paddock_door_header_1
Fra:1 Mem:268.27M (Peak 268.27M) | Time:00:00.15 | Mem:0.00M, Peak:0.00M | Scene, ViewLayer | Synchronizing object | Shakedown_paddock_loading_apron
Fra:1 Mem:268.27M (Peak 268.27M) | Time:00:00.15 | Mem:0.00M, Peak:0.00M | Scene, ViewLayer | Synchronizing object | Shakedown_paddock_identity
Fra:1 Mem:268.28M (Peak 268.28M) | Time:00:00.15 | Mem:0.00M, Peak:0.00M | Scene, ViewLayer | Synchronizing object | Cold_storage_body
Fra:1 Mem:268.28M (Peak 268.28M) | Time:00:00.15 | Mem:0.00M, Peak:0.00M | Scene, ViewLayer | Synchronizing object | Cold_storage_plinth
Fra:1 Mem:268.28M (Peak 268.28M) | Time:00:00.15 | Mem:0.00M, Peak:0.00M | Scene, ViewLayer | Synchronizing object | Cold_storage_clerestory_-1_0
Fra:1 Mem:268.28M (Peak 268.28M) | Time:00:00.15 | Mem:0.00M, Peak:0.00M | Scene, ViewLayer | Synchronizing object | Cold_storage_side_panel_-1_1
Fra:1 Mem:268.28M (Peak 268.28M) | Time:00:00.15 | Mem:0.00M, Peak:0.00M | Scene, ViewLayer | Synchronizing object | Cold_storage_side_panel_-1_2
Fra:1 Mem:268.28M (Peak 268.28M) | Time:00:00.15 | Mem:0.00M, Peak:0.00M | Scene, ViewLayer | Synchronizing object | Cold_storage_clerestory_-1_2
Fra:1 Mem:268.28M (Peak 268.28M) | Time:00:00.15 | Mem:0.00M, Peak:0.00M | Scene, ViewLayer | Synchronizing object | Cold_storage_side_panel_-1_3
Fra:1 Mem:268.28M (Peak 268.28M) | Time:00:00.15 | Mem:0.00M, Peak:0.00M | Scene, ViewLayer | Synchronizing object | Cold_storage_clerestory_-1_3
Fra:1 Mem:268.28M (Peak 268.28M) | Time:00:00.15 | Mem:0.00M, Peak:0.00M | Scene, ViewLayer | Synchronizing object | Cold_storage_clerestory_-1_4
Fra:1 Mem:268.29M (Peak 268.29M) | Time:00:00.15 | Mem:0.00M, Peak:0.00M | Scene, ViewLayer | Synchronizing object | Cold_storage_side_panel_-1_5
Fra:1 Mem:268.29M (Peak 268.29M) | Time:00:00.15 | Mem:0.00M, Peak:0.00M | Scene, ViewLayer | Synchronizing object | Cold_storage_clerestory_-1_5
Fra:1 Mem:268.29M (Peak 268.29M) | Time:00:00.15 | Mem:0.00M, Peak:0.00M | Scene, ViewLayer | Synchronizing object | Cold_storage_clerestory_-1_7
Fra:1 Mem:268.30M (Peak 268.30M) | Time:00:00.15 | Mem:0.00M, Peak:0.00M | Scene, ViewLayer | Synchronizing object | Cold_storage_side_panel_-1_8
Fra:1 Mem:268.30M (Peak 268.30M) | Time:00:00.15 | Mem:0.00M, Peak:0.00M | Scene, ViewLayer | Synchronizing object | Cold_storage_column_-1_0
Fra:1 Mem:268.39M (Peak 268.39M) | Time:00:00.15 | Mem:0.00M, Peak:0.00M | Scene, ViewLayer | Synchronizing object | Cold_storage_column_-1_6
Fra:1 Mem:268.44M (Peak 268.44M) | Time:00:00.15 | Mem:0.00M, Peak:0.00M | Scene, ViewLayer | Synchronizing object | Cold_storage_column_-1_18
Fra:1 Mem:268.48M (Peak 268.48M) | Time:00:00.15 | Mem:0.00M, Peak:0.00M | Scene, ViewLayer | Synchronizing object | Cold_storage_column_-1_24
Fra:1 Mem:268.48M (Peak 268.48M) | Time:00:00.15 | Mem:0.00M, Peak:0.00M | Scene, ViewLayer | Synchronizing object | Cold_storage_column_-1_30
Fra:1 Mem:268.49M (Peak 268.49M) | Time:00:00.15 | Mem:0.00M, Peak:0.00M | Scene, ViewLayer | Synchronizing object | Cold_storage_column_-1_36
Fra:1 Mem:268.55M (Peak 268.55M) | Time:00:00.15 | Mem:0.00M, Peak:0.00M | Scene, ViewLayer | Synchronizing object | Cold_storage_column_-1_42
Fra:1 Mem:268.62M (Peak 268.62M) | Time:00:00.15 | Mem:0.00M, Peak:0.00M | Scene, ViewLayer | Synchronizing object | Cold_storage_column_-1_48
Fra:1 Mem:268.56M (Peak 268.62M) | Time:00:00.15 | Mem:0.00M, Peak:0.00M | Scene, ViewLayer | Synchronizing object | Cold_storage_column_-1_54
Fra:1 Mem:268.56M (Peak 268.62M) | Time:00:00.15 | Mem:0.00M, Peak:0.00M | Scene, ViewLayer | Synchronizing object | Cold_storage_side_panel_1_2
Fra:1 Mem:268.56M (Peak 268.62M) | Time:00:00.15 | Mem:0.00M, Peak:0.00M | Scene, ViewLayer | Synchronizing object | Cold_storage_side_panel_1_3
Fra:1 Mem:268.57M (Peak 268.62M) | Time:00:00.15 | Mem:0.00M, Peak:0.00M | Scene, ViewLayer | Synchronizing object | Cold_storage_clerestory_1_3
Fra:1 Mem:268.57M (Peak 268.62M) | Time:00:00.15 | Mem:0.00M, Peak:0.00M | Scene, ViewLayer | Synchronizing object | Cold_storage_side_panel_1_4
Fra:1 Mem:268.57M (Peak 268.62M) | Time:00:00.15 | Mem:0.00M, Peak:0.00M | Scene, ViewLayer | Synchronizing object | Cold_storage_side_panel_1_5
Fra:1 Mem:268.57M (Peak 268.62M) | Time:00:00.15 | Mem:0.00M, Peak:0.00M | Scene, ViewLayer | Synchronizing object | Cold_storage_clerestory_1_5
Fra:1 Mem:268.57M (Peak 268.62M) | Time:00:00.15 | Mem:0.00M, Peak:0.00M | Scene, ViewLayer | Synchronizing object | Cold_storage_side_panel_1_6
Fra:1 Mem:268.57M (Peak 268.62M) | Time:00:00.15 | Mem:0.00M, Peak:0.00M | Scene, ViewLayer | Synchronizing object | Cold_storage_clerestory_1_6
Fra:1 Mem:268.57M (Peak 268.62M) | Time:00:00.15 | Mem:0.00M, Peak:0.00M | Scene, ViewLayer | Synchronizing object | Cold_storage_side_panel_1_7
Fra:1 Mem:268.58M (Peak 268.62M) | Time:00:00.15 | Mem:0.00M, Peak:0.00M | Scene, ViewLayer | Synchronizing object | Cold_storage_side_panel_1_8
Fra:1 Mem:268.58M (Peak 268.62M) | Time:00:00.15 | Mem:0.00M, Peak:0.00M | Scene, ViewLayer | Synchronizing object | Cold_storage_clerestory_1_8
Fra:1 Mem:268.58M (Peak 268.62M) | Time:00:00.15 | Mem:0.00M, Peak:0.00M | Scene, ViewLayer | Synchronizing object | Cold_storage_column_1_0
Fra:1 Mem:268.58M (Peak 268.62M) | Time:00:00.15 | Mem:0.00M, Peak:0.00M | Scene, ViewLayer | Synchronizing object | Cold_storage_column_1_6
Fra:1 Mem:268.58M (Peak 268.62M) | Time:00:00.15 | Mem:0.00M, Peak:0.00M | Scene, ViewLayer | Synchronizing object | Cold_storage_column_1_12
Fra:1 Mem:268.58M (Peak 268.62M) | Time:00:00.15 | Mem:0.00M, Peak:0.00M | Scene, ViewLayer | Synchronizing object | Cold_storage_column_1_18
Fra:1 Mem:268.59M (Peak 268.62M) | Time:00:00.15 | Mem:0.00M, Peak:0.00M | Scene, ViewLayer | Synchronizing object | Cold_storage_column_1_30
Fra:1 Mem:268.59M (Peak 268.62M) | Time:00:00.15 | Mem:0.00M, Peak:0.00M | Scene, ViewLayer | Synchronizing object | Cold_storage_column_1_42
Fra:1 Mem:268.59M (Peak 268.62M) | Time:00:00.15 | Mem:0.00M, Peak:0.00M | Scene, ViewLayer | Synchronizing object | Cold_storage_column_1_48
Fra:1 Mem:268.59M (Peak 268.62M) | Time:00:00.15 | Mem:0.00M, Peak:0.00M | Scene, ViewLayer | Synchronizing object | Cold_storage_roof_-1_0
Fra:1 Mem:268.60M (Peak 268.62M) | Time:00:00.15 | Mem:0.00M, Peak:0.00M | Scene, ViewLayer | Synchronizing object | Cold_storage_roof_-1_1
Fra:1 Mem:268.60M (Peak 268.62M) | Time:00:00.15 | Mem:0.00M, Peak:0.00M | Scene, ViewLayer | Synchronizing object | Cold_storage_roof_1_1
Fra:1 Mem:268.60M (Peak 268.62M) | Time:00:00.15 | Mem:0.00M, Peak:0.00M | Scene, ViewLayer | Synchronizing object | Cold_storage_roof_-1_2
Fra:1 Mem:268.60M (Peak 268.62M) | Time:00:00.15 | Mem:0.00M, Peak:0.00M | Scene, ViewLayer | Synchronizing object | Cold_storage_roof_1_3
Fra:1 Mem:268.60M (Peak 268.62M) | Time:00:00.15 | Mem:0.00M, Peak:0.00M | Scene, ViewLayer | Synchronizing object | Cold_storage_roof_1_4
Fra:1 Mem:268.60M (Peak 268.62M) | Time:00:00.15 | Mem:0.00M, Peak:0.00M | Scene, ViewLayer | Synchronizing object | Cold_storage_roof_-1_5
Fra:1 Mem:268.60M (Peak 268.62M) | Time:00:00.15 | Mem:0.00M, Peak:0.00M | Scene, ViewLayer | Synchronizing object | Cold_storage_roof_-1_6
Fra:1 Mem:268.61M (Peak 268.62M) | Time:00:00.15 | Mem:0.00M, Peak:0.00M | Scene, ViewLayer | Synchronizing object | Cold_storage_roof_-1_7
Fra:1 Mem:268.61M (Peak 268.62M) | Time:00:00.15 | Mem:0.00M, Peak:0.00M | Scene, ViewLayer | Synchronizing object | Cold_storage_roof_-1_8
Fra:1 Mem:268.61M (Peak 268.62M) | Time:00:00.15 | Mem:0.00M, Peak:0.00M | Scene, ViewLayer | Synchronizing object | Cold_storage_gable_-1
Fra:1 Mem:268.61M (Peak 268.62M) | Time:00:00.15 | Mem:0.00M, Peak:0.00M | Scene, ViewLayer | Synchronizing object | Cold_storage_roller_door_-1_0
Fra:1 Mem:268.61M (Peak 268.62M) | Time:00:00.15 | Mem:0.00M, Peak:0.00M | Scene, ViewLayer | Synchronizing object | Cold_storage_roller_door_-1_1
Fra:1 Mem:268.61M (Peak 268.62M) | Time:00:00.15 | Mem:0.00M, Peak:0.00M | Scene, ViewLayer | Synchronizing object | Cold_storage_roller_door_-1_2
Fra:1 Mem:268.62M (Peak 268.62M) | Time:00:00.15 | Mem:0.00M, Peak:0.00M | Scene, ViewLayer | Synchronizing object | Cold_storage_roller_door_-1_4
Fra:1 Mem:268.62M (Peak 268.62M) | Time:00:00.15 | Mem:0.00M, Peak:0.00M | Scene, ViewLayer | Synchronizing object | Cold_storage_roller_door_-1_5
Fra:1 Mem:268.62M (Peak 268.62M) | Time:00:00.15 | Mem:0.00M, Peak:0.00M | Scene, ViewLayer | Synchronizing object | Cold_storage_roller_door_-1_6
Fra:1 Mem:268.62M (Peak 268.62M) | Time:00:00.15 | Mem:0.00M, Peak:0.00M | Scene, ViewLayer | Synchronizing object | Cold_storage_roller_door_-1_7
Fra:1 Mem:268.62M (Peak 268.62M) | Time:00:00.15 | Mem:0.00M, Peak:0.00M | Scene, ViewLayer | Synchronizing object | Cold_storage_roller_door_-1_8
Fra:1 Mem:268.62M (Peak 268.62M) | Time:00:00.15 | Mem:0.00M, Peak:0.00M | Scene, ViewLayer | Synchronizing object | Cold_storage_gable_1
Fra:1 Mem:268.62M (Peak 268.62M) | Time:00:00.15 | Mem:0.00M, Peak:0.00M | Scene, ViewLayer | Synchronizing object | Cold_storage_door_recess_1
Fra:1 Mem:268.62M (Peak 268.62M) | Time:00:00.15 | Mem:0.00M, Peak:0.00M | Scene, ViewLayer | Synchronizing object | Cold_storage_roller_door_1_0
Fra:1 Mem:268.62M (Peak 268.62M) | Time:00:00.15 | Mem:0.00M, Peak:0.00M | Scene, ViewLayer | Synchronizing object | Cold_storage_roller_door_1_1
Fra:1 Mem:268.63M (Peak 268.63M) | Time:00:00.15 | Mem:0.00M, Peak:0.00M | Scene, ViewLayer | Synchronizing object | Cold_storage_roller_door_1_4
Fra:1 Mem:268.63M (Peak 268.63M) | Time:00:00.15 | Mem:0.00M, Peak:0.00M | Scene, ViewLayer | Synchronizing object | Cold_storage_roller_door_1_5
Fra:1 Mem:268.63M (Peak 268.63M) | Time:00:00.15 | Mem:0.00M, Peak:0.00M | Scene, ViewLayer | Synchronizing object | Cold_storage_roller_door_1_6
Fra:1 Mem:268.63M (Peak 268.63M) | Time:00:00.15 | Mem:0.00M, Peak:0.00M | Scene, ViewLayer | Synchronizing object | Cold_storage_roller_door_1_8
Fra:1 Mem:268.63M (Peak 268.63M) | Time:00:00.15 | Mem:0.00M, Peak:0.00M | Scene, ViewLayer | Synchronizing object | Cold_storage_door_header_1
Fra:1 Mem:268.63M (Peak 268.63M) | Time:00:00.15 | Mem:0.00M, Peak:0.00M | Scene, ViewLayer | Synchronizing object | Cold_storage_canopy_post_-1
Fra:1 Mem:268.64M (Peak 268.64M) | Time:00:00.15 | Mem:0.00M, Peak:0.00M | Scene, ViewLayer | Synchronizing object | Cold_storage_canopy_post_1
Fra:1 Mem:268.64M (Peak 268.64M) | Time:00:00.15 | Mem:0.00M, Peak:0.00M | Scene, ViewLayer | Synchronizing object | Cold_storage_identity
Fra:1 Mem:268.64M (Peak 268.64M) | Time:00:00.15 | Mem:0.00M, Peak:0.00M | Scene, ViewLayer | Synchronizing object | Dock_supply_plinth
Fra:1 Mem:268.73M (Peak 268.73M) | Time:00:00.15 | Mem:0.00M, Peak:0.00M | Scene, ViewLayer | Synchronizing object | Dock_supply_side_panel_-1_0
Fra:1 Mem:268.77M (Peak 268.77M) | Time:00:00.15 | Mem:0.00M, Peak:0.00M | Scene, ViewLayer | Synchronizing object | Dock_supply_clerestory_-1_0
Fra:1 Mem:268.82M (Peak 268.82M) | Time:00:00.15 | Mem:0.00M, Peak:0.00M | Scene, ViewLayer | Synchronizing object | Dock_supply_side_panel_-1_1
Fra:1 Mem:268.82M (Peak 268.82M) | Time:00:00.15 | Mem:0.00M, Peak:0.00M | Scene, ViewLayer | Synchronizing object | Dock_supply_side_panel_-1_2
Fra:1 Mem:268.82M (Peak 268.82M) | Time:00:00.15 | Mem:0.00M, Peak:0.00M | Scene, ViewLayer | Synchronizing object | Dock_supply_clerestory_-1_2
Fra:1 Mem:268.89M (Peak 268.89M) | Time:00:00.15 | Mem:0.00M, Peak:0.00M | Scene, ViewLayer | Synchronizing object | Dock_supply_side_panel_-1_4
Fra:1 Mem:268.93M (Peak 268.93M) | Time:00:00.15 | Mem:0.00M, Peak:0.00M | Scene, ViewLayer | Synchronizing object | Dock_supply_clerestory_-1_4
Fra:1 Mem:268.89M (Peak 268.93M) | Time:00:00.15 | Mem:0.00M, Peak:0.00M | Scene, ViewLayer | Synchronizing object | Dock_supply_side_panel_-1_5
Fra:1 Mem:268.89M (Peak 268.93M) | Time:00:00.15 | Mem:0.00M, Peak:0.00M | Scene, ViewLayer | Synchronizing object | Dock_supply_clerestory_-1_5
Fra:1 Mem:268.89M (Peak 268.93M) | Time:00:00.15 | Mem:0.00M, Peak:0.00M | Scene, ViewLayer | Synchronizing object | Dock_supply_side_panel_-1_6
Fra:1 Mem:268.89M (Peak 268.93M) | Time:00:00.15 | Mem:0.00M, Peak:0.00M | Scene, ViewLayer | Synchronizing object | Dock_supply_column_-1_6
Fra:1 Mem:268.89M (Peak 268.93M) | Time:00:00.15 | Mem:0.00M, Peak:0.00M | Scene, ViewLayer | Synchronizing object | Dock_supply_column_-1_24
Fra:1 Mem:268.90M (Peak 268.93M) | Time:00:00.15 | Mem:0.00M, Peak:0.00M | Scene, ViewLayer | Synchronizing object | Dock_supply_column_-1_36
Fra:1 Mem:268.90M (Peak 268.93M) | Time:00:00.15 | Mem:0.00M, Peak:0.00M | Scene, ViewLayer | Synchronizing object | Dock_supply_side_panel_1_0
Fra:1 Mem:268.90M (Peak 268.93M) | Time:00:00.15 | Mem:0.00M, Peak:0.00M | Scene, ViewLayer | Synchronizing object | Dock_supply_clerestory_1_0
Fra:1 Mem:268.90M (Peak 268.93M) | Time:00:00.15 | Mem:0.00M, Peak:0.00M | Scene, ViewLayer | Synchronizing object | Dock_supply_side_panel_1_1
Fra:1 Mem:268.90M (Peak 268.93M) | Time:00:00.15 | Mem:0.00M, Peak:0.00M | Scene, ViewLayer | Synchronizing object | Dock_supply_clerestory_1_1
Fra:1 Mem:268.90M (Peak 268.93M) | Time:00:00.15 | Mem:0.00M, Peak:0.00M | Scene, ViewLayer | Synchronizing object | Dock_supply_side_panel_1_2
Fra:1 Mem:268.91M (Peak 268.93M) | Time:00:00.15 | Mem:0.00M, Peak:0.00M | Scene, ViewLayer | Synchronizing object | Dock_supply_side_panel_1_3
Fra:1 Mem:268.91M (Peak 268.93M) | Time:00:00.15 | Mem:0.00M, Peak:0.00M | Scene, ViewLayer | Synchronizing object | Dock_supply_clerestory_1_3
Fra:1 Mem:268.91M (Peak 268.93M) | Time:00:00.15 | Mem:0.00M, Peak:0.00M | Scene, ViewLayer | Synchronizing object | Dock_supply_side_panel_1_4
Fra:1 Mem:268.91M (Peak 268.93M) | Time:00:00.15 | Mem:0.00M, Peak:0.00M | Scene, ViewLayer | Synchronizing object | Dock_supply_clerestory_1_4
Fra:1 Mem:268.91M (Peak 268.93M) | Time:00:00.15 | Mem:0.00M, Peak:0.00M | Scene, ViewLayer | Synchronizing object | Dock_supply_clerestory_1_5
Fra:1 Mem:268.91M (Peak 268.93M) | Time:00:00.15 | Mem:0.00M, Peak:0.00M | Scene, ViewLayer | Synchronizing object | Dock_supply_side_panel_1_6
Fra:1 Mem:268.91M (Peak 268.93M) | Time:00:00.15 | Mem:0.00M, Peak:0.00M | Scene, ViewLayer | Synchronizing object | Dock_supply_clerestory_1_6
Fra:1 Mem:268.92M (Peak 268.93M) | Time:00:00.15 | Mem:0.00M, Peak:0.00M | Scene, ViewLayer | Synchronizing object | Dock_supply_column_1_6
Fra:1 Mem:268.92M (Peak 268.93M) | Time:00:00.15 | Mem:0.00M, Peak:0.00M | Scene, ViewLayer | Synchronizing object | Dock_supply_column_1_12
Fra:1 Mem:268.92M (Peak 268.93M) | Time:00:00.15 | Mem:0.00M, Peak:0.00M | Scene, ViewLayer | Synchronizing object | Dock_supply_column_1_18
Fra:1 Mem:268.92M (Peak 268.93M) | Time:00:00.15 | Mem:0.00M, Peak:0.00M | Scene, ViewLayer | Synchronizing object | Dock_supply_column_1_24
Fra:1 Mem:268.92M (Peak 268.93M) | Time:00:00.15 | Mem:0.00M, Peak:0.00M | Scene, ViewLayer | Synchronizing object | Dock_supply_column_1_30
Fra:1 Mem:268.93M (Peak 268.93M) | Time:00:00.15 | Mem:0.00M, Peak:0.00M | Scene, ViewLayer | Synchronizing object | Dock_supply_roof_-1_0
Fra:1 Mem:268.93M (Peak 268.93M) | Time:00:00.15 | Mem:0.00M, Peak:0.00M | Scene, ViewLayer | Synchronizing object | Dock_supply_roof_-1_1
Fra:1 Mem:268.93M (Peak 268.93M) | Time:00:00.15 | Mem:0.00M, Peak:0.00M | Scene, ViewLayer | Synchronizing object | Dock_supply_roof_1_1
Fra:1 Mem:268.93M (Peak 268.93M) | Time:00:00.15 | Mem:0.00M, Peak:0.00M | Scene, ViewLayer | Synchronizing object | Dock_supply_roof_1_2
Fra:1 Mem:268.93M (Peak 268.93M) | Time:00:00.15 | Mem:0.00M, Peak:0.00M | Scene, ViewLayer | Synchronizing object | Dock_supply_roof_-1_3
Fra:1 Mem:268.93M (Peak 268.93M) | Time:00:00.15 | Mem:0.00M, Peak:0.00M | Scene, ViewLayer | Synchronizing object | Dock_supply_roof_-1_5
Fra:1 Mem:268.94M (Peak 268.94M) | Time:00:00.15 | Mem:0.00M, Peak:0.00M | Scene, ViewLayer | Synchronizing object | Dock_supply_roof_-1_6
Fra:1 Mem:268.94M (Peak 268.94M) | Time:00:00.15 | Mem:0.00M, Peak:0.00M | Scene, ViewLayer | Synchronizing object | Dock_supply_roof_1_6
Fra:1 Mem:268.94M (Peak 268.94M) | Time:00:00.15 | Mem:0.00M, Peak:0.00M | Scene, ViewLayer | Synchronizing object | Dock_supply_gable_-1
Fra:1 Mem:268.94M (Peak 268.94M) | Time:00:00.15 | Mem:0.00M, Peak:0.00M | Scene, ViewLayer | Synchronizing object | Dock_supply_door_recess_-1
Fra:1 Mem:268.95M (Peak 268.95M) | Time:00:00.15 | Mem:0.00M, Peak:0.00M | Scene, ViewLayer | Synchronizing object | Dock_supply_roller_door_-1_0
Fra:1 Mem:268.95M (Peak 268.95M) | Time:00:00.15 | Mem:0.00M, Peak:0.00M | Scene, ViewLayer | Synchronizing object | Dock_supply_roller_door_-1_3
Fra:1 Mem:268.95M (Peak 268.95M) | Time:00:00.15 | Mem:0.00M, Peak:0.00M | Scene, ViewLayer | Synchronizing object | Dock_supply_roller_door_-1_4
Fra:1 Mem:268.95M (Peak 268.95M) | Time:00:00.15 | Mem:0.00M, Peak:0.00M | Scene, ViewLayer | Synchronizing object | Dock_supply_roller_door_-1_6
Fra:1 Mem:268.95M (Peak 268.95M) | Time:00:00.15 | Mem:0.00M, Peak:0.00M | Scene, ViewLayer | Synchronizing object | Dock_supply_roller_door_-1_7
Fra:1 Mem:268.96M (Peak 268.96M) | Time:00:00.15 | Mem:0.00M, Peak:0.00M | Scene, ViewLayer | Synchronizing object | Dock_supply_door_header_-1
Fra:1 Mem:268.96M (Peak 268.96M) | Time:00:00.15 | Mem:0.00M, Peak:0.00M | Scene, ViewLayer | Synchronizing object | Dock_supply_door_recess_1
Fra:1 Mem:268.96M (Peak 268.96M) | Time:00:00.15 | Mem:0.00M, Peak:0.00M | Scene, ViewLayer | Synchronizing object | Dock_supply_roller_door_1_0
Fra:1 Mem:268.96M (Peak 268.96M) | Time:00:00.15 | Mem:0.00M, Peak:0.00M | Scene, ViewLayer | Synchronizing object | Dock_supply_roller_door_1_1
Fra:1 Mem:268.96M (Peak 268.96M) | Time:00:00.15 | Mem:0.00M, Peak:0.00M | Scene, ViewLayer | Synchronizing object | Dock_supply_roller_door_1_3
Fra:1 Mem:268.96M (Peak 268.96M) | Time:00:00.15 | Mem:0.00M, Peak:0.00M | Scene, ViewLayer | Synchronizing object | Dock_supply_roller_door_1_5
Fra:1 Mem:268.96M (Peak 268.96M) | Time:00:00.15 | Mem:0.00M, Peak:0.00M | Scene, ViewLayer | Synchronizing object | Dock_supply_roller_door_1_7
Fra:1 Mem:268.96M (Peak 268.96M) | Time:00:00.15 | Mem:0.00M, Peak:0.00M | Scene, ViewLayer | Synchronizing object | Dock_supply_roller_door_1_8
Fra:1 Mem:268.97M (Peak 268.97M) | Time:00:00.15 | Mem:0.00M, Peak:0.00M | Scene, ViewLayer | Synchronizing object | Dock_supply_loading_apron
Fra:1 Mem:268.97M (Peak 268.97M) | Time:00:00.15 | Mem:0.00M, Peak:0.00M | Scene, ViewLayer | Synchronizing object | Dock_supply_loading_canopy
Fra:1 Mem:268.97M (Peak 268.97M) | Time:00:00.15 | Mem:0.00M, Peak:0.00M | Scene, ViewLayer | Synchronizing object | Dock_supply_canopy_post_-1
Fra:1 Mem:268.97M (Peak 268.97M) | Time:00:00.15 | Mem:0.00M, Peak:0.00M | Scene, ViewLayer | Synchronizing object | Port_logistics_body
Fra:1 Mem:268.97M (Peak 268.97M) | Time:00:00.15 | Mem:0.00M, Peak:0.00M | Scene, ViewLayer | Synchronizing object | Port_logistics_plinth
Fra:1 Mem:268.97M (Peak 268.97M) | Time:00:00.15 | Mem:0.00M, Peak:0.00M | Scene, ViewLayer | Synchronizing object | Port_logistics_side_panel_-1_0
Fra:1 Mem:268.98M (Peak 268.98M) | Time:00:00.15 | Mem:0.00M, Peak:0.00M | Scene, ViewLayer | Synchronizing object | Port_logistics_side_panel_-1_1
Fra:1 Mem:268.98M (Peak 268.98M) | Time:00:00.15 | Mem:0.00M, Peak:0.00M | Scene, ViewLayer | Synchronizing object | Port_logistics_clerestory_-1_1
Fra:1 Mem:268.98M (Peak 268.98M) | Time:00:00.15 | Mem:0.00M, Peak:0.00M | Scene, ViewLayer | Synchronizing object | Port_logistics_side_panel_-1_2
Fra:1 Mem:268.98M (Peak 268.98M) | Time:00:00.15 | Mem:0.00M, Peak:0.00M | Scene, ViewLayer | Synchronizing object | Port_logistics_clerestory_-1_2
Fra:1 Mem:268.98M (Peak 268.98M) | Time:00:00.15 | Mem:0.00M, Peak:0.00M | Scene, ViewLayer | Synchronizing object | Port_logistics_clerestory_-1_3
Fra:1 Mem:268.98M (Peak 268.98M) | Time:00:00.15 | Mem:0.00M, Peak:0.00M | Scene, ViewLayer | Synchronizing object | Port_logistics_side_panel_-1_4
Fra:1 Mem:268.98M (Peak 268.98M) | Time:00:00.15 | Mem:0.00M, Peak:0.00M | Scene, ViewLayer | Synchronizing object | Port_logistics_clerestory_-1_4
Fra:1 Mem:268.98M (Peak 268.98M) | Time:00:00.15 | Mem:0.00M, Peak:0.00M | Scene, ViewLayer | Synchronizing object | Port_logistics_column_-1_0
Fra:1 Mem:268.98M (Peak 268.98M) | Time:00:00.15 | Mem:0.00M, Peak:0.00M | Scene, ViewLayer | Synchronizing object | Port_logistics_column_-1_6
Fra:1 Mem:268.99M (Peak 268.99M) | Time:00:00.15 | Mem:0.00M, Peak:0.00M | Scene, ViewLayer | Synchronizing object | Port_logistics_column_-1_12
Fra:1 Mem:268.99M (Peak 268.99M) | Time:00:00.15 | Mem:0.00M, Peak:0.00M | Scene, ViewLayer | Synchronizing object | Port_logistics_column_-1_18
Fra:1 Mem:268.99M (Peak 268.99M) | Time:00:00.15 | Mem:0.00M, Peak:0.00M | Scene, ViewLayer | Synchronizing object | Port_logistics_column_-1_30
Fra:1 Mem:268.99M (Peak 268.99M) | Time:00:00.15 | Mem:0.00M, Peak:0.00M | Scene, ViewLayer | Synchronizing object | Port_logistics_side_panel_1_0
Fra:1 Mem:268.99M (Peak 269.00M) | Time:00:00.15 | Mem:0.00M, Peak:0.00M | Scene, ViewLayer | Synchronizing object | Port_logistics_clerestory_1_0
Fra:1 Mem:269.00M (Peak 269.00M) | Time:00:00.15 | Mem:0.00M, Peak:0.00M | Scene, ViewLayer | Synchronizing object | Port_logistics_side_panel_1_1
Fra:1 Mem:269.00M (Peak 269.00M) | Time:00:00.15 | Mem:0.00M, Peak:0.00M | Scene, ViewLayer | Synchronizing object | Port_logistics_side_panel_1_2
Fra:1 Mem:269.00M (Peak 269.00M) | Time:00:00.15 | Mem:0.00M, Peak:0.00M | Scene, ViewLayer | Synchronizing object | Port_logistics_clerestory_1_2
Fra:1 Mem:269.00M (Peak 269.00M) | Time:00:00.15 | Mem:0.00M, Peak:0.00M | Scene, ViewLayer | Synchronizing object | Port_logistics_side_panel_1_3
Fra:1 Mem:269.00M (Peak 269.00M) | Time:00:00.15 | Mem:0.00M, Peak:0.00M | Scene, ViewLayer | Synchronizing object | Port_logistics_clerestory_1_4
Fra:1 Mem:269.01M (Peak 269.01M) | Time:00:00.15 | Mem:0.00M, Peak:0.00M | Scene, ViewLayer | Synchronizing object | Port_logistics_column_1_0
Fra:1 Mem:269.01M (Peak 269.01M) | Time:00:00.15 | Mem:0.00M, Peak:0.00M | Scene, ViewLayer | Synchronizing object | Port_logistics_column_1_6
Fra:1 Mem:269.01M (Peak 269.01M) | Time:00:00.15 | Mem:0.00M, Peak:0.00M | Scene, ViewLayer | Synchronizing object | Port_logistics_column_1_12
Fra:1 Mem:269.01M (Peak 269.01M) | Time:00:00.15 | Mem:0.00M, Peak:0.00M | Scene, ViewLayer | Synchronizing object | Port_logistics_column_1_24
Fra:1 Mem:269.02M (Peak 269.02M) | Time:00:00.15 | Mem:0.00M, Peak:0.00M | Scene, ViewLayer | Synchronizing object | Port_logistics_column_1_30
Fra:1 Mem:269.02M (Peak 269.02M) | Time:00:00.15 | Mem:0.00M, Peak:0.00M | Scene, ViewLayer | Synchronizing object | Port_logistics_roof_-1_0
Fra:1 Mem:269.02M (Peak 269.02M) | Time:00:00.15 | Mem:0.00M, Peak:0.00M | Scene, ViewLayer | Synchronizing object | Port_logistics_roof_1_0
Fra:1 Mem:269.03M (Peak 269.03M) | Time:00:00.15 | Mem:0.00M, Peak:0.00M | Scene, ViewLayer | Synchronizing object | Port_logistics_roof_-1_1
Fra:1 Mem:269.04M (Peak 269.04M) | Time:00:00.15 | Mem:0.00M, Peak:0.00M | Scene, ViewLayer | Synchronizing object | Port_logistics_roof_1_1
Fra:1 Mem:269.04M (Peak 269.04M) | Time:00:00.15 | Mem:0.00M, Peak:0.00M | Scene, ViewLayer | Synchronizing object | Port_logistics_roof_-1_2
Fra:1 Mem:269.04M (Peak 269.04M) | Time:00:00.15 | Mem:0.00M, Peak:0.00M | Scene, ViewLayer | Synchronizing object | Port_logistics_roof_1_2
Fra:1 Mem:269.04M (Peak 269.04M) | Time:00:00.15 | Mem:0.00M, Peak:0.00M | Scene, ViewLayer | Synchronizing object | Port_logistics_roof_-1_4
Fra:1 Mem:269.04M (Peak 269.04M) | Time:00:00.15 | Mem:0.00M, Peak:0.00M | Scene, ViewLayer | Synchronizing object | Port_logistics_roof_1_4
Fra:1 Mem:269.04M (Peak 269.04M) | Time:00:00.15 | Mem:0.00M, Peak:0.00M | Scene, ViewLayer | Synchronizing object | Port_logistics_gable_-1
Fra:1 Mem:269.05M (Peak 269.05M) | Time:00:00.15 | Mem:0.00M, Peak:0.00M | Scene, ViewLayer | Synchronizing object | Port_logistics_door_recess_-1
Fra:1 Mem:269.05M (Peak 269.05M) | Time:00:00.15 | Mem:0.00M, Peak:0.00M | Scene, ViewLayer | Synchronizing object | Port_logistics_roller_door_-1_0
Fra:1 Mem:269.05M (Peak 269.05M) | Time:00:00.15 | Mem:0.00M, Peak:0.00M | Scene, ViewLayer | Synchronizing object | Port_logistics_roller_door_-1_2
Fra:1 Mem:269.05M (Peak 269.05M) | Time:00:00.15 | Mem:0.00M, Peak:0.00M | Scene, ViewLayer | Synchronizing object | Port_logistics_roller_door_-1_3
Fra:1 Mem:269.05M (Peak 269.05M) | Time:00:00.15 | Mem:0.00M, Peak:0.00M | Scene, ViewLayer | Synchronizing object | Port_logistics_roller_door_-1_4
Fra:1 Mem:269.05M (Peak 269.05M) | Time:00:00.15 | Mem:0.00M, Peak:0.00M | Scene, ViewLayer | Synchronizing object | Port_logistics_roller_door_-1_6
Fra:1 Mem:269.06M (Peak 269.06M) | Time:00:00.15 | Mem:0.00M, Peak:0.00M | Scene, ViewLayer | Synchronizing object | Port_logistics_roller_door_-1_7
Fra:1 Mem:269.06M (Peak 269.06M) | Time:00:00.15 | Mem:0.00M, Peak:0.00M | Scene, ViewLayer | Synchronizing object | Port_logistics_door_header_-1
Fra:1 Mem:269.06M (Peak 269.06M) | Time:00:00.15 | Mem:0.00M, Peak:0.00M | Scene, ViewLayer | Synchronizing object | Port_logistics_gable_1
Fra:1 Mem:269.06M (Peak 269.06M) | Time:00:00.15 | Mem:0.00M, Peak:0.00M | Scene, ViewLayer | Synchronizing object | Port_logistics_roller_door_1_1
Fra:1 Mem:269.06M (Peak 269.06M) | Time:00:00.15 | Mem:0.00M, Peak:0.00M | Scene, ViewLayer | Synchronizing object | Port_logistics_roller_door_1_3
Fra:1 Mem:269.06M (Peak 269.06M) | Time:00:00.15 | Mem:0.00M, Peak:0.00M | Scene, ViewLayer | Synchronizing object | Port_logistics_roller_door_1_4
Fra:1 Mem:269.06M (Peak 269.06M) | Time:00:00.15 | Mem:0.00M, Peak:0.00M | Scene, ViewLayer | Synchronizing object | Port_logistics_roller_door_1_5
Fra:1 Mem:269.07M (Peak 269.07M) | Time:00:00.15 | Mem:0.00M, Peak:0.00M | Scene, ViewLayer | Synchronizing object | Port_logistics_roller_door_1_7
Fra:1 Mem:269.07M (Peak 269.07M) | Time:00:00.15 | Mem:0.00M, Peak:0.00M | Scene, ViewLayer | Synchronizing object | Port_logistics_roller_door_1_8
Fra:1 Mem:269.07M (Peak 269.07M) | Time:00:00.15 | Mem:0.00M, Peak:0.00M | Scene, ViewLayer | Synchronizing object | Port_logistics_loading_apron
Fra:1 Mem:269.07M (Peak 269.07M) | Time:00:00.15 | Mem:0.00M, Peak:0.00M | Scene, ViewLayer | Synchronizing object | Port_logistics_loading_canopy
Fra:1 Mem:269.07M (Peak 269.07M) | Time:00:00.15 | Mem:0.00M, Peak:0.00M | Scene, ViewLayer | Synchronizing object | Port_logistics_canopy_post_-1
Fra:1 Mem:269.07M (Peak 269.07M) | Time:00:00.15 | Mem:0.00M, Peak:0.00M | Scene, ViewLayer | Synchronizing object | Port_logistics_canopy_post_1
Fra:1 Mem:269.07M (Peak 269.07M) | Time:00:00.15 | Mem:0.00M, Peak:0.00M | Scene, ViewLayer | Synchronizing object | Port_logistics_identity
Fra:1 Mem:269.08M (Peak 269.08M) | Time:00:00.15 | Mem:0.00M, Peak:0.00M | Scene, ViewLayer | Synchronizing object | Freight_container_0_0
Fra:1 Mem:269.18M (Peak 269.18M) | Time:00:00.15 | Mem:0.00M, Peak:0.00M | Scene, ViewLayer | Synchronizing object | Container_rib_0_0_1
Fra:1 Mem:269.28M (Peak 269.28M) | Time:00:00.15 | Mem:0.00M, Peak:0.00M | Scene, ViewLayer | Synchronizing object | Container_rib_0_0_2
Fra:1 Mem:269.35M (Peak 269.35M) | Time:00:00.15 | Mem:0.00M, Peak:0.00M | Scene, ViewLayer | Synchronizing object | Container_rib_0_0_5
Fra:1 Mem:269.36M (Peak 269.36M) | Time:00:00.15 | Mem:0.00M, Peak:0.00M | Scene, ViewLayer | Synchronizing object | Container_rib_0_0_6
Fra:1 Mem:269.36M (Peak 269.36M) | Time:00:00.15 | Mem:0.00M, Peak:0.00M | Scene, ViewLayer | Synchronizing object | Container_rib_0_0_7
Fra:1 Mem:269.36M (Peak 269.36M) | Time:00:00.15 | Mem:0.00M, Peak:0.00M | Scene, ViewLayer | Synchronizing object | Container_rib_0_0_8
Fra:1 Mem:269.36M (Peak 269.36M) | Time:00:00.15 | Mem:0.00M, Peak:0.00M | Scene, ViewLayer | Synchronizing object | Container_rib_0_0_9
Fra:1 Mem:269.36M (Peak 269.36M) | Time:00:00.15 | Mem:0.00M, Peak:0.00M | Scene, ViewLayer | Synchronizing object | Container_rib_0_0_11
Fra:1 Mem:269.36M (Peak 269.36M) | Time:00:00.15 | Mem:0.00M, Peak:0.00M | Scene, ViewLayer | Synchronizing object | Container_rib_0_0_12
Fra:1 Mem:269.36M (Peak 269.36M) | Time:00:00.15 | Mem:0.00M, Peak:0.00M | Scene, ViewLayer | Synchronizing object | Container_rib_0_1_0
Fra:1 Mem:269.37M (Peak 269.37M) | Time:00:00.15 | Mem:0.00M, Peak:0.00M | Scene, ViewLayer | Synchronizing object | Container_rib_0_1_2
Fra:1 Mem:269.37M (Peak 269.37M) | Time:00:00.15 | Mem:0.00M, Peak:0.00M | Scene, ViewLayer | Synchronizing object | Container_rib_0_1_3
Fra:1 Mem:269.37M (Peak 269.37M) | Time:00:00.15 | Mem:0.00M, Peak:0.00M | Scene, ViewLayer | Synchronizing object | Container_rib_0_1_4
Fra:1 Mem:269.37M (Peak 269.37M) | Time:00:00.15 | Mem:0.00M, Peak:0.00M | Scene, ViewLayer | Synchronizing object | Container_rib_0_1_5
Fra:1 Mem:269.37M (Peak 269.37M) | Time:00:00.15 | Mem:0.00M, Peak:0.00M | Scene, ViewLayer | Synchronizing object | Container_rib_0_1_7
Fra:1 Mem:269.37M (Peak 269.37M) | Time:00:00.15 | Mem:0.00M, Peak:0.00M | Scene, ViewLayer | Synchronizing object | Container_rib_0_1_8
Fra:1 Mem:269.37M (Peak 269.37M) | Time:00:00.15 | Mem:0.00M, Peak:0.00M | Scene, ViewLayer | Synchronizing object | Container_rib_0_1_9
Fra:1 Mem:269.38M (Peak 269.38M) | Time:00:00.15 | Mem:0.00M, Peak:0.00M | Scene, ViewLayer | Synchronizing object | Container_rib_0_1_10
Fra:1 Mem:269.38M (Peak 269.38M) | Time:00:00.15 | Mem:0.00M, Peak:0.00M | Scene, ViewLayer | Synchronizing object | Container_rib_0_1_12
Fra:1 Mem:269.38M (Peak 269.38M) | Time:00:00.15 | Mem:0.00M, Peak:0.00M | Scene, ViewLayer | Synchronizing object | Freight_container_1_0
Fra:1 Mem:269.38M (Peak 269.38M) | Time:00:00.15 | Mem:0.00M, Peak:0.00M | Scene, ViewLayer | Synchronizing object | Container_rib_1_0_2
Fra:1 Mem:269.38M (Peak 269.38M) | Time:00:00.15 | Mem:0.00M, Peak:0.00M | Scene, ViewLayer | Synchronizing object | Container_rib_1_0_3
Fra:1 Mem:269.38M (Peak 269.38M) | Time:00:00.15 | Mem:0.00M, Peak:0.00M | Scene, ViewLayer | Synchronizing object | Container_rib_1_0_4
Fra:1 Mem:269.39M (Peak 269.39M) | Time:00:00.15 | Mem:0.00M, Peak:0.00M | Scene, ViewLayer | Synchronizing object | Container_rib_1_0_5
Fra:1 Mem:269.39M (Peak 269.39M) | Time:00:00.15 | Mem:0.00M, Peak:0.00M | Scene, ViewLayer | Synchronizing object | Container_rib_1_0_6
Fra:1 Mem:269.39M (Peak 269.39M) | Time:00:00.15 | Mem:0.00M, Peak:0.00M | Scene, ViewLayer | Synchronizing object | Container_rib_1_0_8
Fra:1 Mem:269.39M (Peak 269.39M) | Time:00:00.15 | Mem:0.00M, Peak:0.00M | Scene, ViewLayer | Synchronizing object | Container_rib_1_0_10
Fra:1 Mem:269.39M (Peak 269.39M) | Time:00:00.15 | Mem:0.00M, Peak:0.00M | Scene, ViewLayer | Synchronizing object | Container_rib_1_0_12
Fra:1 Mem:269.39M (Peak 269.39M) | Time:00:00.15 | Mem:0.00M, Peak:0.00M | Scene, ViewLayer | Synchronizing object | Freight_container_2_0
Fra:1 Mem:269.39M (Peak 269.39M) | Time:00:00.15 | Mem:0.00M, Peak:0.00M | Scene, ViewLayer | Synchronizing object | Container_rib_2_0_0
Fra:1 Mem:269.40M (Peak 269.40M) | Time:00:00.15 | Mem:0.00M, Peak:0.00M | Scene, ViewLayer | Synchronizing object | Container_rib_2_0_2
Fra:1 Mem:269.40M (Peak 269.40M) | Time:00:00.15 | Mem:0.00M, Peak:0.00M | Scene, ViewLayer | Synchronizing object | Container_rib_2_0_3
Fra:1 Mem:269.40M (Peak 269.40M) | Time:00:00.15 | Mem:0.00M, Peak:0.00M | Scene, ViewLayer | Synchronizing object | Container_rib_2_0_5
Fra:1 Mem:269.40M (Peak 269.40M) | Time:00:00.15 | Mem:0.00M, Peak:0.00M | Scene, ViewLayer | Synchronizing object | Container_rib_2_0_6
Fra:1 Mem:269.40M (Peak 269.40M) | Time:00:00.15 | Mem:0.00M, Peak:0.00M | Scene, ViewLayer | Synchronizing object | Container_rib_2_0_7
Fra:1 Mem:269.40M (Peak 269.40M) | Time:00:00.15 | Mem:0.00M, Peak:0.00M | Scene, ViewLayer | Synchronizing object | Container_rib_2_0_8
Fra:1 Mem:269.40M (Peak 269.40M) | Time:00:00.15 | Mem:0.00M, Peak:0.00M | Scene, ViewLayer | Synchronizing object | Container_rib_2_0_9
Fra:1 Mem:269.41M (Peak 269.40M) | Time:00:00.15 | Mem:0.00M, Peak:0.00M | Scene, ViewLayer | Synchronizing object | Container_rib_2_0_10
Fra:1 Mem:269.41M (Peak 269.41M) | Time:00:00.15 | Mem:0.00M, Peak:0.00M | Scene, ViewLayer | Synchronizing object | Container_rib_2_0_11
Fra:1 Mem:269.41M (Peak 269.41M) | Time:00:00.15 | Mem:0.00M, Peak:0.00M | Scene, ViewLayer | Synchronizing object | Container_rib_2_0_12
Fra:1 Mem:269.41M (Peak 269.41M) | Time:00:00.15 | Mem:0.00M, Peak:0.00M | Scene, ViewLayer | Synchronizing object | Container_rib_3_0_0
Fra:1 Mem:269.41M (Peak 269.41M) | Time:00:00.15 | Mem:0.00M, Peak:0.00M | Scene, ViewLayer | Synchronizing object | Container_rib_3_0_1
Fra:1 Mem:269.41M (Peak 269.41M) | Time:00:00.15 | Mem:0.00M, Peak:0.00M | Scene, ViewLayer | Synchronizing object | Container_rib_3_0_3
Fra:1 Mem:269.41M (Peak 269.41M) | Time:00:00.15 | Mem:0.00M, Peak:0.00M | Scene, ViewLayer | Synchronizing object | Container_rib_3_0_4
Fra:1 Mem:269.41M (Peak 269.41M) | Time:00:00.15 | Mem:0.00M, Peak:0.00M | Scene, ViewLayer | Synchronizing object | Container_rib_3_0_5
Fra:1 Mem:269.42M (Peak 269.42M) | Time:00:00.16 | Mem:0.00M, Peak:0.00M | Scene, ViewLayer | Synchronizing object | Container_rib_3_0_7
Fra:1 Mem:269.42M (Peak 269.42M) | Time:00:00.16 | Mem:0.00M, Peak:0.00M | Scene, ViewLayer | Synchronizing object | Container_rib_3_0_9
Fra:1 Mem:269.42M (Peak 269.42M) | Time:00:00.16 | Mem:0.00M, Peak:0.00M | Scene, ViewLayer | Synchronizing object | Container_rib_3_0_11
Fra:1 Mem:269.53M (Peak 269.53M) | Time:00:00.16 | Mem:0.00M, Peak:0.00M | Scene, ViewLayer | Synchronizing object | Container_rib_3_0_12
Fra:1 Mem:269.57M (Peak 269.57M) | Time:00:00.16 | Mem:0.00M, Peak:0.00M | Scene, ViewLayer | Synchronizing object | Container_rib_3_1_0
Fra:1 Mem:269.66M (Peak 269.66M) | Time:00:00.16 | Mem:0.00M, Peak:0.00M | Scene, ViewLayer | Synchronizing object | Container_rib_3_1_1
Fra:1 Mem:269.62M (Peak 269.66M) | Time:00:00.16 | Mem:0.00M, Peak:0.00M | Scene, ViewLayer | Synchronizing object | Container_rib_3_1_2
Fra:1 Mem:269.63M (Peak 269.66M) | Time:00:00.16 | Mem:0.00M, Peak:0.00M | Scene, ViewLayer | Synchronizing object | Container_rib_3_1_3
Fra:1 Mem:269.63M (Peak 269.66M) | Time:00:00.16 | Mem:0.00M, Peak:0.00M | Scene, ViewLayer | Synchronizing object | Container_rib_3_1_5
Fra:1 Mem:269.63M (Peak 269.66M) | Time:00:00.16 | Mem:0.00M, Peak:0.00M | Scene, ViewLayer | Synchronizing object | Container_rib_3_1_7
Fra:1 Mem:269.63M (Peak 269.66M) | Time:00:00.16 | Mem:0.00M, Peak:0.00M | Scene, ViewLayer | Synchronizing object | Container_rib_3_1_8
Fra:1 Mem:269.63M (Peak 269.66M) | Time:00:00.16 | Mem:0.00M, Peak:0.00M | Scene, ViewLayer | Synchronizing object | Container_rib_3_1_11
Fra:1 Mem:269.63M (Peak 269.66M) | Time:00:00.16 | Mem:0.00M, Peak:0.00M | Scene, ViewLayer | Synchronizing object | Container_rib_3_1_12
Fra:1 Mem:269.63M (Peak 269.66M) | Time:00:00.16 | Mem:0.00M, Peak:0.00M | Scene, ViewLayer | Synchronizing object | Container_rib_4_0_0
Fra:1 Mem:269.63M (Peak 269.66M) | Time:00:00.16 | Mem:0.00M, Peak:0.00M | Scene, ViewLayer | Synchronizing object | Container_rib_4_0_1
Fra:1 Mem:269.64M (Peak 269.66M) | Time:00:00.16 | Mem:0.00M, Peak:0.00M | Scene, ViewLayer | Synchronizing object | Container_rib_4_0_2
Fra:1 Mem:269.64M (Peak 269.66M) | Time:00:00.16 | Mem:0.00M, Peak:0.00M | Scene, ViewLayer | Synchronizing object | Container_rib_4_0_3
Fra:1 Mem:269.64M (Peak 269.66M) | Time:00:00.16 | Mem:0.00M, Peak:0.00M | Scene, ViewLayer | Synchronizing object | Container_rib_4_0_4
Fra:1 Mem:269.64M (Peak 269.66M) | Time:00:00.16 | Mem:0.00M, Peak:0.00M | Scene, ViewLayer | Synchronizing object | Container_rib_4_0_6
Fra:1 Mem:269.64M (Peak 269.66M) | Time:00:00.16 | Mem:0.00M, Peak:0.00M | Scene, ViewLayer | Synchronizing object | Container_rib_4_0_8
Fra:1 Mem:269.64M (Peak 269.66M) | Time:00:00.16 | Mem:0.00M, Peak:0.00M | Scene, ViewLayer | Synchronizing object | Container_rib_4_0_9
Fra:1 Mem:269.64M (Peak 269.66M) | Time:00:00.16 | Mem:0.00M, Peak:0.00M | Scene, ViewLayer | Synchronizing object | Container_rib_4_0_11
Fra:1 Mem:269.65M (Peak 269.66M) | Time:00:00.16 | Mem:0.00M, Peak:0.00M | Scene, ViewLayer | Synchronizing object | Container_rib_4_0_12
Fra:1 Mem:269.65M (Peak 269.66M) | Time:00:00.16 | Mem:0.00M, Peak:0.00M | Scene, ViewLayer | Synchronizing object | Container_rib_5_0_0
Fra:1 Mem:269.65M (Peak 269.66M) | Time:00:00.16 | Mem:0.00M, Peak:0.00M | Scene, ViewLayer | Synchronizing object | Container_rib_5_0_2
Fra:1 Mem:269.65M (Peak 269.66M) | Time:00:00.16 | Mem:0.00M, Peak:0.00M | Scene, ViewLayer | Synchronizing object | Container_rib_5_0_3
Fra:1 Mem:269.65M (Peak 269.66M) | Time:00:00.16 | Mem:0.00M, Peak:0.00M | Scene, ViewLayer | Synchronizing object | Container_rib_5_0_5
Fra:1 Mem:269.65M (Peak 269.66M) | Time:00:00.16 | Mem:0.00M, Peak:0.00M | Scene, ViewLayer | Synchronizing object | Container_rib_5_0_6
Fra:1 Mem:269.66M (Peak 269.66M) | Time:00:00.16 | Mem:0.00M, Peak:0.00M | Scene, ViewLayer | Synchronizing object | Container_rib_5_0_8
Fra:1 Mem:269.66M (Peak 269.66M) | Time:00:00.16 | Mem:0.00M, Peak:0.00M | Scene, ViewLayer | Synchronizing object | Container_rib_5_0_9
Fra:1 Mem:269.66M (Peak 269.66M) | Time:00:00.16 | Mem:0.00M, Peak:0.00M | Scene, ViewLayer | Synchronizing object | Container_rib_5_0_10
Fra:1 Mem:269.66M (Peak 269.66M) | Time:00:00.16 | Mem:0.00M, Peak:0.00M | Scene, ViewLayer | Synchronizing object | Container_rib_5_0_11
Fra:1 Mem:269.66M (Peak 269.66M) | Time:00:00.16 | Mem:0.00M, Peak:0.00M | Scene, ViewLayer | Synchronizing object | Container_rib_5_0_12
Fra:1 Mem:269.66M (Peak 269.66M) | Time:00:00.16 | Mem:0.00M, Peak:0.00M | Scene, ViewLayer | Synchronizing object | Container_rib_6_0_0
Fra:1 Mem:269.66M (Peak 269.66M) | Time:00:00.16 | Mem:0.00M, Peak:0.00M | Scene, ViewLayer | Synchronizing object | Container_rib_6_0_1
Fra:1 Mem:269.67M (Peak 269.67M) | Time:00:00.16 | Mem:0.00M, Peak:0.00M | Scene, ViewLayer | Synchronizing object | Container_rib_6_0_3
Fra:1 Mem:269.67M (Peak 269.67M) | Time:00:00.16 | Mem:0.00M, Peak:0.00M | Scene, ViewLayer | Synchronizing object | Container_rib_6_0_4
Fra:1 Mem:269.67M (Peak 269.67M) | Time:00:00.16 | Mem:0.00M, Peak:0.00M | Scene, ViewLayer | Synchronizing object | Container_rib_6_0_5
Fra:1 Mem:269.67M (Peak 269.67M) | Time:00:00.16 | Mem:0.00M, Peak:0.00M | Scene, ViewLayer | Synchronizing object | Container_rib_6_0_7
Fra:1 Mem:269.67M (Peak 269.67M) | Time:00:00.16 | Mem:0.00M, Peak:0.00M | Scene, ViewLayer | Synchronizing object | Container_rib_6_0_8
Fra:1 Mem:269.67M (Peak 269.67M) | Time:00:00.16 | Mem:0.00M, Peak:0.00M | Scene, ViewLayer | Synchronizing object | Container_rib_6_0_9
Fra:1 Mem:269.67M (Peak 269.67M) | Time:00:00.16 | Mem:0.00M, Peak:0.00M | Scene, ViewLayer | Synchronizing object | Container_rib_6_0_11
Fra:1 Mem:269.68M (Peak 269.68M) | Time:00:00.16 | Mem:0.00M, Peak:0.00M | Scene, ViewLayer | Synchronizing object | Freight_container_6_1
Fra:1 Mem:269.68M (Peak 269.68M) | Time:00:00.16 | Mem:0.00M, Peak:0.00M | Scene, ViewLayer | Synchronizing object | Container_rib_6_1_1
Fra:1 Mem:269.68M (Peak 269.68M) | Time:00:00.16 | Mem:0.00M, Peak:0.00M | Scene, ViewLayer | Synchronizing object | Container_rib_6_1_3
Fra:1 Mem:269.68M (Peak 269.68M) | Time:00:00.16 | Mem:0.00M, Peak:0.00M | Scene, ViewLayer | Synchronizing object | Container_rib_6_1_4
Fra:1 Mem:269.68M (Peak 269.68M) | Time:00:00.16 | Mem:0.00M, Peak:0.00M | Scene, ViewLayer | Synchronizing object | Container_rib_6_1_5
Fra:1 Mem:269.68M (Peak 269.68M) | Time:00:00.16 | Mem:0.00M, Peak:0.00M | Scene, ViewLayer | Synchronizing object | Container_rib_6_1_6
Fra:1 Mem:269.68M (Peak 269.68M) | Time:00:00.16 | Mem:0.00M, Peak:0.00M | Scene, ViewLayer | Synchronizing object | Container_rib_6_1_8
Fra:1 Mem:269.69M (Peak 269.69M) | Time:00:00.16 | Mem:0.00M, Peak:0.00M | Scene, ViewLayer | Synchronizing object | Container_rib_6_1_9
Fra:1 Mem:269.69M (Peak 269.69M) | Time:00:00.16 | Mem:0.00M, Peak:0.00M | Scene, ViewLayer | Synchronizing object | Container_rib_6_1_10
Fra:1 Mem:269.69M (Peak 269.69M) | Time:00:00.16 | Mem:0.00M, Peak:0.00M | Scene, ViewLayer | Synchronizing object | Freight_container_7_0
Fra:1 Mem:269.69M (Peak 269.69M) | Time:00:00.16 | Mem:0.00M, Peak:0.00M | Scene, ViewLayer | Synchronizing object | Container_rib_7_0_2
Fra:1 Mem:269.69M (Peak 269.69M) | Time:00:00.16 | Mem:0.00M, Peak:0.00M | Scene, ViewLayer | Synchronizing object | Container_rib_7_0_3
Fra:1 Mem:269.70M (Peak 269.70M) | Time:00:00.16 | Mem:0.00M, Peak:0.00M | Scene, ViewLayer | Synchronizing object | Container_rib_7_0_4
Fra:1 Mem:269.70M (Peak 269.70M) | Time:00:00.16 | Mem:0.00M, Peak:0.00M | Scene, ViewLayer | Synchronizing object | Container_rib_7_0_5
Fra:1 Mem:269.70M (Peak 269.70M) | Time:00:00.16 | Mem:0.00M, Peak:0.00M | Scene, ViewLayer | Synchronizing object | Container_rib_7_0_6
Fra:1 Mem:269.70M (Peak 269.70M) | Time:00:00.16 | Mem:0.00M, Peak:0.00M | Scene, ViewLayer | Synchronizing object | Container_rib_7_0_8
Fra:1 Mem:269.70M (Peak 269.70M) | Time:00:00.16 | Mem:0.00M, Peak:0.00M | Scene, ViewLayer | Synchronizing object | Container_rib_7_0_9
Fra:1 Mem:269.70M (Peak 269.70M) | Time:00:00.16 | Mem:0.00M, Peak:0.00M | Scene, ViewLayer | Synchronizing object | Container_rib_7_0_10
Fra:1 Mem:269.70M (Peak 269.70M) | Time:00:00.16 | Mem:0.00M, Peak:0.00M | Scene, ViewLayer | Synchronizing object | Container_rib_7_0_12
Fra:1 Mem:269.71M (Peak 269.71M) | Time:00:00.16 | Mem:0.00M, Peak:0.00M | Scene, ViewLayer | Synchronizing object | Freight_container_8_0
Fra:1 Mem:269.71M (Peak 269.71M) | Time:00:00.16 | Mem:0.00M, Peak:0.00M | Scene, ViewLayer | Synchronizing object | Container_rib_8_0_1
Fra:1 Mem:269.71M (Peak 269.71M) | Time:00:00.16 | Mem:0.00M, Peak:0.00M | Scene, ViewLayer | Synchronizing object | Container_rib_8_0_3
Fra:1 Mem:269.71M (Peak 269.71M) | Time:00:00.16 | Mem:0.00M, Peak:0.00M | Scene, ViewLayer | Synchronizing object | Container_rib_8_0_4
Fra:1 Mem:269.71M (Peak 269.71M) | Time:00:00.16 | Mem:0.00M, Peak:0.00M | Scene, ViewLayer | Synchronizing object | Container_rib_8_0_5
Fra:1 Mem:269.71M (Peak 269.71M) | Time:00:00.16 | Mem:0.00M, Peak:0.00M | Scene, ViewLayer | Synchronizing object | Container_rib_8_0_6
Fra:1 Mem:269.71M (Peak 269.71M) | Time:00:00.16 | Mem:0.00M, Peak:0.00M | Scene, ViewLayer | Synchronizing object | Container_rib_8_0_7
Fra:1 Mem:269.71M (Peak 269.71M) | Time:00:00.16 | Mem:0.00M, Peak:0.00M | Scene, ViewLayer | Synchronizing object | Container_rib_8_0_8
Fra:1 Mem:269.72M (Peak 269.72M) | Time:00:00.16 | Mem:0.00M, Peak:0.00M | Scene, ViewLayer | Synchronizing object | Container_rib_8_0_9
Fra:1 Mem:269.72M (Peak 269.72M) | Time:00:00.16 | Mem:0.00M, Peak:0.00M | Scene, ViewLayer | Synchronizing object | Lamp_outreach_0
Fra:1 Mem:269.72M (Peak 269.72M) | Time:00:00.16 | Mem:0.00M, Peak:0.00M | Scene, ViewLayer | Synchronizing object | Lamp_diffuser_0
Fra:1 Mem:269.72M (Peak 269.72M) | Time:00:00.16 | Mem:0.00M, Peak:0.00M | Scene, ViewLayer | Synchronizing object | Lamp_base_0
Fra:1 Mem:269.72M (Peak 269.72M) | Time:00:00.16 | Mem:0.00M, Peak:0.00M | Scene, ViewLayer | Synchronizing object | Lamp_tapered_mast_1
Fra:1 Mem:269.73M (Peak 269.73M) | Time:00:00.16 | Mem:0.00M, Peak:0.00M | Scene, ViewLayer | Synchronizing object | Lamp_outreach_1
Fra:1 Mem:269.73M (Peak 269.73M) | Time:00:00.16 | Mem:0.00M, Peak:0.00M | Scene, ViewLayer | Synchronizing object | Lamp_hood_1
Fra:1 Mem:269.73M (Peak 269.73M) | Time:00:00.16 | Mem:0.00M, Peak:0.00M | Scene, ViewLayer | Synchronizing object | Lamp_tapered_mast_2
Fra:1 Mem:269.73M (Peak 269.73M) | Time:00:00.16 | Mem:0.00M, Peak:0.00M | Scene, ViewLayer | Synchronizing object | Lamp_outreach_2
Fra:1 Mem:269.73M (Peak 269.73M) | Time:00:00.16 | Mem:0.00M, Peak:0.00M | Scene, ViewLayer | Synchronizing object | Lamp_hood_2
Fra:1 Mem:269.73M (Peak 269.73M) | Time:00:00.16 | Mem:0.00M, Peak:0.00M | Scene, ViewLayer | Synchronizing object | Lamp_diffuser_2
Fra:1 Mem:269.74M (Peak 269.74M) | Time:00:00.16 | Mem:0.00M, Peak:0.00M | Scene, ViewLayer | Synchronizing object | Lamp_base_2
Fra:1 Mem:269.74M (Peak 269.74M) | Time:00:00.16 | Mem:0.00M, Peak:0.00M | Scene, ViewLayer | Synchronizing object | Lamp_hood_3
Fra:1 Mem:269.74M (Peak 269.74M) | Time:00:00.16 | Mem:0.00M, Peak:0.00M | Scene, ViewLayer | Synchronizing object | Lamp_diffuser_3
Fra:1 Mem:269.74M (Peak 269.74M) | Time:00:00.16 | Mem:0.00M, Peak:0.00M | Scene, ViewLayer | Synchronizing object | Lamp_tapered_mast_4
Fra:1 Mem:269.74M (Peak 269.74M) | Time:00:00.16 | Mem:0.00M, Peak:0.00M | Scene, ViewLayer | Synchronizing object | Lamp_outreach_4
Fra:1 Mem:269.75M (Peak 269.75M) | Time:00:00.16 | Mem:0.00M, Peak:0.00M | Scene, ViewLayer | Synchronizing object | Lamp_hood_4
Fra:1 Mem:269.75M (Peak 269.75M) | Time:00:00.16 | Mem:0.00M, Peak:0.00M | Scene, ViewLayer | Synchronizing object | Lamp_diffuser_4
Fra:1 Mem:269.75M (Peak 269.75M) | Time:00:00.16 | Mem:0.00M, Peak:0.00M | Scene, ViewLayer | Synchronizing object | Lamp_tapered_mast_5
Fra:1 Mem:269.75M (Peak 269.75M) | Time:00:00.16 | Mem:0.00M, Peak:0.00M | Scene, ViewLayer | Synchronizing object | Lamp_outreach_5
Fra:1 Mem:269.75M (Peak 269.75M) | Time:00:00.16 | Mem:0.00M, Peak:0.00M | Scene, ViewLayer | Synchronizing object | Lamp_hood_5
Fra:1 Mem:269.75M (Peak 269.75M) | Time:00:00.16 | Mem:0.00M, Peak:0.00M | Scene, ViewLayer | Synchronizing object | Lamp_tapered_mast_6
Fra:1 Mem:269.76M (Peak 269.76M) | Time:00:00.16 | Mem:0.00M, Peak:0.00M | Scene, ViewLayer | Synchronizing object | Lamp_hood_6
Fra:1 Mem:269.76M (Peak 269.76M) | Time:00:00.16 | Mem:0.00M, Peak:0.00M | Scene, ViewLayer | Synchronizing object | Lamp_tapered_mast_7
Fra:1 Mem:269.77M (Peak 269.77M) | Time:00:00.16 | Mem:0.00M, Peak:0.00M | Scene, ViewLayer | Synchronizing object | Lamp_outreach_7
Fra:1 Mem:269.77M (Peak 269.77M) | Time:00:00.16 | Mem:0.00M, Peak:0.00M | Scene, ViewLayer | Synchronizing object | Lamp_tapered_mast_8
Fra:1 Mem:269.77M (Peak 269.77M) | Time:00:00.16 | Mem:0.00M, Peak:0.00M | Scene, ViewLayer | Synchronizing object | Lamp_outreach_8
Fra:1 Mem:269.77M (Peak 269.77M) | Time:00:00.16 | Mem:0.00M, Peak:0.00M | Scene, ViewLayer | Synchronizing object | Lamp_hood_8
Fra:1 Mem:269.78M (Peak 269.78M) | Time:00:00.16 | Mem:0.00M, Peak:0.00M | Scene, ViewLayer | Synchronizing object | Lamp_diffuser_8
Fra:1 Mem:269.78M (Peak 269.78M) | Time:00:00.16 | Mem:0.00M, Peak:0.00M | Scene, ViewLayer | Synchronizing object | Lamp_tapered_mast_9
Fra:1 Mem:269.78M (Peak 269.78M) | Time:00:00.16 | Mem:0.00M, Peak:0.00M | Scene, ViewLayer | Synchronizing object | Lamp_hood_9
Fra:1 Mem:269.78M (Peak 269.78M) | Time:00:00.16 | Mem:0.00M, Peak:0.00M | Scene, ViewLayer | Synchronizing object | Lamp_base_9
Fra:1 Mem:269.78M (Peak 269.78M) | Time:00:00.16 | Mem:0.00M, Peak:0.00M | Scene, ViewLayer | Synchronizing object | Lamp_tapered_mast_10
Fra:1 Mem:269.79M (Peak 269.79M) | Time:00:00.16 | Mem:0.00M, Peak:0.00M | Scene, ViewLayer | Synchronizing object | Lamp_hood_10
Fra:1 Mem:269.79M (Peak 269.79M) | Time:00:00.16 | Mem:0.00M, Peak:0.00M | Scene, ViewLayer | Synchronizing object | Lamp_base_10
Fra:1 Mem:269.79M (Peak 269.79M) | Time:00:00.16 | Mem:0.00M, Peak:0.00M | Scene, ViewLayer | Synchronizing object | Lamp_outreach_11
Fra:1 Mem:269.79M (Peak 269.79M) | Time:00:00.16 | Mem:0.00M, Peak:0.00M | Scene, ViewLayer | Synchronizing object | Lamp_diffuser_11
Fra:1 Mem:269.79M (Peak 269.79M) | Time:00:00.16 | Mem:0.00M, Peak:0.00M | Scene, ViewLayer | Synchronizing object | Lamp_base_11
Fra:1 Mem:269.80M (Peak 269.80M) | Time:00:00.16 | Mem:0.00M, Peak:0.00M | Scene, ViewLayer | Synchronizing object | Lamp_tapered_mast_12
Fra:1 Mem:269.80M (Peak 269.80M) | Time:00:00.16 | Mem:0.00M, Peak:0.00M | Scene, ViewLayer | Synchronizing object | Lamp_hood_12
Fra:1 Mem:269.80M (Peak 269.80M) | Time:00:00.16 | Mem:0.00M, Peak:0.00M | Scene, ViewLayer | Synchronizing object | Lamp_diffuser_12
Fra:1 Mem:269.80M (Peak 269.80M) | Time:00:00.16 | Mem:0.00M, Peak:0.00M | Scene, ViewLayer | Synchronizing object | Lamp_base_12
Fra:1 Mem:269.80M (Peak 269.80M) | Time:00:00.16 | Mem:0.00M, Peak:0.00M | Scene, ViewLayer | Synchronizing object | Lamp_tapered_mast_13
Fra:1 Mem:269.81M (Peak 269.81M) | Time:00:00.16 | Mem:0.00M, Peak:0.00M | Scene, ViewLayer | Synchronizing object | Lamp_outreach_13
Fra:1 Mem:269.81M (Peak 269.81M) | Time:00:00.16 | Mem:0.00M, Peak:0.00M | Scene, ViewLayer | Synchronizing object | Lamp_hood_13
Fra:1 Mem:269.81M (Peak 269.81M) | Time:00:00.16 | Mem:0.00M, Peak:0.00M | Scene, ViewLayer | Synchronizing object | Lamp_diffuser_13
Fra:1 Mem:269.81M (Peak 269.81M) | Time:00:00.16 | Mem:0.00M, Peak:0.00M | Scene, ViewLayer | Synchronizing object | Lamp_tapered_mast_14
Fra:1 Mem:269.81M (Peak 269.81M) | Time:00:00.16 | Mem:0.00M, Peak:0.00M | Scene, ViewLayer | Synchronizing object | Lamp_outreach_14
Fra:1 Mem:269.82M (Peak 269.82M) | Time:00:00.16 | Mem:0.00M, Peak:0.00M | Scene, ViewLayer | Synchronizing object | Lamp_hood_14
Fra:1 Mem:269.82M (Peak 269.82M) | Time:00:00.16 | Mem:0.00M, Peak:0.00M | Scene, ViewLayer | Synchronizing object | Lamp_tapered_mast_15
Fra:1 Mem:269.82M (Peak 269.82M) | Time:00:00.16 | Mem:0.00M, Peak:0.00M | Scene, ViewLayer | Synchronizing object | Lamp_outreach_15
Fra:1 Mem:269.82M (Peak 269.82M) | Time:00:00.16 | Mem:0.00M, Peak:0.00M | Scene, ViewLayer | Synchronizing object | Lamp_hood_15
Fra:1 Mem:269.82M (Peak 269.82M) | Time:00:00.16 | Mem:0.00M, Peak:0.00M | Scene, ViewLayer | Synchronizing object | Lamp_outreach_16
Fra:1 Mem:269.83M (Peak 269.83M) | Time:00:00.16 | Mem:0.00M, Peak:0.00M | Scene, ViewLayer | Synchronizing object | Lamp_diffuser_16
Fra:1 Mem:269.83M (Peak 269.83M) | Time:00:00.16 | Mem:0.00M, Peak:0.00M | Scene, ViewLayer | Synchronizing object | Lamp_tapered_mast_17
Fra:1 Mem:269.83M (Peak 269.83M) | Time:00:00.16 | Mem:0.00M, Peak:0.00M | Scene, ViewLayer | Synchronizing object | Lamp_outreach_17
Fra:1 Mem:269.83M (Peak 269.83M) | Time:00:00.16 | Mem:0.00M, Peak:0.00M | Scene, ViewLayer | Synchronizing object | Lamp_hood_17
Fra:1 Mem:269.84M (Peak 269.84M) | Time:00:00.16 | Mem:0.00M, Peak:0.00M | Scene, ViewLayer | Synchronizing object | Lamp_diffuser_17
Fra:1 Mem:269.84M (Peak 269.84M) | Time:00:00.16 | Mem:0.00M, Peak:0.00M | Scene, ViewLayer | Synchronizing object | Lamp_base_17
Fra:1 Mem:269.84M (Peak 269.84M) | Time:00:00.16 | Mem:0.00M, Peak:0.00M | Scene, ViewLayer | Synchronizing object | Lamp_outreach_18
Fra:1 Mem:269.84M (Peak 269.84M) | Time:00:00.16 | Mem:0.00M, Peak:0.00M | Scene, ViewLayer | Synchronizing object | Lamp_hood_18
Fra:1 Mem:269.84M (Peak 269.84M) | Time:00:00.16 | Mem:0.00M, Peak:0.00M | Scene, ViewLayer | Synchronizing object | Lamp_diffuser_18
Fra:1 Mem:269.84M (Peak 269.84M) | Time:00:00.16 | Mem:0.00M, Peak:0.00M | Scene, ViewLayer | Synchronizing object | Lamp_base_18
Fra:1 Mem:269.85M (Peak 269.85M) | Time:00:00.16 | Mem:0.00M, Peak:0.00M | Scene, ViewLayer | Synchronizing object | Lamp_tapered_mast_19
Fra:1 Mem:269.85M (Peak 269.85M) | Time:00:00.16 | Mem:0.00M, Peak:0.00M | Scene, ViewLayer | Synchronizing object | Lamp_outreach_19
Fra:1 Mem:269.85M (Peak 269.85M) | Time:00:00.16 | Mem:0.00M, Peak:0.00M | Scene, ViewLayer | Synchronizing object | Lamp_base_19
Fra:1 Mem:269.85M (Peak 269.85M) | Time:00:00.16 | Mem:0.00M, Peak:0.00M | Scene, ViewLayer | Synchronizing object | Lamp_tapered_mast_20
Fra:1 Mem:269.86M (Peak 269.86M) | Time:00:00.16 | Mem:0.00M, Peak:0.00M | Scene, ViewLayer | Synchronizing object | Lamp_outreach_20
Fra:1 Mem:269.86M (Peak 269.86M) | Time:00:00.16 | Mem:0.00M, Peak:0.00M | Scene, ViewLayer | Synchronizing object | Lamp_diffuser_20
Fra:1 Mem:269.86M (Peak 269.86M) | Time:00:00.16 | Mem:0.00M, Peak:0.00M | Scene, ViewLayer | Synchronizing object | Lamp_outreach_21
Fra:1 Mem:269.86M (Peak 269.86M) | Time:00:00.16 | Mem:0.00M, Peak:0.00M | Scene, ViewLayer | Synchronizing object | Lamp_hood_21
Fra:1 Mem:269.86M (Peak 269.86M) | Time:00:00.16 | Mem:0.00M, Peak:0.00M | Scene, ViewLayer | Synchronizing object | Lamp_diffuser_21
Fra:1 Mem:269.86M (Peak 269.86M) | Time:00:00.16 | Mem:0.00M, Peak:0.00M | Scene, ViewLayer | Synchronizing object | Lamp_base_21
Fra:1 Mem:269.86M (Peak 269.86M) | Time:00:00.16 | Mem:0.00M, Peak:0.00M | Scene, ViewLayer | Synchronizing object | Lamp_outreach_22
Fra:1 Mem:269.87M (Peak 269.87M) | Time:00:00.16 | Mem:0.00M, Peak:0.00M | Scene, ViewLayer | Synchronizing object | Lamp_hood_22
Fra:1 Mem:269.87M (Peak 269.87M) | Time:00:00.16 | Mem:0.00M, Peak:0.00M | Scene, ViewLayer | Synchronizing object | Lamp_diffuser_22
Fra:1 Mem:269.87M (Peak 269.87M) | Time:00:00.16 | Mem:0.00M, Peak:0.00M | Scene, ViewLayer | Synchronizing object | Lamp_base_22
Fra:1 Mem:269.87M (Peak 269.87M) | Time:00:00.16 | Mem:0.00M, Peak:0.00M | Scene, ViewLayer | Synchronizing object | Lamp_outreach_23
Fra:1 Mem:269.87M (Peak 269.87M) | Time:00:00.16 | Mem:0.00M, Peak:0.00M | Scene, ViewLayer | Synchronizing object | Lamp_diffuser_23
Fra:1 Mem:269.87M (Peak 269.87M) | Time:00:00.16 | Mem:0.00M, Peak:0.00M | Scene, ViewLayer | Synchronizing object | Lamp_base_23
Fra:1 Mem:269.88M (Peak 269.88M) | Time:00:00.16 | Mem:0.00M, Peak:0.00M | Scene, ViewLayer | Synchronizing object | Lamp_tapered_mast_24
Fra:1 Mem:269.88M (Peak 269.88M) | Time:00:00.16 | Mem:0.00M, Peak:0.00M | Scene, ViewLayer | Synchronizing object | Lamp_outreach_24
Fra:1 Mem:269.88M (Peak 269.88M) | Time:00:00.16 | Mem:0.00M, Peak:0.00M | Scene, ViewLayer | Synchronizing object | Lamp_diffuser_24
Fra:1 Mem:269.88M (Peak 269.88M) | Time:00:00.16 | Mem:0.00M, Peak:0.00M | Scene, ViewLayer | Synchronizing object | Lamp_base_24
Fra:1 Mem:269.89M (Peak 269.89M) | Time:00:00.16 | Mem:0.00M, Peak:0.00M | Scene, ViewLayer | Synchronizing object | Lamp_tapered_mast_25
Fra:1 Mem:269.89M (Peak 269.89M) | Time:00:00.16 | Mem:0.00M, Peak:0.00M | Scene, ViewLayer | Synchronizing object | Lamp_outreach_25
Fra:1 Mem:269.89M (Peak 269.89M) | Time:00:00.16 | Mem:0.00M, Peak:0.00M | Scene, ViewLayer | Synchronizing object | Lamp_diffuser_25
Fra:1 Mem:269.89M (Peak 269.89M) | Time:00:00.16 | Mem:0.00M, Peak:0.00M | Scene, ViewLayer | Synchronizing object | Lamp_tapered_mast_26
Fra:1 Mem:269.89M (Peak 269.89M) | Time:00:00.16 | Mem:0.00M, Peak:0.00M | Scene, ViewLayer | Synchronizing object | Lamp_outreach_26
Fra:1 Mem:269.89M (Peak 269.89M) | Time:00:00.16 | Mem:0.00M, Peak:0.00M | Scene, ViewLayer | Synchronizing object | Lamp_hood_26
Fra:1 Mem:269.90M (Peak 269.90M) | Time:00:00.16 | Mem:0.00M, Peak:0.00M | Scene, ViewLayer | Synchronizing object | Lamp_base_26
Fra:1 Mem:269.90M (Peak 269.90M) | Time:00:00.16 | Mem:0.00M, Peak:0.00M | Scene, ViewLayer | Synchronizing object | Lamp_tapered_mast_27
Fra:1 Mem:269.90M (Peak 269.90M) | Time:00:00.16 | Mem:0.00M, Peak:0.00M | Scene, ViewLayer | Synchronizing object | Lamp_outreach_27
Fra:1 Mem:269.90M (Peak 269.90M) | Time:00:00.16 | Mem:0.00M, Peak:0.00M | Scene, ViewLayer | Synchronizing object | Lamp_hood_27
Fra:1 Mem:269.90M (Peak 269.90M) | Time:00:00.16 | Mem:0.00M, Peak:0.00M | Scene, ViewLayer | Synchronizing object | Lamp_diffuser_27
Fra:1 Mem:269.90M (Peak 269.90M) | Time:00:00.16 | Mem:0.00M, Peak:0.00M | Scene, ViewLayer | Synchronizing object | Lamp_base_27
Fra:1 Mem:269.90M (Peak 269.90M) | Time:00:00.16 | Mem:0.00M, Peak:0.00M | Scene, ViewLayer | Synchronizing object | Lamp_tapered_mast_28
Fra:1 Mem:269.91M (Peak 269.91M) | Time:00:00.16 | Mem:0.00M, Peak:0.00M | Scene, ViewLayer | Synchronizing object | Lamp_diffuser_28
Fra:1 Mem:269.91M (Peak 269.91M) | Time:00:00.16 | Mem:0.00M, Peak:0.00M | Scene, ViewLayer | Synchronizing object | Lamp_base_28
Fra:1 Mem:269.91M (Peak 269.91M) | Time:00:00.16 | Mem:0.00M, Peak:0.00M | Scene, ViewLayer | Synchronizing object | Lamp_outreach_29
Fra:1 Mem:269.91M (Peak 269.91M) | Time:00:00.16 | Mem:0.00M, Peak:0.00M | Scene, ViewLayer | Synchronizing object | Lamp_diffuser_29
Fra:1 Mem:269.92M (Peak 269.92M) | Time:00:00.16 | Mem:0.00M, Peak:0.00M | Scene, ViewLayer | Synchronizing object | Lamp_base_29
Fra:1 Mem:269.92M (Peak 269.92M) | Time:00:00.16 | Mem:0.00M, Peak:0.00M | Scene, ViewLayer | Synchronizing object | Lamp_outreach_30
Fra:1 Mem:269.92M (Peak 269.92M) | Time:00:00.16 | Mem:0.00M, Peak:0.00M | Scene, ViewLayer | Synchronizing object | Lamp_hood_30
Fra:1 Mem:269.92M (Peak 269.92M) | Time:00:00.16 | Mem:0.00M, Peak:0.00M | Scene, ViewLayer | Synchronizing object | Lamp_diffuser_30
Fra:1 Mem:269.92M (Peak 269.92M) | Time:00:00.16 | Mem:0.00M, Peak:0.00M | Scene, ViewLayer | Synchronizing object | Lamp_base_30
Fra:1 Mem:269.93M (Peak 269.93M) | Time:00:00.16 | Mem:0.00M, Peak:0.00M | Scene, ViewLayer | Synchronizing object | Lamp_tapered_mast_31
Fra:1 Mem:269.93M (Peak 269.93M) | Time:00:00.16 | Mem:0.00M, Peak:0.00M | Scene, ViewLayer | Synchronizing object | Lamp_hood_31
Fra:1 Mem:269.93M (Peak 269.93M) | Time:00:00.16 | Mem:0.00M, Peak:0.00M | Scene, ViewLayer | Synchronizing object | Lamp_diffuser_31
Fra:1 Mem:269.93M (Peak 269.93M) | Time:00:00.16 | Mem:0.00M, Peak:0.00M | Scene, ViewLayer | Synchronizing object | Lamp_tapered_mast_32
Fra:1 Mem:269.93M (Peak 269.93M) | Time:00:00.16 | Mem:0.00M, Peak:0.00M | Scene, ViewLayer | Synchronizing object | Lamp_outreach_32
Fra:1 Mem:269.94M (Peak 269.94M) | Time:00:00.16 | Mem:0.00M, Peak:0.00M | Scene, ViewLayer | Synchronizing object | Lamp_hood_32
Fra:1 Mem:269.94M (Peak 269.94M) | Time:00:00.16 | Mem:0.00M, Peak:0.00M | Scene, ViewLayer | Synchronizing object | Lamp_base_32
Fra:1 Mem:269.94M (Peak 269.94M) | Time:00:00.16 | Mem:0.00M, Peak:0.00M | Scene, ViewLayer | Synchronizing object | Lamp_outreach_33
Fra:1 Mem:269.94M (Peak 269.94M) | Time:00:00.16 | Mem:0.00M, Peak:0.00M | Scene, ViewLayer | Synchronizing object | Lamp_hood_33
Fra:1 Mem:269.94M (Peak 269.94M) | Time:00:00.16 | Mem:0.00M, Peak:0.00M | Scene, ViewLayer | Synchronizing object | Lamp_diffuser_33
Fra:1 Mem:269.94M (Peak 269.94M) | Time:00:00.16 | Mem:0.00M, Peak:0.00M | Scene, ViewLayer | Synchronizing object | Lamp_base_33
Fra:1 Mem:269.95M (Peak 269.95M) | Time:00:00.16 | Mem:0.00M, Peak:0.00M | Scene, ViewLayer | Synchronizing object | Lamp_tapered_mast_34
Fra:1 Mem:269.95M (Peak 269.95M) | Time:00:00.16 | Mem:0.00M, Peak:0.00M | Scene, ViewLayer | Synchronizing object | Lamp_outreach_34
Fra:1 Mem:269.95M (Peak 269.95M) | Time:00:00.16 | Mem:0.00M, Peak:0.00M | Scene, ViewLayer | Synchronizing object | Lamp_hood_34
Fra:1 Mem:269.95M (Peak 269.95M) | Time:00:00.16 | Mem:0.00M, Peak:0.00M | Scene, ViewLayer | Synchronizing object | Lamp_tapered_mast_35
Fra:1 Mem:269.96M (Peak 269.96M) | Time:00:00.16 | Mem:0.00M, Peak:0.00M | Scene, ViewLayer | Synchronizing object | Lamp_outreach_35
Fra:1 Mem:269.96M (Peak 269.96M) | Time:00:00.16 | Mem:0.00M, Peak:0.00M | Scene, ViewLayer | Synchronizing object | Lamp_hood_35
Fra:1 Mem:269.96M (Peak 269.96M) | Time:00:00.16 | Mem:0.00M, Peak:0.00M | Scene, ViewLayer | Synchronizing object | Lamp_diffuser_35
Fra:1 Mem:269.96M (Peak 269.96M) | Time:00:00.16 | Mem:0.00M, Peak:0.00M | Scene, ViewLayer | Synchronizing object | Lamp_outreach_36
Fra:1 Mem:269.96M (Peak 269.96M) | Time:00:00.16 | Mem:0.00M, Peak:0.00M | Scene, ViewLayer | Synchronizing object | Lamp_hood_36
Fra:1 Mem:269.97M (Peak 269.97M) | Time:00:00.16 | Mem:0.00M, Peak:0.00M | Scene, ViewLayer | Synchronizing object | Lamp_diffuser_36
Fra:1 Mem:269.97M (Peak 269.97M) | Time:00:00.16 | Mem:0.00M, Peak:0.00M | Scene, ViewLayer | Synchronizing object | Lamp_tapered_mast_37
Fra:1 Mem:269.97M (Peak 269.97M) | Time:00:00.16 | Mem:0.00M, Peak:0.00M | Scene, ViewLayer | Synchronizing object | Lamp_outreach_37
Fra:1 Mem:269.97M (Peak 269.97M) | Time:00:00.16 | Mem:0.00M, Peak:0.00M | Scene, ViewLayer | Synchronizing object | Lamp_diffuser_37
Fra:1 Mem:269.97M (Peak 269.97M) | Time:00:00.16 | Mem:0.00M, Peak:0.00M | Scene, ViewLayer | Synchronizing object | Lamp_base_37
Fra:1 Mem:269.98M (Peak 269.98M) | Time:00:00.16 | Mem:0.00M, Peak:0.00M | Scene, ViewLayer | Synchronizing object | Lamp_tapered_mast_38
Fra:1 Mem:269.98M (Peak 269.98M) | Time:00:00.16 | Mem:0.00M, Peak:0.00M | Scene, ViewLayer | Synchronizing object | Lamp_outreach_38
Fra:1 Mem:269.98M (Peak 269.98M) | Time:00:00.16 | Mem:0.00M, Peak:0.00M | Scene, ViewLayer | Synchronizing object | Lamp_base_38
Fra:1 Mem:269.98M (Peak 269.98M) | Time:00:00.16 | Mem:0.00M, Peak:0.00M | Scene, ViewLayer | Synchronizing object | Promenade_palm_1_tapered_trunk
Fra:1 Mem:269.98M (Peak 269.98M) | Time:00:00.16 | Mem:0.00M, Peak:0.00M | Scene, ViewLayer | Synchronizing object | Promenade_palm_2_tapered_trunk
Fra:1 Mem:270.00M (Peak 270.00M) | Time:00:00.16 | Mem:0.00M, Peak:0.00M | Scene, ViewLayer | Synchronizing object | Promenade_palm_3_tapered_trunk
Fra:1 Mem:270.00M (Peak 270.00M) | Time:00:00.16 | Mem:0.00M, Peak:0.00M | Scene, ViewLayer | Synchronizing object | Promenade_palm_4_tapered_trunk
Fra:1 Mem:270.01M (Peak 270.01M) | Time:00:00.16 | Mem:0.00M, Peak:0.00M | Scene, ViewLayer | Synchronizing object | Promenade_palm_5_tapered_trunk
Fra:1 Mem:270.01M (Peak 270.01M) | Time:00:00.16 | Mem:0.00M, Peak:0.00M | Scene, ViewLayer | Synchronizing object | Promenade_palm_7_tapered_trunk
Fra:1 Mem:270.03M (Peak 270.03M) | Time:00:00.16 | Mem:0.00M, Peak:0.00M | Scene, ViewLayer | Synchronizing object | Promenade_palm_8_tapered_trunk
Fra:1 Mem:270.03M (Peak 270.03M) | Time:00:00.16 | Mem:0.00M, Peak:0.00M | Scene, ViewLayer | Synchronizing object | Circuit_palm_0_tapered_trunk
Fra:1 Mem:270.04M (Peak 270.04M) | Time:00:00.16 | Mem:0.00M, Peak:0.00M | Scene, ViewLayer | Synchronizing object | Circuit_palm_1_tapered_trunk
Fra:1 Mem:270.05M (Peak 270.05M) | Time:00:00.16 | Mem:0.00M, Peak:0.00M | Scene, ViewLayer | Synchronizing object | Circuit_palm_3_tapered_trunk
Fra:1 Mem:270.05M (Peak 270.05M) | Time:00:00.16 | Mem:0.00M, Peak:0.00M | Scene, ViewLayer | Synchronizing object | Circuit_palm_4_tapered_trunk
Fra:1 Mem:270.06M (Peak 270.06M) | Time:00:00.16 | Mem:0.00M, Peak:0.00M | Scene, ViewLayer | Synchronizing object | Circuit_palm_5_tapered_trunk
Fra:1 Mem:270.08M (Peak 270.08M) | Time:00:00.16 | Mem:0.00M, Peak:0.00M | Scene, ViewLayer | Synchronizing object | Circuit_palm_8_tapered_trunk
Fra:1 Mem:270.08M (Peak 270.08M) | Time:00:00.16 | Mem:0.00M, Peak:0.00M | Scene, ViewLayer | Synchronizing object | Circuit_palm_9_tapered_trunk
Fra:1 Mem:270.08M (Peak 270.08M) | Time:00:00.16 | Mem:0.00M, Peak:0.00M | Scene, ViewLayer | Synchronizing object | Circuit_palm_10_tapered_trunk
Fra:1 Mem:270.10M (Peak 270.10M) | Time:00:00.16 | Mem:0.00M, Peak:0.00M | Scene, ViewLayer | Synchronizing object | Circuit_palm_11_tapered_trunk
Fra:1 Mem:270.11M (Peak 270.11M) | Time:00:00.16 | Mem:0.00M, Peak:0.00M | Scene, ViewLayer | Synchronizing object | Circuit_palm_12_tapered_trunk
Fra:1 Mem:270.11M (Peak 270.11M) | Time:00:00.16 | Mem:0.00M, Peak:0.00M | Scene, ViewLayer | Synchronizing object | Circuit_palm_13_tapered_trunk
Fra:1 Mem:270.12M (Peak 270.12M) | Time:00:00.16 | Mem:0.00M, Peak:0.00M | Scene, ViewLayer | Synchronizing object | Circuit_palm_15_tapered_trunk
Fra:1 Mem:270.12M (Peak 270.12M) | Time:00:00.16 | Mem:0.00M, Peak:0.00M | Scene, ViewLayer | Synchronizing object | Circuit_palm_17_tapered_trunk
Fra:1 Mem:270.14M (Peak 270.14M) | Time:00:00.16 | Mem:0.00M, Peak:0.00M | Scene, ViewLayer | Synchronizing object | Circuit_palm_20_tapered_trunk
Fra:1 Mem:270.14M (Peak 270.14M) | Time:00:00.16 | Mem:0.00M, Peak:0.00M | Scene, ViewLayer | Synchronizing object | Circuit_palm_22_tapered_trunk
Fra:1 Mem:270.16M (Peak 270.16M) | Time:00:00.16 | Mem:0.00M, Peak:0.00M | Scene, ViewLayer | Synchronizing object | Circuit_palm_23_tapered_trunk
Fra:1 Mem:270.16M (Peak 270.16M) | Time:00:00.16 | Mem:0.00M, Peak:0.00M | Scene, ViewLayer | Synchronizing object | Circuit_palm_25_tapered_trunk
Fra:1 Mem:270.17M (Peak 270.17M) | Time:00:00.16 | Mem:0.00M, Peak:0.00M | Scene, ViewLayer | Synchronizing object | Circuit_palm_26_tapered_trunk
Fra:1 Mem:270.17M (Peak 270.17M) | Time:00:00.16 | Mem:0.00M, Peak:0.00M | Scene, ViewLayer | Synchronizing object | Circuit_palm_28_tapered_trunk
Fra:1 Mem:270.18M (Peak 270.18M) | Time:00:00.16 | Mem:0.00M, Peak:0.00M | Scene, ViewLayer | Synchronizing object | Circuit_palm_29_tapered_trunk
Fra:1 Mem:270.20M (Peak 270.20M) | Time:00:00.16 | Mem:0.00M, Peak:0.00M | Scene, ViewLayer | Synchronizing object | Circuit_palm_30_tapered_trunk
Fra:1 Mem:270.21M (Peak 270.21M) | Time:00:00.16 | Mem:0.00M, Peak:0.00M | Scene, ViewLayer | Synchronizing object | Circuit_palm_31_tapered_trunk
Fra:1 Mem:270.21M (Peak 270.21M) | Time:00:00.16 | Mem:0.00M, Peak:0.00M | Scene, ViewLayer | Synchronizing object | Circuit_palm_32_tapered_trunk
Fra:1 Mem:270.22M (Peak 270.22M) | Time:00:00.16 | Mem:0.00M, Peak:0.00M | Scene, ViewLayer | Synchronizing object | Circuit_palm_33_tapered_trunk
Fra:1 Mem:270.23M (Peak 270.23M) | Time:00:00.16 | Mem:0.00M, Peak:0.00M | Scene, ViewLayer | Synchronizing object | Circuit_palm_34_tapered_trunk
Fra:1 Mem:270.26M (Peak 270.26M) | Time:00:00.16 | Mem:0.00M, Peak:0.00M | Scene, ViewLayer | Synchronizing object | Circuit_palm_36_tapered_trunk
Fra:1 Mem:270.26M (Peak 270.26M) | Time:00:00.16 | Mem:0.00M, Peak:0.00M | Scene, ViewLayer | Synchronizing object | Circuit_palm_37_tapered_trunk
Fra:1 Mem:270.26M (Peak 270.26M) | Time:00:00.16 | Mem:0.00M, Peak:0.00M | Scene, ViewLayer | Synchronizing object | Circuit_palm_39_tapered_trunk
Fra:1 Mem:270.29M (Peak 270.29M) | Time:00:00.16 | Mem:0.00M, Peak:0.00M | Scene, ViewLayer | Synchronizing object | Circuit_palm_41_tapered_trunk
Fra:1 Mem:270.29M (Peak 270.29M) | Time:00:00.16 | Mem:0.00M, Peak:0.00M | Scene, ViewLayer | Synchronizing object | Circuit_palm_43_tapered_trunk
Fra:1 Mem:270.29M (Peak 270.29M) | Time:00:00.16 | Mem:0.00M, Peak:0.00M | Scene, ViewLayer | Synchronizing object | Circuit_palm_44_tapered_trunk
Fra:1 Mem:270.31M (Peak 270.31M) | Time:00:00.16 | Mem:0.00M, Peak:0.00M | Scene, ViewLayer | Synchronizing object | Circuit_palm_45_tapered_trunk
Fra:1 Mem:270.32M (Peak 270.32M) | Time:00:00.16 | Mem:0.00M, Peak:0.00M | Scene, ViewLayer | Synchronizing object | Circuit_palm_46_tapered_trunk
Fra:1 Mem:270.34M (Peak 270.34M) | Time:00:00.16 | Mem:0.00M, Peak:0.00M | Scene, ViewLayer | Synchronizing object | Circuit_palm_47_tapered_trunk
Fra:1 Mem:270.34M (Peak 270.34M) | Time:00:00.16 | Mem:0.00M, Peak:0.00M | Scene, ViewLayer | Synchronizing object | Circuit_palm_48_tapered_trunk
Fra:1 Mem:270.36M (Peak 270.36M) | Time:00:00.16 | Mem:0.00M, Peak:0.00M | Scene, ViewLayer | Synchronizing object | West_paddock_fence_post0
Fra:1 Mem:270.37M (Peak 270.37M) | Time:00:00.16 | Mem:0.00M, Peak:0.00M | Scene, ViewLayer | Synchronizing object | West_paddock_fence_rail0_1.2
Fra:1 Mem:270.37M (Peak 270.37M) | Time:00:00.16 | Mem:0.00M, Peak:0.00M | Scene, ViewLayer | Synchronizing object | West_paddock_fence_rail0_2.2
Fra:1 Mem:270.38M (Peak 270.38M) | Time:00:00.16 | Mem:0.00M, Peak:0.00M | Scene, ViewLayer | Synchronizing object | West_paddock_fence_mesh0_1
Fra:1 Mem:270.39M (Peak 270.39M) | Time:00:00.16 | Mem:0.00M, Peak:0.00M | Scene, ViewLayer | Synchronizing object | West_paddock_fence_mesh0_2
Fra:1 Mem:270.40M (Peak 270.40M) | Time:00:00.16 | Mem:0.00M, Peak:0.00M | Scene, ViewLayer | Synchronizing object | West_paddock_fence_mesh0_3
Fra:1 Mem:270.41M (Peak 270.41M) | Time:00:00.16 | Mem:0.00M, Peak:0.00M | Scene, ViewLayer | Synchronizing object | West_paddock_fence_mesh0_4
Fra:1 Mem:270.41M (Peak 270.41M) | Time:00:00.16 | Mem:0.00M, Peak:0.00M | Scene, ViewLayer | Synchronizing object | West_paddock_fence_mesh0_5
Fra:1 Mem:270.41M (Peak 270.41M) | Time:00:00.16 | Mem:0.00M, Peak:0.00M | Scene, ViewLayer | Synchronizing object | West_paddock_fence_mesh0_7
Fra:1 Mem:270.41M (Peak 270.41M) | Time:00:00.16 | Mem:0.00M, Peak:0.00M | Scene, ViewLayer | Synchronizing object | West_paddock_fence_mesh0_8
Fra:1 Mem:270.42M (Peak 270.42M) | Time:00:00.16 | Mem:0.00M, Peak:0.00M | Scene, ViewLayer | Synchronizing object | West_paddock_fence_post1
Fra:1 Mem:270.42M (Peak 270.42M) | Time:00:00.16 | Mem:0.00M, Peak:0.00M | Scene, ViewLayer | Synchronizing object | West_paddock_fence_rail1_1.2
Fra:1 Mem:270.43M (Peak 270.43M) | Time:00:00.16 | Mem:0.00M, Peak:0.00M | Scene, ViewLayer | Synchronizing object | West_paddock_fence_mesh1_0
Fra:1 Mem:270.43M (Peak 270.43M) | Time:00:00.16 | Mem:0.00M, Peak:0.00M | Scene, ViewLayer | Synchronizing object | West_paddock_fence_mesh1_1
Fra:1 Mem:270.44M (Peak 270.45M) | Time:00:00.16 | Mem:0.00M, Peak:0.00M | Scene, ViewLayer | Synchronizing object | West_paddock_fence_mesh1_2
Fra:1 Mem:270.45M (Peak 270.45M) | Time:00:00.16 | Mem:0.00M, Peak:0.00M | Scene, ViewLayer | Synchronizing object | West_paddock_fence_mesh1_4
Fra:1 Mem:270.46M (Peak 270.46M) | Time:00:00.16 | Mem:0.00M, Peak:0.00M | Scene, ViewLayer | Synchronizing object | West_paddock_fence_mesh1_6
Fra:1 Mem:270.46M (Peak 270.46M) | Time:00:00.16 | Mem:0.00M, Peak:0.00M | Scene, ViewLayer | Synchronizing object | West_paddock_fence_mesh1_7
Fra:1 Mem:270.47M (Peak 270.47M) | Time:00:00.16 | Mem:0.00M, Peak:0.00M | Scene, ViewLayer | Synchronizing object | West_paddock_fence_post2
Fra:1 Mem:270.47M (Peak 270.47M) | Time:00:00.16 | Mem:0.00M, Peak:0.00M | Scene, ViewLayer | Synchronizing object | West_paddock_fence_rail2_0.35
Fra:1 Mem:270.48M (Peak 270.48M) | Time:00:00.16 | Mem:0.00M, Peak:0.00M | Scene, ViewLayer | Synchronizing object | West_paddock_fence_rail2_1.2
Fra:1 Mem:270.48M (Peak 270.48M) | Time:00:00.16 | Mem:0.00M, Peak:0.00M | Scene, ViewLayer | Synchronizing object | West_paddock_fence_rail2_2.2
Fra:1 Mem:270.49M (Peak 270.49M) | Time:00:00.16 | Mem:0.00M, Peak:0.00M | Scene, ViewLayer | Synchronizing object | West_paddock_fence_mesh2_0
Fra:1 Mem:270.49M (Peak 270.49M) | Time:00:00.16 | Mem:0.00M, Peak:0.00M | Scene, ViewLayer | Synchronizing object | West_paddock_fence_mesh2_1
Fra:1 Mem:270.49M (Peak 270.49M) | Time:00:00.16 | Mem:0.00M, Peak:0.00M | Scene, ViewLayer | Synchronizing object | West_paddock_fence_mesh2_2
Fra:1 Mem:270.49M (Peak 270.49M) | Time:00:00.16 | Mem:0.00M, Peak:0.00M | Scene, ViewLayer | Synchronizing object | West_paddock_fence_mesh2_3
Fra:1 Mem:270.50M (Peak 270.50M) | Time:00:00.16 | Mem:0.00M, Peak:0.00M | Scene, ViewLayer | Synchronizing object | West_paddock_fence_mesh2_4
Fra:1 Mem:270.50M (Peak 270.50M) | Time:00:00.16 | Mem:0.00M, Peak:0.00M | Scene, ViewLayer | Synchronizing object | West_paddock_fence_mesh2_7
Fra:1 Mem:270.50M (Peak 270.50M) | Time:00:00.16 | Mem:0.00M, Peak:0.00M | Scene, ViewLayer | Synchronizing object | West_paddock_fence_mesh2_8
Fra:1 Mem:270.50M (Peak 270.50M) | Time:00:00.16 | Mem:0.00M, Peak:0.00M | Scene, ViewLayer | Synchronizing object | West_paddock_fence_post3
Fra:1 Mem:270.51M (Peak 270.51M) | Time:00:00.16 | Mem:0.00M, Peak:0.00M | Scene, ViewLayer | Synchronizing object | West_paddock_fence_rail3_1.2
Fra:1 Mem:270.51M (Peak 270.51M) | Time:00:00.16 | Mem:0.00M, Peak:0.00M | Scene, ViewLayer | Synchronizing object | West_paddock_fence_rail3_2.2
Fra:1 Mem:270.51M (Peak 270.51M) | Time:00:00.16 | Mem:0.00M, Peak:0.00M | Scene, ViewLayer | Synchronizing object | West_paddock_fence_mesh3_0
Fra:1 Mem:270.52M (Peak 270.52M) | Time:00:00.16 | Mem:0.00M, Peak:0.00M | Scene, ViewLayer | Synchronizing object | West_paddock_fence_mesh3_5
Fra:1 Mem:270.53M (Peak 270.53M) | Time:00:00.16 | Mem:0.00M, Peak:0.00M | Scene, ViewLayer | Synchronizing object | West_paddock_fence_mesh3_6
Fra:1 Mem:270.53M (Peak 270.53M) | Time:00:00.16 | Mem:0.00M, Peak:0.00M | Scene, ViewLayer | Synchronizing object | West_paddock_fence_mesh3_7
Fra:1 Mem:270.54M (Peak 270.54M) | Time:00:00.16 | Mem:0.00M, Peak:0.00M | Scene, ViewLayer | Synchronizing object | West_paddock_fence_mesh3_8
Fra:1 Mem:270.54M (Peak 270.54M) | Time:00:00.16 | Mem:0.00M, Peak:0.00M | Scene, ViewLayer | Synchronizing object | West_paddock_fence_rail4_1.2
Fra:1 Mem:270.55M (Peak 270.55M) | Time:00:00.16 | Mem:0.00M, Peak:0.00M | Scene, ViewLayer | Synchronizing object | West_paddock_fence_rail4_2.2
Fra:1 Mem:270.55M (Peak 270.55M) | Time:00:00.16 | Mem:0.00M, Peak:0.00M | Scene, ViewLayer | Synchronizing object | West_paddock_fence_mesh4_0
Fra:1 Mem:270.55M (Peak 270.55M) | Time:00:00.16 | Mem:0.00M, Peak:0.00M | Scene, ViewLayer | Synchronizing object | West_paddock_fence_mesh4_2
Fra:1 Mem:270.55M (Peak 270.55M) | Time:00:00.16 | Mem:0.00M, Peak:0.00M | Scene, ViewLayer | Synchronizing object | West_paddock_fence_mesh4_3
Fra:1 Mem:270.56M (Peak 270.56M) | Time:00:00.16 | Mem:0.00M, Peak:0.00M | Scene, ViewLayer | Synchronizing object | West_paddock_fence_mesh4_4
Fra:1 Mem:270.56M (Peak 270.56M) | Time:00:00.16 | Mem:0.00M, Peak:0.00M | Scene, ViewLayer | Synchronizing object | West_paddock_fence_mesh4_5
Fra:1 Mem:270.56M (Peak 270.56M) | Time:00:00.16 | Mem:0.00M, Peak:0.00M | Scene, ViewLayer | Synchronizing object | West_paddock_fence_mesh4_6
Fra:1 Mem:270.56M (Peak 270.56M) | Time:00:00.16 | Mem:0.00M, Peak:0.00M | Scene, ViewLayer | Synchronizing object | West_paddock_fence_mesh4_7
Fra:1 Mem:270.56M (Peak 270.56M) | Time:00:00.16 | Mem:0.00M, Peak:0.00M | Scene, ViewLayer | Synchronizing object | West_paddock_fence_mesh4_8
Fra:1 Mem:270.56M (Peak 270.56M) | Time:00:00.16 | Mem:0.00M, Peak:0.00M | Scene, ViewLayer | Synchronizing object | West_paddock_fence_post5
Fra:1 Mem:270.57M (Peak 270.57M) | Time:00:00.16 | Mem:0.00M, Peak:0.00M | Scene, ViewLayer | Synchronizing object | West_paddock_fence_rail5_0.35
Fra:1 Mem:270.57M (Peak 270.57M) | Time:00:00.16 | Mem:0.00M, Peak:0.00M | Scene, ViewLayer | Synchronizing object | West_paddock_fence_rail5_2.2
Fra:1 Mem:270.57M (Peak 270.57M) | Time:00:00.16 | Mem:0.00M, Peak:0.00M | Scene, ViewLayer | Synchronizing object | West_paddock_fence_mesh5_0
Fra:1 Mem:270.57M (Peak 270.57M) | Time:00:00.16 | Mem:0.00M, Peak:0.00M | Scene, ViewLayer | Synchronizing object | West_paddock_fence_mesh5_2
Fra:1 Mem:270.57M (Peak 270.57M) | Time:00:00.16 | Mem:0.00M, Peak:0.00M | Scene, ViewLayer | Synchronizing object | West_paddock_fence_mesh5_3
Fra:1 Mem:270.58M (Peak 270.58M) | Time:00:00.16 | Mem:0.00M, Peak:0.00M | Scene, ViewLayer | Synchronizing object | West_paddock_fence_mesh5_4
Fra:1 Mem:270.58M (Peak 270.58M) | Time:00:00.16 | Mem:0.00M, Peak:0.00M | Scene, ViewLayer | Synchronizing object | West_paddock_fence_mesh5_5
Fra:1 Mem:270.58M (Peak 270.58M) | Time:00:00.16 | Mem:0.00M, Peak:0.00M | Scene, ViewLayer | Synchronizing object | West_paddock_fence_mesh5_6
Fra:1 Mem:270.58M (Peak 270.58M) | Time:00:00.16 | Mem:0.00M, Peak:0.00M | Scene, ViewLayer | Synchronizing object | West_paddock_fence_mesh5_7
Fra:1 Mem:270.58M (Peak 270.58M) | Time:00:00.16 | Mem:0.00M, Peak:0.00M | Scene, ViewLayer | Synchronizing object | West_paddock_fence_mesh5_8
Fra:1 Mem:270.58M (Peak 270.58M) | Time:00:00.16 | Mem:0.00M, Peak:0.00M | Scene, ViewLayer | Synchronizing object | West_paddock_fence_rail6_0.35
Fra:1 Mem:270.58M (Peak 270.58M) | Time:00:00.16 | Mem:0.00M, Peak:0.00M | Scene, ViewLayer | Synchronizing object | West_paddock_fence_rail6_1.2
Fra:1 Mem:270.59M (Peak 270.59M) | Time:00:00.16 | Mem:0.00M, Peak:0.00M | Scene, ViewLayer | Synchronizing object | West_paddock_fence_mesh6_0
Fra:1 Mem:270.59M (Peak 270.59M) | Time:00:00.16 | Mem:0.00M, Peak:0.00M | Scene, ViewLayer | Synchronizing object | P04A2 diagnostic sun
Fra:1 Mem:270.59M (Peak 270.59M) | Time:00:00.16 | Mem:0.00M, Peak:0.00M | Scene, ViewLayer | Synchronizing object | West_paddock_fence_mesh6_2
Fra:1 Mem:270.59M (Peak 270.59M) | Time:00:00.16 | Mem:0.00M, Peak:0.00M | Scene, ViewLayer | Synchronizing object | Promenade_palm_9_folded_fronds
Fra:1 Mem:270.59M (Peak 270.59M) | Time:00:00.16 | Mem:0.00M, Peak:0.00M | Scene, ViewLayer | Synchronizing object | West_paddock_fence_mesh6_4
Fra:1 Mem:270.59M (Peak 270.59M) | Time:00:00.16 | Mem:0.00M, Peak:0.00M | Scene, ViewLayer | Synchronizing object | West_paddock_fence_mesh6_5
Fra:1 Mem:270.60M (Peak 270.60M) | Time:00:00.16 | Mem:0.00M, Peak:0.00M | Scene, ViewLayer | Synchronizing object | West_paddock_fence_mesh6_6
Fra:1 Mem:270.60M (Peak 270.60M) | Time:00:00.16 | Mem:0.00M, Peak:0.00M | Scene, ViewLayer | Synchronizing object | West_paddock_fence_mesh6_7
Fra:1 Mem:270.60M (Peak 270.60M) | Time:00:00.16 | Mem:0.00M, Peak:0.00M | Scene, ViewLayer | Synchronizing object | West_paddock_fence_post7
Fra:1 Mem:270.60M (Peak 270.60M) | Time:00:00.16 | Mem:0.00M, Peak:0.00M | Scene, ViewLayer | Synchronizing object | West_paddock_fence_rail7_0.35
Fra:1 Mem:270.60M (Peak 270.60M) | Time:00:00.16 | Mem:0.00M, Peak:0.00M | Scene, ViewLayer | Synchronizing object | West_paddock_fence_rail7_1.2
Fra:1 Mem:270.60M (Peak 270.60M) | Time:00:00.16 | Mem:0.00M, Peak:0.00M | Scene, ViewLayer | Synchronizing object | West_paddock_fence_rail7_2.2
Fra:1 Mem:270.60M (Peak 270.60M) | Time:00:00.16 | Mem:0.00M, Peak:0.00M | Scene, ViewLayer | Synchronizing object | West_paddock_fence_mesh7_1
Fra:1 Mem:270.60M (Peak 270.60M) | Time:00:00.16 | Mem:0.00M, Peak:0.00M | Scene, ViewLayer | Synchronizing object | West_paddock_fence_mesh7_2
Fra:1 Mem:270.61M (Peak 270.61M) | Time:00:00.16 | Mem:0.00M, Peak:0.00M | Scene, ViewLayer | Synchronizing object | West_paddock_fence_mesh7_3
Fra:1 Mem:270.61M (Peak 270.61M) | Time:00:00.16 | Mem:0.00M, Peak:0.00M | Scene, ViewLayer | Synchronizing object | West_paddock_fence_mesh7_7
Fra:1 Mem:270.61M (Peak 270.61M) | Time:00:00.16 | Mem:0.00M, Peak:0.00M | Scene, ViewLayer | Synchronizing object | West_paddock_fence_mesh7_8
Fra:1 Mem:270.66M (Peak 270.66M) | Time:00:00.16 | Mem:0.00M, Peak:0.00M | Scene, ViewLayer | Synchronizing object | West_paddock_fence_post8
Fra:1 Mem:270.72M (Peak 270.72M) | Time:00:00.16 | Mem:0.00M, Peak:0.00M | Scene, ViewLayer | Synchronizing object | West_paddock_fence_rail8_0.35
Fra:1 Mem:270.76M (Peak 270.76M) | Time:00:00.16 | Mem:0.00M, Peak:0.00M | Scene, ViewLayer | Synchronizing object | West_paddock_fence_mesh8_0
Fra:1 Mem:270.76M (Peak 270.76M) | Time:00:00.16 | Mem:0.00M, Peak:0.00M | Scene, ViewLayer | Synchronizing object | West_paddock_fence_mesh8_1
Fra:1 Mem:270.77M (Peak 270.77M) | Time:00:00.16 | Mem:0.00M, Peak:0.00M | Scene, ViewLayer | Synchronizing object | West_paddock_fence_mesh8_2
Fra:1 Mem:270.77M (Peak 270.77M) | Time:00:00.16 | Mem:0.00M, Peak:0.00M | Scene, ViewLayer | Synchronizing object | West_paddock_fence_mesh8_3
Fra:1 Mem:270.77M (Peak 270.77M) | Time:00:00.16 | Mem:0.00M, Peak:0.00M | Scene, ViewLayer | Synchronizing object | West_paddock_fence_mesh8_4
Fra:1 Mem:270.77M (Peak 270.77M) | Time:00:00.16 | Mem:0.00M, Peak:0.00M | Scene, ViewLayer | Synchronizing object | West_paddock_fence_mesh8_6
Fra:1 Mem:270.77M (Peak 270.77M) | Time:00:00.16 | Mem:0.00M, Peak:0.00M | Scene, ViewLayer | Synchronizing object | West_paddock_fence_mesh8_8
Fra:1 Mem:270.77M (Peak 270.77M) | Time:00:00.16 | Mem:0.00M, Peak:0.00M | Scene, ViewLayer | Synchronizing object | West_paddock_fence_post9
Fra:1 Mem:270.77M (Peak 270.77M) | Time:00:00.16 | Mem:0.00M, Peak:0.00M | Scene, ViewLayer | Synchronizing object | West_paddock_fence_rail9_0.35
Fra:1 Mem:270.77M (Peak 270.77M) | Time:00:00.16 | Mem:0.00M, Peak:0.00M | Scene, ViewLayer | Synchronizing object | West_paddock_fence_rail9_1.2
Fra:1 Mem:270.78M (Peak 270.78M) | Time:00:00.16 | Mem:0.00M, Peak:0.00M | Scene, ViewLayer | Synchronizing object | West_paddock_fence_rail9_2.2
Fra:1 Mem:270.78M (Peak 270.78M) | Time:00:00.16 | Mem:0.00M, Peak:0.00M | Scene, ViewLayer | Synchronizing object | West_paddock_fence_mesh9_0
Fra:1 Mem:270.78M (Peak 270.78M) | Time:00:00.16 | Mem:0.00M, Peak:0.00M | Scene, ViewLayer | Synchronizing object | West_paddock_fence_mesh9_2
Fra:1 Mem:270.78M (Peak 270.78M) | Time:00:00.16 | Mem:0.00M, Peak:0.00M | Scene, ViewLayer | Synchronizing object | West_paddock_fence_mesh9_3
Fra:1 Mem:270.78M (Peak 270.78M) | Time:00:00.16 | Mem:0.00M, Peak:0.00M | Scene, ViewLayer | Synchronizing object | West_paddock_fence_mesh9_4
Fra:1 Mem:270.79M (Peak 270.79M) | Time:00:00.16 | Mem:0.00M, Peak:0.00M | Scene, ViewLayer | Synchronizing object | West_paddock_fence_mesh9_5
Fra:1 Mem:270.79M (Peak 270.79M) | Time:00:00.16 | Mem:0.00M, Peak:0.00M | Scene, ViewLayer | Synchronizing object | West_paddock_fence_mesh9_6
Fra:1 Mem:270.79M (Peak 270.79M) | Time:00:00.16 | Mem:0.00M, Peak:0.00M | Scene, ViewLayer | Synchronizing object | West_paddock_fence_mesh9_7
Fra:1 Mem:270.79M (Peak 270.79M) | Time:00:00.16 | Mem:0.00M, Peak:0.00M | Scene, ViewLayer | Synchronizing object | West_paddock_fence_post10
Fra:1 Mem:270.80M (Peak 270.80M) | Time:00:00.16 | Mem:0.00M, Peak:0.00M | Scene, ViewLayer | Synchronizing object | West_paddock_fence_rail10_1.2
Fra:1 Mem:270.80M (Peak 270.80M) | Time:00:00.16 | Mem:0.00M, Peak:0.00M | Scene, ViewLayer | Synchronizing object | West_paddock_fence_mesh10_0
Fra:1 Mem:270.80M (Peak 270.80M) | Time:00:00.16 | Mem:0.00M, Peak:0.00M | Scene, ViewLayer | Synchronizing object | West_paddock_fence_mesh10_1
Fra:1 Mem:270.80M (Peak 270.80M) | Time:00:00.16 | Mem:0.00M, Peak:0.00M | Scene, ViewLayer | Synchronizing object | West_paddock_fence_mesh10_2
Fra:1 Mem:270.80M (Peak 270.80M) | Time:00:00.16 | Mem:0.00M, Peak:0.00M | Scene, ViewLayer | Synchronizing object | West_paddock_fence_mesh10_5
Fra:1 Mem:270.80M (Peak 270.80M) | Time:00:00.16 | Mem:0.00M, Peak:0.00M | Scene, ViewLayer | Synchronizing object | West_paddock_fence_mesh10_6
Fra:1 Mem:270.81M (Peak 270.81M) | Time:00:00.16 | Mem:0.00M, Peak:0.00M | Scene, ViewLayer | Synchronizing object | West_paddock_fence_mesh10_7
Fra:1 Mem:270.81M (Peak 270.81M) | Time:00:00.16 | Mem:0.00M, Peak:0.00M | Scene, ViewLayer | Synchronizing object | West_paddock_fence_post11
Fra:1 Mem:270.81M (Peak 270.81M) | Time:00:00.16 | Mem:0.00M, Peak:0.00M | Scene, ViewLayer | Synchronizing object | West_paddock_fence_rail11_0.35
Fra:1 Mem:270.81M (Peak 270.81M) | Time:00:00.16 | Mem:0.00M, Peak:0.00M | Scene, ViewLayer | Synchronizing object | West_paddock_fence_rail11_1.2
Fra:1 Mem:270.81M (Peak 270.81M) | Time:00:00.16 | Mem:0.00M, Peak:0.00M | Scene, ViewLayer | Synchronizing object | West_paddock_fence_mesh11_0
Fra:1 Mem:270.81M (Peak 270.81M) | Time:00:00.16 | Mem:0.00M, Peak:0.00M | Scene, ViewLayer | Synchronizing object | West_paddock_fence_mesh11_1
Fra:1 Mem:270.87M (Peak 270.87M) | Time:00:00.16 | Mem:0.00M, Peak:0.00M | Scene, ViewLayer | Synchronizing object | West_paddock_fence_mesh11_2
Fra:1 Mem:270.91M (Peak 270.91M) | Time:00:00.16 | Mem:0.00M, Peak:0.00M | Scene, ViewLayer | Synchronizing object | West_paddock_fence_mesh11_3
Fra:1 Mem:270.98M (Peak 270.98M) | Time:00:00.16 | Mem:0.00M, Peak:0.00M | Scene, ViewLayer | Synchronizing object | West_paddock_fence_mesh11_5
Fra:1 Mem:270.99M (Peak 270.99M) | Time:00:00.16 | Mem:0.00M, Peak:0.00M | Scene, ViewLayer | Synchronizing object | Promenade_palm_7_folded_fronds
Fra:1 Mem:270.99M (Peak 270.99M) | Time:00:00.16 | Mem:0.00M, Peak:0.00M | Scene, ViewLayer | Synchronizing object | West_paddock_fence_mesh11_7
Fra:1 Mem:271.07M (Peak 271.07M) | Time:00:00.16 | Mem:0.00M, Peak:0.00M | Scene, ViewLayer | Synchronizing object | West_paddock_fence_mesh11_8
Fra:1 Mem:271.10M (Peak 271.10M) | Time:00:00.16 | Mem:0.00M, Peak:0.00M | Scene, ViewLayer | Synchronizing object | West_paddock_fence_post12
Fra:1 Mem:271.17M (Peak 271.14M) | Time:00:00.16 | Mem:0.00M, Peak:0.00M | Scene, ViewLayer | Synchronizing object | West_paddock_fence_rail12_0.35
Fra:1 Mem:271.14M (Peak 271.14M) | Time:00:00.16 | Mem:0.00M, Peak:0.00M | Scene, ViewLayer | Synchronizing object | Promenade_palm_6_folded_fronds
Fra:1 Mem:271.14M (Peak 271.14M) | Time:00:00.16 | Mem:0.00M, Peak:0.00M | Scene, ViewLayer | Synchronizing object | West_paddock_fence_mesh12_0
Fra:1 Mem:271.15M (Peak 271.15M) | Time:00:00.16 | Mem:0.00M, Peak:0.00M | Scene, ViewLayer | Synchronizing object | West_paddock_fence_mesh12_1
Fra:1 Mem:271.15M (Peak 271.15M) | Time:00:00.16 | Mem:0.00M, Peak:0.00M | Scene, ViewLayer | Synchronizing object | West_paddock_fence_mesh12_3
Fra:1 Mem:271.15M (Peak 271.15M) | Time:00:00.16 | Mem:0.00M, Peak:0.00M | Scene, ViewLayer | Synchronizing object | West_paddock_fence_mesh12_4
Fra:1 Mem:271.15M (Peak 271.15M) | Time:00:00.16 | Mem:0.00M, Peak:0.00M | Scene, ViewLayer | Synchronizing object | West_paddock_fence_mesh12_5
Fra:1 Mem:271.15M (Peak 271.15M) | Time:00:00.16 | Mem:0.00M, Peak:0.00M | Scene, ViewLayer | Synchronizing object | West_paddock_fence_mesh12_6
Fra:1 Mem:271.15M (Peak 271.15M) | Time:00:00.16 | Mem:0.00M, Peak:0.00M | Scene, ViewLayer | Synchronizing object | West_paddock_fence_mesh12_7
Fra:1 Mem:271.15M (Peak 271.15M) | Time:00:00.16 | Mem:0.00M, Peak:0.00M | Scene, ViewLayer | Synchronizing object | West_paddock_fence_mesh12_8
Fra:1 Mem:271.15M (Peak 271.15M) | Time:00:00.16 | Mem:0.00M, Peak:0.00M | Scene, ViewLayer | Synchronizing object | West_paddock_fence_rail13_0.35
Fra:1 Mem:271.16M (Peak 271.16M) | Time:00:00.16 | Mem:0.00M, Peak:0.00M | Scene, ViewLayer | Synchronizing object | West_paddock_fence_rail13_1.2
Fra:1 Mem:271.16M (Peak 271.16M) | Time:00:00.16 | Mem:0.00M, Peak:0.00M | Scene, ViewLayer | Synchronizing object | West_paddock_fence_rail13_2.2
Fra:1 Mem:271.16M (Peak 271.16M) | Time:00:00.16 | Mem:0.00M, Peak:0.00M | Scene, ViewLayer | Synchronizing object | West_paddock_fence_mesh13_0
Fra:1 Mem:271.16M (Peak 271.16M) | Time:00:00.16 | Mem:0.00M, Peak:0.00M | Scene, ViewLayer | Synchronizing object | West_paddock_fence_mesh13_1
Fra:1 Mem:271.16M (Peak 271.16M) | Time:00:00.16 | Mem:0.00M, Peak:0.00M | Scene, ViewLayer | Synchronizing object | West_paddock_fence_mesh13_2
Fra:1 Mem:271.16M (Peak 271.16M) | Time:00:00.16 | Mem:0.00M, Peak:0.00M | Scene, ViewLayer | Synchronizing object | West_paddock_fence_mesh13_5
Fra:1 Mem:271.16M (Peak 271.16M) | Time:00:00.16 | Mem:0.00M, Peak:0.00M | Scene, ViewLayer | Synchronizing object | West_paddock_fence_mesh13_7
Fra:1 Mem:271.34M (Peak 271.34M) | Time:00:00.16 | Mem:0.00M, Peak:0.00M | Scene, ViewLayer | Synchronizing object | West_paddock_fence_post14
Fra:1 Mem:271.31M (Peak 271.34M) | Time:00:00.16 | Mem:0.00M, Peak:0.00M | Scene, ViewLayer | Synchronizing object | Promenade_palm_5_folded_fronds
Fra:1 Mem:271.31M (Peak 271.34M) | Time:00:00.16 | Mem:0.00M, Peak:0.00M | Scene, ViewLayer | Synchronizing object | West_paddock_fence_rail14_2.2
Fra:1 Mem:271.31M (Peak 271.34M) | Time:00:00.16 | Mem:0.00M, Peak:0.00M | Scene, ViewLayer | Synchronizing object | West_paddock_fence_mesh14_0
Fra:1 Mem:271.31M (Peak 271.34M) | Time:00:00.16 | Mem:0.00M, Peak:0.00M | Scene, ViewLayer | Synchronizing object | West_paddock_fence_mesh14_1
Fra:1 Mem:271.32M (Peak 271.34M) | Time:00:00.16 | Mem:0.00M, Peak:0.00M | Scene, ViewLayer | Synchronizing object | West_paddock_fence_mesh14_2
Fra:1 Mem:271.32M (Peak 271.34M) | Time:00:00.16 | Mem:0.00M, Peak:0.00M | Scene, ViewLayer | Synchronizing object | West_paddock_fence_mesh14_4
Fra:1 Mem:271.32M (Peak 271.34M) | Time:00:00.16 | Mem:0.00M, Peak:0.00M | Scene, ViewLayer | Synchronizing object | West_paddock_fence_mesh14_5
Fra:1 Mem:271.32M (Peak 271.34M) | Time:00:00.16 | Mem:0.00M, Peak:0.00M | Scene, ViewLayer | Synchronizing object | West_paddock_fence_mesh14_6
Fra:1 Mem:271.32M (Peak 271.34M) | Time:00:00.16 | Mem:0.00M, Peak:0.00M | Scene, ViewLayer | Synchronizing object | West_paddock_fence_mesh14_8
Fra:1 Mem:271.32M (Peak 271.34M) | Time:00:00.16 | Mem:0.00M, Peak:0.00M | Scene, ViewLayer | Synchronizing object | West_paddock_fence_post15
Fra:1 Mem:271.32M (Peak 271.34M) | Time:00:00.16 | Mem:0.00M, Peak:0.00M | Scene, ViewLayer | Synchronizing object | West_paddock_fence_rail15_0.35
Fra:1 Mem:271.33M (Peak 271.34M) | Time:00:00.16 | Mem:0.00M, Peak:0.00M | Scene, ViewLayer | Synchronizing object | West_paddock_fence_rail15_2.2
Fra:1 Mem:271.33M (Peak 271.34M) | Time:00:00.16 | Mem:0.00M, Peak:0.00M | Scene, ViewLayer | Synchronizing object | West_paddock_fence_mesh15_0
Fra:1 Mem:271.33M (Peak 271.34M) | Time:00:00.16 | Mem:0.00M, Peak:0.00M | Scene, ViewLayer | Synchronizing object | West_paddock_fence_mesh15_3
Fra:1 Mem:271.33M (Peak 271.34M) | Time:00:00.16 | Mem:0.00M, Peak:0.00M | Scene, ViewLayer | Synchronizing object | West_paddock_fence_mesh15_4
Fra:1 Mem:271.43M (Peak 271.43M) | Time:00:00.16 | Mem:0.00M, Peak:0.00M | Scene, ViewLayer | Synchronizing object | West_paddock_fence_mesh15_6
Fra:1 Mem:271.46M (Peak 271.46M) | Time:00:00.16 | Mem:0.00M, Peak:0.00M | Scene, ViewLayer | Synchronizing object | West_paddock_fence_mesh15_8
Fra:1 Mem:271.54M (Peak 271.54M) | Time:00:00.16 | Mem:0.00M, Peak:0.00M | Scene, ViewLayer | Synchronizing object | West_paddock_fence_rail16_0.35
Fra:1 Mem:271.50M (Peak 271.54M) | Time:00:00.16 | Mem:0.00M, Peak:0.00M | Scene, ViewLayer | Synchronizing object | Promenade_palm_4_folded_fronds
Fra:1 Mem:271.50M (Peak 271.54M) | Time:00:00.16 | Mem:0.00M, Peak:0.00M | Scene, ViewLayer | Synchronizing object | West_paddock_fence_rail16_2.2
Fra:1 Mem:271.50M (Peak 271.54M) | Time:00:00.16 | Mem:0.00M, Peak:0.00M | Scene, ViewLayer | Synchronizing object | West_paddock_fence_mesh16_0
Fra:1 Mem:271.51M (Peak 271.54M) | Time:00:00.16 | Mem:0.00M, Peak:0.00M | Scene, ViewLayer | Synchronizing object | West_paddock_fence_mesh16_1
Fra:1 Mem:271.51M (Peak 271.54M) | Time:00:00.16 | Mem:0.00M, Peak:0.00M | Scene, ViewLayer | Synchronizing object | West_paddock_fence_mesh16_3
Fra:1 Mem:271.51M (Peak 271.54M) | Time:00:00.16 | Mem:0.00M, Peak:0.00M | Scene, ViewLayer | Synchronizing object | West_paddock_fence_mesh16_4
Fra:1 Mem:271.51M (Peak 271.54M) | Time:00:00.16 | Mem:0.00M, Peak:0.00M | Scene, ViewLayer | Synchronizing object | West_paddock_fence_mesh16_5
Fra:1 Mem:271.51M (Peak 271.54M) | Time:00:00.16 | Mem:0.00M, Peak:0.00M | Scene, ViewLayer | Synchronizing object | West_paddock_fence_mesh16_6
Fra:1 Mem:271.51M (Peak 271.54M) | Time:00:00.16 | Mem:0.00M, Peak:0.00M | Scene, ViewLayer | Synchronizing object | West_paddock_fence_mesh16_8
Fra:1 Mem:271.51M (Peak 271.54M) | Time:00:00.16 | Mem:0.00M, Peak:0.00M | Scene, ViewLayer | Synchronizing object | West_paddock_fence_post17
Fra:1 Mem:271.52M (Peak 271.54M) | Time:00:00.16 | Mem:0.00M, Peak:0.00M | Scene, ViewLayer | Synchronizing object | West_paddock_fence_rail17_0.35
Fra:1 Mem:271.52M (Peak 271.54M) | Time:00:00.16 | Mem:0.00M, Peak:0.00M | Scene, ViewLayer | Synchronizing object | West_paddock_fence_rail17_1.2
Fra:1 Mem:271.52M (Peak 271.54M) | Time:00:00.16 | Mem:0.00M, Peak:0.00M | Scene, ViewLayer | Synchronizing object | West_paddock_fence_rail17_2.2
Fra:1 Mem:271.52M (Peak 271.54M) | Time:00:00.16 | Mem:0.00M, Peak:0.00M | Scene, ViewLayer | Synchronizing object | West_paddock_fence_mesh17_0
Fra:1 Mem:271.52M (Peak 271.54M) | Time:00:00.16 | Mem:0.00M, Peak:0.00M | Scene, ViewLayer | Synchronizing object | West_paddock_fence_mesh17_2
Fra:1 Mem:271.52M (Peak 271.54M) | Time:00:00.16 | Mem:0.00M, Peak:0.00M | Scene, ViewLayer | Synchronizing object | West_paddock_fence_mesh17_3
Fra:1 Mem:271.52M (Peak 271.54M) | Time:00:00.16 | Mem:0.00M, Peak:0.00M | Scene, ViewLayer | Synchronizing object | West_paddock_fence_mesh17_6
Fra:1 Mem:271.53M (Peak 271.54M) | Time:00:00.16 | Mem:0.00M, Peak:0.00M | Scene, ViewLayer | Synchronizing object | West_paddock_fence_mesh17_7
Fra:1 Mem:271.53M (Peak 271.54M) | Time:00:00.16 | Mem:0.00M, Peak:0.00M | Scene, ViewLayer | Synchronizing object | West_paddock_fence_mesh17_8
Fra:1 Mem:271.53M (Peak 271.54M) | Time:00:00.16 | Mem:0.00M, Peak:0.00M | Scene, ViewLayer | Synchronizing object | West_paddock_fence_post18
Fra:1 Mem:271.53M (Peak 271.54M) | Time:00:00.16 | Mem:0.00M, Peak:0.00M | Scene, ViewLayer | Synchronizing object | West_paddock_fence_rail18_2.2
Fra:1 Mem:271.53M (Peak 271.54M) | Time:00:00.16 | Mem:0.00M, Peak:0.00M | Scene, ViewLayer | Synchronizing object | West_paddock_fence_mesh18_0
Fra:1 Mem:271.54M (Peak 271.54M) | Time:00:00.16 | Mem:0.00M, Peak:0.00M | Scene, ViewLayer | Synchronizing object | West_paddock_fence_mesh18_2
Fra:1 Mem:271.54M (Peak 271.54M) | Time:00:00.16 | Mem:0.00M, Peak:0.00M | Scene, ViewLayer | Synchronizing object | West_paddock_fence_mesh18_3
Fra:1 Mem:271.54M (Peak 271.54M) | Time:00:00.16 | Mem:0.00M, Peak:0.00M | Scene, ViewLayer | Synchronizing object | West_paddock_fence_mesh18_4
Fra:1 Mem:271.54M (Peak 271.54M) | Time:00:00.16 | Mem:0.00M, Peak:0.00M | Scene, ViewLayer | Synchronizing object | West_paddock_fence_mesh18_5
Fra:1 Mem:271.54M (Peak 271.54M) | Time:00:00.16 | Mem:0.00M, Peak:0.00M | Scene, ViewLayer | Synchronizing object | West_paddock_fence_mesh18_7
Fra:1 Mem:271.54M (Peak 271.54M) | Time:00:00.16 | Mem:0.00M, Peak:0.00M | Scene, ViewLayer | Synchronizing object | West_paddock_fence_mesh18_8
Fra:1 Mem:271.54M (Peak 271.54M) | Time:00:00.16 | Mem:0.00M, Peak:0.00M | Scene, ViewLayer | Synchronizing object | West_paddock_fence_post19
Fra:1 Mem:271.54M (Peak 271.54M) | Time:00:00.16 | Mem:0.00M, Peak:0.00M | Scene, ViewLayer | Synchronizing object | West_paddock_fence_rail19_0.35
Fra:1 Mem:271.55M (Peak 271.55M) | Time:00:00.16 | Mem:0.00M, Peak:0.00M | Scene, ViewLayer | Synchronizing object | West_paddock_fence_rail19_1.2
Fra:1 Mem:271.55M (Peak 271.55M) | Time:00:00.16 | Mem:0.00M, Peak:0.00M | Scene, ViewLayer | Synchronizing object | West_paddock_fence_rail19_2.2
Fra:1 Mem:271.55M (Peak 271.55M) | Time:00:00.16 | Mem:0.00M, Peak:0.00M | Scene, ViewLayer | Synchronizing object | West_paddock_fence_mesh19_0
Fra:1 Mem:271.55M (Peak 271.55M) | Time:00:00.16 | Mem:0.00M, Peak:0.00M | Scene, ViewLayer | Synchronizing object | West_paddock_fence_mesh19_2
Fra:1 Mem:271.55M (Peak 271.55M) | Time:00:00.16 | Mem:0.00M, Peak:0.00M | Scene, ViewLayer | Synchronizing object | West_paddock_fence_mesh19_4
Fra:1 Mem:271.55M (Peak 271.55M) | Time:00:00.16 | Mem:0.00M, Peak:0.00M | Scene, ViewLayer | Synchronizing object | West_paddock_fence_mesh19_5
Fra:1 Mem:271.55M (Peak 271.55M) | Time:00:00.16 | Mem:0.00M, Peak:0.00M | Scene, ViewLayer | Synchronizing object | West_paddock_fence_mesh19_6
Fra:1 Mem:271.56M (Peak 271.56M) | Time:00:00.16 | Mem:0.00M, Peak:0.00M | Scene, ViewLayer | Synchronizing object | West_paddock_fence_mesh19_7
Fra:1 Mem:271.56M (Peak 271.56M) | Time:00:00.16 | Mem:0.00M, Peak:0.00M | Scene, ViewLayer | Synchronizing object | West_paddock_fence_mesh19_8
Fra:1 Mem:271.56M (Peak 271.56M) | Time:00:00.16 | Mem:0.00M, Peak:0.00M | Scene, ViewLayer | Synchronizing object | West_paddock_fence_post20
Fra:1 Mem:271.56M (Peak 271.56M) | Time:00:00.16 | Mem:0.00M, Peak:0.00M | Scene, ViewLayer | Synchronizing object | West_paddock_fence_rail20_1.2
Fra:1 Mem:271.56M (Peak 271.56M) | Time:00:00.16 | Mem:0.00M, Peak:0.00M | Scene, ViewLayer | Synchronizing object | West_paddock_fence_rail20_2.2
Fra:1 Mem:271.57M (Peak 271.57M) | Time:00:00.16 | Mem:0.00M, Peak:0.00M | Scene, ViewLayer | Synchronizing object | West_paddock_fence_mesh20_0
Fra:1 Mem:271.57M (Peak 271.57M) | Time:00:00.16 | Mem:0.00M, Peak:0.00M | Scene, ViewLayer | Synchronizing object | West_paddock_fence_mesh20_2
Fra:1 Mem:271.57M (Peak 271.57M) | Time:00:00.16 | Mem:0.00M, Peak:0.00M | Scene, ViewLayer | Synchronizing object | West_paddock_fence_mesh20_5
Fra:1 Mem:271.66M (Peak 271.66M) | Time:00:00.16 | Mem:0.00M, Peak:0.00M | Scene, ViewLayer | Synchronizing object | West_paddock_fence_mesh20_6
Fra:1 Mem:271.69M (Peak 271.69M) | Time:00:00.16 | Mem:0.00M, Peak:0.00M | Scene, ViewLayer | Synchronizing object | West_paddock_fence_mesh20_7
Fra:1 Mem:271.76M (Peak 271.76M) | Time:00:00.16 | Mem:0.00M, Peak:0.00M | Scene, ViewLayer | Synchronizing object | West_paddock_fence_mesh20_8
Fra:1 Mem:271.73M (Peak 271.76M) | Time:00:00.16 | Mem:0.00M, Peak:0.00M | Scene, ViewLayer | Synchronizing object | West_paddock_fence_post21
Fra:1 Mem:271.73M (Peak 271.76M) | Time:00:00.16 | Mem:0.00M, Peak:0.00M | Scene, ViewLayer | Synchronizing object | West_paddock_fence_rail21_0.35
Fra:1 Mem:271.73M (Peak 271.76M) | Time:00:00.16 | Mem:0.00M, Peak:0.00M | Scene, ViewLayer | Synchronizing object | West_paddock_fence_rail21_1.2
Fra:1 Mem:271.73M (Peak 271.76M) | Time:00:00.16 | Mem:0.00M, Peak:0.00M | Scene, ViewLayer | Synchronizing object | West_paddock_fence_rail21_2.2
Fra:1 Mem:271.73M (Peak 271.76M) | Time:00:00.16 | Mem:0.00M, Peak:0.00M | Scene, ViewLayer | Synchronizing object | West_paddock_fence_mesh21_0
Fra:1 Mem:271.73M (Peak 271.76M) | Time:00:00.16 | Mem:0.00M, Peak:0.00M | Scene, ViewLayer | Synchronizing object | West_paddock_fence_mesh21_1
Fra:1 Mem:271.73M (Peak 271.76M) | Time:00:00.16 | Mem:0.00M, Peak:0.00M | Scene, ViewLayer | Synchronizing object | West_paddock_fence_mesh21_2
Fra:1 Mem:271.74M (Peak 271.76M) | Time:00:00.16 | Mem:0.00M, Peak:0.00M | Scene, ViewLayer | Synchronizing object | West_paddock_fence_mesh21_4
Fra:1 Mem:271.74M (Peak 271.76M) | Time:00:00.16 | Mem:0.00M, Peak:0.00M | Scene, ViewLayer | Synchronizing object | West_paddock_fence_mesh21_6
Fra:1 Mem:271.74M (Peak 271.76M) | Time:00:00.16 | Mem:0.00M, Peak:0.00M | Scene, ViewLayer | Synchronizing object | West_paddock_fence_mesh21_7
Fra:1 Mem:271.74M (Peak 271.76M) | Time:00:00.16 | Mem:0.00M, Peak:0.00M | Scene, ViewLayer | Synchronizing object | West_paddock_fence_mesh21_8
Fra:1 Mem:271.74M (Peak 271.76M) | Time:00:00.16 | Mem:0.00M, Peak:0.00M | Scene, ViewLayer | Synchronizing object | West_paddock_fence_rail22_0.35
Fra:1 Mem:271.74M (Peak 271.76M) | Time:00:00.16 | Mem:0.00M, Peak:0.00M | Scene, ViewLayer | Synchronizing object | West_paddock_fence_rail22_2.2
Fra:1 Mem:271.74M (Peak 271.76M) | Time:00:00.16 | Mem:0.00M, Peak:0.00M | Scene, ViewLayer | Synchronizing object | West_paddock_fence_mesh22_0
Fra:1 Mem:271.74M (Peak 271.76M) | Time:00:00.16 | Mem:0.00M, Peak:0.00M | Scene, ViewLayer | Synchronizing object | West_paddock_fence_mesh22_1
Fra:1 Mem:271.75M (Peak 271.76M) | Time:00:00.16 | Mem:0.00M, Peak:0.00M | Scene, ViewLayer | Synchronizing object | West_paddock_fence_mesh22_2
Fra:1 Mem:271.75M (Peak 271.76M) | Time:00:00.16 | Mem:0.00M, Peak:0.00M | Scene, ViewLayer | Synchronizing object | West_paddock_fence_mesh22_3
Fra:1 Mem:271.75M (Peak 271.76M) | Time:00:00.16 | Mem:0.00M, Peak:0.00M | Scene, ViewLayer | Synchronizing object | West_paddock_fence_mesh22_4
Fra:1 Mem:271.83M (Peak 271.83M) | Time:00:00.16 | Mem:0.00M, Peak:0.00M | Scene, ViewLayer | Synchronizing object | West_paddock_fence_mesh22_6
Fra:1 Mem:271.86M (Peak 271.86M) | Time:00:00.16 | Mem:0.00M, Peak:0.00M | Scene, ViewLayer | Synchronizing object | West_paddock_fence_mesh22_7
Fra:1 Mem:271.92M (Peak 271.92M) | Time:00:00.16 | Mem:0.00M, Peak:0.00M | Scene, ViewLayer | Synchronizing object | West_paddock_fence_mesh22_8
Fra:1 Mem:271.89M (Peak 271.92M) | Time:00:00.16 | Mem:0.00M, Peak:0.00M | Scene, ViewLayer | Synchronizing object | West_paddock_fence_post23
Fra:1 Mem:271.89M (Peak 271.92M) | Time:00:00.16 | Mem:0.00M, Peak:0.00M | Scene, ViewLayer | Synchronizing object | West_paddock_fence_mesh23_0
Fra:1 Mem:271.90M (Peak 271.92M) | Time:00:00.16 | Mem:0.00M, Peak:0.00M | Scene, ViewLayer | Synchronizing object | West_paddock_fence_mesh23_1
Fra:1 Mem:271.90M (Peak 271.92M) | Time:00:00.16 | Mem:0.00M, Peak:0.00M | Scene, ViewLayer | Synchronizing object | West_paddock_fence_mesh23_3
Fra:1 Mem:271.90M (Peak 271.92M) | Time:00:00.16 | Mem:0.00M, Peak:0.00M | Scene, ViewLayer | Synchronizing object | West_paddock_fence_mesh23_4
Fra:1 Mem:271.90M (Peak 271.92M) | Time:00:00.16 | Mem:0.00M, Peak:0.00M | Scene, ViewLayer | Synchronizing object | West_paddock_fence_mesh23_5
Fra:1 Mem:271.90M (Peak 271.92M) | Time:00:00.16 | Mem:0.00M, Peak:0.00M | Scene, ViewLayer | Synchronizing object | West_paddock_fence_mesh23_7
Fra:1 Mem:271.90M (Peak 271.92M) | Time:00:00.16 | Mem:0.00M, Peak:0.00M | Scene, ViewLayer | Synchronizing object | West_paddock_fence_mesh23_8
Fra:1 Mem:271.91M (Peak 271.92M) | Time:00:00.16 | Mem:0.00M, Peak:0.00M | Scene, ViewLayer | Synchronizing object | West_paddock_fence_post24
Fra:1 Mem:271.91M (Peak 271.92M) | Time:00:00.16 | Mem:0.00M, Peak:0.00M | Scene, ViewLayer | Synchronizing object | West_paddock_fence_rail24_0.35
Fra:1 Mem:271.91M (Peak 271.92M) | Time:00:00.16 | Mem:0.00M, Peak:0.00M | Scene, ViewLayer | Synchronizing object | West_paddock_fence_rail24_2.2
Fra:1 Mem:271.91M (Peak 271.92M) | Time:00:00.16 | Mem:0.00M, Peak:0.00M | Scene, ViewLayer | Synchronizing object | West_paddock_fence_mesh24_0
Fra:1 Mem:271.98M (Peak 271.98M) | Time:00:00.16 | Mem:0.00M, Peak:0.00M | Scene, ViewLayer | Synchronizing object | West_paddock_fence_mesh24_1
Fra:1 Mem:272.04M (Peak 272.04M) | Time:00:00.16 | Mem:0.00M, Peak:0.00M | Scene, ViewLayer | Synchronizing object | West_paddock_fence_mesh24_4
Fra:1 Mem:272.08M (Peak 272.08M) | Time:00:00.16 | Mem:0.00M, Peak:0.00M | Scene, ViewLayer | Synchronizing object | West_paddock_fence_mesh24_6
Fra:1 Mem:272.09M (Peak 272.09M) | Time:00:00.16 | Mem:0.00M, Peak:0.00M | Scene, ViewLayer | Synchronizing object | West_paddock_fence_mesh24_7
Fra:1 Mem:272.09M (Peak 272.09M) | Time:00:00.16 | Mem:0.00M, Peak:0.00M | Scene, ViewLayer | Synchronizing object | West_paddock_fence_post25
Fra:1 Mem:272.09M (Peak 272.09M) | Time:00:00.16 | Mem:0.00M, Peak:0.00M | Scene, ViewLayer | Synchronizing object | West_paddock_fence_rail25_0.35
Fra:1 Mem:272.09M (Peak 272.09M) | Time:00:00.16 | Mem:0.00M, Peak:0.00M | Scene, ViewLayer | Synchronizing object | West_paddock_fence_rail25_2.2
Fra:1 Mem:272.09M (Peak 272.09M) | Time:00:00.16 | Mem:0.00M, Peak:0.00M | Scene, ViewLayer | Synchronizing object | West_paddock_fence_mesh25_1
Fra:1 Mem:272.09M (Peak 272.09M) | Time:00:00.16 | Mem:0.00M, Peak:0.00M | Scene, ViewLayer | Synchronizing object | West_paddock_fence_mesh25_2
Fra:1 Mem:272.10M (Peak 272.10M) | Time:00:00.16 | Mem:0.00M, Peak:0.00M | Scene, ViewLayer | Synchronizing object | West_paddock_fence_mesh25_3
Fra:1 Mem:272.10M (Peak 272.10M) | Time:00:00.16 | Mem:0.00M, Peak:0.00M | Scene, ViewLayer | Synchronizing object | West_paddock_fence_mesh25_4
Fra:1 Mem:272.10M (Peak 272.10M) | Time:00:00.16 | Mem:0.00M, Peak:0.00M | Scene, ViewLayer | Synchronizing object | West_paddock_fence_mesh25_5
Fra:1 Mem:272.10M (Peak 272.10M) | Time:00:00.16 | Mem:0.00M, Peak:0.00M | Scene, ViewLayer | Synchronizing object | West_paddock_fence_mesh25_7
Fra:1 Mem:272.10M (Peak 272.10M) | Time:00:00.16 | Mem:0.00M, Peak:0.00M | Scene, ViewLayer | Synchronizing object | West_paddock_fence_mesh25_8
Fra:1 Mem:272.10M (Peak 272.10M) | Time:00:00.16 | Mem:0.00M, Peak:0.00M | Scene, ViewLayer | Synchronizing object | West_paddock_fence_post26
Fra:1 Mem:272.10M (Peak 272.10M) | Time:00:00.16 | Mem:0.00M, Peak:0.00M | Scene, ViewLayer | Synchronizing object | West_paddock_fence_rail26_1.2
Fra:1 Mem:272.11M (Peak 272.11M) | Time:00:00.16 | Mem:0.00M, Peak:0.00M | Scene, ViewLayer | Synchronizing object | West_paddock_fence_mesh26_0
Fra:1 Mem:272.11M (Peak 272.11M) | Time:00:00.16 | Mem:0.00M, Peak:0.00M | Scene, ViewLayer | Synchronizing object | West_paddock_fence_mesh26_1
Fra:1 Mem:272.17M (Peak 272.17M) | Time:00:00.16 | Mem:0.00M, Peak:0.00M | Scene, ViewLayer | Synchronizing object | West_paddock_fence_mesh26_2
Fra:1 Mem:272.23M (Peak 272.23M) | Time:00:00.16 | Mem:0.00M, Peak:0.00M | Scene, ViewLayer | Synchronizing object | West_paddock_fence_mesh26_3
Fra:1 Mem:272.29M (Peak 272.29M) | Time:00:00.16 | Mem:0.00M, Peak:0.00M | Scene, ViewLayer | Synchronizing object | West_paddock_fence_mesh26_5
Fra:1 Mem:272.26M (Peak 272.29M) | Time:00:00.16 | Mem:0.00M, Peak:0.00M | Scene, ViewLayer | Synchronizing object | Promenade_palm_10_folded_fronds
Fra:1 Mem:272.27M (Peak 272.29M) | Time:00:00.16 | Mem:0.00M, Peak:0.00M | Scene, ViewLayer | Synchronizing object | West_paddock_fence_mesh26_6
Fra:1 Mem:272.27M (Peak 272.29M) | Time:00:00.16 | Mem:0.00M, Peak:0.00M | Scene, ViewLayer | Synchronizing object | West_paddock_fence_mesh26_7
Fra:1 Mem:272.27M (Peak 272.29M) | Time:00:00.16 | Mem:0.00M, Peak:0.00M | Scene, ViewLayer | Synchronizing object | West_paddock_fence_mesh26_8
Fra:1 Mem:272.27M (Peak 272.29M) | Time:00:00.16 | Mem:0.00M, Peak:0.00M | Scene, ViewLayer | Synchronizing object | West_paddock_fence_rail27_1.2
Fra:1 Mem:272.27M (Peak 272.29M) | Time:00:00.16 | Mem:0.00M, Peak:0.00M | Scene, ViewLayer | Synchronizing object | West_paddock_fence_mesh27_0
Fra:1 Mem:272.28M (Peak 272.29M) | Time:00:00.16 | Mem:0.00M, Peak:0.00M | Scene, ViewLayer | Synchronizing object | West_paddock_fence_mesh27_2
Fra:1 Mem:272.28M (Peak 272.29M) | Time:00:00.16 | Mem:0.00M, Peak:0.00M | Scene, ViewLayer | Synchronizing object | West_paddock_fence_mesh27_3
Fra:1 Mem:272.28M (Peak 272.29M) | Time:00:00.16 | Mem:0.00M, Peak:0.00M | Scene, ViewLayer | Synchronizing object | West_paddock_fence_mesh27_6
Fra:1 Mem:272.28M (Peak 272.29M) | Time:00:00.16 | Mem:0.00M, Peak:0.00M | Scene, ViewLayer | Synchronizing object | West_paddock_fence_mesh27_7
Fra:1 Mem:272.28M (Peak 272.29M) | Time:00:00.16 | Mem:0.00M, Peak:0.00M | Scene, ViewLayer | Synchronizing object | West_paddock_fence_post28
Fra:1 Mem:272.29M (Peak 272.29M) | Time:00:00.16 | Mem:0.00M, Peak:0.00M | Scene, ViewLayer | Synchronizing object | West_paddock_fence_rail28_1.2
Fra:1 Mem:272.29M (Peak 272.29M) | Time:00:00.16 | Mem:0.00M, Peak:0.00M | Scene, ViewLayer | Synchronizing object | West_paddock_fence_rail28_2.2
Fra:1 Mem:272.34M (Peak 272.34M) | Time:00:00.16 | Mem:0.00M, Peak:0.00M | Scene, ViewLayer | Synchronizing object | West_paddock_fence_mesh28_1
Fra:1 Mem:272.40M (Peak 272.40M) | Time:00:00.16 | Mem:0.00M, Peak:0.00M | Scene, ViewLayer | Synchronizing object | West_paddock_fence_mesh28_2
Fra:1 Mem:272.40M (Peak 272.40M) | Time:00:00.16 | Mem:0.00M, Peak:0.00M | Scene, ViewLayer | Synchronizing object | West_paddock_fence_mesh28_3
Fra:1 Mem:272.43M (Peak 272.43M) | Time:00:00.16 | Mem:0.00M, Peak:0.00M | Scene, ViewLayer | Synchronizing object | West_paddock_fence_mesh28_4
Fra:1 Mem:272.44M (Peak 272.44M) | Time:00:00.16 | Mem:0.00M, Peak:0.00M | Scene, ViewLayer | Synchronizing object | West_paddock_fence_mesh28_6
Fra:1 Mem:272.44M (Peak 272.44M) | Time:00:00.16 | Mem:0.00M, Peak:0.00M | Scene, ViewLayer | Synchronizing object | West_paddock_fence_mesh28_7
Fra:1 Mem:272.44M (Peak 272.44M) | Time:00:00.16 | Mem:0.00M, Peak:0.00M | Scene, ViewLayer | Synchronizing object | West_paddock_fence_mesh28_8
Fra:1 Mem:272.44M (Peak 272.44M) | Time:00:00.16 | Mem:0.00M, Peak:0.00M | Scene, ViewLayer | Synchronizing object | West_paddock_fence_rail29_1.2
Fra:1 Mem:272.44M (Peak 272.44M) | Time:00:00.16 | Mem:0.00M, Peak:0.00M | Scene, ViewLayer | Synchronizing object | West_paddock_fence_rail29_2.2
Fra:1 Mem:272.45M (Peak 272.45M) | Time:00:00.16 | Mem:0.00M, Peak:0.00M | Scene, ViewLayer | Synchronizing object | West_paddock_fence_mesh29_0
Fra:1 Mem:272.45M (Peak 272.45M) | Time:00:00.16 | Mem:0.00M, Peak:0.00M | Scene, ViewLayer | Synchronizing object | West_paddock_fence_mesh29_1
Fra:1 Mem:272.45M (Peak 272.45M) | Time:00:00.16 | Mem:0.00M, Peak:0.00M | Scene, ViewLayer | Synchronizing object | West_paddock_fence_mesh29_3
Fra:1 Mem:272.45M (Peak 272.45M) | Time:00:00.16 | Mem:0.00M, Peak:0.00M | Scene, ViewLayer | Synchronizing object | West_paddock_fence_mesh29_4
Fra:1 Mem:272.45M (Peak 272.45M) | Time:00:00.16 | Mem:0.00M, Peak:0.00M | Scene, ViewLayer | Synchronizing object | West_paddock_fence_mesh29_5
Fra:1 Mem:272.45M (Peak 272.45M) | Time:00:00.16 | Mem:0.00M, Peak:0.00M | Scene, ViewLayer | Synchronizing object | West_paddock_fence_mesh29_6
Fra:1 Mem:272.45M (Peak 272.45M) | Time:00:00.16 | Mem:0.00M, Peak:0.00M | Scene, ViewLayer | Synchronizing object | West_paddock_fence_mesh29_7
Fra:1 Mem:272.45M (Peak 272.45M) | Time:00:00.16 | Mem:0.00M, Peak:0.00M | Scene, ViewLayer | Synchronizing object | West_paddock_fence_mesh29_8
Fra:1 Mem:272.45M (Peak 272.45M) | Time:00:00.16 | Mem:0.00M, Peak:0.00M | Scene, ViewLayer | Synchronizing object | West_paddock_fence_post30
Fra:1 Mem:272.45M (Peak 272.45M) | Time:00:00.16 | Mem:0.00M, Peak:0.00M | Scene, ViewLayer | Synchronizing object | West_paddock_fence_rail30_0.35
Fra:1 Mem:272.46M (Peak 272.46M) | Time:00:00.16 | Mem:0.00M, Peak:0.00M | Scene, ViewLayer | Synchronizing object | West_paddock_fence_rail30_1.2
Fra:1 Mem:272.46M (Peak 272.46M) | Time:00:00.16 | Mem:0.00M, Peak:0.00M | Scene, ViewLayer | Synchronizing object | West_paddock_fence_rail30_2.2
Fra:1 Mem:272.46M (Peak 272.46M) | Time:00:00.16 | Mem:0.00M, Peak:0.00M | Scene, ViewLayer | Synchronizing object | West_paddock_fence_mesh30_1
Fra:1 Mem:272.46M (Peak 272.46M) | Time:00:00.16 | Mem:0.00M, Peak:0.00M | Scene, ViewLayer | Synchronizing object | West_paddock_fence_mesh30_2
Fra:1 Mem:272.46M (Peak 272.46M) | Time:00:00.16 | Mem:0.00M, Peak:0.00M | Scene, ViewLayer | Synchronizing object | West_paddock_fence_mesh30_3
Fra:1 Mem:272.46M (Peak 272.46M) | Time:00:00.16 | Mem:0.00M, Peak:0.00M | Scene, ViewLayer | Synchronizing object | West_paddock_fence_mesh30_4
Fra:1 Mem:272.46M (Peak 272.46M) | Time:00:00.16 | Mem:0.00M, Peak:0.00M | Scene, ViewLayer | Synchronizing object | West_paddock_fence_mesh30_6
Fra:1 Mem:272.47M (Peak 272.47M) | Time:00:00.16 | Mem:0.00M, Peak:0.00M | Scene, ViewLayer | Synchronizing object | West_paddock_fence_mesh30_7
Fra:1 Mem:272.47M (Peak 272.47M) | Time:00:00.16 | Mem:0.00M, Peak:0.00M | Scene, ViewLayer | Synchronizing object | West_paddock_fence_mesh30_8
Fra:1 Mem:272.47M (Peak 272.47M) | Time:00:00.16 | Mem:0.00M, Peak:0.00M | Scene, ViewLayer | Synchronizing object | West_paddock_fence_post31
Fra:1 Mem:272.47M (Peak 272.47M) | Time:00:00.16 | Mem:0.00M, Peak:0.00M | Scene, ViewLayer | Synchronizing object | West_paddock_fence_rail31_0.35
Fra:1 Mem:272.47M (Peak 272.47M) | Time:00:00.16 | Mem:0.00M, Peak:0.00M | Scene, ViewLayer | Synchronizing object | West_paddock_fence_rail31_1.2
Fra:1 Mem:272.48M (Peak 272.48M) | Time:00:00.16 | Mem:0.00M, Peak:0.00M | Scene, ViewLayer | Synchronizing object | West_paddock_fence_mesh31_0
Fra:1 Mem:272.48M (Peak 272.48M) | Time:00:00.16 | Mem:0.00M, Peak:0.00M | Scene, ViewLayer | Synchronizing object | West_paddock_fence_mesh31_2
Fra:1 Mem:272.48M (Peak 272.48M) | Time:00:00.16 | Mem:0.00M, Peak:0.00M | Scene, ViewLayer | Synchronizing object | West_paddock_fence_mesh31_3
Fra:1 Mem:272.48M (Peak 272.48M) | Time:00:00.16 | Mem:0.00M, Peak:0.00M | Scene, ViewLayer | Synchronizing object | West_paddock_fence_mesh31_4
Fra:1 Mem:272.51M (Peak 272.51M) | Time:00:00.16 | Mem:0.00M, Peak:0.00M | Scene, ViewLayer | Synchronizing object | West_paddock_fence_mesh31_5
Fra:1 Mem:272.54M (Peak 272.54M) | Time:00:00.16 | Mem:0.00M, Peak:0.00M | Scene, ViewLayer | Synchronizing object | West_paddock_fence_mesh31_7
Fra:1 Mem:272.61M (Peak 272.61M) | Time:00:00.16 | Mem:0.00M, Peak:0.00M | Scene, ViewLayer | Synchronizing object | West_paddock_fence_mesh31_8
Fra:1 Mem:272.69M (Peak 272.69M) | Time:00:00.16 | Mem:0.00M, Peak:0.00M | Scene, ViewLayer | Synchronizing object | West_paddock_fence_post32
Fra:1 Mem:272.65M (Peak 272.69M) | Time:00:00.16 | Mem:0.00M, Peak:0.00M | Scene, ViewLayer | Synchronizing object | West_paddock_fence_rail32_1.2
Fra:1 Mem:272.66M (Peak 272.69M) | Time:00:00.16 | Mem:0.00M, Peak:0.00M | Scene, ViewLayer | Synchronizing object | West_paddock_fence_rail32_2.2
Fra:1 Mem:272.66M (Peak 272.69M) | Time:00:00.16 | Mem:0.00M, Peak:0.00M | Scene, ViewLayer | Synchronizing object | West_paddock_fence_mesh32_2
Fra:1 Mem:272.66M (Peak 272.69M) | Time:00:00.16 | Mem:0.00M, Peak:0.00M | Scene, ViewLayer | Synchronizing object | West_paddock_fence_mesh32_3
Fra:1 Mem:272.66M (Peak 272.69M) | Time:00:00.16 | Mem:0.00M, Peak:0.00M | Scene, ViewLayer | Synchronizing object | West_paddock_fence_mesh32_5
Fra:1 Mem:272.66M (Peak 272.69M) | Time:00:00.16 | Mem:0.00M, Peak:0.00M | Scene, ViewLayer | Synchronizing object | West_paddock_fence_mesh32_6
Fra:1 Mem:272.66M (Peak 272.69M) | Time:00:00.16 | Mem:0.00M, Peak:0.00M | Scene, ViewLayer | Synchronizing object | West_paddock_fence_mesh32_8
Fra:1 Mem:272.66M (Peak 272.69M) | Time:00:00.16 | Mem:0.00M, Peak:0.00M | Scene, ViewLayer | Synchronizing object | West_paddock_fence_post33
Fra:1 Mem:272.66M (Peak 272.69M) | Time:00:00.16 | Mem:0.00M, Peak:0.00M | Scene, ViewLayer | Synchronizing object | West_paddock_fence_rail33_1.2
Fra:1 Mem:272.67M (Peak 272.69M) | Time:00:00.16 | Mem:0.00M, Peak:0.00M | Scene, ViewLayer | Synchronizing object | West_paddock_fence_rail33_2.2
Fra:1 Mem:272.67M (Peak 272.69M) | Time:00:00.16 | Mem:0.00M, Peak:0.00M | Scene, ViewLayer | Synchronizing object | West_paddock_fence_mesh33_1
Fra:1 Mem:272.67M (Peak 272.69M) | Time:00:00.16 | Mem:0.00M, Peak:0.00M | Scene, ViewLayer | Synchronizing object | West_paddock_fence_mesh33_2
Fra:1 Mem:272.67M (Peak 272.69M) | Time:00:00.16 | Mem:0.00M, Peak:0.00M | Scene, ViewLayer | Synchronizing object | West_paddock_fence_mesh33_4
Fra:1 Mem:272.67M (Peak 272.69M) | Time:00:00.16 | Mem:0.00M, Peak:0.00M | Scene, ViewLayer | Synchronizing object | West_paddock_fence_mesh33_5
Fra:1 Mem:272.67M (Peak 272.69M) | Time:00:00.16 | Mem:0.00M, Peak:0.00M | Scene, ViewLayer | Synchronizing object | West_paddock_fence_mesh33_6
Fra:1 Mem:272.67M (Peak 272.69M) | Time:00:00.16 | Mem:0.00M, Peak:0.00M | Scene, ViewLayer | Synchronizing object | West_paddock_fence_mesh33_7
Fra:1 Mem:272.68M (Peak 272.69M) | Time:00:00.16 | Mem:0.00M, Peak:0.00M | Scene, ViewLayer | Synchronizing object | West_paddock_fence_post34
Fra:1 Mem:272.68M (Peak 272.69M) | Time:00:00.16 | Mem:0.00M, Peak:0.00M | Scene, ViewLayer | Synchronizing object | West_paddock_fence_rail34_0.35
Fra:1 Mem:272.68M (Peak 272.69M) | Time:00:00.16 | Mem:0.00M, Peak:0.00M | Scene, ViewLayer | Synchronizing object | West_paddock_fence_rail34_1.2
Fra:1 Mem:272.68M (Peak 272.69M) | Time:00:00.16 | Mem:0.00M, Peak:0.00M | Scene, ViewLayer | Synchronizing object | West_paddock_fence_mesh34_0
Fra:1 Mem:272.68M (Peak 272.69M) | Time:00:00.16 | Mem:0.00M, Peak:0.00M | Scene, ViewLayer | Synchronizing object | West_paddock_fence_mesh34_1
Fra:1 Mem:272.69M (Peak 272.69M) | Time:00:00.16 | Mem:0.00M, Peak:0.00M | Scene, ViewLayer | Synchronizing object | West_paddock_fence_mesh34_2
Fra:1 Mem:272.69M (Peak 272.69M) | Time:00:00.16 | Mem:0.00M, Peak:0.00M | Scene, ViewLayer | Synchronizing object | West_paddock_fence_mesh34_3
Fra:1 Mem:272.69M (Peak 272.69M) | Time:00:00.16 | Mem:0.00M, Peak:0.00M | Scene, ViewLayer | Synchronizing object | West_paddock_fence_mesh34_5
Fra:1 Mem:272.69M (Peak 272.69M) | Time:00:00.16 | Mem:0.00M, Peak:0.00M | Scene, ViewLayer | Synchronizing object | West_paddock_fence_mesh34_6
Fra:1 Mem:272.69M (Peak 272.69M) | Time:00:00.16 | Mem:0.00M, Peak:0.00M | Scene, ViewLayer | Synchronizing object | West_paddock_fence_mesh34_7
Fra:1 Mem:272.69M (Peak 272.69M) | Time:00:00.16 | Mem:0.00M, Peak:0.00M | Scene, ViewLayer | Synchronizing object | West_paddock_fence_mesh34_8
Fra:1 Mem:272.69M (Peak 272.69M) | Time:00:00.16 | Mem:0.00M, Peak:0.00M | Scene, ViewLayer | Synchronizing object | West_paddock_fence_rail35_0.35
Fra:1 Mem:272.75M (Peak 272.75M) | Time:00:00.16 | Mem:0.00M, Peak:0.00M | Scene, ViewLayer | Synchronizing object | West_paddock_fence_rail35_2.2
Fra:1 Mem:272.78M (Peak 272.78M) | Time:00:00.16 | Mem:0.00M, Peak:0.00M | Scene, ViewLayer | Synchronizing object | West_paddock_fence_mesh35_0
Fra:1 Mem:272.81M (Peak 272.81M) | Time:00:00.16 | Mem:0.00M, Peak:0.00M | Scene, ViewLayer | Synchronizing object | West_paddock_fence_mesh35_2
Fra:1 Mem:272.89M (Peak 272.89M) | Time:00:00.16 | Mem:0.00M, Peak:0.00M | Scene, ViewLayer | Synchronizing object | West_paddock_fence_mesh35_3
Fra:1 Mem:272.85M (Peak 272.89M) | Time:00:00.16 | Mem:0.00M, Peak:0.00M | Scene, ViewLayer | Synchronizing object | Circuit_palm_8_folded_fronds
Fra:1 Mem:272.85M (Peak 272.89M) | Time:00:00.16 | Mem:0.00M, Peak:0.00M | Scene, ViewLayer | Synchronizing object | West_paddock_fence_mesh35_5
Fra:1 Mem:272.90M (Peak 272.90M) | Time:00:00.16 | Mem:0.00M, Peak:0.00M | Scene, ViewLayer | Synchronizing object | West_paddock_fence_mesh35_6
Fra:1 Mem:272.90M (Peak 272.90M) | Time:00:00.16 | Mem:0.00M, Peak:0.00M | Scene, ViewLayer | Synchronizing object | West_paddock_fence_mesh35_7
Fra:1 Mem:272.96M (Peak 272.96M) | Time:00:00.16 | Mem:0.00M, Peak:0.00M | Scene, ViewLayer | Synchronizing object | West_paddock_fence_mesh35_8
Fra:1 Mem:272.96M (Peak 272.96M) | Time:00:00.16 | Mem:0.00M, Peak:0.00M | Scene, ViewLayer | Synchronizing object | West_paddock_fence_post36
Fra:1 Mem:273.02M (Peak 273.02M) | Time:00:00.16 | Mem:0.00M, Peak:0.00M | Scene, ViewLayer | Synchronizing object | West_paddock_fence_rail36_0.35
Fra:1 Mem:273.00M (Peak 273.02M) | Time:00:00.16 | Mem:0.00M, Peak:0.00M | Scene, ViewLayer | Synchronizing object | West_paddock_fence_rail36_1.2
Fra:1 Mem:273.00M (Peak 273.02M) | Time:00:00.16 | Mem:0.00M, Peak:0.00M | Scene, ViewLayer | Synchronizing object | West_paddock_fence_mesh36_1
Fra:1 Mem:273.00M (Peak 273.02M) | Time:00:00.16 | Mem:0.00M, Peak:0.00M | Scene, ViewLayer | Synchronizing object | West_paddock_fence_mesh36_2
Fra:1 Mem:273.00M (Peak 273.02M) | Time:00:00.16 | Mem:0.00M, Peak:0.00M | Scene, ViewLayer | Synchronizing object | West_paddock_fence_mesh36_3
Fra:1 Mem:273.01M (Peak 273.02M) | Time:00:00.16 | Mem:0.00M, Peak:0.00M | Scene, ViewLayer | Synchronizing object | West_paddock_fence_mesh36_5
Fra:1 Mem:273.01M (Peak 273.02M) | Time:00:00.16 | Mem:0.00M, Peak:0.00M | Scene, ViewLayer | Synchronizing object | West_paddock_fence_mesh36_6
Fra:1 Mem:273.01M (Peak 273.02M) | Time:00:00.16 | Mem:0.00M, Peak:0.00M | Scene, ViewLayer | Synchronizing object | West_paddock_fence_mesh36_7
Fra:1 Mem:273.01M (Peak 273.02M) | Time:00:00.16 | Mem:0.00M, Peak:0.00M | Scene, ViewLayer | Synchronizing object | West_paddock_fence_rail37_0.35
Fra:1 Mem:273.01M (Peak 273.02M) | Time:00:00.16 | Mem:0.00M, Peak:0.00M | Scene, ViewLayer | Synchronizing object | West_paddock_fence_rail37_1.2
Fra:1 Mem:273.01M (Peak 273.02M) | Time:00:00.16 | Mem:0.00M, Peak:0.00M | Scene, ViewLayer | Synchronizing object | West_paddock_fence_rail37_2.2
Fra:1 Mem:273.01M (Peak 273.02M) | Time:00:00.16 | Mem:0.00M, Peak:0.00M | Scene, ViewLayer | Synchronizing object | West_paddock_fence_mesh37_0
Fra:1 Mem:273.02M (Peak 273.02M) | Time:00:00.16 | Mem:0.00M, Peak:0.00M | Scene, ViewLayer | Synchronizing object | West_paddock_fence_mesh37_2
Fra:1 Mem:273.02M (Peak 273.02M) | Time:00:00.16 | Mem:0.00M, Peak:0.00M | Scene, ViewLayer | Synchronizing object | West_paddock_fence_mesh37_3
Fra:1 Mem:273.02M (Peak 273.02M) | Time:00:00.16 | Mem:0.00M, Peak:0.00M | Scene, ViewLayer | Synchronizing object | West_paddock_fence_mesh37_4
Fra:1 Mem:273.02M (Peak 273.02M) | Time:00:00.16 | Mem:0.00M, Peak:0.00M | Scene, ViewLayer | Synchronizing object | West_paddock_fence_mesh37_5
Fra:1 Mem:273.02M (Peak 273.02M) | Time:00:00.16 | Mem:0.00M, Peak:0.00M | Scene, ViewLayer | Synchronizing object | West_paddock_fence_mesh37_7
Fra:1 Mem:273.02M (Peak 273.02M) | Time:00:00.16 | Mem:0.00M, Peak:0.00M | Scene, ViewLayer | Synchronizing object | West_paddock_fence_post38
Fra:1 Mem:273.03M (Peak 273.03M) | Time:00:00.16 | Mem:0.00M, Peak:0.00M | Scene, ViewLayer | Synchronizing object | West_paddock_fence_rail38_0.35
Fra:1 Mem:273.03M (Peak 273.03M) | Time:00:00.16 | Mem:0.00M, Peak:0.00M | Scene, ViewLayer | Synchronizing object | West_paddock_fence_rail38_1.2
Fra:1 Mem:273.03M (Peak 273.03M) | Time:00:00.16 | Mem:0.00M, Peak:0.00M | Scene, ViewLayer | Synchronizing object | West_paddock_fence_rail38_2.2
Fra:1 Mem:273.03M (Peak 273.03M) | Time:00:00.16 | Mem:0.00M, Peak:0.00M | Scene, ViewLayer | Synchronizing object | West_paddock_fence_mesh38_1
Fra:1 Mem:273.03M (Peak 273.03M) | Time:00:00.16 | Mem:0.00M, Peak:0.00M | Scene, ViewLayer | Synchronizing object | West_paddock_fence_mesh38_2
Fra:1 Mem:273.03M (Peak 273.03M) | Time:00:00.16 | Mem:0.00M, Peak:0.00M | Scene, ViewLayer | Synchronizing object | West_paddock_fence_mesh38_3
Fra:1 Mem:273.04M (Peak 273.04M) | Time:00:00.16 | Mem:0.00M, Peak:0.00M | Scene, ViewLayer | Synchronizing object | West_paddock_fence_mesh38_4
Fra:1 Mem:273.04M (Peak 273.04M) | Time:00:00.16 | Mem:0.00M, Peak:0.00M | Scene, ViewLayer | Synchronizing object | West_paddock_fence_mesh38_5
Fra:1 Mem:273.04M (Peak 273.04M) | Time:00:00.16 | Mem:0.00M, Peak:0.00M | Scene, ViewLayer | Synchronizing object | West_paddock_fence_mesh38_6
Fra:1 Mem:273.04M (Peak 273.04M) | Time:00:00.16 | Mem:0.00M, Peak:0.00M | Scene, ViewLayer | Synchronizing object | West_paddock_fence_mesh38_8
Fra:1 Mem:273.04M (Peak 273.04M) | Time:00:00.16 | Mem:0.00M, Peak:0.00M | Scene, ViewLayer | Synchronizing object | West_paddock_fence_post39
Fra:1 Mem:273.04M (Peak 273.04M) | Time:00:00.16 | Mem:0.00M, Peak:0.00M | Scene, ViewLayer | Synchronizing object | West_paddock_fence_rail39_0.35
Fra:1 Mem:273.05M (Peak 273.05M) | Time:00:00.16 | Mem:0.00M, Peak:0.00M | Scene, ViewLayer | Synchronizing object | West_paddock_fence_mesh39_0
Fra:1 Mem:273.05M (Peak 273.05M) | Time:00:00.16 | Mem:0.00M, Peak:0.00M | Scene, ViewLayer | Synchronizing object | West_paddock_fence_mesh39_1
Fra:1 Mem:273.05M (Peak 273.05M) | Time:00:00.16 | Mem:0.00M, Peak:0.00M | Scene, ViewLayer | Synchronizing object | West_paddock_fence_mesh39_5
Fra:1 Mem:273.05M (Peak 273.05M) | Time:00:00.16 | Mem:0.00M, Peak:0.00M | Scene, ViewLayer | Synchronizing object | West_paddock_fence_mesh39_6
Fra:1 Mem:273.05M (Peak 273.05M) | Time:00:00.16 | Mem:0.00M, Peak:0.00M | Scene, ViewLayer | Synchronizing object | West_paddock_fence_mesh39_7
Fra:1 Mem:273.06M (Peak 273.06M) | Time:00:00.16 | Mem:0.00M, Peak:0.00M | Scene, ViewLayer | Synchronizing object | West_paddock_fence_mesh39_8
Fra:1 Mem:273.06M (Peak 273.06M) | Time:00:00.16 | Mem:0.00M, Peak:0.00M | Scene, ViewLayer | Synchronizing object | West_paddock_fence_rail40_0.35
Fra:1 Mem:273.06M (Peak 273.06M) | Time:00:00.16 | Mem:0.00M, Peak:0.00M | Scene, ViewLayer | Synchronizing object | West_paddock_fence_rail40_1.2
Fra:1 Mem:273.06M (Peak 273.06M) | Time:00:00.16 | Mem:0.00M, Peak:0.00M | Scene, ViewLayer | Synchronizing object | West_paddock_fence_rail40_2.2
Fra:1 Mem:273.06M (Peak 273.06M) | Time:00:00.16 | Mem:0.00M, Peak:0.00M | Scene, ViewLayer | Synchronizing object | West_paddock_fence_mesh40_1
Fra:1 Mem:273.06M (Peak 273.06M) | Time:00:00.16 | Mem:0.00M, Peak:0.00M | Scene, ViewLayer | Synchronizing object | West_paddock_fence_mesh40_2
Fra:1 Mem:273.06M (Peak 273.06M) | Time:00:00.16 | Mem:0.00M, Peak:0.00M | Scene, ViewLayer | Synchronizing object | West_paddock_fence_mesh40_3
Fra:1 Mem:273.06M (Peak 273.06M) | Time:00:00.16 | Mem:0.00M, Peak:0.00M | Scene, ViewLayer | Synchronizing object | West_paddock_fence_mesh40_4
Fra:1 Mem:273.07M (Peak 273.07M) | Time:00:00.16 | Mem:0.00M, Peak:0.00M | Scene, ViewLayer | Synchronizing object | West_paddock_fence_mesh40_5
Fra:1 Mem:273.07M (Peak 273.07M) | Time:00:00.16 | Mem:0.00M, Peak:0.00M | Scene, ViewLayer | Synchronizing object | West_paddock_fence_mesh40_6
Fra:1 Mem:273.07M (Peak 273.07M) | Time:00:00.16 | Mem:0.00M, Peak:0.00M | Scene, ViewLayer | Synchronizing object | West_paddock_fence_mesh40_8
Fra:1 Mem:273.07M (Peak 273.07M) | Time:00:00.16 | Mem:0.00M, Peak:0.00M | Scene, ViewLayer | Synchronizing object | West_paddock_fence_rail41_1.2
Fra:1 Mem:273.07M (Peak 273.07M) | Time:00:00.16 | Mem:0.00M, Peak:0.00M | Scene, ViewLayer | Synchronizing object | West_paddock_fence_rail41_2.2
Fra:1 Mem:273.07M (Peak 273.07M) | Time:00:00.16 | Mem:0.00M, Peak:0.00M | Scene, ViewLayer | Synchronizing object | West_paddock_fence_mesh41_0
Fra:1 Mem:273.08M (Peak 273.08M) | Time:00:00.16 | Mem:0.00M, Peak:0.00M | Scene, ViewLayer | Synchronizing object | West_paddock_fence_mesh41_1
Fra:1 Mem:273.08M (Peak 273.08M) | Time:00:00.16 | Mem:0.00M, Peak:0.00M | Scene, ViewLayer | Synchronizing object | West_paddock_fence_mesh41_2
Fra:1 Mem:273.08M (Peak 273.08M) | Time:00:00.16 | Mem:0.00M, Peak:0.00M | Scene, ViewLayer | Synchronizing object | West_paddock_fence_mesh41_3
Fra:1 Mem:273.08M (Peak 273.08M) | Time:00:00.16 | Mem:0.00M, Peak:0.00M | Scene, ViewLayer | Synchronizing object | West_paddock_fence_mesh41_4
Fra:1 Mem:273.08M (Peak 273.08M) | Time:00:00.16 | Mem:0.00M, Peak:0.00M | Scene, ViewLayer | Synchronizing object | West_paddock_fence_mesh41_6
Fra:1 Mem:273.08M (Peak 273.08M) | Time:00:00.16 | Mem:0.00M, Peak:0.00M | Scene, ViewLayer | Synchronizing object | West_paddock_fence_mesh41_7
Fra:1 Mem:273.08M (Peak 273.08M) | Time:00:00.16 | Mem:0.00M, Peak:0.00M | Scene, ViewLayer | Synchronizing object | West_paddock_fence_post42
Fra:1 Mem:273.09M (Peak 273.09M) | Time:00:00.16 | Mem:0.00M, Peak:0.00M | Scene, ViewLayer | Synchronizing object | West_paddock_fence_rail42_0.35
Fra:1 Mem:273.09M (Peak 273.09M) | Time:00:00.16 | Mem:0.00M, Peak:0.00M | Scene, ViewLayer | Synchronizing object | West_paddock_fence_rail42_1.2
Fra:1 Mem:273.09M (Peak 273.09M) | Time:00:00.16 | Mem:0.00M, Peak:0.00M | Scene, ViewLayer | Synchronizing object | West_paddock_fence_rail42_2.2
Fra:1 Mem:273.15M (Peak 273.15M) | Time:00:00.16 | Mem:0.00M, Peak:0.00M | Scene, ViewLayer | Synchronizing object | West_paddock_fence_mesh42_0
Fra:1 Mem:273.18M (Peak 273.18M) | Time:00:00.16 | Mem:0.00M, Peak:0.00M | Scene, ViewLayer | Synchronizing object | West_paddock_fence_mesh42_3
Fra:1 Mem:273.29M (Peak 273.29M) | Time:00:00.16 | Mem:0.00M, Peak:0.00M | Scene, ViewLayer | Synchronizing object | West_paddock_fence_mesh42_4
Fra:1 Mem:273.26M (Peak 273.29M) | Time:00:00.16 | Mem:0.00M, Peak:0.00M | Scene, ViewLayer | Synchronizing object | West_paddock_fence_mesh42_7
Fra:1 Mem:273.26M (Peak 273.29M) | Time:00:00.16 | Mem:0.00M, Peak:0.00M | Scene, ViewLayer | Synchronizing object | West_paddock_fence_mesh42_8
Fra:1 Mem:273.27M (Peak 273.29M) | Time:00:00.16 | Mem:0.00M, Peak:0.00M | Scene, ViewLayer | Synchronizing object | West_paddock_fence_post43
Fra:1 Mem:273.27M (Peak 273.29M) | Time:00:00.16 | Mem:0.00M, Peak:0.00M | Scene, ViewLayer | Synchronizing object | West_paddock_fence_rail43_1.2
Fra:1 Mem:273.27M (Peak 273.29M) | Time:00:00.16 | Mem:0.00M, Peak:0.00M | Scene, ViewLayer | Synchronizing object | West_paddock_fence_mesh43_0
Fra:1 Mem:273.27M (Peak 273.29M) | Time:00:00.16 | Mem:0.00M, Peak:0.00M | Scene, ViewLayer | Synchronizing object | West_paddock_fence_mesh43_2
Fra:1 Mem:273.27M (Peak 273.29M) | Time:00:00.16 | Mem:0.00M, Peak:0.00M | Scene, ViewLayer | Synchronizing object | West_paddock_fence_mesh43_4
Fra:1 Mem:273.27M (Peak 273.29M) | Time:00:00.16 | Mem:0.00M, Peak:0.00M | Scene, ViewLayer | Synchronizing object | West_paddock_fence_mesh43_5
Fra:1 Mem:273.27M (Peak 273.29M) | Time:00:00.16 | Mem:0.00M, Peak:0.00M | Scene, ViewLayer | Synchronizing object | West_paddock_fence_mesh43_6
Fra:1 Mem:273.28M (Peak 273.29M) | Time:00:00.16 | Mem:0.00M, Peak:0.00M | Scene, ViewLayer | Synchronizing object | West_paddock_fence_mesh43_8
Fra:1 Mem:273.28M (Peak 273.29M) | Time:00:00.16 | Mem:0.00M, Peak:0.00M | Scene, ViewLayer | Synchronizing object | West_paddock_fence_post44
Fra:1 Mem:273.28M (Peak 273.29M) | Time:00:00.16 | Mem:0.00M, Peak:0.00M | Scene, ViewLayer | Synchronizing object | West_paddock_fence_rail44_1.2
Fra:1 Mem:273.28M (Peak 273.29M) | Time:00:00.16 | Mem:0.00M, Peak:0.00M | Scene, ViewLayer | Synchronizing object | West_paddock_fence_rail44_2.2
Fra:1 Mem:273.28M (Peak 273.29M) | Time:00:00.16 | Mem:0.00M, Peak:0.00M | Scene, ViewLayer | Synchronizing object | West_paddock_fence_mesh44_0
Fra:1 Mem:273.29M (Peak 273.29M) | Time:00:00.16 | Mem:0.00M, Peak:0.00M | Scene, ViewLayer | Synchronizing object | West_paddock_fence_mesh44_3
Fra:1 Mem:273.29M (Peak 273.29M) | Time:00:00.16 | Mem:0.00M, Peak:0.00M | Scene, ViewLayer | Synchronizing object | West_paddock_fence_mesh44_4
Fra:1 Mem:273.29M (Peak 273.29M) | Time:00:00.16 | Mem:0.00M, Peak:0.00M | Scene, ViewLayer | Synchronizing object | West_paddock_fence_mesh44_5
Fra:1 Mem:273.29M (Peak 273.29M) | Time:00:00.16 | Mem:0.00M, Peak:0.00M | Scene, ViewLayer | Synchronizing object | West_paddock_fence_mesh44_7
Fra:1 Mem:273.29M (Peak 273.29M) | Time:00:00.16 | Mem:0.00M, Peak:0.00M | Scene, ViewLayer | Synchronizing object | West_paddock_fence_mesh44_8
Fra:1 Mem:273.29M (Peak 273.29M) | Time:00:00.16 | Mem:0.00M, Peak:0.00M | Scene, ViewLayer | Synchronizing object | West_paddock_fence_post45
Fra:1 Mem:273.29M (Peak 273.29M) | Time:00:00.16 | Mem:0.00M, Peak:0.00M | Scene, ViewLayer | Synchronizing object | West_paddock_fence_rail45_0.35
Fra:1 Mem:273.30M (Peak 273.30M) | Time:00:00.16 | Mem:0.00M, Peak:0.00M | Scene, ViewLayer | Synchronizing object | West_paddock_fence_rail45_1.2
Fra:1 Mem:273.30M (Peak 273.30M) | Time:00:00.16 | Mem:0.00M, Peak:0.00M | Scene, ViewLayer | Synchronizing object | West_paddock_fence_mesh45_1
Fra:1 Mem:273.30M (Peak 273.30M) | Time:00:00.16 | Mem:0.00M, Peak:0.00M | Scene, ViewLayer | Synchronizing object | West_paddock_fence_mesh45_2
Fra:1 Mem:273.30M (Peak 273.30M) | Time:00:00.16 | Mem:0.00M, Peak:0.00M | Scene, ViewLayer | Synchronizing object | West_paddock_fence_mesh45_3
Fra:1 Mem:273.30M (Peak 273.30M) | Time:00:00.16 | Mem:0.00M, Peak:0.00M | Scene, ViewLayer | Synchronizing object | West_paddock_fence_mesh45_5
Fra:1 Mem:273.30M (Peak 273.30M) | Time:00:00.16 | Mem:0.00M, Peak:0.00M | Scene, ViewLayer | Synchronizing object | West_paddock_fence_mesh45_6
Fra:1 Mem:273.30M (Peak 273.30M) | Time:00:00.16 | Mem:0.00M, Peak:0.00M | Scene, ViewLayer | Synchronizing object | West_paddock_fence_mesh45_7
Fra:1 Mem:273.31M (Peak 273.31M) | Time:00:00.16 | Mem:0.00M, Peak:0.00M | Scene, ViewLayer | Synchronizing object | West_paddock_fence_mesh45_8
Fra:1 Mem:273.31M (Peak 273.31M) | Time:00:00.16 | Mem:0.00M, Peak:0.00M | Scene, ViewLayer | Synchronizing object | West_paddock_fence_post46
Fra:1 Mem:273.31M (Peak 273.31M) | Time:00:00.16 | Mem:0.00M, Peak:0.00M | Scene, ViewLayer | Synchronizing object | West_paddock_fence_rail46_2.2
Fra:1 Mem:273.31M (Peak 273.31M) | Time:00:00.16 | Mem:0.00M, Peak:0.00M | Scene, ViewLayer | Synchronizing object | West_paddock_fence_mesh46_0
Fra:1 Mem:273.31M (Peak 273.31M) | Time:00:00.16 | Mem:0.00M, Peak:0.00M | Scene, ViewLayer | Synchronizing object | West_paddock_fence_mesh46_1
Fra:1 Mem:273.31M (Peak 273.31M) | Time:00:00.16 | Mem:0.00M, Peak:0.00M | Scene, ViewLayer | Synchronizing object | West_paddock_fence_mesh46_2
Fra:1 Mem:273.32M (Peak 273.32M) | Time:00:00.16 | Mem:0.00M, Peak:0.00M | Scene, ViewLayer | Synchronizing object | West_paddock_fence_mesh46_4
Fra:1 Mem:273.32M (Peak 273.32M) | Time:00:00.16 | Mem:0.00M, Peak:0.00M | Scene, ViewLayer | Synchronizing object | West_paddock_fence_mesh46_5
Fra:1 Mem:273.32M (Peak 273.32M) | Time:00:00.16 | Mem:0.00M, Peak:0.00M | Scene, ViewLayer | Synchronizing object | West_paddock_fence_mesh46_7
Fra:1 Mem:273.32M (Peak 273.32M) | Time:00:00.16 | Mem:0.00M, Peak:0.00M | Scene, ViewLayer | Synchronizing object | West_paddock_fence_mesh46_8
Fra:1 Mem:273.32M (Peak 273.32M) | Time:00:00.16 | Mem:0.00M, Peak:0.00M | Scene, ViewLayer | Synchronizing object | West_paddock_fence_rail47_1.2
Fra:1 Mem:273.33M (Peak 273.33M) | Time:00:00.16 | Mem:0.00M, Peak:0.00M | Scene, ViewLayer | Synchronizing object | West_paddock_fence_rail47_2.2
Fra:1 Mem:273.33M (Peak 273.33M) | Time:00:00.16 | Mem:0.00M, Peak:0.00M | Scene, ViewLayer | Synchronizing object | West_paddock_fence_mesh47_1
Fra:1 Mem:273.33M (Peak 273.33M) | Time:00:00.16 | Mem:0.00M, Peak:0.00M | Scene, ViewLayer | Synchronizing object | West_paddock_fence_mesh47_2
Fra:1 Mem:273.38M (Peak 273.38M) | Time:00:00.16 | Mem:0.00M, Peak:0.00M | Scene, ViewLayer | Synchronizing object | West_paddock_fence_mesh47_3
Fra:1 Mem:273.45M (Peak 273.45M) | Time:00:00.16 | Mem:0.00M, Peak:0.00M | Scene, ViewLayer | Synchronizing object | West_paddock_fence_mesh47_4
Fra:1 Mem:273.48M (Peak 273.48M) | Time:00:00.16 | Mem:0.00M, Peak:0.00M | Scene, ViewLayer | Synchronizing object | Circuit_palm_5_folded_fronds
Fra:1 Mem:273.53M (Peak 273.53M) | Time:00:00.16 | Mem:0.00M, Peak:0.00M | Scene, ViewLayer | Synchronizing object | West_paddock_fence_mesh47_8
Fra:1 Mem:273.66M (Peak 273.66M) | Time:00:00.16 | Mem:0.00M, Peak:0.00M | Scene, ViewLayer | Synchronizing object | West_paddock_fence_rail48_0.35
Fra:1 Mem:273.63M (Peak 273.66M) | Time:00:00.16 | Mem:0.00M, Peak:0.00M | Scene, ViewLayer | Synchronizing object | Circuit_palm_4_folded_fronds
Fra:1 Mem:273.63M (Peak 273.66M) | Time:00:00.16 | Mem:0.00M, Peak:0.00M | Scene, ViewLayer | Synchronizing object | West_paddock_fence_rail48_1.2
Fra:1 Mem:273.63M (Peak 273.66M) | Time:00:00.16 | Mem:0.00M, Peak:0.00M | Scene, ViewLayer | Synchronizing object | West_paddock_fence_rail48_2.2
Fra:1 Mem:273.63M (Peak 273.66M) | Time:00:00.16 | Mem:0.00M, Peak:0.00M | Scene, ViewLayer | Synchronizing object | West_paddock_fence_mesh48_1
Fra:1 Mem:273.63M (Peak 273.66M) | Time:00:00.16 | Mem:0.00M, Peak:0.00M | Scene, ViewLayer | Synchronizing object | West_paddock_fence_mesh48_2
Fra:1 Mem:273.63M (Peak 273.66M) | Time:00:00.16 | Mem:0.00M, Peak:0.00M | Scene, ViewLayer | Synchronizing object | West_paddock_fence_mesh48_3
Fra:1 Mem:273.64M (Peak 273.66M) | Time:00:00.16 | Mem:0.00M, Peak:0.00M | Scene, ViewLayer | Synchronizing object | West_paddock_fence_mesh48_4
Fra:1 Mem:273.64M (Peak 273.66M) | Time:00:00.16 | Mem:0.00M, Peak:0.00M | Scene, ViewLayer | Synchronizing object | West_paddock_fence_mesh48_5
Fra:1 Mem:273.64M (Peak 273.66M) | Time:00:00.16 | Mem:0.00M, Peak:0.00M | Scene, ViewLayer | Synchronizing object | West_paddock_fence_mesh48_6
Fra:1 Mem:273.64M (Peak 273.66M) | Time:00:00.16 | Mem:0.00M, Peak:0.00M | Scene, ViewLayer | Synchronizing object | West_paddock_fence_mesh48_7
Fra:1 Mem:273.64M (Peak 273.66M) | Time:00:00.16 | Mem:0.00M, Peak:0.00M | Scene, ViewLayer | Synchronizing object | West_paddock_fence_mesh48_8
Fra:1 Mem:273.64M (Peak 273.66M) | Time:00:00.16 | Mem:0.00M, Peak:0.00M | Scene, ViewLayer | Synchronizing object | West_paddock_fence_rail49_0.35
Fra:1 Mem:273.64M (Peak 273.66M) | Time:00:00.16 | Mem:0.00M, Peak:0.00M | Scene, ViewLayer | Synchronizing object | West_paddock_fence_rail49_2.2
Fra:1 Mem:273.64M (Peak 273.66M) | Time:00:00.16 | Mem:0.00M, Peak:0.00M | Scene, ViewLayer | Synchronizing object | West_paddock_fence_mesh49_0
Fra:1 Mem:273.65M (Peak 273.66M) | Time:00:00.16 | Mem:0.00M, Peak:0.00M | Scene, ViewLayer | Synchronizing object | West_paddock_fence_mesh49_2
Fra:1 Mem:273.65M (Peak 273.66M) | Time:00:00.16 | Mem:0.00M, Peak:0.00M | Scene, ViewLayer | Synchronizing object | West_paddock_fence_mesh49_3
Fra:1 Mem:273.71M (Peak 273.71M) | Time:00:00.16 | Mem:0.00M, Peak:0.00M | Scene, ViewLayer | Synchronizing object | West_paddock_fence_mesh49_4
Fra:1 Mem:273.71M (Peak 273.71M) | Time:00:00.16 | Mem:0.00M, Peak:0.00M | Scene, ViewLayer | Synchronizing object | West_paddock_fence_mesh49_6
Fra:1 Mem:273.71M (Peak 273.71M) | Time:00:00.16 | Mem:0.00M, Peak:0.00M | Scene, ViewLayer | Synchronizing object | West_paddock_fence_mesh49_7
Fra:1 Mem:273.71M (Peak 273.71M) | Time:00:00.16 | Mem:0.00M, Peak:0.00M | Scene, ViewLayer | Synchronizing object | West_paddock_fence_post50
Fra:1 Mem:273.71M (Peak 273.71M) | Time:00:00.16 | Mem:0.00M, Peak:0.00M | Scene, ViewLayer | Synchronizing object | West_paddock_fence_rail50_0.35
Fra:1 Mem:273.72M (Peak 273.72M) | Time:00:00.16 | Mem:0.00M, Peak:0.00M | Scene, ViewLayer | Synchronizing object | West_paddock_fence_rail50_1.2
Fra:1 Mem:273.72M (Peak 273.72M) | Time:00:00.16 | Mem:0.00M, Peak:0.00M | Scene, ViewLayer | Synchronizing object | West_paddock_fence_rail50_2.2
Fra:1 Mem:273.72M (Peak 273.72M) | Time:00:00.16 | Mem:0.00M, Peak:0.00M | Scene, ViewLayer | Synchronizing object | West_paddock_fence_mesh50_0
Fra:1 Mem:273.72M (Peak 273.72M) | Time:00:00.16 | Mem:0.00M, Peak:0.00M | Scene, ViewLayer | Synchronizing object | West_paddock_fence_mesh50_1
Fra:1 Mem:273.72M (Peak 273.72M) | Time:00:00.16 | Mem:0.00M, Peak:0.00M | Scene, ViewLayer | Synchronizing object | West_paddock_fence_mesh50_2
Fra:1 Mem:273.72M (Peak 273.72M) | Time:00:00.16 | Mem:0.00M, Peak:0.00M | Scene, ViewLayer | Synchronizing object | West_paddock_fence_mesh50_3
Fra:1 Mem:273.72M (Peak 273.72M) | Time:00:00.16 | Mem:0.00M, Peak:0.00M | Scene, ViewLayer | Synchronizing object | West_paddock_fence_mesh50_5
Fra:1 Mem:273.72M (Peak 273.72M) | Time:00:00.16 | Mem:0.00M, Peak:0.00M | Scene, ViewLayer | Synchronizing object | West_paddock_fence_mesh50_6
Fra:1 Mem:273.73M (Peak 273.73M) | Time:00:00.16 | Mem:0.00M, Peak:0.00M | Scene, ViewLayer | Synchronizing object | West_paddock_fence_mesh50_7
Fra:1 Mem:273.73M (Peak 273.73M) | Time:00:00.16 | Mem:0.00M, Peak:0.00M | Scene, ViewLayer | Synchronizing object | West_paddock_fence_post51
Fra:1 Mem:273.73M (Peak 273.73M) | Time:00:00.16 | Mem:0.00M, Peak:0.00M | Scene, ViewLayer | Synchronizing object | West_paddock_fence_rail51_0.35
Fra:1 Mem:273.73M (Peak 273.73M) | Time:00:00.16 | Mem:0.00M, Peak:0.00M | Scene, ViewLayer | Synchronizing object | West_paddock_fence_rail51_1.2
Fra:1 Mem:273.73M (Peak 273.73M) | Time:00:00.16 | Mem:0.00M, Peak:0.00M | Scene, ViewLayer | Synchronizing object | West_paddock_fence_mesh51_0
Fra:1 Mem:273.73M (Peak 273.73M) | Time:00:00.16 | Mem:0.00M, Peak:0.00M | Scene, ViewLayer | Synchronizing object | West_paddock_fence_rail51_2.2
Fra:1 Mem:273.73M (Peak 273.73M) | Time:00:00.16 | Mem:0.00M, Peak:0.00M | Scene, ViewLayer | Synchronizing object | West_paddock_fence_mesh51_2
Fra:1 Mem:273.74M (Peak 273.74M) | Time:00:00.16 | Mem:0.00M, Peak:0.00M | Scene, ViewLayer | Synchronizing object | West_paddock_fence_mesh51_3
Fra:1 Mem:273.74M (Peak 273.74M) | Time:00:00.16 | Mem:0.00M, Peak:0.00M | Scene, ViewLayer | Synchronizing object | West_paddock_fence_mesh51_4
Fra:1 Mem:273.74M (Peak 273.74M) | Time:00:00.16 | Mem:0.00M, Peak:0.00M | Scene, ViewLayer | Synchronizing object | West_paddock_fence_mesh51_6
Fra:1 Mem:273.74M (Peak 273.74M) | Time:00:00.16 | Mem:0.00M, Peak:0.00M | Scene, ViewLayer | Synchronizing object | West_paddock_fence_mesh51_7
Fra:1 Mem:273.74M (Peak 273.74M) | Time:00:00.16 | Mem:0.00M, Peak:0.00M | Scene, ViewLayer | Synchronizing object | West_paddock_fence_post52
Fra:1 Mem:273.74M (Peak 273.74M) | Time:00:00.16 | Mem:0.00M, Peak:0.00M | Scene, ViewLayer | Synchronizing object | West_paddock_fence_rail52_0.35
Fra:1 Mem:273.75M (Peak 273.75M) | Time:00:00.16 | Mem:0.00M, Peak:0.00M | Scene, ViewLayer | Synchronizing object | West_paddock_fence_rail52_1.2
Fra:1 Mem:273.75M (Peak 273.75M) | Time:00:00.16 | Mem:0.00M, Peak:0.00M | Scene, ViewLayer | Synchronizing object | West_paddock_fence_mesh52_0
Fra:1 Mem:273.75M (Peak 273.75M) | Time:00:00.16 | Mem:0.00M, Peak:0.00M | Scene, ViewLayer | Synchronizing object | West_paddock_fence_mesh52_1
Fra:1 Mem:273.75M (Peak 273.75M) | Time:00:00.16 | Mem:0.00M, Peak:0.00M | Scene, ViewLayer | Synchronizing object | West_paddock_fence_mesh52_2
Fra:1 Mem:273.75M (Peak 273.75M) | Time:00:00.16 | Mem:0.00M, Peak:0.00M | Scene, ViewLayer | Synchronizing object | West_paddock_fence_mesh52_4
Fra:1 Mem:273.75M (Peak 273.75M) | Time:00:00.16 | Mem:0.00M, Peak:0.00M | Scene, ViewLayer | Synchronizing object | West_paddock_fence_mesh52_5
Fra:1 Mem:273.76M (Peak 273.76M) | Time:00:00.16 | Mem:0.00M, Peak:0.00M | Scene, ViewLayer | Synchronizing object | West_paddock_fence_mesh52_6
Fra:1 Mem:273.76M (Peak 273.76M) | Time:00:00.16 | Mem:0.00M, Peak:0.00M | Scene, ViewLayer | Synchronizing object | West_paddock_fence_mesh52_8
Fra:1 Mem:273.76M (Peak 273.76M) | Time:00:00.16 | Mem:0.00M, Peak:0.00M | Scene, ViewLayer | Synchronizing object | West_paddock_fence_post53
Fra:1 Mem:273.76M (Peak 273.76M) | Time:00:00.16 | Mem:0.00M, Peak:0.00M | Scene, ViewLayer | Synchronizing object | West_paddock_fence_rail53_0.35
Fra:1 Mem:273.76M (Peak 273.76M) | Time:00:00.16 | Mem:0.00M, Peak:0.00M | Scene, ViewLayer | Synchronizing object | West_paddock_fence_rail53_2.2
Fra:1 Mem:273.77M (Peak 273.77M) | Time:00:00.16 | Mem:0.00M, Peak:0.00M | Scene, ViewLayer | Synchronizing object | West_paddock_fence_mesh53_0
Fra:1 Mem:273.77M (Peak 273.77M) | Time:00:00.16 | Mem:0.00M, Peak:0.00M | Scene, ViewLayer | Synchronizing object | West_paddock_fence_mesh53_1
Fra:1 Mem:273.77M (Peak 273.77M) | Time:00:00.16 | Mem:0.00M, Peak:0.00M | Scene, ViewLayer | Synchronizing object | West_paddock_fence_mesh53_2
Fra:1 Mem:273.77M (Peak 273.77M) | Time:00:00.16 | Mem:0.00M, Peak:0.00M | Scene, ViewLayer | Synchronizing object | West_paddock_fence_mesh53_4
Fra:1 Mem:273.77M (Peak 273.77M) | Time:00:00.16 | Mem:0.00M, Peak:0.00M | Scene, ViewLayer | Synchronizing object | West_paddock_fence_mesh53_5
Fra:1 Mem:273.77M (Peak 273.77M) | Time:00:00.16 | Mem:0.00M, Peak:0.00M | Scene, ViewLayer | Synchronizing object | West_paddock_fence_mesh53_7
Fra:1 Mem:273.77M (Peak 273.77M) | Time:00:00.16 | Mem:0.00M, Peak:0.00M | Scene, ViewLayer | Synchronizing object | West_paddock_fence_mesh53_8
Fra:1 Mem:273.77M (Peak 273.77M) | Time:00:00.16 | Mem:0.00M, Peak:0.00M | Scene, ViewLayer | Synchronizing object | West_paddock_fence_post54
Fra:1 Mem:273.78M (Peak 273.78M) | Time:00:00.16 | Mem:0.00M, Peak:0.00M | Scene, ViewLayer | Synchronizing object | West_paddock_fence_rail54_1.2
Fra:1 Mem:273.78M (Peak 273.78M) | Time:00:00.16 | Mem:0.00M, Peak:0.00M | Scene, ViewLayer | Synchronizing object | West_paddock_fence_rail54_2.2
Fra:1 Mem:273.78M (Peak 273.78M) | Time:00:00.16 | Mem:0.00M, Peak:0.00M | Scene, ViewLayer | Synchronizing object | West_paddock_fence_mesh54_0
Fra:1 Mem:273.78M (Peak 273.78M) | Time:00:00.16 | Mem:0.00M, Peak:0.00M | Scene, ViewLayer | Synchronizing object | West_paddock_fence_mesh54_2
Fra:1 Mem:273.79M (Peak 273.79M) | Time:00:00.16 | Mem:0.00M, Peak:0.00M | Scene, ViewLayer | Synchronizing object | West_paddock_fence_mesh54_4
Fra:1 Mem:273.79M (Peak 273.79M) | Time:00:00.16 | Mem:0.00M, Peak:0.00M | Scene, ViewLayer | Synchronizing object | West_paddock_fence_mesh54_7
Fra:1 Mem:273.79M (Peak 273.79M) | Time:00:00.16 | Mem:0.00M, Peak:0.00M | Scene, ViewLayer | Synchronizing object | West_paddock_fence_mesh54_8
Fra:1 Mem:273.79M (Peak 273.79M) | Time:00:00.16 | Mem:0.00M, Peak:0.00M | Scene, ViewLayer | Synchronizing object | West_paddock_fence_post55
Fra:1 Mem:273.79M (Peak 273.79M) | Time:00:00.16 | Mem:0.00M, Peak:0.00M | Scene, ViewLayer | Synchronizing object | West_paddock_fence_rail55_0.35
Fra:1 Mem:273.79M (Peak 273.79M) | Time:00:00.16 | Mem:0.00M, Peak:0.00M | Scene, ViewLayer | Synchronizing object | West_paddock_fence_rail55_2.2
Fra:1 Mem:273.80M (Peak 273.80M) | Time:00:00.16 | Mem:0.00M, Peak:0.00M | Scene, ViewLayer | Synchronizing object | West_paddock_fence_mesh55_0
Fra:1 Mem:273.80M (Peak 273.80M) | Time:00:00.16 | Mem:0.00M, Peak:0.00M | Scene, ViewLayer | Synchronizing object | West_paddock_fence_mesh55_1
Fra:1 Mem:273.80M (Peak 273.80M) | Time:00:00.16 | Mem:0.00M, Peak:0.00M | Scene, ViewLayer | Synchronizing object | West_paddock_fence_mesh55_2
Fra:1 Mem:273.80M (Peak 273.80M) | Time:00:00.16 | Mem:0.00M, Peak:0.00M | Scene, ViewLayer | Synchronizing object | West_paddock_fence_mesh55_4
Fra:1 Mem:273.80M (Peak 273.80M) | Time:00:00.16 | Mem:0.00M, Peak:0.00M | Scene, ViewLayer | Synchronizing object | West_paddock_fence_mesh55_5
Fra:1 Mem:273.81M (Peak 273.81M) | Time:00:00.16 | Mem:0.00M, Peak:0.00M | Scene, ViewLayer | Synchronizing object | West_paddock_fence_mesh55_7
Fra:1 Mem:273.81M (Peak 273.81M) | Time:00:00.16 | Mem:0.00M, Peak:0.00M | Scene, ViewLayer | Synchronizing object | West_paddock_fence_post56
Fra:1 Mem:273.81M (Peak 273.81M) | Time:00:00.16 | Mem:0.00M, Peak:0.00M | Scene, ViewLayer | Synchronizing object | West_paddock_fence_rail56_0.35
Fra:1 Mem:273.81M (Peak 273.81M) | Time:00:00.16 | Mem:0.00M, Peak:0.00M | Scene, ViewLayer | Synchronizing object | West_paddock_fence_rail56_2.2
Fra:1 Mem:273.81M (Peak 273.81M) | Time:00:00.16 | Mem:0.00M, Peak:0.00M | Scene, ViewLayer | Synchronizing object | West_paddock_fence_mesh56_0
Fra:1 Mem:273.81M (Peak 273.81M) | Time:00:00.16 | Mem:0.00M, Peak:0.00M | Scene, ViewLayer | Synchronizing object | West_paddock_fence_mesh56_2
Fra:1 Mem:273.82M (Peak 273.82M) | Time:00:00.16 | Mem:0.00M, Peak:0.00M | Scene, ViewLayer | Synchronizing object | West_paddock_fence_mesh56_4
Fra:1 Mem:273.82M (Peak 273.82M) | Time:00:00.16 | Mem:0.00M, Peak:0.00M | Scene, ViewLayer | Synchronizing object | West_paddock_fence_mesh56_5
Fra:1 Mem:273.82M (Peak 273.82M) | Time:00:00.16 | Mem:0.00M, Peak:0.00M | Scene, ViewLayer | Synchronizing object | West_paddock_fence_mesh56_6
Fra:1 Mem:273.85M (Peak 273.85M) | Time:00:00.16 | Mem:0.00M, Peak:0.00M | Scene, ViewLayer | Synchronizing object | West_paddock_fence_mesh56_8
Fra:1 Mem:273.89M (Peak 273.89M) | Time:00:00.16 | Mem:0.00M, Peak:0.00M | Scene, ViewLayer | Synchronizing object | East_service_fence_post0
Fra:1 Mem:273.93M (Peak 273.93M) | Time:00:00.16 | Mem:0.00M, Peak:0.00M | Scene, ViewLayer | Synchronizing object | East_service_fence_rail0_1.2
Fra:1 Mem:273.93M (Peak 273.93M) | Time:00:00.16 | Mem:0.00M, Peak:0.00M | Scene, ViewLayer | Synchronizing object | Circuit_palm_49_folded_fronds
Fra:1 Mem:273.98M (Peak 273.98M) | Time:00:00.16 | Mem:0.00M, Peak:0.00M | Scene, ViewLayer | Synchronizing object | East_service_fence_mesh0_1
Fra:1 Mem:274.11M (Peak 274.11M) | Time:00:00.16 | Mem:0.00M, Peak:0.00M | Scene, ViewLayer | Synchronizing object | East_service_fence_mesh0_2
Fra:1 Mem:274.08M (Peak 274.11M) | Time:00:00.16 | Mem:0.00M, Peak:0.00M | Scene, ViewLayer | Synchronizing object | East_service_fence_mesh0_5
Fra:1 Mem:274.09M (Peak 274.11M) | Time:00:00.16 | Mem:0.00M, Peak:0.00M | Scene, ViewLayer | Synchronizing object | East_service_fence_mesh0_6
Fra:1 Mem:274.09M (Peak 274.11M) | Time:00:00.16 | Mem:0.00M, Peak:0.00M | Scene, ViewLayer | Synchronizing object | East_service_fence_mesh0_7
Fra:1 Mem:274.09M (Peak 274.11M) | Time:00:00.16 | Mem:0.00M, Peak:0.00M | Scene, ViewLayer | Synchronizing object | East_service_fence_mesh0_8
Fra:1 Mem:274.09M (Peak 274.11M) | Time:00:00.16 | Mem:0.00M, Peak:0.00M | Scene, ViewLayer | Synchronizing object | East_service_fence_post1
Fra:1 Mem:274.09M (Peak 274.11M) | Time:00:00.16 | Mem:0.00M, Peak:0.00M | Scene, ViewLayer | Synchronizing object | East_service_fence_rail1_0.35
Fra:1 Mem:274.09M (Peak 274.11M) | Time:00:00.16 | Mem:0.00M, Peak:0.00M | Scene, ViewLayer | Synchronizing object | East_service_fence_rail1_1.2
Fra:1 Mem:274.09M (Peak 274.11M) | Time:00:00.16 | Mem:0.00M, Peak:0.00M | Scene, ViewLayer | Synchronizing object | East_service_fence_rail1_2.2
Fra:1 Mem:274.10M (Peak 274.11M) | Time:00:00.16 | Mem:0.00M, Peak:0.00M | Scene, ViewLayer | Synchronizing object | East_service_fence_mesh1_0
Fra:1 Mem:274.10M (Peak 274.11M) | Time:00:00.16 | Mem:0.00M, Peak:0.00M | Scene, ViewLayer | Synchronizing object | East_service_fence_mesh1_3
Fra:1 Mem:274.10M (Peak 274.11M) | Time:00:00.16 | Mem:0.00M, Peak:0.00M | Scene, ViewLayer | Synchronizing object | East_service_fence_mesh1_4
Fra:1 Mem:274.10M (Peak 274.11M) | Time:00:00.16 | Mem:0.00M, Peak:0.00M | Scene, ViewLayer | Synchronizing object | East_service_fence_mesh1_5
Fra:1 Mem:274.10M (Peak 274.11M) | Time:00:00.16 | Mem:0.00M, Peak:0.00M | Scene, ViewLayer | Synchronizing object | East_service_fence_mesh1_7
Fra:1 Mem:274.11M (Peak 274.11M) | Time:00:00.16 | Mem:0.00M, Peak:0.00M | Scene, ViewLayer | Synchronizing object | East_service_fence_post2
Fra:1 Mem:274.11M (Peak 274.11M) | Time:00:00.16 | Mem:0.00M, Peak:0.00M | Scene, ViewLayer | Synchronizing object | East_service_fence_rail2_1.2
Fra:1 Mem:274.11M (Peak 274.11M) | Time:00:00.16 | Mem:0.00M, Peak:0.00M | Scene, ViewLayer | Synchronizing object | East_service_fence_rail2_2.2
Fra:1 Mem:274.14M (Peak 274.14M) | Time:00:00.16 | Mem:0.00M, Peak:0.00M | Scene, ViewLayer | Synchronizing object | East_service_fence_mesh2_0
Fra:1 Mem:274.16M (Peak 274.16M) | Time:00:00.16 | Mem:0.00M, Peak:0.00M | Scene, ViewLayer | Synchronizing object | East_service_fence_mesh2_1
Fra:1 Mem:274.17M (Peak 274.17M) | Time:00:00.16 | Mem:0.00M, Peak:0.00M | Scene, ViewLayer | Synchronizing object | East_service_fence_mesh2_2
Fra:1 Mem:274.19M (Peak 274.19M) | Time:00:00.16 | Mem:0.00M, Peak:0.00M | Scene, ViewLayer | Synchronizing object | East_service_fence_mesh2_4
Fra:1 Mem:274.22M (Peak 274.22M) | Time:00:00.16 | Mem:0.00M, Peak:0.00M | Scene, ViewLayer | Synchronizing object | East_service_fence_mesh2_5
Fra:1 Mem:274.29M (Peak 274.29M) | Time:00:00.16 | Mem:0.00M, Peak:0.00M | Scene, ViewLayer | Synchronizing object | East_service_fence_mesh2_6
Fra:1 Mem:274.26M (Peak 274.29M) | Time:00:00.16 | Mem:0.00M, Peak:0.00M | Scene, ViewLayer | Synchronizing object | Circuit_palm_47_folded_fronds
Fra:1 Mem:274.26M (Peak 274.29M) | Time:00:00.16 | Mem:0.00M, Peak:0.00M | Scene, ViewLayer | Synchronizing object | East_service_fence_post3
Fra:1 Mem:274.26M (Peak 274.29M) | Time:00:00.16 | Mem:0.00M, Peak:0.00M | Scene, ViewLayer | Synchronizing object | East_service_fence_rail3_0.35
Fra:1 Mem:274.26M (Peak 274.29M) | Time:00:00.16 | Mem:0.00M, Peak:0.00M | Scene, ViewLayer | Synchronizing object | East_service_fence_rail3_1.2
Fra:1 Mem:274.27M (Peak 274.29M) | Time:00:00.16 | Mem:0.00M, Peak:0.00M | Scene, ViewLayer | Synchronizing object | East_service_fence_rail3_2.2
Fra:1 Mem:274.27M (Peak 274.29M) | Time:00:00.16 | Mem:0.00M, Peak:0.00M | Scene, ViewLayer | Synchronizing object | East_service_fence_mesh3_1
Fra:1 Mem:274.27M (Peak 274.29M) | Time:00:00.16 | Mem:0.00M, Peak:0.00M | Scene, ViewLayer | Synchronizing object | East_service_fence_mesh3_3
Fra:1 Mem:274.27M (Peak 274.29M) | Time:00:00.16 | Mem:0.00M, Peak:0.00M | Scene, ViewLayer | Synchronizing object | East_service_fence_mesh3_4
Fra:1 Mem:274.27M (Peak 274.29M) | Time:00:00.16 | Mem:0.00M, Peak:0.00M | Scene, ViewLayer | Synchronizing object | East_service_fence_mesh3_5
Fra:1 Mem:274.28M (Peak 274.29M) | Time:00:00.16 | Mem:0.00M, Peak:0.00M | Scene, ViewLayer | Synchronizing object | East_service_fence_mesh3_6
Fra:1 Mem:274.28M (Peak 274.29M) | Time:00:00.16 | Mem:0.00M, Peak:0.00M | Scene, ViewLayer | Synchronizing object | East_service_fence_rail4_0.35
Fra:1 Mem:274.28M (Peak 274.29M) | Time:00:00.16 | Mem:0.00M, Peak:0.00M | Scene, ViewLayer | Synchronizing object | East_service_fence_rail4_1.2
Fra:1 Mem:274.28M (Peak 274.29M) | Time:00:00.16 | Mem:0.00M, Peak:0.00M | Scene, ViewLayer | Synchronizing object | East_service_fence_mesh4_0
Fra:1 Mem:274.28M (Peak 274.29M) | Time:00:00.16 | Mem:0.00M, Peak:0.00M | Scene, ViewLayer | Synchronizing object | East_service_fence_mesh4_2
Fra:1 Mem:274.28M (Peak 274.29M) | Time:00:00.16 | Mem:0.00M, Peak:0.00M | Scene, ViewLayer | Synchronizing object | East_service_fence_mesh4_3
Fra:1 Mem:274.28M (Peak 274.29M) | Time:00:00.16 | Mem:0.00M, Peak:0.00M | Scene, ViewLayer | Synchronizing object | East_service_fence_mesh4_4
Fra:1 Mem:274.28M (Peak 274.29M) | Time:00:00.16 | Mem:0.00M, Peak:0.00M | Scene, ViewLayer | Synchronizing object | East_service_fence_mesh4_5
Fra:1 Mem:274.29M (Peak 274.29M) | Time:00:00.16 | Mem:0.00M, Peak:0.00M | Scene, ViewLayer | Synchronizing object | East_service_fence_mesh4_6
Fra:1 Mem:274.29M (Peak 274.29M) | Time:00:00.16 | Mem:0.00M, Peak:0.00M | Scene, ViewLayer | Synchronizing object | East_service_fence_mesh4_7
Fra:1 Mem:274.29M (Peak 274.29M) | Time:00:00.16 | Mem:0.00M, Peak:0.00M | Scene, ViewLayer | Synchronizing object | East_service_fence_post5
Fra:1 Mem:274.29M (Peak 274.29M) | Time:00:00.16 | Mem:0.00M, Peak:0.00M | Scene, ViewLayer | Synchronizing object | East_service_fence_rail5_0.35
Fra:1 Mem:274.29M (Peak 274.29M) | Time:00:00.16 | Mem:0.00M, Peak:0.00M | Scene, ViewLayer | Synchronizing object | East_service_fence_rail5_1.2
Fra:1 Mem:274.29M (Peak 274.29M) | Time:00:00.16 | Mem:0.00M, Peak:0.00M | Scene, ViewLayer | Synchronizing object | East_service_fence_rail5_2.2
Fra:1 Mem:274.30M (Peak 274.30M) | Time:00:00.16 | Mem:0.00M, Peak:0.00M | Scene, ViewLayer | Synchronizing object | East_service_fence_mesh5_0
Fra:1 Mem:274.30M (Peak 274.30M) | Time:00:00.16 | Mem:0.00M, Peak:0.00M | Scene, ViewLayer | Synchronizing object | East_service_fence_mesh5_1
Fra:1 Mem:274.30M (Peak 274.30M) | Time:00:00.16 | Mem:0.00M, Peak:0.00M | Scene, ViewLayer | Synchronizing object | East_service_fence_mesh5_3
Fra:1 Mem:274.30M (Peak 274.30M) | Time:00:00.16 | Mem:0.00M, Peak:0.00M | Scene, ViewLayer | Synchronizing object | East_service_fence_mesh5_4
Fra:1 Mem:274.30M (Peak 274.30M) | Time:00:00.16 | Mem:0.00M, Peak:0.00M | Scene, ViewLayer | Synchronizing object | East_service_fence_mesh5_6
Fra:1 Mem:274.30M (Peak 274.30M) | Time:00:00.16 | Mem:0.00M, Peak:0.00M | Scene, ViewLayer | Synchronizing object | East_service_fence_mesh5_7
Fra:1 Mem:274.30M (Peak 274.30M) | Time:00:00.16 | Mem:0.00M, Peak:0.00M | Scene, ViewLayer | Synchronizing object | East_service_fence_mesh5_8
Fra:1 Mem:274.37M (Peak 274.37M) | Time:00:00.16 | Mem:0.00M, Peak:0.00M | Scene, ViewLayer | Synchronizing object | East_service_fence_rail6_0.35
Fra:1 Mem:274.43M (Peak 274.43M) | Time:00:00.16 | Mem:0.00M, Peak:0.00M | Scene, ViewLayer | Synchronizing object | East_service_fence_mesh6_0
Fra:1 Mem:274.47M (Peak 274.47M) | Time:00:00.16 | Mem:0.00M, Peak:0.00M | Scene, ViewLayer | Synchronizing object | East_service_fence_mesh6_1
Fra:1 Mem:274.47M (Peak 274.47M) | Time:00:00.16 | Mem:0.00M, Peak:0.00M | Scene, ViewLayer | Synchronizing object | Circuit_palm_46_folded_fronds
Fra:1 Mem:274.47M (Peak 274.47M) | Time:00:00.16 | Mem:0.00M, Peak:0.00M | Scene, ViewLayer | Synchronizing object | East_service_fence_mesh6_3
Fra:1 Mem:274.59M (Peak 274.59M) | Time:00:00.16 | Mem:0.00M, Peak:0.00M | Scene, ViewLayer | Synchronizing object | East_service_fence_mesh6_4
Fra:1 Mem:274.63M (Peak 274.63M) | Time:00:00.16 | Mem:0.00M, Peak:0.00M | Scene, ViewLayer | Synchronizing object | East_service_fence_mesh6_5
Fra:1 Mem:274.63M (Peak 274.63M) | Time:00:00.16 | Mem:0.00M, Peak:0.00M | Scene, ViewLayer | Synchronizing object | East_service_fence_mesh6_6
Fra:1 Mem:274.63M (Peak 274.63M) | Time:00:00.16 | Mem:0.00M, Peak:0.00M | Scene, ViewLayer | Synchronizing object | East_service_fence_post7
Fra:1 Mem:274.63M (Peak 274.63M) | Time:00:00.16 | Mem:0.00M, Peak:0.00M | Scene, ViewLayer | Synchronizing object | East_service_fence_rail7_1.2
Fra:1 Mem:274.64M (Peak 274.64M) | Time:00:00.16 | Mem:0.00M, Peak:0.00M | Scene, ViewLayer | Synchronizing object | East_service_fence_rail7_2.2
Fra:1 Mem:274.64M (Peak 274.64M) | Time:00:00.16 | Mem:0.00M, Peak:0.00M | Scene, ViewLayer | Synchronizing object | East_service_fence_mesh7_0
Fra:1 Mem:274.64M (Peak 274.64M) | Time:00:00.16 | Mem:0.00M, Peak:0.00M | Scene, ViewLayer | Synchronizing object | East_service_fence_mesh7_3
Fra:1 Mem:274.64M (Peak 274.64M) | Time:00:00.16 | Mem:0.00M, Peak:0.00M | Scene, ViewLayer | Synchronizing object | East_service_fence_mesh7_4
Fra:1 Mem:274.64M (Peak 274.64M) | Time:00:00.16 | Mem:0.00M, Peak:0.00M | Scene, ViewLayer | Synchronizing object | East_service_fence_mesh7_6
Fra:1 Mem:274.65M (Peak 274.65M) | Time:00:00.16 | Mem:0.00M, Peak:0.00M | Scene, ViewLayer | Synchronizing object | East_service_fence_mesh7_7
Fra:1 Mem:274.65M (Peak 274.65M) | Time:00:00.16 | Mem:0.00M, Peak:0.00M | Scene, ViewLayer | Synchronizing object | East_service_fence_mesh7_8
Fra:1 Mem:274.65M (Peak 274.65M) | Time:00:00.16 | Mem:0.00M, Peak:0.00M | Scene, ViewLayer | Synchronizing object | East_service_fence_post8
Fra:1 Mem:274.65M (Peak 274.65M) | Time:00:00.17 | Mem:0.00M, Peak:0.00M | Scene, ViewLayer | Synchronizing object | East_service_fence_rail8_0.35
Fra:1 Mem:274.65M (Peak 274.65M) | Time:00:00.17 | Mem:0.00M, Peak:0.00M | Scene, ViewLayer | Synchronizing object | East_service_fence_rail8_1.2
Fra:1 Mem:274.70M (Peak 274.70M) | Time:00:00.17 | Mem:0.00M, Peak:0.00M | Scene, ViewLayer | Synchronizing object | East_service_fence_mesh8_0
Fra:1 Mem:274.76M (Peak 274.76M) | Time:00:00.17 | Mem:0.00M, Peak:0.00M | Scene, ViewLayer | Synchronizing object | East_service_fence_mesh8_1
Fra:1 Mem:274.82M (Peak 274.82M) | Time:00:00.17 | Mem:0.00M, Peak:0.00M | Scene, ViewLayer | Synchronizing object | East_service_fence_mesh8_2
Fra:1 Mem:274.79M (Peak 274.82M) | Time:00:00.17 | Mem:0.00M, Peak:0.00M | Scene, ViewLayer | Synchronizing object | Circuit_palm_44_folded_fronds
Fra:1 Mem:274.79M (Peak 274.82M) | Time:00:00.17 | Mem:0.00M, Peak:0.00M | Scene, ViewLayer | Synchronizing object | East_service_fence_mesh8_4
Fra:1 Mem:274.79M (Peak 274.82M) | Time:00:00.17 | Mem:0.00M, Peak:0.00M | Scene, ViewLayer | Synchronizing object | East_service_fence_mesh8_6
Fra:1 Mem:274.80M (Peak 274.82M) | Time:00:00.17 | Mem:0.00M, Peak:0.00M | Scene, ViewLayer | Synchronizing object | East_service_fence_mesh8_7
Fra:1 Mem:274.80M (Peak 274.82M) | Time:00:00.17 | Mem:0.00M, Peak:0.00M | Scene, ViewLayer | Synchronizing object | East_service_fence_post9
Fra:1 Mem:274.80M (Peak 274.82M) | Time:00:00.17 | Mem:0.00M, Peak:0.00M | Scene, ViewLayer | Synchronizing object | East_service_fence_rail9_0.35
Fra:1 Mem:274.80M (Peak 274.82M) | Time:00:00.17 | Mem:0.00M, Peak:0.00M | Scene, ViewLayer | Synchronizing object | East_service_fence_rail9_1.2
Fra:1 Mem:274.80M (Peak 274.82M) | Time:00:00.17 | Mem:0.00M, Peak:0.00M | Scene, ViewLayer | Synchronizing object | East_service_fence_rail9_2.2
Fra:1 Mem:274.81M (Peak 274.82M) | Time:00:00.17 | Mem:0.00M, Peak:0.00M | Scene, ViewLayer | Synchronizing object | East_service_fence_mesh9_0
Fra:1 Mem:274.81M (Peak 274.82M) | Time:00:00.17 | Mem:0.00M, Peak:0.00M | Scene, ViewLayer | Synchronizing object | East_service_fence_mesh9_1
Fra:1 Mem:274.81M (Peak 274.82M) | Time:00:00.17 | Mem:0.00M, Peak:0.00M | Scene, ViewLayer | Synchronizing object | East_service_fence_mesh9_2
Fra:1 Mem:274.81M (Peak 274.82M) | Time:00:00.17 | Mem:0.00M, Peak:0.00M | Scene, ViewLayer | Synchronizing object | East_service_fence_mesh9_3
Fra:1 Mem:274.81M (Peak 274.82M) | Time:00:00.17 | Mem:0.00M, Peak:0.00M | Scene, ViewLayer | Synchronizing object | East_service_fence_mesh9_6
Fra:1 Mem:274.82M (Peak 274.82M) | Time:00:00.17 | Mem:0.00M, Peak:0.00M | Scene, ViewLayer | Synchronizing object | East_service_fence_mesh9_7
Fra:1 Mem:274.82M (Peak 274.82M) | Time:00:00.17 | Mem:0.00M, Peak:0.00M | Scene, ViewLayer | Synchronizing object | East_service_fence_post10
Fra:1 Mem:274.82M (Peak 274.82M) | Time:00:00.17 | Mem:0.00M, Peak:0.00M | Scene, ViewLayer | Synchronizing object | East_service_fence_rail10_0.35
Fra:1 Mem:274.82M (Peak 274.82M) | Time:00:00.17 | Mem:0.00M, Peak:0.00M | Scene, ViewLayer | Synchronizing object | East_service_fence_rail10_1.2
Fra:1 Mem:274.82M (Peak 274.82M) | Time:00:00.17 | Mem:0.00M, Peak:0.00M | Scene, ViewLayer | Synchronizing object | East_service_fence_rail10_2.2
Fra:1 Mem:274.83M (Peak 274.83M) | Time:00:00.17 | Mem:0.00M, Peak:0.00M | Scene, ViewLayer | Synchronizing object | East_service_fence_mesh10_2
Fra:1 Mem:274.83M (Peak 274.83M) | Time:00:00.17 | Mem:0.00M, Peak:0.00M | Scene, ViewLayer | Synchronizing object | East_service_fence_mesh10_4
Fra:1 Mem:274.83M (Peak 274.83M) | Time:00:00.17 | Mem:0.00M, Peak:0.00M | Scene, ViewLayer | Synchronizing object | East_service_fence_mesh10_5
Fra:1 Mem:274.83M (Peak 274.83M) | Time:00:00.17 | Mem:0.00M, Peak:0.00M | Scene, ViewLayer | Synchronizing object | East_service_fence_mesh10_7
Fra:1 Mem:274.83M (Peak 274.83M) | Time:00:00.17 | Mem:0.00M, Peak:0.00M | Scene, ViewLayer | Synchronizing object | East_service_fence_mesh10_8
Fra:1 Mem:274.83M (Peak 274.83M) | Time:00:00.17 | Mem:0.00M, Peak:0.00M | Scene, ViewLayer | Synchronizing object | East_service_fence_rail11_0.35
Fra:1 Mem:274.83M (Peak 274.83M) | Time:00:00.17 | Mem:0.00M, Peak:0.00M | Scene, ViewLayer | Synchronizing object | East_service_fence_rail11_2.2
Fra:1 Mem:274.84M (Peak 274.84M) | Time:00:00.17 | Mem:0.00M, Peak:0.00M | Scene, ViewLayer | Synchronizing object | East_service_fence_mesh11_1
Fra:1 Mem:274.84M (Peak 274.84M) | Time:00:00.17 | Mem:0.00M, Peak:0.00M | Scene, ViewLayer | Synchronizing object | East_service_fence_mesh11_2
Fra:1 Mem:274.84M (Peak 274.84M) | Time:00:00.17 | Mem:0.00M, Peak:0.00M | Scene, ViewLayer | Synchronizing object | East_service_fence_mesh11_4
Fra:1 Mem:274.84M (Peak 274.84M) | Time:00:00.17 | Mem:0.00M, Peak:0.00M | Scene, ViewLayer | Synchronizing object | East_service_fence_mesh11_5
Fra:1 Mem:274.90M (Peak 274.90M) | Time:00:00.17 | Mem:0.00M, Peak:0.00M | Scene, ViewLayer | Synchronizing object | East_service_fence_mesh11_6
Fra:1 Mem:275.01M (Peak 275.01M) | Time:00:00.17 | Mem:0.00M, Peak:0.00M | Scene, ViewLayer | Synchronizing object | East_service_fence_mesh11_7
Fra:1 Mem:275.01M (Peak 275.01M) | Time:00:00.17 | Mem:0.00M, Peak:0.00M | Scene, ViewLayer | Synchronizing object | Circuit_palm_43_folded_fronds
Fra:1 Mem:275.06M (Peak 275.06M) | Time:00:00.17 | Mem:0.00M, Peak:0.00M | Scene, ViewLayer | Synchronizing object | East_service_fence_rail12_0.35
Fra:1 Mem:275.16M (Peak 275.16M) | Time:00:00.17 | Mem:0.00M, Peak:0.00M | Scene, ViewLayer | Synchronizing object | East_service_fence_rail12_1.2
Fra:1 Mem:275.17M (Peak 275.17M) | Time:00:00.17 | Mem:0.00M, Peak:0.00M | Scene, ViewLayer | Synchronizing object | East_service_fence_mesh12_0
Fra:1 Mem:275.17M (Peak 275.17M) | Time:00:00.17 | Mem:0.00M, Peak:0.00M | Scene, ViewLayer | Synchronizing object | East_service_fence_mesh12_2
Fra:1 Mem:275.17M (Peak 275.17M) | Time:00:00.17 | Mem:0.00M, Peak:0.00M | Scene, ViewLayer | Synchronizing object | East_service_fence_mesh12_4
Fra:1 Mem:275.17M (Peak 275.17M) | Time:00:00.17 | Mem:0.00M, Peak:0.00M | Scene, ViewLayer | Synchronizing object | East_service_fence_mesh12_6
Fra:1 Mem:275.17M (Peak 275.17M) | Time:00:00.17 | Mem:0.00M, Peak:0.00M | Scene, ViewLayer | Synchronizing object | East_service_fence_mesh12_7
Fra:1 Mem:275.17M (Peak 275.17M) | Time:00:00.17 | Mem:0.00M, Peak:0.00M | Scene, ViewLayer | Synchronizing object | East_service_fence_mesh12_8
Fra:1 Mem:275.17M (Peak 275.17M) | Time:00:00.17 | Mem:0.00M, Peak:0.00M | Scene, ViewLayer | Synchronizing object | East_service_fence_rail13_0.35
Fra:1 Mem:275.18M (Peak 275.18M) | Time:00:00.17 | Mem:0.00M, Peak:0.00M | Scene, ViewLayer | Synchronizing object | East_service_fence_rail13_2.2
Fra:1 Mem:275.18M (Peak 275.18M) | Time:00:00.17 | Mem:0.00M, Peak:0.00M | Scene, ViewLayer | Synchronizing object | East_service_fence_mesh13_0
Fra:1 Mem:275.18M (Peak 275.18M) | Time:00:00.17 | Mem:0.00M, Peak:0.00M | Scene, ViewLayer | Synchronizing object | East_service_fence_mesh13_1
Fra:1 Mem:275.18M (Peak 275.18M) | Time:00:00.17 | Mem:0.00M, Peak:0.00M | Scene, ViewLayer | Synchronizing object | East_service_fence_mesh13_2
Fra:1 Mem:275.18M (Peak 275.18M) | Time:00:00.17 | Mem:0.00M, Peak:0.00M | Scene, ViewLayer | Synchronizing object | East_service_fence_mesh13_3
Fra:1 Mem:275.19M (Peak 275.19M) | Time:00:00.17 | Mem:0.00M, Peak:0.00M | Scene, ViewLayer | Synchronizing object | East_service_fence_mesh13_5
Fra:1 Mem:275.19M (Peak 275.19M) | Time:00:00.17 | Mem:0.00M, Peak:0.00M | Scene, ViewLayer | Synchronizing object | East_service_fence_mesh13_6
Fra:1 Mem:275.19M (Peak 275.19M) | Time:00:00.17 | Mem:0.00M, Peak:0.00M | Scene, ViewLayer | Synchronizing object | East_service_fence_mesh13_8
Fra:1 Mem:275.19M (Peak 275.19M) | Time:00:00.17 | Mem:0.00M, Peak:0.00M | Scene, ViewLayer | Synchronizing object | East_service_fence_post14
Fra:1 Mem:275.19M (Peak 275.19M) | Time:00:00.17 | Mem:0.00M, Peak:0.00M | Scene, ViewLayer | Synchronizing object | East_service_fence_rail14_0.35
Fra:1 Mem:275.19M (Peak 275.19M) | Time:00:00.17 | Mem:0.00M, Peak:0.00M | Scene, ViewLayer | Synchronizing object | East_service_fence_rail14_1.2
Fra:1 Mem:275.20M (Peak 275.20M) | Time:00:00.17 | Mem:0.00M, Peak:0.00M | Scene, ViewLayer | Synchronizing object | East_service_fence_mesh14_1
Fra:1 Mem:275.20M (Peak 275.20M) | Time:00:00.17 | Mem:0.00M, Peak:0.00M | Scene, ViewLayer | Synchronizing object | East_service_fence_mesh14_2
Fra:1 Mem:275.20M (Peak 275.20M) | Time:00:00.17 | Mem:0.00M, Peak:0.00M | Scene, ViewLayer | Synchronizing object | East_service_fence_mesh14_3
Fra:1 Mem:275.20M (Peak 275.20M) | Time:00:00.17 | Mem:0.00M, Peak:0.00M | Scene, ViewLayer | Synchronizing object | East_service_fence_mesh14_4
Fra:1 Mem:275.20M (Peak 275.20M) | Time:00:00.17 | Mem:0.00M, Peak:0.00M | Scene, ViewLayer | Synchronizing object | East_service_fence_mesh14_5
Fra:1 Mem:275.20M (Peak 275.20M) | Time:00:00.17 | Mem:0.00M, Peak:0.00M | Scene, ViewLayer | Synchronizing object | East_service_fence_mesh14_7
Fra:1 Mem:275.20M (Peak 275.20M) | Time:00:00.17 | Mem:0.00M, Peak:0.00M | Scene, ViewLayer | Synchronizing object | East_service_fence_post15
Fra:1 Mem:275.21M (Peak 275.21M) | Time:00:00.17 | Mem:0.00M, Peak:0.00M | Scene, ViewLayer | Synchronizing object | East_service_fence_rail15_1.2
Fra:1 Mem:275.21M (Peak 275.21M) | Time:00:00.17 | Mem:0.00M, Peak:0.00M | Scene, ViewLayer | Synchronizing object | East_service_fence_rail15_2.2
Fra:1 Mem:275.32M (Peak 275.32M) | Time:00:00.17 | Mem:0.00M, Peak:0.00M | Scene, ViewLayer | Synchronizing object | East_service_fence_mesh15_0
Fra:1 Mem:275.38M (Peak 275.38M) | Time:00:00.17 | Mem:0.00M, Peak:0.00M | Scene, ViewLayer | Synchronizing object | East_service_fence_mesh15_2
Fra:1 Mem:275.35M (Peak 275.38M) | Time:00:00.17 | Mem:0.00M, Peak:0.00M | Scene, ViewLayer | Synchronizing object | Circuit_palm_41_folded_fronds
Fra:1 Mem:275.48M (Peak 275.48M) | Time:00:00.17 | Mem:0.00M, Peak:0.00M | Scene, ViewLayer | Synchronizing object | East_service_fence_mesh15_4
Fra:1 Mem:275.48M (Peak 275.48M) | Time:00:00.17 | Mem:0.00M, Peak:0.00M | Scene, ViewLayer | Synchronizing object | East_service_fence_mesh15_5
Fra:1 Mem:275.48M (Peak 275.48M) | Time:00:00.17 | Mem:0.00M, Peak:0.00M | Scene, ViewLayer | Synchronizing object | East_service_fence_mesh15_7
Fra:1 Mem:275.52M (Peak 275.52M) | Time:00:00.17 | Mem:0.00M, Peak:0.00M | Scene, ViewLayer | Synchronizing object | Circuit_palm_40_folded_fronds
Fra:1 Mem:275.61M (Peak 275.61M) | Time:00:00.17 | Mem:0.00M, Peak:0.00M | Scene, ViewLayer | Synchronizing object | East_service_fence_rail16_0.35
Fra:1 Mem:275.68M (Peak 275.68M) | Time:00:00.17 | Mem:0.00M, Peak:0.00M | Scene, ViewLayer | Synchronizing object | East_service_fence_rail16_1.2
Fra:1 Mem:275.68M (Peak 275.68M) | Time:00:00.17 | Mem:0.00M, Peak:0.00M | Scene, ViewLayer | Synchronizing object | East_service_fence_mesh16_0
Fra:1 Mem:275.68M (Peak 275.68M) | Time:00:00.17 | Mem:0.00M, Peak:0.00M | Scene, ViewLayer | Synchronizing object | East_service_fence_mesh16_3
Fra:1 Mem:275.68M (Peak 275.68M) | Time:00:00.17 | Mem:0.00M, Peak:0.00M | Scene, ViewLayer | Synchronizing object | East_service_fence_mesh16_4
Fra:1 Mem:275.69M (Peak 275.69M) | Time:00:00.17 | Mem:0.00M, Peak:0.00M | Scene, ViewLayer | Synchronizing object | East_service_fence_mesh16_6
Fra:1 Mem:275.69M (Peak 275.69M) | Time:00:00.17 | Mem:0.00M, Peak:0.00M | Scene, ViewLayer | Synchronizing object | East_service_fence_mesh16_7
Fra:1 Mem:275.69M (Peak 275.69M) | Time:00:00.17 | Mem:0.00M, Peak:0.00M | Scene, ViewLayer | Synchronizing object | East_service_fence_mesh16_8
Fra:1 Mem:275.69M (Peak 275.69M) | Time:00:00.17 | Mem:0.00M, Peak:0.00M | Scene, ViewLayer | Synchronizing object | East_service_fence_post17
Fra:1 Mem:275.69M (Peak 275.69M) | Time:00:00.17 | Mem:0.00M, Peak:0.00M | Scene, ViewLayer | Synchronizing object | East_service_fence_rail17_1.2
Fra:1 Mem:275.69M (Peak 275.69M) | Time:00:00.17 | Mem:0.00M, Peak:0.00M | Scene, ViewLayer | Synchronizing object | East_service_fence_rail17_2.2
Fra:1 Mem:275.69M (Peak 275.69M) | Time:00:00.17 | Mem:0.00M, Peak:0.00M | Scene, ViewLayer | Synchronizing object | East_service_fence_mesh17_1
Fra:1 Mem:275.69M (Peak 275.69M) | Time:00:00.17 | Mem:0.00M, Peak:0.00M | Scene, ViewLayer | Synchronizing object | East_service_fence_mesh17_2
Fra:1 Mem:275.69M (Peak 275.69M) | Time:00:00.17 | Mem:0.00M, Peak:0.00M | Scene, ViewLayer | Synchronizing object | East_service_fence_mesh17_3
Fra:1 Mem:275.69M (Peak 275.69M) | Time:00:00.17 | Mem:0.00M, Peak:0.00M | Scene, ViewLayer | Synchronizing object | East_service_fence_mesh17_4
Fra:1 Mem:275.70M (Peak 275.70M) | Time:00:00.17 | Mem:0.00M, Peak:0.00M | Scene, ViewLayer | Synchronizing object | East_service_fence_mesh17_5
Fra:1 Mem:275.70M (Peak 275.70M) | Time:00:00.17 | Mem:0.00M, Peak:0.00M | Scene, ViewLayer | Synchronizing object | East_service_fence_mesh17_7
Fra:1 Mem:275.70M (Peak 275.70M) | Time:00:00.17 | Mem:0.00M, Peak:0.00M | Scene, ViewLayer | Synchronizing object | East_service_fence_mesh17_8
Fra:1 Mem:275.70M (Peak 275.70M) | Time:00:00.17 | Mem:0.00M, Peak:0.00M | Scene, ViewLayer | Synchronizing object | East_service_fence_post18
Fra:1 Mem:275.70M (Peak 275.70M) | Time:00:00.17 | Mem:0.00M, Peak:0.00M | Scene, ViewLayer | Synchronizing object | East_service_fence_rail18_2.2
Fra:1 Mem:275.71M (Peak 275.71M) | Time:00:00.17 | Mem:0.00M, Peak:0.00M | Scene, ViewLayer | Synchronizing object | East_service_fence_mesh18_0
Fra:1 Mem:275.71M (Peak 275.71M) | Time:00:00.17 | Mem:0.00M, Peak:0.00M | Scene, ViewLayer | Synchronizing object | East_service_fence_mesh18_1
Fra:1 Mem:275.71M (Peak 275.71M) | Time:00:00.17 | Mem:0.00M, Peak:0.00M | Scene, ViewLayer | Synchronizing object | East_service_fence_mesh18_2
Fra:1 Mem:275.71M (Peak 275.71M) | Time:00:00.17 | Mem:0.00M, Peak:0.00M | Scene, ViewLayer | Synchronizing object | East_service_fence_mesh18_4
Fra:1 Mem:275.71M (Peak 275.71M) | Time:00:00.17 | Mem:0.00M, Peak:0.00M | Scene, ViewLayer | Synchronizing object | East_service_fence_mesh18_5
Fra:1 Mem:275.71M (Peak 275.71M) | Time:00:00.17 | Mem:0.00M, Peak:0.00M | Scene, ViewLayer | Synchronizing object | East_service_fence_mesh18_6
Fra:1 Mem:275.72M (Peak 275.72M) | Time:00:00.17 | Mem:0.00M, Peak:0.00M | Scene, ViewLayer | Synchronizing object | East_service_fence_mesh18_7
Fra:1 Mem:275.72M (Peak 275.72M) | Time:00:00.17 | Mem:0.00M, Peak:0.00M | Scene, ViewLayer | Synchronizing object | East_service_fence_mesh18_8
Fra:1 Mem:275.72M (Peak 275.72M) | Time:00:00.17 | Mem:0.00M, Peak:0.00M | Scene, ViewLayer | Synchronizing object | East_service_fence_post19
Fra:1 Mem:275.72M (Peak 275.72M) | Time:00:00.17 | Mem:0.00M, Peak:0.00M | Scene, ViewLayer | Synchronizing object | East_service_fence_rail19_1.2
Fra:1 Mem:275.72M (Peak 275.72M) | Time:00:00.17 | Mem:0.00M, Peak:0.00M | Scene, ViewLayer | Synchronizing object | East_service_fence_mesh19_0
Fra:1 Mem:275.73M (Peak 275.73M) | Time:00:00.17 | Mem:0.00M, Peak:0.00M | Scene, ViewLayer | Synchronizing object | East_service_fence_mesh19_1
Fra:1 Mem:275.73M (Peak 275.73M) | Time:00:00.17 | Mem:0.00M, Peak:0.00M | Scene, ViewLayer | Synchronizing object | East_service_fence_mesh19_3
Fra:1 Mem:275.73M (Peak 275.73M) | Time:00:00.17 | Mem:0.00M, Peak:0.00M | Scene, ViewLayer | Synchronizing object | East_service_fence_mesh19_5
Fra:1 Mem:275.73M (Peak 275.73M) | Time:00:00.17 | Mem:0.00M, Peak:0.00M | Scene, ViewLayer | Synchronizing object | East_service_fence_mesh19_6
Fra:1 Mem:275.73M (Peak 275.73M) | Time:00:00.17 | Mem:0.00M, Peak:0.00M | Scene, ViewLayer | Synchronizing object | East_service_fence_post20
Fra:1 Mem:275.73M (Peak 275.73M) | Time:00:00.17 | Mem:0.00M, Peak:0.00M | Scene, ViewLayer | Synchronizing object | East_service_fence_rail20_0.35
Fra:1 Mem:275.73M (Peak 275.73M) | Time:00:00.17 | Mem:0.00M, Peak:0.00M | Scene, ViewLayer | Synchronizing object | East_service_fence_rail20_1.2
Fra:1 Mem:275.74M (Peak 275.74M) | Time:00:00.17 | Mem:0.00M, Peak:0.00M | Scene, ViewLayer | Synchronizing object | East_service_fence_rail20_2.2
Fra:1 Mem:275.74M (Peak 275.74M) | Time:00:00.17 | Mem:0.00M, Peak:0.00M | Scene, ViewLayer | Synchronizing object | East_service_fence_mesh20_1
Fra:1 Mem:275.74M (Peak 275.74M) | Time:00:00.17 | Mem:0.00M, Peak:0.00M | Scene, ViewLayer | Synchronizing object | East_service_fence_mesh20_2
Fra:1 Mem:275.74M (Peak 275.74M) | Time:00:00.17 | Mem:0.00M, Peak:0.00M | Scene, ViewLayer | Synchronizing object | East_service_fence_mesh20_3
Fra:1 Mem:275.74M (Peak 275.74M) | Time:00:00.17 | Mem:0.00M, Peak:0.00M | Scene, ViewLayer | Synchronizing object | East_service_fence_mesh20_4
Fra:1 Mem:275.75M (Peak 275.75M) | Time:00:00.17 | Mem:0.00M, Peak:0.00M | Scene, ViewLayer | Synchronizing object | East_service_fence_mesh20_5
Fra:1 Mem:275.75M (Peak 275.75M) | Time:00:00.17 | Mem:0.00M, Peak:0.00M | Scene, ViewLayer | Synchronizing object | East_service_fence_post21
Fra:1 Mem:275.75M (Peak 275.75M) | Time:00:00.17 | Mem:0.00M, Peak:0.00M | Scene, ViewLayer | Synchronizing object | East_service_fence_rail21_0.35
Fra:1 Mem:275.75M (Peak 275.75M) | Time:00:00.17 | Mem:0.00M, Peak:0.00M | Scene, ViewLayer | Synchronizing object | East_service_fence_rail21_2.2
Fra:1 Mem:275.75M (Peak 275.75M) | Time:00:00.17 | Mem:0.00M, Peak:0.00M | Scene, ViewLayer | Synchronizing object | East_service_fence_mesh21_0
Fra:1 Mem:275.76M (Peak 275.76M) | Time:00:00.17 | Mem:0.00M, Peak:0.00M | Scene, ViewLayer | Synchronizing object | East_service_fence_mesh21_1
Fra:1 Mem:275.76M (Peak 275.76M) | Time:00:00.17 | Mem:0.00M, Peak:0.00M | Scene, ViewLayer | Synchronizing object | East_service_fence_mesh21_3
Fra:1 Mem:275.76M (Peak 275.76M) | Time:00:00.17 | Mem:0.00M, Peak:0.00M | Scene, ViewLayer | Synchronizing object | East_service_fence_mesh21_4
Fra:1 Mem:275.76M (Peak 275.76M) | Time:00:00.17 | Mem:0.00M, Peak:0.00M | Scene, ViewLayer | Synchronizing object | East_service_fence_mesh21_5
Fra:1 Mem:275.76M (Peak 275.76M) | Time:00:00.17 | Mem:0.00M, Peak:0.00M | Scene, ViewLayer | Synchronizing object | East_service_fence_mesh21_6
Fra:1 Mem:275.76M (Peak 275.76M) | Time:00:00.17 | Mem:0.00M, Peak:0.00M | Scene, ViewLayer | Synchronizing object | East_service_fence_mesh21_7
Fra:1 Mem:275.76M (Peak 275.76M) | Time:00:00.17 | Mem:0.00M, Peak:0.00M | Scene, ViewLayer | Synchronizing object | East_service_fence_post22
Fra:1 Mem:275.76M (Peak 275.76M) | Time:00:00.17 | Mem:0.00M, Peak:0.00M | Scene, ViewLayer | Synchronizing object | East_service_fence_rail22_0.35
Fra:1 Mem:275.77M (Peak 275.77M) | Time:00:00.17 | Mem:0.00M, Peak:0.00M | Scene, ViewLayer | Synchronizing object | East_service_fence_rail22_1.2
Fra:1 Mem:275.77M (Peak 275.77M) | Time:00:00.17 | Mem:0.00M, Peak:0.00M | Scene, ViewLayer | Synchronizing object | East_service_fence_rail22_2.2
Fra:1 Mem:275.77M (Peak 275.77M) | Time:00:00.17 | Mem:0.00M, Peak:0.00M | Scene, ViewLayer | Synchronizing object | East_service_fence_mesh22_0
Fra:1 Mem:275.77M (Peak 275.77M) | Time:00:00.17 | Mem:0.00M, Peak:0.00M | Scene, ViewLayer | Synchronizing object | East_service_fence_mesh22_3
Fra:1 Mem:275.78M (Peak 275.78M) | Time:00:00.17 | Mem:0.00M, Peak:0.00M | Scene, ViewLayer | Synchronizing object | East_service_fence_mesh22_4
Fra:1 Mem:275.78M (Peak 275.78M) | Time:00:00.17 | Mem:0.00M, Peak:0.00M | Scene, ViewLayer | Synchronizing object | East_service_fence_mesh22_5
Fra:1 Mem:275.78M (Peak 275.78M) | Time:00:00.17 | Mem:0.00M, Peak:0.00M | Scene, ViewLayer | Synchronizing object | East_service_fence_rail23_0.35
Fra:1 Mem:275.78M (Peak 275.78M) | Time:00:00.17 | Mem:0.00M, Peak:0.00M | Scene, ViewLayer | Synchronizing object | East_service_fence_rail23_1.2
Fra:1 Mem:275.78M (Peak 275.78M) | Time:00:00.17 | Mem:0.00M, Peak:0.00M | Scene, ViewLayer | Synchronizing object | East_service_fence_rail23_2.2
Fra:1 Mem:275.78M (Peak 275.78M) | Time:00:00.17 | Mem:0.00M, Peak:0.00M | Scene, ViewLayer | Synchronizing object | East_service_fence_mesh23_0
Fra:1 Mem:275.79M (Peak 275.79M) | Time:00:00.17 | Mem:0.00M, Peak:0.00M | Scene, ViewLayer | Synchronizing object | East_service_fence_mesh23_2
Fra:1 Mem:275.79M (Peak 275.79M) | Time:00:00.17 | Mem:0.00M, Peak:0.00M | Scene, ViewLayer | Synchronizing object | East_service_fence_mesh23_4
Fra:1 Mem:275.79M (Peak 275.79M) | Time:00:00.17 | Mem:0.00M, Peak:0.00M | Scene, ViewLayer | Synchronizing object | East_service_fence_mesh23_5
Fra:1 Mem:275.79M (Peak 275.79M) | Time:00:00.17 | Mem:0.00M, Peak:0.00M | Scene, ViewLayer | Synchronizing object | East_service_fence_mesh23_6
Fra:1 Mem:275.79M (Peak 275.79M) | Time:00:00.17 | Mem:0.00M, Peak:0.00M | Scene, ViewLayer | Synchronizing object | East_service_fence_mesh23_7
Fra:1 Mem:275.79M (Peak 275.79M) | Time:00:00.17 | Mem:0.00M, Peak:0.00M | Scene, ViewLayer | Synchronizing object | East_service_fence_mesh23_8
Fra:1 Mem:275.79M (Peak 275.79M) | Time:00:00.17 | Mem:0.00M, Peak:0.00M | Scene, ViewLayer | Synchronizing object | East_service_fence_post24
Fra:1 Mem:275.80M (Peak 275.80M) | Time:00:00.17 | Mem:0.00M, Peak:0.00M | Scene, ViewLayer | Synchronizing object | East_service_fence_rail24_1.2
Fra:1 Mem:275.80M (Peak 275.80M) | Time:00:00.17 | Mem:0.00M, Peak:0.00M | Scene, ViewLayer | Synchronizing object | East_service_fence_mesh24_1
Fra:1 Mem:275.80M (Peak 275.80M) | Time:00:00.17 | Mem:0.00M, Peak:0.00M | Scene, ViewLayer | Synchronizing object | East_service_fence_mesh24_3
Fra:1 Mem:275.80M (Peak 275.80M) | Time:00:00.17 | Mem:0.00M, Peak:0.00M | Scene, ViewLayer | Synchronizing object | East_service_fence_mesh24_4
Fra:1 Mem:275.80M (Peak 275.80M) | Time:00:00.17 | Mem:0.00M, Peak:0.00M | Scene, ViewLayer | Synchronizing object | East_service_fence_mesh24_5
Fra:1 Mem:275.80M (Peak 275.80M) | Time:00:00.17 | Mem:0.00M, Peak:0.00M | Scene, ViewLayer | Synchronizing object | East_service_fence_mesh24_8
Fra:1 Mem:275.81M (Peak 275.81M) | Time:00:00.17 | Mem:0.00M, Peak:0.00M | Scene, ViewLayer | Synchronizing object | East_service_fence_post25
Fra:1 Mem:275.81M (Peak 275.81M) | Time:00:00.17 | Mem:0.00M, Peak:0.00M | Scene, ViewLayer | Synchronizing object | East_service_fence_rail25_1.2
Fra:1 Mem:275.81M (Peak 275.81M) | Time:00:00.17 | Mem:0.00M, Peak:0.00M | Scene, ViewLayer | Synchronizing object | East_service_fence_rail25_2.2
Fra:1 Mem:275.81M (Peak 275.81M) | Time:00:00.17 | Mem:0.00M, Peak:0.00M | Scene, ViewLayer | Synchronizing object | East_service_fence_mesh25_0
Fra:1 Mem:275.81M (Peak 275.81M) | Time:00:00.17 | Mem:0.00M, Peak:0.00M | Scene, ViewLayer | Synchronizing object | East_service_fence_mesh25_1
Fra:1 Mem:275.82M (Peak 275.82M) | Time:00:00.17 | Mem:0.00M, Peak:0.00M | Scene, ViewLayer | Synchronizing object | East_service_fence_mesh25_2
Fra:1 Mem:275.84M (Peak 275.84M) | Time:00:00.17 | Mem:0.00M, Peak:0.00M | Scene, ViewLayer | Synchronizing object | East_service_fence_mesh25_3
Fra:1 Mem:275.90M (Peak 275.90M) | Time:00:00.17 | Mem:0.00M, Peak:0.00M | Scene, ViewLayer | Synchronizing object | East_service_fence_mesh25_4
Fra:1 Mem:275.93M (Peak 275.93M) | Time:00:00.17 | Mem:0.00M, Peak:0.00M | Scene, ViewLayer | Synchronizing object | East_service_fence_mesh25_5
Fra:1 Mem:275.99M (Peak 275.99M) | Time:00:00.17 | Mem:0.00M, Peak:0.00M | Scene, ViewLayer | Synchronizing object | East_service_fence_post26
Fra:1 Mem:275.96M (Peak 275.99M) | Time:00:00.17 | Mem:0.00M, Peak:0.00M | Scene, ViewLayer | Synchronizing object | East_service_fence_rail26_2.2
Fra:1 Mem:275.97M (Peak 275.99M) | Time:00:00.17 | Mem:0.00M, Peak:0.00M | Scene, ViewLayer | Synchronizing object | East_service_fence_mesh26_0
Fra:1 Mem:275.97M (Peak 275.99M) | Time:00:00.17 | Mem:0.00M, Peak:0.00M | Scene, ViewLayer | Synchronizing object | East_service_fence_mesh26_1
Fra:1 Mem:275.97M (Peak 275.99M) | Time:00:00.17 | Mem:0.00M, Peak:0.00M | Scene, ViewLayer | Synchronizing object | East_service_fence_mesh26_2
Fra:1 Mem:275.97M (Peak 275.99M) | Time:00:00.17 | Mem:0.00M, Peak:0.00M | Scene, ViewLayer | Synchronizing object | East_service_fence_mesh26_3
Fra:1 Mem:275.97M (Peak 275.99M) | Time:00:00.17 | Mem:0.00M, Peak:0.00M | Scene, ViewLayer | Synchronizing object | East_service_fence_mesh26_4
Fra:1 Mem:275.97M (Peak 275.99M) | Time:00:00.17 | Mem:0.00M, Peak:0.00M | Scene, ViewLayer | Synchronizing object | East_service_fence_mesh26_6
Fra:1 Mem:275.97M (Peak 275.99M) | Time:00:00.17 | Mem:0.00M, Peak:0.00M | Scene, ViewLayer | Synchronizing object | East_service_fence_mesh26_7
Fra:1 Mem:275.97M (Peak 275.99M) | Time:00:00.17 | Mem:0.00M, Peak:0.00M | Scene, ViewLayer | Synchronizing object | East_service_fence_mesh26_8
Fra:1 Mem:275.98M (Peak 275.99M) | Time:00:00.17 | Mem:0.00M, Peak:0.00M | Scene, ViewLayer | Synchronizing object | East_service_fence_post27
Fra:1 Mem:275.98M (Peak 275.99M) | Time:00:00.17 | Mem:0.00M, Peak:0.00M | Scene, ViewLayer | Synchronizing object | East_service_fence_rail27_0.35
Fra:1 Mem:275.98M (Peak 275.99M) | Time:00:00.17 | Mem:0.00M, Peak:0.00M | Scene, ViewLayer | Synchronizing object | East_service_fence_rail27_2.2
Fra:1 Mem:275.98M (Peak 275.99M) | Time:00:00.17 | Mem:0.00M, Peak:0.00M | Scene, ViewLayer | Synchronizing object | East_service_fence_mesh27_0
Fra:1 Mem:275.98M (Peak 275.99M) | Time:00:00.17 | Mem:0.00M, Peak:0.00M | Scene, ViewLayer | Synchronizing object | East_service_fence_mesh27_2
Fra:1 Mem:275.99M (Peak 275.99M) | Time:00:00.17 | Mem:0.00M, Peak:0.00M | Scene, ViewLayer | Synchronizing object | East_service_fence_mesh27_4
Fra:1 Mem:275.99M (Peak 275.99M) | Time:00:00.17 | Mem:0.00M, Peak:0.00M | Scene, ViewLayer | Synchronizing object | East_service_fence_mesh27_5
Fra:1 Mem:275.99M (Peak 275.99M) | Time:00:00.17 | Mem:0.00M, Peak:0.00M | Scene, ViewLayer | Synchronizing object | East_service_fence_mesh27_6
Fra:1 Mem:275.99M (Peak 275.99M) | Time:00:00.17 | Mem:0.00M, Peak:0.00M | Scene, ViewLayer | Synchronizing object | East_service_fence_mesh27_7
Fra:1 Mem:275.99M (Peak 275.99M) | Time:00:00.17 | Mem:0.00M, Peak:0.00M | Scene, ViewLayer | Synchronizing object | East_service_fence_mesh27_8
Fra:1 Mem:275.99M (Peak 275.99M) | Time:00:00.17 | Mem:0.00M, Peak:0.00M | Scene, ViewLayer | Synchronizing object | East_service_fence_rail28_0.35
Fra:1 Mem:275.99M (Peak 275.99M) | Time:00:00.17 | Mem:0.00M, Peak:0.00M | Scene, ViewLayer | Synchronizing object | East_service_fence_rail28_2.2
Fra:1 Mem:275.99M (Peak 275.99M) | Time:00:00.17 | Mem:0.00M, Peak:0.00M | Scene, ViewLayer | Synchronizing object | East_service_fence_mesh28_0
Fra:1 Mem:276.00M (Peak 276.00M) | Time:00:00.17 | Mem:0.00M, Peak:0.00M | Scene, ViewLayer | Synchronizing object | East_service_fence_mesh28_1
Fra:1 Mem:276.00M (Peak 276.00M) | Time:00:00.17 | Mem:0.00M, Peak:0.00M | Scene, ViewLayer | Synchronizing object | East_service_fence_mesh28_4
Fra:1 Mem:276.00M (Peak 276.00M) | Time:00:00.17 | Mem:0.00M, Peak:0.00M | Scene, ViewLayer | Synchronizing object | East_service_fence_mesh28_5
Fra:1 Mem:276.01M (Peak 276.01M) | Time:00:00.17 | Mem:0.00M, Peak:0.00M | Scene, ViewLayer | Synchronizing object | East_service_fence_mesh28_6
Fra:1 Mem:276.01M (Peak 276.01M) | Time:00:00.17 | Mem:0.00M, Peak:0.00M | Scene, ViewLayer | Synchronizing object | East_service_fence_post29
Fra:1 Mem:276.01M (Peak 276.01M) | Time:00:00.17 | Mem:0.00M, Peak:0.00M | Scene, ViewLayer | Synchronizing object | East_service_fence_rail29_0.35
Fra:1 Mem:276.07M (Peak 276.07M) | Time:00:00.17 | Mem:0.00M, Peak:0.00M | Scene, ViewLayer | Synchronizing object | East_service_fence_rail29_2.2
Fra:1 Mem:276.10M (Peak 276.10M) | Time:00:00.17 | Mem:0.00M, Peak:0.00M | Scene, ViewLayer | Synchronizing object | East_service_fence_mesh29_1
Fra:1 Mem:276.14M (Peak 276.14M) | Time:00:00.17 | Mem:0.00M, Peak:0.00M | Scene, ViewLayer | Synchronizing object | East_service_fence_mesh29_3
Fra:1 Mem:276.18M (Peak 276.18M) | Time:00:00.17 | Mem:0.00M, Peak:0.00M | Scene, ViewLayer | Synchronizing object | Circuit_palm_38_folded_fronds
Fra:1 Mem:276.27M (Peak 276.27M) | Time:00:00.17 | Mem:0.00M, Peak:0.00M | Scene, ViewLayer | Synchronizing object | East_service_fence_mesh29_5
Fra:1 Mem:276.30M (Peak 276.30M) | Time:00:00.17 | Mem:0.00M, Peak:0.00M | Scene, ViewLayer | Synchronizing object | East_service_fence_mesh29_6
Fra:1 Mem:276.36M (Peak 276.36M) | Time:00:00.17 | Mem:0.00M, Peak:0.00M | Scene, ViewLayer | Synchronizing object | East_service_fence_mesh29_7
Fra:1 Mem:276.33M (Peak 276.36M) | Time:00:00.17 | Mem:0.00M, Peak:0.00M | Scene, ViewLayer | Synchronizing object | Circuit_palm_37_folded_fronds
Fra:1 Mem:276.39M (Peak 276.39M) | Time:00:00.17 | Mem:0.00M, Peak:0.00M | Scene, ViewLayer | Synchronizing object | East_service_fence_post30
Fra:1 Mem:276.44M (Peak 276.44M) | Time:00:00.17 | Mem:0.00M, Peak:0.00M | Scene, ViewLayer | Synchronizing object | East_service_fence_rail30_2.2
Fra:1 Mem:276.48M (Peak 276.48M) | Time:00:00.17 | Mem:0.00M, Peak:0.00M | Scene, ViewLayer | Synchronizing object | Circuit_palm_36_folded_fronds
Fra:1 Mem:276.48M (Peak 276.48M) | Time:00:00.17 | Mem:0.00M, Peak:0.00M | Scene, ViewLayer | Synchronizing object | East_service_fence_mesh30_0
Fra:1 Mem:276.48M (Peak 276.48M) | Time:00:00.17 | Mem:0.00M, Peak:0.00M | Scene, ViewLayer | Synchronizing object | East_service_fence_mesh30_1
Fra:1 Mem:276.48M (Peak 276.48M) | Time:00:00.17 | Mem:0.00M, Peak:0.00M | Scene, ViewLayer | Synchronizing object | East_service_fence_mesh30_3
Fra:1 Mem:276.48M (Peak 276.48M) | Time:00:00.17 | Mem:0.00M, Peak:0.00M | Scene, ViewLayer | Synchronizing object | East_service_fence_mesh30_5
Fra:1 Mem:276.48M (Peak 276.49M) | Time:00:00.17 | Mem:0.00M, Peak:0.00M | Scene, ViewLayer | Synchronizing object | East_service_fence_mesh30_7
Fra:1 Mem:276.49M (Peak 276.49M) | Time:00:00.17 | Mem:0.00M, Peak:0.00M | Scene, ViewLayer | Synchronizing object | East_service_fence_post31
Fra:1 Mem:276.49M (Peak 276.49M) | Time:00:00.17 | Mem:0.00M, Peak:0.00M | Scene, ViewLayer | Synchronizing object | East_service_fence_rail31_1.2
Fra:1 Mem:276.49M (Peak 276.49M) | Time:00:00.17 | Mem:0.00M, Peak:0.00M | Scene, ViewLayer | Synchronizing object | East_service_fence_rail31_2.2
Fra:1 Mem:276.49M (Peak 276.49M) | Time:00:00.17 | Mem:0.00M, Peak:0.00M | Scene, ViewLayer | Synchronizing object | East_service_fence_mesh31_0
Fra:1 Mem:276.50M (Peak 276.50M) | Time:00:00.17 | Mem:0.00M, Peak:0.00M | Scene, ViewLayer | Synchronizing object | East_service_fence_mesh31_1
Fra:1 Mem:276.50M (Peak 276.50M) | Time:00:00.17 | Mem:0.00M, Peak:0.00M | Scene, ViewLayer | Synchronizing object | East_service_fence_mesh31_4
Fra:1 Mem:276.50M (Peak 276.50M) | Time:00:00.17 | Mem:0.00M, Peak:0.00M | Scene, ViewLayer | Synchronizing object | East_service_fence_mesh31_5
Fra:1 Mem:276.50M (Peak 276.50M) | Time:00:00.17 | Mem:0.00M, Peak:0.00M | Scene, ViewLayer | Synchronizing object | East_service_fence_mesh31_6
Fra:1 Mem:276.50M (Peak 276.50M) | Time:00:00.17 | Mem:0.00M, Peak:0.00M | Scene, ViewLayer | Synchronizing object | East_service_fence_mesh31_7
Fra:1 Mem:276.50M (Peak 276.50M) | Time:00:00.17 | Mem:0.00M, Peak:0.00M | Scene, ViewLayer | Synchronizing object | East_service_fence_mesh31_8
Fra:1 Mem:276.50M (Peak 276.50M) | Time:00:00.17 | Mem:0.00M, Peak:0.00M | Scene, ViewLayer | Synchronizing object | East_service_fence_post32
Fra:1 Mem:276.51M (Peak 276.51M) | Time:00:00.17 | Mem:0.00M, Peak:0.00M | Scene, ViewLayer | Synchronizing object | East_service_fence_rail32_1.2
Fra:1 Mem:276.51M (Peak 276.51M) | Time:00:00.17 | Mem:0.00M, Peak:0.00M | Scene, ViewLayer | Synchronizing object | East_service_fence_rail32_2.2
Fra:1 Mem:276.51M (Peak 276.51M) | Time:00:00.17 | Mem:0.00M, Peak:0.00M | Scene, ViewLayer | Synchronizing object | East_service_fence_mesh32_0
Fra:1 Mem:276.51M (Peak 276.51M) | Time:00:00.17 | Mem:0.00M, Peak:0.00M | Scene, ViewLayer | Synchronizing object | East_service_fence_mesh32_2
Fra:1 Mem:276.51M (Peak 276.51M) | Time:00:00.17 | Mem:0.00M, Peak:0.00M | Scene, ViewLayer | Synchronizing object | East_service_fence_mesh32_3
Fra:1 Mem:276.52M (Peak 276.52M) | Time:00:00.17 | Mem:0.00M, Peak:0.00M | Scene, ViewLayer | Synchronizing object | East_service_fence_mesh32_4
Fra:1 Mem:276.52M (Peak 276.52M) | Time:00:00.17 | Mem:0.00M, Peak:0.00M | Scene, ViewLayer | Synchronizing object | East_service_fence_mesh32_7
Fra:1 Mem:276.52M (Peak 276.52M) | Time:00:00.17 | Mem:0.00M, Peak:0.00M | Scene, ViewLayer | Synchronizing object | East_service_fence_mesh32_8
Fra:1 Mem:276.52M (Peak 276.52M) | Time:00:00.17 | Mem:0.00M, Peak:0.00M | Scene, ViewLayer | Synchronizing object | East_service_fence_post33
Fra:1 Mem:276.52M (Peak 276.52M) | Time:00:00.17 | Mem:0.00M, Peak:0.00M | Scene, ViewLayer | Synchronizing object | East_service_fence_rail33_0.35
Fra:1 Mem:276.52M (Peak 276.52M) | Time:00:00.17 | Mem:0.00M, Peak:0.00M | Scene, ViewLayer | Synchronizing object | East_service_fence_rail33_1.2
Fra:1 Mem:276.53M (Peak 276.53M) | Time:00:00.17 | Mem:0.00M, Peak:0.00M | Scene, ViewLayer | Synchronizing object | East_service_fence_rail33_2.2
Fra:1 Mem:276.53M (Peak 276.53M) | Time:00:00.17 | Mem:0.00M, Peak:0.00M | Scene, ViewLayer | Synchronizing object | East_service_fence_mesh33_0
Fra:1 Mem:276.53M (Peak 276.53M) | Time:00:00.17 | Mem:0.00M, Peak:0.00M | Scene, ViewLayer | Synchronizing object | East_service_fence_mesh33_1
Fra:1 Mem:276.53M (Peak 276.53M) | Time:00:00.17 | Mem:0.00M, Peak:0.00M | Scene, ViewLayer | Synchronizing object | East_service_fence_mesh33_5
Fra:1 Mem:276.53M (Peak 276.53M) | Time:00:00.17 | Mem:0.00M, Peak:0.00M | Scene, ViewLayer | Synchronizing object | East_service_fence_mesh33_6
Fra:1 Mem:276.53M (Peak 276.53M) | Time:00:00.17 | Mem:0.00M, Peak:0.00M | Scene, ViewLayer | Synchronizing object | East_service_fence_mesh33_7
Fra:1 Mem:276.53M (Peak 276.53M) | Time:00:00.17 | Mem:0.00M, Peak:0.00M | Scene, ViewLayer | Synchronizing object | East_service_fence_rail34_0.35
Fra:1 Mem:276.54M (Peak 276.54M) | Time:00:00.17 | Mem:0.00M, Peak:0.00M | Scene, ViewLayer | Synchronizing object | East_service_fence_rail34_1.2
Fra:1 Mem:276.54M (Peak 276.54M) | Time:00:00.17 | Mem:0.00M, Peak:0.00M | Scene, ViewLayer | Synchronizing object | East_service_fence_rail34_2.2
Fra:1 Mem:276.54M (Peak 276.54M) | Time:00:00.17 | Mem:0.00M, Peak:0.00M | Scene, ViewLayer | Synchronizing object | East_service_fence_mesh34_0
Fra:1 Mem:276.54M (Peak 276.54M) | Time:00:00.17 | Mem:0.00M, Peak:0.00M | Scene, ViewLayer | Synchronizing object | East_service_fence_mesh34_1
Fra:1 Mem:276.54M (Peak 276.54M) | Time:00:00.17 | Mem:0.00M, Peak:0.00M | Scene, ViewLayer | Synchronizing object | East_service_fence_mesh34_2
Fra:1 Mem:276.54M (Peak 276.54M) | Time:00:00.17 | Mem:0.00M, Peak:0.00M | Scene, ViewLayer | Synchronizing object | East_service_fence_mesh34_3
Fra:1 Mem:276.54M (Peak 276.54M) | Time:00:00.17 | Mem:0.00M, Peak:0.00M | Scene, ViewLayer | Synchronizing object | East_service_fence_mesh34_5
Fra:1 Mem:276.54M (Peak 276.54M) | Time:00:00.17 | Mem:0.00M, Peak:0.00M | Scene, ViewLayer | Synchronizing object | East_service_fence_mesh34_6
Fra:1 Mem:276.55M (Peak 276.55M) | Time:00:00.17 | Mem:0.00M, Peak:0.00M | Scene, ViewLayer | Synchronizing object | East_service_fence_post35
Fra:1 Mem:276.68M (Peak 276.68M) | Time:00:00.17 | Mem:0.00M, Peak:0.00M | Scene, ViewLayer | Synchronizing object | East_service_fence_rail35_0.35
Fra:1 Mem:276.72M (Peak 276.72M) | Time:00:00.17 | Mem:0.00M, Peak:0.00M | Scene, ViewLayer | Synchronizing object | East_service_fence_rail35_2.2
Fra:1 Mem:276.72M (Peak 276.72M) | Time:00:00.17 | Mem:0.00M, Peak:0.00M | Scene, ViewLayer | Synchronizing object | Circuit_palm_35_folded_fronds
Fra:1 Mem:276.77M (Peak 276.77M) | Time:00:00.17 | Mem:0.00M, Peak:0.00M | Scene, ViewLayer | Synchronizing object | East_service_fence_mesh35_2
Fra:1 Mem:276.83M (Peak 276.83M) | Time:00:00.17 | Mem:0.00M, Peak:0.00M | Scene, ViewLayer | Synchronizing object | East_service_fence_mesh35_4
Fra:1 Mem:276.87M (Peak 276.87M) | Time:00:00.17 | Mem:0.00M, Peak:0.00M | Scene, ViewLayer | Synchronizing object | East_service_fence_mesh35_5
Fra:1 Mem:276.88M (Peak 276.88M) | Time:00:00.17 | Mem:0.00M, Peak:0.00M | Scene, ViewLayer | Synchronizing object | East_service_fence_mesh35_6
Fra:1 Mem:276.88M (Peak 276.88M) | Time:00:00.17 | Mem:0.00M, Peak:0.00M | Scene, ViewLayer | Synchronizing object | East_service_fence_mesh35_8
Fra:1 Mem:276.88M (Peak 276.88M) | Time:00:00.17 | Mem:0.00M, Peak:0.00M | Scene, ViewLayer | Synchronizing object | East_service_fence_post36
Fra:1 Mem:276.88M (Peak 276.88M) | Time:00:00.17 | Mem:0.00M, Peak:0.00M | Scene, ViewLayer | Synchronizing object | East_service_fence_rail36_0.35
Fra:1 Mem:276.88M (Peak 276.88M) | Time:00:00.17 | Mem:0.00M, Peak:0.00M | Scene, ViewLayer | Synchronizing object | East_service_fence_rail36_1.2
Fra:1 Mem:276.88M (Peak 276.88M) | Time:00:00.17 | Mem:0.00M, Peak:0.00M | Scene, ViewLayer | Synchronizing object | East_service_fence_rail36_2.2
Fra:1 Mem:276.88M (Peak 276.88M) | Time:00:00.17 | Mem:0.00M, Peak:0.00M | Scene, ViewLayer | Synchronizing object | East_service_fence_mesh36_0
Fra:1 Mem:276.88M (Peak 276.88M) | Time:00:00.17 | Mem:0.00M, Peak:0.00M | Scene, ViewLayer | Synchronizing object | East_service_fence_mesh36_1
Fra:1 Mem:276.88M (Peak 276.88M) | Time:00:00.17 | Mem:0.00M, Peak:0.00M | Scene, ViewLayer | Synchronizing object | East_service_fence_mesh36_2
Fra:1 Mem:276.89M (Peak 276.89M) | Time:00:00.17 | Mem:0.00M, Peak:0.00M | Scene, ViewLayer | Synchronizing object | East_service_fence_mesh36_3
Fra:1 Mem:276.89M (Peak 276.89M) | Time:00:00.17 | Mem:0.00M, Peak:0.00M | Scene, ViewLayer | Synchronizing object | East_service_fence_mesh36_4
Fra:1 Mem:276.89M (Peak 276.89M) | Time:00:00.17 | Mem:0.00M, Peak:0.00M | Scene, ViewLayer | Synchronizing object | East_service_fence_mesh36_5
Fra:1 Mem:276.89M (Peak 276.89M) | Time:00:00.17 | Mem:0.00M, Peak:0.00M | Scene, ViewLayer | Synchronizing object | East_service_fence_mesh36_6
Fra:1 Mem:276.89M (Peak 276.89M) | Time:00:00.17 | Mem:0.00M, Peak:0.00M | Scene, ViewLayer | Synchronizing object | East_service_fence_mesh36_7
Fra:1 Mem:276.89M (Peak 276.89M) | Time:00:00.17 | Mem:0.00M, Peak:0.00M | Scene, ViewLayer | Synchronizing object | East_service_fence_mesh36_8
Fra:1 Mem:276.89M (Peak 276.89M) | Time:00:00.17 | Mem:0.00M, Peak:0.00M | Scene, ViewLayer | Synchronizing object | East_service_fence_rail37_1.2
Fra:1 Mem:276.89M (Peak 276.89M) | Time:00:00.17 | Mem:0.00M, Peak:0.00M | Scene, ViewLayer | Synchronizing object | East_service_fence_rail37_2.2
Fra:1 Mem:276.95M (Peak 276.95M) | Time:00:00.17 | Mem:0.00M, Peak:0.00M | Scene, ViewLayer | Synchronizing object | East_service_fence_mesh37_0
Fra:1 Mem:277.04M (Peak 277.04M) | Time:00:00.17 | Mem:0.00M, Peak:0.00M | Scene, ViewLayer | Synchronizing object | East_service_fence_mesh37_1
Fra:1 Mem:277.04M (Peak 277.04M) | Time:00:00.17 | Mem:0.00M, Peak:0.00M | Scene, ViewLayer | Synchronizing object | East_service_fence_mesh37_3
Fra:1 Mem:277.04M (Peak 277.04M) | Time:00:00.17 | Mem:0.00M, Peak:0.00M | Scene, ViewLayer | Synchronizing object | Circuit_palm_33_folded_fronds
Fra:1 Mem:277.04M (Peak 277.04M) | Time:00:00.17 | Mem:0.00M, Peak:0.00M | Scene, ViewLayer | Synchronizing object | East_service_fence_mesh37_5
Fra:1 Mem:277.04M (Peak 277.04M) | Time:00:00.17 | Mem:0.00M, Peak:0.00M | Scene, ViewLayer | Synchronizing object | East_service_fence_mesh37_6
Fra:1 Mem:277.04M (Peak 277.04M) | Time:00:00.17 | Mem:0.00M, Peak:0.00M | Scene, ViewLayer | Synchronizing object | East_service_fence_mesh37_8
Fra:1 Mem:277.04M (Peak 277.04M) | Time:00:00.17 | Mem:0.00M, Peak:0.00M | Scene, ViewLayer | Synchronizing object | East_service_fence_post38
Fra:1 Mem:277.05M (Peak 277.05M) | Time:00:00.17 | Mem:0.00M, Peak:0.00M | Scene, ViewLayer | Synchronizing object | East_service_fence_rail38_0.35
Fra:1 Mem:277.05M (Peak 277.05M) | Time:00:00.17 | Mem:0.00M, Peak:0.00M | Scene, ViewLayer | Synchronizing object | East_service_fence_rail38_1.2
Fra:1 Mem:277.05M (Peak 277.05M) | Time:00:00.17 | Mem:0.00M, Peak:0.00M | Scene, ViewLayer | Synchronizing object | East_service_fence_rail38_2.2
Fra:1 Mem:277.05M (Peak 277.05M) | Time:00:00.17 | Mem:0.00M, Peak:0.00M | Scene, ViewLayer | Synchronizing object | East_service_fence_mesh38_0
Fra:1 Mem:277.06M (Peak 277.06M) | Time:00:00.17 | Mem:0.00M, Peak:0.00M | Scene, ViewLayer | Synchronizing object | East_service_fence_mesh38_3
Fra:1 Mem:277.06M (Peak 277.06M) | Time:00:00.17 | Mem:0.00M, Peak:0.00M | Scene, ViewLayer | Synchronizing object | East_service_fence_mesh38_5
Fra:1 Mem:277.06M (Peak 277.06M) | Time:00:00.17 | Mem:0.00M, Peak:0.00M | Scene, ViewLayer | Synchronizing object | East_service_fence_mesh38_7
Fra:1 Mem:277.06M (Peak 277.06M) | Time:00:00.17 | Mem:0.00M, Peak:0.00M | Scene, ViewLayer | Synchronizing object | East_service_fence_rail39_0.35
Fra:1 Mem:277.16M (Peak 277.16M) | Time:00:00.17 | Mem:0.00M, Peak:0.00M | Scene, ViewLayer | Synchronizing object | East_service_fence_rail39_1.2
Fra:1 Mem:277.19M (Peak 277.19M) | Time:00:00.17 | Mem:0.00M, Peak:0.00M | Scene, ViewLayer | Synchronizing object | East_service_fence_rail39_2.2
Fra:1 Mem:277.19M (Peak 277.19M) | Time:00:00.17 | Mem:0.00M, Peak:0.00M | Scene, ViewLayer | Synchronizing object | East_service_fence_mesh39_0
Fra:1 Mem:277.23M (Peak 277.23M) | Time:00:00.17 | Mem:0.00M, Peak:0.00M | Scene, ViewLayer | Synchronizing object | Circuit_palm_32_folded_fronds
Fra:1 Mem:277.23M (Peak 277.23M) | Time:00:00.17 | Mem:0.00M, Peak:0.00M | Scene, ViewLayer | Synchronizing object | East_service_fence_mesh39_3
Fra:1 Mem:277.29M (Peak 277.29M) | Time:00:00.17 | Mem:0.00M, Peak:0.00M | Scene, ViewLayer | Synchronizing object | East_service_fence_mesh39_4
Fra:1 Mem:277.42M (Peak 277.42M) | Time:00:00.17 | Mem:0.00M, Peak:0.00M | Scene, ViewLayer | Synchronizing object | East_service_fence_mesh39_5
Fra:1 Mem:277.39M (Peak 277.42M) | Time:00:00.17 | Mem:0.00M, Peak:0.00M | Scene, ViewLayer | Synchronizing object | Circuit_palm_31_folded_fronds
Fra:1 Mem:277.42M (Peak 277.44M) | Time:00:00.17 | Mem:0.00M, Peak:0.00M | Scene, ViewLayer | Synchronizing object | East_service_fence_mesh39_8
Fra:1 Mem:277.47M (Peak 277.47M) | Time:00:00.17 | Mem:0.00M, Peak:0.00M | Scene, ViewLayer | Synchronizing object | East_service_fence_post40
Fra:1 Mem:277.50M (Peak 277.50M) | Time:00:00.17 | Mem:0.00M, Peak:0.00M | Scene, ViewLayer | Synchronizing object | East_service_fence_rail40_0.35
Fra:1 Mem:277.56M (Peak 277.56M) | Time:00:00.17 | Mem:0.00M, Peak:0.00M | Scene, ViewLayer | Synchronizing object | East_service_fence_rail40_2.2
Fra:1 Mem:277.53M (Peak 277.56M) | Time:00:00.17 | Mem:0.00M, Peak:0.00M | Scene, ViewLayer | Synchronizing object | East_service_fence_mesh40_1
Fra:1 Mem:277.54M (Peak 277.56M) | Time:00:00.17 | Mem:0.00M, Peak:0.00M | Scene, ViewLayer | Synchronizing object | East_service_fence_mesh40_2
Fra:1 Mem:277.54M (Peak 277.56M) | Time:00:00.17 | Mem:0.00M, Peak:0.00M | Scene, ViewLayer | Synchronizing object | East_service_fence_mesh40_4
Fra:1 Mem:277.54M (Peak 277.56M) | Time:00:00.17 | Mem:0.00M, Peak:0.00M | Scene, ViewLayer | Synchronizing object | East_service_fence_mesh40_5
Fra:1 Mem:277.54M (Peak 277.56M) | Time:00:00.17 | Mem:0.00M, Peak:0.00M | Scene, ViewLayer | Synchronizing object | East_service_fence_mesh40_6
Fra:1 Mem:277.54M (Peak 277.56M) | Time:00:00.17 | Mem:0.00M, Peak:0.00M | Scene, ViewLayer | Synchronizing object | East_service_fence_mesh40_7
Fra:1 Mem:277.54M (Peak 277.56M) | Time:00:00.17 | Mem:0.00M, Peak:0.00M | Scene, ViewLayer | Synchronizing object | East_service_fence_post41
Fra:1 Mem:277.55M (Peak 277.56M) | Time:00:00.17 | Mem:0.00M, Peak:0.00M | Scene, ViewLayer | Synchronizing object | East_service_fence_rail41_0.35
Fra:1 Mem:277.55M (Peak 277.56M) | Time:00:00.17 | Mem:0.00M, Peak:0.00M | Scene, ViewLayer | Synchronizing object | East_service_fence_rail41_1.2
Fra:1 Mem:277.55M (Peak 277.56M) | Time:00:00.17 | Mem:0.00M, Peak:0.00M | Scene, ViewLayer | Synchronizing object | East_service_fence_mesh41_1
Fra:1 Mem:277.55M (Peak 277.56M) | Time:00:00.17 | Mem:0.00M, Peak:0.00M | Scene, ViewLayer | Synchronizing object | East_service_fence_mesh41_5
Fra:1 Mem:277.62M (Peak 277.62M) | Time:00:00.17 | Mem:0.00M, Peak:0.00M | Scene, ViewLayer | Synchronizing object | East_service_fence_mesh41_7
Fra:1 Mem:277.65M (Peak 277.65M) | Time:00:00.17 | Mem:0.00M, Peak:0.00M | Scene, ViewLayer | Synchronizing object | East_service_fence_post42
Fra:1 Mem:277.69M (Peak 277.69M) | Time:00:00.17 | Mem:0.00M, Peak:0.00M | Scene, ViewLayer | Synchronizing object | East_service_fence_rail42_0.35
Fra:1 Mem:277.73M (Peak 277.73M) | Time:00:00.17 | Mem:0.00M, Peak:0.00M | Scene, ViewLayer | Synchronizing object | East_service_fence_rail42_2.2
Fra:1 Mem:277.73M (Peak 277.73M) | Time:00:00.17 | Mem:0.00M, Peak:0.00M | Scene, ViewLayer | Synchronizing object | Circuit_palm_2_folded_fronds
Fra:1 Mem:277.73M (Peak 277.73M) | Time:00:00.17 | Mem:0.00M, Peak:0.00M | Scene, ViewLayer | Synchronizing object | East_service_fence_mesh42_0
Fra:1 Mem:277.82M (Peak 277.82M) | Time:00:00.17 | Mem:0.00M, Peak:0.00M | Scene, ViewLayer | Synchronizing object | East_service_fence_mesh42_3
Fra:1 Mem:277.85M (Peak 277.85M) | Time:00:00.17 | Mem:0.00M, Peak:0.00M | Scene, ViewLayer | Synchronizing object | East_service_fence_mesh42_4
Fra:1 Mem:277.89M (Peak 277.89M) | Time:00:00.17 | Mem:0.00M, Peak:0.00M | Scene, ViewLayer | Synchronizing object | East_service_fence_mesh42_5
Fra:1 Mem:277.89M (Peak 277.89M) | Time:00:00.17 | Mem:0.00M, Peak:0.00M | Scene, ViewLayer | Synchronizing object | Circuit_palm_29_folded_fronds
Fra:1 Mem:277.89M (Peak 277.89M) | Time:00:00.17 | Mem:0.00M, Peak:0.00M | Scene, ViewLayer | Synchronizing object | East_service_fence_mesh42_8
Fra:1 Mem:277.97M (Peak 277.97M) | Time:00:00.17 | Mem:0.00M, Peak:0.00M | Scene, ViewLayer | Synchronizing object | East_service_fence_post43
Fra:1 Mem:278.06M (Peak 278.06M) | Time:00:00.17 | Mem:0.00M, Peak:0.00M | Scene, ViewLayer | Synchronizing object | East_service_fence_rail43_0.35
Fra:1 Mem:278.03M (Peak 278.06M) | Time:00:00.17 | Mem:0.00M, Peak:0.00M | Scene, ViewLayer | Synchronizing object | East_service_fence_rail43_2.2
Fra:1 Mem:278.03M (Peak 278.06M) | Time:00:00.17 | Mem:0.00M, Peak:0.00M | Scene, ViewLayer | Synchronizing object | East_service_fence_mesh43_0
Fra:1 Mem:278.04M (Peak 278.06M) | Time:00:00.17 | Mem:0.00M, Peak:0.00M | Scene, ViewLayer | Synchronizing object | East_service_fence_mesh43_1
Fra:1 Mem:278.04M (Peak 278.06M) | Time:00:00.17 | Mem:0.00M, Peak:0.00M | Scene, ViewLayer | Synchronizing object | East_service_fence_mesh43_2
Fra:1 Mem:278.04M (Peak 278.06M) | Time:00:00.17 | Mem:0.00M, Peak:0.00M | Scene, ViewLayer | Synchronizing object | East_service_fence_mesh43_3
Fra:1 Mem:278.04M (Peak 278.06M) | Time:00:00.17 | Mem:0.00M, Peak:0.00M | Scene, ViewLayer | Synchronizing object | East_service_fence_mesh43_4
Fra:1 Mem:278.04M (Peak 278.06M) | Time:00:00.17 | Mem:0.00M, Peak:0.00M | Scene, ViewLayer | Synchronizing object | East_service_fence_mesh43_5
Fra:1 Mem:278.04M (Peak 278.06M) | Time:00:00.17 | Mem:0.00M, Peak:0.00M | Scene, ViewLayer | Synchronizing object | East_service_fence_mesh43_7
Fra:1 Mem:278.04M (Peak 278.06M) | Time:00:00.17 | Mem:0.00M, Peak:0.00M | Scene, ViewLayer | Synchronizing object | East_service_fence_post44
Fra:1 Mem:278.05M (Peak 278.06M) | Time:00:00.17 | Mem:0.00M, Peak:0.00M | Scene, ViewLayer | Synchronizing object | East_service_fence_rail44_0.35
Fra:1 Mem:278.05M (Peak 278.06M) | Time:00:00.17 | Mem:0.00M, Peak:0.00M | Scene, ViewLayer | Synchronizing object | East_service_fence_rail44_1.2
Fra:1 Mem:278.05M (Peak 278.06M) | Time:00:00.17 | Mem:0.00M, Peak:0.00M | Scene, ViewLayer | Synchronizing object | East_service_fence_mesh44_1
Fra:1 Mem:278.05M (Peak 278.06M) | Time:00:00.17 | Mem:0.00M, Peak:0.00M | Scene, ViewLayer | Synchronizing object | East_service_fence_mesh44_2
Fra:1 Mem:278.06M (Peak 278.06M) | Time:00:00.17 | Mem:0.00M, Peak:0.00M | Scene, ViewLayer | Synchronizing object | East_service_fence_mesh44_5
Fra:1 Mem:278.06M (Peak 278.06M) | Time:00:00.17 | Mem:0.00M, Peak:0.00M | Scene, ViewLayer | Synchronizing object | East_service_fence_mesh44_7
Fra:1 Mem:278.06M (Peak 278.06M) | Time:00:00.17 | Mem:0.00M, Peak:0.00M | Scene, ViewLayer | Synchronizing object | East_service_fence_mesh44_8
Fra:1 Mem:278.06M (Peak 278.06M) | Time:00:00.17 | Mem:0.00M, Peak:0.00M | Scene, ViewLayer | Synchronizing object | East_service_fence_post45
Fra:1 Mem:278.06M (Peak 278.06M) | Time:00:00.17 | Mem:0.00M, Peak:0.00M | Scene, ViewLayer | Synchronizing object | East_service_fence_rail45_0.35
Fra:1 Mem:278.06M (Peak 278.06M) | Time:00:00.17 | Mem:0.00M, Peak:0.00M | Scene, ViewLayer | Synchronizing object | East_service_fence_rail45_1.2
Fra:1 Mem:278.06M (Peak 278.06M) | Time:00:00.17 | Mem:0.00M, Peak:0.00M | Scene, ViewLayer | Synchronizing object | East_service_fence_mesh45_0
Fra:1 Mem:278.07M (Peak 278.07M) | Time:00:00.17 | Mem:0.00M, Peak:0.00M | Scene, ViewLayer | Synchronizing object | East_service_fence_mesh45_1
Fra:1 Mem:278.07M (Peak 278.07M) | Time:00:00.17 | Mem:0.00M, Peak:0.00M | Scene, ViewLayer | Synchronizing object | East_service_fence_mesh45_2
Fra:1 Mem:278.07M (Peak 278.07M) | Time:00:00.17 | Mem:0.00M, Peak:0.00M | Scene, ViewLayer | Synchronizing object | East_service_fence_mesh45_4
Fra:1 Mem:278.07M (Peak 278.07M) | Time:00:00.17 | Mem:0.00M, Peak:0.00M | Scene, ViewLayer | Synchronizing object | East_service_fence_mesh45_6
Fra:1 Mem:278.07M (Peak 278.07M) | Time:00:00.17 | Mem:0.00M, Peak:0.00M | Scene, ViewLayer | Synchronizing object | East_service_fence_mesh45_7
Fra:1 Mem:278.08M (Peak 278.08M) | Time:00:00.17 | Mem:0.00M, Peak:0.00M | Scene, ViewLayer | Synchronizing object | East_service_fence_mesh45_8
Fra:1 Mem:278.08M (Peak 278.08M) | Time:00:00.17 | Mem:0.00M, Peak:0.00M | Scene, ViewLayer | Synchronizing object | East_service_fence_post46
Fra:1 Mem:278.08M (Peak 278.08M) | Time:00:00.17 | Mem:0.00M, Peak:0.00M | Scene, ViewLayer | Synchronizing object | East_service_fence_rail46_1.2
Fra:1 Mem:278.08M (Peak 278.08M) | Time:00:00.17 | Mem:0.00M, Peak:0.00M | Scene, ViewLayer | Synchronizing object | East_service_fence_mesh46_0
Fra:1 Mem:278.08M (Peak 278.08M) | Time:00:00.17 | Mem:0.00M, Peak:0.00M | Scene, ViewLayer | Synchronizing object | East_service_fence_mesh46_1
Fra:1 Mem:278.14M (Peak 278.14M) | Time:00:00.17 | Mem:0.00M, Peak:0.00M | Scene, ViewLayer | Synchronizing object | East_service_fence_mesh46_2
Fra:1 Mem:278.17M (Peak 278.17M) | Time:00:00.17 | Mem:0.00M, Peak:0.00M | Scene, ViewLayer | Synchronizing object | East_service_fence_mesh46_3
Fra:1 Mem:278.21M (Peak 278.21M) | Time:00:00.17 | Mem:0.00M, Peak:0.00M | Scene, ViewLayer | Synchronizing object | East_service_fence_mesh46_4
Fra:1 Mem:278.25M (Peak 278.25M) | Time:00:00.17 | Mem:0.00M, Peak:0.00M | Scene, ViewLayer | Synchronizing object | East_service_fence_mesh46_5
Fra:1 Mem:278.25M (Peak 278.25M) | Time:00:00.17 | Mem:0.00M, Peak:0.00M | Scene, ViewLayer | Synchronizing object | East_service_fence_mesh46_6
Fra:1 Mem:278.25M (Peak 278.25M) | Time:00:00.17 | Mem:0.00M, Peak:0.00M | Scene, ViewLayer | Synchronizing object | Circuit_palm_27_folded_fronds
Fra:1 Mem:278.25M (Peak 278.25M) | Time:00:00.17 | Mem:0.00M, Peak:0.00M | Scene, ViewLayer | Synchronizing object | East_service_fence_mesh46_8
Fra:1 Mem:278.25M (Peak 278.25M) | Time:00:00.17 | Mem:0.00M, Peak:0.00M | Scene, ViewLayer | Synchronizing object | East_service_fence_post47
Fra:1 Mem:278.25M (Peak 278.25M) | Time:00:00.17 | Mem:0.00M, Peak:0.00M | Scene, ViewLayer | Synchronizing object | East_service_fence_rail47_0.35
Fra:1 Mem:278.26M (Peak 278.26M) | Time:00:00.17 | Mem:0.00M, Peak:0.00M | Scene, ViewLayer | Synchronizing object | East_service_fence_mesh47_0
Fra:1 Mem:278.26M (Peak 278.26M) | Time:00:00.17 | Mem:0.00M, Peak:0.00M | Scene, ViewLayer | Synchronizing object | East_service_fence_mesh47_1
Fra:1 Mem:278.26M (Peak 278.26M) | Time:00:00.17 | Mem:0.00M, Peak:0.00M | Scene, ViewLayer | Synchronizing object | East_service_fence_mesh47_2
Fra:1 Mem:278.26M (Peak 278.26M) | Time:00:00.17 | Mem:0.00M, Peak:0.00M | Scene, ViewLayer | Synchronizing object | East_service_fence_mesh47_3
Fra:1 Mem:278.26M (Peak 278.26M) | Time:00:00.17 | Mem:0.00M, Peak:0.00M | Scene, ViewLayer | Synchronizing object | East_service_fence_mesh47_4
Fra:1 Mem:278.26M (Peak 278.26M) | Time:00:00.17 | Mem:0.00M, Peak:0.00M | Scene, ViewLayer | Synchronizing object | East_service_fence_mesh47_7
Fra:1 Mem:278.27M (Peak 278.27M) | Time:00:00.17 | Mem:0.00M, Peak:0.00M | Scene, ViewLayer | Synchronizing object | East_service_fence_mesh47_8
Fra:1 Mem:278.27M (Peak 278.27M) | Time:00:00.17 | Mem:0.00M, Peak:0.00M | Scene, ViewLayer | Synchronizing object | East_service_fence_post48
Fra:1 Mem:278.27M (Peak 278.27M) | Time:00:00.17 | Mem:0.00M, Peak:0.00M | Scene, ViewLayer | Synchronizing object | East_service_fence_rail48_0.35
Fra:1 Mem:278.27M (Peak 278.27M) | Time:00:00.17 | Mem:0.00M, Peak:0.00M | Scene, ViewLayer | Synchronizing object | East_service_fence_rail48_1.2
Fra:1 Mem:278.27M (Peak 278.27M) | Time:00:00.17 | Mem:0.00M, Peak:0.00M | Scene, ViewLayer | Synchronizing object | East_service_fence_rail48_2.2
Fra:1 Mem:278.28M (Peak 278.28M) | Time:00:00.17 | Mem:0.00M, Peak:0.00M | Scene, ViewLayer | Synchronizing object | East_service_fence_mesh48_1
Fra:1 Mem:278.28M (Peak 278.28M) | Time:00:00.17 | Mem:0.00M, Peak:0.00M | Scene, ViewLayer | Synchronizing object | East_service_fence_mesh48_3
Fra:1 Mem:278.28M (Peak 278.28M) | Time:00:00.17 | Mem:0.00M, Peak:0.00M | Scene, ViewLayer | Synchronizing object | East_service_fence_mesh48_5
Fra:1 Mem:278.28M (Peak 278.28M) | Time:00:00.17 | Mem:0.00M, Peak:0.00M | Scene, ViewLayer | Synchronizing object | East_service_fence_mesh48_6
Fra:1 Mem:278.28M (Peak 278.28M) | Time:00:00.17 | Mem:0.00M, Peak:0.00M | Scene, ViewLayer | Synchronizing object | East_service_fence_mesh48_7
Fra:1 Mem:278.28M (Peak 278.28M) | Time:00:00.17 | Mem:0.00M, Peak:0.00M | Scene, ViewLayer | Synchronizing object | East_service_fence_mesh48_8
Fra:1 Mem:278.28M (Peak 278.28M) | Time:00:00.17 | Mem:0.00M, Peak:0.00M | Scene, ViewLayer | Synchronizing object | East_service_fence_post49
Fra:1 Mem:278.29M (Peak 278.29M) | Time:00:00.17 | Mem:0.00M, Peak:0.00M | Scene, ViewLayer | Synchronizing object | East_service_fence_rail49_0.35
Fra:1 Mem:278.29M (Peak 278.29M) | Time:00:00.17 | Mem:0.00M, Peak:0.00M | Scene, ViewLayer | Synchronizing object | East_service_fence_rail49_1.2
Fra:1 Mem:278.29M (Peak 278.29M) | Time:00:00.17 | Mem:0.00M, Peak:0.00M | Scene, ViewLayer | Synchronizing object | East_service_fence_mesh49_0
Fra:1 Mem:278.29M (Peak 278.29M) | Time:00:00.17 | Mem:0.00M, Peak:0.00M | Scene, ViewLayer | Synchronizing object | East_service_fence_mesh49_1
Fra:1 Mem:278.29M (Peak 278.29M) | Time:00:00.17 | Mem:0.00M, Peak:0.00M | Scene, ViewLayer | Synchronizing object | East_service_fence_mesh49_3
Fra:1 Mem:278.29M (Peak 278.29M) | Time:00:00.17 | Mem:0.00M, Peak:0.00M | Scene, ViewLayer | Synchronizing object | East_service_fence_mesh49_4
Fra:1 Mem:278.30M (Peak 278.30M) | Time:00:00.17 | Mem:0.00M, Peak:0.00M | Scene, ViewLayer | Synchronizing object | East_service_fence_mesh49_5
Fra:1 Mem:278.30M (Peak 278.30M) | Time:00:00.17 | Mem:0.00M, Peak:0.00M | Scene, ViewLayer | Synchronizing object | East_service_fence_mesh49_6
Fra:1 Mem:278.30M (Peak 278.30M) | Time:00:00.17 | Mem:0.00M, Peak:0.00M | Scene, ViewLayer | Synchronizing object | East_service_fence_mesh49_7
Fra:1 Mem:278.30M (Peak 278.30M) | Time:00:00.17 | Mem:0.00M, Peak:0.00M | Scene, ViewLayer | Synchronizing object | East_service_fence_mesh49_8
Fra:1 Mem:278.30M (Peak 278.30M) | Time:00:00.17 | Mem:0.00M, Peak:0.00M | Scene, ViewLayer | Synchronizing object | East_service_fence_post50
Fra:1 Mem:278.30M (Peak 278.30M) | Time:00:00.17 | Mem:0.00M, Peak:0.00M | Scene, ViewLayer | Synchronizing object | East_service_fence_rail50_0.35
Fra:1 Mem:278.30M (Peak 278.30M) | Time:00:00.17 | Mem:0.00M, Peak:0.00M | Scene, ViewLayer | Synchronizing object | East_service_fence_rail50_2.2
Fra:1 Mem:278.30M (Peak 278.30M) | Time:00:00.17 | Mem:0.00M, Peak:0.00M | Scene, ViewLayer | Synchronizing object | East_service_fence_mesh50_1
Fra:1 Mem:278.31M (Peak 278.31M) | Time:00:00.17 | Mem:0.00M, Peak:0.00M | Scene, ViewLayer | Synchronizing object | East_service_fence_mesh50_2
Fra:1 Mem:278.31M (Peak 278.31M) | Time:00:00.17 | Mem:0.00M, Peak:0.00M | Scene, ViewLayer | Synchronizing object | East_service_fence_mesh50_5
Fra:1 Mem:278.31M (Peak 278.31M) | Time:00:00.17 | Mem:0.00M, Peak:0.00M | Scene, ViewLayer | Synchronizing object | East_service_fence_mesh50_6
Fra:1 Mem:278.31M (Peak 278.31M) | Time:00:00.17 | Mem:0.00M, Peak:0.00M | Scene, ViewLayer | Synchronizing object | East_service_fence_mesh50_7
Fra:1 Mem:278.31M (Peak 278.31M) | Time:00:00.17 | Mem:0.00M, Peak:0.00M | Scene, ViewLayer | Synchronizing object | East_service_fence_mesh50_8
Fra:1 Mem:278.31M (Peak 278.31M) | Time:00:00.17 | Mem:0.00M, Peak:0.00M | Scene, ViewLayer | Synchronizing object | East_service_fence_post51
Fra:1 Mem:278.31M (Peak 278.31M) | Time:00:00.17 | Mem:0.00M, Peak:0.00M | Scene, ViewLayer | Synchronizing object | East_service_fence_rail51_1.2
Fra:1 Mem:278.31M (Peak 278.31M) | Time:00:00.17 | Mem:0.00M, Peak:0.00M | Scene, ViewLayer | Synchronizing object | East_service_fence_rail51_2.2
Fra:1 Mem:278.32M (Peak 278.32M) | Time:00:00.17 | Mem:0.00M, Peak:0.00M | Scene, ViewLayer | Synchronizing object | East_service_fence_mesh51_0
Fra:1 Mem:278.32M (Peak 278.32M) | Time:00:00.17 | Mem:0.00M, Peak:0.00M | Scene, ViewLayer | Synchronizing object | East_service_fence_mesh51_1
Fra:1 Mem:278.32M (Peak 278.32M) | Time:00:00.17 | Mem:0.00M, Peak:0.00M | Scene, ViewLayer | Synchronizing object | East_service_fence_mesh51_2
Fra:1 Mem:278.32M (Peak 278.32M) | Time:00:00.17 | Mem:0.00M, Peak:0.00M | Scene, ViewLayer | Synchronizing object | East_service_fence_mesh51_4
Fra:1 Mem:278.32M (Peak 278.32M) | Time:00:00.17 | Mem:0.00M, Peak:0.00M | Scene, ViewLayer | Synchronizing object | East_service_fence_mesh51_5
Fra:1 Mem:278.32M (Peak 278.32M) | Time:00:00.17 | Mem:0.00M, Peak:0.00M | Scene, ViewLayer | Synchronizing object | East_service_fence_mesh51_6
Fra:1 Mem:278.32M (Peak 278.32M) | Time:00:00.17 | Mem:0.00M, Peak:0.00M | Scene, ViewLayer | Synchronizing object | East_service_fence_mesh51_7
Fra:1 Mem:278.33M (Peak 278.33M) | Time:00:00.17 | Mem:0.00M, Peak:0.00M | Scene, ViewLayer | Synchronizing object | East_service_fence_mesh51_8
Fra:1 Mem:278.33M (Peak 278.33M) | Time:00:00.17 | Mem:0.00M, Peak:0.00M | Scene, ViewLayer | Synchronizing object | East_service_fence_post52
Fra:1 Mem:278.33M (Peak 278.33M) | Time:00:00.17 | Mem:0.00M, Peak:0.00M | Scene, ViewLayer | Synchronizing object | East_service_fence_rail52_2.2
Fra:1 Mem:278.33M (Peak 278.33M) | Time:00:00.17 | Mem:0.00M, Peak:0.00M | Scene, ViewLayer | Synchronizing object | East_service_fence_mesh52_0
Fra:1 Mem:278.33M (Peak 278.33M) | Time:00:00.17 | Mem:0.00M, Peak:0.00M | Scene, ViewLayer | Synchronizing object | East_service_fence_mesh52_1
Fra:1 Mem:278.33M (Peak 278.33M) | Time:00:00.17 | Mem:0.00M, Peak:0.00M | Scene, ViewLayer | Synchronizing object | East_service_fence_mesh52_2
Fra:1 Mem:278.33M (Peak 278.33M) | Time:00:00.17 | Mem:0.00M, Peak:0.00M | Scene, ViewLayer | Synchronizing object | East_service_fence_mesh52_3
Fra:1 Mem:278.34M (Peak 278.34M) | Time:00:00.17 | Mem:0.00M, Peak:0.00M | Scene, ViewLayer | Synchronizing object | East_service_fence_mesh52_6
Fra:1 Mem:278.34M (Peak 278.34M) | Time:00:00.17 | Mem:0.00M, Peak:0.00M | Scene, ViewLayer | Synchronizing object | East_service_fence_mesh52_7
Fra:1 Mem:278.34M (Peak 278.34M) | Time:00:00.17 | Mem:0.00M, Peak:0.00M | Scene, ViewLayer | Synchronizing object | East_service_fence_mesh52_8
Fra:1 Mem:278.34M (Peak 278.34M) | Time:00:00.17 | Mem:0.00M, Peak:0.00M | Scene, ViewLayer | Synchronizing object | East_service_fence_post53
Fra:1 Mem:278.34M (Peak 278.34M) | Time:00:00.17 | Mem:0.00M, Peak:0.00M | Scene, ViewLayer | Synchronizing object | East_service_fence_rail53_0.35
Fra:1 Mem:278.34M (Peak 278.34M) | Time:00:00.17 | Mem:0.00M, Peak:0.00M | Scene, ViewLayer | Synchronizing object | East_service_fence_rail53_1.2
Fra:1 Mem:278.35M (Peak 278.35M) | Time:00:00.17 | Mem:0.00M, Peak:0.00M | Scene, ViewLayer | Synchronizing object | East_service_fence_mesh53_0
Fra:1 Mem:278.35M (Peak 278.35M) | Time:00:00.17 | Mem:0.00M, Peak:0.00M | Scene, ViewLayer | Synchronizing object | East_service_fence_mesh53_1
Fra:1 Mem:278.35M (Peak 278.35M) | Time:00:00.17 | Mem:0.00M, Peak:0.00M | Scene, ViewLayer | Synchronizing object | East_service_fence_mesh53_2
Fra:1 Mem:278.35M (Peak 278.35M) | Time:00:00.17 | Mem:0.00M, Peak:0.00M | Scene, ViewLayer | Synchronizing object | East_service_fence_mesh53_3
Fra:1 Mem:278.35M (Peak 278.35M) | Time:00:00.17 | Mem:0.00M, Peak:0.00M | Scene, ViewLayer | Synchronizing object | East_service_fence_mesh53_6
Fra:1 Mem:278.35M (Peak 278.35M) | Time:00:00.17 | Mem:0.00M, Peak:0.00M | Scene, ViewLayer | Synchronizing object | East_service_fence_post54
Fra:1 Mem:278.36M (Peak 278.36M) | Time:00:00.17 | Mem:0.00M, Peak:0.00M | Scene, ViewLayer | Synchronizing object | East_service_fence_rail54_0.35
Fra:1 Mem:278.36M (Peak 278.36M) | Time:00:00.17 | Mem:0.00M, Peak:0.00M | Scene, ViewLayer | Synchronizing object | East_service_fence_rail54_2.2
Fra:1 Mem:278.36M (Peak 278.36M) | Time:00:00.17 | Mem:0.00M, Peak:0.00M | Scene, ViewLayer | Synchronizing object | East_service_fence_mesh54_0
Fra:1 Mem:278.36M (Peak 278.36M) | Time:00:00.17 | Mem:0.00M, Peak:0.00M | Scene, ViewLayer | Synchronizing object | East_service_fence_mesh54_1
Fra:1 Mem:278.36M (Peak 278.36M) | Time:00:00.17 | Mem:0.00M, Peak:0.00M | Scene, ViewLayer | Synchronizing object | East_service_fence_mesh54_3
Fra:1 Mem:278.36M (Peak 278.36M) | Time:00:00.17 | Mem:0.00M, Peak:0.00M | Scene, ViewLayer | Synchronizing object | East_service_fence_mesh54_4
Fra:1 Mem:278.37M (Peak 278.37M) | Time:00:00.17 | Mem:0.00M, Peak:0.00M | Scene, ViewLayer | Synchronizing object | East_service_fence_mesh54_5
Fra:1 Mem:278.37M (Peak 278.37M) | Time:00:00.17 | Mem:0.00M, Peak:0.00M | Scene, ViewLayer | Synchronizing object | East_service_fence_mesh54_6
Fra:1 Mem:278.37M (Peak 278.37M) | Time:00:00.17 | Mem:0.00M, Peak:0.00M | Scene, ViewLayer | Synchronizing object | East_service_fence_mesh54_7
Fra:1 Mem:278.37M (Peak 278.37M) | Time:00:00.17 | Mem:0.00M, Peak:0.00M | Scene, ViewLayer | Synchronizing object | East_service_fence_mesh54_8
Fra:1 Mem:278.37M (Peak 278.37M) | Time:00:00.17 | Mem:0.00M, Peak:0.00M | Scene, ViewLayer | Synchronizing object | East_service_fence_rail55_0.35
Fra:1 Mem:278.37M (Peak 278.37M) | Time:00:00.17 | Mem:0.00M, Peak:0.00M | Scene, ViewLayer | Synchronizing object | East_service_fence_rail55_1.2
Fra:1 Mem:278.37M (Peak 278.37M) | Time:00:00.17 | Mem:0.00M, Peak:0.00M | Scene, ViewLayer | Synchronizing object | East_service_fence_mesh55_0
Fra:1 Mem:278.38M (Peak 278.38M) | Time:00:00.17 | Mem:0.00M, Peak:0.00M | Scene, ViewLayer | Synchronizing object | East_service_fence_mesh55_1
Fra:1 Mem:278.38M (Peak 278.38M) | Time:00:00.17 | Mem:0.00M, Peak:0.00M | Scene, ViewLayer | Synchronizing object | East_service_fence_mesh55_2
Fra:1 Mem:278.38M (Peak 278.38M) | Time:00:00.17 | Mem:0.00M, Peak:0.00M | Scene, ViewLayer | Synchronizing object | East_service_fence_mesh55_3
Fra:1 Mem:278.38M (Peak 278.38M) | Time:00:00.17 | Mem:0.00M, Peak:0.00M | Scene, ViewLayer | Synchronizing object | East_service_fence_mesh55_4
Fra:1 Mem:278.38M (Peak 278.38M) | Time:00:00.17 | Mem:0.00M, Peak:0.00M | Scene, ViewLayer | Synchronizing object | East_service_fence_mesh55_6
Fra:1 Mem:278.38M (Peak 278.38M) | Time:00:00.17 | Mem:0.00M, Peak:0.00M | Scene, ViewLayer | Synchronizing object | East_service_fence_mesh55_7
Fra:1 Mem:278.38M (Peak 278.38M) | Time:00:00.17 | Mem:0.00M, Peak:0.00M | Scene, ViewLayer | Synchronizing object | East_service_fence_mesh55_8
Fra:1 Mem:278.44M (Peak 278.44M) | Time:00:00.17 | Mem:0.00M, Peak:0.00M | Scene, ViewLayer | Synchronizing object | East_service_fence_post56
Fra:1 Mem:278.50M (Peak 278.50M) | Time:00:00.17 | Mem:0.00M, Peak:0.00M | Scene, ViewLayer | Synchronizing object | East_service_fence_rail56_2.2
Fra:1 Mem:278.54M (Peak 278.54M) | Time:00:00.17 | Mem:0.00M, Peak:0.00M | Scene, ViewLayer | Synchronizing object | Circuit_palm_26_folded_fronds
Fra:1 Mem:278.54M (Peak 278.54M) | Time:00:00.17 | Mem:0.00M, Peak:0.00M | Scene, ViewLayer | Synchronizing object | East_service_fence_mesh56_2
Fra:1 Mem:278.55M (Peak 278.55M) | Time:00:00.17 | Mem:0.00M, Peak:0.00M | Scene, ViewLayer | Synchronizing object | East_service_fence_mesh56_4
Fra:1 Mem:278.55M (Peak 278.55M) | Time:00:00.17 | Mem:0.00M, Peak:0.00M | Scene, ViewLayer | Synchronizing object | East_service_fence_mesh56_5
Fra:1 Mem:278.55M (Peak 278.55M) | Time:00:00.17 | Mem:0.00M, Peak:0.00M | Scene, ViewLayer | Synchronizing object | East_service_fence_mesh56_6
Fra:1 Mem:278.55M (Peak 278.55M) | Time:00:00.17 | Mem:0.00M, Peak:0.00M | Scene, ViewLayer | Synchronizing object | East_service_fence_mesh56_8
Fra:1 Mem:278.55M (Peak 278.55M) | Time:00:00.17 | Mem:0.00M, Peak:0.00M | Scene, ViewLayer | Synchronizing object | East_service_fence_rail57_0.35
Fra:1 Mem:278.55M (Peak 278.55M) | Time:00:00.17 | Mem:0.00M, Peak:0.00M | Scene, ViewLayer | Synchronizing object | East_service_fence_rail57_2.2
Fra:1 Mem:278.55M (Peak 278.55M) | Time:00:00.17 | Mem:0.00M, Peak:0.00M | Scene, ViewLayer | Synchronizing object | East_service_fence_mesh57_0
Fra:1 Mem:278.55M (Peak 278.55M) | Time:00:00.17 | Mem:0.00M, Peak:0.00M | Scene, ViewLayer | Synchronizing object | East_service_fence_mesh57_1
Fra:1 Mem:278.55M (Peak 278.55M) | Time:00:00.17 | Mem:0.00M, Peak:0.00M | Scene, ViewLayer | Synchronizing object | East_service_fence_mesh57_3
Fra:1 Mem:278.56M (Peak 278.56M) | Time:00:00.17 | Mem:0.00M, Peak:0.00M | Scene, ViewLayer | Synchronizing object | East_service_fence_mesh57_4
Fra:1 Mem:278.56M (Peak 278.56M) | Time:00:00.17 | Mem:0.00M, Peak:0.00M | Scene, ViewLayer | Synchronizing object | East_service_fence_mesh57_6
Fra:1 Mem:278.56M (Peak 278.56M) | Time:00:00.17 | Mem:0.00M, Peak:0.00M | Scene, ViewLayer | Synchronizing object | East_service_fence_mesh57_7
Fra:1 Mem:278.56M (Peak 278.56M) | Time:00:00.17 | Mem:0.00M, Peak:0.00M | Scene, ViewLayer | Synchronizing object | East_service_fence_post58
Fra:1 Mem:278.56M (Peak 278.56M) | Time:00:00.17 | Mem:0.00M, Peak:0.00M | Scene, ViewLayer | Synchronizing object | East_service_fence_rail58_0.35
Fra:1 Mem:278.57M (Peak 278.57M) | Time:00:00.17 | Mem:0.00M, Peak:0.00M | Scene, ViewLayer | Synchronizing object | East_service_fence_rail58_1.2
Fra:1 Mem:278.57M (Peak 278.57M) | Time:00:00.17 | Mem:0.00M, Peak:0.00M | Scene, ViewLayer | Synchronizing object | East_service_fence_rail58_2.2
Fra:1 Mem:278.57M (Peak 278.57M) | Time:00:00.17 | Mem:0.00M, Peak:0.00M | Scene, ViewLayer | Synchronizing object | East_service_fence_mesh58_0
Fra:1 Mem:278.58M (Peak 278.58M) | Time:00:00.17 | Mem:0.00M, Peak:0.00M | Scene, ViewLayer | Synchronizing object | East_service_fence_mesh58_2
Fra:1 Mem:278.58M (Peak 278.58M) | Time:00:00.17 | Mem:0.00M, Peak:0.00M | Scene, ViewLayer | Synchronizing object | East_service_fence_mesh58_3
Fra:1 Mem:278.58M (Peak 278.58M) | Time:00:00.17 | Mem:0.00M, Peak:0.00M | Scene, ViewLayer | Synchronizing object | East_service_fence_mesh58_5
Fra:1 Mem:278.58M (Peak 278.58M) | Time:00:00.17 | Mem:0.00M, Peak:0.00M | Scene, ViewLayer | Synchronizing object | East_service_fence_mesh58_6
Fra:1 Mem:278.58M (Peak 278.58M) | Time:00:00.17 | Mem:0.00M, Peak:0.00M | Scene, ViewLayer | Synchronizing object | East_service_fence_mesh58_7
Fra:1 Mem:278.58M (Peak 278.58M) | Time:00:00.17 | Mem:0.00M, Peak:0.00M | Scene, ViewLayer | Synchronizing object | East_service_fence_mesh58_8
Fra:1 Mem:278.58M (Peak 278.58M) | Time:00:00.17 | Mem:0.00M, Peak:0.00M | Scene, ViewLayer | Synchronizing object | East_service_fence_rail59_1.2
Fra:1 Mem:278.59M (Peak 278.59M) | Time:00:00.17 | Mem:0.00M, Peak:0.00M | Scene, ViewLayer | Synchronizing object | East_service_fence_rail59_2.2
Fra:1 Mem:278.59M (Peak 278.59M) | Time:00:00.17 | Mem:0.00M, Peak:0.00M | Scene, ViewLayer | Synchronizing object | East_service_fence_mesh59_0
Fra:1 Mem:278.59M (Peak 278.59M) | Time:00:00.17 | Mem:0.00M, Peak:0.00M | Scene, ViewLayer | Synchronizing object | East_service_fence_mesh59_2
Fra:1 Mem:278.59M (Peak 278.59M) | Time:00:00.17 | Mem:0.00M, Peak:0.00M | Scene, ViewLayer | Synchronizing object | East_service_fence_mesh59_3
Fra:1 Mem:278.59M (Peak 278.59M) | Time:00:00.17 | Mem:0.00M, Peak:0.00M | Scene, ViewLayer | Synchronizing object | East_service_fence_mesh59_7
Fra:1 Mem:278.59M (Peak 278.59M) | Time:00:00.17 | Mem:0.00M, Peak:0.00M | Scene, ViewLayer | Synchronizing object | East_service_fence_mesh59_8
Fra:1 Mem:278.59M (Peak 278.59M) | Time:00:00.17 | Mem:0.00M, Peak:0.00M | Scene, ViewLayer | Synchronizing object | East_service_fence_post60
Fra:1 Mem:278.60M (Peak 278.60M) | Time:00:00.17 | Mem:0.00M, Peak:0.00M | Scene, ViewLayer | Synchronizing object | East_service_fence_rail60_0.35
Fra:1 Mem:278.60M (Peak 278.60M) | Time:00:00.17 | Mem:0.00M, Peak:0.00M | Scene, ViewLayer | Synchronizing object | East_service_fence_rail60_1.2
Fra:1 Mem:278.60M (Peak 278.60M) | Time:00:00.17 | Mem:0.00M, Peak:0.00M | Scene, ViewLayer | Synchronizing object | East_service_fence_rail60_2.2
Fra:1 Mem:278.60M (Peak 278.60M) | Time:00:00.17 | Mem:0.00M, Peak:0.00M | Scene, ViewLayer | Synchronizing object | East_service_fence_mesh60_0
Fra:1 Mem:278.61M (Peak 278.61M) | Time:00:00.17 | Mem:0.00M, Peak:0.00M | Scene, ViewLayer | Synchronizing object | East_service_fence_mesh60_4
Fra:1 Mem:278.61M (Peak 278.61M) | Time:00:00.17 | Mem:0.00M, Peak:0.00M | Scene, ViewLayer | Synchronizing object | East_service_fence_mesh60_5
Fra:1 Mem:278.61M (Peak 278.61M) | Time:00:00.17 | Mem:0.00M, Peak:0.00M | Scene, ViewLayer | Synchronizing object | East_service_fence_mesh60_6
Fra:1 Mem:278.61M (Peak 278.61M) | Time:00:00.17 | Mem:0.00M, Peak:0.00M | Scene, ViewLayer | Synchronizing object | East_service_fence_mesh60_7
Fra:1 Mem:278.61M (Peak 278.61M) | Time:00:00.17 | Mem:0.00M, Peak:0.00M | Scene, ViewLayer | Synchronizing object | East_service_fence_post61
Fra:1 Mem:278.61M (Peak 278.61M) | Time:00:00.17 | Mem:0.00M, Peak:0.00M | Scene, ViewLayer | Synchronizing object | East_service_fence_rail61_0.35
Fra:1 Mem:278.62M (Peak 278.62M) | Time:00:00.17 | Mem:0.00M, Peak:0.00M | Scene, ViewLayer | Synchronizing object | East_service_fence_rail61_2.2
Fra:1 Mem:278.62M (Peak 278.62M) | Time:00:00.17 | Mem:0.00M, Peak:0.00M | Scene, ViewLayer | Synchronizing object | East_service_fence_mesh61_0
Fra:1 Mem:278.62M (Peak 278.62M) | Time:00:00.17 | Mem:0.00M, Peak:0.00M | Scene, ViewLayer | Synchronizing object | East_service_fence_mesh61_2
Fra:1 Mem:278.62M (Peak 278.62M) | Time:00:00.17 | Mem:0.00M, Peak:0.00M | Scene, ViewLayer | Synchronizing object | East_service_fence_mesh61_3
Fra:1 Mem:278.62M (Peak 278.62M) | Time:00:00.17 | Mem:0.00M, Peak:0.00M | Scene, ViewLayer | Synchronizing object | East_service_fence_mesh61_6
Fra:1 Mem:278.62M (Peak 278.62M) | Time:00:00.17 | Mem:0.00M, Peak:0.00M | Scene, ViewLayer | Synchronizing object | East_service_fence_mesh61_7
Fra:1 Mem:278.62M (Peak 278.62M) | Time:00:00.17 | Mem:0.00M, Peak:0.00M | Scene, ViewLayer | Synchronizing object | East_service_fence_mesh61_8
Fra:1 Mem:278.63M (Peak 278.63M) | Time:00:00.17 | Mem:0.00M, Peak:0.00M | Scene, ViewLayer | Synchronizing object | East_service_fence_post62
Fra:1 Mem:278.63M (Peak 278.63M) | Time:00:00.17 | Mem:0.00M, Peak:0.00M | Scene, ViewLayer | Synchronizing object | East_service_fence_rail62_0.35
Fra:1 Mem:278.63M (Peak 278.63M) | Time:00:00.17 | Mem:0.00M, Peak:0.00M | Scene, ViewLayer | Synchronizing object | East_service_fence_rail62_1.2
Fra:1 Mem:278.63M (Peak 278.63M) | Time:00:00.17 | Mem:0.00M, Peak:0.00M | Scene, ViewLayer | Synchronizing object | East_service_fence_rail62_2.2
Fra:1 Mem:278.63M (Peak 278.63M) | Time:00:00.17 | Mem:0.00M, Peak:0.00M | Scene, ViewLayer | Synchronizing object | East_service_fence_mesh62_0
Fra:1 Mem:278.69M (Peak 278.69M) | Time:00:00.17 | Mem:0.00M, Peak:0.00M | Scene, ViewLayer | Synchronizing object | East_service_fence_mesh62_2
Fra:1 Mem:278.74M (Peak 278.74M) | Time:00:00.17 | Mem:0.00M, Peak:0.00M | Scene, ViewLayer | Synchronizing object | East_service_fence_mesh62_3
Fra:1 Mem:278.80M (Peak 278.80M) | Time:00:00.17 | Mem:0.00M, Peak:0.00M | Scene, ViewLayer | Synchronizing object | East_service_fence_mesh62_6
Fra:1 Mem:278.78M (Peak 278.80M) | Time:00:00.17 | Mem:0.00M, Peak:0.00M | Scene, ViewLayer | Synchronizing object | Circuit_palm_25_folded_fronds
Fra:1 Mem:278.87M (Peak 278.87M) | Time:00:00.17 | Mem:0.00M, Peak:0.00M | Scene, ViewLayer | Synchronizing object | East_service_fence_mesh62_7
Fra:1 Mem:278.91M (Peak 278.91M) | Time:00:00.17 | Mem:0.00M, Peak:0.00M | Scene, ViewLayer | Synchronizing object | East_service_fence_post63
Fra:1 Mem:278.95M (Peak 278.95M) | Time:00:00.17 | Mem:0.00M, Peak:0.00M | Scene, ViewLayer | Synchronizing object | East_service_fence_rail63_1.2
Fra:1 Mem:278.99M (Peak 278.99M) | Time:00:00.17 | Mem:0.00M, Peak:0.00M | Scene, ViewLayer | Synchronizing object | East_service_fence_mesh63_0
Fra:1 Mem:278.95M (Peak 278.99M) | Time:00:00.17 | Mem:0.00M, Peak:0.00M | Scene, ViewLayer | Synchronizing object | East_service_fence_mesh63_1
Fra:1 Mem:278.95M (Peak 278.99M) | Time:00:00.17 | Mem:0.00M, Peak:0.00M | Scene, ViewLayer | Synchronizing object | East_service_fence_mesh63_2
Fra:1 Mem:278.95M (Peak 278.99M) | Time:00:00.17 | Mem:0.00M, Peak:0.00M | Scene, ViewLayer | Synchronizing object | East_service_fence_mesh63_3
Fra:1 Mem:278.95M (Peak 278.99M) | Time:00:00.17 | Mem:0.00M, Peak:0.00M | Scene, ViewLayer | Synchronizing object | East_service_fence_mesh63_4
Fra:1 Mem:278.95M (Peak 278.99M) | Time:00:00.17 | Mem:0.00M, Peak:0.00M | Scene, ViewLayer | Synchronizing object | East_service_fence_mesh63_5
Fra:1 Mem:278.96M (Peak 278.99M) | Time:00:00.17 | Mem:0.00M, Peak:0.00M | Scene, ViewLayer | Synchronizing object | East_service_fence_mesh63_6
Fra:1 Mem:278.96M (Peak 278.99M) | Time:00:00.17 | Mem:0.00M, Peak:0.00M | Scene, ViewLayer | Synchronizing object | East_service_fence_mesh63_7
Fra:1 Mem:278.96M (Peak 278.99M) | Time:00:00.17 | Mem:0.00M, Peak:0.00M | Scene, ViewLayer | Synchronizing object | East_service_fence_mesh63_8
Fra:1 Mem:278.96M (Peak 278.99M) | Time:00:00.17 | Mem:0.00M, Peak:0.00M | Scene, ViewLayer | Synchronizing object | East_service_fence_post64
Fra:1 Mem:278.96M (Peak 278.99M) | Time:00:00.17 | Mem:0.00M, Peak:0.00M | Scene, ViewLayer | Synchronizing object | East_service_fence_rail64_1.2
Fra:1 Mem:278.96M (Peak 278.99M) | Time:00:00.17 | Mem:0.00M, Peak:0.00M | Scene, ViewLayer | Synchronizing object | East_service_fence_rail64_2.2
Fra:1 Mem:278.96M (Peak 278.99M) | Time:00:00.17 | Mem:0.00M, Peak:0.00M | Scene, ViewLayer | Synchronizing object | East_service_fence_mesh64_0
Fra:1 Mem:278.97M (Peak 278.99M) | Time:00:00.17 | Mem:0.00M, Peak:0.00M | Scene, ViewLayer | Synchronizing object | East_service_fence_mesh64_1
Fra:1 Mem:278.97M (Peak 278.99M) | Time:00:00.17 | Mem:0.00M, Peak:0.00M | Scene, ViewLayer | Synchronizing object | East_service_fence_mesh64_3
Fra:1 Mem:278.97M (Peak 278.99M) | Time:00:00.17 | Mem:0.00M, Peak:0.00M | Scene, ViewLayer | Synchronizing object | East_service_fence_mesh64_4
Fra:1 Mem:278.97M (Peak 278.99M) | Time:00:00.17 | Mem:0.00M, Peak:0.00M | Scene, ViewLayer | Synchronizing object | East_service_fence_mesh64_5
Fra:1 Mem:278.97M (Peak 278.99M) | Time:00:00.17 | Mem:0.00M, Peak:0.00M | Scene, ViewLayer | Synchronizing object | East_service_fence_mesh64_6
Fra:1 Mem:278.97M (Peak 278.99M) | Time:00:00.17 | Mem:0.00M, Peak:0.00M | Scene, ViewLayer | Synchronizing object | East_service_fence_mesh64_7
Fra:1 Mem:278.97M (Peak 278.99M) | Time:00:00.17 | Mem:0.00M, Peak:0.00M | Scene, ViewLayer | Synchronizing object | East_service_fence_rail65_0.35
Fra:1 Mem:278.97M (Peak 278.99M) | Time:00:00.17 | Mem:0.00M, Peak:0.00M | Scene, ViewLayer | Synchronizing object | East_service_fence_rail65_1.2
Fra:1 Mem:278.97M (Peak 278.99M) | Time:00:00.17 | Mem:0.00M, Peak:0.00M | Scene, ViewLayer | Synchronizing object | East_service_fence_rail65_2.2
Fra:1 Mem:278.98M (Peak 278.99M) | Time:00:00.17 | Mem:0.00M, Peak:0.00M | Scene, ViewLayer | Synchronizing object | East_service_fence_mesh65_0
Fra:1 Mem:278.98M (Peak 278.99M) | Time:00:00.17 | Mem:0.00M, Peak:0.00M | Scene, ViewLayer | Synchronizing object | East_service_fence_mesh65_3
Fra:1 Mem:278.98M (Peak 278.99M) | Time:00:00.17 | Mem:0.00M, Peak:0.00M | Scene, ViewLayer | Synchronizing object | East_service_fence_mesh65_4
Fra:1 Mem:278.98M (Peak 278.99M) | Time:00:00.17 | Mem:0.00M, Peak:0.00M | Scene, ViewLayer | Synchronizing object | East_service_fence_mesh65_5
Fra:1 Mem:278.98M (Peak 278.99M) | Time:00:00.17 | Mem:0.00M, Peak:0.00M | Scene, ViewLayer | Synchronizing object | East_service_fence_mesh65_7
Fra:1 Mem:278.99M (Peak 278.99M) | Time:00:00.17 | Mem:0.00M, Peak:0.00M | Scene, ViewLayer | Synchronizing object | East_service_fence_mesh65_8
Fra:1 Mem:278.99M (Peak 278.99M) | Time:00:00.17 | Mem:0.00M, Peak:0.00M | Scene, ViewLayer | Synchronizing object | East_service_fence_post66
Fra:1 Mem:278.99M (Peak 278.99M) | Time:00:00.17 | Mem:0.00M, Peak:0.00M | Scene, ViewLayer | Synchronizing object | East_service_fence_rail66_1.2
Fra:1 Mem:278.99M (Peak 278.99M) | Time:00:00.17 | Mem:0.00M, Peak:0.00M | Scene, ViewLayer | Synchronizing object | East_service_fence_mesh66_0
Fra:1 Mem:278.99M (Peak 278.99M) | Time:00:00.17 | Mem:0.00M, Peak:0.00M | Scene, ViewLayer | Synchronizing object | East_service_fence_mesh66_1
Fra:1 Mem:278.99M (Peak 278.99M) | Time:00:00.17 | Mem:0.00M, Peak:0.00M | Scene, ViewLayer | Synchronizing object | East_service_fence_mesh66_3
Fra:1 Mem:279.00M (Peak 279.00M) | Time:00:00.17 | Mem:0.00M, Peak:0.00M | Scene, ViewLayer | Synchronizing object | East_service_fence_mesh66_4
Fra:1 Mem:279.00M (Peak 279.00M) | Time:00:00.17 | Mem:0.00M, Peak:0.00M | Scene, ViewLayer | Synchronizing object | East_service_fence_mesh66_5
Fra:1 Mem:279.00M (Peak 279.00M) | Time:00:00.17 | Mem:0.00M, Peak:0.00M | Scene, ViewLayer | Synchronizing object | East_service_fence_mesh66_6
Fra:1 Mem:279.00M (Peak 279.00M) | Time:00:00.17 | Mem:0.00M, Peak:0.00M | Scene, ViewLayer | Synchronizing object | East_service_fence_mesh66_7
Fra:1 Mem:279.00M (Peak 279.00M) | Time:00:00.17 | Mem:0.00M, Peak:0.00M | Scene, ViewLayer | Synchronizing object | East_service_fence_mesh66_8
Fra:1 Mem:279.00M (Peak 279.00M) | Time:00:00.17 | Mem:0.00M, Peak:0.00M | Scene, ViewLayer | Synchronizing object | East_service_fence_rail67_1.2
Fra:1 Mem:279.00M (Peak 279.00M) | Time:00:00.17 | Mem:0.00M, Peak:0.00M | Scene, ViewLayer | Synchronizing object | East_service_fence_rail67_2.2
Fra:1 Mem:279.00M (Peak 279.00M) | Time:00:00.17 | Mem:0.00M, Peak:0.00M | Scene, ViewLayer | Synchronizing object | East_service_fence_mesh67_0
Fra:1 Mem:279.00M (Peak 279.00M) | Time:00:00.17 | Mem:0.00M, Peak:0.00M | Scene, ViewLayer | Synchronizing object | East_service_fence_mesh67_2
Fra:1 Mem:279.01M (Peak 279.01M) | Time:00:00.17 | Mem:0.00M, Peak:0.00M | Scene, ViewLayer | Synchronizing object | East_service_fence_mesh67_3
Fra:1 Mem:279.01M (Peak 279.01M) | Time:00:00.17 | Mem:0.00M, Peak:0.00M | Scene, ViewLayer | Synchronizing object | East_service_fence_mesh67_4
Fra:1 Mem:279.01M (Peak 279.01M) | Time:00:00.17 | Mem:0.00M, Peak:0.00M | Scene, ViewLayer | Synchronizing object | East_service_fence_mesh67_6
Fra:1 Mem:279.01M (Peak 279.01M) | Time:00:00.17 | Mem:0.00M, Peak:0.00M | Scene, ViewLayer | Synchronizing object | East_service_fence_mesh67_8
Fra:1 Mem:279.02M (Peak 279.02M) | Time:00:00.17 | Mem:0.00M, Peak:0.00M | Scene, ViewLayer | Synchronizing object | East_service_fence_post68
Fra:1 Mem:279.02M (Peak 279.02M) | Time:00:00.17 | Mem:0.00M, Peak:0.00M | Scene, ViewLayer | Synchronizing object | East_service_fence_rail68_0.35
Fra:1 Mem:279.02M (Peak 279.02M) | Time:00:00.17 | Mem:0.00M, Peak:0.00M | Scene, ViewLayer | Synchronizing object | East_service_fence_rail68_1.2
Fra:1 Mem:279.02M (Peak 279.02M) | Time:00:00.17 | Mem:0.00M, Peak:0.00M | Scene, ViewLayer | Synchronizing object | East_service_fence_rail68_2.2
Fra:1 Mem:279.02M (Peak 279.02M) | Time:00:00.17 | Mem:0.00M, Peak:0.00M | Scene, ViewLayer | Synchronizing object | East_service_fence_mesh68_0
Fra:1 Mem:279.02M (Peak 279.02M) | Time:00:00.17 | Mem:0.00M, Peak:0.00M | Scene, ViewLayer | Synchronizing object | East_service_fence_mesh68_2
Fra:1 Mem:279.03M (Peak 279.03M) | Time:00:00.17 | Mem:0.00M, Peak:0.00M | Scene, ViewLayer | Synchronizing object | East_service_fence_mesh68_3
Fra:1 Mem:279.03M (Peak 279.03M) | Time:00:00.17 | Mem:0.00M, Peak:0.00M | Scene, ViewLayer | Synchronizing object | East_service_fence_mesh68_4
Fra:1 Mem:279.03M (Peak 279.03M) | Time:00:00.17 | Mem:0.00M, Peak:0.00M | Scene, ViewLayer | Synchronizing object | East_service_fence_mesh68_5
Fra:1 Mem:279.03M (Peak 279.03M) | Time:00:00.17 | Mem:0.00M, Peak:0.00M | Scene, ViewLayer | Synchronizing object | East_service_fence_mesh68_8
Fra:1 Mem:279.03M (Peak 279.03M) | Time:00:00.17 | Mem:0.00M, Peak:0.00M | Scene, ViewLayer | Synchronizing object | East_service_fence_post69
Fra:1 Mem:279.03M (Peak 279.03M) | Time:00:00.17 | Mem:0.00M, Peak:0.00M | Scene, ViewLayer | Synchronizing object | East_service_fence_rail69_0.35
Fra:1 Mem:279.04M (Peak 279.04M) | Time:00:00.17 | Mem:0.00M, Peak:0.00M | Scene, ViewLayer | Synchronizing object | East_service_fence_rail69_1.2
Fra:1 Mem:279.04M (Peak 279.04M) | Time:00:00.17 | Mem:0.00M, Peak:0.00M | Scene, ViewLayer | Synchronizing object | East_service_fence_rail69_2.2
Fra:1 Mem:279.04M (Peak 279.04M) | Time:00:00.17 | Mem:0.00M, Peak:0.00M | Scene, ViewLayer | Synchronizing object | East_service_fence_mesh69_1
Fra:1 Mem:279.04M (Peak 279.04M) | Time:00:00.17 | Mem:0.00M, Peak:0.00M | Scene, ViewLayer | Synchronizing object | East_service_fence_mesh69_4
Fra:1 Mem:279.04M (Peak 279.04M) | Time:00:00.17 | Mem:0.00M, Peak:0.00M | Scene, ViewLayer | Synchronizing object | East_service_fence_mesh69_6
Fra:1 Mem:279.05M (Peak 279.05M) | Time:00:00.17 | Mem:0.00M, Peak:0.00M | Scene, ViewLayer | Synchronizing object | East_service_fence_mesh69_7
Fra:1 Mem:279.05M (Peak 279.05M) | Time:00:00.17 | Mem:0.00M, Peak:0.00M | Scene, ViewLayer | Synchronizing object | East_service_fence_mesh69_8
Fra:1 Mem:279.05M (Peak 279.05M) | Time:00:00.17 | Mem:0.00M, Peak:0.00M | Scene, ViewLayer | Synchronizing object | East_service_fence_rail70_0.35
Fra:1 Mem:279.05M (Peak 279.05M) | Time:00:00.17 | Mem:0.00M, Peak:0.00M | Scene, ViewLayer | Synchronizing object | East_service_fence_rail70_1.2
Fra:1 Mem:279.05M (Peak 279.05M) | Time:00:00.17 | Mem:0.00M, Peak:0.00M | Scene, ViewLayer | Synchronizing object | East_service_fence_rail70_2.2
Fra:1 Mem:279.05M (Peak 279.05M) | Time:00:00.17 | Mem:0.00M, Peak:0.00M | Scene, ViewLayer | Synchronizing object | East_service_fence_mesh70_0
Fra:1 Mem:279.06M (Peak 279.06M) | Time:00:00.17 | Mem:0.00M, Peak:0.00M | Scene, ViewLayer | Synchronizing object | East_service_fence_mesh70_2
Fra:1 Mem:279.06M (Peak 279.06M) | Time:00:00.17 | Mem:0.00M, Peak:0.00M | Scene, ViewLayer | Synchronizing object | East_service_fence_mesh70_3
Fra:1 Mem:279.06M (Peak 279.06M) | Time:00:00.17 | Mem:0.00M, Peak:0.00M | Scene, ViewLayer | Synchronizing object | East_service_fence_mesh70_5
Fra:1 Mem:279.06M (Peak 279.06M) | Time:00:00.17 | Mem:0.00M, Peak:0.00M | Scene, ViewLayer | Synchronizing object | East_service_fence_mesh70_6
Fra:1 Mem:279.06M (Peak 279.06M) | Time:00:00.17 | Mem:0.00M, Peak:0.00M | Scene, ViewLayer | Synchronizing object | East_service_fence_post71
Fra:1 Mem:279.07M (Peak 279.07M) | Time:00:00.17 | Mem:0.00M, Peak:0.00M | Scene, ViewLayer | Synchronizing object | East_service_fence_rail71_0.35
Fra:1 Mem:279.12M (Peak 279.12M) | Time:00:00.17 | Mem:0.00M, Peak:0.00M | Scene, ViewLayer | Synchronizing object | East_service_fence_rail71_1.2
Fra:1 Mem:279.15M (Peak 279.15M) | Time:00:00.17 | Mem:0.00M, Peak:0.00M | Scene, ViewLayer | Synchronizing object | East_service_fence_mesh71_1
Fra:1 Mem:279.19M (Peak 279.19M) | Time:00:00.17 | Mem:0.00M, Peak:0.00M | Scene, ViewLayer | Synchronizing object | East_service_fence_mesh71_2
Fra:1 Mem:279.26M (Peak 279.26M) | Time:00:00.17 | Mem:0.00M, Peak:0.00M | Scene, ViewLayer | Synchronizing object | East_service_fence_mesh71_4
Fra:1 Mem:279.22M (Peak 279.26M) | Time:00:00.17 | Mem:0.00M, Peak:0.00M | Scene, ViewLayer | Synchronizing object | Circuit_palm_23_folded_fronds
Fra:1 Mem:279.23M (Peak 279.26M) | Time:00:00.17 | Mem:0.00M, Peak:0.00M | Scene, ViewLayer | Synchronizing object | East_service_fence_mesh71_6
Fra:1 Mem:279.23M (Peak 279.26M) | Time:00:00.17 | Mem:0.00M, Peak:0.00M | Scene, ViewLayer | Synchronizing object | East_service_fence_mesh71_7
Fra:1 Mem:279.23M (Peak 279.26M) | Time:00:00.17 | Mem:0.00M, Peak:0.00M | Scene, ViewLayer | Synchronizing object | East_service_fence_mesh71_8
Fra:1 Mem:279.23M (Peak 279.26M) | Time:00:00.17 | Mem:0.00M, Peak:0.00M | Scene, ViewLayer | Synchronizing object | East_service_fence_rail72_0.35
Fra:1 Mem:279.23M (Peak 279.26M) | Time:00:00.17 | Mem:0.00M, Peak:0.00M | Scene, ViewLayer | Synchronizing object | East_service_fence_rail72_1.2
Fra:1 Mem:279.23M (Peak 279.26M) | Time:00:00.17 | Mem:0.00M, Peak:0.00M | Scene, ViewLayer | Synchronizing object | East_service_fence_mesh72_1
Fra:1 Mem:279.24M (Peak 279.26M) | Time:00:00.17 | Mem:0.00M, Peak:0.00M | Scene, ViewLayer | Synchronizing object | East_service_fence_mesh72_2
Fra:1 Mem:279.24M (Peak 279.26M) | Time:00:00.17 | Mem:0.00M, Peak:0.00M | Scene, ViewLayer | Synchronizing object | East_service_fence_mesh72_4
Fra:1 Mem:279.24M (Peak 279.26M) | Time:00:00.17 | Mem:0.00M, Peak:0.00M | Scene, ViewLayer | Synchronizing object | East_service_fence_mesh72_5
Fra:1 Mem:279.24M (Peak 279.26M) | Time:00:00.17 | Mem:0.00M, Peak:0.00M | Scene, ViewLayer | Synchronizing object | East_service_fence_mesh72_6
Fra:1 Mem:279.24M (Peak 279.26M) | Time:00:00.17 | Mem:0.00M, Peak:0.00M | Scene, ViewLayer | Synchronizing object | East_service_fence_mesh72_7
Fra:1 Mem:279.24M (Peak 279.26M) | Time:00:00.17 | Mem:0.00M, Peak:0.00M | Scene, ViewLayer | Synchronizing object | East_service_fence_mesh72_8
Fra:1 Mem:279.24M (Peak 279.26M) | Time:00:00.17 | Mem:0.00M, Peak:0.00M | Scene, ViewLayer | Synchronizing object | East_service_fence_post73
Fra:1 Mem:279.24M (Peak 279.26M) | Time:00:00.17 | Mem:0.00M, Peak:0.00M | Scene, ViewLayer | Synchronizing object | East_service_fence_mesh73_0
Fra:1 Mem:279.33M (Peak 279.33M) | Time:00:00.17 | Mem:0.00M, Peak:0.00M | Scene, ViewLayer | Synchronizing object | East_service_fence_mesh73_1
Fra:1 Mem:279.39M (Peak 279.39M) | Time:00:00.17 | Mem:0.00M, Peak:0.00M | Scene, ViewLayer | Synchronizing object | East_service_fence_mesh73_4
Fra:1 Mem:279.42M (Peak 279.42M) | Time:00:00.17 | Mem:0.00M, Peak:0.00M | Scene, ViewLayer | Synchronizing object | East_service_fence_mesh73_5
Fra:1 Mem:279.39M (Peak 279.42M) | Time:00:00.17 | Mem:0.00M, Peak:0.00M | Scene, ViewLayer | Synchronizing object | Circuit_palm_22_folded_fronds
Fra:1 Mem:279.39M (Peak 279.42M) | Time:00:00.17 | Mem:0.00M, Peak:0.00M | Scene, ViewLayer | Synchronizing object | East_service_fence_post74
Fra:1 Mem:279.52M (Peak 279.52M) | Time:00:00.17 | Mem:0.00M, Peak:0.00M | Scene, ViewLayer | Synchronizing object | East_service_fence_rail74_1.2
Fra:1 Mem:279.52M (Peak 279.52M) | Time:00:00.17 | Mem:0.00M, Peak:0.00M | Scene, ViewLayer | Synchronizing object | East_service_fence_rail74_2.2
Fra:1 Mem:279.57M (Peak 279.57M) | Time:00:00.17 | Mem:0.00M, Peak:0.00M | Scene, ViewLayer | Synchronizing object | Circuit_palm_21_folded_fronds
Fra:1 Mem:279.57M (Peak 279.57M) | Time:00:00.17 | Mem:0.00M, Peak:0.00M | Scene, ViewLayer | Synchronizing object | East_service_fence_mesh74_3
Fra:1 Mem:279.62M (Peak 279.62M) | Time:00:00.17 | Mem:0.00M, Peak:0.00M | Scene, ViewLayer | Synchronizing object | East_service_fence_mesh74_4
Fra:1 Mem:279.69M (Peak 279.69M) | Time:00:00.17 | Mem:0.00M, Peak:0.00M | Scene, ViewLayer | Synchronizing object | East_service_fence_mesh74_5
Fra:1 Mem:279.69M (Peak 279.69M) | Time:00:00.17 | Mem:0.00M, Peak:0.00M | Scene, ViewLayer | Synchronizing object | East_service_fence_mesh74_7
Fra:1 Mem:279.76M (Peak 279.72M) | Time:00:00.17 | Mem:0.00M, Peak:0.00M | Scene, ViewLayer | Synchronizing object | East_service_fence_mesh74_8
Fra:1 Mem:279.73M (Peak 279.73M) | Time:00:00.17 | Mem:0.00M, Peak:0.00M | Scene, ViewLayer | Synchronizing object | Circuit_palm_20_folded_fronds
Fra:1 Mem:279.73M (Peak 279.73M) | Time:00:00.17 | Mem:0.00M, Peak:0.00M | Scene, ViewLayer | Synchronizing object | East_service_fence_rail75_1.2
Fra:1 Mem:279.81M (Peak 279.81M) | Time:00:00.17 | Mem:0.00M, Peak:0.00M | Scene, ViewLayer | Synchronizing object | East_service_fence_rail75_2.2
Fra:1 Mem:279.83M (Peak 279.83M) | Time:00:00.17 | Mem:0.00M, Peak:0.00M | Scene, ViewLayer | Synchronizing object | East_service_fence_mesh75_0
Fra:1 Mem:279.87M (Peak 279.87M) | Time:00:00.17 | Mem:0.00M, Peak:0.00M | Scene, ViewLayer | Synchronizing object | East_service_fence_mesh75_1
Fra:1 Mem:279.87M (Peak 279.87M) | Time:00:00.17 | Mem:0.00M, Peak:0.00M | Scene, ViewLayer | Synchronizing object | East_service_fence_mesh75_2
Fra:1 Mem:279.87M (Peak 279.87M) | Time:00:00.17 | Mem:0.00M, Peak:0.00M | Scene, ViewLayer | Synchronizing object | Circuit_palm_1_folded_fronds
Fra:1 Mem:279.87M (Peak 279.87M) | Time:00:00.17 | Mem:0.00M, Peak:0.00M | Scene, ViewLayer | Synchronizing object | East_service_fence_mesh75_5
Fra:1 Mem:279.87M (Peak 279.87M) | Time:00:00.17 | Mem:0.00M, Peak:0.00M | Scene, ViewLayer | Synchronizing object | East_service_fence_mesh75_6
Fra:1 Mem:279.88M (Peak 279.88M) | Time:00:00.17 | Mem:0.00M, Peak:0.00M | Scene, ViewLayer | Synchronizing object | East_service_fence_mesh75_7
Fra:1 Mem:279.88M (Peak 279.88M) | Time:00:00.17 | Mem:0.00M, Peak:0.00M | Scene, ViewLayer | Synchronizing object | East_service_fence_mesh75_8
Fra:1 Mem:279.88M (Peak 279.88M) | Time:00:00.17 | Mem:0.00M, Peak:0.00M | Scene, ViewLayer | Synchronizing object | East_service_fence_rail76_0.35
Fra:1 Mem:279.88M (Peak 279.88M) | Time:00:00.17 | Mem:0.00M, Peak:0.00M | Scene, ViewLayer | Synchronizing object | East_service_fence_rail76_1.2
Fra:1 Mem:279.88M (Peak 279.88M) | Time:00:00.17 | Mem:0.00M, Peak:0.00M | Scene, ViewLayer | Synchronizing object | East_service_fence_rail76_2.2
Fra:1 Mem:279.88M (Peak 279.88M) | Time:00:00.17 | Mem:0.00M, Peak:0.00M | Scene, ViewLayer | Synchronizing object | East_service_fence_mesh76_0
Fra:1 Mem:279.89M (Peak 279.89M) | Time:00:00.17 | Mem:0.00M, Peak:0.00M | Scene, ViewLayer | Synchronizing object | East_service_fence_mesh76_1
Fra:1 Mem:279.89M (Peak 279.89M) | Time:00:00.17 | Mem:0.00M, Peak:0.00M | Scene, ViewLayer | Synchronizing object | East_service_fence_mesh76_3
Fra:1 Mem:279.89M (Peak 279.89M) | Time:00:00.17 | Mem:0.00M, Peak:0.00M | Scene, ViewLayer | Synchronizing object | East_service_fence_mesh76_4
Fra:1 Mem:279.89M (Peak 279.89M) | Time:00:00.17 | Mem:0.00M, Peak:0.00M | Scene, ViewLayer | Synchronizing object | East_service_fence_mesh76_6
Fra:1 Mem:279.90M (Peak 279.90M) | Time:00:00.17 | Mem:0.00M, Peak:0.00M | Scene, ViewLayer | Synchronizing object | East_service_fence_mesh76_7
Fra:1 Mem:279.90M (Peak 279.90M) | Time:00:00.17 | Mem:0.00M, Peak:0.00M | Scene, ViewLayer | Synchronizing object | East_service_fence_mesh76_8
Fra:1 Mem:279.90M (Peak 279.90M) | Time:00:00.17 | Mem:0.00M, Peak:0.00M | Scene, ViewLayer | Synchronizing object | East_service_fence_post77
Fra:1 Mem:279.90M (Peak 279.90M) | Time:00:00.17 | Mem:0.00M, Peak:0.00M | Scene, ViewLayer | Synchronizing object | East_service_fence_rail77_2.2
Fra:1 Mem:279.90M (Peak 279.90M) | Time:00:00.17 | Mem:0.00M, Peak:0.00M | Scene, ViewLayer | Synchronizing object | East_service_fence_mesh77_1
Fra:1 Mem:279.90M (Peak 279.90M) | Time:00:00.17 | Mem:0.00M, Peak:0.00M | Scene, ViewLayer | Synchronizing object | East_service_fence_mesh77_2
Fra:1 Mem:279.90M (Peak 279.90M) | Time:00:00.17 | Mem:0.00M, Peak:0.00M | Scene, ViewLayer | Synchronizing object | East_service_fence_mesh77_3
Fra:1 Mem:279.91M (Peak 279.91M) | Time:00:00.17 | Mem:0.00M, Peak:0.00M | Scene, ViewLayer | Synchronizing object | East_service_fence_mesh77_5
Fra:1 Mem:279.91M (Peak 279.91M) | Time:00:00.17 | Mem:0.00M, Peak:0.00M | Scene, ViewLayer | Synchronizing object | East_service_fence_mesh77_7
Fra:1 Mem:279.91M (Peak 279.91M) | Time:00:00.17 | Mem:0.00M, Peak:0.00M | Scene, ViewLayer | Synchronizing object | East_service_fence_mesh77_8
Fra:1 Mem:279.91M (Peak 279.91M) | Time:00:00.17 | Mem:0.00M, Peak:0.00M | Scene, ViewLayer | Synchronizing object | Start_identity_panel
Fra:1 Mem:279.91M (Peak 279.91M) | Time:00:00.17 | Mem:0.00M, Peak:0.00M | Scene, ViewLayer | Synchronizing object | Brake_sign_post_0
Fra:1 Mem:279.91M (Peak 279.91M) | Time:00:00.17 | Mem:0.00M, Peak:0.00M | Scene, ViewLayer | Synchronizing object | Brake_sign_text_0
Fra:1 Mem:279.91M (Peak 279.91M) | Time:00:00.17 | Mem:0.00M, Peak:0.00M | Scene, ViewLayer | Synchronizing object | Brake_sign_panel_1
Fra:1 Mem:279.91M (Peak 279.91M) | Time:00:00.17 | Mem:0.00M, Peak:0.00M | Scene, ViewLayer | Synchronizing object | Brake_sign_post_1
Fra:1 Mem:279.97M (Peak 279.97M) | Time:00:00.17 | Mem:0.00M, Peak:0.00M | Scene, ViewLayer | Synchronizing object | Brake_sign_text_1
Fra:1 Mem:280.01M (Peak 280.01M) | Time:00:00.17 | Mem:0.00M, Peak:0.00M | Scene, ViewLayer | Synchronizing object | Brake_sign_panel_2
Fra:1 Mem:280.09M (Peak 280.09M) | Time:00:00.17 | Mem:0.00M, Peak:0.00M | Scene, ViewLayer | Synchronizing object | Brake_sign_post_2
Fra:1 Mem:280.11M (Peak 280.11M) | Time:00:00.17 | Mem:0.00M, Peak:0.00M | Scene, ViewLayer | Synchronizing object | Brake_sign_text_2
Fra:1 Mem:280.18M (Peak 280.18M) | Time:00:00.17 | Mem:0.00M, Peak:0.00M | Scene, ViewLayer | Synchronizing object | Start_identity_text
Fra:1 Mem:280.21M (Peak 280.21M) | Time:00:00.17 | Mem:0.00M, Peak:0.00M | Scene, ViewLayer | Synchronizing object | Circuit_palm_19_folded_fronds
Fra:1 Mem:280.21M (Peak 280.21M) | Time:00:00.17 | Mem:0.00M, Peak:0.00M | Scene, ViewLayer | Synchronizing object | Gate_marker_0_1
Fra:1 Mem:280.21M (Peak 280.21M) | Time:00:00.17 | Mem:0.00M, Peak:0.00M | Scene, ViewLayer | Synchronizing object | Road_direction_arrow_1
Fra:1 Mem:280.21M (Peak 280.21M) | Time:00:00.17 | Mem:0.00M, Peak:0.00M | Scene, ViewLayer | Synchronizing object | Gate_marker_1_1
Fra:1 Mem:280.21M (Peak 280.21M) | Time:00:00.17 | Mem:0.00M, Peak:0.00M | Scene, ViewLayer | Synchronizing object | Gate_marker_2_1
Fra:1 Mem:280.21M (Peak 280.21M) | Time:00:00.17 | Mem:0.00M, Peak:0.00M | Scene, ViewLayer | Synchronizing object | Road_direction_arrow_3
Fra:1 Mem:280.22M (Peak 280.22M) | Time:00:00.17 | Mem:0.00M, Peak:0.00M | Scene, ViewLayer | Synchronizing object | Gate_marker_3_1
Fra:1 Mem:280.22M (Peak 280.22M) | Time:00:00.17 | Mem:0.00M, Peak:0.00M | Scene, ViewLayer | Synchronizing object | Road_direction_arrow_4
Fra:1 Mem:280.22M (Peak 280.22M) | Time:00:00.17 | Mem:0.00M, Peak:0.00M | Scene, ViewLayer | Synchronizing object | Gate_marker_4_-1
Fra:1 Mem:280.22M (Peak 280.22M) | Time:00:00.17 | Mem:0.00M, Peak:0.00M | Scene, ViewLayer | Synchronizing object | Gate_marker_4_1
Fra:1 Mem:280.22M (Peak 280.22M) | Time:00:00.17 | Mem:0.00M, Peak:0.00M | Scene, ViewLayer | Synchronizing object | Road_direction_arrow_5
Fra:1 Mem:280.22M (Peak 280.22M) | Time:00:00.17 | Mem:0.00M, Peak:0.00M | Scene, ViewLayer | Synchronizing object | Gate_marker_5_-1
Fra:1 Mem:280.22M (Peak 280.22M) | Time:00:00.17 | Mem:0.00M, Peak:0.00M | Scene, ViewLayer | Synchronizing object | Gate_marker_5_1
Fra:1 Mem:280.23M (Peak 280.23M) | Time:00:00.17 | Mem:0.00M, Peak:0.00M | Scene, ViewLayer | Synchronizing object | Road_direction_arrow_6
Fra:1 Mem:280.32M (Peak 280.32M) | Time:00:00.17 | Mem:0.00M, Peak:0.00M | Scene, ViewLayer | Synchronizing object | Gate_marker_6_-1
Fra:1 Mem:280.37M (Peak 280.37M) | Time:00:00.17 | Mem:0.00M, Peak:0.00M | Scene, ViewLayer | Synchronizing object | Road_direction_arrow_7
Fra:1 Mem:280.51M (Peak 280.51M) | Time:00:00.17 | Mem:0.00M, Peak:0.00M | Scene, ViewLayer | Synchronizing object | Gate_marker_7_-1
Fra:1 Mem:280.54M (Peak 280.54M) | Time:00:00.17 | Mem:0.00M, Peak:0.00M | Scene, ViewLayer | Synchronizing object | Gate_marker_7_1
Fra:1 Mem:280.65M (Peak 280.65M) | Time:00:00.17 | Mem:0.00M, Peak:0.00M | Scene, ViewLayer | Synchronizing object | Road_direction_arrow_8
Fra:1 Mem:280.70M (Peak 280.70M) | Time:00:00.17 | Mem:0.00M, Peak:0.00M | Scene, ViewLayer | Synchronizing object | Circuit_palm_18_folded_fronds
Fra:1 Mem:280.72M (Peak 280.72M) | Time:00:00.17 | Mem:0.00M, Peak:0.00M | Scene, ViewLayer | Synchronizing object | Road_direction_arrow_9
Fra:1 Mem:280.70M (Peak 280.72M) | Time:00:00.17 | Mem:0.00M, Peak:0.00M | Scene, ViewLayer | Synchronizing object | Gate_marker_9_1
Fra:1 Mem:280.73M (Peak 280.73M) | Time:00:00.17 | Mem:0.00M, Peak:0.00M | Scene, ViewLayer | Synchronizing object | Road_direction_arrow_10
Fra:1 Mem:280.76M (Peak 280.76M) | Time:00:00.17 | Mem:0.00M, Peak:0.00M | Scene, ViewLayer | Synchronizing object | Gate_marker_10_-1
Fra:1 Mem:280.76M (Peak 280.76M) | Time:00:00.17 | Mem:0.00M, Peak:0.00M | Scene, ViewLayer | Synchronizing object | Gate_marker_10_1
Fra:1 Mem:280.79M (Peak 280.79M) | Time:00:00.17 | Mem:0.00M, Peak:0.00M | Scene, ViewLayer | Synchronizing object | Circuit_palm_17_folded_fronds
Fra:1 Mem:280.85M (Peak 280.85M) | Time:00:00.17 | Mem:0.00M, Peak:0.00M | Scene, ViewLayer | Synchronizing object | Gate_marker_11_-1
Fra:1 Mem:280.85M (Peak 280.85M) | Time:00:00.17 | Mem:0.00M, Peak:0.00M | Scene, ViewLayer | Synchronizing object | Road_direction_arrow_12
Fra:1 Mem:280.89M (Peak 280.89M) | Time:00:00.17 | Mem:0.00M, Peak:0.00M | Scene, ViewLayer | Synchronizing object | Gate_marker_12_-1
Fra:1 Mem:280.96M (Peak 280.96M) | Time:00:00.17 | Mem:0.00M, Peak:0.00M | Scene, ViewLayer | Synchronizing object | Gate_marker_12_1
Fra:1 Mem:280.96M (Peak 280.96M) | Time:00:00.17 | Mem:0.00M, Peak:0.00M | Scene, ViewLayer | Synchronizing object | Circuit_palm_16_folded_fronds
Fra:1 Mem:280.96M (Peak 280.96M) | Time:00:00.17 | Mem:0.00M, Peak:0.00M | Scene, ViewLayer | Synchronizing object | Gate_marker_13_-1
Fra:1 Mem:281.02M (Peak 281.02M) | Time:00:00.17 | Mem:0.00M, Peak:0.00M | Scene, ViewLayer | Synchronizing object | Gate_marker_13_1
Fra:1 Mem:281.08M (Peak 281.08M) | Time:00:00.17 | Mem:0.00M, Peak:0.00M | Scene, ViewLayer | Synchronizing object | Gate_marker_14_-1
Fra:1 Mem:281.08M (Peak 281.08M) | Time:00:00.17 | Mem:0.00M, Peak:0.00M | Scene, ViewLayer | Synchronizing object | Gate_marker_14_1
Fra:1 Mem:281.15M (Peak 281.15M) | Time:00:00.17 | Mem:0.00M, Peak:0.00M | Scene, ViewLayer | Synchronizing object | Road_direction_arrow_15
Fra:1 Mem:281.12M (Peak 281.15M) | Time:00:00.17 | Mem:0.00M, Peak:0.00M | Scene, ViewLayer | Synchronizing object | Circuit_palm_15_folded_fronds
Fra:1 Mem:281.12M (Peak 281.15M) | Time:00:00.17 | Mem:0.00M, Peak:0.00M | Scene, ViewLayer | Synchronizing object | Gate_marker_15_-1
Fra:1 Mem:281.17M (Peak 281.17M) | Time:00:00.17 | Mem:0.00M, Peak:0.00M | Scene, ViewLayer | Synchronizing object | Gate_marker_15_1
Fra:1 Mem:281.23M (Peak 281.23M) | Time:00:00.17 | Mem:0.00M, Peak:0.00M | Scene, ViewLayer | Synchronizing object | Circuit_palm_0_folded_fronds
Fra:1 Mem:281.22M (Peak 281.23M) | Time:00:00.17 | Mem:0.00M, Peak:0.00M | Scene, ViewLayer | Synchronizing object | Circuit_palm_10_folded_fronds
Fra:1 Mem:281.31M (Peak 281.31M) | Time:00:00.17 | Mem:0.00M, Peak:0.00M | Scene, ViewLayer | Synchronizing object | Circuit_palm_11_folded_fronds
Fra:1 Mem:281.40M (Peak 281.40M) | Time:00:00.17 | Mem:0.00M, Peak:0.00M | Scene, ViewLayer | Synchronizing object | Circuit_palm_12_folded_fronds
Fra:1 Mem:281.47M (Peak 281.47M) | Time:00:00.17 | Mem:0.00M, Peak:0.00M | Scene, ViewLayer | Synchronizing object | Circuit_palm_13_folded_fronds
Fra:1 Mem:282.26M (Peak 282.26M) | Time:00:00.17 | Mem:0.00M, Peak:0.00M | Scene, ViewLayer | Initializing
Fra:1 Mem:269.18M (Peak 282.26M) | Time:00:00.18 | Mem:0.00M, Peak:0.00M | Scene, ViewLayer | Updating Images | Loading Harbor_harbor_orm
Fra:1 Mem:269.18M (Peak 282.26M) | Time:00:00.18 | Mem:0.00M, Peak:0.00M | Scene, ViewLayer | Updating Images | Loading asphalt_orm
Fra:1 Mem:269.18M (Peak 282.26M) | Time:00:00.18 | Mem:0.00M, Peak:0.00M | Scene, ViewLayer | Updating Images | Loading Harbor_harbor_normal
Fra:1 Mem:213.30M (Peak 325.24M) | Time:00:00.22 | Mem:36.00M, Peak:36.00M | Scene, ViewLayer | Waiting for render to start
Fra:1 Mem:213.30M (Peak 325.24M) | Time:00:00.22 | Mem:36.00M, Peak:36.00M | Scene, ViewLayer | Updating Scene
Fra:1 Mem:213.30M (Peak 325.24M) | Time:00:00.22 | Mem:36.00M, Peak:36.00M | Scene, ViewLayer | Updating Shaders
Fra:1 Mem:213.39M (Peak 325.24M) | Time:00:00.22 | Mem:36.00M, Peak:36.00M | Scene, ViewLayer | Loading render kernels (may take a few minutes the first time)
Fra:1 Mem:213.39M (Peak 325.24M) | Time:00:00.22 | Mem:36.01M, Peak:36.01M | Scene, ViewLayer | Updating Procedurals
Fra:1 Mem:213.39M (Peak 325.24M) | Time:00:00.22 | Mem:36.01M, Peak:36.01M | Scene, ViewLayer | Updating Background
Fra:1 Mem:213.39M (Peak 325.24M) | Time:00:00.22 | Mem:36.01M, Peak:36.01M | Scene, ViewLayer | Updating Camera
Fra:1 Mem:213.39M (Peak 325.24M) | Time:00:00.22 | Mem:36.01M, Peak:36.01M | Scene, ViewLayer | Updating Meshes Flags
Fra:1 Mem:213.39M (Peak 325.24M) | Time:00:00.22 | Mem:36.01M, Peak:36.01M | Scene, ViewLayer | Updating Objects
Fra:1 Mem:213.39M (Peak 325.24M) | Time:00:00.22 | Mem:36.01M, Peak:36.01M | Scene, ViewLayer | Updating Objects | Copying Transformations to device
Fra:1 Mem:214.14M (Peak 325.24M) | Time:00:00.22 | Mem:36.73M, Peak:36.73M | Scene, ViewLayer | Updating Particle Systems
Fra:1 Mem:214.14M (Peak 325.24M) | Time:00:00.22 | Mem:36.73M, Peak:36.73M | Scene, ViewLayer | Updating Particle Systems | Copying Particles to device
Fra:1 Mem:214.14M (Peak 325.24M) | Time:00:00.22 | Mem:36.73M, Peak:36.73M | Scene, ViewLayer | Updating Meshes
Fra:1 Mem:223.57M (Peak 325.24M) | Time:00:00.28 | Mem:36.73M, Peak:36.73M | Scene, ViewLayer | Updating Objects | Applying Static Transformations
Fra:1 Mem:223.57M (Peak 325.24M) | Time:00:00.28 | Mem:36.73M, Peak:36.73M | Scene, ViewLayer | Updating Mesh | Computing attributes
Fra:1 Mem:238.78M (Peak 325.24M) | Time:00:00.28 | Mem:37.21M, Peak:37.21M | Scene, ViewLayer | Updating Mesh | Copying Attributes to device
Fra:1 Mem:238.14M (Peak 325.24M) | Time:00:00.28 | Mem:51.30M, Peak:51.30M | Scene, ViewLayer | Updating Scene BVH | Building
Fra:1 Mem:238.19M (Peak 325.24M) | Time:00:00.28 | Mem:51.30M, Peak:51.30M | Scene, ViewLayer | Updating Scene BVH | Building BVH
Fra:1 Mem:238.19M (Peak 325.24M) | Time:00:00.28 | Mem:57.17M, Peak:57.17M | Scene, ViewLayer | Updating Scene BVH | Building BVH 0%
Fra:1 Mem:238.19M (Peak 325.24M) | Time:00:00.29 | Mem:64.17M, Peak:70.05M | Scene, ViewLayer | Updating Scene BVH | Copying BVH to device
Fra:1 Mem:238.19M (Peak 325.24M) | Time:00:00.29 | Mem:64.17M, Peak:70.05M | Scene, ViewLayer | Updating Mesh | Computing normals
Fra:1 Mem:245.54M (Peak 325.24M) | Time:00:00.29 | Mem:64.17M, Peak:70.05M | Scene, ViewLayer | Updating Mesh | Copying Mesh to device
Fra:1 Mem:245.54M (Peak 325.24M) | Time:00:00.29 | Mem:71.52M, Peak:71.52M | Scene, ViewLayer | Updating Objects Flags
Fra:1 Mem:245.54M (Peak 325.24M) | Time:00:00.29 | Mem:71.55M, Peak:71.55M | Scene, ViewLayer | Updating Primitive Offsets
Fra:1 Mem:245.55M (Peak 325.24M) | Time:00:00.29 | Mem:71.56M, Peak:71.56M | Scene, ViewLayer | Updating Images
Fra:1 Mem:245.55M (Peak 325.24M) | Time:00:00.29 | Mem:71.56M, Peak:71.56M | Scene, ViewLayer | Updating Camera Volume
Fra:1 Mem:245.55M (Peak 325.24M) | Time:00:00.29 | Mem:71.56M, Peak:71.56M | Scene, ViewLayer | Updating Lookup Tables
Fra:1 Mem:245.55M (Peak 325.24M) | Time:00:00.29 | Mem:71.64M, Peak:71.64M | Scene, ViewLayer | Updating Lights
Fra:1 Mem:245.55M (Peak 325.24M) | Time:00:00.29 | Mem:71.64M, Peak:71.64M | Scene, ViewLayer | Updating Lights | Computing tree
Fra:1 Mem:245.65M (Peak 325.24M) | Time:00:00.30 | Mem:71.74M, Peak:71.74M | Scene, ViewLayer | Updating Integrator
Fra:1 Mem:245.65M (Peak 325.24M) | Time:00:00.30 | Mem:71.74M, Peak:71.74M | Scene, ViewLayer | Updating Film
Fra:1 Mem:245.65M (Peak 325.24M) | Time:00:00.30 | Mem:71.66M, Peak:71.74M | Scene, ViewLayer | Updating Lookup Tables
Fra:1 Mem:245.65M (Peak 325.24M) | Time:00:00.30 | Mem:71.75M, Peak:71.75M | Scene, ViewLayer | Updating Baking
Fra:1 Mem:245.65M (Peak 325.24M) | Time:00:00.30 | Mem:71.75M, Peak:71.75M | Scene, ViewLayer | Updating Device | Writing constant memory
Fra:1 Mem:245.70M (Peak 325.24M) | Time:00:00.30 | Mem:71.75M, Peak:71.75M | Scene, ViewLayer | Loading denoising kernels (may take a few minutes the first time)
Fra:1 Mem:245.70M (Peak 325.24M) | Time:00:00.30 | Mem:71.75M, Peak:71.75M | Scene, ViewLayer | Sample 0/12
Fra:1 Mem:305.78M (Peak 325.24M) | Time:00:00.39 | Remaining:00:01.00 | Mem:131.55M, Peak:131.55M | Scene, ViewLayer | Sample 1/12
Fra:1 Mem:330.96M (Peak 368.72M) | Time:00:02.74 | Mem:131.55M, Peak:131.55M | Scene, ViewLayer | Sample 12/12
Fra:1 Mem:330.96M (Peak 368.72M) | Time:00:02.74 | Mem:131.55M, Peak:131.55M | Scene, ViewLayer | Finished
Saved: 'C:\Users\SM - Dan\Documents\GitHub\slingmods-three-wheel-tour-rebuild\director-kit\production\evidence\P04A2\artist-waterfront.png'
Time: 00:02.80 (Saving: 00:00.05)


Blender quit
